file,gps_week,gps_tow_s,time_status,sol_status,pos_type,tracked,used,horizontal_sigma_m,vertical_sigma_m,diff_age_s,station_id
gnss_raw.txt,2437,379926.400,FINESTEERING,SOL_COMPUTED,NARROW_FLOAT,24,23,10.9827,19.6326,1.4,1314
gnss_raw.txt,2437,379926.500,FINESTEERING,SOL_COMPUTED,NARROW_FLOAT,24,23,10.9827,19.6326,1.5,1314
gnss_raw.txt,2437,379926.600,FINESTEERING,SOL_COMPUTED,NARROW_FLOAT,24,23,10.9827,19.6326,1.6,1314
gnss_raw.txt,2437,379926.700,FINESTEERING,SOL_COMPUTED,NARROW_FLOAT,24,23,10.9827,19.6326,1.7,1314
gnss_raw.txt,2437,379926.800,FINESTEERING,SOL_COMPUTED,NARROW_FLOAT,24,23,10.9827,19.6326,1.8,1314
gnss_raw.txt,2437,379926.900,FINESTEERING,SOL_COMPUTED,NARROW_FLOAT,24,23,10.9827,19.6326,0.9,1314
gnss_raw.txt,2437,379927.000,FINESTEERING,SOL_COMPUTED,NARROW_FLOAT,24,23,8.2848,14.7926,1.0,1314
gnss_raw.txt,2437,379927.100,FINESTEERING,SOL_COMPUTED,NARROW_FLOAT,24,23,8.2849,14.7927,1.1,1314
gnss_raw.txt,2437,379927.200,FINESTEERING,SOL_COMPUTED,NARROW_FLOAT,24,23,8.2849,14.7927,1.2,1314
gnss_raw.txt,2437,379927.300,FINESTEERING,SOL_COMPUTED,NARROW_FLOAT,24,23,8.2849,14.7927,1.3,1314
gnss_raw.txt,2437,379927.400,FINESTEERING,SOL_COMPUTED,NARROW_FLOAT,24,23,8.2849,14.7927,1.4,1314
gnss_raw.txt,2437,379927.500,FINESTEERING,SOL_COMPUTED,NARROW_FLOAT,24,23,8.2849,14.7927,1.5,1314
gnss_raw.txt,2437,379927.600,FINESTEERING,SOL_COMPUTED,NARROW_FLOAT,24,23,8.2849,14.7927,1.6,1314
gnss_raw.txt,2437,379927.700,FINESTEERING,SOL_COMPUTED,NARROW_FLOAT,24,23,8.2849,14.7927,1.7,1314
gnss_raw.txt,2437,379927.800,FINESTEERING,SOL_COMPUTED,NARROW_FLOAT,24,23,8.2849,14.7927,0.8,1314
gnss_raw.txt,2437,379927.900,FINESTEERING,SOL_COMPUTED,NARROW_FLOAT,24,23,8.2849,14.7927,0.9,1314
gnss_raw.txt,2437,379928.000,FINESTEERING,SOL_COMPUTED,NARROW_FLOAT,24,23,2.9565,5.2719,1.0,1314
gnss_raw.txt,2437,379928.100,FINESTEERING,SOL_COMPUTED,NARROW_FLOAT,24,23,2.9566,5.2719,1.1,1314
gnss_raw.txt,2437,379928.200,FINESTEERING,SOL_COMPUTED,NARROW_FLOAT,24,23,2.9566,5.272,1.2,1314
gnss_raw.txt,2437,379928.300,FINESTEERING,SOL_COMPUTED,NARROW_FLOAT,24,23,2.9566,5.272,1.3,1314
gnss_raw.txt,2437,379928.400,FINESTEERING,SOL_COMPUTED,NARROW_FLOAT,24,23,2.9566,5.272,1.4,1314
gnss_raw.txt,2437,379928.500,FINESTEERING,SOL_COMPUTED,NARROW_FLOAT,24,23,2.9566,5.272,1.5,1314
gnss_raw.txt,2437,379928.600,FINESTEERING,SOL_COMPUTED,NARROW_FLOAT,24,23,2.9566,5.272,1.6,1314
gnss_raw.txt,2437,379928.700,FINESTEERING,SOL_COMPUTED,NARROW_FLOAT,24,23,2.9566,5.272,1.7,1314
gnss_raw.txt,2437,379928.800,FINESTEERING,SOL_COMPUTED,NARROW_FLOAT,24,23,2.9566,5.272,1.8,1314
gnss_raw.txt,2437,379928.900,FINESTEERING,SOL_COMPUTED,NARROW_FLOAT,24,23,2.9566,5.272,0.9,1314
gnss_raw.txt,2437,379929.000,FINESTEERING,SOL_COMPUTED,NARROW_FLOAT,24,23,1.9577,3.4861,1.0,1314
gnss_raw.txt,2437,379929.100,FINESTEERING,SOL_COMPUTED,NARROW_FLOAT,24,23,1.9578,3.4861,1.1,1314
gnss_raw.txt,2437,379929.200,FINESTEERING,SOL_COMPUTED,NARROW_FLOAT,24,23,1.9578,3.4861,1.2,1314
gnss_raw.txt,2437,379929.300,FINESTEERING,SOL_COMPUTED,NARROW_FLOAT,24,23,1.9578,3.4861,1.3,1314
gnss_raw.txt,2437,379929.400,FINESTEERING,SOL_COMPUTED,NARROW_FLOAT,24,23,1.9578,3.4861,1.4,1314
gnss_raw.txt,2437,379929.500,FINESTEERING,SOL_COMPUTED,NARROW_FLOAT,24,23,1.9578,3.4861,1.5,1314
gnss_raw.txt,2437,379929.600,FINESTEERING,SOL_COMPUTED,NARROW_FLOAT,24,23,1.9578,3.4861,1.6,1314
gnss_raw.txt,2437,379929.700,FINESTEERING,SOL_COMPUTED,NARROW_FLOAT,24,23,1.9578,3.4861,1.7,1314
gnss_raw.txt,2437,379929.800,FINESTEERING,SOL_COMPUTED,NARROW_FLOAT,24,23,1.9578,3.4861,0.8,1314
gnss_raw.txt,2437,379929.900,FINESTEERING,SOL_COMPUTED,NARROW_FLOAT,24,23,1.9578,3.4861,0.9,1314
gnss_raw.txt,2437,379930.000,FINESTEERING,SOL_COMPUTED,NARROW_FLOAT,24,23,2.0823,3.7038,1.0,1314
gnss_raw.txt,2437,379930.100,FINESTEERING,SOL_COMPUTED,NARROW_FLOAT,24,23,2.0823,3.7038,1.1,1314
gnss_raw.txt,2437,379930.200,FINESTEERING,SOL_COMPUTED,NARROW_FLOAT,24,23,2.0823,3.7038,1.2,1314
gnss_raw.txt,2437,379930.300,FINESTEERING,SOL_COMPUTED,NARROW_FLOAT,24,23,2.0823,3.7038,1.3,1314
gnss_raw.txt,2437,379930.400,FINESTEERING,SOL_COMPUTED,NARROW_FLOAT,24,23,2.0823,3.7038,1.4,1314
gnss_raw.txt,2437,379930.500,FINESTEERING,SOL_COMPUTED,NARROW_FLOAT,24,23,2.0823,3.7038,1.5,1314
gnss_raw.txt,2437,379930.600,FINESTEERING,SOL_COMPUTED,NARROW_FLOAT,24,23,2.0823,3.7038,1.6,1314
gnss_raw.txt,2437,379930.700,FINESTEERING,SOL_COMPUTED,NARROW_FLOAT,24,23,2.0823,3.7038,1.7,1314
gnss_raw.txt,2437,379930.800,FINESTEERING,SOL_COMPUTED,NARROW_FLOAT,24,23,2.0824,3.7038,0.8,1314
gnss_raw.txt,2437,379930.900,FINESTEERING,SOL_COMPUTED,NARROW_FLOAT,24,23,2.0824,3.7038,0.9,1314
gnss_raw.txt,2437,379931.000,FINESTEERING,SOL_COMPUTED,NARROW_FLOAT,24,23,5.8019,10.3071,1.0,1314
gnss_raw.txt,2437,379931.100,FINESTEERING,SOL_COMPUTED,NARROW_FLOAT,24,23,5.8019,10.3071,1.1,1314
gnss_raw.txt,2437,379931.200,FINESTEERING,SOL_COMPUTED,NARROW_FLOAT,24,23,5.8019,10.3071,1.2,1314
gnss_raw.txt,2437,379931.300,FINESTEERING,SOL_COMPUTED,NARROW_FLOAT,24,23,5.8019,10.3071,1.3,1314
gnss_raw.txt,2437,379931.400,FINESTEERING,SOL_COMPUTED,NARROW_FLOAT,24,23,5.8019,10.3071,1.4,1314
gnss_raw.txt,2437,379931.500,FINESTEERING,SOL_COMPUTED,NARROW_FLOAT,24,23,5.8019,10.3071,1.5,1314
gnss_raw.txt,2437,379931.600,FINESTEERING,SOL_COMPUTED,NARROW_FLOAT,24,23,5.8019,10.3071,1.6,1314
gnss_raw.txt,2437,379931.700,FINESTEERING,SOL_COMPUTED,NARROW_FLOAT,24,23,5.8019,10.3071,1.7,1314
gnss_raw.txt,2437,379931.800,FINESTEERING,SOL_COMPUTED,NARROW_FLOAT,24,23,5.8019,10.3071,1.8,1314
gnss_raw.txt,2437,379931.900,FINESTEERING,SOL_COMPUTED,NARROW_FLOAT,24,23,5.8019,10.3071,1.9,1314
gnss_raw.txt,2437,379932.000,FINESTEERING,SOL_COMPUTED,NARROW_FLOAT,24,23,5.8279,10.345,1.0,1314
gnss_raw.txt,2437,379932.100,FINESTEERING,SOL_COMPUTED,NARROW_FLOAT,24,23,5.8279,10.345,1.1,1314
gnss_raw.txt,2437,379932.200,FINESTEERING,SOL_COMPUTED,NARROW_FLOAT,24,23,5.8279,10.345,1.2,1314
gnss_raw.txt,2437,379932.300,FINESTEERING,SOL_COMPUTED,NARROW_FLOAT,24,23,5.8279,10.345,1.3,1314
gnss_raw.txt,2437,379932.400,FINESTEERING,SOL_COMPUTED,NARROW_FLOAT,24,23,5.8279,10.345,1.4,1314
gnss_raw.txt,2437,379932.500,FINESTEERING,SOL_COMPUTED,NARROW_FLOAT,24,23,5.8279,10.345,1.5,1314
gnss_raw.txt,2437,379932.600,FINESTEERING,SOL_COMPUTED,NARROW_FLOAT,24,23,5.8279,10.345,1.6,1314
gnss_raw.txt,2437,379932.700,FINESTEERING,SOL_COMPUTED,NARROW_FLOAT,24,23,5.8279,10.345,1.7,1314
gnss_raw.txt,2437,379932.800,FINESTEERING,SOL_COMPUTED,NARROW_FLOAT,23,22,5.8279,10.345,0.8,1314
gnss_raw.txt,2437,379932.900,FINESTEERING,SOL_COMPUTED,NARROW_FLOAT,23,22,5.8279,10.3451,0.9,1314
gnss_raw.txt,2437,379933.000,FINESTEERING,SOL_COMPUTED,NARROW_FLOAT,23,22,5.6937,10.0963,1.0,1314
gnss_raw.txt,2437,379933.100,FINESTEERING,SOL_COMPUTED,NARROW_FLOAT,23,22,5.6937,10.0963,1.1,1314
gnss_raw.txt,2437,379933.200,FINESTEERING,SOL_COMPUTED,NARROW_FLOAT,23,22,5.6937,10.0963,1.2,1314
gnss_raw.txt,2437,379933.300,FINESTEERING,SOL_COMPUTED,NARROW_FLOAT,23,22,5.6937,10.0963,1.3,1314
gnss_raw.txt,2437,379933.400,FINESTEERING,SOL_COMPUTED,NARROW_FLOAT,23,22,5.6937,10.0963,1.4,1314
gnss_raw.txt,2437,379933.500,FINESTEERING,SOL_COMPUTED,NARROW_FLOAT,23,22,5.6937,10.0963,1.5,1314
gnss_raw.txt,2437,379933.600,FINESTEERING,SOL_COMPUTED,NARROW_FLOAT,23,22,5.6937,10.0963,1.6,1314
gnss_raw.txt,2437,379933.700,FINESTEERING,SOL_COMPUTED,NARROW_FLOAT,23,22,5.6937,10.0963,1.7,1314
gnss_raw.txt,2437,379933.800,FINESTEERING,SOL_COMPUTED,NARROW_FLOAT,23,22,5.6937,10.0963,1.8,1314
gnss_raw.txt,2437,379933.900,FINESTEERING,SOL_COMPUTED,NARROW_FLOAT,23,22,5.6937,10.0963,0.9,1314
gnss_raw.txt,2437,379934.000,FINESTEERING,SOL_COMPUTED,NARROW_FLOAT,23,22,6.0346,10.69,1.0,1314
gnss_raw.txt,2437,379934.100,FINESTEERING,SOL_COMPUTED,NARROW_FLOAT,23,22,6.0346,10.69,1.1,1314
gnss_raw.txt,2437,379934.200,FINESTEERING,SOL_COMPUTED,NARROW_FLOAT,23,22,6.0346,10.69,1.2,1314
gnss_raw.txt,2437,379934.300,FINESTEERING,SOL_COMPUTED,NARROW_FLOAT,23,22,6.0346,10.69,1.3,1314
gnss_raw.txt,2437,379934.400,FINESTEERING,SOL_COMPUTED,NARROW_FLOAT,23,22,6.0346,10.69,1.4,1314
gnss_raw.txt,2437,379934.500,FINESTEERING,SOL_COMPUTED,NARROW_FLOAT,24,23,6.0346,10.69,1.5,1314
gnss_raw.txt,2437,379934.600,FINESTEERING,SOL_COMPUTED,NARROW_FLOAT,24,23,6.0346,10.69,1.6,1314
gnss_raw.txt,2437,379934.700,FINESTEERING,SOL_COMPUTED,NARROW_FLOAT,24,23,6.0346,10.69,1.7,1314
gnss_raw.txt,2437,379934.800,FINESTEERING,SOL_COMPUTED,NARROW_FLOAT,24,23,6.0346,10.69,0.8,1314
gnss_raw.txt,2437,379934.900,FINESTEERING,SOL_COMPUTED,NARROW_FLOAT,24,23,6.0346,10.69,0.9,1314
gnss_raw.txt,2437,379935.000,FINESTEERING,SOL_COMPUTED,NARROW_FLOAT,24,23,6.2118,10.9903,1.0,1314
gnss_raw.txt,2437,379935.100,FINESTEERING,SOL_COMPUTED,NARROW_FLOAT,24,23,6.2118,10.9903,1.1,1314
gnss_raw.txt,2437,379935.200,FINESTEERING,SOL_COMPUTED,NARROW_FLOAT,24,23,6.2118,10.9903,1.2,1314
gnss_raw.txt,2437,379935.300,FINESTEERING,SOL_COMPUTED,NARROW_FLOAT,24,23,6.2118,10.9903,1.3,1314
gnss_raw.txt,2437,379935.400,FINESTEERING,SOL_COMPUTED,NARROW_FLOAT,24,23,6.2118,10.9903,1.4,1314
gnss_raw.txt,2437,379935.500,FINESTEERING,SOL_COMPUTED,NARROW_FLOAT,24,23,6.2118,10.9903,1.5,1314
gnss_raw.txt,2437,379935.600,FINESTEERING,SOL_COMPUTED,NARROW_FLOAT,24,23,6.2118,10.9903,1.6,1314
gnss_raw.txt,2437,379935.700,FINESTEERING,SOL_COMPUTED,NARROW_FLOAT,24,23,6.2118,10.9903,1.7,1314
gnss_raw.txt,2437,379935.800,FINESTEERING,SOL_COMPUTED,NARROW_FLOAT,24,23,6.2118,10.9903,1.8,1314
gnss_raw.txt,2437,379935.900,FINESTEERING,SOL_COMPUTED,NARROW_FLOAT,24,23,6.2118,10.9903,0.9,1314
gnss_raw.txt,2437,379936.000,FINESTEERING,SOL_COMPUTED,NARROW_FLOAT,24,23,6.0225,10.6421,1.0,1314
gnss_raw.txt,2437,379936.100,FINESTEERING,SOL_COMPUTED,NARROW_FLOAT,24,23,6.0225,10.6421,1.1,1314
gnss_raw.txt,2437,379936.200,FINESTEERING,SOL_COMPUTED,NARROW_FLOAT,24,23,6.0225,10.6421,1.2,1314
gnss_raw.txt,2437,379936.300,FINESTEERING,SOL_COMPUTED,NARROW_FLOAT,24,23,6.0225,10.6421,1.3,1314
gnss_raw.txt,2437,379936.400,FINESTEERING,SOL_COMPUTED,NARROW_FLOAT,24,23,6.0225,10.6421,1.4,1314
gnss_raw.txt,2437,379936.500,FINESTEERING,SOL_COMPUTED,NARROW_FLOAT,24,23,6.0225,10.6421,1.5,1314
gnss_raw.txt,2437,379936.600,FINESTEERING,SOL_COMPUTED,NARROW_FLOAT,24,23,6.0225,10.6421,1.6,1314
gnss_raw.txt,2437,379936.700,FINESTEERING,SOL_COMPUTED,NARROW_FLOAT,24,23,6.0225,10.6421,1.7,1314
gnss_raw.txt,2437,379936.800,FINESTEERING,SOL_COMPUTED,NARROW_FLOAT,24,23,6.0225,10.6421,1.8,1314
gnss_raw.txt,2437,379936.900,FINESTEERING,SOL_COMPUTED,NARROW_FLOAT,24,23,6.0225,10.6421,0.9,1314
gnss_raw.txt,2437,379937.000,FINESTEERING,SOL_COMPUTED,NARROW_FLOAT,24,23,6.7915,11.9856,1.0,1314
gnss_raw.txt,2437,379937.100,FINESTEERING,SOL_COMPUTED,NARROW_FLOAT,24,23,6.7915,11.9856,1.1,1314
gnss_raw.txt,2437,379937.200,FINESTEERING,SOL_COMPUTED,NARROW_FLOAT,24,23,6.7915,11.9856,1.2,1314
gnss_raw.txt,2437,379937.300,FINESTEERING,SOL_COMPUTED,NARROW_FLOAT,24,23,6.7915,11.9856,1.3,1314
gnss_raw.txt,2437,379937.400,FINESTEERING,SOL_COMPUTED,NARROW_FLOAT,24,23,6.7915,11.9856,1.4,1314
gnss_raw.txt,2437,379937.500,FINESTEERING,SOL_COMPUTED,NARROW_FLOAT,24,23,6.7915,11.9856,1.5,1314
gnss_raw.txt,2437,379937.600,FINESTEERING,SOL_COMPUTED,NARROW_FLOAT,24,23,6.7915,11.9856,1.6,1314
gnss_raw.txt,2437,379937.700,FINESTEERING,SOL_COMPUTED,NARROW_FLOAT,24,23,6.7915,11.9856,0.7,1314
gnss_raw.txt,2437,379937.800,FINESTEERING,SOL_COMPUTED,NARROW_FLOAT,24,23,6.7915,11.9856,0.8,1314
gnss_raw.txt,2437,379937.900,FINESTEERING,SOL_COMPUTED,NARROW_FLOAT,24,23,6.7915,11.9856,0.9,1314
gnss_raw.txt,2437,379938.000,FINESTEERING,SOL_COMPUTED,NARROW_FLOAT,24,23,5.9571,10.4981,1.0,1314
gnss_raw.txt,2437,379938.100,FINESTEERING,SOL_COMPUTED,NARROW_FLOAT,24,23,5.9571,10.4981,1.1,1314
gnss_raw.txt,2437,379938.200,FINESTEERING,SOL_COMPUTED,NARROW_FLOAT,24,23,5.9571,10.4981,1.2,1314
gnss_raw.txt,2437,379938.300,FINESTEERING,SOL_COMPUTED,NARROW_FLOAT,24,23,5.9571,10.4981,1.3,1314
gnss_raw.txt,2437,379938.400,FINESTEERING,SOL_COMPUTED,NARROW_FLOAT,24,23,5.9571,10.4981,1.4,1314
gnss_raw.txt,2437,379938.500,FINESTEERING,SOL_COMPUTED,NARROW_FLOAT,24,23,5.9571,10.4981,1.5,1314
gnss_raw.txt,2437,379938.600,FINESTEERING,SOL_COMPUTED,NARROW_FLOAT,24,23,5.9571,10.4981,1.6,1314
gnss_raw.txt,2437,379938.700,FINESTEERING,SOL_COMPUTED,NARROW_FLOAT,24,23,5.9571,10.4981,1.7,1314
gnss_raw.txt,2437,379938.800,FINESTEERING,SOL_COMPUTED,NARROW_FLOAT,24,23,5.9571,10.4981,1.8,1314
gnss_raw.txt,2437,379938.900,FINESTEERING,SOL_COMPUTED,NARROW_FLOAT,24,23,5.9571,10.4981,1.9,1314
gnss_raw.txt,2437,379939.000,FINESTEERING,SOL_COMPUTED,NARROW_FLOAT,24,23,5.9691,10.5044,2.0,1314
gnss_raw.txt,2437,379939.100,FINESTEERING,SOL_COMPUTED,NARROW_FLOAT,24,23,5.9691,10.5044,1.1,1314
gnss_raw.txt,2437,379939.200,FINESTEERING,SOL_COMPUTED,NARROW_FLOAT,24,23,5.9691,10.5044,1.2,1314
gnss_raw.txt,2437,379939.300,FINESTEERING,SOL_COMPUTED,NARROW_FLOAT,24,23,5.9691,10.5044,1.3,1314
gnss_raw.txt,2437,379939.400,FINESTEERING,SOL_COMPUTED,NARROW_FLOAT,23,22,5.9691,10.5044,1.4,1314
gnss_raw.txt,2437,379939.500,FINESTEERING,SOL_COMPUTED,NARROW_FLOAT,23,22,5.9691,10.5044,1.5,1314
gnss_raw.txt,2437,379939.600,FINESTEERING,SOL_COMPUTED,NARROW_FLOAT,23,22,5.9691,10.5044,1.6,1314
gnss_raw.txt,2437,379939.700,FINESTEERING,SOL_COMPUTED,NARROW_FLOAT,23,22,5.9691,10.5044,1.7,1314
gnss_raw.txt,2437,379939.800,FINESTEERING,SOL_COMPUTED,NARROW_FLOAT,23,22,5.9691,10.5044,1.8,1314
gnss_raw.txt,2437,379939.900,FINESTEERING,SOL_COMPUTED,NARROW_FLOAT,23,22,5.9691,10.5044,0.9,1314
gnss_raw.txt,2437,379940.000,FINESTEERING,SOL_COMPUTED,NARROW_FLOAT,23,22,6.0266,10.5877,1.0,1314
gnss_raw.txt,2437,379940.100,FINESTEERING,SOL_COMPUTED,NARROW_FLOAT,23,22,6.0266,10.5877,1.1,1314
gnss_raw.txt,2437,379940.200,FINESTEERING,SOL_COMPUTED,NARROW_FLOAT,23,22,6.0266,10.5877,1.2,1314
gnss_raw.txt,2437,379940.300,FINESTEERING,SOL_COMPUTED,NARROW_FLOAT,23,22,6.0266,10.5877,1.3,1314
gnss_raw.txt,2437,379940.400,FINESTEERING,SOL_COMPUTED,NARROW_FLOAT,23,22,6.0266,10.5877,1.4,1314
gnss_raw.txt,2437,379940.500,FINESTEERING,SOL_COMPUTED,NARROW_FLOAT,23,22,6.0266,10.5877,1.5,1314
gnss_raw.txt,2437,379940.600,FINESTEERING,SOL_COMPUTED,NARROW_FLOAT,23,22,6.0266,10.5877,1.6,1314
gnss_raw.txt,2437,379940.700,FINESTEERING,SOL_COMPUTED,NARROW_FLOAT,23,22,6.0266,10.5877,0.7,1314
gnss_raw.txt,2437,379940.800,FINESTEERING,SOL_COMPUTED,NARROW_FLOAT,23,22,6.0266,10.5877,0.8,1314
gnss_raw.txt,2437,379940.900,FINESTEERING,SOL_COMPUTED,NARROW_FLOAT,23,22,6.0267,10.5877,0.9,1314
gnss_raw.txt,2437,379941.000,FINESTEERING,SOL_COMPUTED,NARROW_FLOAT,23,22,6.3118,11.0626,1.0,1314
gnss_raw.txt,2437,379941.100,FINESTEERING,SOL_COMPUTED,NARROW_FLOAT,23,22,6.3118,11.0626,1.1,1314
gnss_raw.txt,2437,379941.200,FINESTEERING,SOL_COMPUTED,NARROW_FLOAT,23,22,6.3118,11.0626,1.2,1314
gnss_raw.txt,2437,379941.300,FINESTEERING,SOL_COMPUTED,NARROW_FLOAT,23,22,6.3118,11.0626,1.3,1314
gnss_raw.txt,2437,379941.400,FINESTEERING,SOL_COMPUTED,NARROW_FLOAT,23,22,6.3118,11.0626,1.4,1314
gnss_raw.txt,2437,379941.500,FINESTEERING,SOL_COMPUTED,NARROW_FLOAT,23,22,6.3118,11.0626,1.5,1314
gnss_raw.txt,2437,379941.600,FINESTEERING,SOL_COMPUTED,NARROW_FLOAT,23,22,6.3118,11.0626,1.6,1314
gnss_raw.txt,2437,379941.700,FINESTEERING,SOL_COMPUTED,NARROW_FLOAT,23,22,6.3118,11.0626,0.7,1314
gnss_raw.txt,2437,379941.800,FINESTEERING,SOL_COMPUTED,NARROW_FLOAT,23,22,6.3118,11.0626,0.8,1314
gnss_raw.txt,2437,379941.900,FINESTEERING,SOL_COMPUTED,NARROW_FLOAT,23,22,6.3118,11.0626,0.9,1314
gnss_raw.txt,2437,379942.000,FINESTEERING,SOL_COMPUTED,NARROW_FLOAT,23,22,6.3098,11.0314,1.0,1314
gnss_raw.txt,2437,379942.100,FINESTEERING,SOL_COMPUTED,NARROW_FLOAT,23,22,6.3098,11.0314,1.1,1314
gnss_raw.txt,2437,379942.200,FINESTEERING,SOL_COMPUTED,NARROW_FLOAT,23,22,6.3098,11.0314,1.2,1314
gnss_raw.txt,2437,379942.300,FINESTEERING,SOL_COMPUTED,NARROW_FLOAT,23,22,6.3099,11.0314,1.3,1314
gnss_raw.txt,2437,379942.400,FINESTEERING,SOL_COMPUTED,NARROW_FLOAT,23,22,6.3099,11.0314,1.4,1314
gnss_raw.txt,2437,379942.500,FINESTEERING,SOL_COMPUTED,NARROW_FLOAT,23,22,6.3099,11.0314,1.5,1314
gnss_raw.txt,2437,379942.600,FINESTEERING,SOL_COMPUTED,NARROW_FLOAT,23,22,6.3099,11.0314,1.6,1314
gnss_raw.txt,2437,379942.700,FINESTEERING,SOL_COMPUTED,NARROW_FLOAT,23,22,6.3099,11.0314,1.7,1314
gnss_raw.txt,2437,379942.800,FINESTEERING,SOL_COMPUTED,NARROW_FLOAT,23,22,6.3099,11.0314,1.8,1314
gnss_raw.txt,2437,379942.900,FINESTEERING,SOL_COMPUTED,NARROW_FLOAT,23,22,6.3099,11.0314,1.9,1314
gnss_raw.txt,2437,379943.000,FINESTEERING,SOL_COMPUTED,NARROW_FLOAT,23,22,8.7941,15.3319,1.0,1314
gnss_raw.txt,2437,379943.100,FINESTEERING,SOL_COMPUTED,NARROW_FLOAT,23,22,8.7941,15.3319,1.1,1314
gnss_raw.txt,2437,379943.200,FINESTEERING,SOL_COMPUTED,NARROW_FLOAT,23,22,8.7941,15.3319,1.2,1314
gnss_raw.txt,2437,379943.300,FINESTEERING,SOL_COMPUTED,NARROW_FLOAT,23,22,8.7941,15.3319,1.3,1314
gnss_raw.txt,2437,379943.400,FINESTEERING,SOL_COMPUTED,NARROW_FLOAT,23,22,8.7941,15.3319,1.4,1314
gnss_raw.txt,2437,379943.500,FINESTEERING,SOL_COMPUTED,NARROW_FLOAT,23,22,8.7941,15.3319,1.5,1314
gnss_raw.txt,2437,379943.600,FINESTEERING,SOL_COMPUTED,NARROW_FLOAT,23,22,8.7941,15.3319,1.6,1314
gnss_raw.txt,2437,379943.700,FINESTEERING,SOL_COMPUTED,NARROW_FLOAT,23,22,8.7941,15.3319,1.7,1314
gnss_raw.txt,2437,379943.800,FINESTEERING,SOL_COMPUTED,NARROW_FLOAT,23,22,8.7941,15.3319,1.8,1314
gnss_raw.txt,2437,379943.900,FINESTEERING,SOL_COMPUTED,NARROW_FLOAT,23,22,8.7941,15.3319,0.9,1314
gnss_raw.txt,2437,379944.000,FINESTEERING,SOL_COMPUTED,NARROW_FLOAT,23,22,11.8802,20.6552,1.0,1314
gnss_raw.txt,2437,379944.100,FINESTEERING,SOL_COMPUTED,NARROW_FLOAT,23,22,11.8802,20.6552,1.1,1314
gnss_raw.txt,2437,379944.200,FINESTEERING,SOL_COMPUTED,NARROW_FLOAT,23,22,11.8802,20.6552,1.2,1314
gnss_raw.txt,2437,379944.300,FINESTEERING,SOL_COMPUTED,NARROW_FLOAT,23,22,11.8802,20.6552,1.3,1314
gnss_raw.txt,2437,379944.400,FINESTEERING,SOL_COMPUTED,NARROW_FLOAT,23,22,11.8802,20.6552,1.4,1314
gnss_raw.txt,2437,379944.500,FINESTEERING,SOL_COMPUTED,NARROW_FLOAT,23,22,11.8802,20.6552,1.5,1314
gnss_raw.txt,2437,379944.600,FINESTEERING,SOL_COMPUTED,NARROW_FLOAT,23,22,11.8802,20.6552,1.6,1314
gnss_raw.txt,2437,379944.700,FINESTEERING,SOL_COMPUTED,NARROW_FLOAT,23,22,11.8802,20.6552,1.7,1314
gnss_raw.txt,2437,379944.800,FINESTEERING,SOL_COMPUTED,NARROW_FLOAT,23,22,11.8802,20.6552,1.8,1314
gnss_raw.txt,2437,379944.900,FINESTEERING,SOL_COMPUTED,NARROW_FLOAT,23,22,11.8802,20.6552,0.9,1314
gnss_raw.txt,2437,379945.000,FINESTEERING,SOL_COMPUTED,NARROW_FLOAT,23,22,9.2317,15.998,1.0,1314
gnss_raw.txt,2437,379945.100,FINESTEERING,SOL_COMPUTED,NARROW_FLOAT,23,22,9.2317,15.998,1.1,1314
gnss_raw.txt,2437,379945.200,FINESTEERING,SOL_COMPUTED,NARROW_FLOAT,23,22,9.2317,15.998,1.2,1314
gnss_raw.txt,2437,379945.300,FINESTEERING,SOL_COMPUTED,NARROW_FLOAT,23,22,9.2317,15.998,1.3,1314
gnss_raw.txt,2437,379945.400,FINESTEERING,SOL_COMPUTED,NARROW_FLOAT,23,22,9.2317,15.998,1.4,1314
gnss_raw.txt,2437,379945.500,FINESTEERING,SOL_COMPUTED,NARROW_FLOAT,23,22,9.2317,15.998,1.5,1314
gnss_raw.txt,2437,379945.600,FINESTEERING,SOL_COMPUTED,NARROW_FLOAT,23,22,9.2317,15.998,1.6,1314
gnss_raw.txt,2437,379945.700,FINESTEERING,SOL_COMPUTED,NARROW_FLOAT,23,22,9.2317,15.998,1.7,1314
gnss_raw.txt,2437,379945.800,FINESTEERING,SOL_COMPUTED,NARROW_FLOAT,23,22,9.2317,15.9981,1.8,1314
gnss_raw.txt,2437,379945.900,FINESTEERING,SOL_COMPUTED,NARROW_FLOAT,23,22,9.2317,15.9981,1.9,1314
gnss_raw.txt,2437,379946.000,FINESTEERING,SOL_COMPUTED,NARROW_FLOAT,23,22,7.2111,12.4529,1.0,1314
gnss_raw.txt,2437,379946.100,FINESTEERING,SOL_COMPUTED,NARROW_FLOAT,23,22,7.2111,12.4529,1.1,1314
gnss_raw.txt,2437,379946.200,FINESTEERING,SOL_COMPUTED,NARROW_FLOAT,23,22,7.2111,12.4529,1.2,1314
gnss_raw.txt,2437,379946.300,FINESTEERING,SOL_COMPUTED,NARROW_FLOAT,23,22,7.2111,12.4529,1.3,1314
gnss_raw.txt,2437,379946.400,FINESTEERING,SOL_COMPUTED,NARROW_FLOAT,23,22,7.2111,12.4529,1.4,1314
gnss_raw.txt,2437,379946.500,FINESTEERING,SOL_COMPUTED,NARROW_FLOAT,23,22,7.2111,12.4529,1.5,1314
gnss_raw.txt,2437,379946.600,FINESTEERING,SOL_COMPUTED,NARROW_FLOAT,23,22,7.2111,12.453,1.6,1314
gnss_raw.txt,2437,379946.700,FINESTEERING,SOL_COMPUTED,NARROW_FLOAT,23,22,7.2111,12.453,1.7,1314
gnss_raw.txt,2437,379946.800,FINESTEERING,SOL_COMPUTED,NARROW_FLOAT,23,22,7.2111,12.453,0.8,1314
gnss_raw.txt,2437,379946.900,FINESTEERING,SOL_COMPUTED,NARROW_FLOAT,23,22,7.2111,12.453,0.9,1314
gnss_raw.txt,2437,379947.000,FINESTEERING,SOL_COMPUTED,NARROW_FLOAT,23,22,9.8096,16.8773,1.0,1314
gnss_raw.txt,2437,379947.100,FINESTEERING,SOL_COMPUTED,NARROW_FLOAT,23,22,9.8096,16.8773,1.1,1314
gnss_raw.txt,2437,379947.200,FINESTEERING,SOL_COMPUTED,NARROW_FLOAT,23,22,9.8096,16.8773,1.2,1314
gnss_raw.txt,2437,379947.300,FINESTEERING,SOL_COMPUTED,NARROW_FLOAT,23,22,9.8096,16.8773,1.3,1314
gnss_raw.txt,2437,379947.400,FINESTEERING,SOL_COMPUTED,NARROW_FLOAT,23,22,9.8096,16.8773,1.4,1314
gnss_raw.txt,2437,379947.500,FINESTEERING,SOL_COMPUTED,NARROW_FLOAT,23,22,9.8096,16.8773,1.5,1314
gnss_raw.txt,2437,379947.600,FINESTEERING,SOL_COMPUTED,NARROW_FLOAT,23,22,9.8096,16.8773,1.6,1314
gnss_raw.txt,2437,379947.700,FINESTEERING,SOL_COMPUTED,NARROW_FLOAT,23,22,9.8096,16.8773,1.7,1314
gnss_raw.txt,2437,379947.800,FINESTEERING,SOL_COMPUTED,NARROW_FLOAT,23,22,9.8096,16.8773,0.8,1314
gnss_raw.txt,2437,379947.900,FINESTEERING,SOL_COMPUTED,NARROW_FLOAT,23,22,9.8096,16.8773,0.9,1314
gnss_raw.txt,2437,379948.000,FINESTEERING,SOL_COMPUTED,NARROW_FLOAT,23,22,11.9263,20.4422,1.0,1314
gnss_raw.txt,2437,379948.100,FINESTEERING,SOL_COMPUTED,NARROW_FLOAT,23,22,11.9263,20.4422,1.1,1314
gnss_raw.txt,2437,379948.200,FINESTEERING,SOL_COMPUTED,NARROW_FLOAT,23,22,11.9263,20.4422,1.2,1314
gnss_raw.txt,2437,379948.300,FINESTEERING,SOL_COMPUTED,NARROW_FLOAT,23,22,11.9263,20.4422,1.3,1314
gnss_raw.txt,2437,379948.400,FINESTEERING,SOL_COMPUTED,NARROW_FLOAT,23,22,11.9263,20.4422,1.4,1314
gnss_raw.txt,2437,379948.500,FINESTEERING,SOL_COMPUTED,NARROW_FLOAT,23,22,11.9263,20.4422,1.5,1314
gnss_raw.txt,2437,379948.600,FINESTEERING,SOL_COMPUTED,NARROW_FLOAT,23,22,11.9263,20.4422,1.6,1314
gnss_raw.txt,2437,379948.700,FINESTEERING,SOL_COMPUTED,NARROW_FLOAT,23,22,11.9263,20.4422,0.7,1314
gnss_raw.txt,2437,379948.800,FINESTEERING,SOL_COMPUTED,NARROW_FLOAT,23,22,11.9263,20.4422,0.8,1314
gnss_raw.txt,2437,379948.900,FINESTEERING,SOL_COMPUTED,NARROW_FLOAT,23,22,11.9263,20.4422,0.9,1314
gnss_raw.txt,2437,379949.000,FINESTEERING,SOL_COMPUTED,NARROW_FLOAT,23,22,6.2067,10.5952,1.0,1314
gnss_raw.txt,2437,379949.100,FINESTEERING,SOL_COMPUTED,NARROW_FLOAT,23,22,6.2067,10.5952,1.1,1314
gnss_raw.txt,2437,379949.200,FINESTEERING,SOL_COMPUTED,NARROW_FLOAT,23,22,6.2067,10.5952,1.2,1314
gnss_raw.txt,2437,379949.300,FINESTEERING,SOL_COMPUTED,NARROW_FLOAT,23,22,6.2067,10.5952,1.3,1314
gnss_raw.txt,2437,379949.400,FINESTEERING,SOL_COMPUTED,NARROW_FLOAT,23,22,6.2067,10.5952,1.4,1314
gnss_raw.txt,2437,379949.500,FINESTEERING,SOL_COMPUTED,NARROW_FLOAT,23,22,6.2067,10.5952,1.5,1314
gnss_raw.txt,2437,379949.600,FINESTEERING,SOL_COMPUTED,NARROW_FLOAT,23,22,6.2067,10.5952,1.6,1314
gnss_raw.txt,2437,379949.700,FINESTEERING,SOL_COMPUTED,NARROW_FLOAT,23,22,6.2067,10.5952,1.7,1314
gnss_raw.txt,2437,379949.800,FINESTEERING,SOL_COMPUTED,NARROW_FLOAT,23,22,6.2067,10.5952,0.8,1314
gnss_raw.txt,2437,379949.900,FINESTEERING,SOL_COMPUTED,NARROW_FLOAT,23,22,6.2067,10.5952,0.9,1314
gnss_raw.txt,2437,379950.000,FINESTEERING,SOL_COMPUTED,NARROW_FLOAT,23,22,11.7022,19.8904,1.0,1314
gnss_raw.txt,2437,379950.100,FINESTEERING,SOL_COMPUTED,NARROW_FLOAT,23,22,11.7022,19.8904,1.1,1314
gnss_raw.txt,2437,379950.200,FINESTEERING,SOL_COMPUTED,NARROW_FLOAT,23,22,11.7022,19.8904,1.2,1314
gnss_raw.txt,2437,379950.300,FINESTEERING,SOL_COMPUTED,NARROW_FLOAT,23,22,11.7022,19.8904,1.3,1314
gnss_raw.txt,2437,379950.400,FINESTEERING,SOL_COMPUTED,NARROW_FLOAT,23,22,11.7022,19.8904,1.4,1314
gnss_raw.txt,2437,379950.500,FINESTEERING,SOL_COMPUTED,NARROW_FLOAT,23,22,11.7022,19.8904,1.5,1314
gnss_raw.txt,2437,379950.600,FINESTEERING,SOL_COMPUTED,NARROW_FLOAT,23,22,11.7022,19.8904,1.6,1314
gnss_raw.txt,2437,379950.700,FINESTEERING,SOL_COMPUTED,NARROW_FLOAT,23,22,11.7022,19.8904,1.7,1314
gnss_raw.txt,2437,379950.800,FINESTEERING,SOL_COMPUTED,NARROW_FLOAT,23,22,11.7022,19.8904,1.8,1314
gnss_raw.txt,2437,379950.900,FINESTEERING,SOL_COMPUTED,NARROW_FLOAT,23,22,11.7022,19.8904,0.9,1314
gnss_raw.txt,2437,379951.000,FINESTEERING,SOL_COMPUTED,NARROW_FLOAT,23,22,9.0968,15.3863,1.0,1314
gnss_raw.txt,2437,379951.100,FINESTEERING,SOL_COMPUTED,NARROW_FLOAT,23,22,9.0968,15.3863,1.1,1314
gnss_raw.txt,2437,379951.200,FINESTEERING,SOL_COMPUTED,NARROW_FLOAT,23,22,9.0968,15.3863,1.2,1314
gnss_raw.txt,2437,379951.300,FINESTEERING,SOL_COMPUTED,NARROW_FLOAT,23,22,9.0968,15.3863,1.3,1314
gnss_raw.txt,2437,379951.400,FINESTEERING,SOL_COMPUTED,NARROW_FLOAT,23,22,9.0968,15.3863,1.4,1314
gnss_raw.txt,2437,379951.500,FINESTEERING,SOL_COMPUTED,NARROW_FLOAT,23,22,9.0968,15.3863,1.5,1314
gnss_raw.txt,2437,379951.600,FINESTEERING,SOL_COMPUTED,NARROW_FLOAT,23,22,9.0968,15.3863,1.6,1314
gnss_raw.txt,2437,379951.700,FINESTEERING,SOL_COMPUTED,NARROW_FLOAT,23,22,9.0968,15.3863,0.7,1314
gnss_raw.txt,2437,379951.800,FINESTEERING,SOL_COMPUTED,NARROW_FLOAT,23,22,9.0968,15.3863,0.8,1314
gnss_raw.txt,2437,379951.900,FINESTEERING,SOL_COMPUTED,NARROW_FLOAT,23,22,9.0968,15.3863,0.9,1314
gnss_raw.txt,2437,379952.000,FINESTEERING,SOL_COMPUTED,NARROW_FLOAT,23,22,6.1296,10.3227,1.0,1314
gnss_raw.txt,2437,379952.100,FINESTEERING,SOL_COMPUTED,NARROW_FLOAT,23,22,6.1296,10.3227,1.1,1314
gnss_raw.txt,2437,379952.200,FINESTEERING,SOL_COMPUTED,NARROW_FLOAT,23,22,6.1296,10.3227,1.2,1314
gnss_raw.txt,2437,379952.300,FINESTEERING,SOL_COMPUTED,NARROW_FLOAT,23,22,6.1296,10.3227,1.3,1314
gnss_raw.txt,2437,379952.400,FINESTEERING,SOL_COMPUTED,NARROW_FLOAT,23,22,6.1296,10.3227,1.4,1314
gnss_raw.txt,2437,379952.500,FINESTEERING,SOL_COMPUTED,NARROW_FLOAT,23,22,6.1296,10.3227,1.5,1314
gnss_raw.txt,2437,379952.600,FINESTEERING,SOL_COMPUTED,NARROW_FLOAT,23,22,6.1296,10.3227,1.6,1314
gnss_raw.txt,2437,379952.700,FINESTEERING,SOL_COMPUTED,NARROW_FLOAT,23,22,6.1296,10.3227,1.7,1314
gnss_raw.txt,2437,379952.800,FINESTEERING,SOL_COMPUTED,NARROW_FLOAT,23,22,6.1296,10.3227,0.8,1314
gnss_raw.txt,2437,379952.900,FINESTEERING,SOL_COMPUTED,NARROW_FLOAT,23,22,6.1296,10.3227,0.9,1314
gnss_raw.txt,2437,379953.000,FINESTEERING,SOL_COMPUTED,NARROW_FLOAT,23,22,6.2031,10.3954,1.0,1314
gnss_raw.txt,2437,379953.100,FINESTEERING,SOL_COMPUTED,NARROW_FLOAT,23,22,6.2031,10.3954,1.1,1314
gnss_raw.txt,2437,379953.200,FINESTEERING,SOL_COMPUTED,NARROW_FLOAT,23,22,6.2031,10.3954,1.2,1314
gnss_raw.txt,2437,379953.300,FINESTEERING,SOL_COMPUTED,NARROW_FLOAT,23,22,6.2031,10.3954,1.3,1314
gnss_raw.txt,2437,379953.400,FINESTEERING,SOL_COMPUTED,NARROW_FLOAT,23,22,6.2031,10.3954,1.4,1314
gnss_raw.txt,2437,379953.500,FINESTEERING,SOL_COMPUTED,NARROW_FLOAT,23,22,6.2031,10.3954,1.5,1314
gnss_raw.txt,2437,379953.600,FINESTEERING,SOL_COMPUTED,NARROW_FLOAT,23,22,6.2031,10.3954,1.6,1314
gnss_raw.txt,2437,379953.700,FINESTEERING,SOL_COMPUTED,NARROW_FLOAT,23,22,6.2031,10.3954,1.7,1314
gnss_raw.txt,2437,379953.800,FINESTEERING,SOL_COMPUTED,NARROW_FLOAT,23,22,6.2031,10.3954,0.8,1314
gnss_raw.txt,2437,379953.900,FINESTEERING,SOL_COMPUTED,NARROW_FLOAT,23,22,6.2031,10.3954,0.9,1314
gnss_raw.txt,2437,379954.000,FINESTEERING,SOL_COMPUTED,NARROW_FLOAT,23,22,6.1769,10.2985,1.0,1314
gnss_raw.txt,2437,379954.100,FINESTEERING,SOL_COMPUTED,NARROW_FLOAT,23,22,6.1769,10.2985,1.1,1314
gnss_raw.txt,2437,379954.200,FINESTEERING,SOL_COMPUTED,NARROW_FLOAT,23,22,6.1769,10.2985,1.2,1314
gnss_raw.txt,2437,379954.300,FINESTEERING,SOL_COMPUTED,NARROW_FLOAT,23,22,6.1769,10.2985,1.3,1314
gnss_raw.txt,2437,379954.400,FINESTEERING,SOL_COMPUTED,NARROW_FLOAT,23,22,6.1769,10.2985,1.4,1314
gnss_raw.txt,2437,379954.500,FINESTEERING,SOL_COMPUTED,NARROW_FLOAT,23,22,6.1769,10.2985,1.5,1314
gnss_raw.txt,2437,379954.600,FINESTEERING,SOL_COMPUTED,NARROW_FLOAT,23,22,6.1769,10.2985,1.6,1314
gnss_raw.txt,2437,379954.700,FINESTEERING,SOL_COMPUTED,NARROW_FLOAT,23,22,6.1769,10.2985,1.7,1314
gnss_raw.txt,2437,379954.800,FINESTEERING,SOL_COMPUTED,NARROW_FLOAT,23,22,6.1769,10.2985,1.8,1314
gnss_raw.txt,2437,379954.900,FINESTEERING,SOL_COMPUTED,NARROW_FLOAT,23,22,6.1769,10.2985,0.9,1314
gnss_raw.txt,2437,379955.000,FINESTEERING,SOL_COMPUTED,NARROW_FLOAT,23,22,6.1674,10.2573,1.0,1314
gnss_raw.txt,2437,379955.100,FINESTEERING,SOL_COMPUTED,NARROW_FLOAT,23,22,6.1674,10.2573,1.1,1314
gnss_raw.txt,2437,379955.200,FINESTEERING,SOL_COMPUTED,NARROW_FLOAT,23,22,6.1674,10.2573,1.2,1314
gnss_raw.txt,2437,379955.300,FINESTEERING,SOL_COMPUTED,NARROW_FLOAT,23,22,6.1674,10.2573,1.3,1314
gnss_raw.txt,2437,379955.400,FINESTEERING,SOL_COMPUTED,NARROW_FLOAT,23,22,6.1674,10.2573,1.4,1314
gnss_raw.txt,2437,379955.500,FINESTEERING,SOL_COMPUTED,NARROW_FLOAT,23,22,6.1674,10.2573,1.5,1314
gnss_raw.txt,2437,379955.600,FINESTEERING,SOL_COMPUTED,NARROW_FLOAT,23,22,6.1674,10.2573,1.6,1314
gnss_raw.txt,2437,379955.700,FINESTEERING,SOL_COMPUTED,NARROW_FLOAT,23,22,6.1674,10.2573,1.7,1314
gnss_raw.txt,2437,379955.800,FINESTEERING,SOL_COMPUTED,NARROW_FLOAT,23,22,6.1674,10.2573,1.8,1314
gnss_raw.txt,2437,379955.900,FINESTEERING,SOL_COMPUTED,NARROW_FLOAT,23,22,6.1674,10.2573,1.9,1314
gnss_raw.txt,2437,379956.000,FINESTEERING,SOL_COMPUTED,NARROW_FLOAT,23,22,8.0973,13.4268,1.0,1314
gnss_raw.txt,2437,379956.100,FINESTEERING,SOL_COMPUTED,NARROW_FLOAT,23,22,8.0973,13.4268,1.1,1314
gnss_raw.txt,2437,379956.200,FINESTEERING,SOL_COMPUTED,NARROW_FLOAT,23,22,8.0973,13.4268,1.2,1314
gnss_raw.txt,2437,379956.300,FINESTEERING,SOL_COMPUTED,NARROW_FLOAT,23,22,8.0973,13.4268,1.3,1314
gnss_raw.txt,2437,379956.400,FINESTEERING,SOL_COMPUTED,NARROW_FLOAT,23,22,8.0973,13.4268,1.4,1314
gnss_raw.txt,2437,379956.500,FINESTEERING,SOL_COMPUTED,NARROW_FLOAT,23,22,8.0973,13.4268,1.5,1314
gnss_raw.txt,2437,379956.600,FINESTEERING,SOL_COMPUTED,NARROW_FLOAT,23,22,8.0973,13.4268,1.6,1314
gnss_raw.txt,2437,379956.700,FINESTEERING,SOL_COMPUTED,NARROW_FLOAT,23,22,8.0973,13.4268,1.7,1314
gnss_raw.txt,2437,379956.800,FINESTEERING,SOL_COMPUTED,NARROW_FLOAT,23,22,8.0973,13.4268,0.8,1314
gnss_raw.txt,2437,379956.900,FINESTEERING,SOL_COMPUTED,NARROW_FLOAT,23,22,8.0973,13.4268,0.9,1314
gnss_raw.txt,2437,379957.000,FINESTEERING,SOL_COMPUTED,NARROW_FLOAT,23,22,6.2303,10.2973,1.0,1314
gnss_raw.txt,2437,379957.100,FINESTEERING,SOL_COMPUTED,NARROW_FLOAT,23,22,6.2303,10.2973,1.1,1314
gnss_raw.txt,2437,379957.200,FINESTEERING,SOL_COMPUTED,NARROW_FLOAT,23,22,6.2303,10.2973,1.2,1314
gnss_raw.txt,2437,379957.300,FINESTEERING,SOL_COMPUTED,NARROW_FLOAT,23,22,6.2303,10.2973,1.3,1314
gnss_raw.txt,2437,379957.400,FINESTEERING,SOL_COMPUTED,NARROW_FLOAT,23,22,6.2303,10.2973,1.4,1314
gnss_raw.txt,2437,379957.500,FINESTEERING,SOL_COMPUTED,NARROW_FLOAT,23,22,6.2303,10.2973,1.5,1314
gnss_raw.txt,2437,379957.600,FINESTEERING,SOL_COMPUTED,NARROW_FLOAT,23,22,6.2303,10.2973,1.6,1314
gnss_raw.txt,2437,379957.700,FINESTEERING,SOL_COMPUTED,NARROW_FLOAT,23,22,6.2303,10.2973,1.7,1314
gnss_raw.txt,2437,379957.800,FINESTEERING,SOL_COMPUTED,NARROW_FLOAT,23,22,6.2303,10.2973,0.8,1314
gnss_raw.txt,2437,379957.900,FINESTEERING,SOL_COMPUTED,NARROW_FLOAT,23,22,6.2303,10.2973,0.9,1314
gnss_raw.txt,2437,379958.000,FINESTEERING,SOL_COMPUTED,NARROW_FLOAT,23,22,6.697,11.0309,1.0,1314
gnss_raw.txt,2437,379958.100,FINESTEERING,SOL_COMPUTED,NARROW_FLOAT,23,22,6.697,11.0309,1.1,1314
gnss_raw.txt,2437,379958.200,FINESTEERING,SOL_COMPUTED,NARROW_FLOAT,23,22,6.697,11.031,1.2,1314
gnss_raw.txt,2437,379958.300,FINESTEERING,SOL_COMPUTED,NARROW_FLOAT,23,22,6.697,11.031,1.3,1314
gnss_raw.txt,2437,379958.400,FINESTEERING,SOL_COMPUTED,NARROW_FLOAT,23,22,6.697,11.031,1.4,1314
gnss_raw.txt,2437,379958.500,FINESTEERING,SOL_COMPUTED,NARROW_FLOAT,23,22,6.697,11.031,1.5,1314
gnss_raw.txt,2437,379958.600,FINESTEERING,SOL_COMPUTED,NARROW_FLOAT,23,22,6.697,11.031,1.6,1314
gnss_raw.txt,2437,379958.700,FINESTEERING,SOL_COMPUTED,NARROW_FLOAT,23,22,6.697,11.031,1.7,1314
gnss_raw.txt,2437,379958.800,FINESTEERING,SOL_COMPUTED,NARROW_FLOAT,23,22,6.697,11.031,1.8,1314
gnss_raw.txt,2437,379958.900,FINESTEERING,SOL_COMPUTED,NARROW_FLOAT,23,22,6.697,11.031,0.9,1314
gnss_raw.txt,2437,379959.000,FINESTEERING,SOL_COMPUTED,NARROW_FLOAT,23,22,6.7923,11.1471,1.0,1314
gnss_raw.txt,2437,379959.100,FINESTEERING,SOL_COMPUTED,NARROW_FLOAT,23,22,6.7923,11.1471,1.1,1314
gnss_raw.txt,2437,379959.200,FINESTEERING,SOL_COMPUTED,NARROW_FLOAT,23,22,6.7923,11.1471,1.2,1314
gnss_raw.txt,2437,379959.300,FINESTEERING,SOL_COMPUTED,NARROW_FLOAT,23,22,6.7923,11.1471,1.3,1314
gnss_raw.txt,2437,379959.400,FINESTEERING,SOL_COMPUTED,NARROW_FLOAT,23,22,6.7923,11.1471,1.4,1314
gnss_raw.txt,2437,379959.500,FINESTEERING,SOL_COMPUTED,NARROW_FLOAT,23,22,6.7923,11.1471,1.5,1314
gnss_raw.txt,2437,379959.600,FINESTEERING,SOL_COMPUTED,NARROW_FLOAT,23,22,6.7923,11.1471,1.6,1314
gnss_raw.txt,2437,379959.700,FINESTEERING,SOL_COMPUTED,NARROW_FLOAT,23,22,6.7923,11.1471,1.7,1314
gnss_raw.txt,2437,379959.800,FINESTEERING,SOL_COMPUTED,NARROW_FLOAT,23,22,6.7923,11.1471,1.8,1314
gnss_raw.txt,2437,379959.900,FINESTEERING,SOL_COMPUTED,NARROW_FLOAT,23,22,6.7923,11.1472,1.9,1314
gnss_raw.txt,2437,379960.000,FINESTEERING,SOL_COMPUTED,NARROW_FLOAT,23,22,6.9292,11.3276,1.0,1314
gnss_raw.txt,2437,379960.100,FINESTEERING,SOL_COMPUTED,NARROW_FLOAT,23,22,6.9292,11.3276,1.1,1314
gnss_raw.txt,2437,379960.200,FINESTEERING,SOL_COMPUTED,NARROW_FLOAT,23,22,6.9292,11.3276,1.2,1314
gnss_raw.txt,2437,379960.300,FINESTEERING,SOL_COMPUTED,NARROW_FLOAT,23,22,6.9292,11.3276,1.3,1314
gnss_raw.txt,2437,379960.400,FINESTEERING,SOL_COMPUTED,NARROW_FLOAT,23,22,6.9292,11.3276,1.4,1314
gnss_raw.txt,2437,379960.500,FINESTEERING,SOL_COMPUTED,NARROW_FLOAT,23,22,6.9292,11.3276,1.5,1314
gnss_raw.txt,2437,379960.600,FINESTEERING,SOL_COMPUTED,NARROW_FLOAT,23,22,6.9292,11.3276,1.6,1314
gnss_raw.txt,2437,379960.700,FINESTEERING,SOL_COMPUTED,NARROW_FLOAT,23,22,6.9292,11.3276,1.7,1314
gnss_raw.txt,2437,379960.800,FINESTEERING,SOL_COMPUTED,NARROW_FLOAT,23,22,6.9292,11.3276,1.8,1314
gnss_raw.txt,2437,379960.900,FINESTEERING,SOL_COMPUTED,NARROW_FLOAT,23,22,6.9292,11.3276,0.9,1314
gnss_raw.txt,2437,379961.000,FINESTEERING,SOL_COMPUTED,NARROW_FLOAT,23,22,7.0229,11.433,1.0,1314
gnss_raw.txt,2437,379961.100,FINESTEERING,SOL_COMPUTED,NARROW_FLOAT,23,22,7.0229,11.433,1.1,1314
gnss_raw.txt,2437,379961.200,FINESTEERING,SOL_COMPUTED,NARROW_FLOAT,23,22,7.0229,11.433,1.2,1314
gnss_raw.txt,2437,379961.300,FINESTEERING,SOL_COMPUTED,NARROW_FLOAT,23,22,7.0229,11.433,1.3,1314
gnss_raw.txt,2437,379961.400,FINESTEERING,SOL_COMPUTED,NARROW_FLOAT,23,22,7.0229,11.433,1.4,1314
gnss_raw.txt,2437,379961.500,FINESTEERING,SOL_COMPUTED,NARROW_FLOAT,23,22,7.0229,11.433,1.5,1314
gnss_raw.txt,2437,379961.600,FINESTEERING,SOL_COMPUTED,NARROW_FLOAT,23,22,7.023,11.433,1.6,1314
gnss_raw.txt,2437,379961.700,FINESTEERING,SOL_COMPUTED,NARROW_FLOAT,23,22,7.023,11.433,1.7,1314
gnss_raw.txt,2437,379961.800,FINESTEERING,SOL_COMPUTED,NARROW_FLOAT,23,22,7.023,11.433,0.8,1314
gnss_raw.txt,2437,379961.900,FINESTEERING,SOL_COMPUTED,NARROW_FLOAT,23,22,7.023,11.433,0.9,1314
gnss_raw.txt,2437,379962.000,FINESTEERING,SOL_COMPUTED,NARROW_FLOAT,23,22,9.8123,15.9026,1.0,1314
gnss_raw.txt,2437,379962.100,FINESTEERING,SOL_COMPUTED,NARROW_FLOAT,23,22,9.8123,15.9026,1.1,1314
gnss_raw.txt,2437,379962.200,FINESTEERING,SOL_COMPUTED,NARROW_FLOAT,23,22,9.8123,15.9026,1.2,1314
gnss_raw.txt,2437,379962.300,FINESTEERING,SOL_COMPUTED,NARROW_FLOAT,23,22,9.8123,15.9026,1.3,1314
gnss_raw.txt,2437,379962.400,FINESTEERING,SOL_COMPUTED,NARROW_FLOAT,23,22,9.8123,15.9026,1.4,1314
gnss_raw.txt,2437,379962.500,FINESTEERING,SOL_COMPUTED,NARROW_FLOAT,23,22,9.8123,15.9026,1.5,1314
gnss_raw.txt,2437,379962.600,FINESTEERING,SOL_COMPUTED,NARROW_FLOAT,23,22,9.8123,15.9026,1.6,1314
gnss_raw.txt,2437,379962.700,FINESTEERING,SOL_COMPUTED,NARROW_FLOAT,23,22,9.8123,15.9026,0.7,1314
gnss_raw.txt,2437,379962.800,FINESTEERING,SOL_COMPUTED,NARROW_FLOAT,23,22,9.8123,15.9026,0.8,1314
gnss_raw.txt,2437,379962.900,FINESTEERING,SOL_COMPUTED,NARROW_FLOAT,23,22,9.8123,15.9026,0.9,1314
gnss_raw.txt,2437,379963.000,FINESTEERING,SOL_COMPUTED,NARROW_FLOAT,23,22,8.6194,13.9034,1.0,1314
gnss_raw.txt,2437,379963.100,FINESTEERING,SOL_COMPUTED,NARROW_FLOAT,23,22,8.6194,13.9034,1.1,1314
gnss_raw.txt,2437,379963.200,FINESTEERING,SOL_COMPUTED,NARROW_FLOAT,23,22,8.6194,13.9034,1.2,1314
gnss_raw.txt,2437,379963.300,FINESTEERING,SOL_COMPUTED,NARROW_FLOAT,23,22,8.6194,13.9034,1.3,1314
gnss_raw.txt,2437,379963.400,FINESTEERING,SOL_COMPUTED,NARROW_FLOAT,23,22,8.6194,13.9034,1.4,1314
gnss_raw.txt,2437,379963.500,FINESTEERING,SOL_COMPUTED,NARROW_FLOAT,23,22,8.6194,13.9034,1.5,1314
gnss_raw.txt,2437,379963.600,FINESTEERING,SOL_COMPUTED,NARROW_FLOAT,23,22,8.6194,13.9034,1.6,1314
gnss_raw.txt,2437,379963.700,FINESTEERING,SOL_COMPUTED,NARROW_FLOAT,23,22,8.6194,13.9034,1.7,1314
gnss_raw.txt,2437,379963.800,FINESTEERING,SOL_COMPUTED,NARROW_FLOAT,23,22,8.6194,13.9034,1.8,1314
gnss_raw.txt,2437,379963.900,FINESTEERING,SOL_COMPUTED,NARROW_FLOAT,23,22,8.6194,13.9034,0.9,1314
gnss_raw.txt,2437,379964.000,FINESTEERING,SOL_COMPUTED,NARROW_FLOAT,23,22,8.1453,13.0733,1.0,1314
gnss_raw.txt,2437,379964.100,FINESTEERING,SOL_COMPUTED,NARROW_FLOAT,23,22,8.1453,13.0733,1.1,1314
gnss_raw.txt,2437,379964.200,FINESTEERING,SOL_COMPUTED,NARROW_FLOAT,23,22,8.1453,13.0733,1.2,1314
gnss_raw.txt,2437,379964.300,FINESTEERING,SOL_COMPUTED,NARROW_FLOAT,23,22,8.1453,13.0733,1.3,1314
gnss_raw.txt,2437,379964.400,FINESTEERING,SOL_COMPUTED,NARROW_FLOAT,23,22,8.1453,13.0733,1.4,1314
gnss_raw.txt,2437,379964.500,FINESTEERING,SOL_COMPUTED,NARROW_FLOAT,23,22,8.1453,13.0733,1.5,1314
gnss_raw.txt,2437,379964.600,FINESTEERING,SOL_COMPUTED,NARROW_FLOAT,23,22,8.1453,13.0733,1.6,1314
gnss_raw.txt,2437,379964.700,FINESTEERING,SOL_COMPUTED,NARROW_FLOAT,23,22,8.1453,13.0733,1.7,1314
gnss_raw.txt,2437,379964.800,FINESTEERING,SOL_COMPUTED,NARROW_FLOAT,23,22,8.1453,13.0733,0.8,1314
gnss_raw.txt,2437,379964.900,FINESTEERING,SOL_COMPUTED,NARROW_FLOAT,23,22,8.1453,13.0733,0.9,1314
gnss_raw.txt,2437,379965.000,FINESTEERING,SOL_COMPUTED,NARROW_FLOAT,23,22,11.8878,18.9771,1.0,1314
gnss_raw.txt,2437,379965.100,FINESTEERING,SOL_COMPUTED,NARROW_FLOAT,23,22,11.8878,18.9771,1.1,1314
gnss_raw.txt,2437,379965.200,FINESTEERING,SOL_COMPUTED,NARROW_FLOAT,23,22,11.8878,18.9771,1.2,1314
gnss_raw.txt,2437,379965.300,FINESTEERING,SOL_COMPUTED,NARROW_FLOAT,24,23,11.8878,18.9771,1.3,1314
gnss_raw.txt,2437,379965.400,FINESTEERING,SOL_COMPUTED,NARROW_FLOAT,24,23,11.8878,18.9771,1.4,1314
gnss_raw.txt,2437,379965.500,FINESTEERING,SOL_COMPUTED,NARROW_FLOAT,24,23,11.8878,18.9771,1.5,1314
gnss_raw.txt,2437,379965.600,FINESTEERING,SOL_COMPUTED,NARROW_FLOAT,24,23,11.8878,18.9771,1.6,1314
gnss_raw.txt,2437,379965.700,FINESTEERING,SOL_COMPUTED,NARROW_FLOAT,24,23,11.8878,18.9771,0.7,1314
gnss_raw.txt,2437,379965.800,FINESTEERING,SOL_COMPUTED,NARROW_FLOAT,24,23,11.8878,18.9771,0.8,1314
gnss_raw.txt,2437,379965.900,FINESTEERING,SOL_COMPUTED,NARROW_FLOAT,24,23,11.8878,18.9771,0.9,1314
gnss_raw.txt,2437,379966.000,FINESTEERING,SOL_COMPUTED,NARROW_FLOAT,24,23,8.7116,13.8313,1.0,1314
gnss_raw.txt,2437,379966.100,FINESTEERING,SOL_COMPUTED,NARROW_FLOAT,24,23,8.7116,13.8313,1.1,1314
gnss_raw.txt,2437,379966.200,FINESTEERING,SOL_COMPUTED,NARROW_FLOAT,24,23,8.7116,13.8313,1.2,1314
gnss_raw.txt,2437,379966.300,FINESTEERING,SOL_COMPUTED,NARROW_FLOAT,24,23,8.7116,13.8313,1.3,1314
gnss_raw.txt,2437,379966.400,FINESTEERING,SOL_COMPUTED,NARROW_FLOAT,24,23,8.7116,13.8313,1.4,1314
gnss_raw.txt,2437,379966.500,FINESTEERING,SOL_COMPUTED,NARROW_FLOAT,24,23,8.7116,13.8313,1.5,1314
gnss_raw.txt,2437,379966.600,FINESTEERING,SOL_COMPUTED,NARROW_FLOAT,24,23,8.7116,13.8313,1.6,1314
gnss_raw.txt,2437,379966.700,FINESTEERING,SOL_COMPUTED,NARROW_FLOAT,24,23,8.7116,13.8313,1.7,1314
gnss_raw.txt,2437,379966.800,FINESTEERING,SOL_COMPUTED,NARROW_FLOAT,24,23,8.7117,13.8313,0.8,1314
gnss_raw.txt,2437,379966.900,FINESTEERING,SOL_COMPUTED,NARROW_FLOAT,24,23,8.7117,13.8313,0.9,1314
gnss_raw.txt,2437,379967.000,FINESTEERING,SOL_COMPUTED,NARROW_FLOAT,24,23,13.4732,21.2624,1.0,1314
gnss_raw.txt,2437,379967.100,FINESTEERING,SOL_COMPUTED,NARROW_FLOAT,24,23,13.4732,21.2624,1.1,1314
gnss_raw.txt,2437,379967.200,FINESTEERING,SOL_COMPUTED,NARROW_FLOAT,24,23,13.4732,21.2624,1.2,1314
gnss_raw.txt,2437,379967.300,FINESTEERING,SOL_COMPUTED,NARROW_FLOAT,24,23,13.4732,21.2624,1.3,1314
gnss_raw.txt,2437,379967.400,FINESTEERING,SOL_COMPUTED,NARROW_FLOAT,24,23,13.4732,21.2624,1.4,1314
gnss_raw.txt,2437,379967.500,FINESTEERING,SOL_COMPUTED,NARROW_FLOAT,24,23,13.4732,21.2624,1.5,1314
gnss_raw.txt,2437,379967.600,FINESTEERING,SOL_COMPUTED,NARROW_FLOAT,24,23,13.4732,21.2624,1.6,1314
gnss_raw.txt,2437,379967.700,FINESTEERING,SOL_COMPUTED,NARROW_FLOAT,24,23,13.4732,21.2624,0.7,1314
gnss_raw.txt,2437,379967.800,FINESTEERING,SOL_COMPUTED,NARROW_FLOAT,24,23,13.4732,21.2624,0.8,1314
gnss_raw.txt,2437,379967.900,FINESTEERING,SOL_COMPUTED,NARROW_FLOAT,24,23,13.4732,21.2624,0.9,1314
gnss_raw.txt,2437,379968.000,FINESTEERING,SOL_COMPUTED,NARROW_FLOAT,24,23,11.8423,18.577,1.0,1314
gnss_raw.txt,2437,379968.100,FINESTEERING,SOL_COMPUTED,NARROW_FLOAT,24,23,11.8423,18.577,1.1,1314
gnss_raw.txt,2437,379968.200,FINESTEERING,SOL_COMPUTED,NARROW_FLOAT,24,23,11.8423,18.577,1.2,1314
gnss_raw.txt,2437,379968.300,FINESTEERING,SOL_COMPUTED,NARROW_FLOAT,24,23,11.8423,18.577,1.3,1314
gnss_raw.txt,2437,379968.400,FINESTEERING,SOL_COMPUTED,NARROW_FLOAT,24,23,11.8423,18.577,1.4,1314
gnss_raw.txt,2437,379968.500,FINESTEERING,SOL_COMPUTED,NARROW_FLOAT,24,23,11.8423,18.577,1.5,1314
gnss_raw.txt,2437,379968.600,FINESTEERING,SOL_COMPUTED,NARROW_FLOAT,24,23,11.8423,18.577,1.6,1314
gnss_raw.txt,2437,379968.700,FINESTEERING,SOL_COMPUTED,NARROW_FLOAT,24,23,11.8423,18.577,1.7,1314
gnss_raw.txt,2437,379968.800,FINESTEERING,SOL_COMPUTED,NARROW_FLOAT,24,23,11.8423,18.577,1.8,1314
gnss_raw.txt,2437,379968.900,FINESTEERING,SOL_COMPUTED,NARROW_FLOAT,24,23,11.8423,18.577,0.9,1314
gnss_raw.txt,2437,379969.000,FINESTEERING,SOL_COMPUTED,NARROW_FLOAT,24,23,12.2899,19.1621,1.0,1314
gnss_raw.txt,2437,379969.100,FINESTEERING,SOL_COMPUTED,NARROW_FLOAT,24,23,12.2899,19.1621,1.1,1314
gnss_raw.txt,2437,379969.200,FINESTEERING,SOL_COMPUTED,NARROW_FLOAT,24,23,12.2899,19.1621,1.2,1314
gnss_raw.txt,2437,379969.300,FINESTEERING,SOL_COMPUTED,NARROW_FLOAT,24,23,12.2899,19.1621,1.3,1314
gnss_raw.txt,2437,379969.400,FINESTEERING,SOL_COMPUTED,NARROW_FLOAT,24,23,12.2899,19.1621,1.4,1314
gnss_raw.txt,2437,379969.500,FINESTEERING,SOL_COMPUTED,NARROW_FLOAT,24,23,12.2899,19.1621,1.5,1314
gnss_raw.txt,2437,379969.600,FINESTEERING,SOL_COMPUTED,NARROW_FLOAT,24,23,12.2899,19.1621,1.6,1314
gnss_raw.txt,2437,379969.700,FINESTEERING,SOL_COMPUTED,NARROW_FLOAT,24,23,12.2899,19.1621,1.7,1314
gnss_raw.txt,2437,379969.800,FINESTEERING,SOL_COMPUTED,NARROW_FLOAT,24,23,12.2899,19.1621,0.8,1314
gnss_raw.txt,2437,379969.900,FINESTEERING,SOL_COMPUTED,NARROW_FLOAT,24,23,12.2899,19.1621,0.9,1314
gnss_raw.txt,2437,379970.000,FINESTEERING,SOL_COMPUTED,NARROW_FLOAT,24,23,12.3809,19.1845,1.0,1314
gnss_raw.txt,2437,379970.100,FINESTEERING,SOL_COMPUTED,NARROW_FLOAT,25,24,12.381,19.1845,1.1,1314
gnss_raw.txt,2437,379970.200,FINESTEERING,SOL_COMPUTED,NARROW_FLOAT,25,24,12.381,19.1845,1.2,1314
gnss_raw.txt,2437,379970.300,FINESTEERING,SOL_COMPUTED,NARROW_FLOAT,25,24,12.381,19.1845,1.3,1314
gnss_raw.txt,2437,379970.400,FINESTEERING,SOL_COMPUTED,NARROW_FLOAT,25,24,12.381,19.1845,1.4,1314
gnss_raw.txt,2437,379970.500,FINESTEERING,SOL_COMPUTED,NARROW_FLOAT,25,24,12.381,19.1845,1.5,1314
gnss_raw.txt,2437,379970.600,FINESTEERING,SOL_COMPUTED,NARROW_FLOAT,25,24,12.381,19.1845,1.6,1314
gnss_raw.txt,2437,379970.700,FINESTEERING,SOL_COMPUTED,NARROW_FLOAT,25,24,12.381,19.1845,0.7,1314
gnss_raw.txt,2437,379970.800,FINESTEERING,SOL_COMPUTED,NARROW_FLOAT,25,24,12.381,19.1845,0.8,1314
gnss_raw.txt,2437,379970.900,FINESTEERING,SOL_COMPUTED,NARROW_FLOAT,25,24,12.381,19.1845,0.9,1314
gnss_raw.txt,2437,379971.000,FINESTEERING,SOL_COMPUTED,NARROW_FLOAT,25,24,12.2421,18.8427,1.0,1314
gnss_raw.txt,2437,379971.100,FINESTEERING,SOL_COMPUTED,NARROW_FLOAT,25,24,12.2421,18.8427,1.1,1314
gnss_raw.txt,2437,379971.200,FINESTEERING,SOL_COMPUTED,NARROW_FLOAT,25,24,12.2422,18.8427,1.2,1314
gnss_raw.txt,2437,379971.300,FINESTEERING,SOL_COMPUTED,NARROW_FLOAT,25,24,12.2422,18.8427,1.3,1314
gnss_raw.txt,2437,379971.400,FINESTEERING,SOL_COMPUTED,NARROW_FLOAT,25,24,12.2422,18.8427,1.4,1314
gnss_raw.txt,2437,379971.500,FINESTEERING,SOL_COMPUTED,NARROW_FLOAT,25,24,12.2422,18.8427,1.5,1314
gnss_raw.txt,2437,379971.600,FINESTEERING,SOL_COMPUTED,NARROW_FLOAT,25,24,12.2422,18.8427,1.6,1314
gnss_raw.txt,2437,379971.700,FINESTEERING,SOL_COMPUTED,NARROW_FLOAT,25,24,12.2422,18.8427,1.7,1314
gnss_raw.txt,2437,379971.800,FINESTEERING,SOL_COMPUTED,NARROW_FLOAT,25,24,12.2422,18.8427,0.8,1314
gnss_raw.txt,2437,379971.900,FINESTEERING,SOL_COMPUTED,NARROW_FLOAT,25,24,12.2422,18.8427,0.9,1314
gnss_raw.txt,2437,379972.000,FINESTEERING,SOL_COMPUTED,NARROW_FLOAT,25,24,12.4197,19.0017,1.0,1314
gnss_raw.txt,2437,379972.100,FINESTEERING,SOL_COMPUTED,NARROW_FLOAT,25,24,12.4197,19.0017,1.1,1314
gnss_raw.txt,2437,379972.200,FINESTEERING,SOL_COMPUTED,NARROW_FLOAT,25,24,12.4197,19.0017,1.2,1314
gnss_raw.txt,2437,379972.300,FINESTEERING,SOL_COMPUTED,NARROW_FLOAT,25,24,12.4197,19.0017,1.3,1314
gnss_raw.txt,2437,379972.400,FINESTEERING,SOL_COMPUTED,NARROW_FLOAT,25,24,12.4197,19.0017,1.4,1314
gnss_raw.txt,2437,379972.500,FINESTEERING,SOL_COMPUTED,NARROW_FLOAT,25,24,12.4197,19.0017,1.5,1314
gnss_raw.txt,2437,379972.600,FINESTEERING,SOL_COMPUTED,NARROW_FLOAT,25,24,12.4197,19.0017,1.6,1314
gnss_raw.txt,2437,379972.700,FINESTEERING,SOL_COMPUTED,NARROW_FLOAT,25,24,12.4197,19.0017,1.7,1314
gnss_raw.txt,2437,379972.800,FINESTEERING,SOL_COMPUTED,NARROW_FLOAT,25,24,12.4197,19.0017,1.8,1314
gnss_raw.txt,2437,379972.900,FINESTEERING,SOL_COMPUTED,NARROW_FLOAT,25,24,12.4197,19.0017,1.9,1314
gnss_raw.txt,2437,379973.000,FINESTEERING,SOL_COMPUTED,NARROW_FLOAT,25,24,14.8831,22.6137,1.0,1314
gnss_raw.txt,2437,379973.100,FINESTEERING,SOL_COMPUTED,NARROW_FLOAT,25,24,14.8831,22.6137,1.1,1314
gnss_raw.txt,2437,379973.200,FINESTEERING,SOL_COMPUTED,NARROW_FLOAT,25,24,14.8831,22.6137,1.2,1314
gnss_raw.txt,2437,379973.300,FINESTEERING,SOL_COMPUTED,NARROW_FLOAT,25,24,14.8831,22.6137,1.3,1314
gnss_raw.txt,2437,379973.400,FINESTEERING,SOL_COMPUTED,NARROW_FLOAT,25,24,14.8831,22.6137,1.4,1314
gnss_raw.txt,2437,379973.500,FINESTEERING,SOL_COMPUTED,NARROW_FLOAT,25,24,14.8831,22.6137,1.5,1314
gnss_raw.txt,2437,379973.600,FINESTEERING,SOL_COMPUTED,NARROW_FLOAT,25,24,14.8831,22.6137,1.6,1314
gnss_raw.txt,2437,379973.700,FINESTEERING,SOL_COMPUTED,NARROW_FLOAT,25,24,14.8831,22.6137,1.7,1314
gnss_raw.txt,2437,379973.800,FINESTEERING,SOL_COMPUTED,NARROW_FLOAT,25,24,14.8831,22.6137,1.8,1314
gnss_raw.txt,2437,379973.900,FINESTEERING,SOL_COMPUTED,NARROW_FLOAT,25,24,14.8831,22.6137,0.9,1314
gnss_raw.txt,2437,379974.000,FINESTEERING,SOL_COMPUTED,NARROW_FLOAT,25,24,10.3982,15.6885,1.0,1314
gnss_raw.txt,2437,379974.100,FINESTEERING,SOL_COMPUTED,NARROW_FLOAT,25,24,10.3982,15.6885,1.1,1314
gnss_raw.txt,2437,379974.200,FINESTEERING,SOL_COMPUTED,NARROW_FLOAT,25,24,10.3982,15.6885,1.2,1314
gnss_raw.txt,2437,379974.300,FINESTEERING,SOL_COMPUTED,NARROW_FLOAT,25,24,10.3982,15.6885,1.3,1314
gnss_raw.txt,2437,379974.400,FINESTEERING,SOL_COMPUTED,NARROW_FLOAT,25,24,10.3982,15.6885,1.4,1314
gnss_raw.txt,2437,379974.500,FINESTEERING,SOL_COMPUTED,NARROW_FLOAT,25,24,10.3982,15.6885,1.5,1314
gnss_raw.txt,2437,379974.600,FINESTEERING,SOL_COMPUTED,NARROW_FLOAT,25,24,10.3982,15.6885,1.6,1314
gnss_raw.txt,2437,379974.700,FINESTEERING,SOL_COMPUTED,NARROW_FLOAT,25,24,10.3982,15.6885,1.7,1314
gnss_raw.txt,2437,379974.800,FINESTEERING,SOL_COMPUTED,NARROW_FLOAT,25,24,10.3982,15.6885,1.8,1314
gnss_raw.txt,2437,379974.900,FINESTEERING,SOL_COMPUTED,NARROW_FLOAT,25,24,10.3982,15.6885,0.9,1314
gnss_raw.txt,2437,379975.000,FINESTEERING,SOL_COMPUTED,NARROW_FLOAT,24,23,18.6385,27.9215,1.0,1314
gnss_raw.txt,2437,379975.100,FINESTEERING,SOL_COMPUTED,NARROW_FLOAT,24,23,18.6385,27.9215,1.1,1314
gnss_raw.txt,2437,379975.200,FINESTEERING,SOL_COMPUTED,NARROW_FLOAT,24,23,18.6385,27.9215,1.2,1314
gnss_raw.txt,2437,379975.300,FINESTEERING,SOL_COMPUTED,NARROW_FLOAT,24,23,18.6385,27.9215,1.3,1314
gnss_raw.txt,2437,379975.400,FINESTEERING,SOL_COMPUTED,NARROW_FLOAT,24,23,18.6385,27.9215,1.4,1314
gnss_raw.txt,2437,379975.500,FINESTEERING,SOL_COMPUTED,NARROW_FLOAT,24,23,18.6386,27.9215,1.5,1314
gnss_raw.txt,2437,379975.600,FINESTEERING,SOL_COMPUTED,NARROW_FLOAT,24,23,18.6386,27.9215,1.6,1314
gnss_raw.txt,2437,379975.700,FINESTEERING,SOL_COMPUTED,NARROW_FLOAT,24,23,18.6386,27.9215,1.7,1314
gnss_raw.txt,2437,379975.800,FINESTEERING,SOL_COMPUTED,NARROW_FLOAT,24,23,18.6386,27.9215,1.8,1314
gnss_raw.txt,2437,379975.900,FINESTEERING,SOL_COMPUTED,NARROW_FLOAT,24,23,18.6386,27.9215,0.9,1314
gnss_raw.txt,2437,379976.000,FINESTEERING,SOL_COMPUTED,NARROW_FLOAT,24,23,13.9814,20.7873,1.0,1314
gnss_raw.txt,2437,379976.100,FINESTEERING,SOL_COMPUTED,NARROW_FLOAT,24,23,13.9814,20.7873,1.1,1314
gnss_raw.txt,2437,379976.200,FINESTEERING,SOL_COMPUTED,NARROW_FLOAT,24,23,13.9814,20.7873,1.2,1314
gnss_raw.txt,2437,379976.300,FINESTEERING,SOL_COMPUTED,NARROW_FLOAT,24,23,13.9814,20.7873,1.3,1314
gnss_raw.txt,2437,379976.400,FINESTEERING,SOL_COMPUTED,NARROW_FLOAT,24,23,13.9814,20.7873,1.4,1314
gnss_raw.txt,2437,379976.500,FINESTEERING,SOL_COMPUTED,NARROW_FLOAT,24,23,13.9814,20.7873,1.5,1314
gnss_raw.txt,2437,379976.600,FINESTEERING,SOL_COMPUTED,NARROW_FLOAT,24,23,13.9814,20.7873,1.6,1314
gnss_raw.txt,2437,379976.700,FINESTEERING,SOL_COMPUTED,NARROW_FLOAT,24,23,13.9814,20.7873,1.7,1314
gnss_raw.txt,2437,379976.800,FINESTEERING,SOL_COMPUTED,NARROW_FLOAT,24,23,13.9814,20.7873,0.8,1314
gnss_raw.txt,2437,379976.900,FINESTEERING,SOL_COMPUTED,NARROW_FLOAT,24,23,13.9814,20.7873,0.9,1314
gnss_raw.txt,2437,379977.000,FINESTEERING,SOL_COMPUTED,NARROW_FLOAT,24,23,19.4596,28.7069,1.0,1314
gnss_raw.txt,2437,379977.100,FINESTEERING,SOL_COMPUTED,NARROW_FLOAT,24,23,19.4596,28.7069,1.1,1314
gnss_raw.txt,2437,379977.200,FINESTEERING,SOL_COMPUTED,NARROW_FLOAT,24,23,19.4596,28.707,1.2,1314
gnss_raw.txt,2437,379977.300,FINESTEERING,SOL_COMPUTED,NARROW_FLOAT,24,23,19.4596,28.707,1.3,1314
gnss_raw.txt,2437,379977.400,FINESTEERING,SOL_COMPUTED,NARROW_FLOAT,24,23,19.4596,28.707,1.4,1314
gnss_raw.txt,2437,379977.500,FINESTEERING,SOL_COMPUTED,NARROW_FLOAT,24,23,19.4596,28.707,1.5,1314
gnss_raw.txt,2437,379977.600,FINESTEERING,SOL_COMPUTED,NARROW_FLOAT,24,23,19.4596,28.707,1.6,1314
gnss_raw.txt,2437,379977.700,FINESTEERING,SOL_COMPUTED,NARROW_FLOAT,24,23,19.4596,28.707,1.7,1314
gnss_raw.txt,2437,379977.800,FINESTEERING,SOL_COMPUTED,NARROW_FLOAT,24,23,19.4596,28.707,1.8,1314
gnss_raw.txt,2437,379977.900,FINESTEERING,SOL_COMPUTED,NARROW_FLOAT,24,23,19.4596,28.707,1.9,1314
gnss_raw.txt,2437,379978.000,FINESTEERING,SOL_COMPUTED,NARROW_FLOAT,24,23,16.719,24.4856,1.0,1314
gnss_raw.txt,2437,379978.100,FINESTEERING,SOL_COMPUTED,NARROW_FLOAT,24,23,16.719,24.4856,1.1,1314
gnss_raw.txt,2437,379978.200,FINESTEERING,SOL_COMPUTED,NARROW_FLOAT,24,23,16.719,24.4856,1.2,1314
gnss_raw.txt,2437,379978.300,FINESTEERING,SOL_COMPUTED,NARROW_FLOAT,24,23,16.719,24.4856,1.3,1314
gnss_raw.txt,2437,379978.400,FINESTEERING,SOL_COMPUTED,NARROW_FLOAT,24,23,16.719,24.4856,1.4,1314
gnss_raw.txt,2437,379978.500,FINESTEERING,SOL_COMPUTED,NARROW_FLOAT,24,23,16.7191,24.4856,1.5,1314
gnss_raw.txt,2437,379978.600,FINESTEERING,SOL_COMPUTED,NARROW_FLOAT,24,23,16.7191,24.4856,1.6,1314
gnss_raw.txt,2437,379978.700,FINESTEERING,SOL_COMPUTED,NARROW_FLOAT,24,23,16.7191,24.4856,1.7,1314
gnss_raw.txt,2437,379978.800,FINESTEERING,SOL_COMPUTED,NARROW_FLOAT,24,23,16.7191,24.4856,0.8,1314
gnss_raw.txt,2437,379978.900,FINESTEERING,SOL_COMPUTED,NARROW_FLOAT,24,23,16.7191,24.4856,0.9,1314
gnss_raw.txt,2437,379979.000,FINESTEERING,SOL_COMPUTED,NARROW_FLOAT,24,23,19.0804,27.7296,1.0,1314
gnss_raw.txt,2437,379979.100,FINESTEERING,SOL_COMPUTED,NARROW_FLOAT,24,23,19.0804,27.7296,1.1,1314
gnss_raw.txt,2437,379979.200,FINESTEERING,SOL_COMPUTED,NARROW_FLOAT,24,23,19.0804,27.7296,1.2,1314
gnss_raw.txt,2437,379979.300,FINESTEERING,SOL_COMPUTED,NARROW_FLOAT,24,23,19.0804,27.7296,1.3,1314
gnss_raw.txt,2437,379979.400,FINESTEERING,SOL_COMPUTED,NARROW_FLOAT,24,23,19.0804,27.7296,1.4,1314
gnss_raw.txt,2437,379979.500,FINESTEERING,SOL_COMPUTED,NARROW_FLOAT,24,23,19.0804,27.7296,1.5,1314
gnss_raw.txt,2437,379979.600,FINESTEERING,SOL_COMPUTED,NARROW_FLOAT,24,23,19.0804,27.7296,1.6,1314
gnss_raw.txt,2437,379979.700,FINESTEERING,SOL_COMPUTED,NARROW_FLOAT,24,23,19.0804,27.7296,1.7,1314
gnss_raw.txt,2437,379979.800,FINESTEERING,SOL_COMPUTED,NARROW_FLOAT,24,23,19.0804,27.7296,1.8,1314
gnss_raw.txt,2437,379979.900,FINESTEERING,SOL_COMPUTED,NARROW_FLOAT,24,23,19.0804,27.7296,0.9,1314
gnss_raw.txt,2437,379980.000,FINESTEERING,SOL_COMPUTED,NARROW_FLOAT,24,23,16.8057,24.2362,1.0,1314
gnss_raw.txt,2437,379980.100,FINESTEERING,SOL_COMPUTED,NARROW_FLOAT,24,23,16.8057,24.2362,1.1,1314
gnss_raw.txt,2437,379980.200,FINESTEERING,SOL_COMPUTED,NARROW_FLOAT,24,23,16.8057,24.2362,1.2,1314
gnss_raw.txt,2437,379980.300,FINESTEERING,SOL_COMPUTED,NARROW_FLOAT,24,23,16.8057,24.2362,1.3,1314
gnss_raw.txt,2437,379980.400,FINESTEERING,SOL_COMPUTED,NARROW_FLOAT,24,23,16.8057,24.2362,1.4,1314
gnss_raw.txt,2437,379980.500,FINESTEERING,SOL_COMPUTED,NARROW_FLOAT,24,23,16.8057,24.2362,1.5,1314
gnss_raw.txt,2437,379980.600,FINESTEERING,SOL_COMPUTED,NARROW_FLOAT,24,23,16.8057,24.2362,1.6,1314
gnss_raw.txt,2437,379980.700,FINESTEERING,SOL_COMPUTED,NARROW_FLOAT,24,23,16.8057,24.2362,1.7,1314
gnss_raw.txt,2437,379980.800,FINESTEERING,SOL_COMPUTED,NARROW_FLOAT,24,23,16.8057,24.2362,0.8,1314
gnss_raw.txt,2437,379980.900,FINESTEERING,SOL_COMPUTED,NARROW_FLOAT,24,23,16.8057,24.2362,0.9,1314
gnss_raw.txt,2437,379981.000,FINESTEERING,SOL_COMPUTED,NARROW_FLOAT,24,23,14.6301,20.9322,1.0,1314
gnss_raw.txt,2437,379981.100,FINESTEERING,SOL_COMPUTED,NARROW_FLOAT,24,23,14.6301,20.9322,1.1,1314
gnss_raw.txt,2437,379981.200,FINESTEERING,SOL_COMPUTED,NARROW_FLOAT,24,23,14.6301,20.9322,1.2,1314
gnss_raw.txt,2437,379981.300,FINESTEERING,SOL_COMPUTED,NARROW_FLOAT,24,23,14.6301,20.9322,1.3,1314
gnss_raw.txt,2437,379981.400,FINESTEERING,SOL_COMPUTED,NARROW_FLOAT,24,23,14.6301,20.9322,1.4,1314
gnss_raw.txt,2437,379981.500,FINESTEERING,SOL_COMPUTED,NARROW_FLOAT,24,23,14.6301,20.9322,1.5,1314
gnss_raw.txt,2437,379981.600,FINESTEERING,SOL_COMPUTED,NARROW_FLOAT,24,23,14.6301,20.9322,1.6,1314
gnss_raw.txt,2437,379981.700,FINESTEERING,SOL_COMPUTED,NARROW_FLOAT,24,23,14.6301,20.9322,1.7,1314
gnss_raw.txt,2437,379981.800,FINESTEERING,SOL_COMPUTED,NARROW_FLOAT,24,23,14.6301,20.9322,0.8,1314
gnss_raw.txt,2437,379981.900,FINESTEERING,SOL_COMPUTED,NARROW_FLOAT,24,23,14.6301,20.9322,0.9,1314
gnss_raw.txt,2437,379982.000,FINESTEERING,SOL_COMPUTED,NARROW_FLOAT,24,23,11.4821,16.3023,1.0,1314
gnss_raw.txt,2437,379982.100,FINESTEERING,SOL_COMPUTED,NARROW_FLOAT,24,23,11.4821,16.3023,1.1,1314
gnss_raw.txt,2437,379982.200,FINESTEERING,SOL_COMPUTED,NARROW_FLOAT,24,23,11.4821,16.3023,1.2,1314
gnss_raw.txt,2437,379982.300,FINESTEERING,SOL_COMPUTED,NARROW_FLOAT,24,23,11.4821,16.3023,1.3,1314
gnss_raw.txt,2437,379982.400,FINESTEERING,SOL_COMPUTED,NARROW_FLOAT,24,23,11.4821,16.3023,1.4,1314
gnss_raw.txt,2437,379982.500,FINESTEERING,SOL_COMPUTED,NARROW_FLOAT,24,23,11.4821,16.3023,1.5,1314
gnss_raw.txt,2437,379982.600,FINESTEERING,SOL_COMPUTED,NARROW_FLOAT,24,23,11.4821,16.3023,1.6,1314
gnss_raw.txt,2437,379982.700,FINESTEERING,SOL_COMPUTED,NARROW_FLOAT,24,23,11.4821,16.3023,1.7,1314
gnss_raw.txt,2437,379982.800,FINESTEERING,SOL_COMPUTED,NARROW_FLOAT,24,23,11.4821,16.3023,1.8,1314
gnss_raw.txt,2437,379982.900,FINESTEERING,SOL_COMPUTED,NARROW_FLOAT,24,23,11.4821,16.3023,0.9,1314
gnss_raw.txt,2437,379983.000,FINESTEERING,SOL_COMPUTED,NARROW_FLOAT,24,23,11.6127,16.3599,1.0,1314
gnss_raw.txt,2437,379983.100,FINESTEERING,SOL_COMPUTED,NARROW_FLOAT,24,23,11.6127,16.3599,1.1,1314
gnss_raw.txt,2437,379983.200,FINESTEERING,SOL_COMPUTED,NARROW_FLOAT,24,23,11.6127,16.3599,1.2,1314
gnss_raw.txt,2437,379983.300,FINESTEERING,SOL_COMPUTED,NARROW_FLOAT,24,23,11.6127,16.3599,1.3,1314
gnss_raw.txt,2437,379983.400,FINESTEERING,SOL_COMPUTED,NARROW_FLOAT,24,23,11.6127,16.3599,1.4,1314
gnss_raw.txt,2437,379983.500,FINESTEERING,SOL_COMPUTED,NARROW_FLOAT,24,23,11.6127,16.3599,1.5,1314
gnss_raw.txt,2437,379983.600,FINESTEERING,SOL_COMPUTED,NARROW_FLOAT,24,23,11.6127,16.3599,1.6,1314
gnss_raw.txt,2437,379983.700,FINESTEERING,SOL_COMPUTED,NARROW_FLOAT,24,23,11.6127,16.3599,1.7,1314
gnss_raw.txt,2437,379983.800,FINESTEERING,SOL_COMPUTED,NARROW_FLOAT,24,23,11.6127,16.3599,1.8,1314
gnss_raw.txt,2437,379983.900,FINESTEERING,SOL_COMPUTED,NARROW_FLOAT,24,23,11.6127,16.3599,0.9,1314
gnss_raw.txt,2437,379984.000,FINESTEERING,SOL_COMPUTED,NARROW_FLOAT,24,23,10.9647,15.33,1.0,1314
gnss_raw.txt,2437,379984.100,FINESTEERING,SOL_COMPUTED,NARROW_FLOAT,24,23,10.9647,15.33,1.1,1314
gnss_raw.txt,2437,379984.200,FINESTEERING,SOL_COMPUTED,NARROW_FLOAT,24,23,10.9647,15.33,1.2,1314
gnss_raw.txt,2437,379984.300,FINESTEERING,SOL_COMPUTED,NARROW_FLOAT,24,23,10.9647,15.33,1.3,1314
gnss_raw.txt,2437,379984.400,FINESTEERING,SOL_COMPUTED,NARROW_FLOAT,24,23,10.9648,15.33,1.4,1314
gnss_raw.txt,2437,379984.500,FINESTEERING,SOL_COMPUTED,NARROW_FLOAT,24,23,10.9648,15.33,1.5,1314
gnss_raw.txt,2437,379984.600,FINESTEERING,SOL_COMPUTED,NARROW_FLOAT,24,23,10.9648,15.33,1.6,1314
gnss_raw.txt,2437,379984.700,FINESTEERING,SOL_COMPUTED,NARROW_FLOAT,24,23,10.9648,15.33,1.7,1314
gnss_raw.txt,2437,379984.800,FINESTEERING,SOL_COMPUTED,NARROW_FLOAT,24,23,10.9648,15.33,1.8,1314
gnss_raw.txt,2437,379984.900,FINESTEERING,SOL_COMPUTED,NARROW_FLOAT,24,23,10.9648,15.3301,0.9,1314
gnss_raw.txt,2437,379985.000,FINESTEERING,SOL_COMPUTED,NARROW_FLOAT,24,23,11.055,15.3429,1.0,1314
gnss_raw.txt,2437,379985.100,FINESTEERING,SOL_COMPUTED,NARROW_FLOAT,24,23,11.055,15.3429,1.1,1314
gnss_raw.txt,2437,379985.200,FINESTEERING,SOL_COMPUTED,NARROW_FLOAT,24,23,11.055,15.3429,1.2,1314
gnss_raw.txt,2437,379985.300,FINESTEERING,SOL_COMPUTED,NARROW_FLOAT,24,23,11.055,15.3429,1.3,1314
gnss_raw.txt,2437,379985.400,FINESTEERING,SOL_COMPUTED,NARROW_FLOAT,24,23,11.055,15.3429,1.4,1314
gnss_raw.txt,2437,379985.500,FINESTEERING,SOL_COMPUTED,NARROW_FLOAT,24,23,11.055,15.3429,1.5,1314
gnss_raw.txt,2437,379985.600,FINESTEERING,SOL_COMPUTED,NARROW_FLOAT,24,23,11.055,15.3429,1.6,1314
gnss_raw.txt,2437,379985.700,FINESTEERING,SOL_COMPUTED,NARROW_FLOAT,24,23,11.055,15.3429,1.7,1314
gnss_raw.txt,2437,379985.800,FINESTEERING,SOL_COMPUTED,NARROW_FLOAT,24,23,11.055,15.3429,0.8,1314
gnss_raw.txt,2437,379985.900,FINESTEERING,SOL_COMPUTED,NARROW_FLOAT,24,23,11.055,15.3429,0.9,1314
gnss_raw.txt,2437,379986.000,FINESTEERING,SOL_COMPUTED,NARROW_FLOAT,24,23,15.3278,21.106,1.0,1314
gnss_raw.txt,2437,379986.100,FINESTEERING,SOL_COMPUTED,NARROW_FLOAT,24,23,15.3278,21.106,1.1,1314
gnss_raw.txt,2437,379986.200,FINESTEERING,SOL_COMPUTED,NARROW_FLOAT,24,23,15.3278,21.106,1.2,1314
gnss_raw.txt,2437,379986.300,FINESTEERING,SOL_COMPUTED,NARROW_FLOAT,24,23,15.3278,21.106,1.3,1314
gnss_raw.txt,2437,379986.400,FINESTEERING,SOL_COMPUTED,NARROW_FLOAT,24,23,15.3278,21.106,1.4,1314
gnss_raw.txt,2437,379986.500,FINESTEERING,SOL_COMPUTED,NARROW_FLOAT,24,23,15.3278,21.106,1.5,1314
gnss_raw.txt,2437,379986.600,FINESTEERING,SOL_COMPUTED,NARROW_FLOAT,23,22,15.3278,21.106,1.6,1314
gnss_raw.txt,2437,379986.700,FINESTEERING,SOL_COMPUTED,NARROW_FLOAT,23,22,15.3278,21.106,1.7,1314
gnss_raw.txt,2437,379986.800,FINESTEERING,SOL_COMPUTED,NARROW_FLOAT,23,22,15.3278,21.106,1.8,1314
gnss_raw.txt,2437,379986.900,FINESTEERING,SOL_COMPUTED,NARROW_FLOAT,23,22,15.3278,21.106,0.9,1314
gnss_raw.txt,2437,379987.000,FINESTEERING,SOL_COMPUTED,NARROW_FLOAT,23,22,14.1529,19.3369,1.0,1314
gnss_raw.txt,2437,379987.100,FINESTEERING,SOL_COMPUTED,NARROW_FLOAT,23,22,14.1529,19.3369,1.1,1314
gnss_raw.txt,2437,379987.200,FINESTEERING,SOL_COMPUTED,NARROW_FLOAT,23,22,14.1529,19.3369,1.2,1314
gnss_raw.txt,2437,379987.300,FINESTEERING,SOL_COMPUTED,NARROW_FLOAT,23,22,14.1529,19.3369,1.3,1314
gnss_raw.txt,2437,379987.400,FINESTEERING,SOL_COMPUTED,NARROW_FLOAT,23,22,14.1529,19.3369,1.4,1314
gnss_raw.txt,2437,379987.500,FINESTEERING,SOL_COMPUTED,NARROW_FLOAT,23,22,14.1529,19.3369,1.5,1314
gnss_raw.txt,2437,379987.600,FINESTEERING,SOL_COMPUTED,NARROW_FLOAT,23,22,14.1529,19.3369,1.6,1314
gnss_raw.txt,2437,379987.700,FINESTEERING,SOL_COMPUTED,NARROW_FLOAT,23,22,14.1529,19.3369,1.7,1314
gnss_raw.txt,2437,379987.800,FINESTEERING,SOL_COMPUTED,NARROW_FLOAT,23,22,14.1529,19.3369,1.8,1314
gnss_raw.txt,2437,379987.900,FINESTEERING,SOL_COMPUTED,NARROW_FLOAT,23,22,14.1529,19.3369,0.9,1314
gnss_raw.txt,2437,379988.000,FINESTEERING,SOL_COMPUTED,NARROW_FLOAT,23,22,17.9525,24.3345,1.0,1314
gnss_raw.txt,2437,379988.100,FINESTEERING,SOL_COMPUTED,NARROW_FLOAT,23,22,17.9525,24.3345,1.1,1314
gnss_raw.txt,2437,379988.200,FINESTEERING,SOL_COMPUTED,NARROW_FLOAT,23,22,17.9525,24.3345,1.2,1314
gnss_raw.txt,2437,379988.300,FINESTEERING,SOL_COMPUTED,NARROW_FLOAT,23,22,17.9525,24.3345,1.3,1314
gnss_raw.txt,2437,379988.400,FINESTEERING,SOL_COMPUTED,NARROW_FLOAT,23,22,17.9525,24.3346,1.4,1314
gnss_raw.txt,2437,379988.500,FINESTEERING,SOL_COMPUTED,NARROW_FLOAT,23,22,17.9525,24.3346,1.5,1314
gnss_raw.txt,2437,379988.600,FINESTEERING,SOL_COMPUTED,NARROW_FLOAT,23,22,17.9525,24.3346,1.6,1314
gnss_raw.txt,2437,379988.700,FINESTEERING,SOL_COMPUTED,NARROW_FLOAT,23,22,17.9525,24.3346,1.7,1314
gnss_raw.txt,2437,379988.800,FINESTEERING,SOL_COMPUTED,NARROW_FLOAT,23,22,17.9525,24.3346,0.8,1314
gnss_raw.txt,2437,379988.900,FINESTEERING,SOL_COMPUTED,NARROW_FLOAT,23,22,17.9525,24.3346,0.9,1314
gnss_raw.txt,2437,379989.000,FINESTEERING,SOL_COMPUTED,NARROW_FLOAT,23,22,14.5301,19.5439,1.0,1314
gnss_raw.txt,2437,379989.100,FINESTEERING,SOL_COMPUTED,NARROW_FLOAT,23,22,14.5301,19.5439,1.1,1314
gnss_raw.txt,2437,379989.200,FINESTEERING,SOL_COMPUTED,NARROW_FLOAT,23,22,14.5301,19.5439,1.2,1314
gnss_raw.txt,2437,379989.300,FINESTEERING,SOL_COMPUTED,NARROW_FLOAT,23,22,14.5301,19.5439,1.3,1314
gnss_raw.txt,2437,379989.400,FINESTEERING,SOL_COMPUTED,NARROW_FLOAT,23,22,14.5301,19.5439,1.4,1314
gnss_raw.txt,2437,379989.500,FINESTEERING,SOL_COMPUTED,NARROW_FLOAT,23,22,14.5301,19.5439,1.5,1314
gnss_raw.txt,2437,379989.600,FINESTEERING,SOL_COMPUTED,NARROW_FLOAT,23,22,14.5301,19.5439,1.6,1314
gnss_raw.txt,2437,379989.700,FINESTEERING,SOL_COMPUTED,NARROW_FLOAT,23,22,14.5301,19.5439,1.7,1314
gnss_raw.txt,2437,379989.800,FINESTEERING,SOL_COMPUTED,NARROW_FLOAT,23,22,14.5302,19.5439,1.8,1314
gnss_raw.txt,2437,379989.900,FINESTEERING,SOL_COMPUTED,NARROW_FLOAT,23,22,14.5302,19.5439,0.9,1314
gnss_raw.txt,2437,379990.000,FINESTEERING,SOL_COMPUTED,NARROW_FLOAT,23,22,16.854,22.4856,1.0,1314
gnss_raw.txt,2437,379990.100,FINESTEERING,SOL_COMPUTED,NARROW_FLOAT,23,22,16.854,22.4856,1.1,1314
gnss_raw.txt,2437,379990.200,FINESTEERING,SOL_COMPUTED,NARROW_FLOAT,23,22,16.854,22.4856,1.2,1314
gnss_raw.txt,2437,379990.300,FINESTEERING,SOL_COMPUTED,NARROW_FLOAT,23,22,16.854,22.4856,1.3,1314
gnss_raw.txt,2437,379990.400,FINESTEERING,SOL_COMPUTED,NARROW_FLOAT,23,22,16.854,22.4856,1.4,1314
gnss_raw.txt,2437,379990.500,FINESTEERING,SOL_COMPUTED,NARROW_FLOAT,23,22,16.854,22.4856,1.5,1314
gnss_raw.txt,2437,379990.600,FINESTEERING,SOL_COMPUTED,NARROW_FLOAT,23,22,16.854,22.4856,1.6,1314
gnss_raw.txt,2437,379990.700,FINESTEERING,SOL_COMPUTED,NARROW_FLOAT,23,22,16.854,22.4856,0.7,1314
gnss_raw.txt,2437,379990.800,FINESTEERING,SOL_COMPUTED,NARROW_FLOAT,23,22,16.854,22.4856,0.8,1314
gnss_raw.txt,2437,379990.900,FINESTEERING,SOL_COMPUTED,NARROW_FLOAT,23,22,16.854,22.4856,0.9,1314
gnss_raw.txt,2437,379991.000,FINESTEERING,SOL_COMPUTED,NARROW_FLOAT,23,22,15.0104,19.8731,1.0,1314
gnss_raw.txt,2437,379991.100,FINESTEERING,SOL_COMPUTED,NARROW_FLOAT,23,22,15.0104,19.8731,1.1,1314
gnss_raw.txt,2437,379991.200,FINESTEERING,SOL_COMPUTED,NARROW_FLOAT,23,22,15.0104,19.8731,1.2,1314
gnss_raw.txt,2437,379991.300,FINESTEERING,SOL_COMPUTED,NARROW_FLOAT,23,22,15.0104,19.8731,1.3,1314
gnss_raw.txt,2437,379991.400,FINESTEERING,SOL_COMPUTED,NARROW_FLOAT,23,22,15.0104,19.8731,1.4,1314
gnss_raw.txt,2437,379991.500,FINESTEERING,SOL_COMPUTED,NARROW_FLOAT,23,22,15.0104,19.8731,1.5,1314
gnss_raw.txt,2437,379991.600,FINESTEERING,SOL_COMPUTED,NARROW_FLOAT,23,22,15.0104,19.8731,1.6,1314
gnss_raw.txt,2437,379991.700,FINESTEERING,SOL_COMPUTED,NARROW_FLOAT,23,22,15.0104,19.8731,1.7,1314
gnss_raw.txt,2437,379991.800,FINESTEERING,SOL_COMPUTED,NARROW_FLOAT,23,22,15.0104,19.8731,0.8,1314
gnss_raw.txt,2437,379991.900,FINESTEERING,SOL_COMPUTED,NARROW_FLOAT,23,22,15.0104,19.8731,0.9,1314
gnss_raw.txt,2437,379992.000,FINESTEERING,SOL_COMPUTED,NARROW_FLOAT,23,22,11.3506,14.9178,1.0,1314
gnss_raw.txt,2437,379992.100,FINESTEERING,SOL_COMPUTED,NARROW_FLOAT,23,22,11.3506,14.9178,1.1,1314
gnss_raw.txt,2437,379992.200,FINESTEERING,SOL_COMPUTED,NARROW_FLOAT,23,22,11.3506,14.9178,1.2,1314
gnss_raw.txt,2437,379992.300,FINESTEERING,SOL_COMPUTED,NARROW_FLOAT,23,22,11.3507,14.9178,1.3,1314
gnss_raw.txt,2437,379992.400,FINESTEERING,SOL_COMPUTED,NARROW_FLOAT,23,22,11.3507,14.9178,1.4,1314
gnss_raw.txt,2437,379992.500,FINESTEERING,SOL_COMPUTED,NARROW_FLOAT,23,22,11.3507,14.9178,1.5,1314
gnss_raw.txt,2437,379992.600,FINESTEERING,SOL_COMPUTED,NARROW_FLOAT,23,22,11.3507,14.9178,1.6,1314
gnss_raw.txt,2437,379992.700,FINESTEERING,SOL_COMPUTED,NARROW_FLOAT,23,22,11.3507,14.9178,1.7,1314
gnss_raw.txt,2437,379992.800,FINESTEERING,SOL_COMPUTED,NARROW_FLOAT,23,22,11.3507,14.9178,1.8,1314
gnss_raw.txt,2437,379992.900,FINESTEERING,SOL_COMPUTED,NARROW_FLOAT,23,22,11.3507,14.9178,0.9,1314
gnss_raw.txt,2437,379993.000,FINESTEERING,SOL_COMPUTED,NARROW_FLOAT,23,22,16.8011,21.9102,1.0,1314
gnss_raw.txt,2437,379993.100,FINESTEERING,SOL_COMPUTED,NARROW_FLOAT,23,22,16.8011,21.9102,1.1,1314
gnss_raw.txt,2437,379993.200,FINESTEERING,SOL_COMPUTED,NARROW_FLOAT,23,22,16.8011,21.9103,1.2,1314
gnss_raw.txt,2437,379993.300,FINESTEERING,SOL_COMPUTED,NARROW_FLOAT,23,22,16.8011,21.9103,1.3,1314
gnss_raw.txt,2437,379993.400,FINESTEERING,SOL_COMPUTED,NARROW_FLOAT,23,22,16.8011,21.9103,1.4,1314
gnss_raw.txt,2437,379993.500,FINESTEERING,SOL_COMPUTED,NARROW_FLOAT,23,22,16.8011,21.9103,1.5,1314
gnss_raw.txt,2437,379993.600,FINESTEERING,SOL_COMPUTED,NARROW_FLOAT,23,22,16.8011,21.9103,1.6,1314
gnss_raw.txt,2437,379993.700,FINESTEERING,SOL_COMPUTED,NARROW_FLOAT,23,22,16.8011,21.9103,1.7,1314
gnss_raw.txt,2437,379993.800,FINESTEERING,SOL_COMPUTED,NARROW_FLOAT,23,22,16.8011,21.9103,1.8,1314
gnss_raw.txt,2437,379993.900,FINESTEERING,SOL_COMPUTED,NARROW_FLOAT,23,22,16.8011,21.9103,1.9,1314
gnss_raw.txt,2437,379994.000,FINESTEERING,SOL_COMPUTED,NARROW_FLOAT,23,22,16.639,21.5328,1.0,1314
gnss_raw.txt,2437,379994.100,FINESTEERING,SOL_COMPUTED,NARROW_FLOAT,23,22,16.639,21.5328,1.1,1314
gnss_raw.txt,2437,379994.200,FINESTEERING,SOL_COMPUTED,NARROW_FLOAT,23,22,16.639,21.5328,1.2,1314
gnss_raw.txt,2437,379994.300,FINESTEERING,SOL_COMPUTED,NARROW_FLOAT,23,22,16.639,21.5328,1.3,1314
gnss_raw.txt,2437,379994.400,FINESTEERING,SOL_COMPUTED,NARROW_FLOAT,23,22,16.639,21.5328,1.4,1314
gnss_raw.txt,2437,379994.500,FINESTEERING,SOL_COMPUTED,NARROW_FLOAT,23,22,16.639,21.5328,1.5,1314
gnss_raw.txt,2437,379994.600,FINESTEERING,SOL_COMPUTED,NARROW_FLOAT,23,22,16.639,21.5328,1.6,1314
gnss_raw.txt,2437,379994.700,FINESTEERING,SOL_COMPUTED,NARROW_FLOAT,23,22,16.639,21.5328,1.7,1314
gnss_raw.txt,2437,379994.800,FINESTEERING,SOL_COMPUTED,NARROW_FLOAT,23,22,16.639,21.5328,0.8,1314
gnss_raw.txt,2437,379994.900,FINESTEERING,SOL_COMPUTED,NARROW_FLOAT,23,22,16.639,21.5328,0.9,1314
gnss_raw.txt,2437,379995.000,FINESTEERING,SOL_COMPUTED,NARROW_FLOAT,23,22,18.249,23.4325,1.0,1314
gnss_raw.txt,2437,379995.100,FINESTEERING,SOL_COMPUTED,NARROW_FLOAT,23,22,18.249,23.4325,1.1,1314
gnss_raw.txt,2437,379995.200,FINESTEERING,SOL_COMPUTED,NARROW_FLOAT,23,22,18.249,23.4325,1.2,1314
gnss_raw.txt,2437,379995.300,FINESTEERING,SOL_COMPUTED,NARROW_FLOAT,23,22,18.249,23.4325,1.3,1314
gnss_raw.txt,2437,379995.400,FINESTEERING,SOL_COMPUTED,NARROW_FLOAT,23,22,18.249,23.4325,1.4,1314
gnss_raw.txt,2437,379995.500,FINESTEERING,SOL_COMPUTED,NARROW_FLOAT,23,22,18.249,23.4325,1.5,1314
gnss_raw.txt,2437,379995.600,FINESTEERING,SOL_COMPUTED,NARROW_FLOAT,23,22,18.249,23.4325,1.6,1314
gnss_raw.txt,2437,379995.700,FINESTEERING,SOL_COMPUTED,NARROW_FLOAT,23,22,18.2491,23.4325,0.7,1314
gnss_raw.txt,2437,379995.800,FINESTEERING,SOL_COMPUTED,NARROW_FLOAT,23,22,18.2491,23.4325,0.8,1314
gnss_raw.txt,2437,379995.900,FINESTEERING,SOL_COMPUTED,NARROW_FLOAT,23,22,18.2491,23.4325,0.9,1314
gnss_raw.txt,2437,379996.000,FINESTEERING,SOL_COMPUTED,NARROW_FLOAT,23,22,15.3169,19.5186,1.0,1314
gnss_raw.txt,2437,379996.100,FINESTEERING,SOL_COMPUTED,NARROW_FLOAT,23,22,15.3169,19.5186,1.1,1314
gnss_raw.txt,2437,379996.200,FINESTEERING,SOL_COMPUTED,NARROW_FLOAT,23,22,15.3169,19.5186,1.2,1314
gnss_raw.txt,2437,379996.300,FINESTEERING,SOL_COMPUTED,NARROW_FLOAT,23,22,15.3169,19.5186,1.3,1314
gnss_raw.txt,2437,379996.400,FINESTEERING,SOL_COMPUTED,NARROW_FLOAT,23,22,15.3169,19.5186,1.4,1314
gnss_raw.txt,2437,379996.500,FINESTEERING,SOL_COMPUTED,NARROW_FLOAT,23,22,15.3169,19.5186,1.5,1314
gnss_raw.txt,2437,379996.600,FINESTEERING,SOL_COMPUTED,NARROW_FLOAT,23,22,15.3169,19.5186,1.6,1314
gnss_raw.txt,2437,379996.700,FINESTEERING,SOL_COMPUTED,NARROW_FLOAT,23,22,15.3169,19.5186,1.7,1314
gnss_raw.txt,2437,379996.800,FINESTEERING,SOL_COMPUTED,NARROW_FLOAT,23,22,15.3169,19.5186,1.8,1314
gnss_raw.txt,2437,379996.900,FINESTEERING,SOL_COMPUTED,NARROW_FLOAT,23,22,15.3169,19.5186,1.9,1314
gnss_raw.txt,2437,379997.000,FINESTEERING,SOL_COMPUTED,NARROW_FLOAT,23,22,18.5678,23.4798,1.0,1314
gnss_raw.txt,2437,379997.100,FINESTEERING,SOL_COMPUTED,NARROW_FLOAT,23,22,18.5678,23.4798,1.1,1314
gnss_raw.txt,2437,379997.200,FINESTEERING,SOL_COMPUTED,NARROW_FLOAT,23,22,18.5678,23.4798,1.2,1314
gnss_raw.txt,2437,379997.300,FINESTEERING,SOL_COMPUTED,NARROW_FLOAT,23,22,18.5678,23.4798,1.3,1314
gnss_raw.txt,2437,379997.400,FINESTEERING,SOL_COMPUTED,NARROW_FLOAT,23,22,18.5678,23.4798,1.4,1314
gnss_raw.txt,2437,379997.500,FINESTEERING,SOL_COMPUTED,NARROW_FLOAT,23,22,18.5678,23.4798,1.5,1314
gnss_raw.txt,2437,379997.600,FINESTEERING,SOL_COMPUTED,NARROW_FLOAT,23,22,18.5678,23.4798,1.6,1314
gnss_raw.txt,2437,379997.700,FINESTEERING,SOL_COMPUTED,NARROW_FLOAT,23,22,18.5678,23.4798,1.7,1314
gnss_raw.txt,2437,379997.800,FINESTEERING,SOL_COMPUTED,NARROW_FLOAT,23,22,18.5678,23.4798,1.8,1314
gnss_raw.txt,2437,379997.900,FINESTEERING,SOL_COMPUTED,NARROW_FLOAT,23,22,18.5678,23.4798,0.9,1314
gnss_raw.txt,2437,379998.000,FINESTEERING,SOL_COMPUTED,NARROW_FLOAT,23,22,18.2944,22.9596,1.0,1314
gnss_raw.txt,2437,379998.100,FINESTEERING,SOL_COMPUTED,NARROW_FLOAT,23,22,18.2944,22.9596,1.1,1314
gnss_raw.txt,2437,379998.200,FINESTEERING,SOL_COMPUTED,NARROW_FLOAT,23,22,18.2944,22.9596,1.2,1314
gnss_raw.txt,2437,379998.300,FINESTEERING,SOL_COMPUTED,NARROW_FLOAT,23,22,18.2944,22.9596,1.3,1314
gnss_raw.txt,2437,379998.400,FINESTEERING,SOL_COMPUTED,NARROW_FLOAT,23,22,18.2944,22.9596,1.4,1314
gnss_raw.txt,2437,379998.500,FINESTEERING,SOL_COMPUTED,NARROW_FLOAT,23,22,18.2944,22.9596,1.5,1314
gnss_raw.txt,2437,379998.600,FINESTEERING,SOL_COMPUTED,NARROW_FLOAT,23,22,18.2944,22.9596,1.6,1314
gnss_raw.txt,2437,379998.700,FINESTEERING,SOL_COMPUTED,NARROW_FLOAT,23,22,18.2944,22.9596,1.7,1314
gnss_raw.txt,2437,379998.800,FINESTEERING,SOL_COMPUTED,NARROW_FLOAT,23,22,18.2944,22.9596,1.8,1314
gnss_raw.txt,2437,379998.900,FINESTEERING,SOL_COMPUTED,NARROW_FLOAT,23,22,18.2944,22.9596,0.9,1314
gnss_raw.txt,2437,379999.000,FINESTEERING,SOL_COMPUTED,NARROW_FLOAT,23,22,18.309,22.8064,1.0,1314
gnss_raw.txt,2437,379999.100,FINESTEERING,SOL_COMPUTED,NARROW_FLOAT,23,22,18.309,22.8064,1.1,1314
gnss_raw.txt,2437,379999.200,FINESTEERING,SOL_COMPUTED,NARROW_FLOAT,23,22,18.309,22.8064,1.2,1314
gnss_raw.txt,2437,379999.300,FINESTEERING,SOL_COMPUTED,NARROW_FLOAT,23,22,18.309,22.8064,1.3,1314
gnss_raw.txt,2437,379999.400,FINESTEERING,SOL_COMPUTED,NARROW_FLOAT,23,22,18.309,22.8064,1.4,1314
gnss_raw.txt,2437,379999.500,FINESTEERING,SOL_COMPUTED,NARROW_FLOAT,23,22,18.309,22.8064,1.5,1314
gnss_raw.txt,2437,379999.600,FINESTEERING,SOL_COMPUTED,NARROW_FLOAT,23,22,18.309,22.8064,1.6,1314
gnss_raw.txt,2437,379999.700,FINESTEERING,SOL_COMPUTED,NARROW_FLOAT,23,22,18.309,22.8064,1.7,1314
gnss_raw.txt,2437,379999.800,FINESTEERING,SOL_COMPUTED,NARROW_FLOAT,23,22,18.309,22.8064,1.8,1314
gnss_raw.txt,2437,379999.900,FINESTEERING,SOL_COMPUTED,NARROW_FLOAT,23,22,18.309,22.8064,0.9,1314
gnss_raw.txt,2437,380000.000,FINESTEERING,SOL_COMPUTED,NARROW_FLOAT,23,22,17.7152,21.9028,1.0,1314
gnss_raw.txt,2437,380000.100,FINESTEERING,SOL_COMPUTED,NARROW_FLOAT,23,22,17.7152,21.9028,1.1,1314
gnss_raw.txt,2437,380000.200,FINESTEERING,SOL_COMPUTED,NARROW_FLOAT,23,22,17.7152,21.9028,1.2,1314
gnss_raw.txt,2437,380000.300,FINESTEERING,SOL_COMPUTED,NARROW_FLOAT,23,22,17.7152,21.9028,1.3,1314
gnss_raw.txt,2437,380000.400,FINESTEERING,SOL_COMPUTED,NARROW_FLOAT,23,22,17.7152,21.9028,1.4,1314
gnss_raw.txt,2437,380000.500,FINESTEERING,SOL_COMPUTED,NARROW_FLOAT,23,22,17.7152,21.9028,1.5,1314
gnss_raw.txt,2437,380000.600,FINESTEERING,SOL_COMPUTED,NARROW_FLOAT,23,22,17.7152,21.9028,1.6,1314
gnss_raw.txt,2437,380000.700,FINESTEERING,SOL_COMPUTED,NARROW_FLOAT,23,22,17.7152,21.9028,1.7,1314
gnss_raw.txt,2437,380000.800,FINESTEERING,SOL_COMPUTED,NARROW_FLOAT,23,22,17.7152,21.9028,1.8,1314
gnss_raw.txt,2437,380000.900,FINESTEERING,SOL_COMPUTED,NARROW_FLOAT,23,22,17.7152,21.9028,0.9,1314
gnss_raw.txt,2437,380001.000,FINESTEERING,SOL_COMPUTED,NARROW_FLOAT,23,22,13.7752,16.9104,1.0,1314
gnss_raw.txt,2437,380001.100,FINESTEERING,SOL_COMPUTED,NARROW_FLOAT,23,22,13.7752,16.9104,1.1,1314
gnss_raw.txt,2437,380001.200,FINESTEERING,SOL_COMPUTED,NARROW_FLOAT,23,22,13.7752,16.9104,1.2,1314
gnss_raw.txt,2437,380001.300,FINESTEERING,SOL_COMPUTED,NARROW_FLOAT,23,22,13.7752,16.9104,1.3,1314
gnss_raw.txt,2437,380001.400,FINESTEERING,SOL_COMPUTED,NARROW_FLOAT,23,22,13.7752,16.9104,1.4,1314
gnss_raw.txt,2437,380001.500,FINESTEERING,SOL_COMPUTED,NARROW_FLOAT,23,22,13.7752,16.9104,1.5,1314
gnss_raw.txt,2437,380001.600,FINESTEERING,SOL_COMPUTED,NARROW_FLOAT,23,22,13.7752,16.9104,1.6,1314
gnss_raw.txt,2437,380001.700,FINESTEERING,SOL_COMPUTED,NARROW_FLOAT,23,22,13.7752,16.9104,0.7,1314
gnss_raw.txt,2437,380001.800,FINESTEERING,SOL_COMPUTED,NARROW_FLOAT,23,22,13.7752,16.9104,0.8,1314
gnss_raw.txt,2437,380001.900,FINESTEERING,SOL_COMPUTED,NARROW_FLOAT,23,22,13.7752,16.9104,0.9,1314
gnss_raw.txt,2437,380002.000,FINESTEERING,SOL_COMPUTED,NARROW_FLOAT,23,22,15.4229,18.7989,1.0,1314
gnss_raw.txt,2437,380002.100,FINESTEERING,SOL_COMPUTED,NARROW_FLOAT,23,22,15.4229,18.7989,1.1,1314
gnss_raw.txt,2437,380002.200,FINESTEERING,SOL_COMPUTED,NARROW_FLOAT,23,22,15.4229,18.7989,1.2,1314
gnss_raw.txt,2437,380002.300,FINESTEERING,SOL_COMPUTED,NARROW_FLOAT,23,22,15.4229,18.7989,1.3,1314
gnss_raw.txt,2437,380002.400,FINESTEERING,SOL_COMPUTED,NARROW_FLOAT,23,22,15.4229,18.799,1.4,1314
gnss_raw.txt,2437,380002.500,FINESTEERING,SOL_COMPUTED,NARROW_FLOAT,23,22,15.4229,18.799,1.5,1314
gnss_raw.txt,2437,380002.600,FINESTEERING,SOL_COMPUTED,NARROW_FLOAT,23,22,15.4229,18.799,1.6,1314
gnss_raw.txt,2437,380002.700,FINESTEERING,SOL_COMPUTED,NARROW_FLOAT,23,22,15.4229,18.799,1.7,1314
gnss_raw.txt,2437,380002.800,FINESTEERING,SOL_COMPUTED,NARROW_FLOAT,23,22,15.4229,18.799,1.8,1314
gnss_raw.txt,2437,380002.900,FINESTEERING,SOL_COMPUTED,NARROW_FLOAT,23,22,15.4229,18.799,0.9,1314
gnss_raw.txt,2437,380003.000,FINESTEERING,SOL_COMPUTED,NARROW_FLOAT,23,22,14.3395,17.3574,1.0,1314
gnss_raw.txt,2437,380003.100,FINESTEERING,SOL_COMPUTED,NARROW_FLOAT,23,22,14.3395,17.3574,1.1,1314
gnss_raw.txt,2437,380003.200,FINESTEERING,SOL_COMPUTED,NARROW_FLOAT,23,22,14.3395,17.3574,1.2,1314
gnss_raw.txt,2437,380003.300,FINESTEERING,SOL_COMPUTED,NARROW_FLOAT,23,22,14.3395,17.3574,1.3,1314
gnss_raw.txt,2437,380003.400,FINESTEERING,SOL_COMPUTED,NARROW_FLOAT,23,22,14.3395,17.3574,1.4,1314
gnss_raw.txt,2437,380003.500,FINESTEERING,SOL_COMPUTED,NARROW_FLOAT,23,22,14.3395,17.3574,1.5,1314
gnss_raw.txt,2437,380003.600,FINESTEERING,SOL_COMPUTED,NARROW_FLOAT,23,22,14.3395,17.3574,1.6,1314
gnss_raw.txt,2437,380003.700,FINESTEERING,SOL_COMPUTED,NARROW_FLOAT,23,22,14.3395,17.3574,1.7,1314
gnss_raw.txt,2437,380003.800,FINESTEERING,SOL_COMPUTED,NARROW_FLOAT,23,22,14.3395,17.3574,1.8,1314
gnss_raw.txt,2437,380003.900,FINESTEERING,SOL_COMPUTED,NARROW_FLOAT,23,22,14.3395,17.3574,0.9,1314
gnss_raw.txt,2437,380004.000,FINESTEERING,SOL_COMPUTED,NARROW_FLOAT,23,22,15.2374,18.3187,1.0,1314
gnss_raw.txt,2437,380004.100,FINESTEERING,SOL_COMPUTED,NARROW_FLOAT,23,22,15.2374,18.3187,1.1,1314
gnss_raw.txt,2437,380004.200,FINESTEERING,SOL_COMPUTED,NARROW_FLOAT,23,22,15.2374,18.3187,1.2,1314
gnss_raw.txt,2437,380004.300,FINESTEERING,SOL_COMPUTED,NARROW_FLOAT,23,22,15.2374,18.3187,1.3,1314
gnss_raw.txt,2437,380004.400,FINESTEERING,SOL_COMPUTED,NARROW_FLOAT,23,22,15.2374,18.3187,1.4,1314
gnss_raw.txt,2437,380004.500,FINESTEERING,SOL_COMPUTED,NARROW_FLOAT,23,22,15.2374,18.3187,1.5,1314
gnss_raw.txt,2437,380004.600,FINESTEERING,SOL_COMPUTED,NARROW_FLOAT,23,22,15.2374,18.3187,1.6,1314
gnss_raw.txt,2437,380004.700,FINESTEERING,SOL_COMPUTED,NARROW_FLOAT,23,22,15.2374,18.3187,1.7,1314
gnss_raw.txt,2437,380004.800,FINESTEERING,SOL_COMPUTED,NARROW_FLOAT,23,22,15.2374,18.3187,0.8,1314
gnss_raw.txt,2437,380004.900,FINESTEERING,SOL_COMPUTED,NARROW_FLOAT,23,22,15.2375,18.3187,0.9,1314
gnss_raw.txt,2437,380005.000,FINESTEERING,SOL_COMPUTED,NARROW_FLOAT,23,22,19.495,23.2738,1.0,1314
gnss_raw.txt,2437,380005.100,FINESTEERING,SOL_COMPUTED,NARROW_FLOAT,23,22,19.495,23.2738,1.1,1314
gnss_raw.txt,2437,380005.200,FINESTEERING,SOL_COMPUTED,NARROW_FLOAT,23,22,19.495,23.2738,1.2,1314
gnss_raw.txt,2437,380005.300,FINESTEERING,SOL_COMPUTED,NARROW_FLOAT,23,22,19.495,23.2738,1.3,1314
gnss_raw.txt,2437,380005.400,FINESTEERING,SOL_COMPUTED,NARROW_FLOAT,23,22,19.495,23.2738,1.4,1314
gnss_raw.txt,2437,380005.500,FINESTEERING,SOL_COMPUTED,NARROW_FLOAT,23,22,19.495,23.2738,1.5,1314
gnss_raw.txt,2437,380005.600,FINESTEERING,SOL_COMPUTED,NARROW_FLOAT,23,22,19.495,23.2738,1.6,1314
gnss_raw.txt,2437,380005.700,FINESTEERING,SOL_COMPUTED,NARROW_FLOAT,23,22,19.495,23.2738,1.7,1314
gnss_raw.txt,2437,380005.800,FINESTEERING,SOL_COMPUTED,NARROW_FLOAT,23,22,19.495,23.2738,1.8,1314
gnss_raw.txt,2437,380005.900,FINESTEERING,SOL_COMPUTED,NARROW_FLOAT,23,22,19.495,23.2738,0.9,1314
gnss_raw.txt,2437,380006.000,FINESTEERING,SOL_COMPUTED,NARROW_FLOAT,23,22,16.9389,20.0888,1.0,1314
gnss_raw.txt,2437,380006.100,FINESTEERING,SOL_COMPUTED,NARROW_FLOAT,23,22,16.9389,20.0888,1.1,1314
gnss_raw.txt,2437,380006.200,FINESTEERING,SOL_COMPUTED,NARROW_FLOAT,23,22,16.9389,20.0888,1.2,1314
gnss_raw.txt,2437,380006.300,FINESTEERING,SOL_COMPUTED,NARROW_FLOAT,23,22,16.9389,20.0888,1.3,1314
gnss_raw.txt,2437,380006.400,FINESTEERING,SOL_COMPUTED,NARROW_FLOAT,23,22,16.9389,20.0888,1.4,1314
gnss_raw.txt,2437,380006.500,FINESTEERING,SOL_COMPUTED,NARROW_FLOAT,23,22,16.9389,20.0888,1.5,1314
gnss_raw.txt,2437,380006.600,FINESTEERING,SOL_COMPUTED,NARROW_FLOAT,23,22,16.9389,20.0888,1.6,1314
gnss_raw.txt,2437,380006.700,FINESTEERING,SOL_COMPUTED,NARROW_FLOAT,23,22,16.9389,20.0888,1.7,1314
gnss_raw.txt,2437,380006.800,FINESTEERING,SOL_COMPUTED,NARROW_FLOAT,23,22,16.9389,20.0888,1.8,1314
gnss_raw.txt,2437,380006.900,FINESTEERING,SOL_COMPUTED,NARROW_FLOAT,23,22,16.9389,20.0888,0.9,1314
gnss_raw.txt,2437,380007.000,FINESTEERING,SOL_COMPUTED,NARROW_FLOAT,23,22,13.3884,15.8231,1.0,1314
gnss_raw.txt,2437,380007.100,FINESTEERING,SOL_COMPUTED,NARROW_FLOAT,23,22,13.3884,15.8231,1.1,1314
gnss_raw.txt,2437,380007.200,FINESTEERING,SOL_COMPUTED,NARROW_FLOAT,23,22,13.3884,15.8231,1.2,1314
gnss_raw.txt,2437,380007.300,FINESTEERING,SOL_COMPUTED,NARROW_FLOAT,23,22,13.3884,15.8231,1.3,1314
gnss_raw.txt,2437,380007.400,FINESTEERING,SOL_COMPUTED,NARROW_FLOAT,23,22,13.3884,15.8231,1.4,1314
gnss_raw.txt,2437,380007.500,FINESTEERING,SOL_COMPUTED,NARROW_FLOAT,23,22,13.3884,15.8231,1.5,1314
gnss_raw.txt,2437,380007.600,FINESTEERING,SOL_COMPUTED,NARROW_FLOAT,23,22,13.3884,15.8231,1.6,1314
gnss_raw.txt,2437,380007.700,FINESTEERING,SOL_COMPUTED,NARROW_FLOAT,23,22,13.3884,15.8231,1.7,1314
gnss_raw.txt,2437,380007.800,FINESTEERING,SOL_COMPUTED,NARROW_FLOAT,23,22,13.3884,15.8231,0.8,1314
gnss_raw.txt,2437,380007.900,FINESTEERING,SOL_COMPUTED,NARROW_FLOAT,23,22,13.3884,15.8231,0.9,1314
gnss_raw.txt,2437,380008.000,FINESTEERING,SOL_COMPUTED,NARROW_FLOAT,23,22,12.1046,14.2147,1.0,1314
gnss_raw.txt,2437,380008.100,FINESTEERING,SOL_COMPUTED,NARROW_FLOAT,23,22,12.1046,14.2147,1.1,1314
gnss_raw.txt,2437,380008.200,FINESTEERING,SOL_COMPUTED,NARROW_FLOAT,23,22,12.1046,14.2147,1.2,1314
gnss_raw.txt,2437,380008.300,FINESTEERING,SOL_COMPUTED,NARROW_FLOAT,23,22,12.1046,14.2147,1.3,1314
gnss_raw.txt,2437,380008.400,FINESTEERING,SOL_COMPUTED,NARROW_FLOAT,23,22,12.1046,14.2147,1.4,1314
gnss_raw.txt,2437,380008.500,FINESTEERING,SOL_COMPUTED,NARROW_FLOAT,23,22,12.1046,14.2147,1.5,1314
gnss_raw.txt,2437,380008.600,FINESTEERING,SOL_COMPUTED,NARROW_FLOAT,23,22,12.1046,14.2147,1.6,1314
gnss_raw.txt,2437,380008.700,FINESTEERING,SOL_COMPUTED,NARROW_FLOAT,23,22,12.1046,14.2147,1.7,1314
gnss_raw.txt,2437,380008.800,FINESTEERING,SOL_COMPUTED,NARROW_FLOAT,23,22,12.1046,14.2147,1.8,1314
gnss_raw.txt,2437,380008.900,FINESTEERING,SOL_COMPUTED,NARROW_FLOAT,23,22,12.1046,14.2147,0.9,1314
gnss_raw.txt,2437,380009.000,FINESTEERING,SOL_COMPUTED,NARROW_FLOAT,23,22,14.5201,16.9341,1.0,1314
gnss_raw.txt,2437,380009.100,FINESTEERING,SOL_COMPUTED,NARROW_FLOAT,23,22,14.5201,16.9341,1.1,1314
gnss_raw.txt,2437,380009.200,FINESTEERING,SOL_COMPUTED,NARROW_FLOAT,23,22,14.5201,16.9342,1.2,1314
gnss_raw.txt,2437,380009.300,FINESTEERING,SOL_COMPUTED,NARROW_FLOAT,23,22,14.5201,16.9342,1.3,1314
gnss_raw.txt,2437,380009.400,FINESTEERING,SOL_COMPUTED,NARROW_FLOAT,23,22,14.5201,16.9342,1.4,1314
gnss_raw.txt,2437,380009.500,FINESTEERING,SOL_COMPUTED,NARROW_FLOAT,23,22,14.5201,16.9342,1.5,1314
gnss_raw.txt,2437,380009.600,FINESTEERING,SOL_COMPUTED,NARROW_FLOAT,23,22,14.5201,16.9342,1.6,1314
gnss_raw.txt,2437,380009.700,FINESTEERING,SOL_COMPUTED,NARROW_FLOAT,23,22,14.5201,16.9342,0.7,1314
gnss_raw.txt,2437,380009.800,FINESTEERING,SOL_COMPUTED,NARROW_FLOAT,23,22,14.5201,16.9342,0.8,1314
gnss_raw.txt,2437,380009.900,FINESTEERING,SOL_COMPUTED,NARROW_FLOAT,23,22,14.5201,16.9342,0.9,1314
gnss_raw.txt,2437,380010.000,FINESTEERING,SOL_COMPUTED,NARROW_FLOAT,23,22,9.8377,11.3931,1.0,1314
gnss_raw.txt,2437,380010.100,FINESTEERING,SOL_COMPUTED,NARROW_FLOAT,23,22,9.8377,11.3931,1.1,1314
gnss_raw.txt,2437,380010.200,FINESTEERING,SOL_COMPUTED,NARROW_FLOAT,23,22,9.8377,11.3931,1.2,1314
gnss_raw.txt,2437,380010.300,FINESTEERING,SOL_COMPUTED,NARROW_FLOAT,23,22,9.8377,11.3931,1.3,1314
gnss_raw.txt,2437,380010.400,FINESTEERING,SOL_COMPUTED,NARROW_FLOAT,23,22,9.8377,11.3931,1.4,1314
gnss_raw.txt,2437,380010.500,FINESTEERING,SOL_COMPUTED,NARROW_FLOAT,23,22,9.8377,11.3932,1.5,1314
gnss_raw.txt,2437,380010.600,FINESTEERING,SOL_COMPUTED,NARROW_FLOAT,23,22,9.8377,11.3932,1.6,1314
gnss_raw.txt,2437,380010.700,FINESTEERING,SOL_COMPUTED,NARROW_FLOAT,23,22,9.8377,11.3932,1.7,1314
gnss_raw.txt,2437,380010.800,FINESTEERING,SOL_COMPUTED,NARROW_FLOAT,23,22,9.8377,11.3932,0.8,1314
gnss_raw.txt,2437,380010.900,FINESTEERING,SOL_COMPUTED,NARROW_FLOAT,23,22,9.8377,11.3932,0.9,1314
gnss_raw.txt,2437,380011.000,FINESTEERING,SOL_COMPUTED,NARROW_FLOAT,23,22,12.6237,14.5171,1.0,1314
gnss_raw.txt,2437,380011.100,FINESTEERING,SOL_COMPUTED,NARROW_FLOAT,23,22,12.6237,14.5171,1.1,1314
gnss_raw.txt,2437,380011.200,FINESTEERING,SOL_COMPUTED,NARROW_FLOAT,23,22,12.6237,14.5171,1.2,1314
gnss_raw.txt,2437,380011.300,FINESTEERING,SOL_COMPUTED,NARROW_FLOAT,23,22,12.6237,14.5171,1.3,1314
gnss_raw.txt,2437,380011.400,FINESTEERING,SOL_COMPUTED,NARROW_FLOAT,23,22,12.6238,14.5171,1.4,1314
gnss_raw.txt,2437,380011.500,FINESTEERING,SOL_COMPUTED,NARROW_FLOAT,23,22,12.6238,14.5171,1.5,1314
gnss_raw.txt,2437,380011.600,FINESTEERING,SOL_COMPUTED,NARROW_FLOAT,23,22,12.6238,14.5171,1.6,1314
gnss_raw.txt,2437,380011.700,FINESTEERING,SOL_COMPUTED,NARROW_FLOAT,23,22,12.6238,14.5171,0.7,1314
gnss_raw.txt,2437,380011.800,FINESTEERING,SOL_COMPUTED,NARROW_FLOAT,23,22,12.6238,14.5171,0.8,1314
gnss_raw.txt,2437,380011.900,FINESTEERING,SOL_COMPUTED,NARROW_FLOAT,23,22,12.6238,14.5171,0.9,1314
gnss_raw.txt,2437,380012.000,FINESTEERING,SOL_COMPUTED,NARROW_FLOAT,23,22,9.0802,10.3846,1.0,1314
gnss_raw.txt,2437,380012.100,FINESTEERING,SOL_COMPUTED,NARROW_FLOAT,23,22,9.0803,10.3846,1.1,1314
gnss_raw.txt,2437,380012.200,FINESTEERING,SOL_COMPUTED,NARROW_FLOAT,23,22,9.0803,10.3846,1.2,1314
gnss_raw.txt,2437,380012.300,FINESTEERING,SOL_COMPUTED,NARROW_FLOAT,23,22,9.0803,10.3846,1.3,1314
gnss_raw.txt,2437,380012.400,FINESTEERING,SOL_COMPUTED,NARROW_FLOAT,23,22,9.0803,10.3846,1.4,1314
gnss_raw.txt,2437,380012.500,FINESTEERING,SOL_COMPUTED,NARROW_FLOAT,23,22,9.0803,10.3846,1.5,1314
gnss_raw.txt,2437,380012.600,FINESTEERING,SOL_COMPUTED,NARROW_FLOAT,23,22,9.0803,10.3847,1.6,1314
gnss_raw.txt,2437,380012.700,FINESTEERING,SOL_COMPUTED,NARROW_FLOAT,23,22,9.0803,10.3847,0.7,1314
gnss_raw.txt,2437,380012.800,FINESTEERING,SOL_COMPUTED,NARROW_FLOAT,23,22,9.0803,10.3847,0.8,1314
gnss_raw.txt,2437,380012.900,FINESTEERING,SOL_COMPUTED,NARROW_FLOAT,23,22,9.0804,10.3847,0.9,1314
gnss_raw.txt,2437,380013.000,FINESTEERING,SOL_COMPUTED,NARROW_FLOAT,23,22,8.1465,9.2332,1.0,1314
gnss_raw.txt,2437,380013.100,FINESTEERING,SOL_COMPUTED,NARROW_FLOAT,23,22,8.1465,9.2332,1.1,1314
gnss_raw.txt,2437,380013.200,FINESTEERING,SOL_COMPUTED,NARROW_FLOAT,23,22,8.1465,9.2332,1.2,1314
gnss_raw.txt,2437,380013.300,FINESTEERING,SOL_COMPUTED,NARROW_FLOAT,23,22,8.1466,9.2332,1.3,1314
gnss_raw.txt,2437,380013.400,FINESTEERING,SOL_COMPUTED,NARROW_FLOAT,23,22,8.1466,9.2332,1.4,1314
gnss_raw.txt,2437,380013.500,FINESTEERING,SOL_COMPUTED,NARROW_FLOAT,23,22,8.1466,9.2332,1.5,1314
gnss_raw.txt,2437,380013.600,FINESTEERING,SOL_COMPUTED,NARROW_FLOAT,23,22,8.1466,9.2333,1.6,1314
gnss_raw.txt,2437,380013.700,FINESTEERING,SOL_COMPUTED,NARROW_FLOAT,23,22,8.1466,9.2333,0.7,1314
gnss_raw.txt,2437,380013.800,FINESTEERING,SOL_COMPUTED,NARROW_FLOAT,23,22,8.1466,9.2333,0.8,1314
gnss_raw.txt,2437,380013.900,FINESTEERING,SOL_COMPUTED,NARROW_FLOAT,23,22,8.1466,9.2333,0.9,1314
gnss_raw.txt,2437,380014.000,FINESTEERING,SOL_COMPUTED,NARROW_FLOAT,23,22,4.968,5.6023,1.0,1314
gnss_raw.txt,2437,380014.100,FINESTEERING,SOL_COMPUTED,NARROW_FLOAT,23,22,4.968,5.6023,1.1,1314
gnss_raw.txt,2437,380014.200,FINESTEERING,SOL_COMPUTED,NARROW_FLOAT,23,22,4.968,5.6023,1.2,1314
gnss_raw.txt,2437,380014.300,FINESTEERING,SOL_COMPUTED,NARROW_FLOAT,23,22,4.968,5.6023,1.3,1314
gnss_raw.txt,2437,380014.400,FINESTEERING,SOL_COMPUTED,NARROW_FLOAT,23,22,4.9681,5.6024,1.4,1314
gnss_raw.txt,2437,380014.500,FINESTEERING,SOL_COMPUTED,NARROW_FLOAT,23,22,4.9681,5.6024,1.5,1314
gnss_raw.txt,2437,380014.600,FINESTEERING,SOL_COMPUTED,NARROW_FLOAT,23,22,4.9681,5.6024,1.6,1314
gnss_raw.txt,2437,380014.700,FINESTEERING,SOL_COMPUTED,NARROW_FLOAT,23,22,4.9682,5.6025,1.7,1314
gnss_raw.txt,2437,380014.800,FINESTEERING,SOL_COMPUTED,NARROW_FLOAT,23,22,4.9682,5.6025,1.8,1314
gnss_raw.txt,2437,380014.900,FINESTEERING,SOL_COMPUTED,NARROW_FLOAT,23,22,4.9683,5.6026,0.9,1314
gnss_raw.txt,2437,380015.000,FINESTEERING,SOL_COMPUTED,NARROW_FLOAT,23,22,2.0891,2.2331,1.0,1314
gnss_raw.txt,2437,380015.100,FINESTEERING,SOL_COMPUTED,NARROW_FLOAT,23,22,2.0891,2.2331,1.1,1314
gnss_raw.txt,2437,380015.200,FINESTEERING,SOL_COMPUTED,NARROW_FLOAT,23,22,2.0892,2.2332,1.2,1314
gnss_raw.txt,2437,380015.300,FINESTEERING,SOL_COMPUTED,NARROW_FLOAT,23,22,2.0892,2.2333,1.3,1314
gnss_raw.txt,2437,380015.400,FINESTEERING,SOL_COMPUTED,NARROW_FLOAT,23,22,2.0893,2.2333,1.4,1314
gnss_raw.txt,2437,380015.500,FINESTEERING,SOL_COMPUTED,NARROW_FLOAT,23,22,2.0894,2.2335,1.5,1314
gnss_raw.txt,2437,380015.600,FINESTEERING,SOL_COMPUTED,NARROW_FLOAT,23,22,2.0895,2.2336,1.6,1314
gnss_raw.txt,2437,380015.700,FINESTEERING,SOL_COMPUTED,NARROW_FLOAT,23,22,2.0895,2.2337,1.7,1314
gnss_raw.txt,2437,380015.800,FINESTEERING,SOL_COMPUTED,NARROW_FLOAT,23,22,2.0896,2.2337,0.8,1314
gnss_raw.txt,2437,380015.900,FINESTEERING,SOL_COMPUTED,NARROW_FLOAT,23,22,2.0896,2.2338,0.9,1314
gnss_raw.txt,2437,380016.000,FINESTEERING,SOL_COMPUTED,NARROW_FLOAT,23,22,2.5759,2.8288,1.0,1314
gnss_raw.txt,2437,380016.100,FINESTEERING,SOL_COMPUTED,NARROW_FLOAT,23,22,2.576,2.8288,1.1,1314
gnss_raw.txt,2437,380016.200,FINESTEERING,SOL_COMPUTED,NARROW_FLOAT,23,22,2.5761,2.8289,1.2,1314
gnss_raw.txt,2437,380016.300,FINESTEERING,SOL_COMPUTED,NARROW_FLOAT,23,22,2.5762,2.8291,1.3,1314
gnss_raw.txt,2437,380016.400,FINESTEERING,SOL_COMPUTED,NARROW_FLOAT,23,22,2.5763,2.8291,1.4,1314
gnss_raw.txt,2437,380016.500,FINESTEERING,SOL_COMPUTED,NARROW_FLOAT,23,22,2.5763,2.8292,1.5,1314
gnss_raw.txt,2437,380016.600,FINESTEERING,SOL_COMPUTED,NARROW_FLOAT,23,22,2.5763,2.8292,1.6,1314
gnss_raw.txt,2437,380016.700,FINESTEERING,SOL_COMPUTED,NARROW_FLOAT,23,22,2.5764,2.8293,1.7,1314
gnss_raw.txt,2437,380016.800,FINESTEERING,SOL_COMPUTED,NARROW_FLOAT,23,22,2.5765,2.8294,1.8,1314
gnss_raw.txt,2437,380016.900,FINESTEERING,SOL_COMPUTED,NARROW_FLOAT,23,22,2.5765,2.8295,1.9,1314
gnss_raw.txt,2437,380017.000,FINESTEERING,SOL_COMPUTED,NARROW_FLOAT,23,22,1.4858,1.3226,1.0,1314
gnss_raw.txt,2437,380017.100,FINESTEERING,SOL_COMPUTED,NARROW_FLOAT,23,22,1.4859,1.3227,1.1,1314
gnss_raw.txt,2437,380017.200,FINESTEERING,SOL_COMPUTED,NARROW_FLOAT,23,22,1.486,1.3228,1.2,1314
gnss_raw.txt,2437,380017.300,FINESTEERING,SOL_COMPUTED,NARROW_FLOAT,23,22,1.486,1.3229,1.3,1314
gnss_raw.txt,2437,380017.400,FINESTEERING,SOL_COMPUTED,NARROW_FLOAT,23,22,1.486,1.323,1.4,1314
gnss_raw.txt,2437,380017.500,FINESTEERING,SOL_COMPUTED,NARROW_FLOAT,23,22,1.4861,1.323,1.5,1314
gnss_raw.txt,2437,380017.600,FINESTEERING,SOL_COMPUTED,NARROW_FLOAT,23,22,1.4861,1.3231,1.6,1314
gnss_raw.txt,2437,380017.700,FINESTEERING,SOL_COMPUTED,NARROW_FLOAT,23,22,1.4861,1.3231,0.7,1314
gnss_raw.txt,2437,380017.800,FINESTEERING,SOL_COMPUTED,NARROW_FLOAT,23,22,1.4861,1.3231,0.8,1314
gnss_raw.txt,2437,380017.900,FINESTEERING,SOL_COMPUTED,NARROW_FLOAT,23,22,1.4861,1.3232,0.9,1314
gnss_raw.txt,2437,380018.000,FINESTEERING,SOL_COMPUTED,NARROW_FLOAT,23,22,5.3417,3.8371,1.0,1314
gnss_raw.txt,2437,380018.100,FINESTEERING,SOL_COMPUTED,NARROW_FLOAT,23,22,5.3418,3.8371,1.1,1314
gnss_raw.txt,2437,380018.200,FINESTEERING,SOL_COMPUTED,NARROW_FLOAT,23,22,5.3418,3.8371,1.2,1314
gnss_raw.txt,2437,380018.300,FINESTEERING,SOL_COMPUTED,NARROW_FLOAT,23,22,5.3418,3.8372,1.3,1314
gnss_raw.txt,2437,380018.400,FINESTEERING,SOL_COMPUTED,NARROW_FLOAT,23,22,5.3418,3.8372,1.4,1314
gnss_raw.txt,2437,380018.500,FINESTEERING,SOL_COMPUTED,NARROW_FLOAT,23,22,5.3418,3.8372,1.5,1314
gnss_raw.txt,2437,380018.600,FINESTEERING,SOL_COMPUTED,NARROW_FLOAT,23,22,5.3418,3.8372,1.6,1314
gnss_raw.txt,2437,380018.700,FINESTEERING,SOL_COMPUTED,NARROW_FLOAT,23,22,5.3418,3.8372,0.7,1314
gnss_raw.txt,2437,380018.800,FINESTEERING,SOL_COMPUTED,NARROW_FLOAT,23,22,5.3418,3.8372,0.8,1314
gnss_raw.txt,2437,380018.900,FINESTEERING,SOL_COMPUTED,NARROW_FLOAT,23,22,5.3418,3.8372,0.9,1314
gnss_raw.txt,2437,380019.000,FINESTEERING,SOL_COMPUTED,NARROW_FLOAT,23,22,3.3772,4.213,1.0,1314
gnss_raw.txt,2437,380019.100,FINESTEERING,SOL_COMPUTED,NARROW_FLOAT,23,22,3.3772,4.213,1.1,1314
gnss_raw.txt,2437,380019.200,FINESTEERING,SOL_COMPUTED,NARROW_FLOAT,23,22,3.3772,4.213,1.2,1314
gnss_raw.txt,2437,380019.300,FINESTEERING,SOL_COMPUTED,NARROW_FLOAT,23,22,3.3772,4.213,1.3,1314
gnss_raw.txt,2437,380019.400,FINESTEERING,SOL_COMPUTED,NARROW_FLOAT,23,22,3.3772,4.213,1.4,1314
gnss_raw.txt,2437,380019.500,FINESTEERING,SOL_COMPUTED,NARROW_FLOAT,23,22,3.3773,4.213,1.5,1314
gnss_raw.txt,2437,380019.600,FINESTEERING,SOL_COMPUTED,NARROW_FLOAT,23,22,3.3773,4.213,1.6,1314
gnss_raw.txt,2437,380019.700,FINESTEERING,SOL_COMPUTED,NARROW_FLOAT,23,22,3.3773,4.213,1.7,1314
gnss_raw.txt,2437,380019.800,FINESTEERING,SOL_COMPUTED,NARROW_FLOAT,23,22,3.3773,4.2131,1.8,1314
gnss_raw.txt,2437,380019.900,FINESTEERING,SOL_COMPUTED,NARROW_FLOAT,23,22,3.3773,4.2131,0.9,1314
gnss_raw.txt,2437,380020.000,FINESTEERING,SOL_COMPUTED,NARROW_FLOAT,24,23,5.1802,5.7691,1.0,1314
gnss_raw.txt,2437,380020.100,FINESTEERING,SOL_COMPUTED,NARROW_FLOAT,24,23,5.1802,5.7691,1.1,1314
gnss_raw.txt,2437,380020.200,FINESTEERING,SOL_COMPUTED,NARROW_FLOAT,24,23,5.1802,5.7691,1.2,1314
gnss_raw.txt,2437,380020.300,FINESTEERING,SOL_COMPUTED,NARROW_FLOAT,24,23,5.1802,5.7691,1.3,1314
gnss_raw.txt,2437,380020.400,FINESTEERING,SOL_COMPUTED,NARROW_FLOAT,24,23,5.1802,5.7691,1.4,1314
gnss_raw.txt,2437,380020.500,FINESTEERING,SOL_COMPUTED,NARROW_FLOAT,24,23,5.1802,5.7691,1.5,1314
gnss_raw.txt,2437,380020.600,FINESTEERING,SOL_COMPUTED,NARROW_FLOAT,24,23,5.1802,5.7692,1.6,1314
gnss_raw.txt,2437,380020.700,FINESTEERING,SOL_COMPUTED,NARROW_FLOAT,24,23,5.1802,5.7692,1.7,1314
gnss_raw.txt,2437,380020.800,FINESTEERING,SOL_COMPUTED,NARROW_FLOAT,24,23,5.1802,5.7692,0.8,1314
gnss_raw.txt,2437,380020.900,FINESTEERING,SOL_COMPUTED,NARROW_FLOAT,24,23,5.1802,5.7692,0.9,1314
gnss_raw.txt,2437,380021.000,FINESTEERING,SOL_COMPUTED,NARROW_FLOAT,24,23,5.162,5.6902,1.0,1314
gnss_raw.txt,2437,380021.100,FINESTEERING,SOL_COMPUTED,NARROW_FLOAT,24,23,5.162,5.6902,1.1,1314
gnss_raw.txt,2437,380021.200,FINESTEERING,SOL_COMPUTED,NARROW_FLOAT,24,23,5.162,5.6902,1.2,1314
gnss_raw.txt,2437,380021.300,FINESTEERING,SOL_COMPUTED,NARROW_FLOAT,24,23,5.162,5.6902,1.3,1314
gnss_raw.txt,2437,380021.400,FINESTEERING,SOL_COMPUTED,NARROW_FLOAT,24,23,5.162,5.6902,1.4,1314
gnss_raw.txt,2437,380021.500,FINESTEERING,SOL_COMPUTED,NARROW_FLOAT,24,23,5.162,5.6902,1.5,1314
gnss_raw.txt,2437,380021.600,FINESTEERING,SOL_COMPUTED,NARROW_FLOAT,24,23,5.162,5.6902,1.6,1314
gnss_raw.txt,2437,380021.700,FINESTEERING,SOL_COMPUTED,NARROW_FLOAT,24,23,5.162,5.6902,0.7,1314
gnss_raw.txt,2437,380021.800,FINESTEERING,SOL_COMPUTED,NARROW_FLOAT,24,23,5.162,5.6902,0.8,1314
gnss_raw.txt,2437,380021.900,FINESTEERING,SOL_COMPUTED,NARROW_FLOAT,24,23,5.162,5.6903,0.9,1314
gnss_raw.txt,2437,380022.000,FINESTEERING,SOL_COMPUTED,NARROW_FLOAT,24,23,5.8365,6.4329,1.0,1314
gnss_raw.txt,2437,380022.100,FINESTEERING,SOL_COMPUTED,NARROW_FLOAT,24,23,5.8365,6.4329,1.1,1314
gnss_raw.txt,2437,380022.200,FINESTEERING,SOL_COMPUTED,NARROW_FLOAT,24,23,5.8365,6.4329,1.2,1314
gnss_raw.txt,2437,380022.300,FINESTEERING,SOL_COMPUTED,NARROW_FLOAT,24,23,5.8365,6.4329,1.3,1314
gnss_raw.txt,2437,380022.400,FINESTEERING,SOL_COMPUTED,NARROW_FLOAT,24,23,5.8365,6.433,1.4,1314
gnss_raw.txt,2437,380022.500,FINESTEERING,SOL_COMPUTED,NARROW_FLOAT,24,23,5.8365,6.433,1.5,1314
gnss_raw.txt,2437,380022.600,FINESTEERING,SOL_COMPUTED,NARROW_FLOAT,24,23,5.8365,6.433,1.6,1314
gnss_raw.txt,2437,380022.700,FINESTEERING,SOL_COMPUTED,NARROW_FLOAT,24,23,5.8365,6.433,1.7,1314
gnss_raw.txt,2437,380022.800,FINESTEERING,SOL_COMPUTED,NARROW_FLOAT,24,23,5.8365,6.433,0.8,1314
gnss_raw.txt,2437,380022.900,FINESTEERING,SOL_COMPUTED,NARROW_FLOAT,24,23,5.8366,6.433,0.9,1314
gnss_raw.txt,2437,380023.000,FINESTEERING,SOL_COMPUTED,NARROW_FLOAT,24,23,3.5294,3.9119,1.0,1314
gnss_raw.txt,2437,380023.100,FINESTEERING,SOL_COMPUTED,NARROW_FLOAT,24,23,3.5294,3.9119,1.1,1314
gnss_raw.txt,2437,380023.200,FINESTEERING,SOL_COMPUTED,NARROW_FLOAT,24,23,3.5294,3.9119,1.2,1314
gnss_raw.txt,2437,380023.300,FINESTEERING,SOL_COMPUTED,NARROW_FLOAT,24,23,3.5294,3.912,1.3,1314
gnss_raw.txt,2437,380023.400,FINESTEERING,SOL_COMPUTED,NARROW_FLOAT,24,23,3.5294,3.912,1.4,1314
gnss_raw.txt,2437,380023.500,FINESTEERING,SOL_COMPUTED,NARROW_FLOAT,24,23,3.5294,3.912,1.5,1314
gnss_raw.txt,2437,380023.600,FINESTEERING,SOL_COMPUTED,NARROW_FLOAT,24,23,3.5294,3.912,1.6,1314
gnss_raw.txt,2437,380023.700,FINESTEERING,SOL_COMPUTED,NARROW_FLOAT,24,23,3.5294,3.912,1.7,1314
gnss_raw.txt,2437,380023.800,FINESTEERING,SOL_COMPUTED,NARROW_FLOAT,24,23,3.5294,3.912,1.8,1314
gnss_raw.txt,2437,380023.900,FINESTEERING,SOL_COMPUTED,NARROW_FLOAT,24,23,3.5294,3.912,0.9,1314
gnss_raw.txt,2437,380024.000,FINESTEERING,SOL_COMPUTED,NARROW_FLOAT,24,23,3.1677,3.54,1.0,1314
gnss_raw.txt,2437,380024.100,FINESTEERING,SOL_COMPUTED,NARROW_FLOAT,24,23,3.1677,3.54,1.1,1314
gnss_raw.txt,2437,380024.200,FINESTEERING,SOL_COMPUTED,NARROW_FLOAT,24,23,3.1677,3.54,1.2,1314
gnss_raw.txt,2437,380024.300,FINESTEERING,SOL_COMPUTED,NARROW_FLOAT,24,23,3.1678,3.54,1.3,1314
gnss_raw.txt,2437,380024.400,FINESTEERING,SOL_COMPUTED,NARROW_FLOAT,24,23,3.1678,3.54,1.4,1314
gnss_raw.txt,2437,380024.500,FINESTEERING,SOL_COMPUTED,NARROW_FLOAT,24,23,3.1678,3.54,1.5,1314
gnss_raw.txt,2437,380024.600,FINESTEERING,SOL_COMPUTED,NARROW_FLOAT,24,23,3.1678,3.54,1.6,1314
gnss_raw.txt,2437,380024.700,FINESTEERING,SOL_COMPUTED,NARROW_FLOAT,24,23,3.1678,3.54,1.7,1314
gnss_raw.txt,2437,380024.800,FINESTEERING,SOL_COMPUTED,NARROW_FLOAT,24,23,3.1678,3.54,1.8,1314
gnss_raw.txt,2437,380024.900,FINESTEERING,SOL_COMPUTED,NARROW_FLOAT,24,23,3.1678,3.5401,1.9,1314
gnss_raw.txt,2437,380025.000,FINESTEERING,SOL_COMPUTED,NARROW_FLOAT,24,23,4.136,4.6369,1.0,1314
gnss_raw.txt,2437,380025.100,FINESTEERING,SOL_COMPUTED,NARROW_FLOAT,24,23,4.136,4.6369,1.1,1314
gnss_raw.txt,2437,380025.200,FINESTEERING,SOL_COMPUTED,NARROW_FLOAT,24,23,4.136,4.6369,1.2,1314
gnss_raw.txt,2437,380025.300,FINESTEERING,SOL_COMPUTED,NARROW_FLOAT,24,23,4.136,4.6369,1.3,1314
gnss_raw.txt,2437,380025.400,FINESTEERING,SOL_COMPUTED,NARROW_FLOAT,24,23,4.136,4.6369,1.4,1314
gnss_raw.txt,2437,380025.500,FINESTEERING,SOL_COMPUTED,NARROW_FLOAT,24,23,4.136,4.6369,1.5,1314
gnss_raw.txt,2437,380025.600,FINESTEERING,SOL_COMPUTED,NARROW_FLOAT,24,23,4.136,4.6369,1.6,1314
gnss_raw.txt,2437,380025.700,FINESTEERING,SOL_COMPUTED,NARROW_FLOAT,24,23,4.136,4.6369,1.7,1314
gnss_raw.txt,2437,380025.800,FINESTEERING,SOL_COMPUTED,NARROW_FLOAT,24,23,4.136,4.6369,1.8,1314
gnss_raw.txt,2437,380025.900,FINESTEERING,SOL_COMPUTED,NARROW_FLOAT,24,23,4.136,4.6369,1.9,1314
gnss_raw.txt,2437,380026.000,FINESTEERING,SOL_COMPUTED,NARROW_FLOAT,24,23,4.0357,4.5388,1.0,1314
gnss_raw.txt,2437,380026.100,FINESTEERING,SOL_COMPUTED,NARROW_FLOAT,24,23,4.0357,4.5388,1.1,1314
gnss_raw.txt,2437,380026.200,FINESTEERING,SOL_COMPUTED,NARROW_FLOAT,24,23,4.0357,4.5388,1.2,1314
gnss_raw.txt,2437,380026.300,FINESTEERING,SOL_COMPUTED,NARROW_FLOAT,24,23,4.0357,4.5389,1.3,1314
gnss_raw.txt,2437,380026.400,FINESTEERING,SOL_COMPUTED,NARROW_FLOAT,24,23,4.0357,4.5389,1.4,1314
gnss_raw.txt,2437,380026.500,FINESTEERING,SOL_COMPUTED,NARROW_FLOAT,24,23,4.0357,4.5389,1.5,1314
gnss_raw.txt,2437,380026.600,FINESTEERING,SOL_COMPUTED,NARROW_FLOAT,24,23,4.0357,4.5389,1.6,1314
gnss_raw.txt,2437,380026.700,FINESTEERING,SOL_COMPUTED,NARROW_FLOAT,24,23,4.0357,4.5389,1.7,1314
gnss_raw.txt,2437,380026.800,FINESTEERING,SOL_COMPUTED,NARROW_FLOAT,24,23,4.0357,4.5389,0.8,1314
gnss_raw.txt,2437,380026.900,FINESTEERING,SOL_COMPUTED,NARROW_FLOAT,24,23,4.0357,4.5389,0.9,1314
gnss_raw.txt,2437,380027.000,FINESTEERING,SOL_COMPUTED,NARROW_FLOAT,24,23,4.8975,5.5254,1.0,1314
gnss_raw.txt,2437,380027.100,FINESTEERING,SOL_COMPUTED,NARROW_FLOAT,24,23,4.8975,5.5254,1.1,1314
gnss_raw.txt,2437,380027.200,FINESTEERING,SOL_COMPUTED,NARROW_FLOAT,24,23,4.8975,5.5254,1.2,1314
gnss_raw.txt,2437,380027.300,FINESTEERING,SOL_COMPUTED,NARROW_FLOAT,24,23,4.8975,5.5254,1.3,1314
gnss_raw.txt,2437,380027.400,FINESTEERING,SOL_COMPUTED,NARROW_FLOAT,24,23,4.8975,5.5254,1.4,1314
gnss_raw.txt,2437,380027.500,FINESTEERING,SOL_COMPUTED,NARROW_FLOAT,24,23,4.8975,5.5254,1.5,1314
gnss_raw.txt,2437,380027.600,FINESTEERING,SOL_COMPUTED,NARROW_FLOAT,24,23,4.8975,5.5254,1.6,1314
gnss_raw.txt,2437,380027.700,FINESTEERING,SOL_COMPUTED,NARROW_FLOAT,24,23,4.8975,5.5254,1.7,1314
gnss_raw.txt,2437,380027.800,FINESTEERING,SOL_COMPUTED,NARROW_FLOAT,24,23,4.8975,5.5254,0.8,1314
gnss_raw.txt,2437,380027.900,FINESTEERING,SOL_COMPUTED,NARROW_FLOAT,24,23,4.8975,5.5254,0.9,1314
gnss_raw.txt,2437,380028.000,FINESTEERING,SOL_COMPUTED,NARROW_FLOAT,24,23,5.0611,5.7274,1.0,1314
gnss_raw.txt,2437,380028.100,FINESTEERING,SOL_COMPUTED,NARROW_FLOAT,24,23,5.0611,5.7274,1.1,1314
gnss_raw.txt,2437,380028.200,FINESTEERING,SOL_COMPUTED,NARROW_FLOAT,24,23,5.0611,5.7274,1.2,1314
gnss_raw.txt,2437,380028.300,FINESTEERING,SOL_COMPUTED,NARROW_FLOAT,24,23,5.0611,5.7274,1.3,1314
gnss_raw.txt,2437,380028.400,FINESTEERING,SOL_COMPUTED,NARROW_FLOAT,24,23,5.0611,5.7274,1.4,1314
gnss_raw.txt,2437,380028.500,FINESTEERING,SOL_COMPUTED,NARROW_FLOAT,24,23,5.0611,5.7274,1.5,1314
gnss_raw.txt,2437,380028.600,FINESTEERING,SOL_COMPUTED,NARROW_FLOAT,24,23,5.0611,5.7274,1.6,1314
gnss_raw.txt,2437,380028.700,FINESTEERING,SOL_COMPUTED,NARROW_FLOAT,24,23,5.0611,5.7274,1.7,1314
gnss_raw.txt,2437,380028.800,FINESTEERING,SOL_COMPUTED,NARROW_FLOAT,24,23,5.0611,5.7274,1.8,1314
gnss_raw.txt,2437,380028.900,FINESTEERING,SOL_COMPUTED,NARROW_FLOAT,24,23,5.0611,5.7274,0.9,1314
gnss_raw.txt,2437,380029.000,FINESTEERING,SOL_COMPUTED,NARROW_FLOAT,24,23,5.2574,6.0044,1.0,1314
gnss_raw.txt,2437,380029.100,FINESTEERING,SOL_COMPUTED,NARROW_FLOAT,24,23,5.2574,6.0044,1.1,1314
gnss_raw.txt,2437,380029.200,FINESTEERING,SOL_COMPUTED,NARROW_FLOAT,24,23,5.2574,6.0044,1.2,1314
gnss_raw.txt,2437,380029.300,FINESTEERING,SOL_COMPUTED,NARROW_FLOAT,24,23,5.2574,6.0044,1.3,1314
gnss_raw.txt,2437,380029.400,FINESTEERING,SOL_COMPUTED,NARROW_FLOAT,24,23,5.2574,6.0044,1.4,1314
gnss_raw.txt,2437,380029.500,FINESTEERING,SOL_COMPUTED,NARROW_FLOAT,24,23,5.2574,6.0044,1.5,1314
gnss_raw.txt,2437,380029.600,FINESTEERING,SOL_COMPUTED,NARROW_FLOAT,24,23,5.2574,6.0044,1.6,1314
gnss_raw.txt,2437,380029.700,FINESTEERING,SOL_COMPUTED,NARROW_FLOAT,24,23,5.2574,6.0044,1.7,1314
gnss_raw.txt,2437,380029.800,FINESTEERING,SOL_COMPUTED,NARROW_FLOAT,24,23,5.2574,6.0044,0.8,1314
gnss_raw.txt,2437,380029.900,FINESTEERING,SOL_COMPUTED,NARROW_FLOAT,24,23,5.2574,6.0044,0.9,1314
gnss_raw.txt,2437,380030.000,FINESTEERING,SOL_COMPUTED,NARROW_FLOAT,24,23,10.0815,11.6044,1.0,1314
gnss_raw.txt,2437,380030.100,FINESTEERING,SOL_COMPUTED,NARROW_FLOAT,24,23,10.0815,11.6044,1.1,1314
gnss_raw.txt,2437,380030.200,FINESTEERING,SOL_COMPUTED,NARROW_FLOAT,24,23,10.0815,11.6044,1.2,1314
gnss_raw.txt,2437,380030.300,FINESTEERING,SOL_COMPUTED,NARROW_FLOAT,24,23,10.0815,11.6044,1.3,1314
gnss_raw.txt,2437,380030.400,FINESTEERING,SOL_COMPUTED,NARROW_FLOAT,24,23,10.0815,11.6044,1.4,1314
gnss_raw.txt,2437,380030.500,FINESTEERING,SOL_COMPUTED,NARROW_FLOAT,24,23,10.0815,11.6044,1.5,1314
gnss_raw.txt,2437,380030.600,FINESTEERING,SOL_COMPUTED,NARROW_FLOAT,24,23,10.0815,11.6044,1.6,1314
gnss_raw.txt,2437,380030.700,FINESTEERING,SOL_COMPUTED,NARROW_FLOAT,24,23,10.0815,11.6044,1.7,1314
gnss_raw.txt,2437,380030.800,FINESTEERING,SOL_COMPUTED,NARROW_FLOAT,24,23,10.0815,11.6044,1.8,1314
gnss_raw.txt,2437,380030.900,FINESTEERING,SOL_COMPUTED,NARROW_FLOAT,24,23,10.0815,11.6044,0.9,1314
gnss_raw.txt,2437,380031.000,FINESTEERING,SOL_COMPUTED,NARROW_FLOAT,24,23,7.1947,8.3315,1.0,1314
gnss_raw.txt,2437,380031.100,FINESTEERING,SOL_COMPUTED,NARROW_FLOAT,24,23,7.1947,8.3315,1.1,1314
gnss_raw.txt,2437,380031.200,FINESTEERING,SOL_COMPUTED,NARROW_FLOAT,24,23,7.1947,8.3315,1.2,1314
gnss_raw.txt,2437,380031.300,FINESTEERING,SOL_COMPUTED,NARROW_FLOAT,24,23,7.1947,8.3315,1.3,1314
gnss_raw.txt,2437,380031.400,FINESTEERING,SOL_COMPUTED,NARROW_FLOAT,24,23,7.1947,8.3315,1.4,1314
gnss_raw.txt,2437,380031.500,FINESTEERING,SOL_COMPUTED,NARROW_FLOAT,24,23,7.1947,8.3315,1.5,1314
gnss_raw.txt,2437,380031.600,FINESTEERING,SOL_COMPUTED,NARROW_FLOAT,24,23,7.1947,8.3315,1.6,1314
gnss_raw.txt,2437,380031.700,FINESTEERING,SOL_COMPUTED,NARROW_FLOAT,24,23,7.1947,8.3315,1.7,1314
gnss_raw.txt,2437,380031.800,FINESTEERING,SOL_COMPUTED,NARROW_FLOAT,24,23,7.1947,8.3315,0.8,1314
gnss_raw.txt,2437,380031.900,FINESTEERING,SOL_COMPUTED,NARROW_FLOAT,24,23,7.1947,8.3315,0.9,1314
gnss_raw.txt,2437,380032.000,FINESTEERING,SOL_COMPUTED,NARROW_FLOAT,24,23,6.7884,7.9047,1.0,1314
gnss_raw.txt,2437,380032.100,FINESTEERING,SOL_COMPUTED,NARROW_FLOAT,24,23,6.7884,7.9047,1.1,1314
gnss_raw.txt,2437,380032.200,FINESTEERING,SOL_COMPUTED,NARROW_FLOAT,24,23,6.7884,7.9048,1.2,1314
gnss_raw.txt,2437,380032.300,FINESTEERING,SOL_COMPUTED,NARROW_FLOAT,24,23,6.7884,7.9048,1.3,1314
gnss_raw.txt,2437,380032.400,FINESTEERING,SOL_COMPUTED,NARROW_FLOAT,24,23,6.7884,7.9048,1.4,1314
gnss_raw.txt,2437,380032.500,FINESTEERING,SOL_COMPUTED,NARROW_FLOAT,24,23,6.7884,7.9048,1.5,1314
gnss_raw.txt,2437,380032.600,FINESTEERING,SOL_COMPUTED,NARROW_FLOAT,24,23,6.7884,7.9048,1.6,1314
gnss_raw.txt,2437,380032.700,FINESTEERING,SOL_COMPUTED,NARROW_FLOAT,24,23,6.7884,7.9048,0.7,1314
gnss_raw.txt,2437,380032.800,FINESTEERING,SOL_COMPUTED,NARROW_FLOAT,24,23,6.7884,7.9048,0.8,1314
gnss_raw.txt,2437,380032.900,FINESTEERING,SOL_COMPUTED,NARROW_FLOAT,24,23,6.7884,7.9048,0.9,1314
gnss_raw.txt,2437,380033.000,FINESTEERING,SOL_COMPUTED,NARROW_FLOAT,24,23,7.132,8.3494,1.0,1314
gnss_raw.txt,2437,380033.100,FINESTEERING,SOL_COMPUTED,NARROW_FLOAT,24,23,7.132,8.3494,1.1,1314
gnss_raw.txt,2437,380033.200,FINESTEERING,SOL_COMPUTED,NARROW_FLOAT,24,23,7.132,8.3494,1.2,1314
gnss_raw.txt,2437,380033.300,FINESTEERING,SOL_COMPUTED,NARROW_FLOAT,24,23,7.132,8.3494,1.3,1314
gnss_raw.txt,2437,380033.400,FINESTEERING,SOL_COMPUTED,NARROW_FLOAT,24,23,7.132,8.3494,1.4,1314
gnss_raw.txt,2437,380033.500,FINESTEERING,SOL_COMPUTED,NARROW_FLOAT,24,23,7.132,8.3494,1.5,1314
gnss_raw.txt,2437,380033.600,FINESTEERING,SOL_COMPUTED,NARROW_FLOAT,24,23,7.132,8.3494,1.6,1314
gnss_raw.txt,2437,380033.700,FINESTEERING,SOL_COMPUTED,NARROW_FLOAT,24,23,7.132,8.3494,0.7,1314
gnss_raw.txt,2437,380033.800,FINESTEERING,SOL_COMPUTED,NARROW_FLOAT,24,23,7.132,8.3494,0.8,1314
gnss_raw.txt,2437,380033.900,FINESTEERING,SOL_COMPUTED,NARROW_FLOAT,24,23,7.132,8.3494,0.9,1314
gnss_raw.txt,2437,380034.000,FINESTEERING,SOL_COMPUTED,NARROW_FLOAT,24,23,5.2063,6.1293,1.0,1314
gnss_raw.txt,2437,380034.100,FINESTEERING,SOL_COMPUTED,NARROW_FLOAT,24,23,5.2063,6.1293,1.1,1314
gnss_raw.txt,2437,380034.200,FINESTEERING,SOL_COMPUTED,NARROW_FLOAT,24,23,5.2063,6.1293,1.2,1314
gnss_raw.txt,2437,380034.300,FINESTEERING,SOL_COMPUTED,NARROW_FLOAT,24,23,5.2063,6.1293,1.3,1314
gnss_raw.txt,2437,380034.400,FINESTEERING,SOL_COMPUTED,NARROW_FLOAT,24,23,5.2063,6.1293,1.4,1314
gnss_raw.txt,2437,380034.500,FINESTEERING,SOL_COMPUTED,NARROW_FLOAT,24,23,5.2063,6.1294,1.5,1314
gnss_raw.txt,2437,380034.600,FINESTEERING,SOL_COMPUTED,NARROW_FLOAT,24,23,5.2063,6.1294,1.6,1314
gnss_raw.txt,2437,380034.700,FINESTEERING,SOL_COMPUTED,NARROW_FLOAT,24,23,5.2063,6.1294,1.7,1314
gnss_raw.txt,2437,380034.800,FINESTEERING,SOL_COMPUTED,NARROW_FLOAT,24,23,5.2063,6.1294,1.8,1314
gnss_raw.txt,2437,380034.900,FINESTEERING,SOL_COMPUTED,NARROW_FLOAT,23,22,5.2063,6.1294,0.9,1314
gnss_raw.txt,2437,380035.000,FINESTEERING,SOL_COMPUTED,NARROW_FLOAT,23,22,7.718,9.1296,1.0,1314
gnss_raw.txt,2437,380035.100,FINESTEERING,SOL_COMPUTED,NARROW_FLOAT,23,22,7.718,9.1296,1.1,1314
gnss_raw.txt,2437,380035.200,FINESTEERING,SOL_COMPUTED,NARROW_FLOAT,23,22,7.718,9.1296,1.2,1314
gnss_raw.txt,2437,380035.300,FINESTEERING,SOL_COMPUTED,NARROW_FLOAT,23,22,7.718,9.1296,1.3,1314
gnss_raw.txt,2437,380035.400,FINESTEERING,SOL_COMPUTED,NARROW_FLOAT,23,22,7.718,9.1296,1.4,1314
gnss_raw.txt,2437,380035.500,FINESTEERING,SOL_COMPUTED,NARROW_FLOAT,23,22,7.718,9.1296,1.5,1314
gnss_raw.txt,2437,380035.600,FINESTEERING,SOL_COMPUTED,NARROW_FLOAT,23,22,7.718,9.1296,1.6,1314
gnss_raw.txt,2437,380035.700,FINESTEERING,SOL_COMPUTED,NARROW_FLOAT,23,22,7.718,9.1296,1.7,1314
gnss_raw.txt,2437,380035.800,FINESTEERING,SOL_COMPUTED,NARROW_FLOAT,23,22,7.718,9.1296,0.8,1314
gnss_raw.txt,2437,380035.900,FINESTEERING,SOL_COMPUTED,NARROW_FLOAT,23,22,7.718,9.1296,0.9,1314
gnss_raw.txt,2437,380036.000,FINESTEERING,SOL_COMPUTED,NARROW_FLOAT,23,22,9.5042,11.2883,1.0,1314
gnss_raw.txt,2437,380036.100,FINESTEERING,SOL_COMPUTED,NARROW_FLOAT,23,22,9.5042,11.2883,1.1,1314
gnss_raw.txt,2437,380036.200,FINESTEERING,SOL_COMPUTED,NARROW_FLOAT,23,22,9.5042,11.2883,1.2,1314
gnss_raw.txt,2437,380036.300,FINESTEERING,SOL_COMPUTED,NARROW_FLOAT,23,22,9.5042,11.2883,1.3,1314
gnss_raw.txt,2437,380036.400,FINESTEERING,SOL_COMPUTED,NARROW_FLOAT,23,22,9.5042,11.2883,1.4,1314
gnss_raw.txt,2437,380036.500,FINESTEERING,SOL_COMPUTED,NARROW_FLOAT,23,22,9.5042,11.2883,1.5,1314
gnss_raw.txt,2437,380036.600,FINESTEERING,SOL_COMPUTED,NARROW_FLOAT,23,22,9.5042,11.2884,1.6,1314
gnss_raw.txt,2437,380036.700,FINESTEERING,SOL_COMPUTED,NARROW_FLOAT,23,22,9.5042,11.2884,1.7,1314
gnss_raw.txt,2437,380036.800,FINESTEERING,SOL_COMPUTED,NARROW_FLOAT,23,22,9.5042,11.2884,1.8,1314
gnss_raw.txt,2437,380036.900,FINESTEERING,SOL_COMPUTED,NARROW_FLOAT,23,22,9.5042,11.2884,0.9,1314
gnss_raw.txt,2437,380037.000,FINESTEERING,SOL_COMPUTED,NARROW_FLOAT,23,22,6.9579,8.3155,1.0,1314
gnss_raw.txt,2437,380037.100,FINESTEERING,SOL_COMPUTED,NARROW_FLOAT,23,22,6.9579,8.3155,1.1,1314
gnss_raw.txt,2437,380037.200,FINESTEERING,SOL_COMPUTED,NARROW_FLOAT,23,22,6.9579,8.3155,1.2,1314
gnss_raw.txt,2437,380037.300,FINESTEERING,SOL_COMPUTED,NARROW_FLOAT,23,22,6.9579,8.3155,1.3,1314
gnss_raw.txt,2437,380037.400,FINESTEERING,SOL_COMPUTED,NARROW_FLOAT,23,22,6.9579,8.3155,1.4,1314
gnss_raw.txt,2437,380037.500,FINESTEERING,SOL_COMPUTED,NARROW_FLOAT,23,22,6.9579,8.3155,1.5,1314
gnss_raw.txt,2437,380037.600,FINESTEERING,SOL_COMPUTED,NARROW_FLOAT,23,22,6.9579,8.3155,1.6,1314
gnss_raw.txt,2437,380037.700,FINESTEERING,SOL_COMPUTED,NARROW_FLOAT,23,22,6.9579,8.3155,1.7,1314
gnss_raw.txt,2437,380037.800,FINESTEERING,SOL_COMPUTED,NARROW_FLOAT,23,22,6.9579,8.3155,0.8,1314
gnss_raw.txt,2437,380037.900,FINESTEERING,SOL_COMPUTED,NARROW_FLOAT,23,22,6.9579,8.3155,0.9,1314
gnss_raw.txt,2437,380038.000,FINESTEERING,SOL_COMPUTED,NARROW_FLOAT,23,22,5.588,6.7081,1.0,1314
gnss_raw.txt,2437,380038.100,FINESTEERING,SOL_COMPUTED,NARROW_FLOAT,23,22,5.588,6.7082,1.1,1314
gnss_raw.txt,2437,380038.200,FINESTEERING,SOL_COMPUTED,NARROW_FLOAT,23,22,5.588,6.7082,1.2,1314
gnss_raw.txt,2437,380038.300,FINESTEERING,SOL_COMPUTED,NARROW_FLOAT,23,22,5.588,6.7082,1.3,1314
gnss_raw.txt,2437,380038.400,FINESTEERING,SOL_COMPUTED,NARROW_FLOAT,23,22,5.588,6.7082,1.4,1314
gnss_raw.txt,2437,380038.500,FINESTEERING,SOL_COMPUTED,NARROW_FLOAT,23,22,5.588,6.7082,1.5,1314
gnss_raw.txt,2437,380038.600,FINESTEERING,SOL_COMPUTED,NARROW_FLOAT,23,22,5.588,6.7082,1.6,1314
gnss_raw.txt,2437,380038.700,FINESTEERING,SOL_COMPUTED,NARROW_FLOAT,23,22,5.588,6.7082,1.7,1314
gnss_raw.txt,2437,380038.800,FINESTEERING,SOL_COMPUTED,NARROW_FLOAT,23,22,5.588,6.7082,0.8,1314
gnss_raw.txt,2437,380038.900,FINESTEERING,SOL_COMPUTED,NARROW_FLOAT,23,22,5.588,6.7082,0.9,1314
gnss_raw.txt,2437,380039.000,FINESTEERING,SOL_COMPUTED,NARROW_FLOAT,23,22,4.819,5.8094,1.0,1314
gnss_raw.txt,2437,380039.100,FINESTEERING,SOL_COMPUTED,NARROW_FLOAT,23,22,4.819,5.8094,1.1,1314
gnss_raw.txt,2437,380039.200,FINESTEERING,SOL_COMPUTED,NARROW_FLOAT,23,22,4.819,5.8094,1.2,1314
gnss_raw.txt,2437,380039.300,FINESTEERING,SOL_COMPUTED,NARROW_FLOAT,23,22,4.819,5.8094,1.3,1314
gnss_raw.txt,2437,380039.400,FINESTEERING,SOL_COMPUTED,NARROW_FLOAT,23,22,4.819,5.8094,1.4,1314
gnss_raw.txt,2437,380039.500,FINESTEERING,SOL_COMPUTED,NARROW_FLOAT,23,22,4.819,5.8094,1.5,1314
gnss_raw.txt,2437,380039.600,FINESTEERING,SOL_COMPUTED,NARROW_FLOAT,23,22,4.819,5.8094,1.6,1314
gnss_raw.txt,2437,380039.700,FINESTEERING,SOL_COMPUTED,NARROW_FLOAT,23,22,4.819,5.8094,1.7,1314
gnss_raw.txt,2437,380039.800,FINESTEERING,SOL_COMPUTED,NARROW_FLOAT,23,22,4.819,5.8095,0.8,1314
gnss_raw.txt,2437,380039.900,FINESTEERING,SOL_COMPUTED,NARROW_FLOAT,23,22,4.819,5.8095,0.9,1314
gnss_raw.txt,2437,380040.000,FINESTEERING,SOL_COMPUTED,NARROW_FLOAT,23,22,5.8685,7.1023,1.0,1314
gnss_raw.txt,2437,380040.100,FINESTEERING,SOL_COMPUTED,NARROW_FLOAT,23,22,5.8685,7.1023,1.1,1314
gnss_raw.txt,2437,380040.200,FINESTEERING,SOL_COMPUTED,NARROW_FLOAT,23,22,5.8685,7.1023,1.2,1314
gnss_raw.txt,2437,380040.300,FINESTEERING,SOL_COMPUTED,NARROW_FLOAT,23,22,5.8685,7.1023,1.3,1314
gnss_raw.txt,2437,380040.400,FINESTEERING,SOL_COMPUTED,NARROW_FLOAT,23,22,5.8685,7.1023,1.4,1314
gnss_raw.txt,2437,380040.500,FINESTEERING,SOL_COMPUTED,NARROW_FLOAT,23,22,5.8685,7.1023,1.5,1314
gnss_raw.txt,2437,380040.600,FINESTEERING,SOL_COMPUTED,NARROW_FLOAT,23,22,5.8685,7.1023,1.6,1314
gnss_raw.txt,2437,380040.700,FINESTEERING,SOL_COMPUTED,NARROW_FLOAT,23,22,5.8685,7.1023,0.7,1314
gnss_raw.txt,2437,380040.800,FINESTEERING,SOL_COMPUTED,NARROW_FLOAT,23,22,5.8685,7.1023,0.8,1314
gnss_raw.txt,2437,380040.900,FINESTEERING,SOL_COMPUTED,NARROW_FLOAT,23,22,5.8685,7.1023,0.9,1314
gnss_raw.txt,2437,380041.000,FINESTEERING,SOL_COMPUTED,NARROW_FLOAT,23,22,8.1172,9.8039,1.0,1314
gnss_raw.txt,2437,380041.100,FINESTEERING,SOL_COMPUTED,NARROW_FLOAT,23,22,8.1172,9.8039,1.1,1314
gnss_raw.txt,2437,380041.200,FINESTEERING,SOL_COMPUTED,NARROW_FLOAT,23,22,8.1172,9.8039,1.2,1314
gnss_raw.txt,2437,380041.300,FINESTEERING,SOL_COMPUTED,NARROW_FLOAT,23,22,8.1172,9.8039,1.3,1314
gnss_raw.txt,2437,380041.400,FINESTEERING,SOL_COMPUTED,NARROW_FLOAT,23,22,8.1172,9.8039,1.4,1314
gnss_raw.txt,2437,380041.500,FINESTEERING,SOL_COMPUTED,NARROW_FLOAT,23,22,8.1172,9.8039,1.5,1314
gnss_raw.txt,2437,380041.600,FINESTEERING,SOL_COMPUTED,NARROW_FLOAT,23,22,8.1172,9.8039,1.6,1314
gnss_raw.txt,2437,380041.700,FINESTEERING,SOL_COMPUTED,NARROW_FLOAT,23,22,8.1172,9.8039,1.7,1314
gnss_raw.txt,2437,380041.800,FINESTEERING,SOL_COMPUTED,NARROW_FLOAT,23,22,8.1172,9.8039,1.8,1314
gnss_raw.txt,2437,380041.900,FINESTEERING,SOL_COMPUTED,NARROW_FLOAT,23,22,8.1172,9.8039,0.9,1314
gnss_raw.txt,2437,380042.000,FINESTEERING,SOL_COMPUTED,NARROW_FLOAT,23,22,9.9916,12.1061,1.0,1314
gnss_raw.txt,2437,380042.100,FINESTEERING,SOL_COMPUTED,NARROW_FLOAT,23,22,9.9916,12.1061,1.1,1314
gnss_raw.txt,2437,380042.200,FINESTEERING,SOL_COMPUTED,NARROW_FLOAT,23,22,9.9916,12.1061,1.2,1314
gnss_raw.txt,2437,380042.300,FINESTEERING,SOL_COMPUTED,NARROW_FLOAT,23,22,9.9916,12.1061,1.3,1314
gnss_raw.txt,2437,380042.400,FINESTEERING,SOL_COMPUTED,NARROW_FLOAT,23,22,9.9916,12.1061,1.4,1314
gnss_raw.txt,2437,380042.500,FINESTEERING,SOL_COMPUTED,NARROW_FLOAT,23,22,9.9916,12.1061,1.5,1314
gnss_raw.txt,2437,380042.600,FINESTEERING,SOL_COMPUTED,NARROW_FLOAT,23,22,9.9916,12.1061,1.6,1314
gnss_raw.txt,2437,380042.700,FINESTEERING,SOL_COMPUTED,NARROW_FLOAT,23,22,9.9916,12.1061,0.7,1314
gnss_raw.txt,2437,380042.800,FINESTEERING,SOL_COMPUTED,NARROW_FLOAT,23,22,9.9917,12.1061,0.8,1314
gnss_raw.txt,2437,380042.900,FINESTEERING,SOL_COMPUTED,NARROW_FLOAT,23,22,9.9917,12.1061,0.9,1314
gnss_raw.txt,2437,380043.000,FINESTEERING,SOL_COMPUTED,NARROW_FLOAT,23,22,10.0796,12.2079,1.0,1314
gnss_raw.txt,2437,380043.100,FINESTEERING,SOL_COMPUTED,NARROW_FLOAT,23,22,10.0796,12.2079,1.1,1314
gnss_raw.txt,2437,380043.200,FINESTEERING,SOL_COMPUTED,NARROW_FLOAT,23,22,10.0796,12.2079,1.2,1314
gnss_raw.txt,2437,380043.300,FINESTEERING,SOL_COMPUTED,NARROW_FLOAT,23,22,10.0796,12.2079,1.3,1314
gnss_raw.txt,2437,380043.400,FINESTEERING,SOL_COMPUTED,NARROW_FLOAT,23,22,10.0796,12.2079,1.4,1314
gnss_raw.txt,2437,380043.500,FINESTEERING,SOL_COMPUTED,NARROW_FLOAT,23,22,10.0796,12.2079,1.5,1314
gnss_raw.txt,2437,380043.600,FINESTEERING,SOL_COMPUTED,NARROW_FLOAT,23,22,10.0796,12.2079,1.6,1314
gnss_raw.txt,2437,380043.700,FINESTEERING,SOL_COMPUTED,NARROW_FLOAT,23,22,10.0796,12.2079,1.7,1314
gnss_raw.txt,2437,380043.800,FINESTEERING,SOL_COMPUTED,NARROW_FLOAT,23,22,10.0796,12.2079,1.8,1314
gnss_raw.txt,2437,380043.900,FINESTEERING,SOL_COMPUTED,NARROW_FLOAT,23,22,10.0796,12.2079,0.9,1314
gnss_raw.txt,2437,380044.000,FINESTEERING,SOL_COMPUTED,NARROW_FLOAT,23,22,7.0846,8.569,1.0,1314
gnss_raw.txt,2437,380044.100,FINESTEERING,SOL_COMPUTED,NARROW_FLOAT,23,22,7.0846,8.569,1.1,1314
gnss_raw.txt,2437,380044.200,FINESTEERING,SOL_COMPUTED,NARROW_FLOAT,23,22,7.0846,8.569,1.2,1314
gnss_raw.txt,2437,380044.300,FINESTEERING,SOL_COMPUTED,NARROW_FLOAT,23,22,7.0846,8.569,1.3,1314
gnss_raw.txt,2437,380044.400,FINESTEERING,SOL_COMPUTED,NARROW_FLOAT,23,22,7.0846,8.569,1.4,1314
gnss_raw.txt,2437,380044.500,FINESTEERING,SOL_COMPUTED,NARROW_FLOAT,23,22,7.0846,8.5691,1.5,1314
gnss_raw.txt,2437,380044.600,FINESTEERING,SOL_COMPUTED,NARROW_FLOAT,23,22,7.0846,8.5691,1.6,1314
gnss_raw.txt,2437,380044.700,FINESTEERING,SOL_COMPUTED,NARROW_FLOAT,23,22,7.0846,8.5691,1.7,1314
gnss_raw.txt,2437,380044.800,FINESTEERING,SOL_COMPUTED,NARROW_FLOAT,23,22,7.0846,8.5691,0.8,1314
gnss_raw.txt,2437,380044.900,FINESTEERING,SOL_COMPUTED,NARROW_FLOAT,23,22,7.0846,8.5691,0.9,1314
gnss_raw.txt,2437,380045.000,FINESTEERING,SOL_COMPUTED,NARROW_FLOAT,23,22,8.2667,9.9758,1.0,1314
gnss_raw.txt,2437,380045.100,FINESTEERING,SOL_COMPUTED,NARROW_FLOAT,23,22,8.2667,9.9758,1.1,1314
gnss_raw.txt,2437,380045.200,FINESTEERING,SOL_COMPUTED,NARROW_FLOAT,23,22,8.2667,9.9758,1.2,1314
gnss_raw.txt,2437,380045.300,FINESTEERING,SOL_COMPUTED,NARROW_FLOAT,23,22,8.2667,9.9758,1.3,1314
gnss_raw.txt,2437,380045.400,FINESTEERING,SOL_COMPUTED,NARROW_FLOAT,23,22,8.2667,9.9758,1.4,1314
gnss_raw.txt,2437,380045.500,FINESTEERING,SOL_COMPUTED,NARROW_FLOAT,23,22,8.2667,9.9758,1.5,1314
gnss_raw.txt,2437,380045.600,FINESTEERING,SOL_COMPUTED,NARROW_FLOAT,23,22,8.2667,9.9758,1.6,1314
gnss_raw.txt,2437,380045.700,FINESTEERING,SOL_COMPUTED,NARROW_FLOAT,23,22,8.2667,9.9758,1.7,1314
gnss_raw.txt,2437,380045.800,FINESTEERING,SOL_COMPUTED,NARROW_FLOAT,23,22,8.2667,9.9758,1.8,1314
gnss_raw.txt,2437,380045.900,FINESTEERING,SOL_COMPUTED,NARROW_FLOAT,23,22,8.2667,9.9758,0.9,1314
gnss_raw.txt,2437,380046.000,FINESTEERING,SOL_COMPUTED,NARROW_FLOAT,23,22,5.5876,6.7365,1.0,1314
gnss_raw.txt,2437,380046.100,FINESTEERING,SOL_COMPUTED,NARROW_FLOAT,23,22,5.5876,6.7365,1.1,1314
gnss_raw.txt,2437,380046.200,FINESTEERING,SOL_COMPUTED,NARROW_FLOAT,23,22,5.5876,6.7365,1.2,1314
gnss_raw.txt,2437,380046.300,FINESTEERING,SOL_COMPUTED,NARROW_FLOAT,23,22,5.5876,6.7365,1.3,1314
gnss_raw.txt,2437,380046.400,FINESTEERING,SOL_COMPUTED,NARROW_FLOAT,23,22,5.5876,6.7365,1.4,1314
gnss_raw.txt,2437,380046.500,FINESTEERING,SOL_COMPUTED,NARROW_FLOAT,23,22,5.5876,6.7365,1.5,1314
gnss_raw.txt,2437,380046.600,FINESTEERING,SOL_COMPUTED,NARROW_FLOAT,23,22,5.5876,6.7365,1.6,1314
gnss_raw.txt,2437,380046.700,FINESTEERING,SOL_COMPUTED,NARROW_FLOAT,23,22,5.5876,6.7365,1.7,1314
gnss_raw.txt,2437,380046.800,FINESTEERING,SOL_COMPUTED,NARROW_FLOAT,23,22,5.5876,6.7365,1.8,1314
gnss_raw.txt,2437,380046.900,FINESTEERING,SOL_COMPUTED,NARROW_FLOAT,23,22,5.5876,6.7365,1.9,1314
gnss_raw.txt,2437,380047.000,FINESTEERING,SOL_COMPUTED,NARROW_FLOAT,23,22,6.4882,7.8243,1.0,1314
gnss_raw.txt,2437,380047.100,FINESTEERING,SOL_COMPUTED,NARROW_FLOAT,23,22,6.4882,7.8244,1.1,1314
gnss_raw.txt,2437,380047.200,FINESTEERING,SOL_COMPUTED,NARROW_FLOAT,23,22,6.4882,7.8244,1.2,1314
gnss_raw.txt,2437,380047.300,FINESTEERING,SOL_COMPUTED,NARROW_FLOAT,23,22,6.4882,7.8244,1.3,1314
gnss_raw.txt,2437,380047.400,FINESTEERING,SOL_COMPUTED,NARROW_FLOAT,23,22,6.4882,7.8244,1.4,1314
gnss_raw.txt,2437,380047.500,FINESTEERING,SOL_COMPUTED,NARROW_FLOAT,23,22,6.4882,7.8244,1.5,1314
gnss_raw.txt,2437,380047.600,FINESTEERING,SOL_COMPUTED,NARROW_FLOAT,23,22,6.4882,7.8244,1.6,1314
gnss_raw.txt,2437,380047.700,FINESTEERING,SOL_COMPUTED,NARROW_FLOAT,23,22,6.4882,7.8244,1.7,1314
gnss_raw.txt,2437,380047.800,FINESTEERING,SOL_COMPUTED,NARROW_FLOAT,23,22,6.4882,7.8244,0.8,1314
gnss_raw.txt,2437,380047.900,FINESTEERING,SOL_COMPUTED,NARROW_FLOAT,23,22,6.4882,7.8244,0.9,1314
gnss_raw.txt,2437,380048.000,FINESTEERING,SOL_COMPUTED,NARROW_FLOAT,23,22,8.4835,10.242,1.0,1314
gnss_raw.txt,2437,380048.100,FINESTEERING,SOL_COMPUTED,NARROW_FLOAT,23,22,8.4835,10.242,1.1,1314
gnss_raw.txt,2437,380048.200,FINESTEERING,SOL_COMPUTED,NARROW_FLOAT,23,22,8.4835,10.242,1.2,1314
gnss_raw.txt,2437,380048.300,FINESTEERING,SOL_COMPUTED,NARROW_FLOAT,23,22,8.4835,10.242,1.3,1314
gnss_raw.txt,2437,380048.400,FINESTEERING,SOL_COMPUTED,NARROW_FLOAT,23,22,8.4835,10.242,1.4,1314
gnss_raw.txt,2437,380048.500,FINESTEERING,SOL_COMPUTED,NARROW_FLOAT,23,22,8.4835,10.242,1.5,1314
gnss_raw.txt,2437,380048.600,FINESTEERING,SOL_COMPUTED,NARROW_FLOAT,23,22,8.4835,10.242,1.6,1314
gnss_raw.txt,2437,380048.700,FINESTEERING,SOL_COMPUTED,NARROW_FLOAT,23,22,8.4835,10.242,0.7,1314
gnss_raw.txt,2437,380048.800,FINESTEERING,SOL_COMPUTED,NARROW_FLOAT,23,22,8.4835,10.242,0.8,1314
gnss_raw.txt,2437,380048.900,FINESTEERING,SOL_COMPUTED,NARROW_FLOAT,23,22,8.4835,10.242,0.9,1314
gnss_raw.txt,2437,380049.000,FINESTEERING,SOL_COMPUTED,NARROW_FLOAT,23,22,8.7799,10.593,1.0,1314
gnss_raw.txt,2437,380049.100,FINESTEERING,SOL_COMPUTED,NARROW_FLOAT,23,22,8.7799,10.593,1.1,1314
gnss_raw.txt,2437,380049.200,FINESTEERING,SOL_COMPUTED,NARROW_FLOAT,23,22,8.7799,10.593,1.2,1314
gnss_raw.txt,2437,380049.300,FINESTEERING,SOL_COMPUTED,NARROW_FLOAT,23,22,8.7799,10.5931,1.3,1314
gnss_raw.txt,2437,380049.400,FINESTEERING,SOL_COMPUTED,NARROW_FLOAT,23,22,8.7799,10.5931,1.4,1314
gnss_raw.txt,2437,380049.500,FINESTEERING,SOL_COMPUTED,NARROW_FLOAT,23,22,8.7799,10.5931,1.5,1314
gnss_raw.txt,2437,380049.600,FINESTEERING,SOL_COMPUTED,NARROW_FLOAT,23,22,8.7799,10.5931,1.6,1314
gnss_raw.txt,2437,380049.700,FINESTEERING,SOL_COMPUTED,NARROW_FLOAT,23,22,8.7799,10.5931,1.7,1314
gnss_raw.txt,2437,380049.800,FINESTEERING,SOL_COMPUTED,NARROW_FLOAT,23,22,8.7799,10.5931,0.8,1314
gnss_raw.txt,2437,380049.900,FINESTEERING,SOL_COMPUTED,NARROW_FLOAT,23,22,8.7799,10.5931,0.9,1314
gnss_raw.txt,2437,380050.000,FINESTEERING,SOL_COMPUTED,NARROW_FLOAT,23,22,13.8828,16.72,1.0,1314
gnss_raw.txt,2437,380050.100,FINESTEERING,SOL_COMPUTED,NARROW_FLOAT,23,22,13.8828,16.72,1.1,1314
gnss_raw.txt,2437,380050.200,FINESTEERING,SOL_COMPUTED,NARROW_FLOAT,23,22,13.8828,16.72,1.2,1314
gnss_raw.txt,2437,380050.300,FINESTEERING,SOL_COMPUTED,NARROW_FLOAT,23,22,13.8828,16.72,1.3,1314
gnss_raw.txt,2437,380050.400,FINESTEERING,SOL_COMPUTED,NARROW_FLOAT,23,22,13.8828,16.72,1.4,1314
gnss_raw.txt,2437,380050.500,FINESTEERING,SOL_COMPUTED,NARROW_FLOAT,23,22,13.8828,16.72,1.5,1314
gnss_raw.txt,2437,380050.600,FINESTEERING,SOL_COMPUTED,NARROW_FLOAT,23,22,13.8828,16.72,1.6,1314
gnss_raw.txt,2437,380050.700,FINESTEERING,SOL_COMPUTED,NARROW_FLOAT,23,22,13.8828,16.72,1.7,1314
gnss_raw.txt,2437,380050.800,FINESTEERING,SOL_COMPUTED,NARROW_FLOAT,23,22,13.8828,16.72,1.8,1314
gnss_raw.txt,2437,380050.900,FINESTEERING,SOL_COMPUTED,NARROW_FLOAT,23,22,13.8828,16.72,1.9,1314
gnss_raw.txt,2437,380051.000,FINESTEERING,SOL_COMPUTED,NARROW_FLOAT,23,22,9.3144,11.198,1.0,1314
gnss_raw.txt,2437,380051.100,FINESTEERING,SOL_COMPUTED,NARROW_FLOAT,23,22,9.3144,11.198,1.1,1314
gnss_raw.txt,2437,380051.200,FINESTEERING,SOL_COMPUTED,NARROW_FLOAT,23,22,9.3144,11.198,1.2,1314
gnss_raw.txt,2437,380051.300,FINESTEERING,SOL_COMPUTED,NARROW_FLOAT,23,22,9.3144,11.198,1.3,1314
gnss_raw.txt,2437,380051.400,FINESTEERING,SOL_COMPUTED,NARROW_FLOAT,23,22,9.3144,11.198,1.4,1314
gnss_raw.txt,2437,380051.500,FINESTEERING,SOL_COMPUTED,NARROW_FLOAT,23,22,9.3144,11.198,1.5,1314
gnss_raw.txt,2437,380051.600,FINESTEERING,SOL_COMPUTED,NARROW_FLOAT,23,22,9.3144,11.198,1.6,1314
gnss_raw.txt,2437,380051.700,FINESTEERING,SOL_COMPUTED,NARROW_FLOAT,23,22,9.3144,11.198,1.7,1314
gnss_raw.txt,2437,380051.800,FINESTEERING,SOL_COMPUTED,NARROW_FLOAT,23,22,9.3144,11.198,0.8,1314
gnss_raw.txt,2437,380051.900,FINESTEERING,SOL_COMPUTED,NARROW_FLOAT,23,22,9.3144,11.198,0.9,1314
gnss_raw.txt,2437,380052.000,FINESTEERING,SOL_COMPUTED,NARROW_FLOAT,23,22,11.2652,13.5805,1.0,1314
gnss_raw.txt,2437,380052.100,FINESTEERING,SOL_COMPUTED,NARROW_FLOAT,23,22,11.2652,13.5805,1.1,1314
gnss_raw.txt,2437,380052.200,FINESTEERING,SOL_COMPUTED,NARROW_FLOAT,23,22,11.2652,13.5805,1.2,1314
gnss_raw.txt,2437,380052.300,FINESTEERING,SOL_COMPUTED,NARROW_FLOAT,23,22,11.2652,13.5805,1.3,1314
gnss_raw.txt,2437,380052.400,FINESTEERING,SOL_COMPUTED,NARROW_FLOAT,23,22,11.2652,13.5805,1.4,1314
gnss_raw.txt,2437,380052.500,FINESTEERING,SOL_COMPUTED,NARROW_FLOAT,23,22,11.2652,13.5805,1.5,1314
gnss_raw.txt,2437,380052.600,FINESTEERING,SOL_COMPUTED,NARROW_FLOAT,23,22,11.2652,13.5805,1.6,1314
gnss_raw.txt,2437,380052.700,FINESTEERING,SOL_COMPUTED,NARROW_FLOAT,23,22,11.2652,13.5805,1.7,1314
gnss_raw.txt,2437,380052.800,FINESTEERING,SOL_COMPUTED,NARROW_FLOAT,23,22,11.2652,13.5805,0.8,1314
gnss_raw.txt,2437,380052.900,FINESTEERING,SOL_COMPUTED,NARROW_FLOAT,23,22,11.2652,13.5805,0.9,1314
gnss_raw.txt,2437,380053.000,FINESTEERING,SOL_COMPUTED,NARROW_FLOAT,23,22,14.1878,17.08,1.0,1314
gnss_raw.txt,2437,380053.100,FINESTEERING,SOL_COMPUTED,NARROW_FLOAT,23,22,14.1878,17.08,1.1,1314
gnss_raw.txt,2437,380053.200,FINESTEERING,SOL_COMPUTED,NARROW_FLOAT,23,22,14.1878,17.08,1.2,1314
gnss_raw.txt,2437,380053.300,FINESTEERING,SOL_COMPUTED,NARROW_FLOAT,23,22,14.1878,17.08,1.3,1314
gnss_raw.txt,2437,380053.400,FINESTEERING,SOL_COMPUTED,NARROW_FLOAT,23,22,14.1878,17.08,1.4,1314
gnss_raw.txt,2437,380053.500,FINESTEERING,SOL_COMPUTED,NARROW_FLOAT,23,22,14.1878,17.08,1.5,1314
gnss_raw.txt,2437,380053.600,FINESTEERING,SOL_COMPUTED,NARROW_FLOAT,23,22,14.1878,17.08,1.6,1314
gnss_raw.txt,2437,380053.700,FINESTEERING,SOL_COMPUTED,NARROW_FLOAT,23,22,14.1878,17.08,1.7,1314
gnss_raw.txt,2437,380053.800,FINESTEERING,SOL_COMPUTED,NARROW_FLOAT,23,22,14.1878,17.08,1.8,1314
gnss_raw.txt,2437,380053.900,FINESTEERING,SOL_COMPUTED,NARROW_FLOAT,23,22,14.1878,17.08,0.9,1314
gnss_raw.txt,2437,380054.000,FINESTEERING,SOL_COMPUTED,NARROW_FLOAT,23,22,10.0378,12.0419,1.0,1314
gnss_raw.txt,2437,380054.100,FINESTEERING,SOL_COMPUTED,NARROW_FLOAT,23,22,10.0378,12.0419,1.1,1314
gnss_raw.txt,2437,380054.200,FINESTEERING,SOL_COMPUTED,NARROW_FLOAT,23,22,10.0378,12.0419,1.2,1314
gnss_raw.txt,2437,380054.300,FINESTEERING,SOL_COMPUTED,NARROW_FLOAT,23,22,10.0378,12.0419,1.3,1314
gnss_raw.txt,2437,380054.400,FINESTEERING,SOL_COMPUTED,NARROW_FLOAT,23,22,10.0378,12.0419,1.4,1314
gnss_raw.txt,2437,380054.500,FINESTEERING,SOL_COMPUTED,NARROW_FLOAT,23,22,10.0378,12.0419,1.5,1314
gnss_raw.txt,2437,380054.600,FINESTEERING,SOL_COMPUTED,NARROW_FLOAT,23,22,10.0378,12.0419,1.6,1314
gnss_raw.txt,2437,380054.700,FINESTEERING,SOL_COMPUTED,NARROW_FLOAT,23,22,10.0378,12.0419,1.7,1314
gnss_raw.txt,2437,380054.800,FINESTEERING,SOL_COMPUTED,NARROW_FLOAT,23,22,10.0378,12.0419,1.8,1314
gnss_raw.txt,2437,380054.900,FINESTEERING,SOL_COMPUTED,NARROW_FLOAT,23,22,10.0378,12.0419,0.9,1314
gnss_raw.txt,2437,380055.000,FINESTEERING,SOL_COMPUTED,NARROW_FLOAT,23,22,6.4143,7.684,1.0,1314
gnss_raw.txt,2437,380055.100,FINESTEERING,SOL_COMPUTED,NARROW_FLOAT,23,22,6.4143,7.684,1.1,1314
gnss_raw.txt,2437,380055.200,FINESTEERING,SOL_COMPUTED,NARROW_FLOAT,23,22,6.4143,7.684,1.2,1314
gnss_raw.txt,2437,380055.300,FINESTEERING,SOL_COMPUTED,NARROW_FLOAT,23,22,6.4143,7.684,1.3,1314
gnss_raw.txt,2437,380055.400,FINESTEERING,SOL_COMPUTED,NARROW_FLOAT,23,22,6.4143,7.684,1.4,1314
gnss_raw.txt,2437,380055.500,FINESTEERING,SOL_COMPUTED,NARROW_FLOAT,23,22,6.4143,7.684,1.5,1314
gnss_raw.txt,2437,380055.600,FINESTEERING,SOL_COMPUTED,NARROW_FLOAT,23,22,6.4143,7.684,1.6,1314
gnss_raw.txt,2437,380055.700,FINESTEERING,SOL_COMPUTED,NARROW_FLOAT,23,22,6.4143,7.684,1.7,1314
gnss_raw.txt,2437,380055.800,FINESTEERING,SOL_COMPUTED,NARROW_FLOAT,23,22,6.4143,7.6841,1.8,1314
gnss_raw.txt,2437,380055.900,FINESTEERING,SOL_COMPUTED,NARROW_FLOAT,23,22,6.4143,7.6841,0.9,1314
gnss_raw.txt,2437,380056.000,FINESTEERING,SOL_COMPUTED,NARROW_FLOAT,23,22,11.4584,13.7389,1.0,1314
gnss_raw.txt,2437,380056.100,FINESTEERING,SOL_COMPUTED,NARROW_FLOAT,23,22,11.4584,13.7389,1.1,1314
gnss_raw.txt,2437,380056.200,FINESTEERING,SOL_COMPUTED,NARROW_FLOAT,23,22,11.4584,13.7389,1.2,1314
gnss_raw.txt,2437,380056.300,FINESTEERING,SOL_COMPUTED,NARROW_FLOAT,23,22,11.4584,13.7389,1.3,1314
gnss_raw.txt,2437,380056.400,FINESTEERING,SOL_COMPUTED,NARROW_FLOAT,23,22,11.4584,13.7389,1.4,1314
gnss_raw.txt,2437,380056.500,FINESTEERING,SOL_COMPUTED,NARROW_FLOAT,23,22,11.4584,13.7389,1.5,1314
gnss_raw.txt,2437,380056.600,FINESTEERING,SOL_COMPUTED,NARROW_FLOAT,23,22,11.4584,13.7389,1.6,1314
gnss_raw.txt,2437,380056.700,FINESTEERING,SOL_COMPUTED,NARROW_FLOAT,23,22,11.4584,13.7389,1.7,1314
gnss_raw.txt,2437,380056.800,FINESTEERING,SOL_COMPUTED,NARROW_FLOAT,23,22,11.4584,13.7389,1.8,1314
gnss_raw.txt,2437,380056.900,FINESTEERING,SOL_COMPUTED,NARROW_FLOAT,23,22,11.4584,13.7389,1.9,1314
gnss_raw.txt,2437,380057.000,FINESTEERING,SOL_COMPUTED,NARROW_FLOAT,23,22,8.5096,10.2138,1.0,1314
gnss_raw.txt,2437,380057.100,FINESTEERING,SOL_COMPUTED,NARROW_FLOAT,23,22,8.5096,10.2138,1.1,1314
gnss_raw.txt,2437,380057.200,FINESTEERING,SOL_COMPUTED,NARROW_FLOAT,23,22,8.5096,10.2138,1.2,1314
gnss_raw.txt,2437,380057.300,FINESTEERING,SOL_COMPUTED,NARROW_FLOAT,23,22,8.5096,10.2138,1.3,1314
gnss_raw.txt,2437,380057.400,FINESTEERING,SOL_COMPUTED,NARROW_FLOAT,23,22,8.5096,10.2138,1.4,1314
gnss_raw.txt,2437,380057.500,FINESTEERING,SOL_COMPUTED,NARROW_FLOAT,23,22,8.5096,10.2138,1.5,1314
gnss_raw.txt,2437,380057.600,FINESTEERING,SOL_COMPUTED,NARROW_FLOAT,23,22,8.5096,10.2138,1.6,1314
gnss_raw.txt,2437,380057.700,FINESTEERING,SOL_COMPUTED,NARROW_FLOAT,23,22,8.5096,10.2138,0.7,1314
gnss_raw.txt,2437,380057.800,FINESTEERING,SOL_COMPUTED,NARROW_FLOAT,23,22,8.5096,10.2138,0.8,1314
gnss_raw.txt,2437,380057.900,FINESTEERING,SOL_COMPUTED,NARROW_FLOAT,23,22,8.5096,10.2138,0.9,1314
gnss_raw.txt,2437,380058.000,FINESTEERING,SOL_COMPUTED,NARROW_FLOAT,23,22,13.2873,15.9654,1.0,1314
gnss_raw.txt,2437,380058.100,FINESTEERING,SOL_COMPUTED,NARROW_FLOAT,23,22,13.2873,15.9654,1.1,1314
gnss_raw.txt,2437,380058.200,FINESTEERING,SOL_COMPUTED,NARROW_FLOAT,23,22,13.2874,15.9654,1.2,1314
gnss_raw.txt,2437,380058.300,FINESTEERING,SOL_COMPUTED,NARROW_FLOAT,23,22,13.2874,15.9654,1.3,1314
gnss_raw.txt,2437,380058.400,FINESTEERING,SOL_COMPUTED,NARROW_FLOAT,23,22,13.2874,15.9654,1.4,1314
gnss_raw.txt,2437,380058.500,FINESTEERING,SOL_COMPUTED,NARROW_FLOAT,23,22,13.2874,15.9654,1.5,1314
gnss_raw.txt,2437,380058.600,FINESTEERING,SOL_COMPUTED,NARROW_FLOAT,23,22,13.2874,15.9654,1.6,1314
gnss_raw.txt,2437,380058.700,FINESTEERING,SOL_COMPUTED,NARROW_FLOAT,23,22,13.2874,15.9654,1.7,1314
gnss_raw.txt,2437,380058.800,FINESTEERING,SOL_COMPUTED,NARROW_FLOAT,23,22,13.2874,15.9654,1.8,1314
gnss_raw.txt,2437,380058.900,FINESTEERING,SOL_COMPUTED,NARROW_FLOAT,23,22,13.2874,15.9654,0.9,1314
gnss_raw.txt,2437,380059.000,FINESTEERING,SOL_COMPUTED,NARROW_FLOAT,23,22,14.1513,17.0563,1.0,1314
gnss_raw.txt,2437,380059.100,FINESTEERING,SOL_COMPUTED,NARROW_FLOAT,23,22,14.1513,17.0564,1.1,1314
gnss_raw.txt,2437,380059.200,FINESTEERING,SOL_COMPUTED,NARROW_FLOAT,23,22,14.1513,17.0564,1.2,1314
gnss_raw.txt,2437,380059.300,FINESTEERING,SOL_COMPUTED,NARROW_FLOAT,23,22,14.1513,17.0564,1.3,1314
gnss_raw.txt,2437,380059.400,FINESTEERING,SOL_COMPUTED,NARROW_FLOAT,23,22,14.1513,17.0564,1.4,1314
gnss_raw.txt,2437,380059.500,FINESTEERING,SOL_COMPUTED,NARROW_FLOAT,23,22,14.1513,17.0564,1.5,1314
gnss_raw.txt,2437,380059.600,FINESTEERING,SOL_COMPUTED,NARROW_FLOAT,23,22,14.1513,17.0564,1.6,1314
gnss_raw.txt,2437,380059.700,FINESTEERING,SOL_COMPUTED,NARROW_FLOAT,23,22,14.1513,17.0564,0.7,1314
gnss_raw.txt,2437,380059.800,FINESTEERING,SOL_COMPUTED,NARROW_FLOAT,23,22,14.1513,17.0564,0.8,1314
gnss_raw.txt,2437,380059.900,FINESTEERING,SOL_COMPUTED,NARROW_FLOAT,23,22,14.1513,17.0564,0.9,1314
gnss_raw.txt,2437,380060.000,FINESTEERING,SOL_COMPUTED,NARROW_FLOAT,23,22,10.5618,12.7481,1.0,1314
gnss_raw.txt,2437,380060.100,FINESTEERING,SOL_COMPUTED,NARROW_FLOAT,23,22,10.5618,12.7481,1.1,1314
gnss_raw.txt,2437,380060.200,FINESTEERING,SOL_COMPUTED,NARROW_FLOAT,23,22,10.5618,12.7481,1.2,1314
gnss_raw.txt,2437,380060.300,FINESTEERING,SOL_COMPUTED,NARROW_FLOAT,23,22,10.5618,12.7481,1.3,1314
gnss_raw.txt,2437,380060.400,FINESTEERING,SOL_COMPUTED,NARROW_FLOAT,23,22,10.5618,12.7481,1.4,1314
gnss_raw.txt,2437,380060.500,FINESTEERING,SOL_COMPUTED,NARROW_FLOAT,23,22,10.5618,12.7481,1.5,1314
gnss_raw.txt,2437,380060.600,FINESTEERING,SOL_COMPUTED,NARROW_FLOAT,23,22,10.5618,12.7481,1.6,1314
gnss_raw.txt,2437,380060.700,FINESTEERING,SOL_COMPUTED,NARROW_FLOAT,23,22,10.5618,12.7481,0.7,1314
gnss_raw.txt,2437,380060.800,FINESTEERING,SOL_COMPUTED,NARROW_FLOAT,23,22,10.5618,12.7481,0.8,1314
gnss_raw.txt,2437,380060.900,FINESTEERING,SOL_COMPUTED,NARROW_FLOAT,23,22,10.5618,12.7481,0.9,1314
gnss_raw.txt,2437,380061.000,FINESTEERING,SOL_COMPUTED,NARROW_FLOAT,23,22,11.4706,13.8601,1.0,1314
gnss_raw.txt,2437,380061.100,FINESTEERING,SOL_COMPUTED,NARROW_FLOAT,23,22,11.4706,13.8601,1.1,1314
gnss_raw.txt,2437,380061.200,FINESTEERING,SOL_COMPUTED,NARROW_FLOAT,23,22,11.4706,13.8601,1.2,1314
gnss_raw.txt,2437,380061.300,FINESTEERING,SOL_COMPUTED,NARROW_FLOAT,23,22,11.4706,13.8601,1.3,1314
gnss_raw.txt,2437,380061.400,FINESTEERING,SOL_COMPUTED,NARROW_FLOAT,23,22,11.4706,13.8601,1.4,1314
gnss_raw.txt,2437,380061.500,FINESTEERING,SOL_COMPUTED,NARROW_FLOAT,23,22,11.4706,13.8601,1.5,1314
gnss_raw.txt,2437,380061.600,FINESTEERING,SOL_COMPUTED,NARROW_FLOAT,23,22,11.4706,13.8601,1.6,1314
gnss_raw.txt,2437,380061.700,FINESTEERING,SOL_COMPUTED,NARROW_FLOAT,23,22,11.4706,13.8601,1.7,1314
gnss_raw.txt,2437,380061.800,FINESTEERING,SOL_COMPUTED,NARROW_FLOAT,23,22,11.4706,13.8601,0.8,1314
gnss_raw.txt,2437,380061.900,FINESTEERING,SOL_COMPUTED,NARROW_FLOAT,23,22,11.4706,13.8601,0.9,1314
gnss_raw.txt,2437,380062.000,FINESTEERING,SOL_COMPUTED,NARROW_FLOAT,23,22,18.7405,22.6798,1.0,1314
gnss_raw.txt,2437,380062.100,FINESTEERING,SOL_COMPUTED,NARROW_FLOAT,23,22,18.7406,22.6798,1.1,1314
gnss_raw.txt,2437,380062.200,FINESTEERING,SOL_COMPUTED,NARROW_FLOAT,23,22,18.7406,22.6798,1.2,1314
gnss_raw.txt,2437,380062.300,FINESTEERING,SOL_COMPUTED,NARROW_FLOAT,22,21,18.7406,22.6798,1.3,1314
gnss_raw.txt,2437,380062.400,FINESTEERING,SOL_COMPUTED,NARROW_FLOAT,22,21,18.7406,22.6798,1.4,1314
gnss_raw.txt,2437,380062.500,FINESTEERING,SOL_COMPUTED,NARROW_FLOAT,22,21,18.7406,22.6798,1.5,1314
gnss_raw.txt,2437,380062.600,FINESTEERING,SOL_COMPUTED,NARROW_FLOAT,22,21,18.7406,22.6798,1.6,1314
gnss_raw.txt,2437,380062.700,FINESTEERING,SOL_COMPUTED,NARROW_FLOAT,22,21,18.7406,22.6798,0.7,1314
gnss_raw.txt,2437,380062.800,FINESTEERING,SOL_COMPUTED,NARROW_FLOAT,22,21,18.7406,22.6798,0.8,1314
gnss_raw.txt,2437,380062.900,FINESTEERING,SOL_COMPUTED,NARROW_FLOAT,23,22,18.7406,22.6798,0.9,1314
gnss_raw.txt,2437,380063.000,FINESTEERING,SOL_COMPUTED,NARROW_FLOAT,23,22,15.2837,18.5052,1.0,1314
gnss_raw.txt,2437,380063.100,FINESTEERING,SOL_COMPUTED,NARROW_FLOAT,23,22,15.2837,18.5052,1.1,1314
gnss_raw.txt,2437,380063.200,FINESTEERING,SOL_COMPUTED,NARROW_FLOAT,23,22,15.2837,18.5052,1.2,1314
gnss_raw.txt,2437,380063.300,FINESTEERING,SOL_COMPUTED,NARROW_FLOAT,23,22,15.2837,18.5052,1.3,1314
gnss_raw.txt,2437,380063.400,FINESTEERING,SOL_COMPUTED,NARROW_FLOAT,23,22,15.2837,18.5052,1.4,1314
gnss_raw.txt,2437,380063.500,FINESTEERING,SOL_COMPUTED,NARROW_FLOAT,23,22,15.2837,18.5052,1.5,1314
gnss_raw.txt,2437,380063.600,FINESTEERING,SOL_COMPUTED,NARROW_FLOAT,23,22,15.2837,18.5052,1.6,1314
gnss_raw.txt,2437,380063.700,FINESTEERING,SOL_COMPUTED,NARROW_FLOAT,23,22,15.2837,18.5052,0.7,1314
gnss_raw.txt,2437,380063.800,FINESTEERING,SOL_COMPUTED,NARROW_FLOAT,23,22,15.2837,18.5052,0.8,1314
gnss_raw.txt,2437,380063.900,FINESTEERING,SOL_COMPUTED,NARROW_FLOAT,23,22,15.2837,18.5052,0.9,1314
gnss_raw.txt,2437,380064.000,FINESTEERING,SOL_COMPUTED,NARROW_FLOAT,23,22,14.3402,17.3925,1.0,1314
gnss_raw.txt,2437,380064.100,FINESTEERING,SOL_COMPUTED,NARROW_FLOAT,23,22,14.3402,17.3925,1.1,1314
gnss_raw.txt,2437,380064.200,FINESTEERING,SOL_COMPUTED,NARROW_FLOAT,23,22,14.3402,17.3925,1.2,1314
gnss_raw.txt,2437,380064.300,FINESTEERING,SOL_COMPUTED,NARROW_FLOAT,23,22,14.3402,17.3925,1.3,1314
gnss_raw.txt,2437,380064.400,FINESTEERING,SOL_COMPUTED,NARROW_FLOAT,23,22,14.3402,17.3925,1.4,1314
gnss_raw.txt,2437,380064.500,FINESTEERING,SOL_COMPUTED,NARROW_FLOAT,23,22,14.3402,17.3925,1.5,1314
gnss_raw.txt,2437,380064.600,FINESTEERING,SOL_COMPUTED,NARROW_FLOAT,23,22,14.3402,17.3925,1.6,1314
gnss_raw.txt,2437,380064.700,FINESTEERING,SOL_COMPUTED,NARROW_FLOAT,23,22,14.3402,17.3925,1.7,1314
gnss_raw.txt,2437,380064.800,FINESTEERING,SOL_COMPUTED,NARROW_FLOAT,23,22,14.3402,17.3925,0.8,1314
gnss_raw.txt,2437,380064.900,FINESTEERING,SOL_COMPUTED,NARROW_FLOAT,23,22,14.3402,17.3925,0.9,1314
gnss_raw.txt,2437,380065.000,FINESTEERING,SOL_COMPUTED,NARROW_FLOAT,23,22,11.3919,13.8403,1.0,1314
gnss_raw.txt,2437,380065.100,FINESTEERING,SOL_COMPUTED,NARROW_FLOAT,23,22,11.3919,13.8403,1.1,1314
gnss_raw.txt,2437,380065.200,FINESTEERING,SOL_COMPUTED,NARROW_FLOAT,22,21,11.3919,13.8403,1.2,1314
gnss_raw.txt,2437,380065.300,FINESTEERING,SOL_COMPUTED,NARROW_FLOAT,23,22,11.3919,13.8403,1.3,1314
gnss_raw.txt,2437,380065.400,FINESTEERING,SOL_COMPUTED,NARROW_FLOAT,23,22,11.3919,13.8403,1.4,1314
gnss_raw.txt,2437,380065.500,FINESTEERING,SOL_COMPUTED,NARROW_FLOAT,23,22,11.3919,13.8403,1.5,1314
gnss_raw.txt,2437,380065.600,FINESTEERING,SOL_COMPUTED,NARROW_FLOAT,23,22,11.3919,13.8403,1.6,1314
gnss_raw.txt,2437,380065.700,FINESTEERING,SOL_COMPUTED,NARROW_FLOAT,23,22,11.3919,13.8403,0.7,1314
gnss_raw.txt,2437,380065.800,FINESTEERING,SOL_COMPUTED,NARROW_FLOAT,23,22,11.3919,13.8403,0.8,1314
gnss_raw.txt,2437,380065.900,FINESTEERING,SOL_COMPUTED,NARROW_FLOAT,23,22,11.3919,13.8403,0.9,1314
gnss_raw.txt,2437,380066.000,FINESTEERING,SOL_COMPUTED,NARROW_FLOAT,23,22,13.8355,16.8341,1.0,1314
gnss_raw.txt,2437,380066.100,FINESTEERING,SOL_COMPUTED,NARROW_FLOAT,23,22,13.8355,16.8341,1.1,1314
gnss_raw.txt,2437,380066.200,FINESTEERING,SOL_COMPUTED,NARROW_FLOAT,23,22,13.8356,16.8341,1.2,1314
gnss_raw.txt,2437,380066.300,FINESTEERING,SOL_COMPUTED,NARROW_FLOAT,22,21,13.8356,16.8341,1.3,1314
gnss_raw.txt,2437,380066.400,FINESTEERING,SOL_COMPUTED,NARROW_FLOAT,23,22,13.8356,16.8341,1.4,1314
gnss_raw.txt,2437,380066.500,FINESTEERING,SOL_COMPUTED,NARROW_FLOAT,22,21,13.8356,16.8341,1.5,1314
gnss_raw.txt,2437,380066.600,FINESTEERING,SOL_COMPUTED,NARROW_FLOAT,22,21,13.8356,16.8341,1.6,1314
gnss_raw.txt,2437,380066.700,FINESTEERING,SOL_COMPUTED,NARROW_FLOAT,22,21,13.8356,16.8341,1.7,1314
gnss_raw.txt,2437,380066.800,FINESTEERING,SOL_COMPUTED,NARROW_FLOAT,22,21,13.8356,16.8341,0.8,1314
gnss_raw.txt,2437,380066.900,FINESTEERING,SOL_COMPUTED,NARROW_FLOAT,22,21,13.8356,16.8341,0.9,1314
gnss_raw.txt,2437,380067.000,FINESTEERING,SOL_COMPUTED,NARROW_FLOAT,22,21,8.675,10.5821,1.0,1314
gnss_raw.txt,2437,380067.100,FINESTEERING,SOL_COMPUTED,NARROW_FLOAT,22,21,8.675,10.5822,1.1,1314
gnss_raw.txt,2437,380067.200,FINESTEERING,SOL_COMPUTED,NARROW_FLOAT,22,21,8.675,10.5822,1.2,1314
gnss_raw.txt,2437,380067.300,FINESTEERING,SOL_COMPUTED,NARROW_FLOAT,22,21,8.675,10.5822,1.3,1314
gnss_raw.txt,2437,380067.400,FINESTEERING,SOL_COMPUTED,NARROW_FLOAT,22,21,8.675,10.5822,1.4,1314
gnss_raw.txt,2437,380067.500,FINESTEERING,SOL_COMPUTED,NARROW_FLOAT,22,21,8.675,10.5822,1.5,1314
gnss_raw.txt,2437,380067.600,FINESTEERING,SOL_COMPUTED,NARROW_FLOAT,22,21,8.675,10.5822,1.6,1314
gnss_raw.txt,2437,380067.700,FINESTEERING,SOL_COMPUTED,NARROW_FLOAT,22,21,8.675,10.5822,1.7,1314
gnss_raw.txt,2437,380067.800,FINESTEERING,SOL_COMPUTED,NARROW_FLOAT,22,21,8.675,10.5822,0.8,1314
gnss_raw.txt,2437,380067.900,FINESTEERING,SOL_COMPUTED,NARROW_FLOAT,22,21,8.675,10.5822,0.9,1314
gnss_raw.txt,2437,380068.000,FINESTEERING,SOL_COMPUTED,NARROW_FLOAT,22,21,9.4621,11.5457,1.0,1314
gnss_raw.txt,2437,380068.100,FINESTEERING,SOL_COMPUTED,NARROW_FLOAT,22,21,9.4621,11.5457,1.1,1314
gnss_raw.txt,2437,380068.200,FINESTEERING,SOL_COMPUTED,NARROW_FLOAT,22,21,9.4621,11.5457,1.2,1314
gnss_raw.txt,2437,380068.300,FINESTEERING,SOL_COMPUTED,NARROW_FLOAT,22,21,9.4621,11.5457,1.3,1314
gnss_raw.txt,2437,380068.400,FINESTEERING,SOL_COMPUTED,NARROW_FLOAT,22,21,9.4621,11.5457,1.4,1314
gnss_raw.txt,2437,380068.500,FINESTEERING,SOL_COMPUTED,NARROW_FLOAT,22,21,9.4621,11.5457,1.5,1314
gnss_raw.txt,2437,380068.600,FINESTEERING,SOL_COMPUTED,NARROW_FLOAT,22,21,9.4622,11.5457,1.6,1314
gnss_raw.txt,2437,380068.700,FINESTEERING,SOL_COMPUTED,NARROW_FLOAT,22,21,9.4622,11.5457,1.7,1314
gnss_raw.txt,2437,380068.800,FINESTEERING,SOL_COMPUTED,NARROW_FLOAT,22,21,9.4622,11.5458,0.8,1314
gnss_raw.txt,2437,380068.900,FINESTEERING,SOL_COMPUTED,NARROW_FLOAT,22,21,9.4622,11.5458,0.9,1314
gnss_raw.txt,2437,380069.000,FINESTEERING,SOL_COMPUTED,NARROW_FLOAT,22,21,8.399,10.4768,1.0,1314
gnss_raw.txt,2437,380069.100,FINESTEERING,SOL_COMPUTED,NARROW_FLOAT,22,21,8.399,10.4769,1.1,1314
gnss_raw.txt,2437,380069.200,FINESTEERING,SOL_COMPUTED,NARROW_FLOAT,22,21,8.399,10.4769,1.2,1314
gnss_raw.txt,2437,380069.300,FINESTEERING,SOL_COMPUTED,NARROW_FLOAT,22,21,8.3991,10.4769,1.3,1314
gnss_raw.txt,2437,380069.400,FINESTEERING,SOL_COMPUTED,NARROW_FLOAT,22,21,8.3991,10.4769,1.4,1314
gnss_raw.txt,2437,380069.500,FINESTEERING,SOL_COMPUTED,NARROW_FLOAT,22,21,8.3991,10.4769,1.5,1314
gnss_raw.txt,2437,380069.600,FINESTEERING,SOL_COMPUTED,NARROW_FLOAT,22,21,8.3991,10.4769,1.6,1314
gnss_raw.txt,2437,380069.700,FINESTEERING,SOL_COMPUTED,NARROW_FLOAT,22,21,8.3991,10.4769,1.7,1314
gnss_raw.txt,2437,380069.800,FINESTEERING,SOL_COMPUTED,NARROW_FLOAT,22,21,8.3991,10.4769,1.8,1314
gnss_raw.txt,2437,380069.900,FINESTEERING,SOL_COMPUTED,NARROW_FLOAT,22,21,8.3991,10.4769,0.9,1314
gnss_raw.txt,2437,380070.000,FINESTEERING,SOL_COMPUTED,NARROW_FLOAT,22,21,5.9076,7.6404,1.0,1314
gnss_raw.txt,2437,380070.100,FINESTEERING,SOL_COMPUTED,NARROW_FLOAT,23,22,5.9076,7.6404,1.1,1314
gnss_raw.txt,2437,380070.200,FINESTEERING,SOL_COMPUTED,NARROW_FLOAT,23,22,5.9076,7.6404,1.2,1314
gnss_raw.txt,2437,380070.300,FINESTEERING,SOL_COMPUTED,NARROW_FLOAT,23,22,5.9076,7.6405,1.3,1314
gnss_raw.txt,2437,380070.400,FINESTEERING,SOL_COMPUTED,NARROW_FLOAT,23,22,5.9076,7.6405,1.4,1314
gnss_raw.txt,2437,380070.500,FINESTEERING,SOL_COMPUTED,NARROW_FLOAT,23,22,5.9077,7.6405,1.5,1314
gnss_raw.txt,2437,380070.600,FINESTEERING,SOL_COMPUTED,NARROW_FLOAT,23,22,5.9077,7.6405,1.6,1314
gnss_raw.txt,2437,380070.700,FINESTEERING,SOL_COMPUTED,NARROW_FLOAT,23,22,5.9077,7.6405,1.7,1314
gnss_raw.txt,2437,380070.800,FINESTEERING,SOL_COMPUTED,NARROW_FLOAT,23,22,5.9077,7.6405,1.8,1314
gnss_raw.txt,2437,380070.900,FINESTEERING,SOL_COMPUTED,NARROW_FLOAT,23,22,5.9077,7.6405,1.9,1314
gnss_raw.txt,2437,380071.000,FINESTEERING,SOL_COMPUTED,NARROW_FLOAT,23,22,7.3102,9.727,2.0,1314
gnss_raw.txt,2437,380071.100,FINESTEERING,SOL_COMPUTED,NARROW_FLOAT,23,22,7.3102,9.727,2.1,1314
gnss_raw.txt,2437,380071.200,FINESTEERING,SOL_COMPUTED,NARROW_FLOAT,23,22,7.3102,9.727,1.2,1314
gnss_raw.txt,2437,380071.300,FINESTEERING,SOL_COMPUTED,NARROW_FLOAT,23,22,7.3102,9.727,1.3,1314
gnss_raw.txt,2437,380071.400,FINESTEERING,SOL_COMPUTED,NARROW_FLOAT,23,22,7.3103,9.727,1.4,1314
gnss_raw.txt,2437,380071.500,FINESTEERING,SOL_COMPUTED,NARROW_FLOAT,24,23,7.3103,9.727,1.5,1314
gnss_raw.txt,2437,380071.600,FINESTEERING,SOL_COMPUTED,NARROW_FLOAT,24,23,7.3103,9.727,1.6,1314
gnss_raw.txt,2437,380071.700,FINESTEERING,SOL_COMPUTED,NARROW_FLOAT,24,23,7.3103,9.727,1.7,1314
gnss_raw.txt,2437,380071.800,FINESTEERING,SOL_COMPUTED,NARROW_FLOAT,24,23,7.3103,9.727,0.8,1314
gnss_raw.txt,2437,380071.900,FINESTEERING,SOL_COMPUTED,NARROW_FLOAT,24,23,7.3103,9.727,0.9,1314
gnss_raw.txt,2437,380072.000,FINESTEERING,SOL_COMPUTED,NARROW_FLOAT,24,23,10.5697,13.9488,1.0,1314
gnss_raw.txt,2437,380072.100,FINESTEERING,SOL_COMPUTED,NARROW_FLOAT,24,23,10.5697,13.9488,1.1,1314
gnss_raw.txt,2437,380072.200,FINESTEERING,SOL_COMPUTED,NARROW_FLOAT,24,23,10.5697,13.9488,1.2,1314
gnss_raw.txt,2437,380072.300,FINESTEERING,SOL_COMPUTED,NARROW_FLOAT,24,23,10.5697,13.9488,1.3,1314
gnss_raw.txt,2437,380072.400,FINESTEERING,SOL_COMPUTED,NARROW_FLOAT,24,23,10.5697,13.9488,1.4,1314
gnss_raw.txt,2437,380072.500,FINESTEERING,SOL_COMPUTED,NARROW_FLOAT,24,23,10.5697,13.9488,1.5,1314
gnss_raw.txt,2437,380072.600,FINESTEERING,SOL_COMPUTED,NARROW_FLOAT,24,23,10.5697,13.9488,1.6,1314
gnss_raw.txt,2437,380072.700,FINESTEERING,SOL_COMPUTED,NARROW_FLOAT,24,23,10.5697,13.9488,0.7,1314
gnss_raw.txt,2437,380072.800,FINESTEERING,SOL_COMPUTED,NARROW_FLOAT,24,23,10.5697,13.9488,0.8,1314
gnss_raw.txt,2437,380072.900,FINESTEERING,SOL_COMPUTED,NARROW_FLOAT,24,23,10.5697,13.9488,0.9,1314
gnss_raw.txt,2437,380073.000,FINESTEERING,SOL_COMPUTED,NARROW_FLOAT,24,23,3.6919,4.9803,1.0,1314
gnss_raw.txt,2437,380073.100,FINESTEERING,SOL_COMPUTED,NARROW_FLOAT,24,23,3.6919,4.9803,1.1,1314
gnss_raw.txt,2437,380073.200,FINESTEERING,SOL_COMPUTED,NARROW_FLOAT,24,23,3.692,4.9803,1.2,1314
gnss_raw.txt,2437,380073.300,FINESTEERING,SOL_COMPUTED,NARROW_FLOAT,24,23,3.692,4.9803,1.3,1314
gnss_raw.txt,2437,380073.400,FINESTEERING,SOL_COMPUTED,NARROW_FLOAT,24,23,3.692,4.9803,1.4,1314
gnss_raw.txt,2437,380073.500,FINESTEERING,SOL_COMPUTED,NARROW_FLOAT,24,23,3.692,4.9803,1.5,1314
gnss_raw.txt,2437,380073.600,FINESTEERING,SOL_COMPUTED,NARROW_FLOAT,24,23,3.692,4.9804,1.6,1314
gnss_raw.txt,2437,380073.700,FINESTEERING,SOL_COMPUTED,NARROW_FLOAT,24,23,3.692,4.9804,1.7,1314
gnss_raw.txt,2437,380073.800,FINESTEERING,SOL_COMPUTED,NARROW_FLOAT,24,23,3.692,4.9804,0.8,1314
gnss_raw.txt,2437,380073.900,FINESTEERING,SOL_COMPUTED,NARROW_FLOAT,24,23,3.692,4.9804,0.9,1314
gnss_raw.txt,2437,380074.000,FINESTEERING,SOL_COMPUTED,NARROW_FLOAT,24,23,5.3165,7.1736,1.0,1314
gnss_raw.txt,2437,380074.100,FINESTEERING,SOL_COMPUTED,NARROW_FLOAT,24,23,5.3165,7.1736,1.1,1314
gnss_raw.txt,2437,380074.200,FINESTEERING,SOL_COMPUTED,NARROW_FLOAT,24,23,5.3165,7.1736,1.2,1314
gnss_raw.txt,2437,380074.300,FINESTEERING,SOL_COMPUTED,NARROW_FLOAT,24,23,5.3165,7.1737,1.3,1314
gnss_raw.txt,2437,380074.400,FINESTEERING,SOL_COMPUTED,NARROW_FLOAT,24,23,5.3165,7.1737,1.4,1314
gnss_raw.txt,2437,380074.500,FINESTEERING,SOL_COMPUTED,NARROW_FLOAT,24,23,5.3165,7.1737,1.5,1314
gnss_raw.txt,2437,380074.600,FINESTEERING,SOL_COMPUTED,NARROW_FLOAT,24,23,5.3166,7.1737,1.6,1314
gnss_raw.txt,2437,380074.700,FINESTEERING,SOL_COMPUTED,NARROW_FLOAT,24,23,5.3166,7.1737,1.7,1314
gnss_raw.txt,2437,380074.800,FINESTEERING,SOL_COMPUTED,NARROW_FLOAT,24,23,5.3166,7.1737,1.8,1314
gnss_raw.txt,2437,380074.900,FINESTEERING,SOL_COMPUTED,NARROW_FLOAT,24,23,5.3166,7.1737,0.9,1314
gnss_raw.txt,2437,380075.000,FINESTEERING,SOL_COMPUTED,NARROW_FLOAT,24,23,2.0591,2.7836,1.0,1314
gnss_raw.txt,2437,380075.100,FINESTEERING,SOL_COMPUTED,NARROW_FLOAT,24,23,2.0592,2.7837,1.1,1314
gnss_raw.txt,2437,380075.200,FINESTEERING,SOL_COMPUTED,NARROW_FLOAT,24,23,2.0592,2.7838,1.2,1314
gnss_raw.txt,2437,380075.300,FINESTEERING,SOL_COMPUTED,NARROW_FLOAT,24,23,2.0593,2.7839,1.3,1314
gnss_raw.txt,2437,380075.400,FINESTEERING,SOL_COMPUTED,NARROW_FLOAT,24,23,2.0593,2.7839,1.4,1314
gnss_raw.txt,2437,380075.500,FINESTEERING,SOL_COMPUTED,NARROW_FLOAT,24,23,2.0594,2.784,1.5,1314
gnss_raw.txt,2437,380075.600,FINESTEERING,SOL_COMPUTED,NARROW_FLOAT,23,22,2.0594,2.784,1.6,1314
gnss_raw.txt,2437,380075.700,FINESTEERING,SOL_COMPUTED,NARROW_FLOAT,23,22,2.0595,2.784,1.7,1314
gnss_raw.txt,2437,380075.800,FINESTEERING,SOL_COMPUTED,NARROW_FLOAT,23,22,2.0596,2.7841,0.8,1314
gnss_raw.txt,2437,380075.900,FINESTEERING,SOL_COMPUTED,NARROW_FLOAT,23,22,2.0597,2.7843,0.9,1314
gnss_raw.txt,2437,380076.000,FINESTEERING,SOL_COMPUTED,NARROW_FLOAT,23,22,1.427,1.9802,1.0,1314
gnss_raw.txt,2437,380076.100,FINESTEERING,SOL_COMPUTED,NARROW_FLOAT,23,22,1.4271,1.9802,1.1,1314
gnss_raw.txt,2437,380076.200,FINESTEERING,SOL_COMPUTED,NARROW_FLOAT,24,23,1.4272,1.9803,1.2,1314
gnss_raw.txt,2437,380076.300,FINESTEERING,SOL_COMPUTED,NARROW_FLOAT,24,23,1.4273,1.9804,1.3,1314
gnss_raw.txt,2437,380076.400,FINESTEERING,SOL_COMPUTED,NARROW_FLOAT,24,23,1.4274,1.9805,1.4,1314
gnss_raw.txt,2437,380076.500,FINESTEERING,SOL_COMPUTED,NARROW_FLOAT,24,23,1.4274,1.9806,1.5,1314
gnss_raw.txt,2437,380076.600,FINESTEERING,SOL_COMPUTED,NARROW_FLOAT,24,23,1.4275,1.9806,1.6,1314
gnss_raw.txt,2437,380076.700,FINESTEERING,SOL_COMPUTED,NARROW_FLOAT,24,23,1.4276,1.9807,1.7,1314
gnss_raw.txt,2437,380076.800,FINESTEERING,SOL_COMPUTED,NARROW_FLOAT,24,23,1.4276,1.9807,0.8,1314
gnss_raw.txt,2437,380076.900,FINESTEERING,SOL_COMPUTED,NARROW_FLOAT,24,23,1.4277,1.9808,0.9,1314
gnss_raw.txt,2437,380077.000,FINESTEERING,SOL_COMPUTED,NARROW_FLOAT,24,23,5.8031,8.1248,1.0,1314
gnss_raw.txt,2437,380077.100,FINESTEERING,SOL_COMPUTED,NARROW_FLOAT,24,23,5.8031,8.1248,1.1,1314
gnss_raw.txt,2437,380077.200,FINESTEERING,SOL_COMPUTED,NARROW_FLOAT,24,23,5.8031,8.1249,1.2,1314
gnss_raw.txt,2437,380077.300,FINESTEERING,SOL_COMPUTED,NARROW_FLOAT,24,23,5.8031,8.1249,1.3,1314
gnss_raw.txt,2437,380077.400,FINESTEERING,SOL_COMPUTED,NARROW_FLOAT,24,23,5.8031,8.1249,1.4,1314
gnss_raw.txt,2437,380077.500,FINESTEERING,SOL_COMPUTED,NARROW_FLOAT,24,23,5.8032,8.1249,1.5,1314
gnss_raw.txt,2437,380077.600,FINESTEERING,SOL_COMPUTED,NARROW_FLOAT,24,23,5.8032,8.1249,1.6,1314
gnss_raw.txt,2437,380077.700,FINESTEERING,SOL_COMPUTED,NARROW_FLOAT,24,23,5.8032,8.1249,1.7,1314
gnss_raw.txt,2437,380077.800,FINESTEERING,SOL_COMPUTED,NARROW_FLOAT,24,23,5.8032,8.1249,0.8,1314
gnss_raw.txt,2437,380077.900,FINESTEERING,SOL_COMPUTED,NARROW_FLOAT,24,23,5.8032,8.125,0.9,1314
gnss_raw.txt,2437,380078.000,FINESTEERING,SOL_COMPUTED,NARROW_FLOAT,24,23,3.8025,5.1282,1.0,1314
gnss_raw.txt,2437,380078.100,FINESTEERING,SOL_COMPUTED,NARROW_FLOAT,24,23,3.8025,5.1282,1.1,1314
gnss_raw.txt,2437,380078.200,FINESTEERING,SOL_COMPUTED,NARROW_FLOAT,24,23,3.8025,5.1282,1.2,1314
gnss_raw.txt,2437,380078.300,FINESTEERING,SOL_COMPUTED,NARROW_FLOAT,24,23,3.8025,5.1282,1.3,1314
gnss_raw.txt,2437,380078.400,FINESTEERING,SOL_COMPUTED,NARROW_FLOAT,24,23,3.8026,5.1282,1.4,1314
gnss_raw.txt,2437,380078.500,FINESTEERING,SOL_COMPUTED,NARROW_FLOAT,24,23,3.8026,5.1283,1.5,1314
gnss_raw.txt,2437,380078.600,FINESTEERING,SOL_COMPUTED,NARROW_FLOAT,24,23,3.8026,5.1283,1.6,1314
gnss_raw.txt,2437,380078.700,FINESTEERING,SOL_COMPUTED,NARROW_FLOAT,24,23,3.8026,5.1283,1.7,1314
gnss_raw.txt,2437,380078.800,FINESTEERING,SOL_COMPUTED,NARROW_FLOAT,24,23,3.8027,5.1283,1.8,1314
gnss_raw.txt,2437,380078.900,FINESTEERING,SOL_COMPUTED,NARROW_FLOAT,24,23,3.8027,5.1284,1.9,1314
gnss_raw.txt,2437,380079.000,FINESTEERING,SOL_COMPUTED,NARROW_FLOAT,23,22,9.0289,12.635,1.0,1314
gnss_raw.txt,2437,380079.100,FINESTEERING,SOL_COMPUTED,NARROW_FLOAT,23,22,9.029,12.635,1.1,1314
gnss_raw.txt,2437,380079.200,FINESTEERING,SOL_COMPUTED,NARROW_FLOAT,23,22,9.029,12.635,1.2,1314
gnss_raw.txt,2437,380079.300,FINESTEERING,SOL_COMPUTED,NARROW_FLOAT,23,22,9.029,12.6351,1.3,1314
gnss_raw.txt,2437,380079.400,FINESTEERING,SOL_COMPUTED,NARROW_FLOAT,23,22,9.029,12.6351,1.4,1314
gnss_raw.txt,2437,380079.500,FINESTEERING,SOL_COMPUTED,NARROW_FLOAT,23,22,9.029,12.6351,1.5,1314
gnss_raw.txt,2437,380079.600,FINESTEERING,SOL_COMPUTED,NARROW_FLOAT,23,22,9.029,12.6351,1.6,1314
gnss_raw.txt,2437,380079.700,FINESTEERING,SOL_COMPUTED,NARROW_FLOAT,23,22,9.029,12.6351,1.7,1314
gnss_raw.txt,2437,380079.800,FINESTEERING,SOL_COMPUTED,NARROW_FLOAT,23,22,9.029,12.6351,0.8,1314
gnss_raw.txt,2437,380079.900,FINESTEERING,SOL_COMPUTED,NARROW_FLOAT,23,22,9.029,12.6351,0.9,1314
gnss_raw.txt,2437,380080.000,FINESTEERING,SOL_COMPUTED,NARROW_FLOAT,23,22,4.3311,6.3074,1.0,1314
gnss_raw.txt,2437,380080.100,FINESTEERING,SOL_COMPUTED,NARROW_FLOAT,23,22,4.3311,6.3074,1.1,1314
gnss_raw.txt,2437,380080.200,FINESTEERING,SOL_COMPUTED,NARROW_FLOAT,23,22,4.3312,6.3074,1.2,1314
gnss_raw.txt,2437,380080.300,FINESTEERING,SOL_COMPUTED,NARROW_FLOAT,23,22,4.3312,6.3074,1.3,1314
gnss_raw.txt,2437,380080.400,FINESTEERING,SOL_COMPUTED,NARROW_FLOAT,23,22,4.3312,6.3075,1.4,1314
gnss_raw.txt,2437,380080.500,FINESTEERING,SOL_COMPUTED,NARROW_FLOAT,23,22,4.3312,6.3075,1.5,1314
gnss_raw.txt,2437,380080.600,FINESTEERING,SOL_COMPUTED,NARROW_FLOAT,23,22,4.3313,6.3075,1.6,1314
gnss_raw.txt,2437,380080.700,FINESTEERING,SOL_COMPUTED,NARROW_FLOAT,23,22,4.3313,6.3075,0.7,1314
gnss_raw.txt,2437,380080.800,FINESTEERING,SOL_COMPUTED,NARROW_FLOAT,23,22,4.3313,6.3076,0.8,1314
gnss_raw.txt,2437,380080.900,FINESTEERING,SOL_COMPUTED,NARROW_FLOAT,23,22,4.3314,6.3076,0.9,1314
gnss_raw.txt,2437,380081.000,FINESTEERING,SOL_COMPUTED,NARROW_FLOAT,23,22,9.2669,13.839,1.0,1314
gnss_raw.txt,2437,380081.100,FINESTEERING,SOL_COMPUTED,NARROW_FLOAT,23,22,9.2669,13.839,1.1,1314
gnss_raw.txt,2437,380081.200,FINESTEERING,SOL_COMPUTED,NARROW_FLOAT,23,22,9.267,13.839,1.2,1314
gnss_raw.txt,2437,380081.300,FINESTEERING,SOL_COMPUTED,NARROW_FLOAT,23,22,9.267,13.839,1.3,1314
gnss_raw.txt,2437,380081.400,FINESTEERING,SOL_COMPUTED,NARROW_FLOAT,23,22,9.267,13.839,1.4,1314
gnss_raw.txt,2437,380081.500,FINESTEERING,SOL_COMPUTED,NARROW_FLOAT,23,22,9.267,13.839,1.5,1314
gnss_raw.txt,2437,380081.600,FINESTEERING,SOL_COMPUTED,NARROW_FLOAT,23,22,9.267,13.839,1.6,1314
gnss_raw.txt,2437,380081.700,FINESTEERING,SOL_COMPUTED,NARROW_FLOAT,23,22,9.267,13.839,1.7,1314
gnss_raw.txt,2437,380081.800,FINESTEERING,SOL_COMPUTED,NARROW_FLOAT,23,22,9.267,13.8391,1.8,1314
gnss_raw.txt,2437,380081.900,FINESTEERING,SOL_COMPUTED,NARROW_FLOAT,23,22,9.267,13.8391,1.9,1314
gnss_raw.txt,2437,380082.000,FINESTEERING,SOL_COMPUTED,NARROW_FLOAT,23,22,4.9948,8.1737,1.0,1314
gnss_raw.txt,2437,380082.100,FINESTEERING,SOL_COMPUTED,NARROW_FLOAT,23,22,4.9948,8.1737,1.1,1314
gnss_raw.txt,2437,380082.200,FINESTEERING,SOL_COMPUTED,NARROW_FLOAT,23,22,4.9948,8.1738,1.2,1314
gnss_raw.txt,2437,380082.300,FINESTEERING,SOL_COMPUTED,NARROW_FLOAT,23,22,4.9949,8.1738,1.3,1314
gnss_raw.txt,2437,380082.400,FINESTEERING,SOL_COMPUTED,NARROW_FLOAT,23,22,4.9949,8.1738,1.4,1314
gnss_raw.txt,2437,380082.500,FINESTEERING,SOL_COMPUTED,NARROW_FLOAT,23,22,4.9949,8.1738,1.5,1314
gnss_raw.txt,2437,380082.600,FINESTEERING,SOL_COMPUTED,NARROW_FLOAT,23,22,4.9949,8.1738,1.6,1314
gnss_raw.txt,2437,380082.700,FINESTEERING,SOL_COMPUTED,NARROW_FLOAT,23,22,4.9949,8.1738,1.7,1314
gnss_raw.txt,2437,380082.800,FINESTEERING,SOL_COMPUTED,NARROW_FLOAT,23,22,4.995,8.1739,0.8,1314
gnss_raw.txt,2437,380082.900,FINESTEERING,SOL_COMPUTED,NARROW_FLOAT,23,22,4.995,8.1739,0.9,1314
gnss_raw.txt,2437,380083.000,FINESTEERING,SOL_COMPUTED,NARROW_FLOAT,23,22,2.5018,3.9019,1.0,1314
gnss_raw.txt,2437,380083.100,FINESTEERING,SOL_COMPUTED,NARROW_FLOAT,22,21,2.5018,3.9019,1.1,1314
gnss_raw.txt,2437,380083.200,FINESTEERING,SOL_COMPUTED,NARROW_FLOAT,22,21,2.5018,3.902,1.2,1314
gnss_raw.txt,2437,380083.300,FINESTEERING,SOL_COMPUTED,NARROW_FLOAT,22,21,2.5019,3.902,1.3,1314
gnss_raw.txt,2437,380083.400,FINESTEERING,SOL_COMPUTED,NARROW_FLOAT,22,21,2.5019,3.902,1.4,1314
gnss_raw.txt,2437,380083.500,FINESTEERING,SOL_COMPUTED,NARROW_FLOAT,22,21,2.5019,3.9021,1.5,1314
gnss_raw.txt,2437,380083.600,FINESTEERING,SOL_COMPUTED,NARROW_FLOAT,21,20,2.502,3.9021,1.6,1314
gnss_raw.txt,2437,380083.700,FINESTEERING,SOL_COMPUTED,NARROW_FLOAT,22,21,2.502,3.9021,1.7,1314
gnss_raw.txt,2437,380083.800,FINESTEERING,SOL_COMPUTED,NARROW_FLOAT,22,21,2.502,3.9021,1.8,1314
gnss_raw.txt,2437,380083.900,FINESTEERING,SOL_COMPUTED,NARROW_FLOAT,22,21,2.502,3.9021,0.9,1314
gnss_raw.txt,2437,380084.000,FINESTEERING,SOL_COMPUTED,NARROW_FLOAT,22,21,5.054,7.8722,1.0,1314
gnss_raw.txt,2437,380084.100,FINESTEERING,SOL_COMPUTED,NARROW_FLOAT,21,20,5.054,7.8722,1.1,1314
gnss_raw.txt,2437,380084.200,FINESTEERING,SOL_COMPUTED,NARROW_FLOAT,21,20,5.054,7.8723,1.2,1314
gnss_raw.txt,2437,380084.300,FINESTEERING,SOL_COMPUTED,NARROW_FLOAT,22,21,5.054,7.8723,1.3,1314
gnss_raw.txt,2437,380084.400,FINESTEERING,SOL_COMPUTED,NARROW_FLOAT,22,21,5.054,7.8723,1.4,1314
gnss_raw.txt,2437,380084.500,FINESTEERING,SOL_COMPUTED,NARROW_FLOAT,22,21,5.054,7.8723,1.5,1314
gnss_raw.txt,2437,380084.600,FINESTEERING,SOL_COMPUTED,NARROW_FLOAT,22,21,5.054,7.8723,1.6,1314
gnss_raw.txt,2437,380084.700,FINESTEERING,SOL_COMPUTED,NARROW_FLOAT,23,22,5.0541,7.8723,1.7,1314
gnss_raw.txt,2437,380084.800,FINESTEERING,SOL_COMPUTED,NARROW_FLOAT,23,22,5.0541,7.8723,1.8,1314
gnss_raw.txt,2437,380084.900,FINESTEERING,SOL_COMPUTED,NARROW_FLOAT,23,22,5.0541,7.8724,0.9,1314
gnss_raw.txt,2437,380085.000,FINESTEERING,SOL_COMPUTED,NARROW_FLOAT,23,22,1.1685,1.8597,1.0,1314
gnss_raw.txt,2437,380085.100,FINESTEERING,SOL_COMPUTED,NARROW_FLOAT,23,22,1.1686,1.8598,1.1,1314
gnss_raw.txt,2437,380085.200,FINESTEERING,SOL_COMPUTED,NARROW_FLOAT,23,22,1.1686,1.8599,1.2,1314
gnss_raw.txt,2437,380085.300,FINESTEERING,SOL_COMPUTED,NARROW_FLOAT,23,22,1.1687,1.8599,1.3,1314
gnss_raw.txt,2437,380085.400,FINESTEERING,SOL_COMPUTED,NARROW_FLOAT,23,22,1.1687,1.8599,1.4,1314
gnss_raw.txt,2437,380085.500,FINESTEERING,SOL_COMPUTED,NARROW_FLOAT,23,22,1.1688,1.86,1.5,1314
gnss_raw.txt,2437,380085.600,FINESTEERING,SOL_COMPUTED,NARROW_FLOAT,23,22,1.1689,1.8601,1.6,1314
gnss_raw.txt,2437,380085.700,FINESTEERING,SOL_COMPUTED,NARROW_FLOAT,23,22,1.169,1.8601,1.7,1314
gnss_raw.txt,2437,380085.800,FINESTEERING,SOL_COMPUTED,NARROW_FLOAT,23,22,1.1691,1.8602,1.8,1314
gnss_raw.txt,2437,380085.900,FINESTEERING,SOL_COMPUTED,NARROW_FLOAT,23,22,1.1692,1.8602,1.9,1314
gnss_raw.txt,2437,380086.000,FINESTEERING,SOL_COMPUTED,NARROW_FLOAT,23,22,1.95,3.2054,1.0,1314
gnss_raw.txt,2437,380086.100,FINESTEERING,SOL_COMPUTED,NARROW_FLOAT,23,22,1.95,3.2054,1.1,1314
gnss_raw.txt,2437,380086.200,FINESTEERING,SOL_COMPUTED,NARROW_FLOAT,23,22,1.95,3.2055,1.2,1314
gnss_raw.txt,2437,380086.300,FINESTEERING,SOL_COMPUTED,NARROW_FLOAT,23,22,1.9501,3.2055,1.3,1314
gnss_raw.txt,2437,380086.400,FINESTEERING,SOL_COMPUTED,NARROW_FLOAT,23,22,1.9502,3.2055,1.4,1314
gnss_raw.txt,2437,380086.500,FINESTEERING,SOL_COMPUTED,NARROW_FLOAT,23,22,1.9502,3.2056,1.5,1314
gnss_raw.txt,2437,380086.600,FINESTEERING,SOL_COMPUTED,NARROW_FLOAT,23,22,1.9503,3.2056,1.6,1314
gnss_raw.txt,2437,380086.700,FINESTEERING,SOL_COMPUTED,NARROW_FLOAT,23,22,1.9503,3.2057,0.7,1314
gnss_raw.txt,2437,380086.800,FINESTEERING,SOL_COMPUTED,NARROW_FLOAT,23,22,1.9504,3.2057,0.8,1314
gnss_raw.txt,2437,380086.900,FINESTEERING,SOL_COMPUTED,NARROW_FLOAT,23,22,1.9504,3.2057,0.9,1314
gnss_raw.txt,2437,380087.000,FINESTEERING,SOL_COMPUTED,NARROW_FLOAT,23,22,2.8336,4.6094,1.0,1314
gnss_raw.txt,2437,380087.100,FINESTEERING,SOL_COMPUTED,NARROW_FLOAT,23,22,2.8336,4.6095,1.1,1314
gnss_raw.txt,2437,380087.200,FINESTEERING,SOL_COMPUTED,NARROW_FLOAT,23,22,2.8337,4.6095,1.2,1314
gnss_raw.txt,2437,380087.300,FINESTEERING,SOL_COMPUTED,NARROW_FLOAT,23,22,2.8337,4.6095,1.3,1314
gnss_raw.txt,2437,380087.400,FINESTEERING,SOL_COMPUTED,NARROW_FLOAT,23,22,2.8337,4.6095,1.4,1314
gnss_raw.txt,2437,380087.500,FINESTEERING,SOL_COMPUTED,NARROW_FLOAT,23,22,2.8337,4.6095,1.5,1314
gnss_raw.txt,2437,380087.600,FINESTEERING,SOL_COMPUTED,NARROW_FLOAT,22,21,2.8337,4.6096,1.6,1314
gnss_raw.txt,2437,380087.700,FINESTEERING,SOL_COMPUTED,NARROW_FLOAT,22,21,2.8338,4.6096,0.7,1314
gnss_raw.txt,2437,380087.800,FINESTEERING,SOL_COMPUTED,NARROW_FLOAT,22,21,2.8338,4.6096,0.8,1314
gnss_raw.txt,2437,380087.900,FINESTEERING,SOL_COMPUTED,NARROW_FLOAT,22,21,2.8338,4.6096,0.9,1314
gnss_raw.txt,2437,380088.000,FINESTEERING,SOL_COMPUTED,NARROW_FLOAT,22,21,0.6747,1.119,1.0,1314
gnss_raw.txt,2437,380088.100,FINESTEERING,SOL_COMPUTED,NARROW_FLOAT,22,21,0.6748,1.1191,1.1,1314
gnss_raw.txt,2437,380088.200,FINESTEERING,SOL_COMPUTED,NARROW_FLOAT,23,22,0.6748,1.1192,1.2,1314
gnss_raw.txt,2437,380088.300,FINESTEERING,SOL_COMPUTED,NARROW_FLOAT,23,22,0.675,1.1193,1.3,1314
gnss_raw.txt,2437,380088.400,FINESTEERING,SOL_COMPUTED,NARROW_FLOAT,23,22,0.6751,1.1194,1.4,1314
gnss_raw.txt,2437,380088.500,FINESTEERING,SOL_COMPUTED,NARROW_FLOAT,23,22,0.6752,1.1195,1.5,1314
gnss_raw.txt,2437,380088.600,FINESTEERING,SOL_COMPUTED,NARROW_FLOAT,23,22,0.6753,1.1196,1.6,1314
gnss_raw.txt,2437,380088.700,FINESTEERING,SOL_COMPUTED,NARROW_FLOAT,23,22,0.6754,1.1197,1.7,1314
gnss_raw.txt,2437,380088.800,FINESTEERING,SOL_COMPUTED,NARROW_FLOAT,23,22,0.6755,1.1198,1.8,1314
gnss_raw.txt,2437,380088.900,FINESTEERING,SOL_COMPUTED,NARROW_FLOAT,23,22,0.6756,1.1199,0.9,1314
gnss_raw.txt,2437,380089.000,FINESTEERING,SOL_COMPUTED,NARROW_FLOAT,23,22,1.098,1.7998,1.0,1314
gnss_raw.txt,2437,380089.100,FINESTEERING,SOL_COMPUTED,NARROW_FLOAT,23,22,1.098,1.7998,1.1,1314
gnss_raw.txt,2437,380089.200,FINESTEERING,SOL_COMPUTED,NARROW_FLOAT,23,22,1.0981,1.7999,1.2,1314
gnss_raw.txt,2437,380089.300,FINESTEERING,SOL_COMPUTED,NARROW_FLOAT,23,22,1.0981,1.7999,1.3,1314
gnss_raw.txt,2437,380089.400,FINESTEERING,SOL_COMPUTED,NARROW_FLOAT,23,22,1.0982,1.8,1.4,1314
gnss_raw.txt,2437,380089.500,FINESTEERING,SOL_COMPUTED,NARROW_FLOAT,23,22,1.0982,1.8,1.5,1314
gnss_raw.txt,2437,380089.600,FINESTEERING,SOL_COMPUTED,NARROW_FLOAT,23,22,1.0983,1.8001,1.6,1314
gnss_raw.txt,2437,380089.700,FINESTEERING,SOL_COMPUTED,NARROW_FLOAT,23,22,1.0984,1.8002,1.7,1314
gnss_raw.txt,2437,380089.800,FINESTEERING,SOL_COMPUTED,NARROW_FLOAT,23,22,1.0985,1.8002,1.8,1314
gnss_raw.txt,2437,380089.900,FINESTEERING,SOL_COMPUTED,NARROW_FLOAT,23,22,1.0986,1.8003,0.9,1314
gnss_raw.txt,2437,380090.000,FINESTEERING,SOL_COMPUTED,NARROW_FLOAT,23,22,1.6328,2.6757,1.0,1314
gnss_raw.txt,2437,380090.100,FINESTEERING,SOL_COMPUTED,NARROW_FLOAT,23,22,1.6329,2.6757,1.1,1314
gnss_raw.txt,2437,380090.200,FINESTEERING,SOL_COMPUTED,NARROW_FLOAT,23,22,1.6329,2.6758,1.2,1314
gnss_raw.txt,2437,380090.300,FINESTEERING,SOL_COMPUTED,NARROW_FLOAT,23,22,1.633,2.6759,1.3,1314
gnss_raw.txt,2437,380090.400,FINESTEERING,SOL_COMPUTED,NARROW_FLOAT,23,22,1.6331,2.6759,1.4,1314
gnss_raw.txt,2437,380090.500,FINESTEERING,SOL_COMPUTED,NARROW_FLOAT,23,22,1.6331,2.6759,1.5,1314
gnss_raw.txt,2437,380090.600,FINESTEERING,SOL_COMPUTED,NARROW_FLOAT,23,22,1.6331,2.676,1.6,1314
gnss_raw.txt,2437,380090.700,FINESTEERING,SOL_COMPUTED,NARROW_FLOAT,23,22,1.6332,2.676,1.7,1314
gnss_raw.txt,2437,380090.800,FINESTEERING,SOL_COMPUTED,NARROW_FLOAT,23,22,1.6332,2.676,1.8,1314
gnss_raw.txt,2437,380090.900,FINESTEERING,SOL_COMPUTED,NARROW_FLOAT,23,22,1.6333,2.6761,1.9,1314
gnss_raw.txt,2437,380091.000,FINESTEERING,SOL_COMPUTED,NARROW_FLOAT,23,22,1.976,3.2015,1.0,1314
gnss_raw.txt,2437,380091.100,FINESTEERING,SOL_COMPUTED,NARROW_FLOAT,23,22,1.976,3.2016,1.1,1314
gnss_raw.txt,2437,380091.200,FINESTEERING,SOL_COMPUTED,NARROW_FLOAT,23,22,1.9761,3.2016,1.2,1314
gnss_raw.txt,2437,380091.300,FINESTEERING,SOL_COMPUTED,NARROW_FLOAT,23,22,1.9761,3.2017,1.3,1314
gnss_raw.txt,2437,380091.400,FINESTEERING,SOL_COMPUTED,NARROW_FLOAT,23,22,1.9762,3.2017,1.4,1314
gnss_raw.txt,2437,380091.500,FINESTEERING,SOL_COMPUTED,NARROW_FLOAT,23,22,1.9762,3.2017,1.5,1314
gnss_raw.txt,2437,380091.600,FINESTEERING,SOL_COMPUTED,NARROW_FLOAT,23,22,1.9763,3.2018,1.6,1314
gnss_raw.txt,2437,380091.700,FINESTEERING,SOL_COMPUTED,NARROW_FLOAT,23,22,1.9763,3.2018,1.7,1314
gnss_raw.txt,2437,380091.800,FINESTEERING,SOL_COMPUTED,NARROW_FLOAT,23,22,1.9763,3.2018,1.8,1314
gnss_raw.txt,2437,380091.900,FINESTEERING,SOL_COMPUTED,NARROW_FLOAT,23,22,1.9764,3.2019,0.9,1314
gnss_raw.txt,2437,380092.000,FINESTEERING,SOL_COMPUTED,NARROW_FLOAT,23,22,1.3907,2.275,1.0,1314
gnss_raw.txt,2437,380092.100,FINESTEERING,SOL_COMPUTED,NARROW_FLOAT,23,22,1.3909,2.2751,1.1,1314
gnss_raw.txt,2437,380092.200,FINESTEERING,SOL_COMPUTED,NARROW_FLOAT,23,22,1.3909,2.2751,1.2,1314
gnss_raw.txt,2437,380092.300,FINESTEERING,SOL_COMPUTED,NARROW_FLOAT,23,22,1.391,2.2752,1.3,1314
gnss_raw.txt,2437,380092.400,FINESTEERING,SOL_COMPUTED,NARROW_FLOAT,23,22,1.391,2.2752,1.4,1314
gnss_raw.txt,2437,380092.500,FINESTEERING,SOL_COMPUTED,NARROW_FLOAT,23,22,1.3911,2.2753,1.5,1314
gnss_raw.txt,2437,380092.600,FINESTEERING,SOL_COMPUTED,NARROW_FLOAT,23,22,1.3911,2.2753,1.6,1314
gnss_raw.txt,2437,380092.700,FINESTEERING,SOL_COMPUTED,NARROW_FLOAT,23,22,1.3912,2.2754,1.7,1314
gnss_raw.txt,2437,380092.800,FINESTEERING,SOL_COMPUTED,NARROW_FLOAT,22,21,1.3912,2.2754,0.8,1314
gnss_raw.txt,2437,380092.900,FINESTEERING,SOL_COMPUTED,NARROW_FLOAT,22,21,1.3914,2.2755,0.9,1314
gnss_raw.txt,2437,380093.000,FINESTEERING,SOL_COMPUTED,NARROW_FLOAT,22,21,2.4355,4.0133,1.0,1314
gnss_raw.txt,2437,380093.100,FINESTEERING,SOL_COMPUTED,NARROW_FLOAT,22,21,2.4355,4.0134,1.1,1314
gnss_raw.txt,2437,380093.200,FINESTEERING,SOL_COMPUTED,NARROW_FLOAT,22,21,2.4356,4.0135,1.2,1314
gnss_raw.txt,2437,380093.300,FINESTEERING,SOL_COMPUTED,NARROW_FLOAT,22,21,2.4356,4.0135,1.3,1314
gnss_raw.txt,2437,380093.400,FINESTEERING,SOL_COMPUTED,NARROW_FLOAT,22,21,2.4357,4.0135,1.4,1314
gnss_raw.txt,2437,380093.500,FINESTEERING,SOL_COMPUTED,NARROW_FLOAT,22,21,2.4358,4.0136,1.5,1314
gnss_raw.txt,2437,380093.600,FINESTEERING,SOL_COMPUTED,NARROW_FLOAT,23,22,2.4358,4.0136,1.6,1314
gnss_raw.txt,2437,380093.700,FINESTEERING,SOL_COMPUTED,NARROW_FLOAT,23,22,2.4358,4.0136,1.7,1314
gnss_raw.txt,2437,380093.800,FINESTEERING,SOL_COMPUTED,NARROW_FLOAT,23,22,2.4359,4.0137,1.8,1314
gnss_raw.txt,2437,380093.900,FINESTEERING,SOL_COMPUTED,NARROW_FLOAT,23,22,2.436,4.0137,0.9,1314
gnss_raw.txt,2437,380094.000,FINESTEERING,SOL_COMPUTED,NARROW_FLOAT,23,22,1.0812,1.7906,1.0,1314
gnss_raw.txt,2437,380094.100,FINESTEERING,SOL_COMPUTED,NARROW_FLOAT,23,22,1.0813,1.7906,1.1,1314
gnss_raw.txt,2437,380094.200,FINESTEERING,SOL_COMPUTED,NARROW_FLOAT,23,22,1.0813,1.7907,1.2,1314
gnss_raw.txt,2437,380094.300,FINESTEERING,SOL_COMPUTED,NARROW_FLOAT,23,22,1.0816,1.7908,1.3,1314
gnss_raw.txt,2437,380094.400,FINESTEERING,SOL_COMPUTED,NARROW_FLOAT,23,22,1.0817,1.7909,1.4,1314
gnss_raw.txt,2437,380094.500,FINESTEERING,SOL_COMPUTED,NARROW_FLOAT,23,22,1.0817,1.791,1.5,1314
gnss_raw.txt,2437,380094.600,FINESTEERING,SOL_COMPUTED,NARROW_FLOAT,23,22,1.0819,1.7911,1.6,1314
gnss_raw.txt,2437,380094.700,FINESTEERING,SOL_COMPUTED,NARROW_FLOAT,23,22,1.082,1.7912,1.7,1314
gnss_raw.txt,2437,380094.800,FINESTEERING,SOL_COMPUTED,NARROW_FLOAT,23,22,1.0822,1.7913,0.8,1314
gnss_raw.txt,2437,380094.900,FINESTEERING,SOL_COMPUTED,NARROW_FLOAT,23,22,1.0823,1.7915,0.9,1314
gnss_raw.txt,2437,380095.000,FINESTEERING,SOL_COMPUTED,NARROW_FLOAT,23,22,1.1689,1.9474,1.0,1314
gnss_raw.txt,2437,380095.100,FINESTEERING,SOL_COMPUTED,NARROW_FLOAT,23,22,1.1689,1.9475,1.1,1314
gnss_raw.txt,2437,380095.200,FINESTEERING,SOL_COMPUTED,NARROW_FLOAT,23,22,1.169,1.9475,1.2,1314
gnss_raw.txt,2437,380095.300,FINESTEERING,SOL_COMPUTED,NARROW_FLOAT,23,22,1.1691,1.9476,1.3,1314
gnss_raw.txt,2437,380095.400,FINESTEERING,SOL_COMPUTED,NARROW_FLOAT,23,22,1.1691,1.9477,1.4,1314
gnss_raw.txt,2437,380095.500,FINESTEERING,SOL_COMPUTED,NARROW_FLOAT,23,22,1.1692,1.9477,1.5,1314
gnss_raw.txt,2437,380095.600,FINESTEERING,SOL_COMPUTED,NARROW_FLOAT,23,22,1.1693,1.9478,1.6,1314
gnss_raw.txt,2437,380095.700,FINESTEERING,SOL_COMPUTED,NARROW_FLOAT,23,22,1.1693,1.9478,1.7,1314
gnss_raw.txt,2437,380095.800,FINESTEERING,SOL_COMPUTED,NARROW_FLOAT,23,22,1.1694,1.9479,0.8,1314
gnss_raw.txt,2437,380095.900,FINESTEERING,SOL_COMPUTED,NARROW_FLOAT,23,22,1.1695,1.948,0.9,1314
gnss_raw.txt,2437,380096.000,FINESTEERING,SOL_COMPUTED,NARROW_FLOAT,23,22,2.5964,4.3361,1.0,1314
gnss_raw.txt,2437,380096.100,FINESTEERING,SOL_COMPUTED,NARROW_FLOAT,23,22,2.5964,4.3362,1.1,1314
gnss_raw.txt,2437,380096.200,FINESTEERING,SOL_COMPUTED,NARROW_FLOAT,23,22,2.5965,4.3362,1.2,1314
gnss_raw.txt,2437,380096.300,FINESTEERING,SOL_COMPUTED,NARROW_FLOAT,23,22,2.5965,4.3363,1.3,1314
gnss_raw.txt,2437,380096.400,FINESTEERING,SOL_COMPUTED,NARROW_FLOAT,23,22,2.5966,4.3363,1.4,1314
gnss_raw.txt,2437,380096.500,FINESTEERING,SOL_COMPUTED,NARROW_FLOAT,23,22,2.5966,4.3364,1.5,1314
gnss_raw.txt,2437,380096.600,FINESTEERING,SOL_COMPUTED,NARROW_FLOAT,23,22,2.5967,4.3364,1.6,1314
gnss_raw.txt,2437,380096.700,FINESTEERING,SOL_COMPUTED,NARROW_FLOAT,24,23,2.5967,4.3364,1.7,1314
gnss_raw.txt,2437,380096.800,FINESTEERING,SOL_COMPUTED,NARROW_FLOAT,24,23,2.5968,4.3365,0.8,1314
gnss_raw.txt,2437,380096.900,FINESTEERING,SOL_COMPUTED,NARROW_FLOAT,24,23,2.5968,4.3365,0.9,1314
gnss_raw.txt,2437,380097.000,FINESTEERING,SOL_COMPUTED,NARROW_FLOAT,24,23,1.8819,3.1575,1.0,1314
gnss_raw.txt,2437,380097.100,FINESTEERING,SOL_COMPUTED,NARROW_FLOAT,24,23,1.882,3.1576,1.1,1314
gnss_raw.txt,2437,380097.200,FINESTEERING,SOL_COMPUTED,NARROW_FLOAT,24,23,1.8821,3.1576,1.2,1314
gnss_raw.txt,2437,380097.300,FINESTEERING,SOL_COMPUTED,NARROW_FLOAT,24,23,1.8822,3.1577,1.3,1314
gnss_raw.txt,2437,380097.400,FINESTEERING,SOL_COMPUTED,NARROW_FLOAT,24,23,1.8822,3.1577,1.4,1314
gnss_raw.txt,2437,380097.500,FINESTEERING,SOL_COMPUTED,NARROW_FLOAT,24,23,1.8822,3.1578,1.5,1314
gnss_raw.txt,2437,380097.600,FINESTEERING,SOL_COMPUTED,NARROW_FLOAT,24,23,1.8823,3.1578,1.6,1314
gnss_raw.txt,2437,380097.700,FINESTEERING,SOL_COMPUTED,NARROW_FLOAT,24,23,1.8823,3.1579,1.7,1314
gnss_raw.txt,2437,380097.800,FINESTEERING,SOL_COMPUTED,NARROW_FLOAT,24,23,1.8824,3.1579,0.8,1314
gnss_raw.txt,2437,380097.900,FINESTEERING,SOL_COMPUTED,NARROW_FLOAT,24,23,1.8824,3.1579,0.9,1314
gnss_raw.txt,2437,380098.000,FINESTEERING,SOL_COMPUTED,NARROW_FLOAT,24,23,1.9045,3.2091,1.0,1314
gnss_raw.txt,2437,380098.100,FINESTEERING,SOL_COMPUTED,NARROW_FLOAT,24,23,1.9045,3.2092,1.1,1314
gnss_raw.txt,2437,380098.200,FINESTEERING,SOL_COMPUTED,NARROW_FLOAT,24,23,1.9045,3.2092,1.2,1314
gnss_raw.txt,2437,380098.300,FINESTEERING,SOL_COMPUTED,NARROW_FLOAT,24,23,1.9046,3.2092,1.3,1314
gnss_raw.txt,2437,380098.400,FINESTEERING,SOL_COMPUTED,NARROW_FLOAT,24,23,1.9046,3.2092,1.4,1314
gnss_raw.txt,2437,380098.500,FINESTEERING,SOL_COMPUTED,NARROW_FLOAT,24,23,1.9046,3.2093,1.5,1314
gnss_raw.txt,2437,380098.600,FINESTEERING,SOL_COMPUTED,NARROW_FLOAT,24,23,1.9047,3.2093,1.6,1314
gnss_raw.txt,2437,380098.700,FINESTEERING,SOL_COMPUTED,NARROW_FLOAT,24,23,1.9048,3.2094,1.7,1314
gnss_raw.txt,2437,380098.800,FINESTEERING,SOL_COMPUTED,NARROW_FLOAT,24,23,1.9048,3.2094,1.8,1314
gnss_raw.txt,2437,380098.900,FINESTEERING,SOL_COMPUTED,NARROW_FLOAT,24,23,1.9048,3.2094,0.9,1314
gnss_raw.txt,2437,380099.000,FINESTEERING,SOL_COMPUTED,NARROW_FLOAT,24,23,4.046,6.839,1.0,1314
gnss_raw.txt,2437,380099.100,FINESTEERING,SOL_COMPUTED,NARROW_FLOAT,23,22,4.0461,6.8391,1.1,1314
gnss_raw.txt,2437,380099.200,FINESTEERING,SOL_COMPUTED,NARROW_FLOAT,23,22,4.0461,6.8391,1.2,1314
gnss_raw.txt,2437,380099.300,FINESTEERING,SOL_COMPUTED,NARROW_FLOAT,24,23,4.0461,6.8391,1.3,1314
gnss_raw.txt,2437,380099.400,FINESTEERING,SOL_COMPUTED,NARROW_FLOAT,23,22,4.0461,6.8391,1.4,1314
gnss_raw.txt,2437,380099.500,FINESTEERING,SOL_COMPUTED,NARROW_FLOAT,23,22,4.0461,6.8391,1.5,1314
gnss_raw.txt,2437,380099.600,FINESTEERING,SOL_COMPUTED,NARROW_FLOAT,23,22,4.0462,6.8392,1.6,1314
gnss_raw.txt,2437,380099.700,FINESTEERING,SOL_COMPUTED,NARROW_FLOAT,24,23,4.0462,6.8392,1.7,1314
gnss_raw.txt,2437,380099.800,FINESTEERING,SOL_COMPUTED,NARROW_FLOAT,24,23,4.0462,6.8392,0.8,1314
gnss_raw.txt,2437,380099.900,FINESTEERING,SOL_COMPUTED,NARROW_FLOAT,24,23,4.0462,6.8392,0.9,1314
gnss_raw.txt,2437,380100.000,FINESTEERING,SOL_COMPUTED,NARROW_FLOAT,24,23,7.2015,12.0611,1.0,1314
gnss_raw.txt,2437,380100.100,FINESTEERING,SOL_COMPUTED,NARROW_FLOAT,24,23,7.2015,12.0611,1.1,1314
gnss_raw.txt,2437,380100.200,FINESTEERING,SOL_COMPUTED,NARROW_FLOAT,24,23,7.2015,12.0611,1.2,1314
gnss_raw.txt,2437,380100.300,FINESTEERING,SOL_COMPUTED,NARROW_FLOAT,24,23,7.2015,12.0611,1.3,1314
gnss_raw.txt,2437,380100.400,FINESTEERING,SOL_COMPUTED,NARROW_FLOAT,24,23,7.2015,12.0611,1.4,1314
gnss_raw.txt,2437,380100.500,FINESTEERING,SOL_COMPUTED,NARROW_FLOAT,24,23,7.2015,12.0612,1.5,1314
gnss_raw.txt,2437,380100.600,FINESTEERING,SOL_COMPUTED,NARROW_FLOAT,24,23,7.2016,12.0612,1.6,1314
gnss_raw.txt,2437,380100.700,FINESTEERING,SOL_COMPUTED,NARROW_FLOAT,24,23,7.2016,12.0612,1.7,1314
gnss_raw.txt,2437,380100.800,FINESTEERING,SOL_COMPUTED,NARROW_FLOAT,24,23,7.2016,12.0612,1.8,1314
gnss_raw.txt,2437,380100.900,FINESTEERING,SOL_COMPUTED,NARROW_FLOAT,24,23,7.2016,12.0612,0.9,1314
gnss_raw.txt,2437,380101.000,FINESTEERING,SOL_COMPUTED,NARROW_FLOAT,24,23,1.8617,3.1673,1.0,1314
gnss_raw.txt,2437,380101.100,FINESTEERING,SOL_COMPUTED,NARROW_FLOAT,24,23,1.8617,3.1674,1.1,1314
gnss_raw.txt,2437,380101.200,FINESTEERING,SOL_COMPUTED,NARROW_FLOAT,24,23,1.8617,3.1674,1.2,1314
gnss_raw.txt,2437,380101.300,FINESTEERING,SOL_COMPUTED,NARROW_FLOAT,24,23,1.8618,3.1675,1.3,1314
gnss_raw.txt,2437,380101.400,FINESTEERING,SOL_COMPUTED,NARROW_FLOAT,24,23,1.8619,3.1675,1.4,1314
gnss_raw.txt,2437,380101.500,FINESTEERING,SOL_COMPUTED,NARROW_FLOAT,24,23,1.8619,3.1675,1.5,1314
gnss_raw.txt,2437,380101.600,FINESTEERING,SOL_COMPUTED,NARROW_FLOAT,24,23,1.8619,3.1676,1.6,1314
gnss_raw.txt,2437,380101.700,FINESTEERING,SOL_COMPUTED,NARROW_FLOAT,24,23,1.862,3.1676,1.7,1314
gnss_raw.txt,2437,380101.800,FINESTEERING,SOL_COMPUTED,NARROW_FLOAT,24,23,1.862,3.1676,0.8,1314
gnss_raw.txt,2437,380101.900,FINESTEERING,SOL_COMPUTED,NARROW_FLOAT,24,23,1.8621,3.1677,0.9,1314
gnss_raw.txt,2437,380102.000,FINESTEERING,SOL_COMPUTED,NARROW_FLOAT,24,23,4.262,7.3842,1.0,1314
gnss_raw.txt,2437,380102.100,FINESTEERING,SOL_COMPUTED,NARROW_FLOAT,24,23,4.262,7.3842,1.1,1314
gnss_raw.txt,2437,380102.200,FINESTEERING,SOL_COMPUTED,NARROW_FLOAT,24,23,4.2621,7.3843,1.2,1314
gnss_raw.txt,2437,380102.300,FINESTEERING,SOL_COMPUTED,NARROW_FLOAT,24,23,4.2621,7.3843,1.3,1314
gnss_raw.txt,2437,380102.400,FINESTEERING,SOL_COMPUTED,NARROW_FLOAT,24,23,4.2621,7.3843,1.4,1314
gnss_raw.txt,2437,380102.500,FINESTEERING,SOL_COMPUTED,NARROW_FLOAT,24,23,4.2621,7.3843,1.5,1314
gnss_raw.txt,2437,380102.600,FINESTEERING,SOL_COMPUTED,NARROW_FLOAT,24,23,4.2621,7.3843,1.6,1314
gnss_raw.txt,2437,380102.700,FINESTEERING,SOL_COMPUTED,NARROW_FLOAT,24,23,4.2622,7.3843,1.7,1314
gnss_raw.txt,2437,380102.800,FINESTEERING,SOL_COMPUTED,NARROW_FLOAT,24,23,4.2622,7.3844,0.8,1314
gnss_raw.txt,2437,380102.900,FINESTEERING,SOL_COMPUTED,NARROW_FLOAT,23,22,4.2622,7.3844,0.9,1314
gnss_raw.txt,2437,380103.000,FINESTEERING,SOL_COMPUTED,NARROW_FLOAT,23,22,1.9231,3.3297,1.0,1314
gnss_raw.txt,2437,380103.100,FINESTEERING,SOL_COMPUTED,NARROW_FLOAT,23,22,1.9232,3.3298,1.1,1314
gnss_raw.txt,2437,380103.200,FINESTEERING,SOL_COMPUTED,NARROW_FLOAT,23,22,1.9233,3.3299,1.2,1314
gnss_raw.txt,2437,380103.300,FINESTEERING,SOL_COMPUTED,NARROW_FLOAT,23,22,1.9233,3.3299,1.3,1314
gnss_raw.txt,2437,380103.400,FINESTEERING,SOL_COMPUTED,NARROW_FLOAT,23,22,1.9234,3.33,1.4,1314
gnss_raw.txt,2437,380103.500,FINESTEERING,SOL_COMPUTED,NARROW_FLOAT,23,22,1.9234,3.33,1.5,1314
gnss_raw.txt,2437,380103.600,FINESTEERING,SOL_COMPUTED,NARROW_FLOAT,23,22,1.9235,3.3301,1.6,1314
gnss_raw.txt,2437,380103.700,FINESTEERING,SOL_COMPUTED,NARROW_FLOAT,23,22,1.9235,3.3301,0.7,1314
gnss_raw.txt,2437,380103.800,FINESTEERING,SOL_COMPUTED,NARROW_FLOAT,23,22,1.9237,3.3302,0.8,1314
gnss_raw.txt,2437,380103.900,FINESTEERING,SOL_COMPUTED,NARROW_FLOAT,23,22,1.9237,3.3302,0.9,1314
gnss_raw.txt,2437,380104.000,FINESTEERING,SOL_COMPUTED,NARROW_FLOAT,23,22,2.0571,3.5776,1.0,1314
gnss_raw.txt,2437,380104.100,FINESTEERING,SOL_COMPUTED,NARROW_FLOAT,23,22,2.0573,3.5777,1.1,1314
gnss_raw.txt,2437,380104.200,FINESTEERING,SOL_COMPUTED,NARROW_FLOAT,23,22,2.0573,3.5778,1.2,1314
gnss_raw.txt,2437,380104.300,FINESTEERING,SOL_COMPUTED,NARROW_FLOAT,23,22,2.0574,3.5778,1.3,1314
gnss_raw.txt,2437,380104.400,FINESTEERING,SOL_COMPUTED,NARROW_FLOAT,23,22,2.0575,3.5779,1.4,1314
gnss_raw.txt,2437,380104.500,FINESTEERING,SOL_COMPUTED,NARROW_FLOAT,23,22,2.0575,3.5779,1.5,1314
gnss_raw.txt,2437,380104.600,FINESTEERING,SOL_COMPUTED,NARROW_FLOAT,23,22,2.0575,3.5779,1.6,1314
gnss_raw.txt,2437,380104.700,FINESTEERING,SOL_COMPUTED,NARROW_FLOAT,23,22,2.0576,3.578,1.7,1314
gnss_raw.txt,2437,380104.800,FINESTEERING,SOL_COMPUTED,NARROW_FLOAT,23,22,2.0576,3.578,1.8,1314
gnss_raw.txt,2437,380104.900,FINESTEERING,SOL_COMPUTED,NARROW_FLOAT,23,22,2.0577,3.5781,0.9,1314
gnss_raw.txt,2437,380105.000,FINESTEERING,SOL_COMPUTED,NARROW_FLOAT,23,22,4.6351,7.9696,1.0,1314
gnss_raw.txt,2437,380105.100,FINESTEERING,SOL_COMPUTED,NARROW_FLOAT,23,22,4.6351,7.9696,1.1,1314
gnss_raw.txt,2437,380105.200,FINESTEERING,SOL_COMPUTED,NARROW_FLOAT,23,22,4.6351,7.9697,1.2,1314
gnss_raw.txt,2437,380105.300,FINESTEERING,SOL_COMPUTED,NARROW_FLOAT,23,22,4.6352,7.9697,1.3,1314
gnss_raw.txt,2437,380105.400,FINESTEERING,SOL_COMPUTED,NARROW_FLOAT,23,22,4.6352,7.9697,1.4,1314
gnss_raw.txt,2437,380105.500,FINESTEERING,SOL_COMPUTED,NARROW_FLOAT,23,22,4.6352,7.9697,1.5,1314
gnss_raw.txt,2437,380105.600,FINESTEERING,SOL_COMPUTED,NARROW_FLOAT,23,22,4.6352,7.9698,1.6,1314
gnss_raw.txt,2437,380105.700,FINESTEERING,SOL_COMPUTED,NARROW_FLOAT,23,22,4.6353,7.9698,1.7,1314
gnss_raw.txt,2437,380105.800,FINESTEERING,SOL_COMPUTED,NARROW_FLOAT,23,22,4.6353,7.9698,1.8,1314
gnss_raw.txt,2437,380105.900,FINESTEERING,SOL_COMPUTED,NARROW_FLOAT,23,22,4.6353,7.9698,1.9,1314
gnss_raw.txt,2437,380106.000,FINESTEERING,SOL_COMPUTED,NARROW_FLOAT,23,22,9.1158,12.4879,1.0,1314
gnss_raw.txt,2437,380106.100,FINESTEERING,SOL_COMPUTED,NARROW_FLOAT,23,22,9.1158,12.4879,1.1,1314
gnss_raw.txt,2437,380106.200,FINESTEERING,SOL_COMPUTED,NARROW_FLOAT,23,22,9.1158,12.4879,1.2,1314
gnss_raw.txt,2437,380106.300,FINESTEERING,SOL_COMPUTED,NARROW_FLOAT,23,22,9.1158,12.4879,1.3,1314
gnss_raw.txt,2437,380106.400,FINESTEERING,SOL_COMPUTED,NARROW_FLOAT,23,22,9.1158,12.4879,1.4,1314
gnss_raw.txt,2437,380106.500,FINESTEERING,SOL_COMPUTED,NARROW_FLOAT,23,22,9.1158,12.488,1.5,1314
gnss_raw.txt,2437,380106.600,FINESTEERING,SOL_COMPUTED,NARROW_FLOAT,23,22,9.1158,12.488,1.6,1314
gnss_raw.txt,2437,380106.700,FINESTEERING,SOL_COMPUTED,NARROW_FLOAT,23,22,9.1158,12.488,1.7,1314
gnss_raw.txt,2437,380106.800,FINESTEERING,SOL_COMPUTED,NARROW_FLOAT,23,22,9.1159,12.488,0.8,1314
gnss_raw.txt,2437,380106.900,FINESTEERING,SOL_COMPUTED,NARROW_FLOAT,23,22,9.1159,12.488,0.9,1314
gnss_raw.txt,2437,380107.000,FINESTEERING,SOL_COMPUTED,NARROW_FLOAT,23,22,6.0137,5.2203,1.0,1314
gnss_raw.txt,2437,380107.100,FINESTEERING,SOL_COMPUTED,NARROW_FLOAT,23,22,6.0137,5.2203,1.1,1314
gnss_raw.txt,2437,380107.200,FINESTEERING,SOL_COMPUTED,NARROW_FLOAT,23,22,6.0137,5.2204,1.2,1314
gnss_raw.txt,2437,380107.300,FINESTEERING,SOL_COMPUTED,NARROW_FLOAT,23,22,6.0137,5.2204,1.3,1314
gnss_raw.txt,2437,380107.400,FINESTEERING,SOL_COMPUTED,NARROW_FLOAT,23,22,6.0137,5.2204,1.4,1314
gnss_raw.txt,2437,380107.500,FINESTEERING,SOL_COMPUTED,NARROW_FLOAT,23,22,6.0137,5.2204,1.5,1314
gnss_raw.txt,2437,380107.600,FINESTEERING,SOL_COMPUTED,NARROW_FLOAT,23,22,6.0138,5.2205,1.6,1314
gnss_raw.txt,2437,380107.700,FINESTEERING,SOL_COMPUTED,NARROW_FLOAT,23,22,6.0138,5.2205,1.7,1314
gnss_raw.txt,2437,380107.800,FINESTEERING,SOL_COMPUTED,NARROW_FLOAT,23,22,6.0138,5.2205,1.8,1314
gnss_raw.txt,2437,380107.900,FINESTEERING,SOL_COMPUTED,NARROW_FLOAT,23,22,6.0138,5.2205,1.9,1314
gnss_raw.txt,2437,380108.000,FINESTEERING,SOL_COMPUTED,NARROW_FLOAT,23,22,2.476,3.8794,1.0,1314
gnss_raw.txt,2437,380108.100,FINESTEERING,SOL_COMPUTED,NARROW_FLOAT,23,22,2.476,3.8794,1.1,1314
gnss_raw.txt,2437,380108.200,FINESTEERING,SOL_COMPUTED,NARROW_FLOAT,23,22,2.476,3.8795,1.2,1314
gnss_raw.txt,2437,380108.300,FINESTEERING,SOL_COMPUTED,NARROW_FLOAT,23,22,2.4761,3.8795,1.3,1314
gnss_raw.txt,2437,380108.400,FINESTEERING,SOL_COMPUTED,NARROW_FLOAT,23,22,2.4761,3.8796,1.4,1314
gnss_raw.txt,2437,380108.500,FINESTEERING,SOL_COMPUTED,NARROW_FLOAT,23,22,2.4761,3.8796,1.5,1314
gnss_raw.txt,2437,380108.600,FINESTEERING,SOL_COMPUTED,NARROW_FLOAT,23,22,2.4762,3.8796,1.6,1314
gnss_raw.txt,2437,380108.700,FINESTEERING,SOL_COMPUTED,NARROW_FLOAT,23,22,2.4762,3.8797,1.7,1314
gnss_raw.txt,2437,380108.800,FINESTEERING,SOL_COMPUTED,NARROW_FLOAT,23,22,2.4762,3.8797,0.8,1314
gnss_raw.txt,2437,380108.900,FINESTEERING,SOL_COMPUTED,NARROW_FLOAT,23,22,2.4762,3.8797,0.9,1314
gnss_raw.txt,2437,380109.000,FINESTEERING,SOL_COMPUTED,NARROW_FLOAT,23,22,4.1734,6.6834,1.0,1314
gnss_raw.txt,2437,380109.100,FINESTEERING,SOL_COMPUTED,NARROW_FLOAT,23,22,4.1734,6.6834,1.1,1314
gnss_raw.txt,2437,380109.200,FINESTEERING,SOL_COMPUTED,NARROW_FLOAT,23,22,4.1734,6.6834,1.2,1314
gnss_raw.txt,2437,380109.300,FINESTEERING,SOL_COMPUTED,NARROW_FLOAT,23,22,4.1734,6.6834,1.3,1314
gnss_raw.txt,2437,380109.400,FINESTEERING,SOL_COMPUTED,NARROW_FLOAT,23,22,4.1734,6.6834,1.4,1314
gnss_raw.txt,2437,380109.500,FINESTEERING,SOL_COMPUTED,NARROW_FLOAT,23,22,4.1734,6.6834,1.5,1314
gnss_raw.txt,2437,380109.600,FINESTEERING,SOL_COMPUTED,NARROW_FLOAT,23,22,4.1735,6.6834,1.6,1314
gnss_raw.txt,2437,380109.700,FINESTEERING,SOL_COMPUTED,NARROW_FLOAT,23,22,4.1735,6.6835,1.7,1314
gnss_raw.txt,2437,380109.800,FINESTEERING,SOL_COMPUTED,NARROW_FLOAT,23,22,4.1735,6.6835,0.8,1314
gnss_raw.txt,2437,380109.900,FINESTEERING,SOL_COMPUTED,NARROW_FLOAT,23,22,4.1735,6.6835,0.9,1314
gnss_raw.txt,2437,380110.000,FINESTEERING,SOL_COMPUTED,NARROW_FLOAT,23,22,3.57,5.8319,1.0,1314
gnss_raw.txt,2437,380110.100,FINESTEERING,SOL_COMPUTED,NARROW_FLOAT,23,22,3.57,5.8319,1.1,1314
gnss_raw.txt,2437,380110.200,FINESTEERING,SOL_COMPUTED,NARROW_FLOAT,23,22,3.57,5.8319,1.2,1314
gnss_raw.txt,2437,380110.300,FINESTEERING,SOL_COMPUTED,NARROW_FLOAT,23,22,3.57,5.832,1.3,1314
gnss_raw.txt,2437,380110.400,FINESTEERING,SOL_COMPUTED,NARROW_FLOAT,23,22,3.5701,5.832,1.4,1314
gnss_raw.txt,2437,380110.500,FINESTEERING,SOL_COMPUTED,NARROW_FLOAT,23,22,3.5701,5.832,1.5,1314
gnss_raw.txt,2437,380110.600,FINESTEERING,SOL_COMPUTED,NARROW_FLOAT,23,22,3.5701,5.832,1.6,1314
gnss_raw.txt,2437,380110.700,FINESTEERING,SOL_COMPUTED,NARROW_FLOAT,23,22,3.5701,5.832,1.7,1314
gnss_raw.txt,2437,380110.800,FINESTEERING,SOL_COMPUTED,NARROW_FLOAT,23,22,3.5701,5.832,1.8,1314
gnss_raw.txt,2437,380110.900,FINESTEERING,SOL_COMPUTED,NARROW_FLOAT,23,22,3.5701,5.832,1.9,1314
gnss_raw.txt,2437,380111.000,FINESTEERING,SOL_COMPUTED,NARROW_FLOAT,23,22,4.7412,7.7013,1.0,1314
gnss_raw.txt,2437,380111.100,FINESTEERING,SOL_COMPUTED,NARROW_FLOAT,23,22,4.7412,7.7013,1.1,1314
gnss_raw.txt,2437,380111.200,FINESTEERING,SOL_COMPUTED,NARROW_FLOAT,23,22,4.7412,7.7013,1.2,1314
gnss_raw.txt,2437,380111.300,FINESTEERING,SOL_COMPUTED,NARROW_FLOAT,23,22,4.7412,7.7013,1.3,1314
gnss_raw.txt,2437,380111.400,FINESTEERING,SOL_COMPUTED,NARROW_FLOAT,23,22,4.7412,7.7013,1.4,1314
gnss_raw.txt,2437,380111.500,FINESTEERING,SOL_COMPUTED,NARROW_FLOAT,23,22,4.7412,7.7013,1.5,1314
gnss_raw.txt,2437,380111.600,FINESTEERING,SOL_COMPUTED,NARROW_FLOAT,24,23,4.7412,7.7013,1.6,1314
gnss_raw.txt,2437,380111.700,FINESTEERING,SOL_COMPUTED,NARROW_FLOAT,24,23,4.7412,7.7013,1.7,1314
gnss_raw.txt,2437,380111.800,FINESTEERING,SOL_COMPUTED,NARROW_FLOAT,24,23,4.7412,7.7013,1.8,1314
gnss_raw.txt,2437,380111.900,FINESTEERING,SOL_COMPUTED,NARROW_FLOAT,24,23,4.7412,7.7013,1.9,1314
gnss_raw.txt,2437,380112.000,FINESTEERING,SOL_COMPUTED,NARROW_FLOAT,24,23,2.5091,4.0907,1.0,1314
gnss_raw.txt,2437,380112.100,FINESTEERING,SOL_COMPUTED,NARROW_FLOAT,24,23,2.5091,4.0907,1.1,1314
gnss_raw.txt,2437,380112.200,FINESTEERING,SOL_COMPUTED,NARROW_FLOAT,24,23,2.5092,4.0908,1.2,1314
gnss_raw.txt,2437,380112.300,FINESTEERING,SOL_COMPUTED,NARROW_FLOAT,24,23,2.5092,4.0908,1.3,1314
gnss_raw.txt,2437,380112.400,FINESTEERING,SOL_COMPUTED,NARROW_FLOAT,24,23,2.5092,4.0908,1.4,1314
gnss_raw.txt,2437,380112.500,FINESTEERING,SOL_COMPUTED,NARROW_FLOAT,24,23,2.5092,4.0908,1.5,1314
gnss_raw.txt,2437,380112.600,FINESTEERING,SOL_COMPUTED,NARROW_FLOAT,24,23,2.5092,4.0908,1.6,1314
gnss_raw.txt,2437,380112.700,FINESTEERING,SOL_COMPUTED,NARROW_FLOAT,24,23,2.5093,4.0908,1.7,1314
gnss_raw.txt,2437,380112.800,FINESTEERING,SOL_COMPUTED,NARROW_FLOAT,24,23,2.5093,4.0909,1.8,1314
gnss_raw.txt,2437,380112.900,FINESTEERING,SOL_COMPUTED,NARROW_FLOAT,24,23,2.5093,4.0909,1.9,1314
gnss_raw.txt,2437,380113.000,FINESTEERING,SOL_COMPUTED,NARROW_FLOAT,24,23,2.0341,3.3246,1.0,1314
gnss_raw.txt,2437,380113.100,FINESTEERING,SOL_COMPUTED,NARROW_FLOAT,24,23,2.0342,3.3246,1.1,1314
gnss_raw.txt,2437,380113.200,FINESTEERING,SOL_COMPUTED,NARROW_FLOAT,24,23,2.0342,3.3246,1.2,1314
gnss_raw.txt,2437,380113.300,FINESTEERING,SOL_COMPUTED,NARROW_FLOAT,24,23,2.0342,3.3247,1.3,1314
gnss_raw.txt,2437,380113.400,FINESTEERING,SOL_COMPUTED,NARROW_FLOAT,24,23,2.0342,3.3247,1.4,1314
gnss_raw.txt,2437,380113.500,FINESTEERING,SOL_COMPUTED,NARROW_FLOAT,24,23,2.0342,3.3247,1.5,1314
gnss_raw.txt,2437,380113.600,FINESTEERING,SOL_COMPUTED,NARROW_FLOAT,24,23,2.0343,3.3247,1.6,1314
gnss_raw.txt,2437,380113.700,FINESTEERING,SOL_COMPUTED,NARROW_FLOAT,24,23,2.0343,3.3247,1.7,1314
gnss_raw.txt,2437,380113.800,FINESTEERING,SOL_COMPUTED,NARROW_FLOAT,24,23,2.0343,3.3248,0.8,1314
gnss_raw.txt,2437,380113.900,FINESTEERING,SOL_COMPUTED,NARROW_FLOAT,24,23,2.0343,3.3248,0.9,1314
gnss_raw.txt,2437,380114.000,FINESTEERING,SOL_COMPUTED,NARROW_FLOAT,24,23,2.3909,3.92,1.0,1314
gnss_raw.txt,2437,380114.100,FINESTEERING,SOL_COMPUTED,NARROW_FLOAT,25,24,2.391,3.92,1.1,1314
gnss_raw.txt,2437,380114.200,FINESTEERING,SOL_COMPUTED,NARROW_FLOAT,25,24,2.391,3.9201,1.2,1314
gnss_raw.txt,2437,380114.300,FINESTEERING,SOL_COMPUTED,NARROW_FLOAT,25,24,2.391,3.9201,1.3,1314
gnss_raw.txt,2437,380114.400,FINESTEERING,SOL_COMPUTED,NARROW_FLOAT,25,24,2.3911,3.9201,1.4,1314
gnss_raw.txt,2437,380114.500,FINESTEERING,SOL_COMPUTED,NARROW_FLOAT,25,24,2.3911,3.9202,1.5,1314
gnss_raw.txt,2437,380114.600,FINESTEERING,SOL_COMPUTED,NARROW_FLOAT,25,24,2.3911,3.9202,1.6,1314
gnss_raw.txt,2437,380114.700,FINESTEERING,SOL_COMPUTED,NARROW_FLOAT,25,24,2.3912,3.9202,1.7,1314
gnss_raw.txt,2437,380114.800,FINESTEERING,SOL_COMPUTED,NARROW_FLOAT,25,24,2.3912,3.9203,0.8,1314
gnss_raw.txt,2437,380114.900,FINESTEERING,SOL_COMPUTED,NARROW_FLOAT,25,24,2.3912,3.9203,0.9,1314
gnss_raw.txt,2437,380115.000,FINESTEERING,SOL_COMPUTED,NARROW_FLOAT,25,24,3.2578,5.3528,1.0,1314
gnss_raw.txt,2437,380115.100,FINESTEERING,SOL_COMPUTED,NARROW_FLOAT,25,24,3.2578,5.3528,1.1,1314
gnss_raw.txt,2437,380115.200,FINESTEERING,SOL_COMPUTED,NARROW_FLOAT,25,24,3.2578,5.3528,1.2,1314
gnss_raw.txt,2437,380115.300,FINESTEERING,SOL_COMPUTED,NARROW_FLOAT,25,24,3.2578,5.3528,1.3,1314
gnss_raw.txt,2437,380115.400,FINESTEERING,SOL_COMPUTED,NARROW_FLOAT,25,24,3.2579,5.3528,1.4,1314
gnss_raw.txt,2437,380115.500,FINESTEERING,SOL_COMPUTED,NARROW_FLOAT,25,24,3.2579,5.3528,1.5,1314
gnss_raw.txt,2437,380115.600,FINESTEERING,SOL_COMPUTED,NARROW_FLOAT,25,24,3.2579,5.3529,1.6,1314
gnss_raw.txt,2437,380115.700,FINESTEERING,SOL_COMPUTED,NARROW_FLOAT,25,24,3.2579,5.3529,1.7,1314
gnss_raw.txt,2437,380115.800,FINESTEERING,SOL_COMPUTED,NARROW_FLOAT,25,24,3.2579,5.3529,0.8,1314
gnss_raw.txt,2437,380115.900,FINESTEERING,SOL_COMPUTED,NARROW_FLOAT,25,24,3.2579,5.3529,0.9,1314
gnss_raw.txt,2437,380116.000,FINESTEERING,SOL_COMPUTED,NARROW_FLOAT,25,24,5.5577,9.2038,1.0,1314
gnss_raw.txt,2437,380116.100,FINESTEERING,SOL_COMPUTED,NARROW_FLOAT,25,24,5.5577,9.2038,1.1,1314
gnss_raw.txt,2437,380116.200,FINESTEERING,SOL_COMPUTED,NARROW_FLOAT,25,24,5.5577,9.2038,1.2,1314
gnss_raw.txt,2437,380116.300,FINESTEERING,SOL_COMPUTED,NARROW_FLOAT,25,24,5.5577,9.2038,1.3,1314
gnss_raw.txt,2437,380116.400,FINESTEERING,SOL_COMPUTED,NARROW_FLOAT,25,24,5.5577,9.2038,1.4,1314
gnss_raw.txt,2437,380116.500,FINESTEERING,SOL_COMPUTED,NARROW_FLOAT,25,24,5.5577,9.2038,1.5,1314
gnss_raw.txt,2437,380116.600,FINESTEERING,SOL_COMPUTED,NARROW_FLOAT,25,24,5.5578,9.2038,1.6,1314
gnss_raw.txt,2437,380116.700,FINESTEERING,SOL_COMPUTED,NARROW_FLOAT,25,24,5.5578,9.2039,1.7,1314
gnss_raw.txt,2437,380116.800,FINESTEERING,SOL_COMPUTED,NARROW_FLOAT,25,24,5.5578,9.2039,0.8,1314
gnss_raw.txt,2437,380116.900,FINESTEERING,SOL_COMPUTED,NARROW_FLOAT,25,24,5.5578,9.2039,0.9,1314
gnss_raw.txt,2437,380117.000,FINESTEERING,SOL_COMPUTED,NARROW_FLOAT,25,24,4.3379,7.2209,1.0,1314
gnss_raw.txt,2437,380117.100,FINESTEERING,SOL_COMPUTED,NARROW_FLOAT,25,24,4.3379,7.2209,1.1,1314
gnss_raw.txt,2437,380117.200,FINESTEERING,SOL_COMPUTED,NARROW_FLOAT,25,24,4.338,7.2209,1.2,1314
gnss_raw.txt,2437,380117.300,FINESTEERING,SOL_COMPUTED,NARROW_FLOAT,25,24,4.338,7.2209,1.3,1314
gnss_raw.txt,2437,380117.400,FINESTEERING,SOL_COMPUTED,NARROW_FLOAT,25,24,4.338,7.221,1.4,1314
gnss_raw.txt,2437,380117.500,FINESTEERING,SOL_COMPUTED,NARROW_FLOAT,25,24,4.338,7.221,1.5,1314
gnss_raw.txt,2437,380117.600,FINESTEERING,SOL_COMPUTED,NARROW_FLOAT,25,24,4.338,7.221,1.6,1314
gnss_raw.txt,2437,380117.700,FINESTEERING,SOL_COMPUTED,NARROW_FLOAT,25,24,4.338,7.221,1.7,1314
gnss_raw.txt,2437,380117.800,FINESTEERING,SOL_COMPUTED,NARROW_FLOAT,25,24,4.338,7.221,1.8,1314
gnss_raw.txt,2437,380117.900,FINESTEERING,SOL_COMPUTED,NARROW_FLOAT,25,24,4.338,7.221,1.9,1314
gnss_raw.txt,2437,380118.000,FINESTEERING,SOL_COMPUTED,NARROW_FLOAT,25,24,5.1223,8.6192,1.0,1314
gnss_raw.txt,2437,380118.100,FINESTEERING,SOL_COMPUTED,NARROW_FLOAT,25,24,5.1223,8.6192,1.1,1314
gnss_raw.txt,2437,380118.200,FINESTEERING,SOL_COMPUTED,NARROW_FLOAT,25,24,5.1224,8.6192,1.2,1314
gnss_raw.txt,2437,380118.300,FINESTEERING,SOL_COMPUTED,NARROW_FLOAT,25,24,5.1224,8.6192,1.3,1314
gnss_raw.txt,2437,380118.400,FINESTEERING,SOL_COMPUTED,NARROW_FLOAT,26,25,5.1224,8.6193,1.4,1314
gnss_raw.txt,2437,380118.500,FINESTEERING,SOL_COMPUTED,NARROW_FLOAT,26,25,5.1224,8.6193,1.5,1314
gnss_raw.txt,2437,380118.600,FINESTEERING,SOL_COMPUTED,NARROW_FLOAT,26,25,5.1224,8.6193,1.6,1314
gnss_raw.txt,2437,380118.700,FINESTEERING,SOL_COMPUTED,NARROW_FLOAT,26,25,5.1224,8.6193,1.7,1314
gnss_raw.txt,2437,380118.800,FINESTEERING,SOL_COMPUTED,NARROW_FLOAT,26,25,5.1225,8.6193,0.8,1314
gnss_raw.txt,2437,380118.900,FINESTEERING,SOL_COMPUTED,NARROW_FLOAT,26,25,5.1225,8.6193,0.9,1314
gnss_raw.txt,2437,380119.000,FINESTEERING,SOL_COMPUTED,NARROW_FLOAT,26,25,3.2233,5.4642,1.0,1314
gnss_raw.txt,2437,380119.100,FINESTEERING,SOL_COMPUTED,NARROW_FLOAT,26,25,3.2234,5.4642,1.1,1314
gnss_raw.txt,2437,380119.200,FINESTEERING,SOL_COMPUTED,NARROW_FLOAT,26,25,3.2234,5.4643,1.2,1314
gnss_raw.txt,2437,380119.300,FINESTEERING,SOL_COMPUTED,NARROW_FLOAT,26,25,3.2234,5.4643,1.3,1314
gnss_raw.txt,2437,380119.400,FINESTEERING,SOL_COMPUTED,NARROW_FLOAT,26,25,3.2234,5.4643,1.4,1314
gnss_raw.txt,2437,380119.500,FINESTEERING,SOL_COMPUTED,NARROW_FLOAT,26,25,3.2234,5.4643,1.5,1314
gnss_raw.txt,2437,380119.600,FINESTEERING,SOL_COMPUTED,NARROW_FLOAT,26,25,3.2234,5.4643,1.6,1314
gnss_raw.txt,2437,380119.700,FINESTEERING,SOL_COMPUTED,NARROW_FLOAT,26,25,3.2235,5.4643,1.7,1314
gnss_raw.txt,2437,380119.800,FINESTEERING,SOL_COMPUTED,NARROW_FLOAT,26,25,3.2235,5.4643,1.8,1314
gnss_raw.txt,2437,380119.900,FINESTEERING,SOL_COMPUTED,NARROW_FLOAT,26,25,3.2235,5.4644,0.9,1314
gnss_raw.txt,2437,380120.000,FINESTEERING,SOL_COMPUTED,NARROW_FLOAT,26,25,3.6421,6.2261,1.0,1314
gnss_raw.txt,2437,380120.100,FINESTEERING,SOL_COMPUTED,NARROW_FLOAT,26,25,3.6422,6.2261,1.1,1314
gnss_raw.txt,2437,380120.200,FINESTEERING,SOL_COMPUTED,NARROW_FLOAT,26,25,3.6422,6.2261,1.2,1314
gnss_raw.txt,2437,380120.300,FINESTEERING,SOL_COMPUTED,NARROW_FLOAT,26,25,3.6422,6.2262,1.3,1314
gnss_raw.txt,2437,380120.400,FINESTEERING,SOL_COMPUTED,NARROW_FLOAT,26,25,3.6422,6.2262,1.4,1314
gnss_raw.txt,2437,380120.500,FINESTEERING,SOL_COMPUTED,NARROW_FLOAT,26,25,3.6422,6.2262,1.5,1314
gnss_raw.txt,2437,380120.600,FINESTEERING,SOL_COMPUTED,NARROW_FLOAT,26,25,3.6422,6.2262,1.6,1314
gnss_raw.txt,2437,380120.700,FINESTEERING,SOL_COMPUTED,NARROW_FLOAT,26,25,3.6422,6.2262,1.7,1314
gnss_raw.txt,2437,380120.800,FINESTEERING,SOL_COMPUTED,NARROW_FLOAT,25,24,3.6422,6.2262,0.8,1314
gnss_raw.txt,2437,380120.900,FINESTEERING,SOL_COMPUTED,NARROW_FLOAT,25,24,3.6423,6.2262,0.9,1314
gnss_raw.txt,2437,380121.000,FINESTEERING,SOL_COMPUTED,NARROW_FLOAT,25,24,4.113,7.0741,1.0,1314
gnss_raw.txt,2437,380121.100,FINESTEERING,SOL_COMPUTED,NARROW_FLOAT,25,24,4.113,7.0741,1.1,1314
gnss_raw.txt,2437,380121.200,FINESTEERING,SOL_COMPUTED,NARROW_FLOAT,25,24,4.113,7.0741,1.2,1314
gnss_raw.txt,2437,380121.300,FINESTEERING,SOL_COMPUTED,NARROW_FLOAT,25,24,4.113,7.0741,1.3,1314
gnss_raw.txt,2437,380121.400,FINESTEERING,SOL_COMPUTED,NARROW_FLOAT,25,24,4.113,7.0741,1.4,1314
gnss_raw.txt,2437,380121.500,FINESTEERING,SOL_COMPUTED,NARROW_FLOAT,25,24,4.113,7.0741,1.5,1314
gnss_raw.txt,2437,380121.600,FINESTEERING,SOL_COMPUTED,NARROW_FLOAT,25,24,4.1131,7.0742,1.6,1314
gnss_raw.txt,2437,380121.700,FINESTEERING,SOL_COMPUTED,NARROW_FLOAT,25,24,4.1131,7.0742,1.7,1314
gnss_raw.txt,2437,380121.800,FINESTEERING,SOL_COMPUTED,NARROW_FLOAT,25,24,4.1131,7.0742,0.8,1314
gnss_raw.txt,2437,380121.900,FINESTEERING,SOL_COMPUTED,NARROW_FLOAT,25,24,4.1131,7.0742,0.9,1314
gnss_raw.txt,2437,380122.000,FINESTEERING,SOL_COMPUTED,NARROW_FLOAT,25,24,3.858,6.6678,1.0,1314
gnss_raw.txt,2437,380122.100,FINESTEERING,SOL_COMPUTED,NARROW_FLOAT,25,24,3.858,6.6679,1.1,1314
gnss_raw.txt,2437,380122.200,FINESTEERING,SOL_COMPUTED,NARROW_FLOAT,25,24,3.8581,6.6679,1.2,1314
gnss_raw.txt,2437,380122.300,FINESTEERING,SOL_COMPUTED,NARROW_FLOAT,25,24,3.8581,6.6679,1.3,1314
gnss_raw.txt,2437,380122.400,FINESTEERING,SOL_COMPUTED,NARROW_FLOAT,25,24,3.8581,6.6679,1.4,1314
gnss_raw.txt,2437,380122.500,FINESTEERING,SOL_COMPUTED,NARROW_FLOAT,25,24,3.8581,6.6679,1.5,1314
gnss_raw.txt,2437,380122.600,FINESTEERING,SOL_COMPUTED,NARROW_FLOAT,25,24,3.8581,6.6679,1.6,1314
gnss_raw.txt,2437,380122.700,FINESTEERING,SOL_COMPUTED,NARROW_FLOAT,25,24,3.8581,6.6679,1.7,1314
gnss_raw.txt,2437,380122.800,FINESTEERING,SOL_COMPUTED,NARROW_FLOAT,25,24,3.8581,6.668,1.8,1314
gnss_raw.txt,2437,380122.900,FINESTEERING,SOL_COMPUTED,NARROW_FLOAT,25,24,3.8582,6.668,1.9,1314
gnss_raw.txt,2437,380123.000,FINESTEERING,SOL_COMPUTED,NARROW_FLOAT,25,24,2.7338,4.758,1.0,1314
gnss_raw.txt,2437,380123.100,FINESTEERING,SOL_COMPUTED,NARROW_FLOAT,25,24,2.7338,4.7581,1.1,1314
gnss_raw.txt,2437,380123.200,FINESTEERING,SOL_COMPUTED,NARROW_FLOAT,25,24,2.7338,4.7581,1.2,1314
gnss_raw.txt,2437,380123.300,FINESTEERING,SOL_COMPUTED,NARROW_FLOAT,25,24,2.7338,4.7581,1.3,1314
gnss_raw.txt,2437,380123.400,FINESTEERING,SOL_COMPUTED,NARROW_FLOAT,25,24,2.7338,4.7581,1.4,1314
gnss_raw.txt,2437,380123.500,FINESTEERING,SOL_COMPUTED,NARROW_FLOAT,26,25,2.7339,4.7581,1.5,1314
gnss_raw.txt,2437,380123.600,FINESTEERING,SOL_COMPUTED,NARROW_FLOAT,27,26,2.7339,4.7581,1.6,1314
gnss_raw.txt,2437,380123.700,FINESTEERING,SOL_COMPUTED,NARROW_FLOAT,27,26,2.7339,4.7581,0.7,1314
gnss_raw.txt,2437,380123.800,FINESTEERING,SOL_COMPUTED,NARROW_FLOAT,27,26,2.7339,4.7582,0.8,1314
gnss_raw.txt,2437,380123.900,FINESTEERING,SOL_COMPUTED,NARROW_FLOAT,27,26,2.7339,4.7582,0.9,1314
gnss_raw.txt,2437,380124.000,FINESTEERING,SOL_COMPUTED,NARROW_FLOAT,27,26,2.0377,3.5666,1.0,1314
gnss_raw.txt,2437,380124.100,FINESTEERING,SOL_COMPUTED,NARROW_FLOAT,27,26,2.0377,3.5666,1.1,1314
gnss_raw.txt,2437,380124.200,FINESTEERING,SOL_COMPUTED,NARROW_FLOAT,27,26,2.0377,3.5666,1.2,1314
gnss_raw.txt,2437,380124.300,FINESTEERING,SOL_COMPUTED,NARROW_FLOAT,27,26,2.0377,3.5667,1.3,1314
gnss_raw.txt,2437,380124.400,FINESTEERING,SOL_COMPUTED,NARROW_FLOAT,27,26,2.0378,3.5667,1.4,1314
gnss_raw.txt,2437,380124.500,FINESTEERING,SOL_COMPUTED,NARROW_FLOAT,27,26,2.0378,3.5667,1.5,1314
gnss_raw.txt,2437,380124.600,FINESTEERING,SOL_COMPUTED,NARROW_FLOAT,27,26,2.0378,3.5667,1.6,1314
gnss_raw.txt,2437,380124.700,FINESTEERING,SOL_COMPUTED,NARROW_FLOAT,27,26,2.0378,3.5667,1.7,1314
gnss_raw.txt,2437,380124.800,FINESTEERING,SOL_COMPUTED,NARROW_FLOAT,27,26,2.038,3.5668,0.8,1314
gnss_raw.txt,2437,380124.900,FINESTEERING,SOL_COMPUTED,NARROW_FLOAT,27,26,2.038,3.5669,0.9,1314
gnss_raw.txt,2437,380125.000,FINESTEERING,SOL_COMPUTED,NARROW_FLOAT,27,26,4.1915,7.3622,1.0,1314
gnss_raw.txt,2437,380125.100,FINESTEERING,SOL_COMPUTED,NARROW_FLOAT,27,26,4.1915,7.3622,1.1,1314
gnss_raw.txt,2437,380125.200,FINESTEERING,SOL_COMPUTED,NARROW_FLOAT,27,26,4.1915,7.3622,1.2,1314
gnss_raw.txt,2437,380125.300,FINESTEERING,SOL_COMPUTED,NARROW_FLOAT,27,26,4.1915,7.3622,1.3,1314
gnss_raw.txt,2437,380125.400,FINESTEERING,SOL_COMPUTED,NARROW_FLOAT,27,26,4.1915,7.3622,1.4,1314
gnss_raw.txt,2437,380125.500,FINESTEERING,SOL_COMPUTED,NARROW_FLOAT,27,26,4.1915,7.3622,1.5,1314
gnss_raw.txt,2437,380125.600,FINESTEERING,SOL_COMPUTED,NARROW_FLOAT,27,26,4.1915,7.3622,1.6,1314
gnss_raw.txt,2437,380125.700,FINESTEERING,SOL_COMPUTED,NARROW_FLOAT,27,26,4.1915,7.3622,1.7,1314
gnss_raw.txt,2437,380125.800,FINESTEERING,SOL_COMPUTED,NARROW_FLOAT,27,26,4.1915,7.3622,0.8,1314
gnss_raw.txt,2437,380125.900,FINESTEERING,SOL_COMPUTED,NARROW_FLOAT,27,26,4.1916,7.3623,0.9,1314
gnss_raw.txt,2437,380126.000,FINESTEERING,SOL_COMPUTED,NARROW_FLOAT,27,26,2.727,4.809,1.0,1314
gnss_raw.txt,2437,380126.100,FINESTEERING,SOL_COMPUTED,NARROW_FLOAT,27,26,2.7271,4.809,1.1,1314
gnss_raw.txt,2437,380126.200,FINESTEERING,SOL_COMPUTED,NARROW_FLOAT,27,26,2.7271,4.8091,1.2,1314
gnss_raw.txt,2437,380126.300,FINESTEERING,SOL_COMPUTED,NARROW_FLOAT,27,26,2.7272,4.8091,1.3,1314
gnss_raw.txt,2437,380126.400,FINESTEERING,SOL_COMPUTED,NARROW_FLOAT,27,26,2.7272,4.8091,1.4,1314
gnss_raw.txt,2437,380126.500,FINESTEERING,SOL_COMPUTED,NARROW_FLOAT,27,26,2.7273,4.8092,1.5,1314
gnss_raw.txt,2437,380126.600,FINESTEERING,SOL_COMPUTED,NARROW_FLOAT,27,26,2.7273,4.8092,1.6,1314
gnss_raw.txt,2437,380126.700,FINESTEERING,SOL_COMPUTED,NARROW_FLOAT,27,26,2.7273,4.8092,1.7,1314
gnss_raw.txt,2437,380126.800,FINESTEERING,SOL_COMPUTED,NARROW_FLOAT,27,26,2.7273,4.8092,1.8,1314
gnss_raw.txt,2437,380126.900,FINESTEERING,SOL_COMPUTED,NARROW_FLOAT,27,26,2.7274,4.8092,0.9,1314
gnss_raw.txt,2437,380127.000,FINESTEERING,SOL_COMPUTED,NARROW_FLOAT,27,26,1.3693,2.4266,1.0,1314
gnss_raw.txt,2437,380127.100,FINESTEERING,SOL_COMPUTED,NARROW_FLOAT,27,26,1.3693,2.4267,1.1,1314
gnss_raw.txt,2437,380127.200,FINESTEERING,SOL_COMPUTED,NARROW_FLOAT,27,26,1.3693,2.4267,1.2,1314
gnss_raw.txt,2437,380127.300,FINESTEERING,SOL_COMPUTED,NARROW_FLOAT,27,26,1.3693,2.4267,1.3,1314
gnss_raw.txt,2437,380127.400,FINESTEERING,SOL_COMPUTED,NARROW_FLOAT,27,26,1.3693,2.4267,1.4,1314
gnss_raw.txt,2437,380127.500,FINESTEERING,SOL_COMPUTED,NARROW_FLOAT,27,26,1.3693,2.4267,1.5,1314
gnss_raw.txt,2437,380127.600,FINESTEERING,SOL_COMPUTED,NARROW_FLOAT,27,26,1.3694,2.4267,1.6,1314
gnss_raw.txt,2437,380127.700,FINESTEERING,SOL_COMPUTED,NARROW_FLOAT,27,26,1.3694,2.4268,1.7,1314
gnss_raw.txt,2437,380127.800,FINESTEERING,SOL_COMPUTED,NARROW_FLOAT,27,26,1.3694,2.4268,0.8,1314
gnss_raw.txt,2437,380127.900,FINESTEERING,SOL_COMPUTED,NARROW_FLOAT,27,26,1.3694,2.4268,0.9,1314
gnss_raw.txt,2437,380128.000,FINESTEERING,SOL_COMPUTED,NARROW_FLOAT,27,26,2.6133,4.6612,1.0,1314
gnss_raw.txt,2437,380128.100,FINESTEERING,SOL_COMPUTED,NARROW_FLOAT,27,26,2.6133,4.6613,1.1,1314
gnss_raw.txt,2437,380128.200,FINESTEERING,SOL_COMPUTED,NARROW_FLOAT,27,26,2.6133,4.6613,1.2,1314
gnss_raw.txt,2437,380128.300,FINESTEERING,SOL_COMPUTED,NARROW_FLOAT,27,26,2.6133,4.6613,1.3,1314
gnss_raw.txt,2437,380128.400,FINESTEERING,SOL_COMPUTED,NARROW_FLOAT,27,26,2.6133,4.6613,1.4,1314
gnss_raw.txt,2437,380128.500,FINESTEERING,SOL_COMPUTED,NARROW_FLOAT,27,26,2.6133,4.6613,1.5,1314
gnss_raw.txt,2437,380128.600,FINESTEERING,SOL_COMPUTED,NARROW_FLOAT,27,26,2.6133,4.6613,1.6,1314
gnss_raw.txt,2437,380128.700,FINESTEERING,SOL_COMPUTED,NARROW_FLOAT,27,26,2.6133,4.6613,1.7,1314
gnss_raw.txt,2437,380128.800,FINESTEERING,SOL_COMPUTED,NARROW_FLOAT,27,26,2.6133,4.6613,0.8,1314
gnss_raw.txt,2437,380128.900,FINESTEERING,SOL_COMPUTED,NARROW_FLOAT,27,26,2.6133,4.6613,0.9,1314
gnss_raw.txt,2437,380129.000,FINESTEERING,SOL_COMPUTED,NARROW_FLOAT,27,26,2.2089,3.9571,1.0,1314
gnss_raw.txt,2437,380129.100,FINESTEERING,SOL_COMPUTED,NARROW_FLOAT,27,26,2.209,3.9571,1.1,1314
gnss_raw.txt,2437,380129.200,FINESTEERING,SOL_COMPUTED,NARROW_FLOAT,27,26,2.209,3.9571,1.2,1314
gnss_raw.txt,2437,380129.300,FINESTEERING,SOL_COMPUTED,NARROW_FLOAT,27,26,2.209,3.9571,1.3,1314
gnss_raw.txt,2437,380129.400,FINESTEERING,SOL_COMPUTED,NARROW_FLOAT,27,26,2.209,3.9571,1.4,1314
gnss_raw.txt,2437,380129.500,FINESTEERING,SOL_COMPUTED,NARROW_FLOAT,27,26,2.209,3.9571,1.5,1314
gnss_raw.txt,2437,380129.600,FINESTEERING,SOL_COMPUTED,NARROW_FLOAT,27,26,2.209,3.9571,1.6,1314
gnss_raw.txt,2437,380129.700,FINESTEERING,SOL_COMPUTED,NARROW_FLOAT,27,26,2.209,3.9571,1.7,1314
gnss_raw.txt,2437,380129.800,FINESTEERING,SOL_COMPUTED,NARROW_FLOAT,27,26,2.209,3.9571,1.8,1314
gnss_raw.txt,2437,380129.900,FINESTEERING,SOL_COMPUTED,NARROW_FLOAT,27,26,2.209,3.9572,0.9,1314
gnss_raw.txt,2437,380130.000,FINESTEERING,SOL_COMPUTED,NARROW_FLOAT,27,26,2.1019,3.7884,1.0,1314
gnss_raw.txt,2437,380130.100,FINESTEERING,SOL_COMPUTED,NARROW_FLOAT,27,26,2.1019,3.7884,1.1,1314
gnss_raw.txt,2437,380130.200,FINESTEERING,SOL_COMPUTED,NARROW_FLOAT,27,26,2.1019,3.7884,1.2,1314
gnss_raw.txt,2437,380130.300,FINESTEERING,SOL_COMPUTED,NARROW_FLOAT,27,26,2.1019,3.7884,1.3,1314
gnss_raw.txt,2437,380130.400,FINESTEERING,SOL_COMPUTED,NARROW_FLOAT,27,26,2.1019,3.7884,1.4,1314
gnss_raw.txt,2437,380130.500,FINESTEERING,SOL_COMPUTED,NARROW_FLOAT,27,26,2.1019,3.7885,1.5,1314
gnss_raw.txt,2437,380130.600,FINESTEERING,SOL_COMPUTED,NARROW_FLOAT,27,26,2.1019,3.7885,1.6,1314
gnss_raw.txt,2437,380130.700,FINESTEERING,SOL_COMPUTED,NARROW_FLOAT,27,26,2.1019,3.7885,1.7,1314
gnss_raw.txt,2437,380130.800,FINESTEERING,SOL_COMPUTED,NARROW_FLOAT,27,26,2.1019,3.7885,0.8,1314
gnss_raw.txt,2437,380130.900,FINESTEERING,SOL_COMPUTED,NARROW_FLOAT,27,26,2.1019,3.7885,0.9,1314
gnss_raw.txt,2437,380131.000,FINESTEERING,SOL_COMPUTED,NARROW_FLOAT,27,26,2.7184,4.9339,1.0,1314
gnss_raw.txt,2437,380131.100,FINESTEERING,SOL_COMPUTED,NARROW_FLOAT,27,26,2.7184,4.9339,1.1,1314
gnss_raw.txt,2437,380131.200,FINESTEERING,SOL_COMPUTED,NARROW_FLOAT,27,26,2.7184,4.9339,1.2,1314
gnss_raw.txt,2437,380131.300,FINESTEERING,SOL_COMPUTED,NARROW_FLOAT,27,26,2.7184,4.9339,1.3,1314
gnss_raw.txt,2437,380131.400,FINESTEERING,SOL_COMPUTED,NARROW_FLOAT,27,26,2.7184,4.9339,1.4,1314
gnss_raw.txt,2437,380131.500,FINESTEERING,SOL_COMPUTED,NARROW_FLOAT,27,26,2.7184,4.934,1.5,1314
gnss_raw.txt,2437,380131.600,FINESTEERING,SOL_COMPUTED,NARROW_FLOAT,27,26,2.7184,4.934,1.6,1314
gnss_raw.txt,2437,380131.700,FINESTEERING,SOL_COMPUTED,NARROW_FLOAT,27,26,2.7184,4.934,0.7,1314
gnss_raw.txt,2437,380131.800,FINESTEERING,SOL_COMPUTED,NARROW_FLOAT,27,26,2.7184,4.934,0.8,1314
gnss_raw.txt,2437,380131.900,FINESTEERING,SOL_COMPUTED,NARROW_FLOAT,27,26,2.7185,4.934,0.9,1314
gnss_raw.txt,2437,380132.000,FINESTEERING,SOL_COMPUTED,NARROW_FLOAT,27,26,2.843,5.2262,1.0,1314
gnss_raw.txt,2437,380132.100,FINESTEERING,SOL_COMPUTED,NARROW_FLOAT,27,26,2.843,5.2262,1.1,1314
gnss_raw.txt,2437,380132.200,FINESTEERING,SOL_COMPUTED,NARROW_FLOAT,27,26,2.843,5.2262,1.2,1314
gnss_raw.txt,2437,380132.300,FINESTEERING,SOL_COMPUTED,NARROW_FLOAT,27,26,2.843,5.2262,1.3,1314
gnss_raw.txt,2437,380132.400,FINESTEERING,SOL_COMPUTED,NARROW_FLOAT,27,26,2.843,5.2262,1.4,1314
gnss_raw.txt,2437,380132.500,FINESTEERING,SOL_COMPUTED,NARROW_FLOAT,27,26,2.843,5.2262,1.5,1314
gnss_raw.txt,2437,380132.600,FINESTEERING,SOL_COMPUTED,NARROW_FLOAT,27,26,2.843,5.2262,1.6,1314
gnss_raw.txt,2437,380132.700,FINESTEERING,SOL_COMPUTED,NARROW_FLOAT,27,26,2.843,5.2262,1.7,1314
gnss_raw.txt,2437,380132.800,FINESTEERING,SOL_COMPUTED,NARROW_FLOAT,27,26,2.843,5.2262,1.8,1314
gnss_raw.txt,2437,380132.900,FINESTEERING,SOL_COMPUTED,NARROW_FLOAT,27,26,2.843,5.2263,1.9,1314
gnss_raw.txt,2437,380133.000,FINESTEERING,SOL_COMPUTED,NARROW_FLOAT,27,26,2.8979,5.3864,1.0,1314
gnss_raw.txt,2437,380133.100,FINESTEERING,SOL_COMPUTED,NARROW_FLOAT,27,26,2.8979,5.3864,1.1,1314
gnss_raw.txt,2437,380133.200,FINESTEERING,SOL_COMPUTED,NARROW_FLOAT,27,26,2.8979,5.3864,1.2,1314
gnss_raw.txt,2437,380133.300,FINESTEERING,SOL_COMPUTED,NARROW_FLOAT,27,26,2.8979,5.3864,1.3,1314
gnss_raw.txt,2437,380133.400,FINESTEERING,SOL_COMPUTED,NARROW_FLOAT,27,26,2.8979,5.3864,1.4,1314
gnss_raw.txt,2437,380133.500,FINESTEERING,SOL_COMPUTED,NARROW_FLOAT,27,26,2.8979,5.3864,1.5,1314
gnss_raw.txt,2437,380133.600,FINESTEERING,SOL_COMPUTED,NARROW_FLOAT,27,26,2.8979,5.3865,1.6,1314
gnss_raw.txt,2437,380133.700,FINESTEERING,SOL_COMPUTED,NARROW_FLOAT,27,26,2.8979,5.3865,1.7,1314
gnss_raw.txt,2437,380133.800,FINESTEERING,SOL_COMPUTED,NARROW_FLOAT,27,26,2.8979,5.3865,0.8,1314
gnss_raw.txt,2437,380133.900,FINESTEERING,SOL_COMPUTED,NARROW_FLOAT,27,26,2.8979,5.3865,0.9,1314
gnss_raw.txt,2437,380134.000,FINESTEERING,SOL_COMPUTED,NARROW_FLOAT,27,26,2.9364,5.5121,1.0,1314
gnss_raw.txt,2437,380134.100,FINESTEERING,SOL_COMPUTED,NARROW_FLOAT,27,26,2.9364,5.5121,1.1,1314
gnss_raw.txt,2437,380134.200,FINESTEERING,SOL_COMPUTED,NARROW_FLOAT,27,26,2.9364,5.5121,1.2,1314
gnss_raw.txt,2437,380134.300,FINESTEERING,SOL_COMPUTED,NARROW_FLOAT,27,26,2.9364,5.5121,1.3,1314
gnss_raw.txt,2437,380134.400,FINESTEERING,SOL_COMPUTED,NARROW_FLOAT,27,26,2.9364,5.5121,1.4,1314
gnss_raw.txt,2437,380134.500,FINESTEERING,SOL_COMPUTED,NARROW_FLOAT,27,26,2.9364,5.5121,1.5,1314
gnss_raw.txt,2437,380134.600,FINESTEERING,SOL_COMPUTED,NARROW_FLOAT,27,26,2.9364,5.5121,1.6,1314
gnss_raw.txt,2437,380134.700,FINESTEERING,SOL_COMPUTED,NARROW_FLOAT,27,26,2.9364,5.5121,1.7,1314
gnss_raw.txt,2437,380134.800,FINESTEERING,SOL_COMPUTED,NARROW_FLOAT,27,26,2.9364,5.5121,0.8,1314
gnss_raw.txt,2437,380134.900,FINESTEERING,SOL_COMPUTED,NARROW_FLOAT,27,26,2.9364,5.5121,0.9,1314
gnss_raw.txt,2437,380135.000,FINESTEERING,SOL_COMPUTED,NARROW_FLOAT,27,26,3.2076,6.094,1.0,1314
gnss_raw.txt,2437,380135.100,FINESTEERING,SOL_COMPUTED,NARROW_FLOAT,27,26,3.2076,6.094,1.1,1314
gnss_raw.txt,2437,380135.200,FINESTEERING,SOL_COMPUTED,NARROW_FLOAT,27,26,3.2076,6.094,1.2,1314
gnss_raw.txt,2437,380135.300,FINESTEERING,SOL_COMPUTED,NARROW_FLOAT,27,26,3.2076,6.094,1.3,1314
gnss_raw.txt,2437,380135.400,FINESTEERING,SOL_COMPUTED,NARROW_FLOAT,27,26,3.2076,6.094,1.4,1314
gnss_raw.txt,2437,380135.500,FINESTEERING,SOL_COMPUTED,NARROW_FLOAT,27,26,3.2077,6.094,1.5,1314
gnss_raw.txt,2437,380135.600,FINESTEERING,SOL_COMPUTED,NARROW_FLOAT,27,26,3.2077,6.094,1.6,1314
gnss_raw.txt,2437,380135.700,FINESTEERING,SOL_COMPUTED,NARROW_FLOAT,27,26,3.2077,6.094,1.7,1314
gnss_raw.txt,2437,380135.800,FINESTEERING,SOL_COMPUTED,NARROW_FLOAT,27,26,3.2077,6.094,1.8,1314
gnss_raw.txt,2437,380135.900,FINESTEERING,SOL_COMPUTED,NARROW_FLOAT,27,26,3.2077,6.094,0.9,1314
gnss_raw.txt,2437,380136.000,FINESTEERING,SOL_COMPUTED,NARROW_FLOAT,27,26,3.7551,7.2114,1.0,1314
gnss_raw.txt,2437,380136.100,FINESTEERING,SOL_COMPUTED,NARROW_FLOAT,27,26,3.7551,7.2114,1.1,1314
gnss_raw.txt,2437,380136.200,FINESTEERING,SOL_COMPUTED,NARROW_FLOAT,27,26,3.7551,7.2114,1.2,1314
gnss_raw.txt,2437,380136.300,FINESTEERING,SOL_COMPUTED,NARROW_FLOAT,27,26,3.7551,7.2114,1.3,1314
gnss_raw.txt,2437,380136.400,FINESTEERING,SOL_COMPUTED,NARROW_FLOAT,27,26,3.7551,7.2114,1.4,1314
gnss_raw.txt,2437,380136.500,FINESTEERING,SOL_COMPUTED,NARROW_FLOAT,27,26,3.7551,7.2114,1.5,1314
gnss_raw.txt,2437,380136.600,FINESTEERING,SOL_COMPUTED,NARROW_FLOAT,27,26,3.7551,7.2114,1.6,1314
gnss_raw.txt,2437,380136.700,FINESTEERING,SOL_COMPUTED,NARROW_FLOAT,27,26,3.7551,7.2114,1.7,1314
gnss_raw.txt,2437,380136.800,FINESTEERING,SOL_COMPUTED,NARROW_FLOAT,27,26,3.7551,7.2115,1.8,1314
gnss_raw.txt,2437,380136.900,FINESTEERING,SOL_COMPUTED,NARROW_FLOAT,27,26,3.7551,7.2115,1.9,1314
gnss_raw.txt,2437,380137.000,FINESTEERING,SOL_COMPUTED,NARROW_FLOAT,26,25,3.2517,6.3318,1.0,1314
gnss_raw.txt,2437,380137.100,FINESTEERING,SOL_COMPUTED,NARROW_FLOAT,26,25,3.2517,6.3318,1.1,1314
gnss_raw.txt,2437,380137.200,FINESTEERING,SOL_COMPUTED,NARROW_FLOAT,26,25,3.2517,6.3318,1.2,1314
gnss_raw.txt,2437,380137.300,FINESTEERING,SOL_COMPUTED,NARROW_FLOAT,26,25,3.2517,6.3318,1.3,1314
gnss_raw.txt,2437,380137.400,FINESTEERING,SOL_COMPUTED,NARROW_FLOAT,26,25,3.2517,6.3318,1.4,1314
gnss_raw.txt,2437,380137.500,FINESTEERING,SOL_COMPUTED,NARROW_FLOAT,26,25,3.2517,6.3318,1.5,1314
gnss_raw.txt,2437,380137.600,FINESTEERING,SOL_COMPUTED,NARROW_FLOAT,26,25,3.2517,6.3318,1.6,1314
gnss_raw.txt,2437,380137.700,FINESTEERING,SOL_COMPUTED,NARROW_FLOAT,26,25,3.2517,6.3318,1.7,1314
gnss_raw.txt,2437,380137.800,FINESTEERING,SOL_COMPUTED,NARROW_FLOAT,26,25,3.2517,6.3318,1.8,1314
gnss_raw.txt,2437,380137.900,FINESTEERING,SOL_COMPUTED,NARROW_FLOAT,26,25,3.2517,6.3318,1.9,1314
gnss_raw.txt,2437,380138.000,FINESTEERING,SOL_COMPUTED,NARROW_FLOAT,26,25,4.0495,7.9598,1.0,1314
gnss_raw.txt,2437,380138.100,FINESTEERING,SOL_COMPUTED,NARROW_FLOAT,26,25,4.0495,7.9598,1.1,1314
gnss_raw.txt,2437,380138.200,FINESTEERING,SOL_COMPUTED,NARROW_FLOAT,26,25,4.0495,7.9598,1.2,1314
gnss_raw.txt,2437,380138.300,FINESTEERING,SOL_COMPUTED,NARROW_FLOAT,26,25,4.0495,7.9598,1.3,1314
gnss_raw.txt,2437,380138.400,FINESTEERING,SOL_COMPUTED,NARROW_FLOAT,26,25,4.0495,7.9598,1.4,1314
gnss_raw.txt,2437,380138.500,FINESTEERING,SOL_COMPUTED,NARROW_FLOAT,26,25,4.0495,7.9598,1.5,1314
gnss_raw.txt,2437,380138.600,FINESTEERING,SOL_COMPUTED,NARROW_FLOAT,26,25,4.0495,7.9598,1.6,1314
gnss_raw.txt,2437,380138.700,FINESTEERING,SOL_COMPUTED,NARROW_FLOAT,26,25,4.0495,7.9598,0.7,1314
gnss_raw.txt,2437,380138.800,FINESTEERING,SOL_COMPUTED,NARROW_FLOAT,26,25,4.0495,7.9598,0.8,1314
gnss_raw.txt,2437,380138.900,FINESTEERING,SOL_COMPUTED,NARROW_FLOAT,26,25,4.0495,7.9598,0.9,1314
gnss_raw.txt,2437,380139.000,FINESTEERING,SOL_COMPUTED,NARROW_FLOAT,26,25,3.1568,6.2621,1.0,1314
gnss_raw.txt,2437,380139.100,FINESTEERING,SOL_COMPUTED,NARROW_FLOAT,26,25,3.1568,6.2621,1.1,1314
gnss_raw.txt,2437,380139.200,FINESTEERING,SOL_COMPUTED,NARROW_FLOAT,26,25,3.1568,6.2621,1.2,1314
gnss_raw.txt,2437,380139.300,FINESTEERING,SOL_COMPUTED,NARROW_FLOAT,26,25,3.1568,6.2621,1.3,1314
gnss_raw.txt,2437,380139.400,FINESTEERING,SOL_COMPUTED,NARROW_FLOAT,26,25,3.1568,6.2621,1.4,1314
gnss_raw.txt,2437,380139.500,FINESTEERING,SOL_COMPUTED,NARROW_FLOAT,26,25,3.1568,6.2621,1.5,1314
gnss_raw.txt,2437,380139.600,FINESTEERING,SOL_COMPUTED,NARROW_FLOAT,26,25,3.1568,6.2621,1.6,1314
gnss_raw.txt,2437,380139.700,FINESTEERING,SOL_COMPUTED,NARROW_FLOAT,26,25,3.1568,6.2621,0.7,1314
gnss_raw.txt,2437,380139.800,FINESTEERING,SOL_COMPUTED,NARROW_FLOAT,26,25,3.1568,6.2621,0.8,1314
gnss_raw.txt,2437,380139.900,FINESTEERING,SOL_COMPUTED,NARROW_FLOAT,26,25,3.1568,6.2621,0.9,1314
gnss_raw.txt,2437,380140.000,FINESTEERING,SOL_COMPUTED,NARROW_FLOAT,26,25,3.1098,6.2255,1.0,1314
gnss_raw.txt,2437,380140.100,FINESTEERING,SOL_COMPUTED,NARROW_FLOAT,26,25,3.1098,6.2255,1.1,1314
gnss_raw.txt,2437,380140.200,FINESTEERING,SOL_COMPUTED,NARROW_FLOAT,26,25,3.1098,6.2255,1.2,1314
gnss_raw.txt,2437,380140.300,FINESTEERING,SOL_COMPUTED,NARROW_FLOAT,26,25,3.1098,6.2255,1.3,1314
gnss_raw.txt,2437,380140.400,FINESTEERING,SOL_COMPUTED,NARROW_FLOAT,26,25,3.1098,6.2255,1.4,1314
gnss_raw.txt,2437,380140.500,FINESTEERING,SOL_COMPUTED,NARROW_FLOAT,26,25,3.1098,6.2256,1.5,1314
gnss_raw.txt,2437,380140.600,FINESTEERING,SOL_COMPUTED,NARROW_FLOAT,26,25,3.1098,6.2256,1.6,1314
gnss_raw.txt,2437,380140.700,FINESTEERING,SOL_COMPUTED,NARROW_FLOAT,26,25,3.1098,6.2256,1.7,1314
gnss_raw.txt,2437,380140.800,FINESTEERING,SOL_COMPUTED,NARROW_FLOAT,26,25,3.1098,6.2256,0.8,1314
gnss_raw.txt,2437,380140.900,FINESTEERING,SOL_COMPUTED,NARROW_FLOAT,26,25,3.1098,6.2256,0.9,1314
gnss_raw.txt,2437,380141.000,FINESTEERING,SOL_COMPUTED,NARROW_FLOAT,26,25,3.2642,6.5889,1.0,1314
gnss_raw.txt,2437,380141.100,FINESTEERING,SOL_COMPUTED,NARROW_FLOAT,26,25,3.2642,6.5889,1.1,1314
gnss_raw.txt,2437,380141.200,FINESTEERING,SOL_COMPUTED,NARROW_FLOAT,26,25,3.2642,6.5889,1.2,1314
gnss_raw.txt,2437,380141.300,FINESTEERING,SOL_COMPUTED,NARROW_FLOAT,26,25,3.2642,6.5889,1.3,1314
gnss_raw.txt,2437,380141.400,FINESTEERING,SOL_COMPUTED,NARROW_FLOAT,26,25,3.2642,6.5889,1.4,1314
gnss_raw.txt,2437,380141.500,FINESTEERING,SOL_COMPUTED,NARROW_FLOAT,26,25,3.2642,6.5889,1.5,1314
gnss_raw.txt,2437,380141.600,FINESTEERING,SOL_COMPUTED,NARROW_FLOAT,26,25,3.2642,6.5889,1.6,1314
gnss_raw.txt,2437,380141.700,FINESTEERING,SOL_COMPUTED,NARROW_FLOAT,26,25,3.2642,6.5889,1.7,1314
gnss_raw.txt,2437,380141.800,FINESTEERING,SOL_COMPUTED,NARROW_FLOAT,26,25,3.2642,6.5889,1.8,1314
gnss_raw.txt,2437,380141.900,FINESTEERING,SOL_COMPUTED,NARROW_FLOAT,26,25,3.2642,6.5889,1.9,1314
gnss_raw.txt,2437,380142.000,FINESTEERING,SOL_COMPUTED,NARROW_INT,26,25,0.0239,0.0551,1.0,1314
gnss_raw.txt,2437,380142.100,FINESTEERING,SOL_COMPUTED,NARROW_INT,26,25,0.0247,0.0557,1.1,1314
gnss_raw.txt,2437,380142.200,FINESTEERING,SOL_COMPUTED,NARROW_INT,26,25,0.0251,0.0562,1.2,1314
gnss_raw.txt,2437,380142.300,FINESTEERING,SOL_COMPUTED,NARROW_INT,26,25,0.0255,0.0567,1.3,1314
gnss_raw.txt,2437,380142.400,FINESTEERING,SOL_COMPUTED,NARROW_INT,26,25,0.026,0.0572,1.4,1314
gnss_raw.txt,2437,380142.500,FINESTEERING,SOL_COMPUTED,NARROW_INT,26,25,0.0266,0.0578,1.5,1314
gnss_raw.txt,2437,380142.600,FINESTEERING,SOL_COMPUTED,NARROW_INT,26,25,0.027,0.0583,1.6,1314
gnss_raw.txt,2437,380142.700,FINESTEERING,SOL_COMPUTED,NARROW_INT,26,25,0.0274,0.0588,1.7,1314
gnss_raw.txt,2437,380142.800,FINESTEERING,SOL_COMPUTED,NARROW_INT,26,25,0.0278,0.0592,0.8,1314
gnss_raw.txt,2437,380142.900,FINESTEERING,SOL_COMPUTED,NARROW_INT,26,25,0.0285,0.0598,0.9,1314
gnss_raw.txt,2437,380143.000,FINESTEERING,SOL_COMPUTED,NARROW_INT,26,25,0.0231,0.0508,1.0,1314
gnss_raw.txt,2437,380143.100,FINESTEERING,SOL_COMPUTED,NARROW_INT,26,25,0.0237,0.0514,1.1,1314
gnss_raw.txt,2437,380143.200,FINESTEERING,SOL_COMPUTED,NARROW_INT,26,25,0.0242,0.0519,1.2,1314
gnss_raw.txt,2437,380143.300,FINESTEERING,SOL_COMPUTED,NARROW_INT,26,25,0.0246,0.0524,1.3,1314
gnss_raw.txt,2437,380143.400,FINESTEERING,SOL_COMPUTED,NARROW_INT,26,25,0.025,0.0529,1.4,1314
gnss_raw.txt,2437,380143.500,FINESTEERING,SOL_COMPUTED,NARROW_INT,26,25,0.0255,0.0534,1.5,1314
gnss_raw.txt,2437,380143.600,FINESTEERING,SOL_COMPUTED,NARROW_INT,26,25,0.0261,0.054,1.6,1314
gnss_raw.txt,2437,380143.700,FINESTEERING,SOL_COMPUTED,NARROW_INT,26,25,0.0268,0.0546,1.7,1314
gnss_raw.txt,2437,380143.800,FINESTEERING,SOL_COMPUTED,NARROW_INT,26,25,0.0275,0.0552,0.8,1314
gnss_raw.txt,2437,380143.900,FINESTEERING,SOL_COMPUTED,NARROW_INT,26,25,0.028,0.0558,0.9,1314
gnss_raw.txt,2437,380144.000,FINESTEERING,SOL_COMPUTED,NARROW_INT,26,25,0.0229,0.0504,1.0,1314
gnss_raw.txt,2437,380144.100,FINESTEERING,SOL_COMPUTED,NARROW_INT,26,25,0.0235,0.051,1.1,1314
gnss_raw.txt,2437,380144.200,FINESTEERING,SOL_COMPUTED,NARROW_INT,26,25,0.0242,0.0515,1.2,1314
gnss_raw.txt,2437,380144.300,FINESTEERING,SOL_COMPUTED,NARROW_INT,26,25,0.0245,0.052,1.3,1314
gnss_raw.txt,2437,380144.400,FINESTEERING,SOL_COMPUTED,NARROW_INT,26,25,0.0248,0.0524,1.4,1314
gnss_raw.txt,2437,380144.500,FINESTEERING,SOL_COMPUTED,NARROW_INT,26,25,0.0252,0.0529,1.5,1314
gnss_raw.txt,2437,380144.600,FINESTEERING,SOL_COMPUTED,NARROW_INT,26,25,0.0256,0.0533,1.6,1314
gnss_raw.txt,2437,380144.700,FINESTEERING,SOL_COMPUTED,NARROW_INT,26,25,0.0261,0.0538,1.7,1314
gnss_raw.txt,2437,380144.800,FINESTEERING,SOL_COMPUTED,NARROW_INT,26,25,0.0264,0.0543,1.8,1314
gnss_raw.txt,2437,380144.900,FINESTEERING,SOL_COMPUTED,NARROW_INT,26,25,0.0268,0.0547,0.9,1314
gnss_raw.txt,2437,380145.000,FINESTEERING,SOL_COMPUTED,NARROW_INT,26,25,0.0217,0.0495,1.0,1314
gnss_raw.txt,2437,380145.100,FINESTEERING,SOL_COMPUTED,NARROW_INT,26,25,0.0221,0.05,1.1,1314
gnss_raw.txt,2437,380145.200,FINESTEERING,SOL_COMPUTED,NARROW_INT,26,25,0.0226,0.0504,1.2,1314
gnss_raw.txt,2437,380145.300,FINESTEERING,SOL_COMPUTED,NARROW_INT,26,25,0.0231,0.0509,1.3,1314
gnss_raw.txt,2437,380145.400,FINESTEERING,SOL_COMPUTED,NARROW_INT,26,25,0.0236,0.0514,1.4,1314
gnss_raw.txt,2437,380145.500,FINESTEERING,SOL_COMPUTED,NARROW_INT,26,25,0.0243,0.052,1.5,1314
gnss_raw.txt,2437,380145.600,FINESTEERING,SOL_COMPUTED,NARROW_INT,26,25,0.0248,0.0525,1.6,1314
gnss_raw.txt,2437,380145.700,FINESTEERING,SOL_COMPUTED,NARROW_INT,26,25,0.0252,0.0529,1.7,1314
gnss_raw.txt,2437,380145.800,FINESTEERING,SOL_COMPUTED,NARROW_INT,26,25,0.0257,0.0534,0.8,1314
gnss_raw.txt,2437,380145.900,FINESTEERING,SOL_COMPUTED,NARROW_INT,26,25,0.026,0.0538,0.9,1314
gnss_raw.txt,2437,380146.000,FINESTEERING,SOL_COMPUTED,NARROW_INT,26,25,0.0218,0.0495,1.0,1314
gnss_raw.txt,2437,380146.100,FINESTEERING,SOL_COMPUTED,NARROW_INT,26,25,0.0222,0.0499,1.1,1314
gnss_raw.txt,2437,380146.200,FINESTEERING,SOL_COMPUTED,NARROW_INT,26,25,0.0227,0.0503,1.2,1314
gnss_raw.txt,2437,380146.300,FINESTEERING,SOL_COMPUTED,NARROW_INT,26,25,0.0231,0.0508,1.3,1314
gnss_raw.txt,2437,380146.400,FINESTEERING,SOL_COMPUTED,NARROW_INT,26,25,0.0236,0.0513,1.4,1314
gnss_raw.txt,2437,380146.500,FINESTEERING,SOL_COMPUTED,NARROW_INT,26,25,0.0241,0.0518,1.5,1314
gnss_raw.txt,2437,380146.600,FINESTEERING,SOL_COMPUTED,NARROW_INT,26,25,0.0246,0.0523,1.6,1314
gnss_raw.txt,2437,380146.700,FINESTEERING,SOL_COMPUTED,NARROW_INT,26,25,0.0252,0.0528,1.7,1314
gnss_raw.txt,2437,380146.800,FINESTEERING,SOL_COMPUTED,NARROW_INT,26,25,0.0255,0.0532,1.8,1314
gnss_raw.txt,2437,380146.900,FINESTEERING,SOL_COMPUTED,NARROW_INT,26,25,0.026,0.0537,0.9,1314
gnss_raw.txt,2437,380147.000,FINESTEERING,SOL_COMPUTED,NARROW_INT,26,25,0.0218,0.0494,1.0,1314
gnss_raw.txt,2437,380147.100,FINESTEERING,SOL_COMPUTED,NARROW_INT,26,25,0.0223,0.0499,1.1,1314
gnss_raw.txt,2437,380147.200,FINESTEERING,SOL_COMPUTED,NARROW_INT,26,25,0.0226,0.0503,1.2,1314
gnss_raw.txt,2437,380147.300,FINESTEERING,SOL_COMPUTED,NARROW_INT,26,25,0.0233,0.0509,1.3,1314
gnss_raw.txt,2437,380147.400,FINESTEERING,SOL_COMPUTED,NARROW_INT,26,25,0.0239,0.0515,1.4,1314
gnss_raw.txt,2437,380147.500,FINESTEERING,SOL_COMPUTED,NARROW_INT,26,25,0.0246,0.052,1.5,1314
gnss_raw.txt,2437,380147.600,FINESTEERING,SOL_COMPUTED,NARROW_INT,26,25,0.0253,0.0527,1.6,1314
gnss_raw.txt,2437,380147.700,FINESTEERING,SOL_COMPUTED,NARROW_INT,26,25,0.0259,0.0533,1.7,1314
gnss_raw.txt,2437,380147.800,FINESTEERING,SOL_COMPUTED,NARROW_INT,26,25,0.0263,0.0537,1.8,1314
gnss_raw.txt,2437,380147.900,FINESTEERING,SOL_COMPUTED,NARROW_INT,26,25,0.0271,0.0544,0.9,1314
gnss_raw.txt,2437,380148.000,FINESTEERING,SOL_COMPUTED,NARROW_INT,26,25,0.0233,0.0503,1.0,1314
gnss_raw.txt,2437,380148.100,FINESTEERING,SOL_COMPUTED,NARROW_INT,26,25,0.0237,0.0508,1.1,1314
gnss_raw.txt,2437,380148.200,FINESTEERING,SOL_COMPUTED,NARROW_INT,26,25,0.0242,0.0513,1.2,1314
gnss_raw.txt,2437,380148.300,FINESTEERING,SOL_COMPUTED,NARROW_INT,26,25,0.0247,0.0518,1.3,1314
gnss_raw.txt,2437,380148.400,FINESTEERING,SOL_COMPUTED,NARROW_INT,26,25,0.0252,0.0523,1.4,1314
gnss_raw.txt,2437,380148.500,FINESTEERING,SOL_COMPUTED,NARROW_INT,26,25,0.0256,0.0527,1.5,1314
gnss_raw.txt,2437,380148.600,FINESTEERING,SOL_COMPUTED,NARROW_INT,26,25,0.026,0.0532,1.6,1314
gnss_raw.txt,2437,380148.700,FINESTEERING,SOL_COMPUTED,NARROW_INT,26,25,0.0269,0.0539,1.7,1314
gnss_raw.txt,2437,380148.800,FINESTEERING,SOL_COMPUTED,NARROW_INT,26,25,0.0276,0.0547,1.8,1314
gnss_raw.txt,2437,380148.900,FINESTEERING,SOL_COMPUTED,NARROW_INT,26,25,0.0288,0.0557,0.9,1314
gnss_raw.txt,2437,380149.000,FINESTEERING,SOL_COMPUTED,NARROW_INT,26,25,0.0243,0.0511,1.0,1314
gnss_raw.txt,2437,380149.100,FINESTEERING,SOL_COMPUTED,NARROW_INT,26,25,0.0272,0.0529,1.1,1314
gnss_raw.txt,2437,380149.200,FINESTEERING,SOL_COMPUTED,NARROW_INT,26,25,0.03,0.0552,1.2,1314
gnss_raw.txt,2437,380149.300,FINESTEERING,SOL_COMPUTED,NARROW_INT,26,25,0.0314,0.0567,1.3,1314
gnss_raw.txt,2437,380149.400,FINESTEERING,SOL_COMPUTED,NARROW_INT,26,25,0.0341,0.0588,1.4,1314
gnss_raw.txt,2437,380149.500,FINESTEERING,SOL_COMPUTED,NARROW_INT,27,26,0.0359,0.0603,1.5,1314
gnss_raw.txt,2437,380149.600,FINESTEERING,SOL_COMPUTED,NARROW_INT,27,26,0.0378,0.0621,1.6,1314
gnss_raw.txt,2437,380149.700,FINESTEERING,SOL_COMPUTED,NARROW_INT,27,26,0.039,0.0637,0.7,1314
gnss_raw.txt,2437,380149.800,FINESTEERING,SOL_COMPUTED,NARROW_INT,27,26,0.0394,0.0645,0.8,1314
gnss_raw.txt,2437,380149.900,FINESTEERING,SOL_COMPUTED,NARROW_INT,27,26,0.0402,0.0653,0.9,1314
gnss_raw.txt,2437,380150.000,FINESTEERING,SOL_COMPUTED,NARROW_INT,27,26,0.0395,0.0724,1.0,1314
gnss_raw.txt,2437,380150.100,FINESTEERING,SOL_COMPUTED,NARROW_INT,27,26,0.0413,0.0737,1.1,1314
gnss_raw.txt,2437,380150.200,FINESTEERING,SOL_COMPUTED,NARROW_INT,27,26,0.0425,0.0748,1.2,1314
gnss_raw.txt,2437,380150.300,FINESTEERING,SOL_COMPUTED,NARROW_INT,27,26,0.0444,0.0764,1.3,1314
gnss_raw.txt,2437,380150.400,FINESTEERING,SOL_COMPUTED,NARROW_INT,27,26,0.0449,0.0771,1.4,1314
gnss_raw.txt,2437,380150.500,FINESTEERING,SOL_COMPUTED,NARROW_INT,27,26,0.0456,0.0778,1.5,1314
gnss_raw.txt,2437,380150.600,FINESTEERING,SOL_COMPUTED,NARROW_INT,27,26,0.0462,0.0785,1.6,1314
gnss_raw.txt,2437,380150.700,FINESTEERING,SOL_COMPUTED,NARROW_INT,27,26,0.047,0.0793,0.7,1314
gnss_raw.txt,2437,380150.800,FINESTEERING,SOL_COMPUTED,NARROW_INT,27,26,0.0481,0.0803,0.8,1314
gnss_raw.txt,2437,380150.900,FINESTEERING,SOL_COMPUTED,NARROW_INT,27,26,0.0488,0.0812,0.9,1314
gnss_raw.txt,2437,380151.000,FINESTEERING,SOL_COMPUTED,NARROW_INT,27,26,0.0426,0.0948,1.0,1314
gnss_raw.txt,2437,380151.100,FINESTEERING,SOL_COMPUTED,NARROW_INT,27,26,0.0429,0.0952,1.1,1314
gnss_raw.txt,2437,380151.200,FINESTEERING,SOL_COMPUTED,NARROW_INT,27,26,0.0437,0.0958,1.2,1314
gnss_raw.txt,2437,380151.300,FINESTEERING,SOL_COMPUTED,NARROW_INT,27,26,0.0442,0.0963,1.3,1314
gnss_raw.txt,2437,380151.400,FINESTEERING,SOL_COMPUTED,NARROW_INT,27,26,0.0454,0.097,1.4,1314
gnss_raw.txt,2437,380151.500,FINESTEERING,SOL_COMPUTED,NARROW_INT,27,26,0.0463,0.0978,1.5,1314
gnss_raw.txt,2437,380151.600,FINESTEERING,SOL_COMPUTED,NARROW_INT,27,26,0.0474,0.0987,1.6,1314
gnss_raw.txt,2437,380151.700,FINESTEERING,SOL_COMPUTED,NARROW_INT,27,26,0.0477,0.0991,1.7,1314
gnss_raw.txt,2437,380151.800,FINESTEERING,SOL_COMPUTED,NARROW_INT,27,26,0.0482,0.0995,1.8,1314
gnss_raw.txt,2437,380151.900,FINESTEERING,SOL_COMPUTED,NARROW_INT,27,26,0.0488,0.1,0.9,1314
gnss_raw.txt,2437,380152.000,FINESTEERING,SOL_COMPUTED,NARROW_INT,27,26,0.0384,0.0934,1.0,1314
gnss_raw.txt,2437,380152.100,FINESTEERING,SOL_COMPUTED,NARROW_INT,27,26,0.0391,0.094,1.1,1314
gnss_raw.txt,2437,380152.200,FINESTEERING,SOL_COMPUTED,NARROW_INT,27,26,0.0403,0.0947,1.2,1314
gnss_raw.txt,2437,380152.300,FINESTEERING,SOL_COMPUTED,NARROW_INT,27,26,0.0416,0.0955,1.3,1314
gnss_raw.txt,2437,380152.400,FINESTEERING,SOL_COMPUTED,NARROW_INT,27,26,0.0428,0.0964,1.4,1314
gnss_raw.txt,2437,380152.500,FINESTEERING,SOL_COMPUTED,NARROW_INT,27,26,0.0434,0.0969,1.5,1314
gnss_raw.txt,2437,380152.600,FINESTEERING,SOL_COMPUTED,NARROW_INT,27,26,0.0446,0.0978,1.6,1314
gnss_raw.txt,2437,380152.700,FINESTEERING,SOL_COMPUTED,NARROW_INT,27,26,0.0458,0.0985,1.7,1314
gnss_raw.txt,2437,380152.800,FINESTEERING,SOL_COMPUTED,NARROW_INT,27,26,0.0464,0.0991,0.8,1314
gnss_raw.txt,2437,380152.900,FINESTEERING,SOL_COMPUTED,NARROW_INT,27,26,0.0475,0.0998,0.9,1314
gnss_raw.txt,2437,380153.000,FINESTEERING,SOL_COMPUTED,NARROW_INT,27,26,0.0391,0.0909,1.0,1314
gnss_raw.txt,2437,380153.100,FINESTEERING,SOL_COMPUTED,NARROW_INT,27,26,0.0399,0.0915,1.1,1314
gnss_raw.txt,2437,380153.200,FINESTEERING,SOL_COMPUTED,NARROW_INT,27,26,0.0427,0.0931,1.2,1314
gnss_raw.txt,2437,380153.300,FINESTEERING,SOL_COMPUTED,NARROW_INT,28,27,0.043,0.0936,1.3,1314
gnss_raw.txt,2437,380153.400,FINESTEERING,SOL_COMPUTED,NARROW_INT,28,27,0.0434,0.0939,1.4,1314
gnss_raw.txt,2437,380153.500,FINESTEERING,SOL_COMPUTED,NARROW_INT,27,26,0.0441,0.0945,1.5,1314
gnss_raw.txt,2437,380153.600,FINESTEERING,SOL_COMPUTED,NARROW_INT,27,26,0.0449,0.0951,1.6,1314
gnss_raw.txt,2437,380153.700,FINESTEERING,SOL_COMPUTED,NARROW_INT,27,26,0.0461,0.0959,1.7,1314
gnss_raw.txt,2437,380153.800,FINESTEERING,SOL_COMPUTED,NARROW_INT,27,26,0.0472,0.0967,1.8,1314
gnss_raw.txt,2437,380153.900,FINESTEERING,SOL_COMPUTED,NARROW_INT,27,26,0.0485,0.0979,0.9,1314
gnss_raw.txt,2437,380154.000,FINESTEERING,SOL_COMPUTED,NARROW_INT,27,26,0.0424,0.087,1.0,1314
gnss_raw.txt,2437,380154.100,FINESTEERING,SOL_COMPUTED,NARROW_INT,27,26,0.0436,0.0881,1.1,1314
gnss_raw.txt,2437,380154.200,FINESTEERING,SOL_COMPUTED,NARROW_INT,27,26,0.0445,0.089,1.2,1314
gnss_raw.txt,2437,380154.300,FINESTEERING,SOL_COMPUTED,NARROW_INT,27,26,0.0457,0.0899,1.3,1314
gnss_raw.txt,2437,380154.400,FINESTEERING,SOL_COMPUTED,NARROW_INT,27,26,0.0465,0.0906,1.4,1314
gnss_raw.txt,2437,380154.500,FINESTEERING,SOL_COMPUTED,NARROW_INT,27,26,0.0474,0.0913,1.5,1314
gnss_raw.txt,2437,380154.600,FINESTEERING,SOL_COMPUTED,NARROW_INT,28,27,0.0482,0.092,1.6,1314
gnss_raw.txt,2437,380154.700,FINESTEERING,SOL_COMPUTED,NARROW_INT,28,27,0.0489,0.0926,1.7,1314
gnss_raw.txt,2437,380154.800,FINESTEERING,SOL_COMPUTED,NARROW_INT,28,27,0.0509,0.0941,0.8,1314
gnss_raw.txt,2437,380154.900,FINESTEERING,SOL_COMPUTED,NARROW_INT,28,27,0.054,0.0964,0.9,1314
gnss_raw.txt,2437,380155.000,FINESTEERING,SOL_COMPUTED,NARROW_INT,28,27,0.0423,0.0841,1.0,1314
gnss_raw.txt,2437,380155.100,FINESTEERING,SOL_COMPUTED,NARROW_INT,28,27,0.0444,0.0853,1.1,1314
gnss_raw.txt,2437,380155.200,FINESTEERING,SOL_COMPUTED,NARROW_INT,28,27,0.046,0.0866,1.2,1314
gnss_raw.txt,2437,380155.300,FINESTEERING,SOL_COMPUTED,NARROW_INT,28,27,0.0466,0.0873,1.3,1314
gnss_raw.txt,2437,380155.400,FINESTEERING,SOL_COMPUTED,NARROW_INT,28,27,0.0476,0.0882,1.4,1314
gnss_raw.txt,2437,380155.500,FINESTEERING,SOL_COMPUTED,NARROW_INT,28,27,0.0484,0.089,1.5,1314
gnss_raw.txt,2437,380155.600,FINESTEERING,SOL_COMPUTED,NARROW_INT,28,27,0.0494,0.0898,1.6,1314
gnss_raw.txt,2437,380155.700,FINESTEERING,SOL_COMPUTED,NARROW_INT,28,27,0.0499,0.0903,0.7,1314
gnss_raw.txt,2437,380155.800,FINESTEERING,SOL_COMPUTED,NARROW_INT,28,27,0.0516,0.0915,0.8,1314
gnss_raw.txt,2437,380155.900,FINESTEERING,SOL_COMPUTED,NARROW_INT,28,27,0.0529,0.0926,0.9,1314
gnss_raw.txt,2437,380156.000,FINESTEERING,SOL_COMPUTED,NARROW_INT,28,27,0.0378,0.0651,1.0,1314
gnss_raw.txt,2437,380156.100,FINESTEERING,SOL_COMPUTED,NARROW_INT,28,27,0.0393,0.0664,1.1,1314
gnss_raw.txt,2437,380156.200,FINESTEERING,SOL_COMPUTED,NARROW_INT,28,27,0.0399,0.0672,1.2,1314
gnss_raw.txt,2437,380156.300,FINESTEERING,SOL_COMPUTED,NARROW_INT,28,27,0.041,0.0681,1.3,1314
gnss_raw.txt,2437,380156.400,FINESTEERING,SOL_COMPUTED,NARROW_INT,28,27,0.0422,0.0692,1.4,1314
gnss_raw.txt,2437,380156.500,FINESTEERING,SOL_COMPUTED,NARROW_INT,28,27,0.044,0.0708,1.5,1314
gnss_raw.txt,2437,380156.600,FINESTEERING,SOL_COMPUTED,NARROW_INT,28,27,0.0446,0.0715,1.6,1314
gnss_raw.txt,2437,380156.700,FINESTEERING,SOL_COMPUTED,NARROW_INT,28,27,0.0452,0.0721,0.7,1314
gnss_raw.txt,2437,380156.800,FINESTEERING,SOL_COMPUTED,NARROW_INT,28,27,0.0464,0.0731,0.8,1314
gnss_raw.txt,2437,380156.900,FINESTEERING,SOL_COMPUTED,NARROW_INT,28,27,0.0479,0.0743,0.9,1314
gnss_raw.txt,2437,380157.000,FINESTEERING,SOL_COMPUTED,NARROW_INT,28,27,0.0497,0.1262,1.0,1314
gnss_raw.txt,2437,380157.100,FINESTEERING,SOL_COMPUTED,NARROW_INT,28,27,0.0505,0.1267,1.1,1314
gnss_raw.txt,2437,380157.200,FINESTEERING,SOL_COMPUTED,NARROW_INT,28,27,0.0509,0.127,1.2,1314
gnss_raw.txt,2437,380157.300,FINESTEERING,SOL_COMPUTED,NARROW_INT,28,27,0.0521,0.1277,1.3,1314
gnss_raw.txt,2437,380157.400,FINESTEERING,SOL_COMPUTED,NARROW_INT,28,27,0.0525,0.128,1.4,1314
gnss_raw.txt,2437,380157.500,FINESTEERING,SOL_COMPUTED,NARROW_INT,28,27,0.0528,0.1283,1.5,1314
gnss_raw.txt,2437,380157.600,FINESTEERING,SOL_COMPUTED,NARROW_INT,28,27,0.0532,0.1285,1.6,1314
gnss_raw.txt,2437,380157.700,FINESTEERING,SOL_COMPUTED,NARROW_INT,28,27,0.0536,0.1288,1.7,1314
gnss_raw.txt,2437,380157.800,FINESTEERING,SOL_COMPUTED,NARROW_INT,28,27,0.0541,0.1291,1.8,1314
gnss_raw.txt,2437,380157.900,FINESTEERING,SOL_COMPUTED,NARROW_INT,28,27,0.0546,0.1296,1.9,1314
gnss_raw.txt,2437,380158.000,FINESTEERING,SOL_COMPUTED,NARROW_INT,28,27,0.0318,0.0682,1.0,1314
gnss_raw.txt,2437,380158.100,FINESTEERING,SOL_COMPUTED,NARROW_INT,28,27,0.0333,0.0692,1.1,1314
gnss_raw.txt,2437,380158.200,FINESTEERING,SOL_COMPUTED,NARROW_INT,28,27,0.0342,0.0699,1.2,1314
gnss_raw.txt,2437,380158.300,FINESTEERING,SOL_COMPUTED,NARROW_INT,28,27,0.0347,0.0705,1.3,1314
gnss_raw.txt,2437,380158.400,FINESTEERING,SOL_COMPUTED,NARROW_INT,28,27,0.0355,0.071,1.4,1314
gnss_raw.txt,2437,380158.500,FINESTEERING,SOL_COMPUTED,NARROW_INT,28,27,0.0367,0.0719,1.5,1314
gnss_raw.txt,2437,380158.600,FINESTEERING,SOL_COMPUTED,NARROW_INT,28,27,0.0375,0.0725,1.6,1314
gnss_raw.txt,2437,380158.700,FINESTEERING,SOL_COMPUTED,NARROW_INT,28,27,0.0379,0.073,1.7,1314
gnss_raw.txt,2437,380158.800,FINESTEERING,SOL_COMPUTED,NARROW_INT,28,27,0.0392,0.074,0.8,1314
gnss_raw.txt,2437,380158.900,FINESTEERING,SOL_COMPUTED,NARROW_INT,28,27,0.0398,0.0746,0.9,1314
gnss_raw.txt,2437,380159.000,FINESTEERING,SOL_COMPUTED,NARROW_INT,28,27,0.0306,0.0614,1.0,1314
gnss_raw.txt,2437,380159.100,FINESTEERING,SOL_COMPUTED,NARROW_INT,28,27,0.0318,0.0623,1.1,1314
gnss_raw.txt,2437,380159.200,FINESTEERING,SOL_COMPUTED,NARROW_INT,28,27,0.0328,0.0632,1.2,1314
gnss_raw.txt,2437,380159.300,FINESTEERING,SOL_COMPUTED,NARROW_INT,28,27,0.0353,0.0648,1.3,1314
gnss_raw.txt,2437,380159.400,FINESTEERING,SOL_COMPUTED,NARROW_INT,28,27,0.0364,0.0658,1.4,1314
gnss_raw.txt,2437,380159.500,FINESTEERING,SOL_COMPUTED,NARROW_INT,28,27,0.0375,0.0668,1.5,1314
gnss_raw.txt,2437,380159.600,FINESTEERING,SOL_COMPUTED,NARROW_INT,28,27,0.0389,0.068,1.6,1314
gnss_raw.txt,2437,380159.700,FINESTEERING,SOL_COMPUTED,NARROW_INT,28,27,0.0408,0.0695,0.7,1314
gnss_raw.txt,2437,380159.800,FINESTEERING,SOL_COMPUTED,NARROW_INT,28,27,0.0414,0.0702,0.8,1314
gnss_raw.txt,2437,380159.900,FINESTEERING,SOL_COMPUTED,NARROW_INT,28,27,0.0419,0.0708,0.9,1314
gnss_raw.txt,2437,380160.000,FINESTEERING,SOL_COMPUTED,NARROW_INT,28,27,0.0359,0.0799,1.0,1314
gnss_raw.txt,2437,380160.100,FINESTEERING,SOL_COMPUTED,NARROW_INT,28,27,0.0373,0.0809,1.1,1314
gnss_raw.txt,2437,380160.200,FINESTEERING,SOL_COMPUTED,NARROW_INT,28,27,0.0411,0.0832,1.2,1314
gnss_raw.txt,2437,380160.300,FINESTEERING,SOL_COMPUTED,NARROW_INT,28,27,0.042,0.0841,1.3,1314
gnss_raw.txt,2437,380160.400,FINESTEERING,SOL_COMPUTED,NARROW_INT,28,27,0.0433,0.085,1.4,1314
gnss_raw.txt,2437,380160.500,FINESTEERING,SOL_COMPUTED,NARROW_INT,28,27,0.0458,0.0866,1.5,1314
gnss_raw.txt,2437,380160.600,FINESTEERING,SOL_COMPUTED,NARROW_INT,28,27,0.0467,0.0874,1.6,1314
gnss_raw.txt,2437,380160.700,FINESTEERING,SOL_COMPUTED,NARROW_INT,28,27,0.0481,0.0887,1.7,1314
gnss_raw.txt,2437,380160.800,FINESTEERING,SOL_COMPUTED,NARROW_INT,28,27,0.0502,0.0903,1.8,1314
gnss_raw.txt,2437,380160.900,FINESTEERING,SOL_COMPUTED,NARROW_INT,28,27,0.0525,0.0925,0.9,1314
gnss_raw.txt,2437,380161.000,FINESTEERING,SOL_COMPUTED,NARROW_INT,28,27,0.045,0.0717,1.0,1314
gnss_raw.txt,2437,380161.100,FINESTEERING,SOL_COMPUTED,NARROW_INT,28,27,0.0459,0.0727,1.1,1314
gnss_raw.txt,2437,380161.200,FINESTEERING,SOL_COMPUTED,NARROW_INT,28,27,0.0495,0.0753,1.2,1314
gnss_raw.txt,2437,380161.300,FINESTEERING,SOL_COMPUTED,NARROW_INT,28,27,0.0504,0.0764,1.3,1314
gnss_raw.txt,2437,380161.400,FINESTEERING,SOL_COMPUTED,NARROW_INT,28,27,0.0511,0.0773,1.4,1314
gnss_raw.txt,2437,380161.500,FINESTEERING,SOL_COMPUTED,NARROW_INT,28,27,0.0515,0.0779,1.5,1314
gnss_raw.txt,2437,380161.600,FINESTEERING,SOL_COMPUTED,NARROW_INT,28,27,0.0543,0.08,1.6,1314
gnss_raw.txt,2437,380161.700,FINESTEERING,SOL_COMPUTED,NARROW_INT,28,27,0.0548,0.0807,1.7,1314
gnss_raw.txt,2437,380161.800,FINESTEERING,SOL_COMPUTED,NARROW_INT,28,27,0.0555,0.0815,1.8,1314
gnss_raw.txt,2437,380161.900,FINESTEERING,SOL_COMPUTED,NARROW_INT,28,27,0.056,0.0821,1.9,1314
gnss_raw.txt,2437,380162.000,FINESTEERING,SOL_COMPUTED,NARROW_INT,28,27,0.0436,0.0711,1.0,1314
gnss_raw.txt,2437,380162.100,FINESTEERING,SOL_COMPUTED,NARROW_INT,28,27,0.044,0.0718,1.1,1314
gnss_raw.txt,2437,380162.200,FINESTEERING,SOL_COMPUTED,NARROW_INT,28,27,0.0443,0.0723,1.2,1314
gnss_raw.txt,2437,380162.300,FINESTEERING,SOL_COMPUTED,NARROW_INT,28,27,0.0446,0.0727,1.3,1314
gnss_raw.txt,2437,380162.400,FINESTEERING,SOL_COMPUTED,NARROW_INT,28,27,0.045,0.0731,1.4,1314
gnss_raw.txt,2437,380162.500,FINESTEERING,SOL_COMPUTED,NARROW_INT,28,27,0.0453,0.0735,1.5,1314
gnss_raw.txt,2437,380162.600,FINESTEERING,SOL_COMPUTED,NARROW_INT,28,27,0.0458,0.074,1.6,1314
gnss_raw.txt,2437,380162.700,FINESTEERING,SOL_COMPUTED,NARROW_INT,28,27,0.0462,0.0744,1.7,1314
gnss_raw.txt,2437,380162.800,FINESTEERING,SOL_COMPUTED,NARROW_INT,28,27,0.0465,0.0748,1.8,1314
gnss_raw.txt,2437,380162.900,FINESTEERING,SOL_COMPUTED,NARROW_INT,28,27,0.0467,0.0751,0.9,1314
gnss_raw.txt,2437,380163.000,FINESTEERING,SOL_COMPUTED,NARROW_INT,28,27,0.0249,0.055,1.0,1314
gnss_raw.txt,2437,380163.100,FINESTEERING,SOL_COMPUTED,NARROW_INT,29,28,0.0255,0.0555,1.1,1314
gnss_raw.txt,2437,380163.200,FINESTEERING,SOL_COMPUTED,NARROW_INT,29,28,0.026,0.056,1.2,1314
gnss_raw.txt,2437,380163.300,FINESTEERING,SOL_COMPUTED,NARROW_INT,29,28,0.0265,0.0564,1.3,1314
gnss_raw.txt,2437,380163.400,FINESTEERING,SOL_COMPUTED,NARROW_INT,29,28,0.0272,0.057,1.4,1314
gnss_raw.txt,2437,380163.500,FINESTEERING,SOL_COMPUTED,NARROW_INT,29,28,0.0277,0.0574,1.5,1314
gnss_raw.txt,2437,380163.600,FINESTEERING,SOL_COMPUTED,NARROW_INT,29,28,0.0283,0.058,1.6,1314
gnss_raw.txt,2437,380163.700,FINESTEERING,SOL_COMPUTED,NARROW_INT,29,28,0.0288,0.0585,1.7,1314
gnss_raw.txt,2437,380163.800,FINESTEERING,SOL_COMPUTED,NARROW_INT,29,28,0.0293,0.0589,1.8,1314
gnss_raw.txt,2437,380163.900,FINESTEERING,SOL_COMPUTED,NARROW_INT,29,28,0.0298,0.0594,1.9,1314
gnss_raw.txt,2437,380164.000,FINESTEERING,SOL_COMPUTED,NARROW_INT,29,28,0.0234,0.0518,1.0,1314
gnss_raw.txt,2437,380164.100,FINESTEERING,SOL_COMPUTED,NARROW_INT,29,28,0.0238,0.0522,1.1,1314
gnss_raw.txt,2437,380164.200,FINESTEERING,SOL_COMPUTED,NARROW_INT,29,28,0.0242,0.0527,1.2,1314
gnss_raw.txt,2437,380164.300,FINESTEERING,SOL_COMPUTED,NARROW_INT,29,28,0.0247,0.0531,1.3,1314
gnss_raw.txt,2437,380164.400,FINESTEERING,SOL_COMPUTED,NARROW_INT,29,28,0.0252,0.0536,1.4,1314
gnss_raw.txt,2437,380164.500,FINESTEERING,SOL_COMPUTED,NARROW_INT,29,28,0.0258,0.0541,1.5,1314
gnss_raw.txt,2437,380164.600,FINESTEERING,SOL_COMPUTED,NARROW_INT,29,28,0.0262,0.0546,1.6,1314
gnss_raw.txt,2437,380164.700,FINESTEERING,SOL_COMPUTED,NARROW_INT,29,28,0.027,0.0553,1.7,1314
gnss_raw.txt,2437,380164.800,FINESTEERING,SOL_COMPUTED,NARROW_INT,29,28,0.0276,0.0558,0.8,1314
gnss_raw.txt,2437,380164.900,FINESTEERING,SOL_COMPUTED,NARROW_INT,29,28,0.0282,0.0564,0.9,1314
gnss_raw.txt,2437,380165.000,FINESTEERING,SOL_COMPUTED,NARROW_INT,29,28,0.0242,0.0534,1.0,1314
gnss_raw.txt,2437,380165.100,FINESTEERING,SOL_COMPUTED,NARROW_INT,29,28,0.0247,0.0539,1.1,1314
gnss_raw.txt,2437,380165.200,FINESTEERING,SOL_COMPUTED,NARROW_INT,29,28,0.0251,0.0544,1.2,1314
gnss_raw.txt,2437,380165.300,FINESTEERING,SOL_COMPUTED,NARROW_INT,29,28,0.0257,0.0549,1.3,1314
gnss_raw.txt,2437,380165.400,FINESTEERING,SOL_COMPUTED,NARROW_INT,29,28,0.0263,0.0554,1.4,1314
gnss_raw.txt,2437,380165.500,FINESTEERING,SOL_COMPUTED,NARROW_INT,29,28,0.0267,0.0558,1.5,1314
gnss_raw.txt,2437,380165.600,FINESTEERING,SOL_COMPUTED,NARROW_INT,29,28,0.0272,0.0563,1.6,1314
gnss_raw.txt,2437,380165.700,FINESTEERING,SOL_COMPUTED,NARROW_INT,29,28,0.0276,0.0567,1.7,1314
gnss_raw.txt,2437,380165.800,FINESTEERING,SOL_COMPUTED,NARROW_INT,29,28,0.028,0.0572,0.8,1314
gnss_raw.txt,2437,380165.900,FINESTEERING,SOL_COMPUTED,NARROW_INT,29,28,0.0284,0.0575,0.9,1314
gnss_raw.txt,2437,380166.000,FINESTEERING,SOL_COMPUTED,NARROW_INT,29,28,0.0228,0.0525,1.0,1314
gnss_raw.txt,2437,380166.100,FINESTEERING,SOL_COMPUTED,NARROW_INT,29,28,0.0233,0.053,1.1,1314
gnss_raw.txt,2437,380166.200,FINESTEERING,SOL_COMPUTED,NARROW_INT,29,28,0.0238,0.0534,1.2,1314
gnss_raw.txt,2437,380166.300,FINESTEERING,SOL_COMPUTED,NARROW_INT,29,28,0.0246,0.054,1.3,1314
gnss_raw.txt,2437,380166.400,FINESTEERING,SOL_COMPUTED,NARROW_INT,29,28,0.0251,0.0545,1.4,1314
gnss_raw.txt,2437,380166.500,FINESTEERING,SOL_COMPUTED,NARROW_INT,29,28,0.0257,0.055,1.5,1314
gnss_raw.txt,2437,380166.600,FINESTEERING,SOL_COMPUTED,NARROW_INT,29,28,0.0261,0.0555,1.6,1314
gnss_raw.txt,2437,380166.700,FINESTEERING,SOL_COMPUTED,NARROW_INT,29,28,0.0265,0.0559,1.7,1314
gnss_raw.txt,2437,380166.800,FINESTEERING,SOL_COMPUTED,NARROW_INT,29,28,0.027,0.0563,0.8,1314
gnss_raw.txt,2437,380166.900,FINESTEERING,SOL_COMPUTED,NARROW_INT,29,28,0.0274,0.0567,0.9,1314
gnss_raw.txt,2437,380167.000,FINESTEERING,SOL_COMPUTED,NARROW_INT,29,28,0.0236,0.0517,1.0,1314
gnss_raw.txt,2437,380167.100,FINESTEERING,SOL_COMPUTED,NARROW_INT,29,28,0.0247,0.0525,1.1,1314
gnss_raw.txt,2437,380167.200,FINESTEERING,SOL_COMPUTED,NARROW_INT,29,28,0.0255,0.0531,1.2,1314
gnss_raw.txt,2437,380167.300,FINESTEERING,SOL_COMPUTED,NARROW_INT,29,28,0.0265,0.0539,1.3,1314
gnss_raw.txt,2437,380167.400,FINESTEERING,SOL_COMPUTED,NARROW_INT,29,28,0.0274,0.0546,1.4,1314
gnss_raw.txt,2437,380167.500,FINESTEERING,SOL_COMPUTED,NARROW_INT,29,28,0.0279,0.0551,1.5,1314
gnss_raw.txt,2437,380167.600,FINESTEERING,SOL_COMPUTED,NARROW_INT,29,28,0.0283,0.0556,1.6,1314
gnss_raw.txt,2437,380167.700,FINESTEERING,SOL_COMPUTED,NARROW_INT,29,28,0.0288,0.056,1.7,1314
gnss_raw.txt,2437,380167.800,FINESTEERING,SOL_COMPUTED,NARROW_INT,29,28,0.0299,0.0568,0.8,1314
gnss_raw.txt,2437,380167.900,FINESTEERING,SOL_COMPUTED,NARROW_INT,29,28,0.0303,0.0573,0.9,1314
gnss_raw.txt,2437,380168.000,FINESTEERING,SOL_COMPUTED,NARROW_INT,29,28,0.0255,0.0528,1.0,1314
gnss_raw.txt,2437,380168.100,FINESTEERING,SOL_COMPUTED,NARROW_INT,29,28,0.0263,0.0535,1.1,1314
gnss_raw.txt,2437,380168.200,FINESTEERING,SOL_COMPUTED,NARROW_INT,29,28,0.027,0.0541,1.2,1314
gnss_raw.txt,2437,380168.300,FINESTEERING,SOL_COMPUTED,NARROW_INT,29,28,0.0276,0.0547,1.3,1314
gnss_raw.txt,2437,380168.400,FINESTEERING,SOL_COMPUTED,NARROW_INT,29,28,0.0281,0.0552,1.4,1314
gnss_raw.txt,2437,380168.500,FINESTEERING,SOL_COMPUTED,NARROW_INT,29,28,0.0285,0.0556,1.5,1314
gnss_raw.txt,2437,380168.600,FINESTEERING,SOL_COMPUTED,NARROW_INT,29,28,0.029,0.0561,1.6,1314
gnss_raw.txt,2437,380168.700,FINESTEERING,SOL_COMPUTED,NARROW_INT,29,28,0.0294,0.0565,0.7,1314
gnss_raw.txt,2437,380168.800,FINESTEERING,SOL_COMPUTED,NARROW_INT,29,28,0.0297,0.0569,0.8,1314
gnss_raw.txt,2437,380168.900,FINESTEERING,SOL_COMPUTED,NARROW_INT,29,28,0.0301,0.0573,0.9,1314
gnss_raw.txt,2437,380169.000,FINESTEERING,SOL_COMPUTED,NARROW_INT,29,28,0.023,0.0507,1.0,1314
gnss_raw.txt,2437,380169.100,FINESTEERING,SOL_COMPUTED,NARROW_INT,29,28,0.0241,0.0514,1.1,1314
gnss_raw.txt,2437,380169.200,FINESTEERING,SOL_COMPUTED,NARROW_INT,29,28,0.025,0.0522,1.2,1314
gnss_raw.txt,2437,380169.300,FINESTEERING,SOL_COMPUTED,NARROW_INT,29,28,0.0256,0.0527,1.3,1314
gnss_raw.txt,2437,380169.400,FINESTEERING,SOL_COMPUTED,NARROW_INT,29,28,0.0264,0.0534,1.4,1314
gnss_raw.txt,2437,380169.500,FINESTEERING,SOL_COMPUTED,NARROW_INT,29,28,0.027,0.054,1.5,1314
gnss_raw.txt,2437,380169.600,FINESTEERING,SOL_COMPUTED,NARROW_INT,29,28,0.0275,0.0545,1.6,1314
gnss_raw.txt,2437,380169.700,FINESTEERING,SOL_COMPUTED,NARROW_INT,29,28,0.028,0.055,1.7,1314
gnss_raw.txt,2437,380169.800,FINESTEERING,SOL_COMPUTED,NARROW_INT,29,28,0.0285,0.0555,1.8,1314
gnss_raw.txt,2437,380169.900,FINESTEERING,SOL_COMPUTED,NARROW_INT,29,28,0.0291,0.056,0.9,1314
gnss_raw.txt,2437,380170.000,FINESTEERING,SOL_COMPUTED,NARROW_INT,29,28,0.0239,0.0507,1.0,1314
gnss_raw.txt,2437,380170.100,FINESTEERING,SOL_COMPUTED,NARROW_INT,29,28,0.0244,0.0512,1.1,1314
gnss_raw.txt,2437,380170.200,FINESTEERING,SOL_COMPUTED,NARROW_INT,29,28,0.0248,0.0516,1.2,1314
gnss_raw.txt,2437,380170.300,FINESTEERING,SOL_COMPUTED,NARROW_INT,29,28,0.0252,0.0521,1.3,1314
gnss_raw.txt,2437,380170.400,FINESTEERING,SOL_COMPUTED,NARROW_INT,29,28,0.0259,0.0526,1.4,1314
gnss_raw.txt,2437,380170.500,FINESTEERING,SOL_COMPUTED,NARROW_INT,29,28,0.0263,0.0531,1.5,1314
gnss_raw.txt,2437,380170.600,FINESTEERING,SOL_COMPUTED,NARROW_INT,29,28,0.0268,0.0536,1.6,1314
gnss_raw.txt,2437,380170.700,FINESTEERING,SOL_COMPUTED,NARROW_INT,29,28,0.0272,0.054,1.7,1314
gnss_raw.txt,2437,380170.800,FINESTEERING,SOL_COMPUTED,NARROW_INT,29,28,0.0276,0.0544,1.8,1314
gnss_raw.txt,2437,380170.900,FINESTEERING,SOL_COMPUTED,NARROW_INT,29,28,0.028,0.0549,1.9,1314
gnss_raw.txt,2437,380171.000,FINESTEERING,SOL_COMPUTED,NARROW_INT,29,28,0.0228,0.052,1.0,1314
gnss_raw.txt,2437,380171.100,FINESTEERING,SOL_COMPUTED,NARROW_INT,29,28,0.0234,0.0526,1.1,1314
gnss_raw.txt,2437,380171.200,FINESTEERING,SOL_COMPUTED,NARROW_INT,29,28,0.024,0.0531,1.2,1314
gnss_raw.txt,2437,380171.300,FINESTEERING,SOL_COMPUTED,NARROW_INT,29,28,0.0244,0.0535,1.3,1314
gnss_raw.txt,2437,380171.400,FINESTEERING,SOL_COMPUTED,NARROW_INT,29,28,0.0252,0.0541,1.4,1314
gnss_raw.txt,2437,380171.500,FINESTEERING,SOL_COMPUTED,NARROW_INT,29,28,0.0259,0.0547,1.5,1314
gnss_raw.txt,2437,380171.600,FINESTEERING,SOL_COMPUTED,NARROW_INT,29,28,0.0265,0.0552,1.6,1314
gnss_raw.txt,2437,380171.700,FINESTEERING,SOL_COMPUTED,NARROW_INT,29,28,0.0269,0.0556,1.7,1314
gnss_raw.txt,2437,380171.800,FINESTEERING,SOL_COMPUTED,NARROW_INT,29,28,0.0273,0.056,0.8,1314
gnss_raw.txt,2437,380171.900,FINESTEERING,SOL_COMPUTED,NARROW_INT,29,28,0.0277,0.0565,0.9,1314
gnss_raw.txt,2437,380172.000,FINESTEERING,SOL_COMPUTED,NARROW_INT,29,28,0.0228,0.0514,1.0,1314
gnss_raw.txt,2437,380172.100,FINESTEERING,SOL_COMPUTED,NARROW_INT,29,28,0.0234,0.0519,1.1,1314
gnss_raw.txt,2437,380172.200,FINESTEERING,SOL_COMPUTED,NARROW_INT,29,28,0.0242,0.0525,1.2,1314
gnss_raw.txt,2437,380172.300,FINESTEERING,SOL_COMPUTED,NARROW_INT,29,28,0.0247,0.053,1.3,1314
gnss_raw.txt,2437,380172.400,FINESTEERING,SOL_COMPUTED,NARROW_INT,29,28,0.0251,0.0534,1.4,1314
gnss_raw.txt,2437,380172.500,FINESTEERING,SOL_COMPUTED,NARROW_INT,29,28,0.0255,0.0538,1.5,1314
gnss_raw.txt,2437,380172.600,FINESTEERING,SOL_COMPUTED,NARROW_INT,29,28,0.0258,0.0542,1.6,1314
gnss_raw.txt,2437,380172.700,FINESTEERING,SOL_COMPUTED,NARROW_INT,29,28,0.0264,0.0547,0.7,1314
gnss_raw.txt,2437,380172.800,FINESTEERING,SOL_COMPUTED,NARROW_INT,29,28,0.0267,0.0551,0.8,1314
gnss_raw.txt,2437,380172.900,FINESTEERING,SOL_COMPUTED,NARROW_INT,29,28,0.0273,0.0556,0.9,1314
gnss_raw.txt,2437,380173.000,FINESTEERING,SOL_COMPUTED,NARROW_INT,29,28,0.0228,0.0511,1.0,1314
gnss_raw.txt,2437,380173.100,FINESTEERING,SOL_COMPUTED,NARROW_INT,29,28,0.0234,0.0516,1.1,1314
gnss_raw.txt,2437,380173.200,FINESTEERING,SOL_COMPUTED,NARROW_INT,29,28,0.0241,0.0522,1.2,1314
gnss_raw.txt,2437,380173.300,FINESTEERING,SOL_COMPUTED,NARROW_INT,29,28,0.0247,0.0528,1.3,1314
gnss_raw.txt,2437,380173.400,FINESTEERING,SOL_COMPUTED,NARROW_INT,29,28,0.0252,0.0533,1.4,1314
gnss_raw.txt,2437,380173.500,FINESTEERING,SOL_COMPUTED,NARROW_INT,29,28,0.0259,0.0538,1.5,1314
gnss_raw.txt,2437,380173.600,FINESTEERING,SOL_COMPUTED,NARROW_INT,29,28,0.0265,0.0544,1.6,1314
gnss_raw.txt,2437,380173.700,FINESTEERING,SOL_COMPUTED,NARROW_INT,29,28,0.0269,0.0548,1.7,1314
gnss_raw.txt,2437,380173.800,FINESTEERING,SOL_COMPUTED,NARROW_INT,29,28,0.0272,0.0551,1.8,1314
gnss_raw.txt,2437,380173.900,FINESTEERING,SOL_COMPUTED,NARROW_INT,29,28,0.0277,0.0556,0.9,1314
gnss_raw.txt,2437,380174.000,FINESTEERING,SOL_COMPUTED,NARROW_INT,29,28,0.0228,0.0492,1.0,1314
gnss_raw.txt,2437,380174.100,FINESTEERING,SOL_COMPUTED,NARROW_INT,29,28,0.0231,0.0496,1.1,1314
gnss_raw.txt,2437,380174.200,FINESTEERING,SOL_COMPUTED,NARROW_INT,29,28,0.0235,0.0501,1.2,1314
gnss_raw.txt,2437,380174.300,FINESTEERING,SOL_COMPUTED,NARROW_INT,29,28,0.024,0.0505,1.3,1314
gnss_raw.txt,2437,380174.400,FINESTEERING,SOL_COMPUTED,NARROW_INT,29,28,0.0246,0.0511,1.4,1314
gnss_raw.txt,2437,380174.500,FINESTEERING,SOL_COMPUTED,NARROW_INT,29,28,0.0271,0.0526,1.5,1314
gnss_raw.txt,2437,380174.600,FINESTEERING,SOL_COMPUTED,NARROW_INT,29,28,0.0288,0.054,1.6,1314
gnss_raw.txt,2437,380174.700,FINESTEERING,SOL_COMPUTED,NARROW_INT,29,28,0.0306,0.0554,1.7,1314
gnss_raw.txt,2437,380174.800,FINESTEERING,SOL_COMPUTED,NARROW_INT,29,28,0.0313,0.0562,0.8,1314
gnss_raw.txt,2437,380174.900,FINESTEERING,SOL_COMPUTED,NARROW_INT,29,28,0.0353,0.0586,0.9,1314
gnss_raw.txt,2437,380175.000,FINESTEERING,SOL_COMPUTED,NARROW_INT,29,28,0.0355,0.0575,1.0,1314
gnss_raw.txt,2437,380175.100,FINESTEERING,SOL_COMPUTED,NARROW_INT,29,28,0.0361,0.0585,1.1,1314
gnss_raw.txt,2437,380175.200,FINESTEERING,SOL_COMPUTED,NARROW_INT,29,28,0.0371,0.0595,1.2,1314
gnss_raw.txt,2437,380175.300,FINESTEERING,SOL_COMPUTED,NARROW_INT,29,28,0.0389,0.061,1.3,1314
gnss_raw.txt,2437,380175.400,FINESTEERING,SOL_COMPUTED,NARROW_INT,29,28,0.0404,0.0622,1.4,1314
gnss_raw.txt,2437,380175.500,FINESTEERING,SOL_COMPUTED,NARROW_INT,29,28,0.0419,0.0639,1.5,1314
gnss_raw.txt,2437,380175.600,FINESTEERING,SOL_COMPUTED,NARROW_INT,29,28,0.0429,0.0649,1.6,1314
gnss_raw.txt,2437,380175.700,FINESTEERING,SOL_COMPUTED,NARROW_INT,29,28,0.0441,0.0661,1.7,1314
gnss_raw.txt,2437,380175.800,FINESTEERING,SOL_COMPUTED,NARROW_INT,29,28,0.0458,0.0675,1.8,1314
gnss_raw.txt,2437,380175.900,FINESTEERING,SOL_COMPUTED,NARROW_INT,29,28,0.048,0.0693,1.9,1314
gnss_raw.txt,2437,380176.000,FINESTEERING,SOL_COMPUTED,NARROW_INT,29,28,0.0407,0.0697,1.0,1314
gnss_raw.txt,2437,380176.100,FINESTEERING,SOL_COMPUTED,NARROW_INT,29,28,0.0417,0.0708,1.1,1314
gnss_raw.txt,2437,380176.200,FINESTEERING,SOL_COMPUTED,NARROW_INT,29,28,0.0429,0.0718,1.2,1314
gnss_raw.txt,2437,380176.300,FINESTEERING,SOL_COMPUTED,NARROW_INT,29,28,0.0436,0.0727,1.3,1314
gnss_raw.txt,2437,380176.400,FINESTEERING,SOL_COMPUTED,NARROW_INT,29,28,0.045,0.074,1.4,1314
gnss_raw.txt,2437,380176.500,FINESTEERING,SOL_COMPUTED,NARROW_INT,29,28,0.0463,0.0752,1.5,1314
gnss_raw.txt,2437,380176.600,FINESTEERING,SOL_COMPUTED,NARROW_INT,29,28,0.0472,0.0761,1.6,1314
gnss_raw.txt,2437,380176.700,FINESTEERING,SOL_COMPUTED,NARROW_INT,29,28,0.048,0.077,1.7,1314
gnss_raw.txt,2437,380176.800,FINESTEERING,SOL_COMPUTED,NARROW_INT,29,28,0.0495,0.0782,1.8,1314
gnss_raw.txt,2437,380176.900,FINESTEERING,SOL_COMPUTED,NARROW_INT,29,28,0.0514,0.0799,1.9,1314
gnss_raw.txt,2437,380177.000,FINESTEERING,SOL_COMPUTED,NARROW_INT,29,28,0.0378,0.0623,2.0,1314
gnss_raw.txt,2437,380177.100,FINESTEERING,SOL_COMPUTED,NARROW_INT,29,28,0.0393,0.064,1.1,1314
gnss_raw.txt,2437,380177.200,FINESTEERING,SOL_COMPUTED,NARROW_INT,29,28,0.0404,0.0651,1.2,1314
gnss_raw.txt,2437,380177.300,FINESTEERING,SOL_COMPUTED,NARROW_INT,29,28,0.0423,0.0666,1.3,1314
gnss_raw.txt,2437,380177.400,FINESTEERING,SOL_COMPUTED,NARROW_INT,29,28,0.0438,0.068,1.4,1314
gnss_raw.txt,2437,380177.500,FINESTEERING,SOL_COMPUTED,NARROW_INT,29,28,0.0444,0.0687,1.5,1314
gnss_raw.txt,2437,380177.600,FINESTEERING,SOL_COMPUTED,NARROW_INT,29,28,0.0452,0.0695,1.6,1314
gnss_raw.txt,2437,380177.700,FINESTEERING,SOL_COMPUTED,NARROW_INT,29,28,0.0465,0.0705,1.7,1314
gnss_raw.txt,2437,380177.800,FINESTEERING,SOL_COMPUTED,NARROW_INT,29,28,0.0483,0.0723,1.8,1314
gnss_raw.txt,2437,380177.900,FINESTEERING,SOL_COMPUTED,NARROW_INT,29,28,0.0494,0.0732,0.9,1314
gnss_raw.txt,2437,380178.000,FINESTEERING,SOL_COMPUTED,NARROW_INT,29,28,0.0379,0.0677,1.0,1314
gnss_raw.txt,2437,380178.100,FINESTEERING,SOL_COMPUTED,NARROW_INT,29,28,0.0398,0.069,1.1,1314
gnss_raw.txt,2437,380178.200,FINESTEERING,SOL_COMPUTED,NARROW_INT,29,28,0.0406,0.0698,1.2,1314
gnss_raw.txt,2437,380178.300,FINESTEERING,SOL_COMPUTED,NARROW_INT,28,27,0.0418,0.0706,1.3,1314
gnss_raw.txt,2437,380178.400,FINESTEERING,SOL_COMPUTED,NARROW_INT,28,27,0.0432,0.0717,1.4,1314
gnss_raw.txt,2437,380178.500,FINESTEERING,SOL_COMPUTED,NARROW_INT,28,27,0.044,0.0724,1.5,1314
gnss_raw.txt,2437,380178.600,FINESTEERING,SOL_COMPUTED,NARROW_INT,29,28,0.0448,0.0732,1.6,1314
gnss_raw.txt,2437,380178.700,FINESTEERING,SOL_COMPUTED,NARROW_INT,29,28,0.0455,0.0738,1.7,1314
gnss_raw.txt,2437,380178.800,FINESTEERING,SOL_COMPUTED,NARROW_INT,29,28,0.047,0.0749,1.8,1314
gnss_raw.txt,2437,380178.900,FINESTEERING,SOL_COMPUTED,NARROW_INT,29,28,0.0486,0.0764,0.9,1314
gnss_raw.txt,2437,380179.000,FINESTEERING,SOL_COMPUTED,NARROW_INT,29,28,0.0358,0.0597,1.0,1314
gnss_raw.txt,2437,380179.100,FINESTEERING,SOL_COMPUTED,NARROW_INT,29,28,0.0372,0.0609,1.1,1314
gnss_raw.txt,2437,380179.200,FINESTEERING,SOL_COMPUTED,NARROW_INT,29,28,0.0391,0.0623,1.2,1314
gnss_raw.txt,2437,380179.300,FINESTEERING,SOL_COMPUTED,NARROW_INT,29,28,0.0404,0.0634,1.3,1314
gnss_raw.txt,2437,380179.400,FINESTEERING,SOL_COMPUTED,NARROW_INT,29,28,0.0426,0.0651,1.4,1314
gnss_raw.txt,2437,380179.500,FINESTEERING,SOL_COMPUTED,NARROW_INT,29,28,0.0438,0.0662,1.5,1314
gnss_raw.txt,2437,380179.600,FINESTEERING,SOL_COMPUTED,NARROW_INT,29,28,0.0446,0.067,1.6,1314
gnss_raw.txt,2437,380179.700,FINESTEERING,SOL_COMPUTED,NARROW_INT,29,28,0.0458,0.0681,1.7,1314
gnss_raw.txt,2437,380179.800,FINESTEERING,SOL_COMPUTED,NARROW_INT,29,28,0.0467,0.069,0.8,1314
gnss_raw.txt,2437,380179.900,FINESTEERING,SOL_COMPUTED,NARROW_INT,29,28,0.0477,0.0698,0.9,1314
gnss_raw.txt,2437,380180.000,FINESTEERING,SOL_COMPUTED,NARROW_INT,29,28,0.038,0.0582,1.0,1314
gnss_raw.txt,2437,380180.100,FINESTEERING,SOL_COMPUTED,NARROW_INT,29,28,0.0404,0.0603,1.1,1314
gnss_raw.txt,2437,380180.200,FINESTEERING,SOL_COMPUTED,NARROW_INT,29,28,0.0417,0.0618,1.2,1314
gnss_raw.txt,2437,380180.300,FINESTEERING,SOL_COMPUTED,NARROW_INT,29,28,0.0424,0.0625,1.3,1314
gnss_raw.txt,2437,380180.400,FINESTEERING,SOL_COMPUTED,NARROW_INT,29,28,0.0439,0.0638,1.4,1314
gnss_raw.txt,2437,380180.500,FINESTEERING,SOL_COMPUTED,NARROW_INT,29,28,0.0448,0.0647,1.5,1314
gnss_raw.txt,2437,380180.600,FINESTEERING,SOL_COMPUTED,NARROW_INT,29,28,0.0457,0.0656,1.6,1314
gnss_raw.txt,2437,380180.700,FINESTEERING,SOL_COMPUTED,NARROW_INT,29,28,0.0471,0.0668,1.7,1314
gnss_raw.txt,2437,380180.800,FINESTEERING,SOL_COMPUTED,NARROW_INT,29,28,0.0489,0.0683,1.8,1314
gnss_raw.txt,2437,380180.900,FINESTEERING,SOL_COMPUTED,NARROW_INT,29,28,0.0501,0.0694,1.9,1314
gnss_raw.txt,2437,380181.000,FINESTEERING,SOL_COMPUTED,NARROW_INT,29,28,0.0395,0.0607,1.0,1314
gnss_raw.txt,2437,380181.100,FINESTEERING,SOL_COMPUTED,NARROW_INT,29,28,0.0408,0.0618,1.1,1314
gnss_raw.txt,2437,380181.200,FINESTEERING,SOL_COMPUTED,NARROW_INT,29,28,0.0415,0.0625,1.2,1314
gnss_raw.txt,2437,380181.300,FINESTEERING,SOL_COMPUTED,NARROW_INT,29,28,0.0433,0.0639,1.3,1314
gnss_raw.txt,2437,380181.400,FINESTEERING,SOL_COMPUTED,NARROW_INT,29,28,0.0443,0.065,1.4,1314
gnss_raw.txt,2437,380181.500,FINESTEERING,SOL_COMPUTED,NARROW_INT,29,28,0.0453,0.0661,1.5,1314
gnss_raw.txt,2437,380181.600,FINESTEERING,SOL_COMPUTED,NARROW_INT,29,28,0.047,0.0677,1.6,1314
gnss_raw.txt,2437,380181.700,FINESTEERING,SOL_COMPUTED,NARROW_INT,29,28,0.0479,0.0688,1.7,1314
gnss_raw.txt,2437,380181.800,FINESTEERING,SOL_COMPUTED,NARROW_INT,29,28,0.0505,0.0711,1.8,1314
gnss_raw.txt,2437,380181.900,FINESTEERING,SOL_COMPUTED,NARROW_INT,29,28,0.0515,0.0724,0.9,1314
gnss_raw.txt,2437,380182.000,FINESTEERING,SOL_COMPUTED,NARROW_INT,29,28,0.0397,0.0607,1.0,1314
gnss_raw.txt,2437,380182.100,FINESTEERING,SOL_COMPUTED,NARROW_INT,29,28,0.0416,0.0624,1.1,1314
gnss_raw.txt,2437,380182.200,FINESTEERING,SOL_COMPUTED,NARROW_INT,29,28,0.043,0.0639,1.2,1314
gnss_raw.txt,2437,380182.300,FINESTEERING,SOL_COMPUTED,NARROW_INT,29,28,0.047,0.0672,1.3,1314
gnss_raw.txt,2437,380182.400,FINESTEERING,SOL_COMPUTED,NARROW_INT,29,28,0.0536,0.0727,1.4,1314
gnss_raw.txt,2437,380182.500,FINESTEERING,SOL_COMPUTED,NARROW_INT,29,28,0.0557,0.0764,1.5,1314
gnss_raw.txt,2437,380182.600,FINESTEERING,SOL_COMPUTED,NARROW_INT,29,28,0.0567,0.0776,1.6,1314
gnss_raw.txt,2437,380182.700,FINESTEERING,SOL_COMPUTED,NARROW_INT,29,28,0.0577,0.0788,1.7,1314
gnss_raw.txt,2437,380182.800,FINESTEERING,SOL_COMPUTED,NARROW_INT,29,28,0.0591,0.0801,1.8,1314
gnss_raw.txt,2437,380182.900,FINESTEERING,SOL_COMPUTED,NARROW_INT,29,28,0.061,0.0818,0.9,1314
gnss_raw.txt,2437,380183.000,FINESTEERING,SOL_COMPUTED,NARROW_INT,29,28,0.0517,0.0783,1.0,1314
gnss_raw.txt,2437,380183.100,FINESTEERING,SOL_COMPUTED,NARROW_INT,29,28,0.0526,0.0793,1.1,1314
gnss_raw.txt,2437,380183.200,FINESTEERING,SOL_COMPUTED,NARROW_INT,29,28,0.0532,0.0799,1.2,1314
gnss_raw.txt,2437,380183.300,FINESTEERING,SOL_COMPUTED,NARROW_INT,29,28,0.0544,0.0809,1.3,1314
gnss_raw.txt,2437,380183.400,FINESTEERING,SOL_COMPUTED,NARROW_INT,29,28,0.0556,0.0819,1.4,1314
gnss_raw.txt,2437,380183.500,FINESTEERING,SOL_COMPUTED,NARROW_INT,29,28,0.0567,0.083,1.5,1314
gnss_raw.txt,2437,380183.600,FINESTEERING,SOL_COMPUTED,NARROW_INT,29,28,0.0574,0.0836,1.6,1314
gnss_raw.txt,2437,380183.700,FINESTEERING,SOL_COMPUTED,NARROW_INT,29,28,0.0588,0.0848,1.7,1314
gnss_raw.txt,2437,380183.800,FINESTEERING,SOL_COMPUTED,NARROW_INT,29,28,0.0598,0.0858,1.8,1314
gnss_raw.txt,2437,380183.900,FINESTEERING,SOL_COMPUTED,NARROW_INT,29,28,0.063,0.0883,0.9,1314
gnss_raw.txt,2437,380184.000,FINESTEERING,SOL_COMPUTED,NARROW_INT,29,28,0.0419,0.0637,1.0,1314
gnss_raw.txt,2437,380184.100,FINESTEERING,SOL_COMPUTED,NARROW_INT,29,28,0.0441,0.0655,1.1,1314
gnss_raw.txt,2437,380184.200,FINESTEERING,SOL_COMPUTED,NARROW_INT,29,28,0.0462,0.0672,1.2,1314
gnss_raw.txt,2437,380184.300,FINESTEERING,SOL_COMPUTED,NARROW_INT,29,28,0.0479,0.0687,1.3,1314
gnss_raw.txt,2437,380184.400,FINESTEERING,SOL_COMPUTED,NARROW_INT,29,28,0.0496,0.0701,1.4,1314
gnss_raw.txt,2437,380184.500,FINESTEERING,SOL_COMPUTED,NARROW_INT,29,28,0.0517,0.0719,1.5,1314
gnss_raw.txt,2437,380184.600,FINESTEERING,SOL_COMPUTED,NARROW_INT,29,28,0.0538,0.0737,1.6,1314
gnss_raw.txt,2437,380184.700,FINESTEERING,SOL_COMPUTED,NARROW_INT,29,28,0.0546,0.0746,1.7,1314
gnss_raw.txt,2437,380184.800,FINESTEERING,SOL_COMPUTED,NARROW_INT,29,28,0.0555,0.0754,1.8,1314
gnss_raw.txt,2437,380184.900,FINESTEERING,SOL_COMPUTED,NARROW_INT,29,28,0.0566,0.0765,0.9,1314
gnss_raw.txt,2437,380185.000,FINESTEERING,SOL_COMPUTED,NARROW_INT,29,28,0.0463,0.0737,1.0,1314
gnss_raw.txt,2437,380185.100,FINESTEERING,SOL_COMPUTED,NARROW_INT,29,28,0.0477,0.0749,1.1,1314
gnss_raw.txt,2437,380185.200,FINESTEERING,SOL_COMPUTED,NARROW_INT,29,28,0.049,0.076,1.2,1314
gnss_raw.txt,2437,380185.300,FINESTEERING,SOL_COMPUTED,NARROW_INT,29,28,0.0511,0.0776,1.3,1314
gnss_raw.txt,2437,380185.400,FINESTEERING,SOL_COMPUTED,NARROW_INT,29,28,0.053,0.0792,1.4,1314
gnss_raw.txt,2437,380185.500,FINESTEERING,SOL_COMPUTED,NARROW_INT,29,28,0.0542,0.0805,1.5,1314
gnss_raw.txt,2437,380185.600,FINESTEERING,SOL_COMPUTED,NARROW_INT,29,28,0.0556,0.0818,1.6,1314
gnss_raw.txt,2437,380185.700,FINESTEERING,SOL_COMPUTED,NARROW_INT,29,28,0.057,0.0832,1.7,1314
gnss_raw.txt,2437,380185.800,FINESTEERING,SOL_COMPUTED,NARROW_INT,29,28,0.0583,0.0845,1.8,1314
gnss_raw.txt,2437,380185.900,FINESTEERING,SOL_COMPUTED,NARROW_INT,29,28,0.0601,0.086,1.9,1314
gnss_raw.txt,2437,380186.000,FINESTEERING,SOL_COMPUTED,NARROW_INT,29,28,0.0609,0.0868,1.0,1314
gnss_raw.txt,2437,380186.100,FINESTEERING,SOL_COMPUTED,NARROW_INT,29,28,0.0625,0.0881,1.1,1314
gnss_raw.txt,2437,380186.200,FINESTEERING,SOL_COMPUTED,NARROW_INT,29,28,0.0638,0.0893,1.2,1314
gnss_raw.txt,2437,380186.300,FINESTEERING,SOL_COMPUTED,NARROW_INT,29,28,0.0646,0.09,1.3,1314
gnss_raw.txt,2437,380186.400,FINESTEERING,SOL_COMPUTED,NARROW_INT,29,28,0.0657,0.091,1.4,1314
gnss_raw.txt,2437,380186.500,FINESTEERING,SOL_COMPUTED,NARROW_INT,29,28,0.0664,0.0918,1.5,1314
gnss_raw.txt,2437,380186.600,FINESTEERING,SOL_COMPUTED,NARROW_INT,29,28,0.0671,0.0926,1.6,1314
gnss_raw.txt,2437,380186.700,FINESTEERING,SOL_COMPUTED,NARROW_INT,29,28,0.0677,0.0933,0.7,1314
gnss_raw.txt,2437,380186.800,FINESTEERING,SOL_COMPUTED,NARROW_INT,29,28,0.0685,0.094,0.8,1314
gnss_raw.txt,2437,380186.900,FINESTEERING,SOL_COMPUTED,NARROW_INT,29,28,0.0692,0.0947,0.9,1314
gnss_raw.txt,2437,380187.000,FINESTEERING,SOL_COMPUTED,NARROW_INT,29,28,0.0706,0.0959,1.0,1314
gnss_raw.txt,2437,380187.100,FINESTEERING,SOL_COMPUTED,NARROW_INT,29,28,0.0716,0.0969,1.1,1314
gnss_raw.txt,2437,380187.200,FINESTEERING,SOL_COMPUTED,NARROW_INT,29,28,0.0736,0.0989,1.2,1314
gnss_raw.txt,2437,380187.300,FINESTEERING,SOL_COMPUTED,NARROW_INT,29,28,0.0743,0.0998,1.3,1314
gnss_raw.txt,2437,380187.400,FINESTEERING,SOL_COMPUTED,NARROW_INT,29,28,0.075,0.1005,1.4,1314
gnss_raw.txt,2437,380187.500,FINESTEERING,SOL_COMPUTED,NARROW_INT,29,28,0.0758,0.1013,1.5,1314
gnss_raw.txt,2437,380187.600,FINESTEERING,SOL_COMPUTED,NARROW_INT,29,28,0.077,0.1025,1.6,1314
gnss_raw.txt,2437,380187.700,FINESTEERING,SOL_COMPUTED,NARROW_INT,29,28,0.0778,0.1036,1.7,1314
gnss_raw.txt,2437,380187.800,FINESTEERING,SOL_COMPUTED,NARROW_INT,29,28,0.0783,0.1041,0.8,1314
gnss_raw.txt,2437,380187.900,FINESTEERING,SOL_COMPUTED,NARROW_INT,29,28,0.0787,0.1046,0.9,1314
gnss_raw.txt,2437,380188.000,FINESTEERING,SOL_COMPUTED,NARROW_INT,29,28,0.08,0.1058,1.0,1314
gnss_raw.txt,2437,380188.100,FINESTEERING,SOL_COMPUTED,NARROW_FLOAT,29,28,3.3606,7.183,1.1,1314
gnss_raw.txt,2437,380188.200,FINESTEERING,SOL_COMPUTED,NARROW_FLOAT,29,28,3.3606,7.1831,1.2,1314
gnss_raw.txt,2437,380188.300,FINESTEERING,SOL_COMPUTED,NARROW_FLOAT,29,28,3.3606,7.1831,1.3,1314
gnss_raw.txt,2437,380188.400,FINESTEERING,SOL_COMPUTED,NARROW_FLOAT,29,28,3.3606,7.1831,1.4,1314
gnss_raw.txt,2437,380188.500,FINESTEERING,SOL_COMPUTED,NARROW_FLOAT,29,28,3.3607,7.1831,1.5,1314
gnss_raw.txt,2437,380188.600,FINESTEERING,SOL_COMPUTED,NARROW_FLOAT,29,28,3.3607,7.1831,1.6,1314
gnss_raw.txt,2437,380188.700,FINESTEERING,SOL_COMPUTED,NARROW_FLOAT,29,28,3.3607,7.1831,1.7,1314
gnss_raw.txt,2437,380188.800,FINESTEERING,SOL_COMPUTED,NARROW_FLOAT,29,28,3.3607,7.1831,1.8,1314
gnss_raw.txt,2437,380188.900,FINESTEERING,SOL_COMPUTED,NARROW_FLOAT,29,28,3.3607,7.1831,1.9,1314
gnss_raw.txt,2437,380189.000,FINESTEERING,SOL_COMPUTED,NARROW_FLOAT,29,28,2.5741,5.6273,1.0,1314
gnss_raw.txt,2437,380189.100,FINESTEERING,SOL_COMPUTED,NARROW_FLOAT,29,28,2.5741,5.6273,1.1,1314
gnss_raw.txt,2437,380189.200,FINESTEERING,SOL_COMPUTED,NARROW_FLOAT,29,28,2.5741,5.6273,1.2,1314
gnss_raw.txt,2437,380189.300,FINESTEERING,SOL_COMPUTED,NARROW_FLOAT,29,28,2.5742,5.6273,1.3,1314
gnss_raw.txt,2437,380189.400,FINESTEERING,SOL_COMPUTED,NARROW_FLOAT,29,28,2.5742,5.6273,1.4,1314
gnss_raw.txt,2437,380189.500,FINESTEERING,SOL_COMPUTED,NARROW_FLOAT,29,28,2.5742,5.6273,1.5,1314
gnss_raw.txt,2437,380189.600,FINESTEERING,SOL_COMPUTED,NARROW_FLOAT,29,28,2.5742,5.6274,1.6,1314
gnss_raw.txt,2437,380189.700,FINESTEERING,SOL_COMPUTED,NARROW_FLOAT,29,28,2.5742,5.6274,1.7,1314
gnss_raw.txt,2437,380189.800,FINESTEERING,SOL_COMPUTED,NARROW_FLOAT,29,28,2.5743,5.6274,1.8,1314
gnss_raw.txt,2437,380189.900,FINESTEERING,SOL_COMPUTED,NARROW_FLOAT,29,28,2.5743,5.6274,0.9,1314
gnss_raw.txt,2437,380190.000,FINESTEERING,SOL_COMPUTED,NARROW_FLOAT,29,28,2.3135,5.914,1.0,1314
gnss_raw.txt,2437,380190.100,FINESTEERING,SOL_COMPUTED,NARROW_FLOAT,29,28,2.3135,5.914,1.1,1314
gnss_raw.txt,2437,380190.200,FINESTEERING,SOL_COMPUTED,NARROW_FLOAT,29,28,2.3135,5.9141,1.2,1314
gnss_raw.txt,2437,380190.300,FINESTEERING,SOL_COMPUTED,NARROW_FLOAT,29,28,2.3136,5.9141,1.3,1314
gnss_raw.txt,2437,380190.400,FINESTEERING,SOL_COMPUTED,NARROW_FLOAT,29,28,2.3136,5.9141,1.4,1314
gnss_raw.txt,2437,380190.500,FINESTEERING,SOL_COMPUTED,NARROW_FLOAT,29,28,2.3136,5.9141,1.5,1314
gnss_raw.txt,2437,380190.600,FINESTEERING,SOL_COMPUTED,NARROW_FLOAT,29,28,2.3137,5.9141,1.6,1314
gnss_raw.txt,2437,380190.700,FINESTEERING,SOL_COMPUTED,NARROW_FLOAT,29,28,2.3137,5.9141,1.7,1314
gnss_raw.txt,2437,380190.800,FINESTEERING,SOL_COMPUTED,NARROW_FLOAT,29,28,2.3137,5.9141,1.8,1314
gnss_raw.txt,2437,380190.900,FINESTEERING,SOL_COMPUTED,NARROW_FLOAT,29,28,2.3137,5.9142,1.9,1314
gnss_raw.txt,2437,380191.000,FINESTEERING,SOL_COMPUTED,NARROW_FLOAT,29,28,2.0811,4.8114,1.0,1314
gnss_raw.txt,2437,380191.100,FINESTEERING,SOL_COMPUTED,NARROW_FLOAT,29,28,2.0812,4.8114,1.1,1314
gnss_raw.txt,2437,380191.200,FINESTEERING,SOL_COMPUTED,NARROW_FLOAT,29,28,2.0812,4.8114,1.2,1314
gnss_raw.txt,2437,380191.300,FINESTEERING,SOL_COMPUTED,NARROW_FLOAT,29,28,2.0812,4.8114,1.3,1314
gnss_raw.txt,2437,380191.400,FINESTEERING,SOL_COMPUTED,NARROW_FLOAT,29,28,2.0813,4.8114,1.4,1314
gnss_raw.txt,2437,380191.500,FINESTEERING,SOL_COMPUTED,NARROW_FLOAT,29,28,2.0813,4.8115,1.5,1314
gnss_raw.txt,2437,380191.600,FINESTEERING,SOL_COMPUTED,NARROW_FLOAT,29,28,2.0813,4.8115,1.6,1314
gnss_raw.txt,2437,380191.700,FINESTEERING,SOL_COMPUTED,NARROW_FLOAT,29,28,2.0814,4.8115,1.7,1314
gnss_raw.txt,2437,380191.800,FINESTEERING,SOL_COMPUTED,NARROW_FLOAT,29,28,2.0814,4.8115,0.8,1314
gnss_raw.txt,2437,380191.900,FINESTEERING,SOL_COMPUTED,NARROW_FLOAT,29,28,2.0816,4.8116,0.9,1314
gnss_raw.txt,2437,380192.000,FINESTEERING,SOL_COMPUTED,NARROW_FLOAT,29,28,2.4871,5.7664,1.0,1314
gnss_raw.txt,2437,380192.100,FINESTEERING,SOL_COMPUTED,NARROW_FLOAT,29,28,2.4871,5.7664,1.1,1314
gnss_raw.txt,2437,380192.200,FINESTEERING,SOL_COMPUTED,NARROW_FLOAT,29,28,2.4872,5.7665,1.2,1314
gnss_raw.txt,2437,380192.300,FINESTEERING,SOL_COMPUTED,NARROW_FLOAT,29,28,2.4872,5.7665,1.3,1314
gnss_raw.txt,2437,380192.400,FINESTEERING,SOL_COMPUTED,NARROW_FLOAT,29,28,2.4872,5.7665,1.4,1314
gnss_raw.txt,2437,380192.500,FINESTEERING,SOL_COMPUTED,NARROW_FLOAT,29,28,2.4873,5.7665,1.5,1314
gnss_raw.txt,2437,380192.600,FINESTEERING,SOL_COMPUTED,NARROW_FLOAT,29,28,2.4873,5.7666,1.6,1314
gnss_raw.txt,2437,380192.700,FINESTEERING,SOL_COMPUTED,NARROW_FLOAT,29,28,2.4874,5.7666,0.7,1314
gnss_raw.txt,2437,380192.800,FINESTEERING,SOL_COMPUTED,NARROW_FLOAT,29,28,2.4874,5.7666,0.8,1314
gnss_raw.txt,2437,380192.900,FINESTEERING,SOL_COMPUTED,NARROW_FLOAT,29,28,2.4875,5.7666,0.9,1314
gnss_raw.txt,2437,380193.000,FINESTEERING,SOL_COMPUTED,NARROW_FLOAT,29,28,4.8745,11.8362,1.0,1314
gnss_raw.txt,2437,380193.100,FINESTEERING,SOL_COMPUTED,NARROW_FLOAT,29,28,4.8745,11.8362,1.1,1314
gnss_raw.txt,2437,380193.200,FINESTEERING,SOL_COMPUTED,NARROW_FLOAT,29,28,4.8745,11.8362,1.2,1314
gnss_raw.txt,2437,380193.300,FINESTEERING,SOL_COMPUTED,NARROW_FLOAT,29,28,4.8745,11.8362,1.3,1314
gnss_raw.txt,2437,380193.400,FINESTEERING,SOL_COMPUTED,NARROW_FLOAT,29,28,4.8745,11.8362,1.4,1314
gnss_raw.txt,2437,380193.500,FINESTEERING,SOL_COMPUTED,NARROW_FLOAT,29,28,4.8745,11.8362,1.5,1314
gnss_raw.txt,2437,380193.600,FINESTEERING,SOL_COMPUTED,NARROW_FLOAT,29,28,4.8745,11.8362,1.6,1314
gnss_raw.txt,2437,380193.700,FINESTEERING,SOL_COMPUTED,NARROW_FLOAT,29,28,4.8746,11.8362,1.7,1314
gnss_raw.txt,2437,380193.800,FINESTEERING,SOL_COMPUTED,NARROW_FLOAT,29,28,4.8746,11.8362,0.8,1314
gnss_raw.txt,2437,380193.900,FINESTEERING,SOL_COMPUTED,NARROW_FLOAT,29,28,4.8746,11.8363,0.9,1314
gnss_raw.txt,2437,380194.000,FINESTEERING,SOL_COMPUTED,NARROW_FLOAT,29,28,3.5439,8.5096,1.0,1314
gnss_raw.txt,2437,380194.100,FINESTEERING,SOL_COMPUTED,NARROW_FLOAT,29,28,3.5439,8.5096,1.1,1314
gnss_raw.txt,2437,380194.200,FINESTEERING,SOL_COMPUTED,NARROW_FLOAT,29,28,3.5439,8.5096,1.2,1314
gnss_raw.txt,2437,380194.300,FINESTEERING,SOL_COMPUTED,NARROW_FLOAT,29,28,3.544,8.5096,1.3,1314
gnss_raw.txt,2437,380194.400,FINESTEERING,SOL_COMPUTED,NARROW_FLOAT,28,27,3.544,8.5096,1.4,1314
gnss_raw.txt,2437,380194.500,FINESTEERING,SOL_COMPUTED,NARROW_FLOAT,28,27,3.544,8.5096,1.5,1314
gnss_raw.txt,2437,380194.600,FINESTEERING,SOL_COMPUTED,NARROW_FLOAT,28,27,3.544,8.5097,1.6,1314
gnss_raw.txt,2437,380194.700,FINESTEERING,SOL_COMPUTED,NARROW_FLOAT,28,27,3.5441,8.5097,1.7,1314
gnss_raw.txt,2437,380194.800,FINESTEERING,SOL_COMPUTED,NARROW_FLOAT,28,27,3.5441,8.5097,0.8,1314
gnss_raw.txt,2437,380194.900,FINESTEERING,SOL_COMPUTED,NARROW_FLOAT,28,27,3.5441,8.5097,0.9,1314
gnss_raw.txt,2437,380195.000,FINESTEERING,SOL_COMPUTED,NARROW_FLOAT,28,27,5.3727,13.4592,1.0,1314
gnss_raw.txt,2437,380195.100,FINESTEERING,SOL_COMPUTED,NARROW_FLOAT,28,27,5.3727,13.4592,1.1,1314
gnss_raw.txt,2437,380195.200,FINESTEERING,SOL_COMPUTED,NARROW_FLOAT,28,27,5.3727,13.4592,1.2,1314
gnss_raw.txt,2437,380195.300,FINESTEERING,SOL_COMPUTED,NARROW_FLOAT,28,27,5.3727,13.4592,1.3,1314
gnss_raw.txt,2437,380195.400,FINESTEERING,SOL_COMPUTED,NARROW_FLOAT,28,27,5.3728,13.4592,1.4,1314
gnss_raw.txt,2437,380195.500,FINESTEERING,SOL_COMPUTED,NARROW_FLOAT,28,27,5.3728,13.4592,1.5,1314
gnss_raw.txt,2437,380195.600,FINESTEERING,SOL_COMPUTED,NARROW_FLOAT,28,27,5.3728,13.4592,1.6,1314
gnss_raw.txt,2437,380195.700,FINESTEERING,SOL_COMPUTED,NARROW_FLOAT,28,27,5.3728,13.4593,1.7,1314
gnss_raw.txt,2437,380195.800,FINESTEERING,SOL_COMPUTED,NARROW_FLOAT,28,27,5.3728,13.4593,1.8,1314
gnss_raw.txt,2437,380195.900,FINESTEERING,SOL_COMPUTED,NARROW_FLOAT,28,27,5.3728,13.4593,0.9,1314
gnss_raw.txt,2437,380196.000,FINESTEERING,SOL_COMPUTED,NARROW_FLOAT,29,28,3.9185,9.8027,1.0,1314
gnss_raw.txt,2437,380196.100,FINESTEERING,SOL_COMPUTED,NARROW_FLOAT,29,28,3.9185,9.8027,1.1,1314
gnss_raw.txt,2437,380196.200,FINESTEERING,SOL_COMPUTED,NARROW_FLOAT,29,28,3.9185,9.8027,1.2,1314
gnss_raw.txt,2437,380196.300,FINESTEERING,SOL_COMPUTED,NARROW_FLOAT,29,28,3.9186,9.8028,1.3,1314
gnss_raw.txt,2437,380196.400,FINESTEERING,SOL_COMPUTED,NARROW_FLOAT,29,28,3.9186,9.8028,1.4,1314
gnss_raw.txt,2437,380196.500,FINESTEERING,SOL_COMPUTED,NARROW_FLOAT,29,28,3.9186,9.8028,1.5,1314
gnss_raw.txt,2437,380196.600,FINESTEERING,SOL_COMPUTED,NARROW_FLOAT,29,28,3.9186,9.8028,1.6,1314
gnss_raw.txt,2437,380196.700,FINESTEERING,SOL_COMPUTED,NARROW_FLOAT,29,28,3.9187,9.8028,1.7,1314
gnss_raw.txt,2437,380196.800,FINESTEERING,SOL_COMPUTED,NARROW_FLOAT,29,28,3.9187,9.8028,0.8,1314
gnss_raw.txt,2437,380196.900,FINESTEERING,SOL_COMPUTED,NARROW_FLOAT,29,28,3.9187,9.8028,0.9,1314
gnss_raw.txt,2437,380197.000,FINESTEERING,SOL_COMPUTED,NARROW_FLOAT,29,28,3.1071,7.5504,1.0,1314
gnss_raw.txt,2437,380197.100,FINESTEERING,SOL_COMPUTED,NARROW_FLOAT,29,28,3.1071,7.5504,1.1,1314
gnss_raw.txt,2437,380197.200,FINESTEERING,SOL_COMPUTED,NARROW_FLOAT,29,28,3.1071,7.5504,1.2,1314
gnss_raw.txt,2437,380197.300,FINESTEERING,SOL_COMPUTED,NARROW_FLOAT,29,28,3.1072,7.5504,1.3,1314
gnss_raw.txt,2437,380197.400,FINESTEERING,SOL_COMPUTED,NARROW_FLOAT,29,28,3.1072,7.5504,1.4,1314
gnss_raw.txt,2437,380197.500,FINESTEERING,SOL_COMPUTED,NARROW_FLOAT,29,28,3.1072,7.5505,1.5,1314
gnss_raw.txt,2437,380197.600,FINESTEERING,SOL_COMPUTED,NARROW_FLOAT,29,28,3.1072,7.5505,1.6,1314
gnss_raw.txt,2437,380197.700,FINESTEERING,SOL_COMPUTED,NARROW_FLOAT,29,28,3.1073,7.5505,0.7,1314
gnss_raw.txt,2437,380197.800,FINESTEERING,SOL_COMPUTED,NARROW_FLOAT,29,28,3.1073,7.5505,0.8,1314
gnss_raw.txt,2437,380197.900,FINESTEERING,SOL_COMPUTED,NARROW_FLOAT,29,28,3.1073,7.5505,0.9,1314
gnss_raw.txt,2437,380198.000,FINESTEERING,SOL_COMPUTED,NARROW_FLOAT,29,28,2.9277,6.5087,1.0,1314
gnss_raw.txt,2437,380198.100,FINESTEERING,SOL_COMPUTED,NARROW_FLOAT,29,28,2.9277,6.5087,1.1,1314
gnss_raw.txt,2437,380198.200,FINESTEERING,SOL_COMPUTED,NARROW_FLOAT,29,28,2.9277,6.5087,1.2,1314
gnss_raw.txt,2437,380198.300,FINESTEERING,SOL_COMPUTED,NARROW_FLOAT,29,28,2.9278,6.5088,1.3,1314
gnss_raw.txt,2437,380198.400,FINESTEERING,SOL_COMPUTED,NARROW_FLOAT,29,28,2.9278,6.5088,1.4,1314
gnss_raw.txt,2437,380198.500,FINESTEERING,SOL_COMPUTED,NARROW_FLOAT,29,28,2.9278,6.5088,1.5,1314
gnss_raw.txt,2437,380198.600,FINESTEERING,SOL_COMPUTED,NARROW_FLOAT,29,28,2.9278,6.5088,1.6,1314
gnss_raw.txt,2437,380198.700,FINESTEERING,SOL_COMPUTED,NARROW_FLOAT,29,28,2.9279,6.5088,1.7,1314
gnss_raw.txt,2437,380198.800,FINESTEERING,SOL_COMPUTED,NARROW_FLOAT,29,28,2.9279,6.5089,0.8,1314
gnss_raw.txt,2437,380198.900,FINESTEERING,SOL_COMPUTED,NARROW_FLOAT,29,28,2.928,6.5089,0.9,1314
gnss_raw.txt,2437,380199.000,FINESTEERING,SOL_COMPUTED,NARROW_FLOAT,29,28,1.9913,4.1297,1.0,1314
gnss_raw.txt,2437,380199.100,FINESTEERING,SOL_COMPUTED,NARROW_FLOAT,29,28,1.9913,4.1298,1.1,1314
gnss_raw.txt,2437,380199.200,FINESTEERING,SOL_COMPUTED,NARROW_FLOAT,29,28,1.9914,4.1298,1.2,1314
gnss_raw.txt,2437,380199.300,FINESTEERING,SOL_COMPUTED,NARROW_FLOAT,29,28,1.9915,4.1299,1.3,1314
gnss_raw.txt,2437,380199.400,FINESTEERING,SOL_COMPUTED,NARROW_FLOAT,29,28,1.9915,4.1299,1.4,1314
gnss_raw.txt,2437,380199.500,FINESTEERING,SOL_COMPUTED,NARROW_FLOAT,29,28,1.9916,4.1299,1.5,1314
gnss_raw.txt,2437,380199.600,FINESTEERING,SOL_COMPUTED,NARROW_FLOAT,29,28,1.9916,4.13,1.6,1314
gnss_raw.txt,2437,380199.700,FINESTEERING,SOL_COMPUTED,NARROW_FLOAT,29,28,1.9917,4.13,1.7,1314
gnss_raw.txt,2437,380199.800,FINESTEERING,SOL_COMPUTED,NARROW_FLOAT,29,28,1.9917,4.13,1.8,1314
gnss_raw.txt,2437,380199.900,FINESTEERING,SOL_COMPUTED,NARROW_FLOAT,29,28,1.9918,4.1301,1.9,1314
gnss_raw.txt,2437,380200.000,FINESTEERING,SOL_COMPUTED,NARROW_FLOAT,29,28,5.8388,10.401,1.0,1314
gnss_raw.txt,2437,380200.100,FINESTEERING,SOL_COMPUTED,NARROW_FLOAT,29,28,5.8388,10.401,1.1,1314
gnss_raw.txt,2437,380200.200,FINESTEERING,SOL_COMPUTED,NARROW_FLOAT,29,28,5.8388,10.401,1.2,1314
gnss_raw.txt,2437,380200.300,FINESTEERING,SOL_COMPUTED,NARROW_FLOAT,29,28,5.8388,10.401,1.3,1314
gnss_raw.txt,2437,380200.400,FINESTEERING,SOL_COMPUTED,NARROW_FLOAT,29,28,5.8388,10.401,1.4,1314
gnss_raw.txt,2437,380200.500,FINESTEERING,SOL_COMPUTED,NARROW_FLOAT,29,28,5.8389,10.401,1.5,1314
gnss_raw.txt,2437,380200.600,FINESTEERING,SOL_COMPUTED,NARROW_FLOAT,29,28,5.8389,10.401,1.6,1314
gnss_raw.txt,2437,380200.700,FINESTEERING,SOL_COMPUTED,NARROW_FLOAT,29,28,5.8389,10.4011,1.7,1314
gnss_raw.txt,2437,380200.800,FINESTEERING,SOL_COMPUTED,NARROW_FLOAT,29,28,5.8389,10.4011,1.8,1314
gnss_raw.txt,2437,380200.900,FINESTEERING,SOL_COMPUTED,NARROW_FLOAT,29,28,5.839,10.4011,0.9,1314
gnss_raw.txt,2437,380201.000,FINESTEERING,SOL_COMPUTED,NARROW_FLOAT,29,28,4.3523,7.872,1.0,1314
gnss_raw.txt,2437,380201.100,FINESTEERING,SOL_COMPUTED,NARROW_FLOAT,29,28,4.3523,7.8721,1.1,1314
gnss_raw.txt,2437,380201.200,FINESTEERING,SOL_COMPUTED,NARROW_FLOAT,29,28,4.3523,7.8721,1.2,1314
gnss_raw.txt,2437,380201.300,FINESTEERING,SOL_COMPUTED,NARROW_FLOAT,29,28,4.3523,7.8721,1.3,1314
gnss_raw.txt,2437,380201.400,FINESTEERING,SOL_COMPUTED,NARROW_FLOAT,29,28,4.3524,7.8721,1.4,1314
gnss_raw.txt,2437,380201.500,FINESTEERING,SOL_COMPUTED,NARROW_FLOAT,29,28,4.3524,7.8721,1.5,1314
gnss_raw.txt,2437,380201.600,FINESTEERING,SOL_COMPUTED,NARROW_FLOAT,29,28,4.3524,7.8722,1.6,1314
gnss_raw.txt,2437,380201.700,FINESTEERING,SOL_COMPUTED,NARROW_FLOAT,29,28,4.3525,7.8722,1.7,1314
gnss_raw.txt,2437,380201.800,FINESTEERING,SOL_COMPUTED,NARROW_FLOAT,29,28,4.3525,7.8722,1.8,1314
gnss_raw.txt,2437,380201.900,FINESTEERING,SOL_COMPUTED,NARROW_FLOAT,29,28,4.3525,7.8722,0.9,1314
gnss_raw.txt,2437,380202.000,FINESTEERING,SOL_COMPUTED,NARROW_FLOAT,29,28,4.5262,9.1183,1.0,1314
gnss_raw.txt,2437,380202.100,FINESTEERING,SOL_COMPUTED,NARROW_FLOAT,29,28,4.5263,9.1183,1.1,1314
gnss_raw.txt,2437,380202.200,FINESTEERING,SOL_COMPUTED,NARROW_FLOAT,29,28,4.5263,9.1184,1.2,1314
gnss_raw.txt,2437,380202.300,FINESTEERING,SOL_COMPUTED,NARROW_FLOAT,29,28,4.5263,9.1184,1.3,1314
gnss_raw.txt,2437,380202.400,FINESTEERING,SOL_COMPUTED,NARROW_FLOAT,29,28,4.5263,9.1184,1.4,1314
gnss_raw.txt,2437,380202.500,FINESTEERING,SOL_COMPUTED,NARROW_FLOAT,29,28,4.5263,9.1184,1.5,1314
gnss_raw.txt,2437,380202.600,FINESTEERING,SOL_COMPUTED,NARROW_FLOAT,29,28,4.5264,9.1184,1.6,1314
gnss_raw.txt,2437,380202.700,FINESTEERING,SOL_COMPUTED,NARROW_FLOAT,29,28,4.5264,9.1184,1.7,1314
gnss_raw.txt,2437,380202.800,FINESTEERING,SOL_COMPUTED,NARROW_FLOAT,29,28,4.5264,9.1185,1.8,1314
gnss_raw.txt,2437,380202.900,FINESTEERING,SOL_COMPUTED,NARROW_FLOAT,29,28,4.5265,9.1185,1.9,1314
gnss_raw.txt,2437,380203.000,FINESTEERING,SOL_COMPUTED,NARROW_FLOAT,29,28,10.2286,12.2798,1.0,1314
gnss_raw.txt,2437,380203.100,FINESTEERING,SOL_COMPUTED,NARROW_FLOAT,29,28,10.2286,12.2798,1.1,1314
gnss_raw.txt,2437,380203.200,FINESTEERING,SOL_COMPUTED,NARROW_FLOAT,29,28,10.2286,12.2798,1.2,1314
gnss_raw.txt,2437,380203.300,FINESTEERING,SOL_COMPUTED,NARROW_FLOAT,29,28,10.2286,12.2798,1.3,1314
gnss_raw.txt,2437,380203.400,FINESTEERING,SOL_COMPUTED,NARROW_FLOAT,28,27,10.2287,12.2798,1.4,1314
gnss_raw.txt,2437,380203.500,FINESTEERING,SOL_COMPUTED,NARROW_FLOAT,28,27,10.2287,12.2799,1.5,1314
gnss_raw.txt,2437,380203.600,FINESTEERING,SOL_COMPUTED,NARROW_FLOAT,28,27,10.2287,12.2799,1.6,1314
gnss_raw.txt,2437,380203.700,FINESTEERING,SOL_COMPUTED,NARROW_FLOAT,28,27,10.2287,12.2799,1.7,1314
gnss_raw.txt,2437,380203.800,FINESTEERING,SOL_COMPUTED,NARROW_FLOAT,28,27,10.2287,12.2799,1.8,1314
gnss_raw.txt,2437,380203.900,FINESTEERING,SOL_COMPUTED,NARROW_FLOAT,28,27,10.2287,12.2799,0.9,1314
gnss_raw.txt,2437,380204.000,FINESTEERING,SOL_COMPUTED,NARROW_FLOAT,28,27,4.2905,7.3305,1.0,1314
gnss_raw.txt,2437,380204.100,FINESTEERING,SOL_COMPUTED,NARROW_FLOAT,28,27,4.2905,7.3305,1.1,1314
gnss_raw.txt,2437,380204.200,FINESTEERING,SOL_COMPUTED,NARROW_FLOAT,28,27,4.2906,7.3305,1.2,1314
gnss_raw.txt,2437,380204.300,FINESTEERING,SOL_COMPUTED,NARROW_FLOAT,28,27,4.2906,7.3305,1.3,1314
gnss_raw.txt,2437,380204.400,FINESTEERING,SOL_COMPUTED,NARROW_FLOAT,28,27,4.2906,7.3305,1.4,1314
gnss_raw.txt,2437,380204.500,FINESTEERING,SOL_COMPUTED,NARROW_FLOAT,28,27,4.2906,7.3306,1.5,1314
gnss_raw.txt,2437,380204.600,FINESTEERING,SOL_COMPUTED,NARROW_FLOAT,28,27,4.2907,7.3306,1.6,1314
gnss_raw.txt,2437,380204.700,FINESTEERING,SOL_COMPUTED,NARROW_FLOAT,28,27,4.2907,7.3306,1.7,1314
gnss_raw.txt,2437,380204.800,FINESTEERING,SOL_COMPUTED,NARROW_FLOAT,28,27,4.2907,7.3306,0.8,1314
gnss_raw.txt,2437,380204.900,FINESTEERING,SOL_COMPUTED,NARROW_FLOAT,28,27,4.2907,7.3306,0.9,1314
gnss_raw.txt,2437,380205.000,FINESTEERING,SOL_COMPUTED,NARROW_FLOAT,28,27,6.5946,12.1723,1.0,1314
gnss_raw.txt,2437,380205.100,FINESTEERING,SOL_COMPUTED,NARROW_FLOAT,28,27,6.5946,12.1723,1.1,1314
gnss_raw.txt,2437,380205.200,FINESTEERING,SOL_COMPUTED,NARROW_FLOAT,28,27,6.5947,12.1723,1.2,1314
gnss_raw.txt,2437,380205.300,FINESTEERING,SOL_COMPUTED,NARROW_FLOAT,28,27,6.5947,12.1723,1.3,1314
gnss_raw.txt,2437,380205.400,FINESTEERING,SOL_COMPUTED,NARROW_FLOAT,28,27,6.5947,12.1723,1.4,1314
gnss_raw.txt,2437,380205.500,FINESTEERING,SOL_COMPUTED,NARROW_FLOAT,28,27,6.5947,12.1723,1.5,1314
gnss_raw.txt,2437,380205.600,FINESTEERING,SOL_COMPUTED,NARROW_FLOAT,28,27,6.5948,12.1724,1.6,1314
gnss_raw.txt,2437,380205.700,FINESTEERING,SOL_COMPUTED,NARROW_FLOAT,28,27,6.5948,12.1724,1.7,1314
gnss_raw.txt,2437,380205.800,FINESTEERING,SOL_COMPUTED,NARROW_FLOAT,28,27,6.5948,12.1724,0.8,1314
gnss_raw.txt,2437,380205.900,FINESTEERING,SOL_COMPUTED,NARROW_FLOAT,28,27,6.5948,12.1724,0.9,1314
gnss_raw.txt,2437,380206.000,FINESTEERING,SOL_COMPUTED,NARROW_FLOAT,28,27,5.3745,9.5599,1.0,1314
gnss_raw.txt,2437,380206.100,FINESTEERING,SOL_COMPUTED,NARROW_FLOAT,28,27,5.3745,9.5599,1.1,1314
gnss_raw.txt,2437,380206.200,FINESTEERING,SOL_COMPUTED,NARROW_FLOAT,28,27,5.3746,9.5599,1.2,1314
gnss_raw.txt,2437,380206.300,FINESTEERING,SOL_COMPUTED,NARROW_FLOAT,28,27,5.3746,9.56,1.3,1314
gnss_raw.txt,2437,380206.400,FINESTEERING,SOL_COMPUTED,NARROW_FLOAT,28,27,5.3746,9.56,1.4,1314
gnss_raw.txt,2437,380206.500,FINESTEERING,SOL_COMPUTED,NARROW_FLOAT,28,27,5.3747,9.56,1.5,1314
gnss_raw.txt,2437,380206.600,FINESTEERING,SOL_COMPUTED,NARROW_FLOAT,28,27,5.3747,9.56,1.6,1314
gnss_raw.txt,2437,380206.700,FINESTEERING,SOL_COMPUTED,NARROW_FLOAT,28,27,5.3747,9.56,1.7,1314
gnss_raw.txt,2437,380206.800,FINESTEERING,SOL_COMPUTED,NARROW_FLOAT,28,27,5.3747,9.5601,0.8,1314
gnss_raw.txt,2437,380206.900,FINESTEERING,SOL_COMPUTED,NARROW_FLOAT,28,27,5.3748,9.5601,0.9,1314
gnss_raw.txt,2437,380207.000,FINESTEERING,SOL_COMPUTED,NARROW_FLOAT,28,27,2.4647,4.3691,1.0,1314
gnss_raw.txt,2437,380207.100,FINESTEERING,SOL_COMPUTED,NARROW_FLOAT,28,27,2.4647,4.3692,1.1,1314
gnss_raw.txt,2437,380207.200,FINESTEERING,SOL_COMPUTED,NARROW_FLOAT,28,27,2.4648,4.3692,1.2,1314
gnss_raw.txt,2437,380207.300,FINESTEERING,SOL_COMPUTED,NARROW_FLOAT,28,27,2.4648,4.3692,1.3,1314
gnss_raw.txt,2437,380207.400,FINESTEERING,SOL_COMPUTED,NARROW_FLOAT,28,27,2.4649,4.3693,1.4,1314
gnss_raw.txt,2437,380207.500,FINESTEERING,SOL_COMPUTED,NARROW_FLOAT,28,27,2.4649,4.3693,1.5,1314
gnss_raw.txt,2437,380207.600,FINESTEERING,SOL_COMPUTED,NARROW_FLOAT,28,27,2.4649,4.3693,1.6,1314
gnss_raw.txt,2437,380207.700,FINESTEERING,SOL_COMPUTED,NARROW_FLOAT,28,27,2.4649,4.3694,1.7,1314
gnss_raw.txt,2437,380207.800,FINESTEERING,SOL_COMPUTED,NARROW_FLOAT,28,27,2.465,4.3694,0.8,1314
gnss_raw.txt,2437,380207.900,FINESTEERING,SOL_COMPUTED,NARROW_FLOAT,28,27,2.4651,4.3695,0.9,1314
gnss_raw.txt,2437,380208.000,FINESTEERING,SOL_COMPUTED,NARROW_FLOAT,28,27,4.8704,5.8751,1.0,1314
gnss_raw.txt,2437,380208.100,FINESTEERING,SOL_COMPUTED,NARROW_FLOAT,28,27,4.8704,5.8751,1.1,1314
gnss_raw.txt,2437,380208.200,FINESTEERING,SOL_COMPUTED,NARROW_FLOAT,28,27,4.8704,5.8751,1.2,1314
gnss_raw.txt,2437,380208.300,FINESTEERING,SOL_COMPUTED,NARROW_FLOAT,28,27,4.8704,5.8751,1.3,1314
gnss_raw.txt,2437,380208.400,FINESTEERING,SOL_COMPUTED,NARROW_FLOAT,28,27,4.8704,5.8751,1.4,1314
gnss_raw.txt,2437,380208.500,FINESTEERING,SOL_COMPUTED,NARROW_FLOAT,28,27,4.8705,5.8752,1.5,1314
gnss_raw.txt,2437,380208.600,FINESTEERING,SOL_COMPUTED,NARROW_FLOAT,28,27,4.8705,5.8752,1.6,1314
gnss_raw.txt,2437,380208.700,FINESTEERING,SOL_COMPUTED,NARROW_FLOAT,28,27,4.8705,5.8752,0.7,1314
gnss_raw.txt,2437,380208.800,FINESTEERING,SOL_COMPUTED,NARROW_FLOAT,28,27,4.8705,5.8752,0.8,1314
gnss_raw.txt,2437,380208.900,FINESTEERING,SOL_COMPUTED,NARROW_FLOAT,28,27,4.8705,5.8752,0.9,1314
gnss_raw.txt,2437,380209.000,FINESTEERING,SOL_COMPUTED,NARROW_FLOAT,27,26,2.634,4.0628,1.0,1314
gnss_raw.txt,2437,380209.100,FINESTEERING,SOL_COMPUTED,NARROW_FLOAT,27,26,2.6341,4.0628,1.1,1314
gnss_raw.txt,2437,380209.200,FINESTEERING,SOL_COMPUTED,NARROW_FLOAT,27,26,2.6341,4.0629,1.2,1314
gnss_raw.txt,2437,380209.300,FINESTEERING,SOL_COMPUTED,NARROW_FLOAT,27,26,2.6342,4.0629,1.3,1314
gnss_raw.txt,2437,380209.400,FINESTEERING,SOL_COMPUTED,NARROW_FLOAT,27,26,2.6342,4.0629,1.4,1314
gnss_raw.txt,2437,380209.500,FINESTEERING,SOL_COMPUTED,NARROW_FLOAT,27,26,2.6342,4.0629,1.5,1314
gnss_raw.txt,2437,380209.600,FINESTEERING,SOL_COMPUTED,NARROW_FLOAT,27,26,2.6342,4.063,1.6,1314
gnss_raw.txt,2437,380209.700,FINESTEERING,SOL_COMPUTED,NARROW_FLOAT,27,26,2.6343,4.063,1.7,1314
gnss_raw.txt,2437,380209.800,FINESTEERING,SOL_COMPUTED,NARROW_FLOAT,27,26,2.6343,4.063,1.8,1314
gnss_raw.txt,2437,380209.900,FINESTEERING,SOL_COMPUTED,NARROW_FLOAT,27,26,2.6343,4.063,0.9,1314
gnss_raw.txt,2437,380210.000,FINESTEERING,SOL_COMPUTED,NARROW_FLOAT,27,26,1.5633,2.5636,1.0,1314
gnss_raw.txt,2437,380210.100,FINESTEERING,SOL_COMPUTED,NARROW_FLOAT,27,26,1.5634,2.5637,1.1,1314
gnss_raw.txt,2437,380210.200,FINESTEERING,SOL_COMPUTED,NARROW_FLOAT,27,26,1.5634,2.5637,1.2,1314
gnss_raw.txt,2437,380210.300,FINESTEERING,SOL_COMPUTED,NARROW_FLOAT,27,26,1.5634,2.5637,1.3,1314
gnss_raw.txt,2437,380210.400,FINESTEERING,SOL_COMPUTED,NARROW_FLOAT,27,26,1.5635,2.5638,1.4,1314
gnss_raw.txt,2437,380210.500,FINESTEERING,SOL_COMPUTED,NARROW_FLOAT,27,26,1.5636,2.5639,1.5,1314
gnss_raw.txt,2437,380210.600,FINESTEERING,SOL_COMPUTED,NARROW_FLOAT,27,26,1.5637,2.5639,1.6,1314
gnss_raw.txt,2437,380210.700,FINESTEERING,SOL_COMPUTED,NARROW_FLOAT,27,26,1.5638,2.564,1.7,1314
gnss_raw.txt,2437,380210.800,FINESTEERING,SOL_COMPUTED,NARROW_FLOAT,27,26,1.5638,2.564,1.8,1314
gnss_raw.txt,2437,380210.900,FINESTEERING,SOL_COMPUTED,NARROW_FLOAT,26,25,1.5639,2.5641,0.9,1314
gnss_raw.txt,2437,380211.000,FINESTEERING,SOL_COMPUTED,NARROW_FLOAT,26,25,2.7787,4.6984,1.0,1314
gnss_raw.txt,2437,380211.100,FINESTEERING,SOL_COMPUTED,NARROW_FLOAT,26,25,2.7787,4.6984,1.1,1314
gnss_raw.txt,2437,380211.200,FINESTEERING,SOL_COMPUTED,NARROW_FLOAT,26,25,2.7788,4.6985,1.2,1314
gnss_raw.txt,2437,380211.300,FINESTEERING,SOL_COMPUTED,NARROW_FLOAT,26,25,2.7788,4.6985,1.3,1314
gnss_raw.txt,2437,380211.400,FINESTEERING,SOL_COMPUTED,NARROW_FLOAT,26,25,2.7789,4.6985,1.4,1314
gnss_raw.txt,2437,380211.500,FINESTEERING,SOL_COMPUTED,NARROW_FLOAT,26,25,2.7789,4.6985,1.5,1314
gnss_raw.txt,2437,380211.600,FINESTEERING,SOL_COMPUTED,NARROW_FLOAT,26,25,2.7789,4.6986,1.6,1314
gnss_raw.txt,2437,380211.700,FINESTEERING,SOL_COMPUTED,NARROW_FLOAT,26,25,2.779,4.6986,1.7,1314
gnss_raw.txt,2437,380211.800,FINESTEERING,SOL_COMPUTED,NARROW_FLOAT,26,25,2.779,4.6986,0.8,1314
gnss_raw.txt,2437,380211.900,FINESTEERING,SOL_COMPUTED,NARROW_FLOAT,26,25,2.779,4.6987,0.9,1314
gnss_raw.txt,2437,380212.000,FINESTEERING,SOL_COMPUTED,NARROW_FLOAT,26,25,4.2442,7.0053,1.0,1314
gnss_raw.txt,2437,380212.100,FINESTEERING,SOL_COMPUTED,NARROW_FLOAT,26,25,4.2443,7.0053,1.1,1314
gnss_raw.txt,2437,380212.200,FINESTEERING,SOL_COMPUTED,NARROW_FLOAT,26,25,4.2443,7.0053,1.2,1314
gnss_raw.txt,2437,380212.300,FINESTEERING,SOL_COMPUTED,NARROW_FLOAT,26,25,4.2443,7.0053,1.3,1314
gnss_raw.txt,2437,380212.400,FINESTEERING,SOL_COMPUTED,NARROW_FLOAT,26,25,4.2443,7.0053,1.4,1314
gnss_raw.txt,2437,380212.500,FINESTEERING,SOL_COMPUTED,NARROW_FLOAT,26,25,4.2443,7.0053,1.5,1314
gnss_raw.txt,2437,380212.600,FINESTEERING,SOL_COMPUTED,NARROW_FLOAT,26,25,4.2444,7.0054,1.6,1314
gnss_raw.txt,2437,380212.700,FINESTEERING,SOL_COMPUTED,NARROW_FLOAT,26,25,4.2444,7.0054,0.7,1314
gnss_raw.txt,2437,380212.800,FINESTEERING,SOL_COMPUTED,NARROW_FLOAT,26,25,4.2444,7.0054,0.8,1314
gnss_raw.txt,2437,380212.900,FINESTEERING,SOL_COMPUTED,NARROW_FLOAT,26,25,4.2444,7.0054,0.9,1314
gnss_raw.txt,2437,380213.000,FINESTEERING,SOL_COMPUTED,NARROW_FLOAT,26,25,2.5151,4.5588,1.0,1314
gnss_raw.txt,2437,380213.100,FINESTEERING,SOL_COMPUTED,NARROW_FLOAT,26,25,2.5152,4.5588,1.1,1314
gnss_raw.txt,2437,380213.200,FINESTEERING,SOL_COMPUTED,NARROW_FLOAT,26,25,2.5152,4.5589,1.2,1314
gnss_raw.txt,2437,380213.300,FINESTEERING,SOL_COMPUTED,NARROW_FLOAT,26,25,2.5152,4.5589,1.3,1314
gnss_raw.txt,2437,380213.400,FINESTEERING,SOL_COMPUTED,NARROW_FLOAT,25,24,2.5153,4.5589,1.4,1314
gnss_raw.txt,2437,380213.500,FINESTEERING,SOL_COMPUTED,NARROW_FLOAT,25,24,2.5153,4.5589,1.5,1314
gnss_raw.txt,2437,380213.600,FINESTEERING,SOL_COMPUTED,NARROW_FLOAT,25,24,2.5153,4.5589,1.6,1314
gnss_raw.txt,2437,380213.700,FINESTEERING,SOL_COMPUTED,NARROW_FLOAT,26,25,2.5154,4.559,0.7,1314
gnss_raw.txt,2437,380213.800,FINESTEERING,SOL_COMPUTED,NARROW_FLOAT,25,24,2.5154,4.559,0.8,1314
gnss_raw.txt,2437,380213.900,FINESTEERING,SOL_COMPUTED,NARROW_FLOAT,25,24,2.5155,4.559,0.9,1314
gnss_raw.txt,2437,380214.000,FINESTEERING,SOL_COMPUTED,NARROW_FLOAT,25,24,1.3057,2.4384,1.0,1314
gnss_raw.txt,2437,380214.100,FINESTEERING,SOL_COMPUTED,NARROW_FLOAT,25,24,1.3059,2.4385,1.1,1314
gnss_raw.txt,2437,380214.200,FINESTEERING,SOL_COMPUTED,NARROW_FLOAT,25,24,1.3059,2.4385,1.2,1314
gnss_raw.txt,2437,380214.300,FINESTEERING,SOL_COMPUTED,NARROW_FLOAT,25,24,1.3061,2.4386,1.3,1314
gnss_raw.txt,2437,380214.400,FINESTEERING,SOL_COMPUTED,NARROW_FLOAT,25,24,1.3062,2.4387,1.4,1314
gnss_raw.txt,2437,380214.500,FINESTEERING,SOL_COMPUTED,NARROW_FLOAT,25,24,1.3063,2.4387,1.5,1314
gnss_raw.txt,2437,380214.600,FINESTEERING,SOL_COMPUTED,NARROW_FLOAT,25,24,1.3063,2.4388,1.6,1314
gnss_raw.txt,2437,380214.700,FINESTEERING,SOL_COMPUTED,NARROW_FLOAT,26,24,1.3063,2.4388,1.7,1314
gnss_raw.txt,2437,380214.800,FINESTEERING,SOL_COMPUTED,NARROW_FLOAT,26,24,1.3064,2.4388,1.8,1314
gnss_raw.txt,2437,380214.900,FINESTEERING,SOL_COMPUTED,NARROW_FLOAT,26,24,1.3065,2.4389,1.9,1314
gnss_raw.txt,2437,380215.000,FINESTEERING,SOL_COMPUTED,NARROW_FLOAT,28,25,5.3757,6.8872,1.0,1314
gnss_raw.txt,2437,380215.100,FINESTEERING,SOL_COMPUTED,NARROW_FLOAT,28,25,5.3758,6.8872,1.1,1314
gnss_raw.txt,2437,380215.200,FINESTEERING,SOL_COMPUTED,NARROW_FLOAT,28,25,5.3758,6.8873,1.2,1314
gnss_raw.txt,2437,380215.300,FINESTEERING,SOL_COMPUTED,NARROW_FLOAT,27,24,5.3758,6.8873,1.3,1314
gnss_raw.txt,2437,380215.400,FINESTEERING,SOL_COMPUTED,NARROW_FLOAT,27,24,5.3758,6.8873,1.4,1314
gnss_raw.txt,2437,380215.500,FINESTEERING,SOL_COMPUTED,NARROW_FLOAT,27,24,5.3758,6.8873,1.5,1314
gnss_raw.txt,2437,380215.600,FINESTEERING,SOL_COMPUTED,NARROW_FLOAT,27,24,5.3758,6.8873,1.6,1314
gnss_raw.txt,2437,380215.700,FINESTEERING,SOL_COMPUTED,NARROW_FLOAT,27,24,5.3758,6.8874,1.7,1314
gnss_raw.txt,2437,380215.800,FINESTEERING,SOL_COMPUTED,NARROW_FLOAT,27,24,5.3759,6.8874,1.8,1314
gnss_raw.txt,2437,380215.900,FINESTEERING,SOL_COMPUTED,NARROW_FLOAT,27,24,5.3759,6.8874,1.9,1314
gnss_raw.txt,2437,380216.000,FINESTEERING,SOL_COMPUTED,NARROW_FLOAT,27,24,4.1506,6.9046,1.0,1314
gnss_raw.txt,2437,380216.100,FINESTEERING,SOL_COMPUTED,NARROW_FLOAT,27,24,4.1506,6.9046,1.1,1314
gnss_raw.txt,2437,380216.200,FINESTEERING,SOL_COMPUTED,NARROW_FLOAT,28,25,4.1507,6.9046,1.2,1314
gnss_raw.txt,2437,380216.300,FINESTEERING,SOL_COMPUTED,NARROW_FLOAT,28,25,4.1507,6.9047,1.3,1314
gnss_raw.txt,2437,380216.400,FINESTEERING,SOL_COMPUTED,NARROW_FLOAT,28,25,4.1507,6.9047,1.4,1314
gnss_raw.txt,2437,380216.500,FINESTEERING,SOL_COMPUTED,NARROW_FLOAT,28,25,4.1507,6.9047,1.5,1314
gnss_raw.txt,2437,380216.600,FINESTEERING,SOL_COMPUTED,NARROW_FLOAT,28,25,4.1508,6.9047,1.6,1314
gnss_raw.txt,2437,380216.700,FINESTEERING,SOL_COMPUTED,NARROW_FLOAT,28,25,4.1508,6.9047,1.7,1314
gnss_raw.txt,2437,380216.800,FINESTEERING,SOL_COMPUTED,NARROW_FLOAT,28,25,4.1508,6.9048,1.8,1314
gnss_raw.txt,2437,380216.900,FINESTEERING,SOL_COMPUTED,NARROW_FLOAT,28,25,4.1508,6.9048,0.9,1314
gnss_raw.txt,2437,380217.000,FINESTEERING,SOL_COMPUTED,NARROW_FLOAT,28,25,2.1739,3.6931,1.0,1314
gnss_raw.txt,2437,380217.100,FINESTEERING,SOL_COMPUTED,NARROW_FLOAT,28,25,2.1739,3.6931,1.1,1314
gnss_raw.txt,2437,380217.200,FINESTEERING,SOL_COMPUTED,NARROW_FLOAT,28,25,2.174,3.6932,1.2,1314
gnss_raw.txt,2437,380217.300,FINESTEERING,SOL_COMPUTED,NARROW_FLOAT,28,25,2.174,3.6932,1.3,1314
gnss_raw.txt,2437,380217.400,FINESTEERING,SOL_COMPUTED,NARROW_FLOAT,28,25,2.1741,3.6933,1.4,1314
gnss_raw.txt,2437,380217.500,FINESTEERING,SOL_COMPUTED,NARROW_FLOAT,28,25,2.1742,3.6934,1.5,1314
gnss_raw.txt,2437,380217.600,FINESTEERING,SOL_COMPUTED,NARROW_FLOAT,28,25,2.1742,3.6934,1.6,1314
gnss_raw.txt,2437,380217.700,FINESTEERING,SOL_COMPUTED,NARROW_FLOAT,28,25,2.1743,3.6935,1.7,1314
gnss_raw.txt,2437,380217.800,FINESTEERING,SOL_COMPUTED,NARROW_FLOAT,28,25,2.1744,3.6935,1.8,1314
gnss_raw.txt,2437,380217.900,FINESTEERING,SOL_COMPUTED,NARROW_FLOAT,28,25,2.1745,3.6936,0.9,1314
gnss_raw.txt,2437,380218.000,FINESTEERING,SOL_COMPUTED,NARROW_FLOAT,28,25,3.1661,5.3547,1.0,1314
gnss_raw.txt,2437,380218.100,FINESTEERING,SOL_COMPUTED,NARROW_FLOAT,28,25,3.1661,5.3548,1.1,1314
gnss_raw.txt,2437,380218.200,FINESTEERING,SOL_COMPUTED,NARROW_FLOAT,28,25,3.1662,5.3548,1.2,1314
gnss_raw.txt,2437,380218.300,FINESTEERING,SOL_COMPUTED,NARROW_FLOAT,28,25,3.1662,5.3548,1.3,1314
gnss_raw.txt,2437,380218.400,FINESTEERING,SOL_COMPUTED,NARROW_FLOAT,28,25,3.1662,5.3549,1.4,1314
gnss_raw.txt,2437,380218.500,FINESTEERING,SOL_COMPUTED,NARROW_FLOAT,28,25,3.1663,5.3549,1.5,1314
gnss_raw.txt,2437,380218.600,FINESTEERING,SOL_COMPUTED,NARROW_FLOAT,28,25,3.1663,5.3549,1.6,1314
gnss_raw.txt,2437,380218.700,FINESTEERING,SOL_COMPUTED,NARROW_FLOAT,28,25,3.1664,5.355,1.7,1314
gnss_raw.txt,2437,380218.800,FINESTEERING,SOL_COMPUTED,NARROW_FLOAT,28,25,3.1664,5.355,0.8,1314
gnss_raw.txt,2437,380218.900,FINESTEERING,SOL_COMPUTED,NARROW_FLOAT,28,25,3.1665,5.3551,0.9,1314
gnss_raw.txt,2437,380219.000,FINESTEERING,SOL_COMPUTED,NARROW_FLOAT,28,25,1.6277,2.038,1.0,1314
gnss_raw.txt,2437,380219.100,FINESTEERING,SOL_COMPUTED,NARROW_FLOAT,28,25,1.6278,2.0381,1.1,1314
gnss_raw.txt,2437,380219.200,FINESTEERING,SOL_COMPUTED,NARROW_FLOAT,28,25,1.6279,2.0381,1.2,1314
gnss_raw.txt,2437,380219.300,FINESTEERING,SOL_COMPUTED,NARROW_FLOAT,28,25,1.6279,2.0382,1.3,1314
gnss_raw.txt,2437,380219.400,FINESTEERING,SOL_COMPUTED,NARROW_FLOAT,28,25,1.628,2.0382,1.4,1314
gnss_raw.txt,2437,380219.500,FINESTEERING,SOL_COMPUTED,NARROW_FLOAT,28,25,1.628,2.0383,1.5,1314
gnss_raw.txt,2437,380219.600,FINESTEERING,SOL_COMPUTED,NARROW_FLOAT,28,25,1.6281,2.0383,1.6,1314
gnss_raw.txt,2437,380219.700,FINESTEERING,SOL_COMPUTED,NARROW_FLOAT,28,25,1.6281,2.0384,1.7,1314
gnss_raw.txt,2437,380219.800,FINESTEERING,SOL_COMPUTED,NARROW_FLOAT,28,25,1.6282,2.0385,1.8,1314
gnss_raw.txt,2437,380219.900,FINESTEERING,SOL_COMPUTED,NARROW_FLOAT,28,25,1.6282,2.0385,0.9,1314
gnss_raw.txt,2437,380220.000,FINESTEERING,SOL_COMPUTED,NARROW_FLOAT,28,25,1.2232,1.8371,1.0,1314
gnss_raw.txt,2437,380220.100,FINESTEERING,SOL_COMPUTED,NARROW_FLOAT,28,25,1.2233,1.8372,1.1,1314
gnss_raw.txt,2437,380220.200,FINESTEERING,SOL_COMPUTED,NARROW_FLOAT,28,25,1.2235,1.8373,1.2,1314
gnss_raw.txt,2437,380220.300,FINESTEERING,SOL_COMPUTED,NARROW_FLOAT,28,25,1.2235,1.8374,1.3,1314
gnss_raw.txt,2437,380220.400,FINESTEERING,SOL_COMPUTED,NARROW_FLOAT,28,25,1.2236,1.8375,1.4,1314
gnss_raw.txt,2437,380220.500,FINESTEERING,SOL_COMPUTED,NARROW_FLOAT,28,25,1.2237,1.8376,1.5,1314
gnss_raw.txt,2437,380220.600,FINESTEERING,SOL_COMPUTED,NARROW_FLOAT,28,25,1.2238,1.8376,1.6,1314
gnss_raw.txt,2437,380220.700,FINESTEERING,SOL_COMPUTED,NARROW_FLOAT,28,25,1.2239,1.8377,1.7,1314
gnss_raw.txt,2437,380220.800,FINESTEERING,SOL_COMPUTED,NARROW_FLOAT,28,25,1.224,1.8378,1.8,1314
gnss_raw.txt,2437,380220.900,FINESTEERING,SOL_COMPUTED,NARROW_FLOAT,28,25,1.224,1.8379,0.9,1314
gnss_raw.txt,2437,380221.000,FINESTEERING,SOL_COMPUTED,NARROW_FLOAT,28,25,2.8244,4.165,1.0,1314
gnss_raw.txt,2437,380221.100,FINESTEERING,SOL_COMPUTED,NARROW_FLOAT,28,25,2.8245,4.1651,1.1,1314
gnss_raw.txt,2437,380221.200,FINESTEERING,SOL_COMPUTED,NARROW_FLOAT,28,25,2.8245,4.1651,1.2,1314
gnss_raw.txt,2437,380221.300,FINESTEERING,SOL_COMPUTED,NARROW_FLOAT,28,25,2.8245,4.1651,1.3,1314
gnss_raw.txt,2437,380221.400,FINESTEERING,SOL_COMPUTED,NARROW_FLOAT,28,25,2.8245,4.1652,1.4,1314
gnss_raw.txt,2437,380221.500,FINESTEERING,SOL_COMPUTED,NARROW_FLOAT,28,25,2.8246,4.1652,1.5,1314
gnss_raw.txt,2437,380221.600,FINESTEERING,SOL_COMPUTED,NARROW_FLOAT,28,25,2.8246,4.1652,1.6,1314
gnss_raw.txt,2437,380221.700,FINESTEERING,SOL_COMPUTED,NARROW_FLOAT,28,25,2.8246,4.1653,1.7,1314
gnss_raw.txt,2437,380221.800,FINESTEERING,SOL_COMPUTED,NARROW_FLOAT,27,24,2.8247,4.1653,0.8,1314
gnss_raw.txt,2437,380221.900,FINESTEERING,SOL_COMPUTED,NARROW_FLOAT,27,24,2.8247,4.1653,0.9,1314
gnss_raw.txt,2437,380222.000,FINESTEERING,SOL_COMPUTED,NARROW_FLOAT,27,24,1.6358,1.9636,1.0,1314
gnss_raw.txt,2437,380222.100,FINESTEERING,SOL_COMPUTED,NARROW_FLOAT,27,24,1.6358,1.9636,1.1,1314
gnss_raw.txt,2437,380222.200,FINESTEERING,SOL_COMPUTED,NARROW_FLOAT,27,24,1.6359,1.9637,1.2,1314
gnss_raw.txt,2437,380222.300,FINESTEERING,SOL_COMPUTED,NARROW_FLOAT,27,24,1.6359,1.9637,1.3,1314
gnss_raw.txt,2437,380222.400,FINESTEERING,SOL_COMPUTED,NARROW_FLOAT,28,25,1.6359,1.9638,1.4,1314
gnss_raw.txt,2437,380222.500,FINESTEERING,SOL_COMPUTED,NARROW_FLOAT,28,25,1.636,1.9638,1.5,1314
gnss_raw.txt,2437,380222.600,FINESTEERING,SOL_COMPUTED,NARROW_FLOAT,28,25,1.636,1.9639,1.6,1314
gnss_raw.txt,2437,380222.700,FINESTEERING,SOL_COMPUTED,NARROW_FLOAT,28,25,1.6361,1.964,1.7,1314
gnss_raw.txt,2437,380222.800,FINESTEERING,SOL_COMPUTED,NARROW_FLOAT,28,25,1.6361,1.964,0.8,1314
gnss_raw.txt,2437,380222.900,FINESTEERING,SOL_COMPUTED,NARROW_FLOAT,28,25,1.6361,1.9641,0.9,1314
gnss_raw.txt,2437,380223.000,FINESTEERING,SOL_COMPUTED,NARROW_FLOAT,28,25,0.9932,1.4262,1.0,1314
gnss_raw.txt,2437,380223.100,FINESTEERING,SOL_COMPUTED,NARROW_FLOAT,28,25,0.9933,1.4263,1.1,1314
gnss_raw.txt,2437,380223.200,FINESTEERING,SOL_COMPUTED,NARROW_FLOAT,28,25,0.9934,1.4264,1.2,1314
gnss_raw.txt,2437,380223.300,FINESTEERING,SOL_COMPUTED,NARROW_FLOAT,28,25,0.9935,1.4265,1.3,1314
gnss_raw.txt,2437,380223.400,FINESTEERING,SOL_COMPUTED,NARROW_FLOAT,28,25,0.9935,1.4266,1.4,1314
gnss_raw.txt,2437,380223.500,FINESTEERING,SOL_COMPUTED,NARROW_FLOAT,28,25,0.9935,1.4266,1.5,1314
gnss_raw.txt,2437,380223.600,FINESTEERING,SOL_COMPUTED,NARROW_FLOAT,28,25,0.9936,1.4266,1.6,1314
gnss_raw.txt,2437,380223.700,FINESTEERING,SOL_COMPUTED,NARROW_FLOAT,28,25,0.9936,1.4267,1.7,1314
gnss_raw.txt,2437,380223.800,FINESTEERING,SOL_COMPUTED,NARROW_FLOAT,28,25,0.9937,1.4268,0.8,1314
gnss_raw.txt,2437,380223.900,FINESTEERING,SOL_COMPUTED,NARROW_FLOAT,28,25,0.9938,1.4269,0.9,1314
gnss_raw.txt,2437,380224.000,FINESTEERING,SOL_COMPUTED,NARROW_FLOAT,28,25,2.1679,3.3548,1.0,1314
gnss_raw.txt,2437,380224.100,FINESTEERING,SOL_COMPUTED,NARROW_FLOAT,28,25,2.1679,3.3548,1.1,1314
gnss_raw.txt,2437,380224.200,FINESTEERING,SOL_COMPUTED,NARROW_FLOAT,28,25,2.1679,3.3548,1.2,1314
gnss_raw.txt,2437,380224.300,FINESTEERING,SOL_COMPUTED,NARROW_FLOAT,28,25,2.1679,3.3548,1.3,1314
gnss_raw.txt,2437,380224.400,FINESTEERING,SOL_COMPUTED,NARROW_FLOAT,28,25,2.1679,3.3549,1.4,1314
gnss_raw.txt,2437,380224.500,FINESTEERING,SOL_COMPUTED,NARROW_FLOAT,28,25,2.168,3.3549,1.5,1314
gnss_raw.txt,2437,380224.600,FINESTEERING,SOL_COMPUTED,NARROW_FLOAT,28,25,2.168,3.3549,1.6,1314
gnss_raw.txt,2437,380224.700,FINESTEERING,SOL_COMPUTED,NARROW_FLOAT,28,25,2.168,3.3549,1.7,1314
gnss_raw.txt,2437,380224.800,FINESTEERING,SOL_COMPUTED,NARROW_FLOAT,28,25,2.168,3.355,0.8,1314
gnss_raw.txt,2437,380224.900,FINESTEERING,SOL_COMPUTED,NARROW_FLOAT,28,25,2.1681,3.355,0.9,1314
gnss_raw.txt,2437,380225.000,FINESTEERING,SOL_COMPUTED,NARROW_FLOAT,28,25,2.4265,3.8372,1.0,1314
gnss_raw.txt,2437,380225.100,FINESTEERING,SOL_COMPUTED,NARROW_FLOAT,28,25,2.4265,3.8373,1.1,1314
gnss_raw.txt,2437,380225.200,FINESTEERING,SOL_COMPUTED,NARROW_FLOAT,28,25,2.4265,3.8373,1.2,1314
gnss_raw.txt,2437,380225.300,FINESTEERING,SOL_COMPUTED,NARROW_FLOAT,28,25,2.4265,3.8373,1.3,1314
gnss_raw.txt,2437,380225.400,FINESTEERING,SOL_COMPUTED,NARROW_FLOAT,28,25,2.4265,3.8373,1.4,1314
gnss_raw.txt,2437,380225.500,FINESTEERING,SOL_COMPUTED,NARROW_FLOAT,28,25,2.4266,3.8374,1.5,1314
gnss_raw.txt,2437,380225.600,FINESTEERING,SOL_COMPUTED,NARROW_FLOAT,28,25,2.4266,3.8374,1.6,1314
gnss_raw.txt,2437,380225.700,FINESTEERING,SOL_COMPUTED,NARROW_FLOAT,28,25,2.4266,3.8374,1.7,1314
gnss_raw.txt,2437,380225.800,FINESTEERING,SOL_COMPUTED,NARROW_FLOAT,28,25,2.4267,3.8374,0.8,1314
gnss_raw.txt,2437,380225.900,FINESTEERING,SOL_COMPUTED,NARROW_FLOAT,28,25,2.4267,3.8375,0.9,1314
gnss_raw.txt,2437,380226.000,FINESTEERING,SOL_COMPUTED,NARROW_FLOAT,28,25,3.3325,5.0851,1.0,1314
gnss_raw.txt,2437,380226.100,FINESTEERING,SOL_COMPUTED,NARROW_FLOAT,28,25,3.3325,5.0851,1.1,1314
gnss_raw.txt,2437,380226.200,FINESTEERING,SOL_COMPUTED,NARROW_FLOAT,28,25,3.3325,5.0851,1.2,1314
gnss_raw.txt,2437,380226.300,FINESTEERING,SOL_COMPUTED,NARROW_FLOAT,28,25,3.3325,5.0852,1.3,1314
gnss_raw.txt,2437,380226.400,FINESTEERING,SOL_COMPUTED,NARROW_FLOAT,28,25,3.3326,5.0852,1.4,1314
gnss_raw.txt,2437,380226.500,FINESTEERING,SOL_COMPUTED,NARROW_FLOAT,28,25,3.3326,5.0852,1.5,1314
gnss_raw.txt,2437,380226.600,FINESTEERING,SOL_COMPUTED,NARROW_FLOAT,28,25,3.3326,5.0852,1.6,1314
gnss_raw.txt,2437,380226.700,FINESTEERING,SOL_COMPUTED,NARROW_FLOAT,28,25,3.3326,5.0852,0.7,1314
gnss_raw.txt,2437,380226.800,FINESTEERING,SOL_COMPUTED,NARROW_FLOAT,28,25,3.3326,5.0852,0.8,1314
gnss_raw.txt,2437,380226.900,FINESTEERING,SOL_COMPUTED,NARROW_FLOAT,28,25,3.3326,5.0853,0.9,1314
gnss_raw.txt,2437,380227.000,FINESTEERING,SOL_COMPUTED,NARROW_FLOAT,28,25,3.9876,6.1019,1.0,1314
gnss_raw.txt,2437,380227.100,FINESTEERING,SOL_COMPUTED,NARROW_FLOAT,28,25,3.9876,6.1019,1.1,1314
gnss_raw.txt,2437,380227.200,FINESTEERING,SOL_COMPUTED,NARROW_FLOAT,28,25,3.9876,6.1019,1.2,1314
gnss_raw.txt,2437,380227.300,FINESTEERING,SOL_COMPUTED,NARROW_FLOAT,28,25,3.9876,6.1019,1.3,1314
gnss_raw.txt,2437,380227.400,FINESTEERING,SOL_COMPUTED,NARROW_FLOAT,28,25,3.9877,6.1019,1.4,1314
gnss_raw.txt,2437,380227.500,FINESTEERING,SOL_COMPUTED,NARROW_FLOAT,28,25,3.9877,6.1019,1.5,1314
gnss_raw.txt,2437,380227.600,FINESTEERING,SOL_COMPUTED,NARROW_FLOAT,28,25,3.9877,6.102,1.6,1314
gnss_raw.txt,2437,380227.700,FINESTEERING,SOL_COMPUTED,NARROW_FLOAT,28,25,3.9877,6.102,1.7,1314
gnss_raw.txt,2437,380227.800,FINESTEERING,SOL_COMPUTED,NARROW_FLOAT,28,25,3.9878,6.102,1.8,1314
gnss_raw.txt,2437,380227.900,FINESTEERING,SOL_COMPUTED,NARROW_FLOAT,28,25,3.9878,6.102,0.9,1314
gnss_raw.txt,2437,380228.000,FINESTEERING,SOL_COMPUTED,NARROW_FLOAT,28,25,5.0013,7.5706,1.0,1314
gnss_raw.txt,2437,380228.100,FINESTEERING,SOL_COMPUTED,NARROW_FLOAT,28,25,5.0013,7.5707,1.1,1314
gnss_raw.txt,2437,380228.200,FINESTEERING,SOL_COMPUTED,NARROW_FLOAT,28,25,5.0014,7.5707,1.2,1314
gnss_raw.txt,2437,380228.300,FINESTEERING,SOL_COMPUTED,NARROW_FLOAT,28,25,5.0014,7.5707,1.3,1314
gnss_raw.txt,2437,380228.400,FINESTEERING,SOL_COMPUTED,NARROW_FLOAT,28,25,5.0014,7.5707,1.4,1314
gnss_raw.txt,2437,380228.500,FINESTEERING,SOL_COMPUTED,NARROW_FLOAT,28,25,5.0014,7.5707,1.5,1314
gnss_raw.txt,2437,380228.600,FINESTEERING,SOL_COMPUTED,NARROW_FLOAT,28,25,5.0014,7.5707,1.6,1314
gnss_raw.txt,2437,380228.700,FINESTEERING,SOL_COMPUTED,NARROW_FLOAT,28,25,5.0014,7.5707,1.7,1314
gnss_raw.txt,2437,380228.800,FINESTEERING,SOL_COMPUTED,NARROW_FLOAT,28,25,5.0014,7.5707,1.8,1314
gnss_raw.txt,2437,380228.900,FINESTEERING,SOL_COMPUTED,NARROW_FLOAT,27,25,5.0014,7.5707,0.9,1314
gnss_raw.txt,2437,380229.000,FINESTEERING,SOL_COMPUTED,NARROW_FLOAT,27,25,1.5359,2.3398,1.0,1314
gnss_raw.txt,2437,380229.100,FINESTEERING,SOL_COMPUTED,NARROW_FLOAT,27,25,1.536,2.3398,1.1,1314
gnss_raw.txt,2437,380229.200,FINESTEERING,SOL_COMPUTED,NARROW_FLOAT,27,25,1.536,2.3399,1.2,1314
gnss_raw.txt,2437,380229.300,FINESTEERING,SOL_COMPUTED,NARROW_FLOAT,27,25,1.536,2.3399,1.3,1314
gnss_raw.txt,2437,380229.400,FINESTEERING,SOL_COMPUTED,NARROW_FLOAT,27,25,1.536,2.3399,1.4,1314
gnss_raw.txt,2437,380229.500,FINESTEERING,SOL_COMPUTED,NARROW_FLOAT,27,25,1.5361,2.34,1.5,1314
gnss_raw.txt,2437,380229.600,FINESTEERING,SOL_COMPUTED,NARROW_FLOAT,27,25,1.5361,2.34,1.6,1314
gnss_raw.txt,2437,380229.700,FINESTEERING,SOL_COMPUTED,NARROW_FLOAT,27,25,1.5361,2.34,1.7,1314
gnss_raw.txt,2437,380229.800,FINESTEERING,SOL_COMPUTED,NARROW_FLOAT,27,25,1.5361,2.34,0.8,1314
gnss_raw.txt,2437,380229.900,FINESTEERING,SOL_COMPUTED,NARROW_FLOAT,27,25,1.5362,2.3401,0.9,1314
gnss_raw.txt,2437,380230.000,FINESTEERING,SOL_COMPUTED,NARROW_FLOAT,27,25,5.3867,8.0096,1.0,1314
gnss_raw.txt,2437,380230.100,FINESTEERING,SOL_COMPUTED,NARROW_FLOAT,27,25,5.3868,8.0096,1.1,1314
gnss_raw.txt,2437,380230.200,FINESTEERING,SOL_COMPUTED,NARROW_FLOAT,27,25,5.3868,8.0096,1.2,1314
gnss_raw.txt,2437,380230.300,FINESTEERING,SOL_COMPUTED,NARROW_FLOAT,27,25,5.3868,8.0096,1.3,1314
gnss_raw.txt,2437,380230.400,FINESTEERING,SOL_COMPUTED,NARROW_FLOAT,27,25,5.3868,8.0096,1.4,1314
gnss_raw.txt,2437,380230.500,FINESTEERING,SOL_COMPUTED,NARROW_FLOAT,28,26,5.3868,8.0096,1.5,1314
gnss_raw.txt,2437,380230.600,FINESTEERING,SOL_COMPUTED,NARROW_FLOAT,28,26,5.3868,8.0096,1.6,1314
gnss_raw.txt,2437,380230.700,FINESTEERING,SOL_COMPUTED,NARROW_FLOAT,28,26,5.3868,8.0096,1.7,1314
gnss_raw.txt,2437,380230.800,FINESTEERING,SOL_COMPUTED,NARROW_FLOAT,28,26,5.3868,8.0097,1.8,1314
gnss_raw.txt,2437,380230.900,FINESTEERING,SOL_COMPUTED,NARROW_FLOAT,28,26,5.3868,8.0097,1.9,1314
gnss_raw.txt,2437,380231.000,FINESTEERING,SOL_COMPUTED,NARROW_FLOAT,28,26,2.9016,4.2352,1.0,1314
gnss_raw.txt,2437,380231.100,FINESTEERING,SOL_COMPUTED,NARROW_FLOAT,28,26,2.9016,4.2352,1.1,1314
gnss_raw.txt,2437,380231.200,FINESTEERING,SOL_COMPUTED,NARROW_FLOAT,28,26,2.9016,4.2352,1.2,1314
gnss_raw.txt,2437,380231.300,FINESTEERING,SOL_COMPUTED,NARROW_FLOAT,28,26,2.9017,4.2352,1.3,1314
gnss_raw.txt,2437,380231.400,FINESTEERING,SOL_COMPUTED,NARROW_FLOAT,28,26,2.9017,4.2353,1.4,1314
gnss_raw.txt,2437,380231.500,FINESTEERING,SOL_COMPUTED,NARROW_FLOAT,28,26,2.9017,4.2353,1.5,1314
gnss_raw.txt,2437,380231.600,FINESTEERING,SOL_COMPUTED,NARROW_FLOAT,28,26,2.9017,4.2353,1.6,1314
gnss_raw.txt,2437,380231.700,FINESTEERING,SOL_COMPUTED,NARROW_FLOAT,28,26,2.9017,4.2353,1.7,1314
gnss_raw.txt,2437,380231.800,FINESTEERING,SOL_COMPUTED,NARROW_FLOAT,28,26,2.9018,4.2353,0.8,1314
gnss_raw.txt,2437,380231.900,FINESTEERING,SOL_COMPUTED,NARROW_FLOAT,28,26,2.9018,4.2353,0.9,1314
gnss_raw.txt,2437,380232.000,FINESTEERING,SOL_COMPUTED,NARROW_FLOAT,28,26,3.6884,5.8435,1.0,1314
gnss_raw.txt,2437,380232.100,FINESTEERING,SOL_COMPUTED,NARROW_FLOAT,28,26,3.6885,5.8436,1.1,1314
gnss_raw.txt,2437,380232.200,FINESTEERING,SOL_COMPUTED,NARROW_FLOAT,28,26,3.6885,5.8436,1.2,1314
gnss_raw.txt,2437,380232.300,FINESTEERING,SOL_COMPUTED,NARROW_FLOAT,28,26,3.6885,5.8436,1.3,1314
gnss_raw.txt,2437,380232.400,FINESTEERING,SOL_COMPUTED,NARROW_FLOAT,28,26,3.6885,5.8436,1.4,1314
gnss_raw.txt,2437,380232.500,FINESTEERING,SOL_COMPUTED,NARROW_FLOAT,28,26,3.6885,5.8436,1.5,1314
gnss_raw.txt,2437,380232.600,FINESTEERING,SOL_COMPUTED,NARROW_FLOAT,28,26,3.6885,5.8436,1.6,1314
gnss_raw.txt,2437,380232.700,FINESTEERING,SOL_COMPUTED,NARROW_FLOAT,28,26,3.6885,5.8436,1.7,1314
gnss_raw.txt,2437,380232.800,FINESTEERING,SOL_COMPUTED,NARROW_FLOAT,28,26,3.6885,5.8436,1.8,1314
gnss_raw.txt,2437,380232.900,FINESTEERING,SOL_COMPUTED,NARROW_FLOAT,28,26,3.6885,5.8436,1.9,1314
gnss_raw.txt,2437,380233.000,FINESTEERING,SOL_COMPUTED,NARROW_FLOAT,28,26,0.8508,1.5209,1.0,1314
gnss_raw.txt,2437,380233.100,FINESTEERING,SOL_COMPUTED,NARROW_FLOAT,28,26,0.8509,1.5209,1.1,1314
gnss_raw.txt,2437,380233.200,FINESTEERING,SOL_COMPUTED,NARROW_FLOAT,28,26,0.8509,1.521,1.2,1314
gnss_raw.txt,2437,380233.300,FINESTEERING,SOL_COMPUTED,NARROW_FLOAT,28,26,0.8509,1.521,1.3,1314
gnss_raw.txt,2437,380233.400,FINESTEERING,SOL_COMPUTED,NARROW_FLOAT,28,26,0.851,1.521,1.4,1314
gnss_raw.txt,2437,380233.500,FINESTEERING,SOL_COMPUTED,NARROW_FLOAT,28,26,0.851,1.521,1.5,1314
gnss_raw.txt,2437,380233.600,FINESTEERING,SOL_COMPUTED,NARROW_FLOAT,28,26,0.851,1.5211,1.6,1314
gnss_raw.txt,2437,380233.700,FINESTEERING,SOL_COMPUTED,NARROW_FLOAT,28,26,0.8511,1.5211,1.7,1314
gnss_raw.txt,2437,380233.800,FINESTEERING,SOL_COMPUTED,NARROW_FLOAT,28,26,0.8511,1.5211,0.8,1314
gnss_raw.txt,2437,380233.900,FINESTEERING,SOL_COMPUTED,NARROW_FLOAT,28,26,0.8512,1.5212,0.9,1314
gnss_raw.txt,2437,380234.000,FINESTEERING,SOL_COMPUTED,NARROW_FLOAT,28,26,2.46,4.7148,1.0,1314
gnss_raw.txt,2437,380234.100,FINESTEERING,SOL_COMPUTED,NARROW_FLOAT,28,26,2.46,4.7148,1.1,1314
gnss_raw.txt,2437,380234.200,FINESTEERING,SOL_COMPUTED,NARROW_FLOAT,28,26,2.46,4.7148,1.2,1314
gnss_raw.txt,2437,380234.300,FINESTEERING,SOL_COMPUTED,NARROW_FLOAT,28,26,2.46,4.7149,1.3,1314
gnss_raw.txt,2437,380234.400,FINESTEERING,SOL_COMPUTED,NARROW_FLOAT,28,26,2.46,4.7149,1.4,1314
gnss_raw.txt,2437,380234.500,FINESTEERING,SOL_COMPUTED,NARROW_FLOAT,28,26,2.46,4.7149,1.5,1314
gnss_raw.txt,2437,380234.600,FINESTEERING,SOL_COMPUTED,NARROW_FLOAT,28,26,2.46,4.7149,1.6,1314
gnss_raw.txt,2437,380234.700,FINESTEERING,SOL_COMPUTED,NARROW_FLOAT,28,26,2.46,4.7149,1.7,1314
gnss_raw.txt,2437,380234.800,FINESTEERING,SOL_COMPUTED,NARROW_FLOAT,28,26,2.46,4.7149,1.8,1314
gnss_raw.txt,2437,380234.900,FINESTEERING,SOL_COMPUTED,NARROW_FLOAT,28,26,2.4601,4.7149,0.9,1314
gnss_raw.txt,2437,380235.000,FINESTEERING,SOL_COMPUTED,NARROW_FLOAT,28,26,5.8997,10.6526,1.0,1314
gnss_raw.txt,2437,380235.100,FINESTEERING,SOL_COMPUTED,NARROW_FLOAT,28,26,5.8997,10.6526,1.1,1314
gnss_raw.txt,2437,380235.200,FINESTEERING,SOL_COMPUTED,NARROW_FLOAT,28,26,5.8997,10.6526,1.2,1314
gnss_raw.txt,2437,380235.300,FINESTEERING,SOL_COMPUTED,NARROW_FLOAT,28,26,5.8997,10.6526,1.3,1314
gnss_raw.txt,2437,380235.400,FINESTEERING,SOL_COMPUTED,NARROW_FLOAT,28,26,5.8998,10.6526,1.4,1314
gnss_raw.txt,2437,380235.500,FINESTEERING,SOL_COMPUTED,NARROW_FLOAT,28,26,5.8998,10.6526,1.5,1314
gnss_raw.txt,2437,380235.600,FINESTEERING,SOL_COMPUTED,NARROW_FLOAT,28,26,5.8998,10.6526,1.6,1314
gnss_raw.txt,2437,380235.700,FINESTEERING,SOL_COMPUTED,NARROW_FLOAT,28,26,5.8998,10.6526,1.7,1314
gnss_raw.txt,2437,380235.800,FINESTEERING,SOL_COMPUTED,NARROW_FLOAT,28,26,5.8998,10.6526,1.8,1314
gnss_raw.txt,2437,380235.900,FINESTEERING,SOL_COMPUTED,NARROW_FLOAT,28,26,5.8998,10.6526,0.9,1314
gnss_raw.txt,2437,380236.000,FINESTEERING,SOL_COMPUTED,NARROW_FLOAT,28,26,6.9188,11.7365,1.0,1314
gnss_raw.txt,2437,380236.100,FINESTEERING,SOL_COMPUTED,NARROW_FLOAT,28,26,6.9188,11.7365,1.1,1314
gnss_raw.txt,2437,380236.200,FINESTEERING,SOL_COMPUTED,NARROW_FLOAT,28,26,6.9188,11.7365,1.2,1314
gnss_raw.txt,2437,380236.300,FINESTEERING,SOL_COMPUTED,NARROW_FLOAT,27,25,6.9188,11.7365,1.3,1314
gnss_raw.txt,2437,380236.400,FINESTEERING,SOL_COMPUTED,NARROW_FLOAT,27,25,6.9188,11.7365,1.4,1314
gnss_raw.txt,2437,380236.500,FINESTEERING,SOL_COMPUTED,NARROW_FLOAT,27,25,6.9188,11.7366,1.5,1314
gnss_raw.txt,2437,380236.600,FINESTEERING,SOL_COMPUTED,NARROW_FLOAT,27,25,6.9188,11.7366,1.6,1314
gnss_raw.txt,2437,380236.700,FINESTEERING,SOL_COMPUTED,NARROW_FLOAT,27,25,6.9189,11.7366,0.7,1314
gnss_raw.txt,2437,380236.800,FINESTEERING,SOL_COMPUTED,NARROW_FLOAT,27,25,6.9189,11.7366,0.8,1314
gnss_raw.txt,2437,380236.900,FINESTEERING,SOL_COMPUTED,NARROW_FLOAT,27,25,6.9189,11.7366,0.9,1314
gnss_raw.txt,2437,380237.000,FINESTEERING,SOL_COMPUTED,NARROW_FLOAT,27,25,4.4773,7.3315,1.0,1314
gnss_raw.txt,2437,380237.100,FINESTEERING,SOL_COMPUTED,NARROW_FLOAT,27,25,4.4773,7.3315,1.1,1314
gnss_raw.txt,2437,380237.200,FINESTEERING,SOL_COMPUTED,NARROW_FLOAT,27,25,4.4773,7.3315,1.2,1314
gnss_raw.txt,2437,380237.300,FINESTEERING,SOL_COMPUTED,NARROW_FLOAT,27,25,4.4773,7.3315,1.3,1314
gnss_raw.txt,2437,380237.400,FINESTEERING,SOL_COMPUTED,NARROW_FLOAT,27,25,4.4773,7.3315,1.4,1314
gnss_raw.txt,2437,380237.500,FINESTEERING,SOL_COMPUTED,NARROW_FLOAT,27,25,4.4773,7.3316,1.5,1314
gnss_raw.txt,2437,380237.600,FINESTEERING,SOL_COMPUTED,NARROW_FLOAT,27,25,4.4773,7.3316,1.6,1314
gnss_raw.txt,2437,380237.700,FINESTEERING,SOL_COMPUTED,NARROW_FLOAT,27,25,4.4773,7.3316,1.7,1314
gnss_raw.txt,2437,380237.800,FINESTEERING,SOL_COMPUTED,NARROW_FLOAT,27,25,4.4773,7.3316,1.8,1314
gnss_raw.txt,2437,380237.900,FINESTEERING,SOL_COMPUTED,NARROW_FLOAT,27,25,4.4773,7.3316,0.9,1314
gnss_raw.txt,2437,380238.000,FINESTEERING,SOL_COMPUTED,NARROW_FLOAT,27,25,5.2646,8.4113,1.0,1314
gnss_raw.txt,2437,380238.100,FINESTEERING,SOL_COMPUTED,NARROW_FLOAT,27,25,5.2646,8.4113,1.1,1314
gnss_raw.txt,2437,380238.200,FINESTEERING,SOL_COMPUTED,NARROW_FLOAT,26,24,5.2646,8.4113,1.2,1314
gnss_raw.txt,2437,380238.300,FINESTEERING,SOL_COMPUTED,NARROW_FLOAT,26,24,5.2646,8.4113,1.3,1314
gnss_raw.txt,2437,380238.400,FINESTEERING,SOL_COMPUTED,NARROW_FLOAT,26,24,5.2646,8.4113,1.4,1314
gnss_raw.txt,2437,380238.500,FINESTEERING,SOL_COMPUTED,NARROW_FLOAT,26,24,5.2646,8.4113,1.5,1314
gnss_raw.txt,2437,380238.600,FINESTEERING,SOL_COMPUTED,NARROW_FLOAT,26,24,5.2646,8.4113,1.6,1314
gnss_raw.txt,2437,380238.700,FINESTEERING,SOL_COMPUTED,NARROW_FLOAT,26,24,5.2646,8.4113,1.7,1314
gnss_raw.txt,2437,380238.800,FINESTEERING,SOL_COMPUTED,NARROW_FLOAT,26,24,5.2646,8.4113,0.8,1314
gnss_raw.txt,2437,380238.900,FINESTEERING,SOL_COMPUTED,NARROW_FLOAT,26,24,5.2646,8.4113,0.9,1314
gnss_raw.txt,2437,380239.000,FINESTEERING,SOL_COMPUTED,NARROW_FLOAT,26,24,4.429,7.2963,1.0,1314
gnss_raw.txt,2437,380239.100,FINESTEERING,SOL_COMPUTED,NARROW_FLOAT,26,24,4.429,7.2963,1.1,1314
gnss_raw.txt,2437,380239.200,FINESTEERING,SOL_COMPUTED,NARROW_FLOAT,26,24,4.429,7.2963,1.2,1314
gnss_raw.txt,2437,380239.300,FINESTEERING,SOL_COMPUTED,NARROW_FLOAT,26,24,4.429,7.2963,1.3,1314
gnss_raw.txt,2437,380239.400,FINESTEERING,SOL_COMPUTED,NARROW_FLOAT,26,24,4.429,7.2963,1.4,1314
gnss_raw.txt,2437,380239.500,FINESTEERING,SOL_COMPUTED,NARROW_FLOAT,26,24,4.429,7.2963,1.5,1314
gnss_raw.txt,2437,380239.600,FINESTEERING,SOL_COMPUTED,NARROW_FLOAT,26,24,4.429,7.2964,1.6,1314
gnss_raw.txt,2437,380239.700,FINESTEERING,SOL_COMPUTED,NARROW_FLOAT,26,24,4.429,7.2964,1.7,1314
gnss_raw.txt,2437,380239.800,FINESTEERING,SOL_COMPUTED,NARROW_FLOAT,26,24,4.4291,7.2964,1.8,1314
gnss_raw.txt,2437,380239.900,FINESTEERING,SOL_COMPUTED,NARROW_FLOAT,26,24,4.4291,7.2964,0.9,1314
gnss_raw.txt,2437,380240.000,FINESTEERING,SOL_COMPUTED,NARROW_FLOAT,26,24,3.8912,6.4074,1.0,1314
gnss_raw.txt,2437,380240.100,FINESTEERING,SOL_COMPUTED,NARROW_FLOAT,26,24,3.8912,6.4074,1.1,1314
gnss_raw.txt,2437,380240.200,FINESTEERING,SOL_COMPUTED,NARROW_FLOAT,26,24,3.8912,6.4074,1.2,1314
gnss_raw.txt,2437,380240.300,FINESTEERING,SOL_COMPUTED,NARROW_FLOAT,26,24,3.8912,6.4074,1.3,1314
gnss_raw.txt,2437,380240.400,FINESTEERING,SOL_COMPUTED,NARROW_FLOAT,26,24,3.8912,6.4075,1.4,1314
gnss_raw.txt,2437,380240.500,FINESTEERING,SOL_COMPUTED,NARROW_FLOAT,26,24,3.8912,6.4075,1.5,1314
gnss_raw.txt,2437,380240.600,FINESTEERING,SOL_COMPUTED,NARROW_FLOAT,26,24,3.8912,6.4075,1.6,1314
gnss_raw.txt,2437,380240.700,FINESTEERING,SOL_COMPUTED,NARROW_FLOAT,27,24,3.8912,6.4075,0.7,1314
gnss_raw.txt,2437,380240.800,FINESTEERING,SOL_COMPUTED,NARROW_FLOAT,26,24,3.8912,6.4075,0.8,1314
gnss_raw.txt,2437,380240.900,FINESTEERING,SOL_COMPUTED,NARROW_FLOAT,26,24,3.8912,6.4075,0.9,1314
gnss_raw.txt,2437,380241.000,FINESTEERING,SOL_COMPUTED,NARROW_FLOAT,26,24,5.9729,9.6161,1.0,1314
gnss_raw.txt,2437,380241.100,FINESTEERING,SOL_COMPUTED,NARROW_FLOAT,26,24,5.9729,9.6161,1.1,1314
gnss_raw.txt,2437,380241.200,FINESTEERING,SOL_COMPUTED,NARROW_FLOAT,26,24,5.9729,9.6161,1.2,1314
gnss_raw.txt,2437,380241.300,FINESTEERING,SOL_COMPUTED,NARROW_FLOAT,26,24,5.9729,9.6161,1.3,1314
gnss_raw.txt,2437,380241.400,FINESTEERING,SOL_COMPUTED,NARROW_FLOAT,26,24,5.9729,9.6161,1.4,1314
gnss_raw.txt,2437,380241.500,FINESTEERING,SOL_COMPUTED,NARROW_FLOAT,26,24,5.9729,9.6161,1.5,1314
gnss_raw.txt,2437,380241.600,FINESTEERING,SOL_COMPUTED,NARROW_FLOAT,26,24,5.9729,9.6161,1.6,1314
gnss_raw.txt,2437,380241.700,FINESTEERING,SOL_COMPUTED,NARROW_FLOAT,26,24,5.9729,9.6161,1.7,1314
gnss_raw.txt,2437,380241.800,FINESTEERING,SOL_COMPUTED,NARROW_FLOAT,26,24,5.9729,9.6161,1.8,1314
gnss_raw.txt,2437,380241.900,FINESTEERING,SOL_COMPUTED,NARROW_FLOAT,26,24,5.9729,9.6161,0.9,1314
gnss_raw.txt,2437,380242.000,FINESTEERING,SOL_COMPUTED,NARROW_INT,26,24,0.0373,0.098,1.0,1314
gnss_raw.txt,2437,380242.100,FINESTEERING,SOL_COMPUTED,NARROW_INT,26,24,0.0378,0.0984,1.1,1314
gnss_raw.txt,2437,380242.200,FINESTEERING,SOL_COMPUTED,NARROW_INT,26,24,0.0383,0.0987,1.2,1314
gnss_raw.txt,2437,380242.300,FINESTEERING,SOL_COMPUTED,NARROW_INT,26,24,0.0389,0.0991,1.3,1314
gnss_raw.txt,2437,380242.400,FINESTEERING,SOL_COMPUTED,NARROW_INT,26,24,0.0397,0.0997,1.4,1314
gnss_raw.txt,2437,380242.500,FINESTEERING,SOL_COMPUTED,NARROW_INT,26,24,0.0406,0.1003,1.5,1314
gnss_raw.txt,2437,380242.600,FINESTEERING,SOL_COMPUTED,NARROW_INT,26,24,0.0411,0.1007,1.6,1314
gnss_raw.txt,2437,380242.700,FINESTEERING,SOL_COMPUTED,NARROW_INT,26,24,0.0416,0.1011,1.7,1314
gnss_raw.txt,2437,380242.800,FINESTEERING,SOL_COMPUTED,NARROW_INT,26,24,0.0425,0.1017,0.8,1314
gnss_raw.txt,2437,380242.900,FINESTEERING,SOL_COMPUTED,NARROW_INT,26,24,0.0434,0.1023,0.9,1314
gnss_raw.txt,2437,380243.000,FINESTEERING,SOL_COMPUTED,NARROW_INT,26,24,0.0343,0.0826,1.0,1314
gnss_raw.txt,2437,380243.100,FINESTEERING,SOL_COMPUTED,NARROW_INT,26,24,0.035,0.0832,1.1,1314
gnss_raw.txt,2437,380243.200,FINESTEERING,SOL_COMPUTED,NARROW_INT,26,24,0.0362,0.0839,1.2,1314
gnss_raw.txt,2437,380243.300,FINESTEERING,SOL_COMPUTED,NARROW_INT,26,24,0.0376,0.0848,1.3,1314
gnss_raw.txt,2437,380243.400,FINESTEERING,SOL_COMPUTED,NARROW_INT,26,24,0.0385,0.0856,1.4,1314
gnss_raw.txt,2437,380243.500,FINESTEERING,SOL_COMPUTED,NARROW_INT,26,24,0.039,0.0861,1.5,1314
gnss_raw.txt,2437,380243.600,FINESTEERING,SOL_COMPUTED,NARROW_INT,26,24,0.0397,0.0866,1.6,1314
gnss_raw.txt,2437,380243.700,FINESTEERING,SOL_COMPUTED,NARROW_INT,26,24,0.04,0.087,1.7,1314
gnss_raw.txt,2437,380243.800,FINESTEERING,SOL_COMPUTED,NARROW_INT,26,24,0.0406,0.0875,1.8,1314
gnss_raw.txt,2437,380243.900,FINESTEERING,SOL_COMPUTED,NARROW_INT,26,24,0.0416,0.0882,1.9,1314
gnss_raw.txt,2437,380244.000,FINESTEERING,SOL_COMPUTED,NARROW_INT,26,24,0.0364,0.0742,2.0,1314
gnss_raw.txt,2437,380244.100,FINESTEERING,SOL_COMPUTED,NARROW_INT,26,24,0.0415,0.0771,1.1,1314
gnss_raw.txt,2437,380244.200,FINESTEERING,SOL_COMPUTED,NARROW_INT,26,24,0.0421,0.0777,1.2,1314
gnss_raw.txt,2437,380244.300,FINESTEERING,SOL_COMPUTED,NARROW_INT,26,24,0.0425,0.0783,1.3,1314
gnss_raw.txt,2437,380244.400,FINESTEERING,SOL_COMPUTED,NARROW_INT,26,24,0.0433,0.079,1.4,1314
gnss_raw.txt,2437,380244.500,FINESTEERING,SOL_COMPUTED,NARROW_INT,26,24,0.0439,0.0796,1.5,1314
gnss_raw.txt,2437,380244.600,FINESTEERING,SOL_COMPUTED,NARROW_INT,26,24,0.0458,0.0812,1.6,1314
gnss_raw.txt,2437,380244.700,FINESTEERING,SOL_COMPUTED,NARROW_INT,26,24,0.0469,0.0822,1.7,1314
gnss_raw.txt,2437,380244.800,FINESTEERING,SOL_COMPUTED,NARROW_INT,26,24,0.0507,0.0847,0.8,1314
gnss_raw.txt,2437,380244.900,FINESTEERING,SOL_COMPUTED,NARROW_INT,26,24,0.0513,0.0855,0.9,1314
gnss_raw.txt,2437,380245.000,FINESTEERING,SOL_COMPUTED,NARROW_INT,26,24,0.0427,0.0767,1.0,1314
gnss_raw.txt,2437,380245.100,FINESTEERING,SOL_COMPUTED,NARROW_INT,26,24,0.0438,0.0777,1.1,1314
gnss_raw.txt,2437,380245.200,FINESTEERING,SOL_COMPUTED,NARROW_INT,26,24,0.045,0.0788,1.2,1314
gnss_raw.txt,2437,380245.300,FINESTEERING,SOL_COMPUTED,NARROW_INT,26,24,0.0466,0.0799,1.3,1314
gnss_raw.txt,2437,380245.400,FINESTEERING,SOL_COMPUTED,NARROW_INT,26,24,0.0498,0.0821,1.4,1314
gnss_raw.txt,2437,380245.500,FINESTEERING,SOL_COMPUTED,NARROW_INT,26,24,0.0506,0.083,1.5,1314
gnss_raw.txt,2437,380245.600,FINESTEERING,SOL_COMPUTED,NARROW_INT,26,24,0.0512,0.0837,1.6,1314
gnss_raw.txt,2437,380245.700,FINESTEERING,SOL_COMPUTED,NARROW_INT,26,24,0.0519,0.0843,1.7,1314
gnss_raw.txt,2437,380245.800,FINESTEERING,SOL_COMPUTED,NARROW_INT,26,24,0.0526,0.085,1.8,1314
gnss_raw.txt,2437,380245.900,FINESTEERING,SOL_COMPUTED,NARROW_INT,26,24,0.0541,0.0864,1.9,1314
gnss_raw.txt,2437,380246.000,FINESTEERING,SOL_COMPUTED,NARROW_INT,26,24,0.0418,0.0756,1.0,1314
gnss_raw.txt,2437,380246.100,FINESTEERING,SOL_COMPUTED,NARROW_INT,26,24,0.0435,0.077,1.1,1314
gnss_raw.txt,2437,380246.200,FINESTEERING,SOL_COMPUTED,NARROW_INT,26,24,0.0446,0.078,1.2,1314
gnss_raw.txt,2437,380246.300,FINESTEERING,SOL_COMPUTED,NARROW_INT,26,24,0.0452,0.0786,1.3,1314
gnss_raw.txt,2437,380246.400,FINESTEERING,SOL_COMPUTED,NARROW_INT,26,24,0.0464,0.0796,1.4,1314
gnss_raw.txt,2437,380246.500,FINESTEERING,SOL_COMPUTED,NARROW_INT,26,24,0.0471,0.0803,1.5,1314
gnss_raw.txt,2437,380246.600,FINESTEERING,SOL_COMPUTED,NARROW_INT,26,24,0.0478,0.081,1.6,1314
gnss_raw.txt,2437,380246.700,FINESTEERING,SOL_COMPUTED,NARROW_INT,26,24,0.0486,0.0818,1.7,1314
gnss_raw.txt,2437,380246.800,FINESTEERING,SOL_COMPUTED,NARROW_INT,26,24,0.0494,0.0827,1.8,1314
gnss_raw.txt,2437,380246.900,FINESTEERING,SOL_COMPUTED,NARROW_INT,26,24,0.0498,0.0832,0.9,1314
gnss_raw.txt,2437,380247.000,FINESTEERING,SOL_COMPUTED,NARROW_INT,26,24,0.0359,0.0745,1.0,1314
gnss_raw.txt,2437,380247.100,FINESTEERING,SOL_COMPUTED,NARROW_INT,26,24,0.0373,0.0755,1.1,1314
gnss_raw.txt,2437,380247.200,FINESTEERING,SOL_COMPUTED,NARROW_INT,26,24,0.038,0.0762,1.2,1314
gnss_raw.txt,2437,380247.300,FINESTEERING,SOL_COMPUTED,NARROW_INT,26,24,0.0389,0.077,1.3,1314
gnss_raw.txt,2437,380247.400,FINESTEERING,SOL_COMPUTED,NARROW_INT,26,24,0.0406,0.0782,1.4,1314
gnss_raw.txt,2437,380247.500,FINESTEERING,SOL_COMPUTED,NARROW_INT,26,24,0.0419,0.0795,1.5,1314
gnss_raw.txt,2437,380247.600,FINESTEERING,SOL_COMPUTED,NARROW_INT,26,24,0.0429,0.0806,1.6,1314
gnss_raw.txt,2437,380247.700,FINESTEERING,SOL_COMPUTED,NARROW_INT,26,24,0.0439,0.0816,1.7,1314
gnss_raw.txt,2437,380247.800,FINESTEERING,SOL_COMPUTED,NARROW_INT,26,24,0.0443,0.0821,0.8,1314
gnss_raw.txt,2437,380247.900,FINESTEERING,SOL_COMPUTED,NARROW_INT,26,24,0.0457,0.0832,0.9,1314
gnss_raw.txt,2437,380248.000,FINESTEERING,SOL_COMPUTED,NARROW_INT,26,24,0.038,0.0758,1.0,1314
gnss_raw.txt,2437,380248.100,FINESTEERING,SOL_COMPUTED,NARROW_INT,26,24,0.0387,0.0765,1.1,1314
gnss_raw.txt,2437,380248.200,FINESTEERING,SOL_COMPUTED,NARROW_INT,26,24,0.0394,0.0772,1.2,1314
gnss_raw.txt,2437,380248.300,FINESTEERING,SOL_COMPUTED,NARROW_INT,26,24,0.0401,0.0778,1.3,1314
gnss_raw.txt,2437,380248.400,FINESTEERING,SOL_COMPUTED,NARROW_INT,26,24,0.041,0.0785,1.4,1314
gnss_raw.txt,2437,380248.500,FINESTEERING,SOL_COMPUTED,NARROW_INT,26,24,0.0421,0.0794,1.5,1314
gnss_raw.txt,2437,380248.600,FINESTEERING,SOL_COMPUTED,NARROW_INT,27,25,0.0436,0.0805,1.6,1314
gnss_raw.txt,2437,380248.700,FINESTEERING,SOL_COMPUTED,NARROW_INT,28,26,0.0443,0.0812,0.7,1314
gnss_raw.txt,2437,380248.800,FINESTEERING,SOL_COMPUTED,NARROW_INT,28,26,0.0452,0.0819,0.8,1314
gnss_raw.txt,2437,380248.900,FINESTEERING,SOL_COMPUTED,NARROW_INT,28,26,0.0465,0.0829,0.9,1314
gnss_raw.txt,2437,380249.000,FINESTEERING,SOL_COMPUTED,NARROW_INT,28,26,0.0363,0.0712,1.0,1314
gnss_raw.txt,2437,380249.100,FINESTEERING,SOL_COMPUTED,NARROW_INT,28,26,0.0371,0.072,1.1,1314
gnss_raw.txt,2437,380249.200,FINESTEERING,SOL_COMPUTED,NARROW_INT,28,26,0.0389,0.0732,1.2,1314
gnss_raw.txt,2437,380249.300,FINESTEERING,SOL_COMPUTED,NARROW_INT,28,26,0.0398,0.0741,1.3,1314
gnss_raw.txt,2437,380249.400,FINESTEERING,SOL_COMPUTED,NARROW_INT,28,26,0.0413,0.0752,1.4,1314
gnss_raw.txt,2437,380249.500,FINESTEERING,SOL_COMPUTED,NARROW_INT,28,26,0.0419,0.0759,1.5,1314
gnss_raw.txt,2437,380249.600,FINESTEERING,SOL_COMPUTED,NARROW_INT,28,26,0.0447,0.0778,1.6,1314
gnss_raw.txt,2437,380249.700,FINESTEERING,SOL_COMPUTED,NARROW_INT,28,26,0.0461,0.079,1.7,1314
gnss_raw.txt,2437,380249.800,FINESTEERING,SOL_COMPUTED,NARROW_INT,28,26,0.0475,0.0802,1.8,1314
gnss_raw.txt,2437,380249.900,FINESTEERING,SOL_COMPUTED,NARROW_INT,28,26,0.0493,0.0816,0.9,1314
gnss_raw.txt,2437,380250.000,FINESTEERING,SOL_COMPUTED,NARROW_INT,28,26,0.0407,0.0774,1.0,1314
gnss_raw.txt,2437,380250.100,FINESTEERING,SOL_COMPUTED,NARROW_INT,29,27,0.0422,0.0785,1.1,1314
gnss_raw.txt,2437,380250.200,FINESTEERING,SOL_COMPUTED,NARROW_INT,29,27,0.0434,0.0796,1.2,1314
gnss_raw.txt,2437,380250.300,FINESTEERING,SOL_COMPUTED,NARROW_INT,29,27,0.0443,0.0804,1.3,1314
gnss_raw.txt,2437,380250.400,FINESTEERING,SOL_COMPUTED,NARROW_INT,29,27,0.0446,0.0808,1.4,1314
gnss_raw.txt,2437,380250.500,FINESTEERING,SOL_COMPUTED,NARROW_INT,29,27,0.0453,0.0814,1.5,1314
gnss_raw.txt,2437,380250.600,FINESTEERING,SOL_COMPUTED,NARROW_INT,29,27,0.046,0.082,1.6,1314
gnss_raw.txt,2437,380250.700,FINESTEERING,SOL_COMPUTED,NARROW_INT,29,27,0.0467,0.0826,1.7,1314
gnss_raw.txt,2437,380250.800,FINESTEERING,SOL_COMPUTED,NARROW_INT,29,27,0.0472,0.0832,1.8,1314
gnss_raw.txt,2437,380250.900,FINESTEERING,SOL_COMPUTED,NARROW_INT,29,27,0.0477,0.0837,1.9,1314
gnss_raw.txt,2437,380251.000,FINESTEERING,SOL_COMPUTED,NARROW_INT,29,27,0.0337,0.077,1.0,1314
gnss_raw.txt,2437,380251.100,FINESTEERING,SOL_COMPUTED,NARROW_INT,29,27,0.0382,0.0791,1.1,1314
gnss_raw.txt,2437,380251.200,FINESTEERING,SOL_COMPUTED,NARROW_INT,29,27,0.0389,0.0798,1.2,1314
gnss_raw.txt,2437,380251.300,FINESTEERING,SOL_COMPUTED,NARROW_INT,29,27,0.0401,0.0806,1.3,1314
gnss_raw.txt,2437,380251.400,FINESTEERING,SOL_COMPUTED,NARROW_INT,29,27,0.041,0.0813,1.4,1314
gnss_raw.txt,2437,380251.500,FINESTEERING,SOL_COMPUTED,NARROW_INT,29,27,0.0414,0.0817,1.5,1314
gnss_raw.txt,2437,380251.600,FINESTEERING,SOL_COMPUTED,NARROW_INT,29,27,0.0421,0.0823,1.6,1314
gnss_raw.txt,2437,380251.700,FINESTEERING,SOL_COMPUTED,NARROW_INT,29,27,0.043,0.083,1.7,1314
gnss_raw.txt,2437,380251.800,FINESTEERING,SOL_COMPUTED,NARROW_INT,29,27,0.0441,0.0838,1.8,1314
gnss_raw.txt,2437,380251.900,FINESTEERING,SOL_COMPUTED,NARROW_INT,29,27,0.0449,0.0845,0.9,1314
gnss_raw.txt,2437,380252.000,FINESTEERING,SOL_COMPUTED,NARROW_INT,29,27,0.0372,0.072,1.0,1314
gnss_raw.txt,2437,380252.100,FINESTEERING,SOL_COMPUTED,NARROW_INT,29,27,0.0383,0.0729,1.1,1314
gnss_raw.txt,2437,380252.200,FINESTEERING,SOL_COMPUTED,NARROW_INT,29,27,0.0395,0.0739,1.2,1314
gnss_raw.txt,2437,380252.300,FINESTEERING,SOL_COMPUTED,NARROW_INT,29,27,0.0405,0.0748,1.3,1314
gnss_raw.txt,2437,380252.400,FINESTEERING,SOL_COMPUTED,NARROW_INT,29,27,0.0413,0.0756,1.4,1314
gnss_raw.txt,2437,380252.500,FINESTEERING,SOL_COMPUTED,NARROW_INT,29,27,0.0423,0.0764,1.5,1314
gnss_raw.txt,2437,380252.600,FINESTEERING,SOL_COMPUTED,NARROW_INT,29,27,0.0426,0.0769,1.6,1314
gnss_raw.txt,2437,380252.700,FINESTEERING,SOL_COMPUTED,NARROW_INT,29,27,0.0435,0.0777,1.7,1314
gnss_raw.txt,2437,380252.800,FINESTEERING,SOL_COMPUTED,NARROW_INT,29,27,0.0454,0.079,0.8,1314
gnss_raw.txt,2437,380252.900,FINESTEERING,SOL_COMPUTED,NARROW_INT,29,27,0.0465,0.08,0.9,1314
gnss_raw.txt,2437,380253.000,FINESTEERING,SOL_COMPUTED,NARROW_INT,29,27,0.0356,0.0712,1.0,1314
gnss_raw.txt,2437,380253.100,FINESTEERING,SOL_COMPUTED,NARROW_INT,29,27,0.0364,0.0719,1.1,1314
gnss_raw.txt,2437,380253.200,FINESTEERING,SOL_COMPUTED,NARROW_INT,29,27,0.0368,0.0725,1.2,1314
gnss_raw.txt,2437,380253.300,FINESTEERING,SOL_COMPUTED,NARROW_INT,29,27,0.0376,0.0731,1.3,1314
gnss_raw.txt,2437,380253.400,FINESTEERING,SOL_COMPUTED,NARROW_INT,29,27,0.0383,0.0737,1.4,1314
gnss_raw.txt,2437,380253.500,FINESTEERING,SOL_COMPUTED,NARROW_INT,29,27,0.0394,0.0746,1.5,1314
gnss_raw.txt,2437,380253.600,FINESTEERING,SOL_COMPUTED,NARROW_INT,29,27,0.0407,0.0756,1.6,1314
gnss_raw.txt,2437,380253.700,FINESTEERING,SOL_COMPUTED,NARROW_INT,29,27,0.0418,0.0765,1.7,1314
gnss_raw.txt,2437,380253.800,FINESTEERING,SOL_COMPUTED,NARROW_INT,29,27,0.0427,0.0774,1.8,1314
gnss_raw.txt,2437,380253.900,FINESTEERING,SOL_COMPUTED,NARROW_INT,29,27,0.0432,0.078,0.9,1314
gnss_raw.txt,2437,380254.000,FINESTEERING,SOL_COMPUTED,NARROW_INT,29,27,0.0332,0.0704,1.0,1314
gnss_raw.txt,2437,380254.100,FINESTEERING,SOL_COMPUTED,NARROW_INT,29,27,0.0336,0.0709,1.1,1314
gnss_raw.txt,2437,380254.200,FINESTEERING,SOL_COMPUTED,NARROW_INT,29,27,0.0343,0.0714,1.2,1314
gnss_raw.txt,2437,380254.300,FINESTEERING,SOL_COMPUTED,NARROW_INT,29,27,0.035,0.072,1.3,1314
gnss_raw.txt,2437,380254.400,FINESTEERING,SOL_COMPUTED,NARROW_INT,29,27,0.0357,0.0726,1.4,1314
gnss_raw.txt,2437,380254.500,FINESTEERING,SOL_COMPUTED,NARROW_INT,29,27,0.0364,0.0732,1.5,1314
gnss_raw.txt,2437,380254.600,FINESTEERING,SOL_COMPUTED,NARROW_INT,29,27,0.037,0.0737,1.6,1314
gnss_raw.txt,2437,380254.700,FINESTEERING,SOL_COMPUTED,NARROW_INT,29,27,0.0376,0.0743,1.7,1314
gnss_raw.txt,2437,380254.800,FINESTEERING,SOL_COMPUTED,NARROW_INT,29,27,0.0384,0.0749,1.8,1314
gnss_raw.txt,2437,380254.900,FINESTEERING,SOL_COMPUTED,NARROW_INT,29,27,0.039,0.0755,1.9,1314
gnss_raw.txt,2437,380255.000,FINESTEERING,SOL_COMPUTED,NARROW_INT,29,27,0.0313,0.0688,1.0,1314
gnss_raw.txt,2437,380255.100,FINESTEERING,SOL_COMPUTED,NARROW_INT,29,27,0.0322,0.0696,1.1,1314
gnss_raw.txt,2437,380255.200,FINESTEERING,SOL_COMPUTED,NARROW_INT,29,27,0.0333,0.0703,1.2,1314
gnss_raw.txt,2437,380255.300,FINESTEERING,SOL_COMPUTED,NARROW_INT,29,27,0.0341,0.071,1.3,1314
gnss_raw.txt,2437,380255.400,FINESTEERING,SOL_COMPUTED,NARROW_INT,29,27,0.0348,0.0717,1.4,1314
gnss_raw.txt,2437,380255.500,FINESTEERING,SOL_COMPUTED,NARROW_INT,29,27,0.0353,0.0722,1.5,1314
gnss_raw.txt,2437,380255.600,FINESTEERING,SOL_COMPUTED,NARROW_INT,29,27,0.0364,0.073,1.6,1314
gnss_raw.txt,2437,380255.700,FINESTEERING,SOL_COMPUTED,NARROW_INT,29,27,0.0371,0.0736,1.7,1314
gnss_raw.txt,2437,380255.800,FINESTEERING,SOL_COMPUTED,NARROW_INT,29,27,0.0379,0.0743,1.8,1314
gnss_raw.txt,2437,380255.900,FINESTEERING,SOL_COMPUTED,NARROW_INT,29,27,0.0382,0.0747,1.9,1314
gnss_raw.txt,2437,380256.000,FINESTEERING,SOL_COMPUTED,NARROW_INT,29,27,0.0321,0.068,1.0,1314
gnss_raw.txt,2437,380256.100,FINESTEERING,SOL_COMPUTED,NARROW_INT,29,27,0.0327,0.0686,1.1,1314
gnss_raw.txt,2437,380256.200,FINESTEERING,SOL_COMPUTED,NARROW_INT,29,27,0.0341,0.0696,1.2,1314
gnss_raw.txt,2437,380256.300,FINESTEERING,SOL_COMPUTED,NARROW_INT,29,27,0.035,0.0703,1.3,1314
gnss_raw.txt,2437,380256.400,FINESTEERING,SOL_COMPUTED,NARROW_INT,29,27,0.0356,0.0709,1.4,1314
gnss_raw.txt,2437,380256.500,FINESTEERING,SOL_COMPUTED,NARROW_INT,29,27,0.038,0.0724,1.5,1314
gnss_raw.txt,2437,380256.600,FINESTEERING,SOL_COMPUTED,NARROW_INT,29,27,0.0385,0.0731,1.6,1314
gnss_raw.txt,2437,380256.700,FINESTEERING,SOL_COMPUTED,NARROW_INT,29,27,0.0397,0.074,1.7,1314
gnss_raw.txt,2437,380256.800,FINESTEERING,SOL_COMPUTED,NARROW_INT,29,27,0.0408,0.075,1.8,1314
gnss_raw.txt,2437,380256.900,FINESTEERING,SOL_COMPUTED,NARROW_INT,29,27,0.0416,0.0758,0.9,1314
gnss_raw.txt,2437,380257.000,FINESTEERING,SOL_COMPUTED,NARROW_INT,29,27,0.036,0.0697,1.0,1314
gnss_raw.txt,2437,380257.100,FINESTEERING,SOL_COMPUTED,NARROW_INT,29,27,0.0366,0.0703,1.1,1314
gnss_raw.txt,2437,380257.200,FINESTEERING,SOL_COMPUTED,NARROW_INT,29,27,0.0377,0.0712,1.2,1314
gnss_raw.txt,2437,380257.300,FINESTEERING,SOL_COMPUTED,NARROW_INT,29,27,0.0391,0.0722,1.3,1314
gnss_raw.txt,2437,380257.400,FINESTEERING,SOL_COMPUTED,NARROW_INT,29,27,0.0407,0.0734,1.4,1314
gnss_raw.txt,2437,380257.500,FINESTEERING,SOL_COMPUTED,NARROW_INT,29,27,0.0422,0.0746,1.5,1314
gnss_raw.txt,2437,380257.600,FINESTEERING,SOL_COMPUTED,NARROW_INT,29,27,0.0431,0.0756,1.6,1314
gnss_raw.txt,2437,380257.700,FINESTEERING,SOL_COMPUTED,NARROW_INT,29,27,0.0446,0.0769,1.7,1314
gnss_raw.txt,2437,380257.800,FINESTEERING,SOL_COMPUTED,NARROW_INT,29,27,0.0455,0.0779,0.8,1314
gnss_raw.txt,2437,380257.900,FINESTEERING,SOL_COMPUTED,NARROW_INT,29,27,0.0465,0.0789,0.9,1314
gnss_raw.txt,2437,380258.000,FINESTEERING,SOL_COMPUTED,NARROW_INT,29,27,0.0376,0.0731,1.0,1314
gnss_raw.txt,2437,380258.100,FINESTEERING,SOL_COMPUTED,NARROW_INT,29,27,0.0381,0.0736,1.1,1314
gnss_raw.txt,2437,380258.200,FINESTEERING,SOL_COMPUTED,NARROW_INT,29,27,0.0392,0.0744,1.2,1314
gnss_raw.txt,2437,380258.300,FINESTEERING,SOL_COMPUTED,NARROW_INT,29,27,0.04,0.0751,1.3,1314
gnss_raw.txt,2437,380258.400,FINESTEERING,SOL_COMPUTED,NARROW_INT,29,27,0.041,0.076,1.4,1314
gnss_raw.txt,2437,380258.500,FINESTEERING,SOL_COMPUTED,NARROW_INT,29,27,0.0422,0.0771,1.5,1314
gnss_raw.txt,2437,380258.600,FINESTEERING,SOL_COMPUTED,NARROW_INT,29,27,0.0435,0.0784,1.6,1314
gnss_raw.txt,2437,380258.700,FINESTEERING,SOL_COMPUTED,NARROW_INT,29,27,0.0441,0.0791,0.7,1314
gnss_raw.txt,2437,380258.800,FINESTEERING,SOL_COMPUTED,NARROW_INT,29,27,0.0451,0.0799,0.8,1314
gnss_raw.txt,2437,380258.900,FINESTEERING,SOL_COMPUTED,NARROW_INT,29,27,0.0462,0.081,0.9,1314
gnss_raw.txt,2437,380259.000,FINESTEERING,SOL_COMPUTED,NARROW_INT,29,27,0.0368,0.0734,1.0,1314
gnss_raw.txt,2437,380259.100,FINESTEERING,SOL_COMPUTED,NARROW_INT,29,27,0.0387,0.0747,1.1,1314
gnss_raw.txt,2437,380259.200,FINESTEERING,SOL_COMPUTED,NARROW_INT,29,27,0.0397,0.0756,1.2,1314
gnss_raw.txt,2437,380259.300,FINESTEERING,SOL_COMPUTED,NARROW_INT,29,27,0.0412,0.0769,1.3,1314
gnss_raw.txt,2437,380259.400,FINESTEERING,SOL_COMPUTED,NARROW_INT,29,27,0.0419,0.0776,1.4,1314
gnss_raw.txt,2437,380259.500,FINESTEERING,SOL_COMPUTED,NARROW_INT,29,27,0.0432,0.0786,1.5,1314
gnss_raw.txt,2437,380259.600,FINESTEERING,SOL_COMPUTED,NARROW_INT,29,27,0.0443,0.0795,1.6,1314
gnss_raw.txt,2437,380259.700,FINESTEERING,SOL_COMPUTED,NARROW_INT,29,27,0.045,0.0802,0.7,1314
gnss_raw.txt,2437,380259.800,FINESTEERING,SOL_COMPUTED,NARROW_INT,29,27,0.0469,0.0815,0.8,1314
gnss_raw.txt,2437,380259.900,FINESTEERING,SOL_COMPUTED,NARROW_INT,29,27,0.0481,0.0825,0.9,1314
gnss_raw.txt,2437,380260.000,FINESTEERING,SOL_COMPUTED,NARROW_INT,29,27,0.0407,0.0779,1.0,1314
gnss_raw.txt,2437,380260.100,FINESTEERING,SOL_COMPUTED,NARROW_INT,29,27,0.0419,0.0788,1.1,1314
gnss_raw.txt,2437,380260.200,FINESTEERING,SOL_COMPUTED,NARROW_INT,29,27,0.0427,0.0793,1.2,1314
gnss_raw.txt,2437,380260.300,FINESTEERING,SOL_COMPUTED,NARROW_INT,29,27,0.0431,0.0798,1.3,1314
gnss_raw.txt,2437,380260.400,FINESTEERING,SOL_COMPUTED,NARROW_INT,29,27,0.0447,0.0808,1.4,1314
gnss_raw.txt,2437,380260.500,FINESTEERING,SOL_COMPUTED,NARROW_INT,29,27,0.0454,0.0815,1.5,1314
gnss_raw.txt,2437,380260.600,FINESTEERING,SOL_COMPUTED,NARROW_INT,29,27,0.046,0.0819,1.6,1314
gnss_raw.txt,2437,380260.700,FINESTEERING,SOL_COMPUTED,NARROW_INT,29,27,0.0467,0.0825,0.7,1314
gnss_raw.txt,2437,380260.800,FINESTEERING,SOL_COMPUTED,NARROW_INT,29,27,0.0473,0.0831,0.8,1314
gnss_raw.txt,2437,380260.900,FINESTEERING,SOL_COMPUTED,NARROW_INT,29,27,0.0478,0.0837,0.9,1314
gnss_raw.txt,2437,380261.000,FINESTEERING,SOL_COMPUTED,NARROW_INT,29,27,0.0352,0.0811,1.0,1314
gnss_raw.txt,2437,380261.100,FINESTEERING,SOL_COMPUTED,NARROW_INT,29,27,0.036,0.0816,1.1,1314
gnss_raw.txt,2437,380261.200,FINESTEERING,SOL_COMPUTED,NARROW_INT,29,27,0.037,0.0823,1.2,1314
gnss_raw.txt,2437,380261.300,FINESTEERING,SOL_COMPUTED,NARROW_INT,29,27,0.0377,0.0828,1.3,1314
gnss_raw.txt,2437,380261.400,FINESTEERING,SOL_COMPUTED,NARROW_INT,29,27,0.0381,0.0831,1.4,1314
gnss_raw.txt,2437,380261.500,FINESTEERING,SOL_COMPUTED,NARROW_INT,29,27,0.0384,0.0834,1.5,1314
gnss_raw.txt,2437,380261.600,FINESTEERING,SOL_COMPUTED,NARROW_INT,29,27,0.0387,0.0837,1.6,1314
gnss_raw.txt,2437,380261.700,FINESTEERING,SOL_COMPUTED,NARROW_INT,29,27,0.0391,0.0841,1.7,1314
gnss_raw.txt,2437,380261.800,FINESTEERING,SOL_COMPUTED,NARROW_INT,29,27,0.0397,0.0845,0.8,1314
gnss_raw.txt,2437,380261.900,FINESTEERING,SOL_COMPUTED,NARROW_INT,29,27,0.0401,0.0849,0.9,1314
gnss_raw.txt,2437,380262.000,FINESTEERING,SOL_COMPUTED,NARROW_INT,29,27,0.0286,0.0641,1.0,1314
gnss_raw.txt,2437,380262.100,FINESTEERING,SOL_COMPUTED,NARROW_INT,29,27,0.0299,0.065,1.1,1314
gnss_raw.txt,2437,380262.200,FINESTEERING,SOL_COMPUTED,NARROW_INT,29,27,0.0303,0.0654,1.2,1314
gnss_raw.txt,2437,380262.300,FINESTEERING,SOL_COMPUTED,NARROW_INT,29,27,0.0309,0.0659,1.3,1314
gnss_raw.txt,2437,380262.400,FINESTEERING,SOL_COMPUTED,NARROW_INT,29,27,0.0314,0.0664,1.4,1314
gnss_raw.txt,2437,380262.500,FINESTEERING,SOL_COMPUTED,NARROW_INT,29,27,0.0324,0.0671,1.5,1314
gnss_raw.txt,2437,380262.600,FINESTEERING,SOL_COMPUTED,NARROW_INT,29,27,0.0332,0.0677,1.6,1314
gnss_raw.txt,2437,380262.700,FINESTEERING,SOL_COMPUTED,NARROW_INT,30,28,0.0337,0.0682,0.7,1314
gnss_raw.txt,2437,380262.800,FINESTEERING,SOL_COMPUTED,NARROW_INT,30,28,0.0344,0.0687,0.8,1314
gnss_raw.txt,2437,380262.900,FINESTEERING,SOL_COMPUTED,NARROW_INT,30,28,0.0362,0.0699,0.9,1314
gnss_raw.txt,2437,380263.000,FINESTEERING,SOL_COMPUTED,NARROW_INT,30,28,0.0307,0.0632,1.0,1314
gnss_raw.txt,2437,380263.100,FINESTEERING,SOL_COMPUTED,NARROW_INT,30,28,0.0324,0.0643,1.1,1314
gnss_raw.txt,2437,380263.200,FINESTEERING,SOL_COMPUTED,NARROW_INT,30,28,0.0338,0.0654,1.2,1314
gnss_raw.txt,2437,380263.300,FINESTEERING,SOL_COMPUTED,NARROW_INT,30,28,0.0349,0.0663,1.3,1314
gnss_raw.txt,2437,380263.400,FINESTEERING,SOL_COMPUTED,NARROW_INT,30,28,0.0361,0.0672,1.4,1314
gnss_raw.txt,2437,380263.500,FINESTEERING,SOL_COMPUTED,NARROW_INT,30,28,0.0369,0.0679,1.5,1314
gnss_raw.txt,2437,380263.600,FINESTEERING,SOL_COMPUTED,NARROW_INT,30,28,0.0387,0.0691,1.6,1314
gnss_raw.txt,2437,380263.700,FINESTEERING,SOL_COMPUTED,NARROW_INT,31,29,0.0403,0.0703,1.7,1314
gnss_raw.txt,2437,380263.800,FINESTEERING,SOL_COMPUTED,NARROW_INT,31,29,0.0415,0.0712,1.8,1314
gnss_raw.txt,2437,380263.900,FINESTEERING,SOL_COMPUTED,NARROW_INT,31,29,0.0429,0.0724,1.9,1314
gnss_raw.txt,2437,380264.000,FINESTEERING,SOL_COMPUTED,NARROW_INT,31,29,0.0397,0.0702,1.0,1314
gnss_raw.txt,2437,380264.100,FINESTEERING,SOL_COMPUTED,NARROW_INT,31,29,0.0409,0.0712,1.1,1314
gnss_raw.txt,2437,380264.200,FINESTEERING,SOL_COMPUTED,NARROW_INT,31,29,0.0424,0.0723,1.2,1314
gnss_raw.txt,2437,380264.300,FINESTEERING,SOL_COMPUTED,NARROW_INT,31,29,0.0429,0.0728,1.3,1314
gnss_raw.txt,2437,380264.400,FINESTEERING,SOL_COMPUTED,NARROW_INT,31,29,0.0437,0.0735,1.4,1314
gnss_raw.txt,2437,380264.500,FINESTEERING,SOL_COMPUTED,NARROW_INT,31,29,0.045,0.0745,1.5,1314
gnss_raw.txt,2437,380264.600,FINESTEERING,SOL_COMPUTED,NARROW_INT,31,29,0.0458,0.0752,1.6,1314
gnss_raw.txt,2437,380264.700,FINESTEERING,SOL_COMPUTED,NARROW_INT,31,29,0.0471,0.0763,1.7,1314
gnss_raw.txt,2437,380264.800,FINESTEERING,SOL_COMPUTED,NARROW_INT,31,29,0.0485,0.0774,0.8,1314
gnss_raw.txt,2437,380264.900,FINESTEERING,SOL_COMPUTED,NARROW_INT,31,29,0.0488,0.0779,0.9,1314
gnss_raw.txt,2437,380265.000,FINESTEERING,SOL_COMPUTED,NARROW_INT,31,29,0.0382,0.0693,1.0,1314
gnss_raw.txt,2437,380265.100,FINESTEERING,SOL_COMPUTED,NARROW_INT,31,29,0.0392,0.0701,1.1,1314
gnss_raw.txt,2437,380265.200,FINESTEERING,SOL_COMPUTED,NARROW_INT,31,29,0.0396,0.0706,1.2,1314
gnss_raw.txt,2437,380265.300,FINESTEERING,SOL_COMPUTED,NARROW_INT,31,29,0.0406,0.0713,1.3,1314
gnss_raw.txt,2437,380265.400,FINESTEERING,SOL_COMPUTED,NARROW_INT,31,29,0.041,0.0718,1.4,1314
gnss_raw.txt,2437,380265.500,FINESTEERING,SOL_COMPUTED,NARROW_INT,31,29,0.0424,0.0728,1.5,1314
gnss_raw.txt,2437,380265.600,FINESTEERING,SOL_COMPUTED,NARROW_INT,31,29,0.043,0.0734,1.6,1314
gnss_raw.txt,2437,380265.700,FINESTEERING,SOL_COMPUTED,NARROW_INT,32,29,0.0435,0.074,1.7,1314
gnss_raw.txt,2437,380265.800,FINESTEERING,SOL_COMPUTED,NARROW_INT,32,29,0.0444,0.0747,0.8,1314
gnss_raw.txt,2437,380265.900,FINESTEERING,SOL_COMPUTED,NARROW_INT,32,29,0.0452,0.0753,0.9,1314
gnss_raw.txt,2437,380266.000,FINESTEERING,SOL_COMPUTED,NARROW_INT,32,29,0.0293,0.0542,1.0,1314
gnss_raw.txt,2437,380266.100,FINESTEERING,SOL_COMPUTED,NARROW_INT,32,29,0.0304,0.055,1.1,1314
gnss_raw.txt,2437,380266.200,FINESTEERING,SOL_COMPUTED,NARROW_INT,32,29,0.0367,0.0588,1.2,1314
gnss_raw.txt,2437,380266.300,FINESTEERING,SOL_COMPUTED,NARROW_INT,32,29,0.0375,0.0597,1.3,1314
gnss_raw.txt,2437,380266.400,FINESTEERING,SOL_COMPUTED,NARROW_INT,32,29,0.0383,0.0604,1.4,1314
gnss_raw.txt,2437,380266.500,FINESTEERING,SOL_COMPUTED,NARROW_INT,32,29,0.0392,0.0613,1.5,1314
gnss_raw.txt,2437,380266.600,FINESTEERING,SOL_COMPUTED,NARROW_INT,32,29,0.0406,0.0624,1.6,1314
gnss_raw.txt,2437,380266.700,FINESTEERING,SOL_COMPUTED,NARROW_INT,32,29,0.0411,0.0631,1.7,1314
gnss_raw.txt,2437,380266.800,FINESTEERING,SOL_COMPUTED,NARROW_INT,32,29,0.0416,0.0636,1.8,1314
gnss_raw.txt,2437,380266.900,FINESTEERING,SOL_COMPUTED,NARROW_INT,32,29,0.0419,0.0641,0.9,1314
gnss_raw.txt,2437,380267.000,FINESTEERING,SOL_COMPUTED,NARROW_INT,32,29,0.0343,0.0565,1.0,1314
gnss_raw.txt,2437,380267.100,FINESTEERING,SOL_COMPUTED,NARROW_INT,32,29,0.0348,0.057,1.1,1314
gnss_raw.txt,2437,380267.200,FINESTEERING,SOL_COMPUTED,NARROW_INT,32,29,0.0352,0.0576,1.2,1314
gnss_raw.txt,2437,380267.300,FINESTEERING,SOL_COMPUTED,NARROW_INT,32,29,0.0359,0.0582,1.3,1314
gnss_raw.txt,2437,380267.400,FINESTEERING,SOL_COMPUTED,NARROW_INT,32,29,0.0368,0.0591,1.4,1314
gnss_raw.txt,2437,380267.500,FINESTEERING,SOL_COMPUTED,NARROW_INT,32,29,0.0375,0.0597,1.5,1314
gnss_raw.txt,2437,380267.600,FINESTEERING,SOL_COMPUTED,NARROW_INT,32,29,0.0385,0.0606,1.6,1314
gnss_raw.txt,2437,380267.700,FINESTEERING,SOL_COMPUTED,NARROW_INT,32,29,0.0396,0.0617,1.7,1314
gnss_raw.txt,2437,380267.800,FINESTEERING,SOL_COMPUTED,NARROW_INT,32,29,0.0401,0.0623,1.8,1314
gnss_raw.txt,2437,380267.900,FINESTEERING,SOL_COMPUTED,NARROW_INT,32,29,0.0414,0.0634,0.9,1314
gnss_raw.txt,2437,380268.000,FINESTEERING,SOL_COMPUTED,NARROW_INT,32,29,0.0295,0.0532,1.0,1314
gnss_raw.txt,2437,380268.100,FINESTEERING,SOL_COMPUTED,NARROW_INT,32,29,0.0313,0.0546,1.1,1314
gnss_raw.txt,2437,380268.200,FINESTEERING,SOL_COMPUTED,NARROW_INT,32,29,0.0326,0.0558,1.2,1314
gnss_raw.txt,2437,380268.300,FINESTEERING,SOL_COMPUTED,NARROW_INT,32,29,0.0341,0.0569,1.3,1314
gnss_raw.txt,2437,380268.400,FINESTEERING,SOL_COMPUTED,NARROW_INT,32,29,0.0354,0.058,1.4,1314
gnss_raw.txt,2437,380268.500,FINESTEERING,SOL_COMPUTED,NARROW_INT,32,29,0.037,0.0595,1.5,1314
gnss_raw.txt,2437,380268.600,FINESTEERING,SOL_COMPUTED,NARROW_INT,32,29,0.0381,0.0606,1.6,1314
gnss_raw.txt,2437,380268.700,FINESTEERING,SOL_COMPUTED,NARROW_INT,32,29,0.0398,0.0619,1.7,1314
gnss_raw.txt,2437,380268.800,FINESTEERING,SOL_COMPUTED,NARROW_INT,32,29,0.0409,0.0629,1.8,1314
gnss_raw.txt,2437,380268.900,FINESTEERING,SOL_COMPUTED,NARROW_INT,32,29,0.0423,0.0641,0.9,1314
gnss_raw.txt,2437,380269.000,FINESTEERING,SOL_COMPUTED,NARROW_INT,32,29,0.0351,0.0565,1.0,1314
gnss_raw.txt,2437,380269.100,FINESTEERING,SOL_COMPUTED,NARROW_INT,32,29,0.0366,0.0579,1.1,1314
gnss_raw.txt,2437,380269.200,FINESTEERING,SOL_COMPUTED,NARROW_INT,32,29,0.0378,0.059,1.2,1314
gnss_raw.txt,2437,380269.300,FINESTEERING,SOL_COMPUTED,NARROW_INT,32,29,0.0397,0.0605,1.3,1314
gnss_raw.txt,2437,380269.400,FINESTEERING,SOL_COMPUTED,NARROW_INT,32,29,0.0413,0.0619,1.4,1314
gnss_raw.txt,2437,380269.500,FINESTEERING,SOL_COMPUTED,NARROW_INT,32,29,0.0422,0.0629,1.5,1314
gnss_raw.txt,2437,380269.600,FINESTEERING,SOL_COMPUTED,NARROW_INT,32,29,0.0443,0.0646,1.6,1314
gnss_raw.txt,2437,380269.700,FINESTEERING,SOL_COMPUTED,NARROW_INT,32,29,0.0449,0.0653,1.7,1314
gnss_raw.txt,2437,380269.800,FINESTEERING,SOL_COMPUTED,NARROW_INT,32,29,0.0457,0.0661,1.8,1314
gnss_raw.txt,2437,380269.900,FINESTEERING,SOL_COMPUTED,NARROW_INT,32,29,0.0465,0.0669,0.9,1314
gnss_raw.txt,2437,380270.000,FINESTEERING,SOL_COMPUTED,NARROW_INT,32,29,0.04,0.0723,1.0,1314
gnss_raw.txt,2437,380270.100,FINESTEERING,SOL_COMPUTED,NARROW_INT,32,29,0.0413,0.0732,1.1,1314
gnss_raw.txt,2437,380270.200,FINESTEERING,SOL_COMPUTED,NARROW_INT,32,29,0.0422,0.0741,1.2,1314
gnss_raw.txt,2437,380270.300,FINESTEERING,SOL_COMPUTED,NARROW_INT,32,29,0.0434,0.0749,1.3,1314
gnss_raw.txt,2437,380270.400,FINESTEERING,SOL_COMPUTED,NARROW_INT,32,29,0.0441,0.0755,1.4,1314
gnss_raw.txt,2437,380270.500,FINESTEERING,SOL_COMPUTED,NARROW_INT,32,29,0.0456,0.0766,1.5,1314
gnss_raw.txt,2437,380270.600,FINESTEERING,SOL_COMPUTED,NARROW_INT,32,29,0.048,0.0782,1.6,1314
gnss_raw.txt,2437,380270.700,FINESTEERING,SOL_COMPUTED,NARROW_INT,32,29,0.0494,0.0793,1.7,1314
gnss_raw.txt,2437,380270.800,FINESTEERING,SOL_COMPUTED,NARROW_INT,32,29,0.0509,0.0805,1.8,1314
gnss_raw.txt,2437,380270.900,FINESTEERING,SOL_COMPUTED,NARROW_INT,32,29,0.052,0.0817,1.9,1314
gnss_raw.txt,2437,380271.000,FINESTEERING,SOL_COMPUTED,NARROW_INT,32,29,0.042,0.07,1.0,1314
gnss_raw.txt,2437,380271.100,FINESTEERING,SOL_COMPUTED,NARROW_INT,32,29,0.0434,0.0713,1.1,1314
gnss_raw.txt,2437,380271.200,FINESTEERING,SOL_COMPUTED,NARROW_INT,32,29,0.0448,0.0725,1.2,1314
gnss_raw.txt,2437,380271.300,FINESTEERING,SOL_COMPUTED,NARROW_INT,32,29,0.0463,0.0738,1.3,1314
gnss_raw.txt,2437,380271.400,FINESTEERING,SOL_COMPUTED,NARROW_INT,32,29,0.0475,0.0749,1.4,1314
gnss_raw.txt,2437,380271.500,FINESTEERING,SOL_COMPUTED,NARROW_INT,32,29,0.0493,0.0763,1.5,1314
gnss_raw.txt,2437,380271.600,FINESTEERING,SOL_COMPUTED,NARROW_INT,32,29,0.05,0.077,1.6,1314
gnss_raw.txt,2437,380271.700,FINESTEERING,SOL_COMPUTED,NARROW_INT,32,29,0.0512,0.0781,1.7,1314
gnss_raw.txt,2437,380271.800,FINESTEERING,SOL_COMPUTED,NARROW_INT,32,29,0.0522,0.079,0.8,1314
gnss_raw.txt,2437,380271.900,FINESTEERING,SOL_COMPUTED,NARROW_INT,32,29,0.0565,0.082,0.9,1314
gnss_raw.txt,2437,380272.000,FINESTEERING,SOL_COMPUTED,NARROW_INT,32,29,0.0469,0.0743,1.0,1314
gnss_raw.txt,2437,380272.100,FINESTEERING,SOL_COMPUTED,NARROW_INT,32,29,0.0485,0.0758,1.1,1314
gnss_raw.txt,2437,380272.200,FINESTEERING,SOL_COMPUTED,NARROW_INT,32,29,0.0509,0.078,1.2,1314
gnss_raw.txt,2437,380272.300,FINESTEERING,SOL_COMPUTED,NARROW_INT,32,29,0.0521,0.0791,1.3,1314
gnss_raw.txt,2437,380272.400,FINESTEERING,SOL_COMPUTED,NARROW_INT,32,29,0.0536,0.0803,1.4,1314
gnss_raw.txt,2437,380272.500,FINESTEERING,SOL_COMPUTED,NARROW_INT,32,29,0.0554,0.0819,1.5,1314
gnss_raw.txt,2437,380272.600,FINESTEERING,SOL_COMPUTED,NARROW_INT,32,29,0.0565,0.0829,1.6,1314
gnss_raw.txt,2437,380272.700,FINESTEERING,SOL_COMPUTED,NARROW_INT,32,29,0.0595,0.0853,1.7,1314
gnss_raw.txt,2437,380272.800,FINESTEERING,SOL_COMPUTED,NARROW_INT,32,29,0.0605,0.0863,0.8,1314
gnss_raw.txt,2437,380272.900,FINESTEERING,SOL_COMPUTED,NARROW_INT,32,29,0.0615,0.0874,0.9,1314
gnss_raw.txt,2437,380273.000,FINESTEERING,SOL_COMPUTED,NARROW_INT,32,29,0.0506,0.0805,1.0,1314
gnss_raw.txt,2437,380273.100,FINESTEERING,SOL_COMPUTED,NARROW_INT,32,29,0.0521,0.0816,1.1,1314
gnss_raw.txt,2437,380273.200,FINESTEERING,SOL_COMPUTED,NARROW_INT,32,29,0.0536,0.0828,1.2,1314
gnss_raw.txt,2437,380273.300,FINESTEERING,SOL_COMPUTED,NARROW_INT,32,29,0.0556,0.0844,1.3,1314
gnss_raw.txt,2437,380273.400,FINESTEERING,SOL_COMPUTED,NARROW_INT,32,29,0.058,0.0862,1.4,1314
gnss_raw.txt,2437,380273.500,FINESTEERING,SOL_COMPUTED,NARROW_INT,32,29,0.0585,0.0868,1.5,1314
gnss_raw.txt,2437,380273.600,FINESTEERING,SOL_COMPUTED,NARROW_INT,32,29,0.0593,0.0875,1.6,1314
gnss_raw.txt,2437,380273.700,FINESTEERING,SOL_COMPUTED,NARROW_INT,32,29,0.0596,0.0879,1.7,1314
gnss_raw.txt,2437,380273.800,FINESTEERING,SOL_COMPUTED,NARROW_INT,32,29,0.0619,0.0897,0.8,1314
gnss_raw.txt,2437,380273.900,FINESTEERING,SOL_COMPUTED,NARROW_INT,32,29,0.0623,0.0903,0.9,1314
gnss_raw.txt,2437,380274.000,FINESTEERING,SOL_COMPUTED,NARROW_INT,32,29,0.0633,0.0912,1.0,1314
gnss_raw.txt,2437,380274.100,FINESTEERING,SOL_COMPUTED,NARROW_INT,32,29,0.0644,0.0923,1.1,1314
gnss_raw.txt,2437,380274.200,FINESTEERING,SOL_COMPUTED,NARROW_INT,32,29,0.0655,0.0933,1.2,1314
gnss_raw.txt,2437,380274.300,FINESTEERING,SOL_COMPUTED,NARROW_INT,32,29,0.0662,0.094,1.3,1314
gnss_raw.txt,2437,380274.400,FINESTEERING,SOL_COMPUTED,NARROW_INT,32,29,0.0666,0.0945,1.4,1314
gnss_raw.txt,2437,380274.500,FINESTEERING,SOL_COMPUTED,NARROW_INT,32,29,0.0678,0.0956,1.5,1314
gnss_raw.txt,2437,380274.600,FINESTEERING,SOL_COMPUTED,NARROW_INT,32,29,0.069,0.0966,1.6,1314
gnss_raw.txt,2437,380274.700,FINESTEERING,SOL_COMPUTED,NARROW_INT,32,29,0.0698,0.0974,0.7,1314
gnss_raw.txt,2437,380274.800,FINESTEERING,SOL_COMPUTED,NARROW_INT,32,29,0.0704,0.098,0.8,1314
gnss_raw.txt,2437,380274.900,FINESTEERING,SOL_COMPUTED,NARROW_INT,32,29,0.071,0.0986,0.9,1314
gnss_raw.txt,2437,380275.000,FINESTEERING,SOL_COMPUTED,NARROW_INT,32,29,0.0716,0.0993,1.0,1314
gnss_raw.txt,2437,380275.100,FINESTEERING,SOL_COMPUTED,NARROW_INT,32,29,0.0724,0.1,1.1,1314
gnss_raw.txt,2437,380275.200,FINESTEERING,SOL_COMPUTED,NARROW_INT,32,29,0.073,0.1007,1.2,1314
gnss_raw.txt,2437,380275.300,FINESTEERING,SOL_COMPUTED,NARROW_INT,32,29,0.0735,0.1012,1.3,1314
gnss_raw.txt,2437,380275.400,FINESTEERING,SOL_COMPUTED,NARROW_INT,32,29,0.0738,0.1015,1.4,1314
gnss_raw.txt,2437,380275.500,FINESTEERING,SOL_COMPUTED,NARROW_INT,32,29,0.0744,0.1021,1.5,1314
gnss_raw.txt,2437,380275.600,FINESTEERING,SOL_COMPUTED,NARROW_INT,32,29,0.075,0.1028,1.6,1314
gnss_raw.txt,2437,380275.700,FINESTEERING,SOL_COMPUTED,NARROW_INT,32,29,0.0758,0.1035,1.7,1314
gnss_raw.txt,2437,380275.800,FINESTEERING,SOL_COMPUTED,NARROW_INT,32,29,0.0761,0.1038,1.8,1314
gnss_raw.txt,2437,380275.900,FINESTEERING,SOL_COMPUTED,NARROW_INT,32,29,0.0768,0.1045,0.9,1314
gnss_raw.txt,2437,380276.000,FINESTEERING,SOL_COMPUTED,NARROW_INT,32,29,0.0359,0.0719,1.0,1314
gnss_raw.txt,2437,380276.100,FINESTEERING,SOL_COMPUTED,NARROW_INT,32,29,0.0369,0.0727,1.1,1314
gnss_raw.txt,2437,380276.200,FINESTEERING,SOL_COMPUTED,NARROW_INT,32,29,0.0381,0.0736,1.2,1314
gnss_raw.txt,2437,380276.300,FINESTEERING,SOL_COMPUTED,NARROW_INT,32,29,0.0403,0.0751,1.3,1314
gnss_raw.txt,2437,380276.400,FINESTEERING,SOL_COMPUTED,NARROW_INT,32,29,0.042,0.0763,1.4,1314
gnss_raw.txt,2437,380276.500,FINESTEERING,SOL_COMPUTED,NARROW_INT,32,29,0.0435,0.0774,1.5,1314
gnss_raw.txt,2437,380276.600,FINESTEERING,SOL_COMPUTED,NARROW_INT,32,29,0.0454,0.0787,1.6,1314
gnss_raw.txt,2437,380276.700,FINESTEERING,SOL_COMPUTED,NARROW_INT,32,29,0.0467,0.0797,1.7,1314
gnss_raw.txt,2437,380276.800,FINESTEERING,SOL_COMPUTED,NARROW_INT,32,29,0.0478,0.0806,1.8,1314
gnss_raw.txt,2437,380276.900,FINESTEERING,SOL_COMPUTED,NARROW_INT,32,29,0.0488,0.0814,0.9,1314
gnss_raw.txt,2437,380277.000,FINESTEERING,SOL_COMPUTED,NARROW_INT,32,29,0.0378,0.063,1.0,1314
gnss_raw.txt,2437,380277.100,FINESTEERING,SOL_COMPUTED,NARROW_INT,32,29,0.0386,0.0637,1.1,1314
gnss_raw.txt,2437,380277.200,FINESTEERING,SOL_COMPUTED,NARROW_INT,32,29,0.0393,0.0644,1.2,1314
gnss_raw.txt,2437,380277.300,FINESTEERING,SOL_COMPUTED,NARROW_INT,32,29,0.0407,0.0655,1.3,1314
gnss_raw.txt,2437,380277.400,FINESTEERING,SOL_COMPUTED,NARROW_INT,32,29,0.0416,0.0663,1.4,1314
gnss_raw.txt,2437,380277.500,FINESTEERING,SOL_COMPUTED,NARROW_INT,32,29,0.0427,0.0673,1.5,1314
gnss_raw.txt,2437,380277.600,FINESTEERING,SOL_COMPUTED,NARROW_INT,32,29,0.0439,0.0682,1.6,1314
gnss_raw.txt,2437,380277.700,FINESTEERING,SOL_COMPUTED,NARROW_INT,32,29,0.0448,0.069,1.7,1314
gnss_raw.txt,2437,380277.800,FINESTEERING,SOL_COMPUTED,NARROW_INT,32,29,0.0456,0.0697,1.8,1314
gnss_raw.txt,2437,380277.900,FINESTEERING,SOL_COMPUTED,NARROW_INT,32,29,0.0464,0.0705,0.9,1314
gnss_raw.txt,2437,380278.000,FINESTEERING,SOL_COMPUTED,NARROW_INT,32,29,0.034,0.0593,1.0,1314
gnss_raw.txt,2437,380278.100,FINESTEERING,SOL_COMPUTED,NARROW_INT,32,29,0.0354,0.0604,1.1,1314
gnss_raw.txt,2437,380278.200,FINESTEERING,SOL_COMPUTED,NARROW_INT,32,29,0.0363,0.0611,1.2,1314
gnss_raw.txt,2437,380278.300,FINESTEERING,SOL_COMPUTED,NARROW_INT,32,29,0.0373,0.0619,1.3,1314
gnss_raw.txt,2437,380278.400,FINESTEERING,SOL_COMPUTED,NARROW_INT,32,29,0.042,0.0651,1.4,1314
gnss_raw.txt,2437,380278.500,FINESTEERING,SOL_COMPUTED,NARROW_INT,32,29,0.0425,0.0657,1.5,1314
gnss_raw.txt,2437,380278.600,FINESTEERING,SOL_COMPUTED,NARROW_INT,32,29,0.0434,0.0665,1.6,1314
gnss_raw.txt,2437,380278.700,FINESTEERING,SOL_COMPUTED,NARROW_INT,32,29,0.0447,0.0675,1.7,1314
gnss_raw.txt,2437,380278.800,FINESTEERING,SOL_COMPUTED,NARROW_INT,32,29,0.0456,0.0683,0.8,1314
gnss_raw.txt,2437,380278.900,FINESTEERING,SOL_COMPUTED,NARROW_INT,32,29,0.0464,0.0691,0.9,1314
gnss_raw.txt,2437,380279.000,FINESTEERING,SOL_COMPUTED,NARROW_INT,32,29,0.0364,0.0581,1.0,1314
gnss_raw.txt,2437,380279.100,FINESTEERING,SOL_COMPUTED,NARROW_INT,32,29,0.0373,0.059,1.1,1314
gnss_raw.txt,2437,380279.200,FINESTEERING,SOL_COMPUTED,NARROW_INT,32,29,0.0385,0.06,1.2,1314
gnss_raw.txt,2437,380279.300,FINESTEERING,SOL_COMPUTED,NARROW_INT,32,29,0.0399,0.0611,1.3,1314
gnss_raw.txt,2437,380279.400,FINESTEERING,SOL_COMPUTED,NARROW_INT,32,29,0.0405,0.0617,1.4,1314
gnss_raw.txt,2437,380279.500,FINESTEERING,SOL_COMPUTED,NARROW_INT,32,29,0.0422,0.0632,1.5,1314
gnss_raw.txt,2437,380279.600,FINESTEERING,SOL_COMPUTED,NARROW_INT,32,29,0.0444,0.0649,1.6,1314
gnss_raw.txt,2437,380279.700,FINESTEERING,SOL_COMPUTED,NARROW_INT,32,29,0.0455,0.066,1.7,1314
gnss_raw.txt,2437,380279.800,FINESTEERING,SOL_COMPUTED,NARROW_INT,32,29,0.0467,0.0671,0.8,1314
gnss_raw.txt,2437,380279.900,FINESTEERING,SOL_COMPUTED,NARROW_INT,32,29,0.049,0.0689,0.9,1314
gnss_raw.txt,2437,380280.000,FINESTEERING,SOL_COMPUTED,NARROW_INT,32,29,0.0414,0.0581,1.0,1314
gnss_raw.txt,2437,380280.100,FINESTEERING,SOL_COMPUTED,NARROW_INT,32,29,0.0423,0.0591,1.1,1314
gnss_raw.txt,2437,380280.200,FINESTEERING,SOL_COMPUTED,NARROW_INT,32,29,0.0432,0.0601,1.2,1314
gnss_raw.txt,2437,380280.300,FINESTEERING,SOL_COMPUTED,NARROW_INT,32,29,0.048,0.064,1.3,1314
gnss_raw.txt,2437,380280.400,FINESTEERING,SOL_COMPUTED,NARROW_INT,32,29,0.0494,0.0654,1.4,1314
gnss_raw.txt,2437,380280.500,FINESTEERING,SOL_COMPUTED,NARROW_INT,32,29,0.0507,0.0666,1.5,1314
gnss_raw.txt,2437,380280.600,FINESTEERING,SOL_COMPUTED,NARROW_INT,32,29,0.0514,0.0675,1.6,1314
gnss_raw.txt,2437,380280.700,FINESTEERING,SOL_COMPUTED,NARROW_INT,32,29,0.0526,0.0686,1.7,1314
gnss_raw.txt,2437,380280.800,FINESTEERING,SOL_COMPUTED,NARROW_INT,32,29,0.0535,0.0696,1.8,1314
gnss_raw.txt,2437,380280.900,FINESTEERING,SOL_COMPUTED,NARROW_INT,32,29,0.0562,0.0721,0.9,1314
gnss_raw.txt,2437,380281.000,FINESTEERING,SOL_COMPUTED,NARROW_INT,32,29,0.0461,0.0772,1.0,1314
gnss_raw.txt,2437,380281.100,FINESTEERING,SOL_COMPUTED,NARROW_INT,32,29,0.0472,0.0781,1.1,1314
gnss_raw.txt,2437,380281.200,FINESTEERING,SOL_COMPUTED,NARROW_INT,32,29,0.0482,0.0789,1.2,1314
gnss_raw.txt,2437,380281.300,FINESTEERING,SOL_COMPUTED,NARROW_INT,32,29,0.0488,0.0795,1.3,1314
gnss_raw.txt,2437,380281.400,FINESTEERING,SOL_COMPUTED,NARROW_INT,32,29,0.0503,0.0806,1.4,1314
gnss_raw.txt,2437,380281.500,FINESTEERING,SOL_COMPUTED,NARROW_INT,32,29,0.0515,0.0816,1.5,1314
gnss_raw.txt,2437,380281.600,FINESTEERING,SOL_COMPUTED,NARROW_INT,32,29,0.0533,0.0831,1.6,1314
gnss_raw.txt,2437,380281.700,FINESTEERING,SOL_COMPUTED,NARROW_INT,32,29,0.0548,0.0844,0.7,1314
gnss_raw.txt,2437,380281.800,FINESTEERING,SOL_COMPUTED,NARROW_INT,32,29,0.0556,0.0852,0.8,1314
gnss_raw.txt,2437,380281.900,FINESTEERING,SOL_COMPUTED,NARROW_INT,32,29,0.0567,0.0862,0.9,1314
gnss_raw.txt,2437,380282.000,FINESTEERING,SOL_COMPUTED,NARROW_INT,32,29,0.0367,0.0577,1.0,1314
gnss_raw.txt,2437,380282.100,FINESTEERING,SOL_COMPUTED,NARROW_INT,32,29,0.038,0.0588,1.1,1314
gnss_raw.txt,2437,380282.200,FINESTEERING,SOL_COMPUTED,NARROW_INT,32,29,0.0388,0.0598,1.2,1314
gnss_raw.txt,2437,380282.300,FINESTEERING,SOL_COMPUTED,NARROW_INT,32,29,0.0396,0.0606,1.3,1314
gnss_raw.txt,2437,380282.400,FINESTEERING,SOL_COMPUTED,NARROW_INT,32,29,0.0405,0.0614,1.4,1314
gnss_raw.txt,2437,380282.500,FINESTEERING,SOL_COMPUTED,NARROW_INT,32,29,0.0411,0.0622,1.5,1314
gnss_raw.txt,2437,380282.600,FINESTEERING,SOL_COMPUTED,NARROW_INT,32,29,0.0419,0.063,1.6,1314
gnss_raw.txt,2437,380282.700,FINESTEERING,SOL_COMPUTED,NARROW_INT,32,29,0.0425,0.0636,1.7,1314
gnss_raw.txt,2437,380282.800,FINESTEERING,SOL_COMPUTED,NARROW_INT,32,29,0.0433,0.0645,1.8,1314
gnss_raw.txt,2437,380282.900,FINESTEERING,SOL_COMPUTED,NARROW_INT,33,29,0.044,0.0653,0.9,1314
gnss_raw.txt,2437,380283.000,FINESTEERING,SOL_COMPUTED,NARROW_INT,33,29,0.0293,0.0491,1.0,1314
gnss_raw.txt,2437,380283.100,FINESTEERING,SOL_COMPUTED,NARROW_INT,33,29,0.0304,0.0501,1.1,1314
gnss_raw.txt,2437,380283.200,FINESTEERING,SOL_COMPUTED,NARROW_INT,33,29,0.031,0.0508,1.2,1314
gnss_raw.txt,2437,380283.300,FINESTEERING,SOL_COMPUTED,NARROW_INT,33,29,0.032,0.0517,1.3,1314
gnss_raw.txt,2437,380283.400,FINESTEERING,SOL_COMPUTED,NARROW_INT,33,29,0.0327,0.0524,1.4,1314
gnss_raw.txt,2437,380283.500,FINESTEERING,SOL_COMPUTED,NARROW_INT,33,29,0.0343,0.0536,1.5,1314
gnss_raw.txt,2437,380283.600,FINESTEERING,SOL_COMPUTED,NARROW_INT,33,29,0.0348,0.0542,1.6,1314
gnss_raw.txt,2437,380283.700,FINESTEERING,SOL_COMPUTED,NARROW_INT,33,29,0.0355,0.0549,1.7,1314
gnss_raw.txt,2437,380283.800,FINESTEERING,SOL_COMPUTED,NARROW_INT,33,29,0.0363,0.0556,0.8,1314
gnss_raw.txt,2437,380283.900,FINESTEERING,SOL_COMPUTED,NARROW_INT,33,29,0.0371,0.0564,0.9,1314
gnss_raw.txt,2437,380284.000,FINESTEERING,SOL_COMPUTED,NARROW_INT,33,29,0.0273,0.0489,1.0,1314
gnss_raw.txt,2437,380284.100,FINESTEERING,SOL_COMPUTED,NARROW_INT,33,29,0.0285,0.0498,1.1,1314
gnss_raw.txt,2437,380284.200,FINESTEERING,SOL_COMPUTED,NARROW_INT,33,29,0.0294,0.0506,1.2,1314
gnss_raw.txt,2437,380284.300,FINESTEERING,SOL_COMPUTED,NARROW_INT,33,29,0.0305,0.0515,1.3,1314
gnss_raw.txt,2437,380284.400,FINESTEERING,SOL_COMPUTED,NARROW_INT,33,29,0.033,0.0533,1.4,1314
gnss_raw.txt,2437,380284.500,FINESTEERING,SOL_COMPUTED,NARROW_INT,33,29,0.0335,0.0539,1.5,1314
gnss_raw.txt,2437,380284.600,FINESTEERING,SOL_COMPUTED,NARROW_INT,33,29,0.0342,0.0546,1.6,1314
gnss_raw.txt,2437,380284.700,FINESTEERING,SOL_COMPUTED,NARROW_INT,33,29,0.0346,0.0551,1.7,1314
gnss_raw.txt,2437,380284.800,FINESTEERING,SOL_COMPUTED,NARROW_INT,33,29,0.0353,0.0558,0.8,1314
gnss_raw.txt,2437,380284.900,FINESTEERING,SOL_COMPUTED,NARROW_INT,33,29,0.0359,0.0564,0.9,1314
gnss_raw.txt,2437,380285.000,FINESTEERING,SOL_COMPUTED,NARROW_INT,33,29,0.0275,0.0484,1.0,1314
gnss_raw.txt,2437,380285.100,FINESTEERING,SOL_COMPUTED,NARROW_INT,33,29,0.0282,0.049,1.1,1314
gnss_raw.txt,2437,380285.200,FINESTEERING,SOL_COMPUTED,NARROW_INT,33,29,0.0286,0.0495,1.2,1314
gnss_raw.txt,2437,380285.300,FINESTEERING,SOL_COMPUTED,NARROW_INT,33,29,0.0293,0.0501,1.3,1314
gnss_raw.txt,2437,380285.400,FINESTEERING,SOL_COMPUTED,NARROW_INT,33,29,0.0299,0.0508,1.4,1314
gnss_raw.txt,2437,380285.500,FINESTEERING,SOL_COMPUTED,NARROW_INT,33,29,0.0305,0.0513,1.5,1314
gnss_raw.txt,2437,380285.600,FINESTEERING,SOL_COMPUTED,NARROW_INT,33,29,0.0313,0.052,1.6,1314
gnss_raw.txt,2437,380285.700,FINESTEERING,SOL_COMPUTED,NARROW_INT,33,29,0.0317,0.0526,1.7,1314
gnss_raw.txt,2437,380285.800,FINESTEERING,SOL_COMPUTED,NARROW_INT,33,29,0.0328,0.0534,1.8,1314
gnss_raw.txt,2437,380285.900,FINESTEERING,SOL_COMPUTED,NARROW_INT,33,29,0.0334,0.0541,0.9,1314
gnss_raw.txt,2437,380286.000,FINESTEERING,SOL_COMPUTED,NARROW_INT,33,29,0.0243,0.0459,1.0,1314
gnss_raw.txt,2437,380286.100,FINESTEERING,SOL_COMPUTED,NARROW_INT,33,29,0.025,0.0466,1.1,1314
gnss_raw.txt,2437,380286.200,FINESTEERING,SOL_COMPUTED,NARROW_INT,33,29,0.0256,0.0472,1.2,1314
gnss_raw.txt,2437,380286.300,FINESTEERING,SOL_COMPUTED,NARROW_INT,33,29,0.0269,0.0482,1.3,1314
gnss_raw.txt,2437,380286.400,FINESTEERING,SOL_COMPUTED,NARROW_INT,33,29,0.0287,0.0495,1.4,1314
gnss_raw.txt,2437,380286.500,FINESTEERING,SOL_COMPUTED,NARROW_INT,33,29,0.0294,0.0503,1.5,1314
gnss_raw.txt,2437,380286.600,FINESTEERING,SOL_COMPUTED,NARROW_INT,33,29,0.03,0.051,1.6,1314
gnss_raw.txt,2437,380286.700,FINESTEERING,SOL_COMPUTED,NARROW_INT,33,29,0.0313,0.0521,1.7,1314
gnss_raw.txt,2437,380286.800,FINESTEERING,SOL_COMPUTED,NARROW_INT,33,29,0.0325,0.0532,1.8,1314
gnss_raw.txt,2437,380286.900,FINESTEERING,SOL_COMPUTED,NARROW_INT,33,29,0.0334,0.054,0.9,1314
gnss_raw.txt,2437,380287.000,FINESTEERING,SOL_COMPUTED,NARROW_INT,33,29,0.0273,0.0488,1.0,1314
gnss_raw.txt,2437,380287.100,FINESTEERING,SOL_COMPUTED,NARROW_INT,33,29,0.0288,0.0498,1.1,1314
gnss_raw.txt,2437,380287.200,FINESTEERING,SOL_COMPUTED,NARROW_INT,32,28,0.0292,0.0504,1.2,1314
gnss_raw.txt,2437,380287.300,FINESTEERING,SOL_COMPUTED,NARROW_INT,32,28,0.0303,0.0513,1.3,1314
gnss_raw.txt,2437,380287.400,FINESTEERING,SOL_COMPUTED,NARROW_INT,32,28,0.031,0.0519,1.4,1314
gnss_raw.txt,2437,380287.500,FINESTEERING,SOL_COMPUTED,NARROW_INT,33,29,0.0313,0.0524,1.5,1314
gnss_raw.txt,2437,380287.600,FINESTEERING,SOL_COMPUTED,NARROW_INT,33,29,0.0321,0.0531,1.6,1314
gnss_raw.txt,2437,380287.700,FINESTEERING,SOL_COMPUTED,NARROW_INT,33,29,0.0328,0.0538,0.7,1314
gnss_raw.txt,2437,380287.800,FINESTEERING,SOL_COMPUTED,NARROW_INT,33,29,0.0335,0.0546,0.8,1314
gnss_raw.txt,2437,380287.900,FINESTEERING,SOL_COMPUTED,NARROW_INT,33,29,0.0353,0.056,0.9,1314
gnss_raw.txt,2437,380288.000,FINESTEERING,SOL_COMPUTED,NARROW_INT,33,29,0.0272,0.0503,1.0,1314
gnss_raw.txt,2437,380288.100,FINESTEERING,SOL_COMPUTED,NARROW_INT,33,29,0.0282,0.0511,1.1,1314
gnss_raw.txt,2437,380288.200,FINESTEERING,SOL_COMPUTED,NARROW_INT,33,29,0.0295,0.0523,1.2,1314
gnss_raw.txt,2437,380288.300,FINESTEERING,SOL_COMPUTED,NARROW_INT,33,29,0.0304,0.0531,1.3,1314
gnss_raw.txt,2437,380288.400,FINESTEERING,SOL_COMPUTED,NARROW_INT,33,29,0.0312,0.0539,1.4,1314
gnss_raw.txt,2437,380288.500,FINESTEERING,SOL_COMPUTED,NARROW_INT,33,29,0.0326,0.055,1.5,1314
gnss_raw.txt,2437,380288.600,FINESTEERING,SOL_COMPUTED,NARROW_INT,33,29,0.0332,0.0557,1.6,1314
gnss_raw.txt,2437,380288.700,FINESTEERING,SOL_COMPUTED,NARROW_INT,33,29,0.0339,0.0564,1.7,1314
gnss_raw.txt,2437,380288.800,FINESTEERING,SOL_COMPUTED,NARROW_INT,33,29,0.0346,0.0571,1.8,1314
gnss_raw.txt,2437,380288.900,FINESTEERING,SOL_COMPUTED,NARROW_INT,33,29,0.0355,0.0579,0.9,1314
gnss_raw.txt,2437,380289.000,FINESTEERING,SOL_COMPUTED,NARROW_INT,33,29,0.0287,0.0538,1.0,1314
gnss_raw.txt,2437,380289.100,FINESTEERING,SOL_COMPUTED,NARROW_INT,33,29,0.0309,0.0554,1.1,1314
gnss_raw.txt,2437,380289.200,FINESTEERING,SOL_COMPUTED,NARROW_INT,32,28,0.0319,0.0563,1.2,1314
gnss_raw.txt,2437,380289.300,FINESTEERING,SOL_COMPUTED,NARROW_INT,32,28,0.0325,0.057,1.3,1314
gnss_raw.txt,2437,380289.400,FINESTEERING,SOL_COMPUTED,NARROW_INT,32,28,0.0338,0.0581,1.4,1314
gnss_raw.txt,2437,380289.500,FINESTEERING,SOL_COMPUTED,NARROW_INT,32,28,0.0347,0.059,1.5,1314
gnss_raw.txt,2437,380289.600,FINESTEERING,SOL_COMPUTED,NARROW_INT,32,28,0.0354,0.0597,1.6,1314
gnss_raw.txt,2437,380289.700,FINESTEERING,SOL_COMPUTED,NARROW_INT,32,28,0.0359,0.0602,1.7,1314
gnss_raw.txt,2437,380289.800,FINESTEERING,SOL_COMPUTED,NARROW_INT,32,28,0.0365,0.0608,0.8,1314
gnss_raw.txt,2437,380289.900,FINESTEERING,SOL_COMPUTED,NARROW_INT,32,28,0.0375,0.0617,0.9,1314
gnss_raw.txt,2437,380290.000,FINESTEERING,SOL_COMPUTED,NARROW_INT,32,28,0.0292,0.0533,1.0,1314
gnss_raw.txt,2437,380290.100,FINESTEERING,SOL_COMPUTED,NARROW_INT,32,28,0.0299,0.0541,1.1,1314
gnss_raw.txt,2437,380290.200,FINESTEERING,SOL_COMPUTED,NARROW_INT,32,28,0.0308,0.0549,1.2,1314
gnss_raw.txt,2437,380290.300,FINESTEERING,SOL_COMPUTED,NARROW_INT,32,28,0.0317,0.0557,1.3,1314
gnss_raw.txt,2437,380290.400,FINESTEERING,SOL_COMPUTED,NARROW_INT,32,28,0.0324,0.0565,1.4,1314
gnss_raw.txt,2437,380290.500,FINESTEERING,SOL_COMPUTED,NARROW_INT,32,28,0.0334,0.0573,1.5,1314
gnss_raw.txt,2437,380290.600,FINESTEERING,SOL_COMPUTED,NARROW_INT,32,28,0.0345,0.0583,1.6,1314
gnss_raw.txt,2437,380290.700,FINESTEERING,SOL_COMPUTED,NARROW_INT,32,28,0.0355,0.0592,0.7,1314
gnss_raw.txt,2437,380290.800,FINESTEERING,SOL_COMPUTED,NARROW_INT,32,28,0.0361,0.0599,0.8,1314
gnss_raw.txt,2437,380290.900,FINESTEERING,SOL_COMPUTED,NARROW_INT,32,28,0.0369,0.0606,0.9,1314
gnss_raw.txt,2437,380291.000,FINESTEERING,SOL_COMPUTED,NARROW_INT,32,28,0.0278,0.0507,1.0,1314
gnss_raw.txt,2437,380291.100,FINESTEERING,SOL_COMPUTED,NARROW_INT,32,28,0.0288,0.0515,1.1,1314
gnss_raw.txt,2437,380291.200,FINESTEERING,SOL_COMPUTED,NARROW_INT,32,28,0.0293,0.0521,1.2,1314
gnss_raw.txt,2437,380291.300,FINESTEERING,SOL_COMPUTED,NARROW_INT,32,28,0.03,0.0528,1.3,1314
gnss_raw.txt,2437,380291.400,FINESTEERING,SOL_COMPUTED,NARROW_INT,32,28,0.0312,0.0537,1.4,1314
gnss_raw.txt,2437,380291.500,FINESTEERING,SOL_COMPUTED,NARROW_INT,32,28,0.033,0.0552,1.5,1314
gnss_raw.txt,2437,380291.600,FINESTEERING,SOL_COMPUTED,NARROW_INT,32,28,0.0338,0.056,1.6,1314
gnss_raw.txt,2437,380291.700,FINESTEERING,SOL_COMPUTED,NARROW_INT,32,28,0.0348,0.0569,1.7,1314
gnss_raw.txt,2437,380291.800,FINESTEERING,SOL_COMPUTED,NARROW_INT,32,28,0.0359,0.0579,0.8,1314
gnss_raw.txt,2437,380291.900,FINESTEERING,SOL_COMPUTED,NARROW_INT,32,28,0.0367,0.0587,0.9,1314
gnss_raw.txt,2437,380292.000,FINESTEERING,SOL_COMPUTED,NARROW_INT,32,28,0.0293,0.0545,1.0,1314
gnss_raw.txt,2437,380292.100,FINESTEERING,SOL_COMPUTED,NARROW_INT,32,28,0.0304,0.0554,1.1,1314
gnss_raw.txt,2437,380292.200,FINESTEERING,SOL_COMPUTED,NARROW_INT,32,28,0.0335,0.0575,1.2,1314
gnss_raw.txt,2437,380292.300,FINESTEERING,SOL_COMPUTED,NARROW_INT,32,28,0.0341,0.0582,1.3,1314
gnss_raw.txt,2437,380292.400,FINESTEERING,SOL_COMPUTED,NARROW_INT,32,28,0.0346,0.0588,1.4,1314
gnss_raw.txt,2437,380292.500,FINESTEERING,SOL_COMPUTED,NARROW_INT,32,28,0.0355,0.0597,1.5,1314
gnss_raw.txt,2437,380292.600,FINESTEERING,SOL_COMPUTED,NARROW_INT,32,28,0.036,0.0603,1.6,1314
gnss_raw.txt,2437,380292.700,FINESTEERING,SOL_COMPUTED,NARROW_INT,32,28,0.0374,0.0615,1.7,1314
gnss_raw.txt,2437,380292.800,FINESTEERING,SOL_COMPUTED,NARROW_INT,32,28,0.0387,0.0626,1.8,1314
gnss_raw.txt,2437,380292.900,FINESTEERING,SOL_COMPUTED,NARROW_INT,32,28,0.0401,0.0638,1.9,1314
gnss_raw.txt,2437,380293.000,FINESTEERING,SOL_COMPUTED,NARROW_INT,32,28,0.0324,0.0557,1.0,1314
gnss_raw.txt,2437,380293.100,FINESTEERING,SOL_COMPUTED,NARROW_INT,31,27,0.0334,0.0567,1.1,1314
gnss_raw.txt,2437,380293.200,FINESTEERING,SOL_COMPUTED,NARROW_INT,31,27,0.0348,0.0579,1.2,1314
gnss_raw.txt,2437,380293.300,FINESTEERING,SOL_COMPUTED,NARROW_INT,31,27,0.0358,0.0588,1.3,1314
gnss_raw.txt,2437,380293.400,FINESTEERING,SOL_COMPUTED,NARROW_INT,31,27,0.0374,0.0601,1.4,1314
gnss_raw.txt,2437,380293.500,FINESTEERING,SOL_COMPUTED,NARROW_INT,31,27,0.0388,0.0613,1.5,1314
gnss_raw.txt,2437,380293.600,FINESTEERING,SOL_COMPUTED,NARROW_INT,31,27,0.0395,0.0621,1.6,1314
gnss_raw.txt,2437,380293.700,FINESTEERING,SOL_COMPUTED,NARROW_INT,31,27,0.0404,0.063,1.7,1314
gnss_raw.txt,2437,380293.800,FINESTEERING,SOL_COMPUTED,NARROW_INT,31,27,0.041,0.0637,1.8,1314
gnss_raw.txt,2437,380293.900,FINESTEERING,SOL_COMPUTED,NARROW_INT,31,27,0.0426,0.0651,1.9,1314
gnss_raw.txt,2437,380294.000,FINESTEERING,SOL_COMPUTED,NARROW_INT,31,27,0.0333,0.0586,1.0,1314
gnss_raw.txt,2437,380294.100,FINESTEERING,SOL_COMPUTED,NARROW_INT,31,27,0.0343,0.0595,1.1,1314
gnss_raw.txt,2437,380294.200,FINESTEERING,SOL_COMPUTED,NARROW_INT,31,27,0.0353,0.0605,1.2,1314
gnss_raw.txt,2437,380294.300,FINESTEERING,SOL_COMPUTED,NARROW_INT,31,27,0.036,0.0612,1.3,1314
gnss_raw.txt,2437,380294.400,FINESTEERING,SOL_COMPUTED,NARROW_INT,31,27,0.0365,0.0618,1.4,1314
gnss_raw.txt,2437,380294.500,FINESTEERING,SOL_COMPUTED,NARROW_INT,31,27,0.0373,0.0626,1.5,1314
gnss_raw.txt,2437,380294.600,FINESTEERING,SOL_COMPUTED,NARROW_INT,31,27,0.038,0.0633,1.6,1314
gnss_raw.txt,2437,380294.700,FINESTEERING,SOL_COMPUTED,NARROW_INT,31,27,0.0388,0.064,1.7,1314
gnss_raw.txt,2437,380294.800,FINESTEERING,SOL_COMPUTED,NARROW_INT,31,27,0.0396,0.065,1.8,1314
gnss_raw.txt,2437,380294.900,FINESTEERING,SOL_COMPUTED,NARROW_INT,31,27,0.04,0.0656,0.9,1314
gnss_raw.txt,2437,380295.000,FINESTEERING,SOL_COMPUTED,NARROW_INT,31,27,0.0315,0.0574,1.0,1314
gnss_raw.txt,2437,380295.100,FINESTEERING,SOL_COMPUTED,NARROW_INT,31,27,0.033,0.0586,1.1,1314
gnss_raw.txt,2437,380295.200,FINESTEERING,SOL_COMPUTED,NARROW_INT,31,27,0.034,0.0596,1.2,1314
gnss_raw.txt,2437,380295.300,FINESTEERING,SOL_COMPUTED,NARROW_INT,31,27,0.0353,0.0609,1.3,1314
gnss_raw.txt,2437,380295.400,FINESTEERING,SOL_COMPUTED,NARROW_INT,31,27,0.0364,0.0619,1.4,1314
gnss_raw.txt,2437,380295.500,FINESTEERING,SOL_COMPUTED,NARROW_INT,31,27,0.0371,0.0626,1.5,1314
gnss_raw.txt,2437,380295.600,FINESTEERING,SOL_COMPUTED,NARROW_INT,31,27,0.0376,0.0632,1.6,1314
gnss_raw.txt,2437,380295.700,FINESTEERING,SOL_COMPUTED,NARROW_INT,32,28,0.0386,0.0641,1.7,1314
gnss_raw.txt,2437,380295.800,FINESTEERING,SOL_COMPUTED,NARROW_INT,32,28,0.0399,0.0652,1.8,1314
gnss_raw.txt,2437,380295.900,FINESTEERING,SOL_COMPUTED,NARROW_INT,32,28,0.0411,0.0663,0.9,1314
gnss_raw.txt,2437,380296.000,FINESTEERING,SOL_COMPUTED,NARROW_INT,32,28,0.0324,0.0581,1.0,1314
gnss_raw.txt,2437,380296.100,FINESTEERING,SOL_COMPUTED,NARROW_INT,32,28,0.0334,0.0591,1.1,1314
gnss_raw.txt,2437,380296.200,FINESTEERING,SOL_COMPUTED,NARROW_INT,32,28,0.0347,0.0603,1.2,1314
gnss_raw.txt,2437,380296.300,FINESTEERING,SOL_COMPUTED,NARROW_INT,32,28,0.0355,0.0611,1.3,1314
gnss_raw.txt,2437,380296.400,FINESTEERING,SOL_COMPUTED,NARROW_INT,32,28,0.0365,0.0621,1.4,1314
gnss_raw.txt,2437,380296.500,FINESTEERING,SOL_COMPUTED,NARROW_INT,32,28,0.0372,0.0629,1.5,1314
gnss_raw.txt,2437,380296.600,FINESTEERING,SOL_COMPUTED,NARROW_INT,32,28,0.0382,0.0638,1.6,1314
gnss_raw.txt,2437,380296.700,FINESTEERING,SOL_COMPUTED,NARROW_INT,32,28,0.0394,0.065,1.7,1314
gnss_raw.txt,2437,380296.800,FINESTEERING,SOL_COMPUTED,NARROW_INT,32,28,0.0402,0.0658,1.8,1314
gnss_raw.txt,2437,380296.900,FINESTEERING,SOL_COMPUTED,NARROW_INT,32,28,0.0411,0.0667,0.9,1314
gnss_raw.txt,2437,380297.000,FINESTEERING,SOL_COMPUTED,NARROW_INT,32,28,0.0313,0.0582,1.0,1314
gnss_raw.txt,2437,380297.100,FINESTEERING,SOL_COMPUTED,NARROW_INT,31,27,0.0327,0.0594,1.1,1314
gnss_raw.txt,2437,380297.200,FINESTEERING,SOL_COMPUTED,NARROW_INT,31,27,0.0338,0.0606,1.2,1314
gnss_raw.txt,2437,380297.300,FINESTEERING,SOL_COMPUTED,NARROW_INT,31,27,0.0348,0.0616,1.3,1314
gnss_raw.txt,2437,380297.400,FINESTEERING,SOL_COMPUTED,NARROW_INT,31,27,0.0358,0.0627,1.4,1314
gnss_raw.txt,2437,380297.500,FINESTEERING,SOL_COMPUTED,NARROW_INT,31,27,0.0372,0.064,1.5,1314
gnss_raw.txt,2437,380297.600,FINESTEERING,SOL_COMPUTED,NARROW_INT,31,27,0.038,0.0649,1.6,1314
gnss_raw.txt,2437,380297.700,FINESTEERING,SOL_COMPUTED,NARROW_INT,31,27,0.0389,0.0658,1.7,1314
gnss_raw.txt,2437,380297.800,FINESTEERING,SOL_COMPUTED,NARROW_INT,31,27,0.0396,0.0666,1.8,1314
gnss_raw.txt,2437,380297.900,FINESTEERING,SOL_COMPUTED,NARROW_INT,31,27,0.0402,0.0673,0.9,1314
gnss_raw.txt,2437,380298.000,FINESTEERING,SOL_COMPUTED,NARROW_INT,31,27,0.0313,0.0588,1.0,1314
gnss_raw.txt,2437,380298.100,FINESTEERING,SOL_COMPUTED,NARROW_INT,31,27,0.0325,0.0598,1.1,1314
gnss_raw.txt,2437,380298.200,FINESTEERING,SOL_COMPUTED,NARROW_INT,31,27,0.0338,0.0611,1.2,1314
gnss_raw.txt,2437,380298.300,FINESTEERING,SOL_COMPUTED,NARROW_INT,31,27,0.0353,0.0623,1.3,1314
gnss_raw.txt,2437,380298.400,FINESTEERING,SOL_COMPUTED,NARROW_INT,31,27,0.036,0.0632,1.4,1314
gnss_raw.txt,2437,380298.500,FINESTEERING,SOL_COMPUTED,NARROW_INT,31,27,0.0372,0.0643,1.5,1314
gnss_raw.txt,2437,380298.600,FINESTEERING,SOL_COMPUTED,NARROW_INT,31,27,0.0377,0.0651,1.6,1314
gnss_raw.txt,2437,380298.700,FINESTEERING,SOL_COMPUTED,NARROW_INT,31,27,0.0386,0.0661,0.7,1314
gnss_raw.txt,2437,380298.800,FINESTEERING,SOL_COMPUTED,NARROW_INT,31,27,0.0394,0.0671,0.8,1314
gnss_raw.txt,2437,380298.900,FINESTEERING,SOL_COMPUTED,NARROW_INT,31,27,0.0404,0.0681,0.9,1314
gnss_raw.txt,2437,380299.000,FINESTEERING,SOL_COMPUTED,NARROW_INT,31,27,0.0315,0.0648,1.0,1314
gnss_raw.txt,2437,380299.100,FINESTEERING,SOL_COMPUTED,NARROW_INT,31,27,0.0322,0.0656,1.1,1314
gnss_raw.txt,2437,380299.200,FINESTEERING,SOL_COMPUTED,NARROW_INT,31,27,0.0341,0.0669,1.2,1314
gnss_raw.txt,2437,380299.300,FINESTEERING,SOL_COMPUTED,NARROW_INT,32,28,0.0356,0.0681,1.3,1314
gnss_raw.txt,2437,380299.400,FINESTEERING,SOL_COMPUTED,NARROW_INT,32,28,0.0363,0.0688,1.4,1314
gnss_raw.txt,2437,380299.500,FINESTEERING,SOL_COMPUTED,NARROW_INT,32,28,0.037,0.0695,1.5,1314
gnss_raw.txt,2437,380299.600,FINESTEERING,SOL_COMPUTED,NARROW_INT,32,28,0.038,0.0703,1.6,1314
gnss_raw.txt,2437,380299.700,FINESTEERING,SOL_COMPUTED,NARROW_INT,32,28,0.0392,0.0713,1.7,1314
gnss_raw.txt,2437,380299.800,FINESTEERING,SOL_COMPUTED,NARROW_INT,32,28,0.0401,0.0722,1.8,1314
gnss_raw.txt,2437,380299.900,FINESTEERING,SOL_COMPUTED,NARROW_INT,32,28,0.0408,0.073,0.9,1314
gnss_raw.txt,2437,380300.000,FINESTEERING,SOL_COMPUTED,NARROW_INT,32,28,0.0316,0.0652,1.0,1314
gnss_raw.txt,2437,380300.100,FINESTEERING,SOL_COMPUTED,NARROW_INT,32,28,0.0326,0.0661,1.1,1314
gnss_raw.txt,2437,380300.200,FINESTEERING,SOL_COMPUTED,NARROW_INT,32,28,0.0337,0.067,1.2,1314
gnss_raw.txt,2437,380300.300,FINESTEERING,SOL_COMPUTED,NARROW_INT,32,28,0.0351,0.0682,1.3,1314
gnss_raw.txt,2437,380300.400,FINESTEERING,SOL_COMPUTED,NARROW_INT,32,28,0.0359,0.0692,1.4,1314
gnss_raw.txt,2437,380300.500,FINESTEERING,SOL_COMPUTED,NARROW_INT,32,28,0.0375,0.0704,1.5,1314
gnss_raw.txt,2437,380300.600,FINESTEERING,SOL_COMPUTED,NARROW_INT,32,28,0.0403,0.0723,1.6,1314
gnss_raw.txt,2437,380300.700,FINESTEERING,SOL_COMPUTED,NARROW_INT,32,28,0.041,0.0732,1.7,1314
gnss_raw.txt,2437,380300.800,FINESTEERING,SOL_COMPUTED,NARROW_INT,32,28,0.0427,0.0746,0.8,1314
gnss_raw.txt,2437,380300.900,FINESTEERING,SOL_COMPUTED,NARROW_INT,32,28,0.0434,0.0754,0.9,1314
gnss_raw.txt,2437,380301.000,FINESTEERING,SOL_COMPUTED,NARROW_INT,32,28,0.0363,0.066,1.0,1314
gnss_raw.txt,2437,380301.100,FINESTEERING,SOL_COMPUTED,NARROW_INT,32,28,0.0371,0.0668,1.1,1314
gnss_raw.txt,2437,380301.200,FINESTEERING,SOL_COMPUTED,NARROW_INT,32,28,0.0387,0.0682,1.2,1314
gnss_raw.txt,2437,380301.300,FINESTEERING,SOL_COMPUTED,NARROW_INT,32,28,0.0397,0.0691,1.3,1314
gnss_raw.txt,2437,380301.400,FINESTEERING,SOL_COMPUTED,NARROW_INT,32,28,0.0413,0.0704,1.4,1314
gnss_raw.txt,2437,380301.500,FINESTEERING,SOL_COMPUTED,NARROW_INT,32,28,0.0434,0.0721,1.5,1314
gnss_raw.txt,2437,380301.600,FINESTEERING,SOL_COMPUTED,NARROW_INT,32,28,0.0445,0.0731,1.6,1314
gnss_raw.txt,2437,380301.700,FINESTEERING,SOL_COMPUTED,NARROW_INT,32,28,0.0451,0.0738,1.7,1314
gnss_raw.txt,2437,380301.800,FINESTEERING,SOL_COMPUTED,NARROW_INT,32,28,0.0482,0.0762,0.8,1314
gnss_raw.txt,2437,380301.900,FINESTEERING,SOL_COMPUTED,NARROW_INT,32,28,0.0492,0.0777,0.9,1314
gnss_raw.txt,2437,380302.000,FINESTEERING,SOL_COMPUTED,NARROW_INT,32,28,0.0393,0.0682,1.0,1314
gnss_raw.txt,2437,380302.100,FINESTEERING,SOL_COMPUTED,NARROW_INT,32,28,0.0428,0.0707,1.1,1314
gnss_raw.txt,2437,380302.200,FINESTEERING,SOL_COMPUTED,NARROW_INT,32,28,0.0448,0.0725,1.2,1314
gnss_raw.txt,2437,380302.300,FINESTEERING,SOL_COMPUTED,NARROW_INT,32,28,0.0457,0.0735,1.3,1314
gnss_raw.txt,2437,380302.400,FINESTEERING,SOL_COMPUTED,NARROW_INT,32,28,0.0471,0.0747,1.4,1314
gnss_raw.txt,2437,380302.500,FINESTEERING,SOL_COMPUTED,NARROW_INT,32,28,0.0503,0.0774,1.5,1314
gnss_raw.txt,2437,380302.600,FINESTEERING,SOL_COMPUTED,NARROW_INT,32,28,0.0519,0.0789,1.6,1314
gnss_raw.txt,2437,380302.700,FINESTEERING,SOL_COMPUTED,NARROW_INT,32,28,0.0531,0.0799,1.7,1314
gnss_raw.txt,2437,380302.800,FINESTEERING,SOL_COMPUTED,NARROW_INT,32,28,0.0568,0.083,0.8,1314
gnss_raw.txt,2437,380302.900,FINESTEERING,SOL_COMPUTED,NARROW_INT,32,28,0.0579,0.0842,0.9,1314
gnss_raw.txt,2437,380303.000,FINESTEERING,SOL_COMPUTED,NARROW_INT,32,28,0.0469,0.0695,1.0,1314
gnss_raw.txt,2437,380303.100,FINESTEERING,SOL_COMPUTED,NARROW_INT,32,28,0.0482,0.0708,1.1,1314
gnss_raw.txt,2437,380303.200,FINESTEERING,SOL_COMPUTED,NARROW_INT,32,28,0.0499,0.0723,1.2,1314
gnss_raw.txt,2437,380303.300,FINESTEERING,SOL_COMPUTED,NARROW_INT,32,28,0.0525,0.0748,1.3,1314
gnss_raw.txt,2437,380303.400,FINESTEERING,SOL_COMPUTED,NARROW_INT,32,28,0.0546,0.0773,1.4,1314
gnss_raw.txt,2437,380303.500,FINESTEERING,SOL_COMPUTED,NARROW_INT,32,28,0.0574,0.0798,1.5,1314
gnss_raw.txt,2437,380303.600,FINESTEERING,SOL_COMPUTED,NARROW_INT,32,28,0.0588,0.0814,1.6,1314
gnss_raw.txt,2437,380303.700,FINESTEERING,SOL_COMPUTED,NARROW_INT,32,28,0.06,0.0827,0.7,1314
gnss_raw.txt,2437,380303.800,FINESTEERING,SOL_COMPUTED,NARROW_INT,32,28,0.061,0.0839,0.8,1314
gnss_raw.txt,2437,380303.900,FINESTEERING,SOL_COMPUTED,NARROW_INT,32,28,0.0619,0.0851,0.9,1314
gnss_raw.txt,2437,380304.000,FINESTEERING,SOL_COMPUTED,NARROW_INT,32,28,0.0465,0.0702,1.0,1314
gnss_raw.txt,2437,380304.100,FINESTEERING,SOL_COMPUTED,NARROW_INT,32,28,0.048,0.072,1.1,1314
gnss_raw.txt,2437,380304.200,FINESTEERING,SOL_COMPUTED,NARROW_INT,32,28,0.0487,0.0731,1.2,1314
gnss_raw.txt,2437,380304.300,FINESTEERING,SOL_COMPUTED,NARROW_INT,32,28,0.0543,0.0774,1.3,1314
gnss_raw.txt,2437,380304.400,FINESTEERING,SOL_COMPUTED,NARROW_INT,32,28,0.0566,0.0804,1.4,1314
gnss_raw.txt,2437,380304.500,FINESTEERING,SOL_COMPUTED,NARROW_INT,32,28,0.0578,0.082,1.5,1314
gnss_raw.txt,2437,380304.600,FINESTEERING,SOL_COMPUTED,NARROW_INT,32,28,0.0592,0.0835,1.6,1314
gnss_raw.txt,2437,380304.700,FINESTEERING,SOL_COMPUTED,NARROW_INT,32,28,0.0604,0.0853,1.7,1314
gnss_raw.txt,2437,380304.800,FINESTEERING,SOL_COMPUTED,NARROW_INT,32,28,0.0628,0.0875,0.8,1314
gnss_raw.txt,2437,380304.900,FINESTEERING,SOL_COMPUTED,NARROW_INT,32,28,0.0634,0.0883,0.9,1314
gnss_raw.txt,2437,380305.000,FINESTEERING,SOL_COMPUTED,NARROW_INT,32,28,0.0645,0.0894,1.0,1314
gnss_raw.txt,2437,380305.100,FINESTEERING,SOL_COMPUTED,NARROW_INT,32,28,0.0657,0.0907,1.1,1314
gnss_raw.txt,2437,380305.200,FINESTEERING,SOL_COMPUTED,NARROW_INT,32,28,0.067,0.0919,1.2,1314
gnss_raw.txt,2437,380305.300,FINESTEERING,SOL_COMPUTED,NARROW_INT,32,28,0.0678,0.093,1.3,1314
gnss_raw.txt,2437,380305.400,FINESTEERING,SOL_COMPUTED,NARROW_INT,32,28,0.0683,0.0938,1.4,1314
gnss_raw.txt,2437,380305.500,FINESTEERING,SOL_COMPUTED,NARROW_INT,32,28,0.0692,0.0949,1.5,1314
gnss_raw.txt,2437,380305.600,FINESTEERING,SOL_COMPUTED,NARROW_INT,32,28,0.0701,0.096,1.6,1314
gnss_raw.txt,2437,380305.700,FINESTEERING,SOL_COMPUTED,NARROW_INT,32,28,0.071,0.0971,1.7,1314
gnss_raw.txt,2437,380305.800,FINESTEERING,SOL_COMPUTED,NARROW_INT,32,28,0.0717,0.0979,1.8,1314
gnss_raw.txt,2437,380305.900,FINESTEERING,SOL_COMPUTED,NARROW_INT,32,28,0.0729,0.0992,0.9,1314
gnss_raw.txt,2437,380306.000,FINESTEERING,SOL_COMPUTED,NARROW_INT,32,28,0.0741,0.1003,1.0,1314
gnss_raw.txt,2437,380306.100,FINESTEERING,SOL_COMPUTED,NARROW_INT,32,28,0.0744,0.1011,1.1,1314
gnss_raw.txt,2437,380306.200,FINESTEERING,SOL_COMPUTED,NARROW_INT,32,28,0.0757,0.1024,1.2,1314
gnss_raw.txt,2437,380306.300,FINESTEERING,SOL_COMPUTED,NARROW_INT,32,28,0.0774,0.1041,1.3,1314
gnss_raw.txt,2437,380306.400,FINESTEERING,SOL_COMPUTED,NARROW_INT,32,28,0.0782,0.1053,1.4,1314
gnss_raw.txt,2437,380306.500,FINESTEERING,SOL_COMPUTED,NARROW_INT,32,28,0.0789,0.1063,1.5,1314
gnss_raw.txt,2437,380306.600,FINESTEERING,SOL_COMPUTED,NARROW_INT,32,28,0.0795,0.107,1.6,1314
gnss_raw.txt,2437,380306.700,FINESTEERING,SOL_COMPUTED,NARROW_INT,32,28,0.0803,0.108,1.7,1314
gnss_raw.txt,2437,380306.800,FINESTEERING,SOL_COMPUTED,NARROW_INT,31,27,0.0808,0.1085,1.8,1314
gnss_raw.txt,2437,380306.900,FINESTEERING,SOL_COMPUTED,NARROW_INT,31,27,0.0815,0.1093,0.9,1314
gnss_raw.txt,2437,380307.000,FINESTEERING,SOL_COMPUTED,NARROW_INT,31,27,0.082,0.11,1.0,1314
gnss_raw.txt,2437,380307.100,FINESTEERING,SOL_COMPUTED,NARROW_FLOAT,31,27,1.4592,2.2749,1.1,1314
gnss_raw.txt,2437,380307.200,FINESTEERING,SOL_COMPUTED,NARROW_FLOAT,31,28,1.4592,2.275,1.2,1314
gnss_raw.txt,2437,380307.300,FINESTEERING,SOL_COMPUTED,NARROW_FLOAT,31,28,1.4592,2.275,1.3,1314
gnss_raw.txt,2437,380307.400,FINESTEERING,SOL_COMPUTED,NARROW_FLOAT,31,28,1.4592,2.275,1.4,1314
gnss_raw.txt,2437,380307.500,FINESTEERING,SOL_COMPUTED,NARROW_FLOAT,31,28,1.4593,2.2751,1.5,1314
gnss_raw.txt,2437,380307.600,FINESTEERING,SOL_COMPUTED,NARROW_FLOAT,31,28,1.4594,2.2751,1.6,1314
gnss_raw.txt,2437,380307.700,FINESTEERING,SOL_COMPUTED,NARROW_FLOAT,31,28,1.4594,2.2752,0.7,1314
gnss_raw.txt,2437,380307.800,FINESTEERING,SOL_COMPUTED,NARROW_FLOAT,31,28,1.4595,2.2753,0.8,1314
gnss_raw.txt,2437,380307.900,FINESTEERING,SOL_COMPUTED,NARROW_FLOAT,31,28,1.4596,2.2753,0.9,1314
gnss_raw.txt,2437,380308.000,FINESTEERING,SOL_COMPUTED,NARROW_FLOAT,31,28,3.1036,5.6475,1.0,1314
gnss_raw.txt,2437,380308.100,FINESTEERING,SOL_COMPUTED,NARROW_FLOAT,31,28,3.1036,5.6476,1.1,1314
gnss_raw.txt,2437,380308.200,FINESTEERING,SOL_COMPUTED,NARROW_FLOAT,31,28,3.1036,5.6476,1.2,1314
gnss_raw.txt,2437,380308.300,FINESTEERING,SOL_COMPUTED,NARROW_FLOAT,31,28,3.1036,5.6476,1.3,1314
gnss_raw.txt,2437,380308.400,FINESTEERING,SOL_COMPUTED,NARROW_FLOAT,31,28,3.1036,5.6476,1.4,1314
gnss_raw.txt,2437,380308.500,FINESTEERING,SOL_COMPUTED,NARROW_FLOAT,31,28,3.1037,5.6476,1.5,1314
gnss_raw.txt,2437,380308.600,FINESTEERING,SOL_COMPUTED,NARROW_FLOAT,31,28,3.1037,5.6476,1.6,1314
gnss_raw.txt,2437,380308.700,FINESTEERING,SOL_COMPUTED,NARROW_FLOAT,31,28,3.1037,5.6477,1.7,1314
gnss_raw.txt,2437,380308.800,FINESTEERING,SOL_COMPUTED,NARROW_FLOAT,31,28,3.1037,5.6477,1.8,1314
gnss_raw.txt,2437,380308.900,FINESTEERING,SOL_COMPUTED,NARROW_FLOAT,31,28,3.1038,5.6477,0.9,1314
gnss_raw.txt,2437,380309.000,FINESTEERING,SOL_COMPUTED,NARROW_FLOAT,31,28,4.0018,7.9535,1.0,1314
gnss_raw.txt,2437,380309.100,FINESTEERING,SOL_COMPUTED,NARROW_FLOAT,31,28,4.0018,7.9535,1.1,1314
gnss_raw.txt,2437,380309.200,FINESTEERING,SOL_COMPUTED,NARROW_FLOAT,31,28,4.0018,7.9535,1.2,1314
gnss_raw.txt,2437,380309.300,FINESTEERING,SOL_COMPUTED,NARROW_FLOAT,31,28,4.0019,7.9535,1.3,1314
gnss_raw.txt,2437,380309.400,FINESTEERING,SOL_COMPUTED,NARROW_FLOAT,32,29,4.0019,7.9535,1.4,1314
gnss_raw.txt,2437,380309.500,FINESTEERING,SOL_COMPUTED,NARROW_FLOAT,32,29,4.0019,7.9535,1.5,1314
gnss_raw.txt,2437,380309.600,FINESTEERING,SOL_COMPUTED,NARROW_FLOAT,32,29,4.0019,7.9535,1.6,1314
gnss_raw.txt,2437,380309.700,FINESTEERING,SOL_COMPUTED,NARROW_FLOAT,32,29,4.0019,7.9536,1.7,1314
gnss_raw.txt,2437,380309.800,FINESTEERING,SOL_COMPUTED,NARROW_FLOAT,32,29,4.0019,7.9536,0.8,1314
gnss_raw.txt,2437,380309.900,FINESTEERING,SOL_COMPUTED,NARROW_FLOAT,32,29,4.002,7.9536,0.9,1314
gnss_raw.txt,2437,380310.000,FINESTEERING,SOL_COMPUTED,NARROW_FLOAT,32,29,1.6427,3.51,1.0,1314
gnss_raw.txt,2437,380310.100,FINESTEERING,SOL_COMPUTED,NARROW_FLOAT,32,29,1.6428,3.51,1.1,1314
gnss_raw.txt,2437,380310.200,FINESTEERING,SOL_COMPUTED,NARROW_FLOAT,32,29,1.6428,3.51,1.2,1314
gnss_raw.txt,2437,380310.300,FINESTEERING,SOL_COMPUTED,NARROW_FLOAT,32,29,1.6428,3.5101,1.3,1314
gnss_raw.txt,2437,380310.400,FINESTEERING,SOL_COMPUTED,NARROW_FLOAT,32,29,1.6429,3.5101,1.4,1314
gnss_raw.txt,2437,380310.500,FINESTEERING,SOL_COMPUTED,NARROW_FLOAT,32,29,1.643,3.5102,1.5,1314
gnss_raw.txt,2437,380310.600,FINESTEERING,SOL_COMPUTED,NARROW_FLOAT,32,29,1.643,3.5102,1.6,1314
gnss_raw.txt,2437,380310.700,FINESTEERING,SOL_COMPUTED,NARROW_FLOAT,32,29,1.6431,3.5102,1.7,1314
gnss_raw.txt,2437,380310.800,FINESTEERING,SOL_COMPUTED,NARROW_FLOAT,32,29,1.6431,3.5102,0.8,1314
gnss_raw.txt,2437,380310.900,FINESTEERING,SOL_COMPUTED,NARROW_FLOAT,32,29,1.6432,3.5103,0.9,1314
gnss_raw.txt,2437,380311.000,FINESTEERING,SOL_COMPUTED,NARROW_FLOAT,32,29,2.048,4.3497,1.0,1314
gnss_raw.txt,2437,380311.100,FINESTEERING,SOL_COMPUTED,NARROW_FLOAT,32,29,2.048,4.3497,1.1,1314
gnss_raw.txt,2437,380311.200,FINESTEERING,SOL_COMPUTED,NARROW_FLOAT,32,29,2.0481,4.3497,1.2,1314
gnss_raw.txt,2437,380311.300,FINESTEERING,SOL_COMPUTED,NARROW_FLOAT,32,29,2.0481,4.3497,1.3,1314
gnss_raw.txt,2437,380311.400,FINESTEERING,SOL_COMPUTED,NARROW_FLOAT,33,30,2.0482,4.3498,1.4,1314
gnss_raw.txt,2437,380311.500,FINESTEERING,SOL_COMPUTED,NARROW_FLOAT,33,30,2.0482,4.3498,1.5,1314
gnss_raw.txt,2437,380311.600,FINESTEERING,SOL_COMPUTED,NARROW_FLOAT,33,30,2.0482,4.3498,1.6,1314
gnss_raw.txt,2437,380311.700,FINESTEERING,SOL_COMPUTED,NARROW_FLOAT,33,30,2.0483,4.3498,1.7,1314
gnss_raw.txt,2437,380311.800,FINESTEERING,SOL_COMPUTED,NARROW_FLOAT,33,30,2.0483,4.3499,0.8,1314
gnss_raw.txt,2437,380311.900,FINESTEERING,SOL_COMPUTED,NARROW_FLOAT,33,30,2.0483,4.3499,0.9,1314
gnss_raw.txt,2437,380312.000,FINESTEERING,SOL_COMPUTED,NARROW_FLOAT,33,30,1.7204,3.5955,1.0,1314
gnss_raw.txt,2437,380312.100,FINESTEERING,SOL_COMPUTED,NARROW_FLOAT,33,30,1.7205,3.5955,1.1,1314
gnss_raw.txt,2437,380312.200,FINESTEERING,SOL_COMPUTED,NARROW_FLOAT,33,30,1.7205,3.5956,1.2,1314
gnss_raw.txt,2437,380312.300,FINESTEERING,SOL_COMPUTED,NARROW_FLOAT,33,30,1.7205,3.5956,1.3,1314
gnss_raw.txt,2437,380312.400,FINESTEERING,SOL_COMPUTED,NARROW_FLOAT,33,30,1.7206,3.5956,1.4,1314
gnss_raw.txt,2437,380312.500,FINESTEERING,SOL_COMPUTED,NARROW_FLOAT,33,30,1.7207,3.5957,1.5,1314
gnss_raw.txt,2437,380312.600,FINESTEERING,SOL_COMPUTED,NARROW_FLOAT,33,30,1.7207,3.5957,1.6,1314
gnss_raw.txt,2437,380312.700,FINESTEERING,SOL_COMPUTED,NARROW_FLOAT,33,30,1.7208,3.5957,1.7,1314
gnss_raw.txt,2437,380312.800,FINESTEERING,SOL_COMPUTED,NARROW_FLOAT,33,30,1.7208,3.5957,1.8,1314
gnss_raw.txt,2437,380312.900,FINESTEERING,SOL_COMPUTED,NARROW_FLOAT,33,30,1.7208,3.5958,0.9,1314
gnss_raw.txt,2437,380313.000,FINESTEERING,SOL_COMPUTED,NARROW_FLOAT,33,30,2.831,5.7605,1.0,1314
gnss_raw.txt,2437,380313.100,FINESTEERING,SOL_COMPUTED,NARROW_FLOAT,33,30,2.831,5.7606,1.1,1314
gnss_raw.txt,2437,380313.200,FINESTEERING,SOL_COMPUTED,NARROW_FLOAT,33,30,2.8311,5.7606,1.2,1314
gnss_raw.txt,2437,380313.300,FINESTEERING,SOL_COMPUTED,NARROW_FLOAT,33,30,2.8311,5.7606,1.3,1314
gnss_raw.txt,2437,380313.400,FINESTEERING,SOL_COMPUTED,NARROW_FLOAT,33,30,2.8311,5.7606,1.4,1314
gnss_raw.txt,2437,380313.500,FINESTEERING,SOL_COMPUTED,NARROW_FLOAT,33,30,2.8311,5.7606,1.5,1314
gnss_raw.txt,2437,380313.600,FINESTEERING,SOL_COMPUTED,NARROW_FLOAT,33,30,2.8312,5.7607,1.6,1314
gnss_raw.txt,2437,380313.700,FINESTEERING,SOL_COMPUTED,NARROW_FLOAT,33,30,2.8312,5.7607,1.7,1314
gnss_raw.txt,2437,380313.800,FINESTEERING,SOL_COMPUTED,NARROW_FLOAT,33,30,2.8312,5.7607,0.8,1314
gnss_raw.txt,2437,380313.900,FINESTEERING,SOL_COMPUTED,NARROW_FLOAT,33,30,2.8312,5.7607,0.9,1314
gnss_raw.txt,2437,380314.000,FINESTEERING,SOL_COMPUTED,NARROW_FLOAT,33,30,1.5458,3.7998,1.0,1314
gnss_raw.txt,2437,380314.100,FINESTEERING,SOL_COMPUTED,NARROW_FLOAT,33,30,1.5458,3.7998,1.1,1314
gnss_raw.txt,2437,380314.200,FINESTEERING,SOL_COMPUTED,NARROW_FLOAT,33,30,1.5458,3.7999,1.2,1314
gnss_raw.txt,2437,380314.300,FINESTEERING,SOL_COMPUTED,NARROW_FLOAT,33,30,1.5459,3.7999,1.3,1314
gnss_raw.txt,2437,380314.400,FINESTEERING,SOL_COMPUTED,NARROW_FLOAT,33,30,1.5459,3.7999,1.4,1314
gnss_raw.txt,2437,380314.500,FINESTEERING,SOL_COMPUTED,NARROW_FLOAT,33,30,1.546,3.7999,1.5,1314
gnss_raw.txt,2437,380314.600,FINESTEERING,SOL_COMPUTED,NARROW_FLOAT,33,30,1.546,3.8,1.6,1314
gnss_raw.txt,2437,380314.700,FINESTEERING,SOL_COMPUTED,NARROW_FLOAT,33,30,1.5461,3.8,0.7,1314
gnss_raw.txt,2437,380314.800,FINESTEERING,SOL_COMPUTED,NARROW_FLOAT,33,30,1.5463,3.8001,0.8,1314
gnss_raw.txt,2437,380314.900,FINESTEERING,SOL_COMPUTED,NARROW_FLOAT,33,30,1.5463,3.8001,0.9,1314
gnss_raw.txt,2437,380315.000,FINESTEERING,SOL_COMPUTED,NARROW_FLOAT,33,30,1.4456,3.8678,1.0,1314
gnss_raw.txt,2437,380315.100,FINESTEERING,SOL_COMPUTED,NARROW_FLOAT,33,30,1.4457,3.8678,1.1,1314
gnss_raw.txt,2437,380315.200,FINESTEERING,SOL_COMPUTED,NARROW_FLOAT,33,30,1.4457,3.8678,1.2,1314
gnss_raw.txt,2437,380315.300,FINESTEERING,SOL_COMPUTED,NARROW_FLOAT,33,30,1.4458,3.8679,1.3,1314
gnss_raw.txt,2437,380315.400,FINESTEERING,SOL_COMPUTED,NARROW_FLOAT,33,30,1.4458,3.8679,1.4,1314
gnss_raw.txt,2437,380315.500,FINESTEERING,SOL_COMPUTED,NARROW_FLOAT,33,30,1.4459,3.8679,1.5,1314
gnss_raw.txt,2437,380315.600,FINESTEERING,SOL_COMPUTED,NARROW_FLOAT,33,30,1.446,3.868,1.6,1314
gnss_raw.txt,2437,380315.700,FINESTEERING,SOL_COMPUTED,NARROW_FLOAT,33,30,1.446,3.868,1.7,1314
gnss_raw.txt,2437,380315.800,FINESTEERING,SOL_COMPUTED,NARROW_FLOAT,33,30,1.4461,3.868,0.8,1314
gnss_raw.txt,2437,380315.900,FINESTEERING,SOL_COMPUTED,NARROW_FLOAT,33,30,1.4461,3.8681,0.9,1314
gnss_raw.txt,2437,380316.000,FINESTEERING,SOL_COMPUTED,NARROW_FLOAT,33,30,1.5101,4.1579,1.0,1314
gnss_raw.txt,2437,380316.100,FINESTEERING,SOL_COMPUTED,NARROW_FLOAT,33,30,1.5101,4.1579,1.1,1314
gnss_raw.txt,2437,380316.200,FINESTEERING,SOL_COMPUTED,NARROW_FLOAT,33,30,1.5102,4.158,1.2,1314
gnss_raw.txt,2437,380316.300,FINESTEERING,SOL_COMPUTED,NARROW_FLOAT,33,30,1.5102,4.158,1.3,1314
gnss_raw.txt,2437,380316.400,FINESTEERING,SOL_COMPUTED,NARROW_FLOAT,33,30,1.5102,4.158,1.4,1314
gnss_raw.txt,2437,380316.500,FINESTEERING,SOL_COMPUTED,NARROW_FLOAT,33,30,1.5103,4.158,1.5,1314
gnss_raw.txt,2437,380316.600,FINESTEERING,SOL_COMPUTED,NARROW_FLOAT,33,30,1.5103,4.158,1.6,1314
gnss_raw.txt,2437,380316.700,FINESTEERING,SOL_COMPUTED,NARROW_FLOAT,32,29,1.5104,4.1581,1.7,1314
gnss_raw.txt,2437,380316.800,FINESTEERING,SOL_COMPUTED,NARROW_FLOAT,32,29,1.5104,4.1581,0.8,1314
gnss_raw.txt,2437,380316.900,FINESTEERING,SOL_COMPUTED,NARROW_FLOAT,32,29,1.5104,4.1581,0.9,1314
gnss_raw.txt,2437,380317.000,FINESTEERING,SOL_COMPUTED,NARROW_FLOAT,32,29,1.907,4.8944,1.0,1314
gnss_raw.txt,2437,380317.100,FINESTEERING,SOL_COMPUTED,NARROW_FLOAT,32,29,1.907,4.8944,1.1,1314
gnss_raw.txt,2437,380317.200,FINESTEERING,SOL_COMPUTED,NARROW_FLOAT,32,29,1.907,4.8945,1.2,1314
gnss_raw.txt,2437,380317.300,FINESTEERING,SOL_COMPUTED,NARROW_FLOAT,32,29,1.9071,4.8945,1.3,1314
gnss_raw.txt,2437,380317.400,FINESTEERING,SOL_COMPUTED,NARROW_FLOAT,32,29,1.9071,4.8945,1.4,1314
gnss_raw.txt,2437,380317.500,FINESTEERING,SOL_COMPUTED,NARROW_FLOAT,32,29,1.9071,4.8945,1.5,1314
gnss_raw.txt,2437,380317.600,FINESTEERING,SOL_COMPUTED,NARROW_FLOAT,32,29,1.9072,4.8945,1.6,1314
gnss_raw.txt,2437,380317.700,FINESTEERING,SOL_COMPUTED,NARROW_FLOAT,32,29,1.9072,4.8945,1.7,1314
gnss_raw.txt,2437,380317.800,FINESTEERING,SOL_COMPUTED,NARROW_FLOAT,32,29,1.9072,4.8945,1.8,1314
gnss_raw.txt,2437,380317.900,FINESTEERING,SOL_COMPUTED,NARROW_FLOAT,32,29,1.9072,4.8946,0.9,1314
gnss_raw.txt,2437,380318.000,FINESTEERING,SOL_COMPUTED,NARROW_FLOAT,32,29,1.7609,4.3429,1.0,1314
gnss_raw.txt,2437,380318.100,FINESTEERING,SOL_COMPUTED,NARROW_FLOAT,31,29,1.7609,4.3429,1.1,1314
gnss_raw.txt,2437,380318.200,FINESTEERING,SOL_COMPUTED,NARROW_FLOAT,31,29,1.7609,4.3429,1.2,1314
gnss_raw.txt,2437,380318.300,FINESTEERING,SOL_COMPUTED,NARROW_FLOAT,31,29,1.761,4.3429,1.3,1314
gnss_raw.txt,2437,380318.400,FINESTEERING,SOL_COMPUTED,NARROW_FLOAT,31,29,1.761,4.3429,1.4,1314
gnss_raw.txt,2437,380318.500,FINESTEERING,SOL_COMPUTED,NARROW_FLOAT,31,29,1.761,4.3429,1.5,1314
gnss_raw.txt,2437,380318.600,FINESTEERING,SOL_COMPUTED,NARROW_FLOAT,31,29,1.761,4.343,1.6,1314
gnss_raw.txt,2437,380318.700,FINESTEERING,SOL_COMPUTED,NARROW_FLOAT,31,29,1.761,4.343,1.7,1314
gnss_raw.txt,2437,380318.800,FINESTEERING,SOL_COMPUTED,NARROW_FLOAT,31,29,1.7611,4.343,0.8,1314
gnss_raw.txt,2437,380318.900,FINESTEERING,SOL_COMPUTED,NARROW_FLOAT,32,30,1.7611,4.343,0.9,1314
gnss_raw.txt,2437,380319.000,FINESTEERING,SOL_COMPUTED,NARROW_FLOAT,32,30,1.7695,4.2636,1.0,1314
gnss_raw.txt,2437,380319.100,FINESTEERING,SOL_COMPUTED,NARROW_FLOAT,32,30,1.7695,4.2636,1.1,1314
gnss_raw.txt,2437,380319.200,FINESTEERING,SOL_COMPUTED,NARROW_FLOAT,32,30,1.7695,4.2636,1.2,1314
gnss_raw.txt,2437,380319.300,FINESTEERING,SOL_COMPUTED,NARROW_FLOAT,32,30,1.7695,4.2636,1.3,1314
gnss_raw.txt,2437,380319.400,FINESTEERING,SOL_COMPUTED,NARROW_FLOAT,32,30,1.7695,4.2636,1.4,1314
gnss_raw.txt,2437,380319.500,FINESTEERING,SOL_COMPUTED,NARROW_FLOAT,32,30,1.7695,4.2636,1.5,1314
gnss_raw.txt,2437,380319.600,FINESTEERING,SOL_COMPUTED,NARROW_FLOAT,32,30,1.7695,4.2637,1.6,1314
gnss_raw.txt,2437,380319.700,FINESTEERING,SOL_COMPUTED,NARROW_FLOAT,32,30,1.7695,4.2637,1.7,1314
gnss_raw.txt,2437,380319.800,FINESTEERING,SOL_COMPUTED,NARROW_FLOAT,32,30,1.7696,4.2637,1.8,1314
gnss_raw.txt,2437,380319.900,FINESTEERING,SOL_COMPUTED,NARROW_FLOAT,32,30,1.7696,4.2637,0.9,1314
gnss_raw.txt,2437,380320.000,FINESTEERING,SOL_COMPUTED,NARROW_FLOAT,32,30,1.9079,4.506,1.0,1314
gnss_raw.txt,2437,380320.100,FINESTEERING,SOL_COMPUTED,NARROW_FLOAT,32,30,1.9079,4.506,1.1,1314
gnss_raw.txt,2437,380320.200,FINESTEERING,SOL_COMPUTED,NARROW_FLOAT,31,29,1.9079,4.506,1.2,1314
gnss_raw.txt,2437,380320.300,FINESTEERING,SOL_COMPUTED,NARROW_FLOAT,31,29,1.9079,4.506,1.3,1314
gnss_raw.txt,2437,380320.400,FINESTEERING,SOL_COMPUTED,NARROW_FLOAT,31,29,1.908,4.506,1.4,1314
gnss_raw.txt,2437,380320.500,FINESTEERING,SOL_COMPUTED,NARROW_FLOAT,31,29,1.908,4.506,1.5,1314
gnss_raw.txt,2437,380320.600,FINESTEERING,SOL_COMPUTED,NARROW_FLOAT,31,29,1.908,4.506,1.6,1314
gnss_raw.txt,2437,380320.700,FINESTEERING,SOL_COMPUTED,NARROW_FLOAT,31,29,1.908,4.5061,1.7,1314
gnss_raw.txt,2437,380320.800,FINESTEERING,SOL_COMPUTED,NARROW_FLOAT,31,29,1.9081,4.5061,1.8,1314
gnss_raw.txt,2437,380320.900,FINESTEERING,SOL_COMPUTED,NARROW_FLOAT,31,29,1.9081,4.5061,0.9,1314
gnss_raw.txt,2437,380321.000,FINESTEERING,SOL_COMPUTED,NARROW_FLOAT,31,29,1.8079,4.5362,1.0,1314
gnss_raw.txt,2437,380321.100,FINESTEERING,SOL_COMPUTED,NARROW_FLOAT,31,29,1.8079,4.5362,1.1,1314
gnss_raw.txt,2437,380321.200,FINESTEERING,SOL_COMPUTED,NARROW_FLOAT,31,29,1.8079,4.5362,1.2,1314
gnss_raw.txt,2437,380321.300,FINESTEERING,SOL_COMPUTED,NARROW_FLOAT,31,29,1.8079,4.5362,1.3,1314
gnss_raw.txt,2437,380321.400,FINESTEERING,SOL_COMPUTED,NARROW_FLOAT,31,29,1.8079,4.5363,1.4,1314
gnss_raw.txt,2437,380321.500,FINESTEERING,SOL_COMPUTED,NARROW_FLOAT,31,29,1.8079,4.5363,1.5,1314
gnss_raw.txt,2437,380321.600,FINESTEERING,SOL_COMPUTED,NARROW_FLOAT,32,29,1.808,4.5363,1.6,1314
gnss_raw.txt,2437,380321.700,FINESTEERING,SOL_COMPUTED,NARROW_FLOAT,32,29,1.808,4.5363,1.7,1314
gnss_raw.txt,2437,380321.800,FINESTEERING,SOL_COMPUTED,NARROW_FLOAT,32,29,1.808,4.5363,1.8,1314
gnss_raw.txt,2437,380321.900,FINESTEERING,SOL_COMPUTED,NARROW_FLOAT,32,29,1.8081,4.5363,1.9,1314
gnss_raw.txt,2437,380322.000,FINESTEERING,SOL_COMPUTED,NARROW_FLOAT,32,29,1.4967,3.7469,1.0,1314
gnss_raw.txt,2437,380322.100,FINESTEERING,SOL_COMPUTED,NARROW_FLOAT,32,29,1.4967,3.7469,1.1,1314
gnss_raw.txt,2437,380322.200,FINESTEERING,SOL_COMPUTED,NARROW_FLOAT,32,29,1.4968,3.7469,1.2,1314
gnss_raw.txt,2437,380322.300,FINESTEERING,SOL_COMPUTED,NARROW_FLOAT,32,29,1.4968,3.7469,1.3,1314
gnss_raw.txt,2437,380322.400,FINESTEERING,SOL_COMPUTED,NARROW_FLOAT,32,29,1.4968,3.7469,1.4,1314
gnss_raw.txt,2437,380322.500,FINESTEERING,SOL_COMPUTED,NARROW_FLOAT,32,29,1.4968,3.747,1.5,1314
gnss_raw.txt,2437,380322.600,FINESTEERING,SOL_COMPUTED,NARROW_FLOAT,31,29,1.4968,3.747,1.6,1314
gnss_raw.txt,2437,380322.700,FINESTEERING,SOL_COMPUTED,NARROW_FLOAT,31,29,1.4968,3.747,1.7,1314
gnss_raw.txt,2437,380322.800,FINESTEERING,SOL_COMPUTED,NARROW_FLOAT,31,29,1.4968,3.747,0.8,1314
gnss_raw.txt,2437,380322.900,FINESTEERING,SOL_COMPUTED,NARROW_FLOAT,31,29,1.4968,3.747,0.9,1314
gnss_raw.txt,2437,380323.000,FINESTEERING,SOL_COMPUTED,NARROW_INT,31,29,0.0281,0.0758,1.0,1314
gnss_raw.txt,2437,380323.100,FINESTEERING,SOL_COMPUTED,NARROW_INT,31,29,0.0295,0.0765,1.1,1314
gnss_raw.txt,2437,380323.200,FINESTEERING,SOL_COMPUTED,NARROW_INT,31,29,0.0306,0.0772,1.2,1314
gnss_raw.txt,2437,380323.300,FINESTEERING,SOL_COMPUTED,NARROW_INT,31,29,0.0313,0.0777,1.3,1314
gnss_raw.txt,2437,380323.400,FINESTEERING,SOL_COMPUTED,NARROW_INT,31,29,0.0317,0.0781,1.4,1314
gnss_raw.txt,2437,380323.500,FINESTEERING,SOL_COMPUTED,NARROW_INT,31,29,0.0327,0.0786,1.5,1314
gnss_raw.txt,2437,380323.600,FINESTEERING,SOL_COMPUTED,NARROW_INT,32,30,0.0335,0.0792,1.6,1314
gnss_raw.txt,2437,380323.700,FINESTEERING,SOL_COMPUTED,NARROW_INT,32,30,0.034,0.0796,1.7,1314
gnss_raw.txt,2437,380323.800,FINESTEERING,SOL_COMPUTED,NARROW_INT,32,30,0.0346,0.08,0.8,1314
gnss_raw.txt,2437,380323.900,FINESTEERING,SOL_COMPUTED,NARROW_INT,32,30,0.0352,0.0804,0.9,1314
gnss_raw.txt,2437,380324.000,FINESTEERING,SOL_COMPUTED,NARROW_INT,32,30,0.0298,0.0732,1.0,1314
gnss_raw.txt,2437,380324.100,FINESTEERING,SOL_COMPUTED,NARROW_INT,32,30,0.0305,0.0736,1.1,1314
gnss_raw.txt,2437,380324.200,FINESTEERING,SOL_COMPUTED,NARROW_INT,32,30,0.0313,0.0741,1.2,1314
gnss_raw.txt,2437,380324.300,FINESTEERING,SOL_COMPUTED,NARROW_INT,32,30,0.0318,0.0745,1.3,1314
gnss_raw.txt,2437,380324.400,FINESTEERING,SOL_COMPUTED,NARROW_INT,32,30,0.0324,0.0749,1.4,1314
gnss_raw.txt,2437,380324.500,FINESTEERING,SOL_COMPUTED,NARROW_INT,32,30,0.0328,0.0753,1.5,1314
gnss_raw.txt,2437,380324.600,FINESTEERING,SOL_COMPUTED,NARROW_INT,32,30,0.0335,0.0757,1.6,1314
gnss_raw.txt,2437,380324.700,FINESTEERING,SOL_COMPUTED,NARROW_INT,32,30,0.0339,0.0761,1.7,1314
gnss_raw.txt,2437,380324.800,FINESTEERING,SOL_COMPUTED,NARROW_INT,32,30,0.0352,0.0769,1.8,1314
gnss_raw.txt,2437,380324.900,FINESTEERING,SOL_COMPUTED,NARROW_INT,32,30,0.0362,0.0775,0.9,1314
gnss_raw.txt,2437,380325.000,FINESTEERING,SOL_COMPUTED,NARROW_INT,32,30,0.0295,0.0722,1.0,1314
gnss_raw.txt,2437,380325.100,FINESTEERING,SOL_COMPUTED,NARROW_INT,32,30,0.03,0.0726,1.1,1314
gnss_raw.txt,2437,380325.200,FINESTEERING,SOL_COMPUTED,NARROW_INT,32,30,0.031,0.0732,1.2,1314
gnss_raw.txt,2437,380325.300,FINESTEERING,SOL_COMPUTED,NARROW_INT,32,30,0.0319,0.0738,1.3,1314
gnss_raw.txt,2437,380325.400,FINESTEERING,SOL_COMPUTED,NARROW_INT,32,30,0.0325,0.0743,1.4,1314
gnss_raw.txt,2437,380325.500,FINESTEERING,SOL_COMPUTED,NARROW_INT,32,30,0.033,0.0747,1.5,1314
gnss_raw.txt,2437,380325.600,FINESTEERING,SOL_COMPUTED,NARROW_INT,32,30,0.0335,0.0751,1.6,1314
gnss_raw.txt,2437,380325.700,FINESTEERING,SOL_COMPUTED,NARROW_INT,31,29,0.0343,0.0757,1.7,1314
gnss_raw.txt,2437,380325.800,FINESTEERING,SOL_COMPUTED,NARROW_INT,31,29,0.0351,0.0762,1.8,1314
gnss_raw.txt,2437,380325.900,FINESTEERING,SOL_COMPUTED,NARROW_INT,31,29,0.0355,0.0765,1.9,1314
gnss_raw.txt,2437,380326.000,FINESTEERING,SOL_COMPUTED,NARROW_INT,31,29,0.0293,0.0709,1.0,1314
gnss_raw.txt,2437,380326.100,FINESTEERING,SOL_COMPUTED,NARROW_INT,31,29,0.0297,0.0713,1.1,1314
gnss_raw.txt,2437,380326.200,FINESTEERING,SOL_COMPUTED,NARROW_INT,31,29,0.0303,0.0717,1.2,1314
gnss_raw.txt,2437,380326.300,FINESTEERING,SOL_COMPUTED,NARROW_INT,31,29,0.0308,0.0721,1.3,1314
gnss_raw.txt,2437,380326.400,FINESTEERING,SOL_COMPUTED,NARROW_INT,31,29,0.0317,0.0726,1.4,1314
gnss_raw.txt,2437,380326.500,FINESTEERING,SOL_COMPUTED,NARROW_INT,31,29,0.0324,0.0731,1.5,1314
gnss_raw.txt,2437,380326.600,FINESTEERING,SOL_COMPUTED,NARROW_INT,31,29,0.0331,0.0736,1.6,1314
gnss_raw.txt,2437,380326.700,FINESTEERING,SOL_COMPUTED,NARROW_INT,31,29,0.0341,0.0743,1.7,1314
gnss_raw.txt,2437,380326.800,FINESTEERING,SOL_COMPUTED,NARROW_INT,31,29,0.0344,0.0746,1.8,1314
gnss_raw.txt,2437,380326.900,FINESTEERING,SOL_COMPUTED,NARROW_INT,31,29,0.0352,0.0751,1.9,1314
gnss_raw.txt,2437,380327.000,FINESTEERING,SOL_COMPUTED,NARROW_INT,31,29,0.0281,0.068,2.0,1314
gnss_raw.txt,2437,380327.100,FINESTEERING,SOL_COMPUTED,NARROW_INT,31,29,0.0285,0.0683,1.1,1314
gnss_raw.txt,2437,380327.200,FINESTEERING,SOL_COMPUTED,NARROW_INT,31,29,0.0292,0.0688,1.2,1314
gnss_raw.txt,2437,380327.300,FINESTEERING,SOL_COMPUTED,NARROW_INT,31,29,0.0298,0.0692,1.3,1314
gnss_raw.txt,2437,380327.400,FINESTEERING,SOL_COMPUTED,NARROW_INT,31,29,0.0302,0.0696,1.4,1314
gnss_raw.txt,2437,380327.500,FINESTEERING,SOL_COMPUTED,NARROW_INT,31,29,0.0306,0.07,1.5,1314
gnss_raw.txt,2437,380327.600,FINESTEERING,SOL_COMPUTED,NARROW_INT,31,29,0.0312,0.0704,1.6,1314
gnss_raw.txt,2437,380327.700,FINESTEERING,SOL_COMPUTED,NARROW_INT,31,29,0.0319,0.0709,1.7,1314
gnss_raw.txt,2437,380327.800,FINESTEERING,SOL_COMPUTED,NARROW_INT,31,29,0.0325,0.0713,0.8,1314
gnss_raw.txt,2437,380327.900,FINESTEERING,SOL_COMPUTED,NARROW_INT,31,29,0.0329,0.0717,0.9,1314
gnss_raw.txt,2437,380328.000,FINESTEERING,SOL_COMPUTED,NARROW_INT,31,29,0.0265,0.0656,1.0,1314
gnss_raw.txt,2437,380328.100,FINESTEERING,SOL_COMPUTED,NARROW_INT,31,29,0.0272,0.0661,1.1,1314
gnss_raw.txt,2437,380328.200,FINESTEERING,SOL_COMPUTED,NARROW_INT,31,29,0.0279,0.0666,1.2,1314
gnss_raw.txt,2437,380328.300,FINESTEERING,SOL_COMPUTED,NARROW_INT,31,29,0.0284,0.067,1.3,1314
gnss_raw.txt,2437,380328.400,FINESTEERING,SOL_COMPUTED,NARROW_INT,31,29,0.0288,0.0673,1.4,1314
gnss_raw.txt,2437,380328.500,FINESTEERING,SOL_COMPUTED,NARROW_INT,31,29,0.0293,0.0677,1.5,1314
gnss_raw.txt,2437,380328.600,FINESTEERING,SOL_COMPUTED,NARROW_INT,31,29,0.0297,0.0681,1.6,1314
gnss_raw.txt,2437,380328.700,FINESTEERING,SOL_COMPUTED,NARROW_INT,31,29,0.0303,0.0686,1.7,1314
gnss_raw.txt,2437,380328.800,FINESTEERING,SOL_COMPUTED,NARROW_INT,31,29,0.0305,0.0689,1.8,1314
gnss_raw.txt,2437,380328.900,FINESTEERING,SOL_COMPUTED,NARROW_INT,31,29,0.0309,0.0692,0.9,1314
gnss_raw.txt,2437,380329.000,FINESTEERING,SOL_COMPUTED,NARROW_INT,31,29,0.0281,0.0763,1.0,1314
gnss_raw.txt,2437,380329.100,FINESTEERING,SOL_COMPUTED,NARROW_INT,32,29,0.0287,0.0766,1.1,1314
gnss_raw.txt,2437,380329.200,FINESTEERING,SOL_COMPUTED,NARROW_INT,32,29,0.0292,0.077,1.2,1314
gnss_raw.txt,2437,380329.300,FINESTEERING,SOL_COMPUTED,NARROW_INT,32,29,0.0298,0.0774,1.3,1314
gnss_raw.txt,2437,380329.400,FINESTEERING,SOL_COMPUTED,NARROW_INT,32,29,0.0305,0.0778,1.4,1314
gnss_raw.txt,2437,380329.500,FINESTEERING,SOL_COMPUTED,NARROW_INT,32,29,0.031,0.0782,1.5,1314
gnss_raw.txt,2437,380329.600,FINESTEERING,SOL_COMPUTED,NARROW_INT,32,29,0.0323,0.0789,1.6,1314
gnss_raw.txt,2437,380329.700,FINESTEERING,SOL_COMPUTED,NARROW_INT,32,29,0.0342,0.0801,1.7,1314
gnss_raw.txt,2437,380329.800,FINESTEERING,SOL_COMPUTED,NARROW_INT,31,28,0.0347,0.0805,0.8,1314
gnss_raw.txt,2437,380329.900,FINESTEERING,SOL_COMPUTED,NARROW_INT,31,28,0.0352,0.0809,0.9,1314
gnss_raw.txt,2437,380330.000,FINESTEERING,SOL_COMPUTED,NARROW_INT,31,28,0.0328,0.0835,1.0,1314
gnss_raw.txt,2437,380330.100,FINESTEERING,SOL_COMPUTED,NARROW_INT,31,28,0.0331,0.0837,1.1,1314
gnss_raw.txt,2437,380330.200,FINESTEERING,SOL_COMPUTED,NARROW_INT,31,28,0.0337,0.0841,1.2,1314
gnss_raw.txt,2437,380330.300,FINESTEERING,SOL_COMPUTED,NARROW_INT,31,28,0.0341,0.0844,1.3,1314
gnss_raw.txt,2437,380330.400,FINESTEERING,SOL_COMPUTED,NARROW_INT,31,28,0.0346,0.0847,1.4,1314
gnss_raw.txt,2437,380330.500,FINESTEERING,SOL_COMPUTED,NARROW_INT,31,28,0.0351,0.0851,1.5,1314
gnss_raw.txt,2437,380330.600,FINESTEERING,SOL_COMPUTED,NARROW_INT,31,28,0.0353,0.0854,1.6,1314
gnss_raw.txt,2437,380330.700,FINESTEERING,SOL_COMPUTED,NARROW_INT,31,28,0.0356,0.0856,1.7,1314
gnss_raw.txt,2437,380330.800,FINESTEERING,SOL_COMPUTED,NARROW_INT,31,28,0.0359,0.0859,1.8,1314
gnss_raw.txt,2437,380330.900,FINESTEERING,SOL_COMPUTED,NARROW_INT,31,28,0.0367,0.0864,1.9,1314
gnss_raw.txt,2437,380331.000,FINESTEERING,SOL_COMPUTED,NARROW_INT,31,28,0.0251,0.0587,1.0,1314
gnss_raw.txt,2437,380331.100,FINESTEERING,SOL_COMPUTED,NARROW_INT,31,28,0.0256,0.0591,1.1,1314
gnss_raw.txt,2437,380331.200,FINESTEERING,SOL_COMPUTED,NARROW_INT,31,28,0.026,0.0595,1.2,1314
gnss_raw.txt,2437,380331.300,FINESTEERING,SOL_COMPUTED,NARROW_INT,31,28,0.0267,0.0601,1.3,1314
gnss_raw.txt,2437,380331.400,FINESTEERING,SOL_COMPUTED,NARROW_INT,31,28,0.027,0.0604,1.4,1314
gnss_raw.txt,2437,380331.500,FINESTEERING,SOL_COMPUTED,NARROW_INT,31,28,0.0274,0.0608,1.5,1314
gnss_raw.txt,2437,380331.600,FINESTEERING,SOL_COMPUTED,NARROW_INT,31,28,0.0281,0.0613,1.6,1314
gnss_raw.txt,2437,380331.700,FINESTEERING,SOL_COMPUTED,NARROW_INT,31,28,0.0284,0.0616,1.7,1314
gnss_raw.txt,2437,380331.800,FINESTEERING,SOL_COMPUTED,NARROW_INT,31,28,0.029,0.0621,1.8,1314
gnss_raw.txt,2437,380331.900,FINESTEERING,SOL_COMPUTED,NARROW_INT,31,28,0.0295,0.0625,0.9,1314
gnss_raw.txt,2437,380332.000,FINESTEERING,SOL_COMPUTED,NARROW_INT,31,28,0.0213,0.0465,1.0,1314
gnss_raw.txt,2437,380332.100,FINESTEERING,SOL_COMPUTED,NARROW_INT,31,28,0.0222,0.0472,1.1,1314
gnss_raw.txt,2437,380332.200,FINESTEERING,SOL_COMPUTED,NARROW_INT,31,28,0.0225,0.0477,1.2,1314
gnss_raw.txt,2437,380332.300,FINESTEERING,SOL_COMPUTED,NARROW_INT,31,28,0.023,0.0481,1.3,1314
gnss_raw.txt,2437,380332.400,FINESTEERING,SOL_COMPUTED,NARROW_INT,31,28,0.0238,0.0487,1.4,1314
gnss_raw.txt,2437,380332.500,FINESTEERING,SOL_COMPUTED,NARROW_INT,31,28,0.0245,0.0494,1.5,1314
gnss_raw.txt,2437,380332.600,FINESTEERING,SOL_COMPUTED,NARROW_INT,31,28,0.0249,0.0498,1.6,1314
gnss_raw.txt,2437,380332.700,FINESTEERING,SOL_COMPUTED,NARROW_INT,32,28,0.0254,0.0503,1.7,1314
gnss_raw.txt,2437,380332.800,FINESTEERING,SOL_COMPUTED,NARROW_INT,32,28,0.0261,0.0509,1.8,1314
gnss_raw.txt,2437,380332.900,FINESTEERING,SOL_COMPUTED,NARROW_INT,32,28,0.0267,0.0514,1.9,1314
gnss_raw.txt,2437,380333.000,FINESTEERING,SOL_COMPUTED,NARROW_INT,32,28,0.0216,0.0469,1.0,1314
gnss_raw.txt,2437,380333.100,FINESTEERING,SOL_COMPUTED,NARROW_INT,32,28,0.0223,0.0475,1.1,1314
gnss_raw.txt,2437,380333.200,FINESTEERING,SOL_COMPUTED,NARROW_INT,32,28,0.0227,0.0479,1.2,1314
gnss_raw.txt,2437,380333.300,FINESTEERING,SOL_COMPUTED,NARROW_INT,32,28,0.0235,0.0485,1.3,1314
gnss_raw.txt,2437,380333.400,FINESTEERING,SOL_COMPUTED,NARROW_INT,32,28,0.024,0.049,1.4,1314
gnss_raw.txt,2437,380333.500,FINESTEERING,SOL_COMPUTED,NARROW_INT,32,28,0.0245,0.0495,1.5,1314
gnss_raw.txt,2437,380333.600,FINESTEERING,SOL_COMPUTED,NARROW_INT,32,28,0.025,0.05,1.6,1314
gnss_raw.txt,2437,380333.700,FINESTEERING,SOL_COMPUTED,NARROW_INT,32,28,0.0254,0.0505,0.7,1314
gnss_raw.txt,2437,380333.800,FINESTEERING,SOL_COMPUTED,NARROW_INT,32,28,0.0258,0.0509,0.8,1314
gnss_raw.txt,2437,380333.900,FINESTEERING,SOL_COMPUTED,NARROW_INT,32,28,0.0264,0.0514,0.9,1314
gnss_raw.txt,2437,380334.000,FINESTEERING,SOL_COMPUTED,NARROW_INT,32,28,0.0209,0.048,1.0,1314
gnss_raw.txt,2437,380334.100,FINESTEERING,SOL_COMPUTED,NARROW_INT,32,28,0.0217,0.0486,1.1,1314
gnss_raw.txt,2437,380334.200,FINESTEERING,SOL_COMPUTED,NARROW_INT,32,28,0.0222,0.0491,1.2,1314
gnss_raw.txt,2437,380334.300,FINESTEERING,SOL_COMPUTED,NARROW_INT,32,28,0.0226,0.0496,1.3,1314
gnss_raw.txt,2437,380334.400,FINESTEERING,SOL_COMPUTED,NARROW_INT,32,28,0.0232,0.0501,1.4,1314
gnss_raw.txt,2437,380334.500,FINESTEERING,SOL_COMPUTED,NARROW_INT,32,28,0.0238,0.0506,1.5,1314
gnss_raw.txt,2437,380334.600,FINESTEERING,SOL_COMPUTED,NARROW_INT,32,28,0.0266,0.0522,1.6,1314
gnss_raw.txt,2437,380334.700,FINESTEERING,SOL_COMPUTED,NARROW_INT,32,28,0.0273,0.0528,1.7,1314
gnss_raw.txt,2437,380334.800,FINESTEERING,SOL_COMPUTED,NARROW_INT,32,28,0.0277,0.0534,1.8,1314
gnss_raw.txt,2437,380334.900,FINESTEERING,SOL_COMPUTED,NARROW_INT,32,28,0.028,0.0538,0.9,1314
gnss_raw.txt,2437,380335.000,FINESTEERING,SOL_COMPUTED,NARROW_INT,32,28,0.0238,0.048,1.0,1314
gnss_raw.txt,2437,380335.100,FINESTEERING,SOL_COMPUTED,NARROW_INT,32,28,0.0242,0.0485,1.1,1314
gnss_raw.txt,2437,380335.200,FINESTEERING,SOL_COMPUTED,NARROW_INT,32,28,0.0246,0.0489,1.2,1314
gnss_raw.txt,2437,380335.300,FINESTEERING,SOL_COMPUTED,NARROW_INT,32,28,0.0252,0.0494,1.3,1314
gnss_raw.txt,2437,380335.400,FINESTEERING,SOL_COMPUTED,NARROW_INT,32,28,0.0257,0.0499,1.4,1314
gnss_raw.txt,2437,380335.500,FINESTEERING,SOL_COMPUTED,NARROW_INT,32,28,0.0262,0.0504,1.5,1314
gnss_raw.txt,2437,380335.600,FINESTEERING,SOL_COMPUTED,NARROW_INT,32,28,0.0268,0.051,1.6,1314
gnss_raw.txt,2437,380335.700,FINESTEERING,SOL_COMPUTED,NARROW_INT,32,28,0.0282,0.052,1.7,1314
gnss_raw.txt,2437,380335.800,FINESTEERING,SOL_COMPUTED,NARROW_INT,32,28,0.0285,0.0525,1.8,1314
gnss_raw.txt,2437,380335.900,FINESTEERING,SOL_COMPUTED,NARROW_INT,32,28,0.029,0.053,1.9,1314
gnss_raw.txt,2437,380336.000,FINESTEERING,SOL_COMPUTED,NARROW_INT,32,28,0.0223,0.0472,1.0,1314
gnss_raw.txt,2437,380336.100,FINESTEERING,SOL_COMPUTED,NARROW_INT,32,28,0.0231,0.0479,1.1,1314
gnss_raw.txt,2437,380336.200,FINESTEERING,SOL_COMPUTED,NARROW_INT,32,28,0.0238,0.0485,1.2,1314
gnss_raw.txt,2437,380336.300,FINESTEERING,SOL_COMPUTED,NARROW_INT,32,28,0.0243,0.0491,1.3,1314
gnss_raw.txt,2437,380336.400,FINESTEERING,SOL_COMPUTED,NARROW_INT,32,28,0.0251,0.0497,1.4,1314
gnss_raw.txt,2437,380336.500,FINESTEERING,SOL_COMPUTED,NARROW_INT,32,28,0.0257,0.0502,1.5,1314
gnss_raw.txt,2437,380336.600,FINESTEERING,SOL_COMPUTED,NARROW_INT,32,28,0.0264,0.0509,1.6,1314
gnss_raw.txt,2437,380336.700,FINESTEERING,SOL_COMPUTED,NARROW_INT,32,28,0.0275,0.0518,1.7,1314
gnss_raw.txt,2437,380336.800,FINESTEERING,SOL_COMPUTED,NARROW_INT,32,28,0.0281,0.0524,1.8,1314
gnss_raw.txt,2437,380336.900,FINESTEERING,SOL_COMPUTED,NARROW_INT,32,28,0.0286,0.0529,0.9,1314
gnss_raw.txt,2437,380337.000,FINESTEERING,SOL_COMPUTED,NARROW_INT,32,28,0.0229,0.0492,1.0,1314
gnss_raw.txt,2437,380337.100,FINESTEERING,SOL_COMPUTED,NARROW_INT,32,28,0.0236,0.0499,1.1,1314
gnss_raw.txt,2437,380337.200,FINESTEERING,SOL_COMPUTED,NARROW_INT,32,29,0.0248,0.0508,1.2,1314
gnss_raw.txt,2437,380337.300,FINESTEERING,SOL_COMPUTED,NARROW_INT,32,29,0.0254,0.0513,1.3,1314
gnss_raw.txt,2437,380337.400,FINESTEERING,SOL_COMPUTED,NARROW_INT,32,29,0.0262,0.0519,1.4,1314
gnss_raw.txt,2437,380337.500,FINESTEERING,SOL_COMPUTED,NARROW_INT,32,29,0.0266,0.0523,1.5,1314
gnss_raw.txt,2437,380337.600,FINESTEERING,SOL_COMPUTED,NARROW_INT,32,29,0.0275,0.0529,1.6,1314
gnss_raw.txt,2437,380337.700,FINESTEERING,SOL_COMPUTED,NARROW_INT,33,30,0.0284,0.0536,1.7,1314
gnss_raw.txt,2437,380337.800,FINESTEERING,SOL_COMPUTED,NARROW_INT,32,29,0.0289,0.0542,1.8,1314
gnss_raw.txt,2437,380337.900,FINESTEERING,SOL_COMPUTED,NARROW_INT,33,30,0.0296,0.0547,1.9,1314
gnss_raw.txt,2437,380338.000,FINESTEERING,SOL_COMPUTED,NARROW_INT,33,30,0.0242,0.0495,1.0,1314
gnss_raw.txt,2437,380338.100,FINESTEERING,SOL_COMPUTED,NARROW_INT,33,30,0.0253,0.0503,1.1,1314
gnss_raw.txt,2437,380338.200,FINESTEERING,SOL_COMPUTED,NARROW_INT,33,30,0.0267,0.0513,1.2,1314
gnss_raw.txt,2437,380338.300,FINESTEERING,SOL_COMPUTED,NARROW_INT,33,30,0.0281,0.0524,1.3,1314
gnss_raw.txt,2437,380338.400,FINESTEERING,SOL_COMPUTED,NARROW_INT,33,30,0.0288,0.0531,1.4,1314
gnss_raw.txt,2437,380338.500,FINESTEERING,SOL_COMPUTED,NARROW_INT,33,30,0.0295,0.0537,1.5,1314
gnss_raw.txt,2437,380338.600,FINESTEERING,SOL_COMPUTED,NARROW_INT,33,30,0.0299,0.0542,1.6,1314
gnss_raw.txt,2437,380338.700,FINESTEERING,SOL_COMPUTED,NARROW_INT,33,30,0.0303,0.0546,1.7,1314
gnss_raw.txt,2437,380338.800,FINESTEERING,SOL_COMPUTED,NARROW_INT,33,30,0.0311,0.0552,1.8,1314
gnss_raw.txt,2437,380338.900,FINESTEERING,SOL_COMPUTED,NARROW_INT,33,30,0.0318,0.0559,0.9,1314
gnss_raw.txt,2437,380339.000,FINESTEERING,SOL_COMPUTED,NARROW_INT,33,30,0.0253,0.0488,1.0,1314
gnss_raw.txt,2437,380339.100,FINESTEERING,SOL_COMPUTED,NARROW_INT,33,30,0.0267,0.0498,1.1,1314
gnss_raw.txt,2437,380339.200,FINESTEERING,SOL_COMPUTED,NARROW_INT,33,30,0.0276,0.0506,1.2,1314
gnss_raw.txt,2437,380339.300,FINESTEERING,SOL_COMPUTED,NARROW_INT,33,30,0.0286,0.0514,1.3,1314
gnss_raw.txt,2437,380339.400,FINESTEERING,SOL_COMPUTED,NARROW_INT,33,30,0.0292,0.0519,1.4,1314
gnss_raw.txt,2437,380339.500,FINESTEERING,SOL_COMPUTED,NARROW_INT,33,30,0.0296,0.0524,1.5,1314
gnss_raw.txt,2437,380339.600,FINESTEERING,SOL_COMPUTED,NARROW_INT,33,30,0.0302,0.0529,1.6,1314
gnss_raw.txt,2437,380339.700,FINESTEERING,SOL_COMPUTED,NARROW_INT,33,30,0.0306,0.0533,1.7,1314
gnss_raw.txt,2437,380339.800,FINESTEERING,SOL_COMPUTED,NARROW_INT,33,30,0.0315,0.054,1.8,1314
gnss_raw.txt,2437,380339.900,FINESTEERING,SOL_COMPUTED,NARROW_INT,32,29,0.032,0.0546,0.9,1314
gnss_raw.txt,2437,380340.000,FINESTEERING,SOL_COMPUTED,NARROW_INT,32,29,0.0252,0.0496,1.0,1314
gnss_raw.txt,2437,380340.100,FINESTEERING,SOL_COMPUTED,NARROW_INT,32,29,0.0256,0.05,1.1,1314
gnss_raw.txt,2437,380340.200,FINESTEERING,SOL_COMPUTED,NARROW_INT,32,29,0.0266,0.0508,1.2,1314
gnss_raw.txt,2437,380340.300,FINESTEERING,SOL_COMPUTED,NARROW_INT,32,29,0.0274,0.0515,1.3,1314
gnss_raw.txt,2437,380340.400,FINESTEERING,SOL_COMPUTED,NARROW_INT,32,29,0.028,0.0521,1.4,1314
gnss_raw.txt,2437,380340.500,FINESTEERING,SOL_COMPUTED,NARROW_INT,32,29,0.0286,0.0526,1.5,1314
gnss_raw.txt,2437,380340.600,FINESTEERING,SOL_COMPUTED,NARROW_INT,32,29,0.0294,0.0532,1.6,1314
gnss_raw.txt,2437,380340.700,FINESTEERING,SOL_COMPUTED,NARROW_INT,32,29,0.0302,0.0539,1.7,1314
gnss_raw.txt,2437,380340.800,FINESTEERING,SOL_COMPUTED,NARROW_INT,32,29,0.0308,0.0545,0.8,1314
gnss_raw.txt,2437,380340.900,FINESTEERING,SOL_COMPUTED,NARROW_INT,32,29,0.0314,0.055,0.9,1314
gnss_raw.txt,2437,380341.000,FINESTEERING,SOL_COMPUTED,NARROW_INT,32,29,0.0241,0.0492,1.0,1314
gnss_raw.txt,2437,380341.100,FINESTEERING,SOL_COMPUTED,NARROW_INT,32,29,0.0248,0.0498,1.1,1314
gnss_raw.txt,2437,380341.200,FINESTEERING,SOL_COMPUTED,NARROW_INT,32,29,0.0256,0.0504,1.2,1314
gnss_raw.txt,2437,380341.300,FINESTEERING,SOL_COMPUTED,NARROW_INT,32,29,0.0264,0.0511,1.3,1314
gnss_raw.txt,2437,380341.400,FINESTEERING,SOL_COMPUTED,NARROW_INT,32,29,0.027,0.0516,1.4,1314
gnss_raw.txt,2437,380341.500,FINESTEERING,SOL_COMPUTED,NARROW_INT,32,29,0.0278,0.0522,1.5,1314
gnss_raw.txt,2437,380341.600,FINESTEERING,SOL_COMPUTED,NARROW_INT,32,29,0.0282,0.0527,1.6,1314
gnss_raw.txt,2437,380341.700,FINESTEERING,SOL_COMPUTED,NARROW_INT,32,29,0.0286,0.053,1.7,1314
gnss_raw.txt,2437,380341.800,FINESTEERING,SOL_COMPUTED,NARROW_INT,32,29,0.0292,0.0535,1.8,1314
gnss_raw.txt,2437,380341.900,FINESTEERING,SOL_COMPUTED,NARROW_INT,32,29,0.0296,0.054,0.9,1314
gnss_raw.txt,2437,380342.000,FINESTEERING,SOL_COMPUTED,NARROW_INT,32,29,0.0225,0.0468,1.0,1314
gnss_raw.txt,2437,380342.100,FINESTEERING,SOL_COMPUTED,NARROW_INT,32,29,0.0231,0.0473,1.1,1314
gnss_raw.txt,2437,380342.200,FINESTEERING,SOL_COMPUTED,NARROW_INT,32,29,0.0236,0.0478,1.2,1314
gnss_raw.txt,2437,380342.300,FINESTEERING,SOL_COMPUTED,NARROW_INT,32,29,0.0243,0.0484,1.3,1314
gnss_raw.txt,2437,380342.400,FINESTEERING,SOL_COMPUTED,NARROW_INT,32,29,0.025,0.049,1.4,1314
gnss_raw.txt,2437,380342.500,FINESTEERING,SOL_COMPUTED,NARROW_INT,32,29,0.0256,0.0495,1.5,1314
gnss_raw.txt,2437,380342.600,FINESTEERING,SOL_COMPUTED,NARROW_INT,32,29,0.0261,0.0499,1.6,1314
gnss_raw.txt,2437,380342.700,FINESTEERING,SOL_COMPUTED,NARROW_INT,32,29,0.0268,0.0505,1.7,1314
gnss_raw.txt,2437,380342.800,FINESTEERING,SOL_COMPUTED,NARROW_INT,32,29,0.0273,0.051,1.8,1314
gnss_raw.txt,2437,380342.900,FINESTEERING,SOL_COMPUTED,NARROW_INT,32,29,0.028,0.0516,1.9,1314
gnss_raw.txt,2437,380343.000,FINESTEERING,SOL_COMPUTED,NARROW_INT,32,29,0.0223,0.0467,1.0,1314
gnss_raw.txt,2437,380343.100,FINESTEERING,SOL_COMPUTED,NARROW_INT,32,29,0.0227,0.0471,1.1,1314
gnss_raw.txt,2437,380343.200,FINESTEERING,SOL_COMPUTED,NARROW_INT,32,29,0.0234,0.0477,1.2,1314
gnss_raw.txt,2437,380343.300,FINESTEERING,SOL_COMPUTED,NARROW_INT,32,29,0.0239,0.0481,1.3,1314
gnss_raw.txt,2437,380343.400,FINESTEERING,SOL_COMPUTED,NARROW_INT,32,29,0.0258,0.0494,1.4,1314
gnss_raw.txt,2437,380343.500,FINESTEERING,SOL_COMPUTED,NARROW_INT,32,29,0.0261,0.0498,1.5,1314
gnss_raw.txt,2437,380343.600,FINESTEERING,SOL_COMPUTED,NARROW_INT,32,29,0.0266,0.0503,1.6,1314
gnss_raw.txt,2437,380343.700,FINESTEERING,SOL_COMPUTED,NARROW_INT,32,29,0.0269,0.0506,0.7,1314
gnss_raw.txt,2437,380343.800,FINESTEERING,SOL_COMPUTED,NARROW_INT,32,29,0.0275,0.0511,0.8,1314
gnss_raw.txt,2437,380343.900,FINESTEERING,SOL_COMPUTED,NARROW_INT,32,29,0.0279,0.0515,0.9,1314
gnss_raw.txt,2437,380344.000,FINESTEERING,SOL_COMPUTED,NARROW_INT,32,29,0.0223,0.0464,1.0,1314
gnss_raw.txt,2437,380344.100,FINESTEERING,SOL_COMPUTED,NARROW_INT,32,29,0.0228,0.0469,1.1,1314
gnss_raw.txt,2437,380344.200,FINESTEERING,SOL_COMPUTED,NARROW_INT,32,29,0.0237,0.0475,1.2,1314
gnss_raw.txt,2437,380344.300,FINESTEERING,SOL_COMPUTED,NARROW_INT,32,29,0.0241,0.048,1.3,1314
gnss_raw.txt,2437,380344.400,FINESTEERING,SOL_COMPUTED,NARROW_INT,32,29,0.0249,0.0485,1.4,1314
gnss_raw.txt,2437,380344.500,FINESTEERING,SOL_COMPUTED,NARROW_INT,32,29,0.0254,0.049,1.5,1314
gnss_raw.txt,2437,380344.600,FINESTEERING,SOL_COMPUTED,NARROW_INT,32,29,0.0257,0.0494,1.6,1314
gnss_raw.txt,2437,380344.700,FINESTEERING,SOL_COMPUTED,NARROW_INT,32,29,0.0261,0.0498,1.7,1314
gnss_raw.txt,2437,380344.800,FINESTEERING,SOL_COMPUTED,NARROW_INT,32,29,0.0265,0.0503,1.8,1314
gnss_raw.txt,2437,380344.900,FINESTEERING,SOL_COMPUTED,NARROW_INT,32,29,0.0268,0.0506,0.9,1314
gnss_raw.txt,2437,380345.000,FINESTEERING,SOL_COMPUTED,NARROW_INT,32,29,0.0214,0.0461,1.0,1314
gnss_raw.txt,2437,380345.100,FINESTEERING,SOL_COMPUTED,NARROW_INT,32,29,0.0222,0.0468,1.1,1314
gnss_raw.txt,2437,380345.200,FINESTEERING,SOL_COMPUTED,NARROW_INT,32,29,0.0227,0.0472,1.2,1314
gnss_raw.txt,2437,380345.300,FINESTEERING,SOL_COMPUTED,NARROW_INT,32,29,0.0249,0.0486,1.3,1314
gnss_raw.txt,2437,380345.400,FINESTEERING,SOL_COMPUTED,NARROW_INT,32,29,0.0255,0.0492,1.4,1314
gnss_raw.txt,2437,380345.500,FINESTEERING,SOL_COMPUTED,NARROW_INT,32,29,0.0259,0.0496,1.5,1314
gnss_raw.txt,2437,380345.600,FINESTEERING,SOL_COMPUTED,NARROW_INT,32,29,0.0264,0.0501,1.6,1314
gnss_raw.txt,2437,380345.700,FINESTEERING,SOL_COMPUTED,NARROW_INT,32,29,0.0268,0.0506,1.7,1314
gnss_raw.txt,2437,380345.800,FINESTEERING,SOL_COMPUTED,NARROW_INT,32,29,0.0272,0.051,0.8,1314
gnss_raw.txt,2437,380345.900,FINESTEERING,SOL_COMPUTED,NARROW_INT,32,29,0.0276,0.0514,0.9,1314
gnss_raw.txt,2437,380346.000,FINESTEERING,SOL_COMPUTED,NARROW_INT,32,29,0.0228,0.0469,1.0,1314
gnss_raw.txt,2437,380346.100,FINESTEERING,SOL_COMPUTED,NARROW_INT,32,29,0.0235,0.0475,1.1,1314
gnss_raw.txt,2437,380346.200,FINESTEERING,SOL_COMPUTED,NARROW_INT,32,29,0.024,0.048,1.2,1314
gnss_raw.txt,2437,380346.300,FINESTEERING,SOL_COMPUTED,NARROW_INT,32,29,0.0245,0.0484,1.3,1314
gnss_raw.txt,2437,380346.400,FINESTEERING,SOL_COMPUTED,NARROW_INT,32,29,0.0249,0.0488,1.4,1314
gnss_raw.txt,2437,380346.500,FINESTEERING,SOL_COMPUTED,NARROW_INT,32,29,0.0253,0.0492,1.5,1314
gnss_raw.txt,2437,380346.600,FINESTEERING,SOL_COMPUTED,NARROW_INT,33,30,0.0258,0.0497,1.6,1314
gnss_raw.txt,2437,380346.700,FINESTEERING,SOL_COMPUTED,NARROW_INT,33,30,0.0262,0.0501,1.7,1314
gnss_raw.txt,2437,380346.800,FINESTEERING,SOL_COMPUTED,NARROW_INT,33,30,0.0264,0.0504,1.8,1314
gnss_raw.txt,2437,380346.900,FINESTEERING,SOL_COMPUTED,NARROW_INT,34,31,0.0269,0.0508,0.9,1314
gnss_raw.txt,2437,380347.000,FINESTEERING,SOL_COMPUTED,NARROW_INT,34,31,0.0203,0.0455,1.0,1314
gnss_raw.txt,2437,380347.100,FINESTEERING,SOL_COMPUTED,NARROW_INT,34,31,0.0209,0.046,1.1,1314
gnss_raw.txt,2437,380347.200,FINESTEERING,SOL_COMPUTED,NARROW_INT,34,31,0.0214,0.0465,1.2,1314
gnss_raw.txt,2437,380347.300,FINESTEERING,SOL_COMPUTED,NARROW_INT,34,31,0.0222,0.0471,1.3,1314
gnss_raw.txt,2437,380347.400,FINESTEERING,SOL_COMPUTED,NARROW_INT,34,31,0.0227,0.0476,1.4,1314
gnss_raw.txt,2437,380347.500,FINESTEERING,SOL_COMPUTED,NARROW_INT,34,31,0.0231,0.0479,1.5,1314
gnss_raw.txt,2437,380347.600,FINESTEERING,SOL_COMPUTED,NARROW_INT,34,31,0.0235,0.0484,1.6,1314
gnss_raw.txt,2437,380347.700,FINESTEERING,SOL_COMPUTED,NARROW_INT,34,31,0.0241,0.0488,0.7,1314
gnss_raw.txt,2437,380347.800,FINESTEERING,SOL_COMPUTED,NARROW_INT,34,31,0.0246,0.0493,0.8,1314
gnss_raw.txt,2437,380347.900,FINESTEERING,SOL_COMPUTED,NARROW_INT,34,31,0.0251,0.0498,0.9,1314
gnss_raw.txt,2437,380348.000,FINESTEERING,SOL_COMPUTED,NARROW_INT,34,31,0.0205,0.0464,1.0,1314
gnss_raw.txt,2437,380348.100,FINESTEERING,SOL_COMPUTED,NARROW_INT,34,31,0.0209,0.0468,1.1,1314
gnss_raw.txt,2437,380348.200,FINESTEERING,SOL_COMPUTED,NARROW_INT,34,31,0.0213,0.0472,1.2,1314
gnss_raw.txt,2437,380348.300,FINESTEERING,SOL_COMPUTED,NARROW_INT,34,31,0.0218,0.0476,1.3,1314
gnss_raw.txt,2437,380348.400,FINESTEERING,SOL_COMPUTED,NARROW_INT,34,31,0.0221,0.048,1.4,1314
gnss_raw.txt,2437,380348.500,FINESTEERING,SOL_COMPUTED,NARROW_INT,34,31,0.0225,0.0484,1.5,1314
gnss_raw.txt,2437,380348.600,FINESTEERING,SOL_COMPUTED,NARROW_INT,34,31,0.0234,0.049,1.6,1314
gnss_raw.txt,2437,380348.700,FINESTEERING,SOL_COMPUTED,NARROW_INT,34,31,0.0241,0.0496,1.7,1314
gnss_raw.txt,2437,380348.800,FINESTEERING,SOL_COMPUTED,NARROW_INT,34,31,0.0246,0.0501,0.8,1314
gnss_raw.txt,2437,380348.900,FINESTEERING,SOL_COMPUTED,NARROW_INT,34,31,0.0251,0.0505,0.9,1314
gnss_raw.txt,2437,380349.000,FINESTEERING,SOL_COMPUTED,NARROW_INT,34,31,0.0201,0.0457,1.0,1314
gnss_raw.txt,2437,380349.100,FINESTEERING,SOL_COMPUTED,NARROW_INT,34,31,0.0203,0.046,1.1,1314
gnss_raw.txt,2437,380349.200,FINESTEERING,SOL_COMPUTED,NARROW_INT,34,31,0.0208,0.0464,1.2,1314
gnss_raw.txt,2437,380349.300,FINESTEERING,SOL_COMPUTED,NARROW_INT,34,31,0.0213,0.0468,1.3,1314
gnss_raw.txt,2437,380349.400,FINESTEERING,SOL_COMPUTED,NARROW_INT,34,31,0.0216,0.0472,1.4,1314
gnss_raw.txt,2437,380349.500,FINESTEERING,SOL_COMPUTED,NARROW_INT,34,31,0.022,0.0476,1.5,1314
gnss_raw.txt,2437,380349.600,FINESTEERING,SOL_COMPUTED,NARROW_INT,34,31,0.0229,0.0482,1.6,1314
gnss_raw.txt,2437,380349.700,FINESTEERING,SOL_COMPUTED,NARROW_INT,34,31,0.0242,0.0491,1.7,1314
gnss_raw.txt,2437,380349.800,FINESTEERING,SOL_COMPUTED,NARROW_INT,34,31,0.0245,0.0495,1.8,1314
gnss_raw.txt,2437,380349.900,FINESTEERING,SOL_COMPUTED,NARROW_INT,34,31,0.0248,0.0499,0.9,1314
gnss_raw.txt,2437,380350.000,FINESTEERING,SOL_COMPUTED,NARROW_INT,34,31,0.0208,0.0456,1.0,1314
gnss_raw.txt,2437,380350.100,FINESTEERING,SOL_COMPUTED,NARROW_INT,34,31,0.0212,0.046,1.1,1314
gnss_raw.txt,2437,380350.200,FINESTEERING,SOL_COMPUTED,NARROW_INT,34,31,0.0216,0.0464,1.2,1314
gnss_raw.txt,2437,380350.300,FINESTEERING,SOL_COMPUTED,NARROW_INT,34,31,0.0224,0.0471,1.3,1314
gnss_raw.txt,2437,380350.400,FINESTEERING,SOL_COMPUTED,NARROW_INT,34,31,0.0229,0.0475,1.4,1314
gnss_raw.txt,2437,380350.500,FINESTEERING,SOL_COMPUTED,NARROW_INT,35,31,0.0233,0.048,1.5,1314
gnss_raw.txt,2437,380350.600,FINESTEERING,SOL_COMPUTED,NARROW_INT,35,31,0.0237,0.0483,1.6,1314
gnss_raw.txt,2437,380350.700,FINESTEERING,SOL_COMPUTED,NARROW_INT,35,31,0.0241,0.0487,1.7,1314
gnss_raw.txt,2437,380350.800,FINESTEERING,SOL_COMPUTED,NARROW_INT,35,31,0.0245,0.0491,1.8,1314
gnss_raw.txt,2437,380350.900,FINESTEERING,SOL_COMPUTED,NARROW_INT,35,31,0.0248,0.0495,0.9,1314
gnss_raw.txt,2437,380351.000,FINESTEERING,SOL_COMPUTED,NARROW_INT,35,31,0.0197,0.0452,1.0,1314
gnss_raw.txt,2437,380351.100,FINESTEERING,SOL_COMPUTED,NARROW_INT,35,31,0.0203,0.0457,1.1,1314
gnss_raw.txt,2437,380351.200,FINESTEERING,SOL_COMPUTED,NARROW_INT,35,31,0.0208,0.0461,1.2,1314
gnss_raw.txt,2437,380351.300,FINESTEERING,SOL_COMPUTED,NARROW_INT,35,31,0.0214,0.0466,1.3,1314
gnss_raw.txt,2437,380351.400,FINESTEERING,SOL_COMPUTED,NARROW_INT,35,31,0.022,0.0471,1.4,1314
gnss_raw.txt,2437,380351.500,FINESTEERING,SOL_COMPUTED,NARROW_INT,35,31,0.0224,0.0475,1.5,1314
gnss_raw.txt,2437,380351.600,FINESTEERING,SOL_COMPUTED,NARROW_INT,35,31,0.0229,0.0479,1.6,1314
gnss_raw.txt,2437,380351.700,FINESTEERING,SOL_COMPUTED,NARROW_INT,35,31,0.0236,0.0485,0.7,1314
gnss_raw.txt,2437,380351.800,FINESTEERING,SOL_COMPUTED,NARROW_INT,35,31,0.0245,0.0492,0.8,1314
gnss_raw.txt,2437,380351.900,FINESTEERING,SOL_COMPUTED,NARROW_INT,35,31,0.0249,0.0496,0.9,1314
gnss_raw.txt,2437,380352.000,FINESTEERING,SOL_COMPUTED,NARROW_INT,35,31,0.0209,0.0458,1.0,1314
gnss_raw.txt,2437,380352.100,FINESTEERING,SOL_COMPUTED,NARROW_INT,35,31,0.0214,0.0462,1.1,1314
gnss_raw.txt,2437,380352.200,FINESTEERING,SOL_COMPUTED,NARROW_INT,35,31,0.022,0.0468,1.2,1314
gnss_raw.txt,2437,380352.300,FINESTEERING,SOL_COMPUTED,NARROW_INT,35,31,0.0228,0.0474,1.3,1314
gnss_raw.txt,2437,380352.400,FINESTEERING,SOL_COMPUTED,NARROW_INT,34,30,0.0233,0.0479,1.4,1314
gnss_raw.txt,2437,380352.500,FINESTEERING,SOL_COMPUTED,NARROW_INT,34,30,0.0237,0.0483,1.5,1314
gnss_raw.txt,2437,380352.600,FINESTEERING,SOL_COMPUTED,NARROW_INT,34,30,0.0243,0.0488,1.6,1314
gnss_raw.txt,2437,380352.700,FINESTEERING,SOL_COMPUTED,NARROW_INT,34,30,0.0247,0.0492,1.7,1314
gnss_raw.txt,2437,380352.800,FINESTEERING,SOL_COMPUTED,NARROW_INT,34,30,0.0251,0.0496,0.8,1314
gnss_raw.txt,2437,380352.900,FINESTEERING,SOL_COMPUTED,NARROW_INT,34,30,0.026,0.0502,0.9,1314
gnss_raw.txt,2437,380353.000,FINESTEERING,SOL_COMPUTED,NARROW_INT,34,30,0.0215,0.0487,1.0,1314
gnss_raw.txt,2437,380353.100,FINESTEERING,SOL_COMPUTED,NARROW_INT,34,30,0.0222,0.0492,1.1,1314
gnss_raw.txt,2437,380353.200,FINESTEERING,SOL_COMPUTED,NARROW_INT,34,30,0.0228,0.0497,1.2,1314
gnss_raw.txt,2437,380353.300,FINESTEERING,SOL_COMPUTED,NARROW_INT,34,30,0.0234,0.0502,1.3,1314
gnss_raw.txt,2437,380353.400,FINESTEERING,SOL_COMPUTED,NARROW_INT,34,30,0.0237,0.0506,1.4,1314
gnss_raw.txt,2437,380353.500,FINESTEERING,SOL_COMPUTED,NARROW_INT,34,30,0.0241,0.051,1.5,1314
gnss_raw.txt,2437,380353.600,FINESTEERING,SOL_COMPUTED,NARROW_INT,34,30,0.0244,0.0513,1.6,1314
gnss_raw.txt,2437,380353.700,FINESTEERING,SOL_COMPUTED,NARROW_INT,34,30,0.0249,0.0517,1.7,1314
gnss_raw.txt,2437,380353.800,FINESTEERING,SOL_COMPUTED,NARROW_INT,34,30,0.0254,0.0522,0.8,1314
gnss_raw.txt,2437,380353.900,FINESTEERING,SOL_COMPUTED,NARROW_INT,34,30,0.0263,0.0529,0.9,1314
gnss_raw.txt,2437,380354.000,FINESTEERING,SOL_COMPUTED,NARROW_INT,34,30,0.0208,0.046,1.0,1314
gnss_raw.txt,2437,380354.100,FINESTEERING,SOL_COMPUTED,NARROW_INT,34,30,0.0219,0.0467,1.1,1314
gnss_raw.txt,2437,380354.200,FINESTEERING,SOL_COMPUTED,NARROW_INT,34,30,0.0224,0.0472,1.2,1314
gnss_raw.txt,2437,380354.300,FINESTEERING,SOL_COMPUTED,NARROW_INT,34,30,0.0231,0.0477,1.3,1314
gnss_raw.txt,2437,380354.400,FINESTEERING,SOL_COMPUTED,NARROW_INT,34,30,0.0234,0.0481,1.4,1314
gnss_raw.txt,2437,380354.500,FINESTEERING,SOL_COMPUTED,NARROW_INT,34,30,0.0241,0.0487,1.5,1314
gnss_raw.txt,2437,380354.600,FINESTEERING,SOL_COMPUTED,NARROW_INT,34,30,0.0246,0.0491,1.6,1314
gnss_raw.txt,2437,380354.700,FINESTEERING,SOL_COMPUTED,NARROW_INT,34,30,0.0251,0.0497,1.7,1314
gnss_raw.txt,2437,380354.800,FINESTEERING,SOL_COMPUTED,NARROW_INT,34,30,0.0258,0.0502,0.8,1314
gnss_raw.txt,2437,380354.900,FINESTEERING,SOL_COMPUTED,NARROW_INT,34,30,0.0264,0.0508,0.9,1314
gnss_raw.txt,2437,380355.000,FINESTEERING,SOL_COMPUTED,NARROW_INT,34,30,0.0216,0.0464,1.0,1314
gnss_raw.txt,2437,380355.100,FINESTEERING,SOL_COMPUTED,NARROW_INT,34,30,0.022,0.0468,1.1,1314
gnss_raw.txt,2437,380355.200,FINESTEERING,SOL_COMPUTED,NARROW_INT,34,30,0.0239,0.048,1.2,1314
gnss_raw.txt,2437,380355.300,FINESTEERING,SOL_COMPUTED,NARROW_INT,34,30,0.0246,0.0486,1.3,1314
gnss_raw.txt,2437,380355.400,FINESTEERING,SOL_COMPUTED,NARROW_INT,34,30,0.025,0.0491,1.4,1314
gnss_raw.txt,2437,380355.500,FINESTEERING,SOL_COMPUTED,NARROW_INT,34,30,0.0255,0.0495,1.5,1314
gnss_raw.txt,2437,380355.600,FINESTEERING,SOL_COMPUTED,NARROW_INT,34,30,0.026,0.05,1.6,1314
gnss_raw.txt,2437,380355.700,FINESTEERING,SOL_COMPUTED,NARROW_INT,34,30,0.0264,0.0504,1.7,1314
gnss_raw.txt,2437,380355.800,FINESTEERING,SOL_COMPUTED,NARROW_INT,34,30,0.0268,0.0508,1.8,1314
gnss_raw.txt,2437,380355.900,FINESTEERING,SOL_COMPUTED,NARROW_INT,34,30,0.0271,0.0511,1.9,1314
gnss_raw.txt,2437,380356.000,FINESTEERING,SOL_COMPUTED,NARROW_INT,34,30,0.0217,0.0463,1.0,1314
gnss_raw.txt,2437,380356.100,FINESTEERING,SOL_COMPUTED,NARROW_INT,34,30,0.0222,0.0467,1.1,1314
gnss_raw.txt,2437,380356.200,FINESTEERING,SOL_COMPUTED,NARROW_INT,34,30,0.0226,0.0471,1.2,1314
gnss_raw.txt,2437,380356.300,FINESTEERING,SOL_COMPUTED,NARROW_INT,34,30,0.0231,0.0476,1.3,1314
gnss_raw.txt,2437,380356.400,FINESTEERING,SOL_COMPUTED,NARROW_INT,34,30,0.0235,0.048,1.4,1314
gnss_raw.txt,2437,380356.500,FINESTEERING,SOL_COMPUTED,NARROW_INT,34,30,0.0241,0.0485,1.5,1314
gnss_raw.txt,2437,380356.600,FINESTEERING,SOL_COMPUTED,NARROW_INT,34,30,0.0246,0.049,1.6,1314
gnss_raw.txt,2437,380356.700,FINESTEERING,SOL_COMPUTED,NARROW_INT,34,30,0.0253,0.0496,1.7,1314
gnss_raw.txt,2437,380356.800,FINESTEERING,SOL_COMPUTED,NARROW_INT,34,30,0.026,0.0502,1.8,1314
gnss_raw.txt,2437,380356.900,FINESTEERING,SOL_COMPUTED,NARROW_INT,34,30,0.0262,0.0505,0.9,1314
gnss_raw.txt,2437,380357.000,FINESTEERING,SOL_COMPUTED,NARROW_INT,34,30,0.0205,0.0457,1.0,1314
gnss_raw.txt,2437,380357.100,FINESTEERING,SOL_COMPUTED,NARROW_INT,34,30,0.0211,0.0462,1.1,1314
gnss_raw.txt,2437,380357.200,FINESTEERING,SOL_COMPUTED,NARROW_INT,34,30,0.0216,0.0466,1.2,1314
gnss_raw.txt,2437,380357.300,FINESTEERING,SOL_COMPUTED,NARROW_INT,34,30,0.022,0.0471,1.3,1314
gnss_raw.txt,2437,380357.400,FINESTEERING,SOL_COMPUTED,NARROW_INT,34,30,0.0227,0.0476,1.4,1314
gnss_raw.txt,2437,380357.500,FINESTEERING,SOL_COMPUTED,NARROW_INT,34,30,0.0231,0.048,1.5,1314
gnss_raw.txt,2437,380357.600,FINESTEERING,SOL_COMPUTED,NARROW_INT,34,30,0.0235,0.0484,1.6,1314
gnss_raw.txt,2437,380357.700,FINESTEERING,SOL_COMPUTED,NARROW_INT,34,30,0.024,0.0488,0.7,1314
gnss_raw.txt,2437,380357.800,FINESTEERING,SOL_COMPUTED,NARROW_INT,34,30,0.0245,0.0493,0.8,1314
gnss_raw.txt,2437,380357.900,FINESTEERING,SOL_COMPUTED,NARROW_INT,34,30,0.0248,0.0497,0.9,1314
gnss_raw.txt,2437,380358.000,FINESTEERING,SOL_COMPUTED,NARROW_INT,34,30,0.0198,0.0453,1.0,1314
gnss_raw.txt,2437,380358.100,FINESTEERING,SOL_COMPUTED,NARROW_INT,34,30,0.0203,0.0457,1.1,1314
gnss_raw.txt,2437,380358.200,FINESTEERING,SOL_COMPUTED,NARROW_INT,34,30,0.0219,0.0467,1.2,1314
gnss_raw.txt,2437,380358.300,FINESTEERING,SOL_COMPUTED,NARROW_INT,34,30,0.0225,0.0472,1.3,1314
gnss_raw.txt,2437,380358.400,FINESTEERING,SOL_COMPUTED,NARROW_INT,34,30,0.0228,0.0476,1.4,1314
gnss_raw.txt,2437,380358.500,FINESTEERING,SOL_COMPUTED,NARROW_INT,34,30,0.0235,0.0482,1.5,1314
gnss_raw.txt,2437,380358.600,FINESTEERING,SOL_COMPUTED,NARROW_INT,34,30,0.0243,0.0488,1.6,1314
gnss_raw.txt,2437,380358.700,FINESTEERING,SOL_COMPUTED,NARROW_INT,34,30,0.0246,0.0491,1.7,1314
gnss_raw.txt,2437,380358.800,FINESTEERING,SOL_COMPUTED,NARROW_INT,34,30,0.0249,0.0495,1.8,1314
gnss_raw.txt,2437,380358.900,FINESTEERING,SOL_COMPUTED,NARROW_INT,34,30,0.0254,0.05,1.9,1314
gnss_raw.txt,2437,380359.000,FINESTEERING,SOL_COMPUTED,NARROW_INT,34,30,0.0213,0.046,1.0,1314
gnss_raw.txt,2437,380359.100,FINESTEERING,SOL_COMPUTED,NARROW_INT,34,30,0.0216,0.0464,1.1,1314
gnss_raw.txt,2437,380359.200,FINESTEERING,SOL_COMPUTED,NARROW_INT,34,30,0.022,0.0468,1.2,1314
gnss_raw.txt,2437,380359.300,FINESTEERING,SOL_COMPUTED,NARROW_INT,34,30,0.0223,0.0471,1.3,1314
gnss_raw.txt,2437,380359.400,FINESTEERING,SOL_COMPUTED,NARROW_INT,34,30,0.0227,0.0475,1.4,1314
gnss_raw.txt,2437,380359.500,FINESTEERING,SOL_COMPUTED,NARROW_INT,34,30,0.0232,0.048,1.5,1314
gnss_raw.txt,2437,380359.600,FINESTEERING,SOL_COMPUTED,NARROW_INT,34,30,0.0237,0.0484,1.6,1314
gnss_raw.txt,2437,380359.700,FINESTEERING,SOL_COMPUTED,NARROW_INT,34,30,0.0244,0.049,1.7,1314
gnss_raw.txt,2437,380359.800,FINESTEERING,SOL_COMPUTED,NARROW_INT,34,30,0.0253,0.0497,0.8,1314
gnss_raw.txt,2437,380359.900,FINESTEERING,SOL_COMPUTED,NARROW_INT,34,30,0.0258,0.0502,0.9,1314
gnss_raw.txt,2437,380360.000,FINESTEERING,SOL_COMPUTED,NARROW_INT,34,30,0.0208,0.0459,1.0,1314
gnss_raw.txt,2437,380360.100,FINESTEERING,SOL_COMPUTED,NARROW_INT,34,30,0.0214,0.0465,1.1,1314
gnss_raw.txt,2437,380360.200,FINESTEERING,SOL_COMPUTED,NARROW_INT,34,30,0.022,0.0469,1.2,1314
gnss_raw.txt,2437,380360.300,FINESTEERING,SOL_COMPUTED,NARROW_INT,35,30,0.0224,0.0474,1.3,1314
gnss_raw.txt,2437,380360.400,FINESTEERING,SOL_COMPUTED,NARROW_INT,35,30,0.0229,0.0478,1.4,1314
gnss_raw.txt,2437,380360.500,FINESTEERING,SOL_COMPUTED,NARROW_INT,35,30,0.0232,0.0482,1.5,1314
gnss_raw.txt,2437,380360.600,FINESTEERING,SOL_COMPUTED,NARROW_INT,35,30,0.0237,0.0486,1.6,1314
gnss_raw.txt,2437,380360.700,FINESTEERING,SOL_COMPUTED,NARROW_INT,35,30,0.0241,0.049,0.7,1314
gnss_raw.txt,2437,380360.800,FINESTEERING,SOL_COMPUTED,NARROW_INT,35,30,0.0244,0.0494,0.8,1314
gnss_raw.txt,2437,380360.900,FINESTEERING,SOL_COMPUTED,NARROW_INT,35,30,0.025,0.0498,0.9,1314
gnss_raw.txt,2437,380361.000,FINESTEERING,SOL_COMPUTED,NARROW_INT,35,30,0.0204,0.0491,1.0,1314
gnss_raw.txt,2437,380361.100,FINESTEERING,SOL_COMPUTED,NARROW_INT,35,30,0.021,0.0495,1.1,1314
gnss_raw.txt,2437,380361.200,FINESTEERING,SOL_COMPUTED,NARROW_INT,35,30,0.0217,0.05,1.2,1314
gnss_raw.txt,2437,380361.300,FINESTEERING,SOL_COMPUTED,NARROW_INT,35,30,0.0221,0.0504,1.3,1314
gnss_raw.txt,2437,380361.400,FINESTEERING,SOL_COMPUTED,NARROW_INT,35,30,0.0228,0.0509,1.4,1314
gnss_raw.txt,2437,380361.500,FINESTEERING,SOL_COMPUTED,NARROW_INT,35,30,0.0231,0.0513,1.5,1314
gnss_raw.txt,2437,380361.600,FINESTEERING,SOL_COMPUTED,NARROW_INT,35,30,0.0239,0.0518,1.6,1314
gnss_raw.txt,2437,380361.700,FINESTEERING,SOL_COMPUTED,NARROW_INT,35,30,0.0244,0.0523,1.7,1314
gnss_raw.txt,2437,380361.800,FINESTEERING,SOL_COMPUTED,NARROW_INT,35,30,0.0251,0.0529,0.8,1314
gnss_raw.txt,2437,380361.900,FINESTEERING,SOL_COMPUTED,NARROW_INT,35,30,0.0255,0.0532,0.9,1314
gnss_raw.txt,2437,380362.000,FINESTEERING,SOL_COMPUTED,NARROW_INT,35,30,0.0215,0.052,1.0,1314
gnss_raw.txt,2437,380362.100,FINESTEERING,SOL_COMPUTED,NARROW_INT,35,30,0.0219,0.0524,1.1,1314
gnss_raw.txt,2437,380362.200,FINESTEERING,SOL_COMPUTED,NARROW_INT,35,30,0.0223,0.0527,1.2,1314
gnss_raw.txt,2437,380362.300,FINESTEERING,SOL_COMPUTED,NARROW_INT,35,30,0.0228,0.0531,1.3,1314
gnss_raw.txt,2437,380362.400,FINESTEERING,SOL_COMPUTED,NARROW_INT,35,30,0.0236,0.0537,1.4,1314
gnss_raw.txt,2437,380362.500,FINESTEERING,SOL_COMPUTED,NARROW_INT,35,30,0.0239,0.054,1.5,1314
gnss_raw.txt,2437,380362.600,FINESTEERING,SOL_COMPUTED,NARROW_INT,35,30,0.0244,0.0545,1.6,1314
gnss_raw.txt,2437,380362.700,FINESTEERING,SOL_COMPUTED,NARROW_INT,35,30,0.0253,0.0551,1.7,1314
gnss_raw.txt,2437,380362.800,FINESTEERING,SOL_COMPUTED,NARROW_INT,35,30,0.026,0.0556,1.8,1314
gnss_raw.txt,2437,380362.900,FINESTEERING,SOL_COMPUTED,NARROW_INT,35,30,0.0269,0.0563,0.9,1314
gnss_raw.txt,2437,380363.000,FINESTEERING,SOL_COMPUTED,NARROW_INT,35,30,0.022,0.0506,1.0,1314
gnss_raw.txt,2437,380363.100,FINESTEERING,SOL_COMPUTED,NARROW_INT,35,30,0.0224,0.051,1.1,1314
gnss_raw.txt,2437,380363.200,FINESTEERING,SOL_COMPUTED,NARROW_INT,35,30,0.0229,0.0514,1.2,1314
gnss_raw.txt,2437,380363.300,FINESTEERING,SOL_COMPUTED,NARROW_INT,35,30,0.0235,0.0518,1.3,1314
gnss_raw.txt,2437,380363.400,FINESTEERING,SOL_COMPUTED,NARROW_INT,35,30,0.0238,0.0522,1.4,1314
gnss_raw.txt,2437,380363.500,FINESTEERING,SOL_COMPUTED,NARROW_INT,35,30,0.0243,0.0526,1.5,1314
gnss_raw.txt,2437,380363.600,FINESTEERING,SOL_COMPUTED,NARROW_INT,35,30,0.0248,0.053,1.6,1314
gnss_raw.txt,2437,380363.700,FINESTEERING,SOL_COMPUTED,NARROW_INT,35,30,0.0251,0.0534,1.7,1314
gnss_raw.txt,2437,380363.800,FINESTEERING,SOL_COMPUTED,NARROW_INT,35,30,0.0257,0.0539,1.8,1314
gnss_raw.txt,2437,380363.900,FINESTEERING,SOL_COMPUTED,NARROW_INT,35,30,0.0261,0.0543,0.9,1314
gnss_raw.txt,2437,380364.000,FINESTEERING,SOL_COMPUTED,NARROW_INT,35,30,0.0222,0.05,1.0,1314
gnss_raw.txt,2437,380364.100,FINESTEERING,SOL_COMPUTED,NARROW_INT,35,30,0.0226,0.0505,1.1,1314
gnss_raw.txt,2437,380364.200,FINESTEERING,SOL_COMPUTED,NARROW_INT,35,30,0.0231,0.0509,1.2,1314
gnss_raw.txt,2437,380364.300,FINESTEERING,SOL_COMPUTED,NARROW_INT,35,30,0.0237,0.0514,1.3,1314
gnss_raw.txt,2437,380364.400,FINESTEERING,SOL_COMPUTED,NARROW_INT,35,30,0.024,0.0518,1.4,1314
gnss_raw.txt,2437,380364.500,FINESTEERING,SOL_COMPUTED,NARROW_INT,35,30,0.0243,0.0521,1.5,1314
gnss_raw.txt,2437,380364.600,FINESTEERING,SOL_COMPUTED,NARROW_INT,35,30,0.0247,0.0524,1.6,1314
gnss_raw.txt,2437,380364.700,FINESTEERING,SOL_COMPUTED,NARROW_INT,35,30,0.0249,0.0527,1.7,1314
gnss_raw.txt,2437,380364.800,FINESTEERING,SOL_COMPUTED,NARROW_INT,35,30,0.0252,0.0531,1.8,1314
gnss_raw.txt,2437,380364.900,FINESTEERING,SOL_COMPUTED,NARROW_INT,35,30,0.0256,0.0534,0.9,1314
gnss_raw.txt,2437,380365.000,FINESTEERING,SOL_COMPUTED,NARROW_INT,35,30,0.02,0.0491,1.0,1314
gnss_raw.txt,2437,380365.100,FINESTEERING,SOL_COMPUTED,NARROW_INT,35,30,0.0211,0.0498,1.1,1314
gnss_raw.txt,2437,380365.200,FINESTEERING,SOL_COMPUTED,NARROW_INT,35,30,0.0214,0.0502,1.2,1314
gnss_raw.txt,2437,380365.300,FINESTEERING,SOL_COMPUTED,NARROW_INT,35,30,0.022,0.0507,1.3,1314
gnss_raw.txt,2437,380365.400,FINESTEERING,SOL_COMPUTED,NARROW_INT,35,30,0.0227,0.0512,1.4,1314
gnss_raw.txt,2437,380365.500,FINESTEERING,SOL_COMPUTED,NARROW_INT,35,30,0.0233,0.0517,1.5,1314
gnss_raw.txt,2437,380365.600,FINESTEERING,SOL_COMPUTED,NARROW_INT,35,30,0.0239,0.0522,1.6,1314
gnss_raw.txt,2437,380365.700,FINESTEERING,SOL_COMPUTED,NARROW_INT,35,30,0.0245,0.0526,1.7,1314
gnss_raw.txt,2437,380365.800,FINESTEERING,SOL_COMPUTED,NARROW_INT,35,30,0.025,0.0531,1.8,1314
gnss_raw.txt,2437,380365.900,FINESTEERING,SOL_COMPUTED,NARROW_INT,35,30,0.0254,0.0535,1.9,1314
gnss_raw.txt,2437,380366.000,FINESTEERING,SOL_COMPUTED,NARROW_INT,35,30,0.0219,0.0509,2.0,1314
gnss_raw.txt,2437,380366.100,FINESTEERING,SOL_COMPUTED,NARROW_INT,35,30,0.0227,0.0515,1.1,1314
gnss_raw.txt,2437,380366.200,FINESTEERING,SOL_COMPUTED,NARROW_INT,35,30,0.0231,0.0519,1.2,1314
gnss_raw.txt,2437,380366.300,FINESTEERING,SOL_COMPUTED,NARROW_INT,35,30,0.0236,0.0523,1.3,1314
gnss_raw.txt,2437,380366.400,FINESTEERING,SOL_COMPUTED,NARROW_INT,35,30,0.0245,0.053,1.4,1314
gnss_raw.txt,2437,380366.500,FINESTEERING,SOL_COMPUTED,NARROW_INT,35,30,0.0249,0.0534,1.5,1314
gnss_raw.txt,2437,380366.600,FINESTEERING,SOL_COMPUTED,NARROW_INT,35,30,0.0255,0.0539,1.6,1314
gnss_raw.txt,2437,380366.700,FINESTEERING,SOL_COMPUTED,NARROW_INT,35,30,0.0264,0.0545,0.7,1314
gnss_raw.txt,2437,380366.800,FINESTEERING,SOL_COMPUTED,NARROW_INT,35,30,0.0268,0.055,0.8,1314
gnss_raw.txt,2437,380366.900,FINESTEERING,SOL_COMPUTED,NARROW_INT,35,30,0.0271,0.0554,0.9,1314
gnss_raw.txt,2437,380367.000,FINESTEERING,SOL_COMPUTED,NARROW_INT,35,30,0.0219,0.0502,1.0,1314
gnss_raw.txt,2437,380367.100,FINESTEERING,SOL_COMPUTED,NARROW_INT,35,30,0.0227,0.0507,1.1,1314
gnss_raw.txt,2437,380367.200,FINESTEERING,SOL_COMPUTED,NARROW_INT,35,30,0.0233,0.0513,1.2,1314
gnss_raw.txt,2437,380367.300,FINESTEERING,SOL_COMPUTED,NARROW_INT,35,30,0.0238,0.0517,1.3,1314
gnss_raw.txt,2437,380367.400,FINESTEERING,SOL_COMPUTED,NARROW_INT,35,30,0.0242,0.0521,1.4,1314
gnss_raw.txt,2437,380367.500,FINESTEERING,SOL_COMPUTED,NARROW_INT,35,30,0.025,0.0527,1.5,1314
gnss_raw.txt,2437,380367.600,FINESTEERING,SOL_COMPUTED,NARROW_INT,35,30,0.0258,0.0534,1.6,1314
gnss_raw.txt,2437,380367.700,FINESTEERING,SOL_COMPUTED,NARROW_INT,35,30,0.0264,0.0539,1.7,1314
gnss_raw.txt,2437,380367.800,FINESTEERING,SOL_COMPUTED,NARROW_INT,35,30,0.0272,0.0546,1.8,1314
gnss_raw.txt,2437,380367.900,FINESTEERING,SOL_COMPUTED,NARROW_INT,35,30,0.0275,0.055,1.9,1314
gnss_raw.txt,2437,380368.000,FINESTEERING,SOL_COMPUTED,NARROW_INT,35,30,0.0228,0.0506,1.0,1314
gnss_raw.txt,2437,380368.100,FINESTEERING,SOL_COMPUTED,NARROW_INT,35,30,0.0232,0.0511,1.1,1314
gnss_raw.txt,2437,380368.200,FINESTEERING,SOL_COMPUTED,NARROW_INT,35,30,0.0243,0.0518,1.2,1314
gnss_raw.txt,2437,380368.300,FINESTEERING,SOL_COMPUTED,NARROW_INT,35,30,0.0252,0.0526,1.3,1314
gnss_raw.txt,2437,380368.400,FINESTEERING,SOL_COMPUTED,NARROW_INT,35,30,0.0256,0.053,1.4,1314
gnss_raw.txt,2437,380368.500,FINESTEERING,SOL_COMPUTED,NARROW_INT,35,30,0.0262,0.0536,1.5,1314
gnss_raw.txt,2437,380368.600,FINESTEERING,SOL_COMPUTED,NARROW_INT,35,30,0.0269,0.0541,1.6,1314
gnss_raw.txt,2437,380368.700,FINESTEERING,SOL_COMPUTED,NARROW_INT,35,30,0.0275,0.0547,1.7,1314
gnss_raw.txt,2437,380368.800,FINESTEERING,SOL_COMPUTED,NARROW_INT,35,30,0.028,0.0552,1.8,1314
gnss_raw.txt,2437,380368.900,FINESTEERING,SOL_COMPUTED,NARROW_INT,35,30,0.0284,0.0556,0.9,1314
gnss_raw.txt,2437,380369.000,FINESTEERING,SOL_COMPUTED,NARROW_INT,35,30,0.023,0.0509,1.0,1314
gnss_raw.txt,2437,380369.100,FINESTEERING,SOL_COMPUTED,NARROW_INT,35,30,0.0237,0.0514,1.1,1314
gnss_raw.txt,2437,380369.200,FINESTEERING,SOL_COMPUTED,NARROW_INT,35,30,0.0245,0.0521,1.2,1314
gnss_raw.txt,2437,380369.300,FINESTEERING,SOL_COMPUTED,NARROW_INT,35,30,0.0252,0.0526,1.3,1314
gnss_raw.txt,2437,380369.400,FINESTEERING,SOL_COMPUTED,NARROW_INT,35,30,0.0256,0.0531,1.4,1314
gnss_raw.txt,2437,380369.500,FINESTEERING,SOL_COMPUTED,NARROW_INT,35,30,0.0262,0.0536,1.5,1314
gnss_raw.txt,2437,380369.600,FINESTEERING,SOL_COMPUTED,NARROW_INT,35,30,0.0266,0.0539,1.6,1314
gnss_raw.txt,2437,380369.700,FINESTEERING,SOL_COMPUTED,NARROW_INT,35,30,0.0272,0.0545,1.7,1314
gnss_raw.txt,2437,380369.800,FINESTEERING,SOL_COMPUTED,NARROW_INT,35,30,0.028,0.0551,0.8,1314
gnss_raw.txt,2437,380369.900,FINESTEERING,SOL_COMPUTED,NARROW_INT,35,30,0.0294,0.0562,0.9,1314
gnss_raw.txt,2437,380370.000,FINESTEERING,SOL_COMPUTED,NARROW_INT,35,30,0.0242,0.0514,1.0,1314
gnss_raw.txt,2437,380370.100,FINESTEERING,SOL_COMPUTED,NARROW_INT,35,30,0.0253,0.0521,1.1,1314
gnss_raw.txt,2437,380370.200,FINESTEERING,SOL_COMPUTED,NARROW_INT,35,30,0.0265,0.053,1.2,1314
gnss_raw.txt,2437,380370.300,FINESTEERING,SOL_COMPUTED,NARROW_INT,35,30,0.0274,0.0538,1.3,1314
gnss_raw.txt,2437,380370.400,FINESTEERING,SOL_COMPUTED,NARROW_INT,35,30,0.0279,0.0543,1.4,1314
gnss_raw.txt,2437,380370.500,FINESTEERING,SOL_COMPUTED,NARROW_INT,35,30,0.0284,0.0548,1.5,1314
gnss_raw.txt,2437,380370.600,FINESTEERING,SOL_COMPUTED,NARROW_INT,35,30,0.029,0.0554,1.6,1314
gnss_raw.txt,2437,380370.700,FINESTEERING,SOL_COMPUTED,NARROW_INT,35,30,0.0297,0.0561,1.7,1314
gnss_raw.txt,2437,380370.800,FINESTEERING,SOL_COMPUTED,NARROW_INT,35,30,0.0301,0.0566,1.8,1314
gnss_raw.txt,2437,380370.900,FINESTEERING,SOL_COMPUTED,NARROW_INT,35,30,0.0307,0.0571,1.9,1314
gnss_raw.txt,2437,380371.000,FINESTEERING,SOL_COMPUTED,NARROW_INT,35,30,0.0242,0.0517,1.0,1314
gnss_raw.txt,2437,380371.100,FINESTEERING,SOL_COMPUTED,NARROW_INT,35,30,0.0246,0.0522,1.1,1314
gnss_raw.txt,2437,380371.200,FINESTEERING,SOL_COMPUTED,NARROW_INT,35,30,0.0257,0.053,1.2,1314
gnss_raw.txt,2437,380371.300,FINESTEERING,SOL_COMPUTED,NARROW_INT,35,30,0.0266,0.0537,1.3,1314
gnss_raw.txt,2437,380371.400,FINESTEERING,SOL_COMPUTED,NARROW_INT,35,30,0.0277,0.0545,1.4,1314
gnss_raw.txt,2437,380371.500,FINESTEERING,SOL_COMPUTED,NARROW_INT,35,30,0.028,0.055,1.5,1314
gnss_raw.txt,2437,380371.600,FINESTEERING,SOL_COMPUTED,NARROW_INT,35,30,0.0285,0.0554,1.6,1314
gnss_raw.txt,2437,380371.700,FINESTEERING,SOL_COMPUTED,NARROW_INT,35,30,0.029,0.0559,1.7,1314
gnss_raw.txt,2437,380371.800,FINESTEERING,SOL_COMPUTED,NARROW_INT,35,30,0.0296,0.0565,1.8,1314
gnss_raw.txt,2437,380371.900,FINESTEERING,SOL_COMPUTED,NARROW_INT,35,30,0.03,0.0569,1.9,1314
gnss_raw.txt,2437,380372.000,FINESTEERING,SOL_COMPUTED,NARROW_INT,35,30,0.023,0.0477,1.0,1314
gnss_raw.txt,2437,380372.100,FINESTEERING,SOL_COMPUTED,NARROW_INT,35,30,0.0236,0.0483,1.1,1314
gnss_raw.txt,2437,380372.200,FINESTEERING,SOL_COMPUTED,NARROW_INT,34,29,0.024,0.0487,1.2,1314
gnss_raw.txt,2437,380372.300,FINESTEERING,SOL_COMPUTED,NARROW_INT,34,29,0.0246,0.0492,1.3,1314
gnss_raw.txt,2437,380372.400,FINESTEERING,SOL_COMPUTED,NARROW_INT,34,29,0.0254,0.0499,1.4,1314
gnss_raw.txt,2437,380372.500,FINESTEERING,SOL_COMPUTED,NARROW_INT,34,29,0.0275,0.0514,1.5,1314
gnss_raw.txt,2437,380372.600,FINESTEERING,SOL_COMPUTED,NARROW_INT,34,29,0.0281,0.0521,1.6,1314
gnss_raw.txt,2437,380372.700,FINESTEERING,SOL_COMPUTED,NARROW_INT,34,29,0.0285,0.0526,1.7,1314
gnss_raw.txt,2437,380372.800,FINESTEERING,SOL_COMPUTED,NARROW_INT,34,29,0.0291,0.0532,1.8,1314
gnss_raw.txt,2437,380372.900,FINESTEERING,SOL_COMPUTED,NARROW_INT,34,29,0.0303,0.0541,0.9,1314
gnss_raw.txt,2437,380373.000,FINESTEERING,SOL_COMPUTED,NARROW_INT,34,29,0.0245,0.0485,1.0,1314
gnss_raw.txt,2437,380373.100,FINESTEERING,SOL_COMPUTED,NARROW_INT,34,29,0.0251,0.049,1.1,1314
gnss_raw.txt,2437,380373.200,FINESTEERING,SOL_COMPUTED,NARROW_INT,34,29,0.0256,0.0496,1.2,1314
gnss_raw.txt,2437,380373.300,FINESTEERING,SOL_COMPUTED,NARROW_INT,34,29,0.0261,0.0501,1.3,1314
gnss_raw.txt,2437,380373.400,FINESTEERING,SOL_COMPUTED,NARROW_INT,34,29,0.0265,0.0506,1.4,1314
gnss_raw.txt,2437,380373.500,FINESTEERING,SOL_COMPUTED,NARROW_INT,34,29,0.0271,0.0512,1.5,1314
gnss_raw.txt,2437,380373.600,FINESTEERING,SOL_COMPUTED,NARROW_INT,34,29,0.028,0.0519,1.6,1314
gnss_raw.txt,2437,380373.700,FINESTEERING,SOL_COMPUTED,NARROW_INT,34,29,0.0285,0.0524,1.7,1314
gnss_raw.txt,2437,380373.800,FINESTEERING,SOL_COMPUTED,NARROW_INT,34,29,0.0289,0.0529,1.8,1314
gnss_raw.txt,2437,380373.900,FINESTEERING,SOL_COMPUTED,NARROW_INT,34,29,0.03,0.0538,1.9,1314
gnss_raw.txt,2437,380374.000,FINESTEERING,SOL_COMPUTED,NARROW_INT,34,29,0.0249,0.0554,1.0,1314
gnss_raw.txt,2437,380374.100,FINESTEERING,SOL_COMPUTED,NARROW_INT,34,29,0.0262,0.0563,1.1,1314
gnss_raw.txt,2437,380374.200,FINESTEERING,SOL_COMPUTED,NARROW_INT,34,29,0.0283,0.0576,1.2,1314
gnss_raw.txt,2437,380374.300,FINESTEERING,SOL_COMPUTED,NARROW_INT,34,29,0.0293,0.0585,1.3,1314
gnss_raw.txt,2437,380374.400,FINESTEERING,SOL_COMPUTED,NARROW_INT,34,29,0.0312,0.0597,1.4,1314
gnss_raw.txt,2437,380374.500,FINESTEERING,SOL_COMPUTED,NARROW_INT,34,29,0.0318,0.0603,1.5,1314
gnss_raw.txt,2437,380374.600,FINESTEERING,SOL_COMPUTED,NARROW_INT,34,29,0.033,0.0612,1.6,1314
gnss_raw.txt,2437,380374.700,FINESTEERING,SOL_COMPUTED,NARROW_INT,34,29,0.034,0.062,1.7,1314
gnss_raw.txt,2437,380374.800,FINESTEERING,SOL_COMPUTED,NARROW_INT,34,29,0.0346,0.0626,1.8,1314
gnss_raw.txt,2437,380374.900,FINESTEERING,SOL_COMPUTED,NARROW_INT,34,29,0.0354,0.0632,0.9,1314
gnss_raw.txt,2437,380375.000,FINESTEERING,SOL_COMPUTED,NARROW_INT,34,29,0.0293,0.0508,1.0,1314
gnss_raw.txt,2437,380375.100,FINESTEERING,SOL_COMPUTED,NARROW_INT,34,29,0.0297,0.0514,1.1,1314
gnss_raw.txt,2437,380375.200,FINESTEERING,SOL_COMPUTED,NARROW_INT,34,29,0.0304,0.052,1.2,1314
gnss_raw.txt,2437,380375.300,FINESTEERING,SOL_COMPUTED,NARROW_INT,34,29,0.0311,0.0527,1.3,1314
gnss_raw.txt,2437,380375.400,FINESTEERING,SOL_COMPUTED,NARROW_INT,34,29,0.0317,0.0533,1.4,1314
gnss_raw.txt,2437,380375.500,FINESTEERING,SOL_COMPUTED,NARROW_INT,34,29,0.0325,0.054,1.5,1314
gnss_raw.txt,2437,380375.600,FINESTEERING,SOL_COMPUTED,NARROW_INT,34,29,0.0331,0.0546,1.6,1314
gnss_raw.txt,2437,380375.700,FINESTEERING,SOL_COMPUTED,NARROW_INT,34,29,0.034,0.0553,0.7,1314
gnss_raw.txt,2437,380375.800,FINESTEERING,SOL_COMPUTED,NARROW_INT,34,29,0.0346,0.056,0.8,1314
gnss_raw.txt,2437,380375.900,FINESTEERING,SOL_COMPUTED,NARROW_INT,34,29,0.0357,0.0569,0.9,1314
gnss_raw.txt,2437,380376.000,FINESTEERING,SOL_COMPUTED,NARROW_INT,34,29,0.0301,0.0694,1.0,1314
gnss_raw.txt,2437,380376.100,FINESTEERING,SOL_COMPUTED,NARROW_INT,34,29,0.0311,0.07,1.1,1314
gnss_raw.txt,2437,380376.200,FINESTEERING,SOL_COMPUTED,NARROW_INT,34,29,0.032,0.0707,1.2,1314
gnss_raw.txt,2437,380376.300,FINESTEERING,SOL_COMPUTED,NARROW_INT,34,29,0.033,0.0713,1.3,1314
gnss_raw.txt,2437,380376.400,FINESTEERING,SOL_COMPUTED,NARROW_INT,34,29,0.0334,0.0717,1.4,1314
gnss_raw.txt,2437,380376.500,FINESTEERING,SOL_COMPUTED,NARROW_INT,34,29,0.0341,0.0722,1.5,1314
gnss_raw.txt,2437,380376.600,FINESTEERING,SOL_COMPUTED,NARROW_INT,34,29,0.0353,0.073,1.6,1314
gnss_raw.txt,2437,380376.700,FINESTEERING,SOL_COMPUTED,NARROW_INT,34,29,0.0371,0.074,1.7,1314
gnss_raw.txt,2437,380376.800,FINESTEERING,SOL_COMPUTED,NARROW_INT,34,29,0.0376,0.0745,1.8,1314
gnss_raw.txt,2437,380376.900,FINESTEERING,SOL_COMPUTED,NARROW_INT,34,29,0.038,0.0749,0.9,1314
gnss_raw.txt,2437,380377.000,FINESTEERING,SOL_COMPUTED,NARROW_INT,34,29,0.0326,0.0726,1.0,1314
gnss_raw.txt,2437,380377.100,FINESTEERING,SOL_COMPUTED,NARROW_INT,34,29,0.0337,0.0733,1.1,1314
gnss_raw.txt,2437,380377.200,FINESTEERING,SOL_COMPUTED,NARROW_INT,34,29,0.0345,0.0739,1.2,1314
gnss_raw.txt,2437,380377.300,FINESTEERING,SOL_COMPUTED,NARROW_INT,34,29,0.035,0.0744,1.3,1314
gnss_raw.txt,2437,380377.400,FINESTEERING,SOL_COMPUTED,NARROW_INT,34,29,0.0355,0.0748,1.4,1314
gnss_raw.txt,2437,380377.500,FINESTEERING,SOL_COMPUTED,NARROW_INT,34,29,0.0362,0.0753,1.5,1314
gnss_raw.txt,2437,380377.600,FINESTEERING,SOL_COMPUTED,NARROW_INT,34,29,0.0368,0.0757,1.6,1314
gnss_raw.txt,2437,380377.700,FINESTEERING,SOL_COMPUTED,NARROW_INT,33,29,0.0375,0.0763,1.7,1314
gnss_raw.txt,2437,380377.800,FINESTEERING,SOL_COMPUTED,NARROW_INT,33,29,0.0387,0.0771,1.8,1314
gnss_raw.txt,2437,380377.900,FINESTEERING,SOL_COMPUTED,NARROW_INT,33,29,0.0397,0.0778,0.9,1314
gnss_raw.txt,2437,380378.000,FINESTEERING,SOL_COMPUTED,NARROW_INT,33,29,0.0286,0.0538,1.0,1314
gnss_raw.txt,2437,380378.100,FINESTEERING,SOL_COMPUTED,NARROW_INT,33,29,0.0304,0.0551,1.1,1314
gnss_raw.txt,2437,380378.200,FINESTEERING,SOL_COMPUTED,NARROW_INT,33,29,0.0318,0.0562,1.2,1314
gnss_raw.txt,2437,380378.300,FINESTEERING,SOL_COMPUTED,NARROW_INT,33,29,0.0332,0.0573,1.3,1314
gnss_raw.txt,2437,380378.400,FINESTEERING,SOL_COMPUTED,NARROW_INT,33,29,0.0347,0.0584,1.4,1314
gnss_raw.txt,2437,380378.500,FINESTEERING,SOL_COMPUTED,NARROW_INT,33,29,0.0361,0.0596,1.5,1314
gnss_raw.txt,2437,380378.600,FINESTEERING,SOL_COMPUTED,NARROW_INT,33,29,0.0372,0.0605,1.6,1314
gnss_raw.txt,2437,380378.700,FINESTEERING,SOL_COMPUTED,NARROW_INT,33,29,0.0384,0.0615,1.7,1314
gnss_raw.txt,2437,380378.800,FINESTEERING,SOL_COMPUTED,NARROW_INT,33,29,0.0395,0.0624,0.8,1314
gnss_raw.txt,2437,380378.900,FINESTEERING,SOL_COMPUTED,NARROW_INT,33,29,0.0404,0.0633,0.9,1314
gnss_raw.txt,2437,380379.000,FINESTEERING,SOL_COMPUTED,NARROW_INT,33,29,0.0346,0.0614,1.0,1314
gnss_raw.txt,2437,380379.100,FINESTEERING,SOL_COMPUTED,NARROW_INT,33,29,0.0359,0.0624,1.1,1314
gnss_raw.txt,2437,380379.200,FINESTEERING,SOL_COMPUTED,NARROW_INT,33,29,0.037,0.0634,1.2,1314
gnss_raw.txt,2437,380379.300,FINESTEERING,SOL_COMPUTED,NARROW_INT,33,29,0.0396,0.0654,1.3,1314
gnss_raw.txt,2437,380379.400,FINESTEERING,SOL_COMPUTED,NARROW_INT,33,29,0.0407,0.0664,1.4,1314
gnss_raw.txt,2437,380379.500,FINESTEERING,SOL_COMPUTED,NARROW_INT,33,29,0.0419,0.0673,1.5,1314
gnss_raw.txt,2437,380379.600,FINESTEERING,SOL_COMPUTED,NARROW_INT,33,29,0.0431,0.0683,1.6,1314
gnss_raw.txt,2437,380379.700,FINESTEERING,SOL_COMPUTED,NARROW_INT,33,29,0.0444,0.0695,1.7,1314
gnss_raw.txt,2437,380379.800,FINESTEERING,SOL_COMPUTED,NARROW_INT,33,29,0.0453,0.0703,0.8,1314
gnss_raw.txt,2437,380379.900,FINESTEERING,SOL_COMPUTED,NARROW_INT,33,29,0.0461,0.071,0.9,1314
gnss_raw.txt,2437,380380.000,FINESTEERING,SOL_COMPUTED,NARROW_INT,33,29,0.0351,0.0581,1.0,1314
gnss_raw.txt,2437,380380.100,FINESTEERING,SOL_COMPUTED,NARROW_INT,33,29,0.0371,0.0596,1.1,1314
gnss_raw.txt,2437,380380.200,FINESTEERING,SOL_COMPUTED,NARROW_INT,33,29,0.0386,0.061,1.2,1314
gnss_raw.txt,2437,380380.300,FINESTEERING,SOL_COMPUTED,NARROW_INT,33,29,0.0398,0.0621,1.3,1314
gnss_raw.txt,2437,380380.400,FINESTEERING,SOL_COMPUTED,NARROW_INT,33,29,0.0409,0.0631,1.4,1314
gnss_raw.txt,2437,380380.500,FINESTEERING,SOL_COMPUTED,NARROW_INT,33,29,0.0418,0.064,1.5,1314
gnss_raw.txt,2437,380380.600,FINESTEERING,SOL_COMPUTED,NARROW_INT,33,29,0.0431,0.0651,1.6,1314
gnss_raw.txt,2437,380380.700,FINESTEERING,SOL_COMPUTED,NARROW_INT,33,29,0.0455,0.0671,1.7,1314
gnss_raw.txt,2437,380380.800,FINESTEERING,SOL_COMPUTED,NARROW_INT,33,29,0.0476,0.0694,1.8,1314
gnss_raw.txt,2437,380380.900,FINESTEERING,SOL_COMPUTED,NARROW_INT,33,29,0.0489,0.0706,0.9,1314
gnss_raw.txt,2437,380381.000,FINESTEERING,SOL_COMPUTED,NARROW_INT,33,29,0.0429,0.0598,1.0,1314
gnss_raw.txt,2437,380381.100,FINESTEERING,SOL_COMPUTED,NARROW_INT,33,29,0.0442,0.0612,1.1,1314
gnss_raw.txt,2437,380381.200,FINESTEERING,SOL_COMPUTED,NARROW_INT,33,29,0.0453,0.0622,1.2,1314
gnss_raw.txt,2437,380381.300,FINESTEERING,SOL_COMPUTED,NARROW_INT,33,29,0.0463,0.0633,1.3,1314
gnss_raw.txt,2437,380381.400,FINESTEERING,SOL_COMPUTED,NARROW_INT,33,29,0.0491,0.0657,1.4,1314
gnss_raw.txt,2437,380381.500,FINESTEERING,SOL_COMPUTED,NARROW_INT,33,29,0.0502,0.0668,1.5,1314
gnss_raw.txt,2437,380381.600,FINESTEERING,SOL_COMPUTED,NARROW_INT,33,29,0.0527,0.069,1.6,1314
gnss_raw.txt,2437,380381.700,FINESTEERING,SOL_COMPUTED,NARROW_INT,33,29,0.0547,0.0711,1.7,1314
gnss_raw.txt,2437,380381.800,FINESTEERING,SOL_COMPUTED,NARROW_INT,33,29,0.0559,0.0726,1.8,1314
gnss_raw.txt,2437,380381.900,FINESTEERING,SOL_COMPUTED,NARROW_INT,33,29,0.0567,0.0736,1.9,1314
gnss_raw.txt,2437,380382.000,FINESTEERING,SOL_COMPUTED,NARROW_INT,33,29,0.0443,0.0651,1.0,1314
gnss_raw.txt,2437,380382.100,FINESTEERING,SOL_COMPUTED,NARROW_INT,33,29,0.0475,0.0676,1.1,1314
gnss_raw.txt,2437,380382.200,FINESTEERING,SOL_COMPUTED,NARROW_INT,33,29,0.0492,0.0693,1.2,1314
gnss_raw.txt,2437,380382.300,FINESTEERING,SOL_COMPUTED,NARROW_INT,33,29,0.0507,0.0706,1.3,1314
gnss_raw.txt,2437,380382.400,FINESTEERING,SOL_COMPUTED,NARROW_INT,33,29,0.052,0.0719,1.4,1314
gnss_raw.txt,2437,380382.500,FINESTEERING,SOL_COMPUTED,NARROW_INT,33,29,0.0534,0.0732,1.5,1314
gnss_raw.txt,2437,380382.600,FINESTEERING,SOL_COMPUTED,NARROW_INT,33,29,0.0549,0.0747,1.6,1314
gnss_raw.txt,2437,380382.700,FINESTEERING,SOL_COMPUTED,NARROW_INT,33,29,0.0573,0.077,1.7,1314
gnss_raw.txt,2437,380382.800,FINESTEERING,SOL_COMPUTED,NARROW_INT,33,29,0.0592,0.0788,1.8,1314
gnss_raw.txt,2437,380382.900,FINESTEERING,SOL_COMPUTED,NARROW_INT,33,29,0.0661,0.0843,0.9,1314
gnss_raw.txt,2437,380383.000,FINESTEERING,SOL_COMPUTED,NARROW_INT,33,29,0.0679,0.0866,1.0,1314
gnss_raw.txt,2437,380383.100,FINESTEERING,SOL_COMPUTED,NARROW_INT,33,29,0.0698,0.0886,1.1,1314
gnss_raw.txt,2437,380383.200,FINESTEERING,SOL_COMPUTED,NARROW_INT,33,29,0.0713,0.0902,1.2,1314
gnss_raw.txt,2437,380383.300,FINESTEERING,SOL_COMPUTED,NARROW_INT,33,29,0.0724,0.0914,1.3,1314
gnss_raw.txt,2437,380383.400,FINESTEERING,SOL_COMPUTED,NARROW_INT,33,29,0.0741,0.0932,1.4,1314
gnss_raw.txt,2437,380383.500,FINESTEERING,SOL_COMPUTED,NARROW_INT,33,29,0.077,0.0959,1.5,1314
gnss_raw.txt,2437,380383.600,FINESTEERING,SOL_COMPUTED,NARROW_INT,33,29,0.0781,0.0972,1.6,1314
gnss_raw.txt,2437,380383.700,FINESTEERING,SOL_COMPUTED,NARROW_INT,33,29,0.0794,0.0985,1.7,1314
gnss_raw.txt,2437,380383.800,FINESTEERING,SOL_COMPUTED,NARROW_INT,33,29,0.0806,0.0998,0.8,1314
gnss_raw.txt,2437,380383.900,FINESTEERING,SOL_COMPUTED,NARROW_INT,33,29,0.0815,0.1009,0.9,1314
gnss_raw.txt,2437,380384.000,FINESTEERING,SOL_COMPUTED,NARROW_INT,33,29,0.0828,0.1022,1.0,1314
gnss_raw.txt,2437,380384.100,FINESTEERING,SOL_COMPUTED,NARROW_INT,33,29,0.0841,0.1035,1.1,1314
gnss_raw.txt,2437,380384.200,FINESTEERING,SOL_COMPUTED,NARROW_INT,33,29,0.0855,0.105,1.2,1314
gnss_raw.txt,2437,380384.300,FINESTEERING,SOL_COMPUTED,NARROW_INT,33,29,0.0867,0.1062,1.3,1314
gnss_raw.txt,2437,380384.400,FINESTEERING,SOL_COMPUTED,NARROW_INT,33,29,0.0884,0.108,1.4,1314
gnss_raw.txt,2437,380384.500,FINESTEERING,SOL_COMPUTED,NARROW_INT,33,29,0.0891,0.1089,1.5,1314
gnss_raw.txt,2437,380384.600,FINESTEERING,SOL_COMPUTED,NARROW_INT,33,29,0.0901,0.1098,1.6,1314
gnss_raw.txt,2437,380384.700,FINESTEERING,SOL_COMPUTED,NARROW_INT,33,29,0.0909,0.1107,1.7,1314
gnss_raw.txt,2437,380384.800,FINESTEERING,SOL_COMPUTED,NARROW_INT,33,29,0.0917,0.1116,1.8,1314
gnss_raw.txt,2437,380384.900,FINESTEERING,SOL_COMPUTED,NARROW_INT,33,29,0.0923,0.1124,1.9,1314
gnss_raw.txt,2437,380385.000,FINESTEERING,SOL_COMPUTED,NARROW_INT,34,30,0.0929,0.1132,2.0,1314
gnss_raw.txt,2437,380385.100,FINESTEERING,SOL_COMPUTED,NARROW_FLOAT,34,30,1.4815,2.4624,1.1,1314
gnss_raw.txt,2437,380385.200,FINESTEERING,SOL_COMPUTED,NARROW_FLOAT,34,30,1.4815,2.4625,1.2,1314
gnss_raw.txt,2437,380385.300,FINESTEERING,SOL_COMPUTED,NARROW_FLOAT,34,30,1.4816,2.4625,1.3,1314
gnss_raw.txt,2437,380385.400,FINESTEERING,SOL_COMPUTED,NARROW_FLOAT,34,30,1.4816,2.4626,1.4,1314
gnss_raw.txt,2437,380385.500,FINESTEERING,SOL_COMPUTED,NARROW_FLOAT,34,30,1.4817,2.4626,1.5,1314
gnss_raw.txt,2437,380385.600,FINESTEERING,SOL_COMPUTED,NARROW_FLOAT,33,30,1.4818,2.4627,1.6,1314
gnss_raw.txt,2437,380385.700,FINESTEERING,SOL_COMPUTED,NARROW_FLOAT,33,30,1.4818,2.4627,1.7,1314
gnss_raw.txt,2437,380385.800,FINESTEERING,SOL_COMPUTED,NARROW_FLOAT,33,30,1.4819,2.4628,1.8,1314
gnss_raw.txt,2437,380385.900,FINESTEERING,SOL_COMPUTED,NARROW_FLOAT,33,30,1.482,2.4629,0.9,1314
gnss_raw.txt,2437,380386.000,FINESTEERING,SOL_COMPUTED,NARROW_FLOAT,33,30,1.0461,2.0168,1.0,1314
gnss_raw.txt,2437,380386.100,FINESTEERING,SOL_COMPUTED,NARROW_FLOAT,33,30,1.0465,2.017,1.1,1314
gnss_raw.txt,2437,380386.200,FINESTEERING,SOL_COMPUTED,NARROW_FLOAT,33,30,1.0466,2.0171,1.2,1314
gnss_raw.txt,2437,380386.300,FINESTEERING,SOL_COMPUTED,NARROW_FLOAT,33,30,1.0466,2.0171,1.3,1314
gnss_raw.txt,2437,380386.400,FINESTEERING,SOL_COMPUTED,NARROW_FLOAT,33,30,1.0467,2.0171,1.4,1314
gnss_raw.txt,2437,380386.500,FINESTEERING,SOL_COMPUTED,NARROW_FLOAT,33,30,1.0467,2.0172,1.5,1314
gnss_raw.txt,2437,380386.600,FINESTEERING,SOL_COMPUTED,NARROW_FLOAT,33,30,1.0468,2.0172,1.6,1314
gnss_raw.txt,2437,380386.700,FINESTEERING,SOL_COMPUTED,NARROW_FLOAT,33,30,1.0468,2.0172,1.7,1314
gnss_raw.txt,2437,380386.800,FINESTEERING,SOL_COMPUTED,NARROW_FLOAT,33,30,1.0469,2.0173,1.8,1314
gnss_raw.txt,2437,380386.900,FINESTEERING,SOL_COMPUTED,NARROW_FLOAT,33,30,1.047,2.0174,0.9,1314
gnss_raw.txt,2437,380387.000,FINESTEERING,SOL_COMPUTED,NARROW_FLOAT,33,30,0.963,1.9518,1.0,1314
gnss_raw.txt,2437,380387.100,FINESTEERING,SOL_COMPUTED,NARROW_FLOAT,33,30,0.9631,1.9518,1.1,1314
gnss_raw.txt,2437,380387.200,FINESTEERING,SOL_COMPUTED,NARROW_FLOAT,33,30,0.9631,1.9519,1.2,1314
gnss_raw.txt,2437,380387.300,FINESTEERING,SOL_COMPUTED,NARROW_FLOAT,33,30,0.9634,1.952,1.3,1314
gnss_raw.txt,2437,380387.400,FINESTEERING,SOL_COMPUTED,NARROW_FLOAT,33,30,0.9635,1.9521,1.4,1314
gnss_raw.txt,2437,380387.500,FINESTEERING,SOL_COMPUTED,NARROW_FLOAT,33,30,0.9635,1.9521,1.5,1314
gnss_raw.txt,2437,380387.600,FINESTEERING,SOL_COMPUTED,NARROW_FLOAT,33,30,0.9636,1.9522,1.6,1314
gnss_raw.txt,2437,380387.700,FINESTEERING,SOL_COMPUTED,NARROW_FLOAT,33,30,0.9637,1.9522,1.7,1314
gnss_raw.txt,2437,380387.800,FINESTEERING,SOL_COMPUTED,NARROW_FLOAT,33,30,0.9637,1.9522,1.8,1314
gnss_raw.txt,2437,380387.900,FINESTEERING,SOL_COMPUTED,NARROW_FLOAT,33,30,0.9638,1.9523,0.9,1314
gnss_raw.txt,2437,380388.000,FINESTEERING,SOL_COMPUTED,NARROW_FLOAT,33,30,1.1466,1.8678,1.0,1314
gnss_raw.txt,2437,380388.100,FINESTEERING,SOL_COMPUTED,NARROW_FLOAT,33,30,1.1466,1.8678,1.1,1314
gnss_raw.txt,2437,380388.200,FINESTEERING,SOL_COMPUTED,NARROW_FLOAT,33,30,1.1467,1.8679,1.2,1314
gnss_raw.txt,2437,380388.300,FINESTEERING,SOL_COMPUTED,NARROW_FLOAT,33,30,1.147,1.8681,1.3,1314
gnss_raw.txt,2437,380388.400,FINESTEERING,SOL_COMPUTED,NARROW_FLOAT,33,30,1.147,1.8681,1.4,1314
gnss_raw.txt,2437,380388.500,FINESTEERING,SOL_COMPUTED,NARROW_FLOAT,34,30,1.1471,1.8682,1.5,1314
gnss_raw.txt,2437,380388.600,FINESTEERING,SOL_COMPUTED,NARROW_FLOAT,34,30,1.1472,1.8682,1.6,1314
gnss_raw.txt,2437,380388.700,FINESTEERING,SOL_COMPUTED,NARROW_FLOAT,34,30,1.1472,1.8682,1.7,1314
gnss_raw.txt,2437,380388.800,FINESTEERING,SOL_COMPUTED,NARROW_FLOAT,34,30,1.1473,1.8683,1.8,1314
gnss_raw.txt,2437,380388.900,FINESTEERING,SOL_COMPUTED,NARROW_FLOAT,34,30,1.1473,1.8684,0.9,1314
gnss_raw.txt,2437,380389.000,FINESTEERING,SOL_COMPUTED,NARROW_FLOAT,34,30,1.2436,2.2769,1.0,1314
gnss_raw.txt,2437,380389.100,FINESTEERING,SOL_COMPUTED,NARROW_FLOAT,34,30,1.2437,2.2769,1.1,1314
gnss_raw.txt,2437,380389.200,FINESTEERING,SOL_COMPUTED,NARROW_FLOAT,34,30,1.2437,2.277,1.2,1314
gnss_raw.txt,2437,380389.300,FINESTEERING,SOL_COMPUTED,NARROW_FLOAT,34,30,1.2438,2.277,1.3,1314
gnss_raw.txt,2437,380389.400,FINESTEERING,SOL_COMPUTED,NARROW_FLOAT,34,30,1.2438,2.277,1.4,1314
gnss_raw.txt,2437,380389.500,FINESTEERING,SOL_COMPUTED,NARROW_FLOAT,34,30,1.2439,2.2771,1.5,1314
gnss_raw.txt,2437,380389.600,FINESTEERING,SOL_COMPUTED,NARROW_FLOAT,34,30,1.2439,2.2771,1.6,1314
gnss_raw.txt,2437,380389.700,FINESTEERING,SOL_COMPUTED,NARROW_FLOAT,34,30,1.2441,2.2772,1.7,1314
gnss_raw.txt,2437,380389.800,FINESTEERING,SOL_COMPUTED,NARROW_FLOAT,34,30,1.2442,2.2773,1.8,1314
gnss_raw.txt,2437,380389.900,FINESTEERING,SOL_COMPUTED,NARROW_FLOAT,34,30,1.2443,2.2774,1.9,1314
gnss_raw.txt,2437,380390.000,FINESTEERING,SOL_COMPUTED,NARROW_FLOAT,34,30,1.1821,2.2416,2.0,1314
gnss_raw.txt,2437,380390.100,FINESTEERING,SOL_COMPUTED,NARROW_FLOAT,34,30,1.1822,2.2417,1.1,1314
gnss_raw.txt,2437,380390.200,FINESTEERING,SOL_COMPUTED,NARROW_FLOAT,34,30,1.1822,2.2417,1.2,1314
gnss_raw.txt,2437,380390.300,FINESTEERING,SOL_COMPUTED,NARROW_FLOAT,34,30,1.1823,2.2417,1.3,1314
gnss_raw.txt,2437,380390.400,FINESTEERING,SOL_COMPUTED,NARROW_FLOAT,34,30,1.1823,2.2417,1.4,1314
gnss_raw.txt,2437,380390.500,FINESTEERING,SOL_COMPUTED,NARROW_FLOAT,33,30,1.1823,2.2418,1.5,1314
gnss_raw.txt,2437,380390.600,FINESTEERING,SOL_COMPUTED,NARROW_FLOAT,34,30,1.1824,2.2418,1.6,1314
gnss_raw.txt,2437,380390.700,FINESTEERING,SOL_COMPUTED,NARROW_FLOAT,34,30,1.1824,2.2418,1.7,1314
gnss_raw.txt,2437,380390.800,FINESTEERING,SOL_COMPUTED,NARROW_FLOAT,34,30,1.1825,2.2418,1.8,1314
gnss_raw.txt,2437,380390.900,FINESTEERING,SOL_COMPUTED,NARROW_FLOAT,34,30,1.1825,2.2419,0.9,1314
gnss_raw.txt,2437,380391.000,FINESTEERING,SOL_COMPUTED,NARROW_FLOAT,34,30,1.7848,3.4379,1.0,1314
gnss_raw.txt,2437,380391.100,FINESTEERING,SOL_COMPUTED,NARROW_FLOAT,34,30,1.7848,3.4379,1.1,1314
gnss_raw.txt,2437,380391.200,FINESTEERING,SOL_COMPUTED,NARROW_FLOAT,34,30,1.7848,3.4379,1.2,1314
gnss_raw.txt,2437,380391.300,FINESTEERING,SOL_COMPUTED,NARROW_FLOAT,34,30,1.7849,3.438,1.3,1314
gnss_raw.txt,2437,380391.400,FINESTEERING,SOL_COMPUTED,NARROW_FLOAT,34,30,1.7849,3.438,1.4,1314
gnss_raw.txt,2437,380391.500,FINESTEERING,SOL_COMPUTED,NARROW_FLOAT,34,30,1.7849,3.438,1.5,1314
gnss_raw.txt,2437,380391.600,FINESTEERING,SOL_COMPUTED,NARROW_FLOAT,34,30,1.785,3.438,1.6,1314
gnss_raw.txt,2437,380391.700,FINESTEERING,SOL_COMPUTED,NARROW_FLOAT,34,30,1.785,3.438,1.7,1314
gnss_raw.txt,2437,380391.800,FINESTEERING,SOL_COMPUTED,NARROW_FLOAT,34,30,1.785,3.438,0.8,1314
gnss_raw.txt,2437,380391.900,FINESTEERING,SOL_COMPUTED,NARROW_FLOAT,34,30,1.785,3.438,0.9,1314
gnss_raw.txt,2437,380392.000,FINESTEERING,SOL_COMPUTED,NARROW_FLOAT,34,30,1.6756,3.1454,1.0,1314
gnss_raw.txt,2437,380392.100,FINESTEERING,SOL_COMPUTED,NARROW_FLOAT,34,30,1.6756,3.1455,1.1,1314
gnss_raw.txt,2437,380392.200,FINESTEERING,SOL_COMPUTED,NARROW_FLOAT,34,30,1.6757,3.1455,1.2,1314
gnss_raw.txt,2437,380392.300,FINESTEERING,SOL_COMPUTED,NARROW_FLOAT,34,30,1.6757,3.1455,1.3,1314
gnss_raw.txt,2437,380392.400,FINESTEERING,SOL_COMPUTED,NARROW_FLOAT,34,30,1.6757,3.1455,1.4,1314
gnss_raw.txt,2437,380392.500,FINESTEERING,SOL_COMPUTED,NARROW_FLOAT,34,30,1.6757,3.1455,1.5,1314
gnss_raw.txt,2437,380392.600,FINESTEERING,SOL_COMPUTED,NARROW_FLOAT,33,29,1.6757,3.1455,1.6,1314
gnss_raw.txt,2437,380392.700,FINESTEERING,SOL_COMPUTED,NARROW_FLOAT,33,29,1.6757,3.1455,1.7,1314
gnss_raw.txt,2437,380392.800,FINESTEERING,SOL_COMPUTED,NARROW_FLOAT,33,29,1.6758,3.1456,1.8,1314
gnss_raw.txt,2437,380392.900,FINESTEERING,SOL_COMPUTED,NARROW_FLOAT,34,30,1.6758,3.1456,0.9,1314
gnss_raw.txt,2437,380393.000,FINESTEERING,SOL_COMPUTED,NARROW_FLOAT,34,30,2.1978,3.8638,1.0,1314
gnss_raw.txt,2437,380393.100,FINESTEERING,SOL_COMPUTED,NARROW_FLOAT,34,30,2.1979,3.8638,1.1,1314
gnss_raw.txt,2437,380393.200,FINESTEERING,SOL_COMPUTED,NARROW_FLOAT,33,29,2.1979,3.8639,1.2,1314
gnss_raw.txt,2437,380393.300,FINESTEERING,SOL_COMPUTED,NARROW_FLOAT,33,29,2.1979,3.8639,1.3,1314
gnss_raw.txt,2437,380393.400,FINESTEERING,SOL_COMPUTED,NARROW_FLOAT,33,29,2.1979,3.8639,1.4,1314
gnss_raw.txt,2437,380393.500,FINESTEERING,SOL_COMPUTED,NARROW_FLOAT,33,29,2.1979,3.8639,1.5,1314
gnss_raw.txt,2437,380393.600,FINESTEERING,SOL_COMPUTED,NARROW_FLOAT,33,29,2.1979,3.8639,1.6,1314
gnss_raw.txt,2437,380393.700,FINESTEERING,SOL_COMPUTED,NARROW_FLOAT,34,30,2.1979,3.8639,1.7,1314
gnss_raw.txt,2437,380393.800,FINESTEERING,SOL_COMPUTED,NARROW_FLOAT,34,30,2.1979,3.8639,1.8,1314
gnss_raw.txt,2437,380393.900,FINESTEERING,SOL_COMPUTED,NARROW_FLOAT,34,30,2.198,3.8639,0.9,1314
gnss_raw.txt,2437,380394.000,FINESTEERING,SOL_COMPUTED,NARROW_FLOAT,34,30,1.4352,2.5965,1.0,1314
gnss_raw.txt,2437,380394.100,FINESTEERING,SOL_COMPUTED,NARROW_FLOAT,34,30,1.4352,2.5965,1.1,1314
gnss_raw.txt,2437,380394.200,FINESTEERING,SOL_COMPUTED,NARROW_FLOAT,35,30,1.4353,2.5966,1.2,1314
gnss_raw.txt,2437,380394.300,FINESTEERING,SOL_COMPUTED,NARROW_FLOAT,35,30,1.4353,2.5966,1.3,1314
gnss_raw.txt,2437,380394.400,FINESTEERING,SOL_COMPUTED,NARROW_FLOAT,35,30,1.4353,2.5966,1.4,1314
gnss_raw.txt,2437,380394.500,FINESTEERING,SOL_COMPUTED,NARROW_FLOAT,34,30,1.4354,2.5966,1.5,1314
gnss_raw.txt,2437,380394.600,FINESTEERING,SOL_COMPUTED,NARROW_FLOAT,34,30,1.4354,2.5966,1.6,1314
gnss_raw.txt,2437,380394.700,FINESTEERING,SOL_COMPUTED,NARROW_FLOAT,34,30,1.4354,2.5967,1.7,1314
gnss_raw.txt,2437,380394.800,FINESTEERING,SOL_COMPUTED,NARROW_FLOAT,34,30,1.4355,2.5967,0.8,1314
gnss_raw.txt,2437,380394.900,FINESTEERING,SOL_COMPUTED,NARROW_FLOAT,34,30,1.4355,2.5967,0.9,1314
gnss_raw.txt,2437,380395.000,FINESTEERING,SOL_COMPUTED,NARROW_FLOAT,34,30,2.1289,3.8473,1.0,1314
gnss_raw.txt,2437,380395.100,FINESTEERING,SOL_COMPUTED,NARROW_FLOAT,34,30,2.129,3.8473,1.1,1314
gnss_raw.txt,2437,380395.200,FINESTEERING,SOL_COMPUTED,NARROW_FLOAT,34,30,2.129,3.8474,1.2,1314
gnss_raw.txt,2437,380395.300,FINESTEERING,SOL_COMPUTED,NARROW_FLOAT,34,30,2.1291,3.8474,1.3,1314
gnss_raw.txt,2437,380395.400,FINESTEERING,SOL_COMPUTED,NARROW_FLOAT,34,30,2.1291,3.8474,1.4,1314
gnss_raw.txt,2437,380395.500,FINESTEERING,SOL_COMPUTED,NARROW_FLOAT,34,30,2.1291,3.8475,1.5,1314
gnss_raw.txt,2437,380395.600,FINESTEERING,SOL_COMPUTED,NARROW_FLOAT,34,30,2.1292,3.8475,1.6,1314
gnss_raw.txt,2437,380395.700,FINESTEERING,SOL_COMPUTED,NARROW_FLOAT,34,30,2.1292,3.8475,1.7,1314
gnss_raw.txt,2437,380395.800,FINESTEERING,SOL_COMPUTED,NARROW_FLOAT,34,30,2.1292,3.8475,1.8,1314
gnss_raw.txt,2437,380395.900,FINESTEERING,SOL_COMPUTED,NARROW_FLOAT,34,30,2.1293,3.8476,1.9,1314
gnss_raw.txt,2437,380396.000,FINESTEERING,SOL_COMPUTED,NARROW_FLOAT,34,30,1.7244,3.2381,1.0,1314
gnss_raw.txt,2437,380396.100,FINESTEERING,SOL_COMPUTED,NARROW_FLOAT,34,30,1.7244,3.2382,1.1,1314
gnss_raw.txt,2437,380396.200,FINESTEERING,SOL_COMPUTED,NARROW_FLOAT,34,30,1.7245,3.2382,1.2,1314
gnss_raw.txt,2437,380396.300,FINESTEERING,SOL_COMPUTED,NARROW_FLOAT,34,30,1.7245,3.2382,1.3,1314
gnss_raw.txt,2437,380396.400,FINESTEERING,SOL_COMPUTED,NARROW_FLOAT,34,30,1.7245,3.2382,1.4,1314
gnss_raw.txt,2437,380396.500,FINESTEERING,SOL_COMPUTED,NARROW_FLOAT,34,30,1.7246,3.2382,1.5,1314
gnss_raw.txt,2437,380396.600,FINESTEERING,SOL_COMPUTED,NARROW_FLOAT,34,30,1.7247,3.2383,1.6,1314
gnss_raw.txt,2437,380396.700,FINESTEERING,SOL_COMPUTED,NARROW_FLOAT,34,30,1.7248,3.2384,1.7,1314
gnss_raw.txt,2437,380396.800,FINESTEERING,SOL_COMPUTED,NARROW_FLOAT,34,30,1.7249,3.2385,0.8,1314
gnss_raw.txt,2437,380396.900,FINESTEERING,SOL_COMPUTED,NARROW_FLOAT,34,30,1.7249,3.2385,0.9,1314
gnss_raw.txt,2437,380397.000,FINESTEERING,SOL_COMPUTED,NARROW_FLOAT,34,30,2.1149,4.0175,1.0,1314
gnss_raw.txt,2437,380397.100,FINESTEERING,SOL_COMPUTED,NARROW_FLOAT,34,30,2.115,4.0175,1.1,1314
gnss_raw.txt,2437,380397.200,FINESTEERING,SOL_COMPUTED,NARROW_FLOAT,34,30,2.115,4.0176,1.2,1314
gnss_raw.txt,2437,380397.300,FINESTEERING,SOL_COMPUTED,NARROW_FLOAT,34,30,2.1151,4.0176,1.3,1314
gnss_raw.txt,2437,380397.400,FINESTEERING,SOL_COMPUTED,NARROW_FLOAT,34,30,2.1151,4.0176,1.4,1314
gnss_raw.txt,2437,380397.500,FINESTEERING,SOL_COMPUTED,NARROW_FLOAT,34,30,2.1152,4.0177,1.5,1314
gnss_raw.txt,2437,380397.600,FINESTEERING,SOL_COMPUTED,NARROW_FLOAT,34,30,2.1152,4.0177,1.6,1314
gnss_raw.txt,2437,380397.700,FINESTEERING,SOL_COMPUTED,NARROW_FLOAT,34,30,2.1152,4.0177,1.7,1314
gnss_raw.txt,2437,380397.800,FINESTEERING,SOL_COMPUTED,NARROW_FLOAT,34,30,2.1153,4.0177,1.8,1314
gnss_raw.txt,2437,380397.900,FINESTEERING,SOL_COMPUTED,NARROW_FLOAT,34,30,2.1153,4.0178,1.9,1314
gnss_raw.txt,2437,380398.000,FINESTEERING,SOL_COMPUTED,NARROW_FLOAT,34,30,0.8299,1.8758,1.0,1314
gnss_raw.txt,2437,380398.100,FINESTEERING,SOL_COMPUTED,NARROW_FLOAT,34,30,0.8299,1.8758,1.1,1314
gnss_raw.txt,2437,380398.200,FINESTEERING,SOL_COMPUTED,NARROW_FLOAT,34,30,0.83,1.8759,1.2,1314
gnss_raw.txt,2437,380398.300,FINESTEERING,SOL_COMPUTED,NARROW_FLOAT,34,30,0.8301,1.8759,1.3,1314
gnss_raw.txt,2437,380398.400,FINESTEERING,SOL_COMPUTED,NARROW_FLOAT,34,30,0.8302,1.876,1.4,1314
gnss_raw.txt,2437,380398.500,FINESTEERING,SOL_COMPUTED,NARROW_FLOAT,34,30,0.8303,1.876,1.5,1314
gnss_raw.txt,2437,380398.600,FINESTEERING,SOL_COMPUTED,NARROW_FLOAT,35,31,0.8304,1.876,1.6,1314
gnss_raw.txt,2437,380398.700,FINESTEERING,SOL_COMPUTED,NARROW_FLOAT,35,31,0.8305,1.8761,1.7,1314
gnss_raw.txt,2437,380398.800,FINESTEERING,SOL_COMPUTED,NARROW_FLOAT,35,31,0.8305,1.8761,0.8,1314
gnss_raw.txt,2437,380398.900,FINESTEERING,SOL_COMPUTED,NARROW_FLOAT,35,31,0.8306,1.8762,0.9,1314
gnss_raw.txt,2437,380399.000,FINESTEERING,SOL_COMPUTED,NARROW_FLOAT,35,31,1.3496,3.078,1.0,1314
gnss_raw.txt,2437,380399.100,FINESTEERING,SOL_COMPUTED,NARROW_FLOAT,35,31,1.3496,3.078,1.1,1314
gnss_raw.txt,2437,380399.200,FINESTEERING,SOL_COMPUTED,NARROW_FLOAT,35,31,1.3497,3.078,1.2,1314
gnss_raw.txt,2437,380399.300,FINESTEERING,SOL_COMPUTED,NARROW_FLOAT,35,31,1.3497,3.0781,1.3,1314
gnss_raw.txt,2437,380399.400,FINESTEERING,SOL_COMPUTED,NARROW_FLOAT,35,31,1.3497,3.0781,1.4,1314
gnss_raw.txt,2437,380399.500,FINESTEERING,SOL_COMPUTED,NARROW_FLOAT,35,31,1.3498,3.0781,1.5,1314
gnss_raw.txt,2437,380399.600,FINESTEERING,SOL_COMPUTED,NARROW_FLOAT,35,31,1.3498,3.0781,1.6,1314
gnss_raw.txt,2437,380399.700,FINESTEERING,SOL_COMPUTED,NARROW_FLOAT,35,31,1.3499,3.0782,1.7,1314
gnss_raw.txt,2437,380399.800,FINESTEERING,SOL_COMPUTED,NARROW_FLOAT,34,31,1.35,3.0782,1.8,1314
gnss_raw.txt,2437,380399.900,FINESTEERING,SOL_COMPUTED,NARROW_FLOAT,34,31,1.3501,3.0783,1.9,1314
gnss_raw.txt,2437,380400.000,FINESTEERING,SOL_COMPUTED,NARROW_FLOAT,34,31,1.0332,2.1794,1.0,1314
gnss_raw.txt,2437,380400.100,FINESTEERING,SOL_COMPUTED,NARROW_FLOAT,34,31,1.0332,2.1794,1.1,1314
gnss_raw.txt,2437,380400.200,FINESTEERING,SOL_COMPUTED,NARROW_FLOAT,34,31,1.0333,2.1794,1.2,1314
gnss_raw.txt,2437,380400.300,FINESTEERING,SOL_COMPUTED,NARROW_FLOAT,34,31,1.0334,2.1795,1.3,1314
gnss_raw.txt,2437,380400.400,FINESTEERING,SOL_COMPUTED,NARROW_FLOAT,34,31,1.0335,2.1795,1.4,1314
gnss_raw.txt,2437,380400.500,FINESTEERING,SOL_COMPUTED,NARROW_FLOAT,34,31,1.0335,2.1795,1.5,1314
gnss_raw.txt,2437,380400.600,FINESTEERING,SOL_COMPUTED,NARROW_FLOAT,34,31,1.0336,2.1796,1.6,1314
gnss_raw.txt,2437,380400.700,FINESTEERING,SOL_COMPUTED,NARROW_FLOAT,34,31,1.0337,2.1796,1.7,1314
gnss_raw.txt,2437,380400.800,FINESTEERING,SOL_COMPUTED,NARROW_FLOAT,34,31,1.0338,2.1797,0.8,1314
gnss_raw.txt,2437,380400.900,FINESTEERING,SOL_COMPUTED,NARROW_FLOAT,34,31,1.0338,2.1797,0.9,1314
gnss_raw.txt,2437,380401.000,FINESTEERING,SOL_COMPUTED,NARROW_FLOAT,34,31,0.9741,2.0963,1.0,1314
gnss_raw.txt,2437,380401.100,FINESTEERING,SOL_COMPUTED,NARROW_FLOAT,34,31,0.9742,2.0963,1.1,1314
gnss_raw.txt,2437,380401.200,FINESTEERING,SOL_COMPUTED,NARROW_FLOAT,34,31,0.9743,2.0964,1.2,1314
gnss_raw.txt,2437,380401.300,FINESTEERING,SOL_COMPUTED,NARROW_FLOAT,34,31,0.9743,2.0964,1.3,1314
gnss_raw.txt,2437,380401.400,FINESTEERING,SOL_COMPUTED,NARROW_FLOAT,34,31,0.9745,2.0964,1.4,1314
gnss_raw.txt,2437,380401.500,FINESTEERING,SOL_COMPUTED,NARROW_FLOAT,34,31,0.9745,2.0965,1.5,1314
gnss_raw.txt,2437,380401.600,FINESTEERING,SOL_COMPUTED,NARROW_FLOAT,34,31,0.9746,2.0965,1.6,1314
gnss_raw.txt,2437,380401.700,FINESTEERING,SOL_COMPUTED,NARROW_FLOAT,33,31,0.9746,2.0966,1.7,1314
gnss_raw.txt,2437,380401.800,FINESTEERING,SOL_COMPUTED,NARROW_FLOAT,33,31,0.9748,2.0966,0.8,1314
gnss_raw.txt,2437,380401.900,FINESTEERING,SOL_COMPUTED,NARROW_FLOAT,33,31,0.9748,2.0967,0.9,1314
gnss_raw.txt,2437,380402.000,FINESTEERING,SOL_COMPUTED,NARROW_FLOAT,33,31,1.2798,2.6135,1.0,1314
gnss_raw.txt,2437,380402.100,FINESTEERING,SOL_COMPUTED,NARROW_FLOAT,33,31,1.2799,2.6135,1.1,1314
gnss_raw.txt,2437,380402.200,FINESTEERING,SOL_COMPUTED,NARROW_FLOAT,33,31,1.2799,2.6136,1.2,1314
gnss_raw.txt,2437,380402.300,FINESTEERING,SOL_COMPUTED,NARROW_FLOAT,33,31,1.28,2.6136,1.3,1314
gnss_raw.txt,2437,380402.400,FINESTEERING,SOL_COMPUTED,NARROW_FLOAT,33,31,1.28,2.6136,1.4,1314
gnss_raw.txt,2437,380402.500,FINESTEERING,SOL_COMPUTED,NARROW_FLOAT,33,31,1.2801,2.6136,1.5,1314
gnss_raw.txt,2437,380402.600,FINESTEERING,SOL_COMPUTED,NARROW_FLOAT,33,31,1.2801,2.6137,1.6,1314
gnss_raw.txt,2437,380402.700,FINESTEERING,SOL_COMPUTED,NARROW_FLOAT,33,31,1.2802,2.6137,1.7,1314
gnss_raw.txt,2437,380402.800,FINESTEERING,SOL_COMPUTED,NARROW_FLOAT,33,31,1.2802,2.6137,0.8,1314
gnss_raw.txt,2437,380402.900,FINESTEERING,SOL_COMPUTED,NARROW_FLOAT,33,31,1.2803,2.6138,0.9,1314
gnss_raw.txt,2437,380403.000,FINESTEERING,SOL_COMPUTED,NARROW_FLOAT,33,31,1.1677,2.2772,1.0,1314
gnss_raw.txt,2437,380403.100,FINESTEERING,SOL_COMPUTED,NARROW_FLOAT,33,31,1.1678,2.2772,1.1,1314
gnss_raw.txt,2437,380403.200,FINESTEERING,SOL_COMPUTED,NARROW_FLOAT,33,31,1.1679,2.2773,1.2,1314
gnss_raw.txt,2437,380403.300,FINESTEERING,SOL_COMPUTED,NARROW_FLOAT,33,31,1.168,2.2774,1.3,1314
gnss_raw.txt,2437,380403.400,FINESTEERING,SOL_COMPUTED,NARROW_FLOAT,33,31,1.1681,2.2774,1.4,1314
gnss_raw.txt,2437,380403.500,FINESTEERING,SOL_COMPUTED,NARROW_FLOAT,33,31,1.1682,2.2775,1.5,1314
gnss_raw.txt,2437,380403.600,FINESTEERING,SOL_COMPUTED,NARROW_FLOAT,34,31,1.1682,2.2775,1.6,1314
gnss_raw.txt,2437,380403.700,FINESTEERING,SOL_COMPUTED,NARROW_FLOAT,34,31,1.1682,2.2775,0.7,1314
gnss_raw.txt,2437,380403.800,FINESTEERING,SOL_COMPUTED,NARROW_FLOAT,34,31,1.1683,2.2776,0.8,1314
gnss_raw.txt,2437,380403.900,FINESTEERING,SOL_COMPUTED,NARROW_FLOAT,34,31,1.1684,2.2776,0.9,1314
gnss_raw.txt,2437,380404.000,FINESTEERING,SOL_COMPUTED,NARROW_FLOAT,34,31,2.2477,4.5067,1.0,1314
gnss_raw.txt,2437,380404.100,FINESTEERING,SOL_COMPUTED,NARROW_FLOAT,34,31,2.2477,4.5067,1.1,1314
gnss_raw.txt,2437,380404.200,FINESTEERING,SOL_COMPUTED,NARROW_FLOAT,34,31,2.2478,4.5068,1.2,1314
gnss_raw.txt,2437,380404.300,FINESTEERING,SOL_COMPUTED,NARROW_FLOAT,34,31,2.2478,4.5068,1.3,1314
gnss_raw.txt,2437,380404.400,FINESTEERING,SOL_COMPUTED,NARROW_FLOAT,34,31,2.2479,4.5068,1.4,1314
gnss_raw.txt,2437,380404.500,FINESTEERING,SOL_COMPUTED,NARROW_FLOAT,34,31,2.2479,4.5068,1.5,1314
gnss_raw.txt,2437,380404.600,FINESTEERING,SOL_COMPUTED,NARROW_FLOAT,34,31,2.2479,4.5068,1.6,1314
gnss_raw.txt,2437,380404.700,FINESTEERING,SOL_COMPUTED,NARROW_FLOAT,34,31,2.2479,4.5069,1.7,1314
gnss_raw.txt,2437,380404.800,FINESTEERING,SOL_COMPUTED,NARROW_FLOAT,34,31,2.248,4.5069,1.8,1314
gnss_raw.txt,2437,380404.900,FINESTEERING,SOL_COMPUTED,NARROW_FLOAT,34,31,2.248,4.5069,1.9,1314
gnss_raw.txt,2437,380405.000,FINESTEERING,SOL_COMPUTED,NARROW_FLOAT,34,31,2.2546,4.6996,1.0,1314
gnss_raw.txt,2437,380405.100,FINESTEERING,SOL_COMPUTED,NARROW_FLOAT,34,31,2.2546,4.6996,1.1,1314
gnss_raw.txt,2437,380405.200,FINESTEERING,SOL_COMPUTED,NARROW_FLOAT,34,31,2.2546,4.6996,1.2,1314
gnss_raw.txt,2437,380405.300,FINESTEERING,SOL_COMPUTED,NARROW_FLOAT,34,31,2.2547,4.6997,1.3,1314
gnss_raw.txt,2437,380405.400,FINESTEERING,SOL_COMPUTED,NARROW_FLOAT,34,31,2.2547,4.6997,1.4,1314
gnss_raw.txt,2437,380405.500,FINESTEERING,SOL_COMPUTED,NARROW_FLOAT,34,31,2.2548,4.6997,1.5,1314
gnss_raw.txt,2437,380405.600,FINESTEERING,SOL_COMPUTED,NARROW_FLOAT,34,31,2.2548,4.6997,1.6,1314
gnss_raw.txt,2437,380405.700,FINESTEERING,SOL_COMPUTED,NARROW_FLOAT,34,31,2.2548,4.6997,1.7,1314
gnss_raw.txt,2437,380405.800,FINESTEERING,SOL_COMPUTED,NARROW_FLOAT,34,31,2.2548,4.6998,0.8,1314
gnss_raw.txt,2437,380405.900,FINESTEERING,SOL_COMPUTED,NARROW_FLOAT,34,31,2.2549,4.6998,0.9,1314
gnss_raw.txt,2437,380406.000,FINESTEERING,SOL_COMPUTED,NARROW_FLOAT,34,31,1.7667,3.4248,1.0,1314
gnss_raw.txt,2437,380406.100,FINESTEERING,SOL_COMPUTED,NARROW_FLOAT,34,31,1.7667,3.4248,1.1,1314
gnss_raw.txt,2437,380406.200,FINESTEERING,SOL_COMPUTED,NARROW_FLOAT,34,31,1.7667,3.4248,1.2,1314
gnss_raw.txt,2437,380406.300,FINESTEERING,SOL_COMPUTED,NARROW_FLOAT,34,31,1.7668,3.4249,1.3,1314
gnss_raw.txt,2437,380406.400,FINESTEERING,SOL_COMPUTED,NARROW_FLOAT,34,31,1.7668,3.4249,1.4,1314
gnss_raw.txt,2437,380406.500,FINESTEERING,SOL_COMPUTED,NARROW_FLOAT,34,31,1.7669,3.4249,1.5,1314
gnss_raw.txt,2437,380406.600,FINESTEERING,SOL_COMPUTED,NARROW_FLOAT,34,31,1.7669,3.4249,1.6,1314
gnss_raw.txt,2437,380406.700,FINESTEERING,SOL_COMPUTED,NARROW_FLOAT,34,31,1.7669,3.425,1.7,1314
gnss_raw.txt,2437,380406.800,FINESTEERING,SOL_COMPUTED,NARROW_FLOAT,34,31,1.7669,3.425,1.8,1314
gnss_raw.txt,2437,380406.900,FINESTEERING,SOL_COMPUTED,NARROW_FLOAT,34,31,1.767,3.425,0.9,1314
gnss_raw.txt,2437,380407.000,FINESTEERING,SOL_COMPUTED,NARROW_FLOAT,33,30,2.0444,4.1097,1.0,1314
gnss_raw.txt,2437,380407.100,FINESTEERING,SOL_COMPUTED,NARROW_FLOAT,33,30,2.0444,4.1097,1.1,1314
gnss_raw.txt,2437,380407.200,FINESTEERING,SOL_COMPUTED,NARROW_FLOAT,33,30,2.0444,4.1097,1.2,1314
gnss_raw.txt,2437,380407.300,FINESTEERING,SOL_COMPUTED,NARROW_FLOAT,33,30,2.0444,4.1097,1.3,1314
gnss_raw.txt,2437,380407.400,FINESTEERING,SOL_COMPUTED,NARROW_FLOAT,34,31,2.0444,4.1097,1.4,1314
gnss_raw.txt,2437,380407.500,FINESTEERING,SOL_COMPUTED,NARROW_FLOAT,33,30,2.0445,4.1098,1.5,1314
gnss_raw.txt,2437,380407.600,FINESTEERING,SOL_COMPUTED,NARROW_FLOAT,34,31,2.0445,4.1098,1.6,1314
gnss_raw.txt,2437,380407.700,FINESTEERING,SOL_COMPUTED,NARROW_FLOAT,35,31,2.0445,4.1098,1.7,1314
gnss_raw.txt,2437,380407.800,FINESTEERING,SOL_COMPUTED,NARROW_FLOAT,34,31,2.0445,4.1098,0.8,1314
gnss_raw.txt,2437,380407.900,FINESTEERING,SOL_COMPUTED,NARROW_FLOAT,34,30,2.0445,4.1098,0.9,1314
gnss_raw.txt,2437,380408.000,FINESTEERING,SOL_COMPUTED,NARROW_FLOAT,34,30,1.2816,2.3942,1.0,1314
gnss_raw.txt,2437,380408.100,FINESTEERING,SOL_COMPUTED,NARROW_FLOAT,34,30,1.2817,2.3942,1.1,1314
gnss_raw.txt,2437,380408.200,FINESTEERING,SOL_COMPUTED,NARROW_FLOAT,34,30,1.2817,2.3943,1.2,1314
gnss_raw.txt,2437,380408.300,FINESTEERING,SOL_COMPUTED,NARROW_FLOAT,33,30,1.2817,2.3943,1.3,1314
gnss_raw.txt,2437,380408.400,FINESTEERING,SOL_COMPUTED,NARROW_FLOAT,33,30,1.2817,2.3943,1.4,1314
gnss_raw.txt,2437,380408.500,FINESTEERING,SOL_COMPUTED,NARROW_FLOAT,33,30,1.2817,2.3943,1.5,1314
gnss_raw.txt,2437,380408.600,FINESTEERING,SOL_COMPUTED,NARROW_FLOAT,33,30,1.2818,2.3943,1.6,1314
gnss_raw.txt,2437,380408.700,FINESTEERING,SOL_COMPUTED,NARROW_FLOAT,33,30,1.2818,2.3943,1.7,1314
gnss_raw.txt,2437,380408.800,FINESTEERING,SOL_COMPUTED,NARROW_FLOAT,33,30,1.2818,2.3943,0.8,1314
gnss_raw.txt,2437,380408.900,FINESTEERING,SOL_COMPUTED,NARROW_FLOAT,33,30,1.2818,2.3944,0.9,1314
gnss_raw.txt,2437,380409.000,FINESTEERING,SOL_COMPUTED,NARROW_FLOAT,34,31,1.0784,2.6733,1.0,1314
gnss_raw.txt,2437,380409.100,FINESTEERING,SOL_COMPUTED,NARROW_FLOAT,35,31,1.0784,2.6733,1.1,1314
gnss_raw.txt,2437,380409.200,FINESTEERING,SOL_COMPUTED,NARROW_FLOAT,35,31,1.0785,2.6733,1.2,1314
gnss_raw.txt,2437,380409.300,FINESTEERING,SOL_COMPUTED,NARROW_FLOAT,35,31,1.0785,2.6733,1.3,1314
gnss_raw.txt,2437,380409.400,FINESTEERING,SOL_COMPUTED,NARROW_FLOAT,35,31,1.0786,2.6733,1.4,1314
gnss_raw.txt,2437,380409.500,FINESTEERING,SOL_COMPUTED,NARROW_FLOAT,35,31,1.0786,2.6734,1.5,1314
gnss_raw.txt,2437,380409.600,FINESTEERING,SOL_COMPUTED,NARROW_FLOAT,35,31,1.0788,2.6734,1.6,1314
gnss_raw.txt,2437,380409.700,FINESTEERING,SOL_COMPUTED,NARROW_FLOAT,35,31,1.0789,2.6735,1.7,1314
gnss_raw.txt,2437,380409.800,FINESTEERING,SOL_COMPUTED,NARROW_FLOAT,35,31,1.0789,2.6735,1.8,1314
gnss_raw.txt,2437,380409.900,FINESTEERING,SOL_COMPUTED,NARROW_FLOAT,34,31,1.079,2.6736,1.9,1314
gnss_raw.txt,2437,380410.000,FINESTEERING,SOL_COMPUTED,NARROW_FLOAT,33,30,1.3797,3.2264,1.0,1314
gnss_raw.txt,2437,380410.100,FINESTEERING,SOL_COMPUTED,NARROW_FLOAT,33,30,1.3798,3.2264,1.1,1314
gnss_raw.txt,2437,380410.200,FINESTEERING,SOL_COMPUTED,NARROW_FLOAT,33,30,1.3798,3.2264,1.2,1314
gnss_raw.txt,2437,380410.300,FINESTEERING,SOL_COMPUTED,NARROW_FLOAT,33,30,1.3798,3.2264,1.3,1314
gnss_raw.txt,2437,380410.400,FINESTEERING,SOL_COMPUTED,NARROW_FLOAT,33,30,1.3799,3.2264,1.4,1314
gnss_raw.txt,2437,380410.500,FINESTEERING,SOL_COMPUTED,NARROW_FLOAT,33,30,1.3799,3.2265,1.5,1314
gnss_raw.txt,2437,380410.600,FINESTEERING,SOL_COMPUTED,NARROW_FLOAT,34,31,1.38,3.2265,1.6,1314
gnss_raw.txt,2437,380410.700,FINESTEERING,SOL_COMPUTED,NARROW_FLOAT,34,31,1.38,3.2265,1.7,1314
gnss_raw.txt,2437,380410.800,FINESTEERING,SOL_COMPUTED,NARROW_FLOAT,34,31,1.38,3.2265,1.8,1314
gnss_raw.txt,2437,380410.900,FINESTEERING,SOL_COMPUTED,NARROW_FLOAT,34,31,1.3801,3.2266,0.9,1314
gnss_raw.txt,2437,380411.000,FINESTEERING,SOL_COMPUTED,NARROW_FLOAT,34,31,0.9722,2.127,1.0,1314
gnss_raw.txt,2437,380411.100,FINESTEERING,SOL_COMPUTED,NARROW_FLOAT,34,31,0.9723,2.127,1.1,1314
gnss_raw.txt,2437,380411.200,FINESTEERING,SOL_COMPUTED,NARROW_FLOAT,34,31,0.9725,2.1271,1.2,1314
gnss_raw.txt,2437,380411.300,FINESTEERING,SOL_COMPUTED,NARROW_FLOAT,34,31,0.9725,2.1271,1.3,1314
gnss_raw.txt,2437,380411.400,FINESTEERING,SOL_COMPUTED,NARROW_FLOAT,34,31,0.9726,2.1271,1.4,1314
gnss_raw.txt,2437,380411.500,FINESTEERING,SOL_COMPUTED,NARROW_FLOAT,34,31,0.9727,2.1272,1.5,1314
gnss_raw.txt,2437,380411.600,FINESTEERING,SOL_COMPUTED,NARROW_FLOAT,34,31,0.9728,2.1272,1.6,1314
gnss_raw.txt,2437,380411.700,FINESTEERING,SOL_COMPUTED,NARROW_FLOAT,34,31,0.9728,2.1273,0.7,1314
gnss_raw.txt,2437,380411.800,FINESTEERING,SOL_COMPUTED,NARROW_FLOAT,34,31,0.9729,2.1273,0.8,1314
gnss_raw.txt,2437,380411.900,FINESTEERING,SOL_COMPUTED,NARROW_FLOAT,34,31,0.9729,2.1273,0.9,1314
gnss_raw.txt,2437,380412.000,FINESTEERING,SOL_COMPUTED,NARROW_FLOAT,34,31,1.0709,2.4959,1.0,1314
gnss_raw.txt,2437,380412.100,FINESTEERING,SOL_COMPUTED,NARROW_FLOAT,34,31,1.0711,2.496,1.1,1314
gnss_raw.txt,2437,380412.200,FINESTEERING,SOL_COMPUTED,NARROW_FLOAT,34,31,1.0711,2.4961,1.2,1314
gnss_raw.txt,2437,380412.300,FINESTEERING,SOL_COMPUTED,NARROW_FLOAT,34,31,1.0712,2.4961,1.3,1314
gnss_raw.txt,2437,380412.400,FINESTEERING,SOL_COMPUTED,NARROW_FLOAT,34,31,1.0712,2.4961,1.4,1314
gnss_raw.txt,2437,380412.500,FINESTEERING,SOL_COMPUTED,NARROW_FLOAT,34,31,1.0713,2.4961,1.5,1314
gnss_raw.txt,2437,380412.600,FINESTEERING,SOL_COMPUTED,NARROW_FLOAT,35,31,1.0713,2.4962,1.6,1314
gnss_raw.txt,2437,380412.700,FINESTEERING,SOL_COMPUTED,NARROW_FLOAT,35,31,1.0713,2.4962,1.7,1314
gnss_raw.txt,2437,380412.800,FINESTEERING,SOL_COMPUTED,NARROW_FLOAT,35,31,1.0714,2.4962,0.8,1314
gnss_raw.txt,2437,380412.900,FINESTEERING,SOL_COMPUTED,NARROW_FLOAT,35,31,1.0714,2.4962,0.9,1314
gnss_raw.txt,2437,380413.000,FINESTEERING,SOL_COMPUTED,NARROW_FLOAT,35,31,1.2926,2.9955,1.0,1314
gnss_raw.txt,2437,380413.100,FINESTEERING,SOL_COMPUTED,NARROW_FLOAT,35,31,1.2926,2.9955,1.1,1314
gnss_raw.txt,2437,380413.200,FINESTEERING,SOL_COMPUTED,NARROW_FLOAT,35,31,1.2927,2.9955,1.2,1314
gnss_raw.txt,2437,380413.300,FINESTEERING,SOL_COMPUTED,NARROW_FLOAT,35,31,1.2927,2.9955,1.3,1314
gnss_raw.txt,2437,380413.400,FINESTEERING,SOL_COMPUTED,NARROW_FLOAT,35,31,1.2928,2.9956,1.4,1314
gnss_raw.txt,2437,380413.500,FINESTEERING,SOL_COMPUTED,NARROW_FLOAT,34,30,1.2928,2.9956,1.5,1314
gnss_raw.txt,2437,380413.600,FINESTEERING,SOL_COMPUTED,NARROW_FLOAT,34,30,1.2929,2.9956,1.6,1314
gnss_raw.txt,2437,380413.700,FINESTEERING,SOL_COMPUTED,NARROW_FLOAT,34,30,1.2929,2.9956,1.7,1314
gnss_raw.txt,2437,380413.800,FINESTEERING,SOL_COMPUTED,NARROW_FLOAT,33,30,1.293,2.9957,1.8,1314
gnss_raw.txt,2437,380413.900,FINESTEERING,SOL_COMPUTED,NARROW_FLOAT,33,30,1.293,2.9957,0.9,1314
gnss_raw.txt,2437,380414.000,FINESTEERING,SOL_COMPUTED,NARROW_FLOAT,32,29,1.4183,3.1582,1.0,1314
gnss_raw.txt,2437,380414.100,FINESTEERING,SOL_COMPUTED,NARROW_FLOAT,32,29,1.4183,3.1582,1.1,1314
gnss_raw.txt,2437,380414.200,FINESTEERING,SOL_COMPUTED,NARROW_FLOAT,32,29,1.4184,3.1582,1.2,1314
gnss_raw.txt,2437,380414.300,FINESTEERING,SOL_COMPUTED,NARROW_FLOAT,32,29,1.4184,3.1582,1.3,1314
gnss_raw.txt,2437,380414.400,FINESTEERING,SOL_COMPUTED,NARROW_FLOAT,32,29,1.4185,3.1583,1.4,1314
gnss_raw.txt,2437,380414.500,FINESTEERING,SOL_COMPUTED,NARROW_FLOAT,32,29,1.4185,3.1583,1.5,1314
gnss_raw.txt,2437,380414.600,FINESTEERING,SOL_COMPUTED,NARROW_FLOAT,32,29,1.4186,3.1583,1.6,1314
gnss_raw.txt,2437,380414.700,FINESTEERING,SOL_COMPUTED,NARROW_FLOAT,33,29,1.4186,3.1583,1.7,1314
gnss_raw.txt,2437,380414.800,FINESTEERING,SOL_COMPUTED,NARROW_FLOAT,33,29,1.4186,3.1584,1.8,1314
gnss_raw.txt,2437,380414.900,FINESTEERING,SOL_COMPUTED,NARROW_FLOAT,32,29,1.4187,3.1584,0.9,1314
gnss_raw.txt,2437,380415.000,FINESTEERING,SOL_COMPUTED,NARROW_FLOAT,32,29,1.5038,3.1472,1.0,1314
gnss_raw.txt,2437,380415.100,FINESTEERING,SOL_COMPUTED,NARROW_FLOAT,31,29,1.5039,3.1473,1.1,1314
gnss_raw.txt,2437,380415.200,FINESTEERING,SOL_COMPUTED,NARROW_FLOAT,31,29,1.5039,3.1474,1.2,1314
gnss_raw.txt,2437,380415.300,FINESTEERING,SOL_COMPUTED,NARROW_FLOAT,31,29,1.504,3.1474,1.3,1314
gnss_raw.txt,2437,380415.400,FINESTEERING,SOL_COMPUTED,NARROW_FLOAT,30,29,1.504,3.1474,1.4,1314
gnss_raw.txt,2437,380415.500,FINESTEERING,SOL_COMPUTED,NARROW_FLOAT,31,29,1.5042,3.1475,1.5,1314
gnss_raw.txt,2437,380415.600,FINESTEERING,SOL_COMPUTED,NARROW_FLOAT,31,29,1.5043,3.1475,1.6,1314
gnss_raw.txt,2437,380415.700,FINESTEERING,SOL_COMPUTED,NARROW_FLOAT,30,28,1.5043,3.1476,1.7,1314
gnss_raw.txt,2437,380415.800,FINESTEERING,SOL_COMPUTED,NARROW_FLOAT,30,28,1.5043,3.1476,0.8,1314
gnss_raw.txt,2437,380415.900,FINESTEERING,SOL_COMPUTED,NARROW_FLOAT,31,29,1.5044,3.1476,0.9,1314
gnss_raw.txt,2437,380416.000,FINESTEERING,SOL_COMPUTED,NARROW_FLOAT,30,28,1.2506,2.4799,1.0,1314
gnss_raw.txt,2437,380416.100,FINESTEERING,SOL_COMPUTED,NARROW_FLOAT,30,28,1.2507,2.4799,1.1,1314
gnss_raw.txt,2437,380416.200,FINESTEERING,SOL_COMPUTED,NARROW_FLOAT,30,28,1.2508,2.48,1.2,1314
gnss_raw.txt,2437,380416.300,FINESTEERING,SOL_COMPUTED,NARROW_FLOAT,31,29,1.2509,2.48,1.3,1314
gnss_raw.txt,2437,380416.400,FINESTEERING,SOL_COMPUTED,NARROW_FLOAT,30,28,1.2509,2.48,1.4,1314
gnss_raw.txt,2437,380416.500,FINESTEERING,SOL_COMPUTED,NARROW_FLOAT,30,28,1.251,2.4801,1.5,1314
gnss_raw.txt,2437,380416.600,FINESTEERING,SOL_COMPUTED,NARROW_FLOAT,30,28,1.251,2.4801,1.6,1314
gnss_raw.txt,2437,380416.700,FINESTEERING,SOL_COMPUTED,NARROW_FLOAT,30,28,1.2511,2.4801,1.7,1314
gnss_raw.txt,2437,380416.800,FINESTEERING,SOL_COMPUTED,NARROW_FLOAT,30,28,1.2511,2.4801,0.8,1314
gnss_raw.txt,2437,380416.900,FINESTEERING,SOL_COMPUTED,NARROW_FLOAT,30,28,1.2512,2.4802,0.9,1314
gnss_raw.txt,2437,380417.000,FINESTEERING,SOL_COMPUTED,NARROW_FLOAT,31,29,2.4059,4.8123,1.0,1314
gnss_raw.txt,2437,380417.100,FINESTEERING,SOL_COMPUTED,NARROW_FLOAT,31,29,2.4059,4.8123,1.1,1314
gnss_raw.txt,2437,380417.200,FINESTEERING,SOL_COMPUTED,NARROW_FLOAT,31,29,2.406,4.8123,1.2,1314
gnss_raw.txt,2437,380417.300,FINESTEERING,SOL_COMPUTED,NARROW_FLOAT,31,29,2.406,4.8123,1.3,1314
gnss_raw.txt,2437,380417.400,FINESTEERING,SOL_COMPUTED,NARROW_FLOAT,31,29,2.406,4.8124,1.4,1314
gnss_raw.txt,2437,380417.500,FINESTEERING,SOL_COMPUTED,NARROW_FLOAT,31,29,2.4061,4.8124,1.5,1314
gnss_raw.txt,2437,380417.600,FINESTEERING,SOL_COMPUTED,NARROW_FLOAT,31,29,2.4061,4.8124,1.6,1314
gnss_raw.txt,2437,380417.700,FINESTEERING,SOL_COMPUTED,NARROW_FLOAT,32,30,2.4062,4.8124,1.7,1314
gnss_raw.txt,2437,380417.800,FINESTEERING,SOL_COMPUTED,NARROW_FLOAT,32,30,2.4062,4.8124,1.8,1314
gnss_raw.txt,2437,380417.900,FINESTEERING,SOL_COMPUTED,NARROW_FLOAT,32,30,2.4062,4.8125,0.9,1314
gnss_raw.txt,2437,380418.000,FINESTEERING,SOL_COMPUTED,NARROW_FLOAT,32,30,3.1713,6.1046,1.0,1314
gnss_raw.txt,2437,380418.100,FINESTEERING,SOL_COMPUTED,NARROW_FLOAT,32,30,3.1713,6.1046,1.1,1314
gnss_raw.txt,2437,380418.200,FINESTEERING,SOL_COMPUTED,NARROW_FLOAT,32,30,3.1713,6.1047,1.2,1314
gnss_raw.txt,2437,380418.300,FINESTEERING,SOL_COMPUTED,NARROW_FLOAT,31,29,3.1713,6.1047,1.3,1314
gnss_raw.txt,2437,380418.400,FINESTEERING,SOL_COMPUTED,NARROW_FLOAT,31,29,3.1713,6.1047,1.4,1314
gnss_raw.txt,2437,380418.500,FINESTEERING,SOL_COMPUTED,NARROW_FLOAT,31,29,3.1714,6.1047,1.5,1314
gnss_raw.txt,2437,380418.600,FINESTEERING,SOL_COMPUTED,NARROW_FLOAT,31,29,3.1714,6.1047,1.6,1314
gnss_raw.txt,2437,380418.700,FINESTEERING,SOL_COMPUTED,NARROW_FLOAT,31,29,3.1714,6.1047,1.7,1314
gnss_raw.txt,2437,380418.800,FINESTEERING,SOL_COMPUTED,NARROW_FLOAT,31,29,3.1715,6.1048,1.8,1314
gnss_raw.txt,2437,380418.900,FINESTEERING,SOL_COMPUTED,NARROW_FLOAT,31,29,3.1715,6.1048,0.9,1314
gnss_raw.txt,2437,380419.000,FINESTEERING,SOL_COMPUTED,NARROW_FLOAT,31,29,2.7119,5.1653,1.0,1314
gnss_raw.txt,2437,380419.100,FINESTEERING,SOL_COMPUTED,NARROW_FLOAT,31,29,2.7119,5.1653,1.1,1314
gnss_raw.txt,2437,380419.200,FINESTEERING,SOL_COMPUTED,NARROW_FLOAT,31,29,2.7119,5.1653,1.2,1314
gnss_raw.txt,2437,380419.300,FINESTEERING,SOL_COMPUTED,NARROW_FLOAT,31,29,2.7119,5.1653,1.3,1314
gnss_raw.txt,2437,380419.400,FINESTEERING,SOL_COMPUTED,NARROW_FLOAT,31,29,2.7119,5.1653,1.4,1314
gnss_raw.txt,2437,380419.500,FINESTEERING,SOL_COMPUTED,NARROW_FLOAT,31,29,2.7119,5.1654,1.5,1314
gnss_raw.txt,2437,380419.600,FINESTEERING,SOL_COMPUTED,NARROW_FLOAT,31,29,2.712,5.1654,1.6,1314
gnss_raw.txt,2437,380419.700,FINESTEERING,SOL_COMPUTED,NARROW_FLOAT,31,29,2.712,5.1654,0.7,1314
gnss_raw.txt,2437,380419.800,FINESTEERING,SOL_COMPUTED,NARROW_FLOAT,31,29,2.712,5.1654,0.8,1314
gnss_raw.txt,2437,380419.900,FINESTEERING,SOL_COMPUTED,NARROW_FLOAT,31,29,2.7121,5.1654,0.9,1314
gnss_raw.txt,2437,380420.000,FINESTEERING,SOL_COMPUTED,NARROW_FLOAT,31,29,1.1348,2.185,1.0,1314
gnss_raw.txt,2437,380420.100,FINESTEERING,SOL_COMPUTED,NARROW_FLOAT,32,30,1.1349,2.1851,1.1,1314
gnss_raw.txt,2437,380420.200,FINESTEERING,SOL_COMPUTED,NARROW_FLOAT,31,29,1.135,2.1852,1.2,1314
gnss_raw.txt,2437,380420.300,FINESTEERING,SOL_COMPUTED,NARROW_FLOAT,31,29,1.1351,2.1852,1.3,1314
gnss_raw.txt,2437,380420.400,FINESTEERING,SOL_COMPUTED,NARROW_FLOAT,31,29,1.1352,2.1853,1.4,1314
gnss_raw.txt,2437,380420.500,FINESTEERING,SOL_COMPUTED,NARROW_FLOAT,30,28,1.1352,2.1853,1.5,1314
gnss_raw.txt,2437,380420.600,FINESTEERING,SOL_COMPUTED,NARROW_FLOAT,30,28,1.1352,2.1853,1.6,1314
gnss_raw.txt,2437,380420.700,FINESTEERING,SOL_COMPUTED,NARROW_FLOAT,30,28,1.1353,2.1853,1.7,1314
gnss_raw.txt,2437,380420.800,FINESTEERING,SOL_COMPUTED,NARROW_FLOAT,30,28,1.1353,2.1854,0.8,1314
gnss_raw.txt,2437,380420.900,FINESTEERING,SOL_COMPUTED,NARROW_FLOAT,30,28,1.1353,2.1854,0.9,1314
gnss_raw.txt,2437,380421.000,FINESTEERING,SOL_COMPUTED,NARROW_FLOAT,30,28,1.5718,3.0296,1.0,1314
gnss_raw.txt,2437,380421.100,FINESTEERING,SOL_COMPUTED,NARROW_FLOAT,30,28,1.5718,3.0296,1.1,1314
gnss_raw.txt,2437,380421.200,FINESTEERING,SOL_COMPUTED,NARROW_FLOAT,31,29,1.5718,3.0296,1.2,1314
gnss_raw.txt,2437,380421.300,FINESTEERING,SOL_COMPUTED,NARROW_FLOAT,31,29,1.5719,3.0296,1.3,1314
gnss_raw.txt,2437,380421.400,FINESTEERING,SOL_COMPUTED,NARROW_FLOAT,30,28,1.5719,3.0297,1.4,1314
gnss_raw.txt,2437,380421.500,FINESTEERING,SOL_COMPUTED,NARROW_FLOAT,31,29,1.5719,3.0297,1.5,1314
gnss_raw.txt,2437,380421.600,FINESTEERING,SOL_COMPUTED,NARROW_FLOAT,32,29,1.572,3.0297,1.6,1314
gnss_raw.txt,2437,380421.700,FINESTEERING,SOL_COMPUTED,NARROW_FLOAT,33,29,1.572,3.0298,1.7,1314
gnss_raw.txt,2437,380421.800,FINESTEERING,SOL_COMPUTED,NARROW_FLOAT,33,29,1.5721,3.0298,1.8,1314
gnss_raw.txt,2437,380421.900,FINESTEERING,SOL_COMPUTED,NARROW_FLOAT,33,29,1.5721,3.0298,0.9,1314
gnss_raw.txt,2437,380422.000,FINESTEERING,SOL_COMPUTED,NARROW_FLOAT,33,29,1.3675,2.9914,1.0,1314
gnss_raw.txt,2437,380422.100,FINESTEERING,SOL_COMPUTED,NARROW_FLOAT,33,29,1.3675,2.9914,1.1,1314
gnss_raw.txt,2437,380422.200,FINESTEERING,SOL_COMPUTED,NARROW_FLOAT,33,29,1.3676,2.9915,1.2,1314
gnss_raw.txt,2437,380422.300,FINESTEERING,SOL_COMPUTED,NARROW_FLOAT,33,29,1.3677,2.9915,1.3,1314
gnss_raw.txt,2437,380422.400,FINESTEERING,SOL_COMPUTED,NARROW_FLOAT,32,28,1.3677,2.9915,1.4,1314
gnss_raw.txt,2437,380422.500,FINESTEERING,SOL_COMPUTED,NARROW_FLOAT,32,28,1.3677,2.9915,1.5,1314
gnss_raw.txt,2437,380422.600,FINESTEERING,SOL_COMPUTED,NARROW_FLOAT,32,28,1.3678,2.9915,1.6,1314
gnss_raw.txt,2437,380422.700,FINESTEERING,SOL_COMPUTED,NARROW_FLOAT,33,29,1.3678,2.9916,0.7,1314
gnss_raw.txt,2437,380422.800,FINESTEERING,SOL_COMPUTED,NARROW_FLOAT,33,29,1.3678,2.9916,0.8,1314
gnss_raw.txt,2437,380422.900,FINESTEERING,SOL_COMPUTED,NARROW_FLOAT,33,29,1.3679,2.9916,0.9,1314
gnss_raw.txt,2437,380423.000,FINESTEERING,SOL_COMPUTED,NARROW_FLOAT,33,29,2.6596,5.9109,1.0,1314
gnss_raw.txt,2437,380423.100,FINESTEERING,SOL_COMPUTED,NARROW_FLOAT,33,29,2.6596,5.9109,1.1,1314
gnss_raw.txt,2437,380423.200,FINESTEERING,SOL_COMPUTED,NARROW_FLOAT,33,29,2.6596,5.9109,1.2,1314
gnss_raw.txt,2437,380423.300,FINESTEERING,SOL_COMPUTED,NARROW_FLOAT,33,29,2.6596,5.9109,1.3,1314
gnss_raw.txt,2437,380423.400,FINESTEERING,SOL_COMPUTED,NARROW_FLOAT,33,29,2.6596,5.9109,1.4,1314
gnss_raw.txt,2437,380423.500,FINESTEERING,SOL_COMPUTED,NARROW_FLOAT,33,29,2.6597,5.9109,1.5,1314
gnss_raw.txt,2437,380423.600,FINESTEERING,SOL_COMPUTED,NARROW_FLOAT,33,29,2.6597,5.911,1.6,1314
gnss_raw.txt,2437,380423.700,FINESTEERING,SOL_COMPUTED,NARROW_FLOAT,33,29,2.6597,5.911,1.7,1314
gnss_raw.txt,2437,380423.800,FINESTEERING,SOL_COMPUTED,NARROW_FLOAT,33,29,2.6597,5.911,1.8,1314
gnss_raw.txt,2437,380423.900,FINESTEERING,SOL_COMPUTED,NARROW_FLOAT,33,29,2.6597,5.911,0.9,1314
gnss_raw.txt,2437,380424.000,FINESTEERING,SOL_COMPUTED,NARROW_FLOAT,34,30,2.2162,4.9754,1.0,1314
gnss_raw.txt,2437,380424.100,FINESTEERING,SOL_COMPUTED,NARROW_FLOAT,34,30,2.2162,4.9754,1.1,1314
gnss_raw.txt,2437,380424.200,FINESTEERING,SOL_COMPUTED,NARROW_FLOAT,34,30,2.2163,4.9755,1.2,1314
gnss_raw.txt,2437,380424.300,FINESTEERING,SOL_COMPUTED,NARROW_FLOAT,34,30,2.2163,4.9755,1.3,1314
gnss_raw.txt,2437,380424.400,FINESTEERING,SOL_COMPUTED,NARROW_FLOAT,34,30,2.2163,4.9755,1.4,1314
gnss_raw.txt,2437,380424.500,FINESTEERING,SOL_COMPUTED,NARROW_FLOAT,34,30,2.2163,4.9755,1.5,1314
gnss_raw.txt,2437,380424.600,FINESTEERING,SOL_COMPUTED,NARROW_FLOAT,34,30,2.2163,4.9755,1.6,1314
gnss_raw.txt,2437,380424.700,FINESTEERING,SOL_COMPUTED,NARROW_FLOAT,34,30,2.2164,4.9755,1.7,1314
gnss_raw.txt,2437,380424.800,FINESTEERING,SOL_COMPUTED,NARROW_FLOAT,34,30,2.2164,4.9755,1.8,1314
gnss_raw.txt,2437,380424.900,FINESTEERING,SOL_COMPUTED,NARROW_FLOAT,34,30,2.2164,4.9755,0.9,1314
gnss_raw.txt,2437,380425.000,FINESTEERING,SOL_COMPUTED,NARROW_FLOAT,34,30,1.0636,2.7179,1.0,1314
gnss_raw.txt,2437,380425.100,FINESTEERING,SOL_COMPUTED,NARROW_FLOAT,34,30,1.0637,2.7179,1.1,1314
gnss_raw.txt,2437,380425.200,FINESTEERING,SOL_COMPUTED,NARROW_FLOAT,34,30,1.0637,2.7179,1.2,1314
gnss_raw.txt,2437,380425.300,FINESTEERING,SOL_COMPUTED,NARROW_FLOAT,34,30,1.0638,2.718,1.3,1314
gnss_raw.txt,2437,380425.400,FINESTEERING,SOL_COMPUTED,NARROW_FLOAT,34,30,1.0638,2.718,1.4,1314
gnss_raw.txt,2437,380425.500,FINESTEERING,SOL_COMPUTED,NARROW_FLOAT,34,30,1.0638,2.718,1.5,1314
gnss_raw.txt,2437,380425.600,FINESTEERING,SOL_COMPUTED,NARROW_FLOAT,34,30,1.0639,2.718,1.6,1314
gnss_raw.txt,2437,380425.700,FINESTEERING,SOL_COMPUTED,NARROW_FLOAT,35,31,1.0639,2.718,0.7,1314
gnss_raw.txt,2437,380425.800,FINESTEERING,SOL_COMPUTED,NARROW_FLOAT,35,31,1.0639,2.718,0.8,1314
gnss_raw.txt,2437,380425.900,FINESTEERING,SOL_COMPUTED,NARROW_FLOAT,35,31,1.064,2.7181,0.9,1314
gnss_raw.txt,2437,380426.000,FINESTEERING,SOL_COMPUTED,NARROW_FLOAT,35,31,4.1068,9.7687,1.0,1314
gnss_raw.txt,2437,380426.100,FINESTEERING,SOL_COMPUTED,NARROW_FLOAT,35,31,4.1068,9.7687,1.1,1314
gnss_raw.txt,2437,380426.200,FINESTEERING,SOL_COMPUTED,NARROW_FLOAT,35,31,4.1068,9.7687,1.2,1314
gnss_raw.txt,2437,380426.300,FINESTEERING,SOL_COMPUTED,NARROW_FLOAT,35,31,4.1068,9.7687,1.3,1314
gnss_raw.txt,2437,380426.400,FINESTEERING,SOL_COMPUTED,NARROW_FLOAT,35,31,4.1068,9.7687,1.4,1314
gnss_raw.txt,2437,380426.500,FINESTEERING,SOL_COMPUTED,NARROW_FLOAT,35,31,4.1069,9.7687,1.5,1314
gnss_raw.txt,2437,380426.600,FINESTEERING,SOL_COMPUTED,NARROW_FLOAT,35,31,4.1069,9.7687,1.6,1314
gnss_raw.txt,2437,380426.700,FINESTEERING,SOL_COMPUTED,NARROW_FLOAT,35,31,4.1069,9.7687,1.7,1314
gnss_raw.txt,2437,380426.800,FINESTEERING,SOL_COMPUTED,NARROW_FLOAT,35,31,4.1069,9.7687,0.8,1314
gnss_raw.txt,2437,380426.900,FINESTEERING,SOL_COMPUTED,NARROW_FLOAT,35,31,4.1069,9.7687,0.9,1314
gnss_raw.txt,2437,380427.000,FINESTEERING,SOL_COMPUTED,NARROW_FLOAT,35,31,5.2241,10.692,1.0,1314
gnss_raw.txt,2437,380427.100,FINESTEERING,SOL_COMPUTED,NARROW_FLOAT,35,31,5.2241,10.692,1.1,1314
gnss_raw.txt,2437,380427.200,FINESTEERING,SOL_COMPUTED,NARROW_FLOAT,35,31,5.2241,10.692,1.2,1314
gnss_raw.txt,2437,380427.300,FINESTEERING,SOL_COMPUTED,NARROW_FLOAT,35,31,5.2241,10.692,1.3,1314
gnss_raw.txt,2437,380427.400,FINESTEERING,SOL_COMPUTED,NARROW_FLOAT,35,31,5.2241,10.692,1.4,1314
gnss_raw.txt,2437,380427.500,FINESTEERING,SOL_COMPUTED,NARROW_FLOAT,35,31,5.2242,10.692,1.5,1314
gnss_raw.txt,2437,380427.600,FINESTEERING,SOL_COMPUTED,NARROW_FLOAT,35,31,5.2242,10.692,1.6,1314
gnss_raw.txt,2437,380427.700,FINESTEERING,SOL_COMPUTED,NARROW_FLOAT,35,31,5.2242,10.692,1.7,1314
gnss_raw.txt,2437,380427.800,FINESTEERING,SOL_COMPUTED,NARROW_FLOAT,35,31,5.2242,10.6921,1.8,1314
gnss_raw.txt,2437,380427.900,FINESTEERING,SOL_COMPUTED,NARROW_FLOAT,35,31,5.2242,10.6921,0.9,1314
gnss_raw.txt,2437,380428.000,FINESTEERING,SOL_COMPUTED,NARROW_FLOAT,35,31,2.1934,4.4175,1.0,1314
gnss_raw.txt,2437,380428.100,FINESTEERING,SOL_COMPUTED,NARROW_FLOAT,35,31,2.1934,4.4175,1.1,1314
gnss_raw.txt,2437,380428.200,FINESTEERING,SOL_COMPUTED,NARROW_FLOAT,35,31,2.1934,4.4175,1.2,1314
gnss_raw.txt,2437,380428.300,FINESTEERING,SOL_COMPUTED,NARROW_FLOAT,35,31,2.1934,4.4175,1.3,1314
gnss_raw.txt,2437,380428.400,FINESTEERING,SOL_COMPUTED,NARROW_FLOAT,34,30,2.1935,4.4176,1.4,1314
gnss_raw.txt,2437,380428.500,FINESTEERING,SOL_COMPUTED,NARROW_FLOAT,34,30,2.1935,4.4176,1.5,1314
gnss_raw.txt,2437,380428.600,FINESTEERING,SOL_COMPUTED,NARROW_FLOAT,34,30,2.1935,4.4176,1.6,1314
gnss_raw.txt,2437,380428.700,FINESTEERING,SOL_COMPUTED,NARROW_FLOAT,34,30,2.1935,4.4176,1.7,1314
gnss_raw.txt,2437,380428.800,FINESTEERING,SOL_COMPUTED,NARROW_FLOAT,34,30,2.1935,4.4176,1.8,1314
gnss_raw.txt,2437,380428.900,FINESTEERING,SOL_COMPUTED,NARROW_FLOAT,34,30,2.1936,4.4176,0.9,1314
gnss_raw.txt,2437,380429.000,FINESTEERING,SOL_COMPUTED,NARROW_FLOAT,34,30,2.6154,5.1894,1.0,1314
gnss_raw.txt,2437,380429.100,FINESTEERING,SOL_COMPUTED,NARROW_FLOAT,34,30,2.6154,5.1894,1.1,1314
gnss_raw.txt,2437,380429.200,FINESTEERING,SOL_COMPUTED,NARROW_FLOAT,34,30,2.6155,5.1894,1.2,1314
gnss_raw.txt,2437,380429.300,FINESTEERING,SOL_COMPUTED,NARROW_FLOAT,34,30,2.6155,5.1894,1.3,1314
gnss_raw.txt,2437,380429.400,FINESTEERING,SOL_COMPUTED,NARROW_FLOAT,34,30,2.6155,5.1894,1.4,1314
gnss_raw.txt,2437,380429.500,FINESTEERING,SOL_COMPUTED,NARROW_FLOAT,34,30,2.6155,5.1894,1.5,1314
gnss_raw.txt,2437,380429.600,FINESTEERING,SOL_COMPUTED,NARROW_FLOAT,34,30,2.6155,5.1895,1.6,1314
gnss_raw.txt,2437,380429.700,FINESTEERING,SOL_COMPUTED,NARROW_FLOAT,34,30,2.6155,5.1895,1.7,1314
gnss_raw.txt,2437,380429.800,FINESTEERING,SOL_COMPUTED,NARROW_FLOAT,34,30,2.6155,5.1895,0.8,1314
gnss_raw.txt,2437,380429.900,FINESTEERING,SOL_COMPUTED,NARROW_FLOAT,34,30,2.6156,5.1895,0.9,1314
gnss_raw.txt,2437,380430.000,FINESTEERING,SOL_COMPUTED,NARROW_FLOAT,33,29,2.3067,4.5256,1.0,1314
gnss_raw.txt,2437,380430.100,FINESTEERING,SOL_COMPUTED,NARROW_FLOAT,33,29,2.3067,4.5256,1.1,1314
gnss_raw.txt,2437,380430.200,FINESTEERING,SOL_COMPUTED,NARROW_FLOAT,33,29,2.3067,4.5256,1.2,1314
gnss_raw.txt,2437,380430.300,FINESTEERING,SOL_COMPUTED,NARROW_FLOAT,33,29,2.3067,4.5256,1.3,1314
gnss_raw.txt,2437,380430.400,FINESTEERING,SOL_COMPUTED,NARROW_FLOAT,33,29,2.3067,4.5257,1.4,1314
gnss_raw.txt,2437,380430.500,FINESTEERING,SOL_COMPUTED,NARROW_FLOAT,33,29,2.3068,4.5257,1.5,1314
gnss_raw.txt,2437,380430.600,FINESTEERING,SOL_COMPUTED,NARROW_FLOAT,33,29,2.3068,4.5257,1.6,1314
gnss_raw.txt,2437,380430.700,FINESTEERING,SOL_COMPUTED,NARROW_FLOAT,33,29,2.3068,4.5257,1.7,1314
gnss_raw.txt,2437,380430.800,FINESTEERING,SOL_COMPUTED,NARROW_FLOAT,32,28,2.3068,4.5257,1.8,1314
gnss_raw.txt,2437,380430.900,FINESTEERING,SOL_COMPUTED,NARROW_FLOAT,32,28,2.3068,4.5257,1.9,1314
gnss_raw.txt,2437,380431.000,FINESTEERING,SOL_COMPUTED,NARROW_FLOAT,32,28,1.9451,3.7391,1.0,1314
gnss_raw.txt,2437,380431.100,FINESTEERING,SOL_COMPUTED,NARROW_FLOAT,32,28,1.9452,3.7391,1.1,1314
gnss_raw.txt,2437,380431.200,FINESTEERING,SOL_COMPUTED,NARROW_FLOAT,32,28,1.9452,3.7391,1.2,1314
gnss_raw.txt,2437,380431.300,FINESTEERING,SOL_COMPUTED,NARROW_FLOAT,32,28,1.9452,3.7391,1.3,1314
gnss_raw.txt,2437,380431.400,FINESTEERING,SOL_COMPUTED,NARROW_FLOAT,32,28,1.9452,3.7391,1.4,1314
gnss_raw.txt,2437,380431.500,FINESTEERING,SOL_COMPUTED,NARROW_FLOAT,32,28,1.9452,3.7392,1.5,1314
gnss_raw.txt,2437,380431.600,FINESTEERING,SOL_COMPUTED,NARROW_FLOAT,33,29,1.9453,3.7392,1.6,1314
gnss_raw.txt,2437,380431.700,FINESTEERING,SOL_COMPUTED,NARROW_FLOAT,33,29,1.9453,3.7392,1.7,1314
gnss_raw.txt,2437,380431.800,FINESTEERING,SOL_COMPUTED,NARROW_FLOAT,32,28,1.9453,3.7392,1.8,1314
gnss_raw.txt,2437,380431.900,FINESTEERING,SOL_COMPUTED,NARROW_FLOAT,32,28,1.9453,3.7392,0.9,1314
gnss_raw.txt,2437,380432.000,FINESTEERING,SOL_COMPUTED,NARROW_FLOAT,32,28,1.4979,2.8743,1.0,1314
gnss_raw.txt,2437,380432.100,FINESTEERING,SOL_COMPUTED,NARROW_FLOAT,32,29,1.4979,2.8743,1.1,1314
gnss_raw.txt,2437,380432.200,FINESTEERING,SOL_COMPUTED,NARROW_FLOAT,32,29,1.4979,2.8743,1.2,1314
gnss_raw.txt,2437,380432.300,FINESTEERING,SOL_COMPUTED,NARROW_FLOAT,32,29,1.4979,2.8743,1.3,1314
gnss_raw.txt,2437,380432.400,FINESTEERING,SOL_COMPUTED,NARROW_FLOAT,32,29,1.4979,2.8743,1.4,1314
gnss_raw.txt,2437,380432.500,FINESTEERING,SOL_COMPUTED,NARROW_FLOAT,31,28,1.4979,2.8744,1.5,1314
gnss_raw.txt,2437,380432.600,FINESTEERING,SOL_COMPUTED,NARROW_FLOAT,31,28,1.4979,2.8744,1.6,1314
gnss_raw.txt,2437,380432.700,FINESTEERING,SOL_COMPUTED,NARROW_FLOAT,32,29,1.498,2.8744,1.7,1314
gnss_raw.txt,2437,380432.800,FINESTEERING,SOL_COMPUTED,NARROW_FLOAT,32,29,1.498,2.8744,1.8,1314
gnss_raw.txt,2437,380432.900,FINESTEERING,SOL_COMPUTED,NARROW_FLOAT,32,29,1.498,2.8744,0.9,1314
gnss_raw.txt,2437,380433.000,FINESTEERING,SOL_COMPUTED,NARROW_FLOAT,32,29,2.3214,4.0312,1.0,1314
gnss_raw.txt,2437,380433.100,FINESTEERING,SOL_COMPUTED,NARROW_FLOAT,32,29,2.3214,4.0312,1.1,1314
gnss_raw.txt,2437,380433.200,FINESTEERING,SOL_COMPUTED,NARROW_FLOAT,32,29,2.3214,4.0312,1.2,1314
gnss_raw.txt,2437,380433.300,FINESTEERING,SOL_COMPUTED,NARROW_FLOAT,32,29,2.3215,4.0312,1.3,1314
gnss_raw.txt,2437,380433.400,FINESTEERING,SOL_COMPUTED,NARROW_FLOAT,32,29,2.3215,4.0313,1.4,1314
gnss_raw.txt,2437,380433.500,FINESTEERING,SOL_COMPUTED,NARROW_FLOAT,32,29,2.3215,4.0313,1.5,1314
gnss_raw.txt,2437,380433.600,FINESTEERING,SOL_COMPUTED,NARROW_FLOAT,33,30,2.3215,4.0313,1.6,1314
gnss_raw.txt,2437,380433.700,FINESTEERING,SOL_COMPUTED,NARROW_FLOAT,33,30,2.3215,4.0313,1.7,1314
gnss_raw.txt,2437,380433.800,FINESTEERING,SOL_COMPUTED,NARROW_FLOAT,33,30,2.3216,4.0313,1.8,1314
gnss_raw.txt,2437,380433.900,FINESTEERING,SOL_COMPUTED,NARROW_FLOAT,33,30,2.3216,4.0313,0.9,1314
gnss_raw.txt,2437,380434.000,FINESTEERING,SOL_COMPUTED,NARROW_FLOAT,33,30,3.4925,6.1119,1.0,1314
gnss_raw.txt,2437,380434.100,FINESTEERING,SOL_COMPUTED,NARROW_FLOAT,33,30,3.4925,6.1119,1.1,1314
gnss_raw.txt,2437,380434.200,FINESTEERING,SOL_COMPUTED,NARROW_FLOAT,33,30,3.4925,6.1119,1.2,1314
gnss_raw.txt,2437,380434.300,FINESTEERING,SOL_COMPUTED,NARROW_FLOAT,33,30,3.4925,6.1119,1.3,1314
gnss_raw.txt,2437,380434.400,FINESTEERING,SOL_COMPUTED,NARROW_FLOAT,33,30,3.4926,6.1119,1.4,1314
gnss_raw.txt,2437,380434.500,FINESTEERING,SOL_COMPUTED,NARROW_FLOAT,33,30,3.4926,6.1119,1.5,1314
gnss_raw.txt,2437,380434.600,FINESTEERING,SOL_COMPUTED,NARROW_FLOAT,33,30,3.4926,6.1119,1.6,1314
gnss_raw.txt,2437,380434.700,FINESTEERING,SOL_COMPUTED,NARROW_FLOAT,33,30,3.4926,6.112,1.7,1314
gnss_raw.txt,2437,380434.800,FINESTEERING,SOL_COMPUTED,NARROW_FLOAT,33,30,3.4926,6.112,0.8,1314
gnss_raw.txt,2437,380434.900,FINESTEERING,SOL_COMPUTED,NARROW_FLOAT,33,30,3.4926,6.112,0.9,1314
gnss_raw.txt,2437,380435.000,FINESTEERING,SOL_COMPUTED,NARROW_FLOAT,33,30,2.0602,3.6639,1.0,1314
gnss_raw.txt,2437,380435.100,FINESTEERING,SOL_COMPUTED,NARROW_FLOAT,33,30,2.0602,3.6639,1.1,1314
gnss_raw.txt,2437,380435.200,FINESTEERING,SOL_COMPUTED,NARROW_FLOAT,33,30,2.0602,3.6639,1.2,1314
gnss_raw.txt,2437,380435.300,FINESTEERING,SOL_COMPUTED,NARROW_FLOAT,32,29,2.0602,3.6639,1.3,1314
gnss_raw.txt,2437,380435.400,FINESTEERING,SOL_COMPUTED,NARROW_FLOAT,32,29,2.0603,3.6639,1.4,1314
gnss_raw.txt,2437,380435.500,FINESTEERING,SOL_COMPUTED,NARROW_FLOAT,32,29,2.0603,3.6639,1.5,1314
gnss_raw.txt,2437,380435.600,FINESTEERING,SOL_COMPUTED,NARROW_FLOAT,32,29,2.0603,3.664,1.6,1314
gnss_raw.txt,2437,380435.700,FINESTEERING,SOL_COMPUTED,NARROW_FLOAT,32,29,2.0603,3.664,1.7,1314
gnss_raw.txt,2437,380435.800,FINESTEERING,SOL_COMPUTED,NARROW_FLOAT,31,28,2.0603,3.664,0.8,1314
gnss_raw.txt,2437,380435.900,FINESTEERING,SOL_COMPUTED,NARROW_FLOAT,33,29,2.0604,3.664,0.9,1314
gnss_raw.txt,2437,380436.000,FINESTEERING,SOL_COMPUTED,NARROW_FLOAT,33,29,2.6217,4.6933,1.0,1314
gnss_raw.txt,2437,380436.100,FINESTEERING,SOL_COMPUTED,NARROW_FLOAT,33,29,2.6217,4.6933,1.1,1314
gnss_raw.txt,2437,380436.200,FINESTEERING,SOL_COMPUTED,NARROW_FLOAT,33,29,2.6217,4.6933,1.2,1314
gnss_raw.txt,2437,380436.300,FINESTEERING,SOL_COMPUTED,NARROW_FLOAT,33,29,2.6217,4.6933,1.3,1314
gnss_raw.txt,2437,380436.400,FINESTEERING,SOL_COMPUTED,NARROW_FLOAT,33,29,2.6217,4.6933,1.4,1314
gnss_raw.txt,2437,380436.500,FINESTEERING,SOL_COMPUTED,NARROW_FLOAT,33,29,2.6217,4.6933,1.5,1314
gnss_raw.txt,2437,380436.600,FINESTEERING,SOL_COMPUTED,NARROW_FLOAT,33,29,2.6218,4.6933,1.6,1314
gnss_raw.txt,2437,380436.700,FINESTEERING,SOL_COMPUTED,NARROW_FLOAT,33,29,2.6218,4.6933,1.7,1314
gnss_raw.txt,2437,380436.800,FINESTEERING,SOL_COMPUTED,NARROW_FLOAT,33,29,2.6218,4.6933,1.8,1314
gnss_raw.txt,2437,380436.900,FINESTEERING,SOL_COMPUTED,NARROW_FLOAT,33,29,2.6218,4.6934,0.9,1314
gnss_raw.txt,2437,380437.000,FINESTEERING,SOL_COMPUTED,NARROW_INT,33,29,0.0277,0.0566,1.0,1314
gnss_raw.txt,2437,380437.100,FINESTEERING,SOL_COMPUTED,NARROW_INT,33,29,0.0289,0.0574,1.1,1314
gnss_raw.txt,2437,380437.200,FINESTEERING,SOL_COMPUTED,NARROW_INT,34,29,0.0302,0.0584,1.2,1314
gnss_raw.txt,2437,380437.300,FINESTEERING,SOL_COMPUTED,NARROW_INT,35,30,0.0313,0.0592,1.3,1314
gnss_raw.txt,2437,380437.400,FINESTEERING,SOL_COMPUTED,NARROW_INT,35,30,0.0319,0.0598,1.4,1314
gnss_raw.txt,2437,380437.500,FINESTEERING,SOL_COMPUTED,NARROW_INT,35,30,0.033,0.0608,1.5,1314
gnss_raw.txt,2437,380437.600,FINESTEERING,SOL_COMPUTED,NARROW_INT,35,30,0.0339,0.0616,1.6,1314
gnss_raw.txt,2437,380437.700,FINESTEERING,SOL_COMPUTED,NARROW_INT,35,30,0.0347,0.0624,1.7,1314
gnss_raw.txt,2437,380437.800,FINESTEERING,SOL_COMPUTED,NARROW_INT,35,30,0.0356,0.0632,0.8,1314
gnss_raw.txt,2437,380437.900,FINESTEERING,SOL_COMPUTED,NARROW_INT,34,29,0.0369,0.0643,0.9,1314
gnss_raw.txt,2437,380438.000,FINESTEERING,SOL_COMPUTED,NARROW_INT,34,29,0.0299,0.0543,1.0,1314
gnss_raw.txt,2437,380438.100,FINESTEERING,SOL_COMPUTED,NARROW_INT,34,29,0.0307,0.0552,1.1,1314
gnss_raw.txt,2437,380438.200,FINESTEERING,SOL_COMPUTED,NARROW_INT,34,29,0.0322,0.0565,1.2,1314
gnss_raw.txt,2437,380438.300,FINESTEERING,SOL_COMPUTED,NARROW_INT,34,29,0.0333,0.0574,1.3,1314
gnss_raw.txt,2437,380438.400,FINESTEERING,SOL_COMPUTED,NARROW_INT,34,29,0.0342,0.0583,1.4,1314
gnss_raw.txt,2437,380438.500,FINESTEERING,SOL_COMPUTED,NARROW_INT,34,29,0.0353,0.0592,1.5,1314
gnss_raw.txt,2437,380438.600,FINESTEERING,SOL_COMPUTED,NARROW_INT,34,29,0.0362,0.06,1.6,1314
gnss_raw.txt,2437,380438.700,FINESTEERING,SOL_COMPUTED,NARROW_INT,34,29,0.038,0.0615,1.7,1314
gnss_raw.txt,2437,380438.800,FINESTEERING,SOL_COMPUTED,NARROW_INT,34,29,0.0388,0.0622,0.8,1314
gnss_raw.txt,2437,380438.900,FINESTEERING,SOL_COMPUTED,NARROW_INT,34,29,0.0407,0.0638,0.9,1314
gnss_raw.txt,2437,380439.000,FINESTEERING,SOL_COMPUTED,NARROW_INT,34,29,0.0343,0.0606,1.0,1314
gnss_raw.txt,2437,380439.100,FINESTEERING,SOL_COMPUTED,NARROW_INT,34,29,0.0358,0.0618,1.1,1314
gnss_raw.txt,2437,380439.200,FINESTEERING,SOL_COMPUTED,NARROW_INT,34,29,0.0367,0.0626,1.2,1314
gnss_raw.txt,2437,380439.300,FINESTEERING,SOL_COMPUTED,NARROW_INT,34,29,0.0385,0.064,1.3,1314
gnss_raw.txt,2437,380439.400,FINESTEERING,SOL_COMPUTED,NARROW_INT,34,29,0.0392,0.0648,1.4,1314
gnss_raw.txt,2437,380439.500,FINESTEERING,SOL_COMPUTED,NARROW_INT,34,29,0.0401,0.0655,1.5,1314
gnss_raw.txt,2437,380439.600,FINESTEERING,SOL_COMPUTED,NARROW_INT,34,29,0.0455,0.0689,1.6,1314
gnss_raw.txt,2437,380439.700,FINESTEERING,SOL_COMPUTED,NARROW_INT,34,29,0.0461,0.0696,1.7,1314
gnss_raw.txt,2437,380439.800,FINESTEERING,SOL_COMPUTED,NARROW_INT,34,29,0.0471,0.0706,0.8,1314
gnss_raw.txt,2437,380439.900,FINESTEERING,SOL_COMPUTED,NARROW_INT,34,29,0.0478,0.0713,0.9,1314
gnss_raw.txt,2437,380440.000,FINESTEERING,SOL_COMPUTED,NARROW_INT,34,29,0.0388,0.066,1.0,1314
gnss_raw.txt,2437,380440.100,FINESTEERING,SOL_COMPUTED,NARROW_INT,34,29,0.0395,0.0667,1.1,1314
gnss_raw.txt,2437,380440.200,FINESTEERING,SOL_COMPUTED,NARROW_INT,34,29,0.0411,0.0678,1.2,1314
gnss_raw.txt,2437,380440.300,FINESTEERING,SOL_COMPUTED,NARROW_INT,34,29,0.0415,0.0683,1.3,1314
gnss_raw.txt,2437,380440.400,FINESTEERING,SOL_COMPUTED,NARROW_INT,34,29,0.0426,0.0691,1.4,1314
gnss_raw.txt,2437,380440.500,FINESTEERING,SOL_COMPUTED,NARROW_INT,34,29,0.0437,0.07,1.5,1314
gnss_raw.txt,2437,380440.600,FINESTEERING,SOL_COMPUTED,NARROW_INT,34,29,0.0442,0.0706,1.6,1314
gnss_raw.txt,2437,380440.700,FINESTEERING,SOL_COMPUTED,NARROW_INT,34,29,0.0447,0.071,1.7,1314
gnss_raw.txt,2437,380440.800,FINESTEERING,SOL_COMPUTED,NARROW_INT,34,29,0.045,0.0714,1.8,1314
gnss_raw.txt,2437,380440.900,FINESTEERING,SOL_COMPUTED,NARROW_INT,34,29,0.0458,0.0721,0.9,1314
gnss_raw.txt,2437,380441.000,FINESTEERING,SOL_COMPUTED,NARROW_INT,34,29,0.0292,0.0533,1.0,1314
gnss_raw.txt,2437,380441.100,FINESTEERING,SOL_COMPUTED,NARROW_INT,34,29,0.03,0.0541,1.1,1314
gnss_raw.txt,2437,380441.200,FINESTEERING,SOL_COMPUTED,NARROW_INT,34,29,0.0311,0.0549,1.2,1314
gnss_raw.txt,2437,380441.300,FINESTEERING,SOL_COMPUTED,NARROW_INT,34,29,0.0318,0.0556,1.3,1314
gnss_raw.txt,2437,380441.400,FINESTEERING,SOL_COMPUTED,NARROW_INT,34,29,0.0323,0.0561,1.4,1314
gnss_raw.txt,2437,380441.500,FINESTEERING,SOL_COMPUTED,NARROW_INT,34,29,0.0331,0.0568,1.5,1314
gnss_raw.txt,2437,380441.600,FINESTEERING,SOL_COMPUTED,NARROW_INT,34,29,0.0338,0.0574,1.6,1314
gnss_raw.txt,2437,380441.700,FINESTEERING,SOL_COMPUTED,NARROW_INT,34,29,0.0345,0.058,1.7,1314
gnss_raw.txt,2437,380441.800,FINESTEERING,SOL_COMPUTED,NARROW_INT,34,29,0.0353,0.0587,1.8,1314
gnss_raw.txt,2437,380441.900,FINESTEERING,SOL_COMPUTED,NARROW_INT,34,29,0.036,0.0594,0.9,1314
gnss_raw.txt,2437,380442.000,FINESTEERING,SOL_COMPUTED,NARROW_INT,34,29,0.027,0.0523,1.0,1314
gnss_raw.txt,2437,380442.100,FINESTEERING,SOL_COMPUTED,NARROW_INT,34,29,0.0277,0.0528,1.1,1314
gnss_raw.txt,2437,380442.200,FINESTEERING,SOL_COMPUTED,NARROW_INT,34,29,0.0284,0.0534,1.2,1314
gnss_raw.txt,2437,380442.300,FINESTEERING,SOL_COMPUTED,NARROW_INT,35,30,0.03,0.0545,1.3,1314
gnss_raw.txt,2437,380442.400,FINESTEERING,SOL_COMPUTED,NARROW_INT,35,30,0.0307,0.0553,1.4,1314
gnss_raw.txt,2437,380442.500,FINESTEERING,SOL_COMPUTED,NARROW_INT,35,30,0.0316,0.0561,1.5,1314
gnss_raw.txt,2437,380442.600,FINESTEERING,SOL_COMPUTED,NARROW_INT,34,29,0.0331,0.0573,1.6,1314
gnss_raw.txt,2437,380442.700,FINESTEERING,SOL_COMPUTED,NARROW_INT,34,29,0.0342,0.0585,1.7,1314
gnss_raw.txt,2437,380442.800,FINESTEERING,SOL_COMPUTED,NARROW_INT,34,29,0.0349,0.0593,1.8,1314
gnss_raw.txt,2437,380442.900,FINESTEERING,SOL_COMPUTED,NARROW_INT,34,29,0.0354,0.0599,0.9,1314
gnss_raw.txt,2437,380443.000,FINESTEERING,SOL_COMPUTED,NARROW_INT,33,28,0.0294,0.0561,1.0,1314
gnss_raw.txt,2437,380443.100,FINESTEERING,SOL_COMPUTED,NARROW_INT,33,28,0.0305,0.057,1.1,1314
gnss_raw.txt,2437,380443.200,FINESTEERING,SOL_COMPUTED,NARROW_INT,33,28,0.031,0.0575,1.2,1314
gnss_raw.txt,2437,380443.300,FINESTEERING,SOL_COMPUTED,NARROW_INT,33,28,0.0316,0.0581,1.3,1314
gnss_raw.txt,2437,380443.400,FINESTEERING,SOL_COMPUTED,NARROW_INT,33,28,0.033,0.0593,1.4,1314
gnss_raw.txt,2437,380443.500,FINESTEERING,SOL_COMPUTED,NARROW_INT,33,28,0.0341,0.0602,1.5,1314
gnss_raw.txt,2437,380443.600,FINESTEERING,SOL_COMPUTED,NARROW_INT,33,28,0.0349,0.0609,1.6,1314
gnss_raw.txt,2437,380443.700,FINESTEERING,SOL_COMPUTED,NARROW_INT,33,28,0.0359,0.0617,1.7,1314
gnss_raw.txt,2437,380443.800,FINESTEERING,SOL_COMPUTED,NARROW_INT,33,28,0.0368,0.0624,1.8,1314
gnss_raw.txt,2437,380443.900,FINESTEERING,SOL_COMPUTED,NARROW_INT,33,28,0.0379,0.0633,1.9,1314
gnss_raw.txt,2437,380444.000,FINESTEERING,SOL_COMPUTED,NARROW_INT,33,28,0.0298,0.0542,1.0,1314
gnss_raw.txt,2437,380444.100,FINESTEERING,SOL_COMPUTED,NARROW_INT,33,28,0.0305,0.0549,1.1,1314
gnss_raw.txt,2437,380444.200,FINESTEERING,SOL_COMPUTED,NARROW_INT,33,28,0.0315,0.0557,1.2,1314
gnss_raw.txt,2437,380444.300,FINESTEERING,SOL_COMPUTED,NARROW_INT,33,28,0.0336,0.0576,1.3,1314
gnss_raw.txt,2437,380444.400,FINESTEERING,SOL_COMPUTED,NARROW_INT,33,28,0.0345,0.0586,1.4,1314
gnss_raw.txt,2437,380444.500,FINESTEERING,SOL_COMPUTED,NARROW_INT,33,28,0.0354,0.0595,1.5,1314
gnss_raw.txt,2437,380444.600,FINESTEERING,SOL_COMPUTED,NARROW_INT,33,28,0.0366,0.0606,1.6,1314
gnss_raw.txt,2437,380444.700,FINESTEERING,SOL_COMPUTED,NARROW_INT,33,28,0.0374,0.0614,0.7,1314
gnss_raw.txt,2437,380444.800,FINESTEERING,SOL_COMPUTED,NARROW_INT,33,28,0.0387,0.0627,0.8,1314
gnss_raw.txt,2437,380444.900,FINESTEERING,SOL_COMPUTED,NARROW_INT,33,28,0.0399,0.064,0.9,1314
gnss_raw.txt,2437,380445.000,FINESTEERING,SOL_COMPUTED,NARROW_INT,33,28,0.0323,0.0667,1.0,1314
gnss_raw.txt,2437,380445.100,FINESTEERING,SOL_COMPUTED,NARROW_INT,33,28,0.0328,0.0673,1.1,1314
gnss_raw.txt,2437,380445.200,FINESTEERING,SOL_COMPUTED,NARROW_INT,33,28,0.0336,0.0681,1.2,1314
gnss_raw.txt,2437,380445.300,FINESTEERING,SOL_COMPUTED,NARROW_INT,33,28,0.0352,0.0693,1.3,1314
gnss_raw.txt,2437,380445.400,FINESTEERING,SOL_COMPUTED,NARROW_INT,33,28,0.0365,0.0703,1.4,1314
gnss_raw.txt,2437,380445.500,FINESTEERING,SOL_COMPUTED,NARROW_INT,33,28,0.0372,0.071,1.5,1314
gnss_raw.txt,2437,380445.600,FINESTEERING,SOL_COMPUTED,NARROW_INT,33,28,0.0385,0.072,1.6,1314
gnss_raw.txt,2437,380445.700,FINESTEERING,SOL_COMPUTED,NARROW_INT,33,28,0.0399,0.0731,1.7,1314
gnss_raw.txt,2437,380445.800,FINESTEERING,SOL_COMPUTED,NARROW_INT,33,28,0.0406,0.074,0.8,1314
gnss_raw.txt,2437,380445.900,FINESTEERING,SOL_COMPUTED,NARROW_INT,33,28,0.0416,0.0748,0.9,1314
gnss_raw.txt,2437,380446.000,FINESTEERING,SOL_COMPUTED,NARROW_INT,33,28,0.032,0.0685,1.0,1314
gnss_raw.txt,2437,380446.100,FINESTEERING,SOL_COMPUTED,NARROW_INT,33,28,0.0329,0.0693,1.1,1314
gnss_raw.txt,2437,380446.200,FINESTEERING,SOL_COMPUTED,NARROW_INT,33,28,0.0337,0.0699,1.2,1314
gnss_raw.txt,2437,380446.300,FINESTEERING,SOL_COMPUTED,NARROW_INT,33,28,0.0342,0.0705,1.3,1314
gnss_raw.txt,2437,380446.400,FINESTEERING,SOL_COMPUTED,NARROW_INT,33,28,0.0357,0.0715,1.4,1314
gnss_raw.txt,2437,380446.500,FINESTEERING,SOL_COMPUTED,NARROW_INT,33,28,0.0366,0.0722,1.5,1314
gnss_raw.txt,2437,380446.600,FINESTEERING,SOL_COMPUTED,NARROW_INT,32,27,0.0379,0.0732,1.6,1314
gnss_raw.txt,2437,380446.700,FINESTEERING,SOL_COMPUTED,NARROW_INT,32,27,0.039,0.0741,1.7,1314
gnss_raw.txt,2437,380446.800,FINESTEERING,SOL_COMPUTED,NARROW_INT,32,27,0.0405,0.0754,1.8,1314
gnss_raw.txt,2437,380446.900,FINESTEERING,SOL_COMPUTED,NARROW_INT,32,27,0.0413,0.0762,0.9,1314
gnss_raw.txt,2437,380447.000,FINESTEERING,SOL_COMPUTED,NARROW_INT,32,27,0.0327,0.0637,1.0,1314
gnss_raw.txt,2437,380447.100,FINESTEERING,SOL_COMPUTED,NARROW_INT,32,27,0.038,0.067,1.1,1314
gnss_raw.txt,2437,380447.200,FINESTEERING,SOL_COMPUTED,NARROW_INT,32,27,0.0389,0.0678,1.2,1314
gnss_raw.txt,2437,380447.300,FINESTEERING,SOL_COMPUTED,NARROW_INT,32,27,0.04,0.0688,1.3,1314
gnss_raw.txt,2437,380447.400,FINESTEERING,SOL_COMPUTED,NARROW_INT,32,27,0.0409,0.0695,1.4,1314
gnss_raw.txt,2437,380447.500,FINESTEERING,SOL_COMPUTED,NARROW_INT,32,27,0.0417,0.0702,1.5,1314
gnss_raw.txt,2437,380447.600,FINESTEERING,SOL_COMPUTED,NARROW_INT,32,27,0.0426,0.071,1.6,1314
gnss_raw.txt,2437,380447.700,FINESTEERING,SOL_COMPUTED,NARROW_INT,31,27,0.0431,0.0716,1.7,1314
gnss_raw.txt,2437,380447.800,FINESTEERING,SOL_COMPUTED,NARROW_INT,31,27,0.0443,0.0725,1.8,1314
gnss_raw.txt,2437,380447.900,FINESTEERING,SOL_COMPUTED,NARROW_INT,31,27,0.0452,0.0734,1.9,1314
gnss_raw.txt,2437,380448.000,FINESTEERING,SOL_COMPUTED,NARROW_INT,31,27,0.037,0.0678,1.0,1314
gnss_raw.txt,2437,380448.100,FINESTEERING,SOL_COMPUTED,NARROW_INT,31,27,0.0391,0.0694,1.1,1314
gnss_raw.txt,2437,380448.200,FINESTEERING,SOL_COMPUTED,NARROW_INT,31,27,0.0397,0.07,1.2,1314
gnss_raw.txt,2437,380448.300,FINESTEERING,SOL_COMPUTED,NARROW_INT,31,27,0.0407,0.0709,1.3,1314
gnss_raw.txt,2437,380448.400,FINESTEERING,SOL_COMPUTED,NARROW_INT,31,27,0.0421,0.0721,1.4,1314
gnss_raw.txt,2437,380448.500,FINESTEERING,SOL_COMPUTED,NARROW_INT,31,27,0.043,0.073,1.5,1314
gnss_raw.txt,2437,380448.600,FINESTEERING,SOL_COMPUTED,NARROW_INT,31,27,0.0457,0.0753,1.6,1314
gnss_raw.txt,2437,380448.700,FINESTEERING,SOL_COMPUTED,NARROW_INT,32,28,0.0475,0.0772,1.7,1314
gnss_raw.txt,2437,380448.800,FINESTEERING,SOL_COMPUTED,NARROW_INT,31,27,0.0485,0.0783,1.8,1314
gnss_raw.txt,2437,380448.900,FINESTEERING,SOL_COMPUTED,NARROW_INT,31,27,0.0512,0.0807,1.9,1314
gnss_raw.txt,2437,380449.000,FINESTEERING,SOL_COMPUTED,NARROW_INT,31,27,0.0405,0.0715,1.0,1314
gnss_raw.txt,2437,380449.100,FINESTEERING,SOL_COMPUTED,NARROW_INT,31,27,0.0414,0.0723,1.1,1314
gnss_raw.txt,2437,380449.200,FINESTEERING,SOL_COMPUTED,NARROW_INT,31,27,0.0431,0.0737,1.2,1314
gnss_raw.txt,2437,380449.300,FINESTEERING,SOL_COMPUTED,NARROW_INT,31,27,0.0451,0.0752,1.3,1314
gnss_raw.txt,2437,380449.400,FINESTEERING,SOL_COMPUTED,NARROW_INT,31,27,0.0464,0.0764,1.4,1314
gnss_raw.txt,2437,380449.500,FINESTEERING,SOL_COMPUTED,NARROW_INT,31,27,0.0477,0.0774,1.5,1314
gnss_raw.txt,2437,380449.600,FINESTEERING,SOL_COMPUTED,NARROW_INT,31,27,0.0489,0.0785,1.6,1314
gnss_raw.txt,2437,380449.700,FINESTEERING,SOL_COMPUTED,NARROW_INT,31,27,0.0499,0.0795,1.7,1314
gnss_raw.txt,2437,380449.800,FINESTEERING,SOL_COMPUTED,NARROW_INT,31,27,0.0514,0.0809,1.8,1314
gnss_raw.txt,2437,380449.900,FINESTEERING,SOL_COMPUTED,NARROW_INT,31,27,0.0534,0.0825,0.9,1314
gnss_raw.txt,2437,380450.000,FINESTEERING,SOL_COMPUTED,NARROW_INT,31,27,0.0414,0.0786,1.0,1314
gnss_raw.txt,2437,380450.100,FINESTEERING,SOL_COMPUTED,NARROW_INT,31,27,0.0442,0.0806,1.1,1314
gnss_raw.txt,2437,380450.200,FINESTEERING,SOL_COMPUTED,NARROW_INT,31,27,0.0463,0.0822,1.2,1314
gnss_raw.txt,2437,380450.300,FINESTEERING,SOL_COMPUTED,NARROW_INT,31,27,0.0485,0.0838,1.3,1314
gnss_raw.txt,2437,380450.400,FINESTEERING,SOL_COMPUTED,NARROW_INT,31,27,0.051,0.0858,1.4,1314
gnss_raw.txt,2437,380450.500,FINESTEERING,SOL_COMPUTED,NARROW_INT,31,27,0.0526,0.0871,1.5,1314
gnss_raw.txt,2437,380450.600,FINESTEERING,SOL_COMPUTED,NARROW_INT,31,27,0.0549,0.089,1.6,1314
gnss_raw.txt,2437,380450.700,FINESTEERING,SOL_COMPUTED,NARROW_INT,31,27,0.0563,0.0902,1.7,1314
gnss_raw.txt,2437,380450.800,FINESTEERING,SOL_COMPUTED,NARROW_INT,31,27,0.058,0.0917,1.8,1314
gnss_raw.txt,2437,380450.900,FINESTEERING,SOL_COMPUTED,NARROW_INT,30,27,0.059,0.0928,1.9,1314
gnss_raw.txt,2437,380451.000,FINESTEERING,SOL_COMPUTED,NARROW_INT,30,27,0.0487,0.0886,1.0,1314
gnss_raw.txt,2437,380451.100,FINESTEERING,SOL_COMPUTED,NARROW_INT,30,27,0.0505,0.0901,1.1,1314
gnss_raw.txt,2437,380451.200,FINESTEERING,SOL_COMPUTED,NARROW_INT,30,27,0.0513,0.091,1.2,1314
gnss_raw.txt,2437,380451.300,FINESTEERING,SOL_COMPUTED,NARROW_INT,31,27,0.0526,0.0923,1.3,1314
gnss_raw.txt,2437,380451.400,FINESTEERING,SOL_COMPUTED,NARROW_INT,31,27,0.054,0.0937,1.4,1314
gnss_raw.txt,2437,380451.500,FINESTEERING,SOL_COMPUTED,NARROW_INT,32,28,0.0556,0.0952,1.5,1314
gnss_raw.txt,2437,380451.600,FINESTEERING,SOL_COMPUTED,NARROW_INT,32,28,0.0569,0.0964,1.6,1314
gnss_raw.txt,2437,380451.700,FINESTEERING,SOL_COMPUTED,NARROW_INT,33,28,0.0587,0.0977,1.7,1314
gnss_raw.txt,2437,380451.800,FINESTEERING,SOL_COMPUTED,NARROW_INT,33,28,0.0598,0.0989,1.8,1314
gnss_raw.txt,2437,380451.900,FINESTEERING,SOL_COMPUTED,NARROW_INT,33,28,0.0615,0.1003,1.9,1314
gnss_raw.txt,2437,380452.000,FINESTEERING,SOL_COMPUTED,NARROW_INT,33,28,0.0434,0.0851,1.0,1314
gnss_raw.txt,2437,380452.100,FINESTEERING,SOL_COMPUTED,NARROW_INT,33,28,0.0451,0.0864,1.1,1314
gnss_raw.txt,2437,380452.200,FINESTEERING,SOL_COMPUTED,NARROW_INT,33,28,0.0476,0.0881,1.2,1314
gnss_raw.txt,2437,380452.300,FINESTEERING,SOL_COMPUTED,NARROW_INT,33,28,0.0489,0.0891,1.3,1314
gnss_raw.txt,2437,380452.400,FINESTEERING,SOL_COMPUTED,NARROW_INT,33,28,0.0512,0.0909,1.4,1314
gnss_raw.txt,2437,380452.500,FINESTEERING,SOL_COMPUTED,NARROW_INT,33,28,0.0532,0.0924,1.5,1314
gnss_raw.txt,2437,380452.600,FINESTEERING,SOL_COMPUTED,NARROW_INT,33,28,0.0548,0.0937,1.6,1314
gnss_raw.txt,2437,380452.700,FINESTEERING,SOL_COMPUTED,NARROW_INT,33,28,0.0561,0.0948,1.7,1314
gnss_raw.txt,2437,380452.800,FINESTEERING,SOL_COMPUTED,NARROW_INT,33,28,0.0582,0.0964,0.8,1314
gnss_raw.txt,2437,380452.900,FINESTEERING,SOL_COMPUTED,NARROW_INT,33,28,0.0589,0.0972,0.9,1314
gnss_raw.txt,2437,380453.000,FINESTEERING,SOL_COMPUTED,NARROW_INT,33,28,0.0449,0.0724,1.0,1314
gnss_raw.txt,2437,380453.100,FINESTEERING,SOL_COMPUTED,NARROW_INT,33,28,0.0465,0.0739,1.1,1314
gnss_raw.txt,2437,380453.200,FINESTEERING,SOL_COMPUTED,NARROW_INT,33,28,0.0489,0.0759,1.2,1314
gnss_raw.txt,2437,380453.300,FINESTEERING,SOL_COMPUTED,NARROW_INT,33,28,0.05,0.0771,1.3,1314
gnss_raw.txt,2437,380453.400,FINESTEERING,SOL_COMPUTED,NARROW_INT,33,28,0.0509,0.0781,1.4,1314
gnss_raw.txt,2437,380453.500,FINESTEERING,SOL_COMPUTED,NARROW_INT,32,28,0.0521,0.0795,1.5,1314
gnss_raw.txt,2437,380453.600,FINESTEERING,SOL_COMPUTED,NARROW_INT,32,28,0.0537,0.0808,1.6,1314
gnss_raw.txt,2437,380453.700,FINESTEERING,SOL_COMPUTED,NARROW_INT,32,28,0.0551,0.0825,0.7,1314
gnss_raw.txt,2437,380453.800,FINESTEERING,SOL_COMPUTED,NARROW_INT,32,28,0.0562,0.0838,0.8,1314
gnss_raw.txt,2437,380453.900,FINESTEERING,SOL_COMPUTED,NARROW_INT,32,28,0.0575,0.0851,0.9,1314
gnss_raw.txt,2437,380454.000,FINESTEERING,SOL_COMPUTED,NARROW_INT,32,28,0.0427,0.0783,1.0,1314
gnss_raw.txt,2437,380454.100,FINESTEERING,SOL_COMPUTED,NARROW_INT,32,28,0.0452,0.0801,1.1,1314
gnss_raw.txt,2437,380454.200,FINESTEERING,SOL_COMPUTED,NARROW_INT,33,29,0.0474,0.0819,1.2,1314
gnss_raw.txt,2437,380454.300,FINESTEERING,SOL_COMPUTED,NARROW_INT,33,29,0.0489,0.0834,1.3,1314
gnss_raw.txt,2437,380454.400,FINESTEERING,SOL_COMPUTED,NARROW_INT,33,29,0.0511,0.0851,1.4,1314
gnss_raw.txt,2437,380454.500,FINESTEERING,SOL_COMPUTED,NARROW_INT,33,29,0.0536,0.0873,1.5,1314
gnss_raw.txt,2437,380454.600,FINESTEERING,SOL_COMPUTED,NARROW_INT,33,29,0.0554,0.0891,1.6,1314
gnss_raw.txt,2437,380454.700,FINESTEERING,SOL_COMPUTED,NARROW_INT,33,29,0.0564,0.0905,1.7,1314
gnss_raw.txt,2437,380454.800,FINESTEERING,SOL_COMPUTED,NARROW_INT,33,29,0.059,0.0925,1.8,1314
gnss_raw.txt,2437,380454.900,FINESTEERING,SOL_COMPUTED,NARROW_INT,32,29,0.0612,0.0943,0.9,1314
gnss_raw.txt,2437,380455.000,FINESTEERING,SOL_COMPUTED,NARROW_INT,33,29,0.0498,0.0869,1.0,1314
gnss_raw.txt,2437,380455.100,FINESTEERING,SOL_COMPUTED,NARROW_INT,33,29,0.0517,0.0884,1.1,1314
gnss_raw.txt,2437,380455.200,FINESTEERING,SOL_COMPUTED,NARROW_INT,32,29,0.053,0.0895,1.2,1314
gnss_raw.txt,2437,380455.300,FINESTEERING,SOL_COMPUTED,NARROW_INT,32,29,0.0553,0.0913,1.3,1314
gnss_raw.txt,2437,380455.400,FINESTEERING,SOL_COMPUTED,NARROW_INT,32,29,0.0562,0.0923,1.4,1314
gnss_raw.txt,2437,380455.500,FINESTEERING,SOL_COMPUTED,NARROW_INT,32,29,0.0575,0.0935,1.5,1314
gnss_raw.txt,2437,380455.600,FINESTEERING,SOL_COMPUTED,NARROW_INT,32,29,0.0584,0.0944,1.6,1314
gnss_raw.txt,2437,380455.700,FINESTEERING,SOL_COMPUTED,NARROW_INT,32,29,0.0593,0.0952,1.7,1314
gnss_raw.txt,2437,380455.800,FINESTEERING,SOL_COMPUTED,NARROW_INT,32,29,0.0608,0.0964,1.8,1314
gnss_raw.txt,2437,380455.900,FINESTEERING,SOL_COMPUTED,NARROW_INT,32,29,0.0619,0.0975,0.9,1314
gnss_raw.txt,2437,380456.000,FINESTEERING,SOL_COMPUTED,NARROW_INT,32,29,0.063,0.0986,1.0,1314
gnss_raw.txt,2437,380456.100,FINESTEERING,SOL_COMPUTED,NARROW_INT,32,29,0.0649,0.1003,1.1,1314
gnss_raw.txt,2437,380456.200,FINESTEERING,SOL_COMPUTED,NARROW_INT,32,29,0.0661,0.1014,1.2,1314
gnss_raw.txt,2437,380456.300,FINESTEERING,SOL_COMPUTED,NARROW_INT,32,29,0.0678,0.1029,1.3,1314
gnss_raw.txt,2437,380456.400,FINESTEERING,SOL_COMPUTED,NARROW_INT,33,30,0.0691,0.104,1.4,1314
gnss_raw.txt,2437,380456.500,FINESTEERING,SOL_COMPUTED,NARROW_INT,33,30,0.0699,0.1048,1.5,1314
gnss_raw.txt,2437,380456.600,FINESTEERING,SOL_COMPUTED,NARROW_INT,33,30,0.0712,0.106,1.6,1314
gnss_raw.txt,2437,380456.700,FINESTEERING,SOL_COMPUTED,NARROW_INT,33,30,0.0724,0.1073,1.7,1314
gnss_raw.txt,2437,380456.800,FINESTEERING,SOL_COMPUTED,NARROW_INT,33,30,0.0731,0.1084,0.8,1314
gnss_raw.txt,2437,380456.900,FINESTEERING,SOL_COMPUTED,NARROW_INT,33,30,0.074,0.1094,0.9,1314
gnss_raw.txt,2437,380457.000,FINESTEERING,SOL_COMPUTED,NARROW_INT,33,30,0.0751,0.1107,1.0,1314
gnss_raw.txt,2437,380457.100,FINESTEERING,SOL_COMPUTED,NARROW_INT,33,30,0.0758,0.1117,1.1,1314
gnss_raw.txt,2437,380457.200,FINESTEERING,SOL_COMPUTED,NARROW_INT,33,30,0.077,0.1128,1.2,1314
gnss_raw.txt,2437,380457.300,FINESTEERING,SOL_COMPUTED,NARROW_INT,33,30,0.0779,0.1136,1.3,1314
gnss_raw.txt,2437,380457.400,FINESTEERING,SOL_COMPUTED,NARROW_INT,33,30,0.0793,0.1149,1.4,1314
gnss_raw.txt,2437,380457.500,FINESTEERING,SOL_COMPUTED,NARROW_INT,33,30,0.0804,0.1159,1.5,1314
gnss_raw.txt,2437,380457.600,FINESTEERING,SOL_COMPUTED,NARROW_INT,33,30,0.0815,0.1171,1.6,1314
gnss_raw.txt,2437,380457.700,FINESTEERING,SOL_COMPUTED,NARROW_INT,32,29,0.082,0.1178,1.7,1314
gnss_raw.txt,2437,380457.800,FINESTEERING,SOL_COMPUTED,NARROW_INT,32,29,0.083,0.1188,0.8,1314
gnss_raw.txt,2437,380457.900,FINESTEERING,SOL_COMPUTED,NARROW_INT,32,29,0.0844,0.1201,0.9,1314
gnss_raw.txt,2437,380458.000,FINESTEERING,SOL_COMPUTED,NARROW_INT,32,29,0.085,0.1208,1.0,1314
gnss_raw.txt,2437,380458.100,FINESTEERING,SOL_COMPUTED,NARROW_FLOAT,32,29,1.4108,2.2922,1.1,1314
gnss_raw.txt,2437,380458.200,FINESTEERING,SOL_COMPUTED,NARROW_FLOAT,32,29,1.4109,2.2922,1.2,1314
gnss_raw.txt,2437,380458.300,FINESTEERING,SOL_COMPUTED,NARROW_FLOAT,31,29,1.4109,2.2923,1.3,1314
gnss_raw.txt,2437,380458.400,FINESTEERING,SOL_COMPUTED,NARROW_FLOAT,30,28,1.411,2.2923,1.4,1314
gnss_raw.txt,2437,380458.500,FINESTEERING,SOL_COMPUTED,NARROW_FLOAT,30,28,1.411,2.2923,1.5,1314
gnss_raw.txt,2437,380458.600,FINESTEERING,SOL_COMPUTED,NARROW_FLOAT,30,28,1.4111,2.2924,1.6,1314
gnss_raw.txt,2437,380458.700,FINESTEERING,SOL_COMPUTED,NARROW_FLOAT,30,28,1.4111,2.2924,1.7,1314
gnss_raw.txt,2437,380458.800,FINESTEERING,SOL_COMPUTED,NARROW_FLOAT,30,28,1.4111,2.2924,1.8,1314
gnss_raw.txt,2437,380458.900,FINESTEERING,SOL_COMPUTED,NARROW_FLOAT,30,28,1.4112,2.2925,0.9,1314
gnss_raw.txt,2437,380459.000,FINESTEERING,SOL_COMPUTED,NARROW_FLOAT,31,29,1.9309,3.5208,1.0,1314
gnss_raw.txt,2437,380459.100,FINESTEERING,SOL_COMPUTED,NARROW_FLOAT,31,29,1.9309,3.5208,1.1,1314
gnss_raw.txt,2437,380459.200,FINESTEERING,SOL_COMPUTED,NARROW_FLOAT,31,29,1.9309,3.5208,1.2,1314
gnss_raw.txt,2437,380459.300,FINESTEERING,SOL_COMPUTED,NARROW_FLOAT,31,29,1.931,3.5209,1.3,1314
gnss_raw.txt,2437,380459.400,FINESTEERING,SOL_COMPUTED,NARROW_FLOAT,31,29,1.931,3.5209,1.4,1314
gnss_raw.txt,2437,380459.500,FINESTEERING,SOL_COMPUTED,NARROW_FLOAT,31,29,1.931,3.5209,1.5,1314
gnss_raw.txt,2437,380459.600,FINESTEERING,SOL_COMPUTED,NARROW_FLOAT,31,29,1.931,3.5209,1.6,1314
gnss_raw.txt,2437,380459.700,FINESTEERING,SOL_COMPUTED,NARROW_FLOAT,31,29,1.9311,3.521,0.7,1314
gnss_raw.txt,2437,380459.800,FINESTEERING,SOL_COMPUTED,NARROW_FLOAT,31,29,1.9311,3.521,0.8,1314
gnss_raw.txt,2437,380459.900,FINESTEERING,SOL_COMPUTED,NARROW_FLOAT,31,29,1.9312,3.521,0.9,1314
gnss_raw.txt,2437,380460.000,FINESTEERING,SOL_COMPUTED,NARROW_FLOAT,31,29,2.0797,4.4154,1.0,1314
gnss_raw.txt,2437,380460.100,FINESTEERING,SOL_COMPUTED,NARROW_FLOAT,31,29,2.0797,4.4154,1.1,1314
gnss_raw.txt,2437,380460.200,FINESTEERING,SOL_COMPUTED,NARROW_FLOAT,31,29,2.0798,4.4154,1.2,1314
gnss_raw.txt,2437,380460.300,FINESTEERING,SOL_COMPUTED,NARROW_FLOAT,31,29,2.0798,4.4154,1.3,1314
gnss_raw.txt,2437,380460.400,FINESTEERING,SOL_COMPUTED,NARROW_FLOAT,31,29,2.0799,4.4155,1.4,1314
gnss_raw.txt,2437,380460.500,FINESTEERING,SOL_COMPUTED,NARROW_FLOAT,31,29,2.0799,4.4155,1.5,1314
gnss_raw.txt,2437,380460.600,FINESTEERING,SOL_COMPUTED,NARROW_FLOAT,31,29,2.08,4.4156,1.6,1314
gnss_raw.txt,2437,380460.700,FINESTEERING,SOL_COMPUTED,NARROW_FLOAT,31,29,2.08,4.4156,1.7,1314
gnss_raw.txt,2437,380460.800,FINESTEERING,SOL_COMPUTED,NARROW_FLOAT,31,29,2.0801,4.4156,0.8,1314
gnss_raw.txt,2437,380460.900,FINESTEERING,SOL_COMPUTED,NARROW_FLOAT,31,29,2.0801,4.4156,0.9,1314
gnss_raw.txt,2437,380461.000,FINESTEERING,SOL_COMPUTED,NARROW_FLOAT,31,29,1.8747,3.6615,1.0,1314
gnss_raw.txt,2437,380461.100,FINESTEERING,SOL_COMPUTED,NARROW_FLOAT,31,29,1.8748,3.6615,1.1,1314
gnss_raw.txt,2437,380461.200,FINESTEERING,SOL_COMPUTED,NARROW_FLOAT,31,29,1.8748,3.6615,1.2,1314
gnss_raw.txt,2437,380461.300,FINESTEERING,SOL_COMPUTED,NARROW_FLOAT,31,29,1.8748,3.6616,1.3,1314
gnss_raw.txt,2437,380461.400,FINESTEERING,SOL_COMPUTED,NARROW_FLOAT,31,29,1.8749,3.6616,1.4,1314
gnss_raw.txt,2437,380461.500,FINESTEERING,SOL_COMPUTED,NARROW_FLOAT,31,29,1.8749,3.6616,1.5,1314
gnss_raw.txt,2437,380461.600,FINESTEERING,SOL_COMPUTED,NARROW_FLOAT,30,28,1.8749,3.6616,1.6,1314
gnss_raw.txt,2437,380461.700,FINESTEERING,SOL_COMPUTED,NARROW_FLOAT,30,28,1.8749,3.6617,1.7,1314
gnss_raw.txt,2437,380461.800,FINESTEERING,SOL_COMPUTED,NARROW_FLOAT,30,28,1.8749,3.6617,1.8,1314
gnss_raw.txt,2437,380461.900,FINESTEERING,SOL_COMPUTED,NARROW_FLOAT,30,28,1.875,3.6617,0.9,1314
gnss_raw.txt,2437,380462.000,FINESTEERING,SOL_COMPUTED,NARROW_FLOAT,30,28,2.45,4.4756,1.0,1314
gnss_raw.txt,2437,380462.100,FINESTEERING,SOL_COMPUTED,NARROW_FLOAT,30,28,2.45,4.4756,1.1,1314
gnss_raw.txt,2437,380462.200,FINESTEERING,SOL_COMPUTED,NARROW_FLOAT,30,28,2.45,4.4756,1.2,1314
gnss_raw.txt,2437,380462.300,FINESTEERING,SOL_COMPUTED,NARROW_FLOAT,31,28,2.4501,4.4756,1.3,1314
gnss_raw.txt,2437,380462.400,FINESTEERING,SOL_COMPUTED,NARROW_FLOAT,31,28,2.4501,4.4756,1.4,1314
gnss_raw.txt,2437,380462.500,FINESTEERING,SOL_COMPUTED,NARROW_FLOAT,31,28,2.4501,4.4757,1.5,1314
gnss_raw.txt,2437,380462.600,FINESTEERING,SOL_COMPUTED,NARROW_FLOAT,31,28,2.4502,4.4757,1.6,1314
gnss_raw.txt,2437,380462.700,FINESTEERING,SOL_COMPUTED,NARROW_FLOAT,31,28,2.4502,4.4757,1.7,1314
gnss_raw.txt,2437,380462.800,FINESTEERING,SOL_COMPUTED,NARROW_FLOAT,31,28,2.4502,4.4757,0.8,1314
gnss_raw.txt,2437,380462.900,FINESTEERING,SOL_COMPUTED,NARROW_FLOAT,31,28,2.4502,4.4757,0.9,1314
gnss_raw.txt,2437,380463.000,FINESTEERING,SOL_COMPUTED,NARROW_FLOAT,31,28,2.5315,3.9415,1.0,1314
gnss_raw.txt,2437,380463.100,FINESTEERING,SOL_COMPUTED,NARROW_FLOAT,31,28,2.5316,3.9415,1.1,1314
gnss_raw.txt,2437,380463.200,FINESTEERING,SOL_COMPUTED,NARROW_FLOAT,31,28,2.5316,3.9415,1.2,1314
gnss_raw.txt,2437,380463.300,FINESTEERING,SOL_COMPUTED,NARROW_FLOAT,31,28,2.5316,3.9416,1.3,1314
gnss_raw.txt,2437,380463.400,FINESTEERING,SOL_COMPUTED,NARROW_FLOAT,31,28,2.5316,3.9416,1.4,1314
gnss_raw.txt,2437,380463.500,FINESTEERING,SOL_COMPUTED,NARROW_FLOAT,31,28,2.5317,3.9416,1.5,1314
gnss_raw.txt,2437,380463.600,FINESTEERING,SOL_COMPUTED,NARROW_FLOAT,31,28,2.5317,3.9416,1.6,1314
gnss_raw.txt,2437,380463.700,FINESTEERING,SOL_COMPUTED,NARROW_FLOAT,31,28,2.5317,3.9417,1.7,1314
gnss_raw.txt,2437,380463.800,FINESTEERING,SOL_COMPUTED,NARROW_FLOAT,31,28,2.5318,3.9417,1.8,1314
gnss_raw.txt,2437,380463.900,FINESTEERING,SOL_COMPUTED,NARROW_FLOAT,31,28,2.5318,3.9417,0.9,1314
gnss_raw.txt,2437,380464.000,FINESTEERING,SOL_COMPUTED,NARROW_FLOAT,31,28,2.3744,3.6337,1.0,1314
gnss_raw.txt,2437,380464.100,FINESTEERING,SOL_COMPUTED,NARROW_FLOAT,31,28,2.3744,3.6338,1.1,1314
gnss_raw.txt,2437,380464.200,FINESTEERING,SOL_COMPUTED,NARROW_FLOAT,31,28,2.3745,3.6338,1.2,1314
gnss_raw.txt,2437,380464.300,FINESTEERING,SOL_COMPUTED,NARROW_FLOAT,31,28,2.3745,3.6338,1.3,1314
gnss_raw.txt,2437,380464.400,FINESTEERING,SOL_COMPUTED,NARROW_FLOAT,31,28,2.3745,3.6339,1.4,1314
gnss_raw.txt,2437,380464.500,FINESTEERING,SOL_COMPUTED,NARROW_FLOAT,31,28,2.3746,3.6339,1.5,1314
gnss_raw.txt,2437,380464.600,FINESTEERING,SOL_COMPUTED,NARROW_FLOAT,31,28,2.3746,3.634,1.6,1314
gnss_raw.txt,2437,380464.700,FINESTEERING,SOL_COMPUTED,NARROW_FLOAT,31,28,2.3746,3.634,1.7,1314
gnss_raw.txt,2437,380464.800,FINESTEERING,SOL_COMPUTED,NARROW_FLOAT,31,28,2.3747,3.634,1.8,1314
gnss_raw.txt,2437,380464.900,FINESTEERING,SOL_COMPUTED,NARROW_FLOAT,31,28,2.3747,3.6341,1.9,1314
gnss_raw.txt,2437,380465.000,FINESTEERING,SOL_COMPUTED,NARROW_FLOAT,31,28,2.7063,2.7383,1.0,1314
gnss_raw.txt,2437,380465.100,FINESTEERING,SOL_COMPUTED,NARROW_FLOAT,31,28,2.7063,2.7384,1.1,1314
gnss_raw.txt,2437,380465.200,FINESTEERING,SOL_COMPUTED,NARROW_FLOAT,31,28,2.7064,2.7384,1.2,1314
gnss_raw.txt,2437,380465.300,FINESTEERING,SOL_COMPUTED,NARROW_FLOAT,31,28,2.7064,2.7385,1.3,1314
gnss_raw.txt,2437,380465.400,FINESTEERING,SOL_COMPUTED,NARROW_FLOAT,31,28,2.7065,2.7386,1.4,1314
gnss_raw.txt,2437,380465.500,FINESTEERING,SOL_COMPUTED,NARROW_FLOAT,31,28,2.7065,2.7387,1.5,1314
gnss_raw.txt,2437,380465.600,FINESTEERING,SOL_COMPUTED,NARROW_FLOAT,31,28,2.7065,2.7387,1.6,1314
gnss_raw.txt,2437,380465.700,FINESTEERING,SOL_COMPUTED,NARROW_FLOAT,31,28,2.7066,2.7387,1.7,1314
gnss_raw.txt,2437,380465.800,FINESTEERING,SOL_COMPUTED,NARROW_FLOAT,31,28,2.7066,2.7388,1.8,1314
gnss_raw.txt,2437,380465.900,FINESTEERING,SOL_COMPUTED,NARROW_FLOAT,32,29,2.7066,2.7388,0.9,1314
gnss_raw.txt,2437,380466.000,FINESTEERING,SOL_COMPUTED,NARROW_FLOAT,32,29,3.0201,4.5035,1.0,1314
gnss_raw.txt,2437,380466.100,FINESTEERING,SOL_COMPUTED,NARROW_FLOAT,32,29,3.0201,4.5036,1.1,1314
gnss_raw.txt,2437,380466.200,FINESTEERING,SOL_COMPUTED,NARROW_FLOAT,32,29,3.0201,4.5036,1.2,1314
gnss_raw.txt,2437,380466.300,FINESTEERING,SOL_COMPUTED,NARROW_FLOAT,32,29,3.0201,4.5036,1.3,1314
gnss_raw.txt,2437,380466.400,FINESTEERING,SOL_COMPUTED,NARROW_FLOAT,32,29,3.0202,4.5036,1.4,1314
gnss_raw.txt,2437,380466.500,FINESTEERING,SOL_COMPUTED,NARROW_FLOAT,32,29,3.0202,4.5036,1.5,1314
gnss_raw.txt,2437,380466.600,FINESTEERING,SOL_COMPUTED,NARROW_FLOAT,32,29,3.0202,4.5037,1.6,1314
gnss_raw.txt,2437,380466.700,FINESTEERING,SOL_COMPUTED,NARROW_FLOAT,32,29,3.0202,4.5037,1.7,1314
gnss_raw.txt,2437,380466.800,FINESTEERING,SOL_COMPUTED,NARROW_FLOAT,32,29,3.0202,4.5037,1.8,1314
gnss_raw.txt,2437,380466.900,FINESTEERING,SOL_COMPUTED,NARROW_FLOAT,31,28,3.0202,4.5037,0.9,1314
gnss_raw.txt,2437,380467.000,FINESTEERING,SOL_COMPUTED,NARROW_FLOAT,31,28,2.0482,3.4501,1.0,1314
gnss_raw.txt,2437,380467.100,FINESTEERING,SOL_COMPUTED,NARROW_FLOAT,30,27,2.0483,3.4501,1.1,1314
gnss_raw.txt,2437,380467.200,FINESTEERING,SOL_COMPUTED,NARROW_FLOAT,30,27,2.0483,3.4501,1.2,1314
gnss_raw.txt,2437,380467.300,FINESTEERING,SOL_COMPUTED,NARROW_FLOAT,30,27,2.0483,3.4501,1.3,1314
gnss_raw.txt,2437,380467.400,FINESTEERING,SOL_COMPUTED,NARROW_FLOAT,30,27,2.0484,3.4502,1.4,1314
gnss_raw.txt,2437,380467.500,FINESTEERING,SOL_COMPUTED,NARROW_FLOAT,30,27,2.0484,3.4502,1.5,1314
gnss_raw.txt,2437,380467.600,FINESTEERING,SOL_COMPUTED,NARROW_FLOAT,30,27,2.0484,3.4503,1.6,1314
gnss_raw.txt,2437,380467.700,FINESTEERING,SOL_COMPUTED,NARROW_FLOAT,31,28,2.0485,3.4503,1.7,1314
gnss_raw.txt,2437,380467.800,FINESTEERING,SOL_COMPUTED,NARROW_FLOAT,31,28,2.0486,3.4503,1.8,1314
gnss_raw.txt,2437,380467.900,FINESTEERING,SOL_COMPUTED,NARROW_FLOAT,31,28,2.0486,3.4504,1.9,1314
gnss_raw.txt,2437,380468.000,FINESTEERING,SOL_COMPUTED,NARROW_FLOAT,31,28,2.74,4.5364,1.0,1314
gnss_raw.txt,2437,380468.100,FINESTEERING,SOL_COMPUTED,NARROW_FLOAT,31,28,2.7401,4.5364,1.1,1314
gnss_raw.txt,2437,380468.200,FINESTEERING,SOL_COMPUTED,NARROW_FLOAT,31,28,2.7401,4.5364,1.2,1314
gnss_raw.txt,2437,380468.300,FINESTEERING,SOL_COMPUTED,NARROW_FLOAT,31,28,2.7401,4.5365,1.3,1314
gnss_raw.txt,2437,380468.400,FINESTEERING,SOL_COMPUTED,NARROW_FLOAT,31,28,2.7401,4.5365,1.4,1314
gnss_raw.txt,2437,380468.500,FINESTEERING,SOL_COMPUTED,NARROW_FLOAT,31,28,2.7401,4.5365,1.5,1314
gnss_raw.txt,2437,380468.600,FINESTEERING,SOL_COMPUTED,NARROW_FLOAT,30,27,2.7401,4.5365,1.6,1314
gnss_raw.txt,2437,380468.700,FINESTEERING,SOL_COMPUTED,NARROW_FLOAT,30,27,2.7401,4.5365,1.7,1314
gnss_raw.txt,2437,380468.800,FINESTEERING,SOL_COMPUTED,NARROW_FLOAT,30,27,2.7401,4.5365,0.8,1314
gnss_raw.txt,2437,380468.900,FINESTEERING,SOL_COMPUTED,NARROW_FLOAT,30,27,2.7402,4.5366,0.9,1314
gnss_raw.txt,2437,380469.000,FINESTEERING,SOL_COMPUTED,NARROW_FLOAT,30,27,4.9674,8.174,1.0,1314
gnss_raw.txt,2437,380469.100,FINESTEERING,SOL_COMPUTED,NARROW_FLOAT,30,27,4.9674,8.174,1.1,1314
gnss_raw.txt,2437,380469.200,FINESTEERING,SOL_COMPUTED,NARROW_FLOAT,30,27,4.9675,8.174,1.2,1314
gnss_raw.txt,2437,380469.300,FINESTEERING,SOL_COMPUTED,NARROW_FLOAT,30,27,4.9675,8.1741,1.3,1314
gnss_raw.txt,2437,380469.400,FINESTEERING,SOL_COMPUTED,NARROW_FLOAT,30,27,4.9675,8.1741,1.4,1314
gnss_raw.txt,2437,380469.500,FINESTEERING,SOL_COMPUTED,NARROW_FLOAT,30,27,4.9675,8.1741,1.5,1314
gnss_raw.txt,2437,380469.600,FINESTEERING,SOL_COMPUTED,NARROW_FLOAT,30,27,4.9675,8.1741,1.6,1314
gnss_raw.txt,2437,380469.700,FINESTEERING,SOL_COMPUTED,NARROW_FLOAT,30,27,4.9675,8.1741,1.7,1314
gnss_raw.txt,2437,380469.800,FINESTEERING,SOL_COMPUTED,NARROW_FLOAT,30,27,4.9675,8.1741,1.8,1314
gnss_raw.txt,2437,380469.900,FINESTEERING,SOL_COMPUTED,NARROW_FLOAT,30,27,4.9675,8.1741,0.9,1314
gnss_raw.txt,2437,380470.000,FINESTEERING,SOL_COMPUTED,NARROW_FLOAT,30,27,3.1965,5.124,1.0,1314
gnss_raw.txt,2437,380470.100,FINESTEERING,SOL_COMPUTED,NARROW_FLOAT,30,27,3.1965,5.124,1.1,1314
gnss_raw.txt,2437,380470.200,FINESTEERING,SOL_COMPUTED,NARROW_FLOAT,30,27,3.1965,5.124,1.2,1314
gnss_raw.txt,2437,380470.300,FINESTEERING,SOL_COMPUTED,NARROW_FLOAT,30,27,3.1965,5.124,1.3,1314
gnss_raw.txt,2437,380470.400,FINESTEERING,SOL_COMPUTED,NARROW_FLOAT,30,27,3.1965,5.1241,1.4,1314
gnss_raw.txt,2437,380470.500,FINESTEERING,SOL_COMPUTED,NARROW_FLOAT,30,27,3.1966,5.1241,1.5,1314
gnss_raw.txt,2437,380470.600,FINESTEERING,SOL_COMPUTED,NARROW_FLOAT,30,27,3.1966,5.1241,1.6,1314
gnss_raw.txt,2437,380470.700,FINESTEERING,SOL_COMPUTED,NARROW_FLOAT,30,27,3.1966,5.1241,1.7,1314
gnss_raw.txt,2437,380470.800,FINESTEERING,SOL_COMPUTED,NARROW_FLOAT,30,27,3.1966,5.1241,1.8,1314
gnss_raw.txt,2437,380470.900,FINESTEERING,SOL_COMPUTED,NARROW_FLOAT,31,28,3.1966,5.1241,0.9,1314
gnss_raw.txt,2437,380471.000,FINESTEERING,SOL_COMPUTED,NARROW_FLOAT,30,27,4.3003,6.7383,1.0,1314
gnss_raw.txt,2437,380471.100,FINESTEERING,SOL_COMPUTED,NARROW_FLOAT,30,27,4.3003,6.7383,1.1,1314
gnss_raw.txt,2437,380471.200,FINESTEERING,SOL_COMPUTED,NARROW_FLOAT,30,27,4.3003,6.7383,1.2,1314
gnss_raw.txt,2437,380471.300,FINESTEERING,SOL_COMPUTED,NARROW_FLOAT,30,27,4.3004,6.7383,1.3,1314
gnss_raw.txt,2437,380471.400,FINESTEERING,SOL_COMPUTED,NARROW_FLOAT,30,27,4.3004,6.7383,1.4,1314
gnss_raw.txt,2437,380471.500,FINESTEERING,SOL_COMPUTED,NARROW_FLOAT,30,27,4.3004,6.7383,1.5,1314
gnss_raw.txt,2437,380471.600,FINESTEERING,SOL_COMPUTED,NARROW_FLOAT,30,27,4.3004,6.7383,1.6,1314
gnss_raw.txt,2437,380471.700,FINESTEERING,SOL_COMPUTED,NARROW_FLOAT,30,27,4.3004,6.7384,0.7,1314
gnss_raw.txt,2437,380471.800,FINESTEERING,SOL_COMPUTED,NARROW_FLOAT,30,27,4.3004,6.7384,0.8,1314
gnss_raw.txt,2437,380471.900,FINESTEERING,SOL_COMPUTED,NARROW_FLOAT,30,27,4.3004,6.7384,0.9,1314
gnss_raw.txt,2437,380472.000,FINESTEERING,SOL_COMPUTED,NARROW_FLOAT,30,27,3.258,6.242,1.0,1314
gnss_raw.txt,2437,380472.100,FINESTEERING,SOL_COMPUTED,NARROW_FLOAT,30,27,3.258,6.242,1.1,1314
gnss_raw.txt,2437,380472.200,FINESTEERING,SOL_COMPUTED,NARROW_FLOAT,30,27,3.2581,6.2421,1.2,1314
gnss_raw.txt,2437,380472.300,FINESTEERING,SOL_COMPUTED,NARROW_FLOAT,30,27,3.2581,6.2421,1.3,1314
gnss_raw.txt,2437,380472.400,FINESTEERING,SOL_COMPUTED,NARROW_FLOAT,30,27,3.2581,6.2421,1.4,1314
gnss_raw.txt,2437,380472.500,FINESTEERING,SOL_COMPUTED,NARROW_FLOAT,30,27,3.2581,6.2421,1.5,1314
gnss_raw.txt,2437,380472.600,FINESTEERING,SOL_COMPUTED,NARROW_FLOAT,30,27,3.2581,6.2421,1.6,1314
gnss_raw.txt,2437,380472.700,FINESTEERING,SOL_COMPUTED,NARROW_FLOAT,30,27,3.2581,6.2421,1.7,1314
gnss_raw.txt,2437,380472.800,FINESTEERING,SOL_COMPUTED,NARROW_FLOAT,30,27,3.2581,6.2421,1.8,1314
gnss_raw.txt,2437,380472.900,FINESTEERING,SOL_COMPUTED,NARROW_FLOAT,30,27,3.2581,6.2421,1.9,1314
gnss_raw.txt,2437,380473.000,FINESTEERING,SOL_COMPUTED,NARROW_FLOAT,30,27,3.3594,6.5698,1.0,1314
gnss_raw.txt,2437,380473.100,FINESTEERING,SOL_COMPUTED,NARROW_FLOAT,30,27,3.3594,6.5698,1.1,1314
gnss_raw.txt,2437,380473.200,FINESTEERING,SOL_COMPUTED,NARROW_FLOAT,30,27,3.3594,6.5698,1.2,1314
gnss_raw.txt,2437,380473.300,FINESTEERING,SOL_COMPUTED,NARROW_FLOAT,30,27,3.3594,6.5698,1.3,1314
gnss_raw.txt,2437,380473.400,FINESTEERING,SOL_COMPUTED,NARROW_FLOAT,30,27,3.3594,6.5698,1.4,1314
gnss_raw.txt,2437,380473.500,FINESTEERING,SOL_COMPUTED,NARROW_FLOAT,30,27,3.3595,6.5698,1.5,1314
gnss_raw.txt,2437,380473.600,FINESTEERING,SOL_COMPUTED,NARROW_FLOAT,30,27,3.3595,6.5698,1.6,1314
gnss_raw.txt,2437,380473.700,FINESTEERING,SOL_COMPUTED,NARROW_FLOAT,30,27,3.3595,6.5698,1.7,1314
gnss_raw.txt,2437,380473.800,FINESTEERING,SOL_COMPUTED,NARROW_FLOAT,30,27,3.3595,6.5699,1.8,1314
gnss_raw.txt,2437,380473.900,FINESTEERING,SOL_COMPUTED,NARROW_FLOAT,31,28,3.3595,6.5699,0.9,1314
gnss_raw.txt,2437,380474.000,FINESTEERING,SOL_COMPUTED,NARROW_FLOAT,31,28,2.1516,3.9482,1.0,1314
gnss_raw.txt,2437,380474.100,FINESTEERING,SOL_COMPUTED,NARROW_FLOAT,31,28,2.1516,3.9482,1.1,1314
gnss_raw.txt,2437,380474.200,FINESTEERING,SOL_COMPUTED,NARROW_FLOAT,31,28,2.1516,3.9482,1.2,1314
gnss_raw.txt,2437,380474.300,FINESTEERING,SOL_COMPUTED,NARROW_FLOAT,32,28,2.1517,3.9482,1.3,1314
gnss_raw.txt,2437,380474.400,FINESTEERING,SOL_COMPUTED,NARROW_FLOAT,32,28,2.1517,3.9482,1.4,1314
gnss_raw.txt,2437,380474.500,FINESTEERING,SOL_COMPUTED,NARROW_FLOAT,32,28,2.1517,3.9482,1.5,1314
gnss_raw.txt,2437,380474.600,FINESTEERING,SOL_COMPUTED,NARROW_FLOAT,31,27,2.1517,3.9483,1.6,1314
gnss_raw.txt,2437,380474.700,FINESTEERING,SOL_COMPUTED,NARROW_FLOAT,31,27,2.1517,3.9483,1.7,1314
gnss_raw.txt,2437,380474.800,FINESTEERING,SOL_COMPUTED,NARROW_FLOAT,31,27,2.1518,3.9483,0.8,1314
gnss_raw.txt,2437,380474.900,FINESTEERING,SOL_COMPUTED,NARROW_FLOAT,31,27,2.1518,3.9483,0.9,1314
gnss_raw.txt,2437,380475.000,FINESTEERING,SOL_COMPUTED,NARROW_FLOAT,31,27,2.3967,4.2579,1.0,1314
gnss_raw.txt,2437,380475.100,FINESTEERING,SOL_COMPUTED,NARROW_FLOAT,31,27,2.3967,4.2579,1.1,1314
gnss_raw.txt,2437,380475.200,FINESTEERING,SOL_COMPUTED,NARROW_FLOAT,32,28,2.3968,4.2579,1.2,1314
gnss_raw.txt,2437,380475.300,FINESTEERING,SOL_COMPUTED,NARROW_FLOAT,32,28,2.3968,4.2579,1.3,1314
gnss_raw.txt,2437,380475.400,FINESTEERING,SOL_COMPUTED,NARROW_FLOAT,32,28,2.3968,4.2579,1.4,1314
gnss_raw.txt,2437,380475.500,FINESTEERING,SOL_COMPUTED,NARROW_FLOAT,32,28,2.3968,4.2579,1.5,1314
gnss_raw.txt,2437,380475.600,FINESTEERING,SOL_COMPUTED,NARROW_FLOAT,32,28,2.3968,4.2579,1.6,1314
gnss_raw.txt,2437,380475.700,FINESTEERING,SOL_COMPUTED,NARROW_FLOAT,31,27,2.3968,4.258,0.7,1314
gnss_raw.txt,2437,380475.800,FINESTEERING,SOL_COMPUTED,NARROW_FLOAT,31,27,2.3968,4.258,0.8,1314
gnss_raw.txt,2437,380475.900,FINESTEERING,SOL_COMPUTED,NARROW_FLOAT,31,27,2.3968,4.258,0.9,1314
gnss_raw.txt,2437,380476.000,FINESTEERING,SOL_COMPUTED,NARROW_FLOAT,32,28,3.5915,6.1845,1.0,1314
gnss_raw.txt,2437,380476.100,FINESTEERING,SOL_COMPUTED,NARROW_FLOAT,32,28,3.5915,6.1845,1.1,1314
gnss_raw.txt,2437,380476.200,FINESTEERING,SOL_COMPUTED,NARROW_FLOAT,32,28,3.5915,6.1845,1.2,1314
gnss_raw.txt,2437,380476.300,FINESTEERING,SOL_COMPUTED,NARROW_FLOAT,32,28,3.5915,6.1845,1.3,1314
gnss_raw.txt,2437,380476.400,FINESTEERING,SOL_COMPUTED,NARROW_FLOAT,32,28,3.5915,6.1845,1.4,1314
gnss_raw.txt,2437,380476.500,FINESTEERING,SOL_COMPUTED,NARROW_FLOAT,32,28,3.5915,6.1845,1.5,1314
gnss_raw.txt,2437,380476.600,FINESTEERING,SOL_COMPUTED,NARROW_FLOAT,32,28,3.5915,6.1845,1.6,1314
gnss_raw.txt,2437,380476.700,FINESTEERING,SOL_COMPUTED,NARROW_FLOAT,33,28,3.5915,6.1846,0.7,1314
gnss_raw.txt,2437,380476.800,FINESTEERING,SOL_COMPUTED,NARROW_FLOAT,33,28,3.5915,6.1846,0.8,1314
gnss_raw.txt,2437,380476.900,FINESTEERING,SOL_COMPUTED,NARROW_FLOAT,33,28,3.5916,6.1846,0.9,1314
gnss_raw.txt,2437,380477.000,FINESTEERING,SOL_COMPUTED,NARROW_FLOAT,33,28,3.7569,6.4868,1.0,1314
gnss_raw.txt,2437,380477.100,FINESTEERING,SOL_COMPUTED,NARROW_FLOAT,32,28,3.7569,6.4868,1.1,1314
gnss_raw.txt,2437,380477.200,FINESTEERING,SOL_COMPUTED,NARROW_FLOAT,32,28,3.7569,6.4868,1.2,1314
gnss_raw.txt,2437,380477.300,FINESTEERING,SOL_COMPUTED,NARROW_FLOAT,32,28,3.7569,6.4868,1.3,1314
gnss_raw.txt,2437,380477.400,FINESTEERING,SOL_COMPUTED,NARROW_FLOAT,32,28,3.7569,6.4868,1.4,1314
gnss_raw.txt,2437,380477.500,FINESTEERING,SOL_COMPUTED,NARROW_FLOAT,32,28,3.7569,6.4868,1.5,1314
gnss_raw.txt,2437,380477.600,FINESTEERING,SOL_COMPUTED,NARROW_FLOAT,32,28,3.7569,6.4868,1.6,1314
gnss_raw.txt,2437,380477.700,FINESTEERING,SOL_COMPUTED,NARROW_FLOAT,32,28,3.7569,6.4868,1.7,1314
gnss_raw.txt,2437,380477.800,FINESTEERING,SOL_COMPUTED,NARROW_FLOAT,32,28,3.7569,6.4868,0.8,1314
gnss_raw.txt,2437,380477.900,FINESTEERING,SOL_COMPUTED,NARROW_FLOAT,32,28,3.7569,6.4869,0.9,1314
gnss_raw.txt,2437,380478.000,FINESTEERING,SOL_COMPUTED,NARROW_FLOAT,32,28,4.2291,7.22,1.0,1314
gnss_raw.txt,2437,380478.100,FINESTEERING,SOL_COMPUTED,NARROW_FLOAT,32,28,4.2291,7.22,1.1,1314
gnss_raw.txt,2437,380478.200,FINESTEERING,SOL_COMPUTED,NARROW_FLOAT,33,29,4.2291,7.22,1.2,1314
gnss_raw.txt,2437,380478.300,FINESTEERING,SOL_COMPUTED,NARROW_FLOAT,33,29,4.2291,7.22,1.3,1314
gnss_raw.txt,2437,380478.400,FINESTEERING,SOL_COMPUTED,NARROW_FLOAT,33,29,4.2291,7.22,1.4,1314
gnss_raw.txt,2437,380478.500,FINESTEERING,SOL_COMPUTED,NARROW_FLOAT,33,29,4.2291,7.22,1.5,1314
gnss_raw.txt,2437,380478.600,FINESTEERING,SOL_COMPUTED,NARROW_FLOAT,33,29,4.2291,7.22,1.6,1314
gnss_raw.txt,2437,380478.700,FINESTEERING,SOL_COMPUTED,NARROW_FLOAT,33,29,4.2291,7.22,1.7,1314
gnss_raw.txt,2437,380478.800,FINESTEERING,SOL_COMPUTED,NARROW_FLOAT,33,29,4.2292,7.22,1.8,1314
gnss_raw.txt,2437,380478.900,FINESTEERING,SOL_COMPUTED,NARROW_FLOAT,33,29,4.2292,7.2201,0.9,1314
gnss_raw.txt,2437,380479.000,FINESTEERING,SOL_COMPUTED,NARROW_FLOAT,33,29,2.7257,4.5223,1.0,1314
gnss_raw.txt,2437,380479.100,FINESTEERING,SOL_COMPUTED,NARROW_FLOAT,33,29,2.7257,4.5224,1.1,1314
gnss_raw.txt,2437,380479.200,FINESTEERING,SOL_COMPUTED,NARROW_FLOAT,33,29,2.7258,4.5224,1.2,1314
gnss_raw.txt,2437,380479.300,FINESTEERING,SOL_COMPUTED,NARROW_FLOAT,33,29,2.7258,4.5224,1.3,1314
gnss_raw.txt,2437,380479.400,FINESTEERING,SOL_COMPUTED,NARROW_FLOAT,33,29,2.7258,4.5224,1.4,1314
gnss_raw.txt,2437,380479.500,FINESTEERING,SOL_COMPUTED,NARROW_FLOAT,33,29,2.7258,4.5224,1.5,1314
gnss_raw.txt,2437,380479.600,FINESTEERING,SOL_COMPUTED,NARROW_FLOAT,33,29,2.7258,4.5224,1.6,1314
gnss_raw.txt,2437,380479.700,FINESTEERING,SOL_COMPUTED,NARROW_FLOAT,33,29,2.7259,4.5224,1.7,1314
gnss_raw.txt,2437,380479.800,FINESTEERING,SOL_COMPUTED,NARROW_FLOAT,33,29,2.7259,4.5225,0.8,1314
gnss_raw.txt,2437,380479.900,FINESTEERING,SOL_COMPUTED,NARROW_FLOAT,33,29,2.7259,4.5225,0.9,1314
gnss_raw.txt,2437,380480.000,FINESTEERING,SOL_COMPUTED,NARROW_FLOAT,33,29,3.494,5.8551,1.0,1314
gnss_raw.txt,2437,380480.100,FINESTEERING,SOL_COMPUTED,NARROW_FLOAT,33,29,3.494,5.8551,1.1,1314
gnss_raw.txt,2437,380480.200,FINESTEERING,SOL_COMPUTED,NARROW_FLOAT,33,29,3.494,5.8551,1.2,1314
gnss_raw.txt,2437,380480.300,FINESTEERING,SOL_COMPUTED,NARROW_FLOAT,33,29,3.494,5.8551,1.3,1314
gnss_raw.txt,2437,380480.400,FINESTEERING,SOL_COMPUTED,NARROW_FLOAT,33,29,3.494,5.8551,1.4,1314
gnss_raw.txt,2437,380480.500,FINESTEERING,SOL_COMPUTED,NARROW_FLOAT,33,29,3.4941,5.8551,1.5,1314
gnss_raw.txt,2437,380480.600,FINESTEERING,SOL_COMPUTED,NARROW_FLOAT,33,29,3.4941,5.8551,1.6,1314
gnss_raw.txt,2437,380480.700,FINESTEERING,SOL_COMPUTED,NARROW_FLOAT,33,29,3.4941,5.8551,1.7,1314
gnss_raw.txt,2437,380480.800,FINESTEERING,SOL_COMPUTED,NARROW_FLOAT,33,29,3.4941,5.8552,0.8,1314
gnss_raw.txt,2437,380480.900,FINESTEERING,SOL_COMPUTED,NARROW_FLOAT,33,29,3.4941,5.8552,0.9,1314
gnss_raw.txt,2437,380481.000,FINESTEERING,SOL_COMPUTED,NARROW_FLOAT,32,28,1.8522,3.8791,1.0,1314
gnss_raw.txt,2437,380481.100,FINESTEERING,SOL_COMPUTED,NARROW_FLOAT,32,28,1.8522,3.8791,1.1,1314
gnss_raw.txt,2437,380481.200,FINESTEERING,SOL_COMPUTED,NARROW_FLOAT,32,28,1.8522,3.8792,1.2,1314
gnss_raw.txt,2437,380481.300,FINESTEERING,SOL_COMPUTED,NARROW_FLOAT,32,28,1.8522,3.8792,1.3,1314
gnss_raw.txt,2437,380481.400,FINESTEERING,SOL_COMPUTED,NARROW_FLOAT,32,28,1.8523,3.8792,1.4,1314
gnss_raw.txt,2437,380481.500,FINESTEERING,SOL_COMPUTED,NARROW_FLOAT,32,28,1.8523,3.8792,1.5,1314
gnss_raw.txt,2437,380481.600,FINESTEERING,SOL_COMPUTED,NARROW_FLOAT,32,28,1.8523,3.8792,1.6,1314
gnss_raw.txt,2437,380481.700,FINESTEERING,SOL_COMPUTED,NARROW_FLOAT,32,28,1.8523,3.8792,1.7,1314
gnss_raw.txt,2437,380481.800,FINESTEERING,SOL_COMPUTED,NARROW_FLOAT,32,28,1.8523,3.8792,1.8,1314
gnss_raw.txt,2437,380481.900,FINESTEERING,SOL_COMPUTED,NARROW_FLOAT,32,28,1.8523,3.8793,1.9,1314
gnss_raw.txt,2437,380482.000,FINESTEERING,SOL_COMPUTED,NARROW_FLOAT,32,28,2.13,4.3086,1.0,1314
gnss_raw.txt,2437,380482.100,FINESTEERING,SOL_COMPUTED,NARROW_FLOAT,32,28,2.13,4.3086,1.1,1314
gnss_raw.txt,2437,380482.200,FINESTEERING,SOL_COMPUTED,NARROW_FLOAT,32,28,2.1301,4.3086,1.2,1314
gnss_raw.txt,2437,380482.300,FINESTEERING,SOL_COMPUTED,NARROW_FLOAT,32,28,2.1301,4.3086,1.3,1314
gnss_raw.txt,2437,380482.400,FINESTEERING,SOL_COMPUTED,NARROW_FLOAT,32,28,2.1301,4.3087,1.4,1314
gnss_raw.txt,2437,380482.500,FINESTEERING,SOL_COMPUTED,NARROW_FLOAT,32,28,2.1301,4.3087,1.5,1314
gnss_raw.txt,2437,380482.600,FINESTEERING,SOL_COMPUTED,NARROW_FLOAT,32,28,2.1302,4.3087,1.6,1314
gnss_raw.txt,2437,380482.700,FINESTEERING,SOL_COMPUTED,NARROW_FLOAT,32,28,2.1302,4.3087,1.7,1314
gnss_raw.txt,2437,380482.800,FINESTEERING,SOL_COMPUTED,NARROW_FLOAT,32,28,2.1302,4.3087,1.8,1314
gnss_raw.txt,2437,380482.900,FINESTEERING,SOL_COMPUTED,NARROW_FLOAT,32,28,2.1302,4.3088,1.9,1314
gnss_raw.txt,2437,380483.000,FINESTEERING,SOL_COMPUTED,NARROW_FLOAT,32,28,0.7137,1.3466,1.0,1314
gnss_raw.txt,2437,380483.100,FINESTEERING,SOL_COMPUTED,NARROW_FLOAT,32,28,0.7138,1.3467,1.1,1314
gnss_raw.txt,2437,380483.200,FINESTEERING,SOL_COMPUTED,NARROW_FLOAT,32,28,0.7138,1.3467,1.2,1314
gnss_raw.txt,2437,380483.300,FINESTEERING,SOL_COMPUTED,NARROW_FLOAT,31,27,0.7139,1.3468,1.3,1314
gnss_raw.txt,2437,380483.400,FINESTEERING,SOL_COMPUTED,NARROW_FLOAT,31,27,0.7139,1.3468,1.4,1314
gnss_raw.txt,2437,380483.500,FINESTEERING,SOL_COMPUTED,NARROW_FLOAT,31,27,0.7139,1.3468,1.5,1314
gnss_raw.txt,2437,380483.600,FINESTEERING,SOL_COMPUTED,NARROW_FLOAT,31,27,0.714,1.3469,1.6,1314
gnss_raw.txt,2437,380483.700,FINESTEERING,SOL_COMPUTED,NARROW_FLOAT,31,27,0.714,1.3469,1.7,1314
gnss_raw.txt,2437,380483.800,FINESTEERING,SOL_COMPUTED,NARROW_FLOAT,31,27,0.7141,1.347,0.8,1314
gnss_raw.txt,2437,380483.900,FINESTEERING,SOL_COMPUTED,NARROW_FLOAT,31,27,0.7142,1.347,0.9,1314
gnss_raw.txt,2437,380484.000,FINESTEERING,SOL_COMPUTED,NARROW_FLOAT,31,27,0.9324,1.7896,1.0,1314
gnss_raw.txt,2437,380484.100,FINESTEERING,SOL_COMPUTED,NARROW_FLOAT,31,27,0.9324,1.7896,1.1,1314
gnss_raw.txt,2437,380484.200,FINESTEERING,SOL_COMPUTED,NARROW_FLOAT,32,28,0.9325,1.7896,1.2,1314
gnss_raw.txt,2437,380484.300,FINESTEERING,SOL_COMPUTED,NARROW_FLOAT,32,28,0.9325,1.7896,1.3,1314
gnss_raw.txt,2437,380484.400,FINESTEERING,SOL_COMPUTED,NARROW_FLOAT,32,28,0.9325,1.7897,1.4,1314
gnss_raw.txt,2437,380484.500,FINESTEERING,SOL_COMPUTED,NARROW_FLOAT,32,28,0.9325,1.7897,1.5,1314
gnss_raw.txt,2437,380484.600,FINESTEERING,SOL_COMPUTED,NARROW_FLOAT,32,28,0.9326,1.7897,1.6,1314
gnss_raw.txt,2437,380484.700,FINESTEERING,SOL_COMPUTED,NARROW_FLOAT,32,28,0.9326,1.7898,1.7,1314
gnss_raw.txt,2437,380484.800,FINESTEERING,SOL_COMPUTED,NARROW_FLOAT,32,28,0.9327,1.7898,0.8,1314
gnss_raw.txt,2437,380484.900,FINESTEERING,SOL_COMPUTED,NARROW_FLOAT,33,29,0.9327,1.7898,0.9,1314
gnss_raw.txt,2437,380485.000,FINESTEERING,SOL_COMPUTED,NARROW_FLOAT,33,29,1.8271,3.6506,1.0,1314
gnss_raw.txt,2437,380485.100,FINESTEERING,SOL_COMPUTED,NARROW_FLOAT,32,28,1.8271,3.6506,1.1,1314
gnss_raw.txt,2437,380485.200,FINESTEERING,SOL_COMPUTED,NARROW_FLOAT,32,28,1.8271,3.6506,1.2,1314
gnss_raw.txt,2437,380485.300,FINESTEERING,SOL_COMPUTED,NARROW_FLOAT,33,29,1.8271,3.6506,1.3,1314
gnss_raw.txt,2437,380485.400,FINESTEERING,SOL_COMPUTED,NARROW_FLOAT,33,29,1.8271,3.6506,1.4,1314
gnss_raw.txt,2437,380485.500,FINESTEERING,SOL_COMPUTED,NARROW_FLOAT,33,29,1.8271,3.6507,1.5,1314
gnss_raw.txt,2437,380485.600,FINESTEERING,SOL_COMPUTED,NARROW_FLOAT,33,29,1.8272,3.6507,1.6,1314
gnss_raw.txt,2437,380485.700,FINESTEERING,SOL_COMPUTED,NARROW_FLOAT,33,29,1.8272,3.6507,0.7,1314
gnss_raw.txt,2437,380485.800,FINESTEERING,SOL_COMPUTED,NARROW_FLOAT,33,29,1.8272,3.6507,0.8,1314
gnss_raw.txt,2437,380485.900,FINESTEERING,SOL_COMPUTED,NARROW_FLOAT,33,29,1.8272,3.6507,0.9,1314
gnss_raw.txt,2437,380486.000,FINESTEERING,SOL_COMPUTED,NARROW_FLOAT,33,29,1.421,2.7617,1.0,1314
gnss_raw.txt,2437,380486.100,FINESTEERING,SOL_COMPUTED,NARROW_FLOAT,32,28,1.421,2.7618,1.1,1314
gnss_raw.txt,2437,380486.200,FINESTEERING,SOL_COMPUTED,NARROW_FLOAT,32,28,1.4211,2.7618,1.2,1314
gnss_raw.txt,2437,380486.300,FINESTEERING,SOL_COMPUTED,NARROW_FLOAT,32,28,1.4211,2.7618,1.3,1314
gnss_raw.txt,2437,380486.400,FINESTEERING,SOL_COMPUTED,NARROW_FLOAT,32,28,1.4211,2.7618,1.4,1314
gnss_raw.txt,2437,380486.500,FINESTEERING,SOL_COMPUTED,NARROW_FLOAT,32,28,1.4211,2.7618,1.5,1314
gnss_raw.txt,2437,380486.600,FINESTEERING,SOL_COMPUTED,NARROW_FLOAT,32,28,1.4211,2.7618,1.6,1314
gnss_raw.txt,2437,380486.700,FINESTEERING,SOL_COMPUTED,NARROW_FLOAT,32,28,1.4212,2.7619,1.7,1314
gnss_raw.txt,2437,380486.800,FINESTEERING,SOL_COMPUTED,NARROW_FLOAT,32,28,1.4212,2.7619,1.8,1314
gnss_raw.txt,2437,380486.900,FINESTEERING,SOL_COMPUTED,NARROW_FLOAT,32,28,1.4212,2.7619,0.9,1314
gnss_raw.txt,2437,380487.000,FINESTEERING,SOL_COMPUTED,NARROW_FLOAT,31,28,1.0538,1.9788,1.0,1314
gnss_raw.txt,2437,380487.100,FINESTEERING,SOL_COMPUTED,NARROW_FLOAT,31,28,1.0538,1.9788,1.1,1314
gnss_raw.txt,2437,380487.200,FINESTEERING,SOL_COMPUTED,NARROW_FLOAT,31,28,1.0538,1.9789,1.2,1314
gnss_raw.txt,2437,380487.300,FINESTEERING,SOL_COMPUTED,NARROW_FLOAT,31,28,1.0538,1.9789,1.3,1314
gnss_raw.txt,2437,380487.400,FINESTEERING,SOL_COMPUTED,NARROW_FLOAT,31,28,1.0539,1.9789,1.4,1314
gnss_raw.txt,2437,380487.500,FINESTEERING,SOL_COMPUTED,NARROW_FLOAT,31,28,1.0539,1.9789,1.5,1314
gnss_raw.txt,2437,380487.600,FINESTEERING,SOL_COMPUTED,NARROW_FLOAT,31,28,1.0539,1.979,1.6,1314
gnss_raw.txt,2437,380487.700,FINESTEERING,SOL_COMPUTED,NARROW_FLOAT,31,28,1.054,1.979,1.7,1314
gnss_raw.txt,2437,380487.800,FINESTEERING,SOL_COMPUTED,NARROW_FLOAT,31,28,1.054,1.979,0.8,1314
gnss_raw.txt,2437,380487.900,FINESTEERING,SOL_COMPUTED,NARROW_FLOAT,31,28,1.054,1.979,0.9,1314
gnss_raw.txt,2437,380488.000,FINESTEERING,SOL_COMPUTED,NARROW_FLOAT,31,28,0.9026,1.666,1.0,1314
gnss_raw.txt,2437,380488.100,FINESTEERING,SOL_COMPUTED,NARROW_FLOAT,31,28,0.9026,1.666,1.1,1314
gnss_raw.txt,2437,380488.200,FINESTEERING,SOL_COMPUTED,NARROW_FLOAT,31,28,0.9027,1.6661,1.2,1314
gnss_raw.txt,2437,380488.300,FINESTEERING,SOL_COMPUTED,NARROW_FLOAT,31,28,0.9027,1.6661,1.3,1314
gnss_raw.txt,2437,380488.400,FINESTEERING,SOL_COMPUTED,NARROW_FLOAT,31,28,0.9028,1.6661,1.4,1314
gnss_raw.txt,2437,380488.500,FINESTEERING,SOL_COMPUTED,NARROW_FLOAT,31,28,0.9029,1.6662,1.5,1314
gnss_raw.txt,2437,380488.600,FINESTEERING,SOL_COMPUTED,NARROW_FLOAT,30,27,0.9029,1.6662,1.6,1314
gnss_raw.txt,2437,380488.700,FINESTEERING,SOL_COMPUTED,NARROW_FLOAT,30,27,0.9029,1.6663,1.7,1314
gnss_raw.txt,2437,380488.800,FINESTEERING,SOL_COMPUTED,NARROW_FLOAT,30,27,0.903,1.6663,1.8,1314
gnss_raw.txt,2437,380488.900,FINESTEERING,SOL_COMPUTED,NARROW_FLOAT,30,27,0.903,1.6663,0.9,1314
gnss_raw.txt,2437,380489.000,FINESTEERING,SOL_COMPUTED,NARROW_FLOAT,30,27,3.4034,6.291,1.0,1314
gnss_raw.txt,2437,380489.100,FINESTEERING,SOL_COMPUTED,NARROW_FLOAT,30,27,3.4034,6.291,1.1,1314
gnss_raw.txt,2437,380489.200,FINESTEERING,SOL_COMPUTED,NARROW_FLOAT,30,27,3.4034,6.291,1.2,1314
gnss_raw.txt,2437,380489.300,FINESTEERING,SOL_COMPUTED,NARROW_FLOAT,30,27,3.4034,6.291,1.3,1314
gnss_raw.txt,2437,380489.400,FINESTEERING,SOL_COMPUTED,NARROW_FLOAT,30,27,3.4034,6.291,1.4,1314
gnss_raw.txt,2437,380489.500,FINESTEERING,SOL_COMPUTED,NARROW_FLOAT,30,27,3.4035,6.291,1.5,1314
gnss_raw.txt,2437,380489.600,FINESTEERING,SOL_COMPUTED,NARROW_FLOAT,30,27,3.4035,6.2911,1.6,1314
gnss_raw.txt,2437,380489.700,FINESTEERING,SOL_COMPUTED,NARROW_FLOAT,30,27,3.4035,6.2911,1.7,1314
gnss_raw.txt,2437,380489.800,FINESTEERING,SOL_COMPUTED,NARROW_FLOAT,30,27,3.4035,6.2911,1.8,1314
gnss_raw.txt,2437,380489.900,FINESTEERING,SOL_COMPUTED,NARROW_FLOAT,30,27,3.4035,6.2911,0.9,1314
gnss_raw.txt,2437,380490.000,FINESTEERING,SOL_COMPUTED,NARROW_FLOAT,30,27,1.1575,2.5486,1.0,1314
gnss_raw.txt,2437,380490.100,FINESTEERING,SOL_COMPUTED,NARROW_FLOAT,30,27,1.1576,2.5486,1.1,1314
gnss_raw.txt,2437,380490.200,FINESTEERING,SOL_COMPUTED,NARROW_FLOAT,29,26,1.1576,2.5486,1.2,1314
gnss_raw.txt,2437,380490.300,FINESTEERING,SOL_COMPUTED,NARROW_FLOAT,29,26,1.1576,2.5486,1.3,1314
gnss_raw.txt,2437,380490.400,FINESTEERING,SOL_COMPUTED,NARROW_FLOAT,30,27,1.1577,2.5486,1.4,1314
gnss_raw.txt,2437,380490.500,FINESTEERING,SOL_COMPUTED,NARROW_FLOAT,30,27,1.1577,2.5487,1.5,1314
gnss_raw.txt,2437,380490.600,FINESTEERING,SOL_COMPUTED,NARROW_FLOAT,30,27,1.1577,2.5487,1.6,1314
gnss_raw.txt,2437,380490.700,FINESTEERING,SOL_COMPUTED,NARROW_FLOAT,30,27,1.1578,2.5487,1.7,1314
gnss_raw.txt,2437,380490.800,FINESTEERING,SOL_COMPUTED,NARROW_FLOAT,30,27,1.1578,2.5487,0.8,1314
gnss_raw.txt,2437,380490.900,FINESTEERING,SOL_COMPUTED,NARROW_FLOAT,30,27,1.1579,2.5488,0.9,1314
gnss_raw.txt,2437,380491.000,FINESTEERING,SOL_COMPUTED,NARROW_FLOAT,30,27,0.773,1.7462,1.0,1314
gnss_raw.txt,2437,380491.100,FINESTEERING,SOL_COMPUTED,NARROW_FLOAT,30,27,0.7731,1.7463,1.1,1314
gnss_raw.txt,2437,380491.200,FINESTEERING,SOL_COMPUTED,NARROW_FLOAT,30,27,0.7731,1.7463,1.2,1314
gnss_raw.txt,2437,380491.300,FINESTEERING,SOL_COMPUTED,NARROW_FLOAT,30,27,0.7732,1.7463,1.3,1314
gnss_raw.txt,2437,380491.400,FINESTEERING,SOL_COMPUTED,NARROW_FLOAT,30,27,0.7732,1.7464,1.4,1314
gnss_raw.txt,2437,380491.500,FINESTEERING,SOL_COMPUTED,NARROW_FLOAT,30,27,0.7733,1.7464,1.5,1314
gnss_raw.txt,2437,380491.600,FINESTEERING,SOL_COMPUTED,NARROW_FLOAT,30,27,0.7733,1.7465,1.6,1314
gnss_raw.txt,2437,380491.700,FINESTEERING,SOL_COMPUTED,NARROW_FLOAT,30,27,0.7734,1.7465,1.7,1314
gnss_raw.txt,2437,380491.800,FINESTEERING,SOL_COMPUTED,NARROW_FLOAT,30,27,0.7734,1.7465,1.8,1314
gnss_raw.txt,2437,380491.900,FINESTEERING,SOL_COMPUTED,NARROW_FLOAT,30,27,0.7735,1.7466,0.9,1314
gnss_raw.txt,2437,380492.000,FINESTEERING,SOL_COMPUTED,NARROW_FLOAT,30,27,0.8149,1.7046,1.0,1314
gnss_raw.txt,2437,380492.100,FINESTEERING,SOL_COMPUTED,NARROW_FLOAT,30,27,0.815,1.7046,1.1,1314
gnss_raw.txt,2437,380492.200,FINESTEERING,SOL_COMPUTED,NARROW_FLOAT,31,28,0.815,1.7046,1.2,1314
gnss_raw.txt,2437,380492.300,FINESTEERING,SOL_COMPUTED,NARROW_FLOAT,32,29,0.815,1.7047,1.3,1314
gnss_raw.txt,2437,380492.400,FINESTEERING,SOL_COMPUTED,NARROW_FLOAT,32,29,0.8151,1.7047,1.4,1314
gnss_raw.txt,2437,380492.500,FINESTEERING,SOL_COMPUTED,NARROW_FLOAT,32,29,0.8151,1.7047,1.5,1314
gnss_raw.txt,2437,380492.600,FINESTEERING,SOL_COMPUTED,NARROW_FLOAT,32,29,0.8152,1.7048,1.6,1314
gnss_raw.txt,2437,380492.700,FINESTEERING,SOL_COMPUTED,NARROW_FLOAT,32,29,0.8153,1.7048,0.7,1314
gnss_raw.txt,2437,380492.800,FINESTEERING,SOL_COMPUTED,NARROW_FLOAT,32,29,0.8153,1.7049,0.8,1314
gnss_raw.txt,2437,380492.900,FINESTEERING,SOL_COMPUTED,NARROW_FLOAT,32,29,0.8154,1.7049,0.9,1314
gnss_raw.txt,2437,380493.000,FINESTEERING,SOL_COMPUTED,NARROW_FLOAT,32,29,0.9552,1.9669,1.0,1314
gnss_raw.txt,2437,380493.100,FINESTEERING,SOL_COMPUTED,NARROW_FLOAT,32,29,0.9552,1.9669,1.1,1314
gnss_raw.txt,2437,380493.200,FINESTEERING,SOL_COMPUTED,NARROW_FLOAT,31,28,0.9553,1.9669,1.2,1314
gnss_raw.txt,2437,380493.300,FINESTEERING,SOL_COMPUTED,NARROW_FLOAT,31,28,0.9553,1.9669,1.3,1314
gnss_raw.txt,2437,380493.400,FINESTEERING,SOL_COMPUTED,NARROW_FLOAT,31,28,0.9554,1.967,1.4,1314
gnss_raw.txt,2437,380493.500,FINESTEERING,SOL_COMPUTED,NARROW_FLOAT,31,28,0.9554,1.967,1.5,1314
gnss_raw.txt,2437,380493.600,FINESTEERING,SOL_COMPUTED,NARROW_FLOAT,31,28,0.9555,1.9671,1.6,1314
gnss_raw.txt,2437,380493.700,FINESTEERING,SOL_COMPUTED,NARROW_FLOAT,31,28,0.9555,1.9671,1.7,1314
gnss_raw.txt,2437,380493.800,FINESTEERING,SOL_COMPUTED,NARROW_FLOAT,31,28,0.9556,1.9671,0.8,1314
gnss_raw.txt,2437,380493.900,FINESTEERING,SOL_COMPUTED,NARROW_FLOAT,31,28,0.9556,1.9672,0.9,1314
gnss_raw.txt,2437,380494.000,FINESTEERING,SOL_COMPUTED,NARROW_FLOAT,31,28,1.3816,2.7708,1.0,1314
gnss_raw.txt,2437,380494.100,FINESTEERING,SOL_COMPUTED,NARROW_FLOAT,31,28,1.3817,2.7709,1.1,1314
gnss_raw.txt,2437,380494.200,FINESTEERING,SOL_COMPUTED,NARROW_FLOAT,31,28,1.3818,2.7709,1.2,1314
gnss_raw.txt,2437,380494.300,FINESTEERING,SOL_COMPUTED,NARROW_FLOAT,31,28,1.3818,2.771,1.3,1314
gnss_raw.txt,2437,380494.400,FINESTEERING,SOL_COMPUTED,NARROW_FLOAT,31,28,1.3818,2.771,1.4,1314
gnss_raw.txt,2437,380494.500,FINESTEERING,SOL_COMPUTED,NARROW_FLOAT,31,28,1.3819,2.771,1.5,1314
gnss_raw.txt,2437,380494.600,FINESTEERING,SOL_COMPUTED,NARROW_FLOAT,31,28,1.3819,2.771,1.6,1314
gnss_raw.txt,2437,380494.700,FINESTEERING,SOL_COMPUTED,NARROW_FLOAT,31,28,1.3819,2.7711,1.7,1314
gnss_raw.txt,2437,380494.800,FINESTEERING,SOL_COMPUTED,NARROW_FLOAT,31,28,1.382,2.7711,1.8,1314
gnss_raw.txt,2437,380494.900,FINESTEERING,SOL_COMPUTED,NARROW_FLOAT,31,28,1.382,2.7711,0.9,1314
gnss_raw.txt,2437,380495.000,FINESTEERING,SOL_COMPUTED,NARROW_FLOAT,31,28,0.5398,1.1188,1.0,1314
gnss_raw.txt,2437,380495.100,FINESTEERING,SOL_COMPUTED,NARROW_FLOAT,31,28,0.5399,1.1189,1.1,1314
gnss_raw.txt,2437,380495.200,FINESTEERING,SOL_COMPUTED,NARROW_FLOAT,31,28,0.54,1.119,1.2,1314
gnss_raw.txt,2437,380495.300,FINESTEERING,SOL_COMPUTED,NARROW_FLOAT,31,28,0.5401,1.119,1.3,1314
gnss_raw.txt,2437,380495.400,FINESTEERING,SOL_COMPUTED,NARROW_FLOAT,31,28,0.5401,1.1191,1.4,1314
gnss_raw.txt,2437,380495.500,FINESTEERING,SOL_COMPUTED,NARROW_FLOAT,31,28,0.5403,1.1192,1.5,1314
gnss_raw.txt,2437,380495.600,FINESTEERING,SOL_COMPUTED,NARROW_FLOAT,32,29,0.5403,1.1192,1.6,1314
gnss_raw.txt,2437,380495.700,FINESTEERING,SOL_COMPUTED,NARROW_FLOAT,33,30,0.5404,1.1193,1.7,1314
gnss_raw.txt,2437,380495.800,FINESTEERING,SOL_COMPUTED,NARROW_FLOAT,32,29,0.5405,1.1193,0.8,1314
gnss_raw.txt,2437,380495.900,FINESTEERING,SOL_COMPUTED,NARROW_FLOAT,32,29,0.5406,1.1194,0.9,1314
gnss_raw.txt,2437,380496.000,FINESTEERING,SOL_COMPUTED,NARROW_FLOAT,32,29,0.9543,1.9594,1.0,1314
gnss_raw.txt,2437,380496.100,FINESTEERING,SOL_COMPUTED,NARROW_FLOAT,32,29,0.9544,1.9594,1.1,1314
gnss_raw.txt,2437,380496.200,FINESTEERING,SOL_COMPUTED,NARROW_FLOAT,32,29,0.9547,1.9595,1.2,1314
gnss_raw.txt,2437,380496.300,FINESTEERING,SOL_COMPUTED,NARROW_FLOAT,32,29,0.9547,1.9596,1.3,1314
gnss_raw.txt,2437,380496.400,FINESTEERING,SOL_COMPUTED,NARROW_FLOAT,32,29,0.9548,1.9596,1.4,1314
gnss_raw.txt,2437,380496.500,FINESTEERING,SOL_COMPUTED,NARROW_FLOAT,32,29,0.9549,1.9597,1.5,1314
gnss_raw.txt,2437,380496.600,FINESTEERING,SOL_COMPUTED,NARROW_FLOAT,32,29,0.9549,1.9597,1.6,1314
gnss_raw.txt,2437,380496.700,FINESTEERING,SOL_COMPUTED,NARROW_FLOAT,32,29,0.955,1.9597,0.7,1314
gnss_raw.txt,2437,380496.800,FINESTEERING,SOL_COMPUTED,NARROW_FLOAT,32,29,0.955,1.9598,0.8,1314
gnss_raw.txt,2437,380496.900,FINESTEERING,SOL_COMPUTED,NARROW_FLOAT,32,29,0.9551,1.9598,0.9,1314
gnss_raw.txt,2437,380497.000,FINESTEERING,SOL_COMPUTED,NARROW_FLOAT,32,29,0.8429,2.0269,1.0,1314
gnss_raw.txt,2437,380497.100,FINESTEERING,SOL_COMPUTED,NARROW_FLOAT,32,29,0.8431,2.0269,1.1,1314
gnss_raw.txt,2437,380497.200,FINESTEERING,SOL_COMPUTED,NARROW_FLOAT,32,29,0.8432,2.027,1.2,1314
gnss_raw.txt,2437,380497.300,FINESTEERING,SOL_COMPUTED,NARROW_FLOAT,32,29,0.8433,2.0271,1.3,1314
gnss_raw.txt,2437,380497.400,FINESTEERING,SOL_COMPUTED,NARROW_FLOAT,32,29,0.8434,2.0271,1.4,1314
gnss_raw.txt,2437,380497.500,FINESTEERING,SOL_COMPUTED,NARROW_FLOAT,32,29,0.8434,2.0272,1.5,1314
gnss_raw.txt,2437,380497.600,FINESTEERING,SOL_COMPUTED,NARROW_FLOAT,32,29,0.8435,2.0272,1.6,1314
gnss_raw.txt,2437,380497.700,FINESTEERING,SOL_COMPUTED,NARROW_FLOAT,31,28,0.8435,2.0272,1.7,1314
gnss_raw.txt,2437,380497.800,FINESTEERING,SOL_COMPUTED,NARROW_FLOAT,31,28,0.8436,2.0273,0.8,1314
gnss_raw.txt,2437,380497.900,FINESTEERING,SOL_COMPUTED,NARROW_FLOAT,31,28,0.8437,2.0273,0.9,1314
gnss_raw.txt,2437,380498.000,FINESTEERING,SOL_COMPUTED,NARROW_FLOAT,31,28,0.7149,1.7729,1.0,1314
gnss_raw.txt,2437,380498.100,FINESTEERING,SOL_COMPUTED,NARROW_FLOAT,31,28,0.715,1.773,1.1,1314
gnss_raw.txt,2437,380498.200,FINESTEERING,SOL_COMPUTED,NARROW_FLOAT,31,28,0.7152,1.7731,1.2,1314
gnss_raw.txt,2437,380498.300,FINESTEERING,SOL_COMPUTED,NARROW_FLOAT,31,28,0.7154,1.7732,1.3,1314
gnss_raw.txt,2437,380498.400,FINESTEERING,SOL_COMPUTED,NARROW_FLOAT,31,28,0.7155,1.7733,1.4,1314
gnss_raw.txt,2437,380498.500,FINESTEERING,SOL_COMPUTED,NARROW_FLOAT,31,28,0.7156,1.7733,1.5,1314
gnss_raw.txt,2437,380498.600,FINESTEERING,SOL_COMPUTED,NARROW_FLOAT,31,28,0.7157,1.7734,1.6,1314
gnss_raw.txt,2437,380498.700,FINESTEERING,SOL_COMPUTED,NARROW_FLOAT,31,28,0.7158,1.7734,1.7,1314
gnss_raw.txt,2437,380498.800,FINESTEERING,SOL_COMPUTED,NARROW_FLOAT,31,28,0.7158,1.7735,1.8,1314
gnss_raw.txt,2437,380498.900,FINESTEERING,SOL_COMPUTED,NARROW_FLOAT,31,28,0.7159,1.7735,0.9,1314
gnss_raw.txt,2437,380499.000,FINESTEERING,SOL_COMPUTED,NARROW_FLOAT,31,28,1.2213,2.8054,1.0,1314
gnss_raw.txt,2437,380499.100,FINESTEERING,SOL_COMPUTED,NARROW_FLOAT,31,28,1.2213,2.8055,1.1,1314
gnss_raw.txt,2437,380499.200,FINESTEERING,SOL_COMPUTED,NARROW_FLOAT,31,28,1.2214,2.8055,1.2,1314
gnss_raw.txt,2437,380499.300,FINESTEERING,SOL_COMPUTED,NARROW_FLOAT,31,28,1.2214,2.8055,1.3,1314
gnss_raw.txt,2437,380499.400,FINESTEERING,SOL_COMPUTED,NARROW_FLOAT,31,28,1.2215,2.8056,1.4,1314
gnss_raw.txt,2437,380499.500,FINESTEERING,SOL_COMPUTED,NARROW_FLOAT,31,28,1.2215,2.8056,1.5,1314
gnss_raw.txt,2437,380499.600,FINESTEERING,SOL_COMPUTED,NARROW_FLOAT,32,29,1.2215,2.8056,1.6,1314
gnss_raw.txt,2437,380499.700,FINESTEERING,SOL_COMPUTED,NARROW_FLOAT,32,29,1.2215,2.8056,1.7,1314
gnss_raw.txt,2437,380499.800,FINESTEERING,SOL_COMPUTED,NARROW_FLOAT,32,29,1.2216,2.8056,1.8,1314
gnss_raw.txt,2437,380499.900,FINESTEERING,SOL_COMPUTED,NARROW_FLOAT,32,29,1.2216,2.8057,0.9,1314
gnss_raw.txt,2437,380500.000,FINESTEERING,SOL_COMPUTED,NARROW_FLOAT,32,29,1.486,3.3168,1.0,1314
gnss_raw.txt,2437,380500.100,FINESTEERING,SOL_COMPUTED,NARROW_FLOAT,32,29,1.486,3.3169,1.1,1314
gnss_raw.txt,2437,380500.200,FINESTEERING,SOL_COMPUTED,NARROW_FLOAT,31,28,1.4861,3.3169,1.2,1314
gnss_raw.txt,2437,380500.300,FINESTEERING,SOL_COMPUTED,NARROW_FLOAT,31,28,1.4861,3.3169,1.3,1314
gnss_raw.txt,2437,380500.400,FINESTEERING,SOL_COMPUTED,NARROW_FLOAT,31,28,1.4861,3.3169,1.4,1314
gnss_raw.txt,2437,380500.500,FINESTEERING,SOL_COMPUTED,NARROW_FLOAT,31,28,1.4861,3.3169,1.5,1314
gnss_raw.txt,2437,380500.600,FINESTEERING,SOL_COMPUTED,NARROW_FLOAT,32,29,1.4861,3.3169,1.6,1314
gnss_raw.txt,2437,380500.700,FINESTEERING,SOL_COMPUTED,NARROW_FLOAT,33,30,1.4861,3.3169,1.7,1314
gnss_raw.txt,2437,380500.800,FINESTEERING,SOL_COMPUTED,NARROW_FLOAT,33,30,1.4862,3.317,1.8,1314
gnss_raw.txt,2437,380500.900,FINESTEERING,SOL_COMPUTED,NARROW_FLOAT,33,30,1.4862,3.317,0.9,1314
gnss_raw.txt,2437,380501.000,FINESTEERING,SOL_COMPUTED,NARROW_FLOAT,32,29,0.9292,2.2786,1.0,1314
gnss_raw.txt,2437,380501.100,FINESTEERING,SOL_COMPUTED,NARROW_FLOAT,32,29,0.9293,2.2786,1.1,1314
gnss_raw.txt,2437,380501.200,FINESTEERING,SOL_COMPUTED,NARROW_FLOAT,31,28,0.9293,2.2786,1.2,1314
gnss_raw.txt,2437,380501.300,FINESTEERING,SOL_COMPUTED,NARROW_FLOAT,31,28,0.9293,2.2787,1.3,1314
gnss_raw.txt,2437,380501.400,FINESTEERING,SOL_COMPUTED,NARROW_FLOAT,31,28,0.9293,2.2787,1.4,1314
gnss_raw.txt,2437,380501.500,FINESTEERING,SOL_COMPUTED,NARROW_FLOAT,31,28,0.9293,2.2787,1.5,1314
gnss_raw.txt,2437,380501.600,FINESTEERING,SOL_COMPUTED,NARROW_FLOAT,31,28,0.9293,2.2787,1.6,1314
gnss_raw.txt,2437,380501.700,FINESTEERING,SOL_COMPUTED,NARROW_FLOAT,31,28,0.9294,2.2787,1.7,1314
gnss_raw.txt,2437,380501.800,FINESTEERING,SOL_COMPUTED,NARROW_FLOAT,31,28,0.9294,2.2787,0.8,1314
gnss_raw.txt,2437,380501.900,FINESTEERING,SOL_COMPUTED,NARROW_FLOAT,31,28,0.9294,2.2787,0.9,1314
gnss_raw.txt,2437,380502.000,FINESTEERING,SOL_COMPUTED,NARROW_FLOAT,31,28,0.9801,2.3549,1.0,1314
gnss_raw.txt,2437,380502.100,FINESTEERING,SOL_COMPUTED,NARROW_FLOAT,31,28,0.9802,2.355,1.1,1314
gnss_raw.txt,2437,380502.200,FINESTEERING,SOL_COMPUTED,NARROW_FLOAT,31,28,0.9802,2.355,1.2,1314
gnss_raw.txt,2437,380502.300,FINESTEERING,SOL_COMPUTED,NARROW_FLOAT,31,28,0.9803,2.355,1.3,1314
gnss_raw.txt,2437,380502.400,FINESTEERING,SOL_COMPUTED,NARROW_FLOAT,31,28,0.9803,2.3551,1.4,1314
gnss_raw.txt,2437,380502.500,FINESTEERING,SOL_COMPUTED,NARROW_FLOAT,31,28,0.9804,2.3551,1.5,1314
gnss_raw.txt,2437,380502.600,FINESTEERING,SOL_COMPUTED,NARROW_FLOAT,31,28,0.9804,2.3551,1.6,1314
gnss_raw.txt,2437,380502.700,FINESTEERING,SOL_COMPUTED,NARROW_FLOAT,31,28,0.9805,2.3551,1.7,1314
gnss_raw.txt,2437,380502.800,FINESTEERING,SOL_COMPUTED,NARROW_FLOAT,31,28,0.9805,2.3552,0.8,1314
gnss_raw.txt,2437,380502.900,FINESTEERING,SOL_COMPUTED,NARROW_FLOAT,31,28,0.9805,2.3552,0.9,1314
gnss_raw.txt,2437,380503.000,FINESTEERING,SOL_COMPUTED,NARROW_FLOAT,31,28,1.6546,3.8579,1.0,1314
gnss_raw.txt,2437,380503.100,FINESTEERING,SOL_COMPUTED,NARROW_FLOAT,32,29,1.6546,3.8579,1.1,1314
gnss_raw.txt,2437,380503.200,FINESTEERING,SOL_COMPUTED,NARROW_FLOAT,31,28,1.6546,3.8579,1.2,1314
gnss_raw.txt,2437,380503.300,FINESTEERING,SOL_COMPUTED,NARROW_FLOAT,31,28,1.6546,3.8579,1.3,1314
gnss_raw.txt,2437,380503.400,FINESTEERING,SOL_COMPUTED,NARROW_FLOAT,31,28,1.6547,3.858,1.4,1314
gnss_raw.txt,2437,380503.500,FINESTEERING,SOL_COMPUTED,NARROW_FLOAT,32,29,1.6547,3.858,1.5,1314
gnss_raw.txt,2437,380503.600,FINESTEERING,SOL_COMPUTED,NARROW_FLOAT,32,29,1.6547,3.858,1.6,1314
gnss_raw.txt,2437,380503.700,FINESTEERING,SOL_COMPUTED,NARROW_FLOAT,31,28,1.6548,3.858,1.7,1314
gnss_raw.txt,2437,380503.800,FINESTEERING,SOL_COMPUTED,NARROW_FLOAT,31,28,1.6548,3.858,1.8,1314
gnss_raw.txt,2437,380503.900,FINESTEERING,SOL_COMPUTED,NARROW_FLOAT,31,28,1.6548,3.858,0.9,1314
gnss_raw.txt,2437,380504.000,FINESTEERING,SOL_COMPUTED,NARROW_FLOAT,31,28,1.6973,3.7614,1.0,1314
gnss_raw.txt,2437,380504.100,FINESTEERING,SOL_COMPUTED,NARROW_FLOAT,30,28,1.6974,3.7614,1.1,1314
gnss_raw.txt,2437,380504.200,FINESTEERING,SOL_COMPUTED,NARROW_FLOAT,30,28,1.6974,3.7614,1.2,1314
gnss_raw.txt,2437,380504.300,FINESTEERING,SOL_COMPUTED,NARROW_FLOAT,31,28,1.6974,3.7614,1.3,1314
gnss_raw.txt,2437,380504.400,FINESTEERING,SOL_COMPUTED,NARROW_FLOAT,30,28,1.6975,3.7615,1.4,1314
gnss_raw.txt,2437,380504.500,FINESTEERING,SOL_COMPUTED,NARROW_FLOAT,30,28,1.6975,3.7615,1.5,1314
gnss_raw.txt,2437,380504.600,FINESTEERING,SOL_COMPUTED,NARROW_FLOAT,30,28,1.6976,3.7615,1.6,1314
gnss_raw.txt,2437,380504.700,FINESTEERING,SOL_COMPUTED,NARROW_FLOAT,30,28,1.6976,3.7615,1.7,1314
gnss_raw.txt,2437,380504.800,FINESTEERING,SOL_COMPUTED,NARROW_FLOAT,30,28,1.6976,3.7616,0.8,1314
gnss_raw.txt,2437,380504.900,FINESTEERING,SOL_COMPUTED,NARROW_FLOAT,30,28,1.6977,3.7616,0.9,1314
gnss_raw.txt,2437,380505.000,FINESTEERING,SOL_COMPUTED,NARROW_FLOAT,30,28,4.1397,8.2022,1.0,1314
gnss_raw.txt,2437,380505.100,FINESTEERING,SOL_COMPUTED,NARROW_FLOAT,30,28,4.1397,8.2022,1.1,1314
gnss_raw.txt,2437,380505.200,FINESTEERING,SOL_COMPUTED,NARROW_FLOAT,30,28,4.1397,8.2022,1.2,1314
gnss_raw.txt,2437,380505.300,FINESTEERING,SOL_COMPUTED,NARROW_FLOAT,30,28,4.1397,8.2022,1.3,1314
gnss_raw.txt,2437,380505.400,FINESTEERING,SOL_COMPUTED,NARROW_FLOAT,30,28,4.1397,8.2023,1.4,1314
gnss_raw.txt,2437,380505.500,FINESTEERING,SOL_COMPUTED,NARROW_FLOAT,30,28,4.1397,8.2023,1.5,1314
gnss_raw.txt,2437,380505.600,FINESTEERING,SOL_COMPUTED,NARROW_FLOAT,30,28,4.1398,8.2023,1.6,1314
gnss_raw.txt,2437,380505.700,FINESTEERING,SOL_COMPUTED,NARROW_FLOAT,30,28,4.1398,8.2023,1.7,1314
gnss_raw.txt,2437,380505.800,FINESTEERING,SOL_COMPUTED,NARROW_FLOAT,30,28,4.1398,8.2023,0.8,1314
gnss_raw.txt,2437,380505.900,FINESTEERING,SOL_COMPUTED,NARROW_FLOAT,30,28,4.1398,8.2023,0.9,1314
gnss_raw.txt,2437,380506.000,FINESTEERING,SOL_COMPUTED,NARROW_FLOAT,29,27,1.7307,3.7895,1.0,1314
gnss_raw.txt,2437,380506.100,FINESTEERING,SOL_COMPUTED,NARROW_FLOAT,29,27,1.7308,3.7896,1.1,1314
gnss_raw.txt,2437,380506.200,FINESTEERING,SOL_COMPUTED,NARROW_FLOAT,29,27,1.7308,3.7896,1.2,1314
gnss_raw.txt,2437,380506.300,FINESTEERING,SOL_COMPUTED,NARROW_FLOAT,29,27,1.7308,3.7896,1.3,1314
gnss_raw.txt,2437,380506.400,FINESTEERING,SOL_COMPUTED,NARROW_FLOAT,29,27,1.7309,3.7897,1.4,1314
gnss_raw.txt,2437,380506.500,FINESTEERING,SOL_COMPUTED,NARROW_FLOAT,29,27,1.7309,3.7897,1.5,1314
gnss_raw.txt,2437,380506.600,FINESTEERING,SOL_COMPUTED,NARROW_FLOAT,29,27,1.7311,3.7898,1.6,1314
gnss_raw.txt,2437,380506.700,FINESTEERING,SOL_COMPUTED,NARROW_FLOAT,29,27,1.7311,3.7898,1.7,1314
gnss_raw.txt,2437,380506.800,FINESTEERING,SOL_COMPUTED,NARROW_FLOAT,29,27,1.7311,3.7898,0.8,1314
gnss_raw.txt,2437,380506.900,FINESTEERING,SOL_COMPUTED,NARROW_FLOAT,29,27,1.7312,3.7899,0.9,1314
gnss_raw.txt,2437,380507.000,FINESTEERING,SOL_COMPUTED,NARROW_FLOAT,30,28,0.7795,1.578,1.0,1314
gnss_raw.txt,2437,380507.100,FINESTEERING,SOL_COMPUTED,NARROW_FLOAT,30,28,0.7798,1.5782,1.1,1314
gnss_raw.txt,2437,380507.200,FINESTEERING,SOL_COMPUTED,NARROW_FLOAT,30,28,0.7799,1.5783,1.2,1314
gnss_raw.txt,2437,380507.300,FINESTEERING,SOL_COMPUTED,NARROW_FLOAT,30,28,0.7801,1.5784,1.3,1314
gnss_raw.txt,2437,380507.400,FINESTEERING,SOL_COMPUTED,NARROW_FLOAT,31,28,0.7802,1.5785,1.4,1314
gnss_raw.txt,2437,380507.500,FINESTEERING,SOL_COMPUTED,NARROW_FLOAT,30,28,0.7803,1.5785,1.5,1314
gnss_raw.txt,2437,380507.600,FINESTEERING,SOL_COMPUTED,NARROW_FLOAT,30,28,0.7804,1.5786,1.6,1314
gnss_raw.txt,2437,380507.700,FINESTEERING,SOL_COMPUTED,NARROW_FLOAT,30,28,0.7804,1.5786,1.7,1314
gnss_raw.txt,2437,380507.800,FINESTEERING,SOL_COMPUTED,NARROW_FLOAT,30,28,0.7805,1.5787,1.8,1314
gnss_raw.txt,2437,380507.900,FINESTEERING,SOL_COMPUTED,NARROW_FLOAT,30,28,0.7806,1.5787,1.9,1314
gnss_raw.txt,2437,380508.000,FINESTEERING,SOL_COMPUTED,NARROW_FLOAT,30,28,0.9017,1.6774,1.0,1314
gnss_raw.txt,2437,380508.100,FINESTEERING,SOL_COMPUTED,NARROW_FLOAT,30,28,0.9018,1.6775,1.1,1314
gnss_raw.txt,2437,380508.200,FINESTEERING,SOL_COMPUTED,NARROW_FLOAT,30,28,0.9019,1.6776,1.2,1314
gnss_raw.txt,2437,380508.300,FINESTEERING,SOL_COMPUTED,NARROW_FLOAT,30,28,0.9019,1.6776,1.3,1314
gnss_raw.txt,2437,380508.400,FINESTEERING,SOL_COMPUTED,NARROW_FLOAT,30,28,0.902,1.6777,1.4,1314
gnss_raw.txt,2437,380508.500,FINESTEERING,SOL_COMPUTED,NARROW_FLOAT,30,28,0.9021,1.6777,1.5,1314
gnss_raw.txt,2437,380508.600,FINESTEERING,SOL_COMPUTED,NARROW_FLOAT,30,28,0.9022,1.6778,1.6,1314
gnss_raw.txt,2437,380508.700,FINESTEERING,SOL_COMPUTED,NARROW_FLOAT,31,29,0.9022,1.6778,1.7,1314
gnss_raw.txt,2437,380508.800,FINESTEERING,SOL_COMPUTED,NARROW_FLOAT,30,28,0.9022,1.6778,1.8,1314
gnss_raw.txt,2437,380508.900,FINESTEERING,SOL_COMPUTED,NARROW_FLOAT,30,28,0.9023,1.6779,0.9,1314
gnss_raw.txt,2437,380509.000,FINESTEERING,SOL_COMPUTED,NARROW_FLOAT,29,28,2.0534,3.8304,1.0,1314
gnss_raw.txt,2437,380509.100,FINESTEERING,SOL_COMPUTED,NARROW_FLOAT,29,28,2.0534,3.8304,1.1,1314
gnss_raw.txt,2437,380509.200,FINESTEERING,SOL_COMPUTED,NARROW_FLOAT,29,28,2.0534,3.8304,1.2,1314
gnss_raw.txt,2437,380509.300,FINESTEERING,SOL_COMPUTED,NARROW_FLOAT,29,28,2.0534,3.8304,1.3,1314
gnss_raw.txt,2437,380509.400,FINESTEERING,SOL_COMPUTED,NARROW_FLOAT,29,28,2.0535,3.8305,1.4,1314
gnss_raw.txt,2437,380509.500,FINESTEERING,SOL_COMPUTED,NARROW_FLOAT,29,28,2.0536,3.8305,1.5,1314
gnss_raw.txt,2437,380509.600,FINESTEERING,SOL_COMPUTED,NARROW_FLOAT,29,28,2.0536,3.8306,1.6,1314
gnss_raw.txt,2437,380509.700,FINESTEERING,SOL_COMPUTED,NARROW_FLOAT,29,28,2.0537,3.8306,1.7,1314
gnss_raw.txt,2437,380509.800,FINESTEERING,SOL_COMPUTED,NARROW_FLOAT,28,27,2.0537,3.8306,1.8,1314
gnss_raw.txt,2437,380509.900,FINESTEERING,SOL_COMPUTED,NARROW_FLOAT,27,26,2.0538,3.8307,0.9,1314
gnss_raw.txt,2437,380510.000,FINESTEERING,SOL_COMPUTED,NARROW_FLOAT,28,27,1.2049,2.205,1.0,1314
gnss_raw.txt,2437,380510.100,FINESTEERING,SOL_COMPUTED,NARROW_FLOAT,28,27,1.205,2.2051,1.1,1314
gnss_raw.txt,2437,380510.200,FINESTEERING,SOL_COMPUTED,NARROW_FLOAT,28,27,1.2051,2.2052,1.2,1314
gnss_raw.txt,2437,380510.300,FINESTEERING,SOL_COMPUTED,NARROW_FLOAT,27,26,1.2051,2.2052,1.3,1314
gnss_raw.txt,2437,380510.400,FINESTEERING,SOL_COMPUTED,NARROW_FLOAT,27,26,1.2052,2.2052,1.4,1314
gnss_raw.txt,2437,380510.500,FINESTEERING,SOL_COMPUTED,NARROW_FLOAT,27,26,1.2052,2.2053,1.5,1314
gnss_raw.txt,2437,380510.600,FINESTEERING,SOL_COMPUTED,NARROW_FLOAT,27,26,1.2053,2.2053,1.6,1314
gnss_raw.txt,2437,380510.700,FINESTEERING,SOL_COMPUTED,NARROW_FLOAT,28,27,1.2054,2.2054,1.7,1314
gnss_raw.txt,2437,380510.800,FINESTEERING,SOL_COMPUTED,NARROW_FLOAT,28,27,1.2054,2.2054,1.8,1314
gnss_raw.txt,2437,380510.900,FINESTEERING,SOL_COMPUTED,NARROW_FLOAT,29,28,1.2055,2.2055,0.9,1314
gnss_raw.txt,2437,380511.000,FINESTEERING,SOL_COMPUTED,NARROW_FLOAT,29,28,1.5779,2.8092,1.0,1314
gnss_raw.txt,2437,380511.100,FINESTEERING,SOL_COMPUTED,NARROW_FLOAT,28,27,1.578,2.8092,1.1,1314
gnss_raw.txt,2437,380511.200,FINESTEERING,SOL_COMPUTED,NARROW_FLOAT,28,27,1.578,2.8093,1.2,1314
gnss_raw.txt,2437,380511.300,FINESTEERING,SOL_COMPUTED,NARROW_FLOAT,28,27,1.5781,2.8093,1.3,1314
gnss_raw.txt,2437,380511.400,FINESTEERING,SOL_COMPUTED,NARROW_FLOAT,28,27,1.5781,2.8094,1.4,1314
gnss_raw.txt,2437,380511.500,FINESTEERING,SOL_COMPUTED,NARROW_FLOAT,28,27,1.5782,2.8094,1.5,1314
gnss_raw.txt,2437,380511.600,FINESTEERING,SOL_COMPUTED,NARROW_FLOAT,28,27,1.5782,2.8094,1.6,1314
gnss_raw.txt,2437,380511.700,FINESTEERING,SOL_COMPUTED,NARROW_FLOAT,28,27,1.5783,2.8095,1.7,1314
gnss_raw.txt,2437,380511.800,FINESTEERING,SOL_COMPUTED,NARROW_FLOAT,28,27,1.5783,2.8095,1.8,1314
gnss_raw.txt,2437,380511.900,FINESTEERING,SOL_COMPUTED,NARROW_FLOAT,28,27,1.5783,2.8095,1.9,1314
gnss_raw.txt,2437,380512.000,FINESTEERING,SOL_COMPUTED,NARROW_FLOAT,28,27,1.9447,3.3823,1.0,1314
gnss_raw.txt,2437,380512.100,FINESTEERING,SOL_COMPUTED,NARROW_FLOAT,28,27,1.9447,3.3824,1.1,1314
gnss_raw.txt,2437,380512.200,FINESTEERING,SOL_COMPUTED,NARROW_FLOAT,29,28,1.9447,3.3824,1.2,1314
gnss_raw.txt,2437,380512.300,FINESTEERING,SOL_COMPUTED,NARROW_FLOAT,28,27,1.9448,3.3824,1.3,1314
gnss_raw.txt,2437,380512.400,FINESTEERING,SOL_COMPUTED,NARROW_FLOAT,28,27,1.9448,3.3825,1.4,1314
gnss_raw.txt,2437,380512.500,FINESTEERING,SOL_COMPUTED,NARROW_FLOAT,28,27,1.9449,3.3825,1.5,1314
gnss_raw.txt,2437,380512.600,FINESTEERING,SOL_COMPUTED,NARROW_FLOAT,28,27,1.9449,3.3825,1.6,1314
gnss_raw.txt,2437,380512.700,FINESTEERING,SOL_COMPUTED,NARROW_FLOAT,28,27,1.945,3.3826,1.7,1314
gnss_raw.txt,2437,380512.800,FINESTEERING,SOL_COMPUTED,NARROW_FLOAT,28,27,1.945,3.3826,1.8,1314
gnss_raw.txt,2437,380512.900,FINESTEERING,SOL_COMPUTED,NARROW_FLOAT,27,26,1.945,3.3826,0.9,1314
gnss_raw.txt,2437,380513.000,FINESTEERING,SOL_COMPUTED,NARROW_FLOAT,27,26,2.7729,4.9033,1.0,1314
gnss_raw.txt,2437,380513.100,FINESTEERING,SOL_COMPUTED,NARROW_FLOAT,28,27,2.7729,4.9034,1.1,1314
gnss_raw.txt,2437,380513.200,FINESTEERING,SOL_COMPUTED,NARROW_FLOAT,28,27,2.7729,4.9034,1.2,1314
gnss_raw.txt,2437,380513.300,FINESTEERING,SOL_COMPUTED,NARROW_FLOAT,28,27,2.773,4.9034,1.3,1314
gnss_raw.txt,2437,380513.400,FINESTEERING,SOL_COMPUTED,NARROW_FLOAT,28,27,2.773,4.9034,1.4,1314
gnss_raw.txt,2437,380513.500,FINESTEERING,SOL_COMPUTED,NARROW_FLOAT,28,27,2.7731,4.9035,1.5,1314
gnss_raw.txt,2437,380513.600,FINESTEERING,SOL_COMPUTED,NARROW_FLOAT,28,27,2.7731,4.9035,1.6,1314
gnss_raw.txt,2437,380513.700,FINESTEERING,SOL_COMPUTED,NARROW_FLOAT,28,27,2.7731,4.9035,1.7,1314
gnss_raw.txt,2437,380513.800,FINESTEERING,SOL_COMPUTED,NARROW_FLOAT,28,27,2.7732,4.9035,0.8,1314
gnss_raw.txt,2437,380513.900,FINESTEERING,SOL_COMPUTED,NARROW_FLOAT,28,27,2.7732,4.9036,0.9,1314
gnss_raw.txt,2437,380514.000,FINESTEERING,SOL_COMPUTED,NARROW_FLOAT,28,27,2.581,4.5059,1.0,1314
gnss_raw.txt,2437,380514.100,FINESTEERING,SOL_COMPUTED,NARROW_FLOAT,28,27,2.581,4.5059,1.1,1314
gnss_raw.txt,2437,380514.200,FINESTEERING,SOL_COMPUTED,NARROW_FLOAT,28,27,2.581,4.5059,1.2,1314
gnss_raw.txt,2437,380514.300,FINESTEERING,SOL_COMPUTED,NARROW_FLOAT,28,27,2.5811,4.506,1.3,1314
gnss_raw.txt,2437,380514.400,FINESTEERING,SOL_COMPUTED,NARROW_FLOAT,28,27,2.5811,4.506,1.4,1314
gnss_raw.txt,2437,380514.500,FINESTEERING,SOL_COMPUTED,NARROW_FLOAT,28,27,2.5811,4.506,1.5,1314
gnss_raw.txt,2437,380514.600,FINESTEERING,SOL_COMPUTED,NARROW_FLOAT,28,27,2.5812,4.5061,1.6,1314
gnss_raw.txt,2437,380514.700,FINESTEERING,SOL_COMPUTED,NARROW_FLOAT,28,27,2.5812,4.5061,1.7,1314
gnss_raw.txt,2437,380514.800,FINESTEERING,SOL_COMPUTED,NARROW_FLOAT,28,27,2.5812,4.5061,1.8,1314
gnss_raw.txt,2437,380514.900,FINESTEERING,SOL_COMPUTED,NARROW_FLOAT,28,27,2.5813,4.5061,0.9,1314
gnss_raw.txt,2437,380515.000,FINESTEERING,SOL_COMPUTED,NARROW_FLOAT,29,28,1.5461,2.7672,1.0,1314
gnss_raw.txt,2437,380515.100,FINESTEERING,SOL_COMPUTED,NARROW_FLOAT,29,28,1.5462,2.7673,1.1,1314
gnss_raw.txt,2437,380515.200,FINESTEERING,SOL_COMPUTED,NARROW_FLOAT,29,28,1.5462,2.7673,1.2,1314
gnss_raw.txt,2437,380515.300,FINESTEERING,SOL_COMPUTED,NARROW_FLOAT,30,29,1.5462,2.7673,1.3,1314
gnss_raw.txt,2437,380515.400,FINESTEERING,SOL_COMPUTED,NARROW_FLOAT,30,29,1.5463,2.7673,1.4,1314
gnss_raw.txt,2437,380515.500,FINESTEERING,SOL_COMPUTED,NARROW_FLOAT,30,29,1.5463,2.7674,1.5,1314
gnss_raw.txt,2437,380515.600,FINESTEERING,SOL_COMPUTED,NARROW_FLOAT,29,28,1.5463,2.7674,1.6,1314
gnss_raw.txt,2437,380515.700,FINESTEERING,SOL_COMPUTED,NARROW_FLOAT,29,28,1.5463,2.7674,1.7,1314
gnss_raw.txt,2437,380515.800,FINESTEERING,SOL_COMPUTED,NARROW_FLOAT,29,28,1.5463,2.7674,0.8,1314
gnss_raw.txt,2437,380515.900,FINESTEERING,SOL_COMPUTED,NARROW_FLOAT,29,28,1.5464,2.7674,0.9,1314
gnss_raw.txt,2437,380516.000,FINESTEERING,SOL_COMPUTED,NARROW_FLOAT,29,28,2.983,5.992,1.0,1314
gnss_raw.txt,2437,380516.100,FINESTEERING,SOL_COMPUTED,NARROW_FLOAT,29,28,2.983,5.992,1.1,1314
gnss_raw.txt,2437,380516.200,FINESTEERING,SOL_COMPUTED,NARROW_FLOAT,30,29,2.983,5.9921,1.2,1314
gnss_raw.txt,2437,380516.300,FINESTEERING,SOL_COMPUTED,NARROW_FLOAT,30,29,2.983,5.9921,1.3,1314
gnss_raw.txt,2437,380516.400,FINESTEERING,SOL_COMPUTED,NARROW_FLOAT,30,29,2.983,5.9921,1.4,1314
gnss_raw.txt,2437,380516.500,FINESTEERING,SOL_COMPUTED,NARROW_FLOAT,30,29,2.983,5.9921,1.5,1314
gnss_raw.txt,2437,380516.600,FINESTEERING,SOL_COMPUTED,NARROW_FLOAT,30,29,2.9832,5.9921,1.6,1314
gnss_raw.txt,2437,380516.700,FINESTEERING,SOL_COMPUTED,NARROW_FLOAT,30,29,2.9832,5.9922,0.7,1314
gnss_raw.txt,2437,380516.800,FINESTEERING,SOL_COMPUTED,NARROW_FLOAT,30,29,2.9832,5.9922,0.8,1314
gnss_raw.txt,2437,380516.900,FINESTEERING,SOL_COMPUTED,NARROW_FLOAT,30,29,2.9832,5.9922,0.9,1314
gnss_raw.txt,2437,380517.000,FINESTEERING,SOL_COMPUTED,NARROW_FLOAT,30,29,1.9317,3.8112,1.0,1314
gnss_raw.txt,2437,380517.100,FINESTEERING,SOL_COMPUTED,NARROW_FLOAT,30,29,1.9318,3.8112,1.1,1314
gnss_raw.txt,2437,380517.200,FINESTEERING,SOL_COMPUTED,NARROW_FLOAT,30,29,1.9318,3.8112,1.2,1314
gnss_raw.txt,2437,380517.300,FINESTEERING,SOL_COMPUTED,NARROW_FLOAT,30,29,1.9318,3.8112,1.3,1314
gnss_raw.txt,2437,380517.400,FINESTEERING,SOL_COMPUTED,NARROW_FLOAT,30,29,1.9319,3.8112,1.4,1314
gnss_raw.txt,2437,380517.500,FINESTEERING,SOL_COMPUTED,NARROW_FLOAT,29,28,1.9319,3.8113,1.5,1314
gnss_raw.txt,2437,380517.600,FINESTEERING,SOL_COMPUTED,NARROW_FLOAT,29,28,1.9319,3.8113,1.6,1314
gnss_raw.txt,2437,380517.700,FINESTEERING,SOL_COMPUTED,NARROW_FLOAT,29,28,1.932,3.8113,1.7,1314
gnss_raw.txt,2437,380517.800,FINESTEERING,SOL_COMPUTED,NARROW_FLOAT,29,28,1.932,3.8114,1.8,1314
gnss_raw.txt,2437,380517.900,FINESTEERING,SOL_COMPUTED,NARROW_FLOAT,28,27,1.932,3.8114,1.9,1314
gnss_raw.txt,2437,380518.000,FINESTEERING,SOL_COMPUTED,NARROW_FLOAT,29,28,2.6804,5.1776,1.0,1314
gnss_raw.txt,2437,380518.100,FINESTEERING,SOL_COMPUTED,NARROW_FLOAT,29,28,2.6805,5.1777,1.1,1314
gnss_raw.txt,2437,380518.200,FINESTEERING,SOL_COMPUTED,NARROW_FLOAT,29,28,2.6805,5.1777,1.2,1314
gnss_raw.txt,2437,380518.300,FINESTEERING,SOL_COMPUTED,NARROW_FLOAT,29,28,2.6805,5.1777,1.3,1314
gnss_raw.txt,2437,380518.400,FINESTEERING,SOL_COMPUTED,NARROW_FLOAT,29,28,2.6805,5.1777,1.4,1314
gnss_raw.txt,2437,380518.500,FINESTEERING,SOL_COMPUTED,NARROW_FLOAT,29,28,2.6806,5.1777,1.5,1314
gnss_raw.txt,2437,380518.600,FINESTEERING,SOL_COMPUTED,NARROW_FLOAT,29,28,2.6806,5.1778,1.6,1314
gnss_raw.txt,2437,380518.700,FINESTEERING,SOL_COMPUTED,NARROW_FLOAT,29,28,2.6806,5.1778,1.7,1314
gnss_raw.txt,2437,380518.800,FINESTEERING,SOL_COMPUTED,NARROW_FLOAT,29,28,2.6806,5.1778,0.8,1314
gnss_raw.txt,2437,380518.900,FINESTEERING,SOL_COMPUTED,NARROW_FLOAT,29,28,2.6806,5.1778,0.9,1314
gnss_raw.txt,2437,380519.000,FINESTEERING,SOL_COMPUTED,NARROW_FLOAT,29,28,1.2279,2.3251,1.0,1314
gnss_raw.txt,2437,380519.100,FINESTEERING,SOL_COMPUTED,NARROW_FLOAT,29,28,1.2279,2.3251,1.1,1314
gnss_raw.txt,2437,380519.200,FINESTEERING,SOL_COMPUTED,NARROW_FLOAT,28,27,1.2281,2.3252,1.2,1314
gnss_raw.txt,2437,380519.300,FINESTEERING,SOL_COMPUTED,NARROW_FLOAT,28,27,1.2281,2.3252,1.3,1314
gnss_raw.txt,2437,380519.400,FINESTEERING,SOL_COMPUTED,NARROW_FLOAT,28,27,1.2283,2.3253,1.4,1314
gnss_raw.txt,2437,380519.500,FINESTEERING,SOL_COMPUTED,NARROW_FLOAT,28,27,1.2283,2.3254,1.5,1314
gnss_raw.txt,2437,380519.600,FINESTEERING,SOL_COMPUTED,NARROW_FLOAT,28,27,1.2284,2.3254,1.6,1314
gnss_raw.txt,2437,380519.700,FINESTEERING,SOL_COMPUTED,NARROW_FLOAT,28,27,1.2285,2.3255,1.7,1314
gnss_raw.txt,2437,380519.800,FINESTEERING,SOL_COMPUTED,NARROW_FLOAT,28,27,1.2285,2.3255,1.8,1314
gnss_raw.txt,2437,380519.900,FINESTEERING,SOL_COMPUTED,NARROW_FLOAT,29,28,1.2285,2.3256,0.9,1314
gnss_raw.txt,2437,380520.000,FINESTEERING,SOL_COMPUTED,NARROW_FLOAT,29,28,2.9134,5.3916,1.0,1314
gnss_raw.txt,2437,380520.100,FINESTEERING,SOL_COMPUTED,NARROW_FLOAT,29,28,2.9134,5.3916,1.1,1314
gnss_raw.txt,2437,380520.200,FINESTEERING,SOL_COMPUTED,NARROW_FLOAT,29,28,2.9134,5.3916,1.2,1314
gnss_raw.txt,2437,380520.300,FINESTEERING,SOL_COMPUTED,NARROW_FLOAT,29,28,2.9135,5.3916,1.3,1314
gnss_raw.txt,2437,380520.400,FINESTEERING,SOL_COMPUTED,NARROW_FLOAT,29,28,2.9135,5.3917,1.4,1314
gnss_raw.txt,2437,380520.500,FINESTEERING,SOL_COMPUTED,NARROW_FLOAT,29,28,2.9135,5.3917,1.5,1314
gnss_raw.txt,2437,380520.600,FINESTEERING,SOL_COMPUTED,NARROW_FLOAT,29,28,2.9135,5.3917,1.6,1314
gnss_raw.txt,2437,380520.700,FINESTEERING,SOL_COMPUTED,NARROW_FLOAT,29,28,2.9136,5.3917,1.7,1314
gnss_raw.txt,2437,380520.800,FINESTEERING,SOL_COMPUTED,NARROW_FLOAT,29,28,2.9136,5.3917,0.8,1314
gnss_raw.txt,2437,380520.900,FINESTEERING,SOL_COMPUTED,NARROW_FLOAT,29,28,2.9136,5.3918,0.9,1314
gnss_raw.txt,2437,380521.000,FINESTEERING,SOL_COMPUTED,NARROW_FLOAT,29,28,3.1634,5.7241,1.0,1314
gnss_raw.txt,2437,380521.100,FINESTEERING,SOL_COMPUTED,NARROW_FLOAT,29,28,3.1634,5.7242,1.1,1314
gnss_raw.txt,2437,380521.200,FINESTEERING,SOL_COMPUTED,NARROW_FLOAT,29,28,3.1634,5.7242,1.2,1314
gnss_raw.txt,2437,380521.300,FINESTEERING,SOL_COMPUTED,NARROW_FLOAT,29,28,3.1634,5.7242,1.3,1314
gnss_raw.txt,2437,380521.400,FINESTEERING,SOL_COMPUTED,NARROW_FLOAT,29,28,3.1634,5.7242,1.4,1314
gnss_raw.txt,2437,380521.500,FINESTEERING,SOL_COMPUTED,NARROW_FLOAT,29,28,3.1635,5.7242,1.5,1314
gnss_raw.txt,2437,380521.600,FINESTEERING,SOL_COMPUTED,NARROW_FLOAT,29,28,3.1635,5.7243,1.6,1314
gnss_raw.txt,2437,380521.700,FINESTEERING,SOL_COMPUTED,NARROW_FLOAT,29,28,3.1635,5.7243,1.7,1314
gnss_raw.txt,2437,380521.800,FINESTEERING,SOL_COMPUTED,NARROW_FLOAT,29,28,3.1635,5.7243,1.8,1314
gnss_raw.txt,2437,380521.900,FINESTEERING,SOL_COMPUTED,NARROW_FLOAT,29,28,3.1635,5.7243,0.9,1314
gnss_raw.txt,2437,380522.000,FINESTEERING,SOL_COMPUTED,NARROW_FLOAT,29,28,3.0929,5.9252,1.0,1314
gnss_raw.txt,2437,380522.100,FINESTEERING,SOL_COMPUTED,NARROW_FLOAT,30,29,3.0929,5.9252,1.1,1314
gnss_raw.txt,2437,380522.200,FINESTEERING,SOL_COMPUTED,NARROW_FLOAT,30,29,3.0929,5.9253,1.2,1314
gnss_raw.txt,2437,380522.300,FINESTEERING,SOL_COMPUTED,NARROW_FLOAT,30,29,3.0929,5.9253,1.3,1314
gnss_raw.txt,2437,380522.400,FINESTEERING,SOL_COMPUTED,NARROW_FLOAT,30,29,3.0929,5.9253,1.4,1314
gnss_raw.txt,2437,380522.500,FINESTEERING,SOL_COMPUTED,NARROW_FLOAT,30,29,3.093,5.9253,1.5,1314
gnss_raw.txt,2437,380522.600,FINESTEERING,SOL_COMPUTED,NARROW_FLOAT,29,28,3.093,5.9253,1.6,1314
gnss_raw.txt,2437,380522.700,FINESTEERING,SOL_COMPUTED,NARROW_FLOAT,29,28,3.093,5.9253,1.7,1314
gnss_raw.txt,2437,380522.800,FINESTEERING,SOL_COMPUTED,NARROW_FLOAT,29,28,3.093,5.9253,1.8,1314
gnss_raw.txt,2437,380522.900,FINESTEERING,SOL_COMPUTED,NARROW_FLOAT,29,28,3.0931,5.9254,1.9,1314
gnss_raw.txt,2437,380523.000,FINESTEERING,SOL_COMPUTED,NARROW_FLOAT,29,28,4.7619,9.1656,1.0,1314
gnss_raw.txt,2437,380523.100,FINESTEERING,SOL_COMPUTED,NARROW_FLOAT,29,28,4.7619,9.1656,1.1,1314
gnss_raw.txt,2437,380523.200,FINESTEERING,SOL_COMPUTED,NARROW_FLOAT,29,28,4.7619,9.1656,1.2,1314
gnss_raw.txt,2437,380523.300,FINESTEERING,SOL_COMPUTED,NARROW_FLOAT,29,28,4.7619,9.1656,1.3,1314
gnss_raw.txt,2437,380523.400,FINESTEERING,SOL_COMPUTED,NARROW_FLOAT,29,28,4.762,9.1657,1.4,1314
gnss_raw.txt,2437,380523.500,FINESTEERING,SOL_COMPUTED,NARROW_FLOAT,29,28,4.762,9.1657,1.5,1314
gnss_raw.txt,2437,380523.600,FINESTEERING,SOL_COMPUTED,NARROW_FLOAT,29,28,4.762,9.1657,1.6,1314
gnss_raw.txt,2437,380523.700,FINESTEERING,SOL_COMPUTED,NARROW_FLOAT,29,28,4.762,9.1657,1.7,1314
gnss_raw.txt,2437,380523.800,FINESTEERING,SOL_COMPUTED,NARROW_FLOAT,29,28,4.762,9.1657,1.8,1314
gnss_raw.txt,2437,380523.900,FINESTEERING,SOL_COMPUTED,NARROW_FLOAT,29,28,4.762,9.1657,0.9,1314
gnss_raw.txt,2437,380524.000,FINESTEERING,SOL_COMPUTED,NARROW_FLOAT,29,28,3.9066,7.3155,1.0,1314
gnss_raw.txt,2437,380524.100,FINESTEERING,SOL_COMPUTED,NARROW_FLOAT,28,27,3.9066,7.3155,1.1,1314
gnss_raw.txt,2437,380524.200,FINESTEERING,SOL_COMPUTED,NARROW_FLOAT,28,27,3.9067,7.3155,1.2,1314
gnss_raw.txt,2437,380524.300,FINESTEERING,SOL_COMPUTED,NARROW_FLOAT,28,27,3.9067,7.3155,1.3,1314
gnss_raw.txt,2437,380524.400,FINESTEERING,SOL_COMPUTED,NARROW_FLOAT,28,27,3.9067,7.3155,1.4,1314
gnss_raw.txt,2437,380524.500,FINESTEERING,SOL_COMPUTED,NARROW_FLOAT,28,27,3.9067,7.3155,1.5,1314
gnss_raw.txt,2437,380524.600,FINESTEERING,SOL_COMPUTED,NARROW_FLOAT,28,27,3.9067,7.3156,1.6,1314
gnss_raw.txt,2437,380524.700,FINESTEERING,SOL_COMPUTED,NARROW_FLOAT,28,27,3.9067,7.3156,1.7,1314
gnss_raw.txt,2437,380524.800,FINESTEERING,SOL_COMPUTED,NARROW_FLOAT,28,27,3.9067,7.3156,0.8,1314
gnss_raw.txt,2437,380524.900,FINESTEERING,SOL_COMPUTED,NARROW_FLOAT,28,27,3.9068,7.3156,0.9,1314
gnss_raw.txt,2437,380525.000,FINESTEERING,SOL_COMPUTED,NARROW_FLOAT,28,27,1.2944,2.3794,1.0,1314
gnss_raw.txt,2437,380525.100,FINESTEERING,SOL_COMPUTED,NARROW_FLOAT,28,27,1.2945,2.3794,1.1,1314
gnss_raw.txt,2437,380525.200,FINESTEERING,SOL_COMPUTED,NARROW_FLOAT,28,27,1.2945,2.3795,1.2,1314
gnss_raw.txt,2437,380525.300,FINESTEERING,SOL_COMPUTED,NARROW_FLOAT,28,27,1.2945,2.3795,1.3,1314
gnss_raw.txt,2437,380525.400,FINESTEERING,SOL_COMPUTED,NARROW_FLOAT,28,27,1.2946,2.3795,1.4,1314
gnss_raw.txt,2437,380525.500,FINESTEERING,SOL_COMPUTED,NARROW_FLOAT,28,27,1.2946,2.3796,1.5,1314
gnss_raw.txt,2437,380525.600,FINESTEERING,SOL_COMPUTED,NARROW_FLOAT,27,26,1.2946,2.3796,1.6,1314
gnss_raw.txt,2437,380525.700,FINESTEERING,SOL_COMPUTED,NARROW_FLOAT,28,27,1.2947,2.3796,1.7,1314
gnss_raw.txt,2437,380525.800,FINESTEERING,SOL_COMPUTED,NARROW_FLOAT,28,27,1.2947,2.3797,1.8,1314
gnss_raw.txt,2437,380525.900,FINESTEERING,SOL_COMPUTED,NARROW_FLOAT,28,27,1.2948,2.3797,0.9,1314
gnss_raw.txt,2437,380526.000,FINESTEERING,SOL_COMPUTED,NARROW_FLOAT,28,27,1.9462,3.6488,1.0,1314
gnss_raw.txt,2437,380526.100,FINESTEERING,SOL_COMPUTED,NARROW_FLOAT,28,27,1.9463,3.6488,1.1,1314
gnss_raw.txt,2437,380526.200,FINESTEERING,SOL_COMPUTED,NARROW_FLOAT,28,27,1.9463,3.6488,1.2,1314
gnss_raw.txt,2437,380526.300,FINESTEERING,SOL_COMPUTED,NARROW_FLOAT,28,27,1.9463,3.6489,1.3,1314
gnss_raw.txt,2437,380526.400,FINESTEERING,SOL_COMPUTED,NARROW_FLOAT,30,29,1.9464,3.6489,1.4,1314
gnss_raw.txt,2437,380526.500,FINESTEERING,SOL_COMPUTED,NARROW_FLOAT,30,29,1.9464,3.6489,1.5,1314
gnss_raw.txt,2437,380526.600,FINESTEERING,SOL_COMPUTED,NARROW_FLOAT,30,29,1.9464,3.6489,1.6,1314
gnss_raw.txt,2437,380526.700,FINESTEERING,SOL_COMPUTED,NARROW_FLOAT,30,29,1.9465,3.649,1.7,1314
gnss_raw.txt,2437,380526.800,FINESTEERING,SOL_COMPUTED,NARROW_FLOAT,30,29,1.9465,3.649,1.8,1314
gnss_raw.txt,2437,380526.900,FINESTEERING,SOL_COMPUTED,NARROW_FLOAT,30,29,1.9465,3.649,0.9,1314
gnss_raw.txt,2437,380527.000,FINESTEERING,SOL_COMPUTED,NARROW_FLOAT,30,29,2.5248,5.4115,1.0,1314
gnss_raw.txt,2437,380527.100,FINESTEERING,SOL_COMPUTED,NARROW_FLOAT,30,29,2.5248,5.4115,1.1,1314
gnss_raw.txt,2437,380527.200,FINESTEERING,SOL_COMPUTED,NARROW_FLOAT,30,29,2.5249,5.4116,1.2,1314
gnss_raw.txt,2437,380527.300,FINESTEERING,SOL_COMPUTED,NARROW_FLOAT,30,29,2.5249,5.4116,1.3,1314
gnss_raw.txt,2437,380527.400,FINESTEERING,SOL_COMPUTED,NARROW_FLOAT,30,29,2.5249,5.4116,1.4,1314
gnss_raw.txt,2437,380527.500,FINESTEERING,SOL_COMPUTED,NARROW_FLOAT,30,29,2.525,5.4116,1.5,1314
gnss_raw.txt,2437,380527.600,FINESTEERING,SOL_COMPUTED,NARROW_FLOAT,30,29,2.525,5.4117,1.6,1314
gnss_raw.txt,2437,380527.700,FINESTEERING,SOL_COMPUTED,NARROW_FLOAT,30,29,2.525,5.4117,1.7,1314
gnss_raw.txt,2437,380527.800,FINESTEERING,SOL_COMPUTED,NARROW_FLOAT,30,29,2.5251,5.4117,1.8,1314
gnss_raw.txt,2437,380527.900,FINESTEERING,SOL_COMPUTED,NARROW_FLOAT,30,29,2.5251,5.4117,0.9,1314
gnss_raw.txt,2437,380528.000,FINESTEERING,SOL_COMPUTED,NARROW_FLOAT,30,29,1.3231,2.8553,1.0,1314
gnss_raw.txt,2437,380528.100,FINESTEERING,SOL_COMPUTED,NARROW_FLOAT,30,29,1.3231,2.8554,1.1,1314
gnss_raw.txt,2437,380528.200,FINESTEERING,SOL_COMPUTED,NARROW_FLOAT,30,29,1.3232,2.8554,1.2,1314
gnss_raw.txt,2437,380528.300,FINESTEERING,SOL_COMPUTED,NARROW_FLOAT,30,29,1.3233,2.8555,1.3,1314
gnss_raw.txt,2437,380528.400,FINESTEERING,SOL_COMPUTED,NARROW_FLOAT,30,29,1.3233,2.8555,1.4,1314
gnss_raw.txt,2437,380528.500,FINESTEERING,SOL_COMPUTED,NARROW_FLOAT,30,29,1.3234,2.8555,1.5,1314
gnss_raw.txt,2437,380528.600,FINESTEERING,SOL_COMPUTED,NARROW_FLOAT,30,29,1.3234,2.8555,1.6,1314
gnss_raw.txt,2437,380528.700,FINESTEERING,SOL_COMPUTED,NARROW_FLOAT,30,29,1.3235,2.8556,1.7,1314
gnss_raw.txt,2437,380528.800,FINESTEERING,SOL_COMPUTED,NARROW_FLOAT,30,29,1.3235,2.8556,0.8,1314
gnss_raw.txt,2437,380528.900,FINESTEERING,SOL_COMPUTED,NARROW_FLOAT,30,29,1.3235,2.8556,0.9,1314
gnss_raw.txt,2437,380529.000,FINESTEERING,SOL_COMPUTED,NARROW_FLOAT,30,29,1.8037,3.6036,1.0,1314
gnss_raw.txt,2437,380529.100,FINESTEERING,SOL_COMPUTED,NARROW_FLOAT,30,29,1.8038,3.6036,1.1,1314
gnss_raw.txt,2437,380529.200,FINESTEERING,SOL_COMPUTED,NARROW_FLOAT,30,29,1.8038,3.6036,1.2,1314
gnss_raw.txt,2437,380529.300,FINESTEERING,SOL_COMPUTED,NARROW_FLOAT,30,29,1.8039,3.6037,1.3,1314
gnss_raw.txt,2437,380529.400,FINESTEERING,SOL_COMPUTED,NARROW_FLOAT,31,29,1.8039,3.6037,1.4,1314
gnss_raw.txt,2437,380529.500,FINESTEERING,SOL_COMPUTED,NARROW_FLOAT,31,29,1.8039,3.6037,1.5,1314
gnss_raw.txt,2437,380529.600,FINESTEERING,SOL_COMPUTED,NARROW_FLOAT,31,29,1.804,3.6037,1.6,1314
gnss_raw.txt,2437,380529.700,FINESTEERING,SOL_COMPUTED,NARROW_FLOAT,31,29,1.804,3.6037,1.7,1314
gnss_raw.txt,2437,380529.800,FINESTEERING,SOL_COMPUTED,NARROW_FLOAT,31,29,1.804,3.6038,1.8,1314
gnss_raw.txt,2437,380529.900,FINESTEERING,SOL_COMPUTED,NARROW_FLOAT,31,29,1.8041,3.6038,1.9,1314
gnss_raw.txt,2437,380530.000,FINESTEERING,SOL_COMPUTED,NARROW_FLOAT,31,29,1.3442,2.8583,1.0,1314
gnss_raw.txt,2437,380530.100,FINESTEERING,SOL_COMPUTED,NARROW_FLOAT,31,29,1.3443,2.8583,1.1,1314
gnss_raw.txt,2437,380530.200,FINESTEERING,SOL_COMPUTED,NARROW_FLOAT,30,28,1.3444,2.8584,1.2,1314
gnss_raw.txt,2437,380530.300,FINESTEERING,SOL_COMPUTED,NARROW_FLOAT,30,28,1.3444,2.8584,1.3,1314
gnss_raw.txt,2437,380530.400,FINESTEERING,SOL_COMPUTED,NARROW_FLOAT,30,28,1.3445,2.8585,1.4,1314
gnss_raw.txt,2437,380530.500,FINESTEERING,SOL_COMPUTED,NARROW_FLOAT,31,29,1.3445,2.8585,1.5,1314
gnss_raw.txt,2437,380530.600,FINESTEERING,SOL_COMPUTED,NARROW_FLOAT,31,29,1.3446,2.8585,1.6,1314
gnss_raw.txt,2437,380530.700,FINESTEERING,SOL_COMPUTED,NARROW_FLOAT,31,29,1.3446,2.8586,1.7,1314
gnss_raw.txt,2437,380530.800,FINESTEERING,SOL_COMPUTED,NARROW_FLOAT,31,29,1.3446,2.8586,0.8,1314
gnss_raw.txt,2437,380530.900,FINESTEERING,SOL_COMPUTED,NARROW_FLOAT,31,29,1.3447,2.8586,0.9,1314
gnss_raw.txt,2437,380531.000,FINESTEERING,SOL_COMPUTED,NARROW_FLOAT,31,29,2.6074,5.7177,1.0,1314
gnss_raw.txt,2437,380531.100,FINESTEERING,SOL_COMPUTED,NARROW_FLOAT,31,29,2.6074,5.7178,1.1,1314
gnss_raw.txt,2437,380531.200,FINESTEERING,SOL_COMPUTED,NARROW_FLOAT,30,29,2.6075,5.7178,1.2,1314
gnss_raw.txt,2437,380531.300,FINESTEERING,SOL_COMPUTED,NARROW_FLOAT,30,29,2.6075,5.7178,1.3,1314
gnss_raw.txt,2437,380531.400,FINESTEERING,SOL_COMPUTED,NARROW_FLOAT,30,29,2.6075,5.7178,1.4,1314
gnss_raw.txt,2437,380531.500,FINESTEERING,SOL_COMPUTED,NARROW_FLOAT,30,29,2.6075,5.7178,1.5,1314
gnss_raw.txt,2437,380531.600,FINESTEERING,SOL_COMPUTED,NARROW_FLOAT,30,29,2.6075,5.7179,0.6,1314
gnss_raw.txt,2437,380531.700,FINESTEERING,SOL_COMPUTED,NARROW_FLOAT,30,29,2.6076,5.7179,0.7,1314
gnss_raw.txt,2437,380531.800,FINESTEERING,SOL_COMPUTED,NARROW_FLOAT,30,29,2.6076,5.7179,0.8,1314
gnss_raw.txt,2437,380531.900,FINESTEERING,SOL_COMPUTED,NARROW_FLOAT,30,29,2.6077,5.7179,0.9,1314
gnss_raw.txt,2437,380532.000,FINESTEERING,SOL_COMPUTED,NARROW_FLOAT,30,29,1.6471,3.6287,1.0,1314
gnss_raw.txt,2437,380532.100,FINESTEERING,SOL_COMPUTED,NARROW_FLOAT,30,29,1.6471,3.6287,1.1,1314
gnss_raw.txt,2437,380532.200,FINESTEERING,SOL_COMPUTED,NARROW_FLOAT,30,29,1.6472,3.6287,1.2,1314
gnss_raw.txt,2437,380532.300,FINESTEERING,SOL_COMPUTED,NARROW_FLOAT,30,29,1.6472,3.6288,1.3,1314
gnss_raw.txt,2437,380532.400,FINESTEERING,SOL_COMPUTED,NARROW_FLOAT,30,29,1.6473,3.6288,1.4,1314
gnss_raw.txt,2437,380532.500,FINESTEERING,SOL_COMPUTED,NARROW_FLOAT,30,29,1.6473,3.6288,1.5,1314
gnss_raw.txt,2437,380532.600,FINESTEERING,SOL_COMPUTED,NARROW_FLOAT,30,29,1.6474,3.6289,1.6,1314
gnss_raw.txt,2437,380532.700,FINESTEERING,SOL_COMPUTED,NARROW_FLOAT,30,29,1.6475,3.6289,1.7,1314
gnss_raw.txt,2437,380532.800,FINESTEERING,SOL_COMPUTED,NARROW_FLOAT,30,29,1.6475,3.629,1.8,1314
gnss_raw.txt,2437,380532.900,FINESTEERING,SOL_COMPUTED,NARROW_FLOAT,30,29,1.6476,3.629,0.9,1314
gnss_raw.txt,2437,380533.000,FINESTEERING,SOL_COMPUTED,NARROW_FLOAT,30,29,2.2147,4.9657,1.0,1314
gnss_raw.txt,2437,380533.100,FINESTEERING,SOL_COMPUTED,NARROW_FLOAT,30,29,2.2147,4.9657,1.1,1314
gnss_raw.txt,2437,380533.200,FINESTEERING,SOL_COMPUTED,NARROW_FLOAT,30,29,2.2148,4.9657,1.2,1314
gnss_raw.txt,2437,380533.300,FINESTEERING,SOL_COMPUTED,NARROW_FLOAT,30,29,2.2148,4.9657,1.3,1314
gnss_raw.txt,2437,380533.400,FINESTEERING,SOL_COMPUTED,NARROW_FLOAT,30,29,2.2148,4.9658,1.4,1314
gnss_raw.txt,2437,380533.500,FINESTEERING,SOL_COMPUTED,NARROW_FLOAT,30,29,2.2149,4.9658,1.5,1314
gnss_raw.txt,2437,380533.600,FINESTEERING,SOL_COMPUTED,NARROW_FLOAT,31,29,2.2149,4.9658,1.6,1314
gnss_raw.txt,2437,380533.700,FINESTEERING,SOL_COMPUTED,NARROW_FLOAT,31,29,2.215,4.9659,1.7,1314
gnss_raw.txt,2437,380533.800,FINESTEERING,SOL_COMPUTED,NARROW_FLOAT,30,28,2.215,4.9659,1.8,1314
gnss_raw.txt,2437,380533.900,FINESTEERING,SOL_COMPUTED,NARROW_FLOAT,30,28,2.215,4.9659,0.9,1314
gnss_raw.txt,2437,380534.000,FINESTEERING,SOL_COMPUTED,NARROW_FLOAT,30,28,2.6441,5.9136,1.0,1314
gnss_raw.txt,2437,380534.100,FINESTEERING,SOL_COMPUTED,NARROW_FLOAT,30,28,2.6441,5.9137,1.1,1314
gnss_raw.txt,2437,380534.200,FINESTEERING,SOL_COMPUTED,NARROW_FLOAT,30,28,2.6441,5.9137,1.2,1314
gnss_raw.txt,2437,380534.300,FINESTEERING,SOL_COMPUTED,NARROW_FLOAT,30,28,2.6441,5.9137,1.3,1314
gnss_raw.txt,2437,380534.400,FINESTEERING,SOL_COMPUTED,NARROW_FLOAT,30,28,2.6442,5.9137,1.4,1314
gnss_raw.txt,2437,380534.500,FINESTEERING,SOL_COMPUTED,NARROW_FLOAT,30,28,2.6442,5.9137,1.5,1314
gnss_raw.txt,2437,380534.600,FINESTEERING,SOL_COMPUTED,NARROW_FLOAT,30,28,2.6442,5.9137,1.6,1314
gnss_raw.txt,2437,380534.700,FINESTEERING,SOL_COMPUTED,NARROW_FLOAT,30,28,2.6442,5.9137,1.7,1314
gnss_raw.txt,2437,380534.800,FINESTEERING,SOL_COMPUTED,NARROW_FLOAT,30,28,2.6442,5.9137,0.8,1314
gnss_raw.txt,2437,380534.900,FINESTEERING,SOL_COMPUTED,NARROW_FLOAT,30,28,2.6442,5.9138,0.9,1314
gnss_raw.txt,2437,380535.000,FINESTEERING,SOL_COMPUTED,NARROW_FLOAT,30,28,4.3733,10.6674,1.0,1314
gnss_raw.txt,2437,380535.100,FINESTEERING,SOL_COMPUTED,NARROW_FLOAT,30,28,4.3733,10.6674,1.1,1314
gnss_raw.txt,2437,380535.200,FINESTEERING,SOL_COMPUTED,NARROW_FLOAT,30,28,4.3733,10.6675,1.2,1314
gnss_raw.txt,2437,380535.300,FINESTEERING,SOL_COMPUTED,NARROW_FLOAT,30,28,4.3733,10.6675,1.3,1314
gnss_raw.txt,2437,380535.400,FINESTEERING,SOL_COMPUTED,NARROW_FLOAT,30,28,4.3733,10.6675,1.4,1314
gnss_raw.txt,2437,380535.500,FINESTEERING,SOL_COMPUTED,NARROW_FLOAT,31,29,4.3733,10.6675,1.5,1314
gnss_raw.txt,2437,380535.600,FINESTEERING,SOL_COMPUTED,NARROW_FLOAT,31,29,4.3733,10.6675,1.6,1314
gnss_raw.txt,2437,380535.700,FINESTEERING,SOL_COMPUTED,NARROW_FLOAT,30,28,4.3733,10.6675,1.7,1314
gnss_raw.txt,2437,380535.800,FINESTEERING,SOL_COMPUTED,NARROW_FLOAT,30,28,4.3733,10.6675,0.8,1314
gnss_raw.txt,2437,380535.900,FINESTEERING,SOL_COMPUTED,NARROW_FLOAT,31,29,4.3733,10.6675,0.9,1314
gnss_raw.txt,2437,380536.000,FINESTEERING,SOL_COMPUTED,NARROW_FLOAT,31,29,6.5247,14.6731,1.0,1314
gnss_raw.txt,2437,380536.100,FINESTEERING,SOL_COMPUTED,NARROW_FLOAT,31,29,6.5247,14.6731,1.1,1314
gnss_raw.txt,2437,380536.200,FINESTEERING,SOL_COMPUTED,NARROW_FLOAT,31,29,6.5247,14.6731,1.2,1314
gnss_raw.txt,2437,380536.300,FINESTEERING,SOL_COMPUTED,NARROW_FLOAT,31,29,6.5247,14.6731,1.3,1314
gnss_raw.txt,2437,380536.400,FINESTEERING,SOL_COMPUTED,NARROW_FLOAT,31,29,6.5247,14.6731,1.4,1314
gnss_raw.txt,2437,380536.500,FINESTEERING,SOL_COMPUTED,NARROW_FLOAT,31,29,6.5247,14.6731,1.5,1314
gnss_raw.txt,2437,380536.600,FINESTEERING,SOL_COMPUTED,NARROW_FLOAT,31,29,6.5247,14.6731,1.6,1314
gnss_raw.txt,2437,380536.700,FINESTEERING,SOL_COMPUTED,NARROW_FLOAT,31,29,6.5247,14.6731,1.7,1314
gnss_raw.txt,2437,380536.800,FINESTEERING,SOL_COMPUTED,NARROW_FLOAT,31,29,6.5247,14.6731,1.8,1314
gnss_raw.txt,2437,380536.900,FINESTEERING,SOL_COMPUTED,NARROW_FLOAT,31,29,6.5247,14.6731,1.9,1314
gnss_raw.txt,2437,380537.000,FINESTEERING,SOL_COMPUTED,NARROW_FLOAT,30,28,5.0868,10.7823,1.0,1314
gnss_raw.txt,2437,380537.100,FINESTEERING,SOL_COMPUTED,NARROW_FLOAT,30,28,5.0868,10.7823,1.1,1314
gnss_raw.txt,2437,380537.200,FINESTEERING,SOL_COMPUTED,NARROW_FLOAT,30,28,5.0868,10.7823,1.2,1314
gnss_raw.txt,2437,380537.300,FINESTEERING,SOL_COMPUTED,NARROW_FLOAT,30,28,5.0868,10.7823,1.3,1314
gnss_raw.txt,2437,380537.400,FINESTEERING,SOL_COMPUTED,NARROW_FLOAT,30,28,5.0869,10.7823,1.4,1314
gnss_raw.txt,2437,380537.500,FINESTEERING,SOL_COMPUTED,NARROW_FLOAT,30,28,5.0869,10.7823,1.5,1314
gnss_raw.txt,2437,380537.600,FINESTEERING,SOL_COMPUTED,NARROW_FLOAT,31,29,5.0869,10.7824,1.6,1314
gnss_raw.txt,2437,380537.700,FINESTEERING,SOL_COMPUTED,NARROW_FLOAT,31,29,5.0869,10.7824,1.7,1314
gnss_raw.txt,2437,380537.800,FINESTEERING,SOL_COMPUTED,NARROW_FLOAT,31,29,5.0869,10.7824,1.8,1314
gnss_raw.txt,2437,380537.900,FINESTEERING,SOL_COMPUTED,NARROW_FLOAT,31,29,5.0869,10.7824,0.9,1314
gnss_raw.txt,2437,380538.000,FINESTEERING,SOL_COMPUTED,NARROW_FLOAT,31,29,3.5925,7.3032,1.0,1314
gnss_raw.txt,2437,380538.100,FINESTEERING,SOL_COMPUTED,NARROW_FLOAT,31,29,3.5925,7.3032,1.1,1314
gnss_raw.txt,2437,380538.200,FINESTEERING,SOL_COMPUTED,NARROW_FLOAT,31,29,3.5925,7.3032,1.2,1314
gnss_raw.txt,2437,380538.300,FINESTEERING,SOL_COMPUTED,NARROW_FLOAT,31,29,3.5925,7.3032,1.3,1314
gnss_raw.txt,2437,380538.400,FINESTEERING,SOL_COMPUTED,NARROW_FLOAT,31,29,3.5925,7.3032,1.4,1314
gnss_raw.txt,2437,380538.500,FINESTEERING,SOL_COMPUTED,NARROW_FLOAT,29,27,3.5925,7.3032,1.5,1314
gnss_raw.txt,2437,380538.600,FINESTEERING,SOL_COMPUTED,NARROW_FLOAT,29,27,3.5926,7.3033,1.6,1314
gnss_raw.txt,2437,380538.700,FINESTEERING,SOL_COMPUTED,NARROW_FLOAT,29,27,3.5926,7.3033,1.7,1314
gnss_raw.txt,2437,380538.800,FINESTEERING,SOL_COMPUTED,NARROW_FLOAT,29,27,3.5926,7.3033,1.8,1314
gnss_raw.txt,2437,380538.900,FINESTEERING,SOL_COMPUTED,NARROW_FLOAT,29,27,3.5926,7.3033,1.9,1314
gnss_raw.txt,2437,380539.000,FINESTEERING,SOL_COMPUTED,NARROW_FLOAT,29,27,5.8804,11.613,1.0,1314
gnss_raw.txt,2437,380539.100,FINESTEERING,SOL_COMPUTED,NARROW_FLOAT,30,28,5.8805,11.613,1.1,1314
gnss_raw.txt,2437,380539.200,FINESTEERING,SOL_COMPUTED,NARROW_FLOAT,30,28,5.8805,11.613,1.2,1314
gnss_raw.txt,2437,380539.300,FINESTEERING,SOL_COMPUTED,NARROW_FLOAT,30,28,5.8805,11.613,1.3,1314
gnss_raw.txt,2437,380539.400,FINESTEERING,SOL_COMPUTED,NARROW_FLOAT,30,28,5.8805,11.613,1.4,1314
gnss_raw.txt,2437,380539.500,FINESTEERING,SOL_COMPUTED,NARROW_FLOAT,30,28,5.8806,11.613,1.5,1314
gnss_raw.txt,2437,380539.600,FINESTEERING,SOL_COMPUTED,NARROW_FLOAT,30,28,5.8806,11.613,1.6,1314
gnss_raw.txt,2437,380539.700,FINESTEERING,SOL_COMPUTED,NARROW_FLOAT,31,29,5.8806,11.613,1.7,1314
gnss_raw.txt,2437,380539.800,FINESTEERING,SOL_COMPUTED,NARROW_FLOAT,31,29,5.8806,11.613,0.8,1314
gnss_raw.txt,2437,380539.900,FINESTEERING,SOL_COMPUTED,NARROW_FLOAT,31,29,5.8806,11.6131,0.9,1314
gnss_raw.txt,2437,380540.000,FINESTEERING,SOL_COMPUTED,NARROW_FLOAT,31,29,3.8724,7.3605,1.0,1314
gnss_raw.txt,2437,380540.100,FINESTEERING,SOL_COMPUTED,NARROW_FLOAT,31,29,3.8724,7.3605,1.1,1314
gnss_raw.txt,2437,380540.200,FINESTEERING,SOL_COMPUTED,NARROW_FLOAT,30,28,3.8724,7.3605,1.2,1314
gnss_raw.txt,2437,380540.300,FINESTEERING,SOL_COMPUTED,NARROW_FLOAT,30,28,3.8724,7.3605,1.3,1314
gnss_raw.txt,2437,380540.400,FINESTEERING,SOL_COMPUTED,NARROW_FLOAT,30,28,3.8725,7.3605,1.4,1314
gnss_raw.txt,2437,380540.500,FINESTEERING,SOL_COMPUTED,NARROW_FLOAT,30,28,3.8725,7.3605,1.5,1314
gnss_raw.txt,2437,380540.600,FINESTEERING,SOL_COMPUTED,NARROW_FLOAT,30,28,3.8725,7.3605,1.6,1314
gnss_raw.txt,2437,380540.700,FINESTEERING,SOL_COMPUTED,NARROW_FLOAT,30,28,3.8725,7.3606,0.7,1314
gnss_raw.txt,2437,380540.800,FINESTEERING,SOL_COMPUTED,NARROW_FLOAT,30,28,3.8725,7.3606,0.8,1314
gnss_raw.txt,2437,380540.900,FINESTEERING,SOL_COMPUTED,NARROW_FLOAT,30,28,3.8725,7.3606,0.9,1314
gnss_raw.txt,2437,380541.000,FINESTEERING,SOL_COMPUTED,NARROW_FLOAT,30,28,3.2278,5.9821,1.0,1314
gnss_raw.txt,2437,380541.100,FINESTEERING,SOL_COMPUTED,NARROW_FLOAT,30,28,3.2278,5.9821,1.1,1314
gnss_raw.txt,2437,380541.200,FINESTEERING,SOL_COMPUTED,NARROW_FLOAT,30,28,3.2279,5.9821,1.2,1314
gnss_raw.txt,2437,380541.300,FINESTEERING,SOL_COMPUTED,NARROW_FLOAT,30,28,3.2279,5.9821,1.3,1314
gnss_raw.txt,2437,380541.400,FINESTEERING,SOL_COMPUTED,NARROW_FLOAT,30,28,3.2279,5.9821,1.4,1314
gnss_raw.txt,2437,380541.500,FINESTEERING,SOL_COMPUTED,NARROW_FLOAT,31,29,3.2279,5.9821,1.5,1314
gnss_raw.txt,2437,380541.600,FINESTEERING,SOL_COMPUTED,NARROW_FLOAT,31,29,3.2279,5.9822,1.6,1314
gnss_raw.txt,2437,380541.700,FINESTEERING,SOL_COMPUTED,NARROW_FLOAT,31,29,3.228,5.9822,0.7,1314
gnss_raw.txt,2437,380541.800,FINESTEERING,SOL_COMPUTED,NARROW_FLOAT,31,29,3.228,5.9822,0.8,1314
gnss_raw.txt,2437,380541.900,FINESTEERING,SOL_COMPUTED,NARROW_FLOAT,31,29,3.228,5.9822,0.9,1314
gnss_raw.txt,2437,380542.000,FINESTEERING,SOL_COMPUTED,NARROW_FLOAT,30,28,7.635,14.0816,1.0,1314
gnss_raw.txt,2437,380542.100,FINESTEERING,SOL_COMPUTED,NARROW_FLOAT,30,28,7.635,14.0816,1.1,1314
gnss_raw.txt,2437,380542.200,FINESTEERING,SOL_COMPUTED,NARROW_FLOAT,30,28,7.635,14.0816,1.2,1314
gnss_raw.txt,2437,380542.300,FINESTEERING,SOL_COMPUTED,NARROW_FLOAT,30,28,7.635,14.0816,1.3,1314
gnss_raw.txt,2437,380542.400,FINESTEERING,SOL_COMPUTED,NARROW_FLOAT,30,28,7.6351,14.0816,1.4,1314
gnss_raw.txt,2437,380542.500,FINESTEERING,SOL_COMPUTED,NARROW_FLOAT,30,28,7.6351,14.0816,1.5,1314
gnss_raw.txt,2437,380542.600,FINESTEERING,SOL_COMPUTED,NARROW_FLOAT,30,28,7.6351,14.0816,1.6,1314
gnss_raw.txt,2437,380542.700,FINESTEERING,SOL_COMPUTED,NARROW_FLOAT,31,29,7.6351,14.0816,1.7,1314
gnss_raw.txt,2437,380542.800,FINESTEERING,SOL_COMPUTED,NARROW_FLOAT,31,29,7.6351,14.0816,1.8,1314
gnss_raw.txt,2437,380542.900,FINESTEERING,SOL_COMPUTED,NARROW_FLOAT,31,29,7.6351,14.0816,0.9,1314
gnss_raw.txt,2437,380543.000,FINESTEERING,SOL_COMPUTED,NARROW_FLOAT,31,29,3.6236,6.4629,1.0,1314
gnss_raw.txt,2437,380543.100,FINESTEERING,SOL_COMPUTED,NARROW_FLOAT,31,29,3.6236,6.4629,1.1,1314
gnss_raw.txt,2437,380543.200,FINESTEERING,SOL_COMPUTED,NARROW_FLOAT,31,29,3.6236,6.463,1.2,1314
gnss_raw.txt,2437,380543.300,FINESTEERING,SOL_COMPUTED,NARROW_FLOAT,30,28,3.6236,6.463,1.3,1314
gnss_raw.txt,2437,380543.400,FINESTEERING,SOL_COMPUTED,NARROW_FLOAT,30,28,3.6236,6.463,1.4,1314
gnss_raw.txt,2437,380543.500,FINESTEERING,SOL_COMPUTED,NARROW_FLOAT,30,28,3.6237,6.463,1.5,1314
gnss_raw.txt,2437,380543.600,FINESTEERING,SOL_COMPUTED,NARROW_FLOAT,30,28,3.6237,6.463,1.6,1314
gnss_raw.txt,2437,380543.700,FINESTEERING,SOL_COMPUTED,NARROW_FLOAT,30,28,3.6237,6.463,1.7,1314
gnss_raw.txt,2437,380543.800,FINESTEERING,SOL_COMPUTED,NARROW_FLOAT,30,28,3.6237,6.463,0.8,1314
gnss_raw.txt,2437,380543.900,FINESTEERING,SOL_COMPUTED,NARROW_FLOAT,31,29,3.6238,6.4631,0.9,1314
gnss_raw.txt,2437,380544.000,FINESTEERING,SOL_COMPUTED,NARROW_FLOAT,31,29,2.9282,5.1487,1.0,1314
gnss_raw.txt,2437,380544.100,FINESTEERING,SOL_COMPUTED,NARROW_FLOAT,31,29,2.9282,5.1487,1.1,1314
gnss_raw.txt,2437,380544.200,FINESTEERING,SOL_COMPUTED,NARROW_FLOAT,31,29,2.9282,5.1487,1.2,1314
gnss_raw.txt,2437,380544.300,FINESTEERING,SOL_COMPUTED,NARROW_FLOAT,31,29,2.9282,5.1487,1.3,1314
gnss_raw.txt,2437,380544.400,FINESTEERING,SOL_COMPUTED,NARROW_FLOAT,31,29,2.9282,5.1487,1.4,1314
gnss_raw.txt,2437,380544.500,FINESTEERING,SOL_COMPUTED,NARROW_FLOAT,31,29,2.9282,5.1488,1.5,1314
gnss_raw.txt,2437,380544.600,FINESTEERING,SOL_COMPUTED,NARROW_FLOAT,31,29,2.9282,5.1488,1.6,1314
gnss_raw.txt,2437,380544.700,FINESTEERING,SOL_COMPUTED,NARROW_FLOAT,31,29,2.9283,5.1488,0.7,1314
gnss_raw.txt,2437,380544.800,FINESTEERING,SOL_COMPUTED,NARROW_FLOAT,31,29,2.9283,5.1488,0.8,1314
gnss_raw.txt,2437,380544.900,FINESTEERING,SOL_COMPUTED,NARROW_FLOAT,31,29,2.9283,5.1488,0.9,1314
gnss_raw.txt,2437,380545.000,FINESTEERING,SOL_COMPUTED,NARROW_FLOAT,31,29,4.1576,7.173,1.0,1314
gnss_raw.txt,2437,380545.100,FINESTEERING,SOL_COMPUTED,NARROW_FLOAT,31,29,4.1576,7.173,1.1,1314
gnss_raw.txt,2437,380545.200,FINESTEERING,SOL_COMPUTED,NARROW_FLOAT,31,29,4.1576,7.173,1.2,1314
gnss_raw.txt,2437,380545.300,FINESTEERING,SOL_COMPUTED,NARROW_FLOAT,31,29,4.1576,7.173,1.3,1314
gnss_raw.txt,2437,380545.400,FINESTEERING,SOL_COMPUTED,NARROW_FLOAT,31,29,4.1577,7.1731,1.4,1314
gnss_raw.txt,2437,380545.500,FINESTEERING,SOL_COMPUTED,NARROW_FLOAT,31,29,4.1577,7.1731,1.5,1314
gnss_raw.txt,2437,380545.600,FINESTEERING,SOL_COMPUTED,NARROW_FLOAT,31,29,4.1577,7.1731,1.6,1314
gnss_raw.txt,2437,380545.700,FINESTEERING,SOL_COMPUTED,NARROW_FLOAT,31,29,4.1577,7.1731,1.7,1314
gnss_raw.txt,2437,380545.800,FINESTEERING,SOL_COMPUTED,NARROW_FLOAT,31,29,4.1577,7.1731,0.8,1314
gnss_raw.txt,2437,380545.900,FINESTEERING,SOL_COMPUTED,NARROW_FLOAT,31,29,4.1577,7.1731,0.9,1314
gnss_raw.txt,2437,380546.000,FINESTEERING,SOL_COMPUTED,NARROW_FLOAT,31,29,2.6606,4.591,1.0,1314
gnss_raw.txt,2437,380546.100,FINESTEERING,SOL_COMPUTED,NARROW_FLOAT,31,29,2.6606,4.591,1.1,1314
gnss_raw.txt,2437,380546.200,FINESTEERING,SOL_COMPUTED,NARROW_FLOAT,31,29,2.6606,4.591,1.2,1314
gnss_raw.txt,2437,380546.300,FINESTEERING,SOL_COMPUTED,NARROW_FLOAT,31,29,2.6606,4.591,1.3,1314
gnss_raw.txt,2437,380546.400,FINESTEERING,SOL_COMPUTED,NARROW_FLOAT,31,29,2.6606,4.591,1.4,1314
gnss_raw.txt,2437,380546.500,FINESTEERING,SOL_COMPUTED,NARROW_FLOAT,31,29,2.6607,4.591,1.5,1314
gnss_raw.txt,2437,380546.600,FINESTEERING,SOL_COMPUTED,NARROW_FLOAT,31,29,2.6607,4.5911,1.6,1314
gnss_raw.txt,2437,380546.700,FINESTEERING,SOL_COMPUTED,NARROW_FLOAT,31,29,2.6607,4.5911,1.7,1314
gnss_raw.txt,2437,380546.800,FINESTEERING,SOL_COMPUTED,NARROW_FLOAT,31,29,2.6608,4.5911,0.8,1314
gnss_raw.txt,2437,380546.900,FINESTEERING,SOL_COMPUTED,NARROW_FLOAT,31,29,2.6608,4.5911,0.9,1314
gnss_raw.txt,2437,380547.000,FINESTEERING,SOL_COMPUTED,NARROW_FLOAT,30,28,2.9942,5.1316,1.0,1314
gnss_raw.txt,2437,380547.100,FINESTEERING,SOL_COMPUTED,NARROW_FLOAT,30,28,2.9942,5.1316,1.1,1314
gnss_raw.txt,2437,380547.200,FINESTEERING,SOL_COMPUTED,NARROW_FLOAT,31,29,2.9942,5.1316,1.2,1314
gnss_raw.txt,2437,380547.300,FINESTEERING,SOL_COMPUTED,NARROW_FLOAT,31,29,2.9942,5.1316,1.3,1314
gnss_raw.txt,2437,380547.400,FINESTEERING,SOL_COMPUTED,NARROW_FLOAT,31,29,2.9943,5.1317,1.4,1314
gnss_raw.txt,2437,380547.500,FINESTEERING,SOL_COMPUTED,NARROW_FLOAT,31,29,2.9943,5.1317,1.5,1314
gnss_raw.txt,2437,380547.600,FINESTEERING,SOL_COMPUTED,NARROW_FLOAT,30,28,2.9943,5.1317,1.6,1314
gnss_raw.txt,2437,380547.700,FINESTEERING,SOL_COMPUTED,NARROW_FLOAT,30,28,2.9943,5.1317,0.7,1314
gnss_raw.txt,2437,380547.800,FINESTEERING,SOL_COMPUTED,NARROW_FLOAT,30,28,2.9943,5.1317,0.8,1314
gnss_raw.txt,2437,380547.900,FINESTEERING,SOL_COMPUTED,NARROW_FLOAT,30,28,2.9943,5.1317,0.9,1314
gnss_raw.txt,2437,380548.000,FINESTEERING,SOL_COMPUTED,NARROW_FLOAT,30,28,2.4472,4.1932,1.0,1314
gnss_raw.txt,2437,380548.100,FINESTEERING,SOL_COMPUTED,NARROW_FLOAT,30,28,2.4472,4.1932,1.1,1314
gnss_raw.txt,2437,380548.200,FINESTEERING,SOL_COMPUTED,NARROW_FLOAT,30,28,2.4472,4.1932,1.2,1314
gnss_raw.txt,2437,380548.300,FINESTEERING,SOL_COMPUTED,NARROW_FLOAT,30,28,2.4472,4.1932,1.3,1314
gnss_raw.txt,2437,380548.400,FINESTEERING,SOL_COMPUTED,NARROW_FLOAT,30,28,2.4472,4.1932,1.4,1314
gnss_raw.txt,2437,380548.500,FINESTEERING,SOL_COMPUTED,NARROW_FLOAT,30,28,2.4472,4.1933,1.5,1314
gnss_raw.txt,2437,380548.600,FINESTEERING,SOL_COMPUTED,NARROW_FLOAT,30,28,2.4472,4.1933,1.6,1314
gnss_raw.txt,2437,380548.700,FINESTEERING,SOL_COMPUTED,NARROW_FLOAT,30,28,2.4472,4.1933,1.7,1314
gnss_raw.txt,2437,380548.800,FINESTEERING,SOL_COMPUTED,NARROW_FLOAT,30,28,2.4472,4.1933,1.8,1314
gnss_raw.txt,2437,380548.900,FINESTEERING,SOL_COMPUTED,NARROW_FLOAT,30,28,2.4472,4.1933,0.9,1314
gnss_raw.txt,2437,380549.000,FINESTEERING,SOL_COMPUTED,NARROW_FLOAT,30,28,2.5066,4.2544,1.0,1314
gnss_raw.txt,2437,380549.100,FINESTEERING,SOL_COMPUTED,NARROW_FLOAT,30,28,2.5066,4.2544,1.1,1314
gnss_raw.txt,2437,380549.200,FINESTEERING,SOL_COMPUTED,NARROW_FLOAT,30,28,2.5066,4.2544,1.2,1314
gnss_raw.txt,2437,380549.300,FINESTEERING,SOL_COMPUTED,NARROW_FLOAT,30,28,2.5066,4.2544,1.3,1314
gnss_raw.txt,2437,380549.400,FINESTEERING,SOL_COMPUTED,NARROW_FLOAT,30,28,2.5066,4.2544,1.4,1314
gnss_raw.txt,2437,380549.500,FINESTEERING,SOL_COMPUTED,NARROW_FLOAT,30,28,2.5066,4.2544,1.5,1314
gnss_raw.txt,2437,380549.600,FINESTEERING,SOL_COMPUTED,NARROW_FLOAT,30,28,2.5066,4.2544,1.6,1314
gnss_raw.txt,2437,380549.700,FINESTEERING,SOL_COMPUTED,NARROW_FLOAT,30,28,2.5066,4.2544,1.7,1314
gnss_raw.txt,2437,380549.800,FINESTEERING,SOL_COMPUTED,NARROW_FLOAT,30,28,2.5066,4.2544,0.8,1314
gnss_raw.txt,2437,380549.900,FINESTEERING,SOL_COMPUTED,NARROW_FLOAT,30,28,2.5067,4.2544,0.9,1314
gnss_raw.txt,2437,380550.000,FINESTEERING,SOL_COMPUTED,NARROW_FLOAT,30,28,3.954,6.6242,1.0,1314
gnss_raw.txt,2437,380550.100,FINESTEERING,SOL_COMPUTED,NARROW_FLOAT,30,28,3.954,6.6242,1.1,1314
gnss_raw.txt,2437,380550.200,FINESTEERING,SOL_COMPUTED,NARROW_FLOAT,30,28,3.954,6.6242,1.2,1314
gnss_raw.txt,2437,380550.300,FINESTEERING,SOL_COMPUTED,NARROW_FLOAT,30,28,3.954,6.6242,1.3,1314
gnss_raw.txt,2437,380550.400,FINESTEERING,SOL_COMPUTED,NARROW_FLOAT,30,28,3.954,6.6242,1.4,1314
gnss_raw.txt,2437,380550.500,FINESTEERING,SOL_COMPUTED,NARROW_FLOAT,30,28,3.9541,6.6243,1.5,1314
gnss_raw.txt,2437,380550.600,FINESTEERING,SOL_COMPUTED,NARROW_FLOAT,30,28,3.9541,6.6243,1.6,1314
gnss_raw.txt,2437,380550.700,FINESTEERING,SOL_COMPUTED,NARROW_FLOAT,30,28,3.9541,6.6243,0.7,1314
gnss_raw.txt,2437,380550.800,FINESTEERING,SOL_COMPUTED,NARROW_FLOAT,30,28,3.9541,6.6243,0.8,1314
gnss_raw.txt,2437,380550.900,FINESTEERING,SOL_COMPUTED,NARROW_FLOAT,30,28,3.9542,6.6243,0.9,1314
gnss_raw.txt,2437,380551.000,FINESTEERING,SOL_COMPUTED,NARROW_FLOAT,30,28,5.8751,9.8168,1.0,1314
gnss_raw.txt,2437,380551.100,FINESTEERING,SOL_COMPUTED,NARROW_FLOAT,30,28,5.8751,9.8168,1.1,1314
gnss_raw.txt,2437,380551.200,FINESTEERING,SOL_COMPUTED,NARROW_FLOAT,30,28,5.8751,9.8168,1.2,1314
gnss_raw.txt,2437,380551.300,FINESTEERING,SOL_COMPUTED,NARROW_FLOAT,30,28,5.8751,9.8168,1.3,1314
gnss_raw.txt,2437,380551.400,FINESTEERING,SOL_COMPUTED,NARROW_FLOAT,30,28,5.8751,9.8168,1.4,1314
gnss_raw.txt,2437,380551.500,FINESTEERING,SOL_COMPUTED,NARROW_FLOAT,30,28,5.8751,9.8168,1.5,1314
gnss_raw.txt,2437,380551.600,FINESTEERING,SOL_COMPUTED,NARROW_FLOAT,30,28,5.8751,9.8168,1.6,1314
gnss_raw.txt,2437,380551.700,FINESTEERING,SOL_COMPUTED,NARROW_FLOAT,30,28,5.8751,9.8168,1.7,1314
gnss_raw.txt,2437,380551.800,FINESTEERING,SOL_COMPUTED,NARROW_FLOAT,30,28,5.8751,9.8168,1.8,1314
gnss_raw.txt,2437,380551.900,FINESTEERING,SOL_COMPUTED,NARROW_FLOAT,30,28,5.8751,9.8168,0.9,1314
gnss_raw.txt,2437,380552.000,FINESTEERING,SOL_COMPUTED,NARROW_FLOAT,30,28,3.5897,6.2186,1.0,1314
gnss_raw.txt,2437,380552.100,FINESTEERING,SOL_COMPUTED,NARROW_FLOAT,30,28,3.5898,6.2186,1.1,1314
gnss_raw.txt,2437,380552.200,FINESTEERING,SOL_COMPUTED,NARROW_FLOAT,30,28,3.5898,6.2186,1.2,1314
gnss_raw.txt,2437,380552.300,FINESTEERING,SOL_COMPUTED,NARROW_FLOAT,30,28,3.5898,6.2186,1.3,1314
gnss_raw.txt,2437,380552.400,FINESTEERING,SOL_COMPUTED,NARROW_FLOAT,30,28,3.5899,6.2187,1.4,1314
gnss_raw.txt,2437,380552.500,FINESTEERING,SOL_COMPUTED,NARROW_FLOAT,30,28,3.5899,6.2187,1.5,1314
gnss_raw.txt,2437,380552.600,FINESTEERING,SOL_COMPUTED,NARROW_FLOAT,30,28,3.59,6.2187,1.6,1314
gnss_raw.txt,2437,380552.700,FINESTEERING,SOL_COMPUTED,NARROW_FLOAT,30,28,3.59,6.2187,1.7,1314
gnss_raw.txt,2437,380552.800,FINESTEERING,SOL_COMPUTED,NARROW_FLOAT,30,28,3.59,6.2188,0.8,1314
gnss_raw.txt,2437,380552.900,FINESTEERING,SOL_COMPUTED,NARROW_FLOAT,30,28,3.59,6.2188,0.9,1314
gnss_raw.txt,2437,380553.000,FINESTEERING,SOL_COMPUTED,NARROW_FLOAT,30,28,3.5836,6.1417,1.0,1314
gnss_raw.txt,2437,380553.100,FINESTEERING,SOL_COMPUTED,NARROW_FLOAT,30,28,3.5836,6.1418,1.1,1314
gnss_raw.txt,2437,380553.200,FINESTEERING,SOL_COMPUTED,NARROW_FLOAT,30,28,3.5837,6.1418,1.2,1314
gnss_raw.txt,2437,380553.300,FINESTEERING,SOL_COMPUTED,NARROW_FLOAT,30,28,3.5837,6.1418,1.3,1314
gnss_raw.txt,2437,380553.400,FINESTEERING,SOL_COMPUTED,NARROW_FLOAT,30,28,3.5837,6.1418,1.4,1314
gnss_raw.txt,2437,380553.500,FINESTEERING,SOL_COMPUTED,NARROW_FLOAT,30,28,3.5837,6.1418,1.5,1314
gnss_raw.txt,2437,380553.600,FINESTEERING,SOL_COMPUTED,NARROW_FLOAT,30,28,3.5837,6.1418,1.6,1314
gnss_raw.txt,2437,380553.700,FINESTEERING,SOL_COMPUTED,NARROW_FLOAT,30,28,3.5837,6.1419,1.7,1314
gnss_raw.txt,2437,380553.800,FINESTEERING,SOL_COMPUTED,NARROW_FLOAT,30,28,3.5838,6.1419,1.8,1314
gnss_raw.txt,2437,380553.900,FINESTEERING,SOL_COMPUTED,NARROW_FLOAT,30,28,3.5838,6.1419,1.9,1314
gnss_raw.txt,2437,380554.000,FINESTEERING,SOL_COMPUTED,NARROW_FLOAT,29,27,3.8035,6.5255,1.0,1314
gnss_raw.txt,2437,380554.100,FINESTEERING,SOL_COMPUTED,NARROW_FLOAT,29,27,3.8035,6.5256,1.1,1314
gnss_raw.txt,2437,380554.200,FINESTEERING,SOL_COMPUTED,NARROW_FLOAT,29,27,3.8035,6.5256,1.2,1314
gnss_raw.txt,2437,380554.300,FINESTEERING,SOL_COMPUTED,NARROW_FLOAT,29,27,3.8035,6.5256,1.3,1314
gnss_raw.txt,2437,380554.400,FINESTEERING,SOL_COMPUTED,NARROW_FLOAT,29,27,3.8036,6.5256,1.4,1314
gnss_raw.txt,2437,380554.500,FINESTEERING,SOL_COMPUTED,NARROW_FLOAT,29,27,3.8036,6.5256,1.5,1314
gnss_raw.txt,2437,380554.600,FINESTEERING,SOL_COMPUTED,NARROW_FLOAT,29,27,3.8036,6.5256,1.6,1314
gnss_raw.txt,2437,380554.700,FINESTEERING,SOL_COMPUTED,NARROW_FLOAT,29,27,3.8036,6.5256,1.7,1314
gnss_raw.txt,2437,380554.800,FINESTEERING,SOL_COMPUTED,NARROW_FLOAT,29,27,3.8036,6.5256,1.8,1314
gnss_raw.txt,2437,380554.900,FINESTEERING,SOL_COMPUTED,NARROW_FLOAT,29,27,3.8036,6.5256,0.9,1314
gnss_raw.txt,2437,380555.000,FINESTEERING,SOL_COMPUTED,NARROW_FLOAT,29,27,3.8202,6.5762,1.0,1314
gnss_raw.txt,2437,380555.100,FINESTEERING,SOL_COMPUTED,NARROW_FLOAT,29,27,3.8203,6.5762,1.1,1314
gnss_raw.txt,2437,380555.200,FINESTEERING,SOL_COMPUTED,NARROW_FLOAT,29,27,3.8203,6.5763,1.2,1314
gnss_raw.txt,2437,380555.300,FINESTEERING,SOL_COMPUTED,NARROW_FLOAT,29,27,3.8203,6.5763,1.3,1314
gnss_raw.txt,2437,380555.400,FINESTEERING,SOL_COMPUTED,NARROW_FLOAT,29,27,3.8203,6.5763,1.4,1314
gnss_raw.txt,2437,380555.500,FINESTEERING,SOL_COMPUTED,NARROW_FLOAT,29,27,3.8203,6.5763,1.5,1314
gnss_raw.txt,2437,380555.600,FINESTEERING,SOL_COMPUTED,NARROW_FLOAT,28,27,3.8203,6.5763,1.6,1314
gnss_raw.txt,2437,380555.700,FINESTEERING,SOL_COMPUTED,NARROW_FLOAT,28,27,3.8203,6.5763,1.7,1314
gnss_raw.txt,2437,380555.800,FINESTEERING,SOL_COMPUTED,NARROW_FLOAT,28,27,3.8203,6.5763,1.8,1314
gnss_raw.txt,2437,380555.900,FINESTEERING,SOL_COMPUTED,NARROW_FLOAT,28,27,3.8203,6.5763,0.9,1314
gnss_raw.txt,2437,380556.000,FINESTEERING,SOL_COMPUTED,NARROW_FLOAT,28,27,2.2276,3.8024,1.0,1314
gnss_raw.txt,2437,380556.100,FINESTEERING,SOL_COMPUTED,NARROW_FLOAT,28,27,2.2276,3.8024,1.1,1314
gnss_raw.txt,2437,380556.200,FINESTEERING,SOL_COMPUTED,NARROW_FLOAT,28,27,2.2277,3.8024,1.2,1314
gnss_raw.txt,2437,380556.300,FINESTEERING,SOL_COMPUTED,NARROW_FLOAT,28,27,2.2277,3.8024,1.3,1314
gnss_raw.txt,2437,380556.400,FINESTEERING,SOL_COMPUTED,NARROW_FLOAT,28,27,2.2277,3.8025,1.4,1314
gnss_raw.txt,2437,380556.500,FINESTEERING,SOL_COMPUTED,NARROW_FLOAT,28,27,2.2277,3.8025,1.5,1314
gnss_raw.txt,2437,380556.600,FINESTEERING,SOL_COMPUTED,NARROW_FLOAT,28,27,2.2278,3.8025,1.6,1314
gnss_raw.txt,2437,380556.700,FINESTEERING,SOL_COMPUTED,NARROW_FLOAT,28,27,2.2278,3.8025,1.7,1314
gnss_raw.txt,2437,380556.800,FINESTEERING,SOL_COMPUTED,NARROW_FLOAT,28,27,2.2278,3.8026,0.8,1314
gnss_raw.txt,2437,380556.900,FINESTEERING,SOL_COMPUTED,NARROW_FLOAT,28,27,2.2278,3.8026,0.9,1314
gnss_raw.txt,2437,380557.000,FINESTEERING,SOL_COMPUTED,NARROW_FLOAT,28,27,2.4524,4.1685,1.0,1314
gnss_raw.txt,2437,380557.100,FINESTEERING,SOL_COMPUTED,NARROW_FLOAT,28,27,2.4524,4.1685,1.1,1314
gnss_raw.txt,2437,380557.200,FINESTEERING,SOL_COMPUTED,NARROW_FLOAT,28,27,2.4524,4.1686,1.2,1314
gnss_raw.txt,2437,380557.300,FINESTEERING,SOL_COMPUTED,NARROW_FLOAT,28,27,2.4524,4.1686,1.3,1314
gnss_raw.txt,2437,380557.400,FINESTEERING,SOL_COMPUTED,NARROW_FLOAT,28,27,2.4525,4.1686,1.4,1314
gnss_raw.txt,2437,380557.500,FINESTEERING,SOL_COMPUTED,NARROW_FLOAT,28,27,2.4525,4.1687,1.5,1314
gnss_raw.txt,2437,380557.600,FINESTEERING,SOL_COMPUTED,NARROW_FLOAT,28,27,2.4525,4.1687,1.6,1314
gnss_raw.txt,2437,380557.700,FINESTEERING,SOL_COMPUTED,NARROW_FLOAT,28,27,2.4526,4.1687,0.7,1314
gnss_raw.txt,2437,380557.800,FINESTEERING,SOL_COMPUTED,NARROW_FLOAT,28,27,2.4526,4.1687,0.8,1314
gnss_raw.txt,2437,380557.900,FINESTEERING,SOL_COMPUTED,NARROW_FLOAT,28,27,2.4526,4.1687,0.9,1314
gnss_raw.txt,2437,380558.000,FINESTEERING,SOL_COMPUTED,NARROW_FLOAT,28,27,1.6293,2.7988,1.0,1314
gnss_raw.txt,2437,380558.100,FINESTEERING,SOL_COMPUTED,NARROW_FLOAT,28,27,1.6293,2.7989,1.1,1314
gnss_raw.txt,2437,380558.200,FINESTEERING,SOL_COMPUTED,NARROW_FLOAT,28,27,1.6293,2.7989,1.2,1314
gnss_raw.txt,2437,380558.300,FINESTEERING,SOL_COMPUTED,NARROW_FLOAT,28,27,1.6294,2.7989,1.3,1314
gnss_raw.txt,2437,380558.400,FINESTEERING,SOL_COMPUTED,NARROW_FLOAT,28,27,1.6294,2.799,1.4,1314
gnss_raw.txt,2437,380558.500,FINESTEERING,SOL_COMPUTED,NARROW_FLOAT,28,27,1.6295,2.799,1.5,1314
gnss_raw.txt,2437,380558.600,FINESTEERING,SOL_COMPUTED,NARROW_FLOAT,28,27,1.6295,2.799,1.6,1314
gnss_raw.txt,2437,380558.700,FINESTEERING,SOL_COMPUTED,NARROW_FLOAT,28,27,1.6295,2.7991,1.7,1314
gnss_raw.txt,2437,380558.800,FINESTEERING,SOL_COMPUTED,NARROW_FLOAT,28,27,1.6296,2.7991,1.8,1314
gnss_raw.txt,2437,380558.900,FINESTEERING,SOL_COMPUTED,NARROW_FLOAT,28,27,1.6296,2.7991,0.9,1314
gnss_raw.txt,2437,380559.000,FINESTEERING,SOL_COMPUTED,NARROW_FLOAT,28,27,1.725,2.967,1.0,1314
gnss_raw.txt,2437,380559.100,FINESTEERING,SOL_COMPUTED,NARROW_FLOAT,28,27,1.725,2.967,1.1,1314
gnss_raw.txt,2437,380559.200,FINESTEERING,SOL_COMPUTED,NARROW_FLOAT,28,27,1.7251,2.967,1.2,1314
gnss_raw.txt,2437,380559.300,FINESTEERING,SOL_COMPUTED,NARROW_FLOAT,28,27,1.7251,2.967,1.3,1314
gnss_raw.txt,2437,380559.400,FINESTEERING,SOL_COMPUTED,NARROW_FLOAT,28,27,1.7251,2.9671,1.4,1314
gnss_raw.txt,2437,380559.500,FINESTEERING,SOL_COMPUTED,NARROW_FLOAT,28,27,1.7252,2.9671,1.5,1314
gnss_raw.txt,2437,380559.600,FINESTEERING,SOL_COMPUTED,NARROW_FLOAT,28,27,1.7252,2.9671,1.6,1314
gnss_raw.txt,2437,380559.700,FINESTEERING,SOL_COMPUTED,NARROW_FLOAT,29,28,1.7252,2.9672,0.7,1314
gnss_raw.txt,2437,380559.800,FINESTEERING,SOL_COMPUTED,NARROW_FLOAT,29,28,1.7253,2.9672,0.8,1314
gnss_raw.txt,2437,380559.900,FINESTEERING,SOL_COMPUTED,NARROW_FLOAT,29,28,1.7253,2.9672,0.9,1314
gnss_raw.txt,2437,380560.000,FINESTEERING,SOL_COMPUTED,NARROW_FLOAT,29,28,1.2883,2.1972,1.0,1314
gnss_raw.txt,2437,380560.100,FINESTEERING,SOL_COMPUTED,NARROW_FLOAT,29,28,1.2883,2.1973,1.1,1314
gnss_raw.txt,2437,380560.200,FINESTEERING,SOL_COMPUTED,NARROW_FLOAT,29,28,1.2884,2.1973,1.2,1314
gnss_raw.txt,2437,380560.300,FINESTEERING,SOL_COMPUTED,NARROW_FLOAT,29,28,1.2884,2.1973,1.3,1314
gnss_raw.txt,2437,380560.400,FINESTEERING,SOL_COMPUTED,NARROW_FLOAT,29,28,1.2885,2.1974,1.4,1314
gnss_raw.txt,2437,380560.500,FINESTEERING,SOL_COMPUTED,NARROW_FLOAT,29,28,1.2885,2.1974,1.5,1314
gnss_raw.txt,2437,380560.600,FINESTEERING,SOL_COMPUTED,NARROW_FLOAT,29,28,1.2886,2.1975,1.6,1314
gnss_raw.txt,2437,380560.700,FINESTEERING,SOL_COMPUTED,NARROW_FLOAT,29,28,1.2886,2.1975,1.7,1314
gnss_raw.txt,2437,380560.800,FINESTEERING,SOL_COMPUTED,NARROW_FLOAT,29,28,1.2886,2.1975,1.8,1314
gnss_raw.txt,2437,380560.900,FINESTEERING,SOL_COMPUTED,NARROW_FLOAT,29,28,1.2888,2.1976,0.9,1314
gnss_raw.txt,2437,380561.000,FINESTEERING,SOL_COMPUTED,NARROW_FLOAT,29,28,1.5485,2.6272,1.0,1314
gnss_raw.txt,2437,380561.100,FINESTEERING,SOL_COMPUTED,NARROW_FLOAT,29,28,1.5485,2.6272,1.1,1314
gnss_raw.txt,2437,380561.200,FINESTEERING,SOL_COMPUTED,NARROW_FLOAT,28,27,1.5486,2.6272,1.2,1314
gnss_raw.txt,2437,380561.300,FINESTEERING,SOL_COMPUTED,NARROW_FLOAT,28,27,1.5486,2.6273,1.3,1314
gnss_raw.txt,2437,380561.400,FINESTEERING,SOL_COMPUTED,NARROW_FLOAT,28,27,1.5486,2.6273,1.4,1314
gnss_raw.txt,2437,380561.500,FINESTEERING,SOL_COMPUTED,NARROW_FLOAT,28,27,1.5487,2.6273,1.5,1314
gnss_raw.txt,2437,380561.600,FINESTEERING,SOL_COMPUTED,NARROW_FLOAT,28,27,1.5487,2.6273,1.6,1314
gnss_raw.txt,2437,380561.700,FINESTEERING,SOL_COMPUTED,NARROW_FLOAT,28,27,1.5487,2.6274,1.7,1314
gnss_raw.txt,2437,380561.800,FINESTEERING,SOL_COMPUTED,NARROW_FLOAT,28,27,1.5488,2.6274,1.8,1314
gnss_raw.txt,2437,380561.900,FINESTEERING,SOL_COMPUTED,NARROW_FLOAT,28,27,1.5488,2.6274,1.9,1314
gnss_raw.txt,2437,380562.000,FINESTEERING,SOL_COMPUTED,NARROW_FLOAT,28,27,1.0906,1.9624,1.0,1314
gnss_raw.txt,2437,380562.100,FINESTEERING,SOL_COMPUTED,NARROW_FLOAT,28,27,1.0907,1.9624,1.1,1314
gnss_raw.txt,2437,380562.200,FINESTEERING,SOL_COMPUTED,NARROW_FLOAT,28,27,1.0907,1.9624,1.2,1314
gnss_raw.txt,2437,380562.300,FINESTEERING,SOL_COMPUTED,NARROW_FLOAT,28,27,1.0907,1.9625,1.3,1314
gnss_raw.txt,2437,380562.400,FINESTEERING,SOL_COMPUTED,NARROW_FLOAT,28,27,1.0907,1.9625,1.4,1314
gnss_raw.txt,2437,380562.500,FINESTEERING,SOL_COMPUTED,NARROW_FLOAT,28,27,1.0907,1.9625,1.5,1314
gnss_raw.txt,2437,380562.600,FINESTEERING,SOL_COMPUTED,NARROW_FLOAT,28,27,1.0908,1.9625,1.6,1314
gnss_raw.txt,2437,380562.700,FINESTEERING,SOL_COMPUTED,NARROW_FLOAT,28,27,1.0908,1.9625,1.7,1314
gnss_raw.txt,2437,380562.800,FINESTEERING,SOL_COMPUTED,NARROW_FLOAT,28,27,1.0908,1.9626,0.8,1314
gnss_raw.txt,2437,380562.900,FINESTEERING,SOL_COMPUTED,NARROW_FLOAT,28,27,1.0908,1.9626,0.9,1314
gnss_raw.txt,2437,380563.000,FINESTEERING,SOL_COMPUTED,NARROW_FLOAT,27,26,1.3486,2.4081,1.0,1314
gnss_raw.txt,2437,380563.100,FINESTEERING,SOL_COMPUTED,NARROW_FLOAT,27,26,1.3487,2.4081,1.1,1314
gnss_raw.txt,2437,380563.200,FINESTEERING,SOL_COMPUTED,NARROW_FLOAT,27,26,1.3487,2.4081,1.2,1314
gnss_raw.txt,2437,380563.300,FINESTEERING,SOL_COMPUTED,NARROW_FLOAT,27,26,1.3487,2.4081,1.3,1314
gnss_raw.txt,2437,380563.400,FINESTEERING,SOL_COMPUTED,NARROW_FLOAT,28,26,1.3487,2.4082,1.4,1314
gnss_raw.txt,2437,380563.500,FINESTEERING,SOL_COMPUTED,NARROW_FLOAT,28,26,1.3487,2.4082,1.5,1314
gnss_raw.txt,2437,380563.600,FINESTEERING,SOL_COMPUTED,NARROW_FLOAT,28,26,1.3488,2.4082,1.6,1314
gnss_raw.txt,2437,380563.700,FINESTEERING,SOL_COMPUTED,NARROW_FLOAT,28,26,1.3488,2.4082,1.7,1314
gnss_raw.txt,2437,380563.800,FINESTEERING,SOL_COMPUTED,NARROW_FLOAT,28,26,1.3488,2.4083,0.8,1314
gnss_raw.txt,2437,380563.900,FINESTEERING,SOL_COMPUTED,NARROW_FLOAT,28,26,1.3488,2.4083,0.9,1314
gnss_raw.txt,2437,380564.000,FINESTEERING,SOL_COMPUTED,NARROW_FLOAT,28,26,1.8021,3.2039,1.0,1314
gnss_raw.txt,2437,380564.100,FINESTEERING,SOL_COMPUTED,NARROW_FLOAT,28,26,1.8021,3.2039,1.1,1314
gnss_raw.txt,2437,380564.200,FINESTEERING,SOL_COMPUTED,NARROW_FLOAT,28,26,1.8021,3.2039,1.2,1314
gnss_raw.txt,2437,380564.300,FINESTEERING,SOL_COMPUTED,NARROW_FLOAT,28,26,1.8022,3.2039,1.3,1314
gnss_raw.txt,2437,380564.400,FINESTEERING,SOL_COMPUTED,NARROW_FLOAT,28,26,1.8022,3.204,1.4,1314
gnss_raw.txt,2437,380564.500,FINESTEERING,SOL_COMPUTED,NARROW_FLOAT,29,27,1.8022,3.204,1.5,1314
gnss_raw.txt,2437,380564.600,FINESTEERING,SOL_COMPUTED,NARROW_FLOAT,29,27,1.8023,3.204,1.6,1314
gnss_raw.txt,2437,380564.700,FINESTEERING,SOL_COMPUTED,NARROW_FLOAT,29,27,1.8023,3.204,1.7,1314
gnss_raw.txt,2437,380564.800,FINESTEERING,SOL_COMPUTED,NARROW_FLOAT,29,27,1.8023,3.2041,1.8,1314
gnss_raw.txt,2437,380564.900,FINESTEERING,SOL_COMPUTED,NARROW_FLOAT,29,27,1.8024,3.2041,1.9,1314
gnss_raw.txt,2437,380565.000,FINESTEERING,SOL_COMPUTED,NARROW_FLOAT,29,27,1.4304,2.3996,1.0,1314
gnss_raw.txt,2437,380565.100,FINESTEERING,SOL_COMPUTED,NARROW_FLOAT,29,27,1.4304,2.3996,1.1,1314
gnss_raw.txt,2437,380565.200,FINESTEERING,SOL_COMPUTED,NARROW_FLOAT,29,27,1.4305,2.3996,1.2,1314
gnss_raw.txt,2437,380565.300,FINESTEERING,SOL_COMPUTED,NARROW_FLOAT,29,27,1.4305,2.3997,1.3,1314
gnss_raw.txt,2437,380565.400,FINESTEERING,SOL_COMPUTED,NARROW_FLOAT,29,27,1.4305,2.3997,1.4,1314
gnss_raw.txt,2437,380565.500,FINESTEERING,SOL_COMPUTED,NARROW_FLOAT,29,27,1.4305,2.3997,1.5,1314
gnss_raw.txt,2437,380565.600,FINESTEERING,SOL_COMPUTED,NARROW_FLOAT,29,27,1.4306,2.3997,1.6,1314
gnss_raw.txt,2437,380565.700,FINESTEERING,SOL_COMPUTED,NARROW_FLOAT,29,27,1.4306,2.3998,1.7,1314
gnss_raw.txt,2437,380565.800,FINESTEERING,SOL_COMPUTED,NARROW_FLOAT,29,27,1.4306,2.3998,0.8,1314
gnss_raw.txt,2437,380565.900,FINESTEERING,SOL_COMPUTED,NARROW_FLOAT,29,27,1.4306,2.3998,0.9,1314
gnss_raw.txt,2437,380566.000,FINESTEERING,SOL_COMPUTED,NARROW_FLOAT,29,27,3.0927,5.4521,1.0,1314
gnss_raw.txt,2437,380566.100,FINESTEERING,SOL_COMPUTED,NARROW_FLOAT,29,27,3.0927,5.4521,1.1,1314
gnss_raw.txt,2437,380566.200,FINESTEERING,SOL_COMPUTED,NARROW_FLOAT,29,27,3.0927,5.4522,1.2,1314
gnss_raw.txt,2437,380566.300,FINESTEERING,SOL_COMPUTED,NARROW_FLOAT,29,27,3.0927,5.4522,1.3,1314
gnss_raw.txt,2437,380566.400,FINESTEERING,SOL_COMPUTED,NARROW_FLOAT,29,27,3.0927,5.4522,1.4,1314
gnss_raw.txt,2437,380566.500,FINESTEERING,SOL_COMPUTED,NARROW_FLOAT,29,27,3.0927,5.4522,1.5,1314
gnss_raw.txt,2437,380566.600,FINESTEERING,SOL_COMPUTED,NARROW_FLOAT,29,27,3.0927,5.4522,1.6,1314
gnss_raw.txt,2437,380566.700,FINESTEERING,SOL_COMPUTED,NARROW_FLOAT,28,26,3.0927,5.4522,1.7,1314
gnss_raw.txt,2437,380566.800,FINESTEERING,SOL_COMPUTED,NARROW_FLOAT,28,26,3.0928,5.4522,1.8,1314
gnss_raw.txt,2437,380566.900,FINESTEERING,SOL_COMPUTED,NARROW_FLOAT,28,26,3.0928,5.4522,0.9,1314
gnss_raw.txt,2437,380567.000,FINESTEERING,SOL_COMPUTED,NARROW_FLOAT,28,26,2.8179,4.9678,1.0,1314
gnss_raw.txt,2437,380567.100,FINESTEERING,SOL_COMPUTED,NARROW_FLOAT,28,26,2.8179,4.9678,1.1,1314
gnss_raw.txt,2437,380567.200,FINESTEERING,SOL_COMPUTED,NARROW_FLOAT,28,26,2.8179,4.9678,1.2,1314
gnss_raw.txt,2437,380567.300,FINESTEERING,SOL_COMPUTED,NARROW_FLOAT,29,27,2.8179,4.9679,1.3,1314
gnss_raw.txt,2437,380567.400,FINESTEERING,SOL_COMPUTED,NARROW_FLOAT,29,27,2.8179,4.9679,1.4,1314
gnss_raw.txt,2437,380567.500,FINESTEERING,SOL_COMPUTED,NARROW_FLOAT,28,26,2.8179,4.9679,1.5,1314
gnss_raw.txt,2437,380567.600,FINESTEERING,SOL_COMPUTED,NARROW_FLOAT,28,26,2.8179,4.9679,1.6,1314
gnss_raw.txt,2437,380567.700,FINESTEERING,SOL_COMPUTED,NARROW_FLOAT,28,26,2.8179,4.9679,1.7,1314
gnss_raw.txt,2437,380567.800,FINESTEERING,SOL_COMPUTED,NARROW_FLOAT,27,25,2.8179,4.9679,1.8,1314
gnss_raw.txt,2437,380567.900,FINESTEERING,SOL_COMPUTED,NARROW_FLOAT,27,25,2.818,4.9679,0.9,1314
gnss_raw.txt,2437,380568.000,FINESTEERING,SOL_COMPUTED,NARROW_FLOAT,27,25,4.033,7.0534,1.0,1314
gnss_raw.txt,2437,380568.100,FINESTEERING,SOL_COMPUTED,NARROW_FLOAT,27,25,4.033,7.0534,1.1,1314
gnss_raw.txt,2437,380568.200,FINESTEERING,SOL_COMPUTED,NARROW_FLOAT,27,26,4.033,7.0534,1.2,1314
gnss_raw.txt,2437,380568.300,FINESTEERING,SOL_COMPUTED,NARROW_FLOAT,27,26,4.033,7.0534,1.3,1314
gnss_raw.txt,2437,380568.400,FINESTEERING,SOL_COMPUTED,NARROW_FLOAT,27,25,4.033,7.0534,1.4,1314
gnss_raw.txt,2437,380568.500,FINESTEERING,SOL_COMPUTED,NARROW_FLOAT,27,25,4.033,7.0534,1.5,1314
gnss_raw.txt,2437,380568.600,FINESTEERING,SOL_COMPUTED,NARROW_FLOAT,27,25,4.033,7.0534,1.6,1314
gnss_raw.txt,2437,380568.700,FINESTEERING,SOL_COMPUTED,NARROW_FLOAT,27,25,4.033,7.0534,1.7,1314
gnss_raw.txt,2437,380568.800,FINESTEERING,SOL_COMPUTED,NARROW_FLOAT,27,25,4.033,7.0534,1.8,1314
gnss_raw.txt,2437,380568.900,FINESTEERING,SOL_COMPUTED,NARROW_FLOAT,27,25,4.0331,7.0534,0.9,1314
gnss_raw.txt,2437,380569.000,FINESTEERING,SOL_COMPUTED,NARROW_FLOAT,27,25,2.6987,4.7111,1.0,1314
gnss_raw.txt,2437,380569.100,FINESTEERING,SOL_COMPUTED,NARROW_FLOAT,26,24,2.6988,4.7111,1.1,1314
gnss_raw.txt,2437,380569.200,FINESTEERING,SOL_COMPUTED,NARROW_FLOAT,26,24,2.6988,4.7111,1.2,1314
gnss_raw.txt,2437,380569.300,FINESTEERING,SOL_COMPUTED,NARROW_FLOAT,26,24,2.6988,4.7112,1.3,1314
gnss_raw.txt,2437,380569.400,FINESTEERING,SOL_COMPUTED,NARROW_FLOAT,26,24,2.6988,4.7112,1.4,1314
gnss_raw.txt,2437,380569.500,FINESTEERING,SOL_COMPUTED,NARROW_FLOAT,27,25,2.6988,4.7112,1.5,1314
gnss_raw.txt,2437,380569.600,FINESTEERING,SOL_COMPUTED,NARROW_FLOAT,27,25,2.6989,4.7112,1.6,1314
gnss_raw.txt,2437,380569.700,FINESTEERING,SOL_COMPUTED,NARROW_FLOAT,28,26,2.6989,4.7112,1.7,1314
gnss_raw.txt,2437,380569.800,FINESTEERING,SOL_COMPUTED,NARROW_FLOAT,28,26,2.6989,4.7112,1.8,1314
gnss_raw.txt,2437,380569.900,FINESTEERING,SOL_COMPUTED,NARROW_FLOAT,28,26,2.6989,4.7113,0.9,1314
gnss_raw.txt,2437,380570.000,FINESTEERING,SOL_COMPUTED,NARROW_FLOAT,28,26,3.2541,5.7046,1.0,1314
gnss_raw.txt,2437,380570.100,FINESTEERING,SOL_COMPUTED,NARROW_FLOAT,29,27,3.2542,5.7046,1.1,1314
gnss_raw.txt,2437,380570.200,FINESTEERING,SOL_COMPUTED,NARROW_FLOAT,29,27,3.2542,5.7046,1.2,1314
gnss_raw.txt,2437,380570.300,FINESTEERING,SOL_COMPUTED,NARROW_FLOAT,28,26,3.2542,5.7046,1.3,1314
gnss_raw.txt,2437,380570.400,FINESTEERING,SOL_COMPUTED,NARROW_FLOAT,28,26,3.2542,5.7046,1.4,1314
gnss_raw.txt,2437,380570.500,FINESTEERING,SOL_COMPUTED,NARROW_FLOAT,27,26,3.2542,5.7046,1.5,1314
gnss_raw.txt,2437,380570.600,FINESTEERING,SOL_COMPUTED,NARROW_FLOAT,27,26,3.2542,5.7046,1.6,1314
gnss_raw.txt,2437,380570.700,FINESTEERING,SOL_COMPUTED,NARROW_FLOAT,28,26,3.2542,5.7046,1.7,1314
gnss_raw.txt,2437,380570.800,FINESTEERING,SOL_COMPUTED,NARROW_FLOAT,27,26,3.2542,5.7047,1.8,1314
gnss_raw.txt,2437,380570.900,FINESTEERING,SOL_COMPUTED,NARROW_FLOAT,27,26,3.2542,5.7047,0.9,1314
gnss_raw.txt,2437,380571.000,FINESTEERING,SOL_COMPUTED,NARROW_FLOAT,27,26,2.1029,3.9222,1.0,1314
gnss_raw.txt,2437,380571.100,FINESTEERING,SOL_COMPUTED,NARROW_FLOAT,27,26,2.1029,3.9222,1.1,1314
gnss_raw.txt,2437,380571.200,FINESTEERING,SOL_COMPUTED,NARROW_FLOAT,27,26,2.1029,3.9222,1.2,1314
gnss_raw.txt,2437,380571.300,FINESTEERING,SOL_COMPUTED,NARROW_FLOAT,27,26,2.103,3.9222,1.3,1314
gnss_raw.txt,2437,380571.400,FINESTEERING,SOL_COMPUTED,NARROW_FLOAT,26,25,2.103,3.9222,1.4,1314
gnss_raw.txt,2437,380571.500,FINESTEERING,SOL_COMPUTED,NARROW_FLOAT,26,25,2.103,3.9222,1.5,1314
gnss_raw.txt,2437,380571.600,FINESTEERING,SOL_COMPUTED,NARROW_FLOAT,26,25,2.103,3.9223,1.6,1314
gnss_raw.txt,2437,380571.700,FINESTEERING,SOL_COMPUTED,NARROW_FLOAT,26,25,2.103,3.9223,1.7,1314
gnss_raw.txt,2437,380571.800,FINESTEERING,SOL_COMPUTED,NARROW_FLOAT,26,25,2.103,3.9223,1.8,1314
gnss_raw.txt,2437,380571.900,FINESTEERING,SOL_COMPUTED,NARROW_FLOAT,26,25,2.1031,3.9223,1.9,1314
gnss_raw.txt,2437,380572.000,FINESTEERING,SOL_COMPUTED,NARROW_FLOAT,27,26,2.3487,4.3871,1.0,1314
gnss_raw.txt,2437,380572.100,FINESTEERING,SOL_COMPUTED,NARROW_FLOAT,27,26,2.3487,4.3871,1.1,1314
gnss_raw.txt,2437,380572.200,FINESTEERING,SOL_COMPUTED,NARROW_FLOAT,27,26,2.3487,4.3871,1.2,1314
gnss_raw.txt,2437,380572.300,FINESTEERING,SOL_COMPUTED,NARROW_FLOAT,27,26,2.3488,4.3871,1.3,1314
gnss_raw.txt,2437,380572.400,FINESTEERING,SOL_COMPUTED,NARROW_FLOAT,27,26,2.3488,4.3871,1.4,1314
gnss_raw.txt,2437,380572.500,FINESTEERING,SOL_COMPUTED,NARROW_FLOAT,27,26,2.3488,4.3871,1.5,1314
gnss_raw.txt,2437,380572.600,FINESTEERING,SOL_COMPUTED,NARROW_FLOAT,27,26,2.3488,4.3872,1.6,1314
gnss_raw.txt,2437,380572.700,FINESTEERING,SOL_COMPUTED,NARROW_FLOAT,27,26,2.3488,4.3872,1.7,1314
gnss_raw.txt,2437,380572.800,FINESTEERING,SOL_COMPUTED,NARROW_FLOAT,27,26,2.3488,4.3872,1.8,1314
gnss_raw.txt,2437,380572.900,FINESTEERING,SOL_COMPUTED,NARROW_FLOAT,28,27,2.3488,4.3872,1.9,1314
gnss_raw.txt,2437,380573.000,FINESTEERING,SOL_COMPUTED,NARROW_FLOAT,29,28,1.9758,3.6629,1.0,1314
gnss_raw.txt,2437,380573.100,FINESTEERING,SOL_COMPUTED,NARROW_FLOAT,29,28,1.9758,3.663,1.1,1314
gnss_raw.txt,2437,380573.200,FINESTEERING,SOL_COMPUTED,NARROW_FLOAT,29,28,1.9758,3.663,1.2,1314
gnss_raw.txt,2437,380573.300,FINESTEERING,SOL_COMPUTED,NARROW_FLOAT,29,28,1.9759,3.663,1.3,1314
gnss_raw.txt,2437,380573.400,FINESTEERING,SOL_COMPUTED,NARROW_FLOAT,29,28,1.9759,3.663,1.4,1314
gnss_raw.txt,2437,380573.500,FINESTEERING,SOL_COMPUTED,NARROW_FLOAT,29,28,1.9759,3.663,1.5,1314
gnss_raw.txt,2437,380573.600,FINESTEERING,SOL_COMPUTED,NARROW_FLOAT,29,28,1.9759,3.663,1.6,1314
gnss_raw.txt,2437,380573.700,FINESTEERING,SOL_COMPUTED,NARROW_FLOAT,29,28,1.9759,3.6631,1.7,1314
gnss_raw.txt,2437,380573.800,FINESTEERING,SOL_COMPUTED,NARROW_FLOAT,29,28,1.9759,3.6631,1.8,1314
gnss_raw.txt,2437,380573.900,FINESTEERING,SOL_COMPUTED,NARROW_FLOAT,29,28,1.9759,3.6631,0.9,1314
gnss_raw.txt,2437,380574.000,FINESTEERING,SOL_COMPUTED,NARROW_FLOAT,29,28,3.4675,6.1927,1.0,1314
gnss_raw.txt,2437,380574.100,FINESTEERING,SOL_COMPUTED,NARROW_FLOAT,29,28,3.4675,6.1927,1.1,1314
gnss_raw.txt,2437,380574.200,FINESTEERING,SOL_COMPUTED,NARROW_FLOAT,29,28,3.4675,6.1927,1.2,1314
gnss_raw.txt,2437,380574.300,FINESTEERING,SOL_COMPUTED,NARROW_FLOAT,29,28,3.4675,6.1927,1.3,1314
gnss_raw.txt,2437,380574.400,FINESTEERING,SOL_COMPUTED,NARROW_FLOAT,29,28,3.4675,6.1927,1.4,1314
gnss_raw.txt,2437,380574.500,FINESTEERING,SOL_COMPUTED,NARROW_FLOAT,29,28,3.4675,6.1927,1.5,1314
gnss_raw.txt,2437,380574.600,FINESTEERING,SOL_COMPUTED,NARROW_FLOAT,29,28,3.4675,6.1928,1.6,1314
gnss_raw.txt,2437,380574.700,FINESTEERING,SOL_COMPUTED,NARROW_FLOAT,29,28,3.4676,6.1928,1.7,1314
gnss_raw.txt,2437,380574.800,FINESTEERING,SOL_COMPUTED,NARROW_FLOAT,29,28,3.4676,6.1928,1.8,1314
gnss_raw.txt,2437,380574.900,FINESTEERING,SOL_COMPUTED,NARROW_FLOAT,29,28,3.4676,6.1928,1.9,1314
gnss_raw.txt,2437,380575.000,FINESTEERING,SOL_COMPUTED,NARROW_FLOAT,29,28,6.245,10.8598,1.0,1314
gnss_raw.txt,2437,380575.100,FINESTEERING,SOL_COMPUTED,NARROW_FLOAT,29,28,6.245,10.8598,1.1,1314
gnss_raw.txt,2437,380575.200,FINESTEERING,SOL_COMPUTED,NARROW_FLOAT,28,27,6.245,10.8598,1.2,1314
gnss_raw.txt,2437,380575.300,FINESTEERING,SOL_COMPUTED,NARROW_FLOAT,29,28,6.245,10.8598,1.3,1314
gnss_raw.txt,2437,380575.400,FINESTEERING,SOL_COMPUTED,NARROW_FLOAT,29,28,6.245,10.8598,1.4,1314
gnss_raw.txt,2437,380575.500,FINESTEERING,SOL_COMPUTED,NARROW_FLOAT,29,28,6.2451,10.8598,1.5,1314
gnss_raw.txt,2437,380575.600,FINESTEERING,SOL_COMPUTED,NARROW_FLOAT,29,28,6.2451,10.8599,1.6,1314
gnss_raw.txt,2437,380575.700,FINESTEERING,SOL_COMPUTED,NARROW_FLOAT,29,28,6.2451,10.8599,1.7,1314
gnss_raw.txt,2437,380575.800,FINESTEERING,SOL_COMPUTED,NARROW_FLOAT,29,28,6.2451,10.8599,0.8,1314
gnss_raw.txt,2437,380575.900,FINESTEERING,SOL_COMPUTED,NARROW_FLOAT,29,28,6.2451,10.8599,0.9,1314
gnss_raw.txt,2437,380576.000,FINESTEERING,SOL_COMPUTED,NARROW_FLOAT,29,28,4.899,8.506,1.0,1314
gnss_raw.txt,2437,380576.100,FINESTEERING,SOL_COMPUTED,NARROW_FLOAT,29,28,4.899,8.506,1.1,1314
gnss_raw.txt,2437,380576.200,FINESTEERING,SOL_COMPUTED,NARROW_FLOAT,29,28,4.899,8.506,1.2,1314
gnss_raw.txt,2437,380576.300,FINESTEERING,SOL_COMPUTED,NARROW_FLOAT,29,28,4.899,8.506,1.3,1314
gnss_raw.txt,2437,380576.400,FINESTEERING,SOL_COMPUTED,NARROW_FLOAT,28,27,4.899,8.506,1.4,1314
gnss_raw.txt,2437,380576.500,FINESTEERING,SOL_COMPUTED,NARROW_FLOAT,28,27,4.899,8.506,1.5,1314
gnss_raw.txt,2437,380576.600,FINESTEERING,SOL_COMPUTED,NARROW_FLOAT,28,27,4.899,8.506,1.6,1314
gnss_raw.txt,2437,380576.700,FINESTEERING,SOL_COMPUTED,NARROW_FLOAT,28,27,4.899,8.506,1.7,1314
gnss_raw.txt,2437,380576.800,FINESTEERING,SOL_COMPUTED,NARROW_FLOAT,28,27,4.899,8.506,1.8,1314
gnss_raw.txt,2437,380576.900,FINESTEERING,SOL_COMPUTED,NARROW_FLOAT,28,27,4.899,8.506,1.9,1314
gnss_raw.txt,2437,380577.000,FINESTEERING,SOL_COMPUTED,NARROW_FLOAT,28,27,4.0108,7.0466,1.0,1314
gnss_raw.txt,2437,380577.100,FINESTEERING,SOL_COMPUTED,NARROW_FLOAT,28,27,4.0108,7.0466,1.1,1314
gnss_raw.txt,2437,380577.200,FINESTEERING,SOL_COMPUTED,NARROW_FLOAT,28,27,4.0108,7.0466,1.2,1314
gnss_raw.txt,2437,380577.300,FINESTEERING,SOL_COMPUTED,NARROW_FLOAT,28,27,4.0108,7.0466,1.3,1314
gnss_raw.txt,2437,380577.400,FINESTEERING,SOL_COMPUTED,NARROW_FLOAT,28,27,4.0108,7.0466,1.4,1314
gnss_raw.txt,2437,380577.500,FINESTEERING,SOL_COMPUTED,NARROW_FLOAT,28,27,4.0109,7.0466,1.5,1314
gnss_raw.txt,2437,380577.600,FINESTEERING,SOL_COMPUTED,NARROW_FLOAT,28,27,4.0109,7.0466,1.6,1314
gnss_raw.txt,2437,380577.700,FINESTEERING,SOL_COMPUTED,NARROW_FLOAT,28,27,4.0109,7.0466,1.7,1314
gnss_raw.txt,2437,380577.800,FINESTEERING,SOL_COMPUTED,NARROW_FLOAT,28,27,4.0109,7.0466,0.8,1314
gnss_raw.txt,2437,380577.900,FINESTEERING,SOL_COMPUTED,NARROW_FLOAT,28,27,4.0109,7.0466,0.9,1314
gnss_raw.txt,2437,380578.000,FINESTEERING,SOL_COMPUTED,NARROW_FLOAT,28,27,4.0222,7.0587,1.0,1314
gnss_raw.txt,2437,380578.100,FINESTEERING,SOL_COMPUTED,NARROW_FLOAT,28,27,4.0222,7.0587,1.1,1314
gnss_raw.txt,2437,380578.200,FINESTEERING,SOL_COMPUTED,NARROW_FLOAT,28,27,4.0222,7.0587,1.2,1314
gnss_raw.txt,2437,380578.300,FINESTEERING,SOL_COMPUTED,NARROW_FLOAT,29,28,4.0222,7.0587,1.3,1314
gnss_raw.txt,2437,380578.400,FINESTEERING,SOL_COMPUTED,NARROW_FLOAT,29,28,4.0222,7.0587,1.4,1314
gnss_raw.txt,2437,380578.500,FINESTEERING,SOL_COMPUTED,NARROW_FLOAT,29,28,4.0222,7.0588,1.5,1314
gnss_raw.txt,2437,380578.600,FINESTEERING,SOL_COMPUTED,NARROW_FLOAT,29,28,4.0222,7.0588,1.6,1314
gnss_raw.txt,2437,380578.700,FINESTEERING,SOL_COMPUTED,NARROW_FLOAT,29,28,4.0222,7.0588,0.7,1314
gnss_raw.txt,2437,380578.800,FINESTEERING,SOL_COMPUTED,NARROW_FLOAT,29,28,4.0222,7.0588,0.8,1314
gnss_raw.txt,2437,380578.900,FINESTEERING,SOL_COMPUTED,NARROW_FLOAT,29,28,4.0222,7.0588,0.9,1314
gnss_raw.txt,2437,380579.000,FINESTEERING,SOL_COMPUTED,NARROW_FLOAT,29,28,3.5317,6.171,1.0,1314
gnss_raw.txt,2437,380579.100,FINESTEERING,SOL_COMPUTED,NARROW_FLOAT,29,28,3.5318,6.171,1.1,1314
gnss_raw.txt,2437,380579.200,FINESTEERING,SOL_COMPUTED,NARROW_FLOAT,29,28,3.5318,6.171,1.2,1314
gnss_raw.txt,2437,380579.300,FINESTEERING,SOL_COMPUTED,NARROW_FLOAT,29,28,3.5318,6.171,1.3,1314
gnss_raw.txt,2437,380579.400,FINESTEERING,SOL_COMPUTED,NARROW_FLOAT,29,28,3.5318,6.171,1.4,1314
gnss_raw.txt,2437,380579.500,FINESTEERING,SOL_COMPUTED,NARROW_FLOAT,29,28,3.5318,6.171,1.5,1314
gnss_raw.txt,2437,380579.600,FINESTEERING,SOL_COMPUTED,NARROW_FLOAT,29,28,3.5318,6.171,1.6,1314
gnss_raw.txt,2437,380579.700,FINESTEERING,SOL_COMPUTED,NARROW_FLOAT,29,28,3.5318,6.171,1.7,1314
gnss_raw.txt,2437,380579.800,FINESTEERING,SOL_COMPUTED,NARROW_FLOAT,29,28,3.5318,6.171,1.8,1314
gnss_raw.txt,2437,380579.900,FINESTEERING,SOL_COMPUTED,NARROW_FLOAT,29,28,3.5318,6.1711,1.9,1314
gnss_raw.txt,2437,380580.000,FINESTEERING,SOL_COMPUTED,NARROW_FLOAT,29,28,3.335,6.1034,1.0,1314
gnss_raw.txt,2437,380580.100,FINESTEERING,SOL_COMPUTED,NARROW_FLOAT,29,28,3.335,6.1034,1.1,1314
gnss_raw.txt,2437,380580.200,FINESTEERING,SOL_COMPUTED,NARROW_FLOAT,29,28,3.335,6.1035,1.2,1314
gnss_raw.txt,2437,380580.300,FINESTEERING,SOL_COMPUTED,NARROW_FLOAT,29,28,3.335,6.1035,1.3,1314
gnss_raw.txt,2437,380580.400,FINESTEERING,SOL_COMPUTED,NARROW_FLOAT,29,28,3.335,6.1035,1.4,1314
gnss_raw.txt,2437,380580.500,FINESTEERING,SOL_COMPUTED,NARROW_FLOAT,29,28,3.335,6.1035,1.5,1314
gnss_raw.txt,2437,380580.600,FINESTEERING,SOL_COMPUTED,NARROW_FLOAT,29,28,3.335,6.1035,0.6,1314
gnss_raw.txt,2437,380580.700,FINESTEERING,SOL_COMPUTED,NARROW_FLOAT,29,28,3.335,6.1035,0.7,1314
gnss_raw.txt,2437,380580.800,FINESTEERING,SOL_COMPUTED,NARROW_FLOAT,29,28,3.335,6.1035,0.8,1314
gnss_raw.txt,2437,380580.900,FINESTEERING,SOL_COMPUTED,NARROW_FLOAT,29,28,3.335,6.1035,0.9,1314
gnss_raw.txt,2437,380581.000,FINESTEERING,SOL_COMPUTED,NARROW_FLOAT,29,28,2.8965,5.23,1.0,1314
gnss_raw.txt,2437,380581.100,FINESTEERING,SOL_COMPUTED,NARROW_FLOAT,29,28,2.8965,5.23,1.1,1314
gnss_raw.txt,2437,380581.200,FINESTEERING,SOL_COMPUTED,NARROW_FLOAT,29,28,2.8965,5.23,1.2,1314
gnss_raw.txt,2437,380581.300,FINESTEERING,SOL_COMPUTED,NARROW_FLOAT,29,28,2.8965,5.23,1.3,1314
gnss_raw.txt,2437,380581.400,FINESTEERING,SOL_COMPUTED,NARROW_FLOAT,29,28,2.8965,5.23,1.4,1314
gnss_raw.txt,2437,380581.500,FINESTEERING,SOL_COMPUTED,NARROW_FLOAT,29,28,2.8965,5.23,1.5,1314
gnss_raw.txt,2437,380581.600,FINESTEERING,SOL_COMPUTED,NARROW_FLOAT,29,28,2.8965,5.23,1.6,1314
gnss_raw.txt,2437,380581.700,FINESTEERING,SOL_COMPUTED,NARROW_FLOAT,29,28,2.8965,5.23,1.7,1314
gnss_raw.txt,2437,380581.800,FINESTEERING,SOL_COMPUTED,NARROW_FLOAT,29,28,2.8966,5.23,1.8,1314
gnss_raw.txt,2437,380581.900,FINESTEERING,SOL_COMPUTED,NARROW_FLOAT,29,28,2.8966,5.23,1.9,1314
gnss_raw.txt,2437,380582.000,FINESTEERING,SOL_COMPUTED,NARROW_FLOAT,29,28,3.9413,7.001,1.0,1314
gnss_raw.txt,2437,380582.100,FINESTEERING,SOL_COMPUTED,NARROW_FLOAT,29,28,3.9413,7.001,1.1,1314
gnss_raw.txt,2437,380582.200,FINESTEERING,SOL_COMPUTED,NARROW_FLOAT,29,28,3.9413,7.001,1.2,1314
gnss_raw.txt,2437,380582.300,FINESTEERING,SOL_COMPUTED,NARROW_FLOAT,29,28,3.9413,7.001,1.3,1314
gnss_raw.txt,2437,380582.400,FINESTEERING,SOL_COMPUTED,NARROW_FLOAT,29,28,3.9413,7.001,1.4,1314
gnss_raw.txt,2437,380582.500,FINESTEERING,SOL_COMPUTED,NARROW_FLOAT,29,28,3.9413,7.001,1.5,1314
gnss_raw.txt,2437,380582.600,FINESTEERING,SOL_COMPUTED,NARROW_FLOAT,29,28,3.9414,7.001,1.6,1314
gnss_raw.txt,2437,380582.700,FINESTEERING,SOL_COMPUTED,NARROW_FLOAT,29,28,3.9414,7.0011,1.7,1314
gnss_raw.txt,2437,380582.800,FINESTEERING,SOL_COMPUTED,NARROW_FLOAT,29,28,3.9414,7.0011,1.8,1314
gnss_raw.txt,2437,380582.900,FINESTEERING,SOL_COMPUTED,NARROW_FLOAT,29,28,3.9414,7.0011,0.9,1314
gnss_raw.txt,2437,380583.000,FINESTEERING,SOL_COMPUTED,NARROW_FLOAT,29,28,6.5014,11.3692,1.0,1314
gnss_raw.txt,2437,380583.100,FINESTEERING,SOL_COMPUTED,NARROW_FLOAT,29,28,6.5014,11.3693,1.1,1314
gnss_raw.txt,2437,380583.200,FINESTEERING,SOL_COMPUTED,NARROW_FLOAT,29,28,6.5014,11.3693,1.2,1314
gnss_raw.txt,2437,380583.300,FINESTEERING,SOL_COMPUTED,NARROW_FLOAT,29,28,6.5014,11.3693,1.3,1314
gnss_raw.txt,2437,380583.400,FINESTEERING,SOL_COMPUTED,NARROW_FLOAT,29,28,6.5014,11.3693,1.4,1314
gnss_raw.txt,2437,380583.500,FINESTEERING,SOL_COMPUTED,NARROW_FLOAT,29,28,6.5014,11.3693,1.5,1314
gnss_raw.txt,2437,380583.600,FINESTEERING,SOL_COMPUTED,NARROW_FLOAT,29,28,6.5014,11.3693,1.6,1314
gnss_raw.txt,2437,380583.700,FINESTEERING,SOL_COMPUTED,NARROW_FLOAT,29,28,6.5014,11.3693,0.7,1314
gnss_raw.txt,2437,380583.800,FINESTEERING,SOL_COMPUTED,NARROW_FLOAT,29,28,6.5014,11.3693,0.8,1314
gnss_raw.txt,2437,380583.900,FINESTEERING,SOL_COMPUTED,NARROW_FLOAT,29,28,6.5014,11.3693,0.9,1314
gnss_raw.txt,2437,380584.000,FINESTEERING,SOL_COMPUTED,NARROW_FLOAT,29,28,4.7408,8.2019,1.0,1314
gnss_raw.txt,2437,380584.100,FINESTEERING,SOL_COMPUTED,NARROW_FLOAT,29,28,4.7408,8.2019,1.1,1314
gnss_raw.txt,2437,380584.200,FINESTEERING,SOL_COMPUTED,NARROW_FLOAT,29,28,4.7408,8.2019,1.2,1314
gnss_raw.txt,2437,380584.300,FINESTEERING,SOL_COMPUTED,NARROW_FLOAT,29,28,4.7408,8.2019,1.3,1314
gnss_raw.txt,2437,380584.400,FINESTEERING,SOL_COMPUTED,NARROW_FLOAT,29,28,4.7408,8.2019,1.4,1314
gnss_raw.txt,2437,380584.500,FINESTEERING,SOL_COMPUTED,NARROW_FLOAT,28,27,4.7408,8.2019,1.5,1314
gnss_raw.txt,2437,380584.600,FINESTEERING,SOL_COMPUTED,NARROW_FLOAT,28,27,4.7408,8.2019,1.6,1314
gnss_raw.txt,2437,380584.700,FINESTEERING,SOL_COMPUTED,NARROW_FLOAT,28,27,4.7408,8.2019,1.7,1314
gnss_raw.txt,2437,380584.800,FINESTEERING,SOL_COMPUTED,NARROW_FLOAT,28,27,4.7408,8.2019,0.8,1314
gnss_raw.txt,2437,380584.900,FINESTEERING,SOL_COMPUTED,NARROW_FLOAT,28,27,4.7408,8.2019,0.9,1314
gnss_raw.txt,2437,380585.000,FINESTEERING,SOL_COMPUTED,NARROW_FLOAT,28,27,6.079,10.4572,1.0,1314
gnss_raw.txt,2437,380585.100,FINESTEERING,SOL_COMPUTED,NARROW_FLOAT,28,27,6.079,10.4572,1.1,1314
gnss_raw.txt,2437,380585.200,FINESTEERING,SOL_COMPUTED,NARROW_FLOAT,28,27,6.079,10.4572,1.2,1314
gnss_raw.txt,2437,380585.300,FINESTEERING,SOL_COMPUTED,NARROW_FLOAT,28,27,6.079,10.4572,1.3,1314
gnss_raw.txt,2437,380585.400,FINESTEERING,SOL_COMPUTED,NARROW_FLOAT,28,27,6.079,10.4572,1.4,1314
gnss_raw.txt,2437,380585.500,FINESTEERING,SOL_COMPUTED,NARROW_FLOAT,28,27,6.079,10.4572,1.5,1314
gnss_raw.txt,2437,380585.600,FINESTEERING,SOL_COMPUTED,NARROW_FLOAT,27,26,6.079,10.4572,1.6,1314
gnss_raw.txt,2437,380585.700,FINESTEERING,SOL_COMPUTED,NARROW_FLOAT,27,26,6.079,10.4572,1.7,1314
gnss_raw.txt,2437,380585.800,FINESTEERING,SOL_COMPUTED,NARROW_FLOAT,27,26,6.079,10.4572,1.8,1314
gnss_raw.txt,2437,380585.900,FINESTEERING,SOL_COMPUTED,NARROW_FLOAT,27,26,6.079,10.4572,0.9,1314
gnss_raw.txt,2437,380586.000,FINESTEERING,SOL_COMPUTED,NARROW_FLOAT,27,26,6.5212,11.1553,1.0,1314
gnss_raw.txt,2437,380586.100,FINESTEERING,SOL_COMPUTED,NARROW_FLOAT,27,26,6.5212,11.1553,1.1,1314
gnss_raw.txt,2437,380586.200,FINESTEERING,SOL_COMPUTED,NARROW_FLOAT,27,26,6.5212,11.1553,1.2,1314
gnss_raw.txt,2437,380586.300,FINESTEERING,SOL_COMPUTED,NARROW_FLOAT,27,26,6.5212,11.1553,1.3,1314
gnss_raw.txt,2437,380586.400,FINESTEERING,SOL_COMPUTED,NARROW_FLOAT,27,26,6.5212,11.1553,1.4,1314
gnss_raw.txt,2437,380586.500,FINESTEERING,SOL_COMPUTED,NARROW_FLOAT,27,26,6.5212,11.1553,1.5,1314
gnss_raw.txt,2437,380586.600,FINESTEERING,SOL_COMPUTED,NARROW_FLOAT,27,26,6.5212,11.1553,1.6,1314
gnss_raw.txt,2437,380586.700,FINESTEERING,SOL_COMPUTED,NARROW_FLOAT,27,26,6.5212,11.1553,1.7,1314
gnss_raw.txt,2437,380586.800,FINESTEERING,SOL_COMPUTED,NARROW_FLOAT,27,26,6.5212,11.1553,1.8,1314
gnss_raw.txt,2437,380586.900,FINESTEERING,SOL_COMPUTED,NARROW_FLOAT,27,26,6.5212,11.1553,1.9,1314
gnss_raw.txt,2437,380587.000,FINESTEERING,SOL_COMPUTED,NARROW_FLOAT,27,26,7.082,12.1483,1.0,1314
gnss_raw.txt,2437,380587.100,FINESTEERING,SOL_COMPUTED,NARROW_FLOAT,27,26,7.082,12.1483,1.1,1314
gnss_raw.txt,2437,380587.200,FINESTEERING,SOL_COMPUTED,NARROW_FLOAT,27,26,7.082,12.1483,1.2,1314
gnss_raw.txt,2437,380587.300,FINESTEERING,SOL_COMPUTED,NARROW_FLOAT,27,26,7.082,12.1483,1.3,1314
gnss_raw.txt,2437,380587.400,FINESTEERING,SOL_COMPUTED,NARROW_FLOAT,27,26,7.082,12.1483,1.4,1314
gnss_raw.txt,2437,380587.500,FINESTEERING,SOL_COMPUTED,NARROW_FLOAT,27,26,7.082,12.1483,1.5,1314
gnss_raw.txt,2437,380587.600,FINESTEERING,SOL_COMPUTED,NARROW_FLOAT,27,26,7.082,12.1483,1.6,1314
gnss_raw.txt,2437,380587.700,FINESTEERING,SOL_COMPUTED,NARROW_FLOAT,27,26,7.082,12.1483,1.7,1314
gnss_raw.txt,2437,380587.800,FINESTEERING,SOL_COMPUTED,NARROW_FLOAT,27,26,7.082,12.1483,0.8,1314
gnss_raw.txt,2437,380587.900,FINESTEERING,SOL_COMPUTED,NARROW_FLOAT,27,26,7.082,12.1483,0.9,1314
gnss_raw.txt,2437,380588.000,FINESTEERING,SOL_COMPUTED,NARROW_FLOAT,27,26,5.4126,9.4925,1.0,1314
gnss_raw.txt,2437,380588.100,FINESTEERING,SOL_COMPUTED,NARROW_FLOAT,27,26,5.4126,9.4925,1.1,1314
gnss_raw.txt,2437,380588.200,FINESTEERING,SOL_COMPUTED,NARROW_FLOAT,27,26,5.4126,9.4926,1.2,1314
gnss_raw.txt,2437,380588.300,FINESTEERING,SOL_COMPUTED,NARROW_FLOAT,27,26,5.4126,9.4926,1.3,1314
gnss_raw.txt,2437,380588.400,FINESTEERING,SOL_COMPUTED,NARROW_FLOAT,27,26,5.4126,9.4926,1.4,1314
gnss_raw.txt,2437,380588.500,FINESTEERING,SOL_COMPUTED,NARROW_FLOAT,27,26,5.4126,9.4926,1.5,1314
gnss_raw.txt,2437,380588.600,FINESTEERING,SOL_COMPUTED,NARROW_FLOAT,27,26,5.4126,9.4926,1.6,1314
gnss_raw.txt,2437,380588.700,FINESTEERING,SOL_COMPUTED,NARROW_FLOAT,27,26,5.4126,9.4926,1.7,1314
gnss_raw.txt,2437,380588.800,FINESTEERING,SOL_COMPUTED,NARROW_FLOAT,27,26,5.4126,9.4926,0.8,1314
gnss_raw.txt,2437,380588.900,FINESTEERING,SOL_COMPUTED,NARROW_FLOAT,27,26,5.4126,9.4926,0.9,1314
gnss_raw.txt,2437,380589.000,FINESTEERING,SOL_COMPUTED,NARROW_FLOAT,27,26,5.7744,9.9664,1.0,1314
gnss_raw.txt,2437,380589.100,FINESTEERING,SOL_COMPUTED,NARROW_FLOAT,27,26,5.7744,9.9664,1.1,1314
gnss_raw.txt,2437,380589.200,FINESTEERING,SOL_COMPUTED,NARROW_FLOAT,27,26,5.7744,9.9664,1.2,1314
gnss_raw.txt,2437,380589.300,FINESTEERING,SOL_COMPUTED,NARROW_FLOAT,27,26,5.7744,9.9664,1.3,1314
gnss_raw.txt,2437,380589.400,FINESTEERING,SOL_COMPUTED,NARROW_FLOAT,27,26,5.7744,9.9664,1.4,1314
gnss_raw.txt,2437,380589.500,FINESTEERING,SOL_COMPUTED,NARROW_FLOAT,27,26,5.7744,9.9664,1.5,1314
gnss_raw.txt,2437,380589.600,FINESTEERING,SOL_COMPUTED,NARROW_FLOAT,27,26,5.7744,9.9664,1.6,1314
gnss_raw.txt,2437,380589.700,FINESTEERING,SOL_COMPUTED,NARROW_FLOAT,27,26,5.7744,9.9664,1.7,1314
gnss_raw.txt,2437,380589.800,FINESTEERING,SOL_COMPUTED,NARROW_FLOAT,27,26,5.7744,9.9664,0.8,1314
gnss_raw.txt,2437,380589.900,FINESTEERING,SOL_COMPUTED,NARROW_FLOAT,27,26,5.7744,9.9664,0.9,1314
gnss_raw.txt,2437,380590.000,FINESTEERING,SOL_COMPUTED,NARROW_FLOAT,27,26,5.542,9.4226,1.0,1314
gnss_raw.txt,2437,380590.100,FINESTEERING,SOL_COMPUTED,NARROW_FLOAT,27,26,5.542,9.4226,1.1,1314
gnss_raw.txt,2437,380590.200,FINESTEERING,SOL_COMPUTED,NARROW_FLOAT,27,26,5.542,9.4226,1.2,1314
gnss_raw.txt,2437,380590.300,FINESTEERING,SOL_COMPUTED,NARROW_FLOAT,27,26,5.542,9.4226,1.3,1314
gnss_raw.txt,2437,380590.400,FINESTEERING,SOL_COMPUTED,NARROW_FLOAT,27,26,5.542,9.4226,1.4,1314
gnss_raw.txt,2437,380590.500,FINESTEERING,SOL_COMPUTED,NARROW_FLOAT,27,26,5.542,9.4226,1.5,1314
gnss_raw.txt,2437,380590.600,FINESTEERING,SOL_COMPUTED,NARROW_FLOAT,27,26,5.542,9.4226,1.6,1314
gnss_raw.txt,2437,380590.700,FINESTEERING,SOL_COMPUTED,NARROW_FLOAT,27,26,5.542,9.4226,1.7,1314
gnss_raw.txt,2437,380590.800,FINESTEERING,SOL_COMPUTED,NARROW_FLOAT,27,26,5.542,9.4226,1.8,1314
gnss_raw.txt,2437,380590.900,FINESTEERING,SOL_COMPUTED,NARROW_FLOAT,27,26,5.542,9.4226,0.9,1314
gnss_raw.txt,2437,380591.000,FINESTEERING,SOL_COMPUTED,NARROW_FLOAT,27,26,5.5954,9.5295,1.0,1314
gnss_raw.txt,2437,380591.100,FINESTEERING,SOL_COMPUTED,NARROW_FLOAT,27,26,5.5954,9.5295,1.1,1314
gnss_raw.txt,2437,380591.200,FINESTEERING,SOL_COMPUTED,NARROW_FLOAT,27,26,5.5954,9.5295,1.2,1314
gnss_raw.txt,2437,380591.300,FINESTEERING,SOL_COMPUTED,NARROW_FLOAT,27,26,5.5954,9.5295,1.3,1314
gnss_raw.txt,2437,380591.400,FINESTEERING,SOL_COMPUTED,NARROW_FLOAT,27,26,5.5954,9.5295,1.4,1314
gnss_raw.txt,2437,380591.500,FINESTEERING,SOL_COMPUTED,NARROW_FLOAT,27,26,5.5955,9.5295,1.5,1314
gnss_raw.txt,2437,380591.600,FINESTEERING,SOL_COMPUTED,NARROW_FLOAT,27,26,5.5955,9.5295,1.6,1314
gnss_raw.txt,2437,380591.700,FINESTEERING,SOL_COMPUTED,NARROW_FLOAT,27,26,5.5955,9.5295,1.7,1314
gnss_raw.txt,2437,380591.800,FINESTEERING,SOL_COMPUTED,NARROW_FLOAT,27,26,5.5955,9.5295,1.8,1314
gnss_raw.txt,2437,380591.900,FINESTEERING,SOL_COMPUTED,NARROW_FLOAT,27,26,5.5955,9.5295,1.9,1314
gnss_raw.txt,2437,380592.000,FINESTEERING,SOL_COMPUTED,NARROW_FLOAT,27,26,5.305,8.9928,1.0,1314
gnss_raw.txt,2437,380592.100,FINESTEERING,SOL_COMPUTED,NARROW_FLOAT,27,26,5.305,8.9928,1.1,1314
gnss_raw.txt,2437,380592.200,FINESTEERING,SOL_COMPUTED,NARROW_FLOAT,27,26,5.305,8.9928,1.2,1314
gnss_raw.txt,2437,380592.300,FINESTEERING,SOL_COMPUTED,NARROW_FLOAT,27,26,5.305,8.9928,1.3,1314
gnss_raw.txt,2437,380592.400,FINESTEERING,SOL_COMPUTED,NARROW_FLOAT,27,26,5.305,8.9929,1.4,1314
gnss_raw.txt,2437,380592.500,FINESTEERING,SOL_COMPUTED,NARROW_FLOAT,27,26,5.305,8.9929,1.5,1314
gnss_raw.txt,2437,380592.600,FINESTEERING,SOL_COMPUTED,NARROW_FLOAT,27,26,5.305,8.9929,1.6,1314
gnss_raw.txt,2437,380592.700,FINESTEERING,SOL_COMPUTED,NARROW_FLOAT,27,26,5.3051,8.9929,1.7,1314
gnss_raw.txt,2437,380592.800,FINESTEERING,SOL_COMPUTED,NARROW_FLOAT,27,26,5.3051,8.9929,1.8,1314
gnss_raw.txt,2437,380592.900,FINESTEERING,SOL_COMPUTED,NARROW_FLOAT,27,26,5.3051,8.9929,1.9,1314
gnss_raw.txt,2437,380593.000,FINESTEERING,SOL_COMPUTED,NARROW_FLOAT,27,26,4.942,8.3442,1.0,1314
gnss_raw.txt,2437,380593.100,FINESTEERING,SOL_COMPUTED,NARROW_FLOAT,27,26,4.942,8.3442,1.1,1314
gnss_raw.txt,2437,380593.200,FINESTEERING,SOL_COMPUTED,NARROW_FLOAT,27,26,4.942,8.3442,1.2,1314
gnss_raw.txt,2437,380593.300,FINESTEERING,SOL_COMPUTED,NARROW_FLOAT,27,26,4.942,8.3442,1.3,1314
gnss_raw.txt,2437,380593.400,FINESTEERING,SOL_COMPUTED,NARROW_FLOAT,27,26,4.942,8.3442,1.4,1314
gnss_raw.txt,2437,380593.500,FINESTEERING,SOL_COMPUTED,NARROW_FLOAT,27,26,4.942,8.3442,1.5,1314
gnss_raw.txt,2437,380593.600,FINESTEERING,SOL_COMPUTED,NARROW_FLOAT,27,26,4.942,8.3442,1.6,1314
gnss_raw.txt,2437,380593.700,FINESTEERING,SOL_COMPUTED,NARROW_FLOAT,27,26,4.942,8.3442,1.7,1314
gnss_raw.txt,2437,380593.800,FINESTEERING,SOL_COMPUTED,NARROW_FLOAT,27,26,4.942,8.3442,0.8,1314
gnss_raw.txt,2437,380593.900,FINESTEERING,SOL_COMPUTED,NARROW_FLOAT,27,26,4.942,8.3442,0.9,1314
gnss_raw.txt,2437,380594.000,FINESTEERING,SOL_COMPUTED,NARROW_FLOAT,27,26,6.4858,11.0981,1.0,1314
gnss_raw.txt,2437,380594.100,FINESTEERING,SOL_COMPUTED,NARROW_FLOAT,27,26,6.4858,11.0981,1.1,1314
gnss_raw.txt,2437,380594.200,FINESTEERING,SOL_COMPUTED,NARROW_FLOAT,27,26,6.4858,11.0981,1.2,1314
gnss_raw.txt,2437,380594.300,FINESTEERING,SOL_COMPUTED,NARROW_FLOAT,27,26,6.4858,11.0981,1.3,1314
gnss_raw.txt,2437,380594.400,FINESTEERING,SOL_COMPUTED,NARROW_FLOAT,27,26,6.4858,11.0981,1.4,1314
gnss_raw.txt,2437,380594.500,FINESTEERING,SOL_COMPUTED,NARROW_FLOAT,27,26,6.4859,11.0981,1.5,1314
gnss_raw.txt,2437,380594.600,FINESTEERING,SOL_COMPUTED,NARROW_FLOAT,27,26,6.4859,11.0981,1.6,1314
gnss_raw.txt,2437,380594.700,FINESTEERING,SOL_COMPUTED,NARROW_FLOAT,27,26,6.4859,11.0981,1.7,1314
gnss_raw.txt,2437,380594.800,FINESTEERING,SOL_COMPUTED,NARROW_FLOAT,27,26,6.4859,11.0981,1.8,1314
gnss_raw.txt,2437,380594.900,FINESTEERING,SOL_COMPUTED,NARROW_FLOAT,27,26,6.4859,11.0981,0.9,1314
gnss_raw.txt,2437,380595.000,FINESTEERING,SOL_COMPUTED,NARROW_FLOAT,27,26,4.5833,7.7878,1.0,1314
gnss_raw.txt,2437,380595.100,FINESTEERING,SOL_COMPUTED,NARROW_FLOAT,27,26,4.5834,7.7878,1.1,1314
gnss_raw.txt,2437,380595.200,FINESTEERING,SOL_COMPUTED,NARROW_FLOAT,27,26,4.5834,7.7878,1.2,1314
gnss_raw.txt,2437,380595.300,FINESTEERING,SOL_COMPUTED,NARROW_FLOAT,27,26,4.5834,7.7878,1.3,1314
gnss_raw.txt,2437,380595.400,FINESTEERING,SOL_COMPUTED,NARROW_FLOAT,27,26,4.5834,7.7878,1.4,1314
gnss_raw.txt,2437,380595.500,FINESTEERING,SOL_COMPUTED,NARROW_FLOAT,27,26,4.5834,7.7878,1.5,1314
gnss_raw.txt,2437,380595.600,FINESTEERING,SOL_COMPUTED,NARROW_FLOAT,27,26,4.5834,7.7878,1.6,1314
gnss_raw.txt,2437,380595.700,FINESTEERING,SOL_COMPUTED,NARROW_FLOAT,27,26,4.5834,7.7878,1.7,1314
gnss_raw.txt,2437,380595.800,FINESTEERING,SOL_COMPUTED,NARROW_FLOAT,27,26,4.5834,7.7878,1.8,1314
gnss_raw.txt,2437,380595.900,FINESTEERING,SOL_COMPUTED,NARROW_FLOAT,27,26,4.5834,7.7878,1.9,1314
gnss_raw.txt,2437,380596.000,FINESTEERING,SOL_COMPUTED,NARROW_FLOAT,27,26,5.2517,8.8542,1.0,1314
gnss_raw.txt,2437,380596.100,FINESTEERING,SOL_COMPUTED,NARROW_FLOAT,27,26,5.2517,8.8542,1.1,1314
gnss_raw.txt,2437,380596.200,FINESTEERING,SOL_COMPUTED,NARROW_FLOAT,27,26,5.2518,8.8542,1.2,1314
gnss_raw.txt,2437,380596.300,FINESTEERING,SOL_COMPUTED,NARROW_FLOAT,27,26,5.2518,8.8542,1.3,1314
gnss_raw.txt,2437,380596.400,FINESTEERING,SOL_COMPUTED,NARROW_FLOAT,27,26,5.2518,8.8542,1.4,1314
gnss_raw.txt,2437,380596.500,FINESTEERING,SOL_COMPUTED,NARROW_FLOAT,27,26,5.2518,8.8542,1.5,1314
gnss_raw.txt,2437,380596.600,FINESTEERING,SOL_COMPUTED,NARROW_FLOAT,27,26,5.2518,8.8542,1.6,1314
gnss_raw.txt,2437,380596.700,FINESTEERING,SOL_COMPUTED,NARROW_FLOAT,27,26,5.2518,8.8542,1.7,1314
gnss_raw.txt,2437,380596.800,FINESTEERING,SOL_COMPUTED,NARROW_FLOAT,27,26,5.2518,8.8542,1.8,1314
gnss_raw.txt,2437,380596.900,FINESTEERING,SOL_COMPUTED,NARROW_FLOAT,27,26,5.2518,8.8542,0.9,1314
gnss_raw.txt,2437,380597.000,FINESTEERING,SOL_COMPUTED,NARROW_FLOAT,27,26,6.6473,11.1155,1.0,1314
gnss_raw.txt,2437,380597.100,FINESTEERING,SOL_COMPUTED,NARROW_FLOAT,27,26,6.6473,11.1155,1.1,1314
gnss_raw.txt,2437,380597.200,FINESTEERING,SOL_COMPUTED,NARROW_FLOAT,27,26,6.6473,11.1155,1.2,1314
gnss_raw.txt,2437,380597.300,FINESTEERING,SOL_COMPUTED,NARROW_FLOAT,27,26,6.6473,11.1155,1.3,1314
gnss_raw.txt,2437,380597.400,FINESTEERING,SOL_COMPUTED,NARROW_FLOAT,27,26,6.6473,11.1155,1.4,1314
gnss_raw.txt,2437,380597.500,FINESTEERING,SOL_COMPUTED,NARROW_FLOAT,27,26,6.6473,11.1155,1.5,1314
gnss_raw.txt,2437,380597.600,FINESTEERING,SOL_COMPUTED,NARROW_FLOAT,27,26,6.6473,11.1155,1.6,1314
gnss_raw.txt,2437,380597.700,FINESTEERING,SOL_COMPUTED,NARROW_FLOAT,27,26,6.6473,11.1155,1.7,1314
gnss_raw.txt,2437,380597.800,FINESTEERING,SOL_COMPUTED,NARROW_FLOAT,27,26,6.6473,11.1155,1.8,1314
gnss_raw.txt,2437,380597.900,FINESTEERING,SOL_COMPUTED,NARROW_FLOAT,27,26,6.6473,11.1155,0.9,1314
gnss_raw.txt,2437,380598.000,FINESTEERING,SOL_COMPUTED,NARROW_FLOAT,27,26,4.8805,8.1768,1.0,1314
gnss_raw.txt,2437,380598.100,FINESTEERING,SOL_COMPUTED,NARROW_FLOAT,27,26,4.8805,8.1768,1.1,1314
gnss_raw.txt,2437,380598.200,FINESTEERING,SOL_COMPUTED,NARROW_FLOAT,27,26,4.8805,8.1768,1.2,1314
gnss_raw.txt,2437,380598.300,FINESTEERING,SOL_COMPUTED,NARROW_FLOAT,27,26,4.8805,8.1769,1.3,1314
gnss_raw.txt,2437,380598.400,FINESTEERING,SOL_COMPUTED,NARROW_FLOAT,27,26,4.8805,8.1769,1.4,1314
gnss_raw.txt,2437,380598.500,FINESTEERING,SOL_COMPUTED,NARROW_FLOAT,27,26,4.8805,8.1769,1.5,1314
gnss_raw.txt,2437,380598.600,FINESTEERING,SOL_COMPUTED,NARROW_FLOAT,27,26,4.8805,8.1769,1.6,1314
gnss_raw.txt,2437,380598.700,FINESTEERING,SOL_COMPUTED,NARROW_FLOAT,27,26,4.8806,8.1769,1.7,1314
gnss_raw.txt,2437,380598.800,FINESTEERING,SOL_COMPUTED,NARROW_FLOAT,27,26,4.8806,8.1769,0.8,1314
gnss_raw.txt,2437,380598.900,FINESTEERING,SOL_COMPUTED,NARROW_FLOAT,26,25,4.8806,8.1769,0.9,1314
gnss_raw.txt,2437,380599.000,FINESTEERING,SOL_COMPUTED,NARROW_FLOAT,26,25,5.4341,10.1326,1.0,1314
gnss_raw.txt,2437,380599.100,FINESTEERING,SOL_COMPUTED,NARROW_FLOAT,26,25,5.4341,10.1327,1.1,1314
gnss_raw.txt,2437,380599.200,FINESTEERING,SOL_COMPUTED,NARROW_FLOAT,26,25,5.4341,10.1327,1.2,1314
gnss_raw.txt,2437,380599.300,FINESTEERING,SOL_COMPUTED,NARROW_FLOAT,26,25,5.4341,10.1327,1.3,1314
gnss_raw.txt,2437,380599.400,FINESTEERING,SOL_COMPUTED,NARROW_FLOAT,26,25,5.4341,10.1327,1.4,1314
gnss_raw.txt,2437,380599.500,FINESTEERING,SOL_COMPUTED,NARROW_FLOAT,26,25,5.4341,10.1327,1.5,1314
gnss_raw.txt,2437,380599.600,FINESTEERING,SOL_COMPUTED,NARROW_FLOAT,27,26,5.4341,10.1327,1.6,1314
gnss_raw.txt,2437,380599.700,FINESTEERING,SOL_COMPUTED,NARROW_FLOAT,27,26,5.4341,10.1327,1.7,1314
gnss_raw.txt,2437,380599.800,FINESTEERING,SOL_COMPUTED,NARROW_FLOAT,27,26,5.4341,10.1327,1.8,1314
gnss_raw.txt,2437,380599.900,FINESTEERING,SOL_COMPUTED,NARROW_FLOAT,27,26,5.4341,10.1327,1.9,1314
gnss_raw.txt,2437,380600.000,FINESTEERING,SOL_COMPUTED,NARROW_FLOAT,27,26,7.1379,12.9493,1.0,1314
gnss_raw.txt,2437,380600.100,FINESTEERING,SOL_COMPUTED,NARROW_FLOAT,27,26,7.1379,12.9493,1.1,1314
gnss_raw.txt,2437,380600.200,FINESTEERING,SOL_COMPUTED,NARROW_FLOAT,27,26,7.1379,12.9493,1.2,1314
gnss_raw.txt,2437,380600.300,FINESTEERING,SOL_COMPUTED,NARROW_FLOAT,27,26,7.1379,12.9493,1.3,1314
gnss_raw.txt,2437,380600.400,FINESTEERING,SOL_COMPUTED,NARROW_FLOAT,27,26,7.1379,12.9493,1.4,1314
gnss_raw.txt,2437,380600.500,FINESTEERING,SOL_COMPUTED,NARROW_FLOAT,27,26,7.1379,12.9493,1.5,1314
gnss_raw.txt,2437,380600.600,FINESTEERING,SOL_COMPUTED,NARROW_FLOAT,27,26,7.1379,12.9493,1.6,1314
gnss_raw.txt,2437,380600.700,FINESTEERING,SOL_COMPUTED,NARROW_FLOAT,27,26,7.1379,12.9493,1.7,1314
gnss_raw.txt,2437,380600.800,FINESTEERING,SOL_COMPUTED,NARROW_FLOAT,27,26,7.1379,12.9493,0.8,1314
gnss_raw.txt,2437,380600.900,FINESTEERING,SOL_COMPUTED,NARROW_FLOAT,27,26,7.1379,12.9494,0.9,1314
gnss_raw.txt,2437,380601.000,FINESTEERING,SOL_COMPUTED,NARROW_FLOAT,27,26,6.7441,11.7546,1.0,1314
gnss_raw.txt,2437,380601.100,FINESTEERING,SOL_COMPUTED,NARROW_FLOAT,27,26,6.7441,11.7546,1.1,1314
gnss_raw.txt,2437,380601.200,FINESTEERING,SOL_COMPUTED,NARROW_FLOAT,27,26,6.7441,11.7546,1.2,1314
gnss_raw.txt,2437,380601.300,FINESTEERING,SOL_COMPUTED,NARROW_FLOAT,26,25,6.7441,11.7546,1.3,1314
gnss_raw.txt,2437,380601.400,FINESTEERING,SOL_COMPUTED,NARROW_FLOAT,26,25,6.7441,11.7547,1.4,1314
gnss_raw.txt,2437,380601.500,FINESTEERING,SOL_COMPUTED,NARROW_FLOAT,26,25,6.7442,11.7547,1.5,1314
gnss_raw.txt,2437,380601.600,FINESTEERING,SOL_COMPUTED,NARROW_FLOAT,27,26,6.7442,11.7547,1.6,1314
gnss_raw.txt,2437,380601.700,FINESTEERING,SOL_COMPUTED,NARROW_FLOAT,28,27,6.7442,11.7547,1.7,1314
gnss_raw.txt,2437,380601.800,FINESTEERING,SOL_COMPUTED,NARROW_FLOAT,27,26,6.7442,11.7547,0.8,1314
gnss_raw.txt,2437,380601.900,FINESTEERING,SOL_COMPUTED,NARROW_FLOAT,28,27,6.7442,11.7547,0.9,1314
gnss_raw.txt,2437,380602.000,FINESTEERING,SOL_COMPUTED,NARROW_FLOAT,28,27,5.384,9.1678,1.0,1314
gnss_raw.txt,2437,380602.100,FINESTEERING,SOL_COMPUTED,NARROW_FLOAT,28,27,5.384,9.1678,1.1,1314
gnss_raw.txt,2437,380602.200,FINESTEERING,SOL_COMPUTED,NARROW_FLOAT,28,27,5.384,9.1678,1.2,1314
gnss_raw.txt,2437,380602.300,FINESTEERING,SOL_COMPUTED,NARROW_FLOAT,28,27,5.384,9.1678,1.3,1314
gnss_raw.txt,2437,380602.400,FINESTEERING,SOL_COMPUTED,NARROW_FLOAT,28,27,5.384,9.1678,1.4,1314
gnss_raw.txt,2437,380602.500,FINESTEERING,SOL_COMPUTED,NARROW_FLOAT,28,27,5.384,9.1679,1.5,1314
gnss_raw.txt,2437,380602.600,FINESTEERING,SOL_COMPUTED,NARROW_FLOAT,28,27,5.384,9.1679,1.6,1314
gnss_raw.txt,2437,380602.700,FINESTEERING,SOL_COMPUTED,NARROW_FLOAT,28,27,5.384,9.1679,1.7,1314
gnss_raw.txt,2437,380602.800,FINESTEERING,SOL_COMPUTED,NARROW_FLOAT,28,27,5.384,9.1679,0.8,1314
gnss_raw.txt,2437,380602.900,FINESTEERING,SOL_COMPUTED,NARROW_FLOAT,28,27,5.384,9.1679,0.9,1314
gnss_raw.txt,2437,380603.000,FINESTEERING,SOL_COMPUTED,NARROW_FLOAT,28,27,4.499,7.672,1.0,1314
gnss_raw.txt,2437,380603.100,FINESTEERING,SOL_COMPUTED,NARROW_FLOAT,28,27,4.499,7.672,1.1,1314
gnss_raw.txt,2437,380603.200,FINESTEERING,SOL_COMPUTED,NARROW_FLOAT,28,27,4.499,7.672,1.2,1314
gnss_raw.txt,2437,380603.300,FINESTEERING,SOL_COMPUTED,NARROW_FLOAT,28,27,4.499,7.672,1.3,1314
gnss_raw.txt,2437,380603.400,FINESTEERING,SOL_COMPUTED,NARROW_FLOAT,28,27,4.499,7.672,1.4,1314
gnss_raw.txt,2437,380603.500,FINESTEERING,SOL_COMPUTED,NARROW_FLOAT,28,27,4.499,7.672,1.5,1314
gnss_raw.txt,2437,380603.600,FINESTEERING,SOL_COMPUTED,NARROW_FLOAT,28,27,4.499,7.672,1.6,1314
gnss_raw.txt,2437,380603.700,FINESTEERING,SOL_COMPUTED,NARROW_FLOAT,28,27,4.499,7.672,1.7,1314
gnss_raw.txt,2437,380603.800,FINESTEERING,SOL_COMPUTED,NARROW_FLOAT,28,27,4.499,7.672,0.8,1314
gnss_raw.txt,2437,380603.900,FINESTEERING,SOL_COMPUTED,NARROW_FLOAT,28,27,4.499,7.672,0.9,1314
gnss_raw.txt,2437,380604.000,FINESTEERING,SOL_COMPUTED,NARROW_FLOAT,28,27,4.8372,8.2021,1.0,1314
gnss_raw.txt,2437,380604.100,FINESTEERING,SOL_COMPUTED,NARROW_FLOAT,28,27,4.8373,8.2021,1.1,1314
gnss_raw.txt,2437,380604.200,FINESTEERING,SOL_COMPUTED,NARROW_FLOAT,28,27,4.8373,8.2021,1.2,1314
gnss_raw.txt,2437,380604.300,FINESTEERING,SOL_COMPUTED,NARROW_FLOAT,27,26,4.8373,8.2021,1.3,1314
gnss_raw.txt,2437,380604.400,FINESTEERING,SOL_COMPUTED,NARROW_FLOAT,27,26,4.8373,8.2021,1.4,1314
gnss_raw.txt,2437,380604.500,FINESTEERING,SOL_COMPUTED,NARROW_FLOAT,27,26,4.8373,8.2022,1.5,1314
gnss_raw.txt,2437,380604.600,FINESTEERING,SOL_COMPUTED,NARROW_FLOAT,28,27,4.8373,8.2022,1.6,1314
gnss_raw.txt,2437,380604.700,FINESTEERING,SOL_COMPUTED,NARROW_FLOAT,28,27,4.8373,8.2022,1.7,1314
gnss_raw.txt,2437,380604.800,FINESTEERING,SOL_COMPUTED,NARROW_FLOAT,28,27,4.8373,8.2022,1.8,1314
gnss_raw.txt,2437,380604.900,FINESTEERING,SOL_COMPUTED,NARROW_FLOAT,28,27,4.8373,8.2022,1.9,1314
gnss_raw.txt,2437,380605.000,FINESTEERING,SOL_COMPUTED,NARROW_FLOAT,28,27,4.2442,7.5432,1.0,1314
gnss_raw.txt,2437,380605.100,FINESTEERING,SOL_COMPUTED,NARROW_FLOAT,28,27,4.2442,7.5432,1.1,1314
gnss_raw.txt,2437,380605.200,FINESTEERING,SOL_COMPUTED,NARROW_FLOAT,28,27,4.2442,7.5432,1.2,1314
gnss_raw.txt,2437,380605.300,FINESTEERING,SOL_COMPUTED,NARROW_FLOAT,28,27,4.2442,7.5432,1.3,1314
gnss_raw.txt,2437,380605.400,FINESTEERING,SOL_COMPUTED,NARROW_FLOAT,28,27,4.2442,7.5432,1.4,1314
gnss_raw.txt,2437,380605.500,FINESTEERING,SOL_COMPUTED,NARROW_FLOAT,28,27,4.2442,7.5432,1.5,1314
gnss_raw.txt,2437,380605.600,FINESTEERING,SOL_COMPUTED,NARROW_FLOAT,28,27,4.2442,7.5432,1.6,1314
gnss_raw.txt,2437,380605.700,FINESTEERING,SOL_COMPUTED,NARROW_FLOAT,28,27,4.2442,7.5432,1.7,1314
gnss_raw.txt,2437,380605.800,FINESTEERING,SOL_COMPUTED,NARROW_FLOAT,28,27,4.2442,7.5432,1.8,1314
gnss_raw.txt,2437,380605.900,FINESTEERING,SOL_COMPUTED,NARROW_FLOAT,28,27,4.2442,7.5432,1.9,1314
gnss_raw.txt,2437,380606.000,FINESTEERING,SOL_COMPUTED,NARROW_FLOAT,28,27,4.771,8.4089,1.0,1314
gnss_raw.txt,2437,380606.100,FINESTEERING,SOL_COMPUTED,NARROW_FLOAT,28,27,4.771,8.4089,1.1,1314
gnss_raw.txt,2437,380606.200,FINESTEERING,SOL_COMPUTED,NARROW_FLOAT,28,27,4.771,8.4089,1.2,1314
gnss_raw.txt,2437,380606.300,FINESTEERING,SOL_COMPUTED,NARROW_FLOAT,28,27,4.7711,8.4089,1.3,1314
gnss_raw.txt,2437,380606.400,FINESTEERING,SOL_COMPUTED,NARROW_FLOAT,28,27,4.7711,8.4089,1.4,1314
gnss_raw.txt,2437,380606.500,FINESTEERING,SOL_COMPUTED,NARROW_FLOAT,28,27,4.7711,8.4089,1.5,1314
gnss_raw.txt,2437,380606.600,FINESTEERING,SOL_COMPUTED,NARROW_FLOAT,28,27,4.7711,8.4089,1.6,1314
gnss_raw.txt,2437,380606.700,FINESTEERING,SOL_COMPUTED,NARROW_FLOAT,28,27,4.7711,8.4089,1.7,1314
gnss_raw.txt,2437,380606.800,FINESTEERING,SOL_COMPUTED,NARROW_FLOAT,28,27,4.7711,8.4089,1.8,1314
gnss_raw.txt,2437,380606.900,FINESTEERING,SOL_COMPUTED,NARROW_FLOAT,29,28,4.7711,8.4089,1.9,1314
gnss_raw.txt,2437,380607.000,FINESTEERING,SOL_COMPUTED,NARROW_FLOAT,29,28,5.9719,10.5406,1.0,1314
gnss_raw.txt,2437,380607.100,FINESTEERING,SOL_COMPUTED,NARROW_FLOAT,29,28,5.9719,10.5406,1.1,1314
gnss_raw.txt,2437,380607.200,FINESTEERING,SOL_COMPUTED,NARROW_FLOAT,29,28,5.9719,10.5406,1.2,1314
gnss_raw.txt,2437,380607.300,FINESTEERING,SOL_COMPUTED,NARROW_FLOAT,29,28,5.9719,10.5406,1.3,1314
gnss_raw.txt,2437,380607.400,FINESTEERING,SOL_COMPUTED,NARROW_FLOAT,28,27,5.9719,10.5406,1.4,1314
gnss_raw.txt,2437,380607.500,FINESTEERING,SOL_COMPUTED,NARROW_FLOAT,28,27,5.9719,10.5407,1.5,1314
gnss_raw.txt,2437,380607.600,FINESTEERING,SOL_COMPUTED,NARROW_FLOAT,28,27,5.972,10.5407,1.6,1314
gnss_raw.txt,2437,380607.700,FINESTEERING,SOL_COMPUTED,NARROW_FLOAT,28,27,5.972,10.5407,1.7,1314
gnss_raw.txt,2437,380607.800,FINESTEERING,SOL_COMPUTED,NARROW_FLOAT,28,27,5.972,10.5407,0.8,1314
gnss_raw.txt,2437,380607.900,FINESTEERING,SOL_COMPUTED,NARROW_FLOAT,28,27,5.972,10.5407,0.9,1314
gnss_raw.txt,2437,380608.000,FINESTEERING,SOL_COMPUTED,NARROW_FLOAT,28,27,3.1325,5.4183,1.0,1314
gnss_raw.txt,2437,380608.100,FINESTEERING,SOL_COMPUTED,NARROW_FLOAT,28,27,3.1325,5.4183,1.1,1314
gnss_raw.txt,2437,380608.200,FINESTEERING,SOL_COMPUTED,NARROW_FLOAT,28,27,3.1325,5.4183,1.2,1314
gnss_raw.txt,2437,380608.300,FINESTEERING,SOL_COMPUTED,NARROW_FLOAT,28,27,3.1326,5.4183,1.3,1314
gnss_raw.txt,2437,380608.400,FINESTEERING,SOL_COMPUTED,NARROW_FLOAT,28,27,3.1326,5.4183,1.4,1314
gnss_raw.txt,2437,380608.500,FINESTEERING,SOL_COMPUTED,NARROW_FLOAT,28,27,3.1326,5.4184,1.5,1314
gnss_raw.txt,2437,380608.600,FINESTEERING,SOL_COMPUTED,NARROW_FLOAT,29,28,3.1326,5.4184,1.6,1314
gnss_raw.txt,2437,380608.700,FINESTEERING,SOL_COMPUTED,NARROW_FLOAT,29,28,3.1326,5.4184,1.7,1314
gnss_raw.txt,2437,380608.800,FINESTEERING,SOL_COMPUTED,NARROW_FLOAT,29,28,3.1326,5.4184,0.8,1314
gnss_raw.txt,2437,380608.900,FINESTEERING,SOL_COMPUTED,NARROW_FLOAT,29,28,3.1326,5.4184,0.9,1314
gnss_raw.txt,2437,380609.000,FINESTEERING,SOL_COMPUTED,NARROW_FLOAT,29,28,3.0704,5.4202,1.0,1314
gnss_raw.txt,2437,380609.100,FINESTEERING,SOL_COMPUTED,NARROW_FLOAT,29,28,3.0704,5.4202,1.1,1314
gnss_raw.txt,2437,380609.200,FINESTEERING,SOL_COMPUTED,NARROW_FLOAT,29,28,3.0704,5.4202,1.2,1314
gnss_raw.txt,2437,380609.300,FINESTEERING,SOL_COMPUTED,NARROW_FLOAT,29,28,3.0704,5.4202,1.3,1314
gnss_raw.txt,2437,380609.400,FINESTEERING,SOL_COMPUTED,NARROW_FLOAT,29,28,3.0704,5.4202,1.4,1314
gnss_raw.txt,2437,380609.500,FINESTEERING,SOL_COMPUTED,NARROW_FLOAT,29,28,3.0705,5.4202,1.5,1314
gnss_raw.txt,2437,380609.600,FINESTEERING,SOL_COMPUTED,NARROW_FLOAT,29,28,3.0705,5.4202,1.6,1314
gnss_raw.txt,2437,380609.700,FINESTEERING,SOL_COMPUTED,NARROW_FLOAT,29,28,3.0705,5.4202,0.7,1314
gnss_raw.txt,2437,380609.800,FINESTEERING,SOL_COMPUTED,NARROW_FLOAT,29,28,3.0705,5.4203,0.8,1314
gnss_raw.txt,2437,380609.900,FINESTEERING,SOL_COMPUTED,NARROW_FLOAT,29,28,3.0705,5.4203,0.9,1314
gnss_raw.txt,2437,380610.000,FINESTEERING,SOL_COMPUTED,NARROW_FLOAT,29,28,2.8657,5.0546,1.0,1314
gnss_raw.txt,2437,380610.100,FINESTEERING,SOL_COMPUTED,NARROW_FLOAT,29,28,2.8657,5.0546,1.1,1314
gnss_raw.txt,2437,380610.200,FINESTEERING,SOL_COMPUTED,NARROW_FLOAT,29,28,2.8657,5.0546,1.2,1314
gnss_raw.txt,2437,380610.300,FINESTEERING,SOL_COMPUTED,NARROW_FLOAT,29,28,2.8657,5.0546,1.3,1314
gnss_raw.txt,2437,380610.400,FINESTEERING,SOL_COMPUTED,NARROW_FLOAT,29,28,2.8657,5.0546,1.4,1314
gnss_raw.txt,2437,380610.500,FINESTEERING,SOL_COMPUTED,NARROW_FLOAT,29,28,2.8657,5.0546,1.5,1314
gnss_raw.txt,2437,380610.600,FINESTEERING,SOL_COMPUTED,NARROW_FLOAT,29,28,2.8657,5.0546,1.6,1314
gnss_raw.txt,2437,380610.700,FINESTEERING,SOL_COMPUTED,NARROW_FLOAT,29,28,2.8657,5.0547,1.7,1314
gnss_raw.txt,2437,380610.800,FINESTEERING,SOL_COMPUTED,NARROW_FLOAT,29,28,2.8657,5.0547,0.8,1314
gnss_raw.txt,2437,380610.900,FINESTEERING,SOL_COMPUTED,NARROW_FLOAT,29,28,2.8657,5.0547,0.9,1314
gnss_raw.txt,2437,380611.000,FINESTEERING,SOL_COMPUTED,NARROW_FLOAT,29,28,2.9517,5.1962,1.0,1314
gnss_raw.txt,2437,380611.100,FINESTEERING,SOL_COMPUTED,NARROW_FLOAT,29,28,2.9517,5.1962,1.1,1314
gnss_raw.txt,2437,380611.200,FINESTEERING,SOL_COMPUTED,NARROW_FLOAT,29,28,2.9517,5.1963,1.2,1314
gnss_raw.txt,2437,380611.300,FINESTEERING,SOL_COMPUTED,NARROW_FLOAT,29,28,2.9517,5.1963,1.3,1314
gnss_raw.txt,2437,380611.400,FINESTEERING,SOL_COMPUTED,NARROW_FLOAT,29,28,2.9517,5.1963,1.4,1314
gnss_raw.txt,2437,380611.500,FINESTEERING,SOL_COMPUTED,NARROW_FLOAT,29,28,2.9518,5.1963,1.5,1314
gnss_raw.txt,2437,380611.600,FINESTEERING,SOL_COMPUTED,NARROW_FLOAT,29,28,2.9518,5.1963,1.6,1314
gnss_raw.txt,2437,380611.700,FINESTEERING,SOL_COMPUTED,NARROW_FLOAT,29,28,2.9518,5.1963,1.7,1314
gnss_raw.txt,2437,380611.800,FINESTEERING,SOL_COMPUTED,NARROW_FLOAT,29,28,2.9518,5.1963,1.8,1314
gnss_raw.txt,2437,380611.900,FINESTEERING,SOL_COMPUTED,NARROW_FLOAT,29,28,2.9518,5.1963,1.9,1314
gnss_raw.txt,2437,380612.000,FINESTEERING,SOL_COMPUTED,NARROW_FLOAT,29,28,3.1556,5.4635,2.0,1314
gnss_raw.txt,2437,380612.100,FINESTEERING,SOL_COMPUTED,NARROW_FLOAT,29,28,3.1556,5.4636,1.1,1314
gnss_raw.txt,2437,380612.200,FINESTEERING,SOL_COMPUTED,NARROW_FLOAT,29,28,3.1557,5.4636,1.2,1314
gnss_raw.txt,2437,380612.300,FINESTEERING,SOL_COMPUTED,NARROW_FLOAT,29,28,3.1557,5.4636,1.3,1314
gnss_raw.txt,2437,380612.400,FINESTEERING,SOL_COMPUTED,NARROW_FLOAT,29,28,3.1557,5.4636,1.4,1314
gnss_raw.txt,2437,380612.500,FINESTEERING,SOL_COMPUTED,NARROW_FLOAT,29,28,3.1557,5.4636,1.5,1314
gnss_raw.txt,2437,380612.600,FINESTEERING,SOL_COMPUTED,NARROW_FLOAT,29,28,3.1557,5.4636,1.6,1314
gnss_raw.txt,2437,380612.700,FINESTEERING,SOL_COMPUTED,NARROW_FLOAT,29,28,3.1557,5.4636,1.7,1314
gnss_raw.txt,2437,380612.800,FINESTEERING,SOL_COMPUTED,NARROW_FLOAT,29,28,3.1557,5.4636,1.8,1314
gnss_raw.txt,2437,380612.900,FINESTEERING,SOL_COMPUTED,NARROW_FLOAT,29,28,3.1557,5.4636,0.9,1314
gnss_raw.txt,2437,380613.000,FINESTEERING,SOL_COMPUTED,NARROW_FLOAT,29,28,6.974,13.2069,1.0,1314
gnss_raw.txt,2437,380613.100,FINESTEERING,SOL_COMPUTED,NARROW_FLOAT,29,28,6.974,13.2069,1.1,1314
gnss_raw.txt,2437,380613.200,FINESTEERING,SOL_COMPUTED,NARROW_FLOAT,29,28,6.974,13.2069,1.2,1314
gnss_raw.txt,2437,380613.300,FINESTEERING,SOL_COMPUTED,NARROW_FLOAT,29,28,6.974,13.2069,1.3,1314
gnss_raw.txt,2437,380613.400,FINESTEERING,SOL_COMPUTED,NARROW_FLOAT,29,28,6.974,13.2069,1.4,1314
gnss_raw.txt,2437,380613.500,FINESTEERING,SOL_COMPUTED,NARROW_FLOAT,29,28,6.974,13.2069,1.5,1314
gnss_raw.txt,2437,380613.600,FINESTEERING,SOL_COMPUTED,NARROW_FLOAT,29,28,6.974,13.2069,1.6,1314
gnss_raw.txt,2437,380613.700,FINESTEERING,SOL_COMPUTED,NARROW_FLOAT,29,28,6.974,13.2069,0.7,1314
gnss_raw.txt,2437,380613.800,FINESTEERING,SOL_COMPUTED,NARROW_FLOAT,29,28,6.974,13.2069,0.8,1314
gnss_raw.txt,2437,380613.900,FINESTEERING,SOL_COMPUTED,NARROW_FLOAT,29,28,6.974,13.2069,0.9,1314
gnss_raw.txt,2437,380614.000,FINESTEERING,SOL_COMPUTED,NARROW_FLOAT,29,28,7.1123,13.5722,1.0,1314
gnss_raw.txt,2437,380614.100,FINESTEERING,SOL_COMPUTED,NARROW_FLOAT,29,28,7.1123,13.5722,1.1,1314
gnss_raw.txt,2437,380614.200,FINESTEERING,SOL_COMPUTED,NARROW_FLOAT,29,28,7.1123,13.5722,1.2,1314
gnss_raw.txt,2437,380614.300,FINESTEERING,SOL_COMPUTED,NARROW_FLOAT,29,28,7.1123,13.5722,1.3,1314
gnss_raw.txt,2437,380614.400,FINESTEERING,SOL_COMPUTED,NARROW_FLOAT,29,28,7.1123,13.5722,1.4,1314
gnss_raw.txt,2437,380614.500,FINESTEERING,SOL_COMPUTED,NARROW_FLOAT,29,28,7.1123,13.5723,1.5,1314
gnss_raw.txt,2437,380614.600,FINESTEERING,SOL_COMPUTED,NARROW_FLOAT,29,28,7.1123,13.5723,1.6,1314
gnss_raw.txt,2437,380614.700,FINESTEERING,SOL_COMPUTED,NARROW_FLOAT,29,28,7.1123,13.5723,1.7,1314
gnss_raw.txt,2437,380614.800,FINESTEERING,SOL_COMPUTED,NARROW_FLOAT,29,28,7.1123,13.5723,0.8,1314
gnss_raw.txt,2437,380614.900,FINESTEERING,SOL_COMPUTED,NARROW_FLOAT,29,28,7.1123,13.5723,0.9,1314
gnss_raw.txt,2437,380615.000,FINESTEERING,SOL_COMPUTED,NARROW_FLOAT,29,28,2.2719,4.3952,1.0,1314
gnss_raw.txt,2437,380615.100,FINESTEERING,SOL_COMPUTED,NARROW_FLOAT,29,28,2.2719,4.3952,1.1,1314
gnss_raw.txt,2437,380615.200,FINESTEERING,SOL_COMPUTED,NARROW_FLOAT,29,28,2.2719,4.3952,1.2,1314
gnss_raw.txt,2437,380615.300,FINESTEERING,SOL_COMPUTED,NARROW_FLOAT,29,28,2.2719,4.3952,1.3,1314
gnss_raw.txt,2437,380615.400,FINESTEERING,SOL_COMPUTED,NARROW_FLOAT,29,28,2.2719,4.3952,1.4,1314
gnss_raw.txt,2437,380615.500,FINESTEERING,SOL_COMPUTED,NARROW_FLOAT,29,28,2.2719,4.3953,1.5,1314
gnss_raw.txt,2437,380615.600,FINESTEERING,SOL_COMPUTED,NARROW_FLOAT,29,28,2.2719,4.3953,1.6,1314
gnss_raw.txt,2437,380615.700,FINESTEERING,SOL_COMPUTED,NARROW_FLOAT,29,28,2.272,4.3953,1.7,1314
gnss_raw.txt,2437,380615.800,FINESTEERING,SOL_COMPUTED,NARROW_FLOAT,29,28,2.272,4.3953,0.8,1314
gnss_raw.txt,2437,380615.900,FINESTEERING,SOL_COMPUTED,NARROW_FLOAT,29,28,2.272,4.3953,0.9,1314
gnss_raw.txt,2437,380616.000,FINESTEERING,SOL_COMPUTED,NARROW_FLOAT,29,28,2.8506,5.4977,1.0,1314
gnss_raw.txt,2437,380616.100,FINESTEERING,SOL_COMPUTED,NARROW_FLOAT,29,28,2.8506,5.4977,1.1,1314
gnss_raw.txt,2437,380616.200,FINESTEERING,SOL_COMPUTED,NARROW_FLOAT,29,28,2.8506,5.4977,1.2,1314
gnss_raw.txt,2437,380616.300,FINESTEERING,SOL_COMPUTED,NARROW_FLOAT,29,28,2.8506,5.4977,1.3,1314
gnss_raw.txt,2437,380616.400,FINESTEERING,SOL_COMPUTED,NARROW_FLOAT,28,27,2.8506,5.4977,1.4,1314
gnss_raw.txt,2437,380616.500,FINESTEERING,SOL_COMPUTED,NARROW_FLOAT,28,27,2.8506,5.4977,1.5,1314
gnss_raw.txt,2437,380616.600,FINESTEERING,SOL_COMPUTED,NARROW_FLOAT,28,27,2.8507,5.4977,1.6,1314
gnss_raw.txt,2437,380616.700,FINESTEERING,SOL_COMPUTED,NARROW_FLOAT,28,27,2.8507,5.4977,1.7,1314
gnss_raw.txt,2437,380616.800,FINESTEERING,SOL_COMPUTED,NARROW_FLOAT,28,27,2.8507,5.4978,1.8,1314
gnss_raw.txt,2437,380616.900,FINESTEERING,SOL_COMPUTED,NARROW_FLOAT,28,27,2.8507,5.4978,1.9,1314
gnss_raw.txt,2437,380617.000,FINESTEERING,SOL_COMPUTED,NARROW_FLOAT,28,27,4.3385,8.6275,1.0,1314
gnss_raw.txt,2437,380617.100,FINESTEERING,SOL_COMPUTED,NARROW_FLOAT,28,27,4.3385,8.6275,1.1,1314
gnss_raw.txt,2437,380617.200,FINESTEERING,SOL_COMPUTED,NARROW_FLOAT,28,27,4.3385,8.6275,1.2,1314
gnss_raw.txt,2437,380617.300,FINESTEERING,SOL_COMPUTED,NARROW_FLOAT,28,27,4.3385,8.6275,1.3,1314
gnss_raw.txt,2437,380617.400,FINESTEERING,SOL_COMPUTED,NARROW_FLOAT,28,27,4.3385,8.6275,1.4,1314
gnss_raw.txt,2437,380617.500,FINESTEERING,SOL_COMPUTED,NARROW_FLOAT,28,27,4.3385,8.6275,1.5,1314
gnss_raw.txt,2437,380617.600,FINESTEERING,SOL_COMPUTED,NARROW_FLOAT,28,27,4.3385,8.6275,1.6,1314
gnss_raw.txt,2437,380617.700,FINESTEERING,SOL_COMPUTED,NARROW_FLOAT,28,27,4.3385,8.6275,1.7,1314
gnss_raw.txt,2437,380617.800,FINESTEERING,SOL_COMPUTED,NARROW_FLOAT,28,27,4.3385,8.6276,1.8,1314
gnss_raw.txt,2437,380617.900,FINESTEERING,SOL_COMPUTED,NARROW_FLOAT,28,27,4.3385,8.6276,0.9,1314
gnss_raw.txt,2437,380618.000,FINESTEERING,SOL_COMPUTED,NARROW_FLOAT,28,27,1.9034,3.6719,1.0,1314
gnss_raw.txt,2437,380618.100,FINESTEERING,SOL_COMPUTED,NARROW_FLOAT,28,27,1.9034,3.6719,1.1,1314
gnss_raw.txt,2437,380618.200,FINESTEERING,SOL_COMPUTED,NARROW_FLOAT,28,27,1.9034,3.6719,1.2,1314
gnss_raw.txt,2437,380618.300,FINESTEERING,SOL_COMPUTED,NARROW_FLOAT,28,27,1.9034,3.6719,1.3,1314
gnss_raw.txt,2437,380618.400,FINESTEERING,SOL_COMPUTED,NARROW_FLOAT,28,27,1.9034,3.6719,1.4,1314
gnss_raw.txt,2437,380618.500,FINESTEERING,SOL_COMPUTED,NARROW_FLOAT,28,27,1.9034,3.6719,1.5,1314
gnss_raw.txt,2437,380618.600,FINESTEERING,SOL_COMPUTED,NARROW_FLOAT,28,27,1.9034,3.6719,1.6,1314
gnss_raw.txt,2437,380618.700,FINESTEERING,SOL_COMPUTED,NARROW_FLOAT,29,28,1.9035,3.6719,1.7,1314
gnss_raw.txt,2437,380618.800,FINESTEERING,SOL_COMPUTED,NARROW_FLOAT,29,28,1.9036,3.672,1.8,1314
gnss_raw.txt,2437,380618.900,FINESTEERING,SOL_COMPUTED,NARROW_FLOAT,29,28,1.9036,3.672,1.9,1314
gnss_raw.txt,2437,380619.000,FINESTEERING,SOL_COMPUTED,NARROW_FLOAT,29,28,1.5372,3.055,1.0,1314
gnss_raw.txt,2437,380619.100,FINESTEERING,SOL_COMPUTED,NARROW_FLOAT,29,28,1.5372,3.055,1.1,1314
gnss_raw.txt,2437,380619.200,FINESTEERING,SOL_COMPUTED,NARROW_FLOAT,29,28,1.5372,3.055,1.2,1314
gnss_raw.txt,2437,380619.300,FINESTEERING,SOL_COMPUTED,NARROW_FLOAT,28,27,1.5373,3.0551,1.3,1314
gnss_raw.txt,2437,380619.400,FINESTEERING,SOL_COMPUTED,NARROW_FLOAT,28,27,1.5373,3.0551,1.4,1314
gnss_raw.txt,2437,380619.500,FINESTEERING,SOL_COMPUTED,NARROW_FLOAT,28,27,1.5373,3.0551,1.5,1314
gnss_raw.txt,2437,380619.600,FINESTEERING,SOL_COMPUTED,NARROW_FLOAT,28,27,1.5373,3.0551,1.6,1314
gnss_raw.txt,2437,380619.700,FINESTEERING,SOL_COMPUTED,NARROW_FLOAT,28,27,1.5373,3.0551,0.7,1314
gnss_raw.txt,2437,380619.800,FINESTEERING,SOL_COMPUTED,NARROW_FLOAT,28,27,1.5373,3.0551,0.8,1314
gnss_raw.txt,2437,380619.900,FINESTEERING,SOL_COMPUTED,NARROW_FLOAT,28,27,1.5373,3.0551,0.9,1314
gnss_raw.txt,2437,380620.000,FINESTEERING,SOL_COMPUTED,NARROW_FLOAT,28,27,2.7824,6.2426,1.0,1314
gnss_raw.txt,2437,380620.100,FINESTEERING,SOL_COMPUTED,NARROW_FLOAT,28,27,2.7824,6.2426,1.1,1314
gnss_raw.txt,2437,380620.200,FINESTEERING,SOL_COMPUTED,NARROW_FLOAT,28,27,2.7824,6.2426,1.2,1314
gnss_raw.txt,2437,380620.300,FINESTEERING,SOL_COMPUTED,NARROW_FLOAT,28,27,2.7824,6.2426,1.3,1314
gnss_raw.txt,2437,380620.400,FINESTEERING,SOL_COMPUTED,NARROW_FLOAT,28,27,2.7824,6.2427,1.4,1314
gnss_raw.txt,2437,380620.500,FINESTEERING,SOL_COMPUTED,NARROW_FLOAT,28,27,2.7824,6.2427,1.5,1314
gnss_raw.txt,2437,380620.600,FINESTEERING,SOL_COMPUTED,NARROW_FLOAT,28,27,2.7824,6.2427,1.6,1314
gnss_raw.txt,2437,380620.700,FINESTEERING,SOL_COMPUTED,NARROW_FLOAT,29,28,2.7825,6.2427,1.7,1314
gnss_raw.txt,2437,380620.800,FINESTEERING,SOL_COMPUTED,NARROW_FLOAT,29,28,2.7825,6.2427,0.8,1314
gnss_raw.txt,2437,380620.900,FINESTEERING,SOL_COMPUTED,NARROW_FLOAT,28,27,2.7825,6.2427,0.9,1314
gnss_raw.txt,2437,380621.000,FINESTEERING,SOL_COMPUTED,NARROW_FLOAT,28,27,1.6786,3.7235,1.0,1314
gnss_raw.txt,2437,380621.100,FINESTEERING,SOL_COMPUTED,NARROW_FLOAT,28,27,1.6786,3.7235,1.1,1314
gnss_raw.txt,2437,380621.200,FINESTEERING,SOL_COMPUTED,NARROW_FLOAT,28,27,1.6786,3.7235,1.2,1314
gnss_raw.txt,2437,380621.300,FINESTEERING,SOL_COMPUTED,NARROW_FLOAT,28,27,1.6787,3.7236,1.3,1314
gnss_raw.txt,2437,380621.400,FINESTEERING,SOL_COMPUTED,NARROW_FLOAT,28,27,1.6787,3.7236,1.4,1314
gnss_raw.txt,2437,380621.500,FINESTEERING,SOL_COMPUTED,NARROW_FLOAT,28,27,1.6787,3.7236,1.5,1314
gnss_raw.txt,2437,380621.600,FINESTEERING,SOL_COMPUTED,NARROW_FLOAT,28,27,1.6787,3.7236,1.6,1314
gnss_raw.txt,2437,380621.700,FINESTEERING,SOL_COMPUTED,NARROW_FLOAT,28,27,1.6787,3.7236,1.7,1314
gnss_raw.txt,2437,380621.800,FINESTEERING,SOL_COMPUTED,NARROW_FLOAT,28,27,1.6787,3.7236,1.8,1314
gnss_raw.txt,2437,380621.900,FINESTEERING,SOL_COMPUTED,NARROW_FLOAT,28,27,1.6787,3.7236,0.9,1314
gnss_raw.txt,2437,380622.000,FINESTEERING,SOL_COMPUTED,NARROW_FLOAT,29,28,2.2124,4.9733,1.0,1314
gnss_raw.txt,2437,380622.100,FINESTEERING,SOL_COMPUTED,NARROW_FLOAT,29,28,2.2124,4.9733,1.1,1314
gnss_raw.txt,2437,380622.200,FINESTEERING,SOL_COMPUTED,NARROW_FLOAT,29,28,2.2124,4.9733,1.2,1314
gnss_raw.txt,2437,380622.300,FINESTEERING,SOL_COMPUTED,NARROW_FLOAT,29,28,2.2125,4.9733,1.3,1314
gnss_raw.txt,2437,380622.400,FINESTEERING,SOL_COMPUTED,NARROW_FLOAT,29,28,2.2125,4.9734,1.4,1314
gnss_raw.txt,2437,380622.500,FINESTEERING,SOL_COMPUTED,NARROW_FLOAT,29,28,2.2125,4.9734,1.5,1314
gnss_raw.txt,2437,380622.600,FINESTEERING,SOL_COMPUTED,NARROW_FLOAT,29,28,2.2126,4.9734,1.6,1314
gnss_raw.txt,2437,380622.700,FINESTEERING,SOL_COMPUTED,NARROW_FLOAT,29,28,2.2126,4.9734,1.7,1314
gnss_raw.txt,2437,380622.800,FINESTEERING,SOL_COMPUTED,NARROW_FLOAT,29,28,2.2126,4.9734,1.8,1314
gnss_raw.txt,2437,380622.900,FINESTEERING,SOL_COMPUTED,NARROW_FLOAT,29,28,2.2126,4.9734,0.9,1314
gnss_raw.txt,2437,380623.000,FINESTEERING,SOL_COMPUTED,NARROW_FLOAT,29,28,2.067,4.5578,1.0,1314
gnss_raw.txt,2437,380623.100,FINESTEERING,SOL_COMPUTED,NARROW_FLOAT,29,28,2.067,4.5578,1.1,1314
gnss_raw.txt,2437,380623.200,FINESTEERING,SOL_COMPUTED,NARROW_FLOAT,29,28,2.067,4.5578,1.2,1314
gnss_raw.txt,2437,380623.300,FINESTEERING,SOL_COMPUTED,NARROW_FLOAT,29,28,2.0671,4.5578,1.3,1314
gnss_raw.txt,2437,380623.400,FINESTEERING,SOL_COMPUTED,NARROW_FLOAT,29,28,2.0671,4.5578,1.4,1314
gnss_raw.txt,2437,380623.500,FINESTEERING,SOL_COMPUTED,NARROW_FLOAT,29,28,2.0671,4.5578,1.5,1314
gnss_raw.txt,2437,380623.600,FINESTEERING,SOL_COMPUTED,NARROW_FLOAT,29,28,2.0671,4.5578,1.6,1314
gnss_raw.txt,2437,380623.700,FINESTEERING,SOL_COMPUTED,NARROW_FLOAT,29,28,2.0671,4.5579,1.7,1314
gnss_raw.txt,2437,380623.800,FINESTEERING,SOL_COMPUTED,NARROW_FLOAT,29,28,2.0672,4.5579,1.8,1314
gnss_raw.txt,2437,380623.900,FINESTEERING,SOL_COMPUTED,NARROW_FLOAT,29,28,2.0672,4.5579,0.9,1314
gnss_raw.txt,2437,380624.000,FINESTEERING,SOL_COMPUTED,NARROW_FLOAT,29,28,2.5715,5.689,1.0,1314
gnss_raw.txt,2437,380624.100,FINESTEERING,SOL_COMPUTED,NARROW_FLOAT,29,28,2.5715,5.689,1.1,1314
gnss_raw.txt,2437,380624.200,FINESTEERING,SOL_COMPUTED,NARROW_FLOAT,29,28,2.5715,5.689,1.2,1314
gnss_raw.txt,2437,380624.300,FINESTEERING,SOL_COMPUTED,NARROW_FLOAT,29,28,2.5715,5.6891,1.3,1314
gnss_raw.txt,2437,380624.400,FINESTEERING,SOL_COMPUTED,NARROW_FLOAT,29,28,2.5715,5.6891,1.4,1314
gnss_raw.txt,2437,380624.500,FINESTEERING,SOL_COMPUTED,NARROW_FLOAT,29,28,2.5715,5.6891,1.5,1314
gnss_raw.txt,2437,380624.600,FINESTEERING,SOL_COMPUTED,NARROW_FLOAT,29,28,2.5716,5.6891,1.6,1314
gnss_raw.txt,2437,380624.700,FINESTEERING,SOL_COMPUTED,NARROW_FLOAT,29,28,2.5716,5.6891,1.7,1314
gnss_raw.txt,2437,380624.800,FINESTEERING,SOL_COMPUTED,NARROW_FLOAT,29,28,2.5716,5.6891,0.8,1314
gnss_raw.txt,2437,380624.900,FINESTEERING,SOL_COMPUTED,NARROW_FLOAT,29,28,2.5716,5.6891,0.9,1314
gnss_raw.txt,2437,380625.000,FINESTEERING,SOL_COMPUTED,NARROW_FLOAT,29,28,1.9558,4.1981,1.0,1314
gnss_raw.txt,2437,380625.100,FINESTEERING,SOL_COMPUTED,NARROW_FLOAT,29,28,1.9558,4.1981,1.1,1314
gnss_raw.txt,2437,380625.200,FINESTEERING,SOL_COMPUTED,NARROW_FLOAT,29,28,1.9558,4.1981,1.2,1314
gnss_raw.txt,2437,380625.300,FINESTEERING,SOL_COMPUTED,NARROW_FLOAT,29,28,1.9558,4.1981,1.3,1314
gnss_raw.txt,2437,380625.400,FINESTEERING,SOL_COMPUTED,NARROW_FLOAT,29,28,1.9559,4.1981,1.4,1314
gnss_raw.txt,2437,380625.500,FINESTEERING,SOL_COMPUTED,NARROW_FLOAT,29,28,1.9559,4.1982,1.5,1314
gnss_raw.txt,2437,380625.600,FINESTEERING,SOL_COMPUTED,NARROW_FLOAT,29,28,1.9559,4.1982,1.6,1314
gnss_raw.txt,2437,380625.700,FINESTEERING,SOL_COMPUTED,NARROW_FLOAT,29,28,1.956,4.1982,1.7,1314
gnss_raw.txt,2437,380625.800,FINESTEERING,SOL_COMPUTED,NARROW_FLOAT,29,28,1.956,4.1982,1.8,1314
gnss_raw.txt,2437,380625.900,FINESTEERING,SOL_COMPUTED,NARROW_FLOAT,29,28,1.9561,4.1983,0.9,1314
gnss_raw.txt,2437,380626.000,FINESTEERING,SOL_COMPUTED,NARROW_FLOAT,29,28,1.757,3.7222,1.0,1314
gnss_raw.txt,2437,380626.100,FINESTEERING,SOL_COMPUTED,NARROW_FLOAT,29,28,1.757,3.7222,1.1,1314
gnss_raw.txt,2437,380626.200,FINESTEERING,SOL_COMPUTED,NARROW_FLOAT,29,28,1.757,3.7222,1.2,1314
gnss_raw.txt,2437,380626.300,FINESTEERING,SOL_COMPUTED,NARROW_FLOAT,29,28,1.757,3.7222,1.3,1314
gnss_raw.txt,2437,380626.400,FINESTEERING,SOL_COMPUTED,NARROW_FLOAT,29,28,1.757,3.7222,1.4,1314
gnss_raw.txt,2437,380626.500,FINESTEERING,SOL_COMPUTED,NARROW_FLOAT,29,28,1.757,3.7222,1.5,1314
gnss_raw.txt,2437,380626.600,FINESTEERING,SOL_COMPUTED,NARROW_FLOAT,29,28,1.7571,3.7223,1.6,1314
gnss_raw.txt,2437,380626.700,FINESTEERING,SOL_COMPUTED,NARROW_FLOAT,29,28,1.7571,3.7223,1.7,1314
gnss_raw.txt,2437,380626.800,FINESTEERING,SOL_COMPUTED,NARROW_FLOAT,29,28,1.7571,3.7223,1.8,1314
gnss_raw.txt,2437,380626.900,FINESTEERING,SOL_COMPUTED,NARROW_FLOAT,29,28,1.7572,3.7223,1.9,1314
gnss_raw.txt,2437,380627.000,FINESTEERING,SOL_COMPUTED,NARROW_FLOAT,29,28,2.0477,4.3329,2.0,1314
gnss_raw.txt,2437,380627.100,FINESTEERING,SOL_COMPUTED,NARROW_FLOAT,29,28,2.0477,4.3329,1.1,1314
gnss_raw.txt,2437,380627.200,FINESTEERING,SOL_COMPUTED,NARROW_FLOAT,29,28,2.0478,4.3329,1.2,1314
gnss_raw.txt,2437,380627.300,FINESTEERING,SOL_COMPUTED,NARROW_FLOAT,29,28,2.0478,4.3329,1.3,1314
gnss_raw.txt,2437,380627.400,FINESTEERING,SOL_COMPUTED,NARROW_FLOAT,29,28,2.0478,4.3329,1.4,1314
gnss_raw.txt,2437,380627.500,FINESTEERING,SOL_COMPUTED,NARROW_FLOAT,29,28,2.0479,4.333,1.5,1314
gnss_raw.txt,2437,380627.600,FINESTEERING,SOL_COMPUTED,NARROW_FLOAT,29,28,2.0479,4.333,1.6,1314
gnss_raw.txt,2437,380627.700,FINESTEERING,SOL_COMPUTED,NARROW_FLOAT,29,28,2.048,4.333,1.7,1314
gnss_raw.txt,2437,380627.800,FINESTEERING,SOL_COMPUTED,NARROW_FLOAT,29,28,2.048,4.333,0.8,1314
gnss_raw.txt,2437,380627.900,FINESTEERING,SOL_COMPUTED,NARROW_FLOAT,29,28,2.048,4.333,0.9,1314
gnss_raw.txt,2437,380628.000,FINESTEERING,SOL_COMPUTED,NARROW_FLOAT,29,28,1.7029,3.7465,1.0,1314
gnss_raw.txt,2437,380628.100,FINESTEERING,SOL_COMPUTED,NARROW_FLOAT,29,28,1.703,3.7465,1.1,1314
gnss_raw.txt,2437,380628.200,FINESTEERING,SOL_COMPUTED,NARROW_FLOAT,29,28,1.703,3.7465,1.2,1314
gnss_raw.txt,2437,380628.300,FINESTEERING,SOL_COMPUTED,NARROW_FLOAT,29,28,1.703,3.7466,1.3,1314
gnss_raw.txt,2437,380628.400,FINESTEERING,SOL_COMPUTED,NARROW_FLOAT,29,28,1.703,3.7466,1.4,1314
gnss_raw.txt,2437,380628.500,FINESTEERING,SOL_COMPUTED,NARROW_FLOAT,29,28,1.7031,3.7466,1.5,1314
gnss_raw.txt,2437,380628.600,FINESTEERING,SOL_COMPUTED,NARROW_FLOAT,29,28,1.7031,3.7466,1.6,1314
gnss_raw.txt,2437,380628.700,FINESTEERING,SOL_COMPUTED,NARROW_FLOAT,29,28,1.7031,3.7466,1.7,1314
gnss_raw.txt,2437,380628.800,FINESTEERING,SOL_COMPUTED,NARROW_FLOAT,29,28,1.7032,3.7467,0.8,1314
gnss_raw.txt,2437,380628.900,FINESTEERING,SOL_COMPUTED,NARROW_FLOAT,29,28,1.7032,3.7467,0.9,1314
gnss_raw.txt,2437,380629.000,FINESTEERING,SOL_COMPUTED,NARROW_FLOAT,29,28,1.7737,3.8561,1.0,1314
gnss_raw.txt,2437,380629.100,FINESTEERING,SOL_COMPUTED,NARROW_FLOAT,29,28,1.7737,3.8561,1.1,1314
gnss_raw.txt,2437,380629.200,FINESTEERING,SOL_COMPUTED,NARROW_FLOAT,29,28,1.7737,3.8561,1.2,1314
gnss_raw.txt,2437,380629.300,FINESTEERING,SOL_COMPUTED,NARROW_FLOAT,29,28,1.7738,3.8561,1.3,1314
gnss_raw.txt,2437,380629.400,FINESTEERING,SOL_COMPUTED,NARROW_FLOAT,29,28,1.7738,3.8562,1.4,1314
gnss_raw.txt,2437,380629.500,FINESTEERING,SOL_COMPUTED,NARROW_FLOAT,29,28,1.7738,3.8562,1.5,1314
gnss_raw.txt,2437,380629.600,FINESTEERING,SOL_COMPUTED,NARROW_FLOAT,29,28,1.7739,3.8562,1.6,1314
gnss_raw.txt,2437,380629.700,FINESTEERING,SOL_COMPUTED,NARROW_FLOAT,29,28,1.7739,3.8562,1.7,1314
gnss_raw.txt,2437,380629.800,FINESTEERING,SOL_COMPUTED,NARROW_FLOAT,29,28,1.7739,3.8562,1.8,1314
gnss_raw.txt,2437,380629.900,FINESTEERING,SOL_COMPUTED,NARROW_FLOAT,29,28,1.774,3.8563,0.9,1314
gnss_raw.txt,2437,380630.000,FINESTEERING,SOL_COMPUTED,NARROW_FLOAT,29,28,1.6791,3.5243,1.0,1314
gnss_raw.txt,2437,380630.100,FINESTEERING,SOL_COMPUTED,NARROW_FLOAT,29,28,1.6792,3.5243,1.1,1314
gnss_raw.txt,2437,380630.200,FINESTEERING,SOL_COMPUTED,NARROW_FLOAT,29,28,1.6792,3.5244,1.2,1314
gnss_raw.txt,2437,380630.300,FINESTEERING,SOL_COMPUTED,NARROW_FLOAT,29,28,1.6792,3.5244,1.3,1314
gnss_raw.txt,2437,380630.400,FINESTEERING,SOL_COMPUTED,NARROW_FLOAT,29,28,1.6793,3.5244,1.4,1314
gnss_raw.txt,2437,380630.500,FINESTEERING,SOL_COMPUTED,NARROW_FLOAT,29,28,1.6793,3.5245,1.5,1314
gnss_raw.txt,2437,380630.600,FINESTEERING,SOL_COMPUTED,NARROW_FLOAT,29,28,1.6793,3.5245,1.6,1314
gnss_raw.txt,2437,380630.700,FINESTEERING,SOL_COMPUTED,NARROW_FLOAT,29,28,1.6794,3.5245,0.7,1314
gnss_raw.txt,2437,380630.800,FINESTEERING,SOL_COMPUTED,NARROW_FLOAT,29,28,1.6794,3.5245,0.8,1314
gnss_raw.txt,2437,380630.900,FINESTEERING,SOL_COMPUTED,NARROW_FLOAT,29,28,1.6794,3.5246,0.9,1314
gnss_raw.txt,2437,380631.000,FINESTEERING,SOL_COMPUTED,NARROW_FLOAT,28,27,0.9974,2.1509,1.0,1314
gnss_raw.txt,2437,380631.100,FINESTEERING,SOL_COMPUTED,NARROW_FLOAT,28,27,0.9974,2.1509,1.1,1314
gnss_raw.txt,2437,380631.200,FINESTEERING,SOL_COMPUTED,NARROW_FLOAT,28,27,0.9975,2.1509,1.2,1314
gnss_raw.txt,2437,380631.300,FINESTEERING,SOL_COMPUTED,NARROW_FLOAT,28,27,0.9975,2.1509,1.3,1314
gnss_raw.txt,2437,380631.400,FINESTEERING,SOL_COMPUTED,NARROW_FLOAT,28,27,0.9975,2.151,1.4,1314
gnss_raw.txt,2437,380631.500,FINESTEERING,SOL_COMPUTED,NARROW_FLOAT,28,27,0.9975,2.151,1.5,1314
gnss_raw.txt,2437,380631.600,FINESTEERING,SOL_COMPUTED,NARROW_FLOAT,28,27,0.9976,2.151,1.6,1314
gnss_raw.txt,2437,380631.700,FINESTEERING,SOL_COMPUTED,NARROW_FLOAT,28,27,0.9976,2.1511,1.7,1314
gnss_raw.txt,2437,380631.800,FINESTEERING,SOL_COMPUTED,NARROW_FLOAT,28,27,0.9977,2.1511,1.8,1314
gnss_raw.txt,2437,380631.900,FINESTEERING,SOL_COMPUTED,NARROW_FLOAT,28,27,0.9977,2.1511,1.9,1314
gnss_raw.txt,2437,380632.000,FINESTEERING,SOL_COMPUTED,NARROW_FLOAT,28,27,0.897,1.9847,1.0,1314
gnss_raw.txt,2437,380632.100,FINESTEERING,SOL_COMPUTED,NARROW_FLOAT,28,27,0.897,1.9847,1.1,1314
gnss_raw.txt,2437,380632.200,FINESTEERING,SOL_COMPUTED,NARROW_FLOAT,28,27,0.8971,1.9848,1.2,1314
gnss_raw.txt,2437,380632.300,FINESTEERING,SOL_COMPUTED,NARROW_FLOAT,28,27,0.8971,1.9848,1.3,1314
gnss_raw.txt,2437,380632.400,FINESTEERING,SOL_COMPUTED,NARROW_FLOAT,28,27,0.8972,1.9848,1.4,1314
gnss_raw.txt,2437,380632.500,FINESTEERING,SOL_COMPUTED,NARROW_FLOAT,28,27,0.8973,1.9849,1.5,1314
gnss_raw.txt,2437,380632.600,FINESTEERING,SOL_COMPUTED,NARROW_FLOAT,28,27,0.8974,1.9849,1.6,1314
gnss_raw.txt,2437,380632.700,FINESTEERING,SOL_COMPUTED,NARROW_FLOAT,28,27,0.8974,1.9849,1.7,1314
gnss_raw.txt,2437,380632.800,FINESTEERING,SOL_COMPUTED,NARROW_FLOAT,28,27,0.8974,1.985,1.8,1314
gnss_raw.txt,2437,380632.900,FINESTEERING,SOL_COMPUTED,NARROW_FLOAT,28,27,0.8975,1.985,0.9,1314
gnss_raw.txt,2437,380633.000,FINESTEERING,SOL_COMPUTED,NARROW_FLOAT,28,27,1.1652,2.6375,1.0,1314
gnss_raw.txt,2437,380633.100,FINESTEERING,SOL_COMPUTED,NARROW_FLOAT,28,27,1.1653,2.6375,1.1,1314
gnss_raw.txt,2437,380633.200,FINESTEERING,SOL_COMPUTED,NARROW_FLOAT,28,27,1.1653,2.6375,1.2,1314
gnss_raw.txt,2437,380633.300,FINESTEERING,SOL_COMPUTED,NARROW_FLOAT,28,27,1.1653,2.6376,1.3,1314
gnss_raw.txt,2437,380633.400,FINESTEERING,SOL_COMPUTED,NARROW_FLOAT,28,27,1.1654,2.6376,1.4,1314
gnss_raw.txt,2437,380633.500,FINESTEERING,SOL_COMPUTED,NARROW_FLOAT,27,26,1.1654,2.6376,1.5,1314
gnss_raw.txt,2437,380633.600,FINESTEERING,SOL_COMPUTED,NARROW_FLOAT,27,26,1.1655,2.6377,1.6,1314
gnss_raw.txt,2437,380633.700,FINESTEERING,SOL_COMPUTED,NARROW_FLOAT,27,26,1.1655,2.6377,1.7,1314
gnss_raw.txt,2437,380633.800,FINESTEERING,SOL_COMPUTED,NARROW_FLOAT,27,26,1.1656,2.6377,1.8,1314
gnss_raw.txt,2437,380633.900,FINESTEERING,SOL_COMPUTED,NARROW_FLOAT,27,26,1.1656,2.6377,1.9,1314
gnss_raw.txt,2437,380634.000,FINESTEERING,SOL_COMPUTED,NARROW_FLOAT,27,26,1.914,4.4319,1.0,1314
gnss_raw.txt,2437,380634.100,FINESTEERING,SOL_COMPUTED,NARROW_FLOAT,27,26,1.914,4.432,1.1,1314
gnss_raw.txt,2437,380634.200,FINESTEERING,SOL_COMPUTED,NARROW_FLOAT,27,26,1.9141,4.432,1.2,1314
gnss_raw.txt,2437,380634.300,FINESTEERING,SOL_COMPUTED,NARROW_FLOAT,27,26,1.9141,4.432,1.3,1314
gnss_raw.txt,2437,380634.400,FINESTEERING,SOL_COMPUTED,NARROW_FLOAT,27,26,1.9141,4.432,1.4,1314
gnss_raw.txt,2437,380634.500,FINESTEERING,SOL_COMPUTED,NARROW_FLOAT,27,26,1.9142,4.432,1.5,1314
gnss_raw.txt,2437,380634.600,FINESTEERING,SOL_COMPUTED,NARROW_FLOAT,27,26,1.9142,4.4321,1.6,1314
gnss_raw.txt,2437,380634.700,FINESTEERING,SOL_COMPUTED,NARROW_FLOAT,27,26,1.9142,4.4321,1.7,1314
gnss_raw.txt,2437,380634.800,FINESTEERING,SOL_COMPUTED,NARROW_FLOAT,27,26,1.9143,4.4321,1.8,1314
gnss_raw.txt,2437,380634.900,FINESTEERING,SOL_COMPUTED,NARROW_FLOAT,27,26,1.9144,4.4322,0.9,1314
gnss_raw.txt,2437,380635.000,FINESTEERING,SOL_COMPUTED,NARROW_FLOAT,27,26,1.2044,3.0015,1.0,1314
gnss_raw.txt,2437,380635.100,FINESTEERING,SOL_COMPUTED,NARROW_FLOAT,27,26,1.2045,3.0015,1.1,1314
gnss_raw.txt,2437,380635.200,FINESTEERING,SOL_COMPUTED,NARROW_FLOAT,27,26,1.2045,3.0015,1.2,1314
gnss_raw.txt,2437,380635.300,FINESTEERING,SOL_COMPUTED,NARROW_FLOAT,27,26,1.2046,3.0016,1.3,1314
gnss_raw.txt,2437,380635.400,FINESTEERING,SOL_COMPUTED,NARROW_FLOAT,27,26,1.2047,3.0016,1.4,1314
gnss_raw.txt,2437,380635.500,FINESTEERING,SOL_COMPUTED,NARROW_FLOAT,27,26,1.2048,3.0016,1.5,1314
gnss_raw.txt,2437,380635.600,FINESTEERING,SOL_COMPUTED,NARROW_FLOAT,27,26,1.2048,3.0017,1.6,1314
gnss_raw.txt,2437,380635.700,FINESTEERING,SOL_COMPUTED,NARROW_FLOAT,27,26,1.2049,3.0017,1.7,1314
gnss_raw.txt,2437,380635.800,FINESTEERING,SOL_COMPUTED,NARROW_FLOAT,27,26,1.2049,3.0017,0.8,1314
gnss_raw.txt,2437,380635.900,FINESTEERING,SOL_COMPUTED,NARROW_FLOAT,27,26,1.2049,3.0018,0.9,1314
gnss_raw.txt,2437,380636.000,FINESTEERING,SOL_COMPUTED,NARROW_FLOAT,27,26,1.0627,2.7261,1.0,1314
gnss_raw.txt,2437,380636.100,FINESTEERING,SOL_COMPUTED,NARROW_FLOAT,27,26,1.0628,2.7262,1.1,1314
gnss_raw.txt,2437,380636.200,FINESTEERING,SOL_COMPUTED,NARROW_FLOAT,27,26,1.0628,2.7262,1.2,1314
gnss_raw.txt,2437,380636.300,FINESTEERING,SOL_COMPUTED,NARROW_FLOAT,26,25,1.0629,2.7262,1.3,1314
gnss_raw.txt,2437,380636.400,FINESTEERING,SOL_COMPUTED,NARROW_FLOAT,26,25,1.063,2.7263,1.4,1314
gnss_raw.txt,2437,380636.500,FINESTEERING,SOL_COMPUTED,NARROW_FLOAT,26,25,1.0631,2.7263,1.5,1314
gnss_raw.txt,2437,380636.600,FINESTEERING,SOL_COMPUTED,NARROW_FLOAT,26,25,1.0632,2.7264,1.6,1314
gnss_raw.txt,2437,380636.700,FINESTEERING,SOL_COMPUTED,NARROW_FLOAT,26,25,1.0632,2.7264,1.7,1314
gnss_raw.txt,2437,380636.800,FINESTEERING,SOL_COMPUTED,NARROW_FLOAT,25,24,1.0633,2.7265,1.8,1314
gnss_raw.txt,2437,380636.900,FINESTEERING,SOL_COMPUTED,NARROW_FLOAT,25,24,1.0634,2.7265,0.9,1314
gnss_raw.txt,2437,380637.000,FINESTEERING,SOL_COMPUTED,NARROW_FLOAT,25,24,1.2358,3.2812,1.0,1314
gnss_raw.txt,2437,380637.100,FINESTEERING,SOL_COMPUTED,NARROW_FLOAT,25,24,1.2359,3.2813,1.1,1314
gnss_raw.txt,2437,380637.200,FINESTEERING,SOL_COMPUTED,NARROW_FLOAT,25,24,1.236,3.2813,1.2,1314
gnss_raw.txt,2437,380637.300,FINESTEERING,SOL_COMPUTED,NARROW_FLOAT,25,24,1.2361,3.2814,1.3,1314
gnss_raw.txt,2437,380637.400,FINESTEERING,SOL_COMPUTED,NARROW_FLOAT,25,25,1.2362,3.2814,1.4,1314
gnss_raw.txt,2437,380637.500,FINESTEERING,SOL_COMPUTED,NARROW_FLOAT,25,25,1.2363,3.2815,1.5,1314
gnss_raw.txt,2437,380637.600,FINESTEERING,SOL_COMPUTED,NARROW_FLOAT,25,25,1.2363,3.2815,1.6,1314
gnss_raw.txt,2437,380637.700,FINESTEERING,SOL_COMPUTED,NARROW_FLOAT,25,25,1.2364,3.2816,1.7,1314
gnss_raw.txt,2437,380637.800,FINESTEERING,SOL_COMPUTED,NARROW_FLOAT,25,25,1.2364,3.2816,1.8,1314
gnss_raw.txt,2437,380637.900,FINESTEERING,SOL_COMPUTED,NARROW_FLOAT,25,25,1.2366,3.2817,0.9,1314
gnss_raw.txt,2437,380638.000,FINESTEERING,SOL_COMPUTED,NARROW_FLOAT,25,25,0.8753,2.4066,1.0,1314
gnss_raw.txt,2437,380638.100,FINESTEERING,SOL_COMPUTED,NARROW_FLOAT,25,25,0.8754,2.4067,1.1,1314
gnss_raw.txt,2437,380638.200,FINESTEERING,SOL_COMPUTED,NARROW_FLOAT,25,25,0.8755,2.4067,1.2,1314
gnss_raw.txt,2437,380638.300,FINESTEERING,SOL_COMPUTED,NARROW_FLOAT,25,25,0.8758,2.4069,1.3,1314
gnss_raw.txt,2437,380638.400,FINESTEERING,SOL_COMPUTED,NARROW_FLOAT,25,25,0.8759,2.407,1.4,1314
gnss_raw.txt,2437,380638.500,FINESTEERING,SOL_COMPUTED,NARROW_FLOAT,25,25,0.8761,2.4071,1.5,1314
gnss_raw.txt,2437,380638.600,FINESTEERING,SOL_COMPUTED,NARROW_FLOAT,25,25,0.8761,2.4071,1.6,1314
gnss_raw.txt,2437,380638.700,FINESTEERING,SOL_COMPUTED,NARROW_FLOAT,25,25,0.8762,2.4072,1.7,1314
gnss_raw.txt,2437,380638.800,FINESTEERING,SOL_COMPUTED,NARROW_FLOAT,25,25,0.8762,2.4072,1.8,1314
gnss_raw.txt,2437,380638.900,FINESTEERING,SOL_COMPUTED,NARROW_FLOAT,25,25,0.8763,2.4072,0.9,1314
gnss_raw.txt,2437,380639.000,FINESTEERING,SOL_COMPUTED,NARROW_FLOAT,25,25,0.9439,2.5286,1.0,1314
gnss_raw.txt,2437,380639.100,FINESTEERING,SOL_COMPUTED,NARROW_FLOAT,25,25,0.944,2.5287,1.1,1314
gnss_raw.txt,2437,380639.200,FINESTEERING,SOL_COMPUTED,NARROW_FLOAT,25,25,0.9441,2.5287,1.2,1314
gnss_raw.txt,2437,380639.300,FINESTEERING,SOL_COMPUTED,NARROW_FLOAT,25,25,0.9442,2.5288,1.3,1314
gnss_raw.txt,2437,380639.400,FINESTEERING,SOL_COMPUTED,NARROW_FLOAT,25,25,0.9443,2.5289,1.4,1314
gnss_raw.txt,2437,380639.500,FINESTEERING,SOL_COMPUTED,NARROW_FLOAT,26,25,0.9445,2.5289,1.5,1314
gnss_raw.txt,2437,380639.600,FINESTEERING,SOL_COMPUTED,NARROW_FLOAT,27,26,0.9446,2.529,1.6,1314
gnss_raw.txt,2437,380639.700,FINESTEERING,SOL_COMPUTED,NARROW_FLOAT,27,26,0.9449,2.5292,1.7,1314
gnss_raw.txt,2437,380639.800,FINESTEERING,SOL_COMPUTED,NARROW_FLOAT,27,26,0.9452,2.5294,1.8,1314
gnss_raw.txt,2437,380639.900,FINESTEERING,SOL_COMPUTED,NARROW_FLOAT,27,26,0.9454,2.5296,0.9,1314
gnss_raw.txt,2437,380640.000,FINESTEERING,SOL_COMPUTED,NARROW_FLOAT,27,26,0.8401,2.2091,1.0,1314
gnss_raw.txt,2437,380640.100,FINESTEERING,SOL_COMPUTED,NARROW_FLOAT,27,26,0.8402,2.2092,1.1,1314
gnss_raw.txt,2437,380640.200,FINESTEERING,SOL_COMPUTED,NARROW_FLOAT,26,25,0.8404,2.2093,1.2,1314
gnss_raw.txt,2437,380640.300,FINESTEERING,SOL_COMPUTED,NARROW_FLOAT,27,26,0.8405,2.2094,1.3,1314
gnss_raw.txt,2437,380640.400,FINESTEERING,SOL_COMPUTED,NARROW_FLOAT,27,26,0.8407,2.2095,1.4,1314
gnss_raw.txt,2437,380640.500,FINESTEERING,SOL_COMPUTED,NARROW_FLOAT,27,26,0.8409,2.2096,1.5,1314
gnss_raw.txt,2437,380640.600,FINESTEERING,SOL_COMPUTED,NARROW_FLOAT,27,26,0.8413,2.2099,1.6,1314
gnss_raw.txt,2437,380640.700,FINESTEERING,SOL_COMPUTED,NARROW_FLOAT,27,26,0.8417,2.2101,1.7,1314
gnss_raw.txt,2437,380640.800,FINESTEERING,SOL_COMPUTED,NARROW_FLOAT,27,26,0.8418,2.2103,1.8,1314
gnss_raw.txt,2437,380640.900,FINESTEERING,SOL_COMPUTED,NARROW_FLOAT,27,26,0.8419,2.2104,0.9,1314
gnss_raw.txt,2437,380641.000,FINESTEERING,SOL_COMPUTED,NARROW_FLOAT,27,26,1.2075,3.2719,1.0,1314
gnss_raw.txt,2437,380641.100,FINESTEERING,SOL_COMPUTED,NARROW_FLOAT,27,26,1.2076,3.272,1.1,1314
gnss_raw.txt,2437,380641.200,FINESTEERING,SOL_COMPUTED,NARROW_FLOAT,27,26,1.2077,3.272,1.2,1314
gnss_raw.txt,2437,380641.300,FINESTEERING,SOL_COMPUTED,NARROW_FLOAT,27,26,1.2078,3.2721,1.3,1314
gnss_raw.txt,2437,380641.400,FINESTEERING,SOL_COMPUTED,NARROW_FLOAT,27,26,1.2079,3.2722,1.4,1314
gnss_raw.txt,2437,380641.500,FINESTEERING,SOL_COMPUTED,NARROW_FLOAT,26,25,1.2079,3.2723,1.5,1314
gnss_raw.txt,2437,380641.600,FINESTEERING,SOL_COMPUTED,NARROW_FLOAT,26,25,1.208,3.2723,1.6,1314
gnss_raw.txt,2437,380641.700,FINESTEERING,SOL_COMPUTED,NARROW_FLOAT,26,25,1.2081,3.2724,1.7,1314
gnss_raw.txt,2437,380641.800,FINESTEERING,SOL_COMPUTED,NARROW_FLOAT,26,25,1.2082,3.2725,1.8,1314
gnss_raw.txt,2437,380641.900,FINESTEERING,SOL_COMPUTED,NARROW_FLOAT,26,25,1.2083,3.2725,0.9,1314
gnss_raw.txt,2437,380642.000,FINESTEERING,SOL_COMPUTED,NARROW_FLOAT,26,25,3.4057,3.3174,1.0,1314
gnss_raw.txt,2437,380642.100,FINESTEERING,SOL_COMPUTED,NARROW_FLOAT,26,25,3.4058,3.3175,1.1,1314
gnss_raw.txt,2437,380642.200,FINESTEERING,SOL_COMPUTED,NARROW_FLOAT,26,25,3.4058,3.3175,1.2,1314
gnss_raw.txt,2437,380642.300,FINESTEERING,SOL_COMPUTED,NARROW_FLOAT,26,25,3.4058,3.3176,1.3,1314
gnss_raw.txt,2437,380642.400,FINESTEERING,SOL_COMPUTED,NARROW_FLOAT,26,25,3.4059,3.3177,1.4,1314
gnss_raw.txt,2437,380642.500,FINESTEERING,SOL_COMPUTED,NARROW_FLOAT,26,25,3.4059,3.3177,1.5,1314
gnss_raw.txt,2437,380642.600,FINESTEERING,SOL_COMPUTED,NARROW_FLOAT,26,25,3.4059,3.3178,1.6,1314
gnss_raw.txt,2437,380642.700,FINESTEERING,SOL_COMPUTED,NARROW_FLOAT,26,25,3.406,3.3179,0.7,1314
gnss_raw.txt,2437,380642.800,FINESTEERING,SOL_COMPUTED,NARROW_FLOAT,26,25,3.406,3.318,0.8,1314
gnss_raw.txt,2437,380642.900,FINESTEERING,SOL_COMPUTED,NARROW_FLOAT,25,24,3.406,3.318,0.9,1314
gnss_raw.txt,2437,380643.000,FINESTEERING,SOL_COMPUTED,NARROW_FLOAT,26,25,2.7667,2.1741,1.0,1314
gnss_raw.txt,2437,380643.100,FINESTEERING,SOL_COMPUTED,NARROW_FLOAT,26,25,2.7668,2.1742,1.1,1314
gnss_raw.txt,2437,380643.200,FINESTEERING,SOL_COMPUTED,NARROW_FLOAT,25,24,2.7668,2.1742,1.2,1314
gnss_raw.txt,2437,380643.300,FINESTEERING,SOL_COMPUTED,NARROW_FLOAT,25,24,2.7669,2.1743,1.3,1314
gnss_raw.txt,2437,380643.400,FINESTEERING,SOL_COMPUTED,NARROW_FLOAT,26,25,2.7669,2.1745,1.4,1314
gnss_raw.txt,2437,380643.500,FINESTEERING,SOL_COMPUTED,NARROW_FLOAT,26,25,2.767,2.1745,1.5,1314
gnss_raw.txt,2437,380643.600,FINESTEERING,SOL_COMPUTED,NARROW_FLOAT,27,26,2.767,2.1747,1.6,1314
gnss_raw.txt,2437,380643.700,FINESTEERING,SOL_COMPUTED,NARROW_FLOAT,27,26,2.7671,2.1748,1.7,1314
gnss_raw.txt,2437,380643.800,FINESTEERING,SOL_COMPUTED,NARROW_FLOAT,27,26,2.7671,2.1748,0.8,1314
gnss_raw.txt,2437,380643.900,FINESTEERING,SOL_COMPUTED,NARROW_FLOAT,27,26,2.7672,2.1749,0.9,1314
gnss_raw.txt,2437,380644.000,FINESTEERING,SOL_COMPUTED,NARROW_FLOAT,27,26,8.399,7.1781,1.0,1314
gnss_raw.txt,2437,380644.100,FINESTEERING,SOL_COMPUTED,NARROW_FLOAT,26,25,8.399,7.1781,1.1,1314
gnss_raw.txt,2437,380644.200,FINESTEERING,SOL_COMPUTED,NARROW_FLOAT,26,25,8.3991,7.1782,1.2,1314
gnss_raw.txt,2437,380644.300,FINESTEERING,SOL_COMPUTED,NARROW_FLOAT,26,25,8.3991,7.1782,1.3,1314
gnss_raw.txt,2437,380644.400,FINESTEERING,SOL_COMPUTED,NARROW_FLOAT,25,24,8.3991,7.1783,1.4,1314
gnss_raw.txt,2437,380644.500,FINESTEERING,SOL_COMPUTED,NARROW_FLOAT,26,25,8.3991,7.1783,1.5,1314
gnss_raw.txt,2437,380644.600,FINESTEERING,SOL_COMPUTED,NARROW_FLOAT,26,25,8.3992,7.1784,1.6,1314
gnss_raw.txt,2437,380644.700,FINESTEERING,SOL_COMPUTED,NARROW_FLOAT,26,25,8.3992,7.1784,1.7,1314
gnss_raw.txt,2437,380644.800,FINESTEERING,SOL_COMPUTED,NARROW_FLOAT,25,24,8.3993,7.1785,1.8,1314
gnss_raw.txt,2437,380644.900,FINESTEERING,SOL_COMPUTED,NARROW_FLOAT,25,24,8.3993,7.1785,1.9,1314
gnss_raw.txt,2437,380645.000,FINESTEERING,SOL_COMPUTED,NARROW_FLOAT,25,24,6.1176,7.7358,1.0,1314
gnss_raw.txt,2437,380645.100,FINESTEERING,SOL_COMPUTED,NARROW_FLOAT,25,24,6.1176,7.7359,1.1,1314
gnss_raw.txt,2437,380645.200,FINESTEERING,SOL_COMPUTED,NARROW_FLOAT,25,24,6.1176,7.7359,1.2,1314
gnss_raw.txt,2437,380645.300,FINESTEERING,SOL_COMPUTED,NARROW_FLOAT,25,24,6.1177,7.736,1.3,1314
gnss_raw.txt,2437,380645.400,FINESTEERING,SOL_COMPUTED,NARROW_FLOAT,25,24,6.1177,7.736,1.4,1314
gnss_raw.txt,2437,380645.500,FINESTEERING,SOL_COMPUTED,NARROW_FLOAT,25,24,6.1177,7.7361,1.5,1314
gnss_raw.txt,2437,380645.600,FINESTEERING,SOL_COMPUTED,NARROW_FLOAT,25,24,6.1178,7.7361,1.6,1314
gnss_raw.txt,2437,380645.700,FINESTEERING,SOL_COMPUTED,NARROW_FLOAT,27,26,6.1179,7.7361,0.7,1314
gnss_raw.txt,2437,380645.800,FINESTEERING,SOL_COMPUTED,NARROW_FLOAT,27,26,6.1179,7.7362,0.8,1314
gnss_raw.txt,2437,380645.900,FINESTEERING,SOL_COMPUTED,NARROW_FLOAT,27,26,6.1179,7.7362,0.9,1314
gnss_raw.txt,2437,380646.000,FINESTEERING,SOL_COMPUTED,NARROW_FLOAT,26,25,5.016,6.4623,1.0,1314
gnss_raw.txt,2437,380646.100,FINESTEERING,SOL_COMPUTED,NARROW_FLOAT,26,25,5.0161,6.4623,1.1,1314
gnss_raw.txt,2437,380646.200,FINESTEERING,SOL_COMPUTED,NARROW_FLOAT,27,26,5.0161,6.4624,1.2,1314
gnss_raw.txt,2437,380646.300,FINESTEERING,SOL_COMPUTED,NARROW_FLOAT,27,26,5.0161,6.4624,1.3,1314
gnss_raw.txt,2437,380646.400,FINESTEERING,SOL_COMPUTED,NARROW_FLOAT,27,26,5.0161,6.4624,1.4,1314
gnss_raw.txt,2437,380646.500,FINESTEERING,SOL_COMPUTED,NARROW_FLOAT,27,26,5.0162,6.4625,1.5,1314
gnss_raw.txt,2437,380646.600,FINESTEERING,SOL_COMPUTED,NARROW_FLOAT,27,26,5.0162,6.4625,1.6,1314
gnss_raw.txt,2437,380646.700,FINESTEERING,SOL_COMPUTED,NARROW_FLOAT,27,26,5.0162,6.4625,1.7,1314
gnss_raw.txt,2437,380646.800,FINESTEERING,SOL_COMPUTED,NARROW_FLOAT,26,25,5.0162,6.4626,1.8,1314
gnss_raw.txt,2437,380646.900,FINESTEERING,SOL_COMPUTED,NARROW_FLOAT,25,24,5.0163,6.4626,1.9,1314
gnss_raw.txt,2437,380647.000,FINESTEERING,SOL_COMPUTED,NARROW_FLOAT,26,25,7.4146,10.7034,1.0,1314
gnss_raw.txt,2437,380647.100,FINESTEERING,SOL_COMPUTED,NARROW_FLOAT,26,25,7.4147,10.7035,1.1,1314
gnss_raw.txt,2437,380647.200,FINESTEERING,SOL_COMPUTED,NARROW_FLOAT,26,25,7.4147,10.7035,1.2,1314
gnss_raw.txt,2437,380647.300,FINESTEERING,SOL_COMPUTED,NARROW_FLOAT,26,25,7.4147,10.7035,1.3,1314
gnss_raw.txt,2437,380647.400,FINESTEERING,SOL_COMPUTED,NARROW_FLOAT,26,25,7.4147,10.7035,1.4,1314
gnss_raw.txt,2437,380647.500,FINESTEERING,SOL_COMPUTED,NARROW_FLOAT,26,25,7.4148,10.7036,1.5,1314
gnss_raw.txt,2437,380647.600,FINESTEERING,SOL_COMPUTED,NARROW_FLOAT,26,25,7.4148,10.7036,1.6,1314
gnss_raw.txt,2437,380647.700,FINESTEERING,SOL_COMPUTED,NARROW_FLOAT,26,25,7.4148,10.7036,1.7,1314
gnss_raw.txt,2437,380647.800,FINESTEERING,SOL_COMPUTED,NARROW_FLOAT,26,25,7.4148,10.7036,0.8,1314
gnss_raw.txt,2437,380647.900,FINESTEERING,SOL_COMPUTED,NARROW_FLOAT,26,25,7.4149,10.7037,0.9,1314
gnss_raw.txt,2437,380648.000,FINESTEERING,SOL_COMPUTED,NARROW_FLOAT,26,25,6.5481,10.0645,1.0,1314
gnss_raw.txt,2437,380648.100,FINESTEERING,SOL_COMPUTED,NARROW_FLOAT,26,25,6.5481,10.0646,1.1,1314
gnss_raw.txt,2437,380648.200,FINESTEERING,SOL_COMPUTED,NARROW_FLOAT,26,25,6.5481,10.0646,1.2,1314
gnss_raw.txt,2437,380648.300,FINESTEERING,SOL_COMPUTED,NARROW_FLOAT,26,25,6.5482,10.0646,1.3,1314
gnss_raw.txt,2437,380648.400,FINESTEERING,SOL_COMPUTED,NARROW_FLOAT,25,24,6.5482,10.0646,1.4,1314
gnss_raw.txt,2437,380648.500,FINESTEERING,SOL_COMPUTED,NARROW_FLOAT,25,24,6.5483,10.0647,1.5,1314
gnss_raw.txt,2437,380648.600,FINESTEERING,SOL_COMPUTED,NARROW_FLOAT,26,25,6.5483,10.0647,1.6,1314
gnss_raw.txt,2437,380648.700,FINESTEERING,SOL_COMPUTED,NARROW_FLOAT,26,25,6.5483,10.0648,1.7,1314
gnss_raw.txt,2437,380648.800,FINESTEERING,SOL_COMPUTED,NARROW_FLOAT,26,25,6.5483,10.0648,0.8,1314
gnss_raw.txt,2437,380648.900,FINESTEERING,SOL_COMPUTED,NARROW_FLOAT,25,24,6.5484,10.0648,0.9,1314
gnss_raw.txt,2437,380649.000,FINESTEERING,SOL_COMPUTED,NARROW_FLOAT,25,24,4.794,6.641,1.0,1314
gnss_raw.txt,2437,380649.100,FINESTEERING,SOL_COMPUTED,NARROW_FLOAT,25,24,4.794,6.641,1.1,1314
gnss_raw.txt,2437,380649.200,FINESTEERING,SOL_COMPUTED,NARROW_FLOAT,25,24,4.794,6.6411,1.2,1314
gnss_raw.txt,2437,380649.300,FINESTEERING,SOL_COMPUTED,NARROW_FLOAT,25,24,4.7941,6.6411,1.3,1314
gnss_raw.txt,2437,380649.400,FINESTEERING,SOL_COMPUTED,NARROW_FLOAT,25,24,4.7941,6.6411,1.4,1314
gnss_raw.txt,2437,380649.500,FINESTEERING,SOL_COMPUTED,NARROW_FLOAT,25,24,4.7941,6.6411,1.5,1314
gnss_raw.txt,2437,380649.600,FINESTEERING,SOL_COMPUTED,NARROW_FLOAT,25,24,4.7941,6.6412,1.6,1314
gnss_raw.txt,2437,380649.700,FINESTEERING,SOL_COMPUTED,NARROW_FLOAT,25,24,4.7941,6.6412,1.7,1314
gnss_raw.txt,2437,380649.800,FINESTEERING,SOL_COMPUTED,NARROW_FLOAT,25,24,4.7942,6.6412,1.8,1314
gnss_raw.txt,2437,380649.900,FINESTEERING,SOL_COMPUTED,NARROW_FLOAT,25,24,4.7942,6.6413,1.9,1314
gnss_raw.txt,2437,380650.000,FINESTEERING,SOL_COMPUTED,NARROW_FLOAT,25,24,5.7277,8.6539,1.0,1314
gnss_raw.txt,2437,380650.100,FINESTEERING,SOL_COMPUTED,NARROW_FLOAT,26,25,5.7277,8.6539,1.1,1314
gnss_raw.txt,2437,380650.200,FINESTEERING,SOL_COMPUTED,NARROW_FLOAT,25,25,5.7277,8.6539,1.2,1314
gnss_raw.txt,2437,380650.300,FINESTEERING,SOL_COMPUTED,NARROW_FLOAT,25,25,5.7277,8.6539,1.3,1314
gnss_raw.txt,2437,380650.400,FINESTEERING,SOL_COMPUTED,NARROW_FLOAT,25,25,5.7278,8.654,1.4,1314
gnss_raw.txt,2437,380650.500,FINESTEERING,SOL_COMPUTED,NARROW_FLOAT,26,26,5.7278,8.654,1.5,1314
gnss_raw.txt,2437,380650.600,FINESTEERING,SOL_COMPUTED,NARROW_FLOAT,26,26,5.7278,8.654,1.6,1314
gnss_raw.txt,2437,380650.700,FINESTEERING,SOL_COMPUTED,NARROW_FLOAT,26,26,5.7278,8.654,0.7,1314
gnss_raw.txt,2437,380650.800,FINESTEERING,SOL_COMPUTED,NARROW_FLOAT,26,26,5.7279,8.6541,0.8,1314
gnss_raw.txt,2437,380650.900,FINESTEERING,SOL_COMPUTED,NARROW_FLOAT,26,26,5.7279,8.6541,0.9,1314
gnss_raw.txt,2437,380651.000,FINESTEERING,SOL_COMPUTED,NARROW_FLOAT,26,26,2.4228,3.7388,1.0,1314
gnss_raw.txt,2437,380651.100,FINESTEERING,SOL_COMPUTED,NARROW_FLOAT,26,26,2.4229,3.7388,1.1,1314
gnss_raw.txt,2437,380651.200,FINESTEERING,SOL_COMPUTED,NARROW_FLOAT,26,26,2.4229,3.7388,1.2,1314
gnss_raw.txt,2437,380651.300,FINESTEERING,SOL_COMPUTED,NARROW_FLOAT,26,26,2.4229,3.7389,1.3,1314
gnss_raw.txt,2437,380651.400,FINESTEERING,SOL_COMPUTED,NARROW_FLOAT,26,26,2.423,3.7389,1.4,1314
gnss_raw.txt,2437,380651.500,FINESTEERING,SOL_COMPUTED,NARROW_FLOAT,26,26,2.4231,3.739,1.5,1314
gnss_raw.txt,2437,380651.600,FINESTEERING,SOL_COMPUTED,NARROW_FLOAT,26,26,2.4231,3.739,1.6,1314
gnss_raw.txt,2437,380651.700,FINESTEERING,SOL_COMPUTED,NARROW_FLOAT,26,26,2.4232,3.7391,1.7,1314
gnss_raw.txt,2437,380651.800,FINESTEERING,SOL_COMPUTED,NARROW_FLOAT,26,26,2.4232,3.7391,1.8,1314
gnss_raw.txt,2437,380651.900,FINESTEERING,SOL_COMPUTED,NARROW_FLOAT,26,26,2.4232,3.7392,1.9,1314
gnss_raw.txt,2437,380652.000,FINESTEERING,SOL_COMPUTED,NARROW_FLOAT,26,26,1.9321,3.032,1.0,1314
gnss_raw.txt,2437,380652.100,FINESTEERING,SOL_COMPUTED,NARROW_FLOAT,26,26,1.9322,3.0321,1.1,1314
gnss_raw.txt,2437,380652.200,FINESTEERING,SOL_COMPUTED,NARROW_FLOAT,26,26,1.9322,3.0321,1.2,1314
gnss_raw.txt,2437,380652.300,FINESTEERING,SOL_COMPUTED,NARROW_FLOAT,26,26,1.9323,3.0322,1.3,1314
gnss_raw.txt,2437,380652.400,FINESTEERING,SOL_COMPUTED,NARROW_FLOAT,25,25,1.9323,3.0323,1.4,1314
gnss_raw.txt,2437,380652.500,FINESTEERING,SOL_COMPUTED,NARROW_FLOAT,25,25,1.9324,3.0323,1.5,1314
gnss_raw.txt,2437,380652.600,FINESTEERING,SOL_COMPUTED,NARROW_FLOAT,26,25,1.9324,3.0324,1.6,1314
gnss_raw.txt,2437,380652.700,FINESTEERING,SOL_COMPUTED,NARROW_FLOAT,26,25,1.9325,3.0325,1.7,1314
gnss_raw.txt,2437,380652.800,FINESTEERING,SOL_COMPUTED,NARROW_FLOAT,26,25,1.9325,3.0325,0.8,1314
gnss_raw.txt,2437,380652.900,FINESTEERING,SOL_COMPUTED,NARROW_FLOAT,26,25,1.9326,3.0326,0.9,1314
gnss_raw.txt,2437,380653.000,FINESTEERING,SOL_COMPUTED,NARROW_FLOAT,26,25,2.6394,3.9327,1.0,1314
gnss_raw.txt,2437,380653.100,FINESTEERING,SOL_COMPUTED,NARROW_FLOAT,27,26,2.6395,3.9328,1.1,1314
gnss_raw.txt,2437,380653.200,FINESTEERING,SOL_COMPUTED,NARROW_FLOAT,27,26,2.6395,3.9329,1.2,1314
gnss_raw.txt,2437,380653.300,FINESTEERING,SOL_COMPUTED,NARROW_FLOAT,26,25,2.6395,3.9329,1.3,1314
gnss_raw.txt,2437,380653.400,FINESTEERING,SOL_COMPUTED,NARROW_FLOAT,26,25,2.6396,3.933,1.4,1314
gnss_raw.txt,2437,380653.500,FINESTEERING,SOL_COMPUTED,NARROW_FLOAT,26,25,2.6396,3.933,1.5,1314
gnss_raw.txt,2437,380653.600,FINESTEERING,SOL_COMPUTED,NARROW_FLOAT,26,25,2.6397,3.9331,1.6,1314
gnss_raw.txt,2437,380653.700,FINESTEERING,SOL_COMPUTED,NARROW_FLOAT,26,25,2.6398,3.9332,0.7,1314
gnss_raw.txt,2437,380653.800,FINESTEERING,SOL_COMPUTED,NARROW_FLOAT,26,25,2.6399,3.9333,0.8,1314
gnss_raw.txt,2437,380653.900,FINESTEERING,SOL_COMPUTED,NARROW_FLOAT,26,25,2.6399,3.9333,0.9,1314
gnss_raw.txt,2437,380654.000,FINESTEERING,SOL_COMPUTED,NARROW_FLOAT,26,25,2.0343,2.8752,1.0,1314
gnss_raw.txt,2437,380654.100,FINESTEERING,SOL_COMPUTED,NARROW_FLOAT,26,25,2.0344,2.8753,1.1,1314
gnss_raw.txt,2437,380654.200,FINESTEERING,SOL_COMPUTED,NARROW_FLOAT,26,25,2.0347,2.8755,1.2,1314
gnss_raw.txt,2437,380654.300,FINESTEERING,SOL_COMPUTED,NARROW_FLOAT,26,25,2.035,2.8757,1.3,1314
gnss_raw.txt,2437,380654.400,FINESTEERING,SOL_COMPUTED,NARROW_FLOAT,26,25,2.0351,2.8759,1.4,1314
gnss_raw.txt,2437,380654.500,FINESTEERING,SOL_COMPUTED,NARROW_FLOAT,27,26,2.0352,2.8761,1.5,1314
gnss_raw.txt,2437,380654.600,FINESTEERING,SOL_COMPUTED,NARROW_FLOAT,27,26,2.0352,2.8762,1.6,1314
gnss_raw.txt,2437,380654.700,FINESTEERING,SOL_COMPUTED,NARROW_FLOAT,27,26,2.0353,2.8763,1.7,1314
gnss_raw.txt,2437,380654.800,FINESTEERING,SOL_COMPUTED,NARROW_FLOAT,26,25,2.0354,2.8764,0.8,1314
gnss_raw.txt,2437,380654.900,FINESTEERING,SOL_COMPUTED,NARROW_FLOAT,26,25,2.0355,2.8765,0.9,1314
gnss_raw.txt,2437,380655.000,FINESTEERING,SOL_COMPUTED,NARROW_FLOAT,26,25,1.3766,2.2343,1.0,1314
gnss_raw.txt,2437,380655.100,FINESTEERING,SOL_COMPUTED,NARROW_FLOAT,26,25,1.3768,2.2345,1.1,1314
gnss_raw.txt,2437,380655.200,FINESTEERING,SOL_COMPUTED,NARROW_FLOAT,26,25,1.377,2.2347,1.2,1314
gnss_raw.txt,2437,380655.300,FINESTEERING,SOL_COMPUTED,NARROW_FLOAT,25,24,1.3771,2.2348,1.3,1314
gnss_raw.txt,2437,380655.400,FINESTEERING,SOL_COMPUTED,NARROW_FLOAT,25,24,1.3772,2.2349,1.4,1314
gnss_raw.txt,2437,380655.500,FINESTEERING,SOL_COMPUTED,NARROW_FLOAT,25,24,1.3773,2.235,1.5,1314
gnss_raw.txt,2437,380655.600,FINESTEERING,SOL_COMPUTED,NARROW_FLOAT,25,24,1.3775,2.2351,1.6,1314
gnss_raw.txt,2437,380655.700,FINESTEERING,SOL_COMPUTED,NARROW_FLOAT,26,25,1.3776,2.2352,1.7,1314
gnss_raw.txt,2437,380655.800,FINESTEERING,SOL_COMPUTED,NARROW_FLOAT,26,25,1.3777,2.2353,1.8,1314
gnss_raw.txt,2437,380655.900,FINESTEERING,SOL_COMPUTED,NARROW_FLOAT,26,25,1.3777,2.2354,0.9,1314
gnss_raw.txt,2437,380656.000,FINESTEERING,SOL_COMPUTED,NARROW_FLOAT,26,25,3.061,5.4873,1.0,1314
gnss_raw.txt,2437,380656.100,FINESTEERING,SOL_COMPUTED,NARROW_FLOAT,26,25,3.061,5.4874,1.1,1314
gnss_raw.txt,2437,380656.200,FINESTEERING,SOL_COMPUTED,NARROW_FLOAT,26,25,3.0611,5.4874,1.2,1314
gnss_raw.txt,2437,380656.300,FINESTEERING,SOL_COMPUTED,NARROW_FLOAT,26,25,3.0611,5.4875,1.3,1314
gnss_raw.txt,2437,380656.400,FINESTEERING,SOL_COMPUTED,NARROW_FLOAT,27,26,3.0613,5.4876,1.4,1314
gnss_raw.txt,2437,380656.500,FINESTEERING,SOL_COMPUTED,NARROW_FLOAT,27,26,3.0614,5.4876,1.5,1314
gnss_raw.txt,2437,380656.600,FINESTEERING,SOL_COMPUTED,NARROW_FLOAT,27,26,3.0616,5.4877,1.6,1314
gnss_raw.txt,2437,380656.700,FINESTEERING,SOL_COMPUTED,NARROW_FLOAT,27,26,3.0617,5.4878,1.7,1314
gnss_raw.txt,2437,380656.800,FINESTEERING,SOL_COMPUTED,NARROW_FLOAT,27,26,3.0617,5.4878,1.8,1314
gnss_raw.txt,2437,380656.900,FINESTEERING,SOL_COMPUTED,NARROW_FLOAT,26,25,3.0618,5.4878,0.9,1314
gnss_raw.txt,2437,380657.000,FINESTEERING,SOL_COMPUTED,NARROW_FLOAT,26,25,5.3747,6.2815,1.0,1314
gnss_raw.txt,2437,380657.100,FINESTEERING,SOL_COMPUTED,NARROW_FLOAT,26,25,5.3747,6.2815,1.1,1314
gnss_raw.txt,2437,380657.200,FINESTEERING,SOL_COMPUTED,NARROW_FLOAT,26,25,5.3747,6.2815,1.2,1314
gnss_raw.txt,2437,380657.300,FINESTEERING,SOL_COMPUTED,NARROW_FLOAT,26,25,5.3747,6.2816,1.3,1314
gnss_raw.txt,2437,380657.400,FINESTEERING,SOL_COMPUTED,NARROW_FLOAT,26,25,5.3747,6.2816,1.4,1314
gnss_raw.txt,2437,380657.500,FINESTEERING,SOL_COMPUTED,NARROW_FLOAT,27,26,5.3748,6.2816,1.5,1314
gnss_raw.txt,2437,380657.600,FINESTEERING,SOL_COMPUTED,NARROW_FLOAT,27,26,5.3748,6.2816,1.6,1314
gnss_raw.txt,2437,380657.700,FINESTEERING,SOL_COMPUTED,NARROW_FLOAT,27,26,5.3748,6.2817,1.7,1314
gnss_raw.txt,2437,380657.800,FINESTEERING,SOL_COMPUTED,NARROW_FLOAT,27,26,5.3748,6.2817,1.8,1314
gnss_raw.txt,2437,380657.900,FINESTEERING,SOL_COMPUTED,NARROW_FLOAT,26,25,5.3748,6.2817,1.9,1314
gnss_raw.txt,2437,380658.000,FINESTEERING,SOL_COMPUTED,NARROW_FLOAT,26,25,4.1716,6.415,1.0,1314
gnss_raw.txt,2437,380658.100,FINESTEERING,SOL_COMPUTED,NARROW_FLOAT,26,25,4.1716,6.4151,1.1,1314
gnss_raw.txt,2437,380658.200,FINESTEERING,SOL_COMPUTED,NARROW_FLOAT,26,25,4.1716,6.4151,1.2,1314
gnss_raw.txt,2437,380658.300,FINESTEERING,SOL_COMPUTED,NARROW_FLOAT,26,25,4.1716,6.4151,1.3,1314
gnss_raw.txt,2437,380658.400,FINESTEERING,SOL_COMPUTED,NARROW_FLOAT,26,25,4.1716,6.4151,1.4,1314
gnss_raw.txt,2437,380658.500,FINESTEERING,SOL_COMPUTED,NARROW_FLOAT,27,26,4.1717,6.4152,1.5,1314
gnss_raw.txt,2437,380658.600,FINESTEERING,SOL_COMPUTED,NARROW_FLOAT,26,25,4.1717,6.4152,1.6,1314
gnss_raw.txt,2437,380658.700,FINESTEERING,SOL_COMPUTED,NARROW_FLOAT,25,24,4.1717,6.4152,1.7,1314
gnss_raw.txt,2437,380658.800,FINESTEERING,SOL_COMPUTED,NARROW_FLOAT,25,24,4.1717,6.4152,1.8,1314
gnss_raw.txt,2437,380658.900,FINESTEERING,SOL_COMPUTED,NARROW_FLOAT,25,24,4.1718,6.4153,0.9,1314
gnss_raw.txt,2437,380659.000,FINESTEERING,SOL_COMPUTED,NARROW_FLOAT,25,24,2.9947,5.0533,1.0,1314
gnss_raw.txt,2437,380659.100,FINESTEERING,SOL_COMPUTED,NARROW_FLOAT,25,24,2.9948,5.0534,1.1,1314
gnss_raw.txt,2437,380659.200,FINESTEERING,SOL_COMPUTED,NARROW_FLOAT,25,24,2.9949,5.0534,1.2,1314
gnss_raw.txt,2437,380659.300,FINESTEERING,SOL_COMPUTED,NARROW_FLOAT,25,24,2.9949,5.0534,1.3,1314
gnss_raw.txt,2437,380659.400,FINESTEERING,SOL_COMPUTED,NARROW_FLOAT,25,24,2.9949,5.0535,1.4,1314
gnss_raw.txt,2437,380659.500,FINESTEERING,SOL_COMPUTED,NARROW_FLOAT,25,24,2.9949,5.0535,1.5,1314
gnss_raw.txt,2437,380659.600,FINESTEERING,SOL_COMPUTED,NARROW_FLOAT,26,25,2.995,5.0535,1.6,1314
gnss_raw.txt,2437,380659.700,FINESTEERING,SOL_COMPUTED,NARROW_FLOAT,26,25,2.995,5.0535,1.7,1314
gnss_raw.txt,2437,380659.800,FINESTEERING,SOL_COMPUTED,NARROW_FLOAT,26,25,2.995,5.0536,0.8,1314
gnss_raw.txt,2437,380659.900,FINESTEERING,SOL_COMPUTED,NARROW_FLOAT,26,25,2.995,5.0536,0.9,1314
gnss_raw.txt,2437,380660.000,FINESTEERING,SOL_COMPUTED,NARROW_FLOAT,26,25,1.5354,2.324,1.0,1314
gnss_raw.txt,2437,380660.100,FINESTEERING,SOL_COMPUTED,NARROW_FLOAT,26,25,1.5355,2.3241,1.1,1314
gnss_raw.txt,2437,380660.200,FINESTEERING,SOL_COMPUTED,NARROW_FLOAT,26,25,1.5355,2.3242,1.2,1314
gnss_raw.txt,2437,380660.300,FINESTEERING,SOL_COMPUTED,NARROW_FLOAT,26,25,1.5356,2.3242,1.3,1314
gnss_raw.txt,2437,380660.400,FINESTEERING,SOL_COMPUTED,NARROW_FLOAT,26,25,1.5357,2.3243,1.4,1314
gnss_raw.txt,2437,380660.500,FINESTEERING,SOL_COMPUTED,NARROW_FLOAT,26,25,1.5358,2.3244,1.5,1314
gnss_raw.txt,2437,380660.600,FINESTEERING,SOL_COMPUTED,NARROW_FLOAT,26,25,1.5359,2.3245,1.6,1314
gnss_raw.txt,2437,380660.700,FINESTEERING,SOL_COMPUTED,NARROW_FLOAT,26,25,1.536,2.3246,0.7,1314
gnss_raw.txt,2437,380660.800,FINESTEERING,SOL_COMPUTED,NARROW_FLOAT,26,25,1.536,2.3247,0.8,1314
gnss_raw.txt,2437,380660.900,FINESTEERING,SOL_COMPUTED,NARROW_FLOAT,26,25,1.5361,2.3248,0.9,1314
gnss_raw.txt,2437,380661.000,FINESTEERING,SOL_COMPUTED,NARROW_FLOAT,26,25,1.2778,2.2091,1.0,1314
gnss_raw.txt,2437,380661.100,FINESTEERING,SOL_COMPUTED,NARROW_FLOAT,26,25,1.2778,2.2092,1.1,1314
gnss_raw.txt,2437,380661.200,FINESTEERING,SOL_COMPUTED,NARROW_FLOAT,26,25,1.2778,2.2092,1.2,1314
gnss_raw.txt,2437,380661.300,FINESTEERING,SOL_COMPUTED,NARROW_FLOAT,26,25,1.2779,2.2093,1.3,1314
gnss_raw.txt,2437,380661.400,FINESTEERING,SOL_COMPUTED,NARROW_FLOAT,26,25,1.2779,2.2093,1.4,1314
gnss_raw.txt,2437,380661.500,FINESTEERING,SOL_COMPUTED,NARROW_FLOAT,26,25,1.278,2.2094,1.5,1314
gnss_raw.txt,2437,380661.600,FINESTEERING,SOL_COMPUTED,NARROW_FLOAT,26,25,1.278,2.2094,1.6,1314
gnss_raw.txt,2437,380661.700,FINESTEERING,SOL_COMPUTED,NARROW_FLOAT,26,25,1.2781,2.2095,1.7,1314
gnss_raw.txt,2437,380661.800,FINESTEERING,SOL_COMPUTED,NARROW_FLOAT,26,25,1.2781,2.2095,1.8,1314
gnss_raw.txt,2437,380661.900,FINESTEERING,SOL_COMPUTED,NARROW_FLOAT,26,25,1.2781,2.2095,1.9,1314
gnss_raw.txt,2437,380662.000,FINESTEERING,SOL_COMPUTED,NARROW_FLOAT,25,24,3.5701,6.0901,1.0,1314
gnss_raw.txt,2437,380662.100,FINESTEERING,SOL_COMPUTED,NARROW_FLOAT,26,25,3.5701,6.0901,1.1,1314
gnss_raw.txt,2437,380662.200,FINESTEERING,SOL_COMPUTED,NARROW_FLOAT,26,25,3.5701,6.0901,1.2,1314
gnss_raw.txt,2437,380662.300,FINESTEERING,SOL_COMPUTED,NARROW_FLOAT,26,25,3.5701,6.0902,1.3,1314
gnss_raw.txt,2437,380662.400,FINESTEERING,SOL_COMPUTED,NARROW_FLOAT,26,25,3.5702,6.0902,1.4,1314
gnss_raw.txt,2437,380662.500,FINESTEERING,SOL_COMPUTED,NARROW_FLOAT,26,25,3.5702,6.0902,1.5,1314
gnss_raw.txt,2437,380662.600,FINESTEERING,SOL_COMPUTED,NARROW_FLOAT,26,25,3.5702,6.0902,1.6,1314
gnss_raw.txt,2437,380662.700,FINESTEERING,SOL_COMPUTED,NARROW_FLOAT,26,25,3.5702,6.0902,1.7,1314
gnss_raw.txt,2437,380662.800,FINESTEERING,SOL_COMPUTED,NARROW_FLOAT,26,25,3.5702,6.0903,0.8,1314
gnss_raw.txt,2437,380662.900,FINESTEERING,SOL_COMPUTED,NARROW_FLOAT,26,25,3.5703,6.0903,0.9,1314
gnss_raw.txt,2437,380663.000,FINESTEERING,SOL_COMPUTED,NARROW_FLOAT,26,25,2.2484,4.0998,1.0,1314
gnss_raw.txt,2437,380663.100,FINESTEERING,SOL_COMPUTED,NARROW_FLOAT,26,25,2.2484,4.0998,1.1,1314
gnss_raw.txt,2437,380663.200,FINESTEERING,SOL_COMPUTED,NARROW_FLOAT,26,25,2.2485,4.0998,1.2,1314
gnss_raw.txt,2437,380663.300,FINESTEERING,SOL_COMPUTED,NARROW_FLOAT,26,25,2.2485,4.0999,1.3,1314
gnss_raw.txt,2437,380663.400,FINESTEERING,SOL_COMPUTED,NARROW_FLOAT,26,25,2.2485,4.0999,1.4,1314
gnss_raw.txt,2437,380663.500,FINESTEERING,SOL_COMPUTED,NARROW_FLOAT,25,24,2.2487,4.1,1.5,1314
gnss_raw.txt,2437,380663.600,FINESTEERING,SOL_COMPUTED,NARROW_FLOAT,25,24,2.2487,4.1,1.6,1314
gnss_raw.txt,2437,380663.700,FINESTEERING,SOL_COMPUTED,NARROW_FLOAT,25,24,2.2488,4.1001,0.7,1314
gnss_raw.txt,2437,380663.800,FINESTEERING,SOL_COMPUTED,NARROW_FLOAT,25,24,2.2488,4.1001,0.8,1314
gnss_raw.txt,2437,380663.900,FINESTEERING,SOL_COMPUTED,NARROW_FLOAT,25,24,2.2488,4.1001,0.9,1314
gnss_raw.txt,2437,380664.000,FINESTEERING,SOL_COMPUTED,NARROW_FLOAT,25,24,1.4575,2.8817,1.0,1314
gnss_raw.txt,2437,380664.100,FINESTEERING,SOL_COMPUTED,NARROW_FLOAT,25,24,1.4576,2.8817,1.1,1314
gnss_raw.txt,2437,380664.200,FINESTEERING,SOL_COMPUTED,NARROW_FLOAT,25,24,1.4576,2.8818,1.2,1314
gnss_raw.txt,2437,380664.300,FINESTEERING,SOL_COMPUTED,NARROW_FLOAT,25,24,1.4576,2.8818,1.3,1314
gnss_raw.txt,2437,380664.400,FINESTEERING,SOL_COMPUTED,NARROW_FLOAT,25,24,1.4576,2.8818,1.4,1314
gnss_raw.txt,2437,380664.500,FINESTEERING,SOL_COMPUTED,NARROW_FLOAT,25,24,1.4577,2.8819,1.5,1314
gnss_raw.txt,2437,380664.600,FINESTEERING,SOL_COMPUTED,NARROW_FLOAT,25,24,1.4578,2.8819,1.6,1314
gnss_raw.txt,2437,380664.700,FINESTEERING,SOL_COMPUTED,NARROW_FLOAT,25,24,1.4578,2.882,1.7,1314
gnss_raw.txt,2437,380664.800,FINESTEERING,SOL_COMPUTED,NARROW_FLOAT,25,24,1.4579,2.882,1.8,1314
gnss_raw.txt,2437,380664.900,FINESTEERING,SOL_COMPUTED,NARROW_FLOAT,25,24,1.4579,2.8821,0.9,1314
gnss_raw.txt,2437,380665.000,FINESTEERING,SOL_COMPUTED,NARROW_FLOAT,25,24,0.8644,1.7028,1.0,1314
gnss_raw.txt,2437,380665.100,FINESTEERING,SOL_COMPUTED,NARROW_FLOAT,25,24,0.8645,1.7028,1.1,1314
gnss_raw.txt,2437,380665.200,FINESTEERING,SOL_COMPUTED,NARROW_FLOAT,24,23,0.8646,1.7029,1.2,1314
gnss_raw.txt,2437,380665.300,FINESTEERING,SOL_COMPUTED,NARROW_FLOAT,24,23,0.8646,1.703,1.3,1314
gnss_raw.txt,2437,380665.400,FINESTEERING,SOL_COMPUTED,NARROW_FLOAT,25,24,0.8647,1.703,1.4,1314
gnss_raw.txt,2437,380665.500,FINESTEERING,SOL_COMPUTED,NARROW_FLOAT,25,24,0.8647,1.7031,1.5,1314
gnss_raw.txt,2437,380665.600,FINESTEERING,SOL_COMPUTED,NARROW_FLOAT,24,23,0.8648,1.7031,1.6,1314
gnss_raw.txt,2437,380665.700,FINESTEERING,SOL_COMPUTED,NARROW_FLOAT,24,23,0.8649,1.7032,1.7,1314
gnss_raw.txt,2437,380665.800,FINESTEERING,SOL_COMPUTED,NARROW_FLOAT,24,23,0.865,1.7033,1.8,1314
gnss_raw.txt,2437,380665.900,FINESTEERING,SOL_COMPUTED,NARROW_FLOAT,24,23,0.8651,1.7034,0.9,1314
gnss_raw.txt,2437,380666.000,FINESTEERING,SOL_COMPUTED,NARROW_FLOAT,24,23,3.8702,7.6803,1.0,1314
gnss_raw.txt,2437,380666.100,FINESTEERING,SOL_COMPUTED,NARROW_FLOAT,25,24,3.8702,7.6803,1.1,1314
gnss_raw.txt,2437,380666.200,FINESTEERING,SOL_COMPUTED,NARROW_FLOAT,24,23,3.8702,7.6803,1.2,1314
gnss_raw.txt,2437,380666.300,FINESTEERING,SOL_COMPUTED,NARROW_FLOAT,24,23,3.8702,7.6803,1.3,1314
gnss_raw.txt,2437,380666.400,FINESTEERING,SOL_COMPUTED,NARROW_FLOAT,24,23,3.8703,7.6803,1.4,1314
gnss_raw.txt,2437,380666.500,FINESTEERING,SOL_COMPUTED,NARROW_FLOAT,24,23,3.8703,7.6803,1.5,1314
gnss_raw.txt,2437,380666.600,FINESTEERING,SOL_COMPUTED,NARROW_FLOAT,24,23,3.8703,7.6804,1.6,1314
gnss_raw.txt,2437,380666.700,FINESTEERING,SOL_COMPUTED,NARROW_FLOAT,25,24,3.8704,7.6804,1.7,1314
gnss_raw.txt,2437,380666.800,FINESTEERING,SOL_COMPUTED,NARROW_FLOAT,25,24,3.8704,7.6804,1.8,1314
gnss_raw.txt,2437,380666.900,FINESTEERING,SOL_COMPUTED,NARROW_FLOAT,25,24,3.8704,7.6804,1.9,1314
gnss_raw.txt,2437,380667.000,FINESTEERING,SOL_COMPUTED,NARROW_FLOAT,25,24,1.6737,2.6303,1.0,1314
gnss_raw.txt,2437,380667.100,FINESTEERING,SOL_COMPUTED,NARROW_FLOAT,24,23,1.6737,2.6304,1.1,1314
gnss_raw.txt,2437,380667.200,FINESTEERING,SOL_COMPUTED,NARROW_FLOAT,24,23,1.6738,2.6304,1.2,1314
gnss_raw.txt,2437,380667.300,FINESTEERING,SOL_COMPUTED,NARROW_FLOAT,24,23,1.6738,2.6304,1.3,1314
gnss_raw.txt,2437,380667.400,FINESTEERING,SOL_COMPUTED,NARROW_FLOAT,24,23,1.6739,2.6305,1.4,1314
gnss_raw.txt,2437,380667.500,FINESTEERING,SOL_COMPUTED,NARROW_FLOAT,24,23,1.6739,2.6305,1.5,1314
gnss_raw.txt,2437,380667.600,FINESTEERING,SOL_COMPUTED,NARROW_FLOAT,24,23,1.674,2.6305,1.6,1314
gnss_raw.txt,2437,380667.700,FINESTEERING,SOL_COMPUTED,NARROW_FLOAT,24,23,1.674,2.6306,1.7,1314
gnss_raw.txt,2437,380667.800,FINESTEERING,SOL_COMPUTED,NARROW_FLOAT,24,23,1.6741,2.6306,1.8,1314
gnss_raw.txt,2437,380667.900,FINESTEERING,SOL_COMPUTED,NARROW_FLOAT,24,23,1.6741,2.6307,1.9,1314
gnss_raw.txt,2437,380668.000,FINESTEERING,SOL_COMPUTED,NARROW_FLOAT,24,23,8.665,13.3192,1.0,1314
gnss_raw.txt,2437,380668.100,FINESTEERING,SOL_COMPUTED,NARROW_FLOAT,24,23,8.665,13.3192,1.1,1314
gnss_raw.txt,2437,380668.200,FINESTEERING,SOL_COMPUTED,NARROW_FLOAT,24,23,8.665,13.3192,1.2,1314
gnss_raw.txt,2437,380668.300,FINESTEERING,SOL_COMPUTED,NARROW_FLOAT,25,23,8.665,13.3192,1.3,1314
gnss_raw.txt,2437,380668.400,FINESTEERING,SOL_COMPUTED,NARROW_FLOAT,25,23,8.665,13.3192,1.4,1314
gnss_raw.txt,2437,380668.500,FINESTEERING,SOL_COMPUTED,NARROW_FLOAT,25,23,8.665,13.3192,1.5,1314
gnss_raw.txt,2437,380668.600,FINESTEERING,SOL_COMPUTED,NARROW_FLOAT,26,24,8.665,13.3192,1.6,1314
gnss_raw.txt,2437,380668.700,FINESTEERING,SOL_COMPUTED,NARROW_FLOAT,26,24,8.665,13.3192,1.7,1314
gnss_raw.txt,2437,380668.800,FINESTEERING,SOL_COMPUTED,NARROW_FLOAT,26,24,8.665,13.3192,0.8,1314
gnss_raw.txt,2437,380668.900,FINESTEERING,SOL_COMPUTED,NARROW_FLOAT,26,24,8.665,13.3192,0.9,1314
gnss_raw.txt,2437,380669.000,FINESTEERING,SOL_COMPUTED,NARROW_FLOAT,27,25,3.4569,5.9041,1.0,1314
gnss_raw.txt,2437,380669.100,FINESTEERING,SOL_COMPUTED,NARROW_FLOAT,27,25,3.4569,5.9041,1.1,1314
gnss_raw.txt,2437,380669.200,FINESTEERING,SOL_COMPUTED,NARROW_FLOAT,27,25,3.4569,5.9041,1.2,1314
gnss_raw.txt,2437,380669.300,FINESTEERING,SOL_COMPUTED,NARROW_FLOAT,27,25,3.457,5.9042,1.3,1314
gnss_raw.txt,2437,380669.400,FINESTEERING,SOL_COMPUTED,NARROW_FLOAT,27,25,3.457,5.9042,1.4,1314
gnss_raw.txt,2437,380669.500,FINESTEERING,SOL_COMPUTED,NARROW_FLOAT,27,25,3.457,5.9042,1.5,1314
gnss_raw.txt,2437,380669.600,FINESTEERING,SOL_COMPUTED,NARROW_FLOAT,27,25,3.4571,5.9042,1.6,1314
gnss_raw.txt,2437,380669.700,FINESTEERING,SOL_COMPUTED,NARROW_FLOAT,27,25,3.4571,5.9042,1.7,1314
gnss_raw.txt,2437,380669.800,FINESTEERING,SOL_COMPUTED,NARROW_FLOAT,27,25,3.4571,5.9042,0.8,1314
gnss_raw.txt,2437,380669.900,FINESTEERING,SOL_COMPUTED,NARROW_FLOAT,27,25,3.4571,5.9043,0.9,1314
gnss_raw.txt,2437,380670.000,FINESTEERING,SOL_COMPUTED,NARROW_FLOAT,27,25,2.6703,4.7324,1.0,1314
gnss_raw.txt,2437,380670.100,FINESTEERING,SOL_COMPUTED,NARROW_FLOAT,27,25,2.6703,4.7324,1.1,1314
gnss_raw.txt,2437,380670.200,FINESTEERING,SOL_COMPUTED,NARROW_FLOAT,28,26,2.6703,4.7324,1.2,1314
gnss_raw.txt,2437,380670.300,FINESTEERING,SOL_COMPUTED,NARROW_FLOAT,28,26,2.6703,4.7324,1.3,1314
gnss_raw.txt,2437,380670.400,FINESTEERING,SOL_COMPUTED,NARROW_FLOAT,29,27,2.6704,4.7325,1.4,1314
gnss_raw.txt,2437,380670.500,FINESTEERING,SOL_COMPUTED,NARROW_FLOAT,29,27,2.6704,4.7325,1.5,1314
gnss_raw.txt,2437,380670.600,FINESTEERING,SOL_COMPUTED,NARROW_FLOAT,29,27,2.6704,4.7325,1.6,1314
gnss_raw.txt,2437,380670.700,FINESTEERING,SOL_COMPUTED,NARROW_FLOAT,29,27,2.6705,4.7325,1.7,1314
gnss_raw.txt,2437,380670.800,FINESTEERING,SOL_COMPUTED,NARROW_FLOAT,29,27,2.6705,4.7325,1.8,1314
gnss_raw.txt,2437,380670.900,FINESTEERING,SOL_COMPUTED,NARROW_FLOAT,29,27,2.6705,4.7326,1.9,1314
gnss_raw.txt,2437,380671.000,FINESTEERING,SOL_COMPUTED,NARROW_FLOAT,29,27,3.072,5.2807,1.0,1314
gnss_raw.txt,2437,380671.100,FINESTEERING,SOL_COMPUTED,NARROW_FLOAT,29,27,3.0721,5.2807,1.1,1314
gnss_raw.txt,2437,380671.200,FINESTEERING,SOL_COMPUTED,NARROW_FLOAT,30,28,3.0722,5.2807,1.2,1314
gnss_raw.txt,2437,380671.300,FINESTEERING,SOL_COMPUTED,NARROW_FLOAT,31,29,3.0722,5.2807,1.3,1314
gnss_raw.txt,2437,380671.400,FINESTEERING,SOL_COMPUTED,NARROW_FLOAT,30,28,3.0722,5.2808,1.4,1314
gnss_raw.txt,2437,380671.500,FINESTEERING,SOL_COMPUTED,NARROW_FLOAT,30,28,3.0722,5.2808,1.5,1314
gnss_raw.txt,2437,380671.600,FINESTEERING,SOL_COMPUTED,NARROW_FLOAT,30,28,3.0722,5.2808,1.6,1314
gnss_raw.txt,2437,380671.700,FINESTEERING,SOL_COMPUTED,NARROW_FLOAT,30,28,3.0722,5.2808,1.7,1314
gnss_raw.txt,2437,380671.800,FINESTEERING,SOL_COMPUTED,NARROW_FLOAT,30,28,3.0722,5.2808,1.8,1314
gnss_raw.txt,2437,380671.900,FINESTEERING,SOL_COMPUTED,NARROW_FLOAT,30,28,3.0723,5.2808,0.9,1314
gnss_raw.txt,2437,380672.000,FINESTEERING,SOL_COMPUTED,NARROW_FLOAT,30,28,1.4027,2.4303,1.0,1314
gnss_raw.txt,2437,380672.100,FINESTEERING,SOL_COMPUTED,NARROW_FLOAT,30,28,1.4027,2.4303,1.1,1314
gnss_raw.txt,2437,380672.200,FINESTEERING,SOL_COMPUTED,NARROW_FLOAT,30,28,1.4028,2.4303,1.2,1314
gnss_raw.txt,2437,380672.300,FINESTEERING,SOL_COMPUTED,NARROW_FLOAT,30,28,1.4028,2.4304,1.3,1314
gnss_raw.txt,2437,380672.400,FINESTEERING,SOL_COMPUTED,NARROW_FLOAT,29,27,1.4029,2.4304,1.4,1314
gnss_raw.txt,2437,380672.500,FINESTEERING,SOL_COMPUTED,NARROW_FLOAT,29,27,1.4029,2.4305,1.5,1314
gnss_raw.txt,2437,380672.600,FINESTEERING,SOL_COMPUTED,NARROW_FLOAT,29,27,1.403,2.4305,1.6,1314
gnss_raw.txt,2437,380672.700,FINESTEERING,SOL_COMPUTED,NARROW_FLOAT,29,27,1.4031,2.4305,1.7,1314
gnss_raw.txt,2437,380672.800,FINESTEERING,SOL_COMPUTED,NARROW_FLOAT,29,27,1.4031,2.4306,1.8,1314
gnss_raw.txt,2437,380672.900,FINESTEERING,SOL_COMPUTED,NARROW_FLOAT,29,27,1.4032,2.4307,0.9,1314
gnss_raw.txt,2437,380673.000,FINESTEERING,SOL_COMPUTED,NARROW_FLOAT,30,28,1.9671,3.7104,1.0,1314
gnss_raw.txt,2437,380673.100,FINESTEERING,SOL_COMPUTED,NARROW_FLOAT,30,28,1.9672,3.7104,1.1,1314
gnss_raw.txt,2437,380673.200,FINESTEERING,SOL_COMPUTED,NARROW_FLOAT,30,28,1.9673,3.7105,1.2,1314
gnss_raw.txt,2437,380673.300,FINESTEERING,SOL_COMPUTED,NARROW_FLOAT,31,29,1.9673,3.7105,1.3,1314
gnss_raw.txt,2437,380673.400,FINESTEERING,SOL_COMPUTED,NARROW_FLOAT,32,30,1.9673,3.7105,1.4,1314
gnss_raw.txt,2437,380673.500,FINESTEERING,SOL_COMPUTED,NARROW_FLOAT,32,30,1.9674,3.7106,1.5,1314
gnss_raw.txt,2437,380673.600,FINESTEERING,SOL_COMPUTED,NARROW_FLOAT,32,30,1.9674,3.7106,1.6,1314
gnss_raw.txt,2437,380673.700,FINESTEERING,SOL_COMPUTED,NARROW_FLOAT,32,30,1.9675,3.7107,0.7,1314
gnss_raw.txt,2437,380673.800,FINESTEERING,SOL_COMPUTED,NARROW_FLOAT,32,30,1.9675,3.7107,0.8,1314
gnss_raw.txt,2437,380673.900,FINESTEERING,SOL_COMPUTED,NARROW_FLOAT,31,29,1.9676,3.7107,0.9,1314
gnss_raw.txt,2437,380674.000,FINESTEERING,SOL_COMPUTED,NARROW_FLOAT,31,29,1.3298,2.5039,1.0,1314
gnss_raw.txt,2437,380674.100,FINESTEERING,SOL_COMPUTED,NARROW_FLOAT,31,29,1.3299,2.504,1.1,1314
gnss_raw.txt,2437,380674.200,FINESTEERING,SOL_COMPUTED,NARROW_FLOAT,31,29,1.33,2.5041,1.2,1314
gnss_raw.txt,2437,380674.300,FINESTEERING,SOL_COMPUTED,NARROW_FLOAT,31,29,1.3301,2.5041,1.3,1314
gnss_raw.txt,2437,380674.400,FINESTEERING,SOL_COMPUTED,NARROW_FLOAT,31,29,1.3302,2.5042,1.4,1314
gnss_raw.txt,2437,380674.500,FINESTEERING,SOL_COMPUTED,NARROW_FLOAT,31,29,1.3302,2.5043,1.5,1314
gnss_raw.txt,2437,380674.600,FINESTEERING,SOL_COMPUTED,NARROW_FLOAT,30,28,1.3303,2.5043,1.6,1314
gnss_raw.txt,2437,380674.700,FINESTEERING,SOL_COMPUTED,NARROW_FLOAT,30,28,1.3303,2.5044,1.7,1314
gnss_raw.txt,2437,380674.800,FINESTEERING,SOL_COMPUTED,NARROW_FLOAT,30,28,1.3304,2.5044,0.8,1314
gnss_raw.txt,2437,380674.900,FINESTEERING,SOL_COMPUTED,NARROW_FLOAT,30,28,1.3304,2.5044,0.9,1314
gnss_raw.txt,2437,380675.000,FINESTEERING,SOL_COMPUTED,NARROW_FLOAT,30,28,2.4406,4.9829,1.0,1314
gnss_raw.txt,2437,380675.100,FINESTEERING,SOL_COMPUTED,NARROW_FLOAT,30,28,2.4406,4.9829,1.1,1314
gnss_raw.txt,2437,380675.200,FINESTEERING,SOL_COMPUTED,NARROW_FLOAT,30,28,2.4407,4.9829,1.2,1314
gnss_raw.txt,2437,380675.300,FINESTEERING,SOL_COMPUTED,NARROW_FLOAT,30,28,2.4407,4.983,1.3,1314
gnss_raw.txt,2437,380675.400,FINESTEERING,SOL_COMPUTED,NARROW_FLOAT,30,28,2.4407,4.983,1.4,1314
gnss_raw.txt,2437,380675.500,FINESTEERING,SOL_COMPUTED,NARROW_FLOAT,29,27,2.4408,4.983,1.5,1314
gnss_raw.txt,2437,380675.600,FINESTEERING,SOL_COMPUTED,NARROW_FLOAT,29,27,2.4408,4.9831,1.6,1314
gnss_raw.txt,2437,380675.700,FINESTEERING,SOL_COMPUTED,NARROW_FLOAT,29,27,2.4409,4.9831,1.7,1314
gnss_raw.txt,2437,380675.800,FINESTEERING,SOL_COMPUTED,NARROW_FLOAT,29,27,2.4409,4.9831,1.8,1314
gnss_raw.txt,2437,380675.900,FINESTEERING,SOL_COMPUTED,NARROW_FLOAT,30,28,2.4409,4.9831,0.9,1314
gnss_raw.txt,2437,380676.000,FINESTEERING,SOL_COMPUTED,NARROW_FLOAT,30,28,1.9472,3.5766,1.0,1314
gnss_raw.txt,2437,380676.100,FINESTEERING,SOL_COMPUTED,NARROW_FLOAT,29,27,1.9472,3.5766,1.1,1314
gnss_raw.txt,2437,380676.200,FINESTEERING,SOL_COMPUTED,NARROW_FLOAT,29,27,1.9472,3.5767,1.2,1314
gnss_raw.txt,2437,380676.300,FINESTEERING,SOL_COMPUTED,NARROW_FLOAT,28,26,1.9473,3.5767,1.3,1314
gnss_raw.txt,2437,380676.400,FINESTEERING,SOL_COMPUTED,NARROW_FLOAT,28,26,1.9473,3.5767,1.4,1314
gnss_raw.txt,2437,380676.500,FINESTEERING,SOL_COMPUTED,NARROW_FLOAT,28,26,1.9473,3.5767,1.5,1314
gnss_raw.txt,2437,380676.600,FINESTEERING,SOL_COMPUTED,NARROW_FLOAT,28,26,1.9473,3.5768,1.6,1314
gnss_raw.txt,2437,380676.700,FINESTEERING,SOL_COMPUTED,NARROW_FLOAT,28,26,1.9474,3.5768,1.7,1314
gnss_raw.txt,2437,380676.800,FINESTEERING,SOL_COMPUTED,NARROW_FLOAT,28,26,1.9474,3.5768,1.8,1314
gnss_raw.txt,2437,380676.900,FINESTEERING,SOL_COMPUTED,NARROW_FLOAT,28,26,1.9475,3.5769,0.9,1314
gnss_raw.txt,2437,380677.000,FINESTEERING,SOL_COMPUTED,NARROW_FLOAT,28,26,1.2659,2.3076,1.0,1314
gnss_raw.txt,2437,380677.100,FINESTEERING,SOL_COMPUTED,NARROW_FLOAT,29,27,1.2659,2.3076,1.1,1314
gnss_raw.txt,2437,380677.200,FINESTEERING,SOL_COMPUTED,NARROW_FLOAT,29,27,1.266,2.3077,1.2,1314
gnss_raw.txt,2437,380677.300,FINESTEERING,SOL_COMPUTED,NARROW_FLOAT,29,27,1.2661,2.3078,1.3,1314
gnss_raw.txt,2437,380677.400,FINESTEERING,SOL_COMPUTED,NARROW_FLOAT,29,27,1.2662,2.3079,1.4,1314
gnss_raw.txt,2437,380677.500,FINESTEERING,SOL_COMPUTED,NARROW_FLOAT,29,27,1.2663,2.308,1.5,1314
gnss_raw.txt,2437,380677.600,FINESTEERING,SOL_COMPUTED,NARROW_FLOAT,29,27,1.2663,2.308,1.6,1314
gnss_raw.txt,2437,380677.700,FINESTEERING,SOL_COMPUTED,NARROW_FLOAT,29,27,1.2664,2.3081,1.7,1314
gnss_raw.txt,2437,380677.800,FINESTEERING,SOL_COMPUTED,NARROW_FLOAT,29,27,1.2665,2.3082,0.8,1314
gnss_raw.txt,2437,380677.900,FINESTEERING,SOL_COMPUTED,NARROW_FLOAT,28,26,1.2665,2.3082,0.9,1314
gnss_raw.txt,2437,380678.000,FINESTEERING,SOL_COMPUTED,NARROW_FLOAT,28,26,3.2979,5.9089,1.0,1314
gnss_raw.txt,2437,380678.100,FINESTEERING,SOL_COMPUTED,NARROW_FLOAT,28,26,3.2979,5.9089,1.1,1314
gnss_raw.txt,2437,380678.200,FINESTEERING,SOL_COMPUTED,NARROW_FLOAT,29,26,3.2979,5.9089,1.2,1314
gnss_raw.txt,2437,380678.300,FINESTEERING,SOL_COMPUTED,NARROW_FLOAT,29,26,3.2979,5.9089,1.3,1314
gnss_raw.txt,2437,380678.400,FINESTEERING,SOL_COMPUTED,NARROW_FLOAT,30,27,3.298,5.9089,1.4,1314
gnss_raw.txt,2437,380678.500,FINESTEERING,SOL_COMPUTED,NARROW_FLOAT,30,27,3.298,5.909,1.5,1314
gnss_raw.txt,2437,380678.600,FINESTEERING,SOL_COMPUTED,NARROW_FLOAT,30,27,3.298,5.909,1.6,1314
gnss_raw.txt,2437,380678.700,FINESTEERING,SOL_COMPUTED,NARROW_FLOAT,30,27,3.298,5.909,1.7,1314
gnss_raw.txt,2437,380678.800,FINESTEERING,SOL_COMPUTED,NARROW_FLOAT,30,27,3.298,5.909,1.8,1314
gnss_raw.txt,2437,380678.900,FINESTEERING,SOL_COMPUTED,NARROW_FLOAT,30,27,3.2981,5.909,0.9,1314
gnss_raw.txt,2437,380679.000,FINESTEERING,SOL_COMPUTED,NARROW_FLOAT,30,27,3.6716,6.5595,1.0,1314
gnss_raw.txt,2437,380679.100,FINESTEERING,SOL_COMPUTED,NARROW_FLOAT,30,27,3.6716,6.5595,1.1,1314
gnss_raw.txt,2437,380679.200,FINESTEERING,SOL_COMPUTED,NARROW_FLOAT,30,27,3.6716,6.5595,1.2,1314
gnss_raw.txt,2437,380679.300,FINESTEERING,SOL_COMPUTED,NARROW_FLOAT,30,27,3.6716,6.5595,1.3,1314
gnss_raw.txt,2437,380679.400,FINESTEERING,SOL_COMPUTED,NARROW_FLOAT,30,27,3.6716,6.5595,1.4,1314
gnss_raw.txt,2437,380679.500,FINESTEERING,SOL_COMPUTED,NARROW_FLOAT,30,27,3.6716,6.5596,1.5,1314
gnss_raw.txt,2437,380679.600,FINESTEERING,SOL_COMPUTED,NARROW_FLOAT,30,27,3.6716,6.5596,1.6,1314
gnss_raw.txt,2437,380679.700,FINESTEERING,SOL_COMPUTED,NARROW_FLOAT,30,27,3.6717,6.5596,1.7,1314
gnss_raw.txt,2437,380679.800,FINESTEERING,SOL_COMPUTED,NARROW_FLOAT,30,27,3.6717,6.5596,0.8,1314
gnss_raw.txt,2437,380679.900,FINESTEERING,SOL_COMPUTED,NARROW_FLOAT,30,27,3.6717,6.5596,0.9,1314
gnss_raw.txt,2437,380680.000,FINESTEERING,SOL_COMPUTED,NARROW_FLOAT,29,26,6.8185,11.6719,1.0,1314
gnss_raw.txt,2437,380680.100,FINESTEERING,SOL_COMPUTED,NARROW_FLOAT,29,26,6.8186,11.6719,1.1,1314
gnss_raw.txt,2437,380680.200,FINESTEERING,SOL_COMPUTED,NARROW_FLOAT,29,26,6.8186,11.6719,1.2,1314
gnss_raw.txt,2437,380680.300,FINESTEERING,SOL_COMPUTED,NARROW_FLOAT,29,26,6.8186,11.6719,1.3,1314
gnss_raw.txt,2437,380680.400,FINESTEERING,SOL_COMPUTED,NARROW_FLOAT,30,27,6.8186,11.6719,1.4,1314
gnss_raw.txt,2437,380680.500,FINESTEERING,SOL_COMPUTED,NARROW_FLOAT,29,26,6.8186,11.6719,1.5,1314
gnss_raw.txt,2437,380680.600,FINESTEERING,SOL_COMPUTED,NARROW_FLOAT,29,26,6.8186,11.6719,1.6,1314
gnss_raw.txt,2437,380680.700,FINESTEERING,SOL_COMPUTED,NARROW_FLOAT,30,27,6.8186,11.6719,1.7,1314
gnss_raw.txt,2437,380680.800,FINESTEERING,SOL_COMPUTED,NARROW_FLOAT,30,27,6.8186,11.6719,1.8,1314
gnss_raw.txt,2437,380680.900,FINESTEERING,SOL_COMPUTED,NARROW_FLOAT,29,26,6.8186,11.6719,1.9,1314
gnss_raw.txt,2437,380681.000,FINESTEERING,SOL_COMPUTED,NARROW_FLOAT,29,26,6.2396,9.9301,1.0,1314
gnss_raw.txt,2437,380681.100,FINESTEERING,SOL_COMPUTED,NARROW_FLOAT,30,27,6.2396,9.9301,1.1,1314
gnss_raw.txt,2437,380681.200,FINESTEERING,SOL_COMPUTED,NARROW_FLOAT,30,27,6.2397,9.9301,1.2,1314
gnss_raw.txt,2437,380681.300,FINESTEERING,SOL_COMPUTED,NARROW_FLOAT,30,27,6.2397,9.9301,1.3,1314
gnss_raw.txt,2437,380681.400,FINESTEERING,SOL_COMPUTED,NARROW_FLOAT,30,27,6.2397,9.9301,1.4,1314
gnss_raw.txt,2437,380681.500,FINESTEERING,SOL_COMPUTED,NARROW_FLOAT,30,27,6.2397,9.9301,1.5,1314
gnss_raw.txt,2437,380681.600,FINESTEERING,SOL_COMPUTED,NARROW_FLOAT,30,27,6.2397,9.9301,1.6,1314
gnss_raw.txt,2437,380681.700,FINESTEERING,SOL_COMPUTED,NARROW_FLOAT,30,27,6.2397,9.9302,1.7,1314
gnss_raw.txt,2437,380681.800,FINESTEERING,SOL_COMPUTED,NARROW_FLOAT,30,27,6.2397,9.9302,0.8,1314
gnss_raw.txt,2437,380681.900,FINESTEERING,SOL_COMPUTED,NARROW_FLOAT,30,27,6.2397,9.9302,0.9,1314
gnss_raw.txt,2437,380682.000,FINESTEERING,SOL_COMPUTED,NARROW_FLOAT,30,27,9.2898,14.3157,1.0,1314
gnss_raw.txt,2437,380682.100,FINESTEERING,SOL_COMPUTED,NARROW_FLOAT,30,27,9.2898,14.3157,1.1,1314
gnss_raw.txt,2437,380682.200,FINESTEERING,SOL_COMPUTED,NARROW_FLOAT,30,27,9.2898,14.3157,1.2,1314
gnss_raw.txt,2437,380682.300,FINESTEERING,SOL_COMPUTED,NARROW_FLOAT,30,27,9.2898,14.3157,1.3,1314
gnss_raw.txt,2437,380682.400,FINESTEERING,SOL_COMPUTED,NARROW_FLOAT,30,27,9.2898,14.3157,1.4,1314
gnss_raw.txt,2437,380682.500,FINESTEERING,SOL_COMPUTED,NARROW_FLOAT,30,27,9.2898,14.3157,1.5,1314
gnss_raw.txt,2437,380682.600,FINESTEERING,SOL_COMPUTED,NARROW_FLOAT,30,27,9.2898,14.3157,1.6,1314
gnss_raw.txt,2437,380682.700,FINESTEERING,SOL_COMPUTED,NARROW_FLOAT,30,27,9.2898,14.3157,1.7,1314
gnss_raw.txt,2437,380682.800,FINESTEERING,SOL_COMPUTED,NARROW_FLOAT,30,27,9.2898,14.3158,0.8,1314
gnss_raw.txt,2437,380682.900,FINESTEERING,SOL_COMPUTED,NARROW_FLOAT,30,27,9.2898,14.3158,0.9,1314
gnss_raw.txt,2437,380683.000,FINESTEERING,SOL_COMPUTED,NARROW_FLOAT,30,27,13.0515,19.9955,1.0,1314
gnss_raw.txt,2437,380683.100,FINESTEERING,SOL_COMPUTED,NARROW_FLOAT,30,27,13.0515,19.9956,1.1,1314
gnss_raw.txt,2437,380683.200,FINESTEERING,SOL_COMPUTED,NARROW_FLOAT,30,27,13.0515,19.9956,1.2,1314
gnss_raw.txt,2437,380683.300,FINESTEERING,SOL_COMPUTED,NARROW_FLOAT,30,27,13.0515,19.9956,1.3,1314
gnss_raw.txt,2437,380683.400,FINESTEERING,SOL_COMPUTED,NARROW_FLOAT,30,27,13.0515,19.9956,1.4,1314
gnss_raw.txt,2437,380683.500,FINESTEERING,SOL_COMPUTED,NARROW_FLOAT,30,27,13.0515,19.9956,1.5,1314
gnss_raw.txt,2437,380683.600,FINESTEERING,SOL_COMPUTED,NARROW_FLOAT,29,27,13.0515,19.9956,1.6,1314
gnss_raw.txt,2437,380683.700,FINESTEERING,SOL_COMPUTED,NARROW_FLOAT,29,27,13.0515,19.9956,1.7,1314
gnss_raw.txt,2437,380683.800,FINESTEERING,SOL_COMPUTED,NARROW_FLOAT,29,27,13.0515,19.9956,1.8,1314
gnss_raw.txt,2437,380683.900,FINESTEERING,SOL_COMPUTED,NARROW_FLOAT,29,27,13.0515,19.9956,1.9,1314
gnss_raw.txt,2437,380684.000,FINESTEERING,SOL_COMPUTED,NARROW_FLOAT,30,28,15.5796,23.212,1.0,1314
gnss_raw.txt,2437,380684.100,FINESTEERING,SOL_COMPUTED,NARROW_FLOAT,30,28,15.5796,23.212,1.1,1314
gnss_raw.txt,2437,380684.200,FINESTEERING,SOL_COMPUTED,NARROW_FLOAT,29,27,15.5796,23.212,1.2,1314
gnss_raw.txt,2437,380684.300,FINESTEERING,SOL_COMPUTED,NARROW_FLOAT,29,27,15.5796,23.212,1.3,1314
gnss_raw.txt,2437,380684.400,FINESTEERING,SOL_COMPUTED,NARROW_FLOAT,29,27,15.5796,23.212,1.4,1314
gnss_raw.txt,2437,380684.500,FINESTEERING,SOL_COMPUTED,NARROW_FLOAT,29,27,15.5796,23.212,1.5,1314
gnss_raw.txt,2437,380684.600,FINESTEERING,SOL_COMPUTED,NARROW_FLOAT,29,27,15.5796,23.212,1.6,1314
gnss_raw.txt,2437,380684.700,FINESTEERING,SOL_COMPUTED,NARROW_FLOAT,30,27,15.5796,23.212,1.7,1314
gnss_raw.txt,2437,380684.800,FINESTEERING,SOL_COMPUTED,NARROW_FLOAT,30,27,15.5797,23.212,0.8,1314
gnss_raw.txt,2437,380684.900,FINESTEERING,SOL_COMPUTED,NARROW_FLOAT,30,27,15.5797,23.212,0.9,1314
gnss_raw.txt,2437,380685.000,FINESTEERING,SOL_COMPUTED,NARROW_FLOAT,30,27,10.4476,15.48,1.0,1314
gnss_raw.txt,2437,380685.100,FINESTEERING,SOL_COMPUTED,NARROW_FLOAT,30,27,10.4476,15.48,1.1,1314
gnss_raw.txt,2437,380685.200,FINESTEERING,SOL_COMPUTED,NARROW_FLOAT,30,27,10.4476,15.48,1.2,1314
gnss_raw.txt,2437,380685.300,FINESTEERING,SOL_COMPUTED,NARROW_FLOAT,30,27,10.4476,15.48,1.3,1314
gnss_raw.txt,2437,380685.400,FINESTEERING,SOL_COMPUTED,NARROW_FLOAT,29,27,10.4476,15.48,1.4,1314
gnss_raw.txt,2437,380685.500,FINESTEERING,SOL_COMPUTED,NARROW_FLOAT,29,27,10.4476,15.48,1.5,1314
gnss_raw.txt,2437,380685.600,FINESTEERING,SOL_COMPUTED,NARROW_FLOAT,29,27,10.4476,15.48,1.6,1314
gnss_raw.txt,2437,380685.700,FINESTEERING,SOL_COMPUTED,NARROW_FLOAT,29,27,10.4476,15.4801,1.7,1314
gnss_raw.txt,2437,380685.800,FINESTEERING,SOL_COMPUTED,NARROW_FLOAT,29,27,10.4476,15.4801,1.8,1314
gnss_raw.txt,2437,380685.900,FINESTEERING,SOL_COMPUTED,NARROW_FLOAT,29,27,10.4477,15.4801,0.9,1314
gnss_raw.txt,2437,380686.000,FINESTEERING,SOL_COMPUTED,NARROW_FLOAT,29,27,9.0763,13.3599,1.0,1314
gnss_raw.txt,2437,380686.100,FINESTEERING,SOL_COMPUTED,NARROW_FLOAT,29,27,9.0763,13.3599,1.1,1314
gnss_raw.txt,2437,380686.200,FINESTEERING,SOL_COMPUTED,NARROW_FLOAT,29,27,9.0763,13.3599,1.2,1314
gnss_raw.txt,2437,380686.300,FINESTEERING,SOL_COMPUTED,NARROW_FLOAT,29,27,9.0763,13.3599,1.3,1314
gnss_raw.txt,2437,380686.400,FINESTEERING,SOL_COMPUTED,NARROW_FLOAT,29,27,9.0763,13.3599,1.4,1314
gnss_raw.txt,2437,380686.500,FINESTEERING,SOL_COMPUTED,NARROW_FLOAT,29,27,9.0763,13.36,1.5,1314
gnss_raw.txt,2437,380686.600,FINESTEERING,SOL_COMPUTED,NARROW_FLOAT,29,27,9.0763,13.36,1.6,1314
gnss_raw.txt,2437,380686.700,FINESTEERING,SOL_COMPUTED,NARROW_FLOAT,29,27,9.0763,13.36,1.7,1314
gnss_raw.txt,2437,380686.800,FINESTEERING,SOL_COMPUTED,NARROW_FLOAT,29,27,9.0763,13.36,1.8,1314
gnss_raw.txt,2437,380686.900,FINESTEERING,SOL_COMPUTED,NARROW_FLOAT,30,28,9.0764,13.36,0.9,1314
gnss_raw.txt,2437,380687.000,FINESTEERING,SOL_COMPUTED,NARROW_FLOAT,30,28,12.0082,17.3585,1.0,1314
gnss_raw.txt,2437,380687.100,FINESTEERING,SOL_COMPUTED,NARROW_FLOAT,30,28,12.0082,17.3585,1.1,1314
gnss_raw.txt,2437,380687.200,FINESTEERING,SOL_COMPUTED,NARROW_FLOAT,30,28,12.0082,17.3585,1.2,1314
gnss_raw.txt,2437,380687.300,FINESTEERING,SOL_COMPUTED,NARROW_FLOAT,30,28,12.0082,17.3585,1.3,1314
gnss_raw.txt,2437,380687.400,FINESTEERING,SOL_COMPUTED,NARROW_FLOAT,30,28,12.0082,17.3585,1.4,1314
gnss_raw.txt,2437,380687.500,FINESTEERING,SOL_COMPUTED,NARROW_FLOAT,30,28,12.0083,17.3585,1.5,1314
gnss_raw.txt,2437,380687.600,FINESTEERING,SOL_COMPUTED,NARROW_FLOAT,30,28,12.0083,17.3585,1.6,1314
gnss_raw.txt,2437,380687.700,FINESTEERING,SOL_COMPUTED,NARROW_FLOAT,30,28,12.0083,17.3585,0.7,1314
gnss_raw.txt,2437,380687.800,FINESTEERING,SOL_COMPUTED,NARROW_FLOAT,30,28,12.0083,17.3585,0.8,1314
gnss_raw.txt,2437,380687.900,FINESTEERING,SOL_COMPUTED,NARROW_FLOAT,30,28,12.0083,17.3585,0.9,1314
gnss_raw.txt,2437,380688.000,FINESTEERING,SOL_COMPUTED,NARROW_FLOAT,30,28,6.3095,9.0087,1.0,1314
gnss_raw.txt,2437,380688.100,FINESTEERING,SOL_COMPUTED,NARROW_FLOAT,30,28,6.3095,9.0087,1.1,1314
gnss_raw.txt,2437,380688.200,FINESTEERING,SOL_COMPUTED,NARROW_FLOAT,30,28,6.3095,9.0087,1.2,1314
gnss_raw.txt,2437,380688.300,FINESTEERING,SOL_COMPUTED,NARROW_FLOAT,30,28,6.3095,9.0088,1.3,1314
gnss_raw.txt,2437,380688.400,FINESTEERING,SOL_COMPUTED,NARROW_FLOAT,30,28,6.3095,9.0088,1.4,1314
gnss_raw.txt,2437,380688.500,FINESTEERING,SOL_COMPUTED,NARROW_FLOAT,30,28,6.3095,9.0088,1.5,1314
gnss_raw.txt,2437,380688.600,FINESTEERING,SOL_COMPUTED,NARROW_FLOAT,31,29,6.3095,9.0088,1.6,1314
gnss_raw.txt,2437,380688.700,FINESTEERING,SOL_COMPUTED,NARROW_FLOAT,31,29,6.3096,9.0088,1.7,1314
gnss_raw.txt,2437,380688.800,FINESTEERING,SOL_COMPUTED,NARROW_FLOAT,30,28,6.3096,9.0088,1.8,1314
gnss_raw.txt,2437,380688.900,FINESTEERING,SOL_COMPUTED,NARROW_FLOAT,30,28,6.3096,9.0088,0.9,1314
gnss_raw.txt,2437,380689.000,FINESTEERING,SOL_COMPUTED,NARROW_FLOAT,30,28,8.9744,12.8112,1.0,1314
gnss_raw.txt,2437,380689.100,FINESTEERING,SOL_COMPUTED,NARROW_FLOAT,29,27,8.9744,12.8112,1.1,1314
gnss_raw.txt,2437,380689.200,FINESTEERING,SOL_COMPUTED,NARROW_FLOAT,30,28,8.9744,12.8112,1.2,1314
gnss_raw.txt,2437,380689.300,FINESTEERING,SOL_COMPUTED,NARROW_FLOAT,28,27,8.9744,12.8112,1.3,1314
gnss_raw.txt,2437,380689.400,FINESTEERING,SOL_COMPUTED,NARROW_FLOAT,28,27,8.9744,12.8112,1.4,1314
gnss_raw.txt,2437,380689.500,FINESTEERING,SOL_COMPUTED,NARROW_FLOAT,27,26,8.9744,12.8112,1.5,1314
gnss_raw.txt,2437,380689.600,FINESTEERING,SOL_COMPUTED,NARROW_FLOAT,27,26,8.9744,12.8112,1.6,1314
gnss_raw.txt,2437,380689.700,FINESTEERING,SOL_COMPUTED,NARROW_FLOAT,27,26,8.9744,12.8112,1.7,1314
gnss_raw.txt,2437,380689.800,FINESTEERING,SOL_COMPUTED,NARROW_FLOAT,26,25,8.9744,12.8112,1.8,1314
gnss_raw.txt,2437,380689.900,FINESTEERING,SOL_COMPUTED,NARROW_FLOAT,26,25,8.9745,12.8112,0.9,1314
gnss_raw.txt,2437,380690.000,FINESTEERING,SOL_COMPUTED,NARROW_FLOAT,26,25,4.5713,7.0696,1.0,1314
gnss_raw.txt,2437,380690.100,FINESTEERING,SOL_COMPUTED,NARROW_FLOAT,26,25,4.5713,7.0696,1.1,1314
gnss_raw.txt,2437,380690.200,FINESTEERING,SOL_COMPUTED,NARROW_FLOAT,26,25,4.5713,7.0696,1.2,1314
gnss_raw.txt,2437,380690.300,FINESTEERING,SOL_COMPUTED,NARROW_FLOAT,26,25,4.5713,7.0696,1.3,1314
gnss_raw.txt,2437,380690.400,FINESTEERING,SOL_COMPUTED,NARROW_FLOAT,27,26,4.5713,7.0696,1.4,1314
gnss_raw.txt,2437,380690.500,FINESTEERING,SOL_COMPUTED,NARROW_FLOAT,28,27,4.5713,7.0696,1.5,1314
gnss_raw.txt,2437,380690.600,FINESTEERING,SOL_COMPUTED,NARROW_FLOAT,27,26,4.5713,7.0697,1.6,1314
gnss_raw.txt,2437,380690.700,FINESTEERING,SOL_COMPUTED,NARROW_FLOAT,29,28,4.5713,7.0697,0.7,1314
gnss_raw.txt,2437,380690.800,FINESTEERING,SOL_COMPUTED,NARROW_FLOAT,28,27,4.5713,7.0697,0.8,1314
gnss_raw.txt,2437,380690.900,FINESTEERING,SOL_COMPUTED,NARROW_FLOAT,28,27,4.5713,7.0697,0.9,1314
gnss_raw.txt,2437,380691.000,FINESTEERING,SOL_COMPUTED,NARROW_FLOAT,28,27,4.3632,6.9184,1.0,1314
gnss_raw.txt,2437,380691.100,FINESTEERING,SOL_COMPUTED,NARROW_FLOAT,28,27,4.3632,6.9184,1.1,1314
gnss_raw.txt,2437,380691.200,FINESTEERING,SOL_COMPUTED,NARROW_FLOAT,28,27,4.3632,6.9184,1.2,1314
gnss_raw.txt,2437,380691.300,FINESTEERING,SOL_COMPUTED,NARROW_FLOAT,28,27,4.3632,6.9184,1.3,1314
gnss_raw.txt,2437,380691.400,FINESTEERING,SOL_COMPUTED,NARROW_FLOAT,28,27,4.3633,6.9184,1.4,1314
gnss_raw.txt,2437,380691.500,FINESTEERING,SOL_COMPUTED,NARROW_FLOAT,28,27,4.3633,6.9184,1.5,1314
gnss_raw.txt,2437,380691.600,FINESTEERING,SOL_COMPUTED,NARROW_FLOAT,28,27,4.3633,6.9185,1.6,1314
gnss_raw.txt,2437,380691.700,FINESTEERING,SOL_COMPUTED,NARROW_FLOAT,28,27,4.3633,6.9185,0.7,1314
gnss_raw.txt,2437,380691.800,FINESTEERING,SOL_COMPUTED,NARROW_FLOAT,28,27,4.3633,6.9185,0.8,1314
gnss_raw.txt,2437,380691.900,FINESTEERING,SOL_COMPUTED,NARROW_FLOAT,29,28,4.3633,6.9185,0.9,1314
gnss_raw.txt,2437,380692.000,FINESTEERING,SOL_COMPUTED,NARROW_FLOAT,29,28,6.6719,10.2397,1.0,1314
gnss_raw.txt,2437,380692.100,FINESTEERING,SOL_COMPUTED,NARROW_FLOAT,29,28,6.6719,10.2397,1.1,1314
gnss_raw.txt,2437,380692.200,FINESTEERING,SOL_COMPUTED,NARROW_FLOAT,29,28,6.6719,10.2397,1.2,1314
gnss_raw.txt,2437,380692.300,FINESTEERING,SOL_COMPUTED,NARROW_FLOAT,29,28,6.6719,10.2397,1.3,1314
gnss_raw.txt,2437,380692.400,FINESTEERING,SOL_COMPUTED,NARROW_FLOAT,29,28,6.6719,10.2397,1.4,1314
gnss_raw.txt,2437,380692.500,FINESTEERING,SOL_COMPUTED,NARROW_FLOAT,29,28,6.6719,10.2397,1.5,1314
gnss_raw.txt,2437,380692.600,FINESTEERING,SOL_COMPUTED,NARROW_FLOAT,29,28,6.6719,10.2397,1.6,1314
gnss_raw.txt,2437,380692.700,FINESTEERING,SOL_COMPUTED,NARROW_FLOAT,29,28,6.6719,10.2397,1.7,1314
gnss_raw.txt,2437,380692.800,FINESTEERING,SOL_COMPUTED,NARROW_FLOAT,29,28,6.6719,10.2397,0.8,1314
gnss_raw.txt,2437,380692.900,FINESTEERING,SOL_COMPUTED,NARROW_FLOAT,29,28,6.6719,10.2397,0.9,1314
gnss_raw.txt,2437,380693.000,FINESTEERING,SOL_COMPUTED,NARROW_FLOAT,30,29,5.67,8.4593,1.0,1314
gnss_raw.txt,2437,380693.100,FINESTEERING,SOL_COMPUTED,NARROW_FLOAT,30,29,5.67,8.4593,1.1,1314
gnss_raw.txt,2437,380693.200,FINESTEERING,SOL_COMPUTED,NARROW_FLOAT,30,29,5.67,8.4593,1.2,1314
gnss_raw.txt,2437,380693.300,FINESTEERING,SOL_COMPUTED,NARROW_FLOAT,30,29,5.67,8.4593,1.3,1314
gnss_raw.txt,2437,380693.400,FINESTEERING,SOL_COMPUTED,NARROW_FLOAT,30,29,5.67,8.4593,1.4,1314
gnss_raw.txt,2437,380693.500,FINESTEERING,SOL_COMPUTED,NARROW_FLOAT,30,29,5.67,8.4593,1.5,1314
gnss_raw.txt,2437,380693.600,FINESTEERING,SOL_COMPUTED,NARROW_FLOAT,30,29,5.67,8.4593,1.6,1314
gnss_raw.txt,2437,380693.700,FINESTEERING,SOL_COMPUTED,NARROW_FLOAT,29,28,5.67,8.4593,1.7,1314
gnss_raw.txt,2437,380693.800,FINESTEERING,SOL_COMPUTED,NARROW_FLOAT,29,28,5.67,8.4593,0.8,1314
gnss_raw.txt,2437,380693.900,FINESTEERING,SOL_COMPUTED,NARROW_FLOAT,29,28,5.6701,8.4594,0.9,1314
gnss_raw.txt,2437,380694.000,FINESTEERING,SOL_COMPUTED,NARROW_FLOAT,29,28,5.0111,7.3484,1.0,1314
gnss_raw.txt,2437,380694.100,FINESTEERING,SOL_COMPUTED,NARROW_FLOAT,29,28,5.0111,7.3484,1.1,1314
gnss_raw.txt,2437,380694.200,FINESTEERING,SOL_COMPUTED,NARROW_FLOAT,29,28,5.0111,7.3484,1.2,1314
gnss_raw.txt,2437,380694.300,FINESTEERING,SOL_COMPUTED,NARROW_FLOAT,29,28,5.0111,7.3484,1.3,1314
gnss_raw.txt,2437,380694.400,FINESTEERING,SOL_COMPUTED,NARROW_FLOAT,29,28,5.0111,7.3484,1.4,1314
gnss_raw.txt,2437,380694.500,FINESTEERING,SOL_COMPUTED,NARROW_FLOAT,29,28,5.0111,7.3485,1.5,1314
gnss_raw.txt,2437,380694.600,FINESTEERING,SOL_COMPUTED,NARROW_FLOAT,28,27,5.0112,7.3485,1.6,1314
gnss_raw.txt,2437,380694.700,FINESTEERING,SOL_COMPUTED,NARROW_FLOAT,30,29,5.0112,7.3485,1.7,1314
gnss_raw.txt,2437,380694.800,FINESTEERING,SOL_COMPUTED,NARROW_FLOAT,29,28,5.0112,7.3485,1.8,1314
gnss_raw.txt,2437,380694.900,FINESTEERING,SOL_COMPUTED,NARROW_FLOAT,30,29,5.0112,7.3485,0.9,1314
gnss_raw.txt,2437,380695.000,FINESTEERING,SOL_COMPUTED,NARROW_FLOAT,30,29,6.2876,9.5177,1.0,1314
gnss_raw.txt,2437,380695.100,FINESTEERING,SOL_COMPUTED,NARROW_FLOAT,30,29,6.2876,9.5177,1.1,1314
gnss_raw.txt,2437,380695.200,FINESTEERING,SOL_COMPUTED,NARROW_FLOAT,30,29,6.2876,9.5177,1.2,1314
gnss_raw.txt,2437,380695.300,FINESTEERING,SOL_COMPUTED,NARROW_FLOAT,30,29,6.2876,9.5177,1.3,1314
gnss_raw.txt,2437,380695.400,FINESTEERING,SOL_COMPUTED,NARROW_FLOAT,30,29,6.2876,9.5177,1.4,1314
gnss_raw.txt,2437,380695.500,FINESTEERING,SOL_COMPUTED,NARROW_FLOAT,29,28,6.2876,9.5177,1.5,1314
gnss_raw.txt,2437,380695.600,FINESTEERING,SOL_COMPUTED,NARROW_FLOAT,29,28,6.2876,9.5177,1.6,1314
gnss_raw.txt,2437,380695.700,FINESTEERING,SOL_COMPUTED,NARROW_FLOAT,29,28,6.2876,9.5177,0.7,1314
gnss_raw.txt,2437,380695.800,FINESTEERING,SOL_COMPUTED,NARROW_FLOAT,29,28,6.2876,9.5177,0.8,1314
gnss_raw.txt,2437,380695.900,FINESTEERING,SOL_COMPUTED,NARROW_FLOAT,29,28,6.2876,9.5177,0.9,1314
gnss_raw.txt,2437,380696.000,FINESTEERING,SOL_COMPUTED,NARROW_FLOAT,29,28,1.7659,2.8576,1.0,1314
gnss_raw.txt,2437,380696.100,FINESTEERING,SOL_COMPUTED,NARROW_FLOAT,30,29,1.7659,2.8576,1.1,1314
gnss_raw.txt,2437,380696.200,FINESTEERING,SOL_COMPUTED,NARROW_FLOAT,30,29,1.7659,2.8576,1.2,1314
gnss_raw.txt,2437,380696.300,FINESTEERING,SOL_COMPUTED,NARROW_FLOAT,30,29,1.766,2.8576,1.3,1314
gnss_raw.txt,2437,380696.400,FINESTEERING,SOL_COMPUTED,NARROW_FLOAT,30,29,1.766,2.8577,1.4,1314
gnss_raw.txt,2437,380696.500,FINESTEERING,SOL_COMPUTED,NARROW_FLOAT,30,29,1.766,2.8577,1.5,1314
gnss_raw.txt,2437,380696.600,FINESTEERING,SOL_COMPUTED,NARROW_FLOAT,30,29,1.766,2.8577,1.6,1314
gnss_raw.txt,2437,380696.700,FINESTEERING,SOL_COMPUTED,NARROW_FLOAT,30,29,1.766,2.8577,1.7,1314
gnss_raw.txt,2437,380696.800,FINESTEERING,SOL_COMPUTED,NARROW_FLOAT,30,29,1.766,2.8577,1.8,1314
gnss_raw.txt,2437,380696.900,FINESTEERING,SOL_COMPUTED,NARROW_FLOAT,30,29,1.7661,2.8577,1.9,1314
gnss_raw.txt,2437,380697.000,FINESTEERING,SOL_COMPUTED,NARROW_FLOAT,30,29,8.6607,14.3008,1.0,1314
gnss_raw.txt,2437,380697.100,FINESTEERING,SOL_COMPUTED,NARROW_FLOAT,30,29,8.6607,14.3008,1.1,1314
gnss_raw.txt,2437,380697.200,FINESTEERING,SOL_COMPUTED,NARROW_FLOAT,30,29,8.6607,14.3008,1.2,1314
gnss_raw.txt,2437,380697.300,FINESTEERING,SOL_COMPUTED,NARROW_FLOAT,28,27,8.6607,14.3009,1.3,1314
gnss_raw.txt,2437,380697.400,FINESTEERING,SOL_COMPUTED,NARROW_FLOAT,28,27,8.6607,14.3009,1.4,1314
gnss_raw.txt,2437,380697.500,FINESTEERING,SOL_COMPUTED,NARROW_FLOAT,28,27,8.6607,14.3009,1.5,1314
gnss_raw.txt,2437,380697.600,FINESTEERING,SOL_COMPUTED,NARROW_FLOAT,29,27,8.6607,14.3009,1.6,1314
gnss_raw.txt,2437,380697.700,FINESTEERING,SOL_COMPUTED,NARROW_FLOAT,29,27,8.6607,14.3009,0.7,1314
gnss_raw.txt,2437,380697.800,FINESTEERING,SOL_COMPUTED,NARROW_FLOAT,29,27,8.6607,14.3009,0.8,1314
gnss_raw.txt,2437,380697.900,FINESTEERING,SOL_COMPUTED,NARROW_FLOAT,27,26,8.6607,14.3009,0.9,1314
gnss_raw.txt,2437,380698.000,FINESTEERING,SOL_COMPUTED,NARROW_FLOAT,27,26,5.9447,9.3384,1.0,1314
gnss_raw.txt,2437,380698.100,FINESTEERING,SOL_COMPUTED,NARROW_FLOAT,27,26,5.9447,9.3384,1.1,1314
gnss_raw.txt,2437,380698.200,FINESTEERING,SOL_COMPUTED,NARROW_FLOAT,27,26,5.9447,9.3384,1.2,1314
gnss_raw.txt,2437,380698.300,FINESTEERING,SOL_COMPUTED,NARROW_FLOAT,28,27,5.9447,9.3384,1.3,1314
gnss_raw.txt,2437,380698.400,FINESTEERING,SOL_COMPUTED,NARROW_FLOAT,27,26,5.9447,9.3384,1.4,1314
gnss_raw.txt,2437,380698.500,FINESTEERING,SOL_COMPUTED,NARROW_FLOAT,27,26,5.9447,9.3384,1.5,1314
gnss_raw.txt,2437,380698.600,FINESTEERING,SOL_COMPUTED,NARROW_FLOAT,27,26,5.9447,9.3384,1.6,1314
gnss_raw.txt,2437,380698.700,FINESTEERING,SOL_COMPUTED,NARROW_FLOAT,27,26,5.9447,9.3384,1.7,1314
gnss_raw.txt,2437,380698.800,FINESTEERING,SOL_COMPUTED,NARROW_FLOAT,27,26,5.9447,9.3384,1.8,1314
gnss_raw.txt,2437,380698.900,FINESTEERING,SOL_COMPUTED,NARROW_FLOAT,28,26,5.9447,9.3384,1.9,1314
gnss_raw.txt,2437,380699.000,FINESTEERING,SOL_COMPUTED,NARROW_FLOAT,27,26,2.6193,4.0445,1.0,1314
gnss_raw.txt,2437,380699.100,FINESTEERING,SOL_COMPUTED,NARROW_FLOAT,27,26,2.6193,4.0445,1.1,1314
gnss_raw.txt,2437,380699.200,FINESTEERING,SOL_COMPUTED,NARROW_FLOAT,27,26,2.6193,4.0445,1.2,1314
gnss_raw.txt,2437,380699.300,FINESTEERING,SOL_COMPUTED,NARROW_FLOAT,26,25,2.6193,4.0445,1.3,1314
gnss_raw.txt,2437,380699.400,FINESTEERING,SOL_COMPUTED,NARROW_FLOAT,26,25,2.6193,4.0445,1.4,1314
gnss_raw.txt,2437,380699.500,FINESTEERING,SOL_COMPUTED,NARROW_FLOAT,26,25,2.6193,4.0445,1.5,1314
gnss_raw.txt,2437,380699.600,FINESTEERING,SOL_COMPUTED,NARROW_FLOAT,26,25,2.6193,4.0446,1.6,1314
gnss_raw.txt,2437,380699.700,FINESTEERING,SOL_COMPUTED,NARROW_FLOAT,27,26,2.6194,4.0446,1.7,1314
gnss_raw.txt,2437,380699.800,FINESTEERING,SOL_COMPUTED,NARROW_FLOAT,27,26,2.6194,4.0446,0.8,1314
gnss_raw.txt,2437,380699.900,FINESTEERING,SOL_COMPUTED,NARROW_FLOAT,27,26,2.6194,4.0446,0.9,1314
gnss_raw.txt,2437,380700.000,FINESTEERING,SOL_COMPUTED,NARROW_FLOAT,27,26,7.1469,10.8926,1.0,1314
gnss_raw.txt,2437,380700.100,FINESTEERING,SOL_COMPUTED,NARROW_FLOAT,27,26,7.1469,10.8926,1.1,1314
gnss_raw.txt,2437,380700.200,FINESTEERING,SOL_COMPUTED,NARROW_FLOAT,27,26,7.1469,10.8926,1.2,1314
gnss_raw.txt,2437,380700.300,FINESTEERING,SOL_COMPUTED,NARROW_FLOAT,27,26,7.1469,10.8926,1.3,1314
gnss_raw.txt,2437,380700.400,FINESTEERING,SOL_COMPUTED,NARROW_FLOAT,27,26,7.1469,10.8926,1.4,1314
gnss_raw.txt,2437,380700.500,FINESTEERING,SOL_COMPUTED,NARROW_FLOAT,28,27,7.1469,10.8926,1.5,1314
gnss_raw.txt,2437,380700.600,FINESTEERING,SOL_COMPUTED,NARROW_FLOAT,27,26,7.1469,10.8926,1.6,1314
gnss_raw.txt,2437,380700.700,FINESTEERING,SOL_COMPUTED,NARROW_FLOAT,27,26,7.1469,10.8927,1.7,1314
gnss_raw.txt,2437,380700.800,FINESTEERING,SOL_COMPUTED,NARROW_FLOAT,26,25,7.1469,10.8927,0.8,1314
gnss_raw.txt,2437,380700.900,FINESTEERING,SOL_COMPUTED,NARROW_FLOAT,26,24,7.1469,10.8927,0.9,1314
gnss_raw.txt,2437,380701.000,FINESTEERING,SOL_COMPUTED,NARROW_FLOAT,26,24,5.9004,8.8833,1.0,1314
gnss_raw.txt,2437,380701.100,FINESTEERING,SOL_COMPUTED,NARROW_FLOAT,26,24,5.9004,8.8833,1.1,1314
gnss_raw.txt,2437,380701.200,FINESTEERING,SOL_COMPUTED,NARROW_FLOAT,28,26,5.9004,8.8833,1.2,1314
gnss_raw.txt,2437,380701.300,FINESTEERING,SOL_COMPUTED,NARROW_FLOAT,28,26,5.9004,8.8833,1.3,1314
gnss_raw.txt,2437,380701.400,FINESTEERING,SOL_COMPUTED,NARROW_FLOAT,27,25,5.9004,8.8833,1.4,1314
gnss_raw.txt,2437,380701.500,FINESTEERING,SOL_COMPUTED,NARROW_FLOAT,27,25,5.9004,8.8833,1.5,1314
gnss_raw.txt,2437,380701.600,FINESTEERING,SOL_COMPUTED,NARROW_FLOAT,27,25,5.9005,8.8833,1.6,1314
gnss_raw.txt,2437,380701.700,FINESTEERING,SOL_COMPUTED,NARROW_FLOAT,28,26,5.9005,8.8833,0.7,1314
gnss_raw.txt,2437,380701.800,FINESTEERING,SOL_COMPUTED,NARROW_FLOAT,28,26,5.9005,8.8833,0.8,1314
gnss_raw.txt,2437,380701.900,FINESTEERING,SOL_COMPUTED,NARROW_FLOAT,28,26,5.9005,8.8833,0.9,1314
gnss_raw.txt,2437,380702.000,FINESTEERING,SOL_COMPUTED,NARROW_FLOAT,28,26,8.406,12.6592,1.0,1314
gnss_raw.txt,2437,380702.100,FINESTEERING,SOL_COMPUTED,NARROW_FLOAT,28,26,8.406,12.6592,1.1,1314
gnss_raw.txt,2437,380702.200,FINESTEERING,SOL_COMPUTED,NARROW_FLOAT,28,26,8.406,12.6592,1.2,1314
gnss_raw.txt,2437,380702.300,FINESTEERING,SOL_COMPUTED,NARROW_FLOAT,28,26,8.406,12.6592,1.3,1314
gnss_raw.txt,2437,380702.400,FINESTEERING,SOL_COMPUTED,NARROW_FLOAT,29,26,8.406,12.6592,1.4,1314
gnss_raw.txt,2437,380702.500,FINESTEERING,SOL_COMPUTED,NARROW_FLOAT,30,27,8.406,12.6592,1.5,1314
gnss_raw.txt,2437,380702.600,FINESTEERING,SOL_COMPUTED,NARROW_FLOAT,30,27,8.406,12.6592,1.6,1314
gnss_raw.txt,2437,380702.700,FINESTEERING,SOL_COMPUTED,NARROW_FLOAT,30,27,8.406,12.6592,0.7,1314
gnss_raw.txt,2437,380702.800,FINESTEERING,SOL_COMPUTED,NARROW_FLOAT,30,27,8.406,12.6592,0.8,1314
gnss_raw.txt,2437,380702.900,FINESTEERING,SOL_COMPUTED,NARROW_FLOAT,30,27,8.406,12.6593,0.9,1314
gnss_raw.txt,2437,380703.000,FINESTEERING,SOL_COMPUTED,NARROW_FLOAT,29,26,7.8275,11.6836,1.0,1314
gnss_raw.txt,2437,380703.100,FINESTEERING,SOL_COMPUTED,NARROW_FLOAT,29,26,7.8275,11.6836,1.1,1314
gnss_raw.txt,2437,380703.200,FINESTEERING,SOL_COMPUTED,NARROW_FLOAT,29,26,7.8275,11.6836,1.2,1314
gnss_raw.txt,2437,380703.300,FINESTEERING,SOL_COMPUTED,NARROW_FLOAT,29,26,7.8275,11.6836,1.3,1314
gnss_raw.txt,2437,380703.400,FINESTEERING,SOL_COMPUTED,NARROW_FLOAT,29,26,7.8275,11.6836,1.4,1314
gnss_raw.txt,2437,380703.500,FINESTEERING,SOL_COMPUTED,NARROW_FLOAT,29,26,7.8275,11.6836,1.5,1314
gnss_raw.txt,2437,380703.600,FINESTEERING,SOL_COMPUTED,NARROW_FLOAT,29,26,7.8275,11.6836,1.6,1314
gnss_raw.txt,2437,380703.700,FINESTEERING,SOL_COMPUTED,NARROW_FLOAT,29,26,7.8275,11.6836,0.7,1314
gnss_raw.txt,2437,380703.800,FINESTEERING,SOL_COMPUTED,NARROW_FLOAT,29,26,7.8275,11.6836,0.8,1314
gnss_raw.txt,2437,380703.900,FINESTEERING,SOL_COMPUTED,NARROW_FLOAT,29,26,7.8275,11.6836,0.9,1314
gnss_raw.txt,2437,380704.000,FINESTEERING,SOL_COMPUTED,NARROW_FLOAT,29,26,4.7867,7.05,1.0,1314
gnss_raw.txt,2437,380704.100,FINESTEERING,SOL_COMPUTED,NARROW_FLOAT,29,26,4.7867,7.05,1.1,1314
gnss_raw.txt,2437,380704.200,FINESTEERING,SOL_COMPUTED,NARROW_FLOAT,29,26,4.7867,7.05,1.2,1314
gnss_raw.txt,2437,380704.300,FINESTEERING,SOL_COMPUTED,NARROW_FLOAT,29,26,4.7867,7.05,1.3,1314
gnss_raw.txt,2437,380704.400,FINESTEERING,SOL_COMPUTED,NARROW_FLOAT,30,27,4.7867,7.05,1.4,1314
gnss_raw.txt,2437,380704.500,FINESTEERING,SOL_COMPUTED,NARROW_FLOAT,30,27,4.7867,7.05,1.5,1314
gnss_raw.txt,2437,380704.600,FINESTEERING,SOL_COMPUTED,NARROW_FLOAT,30,27,4.7867,7.05,1.6,1314
gnss_raw.txt,2437,380704.700,FINESTEERING,SOL_COMPUTED,NARROW_FLOAT,30,27,4.7867,7.05,1.7,1314
gnss_raw.txt,2437,380704.800,FINESTEERING,SOL_COMPUTED,NARROW_FLOAT,30,27,4.7867,7.05,0.8,1314
gnss_raw.txt,2437,380704.900,FINESTEERING,SOL_COMPUTED,NARROW_FLOAT,28,25,4.7867,7.0501,0.9,1314
gnss_raw.txt,2437,380705.000,FINESTEERING,SOL_COMPUTED,NARROW_FLOAT,27,24,5.8387,8.5581,1.0,1314
gnss_raw.txt,2437,380705.100,FINESTEERING,SOL_COMPUTED,NARROW_FLOAT,27,24,5.8388,8.5581,1.1,1314
gnss_raw.txt,2437,380705.200,FINESTEERING,SOL_COMPUTED,NARROW_FLOAT,26,23,5.8388,8.5581,1.2,1314
gnss_raw.txt,2437,380705.300,FINESTEERING,SOL_COMPUTED,NARROW_FLOAT,27,24,5.8388,8.5581,1.3,1314
gnss_raw.txt,2437,380705.400,FINESTEERING,SOL_COMPUTED,NARROW_FLOAT,28,25,5.8388,8.5581,1.4,1314
gnss_raw.txt,2437,380705.500,FINESTEERING,SOL_COMPUTED,NARROW_FLOAT,28,25,5.8388,8.5581,1.5,1314
gnss_raw.txt,2437,380705.600,FINESTEERING,SOL_COMPUTED,NARROW_FLOAT,28,25,5.8388,8.5581,1.6,1314
gnss_raw.txt,2437,380705.700,FINESTEERING,SOL_COMPUTED,NARROW_FLOAT,30,27,5.8388,8.5582,0.7,1314
gnss_raw.txt,2437,380705.800,FINESTEERING,SOL_COMPUTED,NARROW_FLOAT,30,27,5.8388,8.5582,0.8,1314
gnss_raw.txt,2437,380705.900,FINESTEERING,SOL_COMPUTED,NARROW_FLOAT,31,28,5.8388,8.5582,0.9,1314
gnss_raw.txt,2437,380706.000,FINESTEERING,SOL_COMPUTED,NARROW_FLOAT,31,28,5.6888,8.308,1.0,1314
gnss_raw.txt,2437,380706.100,FINESTEERING,SOL_COMPUTED,NARROW_FLOAT,31,28,5.6888,8.308,1.1,1314
gnss_raw.txt,2437,380706.200,FINESTEERING,SOL_COMPUTED,NARROW_FLOAT,32,29,5.6888,8.308,1.2,1314
gnss_raw.txt,2437,380706.300,FINESTEERING,SOL_COMPUTED,NARROW_FLOAT,32,29,5.6888,8.308,1.3,1314
gnss_raw.txt,2437,380706.400,FINESTEERING,SOL_COMPUTED,NARROW_FLOAT,32,29,5.6888,8.308,1.4,1314
gnss_raw.txt,2437,380706.500,FINESTEERING,SOL_COMPUTED,NARROW_FLOAT,32,29,5.6888,8.308,1.5,1314
gnss_raw.txt,2437,380706.600,FINESTEERING,SOL_COMPUTED,NARROW_FLOAT,31,28,5.6888,8.308,1.6,1314
gnss_raw.txt,2437,380706.700,FINESTEERING,SOL_COMPUTED,NARROW_FLOAT,31,28,5.6888,8.308,1.7,1314
gnss_raw.txt,2437,380706.800,FINESTEERING,SOL_COMPUTED,NARROW_FLOAT,31,28,5.6888,8.308,1.8,1314
gnss_raw.txt,2437,380706.900,FINESTEERING,SOL_COMPUTED,NARROW_FLOAT,31,28,5.6888,8.308,1.9,1314
gnss_raw.txt,2437,380707.000,FINESTEERING,SOL_COMPUTED,NARROW_FLOAT,31,28,5.6337,8.2055,1.0,1314
gnss_raw.txt,2437,380707.100,FINESTEERING,SOL_COMPUTED,NARROW_FLOAT,31,28,5.6337,8.2055,1.1,1314
gnss_raw.txt,2437,380707.200,FINESTEERING,SOL_COMPUTED,NARROW_FLOAT,31,28,5.6337,8.2055,1.2,1314
gnss_raw.txt,2437,380707.300,FINESTEERING,SOL_COMPUTED,NARROW_FLOAT,32,29,5.6337,8.2055,1.3,1314
gnss_raw.txt,2437,380707.400,FINESTEERING,SOL_COMPUTED,NARROW_FLOAT,32,29,5.6337,8.2055,1.4,1314
gnss_raw.txt,2437,380707.500,FINESTEERING,SOL_COMPUTED,NARROW_FLOAT,31,28,5.6337,8.2055,1.5,1314
gnss_raw.txt,2437,380707.600,FINESTEERING,SOL_COMPUTED,NARROW_FLOAT,31,28,5.6337,8.2055,1.6,1314
gnss_raw.txt,2437,380707.700,FINESTEERING,SOL_COMPUTED,NARROW_FLOAT,31,28,5.6337,8.2056,1.7,1314
gnss_raw.txt,2437,380707.800,FINESTEERING,SOL_COMPUTED,NARROW_FLOAT,31,28,5.6337,8.2056,0.8,1314
gnss_raw.txt,2437,380707.900,FINESTEERING,SOL_COMPUTED,NARROW_FLOAT,31,28,5.6337,8.2056,0.9,1314
gnss_raw.txt,2437,380708.000,FINESTEERING,SOL_COMPUTED,NARROW_FLOAT,31,28,7.5873,11.0685,1.0,1314
gnss_raw.txt,2437,380708.100,FINESTEERING,SOL_COMPUTED,NARROW_FLOAT,31,28,7.5873,11.0685,1.1,1314
gnss_raw.txt,2437,380708.200,FINESTEERING,SOL_COMPUTED,NARROW_FLOAT,31,28,7.5873,11.0685,1.2,1314
gnss_raw.txt,2437,380708.300,FINESTEERING,SOL_COMPUTED,NARROW_FLOAT,31,28,7.5873,11.0685,1.3,1314
gnss_raw.txt,2437,380708.400,FINESTEERING,SOL_COMPUTED,NARROW_FLOAT,31,28,7.5873,11.0685,1.4,1314
gnss_raw.txt,2437,380708.500,FINESTEERING,SOL_COMPUTED,NARROW_FLOAT,31,28,7.5873,11.0685,1.5,1314
gnss_raw.txt,2437,380708.600,FINESTEERING,SOL_COMPUTED,NARROW_FLOAT,32,29,7.5873,11.0685,1.6,1314
gnss_raw.txt,2437,380708.700,FINESTEERING,SOL_COMPUTED,NARROW_FLOAT,32,29,7.5873,11.0685,1.7,1314
gnss_raw.txt,2437,380708.800,FINESTEERING,SOL_COMPUTED,NARROW_FLOAT,32,29,7.5873,11.0685,1.8,1314
gnss_raw.txt,2437,380708.900,FINESTEERING,SOL_COMPUTED,NARROW_FLOAT,32,29,7.5873,11.0685,0.9,1314
gnss_raw.txt,2437,380709.000,FINESTEERING,SOL_COMPUTED,NARROW_FLOAT,32,29,7.2167,10.5997,1.0,1314
gnss_raw.txt,2437,380709.100,FINESTEERING,SOL_COMPUTED,NARROW_FLOAT,32,29,7.2167,10.5997,1.1,1314
gnss_raw.txt,2437,380709.200,FINESTEERING,SOL_COMPUTED,NARROW_FLOAT,32,29,7.2167,10.5997,1.2,1314
gnss_raw.txt,2437,380709.300,FINESTEERING,SOL_COMPUTED,NARROW_FLOAT,32,29,7.2167,10.5997,1.3,1314
gnss_raw.txt,2437,380709.400,FINESTEERING,SOL_COMPUTED,NARROW_FLOAT,32,29,7.2167,10.5997,1.4,1314
gnss_raw.txt,2437,380709.500,FINESTEERING,SOL_COMPUTED,NARROW_FLOAT,32,29,7.2167,10.5997,1.5,1314
gnss_raw.txt,2437,380709.600,FINESTEERING,SOL_COMPUTED,NARROW_FLOAT,32,29,7.2167,10.5997,1.6,1314
gnss_raw.txt,2437,380709.700,FINESTEERING,SOL_COMPUTED,NARROW_FLOAT,32,29,7.2168,10.5997,1.7,1314
gnss_raw.txt,2437,380709.800,FINESTEERING,SOL_COMPUTED,NARROW_FLOAT,32,29,7.2168,10.5997,1.8,1314
gnss_raw.txt,2437,380709.900,FINESTEERING,SOL_COMPUTED,NARROW_FLOAT,32,29,7.2168,10.5997,0.9,1314
gnss_raw.txt,2437,380710.000,FINESTEERING,SOL_COMPUTED,NARROW_FLOAT,32,29,7.1108,10.4077,1.0,1314
gnss_raw.txt,2437,380710.100,FINESTEERING,SOL_COMPUTED,NARROW_FLOAT,32,29,7.1108,10.4077,1.1,1314
gnss_raw.txt,2437,380710.200,FINESTEERING,SOL_COMPUTED,NARROW_FLOAT,32,29,7.1108,10.4077,1.2,1314
gnss_raw.txt,2437,380710.300,FINESTEERING,SOL_COMPUTED,NARROW_FLOAT,32,29,7.1108,10.4077,1.3,1314
gnss_raw.txt,2437,380710.400,FINESTEERING,SOL_COMPUTED,NARROW_FLOAT,32,29,7.1108,10.4077,1.4,1314
gnss_raw.txt,2437,380710.500,FINESTEERING,SOL_COMPUTED,NARROW_FLOAT,32,29,7.1108,10.4077,1.5,1314
gnss_raw.txt,2437,380710.600,FINESTEERING,SOL_COMPUTED,NARROW_FLOAT,32,29,7.1108,10.4077,1.6,1314
gnss_raw.txt,2437,380710.700,FINESTEERING,SOL_COMPUTED,NARROW_FLOAT,32,29,7.1108,10.4077,1.7,1314
gnss_raw.txt,2437,380710.800,FINESTEERING,SOL_COMPUTED,NARROW_FLOAT,32,29,7.1108,10.4077,0.8,1314
gnss_raw.txt,2437,380710.900,FINESTEERING,SOL_COMPUTED,NARROW_FLOAT,32,29,7.1108,10.4077,0.9,1314
gnss_raw.txt,2437,380711.000,FINESTEERING,SOL_COMPUTED,NARROW_FLOAT,33,30,7.4214,10.8233,1.0,1314
gnss_raw.txt,2437,380711.100,FINESTEERING,SOL_COMPUTED,NARROW_FLOAT,33,30,7.4214,10.8233,1.1,1314
gnss_raw.txt,2437,380711.200,FINESTEERING,SOL_COMPUTED,NARROW_FLOAT,33,30,7.4214,10.8233,1.2,1314
gnss_raw.txt,2437,380711.300,FINESTEERING,SOL_COMPUTED,NARROW_FLOAT,33,30,7.4214,10.8233,1.3,1314
gnss_raw.txt,2437,380711.400,FINESTEERING,SOL_COMPUTED,NARROW_FLOAT,33,30,7.4214,10.8233,1.4,1314
gnss_raw.txt,2437,380711.500,FINESTEERING,SOL_COMPUTED,NARROW_FLOAT,33,30,7.4214,10.8233,1.5,1314
gnss_raw.txt,2437,380711.600,FINESTEERING,SOL_COMPUTED,NARROW_FLOAT,33,30,7.4214,10.8233,1.6,1314
gnss_raw.txt,2437,380711.700,FINESTEERING,SOL_COMPUTED,NARROW_FLOAT,33,30,7.4214,10.8233,0.7,1314
gnss_raw.txt,2437,380711.800,FINESTEERING,SOL_COMPUTED,NARROW_FLOAT,33,30,7.4214,10.8233,0.8,1314
gnss_raw.txt,2437,380711.900,FINESTEERING,SOL_COMPUTED,NARROW_FLOAT,33,30,7.4214,10.8233,0.9,1314
gnss_raw.txt,2437,380712.000,FINESTEERING,SOL_COMPUTED,NARROW_FLOAT,33,30,7.2966,10.6189,1.0,1314
gnss_raw.txt,2437,380712.100,FINESTEERING,SOL_COMPUTED,NARROW_FLOAT,33,30,7.2966,10.6189,1.1,1314
gnss_raw.txt,2437,380712.200,FINESTEERING,SOL_COMPUTED,NARROW_FLOAT,33,30,7.2966,10.6189,1.2,1314
gnss_raw.txt,2437,380712.300,FINESTEERING,SOL_COMPUTED,NARROW_FLOAT,33,30,7.2966,10.6189,1.3,1314
gnss_raw.txt,2437,380712.400,FINESTEERING,SOL_COMPUTED,NARROW_FLOAT,33,30,7.2966,10.6189,1.4,1314
gnss_raw.txt,2437,380712.500,FINESTEERING,SOL_COMPUTED,NARROW_FLOAT,33,30,7.2966,10.6189,1.5,1314
gnss_raw.txt,2437,380712.600,FINESTEERING,SOL_COMPUTED,NARROW_FLOAT,33,30,7.2966,10.6189,1.6,1314
gnss_raw.txt,2437,380712.700,FINESTEERING,SOL_COMPUTED,NARROW_FLOAT,32,29,7.2966,10.6189,0.7,1314
gnss_raw.txt,2437,380712.800,FINESTEERING,SOL_COMPUTED,NARROW_FLOAT,32,29,7.2966,10.6189,0.8,1314
gnss_raw.txt,2437,380712.900,FINESTEERING,SOL_COMPUTED,NARROW_FLOAT,32,29,7.2966,10.6189,0.9,1314
gnss_raw.txt,2437,380713.000,FINESTEERING,SOL_COMPUTED,NARROW_FLOAT,32,29,7.0964,10.3158,1.0,1314
gnss_raw.txt,2437,380713.100,FINESTEERING,SOL_COMPUTED,NARROW_FLOAT,32,29,7.0964,10.3158,1.1,1314
gnss_raw.txt,2437,380713.200,FINESTEERING,SOL_COMPUTED,NARROW_FLOAT,32,29,7.0964,10.3158,1.2,1314
gnss_raw.txt,2437,380713.300,FINESTEERING,SOL_COMPUTED,NARROW_FLOAT,32,29,7.0964,10.3158,1.3,1314
gnss_raw.txt,2437,380713.400,FINESTEERING,SOL_COMPUTED,NARROW_FLOAT,32,29,7.0964,10.3158,1.4,1314
gnss_raw.txt,2437,380713.500,FINESTEERING,SOL_COMPUTED,NARROW_FLOAT,32,29,7.0964,10.3158,1.5,1314
gnss_raw.txt,2437,380713.600,FINESTEERING,SOL_COMPUTED,NARROW_FLOAT,32,29,7.0964,10.3158,1.6,1314
gnss_raw.txt,2437,380713.700,FINESTEERING,SOL_COMPUTED,NARROW_FLOAT,32,29,7.0964,10.3159,1.7,1314
gnss_raw.txt,2437,380713.800,FINESTEERING,SOL_COMPUTED,NARROW_FLOAT,32,29,7.0964,10.3159,0.8,1314
gnss_raw.txt,2437,380713.900,FINESTEERING,SOL_COMPUTED,NARROW_FLOAT,32,29,7.0964,10.3159,0.9,1314
gnss_raw.txt,2437,380714.000,FINESTEERING,SOL_COMPUTED,NARROW_FLOAT,32,29,6.3936,9.2862,1.0,1314
gnss_raw.txt,2437,380714.100,FINESTEERING,SOL_COMPUTED,NARROW_FLOAT,32,29,6.3936,9.2862,1.1,1314
gnss_raw.txt,2437,380714.200,FINESTEERING,SOL_COMPUTED,NARROW_FLOAT,32,29,6.3936,9.2862,1.2,1314
gnss_raw.txt,2437,380714.300,FINESTEERING,SOL_COMPUTED,NARROW_FLOAT,32,29,6.3936,9.2862,1.3,1314
gnss_raw.txt,2437,380714.400,FINESTEERING,SOL_COMPUTED,NARROW_FLOAT,32,29,6.3936,9.2862,1.4,1314
gnss_raw.txt,2437,380714.500,FINESTEERING,SOL_COMPUTED,NARROW_FLOAT,32,29,6.3936,9.2862,1.5,1314
gnss_raw.txt,2437,380714.600,FINESTEERING,SOL_COMPUTED,NARROW_FLOAT,32,29,6.3936,9.2862,1.6,1314
gnss_raw.txt,2437,380714.700,FINESTEERING,SOL_COMPUTED,NARROW_FLOAT,32,29,6.3936,9.2862,0.7,1314
gnss_raw.txt,2437,380714.800,FINESTEERING,SOL_COMPUTED,NARROW_FLOAT,32,29,6.3936,9.2862,0.8,1314
gnss_raw.txt,2437,380714.900,FINESTEERING,SOL_COMPUTED,NARROW_FLOAT,32,29,6.3936,9.2862,0.9,1314
gnss_raw.txt,2437,380715.000,FINESTEERING,SOL_COMPUTED,NARROW_FLOAT,32,29,6.2856,9.1231,1.0,1314
gnss_raw.txt,2437,380715.100,FINESTEERING,SOL_COMPUTED,NARROW_FLOAT,32,29,6.2856,9.1231,1.1,1314
gnss_raw.txt,2437,380715.200,FINESTEERING,SOL_COMPUTED,NARROW_FLOAT,32,29,6.2856,9.1231,1.2,1314
gnss_raw.txt,2437,380715.300,FINESTEERING,SOL_COMPUTED,NARROW_FLOAT,32,29,6.2856,9.1231,1.3,1314
gnss_raw.txt,2437,380715.400,FINESTEERING,SOL_COMPUTED,NARROW_FLOAT,32,29,6.2856,9.1231,1.4,1314
gnss_raw.txt,2437,380715.500,FINESTEERING,SOL_COMPUTED,NARROW_FLOAT,32,29,6.2856,9.1231,1.5,1314
gnss_raw.txt,2437,380715.600,FINESTEERING,SOL_COMPUTED,NARROW_FLOAT,32,29,6.2856,9.1231,1.6,1314
gnss_raw.txt,2437,380715.700,FINESTEERING,SOL_COMPUTED,NARROW_FLOAT,32,29,6.2856,9.1231,1.7,1314
gnss_raw.txt,2437,380715.800,FINESTEERING,SOL_COMPUTED,NARROW_FLOAT,32,29,6.2856,9.1231,0.8,1314
gnss_raw.txt,2437,380715.900,FINESTEERING,SOL_COMPUTED,NARROW_FLOAT,32,29,6.2856,9.1231,0.9,1314
gnss_raw.txt,2437,380716.000,FINESTEERING,SOL_COMPUTED,NARROW_FLOAT,32,29,5.8499,8.4858,1.0,1314
gnss_raw.txt,2437,380716.100,FINESTEERING,SOL_COMPUTED,NARROW_FLOAT,32,29,5.8499,8.4858,1.1,1314
gnss_raw.txt,2437,380716.200,FINESTEERING,SOL_COMPUTED,NARROW_FLOAT,32,29,5.8499,8.4858,1.2,1314
gnss_raw.txt,2437,380716.300,FINESTEERING,SOL_COMPUTED,NARROW_FLOAT,32,29,5.8499,8.4858,1.3,1314
gnss_raw.txt,2437,380716.400,FINESTEERING,SOL_COMPUTED,NARROW_FLOAT,32,29,5.8499,8.4858,1.4,1314
gnss_raw.txt,2437,380716.500,FINESTEERING,SOL_COMPUTED,NARROW_FLOAT,32,29,5.85,8.4858,1.5,1314
gnss_raw.txt,2437,380716.600,FINESTEERING,SOL_COMPUTED,NARROW_FLOAT,32,29,5.85,8.4858,1.6,1314
gnss_raw.txt,2437,380716.700,FINESTEERING,SOL_COMPUTED,NARROW_FLOAT,32,29,5.85,8.4858,1.7,1314
gnss_raw.txt,2437,380716.800,FINESTEERING,SOL_COMPUTED,NARROW_FLOAT,32,29,5.85,8.4858,1.8,1314
gnss_raw.txt,2437,380716.900,FINESTEERING,SOL_COMPUTED,NARROW_FLOAT,32,29,5.85,8.4858,0.9,1314
gnss_raw.txt,2437,380717.000,FINESTEERING,SOL_COMPUTED,NARROW_FLOAT,32,29,5.6086,8.1318,1.0,1314
gnss_raw.txt,2437,380717.100,FINESTEERING,SOL_COMPUTED,NARROW_FLOAT,32,29,5.6086,8.1318,1.1,1314
gnss_raw.txt,2437,380717.200,FINESTEERING,SOL_COMPUTED,NARROW_FLOAT,32,29,5.6086,8.1318,1.2,1314
gnss_raw.txt,2437,380717.300,FINESTEERING,SOL_COMPUTED,NARROW_FLOAT,32,29,5.6086,8.1318,1.3,1314
gnss_raw.txt,2437,380717.400,FINESTEERING,SOL_COMPUTED,NARROW_FLOAT,32,29,5.6086,8.1318,1.4,1314
gnss_raw.txt,2437,380717.500,FINESTEERING,SOL_COMPUTED,NARROW_FLOAT,32,29,5.6086,8.1318,1.5,1314
gnss_raw.txt,2437,380717.600,FINESTEERING,SOL_COMPUTED,NARROW_FLOAT,32,29,5.6086,8.1318,1.6,1314
gnss_raw.txt,2437,380717.700,FINESTEERING,SOL_COMPUTED,NARROW_FLOAT,32,29,5.6086,8.1318,1.7,1314
gnss_raw.txt,2437,380717.800,FINESTEERING,SOL_COMPUTED,NARROW_FLOAT,32,29,5.6086,8.1318,1.8,1314
gnss_raw.txt,2437,380717.900,FINESTEERING,SOL_COMPUTED,NARROW_FLOAT,32,29,5.6086,8.1318,0.9,1314
gnss_raw.txt,2437,380718.000,FINESTEERING,SOL_COMPUTED,NARROW_FLOAT,32,29,4.9175,7.1267,1.0,1314
gnss_raw.txt,2437,380718.100,FINESTEERING,SOL_COMPUTED,NARROW_FLOAT,32,29,4.9175,7.1267,1.1,1314
gnss_raw.txt,2437,380718.200,FINESTEERING,SOL_COMPUTED,NARROW_FLOAT,32,29,4.9175,7.1268,1.2,1314
gnss_raw.txt,2437,380718.300,FINESTEERING,SOL_COMPUTED,NARROW_FLOAT,32,29,4.9175,7.1268,1.3,1314
gnss_raw.txt,2437,380718.400,FINESTEERING,SOL_COMPUTED,NARROW_FLOAT,32,29,4.9175,7.1268,1.4,1314
gnss_raw.txt,2437,380718.500,FINESTEERING,SOL_COMPUTED,NARROW_FLOAT,32,29,4.9175,7.1268,1.5,1314
gnss_raw.txt,2437,380718.600,FINESTEERING,SOL_COMPUTED,NARROW_FLOAT,32,29,4.9175,7.1268,1.6,1314
gnss_raw.txt,2437,380718.700,FINESTEERING,SOL_COMPUTED,NARROW_FLOAT,32,29,4.9175,7.1268,1.7,1314
gnss_raw.txt,2437,380718.800,FINESTEERING,SOL_COMPUTED,NARROW_FLOAT,32,29,4.9175,7.1268,1.8,1314
gnss_raw.txt,2437,380718.900,FINESTEERING,SOL_COMPUTED,NARROW_FLOAT,32,29,4.9175,7.1268,0.9,1314
gnss_raw.txt,2437,380719.000,FINESTEERING,SOL_COMPUTED,NARROW_FLOAT,32,29,4.9372,7.1528,1.0,1314
gnss_raw.txt,2437,380719.100,FINESTEERING,SOL_COMPUTED,NARROW_FLOAT,31,28,4.9372,7.1528,1.1,1314
gnss_raw.txt,2437,380719.200,FINESTEERING,SOL_COMPUTED,NARROW_FLOAT,31,28,4.9372,7.1528,1.2,1314
gnss_raw.txt,2437,380719.300,FINESTEERING,SOL_COMPUTED,NARROW_FLOAT,31,28,4.9372,7.1528,1.3,1314
gnss_raw.txt,2437,380719.400,FINESTEERING,SOL_COMPUTED,NARROW_FLOAT,32,29,4.9372,7.1528,1.4,1314
gnss_raw.txt,2437,380719.500,FINESTEERING,SOL_COMPUTED,NARROW_FLOAT,32,29,4.9372,7.1528,1.5,1314
gnss_raw.txt,2437,380719.600,FINESTEERING,SOL_COMPUTED,NARROW_FLOAT,32,29,4.9372,7.1528,1.6,1314
gnss_raw.txt,2437,380719.700,FINESTEERING,SOL_COMPUTED,NARROW_FLOAT,32,29,4.9372,7.1528,1.7,1314
gnss_raw.txt,2437,380719.800,FINESTEERING,SOL_COMPUTED,NARROW_FLOAT,32,29,4.9372,7.1528,0.8,1314
gnss_raw.txt,2437,380719.900,FINESTEERING,SOL_COMPUTED,NARROW_FLOAT,32,29,4.9372,7.1528,0.9,1314
gnss_raw.txt,2437,380720.000,FINESTEERING,SOL_COMPUTED,NARROW_FLOAT,32,29,4.8177,6.9775,1.0,1314
gnss_raw.txt,2437,380720.100,FINESTEERING,SOL_COMPUTED,NARROW_FLOAT,32,29,4.8177,6.9775,1.1,1314
gnss_raw.txt,2437,380720.200,FINESTEERING,SOL_COMPUTED,NARROW_FLOAT,32,29,4.8177,6.9775,1.2,1314
gnss_raw.txt,2437,380720.300,FINESTEERING,SOL_COMPUTED,NARROW_FLOAT,32,29,4.8177,6.9775,1.3,1314
gnss_raw.txt,2437,380720.400,FINESTEERING,SOL_COMPUTED,NARROW_FLOAT,32,29,4.8177,6.9776,1.4,1314
gnss_raw.txt,2437,380720.500,FINESTEERING,SOL_COMPUTED,NARROW_FLOAT,32,29,4.8177,6.9776,1.5,1314
gnss_raw.txt,2437,380720.600,FINESTEERING,SOL_COMPUTED,NARROW_FLOAT,32,29,4.8177,6.9776,1.6,1314
gnss_raw.txt,2437,380720.700,FINESTEERING,SOL_COMPUTED,NARROW_FLOAT,32,29,4.8177,6.9776,0.7,1314
gnss_raw.txt,2437,380720.800,FINESTEERING,SOL_COMPUTED,NARROW_FLOAT,32,29,4.8177,6.9776,0.8,1314
gnss_raw.txt,2437,380720.900,FINESTEERING,SOL_COMPUTED,NARROW_FLOAT,32,29,4.8177,6.9776,0.9,1314
gnss_raw.txt,2437,380721.000,FINESTEERING,SOL_COMPUTED,NARROW_FLOAT,32,29,4.3895,6.3556,1.0,1314
gnss_raw.txt,2437,380721.100,FINESTEERING,SOL_COMPUTED,NARROW_FLOAT,32,29,4.3895,6.3556,1.1,1314
gnss_raw.txt,2437,380721.200,FINESTEERING,SOL_COMPUTED,NARROW_FLOAT,32,29,4.3895,6.3556,1.2,1314
gnss_raw.txt,2437,380721.300,FINESTEERING,SOL_COMPUTED,NARROW_FLOAT,32,29,4.3895,6.3556,1.3,1314
gnss_raw.txt,2437,380721.400,FINESTEERING,SOL_COMPUTED,NARROW_FLOAT,32,29,4.3895,6.3557,1.4,1314
gnss_raw.txt,2437,380721.500,FINESTEERING,SOL_COMPUTED,NARROW_FLOAT,32,29,4.3895,6.3557,1.5,1314
gnss_raw.txt,2437,380721.600,FINESTEERING,SOL_COMPUTED,NARROW_FLOAT,32,29,4.3895,6.3557,1.6,1314
gnss_raw.txt,2437,380721.700,FINESTEERING,SOL_COMPUTED,NARROW_FLOAT,32,29,4.3895,6.3557,1.7,1314
gnss_raw.txt,2437,380721.800,FINESTEERING,SOL_COMPUTED,NARROW_FLOAT,32,29,4.3895,6.3557,1.8,1314
gnss_raw.txt,2437,380721.900,FINESTEERING,SOL_COMPUTED,NARROW_FLOAT,32,29,4.3895,6.3557,0.9,1314
gnss_raw.txt,2437,380722.000,FINESTEERING,SOL_COMPUTED,NARROW_FLOAT,32,29,4.4267,6.4082,1.0,1314
gnss_raw.txt,2437,380722.100,FINESTEERING,SOL_COMPUTED,NARROW_FLOAT,32,29,4.4267,6.4082,1.1,1314
gnss_raw.txt,2437,380722.200,FINESTEERING,SOL_COMPUTED,NARROW_FLOAT,32,29,4.4267,6.4082,1.2,1314
gnss_raw.txt,2437,380722.300,FINESTEERING,SOL_COMPUTED,NARROW_FLOAT,32,29,4.4267,6.4082,1.3,1314
gnss_raw.txt,2437,380722.400,FINESTEERING,SOL_COMPUTED,NARROW_FLOAT,32,29,4.4267,6.4082,1.4,1314
gnss_raw.txt,2437,380722.500,FINESTEERING,SOL_COMPUTED,NARROW_FLOAT,32,29,4.4267,6.4082,1.5,1314
gnss_raw.txt,2437,380722.600,FINESTEERING,SOL_COMPUTED,NARROW_FLOAT,32,29,4.4267,6.4082,1.6,1314
gnss_raw.txt,2437,380722.700,FINESTEERING,SOL_COMPUTED,NARROW_FLOAT,32,29,4.4267,6.4082,1.7,1314
gnss_raw.txt,2437,380722.800,FINESTEERING,SOL_COMPUTED,NARROW_FLOAT,32,29,4.4267,6.4082,0.8,1314
gnss_raw.txt,2437,380722.900,FINESTEERING,SOL_COMPUTED,NARROW_FLOAT,32,29,4.4267,6.4082,0.9,1314
gnss_raw.txt,2437,380723.000,FINESTEERING,SOL_COMPUTED,NARROW_FLOAT,32,29,4.0532,5.8663,1.0,1314
gnss_raw.txt,2437,380723.100,FINESTEERING,SOL_COMPUTED,NARROW_FLOAT,32,29,4.0532,5.8663,1.1,1314
gnss_raw.txt,2437,380723.200,FINESTEERING,SOL_COMPUTED,NARROW_FLOAT,32,29,4.0532,5.8663,1.2,1314
gnss_raw.txt,2437,380723.300,FINESTEERING,SOL_COMPUTED,NARROW_FLOAT,32,29,4.0532,5.8663,1.3,1314
gnss_raw.txt,2437,380723.400,FINESTEERING,SOL_COMPUTED,NARROW_FLOAT,32,29,4.0532,5.8663,1.4,1314
gnss_raw.txt,2437,380723.500,FINESTEERING,SOL_COMPUTED,NARROW_FLOAT,32,29,4.0532,5.8663,1.5,1314
gnss_raw.txt,2437,380723.600,FINESTEERING,SOL_COMPUTED,NARROW_FLOAT,32,29,4.0532,5.8663,1.6,1314
gnss_raw.txt,2437,380723.700,FINESTEERING,SOL_COMPUTED,NARROW_FLOAT,32,29,4.0532,5.8663,1.7,1314
gnss_raw.txt,2437,380723.800,FINESTEERING,SOL_COMPUTED,NARROW_FLOAT,32,29,4.0532,5.8663,0.8,1314
gnss_raw.txt,2437,380723.900,FINESTEERING,SOL_COMPUTED,NARROW_FLOAT,32,29,4.0532,5.8663,0.9,1314
gnss_raw.txt,2437,380724.000,FINESTEERING,SOL_COMPUTED,NARROW_FLOAT,32,29,4.3293,6.265,1.0,1314
gnss_raw.txt,2437,380724.100,FINESTEERING,SOL_COMPUTED,NARROW_FLOAT,32,29,4.3293,6.265,1.1,1314
gnss_raw.txt,2437,380724.200,FINESTEERING,SOL_COMPUTED,NARROW_FLOAT,32,29,4.3293,6.265,1.2,1314
gnss_raw.txt,2437,380724.300,FINESTEERING,SOL_COMPUTED,NARROW_FLOAT,32,29,4.3293,6.265,1.3,1314
gnss_raw.txt,2437,380724.400,FINESTEERING,SOL_COMPUTED,NARROW_FLOAT,32,29,4.3293,6.265,1.4,1314
gnss_raw.txt,2437,380724.500,FINESTEERING,SOL_COMPUTED,NARROW_FLOAT,32,29,4.3293,6.265,1.5,1314
gnss_raw.txt,2437,380724.600,FINESTEERING,SOL_COMPUTED,NARROW_FLOAT,32,29,4.3293,6.265,1.6,1314
gnss_raw.txt,2437,380724.700,FINESTEERING,SOL_COMPUTED,NARROW_FLOAT,32,29,4.3293,6.265,1.7,1314
gnss_raw.txt,2437,380724.800,FINESTEERING,SOL_COMPUTED,NARROW_FLOAT,32,29,4.3293,6.265,0.8,1314
gnss_raw.txt,2437,380724.900,FINESTEERING,SOL_COMPUTED,NARROW_FLOAT,32,29,4.3293,6.265,0.9,1314
gnss_raw.txt,2437,380725.000,FINESTEERING,SOL_COMPUTED,NARROW_FLOAT,33,30,4.0907,5.919,1.0,1314
gnss_raw.txt,2437,380725.100,FINESTEERING,SOL_COMPUTED,NARROW_FLOAT,33,30,4.0907,5.919,1.1,1314
gnss_raw.txt,2437,380725.200,FINESTEERING,SOL_COMPUTED,NARROW_FLOAT,33,30,4.0907,5.919,1.2,1314
gnss_raw.txt,2437,380725.300,FINESTEERING,SOL_COMPUTED,NARROW_FLOAT,33,30,4.0907,5.9191,1.3,1314
gnss_raw.txt,2437,380725.400,FINESTEERING,SOL_COMPUTED,NARROW_FLOAT,33,30,4.0907,5.9191,1.4,1314
gnss_raw.txt,2437,380725.500,FINESTEERING,SOL_COMPUTED,NARROW_FLOAT,33,30,4.0907,5.9191,1.5,1314
gnss_raw.txt,2437,380725.600,FINESTEERING,SOL_COMPUTED,NARROW_FLOAT,33,30,4.0908,5.9191,1.6,1314
gnss_raw.txt,2437,380725.700,FINESTEERING,SOL_COMPUTED,NARROW_FLOAT,33,30,4.0908,5.9191,1.7,1314
gnss_raw.txt,2437,380725.800,FINESTEERING,SOL_COMPUTED,NARROW_FLOAT,33,30,4.0908,5.9191,0.8,1314
gnss_raw.txt,2437,380725.900,FINESTEERING,SOL_COMPUTED,NARROW_FLOAT,33,30,4.0908,5.9191,0.9,1314
gnss_raw.txt,2437,380726.000,FINESTEERING,SOL_COMPUTED,NARROW_FLOAT,33,30,4.1568,6.0141,1.0,1314
gnss_raw.txt,2437,380726.100,FINESTEERING,SOL_COMPUTED,NARROW_FLOAT,33,30,4.1568,6.0141,1.1,1314
gnss_raw.txt,2437,380726.200,FINESTEERING,SOL_COMPUTED,NARROW_FLOAT,33,30,4.1568,6.0141,1.2,1314
gnss_raw.txt,2437,380726.300,FINESTEERING,SOL_COMPUTED,NARROW_FLOAT,33,30,4.1568,6.0141,1.3,1314
gnss_raw.txt,2437,380726.400,FINESTEERING,SOL_COMPUTED,NARROW_FLOAT,33,30,4.1568,6.0141,1.4,1314
gnss_raw.txt,2437,380726.500,FINESTEERING,SOL_COMPUTED,NARROW_FLOAT,34,31,4.1568,6.0141,1.5,1314
gnss_raw.txt,2437,380726.600,FINESTEERING,SOL_COMPUTED,NARROW_FLOAT,34,31,4.1568,6.0141,1.6,1314
gnss_raw.txt,2437,380726.700,FINESTEERING,SOL_COMPUTED,NARROW_FLOAT,34,31,4.1568,6.0141,0.7,1314
gnss_raw.txt,2437,380726.800,FINESTEERING,SOL_COMPUTED,NARROW_FLOAT,34,31,4.1568,6.0141,0.8,1314
gnss_raw.txt,2437,380726.900,FINESTEERING,SOL_COMPUTED,NARROW_FLOAT,34,31,4.1568,6.0141,0.9,1314
gnss_raw.txt,2437,380727.000,FINESTEERING,SOL_COMPUTED,NARROW_FLOAT,34,31,3.8346,5.5475,1.0,1314
gnss_raw.txt,2437,380727.100,FINESTEERING,SOL_COMPUTED,NARROW_FLOAT,34,31,3.8346,5.5475,1.1,1314
gnss_raw.txt,2437,380727.200,FINESTEERING,SOL_COMPUTED,NARROW_FLOAT,34,31,3.8346,5.5475,1.2,1314
gnss_raw.txt,2437,380727.300,FINESTEERING,SOL_COMPUTED,NARROW_FLOAT,34,31,3.8346,5.5475,1.3,1314
gnss_raw.txt,2437,380727.400,FINESTEERING,SOL_COMPUTED,NARROW_FLOAT,34,31,3.8346,5.5475,1.4,1314
gnss_raw.txt,2437,380727.500,FINESTEERING,SOL_COMPUTED,NARROW_FLOAT,34,31,3.8346,5.5475,1.5,1314
gnss_raw.txt,2437,380727.600,FINESTEERING,SOL_COMPUTED,NARROW_FLOAT,34,31,3.8346,5.5476,1.6,1314
gnss_raw.txt,2437,380727.700,FINESTEERING,SOL_COMPUTED,NARROW_FLOAT,34,31,3.8346,5.5476,0.7,1314
gnss_raw.txt,2437,380727.800,FINESTEERING,SOL_COMPUTED,NARROW_FLOAT,34,31,3.8346,5.5476,0.8,1314
gnss_raw.txt,2437,380727.900,FINESTEERING,SOL_COMPUTED,NARROW_FLOAT,34,31,3.8346,5.5476,0.9,1314
gnss_raw.txt,2437,380728.000,FINESTEERING,SOL_COMPUTED,NARROW_FLOAT,34,31,3.7789,5.4668,1.0,1314
gnss_raw.txt,2437,380728.100,FINESTEERING,SOL_COMPUTED,NARROW_FLOAT,34,31,3.7789,5.4668,1.1,1314
gnss_raw.txt,2437,380728.200,FINESTEERING,SOL_COMPUTED,NARROW_FLOAT,34,31,3.7789,5.4668,1.2,1314
gnss_raw.txt,2437,380728.300,FINESTEERING,SOL_COMPUTED,NARROW_FLOAT,34,31,3.7789,5.4668,1.3,1314
gnss_raw.txt,2437,380728.400,FINESTEERING,SOL_COMPUTED,NARROW_FLOAT,34,31,3.7789,5.4668,1.4,1314
gnss_raw.txt,2437,380728.500,FINESTEERING,SOL_COMPUTED,NARROW_FLOAT,34,31,3.7789,5.4668,1.5,1314
gnss_raw.txt,2437,380728.600,FINESTEERING,SOL_COMPUTED,NARROW_FLOAT,34,31,3.7789,5.4668,1.6,1314
gnss_raw.txt,2437,380728.700,FINESTEERING,SOL_COMPUTED,NARROW_FLOAT,34,31,3.779,5.4668,1.7,1314
gnss_raw.txt,2437,380728.800,FINESTEERING,SOL_COMPUTED,NARROW_FLOAT,34,31,3.779,5.4668,0.8,1314
gnss_raw.txt,2437,380728.900,FINESTEERING,SOL_COMPUTED,NARROW_FLOAT,34,31,3.779,5.4668,0.9,1314
gnss_raw.txt,2437,380729.000,FINESTEERING,SOL_COMPUTED,NARROW_FLOAT,34,31,3.6775,5.32,1.0,1314
gnss_raw.txt,2437,380729.100,FINESTEERING,SOL_COMPUTED,NARROW_FLOAT,34,31,3.6775,5.32,1.1,1314
gnss_raw.txt,2437,380729.200,FINESTEERING,SOL_COMPUTED,NARROW_FLOAT,33,30,3.6775,5.32,1.2,1314
gnss_raw.txt,2437,380729.300,FINESTEERING,SOL_COMPUTED,NARROW_FLOAT,33,30,3.6775,5.32,1.3,1314
gnss_raw.txt,2437,380729.400,FINESTEERING,SOL_COMPUTED,NARROW_FLOAT,33,30,3.6775,5.32,1.4,1314
gnss_raw.txt,2437,380729.500,FINESTEERING,SOL_COMPUTED,NARROW_FLOAT,33,30,3.6775,5.32,1.5,1314
gnss_raw.txt,2437,380729.600,FINESTEERING,SOL_COMPUTED,NARROW_FLOAT,33,30,3.6776,5.32,1.6,1314
gnss_raw.txt,2437,380729.700,FINESTEERING,SOL_COMPUTED,NARROW_FLOAT,33,30,3.6776,5.32,1.7,1314
gnss_raw.txt,2437,380729.800,FINESTEERING,SOL_COMPUTED,NARROW_FLOAT,33,30,3.6776,5.32,1.8,1314
gnss_raw.txt,2437,380729.900,FINESTEERING,SOL_COMPUTED,NARROW_FLOAT,34,31,3.6776,5.32,0.9,1314
gnss_raw.txt,2437,380730.000,FINESTEERING,SOL_COMPUTED,NARROW_FLOAT,34,31,3.5899,5.1932,1.0,1314
gnss_raw.txt,2437,380730.100,FINESTEERING,SOL_COMPUTED,NARROW_FLOAT,34,31,3.5899,5.1932,1.1,1314
gnss_raw.txt,2437,380730.200,FINESTEERING,SOL_COMPUTED,NARROW_FLOAT,34,31,3.5899,5.1932,1.2,1314
gnss_raw.txt,2437,380730.300,FINESTEERING,SOL_COMPUTED,NARROW_FLOAT,34,31,3.5899,5.1932,1.3,1314
gnss_raw.txt,2437,380730.400,FINESTEERING,SOL_COMPUTED,NARROW_FLOAT,34,31,3.5899,5.1932,1.4,1314
gnss_raw.txt,2437,380730.500,FINESTEERING,SOL_COMPUTED,NARROW_FLOAT,34,31,3.5899,5.1932,1.5,1314
gnss_raw.txt,2437,380730.600,FINESTEERING,SOL_COMPUTED,NARROW_FLOAT,34,31,3.5899,5.1932,1.6,1314
gnss_raw.txt,2437,380730.700,FINESTEERING,SOL_COMPUTED,NARROW_FLOAT,34,31,3.5899,5.1932,0.7,1314
gnss_raw.txt,2437,380730.800,FINESTEERING,SOL_COMPUTED,NARROW_FLOAT,34,31,3.5899,5.1932,0.8,1314
gnss_raw.txt,2437,380730.900,FINESTEERING,SOL_COMPUTED,NARROW_FLOAT,34,31,3.5899,5.1932,0.9,1314
gnss_raw.txt,2437,380731.000,FINESTEERING,SOL_COMPUTED,NARROW_FLOAT,34,31,3.8784,5.6107,1.0,1314
gnss_raw.txt,2437,380731.100,FINESTEERING,SOL_COMPUTED,NARROW_FLOAT,34,31,3.8784,5.6107,1.1,1314
gnss_raw.txt,2437,380731.200,FINESTEERING,SOL_COMPUTED,NARROW_FLOAT,34,31,3.8784,5.6107,1.2,1314
gnss_raw.txt,2437,380731.300,FINESTEERING,SOL_COMPUTED,NARROW_FLOAT,34,31,3.8784,5.6107,1.3,1314
gnss_raw.txt,2437,380731.400,FINESTEERING,SOL_COMPUTED,NARROW_FLOAT,34,31,3.8784,5.6107,1.4,1314
gnss_raw.txt,2437,380731.500,FINESTEERING,SOL_COMPUTED,NARROW_FLOAT,34,31,3.8784,5.6107,1.5,1314
gnss_raw.txt,2437,380731.600,FINESTEERING,SOL_COMPUTED,NARROW_FLOAT,34,31,3.8785,5.6107,1.6,1314
gnss_raw.txt,2437,380731.700,FINESTEERING,SOL_COMPUTED,NARROW_FLOAT,34,31,3.8785,5.6107,1.7,1314
gnss_raw.txt,2437,380731.800,FINESTEERING,SOL_COMPUTED,NARROW_FLOAT,34,31,3.8785,5.6107,1.8,1314
gnss_raw.txt,2437,380731.900,FINESTEERING,SOL_COMPUTED,NARROW_FLOAT,34,31,3.8785,5.6107,0.9,1314
gnss_raw.txt,2437,380732.000,FINESTEERING,SOL_COMPUTED,NARROW_FLOAT,34,31,4.1629,6.0225,1.0,1314
gnss_raw.txt,2437,380732.100,FINESTEERING,SOL_COMPUTED,NARROW_FLOAT,34,31,4.1629,6.0225,1.1,1314
gnss_raw.txt,2437,380732.200,FINESTEERING,SOL_COMPUTED,NARROW_FLOAT,34,31,4.163,6.0225,1.2,1314
gnss_raw.txt,2437,380732.300,FINESTEERING,SOL_COMPUTED,NARROW_FLOAT,34,31,4.163,6.0225,1.3,1314
gnss_raw.txt,2437,380732.400,FINESTEERING,SOL_COMPUTED,NARROW_FLOAT,34,31,4.163,6.0225,1.4,1314
gnss_raw.txt,2437,380732.500,FINESTEERING,SOL_COMPUTED,NARROW_FLOAT,34,31,4.163,6.0225,1.5,1314
gnss_raw.txt,2437,380732.600,FINESTEERING,SOL_COMPUTED,NARROW_FLOAT,34,31,4.163,6.0225,1.6,1314
gnss_raw.txt,2437,380732.700,FINESTEERING,SOL_COMPUTED,NARROW_FLOAT,34,31,4.163,6.0225,1.7,1314
gnss_raw.txt,2437,380732.800,FINESTEERING,SOL_COMPUTED,NARROW_FLOAT,34,31,4.163,6.0225,0.8,1314
gnss_raw.txt,2437,380732.900,FINESTEERING,SOL_COMPUTED,NARROW_FLOAT,34,31,4.163,6.0225,0.9,1314
gnss_raw.txt,2437,380733.000,FINESTEERING,SOL_COMPUTED,NARROW_FLOAT,34,31,4.1284,5.9728,1.0,1314
gnss_raw.txt,2437,380733.100,FINESTEERING,SOL_COMPUTED,NARROW_FLOAT,34,31,4.1284,5.9728,1.1,1314
gnss_raw.txt,2437,380733.200,FINESTEERING,SOL_COMPUTED,NARROW_FLOAT,34,31,4.1284,5.9728,1.2,1314
gnss_raw.txt,2437,380733.300,FINESTEERING,SOL_COMPUTED,NARROW_FLOAT,34,31,4.1284,5.9729,1.3,1314
gnss_raw.txt,2437,380733.400,FINESTEERING,SOL_COMPUTED,NARROW_FLOAT,34,31,4.1284,5.9729,1.4,1314
gnss_raw.txt,2437,380733.500,FINESTEERING,SOL_COMPUTED,NARROW_FLOAT,34,31,4.1284,5.9729,1.5,1314
gnss_raw.txt,2437,380733.600,FINESTEERING,SOL_COMPUTED,NARROW_FLOAT,34,31,4.1284,5.9729,1.6,1314
gnss_raw.txt,2437,380733.700,FINESTEERING,SOL_COMPUTED,NARROW_FLOAT,34,31,4.1284,5.9729,1.7,1314
gnss_raw.txt,2437,380733.800,FINESTEERING,SOL_COMPUTED,NARROW_FLOAT,34,31,4.1284,5.9729,0.8,1314
gnss_raw.txt,2437,380733.900,FINESTEERING,SOL_COMPUTED,NARROW_FLOAT,34,31,4.1285,5.9729,0.9,1314
gnss_raw.txt,2437,380734.000,FINESTEERING,SOL_COMPUTED,NARROW_FLOAT,34,31,4.0148,5.8088,1.0,1314
gnss_raw.txt,2437,380734.100,FINESTEERING,SOL_COMPUTED,NARROW_FLOAT,34,31,4.0148,5.8088,1.1,1314
gnss_raw.txt,2437,380734.200,FINESTEERING,SOL_COMPUTED,NARROW_FLOAT,34,31,4.0148,5.8088,1.2,1314
gnss_raw.txt,2437,380734.300,FINESTEERING,SOL_COMPUTED,NARROW_FLOAT,34,31,4.0148,5.8088,1.3,1314
gnss_raw.txt,2437,380734.400,FINESTEERING,SOL_COMPUTED,NARROW_FLOAT,34,31,4.0148,5.8088,1.4,1314
gnss_raw.txt,2437,380734.500,FINESTEERING,SOL_COMPUTED,NARROW_FLOAT,34,31,4.0148,5.8089,1.5,1314
gnss_raw.txt,2437,380734.600,FINESTEERING,SOL_COMPUTED,NARROW_FLOAT,34,31,4.0148,5.8089,1.6,1314
gnss_raw.txt,2437,380734.700,FINESTEERING,SOL_COMPUTED,NARROW_FLOAT,34,31,4.0148,5.8089,1.7,1314
gnss_raw.txt,2437,380734.800,FINESTEERING,SOL_COMPUTED,NARROW_FLOAT,34,31,4.0148,5.8089,1.8,1314
gnss_raw.txt,2437,380734.900,FINESTEERING,SOL_COMPUTED,NARROW_FLOAT,34,31,4.0148,5.8089,0.9,1314
gnss_raw.txt,2437,380735.000,FINESTEERING,SOL_COMPUTED,NARROW_FLOAT,34,31,3.981,5.7605,1.0,1314
gnss_raw.txt,2437,380735.100,FINESTEERING,SOL_COMPUTED,NARROW_FLOAT,34,31,3.981,5.7606,1.1,1314
gnss_raw.txt,2437,380735.200,FINESTEERING,SOL_COMPUTED,NARROW_FLOAT,34,31,3.981,5.7606,1.2,1314
gnss_raw.txt,2437,380735.300,FINESTEERING,SOL_COMPUTED,NARROW_FLOAT,34,31,3.981,5.7606,1.3,1314
gnss_raw.txt,2437,380735.400,FINESTEERING,SOL_COMPUTED,NARROW_FLOAT,34,31,3.981,5.7606,1.4,1314
gnss_raw.txt,2437,380735.500,FINESTEERING,SOL_COMPUTED,NARROW_FLOAT,34,31,3.981,5.7606,1.5,1314
gnss_raw.txt,2437,380735.600,FINESTEERING,SOL_COMPUTED,NARROW_FLOAT,34,31,3.9811,5.7606,1.6,1314
gnss_raw.txt,2437,380735.700,FINESTEERING,SOL_COMPUTED,NARROW_FLOAT,34,31,3.9811,5.7606,0.7,1314
gnss_raw.txt,2437,380735.800,FINESTEERING,SOL_COMPUTED,NARROW_FLOAT,34,31,3.9811,5.7606,0.8,1314
gnss_raw.txt,2437,380735.900,FINESTEERING,SOL_COMPUTED,NARROW_FLOAT,34,31,3.9811,5.7606,0.9,1314
gnss_raw.txt,2437,380736.000,FINESTEERING,SOL_COMPUTED,NARROW_FLOAT,33,30,4.1988,6.0763,1.0,1314
gnss_raw.txt,2437,380736.100,FINESTEERING,SOL_COMPUTED,NARROW_FLOAT,33,30,4.1988,6.0763,1.1,1314
gnss_raw.txt,2437,380736.200,FINESTEERING,SOL_COMPUTED,NARROW_FLOAT,33,30,4.1988,6.0763,1.2,1314
gnss_raw.txt,2437,380736.300,FINESTEERING,SOL_COMPUTED,NARROW_FLOAT,33,30,4.1988,6.0763,1.3,1314
gnss_raw.txt,2437,380736.400,FINESTEERING,SOL_COMPUTED,NARROW_FLOAT,33,30,4.1988,6.0763,1.4,1314
gnss_raw.txt,2437,380736.500,FINESTEERING,SOL_COMPUTED,NARROW_FLOAT,33,30,4.1988,6.0763,1.5,1314
gnss_raw.txt,2437,380736.600,FINESTEERING,SOL_COMPUTED,NARROW_FLOAT,33,30,4.1988,6.0763,1.6,1314
gnss_raw.txt,2437,380736.700,FINESTEERING,SOL_COMPUTED,NARROW_FLOAT,33,30,4.1988,6.0763,1.7,1314
gnss_raw.txt,2437,380736.800,FINESTEERING,SOL_COMPUTED,NARROW_FLOAT,33,30,4.1988,6.0763,1.8,1314
gnss_raw.txt,2437,380736.900,FINESTEERING,SOL_COMPUTED,NARROW_FLOAT,33,30,4.1988,6.0763,0.9,1314
gnss_raw.txt,2437,380737.000,FINESTEERING,SOL_COMPUTED,NARROW_FLOAT,33,30,4.7651,6.8966,1.0,1314
gnss_raw.txt,2437,380737.100,FINESTEERING,SOL_COMPUTED,NARROW_FLOAT,33,30,4.7651,6.8966,1.1,1314
gnss_raw.txt,2437,380737.200,FINESTEERING,SOL_COMPUTED,NARROW_FLOAT,33,30,4.7651,6.8966,1.2,1314
gnss_raw.txt,2437,380737.300,FINESTEERING,SOL_COMPUTED,NARROW_FLOAT,33,30,4.7651,6.8966,1.3,1314
gnss_raw.txt,2437,380737.400,FINESTEERING,SOL_COMPUTED,NARROW_FLOAT,33,30,4.7651,6.8966,1.4,1314
gnss_raw.txt,2437,380737.500,FINESTEERING,SOL_COMPUTED,NARROW_FLOAT,33,30,4.7651,6.8967,1.5,1314
gnss_raw.txt,2437,380737.600,FINESTEERING,SOL_COMPUTED,NARROW_FLOAT,33,30,4.7651,6.8967,1.6,1314
gnss_raw.txt,2437,380737.700,FINESTEERING,SOL_COMPUTED,NARROW_FLOAT,33,30,4.7651,6.8967,1.7,1314
gnss_raw.txt,2437,380737.800,FINESTEERING,SOL_COMPUTED,NARROW_FLOAT,33,30,4.7651,6.8967,1.8,1314
gnss_raw.txt,2437,380737.900,FINESTEERING,SOL_COMPUTED,NARROW_FLOAT,33,30,4.7651,6.8967,0.9,1314
gnss_raw.txt,2437,380738.000,FINESTEERING,SOL_COMPUTED,NARROW_FLOAT,33,30,4.7126,6.8218,1.0,1314
gnss_raw.txt,2437,380738.100,FINESTEERING,SOL_COMPUTED,NARROW_FLOAT,33,30,4.7126,6.8218,1.1,1314
gnss_raw.txt,2437,380738.200,FINESTEERING,SOL_COMPUTED,NARROW_FLOAT,33,30,4.7126,6.8218,1.2,1314
gnss_raw.txt,2437,380738.300,FINESTEERING,SOL_COMPUTED,NARROW_FLOAT,33,30,4.7126,6.8218,1.3,1314
gnss_raw.txt,2437,380738.400,FINESTEERING,SOL_COMPUTED,NARROW_FLOAT,33,30,4.7126,6.8218,1.4,1314
gnss_raw.txt,2437,380738.500,FINESTEERING,SOL_COMPUTED,NARROW_FLOAT,33,30,4.7126,6.8218,1.5,1314
gnss_raw.txt,2437,380738.600,FINESTEERING,SOL_COMPUTED,NARROW_FLOAT,33,30,4.7126,6.8218,1.6,1314
gnss_raw.txt,2437,380738.700,FINESTEERING,SOL_COMPUTED,NARROW_FLOAT,33,30,4.7126,6.8218,1.7,1314
gnss_raw.txt,2437,380738.800,FINESTEERING,SOL_COMPUTED,NARROW_FLOAT,33,30,4.7126,6.8218,1.8,1314
gnss_raw.txt,2437,380738.900,FINESTEERING,SOL_COMPUTED,NARROW_FLOAT,33,30,4.7126,6.8218,1.9,1314
gnss_raw.txt,2437,380739.000,FINESTEERING,SOL_COMPUTED,NARROW_FLOAT,33,30,4.8604,7.0394,1.0,1314
gnss_raw.txt,2437,380739.100,FINESTEERING,SOL_COMPUTED,NARROW_FLOAT,33,30,4.8604,7.0394,1.1,1314
gnss_raw.txt,2437,380739.200,FINESTEERING,SOL_COMPUTED,NARROW_FLOAT,33,30,4.8604,7.0394,1.2,1314
gnss_raw.txt,2437,380739.300,FINESTEERING,SOL_COMPUTED,NARROW_FLOAT,33,30,4.8604,7.0394,1.3,1314
gnss_raw.txt,2437,380739.400,FINESTEERING,SOL_COMPUTED,NARROW_FLOAT,33,30,4.8604,7.0394,1.4,1314
gnss_raw.txt,2437,380739.500,FINESTEERING,SOL_COMPUTED,NARROW_FLOAT,33,30,4.8604,7.0395,1.5,1314
gnss_raw.txt,2437,380739.600,FINESTEERING,SOL_COMPUTED,NARROW_FLOAT,33,30,4.8604,7.0395,1.6,1314
gnss_raw.txt,2437,380739.700,FINESTEERING,SOL_COMPUTED,NARROW_FLOAT,33,30,4.8604,7.0395,1.7,1314
gnss_raw.txt,2437,380739.800,FINESTEERING,SOL_COMPUTED,NARROW_FLOAT,33,30,4.8604,7.0395,1.8,1314
gnss_raw.txt,2437,380739.900,FINESTEERING,SOL_COMPUTED,NARROW_FLOAT,33,30,4.8604,7.0395,0.9,1314
gnss_raw.txt,2437,380740.000,FINESTEERING,SOL_COMPUTED,NARROW_FLOAT,33,30,4.7776,6.9212,1.0,1314
gnss_raw.txt,2437,380740.100,FINESTEERING,SOL_COMPUTED,NARROW_FLOAT,33,30,4.7776,6.9212,1.1,1314
gnss_raw.txt,2437,380740.200,FINESTEERING,SOL_COMPUTED,NARROW_FLOAT,33,30,4.7776,6.9212,1.2,1314
gnss_raw.txt,2437,380740.300,FINESTEERING,SOL_COMPUTED,NARROW_FLOAT,34,31,4.7776,6.9212,1.3,1314
gnss_raw.txt,2437,380740.400,FINESTEERING,SOL_COMPUTED,NARROW_FLOAT,34,31,4.7776,6.9212,1.4,1314
gnss_raw.txt,2437,380740.500,FINESTEERING,SOL_COMPUTED,NARROW_FLOAT,34,31,4.7776,6.9212,1.5,1314
gnss_raw.txt,2437,380740.600,FINESTEERING,SOL_COMPUTED,NARROW_FLOAT,34,31,4.7776,6.9212,1.6,1314
gnss_raw.txt,2437,380740.700,FINESTEERING,SOL_COMPUTED,NARROW_FLOAT,34,31,4.7776,6.9212,1.7,1314
gnss_raw.txt,2437,380740.800,FINESTEERING,SOL_COMPUTED,NARROW_FLOAT,34,31,4.7776,6.9212,1.8,1314
gnss_raw.txt,2437,380740.900,FINESTEERING,SOL_COMPUTED,NARROW_FLOAT,34,31,4.7776,6.9212,0.9,1314
gnss_raw.txt,2437,380741.000,FINESTEERING,SOL_COMPUTED,NARROW_FLOAT,34,31,5.2673,7.6322,1.0,1314
gnss_raw.txt,2437,380741.100,FINESTEERING,SOL_COMPUTED,NARROW_FLOAT,34,31,5.2673,7.6322,1.1,1314
gnss_raw.txt,2437,380741.200,FINESTEERING,SOL_COMPUTED,NARROW_FLOAT,34,31,5.2673,7.6322,1.2,1314
gnss_raw.txt,2437,380741.300,FINESTEERING,SOL_COMPUTED,NARROW_FLOAT,34,31,5.2673,7.6322,1.3,1314
gnss_raw.txt,2437,380741.400,FINESTEERING,SOL_COMPUTED,NARROW_FLOAT,34,31,5.2673,7.6322,1.4,1314
gnss_raw.txt,2437,380741.500,FINESTEERING,SOL_COMPUTED,NARROW_FLOAT,34,31,5.2673,7.6322,1.5,1314
gnss_raw.txt,2437,380741.600,FINESTEERING,SOL_COMPUTED,NARROW_FLOAT,33,30,5.2673,7.6322,1.6,1314
gnss_raw.txt,2437,380741.700,FINESTEERING,SOL_COMPUTED,NARROW_FLOAT,33,30,5.2673,7.6322,0.7,1314
gnss_raw.txt,2437,380741.800,FINESTEERING,SOL_COMPUTED,NARROW_FLOAT,33,30,5.2673,7.6322,0.8,1314
gnss_raw.txt,2437,380741.900,FINESTEERING,SOL_COMPUTED,NARROW_FLOAT,33,30,5.2673,7.6322,0.9,1314
gnss_raw.txt,2437,380742.000,FINESTEERING,SOL_COMPUTED,NARROW_FLOAT,33,30,6.4298,9.3187,1.0,1314
gnss_raw.txt,2437,380742.100,FINESTEERING,SOL_COMPUTED,NARROW_FLOAT,33,30,6.4298,9.3187,1.1,1314
gnss_raw.txt,2437,380742.200,FINESTEERING,SOL_COMPUTED,NARROW_FLOAT,33,30,6.4298,9.3187,1.2,1314
gnss_raw.txt,2437,380742.300,FINESTEERING,SOL_COMPUTED,NARROW_FLOAT,33,30,6.4298,9.3187,1.3,1314
gnss_raw.txt,2437,380742.400,FINESTEERING,SOL_COMPUTED,NARROW_FLOAT,33,30,6.4299,9.3187,1.4,1314
gnss_raw.txt,2437,380742.500,FINESTEERING,SOL_COMPUTED,NARROW_FLOAT,33,30,6.4299,9.3187,1.5,1314
gnss_raw.txt,2437,380742.600,FINESTEERING,SOL_COMPUTED,NARROW_FLOAT,33,30,6.4299,9.3188,1.6,1314
gnss_raw.txt,2437,380742.700,FINESTEERING,SOL_COMPUTED,NARROW_FLOAT,33,30,6.4299,9.3188,1.7,1314
gnss_raw.txt,2437,380742.800,FINESTEERING,SOL_COMPUTED,NARROW_FLOAT,33,30,6.4299,9.3188,0.8,1314
gnss_raw.txt,2437,380742.900,FINESTEERING,SOL_COMPUTED,NARROW_FLOAT,33,30,6.4299,9.3188,0.9,1314
gnss_raw.txt,2437,380743.000,FINESTEERING,SOL_COMPUTED,NARROW_FLOAT,33,30,5.9089,8.5609,1.0,1314
gnss_raw.txt,2437,380743.100,FINESTEERING,SOL_COMPUTED,NARROW_FLOAT,33,30,5.9089,8.5609,1.1,1314
gnss_raw.txt,2437,380743.200,FINESTEERING,SOL_COMPUTED,NARROW_FLOAT,33,30,5.9089,8.5609,1.2,1314
gnss_raw.txt,2437,380743.300,FINESTEERING,SOL_COMPUTED,NARROW_FLOAT,33,30,5.9089,8.561,1.3,1314
gnss_raw.txt,2437,380743.400,FINESTEERING,SOL_COMPUTED,NARROW_FLOAT,33,30,5.9089,8.561,1.4,1314
gnss_raw.txt,2437,380743.500,FINESTEERING,SOL_COMPUTED,NARROW_FLOAT,33,30,5.9089,8.561,1.5,1314
gnss_raw.txt,2437,380743.600,FINESTEERING,SOL_COMPUTED,NARROW_FLOAT,33,30,5.9089,8.561,1.6,1314
gnss_raw.txt,2437,380743.700,FINESTEERING,SOL_COMPUTED,NARROW_FLOAT,33,30,5.9089,8.561,1.7,1314
gnss_raw.txt,2437,380743.800,FINESTEERING,SOL_COMPUTED,NARROW_FLOAT,33,30,5.9089,8.561,0.8,1314
gnss_raw.txt,2437,380743.900,FINESTEERING,SOL_COMPUTED,NARROW_FLOAT,33,30,5.9089,8.561,0.9,1314
gnss_raw.txt,2437,380744.000,FINESTEERING,SOL_COMPUTED,NARROW_FLOAT,33,30,5.586,8.1317,1.0,1314
gnss_raw.txt,2437,380744.100,FINESTEERING,SOL_COMPUTED,NARROW_FLOAT,33,30,5.586,8.1317,1.1,1314
gnss_raw.txt,2437,380744.200,FINESTEERING,SOL_COMPUTED,NARROW_FLOAT,33,30,5.586,8.1317,1.2,1314
gnss_raw.txt,2437,380744.300,FINESTEERING,SOL_COMPUTED,NARROW_FLOAT,33,30,5.586,8.1317,1.3,1314
gnss_raw.txt,2437,380744.400,FINESTEERING,SOL_COMPUTED,NARROW_FLOAT,33,30,5.586,8.1317,1.4,1314
gnss_raw.txt,2437,380744.500,FINESTEERING,SOL_COMPUTED,NARROW_FLOAT,33,30,5.586,8.1317,1.5,1314
gnss_raw.txt,2437,380744.600,FINESTEERING,SOL_COMPUTED,NARROW_FLOAT,33,30,5.586,8.1317,1.6,1314
gnss_raw.txt,2437,380744.700,FINESTEERING,SOL_COMPUTED,NARROW_FLOAT,33,30,5.586,8.1317,1.7,1314
gnss_raw.txt,2437,380744.800,FINESTEERING,SOL_COMPUTED,NARROW_FLOAT,33,30,5.586,8.1317,0.8,1314
gnss_raw.txt,2437,380744.900,FINESTEERING,SOL_COMPUTED,NARROW_FLOAT,33,30,5.586,8.1318,0.9,1314
gnss_raw.txt,2437,380745.000,FINESTEERING,SOL_COMPUTED,NARROW_FLOAT,33,30,5.6596,8.264,1.0,1314
gnss_raw.txt,2437,380745.100,FINESTEERING,SOL_COMPUTED,NARROW_FLOAT,33,30,5.6596,8.264,1.1,1314
gnss_raw.txt,2437,380745.200,FINESTEERING,SOL_COMPUTED,NARROW_FLOAT,33,30,5.6596,8.264,1.2,1314
gnss_raw.txt,2437,380745.300,FINESTEERING,SOL_COMPUTED,NARROW_FLOAT,33,30,5.6596,8.264,1.3,1314
gnss_raw.txt,2437,380745.400,FINESTEERING,SOL_COMPUTED,NARROW_FLOAT,33,30,5.6596,8.264,1.4,1314
gnss_raw.txt,2437,380745.500,FINESTEERING,SOL_COMPUTED,NARROW_FLOAT,33,30,5.6596,8.264,1.5,1314
gnss_raw.txt,2437,380745.600,FINESTEERING,SOL_COMPUTED,NARROW_FLOAT,33,30,5.6596,8.264,1.6,1314
gnss_raw.txt,2437,380745.700,FINESTEERING,SOL_COMPUTED,NARROW_FLOAT,33,30,5.6596,8.264,0.7,1314
gnss_raw.txt,2437,380745.800,FINESTEERING,SOL_COMPUTED,NARROW_FLOAT,32,29,5.6596,8.264,0.8,1314
gnss_raw.txt,2437,380745.900,FINESTEERING,SOL_COMPUTED,NARROW_FLOAT,32,29,5.6596,8.264,0.9,1314
gnss_raw.txt,2437,380746.000,FINESTEERING,SOL_COMPUTED,NARROW_FLOAT,31,28,5.962,8.6898,1.0,1314
gnss_raw.txt,2437,380746.100,FINESTEERING,SOL_COMPUTED,NARROW_FLOAT,31,28,5.962,8.6898,1.1,1314
gnss_raw.txt,2437,380746.200,FINESTEERING,SOL_COMPUTED,NARROW_FLOAT,31,28,5.962,8.6898,1.2,1314
gnss_raw.txt,2437,380746.300,FINESTEERING,SOL_COMPUTED,NARROW_FLOAT,31,28,5.962,8.6898,1.3,1314
gnss_raw.txt,2437,380746.400,FINESTEERING,SOL_COMPUTED,NARROW_FLOAT,31,28,5.962,8.6898,1.4,1314
gnss_raw.txt,2437,380746.500,FINESTEERING,SOL_COMPUTED,NARROW_FLOAT,31,28,5.962,8.6898,1.5,1314
gnss_raw.txt,2437,380746.600,FINESTEERING,SOL_COMPUTED,NARROW_FLOAT,31,28,5.962,8.6898,1.6,1314
gnss_raw.txt,2437,380746.700,FINESTEERING,SOL_COMPUTED,NARROW_FLOAT,31,28,5.962,8.6898,0.7,1314
gnss_raw.txt,2437,380746.800,FINESTEERING,SOL_COMPUTED,NARROW_FLOAT,31,28,5.962,8.6898,0.8,1314
gnss_raw.txt,2437,380746.900,FINESTEERING,SOL_COMPUTED,NARROW_FLOAT,32,29,5.962,8.6898,0.9,1314
gnss_raw.txt,2437,380747.000,FINESTEERING,SOL_COMPUTED,NARROW_FLOAT,32,29,6.0296,8.7728,1.0,1314
gnss_raw.txt,2437,380747.100,FINESTEERING,SOL_COMPUTED,NARROW_FLOAT,32,29,6.0296,8.7728,1.1,1314
gnss_raw.txt,2437,380747.200,FINESTEERING,SOL_COMPUTED,NARROW_FLOAT,31,28,6.0296,8.7728,1.2,1314
gnss_raw.txt,2437,380747.300,FINESTEERING,SOL_COMPUTED,NARROW_FLOAT,31,28,6.0296,8.7728,1.3,1314
gnss_raw.txt,2437,380747.400,FINESTEERING,SOL_COMPUTED,NARROW_FLOAT,31,28,6.0296,8.7729,1.4,1314
gnss_raw.txt,2437,380747.500,FINESTEERING,SOL_COMPUTED,NARROW_FLOAT,31,28,6.0296,8.7729,1.5,1314
gnss_raw.txt,2437,380747.600,FINESTEERING,SOL_COMPUTED,NARROW_FLOAT,31,28,6.0296,8.7729,1.6,1314
gnss_raw.txt,2437,380747.700,FINESTEERING,SOL_COMPUTED,NARROW_FLOAT,31,28,6.0297,8.7729,1.7,1314
gnss_raw.txt,2437,380747.800,FINESTEERING,SOL_COMPUTED,NARROW_FLOAT,31,28,6.0297,8.7729,0.8,1314
gnss_raw.txt,2437,380747.900,FINESTEERING,SOL_COMPUTED,NARROW_FLOAT,31,28,6.0297,8.7729,0.9,1314
gnss_raw.txt,2437,380748.000,FINESTEERING,SOL_COMPUTED,NARROW_FLOAT,31,28,5.4372,7.921,1.0,1314
gnss_raw.txt,2437,380748.100,FINESTEERING,SOL_COMPUTED,NARROW_FLOAT,31,28,5.4372,7.921,1.1,1314
gnss_raw.txt,2437,380748.200,FINESTEERING,SOL_COMPUTED,NARROW_FLOAT,31,28,5.4372,7.921,1.2,1314
gnss_raw.txt,2437,380748.300,FINESTEERING,SOL_COMPUTED,NARROW_FLOAT,31,28,5.4372,7.921,1.3,1314
gnss_raw.txt,2437,380748.400,FINESTEERING,SOL_COMPUTED,NARROW_FLOAT,31,28,5.4372,7.921,1.4,1314
gnss_raw.txt,2437,380748.500,FINESTEERING,SOL_COMPUTED,NARROW_FLOAT,31,28,5.4372,7.921,1.5,1314
gnss_raw.txt,2437,380748.600,FINESTEERING,SOL_COMPUTED,NARROW_FLOAT,31,28,5.4372,7.921,1.6,1314
gnss_raw.txt,2437,380748.700,FINESTEERING,SOL_COMPUTED,NARROW_FLOAT,31,28,5.4372,7.921,1.7,1314
gnss_raw.txt,2437,380748.800,FINESTEERING,SOL_COMPUTED,NARROW_FLOAT,31,28,5.4372,7.921,1.8,1314
gnss_raw.txt,2437,380748.900,FINESTEERING,SOL_COMPUTED,NARROW_FLOAT,31,28,5.4372,7.921,1.9,1314
gnss_raw.txt,2437,380749.000,FINESTEERING,SOL_COMPUTED,NARROW_FLOAT,31,28,4.0927,6.0456,2.0,1314
gnss_raw.txt,2437,380749.100,FINESTEERING,SOL_COMPUTED,NARROW_FLOAT,31,28,4.0927,6.0456,2.1,1314
gnss_raw.txt,2437,380749.200,FINESTEERING,SOL_COMPUTED,NARROW_FLOAT,31,28,4.0927,6.0456,1.2,1314
gnss_raw.txt,2437,380749.300,FINESTEERING,SOL_COMPUTED,NARROW_FLOAT,31,28,4.0927,6.0456,1.3,1314
gnss_raw.txt,2437,380749.400,FINESTEERING,SOL_COMPUTED,NARROW_FLOAT,31,28,4.0927,6.0456,1.4,1314
gnss_raw.txt,2437,380749.500,FINESTEERING,SOL_COMPUTED,NARROW_FLOAT,31,28,4.0927,6.0456,1.5,1314
gnss_raw.txt,2437,380749.600,FINESTEERING,SOL_COMPUTED,NARROW_FLOAT,31,28,4.0927,6.0457,1.6,1314
gnss_raw.txt,2437,380749.700,FINESTEERING,SOL_COMPUTED,NARROW_FLOAT,31,28,4.0927,6.0457,1.7,1314
gnss_raw.txt,2437,380749.800,FINESTEERING,SOL_COMPUTED,NARROW_FLOAT,30,27,4.0927,6.0457,0.8,1314
gnss_raw.txt,2437,380749.900,FINESTEERING,SOL_COMPUTED,NARROW_FLOAT,30,27,4.0927,6.0457,0.9,1314
gnss_raw.txt,2437,380750.000,FINESTEERING,SOL_COMPUTED,NARROW_FLOAT,31,28,2.6985,3.9937,1.0,1314
gnss_raw.txt,2437,380750.100,FINESTEERING,SOL_COMPUTED,NARROW_FLOAT,31,28,2.6985,3.9937,1.1,1314
gnss_raw.txt,2437,380750.200,FINESTEERING,SOL_COMPUTED,NARROW_FLOAT,31,28,2.6985,3.9937,1.2,1314
gnss_raw.txt,2437,380750.300,FINESTEERING,SOL_COMPUTED,NARROW_FLOAT,31,28,2.6985,3.9937,1.3,1314
gnss_raw.txt,2437,380750.400,FINESTEERING,SOL_COMPUTED,NARROW_FLOAT,30,27,2.6985,3.9937,1.4,1314
gnss_raw.txt,2437,380750.500,FINESTEERING,SOL_COMPUTED,NARROW_FLOAT,31,28,2.6985,3.9938,1.5,1314
gnss_raw.txt,2437,380750.600,FINESTEERING,SOL_COMPUTED,NARROW_FLOAT,30,27,2.6985,3.9938,1.6,1314
gnss_raw.txt,2437,380750.700,FINESTEERING,SOL_COMPUTED,NARROW_FLOAT,31,28,2.6985,3.9938,0.7,1314
gnss_raw.txt,2437,380750.800,FINESTEERING,SOL_COMPUTED,NARROW_FLOAT,31,28,2.6985,3.9938,0.8,1314
gnss_raw.txt,2437,380750.900,FINESTEERING,SOL_COMPUTED,NARROW_FLOAT,30,27,2.6985,3.9938,0.9,1314
gnss_raw.txt,2437,380751.000,FINESTEERING,SOL_COMPUTED,NARROW_FLOAT,30,27,2.3489,3.4794,1.0,1314
gnss_raw.txt,2437,380751.100,FINESTEERING,SOL_COMPUTED,NARROW_FLOAT,30,27,2.3489,3.4794,1.1,1314
gnss_raw.txt,2437,380751.200,FINESTEERING,SOL_COMPUTED,NARROW_FLOAT,30,27,2.3489,3.4794,1.2,1314
gnss_raw.txt,2437,380751.300,FINESTEERING,SOL_COMPUTED,NARROW_FLOAT,30,27,2.3489,3.4794,1.3,1314
gnss_raw.txt,2437,380751.400,FINESTEERING,SOL_COMPUTED,NARROW_FLOAT,30,27,2.3489,3.4794,1.4,1314
gnss_raw.txt,2437,380751.500,FINESTEERING,SOL_COMPUTED,NARROW_FLOAT,30,27,2.3489,3.4794,1.5,1314
gnss_raw.txt,2437,380751.600,FINESTEERING,SOL_COMPUTED,NARROW_FLOAT,30,27,2.3489,3.4794,1.6,1314
gnss_raw.txt,2437,380751.700,FINESTEERING,SOL_COMPUTED,NARROW_FLOAT,32,29,2.3489,3.4794,1.7,1314
gnss_raw.txt,2437,380751.800,FINESTEERING,SOL_COMPUTED,NARROW_FLOAT,32,29,2.3489,3.4794,1.8,1314
gnss_raw.txt,2437,380751.900,FINESTEERING,SOL_COMPUTED,NARROW_FLOAT,32,29,2.3489,3.4794,0.9,1314
gnss_raw.txt,2437,380752.000,FINESTEERING,SOL_COMPUTED,NARROW_FLOAT,32,29,2.2916,3.398,1.0,1314
gnss_raw.txt,2437,380752.100,FINESTEERING,SOL_COMPUTED,NARROW_FLOAT,32,29,2.2917,3.398,1.1,1314
gnss_raw.txt,2437,380752.200,FINESTEERING,SOL_COMPUTED,NARROW_FLOAT,32,29,2.2917,3.398,1.2,1314
gnss_raw.txt,2437,380752.300,FINESTEERING,SOL_COMPUTED,NARROW_FLOAT,32,29,2.2917,3.398,1.3,1314
gnss_raw.txt,2437,380752.400,FINESTEERING,SOL_COMPUTED,NARROW_FLOAT,32,29,2.2917,3.398,1.4,1314
gnss_raw.txt,2437,380752.500,FINESTEERING,SOL_COMPUTED,NARROW_FLOAT,32,29,2.2917,3.398,1.5,1314
gnss_raw.txt,2437,380752.600,FINESTEERING,SOL_COMPUTED,NARROW_FLOAT,32,29,2.2917,3.398,1.6,1314
gnss_raw.txt,2437,380752.700,FINESTEERING,SOL_COMPUTED,NARROW_FLOAT,32,29,2.2917,3.398,1.7,1314
gnss_raw.txt,2437,380752.800,FINESTEERING,SOL_COMPUTED,NARROW_FLOAT,32,29,2.2917,3.398,1.8,1314
gnss_raw.txt,2437,380752.900,FINESTEERING,SOL_COMPUTED,NARROW_FLOAT,32,29,2.2917,3.3981,0.9,1314
gnss_raw.txt,2437,380753.000,FINESTEERING,SOL_COMPUTED,NARROW_FLOAT,32,29,2.3287,3.4583,1.0,1314
gnss_raw.txt,2437,380753.100,FINESTEERING,SOL_COMPUTED,NARROW_FLOAT,32,29,2.3287,3.4583,1.1,1314
gnss_raw.txt,2437,380753.200,FINESTEERING,SOL_COMPUTED,NARROW_FLOAT,32,29,2.3287,3.4583,1.2,1314
gnss_raw.txt,2437,380753.300,FINESTEERING,SOL_COMPUTED,NARROW_FLOAT,32,29,2.3287,3.4583,1.3,1314
gnss_raw.txt,2437,380753.400,FINESTEERING,SOL_COMPUTED,NARROW_FLOAT,32,29,2.3287,3.4583,1.4,1314
gnss_raw.txt,2437,380753.500,FINESTEERING,SOL_COMPUTED,NARROW_FLOAT,32,29,2.3287,3.4583,1.5,1314
gnss_raw.txt,2437,380753.600,FINESTEERING,SOL_COMPUTED,NARROW_FLOAT,32,29,2.3287,3.4583,1.6,1314
gnss_raw.txt,2437,380753.700,FINESTEERING,SOL_COMPUTED,NARROW_FLOAT,32,29,2.3287,3.4583,1.7,1314
gnss_raw.txt,2437,380753.800,FINESTEERING,SOL_COMPUTED,NARROW_FLOAT,32,29,2.3287,3.4583,1.8,1314
gnss_raw.txt,2437,380753.900,FINESTEERING,SOL_COMPUTED,NARROW_FLOAT,31,28,2.3287,3.4583,0.9,1314
gnss_raw.txt,2437,380754.000,FINESTEERING,SOL_COMPUTED,NARROW_FLOAT,31,28,2.4539,3.7051,1.0,1314
gnss_raw.txt,2437,380754.100,FINESTEERING,SOL_COMPUTED,NARROW_FLOAT,31,28,2.4539,3.7051,1.1,1314
gnss_raw.txt,2437,380754.200,FINESTEERING,SOL_COMPUTED,NARROW_FLOAT,31,28,2.4539,3.7051,1.2,1314
gnss_raw.txt,2437,380754.300,FINESTEERING,SOL_COMPUTED,NARROW_FLOAT,31,28,2.4539,3.7051,1.3,1314
gnss_raw.txt,2437,380754.400,FINESTEERING,SOL_COMPUTED,NARROW_FLOAT,31,28,2.4539,3.7051,1.4,1314
gnss_raw.txt,2437,380754.500,FINESTEERING,SOL_COMPUTED,NARROW_FLOAT,31,28,2.4539,3.7051,1.5,1314
gnss_raw.txt,2437,380754.600,FINESTEERING,SOL_COMPUTED,NARROW_FLOAT,31,28,2.4539,3.7051,1.6,1314
gnss_raw.txt,2437,380754.700,FINESTEERING,SOL_COMPUTED,NARROW_FLOAT,31,28,2.4539,3.7051,1.7,1314
gnss_raw.txt,2437,380754.800,FINESTEERING,SOL_COMPUTED,NARROW_FLOAT,31,28,2.4539,3.7052,1.8,1314
gnss_raw.txt,2437,380754.900,FINESTEERING,SOL_COMPUTED,NARROW_FLOAT,31,28,2.4539,3.7052,0.9,1314
gnss_raw.txt,2437,380755.000,FINESTEERING,SOL_COMPUTED,NARROW_FLOAT,31,28,2.9584,4.4503,1.0,1314
gnss_raw.txt,2437,380755.100,FINESTEERING,SOL_COMPUTED,NARROW_FLOAT,31,28,2.9584,4.4503,1.1,1314
gnss_raw.txt,2437,380755.200,FINESTEERING,SOL_COMPUTED,NARROW_FLOAT,31,28,2.9584,4.4503,1.2,1314
gnss_raw.txt,2437,380755.300,FINESTEERING,SOL_COMPUTED,NARROW_FLOAT,31,28,2.9584,4.4503,1.3,1314
gnss_raw.txt,2437,380755.400,FINESTEERING,SOL_COMPUTED,NARROW_FLOAT,32,29,2.9584,4.4503,1.4,1314
gnss_raw.txt,2437,380755.500,FINESTEERING,SOL_COMPUTED,NARROW_FLOAT,32,29,2.9584,4.4503,1.5,1314
gnss_raw.txt,2437,380755.600,FINESTEERING,SOL_COMPUTED,NARROW_FLOAT,32,29,2.9584,4.4503,1.6,1314
gnss_raw.txt,2437,380755.700,FINESTEERING,SOL_COMPUTED,NARROW_FLOAT,32,29,2.9584,4.4503,1.7,1314
gnss_raw.txt,2437,380755.800,FINESTEERING,SOL_COMPUTED,NARROW_FLOAT,32,29,2.9584,4.4503,1.8,1314
gnss_raw.txt,2437,380755.900,FINESTEERING,SOL_COMPUTED,NARROW_FLOAT,32,29,2.9584,4.4504,0.9,1314
gnss_raw.txt,2437,380756.000,FINESTEERING,SOL_COMPUTED,NARROW_FLOAT,32,29,3.759,5.6267,1.0,1314
gnss_raw.txt,2437,380756.100,FINESTEERING,SOL_COMPUTED,NARROW_FLOAT,32,29,3.759,5.6267,1.1,1314
gnss_raw.txt,2437,380756.200,FINESTEERING,SOL_COMPUTED,NARROW_FLOAT,32,29,3.759,5.6267,1.2,1314
gnss_raw.txt,2437,380756.300,FINESTEERING,SOL_COMPUTED,NARROW_FLOAT,32,29,3.759,5.6267,1.3,1314
gnss_raw.txt,2437,380756.400,FINESTEERING,SOL_COMPUTED,NARROW_FLOAT,31,28,3.759,5.6267,1.4,1314
gnss_raw.txt,2437,380756.500,FINESTEERING,SOL_COMPUTED,NARROW_FLOAT,31,28,3.759,5.6267,1.5,1314
gnss_raw.txt,2437,380756.600,FINESTEERING,SOL_COMPUTED,NARROW_FLOAT,31,28,3.7591,5.6267,1.6,1314
gnss_raw.txt,2437,380756.700,FINESTEERING,SOL_COMPUTED,NARROW_FLOAT,31,28,3.7591,5.6267,0.7,1314
gnss_raw.txt,2437,380756.800,FINESTEERING,SOL_COMPUTED,NARROW_FLOAT,31,28,3.7591,5.6267,0.8,1314
gnss_raw.txt,2437,380756.900,FINESTEERING,SOL_COMPUTED,NARROW_FLOAT,31,28,3.7591,5.6267,0.9,1314
gnss_raw.txt,2437,380757.000,FINESTEERING,SOL_COMPUTED,NARROW_FLOAT,31,28,4.8584,7.2578,1.0,1314
gnss_raw.txt,2437,380757.100,FINESTEERING,SOL_COMPUTED,NARROW_FLOAT,31,28,4.8584,7.2578,1.1,1314
gnss_raw.txt,2437,380757.200,FINESTEERING,SOL_COMPUTED,NARROW_FLOAT,31,28,4.8584,7.2578,1.2,1314
gnss_raw.txt,2437,380757.300,FINESTEERING,SOL_COMPUTED,NARROW_FLOAT,31,28,4.8584,7.2578,1.3,1314
gnss_raw.txt,2437,380757.400,FINESTEERING,SOL_COMPUTED,NARROW_FLOAT,31,28,4.8584,7.2578,1.4,1314
gnss_raw.txt,2437,380757.500,FINESTEERING,SOL_COMPUTED,NARROW_FLOAT,31,28,4.8584,7.2578,1.5,1314
gnss_raw.txt,2437,380757.600,FINESTEERING,SOL_COMPUTED,NARROW_FLOAT,31,28,4.8584,7.2578,1.6,1314
gnss_raw.txt,2437,380757.700,FINESTEERING,SOL_COMPUTED,NARROW_FLOAT,31,28,4.8584,7.2579,1.7,1314
gnss_raw.txt,2437,380757.800,FINESTEERING,SOL_COMPUTED,NARROW_FLOAT,31,28,4.8584,7.2579,1.8,1314
gnss_raw.txt,2437,380757.900,FINESTEERING,SOL_COMPUTED,NARROW_FLOAT,31,28,4.8584,7.2579,0.9,1314
gnss_raw.txt,2437,380758.000,FINESTEERING,SOL_COMPUTED,NARROW_FLOAT,31,28,2.709,4.0589,1.0,1314
gnss_raw.txt,2437,380758.100,FINESTEERING,SOL_COMPUTED,NARROW_FLOAT,31,28,2.709,4.0589,1.1,1314
gnss_raw.txt,2437,380758.200,FINESTEERING,SOL_COMPUTED,NARROW_FLOAT,31,28,2.709,4.0589,1.2,1314
gnss_raw.txt,2437,380758.300,FINESTEERING,SOL_COMPUTED,NARROW_FLOAT,31,28,2.709,4.0589,1.3,1314
gnss_raw.txt,2437,380758.400,FINESTEERING,SOL_COMPUTED,NARROW_FLOAT,31,28,2.709,4.0589,1.4,1314
gnss_raw.txt,2437,380758.500,FINESTEERING,SOL_COMPUTED,NARROW_FLOAT,31,28,2.709,4.0589,1.5,1314
gnss_raw.txt,2437,380758.600,FINESTEERING,SOL_COMPUTED,NARROW_FLOAT,31,28,2.709,4.0589,1.6,1314
gnss_raw.txt,2437,380758.700,FINESTEERING,SOL_COMPUTED,NARROW_FLOAT,31,28,2.7091,4.0589,0.7,1314
gnss_raw.txt,2437,380758.800,FINESTEERING,SOL_COMPUTED,NARROW_FLOAT,31,28,2.7091,4.0589,0.8,1314
gnss_raw.txt,2437,380758.900,FINESTEERING,SOL_COMPUTED,NARROW_FLOAT,31,28,2.7091,4.059,0.9,1314
gnss_raw.txt,2437,380759.000,FINESTEERING,SOL_COMPUTED,NARROW_FLOAT,31,28,3.16,4.7297,1.0,1314
gnss_raw.txt,2437,380759.100,FINESTEERING,SOL_COMPUTED,NARROW_FLOAT,32,29,3.16,4.7297,1.1,1314
gnss_raw.txt,2437,380759.200,FINESTEERING,SOL_COMPUTED,NARROW_FLOAT,32,29,3.16,4.7298,1.2,1314
gnss_raw.txt,2437,380759.300,FINESTEERING,SOL_COMPUTED,NARROW_FLOAT,31,28,3.16,4.7298,1.3,1314
gnss_raw.txt,2437,380759.400,FINESTEERING,SOL_COMPUTED,NARROW_FLOAT,31,28,3.16,4.7298,1.4,1314
gnss_raw.txt,2437,380759.500,FINESTEERING,SOL_COMPUTED,NARROW_FLOAT,31,28,3.16,4.7298,1.5,1314
gnss_raw.txt,2437,380759.600,FINESTEERING,SOL_COMPUTED,NARROW_FLOAT,31,28,3.16,4.7298,1.6,1314
gnss_raw.txt,2437,380759.700,FINESTEERING,SOL_COMPUTED,NARROW_FLOAT,31,28,3.16,4.7298,1.7,1314
gnss_raw.txt,2437,380759.800,FINESTEERING,SOL_COMPUTED,NARROW_FLOAT,31,28,3.16,4.7298,1.8,1314
gnss_raw.txt,2437,380759.900,FINESTEERING,SOL_COMPUTED,NARROW_FLOAT,32,29,3.16,4.7298,0.9,1314
gnss_raw.txt,2437,380760.000,FINESTEERING,SOL_COMPUTED,NARROW_FLOAT,32,29,3.5145,5.2602,1.0,1314
gnss_raw.txt,2437,380760.100,FINESTEERING,SOL_COMPUTED,NARROW_FLOAT,32,29,3.5145,5.2602,1.1,1314
gnss_raw.txt,2437,380760.200,FINESTEERING,SOL_COMPUTED,NARROW_FLOAT,32,29,3.5145,5.2602,1.2,1314
gnss_raw.txt,2437,380760.300,FINESTEERING,SOL_COMPUTED,NARROW_FLOAT,32,29,3.5145,5.2602,1.3,1314
gnss_raw.txt,2437,380760.400,FINESTEERING,SOL_COMPUTED,NARROW_FLOAT,32,29,3.5145,5.2602,1.4,1314
gnss_raw.txt,2437,380760.500,FINESTEERING,SOL_COMPUTED,NARROW_FLOAT,31,28,3.5145,5.2602,1.5,1314
gnss_raw.txt,2437,380760.600,FINESTEERING,SOL_COMPUTED,NARROW_FLOAT,31,28,3.5145,5.2602,1.6,1314
gnss_raw.txt,2437,380760.700,FINESTEERING,SOL_COMPUTED,NARROW_FLOAT,31,28,3.5145,5.2602,0.7,1314
gnss_raw.txt,2437,380760.800,FINESTEERING,SOL_COMPUTED,NARROW_FLOAT,29,26,3.5146,5.2603,0.8,1314
gnss_raw.txt,2437,380760.900,FINESTEERING,SOL_COMPUTED,NARROW_FLOAT,29,26,3.5146,5.2603,0.9,1314
gnss_raw.txt,2437,380761.000,FINESTEERING,SOL_COMPUTED,NARROW_FLOAT,29,26,2.2283,3.3744,1.0,1314
gnss_raw.txt,2437,380761.100,FINESTEERING,SOL_COMPUTED,NARROW_FLOAT,30,27,2.2283,3.3744,1.1,1314
gnss_raw.txt,2437,380761.200,FINESTEERING,SOL_COMPUTED,NARROW_FLOAT,31,28,2.2283,3.3744,1.2,1314
gnss_raw.txt,2437,380761.300,FINESTEERING,SOL_COMPUTED,NARROW_FLOAT,31,28,2.2283,3.3744,1.3,1314
gnss_raw.txt,2437,380761.400,FINESTEERING,SOL_COMPUTED,NARROW_FLOAT,31,28,2.2283,3.3744,1.4,1314
gnss_raw.txt,2437,380761.500,FINESTEERING,SOL_COMPUTED,NARROW_FLOAT,31,28,2.2284,3.3745,1.5,1314
gnss_raw.txt,2437,380761.600,FINESTEERING,SOL_COMPUTED,NARROW_FLOAT,31,28,2.2284,3.3745,1.6,1314
gnss_raw.txt,2437,380761.700,FINESTEERING,SOL_COMPUTED,NARROW_FLOAT,31,28,2.2284,3.3745,1.7,1314
gnss_raw.txt,2437,380761.800,FINESTEERING,SOL_COMPUTED,NARROW_FLOAT,31,28,2.2284,3.3745,1.8,1314
gnss_raw.txt,2437,380761.900,FINESTEERING,SOL_COMPUTED,NARROW_FLOAT,31,28,2.2284,3.3745,1.9,1314
gnss_raw.txt,2437,380762.000,FINESTEERING,SOL_COMPUTED,NARROW_FLOAT,31,28,2.3872,3.6064,1.0,1314
gnss_raw.txt,2437,380762.100,FINESTEERING,SOL_COMPUTED,NARROW_FLOAT,31,28,2.3872,3.6064,1.1,1314
gnss_raw.txt,2437,380762.200,FINESTEERING,SOL_COMPUTED,NARROW_FLOAT,31,28,2.3873,3.6064,1.2,1314
gnss_raw.txt,2437,380762.300,FINESTEERING,SOL_COMPUTED,NARROW_FLOAT,31,28,2.3873,3.6064,1.3,1314
gnss_raw.txt,2437,380762.400,FINESTEERING,SOL_COMPUTED,NARROW_FLOAT,31,28,2.3873,3.6064,1.4,1314
gnss_raw.txt,2437,380762.500,FINESTEERING,SOL_COMPUTED,NARROW_FLOAT,31,28,2.3873,3.6064,1.5,1314
gnss_raw.txt,2437,380762.600,FINESTEERING,SOL_COMPUTED,NARROW_FLOAT,32,29,2.3873,3.6065,1.6,1314
gnss_raw.txt,2437,380762.700,FINESTEERING,SOL_COMPUTED,NARROW_FLOAT,32,29,2.3873,3.6065,0.7,1314
gnss_raw.txt,2437,380762.800,FINESTEERING,SOL_COMPUTED,NARROW_FLOAT,32,29,2.3873,3.6065,0.8,1314
gnss_raw.txt,2437,380762.900,FINESTEERING,SOL_COMPUTED,NARROW_FLOAT,32,29,2.3874,3.6065,0.9,1314
gnss_raw.txt,2437,380763.000,FINESTEERING,SOL_COMPUTED,NARROW_FLOAT,32,29,4.7873,7.2202,1.0,1314
gnss_raw.txt,2437,380763.100,FINESTEERING,SOL_COMPUTED,NARROW_FLOAT,32,29,4.7873,7.2202,1.1,1314
gnss_raw.txt,2437,380763.200,FINESTEERING,SOL_COMPUTED,NARROW_FLOAT,32,29,4.7873,7.2202,1.2,1314
gnss_raw.txt,2437,380763.300,FINESTEERING,SOL_COMPUTED,NARROW_FLOAT,32,29,4.7874,7.2202,1.3,1314
gnss_raw.txt,2437,380763.400,FINESTEERING,SOL_COMPUTED,NARROW_FLOAT,32,29,4.7874,7.2202,1.4,1314
gnss_raw.txt,2437,380763.500,FINESTEERING,SOL_COMPUTED,NARROW_FLOAT,32,29,4.7874,7.2202,1.5,1314
gnss_raw.txt,2437,380763.600,FINESTEERING,SOL_COMPUTED,NARROW_FLOAT,33,30,4.7874,7.2202,1.6,1314
gnss_raw.txt,2437,380763.700,FINESTEERING,SOL_COMPUTED,NARROW_FLOAT,33,30,4.7874,7.2202,1.7,1314
gnss_raw.txt,2437,380763.800,FINESTEERING,SOL_COMPUTED,NARROW_FLOAT,33,30,4.7874,7.2202,0.8,1314
gnss_raw.txt,2437,380763.900,FINESTEERING,SOL_COMPUTED,NARROW_FLOAT,33,30,4.7874,7.2202,0.9,1314
gnss_raw.txt,2437,380764.000,FINESTEERING,SOL_COMPUTED,NARROW_FLOAT,33,30,3.8309,5.7532,1.0,1314
gnss_raw.txt,2437,380764.100,FINESTEERING,SOL_COMPUTED,NARROW_FLOAT,33,30,3.8309,5.7532,1.1,1314
gnss_raw.txt,2437,380764.200,FINESTEERING,SOL_COMPUTED,NARROW_FLOAT,33,30,3.8309,5.7533,1.2,1314
gnss_raw.txt,2437,380764.300,FINESTEERING,SOL_COMPUTED,NARROW_FLOAT,32,29,3.8309,5.7533,1.3,1314
gnss_raw.txt,2437,380764.400,FINESTEERING,SOL_COMPUTED,NARROW_FLOAT,32,29,3.8309,5.7533,1.4,1314
gnss_raw.txt,2437,380764.500,FINESTEERING,SOL_COMPUTED,NARROW_FLOAT,32,29,3.831,5.7533,1.5,1314
gnss_raw.txt,2437,380764.600,FINESTEERING,SOL_COMPUTED,NARROW_FLOAT,31,28,3.831,5.7533,1.6,1314
gnss_raw.txt,2437,380764.700,FINESTEERING,SOL_COMPUTED,NARROW_FLOAT,32,29,3.831,5.7533,1.7,1314
gnss_raw.txt,2437,380764.800,FINESTEERING,SOL_COMPUTED,NARROW_FLOAT,32,29,3.831,5.7533,0.8,1314
gnss_raw.txt,2437,380764.900,FINESTEERING,SOL_COMPUTED,NARROW_FLOAT,32,29,3.831,5.7534,0.9,1314
gnss_raw.txt,2437,380765.000,FINESTEERING,SOL_COMPUTED,NARROW_FLOAT,32,29,3.2396,4.8526,1.0,1314
gnss_raw.txt,2437,380765.100,FINESTEERING,SOL_COMPUTED,NARROW_FLOAT,32,29,3.2396,4.8526,1.1,1314
gnss_raw.txt,2437,380765.200,FINESTEERING,SOL_COMPUTED,NARROW_FLOAT,32,29,3.2396,4.8526,1.2,1314
gnss_raw.txt,2437,380765.300,FINESTEERING,SOL_COMPUTED,NARROW_FLOAT,32,29,3.2396,4.8526,1.3,1314
gnss_raw.txt,2437,380765.400,FINESTEERING,SOL_COMPUTED,NARROW_FLOAT,32,29,3.2396,4.8526,1.4,1314
gnss_raw.txt,2437,380765.500,FINESTEERING,SOL_COMPUTED,NARROW_FLOAT,32,29,3.2396,4.8526,1.5,1314
gnss_raw.txt,2437,380765.600,FINESTEERING,SOL_COMPUTED,NARROW_FLOAT,32,29,3.2396,4.8526,1.6,1314
gnss_raw.txt,2437,380765.700,FINESTEERING,SOL_COMPUTED,NARROW_FLOAT,33,30,3.2396,4.8526,1.7,1314
gnss_raw.txt,2437,380765.800,FINESTEERING,SOL_COMPUTED,NARROW_FLOAT,32,29,3.2396,4.8526,0.8,1314
gnss_raw.txt,2437,380765.900,FINESTEERING,SOL_COMPUTED,NARROW_FLOAT,32,29,3.2396,4.8526,0.9,1314
gnss_raw.txt,2437,380766.000,FINESTEERING,SOL_COMPUTED,NARROW_FLOAT,32,29,3.3246,4.9931,1.0,1314
gnss_raw.txt,2437,380766.100,FINESTEERING,SOL_COMPUTED,NARROW_FLOAT,32,29,3.3246,4.9931,1.1,1314
gnss_raw.txt,2437,380766.200,FINESTEERING,SOL_COMPUTED,NARROW_FLOAT,32,29,3.3246,4.9931,1.2,1314
gnss_raw.txt,2437,380766.300,FINESTEERING,SOL_COMPUTED,NARROW_FLOAT,32,29,3.3246,4.9931,1.3,1314
gnss_raw.txt,2437,380766.400,FINESTEERING,SOL_COMPUTED,NARROW_FLOAT,32,29,3.3246,4.9931,1.4,1314
gnss_raw.txt,2437,380766.500,FINESTEERING,SOL_COMPUTED,NARROW_FLOAT,31,28,3.3246,4.9931,1.5,1314
gnss_raw.txt,2437,380766.600,FINESTEERING,SOL_COMPUTED,NARROW_FLOAT,31,28,3.3246,4.9931,1.6,1314
gnss_raw.txt,2437,380766.700,FINESTEERING,SOL_COMPUTED,NARROW_FLOAT,32,29,3.3246,4.9931,1.7,1314
gnss_raw.txt,2437,380766.800,FINESTEERING,SOL_COMPUTED,NARROW_FLOAT,32,29,3.3246,4.9931,1.8,1314
gnss_raw.txt,2437,380766.900,FINESTEERING,SOL_COMPUTED,NARROW_FLOAT,32,29,3.3246,4.9931,1.9,1314
gnss_raw.txt,2437,380767.000,FINESTEERING,SOL_COMPUTED,NARROW_FLOAT,32,29,4.4889,6.7291,1.0,1314
gnss_raw.txt,2437,380767.100,FINESTEERING,SOL_COMPUTED,NARROW_FLOAT,32,29,4.489,6.7291,1.1,1314
gnss_raw.txt,2437,380767.200,FINESTEERING,SOL_COMPUTED,NARROW_FLOAT,32,29,4.489,6.7291,1.2,1314
gnss_raw.txt,2437,380767.300,FINESTEERING,SOL_COMPUTED,NARROW_FLOAT,31,28,4.489,6.7291,1.3,1314
gnss_raw.txt,2437,380767.400,FINESTEERING,SOL_COMPUTED,NARROW_FLOAT,31,28,4.489,6.7291,1.4,1314
gnss_raw.txt,2437,380767.500,FINESTEERING,SOL_COMPUTED,NARROW_FLOAT,31,28,4.489,6.7291,1.5,1314
gnss_raw.txt,2437,380767.600,FINESTEERING,SOL_COMPUTED,NARROW_FLOAT,31,28,4.489,6.7291,1.6,1314
gnss_raw.txt,2437,380767.700,FINESTEERING,SOL_COMPUTED,NARROW_FLOAT,31,28,4.489,6.7291,1.7,1314
gnss_raw.txt,2437,380767.800,FINESTEERING,SOL_COMPUTED,NARROW_FLOAT,31,28,4.489,6.7291,1.8,1314
gnss_raw.txt,2437,380767.900,FINESTEERING,SOL_COMPUTED,NARROW_FLOAT,31,28,4.489,6.7291,1.9,1314
gnss_raw.txt,2437,380768.000,FINESTEERING,SOL_COMPUTED,NARROW_FLOAT,32,29,4.9295,7.4607,1.0,1314
gnss_raw.txt,2437,380768.100,FINESTEERING,SOL_COMPUTED,NARROW_FLOAT,32,29,4.9295,7.4607,1.1,1314
gnss_raw.txt,2437,380768.200,FINESTEERING,SOL_COMPUTED,NARROW_FLOAT,31,28,4.9295,7.4607,1.2,1314
gnss_raw.txt,2437,380768.300,FINESTEERING,SOL_COMPUTED,NARROW_FLOAT,31,28,4.9295,7.4607,1.3,1314
gnss_raw.txt,2437,380768.400,FINESTEERING,SOL_COMPUTED,NARROW_FLOAT,31,28,4.9295,7.4607,1.4,1314
gnss_raw.txt,2437,380768.500,FINESTEERING,SOL_COMPUTED,NARROW_FLOAT,31,28,4.9295,7.4607,1.5,1314
gnss_raw.txt,2437,380768.600,FINESTEERING,SOL_COMPUTED,NARROW_FLOAT,31,28,4.9295,7.4607,1.6,1314
gnss_raw.txt,2437,380768.700,FINESTEERING,SOL_COMPUTED,NARROW_FLOAT,31,28,4.9295,7.4607,1.7,1314
gnss_raw.txt,2437,380768.800,FINESTEERING,SOL_COMPUTED,NARROW_FLOAT,31,28,4.9295,7.4607,1.8,1314
gnss_raw.txt,2437,380768.900,FINESTEERING,SOL_COMPUTED,NARROW_FLOAT,31,28,4.9295,7.4607,1.9,1314
gnss_raw.txt,2437,380769.000,FINESTEERING,SOL_COMPUTED,NARROW_FLOAT,31,28,4.4449,6.7094,1.0,1314
gnss_raw.txt,2437,380769.100,FINESTEERING,SOL_COMPUTED,NARROW_FLOAT,31,28,4.4449,6.7094,1.1,1314
gnss_raw.txt,2437,380769.200,FINESTEERING,SOL_COMPUTED,NARROW_FLOAT,32,29,4.4449,6.7094,1.2,1314
gnss_raw.txt,2437,380769.300,FINESTEERING,SOL_COMPUTED,NARROW_FLOAT,32,29,4.4449,6.7094,1.3,1314
gnss_raw.txt,2437,380769.400,FINESTEERING,SOL_COMPUTED,NARROW_FLOAT,32,29,4.445,6.7094,1.4,1314
gnss_raw.txt,2437,380769.500,FINESTEERING,SOL_COMPUTED,NARROW_FLOAT,32,29,4.445,6.7095,1.5,1314
gnss_raw.txt,2437,380769.600,FINESTEERING,SOL_COMPUTED,NARROW_FLOAT,32,29,4.445,6.7095,1.6,1314
gnss_raw.txt,2437,380769.700,FINESTEERING,SOL_COMPUTED,NARROW_FLOAT,32,29,4.445,6.7095,1.7,1314
gnss_raw.txt,2437,380769.800,FINESTEERING,SOL_COMPUTED,NARROW_FLOAT,32,29,4.445,6.7095,0.8,1314
gnss_raw.txt,2437,380769.900,FINESTEERING,SOL_COMPUTED,NARROW_FLOAT,32,29,4.445,6.7095,0.9,1314
gnss_raw.txt,2437,380770.000,FINESTEERING,SOL_COMPUTED,NARROW_FLOAT,32,29,4.028,6.081,1.0,1314
gnss_raw.txt,2437,380770.100,FINESTEERING,SOL_COMPUTED,NARROW_FLOAT,32,29,4.028,6.081,1.1,1314
gnss_raw.txt,2437,380770.200,FINESTEERING,SOL_COMPUTED,NARROW_FLOAT,32,29,4.028,6.0811,1.2,1314
gnss_raw.txt,2437,380770.300,FINESTEERING,SOL_COMPUTED,NARROW_FLOAT,32,29,4.028,6.0811,1.3,1314
gnss_raw.txt,2437,380770.400,FINESTEERING,SOL_COMPUTED,NARROW_FLOAT,32,29,4.028,6.0811,1.4,1314
gnss_raw.txt,2437,380770.500,FINESTEERING,SOL_COMPUTED,NARROW_FLOAT,32,29,4.028,6.0811,1.5,1314
gnss_raw.txt,2437,380770.600,FINESTEERING,SOL_COMPUTED,NARROW_FLOAT,32,29,4.028,6.0811,1.6,1314
gnss_raw.txt,2437,380770.700,FINESTEERING,SOL_COMPUTED,NARROW_FLOAT,32,29,4.028,6.0811,0.7,1314
gnss_raw.txt,2437,380770.800,FINESTEERING,SOL_COMPUTED,NARROW_FLOAT,32,29,4.028,6.0811,0.8,1314
gnss_raw.txt,2437,380770.900,FINESTEERING,SOL_COMPUTED,NARROW_FLOAT,32,29,4.028,6.0811,0.9,1314
gnss_raw.txt,2437,380771.000,FINESTEERING,SOL_COMPUTED,NARROW_FLOAT,32,29,4.6687,7.0441,1.0,1314
gnss_raw.txt,2437,380771.100,FINESTEERING,SOL_COMPUTED,NARROW_FLOAT,32,29,4.6687,7.0441,1.1,1314
gnss_raw.txt,2437,380771.200,FINESTEERING,SOL_COMPUTED,NARROW_FLOAT,32,29,4.6687,7.0441,1.2,1314
gnss_raw.txt,2437,380771.300,FINESTEERING,SOL_COMPUTED,NARROW_FLOAT,32,29,4.6687,7.0441,1.3,1314
gnss_raw.txt,2437,380771.400,FINESTEERING,SOL_COMPUTED,NARROW_FLOAT,32,29,4.6687,7.0441,1.4,1314
gnss_raw.txt,2437,380771.500,FINESTEERING,SOL_COMPUTED,NARROW_FLOAT,32,29,4.6687,7.0441,1.5,1314
gnss_raw.txt,2437,380771.600,FINESTEERING,SOL_COMPUTED,NARROW_FLOAT,32,29,4.6687,7.0441,1.6,1314
gnss_raw.txt,2437,380771.700,FINESTEERING,SOL_COMPUTED,NARROW_FLOAT,32,29,4.6687,7.0441,0.7,1314
gnss_raw.txt,2437,380771.800,FINESTEERING,SOL_COMPUTED,NARROW_FLOAT,32,29,4.6687,7.0441,0.8,1314
gnss_raw.txt,2437,380771.900,FINESTEERING,SOL_COMPUTED,NARROW_FLOAT,32,29,4.6687,7.0441,0.9,1314
gnss_raw.txt,2437,380772.000,FINESTEERING,SOL_COMPUTED,NARROW_FLOAT,32,29,3.9871,6.0086,1.0,1314
gnss_raw.txt,2437,380772.100,FINESTEERING,SOL_COMPUTED,NARROW_FLOAT,33,30,3.9871,6.0086,1.1,1314
gnss_raw.txt,2437,380772.200,FINESTEERING,SOL_COMPUTED,NARROW_FLOAT,32,29,3.9871,6.0086,1.2,1314
gnss_raw.txt,2437,380772.300,FINESTEERING,SOL_COMPUTED,NARROW_FLOAT,32,29,3.9871,6.0086,1.3,1314
gnss_raw.txt,2437,380772.400,FINESTEERING,SOL_COMPUTED,NARROW_FLOAT,32,29,3.9871,6.0086,1.4,1314
gnss_raw.txt,2437,380772.500,FINESTEERING,SOL_COMPUTED,NARROW_FLOAT,31,28,3.9871,6.0086,1.5,1314
gnss_raw.txt,2437,380772.600,FINESTEERING,SOL_COMPUTED,NARROW_FLOAT,30,28,3.9871,6.0086,1.6,1314
gnss_raw.txt,2437,380772.700,FINESTEERING,SOL_COMPUTED,NARROW_FLOAT,30,28,3.9871,6.0086,1.7,1314
gnss_raw.txt,2437,380772.800,FINESTEERING,SOL_COMPUTED,NARROW_FLOAT,30,28,3.9871,6.0086,0.8,1314
gnss_raw.txt,2437,380772.900,FINESTEERING,SOL_COMPUTED,NARROW_FLOAT,31,29,3.9872,6.0086,0.9,1314
gnss_raw.txt,2437,380773.000,FINESTEERING,SOL_COMPUTED,NARROW_FLOAT,31,29,3.5919,5.4208,1.0,1314
gnss_raw.txt,2437,380773.100,FINESTEERING,SOL_COMPUTED,NARROW_FLOAT,31,29,3.5919,5.4208,1.1,1314
gnss_raw.txt,2437,380773.200,FINESTEERING,SOL_COMPUTED,NARROW_FLOAT,31,29,3.592,5.4208,1.2,1314
gnss_raw.txt,2437,380773.300,FINESTEERING,SOL_COMPUTED,NARROW_FLOAT,32,30,3.592,5.4208,1.3,1314
gnss_raw.txt,2437,380773.400,FINESTEERING,SOL_COMPUTED,NARROW_FLOAT,32,30,3.592,5.4208,1.4,1314
gnss_raw.txt,2437,380773.500,FINESTEERING,SOL_COMPUTED,NARROW_FLOAT,32,30,3.592,5.4209,1.5,1314
gnss_raw.txt,2437,380773.600,FINESTEERING,SOL_COMPUTED,NARROW_FLOAT,32,30,3.592,5.4209,1.6,1314
gnss_raw.txt,2437,380773.700,FINESTEERING,SOL_COMPUTED,NARROW_FLOAT,32,30,3.592,5.4209,1.7,1314
gnss_raw.txt,2437,380773.800,FINESTEERING,SOL_COMPUTED,NARROW_FLOAT,32,30,3.5921,5.4209,0.8,1314
gnss_raw.txt,2437,380773.900,FINESTEERING,SOL_COMPUTED,NARROW_FLOAT,32,30,3.5921,5.4209,0.9,1314
gnss_raw.txt,2437,380774.000,FINESTEERING,SOL_COMPUTED,NARROW_FLOAT,32,30,3.5396,5.3497,1.0,1314
gnss_raw.txt,2437,380774.100,FINESTEERING,SOL_COMPUTED,NARROW_FLOAT,32,30,3.5396,5.3497,1.1,1314
gnss_raw.txt,2437,380774.200,FINESTEERING,SOL_COMPUTED,NARROW_FLOAT,32,30,3.5396,5.3498,1.2,1314
gnss_raw.txt,2437,380774.300,FINESTEERING,SOL_COMPUTED,NARROW_FLOAT,32,30,3.5396,5.3498,1.3,1314
gnss_raw.txt,2437,380774.400,FINESTEERING,SOL_COMPUTED,NARROW_FLOAT,31,29,3.5396,5.3498,1.4,1314
gnss_raw.txt,2437,380774.500,FINESTEERING,SOL_COMPUTED,NARROW_FLOAT,31,29,3.5397,5.3498,1.5,1314
gnss_raw.txt,2437,380774.600,FINESTEERING,SOL_COMPUTED,NARROW_FLOAT,31,29,3.5397,5.3498,1.6,1314
gnss_raw.txt,2437,380774.700,FINESTEERING,SOL_COMPUTED,NARROW_FLOAT,31,29,3.5397,5.3498,1.7,1314
gnss_raw.txt,2437,380774.800,FINESTEERING,SOL_COMPUTED,NARROW_FLOAT,31,29,3.5397,5.3498,0.8,1314
gnss_raw.txt,2437,380774.900,FINESTEERING,SOL_COMPUTED,NARROW_FLOAT,31,29,3.5397,5.3498,0.9,1314
gnss_raw.txt,2437,380775.000,FINESTEERING,SOL_COMPUTED,NARROW_FLOAT,30,28,3.9105,5.9149,1.0,1314
gnss_raw.txt,2437,380775.100,FINESTEERING,SOL_COMPUTED,NARROW_FLOAT,30,28,3.9105,5.9149,1.1,1314
gnss_raw.txt,2437,380775.200,FINESTEERING,SOL_COMPUTED,NARROW_FLOAT,30,28,3.9105,5.9149,1.2,1314
gnss_raw.txt,2437,380775.300,FINESTEERING,SOL_COMPUTED,NARROW_FLOAT,30,28,3.9106,5.9149,1.3,1314
gnss_raw.txt,2437,380775.400,FINESTEERING,SOL_COMPUTED,NARROW_FLOAT,30,28,3.9106,5.915,1.4,1314
gnss_raw.txt,2437,380775.500,FINESTEERING,SOL_COMPUTED,NARROW_FLOAT,30,28,3.9106,5.915,1.5,1314
gnss_raw.txt,2437,380775.600,FINESTEERING,SOL_COMPUTED,NARROW_FLOAT,30,28,3.9106,5.915,1.6,1314
gnss_raw.txt,2437,380775.700,FINESTEERING,SOL_COMPUTED,NARROW_FLOAT,30,28,3.9106,5.915,1.7,1314
gnss_raw.txt,2437,380775.800,FINESTEERING,SOL_COMPUTED,NARROW_FLOAT,30,28,3.9106,5.915,0.8,1314
gnss_raw.txt,2437,380775.900,FINESTEERING,SOL_COMPUTED,NARROW_FLOAT,30,28,3.9106,5.915,0.9,1314
gnss_raw.txt,2437,380776.000,FINESTEERING,SOL_COMPUTED,NARROW_FLOAT,30,28,4.6187,6.9778,1.0,1314
gnss_raw.txt,2437,380776.100,FINESTEERING,SOL_COMPUTED,NARROW_FLOAT,30,28,4.6187,6.9778,1.1,1314
gnss_raw.txt,2437,380776.200,FINESTEERING,SOL_COMPUTED,NARROW_FLOAT,30,28,4.6187,6.9778,1.2,1314
gnss_raw.txt,2437,380776.300,FINESTEERING,SOL_COMPUTED,NARROW_FLOAT,30,28,4.6187,6.9779,1.3,1314
gnss_raw.txt,2437,380776.400,FINESTEERING,SOL_COMPUTED,NARROW_FLOAT,30,28,4.6187,6.9779,1.4,1314
gnss_raw.txt,2437,380776.500,FINESTEERING,SOL_COMPUTED,NARROW_FLOAT,30,28,4.6187,6.9779,1.5,1314
gnss_raw.txt,2437,380776.600,FINESTEERING,SOL_COMPUTED,NARROW_FLOAT,30,28,4.6187,6.9779,1.6,1314
gnss_raw.txt,2437,380776.700,FINESTEERING,SOL_COMPUTED,NARROW_FLOAT,29,27,4.6187,6.9779,0.7,1314
gnss_raw.txt,2437,380776.800,FINESTEERING,SOL_COMPUTED,NARROW_FLOAT,29,27,4.6187,6.9779,0.8,1314
gnss_raw.txt,2437,380776.900,FINESTEERING,SOL_COMPUTED,NARROW_FLOAT,29,27,4.6187,6.9779,0.9,1314
gnss_raw.txt,2437,380777.000,FINESTEERING,SOL_COMPUTED,NARROW_FLOAT,29,27,4.2163,6.3805,1.0,1314
gnss_raw.txt,2437,380777.100,FINESTEERING,SOL_COMPUTED,NARROW_FLOAT,30,27,4.2163,6.3805,1.1,1314
gnss_raw.txt,2437,380777.200,FINESTEERING,SOL_COMPUTED,NARROW_FLOAT,30,27,4.2163,6.3805,1.2,1314
gnss_raw.txt,2437,380777.300,FINESTEERING,SOL_COMPUTED,NARROW_FLOAT,30,27,4.2163,6.3805,1.3,1314
gnss_raw.txt,2437,380777.400,FINESTEERING,SOL_COMPUTED,NARROW_FLOAT,30,27,4.2163,6.3806,1.4,1314
gnss_raw.txt,2437,380777.500,FINESTEERING,SOL_COMPUTED,NARROW_FLOAT,30,27,4.2163,6.3806,1.5,1314
gnss_raw.txt,2437,380777.600,FINESTEERING,SOL_COMPUTED,NARROW_FLOAT,30,27,4.2163,6.3806,1.6,1314
gnss_raw.txt,2437,380777.700,FINESTEERING,SOL_COMPUTED,NARROW_FLOAT,31,28,4.2163,6.3806,1.7,1314
gnss_raw.txt,2437,380777.800,FINESTEERING,SOL_COMPUTED,NARROW_FLOAT,31,28,4.2163,6.3806,0.8,1314
gnss_raw.txt,2437,380777.900,FINESTEERING,SOL_COMPUTED,NARROW_FLOAT,31,28,4.2163,6.3806,0.9,1314
gnss_raw.txt,2437,380778.000,FINESTEERING,SOL_COMPUTED,NARROW_FLOAT,31,28,3.6805,5.5773,1.0,1314
gnss_raw.txt,2437,380778.100,FINESTEERING,SOL_COMPUTED,NARROW_FLOAT,32,29,3.6805,5.5773,1.1,1314
gnss_raw.txt,2437,380778.200,FINESTEERING,SOL_COMPUTED,NARROW_FLOAT,32,29,3.6805,5.5773,1.2,1314
gnss_raw.txt,2437,380778.300,FINESTEERING,SOL_COMPUTED,NARROW_FLOAT,32,29,3.6805,5.5773,1.3,1314
gnss_raw.txt,2437,380778.400,FINESTEERING,SOL_COMPUTED,NARROW_FLOAT,32,29,3.6805,5.5774,1.4,1314
gnss_raw.txt,2437,380778.500,FINESTEERING,SOL_COMPUTED,NARROW_FLOAT,32,29,3.6805,5.5774,1.5,1314
gnss_raw.txt,2437,380778.600,FINESTEERING,SOL_COMPUTED,NARROW_FLOAT,30,27,3.6805,5.5774,1.6,1314
gnss_raw.txt,2437,380778.700,FINESTEERING,SOL_COMPUTED,NARROW_FLOAT,30,27,3.6805,5.5774,1.7,1314
gnss_raw.txt,2437,380778.800,FINESTEERING,SOL_COMPUTED,NARROW_FLOAT,30,27,3.6806,5.5774,0.8,1314
gnss_raw.txt,2437,380778.900,FINESTEERING,SOL_COMPUTED,NARROW_FLOAT,30,27,3.6806,5.5774,0.9,1314
gnss_raw.txt,2437,380779.000,FINESTEERING,SOL_COMPUTED,NARROW_FLOAT,30,27,4.6045,7.0295,1.0,1314
gnss_raw.txt,2437,380779.100,FINESTEERING,SOL_COMPUTED,NARROW_FLOAT,30,27,4.6045,7.0295,1.1,1314
gnss_raw.txt,2437,380779.200,FINESTEERING,SOL_COMPUTED,NARROW_FLOAT,30,27,4.6045,7.0295,1.2,1314
gnss_raw.txt,2437,380779.300,FINESTEERING,SOL_COMPUTED,NARROW_FLOAT,30,27,4.6045,7.0295,1.3,1314
gnss_raw.txt,2437,380779.400,FINESTEERING,SOL_COMPUTED,NARROW_FLOAT,30,27,4.6045,7.0295,1.4,1314
gnss_raw.txt,2437,380779.500,FINESTEERING,SOL_COMPUTED,NARROW_FLOAT,30,27,4.6045,7.0295,1.5,1314
gnss_raw.txt,2437,380779.600,FINESTEERING,SOL_COMPUTED,NARROW_FLOAT,30,27,4.6045,7.0295,1.6,1314
gnss_raw.txt,2437,380779.700,FINESTEERING,SOL_COMPUTED,NARROW_FLOAT,31,28,4.6045,7.0296,1.7,1314
gnss_raw.txt,2437,380779.800,FINESTEERING,SOL_COMPUTED,NARROW_FLOAT,31,28,4.6045,7.0296,1.8,1314
gnss_raw.txt,2437,380779.900,FINESTEERING,SOL_COMPUTED,NARROW_FLOAT,32,29,4.6045,7.0296,1.9,1314
gnss_raw.txt,2437,380780.000,FINESTEERING,SOL_COMPUTED,NARROW_FLOAT,32,29,3.6331,5.584,1.0,1314
gnss_raw.txt,2437,380780.100,FINESTEERING,SOL_COMPUTED,NARROW_FLOAT,31,29,3.6331,5.584,1.1,1314
gnss_raw.txt,2437,380780.200,FINESTEERING,SOL_COMPUTED,NARROW_FLOAT,32,29,3.6331,5.584,1.2,1314
gnss_raw.txt,2437,380780.300,FINESTEERING,SOL_COMPUTED,NARROW_FLOAT,32,29,3.6331,5.584,1.3,1314
gnss_raw.txt,2437,380780.400,FINESTEERING,SOL_COMPUTED,NARROW_FLOAT,32,29,3.6331,5.584,1.4,1314
gnss_raw.txt,2437,380780.500,FINESTEERING,SOL_COMPUTED,NARROW_FLOAT,31,28,3.6332,5.584,1.5,1314
gnss_raw.txt,2437,380780.600,FINESTEERING,SOL_COMPUTED,NARROW_FLOAT,31,28,3.6332,5.5841,1.6,1314
gnss_raw.txt,2437,380780.700,FINESTEERING,SOL_COMPUTED,NARROW_FLOAT,31,28,3.6332,5.5841,0.7,1314
gnss_raw.txt,2437,380780.800,FINESTEERING,SOL_COMPUTED,NARROW_FLOAT,31,28,3.6333,5.5841,0.8,1314
gnss_raw.txt,2437,380780.900,FINESTEERING,SOL_COMPUTED,NARROW_FLOAT,31,28,3.6333,5.5841,0.9,1314
gnss_raw.txt,2437,380781.000,FINESTEERING,SOL_COMPUTED,NARROW_FLOAT,31,28,3.9614,5.9926,1.0,1314
gnss_raw.txt,2437,380781.100,FINESTEERING,SOL_COMPUTED,NARROW_FLOAT,30,28,3.9614,5.9926,1.1,1314
gnss_raw.txt,2437,380781.200,FINESTEERING,SOL_COMPUTED,NARROW_FLOAT,30,28,3.9614,5.9926,1.2,1314
gnss_raw.txt,2437,380781.300,FINESTEERING,SOL_COMPUTED,NARROW_FLOAT,30,28,3.9614,5.9926,1.3,1314
gnss_raw.txt,2437,380781.400,FINESTEERING,SOL_COMPUTED,NARROW_FLOAT,29,27,3.9614,5.9926,1.4,1314
gnss_raw.txt,2437,380781.500,FINESTEERING,SOL_COMPUTED,NARROW_FLOAT,29,27,3.9615,5.9926,1.5,1314
gnss_raw.txt,2437,380781.600,FINESTEERING,SOL_COMPUTED,NARROW_FLOAT,29,27,3.9615,5.9926,1.6,1314
gnss_raw.txt,2437,380781.700,FINESTEERING,SOL_COMPUTED,NARROW_FLOAT,31,28,3.9615,5.9926,1.7,1314
gnss_raw.txt,2437,380781.800,FINESTEERING,SOL_COMPUTED,NARROW_FLOAT,30,28,3.9615,5.9926,1.8,1314
gnss_raw.txt,2437,380781.900,FINESTEERING,SOL_COMPUTED,NARROW_FLOAT,30,28,3.9615,5.9927,1.9,1314
gnss_raw.txt,2437,380782.000,FINESTEERING,SOL_COMPUTED,NARROW_FLOAT,31,29,4.1961,6.191,1.0,1314
gnss_raw.txt,2437,380782.100,FINESTEERING,SOL_COMPUTED,NARROW_FLOAT,31,29,4.1961,6.191,1.1,1314
gnss_raw.txt,2437,380782.200,FINESTEERING,SOL_COMPUTED,NARROW_FLOAT,31,29,4.1961,6.191,1.2,1314
gnss_raw.txt,2437,380782.300,FINESTEERING,SOL_COMPUTED,NARROW_FLOAT,31,29,4.1961,6.191,1.3,1314
gnss_raw.txt,2437,380782.400,FINESTEERING,SOL_COMPUTED,NARROW_FLOAT,31,29,4.1961,6.191,1.4,1314
gnss_raw.txt,2437,380782.500,FINESTEERING,SOL_COMPUTED,NARROW_FLOAT,31,29,4.1961,6.191,1.5,1314
gnss_raw.txt,2437,380782.600,FINESTEERING,SOL_COMPUTED,NARROW_FLOAT,31,29,4.1961,6.191,1.6,1314
gnss_raw.txt,2437,380782.700,FINESTEERING,SOL_COMPUTED,NARROW_FLOAT,32,30,4.1961,6.191,1.7,1314
gnss_raw.txt,2437,380782.800,FINESTEERING,SOL_COMPUTED,NARROW_FLOAT,32,30,4.1962,6.191,1.8,1314
gnss_raw.txt,2437,380782.900,FINESTEERING,SOL_COMPUTED,NARROW_FLOAT,31,29,4.1962,6.191,0.9,1314
gnss_raw.txt,2437,380783.000,FINESTEERING,SOL_COMPUTED,NARROW_FLOAT,31,29,3.0904,4.6441,1.0,1314
gnss_raw.txt,2437,380783.100,FINESTEERING,SOL_COMPUTED,NARROW_FLOAT,31,29,3.0904,4.6441,1.1,1314
gnss_raw.txt,2437,380783.200,FINESTEERING,SOL_COMPUTED,NARROW_FLOAT,31,29,3.0904,4.6441,1.2,1314
gnss_raw.txt,2437,380783.300,FINESTEERING,SOL_COMPUTED,NARROW_FLOAT,31,29,3.0904,4.6441,1.3,1314
gnss_raw.txt,2437,380783.400,FINESTEERING,SOL_COMPUTED,NARROW_FLOAT,31,29,3.0905,4.6441,1.4,1314
gnss_raw.txt,2437,380783.500,FINESTEERING,SOL_COMPUTED,NARROW_FLOAT,31,29,3.0905,4.6441,1.5,1314
gnss_raw.txt,2437,380783.600,FINESTEERING,SOL_COMPUTED,NARROW_FLOAT,31,29,3.0905,4.6441,1.6,1314
gnss_raw.txt,2437,380783.700,FINESTEERING,SOL_COMPUTED,NARROW_FLOAT,31,29,3.0905,4.6441,0.7,1314
gnss_raw.txt,2437,380783.800,FINESTEERING,SOL_COMPUTED,NARROW_FLOAT,30,28,3.0905,4.6441,0.8,1314
gnss_raw.txt,2437,380783.900,FINESTEERING,SOL_COMPUTED,NARROW_FLOAT,29,27,3.0905,4.6441,0.9,1314
gnss_raw.txt,2437,380784.000,FINESTEERING,SOL_COMPUTED,NARROW_FLOAT,29,27,5.4858,8.3856,1.0,1314
gnss_raw.txt,2437,380784.100,FINESTEERING,SOL_COMPUTED,NARROW_FLOAT,30,28,5.4858,8.3856,1.1,1314
gnss_raw.txt,2437,380784.200,FINESTEERING,SOL_COMPUTED,NARROW_FLOAT,31,28,5.4858,8.3856,1.2,1314
gnss_raw.txt,2437,380784.300,FINESTEERING,SOL_COMPUTED,NARROW_FLOAT,31,28,5.4858,8.3856,1.3,1314
gnss_raw.txt,2437,380784.400,FINESTEERING,SOL_COMPUTED,NARROW_FLOAT,31,28,5.4858,8.3856,1.4,1314
gnss_raw.txt,2437,380784.500,FINESTEERING,SOL_COMPUTED,NARROW_FLOAT,30,27,5.4858,8.3856,1.5,1314
gnss_raw.txt,2437,380784.600,FINESTEERING,SOL_COMPUTED,NARROW_FLOAT,31,28,5.4858,8.3856,1.6,1314
gnss_raw.txt,2437,380784.700,FINESTEERING,SOL_COMPUTED,NARROW_FLOAT,31,28,5.4858,8.3856,1.7,1314
gnss_raw.txt,2437,380784.800,FINESTEERING,SOL_COMPUTED,NARROW_FLOAT,31,28,5.4858,8.3856,1.8,1314
gnss_raw.txt,2437,380784.900,FINESTEERING,SOL_COMPUTED,NARROW_FLOAT,32,29,5.4858,8.3856,1.9,1314
gnss_raw.txt,2437,380785.000,FINESTEERING,SOL_COMPUTED,NARROW_FLOAT,32,29,4.2026,6.4403,1.0,1314
gnss_raw.txt,2437,380785.100,FINESTEERING,SOL_COMPUTED,NARROW_FLOAT,32,29,4.2026,6.4403,1.1,1314
gnss_raw.txt,2437,380785.200,FINESTEERING,SOL_COMPUTED,NARROW_FLOAT,32,29,4.2026,6.4403,1.2,1314
gnss_raw.txt,2437,380785.300,FINESTEERING,SOL_COMPUTED,NARROW_FLOAT,32,29,4.2026,6.4403,1.3,1314
gnss_raw.txt,2437,380785.400,FINESTEERING,SOL_COMPUTED,NARROW_FLOAT,32,29,4.2027,6.4403,1.4,1314
gnss_raw.txt,2437,380785.500,FINESTEERING,SOL_COMPUTED,NARROW_FLOAT,32,29,4.2027,6.4403,1.5,1314
gnss_raw.txt,2437,380785.600,FINESTEERING,SOL_COMPUTED,NARROW_FLOAT,32,29,4.2027,6.4404,1.6,1314
gnss_raw.txt,2437,380785.700,FINESTEERING,SOL_COMPUTED,NARROW_FLOAT,32,29,4.2027,6.4404,1.7,1314
gnss_raw.txt,2437,380785.800,FINESTEERING,SOL_COMPUTED,NARROW_FLOAT,32,29,4.2027,6.4404,1.8,1314
gnss_raw.txt,2437,380785.900,FINESTEERING,SOL_COMPUTED,NARROW_FLOAT,32,29,4.2027,6.4404,0.9,1314
gnss_raw.txt,2437,380786.000,FINESTEERING,SOL_COMPUTED,NARROW_FLOAT,32,29,3.5782,5.4921,1.0,1314
gnss_raw.txt,2437,380786.100,FINESTEERING,SOL_COMPUTED,NARROW_FLOAT,33,30,3.5783,5.4921,1.1,1314
gnss_raw.txt,2437,380786.200,FINESTEERING,SOL_COMPUTED,NARROW_FLOAT,33,30,3.5783,5.4921,1.2,1314
gnss_raw.txt,2437,380786.300,FINESTEERING,SOL_COMPUTED,NARROW_FLOAT,32,29,3.5783,5.4921,1.3,1314
gnss_raw.txt,2437,380786.400,FINESTEERING,SOL_COMPUTED,NARROW_FLOAT,32,29,3.5783,5.4921,1.4,1314
gnss_raw.txt,2437,380786.500,FINESTEERING,SOL_COMPUTED,NARROW_FLOAT,33,30,3.5783,5.4921,1.5,1314
gnss_raw.txt,2437,380786.600,FINESTEERING,SOL_COMPUTED,NARROW_FLOAT,32,30,3.5783,5.4922,1.6,1314
gnss_raw.txt,2437,380786.700,FINESTEERING,SOL_COMPUTED,NARROW_FLOAT,32,30,3.5783,5.4922,0.7,1314
gnss_raw.txt,2437,380786.800,FINESTEERING,SOL_COMPUTED,NARROW_FLOAT,32,30,3.5783,5.4922,0.8,1314
gnss_raw.txt,2437,380786.900,FINESTEERING,SOL_COMPUTED,NARROW_FLOAT,32,30,3.5783,5.4922,0.9,1314
gnss_raw.txt,2437,380787.000,FINESTEERING,SOL_COMPUTED,NARROW_FLOAT,32,30,4.3073,6.5748,1.0,1314
gnss_raw.txt,2437,380787.100,FINESTEERING,SOL_COMPUTED,NARROW_FLOAT,33,31,4.3073,6.5748,1.1,1314
gnss_raw.txt,2437,380787.200,FINESTEERING,SOL_COMPUTED,NARROW_FLOAT,33,31,4.3073,6.5748,1.2,1314
gnss_raw.txt,2437,380787.300,FINESTEERING,SOL_COMPUTED,NARROW_FLOAT,33,31,4.3073,6.5748,1.3,1314
gnss_raw.txt,2437,380787.400,FINESTEERING,SOL_COMPUTED,NARROW_FLOAT,33,31,4.3073,6.5748,1.4,1314
gnss_raw.txt,2437,380787.500,FINESTEERING,SOL_COMPUTED,NARROW_FLOAT,33,31,4.3073,6.5748,1.5,1314
gnss_raw.txt,2437,380787.600,FINESTEERING,SOL_COMPUTED,NARROW_FLOAT,34,31,4.3073,6.5749,1.6,1314
gnss_raw.txt,2437,380787.700,FINESTEERING,SOL_COMPUTED,NARROW_FLOAT,34,31,4.3073,6.5749,1.7,1314
gnss_raw.txt,2437,380787.800,FINESTEERING,SOL_COMPUTED,NARROW_FLOAT,33,30,4.3073,6.5749,0.8,1314
gnss_raw.txt,2437,380787.900,FINESTEERING,SOL_COMPUTED,NARROW_FLOAT,32,30,4.3073,6.5749,0.9,1314
gnss_raw.txt,2437,380788.000,FINESTEERING,SOL_COMPUTED,NARROW_FLOAT,32,30,1.6083,2.4539,1.0,1314
gnss_raw.txt,2437,380788.100,FINESTEERING,SOL_COMPUTED,NARROW_FLOAT,32,30,1.6083,2.4539,1.1,1314
gnss_raw.txt,2437,380788.200,FINESTEERING,SOL_COMPUTED,NARROW_FLOAT,32,30,1.6084,2.4539,1.2,1314
gnss_raw.txt,2437,380788.300,FINESTEERING,SOL_COMPUTED,NARROW_FLOAT,32,30,1.6084,2.4539,1.3,1314
gnss_raw.txt,2437,380788.400,FINESTEERING,SOL_COMPUTED,NARROW_FLOAT,32,30,1.6084,2.4539,1.4,1314
gnss_raw.txt,2437,380788.500,FINESTEERING,SOL_COMPUTED,NARROW_FLOAT,32,30,1.6084,2.4539,1.5,1314
gnss_raw.txt,2437,380788.600,FINESTEERING,SOL_COMPUTED,NARROW_FLOAT,32,30,1.6084,2.4539,1.6,1314
gnss_raw.txt,2437,380788.700,FINESTEERING,SOL_COMPUTED,NARROW_FLOAT,31,29,1.6084,2.4539,1.7,1314
gnss_raw.txt,2437,380788.800,FINESTEERING,SOL_COMPUTED,NARROW_FLOAT,31,29,1.6084,2.4539,1.8,1314
gnss_raw.txt,2437,380788.900,FINESTEERING,SOL_COMPUTED,NARROW_FLOAT,31,29,1.6084,2.4539,0.9,1314
gnss_raw.txt,2437,380789.000,FINESTEERING,SOL_COMPUTED,NARROW_FLOAT,31,29,1.6651,2.5352,1.0,1314
gnss_raw.txt,2437,380789.100,FINESTEERING,SOL_COMPUTED,NARROW_FLOAT,31,29,1.6652,2.5352,1.1,1314
gnss_raw.txt,2437,380789.200,FINESTEERING,SOL_COMPUTED,NARROW_FLOAT,32,29,1.6652,2.5352,1.2,1314
gnss_raw.txt,2437,380789.300,FINESTEERING,SOL_COMPUTED,NARROW_FLOAT,32,29,1.6652,2.5352,1.3,1314
gnss_raw.txt,2437,380789.400,FINESTEERING,SOL_COMPUTED,NARROW_FLOAT,31,29,1.6652,2.5353,1.4,1314
gnss_raw.txt,2437,380789.500,FINESTEERING,SOL_COMPUTED,NARROW_FLOAT,31,29,1.6652,2.5353,1.5,1314
gnss_raw.txt,2437,380789.600,FINESTEERING,SOL_COMPUTED,NARROW_FLOAT,31,29,1.6652,2.5353,1.6,1314
gnss_raw.txt,2437,380789.700,FINESTEERING,SOL_COMPUTED,NARROW_FLOAT,31,29,1.6653,2.5353,1.7,1314
gnss_raw.txt,2437,380789.800,FINESTEERING,SOL_COMPUTED,NARROW_FLOAT,31,29,1.6653,2.5353,1.8,1314
gnss_raw.txt,2437,380789.900,FINESTEERING,SOL_COMPUTED,NARROW_FLOAT,31,29,1.6653,2.5353,0.9,1314
gnss_raw.txt,2437,380790.000,FINESTEERING,SOL_COMPUTED,NARROW_FLOAT,31,29,2.1577,3.3023,1.0,1314
gnss_raw.txt,2437,380790.100,FINESTEERING,SOL_COMPUTED,NARROW_FLOAT,31,29,2.1577,3.3023,1.1,1314
gnss_raw.txt,2437,380790.200,FINESTEERING,SOL_COMPUTED,NARROW_FLOAT,31,29,2.1577,3.3023,1.2,1314
gnss_raw.txt,2437,380790.300,FINESTEERING,SOL_COMPUTED,NARROW_FLOAT,31,29,2.1577,3.3023,1.3,1314
gnss_raw.txt,2437,380790.400,FINESTEERING,SOL_COMPUTED,NARROW_FLOAT,31,29,2.1577,3.3023,1.4,1314
gnss_raw.txt,2437,380790.500,FINESTEERING,SOL_COMPUTED,NARROW_FLOAT,31,29,2.1577,3.3023,1.5,1314
gnss_raw.txt,2437,380790.600,FINESTEERING,SOL_COMPUTED,NARROW_FLOAT,31,29,2.1577,3.3023,1.6,1314
gnss_raw.txt,2437,380790.700,FINESTEERING,SOL_COMPUTED,NARROW_FLOAT,31,29,2.1577,3.3023,0.7,1314
gnss_raw.txt,2437,380790.800,FINESTEERING,SOL_COMPUTED,NARROW_FLOAT,31,29,2.1578,3.3024,0.8,1314
gnss_raw.txt,2437,380790.900,FINESTEERING,SOL_COMPUTED,NARROW_FLOAT,31,29,2.1578,3.3024,0.9,1314
gnss_raw.txt,2437,380791.000,FINESTEERING,SOL_COMPUTED,NARROW_FLOAT,31,29,2.8676,4.3828,1.0,1314
gnss_raw.txt,2437,380791.100,FINESTEERING,SOL_COMPUTED,NARROW_FLOAT,31,29,2.8676,4.3828,1.1,1314
gnss_raw.txt,2437,380791.200,FINESTEERING,SOL_COMPUTED,NARROW_FLOAT,31,29,2.8676,4.3828,1.2,1314
gnss_raw.txt,2437,380791.300,FINESTEERING,SOL_COMPUTED,NARROW_FLOAT,31,29,2.8676,4.3828,1.3,1314
gnss_raw.txt,2437,380791.400,FINESTEERING,SOL_COMPUTED,NARROW_FLOAT,31,29,2.8676,4.3828,1.4,1314
gnss_raw.txt,2437,380791.500,FINESTEERING,SOL_COMPUTED,NARROW_FLOAT,31,29,2.8676,4.3828,1.5,1314
gnss_raw.txt,2437,380791.600,FINESTEERING,SOL_COMPUTED,NARROW_FLOAT,31,29,2.8676,4.3828,1.6,1314
gnss_raw.txt,2437,380791.700,FINESTEERING,SOL_COMPUTED,NARROW_FLOAT,32,30,2.8676,4.3828,0.7,1314
gnss_raw.txt,2437,380791.800,FINESTEERING,SOL_COMPUTED,NARROW_FLOAT,32,30,2.8676,4.3828,0.8,1314
gnss_raw.txt,2437,380791.900,FINESTEERING,SOL_COMPUTED,NARROW_FLOAT,32,30,2.8676,4.3829,0.9,1314
gnss_raw.txt,2437,380792.000,FINESTEERING,SOL_COMPUTED,NARROW_FLOAT,32,30,3.4847,5.3193,1.0,1314
gnss_raw.txt,2437,380792.100,FINESTEERING,SOL_COMPUTED,NARROW_FLOAT,32,30,3.4847,5.3193,1.1,1314
gnss_raw.txt,2437,380792.200,FINESTEERING,SOL_COMPUTED,NARROW_FLOAT,33,30,3.4847,5.3193,1.2,1314
gnss_raw.txt,2437,380792.300,FINESTEERING,SOL_COMPUTED,NARROW_FLOAT,32,29,3.4847,5.3193,1.3,1314
gnss_raw.txt,2437,380792.400,FINESTEERING,SOL_COMPUTED,NARROW_FLOAT,32,29,3.4847,5.3193,1.4,1314
gnss_raw.txt,2437,380792.500,FINESTEERING,SOL_COMPUTED,NARROW_FLOAT,32,29,3.4847,5.3193,1.5,1314
gnss_raw.txt,2437,380792.600,FINESTEERING,SOL_COMPUTED,NARROW_FLOAT,32,29,3.4847,5.3193,1.6,1314
gnss_raw.txt,2437,380792.700,FINESTEERING,SOL_COMPUTED,NARROW_FLOAT,32,29,3.4847,5.3193,1.7,1314
gnss_raw.txt,2437,380792.800,FINESTEERING,SOL_COMPUTED,NARROW_FLOAT,32,29,3.4847,5.3194,1.8,1314
gnss_raw.txt,2437,380792.900,FINESTEERING,SOL_COMPUTED,NARROW_FLOAT,33,30,3.4847,5.3194,0.9,1314
gnss_raw.txt,2437,380793.000,FINESTEERING,SOL_COMPUTED,NARROW_FLOAT,33,30,3.8542,5.8867,1.0,1314
gnss_raw.txt,2437,380793.100,FINESTEERING,SOL_COMPUTED,NARROW_FLOAT,33,30,3.8542,5.8867,1.1,1314
gnss_raw.txt,2437,380793.200,FINESTEERING,SOL_COMPUTED,NARROW_FLOAT,33,30,3.8542,5.8867,1.2,1314
gnss_raw.txt,2437,380793.300,FINESTEERING,SOL_COMPUTED,NARROW_FLOAT,33,30,3.8542,5.8867,1.3,1314
gnss_raw.txt,2437,380793.400,FINESTEERING,SOL_COMPUTED,NARROW_FLOAT,33,30,3.8542,5.8867,1.4,1314
gnss_raw.txt,2437,380793.500,FINESTEERING,SOL_COMPUTED,NARROW_FLOAT,33,30,3.8542,5.8867,1.5,1314
gnss_raw.txt,2437,380793.600,FINESTEERING,SOL_COMPUTED,NARROW_FLOAT,33,30,3.8542,5.8867,1.6,1314
gnss_raw.txt,2437,380793.700,FINESTEERING,SOL_COMPUTED,NARROW_FLOAT,33,30,3.8542,5.8867,0.7,1314
gnss_raw.txt,2437,380793.800,FINESTEERING,SOL_COMPUTED,NARROW_FLOAT,32,29,3.8542,5.8867,0.8,1314
gnss_raw.txt,2437,380793.900,FINESTEERING,SOL_COMPUTED,NARROW_FLOAT,32,29,3.8542,5.8867,0.9,1314
gnss_raw.txt,2437,380794.000,FINESTEERING,SOL_COMPUTED,NARROW_FLOAT,32,29,4.4251,6.7723,1.0,1314
gnss_raw.txt,2437,380794.100,FINESTEERING,SOL_COMPUTED,NARROW_FLOAT,32,29,4.4252,6.7723,1.1,1314
gnss_raw.txt,2437,380794.200,FINESTEERING,SOL_COMPUTED,NARROW_FLOAT,32,29,4.4252,6.7723,1.2,1314
gnss_raw.txt,2437,380794.300,FINESTEERING,SOL_COMPUTED,NARROW_FLOAT,32,29,4.4252,6.7723,1.3,1314
gnss_raw.txt,2437,380794.400,FINESTEERING,SOL_COMPUTED,NARROW_FLOAT,32,29,4.4252,6.7723,1.4,1314
gnss_raw.txt,2437,380794.500,FINESTEERING,SOL_COMPUTED,NARROW_FLOAT,32,29,4.4252,6.7723,1.5,1314
gnss_raw.txt,2437,380794.600,FINESTEERING,SOL_COMPUTED,NARROW_FLOAT,31,28,4.4252,6.7723,1.6,1314
gnss_raw.txt,2437,380794.700,FINESTEERING,SOL_COMPUTED,NARROW_FLOAT,31,28,4.4252,6.7723,1.7,1314
gnss_raw.txt,2437,380794.800,FINESTEERING,SOL_COMPUTED,NARROW_FLOAT,31,28,4.4252,6.7724,1.8,1314
gnss_raw.txt,2437,380794.900,FINESTEERING,SOL_COMPUTED,NARROW_FLOAT,31,28,4.4252,6.7724,0.9,1314
gnss_raw.txt,2437,380795.000,FINESTEERING,SOL_COMPUTED,NARROW_FLOAT,31,28,5.3787,8.2437,1.0,1314
gnss_raw.txt,2437,380795.100,FINESTEERING,SOL_COMPUTED,NARROW_FLOAT,31,28,5.3787,8.2437,1.1,1314
gnss_raw.txt,2437,380795.200,FINESTEERING,SOL_COMPUTED,NARROW_FLOAT,31,28,5.3787,8.2437,1.2,1314
gnss_raw.txt,2437,380795.300,FINESTEERING,SOL_COMPUTED,NARROW_FLOAT,31,28,5.3787,8.2437,1.3,1314
gnss_raw.txt,2437,380795.400,FINESTEERING,SOL_COMPUTED,NARROW_FLOAT,31,28,5.3787,8.2438,1.4,1314
gnss_raw.txt,2437,380795.500,FINESTEERING,SOL_COMPUTED,NARROW_FLOAT,31,28,5.3787,8.2438,1.5,1314
gnss_raw.txt,2437,380795.600,FINESTEERING,SOL_COMPUTED,NARROW_FLOAT,30,28,5.3787,8.2438,1.6,1314
gnss_raw.txt,2437,380795.700,FINESTEERING,SOL_COMPUTED,NARROW_FLOAT,30,28,5.3787,8.2438,1.7,1314
gnss_raw.txt,2437,380795.800,FINESTEERING,SOL_COMPUTED,NARROW_FLOAT,30,28,5.3787,8.2438,0.8,1314
gnss_raw.txt,2437,380795.900,FINESTEERING,SOL_COMPUTED,NARROW_FLOAT,30,28,5.3787,8.2438,0.9,1314
gnss_raw.txt,2437,380796.000,FINESTEERING,SOL_COMPUTED,NARROW_FLOAT,30,28,5.6536,8.6595,1.0,1314
gnss_raw.txt,2437,380796.100,FINESTEERING,SOL_COMPUTED,NARROW_FLOAT,30,28,5.6536,8.6595,1.1,1314
gnss_raw.txt,2437,380796.200,FINESTEERING,SOL_COMPUTED,NARROW_FLOAT,30,28,5.6536,8.6596,1.2,1314
gnss_raw.txt,2437,380796.300,FINESTEERING,SOL_COMPUTED,NARROW_FLOAT,30,28,5.6536,8.6596,1.3,1314
gnss_raw.txt,2437,380796.400,FINESTEERING,SOL_COMPUTED,NARROW_FLOAT,30,28,5.6536,8.6596,1.4,1314
gnss_raw.txt,2437,380796.500,FINESTEERING,SOL_COMPUTED,NARROW_FLOAT,31,29,5.6536,8.6596,1.5,1314
gnss_raw.txt,2437,380796.600,FINESTEERING,SOL_COMPUTED,NARROW_FLOAT,32,29,5.6536,8.6596,1.6,1314
gnss_raw.txt,2437,380796.700,FINESTEERING,SOL_COMPUTED,NARROW_FLOAT,32,29,5.6536,8.6596,1.7,1314
gnss_raw.txt,2437,380796.800,FINESTEERING,SOL_COMPUTED,NARROW_FLOAT,32,29,5.6536,8.6596,1.8,1314
gnss_raw.txt,2437,380796.900,FINESTEERING,SOL_COMPUTED,NARROW_FLOAT,32,29,5.6536,8.6596,1.9,1314
gnss_raw.txt,2437,380797.000,FINESTEERING,SOL_COMPUTED,NARROW_FLOAT,32,29,5.6084,8.569,1.0,1314
gnss_raw.txt,2437,380797.100,FINESTEERING,SOL_COMPUTED,NARROW_FLOAT,32,29,5.6084,8.569,1.1,1314
gnss_raw.txt,2437,380797.200,FINESTEERING,SOL_COMPUTED,NARROW_FLOAT,32,29,5.6084,8.569,1.2,1314
gnss_raw.txt,2437,380797.300,FINESTEERING,SOL_COMPUTED,NARROW_FLOAT,32,29,5.6084,8.569,1.3,1314
gnss_raw.txt,2437,380797.400,FINESTEERING,SOL_COMPUTED,NARROW_FLOAT,32,29,5.6084,8.569,1.4,1314
gnss_raw.txt,2437,380797.500,FINESTEERING,SOL_COMPUTED,NARROW_FLOAT,32,29,5.6084,8.569,1.5,1314
gnss_raw.txt,2437,380797.600,FINESTEERING,SOL_COMPUTED,NARROW_FLOAT,32,29,5.6084,8.569,1.6,1314
gnss_raw.txt,2437,380797.700,FINESTEERING,SOL_COMPUTED,NARROW_FLOAT,32,29,5.6084,8.569,1.7,1314
gnss_raw.txt,2437,380797.800,FINESTEERING,SOL_COMPUTED,NARROW_FLOAT,32,29,5.6084,8.569,1.8,1314
gnss_raw.txt,2437,380797.900,FINESTEERING,SOL_COMPUTED,NARROW_FLOAT,32,29,5.6084,8.569,1.9,1314
gnss_raw.txt,2437,380798.000,FINESTEERING,SOL_COMPUTED,NARROW_FLOAT,31,29,6.3785,9.7571,1.0,1314
gnss_raw.txt,2437,380798.100,FINESTEERING,SOL_COMPUTED,NARROW_FLOAT,31,29,6.3785,9.7571,1.1,1314
gnss_raw.txt,2437,380798.200,FINESTEERING,SOL_COMPUTED,NARROW_FLOAT,31,29,6.3785,9.7571,1.2,1314
gnss_raw.txt,2437,380798.300,FINESTEERING,SOL_COMPUTED,NARROW_FLOAT,31,29,6.3785,9.7571,1.3,1314
gnss_raw.txt,2437,380798.400,FINESTEERING,SOL_COMPUTED,NARROW_FLOAT,31,29,6.3785,9.7571,1.4,1314
gnss_raw.txt,2437,380798.500,FINESTEERING,SOL_COMPUTED,NARROW_FLOAT,31,29,6.3785,9.7571,1.5,1314
gnss_raw.txt,2437,380798.600,FINESTEERING,SOL_COMPUTED,NARROW_FLOAT,31,29,6.3785,9.7571,1.6,1314
gnss_raw.txt,2437,380798.700,FINESTEERING,SOL_COMPUTED,NARROW_FLOAT,32,29,6.3785,9.7571,1.7,1314
gnss_raw.txt,2437,380798.800,FINESTEERING,SOL_COMPUTED,NARROW_FLOAT,32,29,6.3785,9.7571,1.8,1314
gnss_raw.txt,2437,380798.900,FINESTEERING,SOL_COMPUTED,NARROW_FLOAT,32,29,6.3785,9.7571,0.9,1314
gnss_raw.txt,2437,380799.000,FINESTEERING,SOL_COMPUTED,NARROW_FLOAT,31,29,6.4308,9.8341,1.0,1314
gnss_raw.txt,2437,380799.100,FINESTEERING,SOL_COMPUTED,NARROW_FLOAT,31,29,6.4308,9.8341,1.1,1314
gnss_raw.txt,2437,380799.200,FINESTEERING,SOL_COMPUTED,NARROW_FLOAT,31,29,6.4308,9.8341,1.2,1314
gnss_raw.txt,2437,380799.300,FINESTEERING,SOL_COMPUTED,NARROW_FLOAT,31,29,6.4308,9.8341,1.3,1314
gnss_raw.txt,2437,380799.400,FINESTEERING,SOL_COMPUTED,NARROW_FLOAT,31,29,6.4308,9.8341,1.4,1314
gnss_raw.txt,2437,380799.500,FINESTEERING,SOL_COMPUTED,NARROW_FLOAT,31,29,6.4308,9.8341,1.5,1314
gnss_raw.txt,2437,380799.600,FINESTEERING,SOL_COMPUTED,NARROW_FLOAT,31,29,6.4308,9.8342,1.6,1314
gnss_raw.txt,2437,380799.700,FINESTEERING,SOL_COMPUTED,NARROW_FLOAT,31,29,6.4308,9.8342,1.7,1314
gnss_raw.txt,2437,380799.800,FINESTEERING,SOL_COMPUTED,NARROW_FLOAT,31,29,6.4308,9.8342,1.8,1314
gnss_raw.txt,2437,380799.900,FINESTEERING,SOL_COMPUTED,NARROW_FLOAT,31,29,6.4308,9.8342,0.9,1314
gnss_raw.txt,2437,380800.000,FINESTEERING,SOL_COMPUTED,NARROW_FLOAT,31,29,6.5167,10.0459,1.0,1314
gnss_raw.txt,2437,380800.100,FINESTEERING,SOL_COMPUTED,NARROW_FLOAT,31,29,6.5167,10.0459,1.1,1314
gnss_raw.txt,2437,380800.200,FINESTEERING,SOL_COMPUTED,NARROW_FLOAT,31,29,6.5167,10.0459,1.2,1314
gnss_raw.txt,2437,380800.300,FINESTEERING,SOL_COMPUTED,NARROW_FLOAT,31,29,6.5167,10.0459,1.3,1314
gnss_raw.txt,2437,380800.400,FINESTEERING,SOL_COMPUTED,NARROW_FLOAT,31,29,6.5167,10.0459,1.4,1314
gnss_raw.txt,2437,380800.500,FINESTEERING,SOL_COMPUTED,NARROW_FLOAT,31,29,6.5167,10.0459,1.5,1314
gnss_raw.txt,2437,380800.600,FINESTEERING,SOL_COMPUTED,NARROW_FLOAT,31,29,6.5167,10.0459,1.6,1314
gnss_raw.txt,2437,380800.700,FINESTEERING,SOL_COMPUTED,NARROW_FLOAT,30,28,6.5167,10.0459,1.7,1314
gnss_raw.txt,2437,380800.800,FINESTEERING,SOL_COMPUTED,NARROW_FLOAT,30,28,6.5167,10.0459,1.8,1314
gnss_raw.txt,2437,380800.900,FINESTEERING,SOL_COMPUTED,NARROW_FLOAT,30,28,6.5167,10.0459,0.9,1314
gnss_raw.txt,2437,380801.000,FINESTEERING,SOL_COMPUTED,NARROW_FLOAT,30,28,6.7282,10.3414,1.0,1314
gnss_raw.txt,2437,380801.100,FINESTEERING,SOL_COMPUTED,NARROW_FLOAT,30,28,6.7282,10.3414,1.1,1314
gnss_raw.txt,2437,380801.200,FINESTEERING,SOL_COMPUTED,NARROW_FLOAT,30,28,6.7282,10.3414,1.2,1314
gnss_raw.txt,2437,380801.300,FINESTEERING,SOL_COMPUTED,NARROW_FLOAT,30,28,6.7282,10.3414,1.3,1314
gnss_raw.txt,2437,380801.400,FINESTEERING,SOL_COMPUTED,NARROW_FLOAT,30,28,6.7282,10.3414,1.4,1314
gnss_raw.txt,2437,380801.500,FINESTEERING,SOL_COMPUTED,NARROW_FLOAT,30,28,6.7282,10.3414,1.5,1314
gnss_raw.txt,2437,380801.600,FINESTEERING,SOL_COMPUTED,NARROW_FLOAT,31,29,6.7282,10.3414,1.6,1314
gnss_raw.txt,2437,380801.700,FINESTEERING,SOL_COMPUTED,NARROW_FLOAT,32,30,6.7282,10.3414,0.7,1314
gnss_raw.txt,2437,380801.800,FINESTEERING,SOL_COMPUTED,NARROW_FLOAT,32,30,6.7282,10.3414,0.8,1314
gnss_raw.txt,2437,380801.900,FINESTEERING,SOL_COMPUTED,NARROW_FLOAT,32,30,6.7282,10.3414,0.9,1314
gnss_raw.txt,2437,380802.000,FINESTEERING,SOL_COMPUTED,NARROW_FLOAT,32,30,6.9934,10.722,1.0,1314
gnss_raw.txt,2437,380802.100,FINESTEERING,SOL_COMPUTED,NARROW_FLOAT,32,30,6.9934,10.722,1.1,1314
gnss_raw.txt,2437,380802.200,FINESTEERING,SOL_COMPUTED,NARROW_FLOAT,32,30,6.9934,10.722,1.2,1314
gnss_raw.txt,2437,380802.300,FINESTEERING,SOL_COMPUTED,NARROW_FLOAT,32,30,6.9934,10.722,1.3,1314
gnss_raw.txt,2437,380802.400,FINESTEERING,SOL_COMPUTED,NARROW_FLOAT,32,30,6.9934,10.722,1.4,1314
gnss_raw.txt,2437,380802.500,FINESTEERING,SOL_COMPUTED,NARROW_FLOAT,32,30,6.9934,10.722,1.5,1314
gnss_raw.txt,2437,380802.600,FINESTEERING,SOL_COMPUTED,NARROW_FLOAT,32,30,6.9934,10.7221,1.6,1314
gnss_raw.txt,2437,380802.700,FINESTEERING,SOL_COMPUTED,NARROW_FLOAT,32,30,6.9934,10.7221,1.7,1314
gnss_raw.txt,2437,380802.800,FINESTEERING,SOL_COMPUTED,NARROW_FLOAT,32,30,6.9934,10.7221,0.8,1314
gnss_raw.txt,2437,380802.900,FINESTEERING,SOL_COMPUTED,NARROW_FLOAT,32,30,6.9934,10.7221,0.9,1314
gnss_raw.txt,2437,380803.000,FINESTEERING,SOL_COMPUTED,NARROW_FLOAT,32,30,7.5287,11.5267,1.0,1314
gnss_raw.txt,2437,380803.100,FINESTEERING,SOL_COMPUTED,NARROW_FLOAT,32,30,7.5287,11.5267,1.1,1314
gnss_raw.txt,2437,380803.200,FINESTEERING,SOL_COMPUTED,NARROW_FLOAT,32,30,7.5287,11.5267,1.2,1314
gnss_raw.txt,2437,380803.300,FINESTEERING,SOL_COMPUTED,NARROW_FLOAT,32,30,7.5287,11.5267,1.3,1314
gnss_raw.txt,2437,380803.400,FINESTEERING,SOL_COMPUTED,NARROW_FLOAT,32,30,7.5287,11.5267,1.4,1314
gnss_raw.txt,2437,380803.500,FINESTEERING,SOL_COMPUTED,NARROW_FLOAT,32,30,7.5287,11.5267,1.5,1314
gnss_raw.txt,2437,380803.600,FINESTEERING,SOL_COMPUTED,NARROW_FLOAT,32,30,7.5287,11.5267,1.6,1314
gnss_raw.txt,2437,380803.700,FINESTEERING,SOL_COMPUTED,NARROW_FLOAT,33,31,7.5287,11.5267,1.7,1314
gnss_raw.txt,2437,380803.800,FINESTEERING,SOL_COMPUTED,NARROW_FLOAT,33,31,7.5287,11.5267,1.8,1314
gnss_raw.txt,2437,380803.900,FINESTEERING,SOL_COMPUTED,NARROW_FLOAT,33,31,7.5287,11.5267,0.9,1314
gnss_raw.txt,2437,380804.000,FINESTEERING,SOL_COMPUTED,NARROW_FLOAT,33,31,7.4945,11.4637,1.0,1314
gnss_raw.txt,2437,380804.100,FINESTEERING,SOL_COMPUTED,NARROW_FLOAT,33,31,7.4945,11.4637,1.1,1314
gnss_raw.txt,2437,380804.200,FINESTEERING,SOL_COMPUTED,NARROW_FLOAT,33,31,7.4945,11.4637,1.2,1314
gnss_raw.txt,2437,380804.300,FINESTEERING,SOL_COMPUTED,NARROW_FLOAT,33,31,7.4945,11.4637,1.3,1314
gnss_raw.txt,2437,380804.400,FINESTEERING,SOL_COMPUTED,NARROW_FLOAT,33,31,7.4945,11.4637,1.4,1314
gnss_raw.txt,2437,380804.500,FINESTEERING,SOL_COMPUTED,NARROW_FLOAT,33,31,7.4945,11.4637,1.5,1314
gnss_raw.txt,2437,380804.600,FINESTEERING,SOL_COMPUTED,NARROW_FLOAT,33,31,7.4945,11.4637,1.6,1314
gnss_raw.txt,2437,380804.700,FINESTEERING,SOL_COMPUTED,NARROW_FLOAT,33,31,7.4945,11.4637,1.7,1314
gnss_raw.txt,2437,380804.800,FINESTEERING,SOL_COMPUTED,NARROW_FLOAT,33,31,7.4945,11.4637,0.8,1314
gnss_raw.txt,2437,380804.900,FINESTEERING,SOL_COMPUTED,NARROW_FLOAT,33,31,7.4945,11.4637,0.9,1314
gnss_raw.txt,2437,380805.000,FINESTEERING,SOL_COMPUTED,NARROW_FLOAT,33,31,6.9623,10.6433,1.0,1314
gnss_raw.txt,2437,380805.100,FINESTEERING,SOL_COMPUTED,NARROW_FLOAT,33,31,6.9623,10.6433,1.1,1314
gnss_raw.txt,2437,380805.200,FINESTEERING,SOL_COMPUTED,NARROW_FLOAT,32,30,6.9623,10.6433,1.2,1314
gnss_raw.txt,2437,380805.300,FINESTEERING,SOL_COMPUTED,NARROW_FLOAT,32,30,6.9623,10.6434,1.3,1314
gnss_raw.txt,2437,380805.400,FINESTEERING,SOL_COMPUTED,NARROW_FLOAT,32,30,6.9623,10.6434,1.4,1314
gnss_raw.txt,2437,380805.500,FINESTEERING,SOL_COMPUTED,NARROW_FLOAT,32,30,6.9623,10.6434,1.5,1314
gnss_raw.txt,2437,380805.600,FINESTEERING,SOL_COMPUTED,NARROW_FLOAT,32,30,6.9623,10.6434,1.6,1314
gnss_raw.txt,2437,380805.700,FINESTEERING,SOL_COMPUTED,NARROW_FLOAT,32,30,6.9623,10.6434,0.7,1314
gnss_raw.txt,2437,380805.800,FINESTEERING,SOL_COMPUTED,NARROW_FLOAT,32,30,6.9623,10.6434,0.8,1314
gnss_raw.txt,2437,380805.900,FINESTEERING,SOL_COMPUTED,NARROW_FLOAT,32,30,6.9623,10.6434,0.9,1314
gnss_raw.txt,2437,380806.000,FINESTEERING,SOL_COMPUTED,NARROW_FLOAT,32,30,9.4785,14.4496,1.0,1314
gnss_raw.txt,2437,380806.100,FINESTEERING,SOL_COMPUTED,NARROW_FLOAT,32,30,9.4785,14.4496,1.1,1314
gnss_raw.txt,2437,380806.200,FINESTEERING,SOL_COMPUTED,NARROW_FLOAT,32,30,9.4785,14.4496,1.2,1314
gnss_raw.txt,2437,380806.300,FINESTEERING,SOL_COMPUTED,NARROW_FLOAT,32,30,9.4785,14.4496,1.3,1314
gnss_raw.txt,2437,380806.400,FINESTEERING,SOL_COMPUTED,NARROW_FLOAT,32,30,9.4785,14.4496,1.4,1314
gnss_raw.txt,2437,380806.500,FINESTEERING,SOL_COMPUTED,NARROW_FLOAT,32,30,9.4785,14.4496,1.5,1314
gnss_raw.txt,2437,380806.600,FINESTEERING,SOL_COMPUTED,NARROW_FLOAT,32,30,9.4785,14.4496,1.6,1314
gnss_raw.txt,2437,380806.700,FINESTEERING,SOL_COMPUTED,NARROW_FLOAT,32,30,9.4785,14.4496,1.7,1314
gnss_raw.txt,2437,380806.800,FINESTEERING,SOL_COMPUTED,NARROW_FLOAT,32,30,9.4785,14.4496,1.8,1314
gnss_raw.txt,2437,380806.900,FINESTEERING,SOL_COMPUTED,NARROW_FLOAT,32,30,9.4785,14.4496,1.9,1314
gnss_raw.txt,2437,380807.000,FINESTEERING,SOL_COMPUTED,NARROW_FLOAT,32,30,7.8708,12.0198,1.0,1314
gnss_raw.txt,2437,380807.100,FINESTEERING,SOL_COMPUTED,NARROW_FLOAT,32,30,7.8708,12.0198,1.1,1314
gnss_raw.txt,2437,380807.200,FINESTEERING,SOL_COMPUTED,NARROW_FLOAT,32,30,7.8708,12.0198,1.2,1314
gnss_raw.txt,2437,380807.300,FINESTEERING,SOL_COMPUTED,NARROW_FLOAT,32,30,7.8708,12.0198,1.3,1314
gnss_raw.txt,2437,380807.400,FINESTEERING,SOL_COMPUTED,NARROW_FLOAT,32,30,7.8708,12.0198,1.4,1314
gnss_raw.txt,2437,380807.500,FINESTEERING,SOL_COMPUTED,NARROW_FLOAT,32,30,7.8708,12.0198,1.5,1314
gnss_raw.txt,2437,380807.600,FINESTEERING,SOL_COMPUTED,NARROW_FLOAT,32,30,7.8708,12.0198,1.6,1314
gnss_raw.txt,2437,380807.700,FINESTEERING,SOL_COMPUTED,NARROW_FLOAT,32,30,7.8708,12.0198,1.7,1314
gnss_raw.txt,2437,380807.800,FINESTEERING,SOL_COMPUTED,NARROW_FLOAT,32,30,7.8708,12.0198,1.8,1314
gnss_raw.txt,2437,380807.900,FINESTEERING,SOL_COMPUTED,NARROW_FLOAT,32,30,7.8708,12.0198,0.9,1314
gnss_raw.txt,2437,380808.000,FINESTEERING,SOL_COMPUTED,NARROW_FLOAT,32,30,8.101,12.371,1.0,1314
gnss_raw.txt,2437,380808.100,FINESTEERING,SOL_COMPUTED,NARROW_FLOAT,32,30,8.101,12.371,1.1,1314
gnss_raw.txt,2437,380808.200,FINESTEERING,SOL_COMPUTED,NARROW_FLOAT,32,30,8.101,12.371,1.2,1314
gnss_raw.txt,2437,380808.300,FINESTEERING,SOL_COMPUTED,NARROW_FLOAT,32,30,8.101,12.371,1.3,1314
gnss_raw.txt,2437,380808.400,FINESTEERING,SOL_COMPUTED,NARROW_FLOAT,32,30,8.101,12.371,1.4,1314
gnss_raw.txt,2437,380808.500,FINESTEERING,SOL_COMPUTED,NARROW_FLOAT,32,30,8.101,12.371,1.5,1314
gnss_raw.txt,2437,380808.600,FINESTEERING,SOL_COMPUTED,NARROW_FLOAT,32,30,8.101,12.371,1.6,1314
gnss_raw.txt,2437,380808.700,FINESTEERING,SOL_COMPUTED,NARROW_FLOAT,32,30,8.101,12.371,1.7,1314
gnss_raw.txt,2437,380808.800,FINESTEERING,SOL_COMPUTED,NARROW_FLOAT,32,30,8.101,12.371,0.8,1314
gnss_raw.txt,2437,380808.900,FINESTEERING,SOL_COMPUTED,NARROW_FLOAT,32,30,8.101,12.371,0.9,1314
gnss_raw.txt,2437,380809.000,FINESTEERING,SOL_COMPUTED,NARROW_FLOAT,32,30,8.0408,12.2755,1.0,1314
gnss_raw.txt,2437,380809.100,FINESTEERING,SOL_COMPUTED,NARROW_FLOAT,32,30,8.0408,12.2755,1.1,1314
gnss_raw.txt,2437,380809.200,FINESTEERING,SOL_COMPUTED,NARROW_FLOAT,32,30,8.0408,12.2755,1.2,1314
gnss_raw.txt,2437,380809.300,FINESTEERING,SOL_COMPUTED,NARROW_FLOAT,33,31,8.0408,12.2755,1.3,1314
gnss_raw.txt,2437,380809.400,FINESTEERING,SOL_COMPUTED,NARROW_FLOAT,34,31,8.0408,12.2755,1.4,1314
gnss_raw.txt,2437,380809.500,FINESTEERING,SOL_COMPUTED,NARROW_FLOAT,34,31,8.0408,12.2755,1.5,1314
gnss_raw.txt,2437,380809.600,FINESTEERING,SOL_COMPUTED,NARROW_FLOAT,34,31,8.0408,12.2755,1.6,1314
gnss_raw.txt,2437,380809.700,FINESTEERING,SOL_COMPUTED,NARROW_FLOAT,33,31,8.0408,12.2755,1.7,1314
gnss_raw.txt,2437,380809.800,FINESTEERING,SOL_COMPUTED,NARROW_FLOAT,33,31,8.0408,12.2755,1.8,1314
gnss_raw.txt,2437,380809.900,FINESTEERING,SOL_COMPUTED,NARROW_FLOAT,33,31,8.0408,12.2755,0.9,1314
gnss_raw.txt,2437,380810.000,FINESTEERING,SOL_COMPUTED,NARROW_FLOAT,33,31,7.9185,12.084,1.0,1314
gnss_raw.txt,2437,380810.100,FINESTEERING,SOL_COMPUTED,NARROW_FLOAT,33,31,7.9185,12.084,1.1,1314
gnss_raw.txt,2437,380810.200,FINESTEERING,SOL_COMPUTED,NARROW_FLOAT,33,31,7.9185,12.084,1.2,1314
gnss_raw.txt,2437,380810.300,FINESTEERING,SOL_COMPUTED,NARROW_FLOAT,33,31,7.9186,12.084,1.3,1314
gnss_raw.txt,2437,380810.400,FINESTEERING,SOL_COMPUTED,NARROW_FLOAT,33,31,7.9186,12.084,1.4,1314
gnss_raw.txt,2437,380810.500,FINESTEERING,SOL_COMPUTED,NARROW_FLOAT,33,31,7.9186,12.084,1.5,1314
gnss_raw.txt,2437,380810.600,FINESTEERING,SOL_COMPUTED,NARROW_FLOAT,33,31,7.9186,12.084,1.6,1314
gnss_raw.txt,2437,380810.700,FINESTEERING,SOL_COMPUTED,NARROW_FLOAT,33,31,7.9186,12.084,1.7,1314
gnss_raw.txt,2437,380810.800,FINESTEERING,SOL_COMPUTED,NARROW_FLOAT,33,31,7.9186,12.084,0.8,1314
gnss_raw.txt,2437,380810.900,FINESTEERING,SOL_COMPUTED,NARROW_FLOAT,33,31,7.9186,12.084,0.9,1314
gnss_raw.txt,2437,380811.000,FINESTEERING,SOL_COMPUTED,NARROW_FLOAT,33,31,8.0156,12.2283,1.0,1314
gnss_raw.txt,2437,380811.100,FINESTEERING,SOL_COMPUTED,NARROW_FLOAT,33,31,8.0156,12.2283,1.1,1314
gnss_raw.txt,2437,380811.200,FINESTEERING,SOL_COMPUTED,NARROW_FLOAT,33,31,8.0156,12.2283,1.2,1314
gnss_raw.txt,2437,380811.300,FINESTEERING,SOL_COMPUTED,NARROW_FLOAT,33,31,8.0156,12.2283,1.3,1314
gnss_raw.txt,2437,380811.400,FINESTEERING,SOL_COMPUTED,NARROW_FLOAT,33,31,8.0156,12.2283,1.4,1314
gnss_raw.txt,2437,380811.500,FINESTEERING,SOL_COMPUTED,NARROW_FLOAT,33,31,8.0156,12.2283,1.5,1314
gnss_raw.txt,2437,380811.600,FINESTEERING,SOL_COMPUTED,NARROW_FLOAT,33,31,8.0156,12.2283,1.6,1314
gnss_raw.txt,2437,380811.700,FINESTEERING,SOL_COMPUTED,NARROW_FLOAT,33,31,8.0156,12.2283,0.7,1314
gnss_raw.txt,2437,380811.800,FINESTEERING,SOL_COMPUTED,NARROW_FLOAT,33,31,8.0156,12.2283,0.8,1314
gnss_raw.txt,2437,380811.900,FINESTEERING,SOL_COMPUTED,NARROW_FLOAT,33,31,8.0156,12.2283,0.9,1314
gnss_raw.txt,2437,380812.000,FINESTEERING,SOL_COMPUTED,NARROW_FLOAT,33,31,7.7148,11.7671,1.0,1314
gnss_raw.txt,2437,380812.100,FINESTEERING,SOL_COMPUTED,NARROW_FLOAT,33,31,7.7148,11.7671,1.1,1314
gnss_raw.txt,2437,380812.200,FINESTEERING,SOL_COMPUTED,NARROW_FLOAT,33,31,7.7148,11.7671,1.2,1314
gnss_raw.txt,2437,380812.300,FINESTEERING,SOL_COMPUTED,NARROW_FLOAT,33,31,7.7148,11.7671,1.3,1314
gnss_raw.txt,2437,380812.400,FINESTEERING,SOL_COMPUTED,NARROW_FLOAT,33,31,7.7148,11.7671,1.4,1314
gnss_raw.txt,2437,380812.500,FINESTEERING,SOL_COMPUTED,NARROW_FLOAT,33,31,7.7148,11.7671,1.5,1314
gnss_raw.txt,2437,380812.600,FINESTEERING,SOL_COMPUTED,NARROW_FLOAT,33,31,7.7148,11.7671,1.6,1314
gnss_raw.txt,2437,380812.700,FINESTEERING,SOL_COMPUTED,NARROW_FLOAT,33,31,7.7148,11.7671,0.7,1314
gnss_raw.txt,2437,380812.800,FINESTEERING,SOL_COMPUTED,NARROW_FLOAT,33,31,7.7148,11.7671,0.8,1314
gnss_raw.txt,2437,380812.900,FINESTEERING,SOL_COMPUTED,NARROW_FLOAT,33,31,7.7148,11.7671,0.9,1314
gnss_raw.txt,2437,380813.000,FINESTEERING,SOL_COMPUTED,NARROW_FLOAT,33,31,7.5578,11.5258,1.0,1314
gnss_raw.txt,2437,380813.100,FINESTEERING,SOL_COMPUTED,NARROW_FLOAT,33,31,7.5578,11.5258,1.1,1314
gnss_raw.txt,2437,380813.200,FINESTEERING,SOL_COMPUTED,NARROW_FLOAT,33,31,7.5578,11.5258,1.2,1314
gnss_raw.txt,2437,380813.300,FINESTEERING,SOL_COMPUTED,NARROW_FLOAT,33,31,7.5578,11.5258,1.3,1314
gnss_raw.txt,2437,380813.400,FINESTEERING,SOL_COMPUTED,NARROW_FLOAT,33,31,7.5578,11.5258,1.4,1314
gnss_raw.txt,2437,380813.500,FINESTEERING,SOL_COMPUTED,NARROW_FLOAT,33,31,7.5578,11.5258,1.5,1314
gnss_raw.txt,2437,380813.600,FINESTEERING,SOL_COMPUTED,NARROW_FLOAT,33,31,7.5578,11.5258,1.6,1314
gnss_raw.txt,2437,380813.700,FINESTEERING,SOL_COMPUTED,NARROW_FLOAT,33,31,7.5578,11.5258,1.7,1314
gnss_raw.txt,2437,380813.800,FINESTEERING,SOL_COMPUTED,NARROW_FLOAT,33,31,7.5578,11.5258,0.8,1314
gnss_raw.txt,2437,380813.900,FINESTEERING,SOL_COMPUTED,NARROW_FLOAT,33,31,7.5578,11.5258,0.9,1314
gnss_raw.txt,2437,380814.000,FINESTEERING,SOL_COMPUTED,NARROW_FLOAT,33,31,7.4457,11.3535,1.0,1314
gnss_raw.txt,2437,380814.100,FINESTEERING,SOL_COMPUTED,NARROW_FLOAT,33,31,7.4457,11.3535,1.1,1314
gnss_raw.txt,2437,380814.200,FINESTEERING,SOL_COMPUTED,NARROW_FLOAT,33,31,7.4457,11.3535,1.2,1314
gnss_raw.txt,2437,380814.300,FINESTEERING,SOL_COMPUTED,NARROW_FLOAT,33,31,7.4457,11.3535,1.3,1314
gnss_raw.txt,2437,380814.400,FINESTEERING,SOL_COMPUTED,NARROW_FLOAT,33,31,7.4457,11.3535,1.4,1314
gnss_raw.txt,2437,380814.500,FINESTEERING,SOL_COMPUTED,NARROW_FLOAT,33,31,7.4457,11.3535,1.5,1314
gnss_raw.txt,2437,380814.600,FINESTEERING,SOL_COMPUTED,NARROW_FLOAT,33,31,7.4457,11.3535,1.6,1314
gnss_raw.txt,2437,380814.700,FINESTEERING,SOL_COMPUTED,NARROW_FLOAT,33,31,7.4457,11.3536,1.7,1314
gnss_raw.txt,2437,380814.800,FINESTEERING,SOL_COMPUTED,NARROW_FLOAT,33,31,7.4457,11.3536,0.8,1314
gnss_raw.txt,2437,380814.900,FINESTEERING,SOL_COMPUTED,NARROW_FLOAT,33,31,7.4457,11.3536,0.9,1314
gnss_raw.txt,2437,380815.000,FINESTEERING,SOL_COMPUTED,NARROW_FLOAT,33,31,7.3105,11.1463,1.0,1314
gnss_raw.txt,2437,380815.100,FINESTEERING,SOL_COMPUTED,NARROW_FLOAT,33,31,7.3105,11.1463,1.1,1314
gnss_raw.txt,2437,380815.200,FINESTEERING,SOL_COMPUTED,NARROW_FLOAT,33,31,7.3105,11.1464,1.2,1314
gnss_raw.txt,2437,380815.300,FINESTEERING,SOL_COMPUTED,NARROW_FLOAT,33,31,7.3105,11.1464,1.3,1314
gnss_raw.txt,2437,380815.400,FINESTEERING,SOL_COMPUTED,NARROW_FLOAT,33,31,7.3105,11.1464,1.4,1314
gnss_raw.txt,2437,380815.500,FINESTEERING,SOL_COMPUTED,NARROW_FLOAT,33,31,7.3105,11.1464,1.5,1314
gnss_raw.txt,2437,380815.600,FINESTEERING,SOL_COMPUTED,NARROW_FLOAT,33,31,7.3105,11.1464,1.6,1314
gnss_raw.txt,2437,380815.700,FINESTEERING,SOL_COMPUTED,NARROW_FLOAT,33,31,7.3105,11.1464,1.7,1314
gnss_raw.txt,2437,380815.800,FINESTEERING,SOL_COMPUTED,NARROW_FLOAT,33,31,7.3105,11.1464,0.8,1314
gnss_raw.txt,2437,380815.900,FINESTEERING,SOL_COMPUTED,NARROW_FLOAT,33,31,7.3105,11.1464,0.9,1314
gnss_raw.txt,2437,380816.000,FINESTEERING,SOL_COMPUTED,NARROW_FLOAT,33,31,7.5553,11.5237,1.0,1314
gnss_raw.txt,2437,380816.100,FINESTEERING,SOL_COMPUTED,NARROW_FLOAT,33,31,7.5553,11.5237,1.1,1314
gnss_raw.txt,2437,380816.200,FINESTEERING,SOL_COMPUTED,NARROW_FLOAT,33,31,7.5553,11.5237,1.2,1314
gnss_raw.txt,2437,380816.300,FINESTEERING,SOL_COMPUTED,NARROW_FLOAT,33,31,7.5553,11.5237,1.3,1314
gnss_raw.txt,2437,380816.400,FINESTEERING,SOL_COMPUTED,NARROW_FLOAT,33,31,7.5553,11.5237,1.4,1314
gnss_raw.txt,2437,380816.500,FINESTEERING,SOL_COMPUTED,NARROW_FLOAT,33,31,7.5553,11.5237,1.5,1314
gnss_raw.txt,2437,380816.600,FINESTEERING,SOL_COMPUTED,NARROW_FLOAT,33,31,7.5554,11.5237,1.6,1314
gnss_raw.txt,2437,380816.700,FINESTEERING,SOL_COMPUTED,NARROW_FLOAT,33,31,7.5554,11.5237,1.7,1314
gnss_raw.txt,2437,380816.800,FINESTEERING,SOL_COMPUTED,NARROW_FLOAT,33,31,7.5554,11.5237,1.8,1314
gnss_raw.txt,2437,380816.900,FINESTEERING,SOL_COMPUTED,NARROW_FLOAT,34,31,7.5554,11.5237,1.9,1314
gnss_raw.txt,2437,380817.000,FINESTEERING,SOL_COMPUTED,NARROW_FLOAT,34,31,8.7589,13.3428,1.0,1314
gnss_raw.txt,2437,380817.100,FINESTEERING,SOL_COMPUTED,NARROW_FLOAT,34,31,8.7589,13.3428,1.1,1314
gnss_raw.txt,2437,380817.200,FINESTEERING,SOL_COMPUTED,NARROW_FLOAT,34,31,8.7589,13.3428,1.2,1314
gnss_raw.txt,2437,380817.300,FINESTEERING,SOL_COMPUTED,NARROW_FLOAT,34,31,8.7589,13.3428,1.3,1314
gnss_raw.txt,2437,380817.400,FINESTEERING,SOL_COMPUTED,NARROW_FLOAT,33,30,8.7589,13.3428,1.4,1314
gnss_raw.txt,2437,380817.500,FINESTEERING,SOL_COMPUTED,NARROW_FLOAT,33,30,8.7589,13.3428,1.5,1314
gnss_raw.txt,2437,380817.600,FINESTEERING,SOL_COMPUTED,NARROW_FLOAT,32,30,8.7589,13.3428,1.6,1314
gnss_raw.txt,2437,380817.700,FINESTEERING,SOL_COMPUTED,NARROW_FLOAT,32,30,8.7589,13.3428,1.7,1314
gnss_raw.txt,2437,380817.800,FINESTEERING,SOL_COMPUTED,NARROW_FLOAT,32,30,8.7589,13.3428,0.8,1314
gnss_raw.txt,2437,380817.900,FINESTEERING,SOL_COMPUTED,NARROW_FLOAT,32,30,8.7589,13.3428,0.9,1314
gnss_raw.txt,2437,380818.000,FINESTEERING,SOL_COMPUTED,NARROW_FLOAT,32,30,8.2603,12.569,1.0,1314
gnss_raw.txt,2437,380818.100,FINESTEERING,SOL_COMPUTED,NARROW_FLOAT,32,30,8.2603,12.569,1.1,1314
gnss_raw.txt,2437,380818.200,FINESTEERING,SOL_COMPUTED,NARROW_FLOAT,32,30,8.2603,12.569,1.2,1314
gnss_raw.txt,2437,380818.300,FINESTEERING,SOL_COMPUTED,NARROW_FLOAT,32,30,8.2603,12.569,1.3,1314
gnss_raw.txt,2437,380818.400,FINESTEERING,SOL_COMPUTED,NARROW_FLOAT,32,30,8.2603,12.569,1.4,1314
gnss_raw.txt,2437,380818.500,FINESTEERING,SOL_COMPUTED,NARROW_FLOAT,32,30,8.2603,12.5691,1.5,1314
gnss_raw.txt,2437,380818.600,FINESTEERING,SOL_COMPUTED,NARROW_FLOAT,32,30,8.2603,12.5691,1.6,1314
gnss_raw.txt,2437,380818.700,FINESTEERING,SOL_COMPUTED,NARROW_FLOAT,32,30,8.2603,12.5691,0.7,1314
gnss_raw.txt,2437,380818.800,FINESTEERING,SOL_COMPUTED,NARROW_FLOAT,32,30,8.2603,12.5691,0.8,1314
gnss_raw.txt,2437,380818.900,FINESTEERING,SOL_COMPUTED,NARROW_FLOAT,32,30,8.2603,12.5691,0.9,1314
gnss_raw.txt,2437,380819.000,FINESTEERING,SOL_COMPUTED,NARROW_FLOAT,33,31,8.0943,12.1719,1.0,1314
gnss_raw.txt,2437,380819.100,FINESTEERING,SOL_COMPUTED,NARROW_FLOAT,33,31,8.0943,12.1719,1.1,1314
gnss_raw.txt,2437,380819.200,FINESTEERING,SOL_COMPUTED,NARROW_FLOAT,32,30,8.0943,12.1719,1.2,1314
gnss_raw.txt,2437,380819.300,FINESTEERING,SOL_COMPUTED,NARROW_FLOAT,32,30,8.0943,12.1719,1.3,1314
gnss_raw.txt,2437,380819.400,FINESTEERING,SOL_COMPUTED,NARROW_FLOAT,32,30,8.0943,12.1719,1.4,1314
gnss_raw.txt,2437,380819.500,FINESTEERING,SOL_COMPUTED,NARROW_FLOAT,32,30,8.0944,12.1719,1.5,1314
gnss_raw.txt,2437,380819.600,FINESTEERING,SOL_COMPUTED,NARROW_FLOAT,32,30,8.0944,12.1719,1.6,1314
gnss_raw.txt,2437,380819.700,FINESTEERING,SOL_COMPUTED,NARROW_FLOAT,32,30,8.0944,12.1719,1.7,1314
gnss_raw.txt,2437,380819.800,FINESTEERING,SOL_COMPUTED,NARROW_FLOAT,31,29,8.0944,12.1719,1.8,1314
gnss_raw.txt,2437,380819.900,FINESTEERING,SOL_COMPUTED,NARROW_FLOAT,31,29,8.0944,12.1719,0.9,1314
gnss_raw.txt,2437,380820.000,FINESTEERING,SOL_COMPUTED,NARROW_FLOAT,31,29,10.88,16.8109,1.0,1314
gnss_raw.txt,2437,380820.100,FINESTEERING,SOL_COMPUTED,NARROW_FLOAT,31,29,10.88,16.8109,1.1,1314
gnss_raw.txt,2437,380820.200,FINESTEERING,SOL_COMPUTED,NARROW_FLOAT,31,29,10.88,16.8109,1.2,1314
gnss_raw.txt,2437,380820.300,FINESTEERING,SOL_COMPUTED,NARROW_FLOAT,32,30,10.88,16.811,1.3,1314
gnss_raw.txt,2437,380820.400,FINESTEERING,SOL_COMPUTED,NARROW_FLOAT,32,30,10.88,16.811,1.4,1314
gnss_raw.txt,2437,380820.500,FINESTEERING,SOL_COMPUTED,NARROW_FLOAT,32,30,10.88,16.811,1.5,1314
gnss_raw.txt,2437,380820.600,FINESTEERING,SOL_COMPUTED,NARROW_FLOAT,32,30,10.88,16.811,1.6,1314
gnss_raw.txt,2437,380820.700,FINESTEERING,SOL_COMPUTED,NARROW_FLOAT,32,30,10.88,16.811,1.7,1314
gnss_raw.txt,2437,380820.800,FINESTEERING,SOL_COMPUTED,NARROW_FLOAT,32,30,10.88,16.811,0.8,1314
gnss_raw.txt,2437,380820.900,FINESTEERING,SOL_COMPUTED,NARROW_FLOAT,32,30,10.88,16.811,0.9,1314
gnss_raw.txt,2437,380821.000,FINESTEERING,SOL_COMPUTED,NARROW_FLOAT,32,30,8.8843,13.5605,1.0,1314
gnss_raw.txt,2437,380821.100,FINESTEERING,SOL_COMPUTED,NARROW_FLOAT,32,30,8.8843,13.5605,1.1,1314
gnss_raw.txt,2437,380821.200,FINESTEERING,SOL_COMPUTED,NARROW_FLOAT,32,30,8.8843,13.5605,1.2,1314
gnss_raw.txt,2437,380821.300,FINESTEERING,SOL_COMPUTED,NARROW_FLOAT,32,30,8.8843,13.5605,1.3,1314
gnss_raw.txt,2437,380821.400,FINESTEERING,SOL_COMPUTED,NARROW_FLOAT,32,30,8.8843,13.5605,1.4,1314
gnss_raw.txt,2437,380821.500,FINESTEERING,SOL_COMPUTED,NARROW_FLOAT,32,30,8.8843,13.5605,1.5,1314
gnss_raw.txt,2437,380821.600,FINESTEERING,SOL_COMPUTED,NARROW_FLOAT,32,30,8.8843,13.5605,1.6,1314
gnss_raw.txt,2437,380821.700,FINESTEERING,SOL_COMPUTED,NARROW_FLOAT,32,30,8.8843,13.5605,1.7,1314
gnss_raw.txt,2437,380821.800,FINESTEERING,SOL_COMPUTED,NARROW_FLOAT,32,30,8.8843,13.5605,1.8,1314
gnss_raw.txt,2437,380821.900,FINESTEERING,SOL_COMPUTED,NARROW_FLOAT,32,30,8.8843,13.5605,1.9,1314
gnss_raw.txt,2437,380822.000,FINESTEERING,SOL_COMPUTED,NARROW_FLOAT,31,29,8.3615,12.696,1.0,1314
gnss_raw.txt,2437,380822.100,FINESTEERING,SOL_COMPUTED,NARROW_FLOAT,31,29,8.3615,12.696,1.1,1314
gnss_raw.txt,2437,380822.200,FINESTEERING,SOL_COMPUTED,NARROW_FLOAT,31,29,8.3615,12.696,1.2,1314
gnss_raw.txt,2437,380822.300,FINESTEERING,SOL_COMPUTED,NARROW_FLOAT,31,29,8.3615,12.696,1.3,1314
gnss_raw.txt,2437,380822.400,FINESTEERING,SOL_COMPUTED,NARROW_FLOAT,31,29,8.3615,12.696,1.4,1314
gnss_raw.txt,2437,380822.500,FINESTEERING,SOL_COMPUTED,NARROW_FLOAT,31,29,8.3615,12.696,1.5,1314
gnss_raw.txt,2437,380822.600,FINESTEERING,SOL_COMPUTED,NARROW_FLOAT,31,29,8.3615,12.696,1.6,1314
gnss_raw.txt,2437,380822.700,FINESTEERING,SOL_COMPUTED,NARROW_FLOAT,31,29,8.3615,12.696,0.7,1314
gnss_raw.txt,2437,380822.800,FINESTEERING,SOL_COMPUTED,NARROW_FLOAT,31,29,8.3615,12.696,0.8,1314
gnss_raw.txt,2437,380822.900,FINESTEERING,SOL_COMPUTED,NARROW_FLOAT,31,29,8.3616,12.696,0.9,1314
gnss_raw.txt,2437,380823.000,FINESTEERING,SOL_COMPUTED,NARROW_FLOAT,31,29,7.9553,12.0306,1.0,1314
gnss_raw.txt,2437,380823.100,FINESTEERING,SOL_COMPUTED,NARROW_FLOAT,31,29,7.9553,12.0306,1.1,1314
gnss_raw.txt,2437,380823.200,FINESTEERING,SOL_COMPUTED,NARROW_FLOAT,31,29,7.9553,12.0306,1.2,1314
gnss_raw.txt,2437,380823.300,FINESTEERING,SOL_COMPUTED,NARROW_FLOAT,31,29,7.9553,12.0306,1.3,1314
gnss_raw.txt,2437,380823.400,FINESTEERING,SOL_COMPUTED,NARROW_FLOAT,31,29,7.9553,12.0306,1.4,1314
gnss_raw.txt,2437,380823.500,FINESTEERING,SOL_COMPUTED,NARROW_FLOAT,31,29,7.9553,12.0306,1.5,1314
gnss_raw.txt,2437,380823.600,FINESTEERING,SOL_COMPUTED,NARROW_FLOAT,31,29,7.9553,12.0306,1.6,1314
gnss_raw.txt,2437,380823.700,FINESTEERING,SOL_COMPUTED,NARROW_FLOAT,31,29,7.9553,12.0306,1.7,1314
gnss_raw.txt,2437,380823.800,FINESTEERING,SOL_COMPUTED,NARROW_FLOAT,31,29,7.9553,12.0306,1.8,1314
gnss_raw.txt,2437,380823.900,FINESTEERING,SOL_COMPUTED,NARROW_FLOAT,31,29,7.9553,12.0306,0.9,1314
gnss_raw.txt,2437,380824.000,FINESTEERING,SOL_COMPUTED,NARROW_FLOAT,31,29,7.2174,10.8925,1.0,1314
gnss_raw.txt,2437,380824.100,FINESTEERING,SOL_COMPUTED,NARROW_FLOAT,31,29,7.2174,10.8925,1.1,1314
gnss_raw.txt,2437,380824.200,FINESTEERING,SOL_COMPUTED,NARROW_FLOAT,31,29,7.2174,10.8925,1.2,1314
gnss_raw.txt,2437,380824.300,FINESTEERING,SOL_COMPUTED,NARROW_FLOAT,30,28,7.2174,10.8925,1.3,1314
gnss_raw.txt,2437,380824.400,FINESTEERING,SOL_COMPUTED,NARROW_FLOAT,30,28,7.2174,10.8925,1.4,1314
gnss_raw.txt,2437,380824.500,FINESTEERING,SOL_COMPUTED,NARROW_FLOAT,30,28,7.2174,10.8926,1.5,1314
gnss_raw.txt,2437,380824.600,FINESTEERING,SOL_COMPUTED,NARROW_FLOAT,30,28,7.2174,10.8926,1.6,1314
gnss_raw.txt,2437,380824.700,FINESTEERING,SOL_COMPUTED,NARROW_FLOAT,31,29,7.2174,10.8926,0.7,1314
gnss_raw.txt,2437,380824.800,FINESTEERING,SOL_COMPUTED,NARROW_FLOAT,30,28,7.2175,10.8926,0.8,1314
gnss_raw.txt,2437,380824.900,FINESTEERING,SOL_COMPUTED,NARROW_FLOAT,30,28,7.2175,10.8926,0.9,1314
gnss_raw.txt,2437,380825.000,FINESTEERING,SOL_COMPUTED,NARROW_FLOAT,30,28,6.8259,10.0845,1.0,1314
gnss_raw.txt,2437,380825.100,FINESTEERING,SOL_COMPUTED,NARROW_FLOAT,30,28,6.8259,10.0845,1.1,1314
gnss_raw.txt,2437,380825.200,FINESTEERING,SOL_COMPUTED,NARROW_FLOAT,31,28,6.8259,10.0845,1.2,1314
gnss_raw.txt,2437,380825.300,FINESTEERING,SOL_COMPUTED,NARROW_FLOAT,31,28,6.8259,10.0845,1.3,1314
gnss_raw.txt,2437,380825.400,FINESTEERING,SOL_COMPUTED,NARROW_FLOAT,31,28,6.826,10.0845,1.4,1314
gnss_raw.txt,2437,380825.500,FINESTEERING,SOL_COMPUTED,NARROW_FLOAT,31,28,6.826,10.0845,1.5,1314
gnss_raw.txt,2437,380825.600,FINESTEERING,SOL_COMPUTED,NARROW_FLOAT,31,28,6.826,10.0845,1.6,1314
gnss_raw.txt,2437,380825.700,FINESTEERING,SOL_COMPUTED,NARROW_FLOAT,31,28,6.826,10.0845,1.7,1314
gnss_raw.txt,2437,380825.800,FINESTEERING,SOL_COMPUTED,NARROW_FLOAT,31,28,6.826,10.0845,0.8,1314
gnss_raw.txt,2437,380825.900,FINESTEERING,SOL_COMPUTED,NARROW_FLOAT,31,28,6.826,10.0845,0.9,1314
gnss_raw.txt,2437,380826.000,FINESTEERING,SOL_COMPUTED,NARROW_FLOAT,31,28,6.709,9.9925,1.0,1314
gnss_raw.txt,2437,380826.100,FINESTEERING,SOL_COMPUTED,NARROW_FLOAT,31,28,6.709,9.9925,1.1,1314
gnss_raw.txt,2437,380826.200,FINESTEERING,SOL_COMPUTED,NARROW_FLOAT,32,29,6.709,9.9925,1.2,1314
gnss_raw.txt,2437,380826.300,FINESTEERING,SOL_COMPUTED,NARROW_FLOAT,32,29,6.709,9.9925,1.3,1314
gnss_raw.txt,2437,380826.400,FINESTEERING,SOL_COMPUTED,NARROW_FLOAT,32,29,6.709,9.9925,1.4,1314
gnss_raw.txt,2437,380826.500,FINESTEERING,SOL_COMPUTED,NARROW_FLOAT,31,29,6.709,9.9925,1.5,1314
gnss_raw.txt,2437,380826.600,FINESTEERING,SOL_COMPUTED,NARROW_FLOAT,31,29,6.709,9.9925,1.6,1314
gnss_raw.txt,2437,380826.700,FINESTEERING,SOL_COMPUTED,NARROW_FLOAT,31,29,6.7091,9.9925,1.7,1314
gnss_raw.txt,2437,380826.800,FINESTEERING,SOL_COMPUTED,NARROW_FLOAT,31,29,6.7091,9.9925,0.8,1314
gnss_raw.txt,2437,380826.900,FINESTEERING,SOL_COMPUTED,NARROW_FLOAT,31,29,6.7091,9.9925,0.9,1314
gnss_raw.txt,2437,380827.000,FINESTEERING,SOL_COMPUTED,NARROW_FLOAT,31,29,7.0146,10.4972,1.0,1314
gnss_raw.txt,2437,380827.100,FINESTEERING,SOL_COMPUTED,NARROW_FLOAT,32,29,7.0146,10.4972,1.1,1314
gnss_raw.txt,2437,380827.200,FINESTEERING,SOL_COMPUTED,NARROW_FLOAT,33,30,7.0147,10.4972,1.2,1314
gnss_raw.txt,2437,380827.300,FINESTEERING,SOL_COMPUTED,NARROW_FLOAT,33,30,7.0147,10.4972,1.3,1314
gnss_raw.txt,2437,380827.400,FINESTEERING,SOL_COMPUTED,NARROW_FLOAT,33,30,7.0147,10.4972,1.4,1314
gnss_raw.txt,2437,380827.500,FINESTEERING,SOL_COMPUTED,NARROW_FLOAT,33,30,7.0147,10.4972,1.5,1314
gnss_raw.txt,2437,380827.600,FINESTEERING,SOL_COMPUTED,NARROW_FLOAT,33,30,7.0147,10.4972,1.6,1314
gnss_raw.txt,2437,380827.700,FINESTEERING,SOL_COMPUTED,NARROW_FLOAT,34,31,7.0147,10.4972,1.7,1314
gnss_raw.txt,2437,380827.800,FINESTEERING,SOL_COMPUTED,NARROW_FLOAT,33,31,7.0147,10.4972,0.8,1314
gnss_raw.txt,2437,380827.900,FINESTEERING,SOL_COMPUTED,NARROW_FLOAT,33,31,7.0147,10.4972,0.9,1314
gnss_raw.txt,2437,380828.000,FINESTEERING,SOL_COMPUTED,NARROW_FLOAT,33,31,7.3936,11.3856,1.0,1314
gnss_raw.txt,2437,380828.100,FINESTEERING,SOL_COMPUTED,NARROW_FLOAT,33,31,7.3937,11.3856,1.1,1314
gnss_raw.txt,2437,380828.200,FINESTEERING,SOL_COMPUTED,NARROW_FLOAT,33,31,7.3937,11.3856,1.2,1314
gnss_raw.txt,2437,380828.300,FINESTEERING,SOL_COMPUTED,NARROW_FLOAT,33,31,7.3937,11.3856,1.3,1314
gnss_raw.txt,2437,380828.400,FINESTEERING,SOL_COMPUTED,NARROW_FLOAT,33,31,7.3937,11.3856,1.4,1314
gnss_raw.txt,2437,380828.500,FINESTEERING,SOL_COMPUTED,NARROW_FLOAT,33,31,7.3937,11.3856,1.5,1314
gnss_raw.txt,2437,380828.600,FINESTEERING,SOL_COMPUTED,NARROW_FLOAT,34,31,7.3937,11.3856,1.6,1314
gnss_raw.txt,2437,380828.700,FINESTEERING,SOL_COMPUTED,NARROW_FLOAT,34,31,7.3937,11.3856,1.7,1314
gnss_raw.txt,2437,380828.800,FINESTEERING,SOL_COMPUTED,NARROW_FLOAT,34,31,7.3937,11.3856,0.8,1314
gnss_raw.txt,2437,380828.900,FINESTEERING,SOL_COMPUTED,NARROW_FLOAT,34,31,7.3937,11.3856,0.9,1314
gnss_raw.txt,2437,380829.000,FINESTEERING,SOL_COMPUTED,NARROW_FLOAT,34,31,6.7442,10.2742,1.0,1314
gnss_raw.txt,2437,380829.100,FINESTEERING,SOL_COMPUTED,NARROW_FLOAT,34,31,6.7442,10.2742,1.1,1314
gnss_raw.txt,2437,380829.200,FINESTEERING,SOL_COMPUTED,NARROW_FLOAT,34,31,6.7442,10.2742,1.2,1314
gnss_raw.txt,2437,380829.300,FINESTEERING,SOL_COMPUTED,NARROW_FLOAT,34,31,6.7442,10.2742,1.3,1314
gnss_raw.txt,2437,380829.400,FINESTEERING,SOL_COMPUTED,NARROW_FLOAT,34,31,6.7442,10.2742,1.4,1314
gnss_raw.txt,2437,380829.500,FINESTEERING,SOL_COMPUTED,NARROW_FLOAT,34,31,6.7442,10.2743,1.5,1314
gnss_raw.txt,2437,380829.600,FINESTEERING,SOL_COMPUTED,NARROW_FLOAT,34,31,6.7442,10.2743,1.6,1314
gnss_raw.txt,2437,380829.700,FINESTEERING,SOL_COMPUTED,NARROW_FLOAT,34,31,6.7443,10.2743,1.7,1314
gnss_raw.txt,2437,380829.800,FINESTEERING,SOL_COMPUTED,NARROW_FLOAT,34,31,6.7443,10.2743,1.8,1314
gnss_raw.txt,2437,380829.900,FINESTEERING,SOL_COMPUTED,NARROW_FLOAT,34,31,6.7443,10.2743,0.9,1314
gnss_raw.txt,2437,380830.000,FINESTEERING,SOL_COMPUTED,NARROW_FLOAT,34,31,6.1612,9.5507,1.0,1314
gnss_raw.txt,2437,380830.100,FINESTEERING,SOL_COMPUTED,NARROW_FLOAT,34,31,6.1612,9.5507,1.1,1314
gnss_raw.txt,2437,380830.200,FINESTEERING,SOL_COMPUTED,NARROW_FLOAT,34,31,6.1612,9.5507,1.2,1314
gnss_raw.txt,2437,380830.300,FINESTEERING,SOL_COMPUTED,NARROW_FLOAT,33,30,6.1612,9.5507,1.3,1314
gnss_raw.txt,2437,380830.400,FINESTEERING,SOL_COMPUTED,NARROW_FLOAT,33,30,6.1612,9.5508,1.4,1314
gnss_raw.txt,2437,380830.500,FINESTEERING,SOL_COMPUTED,NARROW_FLOAT,33,30,6.1612,9.5508,1.5,1314
gnss_raw.txt,2437,380830.600,FINESTEERING,SOL_COMPUTED,NARROW_FLOAT,33,30,6.1612,9.5508,1.6,1314
gnss_raw.txt,2437,380830.700,FINESTEERING,SOL_COMPUTED,NARROW_FLOAT,33,30,6.1612,9.5508,1.7,1314
gnss_raw.txt,2437,380830.800,FINESTEERING,SOL_COMPUTED,NARROW_FLOAT,32,29,6.1612,9.5508,0.8,1314
gnss_raw.txt,2437,380830.900,FINESTEERING,SOL_COMPUTED,NARROW_FLOAT,32,29,6.1612,9.5508,0.9,1314
gnss_raw.txt,2437,380831.000,FINESTEERING,SOL_COMPUTED,NARROW_FLOAT,32,29,6.2923,9.5335,1.0,1314
gnss_raw.txt,2437,380831.100,FINESTEERING,SOL_COMPUTED,NARROW_FLOAT,32,29,6.2923,9.5335,1.1,1314
gnss_raw.txt,2437,380831.200,FINESTEERING,SOL_COMPUTED,NARROW_FLOAT,32,29,6.2923,9.5335,1.2,1314
gnss_raw.txt,2437,380831.300,FINESTEERING,SOL_COMPUTED,NARROW_FLOAT,32,29,6.2923,9.5335,1.3,1314
gnss_raw.txt,2437,380831.400,FINESTEERING,SOL_COMPUTED,NARROW_FLOAT,32,29,6.2923,9.5335,1.4,1314
gnss_raw.txt,2437,380831.500,FINESTEERING,SOL_COMPUTED,NARROW_FLOAT,32,29,6.2923,9.5335,1.5,1314
gnss_raw.txt,2437,380831.600,FINESTEERING,SOL_COMPUTED,NARROW_FLOAT,32,29,6.2923,9.5335,1.6,1314
gnss_raw.txt,2437,380831.700,FINESTEERING,SOL_COMPUTED,NARROW_FLOAT,32,29,6.2923,9.5335,0.7,1314
gnss_raw.txt,2437,380831.800,FINESTEERING,SOL_COMPUTED,NARROW_FLOAT,32,29,6.2923,9.5335,0.8,1314
gnss_raw.txt,2437,380831.900,FINESTEERING,SOL_COMPUTED,NARROW_FLOAT,32,29,6.2923,9.5335,0.9,1314
gnss_raw.txt,2437,380832.000,FINESTEERING,SOL_COMPUTED,NARROW_FLOAT,33,30,4.7551,7.1946,1.0,1314
gnss_raw.txt,2437,380832.100,FINESTEERING,SOL_COMPUTED,NARROW_FLOAT,33,30,4.7551,7.1946,1.1,1314
gnss_raw.txt,2437,380832.200,FINESTEERING,SOL_COMPUTED,NARROW_FLOAT,33,30,4.7551,7.1946,1.2,1314
gnss_raw.txt,2437,380832.300,FINESTEERING,SOL_COMPUTED,NARROW_FLOAT,33,30,4.7551,7.1946,1.3,1314
gnss_raw.txt,2437,380832.400,FINESTEERING,SOL_COMPUTED,NARROW_FLOAT,33,30,4.7551,7.1946,1.4,1314
gnss_raw.txt,2437,380832.500,FINESTEERING,SOL_COMPUTED,NARROW_FLOAT,33,30,4.7551,7.1946,1.5,1314
gnss_raw.txt,2437,380832.600,FINESTEERING,SOL_COMPUTED,NARROW_FLOAT,34,31,4.7552,7.1946,1.6,1314
gnss_raw.txt,2437,380832.700,FINESTEERING,SOL_COMPUTED,NARROW_FLOAT,34,31,4.7552,7.1946,1.7,1314
gnss_raw.txt,2437,380832.800,FINESTEERING,SOL_COMPUTED,NARROW_FLOAT,34,31,4.7552,7.1946,1.8,1314
gnss_raw.txt,2437,380832.900,FINESTEERING,SOL_COMPUTED,NARROW_FLOAT,34,31,4.7552,7.1947,0.9,1314
gnss_raw.txt,2437,380833.000,FINESTEERING,SOL_COMPUTED,NARROW_FLOAT,34,31,8.0494,12.1816,1.0,1314
gnss_raw.txt,2437,380833.100,FINESTEERING,SOL_COMPUTED,NARROW_FLOAT,34,31,8.0494,12.1816,1.1,1314
gnss_raw.txt,2437,380833.200,FINESTEERING,SOL_COMPUTED,NARROW_FLOAT,34,31,8.0494,12.1816,1.2,1314
gnss_raw.txt,2437,380833.300,FINESTEERING,SOL_COMPUTED,NARROW_FLOAT,34,31,8.0494,12.1816,1.3,1314
gnss_raw.txt,2437,380833.400,FINESTEERING,SOL_COMPUTED,NARROW_FLOAT,34,31,8.0494,12.1816,1.4,1314
gnss_raw.txt,2437,380833.500,FINESTEERING,SOL_COMPUTED,NARROW_FLOAT,34,31,8.0494,12.1816,1.5,1314
gnss_raw.txt,2437,380833.600,FINESTEERING,SOL_COMPUTED,NARROW_FLOAT,33,30,8.0494,12.1816,1.6,1314
gnss_raw.txt,2437,380833.700,FINESTEERING,SOL_COMPUTED,NARROW_FLOAT,33,30,8.0494,12.1816,1.7,1314
gnss_raw.txt,2437,380833.800,FINESTEERING,SOL_COMPUTED,NARROW_FLOAT,33,30,8.0494,12.1816,0.8,1314
gnss_raw.txt,2437,380833.900,FINESTEERING,SOL_COMPUTED,NARROW_FLOAT,34,31,8.0494,12.1816,0.9,1314
gnss_raw.txt,2437,380834.000,FINESTEERING,SOL_COMPUTED,NARROW_FLOAT,34,31,6.667,10.1184,1.0,1314
gnss_raw.txt,2437,380834.100,FINESTEERING,SOL_COMPUTED,NARROW_FLOAT,34,31,6.667,10.1184,1.1,1314
gnss_raw.txt,2437,380834.200,FINESTEERING,SOL_COMPUTED,NARROW_FLOAT,34,31,6.667,10.1184,1.2,1314
gnss_raw.txt,2437,380834.300,FINESTEERING,SOL_COMPUTED,NARROW_FLOAT,33,30,6.667,10.1184,1.3,1314
gnss_raw.txt,2437,380834.400,FINESTEERING,SOL_COMPUTED,NARROW_FLOAT,33,30,6.667,10.1184,1.4,1314
gnss_raw.txt,2437,380834.500,FINESTEERING,SOL_COMPUTED,NARROW_FLOAT,33,30,6.667,10.1184,1.5,1314
gnss_raw.txt,2437,380834.600,FINESTEERING,SOL_COMPUTED,NARROW_FLOAT,33,30,6.667,10.1184,1.6,1314
gnss_raw.txt,2437,380834.700,FINESTEERING,SOL_COMPUTED,NARROW_FLOAT,33,30,6.667,10.1184,1.7,1314
gnss_raw.txt,2437,380834.800,FINESTEERING,SOL_COMPUTED,NARROW_FLOAT,33,30,6.667,10.1184,1.8,1314
gnss_raw.txt,2437,380834.900,FINESTEERING,SOL_COMPUTED,NARROW_FLOAT,33,30,6.667,10.1184,0.9,1314
gnss_raw.txt,2437,380835.000,FINESTEERING,SOL_COMPUTED,NARROW_FLOAT,33,30,6.1842,9.3653,1.0,1314
gnss_raw.txt,2437,380835.100,FINESTEERING,SOL_COMPUTED,NARROW_FLOAT,33,30,6.1843,9.3653,1.1,1314
gnss_raw.txt,2437,380835.200,FINESTEERING,SOL_COMPUTED,NARROW_FLOAT,33,30,6.1843,9.3653,1.2,1314
gnss_raw.txt,2437,380835.300,FINESTEERING,SOL_COMPUTED,NARROW_FLOAT,33,30,6.1843,9.3653,1.3,1314
gnss_raw.txt,2437,380835.400,FINESTEERING,SOL_COMPUTED,NARROW_FLOAT,33,30,6.1843,9.3653,1.4,1314
gnss_raw.txt,2437,380835.500,FINESTEERING,SOL_COMPUTED,NARROW_FLOAT,33,30,6.1843,9.3653,1.5,1314
gnss_raw.txt,2437,380835.600,FINESTEERING,SOL_COMPUTED,NARROW_FLOAT,33,30,6.1843,9.3653,1.6,1314
gnss_raw.txt,2437,380835.700,FINESTEERING,SOL_COMPUTED,NARROW_FLOAT,33,30,6.1843,9.3653,1.7,1314
gnss_raw.txt,2437,380835.800,FINESTEERING,SOL_COMPUTED,NARROW_FLOAT,33,30,6.1843,9.3653,0.8,1314
gnss_raw.txt,2437,380835.900,FINESTEERING,SOL_COMPUTED,NARROW_FLOAT,33,30,6.1843,9.3653,0.9,1314
gnss_raw.txt,2437,380836.000,FINESTEERING,SOL_COMPUTED,NARROW_FLOAT,33,30,5.9035,8.948,1.0,1314
gnss_raw.txt,2437,380836.100,FINESTEERING,SOL_COMPUTED,NARROW_FLOAT,33,30,5.9035,8.948,1.1,1314
gnss_raw.txt,2437,380836.200,FINESTEERING,SOL_COMPUTED,NARROW_FLOAT,32,29,5.9035,8.948,1.2,1314
gnss_raw.txt,2437,380836.300,FINESTEERING,SOL_COMPUTED,NARROW_FLOAT,32,29,5.9035,8.948,1.3,1314
gnss_raw.txt,2437,380836.400,FINESTEERING,SOL_COMPUTED,NARROW_FLOAT,31,28,5.9035,8.948,1.4,1314
gnss_raw.txt,2437,380836.500,FINESTEERING,SOL_COMPUTED,NARROW_FLOAT,31,28,5.9035,8.948,1.5,1314
gnss_raw.txt,2437,380836.600,FINESTEERING,SOL_COMPUTED,NARROW_FLOAT,32,29,5.9036,8.948,1.6,1314
gnss_raw.txt,2437,380836.700,FINESTEERING,SOL_COMPUTED,NARROW_FLOAT,32,29,5.9036,8.948,1.7,1314
gnss_raw.txt,2437,380836.800,FINESTEERING,SOL_COMPUTED,NARROW_FLOAT,32,29,5.9036,8.948,0.8,1314
gnss_raw.txt,2437,380836.900,FINESTEERING,SOL_COMPUTED,NARROW_FLOAT,32,29,5.9036,8.948,0.9,1314
gnss_raw.txt,2437,380837.000,FINESTEERING,SOL_COMPUTED,NARROW_FLOAT,33,30,3.5022,5.3122,1.0,1314
gnss_raw.txt,2437,380837.100,FINESTEERING,SOL_COMPUTED,NARROW_FLOAT,32,30,3.5022,5.3122,1.1,1314
gnss_raw.txt,2437,380837.200,FINESTEERING,SOL_COMPUTED,NARROW_FLOAT,32,30,3.5022,5.3122,1.2,1314
gnss_raw.txt,2437,380837.300,FINESTEERING,SOL_COMPUTED,NARROW_FLOAT,32,30,3.5022,5.3123,1.3,1314
gnss_raw.txt,2437,380837.400,FINESTEERING,SOL_COMPUTED,NARROW_FLOAT,32,30,3.5022,5.3123,1.4,1314
gnss_raw.txt,2437,380837.500,FINESTEERING,SOL_COMPUTED,NARROW_FLOAT,32,30,3.5022,5.3123,1.5,1314
gnss_raw.txt,2437,380837.600,FINESTEERING,SOL_COMPUTED,NARROW_FLOAT,32,30,3.5022,5.3123,1.6,1314
gnss_raw.txt,2437,380837.700,FINESTEERING,SOL_COMPUTED,NARROW_FLOAT,33,30,3.5023,5.3123,0.7,1314
gnss_raw.txt,2437,380837.800,FINESTEERING,SOL_COMPUTED,NARROW_FLOAT,33,30,3.5023,5.3123,0.8,1314
gnss_raw.txt,2437,380837.900,FINESTEERING,SOL_COMPUTED,NARROW_FLOAT,33,30,3.5023,5.3123,0.9,1314
gnss_raw.txt,2437,380838.000,FINESTEERING,SOL_COMPUTED,NARROW_FLOAT,33,30,3.203,4.8639,1.0,1314
gnss_raw.txt,2437,380838.100,FINESTEERING,SOL_COMPUTED,NARROW_FLOAT,33,30,3.2031,4.8639,1.1,1314
gnss_raw.txt,2437,380838.200,FINESTEERING,SOL_COMPUTED,NARROW_FLOAT,33,30,3.2031,4.8639,1.2,1314
gnss_raw.txt,2437,380838.300,FINESTEERING,SOL_COMPUTED,NARROW_FLOAT,33,30,3.2031,4.8639,1.3,1314
gnss_raw.txt,2437,380838.400,FINESTEERING,SOL_COMPUTED,NARROW_FLOAT,33,30,3.2031,4.8639,1.4,1314
gnss_raw.txt,2437,380838.500,FINESTEERING,SOL_COMPUTED,NARROW_FLOAT,33,30,3.2031,4.8639,1.5,1314
gnss_raw.txt,2437,380838.600,FINESTEERING,SOL_COMPUTED,NARROW_FLOAT,33,30,3.2031,4.8639,1.6,1314
gnss_raw.txt,2437,380838.700,FINESTEERING,SOL_COMPUTED,NARROW_FLOAT,33,30,3.2031,4.8639,1.7,1314
gnss_raw.txt,2437,380838.800,FINESTEERING,SOL_COMPUTED,NARROW_FLOAT,33,30,3.2031,4.8639,0.8,1314
gnss_raw.txt,2437,380838.900,FINESTEERING,SOL_COMPUTED,NARROW_FLOAT,33,30,3.2031,4.8639,0.9,1314
gnss_raw.txt,2437,380839.000,FINESTEERING,SOL_COMPUTED,NARROW_FLOAT,33,30,2.9377,4.5254,1.0,1314
gnss_raw.txt,2437,380839.100,FINESTEERING,SOL_COMPUTED,NARROW_FLOAT,33,30,2.9377,4.5255,1.1,1314
gnss_raw.txt,2437,380839.200,FINESTEERING,SOL_COMPUTED,NARROW_FLOAT,33,30,2.9378,4.5255,1.2,1314
gnss_raw.txt,2437,380839.300,FINESTEERING,SOL_COMPUTED,NARROW_FLOAT,33,30,2.9378,4.5255,1.3,1314
gnss_raw.txt,2437,380839.400,FINESTEERING,SOL_COMPUTED,NARROW_FLOAT,32,29,2.9378,4.5255,1.4,1314
gnss_raw.txt,2437,380839.500,FINESTEERING,SOL_COMPUTED,NARROW_FLOAT,31,29,2.9378,4.5255,1.5,1314
gnss_raw.txt,2437,380839.600,FINESTEERING,SOL_COMPUTED,NARROW_FLOAT,31,29,2.9378,4.5255,1.6,1314
gnss_raw.txt,2437,380839.700,FINESTEERING,SOL_COMPUTED,NARROW_FLOAT,30,28,2.9378,4.5255,1.7,1314
gnss_raw.txt,2437,380839.800,FINESTEERING,SOL_COMPUTED,NARROW_FLOAT,30,28,2.9378,4.5255,0.8,1314
gnss_raw.txt,2437,380839.900,FINESTEERING,SOL_COMPUTED,NARROW_FLOAT,30,28,2.9379,4.5255,0.9,1314
gnss_raw.txt,2437,380840.000,FINESTEERING,SOL_COMPUTED,NARROW_FLOAT,30,28,3.3142,5.1441,1.0,1314
gnss_raw.txt,2437,380840.100,FINESTEERING,SOL_COMPUTED,NARROW_FLOAT,30,28,3.3142,5.1441,1.1,1314
gnss_raw.txt,2437,380840.200,FINESTEERING,SOL_COMPUTED,NARROW_FLOAT,31,28,3.3143,5.1442,1.2,1314
gnss_raw.txt,2437,380840.300,FINESTEERING,SOL_COMPUTED,NARROW_FLOAT,31,28,3.3143,5.1442,1.3,1314
gnss_raw.txt,2437,380840.400,FINESTEERING,SOL_COMPUTED,NARROW_FLOAT,32,29,3.3143,5.1442,1.4,1314
gnss_raw.txt,2437,380840.500,FINESTEERING,SOL_COMPUTED,NARROW_FLOAT,31,29,3.3143,5.1442,1.5,1314
gnss_raw.txt,2437,380840.600,FINESTEERING,SOL_COMPUTED,NARROW_FLOAT,31,29,3.3143,5.1442,1.6,1314
gnss_raw.txt,2437,380840.700,FINESTEERING,SOL_COMPUTED,NARROW_FLOAT,30,28,3.3143,5.1442,1.7,1314
gnss_raw.txt,2437,380840.800,FINESTEERING,SOL_COMPUTED,NARROW_FLOAT,29,27,3.3144,5.1443,1.8,1314
gnss_raw.txt,2437,380840.900,FINESTEERING,SOL_COMPUTED,NARROW_FLOAT,29,27,3.3145,5.1443,0.9,1314
gnss_raw.txt,2437,380841.000,FINESTEERING,SOL_COMPUTED,NARROW_FLOAT,29,27,3.1682,4.8194,1.0,1314
gnss_raw.txt,2437,380841.100,FINESTEERING,SOL_COMPUTED,NARROW_FLOAT,30,27,3.1682,4.8194,1.1,1314
gnss_raw.txt,2437,380841.200,FINESTEERING,SOL_COMPUTED,NARROW_FLOAT,31,28,3.1683,4.8194,1.2,1314
gnss_raw.txt,2437,380841.300,FINESTEERING,SOL_COMPUTED,NARROW_FLOAT,32,29,3.1683,4.8194,1.3,1314
gnss_raw.txt,2437,380841.400,FINESTEERING,SOL_COMPUTED,NARROW_FLOAT,32,29,3.1683,4.8194,1.4,1314
gnss_raw.txt,2437,380841.500,FINESTEERING,SOL_COMPUTED,NARROW_FLOAT,32,30,3.1683,4.8195,1.5,1314
gnss_raw.txt,2437,380841.600,FINESTEERING,SOL_COMPUTED,NARROW_FLOAT,33,31,3.1684,4.8195,1.6,1314
gnss_raw.txt,2437,380841.700,FINESTEERING,SOL_COMPUTED,NARROW_FLOAT,33,31,3.1684,4.8195,1.7,1314
gnss_raw.txt,2437,380841.800,FINESTEERING,SOL_COMPUTED,NARROW_FLOAT,33,31,3.1684,4.8195,1.8,1314
gnss_raw.txt,2437,380841.900,FINESTEERING,SOL_COMPUTED,NARROW_FLOAT,32,30,3.1684,4.8195,1.9,1314
gnss_raw.txt,2437,380842.000,FINESTEERING,SOL_COMPUTED,NARROW_FLOAT,32,30,2.1265,3.2385,1.0,1314
gnss_raw.txt,2437,380842.100,FINESTEERING,SOL_COMPUTED,NARROW_FLOAT,32,30,2.1265,3.2385,1.1,1314
gnss_raw.txt,2437,380842.200,FINESTEERING,SOL_COMPUTED,NARROW_FLOAT,32,30,2.1266,3.2385,1.2,1314
gnss_raw.txt,2437,380842.300,FINESTEERING,SOL_COMPUTED,NARROW_FLOAT,32,30,2.1266,3.2385,1.3,1314
gnss_raw.txt,2437,380842.400,FINESTEERING,SOL_COMPUTED,NARROW_FLOAT,32,30,2.1266,3.2386,1.4,1314
gnss_raw.txt,2437,380842.500,FINESTEERING,SOL_COMPUTED,NARROW_FLOAT,32,30,2.1266,3.2386,1.5,1314
gnss_raw.txt,2437,380842.600,FINESTEERING,SOL_COMPUTED,NARROW_FLOAT,33,30,2.1267,3.2386,1.6,1314
gnss_raw.txt,2437,380842.700,FINESTEERING,SOL_COMPUTED,NARROW_FLOAT,33,30,2.1267,3.2386,0.7,1314
gnss_raw.txt,2437,380842.800,FINESTEERING,SOL_COMPUTED,NARROW_FLOAT,33,30,2.1267,3.2386,0.8,1314
gnss_raw.txt,2437,380842.900,FINESTEERING,SOL_COMPUTED,NARROW_FLOAT,33,30,2.1267,3.2386,0.9,1314
gnss_raw.txt,2437,380843.000,FINESTEERING,SOL_COMPUTED,NARROW_FLOAT,33,30,1.9994,3.0541,1.0,1314
gnss_raw.txt,2437,380843.100,FINESTEERING,SOL_COMPUTED,NARROW_FLOAT,33,30,1.9995,3.0541,1.1,1314
gnss_raw.txt,2437,380843.200,FINESTEERING,SOL_COMPUTED,NARROW_FLOAT,33,31,1.9995,3.0542,1.2,1314
gnss_raw.txt,2437,380843.300,FINESTEERING,SOL_COMPUTED,NARROW_FLOAT,33,31,1.9995,3.0542,1.3,1314
gnss_raw.txt,2437,380843.400,FINESTEERING,SOL_COMPUTED,NARROW_FLOAT,33,31,1.9995,3.0542,1.4,1314
gnss_raw.txt,2437,380843.500,FINESTEERING,SOL_COMPUTED,NARROW_FLOAT,32,30,1.9996,3.0542,1.5,1314
gnss_raw.txt,2437,380843.600,FINESTEERING,SOL_COMPUTED,NARROW_FLOAT,32,30,1.9996,3.0542,1.6,1314
gnss_raw.txt,2437,380843.700,FINESTEERING,SOL_COMPUTED,NARROW_FLOAT,32,30,1.9996,3.0543,1.7,1314
gnss_raw.txt,2437,380843.800,FINESTEERING,SOL_COMPUTED,NARROW_FLOAT,32,30,1.9997,3.0543,0.8,1314
gnss_raw.txt,2437,380843.900,FINESTEERING,SOL_COMPUTED,NARROW_FLOAT,32,30,1.9997,3.0543,0.9,1314
gnss_raw.txt,2437,380844.000,FINESTEERING,SOL_COMPUTED,NARROW_FLOAT,32,30,2.4158,3.7321,1.0,1314
gnss_raw.txt,2437,380844.100,FINESTEERING,SOL_COMPUTED,NARROW_FLOAT,32,30,2.4158,3.7321,1.1,1314
gnss_raw.txt,2437,380844.200,FINESTEERING,SOL_COMPUTED,NARROW_FLOAT,32,30,2.4159,3.7322,1.2,1314
gnss_raw.txt,2437,380844.300,FINESTEERING,SOL_COMPUTED,NARROW_FLOAT,32,30,2.416,3.7322,1.3,1314
gnss_raw.txt,2437,380844.400,FINESTEERING,SOL_COMPUTED,NARROW_FLOAT,32,30,2.416,3.7323,1.4,1314
gnss_raw.txt,2437,380844.500,FINESTEERING,SOL_COMPUTED,NARROW_FLOAT,32,30,2.416,3.7323,1.5,1314
gnss_raw.txt,2437,380844.600,FINESTEERING,SOL_COMPUTED,NARROW_FLOAT,31,29,2.4161,3.7323,1.6,1314
gnss_raw.txt,2437,380844.700,FINESTEERING,SOL_COMPUTED,NARROW_FLOAT,31,29,2.4162,3.7324,1.7,1314
gnss_raw.txt,2437,380844.800,FINESTEERING,SOL_COMPUTED,NARROW_FLOAT,31,29,2.4162,3.7324,0.8,1314
gnss_raw.txt,2437,380844.900,FINESTEERING,SOL_COMPUTED,NARROW_FLOAT,31,29,2.4163,3.7324,0.9,1314
gnss_raw.txt,2437,380845.000,FINESTEERING,SOL_COMPUTED,NARROW_FLOAT,31,29,2.1769,2.4233,1.0,1314
gnss_raw.txt,2437,380845.100,FINESTEERING,SOL_COMPUTED,NARROW_FLOAT,31,29,2.177,2.4234,1.1,1314
gnss_raw.txt,2437,380845.200,FINESTEERING,SOL_COMPUTED,NARROW_FLOAT,31,29,2.177,2.4234,1.2,1314
gnss_raw.txt,2437,380845.300,FINESTEERING,SOL_COMPUTED,NARROW_FLOAT,31,29,2.177,2.4235,1.3,1314
gnss_raw.txt,2437,380845.400,FINESTEERING,SOL_COMPUTED,NARROW_FLOAT,31,29,2.1771,2.4235,1.4,1314
gnss_raw.txt,2437,380845.500,FINESTEERING,SOL_COMPUTED,NARROW_FLOAT,31,29,2.1771,2.4236,1.5,1314
gnss_raw.txt,2437,380845.600,FINESTEERING,SOL_COMPUTED,NARROW_FLOAT,31,29,2.1772,2.4236,1.6,1314
gnss_raw.txt,2437,380845.700,FINESTEERING,SOL_COMPUTED,NARROW_FLOAT,31,29,2.1772,2.4236,1.7,1314
gnss_raw.txt,2437,380845.800,FINESTEERING,SOL_COMPUTED,NARROW_FLOAT,31,29,2.1772,2.4237,1.8,1314
gnss_raw.txt,2437,380845.900,FINESTEERING,SOL_COMPUTED,NARROW_FLOAT,31,29,2.1772,2.4237,0.9,1314
gnss_raw.txt,2437,380846.000,FINESTEERING,SOL_COMPUTED,NARROW_FLOAT,31,29,2.8114,3.4388,1.0,1314
gnss_raw.txt,2437,380846.100,FINESTEERING,SOL_COMPUTED,NARROW_FLOAT,32,29,2.8114,3.4388,1.1,1314
gnss_raw.txt,2437,380846.200,FINESTEERING,SOL_COMPUTED,NARROW_FLOAT,32,29,2.8114,3.4388,1.2,1314
gnss_raw.txt,2437,380846.300,FINESTEERING,SOL_COMPUTED,NARROW_FLOAT,31,29,2.8114,3.4388,1.3,1314
gnss_raw.txt,2437,380846.400,FINESTEERING,SOL_COMPUTED,NARROW_FLOAT,31,29,2.8114,3.4388,1.4,1314
gnss_raw.txt,2437,380846.500,FINESTEERING,SOL_COMPUTED,NARROW_FLOAT,31,29,2.8114,3.4388,1.5,1314
gnss_raw.txt,2437,380846.600,FINESTEERING,SOL_COMPUTED,NARROW_FLOAT,31,29,2.8115,3.4388,1.6,1314
gnss_raw.txt,2437,380846.700,FINESTEERING,SOL_COMPUTED,NARROW_FLOAT,31,29,2.8115,3.4388,1.7,1314
gnss_raw.txt,2437,380846.800,FINESTEERING,SOL_COMPUTED,NARROW_FLOAT,31,29,2.8115,3.4389,1.8,1314
gnss_raw.txt,2437,380846.900,FINESTEERING,SOL_COMPUTED,NARROW_FLOAT,31,29,2.8115,3.4389,1.9,1314
gnss_raw.txt,2437,380847.000,FINESTEERING,SOL_COMPUTED,NARROW_FLOAT,31,29,2.9907,3.4848,1.0,1314
gnss_raw.txt,2437,380847.100,FINESTEERING,SOL_COMPUTED,NARROW_FLOAT,31,29,2.9908,3.4848,1.1,1314
gnss_raw.txt,2437,380847.200,FINESTEERING,SOL_COMPUTED,NARROW_FLOAT,31,29,2.9908,3.4848,1.2,1314
gnss_raw.txt,2437,380847.300,FINESTEERING,SOL_COMPUTED,NARROW_FLOAT,31,29,2.9908,3.4849,1.3,1314
gnss_raw.txt,2437,380847.400,FINESTEERING,SOL_COMPUTED,NARROW_FLOAT,31,29,2.9908,3.4849,1.4,1314
gnss_raw.txt,2437,380847.500,FINESTEERING,SOL_COMPUTED,NARROW_FLOAT,31,29,2.9908,3.4849,1.5,1314
gnss_raw.txt,2437,380847.600,FINESTEERING,SOL_COMPUTED,NARROW_FLOAT,31,29,2.9908,3.4849,1.6,1314
gnss_raw.txt,2437,380847.700,FINESTEERING,SOL_COMPUTED,NARROW_FLOAT,31,29,2.9909,3.4849,0.7,1314
gnss_raw.txt,2437,380847.800,FINESTEERING,SOL_COMPUTED,NARROW_FLOAT,30,28,2.9909,3.4849,0.8,1314
gnss_raw.txt,2437,380847.900,FINESTEERING,SOL_COMPUTED,NARROW_FLOAT,30,28,2.9909,3.4849,0.9,1314
gnss_raw.txt,2437,380848.000,FINESTEERING,SOL_COMPUTED,NARROW_FLOAT,30,28,3.9633,4.5821,1.0,1314
gnss_raw.txt,2437,380848.100,FINESTEERING,SOL_COMPUTED,NARROW_FLOAT,30,28,3.9633,4.5822,1.1,1314
gnss_raw.txt,2437,380848.200,FINESTEERING,SOL_COMPUTED,NARROW_FLOAT,30,28,3.9633,4.5822,1.2,1314
gnss_raw.txt,2437,380848.300,FINESTEERING,SOL_COMPUTED,NARROW_FLOAT,31,28,3.9633,4.5822,1.3,1314
gnss_raw.txt,2437,380848.400,FINESTEERING,SOL_COMPUTED,NARROW_FLOAT,31,28,3.9634,4.5822,1.4,1314
gnss_raw.txt,2437,380848.500,FINESTEERING,SOL_COMPUTED,NARROW_FLOAT,31,28,3.9634,4.5822,1.5,1314
gnss_raw.txt,2437,380848.600,FINESTEERING,SOL_COMPUTED,NARROW_FLOAT,30,28,3.9634,4.5822,1.6,1314
gnss_raw.txt,2437,380848.700,FINESTEERING,SOL_COMPUTED,NARROW_FLOAT,30,28,3.9634,4.5822,1.7,1314
gnss_raw.txt,2437,380848.800,FINESTEERING,SOL_COMPUTED,NARROW_FLOAT,30,28,3.9634,4.5823,0.8,1314
gnss_raw.txt,2437,380848.900,FINESTEERING,SOL_COMPUTED,NARROW_FLOAT,30,28,3.9634,4.5823,0.9,1314
gnss_raw.txt,2437,380849.000,FINESTEERING,SOL_COMPUTED,NARROW_FLOAT,30,28,3.532,4.0606,1.0,1314
gnss_raw.txt,2437,380849.100,FINESTEERING,SOL_COMPUTED,NARROW_FLOAT,30,28,3.532,4.0606,1.1,1314
gnss_raw.txt,2437,380849.200,FINESTEERING,SOL_COMPUTED,NARROW_FLOAT,31,29,3.532,4.0606,1.2,1314
gnss_raw.txt,2437,380849.300,FINESTEERING,SOL_COMPUTED,NARROW_FLOAT,30,28,3.532,4.0606,1.3,1314
gnss_raw.txt,2437,380849.400,FINESTEERING,SOL_COMPUTED,NARROW_FLOAT,30,28,3.532,4.0607,1.4,1314
gnss_raw.txt,2437,380849.500,FINESTEERING,SOL_COMPUTED,NARROW_FLOAT,30,28,3.532,4.0607,1.5,1314
gnss_raw.txt,2437,380849.600,FINESTEERING,SOL_COMPUTED,NARROW_FLOAT,30,28,3.532,4.0607,1.6,1314
gnss_raw.txt,2437,380849.700,FINESTEERING,SOL_COMPUTED,NARROW_FLOAT,30,28,3.532,4.0607,1.7,1314
gnss_raw.txt,2437,380849.800,FINESTEERING,SOL_COMPUTED,NARROW_FLOAT,30,28,3.5321,4.0607,0.8,1314
gnss_raw.txt,2437,380849.900,FINESTEERING,SOL_COMPUTED,NARROW_FLOAT,30,28,3.5321,4.0607,0.9,1314
gnss_raw.txt,2437,380850.000,FINESTEERING,SOL_COMPUTED,NARROW_FLOAT,30,28,4.2088,4.9,1.0,1314
gnss_raw.txt,2437,380850.100,FINESTEERING,SOL_COMPUTED,NARROW_FLOAT,30,28,4.2088,4.9,1.1,1314
gnss_raw.txt,2437,380850.200,FINESTEERING,SOL_COMPUTED,NARROW_FLOAT,30,28,4.2088,4.9001,1.2,1314
gnss_raw.txt,2437,380850.300,FINESTEERING,SOL_COMPUTED,NARROW_FLOAT,30,28,4.2088,4.9001,1.3,1314
gnss_raw.txt,2437,380850.400,FINESTEERING,SOL_COMPUTED,NARROW_FLOAT,31,29,4.2088,4.9001,1.4,1314
gnss_raw.txt,2437,380850.500,FINESTEERING,SOL_COMPUTED,NARROW_FLOAT,30,28,4.2088,4.9001,1.5,1314
gnss_raw.txt,2437,380850.600,FINESTEERING,SOL_COMPUTED,NARROW_FLOAT,30,28,4.2088,4.9001,1.6,1314
gnss_raw.txt,2437,380850.700,FINESTEERING,SOL_COMPUTED,NARROW_FLOAT,30,28,4.2088,4.9001,1.7,1314
gnss_raw.txt,2437,380850.800,FINESTEERING,SOL_COMPUTED,NARROW_FLOAT,30,28,4.2088,4.9001,1.8,1314
gnss_raw.txt,2437,380850.900,FINESTEERING,SOL_COMPUTED,NARROW_FLOAT,30,28,4.2088,4.9001,0.9,1314
gnss_raw.txt,2437,380851.000,FINESTEERING,SOL_COMPUTED,NARROW_FLOAT,30,28,5.3277,6.1972,1.0,1314
gnss_raw.txt,2437,380851.100,FINESTEERING,SOL_COMPUTED,NARROW_FLOAT,30,28,5.3277,6.1972,1.1,1314
gnss_raw.txt,2437,380851.200,FINESTEERING,SOL_COMPUTED,NARROW_FLOAT,30,28,5.3278,6.1972,1.2,1314
gnss_raw.txt,2437,380851.300,FINESTEERING,SOL_COMPUTED,NARROW_FLOAT,30,28,5.3278,6.1972,1.3,1314
gnss_raw.txt,2437,380851.400,FINESTEERING,SOL_COMPUTED,NARROW_FLOAT,30,28,5.3278,6.1972,1.4,1314
gnss_raw.txt,2437,380851.500,FINESTEERING,SOL_COMPUTED,NARROW_FLOAT,29,27,5.3278,6.1972,1.5,1314
gnss_raw.txt,2437,380851.600,FINESTEERING,SOL_COMPUTED,NARROW_FLOAT,30,27,5.3278,6.1972,1.6,1314
gnss_raw.txt,2437,380851.700,FINESTEERING,SOL_COMPUTED,NARROW_FLOAT,32,29,5.3278,6.1972,1.7,1314
gnss_raw.txt,2437,380851.800,FINESTEERING,SOL_COMPUTED,NARROW_FLOAT,31,28,5.3278,6.1972,1.8,1314
gnss_raw.txt,2437,380851.900,FINESTEERING,SOL_COMPUTED,NARROW_FLOAT,31,28,5.3278,6.1973,1.9,1314
gnss_raw.txt,2437,380852.000,FINESTEERING,SOL_COMPUTED,NARROW_FLOAT,31,28,3.6298,4.2267,1.0,1314
gnss_raw.txt,2437,380852.100,FINESTEERING,SOL_COMPUTED,NARROW_FLOAT,31,28,3.6298,4.2267,1.1,1314
gnss_raw.txt,2437,380852.200,FINESTEERING,SOL_COMPUTED,NARROW_FLOAT,31,28,3.6298,4.2267,1.2,1314
gnss_raw.txt,2437,380852.300,FINESTEERING,SOL_COMPUTED,NARROW_FLOAT,31,28,3.6298,4.2267,1.3,1314
gnss_raw.txt,2437,380852.400,FINESTEERING,SOL_COMPUTED,NARROW_FLOAT,31,28,3.6299,4.2268,1.4,1314
gnss_raw.txt,2437,380852.500,FINESTEERING,SOL_COMPUTED,NARROW_FLOAT,31,28,3.6299,4.2268,1.5,1314
gnss_raw.txt,2437,380852.600,FINESTEERING,SOL_COMPUTED,NARROW_FLOAT,31,28,3.6299,4.2268,1.6,1314
gnss_raw.txt,2437,380852.700,FINESTEERING,SOL_COMPUTED,NARROW_FLOAT,31,28,3.6299,4.2268,1.7,1314
gnss_raw.txt,2437,380852.800,FINESTEERING,SOL_COMPUTED,NARROW_FLOAT,30,28,3.6299,4.2268,0.8,1314
gnss_raw.txt,2437,380852.900,FINESTEERING,SOL_COMPUTED,NARROW_FLOAT,29,27,3.6299,4.2268,0.9,1314
gnss_raw.txt,2437,380853.000,FINESTEERING,SOL_COMPUTED,NARROW_FLOAT,28,26,3.481,4.0113,1.0,1314
gnss_raw.txt,2437,380853.100,FINESTEERING,SOL_COMPUTED,NARROW_FLOAT,28,26,3.481,4.0113,1.1,1314
gnss_raw.txt,2437,380853.200,FINESTEERING,SOL_COMPUTED,NARROW_FLOAT,28,26,3.481,4.0113,1.2,1314
gnss_raw.txt,2437,380853.300,FINESTEERING,SOL_COMPUTED,NARROW_FLOAT,28,26,3.481,4.0114,1.3,1314
gnss_raw.txt,2437,380853.400,FINESTEERING,SOL_COMPUTED,NARROW_FLOAT,30,28,3.4811,4.0114,1.4,1314
gnss_raw.txt,2437,380853.500,FINESTEERING,SOL_COMPUTED,NARROW_FLOAT,30,28,3.4811,4.0114,1.5,1314
gnss_raw.txt,2437,380853.600,FINESTEERING,SOL_COMPUTED,NARROW_FLOAT,30,28,3.4811,4.0114,1.6,1314
gnss_raw.txt,2437,380853.700,FINESTEERING,SOL_COMPUTED,NARROW_FLOAT,30,28,3.4811,4.0114,1.7,1314
gnss_raw.txt,2437,380853.800,FINESTEERING,SOL_COMPUTED,NARROW_FLOAT,30,28,3.4811,4.0114,1.8,1314
gnss_raw.txt,2437,380853.900,FINESTEERING,SOL_COMPUTED,NARROW_FLOAT,30,28,3.4812,4.0115,0.9,1314
gnss_raw.txt,2437,380854.000,FINESTEERING,SOL_COMPUTED,NARROW_FLOAT,30,28,2.8551,3.2748,1.0,1314
gnss_raw.txt,2437,380854.100,FINESTEERING,SOL_COMPUTED,NARROW_FLOAT,31,29,2.8551,3.2748,1.1,1314
gnss_raw.txt,2437,380854.200,FINESTEERING,SOL_COMPUTED,NARROW_FLOAT,31,29,2.8551,3.2748,1.2,1314
gnss_raw.txt,2437,380854.300,FINESTEERING,SOL_COMPUTED,NARROW_FLOAT,31,29,2.8551,3.2748,1.3,1314
gnss_raw.txt,2437,380854.400,FINESTEERING,SOL_COMPUTED,NARROW_FLOAT,31,29,2.8551,3.2748,1.4,1314
gnss_raw.txt,2437,380854.500,FINESTEERING,SOL_COMPUTED,NARROW_FLOAT,30,28,2.8551,3.2749,1.5,1314
gnss_raw.txt,2437,380854.600,FINESTEERING,SOL_COMPUTED,NARROW_FLOAT,30,28,2.8552,3.2749,1.6,1314
gnss_raw.txt,2437,380854.700,FINESTEERING,SOL_COMPUTED,NARROW_FLOAT,31,29,2.8552,3.2749,0.7,1314
gnss_raw.txt,2437,380854.800,FINESTEERING,SOL_COMPUTED,NARROW_FLOAT,31,29,2.8552,3.2749,0.8,1314
gnss_raw.txt,2437,380854.900,FINESTEERING,SOL_COMPUTED,NARROW_FLOAT,31,29,2.8552,3.2749,0.9,1314
gnss_raw.txt,2437,380855.000,FINESTEERING,SOL_COMPUTED,NARROW_FLOAT,31,29,3.5817,4.1393,1.0,1314
gnss_raw.txt,2437,380855.100,FINESTEERING,SOL_COMPUTED,NARROW_FLOAT,32,29,3.5817,4.1393,1.1,1314
gnss_raw.txt,2437,380855.200,FINESTEERING,SOL_COMPUTED,NARROW_FLOAT,32,29,3.5817,4.1393,1.2,1314
gnss_raw.txt,2437,380855.300,FINESTEERING,SOL_COMPUTED,NARROW_FLOAT,32,29,3.5817,4.1393,1.3,1314
gnss_raw.txt,2437,380855.400,FINESTEERING,SOL_COMPUTED,NARROW_FLOAT,32,29,3.5817,4.1393,1.4,1314
gnss_raw.txt,2437,380855.500,FINESTEERING,SOL_COMPUTED,NARROW_FLOAT,32,29,3.5817,4.1394,1.5,1314
gnss_raw.txt,2437,380855.600,FINESTEERING,SOL_COMPUTED,NARROW_FLOAT,31,28,3.5817,4.1394,1.6,1314
gnss_raw.txt,2437,380855.700,FINESTEERING,SOL_COMPUTED,NARROW_FLOAT,31,28,3.5818,4.1394,1.7,1314
gnss_raw.txt,2437,380855.800,FINESTEERING,SOL_COMPUTED,NARROW_FLOAT,30,28,3.5818,4.1394,0.8,1314
gnss_raw.txt,2437,380855.900,FINESTEERING,SOL_COMPUTED,NARROW_FLOAT,30,28,3.5818,4.1394,0.9,1314
gnss_raw.txt,2437,380856.000,FINESTEERING,SOL_COMPUTED,NARROW_FLOAT,30,28,2.3559,2.7068,1.0,1314
gnss_raw.txt,2437,380856.100,FINESTEERING,SOL_COMPUTED,NARROW_FLOAT,30,28,2.3559,2.7069,1.1,1314
gnss_raw.txt,2437,380856.200,FINESTEERING,SOL_COMPUTED,NARROW_FLOAT,30,28,2.3559,2.7069,1.2,1314
gnss_raw.txt,2437,380856.300,FINESTEERING,SOL_COMPUTED,NARROW_FLOAT,30,28,2.356,2.7069,1.3,1314
gnss_raw.txt,2437,380856.400,FINESTEERING,SOL_COMPUTED,NARROW_FLOAT,30,28,2.356,2.7069,1.4,1314
gnss_raw.txt,2437,380856.500,FINESTEERING,SOL_COMPUTED,NARROW_FLOAT,31,28,2.356,2.7069,1.5,1314
gnss_raw.txt,2437,380856.600,FINESTEERING,SOL_COMPUTED,NARROW_FLOAT,31,28,2.356,2.707,1.6,1314
gnss_raw.txt,2437,380856.700,FINESTEERING,SOL_COMPUTED,NARROW_FLOAT,31,28,2.356,2.707,1.7,1314
gnss_raw.txt,2437,380856.800,FINESTEERING,SOL_COMPUTED,NARROW_FLOAT,31,28,2.356,2.707,1.8,1314
gnss_raw.txt,2437,380856.900,FINESTEERING,SOL_COMPUTED,NARROW_FLOAT,31,28,2.3561,2.707,0.9,1314
gnss_raw.txt,2437,380857.000,FINESTEERING,SOL_COMPUTED,NARROW_FLOAT,31,28,2.5354,2.8967,1.0,1314
gnss_raw.txt,2437,380857.100,FINESTEERING,SOL_COMPUTED,NARROW_FLOAT,31,28,2.5355,2.8967,1.1,1314
gnss_raw.txt,2437,380857.200,FINESTEERING,SOL_COMPUTED,NARROW_FLOAT,31,28,2.5355,2.8968,1.2,1314
gnss_raw.txt,2437,380857.300,FINESTEERING,SOL_COMPUTED,NARROW_FLOAT,31,28,2.5355,2.8968,1.3,1314
gnss_raw.txt,2437,380857.400,FINESTEERING,SOL_COMPUTED,NARROW_FLOAT,30,27,2.5355,2.8968,1.4,1314
gnss_raw.txt,2437,380857.500,FINESTEERING,SOL_COMPUTED,NARROW_FLOAT,30,27,2.5356,2.8968,1.5,1314
gnss_raw.txt,2437,380857.600,FINESTEERING,SOL_COMPUTED,NARROW_FLOAT,30,27,2.5356,2.8968,1.6,1314
gnss_raw.txt,2437,380857.700,FINESTEERING,SOL_COMPUTED,NARROW_FLOAT,30,27,2.5356,2.8969,1.7,1314
gnss_raw.txt,2437,380857.800,FINESTEERING,SOL_COMPUTED,NARROW_FLOAT,30,27,2.5356,2.8969,0.8,1314
gnss_raw.txt,2437,380857.900,FINESTEERING,SOL_COMPUTED,NARROW_FLOAT,30,27,2.5357,2.8969,0.9,1314
gnss_raw.txt,2437,380858.000,FINESTEERING,SOL_COMPUTED,NARROW_FLOAT,30,27,1.7618,2.0064,1.0,1314
gnss_raw.txt,2437,380858.100,FINESTEERING,SOL_COMPUTED,NARROW_FLOAT,30,27,1.7619,2.0065,1.1,1314
gnss_raw.txt,2437,380858.200,FINESTEERING,SOL_COMPUTED,NARROW_FLOAT,30,27,1.7619,2.0065,1.2,1314
gnss_raw.txt,2437,380858.300,FINESTEERING,SOL_COMPUTED,NARROW_FLOAT,29,27,1.7619,2.0065,1.3,1314
gnss_raw.txt,2437,380858.400,FINESTEERING,SOL_COMPUTED,NARROW_FLOAT,30,28,1.7619,2.0065,1.4,1314
gnss_raw.txt,2437,380858.500,FINESTEERING,SOL_COMPUTED,NARROW_FLOAT,30,28,1.762,2.0065,1.5,1314
gnss_raw.txt,2437,380858.600,FINESTEERING,SOL_COMPUTED,NARROW_FLOAT,30,28,1.762,2.0066,1.6,1314
gnss_raw.txt,2437,380858.700,FINESTEERING,SOL_COMPUTED,NARROW_FLOAT,29,27,1.762,2.0066,1.7,1314
gnss_raw.txt,2437,380858.800,FINESTEERING,SOL_COMPUTED,NARROW_FLOAT,29,27,1.7621,2.0066,1.8,1314
gnss_raw.txt,2437,380858.900,FINESTEERING,SOL_COMPUTED,NARROW_FLOAT,29,27,1.7621,2.0067,1.9,1314
gnss_raw.txt,2437,380859.000,FINESTEERING,SOL_COMPUTED,NARROW_FLOAT,29,27,2.6596,2.7476,1.0,1314
gnss_raw.txt,2437,380859.100,FINESTEERING,SOL_COMPUTED,NARROW_FLOAT,29,27,2.6596,2.7476,1.1,1314
gnss_raw.txt,2437,380859.200,FINESTEERING,SOL_COMPUTED,NARROW_FLOAT,29,27,2.6596,2.7476,1.2,1314
gnss_raw.txt,2437,380859.300,FINESTEERING,SOL_COMPUTED,NARROW_FLOAT,29,27,2.6597,2.7477,1.3,1314
gnss_raw.txt,2437,380859.400,FINESTEERING,SOL_COMPUTED,NARROW_FLOAT,29,27,2.6597,2.7477,1.4,1314
gnss_raw.txt,2437,380859.500,FINESTEERING,SOL_COMPUTED,NARROW_FLOAT,30,28,2.6597,2.7477,1.5,1314
gnss_raw.txt,2437,380859.600,FINESTEERING,SOL_COMPUTED,NARROW_FLOAT,30,28,2.6598,2.7477,1.6,1314
gnss_raw.txt,2437,380859.700,FINESTEERING,SOL_COMPUTED,NARROW_FLOAT,31,29,2.6598,2.7477,1.7,1314
gnss_raw.txt,2437,380859.800,FINESTEERING,SOL_COMPUTED,NARROW_FLOAT,31,29,2.6598,2.7478,1.8,1314
gnss_raw.txt,2437,380859.900,FINESTEERING,SOL_COMPUTED,NARROW_FLOAT,31,29,2.6598,2.7478,0.9,1314
gnss_raw.txt,2437,380860.000,FINESTEERING,SOL_COMPUTED,NARROW_FLOAT,31,29,2.1099,2.2118,1.0,1314
gnss_raw.txt,2437,380860.100,FINESTEERING,SOL_COMPUTED,NARROW_FLOAT,31,29,2.11,2.2118,1.1,1314
gnss_raw.txt,2437,380860.200,FINESTEERING,SOL_COMPUTED,NARROW_FLOAT,31,29,2.11,2.2118,1.2,1314
gnss_raw.txt,2437,380860.300,FINESTEERING,SOL_COMPUTED,NARROW_FLOAT,31,29,2.11,2.2119,1.3,1314
gnss_raw.txt,2437,380860.400,FINESTEERING,SOL_COMPUTED,NARROW_FLOAT,31,29,2.11,2.2119,1.4,1314
gnss_raw.txt,2437,380860.500,FINESTEERING,SOL_COMPUTED,NARROW_FLOAT,31,29,2.1101,2.2119,1.5,1314
gnss_raw.txt,2437,380860.600,FINESTEERING,SOL_COMPUTED,NARROW_FLOAT,31,29,2.1101,2.2119,1.6,1314
gnss_raw.txt,2437,380860.700,FINESTEERING,SOL_COMPUTED,NARROW_FLOAT,32,30,2.1101,2.212,1.7,1314
gnss_raw.txt,2437,380860.800,FINESTEERING,SOL_COMPUTED,NARROW_FLOAT,32,30,2.1101,2.212,0.8,1314
gnss_raw.txt,2437,380860.900,FINESTEERING,SOL_COMPUTED,NARROW_FLOAT,32,30,2.1101,2.212,0.9,1314
gnss_raw.txt,2437,380861.000,FINESTEERING,SOL_COMPUTED,NARROW_FLOAT,32,30,2.8954,3.076,1.0,1314
gnss_raw.txt,2437,380861.100,FINESTEERING,SOL_COMPUTED,NARROW_FLOAT,32,30,2.8954,3.076,1.1,1314
gnss_raw.txt,2437,380861.200,FINESTEERING,SOL_COMPUTED,NARROW_FLOAT,32,29,2.8955,3.0761,1.2,1314
gnss_raw.txt,2437,380861.300,FINESTEERING,SOL_COMPUTED,NARROW_FLOAT,32,29,2.8955,3.0761,1.3,1314
gnss_raw.txt,2437,380861.400,FINESTEERING,SOL_COMPUTED,NARROW_FLOAT,32,29,2.8955,3.0761,1.4,1314
gnss_raw.txt,2437,380861.500,FINESTEERING,SOL_COMPUTED,NARROW_FLOAT,32,29,2.8955,3.0761,1.5,1314
gnss_raw.txt,2437,380861.600,FINESTEERING,SOL_COMPUTED,NARROW_FLOAT,32,29,2.8955,3.0761,1.6,1314
gnss_raw.txt,2437,380861.700,FINESTEERING,SOL_COMPUTED,NARROW_FLOAT,32,29,2.8955,3.0761,1.7,1314
gnss_raw.txt,2437,380861.800,FINESTEERING,SOL_COMPUTED,NARROW_FLOAT,32,29,2.8956,3.0762,0.8,1314
gnss_raw.txt,2437,380861.900,FINESTEERING,SOL_COMPUTED,NARROW_FLOAT,32,29,2.8956,3.0762,0.9,1314
gnss_raw.txt,2437,380862.000,FINESTEERING,SOL_COMPUTED,NARROW_FLOAT,32,29,5.1209,5.4727,1.0,1314
gnss_raw.txt,2437,380862.100,FINESTEERING,SOL_COMPUTED,NARROW_FLOAT,33,30,5.1209,5.4727,1.1,1314
gnss_raw.txt,2437,380862.200,FINESTEERING,SOL_COMPUTED,NARROW_FLOAT,32,29,5.1209,5.4727,1.2,1314
gnss_raw.txt,2437,380862.300,FINESTEERING,SOL_COMPUTED,NARROW_FLOAT,31,28,5.1209,5.4727,1.3,1314
gnss_raw.txt,2437,380862.400,FINESTEERING,SOL_COMPUTED,NARROW_FLOAT,31,28,5.1209,5.4727,1.4,1314
gnss_raw.txt,2437,380862.500,FINESTEERING,SOL_COMPUTED,NARROW_FLOAT,31,28,5.121,5.4727,1.5,1314
gnss_raw.txt,2437,380862.600,FINESTEERING,SOL_COMPUTED,NARROW_FLOAT,31,28,5.121,5.4727,1.6,1314
gnss_raw.txt,2437,380862.700,FINESTEERING,SOL_COMPUTED,NARROW_FLOAT,31,28,5.121,5.4727,1.7,1314
gnss_raw.txt,2437,380862.800,FINESTEERING,SOL_COMPUTED,NARROW_FLOAT,30,28,5.121,5.4727,0.8,1314
gnss_raw.txt,2437,380862.900,FINESTEERING,SOL_COMPUTED,NARROW_FLOAT,30,28,5.121,5.4727,0.9,1314
gnss_raw.txt,2437,380863.000,FINESTEERING,SOL_COMPUTED,NARROW_FLOAT,30,28,11.6332,12.4838,1.0,1314
gnss_raw.txt,2437,380863.100,FINESTEERING,SOL_COMPUTED,NARROW_FLOAT,30,28,11.6332,12.4838,1.1,1314
gnss_raw.txt,2437,380863.200,FINESTEERING,SOL_COMPUTED,NARROW_FLOAT,30,28,11.6332,12.4838,1.2,1314
gnss_raw.txt,2437,380863.300,FINESTEERING,SOL_COMPUTED,NARROW_FLOAT,29,27,11.6332,12.4838,1.3,1314
gnss_raw.txt,2437,380863.400,FINESTEERING,SOL_COMPUTED,NARROW_FLOAT,29,27,11.6332,12.4838,1.4,1314
gnss_raw.txt,2437,380863.500,FINESTEERING,SOL_COMPUTED,NARROW_FLOAT,29,27,11.6332,12.4838,1.5,1314
gnss_raw.txt,2437,380863.600,FINESTEERING,SOL_COMPUTED,NARROW_FLOAT,30,27,11.6332,12.4838,1.6,1314
gnss_raw.txt,2437,380863.700,FINESTEERING,SOL_COMPUTED,NARROW_FLOAT,30,27,11.6332,12.4838,1.7,1314
gnss_raw.txt,2437,380863.800,FINESTEERING,SOL_COMPUTED,NARROW_FLOAT,30,27,11.6332,12.4838,0.8,1314
gnss_raw.txt,2437,380863.900,FINESTEERING,SOL_COMPUTED,NARROW_FLOAT,30,27,11.6332,12.4839,0.9,1314
gnss_raw.txt,2437,380864.000,FINESTEERING,SOL_COMPUTED,NARROW_FLOAT,30,27,7.8726,8.5128,1.0,1314
gnss_raw.txt,2437,380864.100,FINESTEERING,SOL_COMPUTED,NARROW_FLOAT,29,27,7.8726,8.5128,1.1,1314
gnss_raw.txt,2437,380864.200,FINESTEERING,SOL_COMPUTED,NARROW_FLOAT,30,28,7.8726,8.5128,1.2,1314
gnss_raw.txt,2437,380864.300,FINESTEERING,SOL_COMPUTED,NARROW_FLOAT,30,28,7.8726,8.5128,1.3,1314
gnss_raw.txt,2437,380864.400,FINESTEERING,SOL_COMPUTED,NARROW_FLOAT,30,28,7.8727,8.5128,1.4,1314
gnss_raw.txt,2437,380864.500,FINESTEERING,SOL_COMPUTED,NARROW_FLOAT,30,28,7.8727,8.5128,1.5,1314
gnss_raw.txt,2437,380864.600,FINESTEERING,SOL_COMPUTED,NARROW_FLOAT,30,28,7.8727,8.5128,1.6,1314
gnss_raw.txt,2437,380864.700,FINESTEERING,SOL_COMPUTED,NARROW_FLOAT,32,30,7.8727,8.5128,1.7,1314
gnss_raw.txt,2437,380864.800,FINESTEERING,SOL_COMPUTED,NARROW_FLOAT,30,28,7.8727,8.5128,0.8,1314
gnss_raw.txt,2437,380864.900,FINESTEERING,SOL_COMPUTED,NARROW_FLOAT,30,28,7.8727,8.5128,0.9,1314
gnss_raw.txt,2437,380865.000,FINESTEERING,SOL_COMPUTED,NARROW_FLOAT,30,28,8.131,8.5794,1.0,1314
gnss_raw.txt,2437,380865.100,FINESTEERING,SOL_COMPUTED,NARROW_FLOAT,29,27,8.1311,8.5794,1.1,1314
gnss_raw.txt,2437,380865.200,FINESTEERING,SOL_COMPUTED,NARROW_FLOAT,29,27,8.1311,8.5794,1.2,1314
gnss_raw.txt,2437,380865.300,FINESTEERING,SOL_COMPUTED,NARROW_FLOAT,29,27,8.1311,8.5794,1.3,1314
gnss_raw.txt,2437,380865.400,FINESTEERING,SOL_COMPUTED,NARROW_FLOAT,29,27,8.1311,8.5794,1.4,1314
gnss_raw.txt,2437,380865.500,FINESTEERING,SOL_COMPUTED,NARROW_FLOAT,30,28,8.1311,8.5794,1.5,1314
gnss_raw.txt,2437,380865.600,FINESTEERING,SOL_COMPUTED,NARROW_FLOAT,30,28,8.1311,8.5794,1.6,1314
gnss_raw.txt,2437,380865.700,FINESTEERING,SOL_COMPUTED,NARROW_FLOAT,30,28,8.1311,8.5794,1.7,1314
gnss_raw.txt,2437,380865.800,FINESTEERING,SOL_COMPUTED,NARROW_FLOAT,30,28,8.1311,8.5794,1.8,1314
gnss_raw.txt,2437,380865.900,FINESTEERING,SOL_COMPUTED,NARROW_FLOAT,30,28,8.1311,8.5794,0.9,1314
gnss_raw.txt,2437,380866.000,FINESTEERING,SOL_COMPUTED,NARROW_FLOAT,30,28,11.6324,11.9455,1.0,1314
gnss_raw.txt,2437,380866.100,FINESTEERING,SOL_COMPUTED,NARROW_FLOAT,30,28,11.6324,11.9456,1.1,1314
gnss_raw.txt,2437,380866.200,FINESTEERING,SOL_COMPUTED,NARROW_FLOAT,29,27,11.6324,11.9456,1.2,1314
gnss_raw.txt,2437,380866.300,FINESTEERING,SOL_COMPUTED,NARROW_FLOAT,29,27,11.6324,11.9456,1.3,1314
gnss_raw.txt,2437,380866.400,FINESTEERING,SOL_COMPUTED,NARROW_FLOAT,32,30,11.6324,11.9456,1.4,1314
gnss_raw.txt,2437,380866.500,FINESTEERING,SOL_COMPUTED,NARROW_FLOAT,32,30,11.6324,11.9456,1.5,1314
gnss_raw.txt,2437,380866.600,FINESTEERING,SOL_COMPUTED,NARROW_FLOAT,32,30,11.6324,11.9456,1.6,1314
gnss_raw.txt,2437,380866.700,FINESTEERING,SOL_COMPUTED,NARROW_FLOAT,31,29,11.6324,11.9456,1.7,1314
gnss_raw.txt,2437,380866.800,FINESTEERING,SOL_COMPUTED,NARROW_FLOAT,30,28,11.6324,11.9456,1.8,1314
gnss_raw.txt,2437,380866.900,FINESTEERING,SOL_COMPUTED,NARROW_FLOAT,30,28,11.6324,11.9456,0.9,1314
gnss_raw.txt,2437,380867.000,FINESTEERING,SOL_COMPUTED,NARROW_FLOAT,30,28,8.8911,8.8772,1.0,1314
gnss_raw.txt,2437,380867.100,FINESTEERING,SOL_COMPUTED,NARROW_FLOAT,30,28,8.8911,8.8772,1.1,1314
gnss_raw.txt,2437,380867.200,FINESTEERING,SOL_COMPUTED,NARROW_FLOAT,31,29,8.8912,8.8772,1.2,1314
gnss_raw.txt,2437,380867.300,FINESTEERING,SOL_COMPUTED,NARROW_FLOAT,31,29,8.8912,8.8772,1.3,1314
gnss_raw.txt,2437,380867.400,FINESTEERING,SOL_COMPUTED,NARROW_FLOAT,31,29,8.8912,8.8772,1.4,1314
gnss_raw.txt,2437,380867.500,FINESTEERING,SOL_COMPUTED,NARROW_FLOAT,31,29,8.8912,8.8773,1.5,1314
gnss_raw.txt,2437,380867.600,FINESTEERING,SOL_COMPUTED,NARROW_FLOAT,31,29,8.8912,8.8773,1.6,1314
gnss_raw.txt,2437,380867.700,FINESTEERING,SOL_COMPUTED,NARROW_FLOAT,31,29,8.8912,8.8773,1.7,1314
gnss_raw.txt,2437,380867.800,FINESTEERING,SOL_COMPUTED,NARROW_FLOAT,31,29,8.8912,8.8773,1.8,1314
gnss_raw.txt,2437,380867.900,FINESTEERING,SOL_COMPUTED,NARROW_FLOAT,30,28,8.8912,8.8773,0.9,1314
gnss_raw.txt,2437,380868.000,FINESTEERING,SOL_COMPUTED,NARROW_FLOAT,30,28,6.1772,6.6194,1.0,1314
gnss_raw.txt,2437,380868.100,FINESTEERING,SOL_COMPUTED,NARROW_FLOAT,30,28,6.1772,6.6194,1.1,1314
gnss_raw.txt,2437,380868.200,FINESTEERING,SOL_COMPUTED,NARROW_FLOAT,30,28,6.1772,6.6194,1.2,1314
gnss_raw.txt,2437,380868.300,FINESTEERING,SOL_COMPUTED,NARROW_FLOAT,31,29,6.1772,6.6194,1.3,1314
gnss_raw.txt,2437,380868.400,FINESTEERING,SOL_COMPUTED,NARROW_FLOAT,31,29,6.1773,6.6195,1.4,1314
gnss_raw.txt,2437,380868.500,FINESTEERING,SOL_COMPUTED,NARROW_FLOAT,31,29,6.1773,6.6195,1.5,1314
gnss_raw.txt,2437,380868.600,FINESTEERING,SOL_COMPUTED,NARROW_FLOAT,32,30,6.1773,6.6195,1.6,1314
gnss_raw.txt,2437,380868.700,FINESTEERING,SOL_COMPUTED,NARROW_FLOAT,31,29,6.1773,6.6195,1.7,1314
gnss_raw.txt,2437,380868.800,FINESTEERING,SOL_COMPUTED,NARROW_FLOAT,31,29,6.1773,6.6195,1.8,1314
gnss_raw.txt,2437,380868.900,FINESTEERING,SOL_COMPUTED,NARROW_FLOAT,31,29,6.1773,6.6195,1.9,1314
gnss_raw.txt,2437,380869.000,FINESTEERING,SOL_COMPUTED,NARROW_FLOAT,31,29,7.5974,8.1414,1.0,1314
gnss_raw.txt,2437,380869.100,FINESTEERING,SOL_COMPUTED,NARROW_FLOAT,32,30,7.5974,8.1414,1.1,1314
gnss_raw.txt,2437,380869.200,FINESTEERING,SOL_COMPUTED,NARROW_FLOAT,32,30,7.5975,8.1415,1.2,1314
gnss_raw.txt,2437,380869.300,FINESTEERING,SOL_COMPUTED,NARROW_FLOAT,31,29,7.5975,8.1415,1.3,1314
gnss_raw.txt,2437,380869.400,FINESTEERING,SOL_COMPUTED,NARROW_FLOAT,31,29,7.5975,8.1415,1.4,1314
gnss_raw.txt,2437,380869.500,FINESTEERING,SOL_COMPUTED,NARROW_FLOAT,30,28,7.5975,8.1415,1.5,1314
gnss_raw.txt,2437,380869.600,FINESTEERING,SOL_COMPUTED,NARROW_FLOAT,29,27,7.5975,8.1415,1.6,1314
gnss_raw.txt,2437,380869.700,FINESTEERING,SOL_COMPUTED,NARROW_FLOAT,30,28,7.5975,8.1415,1.7,1314
gnss_raw.txt,2437,380869.800,FINESTEERING,SOL_COMPUTED,NARROW_FLOAT,30,28,7.5975,8.1415,1.8,1314
gnss_raw.txt,2437,380869.900,FINESTEERING,SOL_COMPUTED,NARROW_FLOAT,30,28,7.5976,8.1416,0.9,1314
gnss_raw.txt,2437,380870.000,FINESTEERING,SOL_COMPUTED,NARROW_FLOAT,30,28,11.683,12.415,1.0,1314
gnss_raw.txt,2437,380870.100,FINESTEERING,SOL_COMPUTED,NARROW_FLOAT,30,28,11.683,12.415,1.1,1314
gnss_raw.txt,2437,380870.200,FINESTEERING,SOL_COMPUTED,NARROW_FLOAT,30,28,11.6831,12.415,1.2,1314
gnss_raw.txt,2437,380870.300,FINESTEERING,SOL_COMPUTED,NARROW_FLOAT,30,28,11.6831,12.415,1.3,1314
gnss_raw.txt,2437,380870.400,FINESTEERING,SOL_COMPUTED,NARROW_FLOAT,30,28,11.6831,12.415,1.4,1314
gnss_raw.txt,2437,380870.500,FINESTEERING,SOL_COMPUTED,NARROW_FLOAT,29,27,11.6831,12.415,1.5,1314
gnss_raw.txt,2437,380870.600,FINESTEERING,SOL_COMPUTED,NARROW_FLOAT,29,27,11.6831,12.415,1.6,1314
gnss_raw.txt,2437,380870.700,FINESTEERING,SOL_COMPUTED,NARROW_FLOAT,29,27,11.6831,12.415,1.7,1314
gnss_raw.txt,2437,380870.800,FINESTEERING,SOL_COMPUTED,NARROW_FLOAT,29,27,11.6831,12.415,1.8,1314
gnss_raw.txt,2437,380870.900,FINESTEERING,SOL_COMPUTED,NARROW_FLOAT,29,27,11.6831,12.415,0.9,1314
gnss_raw.txt,2437,380871.000,FINESTEERING,SOL_COMPUTED,NARROW_FLOAT,29,27,7.7411,8.1949,1.0,1314
gnss_raw.txt,2437,380871.100,FINESTEERING,SOL_COMPUTED,NARROW_FLOAT,29,27,7.7411,8.1949,1.1,1314
gnss_raw.txt,2437,380871.200,FINESTEERING,SOL_COMPUTED,NARROW_FLOAT,29,27,7.7411,8.195,1.2,1314
gnss_raw.txt,2437,380871.300,FINESTEERING,SOL_COMPUTED,NARROW_FLOAT,29,27,7.7411,8.195,1.3,1314
gnss_raw.txt,2437,380871.400,FINESTEERING,SOL_COMPUTED,NARROW_FLOAT,29,27,7.7412,8.195,1.4,1314
gnss_raw.txt,2437,380871.500,FINESTEERING,SOL_COMPUTED,NARROW_FLOAT,29,27,7.7412,8.195,1.5,1314
gnss_raw.txt,2437,380871.600,FINESTEERING,SOL_COMPUTED,NARROW_FLOAT,29,27,7.7412,8.195,1.6,1314
gnss_raw.txt,2437,380871.700,FINESTEERING,SOL_COMPUTED,NARROW_FLOAT,29,27,7.7412,8.195,1.7,1314
gnss_raw.txt,2437,380871.800,FINESTEERING,SOL_COMPUTED,NARROW_FLOAT,29,27,7.7412,8.195,0.8,1314
gnss_raw.txt,2437,380871.900,FINESTEERING,SOL_COMPUTED,NARROW_FLOAT,29,27,7.7412,8.195,0.9,1314
gnss_raw.txt,2437,380872.000,FINESTEERING,SOL_COMPUTED,NARROW_FLOAT,29,27,6.4167,6.8502,1.0,1314
gnss_raw.txt,2437,380872.100,FINESTEERING,SOL_COMPUTED,NARROW_FLOAT,29,27,6.4167,6.8502,1.1,1314
gnss_raw.txt,2437,380872.200,FINESTEERING,SOL_COMPUTED,NARROW_FLOAT,29,27,6.4167,6.8502,1.2,1314
gnss_raw.txt,2437,380872.300,FINESTEERING,SOL_COMPUTED,NARROW_FLOAT,29,27,6.4167,6.8503,1.3,1314
gnss_raw.txt,2437,380872.400,FINESTEERING,SOL_COMPUTED,NARROW_FLOAT,29,27,6.4168,6.8503,1.4,1314
gnss_raw.txt,2437,380872.500,FINESTEERING,SOL_COMPUTED,NARROW_FLOAT,29,27,6.4168,6.8503,1.5,1314
gnss_raw.txt,2437,380872.600,FINESTEERING,SOL_COMPUTED,NARROW_FLOAT,29,27,6.4168,6.8503,1.6,1314
gnss_raw.txt,2437,380872.700,FINESTEERING,SOL_COMPUTED,NARROW_FLOAT,29,27,6.4168,6.8503,1.7,1314
gnss_raw.txt,2437,380872.800,FINESTEERING,SOL_COMPUTED,NARROW_FLOAT,29,27,6.4168,6.8503,1.8,1314
gnss_raw.txt,2437,380872.900,FINESTEERING,SOL_COMPUTED,NARROW_FLOAT,29,27,6.4168,6.8503,0.9,1314
gnss_raw.txt,2437,380873.000,FINESTEERING,SOL_COMPUTED,NARROW_FLOAT,29,27,9.0217,9.7123,1.0,1314
gnss_raw.txt,2437,380873.100,FINESTEERING,SOL_COMPUTED,NARROW_FLOAT,29,27,9.0217,9.7123,1.1,1314
gnss_raw.txt,2437,380873.200,FINESTEERING,SOL_COMPUTED,NARROW_FLOAT,30,28,9.0217,9.7124,1.2,1314
gnss_raw.txt,2437,380873.300,FINESTEERING,SOL_COMPUTED,NARROW_FLOAT,30,28,9.0217,9.7124,1.3,1314
gnss_raw.txt,2437,380873.400,FINESTEERING,SOL_COMPUTED,NARROW_FLOAT,30,28,9.0217,9.7124,1.4,1314
gnss_raw.txt,2437,380873.500,FINESTEERING,SOL_COMPUTED,NARROW_FLOAT,30,28,9.0217,9.7124,1.5,1314
gnss_raw.txt,2437,380873.600,FINESTEERING,SOL_COMPUTED,NARROW_FLOAT,30,28,9.0217,9.7124,1.6,1314
gnss_raw.txt,2437,380873.700,FINESTEERING,SOL_COMPUTED,NARROW_FLOAT,30,28,9.0217,9.7124,0.7,1314
gnss_raw.txt,2437,380873.800,FINESTEERING,SOL_COMPUTED,NARROW_FLOAT,30,28,9.0217,9.7124,0.8,1314
gnss_raw.txt,2437,380873.900,FINESTEERING,SOL_COMPUTED,NARROW_FLOAT,30,28,9.0217,9.7124,0.9,1314
gnss_raw.txt,2437,380874.000,FINESTEERING,SOL_COMPUTED,NARROW_FLOAT,30,28,2.7041,2.901,1.0,1314
gnss_raw.txt,2437,380874.100,FINESTEERING,SOL_COMPUTED,NARROW_FLOAT,30,28,2.7041,2.901,1.1,1314
gnss_raw.txt,2437,380874.200,FINESTEERING,SOL_COMPUTED,NARROW_FLOAT,30,28,2.7041,2.9011,1.2,1314
gnss_raw.txt,2437,380874.300,FINESTEERING,SOL_COMPUTED,NARROW_FLOAT,30,28,2.7041,2.9011,1.3,1314
gnss_raw.txt,2437,380874.400,FINESTEERING,SOL_COMPUTED,NARROW_FLOAT,30,28,2.7042,2.9011,1.4,1314
gnss_raw.txt,2437,380874.500,FINESTEERING,SOL_COMPUTED,NARROW_FLOAT,30,28,2.7042,2.9012,1.5,1314
gnss_raw.txt,2437,380874.600,FINESTEERING,SOL_COMPUTED,NARROW_FLOAT,30,28,2.7042,2.9012,1.6,1314
gnss_raw.txt,2437,380874.700,FINESTEERING,SOL_COMPUTED,NARROW_FLOAT,31,29,2.7043,2.9013,1.7,1314
gnss_raw.txt,2437,380874.800,FINESTEERING,SOL_COMPUTED,NARROW_FLOAT,31,29,2.7043,2.9013,1.8,1314
gnss_raw.txt,2437,380874.900,FINESTEERING,SOL_COMPUTED,NARROW_FLOAT,32,30,2.7044,2.9013,1.9,1314
gnss_raw.txt,2437,380875.000,FINESTEERING,SOL_COMPUTED,NARROW_FLOAT,32,30,4.3646,4.6788,2.0,1314
gnss_raw.txt,2437,380875.100,FINESTEERING,SOL_COMPUTED,NARROW_FLOAT,32,30,4.3646,4.6788,2.1,1314
gnss_raw.txt,2437,380875.200,FINESTEERING,SOL_COMPUTED,NARROW_FLOAT,32,30,4.3646,4.6788,2.2,1314
gnss_raw.txt,2437,380875.300,FINESTEERING,SOL_COMPUTED,NARROW_FLOAT,32,30,4.3646,4.6788,2.3,1314
gnss_raw.txt,2437,380875.400,FINESTEERING,SOL_COMPUTED,NARROW_FLOAT,32,30,4.3647,4.6788,2.4,1314
gnss_raw.txt,2437,380875.500,FINESTEERING,SOL_COMPUTED,NARROW_FLOAT,32,30,4.3647,4.6788,2.5,1314
gnss_raw.txt,2437,380875.600,FINESTEERING,SOL_COMPUTED,NARROW_FLOAT,32,29,4.3647,4.6788,2.6,1314
gnss_raw.txt,2437,380875.700,FINESTEERING,SOL_COMPUTED,NARROW_FLOAT,31,29,4.3647,4.6789,2.7,1314
gnss_raw.txt,2437,380875.800,FINESTEERING,SOL_COMPUTED,NARROW_FLOAT,31,29,4.3647,4.6789,2.8,1314
gnss_raw.txt,2437,380875.900,FINESTEERING,SOL_COMPUTED,NARROW_FLOAT,30,28,4.3647,4.6789,2.9,1314
gnss_raw.txt,2437,380876.000,FINESTEERING,SOL_COMPUTED,NARROW_FLOAT,30,28,6.5237,6.9793,3.0,1314
gnss_raw.txt,2437,380876.100,FINESTEERING,SOL_COMPUTED,NARROW_FLOAT,30,28,6.5237,6.9793,3.1,1314
gnss_raw.txt,2437,380876.200,FINESTEERING,SOL_COMPUTED,NARROW_FLOAT,31,29,6.5237,6.9793,3.2,1314
gnss_raw.txt,2437,380876.300,FINESTEERING,SOL_COMPUTED,NARROW_FLOAT,31,29,6.5237,6.9793,3.3,1314
gnss_raw.txt,2437,380876.400,FINESTEERING,SOL_COMPUTED,NARROW_FLOAT,31,29,6.5237,6.9793,3.4,1314
gnss_raw.txt,2437,380876.500,FINESTEERING,SOL_COMPUTED,NARROW_FLOAT,31,29,6.5237,6.9793,3.5,1314
gnss_raw.txt,2437,380876.600,FINESTEERING,SOL_COMPUTED,NARROW_FLOAT,31,28,6.5237,6.9793,3.6,1314
gnss_raw.txt,2437,380876.700,FINESTEERING,SOL_COMPUTED,NARROW_FLOAT,31,28,6.5237,6.9794,3.7,1314
gnss_raw.txt,2437,380876.800,FINESTEERING,SOL_COMPUTED,NARROW_FLOAT,31,28,6.5238,6.9794,3.8,1314
gnss_raw.txt,2437,380876.900,FINESTEERING,SOL_COMPUTED,NARROW_FLOAT,31,28,6.5238,6.9794,3.9,1314
gnss_raw.txt,2437,380877.000,FINESTEERING,SOL_COMPUTED,NARROW_FLOAT,32,29,4.5596,4.7555,4.0,1314
gnss_raw.txt,2437,380877.100,FINESTEERING,SOL_COMPUTED,NARROW_FLOAT,32,29,4.5596,4.7555,4.1,1314
gnss_raw.txt,2437,380877.200,FINESTEERING,SOL_COMPUTED,NARROW_FLOAT,31,28,4.5596,4.7556,4.2,1314
gnss_raw.txt,2437,380877.300,FINESTEERING,SOL_COMPUTED,NARROW_FLOAT,31,28,4.5596,4.7556,4.3,1314
gnss_raw.txt,2437,380877.400,FINESTEERING,SOL_COMPUTED,NARROW_FLOAT,31,28,4.5596,4.7556,4.4,1314
gnss_raw.txt,2437,380877.500,FINESTEERING,SOL_COMPUTED,NARROW_FLOAT,30,28,4.5596,4.7556,4.5,1314
gnss_raw.txt,2437,380877.600,FINESTEERING,SOL_COMPUTED,NARROW_FLOAT,30,28,4.5596,4.7556,4.6,1314
gnss_raw.txt,2437,380877.700,FINESTEERING,SOL_COMPUTED,NARROW_FLOAT,30,28,4.5597,4.7556,4.7,1314
gnss_raw.txt,2437,380877.800,FINESTEERING,SOL_COMPUTED,NARROW_FLOAT,30,28,4.5597,4.7556,4.8,1314
gnss_raw.txt,2437,380877.900,FINESTEERING,SOL_COMPUTED,NARROW_FLOAT,30,28,4.5597,4.7556,4.9,1314
gnss_raw.txt,2437,380878.000,FINESTEERING,SOL_COMPUTED,NARROW_FLOAT,29,27,4.2248,4.3728,5.0,1314
gnss_raw.txt,2437,380878.100,FINESTEERING,SOL_COMPUTED,NARROW_FLOAT,30,28,4.2248,4.3728,5.1,1314
gnss_raw.txt,2437,380878.200,FINESTEERING,SOL_COMPUTED,NARROW_FLOAT,30,28,4.2248,4.3728,5.2,1314
gnss_raw.txt,2437,380878.300,FINESTEERING,SOL_COMPUTED,NARROW_FLOAT,30,28,4.2248,4.3728,5.3,1314
gnss_raw.txt,2437,380878.400,FINESTEERING,SOL_COMPUTED,NARROW_FLOAT,30,28,4.2248,4.3728,5.4,1314
gnss_raw.txt,2437,380878.500,FINESTEERING,SOL_COMPUTED,NARROW_FLOAT,31,29,4.2248,4.3728,5.5,1314
gnss_raw.txt,2437,380878.600,FINESTEERING,SOL_COMPUTED,NARROW_FLOAT,31,29,4.2248,4.3729,5.6,1314
gnss_raw.txt,2437,380878.700,FINESTEERING,SOL_COMPUTED,NARROW_FLOAT,31,29,4.2249,4.3729,5.7,1314
gnss_raw.txt,2437,380878.800,FINESTEERING,SOL_COMPUTED,NARROW_FLOAT,31,29,4.2249,4.3729,5.8,1314
gnss_raw.txt,2437,380878.900,FINESTEERING,SOL_COMPUTED,NARROW_FLOAT,31,29,4.2249,4.3729,5.9,1314
gnss_raw.txt,2437,380879.000,FINESTEERING,SOL_COMPUTED,NARROW_FLOAT,31,29,3.6544,3.7845,6.0,1314
gnss_raw.txt,2437,380879.100,FINESTEERING,SOL_COMPUTED,NARROW_FLOAT,31,29,3.6544,3.7845,6.1,1314
gnss_raw.txt,2437,380879.200,FINESTEERING,SOL_COMPUTED,NARROW_FLOAT,32,29,3.6545,3.7845,6.2,1314
gnss_raw.txt,2437,380879.300,FINESTEERING,SOL_COMPUTED,NARROW_FLOAT,33,30,3.6545,3.7845,6.3,1314
gnss_raw.txt,2437,380879.400,FINESTEERING,SOL_COMPUTED,NARROW_FLOAT,32,30,3.6545,3.7845,6.4,1314
gnss_raw.txt,2437,380879.500,FINESTEERING,SOL_COMPUTED,NARROW_FLOAT,33,31,3.6545,3.7845,6.5,1314
gnss_raw.txt,2437,380879.600,FINESTEERING,SOL_COMPUTED,NARROW_FLOAT,33,31,3.6545,3.7845,6.6,1314
gnss_raw.txt,2437,380879.700,FINESTEERING,SOL_COMPUTED,NARROW_FLOAT,33,31,3.6545,3.7846,6.7,1314
gnss_raw.txt,2437,380879.800,FINESTEERING,SOL_COMPUTED,NARROW_FLOAT,33,31,3.6546,3.7846,6.8,1314
gnss_raw.txt,2437,380879.900,FINESTEERING,SOL_COMPUTED,NARROW_FLOAT,33,31,3.6546,3.7846,6.9,1314
gnss_raw.txt,2437,380880.000,FINESTEERING,SOL_COMPUTED,NARROW_FLOAT,33,31,7.9945,8.3159,7.0,1314
gnss_raw.txt,2437,380880.100,FINESTEERING,SOL_COMPUTED,NARROW_FLOAT,33,31,7.9945,8.3159,7.1,1314
gnss_raw.txt,2437,380880.200,FINESTEERING,SOL_COMPUTED,NARROW_FLOAT,33,31,7.9945,8.3159,7.2,1314
gnss_raw.txt,2437,380880.300,FINESTEERING,SOL_COMPUTED,NARROW_FLOAT,33,31,7.9945,8.316,7.3,1314
gnss_raw.txt,2437,380880.400,FINESTEERING,SOL_COMPUTED,NARROW_FLOAT,32,30,7.9945,8.316,7.4,1314
gnss_raw.txt,2437,380880.500,FINESTEERING,SOL_COMPUTED,NARROW_FLOAT,32,30,7.9945,8.316,7.5,1314
gnss_raw.txt,2437,380880.600,FINESTEERING,SOL_COMPUTED,NARROW_FLOAT,32,30,7.9946,8.316,7.6,1314
gnss_raw.txt,2437,380880.700,FINESTEERING,SOL_COMPUTED,NARROW_FLOAT,31,29,7.9946,8.316,7.7,1314
gnss_raw.txt,2437,380880.800,FINESTEERING,SOL_COMPUTED,NARROW_FLOAT,31,29,7.9946,8.316,7.8,1314
gnss_raw.txt,2437,380880.900,FINESTEERING,SOL_COMPUTED,NARROW_FLOAT,30,28,7.9946,8.316,7.9,1314
gnss_raw.txt,2437,380881.000,FINESTEERING,SOL_COMPUTED,NARROW_FLOAT,30,28,10.3503,10.6985,8.0,1314
gnss_raw.txt,2437,380881.100,FINESTEERING,SOL_COMPUTED,NARROW_FLOAT,31,28,10.3503,10.6985,8.1,1314
gnss_raw.txt,2437,380881.200,FINESTEERING,SOL_COMPUTED,NARROW_FLOAT,31,28,10.3503,10.6985,8.2,1314
gnss_raw.txt,2437,380881.300,FINESTEERING,SOL_COMPUTED,NARROW_FLOAT,31,28,10.3503,10.6985,8.3,1314
gnss_raw.txt,2437,380881.400,FINESTEERING,SOL_COMPUTED,NARROW_FLOAT,31,28,10.3503,10.6985,8.4,1314
gnss_raw.txt,2437,380881.500,FINESTEERING,SOL_COMPUTED,NARROW_FLOAT,31,28,10.3503,10.6985,8.5,1314
gnss_raw.txt,2437,380881.600,FINESTEERING,SOL_COMPUTED,NARROW_FLOAT,31,28,10.3503,10.6985,8.6,1314
gnss_raw.txt,2437,380881.700,FINESTEERING,SOL_COMPUTED,NARROW_FLOAT,31,28,10.3503,10.6985,8.7,1314
gnss_raw.txt,2437,380881.800,FINESTEERING,SOL_COMPUTED,NARROW_FLOAT,31,28,10.3503,10.6985,8.8,1314
gnss_raw.txt,2437,380881.900,FINESTEERING,SOL_COMPUTED,NARROW_FLOAT,31,28,10.3503,10.6985,8.9,1314
gnss_raw.txt,2437,380882.000,FINESTEERING,SOL_COMPUTED,NARROW_FLOAT,31,28,7.8259,8.075,9.0,1314
gnss_raw.txt,2437,380882.100,FINESTEERING,SOL_COMPUTED,NARROW_FLOAT,31,28,7.8259,8.075,9.1,1314
gnss_raw.txt,2437,380882.200,FINESTEERING,SOL_COMPUTED,NARROW_FLOAT,31,28,7.8259,8.075,9.2,1314
gnss_raw.txt,2437,380882.300,FINESTEERING,SOL_COMPUTED,NARROW_FLOAT,31,28,7.8259,8.075,9.3,1314
gnss_raw.txt,2437,380882.400,FINESTEERING,SOL_COMPUTED,NARROW_FLOAT,31,28,7.8259,8.075,9.4,1314
gnss_raw.txt,2437,380882.500,FINESTEERING,SOL_COMPUTED,NARROW_FLOAT,32,29,7.8259,8.075,9.5,1314
gnss_raw.txt,2437,380882.600,FINESTEERING,SOL_COMPUTED,NARROW_FLOAT,31,28,7.8259,8.0751,9.6,1314
gnss_raw.txt,2437,380882.700,FINESTEERING,SOL_COMPUTED,NARROW_FLOAT,31,28,7.8259,8.0751,9.7,1314
gnss_raw.txt,2437,380882.800,FINESTEERING,SOL_COMPUTED,NARROW_FLOAT,31,28,7.8259,8.0751,9.8,1314
gnss_raw.txt,2437,380882.900,FINESTEERING,SOL_COMPUTED,NARROW_FLOAT,31,28,7.826,8.0751,9.9,1314
gnss_raw.txt,2437,380883.000,FINESTEERING,SOL_COMPUTED,NARROW_FLOAT,31,28,7.6197,5.6637,10.0,1314
gnss_raw.txt,2437,380883.100,FINESTEERING,SOL_COMPUTED,NARROW_FLOAT,31,28,7.6197,5.6638,10.1,1314
gnss_raw.txt,2437,380883.200,FINESTEERING,SOL_COMPUTED,NARROW_FLOAT,31,28,7.6197,5.6638,10.2,1314
gnss_raw.txt,2437,380883.300,FINESTEERING,SOL_COMPUTED,NARROW_FLOAT,31,28,7.6197,5.6638,10.3,1314
gnss_raw.txt,2437,380883.400,FINESTEERING,SOL_COMPUTED,NARROW_FLOAT,31,28,7.6197,5.6638,10.4,1314
gnss_raw.txt,2437,380883.500,FINESTEERING,SOL_COMPUTED,NARROW_FLOAT,31,28,7.6197,5.6638,10.5,1314
gnss_raw.txt,2437,380883.600,FINESTEERING,SOL_COMPUTED,NARROW_FLOAT,31,28,7.6197,5.6638,10.6,1314
gnss_raw.txt,2437,380883.700,FINESTEERING,SOL_COMPUTED,NARROW_FLOAT,31,28,7.6198,5.6638,10.7,1314
gnss_raw.txt,2437,380883.800,FINESTEERING,SOL_COMPUTED,NARROW_FLOAT,31,28,7.6198,5.6638,10.8,1314
gnss_raw.txt,2437,380883.900,FINESTEERING,SOL_COMPUTED,NARROW_FLOAT,31,28,7.6198,5.6638,10.9,1314
gnss_raw.txt,2437,380884.000,FINESTEERING,SOL_COMPUTED,NARROW_FLOAT,31,28,12.1816,5.9394,11.0,1314
gnss_raw.txt,2437,380884.100,FINESTEERING,SOL_COMPUTED,NARROW_FLOAT,29,26,12.1816,5.9394,11.1,1314
gnss_raw.txt,2437,380884.200,FINESTEERING,SOL_COMPUTED,NARROW_FLOAT,29,26,12.1816,5.9394,11.2,1314
gnss_raw.txt,2437,380884.300,FINESTEERING,SOL_COMPUTED,NARROW_FLOAT,30,27,12.1816,5.9394,11.3,1314
gnss_raw.txt,2437,380884.400,FINESTEERING,SOL_COMPUTED,NARROW_FLOAT,31,28,12.1816,5.9394,11.4,1314
gnss_raw.txt,2437,380884.500,FINESTEERING,SOL_COMPUTED,NARROW_FLOAT,31,28,12.1816,5.9394,11.5,1314
gnss_raw.txt,2437,380884.600,FINESTEERING,SOL_COMPUTED,NARROW_FLOAT,31,28,12.1816,5.9394,11.6,1314
gnss_raw.txt,2437,380884.700,FINESTEERING,SOL_COMPUTED,NARROW_FLOAT,32,29,12.1816,5.9394,11.7,1314
gnss_raw.txt,2437,380884.800,FINESTEERING,SOL_COMPUTED,NARROW_FLOAT,32,29,12.1816,5.9394,11.8,1314
gnss_raw.txt,2437,380884.900,FINESTEERING,SOL_COMPUTED,NARROW_FLOAT,32,29,12.1816,5.9394,11.9,1314
gnss_raw.txt,2437,380885.000,FINESTEERING,SOL_COMPUTED,NARROW_FLOAT,32,29,3.8865,2.4065,12.0,1314
gnss_raw.txt,2437,380885.100,FINESTEERING,SOL_COMPUTED,NARROW_FLOAT,32,29,3.8866,2.4065,12.1,1314
gnss_raw.txt,2437,380885.200,FINESTEERING,SOL_COMPUTED,NARROW_FLOAT,33,30,3.8866,2.4065,12.2,1314
gnss_raw.txt,2437,380885.300,FINESTEERING,SOL_COMPUTED,NARROW_FLOAT,33,30,3.8866,2.4065,12.3,1314
gnss_raw.txt,2437,380885.400,FINESTEERING,SOL_COMPUTED,NARROW_FLOAT,33,30,3.8866,2.4066,12.4,1314
gnss_raw.txt,2437,380885.500,FINESTEERING,SOL_COMPUTED,NARROW_FLOAT,33,30,3.8866,2.4066,12.5,1314
gnss_raw.txt,2437,380885.600,FINESTEERING,SOL_COMPUTED,NARROW_FLOAT,32,29,3.8866,2.4066,12.6,1314
gnss_raw.txt,2437,380885.700,FINESTEERING,SOL_COMPUTED,NARROW_FLOAT,32,29,3.8867,2.4067,12.7,1314
gnss_raw.txt,2437,380885.800,FINESTEERING,SOL_COMPUTED,NARROW_FLOAT,32,29,3.8867,2.4067,12.8,1314
gnss_raw.txt,2437,380885.900,FINESTEERING,SOL_COMPUTED,NARROW_FLOAT,32,29,3.8867,2.4067,12.9,1314
gnss_raw.txt,2437,380886.000,FINESTEERING,SOL_COMPUTED,NARROW_FLOAT,32,29,2.1302,1.3261,13.0,1314
gnss_raw.txt,2437,380886.100,FINESTEERING,SOL_COMPUTED,NARROW_FLOAT,32,29,2.1303,1.3261,13.1,1314
gnss_raw.txt,2437,380886.200,FINESTEERING,SOL_COMPUTED,NARROW_FLOAT,32,29,2.1303,1.3262,13.2,1314
gnss_raw.txt,2437,380886.300,FINESTEERING,SOL_COMPUTED,NARROW_FLOAT,33,30,2.1303,1.3262,13.3,1314
gnss_raw.txt,2437,380886.400,FINESTEERING,SOL_COMPUTED,NARROW_FLOAT,32,29,2.1303,1.3263,13.4,1314
gnss_raw.txt,2437,380886.500,FINESTEERING,SOL_COMPUTED,NARROW_FLOAT,32,29,2.1304,1.3263,13.5,1314
gnss_raw.txt,2437,380886.600,FINESTEERING,SOL_COMPUTED,NARROW_FLOAT,32,29,2.1304,1.3264,13.6,1314
gnss_raw.txt,2437,380886.700,FINESTEERING,SOL_COMPUTED,NARROW_FLOAT,32,29,2.1304,1.3264,13.7,1314
gnss_raw.txt,2437,380886.800,FINESTEERING,SOL_COMPUTED,NARROW_FLOAT,32,29,2.1304,1.3264,13.8,1314
gnss_raw.txt,2437,380886.900,FINESTEERING,SOL_COMPUTED,NARROW_FLOAT,32,29,2.1305,1.3265,13.9,1314
gnss_raw.txt,2437,380887.000,FINESTEERING,SOL_COMPUTED,NARROW_FLOAT,32,29,5.5432,3.1152,14.0,1314
gnss_raw.txt,2437,380887.100,FINESTEERING,SOL_COMPUTED,NARROW_FLOAT,32,29,5.5432,3.1152,14.1,1314
gnss_raw.txt,2437,380887.200,FINESTEERING,SOL_COMPUTED,NARROW_FLOAT,32,29,5.5432,3.1152,14.2,1314
gnss_raw.txt,2437,380887.300,FINESTEERING,SOL_COMPUTED,NARROW_FLOAT,32,29,5.5432,3.1152,14.3,1314
gnss_raw.txt,2437,380887.400,FINESTEERING,SOL_COMPUTED,NARROW_FLOAT,33,30,5.5432,3.1152,14.4,1314
gnss_raw.txt,2437,380887.500,FINESTEERING,SOL_COMPUTED,NARROW_FLOAT,33,30,5.5432,3.1153,14.5,1314
gnss_raw.txt,2437,380887.600,FINESTEERING,SOL_COMPUTED,NARROW_FLOAT,33,30,5.5432,3.1153,14.6,1314
gnss_raw.txt,2437,380887.700,FINESTEERING,SOL_COMPUTED,NARROW_FLOAT,33,30,5.5432,3.1153,14.7,1314
gnss_raw.txt,2437,380887.800,FINESTEERING,SOL_COMPUTED,NARROW_FLOAT,33,30,5.5432,3.1153,14.8,1314
gnss_raw.txt,2437,380887.900,FINESTEERING,SOL_COMPUTED,NARROW_FLOAT,33,30,5.5433,3.1154,14.9,1314
gnss_raw.txt,2437,380888.000,FINESTEERING,SOL_COMPUTED,NARROW_FLOAT,32,29,5.1682,2.3358,15.0,1314
gnss_raw.txt,2437,380888.100,FINESTEERING,SOL_COMPUTED,NARROW_FLOAT,32,29,5.1683,2.3359,15.1,1314
gnss_raw.txt,2437,380888.200,FINESTEERING,SOL_COMPUTED,NARROW_FLOAT,32,29,5.1683,2.3359,15.2,1314
gnss_raw.txt,2437,380888.300,FINESTEERING,SOL_COMPUTED,NARROW_FLOAT,32,29,5.1683,2.3359,15.3,1314
gnss_raw.txt,2437,380888.400,FINESTEERING,SOL_COMPUTED,NARROW_FLOAT,32,29,5.1683,2.3359,15.4,1314
gnss_raw.txt,2437,380888.500,FINESTEERING,SOL_COMPUTED,NARROW_FLOAT,32,29,5.1683,2.336,15.5,1314
gnss_raw.txt,2437,380888.600,FINESTEERING,SOL_COMPUTED,NARROW_FLOAT,32,29,5.1683,2.336,15.6,1314
gnss_raw.txt,2437,380888.700,FINESTEERING,SOL_COMPUTED,NARROW_FLOAT,32,29,5.1683,2.336,15.7,1314
gnss_raw.txt,2437,380888.800,FINESTEERING,SOL_COMPUTED,NARROW_FLOAT,32,29,5.1683,2.336,0.8,1314
gnss_raw.txt,2437,380888.900,FINESTEERING,SOL_COMPUTED,NARROW_FLOAT,32,29,5.1684,2.3361,0.9,1314
gnss_raw.txt,2437,380889.000,FINESTEERING,SOL_COMPUTED,NARROW_FLOAT,32,29,5.8631,2.9825,1.0,1314
gnss_raw.txt,2437,380889.100,FINESTEERING,SOL_COMPUTED,NARROW_FLOAT,32,29,5.8632,2.9826,1.1,1314
gnss_raw.txt,2437,380889.200,FINESTEERING,SOL_COMPUTED,NARROW_FLOAT,32,29,5.8632,2.9826,1.2,1314
gnss_raw.txt,2437,380889.300,FINESTEERING,SOL_COMPUTED,NARROW_FLOAT,32,29,5.8632,2.9826,1.3,1314
gnss_raw.txt,2437,380889.400,FINESTEERING,SOL_COMPUTED,NARROW_FLOAT,32,29,5.8632,2.9826,1.4,1314
gnss_raw.txt,2437,380889.500,FINESTEERING,SOL_COMPUTED,NARROW_FLOAT,32,29,5.8632,2.9827,1.5,1314
gnss_raw.txt,2437,380889.600,FINESTEERING,SOL_COMPUTED,NARROW_FLOAT,32,29,5.8632,2.9827,1.6,1314
gnss_raw.txt,2437,380889.700,FINESTEERING,SOL_COMPUTED,NARROW_FLOAT,32,29,5.8632,2.9827,0.7,1314
gnss_raw.txt,2437,380889.800,FINESTEERING,SOL_COMPUTED,NARROW_FLOAT,32,29,5.8632,2.9827,0.8,1314
gnss_raw.txt,2437,380889.900,FINESTEERING,SOL_COMPUTED,NARROW_FLOAT,32,29,5.8633,2.9827,0.9,1314
gnss_raw.txt,2437,380890.000,FINESTEERING,SOL_COMPUTED,NARROW_FLOAT,31,28,5.8633,2.9828,1.0,1314
gnss_raw.txt,2437,380890.100,FINESTEERING,SOL_COMPUTED,NARROW_FLOAT,31,28,5.8633,2.9828,1.1,1314
gnss_raw.txt,2437,380890.200,FINESTEERING,SOL_COMPUTED,NARROW_FLOAT,31,28,5.8633,2.9828,1.2,1314
gnss_raw.txt,2437,380890.300,FINESTEERING,SOL_COMPUTED,NARROW_FLOAT,31,28,5.8633,2.9829,1.3,1314
gnss_raw.txt,2437,380890.400,FINESTEERING,SOL_COMPUTED,NARROW_FLOAT,32,29,5.8633,2.9829,1.4,1314
gnss_raw.txt,2437,380890.500,FINESTEERING,SOL_COMPUTED,NARROW_FLOAT,32,29,5.8633,2.9829,1.5,1314
gnss_raw.txt,2437,380890.600,FINESTEERING,SOL_COMPUTED,NARROW_FLOAT,32,29,5.8634,2.9829,1.6,1314
gnss_raw.txt,2437,380890.700,FINESTEERING,SOL_COMPUTED,NARROW_FLOAT,32,29,5.8634,2.983,1.7,1314
gnss_raw.txt,2437,380890.800,FINESTEERING,SOL_COMPUTED,NARROW_FLOAT,32,29,5.8634,2.983,0.8,1314
gnss_raw.txt,2437,380890.900,FINESTEERING,SOL_COMPUTED,NARROW_FLOAT,32,29,5.8634,2.9831,0.9,1314
gnss_raw.txt,2437,380891.000,FINESTEERING,SOL_COMPUTED,NARROW_FLOAT,32,29,2.6955,1.0781,1.0,1314
gnss_raw.txt,2437,380891.100,FINESTEERING,SOL_COMPUTED,NARROW_FLOAT,31,28,2.6956,1.0782,1.1,1314
gnss_raw.txt,2437,380891.200,FINESTEERING,SOL_COMPUTED,NARROW_FLOAT,31,28,2.6956,1.0784,1.2,1314
gnss_raw.txt,2437,380891.300,FINESTEERING,SOL_COMPUTED,NARROW_FLOAT,31,28,2.6957,1.0785,1.3,1314
gnss_raw.txt,2437,380891.400,FINESTEERING,SOL_COMPUTED,NARROW_FLOAT,31,28,2.6957,1.0786,1.4,1314
gnss_raw.txt,2437,380891.500,FINESTEERING,SOL_COMPUTED,NARROW_FLOAT,31,28,2.6957,1.0786,1.5,1314
gnss_raw.txt,2437,380891.600,FINESTEERING,SOL_COMPUTED,NARROW_FLOAT,31,28,2.6958,1.0787,1.6,1314
gnss_raw.txt,2437,380891.700,FINESTEERING,SOL_COMPUTED,NARROW_FLOAT,31,28,2.6958,1.0787,1.7,1314
gnss_raw.txt,2437,380891.800,FINESTEERING,SOL_COMPUTED,NARROW_FLOAT,31,28,2.6958,1.0788,1.8,1314
gnss_raw.txt,2437,380891.900,FINESTEERING,SOL_COMPUTED,NARROW_FLOAT,31,28,2.6958,1.0788,1.9,1314
gnss_raw.txt,2437,380892.000,FINESTEERING,SOL_COMPUTED,NARROW_FLOAT,31,28,5.4468,2.005,1.0,1314
gnss_raw.txt,2437,380892.100,FINESTEERING,SOL_COMPUTED,NARROW_FLOAT,30,27,5.4468,2.0051,1.1,1314
gnss_raw.txt,2437,380892.200,FINESTEERING,SOL_COMPUTED,NARROW_FLOAT,31,28,5.4468,2.0051,1.2,1314
gnss_raw.txt,2437,380892.300,FINESTEERING,SOL_COMPUTED,NARROW_FLOAT,31,28,5.4468,2.0052,1.3,1314
gnss_raw.txt,2437,380892.400,FINESTEERING,SOL_COMPUTED,NARROW_FLOAT,30,27,5.4468,2.0052,1.4,1314
gnss_raw.txt,2437,380892.500,FINESTEERING,SOL_COMPUTED,NARROW_FLOAT,30,27,5.4468,2.0052,1.5,1314
gnss_raw.txt,2437,380892.600,FINESTEERING,SOL_COMPUTED,NARROW_FLOAT,29,26,5.4469,2.0053,1.6,1314
gnss_raw.txt,2437,380892.700,FINESTEERING,SOL_COMPUTED,NARROW_FLOAT,29,26,5.4469,2.0054,0.7,1314
gnss_raw.txt,2437,380892.800,FINESTEERING,SOL_COMPUTED,NARROW_FLOAT,29,26,5.4469,2.0055,0.8,1314
gnss_raw.txt,2437,380892.900,FINESTEERING,SOL_COMPUTED,NARROW_FLOAT,29,26,5.4469,2.0055,0.9,1314
gnss_raw.txt,2437,380893.000,FINESTEERING,SOL_COMPUTED,NARROW_FLOAT,29,26,1.1189,0.398,1.0,1314
gnss_raw.txt,2437,380893.100,FINESTEERING,SOL_COMPUTED,NARROW_FLOAT,29,26,1.119,0.3982,1.1,1314
gnss_raw.txt,2437,380893.200,FINESTEERING,SOL_COMPUTED,NARROW_FLOAT,29,26,1.1191,0.3985,1.2,1314
gnss_raw.txt,2437,380893.300,FINESTEERING,SOL_COMPUTED,NARROW_FLOAT,29,26,1.1191,0.3987,1.3,1314
gnss_raw.txt,2437,380893.400,FINESTEERING,SOL_COMPUTED,NARROW_FLOAT,29,26,1.1193,0.3992,1.4,1314
gnss_raw.txt,2437,380893.500,FINESTEERING,SOL_COMPUTED,NARROW_FLOAT,29,26,1.1194,0.3995,1.5,1314
gnss_raw.txt,2437,380893.600,FINESTEERING,SOL_COMPUTED,NARROW_FLOAT,29,26,1.1195,0.3998,1.6,1314
gnss_raw.txt,2437,380893.700,FINESTEERING,SOL_COMPUTED,NARROW_FLOAT,28,25,1.1196,0.4,1.7,1314
gnss_raw.txt,2437,380893.800,FINESTEERING,SOL_COMPUTED,NARROW_FLOAT,28,25,1.1197,0.4003,0.8,1314
gnss_raw.txt,2437,380893.900,FINESTEERING,SOL_COMPUTED,NARROW_FLOAT,28,25,1.1198,0.4007,0.9,1314
gnss_raw.txt,2437,380894.000,FINESTEERING,SOL_COMPUTED,NARROW_FLOAT,28,25,6.3372,2.1964,1.0,1314
gnss_raw.txt,2437,380894.100,FINESTEERING,SOL_COMPUTED,NARROW_FLOAT,28,25,6.3372,2.1965,1.1,1314
gnss_raw.txt,2437,380894.200,FINESTEERING,SOL_COMPUTED,NARROW_FLOAT,28,25,6.3372,2.1965,1.2,1314
gnss_raw.txt,2437,380894.300,FINESTEERING,SOL_COMPUTED,NARROW_FLOAT,28,25,6.3373,2.1966,1.3,1314
gnss_raw.txt,2437,380894.400,FINESTEERING,SOL_COMPUTED,NARROW_FLOAT,28,25,6.3373,2.1966,1.4,1314
gnss_raw.txt,2437,380894.500,FINESTEERING,SOL_COMPUTED,NARROW_FLOAT,28,25,6.3373,2.1966,1.5,1314
gnss_raw.txt,2437,380894.600,FINESTEERING,SOL_COMPUTED,NARROW_FLOAT,28,25,6.3373,2.1966,1.6,1314
gnss_raw.txt,2437,380894.700,FINESTEERING,SOL_COMPUTED,NARROW_FLOAT,27,24,6.3373,2.1967,1.7,1314
gnss_raw.txt,2437,380894.800,FINESTEERING,SOL_COMPUTED,NARROW_FLOAT,27,24,6.3373,2.1968,0.8,1314
gnss_raw.txt,2437,380894.900,FINESTEERING,SOL_COMPUTED,NARROW_FLOAT,27,24,6.3374,2.1968,0.9,1314
gnss_raw.txt,2437,380895.000,FINESTEERING,SOL_COMPUTED,NARROW_FLOAT,26,23,4.5624,1.605,1.0,1314
gnss_raw.txt,2437,380895.100,FINESTEERING,SOL_COMPUTED,NARROW_FLOAT,26,23,4.5624,1.6051,1.1,1314
gnss_raw.txt,2437,380895.200,FINESTEERING,SOL_COMPUTED,NARROW_FLOAT,27,24,4.5625,1.6051,1.2,1314
gnss_raw.txt,2437,380895.300,FINESTEERING,SOL_COMPUTED,NARROW_FLOAT,27,24,4.5625,1.6052,1.3,1314
gnss_raw.txt,2437,380895.400,FINESTEERING,SOL_COMPUTED,NARROW_FLOAT,26,23,4.5625,1.6052,1.4,1314
gnss_raw.txt,2437,380895.500,FINESTEERING,SOL_COMPUTED,NARROW_FLOAT,26,23,4.5625,1.6053,1.5,1314
gnss_raw.txt,2437,380895.600,FINESTEERING,SOL_COMPUTED,NARROW_FLOAT,26,23,4.5625,1.6054,1.6,1314
gnss_raw.txt,2437,380895.700,FINESTEERING,SOL_COMPUTED,NARROW_FLOAT,27,24,4.5626,1.6055,0.7,1314
gnss_raw.txt,2437,380895.800,FINESTEERING,SOL_COMPUTED,PSRDIFF,27,24,4.5626,1.6056,0.8,1314
gnss_raw.txt,2437,380895.900,FINESTEERING,SOL_COMPUTED,NARROW_FLOAT,27,24,4.5627,1.6057,0.9,1314
gnss_raw.txt,2437,380896.000,FINESTEERING,SOL_COMPUTED,PSRDIFF,27,9,3.4514,2.4238,1.0,1314
gnss_raw.txt,2437,380896.100,FINESTEERING,SOL_COMPUTED,NARROW_FLOAT,28,25,3.0,3.0,1.1,1314
gnss_raw.txt,2437,380896.200,FINESTEERING,SOL_COMPUTED,NARROW_FLOAT,28,25,3.0001,3.0001,1.2,1314
gnss_raw.txt,2437,380896.300,FINESTEERING,SOL_COMPUTED,NARROW_FLOAT,27,24,3.0002,3.0001,1.3,1314
gnss_raw.txt,2437,380896.400,FINESTEERING,SOL_COMPUTED,NARROW_FLOAT,27,24,3.0002,3.0002,1.4,1314
gnss_raw.txt,2437,380896.500,FINESTEERING,SOL_COMPUTED,PSRDIFF,27,24,3.0003,3.0002,1.5,1314
gnss_raw.txt,2437,380896.600,FINESTEERING,SOL_COMPUTED,PSRDIFF,27,24,3.0005,3.0004,1.6,1314
gnss_raw.txt,2437,380896.700,FINESTEERING,SOL_COMPUTED,PSRDIFF,27,24,3.0006,3.0005,0.7,1314
gnss_raw.txt,2437,380896.800,FINESTEERING,SOL_COMPUTED,PSRDIFF,26,23,3.0007,3.0005,0.8,1314
gnss_raw.txt,2437,380896.900,FINESTEERING,SOL_COMPUTED,NARROW_FLOAT,26,23,3.0008,3.0006,0.9,1314
gnss_raw.txt,2437,380897.000,FINESTEERING,SOL_COMPUTED,NARROW_FLOAT,26,23,34.7814,16.4042,1.0,1314
gnss_raw.txt,2437,380897.100,FINESTEERING,SOL_COMPUTED,NARROW_FLOAT,26,23,34.7814,16.4043,1.1,1314
gnss_raw.txt,2437,380897.200,FINESTEERING,SOL_COMPUTED,PSRDIFF,26,10,4.3126,2.877,1.2,1314
gnss_raw.txt,2437,380897.300,FINESTEERING,SOL_COMPUTED,NARROW_FLOAT,27,24,34.9996,16.8174,1.3,1314
gnss_raw.txt,2437,380897.400,FINESTEERING,SOL_COMPUTED,PSRDIFF,26,23,34.9996,16.8174,1.4,1314
gnss_raw.txt,2437,380897.500,FINESTEERING,SOL_COMPUTED,PSRDIFF,26,23,34.9996,16.8174,1.5,1314
gnss_raw.txt,2437,380897.600,FINESTEERING,SOL_COMPUTED,NARROW_FLOAT,26,23,34.9996,16.8175,1.6,1314
gnss_raw.txt,2437,380897.700,FINESTEERING,SOL_COMPUTED,NARROW_FLOAT,25,22,34.9996,16.8175,1.7,1314
gnss_raw.txt,2437,380897.800,FINESTEERING,SOL_COMPUTED,PSRDIFF,25,22,34.9996,16.8175,0.8,1314
gnss_raw.txt,2437,380897.900,FINESTEERING,SOL_COMPUTED,PSRDIFF,25,22,34.9996,16.8175,0.9,1314
gnss_raw.txt,2437,380898.000,FINESTEERING,SOL_COMPUTED,NARROW_FLOAT,25,22,32.8103,14.6763,1.0,1314
gnss_raw.txt,2437,380898.100,FINESTEERING,SOL_COMPUTED,NARROW_FLOAT,25,22,32.8103,14.6764,1.1,1314
gnss_raw.txt,2437,380898.200,FINESTEERING,SOL_COMPUTED,NARROW_FLOAT,25,22,32.8103,14.6764,1.2,1314
gnss_raw.txt,2437,380898.300,FINESTEERING,SOL_COMPUTED,NARROW_FLOAT,25,22,32.8103,14.6764,1.3,1314
gnss_raw.txt,2437,380898.400,FINESTEERING,SOL_COMPUTED,NARROW_FLOAT,24,21,32.8103,14.6764,1.4,1314
gnss_raw.txt,2437,380898.500,FINESTEERING,SOL_COMPUTED,NARROW_FLOAT,24,21,32.8103,14.6764,1.5,1314
gnss_raw.txt,2437,380898.600,FINESTEERING,SOL_COMPUTED,PSRDIFF,24,21,32.8103,14.6764,1.6,1314
gnss_raw.txt,2437,380898.700,FINESTEERING,SOL_COMPUTED,PSRDIFF,23,20,32.8103,14.6765,1.7,1314
gnss_raw.txt,2437,380898.800,FINESTEERING,SOL_COMPUTED,PSRDIFF,22,19,32.8103,14.6765,1.8,1314
gnss_raw.txt,2437,380898.900,FINESTEERING,SOL_COMPUTED,PSRDIFF,22,19,32.8104,14.6765,0.9,1314
gnss_raw.txt,2437,380899.000,FINESTEERING,SOL_COMPUTED,PSRDIFF,22,8,4.3412,2.8931,1.0,1314
gnss_raw.txt,2437,380899.100,FINESTEERING,SOL_COMPUTED,PSRDIFF,22,8,4.7686,3.1697,1.1,1314
gnss_raw.txt,2437,380899.200,FINESTEERING,SOL_COMPUTED,PSRDIFF,22,8,4.8413,3.2218,1.2,1314
gnss_raw.txt,2437,380899.300,FINESTEERING,SOL_COMPUTED,PSRDIFF,23,8,4.6881,3.1235,1.3,1314
gnss_raw.txt,2437,380899.400,FINESTEERING,SOL_COMPUTED,PSRDIFF,23,8,4.4335,2.9613,1.4,1314
gnss_raw.txt,2437,380899.500,FINESTEERING,SOL_COMPUTED,PSRDIFF,23,7,4.7531,3.1847,1.5,1314
gnss_raw.txt,2437,380899.600,FINESTEERING,SOL_COMPUTED,PSRDIFF,23,7,4.7978,3.2257,1.6,1314
gnss_raw.txt,2437,380899.700,FINESTEERING,SOL_COMPUTED,PSRDIFF,23,7,4.6316,3.1254,1.7,1314
gnss_raw.txt,2437,380899.800,FINESTEERING,SOL_COMPUTED,PSRDIFF,23,7,4.5818,3.1028,1.8,1314
gnss_raw.txt,2437,380899.900,FINESTEERING,SOL_COMPUTED,PSRDIFF,23,7,4.5615,3.0994,0.9,1314
gnss_raw.txt,2437,380900.000,FINESTEERING,SOL_COMPUTED,PSRDIFF,23,7,4.6212,3.15,1.0,1314
gnss_raw.txt,2437,380900.100,FINESTEERING,SOL_COMPUTED,PSRDIFF,23,7,4.548,3.1092,1.1,1314
gnss_raw.txt,2437,380900.200,FINESTEERING,SOL_COMPUTED,PSRDIFF,23,8,4.4386,3.0431,1.2,1314
gnss_raw.txt,2437,380900.300,FINESTEERING,SOL_COMPUTED,PSRDIFF,23,7,4.6936,3.2267,1.3,1314
gnss_raw.txt,2437,380900.400,FINESTEERING,SOL_COMPUTED,PSRDIFF,23,8,4.4257,3.0495,1.4,1314
gnss_raw.txt,2437,380900.500,FINESTEERING,SOL_COMPUTED,PSRDIFF,23,7,4.6642,3.2214,1.5,1314
gnss_raw.txt,2437,380900.600,FINESTEERING,SOL_COMPUTED,PSRDIFF,22,7,4.8004,3.3233,1.6,1314
gnss_raw.txt,2437,380900.700,FINESTEERING,SOL_COMPUTED,PSRDIFF,22,8,5.809,4.0303,0.7,1314
gnss_raw.txt,2437,380900.800,FINESTEERING,SOL_COMPUTED,PSRDIFF,22,8,4.4688,3.1063,0.8,1314
gnss_raw.txt,2437,380900.900,FINESTEERING,SOL_COMPUTED,PSRDIFF,22,7,4.4698,3.1129,0.9,1314
gnss_raw.txt,2437,380901.000,FINESTEERING,SOL_COMPUTED,PSRDIFF,22,7,4.7507,3.3149,1.0,1314
gnss_raw.txt,2437,380901.100,FINESTEERING,SOL_COMPUTED,PSRDIFF,22,7,4.7082,3.292,1.1,1314
gnss_raw.txt,2437,380901.200,FINESTEERING,SOL_COMPUTED,PSRDIFF,22,7,4.6706,3.2721,1.2,1314
gnss_raw.txt,2437,380901.300,FINESTEERING,SOL_COMPUTED,PSRDIFF,22,7,4.6677,3.2765,1.3,1314
gnss_raw.txt,2437,380901.400,FINESTEERING,SOL_COMPUTED,PSRDIFF,22,7,5.1646,3.6323,1.4,1314
gnss_raw.txt,2437,380901.500,FINESTEERING,SOL_COMPUTED,PSRDIFF,22,8,4.9345,3.4769,1.5,1314
gnss_raw.txt,2437,380901.600,FINESTEERING,SOL_COMPUTED,PSRDIFF,22,7,5.1219,3.6163,1.6,1314
gnss_raw.txt,2437,380901.700,FINESTEERING,SOL_COMPUTED,PSRDIFF,23,7,4.9068,3.4711,1.7,1314
gnss_raw.txt,2437,380901.800,FINESTEERING,SOL_COMPUTED,PSRDIFF,22,7,5.2577,3.7268,0.8,1314
gnss_raw.txt,2437,380901.900,FINESTEERING,SOL_COMPUTED,SINGLE,22,7,5.122,3.6373,0.9,1314
gnss_raw.txt,2437,380902.000,FINESTEERING,SOL_COMPUTED,SINGLE,21,7,4.3376,3.0855,1.0,1314
gnss_raw.txt,2437,380902.100,FINESTEERING,SOL_COMPUTED,SINGLE,21,8,4.4517,3.1715,1.1,1314
gnss_raw.txt,2437,380902.200,FINESTEERING,SOL_COMPUTED,SINGLE,20,8,5.0317,3.5917,1.2,1314
gnss_raw.txt,2437,380902.300,FINESTEERING,SOL_COMPUTED,SINGLE,20,9,5.8617,4.1927,1.3,1314
gnss_raw.txt,2437,380902.400,FINESTEERING,SOL_COMPUTED,SINGLE,21,9,6.0438,4.3324,1.4,1314
gnss_raw.txt,2437,380902.500,FINESTEERING,SOL_COMPUTED,SINGLE,21,9,6.0315,4.3333,1.5,1314
gnss_raw.txt,2437,380902.600,FINESTEERING,SOL_COMPUTED,SINGLE,21,9,5.9974,4.3187,1.6,1314
gnss_raw.txt,2437,380902.700,FINESTEERING,SOL_COMPUTED,SINGLE,22,7,5.2119,3.7601,1.7,1314
gnss_raw.txt,2437,380902.800,FINESTEERING,SOL_COMPUTED,SINGLE,21,7,5.1487,3.7213,1.8,1314
gnss_raw.txt,2437,380902.900,FINESTEERING,SOL_COMPUTED,SINGLE,21,7,5.08,3.6785,0.9,1314
gnss_raw.txt,2437,380903.000,FINESTEERING,SOL_COMPUTED,SINGLE,21,7,4.9645,3.6007,1.0,1314
gnss_raw.txt,2437,380903.100,FINESTEERING,SOL_COMPUTED,SINGLE,21,7,4.876,3.5414,1.1,1314
gnss_raw.txt,2437,380903.200,FINESTEERING,SOL_COMPUTED,SINGLE,21,7,4.9869,3.627,1.2,1314
gnss_raw.txt,2437,380903.300,FINESTEERING,SOL_COMPUTED,SINGLE,21,7,5.1887,3.7793,1.3,1314
gnss_raw.txt,2437,380903.400,FINESTEERING,SOL_COMPUTED,SINGLE,21,7,5.1085,3.7263,1.4,1314
gnss_raw.txt,2437,380903.500,FINESTEERING,SOL_COMPUTED,SINGLE,21,7,5.339,3.9017,1.5,1314
gnss_raw.txt,2437,380903.600,FINESTEERING,SOL_COMPUTED,SINGLE,21,7,5.4484,3.9887,1.6,1314
gnss_raw.txt,2437,380903.700,FINESTEERING,SOL_COMPUTED,SINGLE,21,7,5.5095,4.0396,0.7,1314
gnss_raw.txt,2437,380903.800,FINESTEERING,SOL_COMPUTED,SINGLE,21,7,5.185,3.8063,0.8,1314
gnss_raw.txt,2437,380903.900,FINESTEERING,SOL_COMPUTED,SINGLE,21,7,5.7968,4.2615,0.9,1314
gnss_raw.txt,2437,380904.000,FINESTEERING,SOL_COMPUTED,SINGLE,21,7,5.8596,4.3138,1.0,1314
gnss_raw.txt,2437,380904.100,FINESTEERING,SOL_COMPUTED,SINGLE,22,7,5.7684,4.2524,1.1,1314
gnss_raw.txt,2437,380904.200,FINESTEERING,SOL_COMPUTED,SINGLE,22,7,5.4013,3.9879,1.2,1314
gnss_raw.txt,2437,380904.300,FINESTEERING,SOL_COMPUTED,SINGLE,22,7,5.4252,4.0119,1.3,1314
gnss_raw.txt,2437,380904.400,FINESTEERING,SOL_COMPUTED,SINGLE,22,7,5.5211,4.0897,1.4,1314
gnss_raw.txt,2437,380904.500,FINESTEERING,SOL_COMPUTED,SINGLE,22,7,4.575,3.3942,1.5,1314
gnss_raw.txt,2437,380904.600,FINESTEERING,SOL_COMPUTED,SINGLE,22,7,5.06,3.7591,1.6,1314
gnss_raw.txt,2437,380904.700,FINESTEERING,SOL_COMPUTED,SINGLE,22,7,5.2143,3.879,0.7,1314
gnss_raw.txt,2437,380904.800,FINESTEERING,SOL_COMPUTED,SINGLE,22,7,5.0243,3.7416,0.8,1314
gnss_raw.txt,2437,380904.900,FINESTEERING,SOL_COMPUTED,SINGLE,22,7,5.2297,3.8989,0.9,1314
gnss_raw.txt,2437,380905.000,FINESTEERING,SOL_COMPUTED,SINGLE,22,7,5.1835,3.8685,1.0,1314
gnss_raw.txt,2437,380905.100,FINESTEERING,SOL_COMPUTED,SINGLE,22,7,5.3329,3.9837,1.1,1314
gnss_raw.txt,2437,380905.200,FINESTEERING,SOL_COMPUTED,SINGLE,22,7,5.5329,4.1394,1.2,1314
gnss_raw.txt,2437,380905.300,FINESTEERING,SOL_COMPUTED,SINGLE,22,7,5.3684,4.0209,1.3,1314
gnss_raw.txt,2437,380905.400,FINESTEERING,SOL_COMPUTED,SINGLE,22,7,4.6216,3.4654,1.4,1314
gnss_raw.txt,2437,380905.500,FINESTEERING,SOL_COMPUTED,SINGLE,22,7,5.0289,3.7752,1.5,1314
gnss_raw.txt,2437,380905.600,FINESTEERING,SOL_COMPUTED,SINGLE,22,7,4.5181,3.3956,1.6,1314
gnss_raw.txt,2437,380905.700,FINESTEERING,SOL_COMPUTED,SINGLE,23,7,4.4876,3.3771,1.7,1314
gnss_raw.txt,2437,380905.800,FINESTEERING,SOL_COMPUTED,SINGLE,23,6,4.0974,3.0871,1.8,1314
gnss_raw.txt,2437,380905.900,FINESTEERING,SOL_COMPUTED,SINGLE,23,7,5.2207,3.9389,1.9,1314
gnss_raw.txt,2437,380906.000,FINESTEERING,SOL_COMPUTED,SINGLE,23,7,5.1879,3.9192,1.0,1314
gnss_raw.txt,2437,380906.100,FINESTEERING,SOL_COMPUTED,SINGLE,23,7,4.5511,3.442,1.1,1314
gnss_raw.txt,2437,380906.200,FINESTEERING,SOL_COMPUTED,SINGLE,23,7,4.5683,3.4584,1.2,1314
gnss_raw.txt,2437,380906.300,FINESTEERING,SOL_COMPUTED,SINGLE,23,7,5.29,4.0093,1.3,1314
gnss_raw.txt,2437,380906.400,FINESTEERING,SOL_COMPUTED,SINGLE,23,7,5.3084,4.028,1.4,1314
gnss_raw.txt,2437,380906.500,FINESTEERING,SOL_COMPUTED,SINGLE,24,7,4.5465,3.4526,1.5,1314
gnss_raw.txt,2437,380906.600,FINESTEERING,SOL_COMPUTED,SINGLE,24,7,5.1944,3.9496,1.6,1314
gnss_raw.txt,2437,380906.700,FINESTEERING,SOL_COMPUTED,SINGLE,24,7,5.1001,3.8823,1.7,1314
gnss_raw.txt,2437,380906.800,FINESTEERING,SOL_COMPUTED,SINGLE,24,7,5.5534,4.2337,1.8,1314
gnss_raw.txt,2437,380906.900,FINESTEERING,SOL_COMPUTED,SINGLE,24,7,5.1111,3.9005,1.9,1314
gnss_raw.txt,2437,380907.000,FINESTEERING,SOL_COMPUTED,SINGLE,24,7,4.6736,3.5703,2.0,1314
gnss_raw.txt,2437,380907.100,FINESTEERING,SOL_COMPUTED,SINGLE,24,7,5.1913,3.9694,1.1,1314
gnss_raw.txt,2437,380907.200,FINESTEERING,SOL_COMPUTED,SINGLE,24,7,5.3052,4.0605,1.2,1314
gnss_raw.txt,2437,380907.300,FINESTEERING,SOL_COMPUTED,SINGLE,24,7,5.2947,4.0557,1.3,1314
gnss_raw.txt,2437,380907.400,FINESTEERING,SOL_COMPUTED,SINGLE,24,7,5.4779,4.1997,1.4,1314
gnss_raw.txt,2437,380907.500,FINESTEERING,SOL_COMPUTED,SINGLE,24,7,5.5519,4.2603,1.5,1314
gnss_raw.txt,2437,380907.600,FINESTEERING,SOL_COMPUTED,SINGLE,24,7,5.4389,4.1773,1.6,1314
gnss_raw.txt,2437,380907.700,FINESTEERING,SOL_COMPUTED,SINGLE,24,7,5.6056,4.3095,1.7,1314
gnss_raw.txt,2437,380907.800,FINESTEERING,SOL_COMPUTED,SINGLE,24,7,4.8815,3.7565,0.8,1314
gnss_raw.txt,2437,380907.900,FINESTEERING,SOL_COMPUTED,SINGLE,24,7,4.6585,3.5874,0.9,1314
gnss_raw.txt,2437,380908.000,FINESTEERING,SOL_COMPUTED,SINGLE,24,7,5.1565,3.9732,1.0,1314
gnss_raw.txt,2437,380908.100,FINESTEERING,SOL_COMPUTED,SINGLE,24,7,5.2149,4.0196,1.1,1314
gnss_raw.txt,2437,380908.200,FINESTEERING,SOL_COMPUTED,SINGLE,24,7,5.3277,4.1086,1.2,1314
gnss_raw.txt,2437,380908.300,FINESTEERING,SOL_COMPUTED,SINGLE,25,7,4.6142,3.56,1.3,1314
gnss_raw.txt,2437,380908.400,FINESTEERING,SOL_COMPUTED,SINGLE,25,7,4.5507,3.514,1.4,1314
gnss_raw.txt,2437,380908.500,FINESTEERING,SOL_COMPUTED,SINGLE,25,7,4.6891,3.6238,1.5,1314
gnss_raw.txt,2437,380908.600,FINESTEERING,SOL_COMPUTED,SINGLE,25,7,4.7732,3.6915,1.6,1314
gnss_raw.txt,2437,380908.700,FINESTEERING,SOL_COMPUTED,SINGLE,25,7,5.1244,3.9654,1.7,1314
gnss_raw.txt,2437,380908.800,FINESTEERING,SOL_COMPUTED,SINGLE,25,7,5.7847,4.4776,1.8,1314
gnss_raw.txt,2437,380908.900,FINESTEERING,SOL_COMPUTED,SINGLE,25,7,6.1428,4.7582,0.9,1314
gnss_raw.txt,2437,380909.000,FINESTEERING,SOL_COMPUTED,SINGLE,25,7,5.9071,4.578,1.0,1314
gnss_raw.txt,2437,380909.100,FINESTEERING,SOL_COMPUTED,SINGLE,25,7,6.1511,4.7696,1.1,1314
gnss_raw.txt,2437,380909.200,FINESTEERING,SOL_COMPUTED,SINGLE,25,7,6.0981,4.7328,1.2,1314
gnss_raw.txt,2437,380909.300,FINESTEERING,SOL_COMPUTED,SINGLE,25,7,5.0174,3.8973,1.3,1314
gnss_raw.txt,2437,380909.400,FINESTEERING,SOL_COMPUTED,SINGLE,25,7,5.9951,4.6636,1.4,1314
gnss_raw.txt,2437,380909.500,FINESTEERING,SOL_COMPUTED,SINGLE,25,7,6.1279,4.7745,1.5,1314
gnss_raw.txt,2437,380909.600,FINESTEERING,SOL_COMPUTED,SINGLE,25,7,5.8357,4.5488,1.6,1314
gnss_raw.txt,2437,380909.700,FINESTEERING,SOL_COMPUTED,SINGLE,25,7,4.9015,3.8221,1.7,1314
gnss_raw.txt,2437,380909.800,FINESTEERING,SOL_COMPUTED,SINGLE,25,7,4.5615,3.5577,1.8,1314
gnss_raw.txt,2437,380909.900,FINESTEERING,SOL_COMPUTED,SINGLE,25,7,4.4555,3.4757,1.9,1314
gnss_raw.txt,2437,380910.000,FINESTEERING,SOL_COMPUTED,SINGLE,25,7,5.4754,4.2731,1.0,1314
gnss_raw.txt,2437,380910.100,FINESTEERING,SOL_COMPUTED,SINGLE,25,7,5.7947,4.5232,1.1,1314
gnss_raw.txt,2437,380910.200,FINESTEERING,SOL_COMPUTED,SINGLE,25,7,5.6486,4.4087,1.2,1314
gnss_raw.txt,2437,380910.300,FINESTEERING,SOL_COMPUTED,SINGLE,25,7,5.6452,4.4068,1.3,1314
gnss_raw.txt,2437,380910.400,FINESTEERING,SOL_COMPUTED,SINGLE,25,7,4.9134,3.8405,1.4,1314
gnss_raw.txt,2437,380910.500,FINESTEERING,SOL_COMPUTED,SINGLE,25,7,5.5654,4.3533,1.5,1314
gnss_raw.txt,2437,380910.600,FINESTEERING,SOL_COMPUTED,SINGLE,25,7,4.7192,3.6924,1.6,1314
gnss_raw.txt,2437,380910.700,FINESTEERING,SOL_COMPUTED,SINGLE,26,7,5.297,4.1447,1.7,1314
gnss_raw.txt,2437,380910.800,FINESTEERING,SOL_COMPUTED,SINGLE,25,7,4.6488,3.6377,1.8,1314
gnss_raw.txt,2437,380910.900,FINESTEERING,SOL_COMPUTED,SINGLE,25,7,5.2979,4.1451,0.9,1314
gnss_raw.txt,2437,380911.000,FINESTEERING,SOL_COMPUTED,SINGLE,25,7,5.6677,4.4369,1.0,1314
gnss_raw.txt,2437,380911.100,FINESTEERING,SOL_COMPUTED,SINGLE,25,7,5.8336,4.567,1.1,1314
gnss_raw.txt,2437,380911.200,FINESTEERING,SOL_COMPUTED,SINGLE,25,7,5.793,4.534,1.2,1314
gnss_raw.txt,2437,380911.300,FINESTEERING,SOL_COMPUTED,SINGLE,25,7,5.6916,4.4557,1.3,1314
gnss_raw.txt,2437,380911.400,FINESTEERING,SOL_COMPUTED,SINGLE,25,7,4.8483,3.7987,1.4,1314
gnss_raw.txt,2437,380911.500,FINESTEERING,SOL_COMPUTED,SINGLE,25,7,4.5286,3.5505,1.5,1314
gnss_raw.txt,2437,380911.600,FINESTEERING,SOL_COMPUTED,SINGLE,25,7,4.8069,3.7729,1.6,1314
gnss_raw.txt,2437,380911.700,FINESTEERING,SOL_COMPUTED,SINGLE,25,6,4.4893,3.5253,0.7,1314
gnss_raw.txt,2437,380911.800,FINESTEERING,SOL_COMPUTED,SINGLE,25,7,4.6077,3.6191,0.8,1314
gnss_raw.txt,2437,380911.900,FINESTEERING,SOL_COMPUTED,SINGLE,25,8,4.7866,3.7663,0.9,1314
gnss_raw.txt,2437,380912.000,FINESTEERING,SOL_COMPUTED,SINGLE,25,7,4.7201,3.7221,1.0,1314
gnss_raw.txt,2437,380912.100,FINESTEERING,SOL_COMPUTED,SINGLE,25,8,4.6126,3.6431,1.1,1314
gnss_raw.txt,2437,380912.200,FINESTEERING,SOL_COMPUTED,SINGLE,25,8,4.7106,3.7258,1.2,1314
gnss_raw.txt,2437,380912.300,FINESTEERING,SOL_COMPUTED,SINGLE,25,8,5.3805,4.2634,1.3,1314
gnss_raw.txt,2437,380912.400,FINESTEERING,SOL_COMPUTED,SINGLE,26,9,5.8069,4.6089,1.4,1314
gnss_raw.txt,2437,380912.500,FINESTEERING,SOL_COMPUTED,SINGLE,26,7,5.108,4.0546,1.5,1314
gnss_raw.txt,2437,380912.600,FINESTEERING,SOL_COMPUTED,SINGLE,27,9,6.1747,4.9024,1.6,1314
gnss_raw.txt,2437,380912.700,FINESTEERING,SOL_COMPUTED,SINGLE,27,7,4.7087,3.74,1.7,1314
gnss_raw.txt,2437,380912.800,FINESTEERING,SOL_COMPUTED,SINGLE,26,7,4.6637,3.7074,0.8,1314
gnss_raw.txt,2437,380912.900,FINESTEERING,SOL_COMPUTED,SINGLE,26,9,5.8887,4.697,0.9,1314
gnss_raw.txt,2437,380913.000,FINESTEERING,SOL_COMPUTED,SINGLE,27,7,4.7331,3.7826,1.0,1314
gnss_raw.txt,2437,380913.100,FINESTEERING,SOL_COMPUTED,SINGLE,27,7,4.7878,3.8341,1.1,1314
gnss_raw.txt,2437,380913.200,FINESTEERING,SOL_COMPUTED,SINGLE,27,7,5.5822,4.4747,1.2,1314
gnss_raw.txt,2437,380913.300,FINESTEERING,SOL_COMPUTED,SINGLE,27,7,4.563,3.6571,1.3,1314
gnss_raw.txt,2437,380913.400,FINESTEERING,SOL_COMPUTED,SINGLE,27,7,4.4787,3.5946,1.4,1314
gnss_raw.txt,2437,380913.500,FINESTEERING,SOL_COMPUTED,SINGLE,27,8,4.5863,3.6859,1.5,1314
gnss_raw.txt,2437,380913.600,FINESTEERING,SOL_COMPUTED,SINGLE,27,7,4.6433,3.7409,1.6,1314
gnss_raw.txt,2437,380913.700,FINESTEERING,SOL_COMPUTED,SINGLE,27,8,3.1492,3.4165,1.7,1314
gnss_raw.txt,2437,380913.800,FINESTEERING,RESIDUALS,NONE,27,0,0.0,0.0,0.0,
gnss_raw.txt,2437,380913.900,FINESTEERING,VARIANCE,NONE,27,0,0.0,0.0,0.0,
gnss_raw.txt,2437,380914.000,FINESTEERING,VARIANCE,NONE,27,0,0.0,0.0,0.0,
gnss_raw.txt,2437,380914.100,FREEWHEELING,VARIANCE,NONE,27,0,0.0,0.0,0.0,
gnss_raw.txt,2437,380914.200,FREEWHEELING,VARIANCE,NONE,27,0,0.0,0.0,0.0,
gnss_raw.txt,2437,380914.300,FREEWHEELING,VARIANCE,NONE,27,0,0.0,0.0,0.0,
gnss_raw.txt,2437,380914.400,FREEWHEELING,VARIANCE,NONE,26,0,0.0,0.0,0.0,
gnss_raw.txt,2437,380914.500,FREEWHEELING,VARIANCE,NONE,26,0,0.0,0.0,0.0,
gnss_raw.txt,2437,380914.600,FREEWHEELING,VARIANCE,NONE,26,0,0.0,0.0,0.0,
gnss_raw.txt,2437,380914.700,FREEWHEELING,VARIANCE,NONE,26,0,0.0,0.0,0.0,
gnss_raw.txt,2437,380914.800,FREEWHEELING,VARIANCE,NONE,26,0,0.0,0.0,0.0,
gnss_raw.txt,2437,380914.900,FREEWHEELING,VARIANCE,NONE,26,0,0.0,0.0,0.0,
gnss_raw.txt,2437,380915.000,FREEWHEELING,VARIANCE,NONE,26,0,0.0,0.0,0.0,
gnss_raw.txt,2437,380915.100,FREEWHEELING,VARIANCE,NONE,26,0,0.0,0.0,0.0,
gnss_raw.txt,2437,380915.200,FREEWHEELING,VARIANCE,NONE,26,0,0.0,0.0,0.0,
gnss_raw.txt,2437,380915.300,FREEWHEELING,VARIANCE,NONE,26,0,0.0,0.0,0.0,
gnss_raw.txt,2437,380915.400,FREEWHEELING,VARIANCE,NONE,26,0,0.0,0.0,0.0,
gnss_raw.txt,2437,380915.500,FREEWHEELING,VARIANCE,NONE,26,0,0.0,0.0,0.0,
gnss_raw.txt,2437,380915.600,FREEWHEELING,VARIANCE,NONE,26,0,0.0,0.0,0.0,
gnss_raw.txt,2437,380915.700,FREEWHEELING,VARIANCE,NONE,26,0,0.0,0.0,0.0,
gnss_raw.txt,2437,380915.800,FREEWHEELING,VARIANCE,NONE,25,0,0.0,0.0,0.0,
gnss_raw.txt,2437,380915.900,FREEWHEELING,VARIANCE,NONE,25,0,0.0,0.0,0.0,
gnss_raw.txt,2437,380916.000,FREEWHEELING,VARIANCE,NONE,26,0,0.0,0.0,0.0,
gnss_raw.txt,2437,380916.100,FREEWHEELING,VARIANCE,NONE,26,0,0.0,0.0,0.0,
gnss_raw.txt,2437,380916.200,FREEWHEELING,VARIANCE,NONE,26,0,0.0,0.0,0.0,
gnss_raw.txt,2437,380916.300,FREEWHEELING,VARIANCE,NONE,26,0,0.0,0.0,0.0,
gnss_raw.txt,2437,380916.400,FREEWHEELING,VARIANCE,NONE,26,0,0.0,0.0,0.0,
gnss_raw.txt,2437,380916.500,FREEWHEELING,VARIANCE,NONE,26,0,0.0,0.0,0.0,
gnss_raw.txt,2437,380916.600,FREEWHEELING,VARIANCE,NONE,26,0,0.0,0.0,0.0,
gnss_raw.txt,2437,380916.700,FREEWHEELING,VARIANCE,NONE,26,0,0.0,0.0,0.0,
gnss_raw.txt,2437,380916.800,FREEWHEELING,VARIANCE,NONE,26,0,0.0,0.0,0.0,
gnss_raw.txt,2437,380916.900,FREEWHEELING,VARIANCE,NONE,26,0,0.0,0.0,0.0,
gnss_raw.txt,2437,380917.000,FREEWHEELING,VARIANCE,NONE,26,0,0.0,0.0,0.0,
gnss_raw.txt,2437,380917.100,FREEWHEELING,VARIANCE,NONE,26,0,0.0,0.0,0.0,
gnss_raw.txt,2437,380917.200,FREEWHEELING,VARIANCE,NONE,26,0,0.0,0.0,0.0,
gnss_raw.txt,2437,380917.300,FREEWHEELING,VARIANCE,NONE,26,0,0.0,0.0,0.0,
gnss_raw.txt,2437,380917.400,FREEWHEELING,VARIANCE,NONE,26,0,0.0,0.0,0.0,
gnss_raw.txt,2437,380917.500,FREEWHEELING,VARIANCE,NONE,26,0,0.0,0.0,0.0,
gnss_raw.txt,2437,380917.600,FREEWHEELING,VARIANCE,NONE,26,0,0.0,0.0,0.0,
gnss_raw.txt,2437,380917.700,FREEWHEELING,VARIANCE,NONE,26,0,0.0,0.0,0.0,
gnss_raw.txt,2437,380917.800,FREEWHEELING,VARIANCE,NONE,26,0,0.0,0.0,0.0,
gnss_raw.txt,2437,380917.900,FREEWHEELING,VARIANCE,NONE,25,0,0.0,0.0,0.0,
gnss_raw.txt,2437,380918.000,FREEWHEELING,VARIANCE,NONE,25,0,0.0,0.0,0.0,
gnss_raw.txt,2437,380918.100,FREEWHEELING,VARIANCE,NONE,25,0,0.0,0.0,0.0,
gnss_raw.txt,2437,380918.200,FREEWHEELING,VARIANCE,NONE,25,0,0.0,0.0,0.0,
gnss_raw.txt,2437,380918.300,FREEWHEELING,VARIANCE,NONE,25,0,0.0,0.0,0.0,
gnss_raw.txt,2437,380918.400,FREEWHEELING,VARIANCE,NONE,25,0,0.0,0.0,0.0,
gnss_raw.txt,2437,380918.500,FREEWHEELING,VARIANCE,NONE,25,0,0.0,0.0,0.0,
gnss_raw.txt,2437,380918.600,FREEWHEELING,VARIANCE,NONE,25,0,0.0,0.0,0.0,
gnss_raw.txt,2437,380918.700,FREEWHEELING,VARIANCE,NONE,25,0,0.0,0.0,0.0,
gnss_raw.txt,2437,380918.800,FREEWHEELING,VARIANCE,NONE,25,0,0.0,0.0,0.0,
gnss_raw.txt,2437,380918.900,FREEWHEELING,VARIANCE,NONE,25,0,0.0,0.0,0.0,
gnss_raw.txt,2437,380919.000,FREEWHEELING,VARIANCE,NONE,25,0,0.0,0.0,0.0,
gnss_raw.txt,2437,380919.100,FREEWHEELING,VARIANCE,NONE,25,0,0.0,0.0,0.0,
gnss_raw.txt,2437,380919.200,FREEWHEELING,VARIANCE,NONE,25,0,0.0,0.0,0.0,
gnss_raw.txt,2437,380919.300,FREEWHEELING,VARIANCE,NONE,25,0,0.0,0.0,0.0,
gnss_raw.txt,2437,380919.400,FREEWHEELING,VARIANCE,NONE,25,0,0.0,0.0,0.0,
gnss_raw.txt,2437,380919.500,FREEWHEELING,VARIANCE,NONE,25,0,0.0,0.0,0.0,
gnss_raw.txt,2437,380919.600,FREEWHEELING,VARIANCE,NONE,25,0,0.0,0.0,0.0,
gnss_raw.txt,2437,380919.700,FREEWHEELING,VARIANCE,NONE,25,0,0.0,0.0,0.0,
gnss_raw.txt,2437,380919.800,FREEWHEELING,VARIANCE,NONE,25,0,0.0,0.0,0.0,
gnss_raw.txt,2437,380919.900,FREEWHEELING,VARIANCE,NONE,25,0,0.0,0.0,0.0,
gnss_raw.txt,2437,380920.000,FREEWHEELING,VARIANCE,NONE,26,0,0.0,0.0,0.0,
gnss_raw.txt,2437,380920.100,FREEWHEELING,VARIANCE,NONE,26,0,0.0,0.0,0.0,
gnss_raw.txt,2437,380920.200,FREEWHEELING,VARIANCE,NONE,26,0,0.0,0.0,0.0,
gnss_raw.txt,2437,380920.300,FREEWHEELING,VARIANCE,NONE,26,0,0.0,0.0,0.0,
gnss_raw.txt,2437,380920.400,FREEWHEELING,VARIANCE,NONE,26,0,0.0,0.0,0.0,
gnss_raw.txt,2437,380920.500,FREEWHEELING,VARIANCE,NONE,26,0,0.0,0.0,0.0,
gnss_raw.txt,2437,380920.600,FREEWHEELING,VARIANCE,NONE,27,0,0.0,0.0,0.0,
gnss_raw.txt,2437,380920.700,FREEWHEELING,VARIANCE,NONE,27,0,0.0,0.0,0.0,
gnss_raw.txt,2437,380920.800,FREEWHEELING,VARIANCE,NONE,27,0,0.0,0.0,0.0,
gnss_raw.txt,2437,380920.900,FREEWHEELING,VARIANCE,NONE,27,0,0.0,0.0,0.0,
gnss_raw.txt,2437,380921.000,FREEWHEELING,VARIANCE,NONE,27,0,0.0,0.0,0.0,
gnss_raw.txt,2437,380921.100,FREEWHEELING,VARIANCE,NONE,27,0,0.0,0.0,0.0,
gnss_raw.txt,2437,380921.200,FREEWHEELING,VARIANCE,NONE,27,0,0.0,0.0,0.0,
gnss_raw.txt,2437,380921.300,FREEWHEELING,VARIANCE,NONE,27,0,0.0,0.0,0.0,
gnss_raw.txt,2437,380921.400,FREEWHEELING,VARIANCE,NONE,27,0,0.0,0.0,0.0,
gnss_raw.txt,2437,380921.500,FREEWHEELING,VARIANCE,NONE,27,0,0.0,0.0,0.0,
gnss_raw.txt,2437,380921.600,FREEWHEELING,VARIANCE,NONE,27,0,0.0,0.0,0.0,
gnss_raw.txt,2437,380921.700,FREEWHEELING,VARIANCE,NONE,27,0,0.0,0.0,0.0,
gnss_raw.txt,2437,380921.800,FREEWHEELING,VARIANCE,NONE,27,0,0.0,0.0,0.0,
gnss_raw.txt,2437,380921.900,FREEWHEELING,VARIANCE,NONE,27,0,0.0,0.0,0.0,
gnss_raw.txt,2437,380922.000,FREEWHEELING,VARIANCE,NONE,27,0,0.0,0.0,0.0,
gnss_raw.txt,2437,380922.100,FREEWHEELING,VARIANCE,NONE,27,0,0.0,0.0,0.0,
gnss_raw.txt,2437,380922.200,FREEWHEELING,VARIANCE,NONE,27,0,0.0,0.0,0.0,
gnss_raw.txt,2437,380922.300,FREEWHEELING,VARIANCE,NONE,27,0,0.0,0.0,0.0,
gnss_raw.txt,2437,380922.400,FREEWHEELING,VARIANCE,NONE,27,0,0.0,0.0,0.0,
gnss_raw.txt,2437,380922.500,FREEWHEELING,VARIANCE,NONE,27,0,0.0,0.0,0.0,
gnss_raw.txt,2437,380922.600,FREEWHEELING,VARIANCE,NONE,27,0,0.0,0.0,0.0,
gnss_raw.txt,2437,380922.700,FREEWHEELING,VARIANCE,NONE,28,0,0.0,0.0,0.0,
gnss_raw.txt,2437,380922.800,FREEWHEELING,VARIANCE,NONE,28,0,0.0,0.0,0.0,
gnss_raw.txt,2437,380922.900,FREEWHEELING,VARIANCE,NONE,28,0,0.0,0.0,0.0,
gnss_raw.txt,2437,380923.000,FREEWHEELING,VARIANCE,NONE,28,0,0.0,0.0,0.0,
gnss_raw.txt,2437,380923.100,FREEWHEELING,VARIANCE,NONE,28,0,0.0,0.0,0.0,
gnss_raw.txt,2437,380923.200,FREEWHEELING,VARIANCE,NONE,28,0,0.0,0.0,0.0,
gnss_raw.txt,2437,380923.300,FREEWHEELING,VARIANCE,NONE,28,0,0.0,0.0,0.0,
gnss_raw.txt,2437,380923.400,FREEWHEELING,VARIANCE,NONE,28,0,0.0,0.0,0.0,
gnss_raw.txt,2437,380923.500,FREEWHEELING,VARIANCE,NONE,28,0,0.0,0.0,0.0,
gnss_raw.txt,2437,380923.600,FREEWHEELING,VARIANCE,NONE,28,0,0.0,0.0,0.0,
gnss_raw.txt,2437,380923.700,FREEWHEELING,VARIANCE,NONE,28,0,0.0,0.0,0.0,
gnss_raw.txt,2437,380923.800,FREEWHEELING,VARIANCE,NONE,28,0,0.0,0.0,0.0,
gnss_raw.txt,2437,380923.900,FREEWHEELING,VARIANCE,NONE,28,0,0.0,0.0,0.0,
gnss_raw.txt,2437,380924.000,FREEWHEELING,VARIANCE,NONE,28,0,0.0,0.0,0.0,
gnss_raw.txt,2437,380924.100,FREEWHEELING,VARIANCE,NONE,28,0,0.0,0.0,0.0,
gnss_raw.txt,2437,380924.200,FREEWHEELING,VARIANCE,NONE,28,0,0.0,0.0,0.0,
gnss_raw.txt,2437,380924.300,FREEWHEELING,VARIANCE,NONE,28,0,0.0,0.0,0.0,
gnss_raw.txt,2437,380924.400,FREEWHEELING,VARIANCE,NONE,28,0,0.0,0.0,0.0,
gnss_raw.txt,2437,380924.500,FREEWHEELING,VARIANCE,NONE,28,0,0.0,0.0,0.0,
gnss_raw.txt,2437,380924.600,FREEWHEELING,VARIANCE,NONE,27,0,0.0,0.0,0.0,
gnss_raw.txt,2437,380924.700,FREEWHEELING,VARIANCE,NONE,28,0,0.0,0.0,0.0,
gnss_raw.txt,2437,380924.800,FREEWHEELING,VARIANCE,NONE,27,0,0.0,0.0,0.0,
gnss_raw.txt,2437,380924.900,FREEWHEELING,VARIANCE,NONE,27,0,0.0,0.0,0.0,
gnss_raw.txt,2437,380925.000,FREEWHEELING,VARIANCE,NONE,27,0,0.0,0.0,0.0,
gnss_raw.txt,2437,380925.100,FREEWHEELING,VARIANCE,NONE,27,0,0.0,0.0,0.0,
gnss_raw.txt,2437,380925.200,FREEWHEELING,VARIANCE,NONE,27,0,0.0,0.0,0.0,
gnss_raw.txt,2437,380925.300,FREEWHEELING,VARIANCE,NONE,27,0,0.0,0.0,0.0,
gnss_raw.txt,2437,380925.400,FREEWHEELING,VARIANCE,NONE,27,0,0.0,0.0,0.0,
gnss_raw.txt,2437,380925.500,FREEWHEELING,VARIANCE,NONE,28,0,0.0,0.0,0.0,
gnss_raw.txt,2437,380925.600,FREEWHEELING,VARIANCE,NONE,28,0,0.0,0.0,0.0,
gnss_raw.txt,2437,380925.700,FREEWHEELING,VARIANCE,NONE,28,0,0.0,0.0,0.0,
gnss_raw.txt,2437,380925.800,FREEWHEELING,VARIANCE,NONE,28,0,0.0,0.0,0.0,
gnss_raw.txt,2437,380925.900,FREEWHEELING,VARIANCE,NONE,28,0,0.0,0.0,0.0,
gnss_raw.txt,2437,380926.000,FREEWHEELING,VARIANCE,NONE,28,0,0.0,0.0,0.0,
gnss_raw.txt,2437,380926.100,FREEWHEELING,VARIANCE,NONE,28,0,0.0,0.0,0.0,
gnss_raw.txt,2437,380926.200,FREEWHEELING,VARIANCE,NONE,28,0,0.0,0.0,0.0,
gnss_raw.txt,2437,380926.300,FREEWHEELING,VARIANCE,NONE,28,0,0.0,0.0,0.0,
gnss_raw.txt,2437,380926.400,FREEWHEELING,VARIANCE,NONE,28,0,0.0,0.0,0.0,
gnss_raw.txt,2437,380926.500,FREEWHEELING,VARIANCE,NONE,28,0,0.0,0.0,0.0,
gnss_raw.txt,2437,380926.600,FREEWHEELING,VARIANCE,NONE,28,0,0.0,0.0,0.0,
gnss_raw.txt,2437,380926.700,FREEWHEELING,VARIANCE,NONE,28,0,0.0,0.0,0.0,
gnss_raw.txt,2437,380926.800,FREEWHEELING,VARIANCE,NONE,28,0,0.0,0.0,0.0,
gnss_raw.txt,2437,380926.900,FREEWHEELING,VARIANCE,NONE,28,0,0.0,0.0,0.0,
gnss_raw.txt,2437,380927.000,FREEWHEELING,VARIANCE,NONE,28,0,0.0,0.0,0.0,
gnss_raw.txt,2437,380927.100,FREEWHEELING,VARIANCE,NONE,28,0,0.0,0.0,0.0,
gnss_raw.txt,2437,380927.200,FREEWHEELING,VARIANCE,NONE,28,0,0.0,0.0,0.0,
gnss_raw.txt,2437,380927.300,FREEWHEELING,VARIANCE,NONE,28,0,0.0,0.0,0.0,
gnss_raw.txt,2437,380927.400,FREEWHEELING,VARIANCE,NONE,28,0,0.0,0.0,0.0,
gnss_raw.txt,2437,380927.500,FREEWHEELING,VARIANCE,NONE,28,0,0.0,0.0,0.0,
gnss_raw.txt,2437,380927.600,FREEWHEELING,VARIANCE,NONE,28,0,0.0,0.0,0.0,
gnss_raw.txt,2437,380927.700,FREEWHEELING,VARIANCE,NONE,29,0,0.0,0.0,0.0,
gnss_raw.txt,2437,380927.800,FREEWHEELING,VARIANCE,NONE,29,0,0.0,0.0,0.0,
gnss_raw.txt,2437,380927.900,FREEWHEELING,VARIANCE,NONE,29,0,0.0,0.0,0.0,
gnss_raw.txt,2437,380928.000,FREEWHEELING,VARIANCE,NONE,29,0,0.0,0.0,0.0,
gnss_raw.txt,2437,380928.100,FREEWHEELING,VARIANCE,NONE,29,0,0.0,0.0,0.0,
gnss_raw.txt,2437,380928.200,FREEWHEELING,VARIANCE,NONE,29,0,0.0,0.0,0.0,
gnss_raw.txt,2437,380928.300,FREEWHEELING,VARIANCE,NONE,29,0,0.0,0.0,0.0,
gnss_raw.txt,2437,380928.400,FREEWHEELING,VARIANCE,NONE,29,0,0.0,0.0,0.0,
gnss_raw.txt,2437,380928.500,FREEWHEELING,VARIANCE,NONE,29,0,0.0,0.0,0.0,
gnss_raw.txt,2437,380928.600,FREEWHEELING,VARIANCE,NONE,28,0,0.0,0.0,0.0,
gnss_raw.txt,2437,380928.700,FREEWHEELING,VARIANCE,NONE,28,0,0.0,0.0,0.0,
gnss_raw.txt,2437,380928.800,FREEWHEELING,VARIANCE,NONE,28,0,0.0,0.0,0.0,
gnss_raw.txt,2437,380928.900,FREEWHEELING,VARIANCE,NONE,28,0,0.0,0.0,0.0,
gnss_raw.txt,2437,380929.000,FREEWHEELING,VARIANCE,NONE,28,0,0.0,0.0,0.0,
gnss_raw.txt,2437,380929.100,FREEWHEELING,VARIANCE,NONE,28,0,0.0,0.0,0.0,
gnss_raw.txt,2437,380929.200,FREEWHEELING,VARIANCE,NONE,27,0,0.0,0.0,0.0,
gnss_raw.txt,2437,380929.300,FREEWHEELING,VARIANCE,NONE,28,0,0.0,0.0,0.0,
gnss_raw.txt,2437,380929.400,FREEWHEELING,VARIANCE,NONE,28,0,0.0,0.0,0.0,
gnss_raw.txt,2437,380929.500,FREEWHEELING,VARIANCE,NONE,28,0,0.0,0.0,0.0,
gnss_raw.txt,2437,380929.600,FREEWHEELING,VARIANCE,NONE,28,0,0.0,0.0,0.0,
gnss_raw.txt,2437,380929.700,FREEWHEELING,VARIANCE,NONE,28,0,0.0,0.0,0.0,
gnss_raw.txt,2437,380929.800,FREEWHEELING,VARIANCE,NONE,27,0,0.0,0.0,0.0,
gnss_raw.txt,2437,380929.900,FREEWHEELING,VARIANCE,NONE,27,0,0.0,0.0,0.0,
gnss_raw.txt,2437,380930.000,FREEWHEELING,VARIANCE,NONE,28,0,0.0,0.0,0.0,
gnss_raw.txt,2437,380930.100,FREEWHEELING,VARIANCE,NONE,28,0,0.0,0.0,0.0,
gnss_raw.txt,2437,380930.200,FREEWHEELING,VARIANCE,NONE,28,0,0.0,0.0,0.0,
gnss_raw.txt,2437,380930.300,FREEWHEELING,VARIANCE,NONE,28,0,0.0,0.0,0.0,
gnss_raw.txt,2437,380930.400,FREEWHEELING,VARIANCE,NONE,29,0,0.0,0.0,0.0,
gnss_raw.txt,2437,380930.500,FREEWHEELING,VARIANCE,NONE,29,0,0.0,0.0,0.0,
gnss_raw.txt,2437,380930.600,FREEWHEELING,VARIANCE,NONE,28,0,0.0,0.0,0.0,
gnss_raw.txt,2437,380930.700,FREEWHEELING,VARIANCE,NONE,27,0,0.0,0.0,0.0,
gnss_raw.txt,2437,380930.800,FREEWHEELING,VARIANCE,NONE,27,0,0.0,0.0,0.0,
gnss_raw.txt,2437,380930.900,FREEWHEELING,VARIANCE,NONE,27,0,0.0,0.0,0.0,
gnss_raw.txt,2437,380931.000,FREEWHEELING,VARIANCE,NONE,27,0,0.0,0.0,0.0,
gnss_raw.txt,2437,380931.100,FREEWHEELING,VARIANCE,NONE,27,0,0.0,0.0,0.0,
gnss_raw.txt,2437,380931.200,FREEWHEELING,VARIANCE,NONE,27,0,0.0,0.0,0.0,
gnss_raw.txt,2437,380931.300,FREEWHEELING,VARIANCE,NONE,26,0,0.0,0.0,0.0,
gnss_raw.txt,2437,380931.400,FREEWHEELING,VARIANCE,NONE,26,0,0.0,0.0,0.0,
