file,gps_week,gps_tow_s,constellation,prn,elevation_deg,azimuth_deg,snr_dbhz,has_signal
0703002-0918-11-09-gnss_raw.txt,2436,443089.000,GPS,13,27.0,136.0,28.0,是
0703002-0918-11-09-gnss_raw.txt,2436,443089.000,GPS,15,0.0,0.0,29.0,是
0703002-0918-11-09-gnss_raw.txt,2436,443089.000,GPS,18,47.0,215.0,33.0,是
0703002-0918-11-09-gnss_raw.txt,2436,443089.000,GPS,20,0.0,0.0,28.0,是
0703002-0918-11-09-gnss_raw.txt,2436,443089.000,GPS,24,66.0,46.0,37.0,是
0703002-0918-11-09-gnss_raw.txt,2436,443089.000,GPS,32,0.0,0.0,31.0,是
0703002-0918-11-09-gnss_raw.txt,2436,443089.000,GLONASS,68,20.0,67.0,36.0,是
0703002-0918-11-09-gnss_raw.txt,2436,443089.000,GLONASS,69,45.0,14.0,32.0,是
0703002-0918-11-09-gnss_raw.txt,2436,443089.000,GLONASS,70,28.0,311.0,33.0,是
0703002-0918-11-09-gnss_raw.txt,2436,443089.000,GLONASS,79,47.0,95.0,32.0,是
0703002-0918-11-09-gnss_raw.txt,2436,443089.000,GLONASS,80,25.0,160.0,35.0,是
0703002-0918-11-09-gnss_raw.txt,2436,443089.000,GLONASS,84,37.0,241.0,29.0,是
0703002-0918-11-09-gnss_raw.txt,2436,443089.000,GLONASS,85,0.0,0.0,31.0,是
0703002-0918-11-09-gnss_raw.txt,2436,443089.000,Galileo,2,0.0,0.0,31.0,是
0703002-0918-11-09-gnss_raw.txt,2436,443089.000,Galileo,13,0.0,0.0,31.0,是
0703002-0918-11-09-gnss_raw.txt,2436,443089.000,Galileo,26,61.0,272.0,35.0,是
0703002-0918-11-09-gnss_raw.txt,2436,443089.000,Galileo,29,33.0,270.0,30.0,是
0703002-0918-11-09-gnss_raw.txt,2436,443089.000,QZSS,3,43.0,168.0,31.0,是
0703002-0918-11-09-gnss_raw.txt,2436,443089.000,QZSS,7,53.0,169.0,30.0,是
0703002-0918-11-09-gnss_raw.txt,2436,443089.000,BDS,1,48.0,147.0,43.0,是
0703002-0918-11-09-gnss_raw.txt,2436,443089.000,BDS,2,0.0,0.0,29.0,是
0703002-0918-11-09-gnss_raw.txt,2436,443089.000,BDS,3,0.0,0.0,31.0,是
0703002-0918-11-09-gnss_raw.txt,2436,443089.000,BDS,4,37.0,120.0,39.0,是
0703002-0918-11-09-gnss_raw.txt,2436,443089.000,BDS,6,69.0,38.0,35.0,是
0703002-0918-11-09-gnss_raw.txt,2436,443089.000,BDS,7,58.0,188.0,32.0,是
0703002-0918-11-09-gnss_raw.txt,2436,443089.000,BDS,10,48.0,189.0,29.0,是
0703002-0918-11-09-gnss_raw.txt,2436,443089.000,BDS,11,0.0,0.0,24.0,是
0703002-0918-11-09-gnss_raw.txt,2436,443089.000,BDS,20,58.0,27.0,37.0,是
0703002-0918-11-09-gnss_raw.txt,2436,443089.000,BDS,29,21.0,231.0,29.0,是
0703002-0918-11-09-gnss_raw.txt,2436,443089.000,BDS,32,0.0,0.0,22.0,是
0703002-0918-11-09-gnss_raw.txt,2436,443089.000,BDS,35,17.0,286.0,29.0,是
0703002-0918-11-09-gnss_raw.txt,2436,443089.000,BDS,37,46.0,78.0,30.0,是
0703002-0918-11-09-gnss_raw.txt,2436,443090.000,GPS,13,27.0,136.0,31.0,是
0703002-0918-11-09-gnss_raw.txt,2436,443090.000,GPS,15,0.0,0.0,30.0,是
0703002-0918-11-09-gnss_raw.txt,2436,443090.000,GPS,18,47.0,215.0,35.0,是
0703002-0918-11-09-gnss_raw.txt,2436,443090.000,GPS,20,0.0,0.0,30.0,是
0703002-0918-11-09-gnss_raw.txt,2436,443090.000,GPS,24,66.0,46.0,39.0,是
0703002-0918-11-09-gnss_raw.txt,2436,443090.000,GPS,32,0.0,0.0,32.0,是
0703002-0918-11-09-gnss_raw.txt,2436,443090.000,GLONASS,68,20.0,67.0,37.0,是
0703002-0918-11-09-gnss_raw.txt,2436,443090.000,GLONASS,69,45.0,14.0,32.0,是
0703002-0918-11-09-gnss_raw.txt,2436,443090.000,GLONASS,70,28.0,311.0,30.0,是
0703002-0918-11-09-gnss_raw.txt,2436,443090.000,GLONASS,79,47.0,95.0,33.0,是
0703002-0918-11-09-gnss_raw.txt,2436,443090.000,GLONASS,80,25.0,160.0,36.0,是
0703002-0918-11-09-gnss_raw.txt,2436,443090.000,GLONASS,84,37.0,241.0,31.0,是
0703002-0918-11-09-gnss_raw.txt,2436,443090.000,GLONASS,85,0.0,0.0,34.0,是
0703002-0918-11-09-gnss_raw.txt,2436,443090.000,Galileo,2,0.0,0.0,32.0,是
0703002-0918-11-09-gnss_raw.txt,2436,443090.000,Galileo,13,0.0,0.0,30.0,是
0703002-0918-11-09-gnss_raw.txt,2436,443090.000,Galileo,26,61.0,272.0,36.0,是
0703002-0918-11-09-gnss_raw.txt,2436,443090.000,Galileo,29,33.0,270.0,33.0,是
0703002-0918-11-09-gnss_raw.txt,2436,443090.000,QZSS,3,43.0,168.0,33.0,是
0703002-0918-11-09-gnss_raw.txt,2436,443090.000,QZSS,7,53.0,169.0,32.0,是
0703002-0918-11-09-gnss_raw.txt,2436,443090.000,BDS,1,48.0,147.0,43.0,是
0703002-0918-11-09-gnss_raw.txt,2436,443090.000,BDS,2,0.0,0.0,30.0,是
0703002-0918-11-09-gnss_raw.txt,2436,443090.000,BDS,3,0.0,0.0,30.0,是
0703002-0918-11-09-gnss_raw.txt,2436,443090.000,BDS,4,37.0,120.0,39.0,是
0703002-0918-11-09-gnss_raw.txt,2436,443090.000,BDS,6,69.0,38.0,37.0,是
0703002-0918-11-09-gnss_raw.txt,2436,443090.000,BDS,7,58.0,188.0,35.0,是
0703002-0918-11-09-gnss_raw.txt,2436,443090.000,BDS,10,48.0,189.0,31.0,是
0703002-0918-11-09-gnss_raw.txt,2436,443090.000,BDS,11,0.0,0.0,26.0,是
0703002-0918-11-09-gnss_raw.txt,2436,443090.000,BDS,20,58.0,27.0,39.0,是
0703002-0918-11-09-gnss_raw.txt,2436,443090.000,BDS,29,21.0,231.0,31.0,是
0703002-0918-11-09-gnss_raw.txt,2436,443090.000,BDS,32,0.0,0.0,24.0,是
0703002-0918-11-09-gnss_raw.txt,2436,443090.000,BDS,35,17.0,286.0,31.0,是
0703002-0918-11-09-gnss_raw.txt,2436,443090.000,BDS,37,46.0,78.0,32.0,是
0703002-0918-11-09-gnss_raw.txt,2436,443091.000,GPS,13,27.0,136.0,30.0,是
0703002-0918-11-09-gnss_raw.txt,2436,443091.000,GPS,15,0.0,0.0,27.0,是
0703002-0918-11-09-gnss_raw.txt,2436,443091.000,GPS,18,47.0,215.0,34.0,是
0703002-0918-11-09-gnss_raw.txt,2436,443091.000,GPS,20,0.0,0.0,28.0,是
0703002-0918-11-09-gnss_raw.txt,2436,443091.000,GPS,24,66.0,46.0,38.0,是
0703002-0918-11-09-gnss_raw.txt,2436,443091.000,GPS,32,0.0,0.0,31.0,是
0703002-0918-11-09-gnss_raw.txt,2436,443091.000,GLONASS,68,20.0,67.0,32.0,是
0703002-0918-11-09-gnss_raw.txt,2436,443091.000,GLONASS,69,45.0,14.0,25.0,是
0703002-0918-11-09-gnss_raw.txt,2436,443091.000,GLONASS,70,0.0,0.0,24.0,是
0703002-0918-11-09-gnss_raw.txt,2436,443091.000,GLONASS,79,47.0,95.0,33.0,是
0703002-0918-11-09-gnss_raw.txt,2436,443091.000,GLONASS,80,25.0,160.0,31.0,是
0703002-0918-11-09-gnss_raw.txt,2436,443091.000,GLONASS,84,37.0,241.0,25.0,是
0703002-0918-11-09-gnss_raw.txt,2436,443091.000,GLONASS,85,0.0,0.0,26.0,是
0703002-0918-11-09-gnss_raw.txt,2436,443091.000,Galileo,2,0.0,0.0,30.0,是
0703002-0918-11-09-gnss_raw.txt,2436,443091.000,Galileo,13,0.0,0.0,28.0,是
0703002-0918-11-09-gnss_raw.txt,2436,443091.000,Galileo,26,61.0,272.0,32.0,是
0703002-0918-11-09-gnss_raw.txt,2436,443091.000,Galileo,29,33.0,270.0,29.0,是
0703002-0918-11-09-gnss_raw.txt,2436,443091.000,QZSS,3,43.0,168.0,32.0,是
0703002-0918-11-09-gnss_raw.txt,2436,443091.000,QZSS,7,53.0,169.0,30.0,是
0703002-0918-11-09-gnss_raw.txt,2436,443091.000,BDS,1,48.0,147.0,35.0,是
0703002-0918-11-09-gnss_raw.txt,2436,443091.000,BDS,2,0.0,0.0,27.0,是
0703002-0918-11-09-gnss_raw.txt,2436,443091.000,BDS,3,0.0,0.0,25.0,是
0703002-0918-11-09-gnss_raw.txt,2436,443091.000,BDS,4,37.0,120.0,31.0,是
0703002-0918-11-09-gnss_raw.txt,2436,443091.000,BDS,6,69.0,38.0,36.0,是
0703002-0918-11-09-gnss_raw.txt,2436,443091.000,BDS,7,58.0,188.0,34.0,是
0703002-0918-11-09-gnss_raw.txt,2436,443091.000,BDS,10,48.0,189.0,30.0,是
0703002-0918-11-09-gnss_raw.txt,2436,443091.000,BDS,11,0.0,0.0,25.0,是
0703002-0918-11-09-gnss_raw.txt,2436,443091.000,BDS,20,58.0,27.0,39.0,是
0703002-0918-11-09-gnss_raw.txt,2436,443091.000,BDS,29,21.0,231.0,29.0,是
0703002-0918-11-09-gnss_raw.txt,2436,443091.000,BDS,32,0.0,0.0,23.0,是
0703002-0918-11-09-gnss_raw.txt,2436,443091.000,BDS,35,17.0,286.0,28.0,是
0703002-0918-11-09-gnss_raw.txt,2436,443091.000,BDS,37,46.0,78.0,29.0,是
0703002-0918-11-09-gnss_raw.txt,2436,443092.000,GPS,13,27.0,136.0,25.0,是
0703002-0918-11-09-gnss_raw.txt,2436,443092.000,GPS,15,0.0,0.0,26.0,是
0703002-0918-11-09-gnss_raw.txt,2436,443092.000,GPS,18,47.0,215.0,30.0,是
0703002-0918-11-09-gnss_raw.txt,2436,443092.000,GPS,20,0.0,0.0,25.0,是
0703002-0918-11-09-gnss_raw.txt,2436,443092.000,GPS,24,66.0,46.0,38.0,是
0703002-0918-11-09-gnss_raw.txt,2436,443092.000,GPS,32,0.0,0.0,27.0,是
0703002-0918-11-09-gnss_raw.txt,2436,443092.000,GLONASS,68,20.0,67.0,29.0,是
0703002-0918-11-09-gnss_raw.txt,2436,443092.000,GLONASS,69,45.0,14.0,24.0,是
0703002-0918-11-09-gnss_raw.txt,2436,443092.000,GLONASS,70,0.0,0.0,20.0,是
0703002-0918-11-09-gnss_raw.txt,2436,443092.000,GLONASS,79,47.0,95.0,33.0,是
0703002-0918-11-09-gnss_raw.txt,2436,443092.000,GLONASS,80,25.0,160.0,28.0,是
0703002-0918-11-09-gnss_raw.txt,2436,443092.000,GLONASS,84,37.0,241.0,32.0,是
0703002-0918-11-09-gnss_raw.txt,2436,443092.000,GLONASS,85,0.0,0.0,23.0,是
0703002-0918-11-09-gnss_raw.txt,2436,443092.000,Galileo,2,0.0,0.0,29.0,是
0703002-0918-11-09-gnss_raw.txt,2436,443092.000,Galileo,13,0.0,0.0,27.0,是
0703002-0918-11-09-gnss_raw.txt,2436,443092.000,Galileo,26,61.0,272.0,31.0,是
0703002-0918-11-09-gnss_raw.txt,2436,443092.000,Galileo,29,33.0,270.0,28.0,是
0703002-0918-11-09-gnss_raw.txt,2436,443092.000,QZSS,3,43.0,168.0,29.0,是
0703002-0918-11-09-gnss_raw.txt,2436,443092.000,QZSS,7,53.0,169.0,27.0,是
0703002-0918-11-09-gnss_raw.txt,2436,443092.000,BDS,1,48.0,147.0,34.0,是
0703002-0918-11-09-gnss_raw.txt,2436,443092.000,BDS,2,0.0,0.0,27.0,是
0703002-0918-11-09-gnss_raw.txt,2436,443092.000,BDS,4,37.0,120.0,28.0,是
0703002-0918-11-09-gnss_raw.txt,2436,443092.000,BDS,6,69.0,38.0,34.0,是
0703002-0918-11-09-gnss_raw.txt,2436,443092.000,BDS,7,58.0,188.0,32.0,是
0703002-0918-11-09-gnss_raw.txt,2436,443092.000,BDS,10,48.0,189.0,26.0,是
0703002-0918-11-09-gnss_raw.txt,2436,443092.000,BDS,11,0.0,0.0,22.0,是
0703002-0918-11-09-gnss_raw.txt,2436,443092.000,BDS,20,58.0,27.0,37.0,是
0703002-0918-11-09-gnss_raw.txt,2436,443092.000,BDS,29,21.0,231.0,26.0,是
0703002-0918-11-09-gnss_raw.txt,2436,443092.000,BDS,32,0.0,0.0,20.0,是
0703002-0918-11-09-gnss_raw.txt,2436,443092.000,BDS,35,17.0,286.0,25.0,是
0703002-0918-11-09-gnss_raw.txt,2436,443092.000,BDS,37,46.0,78.0,28.0,是
0703002-0918-11-09-gnss_raw.txt,2436,443093.000,GPS,13,27.0,136.0,22.0,是
0703002-0918-11-09-gnss_raw.txt,2436,443093.000,GPS,15,0.0,0.0,25.0,是
0703002-0918-11-09-gnss_raw.txt,2436,443093.000,GPS,18,47.0,215.0,28.0,是
0703002-0918-11-09-gnss_raw.txt,2436,443093.000,GPS,20,0.0,0.0,23.0,是
0703002-0918-11-09-gnss_raw.txt,2436,443093.000,GPS,24,66.0,46.0,37.0,是
0703002-0918-11-09-gnss_raw.txt,2436,443093.000,GPS,32,0.0,0.0,27.0,是
0703002-0918-11-09-gnss_raw.txt,2436,443093.000,GLONASS,68,20.0,67.0,28.0,是
0703002-0918-11-09-gnss_raw.txt,2436,443093.000,GLONASS,69,45.0,14.0,21.0,是
0703002-0918-11-09-gnss_raw.txt,2436,443093.000,GLONASS,79,47.0,95.0,31.0,是
0703002-0918-11-09-gnss_raw.txt,2436,443093.000,GLONASS,80,25.0,160.0,30.0,是
0703002-0918-11-09-gnss_raw.txt,2436,443093.000,GLONASS,84,37.0,241.0,33.0,是
0703002-0918-11-09-gnss_raw.txt,2436,443093.000,GLONASS,85,0.0,0.0,20.0,是
0703002-0918-11-09-gnss_raw.txt,2436,443093.000,Galileo,2,0.0,0.0,27.0,是
0703002-0918-11-09-gnss_raw.txt,2436,443093.000,Galileo,13,0.0,0.0,26.0,是
0703002-0918-11-09-gnss_raw.txt,2436,443093.000,Galileo,26,61.0,272.0,31.0,是
0703002-0918-11-09-gnss_raw.txt,2436,443093.000,Galileo,29,33.0,270.0,28.0,是
0703002-0918-11-09-gnss_raw.txt,2436,443093.000,QZSS,3,43.0,168.0,30.0,是
0703002-0918-11-09-gnss_raw.txt,2436,443093.000,QZSS,7,53.0,169.0,27.0,是
0703002-0918-11-09-gnss_raw.txt,2436,443093.000,BDS,1,48.0,147.0,33.0,是
0703002-0918-11-09-gnss_raw.txt,2436,443093.000,BDS,2,0.0,0.0,36.0,是
0703002-0918-11-09-gnss_raw.txt,2436,443093.000,BDS,3,0.0,0.0,37.0,是
0703002-0918-11-09-gnss_raw.txt,2436,443093.000,BDS,4,37.0,120.0,29.0,是
0703002-0918-11-09-gnss_raw.txt,2436,443093.000,BDS,6,69.0,38.0,31.0,是
0703002-0918-11-09-gnss_raw.txt,2436,443093.000,BDS,7,58.0,188.0,29.0,是
0703002-0918-11-09-gnss_raw.txt,2436,443093.000,BDS,10,48.0,189.0,26.0,是
0703002-0918-11-09-gnss_raw.txt,2436,443093.000,BDS,11,0.0,0.0,19.0,是
0703002-0918-11-09-gnss_raw.txt,2436,443093.000,BDS,20,58.0,27.0,36.0,是
0703002-0918-11-09-gnss_raw.txt,2436,443093.000,BDS,29,21.0,231.0,24.0,是
0703002-0918-11-09-gnss_raw.txt,2436,443093.000,BDS,35,17.0,286.0,24.0,是
0703002-0918-11-09-gnss_raw.txt,2436,443093.000,BDS,37,46.0,78.0,28.0,是
0703002-0918-11-09-gnss_raw.txt,2436,443094.000,GPS,13,27.0,136.0,23.0,是
0703002-0918-11-09-gnss_raw.txt,2436,443094.000,GPS,15,0.0,0.0,26.0,是
0703002-0918-11-09-gnss_raw.txt,2436,443094.000,GPS,18,47.0,215.0,27.0,是
0703002-0918-11-09-gnss_raw.txt,2436,443094.000,GPS,20,0.0,0.0,19.0,是
0703002-0918-11-09-gnss_raw.txt,2436,443094.000,GPS,24,66.0,46.0,36.0,是
0703002-0918-11-09-gnss_raw.txt,2436,443094.000,GPS,32,0.0,0.0,24.0,是
0703002-0918-11-09-gnss_raw.txt,2436,443094.000,GLONASS,68,20.0,67.0,27.0,是
0703002-0918-11-09-gnss_raw.txt,2436,443094.000,GLONASS,69,45.0,14.0,23.0,是
0703002-0918-11-09-gnss_raw.txt,2436,443094.000,GLONASS,79,47.0,95.0,30.0,是
0703002-0918-11-09-gnss_raw.txt,2436,443094.000,GLONASS,80,25.0,160.0,30.0,是
0703002-0918-11-09-gnss_raw.txt,2436,443094.000,GLONASS,84,37.0,241.0,33.0,是
0703002-0918-11-09-gnss_raw.txt,2436,443094.000,GLONASS,85,0.0,0.0,21.0,是
0703002-0918-11-09-gnss_raw.txt,2436,443094.000,Galileo,2,0.0,0.0,26.0,是
0703002-0918-11-09-gnss_raw.txt,2436,443094.000,Galileo,13,0.0,0.0,29.0,是
0703002-0918-11-09-gnss_raw.txt,2436,443094.000,Galileo,26,61.0,272.0,31.0,是
0703002-0918-11-09-gnss_raw.txt,2436,443094.000,Galileo,29,33.0,270.0,28.0,是
0703002-0918-11-09-gnss_raw.txt,2436,443094.000,QZSS,3,43.0,168.0,31.0,是
0703002-0918-11-09-gnss_raw.txt,2436,443094.000,QZSS,7,53.0,169.0,29.0,是
0703002-0918-11-09-gnss_raw.txt,2436,443094.000,BDS,1,48.0,147.0,31.0,是
0703002-0918-11-09-gnss_raw.txt,2436,443094.000,BDS,2,0.0,0.0,36.0,是
0703002-0918-11-09-gnss_raw.txt,2436,443094.000,BDS,3,0.0,0.0,39.0,是
0703002-0918-11-09-gnss_raw.txt,2436,443094.000,BDS,4,37.0,120.0,29.0,是
0703002-0918-11-09-gnss_raw.txt,2436,443094.000,BDS,6,69.0,38.0,31.0,是
0703002-0918-11-09-gnss_raw.txt,2436,443094.000,BDS,7,58.0,188.0,31.0,是
0703002-0918-11-09-gnss_raw.txt,2436,443094.000,BDS,10,48.0,189.0,24.0,是
0703002-0918-11-09-gnss_raw.txt,2436,443094.000,BDS,11,0.0,0.0,16.0,是
0703002-0918-11-09-gnss_raw.txt,2436,443094.000,BDS,20,58.0,27.0,34.0,是
0703002-0918-11-09-gnss_raw.txt,2436,443094.000,BDS,29,21.0,231.0,23.0,是
0703002-0918-11-09-gnss_raw.txt,2436,443094.000,BDS,35,17.0,286.0,24.0,是
0703002-0918-11-09-gnss_raw.txt,2436,443094.000,BDS,37,46.0,78.0,29.0,是
0703002-0918-11-09-gnss_raw.txt,2436,443095.000,GPS,13,27.0,136.0,22.0,是
0703002-0918-11-09-gnss_raw.txt,2436,443095.000,GPS,15,0.0,0.0,27.0,是
0703002-0918-11-09-gnss_raw.txt,2436,443095.000,GPS,18,47.0,215.0,26.0,是
0703002-0918-11-09-gnss_raw.txt,2436,443095.000,GPS,24,66.0,46.0,36.0,是
0703002-0918-11-09-gnss_raw.txt,2436,443095.000,GPS,32,0.0,0.0,24.0,是
0703002-0918-11-09-gnss_raw.txt,2436,443095.000,GLONASS,68,20.0,67.0,27.0,是
0703002-0918-11-09-gnss_raw.txt,2436,443095.000,GLONASS,69,45.0,14.0,24.0,是
0703002-0918-11-09-gnss_raw.txt,2436,443095.000,GLONASS,79,47.0,95.0,30.0,是
0703002-0918-11-09-gnss_raw.txt,2436,443095.000,GLONASS,80,25.0,160.0,28.0,是
0703002-0918-11-09-gnss_raw.txt,2436,443095.000,GLONASS,84,37.0,241.0,31.0,是
0703002-0918-11-09-gnss_raw.txt,2436,443095.000,Galileo,2,0.0,0.0,24.0,是
0703002-0918-11-09-gnss_raw.txt,2436,443095.000,Galileo,13,0.0,0.0,28.0,是
0703002-0918-11-09-gnss_raw.txt,2436,443095.000,Galileo,26,61.0,272.0,33.0,是
0703002-0918-11-09-gnss_raw.txt,2436,443095.000,Galileo,29,33.0,270.0,29.0,是
0703002-0918-11-09-gnss_raw.txt,2436,443095.000,QZSS,3,43.0,168.0,30.0,是
0703002-0918-11-09-gnss_raw.txt,2436,443095.000,QZSS,7,53.0,169.0,29.0,是
0703002-0918-11-09-gnss_raw.txt,2436,443095.000,BDS,1,48.0,147.0,30.0,是
0703002-0918-11-09-gnss_raw.txt,2436,443095.000,BDS,2,0.0,0.0,37.0,是
0703002-0918-11-09-gnss_raw.txt,2436,443095.000,BDS,3,0.0,0.0,39.0,是
0703002-0918-11-09-gnss_raw.txt,2436,443095.000,BDS,4,37.0,120.0,29.0,是
0703002-0918-11-09-gnss_raw.txt,2436,443095.000,BDS,6,69.0,38.0,32.0,是
0703002-0918-11-09-gnss_raw.txt,2436,443095.000,BDS,7,58.0,188.0,32.0,是
0703002-0918-11-09-gnss_raw.txt,2436,443095.000,BDS,10,48.0,189.0,25.0,是
0703002-0918-11-09-gnss_raw.txt,2436,443095.000,BDS,20,58.0,27.0,34.0,是
0703002-0918-11-09-gnss_raw.txt,2436,443095.000,BDS,29,21.0,231.0,24.0,是
0703002-0918-11-09-gnss_raw.txt,2436,443095.000,BDS,35,17.0,286.0,23.0,是
0703002-0918-11-09-gnss_raw.txt,2436,443095.000,BDS,37,46.0,78.0,30.0,是
0703002-0918-11-09-gnss_raw.txt,2436,443096.000,GPS,13,27.0,136.0,25.0,是
0703002-0918-11-09-gnss_raw.txt,2436,443096.000,GPS,15,0.0,0.0,28.0,是
0703002-0918-11-09-gnss_raw.txt,2436,443096.000,GPS,18,47.0,215.0,27.0,是
0703002-0918-11-09-gnss_raw.txt,2436,443096.000,GPS,24,66.0,46.0,35.0,是
0703002-0918-11-09-gnss_raw.txt,2436,443096.000,GPS,32,0.0,0.0,24.0,是
0703002-0918-11-09-gnss_raw.txt,2436,443096.000,GLONASS,68,20.0,67.0,27.0,是
0703002-0918-11-09-gnss_raw.txt,2436,443096.000,GLONASS,69,45.0,14.0,24.0,是
0703002-0918-11-09-gnss_raw.txt,2436,443096.000,GLONASS,79,47.0,95.0,30.0,是
0703002-0918-11-09-gnss_raw.txt,2436,443096.000,GLONASS,80,25.0,160.0,26.0,是
0703002-0918-11-09-gnss_raw.txt,2436,443096.000,GLONASS,84,37.0,241.0,31.0,是
0703002-0918-11-09-gnss_raw.txt,2436,443096.000,Galileo,2,0.0,0.0,25.0,是
0703002-0918-11-09-gnss_raw.txt,2436,443096.000,Galileo,13,0.0,0.0,30.0,是
0703002-0918-11-09-gnss_raw.txt,2436,443096.000,Galileo,26,61.0,272.0,31.0,是
0703002-0918-11-09-gnss_raw.txt,2436,443096.000,Galileo,29,0.0,0.0,28.0,是
0703002-0918-11-09-gnss_raw.txt,2436,443096.000,QZSS,3,43.0,168.0,30.0,是
0703002-0918-11-09-gnss_raw.txt,2436,443096.000,QZSS,7,53.0,169.0,30.0,是
0703002-0918-11-09-gnss_raw.txt,2436,443096.000,BDS,1,48.0,147.0,30.0,是
0703002-0918-11-09-gnss_raw.txt,2436,443096.000,BDS,3,0.0,0.0,39.0,是
0703002-0918-11-09-gnss_raw.txt,2436,443096.000,BDS,6,69.0,38.0,31.0,是
0703002-0918-11-09-gnss_raw.txt,2436,443096.000,BDS,7,58.0,188.0,32.0,是
0703002-0918-11-09-gnss_raw.txt,2436,443096.000,BDS,10,48.0,189.0,26.0,是
0703002-0918-11-09-gnss_raw.txt,2436,443096.000,BDS,20,58.0,27.0,33.0,是
0703002-0918-11-09-gnss_raw.txt,2436,443096.000,BDS,29,21.0,231.0,21.0,是
0703002-0918-11-09-gnss_raw.txt,2436,443096.000,BDS,35,17.0,286.0,21.0,是
0703002-0918-11-09-gnss_raw.txt,2436,443096.000,BDS,37,46.0,78.0,31.0,是
0703002-0918-11-09-gnss_raw.txt,2436,443097.000,GPS,13,27.0,136.0,26.0,是
0703002-0918-11-09-gnss_raw.txt,2436,443097.000,GPS,15,0.0,0.0,29.0,是
0703002-0918-11-09-gnss_raw.txt,2436,443097.000,GPS,18,47.0,215.0,30.0,是
0703002-0918-11-09-gnss_raw.txt,2436,443097.000,GPS,24,66.0,46.0,34.0,是
0703002-0918-11-09-gnss_raw.txt,2436,443097.000,GPS,32,0.0,0.0,24.0,是
0703002-0918-11-09-gnss_raw.txt,2436,443097.000,GLONASS,68,20.0,67.0,22.0,是
0703002-0918-11-09-gnss_raw.txt,2436,443097.000,GLONASS,69,45.0,14.0,22.0,是
0703002-0918-11-09-gnss_raw.txt,2436,443097.000,GLONASS,79,47.0,95.0,29.0,是
0703002-0918-11-09-gnss_raw.txt,2436,443097.000,GLONASS,80,25.0,160.0,28.0,是
0703002-0918-11-09-gnss_raw.txt,2436,443097.000,GLONASS,84,37.0,241.0,32.0,是
0703002-0918-11-09-gnss_raw.txt,2436,443097.000,Galileo,2,0.0,0.0,25.0,是
0703002-0918-11-09-gnss_raw.txt,2436,443097.000,Galileo,13,0.0,0.0,32.0,是
0703002-0918-11-09-gnss_raw.txt,2436,443097.000,Galileo,26,61.0,272.0,31.0,是
0703002-0918-11-09-gnss_raw.txt,2436,443097.000,Galileo,29,33.0,270.0,29.0,是
0703002-0918-11-09-gnss_raw.txt,2436,443097.000,QZSS,3,43.0,168.0,32.0,是
0703002-0918-11-09-gnss_raw.txt,2436,443097.000,QZSS,7,53.0,169.0,28.0,是
0703002-0918-11-09-gnss_raw.txt,2436,443097.000,BDS,1,48.0,147.0,32.0,是
0703002-0918-11-09-gnss_raw.txt,2436,443097.000,BDS,2,0.0,0.0,28.0,是
0703002-0918-11-09-gnss_raw.txt,2436,443097.000,BDS,3,0.0,0.0,30.0,是
0703002-0918-11-09-gnss_raw.txt,2436,443097.000,BDS,4,37.0,120.0,26.0,是
0703002-0918-11-09-gnss_raw.txt,2436,443097.000,BDS,6,69.0,38.0,31.0,是
0703002-0918-11-09-gnss_raw.txt,2436,443097.000,BDS,7,58.0,188.0,32.0,是
0703002-0918-11-09-gnss_raw.txt,2436,443097.000,BDS,10,48.0,189.0,26.0,是
0703002-0918-11-09-gnss_raw.txt,2436,443097.000,BDS,20,58.0,27.0,33.0,是
0703002-0918-11-09-gnss_raw.txt,2436,443097.000,BDS,29,21.0,231.0,21.0,是
0703002-0918-11-09-gnss_raw.txt,2436,443097.000,BDS,35,17.0,286.0,21.0,是
0703002-0918-11-09-gnss_raw.txt,2436,443097.000,BDS,37,46.0,78.0,33.0,是
0703002-0918-11-09-gnss_raw.txt,2436,443098.000,GPS,13,27.0,136.0,26.0,是
0703002-0918-11-09-gnss_raw.txt,2436,443098.000,GPS,15,0.0,0.0,30.0,是
0703002-0918-11-09-gnss_raw.txt,2436,443098.000,GPS,18,47.0,215.0,32.0,是
0703002-0918-11-09-gnss_raw.txt,2436,443098.000,GPS,24,66.0,46.0,34.0,是
0703002-0918-11-09-gnss_raw.txt,2436,443098.000,GPS,32,0.0,0.0,25.0,是
0703002-0918-11-09-gnss_raw.txt,2436,443098.000,GLONASS,68,20.0,67.0,23.0,是
0703002-0918-11-09-gnss_raw.txt,2436,443098.000,GLONASS,69,45.0,14.0,22.0,是
0703002-0918-11-09-gnss_raw.txt,2436,443098.000,GLONASS,79,47.0,95.0,29.0,是
0703002-0918-11-09-gnss_raw.txt,2436,443098.000,GLONASS,80,25.0,160.0,23.0,是
0703002-0918-11-09-gnss_raw.txt,2436,443098.000,GLONASS,84,37.0,241.0,29.0,是
0703002-0918-11-09-gnss_raw.txt,2436,443098.000,Galileo,2,0.0,0.0,26.0,是
0703002-0918-11-09-gnss_raw.txt,2436,443098.000,Galileo,13,0.0,0.0,32.0,是
0703002-0918-11-09-gnss_raw.txt,2436,443098.000,Galileo,26,61.0,272.0,34.0,是
0703002-0918-11-09-gnss_raw.txt,2436,443098.000,Galileo,29,33.0,270.0,29.0,是
0703002-0918-11-09-gnss_raw.txt,2436,443098.000,QZSS,3,43.0,168.0,33.0,是
0703002-0918-11-09-gnss_raw.txt,2436,443098.000,QZSS,7,53.0,169.0,28.0,是
0703002-0918-11-09-gnss_raw.txt,2436,443098.000,BDS,1,48.0,147.0,32.0,是
0703002-0918-11-09-gnss_raw.txt,2436,443098.000,BDS,2,0.0,0.0,25.0,是
0703002-0918-11-09-gnss_raw.txt,2436,443098.000,BDS,3,0.0,0.0,32.0,是
0703002-0918-11-09-gnss_raw.txt,2436,443098.000,BDS,4,37.0,120.0,27.0,是
0703002-0918-11-09-gnss_raw.txt,2436,443098.000,BDS,6,69.0,38.0,32.0,是
0703002-0918-11-09-gnss_raw.txt,2436,443098.000,BDS,7,58.0,188.0,32.0,是
0703002-0918-11-09-gnss_raw.txt,2436,443098.000,BDS,10,48.0,189.0,28.0,是
0703002-0918-11-09-gnss_raw.txt,2436,443098.000,BDS,20,58.0,27.0,34.0,是
0703002-0918-11-09-gnss_raw.txt,2436,443098.000,BDS,29,21.0,231.0,22.0,是
0703002-0918-11-09-gnss_raw.txt,2436,443098.000,BDS,35,17.0,286.0,22.0,是
0703002-0918-11-09-gnss_raw.txt,2436,443098.000,BDS,37,46.0,78.0,33.0,是
0703002-0918-11-09-gnss_raw.txt,2436,443099.000,GPS,13,27.0,136.0,27.0,是
0703002-0918-11-09-gnss_raw.txt,2436,443099.000,GPS,15,0.0,0.0,29.0,是
0703002-0918-11-09-gnss_raw.txt,2436,443099.000,GPS,18,47.0,215.0,31.0,是
0703002-0918-11-09-gnss_raw.txt,2436,443099.000,GPS,20,0.0,0.0,19.0,是
0703002-0918-11-09-gnss_raw.txt,2436,443099.000,GPS,24,66.0,46.0,34.0,是
0703002-0918-11-09-gnss_raw.txt,2436,443099.000,GPS,32,0.0,0.0,27.0,是
0703002-0918-11-09-gnss_raw.txt,2436,443099.000,GLONASS,68,20.0,67.0,25.0,是
0703002-0918-11-09-gnss_raw.txt,2436,443099.000,GLONASS,69,45.0,14.0,22.0,是
0703002-0918-11-09-gnss_raw.txt,2436,443099.000,GLONASS,79,47.0,95.0,29.0,是
0703002-0918-11-09-gnss_raw.txt,2436,443099.000,GLONASS,80,25.0,160.0,25.0,是
0703002-0918-11-09-gnss_raw.txt,2436,443099.000,GLONASS,84,37.0,241.0,31.0,是
0703002-0918-11-09-gnss_raw.txt,2436,443099.000,GLONASS,85,0.0,0.0,27.0,是
0703002-0918-11-09-gnss_raw.txt,2436,443099.000,Galileo,2,0.0,0.0,26.0,是
0703002-0918-11-09-gnss_raw.txt,2436,443099.000,Galileo,13,0.0,0.0,34.0,是
0703002-0918-11-09-gnss_raw.txt,2436,443099.000,Galileo,26,61.0,272.0,34.0,是
0703002-0918-11-09-gnss_raw.txt,2436,443099.000,Galileo,29,0.0,0.0,28.0,是
0703002-0918-11-09-gnss_raw.txt,2436,443099.000,QZSS,3,43.0,168.0,33.0,是
0703002-0918-11-09-gnss_raw.txt,2436,443099.000,QZSS,7,53.0,169.0,29.0,是
0703002-0918-11-09-gnss_raw.txt,2436,443099.000,BDS,1,48.0,147.0,33.0,是
0703002-0918-11-09-gnss_raw.txt,2436,443099.000,BDS,2,0.0,0.0,26.0,是
0703002-0918-11-09-gnss_raw.txt,2436,443099.000,BDS,3,0.0,0.0,31.0,是
0703002-0918-11-09-gnss_raw.txt,2436,443099.000,BDS,4,37.0,120.0,27.0,是
0703002-0918-11-09-gnss_raw.txt,2436,443099.000,BDS,6,69.0,38.0,32.0,是
0703002-0918-11-09-gnss_raw.txt,2436,443099.000,BDS,7,58.0,188.0,32.0,是
0703002-0918-11-09-gnss_raw.txt,2436,443099.000,BDS,10,48.0,189.0,29.0,是
0703002-0918-11-09-gnss_raw.txt,2436,443099.000,BDS,20,58.0,27.0,34.0,是
0703002-0918-11-09-gnss_raw.txt,2436,443099.000,BDS,29,21.0,231.0,23.0,是
0703002-0918-11-09-gnss_raw.txt,2436,443099.000,BDS,35,17.0,286.0,22.0,是
0703002-0918-11-09-gnss_raw.txt,2436,443099.000,BDS,37,46.0,78.0,33.0,是
0703002-0918-11-09-gnss_raw.txt,2436,443100.000,GPS,13,27.0,135.0,25.0,是
0703002-0918-11-09-gnss_raw.txt,2436,443100.000,GPS,15,0.0,0.0,27.0,是
0703002-0918-11-09-gnss_raw.txt,2436,443100.000,GPS,18,47.0,215.0,31.0,是
0703002-0918-11-09-gnss_raw.txt,2436,443100.000,GPS,20,0.0,0.0,21.0,是
0703002-0918-11-09-gnss_raw.txt,2436,443100.000,GPS,24,66.0,46.0,34.0,是
0703002-0918-11-09-gnss_raw.txt,2436,443100.000,GPS,32,0.0,0.0,29.0,是
0703002-0918-11-09-gnss_raw.txt,2436,443100.000,GLONASS,68,20.0,67.0,25.0,是
0703002-0918-11-09-gnss_raw.txt,2436,443100.000,GLONASS,69,45.0,14.0,22.0,是
0703002-0918-11-09-gnss_raw.txt,2436,443100.000,GLONASS,79,47.0,95.0,28.0,是
0703002-0918-11-09-gnss_raw.txt,2436,443100.000,GLONASS,80,25.0,160.0,28.0,是
0703002-0918-11-09-gnss_raw.txt,2436,443100.000,GLONASS,84,37.0,241.0,32.0,是
0703002-0918-11-09-gnss_raw.txt,2436,443100.000,GLONASS,85,0.0,0.0,25.0,是
0703002-0918-11-09-gnss_raw.txt,2436,443100.000,Galileo,2,0.0,0.0,26.0,是
0703002-0918-11-09-gnss_raw.txt,2436,443100.000,Galileo,13,0.0,0.0,33.0,是
0703002-0918-11-09-gnss_raw.txt,2436,443100.000,Galileo,26,61.0,272.0,34.0,是
0703002-0918-11-09-gnss_raw.txt,2436,443100.000,Galileo,29,0.0,0.0,28.0,是
0703002-0918-11-09-gnss_raw.txt,2436,443100.000,QZSS,3,43.0,168.0,32.0,是
0703002-0918-11-09-gnss_raw.txt,2436,443100.000,QZSS,7,53.0,169.0,30.0,是
0703002-0918-11-09-gnss_raw.txt,2436,443100.000,BDS,1,48.0,147.0,32.0,是
0703002-0918-11-09-gnss_raw.txt,2436,443100.000,BDS,2,0.0,0.0,26.0,是
0703002-0918-11-09-gnss_raw.txt,2436,443100.000,BDS,3,0.0,0.0,31.0,是
0703002-0918-11-09-gnss_raw.txt,2436,443100.000,BDS,4,37.0,120.0,26.0,是
0703002-0918-11-09-gnss_raw.txt,2436,443100.000,BDS,6,69.0,38.0,32.0,是
0703002-0918-11-09-gnss_raw.txt,2436,443100.000,BDS,7,58.0,188.0,31.0,是
0703002-0918-11-09-gnss_raw.txt,2436,443100.000,BDS,10,48.0,189.0,30.0,是
0703002-0918-11-09-gnss_raw.txt,2436,443100.000,BDS,20,58.0,27.0,34.0,是
0703002-0918-11-09-gnss_raw.txt,2436,443100.000,BDS,29,21.0,231.0,23.0,是
0703002-0918-11-09-gnss_raw.txt,2436,443100.000,BDS,35,17.0,286.0,22.0,是
0703002-0918-11-09-gnss_raw.txt,2436,443100.000,BDS,37,46.0,78.0,32.0,是
0703002-0918-11-09-gnss_raw.txt,2436,443101.000,GPS,13,27.0,135.0,28.0,是
0703002-0918-11-09-gnss_raw.txt,2436,443101.000,GPS,15,0.0,0.0,29.0,是
0703002-0918-11-09-gnss_raw.txt,2436,443101.000,GPS,18,47.0,215.0,32.0,是
0703002-0918-11-09-gnss_raw.txt,2436,443101.000,GPS,20,0.0,0.0,25.0,是
0703002-0918-11-09-gnss_raw.txt,2436,443101.000,GPS,24,66.0,46.0,34.0,是
0703002-0918-11-09-gnss_raw.txt,2436,443101.000,GPS,32,0.0,0.0,28.0,是
0703002-0918-11-09-gnss_raw.txt,2436,443101.000,GLONASS,68,20.0,67.0,30.0,是
0703002-0918-11-09-gnss_raw.txt,2436,443101.000,GLONASS,69,45.0,14.0,22.0,是
0703002-0918-11-09-gnss_raw.txt,2436,443101.000,GLONASS,79,47.0,95.0,29.0,是
0703002-0918-11-09-gnss_raw.txt,2436,443101.000,GLONASS,80,25.0,160.0,29.0,是
0703002-0918-11-09-gnss_raw.txt,2436,443101.000,GLONASS,84,37.0,241.0,32.0,是
0703002-0918-11-09-gnss_raw.txt,2436,443101.000,GLONASS,85,0.0,0.0,28.0,是
0703002-0918-11-09-gnss_raw.txt,2436,443101.000,Galileo,2,0.0,0.0,24.0,是
0703002-0918-11-09-gnss_raw.txt,2436,443101.000,Galileo,13,0.0,0.0,33.0,是
0703002-0918-11-09-gnss_raw.txt,2436,443101.000,Galileo,26,61.0,272.0,35.0,是
0703002-0918-11-09-gnss_raw.txt,2436,443101.000,QZSS,3,43.0,168.0,32.0,是
0703002-0918-11-09-gnss_raw.txt,2436,443101.000,QZSS,7,53.0,169.0,29.0,是
0703002-0918-11-09-gnss_raw.txt,2436,443101.000,BDS,1,48.0,147.0,32.0,是
0703002-0918-11-09-gnss_raw.txt,2436,443101.000,BDS,2,0.0,0.0,28.0,是
0703002-0918-11-09-gnss_raw.txt,2436,443101.000,BDS,3,0.0,0.0,33.0,是
0703002-0918-11-09-gnss_raw.txt,2436,443101.000,BDS,4,37.0,120.0,28.0,是
0703002-0918-11-09-gnss_raw.txt,2436,443101.000,BDS,6,69.0,38.0,33.0,是
0703002-0918-11-09-gnss_raw.txt,2436,443101.000,BDS,7,58.0,188.0,32.0,是
0703002-0918-11-09-gnss_raw.txt,2436,443101.000,BDS,10,48.0,189.0,30.0,是
0703002-0918-11-09-gnss_raw.txt,2436,443101.000,BDS,20,58.0,27.0,34.0,是
0703002-0918-11-09-gnss_raw.txt,2436,443101.000,BDS,29,21.0,231.0,22.0,是
0703002-0918-11-09-gnss_raw.txt,2436,443101.000,BDS,35,17.0,286.0,23.0,是
0703002-0918-11-09-gnss_raw.txt,2436,443101.000,BDS,37,46.0,78.0,32.0,是
0703002-0918-11-09-gnss_raw.txt,2436,443102.000,GPS,13,27.0,135.0,29.0,是
0703002-0918-11-09-gnss_raw.txt,2436,443102.000,GPS,15,0.0,0.0,29.0,是
0703002-0918-11-09-gnss_raw.txt,2436,443102.000,GPS,18,47.0,215.0,33.0,是
0703002-0918-11-09-gnss_raw.txt,2436,443102.000,GPS,20,0.0,0.0,27.0,是
0703002-0918-11-09-gnss_raw.txt,2436,443102.000,GPS,24,66.0,46.0,34.0,是
0703002-0918-11-09-gnss_raw.txt,2436,443102.000,GPS,32,0.0,0.0,27.0,是
0703002-0918-11-09-gnss_raw.txt,2436,443102.000,GLONASS,68,20.0,67.0,32.0,是
0703002-0918-11-09-gnss_raw.txt,2436,443102.000,GLONASS,69,0.0,0.0,22.0,是
0703002-0918-11-09-gnss_raw.txt,2436,443102.000,GLONASS,79,47.0,95.0,30.0,是
0703002-0918-11-09-gnss_raw.txt,2436,443102.000,GLONASS,80,25.0,160.0,32.0,是
0703002-0918-11-09-gnss_raw.txt,2436,443102.000,GLONASS,84,37.0,241.0,34.0,是
0703002-0918-11-09-gnss_raw.txt,2436,443102.000,GLONASS,85,0.0,0.0,34.0,是
0703002-0918-11-09-gnss_raw.txt,2436,443102.000,Galileo,13,0.0,0.0,35.0,是
0703002-0918-11-09-gnss_raw.txt,2436,443102.000,Galileo,26,61.0,272.0,35.0,是
0703002-0918-11-09-gnss_raw.txt,2436,443102.000,QZSS,3,43.0,168.0,33.0,是
0703002-0918-11-09-gnss_raw.txt,2436,443102.000,QZSS,7,53.0,169.0,29.0,是
0703002-0918-11-09-gnss_raw.txt,2436,443102.000,BDS,1,48.0,147.0,30.0,是
0703002-0918-11-09-gnss_raw.txt,2436,443102.000,BDS,2,0.0,0.0,26.0,是
0703002-0918-11-09-gnss_raw.txt,2436,443102.000,BDS,3,0.0,0.0,32.0,是
0703002-0918-11-09-gnss_raw.txt,2436,443102.000,BDS,4,37.0,120.0,27.0,是
0703002-0918-11-09-gnss_raw.txt,2436,443102.000,BDS,6,69.0,38.0,33.0,是
0703002-0918-11-09-gnss_raw.txt,2436,443102.000,BDS,7,58.0,188.0,32.0,是
0703002-0918-11-09-gnss_raw.txt,2436,443102.000,BDS,10,48.0,189.0,30.0,是
0703002-0918-11-09-gnss_raw.txt,2436,443102.000,BDS,20,58.0,27.0,34.0,是
0703002-0918-11-09-gnss_raw.txt,2436,443102.000,BDS,29,21.0,231.0,21.0,是
0703002-0918-11-09-gnss_raw.txt,2436,443102.000,BDS,35,17.0,286.0,22.0,是
0703002-0918-11-09-gnss_raw.txt,2436,443102.000,BDS,37,46.0,78.0,32.0,是
0703002-0918-11-09-gnss_raw.txt,2436,443103.000,GPS,13,27.0,135.0,27.0,是
0703002-0918-11-09-gnss_raw.txt,2436,443103.000,GPS,15,0.0,0.0,28.0,是
0703002-0918-11-09-gnss_raw.txt,2436,443103.000,GPS,18,47.0,215.0,33.0,是
0703002-0918-11-09-gnss_raw.txt,2436,443103.000,GPS,20,0.0,0.0,27.0,是
0703002-0918-11-09-gnss_raw.txt,2436,443103.000,GPS,24,66.0,46.0,34.0,是
0703002-0918-11-09-gnss_raw.txt,2436,443103.000,GPS,32,0.0,0.0,26.0,是
0703002-0918-11-09-gnss_raw.txt,2436,443103.000,GLONASS,68,20.0,67.0,33.0,是
0703002-0918-11-09-gnss_raw.txt,2436,443103.000,GLONASS,69,0.0,0.0,21.0,是
0703002-0918-11-09-gnss_raw.txt,2436,443103.000,GLONASS,79,47.0,95.0,33.0,是
0703002-0918-11-09-gnss_raw.txt,2436,443103.000,GLONASS,80,25.0,160.0,33.0,是
0703002-0918-11-09-gnss_raw.txt,2436,443103.000,GLONASS,84,37.0,241.0,35.0,是
0703002-0918-11-09-gnss_raw.txt,2436,443103.000,GLONASS,85,0.0,0.0,35.0,是
0703002-0918-11-09-gnss_raw.txt,2436,443103.000,Galileo,13,0.0,0.0,33.0,是
0703002-0918-11-09-gnss_raw.txt,2436,443103.000,Galileo,26,61.0,272.0,32.0,是
0703002-0918-11-09-gnss_raw.txt,2436,443103.000,Galileo,29,33.0,270.0,28.0,是
0703002-0918-11-09-gnss_raw.txt,2436,443103.000,QZSS,3,43.0,168.0,33.0,是
0703002-0918-11-09-gnss_raw.txt,2436,443103.000,QZSS,7,53.0,169.0,28.0,是
0703002-0918-11-09-gnss_raw.txt,2436,443103.000,BDS,1,48.0,147.0,31.0,是
0703002-0918-11-09-gnss_raw.txt,2436,443103.000,BDS,2,0.0,0.0,27.0,是
0703002-0918-11-09-gnss_raw.txt,2436,443103.000,BDS,3,0.0,0.0,32.0,是
0703002-0918-11-09-gnss_raw.txt,2436,443103.000,BDS,4,37.0,120.0,26.0,是
0703002-0918-11-09-gnss_raw.txt,2436,443103.000,BDS,6,69.0,38.0,33.0,是
0703002-0918-11-09-gnss_raw.txt,2436,443103.000,BDS,7,58.0,188.0,32.0,是
0703002-0918-11-09-gnss_raw.txt,2436,443103.000,BDS,10,48.0,189.0,30.0,是
0703002-0918-11-09-gnss_raw.txt,2436,443103.000,BDS,20,58.0,27.0,34.0,是
0703002-0918-11-09-gnss_raw.txt,2436,443103.000,BDS,29,21.0,231.0,21.0,是
0703002-0918-11-09-gnss_raw.txt,2436,443103.000,BDS,35,17.0,286.0,22.0,是
0703002-0918-11-09-gnss_raw.txt,2436,443103.000,BDS,37,46.0,78.0,32.0,是
0703002-0918-11-09-gnss_raw.txt,2436,443104.000,GPS,13,27.0,135.0,28.0,是
0703002-0918-11-09-gnss_raw.txt,2436,443104.000,GPS,15,0.0,0.0,28.0,是
0703002-0918-11-09-gnss_raw.txt,2436,443104.000,GPS,18,46.0,215.0,33.0,是
0703002-0918-11-09-gnss_raw.txt,2436,443104.000,GPS,20,0.0,0.0,28.0,是
0703002-0918-11-09-gnss_raw.txt,2436,443104.000,GPS,24,66.0,46.0,35.0,是
0703002-0918-11-09-gnss_raw.txt,2436,443104.000,GPS,32,0.0,0.0,24.0,是
0703002-0918-11-09-gnss_raw.txt,2436,443104.000,GLONASS,68,20.0,67.0,34.0,是
0703002-0918-11-09-gnss_raw.txt,2436,443104.000,GLONASS,69,45.0,14.0,23.0,是
0703002-0918-11-09-gnss_raw.txt,2436,443104.000,GLONASS,79,47.0,95.0,26.0,是
0703002-0918-11-09-gnss_raw.txt,2436,443104.000,GLONASS,80,25.0,160.0,32.0,是
0703002-0918-11-09-gnss_raw.txt,2436,443104.000,GLONASS,84,37.0,241.0,34.0,是
0703002-0918-11-09-gnss_raw.txt,2436,443104.000,GLONASS,85,0.0,0.0,28.0,是
0703002-0918-11-09-gnss_raw.txt,2436,443104.000,Galileo,13,0.0,0.0,35.0,是
0703002-0918-11-09-gnss_raw.txt,2436,443104.000,Galileo,26,61.0,272.0,31.0,是
0703002-0918-11-09-gnss_raw.txt,2436,443104.000,Galileo,29,33.0,270.0,30.0,是
0703002-0918-11-09-gnss_raw.txt,2436,443104.000,QZSS,3,43.0,168.0,32.0,是
0703002-0918-11-09-gnss_raw.txt,2436,443104.000,QZSS,7,53.0,169.0,28.0,是
0703002-0918-11-09-gnss_raw.txt,2436,443104.000,BDS,1,48.0,147.0,31.0,是
0703002-0918-11-09-gnss_raw.txt,2436,443104.000,BDS,2,0.0,0.0,25.0,是
0703002-0918-11-09-gnss_raw.txt,2436,443104.000,BDS,3,0.0,0.0,31.0,是
0703002-0918-11-09-gnss_raw.txt,2436,443104.000,BDS,4,37.0,120.0,24.0,是
0703002-0918-11-09-gnss_raw.txt,2436,443104.000,BDS,6,69.0,38.0,32.0,是
0703002-0918-11-09-gnss_raw.txt,2436,443104.000,BDS,7,58.0,188.0,32.0,是
0703002-0918-11-09-gnss_raw.txt,2436,443104.000,BDS,10,48.0,189.0,31.0,是
0703002-0918-11-09-gnss_raw.txt,2436,443104.000,BDS,20,58.0,27.0,34.0,是
0703002-0918-11-09-gnss_raw.txt,2436,443104.000,BDS,29,21.0,231.0,24.0,是
0703002-0918-11-09-gnss_raw.txt,2436,443104.000,BDS,35,17.0,286.0,26.0,是
0703002-0918-11-09-gnss_raw.txt,2436,443104.000,BDS,37,46.0,78.0,32.0,是
0703002-0918-11-09-gnss_raw.txt,2436,443105.000,GPS,13,27.0,135.0,30.0,是
0703002-0918-11-09-gnss_raw.txt,2436,443105.000,GPS,15,0.0,0.0,28.0,是
0703002-0918-11-09-gnss_raw.txt,2436,443105.000,GPS,18,46.0,215.0,32.0,是
0703002-0918-11-09-gnss_raw.txt,2436,443105.000,GPS,20,0.0,0.0,28.0,是
0703002-0918-11-09-gnss_raw.txt,2436,443105.000,GPS,24,66.0,46.0,35.0,是
0703002-0918-11-09-gnss_raw.txt,2436,443105.000,GPS,32,0.0,0.0,27.0,是
0703002-0918-11-09-gnss_raw.txt,2436,443105.000,GLONASS,68,20.0,67.0,35.0,是
0703002-0918-11-09-gnss_raw.txt,2436,443105.000,GLONASS,69,0.0,0.0,19.0,是
0703002-0918-11-09-gnss_raw.txt,2436,443105.000,GLONASS,79,47.0,94.0,26.0,是
0703002-0918-11-09-gnss_raw.txt,2436,443105.000,GLONASS,80,25.0,160.0,33.0,是
0703002-0918-11-09-gnss_raw.txt,2436,443105.000,GLONASS,84,37.0,241.0,34.0,是
0703002-0918-11-09-gnss_raw.txt,2436,443105.000,GLONASS,85,0.0,0.0,25.0,是
0703002-0918-11-09-gnss_raw.txt,2436,443105.000,Galileo,13,0.0,0.0,33.0,是
0703002-0918-11-09-gnss_raw.txt,2436,443105.000,Galileo,26,61.0,272.0,34.0,是
0703002-0918-11-09-gnss_raw.txt,2436,443105.000,Galileo,29,33.0,270.0,32.0,是
0703002-0918-11-09-gnss_raw.txt,2436,443105.000,QZSS,3,43.0,168.0,33.0,是
0703002-0918-11-09-gnss_raw.txt,2436,443105.000,QZSS,7,53.0,169.0,28.0,是
0703002-0918-11-09-gnss_raw.txt,2436,443105.000,BDS,1,48.0,147.0,33.0,是
0703002-0918-11-09-gnss_raw.txt,2436,443105.000,BDS,2,0.0,0.0,27.0,是
0703002-0918-11-09-gnss_raw.txt,2436,443105.000,BDS,3,0.0,0.0,32.0,是
0703002-0918-11-09-gnss_raw.txt,2436,443105.000,BDS,4,37.0,120.0,34.0,是
0703002-0918-11-09-gnss_raw.txt,2436,443105.000,BDS,6,69.0,38.0,33.0,是
0703002-0918-11-09-gnss_raw.txt,2436,443105.000,BDS,7,58.0,188.0,30.0,是
0703002-0918-11-09-gnss_raw.txt,2436,443105.000,BDS,10,48.0,189.0,31.0,是
0703002-0918-11-09-gnss_raw.txt,2436,443105.000,BDS,20,58.0,27.0,34.0,是
0703002-0918-11-09-gnss_raw.txt,2436,443105.000,BDS,29,21.0,231.0,25.0,是
0703002-0918-11-09-gnss_raw.txt,2436,443105.000,BDS,35,17.0,286.0,27.0,是
0703002-0918-11-09-gnss_raw.txt,2436,443105.000,BDS,37,46.0,78.0,32.0,是
0703002-0918-11-09-gnss_raw.txt,2436,443106.000,GPS,13,27.0,135.0,31.0,是
0703002-0918-11-09-gnss_raw.txt,2436,443106.000,GPS,15,0.0,0.0,28.0,是
0703002-0918-11-09-gnss_raw.txt,2436,443106.000,GPS,18,46.0,215.0,32.0,是
0703002-0918-11-09-gnss_raw.txt,2436,443106.000,GPS,20,0.0,0.0,26.0,是
0703002-0918-11-09-gnss_raw.txt,2436,443106.000,GPS,24,66.0,46.0,36.0,是
0703002-0918-11-09-gnss_raw.txt,2436,443106.000,GPS,32,0.0,0.0,30.0,是
0703002-0918-11-09-gnss_raw.txt,2436,443106.000,GLONASS,68,20.0,67.0,35.0,是
0703002-0918-11-09-gnss_raw.txt,2436,443106.000,GLONASS,69,0.0,0.0,22.0,是
0703002-0918-11-09-gnss_raw.txt,2436,443106.000,GLONASS,79,47.0,94.0,25.0,是
0703002-0918-11-09-gnss_raw.txt,2436,443106.000,GLONASS,80,25.0,160.0,33.0,是
0703002-0918-11-09-gnss_raw.txt,2436,443106.000,GLONASS,84,37.0,241.0,34.0,是
0703002-0918-11-09-gnss_raw.txt,2436,443106.000,GLONASS,85,0.0,0.0,24.0,是
0703002-0918-11-09-gnss_raw.txt,2436,443106.000,Galileo,2,0.0,0.0,37.0,是
0703002-0918-11-09-gnss_raw.txt,2436,443106.000,Galileo,13,0.0,0.0,33.0,是
0703002-0918-11-09-gnss_raw.txt,2436,443106.000,Galileo,26,61.0,272.0,32.0,是
0703002-0918-11-09-gnss_raw.txt,2436,443106.000,Galileo,29,33.0,270.0,37.0,是
0703002-0918-11-09-gnss_raw.txt,2436,443106.000,QZSS,3,43.0,168.0,32.0,是
0703002-0918-11-09-gnss_raw.txt,2436,443106.000,QZSS,7,53.0,169.0,27.0,是
0703002-0918-11-09-gnss_raw.txt,2436,443106.000,BDS,1,48.0,147.0,33.0,是
0703002-0918-11-09-gnss_raw.txt,2436,443106.000,BDS,2,0.0,0.0,39.0,是
0703002-0918-11-09-gnss_raw.txt,2436,443106.000,BDS,3,0.0,0.0,31.0,是
0703002-0918-11-09-gnss_raw.txt,2436,443106.000,BDS,4,37.0,120.0,28.0,是
0703002-0918-11-09-gnss_raw.txt,2436,443106.000,BDS,6,69.0,38.0,33.0,是
0703002-0918-11-09-gnss_raw.txt,2436,443106.000,BDS,7,58.0,188.0,31.0,是
0703002-0918-11-09-gnss_raw.txt,2436,443106.000,BDS,10,48.0,189.0,32.0,是
0703002-0918-11-09-gnss_raw.txt,2436,443106.000,BDS,20,58.0,27.0,34.0,是
0703002-0918-11-09-gnss_raw.txt,2436,443106.000,BDS,29,21.0,231.0,24.0,是
0703002-0918-11-09-gnss_raw.txt,2436,443106.000,BDS,35,17.0,286.0,27.0,是
0703002-0918-11-09-gnss_raw.txt,2436,443106.000,BDS,37,46.0,78.0,32.0,是
0703002-0918-11-09-gnss_raw.txt,2436,443107.000,GPS,13,27.0,135.0,31.0,是
0703002-0918-11-09-gnss_raw.txt,2436,443107.000,GPS,15,0.0,0.0,28.0,是
0703002-0918-11-09-gnss_raw.txt,2436,443107.000,GPS,18,46.0,215.0,32.0,是
0703002-0918-11-09-gnss_raw.txt,2436,443107.000,GPS,20,0.0,0.0,26.0,是
0703002-0918-11-09-gnss_raw.txt,2436,443107.000,GPS,24,66.0,46.0,36.0,是
0703002-0918-11-09-gnss_raw.txt,2436,443107.000,GPS,32,0.0,0.0,31.0,是
0703002-0918-11-09-gnss_raw.txt,2436,443107.000,GLONASS,68,20.0,67.0,35.0,是
0703002-0918-11-09-gnss_raw.txt,2436,443107.000,GLONASS,69,0.0,0.0,21.0,是
0703002-0918-11-09-gnss_raw.txt,2436,443107.000,GLONASS,79,47.0,94.0,23.0,是
0703002-0918-11-09-gnss_raw.txt,2436,443107.000,GLONASS,80,25.0,160.0,33.0,是
0703002-0918-11-09-gnss_raw.txt,2436,443107.000,GLONASS,84,37.0,241.0,33.0,是
0703002-0918-11-09-gnss_raw.txt,2436,443107.000,GLONASS,85,0.0,0.0,24.0,是
0703002-0918-11-09-gnss_raw.txt,2436,443107.000,Galileo,2,0.0,0.0,30.0,是
0703002-0918-11-09-gnss_raw.txt,2436,443107.000,Galileo,13,0.0,0.0,34.0,是
0703002-0918-11-09-gnss_raw.txt,2436,443107.000,Galileo,26,61.0,272.0,32.0,是
0703002-0918-11-09-gnss_raw.txt,2436,443107.000,Galileo,29,33.0,270.0,36.0,是
0703002-0918-11-09-gnss_raw.txt,2436,443107.000,QZSS,3,43.0,168.0,32.0,是
0703002-0918-11-09-gnss_raw.txt,2436,443107.000,QZSS,7,53.0,169.0,27.0,是
0703002-0918-11-09-gnss_raw.txt,2436,443107.000,BDS,1,48.0,147.0,33.0,是
0703002-0918-11-09-gnss_raw.txt,2436,443107.000,BDS,2,0.0,0.0,39.0,是
0703002-0918-11-09-gnss_raw.txt,2436,443107.000,BDS,3,0.0,0.0,31.0,是
0703002-0918-11-09-gnss_raw.txt,2436,443107.000,BDS,4,37.0,120.0,28.0,是
0703002-0918-11-09-gnss_raw.txt,2436,443107.000,BDS,6,69.0,38.0,33.0,是
0703002-0918-11-09-gnss_raw.txt,2436,443107.000,BDS,7,58.0,188.0,32.0,是
0703002-0918-11-09-gnss_raw.txt,2436,443107.000,BDS,10,48.0,189.0,32.0,是
0703002-0918-11-09-gnss_raw.txt,2436,443107.000,BDS,20,58.0,27.0,34.0,是
0703002-0918-11-09-gnss_raw.txt,2436,443107.000,BDS,29,21.0,231.0,24.0,是
0703002-0918-11-09-gnss_raw.txt,2436,443107.000,BDS,35,17.0,286.0,26.0,是
0703002-0918-11-09-gnss_raw.txt,2436,443107.000,BDS,37,46.0,78.0,32.0,是
0703002-0918-11-09-gnss_raw.txt,2436,443108.000,GPS,13,27.0,135.0,29.0,是
0703002-0918-11-09-gnss_raw.txt,2436,443108.000,GPS,15,0.0,0.0,27.0,是
0703002-0918-11-09-gnss_raw.txt,2436,443108.000,GPS,18,46.0,215.0,31.0,是
0703002-0918-11-09-gnss_raw.txt,2436,443108.000,GPS,20,0.0,0.0,27.0,是
0703002-0918-11-09-gnss_raw.txt,2436,443108.000,GPS,24,66.0,46.0,36.0,是
0703002-0918-11-09-gnss_raw.txt,2436,443108.000,GPS,32,0.0,0.0,31.0,是
0703002-0918-11-09-gnss_raw.txt,2436,443108.000,GLONASS,68,20.0,67.0,36.0,是
0703002-0918-11-09-gnss_raw.txt,2436,443108.000,GLONASS,69,0.0,0.0,19.0,是
0703002-0918-11-09-gnss_raw.txt,2436,443108.000,GLONASS,79,47.0,94.0,20.0,是
0703002-0918-11-09-gnss_raw.txt,2436,443108.000,GLONASS,80,25.0,160.0,33.0,是
0703002-0918-11-09-gnss_raw.txt,2436,443108.000,GLONASS,84,37.0,241.0,34.0,是
0703002-0918-11-09-gnss_raw.txt,2436,443108.000,GLONASS,85,0.0,0.0,27.0,是
0703002-0918-11-09-gnss_raw.txt,2436,443108.000,Galileo,2,0.0,0.0,27.0,是
0703002-0918-11-09-gnss_raw.txt,2436,443108.000,Galileo,13,0.0,0.0,34.0,是
0703002-0918-11-09-gnss_raw.txt,2436,443108.000,Galileo,26,61.0,272.0,32.0,是
0703002-0918-11-09-gnss_raw.txt,2436,443108.000,Galileo,29,33.0,270.0,33.0,是
0703002-0918-11-09-gnss_raw.txt,2436,443108.000,QZSS,3,43.0,168.0,32.0,是
0703002-0918-11-09-gnss_raw.txt,2436,443108.000,QZSS,7,53.0,169.0,28.0,是
0703002-0918-11-09-gnss_raw.txt,2436,443108.000,BDS,1,48.0,147.0,29.0,是
0703002-0918-11-09-gnss_raw.txt,2436,443108.000,BDS,2,0.0,0.0,39.0,是
0703002-0918-11-09-gnss_raw.txt,2436,443108.000,BDS,3,0.0,0.0,29.0,是
0703002-0918-11-09-gnss_raw.txt,2436,443108.000,BDS,4,37.0,120.0,26.0,是
0703002-0918-11-09-gnss_raw.txt,2436,443108.000,BDS,6,69.0,38.0,33.0,是
0703002-0918-11-09-gnss_raw.txt,2436,443108.000,BDS,7,58.0,188.0,32.0,是
0703002-0918-11-09-gnss_raw.txt,2436,443108.000,BDS,10,48.0,189.0,32.0,是
0703002-0918-11-09-gnss_raw.txt,2436,443108.000,BDS,20,58.0,27.0,34.0,是
0703002-0918-11-09-gnss_raw.txt,2436,443108.000,BDS,29,21.0,231.0,26.0,是
0703002-0918-11-09-gnss_raw.txt,2436,443108.000,BDS,35,17.0,286.0,26.0,是
0703002-0918-11-09-gnss_raw.txt,2436,443108.000,BDS,37,46.0,78.0,32.0,是
0703002-0918-11-09-gnss_raw.txt,2436,443109.000,GPS,13,27.0,135.0,26.0,是
0703002-0918-11-09-gnss_raw.txt,2436,443109.000,GPS,15,0.0,0.0,25.0,是
0703002-0918-11-09-gnss_raw.txt,2436,443109.000,GPS,18,46.0,215.0,31.0,是
0703002-0918-11-09-gnss_raw.txt,2436,443109.000,GPS,20,0.0,0.0,27.0,是
0703002-0918-11-09-gnss_raw.txt,2436,443109.000,GPS,24,66.0,46.0,36.0,是
0703002-0918-11-09-gnss_raw.txt,2436,443109.000,GPS,32,0.0,0.0,30.0,是
0703002-0918-11-09-gnss_raw.txt,2436,443109.000,GLONASS,68,20.0,67.0,35.0,是
0703002-0918-11-09-gnss_raw.txt,2436,443109.000,GLONASS,69,0.0,0.0,19.0,是
0703002-0918-11-09-gnss_raw.txt,2436,443109.000,GLONASS,79,47.0,94.0,23.0,是
0703002-0918-11-09-gnss_raw.txt,2436,443109.000,GLONASS,80,25.0,160.0,33.0,是
0703002-0918-11-09-gnss_raw.txt,2436,443109.000,GLONASS,84,37.0,241.0,34.0,是
0703002-0918-11-09-gnss_raw.txt,2436,443109.000,GLONASS,85,0.0,0.0,30.0,是
0703002-0918-11-09-gnss_raw.txt,2436,443109.000,Galileo,2,0.0,0.0,28.0,是
0703002-0918-11-09-gnss_raw.txt,2436,443109.000,Galileo,13,0.0,0.0,34.0,是
0703002-0918-11-09-gnss_raw.txt,2436,443109.000,Galileo,26,61.0,272.0,32.0,是
0703002-0918-11-09-gnss_raw.txt,2436,443109.000,Galileo,29,33.0,270.0,32.0,是
0703002-0918-11-09-gnss_raw.txt,2436,443109.000,QZSS,3,43.0,168.0,32.0,是
0703002-0918-11-09-gnss_raw.txt,2436,443109.000,QZSS,7,53.0,169.0,30.0,是
0703002-0918-11-09-gnss_raw.txt,2436,443109.000,BDS,1,48.0,147.0,30.0,是
0703002-0918-11-09-gnss_raw.txt,2436,443109.000,BDS,2,0.0,0.0,39.0,是
0703002-0918-11-09-gnss_raw.txt,2436,443109.000,BDS,3,0.0,0.0,30.0,是
0703002-0918-11-09-gnss_raw.txt,2436,443109.000,BDS,4,37.0,120.0,26.0,是
0703002-0918-11-09-gnss_raw.txt,2436,443109.000,BDS,6,69.0,38.0,33.0,是
0703002-0918-11-09-gnss_raw.txt,2436,443109.000,BDS,7,58.0,188.0,32.0,是
0703002-0918-11-09-gnss_raw.txt,2436,443109.000,BDS,10,48.0,189.0,32.0,是
0703002-0918-11-09-gnss_raw.txt,2436,443109.000,BDS,20,58.0,27.0,34.0,是
0703002-0918-11-09-gnss_raw.txt,2436,443109.000,BDS,29,21.0,231.0,28.0,是
0703002-0918-11-09-gnss_raw.txt,2436,443109.000,BDS,35,17.0,286.0,26.0,是
0703002-0918-11-09-gnss_raw.txt,2436,443109.000,BDS,37,46.0,78.0,32.0,是
0703002-0918-11-09-gnss_raw.txt,2436,443110.000,GPS,13,27.0,135.0,27.0,是
0703002-0918-11-09-gnss_raw.txt,2436,443110.000,GPS,15,0.0,0.0,24.0,是
0703002-0918-11-09-gnss_raw.txt,2436,443110.000,GPS,18,46.0,215.0,32.0,是
0703002-0918-11-09-gnss_raw.txt,2436,443110.000,GPS,20,0.0,0.0,29.0,是
0703002-0918-11-09-gnss_raw.txt,2436,443110.000,GPS,24,66.0,46.0,35.0,是
0703002-0918-11-09-gnss_raw.txt,2436,443110.000,GPS,32,0.0,0.0,25.0,是
0703002-0918-11-09-gnss_raw.txt,2436,443110.000,GLONASS,68,20.0,67.0,32.0,是
0703002-0918-11-09-gnss_raw.txt,2436,443110.000,GLONASS,69,0.0,0.0,22.0,是
0703002-0918-11-09-gnss_raw.txt,2436,443110.000,GLONASS,79,47.0,94.0,26.0,是
0703002-0918-11-09-gnss_raw.txt,2436,443110.000,GLONASS,80,25.0,160.0,33.0,是
0703002-0918-11-09-gnss_raw.txt,2436,443110.000,GLONASS,84,37.0,241.0,29.0,是
0703002-0918-11-09-gnss_raw.txt,2436,443110.000,GLONASS,85,0.0,0.0,31.0,是
0703002-0918-11-09-gnss_raw.txt,2436,443110.000,Galileo,13,0.0,0.0,34.0,是
0703002-0918-11-09-gnss_raw.txt,2436,443110.000,Galileo,26,61.0,272.0,30.0,是
0703002-0918-11-09-gnss_raw.txt,2436,443110.000,Galileo,29,33.0,270.0,27.0,是
0703002-0918-11-09-gnss_raw.txt,2436,443110.000,QZSS,3,43.0,168.0,32.0,是
0703002-0918-11-09-gnss_raw.txt,2436,443110.000,QZSS,7,53.0,169.0,29.0,是
0703002-0918-11-09-gnss_raw.txt,2436,443110.000,BDS,1,48.0,147.0,30.0,是
0703002-0918-11-09-gnss_raw.txt,2436,443110.000,BDS,2,0.0,0.0,36.0,是
0703002-0918-11-09-gnss_raw.txt,2436,443110.000,BDS,3,0.0,0.0,25.0,是
0703002-0918-11-09-gnss_raw.txt,2436,443110.000,BDS,4,37.0,120.0,29.0,是
0703002-0918-11-09-gnss_raw.txt,2436,443110.000,BDS,6,69.0,38.0,33.0,是
0703002-0918-11-09-gnss_raw.txt,2436,443110.000,BDS,7,58.0,188.0,31.0,是
0703002-0918-11-09-gnss_raw.txt,2436,443110.000,BDS,10,48.0,189.0,30.0,是
0703002-0918-11-09-gnss_raw.txt,2436,443110.000,BDS,20,58.0,27.0,33.0,是
0703002-0918-11-09-gnss_raw.txt,2436,443110.000,BDS,29,21.0,231.0,28.0,是
0703002-0918-11-09-gnss_raw.txt,2436,443110.000,BDS,35,17.0,286.0,25.0,是
0703002-0918-11-09-gnss_raw.txt,2436,443110.000,BDS,37,46.0,78.0,32.0,是
0703002-0918-11-09-gnss_raw.txt,2436,443111.000,GPS,13,27.0,135.0,23.0,是
0703002-0918-11-09-gnss_raw.txt,2436,443111.000,GPS,15,0.0,0.0,20.0,是
0703002-0918-11-09-gnss_raw.txt,2436,443111.000,GPS,18,46.0,215.0,32.0,是
0703002-0918-11-09-gnss_raw.txt,2436,443111.000,GPS,20,0.0,0.0,31.0,是
0703002-0918-11-09-gnss_raw.txt,2436,443111.000,GPS,24,66.0,46.0,35.0,是
0703002-0918-11-09-gnss_raw.txt,2436,443111.000,GPS,32,0.0,0.0,22.0,是
0703002-0918-11-09-gnss_raw.txt,2436,443111.000,GLONASS,68,20.0,68.0,31.0,是
0703002-0918-11-09-gnss_raw.txt,2436,443111.000,GLONASS,69,0.0,0.0,23.0,是
0703002-0918-11-09-gnss_raw.txt,2436,443111.000,GLONASS,79,47.0,94.0,23.0,是
0703002-0918-11-09-gnss_raw.txt,2436,443111.000,GLONASS,80,25.0,160.0,32.0,是
0703002-0918-11-09-gnss_raw.txt,2436,443111.000,GLONASS,84,37.0,241.0,28.0,是
0703002-0918-11-09-gnss_raw.txt,2436,443111.000,GLONASS,85,0.0,0.0,34.0,是
0703002-0918-11-09-gnss_raw.txt,2436,443111.000,Galileo,13,0.0,0.0,35.0,是
0703002-0918-11-09-gnss_raw.txt,2436,443111.000,Galileo,26,61.0,272.0,31.0,是
0703002-0918-11-09-gnss_raw.txt,2436,443111.000,Galileo,29,33.0,270.0,27.0,是
0703002-0918-11-09-gnss_raw.txt,2436,443111.000,QZSS,3,43.0,168.0,32.0,是
0703002-0918-11-09-gnss_raw.txt,2436,443111.000,QZSS,7,53.0,169.0,25.0,是
0703002-0918-11-09-gnss_raw.txt,2436,443111.000,BDS,1,48.0,147.0,31.0,是
0703002-0918-11-09-gnss_raw.txt,2436,443111.000,BDS,2,0.0,0.0,37.0,是
0703002-0918-11-09-gnss_raw.txt,2436,443111.000,BDS,3,0.0,0.0,27.0,是
0703002-0918-11-09-gnss_raw.txt,2436,443111.000,BDS,4,37.0,120.0,28.0,是
0703002-0918-11-09-gnss_raw.txt,2436,443111.000,BDS,6,69.0,38.0,33.0,是
0703002-0918-11-09-gnss_raw.txt,2436,443111.000,BDS,7,58.0,188.0,31.0,是
0703002-0918-11-09-gnss_raw.txt,2436,443111.000,BDS,10,48.0,189.0,25.0,是
0703002-0918-11-09-gnss_raw.txt,2436,443111.000,BDS,20,58.0,27.0,34.0,是
0703002-0918-11-09-gnss_raw.txt,2436,443111.000,BDS,29,21.0,231.0,27.0,是
0703002-0918-11-09-gnss_raw.txt,2436,443111.000,BDS,32,0.0,0.0,26.0,是
0703002-0918-11-09-gnss_raw.txt,2436,443111.000,BDS,35,17.0,286.0,26.0,是
0703002-0918-11-09-gnss_raw.txt,2436,443111.000,BDS,37,46.0,78.0,32.0,是
0703002-0918-11-09-gnss_raw.txt,2436,443112.000,GPS,13,27.0,135.0,20.0,是
0703002-0918-11-09-gnss_raw.txt,2436,443112.000,GPS,15,0.0,0.0,18.0,是
0703002-0918-11-09-gnss_raw.txt,2436,443112.000,GPS,18,46.0,215.0,32.0,是
0703002-0918-11-09-gnss_raw.txt,2436,443112.000,GPS,20,0.0,0.0,32.0,是
0703002-0918-11-09-gnss_raw.txt,2436,443112.000,GPS,24,66.0,46.0,35.0,是
0703002-0918-11-09-gnss_raw.txt,2436,443112.000,GPS,32,0.0,0.0,24.0,是
0703002-0918-11-09-gnss_raw.txt,2436,443112.000,GLONASS,68,20.0,68.0,31.0,是
0703002-0918-11-09-gnss_raw.txt,2436,443112.000,GLONASS,69,0.0,0.0,21.0,是
0703002-0918-11-09-gnss_raw.txt,2436,443112.000,GLONASS,79,47.0,94.0,24.0,是
0703002-0918-11-09-gnss_raw.txt,2436,443112.000,GLONASS,80,25.0,160.0,35.0,是
0703002-0918-11-09-gnss_raw.txt,2436,443112.000,GLONASS,84,37.0,241.0,30.0,是
0703002-0918-11-09-gnss_raw.txt,2436,443112.000,GLONASS,85,0.0,0.0,35.0,是
0703002-0918-11-09-gnss_raw.txt,2436,443112.000,Galileo,13,0.0,0.0,32.0,是
0703002-0918-11-09-gnss_raw.txt,2436,443112.000,Galileo,26,61.0,272.0,33.0,是
0703002-0918-11-09-gnss_raw.txt,2436,443112.000,Galileo,29,33.0,270.0,28.0,是
0703002-0918-11-09-gnss_raw.txt,2436,443112.000,QZSS,3,43.0,168.0,33.0,是
0703002-0918-11-09-gnss_raw.txt,2436,443112.000,QZSS,7,53.0,169.0,25.0,是
0703002-0918-11-09-gnss_raw.txt,2436,443112.000,BDS,1,48.0,147.0,29.0,是
0703002-0918-11-09-gnss_raw.txt,2436,443112.000,BDS,2,0.0,0.0,38.0,是
0703002-0918-11-09-gnss_raw.txt,2436,443112.000,BDS,3,0.0,0.0,37.0,是
0703002-0918-11-09-gnss_raw.txt,2436,443112.000,BDS,4,37.0,120.0,28.0,是
0703002-0918-11-09-gnss_raw.txt,2436,443112.000,BDS,6,69.0,38.0,33.0,是
0703002-0918-11-09-gnss_raw.txt,2436,443112.000,BDS,7,58.0,188.0,31.0,是
0703002-0918-11-09-gnss_raw.txt,2436,443112.000,BDS,10,48.0,189.0,25.0,是
0703002-0918-11-09-gnss_raw.txt,2436,443112.000,BDS,11,0.0,0.0,29.0,是
0703002-0918-11-09-gnss_raw.txt,2436,443112.000,BDS,20,58.0,27.0,35.0,是
0703002-0918-11-09-gnss_raw.txt,2436,443112.000,BDS,29,21.0,231.0,27.0,是
0703002-0918-11-09-gnss_raw.txt,2436,443112.000,BDS,32,0.0,0.0,25.0,是
0703002-0918-11-09-gnss_raw.txt,2436,443112.000,BDS,35,17.0,286.0,27.0,是
0703002-0918-11-09-gnss_raw.txt,2436,443112.000,BDS,37,46.0,78.0,32.0,是
0703002-0918-11-09-gnss_raw.txt,2436,443113.000,GPS,13,27.0,135.0,19.0,是
0703002-0918-11-09-gnss_raw.txt,2436,443113.000,GPS,15,0.0,0.0,16.0,是
0703002-0918-11-09-gnss_raw.txt,2436,443113.000,GPS,18,46.0,215.0,32.0,是
0703002-0918-11-09-gnss_raw.txt,2436,443113.000,GPS,20,0.0,0.0,32.0,是
0703002-0918-11-09-gnss_raw.txt,2436,443113.000,GPS,24,66.0,46.0,35.0,是
0703002-0918-11-09-gnss_raw.txt,2436,443113.000,GPS,32,0.0,0.0,22.0,是
0703002-0918-11-09-gnss_raw.txt,2436,443113.000,GLONASS,68,20.0,68.0,31.0,是
0703002-0918-11-09-gnss_raw.txt,2436,443113.000,GLONASS,79,47.0,94.0,24.0,是
0703002-0918-11-09-gnss_raw.txt,2436,443113.000,GLONASS,80,25.0,160.0,35.0,是
0703002-0918-11-09-gnss_raw.txt,2436,443113.000,GLONASS,84,37.0,241.0,31.0,是
0703002-0918-11-09-gnss_raw.txt,2436,443113.000,GLONASS,85,0.0,0.0,35.0,是
0703002-0918-11-09-gnss_raw.txt,2436,443113.000,Galileo,13,0.0,0.0,31.0,是
0703002-0918-11-09-gnss_raw.txt,2436,443113.000,Galileo,26,61.0,272.0,32.0,是
0703002-0918-11-09-gnss_raw.txt,2436,443113.000,Galileo,29,33.0,270.0,29.0,是
0703002-0918-11-09-gnss_raw.txt,2436,443113.000,QZSS,3,43.0,168.0,33.0,是
0703002-0918-11-09-gnss_raw.txt,2436,443113.000,QZSS,7,53.0,169.0,25.0,是
0703002-0918-11-09-gnss_raw.txt,2436,443113.000,BDS,1,48.0,147.0,29.0,是
0703002-0918-11-09-gnss_raw.txt,2436,443113.000,BDS,2,0.0,0.0,37.0,是
0703002-0918-11-09-gnss_raw.txt,2436,443113.000,BDS,4,37.0,120.0,27.0,是
0703002-0918-11-09-gnss_raw.txt,2436,443113.000,BDS,6,69.0,38.0,33.0,是
0703002-0918-11-09-gnss_raw.txt,2436,443113.000,BDS,7,58.0,188.0,31.0,是
0703002-0918-11-09-gnss_raw.txt,2436,443113.000,BDS,10,48.0,189.0,26.0,是
0703002-0918-11-09-gnss_raw.txt,2436,443113.000,BDS,11,0.0,0.0,27.0,是
0703002-0918-11-09-gnss_raw.txt,2436,443113.000,BDS,20,58.0,27.0,34.0,是
0703002-0918-11-09-gnss_raw.txt,2436,443113.000,BDS,29,21.0,231.0,28.0,是
0703002-0918-11-09-gnss_raw.txt,2436,443113.000,BDS,32,0.0,0.0,22.0,是
0703002-0918-11-09-gnss_raw.txt,2436,443113.000,BDS,35,17.0,286.0,26.0,是
0703002-0918-11-09-gnss_raw.txt,2436,443113.000,BDS,37,46.0,78.0,32.0,是
0703002-0918-11-09-gnss_raw.txt,2436,443114.000,GPS,13,27.0,135.0,17.0,是
0703002-0918-11-09-gnss_raw.txt,2436,443114.000,GPS,15,0.0,0.0,19.0,是
0703002-0918-11-09-gnss_raw.txt,2436,443114.000,GPS,18,46.0,215.0,32.0,是
0703002-0918-11-09-gnss_raw.txt,2436,443114.000,GPS,20,0.0,0.0,32.0,是
0703002-0918-11-09-gnss_raw.txt,2436,443114.000,GPS,24,66.0,46.0,35.0,是
0703002-0918-11-09-gnss_raw.txt,2436,443114.000,GPS,32,0.0,0.0,23.0,是
0703002-0918-11-09-gnss_raw.txt,2436,443114.000,GLONASS,68,20.0,68.0,31.0,是
0703002-0918-11-09-gnss_raw.txt,2436,443114.000,GLONASS,79,47.0,94.0,23.0,是
0703002-0918-11-09-gnss_raw.txt,2436,443114.000,GLONASS,80,25.0,160.0,35.0,是
0703002-0918-11-09-gnss_raw.txt,2436,443114.000,GLONASS,84,37.0,241.0,32.0,是
0703002-0918-11-09-gnss_raw.txt,2436,443114.000,GLONASS,85,0.0,0.0,36.0,是
0703002-0918-11-09-gnss_raw.txt,2436,443114.000,Galileo,13,0.0,0.0,32.0,是
0703002-0918-11-09-gnss_raw.txt,2436,443114.000,Galileo,26,61.0,272.0,32.0,是
0703002-0918-11-09-gnss_raw.txt,2436,443114.000,Galileo,29,33.0,270.0,30.0,是
0703002-0918-11-09-gnss_raw.txt,2436,443114.000,QZSS,3,43.0,168.0,33.0,是
0703002-0918-11-09-gnss_raw.txt,2436,443114.000,QZSS,7,53.0,169.0,26.0,是
0703002-0918-11-09-gnss_raw.txt,2436,443114.000,BDS,1,48.0,147.0,28.0,是
0703002-0918-11-09-gnss_raw.txt,2436,443114.000,BDS,2,0.0,0.0,37.0,是
0703002-0918-11-09-gnss_raw.txt,2436,443114.000,BDS,4,37.0,120.0,27.0,是
0703002-0918-11-09-gnss_raw.txt,2436,443114.000,BDS,6,69.0,38.0,33.0,是
0703002-0918-11-09-gnss_raw.txt,2436,443114.000,BDS,7,58.0,188.0,31.0,是
0703002-0918-11-09-gnss_raw.txt,2436,443114.000,BDS,10,48.0,189.0,26.0,是
0703002-0918-11-09-gnss_raw.txt,2436,443114.000,BDS,11,0.0,0.0,27.0,是
0703002-0918-11-09-gnss_raw.txt,2436,443114.000,BDS,20,58.0,27.0,34.0,是
0703002-0918-11-09-gnss_raw.txt,2436,443114.000,BDS,29,21.0,231.0,27.0,是
0703002-0918-11-09-gnss_raw.txt,2436,443114.000,BDS,32,0.0,0.0,22.0,是
0703002-0918-11-09-gnss_raw.txt,2436,443114.000,BDS,35,17.0,286.0,24.0,是
0703002-0918-11-09-gnss_raw.txt,2436,443114.000,BDS,37,46.0,78.0,32.0,是
0703002-0918-11-09-gnss_raw.txt,2436,443115.000,GPS,13,27.0,135.0,27.0,是
0703002-0918-11-09-gnss_raw.txt,2436,443115.000,GPS,15,0.0,0.0,20.0,是
0703002-0918-11-09-gnss_raw.txt,2436,443115.000,GPS,18,46.0,215.0,32.0,是
0703002-0918-11-09-gnss_raw.txt,2436,443115.000,GPS,20,0.0,0.0,32.0,是
0703002-0918-11-09-gnss_raw.txt,2436,443115.000,GPS,24,66.0,46.0,35.0,是
0703002-0918-11-09-gnss_raw.txt,2436,443115.000,GPS,32,0.0,0.0,24.0,是
0703002-0918-11-09-gnss_raw.txt,2436,443115.000,GLONASS,68,20.0,68.0,32.0,是
0703002-0918-11-09-gnss_raw.txt,2436,443115.000,GLONASS,79,47.0,94.0,24.0,是
0703002-0918-11-09-gnss_raw.txt,2436,443115.000,GLONASS,80,25.0,160.0,35.0,是
0703002-0918-11-09-gnss_raw.txt,2436,443115.000,GLONASS,84,37.0,241.0,32.0,是
0703002-0918-11-09-gnss_raw.txt,2436,443115.000,GLONASS,85,0.0,0.0,36.0,是
0703002-0918-11-09-gnss_raw.txt,2436,443115.000,Galileo,13,0.0,0.0,30.0,是
0703002-0918-11-09-gnss_raw.txt,2436,443115.000,Galileo,26,61.0,272.0,32.0,是
0703002-0918-11-09-gnss_raw.txt,2436,443115.000,Galileo,29,33.0,270.0,29.0,是
0703002-0918-11-09-gnss_raw.txt,2436,443115.000,QZSS,3,43.0,168.0,33.0,是
0703002-0918-11-09-gnss_raw.txt,2436,443115.000,QZSS,7,53.0,169.0,27.0,是
0703002-0918-11-09-gnss_raw.txt,2436,443115.000,BDS,1,48.0,147.0,28.0,是
0703002-0918-11-09-gnss_raw.txt,2436,443115.000,BDS,2,0.0,0.0,37.0,是
0703002-0918-11-09-gnss_raw.txt,2436,443115.000,BDS,4,37.0,120.0,29.0,是
0703002-0918-11-09-gnss_raw.txt,2436,443115.000,BDS,6,69.0,38.0,32.0,是
0703002-0918-11-09-gnss_raw.txt,2436,443115.000,BDS,7,58.0,188.0,31.0,是
0703002-0918-11-09-gnss_raw.txt,2436,443115.000,BDS,10,48.0,189.0,25.0,是
0703002-0918-11-09-gnss_raw.txt,2436,443115.000,BDS,11,0.0,0.0,27.0,是
0703002-0918-11-09-gnss_raw.txt,2436,443115.000,BDS,20,58.0,27.0,34.0,是
0703002-0918-11-09-gnss_raw.txt,2436,443115.000,BDS,29,21.0,231.0,27.0,是
0703002-0918-11-09-gnss_raw.txt,2436,443115.000,BDS,32,0.0,0.0,22.0,是
0703002-0918-11-09-gnss_raw.txt,2436,443115.000,BDS,35,17.0,286.0,25.0,是
0703002-0918-11-09-gnss_raw.txt,2436,443115.000,BDS,37,46.0,78.0,32.0,是
0703002-0918-11-09-gnss_raw.txt,2436,443116.000,GPS,13,27.0,135.0,26.0,是
0703002-0918-11-09-gnss_raw.txt,2436,443116.000,GPS,15,0.0,0.0,20.0,是
0703002-0918-11-09-gnss_raw.txt,2436,443116.000,GPS,18,46.0,215.0,32.0,是
0703002-0918-11-09-gnss_raw.txt,2436,443116.000,GPS,20,0.0,0.0,32.0,是
0703002-0918-11-09-gnss_raw.txt,2436,443116.000,GPS,24,66.0,46.0,35.0,是
0703002-0918-11-09-gnss_raw.txt,2436,443116.000,GPS,32,0.0,0.0,24.0,是
0703002-0918-11-09-gnss_raw.txt,2436,443116.000,GLONASS,68,20.0,68.0,33.0,是
0703002-0918-11-09-gnss_raw.txt,2436,443116.000,GLONASS,79,47.0,94.0,23.0,是
0703002-0918-11-09-gnss_raw.txt,2436,443116.000,GLONASS,80,25.0,160.0,35.0,是
0703002-0918-11-09-gnss_raw.txt,2436,443116.000,GLONASS,84,37.0,241.0,31.0,是
0703002-0918-11-09-gnss_raw.txt,2436,443116.000,GLONASS,85,0.0,0.0,35.0,是
0703002-0918-11-09-gnss_raw.txt,2436,443116.000,Galileo,13,0.0,0.0,31.0,是
0703002-0918-11-09-gnss_raw.txt,2436,443116.000,Galileo,26,61.0,272.0,31.0,是
0703002-0918-11-09-gnss_raw.txt,2436,443116.000,Galileo,29,33.0,270.0,29.0,是
0703002-0918-11-09-gnss_raw.txt,2436,443116.000,QZSS,3,43.0,168.0,32.0,是
0703002-0918-11-09-gnss_raw.txt,2436,443116.000,QZSS,7,53.0,169.0,27.0,是
0703002-0918-11-09-gnss_raw.txt,2436,443116.000,BDS,1,48.0,147.0,29.0,是
0703002-0918-11-09-gnss_raw.txt,2436,443116.000,BDS,4,37.0,120.0,27.0,是
0703002-0918-11-09-gnss_raw.txt,2436,443116.000,BDS,6,69.0,38.0,33.0,是
0703002-0918-11-09-gnss_raw.txt,2436,443116.000,BDS,7,58.0,188.0,31.0,是
0703002-0918-11-09-gnss_raw.txt,2436,443116.000,BDS,10,48.0,189.0,25.0,是
0703002-0918-11-09-gnss_raw.txt,2436,443116.000,BDS,11,0.0,0.0,26.0,是
0703002-0918-11-09-gnss_raw.txt,2436,443116.000,BDS,20,58.0,27.0,34.0,是
0703002-0918-11-09-gnss_raw.txt,2436,443116.000,BDS,29,21.0,231.0,27.0,是
0703002-0918-11-09-gnss_raw.txt,2436,443116.000,BDS,32,0.0,0.0,23.0,是
0703002-0918-11-09-gnss_raw.txt,2436,443116.000,BDS,35,17.0,286.0,26.0,是
0703002-0918-11-09-gnss_raw.txt,2436,443116.000,BDS,37,46.0,78.0,32.0,是
0703002-0918-11-09-gnss_raw.txt,2436,443117.000,GPS,13,27.0,135.0,26.0,是
0703002-0918-11-09-gnss_raw.txt,2436,443117.000,GPS,18,46.0,215.0,32.0,是
0703002-0918-11-09-gnss_raw.txt,2436,443117.000,GPS,20,0.0,0.0,32.0,是
0703002-0918-11-09-gnss_raw.txt,2436,443117.000,GPS,24,66.0,46.0,35.0,是
0703002-0918-11-09-gnss_raw.txt,2436,443117.000,GPS,32,0.0,0.0,24.0,是
0703002-0918-11-09-gnss_raw.txt,2436,443117.000,GLONASS,68,20.0,68.0,33.0,是
0703002-0918-11-09-gnss_raw.txt,2436,443117.000,GLONASS,79,47.0,94.0,24.0,是
0703002-0918-11-09-gnss_raw.txt,2436,443117.000,GLONASS,80,25.0,160.0,36.0,是
0703002-0918-11-09-gnss_raw.txt,2436,443117.000,GLONASS,84,37.0,241.0,31.0,是
0703002-0918-11-09-gnss_raw.txt,2436,443117.000,GLONASS,85,0.0,0.0,35.0,是
0703002-0918-11-09-gnss_raw.txt,2436,443117.000,Galileo,13,0.0,0.0,30.0,是
0703002-0918-11-09-gnss_raw.txt,2436,443117.000,Galileo,26,60.0,272.0,31.0,是
0703002-0918-11-09-gnss_raw.txt,2436,443117.000,Galileo,29,33.0,270.0,28.0,是
0703002-0918-11-09-gnss_raw.txt,2436,443117.000,QZSS,3,43.0,168.0,33.0,是
0703002-0918-11-09-gnss_raw.txt,2436,443117.000,QZSS,7,53.0,169.0,27.0,是
0703002-0918-11-09-gnss_raw.txt,2436,443117.000,BDS,1,48.0,147.0,27.0,是
0703002-0918-11-09-gnss_raw.txt,2436,443117.000,BDS,4,37.0,120.0,28.0,是
0703002-0918-11-09-gnss_raw.txt,2436,443117.000,BDS,6,69.0,38.0,33.0,是
0703002-0918-11-09-gnss_raw.txt,2436,443117.000,BDS,7,58.0,188.0,32.0,是
0703002-0918-11-09-gnss_raw.txt,2436,443117.000,BDS,10,48.0,189.0,25.0,是
0703002-0918-11-09-gnss_raw.txt,2436,443117.000,BDS,11,0.0,0.0,26.0,是
0703002-0918-11-09-gnss_raw.txt,2436,443117.000,BDS,20,58.0,27.0,34.0,是
0703002-0918-11-09-gnss_raw.txt,2436,443117.000,BDS,29,21.0,231.0,27.0,是
0703002-0918-11-09-gnss_raw.txt,2436,443117.000,BDS,32,0.0,0.0,23.0,是
0703002-0918-11-09-gnss_raw.txt,2436,443117.000,BDS,35,17.0,286.0,26.0,是
0703002-0918-11-09-gnss_raw.txt,2436,443117.000,BDS,37,46.0,78.0,32.0,是
0703002-0918-11-09-gnss_raw.txt,2436,443118.000,GPS,13,27.0,135.0,26.0,是
0703002-0918-11-09-gnss_raw.txt,2436,443118.000,GPS,18,46.0,215.0,32.0,是
0703002-0918-11-09-gnss_raw.txt,2436,443118.000,GPS,20,0.0,0.0,32.0,是
0703002-0918-11-09-gnss_raw.txt,2436,443118.000,GPS,24,66.0,46.0,35.0,是
0703002-0918-11-09-gnss_raw.txt,2436,443118.000,GPS,32,0.0,0.0,23.0,是
0703002-0918-11-09-gnss_raw.txt,2436,443118.000,GLONASS,68,20.0,68.0,32.0,是
0703002-0918-11-09-gnss_raw.txt,2436,443118.000,GLONASS,79,47.0,94.0,23.0,是
0703002-0918-11-09-gnss_raw.txt,2436,443118.000,GLONASS,80,25.0,160.0,35.0,是
0703002-0918-11-09-gnss_raw.txt,2436,443118.000,GLONASS,84,37.0,241.0,32.0,是
0703002-0918-11-09-gnss_raw.txt,2436,443118.000,GLONASS,85,0.0,0.0,34.0,是
0703002-0918-11-09-gnss_raw.txt,2436,443118.000,Galileo,13,0.0,0.0,28.0,是
0703002-0918-11-09-gnss_raw.txt,2436,443118.000,Galileo,26,60.0,272.0,31.0,是
0703002-0918-11-09-gnss_raw.txt,2436,443118.000,Galileo,29,33.0,270.0,29.0,是
0703002-0918-11-09-gnss_raw.txt,2436,443118.000,QZSS,3,43.0,168.0,32.0,是
0703002-0918-11-09-gnss_raw.txt,2436,443118.000,QZSS,7,53.0,169.0,26.0,是
0703002-0918-11-09-gnss_raw.txt,2436,443118.000,BDS,1,48.0,147.0,29.0,是
0703002-0918-11-09-gnss_raw.txt,2436,443118.000,BDS,4,37.0,120.0,29.0,是
0703002-0918-11-09-gnss_raw.txt,2436,443118.000,BDS,6,69.0,38.0,32.0,是
0703002-0918-11-09-gnss_raw.txt,2436,443118.000,BDS,7,58.0,188.0,32.0,是
0703002-0918-11-09-gnss_raw.txt,2436,443118.000,BDS,10,48.0,189.0,24.0,是
0703002-0918-11-09-gnss_raw.txt,2436,443118.000,BDS,11,0.0,0.0,27.0,是
0703002-0918-11-09-gnss_raw.txt,2436,443118.000,BDS,20,58.0,27.0,34.0,是
0703002-0918-11-09-gnss_raw.txt,2436,443118.000,BDS,29,21.0,231.0,27.0,是
0703002-0918-11-09-gnss_raw.txt,2436,443118.000,BDS,32,0.0,0.0,23.0,是
0703002-0918-11-09-gnss_raw.txt,2436,443118.000,BDS,35,17.0,286.0,25.0,是
0703002-0918-11-09-gnss_raw.txt,2436,443118.000,BDS,37,46.0,78.0,31.0,是
0703002-0918-11-09-gnss_raw.txt,2436,443119.000,GPS,13,27.0,135.0,26.0,是
0703002-0918-11-09-gnss_raw.txt,2436,443119.000,GPS,18,46.0,215.0,32.0,是
0703002-0918-11-09-gnss_raw.txt,2436,443119.000,GPS,20,0.0,0.0,32.0,是
0703002-0918-11-09-gnss_raw.txt,2436,443119.000,GPS,24,66.0,46.0,35.0,是
0703002-0918-11-09-gnss_raw.txt,2436,443119.000,GPS,32,0.0,0.0,23.0,是
0703002-0918-11-09-gnss_raw.txt,2436,443119.000,GLONASS,68,20.0,68.0,31.0,是
0703002-0918-11-09-gnss_raw.txt,2436,443119.000,GLONASS,79,47.0,94.0,22.0,是
0703002-0918-11-09-gnss_raw.txt,2436,443119.000,GLONASS,80,25.0,160.0,35.0,是
0703002-0918-11-09-gnss_raw.txt,2436,443119.000,GLONASS,84,37.0,241.0,32.0,是
0703002-0918-11-09-gnss_raw.txt,2436,443119.000,GLONASS,85,0.0,0.0,34.0,是
0703002-0918-11-09-gnss_raw.txt,2436,443119.000,Galileo,13,0.0,0.0,30.0,是
0703002-0918-11-09-gnss_raw.txt,2436,443119.000,Galileo,26,60.0,272.0,32.0,是
0703002-0918-11-09-gnss_raw.txt,2436,443119.000,Galileo,29,33.0,270.0,28.0,是
0703002-0918-11-09-gnss_raw.txt,2436,443119.000,QZSS,3,43.0,168.0,32.0,是
0703002-0918-11-09-gnss_raw.txt,2436,443119.000,QZSS,7,53.0,169.0,27.0,是
0703002-0918-11-09-gnss_raw.txt,2436,443119.000,BDS,1,48.0,147.0,28.0,是
0703002-0918-11-09-gnss_raw.txt,2436,443119.000,BDS,2,0.0,0.0,25.0,是
0703002-0918-11-09-gnss_raw.txt,2436,443119.000,BDS,4,37.0,120.0,27.0,是
0703002-0918-11-09-gnss_raw.txt,2436,443119.000,BDS,6,69.0,38.0,32.0,是
0703002-0918-11-09-gnss_raw.txt,2436,443119.000,BDS,7,58.0,188.0,32.0,是
0703002-0918-11-09-gnss_raw.txt,2436,443119.000,BDS,10,48.0,189.0,24.0,是
0703002-0918-11-09-gnss_raw.txt,2436,443119.000,BDS,11,0.0,0.0,28.0,是
0703002-0918-11-09-gnss_raw.txt,2436,443119.000,BDS,20,58.0,27.0,34.0,是
0703002-0918-11-09-gnss_raw.txt,2436,443119.000,BDS,29,21.0,231.0,27.0,是
0703002-0918-11-09-gnss_raw.txt,2436,443119.000,BDS,32,0.0,0.0,24.0,是
0703002-0918-11-09-gnss_raw.txt,2436,443119.000,BDS,35,17.0,286.0,25.0,是
0703002-0918-11-09-gnss_raw.txt,2436,443119.000,BDS,37,46.0,78.0,32.0,是
0703002-0918-11-09-gnss_raw.txt,2436,443120.000,GPS,13,0.0,0.0,26.0,是
0703002-0918-11-09-gnss_raw.txt,2436,443120.000,GPS,18,46.0,215.0,32.0,是
0703002-0918-11-09-gnss_raw.txt,2436,443120.000,GPS,20,0.0,0.0,32.0,是
0703002-0918-11-09-gnss_raw.txt,2436,443120.000,GPS,24,66.0,46.0,35.0,是
0703002-0918-11-09-gnss_raw.txt,2436,443120.000,GPS,32,0.0,0.0,21.0,是
0703002-0918-11-09-gnss_raw.txt,2436,443120.000,GLONASS,68,20.0,68.0,31.0,是
0703002-0918-11-09-gnss_raw.txt,2436,443120.000,GLONASS,79,47.0,94.0,21.0,是
0703002-0918-11-09-gnss_raw.txt,2436,443120.000,GLONASS,80,26.0,160.0,35.0,是
0703002-0918-11-09-gnss_raw.txt,2436,443120.000,GLONASS,84,37.0,241.0,33.0,是
0703002-0918-11-09-gnss_raw.txt,2436,443120.000,GLONASS,85,0.0,0.0,35.0,是
0703002-0918-11-09-gnss_raw.txt,2436,443120.000,Galileo,13,0.0,0.0,29.0,是
0703002-0918-11-09-gnss_raw.txt,2436,443120.000,Galileo,26,60.0,272.0,32.0,是
0703002-0918-11-09-gnss_raw.txt,2436,443120.000,Galileo,29,33.0,270.0,27.0,是
0703002-0918-11-09-gnss_raw.txt,2436,443120.000,QZSS,3,43.0,168.0,32.0,是
0703002-0918-11-09-gnss_raw.txt,2436,443120.000,QZSS,7,53.0,169.0,27.0,是
0703002-0918-11-09-gnss_raw.txt,2436,443120.000,BDS,1,48.0,147.0,28.0,是
0703002-0918-11-09-gnss_raw.txt,2436,443120.000,BDS,2,0.0,0.0,27.0,是
0703002-0918-11-09-gnss_raw.txt,2436,443120.000,BDS,4,37.0,120.0,28.0,是
0703002-0918-11-09-gnss_raw.txt,2436,443120.000,BDS,6,69.0,38.0,32.0,是
0703002-0918-11-09-gnss_raw.txt,2436,443120.000,BDS,7,58.0,188.0,32.0,是
0703002-0918-11-09-gnss_raw.txt,2436,443120.000,BDS,10,48.0,189.0,22.0,是
0703002-0918-11-09-gnss_raw.txt,2436,443120.000,BDS,11,0.0,0.0,28.0,是
0703002-0918-11-09-gnss_raw.txt,2436,443120.000,BDS,20,58.0,27.0,34.0,是
0703002-0918-11-09-gnss_raw.txt,2436,443120.000,BDS,29,21.0,231.0,27.0,是
0703002-0918-11-09-gnss_raw.txt,2436,443120.000,BDS,32,0.0,0.0,23.0,是
0703002-0918-11-09-gnss_raw.txt,2436,443120.000,BDS,35,17.0,286.0,27.0,是
0703002-0918-11-09-gnss_raw.txt,2436,443120.000,BDS,37,46.0,78.0,31.0,是
0703002-0918-11-09-gnss_raw.txt,2436,443121.000,GPS,13,27.0,135.0,25.0,是
0703002-0918-11-09-gnss_raw.txt,2436,443121.000,GPS,18,46.0,215.0,32.0,是
0703002-0918-11-09-gnss_raw.txt,2436,443121.000,GPS,20,0.0,0.0,32.0,是
0703002-0918-11-09-gnss_raw.txt,2436,443121.000,GPS,24,66.0,46.0,35.0,是
0703002-0918-11-09-gnss_raw.txt,2436,443121.000,GPS,32,0.0,0.0,20.0,是
0703002-0918-11-09-gnss_raw.txt,2436,443121.000,GLONASS,68,20.0,68.0,31.0,是
0703002-0918-11-09-gnss_raw.txt,2436,443121.000,GLONASS,79,47.0,94.0,25.0,是
0703002-0918-11-09-gnss_raw.txt,2436,443121.000,GLONASS,80,26.0,160.0,35.0,是
0703002-0918-11-09-gnss_raw.txt,2436,443121.000,GLONASS,84,37.0,241.0,33.0,是
0703002-0918-11-09-gnss_raw.txt,2436,443121.000,GLONASS,85,0.0,0.0,36.0,是
0703002-0918-11-09-gnss_raw.txt,2436,443121.000,Galileo,13,0.0,0.0,30.0,是
0703002-0918-11-09-gnss_raw.txt,2436,443121.000,Galileo,26,60.0,272.0,31.0,是
0703002-0918-11-09-gnss_raw.txt,2436,443121.000,Galileo,29,33.0,270.0,28.0,是
0703002-0918-11-09-gnss_raw.txt,2436,443121.000,QZSS,3,43.0,168.0,32.0,是
0703002-0918-11-09-gnss_raw.txt,2436,443121.000,QZSS,7,53.0,169.0,26.0,是
0703002-0918-11-09-gnss_raw.txt,2436,443121.000,BDS,1,48.0,147.0,27.0,是
0703002-0918-11-09-gnss_raw.txt,2436,443121.000,BDS,2,0.0,0.0,37.0,是
0703002-0918-11-09-gnss_raw.txt,2436,443121.000,BDS,4,37.0,120.0,28.0,是
0703002-0918-11-09-gnss_raw.txt,2436,443121.000,BDS,6,69.0,38.0,32.0,是
0703002-0918-11-09-gnss_raw.txt,2436,443121.000,BDS,7,58.0,188.0,32.0,是
0703002-0918-11-09-gnss_raw.txt,2436,443121.000,BDS,10,48.0,189.0,22.0,是
0703002-0918-11-09-gnss_raw.txt,2436,443121.000,BDS,11,0.0,0.0,28.0,是
0703002-0918-11-09-gnss_raw.txt,2436,443121.000,BDS,20,58.0,27.0,34.0,是
0703002-0918-11-09-gnss_raw.txt,2436,443121.000,BDS,29,21.0,231.0,27.0,是
0703002-0918-11-09-gnss_raw.txt,2436,443121.000,BDS,32,0.0,0.0,23.0,是
0703002-0918-11-09-gnss_raw.txt,2436,443121.000,BDS,35,17.0,286.0,27.0,是
0703002-0918-11-09-gnss_raw.txt,2436,443121.000,BDS,37,46.0,78.0,31.0,是
0703002-0918-11-09-gnss_raw.txt,2436,443122.000,GPS,13,27.0,135.0,25.0,是
0703002-0918-11-09-gnss_raw.txt,2436,443122.000,GPS,18,46.0,215.0,31.0,是
0703002-0918-11-09-gnss_raw.txt,2436,443122.000,GPS,20,0.0,0.0,32.0,是
0703002-0918-11-09-gnss_raw.txt,2436,443122.000,GPS,24,66.0,46.0,35.0,是
0703002-0918-11-09-gnss_raw.txt,2436,443122.000,GPS,32,0.0,0.0,18.0,是
0703002-0918-11-09-gnss_raw.txt,2436,443122.000,GLONASS,68,20.0,68.0,32.0,是
0703002-0918-11-09-gnss_raw.txt,2436,443122.000,GLONASS,79,47.0,94.0,23.0,是
0703002-0918-11-09-gnss_raw.txt,2436,443122.000,GLONASS,80,26.0,160.0,35.0,是
0703002-0918-11-09-gnss_raw.txt,2436,443122.000,GLONASS,84,37.0,241.0,31.0,是
0703002-0918-11-09-gnss_raw.txt,2436,443122.000,GLONASS,85,0.0,0.0,35.0,是
0703002-0918-11-09-gnss_raw.txt,2436,443122.000,Galileo,13,0.0,0.0,28.0,是
0703002-0918-11-09-gnss_raw.txt,2436,443122.000,Galileo,26,60.0,272.0,32.0,是
0703002-0918-11-09-gnss_raw.txt,2436,443122.000,Galileo,29,33.0,270.0,29.0,是
0703002-0918-11-09-gnss_raw.txt,2436,443122.000,QZSS,3,43.0,168.0,32.0,是
0703002-0918-11-09-gnss_raw.txt,2436,443122.000,QZSS,7,53.0,169.0,26.0,是
0703002-0918-11-09-gnss_raw.txt,2436,443122.000,BDS,1,0.0,0.0,29.0,是
0703002-0918-11-09-gnss_raw.txt,2436,443122.000,BDS,2,0.0,0.0,37.0,是
0703002-0918-11-09-gnss_raw.txt,2436,443122.000,BDS,4,37.0,120.0,28.0,是
0703002-0918-11-09-gnss_raw.txt,2436,443122.000,BDS,6,69.0,38.0,32.0,是
0703002-0918-11-09-gnss_raw.txt,2436,443122.000,BDS,7,58.0,188.0,32.0,是
0703002-0918-11-09-gnss_raw.txt,2436,443122.000,BDS,10,48.0,189.0,22.0,是
0703002-0918-11-09-gnss_raw.txt,2436,443122.000,BDS,11,0.0,0.0,28.0,是
0703002-0918-11-09-gnss_raw.txt,2436,443122.000,BDS,20,58.0,27.0,34.0,是
0703002-0918-11-09-gnss_raw.txt,2436,443122.000,BDS,29,21.0,231.0,27.0,是
0703002-0918-11-09-gnss_raw.txt,2436,443122.000,BDS,32,0.0,0.0,23.0,是
0703002-0918-11-09-gnss_raw.txt,2436,443122.000,BDS,35,17.0,286.0,27.0,是
0703002-0918-11-09-gnss_raw.txt,2436,443122.000,BDS,37,46.0,78.0,31.0,是
0703002-0918-11-09-gnss_raw.txt,2436,443123.000,GPS,13,0.0,0.0,24.0,是
0703002-0918-11-09-gnss_raw.txt,2436,443123.000,GPS,18,46.0,215.0,31.0,是
0703002-0918-11-09-gnss_raw.txt,2436,443123.000,GPS,20,0.0,0.0,32.0,是
0703002-0918-11-09-gnss_raw.txt,2436,443123.000,GPS,24,66.0,46.0,35.0,是
0703002-0918-11-09-gnss_raw.txt,2436,443123.000,GPS,32,0.0,0.0,19.0,是
0703002-0918-11-09-gnss_raw.txt,2436,443123.000,GLONASS,68,20.0,68.0,32.0,是
0703002-0918-11-09-gnss_raw.txt,2436,443123.000,GLONASS,79,47.0,94.0,23.0,是
0703002-0918-11-09-gnss_raw.txt,2436,443123.000,GLONASS,80,26.0,160.0,35.0,是
0703002-0918-11-09-gnss_raw.txt,2436,443123.000,GLONASS,84,37.0,241.0,31.0,是
0703002-0918-11-09-gnss_raw.txt,2436,443123.000,GLONASS,85,0.0,0.0,33.0,是
0703002-0918-11-09-gnss_raw.txt,2436,443123.000,Galileo,13,0.0,0.0,28.0,是
0703002-0918-11-09-gnss_raw.txt,2436,443123.000,Galileo,26,60.0,272.0,32.0,是
0703002-0918-11-09-gnss_raw.txt,2436,443123.000,Galileo,29,33.0,270.0,29.0,是
0703002-0918-11-09-gnss_raw.txt,2436,443123.000,QZSS,3,43.0,168.0,32.0,是
0703002-0918-11-09-gnss_raw.txt,2436,443123.000,QZSS,7,53.0,169.0,27.0,是
0703002-0918-11-09-gnss_raw.txt,2436,443123.000,BDS,1,48.0,147.0,29.0,是
0703002-0918-11-09-gnss_raw.txt,2436,443123.000,BDS,2,0.0,0.0,37.0,是
0703002-0918-11-09-gnss_raw.txt,2436,443123.000,BDS,4,37.0,120.0,27.0,是
0703002-0918-11-09-gnss_raw.txt,2436,443123.000,BDS,6,69.0,38.0,32.0,是
0703002-0918-11-09-gnss_raw.txt,2436,443123.000,BDS,7,58.0,188.0,31.0,是
0703002-0918-11-09-gnss_raw.txt,2436,443123.000,BDS,10,48.0,189.0,22.0,是
0703002-0918-11-09-gnss_raw.txt,2436,443123.000,BDS,11,0.0,0.0,28.0,是
0703002-0918-11-09-gnss_raw.txt,2436,443123.000,BDS,20,58.0,27.0,34.0,是
0703002-0918-11-09-gnss_raw.txt,2436,443123.000,BDS,29,21.0,231.0,27.0,是
0703002-0918-11-09-gnss_raw.txt,2436,443123.000,BDS,32,0.0,0.0,23.0,是
0703002-0918-11-09-gnss_raw.txt,2436,443123.000,BDS,35,17.0,286.0,27.0,是
0703002-0918-11-09-gnss_raw.txt,2436,443123.000,BDS,37,46.0,78.0,31.0,是
0703002-0918-11-09-gnss_raw.txt,2436,443124.000,GPS,13,27.0,135.0,25.0,是
0703002-0918-11-09-gnss_raw.txt,2436,443124.000,GPS,18,46.0,215.0,31.0,是
0703002-0918-11-09-gnss_raw.txt,2436,443124.000,GPS,20,0.0,0.0,32.0,是
0703002-0918-11-09-gnss_raw.txt,2436,443124.000,GPS,24,66.0,46.0,36.0,是
0703002-0918-11-09-gnss_raw.txt,2436,443124.000,GPS,32,0.0,0.0,19.0,是
0703002-0918-11-09-gnss_raw.txt,2436,443124.000,GLONASS,68,20.0,68.0,33.0,是
0703002-0918-11-09-gnss_raw.txt,2436,443124.000,GLONASS,79,47.0,94.0,24.0,是
0703002-0918-11-09-gnss_raw.txt,2436,443124.000,GLONASS,80,26.0,160.0,35.0,是
0703002-0918-11-09-gnss_raw.txt,2436,443124.000,GLONASS,84,37.0,241.0,30.0,是
0703002-0918-11-09-gnss_raw.txt,2436,443124.000,GLONASS,85,0.0,0.0,35.0,是
0703002-0918-11-09-gnss_raw.txt,2436,443124.000,Galileo,13,0.0,0.0,30.0,是
0703002-0918-11-09-gnss_raw.txt,2436,443124.000,Galileo,26,60.0,272.0,31.0,是
0703002-0918-11-09-gnss_raw.txt,2436,443124.000,Galileo,29,33.0,270.0,28.0,是
0703002-0918-11-09-gnss_raw.txt,2436,443124.000,QZSS,3,43.0,168.0,32.0,是
0703002-0918-11-09-gnss_raw.txt,2436,443124.000,QZSS,7,53.0,169.0,26.0,是
0703002-0918-11-09-gnss_raw.txt,2436,443124.000,BDS,1,48.0,147.0,27.0,是
0703002-0918-11-09-gnss_raw.txt,2436,443124.000,BDS,2,0.0,0.0,37.0,是
0703002-0918-11-09-gnss_raw.txt,2436,443124.000,BDS,4,37.0,120.0,29.0,是
0703002-0918-11-09-gnss_raw.txt,2436,443124.000,BDS,6,69.0,38.0,32.0,是
0703002-0918-11-09-gnss_raw.txt,2436,443124.000,BDS,7,58.0,188.0,31.0,是
0703002-0918-11-09-gnss_raw.txt,2436,443124.000,BDS,10,48.0,189.0,22.0,是
0703002-0918-11-09-gnss_raw.txt,2436,443124.000,BDS,11,0.0,0.0,28.0,是
0703002-0918-11-09-gnss_raw.txt,2436,443124.000,BDS,20,58.0,27.0,34.0,是
0703002-0918-11-09-gnss_raw.txt,2436,443124.000,BDS,29,21.0,231.0,27.0,是
0703002-0918-11-09-gnss_raw.txt,2436,443124.000,BDS,32,0.0,0.0,24.0,是
0703002-0918-11-09-gnss_raw.txt,2436,443124.000,BDS,35,17.0,286.0,27.0,是
0703002-0918-11-09-gnss_raw.txt,2436,443124.000,BDS,37,46.0,78.0,31.0,是
0703002-0918-11-09-gnss_raw.txt,2436,443125.000,GPS,13,27.0,135.0,26.0,是
0703002-0918-11-09-gnss_raw.txt,2436,443125.000,GPS,18,46.0,215.0,31.0,是
0703002-0918-11-09-gnss_raw.txt,2436,443125.000,GPS,20,0.0,0.0,32.0,是
0703002-0918-11-09-gnss_raw.txt,2436,443125.000,GPS,24,66.0,46.0,36.0,是
0703002-0918-11-09-gnss_raw.txt,2436,443125.000,GPS,32,0.0,0.0,18.0,是
0703002-0918-11-09-gnss_raw.txt,2436,443125.000,GLONASS,68,20.0,68.0,32.0,是
0703002-0918-11-09-gnss_raw.txt,2436,443125.000,GLONASS,79,47.0,94.0,22.0,是
0703002-0918-11-09-gnss_raw.txt,2436,443125.000,GLONASS,80,26.0,160.0,35.0,是
0703002-0918-11-09-gnss_raw.txt,2436,443125.000,GLONASS,84,37.0,241.0,31.0,是
0703002-0918-11-09-gnss_raw.txt,2436,443125.000,GLONASS,85,0.0,0.0,35.0,是
0703002-0918-11-09-gnss_raw.txt,2436,443125.000,Galileo,13,0.0,0.0,30.0,是
0703002-0918-11-09-gnss_raw.txt,2436,443125.000,Galileo,26,60.0,272.0,32.0,是
0703002-0918-11-09-gnss_raw.txt,2436,443125.000,Galileo,29,33.0,270.0,28.0,是
0703002-0918-11-09-gnss_raw.txt,2436,443125.000,QZSS,3,43.0,168.0,32.0,是
0703002-0918-11-09-gnss_raw.txt,2436,443125.000,QZSS,7,53.0,169.0,26.0,是
0703002-0918-11-09-gnss_raw.txt,2436,443125.000,BDS,1,48.0,147.0,28.0,是
0703002-0918-11-09-gnss_raw.txt,2436,443125.000,BDS,2,0.0,0.0,37.0,是
0703002-0918-11-09-gnss_raw.txt,2436,443125.000,BDS,4,37.0,120.0,27.0,是
0703002-0918-11-09-gnss_raw.txt,2436,443125.000,BDS,6,69.0,38.0,32.0,是
0703002-0918-11-09-gnss_raw.txt,2436,443125.000,BDS,7,58.0,188.0,31.0,是
0703002-0918-11-09-gnss_raw.txt,2436,443125.000,BDS,10,48.0,189.0,22.0,是
0703002-0918-11-09-gnss_raw.txt,2436,443125.000,BDS,11,0.0,0.0,28.0,是
0703002-0918-11-09-gnss_raw.txt,2436,443125.000,BDS,20,58.0,27.0,34.0,是
0703002-0918-11-09-gnss_raw.txt,2436,443125.000,BDS,29,21.0,231.0,27.0,是
0703002-0918-11-09-gnss_raw.txt,2436,443125.000,BDS,32,0.0,0.0,23.0,是
0703002-0918-11-09-gnss_raw.txt,2436,443125.000,BDS,35,17.0,286.0,27.0,是
0703002-0918-11-09-gnss_raw.txt,2436,443125.000,BDS,37,46.0,78.0,31.0,是
0703002-0918-11-09-gnss_raw.txt,2436,443126.000,GPS,13,27.0,135.0,25.0,是
0703002-0918-11-09-gnss_raw.txt,2436,443126.000,GPS,18,46.0,215.0,31.0,是
0703002-0918-11-09-gnss_raw.txt,2436,443126.000,GPS,20,0.0,0.0,32.0,是
0703002-0918-11-09-gnss_raw.txt,2436,443126.000,GPS,24,66.0,46.0,36.0,是
0703002-0918-11-09-gnss_raw.txt,2436,443126.000,GPS,32,0.0,0.0,32.0,是
0703002-0918-11-09-gnss_raw.txt,2436,443126.000,GLONASS,68,20.0,68.0,32.0,是
0703002-0918-11-09-gnss_raw.txt,2436,443126.000,GLONASS,79,47.0,94.0,22.0,是
0703002-0918-11-09-gnss_raw.txt,2436,443126.000,GLONASS,80,26.0,160.0,35.0,是
0703002-0918-11-09-gnss_raw.txt,2436,443126.000,GLONASS,84,37.0,241.0,32.0,是
0703002-0918-11-09-gnss_raw.txt,2436,443126.000,GLONASS,85,0.0,0.0,35.0,是
0703002-0918-11-09-gnss_raw.txt,2436,443126.000,Galileo,13,0.0,0.0,31.0,是
0703002-0918-11-09-gnss_raw.txt,2436,443126.000,Galileo,26,60.0,272.0,31.0,是
0703002-0918-11-09-gnss_raw.txt,2436,443126.000,Galileo,29,33.0,270.0,29.0,是
0703002-0918-11-09-gnss_raw.txt,2436,443126.000,QZSS,3,43.0,168.0,32.0,是
0703002-0918-11-09-gnss_raw.txt,2436,443126.000,QZSS,7,53.0,169.0,26.0,是
0703002-0918-11-09-gnss_raw.txt,2436,443126.000,BDS,1,48.0,147.0,30.0,是
0703002-0918-11-09-gnss_raw.txt,2436,443126.000,BDS,2,0.0,0.0,37.0,是
0703002-0918-11-09-gnss_raw.txt,2436,443126.000,BDS,4,37.0,120.0,28.0,是
0703002-0918-11-09-gnss_raw.txt,2436,443126.000,BDS,6,69.0,38.0,32.0,是
0703002-0918-11-09-gnss_raw.txt,2436,443126.000,BDS,7,58.0,188.0,32.0,是
0703002-0918-11-09-gnss_raw.txt,2436,443126.000,BDS,10,48.0,189.0,21.0,是
0703002-0918-11-09-gnss_raw.txt,2436,443126.000,BDS,11,0.0,0.0,28.0,是
0703002-0918-11-09-gnss_raw.txt,2436,443126.000,BDS,20,58.0,27.0,34.0,是
0703002-0918-11-09-gnss_raw.txt,2436,443126.000,BDS,29,21.0,231.0,27.0,是
0703002-0918-11-09-gnss_raw.txt,2436,443126.000,BDS,32,0.0,0.0,22.0,是
0703002-0918-11-09-gnss_raw.txt,2436,443126.000,BDS,35,17.0,286.0,27.0,是
0703002-0918-11-09-gnss_raw.txt,2436,443126.000,BDS,37,46.0,78.0,31.0,是
0703002-0918-11-09-gnss_raw.txt,2436,443127.000,GPS,13,27.0,135.0,25.0,是
0703002-0918-11-09-gnss_raw.txt,2436,443127.000,GPS,18,46.0,215.0,31.0,是
0703002-0918-11-09-gnss_raw.txt,2436,443127.000,GPS,20,0.0,0.0,32.0,是
0703002-0918-11-09-gnss_raw.txt,2436,443127.000,GPS,24,66.0,46.0,36.0,是
0703002-0918-11-09-gnss_raw.txt,2436,443127.000,GPS,32,0.0,0.0,33.0,是
0703002-0918-11-09-gnss_raw.txt,2436,443127.000,GLONASS,68,20.0,68.0,31.0,是
0703002-0918-11-09-gnss_raw.txt,2436,443127.000,GLONASS,79,47.0,94.0,22.0,是
0703002-0918-11-09-gnss_raw.txt,2436,443127.000,GLONASS,80,26.0,160.0,35.0,是
0703002-0918-11-09-gnss_raw.txt,2436,443127.000,GLONASS,84,37.0,241.0,32.0,是
0703002-0918-11-09-gnss_raw.txt,2436,443127.000,GLONASS,85,0.0,0.0,37.0,是
0703002-0918-11-09-gnss_raw.txt,2436,443127.000,Galileo,13,0.0,0.0,31.0,是
0703002-0918-11-09-gnss_raw.txt,2436,443127.000,Galileo,26,60.0,272.0,31.0,是
0703002-0918-11-09-gnss_raw.txt,2436,443127.000,Galileo,29,33.0,270.0,29.0,是
0703002-0918-11-09-gnss_raw.txt,2436,443127.000,QZSS,3,43.0,168.0,32.0,是
0703002-0918-11-09-gnss_raw.txt,2436,443127.000,QZSS,7,53.0,169.0,27.0,是
0703002-0918-11-09-gnss_raw.txt,2436,443127.000,BDS,1,48.0,147.0,30.0,是
0703002-0918-11-09-gnss_raw.txt,2436,443127.000,BDS,2,0.0,0.0,37.0,是
0703002-0918-11-09-gnss_raw.txt,2436,443127.000,BDS,4,37.0,120.0,29.0,是
0703002-0918-11-09-gnss_raw.txt,2436,443127.000,BDS,6,69.0,38.0,32.0,是
0703002-0918-11-09-gnss_raw.txt,2436,443127.000,BDS,7,58.0,188.0,31.0,是
0703002-0918-11-09-gnss_raw.txt,2436,443127.000,BDS,10,48.0,189.0,20.0,是
0703002-0918-11-09-gnss_raw.txt,2436,443127.000,BDS,11,0.0,0.0,28.0,是
0703002-0918-11-09-gnss_raw.txt,2436,443127.000,BDS,20,58.0,27.0,33.0,是
0703002-0918-11-09-gnss_raw.txt,2436,443127.000,BDS,29,21.0,231.0,27.0,是
0703002-0918-11-09-gnss_raw.txt,2436,443127.000,BDS,32,0.0,0.0,21.0,是
0703002-0918-11-09-gnss_raw.txt,2436,443127.000,BDS,35,17.0,286.0,27.0,是
0703002-0918-11-09-gnss_raw.txt,2436,443127.000,BDS,37,46.0,78.0,31.0,是
0703002-0918-11-09-gnss_raw.txt,2436,443128.000,GPS,13,27.0,135.0,25.0,是
0703002-0918-11-09-gnss_raw.txt,2436,443128.000,GPS,18,46.0,215.0,31.0,是
0703002-0918-11-09-gnss_raw.txt,2436,443128.000,GPS,20,0.0,0.0,32.0,是
0703002-0918-11-09-gnss_raw.txt,2436,443128.000,GPS,24,66.0,46.0,36.0,是
0703002-0918-11-09-gnss_raw.txt,2436,443128.000,GPS,32,0.0,0.0,33.0,是
0703002-0918-11-09-gnss_raw.txt,2436,443128.000,GLONASS,68,20.0,68.0,32.0,是
0703002-0918-11-09-gnss_raw.txt,2436,443128.000,GLONASS,79,47.0,94.0,22.0,是
0703002-0918-11-09-gnss_raw.txt,2436,443128.000,GLONASS,80,26.0,160.0,35.0,是
0703002-0918-11-09-gnss_raw.txt,2436,443128.000,GLONASS,84,37.0,241.0,31.0,是
0703002-0918-11-09-gnss_raw.txt,2436,443128.000,GLONASS,85,0.0,0.0,37.0,是
0703002-0918-11-09-gnss_raw.txt,2436,443128.000,Galileo,13,0.0,0.0,31.0,是
0703002-0918-11-09-gnss_raw.txt,2436,443128.000,Galileo,26,60.0,272.0,32.0,是
0703002-0918-11-09-gnss_raw.txt,2436,443128.000,Galileo,29,33.0,270.0,29.0,是
0703002-0918-11-09-gnss_raw.txt,2436,443128.000,QZSS,3,43.0,168.0,32.0,是
0703002-0918-11-09-gnss_raw.txt,2436,443128.000,QZSS,7,53.0,169.0,27.0,是
0703002-0918-11-09-gnss_raw.txt,2436,443128.000,BDS,1,48.0,147.0,28.0,是
0703002-0918-11-09-gnss_raw.txt,2436,443128.000,BDS,2,0.0,0.0,38.0,是
0703002-0918-11-09-gnss_raw.txt,2436,443128.000,BDS,4,37.0,120.0,28.0,是
0703002-0918-11-09-gnss_raw.txt,2436,443128.000,BDS,6,69.0,38.0,32.0,是
0703002-0918-11-09-gnss_raw.txt,2436,443128.000,BDS,7,58.0,188.0,32.0,是
0703002-0918-11-09-gnss_raw.txt,2436,443128.000,BDS,10,48.0,189.0,20.0,是
0703002-0918-11-09-gnss_raw.txt,2436,443128.000,BDS,11,0.0,0.0,27.0,是
0703002-0918-11-09-gnss_raw.txt,2436,443128.000,BDS,20,58.0,27.0,33.0,是
0703002-0918-11-09-gnss_raw.txt,2436,443128.000,BDS,29,21.0,231.0,27.0,是
0703002-0918-11-09-gnss_raw.txt,2436,443128.000,BDS,32,0.0,0.0,20.0,是
0703002-0918-11-09-gnss_raw.txt,2436,443128.000,BDS,35,17.0,286.0,27.0,是
0703002-0918-11-09-gnss_raw.txt,2436,443128.000,BDS,37,46.0,78.0,31.0,是
0703002-0918-11-09-gnss_raw.txt,2436,443129.000,GPS,13,27.0,135.0,26.0,是
0703002-0918-11-09-gnss_raw.txt,2436,443129.000,GPS,18,46.0,215.0,31.0,是
0703002-0918-11-09-gnss_raw.txt,2436,443129.000,GPS,20,0.0,0.0,32.0,是
0703002-0918-11-09-gnss_raw.txt,2436,443129.000,GPS,24,66.0,46.0,36.0,是
0703002-0918-11-09-gnss_raw.txt,2436,443129.000,GPS,32,0.0,0.0,33.0,是
0703002-0918-11-09-gnss_raw.txt,2436,443129.000,GLONASS,68,20.0,68.0,32.0,是
0703002-0918-11-09-gnss_raw.txt,2436,443129.000,GLONASS,79,47.0,94.0,25.0,是
0703002-0918-11-09-gnss_raw.txt,2436,443129.000,GLONASS,80,26.0,160.0,34.0,是
0703002-0918-11-09-gnss_raw.txt,2436,443129.000,GLONASS,84,37.0,241.0,31.0,是
0703002-0918-11-09-gnss_raw.txt,2436,443129.000,GLONASS,85,0.0,0.0,36.0,是
0703002-0918-11-09-gnss_raw.txt,2436,443129.000,Galileo,13,0.0,0.0,31.0,是
0703002-0918-11-09-gnss_raw.txt,2436,443129.000,Galileo,26,60.0,272.0,32.0,是
0703002-0918-11-09-gnss_raw.txt,2436,443129.000,Galileo,29,33.0,270.0,28.0,是
0703002-0918-11-09-gnss_raw.txt,2436,443129.000,QZSS,3,43.0,168.0,32.0,是
0703002-0918-11-09-gnss_raw.txt,2436,443129.000,QZSS,7,53.0,169.0,27.0,是
0703002-0918-11-09-gnss_raw.txt,2436,443129.000,BDS,1,48.0,147.0,28.0,是
0703002-0918-11-09-gnss_raw.txt,2436,443129.000,BDS,2,0.0,0.0,37.0,是
0703002-0918-11-09-gnss_raw.txt,2436,443129.000,BDS,4,37.0,120.0,27.0,是
0703002-0918-11-09-gnss_raw.txt,2436,443129.000,BDS,6,69.0,38.0,32.0,是
0703002-0918-11-09-gnss_raw.txt,2436,443129.000,BDS,7,58.0,188.0,32.0,是
0703002-0918-11-09-gnss_raw.txt,2436,443129.000,BDS,10,48.0,189.0,20.0,是
0703002-0918-11-09-gnss_raw.txt,2436,443129.000,BDS,11,0.0,0.0,28.0,是
0703002-0918-11-09-gnss_raw.txt,2436,443129.000,BDS,20,58.0,27.0,33.0,是
0703002-0918-11-09-gnss_raw.txt,2436,443129.000,BDS,29,21.0,231.0,27.0,是
0703002-0918-11-09-gnss_raw.txt,2436,443129.000,BDS,32,0.0,0.0,19.0,是
0703002-0918-11-09-gnss_raw.txt,2436,443129.000,BDS,35,17.0,286.0,27.0,是
0703002-0918-11-09-gnss_raw.txt,2436,443129.000,BDS,37,46.0,78.0,31.0,是
0703002-0918-11-09-gnss_raw.txt,2436,443130.000,GPS,18,46.0,215.0,31.0,是
0703002-0918-11-09-gnss_raw.txt,2436,443130.000,GPS,20,0.0,0.0,32.0,是
0703002-0918-11-09-gnss_raw.txt,2436,443130.000,GPS,24,66.0,46.0,36.0,是
0703002-0918-11-09-gnss_raw.txt,2436,443130.000,GPS,32,0.0,0.0,33.0,是
0703002-0918-11-09-gnss_raw.txt,2436,443130.000,GLONASS,68,20.0,68.0,32.0,是
0703002-0918-11-09-gnss_raw.txt,2436,443130.000,GLONASS,79,47.0,94.0,25.0,是
0703002-0918-11-09-gnss_raw.txt,2436,443130.000,GLONASS,80,26.0,160.0,34.0,是
0703002-0918-11-09-gnss_raw.txt,2436,443130.000,GLONASS,84,37.0,241.0,31.0,是
0703002-0918-11-09-gnss_raw.txt,2436,443130.000,GLONASS,85,0.0,0.0,35.0,是
0703002-0918-11-09-gnss_raw.txt,2436,443130.000,Galileo,13,0.0,0.0,32.0,是
0703002-0918-11-09-gnss_raw.txt,2436,443130.000,Galileo,26,60.0,272.0,32.0,是
0703002-0918-11-09-gnss_raw.txt,2436,443130.000,Galileo,29,33.0,270.0,29.0,是
0703002-0918-11-09-gnss_raw.txt,2436,443130.000,QZSS,3,43.0,168.0,32.0,是
0703002-0918-11-09-gnss_raw.txt,2436,443130.000,QZSS,7,53.0,169.0,27.0,是
0703002-0918-11-09-gnss_raw.txt,2436,443130.000,BDS,1,48.0,147.0,29.0,是
0703002-0918-11-09-gnss_raw.txt,2436,443130.000,BDS,2,0.0,0.0,37.0,是
0703002-0918-11-09-gnss_raw.txt,2436,443130.000,BDS,4,37.0,120.0,28.0,是
0703002-0918-11-09-gnss_raw.txt,2436,443130.000,BDS,6,69.0,38.0,32.0,是
0703002-0918-11-09-gnss_raw.txt,2436,443130.000,BDS,7,58.0,188.0,32.0,是
0703002-0918-11-09-gnss_raw.txt,2436,443130.000,BDS,10,48.0,189.0,19.0,是
0703002-0918-11-09-gnss_raw.txt,2436,443130.000,BDS,11,0.0,0.0,28.0,是
0703002-0918-11-09-gnss_raw.txt,2436,443130.000,BDS,20,58.0,27.0,34.0,是
0703002-0918-11-09-gnss_raw.txt,2436,443130.000,BDS,29,21.0,231.0,27.0,是
0703002-0918-11-09-gnss_raw.txt,2436,443130.000,BDS,32,0.0,0.0,21.0,是
0703002-0918-11-09-gnss_raw.txt,2436,443130.000,BDS,35,17.0,286.0,27.0,是
0703002-0918-11-09-gnss_raw.txt,2436,443130.000,BDS,37,46.0,78.0,31.0,是
0703002-0918-11-09-gnss_raw.txt,2436,443131.000,GPS,18,46.0,215.0,32.0,是
0703002-0918-11-09-gnss_raw.txt,2436,443131.000,GPS,20,0.0,0.0,32.0,是
0703002-0918-11-09-gnss_raw.txt,2436,443131.000,GPS,24,66.0,46.0,36.0,是
0703002-0918-11-09-gnss_raw.txt,2436,443131.000,GPS,32,0.0,0.0,33.0,是
0703002-0918-11-09-gnss_raw.txt,2436,443131.000,GLONASS,68,20.0,68.0,33.0,是
0703002-0918-11-09-gnss_raw.txt,2436,443131.000,GLONASS,79,47.0,94.0,24.0,是
0703002-0918-11-09-gnss_raw.txt,2436,443131.000,GLONASS,80,26.0,160.0,33.0,是
0703002-0918-11-09-gnss_raw.txt,2436,443131.000,GLONASS,84,37.0,241.0,30.0,是
0703002-0918-11-09-gnss_raw.txt,2436,443131.000,GLONASS,85,0.0,0.0,35.0,是
0703002-0918-11-09-gnss_raw.txt,2436,443131.000,Galileo,13,0.0,0.0,33.0,是
0703002-0918-11-09-gnss_raw.txt,2436,443131.000,Galileo,26,60.0,272.0,32.0,是
0703002-0918-11-09-gnss_raw.txt,2436,443131.000,Galileo,29,33.0,270.0,28.0,是
0703002-0918-11-09-gnss_raw.txt,2436,443131.000,QZSS,3,43.0,168.0,32.0,是
0703002-0918-11-09-gnss_raw.txt,2436,443131.000,QZSS,7,53.0,169.0,27.0,是
0703002-0918-11-09-gnss_raw.txt,2436,443131.000,BDS,1,48.0,147.0,27.0,是
0703002-0918-11-09-gnss_raw.txt,2436,443131.000,BDS,2,0.0,0.0,38.0,是
0703002-0918-11-09-gnss_raw.txt,2436,443131.000,BDS,4,37.0,120.0,29.0,是
0703002-0918-11-09-gnss_raw.txt,2436,443131.000,BDS,6,69.0,38.0,32.0,是
0703002-0918-11-09-gnss_raw.txt,2436,443131.000,BDS,7,58.0,188.0,32.0,是
0703002-0918-11-09-gnss_raw.txt,2436,443131.000,BDS,10,48.0,189.0,17.0,是
0703002-0918-11-09-gnss_raw.txt,2436,443131.000,BDS,11,0.0,0.0,29.0,是
0703002-0918-11-09-gnss_raw.txt,2436,443131.000,BDS,20,58.0,27.0,34.0,是
0703002-0918-11-09-gnss_raw.txt,2436,443131.000,BDS,29,21.0,231.0,27.0,是
0703002-0918-11-09-gnss_raw.txt,2436,443131.000,BDS,32,0.0,0.0,22.0,是
0703002-0918-11-09-gnss_raw.txt,2436,443131.000,BDS,35,17.0,286.0,27.0,是
0703002-0918-11-09-gnss_raw.txt,2436,443131.000,BDS,37,46.0,78.0,30.0,是
0703002-0918-11-09-gnss_raw.txt,2436,443132.000,GPS,18,46.0,215.0,32.0,是
0703002-0918-11-09-gnss_raw.txt,2436,443132.000,GPS,20,0.0,0.0,32.0,是
0703002-0918-11-09-gnss_raw.txt,2436,443132.000,GPS,24,66.0,46.0,36.0,是
0703002-0918-11-09-gnss_raw.txt,2436,443132.000,GPS,32,0.0,0.0,32.0,是
0703002-0918-11-09-gnss_raw.txt,2436,443132.000,GLONASS,68,20.0,68.0,32.0,是
0703002-0918-11-09-gnss_raw.txt,2436,443132.000,GLONASS,79,47.0,94.0,25.0,是
0703002-0918-11-09-gnss_raw.txt,2436,443132.000,GLONASS,80,26.0,160.0,33.0,是
0703002-0918-11-09-gnss_raw.txt,2436,443132.000,GLONASS,84,37.0,241.0,30.0,是
0703002-0918-11-09-gnss_raw.txt,2436,443132.000,GLONASS,85,0.0,0.0,35.0,是
0703002-0918-11-09-gnss_raw.txt,2436,443132.000,Galileo,13,0.0,0.0,33.0,是
0703002-0918-11-09-gnss_raw.txt,2436,443132.000,Galileo,26,60.0,272.0,33.0,是
0703002-0918-11-09-gnss_raw.txt,2436,443132.000,Galileo,29,33.0,270.0,29.0,是
0703002-0918-11-09-gnss_raw.txt,2436,443132.000,QZSS,3,43.0,168.0,32.0,是
0703002-0918-11-09-gnss_raw.txt,2436,443132.000,QZSS,7,53.0,169.0,27.0,是
0703002-0918-11-09-gnss_raw.txt,2436,443132.000,BDS,1,48.0,147.0,28.0,是
0703002-0918-11-09-gnss_raw.txt,2436,443132.000,BDS,2,0.0,0.0,38.0,是
0703002-0918-11-09-gnss_raw.txt,2436,443132.000,BDS,4,37.0,120.0,26.0,是
0703002-0918-11-09-gnss_raw.txt,2436,443132.000,BDS,6,69.0,38.0,32.0,是
0703002-0918-11-09-gnss_raw.txt,2436,443132.000,BDS,7,58.0,188.0,32.0,是
0703002-0918-11-09-gnss_raw.txt,2436,443132.000,BDS,10,48.0,189.0,18.0,是
0703002-0918-11-09-gnss_raw.txt,2436,443132.000,BDS,11,0.0,0.0,28.0,是
0703002-0918-11-09-gnss_raw.txt,2436,443132.000,BDS,20,58.0,27.0,34.0,是
0703002-0918-11-09-gnss_raw.txt,2436,443132.000,BDS,29,21.0,231.0,27.0,是
0703002-0918-11-09-gnss_raw.txt,2436,443132.000,BDS,32,0.0,0.0,22.0,是
0703002-0918-11-09-gnss_raw.txt,2436,443132.000,BDS,35,17.0,286.0,27.0,是
0703002-0918-11-09-gnss_raw.txt,2436,443132.000,BDS,37,46.0,78.0,29.0,是
0703002-0918-11-09-gnss_raw.txt,2436,443133.000,GPS,18,46.0,215.0,32.0,是
0703002-0918-11-09-gnss_raw.txt,2436,443133.000,GPS,20,0.0,0.0,33.0,是
0703002-0918-11-09-gnss_raw.txt,2436,443133.000,GPS,24,66.0,46.0,36.0,是
0703002-0918-11-09-gnss_raw.txt,2436,443133.000,GPS,32,0.0,0.0,32.0,是
0703002-0918-11-09-gnss_raw.txt,2436,443133.000,GLONASS,68,20.0,68.0,32.0,是
0703002-0918-11-09-gnss_raw.txt,2436,443133.000,GLONASS,79,47.0,94.0,25.0,是
0703002-0918-11-09-gnss_raw.txt,2436,443133.000,GLONASS,80,26.0,160.0,32.0,是
0703002-0918-11-09-gnss_raw.txt,2436,443133.000,GLONASS,84,36.0,241.0,31.0,是
0703002-0918-11-09-gnss_raw.txt,2436,443133.000,GLONASS,85,0.0,0.0,35.0,是
0703002-0918-11-09-gnss_raw.txt,2436,443133.000,Galileo,13,0.0,0.0,33.0,是
0703002-0918-11-09-gnss_raw.txt,2436,443133.000,Galileo,26,60.0,272.0,33.0,是
0703002-0918-11-09-gnss_raw.txt,2436,443133.000,Galileo,29,33.0,270.0,29.0,是
0703002-0918-11-09-gnss_raw.txt,2436,443133.000,QZSS,3,43.0,168.0,32.0,是
0703002-0918-11-09-gnss_raw.txt,2436,443133.000,QZSS,7,53.0,169.0,27.0,是
0703002-0918-11-09-gnss_raw.txt,2436,443133.000,BDS,1,48.0,147.0,28.0,是
0703002-0918-11-09-gnss_raw.txt,2436,443133.000,BDS,2,0.0,0.0,37.0,是
0703002-0918-11-09-gnss_raw.txt,2436,443133.000,BDS,3,0.0,0.0,24.0,是
0703002-0918-11-09-gnss_raw.txt,2436,443133.000,BDS,4,37.0,120.0,28.0,是
0703002-0918-11-09-gnss_raw.txt,2436,443133.000,BDS,6,69.0,38.0,32.0,是
0703002-0918-11-09-gnss_raw.txt,2436,443133.000,BDS,7,58.0,188.0,32.0,是
0703002-0918-11-09-gnss_raw.txt,2436,443133.000,BDS,10,48.0,189.0,18.0,是
0703002-0918-11-09-gnss_raw.txt,2436,443133.000,BDS,11,0.0,0.0,28.0,是
0703002-0918-11-09-gnss_raw.txt,2436,443133.000,BDS,20,58.0,27.0,34.0,是
0703002-0918-11-09-gnss_raw.txt,2436,443133.000,BDS,29,21.0,231.0,27.0,是
0703002-0918-11-09-gnss_raw.txt,2436,443133.000,BDS,32,0.0,0.0,21.0,是
0703002-0918-11-09-gnss_raw.txt,2436,443133.000,BDS,35,17.0,286.0,28.0,是
0703002-0918-11-09-gnss_raw.txt,2436,443133.000,BDS,37,46.0,78.0,29.0,是
0703002-0918-11-09-gnss_raw.txt,2436,443134.000,GPS,18,46.0,215.0,32.0,是
0703002-0918-11-09-gnss_raw.txt,2436,443134.000,GPS,20,0.0,0.0,33.0,是
0703002-0918-11-09-gnss_raw.txt,2436,443134.000,GPS,24,66.0,46.0,36.0,是
0703002-0918-11-09-gnss_raw.txt,2436,443134.000,GPS,32,0.0,0.0,32.0,是
0703002-0918-11-09-gnss_raw.txt,2436,443134.000,GLONASS,68,20.0,68.0,30.0,是
0703002-0918-11-09-gnss_raw.txt,2436,443134.000,GLONASS,79,47.0,94.0,26.0,是
0703002-0918-11-09-gnss_raw.txt,2436,443134.000,GLONASS,80,26.0,160.0,32.0,是
0703002-0918-11-09-gnss_raw.txt,2436,443134.000,GLONASS,84,36.0,241.0,31.0,是
0703002-0918-11-09-gnss_raw.txt,2436,443134.000,GLONASS,85,0.0,0.0,34.0,是
0703002-0918-11-09-gnss_raw.txt,2436,443134.000,Galileo,13,0.0,0.0,33.0,是
0703002-0918-11-09-gnss_raw.txt,2436,443134.000,Galileo,26,60.0,272.0,32.0,是
0703002-0918-11-09-gnss_raw.txt,2436,443134.000,Galileo,29,33.0,270.0,29.0,是
0703002-0918-11-09-gnss_raw.txt,2436,443134.000,QZSS,3,43.0,168.0,32.0,是
0703002-0918-11-09-gnss_raw.txt,2436,443134.000,QZSS,7,53.0,169.0,27.0,是
0703002-0918-11-09-gnss_raw.txt,2436,443134.000,BDS,1,48.0,147.0,29.0,是
0703002-0918-11-09-gnss_raw.txt,2436,443134.000,BDS,2,0.0,0.0,37.0,是
0703002-0918-11-09-gnss_raw.txt,2436,443134.000,BDS,3,0.0,0.0,27.0,是
0703002-0918-11-09-gnss_raw.txt,2436,443134.000,BDS,4,37.0,120.0,29.0,是
0703002-0918-11-09-gnss_raw.txt,2436,443134.000,BDS,6,69.0,38.0,32.0,是
0703002-0918-11-09-gnss_raw.txt,2436,443134.000,BDS,7,58.0,188.0,32.0,是
0703002-0918-11-09-gnss_raw.txt,2436,443134.000,BDS,10,48.0,189.0,18.0,是
0703002-0918-11-09-gnss_raw.txt,2436,443134.000,BDS,11,0.0,0.0,28.0,是
0703002-0918-11-09-gnss_raw.txt,2436,443134.000,BDS,20,58.0,27.0,34.0,是
0703002-0918-11-09-gnss_raw.txt,2436,443134.000,BDS,29,21.0,231.0,27.0,是
0703002-0918-11-09-gnss_raw.txt,2436,443134.000,BDS,32,0.0,0.0,21.0,是
0703002-0918-11-09-gnss_raw.txt,2436,443134.000,BDS,35,17.0,286.0,28.0,是
0703002-0918-11-09-gnss_raw.txt,2436,443134.000,BDS,37,46.0,78.0,30.0,是
0703002-0918-11-09-gnss_raw.txt,2436,443135.000,GPS,18,46.0,215.0,32.0,是
0703002-0918-11-09-gnss_raw.txt,2436,443135.000,GPS,20,0.0,0.0,33.0,是
0703002-0918-11-09-gnss_raw.txt,2436,443135.000,GPS,24,66.0,46.0,36.0,是
0703002-0918-11-09-gnss_raw.txt,2436,443135.000,GPS,32,0.0,0.0,32.0,是
0703002-0918-11-09-gnss_raw.txt,2436,443135.000,GLONASS,68,20.0,68.0,31.0,是
0703002-0918-11-09-gnss_raw.txt,2436,443135.000,GLONASS,79,47.0,94.0,25.0,是
0703002-0918-11-09-gnss_raw.txt,2436,443135.000,GLONASS,80,26.0,160.0,32.0,是
0703002-0918-11-09-gnss_raw.txt,2436,443135.000,GLONASS,84,36.0,241.0,31.0,是
0703002-0918-11-09-gnss_raw.txt,2436,443135.000,GLONASS,85,0.0,0.0,34.0,是
0703002-0918-11-09-gnss_raw.txt,2436,443135.000,Galileo,13,0.0,0.0,34.0,是
0703002-0918-11-09-gnss_raw.txt,2436,443135.000,Galileo,26,60.0,272.0,33.0,是
0703002-0918-11-09-gnss_raw.txt,2436,443135.000,Galileo,29,33.0,270.0,27.0,是
0703002-0918-11-09-gnss_raw.txt,2436,443135.000,QZSS,3,43.0,168.0,32.0,是
0703002-0918-11-09-gnss_raw.txt,2436,443135.000,QZSS,7,53.0,169.0,27.0,是
0703002-0918-11-09-gnss_raw.txt,2436,443135.000,BDS,1,48.0,147.0,29.0,是
0703002-0918-11-09-gnss_raw.txt,2436,443135.000,BDS,2,0.0,0.0,37.0,是
0703002-0918-11-09-gnss_raw.txt,2436,443135.000,BDS,3,0.0,0.0,28.0,是
0703002-0918-11-09-gnss_raw.txt,2436,443135.000,BDS,4,37.0,120.0,29.0,是
0703002-0918-11-09-gnss_raw.txt,2436,443135.000,BDS,6,69.0,38.0,32.0,是
0703002-0918-11-09-gnss_raw.txt,2436,443135.000,BDS,7,58.0,188.0,32.0,是
0703002-0918-11-09-gnss_raw.txt,2436,443135.000,BDS,10,48.0,189.0,37.0,是
0703002-0918-11-09-gnss_raw.txt,2436,443135.000,BDS,11,0.0,0.0,28.0,是
0703002-0918-11-09-gnss_raw.txt,2436,443135.000,BDS,20,58.0,27.0,33.0,是
0703002-0918-11-09-gnss_raw.txt,2436,443135.000,BDS,29,21.0,231.0,26.0,是
0703002-0918-11-09-gnss_raw.txt,2436,443135.000,BDS,32,0.0,0.0,21.0,是
0703002-0918-11-09-gnss_raw.txt,2436,443135.000,BDS,35,17.0,286.0,28.0,是
0703002-0918-11-09-gnss_raw.txt,2436,443135.000,BDS,37,46.0,78.0,30.0,是
0703002-0918-11-09-gnss_raw.txt,2436,443136.000,GPS,18,46.0,215.0,32.0,是
0703002-0918-11-09-gnss_raw.txt,2436,443136.000,GPS,20,0.0,0.0,33.0,是
0703002-0918-11-09-gnss_raw.txt,2436,443136.000,GPS,24,66.0,46.0,36.0,是
0703002-0918-11-09-gnss_raw.txt,2436,443136.000,GPS,32,0.0,0.0,32.0,是
0703002-0918-11-09-gnss_raw.txt,2436,443136.000,GLONASS,68,20.0,68.0,31.0,是
0703002-0918-11-09-gnss_raw.txt,2436,443136.000,GLONASS,79,47.0,94.0,28.0,是
0703002-0918-11-09-gnss_raw.txt,2436,443136.000,GLONASS,80,26.0,160.0,32.0,是
0703002-0918-11-09-gnss_raw.txt,2436,443136.000,GLONASS,84,36.0,241.0,29.0,是
0703002-0918-11-09-gnss_raw.txt,2436,443136.000,GLONASS,85,0.0,0.0,34.0,是
0703002-0918-11-09-gnss_raw.txt,2436,443136.000,Galileo,13,0.0,0.0,34.0,是
0703002-0918-11-09-gnss_raw.txt,2436,443136.000,Galileo,26,60.0,272.0,33.0,是
0703002-0918-11-09-gnss_raw.txt,2436,443136.000,Galileo,29,33.0,270.0,28.0,是
0703002-0918-11-09-gnss_raw.txt,2436,443136.000,QZSS,3,43.0,168.0,32.0,是
0703002-0918-11-09-gnss_raw.txt,2436,443136.000,QZSS,7,53.0,169.0,28.0,是
0703002-0918-11-09-gnss_raw.txt,2436,443136.000,BDS,1,48.0,147.0,30.0,是
0703002-0918-11-09-gnss_raw.txt,2436,443136.000,BDS,2,0.0,0.0,37.0,是
0703002-0918-11-09-gnss_raw.txt,2436,443136.000,BDS,3,0.0,0.0,37.0,是
0703002-0918-11-09-gnss_raw.txt,2436,443136.000,BDS,4,37.0,120.0,28.0,是
0703002-0918-11-09-gnss_raw.txt,2436,443136.000,BDS,6,69.0,38.0,33.0,是
0703002-0918-11-09-gnss_raw.txt,2436,443136.000,BDS,7,58.0,188.0,32.0,是
0703002-0918-11-09-gnss_raw.txt,2436,443136.000,BDS,10,48.0,190.0,37.0,是
0703002-0918-11-09-gnss_raw.txt,2436,443136.000,BDS,11,0.0,0.0,28.0,是
0703002-0918-11-09-gnss_raw.txt,2436,443136.000,BDS,20,58.0,27.0,33.0,是
0703002-0918-11-09-gnss_raw.txt,2436,443136.000,BDS,29,21.0,231.0,26.0,是
0703002-0918-11-09-gnss_raw.txt,2436,443136.000,BDS,32,0.0,0.0,22.0,是
0703002-0918-11-09-gnss_raw.txt,2436,443136.000,BDS,35,17.0,286.0,29.0,是
0703002-0918-11-09-gnss_raw.txt,2436,443136.000,BDS,37,46.0,78.0,31.0,是
0703002-0918-11-09-gnss_raw.txt,2436,443137.000,GPS,18,46.0,215.0,32.0,是
0703002-0918-11-09-gnss_raw.txt,2436,443137.000,GPS,20,0.0,0.0,33.0,是
0703002-0918-11-09-gnss_raw.txt,2436,443137.000,GPS,24,66.0,46.0,36.0,是
0703002-0918-11-09-gnss_raw.txt,2436,443137.000,GPS,32,0.0,0.0,33.0,是
0703002-0918-11-09-gnss_raw.txt,2436,443137.000,GLONASS,68,20.0,68.0,32.0,是
0703002-0918-11-09-gnss_raw.txt,2436,443137.000,GLONASS,79,47.0,94.0,29.0,是
0703002-0918-11-09-gnss_raw.txt,2436,443137.000,GLONASS,80,26.0,160.0,32.0,是
0703002-0918-11-09-gnss_raw.txt,2436,443137.000,GLONASS,84,36.0,241.0,28.0,是
0703002-0918-11-09-gnss_raw.txt,2436,443137.000,GLONASS,85,0.0,0.0,35.0,是
0703002-0918-11-09-gnss_raw.txt,2436,443137.000,Galileo,13,0.0,0.0,35.0,是
0703002-0918-11-09-gnss_raw.txt,2436,443137.000,Galileo,26,60.0,272.0,33.0,是
0703002-0918-11-09-gnss_raw.txt,2436,443137.000,Galileo,29,33.0,270.0,29.0,是
0703002-0918-11-09-gnss_raw.txt,2436,443137.000,QZSS,3,43.0,168.0,32.0,是
0703002-0918-11-09-gnss_raw.txt,2436,443137.000,QZSS,7,53.0,169.0,27.0,是
0703002-0918-11-09-gnss_raw.txt,2436,443137.000,BDS,1,48.0,147.0,29.0,是
0703002-0918-11-09-gnss_raw.txt,2436,443137.000,BDS,2,0.0,0.0,38.0,是
0703002-0918-11-09-gnss_raw.txt,2436,443137.000,BDS,3,0.0,0.0,37.0,是
0703002-0918-11-09-gnss_raw.txt,2436,443137.000,BDS,4,37.0,120.0,26.0,是
0703002-0918-11-09-gnss_raw.txt,2436,443137.000,BDS,6,69.0,38.0,33.0,是
0703002-0918-11-09-gnss_raw.txt,2436,443137.000,BDS,7,58.0,188.0,32.0,是
0703002-0918-11-09-gnss_raw.txt,2436,443137.000,BDS,10,48.0,190.0,37.0,是
0703002-0918-11-09-gnss_raw.txt,2436,443137.000,BDS,11,0.0,0.0,28.0,是
0703002-0918-11-09-gnss_raw.txt,2436,443137.000,BDS,20,58.0,27.0,33.0,是
0703002-0918-11-09-gnss_raw.txt,2436,443137.000,BDS,29,21.0,231.0,26.0,是
0703002-0918-11-09-gnss_raw.txt,2436,443137.000,BDS,32,0.0,0.0,21.0,是
0703002-0918-11-09-gnss_raw.txt,2436,443137.000,BDS,35,17.0,286.0,27.0,是
0703002-0918-11-09-gnss_raw.txt,2436,443137.000,BDS,37,46.0,78.0,31.0,是
0703002-0918-11-09-gnss_raw.txt,2436,443138.000,GPS,18,46.0,215.0,32.0,是
0703002-0918-11-09-gnss_raw.txt,2436,443138.000,GPS,20,0.0,0.0,33.0,是
0703002-0918-11-09-gnss_raw.txt,2436,443138.000,GPS,24,66.0,46.0,36.0,是
0703002-0918-11-09-gnss_raw.txt,2436,443138.000,GPS,32,0.0,0.0,33.0,是
0703002-0918-11-09-gnss_raw.txt,2436,443138.000,GLONASS,68,20.0,68.0,32.0,是
0703002-0918-11-09-gnss_raw.txt,2436,443138.000,GLONASS,79,47.0,94.0,31.0,是
0703002-0918-11-09-gnss_raw.txt,2436,443138.000,GLONASS,80,26.0,160.0,34.0,是
0703002-0918-11-09-gnss_raw.txt,2436,443138.000,GLONASS,84,36.0,241.0,31.0,是
0703002-0918-11-09-gnss_raw.txt,2436,443138.000,GLONASS,85,0.0,0.0,35.0,是
0703002-0918-11-09-gnss_raw.txt,2436,443138.000,Galileo,13,0.0,0.0,35.0,是
0703002-0918-11-09-gnss_raw.txt,2436,443138.000,Galileo,26,60.0,272.0,33.0,是
0703002-0918-11-09-gnss_raw.txt,2436,443138.000,Galileo,29,33.0,270.0,29.0,是
0703002-0918-11-09-gnss_raw.txt,2436,443138.000,QZSS,3,43.0,168.0,32.0,是
0703002-0918-11-09-gnss_raw.txt,2436,443138.000,QZSS,7,53.0,169.0,27.0,是
0703002-0918-11-09-gnss_raw.txt,2436,443138.000,BDS,1,48.0,147.0,30.0,是
0703002-0918-11-09-gnss_raw.txt,2436,443138.000,BDS,2,0.0,0.0,37.0,是
0703002-0918-11-09-gnss_raw.txt,2436,443138.000,BDS,3,0.0,0.0,37.0,是
0703002-0918-11-09-gnss_raw.txt,2436,443138.000,BDS,4,37.0,120.0,27.0,是
0703002-0918-11-09-gnss_raw.txt,2436,443138.000,BDS,6,69.0,38.0,32.0,是
0703002-0918-11-09-gnss_raw.txt,2436,443138.000,BDS,7,58.0,188.0,32.0,是
0703002-0918-11-09-gnss_raw.txt,2436,443138.000,BDS,10,48.0,190.0,37.0,是
0703002-0918-11-09-gnss_raw.txt,2436,443138.000,BDS,11,0.0,0.0,28.0,是
0703002-0918-11-09-gnss_raw.txt,2436,443138.000,BDS,20,58.0,27.0,34.0,是
0703002-0918-11-09-gnss_raw.txt,2436,443138.000,BDS,29,21.0,231.0,26.0,是
0703002-0918-11-09-gnss_raw.txt,2436,443138.000,BDS,32,0.0,0.0,22.0,是
0703002-0918-11-09-gnss_raw.txt,2436,443138.000,BDS,35,17.0,286.0,26.0,是
0703002-0918-11-09-gnss_raw.txt,2436,443138.000,BDS,37,46.0,78.0,31.0,是
0703002-0918-11-09-gnss_raw.txt,2436,443139.000,GPS,18,46.0,215.0,32.0,是
0703002-0918-11-09-gnss_raw.txt,2436,443139.000,GPS,20,0.0,0.0,33.0,是
0703002-0918-11-09-gnss_raw.txt,2436,443139.000,GPS,24,66.0,46.0,36.0,是
0703002-0918-11-09-gnss_raw.txt,2436,443139.000,GPS,32,0.0,0.0,33.0,是
0703002-0918-11-09-gnss_raw.txt,2436,443139.000,GLONASS,68,20.0,68.0,32.0,是
0703002-0918-11-09-gnss_raw.txt,2436,443139.000,GLONASS,79,47.0,94.0,31.0,是
0703002-0918-11-09-gnss_raw.txt,2436,443139.000,GLONASS,80,26.0,160.0,34.0,是
0703002-0918-11-09-gnss_raw.txt,2436,443139.000,GLONASS,84,36.0,241.0,32.0,是
0703002-0918-11-09-gnss_raw.txt,2436,443139.000,GLONASS,85,0.0,0.0,35.0,是
0703002-0918-11-09-gnss_raw.txt,2436,443139.000,Galileo,13,0.0,0.0,35.0,是
0703002-0918-11-09-gnss_raw.txt,2436,443139.000,Galileo,26,60.0,272.0,33.0,是
0703002-0918-11-09-gnss_raw.txt,2436,443139.000,Galileo,29,33.0,270.0,29.0,是
0703002-0918-11-09-gnss_raw.txt,2436,443139.000,QZSS,3,43.0,168.0,32.0,是
0703002-0918-11-09-gnss_raw.txt,2436,443139.000,QZSS,7,53.0,169.0,27.0,是
0703002-0918-11-09-gnss_raw.txt,2436,443139.000,BDS,1,48.0,147.0,29.0,是
0703002-0918-11-09-gnss_raw.txt,2436,443139.000,BDS,3,0.0,0.0,37.0,是
0703002-0918-11-09-gnss_raw.txt,2436,443139.000,BDS,4,37.0,120.0,28.0,是
0703002-0918-11-09-gnss_raw.txt,2436,443139.000,BDS,6,69.0,38.0,32.0,是
0703002-0918-11-09-gnss_raw.txt,2436,443139.000,BDS,7,58.0,188.0,32.0,是
0703002-0918-11-09-gnss_raw.txt,2436,443139.000,BDS,10,48.0,190.0,37.0,是
0703002-0918-11-09-gnss_raw.txt,2436,443139.000,BDS,11,0.0,0.0,28.0,是
0703002-0918-11-09-gnss_raw.txt,2436,443139.000,BDS,20,58.0,28.0,34.0,是
0703002-0918-11-09-gnss_raw.txt,2436,443139.000,BDS,29,21.0,231.0,25.0,是
0703002-0918-11-09-gnss_raw.txt,2436,443139.000,BDS,32,0.0,0.0,21.0,是
0703002-0918-11-09-gnss_raw.txt,2436,443139.000,BDS,35,17.0,286.0,27.0,是
0703002-0918-11-09-gnss_raw.txt,2436,443139.000,BDS,37,46.0,78.0,31.0,是
0703002-0918-11-09-gnss_raw.txt,2436,443140.000,GPS,18,46.0,215.0,33.0,是
0703002-0918-11-09-gnss_raw.txt,2436,443140.000,GPS,20,0.0,0.0,33.0,是
0703002-0918-11-09-gnss_raw.txt,2436,443140.000,GPS,24,66.0,46.0,36.0,是
0703002-0918-11-09-gnss_raw.txt,2436,443140.000,GPS,32,0.0,0.0,33.0,是
0703002-0918-11-09-gnss_raw.txt,2436,443140.000,GLONASS,68,20.0,68.0,32.0,是
0703002-0918-11-09-gnss_raw.txt,2436,443140.000,GLONASS,79,47.0,94.0,32.0,是
0703002-0918-11-09-gnss_raw.txt,2436,443140.000,GLONASS,80,26.0,160.0,35.0,是
0703002-0918-11-09-gnss_raw.txt,2436,443140.000,GLONASS,84,36.0,241.0,31.0,是
0703002-0918-11-09-gnss_raw.txt,2436,443140.000,GLONASS,85,0.0,0.0,35.0,是
0703002-0918-11-09-gnss_raw.txt,2436,443140.000,Galileo,13,0.0,0.0,36.0,是
0703002-0918-11-09-gnss_raw.txt,2436,443140.000,Galileo,26,60.0,272.0,33.0,是
0703002-0918-11-09-gnss_raw.txt,2436,443140.000,Galileo,29,33.0,270.0,28.0,是
0703002-0918-11-09-gnss_raw.txt,2436,443140.000,QZSS,3,43.0,168.0,32.0,是
0703002-0918-11-09-gnss_raw.txt,2436,443140.000,QZSS,7,53.0,169.0,27.0,是
0703002-0918-11-09-gnss_raw.txt,2436,443140.000,BDS,1,48.0,147.0,29.0,是
0703002-0918-11-09-gnss_raw.txt,2436,443140.000,BDS,2,0.0,0.0,26.0,是
0703002-0918-11-09-gnss_raw.txt,2436,443140.000,BDS,3,0.0,0.0,38.0,是
0703002-0918-11-09-gnss_raw.txt,2436,443140.000,BDS,4,37.0,120.0,28.0,是
0703002-0918-11-09-gnss_raw.txt,2436,443140.000,BDS,6,69.0,38.0,32.0,是
0703002-0918-11-09-gnss_raw.txt,2436,443140.000,BDS,7,58.0,188.0,31.0,是
0703002-0918-11-09-gnss_raw.txt,2436,443140.000,BDS,10,48.0,190.0,37.0,是
0703002-0918-11-09-gnss_raw.txt,2436,443140.000,BDS,11,0.0,0.0,28.0,是
0703002-0918-11-09-gnss_raw.txt,2436,443140.000,BDS,20,58.0,28.0,34.0,是
0703002-0918-11-09-gnss_raw.txt,2436,443140.000,BDS,29,21.0,231.0,25.0,是
0703002-0918-11-09-gnss_raw.txt,2436,443140.000,BDS,32,0.0,0.0,20.0,是
0703002-0918-11-09-gnss_raw.txt,2436,443140.000,BDS,35,17.0,286.0,28.0,是
0703002-0918-11-09-gnss_raw.txt,2436,443140.000,BDS,37,46.0,78.0,32.0,是
0703002-0918-11-09-gnss_raw.txt,2436,443141.000,GPS,18,46.0,215.0,33.0,是
0703002-0918-11-09-gnss_raw.txt,2436,443141.000,GPS,20,0.0,0.0,33.0,是
0703002-0918-11-09-gnss_raw.txt,2436,443141.000,GPS,24,66.0,46.0,36.0,是
0703002-0918-11-09-gnss_raw.txt,2436,443141.000,GPS,32,0.0,0.0,24.0,是
0703002-0918-11-09-gnss_raw.txt,2436,443141.000,GLONASS,68,20.0,68.0,31.0,是
0703002-0918-11-09-gnss_raw.txt,2436,443141.000,GLONASS,79,47.0,94.0,31.0,是
0703002-0918-11-09-gnss_raw.txt,2436,443141.000,GLONASS,80,26.0,160.0,36.0,是
0703002-0918-11-09-gnss_raw.txt,2436,443141.000,GLONASS,84,36.0,241.0,30.0,是
0703002-0918-11-09-gnss_raw.txt,2436,443141.000,GLONASS,85,0.0,0.0,35.0,是
0703002-0918-11-09-gnss_raw.txt,2436,443141.000,Galileo,13,0.0,0.0,36.0,是
0703002-0918-11-09-gnss_raw.txt,2436,443141.000,Galileo,26,60.0,272.0,33.0,是
0703002-0918-11-09-gnss_raw.txt,2436,443141.000,Galileo,29,33.0,270.0,29.0,是
0703002-0918-11-09-gnss_raw.txt,2436,443141.000,QZSS,3,43.0,168.0,32.0,是
0703002-0918-11-09-gnss_raw.txt,2436,443141.000,QZSS,7,53.0,169.0,27.0,是
0703002-0918-11-09-gnss_raw.txt,2436,443141.000,BDS,1,48.0,147.0,27.0,是
0703002-0918-11-09-gnss_raw.txt,2436,443141.000,BDS,2,0.0,0.0,25.0,是
0703002-0918-11-09-gnss_raw.txt,2436,443141.000,BDS,3,0.0,0.0,37.0,是
0703002-0918-11-09-gnss_raw.txt,2436,443141.000,BDS,4,37.0,120.0,28.0,是
0703002-0918-11-09-gnss_raw.txt,2436,443141.000,BDS,6,69.0,38.0,32.0,是
0703002-0918-11-09-gnss_raw.txt,2436,443141.000,BDS,7,58.0,188.0,31.0,是
0703002-0918-11-09-gnss_raw.txt,2436,443141.000,BDS,10,48.0,190.0,37.0,是
0703002-0918-11-09-gnss_raw.txt,2436,443141.000,BDS,11,0.0,0.0,27.0,是
0703002-0918-11-09-gnss_raw.txt,2436,443141.000,BDS,20,58.0,28.0,34.0,是
0703002-0918-11-09-gnss_raw.txt,2436,443141.000,BDS,29,21.0,231.0,25.0,是
0703002-0918-11-09-gnss_raw.txt,2436,443141.000,BDS,32,0.0,0.0,19.0,是
0703002-0918-11-09-gnss_raw.txt,2436,443141.000,BDS,35,17.0,286.0,28.0,是
0703002-0918-11-09-gnss_raw.txt,2436,443141.000,BDS,37,46.0,78.0,32.0,是
0703002-0918-11-09-gnss_raw.txt,2436,443142.000,GPS,18,46.0,215.0,32.0,是
0703002-0918-11-09-gnss_raw.txt,2436,443142.000,GPS,20,0.0,0.0,33.0,是
0703002-0918-11-09-gnss_raw.txt,2436,443142.000,GPS,24,66.0,46.0,36.0,是
0703002-0918-11-09-gnss_raw.txt,2436,443142.000,GPS,32,0.0,0.0,22.0,是
0703002-0918-11-09-gnss_raw.txt,2436,443142.000,GLONASS,68,20.0,68.0,31.0,是
0703002-0918-11-09-gnss_raw.txt,2436,443142.000,GLONASS,79,47.0,94.0,32.0,是
0703002-0918-11-09-gnss_raw.txt,2436,443142.000,GLONASS,80,26.0,160.0,36.0,是
0703002-0918-11-09-gnss_raw.txt,2436,443142.000,GLONASS,84,36.0,241.0,29.0,是
0703002-0918-11-09-gnss_raw.txt,2436,443142.000,GLONASS,85,0.0,0.0,35.0,是
0703002-0918-11-09-gnss_raw.txt,2436,443142.000,Galileo,13,0.0,0.0,36.0,是
0703002-0918-11-09-gnss_raw.txt,2436,443142.000,Galileo,26,60.0,272.0,33.0,是
0703002-0918-11-09-gnss_raw.txt,2436,443142.000,Galileo,29,33.0,270.0,29.0,是
0703002-0918-11-09-gnss_raw.txt,2436,443142.000,QZSS,3,43.0,168.0,32.0,是
0703002-0918-11-09-gnss_raw.txt,2436,443142.000,QZSS,7,53.0,169.0,27.0,是
0703002-0918-11-09-gnss_raw.txt,2436,443142.000,BDS,1,48.0,147.0,28.0,是
0703002-0918-11-09-gnss_raw.txt,2436,443142.000,BDS,2,0.0,0.0,26.0,是
0703002-0918-11-09-gnss_raw.txt,2436,443142.000,BDS,3,0.0,0.0,37.0,是
0703002-0918-11-09-gnss_raw.txt,2436,443142.000,BDS,4,37.0,120.0,27.0,是
0703002-0918-11-09-gnss_raw.txt,2436,443142.000,BDS,6,69.0,38.0,32.0,是
0703002-0918-11-09-gnss_raw.txt,2436,443142.000,BDS,7,58.0,188.0,31.0,是
0703002-0918-11-09-gnss_raw.txt,2436,443142.000,BDS,10,48.0,190.0,37.0,是
0703002-0918-11-09-gnss_raw.txt,2436,443142.000,BDS,11,0.0,0.0,27.0,是
0703002-0918-11-09-gnss_raw.txt,2436,443142.000,BDS,20,58.0,28.0,33.0,是
0703002-0918-11-09-gnss_raw.txt,2436,443142.000,BDS,29,21.0,231.0,25.0,是
0703002-0918-11-09-gnss_raw.txt,2436,443142.000,BDS,32,0.0,0.0,19.0,是
0703002-0918-11-09-gnss_raw.txt,2436,443142.000,BDS,35,17.0,286.0,28.0,是
0703002-0918-11-09-gnss_raw.txt,2436,443142.000,BDS,37,46.0,78.0,32.0,是
0703002-0918-11-09-gnss_raw.txt,2436,443143.000,GPS,18,46.0,215.0,32.0,是
0703002-0918-11-09-gnss_raw.txt,2436,443143.000,GPS,20,0.0,0.0,33.0,是
0703002-0918-11-09-gnss_raw.txt,2436,443143.000,GPS,24,66.0,46.0,36.0,是
0703002-0918-11-09-gnss_raw.txt,2436,443143.000,GPS,32,0.0,0.0,22.0,是
0703002-0918-11-09-gnss_raw.txt,2436,443143.000,GLONASS,68,20.0,68.0,31.0,是
0703002-0918-11-09-gnss_raw.txt,2436,443143.000,GLONASS,79,47.0,94.0,32.0,是
0703002-0918-11-09-gnss_raw.txt,2436,443143.000,GLONASS,80,26.0,160.0,36.0,是
0703002-0918-11-09-gnss_raw.txt,2436,443143.000,GLONASS,84,36.0,241.0,29.0,是
0703002-0918-11-09-gnss_raw.txt,2436,443143.000,GLONASS,85,0.0,0.0,35.0,是
0703002-0918-11-09-gnss_raw.txt,2436,443143.000,Galileo,13,0.0,0.0,36.0,是
0703002-0918-11-09-gnss_raw.txt,2436,443143.000,Galileo,26,60.0,271.0,33.0,是
0703002-0918-11-09-gnss_raw.txt,2436,443143.000,Galileo,29,33.0,270.0,29.0,是
0703002-0918-11-09-gnss_raw.txt,2436,443143.000,QZSS,3,43.0,168.0,32.0,是
0703002-0918-11-09-gnss_raw.txt,2436,443143.000,QZSS,7,53.0,169.0,27.0,是
0703002-0918-11-09-gnss_raw.txt,2436,443143.000,BDS,1,48.0,147.0,28.0,是
0703002-0918-11-09-gnss_raw.txt,2436,443143.000,BDS,2,0.0,0.0,27.0,是
0703002-0918-11-09-gnss_raw.txt,2436,443143.000,BDS,3,0.0,0.0,38.0,是
0703002-0918-11-09-gnss_raw.txt,2436,443143.000,BDS,4,37.0,120.0,27.0,是
0703002-0918-11-09-gnss_raw.txt,2436,443143.000,BDS,6,69.0,38.0,32.0,是
0703002-0918-11-09-gnss_raw.txt,2436,443143.000,BDS,7,58.0,188.0,31.0,是
0703002-0918-11-09-gnss_raw.txt,2436,443143.000,BDS,10,48.0,190.0,37.0,是
0703002-0918-11-09-gnss_raw.txt,2436,443143.000,BDS,11,0.0,0.0,28.0,是
0703002-0918-11-09-gnss_raw.txt,2436,443143.000,BDS,20,58.0,28.0,33.0,是
0703002-0918-11-09-gnss_raw.txt,2436,443143.000,BDS,29,21.0,231.0,24.0,是
0703002-0918-11-09-gnss_raw.txt,2436,443143.000,BDS,32,0.0,0.0,19.0,是
0703002-0918-11-09-gnss_raw.txt,2436,443143.000,BDS,35,17.0,286.0,29.0,是
0703002-0918-11-09-gnss_raw.txt,2436,443143.000,BDS,37,46.0,78.0,32.0,是
0703002-0918-11-09-gnss_raw.txt,2436,443144.000,GPS,18,46.0,215.0,32.0,是
0703002-0918-11-09-gnss_raw.txt,2436,443144.000,GPS,20,0.0,0.0,33.0,是
0703002-0918-11-09-gnss_raw.txt,2436,443144.000,GPS,24,66.0,46.0,36.0,是
0703002-0918-11-09-gnss_raw.txt,2436,443144.000,GPS,32,0.0,0.0,23.0,是
0703002-0918-11-09-gnss_raw.txt,2436,443144.000,GLONASS,68,20.0,68.0,31.0,是
0703002-0918-11-09-gnss_raw.txt,2436,443144.000,GLONASS,79,47.0,94.0,32.0,是
0703002-0918-11-09-gnss_raw.txt,2436,443144.000,GLONASS,80,26.0,160.0,36.0,是
0703002-0918-11-09-gnss_raw.txt,2436,443144.000,GLONASS,84,36.0,241.0,30.0,是
0703002-0918-11-09-gnss_raw.txt,2436,443144.000,GLONASS,85,0.0,0.0,36.0,是
0703002-0918-11-09-gnss_raw.txt,2436,443144.000,Galileo,13,0.0,0.0,36.0,是
0703002-0918-11-09-gnss_raw.txt,2436,443144.000,Galileo,26,60.0,271.0,33.0,是
0703002-0918-11-09-gnss_raw.txt,2436,443144.000,Galileo,29,33.0,270.0,29.0,是
0703002-0918-11-09-gnss_raw.txt,2436,443144.000,QZSS,3,43.0,168.0,32.0,是
0703002-0918-11-09-gnss_raw.txt,2436,443144.000,QZSS,7,53.0,169.0,27.0,是
0703002-0918-11-09-gnss_raw.txt,2436,443144.000,BDS,1,48.0,147.0,28.0,是
0703002-0918-11-09-gnss_raw.txt,2436,443144.000,BDS,2,0.0,0.0,26.0,是
0703002-0918-11-09-gnss_raw.txt,2436,443144.000,BDS,3,0.0,0.0,37.0,是
0703002-0918-11-09-gnss_raw.txt,2436,443144.000,BDS,4,37.0,120.0,29.0,是
0703002-0918-11-09-gnss_raw.txt,2436,443144.000,BDS,6,69.0,38.0,32.0,是
0703002-0918-11-09-gnss_raw.txt,2436,443144.000,BDS,7,58.0,188.0,31.0,是
0703002-0918-11-09-gnss_raw.txt,2436,443144.000,BDS,10,48.0,190.0,37.0,是
0703002-0918-11-09-gnss_raw.txt,2436,443144.000,BDS,11,0.0,0.0,28.0,是
0703002-0918-11-09-gnss_raw.txt,2436,443144.000,BDS,20,58.0,28.0,33.0,是
0703002-0918-11-09-gnss_raw.txt,2436,443144.000,BDS,29,21.0,231.0,25.0,是
0703002-0918-11-09-gnss_raw.txt,2436,443144.000,BDS,32,0.0,0.0,19.0,是
0703002-0918-11-09-gnss_raw.txt,2436,443144.000,BDS,35,17.0,286.0,29.0,是
0703002-0918-11-09-gnss_raw.txt,2436,443144.000,BDS,37,46.0,78.0,32.0,是
0703002-0918-11-09-gnss_raw.txt,2436,443145.000,GPS,18,46.0,215.0,32.0,是
0703002-0918-11-09-gnss_raw.txt,2436,443145.000,GPS,20,0.0,0.0,32.0,是
0703002-0918-11-09-gnss_raw.txt,2436,443145.000,GPS,24,66.0,46.0,36.0,是
0703002-0918-11-09-gnss_raw.txt,2436,443145.000,GPS,32,0.0,0.0,22.0,是
0703002-0918-11-09-gnss_raw.txt,2436,443145.000,GLONASS,68,20.0,68.0,31.0,是
0703002-0918-11-09-gnss_raw.txt,2436,443145.000,GLONASS,79,47.0,94.0,30.0,是
0703002-0918-11-09-gnss_raw.txt,2436,443145.000,GLONASS,80,26.0,160.0,33.0,是
0703002-0918-11-09-gnss_raw.txt,2436,443145.000,GLONASS,84,36.0,241.0,27.0,是
0703002-0918-11-09-gnss_raw.txt,2436,443145.000,GLONASS,85,0.0,0.0,35.0,是
0703002-0918-11-09-gnss_raw.txt,2436,443145.000,Galileo,13,0.0,0.0,34.0,是
0703002-0918-11-09-gnss_raw.txt,2436,443145.000,Galileo,26,60.0,271.0,30.0,是
0703002-0918-11-09-gnss_raw.txt,2436,443145.000,Galileo,29,33.0,270.0,30.0,是
0703002-0918-11-09-gnss_raw.txt,2436,443145.000,QZSS,3,43.0,168.0,32.0,是
0703002-0918-11-09-gnss_raw.txt,2436,443145.000,QZSS,7,53.0,169.0,28.0,是
0703002-0918-11-09-gnss_raw.txt,2436,443145.000,BDS,1,48.0,147.0,33.0,是
0703002-0918-11-09-gnss_raw.txt,2436,443145.000,BDS,2,0.0,0.0,25.0,是
0703002-0918-11-09-gnss_raw.txt,2436,443145.000,BDS,3,0.0,0.0,37.0,是
0703002-0918-11-09-gnss_raw.txt,2436,443145.000,BDS,4,37.0,120.0,28.0,是
0703002-0918-11-09-gnss_raw.txt,2436,443145.000,BDS,6,69.0,38.0,32.0,是
0703002-0918-11-09-gnss_raw.txt,2436,443145.000,BDS,7,58.0,188.0,31.0,是
0703002-0918-11-09-gnss_raw.txt,2436,443145.000,BDS,10,48.0,190.0,37.0,是
0703002-0918-11-09-gnss_raw.txt,2436,443145.000,BDS,11,0.0,0.0,27.0,是
0703002-0918-11-09-gnss_raw.txt,2436,443145.000,BDS,20,58.0,28.0,33.0,是
0703002-0918-11-09-gnss_raw.txt,2436,443145.000,BDS,29,21.0,231.0,26.0,是
0703002-0918-11-09-gnss_raw.txt,2436,443145.000,BDS,32,0.0,0.0,20.0,是
0703002-0918-11-09-gnss_raw.txt,2436,443145.000,BDS,35,17.0,286.0,29.0,是
0703002-0918-11-09-gnss_raw.txt,2436,443145.000,BDS,37,46.0,78.0,32.0,是
0703002-0918-11-09-gnss_raw.txt,2436,443146.000,GPS,13,0.0,0.0,29.0,是
0703002-0918-11-09-gnss_raw.txt,2436,443146.000,GPS,18,46.0,215.0,32.0,是
0703002-0918-11-09-gnss_raw.txt,2436,443146.000,GPS,20,0.0,0.0,31.0,是
0703002-0918-11-09-gnss_raw.txt,2436,443146.000,GPS,24,66.0,46.0,36.0,是
0703002-0918-11-09-gnss_raw.txt,2436,443146.000,GPS,32,0.0,0.0,23.0,是
0703002-0918-11-09-gnss_raw.txt,2436,443146.000,GLONASS,68,20.0,68.0,33.0,是
0703002-0918-11-09-gnss_raw.txt,2436,443146.000,GLONASS,79,47.0,94.0,23.0,是
0703002-0918-11-09-gnss_raw.txt,2436,443146.000,GLONASS,80,26.0,160.0,33.0,是
0703002-0918-11-09-gnss_raw.txt,2436,443146.000,GLONASS,84,36.0,241.0,29.0,是
0703002-0918-11-09-gnss_raw.txt,2436,443146.000,GLONASS,85,0.0,0.0,32.0,是
0703002-0918-11-09-gnss_raw.txt,2436,443146.000,Galileo,13,0.0,0.0,33.0,是
0703002-0918-11-09-gnss_raw.txt,2436,443146.000,Galileo,26,60.0,271.0,30.0,是
0703002-0918-11-09-gnss_raw.txt,2436,443146.000,Galileo,29,33.0,270.0,30.0,是
0703002-0918-11-09-gnss_raw.txt,2436,443146.000,QZSS,3,43.0,168.0,32.0,是
0703002-0918-11-09-gnss_raw.txt,2436,443146.000,QZSS,7,53.0,169.0,28.0,是
0703002-0918-11-09-gnss_raw.txt,2436,443146.000,BDS,1,48.0,147.0,33.0,是
0703002-0918-11-09-gnss_raw.txt,2436,443146.000,BDS,2,0.0,0.0,34.0,是
0703002-0918-11-09-gnss_raw.txt,2436,443146.000,BDS,3,0.0,0.0,32.0,是
0703002-0918-11-09-gnss_raw.txt,2436,443146.000,BDS,4,37.0,120.0,27.0,是
0703002-0918-11-09-gnss_raw.txt,2436,443146.000,BDS,6,69.0,38.0,33.0,是
0703002-0918-11-09-gnss_raw.txt,2436,443146.000,BDS,7,58.0,188.0,31.0,是
0703002-0918-11-09-gnss_raw.txt,2436,443146.000,BDS,10,48.0,190.0,29.0,是
0703002-0918-11-09-gnss_raw.txt,2436,443146.000,BDS,11,0.0,0.0,24.0,是
0703002-0918-11-09-gnss_raw.txt,2436,443146.000,BDS,20,58.0,28.0,33.0,是
0703002-0918-11-09-gnss_raw.txt,2436,443146.000,BDS,29,21.0,231.0,25.0,是
0703002-0918-11-09-gnss_raw.txt,2436,443146.000,BDS,32,0.0,0.0,22.0,是
0703002-0918-11-09-gnss_raw.txt,2436,443146.000,BDS,35,17.0,286.0,27.0,是
0703002-0918-11-09-gnss_raw.txt,2436,443146.000,BDS,37,46.0,78.0,32.0,是
0703002-0918-11-09-gnss_raw.txt,2436,443147.000,GPS,13,27.0,135.0,26.0,是
0703002-0918-11-09-gnss_raw.txt,2436,443147.000,GPS,15,0.0,0.0,32.0,是
0703002-0918-11-09-gnss_raw.txt,2436,443147.000,GPS,18,46.0,215.0,32.0,是
0703002-0918-11-09-gnss_raw.txt,2436,443147.000,GPS,20,0.0,0.0,29.0,是
0703002-0918-11-09-gnss_raw.txt,2436,443147.000,GPS,24,66.0,46.0,35.0,是
0703002-0918-11-09-gnss_raw.txt,2436,443147.000,GPS,32,0.0,0.0,22.0,是
0703002-0918-11-09-gnss_raw.txt,2436,443147.000,GLONASS,68,20.0,68.0,32.0,是
0703002-0918-11-09-gnss_raw.txt,2436,443147.000,GLONASS,79,0.0,0.0,22.0,是
0703002-0918-11-09-gnss_raw.txt,2436,443147.000,GLONASS,80,26.0,160.0,32.0,是
0703002-0918-11-09-gnss_raw.txt,2436,443147.000,GLONASS,84,36.0,241.0,30.0,是
0703002-0918-11-09-gnss_raw.txt,2436,443147.000,GLONASS,85,0.0,0.0,32.0,是
0703002-0918-11-09-gnss_raw.txt,2436,443147.000,Galileo,13,0.0,0.0,33.0,是
0703002-0918-11-09-gnss_raw.txt,2436,443147.000,Galileo,26,60.0,271.0,30.0,是
0703002-0918-11-09-gnss_raw.txt,2436,443147.000,Galileo,29,0.0,0.0,27.0,是
0703002-0918-11-09-gnss_raw.txt,2436,443147.000,QZSS,3,43.0,168.0,32.0,是
0703002-0918-11-09-gnss_raw.txt,2436,443147.000,QZSS,7,53.0,169.0,28.0,是
0703002-0918-11-09-gnss_raw.txt,2436,443147.000,BDS,1,48.0,147.0,32.0,是
0703002-0918-11-09-gnss_raw.txt,2436,443147.000,BDS,2,0.0,0.0,33.0,是
0703002-0918-11-09-gnss_raw.txt,2436,443147.000,BDS,3,0.0,0.0,32.0,是
0703002-0918-11-09-gnss_raw.txt,2436,443147.000,BDS,4,37.0,120.0,27.0,是
0703002-0918-11-09-gnss_raw.txt,2436,443147.000,BDS,6,69.0,38.0,32.0,是
0703002-0918-11-09-gnss_raw.txt,2436,443147.000,BDS,7,58.0,188.0,32.0,是
0703002-0918-11-09-gnss_raw.txt,2436,443147.000,BDS,10,48.0,190.0,30.0,是
0703002-0918-11-09-gnss_raw.txt,2436,443147.000,BDS,11,0.0,0.0,19.0,是
0703002-0918-11-09-gnss_raw.txt,2436,443147.000,BDS,20,58.0,28.0,34.0,是
0703002-0918-11-09-gnss_raw.txt,2436,443147.000,BDS,29,21.0,231.0,23.0,是
0703002-0918-11-09-gnss_raw.txt,2436,443147.000,BDS,32,0.0,0.0,20.0,是
0703002-0918-11-09-gnss_raw.txt,2436,443147.000,BDS,35,17.0,286.0,26.0,是
0703002-0918-11-09-gnss_raw.txt,2436,443147.000,BDS,37,46.0,78.0,32.0,是
0703002-0918-11-09-gnss_raw.txt,2436,443148.000,GPS,13,27.0,135.0,26.0,是
0703002-0918-11-09-gnss_raw.txt,2436,443148.000,GPS,15,0.0,0.0,32.0,是
0703002-0918-11-09-gnss_raw.txt,2436,443148.000,GPS,18,46.0,215.0,33.0,是
0703002-0918-11-09-gnss_raw.txt,2436,443148.000,GPS,20,0.0,0.0,27.0,是
0703002-0918-11-09-gnss_raw.txt,2436,443148.000,GPS,24,66.0,46.0,35.0,是
0703002-0918-11-09-gnss_raw.txt,2436,443148.000,GPS,32,0.0,0.0,22.0,是
0703002-0918-11-09-gnss_raw.txt,2436,443148.000,GLONASS,68,20.0,68.0,30.0,是
0703002-0918-11-09-gnss_raw.txt,2436,443148.000,GLONASS,79,47.0,94.0,24.0,是
0703002-0918-11-09-gnss_raw.txt,2436,443148.000,GLONASS,80,26.0,160.0,34.0,是
0703002-0918-11-09-gnss_raw.txt,2436,443148.000,GLONASS,84,36.0,241.0,33.0,是
0703002-0918-11-09-gnss_raw.txt,2436,443148.000,GLONASS,85,0.0,0.0,30.0,是
0703002-0918-11-09-gnss_raw.txt,2436,443148.000,Galileo,13,0.0,0.0,33.0,是
0703002-0918-11-09-gnss_raw.txt,2436,443148.000,Galileo,26,60.0,271.0,35.0,是
0703002-0918-11-09-gnss_raw.txt,2436,443148.000,Galileo,29,33.0,270.0,28.0,是
0703002-0918-11-09-gnss_raw.txt,2436,443148.000,QZSS,3,43.0,168.0,31.0,是
0703002-0918-11-09-gnss_raw.txt,2436,443148.000,QZSS,7,53.0,169.0,29.0,是
0703002-0918-11-09-gnss_raw.txt,2436,443148.000,BDS,1,48.0,147.0,32.0,是
0703002-0918-11-09-gnss_raw.txt,2436,443148.000,BDS,2,0.0,0.0,29.0,是
0703002-0918-11-09-gnss_raw.txt,2436,443148.000,BDS,3,0.0,0.0,32.0,是
0703002-0918-11-09-gnss_raw.txt,2436,443148.000,BDS,4,37.0,120.0,29.0,是
0703002-0918-11-09-gnss_raw.txt,2436,443148.000,BDS,6,69.0,38.0,32.0,是
0703002-0918-11-09-gnss_raw.txt,2436,443148.000,BDS,7,58.0,188.0,31.0,是
0703002-0918-11-09-gnss_raw.txt,2436,443148.000,BDS,10,48.0,190.0,30.0,是
0703002-0918-11-09-gnss_raw.txt,2436,443148.000,BDS,11,0.0,0.0,20.0,是
0703002-0918-11-09-gnss_raw.txt,2436,443148.000,BDS,20,58.0,28.0,33.0,是
0703002-0918-11-09-gnss_raw.txt,2436,443148.000,BDS,29,21.0,231.0,22.0,是
0703002-0918-11-09-gnss_raw.txt,2436,443148.000,BDS,32,0.0,0.0,18.0,是
0703002-0918-11-09-gnss_raw.txt,2436,443148.000,BDS,35,17.0,285.0,23.0,是
0703002-0918-11-09-gnss_raw.txt,2436,443148.000,BDS,37,46.0,78.0,32.0,是
0703002-0918-11-09-gnss_raw.txt,2436,443149.000,GPS,13,27.0,135.0,29.0,是
0703002-0918-11-09-gnss_raw.txt,2436,443149.000,GPS,15,0.0,0.0,33.0,是
0703002-0918-11-09-gnss_raw.txt,2436,443149.000,GPS,18,46.0,215.0,33.0,是
0703002-0918-11-09-gnss_raw.txt,2436,443149.000,GPS,20,0.0,0.0,23.0,是
0703002-0918-11-09-gnss_raw.txt,2436,443149.000,GPS,24,66.0,46.0,36.0,是
0703002-0918-11-09-gnss_raw.txt,2436,443149.000,GPS,32,0.0,0.0,21.0,是
0703002-0918-11-09-gnss_raw.txt,2436,443149.000,GLONASS,68,20.0,68.0,28.0,是
0703002-0918-11-09-gnss_raw.txt,2436,443149.000,GLONASS,69,45.0,14.0,32.0,是
0703002-0918-11-09-gnss_raw.txt,2436,443149.000,GLONASS,79,47.0,94.0,23.0,是
0703002-0918-11-09-gnss_raw.txt,2436,443149.000,GLONASS,80,26.0,160.0,34.0,是
0703002-0918-11-09-gnss_raw.txt,2436,443149.000,GLONASS,84,36.0,241.0,33.0,是
0703002-0918-11-09-gnss_raw.txt,2436,443149.000,GLONASS,85,0.0,0.0,31.0,是
0703002-0918-11-09-gnss_raw.txt,2436,443149.000,Galileo,13,0.0,0.0,34.0,是
0703002-0918-11-09-gnss_raw.txt,2436,443149.000,Galileo,26,60.0,271.0,35.0,是
0703002-0918-11-09-gnss_raw.txt,2436,443149.000,Galileo,29,33.0,270.0,28.0,是
0703002-0918-11-09-gnss_raw.txt,2436,443149.000,QZSS,3,43.0,168.0,30.0,是
0703002-0918-11-09-gnss_raw.txt,2436,443149.000,QZSS,7,53.0,169.0,28.0,是
0703002-0918-11-09-gnss_raw.txt,2436,443149.000,BDS,1,48.0,147.0,31.0,是
0703002-0918-11-09-gnss_raw.txt,2436,443149.000,BDS,2,0.0,0.0,27.0,是
0703002-0918-11-09-gnss_raw.txt,2436,443149.000,BDS,3,0.0,0.0,33.0,是
0703002-0918-11-09-gnss_raw.txt,2436,443149.000,BDS,4,37.0,120.0,27.0,是
0703002-0918-11-09-gnss_raw.txt,2436,443149.000,BDS,6,69.0,38.0,33.0,是
0703002-0918-11-09-gnss_raw.txt,2436,443149.000,BDS,7,58.0,188.0,31.0,是
0703002-0918-11-09-gnss_raw.txt,2436,443149.000,BDS,10,48.0,190.0,30.0,是
0703002-0918-11-09-gnss_raw.txt,2436,443149.000,BDS,11,0.0,0.0,21.0,是
0703002-0918-11-09-gnss_raw.txt,2436,443149.000,BDS,20,58.0,28.0,33.0,是
0703002-0918-11-09-gnss_raw.txt,2436,443149.000,BDS,29,21.0,231.0,23.0,是
0703002-0918-11-09-gnss_raw.txt,2436,443149.000,BDS,32,0.0,0.0,26.0,是
0703002-0918-11-09-gnss_raw.txt,2436,443149.000,BDS,35,17.0,285.0,21.0,是
0703002-0918-11-09-gnss_raw.txt,2436,443149.000,BDS,37,46.0,78.0,32.0,是
0703002-0918-11-09-gnss_raw.txt,2436,443150.000,GPS,13,27.0,135.0,29.0,是
0703002-0918-11-09-gnss_raw.txt,2436,443150.000,GPS,15,0.0,0.0,31.0,是
0703002-0918-11-09-gnss_raw.txt,2436,443150.000,GPS,18,46.0,215.0,34.0,是
0703002-0918-11-09-gnss_raw.txt,2436,443150.000,GPS,20,0.0,0.0,21.0,是
0703002-0918-11-09-gnss_raw.txt,2436,443150.000,GPS,24,66.0,46.0,36.0,是
0703002-0918-11-09-gnss_raw.txt,2436,443150.000,GPS,32,0.0,0.0,22.0,是
0703002-0918-11-09-gnss_raw.txt,2436,443150.000,GLONASS,68,20.0,68.0,27.0,是
0703002-0918-11-09-gnss_raw.txt,2436,443150.000,GLONASS,69,45.0,15.0,26.0,是
0703002-0918-11-09-gnss_raw.txt,2436,443150.000,GLONASS,79,0.0,0.0,24.0,是
0703002-0918-11-09-gnss_raw.txt,2436,443150.000,GLONASS,80,26.0,160.0,35.0,是
0703002-0918-11-09-gnss_raw.txt,2436,443150.000,GLONASS,84,36.0,241.0,35.0,是
0703002-0918-11-09-gnss_raw.txt,2436,443150.000,GLONASS,85,0.0,0.0,31.0,是
0703002-0918-11-09-gnss_raw.txt,2436,443150.000,Galileo,13,0.0,0.0,33.0,是
0703002-0918-11-09-gnss_raw.txt,2436,443150.000,Galileo,26,60.0,271.0,32.0,是
0703002-0918-11-09-gnss_raw.txt,2436,443150.000,Galileo,29,33.0,270.0,28.0,是
0703002-0918-11-09-gnss_raw.txt,2436,443150.000,QZSS,3,43.0,168.0,31.0,是
0703002-0918-11-09-gnss_raw.txt,2436,443150.000,QZSS,7,53.0,169.0,28.0,是
0703002-0918-11-09-gnss_raw.txt,2436,443150.000,BDS,1,48.0,147.0,30.0,是
0703002-0918-11-09-gnss_raw.txt,2436,443150.000,BDS,2,0.0,0.0,31.0,是
0703002-0918-11-09-gnss_raw.txt,2436,443150.000,BDS,3,0.0,0.0,31.0,是
0703002-0918-11-09-gnss_raw.txt,2436,443150.000,BDS,4,37.0,120.0,31.0,是
0703002-0918-11-09-gnss_raw.txt,2436,443150.000,BDS,6,69.0,38.0,33.0,是
0703002-0918-11-09-gnss_raw.txt,2436,443150.000,BDS,7,58.0,188.0,32.0,是
0703002-0918-11-09-gnss_raw.txt,2436,443150.000,BDS,10,48.0,190.0,30.0,是
0703002-0918-11-09-gnss_raw.txt,2436,443150.000,BDS,11,0.0,0.0,22.0,是
0703002-0918-11-09-gnss_raw.txt,2436,443150.000,BDS,20,58.0,28.0,33.0,是
0703002-0918-11-09-gnss_raw.txt,2436,443150.000,BDS,29,21.0,231.0,25.0,是
0703002-0918-11-09-gnss_raw.txt,2436,443150.000,BDS,32,0.0,0.0,27.0,是
0703002-0918-11-09-gnss_raw.txt,2436,443150.000,BDS,35,17.0,285.0,20.0,是
0703002-0918-11-09-gnss_raw.txt,2436,443150.000,BDS,37,46.0,78.0,32.0,是
0703002-0918-11-09-gnss_raw.txt,2436,443151.000,GPS,13,27.0,135.0,28.0,是
0703002-0918-11-09-gnss_raw.txt,2436,443151.000,GPS,15,0.0,0.0,31.0,是
0703002-0918-11-09-gnss_raw.txt,2436,443151.000,GPS,18,46.0,215.0,34.0,是
0703002-0918-11-09-gnss_raw.txt,2436,443151.000,GPS,20,0.0,0.0,26.0,是
0703002-0918-11-09-gnss_raw.txt,2436,443151.000,GPS,24,66.0,46.0,36.0,是
0703002-0918-11-09-gnss_raw.txt,2436,443151.000,GPS,32,0.0,0.0,23.0,是
0703002-0918-11-09-gnss_raw.txt,2436,443151.000,GLONASS,68,20.0,68.0,31.0,是
0703002-0918-11-09-gnss_raw.txt,2436,443151.000,GLONASS,69,45.0,15.0,24.0,是
0703002-0918-11-09-gnss_raw.txt,2436,443151.000,GLONASS,79,0.0,0.0,25.0,是
0703002-0918-11-09-gnss_raw.txt,2436,443151.000,GLONASS,80,26.0,160.0,33.0,是
0703002-0918-11-09-gnss_raw.txt,2436,443151.000,GLONASS,84,36.0,241.0,33.0,是
0703002-0918-11-09-gnss_raw.txt,2436,443151.000,GLONASS,85,0.0,0.0,28.0,是
0703002-0918-11-09-gnss_raw.txt,2436,443151.000,Galileo,13,0.0,0.0,33.0,是
0703002-0918-11-09-gnss_raw.txt,2436,443151.000,Galileo,26,60.0,271.0,31.0,是
0703002-0918-11-09-gnss_raw.txt,2436,443151.000,Galileo,29,33.0,270.0,30.0,是
0703002-0918-11-09-gnss_raw.txt,2436,443151.000,QZSS,3,43.0,168.0,31.0,是
0703002-0918-11-09-gnss_raw.txt,2436,443151.000,QZSS,7,53.0,169.0,28.0,是
0703002-0918-11-09-gnss_raw.txt,2436,443151.000,BDS,1,48.0,147.0,32.0,是
0703002-0918-11-09-gnss_raw.txt,2436,443151.000,BDS,2,0.0,0.0,28.0,是
0703002-0918-11-09-gnss_raw.txt,2436,443151.000,BDS,3,0.0,0.0,31.0,是
0703002-0918-11-09-gnss_raw.txt,2436,443151.000,BDS,4,37.0,120.0,29.0,是
0703002-0918-11-09-gnss_raw.txt,2436,443151.000,BDS,6,69.0,38.0,33.0,是
0703002-0918-11-09-gnss_raw.txt,2436,443151.000,BDS,7,58.0,188.0,32.0,是
0703002-0918-11-09-gnss_raw.txt,2436,443151.000,BDS,10,48.0,190.0,31.0,是
0703002-0918-11-09-gnss_raw.txt,2436,443151.000,BDS,11,0.0,0.0,23.0,是
0703002-0918-11-09-gnss_raw.txt,2436,443151.000,BDS,20,58.0,28.0,33.0,是
0703002-0918-11-09-gnss_raw.txt,2436,443151.000,BDS,29,21.0,231.0,25.0,是
0703002-0918-11-09-gnss_raw.txt,2436,443151.000,BDS,32,0.0,0.0,30.0,是
0703002-0918-11-09-gnss_raw.txt,2436,443151.000,BDS,35,17.0,285.0,25.0,是
0703002-0918-11-09-gnss_raw.txt,2436,443151.000,BDS,37,46.0,78.0,32.0,是
0703002-0918-11-09-gnss_raw.txt,2436,443152.000,GPS,13,27.0,135.0,29.0,是
0703002-0918-11-09-gnss_raw.txt,2436,443152.000,GPS,15,0.0,0.0,28.0,是
0703002-0918-11-09-gnss_raw.txt,2436,443152.000,GPS,18,46.0,215.0,33.0,是
0703002-0918-11-09-gnss_raw.txt,2436,443152.000,GPS,20,0.0,0.0,27.0,是
0703002-0918-11-09-gnss_raw.txt,2436,443152.000,GPS,24,66.0,46.0,35.0,是
0703002-0918-11-09-gnss_raw.txt,2436,443152.000,GPS,32,0.0,0.0,24.0,是
0703002-0918-11-09-gnss_raw.txt,2436,443152.000,GLONASS,68,20.0,68.0,32.0,是
0703002-0918-11-09-gnss_raw.txt,2436,443152.000,GLONASS,69,45.0,15.0,26.0,是
0703002-0918-11-09-gnss_raw.txt,2436,443152.000,GLONASS,79,0.0,0.0,25.0,是
0703002-0918-11-09-gnss_raw.txt,2436,443152.000,GLONASS,80,26.0,160.0,35.0,是
0703002-0918-11-09-gnss_raw.txt,2436,443152.000,GLONASS,84,36.0,241.0,32.0,是
0703002-0918-11-09-gnss_raw.txt,2436,443152.000,GLONASS,85,0.0,0.0,31.0,是
0703002-0918-11-09-gnss_raw.txt,2436,443152.000,Galileo,13,0.0,0.0,33.0,是
0703002-0918-11-09-gnss_raw.txt,2436,443152.000,Galileo,26,60.0,271.0,30.0,是
0703002-0918-11-09-gnss_raw.txt,2436,443152.000,Galileo,29,33.0,270.0,30.0,是
0703002-0918-11-09-gnss_raw.txt,2436,443152.000,QZSS,3,43.0,168.0,31.0,是
0703002-0918-11-09-gnss_raw.txt,2436,443152.000,QZSS,7,53.0,169.0,28.0,是
0703002-0918-11-09-gnss_raw.txt,2436,443152.000,BDS,1,48.0,147.0,32.0,是
0703002-0918-11-09-gnss_raw.txt,2436,443152.000,BDS,2,0.0,0.0,28.0,是
0703002-0918-11-09-gnss_raw.txt,2436,443152.000,BDS,3,0.0,0.0,29.0,是
0703002-0918-11-09-gnss_raw.txt,2436,443152.000,BDS,4,37.0,120.0,30.0,是
0703002-0918-11-09-gnss_raw.txt,2436,443152.000,BDS,6,69.0,38.0,33.0,是
0703002-0918-11-09-gnss_raw.txt,2436,443152.000,BDS,7,58.0,188.0,31.0,是
0703002-0918-11-09-gnss_raw.txt,2436,443152.000,BDS,10,48.0,190.0,31.0,是
0703002-0918-11-09-gnss_raw.txt,2436,443152.000,BDS,11,0.0,0.0,21.0,是
0703002-0918-11-09-gnss_raw.txt,2436,443152.000,BDS,20,58.0,28.0,34.0,是
0703002-0918-11-09-gnss_raw.txt,2436,443152.000,BDS,29,21.0,231.0,26.0,是
0703002-0918-11-09-gnss_raw.txt,2436,443152.000,BDS,32,0.0,0.0,30.0,是
0703002-0918-11-09-gnss_raw.txt,2436,443152.000,BDS,35,17.0,285.0,25.0,是
0703002-0918-11-09-gnss_raw.txt,2436,443152.000,BDS,37,46.0,78.0,32.0,是
0703002-0918-11-09-gnss_raw.txt,2436,443153.000,GPS,13,27.0,135.0,29.0,是
0703002-0918-11-09-gnss_raw.txt,2436,443153.000,GPS,15,0.0,0.0,25.0,是
0703002-0918-11-09-gnss_raw.txt,2436,443153.000,GPS,18,46.0,215.0,32.0,是
0703002-0918-11-09-gnss_raw.txt,2436,443153.000,GPS,20,0.0,0.0,28.0,是
0703002-0918-11-09-gnss_raw.txt,2436,443153.000,GPS,24,66.0,46.0,35.0,是
0703002-0918-11-09-gnss_raw.txt,2436,443153.000,GPS,32,0.0,0.0,22.0,是
0703002-0918-11-09-gnss_raw.txt,2436,443153.000,GLONASS,68,20.0,68.0,26.0,是
0703002-0918-11-09-gnss_raw.txt,2436,443153.000,GLONASS,69,45.0,15.0,22.0,是
0703002-0918-11-09-gnss_raw.txt,2436,443153.000,GLONASS,79,0.0,0.0,26.0,是
0703002-0918-11-09-gnss_raw.txt,2436,443153.000,GLONASS,80,26.0,160.0,36.0,是
0703002-0918-11-09-gnss_raw.txt,2436,443153.000,GLONASS,84,36.0,241.0,28.0,是
0703002-0918-11-09-gnss_raw.txt,2436,443153.000,GLONASS,85,0.0,0.0,33.0,是
0703002-0918-11-09-gnss_raw.txt,2436,443153.000,Galileo,13,0.0,0.0,34.0,是
0703002-0918-11-09-gnss_raw.txt,2436,443153.000,Galileo,26,60.0,271.0,33.0,是
0703002-0918-11-09-gnss_raw.txt,2436,443153.000,Galileo,29,33.0,270.0,30.0,是
0703002-0918-11-09-gnss_raw.txt,2436,443153.000,QZSS,3,43.0,168.0,32.0,是
0703002-0918-11-09-gnss_raw.txt,2436,443153.000,QZSS,7,53.0,169.0,27.0,是
0703002-0918-11-09-gnss_raw.txt,2436,443153.000,BDS,1,48.0,147.0,30.0,是
0703002-0918-11-09-gnss_raw.txt,2436,443153.000,BDS,2,0.0,0.0,30.0,是
0703002-0918-11-09-gnss_raw.txt,2436,443153.000,BDS,3,0.0,0.0,27.0,是
0703002-0918-11-09-gnss_raw.txt,2436,443153.000,BDS,4,37.0,120.0,30.0,是
0703002-0918-11-09-gnss_raw.txt,2436,443153.000,BDS,6,69.0,38.0,33.0,是
0703002-0918-11-09-gnss_raw.txt,2436,443153.000,BDS,7,58.0,188.0,30.0,是
0703002-0918-11-09-gnss_raw.txt,2436,443153.000,BDS,10,48.0,190.0,30.0,是
0703002-0918-11-09-gnss_raw.txt,2436,443153.000,BDS,11,0.0,0.0,25.0,是
0703002-0918-11-09-gnss_raw.txt,2436,443153.000,BDS,20,58.0,28.0,34.0,是
0703002-0918-11-09-gnss_raw.txt,2436,443153.000,BDS,29,21.0,231.0,27.0,是
0703002-0918-11-09-gnss_raw.txt,2436,443153.000,BDS,32,0.0,0.0,32.0,是
0703002-0918-11-09-gnss_raw.txt,2436,443153.000,BDS,35,17.0,285.0,24.0,是
0703002-0918-11-09-gnss_raw.txt,2436,443153.000,BDS,37,46.0,78.0,31.0,是
0703002-0918-11-09-gnss_raw.txt,2436,443154.000,GPS,13,27.0,135.0,31.0,是
0703002-0918-11-09-gnss_raw.txt,2436,443154.000,GPS,15,0.0,0.0,22.0,是
0703002-0918-11-09-gnss_raw.txt,2436,443154.000,GPS,18,46.0,215.0,30.0,是
0703002-0918-11-09-gnss_raw.txt,2436,443154.000,GPS,20,0.0,0.0,27.0,是
0703002-0918-11-09-gnss_raw.txt,2436,443154.000,GPS,24,66.0,46.0,35.0,是
0703002-0918-11-09-gnss_raw.txt,2436,443154.000,GPS,32,0.0,0.0,22.0,是
0703002-0918-11-09-gnss_raw.txt,2436,443154.000,GLONASS,68,20.0,68.0,25.0,是
0703002-0918-11-09-gnss_raw.txt,2436,443154.000,GLONASS,69,0.0,0.0,19.0,是
0703002-0918-11-09-gnss_raw.txt,2436,443154.000,GLONASS,79,47.0,94.0,29.0,是
0703002-0918-11-09-gnss_raw.txt,2436,443154.000,GLONASS,80,26.0,160.0,36.0,是
0703002-0918-11-09-gnss_raw.txt,2436,443154.000,GLONASS,84,36.0,241.0,28.0,是
0703002-0918-11-09-gnss_raw.txt,2436,443154.000,GLONASS,85,0.0,0.0,35.0,是
0703002-0918-11-09-gnss_raw.txt,2436,443154.000,Galileo,13,0.0,0.0,30.0,是
0703002-0918-11-09-gnss_raw.txt,2436,443154.000,Galileo,26,60.0,271.0,33.0,是
0703002-0918-11-09-gnss_raw.txt,2436,443154.000,Galileo,29,33.0,270.0,27.0,是
0703002-0918-11-09-gnss_raw.txt,2436,443154.000,QZSS,3,43.0,168.0,32.0,是
0703002-0918-11-09-gnss_raw.txt,2436,443154.000,QZSS,7,53.0,169.0,25.0,是
0703002-0918-11-09-gnss_raw.txt,2436,443154.000,BDS,1,48.0,147.0,30.0,是
0703002-0918-11-09-gnss_raw.txt,2436,443154.000,BDS,2,0.0,0.0,29.0,是
0703002-0918-11-09-gnss_raw.txt,2436,443154.000,BDS,3,0.0,0.0,27.0,是
0703002-0918-11-09-gnss_raw.txt,2436,443154.000,BDS,4,37.0,120.0,31.0,是
0703002-0918-11-09-gnss_raw.txt,2436,443154.000,BDS,6,69.0,38.0,33.0,是
0703002-0918-11-09-gnss_raw.txt,2436,443154.000,BDS,7,58.0,188.0,29.0,是
0703002-0918-11-09-gnss_raw.txt,2436,443154.000,BDS,10,48.0,190.0,28.0,是
0703002-0918-11-09-gnss_raw.txt,2436,443154.000,BDS,11,0.0,0.0,26.0,是
0703002-0918-11-09-gnss_raw.txt,2436,443154.000,BDS,20,58.0,28.0,34.0,是
0703002-0918-11-09-gnss_raw.txt,2436,443154.000,BDS,29,21.0,231.0,24.0,是
0703002-0918-11-09-gnss_raw.txt,2436,443154.000,BDS,32,0.0,0.0,27.0,是
0703002-0918-11-09-gnss_raw.txt,2436,443154.000,BDS,35,17.0,285.0,26.0,是
0703002-0918-11-09-gnss_raw.txt,2436,443154.000,BDS,37,46.0,78.0,30.0,是
0703002-0918-11-09-gnss_raw.txt,2436,443155.000,GPS,13,27.0,135.0,31.0,是
0703002-0918-11-09-gnss_raw.txt,2436,443155.000,GPS,15,0.0,0.0,21.0,是
0703002-0918-11-09-gnss_raw.txt,2436,443155.000,GPS,18,46.0,215.0,30.0,是
0703002-0918-11-09-gnss_raw.txt,2436,443155.000,GPS,20,0.0,0.0,25.0,是
0703002-0918-11-09-gnss_raw.txt,2436,443155.000,GPS,24,66.0,46.0,35.0,是
0703002-0918-11-09-gnss_raw.txt,2436,443155.000,GPS,32,0.0,0.0,22.0,是
0703002-0918-11-09-gnss_raw.txt,2436,443155.000,GLONASS,68,20.0,68.0,30.0,是
0703002-0918-11-09-gnss_raw.txt,2436,443155.000,GLONASS,69,0.0,0.0,18.0,是
0703002-0918-11-09-gnss_raw.txt,2436,443155.000,GLONASS,79,47.0,94.0,28.0,是
0703002-0918-11-09-gnss_raw.txt,2436,443155.000,GLONASS,80,26.0,160.0,36.0,是
0703002-0918-11-09-gnss_raw.txt,2436,443155.000,GLONASS,84,36.0,241.0,29.0,是
0703002-0918-11-09-gnss_raw.txt,2436,443155.000,GLONASS,85,0.0,0.0,32.0,是
0703002-0918-11-09-gnss_raw.txt,2436,443155.000,Galileo,13,0.0,0.0,30.0,是
0703002-0918-11-09-gnss_raw.txt,2436,443155.000,Galileo,26,60.0,271.0,30.0,是
0703002-0918-11-09-gnss_raw.txt,2436,443155.000,Galileo,29,33.0,270.0,29.0,是
0703002-0918-11-09-gnss_raw.txt,2436,443155.000,QZSS,3,43.0,168.0,30.0,是
0703002-0918-11-09-gnss_raw.txt,2436,443155.000,QZSS,7,53.0,169.0,25.0,是
0703002-0918-11-09-gnss_raw.txt,2436,443155.000,BDS,1,48.0,147.0,27.0,是
0703002-0918-11-09-gnss_raw.txt,2436,443155.000,BDS,2,0.0,0.0,30.0,是
0703002-0918-11-09-gnss_raw.txt,2436,443155.000,BDS,3,0.0,0.0,28.0,是
0703002-0918-11-09-gnss_raw.txt,2436,443155.000,BDS,4,37.0,120.0,31.0,是
0703002-0918-11-09-gnss_raw.txt,2436,443155.000,BDS,6,69.0,38.0,32.0,是
0703002-0918-11-09-gnss_raw.txt,2436,443155.000,BDS,7,58.0,188.0,28.0,是
0703002-0918-11-09-gnss_raw.txt,2436,443155.000,BDS,10,48.0,190.0,27.0,是
0703002-0918-11-09-gnss_raw.txt,2436,443155.000,BDS,11,0.0,0.0,25.0,是
0703002-0918-11-09-gnss_raw.txt,2436,443155.000,BDS,20,58.0,28.0,34.0,是
0703002-0918-11-09-gnss_raw.txt,2436,443155.000,BDS,29,21.0,231.0,26.0,是
0703002-0918-11-09-gnss_raw.txt,2436,443155.000,BDS,32,0.0,0.0,25.0,是
0703002-0918-11-09-gnss_raw.txt,2436,443155.000,BDS,35,17.0,285.0,27.0,是
0703002-0918-11-09-gnss_raw.txt,2436,443155.000,BDS,37,46.0,78.0,29.0,是
0703002-0918-11-09-gnss_raw.txt,2436,443156.000,GPS,13,27.0,135.0,33.0,是
0703002-0918-11-09-gnss_raw.txt,2436,443156.000,GPS,15,0.0,0.0,19.0,是
0703002-0918-11-09-gnss_raw.txt,2436,443156.000,GPS,18,46.0,215.0,30.0,是
0703002-0918-11-09-gnss_raw.txt,2436,443156.000,GPS,20,0.0,0.0,24.0,是
0703002-0918-11-09-gnss_raw.txt,2436,443156.000,GPS,24,66.0,46.0,35.0,是
0703002-0918-11-09-gnss_raw.txt,2436,443156.000,GPS,32,0.0,0.0,23.0,是
0703002-0918-11-09-gnss_raw.txt,2436,443156.000,GLONASS,68,20.0,68.0,29.0,是
0703002-0918-11-09-gnss_raw.txt,2436,443156.000,GLONASS,79,47.0,94.0,27.0,是
0703002-0918-11-09-gnss_raw.txt,2436,443156.000,GLONASS,80,26.0,160.0,34.0,是
0703002-0918-11-09-gnss_raw.txt,2436,443156.000,GLONASS,84,36.0,241.0,31.0,是
0703002-0918-11-09-gnss_raw.txt,2436,443156.000,GLONASS,85,0.0,0.0,35.0,是
0703002-0918-11-09-gnss_raw.txt,2436,443156.000,Galileo,13,0.0,0.0,29.0,是
0703002-0918-11-09-gnss_raw.txt,2436,443156.000,Galileo,26,60.0,271.0,32.0,是
0703002-0918-11-09-gnss_raw.txt,2436,443156.000,Galileo,29,33.0,270.0,31.0,是
0703002-0918-11-09-gnss_raw.txt,2436,443156.000,QZSS,3,43.0,168.0,27.0,是
0703002-0918-11-09-gnss_raw.txt,2436,443156.000,QZSS,7,53.0,169.0,25.0,是
0703002-0918-11-09-gnss_raw.txt,2436,443156.000,BDS,1,48.0,147.0,31.0,是
0703002-0918-11-09-gnss_raw.txt,2436,443156.000,BDS,2,0.0,0.0,27.0,是
0703002-0918-11-09-gnss_raw.txt,2436,443156.000,BDS,3,0.0,0.0,27.0,是
0703002-0918-11-09-gnss_raw.txt,2436,443156.000,BDS,4,37.0,120.0,32.0,是
0703002-0918-11-09-gnss_raw.txt,2436,443156.000,BDS,6,69.0,38.0,32.0,是
0703002-0918-11-09-gnss_raw.txt,2436,443156.000,BDS,7,58.0,188.0,26.0,是
0703002-0918-11-09-gnss_raw.txt,2436,443156.000,BDS,10,48.0,190.0,28.0,是
0703002-0918-11-09-gnss_raw.txt,2436,443156.000,BDS,11,0.0,0.0,24.0,是
0703002-0918-11-09-gnss_raw.txt,2436,443156.000,BDS,20,58.0,28.0,33.0,是
0703002-0918-11-09-gnss_raw.txt,2436,443156.000,BDS,29,21.0,231.0,24.0,是
0703002-0918-11-09-gnss_raw.txt,2436,443156.000,BDS,32,0.0,0.0,28.0,是
0703002-0918-11-09-gnss_raw.txt,2436,443156.000,BDS,35,17.0,285.0,26.0,是
0703002-0918-11-09-gnss_raw.txt,2436,443156.000,BDS,37,46.0,78.0,31.0,是
0703002-0918-11-09-gnss_raw.txt,2436,443157.000,GPS,13,27.0,135.0,33.0,是
0703002-0918-11-09-gnss_raw.txt,2436,443157.000,GPS,15,0.0,0.0,16.0,是
0703002-0918-11-09-gnss_raw.txt,2436,443157.000,GPS,18,46.0,215.0,26.0,是
0703002-0918-11-09-gnss_raw.txt,2436,443157.000,GPS,20,0.0,0.0,25.0,是
0703002-0918-11-09-gnss_raw.txt,2436,443157.000,GPS,24,66.0,46.0,35.0,是
0703002-0918-11-09-gnss_raw.txt,2436,443157.000,GPS,32,0.0,0.0,23.0,是
0703002-0918-11-09-gnss_raw.txt,2436,443157.000,GLONASS,68,20.0,68.0,28.0,是
0703002-0918-11-09-gnss_raw.txt,2436,443157.000,GLONASS,79,47.0,94.0,28.0,是
0703002-0918-11-09-gnss_raw.txt,2436,443157.000,GLONASS,80,26.0,160.0,29.0,是
0703002-0918-11-09-gnss_raw.txt,2436,443157.000,GLONASS,84,36.0,241.0,31.0,是
0703002-0918-11-09-gnss_raw.txt,2436,443157.000,GLONASS,85,0.0,0.0,34.0,是
0703002-0918-11-09-gnss_raw.txt,2436,443157.000,Galileo,13,0.0,0.0,30.0,是
0703002-0918-11-09-gnss_raw.txt,2436,443157.000,Galileo,26,60.0,271.0,32.0,是
0703002-0918-11-09-gnss_raw.txt,2436,443157.000,Galileo,29,33.0,270.0,33.0,是
0703002-0918-11-09-gnss_raw.txt,2436,443157.000,QZSS,3,43.0,168.0,27.0,是
0703002-0918-11-09-gnss_raw.txt,2436,443157.000,QZSS,7,53.0,169.0,25.0,是
0703002-0918-11-09-gnss_raw.txt,2436,443157.000,BDS,1,48.0,147.0,34.0,是
0703002-0918-11-09-gnss_raw.txt,2436,443157.000,BDS,2,0.0,0.0,29.0,是
0703002-0918-11-09-gnss_raw.txt,2436,443157.000,BDS,3,0.0,0.0,32.0,是
0703002-0918-11-09-gnss_raw.txt,2436,443157.000,BDS,4,37.0,120.0,30.0,是
0703002-0918-11-09-gnss_raw.txt,2436,443157.000,BDS,6,69.0,38.0,32.0,是
0703002-0918-11-09-gnss_raw.txt,2436,443157.000,BDS,7,58.0,188.0,24.0,是
0703002-0918-11-09-gnss_raw.txt,2436,443157.000,BDS,10,48.0,190.0,27.0,是
0703002-0918-11-09-gnss_raw.txt,2436,443157.000,BDS,11,0.0,0.0,21.0,是
0703002-0918-11-09-gnss_raw.txt,2436,443157.000,BDS,20,58.0,28.0,32.0,是
0703002-0918-11-09-gnss_raw.txt,2436,443157.000,BDS,29,21.0,231.0,22.0,是
0703002-0918-11-09-gnss_raw.txt,2436,443157.000,BDS,32,0.0,0.0,27.0,是
0703002-0918-11-09-gnss_raw.txt,2436,443157.000,BDS,35,17.0,285.0,25.0,是
0703002-0918-11-09-gnss_raw.txt,2436,443157.000,BDS,37,46.0,78.0,31.0,是
0703002-0918-11-09-gnss_raw.txt,2436,443158.000,GPS,13,27.0,135.0,29.0,是
0703002-0918-11-09-gnss_raw.txt,2436,443158.000,GPS,18,46.0,215.0,25.0,是
0703002-0918-11-09-gnss_raw.txt,2436,443158.000,GPS,20,0.0,0.0,25.0,是
0703002-0918-11-09-gnss_raw.txt,2436,443158.000,GPS,24,66.0,46.0,35.0,是
0703002-0918-11-09-gnss_raw.txt,2436,443158.000,GPS,32,0.0,0.0,24.0,是
0703002-0918-11-09-gnss_raw.txt,2436,443158.000,GLONASS,68,20.0,68.0,28.0,是
0703002-0918-11-09-gnss_raw.txt,2436,443158.000,GLONASS,79,47.0,94.0,29.0,是
0703002-0918-11-09-gnss_raw.txt,2436,443158.000,GLONASS,80,26.0,160.0,30.0,是
0703002-0918-11-09-gnss_raw.txt,2436,443158.000,GLONASS,84,36.0,241.0,32.0,是
0703002-0918-11-09-gnss_raw.txt,2436,443158.000,GLONASS,85,0.0,0.0,35.0,是
0703002-0918-11-09-gnss_raw.txt,2436,443158.000,Galileo,13,0.0,0.0,31.0,是
0703002-0918-11-09-gnss_raw.txt,2436,443158.000,Galileo,26,60.0,271.0,31.0,是
0703002-0918-11-09-gnss_raw.txt,2436,443158.000,Galileo,29,33.0,270.0,31.0,是
0703002-0918-11-09-gnss_raw.txt,2436,443158.000,QZSS,3,43.0,168.0,26.0,是
0703002-0918-11-09-gnss_raw.txt,2436,443158.000,QZSS,7,53.0,169.0,25.0,是
0703002-0918-11-09-gnss_raw.txt,2436,443158.000,BDS,1,48.0,147.0,30.0,是
0703002-0918-11-09-gnss_raw.txt,2436,443158.000,BDS,2,0.0,0.0,27.0,是
0703002-0918-11-09-gnss_raw.txt,2436,443158.000,BDS,3,0.0,0.0,31.0,是
0703002-0918-11-09-gnss_raw.txt,2436,443158.000,BDS,4,37.0,120.0,30.0,是
0703002-0918-11-09-gnss_raw.txt,2436,443158.000,BDS,6,69.0,38.0,32.0,是
0703002-0918-11-09-gnss_raw.txt,2436,443158.000,BDS,7,58.0,188.0,25.0,是
0703002-0918-11-09-gnss_raw.txt,2436,443158.000,BDS,10,48.0,190.0,26.0,是
0703002-0918-11-09-gnss_raw.txt,2436,443158.000,BDS,11,0.0,0.0,19.0,是
0703002-0918-11-09-gnss_raw.txt,2436,443158.000,BDS,20,58.0,28.0,32.0,是
0703002-0918-11-09-gnss_raw.txt,2436,443158.000,BDS,29,21.0,231.0,22.0,是
0703002-0918-11-09-gnss_raw.txt,2436,443158.000,BDS,32,0.0,0.0,25.0,是
0703002-0918-11-09-gnss_raw.txt,2436,443158.000,BDS,35,17.0,285.0,27.0,是
0703002-0918-11-09-gnss_raw.txt,2436,443158.000,BDS,37,46.0,78.0,31.0,是
0703002-0918-11-09-gnss_raw.txt,2436,443159.000,GPS,13,27.0,135.0,29.0,是
0703002-0918-11-09-gnss_raw.txt,2436,443159.000,GPS,18,46.0,215.0,28.0,是
0703002-0918-11-09-gnss_raw.txt,2436,443159.000,GPS,20,0.0,0.0,24.0,是
0703002-0918-11-09-gnss_raw.txt,2436,443159.000,GPS,24,66.0,46.0,35.0,是
0703002-0918-11-09-gnss_raw.txt,2436,443159.000,GPS,32,0.0,0.0,23.0,是
0703002-0918-11-09-gnss_raw.txt,2436,443159.000,GLONASS,68,20.0,68.0,28.0,是
0703002-0918-11-09-gnss_raw.txt,2436,443159.000,GLONASS,78,0.0,0.0,29.0,是
0703002-0918-11-09-gnss_raw.txt,2436,443159.000,GLONASS,79,47.0,94.0,28.0,是
0703002-0918-11-09-gnss_raw.txt,2436,443159.000,GLONASS,80,26.0,160.0,33.0,是
0703002-0918-11-09-gnss_raw.txt,2436,443159.000,GLONASS,84,36.0,241.0,30.0,是
0703002-0918-11-09-gnss_raw.txt,2436,443159.000,GLONASS,85,0.0,0.0,33.0,是
0703002-0918-11-09-gnss_raw.txt,2436,443159.000,Galileo,13,0.0,0.0,28.0,是
0703002-0918-11-09-gnss_raw.txt,2436,443159.000,Galileo,26,60.0,271.0,32.0,是
0703002-0918-11-09-gnss_raw.txt,2436,443159.000,Galileo,29,33.0,270.0,30.0,是
0703002-0918-11-09-gnss_raw.txt,2436,443159.000,QZSS,3,43.0,168.0,28.0,是
0703002-0918-11-09-gnss_raw.txt,2436,443159.000,QZSS,7,53.0,169.0,24.0,是
0703002-0918-11-09-gnss_raw.txt,2436,443159.000,BDS,1,48.0,147.0,31.0,是
0703002-0918-11-09-gnss_raw.txt,2436,443159.000,BDS,2,0.0,0.0,27.0,是
0703002-0918-11-09-gnss_raw.txt,2436,443159.000,BDS,3,0.0,0.0,27.0,是
0703002-0918-11-09-gnss_raw.txt,2436,443159.000,BDS,4,37.0,120.0,31.0,是
0703002-0918-11-09-gnss_raw.txt,2436,443159.000,BDS,6,69.0,38.0,33.0,是
0703002-0918-11-09-gnss_raw.txt,2436,443159.000,BDS,7,58.0,188.0,27.0,是
0703002-0918-11-09-gnss_raw.txt,2436,443159.000,BDS,10,48.0,190.0,25.0,是
0703002-0918-11-09-gnss_raw.txt,2436,443159.000,BDS,11,0.0,0.0,21.0,是
0703002-0918-11-09-gnss_raw.txt,2436,443159.000,BDS,20,58.0,28.0,33.0,是
0703002-0918-11-09-gnss_raw.txt,2436,443159.000,BDS,29,21.0,231.0,24.0,是
0703002-0918-11-09-gnss_raw.txt,2436,443159.000,BDS,32,0.0,0.0,25.0,是
0703002-0918-11-09-gnss_raw.txt,2436,443159.000,BDS,35,17.0,285.0,28.0,是
0703002-0918-11-09-gnss_raw.txt,2436,443159.000,BDS,37,46.0,78.0,31.0,是
0703002-0918-11-09-gnss_raw.txt,2436,443160.000,GPS,13,27.0,135.0,29.0,是
0703002-0918-11-09-gnss_raw.txt,2436,443160.000,GPS,18,46.0,215.0,27.0,是
0703002-0918-11-09-gnss_raw.txt,2436,443160.000,GPS,20,0.0,0.0,25.0,是
0703002-0918-11-09-gnss_raw.txt,2436,443160.000,GPS,24,66.0,46.0,35.0,是
0703002-0918-11-09-gnss_raw.txt,2436,443160.000,GPS,32,0.0,0.0,23.0,是
0703002-0918-11-09-gnss_raw.txt,2436,443160.000,GLONASS,68,20.0,68.0,26.0,是
0703002-0918-11-09-gnss_raw.txt,2436,443160.000,GLONASS,78,0.0,0.0,29.0,是
0703002-0918-11-09-gnss_raw.txt,2436,443160.000,GLONASS,79,47.0,94.0,26.0,是
0703002-0918-11-09-gnss_raw.txt,2436,443160.000,GLONASS,80,26.0,160.0,31.0,是
0703002-0918-11-09-gnss_raw.txt,2436,443160.000,GLONASS,84,36.0,241.0,26.0,是
0703002-0918-11-09-gnss_raw.txt,2436,443160.000,GLONASS,85,0.0,0.0,34.0,是
0703002-0918-11-09-gnss_raw.txt,2436,443160.000,Galileo,13,0.0,0.0,29.0,是
0703002-0918-11-09-gnss_raw.txt,2436,443160.000,Galileo,26,60.0,271.0,35.0,是
0703002-0918-11-09-gnss_raw.txt,2436,443160.000,Galileo,29,33.0,270.0,30.0,是
0703002-0918-11-09-gnss_raw.txt,2436,443160.000,QZSS,3,43.0,168.0,30.0,是
0703002-0918-11-09-gnss_raw.txt,2436,443160.000,QZSS,7,53.0,169.0,25.0,是
0703002-0918-11-09-gnss_raw.txt,2436,443160.000,BDS,1,48.0,147.0,32.0,是
0703002-0918-11-09-gnss_raw.txt,2436,443160.000,BDS,2,0.0,0.0,26.0,是
0703002-0918-11-09-gnss_raw.txt,2436,443160.000,BDS,3,0.0,0.0,26.0,是
0703002-0918-11-09-gnss_raw.txt,2436,443160.000,BDS,4,37.0,120.0,29.0,是
0703002-0918-11-09-gnss_raw.txt,2436,443160.000,BDS,6,69.0,38.0,32.0,是
0703002-0918-11-09-gnss_raw.txt,2436,443160.000,BDS,7,58.0,188.0,27.0,是
0703002-0918-11-09-gnss_raw.txt,2436,443160.000,BDS,10,48.0,190.0,24.0,是
0703002-0918-11-09-gnss_raw.txt,2436,443160.000,BDS,11,0.0,0.0,22.0,是
0703002-0918-11-09-gnss_raw.txt,2436,443160.000,BDS,20,58.0,28.0,34.0,是
0703002-0918-11-09-gnss_raw.txt,2436,443160.000,BDS,29,21.0,231.0,23.0,是
0703002-0918-11-09-gnss_raw.txt,2436,443160.000,BDS,32,0.0,0.0,25.0,是
0703002-0918-11-09-gnss_raw.txt,2436,443160.000,BDS,35,17.0,285.0,28.0,是
0703002-0918-11-09-gnss_raw.txt,2436,443160.000,BDS,37,46.0,78.0,31.0,是
0703002-0918-11-09-gnss_raw.txt,2436,443161.000,GPS,13,27.0,135.0,31.0,是
0703002-0918-11-09-gnss_raw.txt,2436,443161.000,GPS,15,0.0,0.0,25.0,是
0703002-0918-11-09-gnss_raw.txt,2436,443161.000,GPS,18,46.0,215.0,26.0,是
0703002-0918-11-09-gnss_raw.txt,2436,443161.000,GPS,20,0.0,0.0,26.0,是
0703002-0918-11-09-gnss_raw.txt,2436,443161.000,GPS,24,66.0,46.0,35.0,是
0703002-0918-11-09-gnss_raw.txt,2436,443161.000,GPS,32,0.0,0.0,22.0,是
0703002-0918-11-09-gnss_raw.txt,2436,443161.000,GLONASS,68,20.0,68.0,24.0,是
0703002-0918-11-09-gnss_raw.txt,2436,443161.000,GLONASS,78,0.0,0.0,28.0,是
0703002-0918-11-09-gnss_raw.txt,2436,443161.000,GLONASS,79,47.0,94.0,28.0,是
0703002-0918-11-09-gnss_raw.txt,2436,443161.000,GLONASS,80,26.0,160.0,29.0,是
0703002-0918-11-09-gnss_raw.txt,2436,443161.000,GLONASS,84,36.0,241.0,27.0,是
0703002-0918-11-09-gnss_raw.txt,2436,443161.000,GLONASS,85,0.0,0.0,35.0,是
0703002-0918-11-09-gnss_raw.txt,2436,443161.000,Galileo,13,0.0,0.0,31.0,是
0703002-0918-11-09-gnss_raw.txt,2436,443161.000,Galileo,26,60.0,271.0,35.0,是
0703002-0918-11-09-gnss_raw.txt,2436,443161.000,Galileo,29,33.0,270.0,26.0,是
0703002-0918-11-09-gnss_raw.txt,2436,443161.000,QZSS,3,43.0,168.0,32.0,是
0703002-0918-11-09-gnss_raw.txt,2436,443161.000,QZSS,7,53.0,169.0,25.0,是
0703002-0918-11-09-gnss_raw.txt,2436,443161.000,BDS,1,48.0,147.0,29.0,是
0703002-0918-11-09-gnss_raw.txt,2436,443161.000,BDS,2,0.0,0.0,31.0,是
0703002-0918-11-09-gnss_raw.txt,2436,443161.000,BDS,3,0.0,0.0,26.0,是
0703002-0918-11-09-gnss_raw.txt,2436,443161.000,BDS,4,37.0,120.0,30.0,是
0703002-0918-11-09-gnss_raw.txt,2436,443161.000,BDS,6,69.0,38.0,30.0,是
0703002-0918-11-09-gnss_raw.txt,2436,443161.000,BDS,7,58.0,188.0,29.0,是
0703002-0918-11-09-gnss_raw.txt,2436,443161.000,BDS,10,48.0,190.0,26.0,是
0703002-0918-11-09-gnss_raw.txt,2436,443161.000,BDS,11,0.0,0.0,24.0,是
0703002-0918-11-09-gnss_raw.txt,2436,443161.000,BDS,20,58.0,28.0,34.0,是
0703002-0918-11-09-gnss_raw.txt,2436,443161.000,BDS,29,21.0,231.0,23.0,是
0703002-0918-11-09-gnss_raw.txt,2436,443161.000,BDS,32,0.0,0.0,26.0,是
0703002-0918-11-09-gnss_raw.txt,2436,443161.000,BDS,35,17.0,285.0,30.0,是
0703002-0918-11-09-gnss_raw.txt,2436,443161.000,BDS,37,46.0,78.0,31.0,是
0703002-0918-11-09-gnss_raw.txt,2436,443162.000,GPS,13,27.0,135.0,32.0,是
0703002-0918-11-09-gnss_raw.txt,2436,443162.000,GPS,15,0.0,0.0,27.0,是
0703002-0918-11-09-gnss_raw.txt,2436,443162.000,GPS,18,46.0,215.0,25.0,是
0703002-0918-11-09-gnss_raw.txt,2436,443162.000,GPS,20,0.0,0.0,25.0,是
0703002-0918-11-09-gnss_raw.txt,2436,443162.000,GPS,24,66.0,46.0,35.0,是
0703002-0918-11-09-gnss_raw.txt,2436,443162.000,GPS,32,0.0,0.0,23.0,是
0703002-0918-11-09-gnss_raw.txt,2436,443162.000,GLONASS,68,20.0,68.0,25.0,是
0703002-0918-11-09-gnss_raw.txt,2436,443162.000,GLONASS,78,0.0,0.0,28.0,是
0703002-0918-11-09-gnss_raw.txt,2436,443162.000,GLONASS,79,47.0,94.0,31.0,是
0703002-0918-11-09-gnss_raw.txt,2436,443162.000,GLONASS,80,26.0,160.0,32.0,是
0703002-0918-11-09-gnss_raw.txt,2436,443162.000,GLONASS,84,36.0,241.0,27.0,是
0703002-0918-11-09-gnss_raw.txt,2436,443162.000,GLONASS,85,0.0,0.0,35.0,是
0703002-0918-11-09-gnss_raw.txt,2436,443162.000,Galileo,13,0.0,0.0,32.0,是
0703002-0918-11-09-gnss_raw.txt,2436,443162.000,Galileo,26,60.0,271.0,35.0,是
0703002-0918-11-09-gnss_raw.txt,2436,443162.000,Galileo,29,33.0,270.0,28.0,是
0703002-0918-11-09-gnss_raw.txt,2436,443162.000,QZSS,3,43.0,168.0,32.0,是
0703002-0918-11-09-gnss_raw.txt,2436,443162.000,QZSS,7,53.0,169.0,25.0,是
0703002-0918-11-09-gnss_raw.txt,2436,443162.000,BDS,1,48.0,147.0,30.0,是
0703002-0918-11-09-gnss_raw.txt,2436,443162.000,BDS,3,0.0,0.0,26.0,是
0703002-0918-11-09-gnss_raw.txt,2436,443162.000,BDS,4,37.0,120.0,30.0,是
0703002-0918-11-09-gnss_raw.txt,2436,443162.000,BDS,6,69.0,38.0,29.0,是
0703002-0918-11-09-gnss_raw.txt,2436,443162.000,BDS,7,58.0,188.0,31.0,是
0703002-0918-11-09-gnss_raw.txt,2436,443162.000,BDS,10,48.0,190.0,27.0,是
0703002-0918-11-09-gnss_raw.txt,2436,443162.000,BDS,11,0.0,0.0,24.0,是
0703002-0918-11-09-gnss_raw.txt,2436,443162.000,BDS,20,58.0,28.0,34.0,是
0703002-0918-11-09-gnss_raw.txt,2436,443162.000,BDS,29,21.0,231.0,22.0,是
0703002-0918-11-09-gnss_raw.txt,2436,443162.000,BDS,32,0.0,0.0,26.0,是
0703002-0918-11-09-gnss_raw.txt,2436,443162.000,BDS,35,17.0,285.0,31.0,是
0703002-0918-11-09-gnss_raw.txt,2436,443162.000,BDS,37,46.0,78.0,30.0,是
0703002-0918-11-09-gnss_raw.txt,2436,443163.000,GPS,13,27.0,135.0,32.0,是
0703002-0918-11-09-gnss_raw.txt,2436,443163.000,GPS,15,0.0,0.0,27.0,是
0703002-0918-11-09-gnss_raw.txt,2436,443163.000,GPS,18,46.0,215.0,24.0,是
0703002-0918-11-09-gnss_raw.txt,2436,443163.000,GPS,20,0.0,0.0,25.0,是
0703002-0918-11-09-gnss_raw.txt,2436,443163.000,GPS,24,66.0,46.0,35.0,是
0703002-0918-11-09-gnss_raw.txt,2436,443163.000,GPS,32,0.0,0.0,24.0,是
0703002-0918-11-09-gnss_raw.txt,2436,443163.000,GLONASS,68,20.0,68.0,24.0,是
0703002-0918-11-09-gnss_raw.txt,2436,443163.000,GLONASS,78,0.0,0.0,29.0,是
0703002-0918-11-09-gnss_raw.txt,2436,443163.000,GLONASS,79,47.0,94.0,30.0,是
0703002-0918-11-09-gnss_raw.txt,2436,443163.000,GLONASS,80,26.0,160.0,32.0,是
0703002-0918-11-09-gnss_raw.txt,2436,443163.000,GLONASS,84,36.0,241.0,28.0,是
0703002-0918-11-09-gnss_raw.txt,2436,443163.000,GLONASS,85,0.0,0.0,35.0,是
0703002-0918-11-09-gnss_raw.txt,2436,443163.000,Galileo,13,0.0,0.0,31.0,是
0703002-0918-11-09-gnss_raw.txt,2436,443163.000,Galileo,26,60.0,271.0,35.0,是
0703002-0918-11-09-gnss_raw.txt,2436,443163.000,Galileo,29,33.0,270.0,29.0,是
0703002-0918-11-09-gnss_raw.txt,2436,443163.000,QZSS,3,43.0,168.0,33.0,是
0703002-0918-11-09-gnss_raw.txt,2436,443163.000,QZSS,7,53.0,169.0,24.0,是
0703002-0918-11-09-gnss_raw.txt,2436,443163.000,BDS,1,48.0,147.0,29.0,是
0703002-0918-11-09-gnss_raw.txt,2436,443163.000,BDS,3,0.0,0.0,27.0,是
0703002-0918-11-09-gnss_raw.txt,2436,443163.000,BDS,4,37.0,120.0,30.0,是
0703002-0918-11-09-gnss_raw.txt,2436,443163.000,BDS,6,69.0,38.0,30.0,是
0703002-0918-11-09-gnss_raw.txt,2436,443163.000,BDS,7,58.0,188.0,32.0,是
0703002-0918-11-09-gnss_raw.txt,2436,443163.000,BDS,10,48.0,190.0,28.0,是
0703002-0918-11-09-gnss_raw.txt,2436,443163.000,BDS,11,0.0,0.0,25.0,是
0703002-0918-11-09-gnss_raw.txt,2436,443163.000,BDS,20,58.0,28.0,34.0,是
0703002-0918-11-09-gnss_raw.txt,2436,443163.000,BDS,29,21.0,231.0,22.0,是
0703002-0918-11-09-gnss_raw.txt,2436,443163.000,BDS,32,0.0,0.0,27.0,是
0703002-0918-11-09-gnss_raw.txt,2436,443163.000,BDS,35,17.0,285.0,31.0,是
0703002-0918-11-09-gnss_raw.txt,2436,443163.000,BDS,37,46.0,78.0,30.0,是
0703002-0918-11-09-gnss_raw.txt,2436,443164.000,GPS,13,27.0,135.0,32.0,是
0703002-0918-11-09-gnss_raw.txt,2436,443164.000,GPS,15,0.0,0.0,27.0,是
0703002-0918-11-09-gnss_raw.txt,2436,443164.000,GPS,18,46.0,215.0,25.0,是
0703002-0918-11-09-gnss_raw.txt,2436,443164.000,GPS,20,0.0,0.0,25.0,是
0703002-0918-11-09-gnss_raw.txt,2436,443164.000,GPS,24,66.0,46.0,35.0,是
0703002-0918-11-09-gnss_raw.txt,2436,443164.000,GPS,32,0.0,0.0,24.0,是
0703002-0918-11-09-gnss_raw.txt,2436,443164.000,GLONASS,68,20.0,68.0,25.0,是
0703002-0918-11-09-gnss_raw.txt,2436,443164.000,GLONASS,78,0.0,0.0,29.0,是
0703002-0918-11-09-gnss_raw.txt,2436,443164.000,GLONASS,79,47.0,94.0,32.0,是
0703002-0918-11-09-gnss_raw.txt,2436,443164.000,GLONASS,80,26.0,160.0,32.0,是
0703002-0918-11-09-gnss_raw.txt,2436,443164.000,GLONASS,84,36.0,241.0,28.0,是
0703002-0918-11-09-gnss_raw.txt,2436,443164.000,GLONASS,85,0.0,0.0,35.0,是
0703002-0918-11-09-gnss_raw.txt,2436,443164.000,Galileo,13,0.0,0.0,31.0,是
0703002-0918-11-09-gnss_raw.txt,2436,443164.000,Galileo,26,60.0,271.0,35.0,是
0703002-0918-11-09-gnss_raw.txt,2436,443164.000,Galileo,29,33.0,270.0,28.0,是
0703002-0918-11-09-gnss_raw.txt,2436,443164.000,QZSS,3,43.0,168.0,33.0,是
0703002-0918-11-09-gnss_raw.txt,2436,443164.000,QZSS,7,53.0,169.0,25.0,是
0703002-0918-11-09-gnss_raw.txt,2436,443164.000,BDS,1,48.0,147.0,30.0,是
0703002-0918-11-09-gnss_raw.txt,2436,443164.000,BDS,3,0.0,0.0,27.0,是
0703002-0918-11-09-gnss_raw.txt,2436,443164.000,BDS,4,37.0,120.0,31.0,是
0703002-0918-11-09-gnss_raw.txt,2436,443164.000,BDS,6,69.0,38.0,29.0,是
0703002-0918-11-09-gnss_raw.txt,2436,443164.000,BDS,7,58.0,188.0,32.0,是
0703002-0918-11-09-gnss_raw.txt,2436,443164.000,BDS,10,49.0,190.0,28.0,是
0703002-0918-11-09-gnss_raw.txt,2436,443164.000,BDS,11,0.0,0.0,25.0,是
0703002-0918-11-09-gnss_raw.txt,2436,443164.000,BDS,20,58.0,28.0,34.0,是
0703002-0918-11-09-gnss_raw.txt,2436,443164.000,BDS,29,21.0,231.0,23.0,是
0703002-0918-11-09-gnss_raw.txt,2436,443164.000,BDS,32,0.0,0.0,27.0,是
0703002-0918-11-09-gnss_raw.txt,2436,443164.000,BDS,35,17.0,285.0,32.0,是
0703002-0918-11-09-gnss_raw.txt,2436,443164.000,BDS,37,46.0,78.0,30.0,是
0703002-0918-11-09-gnss_raw.txt,2436,443165.000,GPS,13,27.0,135.0,32.0,是
0703002-0918-11-09-gnss_raw.txt,2436,443165.000,GPS,15,0.0,0.0,27.0,是
0703002-0918-11-09-gnss_raw.txt,2436,443165.000,GPS,18,46.0,215.0,26.0,是
0703002-0918-11-09-gnss_raw.txt,2436,443165.000,GPS,20,0.0,0.0,25.0,是
0703002-0918-11-09-gnss_raw.txt,2436,443165.000,GPS,24,66.0,46.0,35.0,是
0703002-0918-11-09-gnss_raw.txt,2436,443165.000,GPS,32,0.0,0.0,24.0,是
0703002-0918-11-09-gnss_raw.txt,2436,443165.000,GLONASS,68,20.0,68.0,23.0,是
0703002-0918-11-09-gnss_raw.txt,2436,443165.000,GLONASS,78,0.0,0.0,29.0,是
0703002-0918-11-09-gnss_raw.txt,2436,443165.000,GLONASS,79,47.0,94.0,32.0,是
0703002-0918-11-09-gnss_raw.txt,2436,443165.000,GLONASS,80,26.0,160.0,31.0,是
0703002-0918-11-09-gnss_raw.txt,2436,443165.000,GLONASS,84,36.0,241.0,29.0,是
0703002-0918-11-09-gnss_raw.txt,2436,443165.000,GLONASS,85,0.0,0.0,35.0,是
0703002-0918-11-09-gnss_raw.txt,2436,443165.000,Galileo,13,0.0,0.0,30.0,是
0703002-0918-11-09-gnss_raw.txt,2436,443165.000,Galileo,26,60.0,271.0,35.0,是
0703002-0918-11-09-gnss_raw.txt,2436,443165.000,Galileo,29,33.0,270.0,27.0,是
0703002-0918-11-09-gnss_raw.txt,2436,443165.000,QZSS,3,43.0,168.0,33.0,是
0703002-0918-11-09-gnss_raw.txt,2436,443165.000,QZSS,7,53.0,169.0,25.0,是
0703002-0918-11-09-gnss_raw.txt,2436,443165.000,BDS,1,48.0,147.0,30.0,是
0703002-0918-11-09-gnss_raw.txt,2436,443165.000,BDS,3,0.0,0.0,26.0,是
0703002-0918-11-09-gnss_raw.txt,2436,443165.000,BDS,4,37.0,120.0,30.0,是
0703002-0918-11-09-gnss_raw.txt,2436,443165.000,BDS,6,69.0,38.0,29.0,是
0703002-0918-11-09-gnss_raw.txt,2436,443165.000,BDS,7,58.0,188.0,33.0,是
0703002-0918-11-09-gnss_raw.txt,2436,443165.000,BDS,10,49.0,190.0,28.0,是
0703002-0918-11-09-gnss_raw.txt,2436,443165.000,BDS,11,0.0,0.0,25.0,是
0703002-0918-11-09-gnss_raw.txt,2436,443165.000,BDS,20,58.0,28.0,34.0,是
0703002-0918-11-09-gnss_raw.txt,2436,443165.000,BDS,29,21.0,231.0,24.0,是
0703002-0918-11-09-gnss_raw.txt,2436,443165.000,BDS,32,0.0,0.0,28.0,是
0703002-0918-11-09-gnss_raw.txt,2436,443165.000,BDS,35,17.0,285.0,31.0,是
0703002-0918-11-09-gnss_raw.txt,2436,443165.000,BDS,37,46.0,78.0,31.0,是
0703002-0918-11-09-gnss_raw.txt,2436,443166.000,GPS,13,27.0,135.0,32.0,是
0703002-0918-11-09-gnss_raw.txt,2436,443166.000,GPS,15,0.0,0.0,27.0,是
0703002-0918-11-09-gnss_raw.txt,2436,443166.000,GPS,18,46.0,215.0,26.0,是
0703002-0918-11-09-gnss_raw.txt,2436,443166.000,GPS,20,0.0,0.0,26.0,是
0703002-0918-11-09-gnss_raw.txt,2436,443166.000,GPS,24,66.0,46.0,35.0,是
0703002-0918-11-09-gnss_raw.txt,2436,443166.000,GPS,32,0.0,0.0,24.0,是
0703002-0918-11-09-gnss_raw.txt,2436,443166.000,GLONASS,68,20.0,68.0,22.0,是
0703002-0918-11-09-gnss_raw.txt,2436,443166.000,GLONASS,78,0.0,0.0,29.0,是
0703002-0918-11-09-gnss_raw.txt,2436,443166.000,GLONASS,79,47.0,94.0,29.0,是
0703002-0918-11-09-gnss_raw.txt,2436,443166.000,GLONASS,80,26.0,160.0,31.0,是
0703002-0918-11-09-gnss_raw.txt,2436,443166.000,GLONASS,84,36.0,241.0,26.0,是
0703002-0918-11-09-gnss_raw.txt,2436,443166.000,GLONASS,85,0.0,0.0,35.0,是
0703002-0918-11-09-gnss_raw.txt,2436,443166.000,Galileo,13,0.0,0.0,30.0,是
0703002-0918-11-09-gnss_raw.txt,2436,443166.000,Galileo,26,60.0,271.0,35.0,是
0703002-0918-11-09-gnss_raw.txt,2436,443166.000,Galileo,29,33.0,270.0,28.0,是
0703002-0918-11-09-gnss_raw.txt,2436,443166.000,QZSS,3,43.0,168.0,33.0,是
0703002-0918-11-09-gnss_raw.txt,2436,443166.000,QZSS,7,53.0,169.0,25.0,是
0703002-0918-11-09-gnss_raw.txt,2436,443166.000,BDS,1,48.0,147.0,30.0,是
0703002-0918-11-09-gnss_raw.txt,2436,443166.000,BDS,3,0.0,0.0,28.0,是
0703002-0918-11-09-gnss_raw.txt,2436,443166.000,BDS,4,37.0,120.0,29.0,是
0703002-0918-11-09-gnss_raw.txt,2436,443166.000,BDS,6,69.0,38.0,30.0,是
0703002-0918-11-09-gnss_raw.txt,2436,443166.000,BDS,7,58.0,188.0,32.0,是
0703002-0918-11-09-gnss_raw.txt,2436,443166.000,BDS,10,49.0,190.0,27.0,是
0703002-0918-11-09-gnss_raw.txt,2436,443166.000,BDS,11,0.0,0.0,24.0,是
0703002-0918-11-09-gnss_raw.txt,2436,443166.000,BDS,20,58.0,28.0,34.0,是
0703002-0918-11-09-gnss_raw.txt,2436,443166.000,BDS,29,21.0,231.0,24.0,是
0703002-0918-11-09-gnss_raw.txt,2436,443166.000,BDS,32,0.0,0.0,27.0,是
0703002-0918-11-09-gnss_raw.txt,2436,443166.000,BDS,35,17.0,285.0,31.0,是
0703002-0918-11-09-gnss_raw.txt,2436,443166.000,BDS,37,46.0,78.0,31.0,是
0703002-0918-11-09-gnss_raw.txt,2436,443167.000,GPS,13,27.0,135.0,29.0,是
0703002-0918-11-09-gnss_raw.txt,2436,443167.000,GPS,15,0.0,0.0,24.0,是
0703002-0918-11-09-gnss_raw.txt,2436,443167.000,GPS,18,46.0,215.0,27.0,是
0703002-0918-11-09-gnss_raw.txt,2436,443167.000,GPS,20,0.0,0.0,27.0,是
0703002-0918-11-09-gnss_raw.txt,2436,443167.000,GPS,24,66.0,46.0,35.0,是
0703002-0918-11-09-gnss_raw.txt,2436,443167.000,GPS,32,0.0,0.0,23.0,是
0703002-0918-11-09-gnss_raw.txt,2436,443167.000,GLONASS,68,20.0,68.0,29.0,是
0703002-0918-11-09-gnss_raw.txt,2436,443167.000,GLONASS,78,0.0,0.0,25.0,是
0703002-0918-11-09-gnss_raw.txt,2436,443167.000,GLONASS,79,47.0,94.0,27.0,是
0703002-0918-11-09-gnss_raw.txt,2436,443167.000,GLONASS,80,26.0,160.0,32.0,是
0703002-0918-11-09-gnss_raw.txt,2436,443167.000,GLONASS,84,36.0,241.0,26.0,是
0703002-0918-11-09-gnss_raw.txt,2436,443167.000,GLONASS,85,0.0,0.0,32.0,是
0703002-0918-11-09-gnss_raw.txt,2436,443167.000,Galileo,13,0.0,0.0,31.0,是
0703002-0918-11-09-gnss_raw.txt,2436,443167.000,Galileo,26,60.0,271.0,31.0,是
0703002-0918-11-09-gnss_raw.txt,2436,443167.000,Galileo,29,33.0,270.0,29.0,是
0703002-0918-11-09-gnss_raw.txt,2436,443167.000,QZSS,3,43.0,168.0,32.0,是
0703002-0918-11-09-gnss_raw.txt,2436,443167.000,QZSS,7,53.0,169.0,26.0,是
0703002-0918-11-09-gnss_raw.txt,2436,443167.000,BDS,1,48.0,147.0,32.0,是
0703002-0918-11-09-gnss_raw.txt,2436,443167.000,BDS,3,0.0,0.0,27.0,是
0703002-0918-11-09-gnss_raw.txt,2436,443167.000,BDS,4,37.0,120.0,28.0,是
0703002-0918-11-09-gnss_raw.txt,2436,443167.000,BDS,6,69.0,38.0,31.0,是
0703002-0918-11-09-gnss_raw.txt,2436,443167.000,BDS,7,58.0,188.0,30.0,是
0703002-0918-11-09-gnss_raw.txt,2436,443167.000,BDS,10,49.0,190.0,26.0,是
0703002-0918-11-09-gnss_raw.txt,2436,443167.000,BDS,11,0.0,0.0,25.0,是
0703002-0918-11-09-gnss_raw.txt,2436,443167.000,BDS,20,58.0,28.0,34.0,是
0703002-0918-11-09-gnss_raw.txt,2436,443167.000,BDS,29,21.0,231.0,25.0,是
0703002-0918-11-09-gnss_raw.txt,2436,443167.000,BDS,32,0.0,0.0,25.0,是
0703002-0918-11-09-gnss_raw.txt,2436,443167.000,BDS,35,17.0,285.0,29.0,是
0703002-0918-11-09-gnss_raw.txt,2436,443167.000,BDS,37,46.0,78.0,31.0,是
0703002-0918-11-09-gnss_raw.txt,2436,443168.000,GPS,13,27.0,135.0,29.0,是
0703002-0918-11-09-gnss_raw.txt,2436,443168.000,GPS,15,0.0,0.0,22.0,是
0703002-0918-11-09-gnss_raw.txt,2436,443168.000,GPS,18,46.0,215.0,30.0,是
0703002-0918-11-09-gnss_raw.txt,2436,443168.000,GPS,20,0.0,0.0,27.0,是
0703002-0918-11-09-gnss_raw.txt,2436,443168.000,GPS,24,66.0,46.0,35.0,是
0703002-0918-11-09-gnss_raw.txt,2436,443168.000,GPS,32,0.0,0.0,21.0,是
0703002-0918-11-09-gnss_raw.txt,2436,443168.000,GLONASS,68,20.0,68.0,32.0,是
0703002-0918-11-09-gnss_raw.txt,2436,443168.000,GLONASS,78,0.0,0.0,24.0,是
0703002-0918-11-09-gnss_raw.txt,2436,443168.000,GLONASS,79,47.0,94.0,27.0,是
0703002-0918-11-09-gnss_raw.txt,2436,443168.000,GLONASS,80,26.0,160.0,31.0,是
0703002-0918-11-09-gnss_raw.txt,2436,443168.000,GLONASS,84,36.0,241.0,26.0,是
0703002-0918-11-09-gnss_raw.txt,2436,443168.000,GLONASS,85,0.0,0.0,32.0,是
0703002-0918-11-09-gnss_raw.txt,2436,443168.000,Galileo,13,0.0,0.0,32.0,是
0703002-0918-11-09-gnss_raw.txt,2436,443168.000,Galileo,26,60.0,271.0,29.0,是
0703002-0918-11-09-gnss_raw.txt,2436,443168.000,Galileo,29,33.0,270.0,29.0,是
0703002-0918-11-09-gnss_raw.txt,2436,443168.000,QZSS,3,43.0,168.0,32.0,是
0703002-0918-11-09-gnss_raw.txt,2436,443168.000,QZSS,7,53.0,169.0,27.0,是
0703002-0918-11-09-gnss_raw.txt,2436,443168.000,BDS,1,48.0,147.0,31.0,是
0703002-0918-11-09-gnss_raw.txt,2436,443168.000,BDS,2,0.0,0.0,29.0,是
0703002-0918-11-09-gnss_raw.txt,2436,443168.000,BDS,3,0.0,0.0,30.0,是
0703002-0918-11-09-gnss_raw.txt,2436,443168.000,BDS,4,37.0,120.0,28.0,是
0703002-0918-11-09-gnss_raw.txt,2436,443168.000,BDS,6,69.0,38.0,32.0,是
0703002-0918-11-09-gnss_raw.txt,2436,443168.000,BDS,7,58.0,189.0,29.0,是
0703002-0918-11-09-gnss_raw.txt,2436,443168.000,BDS,10,49.0,190.0,27.0,是
0703002-0918-11-09-gnss_raw.txt,2436,443168.000,BDS,11,0.0,0.0,25.0,是
0703002-0918-11-09-gnss_raw.txt,2436,443168.000,BDS,20,58.0,28.0,33.0,是
0703002-0918-11-09-gnss_raw.txt,2436,443168.000,BDS,29,21.0,231.0,26.0,是
0703002-0918-11-09-gnss_raw.txt,2436,443168.000,BDS,32,0.0,0.0,22.0,是
0703002-0918-11-09-gnss_raw.txt,2436,443168.000,BDS,35,17.0,285.0,26.0,是
0703002-0918-11-09-gnss_raw.txt,2436,443168.000,BDS,37,46.0,78.0,32.0,是
0703002-0918-11-09-gnss_raw.txt,2436,443169.000,GPS,13,27.0,135.0,28.0,是
0703002-0918-11-09-gnss_raw.txt,2436,443169.000,GPS,15,0.0,0.0,26.0,是
0703002-0918-11-09-gnss_raw.txt,2436,443169.000,GPS,18,46.0,215.0,31.0,是
0703002-0918-11-09-gnss_raw.txt,2436,443169.000,GPS,20,0.0,0.0,28.0,是
0703002-0918-11-09-gnss_raw.txt,2436,443169.000,GPS,24,66.0,46.0,34.0,是
0703002-0918-11-09-gnss_raw.txt,2436,443169.000,GPS,32,0.0,0.0,23.0,是
0703002-0918-11-09-gnss_raw.txt,2436,443169.000,GLONASS,68,20.0,68.0,31.0,是
0703002-0918-11-09-gnss_raw.txt,2436,443169.000,GLONASS,78,0.0,0.0,22.0,是
0703002-0918-11-09-gnss_raw.txt,2436,443169.000,GLONASS,79,47.0,94.0,24.0,是
0703002-0918-11-09-gnss_raw.txt,2436,443169.000,GLONASS,80,26.0,160.0,32.0,是
0703002-0918-11-09-gnss_raw.txt,2436,443169.000,GLONASS,84,36.0,241.0,29.0,是
0703002-0918-11-09-gnss_raw.txt,2436,443169.000,GLONASS,85,0.0,0.0,30.0,是
0703002-0918-11-09-gnss_raw.txt,2436,443169.000,Galileo,13,0.0,0.0,33.0,是
0703002-0918-11-09-gnss_raw.txt,2436,443169.000,Galileo,26,60.0,271.0,30.0,是
0703002-0918-11-09-gnss_raw.txt,2436,443169.000,Galileo,29,33.0,270.0,28.0,是
0703002-0918-11-09-gnss_raw.txt,2436,443169.000,QZSS,3,43.0,168.0,32.0,是
0703002-0918-11-09-gnss_raw.txt,2436,443169.000,QZSS,7,53.0,169.0,28.0,是
0703002-0918-11-09-gnss_raw.txt,2436,443169.000,BDS,1,48.0,147.0,33.0,是
0703002-0918-11-09-gnss_raw.txt,2436,443169.000,BDS,3,0.0,0.0,29.0,是
0703002-0918-11-09-gnss_raw.txt,2436,443169.000,BDS,4,37.0,120.0,27.0,是
0703002-0918-11-09-gnss_raw.txt,2436,443169.000,BDS,6,69.0,38.0,32.0,是
0703002-0918-11-09-gnss_raw.txt,2436,443169.000,BDS,7,58.0,189.0,30.0,是
0703002-0918-11-09-gnss_raw.txt,2436,443169.000,BDS,10,49.0,190.0,28.0,是
0703002-0918-11-09-gnss_raw.txt,2436,443169.000,BDS,11,0.0,0.0,21.0,是
0703002-0918-11-09-gnss_raw.txt,2436,443169.000,BDS,20,58.0,28.0,33.0,是
0703002-0918-11-09-gnss_raw.txt,2436,443169.000,BDS,29,21.0,231.0,25.0,是
0703002-0918-11-09-gnss_raw.txt,2436,443169.000,BDS,32,0.0,0.0,20.0,是
0703002-0918-11-09-gnss_raw.txt,2436,443169.000,BDS,35,17.0,285.0,27.0,是
0703002-0918-11-09-gnss_raw.txt,2436,443169.000,BDS,37,46.0,78.0,32.0,是
0703002-0918-11-09-gnss_raw.txt,2436,443170.000,GPS,13,27.0,135.0,27.0,是
0703002-0918-11-09-gnss_raw.txt,2436,443170.000,GPS,15,0.0,0.0,28.0,是
0703002-0918-11-09-gnss_raw.txt,2436,443170.000,GPS,18,46.0,215.0,32.0,是
0703002-0918-11-09-gnss_raw.txt,2436,443170.000,GPS,20,0.0,0.0,28.0,是
0703002-0918-11-09-gnss_raw.txt,2436,443170.000,GPS,24,66.0,46.0,34.0,是
0703002-0918-11-09-gnss_raw.txt,2436,443170.000,GPS,32,0.0,0.0,23.0,是
0703002-0918-11-09-gnss_raw.txt,2436,443170.000,GLONASS,68,20.0,68.0,33.0,是
0703002-0918-11-09-gnss_raw.txt,2436,443170.000,GLONASS,78,0.0,0.0,20.0,是
0703002-0918-11-09-gnss_raw.txt,2436,443170.000,GLONASS,79,47.0,94.0,21.0,是
0703002-0918-11-09-gnss_raw.txt,2436,443170.000,GLONASS,80,26.0,160.0,32.0,是
0703002-0918-11-09-gnss_raw.txt,2436,443170.000,GLONASS,84,36.0,241.0,30.0,是
0703002-0918-11-09-gnss_raw.txt,2436,443170.000,GLONASS,85,0.0,0.0,31.0,是
0703002-0918-11-09-gnss_raw.txt,2436,443170.000,Galileo,13,0.0,0.0,33.0,是
0703002-0918-11-09-gnss_raw.txt,2436,443170.000,Galileo,26,60.0,271.0,31.0,是
0703002-0918-11-09-gnss_raw.txt,2436,443170.000,Galileo,29,0.0,0.0,26.0,是
0703002-0918-11-09-gnss_raw.txt,2436,443170.000,QZSS,3,43.0,168.0,32.0,是
0703002-0918-11-09-gnss_raw.txt,2436,443170.000,QZSS,7,53.0,169.0,29.0,是
0703002-0918-11-09-gnss_raw.txt,2436,443170.000,BDS,1,48.0,147.0,32.0,是
0703002-0918-11-09-gnss_raw.txt,2436,443170.000,BDS,3,0.0,0.0,32.0,是
0703002-0918-11-09-gnss_raw.txt,2436,443170.000,BDS,4,37.0,120.0,27.0,是
0703002-0918-11-09-gnss_raw.txt,2436,443170.000,BDS,6,69.0,38.0,32.0,是
0703002-0918-11-09-gnss_raw.txt,2436,443170.000,BDS,7,58.0,189.0,31.0,是
0703002-0918-11-09-gnss_raw.txt,2436,443170.000,BDS,10,49.0,190.0,29.0,是
0703002-0918-11-09-gnss_raw.txt,2436,443170.000,BDS,11,0.0,0.0,20.0,是
0703002-0918-11-09-gnss_raw.txt,2436,443170.000,BDS,20,58.0,28.0,33.0,是
0703002-0918-11-09-gnss_raw.txt,2436,443170.000,BDS,29,21.0,231.0,23.0,是
0703002-0918-11-09-gnss_raw.txt,2436,443170.000,BDS,32,0.0,0.0,18.0,是
0703002-0918-11-09-gnss_raw.txt,2436,443170.000,BDS,35,17.0,285.0,26.0,是
0703002-0918-11-09-gnss_raw.txt,2436,443170.000,BDS,37,46.0,78.0,32.0,是
0703002-0918-11-09-gnss_raw.txt,2436,443171.000,GPS,13,27.0,135.0,26.0,是
0703002-0918-11-09-gnss_raw.txt,2436,443171.000,GPS,15,0.0,0.0,30.0,是
0703002-0918-11-09-gnss_raw.txt,2436,443171.000,GPS,18,46.0,215.0,32.0,是
0703002-0918-11-09-gnss_raw.txt,2436,443171.000,GPS,20,0.0,0.0,24.0,是
0703002-0918-11-09-gnss_raw.txt,2436,443171.000,GPS,24,66.0,46.0,34.0,是
0703002-0918-11-09-gnss_raw.txt,2436,443171.000,GPS,32,0.0,0.0,23.0,是
0703002-0918-11-09-gnss_raw.txt,2436,443171.000,GLONASS,68,20.0,68.0,31.0,是
0703002-0918-11-09-gnss_raw.txt,2436,443171.000,GLONASS,78,0.0,0.0,21.0,是
0703002-0918-11-09-gnss_raw.txt,2436,443171.000,GLONASS,79,47.0,94.0,19.0,是
0703002-0918-11-09-gnss_raw.txt,2436,443171.000,GLONASS,80,26.0,160.0,32.0,是
0703002-0918-11-09-gnss_raw.txt,2436,443171.000,GLONASS,84,36.0,241.0,33.0,是
0703002-0918-11-09-gnss_raw.txt,2436,443171.000,GLONASS,85,0.0,0.0,32.0,是
0703002-0918-11-09-gnss_raw.txt,2436,443171.000,Galileo,13,0.0,0.0,33.0,是
0703002-0918-11-09-gnss_raw.txt,2436,443171.000,Galileo,26,60.0,271.0,32.0,是
0703002-0918-11-09-gnss_raw.txt,2436,443171.000,Galileo,29,33.0,270.0,31.0,是
0703002-0918-11-09-gnss_raw.txt,2436,443171.000,QZSS,3,43.0,168.0,32.0,是
0703002-0918-11-09-gnss_raw.txt,2436,443171.000,QZSS,7,53.0,169.0,29.0,是
0703002-0918-11-09-gnss_raw.txt,2436,443171.000,BDS,1,48.0,147.0,31.0,是
0703002-0918-11-09-gnss_raw.txt,2436,443171.000,BDS,2,0.0,0.0,29.0,是
0703002-0918-11-09-gnss_raw.txt,2436,443171.000,BDS,3,0.0,0.0,33.0,是
0703002-0918-11-09-gnss_raw.txt,2436,443171.000,BDS,4,37.0,120.0,28.0,是
0703002-0918-11-09-gnss_raw.txt,2436,443171.000,BDS,6,69.0,38.0,32.0,是
0703002-0918-11-09-gnss_raw.txt,2436,443171.000,BDS,7,58.0,189.0,32.0,是
0703002-0918-11-09-gnss_raw.txt,2436,443171.000,BDS,10,49.0,190.0,30.0,是
0703002-0918-11-09-gnss_raw.txt,2436,443171.000,BDS,11,0.0,0.0,20.0,是
0703002-0918-11-09-gnss_raw.txt,2436,443171.000,BDS,20,58.0,28.0,34.0,是
0703002-0918-11-09-gnss_raw.txt,2436,443171.000,BDS,29,21.0,231.0,21.0,是
0703002-0918-11-09-gnss_raw.txt,2436,443171.000,BDS,32,0.0,0.0,17.0,是
0703002-0918-11-09-gnss_raw.txt,2436,443171.000,BDS,35,17.0,285.0,20.0,是
0703002-0918-11-09-gnss_raw.txt,2436,443171.000,BDS,37,46.0,78.0,32.0,是
0703002-0918-11-09-gnss_raw.txt,2436,443172.000,GPS,13,27.0,135.0,26.0,是
0703002-0918-11-09-gnss_raw.txt,2436,443172.000,GPS,15,0.0,0.0,32.0,是
0703002-0918-11-09-gnss_raw.txt,2436,443172.000,GPS,18,46.0,215.0,33.0,是
0703002-0918-11-09-gnss_raw.txt,2436,443172.000,GPS,20,0.0,0.0,21.0,是
0703002-0918-11-09-gnss_raw.txt,2436,443172.000,GPS,24,66.0,46.0,35.0,是
0703002-0918-11-09-gnss_raw.txt,2436,443172.000,GPS,32,0.0,0.0,21.0,是
0703002-0918-11-09-gnss_raw.txt,2436,443172.000,GLONASS,68,20.0,68.0,30.0,是
0703002-0918-11-09-gnss_raw.txt,2436,443172.000,GLONASS,69,0.0,0.0,28.0,是
0703002-0918-11-09-gnss_raw.txt,2436,443172.000,GLONASS,78,0.0,0.0,20.0,是
0703002-0918-11-09-gnss_raw.txt,2436,443172.000,GLONASS,79,47.0,94.0,19.0,是
0703002-0918-11-09-gnss_raw.txt,2436,443172.000,GLONASS,80,26.0,160.0,32.0,是
0703002-0918-11-09-gnss_raw.txt,2436,443172.000,GLONASS,84,36.0,241.0,34.0,是
0703002-0918-11-09-gnss_raw.txt,2436,443172.000,GLONASS,85,0.0,0.0,30.0,是
0703002-0918-11-09-gnss_raw.txt,2436,443172.000,Galileo,13,0.0,0.0,33.0,是
0703002-0918-11-09-gnss_raw.txt,2436,443172.000,Galileo,26,60.0,271.0,33.0,是
0703002-0918-11-09-gnss_raw.txt,2436,443172.000,Galileo,29,33.0,270.0,32.0,是
0703002-0918-11-09-gnss_raw.txt,2436,443172.000,QZSS,3,43.0,168.0,32.0,是
0703002-0918-11-09-gnss_raw.txt,2436,443172.000,QZSS,7,53.0,169.0,28.0,是
0703002-0918-11-09-gnss_raw.txt,2436,443172.000,BDS,1,48.0,147.0,31.0,是
0703002-0918-11-09-gnss_raw.txt,2436,443172.000,BDS,2,0.0,0.0,27.0,是
0703002-0918-11-09-gnss_raw.txt,2436,443172.000,BDS,3,0.0,0.0,31.0,是
0703002-0918-11-09-gnss_raw.txt,2436,443172.000,BDS,4,37.0,120.0,29.0,是
0703002-0918-11-09-gnss_raw.txt,2436,443172.000,BDS,6,69.0,38.0,33.0,是
0703002-0918-11-09-gnss_raw.txt,2436,443172.000,BDS,7,59.0,189.0,32.0,是
0703002-0918-11-09-gnss_raw.txt,2436,443172.000,BDS,10,49.0,190.0,31.0,是
0703002-0918-11-09-gnss_raw.txt,2436,443172.000,BDS,11,0.0,0.0,19.0,是
0703002-0918-11-09-gnss_raw.txt,2436,443172.000,BDS,20,58.0,28.0,34.0,是
0703002-0918-11-09-gnss_raw.txt,2436,443172.000,BDS,29,21.0,231.0,21.0,是
0703002-0918-11-09-gnss_raw.txt,2436,443172.000,BDS,32,0.0,0.0,17.0,是
0703002-0918-11-09-gnss_raw.txt,2436,443172.000,BDS,35,17.0,285.0,21.0,是
0703002-0918-11-09-gnss_raw.txt,2436,443172.000,BDS,37,46.0,78.0,31.0,是
0703002-0918-11-09-gnss_raw.txt,2436,443173.000,GPS,13,27.0,135.0,28.0,是
0703002-0918-11-09-gnss_raw.txt,2436,443173.000,GPS,15,0.0,0.0,33.0,是
0703002-0918-11-09-gnss_raw.txt,2436,443173.000,GPS,18,46.0,215.0,33.0,是
0703002-0918-11-09-gnss_raw.txt,2436,443173.000,GPS,24,66.0,46.0,35.0,是
0703002-0918-11-09-gnss_raw.txt,2436,443173.000,GPS,32,0.0,0.0,21.0,是
0703002-0918-11-09-gnss_raw.txt,2436,443173.000,GLONASS,68,20.0,68.0,30.0,是
0703002-0918-11-09-gnss_raw.txt,2436,443173.000,GLONASS,69,45.0,15.0,31.0,是
0703002-0918-11-09-gnss_raw.txt,2436,443173.000,GLONASS,78,0.0,0.0,17.0,是
0703002-0918-11-09-gnss_raw.txt,2436,443173.000,GLONASS,79,47.0,94.0,22.0,是
0703002-0918-11-09-gnss_raw.txt,2436,443173.000,GLONASS,80,26.0,160.0,30.0,是
0703002-0918-11-09-gnss_raw.txt,2436,443173.000,GLONASS,84,36.0,241.0,34.0,是
0703002-0918-11-09-gnss_raw.txt,2436,443173.000,GLONASS,85,0.0,0.0,29.0,是
0703002-0918-11-09-gnss_raw.txt,2436,443173.000,Galileo,13,0.0,0.0,32.0,是
0703002-0918-11-09-gnss_raw.txt,2436,443173.000,Galileo,26,60.0,271.0,34.0,是
0703002-0918-11-09-gnss_raw.txt,2436,443173.000,Galileo,29,33.0,270.0,30.0,是
0703002-0918-11-09-gnss_raw.txt,2436,443173.000,QZSS,3,43.0,168.0,32.0,是
0703002-0918-11-09-gnss_raw.txt,2436,443173.000,QZSS,7,53.0,169.0,28.0,是
0703002-0918-11-09-gnss_raw.txt,2436,443173.000,BDS,1,48.0,147.0,34.0,是
0703002-0918-11-09-gnss_raw.txt,2436,443173.000,BDS,2,0.0,0.0,26.0,是
0703002-0918-11-09-gnss_raw.txt,2436,443173.000,BDS,3,0.0,0.0,32.0,是
0703002-0918-11-09-gnss_raw.txt,2436,443173.000,BDS,4,37.0,120.0,27.0,是
0703002-0918-11-09-gnss_raw.txt,2436,443173.000,BDS,6,69.0,38.0,33.0,是
0703002-0918-11-09-gnss_raw.txt,2436,443173.000,BDS,7,59.0,189.0,32.0,是
0703002-0918-11-09-gnss_raw.txt,2436,443173.000,BDS,10,49.0,190.0,31.0,是
0703002-0918-11-09-gnss_raw.txt,2436,443173.000,BDS,11,0.0,0.0,18.0,是
0703002-0918-11-09-gnss_raw.txt,2436,443173.000,BDS,20,58.0,28.0,34.0,是
0703002-0918-11-09-gnss_raw.txt,2436,443173.000,BDS,29,21.0,231.0,22.0,是
0703002-0918-11-09-gnss_raw.txt,2436,443173.000,BDS,32,0.0,0.0,14.0,是
0703002-0918-11-09-gnss_raw.txt,2436,443173.000,BDS,35,17.0,285.0,22.0,是
0703002-0918-11-09-gnss_raw.txt,2436,443173.000,BDS,37,46.0,77.0,31.0,是
0703002-0918-11-09-gnss_raw.txt,2436,443174.000,GPS,13,27.0,135.0,29.0,是
0703002-0918-11-09-gnss_raw.txt,2436,443174.000,GPS,15,0.0,0.0,32.0,是
0703002-0918-11-09-gnss_raw.txt,2436,443174.000,GPS,18,46.0,215.0,33.0,是
0703002-0918-11-09-gnss_raw.txt,2436,443174.000,GPS,24,66.0,46.0,35.0,是
0703002-0918-11-09-gnss_raw.txt,2436,443174.000,GPS,32,0.0,0.0,25.0,是
0703002-0918-11-09-gnss_raw.txt,2436,443174.000,GLONASS,68,20.0,68.0,24.0,是
0703002-0918-11-09-gnss_raw.txt,2436,443174.000,GLONASS,69,45.0,15.0,34.0,是
0703002-0918-11-09-gnss_raw.txt,2436,443174.000,GLONASS,78,0.0,0.0,23.0,是
0703002-0918-11-09-gnss_raw.txt,2436,443174.000,GLONASS,79,47.0,94.0,25.0,是
0703002-0918-11-09-gnss_raw.txt,2436,443174.000,GLONASS,80,26.0,160.0,31.0,是
0703002-0918-11-09-gnss_raw.txt,2436,443174.000,GLONASS,84,36.0,241.0,34.0,是
0703002-0918-11-09-gnss_raw.txt,2436,443174.000,GLONASS,85,0.0,0.0,28.0,是
0703002-0918-11-09-gnss_raw.txt,2436,443174.000,Galileo,13,0.0,0.0,35.0,是
0703002-0918-11-09-gnss_raw.txt,2436,443174.000,Galileo,26,60.0,271.0,36.0,是
0703002-0918-11-09-gnss_raw.txt,2436,443174.000,Galileo,29,33.0,270.0,31.0,是
0703002-0918-11-09-gnss_raw.txt,2436,443174.000,QZSS,3,43.0,168.0,32.0,是
0703002-0918-11-09-gnss_raw.txt,2436,443174.000,QZSS,7,53.0,169.0,29.0,是
0703002-0918-11-09-gnss_raw.txt,2436,443174.000,BDS,1,48.0,147.0,30.0,是
0703002-0918-11-09-gnss_raw.txt,2436,443174.000,BDS,2,0.0,0.0,27.0,是
0703002-0918-11-09-gnss_raw.txt,2436,443174.000,BDS,3,0.0,0.0,32.0,是
0703002-0918-11-09-gnss_raw.txt,2436,443174.000,BDS,4,37.0,120.0,26.0,是
0703002-0918-11-09-gnss_raw.txt,2436,443174.000,BDS,6,69.0,38.0,32.0,是
0703002-0918-11-09-gnss_raw.txt,2436,443174.000,BDS,7,59.0,189.0,32.0,是
0703002-0918-11-09-gnss_raw.txt,2436,443174.000,BDS,10,49.0,190.0,31.0,是
0703002-0918-11-09-gnss_raw.txt,2436,443174.000,BDS,11,0.0,0.0,19.0,是
0703002-0918-11-09-gnss_raw.txt,2436,443174.000,BDS,20,58.0,28.0,34.0,是
0703002-0918-11-09-gnss_raw.txt,2436,443174.000,BDS,29,21.0,231.0,24.0,是
0703002-0918-11-09-gnss_raw.txt,2436,443174.000,BDS,35,17.0,285.0,24.0,是
0703002-0918-11-09-gnss_raw.txt,2436,443174.000,BDS,37,46.0,77.0,30.0,是
0703002-0918-11-09-gnss_raw.txt,2436,443175.000,GPS,13,0.0,0.0,27.0,是
0703002-0918-11-09-gnss_raw.txt,2436,443175.000,GPS,15,0.0,0.0,31.0,是
0703002-0918-11-09-gnss_raw.txt,2436,443175.000,GPS,18,46.0,215.0,33.0,是
0703002-0918-11-09-gnss_raw.txt,2436,443175.000,GPS,24,66.0,46.0,35.0,是
0703002-0918-11-09-gnss_raw.txt,2436,443175.000,GPS,32,0.0,0.0,29.0,是
0703002-0918-11-09-gnss_raw.txt,2436,443175.000,GLONASS,68,20.0,68.0,27.0,是
0703002-0918-11-09-gnss_raw.txt,2436,443175.000,GLONASS,69,45.0,15.0,34.0,是
0703002-0918-11-09-gnss_raw.txt,2436,443175.000,GLONASS,78,0.0,0.0,22.0,是
0703002-0918-11-09-gnss_raw.txt,2436,443175.000,GLONASS,79,0.0,0.0,28.0,是
0703002-0918-11-09-gnss_raw.txt,2436,443175.000,GLONASS,80,26.0,160.0,33.0,是
0703002-0918-11-09-gnss_raw.txt,2436,443175.000,GLONASS,84,36.0,241.0,30.0,是
0703002-0918-11-09-gnss_raw.txt,2436,443175.000,GLONASS,85,0.0,0.0,30.0,是
0703002-0918-11-09-gnss_raw.txt,2436,443175.000,Galileo,13,0.0,0.0,35.0,是
0703002-0918-11-09-gnss_raw.txt,2436,443175.000,Galileo,26,60.0,271.0,36.0,是
0703002-0918-11-09-gnss_raw.txt,2436,443175.000,Galileo,29,33.0,270.0,32.0,是
0703002-0918-11-09-gnss_raw.txt,2436,443175.000,QZSS,3,43.0,168.0,32.0,是
0703002-0918-11-09-gnss_raw.txt,2436,443175.000,QZSS,7,53.0,169.0,29.0,是
0703002-0918-11-09-gnss_raw.txt,2436,443175.000,BDS,1,48.0,147.0,31.0,是
0703002-0918-11-09-gnss_raw.txt,2436,443175.000,BDS,2,0.0,0.0,28.0,是
0703002-0918-11-09-gnss_raw.txt,2436,443175.000,BDS,3,0.0,0.0,32.0,是
0703002-0918-11-09-gnss_raw.txt,2436,443175.000,BDS,4,37.0,120.0,27.0,是
0703002-0918-11-09-gnss_raw.txt,2436,443175.000,BDS,6,69.0,38.0,32.0,是
0703002-0918-11-09-gnss_raw.txt,2436,443175.000,BDS,7,59.0,189.0,33.0,是
0703002-0918-11-09-gnss_raw.txt,2436,443175.000,BDS,10,49.0,190.0,31.0,是
0703002-0918-11-09-gnss_raw.txt,2436,443175.000,BDS,11,0.0,0.0,21.0,是
0703002-0918-11-09-gnss_raw.txt,2436,443175.000,BDS,20,58.0,28.0,34.0,是
0703002-0918-11-09-gnss_raw.txt,2436,443175.000,BDS,29,21.0,231.0,24.0,是
0703002-0918-11-09-gnss_raw.txt,2436,443175.000,BDS,35,17.0,285.0,27.0,是
0703002-0918-11-09-gnss_raw.txt,2436,443175.000,BDS,37,46.0,77.0,31.0,是
0703002-0918-11-09-gnss_raw.txt,2436,443176.000,GPS,13,27.0,135.0,29.0,是
0703002-0918-11-09-gnss_raw.txt,2436,443176.000,GPS,15,0.0,0.0,32.0,是
0703002-0918-11-09-gnss_raw.txt,2436,443176.000,GPS,18,46.0,215.0,33.0,是
0703002-0918-11-09-gnss_raw.txt,2436,443176.000,GPS,24,66.0,46.0,34.0,是
0703002-0918-11-09-gnss_raw.txt,2436,443176.000,GPS,32,0.0,0.0,28.0,是
0703002-0918-11-09-gnss_raw.txt,2436,443176.000,GLONASS,68,20.0,68.0,32.0,是
0703002-0918-11-09-gnss_raw.txt,2436,443176.000,GLONASS,69,45.0,15.0,35.0,是
0703002-0918-11-09-gnss_raw.txt,2436,443176.000,GLONASS,78,0.0,0.0,20.0,是
0703002-0918-11-09-gnss_raw.txt,2436,443176.000,GLONASS,79,47.0,94.0,25.0,是
0703002-0918-11-09-gnss_raw.txt,2436,443176.000,GLONASS,80,26.0,160.0,33.0,是
0703002-0918-11-09-gnss_raw.txt,2436,443176.000,GLONASS,84,36.0,241.0,31.0,是
0703002-0918-11-09-gnss_raw.txt,2436,443176.000,GLONASS,85,0.0,0.0,35.0,是
0703002-0918-11-09-gnss_raw.txt,2436,443176.000,Galileo,13,0.0,0.0,34.0,是
0703002-0918-11-09-gnss_raw.txt,2436,443176.000,Galileo,26,60.0,271.0,35.0,是
0703002-0918-11-09-gnss_raw.txt,2436,443176.000,Galileo,29,33.0,270.0,30.0,是
0703002-0918-11-09-gnss_raw.txt,2436,443176.000,QZSS,3,43.0,168.0,32.0,是
0703002-0918-11-09-gnss_raw.txt,2436,443176.000,QZSS,7,53.0,169.0,29.0,是
0703002-0918-11-09-gnss_raw.txt,2436,443176.000,BDS,1,48.0,147.0,32.0,是
0703002-0918-11-09-gnss_raw.txt,2436,443176.000,BDS,2,0.0,0.0,25.0,是
0703002-0918-11-09-gnss_raw.txt,2436,443176.000,BDS,3,0.0,0.0,33.0,是
0703002-0918-11-09-gnss_raw.txt,2436,443176.000,BDS,4,37.0,120.0,28.0,是
0703002-0918-11-09-gnss_raw.txt,2436,443176.000,BDS,6,69.0,38.0,32.0,是
0703002-0918-11-09-gnss_raw.txt,2436,443176.000,BDS,7,59.0,189.0,33.0,是
0703002-0918-11-09-gnss_raw.txt,2436,443176.000,BDS,10,49.0,190.0,30.0,是
0703002-0918-11-09-gnss_raw.txt,2436,443176.000,BDS,11,0.0,0.0,19.0,是
0703002-0918-11-09-gnss_raw.txt,2436,443176.000,BDS,20,58.0,28.0,34.0,是
0703002-0918-11-09-gnss_raw.txt,2436,443176.000,BDS,29,21.0,231.0,26.0,是
0703002-0918-11-09-gnss_raw.txt,2436,443176.000,BDS,35,17.0,285.0,28.0,是
0703002-0918-11-09-gnss_raw.txt,2436,443176.000,BDS,37,46.0,77.0,31.0,是
0703002-0918-11-09-gnss_raw.txt,2436,443177.000,GPS,13,27.0,135.0,29.0,是
0703002-0918-11-09-gnss_raw.txt,2436,443177.000,GPS,15,0.0,0.0,32.0,是
0703002-0918-11-09-gnss_raw.txt,2436,443177.000,GPS,18,46.0,215.0,33.0,是
0703002-0918-11-09-gnss_raw.txt,2436,443177.000,GPS,20,0.0,0.0,23.0,是
0703002-0918-11-09-gnss_raw.txt,2436,443177.000,GPS,24,66.0,46.0,35.0,是
0703002-0918-11-09-gnss_raw.txt,2436,443177.000,GPS,32,0.0,0.0,24.0,是
0703002-0918-11-09-gnss_raw.txt,2436,443177.000,GLONASS,68,20.0,68.0,27.0,是
0703002-0918-11-09-gnss_raw.txt,2436,443177.000,GLONASS,69,45.0,15.0,36.0,是
0703002-0918-11-09-gnss_raw.txt,2436,443177.000,GLONASS,79,47.0,94.0,25.0,是
0703002-0918-11-09-gnss_raw.txt,2436,443177.000,GLONASS,80,26.0,160.0,33.0,是
0703002-0918-11-09-gnss_raw.txt,2436,443177.000,GLONASS,84,36.0,241.0,33.0,是
0703002-0918-11-09-gnss_raw.txt,2436,443177.000,GLONASS,85,0.0,0.0,32.0,是
0703002-0918-11-09-gnss_raw.txt,2436,443177.000,Galileo,13,0.0,0.0,34.0,是
0703002-0918-11-09-gnss_raw.txt,2436,443177.000,Galileo,26,60.0,271.0,36.0,是
0703002-0918-11-09-gnss_raw.txt,2436,443177.000,Galileo,29,33.0,270.0,27.0,是
0703002-0918-11-09-gnss_raw.txt,2436,443177.000,QZSS,3,43.0,168.0,32.0,是
0703002-0918-11-09-gnss_raw.txt,2436,443177.000,QZSS,7,53.0,169.0,29.0,是
0703002-0918-11-09-gnss_raw.txt,2436,443177.000,BDS,1,48.0,147.0,31.0,是
0703002-0918-11-09-gnss_raw.txt,2436,443177.000,BDS,3,0.0,0.0,32.0,是
0703002-0918-11-09-gnss_raw.txt,2436,443177.000,BDS,4,0.0,0.0,28.0,是
0703002-0918-11-09-gnss_raw.txt,2436,443177.000,BDS,6,69.0,38.0,32.0,是
0703002-0918-11-09-gnss_raw.txt,2436,443177.000,BDS,7,59.0,189.0,32.0,是
0703002-0918-11-09-gnss_raw.txt,2436,443177.000,BDS,10,49.0,190.0,30.0,是
0703002-0918-11-09-gnss_raw.txt,2436,443177.000,BDS,11,0.0,0.0,18.0,是
0703002-0918-11-09-gnss_raw.txt,2436,443177.000,BDS,20,58.0,28.0,35.0,是
0703002-0918-11-09-gnss_raw.txt,2436,443177.000,BDS,29,21.0,231.0,26.0,是
0703002-0918-11-09-gnss_raw.txt,2436,443177.000,BDS,35,17.0,285.0,28.0,是
0703002-0918-11-09-gnss_raw.txt,2436,443177.000,BDS,37,46.0,77.0,32.0,是
0703002-0918-11-09-gnss_raw.txt,2436,443178.000,GPS,13,27.0,135.0,29.0,是
0703002-0918-11-09-gnss_raw.txt,2436,443178.000,GPS,15,0.0,0.0,32.0,是
0703002-0918-11-09-gnss_raw.txt,2436,443178.000,GPS,18,46.0,215.0,33.0,是
0703002-0918-11-09-gnss_raw.txt,2436,443178.000,GPS,20,0.0,0.0,23.0,是
0703002-0918-11-09-gnss_raw.txt,2436,443178.000,GPS,24,66.0,45.0,35.0,是
0703002-0918-11-09-gnss_raw.txt,2436,443178.000,GPS,32,0.0,0.0,22.0,是
0703002-0918-11-09-gnss_raw.txt,2436,443178.000,GLONASS,68,20.0,68.0,30.0,是
0703002-0918-11-09-gnss_raw.txt,2436,443178.000,GLONASS,69,45.0,15.0,37.0,是
0703002-0918-11-09-gnss_raw.txt,2436,443178.000,GLONASS,79,0.0,0.0,26.0,是
0703002-0918-11-09-gnss_raw.txt,2436,443178.000,GLONASS,80,26.0,160.0,34.0,是
0703002-0918-11-09-gnss_raw.txt,2436,443178.000,GLONASS,84,36.0,241.0,33.0,是
0703002-0918-11-09-gnss_raw.txt,2436,443178.000,GLONASS,85,0.0,0.0,31.0,是
0703002-0918-11-09-gnss_raw.txt,2436,443178.000,Galileo,13,0.0,0.0,33.0,是
0703002-0918-11-09-gnss_raw.txt,2436,443178.000,Galileo,26,60.0,271.0,35.0,是
0703002-0918-11-09-gnss_raw.txt,2436,443178.000,Galileo,29,33.0,270.0,31.0,是
0703002-0918-11-09-gnss_raw.txt,2436,443178.000,QZSS,3,43.0,168.0,32.0,是
0703002-0918-11-09-gnss_raw.txt,2436,443178.000,QZSS,7,53.0,169.0,29.0,是
0703002-0918-11-09-gnss_raw.txt,2436,443178.000,BDS,1,48.0,147.0,30.0,是
0703002-0918-11-09-gnss_raw.txt,2436,443178.000,BDS,3,0.0,0.0,33.0,是
0703002-0918-11-09-gnss_raw.txt,2436,443178.000,BDS,4,0.0,0.0,27.0,是
0703002-0918-11-09-gnss_raw.txt,2436,443178.000,BDS,6,69.0,38.0,32.0,是
0703002-0918-11-09-gnss_raw.txt,2436,443178.000,BDS,7,59.0,189.0,32.0,是
0703002-0918-11-09-gnss_raw.txt,2436,443178.000,BDS,10,49.0,190.0,30.0,是
0703002-0918-11-09-gnss_raw.txt,2436,443178.000,BDS,11,0.0,0.0,33.0,是
0703002-0918-11-09-gnss_raw.txt,2436,443178.000,BDS,20,58.0,28.0,35.0,是
0703002-0918-11-09-gnss_raw.txt,2436,443178.000,BDS,29,21.0,231.0,27.0,是
0703002-0918-11-09-gnss_raw.txt,2436,443178.000,BDS,35,17.0,285.0,26.0,是
0703002-0918-11-09-gnss_raw.txt,2436,443178.000,BDS,37,46.0,77.0,32.0,是
0703002-0918-11-09-gnss_raw.txt,2436,443179.000,GPS,13,27.0,135.0,29.0,是
0703002-0918-11-09-gnss_raw.txt,2436,443179.000,GPS,15,0.0,0.0,32.0,是
0703002-0918-11-09-gnss_raw.txt,2436,443179.000,GPS,18,46.0,215.0,33.0,是
0703002-0918-11-09-gnss_raw.txt,2436,443179.000,GPS,20,0.0,0.0,23.0,是
0703002-0918-11-09-gnss_raw.txt,2436,443179.000,GPS,24,66.0,45.0,35.0,是
0703002-0918-11-09-gnss_raw.txt,2436,443179.000,GPS,32,0.0,0.0,24.0,是
0703002-0918-11-09-gnss_raw.txt,2436,443179.000,GLONASS,68,20.0,68.0,29.0,是
0703002-0918-11-09-gnss_raw.txt,2436,443179.000,GLONASS,69,45.0,15.0,38.0,是
0703002-0918-11-09-gnss_raw.txt,2436,443179.000,GLONASS,79,47.0,94.0,25.0,是
0703002-0918-11-09-gnss_raw.txt,2436,443179.000,GLONASS,80,26.0,160.0,33.0,是
0703002-0918-11-09-gnss_raw.txt,2436,443179.000,GLONASS,84,36.0,241.0,32.0,是
0703002-0918-11-09-gnss_raw.txt,2436,443179.000,GLONASS,85,0.0,0.0,30.0,是
0703002-0918-11-09-gnss_raw.txt,2436,443179.000,Galileo,13,0.0,0.0,34.0,是
0703002-0918-11-09-gnss_raw.txt,2436,443179.000,Galileo,26,60.0,271.0,35.0,是
0703002-0918-11-09-gnss_raw.txt,2436,443179.000,Galileo,29,33.0,271.0,29.0,是
0703002-0918-11-09-gnss_raw.txt,2436,443179.000,QZSS,3,43.0,168.0,32.0,是
0703002-0918-11-09-gnss_raw.txt,2436,443179.000,QZSS,7,53.0,169.0,29.0,是
0703002-0918-11-09-gnss_raw.txt,2436,443179.000,BDS,1,48.0,147.0,31.0,是
0703002-0918-11-09-gnss_raw.txt,2436,443179.000,BDS,3,0.0,0.0,32.0,是
0703002-0918-11-09-gnss_raw.txt,2436,443179.000,BDS,4,37.0,120.0,29.0,是
0703002-0918-11-09-gnss_raw.txt,2436,443179.000,BDS,6,69.0,38.0,33.0,是
0703002-0918-11-09-gnss_raw.txt,2436,443179.000,BDS,7,59.0,189.0,32.0,是
0703002-0918-11-09-gnss_raw.txt,2436,443179.000,BDS,10,49.0,190.0,30.0,是
0703002-0918-11-09-gnss_raw.txt,2436,443179.000,BDS,11,0.0,0.0,31.0,是
0703002-0918-11-09-gnss_raw.txt,2436,443179.000,BDS,20,58.0,28.0,34.0,是
0703002-0918-11-09-gnss_raw.txt,2436,443179.000,BDS,29,21.0,231.0,28.0,是
0703002-0918-11-09-gnss_raw.txt,2436,443179.000,BDS,35,17.0,285.0,25.0,是
0703002-0918-11-09-gnss_raw.txt,2436,443179.000,BDS,37,46.0,77.0,32.0,是
0703002-0918-11-09-gnss_raw.txt,2436,443180.000,GPS,13,27.0,135.0,29.0,是
0703002-0918-11-09-gnss_raw.txt,2436,443180.000,GPS,15,0.0,0.0,32.0,是
0703002-0918-11-09-gnss_raw.txt,2436,443180.000,GPS,18,46.0,215.0,33.0,是
0703002-0918-11-09-gnss_raw.txt,2436,443180.000,GPS,20,0.0,0.0,21.0,是
0703002-0918-11-09-gnss_raw.txt,2436,443180.000,GPS,24,66.0,45.0,35.0,是
0703002-0918-11-09-gnss_raw.txt,2436,443180.000,GPS,32,0.0,0.0,26.0,是
0703002-0918-11-09-gnss_raw.txt,2436,443180.000,GLONASS,68,0.0,0.0,24.0,是
0703002-0918-11-09-gnss_raw.txt,2436,443180.000,GLONASS,69,45.0,15.0,39.0,是
0703002-0918-11-09-gnss_raw.txt,2436,443180.000,GLONASS,79,47.0,93.0,26.0,是
0703002-0918-11-09-gnss_raw.txt,2436,443180.000,GLONASS,80,26.0,160.0,32.0,是
0703002-0918-11-09-gnss_raw.txt,2436,443180.000,GLONASS,84,36.0,241.0,31.0,是
0703002-0918-11-09-gnss_raw.txt,2436,443180.000,GLONASS,85,0.0,0.0,30.0,是
0703002-0918-11-09-gnss_raw.txt,2436,443180.000,Galileo,13,0.0,0.0,33.0,是
0703002-0918-11-09-gnss_raw.txt,2436,443180.000,Galileo,26,60.0,271.0,34.0,是
0703002-0918-11-09-gnss_raw.txt,2436,443180.000,Galileo,29,33.0,271.0,26.0,是
0703002-0918-11-09-gnss_raw.txt,2436,443180.000,QZSS,3,43.0,168.0,32.0,是
0703002-0918-11-09-gnss_raw.txt,2436,443180.000,QZSS,7,53.0,169.0,28.0,是
0703002-0918-11-09-gnss_raw.txt,2436,443180.000,BDS,1,48.0,147.0,31.0,是
0703002-0918-11-09-gnss_raw.txt,2436,443180.000,BDS,3,0.0,0.0,32.0,是
0703002-0918-11-09-gnss_raw.txt,2436,443180.000,BDS,4,37.0,120.0,28.0,是
0703002-0918-11-09-gnss_raw.txt,2436,443180.000,BDS,6,69.0,38.0,33.0,是
0703002-0918-11-09-gnss_raw.txt,2436,443180.000,BDS,7,59.0,189.0,32.0,是
0703002-0918-11-09-gnss_raw.txt,2436,443180.000,BDS,10,49.0,190.0,30.0,是
0703002-0918-11-09-gnss_raw.txt,2436,443180.000,BDS,11,0.0,0.0,32.0,是
0703002-0918-11-09-gnss_raw.txt,2436,443180.000,BDS,20,58.0,28.0,35.0,是
0703002-0918-11-09-gnss_raw.txt,2436,443180.000,BDS,29,21.0,231.0,28.0,是
0703002-0918-11-09-gnss_raw.txt,2436,443180.000,BDS,35,17.0,285.0,25.0,是
0703002-0918-11-09-gnss_raw.txt,2436,443180.000,BDS,37,46.0,77.0,32.0,是
0703002-0918-11-09-gnss_raw.txt,2436,443181.000,GPS,13,27.0,135.0,28.0,是
0703002-0918-11-09-gnss_raw.txt,2436,443181.000,GPS,15,0.0,0.0,32.0,是
0703002-0918-11-09-gnss_raw.txt,2436,443181.000,GPS,18,46.0,215.0,33.0,是
0703002-0918-11-09-gnss_raw.txt,2436,443181.000,GPS,20,0.0,0.0,20.0,是
0703002-0918-11-09-gnss_raw.txt,2436,443181.000,GPS,24,66.0,45.0,35.0,是
0703002-0918-11-09-gnss_raw.txt,2436,443181.000,GPS,32,0.0,0.0,28.0,是
0703002-0918-11-09-gnss_raw.txt,2436,443181.000,GLONASS,68,20.0,68.0,22.0,是
0703002-0918-11-09-gnss_raw.txt,2436,443181.000,GLONASS,69,45.0,15.0,39.0,是
0703002-0918-11-09-gnss_raw.txt,2436,443181.000,GLONASS,79,47.0,93.0,30.0,是
0703002-0918-11-09-gnss_raw.txt,2436,443181.000,GLONASS,80,26.0,160.0,34.0,是
0703002-0918-11-09-gnss_raw.txt,2436,443181.000,GLONASS,84,36.0,241.0,33.0,是
0703002-0918-11-09-gnss_raw.txt,2436,443181.000,GLONASS,85,0.0,0.0,33.0,是
0703002-0918-11-09-gnss_raw.txt,2436,443181.000,Galileo,13,0.0,0.0,31.0,是
0703002-0918-11-09-gnss_raw.txt,2436,443181.000,Galileo,26,60.0,271.0,35.0,是
0703002-0918-11-09-gnss_raw.txt,2436,443181.000,Galileo,29,33.0,271.0,31.0,是
0703002-0918-11-09-gnss_raw.txt,2436,443181.000,QZSS,3,43.0,168.0,32.0,是
0703002-0918-11-09-gnss_raw.txt,2436,443181.000,QZSS,7,53.0,169.0,28.0,是
0703002-0918-11-09-gnss_raw.txt,2436,443181.000,BDS,1,48.0,147.0,29.0,是
0703002-0918-11-09-gnss_raw.txt,2436,443181.000,BDS,3,0.0,0.0,31.0,是
0703002-0918-11-09-gnss_raw.txt,2436,443181.000,BDS,4,37.0,120.0,28.0,是
0703002-0918-11-09-gnss_raw.txt,2436,443181.000,BDS,6,69.0,38.0,33.0,是
0703002-0918-11-09-gnss_raw.txt,2436,443181.000,BDS,7,59.0,189.0,32.0,是
0703002-0918-11-09-gnss_raw.txt,2436,443181.000,BDS,10,49.0,190.0,30.0,是
0703002-0918-11-09-gnss_raw.txt,2436,443181.000,BDS,11,0.0,0.0,33.0,是
0703002-0918-11-09-gnss_raw.txt,2436,443181.000,BDS,20,58.0,28.0,35.0,是
0703002-0918-11-09-gnss_raw.txt,2436,443181.000,BDS,29,21.0,231.0,28.0,是
0703002-0918-11-09-gnss_raw.txt,2436,443181.000,BDS,35,17.0,285.0,24.0,是
0703002-0918-11-09-gnss_raw.txt,2436,443181.000,BDS,37,46.0,77.0,32.0,是
0703002-0918-11-09-gnss_raw.txt,2436,443182.000,GPS,13,27.0,135.0,26.0,是
0703002-0918-11-09-gnss_raw.txt,2436,443182.000,GPS,15,0.0,0.0,32.0,是
0703002-0918-11-09-gnss_raw.txt,2436,443182.000,GPS,18,46.0,215.0,33.0,是
0703002-0918-11-09-gnss_raw.txt,2436,443182.000,GPS,20,0.0,0.0,18.0,是
0703002-0918-11-09-gnss_raw.txt,2436,443182.000,GPS,24,66.0,45.0,35.0,是
0703002-0918-11-09-gnss_raw.txt,2436,443182.000,GPS,32,0.0,0.0,30.0,是
0703002-0918-11-09-gnss_raw.txt,2436,443182.000,GLONASS,68,20.0,68.0,23.0,是
0703002-0918-11-09-gnss_raw.txt,2436,443182.000,GLONASS,69,45.0,15.0,39.0,是
0703002-0918-11-09-gnss_raw.txt,2436,443182.000,GLONASS,79,47.0,93.0,30.0,是
0703002-0918-11-09-gnss_raw.txt,2436,443182.000,GLONASS,80,26.0,160.0,35.0,是
0703002-0918-11-09-gnss_raw.txt,2436,443182.000,GLONASS,84,36.0,241.0,32.0,是
0703002-0918-11-09-gnss_raw.txt,2436,443182.000,GLONASS,85,0.0,0.0,34.0,是
0703002-0918-11-09-gnss_raw.txt,2436,443182.000,Galileo,13,0.0,0.0,32.0,是
0703002-0918-11-09-gnss_raw.txt,2436,443182.000,Galileo,26,60.0,271.0,35.0,是
0703002-0918-11-09-gnss_raw.txt,2436,443182.000,Galileo,29,33.0,271.0,29.0,是
0703002-0918-11-09-gnss_raw.txt,2436,443182.000,QZSS,3,43.0,168.0,31.0,是
0703002-0918-11-09-gnss_raw.txt,2436,443182.000,QZSS,7,53.0,169.0,27.0,是
0703002-0918-11-09-gnss_raw.txt,2436,443182.000,BDS,1,48.0,147.0,32.0,是
0703002-0918-11-09-gnss_raw.txt,2436,443182.000,BDS,3,0.0,0.0,31.0,是
0703002-0918-11-09-gnss_raw.txt,2436,443182.000,BDS,4,37.0,120.0,30.0,是
0703002-0918-11-09-gnss_raw.txt,2436,443182.000,BDS,6,69.0,38.0,33.0,是
0703002-0918-11-09-gnss_raw.txt,2436,443182.000,BDS,7,59.0,189.0,32.0,是
0703002-0918-11-09-gnss_raw.txt,2436,443182.000,BDS,10,49.0,190.0,30.0,是
0703002-0918-11-09-gnss_raw.txt,2436,443182.000,BDS,11,0.0,0.0,34.0,是
0703002-0918-11-09-gnss_raw.txt,2436,443182.000,BDS,20,58.0,28.0,35.0,是
0703002-0918-11-09-gnss_raw.txt,2436,443182.000,BDS,29,21.0,231.0,29.0,是
0703002-0918-11-09-gnss_raw.txt,2436,443182.000,BDS,35,17.0,285.0,25.0,是
0703002-0918-11-09-gnss_raw.txt,2436,443182.000,BDS,37,46.0,77.0,32.0,是
0703002-0918-11-09-gnss_raw.txt,2436,443183.000,GPS,13,27.0,135.0,27.0,是
0703002-0918-11-09-gnss_raw.txt,2436,443183.000,GPS,15,0.0,0.0,32.0,是
0703002-0918-11-09-gnss_raw.txt,2436,443183.000,GPS,18,46.0,215.0,33.0,是
0703002-0918-11-09-gnss_raw.txt,2436,443183.000,GPS,20,0.0,0.0,19.0,是
0703002-0918-11-09-gnss_raw.txt,2436,443183.000,GPS,24,66.0,45.0,35.0,是
0703002-0918-11-09-gnss_raw.txt,2436,443183.000,GPS,32,0.0,0.0,30.0,是
0703002-0918-11-09-gnss_raw.txt,2436,443183.000,GLONASS,68,20.0,68.0,22.0,是
0703002-0918-11-09-gnss_raw.txt,2436,443183.000,GLONASS,69,45.0,15.0,39.0,是
0703002-0918-11-09-gnss_raw.txt,2436,443183.000,GLONASS,79,47.0,93.0,28.0,是
0703002-0918-11-09-gnss_raw.txt,2436,443183.000,GLONASS,80,26.0,160.0,36.0,是
0703002-0918-11-09-gnss_raw.txt,2436,443183.000,GLONASS,84,36.0,241.0,34.0,是
0703002-0918-11-09-gnss_raw.txt,2436,443183.000,GLONASS,85,0.0,0.0,34.0,是
0703002-0918-11-09-gnss_raw.txt,2436,443183.000,Galileo,13,0.0,0.0,33.0,是
0703002-0918-11-09-gnss_raw.txt,2436,443183.000,Galileo,26,60.0,271.0,34.0,是
0703002-0918-11-09-gnss_raw.txt,2436,443183.000,Galileo,29,33.0,271.0,28.0,是
0703002-0918-11-09-gnss_raw.txt,2436,443183.000,QZSS,3,43.0,168.0,32.0,是
0703002-0918-11-09-gnss_raw.txt,2436,443183.000,QZSS,7,53.0,169.0,28.0,是
0703002-0918-11-09-gnss_raw.txt,2436,443183.000,BDS,1,48.0,147.0,30.0,是
0703002-0918-11-09-gnss_raw.txt,2436,443183.000,BDS,3,0.0,0.0,33.0,是
0703002-0918-11-09-gnss_raw.txt,2436,443183.000,BDS,4,37.0,120.0,28.0,是
0703002-0918-11-09-gnss_raw.txt,2436,443183.000,BDS,6,69.0,38.0,33.0,是
0703002-0918-11-09-gnss_raw.txt,2436,443183.000,BDS,7,59.0,189.0,32.0,是
0703002-0918-11-09-gnss_raw.txt,2436,443183.000,BDS,10,49.0,190.0,31.0,是
0703002-0918-11-09-gnss_raw.txt,2436,443183.000,BDS,11,0.0,0.0,27.0,是
0703002-0918-11-09-gnss_raw.txt,2436,443183.000,BDS,20,58.0,28.0,35.0,是
0703002-0918-11-09-gnss_raw.txt,2436,443183.000,BDS,29,21.0,231.0,29.0,是
0703002-0918-11-09-gnss_raw.txt,2436,443183.000,BDS,35,17.0,285.0,25.0,是
0703002-0918-11-09-gnss_raw.txt,2436,443183.000,BDS,37,46.0,77.0,31.0,是
0703002-0918-11-09-gnss_raw.txt,2436,443184.000,GPS,13,27.0,135.0,29.0,是
0703002-0918-11-09-gnss_raw.txt,2436,443184.000,GPS,15,0.0,0.0,32.0,是
0703002-0918-11-09-gnss_raw.txt,2436,443184.000,GPS,18,46.0,215.0,33.0,是
0703002-0918-11-09-gnss_raw.txt,2436,443184.000,GPS,20,0.0,0.0,17.0,是
0703002-0918-11-09-gnss_raw.txt,2436,443184.000,GPS,24,66.0,45.0,35.0,是
0703002-0918-11-09-gnss_raw.txt,2436,443184.000,GPS,32,0.0,0.0,29.0,是
0703002-0918-11-09-gnss_raw.txt,2436,443184.000,GLONASS,68,20.0,68.0,24.0,是
0703002-0918-11-09-gnss_raw.txt,2436,443184.000,GLONASS,69,45.0,15.0,39.0,是
0703002-0918-11-09-gnss_raw.txt,2436,443184.000,GLONASS,79,0.0,0.0,25.0,是
0703002-0918-11-09-gnss_raw.txt,2436,443184.000,GLONASS,80,26.0,160.0,36.0,是
0703002-0918-11-09-gnss_raw.txt,2436,443184.000,GLONASS,84,36.0,241.0,34.0,是
0703002-0918-11-09-gnss_raw.txt,2436,443184.000,GLONASS,85,0.0,0.0,32.0,是
0703002-0918-11-09-gnss_raw.txt,2436,443184.000,Galileo,13,0.0,0.0,34.0,是
0703002-0918-11-09-gnss_raw.txt,2436,443184.000,Galileo,26,60.0,271.0,33.0,是
0703002-0918-11-09-gnss_raw.txt,2436,443184.000,Galileo,29,33.0,271.0,30.0,是
0703002-0918-11-09-gnss_raw.txt,2436,443184.000,QZSS,3,43.0,168.0,32.0,是
0703002-0918-11-09-gnss_raw.txt,2436,443184.000,QZSS,7,53.0,169.0,28.0,是
0703002-0918-11-09-gnss_raw.txt,2436,443184.000,BDS,1,48.0,147.0,30.0,是
0703002-0918-11-09-gnss_raw.txt,2436,443184.000,BDS,3,0.0,0.0,32.0,是
0703002-0918-11-09-gnss_raw.txt,2436,443184.000,BDS,4,37.0,120.0,29.0,是
0703002-0918-11-09-gnss_raw.txt,2436,443184.000,BDS,6,69.0,38.0,33.0,是
0703002-0918-11-09-gnss_raw.txt,2436,443184.000,BDS,7,59.0,189.0,32.0,是
0703002-0918-11-09-gnss_raw.txt,2436,443184.000,BDS,10,49.0,190.0,31.0,是
0703002-0918-11-09-gnss_raw.txt,2436,443184.000,BDS,11,0.0,0.0,21.0,是
0703002-0918-11-09-gnss_raw.txt,2436,443184.000,BDS,20,58.0,28.0,35.0,是
0703002-0918-11-09-gnss_raw.txt,2436,443184.000,BDS,29,21.0,231.0,30.0,是
0703002-0918-11-09-gnss_raw.txt,2436,443184.000,BDS,35,17.0,285.0,26.0,是
0703002-0918-11-09-gnss_raw.txt,2436,443184.000,BDS,37,46.0,77.0,31.0,是
0703002-0918-11-09-gnss_raw.txt,2436,443185.000,GPS,13,27.0,135.0,29.0,是
0703002-0918-11-09-gnss_raw.txt,2436,443185.000,GPS,15,0.0,0.0,33.0,是
0703002-0918-11-09-gnss_raw.txt,2436,443185.000,GPS,18,46.0,215.0,33.0,是
0703002-0918-11-09-gnss_raw.txt,2436,443185.000,GPS,20,0.0,0.0,18.0,是
0703002-0918-11-09-gnss_raw.txt,2436,443185.000,GPS,24,66.0,45.0,35.0,是
0703002-0918-11-09-gnss_raw.txt,2436,443185.000,GPS,32,0.0,0.0,27.0,是
0703002-0918-11-09-gnss_raw.txt,2436,443185.000,GLONASS,68,20.0,68.0,25.0,是
0703002-0918-11-09-gnss_raw.txt,2436,443185.000,GLONASS,69,45.0,15.0,40.0,是
0703002-0918-11-09-gnss_raw.txt,2436,443185.000,GLONASS,79,0.0,0.0,21.0,是
0703002-0918-11-09-gnss_raw.txt,2436,443185.000,GLONASS,80,26.0,160.0,36.0,是
0703002-0918-11-09-gnss_raw.txt,2436,443185.000,GLONASS,84,36.0,241.0,33.0,是
0703002-0918-11-09-gnss_raw.txt,2436,443185.000,GLONASS,85,0.0,0.0,31.0,是
0703002-0918-11-09-gnss_raw.txt,2436,443185.000,Galileo,13,0.0,0.0,34.0,是
0703002-0918-11-09-gnss_raw.txt,2436,443185.000,Galileo,26,60.0,271.0,35.0,是
0703002-0918-11-09-gnss_raw.txt,2436,443185.000,Galileo,29,33.0,271.0,31.0,是
0703002-0918-11-09-gnss_raw.txt,2436,443185.000,QZSS,3,43.0,168.0,32.0,是
0703002-0918-11-09-gnss_raw.txt,2436,443185.000,QZSS,7,53.0,169.0,27.0,是
0703002-0918-11-09-gnss_raw.txt,2436,443185.000,BDS,1,48.0,147.0,32.0,是
0703002-0918-11-09-gnss_raw.txt,2436,443185.000,BDS,2,0.0,0.0,26.0,是
0703002-0918-11-09-gnss_raw.txt,2436,443185.000,BDS,3,0.0,0.0,33.0,是
0703002-0918-11-09-gnss_raw.txt,2436,443185.000,BDS,4,37.0,120.0,28.0,是
0703002-0918-11-09-gnss_raw.txt,2436,443185.000,BDS,6,69.0,38.0,33.0,是
0703002-0918-11-09-gnss_raw.txt,2436,443185.000,BDS,7,59.0,189.0,32.0,是
0703002-0918-11-09-gnss_raw.txt,2436,443185.000,BDS,10,49.0,190.0,31.0,是
0703002-0918-11-09-gnss_raw.txt,2436,443185.000,BDS,11,0.0,0.0,18.0,是
0703002-0918-11-09-gnss_raw.txt,2436,443185.000,BDS,20,58.0,28.0,34.0,是
0703002-0918-11-09-gnss_raw.txt,2436,443185.000,BDS,29,21.0,231.0,31.0,是
0703002-0918-11-09-gnss_raw.txt,2436,443185.000,BDS,35,17.0,285.0,27.0,是
0703002-0918-11-09-gnss_raw.txt,2436,443185.000,BDS,37,46.0,77.0,31.0,是
0703002-0918-11-09-gnss_raw.txt,2436,443186.000,GPS,13,27.0,135.0,29.0,是
0703002-0918-11-09-gnss_raw.txt,2436,443186.000,GPS,15,0.0,0.0,33.0,是
0703002-0918-11-09-gnss_raw.txt,2436,443186.000,GPS,18,46.0,215.0,33.0,是
0703002-0918-11-09-gnss_raw.txt,2436,443186.000,GPS,20,0.0,0.0,20.0,是
0703002-0918-11-09-gnss_raw.txt,2436,443186.000,GPS,24,66.0,45.0,35.0,是
0703002-0918-11-09-gnss_raw.txt,2436,443186.000,GPS,32,0.0,0.0,26.0,是
0703002-0918-11-09-gnss_raw.txt,2436,443186.000,GLONASS,68,20.0,68.0,24.0,是
0703002-0918-11-09-gnss_raw.txt,2436,443186.000,GLONASS,69,45.0,15.0,39.0,是
0703002-0918-11-09-gnss_raw.txt,2436,443186.000,GLONASS,70,29.0,312.0,31.0,是
0703002-0918-11-09-gnss_raw.txt,2436,443186.000,GLONASS,79,0.0,0.0,20.0,是
0703002-0918-11-09-gnss_raw.txt,2436,443186.000,GLONASS,80,26.0,160.0,36.0,是
0703002-0918-11-09-gnss_raw.txt,2436,443186.000,GLONASS,84,36.0,241.0,34.0,是
0703002-0918-11-09-gnss_raw.txt,2436,443186.000,GLONASS,85,0.0,0.0,36.0,是
0703002-0918-11-09-gnss_raw.txt,2436,443186.000,Galileo,13,0.0,0.0,34.0,是
0703002-0918-11-09-gnss_raw.txt,2436,443186.000,Galileo,26,60.0,271.0,35.0,是
0703002-0918-11-09-gnss_raw.txt,2436,443186.000,Galileo,29,33.0,271.0,32.0,是
0703002-0918-11-09-gnss_raw.txt,2436,443186.000,QZSS,3,43.0,168.0,33.0,是
0703002-0918-11-09-gnss_raw.txt,2436,443186.000,QZSS,7,53.0,169.0,27.0,是
0703002-0918-11-09-gnss_raw.txt,2436,443186.000,BDS,1,48.0,147.0,31.0,是
0703002-0918-11-09-gnss_raw.txt,2436,443186.000,BDS,2,0.0,0.0,28.0,是
0703002-0918-11-09-gnss_raw.txt,2436,443186.000,BDS,3,0.0,0.0,32.0,是
0703002-0918-11-09-gnss_raw.txt,2436,443186.000,BDS,4,37.0,120.0,30.0,是
0703002-0918-11-09-gnss_raw.txt,2436,443186.000,BDS,6,69.0,38.0,32.0,是
0703002-0918-11-09-gnss_raw.txt,2436,443186.000,BDS,7,59.0,189.0,32.0,是
0703002-0918-11-09-gnss_raw.txt,2436,443186.000,BDS,10,49.0,190.0,31.0,是
0703002-0918-11-09-gnss_raw.txt,2436,443186.000,BDS,11,0.0,0.0,18.0,是
0703002-0918-11-09-gnss_raw.txt,2436,443186.000,BDS,20,58.0,28.0,34.0,是
0703002-0918-11-09-gnss_raw.txt,2436,443186.000,BDS,29,21.0,231.0,31.0,是
0703002-0918-11-09-gnss_raw.txt,2436,443186.000,BDS,35,17.0,285.0,27.0,是
0703002-0918-11-09-gnss_raw.txt,2436,443186.000,BDS,37,46.0,77.0,31.0,是
0703002-0918-11-09-gnss_raw.txt,2436,443187.000,GPS,13,27.0,135.0,29.0,是
0703002-0918-11-09-gnss_raw.txt,2436,443187.000,GPS,15,0.0,0.0,31.0,是
0703002-0918-11-09-gnss_raw.txt,2436,443187.000,GPS,18,46.0,215.0,33.0,是
0703002-0918-11-09-gnss_raw.txt,2436,443187.000,GPS,20,0.0,0.0,22.0,是
0703002-0918-11-09-gnss_raw.txt,2436,443187.000,GPS,24,66.0,45.0,35.0,是
0703002-0918-11-09-gnss_raw.txt,2436,443187.000,GPS,32,0.0,0.0,24.0,是
0703002-0918-11-09-gnss_raw.txt,2436,443187.000,GLONASS,68,20.0,68.0,21.0,是
0703002-0918-11-09-gnss_raw.txt,2436,443187.000,GLONASS,69,45.0,15.0,40.0,是
0703002-0918-11-09-gnss_raw.txt,2436,443187.000,GLONASS,70,29.0,312.0,30.0,是
0703002-0918-11-09-gnss_raw.txt,2436,443187.000,GLONASS,79,0.0,0.0,21.0,是
0703002-0918-11-09-gnss_raw.txt,2436,443187.000,GLONASS,80,26.0,160.0,33.0,是
0703002-0918-11-09-gnss_raw.txt,2436,443187.000,GLONASS,84,36.0,241.0,35.0,是
0703002-0918-11-09-gnss_raw.txt,2436,443187.000,GLONASS,85,0.0,0.0,34.0,是
0703002-0918-11-09-gnss_raw.txt,2436,443187.000,Galileo,13,0.0,0.0,32.0,是
0703002-0918-11-09-gnss_raw.txt,2436,443187.000,Galileo,26,60.0,271.0,35.0,是
0703002-0918-11-09-gnss_raw.txt,2436,443187.000,Galileo,29,33.0,271.0,30.0,是
0703002-0918-11-09-gnss_raw.txt,2436,443187.000,QZSS,3,43.0,168.0,32.0,是
0703002-0918-11-09-gnss_raw.txt,2436,443187.000,QZSS,7,53.0,169.0,28.0,是
0703002-0918-11-09-gnss_raw.txt,2436,443187.000,BDS,1,48.0,147.0,31.0,是
0703002-0918-11-09-gnss_raw.txt,2436,443187.000,BDS,2,0.0,0.0,27.0,是
0703002-0918-11-09-gnss_raw.txt,2436,443187.000,BDS,3,0.0,0.0,32.0,是
0703002-0918-11-09-gnss_raw.txt,2436,443187.000,BDS,4,37.0,120.0,29.0,是
0703002-0918-11-09-gnss_raw.txt,2436,443187.000,BDS,6,69.0,38.0,32.0,是
0703002-0918-11-09-gnss_raw.txt,2436,443187.000,BDS,7,59.0,189.0,32.0,是
0703002-0918-11-09-gnss_raw.txt,2436,443187.000,BDS,10,49.0,190.0,31.0,是
0703002-0918-11-09-gnss_raw.txt,2436,443187.000,BDS,11,0.0,0.0,18.0,是
0703002-0918-11-09-gnss_raw.txt,2436,443187.000,BDS,20,58.0,28.0,34.0,是
0703002-0918-11-09-gnss_raw.txt,2436,443187.000,BDS,29,21.0,231.0,30.0,是
0703002-0918-11-09-gnss_raw.txt,2436,443187.000,BDS,35,17.0,285.0,27.0,是
0703002-0918-11-09-gnss_raw.txt,2436,443187.000,BDS,37,46.0,77.0,31.0,是
0703002-0918-11-09-gnss_raw.txt,2436,443188.000,GPS,13,27.0,135.0,30.0,是
0703002-0918-11-09-gnss_raw.txt,2436,443188.000,GPS,15,0.0,0.0,30.0,是
0703002-0918-11-09-gnss_raw.txt,2436,443188.000,GPS,18,46.0,215.0,33.0,是
0703002-0918-11-09-gnss_raw.txt,2436,443188.000,GPS,20,0.0,0.0,22.0,是
0703002-0918-11-09-gnss_raw.txt,2436,443188.000,GPS,24,66.0,45.0,35.0,是
0703002-0918-11-09-gnss_raw.txt,2436,443188.000,GPS,32,0.0,0.0,25.0,是
0703002-0918-11-09-gnss_raw.txt,2436,443188.000,GLONASS,68,20.0,68.0,28.0,是
0703002-0918-11-09-gnss_raw.txt,2436,443188.000,GLONASS,69,45.0,15.0,39.0,是
0703002-0918-11-09-gnss_raw.txt,2436,443188.000,GLONASS,70,0.0,0.0,24.0,是
0703002-0918-11-09-gnss_raw.txt,2436,443188.000,GLONASS,79,47.0,93.0,22.0,是
0703002-0918-11-09-gnss_raw.txt,2436,443188.000,GLONASS,80,26.0,160.0,35.0,是
0703002-0918-11-09-gnss_raw.txt,2436,443188.000,GLONASS,84,36.0,241.0,34.0,是
0703002-0918-11-09-gnss_raw.txt,2436,443188.000,GLONASS,85,0.0,0.0,33.0,是
0703002-0918-11-09-gnss_raw.txt,2436,443188.000,Galileo,13,0.0,0.0,34.0,是
0703002-0918-11-09-gnss_raw.txt,2436,443188.000,Galileo,26,60.0,271.0,36.0,是
0703002-0918-11-09-gnss_raw.txt,2436,443188.000,Galileo,29,33.0,271.0,29.0,是
0703002-0918-11-09-gnss_raw.txt,2436,443188.000,QZSS,3,43.0,168.0,32.0,是
0703002-0918-11-09-gnss_raw.txt,2436,443188.000,QZSS,7,53.0,169.0,27.0,是
0703002-0918-11-09-gnss_raw.txt,2436,443188.000,BDS,1,48.0,147.0,32.0,是
0703002-0918-11-09-gnss_raw.txt,2436,443188.000,BDS,2,0.0,0.0,29.0,是
0703002-0918-11-09-gnss_raw.txt,2436,443188.000,BDS,3,0.0,0.0,31.0,是
0703002-0918-11-09-gnss_raw.txt,2436,443188.000,BDS,4,37.0,120.0,26.0,是
0703002-0918-11-09-gnss_raw.txt,2436,443188.000,BDS,6,69.0,38.0,33.0,是
0703002-0918-11-09-gnss_raw.txt,2436,443188.000,BDS,7,59.0,189.0,32.0,是
0703002-0918-11-09-gnss_raw.txt,2436,443188.000,BDS,10,49.0,190.0,31.0,是
0703002-0918-11-09-gnss_raw.txt,2436,443188.000,BDS,11,0.0,0.0,18.0,是
0703002-0918-11-09-gnss_raw.txt,2436,443188.000,BDS,20,58.0,28.0,34.0,是
0703002-0918-11-09-gnss_raw.txt,2436,443188.000,BDS,29,21.0,231.0,28.0,是
0703002-0918-11-09-gnss_raw.txt,2436,443188.000,BDS,35,17.0,285.0,27.0,是
0703002-0918-11-09-gnss_raw.txt,2436,443188.000,BDS,37,46.0,77.0,30.0,是
0703002-0918-11-09-gnss_raw.txt,2436,443189.000,GPS,13,27.0,135.0,31.0,是
0703002-0918-11-09-gnss_raw.txt,2436,443189.000,GPS,15,0.0,0.0,31.0,是
0703002-0918-11-09-gnss_raw.txt,2436,443189.000,GPS,18,46.0,215.0,33.0,是
0703002-0918-11-09-gnss_raw.txt,2436,443189.000,GPS,20,0.0,0.0,24.0,是
0703002-0918-11-09-gnss_raw.txt,2436,443189.000,GPS,24,66.0,45.0,35.0,是
0703002-0918-11-09-gnss_raw.txt,2436,443189.000,GPS,32,0.0,0.0,23.0,是
0703002-0918-11-09-gnss_raw.txt,2436,443189.000,GLONASS,68,20.0,68.0,30.0,是
0703002-0918-11-09-gnss_raw.txt,2436,443189.000,GLONASS,69,45.0,15.0,38.0,是
0703002-0918-11-09-gnss_raw.txt,2436,443189.000,GLONASS,70,29.0,312.0,23.0,是
0703002-0918-11-09-gnss_raw.txt,2436,443189.000,GLONASS,79,47.0,93.0,27.0,是
0703002-0918-11-09-gnss_raw.txt,2436,443189.000,GLONASS,80,26.0,160.0,35.0,是
0703002-0918-11-09-gnss_raw.txt,2436,443189.000,GLONASS,84,36.0,241.0,30.0,是
0703002-0918-11-09-gnss_raw.txt,2436,443189.000,GLONASS,85,0.0,0.0,28.0,是
0703002-0918-11-09-gnss_raw.txt,2436,443189.000,Galileo,13,0.0,0.0,32.0,是
0703002-0918-11-09-gnss_raw.txt,2436,443189.000,Galileo,26,60.0,271.0,34.0,是
0703002-0918-11-09-gnss_raw.txt,2436,443189.000,Galileo,29,0.0,0.0,27.0,是
0703002-0918-11-09-gnss_raw.txt,2436,443189.000,QZSS,3,43.0,168.0,32.0,是
0703002-0918-11-09-gnss_raw.txt,2436,443189.000,QZSS,7,53.0,169.0,28.0,是
0703002-0918-11-09-gnss_raw.txt,2436,443189.000,BDS,1,48.0,147.0,30.0,是
0703002-0918-11-09-gnss_raw.txt,2436,443189.000,BDS,2,0.0,0.0,26.0,是
0703002-0918-11-09-gnss_raw.txt,2436,443189.000,BDS,3,0.0,0.0,32.0,是
0703002-0918-11-09-gnss_raw.txt,2436,443189.000,BDS,4,37.0,120.0,27.0,是
0703002-0918-11-09-gnss_raw.txt,2436,443189.000,BDS,6,69.0,38.0,33.0,是
0703002-0918-11-09-gnss_raw.txt,2436,443189.000,BDS,7,59.0,189.0,32.0,是
0703002-0918-11-09-gnss_raw.txt,2436,443189.000,BDS,10,49.0,190.0,31.0,是
0703002-0918-11-09-gnss_raw.txt,2436,443189.000,BDS,11,0.0,0.0,19.0,是
0703002-0918-11-09-gnss_raw.txt,2436,443189.000,BDS,20,58.0,28.0,34.0,是
0703002-0918-11-09-gnss_raw.txt,2436,443189.000,BDS,29,21.0,231.0,28.0,是
0703002-0918-11-09-gnss_raw.txt,2436,443189.000,BDS,35,17.0,285.0,24.0,是
0703002-0918-11-09-gnss_raw.txt,2436,443189.000,BDS,37,46.0,77.0,31.0,是
0703002-0918-11-09-gnss_raw.txt,2436,443190.000,GPS,13,27.0,135.0,30.0,是
0703002-0918-11-09-gnss_raw.txt,2436,443190.000,GPS,15,0.0,0.0,31.0,是
0703002-0918-11-09-gnss_raw.txt,2436,443190.000,GPS,18,46.0,215.0,30.0,是
0703002-0918-11-09-gnss_raw.txt,2436,443190.000,GPS,20,0.0,0.0,24.0,是
0703002-0918-11-09-gnss_raw.txt,2436,443190.000,GPS,24,66.0,45.0,35.0,是
0703002-0918-11-09-gnss_raw.txt,2436,443190.000,GPS,32,0.0,0.0,26.0,是
0703002-0918-11-09-gnss_raw.txt,2436,443190.000,GLONASS,68,20.0,68.0,28.0,是
0703002-0918-11-09-gnss_raw.txt,2436,443190.000,GLONASS,69,45.0,15.0,38.0,是
0703002-0918-11-09-gnss_raw.txt,2436,443190.000,GLONASS,70,0.0,0.0,20.0,是
0703002-0918-11-09-gnss_raw.txt,2436,443190.000,GLONASS,79,47.0,93.0,27.0,是
0703002-0918-11-09-gnss_raw.txt,2436,443190.000,GLONASS,80,26.0,160.0,36.0,是
0703002-0918-11-09-gnss_raw.txt,2436,443190.000,GLONASS,84,36.0,241.0,28.0,是
0703002-0918-11-09-gnss_raw.txt,2436,443190.000,GLONASS,85,0.0,0.0,30.0,是
0703002-0918-11-09-gnss_raw.txt,2436,443190.000,Galileo,13,0.0,0.0,33.0,是
0703002-0918-11-09-gnss_raw.txt,2436,443190.000,Galileo,26,60.0,271.0,34.0,是
0703002-0918-11-09-gnss_raw.txt,2436,443190.000,Galileo,29,33.0,271.0,28.0,是
0703002-0918-11-09-gnss_raw.txt,2436,443190.000,QZSS,3,43.0,168.0,32.0,是
0703002-0918-11-09-gnss_raw.txt,2436,443190.000,QZSS,7,53.0,169.0,28.0,是
0703002-0918-11-09-gnss_raw.txt,2436,443190.000,BDS,1,48.0,147.0,31.0,是
0703002-0918-11-09-gnss_raw.txt,2436,443190.000,BDS,2,0.0,0.0,33.0,是
0703002-0918-11-09-gnss_raw.txt,2436,443190.000,BDS,3,0.0,0.0,30.0,是
0703002-0918-11-09-gnss_raw.txt,2436,443190.000,BDS,4,37.0,120.0,27.0,是
0703002-0918-11-09-gnss_raw.txt,2436,443190.000,BDS,6,69.0,38.0,32.0,是
0703002-0918-11-09-gnss_raw.txt,2436,443190.000,BDS,7,59.0,189.0,32.0,是
0703002-0918-11-09-gnss_raw.txt,2436,443190.000,BDS,10,49.0,190.0,31.0,是
0703002-0918-11-09-gnss_raw.txt,2436,443190.000,BDS,11,0.0,0.0,16.0,是
0703002-0918-11-09-gnss_raw.txt,2436,443190.000,BDS,20,58.0,28.0,34.0,是
0703002-0918-11-09-gnss_raw.txt,2436,443190.000,BDS,29,21.0,231.0,25.0,是
0703002-0918-11-09-gnss_raw.txt,2436,443190.000,BDS,35,17.0,285.0,25.0,是
0703002-0918-11-09-gnss_raw.txt,2436,443190.000,BDS,37,46.0,77.0,31.0,是
0703002-0918-11-09-gnss_raw.txt,2436,443191.000,GPS,13,0.0,0.0,29.0,是
0703002-0918-11-09-gnss_raw.txt,2436,443191.000,GPS,15,0.0,0.0,31.0,是
0703002-0918-11-09-gnss_raw.txt,2436,443191.000,GPS,18,46.0,215.0,27.0,是
0703002-0918-11-09-gnss_raw.txt,2436,443191.000,GPS,20,0.0,0.0,24.0,是
0703002-0918-11-09-gnss_raw.txt,2436,443191.000,GPS,24,66.0,45.0,35.0,是
0703002-0918-11-09-gnss_raw.txt,2436,443191.000,GPS,32,0.0,0.0,27.0,是
0703002-0918-11-09-gnss_raw.txt,2436,443191.000,GLONASS,68,20.0,68.0,29.0,是
0703002-0918-11-09-gnss_raw.txt,2436,443191.000,GLONASS,69,45.0,15.0,37.0,是
0703002-0918-11-09-gnss_raw.txt,2436,443191.000,GLONASS,79,47.0,93.0,26.0,是
0703002-0918-11-09-gnss_raw.txt,2436,443191.000,GLONASS,80,26.0,160.0,36.0,是
0703002-0918-11-09-gnss_raw.txt,2436,443191.000,GLONASS,84,0.0,0.0,24.0,是
0703002-0918-11-09-gnss_raw.txt,2436,443191.000,GLONASS,85,0.0,0.0,28.0,是
0703002-0918-11-09-gnss_raw.txt,2436,443191.000,Galileo,13,0.0,0.0,31.0,是
0703002-0918-11-09-gnss_raw.txt,2436,443191.000,Galileo,26,60.0,271.0,31.0,是
0703002-0918-11-09-gnss_raw.txt,2436,443191.000,Galileo,29,33.0,271.0,31.0,是
0703002-0918-11-09-gnss_raw.txt,2436,443191.000,QZSS,3,43.0,168.0,32.0,是
0703002-0918-11-09-gnss_raw.txt,2436,443191.000,QZSS,7,53.0,169.0,27.0,是
0703002-0918-11-09-gnss_raw.txt,2436,443191.000,BDS,1,48.0,147.0,29.0,是
0703002-0918-11-09-gnss_raw.txt,2436,443191.000,BDS,3,0.0,0.0,28.0,是
0703002-0918-11-09-gnss_raw.txt,2436,443191.000,BDS,4,37.0,120.0,27.0,是
0703002-0918-11-09-gnss_raw.txt,2436,443191.000,BDS,6,69.0,38.0,32.0,是
0703002-0918-11-09-gnss_raw.txt,2436,443191.000,BDS,7,59.0,189.0,29.0,是
0703002-0918-11-09-gnss_raw.txt,2436,443191.000,BDS,10,49.0,190.0,28.0,是
0703002-0918-11-09-gnss_raw.txt,2436,443191.000,BDS,11,0.0,0.0,16.0,是
0703002-0918-11-09-gnss_raw.txt,2436,443191.000,BDS,20,58.0,28.0,34.0,是
0703002-0918-11-09-gnss_raw.txt,2436,443191.000,BDS,29,0.0,0.0,20.0,是
0703002-0918-11-09-gnss_raw.txt,2436,443191.000,BDS,35,17.0,285.0,26.0,是
0703002-0918-11-09-gnss_raw.txt,2436,443191.000,BDS,37,46.0,77.0,30.0,是
0703002-0918-11-09-gnss_raw.txt,2436,443192.000,GPS,13,27.0,135.0,28.0,是
0703002-0918-11-09-gnss_raw.txt,2436,443192.000,GPS,15,0.0,0.0,29.0,是
0703002-0918-11-09-gnss_raw.txt,2436,443192.000,GPS,18,46.0,214.0,28.0,是
0703002-0918-11-09-gnss_raw.txt,2436,443192.000,GPS,20,0.0,0.0,23.0,是
0703002-0918-11-09-gnss_raw.txt,2436,443192.000,GPS,24,66.0,45.0,35.0,是
0703002-0918-11-09-gnss_raw.txt,2436,443192.000,GPS,32,0.0,0.0,27.0,是
0703002-0918-11-09-gnss_raw.txt,2436,443192.000,GLONASS,68,20.0,68.0,25.0,是
0703002-0918-11-09-gnss_raw.txt,2436,443192.000,GLONASS,69,45.0,15.0,35.0,是
0703002-0918-11-09-gnss_raw.txt,2436,443192.000,GLONASS,79,47.0,93.0,27.0,是
0703002-0918-11-09-gnss_raw.txt,2436,443192.000,GLONASS,80,26.0,160.0,37.0,是
0703002-0918-11-09-gnss_raw.txt,2436,443192.000,GLONASS,84,36.0,241.0,29.0,是
0703002-0918-11-09-gnss_raw.txt,2436,443192.000,GLONASS,85,0.0,0.0,27.0,是
0703002-0918-11-09-gnss_raw.txt,2436,443192.000,Galileo,13,0.0,0.0,31.0,是
0703002-0918-11-09-gnss_raw.txt,2436,443192.000,Galileo,26,60.0,271.0,34.0,是
0703002-0918-11-09-gnss_raw.txt,2436,443192.000,Galileo,29,33.0,271.0,28.0,是
0703002-0918-11-09-gnss_raw.txt,2436,443192.000,QZSS,3,43.0,168.0,32.0,是
0703002-0918-11-09-gnss_raw.txt,2436,443192.000,QZSS,7,53.0,169.0,27.0,是
0703002-0918-11-09-gnss_raw.txt,2436,443192.000,BDS,1,48.0,147.0,32.0,是
0703002-0918-11-09-gnss_raw.txt,2436,443192.000,BDS,3,0.0,0.0,31.0,是
0703002-0918-11-09-gnss_raw.txt,2436,443192.000,BDS,4,37.0,120.0,30.0,是
0703002-0918-11-09-gnss_raw.txt,2436,443192.000,BDS,6,69.0,38.0,32.0,是
0703002-0918-11-09-gnss_raw.txt,2436,443192.000,BDS,7,59.0,189.0,29.0,是
0703002-0918-11-09-gnss_raw.txt,2436,443192.000,BDS,10,49.0,190.0,27.0,是
0703002-0918-11-09-gnss_raw.txt,2436,443192.000,BDS,11,0.0,0.0,17.0,是
0703002-0918-11-09-gnss_raw.txt,2436,443192.000,BDS,20,58.0,28.0,34.0,是
0703002-0918-11-09-gnss_raw.txt,2436,443192.000,BDS,29,21.0,231.0,20.0,是
0703002-0918-11-09-gnss_raw.txt,2436,443192.000,BDS,35,17.0,285.0,25.0,是
0703002-0918-11-09-gnss_raw.txt,2436,443192.000,BDS,37,46.0,77.0,30.0,是
0703002-0918-11-09-gnss_raw.txt,2436,443193.000,GPS,13,27.0,135.0,30.0,是
0703002-0918-11-09-gnss_raw.txt,2436,443193.000,GPS,15,0.0,0.0,31.0,是
0703002-0918-11-09-gnss_raw.txt,2436,443193.000,GPS,18,46.0,214.0,30.0,是
0703002-0918-11-09-gnss_raw.txt,2436,443193.000,GPS,20,0.0,0.0,22.0,是
0703002-0918-11-09-gnss_raw.txt,2436,443193.000,GPS,24,66.0,45.0,35.0,是
0703002-0918-11-09-gnss_raw.txt,2436,443193.000,GPS,32,0.0,0.0,25.0,是
0703002-0918-11-09-gnss_raw.txt,2436,443193.000,GLONASS,68,20.0,68.0,26.0,是
0703002-0918-11-09-gnss_raw.txt,2436,443193.000,GLONASS,69,45.0,15.0,33.0,是
0703002-0918-11-09-gnss_raw.txt,2436,443193.000,GLONASS,79,0.0,0.0,20.0,是
0703002-0918-11-09-gnss_raw.txt,2436,443193.000,GLONASS,80,26.0,160.0,34.0,是
0703002-0918-11-09-gnss_raw.txt,2436,443193.000,GLONASS,84,36.0,241.0,32.0,是
0703002-0918-11-09-gnss_raw.txt,2436,443193.000,GLONASS,85,0.0,0.0,28.0,是
0703002-0918-11-09-gnss_raw.txt,2436,443193.000,Galileo,13,0.0,0.0,34.0,是
0703002-0918-11-09-gnss_raw.txt,2436,443193.000,Galileo,26,60.0,271.0,35.0,是
0703002-0918-11-09-gnss_raw.txt,2436,443193.000,Galileo,29,33.0,271.0,30.0,是
0703002-0918-11-09-gnss_raw.txt,2436,443193.000,QZSS,3,43.0,168.0,32.0,是
0703002-0918-11-09-gnss_raw.txt,2436,443193.000,QZSS,7,53.0,169.0,27.0,是
0703002-0918-11-09-gnss_raw.txt,2436,443193.000,BDS,1,48.0,147.0,31.0,是
0703002-0918-11-09-gnss_raw.txt,2436,443193.000,BDS,2,0.0,0.0,33.0,是
0703002-0918-11-09-gnss_raw.txt,2436,443193.000,BDS,3,0.0,0.0,31.0,是
0703002-0918-11-09-gnss_raw.txt,2436,443193.000,BDS,4,37.0,120.0,29.0,是
0703002-0918-11-09-gnss_raw.txt,2436,443193.000,BDS,6,69.0,38.0,33.0,是
0703002-0918-11-09-gnss_raw.txt,2436,443193.000,BDS,7,59.0,189.0,31.0,是
0703002-0918-11-09-gnss_raw.txt,2436,443193.000,BDS,10,49.0,190.0,29.0,是
0703002-0918-11-09-gnss_raw.txt,2436,443193.000,BDS,11,0.0,0.0,16.0,是
0703002-0918-11-09-gnss_raw.txt,2436,443193.000,BDS,20,58.0,28.0,34.0,是
0703002-0918-11-09-gnss_raw.txt,2436,443193.000,BDS,29,21.0,231.0,23.0,是
0703002-0918-11-09-gnss_raw.txt,2436,443193.000,BDS,35,0.0,0.0,21.0,是
0703002-0918-11-09-gnss_raw.txt,2436,443193.000,BDS,37,46.0,77.0,29.0,是
0703002-0918-11-09-gnss_raw.txt,2436,443194.000,GPS,13,27.0,135.0,29.0,是
0703002-0918-11-09-gnss_raw.txt,2436,443194.000,GPS,15,0.0,0.0,32.0,是
0703002-0918-11-09-gnss_raw.txt,2436,443194.000,GPS,18,46.0,214.0,32.0,是
0703002-0918-11-09-gnss_raw.txt,2436,443194.000,GPS,20,0.0,0.0,22.0,是
0703002-0918-11-09-gnss_raw.txt,2436,443194.000,GPS,24,66.0,45.0,35.0,是
0703002-0918-11-09-gnss_raw.txt,2436,443194.000,GPS,32,0.0,0.0,25.0,是
0703002-0918-11-09-gnss_raw.txt,2436,443194.000,GLONASS,68,20.0,68.0,27.0,是
0703002-0918-11-09-gnss_raw.txt,2436,443194.000,GLONASS,69,45.0,15.0,29.0,是
0703002-0918-11-09-gnss_raw.txt,2436,443194.000,GLONASS,79,0.0,0.0,22.0,是
0703002-0918-11-09-gnss_raw.txt,2436,443194.000,GLONASS,80,26.0,160.0,36.0,是
0703002-0918-11-09-gnss_raw.txt,2436,443194.000,GLONASS,84,36.0,241.0,36.0,是
0703002-0918-11-09-gnss_raw.txt,2436,443194.000,GLONASS,85,0.0,0.0,32.0,是
0703002-0918-11-09-gnss_raw.txt,2436,443194.000,Galileo,13,0.0,0.0,34.0,是
0703002-0918-11-09-gnss_raw.txt,2436,443194.000,Galileo,26,60.0,271.0,33.0,是
0703002-0918-11-09-gnss_raw.txt,2436,443194.000,Galileo,29,33.0,271.0,30.0,是
0703002-0918-11-09-gnss_raw.txt,2436,443194.000,QZSS,3,43.0,168.0,32.0,是
0703002-0918-11-09-gnss_raw.txt,2436,443194.000,QZSS,7,53.0,169.0,27.0,是
0703002-0918-11-09-gnss_raw.txt,2436,443194.000,BDS,1,48.0,147.0,32.0,是
0703002-0918-11-09-gnss_raw.txt,2436,443194.000,BDS,2,0.0,0.0,29.0,是
0703002-0918-11-09-gnss_raw.txt,2436,443194.000,BDS,3,0.0,0.0,32.0,是
0703002-0918-11-09-gnss_raw.txt,2436,443194.000,BDS,4,37.0,120.0,28.0,是
0703002-0918-11-09-gnss_raw.txt,2436,443194.000,BDS,6,69.0,38.0,32.0,是
0703002-0918-11-09-gnss_raw.txt,2436,443194.000,BDS,7,59.0,189.0,32.0,是
0703002-0918-11-09-gnss_raw.txt,2436,443194.000,BDS,10,49.0,190.0,30.0,是
0703002-0918-11-09-gnss_raw.txt,2436,443194.000,BDS,11,0.0,0.0,19.0,是
0703002-0918-11-09-gnss_raw.txt,2436,443194.000,BDS,20,58.0,28.0,33.0,是
0703002-0918-11-09-gnss_raw.txt,2436,443194.000,BDS,29,21.0,231.0,24.0,是
0703002-0918-11-09-gnss_raw.txt,2436,443194.000,BDS,35,0.0,0.0,20.0,是
0703002-0918-11-09-gnss_raw.txt,2436,443194.000,BDS,37,46.0,77.0,30.0,是
0703002-0918-11-09-gnss_raw.txt,2436,443195.000,GPS,13,27.0,135.0,30.0,是
0703002-0918-11-09-gnss_raw.txt,2436,443195.000,GPS,15,0.0,0.0,31.0,是
0703002-0918-11-09-gnss_raw.txt,2436,443195.000,GPS,18,46.0,214.0,32.0,是
0703002-0918-11-09-gnss_raw.txt,2436,443195.000,GPS,20,0.0,0.0,25.0,是
0703002-0918-11-09-gnss_raw.txt,2436,443195.000,GPS,24,66.0,45.0,35.0,是
0703002-0918-11-09-gnss_raw.txt,2436,443195.000,GPS,32,0.0,0.0,26.0,是
0703002-0918-11-09-gnss_raw.txt,2436,443195.000,GLONASS,68,20.0,68.0,28.0,是
0703002-0918-11-09-gnss_raw.txt,2436,443195.000,GLONASS,69,45.0,15.0,27.0,是
0703002-0918-11-09-gnss_raw.txt,2436,443195.000,GLONASS,79,0.0,0.0,21.0,是
0703002-0918-11-09-gnss_raw.txt,2436,443195.000,GLONASS,80,26.0,160.0,37.0,是
0703002-0918-11-09-gnss_raw.txt,2436,443195.000,GLONASS,84,36.0,241.0,36.0,是
0703002-0918-11-09-gnss_raw.txt,2436,443195.000,GLONASS,85,0.0,0.0,34.0,是
0703002-0918-11-09-gnss_raw.txt,2436,443195.000,Galileo,13,0.0,0.0,34.0,是
0703002-0918-11-09-gnss_raw.txt,2436,443195.000,Galileo,26,60.0,271.0,31.0,是
0703002-0918-11-09-gnss_raw.txt,2436,443195.000,Galileo,29,33.0,271.0,29.0,是
0703002-0918-11-09-gnss_raw.txt,2436,443195.000,QZSS,3,43.0,168.0,32.0,是
0703002-0918-11-09-gnss_raw.txt,2436,443195.000,QZSS,7,53.0,169.0,28.0,是
0703002-0918-11-09-gnss_raw.txt,2436,443195.000,BDS,1,48.0,147.0,32.0,是
0703002-0918-11-09-gnss_raw.txt,2436,443195.000,BDS,2,0.0,0.0,30.0,是
0703002-0918-11-09-gnss_raw.txt,2436,443195.000,BDS,3,0.0,0.0,33.0,是
0703002-0918-11-09-gnss_raw.txt,2436,443195.000,BDS,4,37.0,120.0,28.0,是
0703002-0918-11-09-gnss_raw.txt,2436,443195.000,BDS,6,69.0,38.0,32.0,是
0703002-0918-11-09-gnss_raw.txt,2436,443195.000,BDS,7,59.0,189.0,32.0,是
0703002-0918-11-09-gnss_raw.txt,2436,443195.000,BDS,10,49.0,190.0,31.0,是
0703002-0918-11-09-gnss_raw.txt,2436,443195.000,BDS,11,0.0,0.0,21.0,是
0703002-0918-11-09-gnss_raw.txt,2436,443195.000,BDS,20,58.0,28.0,33.0,是
0703002-0918-11-09-gnss_raw.txt,2436,443195.000,BDS,29,21.0,231.0,25.0,是
0703002-0918-11-09-gnss_raw.txt,2436,443195.000,BDS,35,0.0,0.0,22.0,是
0703002-0918-11-09-gnss_raw.txt,2436,443195.000,BDS,37,46.0,77.0,31.0,是
0703002-0918-11-09-gnss_raw.txt,2436,443196.000,GPS,13,27.0,135.0,30.0,是
0703002-0918-11-09-gnss_raw.txt,2436,443196.000,GPS,15,0.0,0.0,30.0,是
0703002-0918-11-09-gnss_raw.txt,2436,443196.000,GPS,18,46.0,214.0,33.0,是
0703002-0918-11-09-gnss_raw.txt,2436,443196.000,GPS,20,0.0,0.0,27.0,是
0703002-0918-11-09-gnss_raw.txt,2436,443196.000,GPS,24,66.0,45.0,35.0,是
0703002-0918-11-09-gnss_raw.txt,2436,443196.000,GPS,32,0.0,0.0,25.0,是
0703002-0918-11-09-gnss_raw.txt,2436,443196.000,GLONASS,68,20.0,68.0,32.0,是
0703002-0918-11-09-gnss_raw.txt,2436,443196.000,GLONASS,69,0.0,0.0,25.0,是
0703002-0918-11-09-gnss_raw.txt,2436,443196.000,GLONASS,79,47.0,93.0,24.0,是
0703002-0918-11-09-gnss_raw.txt,2436,443196.000,GLONASS,80,26.0,160.0,37.0,是
0703002-0918-11-09-gnss_raw.txt,2436,443196.000,GLONASS,84,36.0,241.0,34.0,是
0703002-0918-11-09-gnss_raw.txt,2436,443196.000,GLONASS,85,0.0,0.0,30.0,是
0703002-0918-11-09-gnss_raw.txt,2436,443196.000,Galileo,13,0.0,0.0,34.0,是
0703002-0918-11-09-gnss_raw.txt,2436,443196.000,Galileo,26,60.0,271.0,31.0,是
0703002-0918-11-09-gnss_raw.txt,2436,443196.000,Galileo,29,33.0,271.0,30.0,是
0703002-0918-11-09-gnss_raw.txt,2436,443196.000,QZSS,3,43.0,168.0,32.0,是
0703002-0918-11-09-gnss_raw.txt,2436,443196.000,QZSS,7,53.0,169.0,27.0,是
0703002-0918-11-09-gnss_raw.txt,2436,443196.000,BDS,1,48.0,147.0,31.0,是
0703002-0918-11-09-gnss_raw.txt,2436,443196.000,BDS,2,0.0,0.0,28.0,是
0703002-0918-11-09-gnss_raw.txt,2436,443196.000,BDS,3,0.0,0.0,30.0,是
0703002-0918-11-09-gnss_raw.txt,2436,443196.000,BDS,4,37.0,120.0,29.0,是
0703002-0918-11-09-gnss_raw.txt,2436,443196.000,BDS,6,69.0,38.0,32.0,是
0703002-0918-11-09-gnss_raw.txt,2436,443196.000,BDS,7,59.0,189.0,32.0,是
0703002-0918-11-09-gnss_raw.txt,2436,443196.000,BDS,10,49.0,190.0,31.0,是
0703002-0918-11-09-gnss_raw.txt,2436,443196.000,BDS,11,0.0,0.0,19.0,是
0703002-0918-11-09-gnss_raw.txt,2436,443196.000,BDS,20,58.0,28.0,33.0,是
0703002-0918-11-09-gnss_raw.txt,2436,443196.000,BDS,29,21.0,231.0,26.0,是
0703002-0918-11-09-gnss_raw.txt,2436,443196.000,BDS,35,0.0,0.0,25.0,是
0703002-0918-11-09-gnss_raw.txt,2436,443196.000,BDS,37,46.0,77.0,31.0,是
0703002-0918-11-09-gnss_raw.txt,2436,443197.000,GPS,13,27.0,135.0,30.0,是
0703002-0918-11-09-gnss_raw.txt,2436,443197.000,GPS,15,0.0,0.0,29.0,是
0703002-0918-11-09-gnss_raw.txt,2436,443197.000,GPS,18,46.0,214.0,32.0,是
0703002-0918-11-09-gnss_raw.txt,2436,443197.000,GPS,20,0.0,0.0,28.0,是
0703002-0918-11-09-gnss_raw.txt,2436,443197.000,GPS,24,66.0,45.0,35.0,是
0703002-0918-11-09-gnss_raw.txt,2436,443197.000,GPS,32,0.0,0.0,25.0,是
0703002-0918-11-09-gnss_raw.txt,2436,443197.000,GLONASS,68,20.0,68.0,29.0,是
0703002-0918-11-09-gnss_raw.txt,2436,443197.000,GLONASS,69,0.0,0.0,24.0,是
0703002-0918-11-09-gnss_raw.txt,2436,443197.000,GLONASS,78,0.0,0.0,31.0,是
0703002-0918-11-09-gnss_raw.txt,2436,443197.000,GLONASS,79,0.0,0.0,26.0,是
0703002-0918-11-09-gnss_raw.txt,2436,443197.000,GLONASS,80,26.0,160.0,37.0,是
0703002-0918-11-09-gnss_raw.txt,2436,443197.000,GLONASS,84,36.0,241.0,31.0,是
0703002-0918-11-09-gnss_raw.txt,2436,443197.000,GLONASS,85,0.0,0.0,32.0,是
0703002-0918-11-09-gnss_raw.txt,2436,443197.000,Galileo,13,0.0,0.0,33.0,是
0703002-0918-11-09-gnss_raw.txt,2436,443197.000,Galileo,26,60.0,271.0,30.0,是
0703002-0918-11-09-gnss_raw.txt,2436,443197.000,Galileo,29,33.0,271.0,30.0,是
0703002-0918-11-09-gnss_raw.txt,2436,443197.000,QZSS,3,43.0,168.0,32.0,是
0703002-0918-11-09-gnss_raw.txt,2436,443197.000,QZSS,7,53.0,169.0,27.0,是
0703002-0918-11-09-gnss_raw.txt,2436,443197.000,BDS,1,48.0,147.0,32.0,是
0703002-0918-11-09-gnss_raw.txt,2436,443197.000,BDS,2,0.0,0.0,28.0,是
0703002-0918-11-09-gnss_raw.txt,2436,443197.000,BDS,3,0.0,0.0,27.0,是
0703002-0918-11-09-gnss_raw.txt,2436,443197.000,BDS,4,37.0,120.0,29.0,是
0703002-0918-11-09-gnss_raw.txt,2436,443197.000,BDS,6,69.0,38.0,33.0,是
0703002-0918-11-09-gnss_raw.txt,2436,443197.000,BDS,7,59.0,189.0,31.0,是
0703002-0918-11-09-gnss_raw.txt,2436,443197.000,BDS,10,49.0,190.0,31.0,是
0703002-0918-11-09-gnss_raw.txt,2436,443197.000,BDS,11,0.0,0.0,21.0,是
0703002-0918-11-09-gnss_raw.txt,2436,443197.000,BDS,20,58.0,28.0,33.0,是
0703002-0918-11-09-gnss_raw.txt,2436,443197.000,BDS,29,21.0,231.0,28.0,是
0703002-0918-11-09-gnss_raw.txt,2436,443197.000,BDS,35,17.0,285.0,26.0,是
0703002-0918-11-09-gnss_raw.txt,2436,443197.000,BDS,37,46.0,77.0,31.0,是
0703002-0918-11-09-gnss_raw.txt,2436,443198.000,GPS,13,27.0,135.0,29.0,是
0703002-0918-11-09-gnss_raw.txt,2436,443198.000,GPS,15,0.0,0.0,26.0,是
0703002-0918-11-09-gnss_raw.txt,2436,443198.000,GPS,18,46.0,214.0,30.0,是
0703002-0918-11-09-gnss_raw.txt,2436,443198.000,GPS,20,0.0,0.0,27.0,是
0703002-0918-11-09-gnss_raw.txt,2436,443198.000,GPS,24,66.0,45.0,35.0,是
0703002-0918-11-09-gnss_raw.txt,2436,443198.000,GPS,32,0.0,0.0,24.0,是
0703002-0918-11-09-gnss_raw.txt,2436,443198.000,GLONASS,68,20.0,68.0,25.0,是
0703002-0918-11-09-gnss_raw.txt,2436,443198.000,GLONASS,69,45.0,15.0,22.0,是
0703002-0918-11-09-gnss_raw.txt,2436,443198.000,GLONASS,78,0.0,0.0,22.0,是
0703002-0918-11-09-gnss_raw.txt,2436,443198.000,GLONASS,79,47.0,93.0,28.0,是
0703002-0918-11-09-gnss_raw.txt,2436,443198.000,GLONASS,80,26.0,160.0,37.0,是
0703002-0918-11-09-gnss_raw.txt,2436,443198.000,GLONASS,84,36.0,240.0,28.0,是
0703002-0918-11-09-gnss_raw.txt,2436,443198.000,GLONASS,85,0.0,0.0,33.0,是
0703002-0918-11-09-gnss_raw.txt,2436,443198.000,Galileo,13,0.0,0.0,32.0,是
0703002-0918-11-09-gnss_raw.txt,2436,443198.000,Galileo,26,60.0,271.0,33.0,是
0703002-0918-11-09-gnss_raw.txt,2436,443198.000,Galileo,29,33.0,271.0,30.0,是
0703002-0918-11-09-gnss_raw.txt,2436,443198.000,QZSS,3,43.0,168.0,31.0,是
0703002-0918-11-09-gnss_raw.txt,2436,443198.000,QZSS,7,53.0,169.0,28.0,是
0703002-0918-11-09-gnss_raw.txt,2436,443198.000,BDS,1,48.0,147.0,30.0,是
0703002-0918-11-09-gnss_raw.txt,2436,443198.000,BDS,2,0.0,0.0,27.0,是
0703002-0918-11-09-gnss_raw.txt,2436,443198.000,BDS,3,0.0,0.0,38.0,是
0703002-0918-11-09-gnss_raw.txt,2436,443198.000,BDS,4,37.0,120.0,30.0,是
0703002-0918-11-09-gnss_raw.txt,2436,443198.000,BDS,6,69.0,38.0,33.0,是
0703002-0918-11-09-gnss_raw.txt,2436,443198.000,BDS,7,59.0,189.0,30.0,是
0703002-0918-11-09-gnss_raw.txt,2436,443198.000,BDS,10,49.0,190.0,29.0,是
0703002-0918-11-09-gnss_raw.txt,2436,443198.000,BDS,11,0.0,0.0,26.0,是
0703002-0918-11-09-gnss_raw.txt,2436,443198.000,BDS,20,58.0,28.0,33.0,是
0703002-0918-11-09-gnss_raw.txt,2436,443198.000,BDS,29,21.0,231.0,28.0,是
0703002-0918-11-09-gnss_raw.txt,2436,443198.000,BDS,35,17.0,285.0,26.0,是
0703002-0918-11-09-gnss_raw.txt,2436,443198.000,BDS,37,46.0,77.0,30.0,是
0703002-0918-11-09-gnss_raw.txt,2436,443199.000,GPS,13,27.0,135.0,29.0,是
0703002-0918-11-09-gnss_raw.txt,2436,443199.000,GPS,15,0.0,0.0,25.0,是
0703002-0918-11-09-gnss_raw.txt,2436,443199.000,GPS,18,46.0,214.0,27.0,是
0703002-0918-11-09-gnss_raw.txt,2436,443199.000,GPS,20,0.0,0.0,27.0,是
0703002-0918-11-09-gnss_raw.txt,2436,443199.000,GPS,24,66.0,45.0,35.0,是
0703002-0918-11-09-gnss_raw.txt,2436,443199.000,GPS,32,0.0,0.0,24.0,是
0703002-0918-11-09-gnss_raw.txt,2436,443199.000,GLONASS,68,20.0,68.0,27.0,是
0703002-0918-11-09-gnss_raw.txt,2436,443199.000,GLONASS,69,0.0,0.0,22.0,是
0703002-0918-11-09-gnss_raw.txt,2436,443199.000,GLONASS,78,0.0,0.0,28.0,是
0703002-0918-11-09-gnss_raw.txt,2436,443199.000,GLONASS,79,47.0,93.0,28.0,是
0703002-0918-11-09-gnss_raw.txt,2436,443199.000,GLONASS,80,26.0,160.0,37.0,是
0703002-0918-11-09-gnss_raw.txt,2436,443199.000,GLONASS,84,36.0,240.0,30.0,是
0703002-0918-11-09-gnss_raw.txt,2436,443199.000,GLONASS,85,0.0,0.0,33.0,是
0703002-0918-11-09-gnss_raw.txt,2436,443199.000,Galileo,13,0.0,0.0,32.0,是
0703002-0918-11-09-gnss_raw.txt,2436,443199.000,Galileo,26,60.0,271.0,32.0,是
0703002-0918-11-09-gnss_raw.txt,2436,443199.000,Galileo,29,33.0,271.0,30.0,是
0703002-0918-11-09-gnss_raw.txt,2436,443199.000,QZSS,3,43.0,168.0,31.0,是
0703002-0918-11-09-gnss_raw.txt,2436,443199.000,QZSS,7,53.0,169.0,27.0,是
0703002-0918-11-09-gnss_raw.txt,2436,443199.000,BDS,1,48.0,147.0,27.0,是
0703002-0918-11-09-gnss_raw.txt,2436,443199.000,BDS,2,0.0,0.0,34.0,是
0703002-0918-11-09-gnss_raw.txt,2436,443199.000,BDS,3,0.0,0.0,29.0,是
0703002-0918-11-09-gnss_raw.txt,2436,443199.000,BDS,4,37.0,120.0,28.0,是
0703002-0918-11-09-gnss_raw.txt,2436,443199.000,BDS,6,69.0,38.0,33.0,是
0703002-0918-11-09-gnss_raw.txt,2436,443199.000,BDS,7,59.0,189.0,29.0,是
0703002-0918-11-09-gnss_raw.txt,2436,443199.000,BDS,10,49.0,190.0,29.0,是
0703002-0918-11-09-gnss_raw.txt,2436,443199.000,BDS,11,0.0,0.0,27.0,是
0703002-0918-11-09-gnss_raw.txt,2436,443199.000,BDS,20,58.0,28.0,33.0,是
0703002-0918-11-09-gnss_raw.txt,2436,443199.000,BDS,29,21.0,231.0,27.0,是
0703002-0918-11-09-gnss_raw.txt,2436,443199.000,BDS,35,17.0,285.0,27.0,是
0703002-0918-11-09-gnss_raw.txt,2436,443199.000,BDS,37,46.0,77.0,30.0,是
0703002-0918-11-09-gnss_raw.txt,2436,443200.000,GPS,13,27.0,135.0,29.0,是
0703002-0918-11-09-gnss_raw.txt,2436,443200.000,GPS,15,0.0,0.0,24.0,是
0703002-0918-11-09-gnss_raw.txt,2436,443200.000,GPS,18,46.0,214.0,27.0,是
0703002-0918-11-09-gnss_raw.txt,2436,443200.000,GPS,20,0.0,0.0,24.0,是
0703002-0918-11-09-gnss_raw.txt,2436,443200.000,GPS,24,66.0,45.0,34.0,是
0703002-0918-11-09-gnss_raw.txt,2436,443200.000,GPS,32,0.0,0.0,24.0,是
0703002-0918-11-09-gnss_raw.txt,2436,443200.000,GLONASS,68,20.0,68.0,30.0,是
0703002-0918-11-09-gnss_raw.txt,2436,443200.000,GLONASS,78,0.0,0.0,26.0,是
0703002-0918-11-09-gnss_raw.txt,2436,443200.000,GLONASS,79,47.0,93.0,31.0,是
0703002-0918-11-09-gnss_raw.txt,2436,443200.000,GLONASS,80,26.0,160.0,34.0,是
0703002-0918-11-09-gnss_raw.txt,2436,443200.000,GLONASS,84,36.0,240.0,26.0,是
0703002-0918-11-09-gnss_raw.txt,2436,443200.000,GLONASS,85,0.0,0.0,33.0,是
0703002-0918-11-09-gnss_raw.txt,2436,443200.000,Galileo,13,0.0,0.0,30.0,是
0703002-0918-11-09-gnss_raw.txt,2436,443200.000,Galileo,26,60.0,271.0,33.0,是
0703002-0918-11-09-gnss_raw.txt,2436,443200.000,Galileo,29,33.0,271.0,32.0,是
0703002-0918-11-09-gnss_raw.txt,2436,443200.000,QZSS,3,43.0,168.0,30.0,是
0703002-0918-11-09-gnss_raw.txt,2436,443200.000,QZSS,7,53.0,169.0,26.0,是
0703002-0918-11-09-gnss_raw.txt,2436,443200.000,BDS,1,48.0,147.0,32.0,是
0703002-0918-11-09-gnss_raw.txt,2436,443200.000,BDS,2,0.0,0.0,35.0,是
0703002-0918-11-09-gnss_raw.txt,2436,443200.000,BDS,3,0.0,0.0,29.0,是
0703002-0918-11-09-gnss_raw.txt,2436,443200.000,BDS,4,37.0,120.0,29.0,是
0703002-0918-11-09-gnss_raw.txt,2436,443200.000,BDS,6,69.0,38.0,32.0,是
0703002-0918-11-09-gnss_raw.txt,2436,443200.000,BDS,7,59.0,189.0,27.0,是
0703002-0918-11-09-gnss_raw.txt,2436,443200.000,BDS,10,49.0,190.0,27.0,是
0703002-0918-11-09-gnss_raw.txt,2436,443200.000,BDS,11,0.0,0.0,27.0,是
0703002-0918-11-09-gnss_raw.txt,2436,443200.000,BDS,20,58.0,28.0,34.0,是
0703002-0918-11-09-gnss_raw.txt,2436,443200.000,BDS,29,21.0,231.0,27.0,是
0703002-0918-11-09-gnss_raw.txt,2436,443200.000,BDS,35,17.0,285.0,27.0,是
0703002-0918-11-09-gnss_raw.txt,2436,443200.000,BDS,37,46.0,77.0,30.0,是
0703002-0918-11-09-gnss_raw.txt,2436,443201.000,GPS,13,27.0,135.0,27.0,是
0703002-0918-11-09-gnss_raw.txt,2436,443201.000,GPS,15,0.0,0.0,26.0,是
0703002-0918-11-09-gnss_raw.txt,2436,443201.000,GPS,18,46.0,214.0,27.0,是
0703002-0918-11-09-gnss_raw.txt,2436,443201.000,GPS,20,0.0,0.0,22.0,是
0703002-0918-11-09-gnss_raw.txt,2436,443201.000,GPS,24,66.0,45.0,34.0,是
0703002-0918-11-09-gnss_raw.txt,2436,443201.000,GPS,32,0.0,0.0,24.0,是
0703002-0918-11-09-gnss_raw.txt,2436,443201.000,GLONASS,68,20.0,68.0,33.0,是
0703002-0918-11-09-gnss_raw.txt,2436,443201.000,GLONASS,69,0.0,0.0,24.0,是
0703002-0918-11-09-gnss_raw.txt,2436,443201.000,GLONASS,78,0.0,0.0,29.0,是
0703002-0918-11-09-gnss_raw.txt,2436,443201.000,GLONASS,79,47.0,93.0,29.0,是
0703002-0918-11-09-gnss_raw.txt,2436,443201.000,GLONASS,80,26.0,160.0,34.0,是
0703002-0918-11-09-gnss_raw.txt,2436,443201.000,GLONASS,84,36.0,240.0,23.0,是
0703002-0918-11-09-gnss_raw.txt,2436,443201.000,GLONASS,85,0.0,0.0,27.0,是
0703002-0918-11-09-gnss_raw.txt,2436,443201.000,Galileo,13,0.0,0.0,35.0,是
0703002-0918-11-09-gnss_raw.txt,2436,443201.000,Galileo,26,60.0,271.0,32.0,是
0703002-0918-11-09-gnss_raw.txt,2436,443201.000,Galileo,29,33.0,271.0,29.0,是
0703002-0918-11-09-gnss_raw.txt,2436,443201.000,QZSS,3,43.0,168.0,31.0,是
0703002-0918-11-09-gnss_raw.txt,2436,443201.000,QZSS,7,53.0,169.0,26.0,是
0703002-0918-11-09-gnss_raw.txt,2436,443201.000,BDS,1,48.0,147.0,29.0,是
0703002-0918-11-09-gnss_raw.txt,2436,443201.000,BDS,2,0.0,0.0,27.0,是
0703002-0918-11-09-gnss_raw.txt,2436,443201.000,BDS,3,0.0,0.0,27.0,是
0703002-0918-11-09-gnss_raw.txt,2436,443201.000,BDS,4,37.0,120.0,29.0,是
0703002-0918-11-09-gnss_raw.txt,2436,443201.000,BDS,6,69.0,38.0,32.0,是
0703002-0918-11-09-gnss_raw.txt,2436,443201.000,BDS,7,59.0,189.0,27.0,是
0703002-0918-11-09-gnss_raw.txt,2436,443201.000,BDS,10,49.0,190.0,26.0,是
0703002-0918-11-09-gnss_raw.txt,2436,443201.000,BDS,11,0.0,0.0,23.0,是
0703002-0918-11-09-gnss_raw.txt,2436,443201.000,BDS,20,58.0,28.0,33.0,是
0703002-0918-11-09-gnss_raw.txt,2436,443201.000,BDS,29,21.0,231.0,26.0,是
0703002-0918-11-09-gnss_raw.txt,2436,443201.000,BDS,35,17.0,285.0,26.0,是
0703002-0918-11-09-gnss_raw.txt,2436,443201.000,BDS,37,46.0,77.0,28.0,是
0703002-0918-11-09-gnss_raw.txt,2436,443202.000,GPS,13,27.0,135.0,28.0,是
0703002-0918-11-09-gnss_raw.txt,2436,443202.000,GPS,15,0.0,0.0,27.0,是
0703002-0918-11-09-gnss_raw.txt,2436,443202.000,GPS,18,46.0,214.0,28.0,是
0703002-0918-11-09-gnss_raw.txt,2436,443202.000,GPS,20,0.0,0.0,24.0,是
0703002-0918-11-09-gnss_raw.txt,2436,443202.000,GPS,24,66.0,45.0,34.0,是
0703002-0918-11-09-gnss_raw.txt,2436,443202.000,GPS,32,0.0,0.0,22.0,是
0703002-0918-11-09-gnss_raw.txt,2436,443202.000,GLONASS,68,20.0,68.0,29.0,是
0703002-0918-11-09-gnss_raw.txt,2436,443202.000,GLONASS,69,0.0,0.0,21.0,是
0703002-0918-11-09-gnss_raw.txt,2436,443202.000,GLONASS,78,0.0,0.0,27.0,是
0703002-0918-11-09-gnss_raw.txt,2436,443202.000,GLONASS,79,47.0,93.0,29.0,是
0703002-0918-11-09-gnss_raw.txt,2436,443202.000,GLONASS,80,26.0,160.0,34.0,是
0703002-0918-11-09-gnss_raw.txt,2436,443202.000,GLONASS,84,36.0,240.0,28.0,是
0703002-0918-11-09-gnss_raw.txt,2436,443202.000,GLONASS,85,0.0,0.0,31.0,是
0703002-0918-11-09-gnss_raw.txt,2436,443202.000,Galileo,13,0.0,0.0,32.0,是
0703002-0918-11-09-gnss_raw.txt,2436,443202.000,Galileo,26,60.0,271.0,33.0,是
0703002-0918-11-09-gnss_raw.txt,2436,443202.000,Galileo,29,33.0,271.0,31.0,是
0703002-0918-11-09-gnss_raw.txt,2436,443202.000,QZSS,3,43.0,168.0,31.0,是
0703002-0918-11-09-gnss_raw.txt,2436,443202.000,QZSS,7,53.0,169.0,25.0,是
0703002-0918-11-09-gnss_raw.txt,2436,443202.000,BDS,1,48.0,147.0,28.0,是
0703002-0918-11-09-gnss_raw.txt,2436,443202.000,BDS,2,0.0,0.0,27.0,是
0703002-0918-11-09-gnss_raw.txt,2436,443202.000,BDS,3,0.0,0.0,28.0,是
0703002-0918-11-09-gnss_raw.txt,2436,443202.000,BDS,4,37.0,120.0,28.0,是
0703002-0918-11-09-gnss_raw.txt,2436,443202.000,BDS,6,69.0,38.0,32.0,是
0703002-0918-11-09-gnss_raw.txt,2436,443202.000,BDS,7,59.0,189.0,27.0,是
0703002-0918-11-09-gnss_raw.txt,2436,443202.000,BDS,10,49.0,190.0,24.0,是
0703002-0918-11-09-gnss_raw.txt,2436,443202.000,BDS,11,0.0,0.0,25.0,是
0703002-0918-11-09-gnss_raw.txt,2436,443202.000,BDS,20,58.0,28.0,32.0,是
0703002-0918-11-09-gnss_raw.txt,2436,443202.000,BDS,29,21.0,231.0,24.0,是
0703002-0918-11-09-gnss_raw.txt,2436,443202.000,BDS,32,0.0,0.0,27.0,是
0703002-0918-11-09-gnss_raw.txt,2436,443202.000,BDS,35,17.0,285.0,26.0,是
0703002-0918-11-09-gnss_raw.txt,2436,443202.000,BDS,37,46.0,77.0,29.0,是
0703002-0918-11-09-gnss_raw.txt,2436,443203.000,GPS,13,27.0,135.0,28.0,是
0703002-0918-11-09-gnss_raw.txt,2436,443203.000,GPS,15,0.0,0.0,26.0,是
0703002-0918-11-09-gnss_raw.txt,2436,443203.000,GPS,18,46.0,214.0,28.0,是
0703002-0918-11-09-gnss_raw.txt,2436,443203.000,GPS,20,0.0,0.0,25.0,是
0703002-0918-11-09-gnss_raw.txt,2436,443203.000,GPS,24,66.0,45.0,34.0,是
0703002-0918-11-09-gnss_raw.txt,2436,443203.000,GPS,32,0.0,0.0,20.0,是
0703002-0918-11-09-gnss_raw.txt,2436,443203.000,GLONASS,68,20.0,68.0,28.0,是
0703002-0918-11-09-gnss_raw.txt,2436,443203.000,GLONASS,78,0.0,0.0,28.0,是
0703002-0918-11-09-gnss_raw.txt,2436,443203.000,GLONASS,79,47.0,93.0,31.0,是
0703002-0918-11-09-gnss_raw.txt,2436,443203.000,GLONASS,80,26.0,160.0,35.0,是
0703002-0918-11-09-gnss_raw.txt,2436,443203.000,GLONASS,84,36.0,240.0,31.0,是
0703002-0918-11-09-gnss_raw.txt,2436,443203.000,GLONASS,85,0.0,0.0,32.0,是
0703002-0918-11-09-gnss_raw.txt,2436,443203.000,Galileo,13,0.0,0.0,31.0,是
0703002-0918-11-09-gnss_raw.txt,2436,443203.000,Galileo,26,60.0,271.0,33.0,是
0703002-0918-11-09-gnss_raw.txt,2436,443203.000,Galileo,29,33.0,271.0,30.0,是
0703002-0918-11-09-gnss_raw.txt,2436,443203.000,QZSS,3,43.0,168.0,31.0,是
0703002-0918-11-09-gnss_raw.txt,2436,443203.000,QZSS,7,53.0,169.0,25.0,是
0703002-0918-11-09-gnss_raw.txt,2436,443203.000,BDS,1,48.0,147.0,28.0,是
0703002-0918-11-09-gnss_raw.txt,2436,443203.000,BDS,2,0.0,0.0,32.0,是
0703002-0918-11-09-gnss_raw.txt,2436,443203.000,BDS,3,0.0,0.0,28.0,是
0703002-0918-11-09-gnss_raw.txt,2436,443203.000,BDS,4,37.0,120.0,29.0,是
0703002-0918-11-09-gnss_raw.txt,2436,443203.000,BDS,6,69.0,38.0,32.0,是
0703002-0918-11-09-gnss_raw.txt,2436,443203.000,BDS,7,59.0,189.0,29.0,是
0703002-0918-11-09-gnss_raw.txt,2436,443203.000,BDS,10,49.0,190.0,23.0,是
0703002-0918-11-09-gnss_raw.txt,2436,443203.000,BDS,11,0.0,0.0,27.0,是
0703002-0918-11-09-gnss_raw.txt,2436,443203.000,BDS,20,58.0,28.0,33.0,是
0703002-0918-11-09-gnss_raw.txt,2436,443203.000,BDS,29,21.0,231.0,25.0,是
0703002-0918-11-09-gnss_raw.txt,2436,443203.000,BDS,32,0.0,0.0,25.0,是
0703002-0918-11-09-gnss_raw.txt,2436,443203.000,BDS,35,17.0,285.0,27.0,是
0703002-0918-11-09-gnss_raw.txt,2436,443203.000,BDS,37,46.0,77.0,29.0,是
0703002-0918-11-09-gnss_raw.txt,2436,443204.000,GPS,13,27.0,135.0,28.0,是
0703002-0918-11-09-gnss_raw.txt,2436,443204.000,GPS,15,0.0,0.0,26.0,是
0703002-0918-11-09-gnss_raw.txt,2436,443204.000,GPS,18,46.0,214.0,28.0,是
0703002-0918-11-09-gnss_raw.txt,2436,443204.000,GPS,20,0.0,0.0,23.0,是
0703002-0918-11-09-gnss_raw.txt,2436,443204.000,GPS,24,66.0,45.0,34.0,是
0703002-0918-11-09-gnss_raw.txt,2436,443204.000,GPS,32,0.0,0.0,22.0,是
0703002-0918-11-09-gnss_raw.txt,2436,443204.000,GLONASS,68,20.0,68.0,28.0,是
0703002-0918-11-09-gnss_raw.txt,2436,443204.000,GLONASS,78,0.0,0.0,27.0,是
0703002-0918-11-09-gnss_raw.txt,2436,443204.000,GLONASS,79,47.0,93.0,30.0,是
0703002-0918-11-09-gnss_raw.txt,2436,443204.000,GLONASS,80,26.0,160.0,33.0,是
0703002-0918-11-09-gnss_raw.txt,2436,443204.000,GLONASS,84,36.0,240.0,25.0,是
0703002-0918-11-09-gnss_raw.txt,2436,443204.000,GLONASS,85,0.0,0.0,34.0,是
0703002-0918-11-09-gnss_raw.txt,2436,443204.000,Galileo,13,0.0,0.0,31.0,是
0703002-0918-11-09-gnss_raw.txt,2436,443204.000,Galileo,26,60.0,271.0,33.0,是
0703002-0918-11-09-gnss_raw.txt,2436,443204.000,Galileo,29,33.0,271.0,32.0,是
0703002-0918-11-09-gnss_raw.txt,2436,443204.000,QZSS,3,43.0,168.0,30.0,是
0703002-0918-11-09-gnss_raw.txt,2436,443204.000,QZSS,7,53.0,169.0,24.0,是
0703002-0918-11-09-gnss_raw.txt,2436,443204.000,BDS,1,48.0,147.0,32.0,是
0703002-0918-11-09-gnss_raw.txt,2436,443204.000,BDS,2,0.0,0.0,34.0,是
0703002-0918-11-09-gnss_raw.txt,2436,443204.000,BDS,3,0.0,0.0,28.0,是
0703002-0918-11-09-gnss_raw.txt,2436,443204.000,BDS,4,37.0,120.0,28.0,是
0703002-0918-11-09-gnss_raw.txt,2436,443204.000,BDS,6,69.0,38.0,33.0,是
0703002-0918-11-09-gnss_raw.txt,2436,443204.000,BDS,7,59.0,189.0,28.0,是
0703002-0918-11-09-gnss_raw.txt,2436,443204.000,BDS,10,49.0,190.0,25.0,是
0703002-0918-11-09-gnss_raw.txt,2436,443204.000,BDS,11,0.0,0.0,27.0,是
0703002-0918-11-09-gnss_raw.txt,2436,443204.000,BDS,20,58.0,28.0,33.0,是
0703002-0918-11-09-gnss_raw.txt,2436,443204.000,BDS,29,21.0,231.0,26.0,是
0703002-0918-11-09-gnss_raw.txt,2436,443204.000,BDS,32,0.0,0.0,24.0,是
0703002-0918-11-09-gnss_raw.txt,2436,443204.000,BDS,35,17.0,285.0,26.0,是
0703002-0918-11-09-gnss_raw.txt,2436,443204.000,BDS,37,46.0,77.0,29.0,是
0703002-0918-11-09-gnss_raw.txt,2436,443205.000,GPS,13,27.0,135.0,28.0,是
0703002-0918-11-09-gnss_raw.txt,2436,443205.000,GPS,15,0.0,0.0,25.0,是
0703002-0918-11-09-gnss_raw.txt,2436,443205.000,GPS,18,46.0,214.0,27.0,是
0703002-0918-11-09-gnss_raw.txt,2436,443205.000,GPS,20,0.0,0.0,24.0,是
0703002-0918-11-09-gnss_raw.txt,2436,443205.000,GPS,24,66.0,45.0,34.0,是
0703002-0918-11-09-gnss_raw.txt,2436,443205.000,GPS,32,0.0,0.0,23.0,是
0703002-0918-11-09-gnss_raw.txt,2436,443205.000,GLONASS,68,20.0,68.0,29.0,是
0703002-0918-11-09-gnss_raw.txt,2436,443205.000,GLONASS,69,45.0,15.0,22.0,是
0703002-0918-11-09-gnss_raw.txt,2436,443205.000,GLONASS,78,0.0,0.0,29.0,是
0703002-0918-11-09-gnss_raw.txt,2436,443205.000,GLONASS,79,47.0,93.0,30.0,是
0703002-0918-11-09-gnss_raw.txt,2436,443205.000,GLONASS,80,26.0,160.0,33.0,是
0703002-0918-11-09-gnss_raw.txt,2436,443205.000,GLONASS,84,36.0,240.0,26.0,是
0703002-0918-11-09-gnss_raw.txt,2436,443205.000,GLONASS,85,0.0,0.0,32.0,是
0703002-0918-11-09-gnss_raw.txt,2436,443205.000,Galileo,13,0.0,0.0,30.0,是
0703002-0918-11-09-gnss_raw.txt,2436,443205.000,Galileo,26,60.0,271.0,32.0,是
0703002-0918-11-09-gnss_raw.txt,2436,443205.000,Galileo,29,33.0,271.0,31.0,是
0703002-0918-11-09-gnss_raw.txt,2436,443205.000,QZSS,3,43.0,168.0,31.0,是
0703002-0918-11-09-gnss_raw.txt,2436,443205.000,QZSS,7,53.0,169.0,25.0,是
0703002-0918-11-09-gnss_raw.txt,2436,443205.000,BDS,1,48.0,147.0,30.0,是
0703002-0918-11-09-gnss_raw.txt,2436,443205.000,BDS,2,0.0,0.0,28.0,是
0703002-0918-11-09-gnss_raw.txt,2436,443205.000,BDS,3,0.0,0.0,27.0,是
0703002-0918-11-09-gnss_raw.txt,2436,443205.000,BDS,4,37.0,120.0,29.0,是
0703002-0918-11-09-gnss_raw.txt,2436,443205.000,BDS,6,69.0,38.0,32.0,是
0703002-0918-11-09-gnss_raw.txt,2436,443205.000,BDS,7,59.0,189.0,28.0,是
0703002-0918-11-09-gnss_raw.txt,2436,443205.000,BDS,10,49.0,190.0,26.0,是
0703002-0918-11-09-gnss_raw.txt,2436,443205.000,BDS,11,0.0,0.0,25.0,是
0703002-0918-11-09-gnss_raw.txt,2436,443205.000,BDS,20,58.0,28.0,33.0,是
0703002-0918-11-09-gnss_raw.txt,2436,443205.000,BDS,29,21.0,231.0,26.0,是
0703002-0918-11-09-gnss_raw.txt,2436,443205.000,BDS,32,0.0,0.0,23.0,是
0703002-0918-11-09-gnss_raw.txt,2436,443205.000,BDS,35,17.0,285.0,26.0,是
0703002-0918-11-09-gnss_raw.txt,2436,443205.000,BDS,37,46.0,77.0,29.0,是
0703002-0918-11-09-gnss_raw.txt,2436,443206.000,GPS,13,27.0,135.0,26.0,是
0703002-0918-11-09-gnss_raw.txt,2436,443206.000,GPS,15,0.0,0.0,26.0,是
0703002-0918-11-09-gnss_raw.txt,2436,443206.000,GPS,18,46.0,214.0,29.0,是
0703002-0918-11-09-gnss_raw.txt,2436,443206.000,GPS,20,0.0,0.0,26.0,是
0703002-0918-11-09-gnss_raw.txt,2436,443206.000,GPS,24,66.0,45.0,34.0,是
0703002-0918-11-09-gnss_raw.txt,2436,443206.000,GPS,32,0.0,0.0,22.0,是
0703002-0918-11-09-gnss_raw.txt,2436,443206.000,GLONASS,68,20.0,68.0,31.0,是
0703002-0918-11-09-gnss_raw.txt,2436,443206.000,GLONASS,69,45.0,15.0,22.0,是
0703002-0918-11-09-gnss_raw.txt,2436,443206.000,GLONASS,78,0.0,0.0,28.0,是
0703002-0918-11-09-gnss_raw.txt,2436,443206.000,GLONASS,79,47.0,93.0,30.0,是
0703002-0918-11-09-gnss_raw.txt,2436,443206.000,GLONASS,80,26.0,160.0,30.0,是
0703002-0918-11-09-gnss_raw.txt,2436,443206.000,GLONASS,84,36.0,240.0,30.0,是
0703002-0918-11-09-gnss_raw.txt,2436,443206.000,GLONASS,85,0.0,0.0,31.0,是
0703002-0918-11-09-gnss_raw.txt,2436,443206.000,Galileo,13,0.0,0.0,31.0,是
0703002-0918-11-09-gnss_raw.txt,2436,443206.000,Galileo,26,60.0,271.0,31.0,是
0703002-0918-11-09-gnss_raw.txt,2436,443206.000,Galileo,29,33.0,271.0,28.0,是
0703002-0918-11-09-gnss_raw.txt,2436,443206.000,QZSS,3,43.0,168.0,32.0,是
0703002-0918-11-09-gnss_raw.txt,2436,443206.000,QZSS,7,53.0,169.0,27.0,是
0703002-0918-11-09-gnss_raw.txt,2436,443206.000,BDS,1,48.0,147.0,31.0,是
0703002-0918-11-09-gnss_raw.txt,2436,443206.000,BDS,3,0.0,0.0,37.0,是
0703002-0918-11-09-gnss_raw.txt,2436,443206.000,BDS,4,37.0,120.0,27.0,是
0703002-0918-11-09-gnss_raw.txt,2436,443206.000,BDS,6,69.0,38.0,32.0,是
0703002-0918-11-09-gnss_raw.txt,2436,443206.000,BDS,7,59.0,189.0,30.0,是
0703002-0918-11-09-gnss_raw.txt,2436,443206.000,BDS,10,49.0,190.0,27.0,是
0703002-0918-11-09-gnss_raw.txt,2436,443206.000,BDS,11,0.0,0.0,23.0,是
0703002-0918-11-09-gnss_raw.txt,2436,443206.000,BDS,20,58.0,28.0,33.0,是
0703002-0918-11-09-gnss_raw.txt,2436,443206.000,BDS,29,21.0,231.0,27.0,是
0703002-0918-11-09-gnss_raw.txt,2436,443206.000,BDS,32,0.0,0.0,21.0,是
0703002-0918-11-09-gnss_raw.txt,2436,443206.000,BDS,35,17.0,285.0,25.0,是
0703002-0918-11-09-gnss_raw.txt,2436,443206.000,BDS,37,46.0,77.0,30.0,是
0703002-0918-11-09-gnss_raw.txt,2436,443207.000,GPS,13,27.0,135.0,27.0,是
0703002-0918-11-09-gnss_raw.txt,2436,443207.000,GPS,15,0.0,0.0,29.0,是
0703002-0918-11-09-gnss_raw.txt,2436,443207.000,GPS,18,46.0,214.0,31.0,是
0703002-0918-11-09-gnss_raw.txt,2436,443207.000,GPS,20,0.0,0.0,26.0,是
0703002-0918-11-09-gnss_raw.txt,2436,443207.000,GPS,24,65.0,45.0,34.0,是
0703002-0918-11-09-gnss_raw.txt,2436,443207.000,GPS,32,0.0,0.0,23.0,是
0703002-0918-11-09-gnss_raw.txt,2436,443207.000,GLONASS,68,20.0,68.0,32.0,是
0703002-0918-11-09-gnss_raw.txt,2436,443207.000,GLONASS,69,45.0,15.0,25.0,是
0703002-0918-11-09-gnss_raw.txt,2436,443207.000,GLONASS,78,0.0,0.0,22.0,是
0703002-0918-11-09-gnss_raw.txt,2436,443207.000,GLONASS,79,47.0,93.0,27.0,是
0703002-0918-11-09-gnss_raw.txt,2436,443207.000,GLONASS,80,26.0,160.0,30.0,是
0703002-0918-11-09-gnss_raw.txt,2436,443207.000,GLONASS,84,36.0,240.0,32.0,是
0703002-0918-11-09-gnss_raw.txt,2436,443207.000,GLONASS,85,0.0,0.0,26.0,是
0703002-0918-11-09-gnss_raw.txt,2436,443207.000,Galileo,13,0.0,0.0,32.0,是
0703002-0918-11-09-gnss_raw.txt,2436,443207.000,Galileo,26,60.0,271.0,29.0,是
0703002-0918-11-09-gnss_raw.txt,2436,443207.000,Galileo,29,33.0,271.0,29.0,是
0703002-0918-11-09-gnss_raw.txt,2436,443207.000,QZSS,3,43.0,168.0,32.0,是
0703002-0918-11-09-gnss_raw.txt,2436,443207.000,QZSS,7,53.0,169.0,27.0,是
0703002-0918-11-09-gnss_raw.txt,2436,443207.000,BDS,1,48.0,147.0,31.0,是
0703002-0918-11-09-gnss_raw.txt,2436,443207.000,BDS,3,0.0,0.0,31.0,是
0703002-0918-11-09-gnss_raw.txt,2436,443207.000,BDS,4,37.0,120.0,28.0,是
0703002-0918-11-09-gnss_raw.txt,2436,443207.000,BDS,6,69.0,38.0,32.0,是
0703002-0918-11-09-gnss_raw.txt,2436,443207.000,BDS,7,59.0,189.0,31.0,是
0703002-0918-11-09-gnss_raw.txt,2436,443207.000,BDS,10,49.0,190.0,29.0,是
0703002-0918-11-09-gnss_raw.txt,2436,443207.000,BDS,11,0.0,0.0,20.0,是
0703002-0918-11-09-gnss_raw.txt,2436,443207.000,BDS,20,58.0,28.0,33.0,是
0703002-0918-11-09-gnss_raw.txt,2436,443207.000,BDS,29,21.0,231.0,26.0,是
0703002-0918-11-09-gnss_raw.txt,2436,443207.000,BDS,32,0.0,0.0,20.0,是
0703002-0918-11-09-gnss_raw.txt,2436,443207.000,BDS,35,17.0,285.0,27.0,是
0703002-0918-11-09-gnss_raw.txt,2436,443207.000,BDS,37,46.0,77.0,31.0,是
0703002-0918-11-09-gnss_raw.txt,2436,443208.000,GPS,13,27.0,135.0,28.0,是
0703002-0918-11-09-gnss_raw.txt,2436,443208.000,GPS,15,0.0,0.0,31.0,是
0703002-0918-11-09-gnss_raw.txt,2436,443208.000,GPS,18,46.0,214.0,33.0,是
0703002-0918-11-09-gnss_raw.txt,2436,443208.000,GPS,20,0.0,0.0,26.0,是
0703002-0918-11-09-gnss_raw.txt,2436,443208.000,GPS,24,65.0,45.0,34.0,是
0703002-0918-11-09-gnss_raw.txt,2436,443208.000,GPS,32,0.0,0.0,25.0,是
0703002-0918-11-09-gnss_raw.txt,2436,443208.000,GLONASS,68,20.0,68.0,32.0,是
0703002-0918-11-09-gnss_raw.txt,2436,443208.000,GLONASS,69,45.0,15.0,28.0,是
0703002-0918-11-09-gnss_raw.txt,2436,443208.000,GLONASS,78,0.0,0.0,21.0,是
0703002-0918-11-09-gnss_raw.txt,2436,443208.000,GLONASS,79,47.0,93.0,24.0,是
0703002-0918-11-09-gnss_raw.txt,2436,443208.000,GLONASS,80,26.0,160.0,33.0,是
0703002-0918-11-09-gnss_raw.txt,2436,443208.000,GLONASS,84,36.0,240.0,34.0,是
0703002-0918-11-09-gnss_raw.txt,2436,443208.000,GLONASS,85,0.0,0.0,27.0,是
0703002-0918-11-09-gnss_raw.txt,2436,443208.000,Galileo,13,0.0,0.0,33.0,是
0703002-0918-11-09-gnss_raw.txt,2436,443208.000,Galileo,26,60.0,271.0,30.0,是
0703002-0918-11-09-gnss_raw.txt,2436,443208.000,Galileo,29,33.0,271.0,26.0,是
0703002-0918-11-09-gnss_raw.txt,2436,443208.000,QZSS,3,43.0,168.0,32.0,是
0703002-0918-11-09-gnss_raw.txt,2436,443208.000,QZSS,7,53.0,169.0,28.0,是
0703002-0918-11-09-gnss_raw.txt,2436,443208.000,BDS,1,48.0,147.0,28.0,是
0703002-0918-11-09-gnss_raw.txt,2436,443208.000,BDS,2,0.0,0.0,25.0,是
0703002-0918-11-09-gnss_raw.txt,2436,443208.000,BDS,3,0.0,0.0,33.0,是
0703002-0918-11-09-gnss_raw.txt,2436,443208.000,BDS,4,37.0,120.0,28.0,是
0703002-0918-11-09-gnss_raw.txt,2436,443208.000,BDS,6,69.0,38.0,32.0,是
0703002-0918-11-09-gnss_raw.txt,2436,443208.000,BDS,7,59.0,189.0,32.0,是
0703002-0918-11-09-gnss_raw.txt,2436,443208.000,BDS,10,49.0,190.0,30.0,是
0703002-0918-11-09-gnss_raw.txt,2436,443208.000,BDS,11,0.0,0.0,18.0,是
0703002-0918-11-09-gnss_raw.txt,2436,443208.000,BDS,20,58.0,28.0,33.0,是
0703002-0918-11-09-gnss_raw.txt,2436,443208.000,BDS,29,21.0,231.0,25.0,是
0703002-0918-11-09-gnss_raw.txt,2436,443208.000,BDS,35,17.0,285.0,27.0,是
0703002-0918-11-09-gnss_raw.txt,2436,443208.000,BDS,37,46.0,77.0,31.0,是
0703002-0918-11-09-gnss_raw.txt,2436,443209.000,GPS,13,27.0,135.0,27.0,是
0703002-0918-11-09-gnss_raw.txt,2436,443209.000,GPS,15,0.0,0.0,32.0,是
0703002-0918-11-09-gnss_raw.txt,2436,443209.000,GPS,18,46.0,214.0,33.0,是
0703002-0918-11-09-gnss_raw.txt,2436,443209.000,GPS,20,0.0,0.0,24.0,是
0703002-0918-11-09-gnss_raw.txt,2436,443209.000,GPS,24,65.0,45.0,34.0,是
0703002-0918-11-09-gnss_raw.txt,2436,443209.000,GPS,32,0.0,0.0,26.0,是
0703002-0918-11-09-gnss_raw.txt,2436,443209.000,GLONASS,68,20.0,68.0,32.0,是
0703002-0918-11-09-gnss_raw.txt,2436,443209.000,GLONASS,69,0.0,0.0,25.0,是
0703002-0918-11-09-gnss_raw.txt,2436,443209.000,GLONASS,78,0.0,0.0,23.0,是
0703002-0918-11-09-gnss_raw.txt,2436,443209.000,GLONASS,79,47.0,93.0,21.0,是
0703002-0918-11-09-gnss_raw.txt,2436,443209.000,GLONASS,80,26.0,160.0,34.0,是
0703002-0918-11-09-gnss_raw.txt,2436,443209.000,GLONASS,84,36.0,240.0,34.0,是
0703002-0918-11-09-gnss_raw.txt,2436,443209.000,GLONASS,85,0.0,0.0,28.0,是
0703002-0918-11-09-gnss_raw.txt,2436,443209.000,Galileo,13,0.0,0.0,32.0,是
0703002-0918-11-09-gnss_raw.txt,2436,443209.000,Galileo,26,60.0,271.0,28.0,是
0703002-0918-11-09-gnss_raw.txt,2436,443209.000,Galileo,29,33.0,271.0,34.0,是
0703002-0918-11-09-gnss_raw.txt,2436,443209.000,QZSS,3,43.0,168.0,32.0,是
0703002-0918-11-09-gnss_raw.txt,2436,443209.000,QZSS,7,53.0,169.0,29.0,是
0703002-0918-11-09-gnss_raw.txt,2436,443209.000,BDS,1,48.0,147.0,30.0,是
0703002-0918-11-09-gnss_raw.txt,2436,443209.000,BDS,2,0.0,0.0,26.0,是
0703002-0918-11-09-gnss_raw.txt,2436,443209.000,BDS,3,0.0,0.0,33.0,是
0703002-0918-11-09-gnss_raw.txt,2436,443209.000,BDS,4,37.0,120.0,28.0,是
0703002-0918-11-09-gnss_raw.txt,2436,443209.000,BDS,6,69.0,38.0,32.0,是
0703002-0918-11-09-gnss_raw.txt,2436,443209.000,BDS,7,59.0,189.0,32.0,是
0703002-0918-11-09-gnss_raw.txt,2436,443209.000,BDS,10,49.0,190.0,31.0,是
0703002-0918-11-09-gnss_raw.txt,2436,443209.000,BDS,11,0.0,0.0,17.0,是
0703002-0918-11-09-gnss_raw.txt,2436,443209.000,BDS,20,58.0,28.0,33.0,是
0703002-0918-11-09-gnss_raw.txt,2436,443209.000,BDS,29,21.0,231.0,22.0,是
0703002-0918-11-09-gnss_raw.txt,2436,443209.000,BDS,35,17.0,285.0,25.0,是
0703002-0918-11-09-gnss_raw.txt,2436,443209.000,BDS,37,46.0,77.0,31.0,是
0703002-0918-11-09-gnss_raw.txt,2436,443210.000,GPS,13,27.0,135.0,26.0,是
0703002-0918-11-09-gnss_raw.txt,2436,443210.000,GPS,15,0.0,0.0,33.0,是
0703002-0918-11-09-gnss_raw.txt,2436,443210.000,GPS,18,46.0,214.0,33.0,是
0703002-0918-11-09-gnss_raw.txt,2436,443210.000,GPS,20,0.0,0.0,24.0,是
0703002-0918-11-09-gnss_raw.txt,2436,443210.000,GPS,24,65.0,45.0,34.0,是
0703002-0918-11-09-gnss_raw.txt,2436,443210.000,GPS,32,0.0,0.0,27.0,是
0703002-0918-11-09-gnss_raw.txt,2436,443210.000,GLONASS,68,20.0,68.0,28.0,是
0703002-0918-11-09-gnss_raw.txt,2436,443210.000,GLONASS,69,45.0,15.0,28.0,是
0703002-0918-11-09-gnss_raw.txt,2436,443210.000,GLONASS,78,0.0,0.0,24.0,是
0703002-0918-11-09-gnss_raw.txt,2436,443210.000,GLONASS,79,47.0,93.0,18.0,是
0703002-0918-11-09-gnss_raw.txt,2436,443210.000,GLONASS,80,26.0,160.0,31.0,是
0703002-0918-11-09-gnss_raw.txt,2436,443210.000,GLONASS,84,36.0,240.0,33.0,是
0703002-0918-11-09-gnss_raw.txt,2436,443210.000,GLONASS,85,0.0,0.0,33.0,是
0703002-0918-11-09-gnss_raw.txt,2436,443210.000,Galileo,13,0.0,0.0,31.0,是
0703002-0918-11-09-gnss_raw.txt,2436,443210.000,Galileo,26,60.0,271.0,33.0,是
0703002-0918-11-09-gnss_raw.txt,2436,443210.000,Galileo,29,33.0,271.0,33.0,是
0703002-0918-11-09-gnss_raw.txt,2436,443210.000,QZSS,3,43.0,168.0,33.0,是
0703002-0918-11-09-gnss_raw.txt,2436,443210.000,QZSS,7,53.0,169.0,28.0,是
0703002-0918-11-09-gnss_raw.txt,2436,443210.000,BDS,1,48.0,147.0,30.0,是
0703002-0918-11-09-gnss_raw.txt,2436,443210.000,BDS,2,0.0,0.0,26.0,是
0703002-0918-11-09-gnss_raw.txt,2436,443210.000,BDS,3,0.0,0.0,31.0,是
0703002-0918-11-09-gnss_raw.txt,2436,443210.000,BDS,4,37.0,120.0,28.0,是
0703002-0918-11-09-gnss_raw.txt,2436,443210.000,BDS,6,69.0,38.0,32.0,是
0703002-0918-11-09-gnss_raw.txt,2436,443210.000,BDS,7,59.0,189.0,32.0,是
0703002-0918-11-09-gnss_raw.txt,2436,443210.000,BDS,10,49.0,190.0,30.0,是
0703002-0918-11-09-gnss_raw.txt,2436,443210.000,BDS,11,0.0,0.0,16.0,是
0703002-0918-11-09-gnss_raw.txt,2436,443210.000,BDS,20,58.0,28.0,33.0,是
0703002-0918-11-09-gnss_raw.txt,2436,443210.000,BDS,29,21.0,231.0,20.0,是
0703002-0918-11-09-gnss_raw.txt,2436,443210.000,BDS,35,17.0,285.0,24.0,是
0703002-0918-11-09-gnss_raw.txt,2436,443210.000,BDS,37,46.0,77.0,31.0,是
0703002-0918-11-09-gnss_raw.txt,2436,443211.000,GPS,13,27.0,135.0,26.0,是
0703002-0918-11-09-gnss_raw.txt,2436,443211.000,GPS,15,0.0,0.0,33.0,是
0703002-0918-11-09-gnss_raw.txt,2436,443211.000,GPS,18,46.0,214.0,33.0,是
0703002-0918-11-09-gnss_raw.txt,2436,443211.000,GPS,20,0.0,0.0,24.0,是
0703002-0918-11-09-gnss_raw.txt,2436,443211.000,GPS,24,65.0,45.0,34.0,是
0703002-0918-11-09-gnss_raw.txt,2436,443211.000,GPS,32,0.0,0.0,27.0,是
0703002-0918-11-09-gnss_raw.txt,2436,443211.000,GLONASS,68,20.0,68.0,30.0,是
0703002-0918-11-09-gnss_raw.txt,2436,443211.000,GLONASS,69,45.0,15.0,27.0,是
0703002-0918-11-09-gnss_raw.txt,2436,443211.000,GLONASS,78,0.0,0.0,23.0,是
0703002-0918-11-09-gnss_raw.txt,2436,443211.000,GLONASS,79,47.0,93.0,24.0,是
0703002-0918-11-09-gnss_raw.txt,2436,443211.000,GLONASS,80,26.0,160.0,32.0,是
0703002-0918-11-09-gnss_raw.txt,2436,443211.000,GLONASS,84,36.0,240.0,31.0,是
0703002-0918-11-09-gnss_raw.txt,2436,443211.000,GLONASS,85,0.0,0.0,34.0,是
0703002-0918-11-09-gnss_raw.txt,2436,443211.000,Galileo,13,0.0,0.0,33.0,是
0703002-0918-11-09-gnss_raw.txt,2436,443211.000,Galileo,26,60.0,271.0,33.0,是
0703002-0918-11-09-gnss_raw.txt,2436,443211.000,Galileo,29,34.0,271.0,33.0,是
0703002-0918-11-09-gnss_raw.txt,2436,443211.000,QZSS,3,43.0,168.0,32.0,是
0703002-0918-11-09-gnss_raw.txt,2436,443211.000,QZSS,7,53.0,169.0,28.0,是
0703002-0918-11-09-gnss_raw.txt,2436,443211.000,BDS,1,48.0,147.0,30.0,是
0703002-0918-11-09-gnss_raw.txt,2436,443211.000,BDS,3,0.0,0.0,30.0,是
0703002-0918-11-09-gnss_raw.txt,2436,443211.000,BDS,4,37.0,120.0,27.0,是
0703002-0918-11-09-gnss_raw.txt,2436,443211.000,BDS,6,69.0,38.0,32.0,是
0703002-0918-11-09-gnss_raw.txt,2436,443211.000,BDS,7,59.0,189.0,32.0,是
0703002-0918-11-09-gnss_raw.txt,2436,443211.000,BDS,10,49.0,190.0,30.0,是
0703002-0918-11-09-gnss_raw.txt,2436,443211.000,BDS,11,0.0,0.0,14.0,是
0703002-0918-11-09-gnss_raw.txt,2436,443211.000,BDS,20,58.0,28.0,33.0,是
0703002-0918-11-09-gnss_raw.txt,2436,443211.000,BDS,29,21.0,231.0,20.0,是
0703002-0918-11-09-gnss_raw.txt,2436,443211.000,BDS,35,17.0,285.0,22.0,是
0703002-0918-11-09-gnss_raw.txt,2436,443211.000,BDS,37,46.0,77.0,31.0,是
0703002-0918-11-09-gnss_raw.txt,2436,443212.000,GPS,13,27.0,135.0,26.0,是
0703002-0918-11-09-gnss_raw.txt,2436,443212.000,GPS,15,0.0,0.0,33.0,是
0703002-0918-11-09-gnss_raw.txt,2436,443212.000,GPS,18,46.0,214.0,31.0,是
0703002-0918-11-09-gnss_raw.txt,2436,443212.000,GPS,20,0.0,0.0,20.0,是
0703002-0918-11-09-gnss_raw.txt,2436,443212.000,GPS,24,65.0,45.0,34.0,是
0703002-0918-11-09-gnss_raw.txt,2436,443212.000,GPS,32,0.0,0.0,22.0,是
0703002-0918-11-09-gnss_raw.txt,2436,443212.000,GLONASS,68,20.0,68.0,30.0,是
0703002-0918-11-09-gnss_raw.txt,2436,443212.000,GLONASS,69,45.0,15.0,29.0,是
0703002-0918-11-09-gnss_raw.txt,2436,443212.000,GLONASS,78,0.0,0.0,18.0,是
0703002-0918-11-09-gnss_raw.txt,2436,443212.000,GLONASS,79,47.0,93.0,25.0,是
0703002-0918-11-09-gnss_raw.txt,2436,443212.000,GLONASS,80,26.0,160.0,33.0,是
0703002-0918-11-09-gnss_raw.txt,2436,443212.000,GLONASS,84,36.0,240.0,27.0,是
0703002-0918-11-09-gnss_raw.txt,2436,443212.000,GLONASS,85,0.0,0.0,30.0,是
0703002-0918-11-09-gnss_raw.txt,2436,443212.000,Galileo,13,0.0,0.0,34.0,是
0703002-0918-11-09-gnss_raw.txt,2436,443212.000,Galileo,26,60.0,271.0,34.0,是
0703002-0918-11-09-gnss_raw.txt,2436,443212.000,Galileo,29,34.0,271.0,32.0,是
0703002-0918-11-09-gnss_raw.txt,2436,443212.000,QZSS,3,43.0,168.0,32.0,是
0703002-0918-11-09-gnss_raw.txt,2436,443212.000,QZSS,7,53.0,169.0,28.0,是
0703002-0918-11-09-gnss_raw.txt,2436,443212.000,BDS,1,48.0,147.0,31.0,是
0703002-0918-11-09-gnss_raw.txt,2436,443212.000,BDS,2,0.0,0.0,32.0,是
0703002-0918-11-09-gnss_raw.txt,2436,443212.000,BDS,3,0.0,0.0,32.0,是
0703002-0918-11-09-gnss_raw.txt,2436,443212.000,BDS,4,37.0,120.0,28.0,是
0703002-0918-11-09-gnss_raw.txt,2436,443212.000,BDS,6,69.0,38.0,33.0,是
0703002-0918-11-09-gnss_raw.txt,2436,443212.000,BDS,7,59.0,189.0,32.0,是
0703002-0918-11-09-gnss_raw.txt,2436,443212.000,BDS,10,49.0,190.0,30.0,是
0703002-0918-11-09-gnss_raw.txt,2436,443212.000,BDS,11,0.0,0.0,16.0,是
0703002-0918-11-09-gnss_raw.txt,2436,443212.000,BDS,20,58.0,28.0,34.0,是
0703002-0918-11-09-gnss_raw.txt,2436,443212.000,BDS,29,21.0,231.0,19.0,是
0703002-0918-11-09-gnss_raw.txt,2436,443212.000,BDS,35,17.0,285.0,19.0,是
0703002-0918-11-09-gnss_raw.txt,2436,443212.000,BDS,37,46.0,77.0,31.0,是
0703002-0918-11-09-gnss_raw.txt,2436,443213.000,GPS,13,27.0,135.0,28.0,是
0703002-0918-11-09-gnss_raw.txt,2436,443213.000,GPS,15,0.0,0.0,33.0,是
0703002-0918-11-09-gnss_raw.txt,2436,443213.000,GPS,18,46.0,214.0,31.0,是
0703002-0918-11-09-gnss_raw.txt,2436,443213.000,GPS,20,0.0,0.0,20.0,是
0703002-0918-11-09-gnss_raw.txt,2436,443213.000,GPS,24,65.0,45.0,35.0,是
0703002-0918-11-09-gnss_raw.txt,2436,443213.000,GPS,32,0.0,0.0,19.0,是
0703002-0918-11-09-gnss_raw.txt,2436,443213.000,GLONASS,68,20.0,68.0,32.0,是
0703002-0918-11-09-gnss_raw.txt,2436,443213.000,GLONASS,69,45.0,15.0,32.0,是
0703002-0918-11-09-gnss_raw.txt,2436,443213.000,GLONASS,78,0.0,0.0,18.0,是
0703002-0918-11-09-gnss_raw.txt,2436,443213.000,GLONASS,79,47.0,93.0,21.0,是
0703002-0918-11-09-gnss_raw.txt,2436,443213.000,GLONASS,80,26.0,160.0,32.0,是
0703002-0918-11-09-gnss_raw.txt,2436,443213.000,GLONASS,84,36.0,240.0,26.0,是
0703002-0918-11-09-gnss_raw.txt,2436,443213.000,GLONASS,85,0.0,0.0,25.0,是
0703002-0918-11-09-gnss_raw.txt,2436,443213.000,Galileo,13,0.0,0.0,33.0,是
0703002-0918-11-09-gnss_raw.txt,2436,443213.000,Galileo,26,60.0,271.0,33.0,是
0703002-0918-11-09-gnss_raw.txt,2436,443213.000,Galileo,29,34.0,271.0,26.0,是
0703002-0918-11-09-gnss_raw.txt,2436,443213.000,QZSS,3,43.0,168.0,32.0,是
0703002-0918-11-09-gnss_raw.txt,2436,443213.000,QZSS,7,53.0,169.0,28.0,是
0703002-0918-11-09-gnss_raw.txt,2436,443213.000,BDS,1,48.0,147.0,31.0,是
0703002-0918-11-09-gnss_raw.txt,2436,443213.000,BDS,2,0.0,0.0,36.0,是
0703002-0918-11-09-gnss_raw.txt,2436,443213.000,BDS,3,0.0,0.0,31.0,是
0703002-0918-11-09-gnss_raw.txt,2436,443213.000,BDS,4,37.0,120.0,28.0,是
0703002-0918-11-09-gnss_raw.txt,2436,443213.000,BDS,6,69.0,38.0,33.0,是
0703002-0918-11-09-gnss_raw.txt,2436,443213.000,BDS,7,59.0,189.0,32.0,是
0703002-0918-11-09-gnss_raw.txt,2436,443213.000,BDS,10,49.0,190.0,30.0,是
0703002-0918-11-09-gnss_raw.txt,2436,443213.000,BDS,11,0.0,0.0,17.0,是
0703002-0918-11-09-gnss_raw.txt,2436,443213.000,BDS,20,58.0,28.0,34.0,是
0703002-0918-11-09-gnss_raw.txt,2436,443213.000,BDS,29,21.0,231.0,28.0,是
0703002-0918-11-09-gnss_raw.txt,2436,443213.000,BDS,35,17.0,285.0,18.0,是
0703002-0918-11-09-gnss_raw.txt,2436,443213.000,BDS,37,46.0,77.0,31.0,是
0703002-0918-11-09-gnss_raw.txt,2436,443214.000,GPS,13,27.0,135.0,28.0,是
0703002-0918-11-09-gnss_raw.txt,2436,443214.000,GPS,15,0.0,0.0,32.0,是
0703002-0918-11-09-gnss_raw.txt,2436,443214.000,GPS,18,46.0,214.0,32.0,是
0703002-0918-11-09-gnss_raw.txt,2436,443214.000,GPS,20,0.0,0.0,20.0,是
0703002-0918-11-09-gnss_raw.txt,2436,443214.000,GPS,24,65.0,45.0,35.0,是
0703002-0918-11-09-gnss_raw.txt,2436,443214.000,GPS,32,0.0,0.0,20.0,是
0703002-0918-11-09-gnss_raw.txt,2436,443214.000,GLONASS,68,20.0,68.0,29.0,是
0703002-0918-11-09-gnss_raw.txt,2436,443214.000,GLONASS,69,45.0,15.0,33.0,是
0703002-0918-11-09-gnss_raw.txt,2436,443214.000,GLONASS,78,0.0,0.0,18.0,是
0703002-0918-11-09-gnss_raw.txt,2436,443214.000,GLONASS,79,47.0,93.0,23.0,是
0703002-0918-11-09-gnss_raw.txt,2436,443214.000,GLONASS,80,26.0,160.0,30.0,是
0703002-0918-11-09-gnss_raw.txt,2436,443214.000,GLONASS,84,36.0,240.0,32.0,是
0703002-0918-11-09-gnss_raw.txt,2436,443214.000,GLONASS,85,0.0,0.0,27.0,是
0703002-0918-11-09-gnss_raw.txt,2436,443214.000,Galileo,13,0.0,0.0,34.0,是
0703002-0918-11-09-gnss_raw.txt,2436,443214.000,Galileo,26,60.0,271.0,34.0,是
0703002-0918-11-09-gnss_raw.txt,2436,443214.000,Galileo,29,34.0,271.0,27.0,是
0703002-0918-11-09-gnss_raw.txt,2436,443214.000,QZSS,3,43.0,168.0,32.0,是
0703002-0918-11-09-gnss_raw.txt,2436,443214.000,QZSS,7,53.0,169.0,28.0,是
0703002-0918-11-09-gnss_raw.txt,2436,443214.000,BDS,1,48.0,147.0,31.0,是
0703002-0918-11-09-gnss_raw.txt,2436,443214.000,BDS,2,0.0,0.0,37.0,是
0703002-0918-11-09-gnss_raw.txt,2436,443214.000,BDS,3,0.0,0.0,30.0,是
0703002-0918-11-09-gnss_raw.txt,2436,443214.000,BDS,4,37.0,120.0,28.0,是
0703002-0918-11-09-gnss_raw.txt,2436,443214.000,BDS,6,69.0,38.0,32.0,是
0703002-0918-11-09-gnss_raw.txt,2436,443214.000,BDS,7,59.0,189.0,32.0,是
0703002-0918-11-09-gnss_raw.txt,2436,443214.000,BDS,10,49.0,190.0,30.0,是
0703002-0918-11-09-gnss_raw.txt,2436,443214.000,BDS,11,0.0,0.0,18.0,是
0703002-0918-11-09-gnss_raw.txt,2436,443214.000,BDS,20,58.0,29.0,34.0,是
0703002-0918-11-09-gnss_raw.txt,2436,443214.000,BDS,29,21.0,231.0,33.0,是
0703002-0918-11-09-gnss_raw.txt,2436,443214.000,BDS,35,0.0,0.0,19.0,是
0703002-0918-11-09-gnss_raw.txt,2436,443214.000,BDS,37,46.0,77.0,31.0,是
0703002-0918-11-09-gnss_raw.txt,2436,443215.000,GPS,13,0.0,0.0,27.0,是
0703002-0918-11-09-gnss_raw.txt,2436,443215.000,GPS,15,0.0,0.0,29.0,是
0703002-0918-11-09-gnss_raw.txt,2436,443215.000,GPS,18,46.0,214.0,33.0,是
0703002-0918-11-09-gnss_raw.txt,2436,443215.000,GPS,20,0.0,0.0,21.0,是
0703002-0918-11-09-gnss_raw.txt,2436,443215.000,GPS,24,65.0,45.0,35.0,是
0703002-0918-11-09-gnss_raw.txt,2436,443215.000,GPS,32,0.0,0.0,26.0,是
0703002-0918-11-09-gnss_raw.txt,2436,443215.000,GLONASS,68,20.0,68.0,25.0,是
0703002-0918-11-09-gnss_raw.txt,2436,443215.000,GLONASS,69,45.0,15.0,34.0,是
0703002-0918-11-09-gnss_raw.txt,2436,443215.000,GLONASS,78,0.0,0.0,19.0,是
0703002-0918-11-09-gnss_raw.txt,2436,443215.000,GLONASS,79,47.0,93.0,25.0,是
0703002-0918-11-09-gnss_raw.txt,2436,443215.000,GLONASS,80,26.0,160.0,32.0,是
0703002-0918-11-09-gnss_raw.txt,2436,443215.000,GLONASS,84,36.0,240.0,32.0,是
0703002-0918-11-09-gnss_raw.txt,2436,443215.000,GLONASS,85,0.0,0.0,30.0,是
0703002-0918-11-09-gnss_raw.txt,2436,443215.000,Galileo,13,0.0,0.0,33.0,是
0703002-0918-11-09-gnss_raw.txt,2436,443215.000,Galileo,26,60.0,270.0,34.0,是
0703002-0918-11-09-gnss_raw.txt,2436,443215.000,Galileo,29,34.0,271.0,38.0,是
0703002-0918-11-09-gnss_raw.txt,2436,443215.000,QZSS,3,43.0,168.0,32.0,是
0703002-0918-11-09-gnss_raw.txt,2436,443215.000,QZSS,7,53.0,169.0,28.0,是
0703002-0918-11-09-gnss_raw.txt,2436,443215.000,BDS,1,48.0,147.0,31.0,是
0703002-0918-11-09-gnss_raw.txt,2436,443215.000,BDS,2,0.0,0.0,38.0,是
0703002-0918-11-09-gnss_raw.txt,2436,443215.000,BDS,3,0.0,0.0,30.0,是
0703002-0918-11-09-gnss_raw.txt,2436,443215.000,BDS,4,37.0,120.0,29.0,是
0703002-0918-11-09-gnss_raw.txt,2436,443215.000,BDS,6,69.0,38.0,32.0,是
0703002-0918-11-09-gnss_raw.txt,2436,443215.000,BDS,7,59.0,189.0,32.0,是
0703002-0918-11-09-gnss_raw.txt,2436,443215.000,BDS,10,49.0,190.0,30.0,是
0703002-0918-11-09-gnss_raw.txt,2436,443215.000,BDS,11,0.0,0.0,19.0,是
0703002-0918-11-09-gnss_raw.txt,2436,443215.000,BDS,20,58.0,29.0,34.0,是
0703002-0918-11-09-gnss_raw.txt,2436,443215.000,BDS,29,21.0,231.0,32.0,是
0703002-0918-11-09-gnss_raw.txt,2436,443215.000,BDS,35,17.0,285.0,24.0,是
0703002-0918-11-09-gnss_raw.txt,2436,443215.000,BDS,37,46.0,77.0,30.0,是
0703002-0918-11-09-gnss_raw.txt,2436,443216.000,GPS,13,27.0,135.0,26.0,是
0703002-0918-11-09-gnss_raw.txt,2436,443216.000,GPS,15,0.0,0.0,30.0,是
0703002-0918-11-09-gnss_raw.txt,2436,443216.000,GPS,18,46.0,214.0,32.0,是
0703002-0918-11-09-gnss_raw.txt,2436,443216.000,GPS,20,0.0,0.0,24.0,是
0703002-0918-11-09-gnss_raw.txt,2436,443216.000,GPS,24,65.0,45.0,35.0,是
0703002-0918-11-09-gnss_raw.txt,2436,443216.000,GPS,32,0.0,0.0,28.0,是
0703002-0918-11-09-gnss_raw.txt,2436,443216.000,GLONASS,68,20.0,68.0,30.0,是
0703002-0918-11-09-gnss_raw.txt,2436,443216.000,GLONASS,69,45.0,15.0,35.0,是
0703002-0918-11-09-gnss_raw.txt,2436,443216.000,GLONASS,78,0.0,0.0,23.0,是
0703002-0918-11-09-gnss_raw.txt,2436,443216.000,GLONASS,79,47.0,93.0,26.0,是
0703002-0918-11-09-gnss_raw.txt,2436,443216.000,GLONASS,80,26.0,160.0,33.0,是
0703002-0918-11-09-gnss_raw.txt,2436,443216.000,GLONASS,84,36.0,240.0,31.0,是
0703002-0918-11-09-gnss_raw.txt,2436,443216.000,GLONASS,85,0.0,0.0,31.0,是
0703002-0918-11-09-gnss_raw.txt,2436,443216.000,Galileo,13,0.0,0.0,34.0,是
0703002-0918-11-09-gnss_raw.txt,2436,443216.000,Galileo,26,60.0,270.0,34.0,是
0703002-0918-11-09-gnss_raw.txt,2436,443216.000,Galileo,29,34.0,271.0,32.0,是
0703002-0918-11-09-gnss_raw.txt,2436,443216.000,QZSS,3,43.0,168.0,32.0,是
0703002-0918-11-09-gnss_raw.txt,2436,443216.000,QZSS,7,53.0,169.0,29.0,是
0703002-0918-11-09-gnss_raw.txt,2436,443216.000,BDS,1,48.0,147.0,30.0,是
0703002-0918-11-09-gnss_raw.txt,2436,443216.000,BDS,2,0.0,0.0,37.0,是
0703002-0918-11-09-gnss_raw.txt,2436,443216.000,BDS,3,0.0,0.0,32.0,是
0703002-0918-11-09-gnss_raw.txt,2436,443216.000,BDS,4,37.0,120.0,28.0,是
0703002-0918-11-09-gnss_raw.txt,2436,443216.000,BDS,6,69.0,38.0,32.0,是
0703002-0918-11-09-gnss_raw.txt,2436,443216.000,BDS,7,59.0,189.0,32.0,是
0703002-0918-11-09-gnss_raw.txt,2436,443216.000,BDS,10,49.0,190.0,30.0,是
0703002-0918-11-09-gnss_raw.txt,2436,443216.000,BDS,11,0.0,0.0,18.0,是
0703002-0918-11-09-gnss_raw.txt,2436,443216.000,BDS,20,58.0,29.0,34.0,是
0703002-0918-11-09-gnss_raw.txt,2436,443216.000,BDS,29,21.0,231.0,34.0,是
0703002-0918-11-09-gnss_raw.txt,2436,443216.000,BDS,35,17.0,285.0,27.0,是
0703002-0918-11-09-gnss_raw.txt,2436,443216.000,BDS,37,46.0,77.0,31.0,是
0703002-0918-11-09-gnss_raw.txt,2436,443217.000,GPS,13,27.0,135.0,27.0,是
0703002-0918-11-09-gnss_raw.txt,2436,443217.000,GPS,15,0.0,0.0,32.0,是
0703002-0918-11-09-gnss_raw.txt,2436,443217.000,GPS,18,46.0,214.0,33.0,是
0703002-0918-11-09-gnss_raw.txt,2436,443217.000,GPS,20,0.0,0.0,25.0,是
0703002-0918-11-09-gnss_raw.txt,2436,443217.000,GPS,24,65.0,45.0,34.0,是
0703002-0918-11-09-gnss_raw.txt,2436,443217.000,GPS,32,0.0,0.0,25.0,是
0703002-0918-11-09-gnss_raw.txt,2436,443217.000,GLONASS,68,20.0,68.0,30.0,是
0703002-0918-11-09-gnss_raw.txt,2436,443217.000,GLONASS,69,45.0,15.0,35.0,是
0703002-0918-11-09-gnss_raw.txt,2436,443217.000,GLONASS,79,0.0,0.0,26.0,是
0703002-0918-11-09-gnss_raw.txt,2436,443217.000,GLONASS,80,26.0,160.0,32.0,是
0703002-0918-11-09-gnss_raw.txt,2436,443217.000,GLONASS,84,36.0,240.0,31.0,是
0703002-0918-11-09-gnss_raw.txt,2436,443217.000,GLONASS,85,0.0,0.0,33.0,是
0703002-0918-11-09-gnss_raw.txt,2436,443217.000,Galileo,13,0.0,0.0,33.0,是
0703002-0918-11-09-gnss_raw.txt,2436,443217.000,Galileo,26,60.0,270.0,34.0,是
0703002-0918-11-09-gnss_raw.txt,2436,443217.000,Galileo,29,34.0,271.0,27.0,是
0703002-0918-11-09-gnss_raw.txt,2436,443217.000,QZSS,3,43.0,168.0,32.0,是
0703002-0918-11-09-gnss_raw.txt,2436,443217.000,QZSS,7,53.0,169.0,28.0,是
0703002-0918-11-09-gnss_raw.txt,2436,443217.000,BDS,1,48.0,147.0,30.0,是
0703002-0918-11-09-gnss_raw.txt,2436,443217.000,BDS,2,0.0,0.0,38.0,是
0703002-0918-11-09-gnss_raw.txt,2436,443217.000,BDS,3,0.0,0.0,32.0,是
0703002-0918-11-09-gnss_raw.txt,2436,443217.000,BDS,4,0.0,0.0,30.0,是
0703002-0918-11-09-gnss_raw.txt,2436,443217.000,BDS,6,69.0,38.0,32.0,是
0703002-0918-11-09-gnss_raw.txt,2436,443217.000,BDS,7,59.0,189.0,31.0,是
0703002-0918-11-09-gnss_raw.txt,2436,443217.000,BDS,10,49.0,190.0,30.0,是
0703002-0918-11-09-gnss_raw.txt,2436,443217.000,BDS,11,0.0,0.0,18.0,是
0703002-0918-11-09-gnss_raw.txt,2436,443217.000,BDS,20,58.0,29.0,34.0,是
0703002-0918-11-09-gnss_raw.txt,2436,443217.000,BDS,29,21.0,231.0,31.0,是
0703002-0918-11-09-gnss_raw.txt,2436,443217.000,BDS,35,17.0,285.0,28.0,是
0703002-0918-11-09-gnss_raw.txt,2436,443217.000,BDS,37,46.0,77.0,31.0,是
0703002-0918-11-09-gnss_raw.txt,2436,443218.000,GPS,13,27.0,135.0,28.0,是
0703002-0918-11-09-gnss_raw.txt,2436,443218.000,GPS,15,0.0,0.0,33.0,是
0703002-0918-11-09-gnss_raw.txt,2436,443218.000,GPS,18,46.0,214.0,33.0,是
0703002-0918-11-09-gnss_raw.txt,2436,443218.000,GPS,20,0.0,0.0,23.0,是
0703002-0918-11-09-gnss_raw.txt,2436,443218.000,GPS,24,65.0,45.0,34.0,是
0703002-0918-11-09-gnss_raw.txt,2436,443218.000,GPS,32,0.0,0.0,23.0,是
0703002-0918-11-09-gnss_raw.txt,2436,443218.000,GLONASS,68,20.0,68.0,27.0,是
0703002-0918-11-09-gnss_raw.txt,2436,443218.000,GLONASS,69,45.0,15.0,36.0,是
0703002-0918-11-09-gnss_raw.txt,2436,443218.000,GLONASS,79,47.0,93.0,25.0,是
0703002-0918-11-09-gnss_raw.txt,2436,443218.000,GLONASS,80,26.0,160.0,31.0,是
0703002-0918-11-09-gnss_raw.txt,2436,443218.000,GLONASS,84,36.0,240.0,32.0,是
0703002-0918-11-09-gnss_raw.txt,2436,443218.000,GLONASS,85,0.0,0.0,33.0,是
0703002-0918-11-09-gnss_raw.txt,2436,443218.000,Galileo,13,0.0,0.0,34.0,是
0703002-0918-11-09-gnss_raw.txt,2436,443218.000,Galileo,26,60.0,270.0,34.0,是
0703002-0918-11-09-gnss_raw.txt,2436,443218.000,Galileo,29,34.0,271.0,28.0,是
0703002-0918-11-09-gnss_raw.txt,2436,443218.000,QZSS,3,43.0,168.0,32.0,是
0703002-0918-11-09-gnss_raw.txt,2436,443218.000,QZSS,7,53.0,169.0,27.0,是
0703002-0918-11-09-gnss_raw.txt,2436,443218.000,BDS,1,48.0,147.0,30.0,是
0703002-0918-11-09-gnss_raw.txt,2436,443218.000,BDS,2,0.0,0.0,37.0,是
0703002-0918-11-09-gnss_raw.txt,2436,443218.000,BDS,3,0.0,0.0,30.0,是
0703002-0918-11-09-gnss_raw.txt,2436,443218.000,BDS,4,37.0,120.0,29.0,是
0703002-0918-11-09-gnss_raw.txt,2436,443218.000,BDS,6,69.0,38.0,32.0,是
0703002-0918-11-09-gnss_raw.txt,2436,443218.000,BDS,7,59.0,189.0,32.0,是
0703002-0918-11-09-gnss_raw.txt,2436,443218.000,BDS,10,49.0,190.0,30.0,是
0703002-0918-11-09-gnss_raw.txt,2436,443218.000,BDS,11,0.0,0.0,34.0,是
0703002-0918-11-09-gnss_raw.txt,2436,443218.000,BDS,20,58.0,29.0,34.0,是
0703002-0918-11-09-gnss_raw.txt,2436,443218.000,BDS,29,21.0,231.0,33.0,是
0703002-0918-11-09-gnss_raw.txt,2436,443218.000,BDS,35,17.0,285.0,28.0,是
0703002-0918-11-09-gnss_raw.txt,2436,443218.000,BDS,37,46.0,77.0,31.0,是
0703002-0918-11-09-gnss_raw.txt,2436,443219.000,GPS,13,27.0,135.0,29.0,是
0703002-0918-11-09-gnss_raw.txt,2436,443219.000,GPS,15,0.0,0.0,34.0,是
0703002-0918-11-09-gnss_raw.txt,2436,443219.000,GPS,18,46.0,214.0,32.0,是
0703002-0918-11-09-gnss_raw.txt,2436,443219.000,GPS,20,0.0,0.0,24.0,是
0703002-0918-11-09-gnss_raw.txt,2436,443219.000,GPS,24,65.0,45.0,34.0,是
0703002-0918-11-09-gnss_raw.txt,2436,443219.000,GPS,32,0.0,0.0,20.0,是
0703002-0918-11-09-gnss_raw.txt,2436,443219.000,GLONASS,68,20.0,68.0,27.0,是
0703002-0918-11-09-gnss_raw.txt,2436,443219.000,GLONASS,69,45.0,15.0,37.0,是
0703002-0918-11-09-gnss_raw.txt,2436,443219.000,GLONASS,79,47.0,93.0,24.0,是
0703002-0918-11-09-gnss_raw.txt,2436,443219.000,GLONASS,80,26.0,160.0,28.0,是
0703002-0918-11-09-gnss_raw.txt,2436,443219.000,GLONASS,84,36.0,240.0,33.0,是
0703002-0918-11-09-gnss_raw.txt,2436,443219.000,GLONASS,85,0.0,0.0,34.0,是
0703002-0918-11-09-gnss_raw.txt,2436,443219.000,Galileo,13,0.0,0.0,33.0,是
0703002-0918-11-09-gnss_raw.txt,2436,443219.000,Galileo,26,60.0,270.0,34.0,是
0703002-0918-11-09-gnss_raw.txt,2436,443219.000,Galileo,29,34.0,271.0,30.0,是
0703002-0918-11-09-gnss_raw.txt,2436,443219.000,QZSS,3,43.0,168.0,33.0,是
0703002-0918-11-09-gnss_raw.txt,2436,443219.000,QZSS,7,53.0,169.0,28.0,是
0703002-0918-11-09-gnss_raw.txt,2436,443219.000,BDS,1,48.0,147.0,31.0,是
0703002-0918-11-09-gnss_raw.txt,2436,443219.000,BDS,2,0.0,0.0,37.0,是
0703002-0918-11-09-gnss_raw.txt,2436,443219.000,BDS,3,0.0,0.0,29.0,是
0703002-0918-11-09-gnss_raw.txt,2436,443219.000,BDS,4,37.0,120.0,29.0,是
0703002-0918-11-09-gnss_raw.txt,2436,443219.000,BDS,6,69.0,38.0,32.0,是
0703002-0918-11-09-gnss_raw.txt,2436,443219.000,BDS,7,59.0,189.0,32.0,是
0703002-0918-11-09-gnss_raw.txt,2436,443219.000,BDS,10,49.0,190.0,29.0,是
0703002-0918-11-09-gnss_raw.txt,2436,443219.000,BDS,11,0.0,0.0,34.0,是
0703002-0918-11-09-gnss_raw.txt,2436,443219.000,BDS,20,58.0,29.0,34.0,是
0703002-0918-11-09-gnss_raw.txt,2436,443219.000,BDS,29,21.0,231.0,28.0,是
0703002-0918-11-09-gnss_raw.txt,2436,443219.000,BDS,35,17.0,285.0,29.0,是
0703002-0918-11-09-gnss_raw.txt,2436,443219.000,BDS,37,46.0,77.0,29.0,是
0703002-0918-11-09-gnss_raw.txt,2436,443220.000,GPS,13,27.0,135.0,30.0,是
0703002-0918-11-09-gnss_raw.txt,2436,443220.000,GPS,15,0.0,0.0,34.0,是
0703002-0918-11-09-gnss_raw.txt,2436,443220.000,GPS,18,46.0,214.0,32.0,是
0703002-0918-11-09-gnss_raw.txt,2436,443220.000,GPS,20,0.0,0.0,23.0,是
0703002-0918-11-09-gnss_raw.txt,2436,443220.000,GPS,24,65.0,45.0,34.0,是
0703002-0918-11-09-gnss_raw.txt,2436,443220.000,GPS,32,0.0,0.0,19.0,是
0703002-0918-11-09-gnss_raw.txt,2436,443220.000,GLONASS,68,20.0,68.0,24.0,是
0703002-0918-11-09-gnss_raw.txt,2436,443220.000,GLONASS,69,45.0,15.0,38.0,是
0703002-0918-11-09-gnss_raw.txt,2436,443220.000,GLONASS,79,47.0,93.0,24.0,是
0703002-0918-11-09-gnss_raw.txt,2436,443220.000,GLONASS,80,26.0,160.0,29.0,是
0703002-0918-11-09-gnss_raw.txt,2436,443220.000,GLONASS,84,36.0,240.0,33.0,是
0703002-0918-11-09-gnss_raw.txt,2436,443220.000,GLONASS,85,0.0,0.0,34.0,是
0703002-0918-11-09-gnss_raw.txt,2436,443220.000,Galileo,13,0.0,0.0,34.0,是
0703002-0918-11-09-gnss_raw.txt,2436,443220.000,Galileo,26,60.0,270.0,34.0,是
0703002-0918-11-09-gnss_raw.txt,2436,443220.000,Galileo,29,34.0,271.0,30.0,是
0703002-0918-11-09-gnss_raw.txt,2436,443220.000,QZSS,3,43.0,168.0,32.0,是
0703002-0918-11-09-gnss_raw.txt,2436,443220.000,QZSS,7,53.0,169.0,29.0,是
0703002-0918-11-09-gnss_raw.txt,2436,443220.000,BDS,1,48.0,147.0,30.0,是
0703002-0918-11-09-gnss_raw.txt,2436,443220.000,BDS,2,0.0,0.0,36.0,是
0703002-0918-11-09-gnss_raw.txt,2436,443220.000,BDS,3,0.0,0.0,31.0,是
0703002-0918-11-09-gnss_raw.txt,2436,443220.000,BDS,4,37.0,120.0,29.0,是
0703002-0918-11-09-gnss_raw.txt,2436,443220.000,BDS,6,69.0,38.0,32.0,是
0703002-0918-11-09-gnss_raw.txt,2436,443220.000,BDS,7,59.0,189.0,32.0,是
0703002-0918-11-09-gnss_raw.txt,2436,443220.000,BDS,10,49.0,190.0,30.0,是
0703002-0918-11-09-gnss_raw.txt,2436,443220.000,BDS,11,0.0,0.0,33.0,是
0703002-0918-11-09-gnss_raw.txt,2436,443220.000,BDS,20,58.0,29.0,34.0,是
0703002-0918-11-09-gnss_raw.txt,2436,443220.000,BDS,29,21.0,231.0,25.0,是
0703002-0918-11-09-gnss_raw.txt,2436,443220.000,BDS,35,17.0,285.0,29.0,是
0703002-0918-11-09-gnss_raw.txt,2436,443220.000,BDS,37,46.0,77.0,29.0,是
0703002-0918-11-09-gnss_raw.txt,2436,443221.000,GPS,13,27.0,135.0,30.0,是
0703002-0918-11-09-gnss_raw.txt,2436,443221.000,GPS,15,0.0,0.0,33.0,是
0703002-0918-11-09-gnss_raw.txt,2436,443221.000,GPS,18,46.0,214.0,33.0,是
0703002-0918-11-09-gnss_raw.txt,2436,443221.000,GPS,20,0.0,0.0,23.0,是
0703002-0918-11-09-gnss_raw.txt,2436,443221.000,GPS,24,65.0,45.0,34.0,是
0703002-0918-11-09-gnss_raw.txt,2436,443221.000,GPS,32,0.0,0.0,21.0,是
0703002-0918-11-09-gnss_raw.txt,2436,443221.000,GLONASS,68,20.0,68.0,27.0,是
0703002-0918-11-09-gnss_raw.txt,2436,443221.000,GLONASS,69,45.0,15.0,38.0,是
0703002-0918-11-09-gnss_raw.txt,2436,443221.000,GLONASS,79,47.0,93.0,24.0,是
0703002-0918-11-09-gnss_raw.txt,2436,443221.000,GLONASS,80,26.0,160.0,33.0,是
0703002-0918-11-09-gnss_raw.txt,2436,443221.000,GLONASS,84,36.0,240.0,33.0,是
0703002-0918-11-09-gnss_raw.txt,2436,443221.000,GLONASS,85,0.0,0.0,32.0,是
0703002-0918-11-09-gnss_raw.txt,2436,443221.000,Galileo,13,0.0,0.0,33.0,是
0703002-0918-11-09-gnss_raw.txt,2436,443221.000,Galileo,26,60.0,270.0,33.0,是
0703002-0918-11-09-gnss_raw.txt,2436,443221.000,Galileo,29,34.0,271.0,29.0,是
0703002-0918-11-09-gnss_raw.txt,2436,443221.000,QZSS,3,43.0,168.0,32.0,是
0703002-0918-11-09-gnss_raw.txt,2436,443221.000,QZSS,7,53.0,169.0,28.0,是
0703002-0918-11-09-gnss_raw.txt,2436,443221.000,BDS,1,48.0,147.0,29.0,是
0703002-0918-11-09-gnss_raw.txt,2436,443221.000,BDS,2,0.0,0.0,38.0,是
0703002-0918-11-09-gnss_raw.txt,2436,443221.000,BDS,3,0.0,0.0,30.0,是
0703002-0918-11-09-gnss_raw.txt,2436,443221.000,BDS,4,37.0,120.0,28.0,是
0703002-0918-11-09-gnss_raw.txt,2436,443221.000,BDS,6,69.0,38.0,32.0,是
0703002-0918-11-09-gnss_raw.txt,2436,443221.000,BDS,7,59.0,189.0,32.0,是
0703002-0918-11-09-gnss_raw.txt,2436,443221.000,BDS,10,49.0,190.0,30.0,是
0703002-0918-11-09-gnss_raw.txt,2436,443221.000,BDS,11,0.0,0.0,33.0,是
0703002-0918-11-09-gnss_raw.txt,2436,443221.000,BDS,20,58.0,29.0,33.0,是
0703002-0918-11-09-gnss_raw.txt,2436,443221.000,BDS,29,21.0,231.0,25.0,是
0703002-0918-11-09-gnss_raw.txt,2436,443221.000,BDS,35,17.0,285.0,28.0,是
0703002-0918-11-09-gnss_raw.txt,2436,443221.000,BDS,37,46.0,77.0,30.0,是
0703002-0918-11-09-gnss_raw.txt,2436,443222.000,GPS,13,27.0,135.0,29.0,是
0703002-0918-11-09-gnss_raw.txt,2436,443222.000,GPS,15,0.0,0.0,33.0,是
0703002-0918-11-09-gnss_raw.txt,2436,443222.000,GPS,18,46.0,214.0,33.0,是
0703002-0918-11-09-gnss_raw.txt,2436,443222.000,GPS,20,0.0,0.0,21.0,是
0703002-0918-11-09-gnss_raw.txt,2436,443222.000,GPS,24,65.0,45.0,34.0,是
0703002-0918-11-09-gnss_raw.txt,2436,443222.000,GPS,32,0.0,0.0,25.0,是
0703002-0918-11-09-gnss_raw.txt,2436,443222.000,GLONASS,68,20.0,68.0,25.0,是
0703002-0918-11-09-gnss_raw.txt,2436,443222.000,GLONASS,69,45.0,15.0,39.0,是
0703002-0918-11-09-gnss_raw.txt,2436,443222.000,GLONASS,79,47.0,93.0,24.0,是
0703002-0918-11-09-gnss_raw.txt,2436,443222.000,GLONASS,80,26.0,160.0,36.0,是
0703002-0918-11-09-gnss_raw.txt,2436,443222.000,GLONASS,84,36.0,240.0,36.0,是
0703002-0918-11-09-gnss_raw.txt,2436,443222.000,GLONASS,85,0.0,0.0,34.0,是
0703002-0918-11-09-gnss_raw.txt,2436,443222.000,Galileo,13,0.0,0.0,33.0,是
0703002-0918-11-09-gnss_raw.txt,2436,443222.000,Galileo,26,60.0,270.0,33.0,是
0703002-0918-11-09-gnss_raw.txt,2436,443222.000,Galileo,29,34.0,271.0,32.0,是
0703002-0918-11-09-gnss_raw.txt,2436,443222.000,QZSS,3,43.0,168.0,31.0,是
0703002-0918-11-09-gnss_raw.txt,2436,443222.000,QZSS,7,53.0,169.0,27.0,是
0703002-0918-11-09-gnss_raw.txt,2436,443222.000,BDS,1,48.0,147.0,31.0,是
0703002-0918-11-09-gnss_raw.txt,2436,443222.000,BDS,2,0.0,0.0,27.0,是
0703002-0918-11-09-gnss_raw.txt,2436,443222.000,BDS,3,0.0,0.0,31.0,是
0703002-0918-11-09-gnss_raw.txt,2436,443222.000,BDS,4,37.0,120.0,29.0,是
0703002-0918-11-09-gnss_raw.txt,2436,443222.000,BDS,6,69.0,38.0,32.0,是
0703002-0918-11-09-gnss_raw.txt,2436,443222.000,BDS,7,59.0,189.0,32.0,是
0703002-0918-11-09-gnss_raw.txt,2436,443222.000,BDS,10,49.0,190.0,29.0,是
0703002-0918-11-09-gnss_raw.txt,2436,443222.000,BDS,11,0.0,0.0,31.0,是
0703002-0918-11-09-gnss_raw.txt,2436,443222.000,BDS,20,58.0,29.0,34.0,是
0703002-0918-11-09-gnss_raw.txt,2436,443222.000,BDS,29,21.0,231.0,28.0,是
0703002-0918-11-09-gnss_raw.txt,2436,443222.000,BDS,35,17.0,285.0,27.0,是
0703002-0918-11-09-gnss_raw.txt,2436,443222.000,BDS,37,46.0,77.0,31.0,是
0703002-0918-11-09-gnss_raw.txt,2436,443223.000,GPS,13,27.0,135.0,29.0,是
0703002-0918-11-09-gnss_raw.txt,2436,443223.000,GPS,15,0.0,0.0,33.0,是
0703002-0918-11-09-gnss_raw.txt,2436,443223.000,GPS,18,46.0,214.0,33.0,是
0703002-0918-11-09-gnss_raw.txt,2436,443223.000,GPS,20,0.0,0.0,20.0,是
0703002-0918-11-09-gnss_raw.txt,2436,443223.000,GPS,24,65.0,45.0,35.0,是
0703002-0918-11-09-gnss_raw.txt,2436,443223.000,GPS,32,0.0,0.0,26.0,是
0703002-0918-11-09-gnss_raw.txt,2436,443223.000,GLONASS,68,20.0,68.0,25.0,是
0703002-0918-11-09-gnss_raw.txt,2436,443223.000,GLONASS,69,45.0,15.0,39.0,是
0703002-0918-11-09-gnss_raw.txt,2436,443223.000,GLONASS,79,0.0,0.0,22.0,是
0703002-0918-11-09-gnss_raw.txt,2436,443223.000,GLONASS,80,26.0,160.0,33.0,是
0703002-0918-11-09-gnss_raw.txt,2436,443223.000,GLONASS,84,36.0,240.0,36.0,是
0703002-0918-11-09-gnss_raw.txt,2436,443223.000,GLONASS,85,0.0,0.0,32.0,是
0703002-0918-11-09-gnss_raw.txt,2436,443223.000,Galileo,13,0.0,0.0,33.0,是
0703002-0918-11-09-gnss_raw.txt,2436,443223.000,Galileo,26,60.0,270.0,34.0,是
0703002-0918-11-09-gnss_raw.txt,2436,443223.000,Galileo,29,34.0,271.0,31.0,是
0703002-0918-11-09-gnss_raw.txt,2436,443223.000,QZSS,3,43.0,168.0,32.0,是
0703002-0918-11-09-gnss_raw.txt,2436,443223.000,QZSS,7,53.0,169.0,27.0,是
0703002-0918-11-09-gnss_raw.txt,2436,443223.000,BDS,1,48.0,147.0,30.0,是
0703002-0918-11-09-gnss_raw.txt,2436,443223.000,BDS,2,0.0,0.0,29.0,是
0703002-0918-11-09-gnss_raw.txt,2436,443223.000,BDS,3,0.0,0.0,30.0,是
0703002-0918-11-09-gnss_raw.txt,2436,443223.000,BDS,4,37.0,120.0,27.0,是
0703002-0918-11-09-gnss_raw.txt,2436,443223.000,BDS,6,69.0,38.0,32.0,是
0703002-0918-11-09-gnss_raw.txt,2436,443223.000,BDS,7,59.0,189.0,32.0,是
0703002-0918-11-09-gnss_raw.txt,2436,443223.000,BDS,10,49.0,190.0,29.0,是
0703002-0918-11-09-gnss_raw.txt,2436,443223.000,BDS,11,0.0,0.0,32.0,是
0703002-0918-11-09-gnss_raw.txt,2436,443223.000,BDS,20,58.0,29.0,34.0,是
0703002-0918-11-09-gnss_raw.txt,2436,443223.000,BDS,29,21.0,231.0,29.0,是
0703002-0918-11-09-gnss_raw.txt,2436,443223.000,BDS,35,17.0,285.0,27.0,是
0703002-0918-11-09-gnss_raw.txt,2436,443223.000,BDS,37,46.0,77.0,31.0,是
0703002-0918-11-09-gnss_raw.txt,2436,443224.000,GPS,13,27.0,135.0,30.0,是
0703002-0918-11-09-gnss_raw.txt,2436,443224.000,GPS,15,0.0,0.0,31.0,是
0703002-0918-11-09-gnss_raw.txt,2436,443224.000,GPS,18,46.0,214.0,33.0,是
0703002-0918-11-09-gnss_raw.txt,2436,443224.000,GPS,20,0.0,0.0,20.0,是
0703002-0918-11-09-gnss_raw.txt,2436,443224.000,GPS,24,65.0,45.0,35.0,是
0703002-0918-11-09-gnss_raw.txt,2436,443224.000,GPS,32,0.0,0.0,24.0,是
0703002-0918-11-09-gnss_raw.txt,2436,443224.000,GLONASS,68,20.0,68.0,23.0,是
0703002-0918-11-09-gnss_raw.txt,2436,443224.000,GLONASS,69,45.0,15.0,39.0,是
0703002-0918-11-09-gnss_raw.txt,2436,443224.000,GLONASS,79,47.0,93.0,25.0,是
0703002-0918-11-09-gnss_raw.txt,2436,443224.000,GLONASS,80,26.0,160.0,34.0,是
0703002-0918-11-09-gnss_raw.txt,2436,443224.000,GLONASS,84,36.0,240.0,34.0,是
0703002-0918-11-09-gnss_raw.txt,2436,443224.000,GLONASS,85,0.0,0.0,34.0,是
0703002-0918-11-09-gnss_raw.txt,2436,443224.000,Galileo,13,0.0,0.0,34.0,是
0703002-0918-11-09-gnss_raw.txt,2436,443224.000,Galileo,26,60.0,270.0,35.0,是
0703002-0918-11-09-gnss_raw.txt,2436,443224.000,Galileo,29,34.0,271.0,29.0,是
0703002-0918-11-09-gnss_raw.txt,2436,443224.000,QZSS,3,43.0,168.0,31.0,是
0703002-0918-11-09-gnss_raw.txt,2436,443224.000,QZSS,7,53.0,169.0,27.0,是
0703002-0918-11-09-gnss_raw.txt,2436,443224.000,BDS,1,48.0,147.0,31.0,是
0703002-0918-11-09-gnss_raw.txt,2436,443224.000,BDS,2,0.0,0.0,28.0,是
0703002-0918-11-09-gnss_raw.txt,2436,443224.000,BDS,3,0.0,0.0,31.0,是
0703002-0918-11-09-gnss_raw.txt,2436,443224.000,BDS,4,37.0,120.0,25.0,是
0703002-0918-11-09-gnss_raw.txt,2436,443224.000,BDS,6,69.0,38.0,32.0,是
0703002-0918-11-09-gnss_raw.txt,2436,443224.000,BDS,7,59.0,189.0,32.0,是
0703002-0918-11-09-gnss_raw.txt,2436,443224.000,BDS,10,49.0,190.0,30.0,是
0703002-0918-11-09-gnss_raw.txt,2436,443224.000,BDS,11,0.0,0.0,33.0,是
0703002-0918-11-09-gnss_raw.txt,2436,443224.000,BDS,20,58.0,29.0,34.0,是
0703002-0918-11-09-gnss_raw.txt,2436,443224.000,BDS,29,21.0,231.0,29.0,是
0703002-0918-11-09-gnss_raw.txt,2436,443224.000,BDS,35,17.0,285.0,26.0,是
0703002-0918-11-09-gnss_raw.txt,2436,443224.000,BDS,37,46.0,77.0,29.0,是
0703002-0918-11-09-gnss_raw.txt,2436,443225.000,GPS,13,27.0,135.0,31.0,是
0703002-0918-11-09-gnss_raw.txt,2436,443225.000,GPS,15,0.0,0.0,31.0,是
0703002-0918-11-09-gnss_raw.txt,2436,443225.000,GPS,18,46.0,214.0,33.0,是
0703002-0918-11-09-gnss_raw.txt,2436,443225.000,GPS,20,0.0,0.0,21.0,是
0703002-0918-11-09-gnss_raw.txt,2436,443225.000,GPS,24,65.0,45.0,35.0,是
0703002-0918-11-09-gnss_raw.txt,2436,443225.000,GPS,32,0.0,0.0,26.0,是
0703002-0918-11-09-gnss_raw.txt,2436,443225.000,GLONASS,68,20.0,68.0,28.0,是
0703002-0918-11-09-gnss_raw.txt,2436,443225.000,GLONASS,69,45.0,15.0,38.0,是
0703002-0918-11-09-gnss_raw.txt,2436,443225.000,GLONASS,79,47.0,93.0,28.0,是
0703002-0918-11-09-gnss_raw.txt,2436,443225.000,GLONASS,80,26.0,160.0,33.0,是
0703002-0918-11-09-gnss_raw.txt,2436,443225.000,GLONASS,84,36.0,240.0,35.0,是
0703002-0918-11-09-gnss_raw.txt,2436,443225.000,GLONASS,85,0.0,0.0,34.0,是
0703002-0918-11-09-gnss_raw.txt,2436,443225.000,Galileo,13,0.0,0.0,35.0,是
0703002-0918-11-09-gnss_raw.txt,2436,443225.000,Galileo,26,60.0,270.0,34.0,是
0703002-0918-11-09-gnss_raw.txt,2436,443225.000,Galileo,29,34.0,271.0,30.0,是
0703002-0918-11-09-gnss_raw.txt,2436,443225.000,QZSS,3,43.0,168.0,32.0,是
0703002-0918-11-09-gnss_raw.txt,2436,443225.000,QZSS,7,53.0,169.0,27.0,是
0703002-0918-11-09-gnss_raw.txt,2436,443225.000,BDS,1,48.0,147.0,32.0,是
0703002-0918-11-09-gnss_raw.txt,2436,443225.000,BDS,2,0.0,0.0,29.0,是
0703002-0918-11-09-gnss_raw.txt,2436,443225.000,BDS,3,0.0,0.0,30.0,是
0703002-0918-11-09-gnss_raw.txt,2436,443225.000,BDS,4,37.0,120.0,35.0,是
0703002-0918-11-09-gnss_raw.txt,2436,443225.000,BDS,6,69.0,39.0,32.0,是
0703002-0918-11-09-gnss_raw.txt,2436,443225.000,BDS,7,59.0,189.0,32.0,是
0703002-0918-11-09-gnss_raw.txt,2436,443225.000,BDS,10,49.0,190.0,30.0,是
0703002-0918-11-09-gnss_raw.txt,2436,443225.000,BDS,11,0.0,0.0,34.0,是
0703002-0918-11-09-gnss_raw.txt,2436,443225.000,BDS,20,58.0,29.0,33.0,是
0703002-0918-11-09-gnss_raw.txt,2436,443225.000,BDS,29,21.0,231.0,27.0,是
0703002-0918-11-09-gnss_raw.txt,2436,443225.000,BDS,35,17.0,285.0,28.0,是
0703002-0918-11-09-gnss_raw.txt,2436,443225.000,BDS,37,46.0,77.0,29.0,是
0703002-0918-11-09-gnss_raw.txt,2436,443226.000,GPS,13,27.0,135.0,29.0,是
0703002-0918-11-09-gnss_raw.txt,2436,443226.000,GPS,15,0.0,0.0,31.0,是
0703002-0918-11-09-gnss_raw.txt,2436,443226.000,GPS,18,46.0,214.0,33.0,是
0703002-0918-11-09-gnss_raw.txt,2436,443226.000,GPS,20,0.0,0.0,23.0,是
0703002-0918-11-09-gnss_raw.txt,2436,443226.000,GPS,24,65.0,45.0,35.0,是
0703002-0918-11-09-gnss_raw.txt,2436,443226.000,GPS,32,0.0,0.0,27.0,是
0703002-0918-11-09-gnss_raw.txt,2436,443226.000,GLONASS,68,20.0,68.0,28.0,是
0703002-0918-11-09-gnss_raw.txt,2436,443226.000,GLONASS,69,45.0,15.0,38.0,是
0703002-0918-11-09-gnss_raw.txt,2436,443226.000,GLONASS,79,0.0,0.0,29.0,是
0703002-0918-11-09-gnss_raw.txt,2436,443226.000,GLONASS,80,26.0,160.0,29.0,是
0703002-0918-11-09-gnss_raw.txt,2436,443226.000,GLONASS,84,36.0,240.0,34.0,是
0703002-0918-11-09-gnss_raw.txt,2436,443226.000,GLONASS,85,0.0,0.0,34.0,是
0703002-0918-11-09-gnss_raw.txt,2436,443226.000,Galileo,13,0.0,0.0,32.0,是
0703002-0918-11-09-gnss_raw.txt,2436,443226.000,Galileo,26,60.0,270.0,34.0,是
0703002-0918-11-09-gnss_raw.txt,2436,443226.000,Galileo,29,34.0,271.0,31.0,是
0703002-0918-11-09-gnss_raw.txt,2436,443226.000,QZSS,3,43.0,168.0,31.0,是
0703002-0918-11-09-gnss_raw.txt,2436,443226.000,QZSS,7,53.0,169.0,27.0,是
0703002-0918-11-09-gnss_raw.txt,2436,443226.000,BDS,1,48.0,147.0,27.0,是
0703002-0918-11-09-gnss_raw.txt,2436,443226.000,BDS,2,0.0,0.0,29.0,是
0703002-0918-11-09-gnss_raw.txt,2436,443226.000,BDS,3,0.0,0.0,32.0,是
0703002-0918-11-09-gnss_raw.txt,2436,443226.000,BDS,4,37.0,120.0,30.0,是
0703002-0918-11-09-gnss_raw.txt,2436,443226.000,BDS,6,69.0,39.0,32.0,是
0703002-0918-11-09-gnss_raw.txt,2436,443226.000,BDS,7,59.0,189.0,32.0,是
0703002-0918-11-09-gnss_raw.txt,2436,443226.000,BDS,10,49.0,190.0,31.0,是
0703002-0918-11-09-gnss_raw.txt,2436,443226.000,BDS,11,0.0,0.0,34.0,是
0703002-0918-11-09-gnss_raw.txt,2436,443226.000,BDS,20,58.0,29.0,33.0,是
0703002-0918-11-09-gnss_raw.txt,2436,443226.000,BDS,29,21.0,231.0,26.0,是
0703002-0918-11-09-gnss_raw.txt,2436,443226.000,BDS,35,17.0,285.0,29.0,是
0703002-0918-11-09-gnss_raw.txt,2436,443226.000,BDS,37,46.0,77.0,29.0,是
0703002-0918-11-09-gnss_raw.txt,2436,443227.000,GPS,13,27.0,135.0,28.0,是
0703002-0918-11-09-gnss_raw.txt,2436,443227.000,GPS,15,0.0,0.0,29.0,是
0703002-0918-11-09-gnss_raw.txt,2436,443227.000,GPS,18,46.0,214.0,34.0,是
0703002-0918-11-09-gnss_raw.txt,2436,443227.000,GPS,20,0.0,0.0,22.0,是
0703002-0918-11-09-gnss_raw.txt,2436,443227.000,GPS,24,65.0,45.0,35.0,是
0703002-0918-11-09-gnss_raw.txt,2436,443227.000,GPS,32,0.0,0.0,27.0,是
0703002-0918-11-09-gnss_raw.txt,2436,443227.000,GLONASS,68,20.0,68.0,26.0,是
0703002-0918-11-09-gnss_raw.txt,2436,443227.000,GLONASS,69,45.0,15.0,36.0,是
0703002-0918-11-09-gnss_raw.txt,2436,443227.000,GLONASS,79,47.0,93.0,27.0,是
0703002-0918-11-09-gnss_raw.txt,2436,443227.000,GLONASS,80,26.0,160.0,34.0,是
0703002-0918-11-09-gnss_raw.txt,2436,443227.000,GLONASS,84,36.0,240.0,34.0,是
0703002-0918-11-09-gnss_raw.txt,2436,443227.000,GLONASS,85,0.0,0.0,35.0,是
0703002-0918-11-09-gnss_raw.txt,2436,443227.000,Galileo,13,0.0,0.0,34.0,是
0703002-0918-11-09-gnss_raw.txt,2436,443227.000,Galileo,26,60.0,270.0,34.0,是
0703002-0918-11-09-gnss_raw.txt,2436,443227.000,Galileo,29,34.0,271.0,32.0,是
0703002-0918-11-09-gnss_raw.txt,2436,443227.000,QZSS,3,43.0,168.0,32.0,是
0703002-0918-11-09-gnss_raw.txt,2436,443227.000,QZSS,7,53.0,169.0,27.0,是
0703002-0918-11-09-gnss_raw.txt,2436,443227.000,BDS,1,48.0,147.0,29.0,是
0703002-0918-11-09-gnss_raw.txt,2436,443227.000,BDS,2,0.0,0.0,25.0,是
0703002-0918-11-09-gnss_raw.txt,2436,443227.000,BDS,3,0.0,0.0,31.0,是
0703002-0918-11-09-gnss_raw.txt,2436,443227.000,BDS,4,37.0,120.0,27.0,是
0703002-0918-11-09-gnss_raw.txt,2436,443227.000,BDS,6,69.0,39.0,32.0,是
0703002-0918-11-09-gnss_raw.txt,2436,443227.000,BDS,7,59.0,189.0,33.0,是
0703002-0918-11-09-gnss_raw.txt,2436,443227.000,BDS,10,49.0,190.0,32.0,是
0703002-0918-11-09-gnss_raw.txt,2436,443227.000,BDS,11,0.0,0.0,33.0,是
0703002-0918-11-09-gnss_raw.txt,2436,443227.000,BDS,20,58.0,29.0,32.0,是
0703002-0918-11-09-gnss_raw.txt,2436,443227.000,BDS,29,21.0,231.0,24.0,是
0703002-0918-11-09-gnss_raw.txt,2436,443227.000,BDS,35,17.0,285.0,29.0,是
0703002-0918-11-09-gnss_raw.txt,2436,443227.000,BDS,37,46.0,77.0,28.0,是
0703002-0918-11-09-gnss_raw.txt,2436,443228.000,GPS,13,27.0,135.0,29.0,是
0703002-0918-11-09-gnss_raw.txt,2436,443228.000,GPS,15,0.0,0.0,31.0,是
0703002-0918-11-09-gnss_raw.txt,2436,443228.000,GPS,18,46.0,214.0,34.0,是
0703002-0918-11-09-gnss_raw.txt,2436,443228.000,GPS,20,0.0,0.0,24.0,是
0703002-0918-11-09-gnss_raw.txt,2436,443228.000,GPS,24,65.0,45.0,35.0,是
0703002-0918-11-09-gnss_raw.txt,2436,443228.000,GPS,32,0.0,0.0,27.0,是
0703002-0918-11-09-gnss_raw.txt,2436,443228.000,GLONASS,68,20.0,68.0,26.0,是
0703002-0918-11-09-gnss_raw.txt,2436,443228.000,GLONASS,69,45.0,15.0,37.0,是
0703002-0918-11-09-gnss_raw.txt,2436,443228.000,GLONASS,79,47.0,93.0,28.0,是
0703002-0918-11-09-gnss_raw.txt,2436,443228.000,GLONASS,80,26.0,160.0,35.0,是
0703002-0918-11-09-gnss_raw.txt,2436,443228.000,GLONASS,84,36.0,240.0,33.0,是
0703002-0918-11-09-gnss_raw.txt,2436,443228.000,GLONASS,85,0.0,0.0,35.0,是
0703002-0918-11-09-gnss_raw.txt,2436,443228.000,Galileo,13,0.0,0.0,34.0,是
0703002-0918-11-09-gnss_raw.txt,2436,443228.000,Galileo,26,60.0,270.0,33.0,是
0703002-0918-11-09-gnss_raw.txt,2436,443228.000,Galileo,29,34.0,271.0,31.0,是
0703002-0918-11-09-gnss_raw.txt,2436,443228.000,QZSS,3,43.0,168.0,33.0,是
0703002-0918-11-09-gnss_raw.txt,2436,443228.000,QZSS,7,53.0,169.0,27.0,是
0703002-0918-11-09-gnss_raw.txt,2436,443228.000,BDS,1,48.0,147.0,31.0,是
0703002-0918-11-09-gnss_raw.txt,2436,443228.000,BDS,2,0.0,0.0,28.0,是
0703002-0918-11-09-gnss_raw.txt,2436,443228.000,BDS,3,0.0,0.0,31.0,是
0703002-0918-11-09-gnss_raw.txt,2436,443228.000,BDS,4,37.0,120.0,35.0,是
0703002-0918-11-09-gnss_raw.txt,2436,443228.000,BDS,6,69.0,39.0,32.0,是
0703002-0918-11-09-gnss_raw.txt,2436,443228.000,BDS,7,59.0,189.0,32.0,是
0703002-0918-11-09-gnss_raw.txt,2436,443228.000,BDS,10,49.0,190.0,32.0,是
0703002-0918-11-09-gnss_raw.txt,2436,443228.000,BDS,11,0.0,0.0,33.0,是
0703002-0918-11-09-gnss_raw.txt,2436,443228.000,BDS,20,58.0,29.0,33.0,是
0703002-0918-11-09-gnss_raw.txt,2436,443228.000,BDS,29,21.0,231.0,25.0,是
0703002-0918-11-09-gnss_raw.txt,2436,443228.000,BDS,35,17.0,285.0,29.0,是
0703002-0918-11-09-gnss_raw.txt,2436,443228.000,BDS,37,46.0,77.0,28.0,是
0703002-0918-11-09-gnss_raw.txt,2436,443229.000,GPS,13,27.0,135.0,30.0,是
0703002-0918-11-09-gnss_raw.txt,2436,443229.000,GPS,15,0.0,0.0,29.0,是
0703002-0918-11-09-gnss_raw.txt,2436,443229.000,GPS,18,46.0,214.0,34.0,是
0703002-0918-11-09-gnss_raw.txt,2436,443229.000,GPS,20,0.0,0.0,24.0,是
0703002-0918-11-09-gnss_raw.txt,2436,443229.000,GPS,24,65.0,45.0,35.0,是
0703002-0918-11-09-gnss_raw.txt,2436,443229.000,GPS,32,0.0,0.0,26.0,是
0703002-0918-11-09-gnss_raw.txt,2436,443229.000,GLONASS,68,20.0,69.0,27.0,是
0703002-0918-11-09-gnss_raw.txt,2436,443229.000,GLONASS,69,45.0,15.0,37.0,是
0703002-0918-11-09-gnss_raw.txt,2436,443229.000,GLONASS,79,0.0,0.0,20.0,是
0703002-0918-11-09-gnss_raw.txt,2436,443229.000,GLONASS,80,26.0,160.0,35.0,是
0703002-0918-11-09-gnss_raw.txt,2436,443229.000,GLONASS,84,36.0,240.0,34.0,是
0703002-0918-11-09-gnss_raw.txt,2436,443229.000,GLONASS,85,0.0,0.0,36.0,是
0703002-0918-11-09-gnss_raw.txt,2436,443229.000,Galileo,13,0.0,0.0,33.0,是
0703002-0918-11-09-gnss_raw.txt,2436,443229.000,Galileo,26,60.0,270.0,35.0,是
0703002-0918-11-09-gnss_raw.txt,2436,443229.000,Galileo,29,34.0,271.0,30.0,是
0703002-0918-11-09-gnss_raw.txt,2436,443229.000,QZSS,3,43.0,168.0,33.0,是
0703002-0918-11-09-gnss_raw.txt,2436,443229.000,QZSS,7,53.0,169.0,26.0,是
0703002-0918-11-09-gnss_raw.txt,2436,443229.000,BDS,1,48.0,147.0,29.0,是
0703002-0918-11-09-gnss_raw.txt,2436,443229.000,BDS,2,0.0,0.0,29.0,是
0703002-0918-11-09-gnss_raw.txt,2436,443229.000,BDS,3,0.0,0.0,30.0,是
0703002-0918-11-09-gnss_raw.txt,2436,443229.000,BDS,4,37.0,120.0,30.0,是
0703002-0918-11-09-gnss_raw.txt,2436,443229.000,BDS,6,69.0,39.0,32.0,是
0703002-0918-11-09-gnss_raw.txt,2436,443229.000,BDS,7,59.0,189.0,32.0,是
0703002-0918-11-09-gnss_raw.txt,2436,443229.000,BDS,10,49.0,190.0,32.0,是
0703002-0918-11-09-gnss_raw.txt,2436,443229.000,BDS,11,0.0,0.0,34.0,是
0703002-0918-11-09-gnss_raw.txt,2436,443229.000,BDS,20,58.0,29.0,32.0,是
0703002-0918-11-09-gnss_raw.txt,2436,443229.000,BDS,29,21.0,231.0,25.0,是
0703002-0918-11-09-gnss_raw.txt,2436,443229.000,BDS,35,17.0,285.0,27.0,是
0703002-0918-11-09-gnss_raw.txt,2436,443229.000,BDS,37,46.0,77.0,25.0,是
0703002-0918-11-09-gnss_raw.txt,2436,443230.000,GPS,13,27.0,135.0,28.0,是
0703002-0918-11-09-gnss_raw.txt,2436,443230.000,GPS,15,0.0,0.0,31.0,是
0703002-0918-11-09-gnss_raw.txt,2436,443230.000,GPS,18,46.0,214.0,33.0,是
0703002-0918-11-09-gnss_raw.txt,2436,443230.000,GPS,20,0.0,0.0,25.0,是
0703002-0918-11-09-gnss_raw.txt,2436,443230.000,GPS,24,65.0,45.0,35.0,是
0703002-0918-11-09-gnss_raw.txt,2436,443230.000,GPS,32,0.0,0.0,25.0,是
0703002-0918-11-09-gnss_raw.txt,2436,443230.000,GLONASS,68,20.0,69.0,29.0,是
0703002-0918-11-09-gnss_raw.txt,2436,443230.000,GLONASS,69,45.0,16.0,37.0,是
0703002-0918-11-09-gnss_raw.txt,2436,443230.000,GLONASS,79,0.0,0.0,24.0,是
0703002-0918-11-09-gnss_raw.txt,2436,443230.000,GLONASS,80,26.0,160.0,31.0,是
0703002-0918-11-09-gnss_raw.txt,2436,443230.000,GLONASS,84,36.0,240.0,33.0,是
0703002-0918-11-09-gnss_raw.txt,2436,443230.000,GLONASS,85,0.0,0.0,36.0,是
0703002-0918-11-09-gnss_raw.txt,2436,443230.000,Galileo,13,0.0,0.0,33.0,是
0703002-0918-11-09-gnss_raw.txt,2436,443230.000,Galileo,26,60.0,270.0,36.0,是
0703002-0918-11-09-gnss_raw.txt,2436,443230.000,Galileo,29,34.0,271.0,31.0,是
0703002-0918-11-09-gnss_raw.txt,2436,443230.000,QZSS,3,43.0,168.0,32.0,是
0703002-0918-11-09-gnss_raw.txt,2436,443230.000,QZSS,7,53.0,169.0,27.0,是
0703002-0918-11-09-gnss_raw.txt,2436,443230.000,BDS,1,48.0,147.0,32.0,是
0703002-0918-11-09-gnss_raw.txt,2436,443230.000,BDS,2,0.0,0.0,28.0,是
0703002-0918-11-09-gnss_raw.txt,2436,443230.000,BDS,3,0.0,0.0,32.0,是
0703002-0918-11-09-gnss_raw.txt,2436,443230.000,BDS,4,37.0,120.0,30.0,是
0703002-0918-11-09-gnss_raw.txt,2436,443230.000,BDS,6,69.0,39.0,32.0,是
0703002-0918-11-09-gnss_raw.txt,2436,443230.000,BDS,7,59.0,189.0,32.0,是
0703002-0918-11-09-gnss_raw.txt,2436,443230.000,BDS,10,49.0,190.0,32.0,是
0703002-0918-11-09-gnss_raw.txt,2436,443230.000,BDS,11,0.0,0.0,22.0,是
0703002-0918-11-09-gnss_raw.txt,2436,443230.000,BDS,20,58.0,29.0,33.0,是
0703002-0918-11-09-gnss_raw.txt,2436,443230.000,BDS,29,21.0,231.0,26.0,是
0703002-0918-11-09-gnss_raw.txt,2436,443230.000,BDS,35,17.0,285.0,27.0,是
0703002-0918-11-09-gnss_raw.txt,2436,443230.000,BDS,37,46.0,77.0,28.0,是
0703002-0918-11-09-gnss_raw.txt,2436,443231.000,GPS,13,27.0,135.0,28.0,是
0703002-0918-11-09-gnss_raw.txt,2436,443231.000,GPS,15,0.0,0.0,30.0,是
0703002-0918-11-09-gnss_raw.txt,2436,443231.000,GPS,18,46.0,214.0,33.0,是
0703002-0918-11-09-gnss_raw.txt,2436,443231.000,GPS,20,0.0,0.0,25.0,是
0703002-0918-11-09-gnss_raw.txt,2436,443231.000,GPS,24,65.0,45.0,35.0,是
0703002-0918-11-09-gnss_raw.txt,2436,443231.000,GPS,32,0.0,0.0,27.0,是
0703002-0918-11-09-gnss_raw.txt,2436,443231.000,GLONASS,68,20.0,69.0,27.0,是
0703002-0918-11-09-gnss_raw.txt,2436,443231.000,GLONASS,69,45.0,16.0,37.0,是
0703002-0918-11-09-gnss_raw.txt,2436,443231.000,GLONASS,79,0.0,0.0,24.0,是
0703002-0918-11-09-gnss_raw.txt,2436,443231.000,GLONASS,80,26.0,160.0,35.0,是
0703002-0918-11-09-gnss_raw.txt,2436,443231.000,GLONASS,84,36.0,240.0,31.0,是
0703002-0918-11-09-gnss_raw.txt,2436,443231.000,GLONASS,85,0.0,0.0,30.0,是
0703002-0918-11-09-gnss_raw.txt,2436,443231.000,Galileo,13,0.0,0.0,33.0,是
0703002-0918-11-09-gnss_raw.txt,2436,443231.000,Galileo,26,60.0,270.0,36.0,是
0703002-0918-11-09-gnss_raw.txt,2436,443231.000,Galileo,29,34.0,271.0,34.0,是
0703002-0918-11-09-gnss_raw.txt,2436,443231.000,QZSS,3,43.0,168.0,32.0,是
0703002-0918-11-09-gnss_raw.txt,2436,443231.000,QZSS,7,53.0,169.0,28.0,是
0703002-0918-11-09-gnss_raw.txt,2436,443231.000,BDS,1,48.0,147.0,31.0,是
0703002-0918-11-09-gnss_raw.txt,2436,443231.000,BDS,2,0.0,0.0,27.0,是
0703002-0918-11-09-gnss_raw.txt,2436,443231.000,BDS,3,0.0,0.0,31.0,是
0703002-0918-11-09-gnss_raw.txt,2436,443231.000,BDS,4,37.0,120.0,27.0,是
0703002-0918-11-09-gnss_raw.txt,2436,443231.000,BDS,6,69.0,39.0,32.0,是
0703002-0918-11-09-gnss_raw.txt,2436,443231.000,BDS,7,59.0,189.0,32.0,是
0703002-0918-11-09-gnss_raw.txt,2436,443231.000,BDS,10,49.0,190.0,32.0,是
0703002-0918-11-09-gnss_raw.txt,2436,443231.000,BDS,11,0.0,0.0,21.0,是
0703002-0918-11-09-gnss_raw.txt,2436,443231.000,BDS,20,58.0,29.0,33.0,是
0703002-0918-11-09-gnss_raw.txt,2436,443231.000,BDS,29,21.0,231.0,28.0,是
0703002-0918-11-09-gnss_raw.txt,2436,443231.000,BDS,35,17.0,285.0,27.0,是
0703002-0918-11-09-gnss_raw.txt,2436,443231.000,BDS,37,46.0,77.0,29.0,是
0703002-0918-11-09-gnss_raw.txt,2436,443232.000,GPS,13,27.0,135.0,28.0,是
0703002-0918-11-09-gnss_raw.txt,2436,443232.000,GPS,15,0.0,0.0,26.0,是
0703002-0918-11-09-gnss_raw.txt,2436,443232.000,GPS,18,46.0,214.0,33.0,是
0703002-0918-11-09-gnss_raw.txt,2436,443232.000,GPS,20,0.0,0.0,23.0,是
0703002-0918-11-09-gnss_raw.txt,2436,443232.000,GPS,24,65.0,45.0,34.0,是
0703002-0918-11-09-gnss_raw.txt,2436,443232.000,GPS,32,0.0,0.0,29.0,是
0703002-0918-11-09-gnss_raw.txt,2436,443232.000,GLONASS,68,20.0,69.0,23.0,是
0703002-0918-11-09-gnss_raw.txt,2436,443232.000,GLONASS,69,45.0,16.0,36.0,是
0703002-0918-11-09-gnss_raw.txt,2436,443232.000,GLONASS,79,47.0,93.0,20.0,是
0703002-0918-11-09-gnss_raw.txt,2436,443232.000,GLONASS,80,26.0,160.0,37.0,是
0703002-0918-11-09-gnss_raw.txt,2436,443232.000,GLONASS,84,36.0,240.0,32.0,是
0703002-0918-11-09-gnss_raw.txt,2436,443232.000,GLONASS,85,0.0,0.0,31.0,是
0703002-0918-11-09-gnss_raw.txt,2436,443232.000,Galileo,13,0.0,0.0,35.0,是
0703002-0918-11-09-gnss_raw.txt,2436,443232.000,Galileo,26,60.0,270.0,36.0,是
0703002-0918-11-09-gnss_raw.txt,2436,443232.000,Galileo,29,34.0,271.0,34.0,是
0703002-0918-11-09-gnss_raw.txt,2436,443232.000,QZSS,3,43.0,168.0,31.0,是
0703002-0918-11-09-gnss_raw.txt,2436,443232.000,QZSS,7,53.0,169.0,28.0,是
0703002-0918-11-09-gnss_raw.txt,2436,443232.000,BDS,1,48.0,147.0,30.0,是
0703002-0918-11-09-gnss_raw.txt,2436,443232.000,BDS,2,0.0,0.0,30.0,是
0703002-0918-11-09-gnss_raw.txt,2436,443232.000,BDS,3,0.0,0.0,31.0,是
0703002-0918-11-09-gnss_raw.txt,2436,443232.000,BDS,4,37.0,120.0,29.0,是
0703002-0918-11-09-gnss_raw.txt,2436,443232.000,BDS,6,69.0,39.0,32.0,是
0703002-0918-11-09-gnss_raw.txt,2436,443232.000,BDS,7,59.0,189.0,32.0,是
0703002-0918-11-09-gnss_raw.txt,2436,443232.000,BDS,10,49.0,190.0,32.0,是
0703002-0918-11-09-gnss_raw.txt,2436,443232.000,BDS,11,0.0,0.0,21.0,是
0703002-0918-11-09-gnss_raw.txt,2436,443232.000,BDS,20,58.0,29.0,33.0,是
0703002-0918-11-09-gnss_raw.txt,2436,443232.000,BDS,29,21.0,231.0,26.0,是
0703002-0918-11-09-gnss_raw.txt,2436,443232.000,BDS,35,17.0,285.0,26.0,是
0703002-0918-11-09-gnss_raw.txt,2436,443232.000,BDS,37,46.0,77.0,30.0,是
0703002-0918-11-09-gnss_raw.txt,2436,443233.000,GPS,13,27.0,135.0,28.0,是
0703002-0918-11-09-gnss_raw.txt,2436,443233.000,GPS,15,0.0,0.0,24.0,是
0703002-0918-11-09-gnss_raw.txt,2436,443233.000,GPS,18,46.0,214.0,32.0,是
0703002-0918-11-09-gnss_raw.txt,2436,443233.000,GPS,20,0.0,0.0,21.0,是
0703002-0918-11-09-gnss_raw.txt,2436,443233.000,GPS,24,65.0,45.0,34.0,是
0703002-0918-11-09-gnss_raw.txt,2436,443233.000,GPS,32,0.0,0.0,30.0,是
0703002-0918-11-09-gnss_raw.txt,2436,443233.000,GLONASS,68,20.0,69.0,25.0,是
0703002-0918-11-09-gnss_raw.txt,2436,443233.000,GLONASS,69,45.0,16.0,36.0,是
0703002-0918-11-09-gnss_raw.txt,2436,443233.000,GLONASS,79,47.0,93.0,18.0,是
0703002-0918-11-09-gnss_raw.txt,2436,443233.000,GLONASS,80,26.0,160.0,36.0,是
0703002-0918-11-09-gnss_raw.txt,2436,443233.000,GLONASS,84,36.0,240.0,33.0,是
0703002-0918-11-09-gnss_raw.txt,2436,443233.000,GLONASS,85,0.0,0.0,31.0,是
0703002-0918-11-09-gnss_raw.txt,2436,443233.000,Galileo,13,0.0,0.0,35.0,是
0703002-0918-11-09-gnss_raw.txt,2436,443233.000,Galileo,26,60.0,270.0,35.0,是
0703002-0918-11-09-gnss_raw.txt,2436,443233.000,Galileo,29,34.0,271.0,34.0,是
0703002-0918-11-09-gnss_raw.txt,2436,443233.000,QZSS,3,43.0,168.0,31.0,是
0703002-0918-11-09-gnss_raw.txt,2436,443233.000,QZSS,7,53.0,169.0,27.0,是
0703002-0918-11-09-gnss_raw.txt,2436,443233.000,BDS,1,48.0,147.0,31.0,是
0703002-0918-11-09-gnss_raw.txt,2436,443233.000,BDS,2,0.0,0.0,29.0,是
0703002-0918-11-09-gnss_raw.txt,2436,443233.000,BDS,3,0.0,0.0,31.0,是
0703002-0918-11-09-gnss_raw.txt,2436,443233.000,BDS,4,37.0,120.0,29.0,是
0703002-0918-11-09-gnss_raw.txt,2436,443233.000,BDS,6,69.0,39.0,32.0,是
0703002-0918-11-09-gnss_raw.txt,2436,443233.000,BDS,7,59.0,189.0,31.0,是
0703002-0918-11-09-gnss_raw.txt,2436,443233.000,BDS,10,49.0,190.0,31.0,是
0703002-0918-11-09-gnss_raw.txt,2436,443233.000,BDS,11,0.0,0.0,22.0,是
0703002-0918-11-09-gnss_raw.txt,2436,443233.000,BDS,20,58.0,29.0,33.0,是
0703002-0918-11-09-gnss_raw.txt,2436,443233.000,BDS,29,21.0,230.0,25.0,是
0703002-0918-11-09-gnss_raw.txt,2436,443233.000,BDS,35,17.0,285.0,26.0,是
0703002-0918-11-09-gnss_raw.txt,2436,443233.000,BDS,37,46.0,77.0,29.0,是
0703002-0918-11-09-gnss_raw.txt,2436,443234.000,GPS,13,27.0,135.0,26.0,是
0703002-0918-11-09-gnss_raw.txt,2436,443234.000,GPS,15,0.0,0.0,25.0,是
0703002-0918-11-09-gnss_raw.txt,2436,443234.000,GPS,18,46.0,214.0,32.0,是
0703002-0918-11-09-gnss_raw.txt,2436,443234.000,GPS,20,0.0,0.0,20.0,是
0703002-0918-11-09-gnss_raw.txt,2436,443234.000,GPS,24,65.0,45.0,35.0,是
0703002-0918-11-09-gnss_raw.txt,2436,443234.000,GPS,32,0.0,0.0,31.0,是
0703002-0918-11-09-gnss_raw.txt,2436,443234.000,GLONASS,68,20.0,69.0,21.0,是
0703002-0918-11-09-gnss_raw.txt,2436,443234.000,GLONASS,69,45.0,16.0,36.0,是
0703002-0918-11-09-gnss_raw.txt,2436,443234.000,GLONASS,79,47.0,93.0,22.0,是
0703002-0918-11-09-gnss_raw.txt,2436,443234.000,GLONASS,80,26.0,160.0,32.0,是
0703002-0918-11-09-gnss_raw.txt,2436,443234.000,GLONASS,84,36.0,240.0,34.0,是
0703002-0918-11-09-gnss_raw.txt,2436,443234.000,GLONASS,85,0.0,0.0,31.0,是
0703002-0918-11-09-gnss_raw.txt,2436,443234.000,Galileo,13,0.0,0.0,32.0,是
0703002-0918-11-09-gnss_raw.txt,2436,443234.000,Galileo,26,60.0,270.0,34.0,是
0703002-0918-11-09-gnss_raw.txt,2436,443234.000,Galileo,29,34.0,271.0,34.0,是
0703002-0918-11-09-gnss_raw.txt,2436,443234.000,QZSS,3,43.0,168.0,31.0,是
0703002-0918-11-09-gnss_raw.txt,2436,443234.000,QZSS,7,53.0,169.0,27.0,是
0703002-0918-11-09-gnss_raw.txt,2436,443234.000,BDS,1,48.0,147.0,30.0,是
0703002-0918-11-09-gnss_raw.txt,2436,443234.000,BDS,2,0.0,0.0,29.0,是
0703002-0918-11-09-gnss_raw.txt,2436,443234.000,BDS,3,0.0,0.0,31.0,是
0703002-0918-11-09-gnss_raw.txt,2436,443234.000,BDS,4,37.0,120.0,29.0,是
0703002-0918-11-09-gnss_raw.txt,2436,443234.000,BDS,6,69.0,39.0,32.0,是
0703002-0918-11-09-gnss_raw.txt,2436,443234.000,BDS,7,59.0,189.0,31.0,是
0703002-0918-11-09-gnss_raw.txt,2436,443234.000,BDS,10,49.0,190.0,31.0,是
0703002-0918-11-09-gnss_raw.txt,2436,443234.000,BDS,11,0.0,0.0,21.0,是
0703002-0918-11-09-gnss_raw.txt,2436,443234.000,BDS,20,58.0,29.0,33.0,是
0703002-0918-11-09-gnss_raw.txt,2436,443234.000,BDS,29,21.0,230.0,25.0,是
0703002-0918-11-09-gnss_raw.txt,2436,443234.000,BDS,35,17.0,285.0,26.0,是
0703002-0918-11-09-gnss_raw.txt,2436,443234.000,BDS,37,46.0,77.0,31.0,是
0703002-0918-11-09-gnss_raw.txt,2436,443235.000,GPS,13,0.0,0.0,25.0,是
0703002-0918-11-09-gnss_raw.txt,2436,443235.000,GPS,15,0.0,0.0,25.0,是
0703002-0918-11-09-gnss_raw.txt,2436,443235.000,GPS,18,46.0,214.0,33.0,是
0703002-0918-11-09-gnss_raw.txt,2436,443235.000,GPS,20,0.0,0.0,21.0,是
0703002-0918-11-09-gnss_raw.txt,2436,443235.000,GPS,24,65.0,45.0,35.0,是
0703002-0918-11-09-gnss_raw.txt,2436,443235.000,GPS,32,0.0,0.0,31.0,是
0703002-0918-11-09-gnss_raw.txt,2436,443235.000,GLONASS,68,20.0,69.0,23.0,是
0703002-0918-11-09-gnss_raw.txt,2436,443235.000,GLONASS,69,45.0,16.0,33.0,是
0703002-0918-11-09-gnss_raw.txt,2436,443235.000,GLONASS,79,0.0,0.0,16.0,是
0703002-0918-11-09-gnss_raw.txt,2436,443235.000,GLONASS,80,26.0,160.0,33.0,是
0703002-0918-11-09-gnss_raw.txt,2436,443235.000,GLONASS,84,36.0,240.0,32.0,是
0703002-0918-11-09-gnss_raw.txt,2436,443235.000,GLONASS,85,0.0,0.0,33.0,是
0703002-0918-11-09-gnss_raw.txt,2436,443235.000,Galileo,13,0.0,0.0,34.0,是
0703002-0918-11-09-gnss_raw.txt,2436,443235.000,Galileo,26,60.0,270.0,35.0,是
0703002-0918-11-09-gnss_raw.txt,2436,443235.000,Galileo,29,34.0,271.0,33.0,是
0703002-0918-11-09-gnss_raw.txt,2436,443235.000,QZSS,3,43.0,168.0,32.0,是
0703002-0918-11-09-gnss_raw.txt,2436,443235.000,QZSS,7,53.0,169.0,27.0,是
0703002-0918-11-09-gnss_raw.txt,2436,443235.000,BDS,1,48.0,147.0,33.0,是
0703002-0918-11-09-gnss_raw.txt,2436,443235.000,BDS,2,0.0,0.0,28.0,是
0703002-0918-11-09-gnss_raw.txt,2436,443235.000,BDS,3,0.0,0.0,32.0,是
0703002-0918-11-09-gnss_raw.txt,2436,443235.000,BDS,4,37.0,120.0,28.0,是
0703002-0918-11-09-gnss_raw.txt,2436,443235.000,BDS,6,69.0,39.0,32.0,是
0703002-0918-11-09-gnss_raw.txt,2436,443235.000,BDS,7,59.0,189.0,31.0,是
0703002-0918-11-09-gnss_raw.txt,2436,443235.000,BDS,10,49.0,190.0,31.0,是
0703002-0918-11-09-gnss_raw.txt,2436,443235.000,BDS,11,0.0,0.0,18.0,是
0703002-0918-11-09-gnss_raw.txt,2436,443235.000,BDS,20,58.0,29.0,33.0,是
0703002-0918-11-09-gnss_raw.txt,2436,443235.000,BDS,29,21.0,230.0,25.0,是
0703002-0918-11-09-gnss_raw.txt,2436,443235.000,BDS,35,17.0,285.0,27.0,是
0703002-0918-11-09-gnss_raw.txt,2436,443235.000,BDS,37,46.0,77.0,32.0,是
0703002-0918-11-09-gnss_raw.txt,2436,443236.000,GPS,13,27.0,135.0,25.0,是
0703002-0918-11-09-gnss_raw.txt,2436,443236.000,GPS,15,0.0,0.0,28.0,是
0703002-0918-11-09-gnss_raw.txt,2436,443236.000,GPS,18,46.0,214.0,33.0,是
0703002-0918-11-09-gnss_raw.txt,2436,443236.000,GPS,20,0.0,0.0,22.0,是
0703002-0918-11-09-gnss_raw.txt,2436,443236.000,GPS,24,65.0,45.0,35.0,是
0703002-0918-11-09-gnss_raw.txt,2436,443236.000,GPS,32,0.0,0.0,31.0,是
0703002-0918-11-09-gnss_raw.txt,2436,443236.000,GLONASS,68,20.0,69.0,26.0,是
0703002-0918-11-09-gnss_raw.txt,2436,443236.000,GLONASS,69,45.0,16.0,36.0,是
0703002-0918-11-09-gnss_raw.txt,2436,443236.000,GLONASS,79,0.0,0.0,26.0,是
0703002-0918-11-09-gnss_raw.txt,2436,443236.000,GLONASS,80,26.0,160.0,32.0,是
0703002-0918-11-09-gnss_raw.txt,2436,443236.000,GLONASS,84,36.0,240.0,29.0,是
0703002-0918-11-09-gnss_raw.txt,2436,443236.000,GLONASS,85,0.0,0.0,30.0,是
0703002-0918-11-09-gnss_raw.txt,2436,443236.000,Galileo,13,0.0,0.0,34.0,是
0703002-0918-11-09-gnss_raw.txt,2436,443236.000,Galileo,26,60.0,270.0,35.0,是
0703002-0918-11-09-gnss_raw.txt,2436,443236.000,Galileo,29,34.0,271.0,30.0,是
0703002-0918-11-09-gnss_raw.txt,2436,443236.000,QZSS,3,43.0,168.0,32.0,是
0703002-0918-11-09-gnss_raw.txt,2436,443236.000,QZSS,7,53.0,169.0,28.0,是
0703002-0918-11-09-gnss_raw.txt,2436,443236.000,BDS,1,48.0,147.0,31.0,是
0703002-0918-11-09-gnss_raw.txt,2436,443236.000,BDS,2,0.0,0.0,27.0,是
0703002-0918-11-09-gnss_raw.txt,2436,443236.000,BDS,3,0.0,0.0,30.0,是
0703002-0918-11-09-gnss_raw.txt,2436,443236.000,BDS,4,37.0,120.0,28.0,是
0703002-0918-11-09-gnss_raw.txt,2436,443236.000,BDS,6,69.0,39.0,32.0,是
0703002-0918-11-09-gnss_raw.txt,2436,443236.000,BDS,7,59.0,189.0,32.0,是
0703002-0918-11-09-gnss_raw.txt,2436,443236.000,BDS,10,49.0,190.0,30.0,是
0703002-0918-11-09-gnss_raw.txt,2436,443236.000,BDS,11,0.0,0.0,19.0,是
0703002-0918-11-09-gnss_raw.txt,2436,443236.000,BDS,20,58.0,29.0,33.0,是
0703002-0918-11-09-gnss_raw.txt,2436,443236.000,BDS,29,21.0,230.0,24.0,是
0703002-0918-11-09-gnss_raw.txt,2436,443236.000,BDS,35,17.0,285.0,28.0,是
0703002-0918-11-09-gnss_raw.txt,2436,443236.000,BDS,37,46.0,77.0,32.0,是
0703002-0918-11-09-gnss_raw.txt,2436,443237.000,GPS,13,27.0,135.0,26.0,是
0703002-0918-11-09-gnss_raw.txt,2436,443237.000,GPS,15,0.0,0.0,31.0,是
0703002-0918-11-09-gnss_raw.txt,2436,443237.000,GPS,18,46.0,214.0,33.0,是
0703002-0918-11-09-gnss_raw.txt,2436,443237.000,GPS,20,0.0,0.0,25.0,是
0703002-0918-11-09-gnss_raw.txt,2436,443237.000,GPS,24,65.0,45.0,35.0,是
0703002-0918-11-09-gnss_raw.txt,2436,443237.000,GPS,32,0.0,0.0,28.0,是
0703002-0918-11-09-gnss_raw.txt,2436,443237.000,GLONASS,68,20.0,69.0,31.0,是
0703002-0918-11-09-gnss_raw.txt,2436,443237.000,GLONASS,69,45.0,16.0,37.0,是
0703002-0918-11-09-gnss_raw.txt,2436,443237.000,GLONASS,79,0.0,0.0,26.0,是
0703002-0918-11-09-gnss_raw.txt,2436,443237.000,GLONASS,80,27.0,160.0,32.0,是
0703002-0918-11-09-gnss_raw.txt,2436,443237.000,GLONASS,84,36.0,240.0,31.0,是
0703002-0918-11-09-gnss_raw.txt,2436,443237.000,GLONASS,85,0.0,0.0,33.0,是
0703002-0918-11-09-gnss_raw.txt,2436,443237.000,Galileo,13,0.0,0.0,33.0,是
0703002-0918-11-09-gnss_raw.txt,2436,443237.000,Galileo,26,60.0,270.0,35.0,是
0703002-0918-11-09-gnss_raw.txt,2436,443237.000,Galileo,29,34.0,271.0,30.0,是
0703002-0918-11-09-gnss_raw.txt,2436,443237.000,QZSS,3,43.0,168.0,32.0,是
0703002-0918-11-09-gnss_raw.txt,2436,443237.000,QZSS,7,53.0,169.0,28.0,是
0703002-0918-11-09-gnss_raw.txt,2436,443237.000,BDS,1,48.0,147.0,30.0,是
0703002-0918-11-09-gnss_raw.txt,2436,443237.000,BDS,2,0.0,0.0,25.0,是
0703002-0918-11-09-gnss_raw.txt,2436,443237.000,BDS,3,0.0,0.0,32.0,是
0703002-0918-11-09-gnss_raw.txt,2436,443237.000,BDS,4,37.0,120.0,30.0,是
0703002-0918-11-09-gnss_raw.txt,2436,443237.000,BDS,6,69.0,39.0,32.0,是
0703002-0918-11-09-gnss_raw.txt,2436,443237.000,BDS,7,59.0,189.0,32.0,是
0703002-0918-11-09-gnss_raw.txt,2436,443237.000,BDS,10,49.0,190.0,30.0,是
0703002-0918-11-09-gnss_raw.txt,2436,443237.000,BDS,11,0.0,0.0,18.0,是
0703002-0918-11-09-gnss_raw.txt,2436,443237.000,BDS,20,58.0,29.0,34.0,是
0703002-0918-11-09-gnss_raw.txt,2436,443237.000,BDS,29,21.0,230.0,25.0,是
0703002-0918-11-09-gnss_raw.txt,2436,443237.000,BDS,35,17.0,285.0,28.0,是
0703002-0918-11-09-gnss_raw.txt,2436,443237.000,BDS,37,46.0,77.0,31.0,是
0703002-0918-11-09-gnss_raw.txt,2436,443238.000,GPS,13,27.0,135.0,27.0,是
0703002-0918-11-09-gnss_raw.txt,2436,443238.000,GPS,15,0.0,0.0,32.0,是
0703002-0918-11-09-gnss_raw.txt,2436,443238.000,GPS,18,46.0,214.0,33.0,是
0703002-0918-11-09-gnss_raw.txt,2436,443238.000,GPS,20,0.0,0.0,23.0,是
0703002-0918-11-09-gnss_raw.txt,2436,443238.000,GPS,24,65.0,45.0,34.0,是
0703002-0918-11-09-gnss_raw.txt,2436,443238.000,GPS,32,0.0,0.0,25.0,是
0703002-0918-11-09-gnss_raw.txt,2436,443238.000,GLONASS,68,20.0,69.0,27.0,是
0703002-0918-11-09-gnss_raw.txt,2436,443238.000,GLONASS,69,45.0,16.0,38.0,是
0703002-0918-11-09-gnss_raw.txt,2436,443238.000,GLONASS,79,0.0,0.0,27.0,是
0703002-0918-11-09-gnss_raw.txt,2436,443238.000,GLONASS,80,27.0,160.0,31.0,是
0703002-0918-11-09-gnss_raw.txt,2436,443238.000,GLONASS,84,36.0,240.0,33.0,是
0703002-0918-11-09-gnss_raw.txt,2436,443238.000,GLONASS,85,0.0,0.0,34.0,是
0703002-0918-11-09-gnss_raw.txt,2436,443238.000,Galileo,13,0.0,0.0,33.0,是
0703002-0918-11-09-gnss_raw.txt,2436,443238.000,Galileo,26,60.0,270.0,35.0,是
0703002-0918-11-09-gnss_raw.txt,2436,443238.000,Galileo,29,34.0,271.0,28.0,是
0703002-0918-11-09-gnss_raw.txt,2436,443238.000,QZSS,3,43.0,168.0,32.0,是
0703002-0918-11-09-gnss_raw.txt,2436,443238.000,QZSS,7,53.0,169.0,28.0,是
0703002-0918-11-09-gnss_raw.txt,2436,443238.000,BDS,1,48.0,147.0,31.0,是
0703002-0918-11-09-gnss_raw.txt,2436,443238.000,BDS,2,0.0,0.0,26.0,是
0703002-0918-11-09-gnss_raw.txt,2436,443238.000,BDS,3,0.0,0.0,32.0,是
0703002-0918-11-09-gnss_raw.txt,2436,443238.000,BDS,6,69.0,39.0,32.0,是
0703002-0918-11-09-gnss_raw.txt,2436,443238.000,BDS,7,59.0,189.0,32.0,是
0703002-0918-11-09-gnss_raw.txt,2436,443238.000,BDS,10,49.0,190.0,30.0,是
0703002-0918-11-09-gnss_raw.txt,2436,443238.000,BDS,11,0.0,0.0,33.0,是
0703002-0918-11-09-gnss_raw.txt,2436,443238.000,BDS,20,58.0,29.0,34.0,是
0703002-0918-11-09-gnss_raw.txt,2436,443238.000,BDS,29,21.0,230.0,25.0,是
0703002-0918-11-09-gnss_raw.txt,2436,443238.000,BDS,35,17.0,285.0,29.0,是
0703002-0918-11-09-gnss_raw.txt,2436,443238.000,BDS,37,46.0,77.0,31.0,是
0703002-0918-11-09-gnss_raw.txt,2436,443239.000,GPS,13,27.0,135.0,28.0,是
0703002-0918-11-09-gnss_raw.txt,2436,443239.000,GPS,15,0.0,0.0,31.0,是
0703002-0918-11-09-gnss_raw.txt,2436,443239.000,GPS,18,46.0,214.0,33.0,是
0703002-0918-11-09-gnss_raw.txt,2436,443239.000,GPS,20,0.0,0.0,22.0,是
0703002-0918-11-09-gnss_raw.txt,2436,443239.000,GPS,24,65.0,45.0,34.0,是
0703002-0918-11-09-gnss_raw.txt,2436,443239.000,GPS,32,0.0,0.0,23.0,是
0703002-0918-11-09-gnss_raw.txt,2436,443239.000,GLONASS,68,20.0,69.0,27.0,是
0703002-0918-11-09-gnss_raw.txt,2436,443239.000,GLONASS,69,45.0,16.0,38.0,是
0703002-0918-11-09-gnss_raw.txt,2436,443239.000,GLONASS,79,47.0,93.0,24.0,是
0703002-0918-11-09-gnss_raw.txt,2436,443239.000,GLONASS,80,27.0,160.0,32.0,是
0703002-0918-11-09-gnss_raw.txt,2436,443239.000,GLONASS,84,36.0,240.0,33.0,是
0703002-0918-11-09-gnss_raw.txt,2436,443239.000,GLONASS,85,0.0,0.0,29.0,是
0703002-0918-11-09-gnss_raw.txt,2436,443239.000,Galileo,13,0.0,0.0,34.0,是
0703002-0918-11-09-gnss_raw.txt,2436,443239.000,Galileo,26,60.0,270.0,36.0,是
0703002-0918-11-09-gnss_raw.txt,2436,443239.000,Galileo,29,34.0,271.0,30.0,是
0703002-0918-11-09-gnss_raw.txt,2436,443239.000,QZSS,3,43.0,168.0,32.0,是
0703002-0918-11-09-gnss_raw.txt,2436,443239.000,QZSS,7,53.0,169.0,28.0,是
0703002-0918-11-09-gnss_raw.txt,2436,443239.000,BDS,1,48.0,147.0,31.0,是
0703002-0918-11-09-gnss_raw.txt,2436,443239.000,BDS,2,0.0,0.0,38.0,是
0703002-0918-11-09-gnss_raw.txt,2436,443239.000,BDS,3,0.0,0.0,31.0,是
0703002-0918-11-09-gnss_raw.txt,2436,443239.000,BDS,4,0.0,0.0,25.0,是
0703002-0918-11-09-gnss_raw.txt,2436,443239.000,BDS,6,69.0,39.0,32.0,是
0703002-0918-11-09-gnss_raw.txt,2436,443239.000,BDS,7,59.0,189.0,32.0,是
0703002-0918-11-09-gnss_raw.txt,2436,443239.000,BDS,10,49.0,190.0,30.0,是
0703002-0918-11-09-gnss_raw.txt,2436,443239.000,BDS,11,0.0,0.0,32.0,是
0703002-0918-11-09-gnss_raw.txt,2436,443239.000,BDS,20,58.0,29.0,34.0,是
0703002-0918-11-09-gnss_raw.txt,2436,443239.000,BDS,29,21.0,230.0,26.0,是
0703002-0918-11-09-gnss_raw.txt,2436,443239.000,BDS,35,17.0,285.0,27.0,是
0703002-0918-11-09-gnss_raw.txt,2436,443239.000,BDS,37,46.0,77.0,30.0,是
0703002-0918-11-09-gnss_raw.txt,2436,443240.000,GPS,13,27.0,135.0,28.0,是
0703002-0918-11-09-gnss_raw.txt,2436,443240.000,GPS,15,0.0,0.0,32.0,是
0703002-0918-11-09-gnss_raw.txt,2436,443240.000,GPS,18,46.0,214.0,33.0,是
0703002-0918-11-09-gnss_raw.txt,2436,443240.000,GPS,20,0.0,0.0,21.0,是
0703002-0918-11-09-gnss_raw.txt,2436,443240.000,GPS,24,65.0,45.0,34.0,是
0703002-0918-11-09-gnss_raw.txt,2436,443240.000,GPS,32,0.0,0.0,24.0,是
0703002-0918-11-09-gnss_raw.txt,2436,443240.000,GLONASS,68,0.0,0.0,25.0,是
0703002-0918-11-09-gnss_raw.txt,2436,443240.000,GLONASS,69,45.0,16.0,38.0,是
0703002-0918-11-09-gnss_raw.txt,2436,443240.000,GLONASS,79,0.0,0.0,22.0,是
0703002-0918-11-09-gnss_raw.txt,2436,443240.000,GLONASS,80,27.0,160.0,32.0,是
0703002-0918-11-09-gnss_raw.txt,2436,443240.000,GLONASS,84,36.0,240.0,33.0,是
0703002-0918-11-09-gnss_raw.txt,2436,443240.000,GLONASS,85,0.0,0.0,29.0,是
0703002-0918-11-09-gnss_raw.txt,2436,443240.000,Galileo,13,0.0,0.0,33.0,是
0703002-0918-11-09-gnss_raw.txt,2436,443240.000,Galileo,26,60.0,270.0,34.0,是
0703002-0918-11-09-gnss_raw.txt,2436,443240.000,Galileo,29,34.0,271.0,31.0,是
0703002-0918-11-09-gnss_raw.txt,2436,443240.000,QZSS,3,43.0,168.0,32.0,是
0703002-0918-11-09-gnss_raw.txt,2436,443240.000,QZSS,7,53.0,169.0,28.0,是
0703002-0918-11-09-gnss_raw.txt,2436,443240.000,BDS,1,48.0,147.0,32.0,是
0703002-0918-11-09-gnss_raw.txt,2436,443240.000,BDS,2,0.0,0.0,37.0,是
0703002-0918-11-09-gnss_raw.txt,2436,443240.000,BDS,3,0.0,0.0,32.0,是
0703002-0918-11-09-gnss_raw.txt,2436,443240.000,BDS,4,0.0,0.0,28.0,是
0703002-0918-11-09-gnss_raw.txt,2436,443240.000,BDS,6,69.0,39.0,32.0,是
0703002-0918-11-09-gnss_raw.txt,2436,443240.000,BDS,7,59.0,189.0,32.0,是
0703002-0918-11-09-gnss_raw.txt,2436,443240.000,BDS,10,49.0,190.0,30.0,是
0703002-0918-11-09-gnss_raw.txt,2436,443240.000,BDS,11,0.0,0.0,31.0,是
0703002-0918-11-09-gnss_raw.txt,2436,443240.000,BDS,20,58.0,29.0,34.0,是
0703002-0918-11-09-gnss_raw.txt,2436,443240.000,BDS,29,21.0,230.0,27.0,是
0703002-0918-11-09-gnss_raw.txt,2436,443240.000,BDS,35,17.0,285.0,26.0,是
0703002-0918-11-09-gnss_raw.txt,2436,443240.000,BDS,37,46.0,77.0,29.0,是
0703002-0918-11-09-gnss_raw.txt,2436,443241.000,GPS,13,0.0,0.0,28.0,是
0703002-0918-11-09-gnss_raw.txt,2436,443241.000,GPS,15,0.0,0.0,33.0,是
0703002-0918-11-09-gnss_raw.txt,2436,443241.000,GPS,18,46.0,214.0,33.0,是
0703002-0918-11-09-gnss_raw.txt,2436,443241.000,GPS,20,0.0,0.0,19.0,是
0703002-0918-11-09-gnss_raw.txt,2436,443241.000,GPS,24,65.0,45.0,34.0,是
0703002-0918-11-09-gnss_raw.txt,2436,443241.000,GPS,32,0.0,0.0,25.0,是
0703002-0918-11-09-gnss_raw.txt,2436,443241.000,GLONASS,68,0.0,0.0,23.0,是
0703002-0918-11-09-gnss_raw.txt,2436,443241.000,GLONASS,69,45.0,16.0,38.0,是
0703002-0918-11-09-gnss_raw.txt,2436,443241.000,GLONASS,70,29.0,313.0,31.0,是
0703002-0918-11-09-gnss_raw.txt,2436,443241.000,GLONASS,79,0.0,0.0,23.0,是
0703002-0918-11-09-gnss_raw.txt,2436,443241.000,GLONASS,80,27.0,160.0,33.0,是
0703002-0918-11-09-gnss_raw.txt,2436,443241.000,GLONASS,84,36.0,240.0,33.0,是
0703002-0918-11-09-gnss_raw.txt,2436,443241.000,GLONASS,85,0.0,0.0,30.0,是
0703002-0918-11-09-gnss_raw.txt,2436,443241.000,Galileo,13,0.0,0.0,34.0,是
0703002-0918-11-09-gnss_raw.txt,2436,443241.000,Galileo,26,60.0,270.0,34.0,是
0703002-0918-11-09-gnss_raw.txt,2436,443241.000,Galileo,29,34.0,271.0,28.0,是
0703002-0918-11-09-gnss_raw.txt,2436,443241.000,QZSS,3,43.0,168.0,32.0,是
0703002-0918-11-09-gnss_raw.txt,2436,443241.000,QZSS,7,53.0,169.0,28.0,是
0703002-0918-11-09-gnss_raw.txt,2436,443241.000,BDS,1,48.0,147.0,31.0,是
0703002-0918-11-09-gnss_raw.txt,2436,443241.000,BDS,2,0.0,0.0,37.0,是
0703002-0918-11-09-gnss_raw.txt,2436,443241.000,BDS,3,0.0,0.0,32.0,是
0703002-0918-11-09-gnss_raw.txt,2436,443241.000,BDS,4,37.0,120.0,28.0,是
0703002-0918-11-09-gnss_raw.txt,2436,443241.000,BDS,6,69.0,39.0,32.0,是
0703002-0918-11-09-gnss_raw.txt,2436,443241.000,BDS,7,59.0,189.0,32.0,是
0703002-0918-11-09-gnss_raw.txt,2436,443241.000,BDS,10,49.0,190.0,30.0,是
0703002-0918-11-09-gnss_raw.txt,2436,443241.000,BDS,11,0.0,0.0,32.0,是
0703002-0918-11-09-gnss_raw.txt,2436,443241.000,BDS,20,58.0,29.0,34.0,是
0703002-0918-11-09-gnss_raw.txt,2436,443241.000,BDS,29,21.0,230.0,26.0,是
0703002-0918-11-09-gnss_raw.txt,2436,443241.000,BDS,35,17.0,285.0,25.0,是
0703002-0918-11-09-gnss_raw.txt,2436,443241.000,BDS,37,46.0,77.0,29.0,是
0703002-0918-11-09-gnss_raw.txt,2436,443242.000,GPS,13,0.0,0.0,27.0,是
0703002-0918-11-09-gnss_raw.txt,2436,443242.000,GPS,15,0.0,0.0,30.0,是
0703002-0918-11-09-gnss_raw.txt,2436,443242.000,GPS,18,46.0,214.0,33.0,是
0703002-0918-11-09-gnss_raw.txt,2436,443242.000,GPS,20,0.0,0.0,19.0,是
0703002-0918-11-09-gnss_raw.txt,2436,443242.000,GPS,24,65.0,45.0,34.0,是
0703002-0918-11-09-gnss_raw.txt,2436,443242.000,GPS,32,0.0,0.0,25.0,是
0703002-0918-11-09-gnss_raw.txt,2436,443242.000,GLONASS,68,0.0,0.0,25.0,是
0703002-0918-11-09-gnss_raw.txt,2436,443242.000,GLONASS,69,45.0,16.0,39.0,是
0703002-0918-11-09-gnss_raw.txt,2436,443242.000,GLONASS,70,29.0,313.0,31.0,是
0703002-0918-11-09-gnss_raw.txt,2436,443242.000,GLONASS,79,0.0,0.0,26.0,是
0703002-0918-11-09-gnss_raw.txt,2436,443242.000,GLONASS,80,27.0,160.0,31.0,是
0703002-0918-11-09-gnss_raw.txt,2436,443242.000,GLONASS,84,36.0,240.0,32.0,是
0703002-0918-11-09-gnss_raw.txt,2436,443242.000,GLONASS,85,0.0,0.0,30.0,是
0703002-0918-11-09-gnss_raw.txt,2436,443242.000,Galileo,13,0.0,0.0,33.0,是
0703002-0918-11-09-gnss_raw.txt,2436,443242.000,Galileo,26,60.0,270.0,35.0,是
0703002-0918-11-09-gnss_raw.txt,2436,443242.000,Galileo,29,34.0,271.0,28.0,是
0703002-0918-11-09-gnss_raw.txt,2436,443242.000,QZSS,3,43.0,168.0,32.0,是
0703002-0918-11-09-gnss_raw.txt,2436,443242.000,QZSS,7,53.0,169.0,27.0,是
0703002-0918-11-09-gnss_raw.txt,2436,443242.000,BDS,1,48.0,147.0,29.0,是
0703002-0918-11-09-gnss_raw.txt,2436,443242.000,BDS,2,0.0,0.0,36.0,是
0703002-0918-11-09-gnss_raw.txt,2436,443242.000,BDS,3,0.0,0.0,32.0,是
0703002-0918-11-09-gnss_raw.txt,2436,443242.000,BDS,4,37.0,120.0,29.0,是
0703002-0918-11-09-gnss_raw.txt,2436,443242.000,BDS,6,69.0,39.0,32.0,是
0703002-0918-11-09-gnss_raw.txt,2436,443242.000,BDS,7,59.0,189.0,32.0,是
0703002-0918-11-09-gnss_raw.txt,2436,443242.000,BDS,10,49.0,190.0,30.0,是
0703002-0918-11-09-gnss_raw.txt,2436,443242.000,BDS,11,0.0,0.0,33.0,是
0703002-0918-11-09-gnss_raw.txt,2436,443242.000,BDS,20,58.0,29.0,34.0,是
0703002-0918-11-09-gnss_raw.txt,2436,443242.000,BDS,29,21.0,230.0,25.0,是
0703002-0918-11-09-gnss_raw.txt,2436,443242.000,BDS,35,17.0,285.0,23.0,是
0703002-0918-11-09-gnss_raw.txt,2436,443242.000,BDS,37,46.0,77.0,31.0,是
0703002-0918-11-09-gnss_raw.txt,2436,443243.000,GPS,13,0.0,0.0,27.0,是
0703002-0918-11-09-gnss_raw.txt,2436,443243.000,GPS,15,0.0,0.0,31.0,是
0703002-0918-11-09-gnss_raw.txt,2436,443243.000,GPS,18,46.0,214.0,33.0,是
0703002-0918-11-09-gnss_raw.txt,2436,443243.000,GPS,20,0.0,0.0,21.0,是
0703002-0918-11-09-gnss_raw.txt,2436,443243.000,GPS,24,65.0,45.0,34.0,是
0703002-0918-11-09-gnss_raw.txt,2436,443243.000,GPS,32,0.0,0.0,28.0,是
0703002-0918-11-09-gnss_raw.txt,2436,443243.000,GLONASS,68,20.0,69.0,26.0,是
0703002-0918-11-09-gnss_raw.txt,2436,443243.000,GLONASS,69,45.0,16.0,38.0,是
0703002-0918-11-09-gnss_raw.txt,2436,443243.000,GLONASS,70,29.0,313.0,33.0,是
0703002-0918-11-09-gnss_raw.txt,2436,443243.000,GLONASS,79,47.0,93.0,24.0,是
0703002-0918-11-09-gnss_raw.txt,2436,443243.000,GLONASS,80,27.0,160.0,33.0,是
0703002-0918-11-09-gnss_raw.txt,2436,443243.000,GLONASS,84,36.0,240.0,29.0,是
0703002-0918-11-09-gnss_raw.txt,2436,443243.000,GLONASS,85,0.0,0.0,31.0,是
0703002-0918-11-09-gnss_raw.txt,2436,443243.000,Galileo,13,0.0,0.0,34.0,是
0703002-0918-11-09-gnss_raw.txt,2436,443243.000,Galileo,26,60.0,270.0,35.0,是
0703002-0918-11-09-gnss_raw.txt,2436,443243.000,Galileo,29,34.0,271.0,31.0,是
0703002-0918-11-09-gnss_raw.txt,2436,443243.000,QZSS,3,43.0,168.0,32.0,是
0703002-0918-11-09-gnss_raw.txt,2436,443243.000,QZSS,7,53.0,169.0,28.0,是
0703002-0918-11-09-gnss_raw.txt,2436,443243.000,BDS,1,48.0,147.0,31.0,是
0703002-0918-11-09-gnss_raw.txt,2436,443243.000,BDS,2,0.0,0.0,32.0,是
0703002-0918-11-09-gnss_raw.txt,2436,443243.000,BDS,3,0.0,0.0,32.0,是
0703002-0918-11-09-gnss_raw.txt,2436,443243.000,BDS,4,37.0,120.0,27.0,是
0703002-0918-11-09-gnss_raw.txt,2436,443243.000,BDS,6,69.0,39.0,32.0,是
0703002-0918-11-09-gnss_raw.txt,2436,443243.000,BDS,7,59.0,189.0,32.0,是
0703002-0918-11-09-gnss_raw.txt,2436,443243.000,BDS,10,49.0,190.0,30.0,是
0703002-0918-11-09-gnss_raw.txt,2436,443243.000,BDS,11,0.0,0.0,27.0,是
0703002-0918-11-09-gnss_raw.txt,2436,443243.000,BDS,20,58.0,29.0,33.0,是
0703002-0918-11-09-gnss_raw.txt,2436,443243.000,BDS,29,21.0,230.0,24.0,是
0703002-0918-11-09-gnss_raw.txt,2436,443243.000,BDS,35,17.0,285.0,23.0,是
0703002-0918-11-09-gnss_raw.txt,2436,443243.000,BDS,37,46.0,77.0,31.0,是
0703002-0918-11-09-gnss_raw.txt,2436,443244.000,GPS,13,27.0,135.0,28.0,是
0703002-0918-11-09-gnss_raw.txt,2436,443244.000,GPS,15,0.0,0.0,32.0,是
0703002-0918-11-09-gnss_raw.txt,2436,443244.000,GPS,18,46.0,214.0,33.0,是
0703002-0918-11-09-gnss_raw.txt,2436,443244.000,GPS,20,0.0,0.0,19.0,是
0703002-0918-11-09-gnss_raw.txt,2436,443244.000,GPS,24,65.0,45.0,34.0,是
0703002-0918-11-09-gnss_raw.txt,2436,443244.000,GPS,32,0.0,0.0,31.0,是
0703002-0918-11-09-gnss_raw.txt,2436,443244.000,GLONASS,68,20.0,69.0,28.0,是
0703002-0918-11-09-gnss_raw.txt,2436,443244.000,GLONASS,69,45.0,16.0,38.0,是
0703002-0918-11-09-gnss_raw.txt,2436,443244.000,GLONASS,70,29.0,313.0,30.0,是
0703002-0918-11-09-gnss_raw.txt,2436,443244.000,GLONASS,79,47.0,93.0,28.0,是
0703002-0918-11-09-gnss_raw.txt,2436,443244.000,GLONASS,80,27.0,160.0,34.0,是
0703002-0918-11-09-gnss_raw.txt,2436,443244.000,GLONASS,84,36.0,240.0,33.0,是
0703002-0918-11-09-gnss_raw.txt,2436,443244.000,GLONASS,85,0.0,0.0,29.0,是
0703002-0918-11-09-gnss_raw.txt,2436,443244.000,Galileo,13,0.0,0.0,35.0,是
0703002-0918-11-09-gnss_raw.txt,2436,443244.000,Galileo,26,60.0,270.0,34.0,是
0703002-0918-11-09-gnss_raw.txt,2436,443244.000,Galileo,29,34.0,271.0,30.0,是
0703002-0918-11-09-gnss_raw.txt,2436,443244.000,QZSS,3,43.0,168.0,32.0,是
0703002-0918-11-09-gnss_raw.txt,2436,443244.000,QZSS,7,53.0,169.0,28.0,是
0703002-0918-11-09-gnss_raw.txt,2436,443244.000,BDS,1,48.0,147.0,31.0,是
0703002-0918-11-09-gnss_raw.txt,2436,443244.000,BDS,2,0.0,0.0,38.0,是
0703002-0918-11-09-gnss_raw.txt,2436,443244.000,BDS,3,0.0,0.0,31.0,是
0703002-0918-11-09-gnss_raw.txt,2436,443244.000,BDS,4,37.0,120.0,29.0,是
0703002-0918-11-09-gnss_raw.txt,2436,443244.000,BDS,6,69.0,39.0,32.0,是
0703002-0918-11-09-gnss_raw.txt,2436,443244.000,BDS,7,59.0,189.0,32.0,是
0703002-0918-11-09-gnss_raw.txt,2436,443244.000,BDS,10,49.0,190.0,30.0,是
0703002-0918-11-09-gnss_raw.txt,2436,443244.000,BDS,11,0.0,0.0,26.0,是
0703002-0918-11-09-gnss_raw.txt,2436,443244.000,BDS,20,58.0,29.0,33.0,是
0703002-0918-11-09-gnss_raw.txt,2436,443244.000,BDS,29,21.0,230.0,22.0,是
0703002-0918-11-09-gnss_raw.txt,2436,443244.000,BDS,35,17.0,285.0,24.0,是
0703002-0918-11-09-gnss_raw.txt,2436,443244.000,BDS,37,46.0,77.0,32.0,是
0703002-0918-11-09-gnss_raw.txt,2436,443245.000,GPS,13,0.0,0.0,28.0,是
0703002-0918-11-09-gnss_raw.txt,2436,443245.000,GPS,15,0.0,0.0,32.0,是
0703002-0918-11-09-gnss_raw.txt,2436,443245.000,GPS,18,46.0,214.0,33.0,是
0703002-0918-11-09-gnss_raw.txt,2436,443245.000,GPS,20,0.0,0.0,17.0,是
0703002-0918-11-09-gnss_raw.txt,2436,443245.000,GPS,24,65.0,45.0,34.0,是
0703002-0918-11-09-gnss_raw.txt,2436,443245.000,GPS,32,0.0,0.0,31.0,是
0703002-0918-11-09-gnss_raw.txt,2436,443245.000,GLONASS,68,20.0,69.0,28.0,是
0703002-0918-11-09-gnss_raw.txt,2436,443245.000,GLONASS,69,45.0,16.0,38.0,是
0703002-0918-11-09-gnss_raw.txt,2436,443245.000,GLONASS,70,29.0,313.0,32.0,是
0703002-0918-11-09-gnss_raw.txt,2436,443245.000,GLONASS,79,47.0,93.0,26.0,是
0703002-0918-11-09-gnss_raw.txt,2436,443245.000,GLONASS,80,27.0,160.0,33.0,是
0703002-0918-11-09-gnss_raw.txt,2436,443245.000,GLONASS,84,36.0,240.0,32.0,是
0703002-0918-11-09-gnss_raw.txt,2436,443245.000,GLONASS,85,0.0,0.0,31.0,是
0703002-0918-11-09-gnss_raw.txt,2436,443245.000,Galileo,13,0.0,0.0,34.0,是
0703002-0918-11-09-gnss_raw.txt,2436,443245.000,Galileo,26,60.0,270.0,34.0,是
0703002-0918-11-09-gnss_raw.txt,2436,443245.000,Galileo,29,34.0,271.0,28.0,是
0703002-0918-11-09-gnss_raw.txt,2436,443245.000,QZSS,3,43.0,168.0,32.0,是
0703002-0918-11-09-gnss_raw.txt,2436,443245.000,QZSS,7,53.0,169.0,28.0,是
0703002-0918-11-09-gnss_raw.txt,2436,443245.000,BDS,1,48.0,147.0,31.0,是
0703002-0918-11-09-gnss_raw.txt,2436,443245.000,BDS,2,0.0,0.0,37.0,是
0703002-0918-11-09-gnss_raw.txt,2436,443245.000,BDS,3,0.0,0.0,30.0,是
0703002-0918-11-09-gnss_raw.txt,2436,443245.000,BDS,4,37.0,120.0,29.0,是
0703002-0918-11-09-gnss_raw.txt,2436,443245.000,BDS,6,69.0,39.0,32.0,是
0703002-0918-11-09-gnss_raw.txt,2436,443245.000,BDS,7,59.0,189.0,32.0,是
0703002-0918-11-09-gnss_raw.txt,2436,443245.000,BDS,10,49.0,190.0,30.0,是
0703002-0918-11-09-gnss_raw.txt,2436,443245.000,BDS,11,0.0,0.0,25.0,是
0703002-0918-11-09-gnss_raw.txt,2436,443245.000,BDS,20,58.0,29.0,34.0,是
0703002-0918-11-09-gnss_raw.txt,2436,443245.000,BDS,29,21.0,230.0,23.0,是
0703002-0918-11-09-gnss_raw.txt,2436,443245.000,BDS,35,17.0,285.0,27.0,是
0703002-0918-11-09-gnss_raw.txt,2436,443245.000,BDS,37,46.0,77.0,32.0,是
0703002-0918-11-09-gnss_raw.txt,2436,443246.000,GPS,13,0.0,0.0,28.0,是
0703002-0918-11-09-gnss_raw.txt,2436,443246.000,GPS,15,0.0,0.0,32.0,是
0703002-0918-11-09-gnss_raw.txt,2436,443246.000,GPS,18,45.0,214.0,33.0,是
0703002-0918-11-09-gnss_raw.txt,2436,443246.000,GPS,20,0.0,0.0,19.0,是
0703002-0918-11-09-gnss_raw.txt,2436,443246.000,GPS,24,65.0,45.0,34.0,是
0703002-0918-11-09-gnss_raw.txt,2436,443246.000,GPS,32,0.0,0.0,28.0,是
0703002-0918-11-09-gnss_raw.txt,2436,443246.000,GLONASS,68,20.0,69.0,24.0,是
0703002-0918-11-09-gnss_raw.txt,2436,443246.000,GLONASS,69,45.0,16.0,37.0,是
0703002-0918-11-09-gnss_raw.txt,2436,443246.000,GLONASS,70,29.0,313.0,31.0,是
0703002-0918-11-09-gnss_raw.txt,2436,443246.000,GLONASS,79,47.0,93.0,29.0,是
0703002-0918-11-09-gnss_raw.txt,2436,443246.000,GLONASS,80,27.0,160.0,31.0,是
0703002-0918-11-09-gnss_raw.txt,2436,443246.000,GLONASS,84,36.0,240.0,31.0,是
0703002-0918-11-09-gnss_raw.txt,2436,443246.000,GLONASS,85,0.0,0.0,34.0,是
0703002-0918-11-09-gnss_raw.txt,2436,443246.000,Galileo,13,0.0,0.0,33.0,是
0703002-0918-11-09-gnss_raw.txt,2436,443246.000,Galileo,26,60.0,270.0,35.0,是
0703002-0918-11-09-gnss_raw.txt,2436,443246.000,Galileo,29,34.0,271.0,30.0,是
0703002-0918-11-09-gnss_raw.txt,2436,443246.000,QZSS,3,43.0,168.0,32.0,是
0703002-0918-11-09-gnss_raw.txt,2436,443246.000,QZSS,7,53.0,169.0,28.0,是
0703002-0918-11-09-gnss_raw.txt,2436,443246.000,BDS,1,48.0,147.0,31.0,是
0703002-0918-11-09-gnss_raw.txt,2436,443246.000,BDS,2,0.0,0.0,32.0,是
0703002-0918-11-09-gnss_raw.txt,2436,443246.000,BDS,3,0.0,0.0,32.0,是
0703002-0918-11-09-gnss_raw.txt,2436,443246.000,BDS,4,37.0,120.0,29.0,是
0703002-0918-11-09-gnss_raw.txt,2436,443246.000,BDS,6,69.0,39.0,32.0,是
0703002-0918-11-09-gnss_raw.txt,2436,443246.000,BDS,7,59.0,189.0,32.0,是
0703002-0918-11-09-gnss_raw.txt,2436,443246.000,BDS,10,49.0,190.0,30.0,是
0703002-0918-11-09-gnss_raw.txt,2436,443246.000,BDS,11,0.0,0.0,23.0,是
0703002-0918-11-09-gnss_raw.txt,2436,443246.000,BDS,20,58.0,29.0,34.0,是
0703002-0918-11-09-gnss_raw.txt,2436,443246.000,BDS,29,21.0,230.0,23.0,是
0703002-0918-11-09-gnss_raw.txt,2436,443246.000,BDS,35,17.0,285.0,27.0,是
0703002-0918-11-09-gnss_raw.txt,2436,443246.000,BDS,37,46.0,77.0,31.0,是
0703002-0918-11-09-gnss_raw.txt,2436,443247.000,GPS,13,28.0,135.0,28.0,是
0703002-0918-11-09-gnss_raw.txt,2436,443247.000,GPS,15,0.0,0.0,32.0,是
0703002-0918-11-09-gnss_raw.txt,2436,443247.000,GPS,18,45.0,214.0,33.0,是
0703002-0918-11-09-gnss_raw.txt,2436,443247.000,GPS,20,0.0,0.0,20.0,是
0703002-0918-11-09-gnss_raw.txt,2436,443247.000,GPS,24,65.0,45.0,34.0,是
0703002-0918-11-09-gnss_raw.txt,2436,443247.000,GPS,32,0.0,0.0,25.0,是
0703002-0918-11-09-gnss_raw.txt,2436,443247.000,GLONASS,68,20.0,69.0,26.0,是
0703002-0918-11-09-gnss_raw.txt,2436,443247.000,GLONASS,69,45.0,16.0,37.0,是
0703002-0918-11-09-gnss_raw.txt,2436,443247.000,GLONASS,70,29.0,313.0,32.0,是
0703002-0918-11-09-gnss_raw.txt,2436,443247.000,GLONASS,79,47.0,93.0,30.0,是
0703002-0918-11-09-gnss_raw.txt,2436,443247.000,GLONASS,80,27.0,160.0,31.0,是
0703002-0918-11-09-gnss_raw.txt,2436,443247.000,GLONASS,84,36.0,240.0,31.0,是
0703002-0918-11-09-gnss_raw.txt,2436,443247.000,GLONASS,85,0.0,0.0,32.0,是
0703002-0918-11-09-gnss_raw.txt,2436,443247.000,Galileo,13,0.0,0.0,34.0,是
0703002-0918-11-09-gnss_raw.txt,2436,443247.000,Galileo,26,60.0,270.0,35.0,是
0703002-0918-11-09-gnss_raw.txt,2436,443247.000,Galileo,29,34.0,271.0,26.0,是
0703002-0918-11-09-gnss_raw.txt,2436,443247.000,QZSS,3,43.0,168.0,32.0,是
0703002-0918-11-09-gnss_raw.txt,2436,443247.000,QZSS,7,53.0,169.0,28.0,是
0703002-0918-11-09-gnss_raw.txt,2436,443247.000,BDS,1,48.0,147.0,30.0,是
0703002-0918-11-09-gnss_raw.txt,2436,443247.000,BDS,2,0.0,0.0,34.0,是
0703002-0918-11-09-gnss_raw.txt,2436,443247.000,BDS,3,0.0,0.0,32.0,是
0703002-0918-11-09-gnss_raw.txt,2436,443247.000,BDS,4,37.0,120.0,29.0,是
0703002-0918-11-09-gnss_raw.txt,2436,443247.000,BDS,6,69.0,39.0,32.0,是
0703002-0918-11-09-gnss_raw.txt,2436,443247.000,BDS,7,59.0,189.0,32.0,是
0703002-0918-11-09-gnss_raw.txt,2436,443247.000,BDS,10,49.0,190.0,30.0,是
0703002-0918-11-09-gnss_raw.txt,2436,443247.000,BDS,11,0.0,0.0,21.0,是
0703002-0918-11-09-gnss_raw.txt,2436,443247.000,BDS,20,58.0,29.0,34.0,是
0703002-0918-11-09-gnss_raw.txt,2436,443247.000,BDS,29,21.0,230.0,21.0,是
0703002-0918-11-09-gnss_raw.txt,2436,443247.000,BDS,35,17.0,285.0,26.0,是
0703002-0918-11-09-gnss_raw.txt,2436,443247.000,BDS,37,46.0,77.0,32.0,是
0703002-0918-11-09-gnss_raw.txt,2436,443248.000,GPS,13,28.0,135.0,29.0,是
0703002-0918-11-09-gnss_raw.txt,2436,443248.000,GPS,15,0.0,0.0,32.0,是
0703002-0918-11-09-gnss_raw.txt,2436,443248.000,GPS,18,45.0,214.0,33.0,是
0703002-0918-11-09-gnss_raw.txt,2436,443248.000,GPS,20,0.0,0.0,20.0,是
0703002-0918-11-09-gnss_raw.txt,2436,443248.000,GPS,24,65.0,45.0,34.0,是
0703002-0918-11-09-gnss_raw.txt,2436,443248.000,GPS,32,0.0,0.0,25.0,是
0703002-0918-11-09-gnss_raw.txt,2436,443248.000,GLONASS,68,20.0,69.0,28.0,是
0703002-0918-11-09-gnss_raw.txt,2436,443248.000,GLONASS,69,45.0,16.0,38.0,是
0703002-0918-11-09-gnss_raw.txt,2436,443248.000,GLONASS,70,29.0,313.0,32.0,是
0703002-0918-11-09-gnss_raw.txt,2436,443248.000,GLONASS,79,47.0,93.0,30.0,是
0703002-0918-11-09-gnss_raw.txt,2436,443248.000,GLONASS,80,0.0,0.0,32.0,是
0703002-0918-11-09-gnss_raw.txt,2436,443248.000,GLONASS,84,36.0,240.0,31.0,是
0703002-0918-11-09-gnss_raw.txt,2436,443248.000,GLONASS,85,0.0,0.0,30.0,是
0703002-0918-11-09-gnss_raw.txt,2436,443248.000,Galileo,13,0.0,0.0,34.0,是
0703002-0918-11-09-gnss_raw.txt,2436,443248.000,Galileo,26,60.0,270.0,34.0,是
0703002-0918-11-09-gnss_raw.txt,2436,443248.000,Galileo,29,34.0,271.0,30.0,是
0703002-0918-11-09-gnss_raw.txt,2436,443248.000,QZSS,3,43.0,168.0,32.0,是
0703002-0918-11-09-gnss_raw.txt,2436,443248.000,QZSS,7,53.0,169.0,27.0,是
0703002-0918-11-09-gnss_raw.txt,2436,443248.000,BDS,1,48.0,147.0,30.0,是
0703002-0918-11-09-gnss_raw.txt,2436,443248.000,BDS,2,0.0,0.0,35.0,是
0703002-0918-11-09-gnss_raw.txt,2436,443248.000,BDS,3,0.0,0.0,32.0,是
0703002-0918-11-09-gnss_raw.txt,2436,443248.000,BDS,4,37.0,120.0,27.0,是
0703002-0918-11-09-gnss_raw.txt,2436,443248.000,BDS,6,69.0,39.0,33.0,是
0703002-0918-11-09-gnss_raw.txt,2436,443248.000,BDS,7,59.0,189.0,32.0,是
0703002-0918-11-09-gnss_raw.txt,2436,443248.000,BDS,10,49.0,190.0,30.0,是
0703002-0918-11-09-gnss_raw.txt,2436,443248.000,BDS,11,0.0,0.0,22.0,是
0703002-0918-11-09-gnss_raw.txt,2436,443248.000,BDS,20,58.0,29.0,34.0,是
0703002-0918-11-09-gnss_raw.txt,2436,443248.000,BDS,29,21.0,230.0,20.0,是
0703002-0918-11-09-gnss_raw.txt,2436,443248.000,BDS,35,17.0,285.0,25.0,是
0703002-0918-11-09-gnss_raw.txt,2436,443248.000,BDS,37,46.0,77.0,32.0,是
0703002-0918-11-09-gnss_raw.txt,2436,443249.000,GPS,13,28.0,135.0,29.0,是
0703002-0918-11-09-gnss_raw.txt,2436,443249.000,GPS,15,0.0,0.0,32.0,是
0703002-0918-11-09-gnss_raw.txt,2436,443249.000,GPS,18,45.0,214.0,33.0,是
0703002-0918-11-09-gnss_raw.txt,2436,443249.000,GPS,24,65.0,45.0,34.0,是
0703002-0918-11-09-gnss_raw.txt,2436,443249.000,GPS,32,0.0,0.0,26.0,是
0703002-0918-11-09-gnss_raw.txt,2436,443249.000,GLONASS,68,0.0,0.0,22.0,是
0703002-0918-11-09-gnss_raw.txt,2436,443249.000,GLONASS,69,45.0,16.0,38.0,是
0703002-0918-11-09-gnss_raw.txt,2436,443249.000,GLONASS,70,29.0,313.0,32.0,是
0703002-0918-11-09-gnss_raw.txt,2436,443249.000,GLONASS,79,47.0,93.0,27.0,是
0703002-0918-11-09-gnss_raw.txt,2436,443249.000,GLONASS,80,27.0,160.0,31.0,是
0703002-0918-11-09-gnss_raw.txt,2436,443249.000,GLONASS,84,36.0,240.0,33.0,是
0703002-0918-11-09-gnss_raw.txt,2436,443249.000,GLONASS,85,0.0,0.0,32.0,是
0703002-0918-11-09-gnss_raw.txt,2436,443249.000,Galileo,13,0.0,0.0,35.0,是
0703002-0918-11-09-gnss_raw.txt,2436,443249.000,Galileo,26,60.0,270.0,34.0,是
0703002-0918-11-09-gnss_raw.txt,2436,443249.000,Galileo,29,34.0,271.0,29.0,是
0703002-0918-11-09-gnss_raw.txt,2436,443249.000,QZSS,3,43.0,168.0,32.0,是
0703002-0918-11-09-gnss_raw.txt,2436,443249.000,QZSS,7,53.0,169.0,28.0,是
0703002-0918-11-09-gnss_raw.txt,2436,443249.000,BDS,1,48.0,147.0,30.0,是
0703002-0918-11-09-gnss_raw.txt,2436,443249.000,BDS,2,0.0,0.0,36.0,是
0703002-0918-11-09-gnss_raw.txt,2436,443249.000,BDS,3,0.0,0.0,32.0,是
0703002-0918-11-09-gnss_raw.txt,2436,443249.000,BDS,4,37.0,120.0,28.0,是
0703002-0918-11-09-gnss_raw.txt,2436,443249.000,BDS,6,69.0,39.0,33.0,是
0703002-0918-11-09-gnss_raw.txt,2436,443249.000,BDS,7,59.0,189.0,32.0,是
0703002-0918-11-09-gnss_raw.txt,2436,443249.000,BDS,10,49.0,190.0,30.0,是
0703002-0918-11-09-gnss_raw.txt,2436,443249.000,BDS,11,0.0,0.0,24.0,是
0703002-0918-11-09-gnss_raw.txt,2436,443249.000,BDS,20,58.0,29.0,34.0,是
0703002-0918-11-09-gnss_raw.txt,2436,443249.000,BDS,29,21.0,230.0,20.0,是
0703002-0918-11-09-gnss_raw.txt,2436,443249.000,BDS,35,17.0,285.0,25.0,是
0703002-0918-11-09-gnss_raw.txt,2436,443249.000,BDS,37,46.0,77.0,32.0,是
0703002-0918-11-09-gnss_raw.txt,2436,443250.000,GPS,13,0.0,0.0,27.0,是
0703002-0918-11-09-gnss_raw.txt,2436,443250.000,GPS,15,0.0,0.0,32.0,是
0703002-0918-11-09-gnss_raw.txt,2436,443250.000,GPS,18,45.0,214.0,34.0,是
0703002-0918-11-09-gnss_raw.txt,2436,443250.000,GPS,24,65.0,45.0,34.0,是
0703002-0918-11-09-gnss_raw.txt,2436,443250.000,GPS,32,0.0,0.0,27.0,是
0703002-0918-11-09-gnss_raw.txt,2436,443250.000,GLONASS,68,20.0,69.0,26.0,是
0703002-0918-11-09-gnss_raw.txt,2436,443250.000,GLONASS,69,45.0,16.0,38.0,是
0703002-0918-11-09-gnss_raw.txt,2436,443250.000,GLONASS,70,29.0,313.0,29.0,是
0703002-0918-11-09-gnss_raw.txt,2436,443250.000,GLONASS,79,47.0,93.0,29.0,是
0703002-0918-11-09-gnss_raw.txt,2436,443250.000,GLONASS,80,27.0,160.0,31.0,是
0703002-0918-11-09-gnss_raw.txt,2436,443250.000,GLONASS,84,36.0,240.0,34.0,是
0703002-0918-11-09-gnss_raw.txt,2436,443250.000,GLONASS,85,0.0,0.0,31.0,是
0703002-0918-11-09-gnss_raw.txt,2436,443250.000,Galileo,13,0.0,0.0,35.0,是
0703002-0918-11-09-gnss_raw.txt,2436,443250.000,Galileo,26,60.0,270.0,34.0,是
0703002-0918-11-09-gnss_raw.txt,2436,443250.000,Galileo,29,34.0,271.0,28.0,是
0703002-0918-11-09-gnss_raw.txt,2436,443250.000,QZSS,3,43.0,168.0,32.0,是
0703002-0918-11-09-gnss_raw.txt,2436,443250.000,QZSS,7,53.0,169.0,28.0,是
0703002-0918-11-09-gnss_raw.txt,2436,443250.000,BDS,1,48.0,147.0,31.0,是
0703002-0918-11-09-gnss_raw.txt,2436,443250.000,BDS,2,0.0,0.0,37.0,是
0703002-0918-11-09-gnss_raw.txt,2436,443250.000,BDS,3,0.0,0.0,31.0,是
0703002-0918-11-09-gnss_raw.txt,2436,443250.000,BDS,4,37.0,120.0,30.0,是
0703002-0918-11-09-gnss_raw.txt,2436,443250.000,BDS,6,69.0,39.0,32.0,是
0703002-0918-11-09-gnss_raw.txt,2436,443250.000,BDS,7,59.0,189.0,32.0,是
0703002-0918-11-09-gnss_raw.txt,2436,443250.000,BDS,10,49.0,190.0,31.0,是
0703002-0918-11-09-gnss_raw.txt,2436,443250.000,BDS,11,0.0,0.0,25.0,是
0703002-0918-11-09-gnss_raw.txt,2436,443250.000,BDS,20,58.0,29.0,34.0,是
0703002-0918-11-09-gnss_raw.txt,2436,443250.000,BDS,29,21.0,230.0,19.0,是
0703002-0918-11-09-gnss_raw.txt,2436,443250.000,BDS,35,17.0,285.0,26.0,是
0703002-0918-11-09-gnss_raw.txt,2436,443250.000,BDS,37,46.0,77.0,32.0,是
0703002-0918-11-09-gnss_raw.txt,2436,443251.000,GPS,13,28.0,135.0,26.0,是
0703002-0918-11-09-gnss_raw.txt,2436,443251.000,GPS,15,0.0,0.0,32.0,是
0703002-0918-11-09-gnss_raw.txt,2436,443251.000,GPS,18,45.0,214.0,34.0,是
0703002-0918-11-09-gnss_raw.txt,2436,443251.000,GPS,24,65.0,45.0,34.0,是
0703002-0918-11-09-gnss_raw.txt,2436,443251.000,GPS,32,0.0,0.0,27.0,是
0703002-0918-11-09-gnss_raw.txt,2436,443251.000,GLONASS,68,20.0,69.0,31.0,是
0703002-0918-11-09-gnss_raw.txt,2436,443251.000,GLONASS,69,45.0,16.0,38.0,是
0703002-0918-11-09-gnss_raw.txt,2436,443251.000,GLONASS,70,29.0,313.0,31.0,是
0703002-0918-11-09-gnss_raw.txt,2436,443251.000,GLONASS,79,47.0,93.0,32.0,是
0703002-0918-11-09-gnss_raw.txt,2436,443251.000,GLONASS,80,27.0,160.0,33.0,是
0703002-0918-11-09-gnss_raw.txt,2436,443251.000,GLONASS,84,36.0,240.0,33.0,是
0703002-0918-11-09-gnss_raw.txt,2436,443251.000,GLONASS,85,0.0,0.0,29.0,是
0703002-0918-11-09-gnss_raw.txt,2436,443251.000,Galileo,13,0.0,0.0,35.0,是
0703002-0918-11-09-gnss_raw.txt,2436,443251.000,Galileo,26,60.0,270.0,34.0,是
0703002-0918-11-09-gnss_raw.txt,2436,443251.000,Galileo,29,34.0,271.0,29.0,是
0703002-0918-11-09-gnss_raw.txt,2436,443251.000,QZSS,3,43.0,168.0,32.0,是
0703002-0918-11-09-gnss_raw.txt,2436,443251.000,QZSS,7,53.0,169.0,27.0,是
0703002-0918-11-09-gnss_raw.txt,2436,443251.000,BDS,1,48.0,147.0,30.0,是
0703002-0918-11-09-gnss_raw.txt,2436,443251.000,BDS,2,0.0,0.0,28.0,是
0703002-0918-11-09-gnss_raw.txt,2436,443251.000,BDS,3,0.0,0.0,32.0,是
0703002-0918-11-09-gnss_raw.txt,2436,443251.000,BDS,4,0.0,0.0,27.0,是
0703002-0918-11-09-gnss_raw.txt,2436,443251.000,BDS,6,69.0,39.0,32.0,是
0703002-0918-11-09-gnss_raw.txt,2436,443251.000,BDS,7,59.0,189.0,32.0,是
0703002-0918-11-09-gnss_raw.txt,2436,443251.000,BDS,10,49.0,190.0,31.0,是
0703002-0918-11-09-gnss_raw.txt,2436,443251.000,BDS,11,0.0,0.0,24.0,是
0703002-0918-11-09-gnss_raw.txt,2436,443251.000,BDS,20,58.0,29.0,34.0,是
0703002-0918-11-09-gnss_raw.txt,2436,443251.000,BDS,29,21.0,230.0,21.0,是
0703002-0918-11-09-gnss_raw.txt,2436,443251.000,BDS,35,17.0,285.0,25.0,是
0703002-0918-11-09-gnss_raw.txt,2436,443251.000,BDS,37,46.0,77.0,32.0,是
0703002-0918-11-09-gnss_raw.txt,2436,443252.000,GPS,13,0.0,0.0,26.0,是
0703002-0918-11-09-gnss_raw.txt,2436,443252.000,GPS,15,0.0,0.0,32.0,是
0703002-0918-11-09-gnss_raw.txt,2436,443252.000,GPS,18,45.0,214.0,34.0,是
0703002-0918-11-09-gnss_raw.txt,2436,443252.000,GPS,24,65.0,45.0,34.0,是
0703002-0918-11-09-gnss_raw.txt,2436,443252.000,GPS,32,0.0,0.0,25.0,是
0703002-0918-11-09-gnss_raw.txt,2436,443252.000,GLONASS,68,20.0,69.0,31.0,是
0703002-0918-11-09-gnss_raw.txt,2436,443252.000,GLONASS,69,45.0,16.0,38.0,是
0703002-0918-11-09-gnss_raw.txt,2436,443252.000,GLONASS,70,29.0,313.0,32.0,是
0703002-0918-11-09-gnss_raw.txt,2436,443252.000,GLONASS,79,47.0,93.0,32.0,是
0703002-0918-11-09-gnss_raw.txt,2436,443252.000,GLONASS,80,27.0,160.0,33.0,是
0703002-0918-11-09-gnss_raw.txt,2436,443252.000,GLONASS,84,36.0,240.0,32.0,是
0703002-0918-11-09-gnss_raw.txt,2436,443252.000,GLONASS,85,0.0,0.0,32.0,是
0703002-0918-11-09-gnss_raw.txt,2436,443252.000,Galileo,13,0.0,0.0,34.0,是
0703002-0918-11-09-gnss_raw.txt,2436,443252.000,Galileo,26,60.0,270.0,35.0,是
0703002-0918-11-09-gnss_raw.txt,2436,443252.000,Galileo,29,34.0,271.0,29.0,是
0703002-0918-11-09-gnss_raw.txt,2436,443252.000,QZSS,3,43.0,168.0,32.0,是
0703002-0918-11-09-gnss_raw.txt,2436,443252.000,QZSS,7,53.0,169.0,27.0,是
0703002-0918-11-09-gnss_raw.txt,2436,443252.000,BDS,1,48.0,147.0,31.0,是
0703002-0918-11-09-gnss_raw.txt,2436,443252.000,BDS,2,0.0,0.0,28.0,是
0703002-0918-11-09-gnss_raw.txt,2436,443252.000,BDS,3,0.0,0.0,32.0,是
0703002-0918-11-09-gnss_raw.txt,2436,443252.000,BDS,4,37.0,120.0,28.0,是
0703002-0918-11-09-gnss_raw.txt,2436,443252.000,BDS,6,69.0,39.0,32.0,是
0703002-0918-11-09-gnss_raw.txt,2436,443252.000,BDS,7,59.0,189.0,32.0,是
0703002-0918-11-09-gnss_raw.txt,2436,443252.000,BDS,10,49.0,190.0,31.0,是
0703002-0918-11-09-gnss_raw.txt,2436,443252.000,BDS,11,0.0,0.0,23.0,是
0703002-0918-11-09-gnss_raw.txt,2436,443252.000,BDS,20,58.0,29.0,33.0,是
0703002-0918-11-09-gnss_raw.txt,2436,443252.000,BDS,29,21.0,230.0,22.0,是
0703002-0918-11-09-gnss_raw.txt,2436,443252.000,BDS,35,17.0,285.0,26.0,是
0703002-0918-11-09-gnss_raw.txt,2436,443252.000,BDS,37,46.0,77.0,32.0,是
0703002-0918-11-09-gnss_raw.txt,2436,443253.000,GPS,13,28.0,135.0,26.0,是
0703002-0918-11-09-gnss_raw.txt,2436,443253.000,GPS,15,0.0,0.0,31.0,是
0703002-0918-11-09-gnss_raw.txt,2436,443253.000,GPS,18,45.0,214.0,34.0,是
0703002-0918-11-09-gnss_raw.txt,2436,443253.000,GPS,24,65.0,45.0,34.0,是
0703002-0918-11-09-gnss_raw.txt,2436,443253.000,GPS,32,0.0,0.0,22.0,是
0703002-0918-11-09-gnss_raw.txt,2436,443253.000,GLONASS,68,20.0,69.0,29.0,是
0703002-0918-11-09-gnss_raw.txt,2436,443253.000,GLONASS,69,45.0,16.0,39.0,是
0703002-0918-11-09-gnss_raw.txt,2436,443253.000,GLONASS,70,29.0,313.0,30.0,是
0703002-0918-11-09-gnss_raw.txt,2436,443253.000,GLONASS,79,47.0,92.0,33.0,是
0703002-0918-11-09-gnss_raw.txt,2436,443253.000,GLONASS,80,27.0,160.0,32.0,是
0703002-0918-11-09-gnss_raw.txt,2436,443253.000,GLONASS,84,36.0,240.0,33.0,是
0703002-0918-11-09-gnss_raw.txt,2436,443253.000,GLONASS,85,0.0,0.0,32.0,是
0703002-0918-11-09-gnss_raw.txt,2436,443253.000,Galileo,13,0.0,0.0,35.0,是
0703002-0918-11-09-gnss_raw.txt,2436,443253.000,Galileo,26,60.0,270.0,35.0,是
0703002-0918-11-09-gnss_raw.txt,2436,443253.000,Galileo,29,34.0,271.0,31.0,是
0703002-0918-11-09-gnss_raw.txt,2436,443253.000,QZSS,3,43.0,168.0,32.0,是
0703002-0918-11-09-gnss_raw.txt,2436,443253.000,QZSS,7,53.0,169.0,27.0,是
0703002-0918-11-09-gnss_raw.txt,2436,443253.000,BDS,1,48.0,147.0,30.0,是
0703002-0918-11-09-gnss_raw.txt,2436,443253.000,BDS,2,0.0,0.0,38.0,是
0703002-0918-11-09-gnss_raw.txt,2436,443253.000,BDS,3,0.0,0.0,33.0,是
0703002-0918-11-09-gnss_raw.txt,2436,443253.000,BDS,4,37.0,120.0,26.0,是
0703002-0918-11-09-gnss_raw.txt,2436,443253.000,BDS,6,69.0,39.0,32.0,是
0703002-0918-11-09-gnss_raw.txt,2436,443253.000,BDS,7,59.0,189.0,32.0,是
0703002-0918-11-09-gnss_raw.txt,2436,443253.000,BDS,10,49.0,190.0,31.0,是
0703002-0918-11-09-gnss_raw.txt,2436,443253.000,BDS,11,0.0,0.0,22.0,是
0703002-0918-11-09-gnss_raw.txt,2436,443253.000,BDS,20,58.0,29.0,33.0,是
0703002-0918-11-09-gnss_raw.txt,2436,443253.000,BDS,29,21.0,230.0,23.0,是
0703002-0918-11-09-gnss_raw.txt,2436,443253.000,BDS,35,17.0,285.0,24.0,是
0703002-0918-11-09-gnss_raw.txt,2436,443253.000,BDS,37,46.0,77.0,32.0,是
0703002-0918-11-09-gnss_raw.txt,2436,443254.000,GPS,13,28.0,135.0,27.0,是
0703002-0918-11-09-gnss_raw.txt,2436,443254.000,GPS,15,0.0,0.0,32.0,是
0703002-0918-11-09-gnss_raw.txt,2436,443254.000,GPS,18,45.0,214.0,33.0,是
0703002-0918-11-09-gnss_raw.txt,2436,443254.000,GPS,24,65.0,45.0,34.0,是
0703002-0918-11-09-gnss_raw.txt,2436,443254.000,GPS,32,0.0,0.0,21.0,是
0703002-0918-11-09-gnss_raw.txt,2436,443254.000,GLONASS,68,20.0,69.0,31.0,是
0703002-0918-11-09-gnss_raw.txt,2436,443254.000,GLONASS,69,45.0,16.0,39.0,是
0703002-0918-11-09-gnss_raw.txt,2436,443254.000,GLONASS,70,29.0,313.0,31.0,是
0703002-0918-11-09-gnss_raw.txt,2436,443254.000,GLONASS,79,47.0,92.0,35.0,是
0703002-0918-11-09-gnss_raw.txt,2436,443254.000,GLONASS,80,27.0,160.0,30.0,是
0703002-0918-11-09-gnss_raw.txt,2436,443254.000,GLONASS,84,36.0,240.0,34.0,是
0703002-0918-11-09-gnss_raw.txt,2436,443254.000,GLONASS,85,0.0,0.0,29.0,是
0703002-0918-11-09-gnss_raw.txt,2436,443254.000,Galileo,13,0.0,0.0,32.0,是
0703002-0918-11-09-gnss_raw.txt,2436,443254.000,Galileo,26,60.0,270.0,35.0,是
0703002-0918-11-09-gnss_raw.txt,2436,443254.000,Galileo,29,34.0,271.0,30.0,是
0703002-0918-11-09-gnss_raw.txt,2436,443254.000,QZSS,3,43.0,168.0,30.0,是
0703002-0918-11-09-gnss_raw.txt,2436,443254.000,QZSS,7,53.0,169.0,27.0,是
0703002-0918-11-09-gnss_raw.txt,2436,443254.000,BDS,1,48.0,147.0,31.0,是
0703002-0918-11-09-gnss_raw.txt,2436,443254.000,BDS,2,0.0,0.0,26.0,是
0703002-0918-11-09-gnss_raw.txt,2436,443254.000,BDS,3,0.0,0.0,32.0,是
0703002-0918-11-09-gnss_raw.txt,2436,443254.000,BDS,6,69.0,39.0,32.0,是
0703002-0918-11-09-gnss_raw.txt,2436,443254.000,BDS,7,59.0,189.0,32.0,是
0703002-0918-11-09-gnss_raw.txt,2436,443254.000,BDS,10,49.0,190.0,31.0,是
0703002-0918-11-09-gnss_raw.txt,2436,443254.000,BDS,11,0.0,0.0,21.0,是
0703002-0918-11-09-gnss_raw.txt,2436,443254.000,BDS,20,58.0,29.0,34.0,是
0703002-0918-11-09-gnss_raw.txt,2436,443254.000,BDS,29,21.0,230.0,22.0,是
0703002-0918-11-09-gnss_raw.txt,2436,443254.000,BDS,35,17.0,285.0,21.0,是
0703002-0918-11-09-gnss_raw.txt,2436,443254.000,BDS,37,46.0,77.0,32.0,是
0703002-0918-11-09-gnss_raw.txt,2436,443255.000,GPS,13,28.0,135.0,27.0,是
0703002-0918-11-09-gnss_raw.txt,2436,443255.000,GPS,15,0.0,0.0,32.0,是
0703002-0918-11-09-gnss_raw.txt,2436,443255.000,GPS,18,45.0,214.0,33.0,是
0703002-0918-11-09-gnss_raw.txt,2436,443255.000,GPS,24,65.0,45.0,34.0,是
0703002-0918-11-09-gnss_raw.txt,2436,443255.000,GPS,32,0.0,0.0,20.0,是
0703002-0918-11-09-gnss_raw.txt,2436,443255.000,GLONASS,68,20.0,69.0,30.0,是
0703002-0918-11-09-gnss_raw.txt,2436,443255.000,GLONASS,69,45.0,16.0,39.0,是
0703002-0918-11-09-gnss_raw.txt,2436,443255.000,GLONASS,70,29.0,313.0,27.0,是
0703002-0918-11-09-gnss_raw.txt,2436,443255.000,GLONASS,79,47.0,92.0,35.0,是
0703002-0918-11-09-gnss_raw.txt,2436,443255.000,GLONASS,80,27.0,160.0,29.0,是
0703002-0918-11-09-gnss_raw.txt,2436,443255.000,GLONASS,84,36.0,240.0,34.0,是
0703002-0918-11-09-gnss_raw.txt,2436,443255.000,GLONASS,85,0.0,0.0,25.0,是
0703002-0918-11-09-gnss_raw.txt,2436,443255.000,Galileo,13,0.0,0.0,31.0,是
0703002-0918-11-09-gnss_raw.txt,2436,443255.000,Galileo,26,60.0,270.0,35.0,是
0703002-0918-11-09-gnss_raw.txt,2436,443255.000,Galileo,29,34.0,271.0,26.0,是
0703002-0918-11-09-gnss_raw.txt,2436,443255.000,QZSS,3,43.0,168.0,27.0,是
0703002-0918-11-09-gnss_raw.txt,2436,443255.000,QZSS,7,53.0,169.0,27.0,是
0703002-0918-11-09-gnss_raw.txt,2436,443255.000,BDS,1,48.0,147.0,28.0,是
0703002-0918-11-09-gnss_raw.txt,2436,443255.000,BDS,2,0.0,0.0,29.0,是
0703002-0918-11-09-gnss_raw.txt,2436,443255.000,BDS,3,0.0,0.0,32.0,是
0703002-0918-11-09-gnss_raw.txt,2436,443255.000,BDS,4,37.0,120.0,39.0,是
0703002-0918-11-09-gnss_raw.txt,2436,443255.000,BDS,6,69.0,39.0,32.0,是
0703002-0918-11-09-gnss_raw.txt,2436,443255.000,BDS,7,59.0,189.0,32.0,是
0703002-0918-11-09-gnss_raw.txt,2436,443255.000,BDS,10,49.0,190.0,31.0,是
0703002-0918-11-09-gnss_raw.txt,2436,443255.000,BDS,11,0.0,0.0,20.0,是
0703002-0918-11-09-gnss_raw.txt,2436,443255.000,BDS,20,58.0,29.0,34.0,是
0703002-0918-11-09-gnss_raw.txt,2436,443255.000,BDS,29,21.0,230.0,22.0,是
0703002-0918-11-09-gnss_raw.txt,2436,443255.000,BDS,35,17.0,285.0,18.0,是
0703002-0918-11-09-gnss_raw.txt,2436,443255.000,BDS,37,46.0,77.0,32.0,是
0703002-0918-11-09-gnss_raw.txt,2436,443256.000,GPS,13,28.0,135.0,27.0,是
0703002-0918-11-09-gnss_raw.txt,2436,443256.000,GPS,15,0.0,0.0,32.0,是
0703002-0918-11-09-gnss_raw.txt,2436,443256.000,GPS,18,45.0,214.0,33.0,是
0703002-0918-11-09-gnss_raw.txt,2436,443256.000,GPS,24,65.0,45.0,34.0,是
0703002-0918-11-09-gnss_raw.txt,2436,443256.000,GPS,32,0.0,0.0,20.0,是
0703002-0918-11-09-gnss_raw.txt,2436,443256.000,GLONASS,68,20.0,69.0,29.0,是
0703002-0918-11-09-gnss_raw.txt,2436,443256.000,GLONASS,69,45.0,16.0,37.0,是
0703002-0918-11-09-gnss_raw.txt,2436,443256.000,GLONASS,70,29.0,313.0,24.0,是
0703002-0918-11-09-gnss_raw.txt,2436,443256.000,GLONASS,79,47.0,92.0,35.0,是
0703002-0918-11-09-gnss_raw.txt,2436,443256.000,GLONASS,80,27.0,160.0,26.0,是
0703002-0918-11-09-gnss_raw.txt,2436,443256.000,GLONASS,84,36.0,240.0,33.0,是
0703002-0918-11-09-gnss_raw.txt,2436,443256.000,GLONASS,85,0.0,0.0,27.0,是
0703002-0918-11-09-gnss_raw.txt,2436,443256.000,Galileo,13,0.0,0.0,32.0,是
0703002-0918-11-09-gnss_raw.txt,2436,443256.000,Galileo,26,60.0,270.0,35.0,是
0703002-0918-11-09-gnss_raw.txt,2436,443256.000,Galileo,29,34.0,271.0,26.0,是
0703002-0918-11-09-gnss_raw.txt,2436,443256.000,QZSS,3,43.0,168.0,27.0,是
0703002-0918-11-09-gnss_raw.txt,2436,443256.000,QZSS,7,53.0,169.0,26.0,是
0703002-0918-11-09-gnss_raw.txt,2436,443256.000,BDS,1,48.0,147.0,29.0,是
0703002-0918-11-09-gnss_raw.txt,2436,443256.000,BDS,2,0.0,0.0,28.0,是
0703002-0918-11-09-gnss_raw.txt,2436,443256.000,BDS,3,0.0,0.0,31.0,是
0703002-0918-11-09-gnss_raw.txt,2436,443256.000,BDS,4,37.0,120.0,29.0,是
0703002-0918-11-09-gnss_raw.txt,2436,443256.000,BDS,6,69.0,39.0,32.0,是
0703002-0918-11-09-gnss_raw.txt,2436,443256.000,BDS,7,59.0,189.0,32.0,是
0703002-0918-11-09-gnss_raw.txt,2436,443256.000,BDS,10,49.0,190.0,31.0,是
0703002-0918-11-09-gnss_raw.txt,2436,443256.000,BDS,11,0.0,0.0,22.0,是
0703002-0918-11-09-gnss_raw.txt,2436,443256.000,BDS,20,58.0,29.0,34.0,是
0703002-0918-11-09-gnss_raw.txt,2436,443256.000,BDS,29,21.0,230.0,21.0,是
0703002-0918-11-09-gnss_raw.txt,2436,443256.000,BDS,35,17.0,285.0,16.0,是
0703002-0918-11-09-gnss_raw.txt,2436,443256.000,BDS,37,46.0,77.0,32.0,是
0703002-0918-11-09-gnss_raw.txt,2436,443257.000,GPS,13,0.0,0.0,27.0,是
0703002-0918-11-09-gnss_raw.txt,2436,443257.000,GPS,15,0.0,0.0,32.0,是
0703002-0918-11-09-gnss_raw.txt,2436,443257.000,GPS,18,45.0,214.0,33.0,是
0703002-0918-11-09-gnss_raw.txt,2436,443257.000,GPS,24,65.0,45.0,34.0,是
0703002-0918-11-09-gnss_raw.txt,2436,443257.000,GPS,32,0.0,0.0,22.0,是
0703002-0918-11-09-gnss_raw.txt,2436,443257.000,GLONASS,68,20.0,69.0,28.0,是
0703002-0918-11-09-gnss_raw.txt,2436,443257.000,GLONASS,69,45.0,16.0,37.0,是
0703002-0918-11-09-gnss_raw.txt,2436,443257.000,GLONASS,70,29.0,313.0,24.0,是
0703002-0918-11-09-gnss_raw.txt,2436,443257.000,GLONASS,79,47.0,92.0,34.0,是
0703002-0918-11-09-gnss_raw.txt,2436,443257.000,GLONASS,80,27.0,160.0,30.0,是
0703002-0918-11-09-gnss_raw.txt,2436,443257.000,GLONASS,84,36.0,240.0,34.0,是
0703002-0918-11-09-gnss_raw.txt,2436,443257.000,GLONASS,85,0.0,0.0,33.0,是
0703002-0918-11-09-gnss_raw.txt,2436,443257.000,Galileo,13,0.0,0.0,31.0,是
0703002-0918-11-09-gnss_raw.txt,2436,443257.000,Galileo,26,60.0,270.0,35.0,是
0703002-0918-11-09-gnss_raw.txt,2436,443257.000,Galileo,29,34.0,271.0,27.0,是
0703002-0918-11-09-gnss_raw.txt,2436,443257.000,QZSS,3,43.0,168.0,27.0,是
0703002-0918-11-09-gnss_raw.txt,2436,443257.000,QZSS,7,53.0,169.0,26.0,是
0703002-0918-11-09-gnss_raw.txt,2436,443257.000,BDS,1,48.0,147.0,32.0,是
0703002-0918-11-09-gnss_raw.txt,2436,443257.000,BDS,2,0.0,0.0,29.0,是
0703002-0918-11-09-gnss_raw.txt,2436,443257.000,BDS,3,0.0,0.0,29.0,是
0703002-0918-11-09-gnss_raw.txt,2436,443257.000,BDS,4,37.0,120.0,27.0,是
0703002-0918-11-09-gnss_raw.txt,2436,443257.000,BDS,6,69.0,39.0,32.0,是
0703002-0918-11-09-gnss_raw.txt,2436,443257.000,BDS,7,59.0,189.0,32.0,是
0703002-0918-11-09-gnss_raw.txt,2436,443257.000,BDS,10,49.0,190.0,30.0,是
0703002-0918-11-09-gnss_raw.txt,2436,443257.000,BDS,11,0.0,0.0,20.0,是
0703002-0918-11-09-gnss_raw.txt,2436,443257.000,BDS,20,58.0,29.0,34.0,是
0703002-0918-11-09-gnss_raw.txt,2436,443257.000,BDS,29,20.0,230.0,21.0,是
0703002-0918-11-09-gnss_raw.txt,2436,443257.000,BDS,35,17.0,285.0,18.0,是
0703002-0918-11-09-gnss_raw.txt,2436,443257.000,BDS,37,46.0,77.0,32.0,是
0703002-0918-11-09-gnss_raw.txt,2436,443258.000,GPS,13,0.0,0.0,24.0,是
0703002-0918-11-09-gnss_raw.txt,2436,443258.000,GPS,15,0.0,0.0,32.0,是
0703002-0918-11-09-gnss_raw.txt,2436,443258.000,GPS,18,45.0,214.0,33.0,是
0703002-0918-11-09-gnss_raw.txt,2436,443258.000,GPS,24,65.0,45.0,34.0,是
0703002-0918-11-09-gnss_raw.txt,2436,443258.000,GPS,32,0.0,0.0,24.0,是
0703002-0918-11-09-gnss_raw.txt,2436,443258.000,GLONASS,68,20.0,69.0,32.0,是
0703002-0918-11-09-gnss_raw.txt,2436,443258.000,GLONASS,69,45.0,16.0,37.0,是
0703002-0918-11-09-gnss_raw.txt,2436,443258.000,GLONASS,70,29.0,313.0,30.0,是
0703002-0918-11-09-gnss_raw.txt,2436,443258.000,GLONASS,79,47.0,92.0,36.0,是
0703002-0918-11-09-gnss_raw.txt,2436,443258.000,GLONASS,80,27.0,160.0,29.0,是
0703002-0918-11-09-gnss_raw.txt,2436,443258.000,GLONASS,84,36.0,240.0,34.0,是
0703002-0918-11-09-gnss_raw.txt,2436,443258.000,GLONASS,85,0.0,0.0,30.0,是
0703002-0918-11-09-gnss_raw.txt,2436,443258.000,Galileo,13,0.0,0.0,31.0,是
0703002-0918-11-09-gnss_raw.txt,2436,443258.000,Galileo,26,60.0,270.0,36.0,是
0703002-0918-11-09-gnss_raw.txt,2436,443258.000,Galileo,29,34.0,271.0,28.0,是
0703002-0918-11-09-gnss_raw.txt,2436,443258.000,QZSS,3,43.0,168.0,27.0,是
0703002-0918-11-09-gnss_raw.txt,2436,443258.000,QZSS,7,53.0,169.0,25.0,是
0703002-0918-11-09-gnss_raw.txt,2436,443258.000,BDS,1,48.0,147.0,34.0,是
0703002-0918-11-09-gnss_raw.txt,2436,443258.000,BDS,2,0.0,0.0,28.0,是
0703002-0918-11-09-gnss_raw.txt,2436,443258.000,BDS,3,0.0,0.0,31.0,是
0703002-0918-11-09-gnss_raw.txt,2436,443258.000,BDS,4,37.0,120.0,34.0,是
0703002-0918-11-09-gnss_raw.txt,2436,443258.000,BDS,6,69.0,39.0,32.0,是
0703002-0918-11-09-gnss_raw.txt,2436,443258.000,BDS,7,59.0,189.0,32.0,是
0703002-0918-11-09-gnss_raw.txt,2436,443258.000,BDS,10,49.0,190.0,30.0,是
0703002-0918-11-09-gnss_raw.txt,2436,443258.000,BDS,11,0.0,0.0,20.0,是
0703002-0918-11-09-gnss_raw.txt,2436,443258.000,BDS,20,58.0,29.0,34.0,是
0703002-0918-11-09-gnss_raw.txt,2436,443258.000,BDS,29,20.0,230.0,23.0,是
0703002-0918-11-09-gnss_raw.txt,2436,443258.000,BDS,35,17.0,285.0,22.0,是
0703002-0918-11-09-gnss_raw.txt,2436,443258.000,BDS,37,46.0,77.0,32.0,是
0703002-0918-11-09-gnss_raw.txt,2436,443259.000,GPS,15,0.0,0.0,32.0,是
0703002-0918-11-09-gnss_raw.txt,2436,443259.000,GPS,18,45.0,214.0,32.0,是
0703002-0918-11-09-gnss_raw.txt,2436,443259.000,GPS,20,0.0,0.0,27.0,是
0703002-0918-11-09-gnss_raw.txt,2436,443259.000,GPS,24,65.0,45.0,34.0,是
0703002-0918-11-09-gnss_raw.txt,2436,443259.000,GPS,32,0.0,0.0,25.0,是
0703002-0918-11-09-gnss_raw.txt,2436,443259.000,GLONASS,68,20.0,69.0,33.0,是
0703002-0918-11-09-gnss_raw.txt,2436,443259.000,GLONASS,69,45.0,16.0,37.0,是
0703002-0918-11-09-gnss_raw.txt,2436,443259.000,GLONASS,70,29.0,313.0,33.0,是
0703002-0918-11-09-gnss_raw.txt,2436,443259.000,GLONASS,79,47.0,92.0,31.0,是
0703002-0918-11-09-gnss_raw.txt,2436,443259.000,GLONASS,80,27.0,160.0,32.0,是
0703002-0918-11-09-gnss_raw.txt,2436,443259.000,GLONASS,84,36.0,240.0,34.0,是
0703002-0918-11-09-gnss_raw.txt,2436,443259.000,GLONASS,85,0.0,0.0,29.0,是
0703002-0918-11-09-gnss_raw.txt,2436,443259.000,Galileo,13,0.0,0.0,32.0,是
0703002-0918-11-09-gnss_raw.txt,2436,443259.000,Galileo,26,60.0,270.0,36.0,是
0703002-0918-11-09-gnss_raw.txt,2436,443259.000,Galileo,29,34.0,271.0,29.0,是
0703002-0918-11-09-gnss_raw.txt,2436,443259.000,QZSS,3,43.0,168.0,29.0,是
0703002-0918-11-09-gnss_raw.txt,2436,443259.000,QZSS,7,53.0,169.0,24.0,是
0703002-0918-11-09-gnss_raw.txt,2436,443259.000,BDS,1,48.0,147.0,31.0,是
0703002-0918-11-09-gnss_raw.txt,2436,443259.000,BDS,2,0.0,0.0,29.0,是
0703002-0918-11-09-gnss_raw.txt,2436,443259.000,BDS,3,0.0,0.0,31.0,是
0703002-0918-11-09-gnss_raw.txt,2436,443259.000,BDS,4,37.0,120.0,35.0,是
0703002-0918-11-09-gnss_raw.txt,2436,443259.000,BDS,6,69.0,39.0,32.0,是
0703002-0918-11-09-gnss_raw.txt,2436,443259.000,BDS,7,59.0,189.0,32.0,是
0703002-0918-11-09-gnss_raw.txt,2436,443259.000,BDS,10,49.0,190.0,30.0,是
0703002-0918-11-09-gnss_raw.txt,2436,443259.000,BDS,11,0.0,0.0,20.0,是
0703002-0918-11-09-gnss_raw.txt,2436,443259.000,BDS,20,58.0,29.0,34.0,是
0703002-0918-11-09-gnss_raw.txt,2436,443259.000,BDS,29,20.0,230.0,24.0,是
0703002-0918-11-09-gnss_raw.txt,2436,443259.000,BDS,35,17.0,285.0,25.0,是
0703002-0918-11-09-gnss_raw.txt,2436,443259.000,BDS,37,46.0,77.0,32.0,是
0703002-0918-11-09-gnss_raw.txt,2436,443260.000,GPS,15,0.0,0.0,32.0,是
0703002-0918-11-09-gnss_raw.txt,2436,443260.000,GPS,18,45.0,214.0,32.0,是
0703002-0918-11-09-gnss_raw.txt,2436,443260.000,GPS,20,0.0,0.0,28.0,是
0703002-0918-11-09-gnss_raw.txt,2436,443260.000,GPS,24,65.0,45.0,35.0,是
0703002-0918-11-09-gnss_raw.txt,2436,443260.000,GPS,32,0.0,0.0,25.0,是
0703002-0918-11-09-gnss_raw.txt,2436,443260.000,GLONASS,68,20.0,69.0,33.0,是
0703002-0918-11-09-gnss_raw.txt,2436,443260.000,GLONASS,69,45.0,16.0,37.0,是
0703002-0918-11-09-gnss_raw.txt,2436,443260.000,GLONASS,70,29.0,313.0,31.0,是
0703002-0918-11-09-gnss_raw.txt,2436,443260.000,GLONASS,79,47.0,92.0,35.0,是
0703002-0918-11-09-gnss_raw.txt,2436,443260.000,GLONASS,80,27.0,160.0,30.0,是
0703002-0918-11-09-gnss_raw.txt,2436,443260.000,GLONASS,84,36.0,240.0,35.0,是
0703002-0918-11-09-gnss_raw.txt,2436,443260.000,GLONASS,85,0.0,0.0,27.0,是
0703002-0918-11-09-gnss_raw.txt,2436,443260.000,Galileo,13,0.0,0.0,32.0,是
0703002-0918-11-09-gnss_raw.txt,2436,443260.000,Galileo,26,60.0,270.0,36.0,是
0703002-0918-11-09-gnss_raw.txt,2436,443260.000,Galileo,29,34.0,271.0,29.0,是
0703002-0918-11-09-gnss_raw.txt,2436,443260.000,QZSS,3,43.0,168.0,29.0,是
0703002-0918-11-09-gnss_raw.txt,2436,443260.000,QZSS,7,53.0,169.0,24.0,是
0703002-0918-11-09-gnss_raw.txt,2436,443260.000,BDS,1,48.0,147.0,28.0,是
0703002-0918-11-09-gnss_raw.txt,2436,443260.000,BDS,2,0.0,0.0,28.0,是
0703002-0918-11-09-gnss_raw.txt,2436,443260.000,BDS,3,0.0,0.0,32.0,是
0703002-0918-11-09-gnss_raw.txt,2436,443260.000,BDS,4,37.0,120.0,37.0,是
0703002-0918-11-09-gnss_raw.txt,2436,443260.000,BDS,6,69.0,39.0,32.0,是
0703002-0918-11-09-gnss_raw.txt,2436,443260.000,BDS,7,59.0,189.0,32.0,是
0703002-0918-11-09-gnss_raw.txt,2436,443260.000,BDS,10,49.0,190.0,30.0,是
0703002-0918-11-09-gnss_raw.txt,2436,443260.000,BDS,11,0.0,0.0,20.0,是
0703002-0918-11-09-gnss_raw.txt,2436,443260.000,BDS,20,58.0,29.0,34.0,是
0703002-0918-11-09-gnss_raw.txt,2436,443260.000,BDS,29,20.0,230.0,23.0,是
0703002-0918-11-09-gnss_raw.txt,2436,443260.000,BDS,35,17.0,285.0,26.0,是
0703002-0918-11-09-gnss_raw.txt,2436,443260.000,BDS,37,46.0,77.0,32.0,是
0703002-0918-11-09-gnss_raw.txt,2436,443261.000,GPS,15,0.0,0.0,32.0,是
0703002-0918-11-09-gnss_raw.txt,2436,443261.000,GPS,18,45.0,214.0,34.0,是
0703002-0918-11-09-gnss_raw.txt,2436,443261.000,GPS,20,0.0,0.0,27.0,是
0703002-0918-11-09-gnss_raw.txt,2436,443261.000,GPS,24,65.0,45.0,35.0,是
0703002-0918-11-09-gnss_raw.txt,2436,443261.000,GPS,32,0.0,0.0,26.0,是
0703002-0918-11-09-gnss_raw.txt,2436,443261.000,GLONASS,68,20.0,69.0,34.0,是
0703002-0918-11-09-gnss_raw.txt,2436,443261.000,GLONASS,69,45.0,16.0,38.0,是
0703002-0918-11-09-gnss_raw.txt,2436,443261.000,GLONASS,70,29.0,313.0,31.0,是
0703002-0918-11-09-gnss_raw.txt,2436,443261.000,GLONASS,79,47.0,92.0,36.0,是
0703002-0918-11-09-gnss_raw.txt,2436,443261.000,GLONASS,80,27.0,160.0,33.0,是
0703002-0918-11-09-gnss_raw.txt,2436,443261.000,GLONASS,84,36.0,240.0,35.0,是
0703002-0918-11-09-gnss_raw.txt,2436,443261.000,GLONASS,85,0.0,0.0,32.0,是
0703002-0918-11-09-gnss_raw.txt,2436,443261.000,Galileo,13,0.0,0.0,31.0,是
0703002-0918-11-09-gnss_raw.txt,2436,443261.000,Galileo,26,60.0,270.0,35.0,是
0703002-0918-11-09-gnss_raw.txt,2436,443261.000,Galileo,29,34.0,271.0,28.0,是
0703002-0918-11-09-gnss_raw.txt,2436,443261.000,QZSS,3,43.0,168.0,29.0,是
0703002-0918-11-09-gnss_raw.txt,2436,443261.000,QZSS,7,53.0,169.0,23.0,是
0703002-0918-11-09-gnss_raw.txt,2436,443261.000,BDS,1,48.0,147.0,26.0,是
0703002-0918-11-09-gnss_raw.txt,2436,443261.000,BDS,2,0.0,0.0,27.0,是
0703002-0918-11-09-gnss_raw.txt,2436,443261.000,BDS,3,0.0,0.0,31.0,是
0703002-0918-11-09-gnss_raw.txt,2436,443261.000,BDS,4,37.0,120.0,28.0,是
0703002-0918-11-09-gnss_raw.txt,2436,443261.000,BDS,6,69.0,39.0,32.0,是
0703002-0918-11-09-gnss_raw.txt,2436,443261.000,BDS,7,59.0,189.0,32.0,是
0703002-0918-11-09-gnss_raw.txt,2436,443261.000,BDS,10,49.0,190.0,31.0,是
0703002-0918-11-09-gnss_raw.txt,2436,443261.000,BDS,11,0.0,0.0,19.0,是
0703002-0918-11-09-gnss_raw.txt,2436,443261.000,BDS,20,58.0,29.0,34.0,是
0703002-0918-11-09-gnss_raw.txt,2436,443261.000,BDS,29,20.0,230.0,24.0,是
0703002-0918-11-09-gnss_raw.txt,2436,443261.000,BDS,35,17.0,285.0,26.0,是
0703002-0918-11-09-gnss_raw.txt,2436,443261.000,BDS,37,46.0,77.0,32.0,是
0703002-0918-11-09-gnss_raw.txt,2436,443262.000,GPS,15,0.0,0.0,32.0,是
0703002-0918-11-09-gnss_raw.txt,2436,443262.000,GPS,18,45.0,214.0,34.0,是
0703002-0918-11-09-gnss_raw.txt,2436,443262.000,GPS,20,0.0,0.0,28.0,是
0703002-0918-11-09-gnss_raw.txt,2436,443262.000,GPS,24,65.0,45.0,35.0,是
0703002-0918-11-09-gnss_raw.txt,2436,443262.000,GPS,32,0.0,0.0,26.0,是
0703002-0918-11-09-gnss_raw.txt,2436,443262.000,GLONASS,68,20.0,69.0,35.0,是
0703002-0918-11-09-gnss_raw.txt,2436,443262.000,GLONASS,69,45.0,16.0,39.0,是
0703002-0918-11-09-gnss_raw.txt,2436,443262.000,GLONASS,70,29.0,313.0,30.0,是
0703002-0918-11-09-gnss_raw.txt,2436,443262.000,GLONASS,79,47.0,92.0,36.0,是
0703002-0918-11-09-gnss_raw.txt,2436,443262.000,GLONASS,80,27.0,160.0,33.0,是
0703002-0918-11-09-gnss_raw.txt,2436,443262.000,GLONASS,84,36.0,240.0,35.0,是
0703002-0918-11-09-gnss_raw.txt,2436,443262.000,GLONASS,85,0.0,0.0,32.0,是
0703002-0918-11-09-gnss_raw.txt,2436,443262.000,Galileo,13,0.0,0.0,32.0,是
0703002-0918-11-09-gnss_raw.txt,2436,443262.000,Galileo,26,60.0,270.0,35.0,是
0703002-0918-11-09-gnss_raw.txt,2436,443262.000,Galileo,29,34.0,271.0,28.0,是
0703002-0918-11-09-gnss_raw.txt,2436,443262.000,QZSS,3,43.0,168.0,30.0,是
0703002-0918-11-09-gnss_raw.txt,2436,443262.000,QZSS,7,53.0,169.0,23.0,是
0703002-0918-11-09-gnss_raw.txt,2436,443262.000,BDS,1,48.0,147.0,27.0,是
0703002-0918-11-09-gnss_raw.txt,2436,443262.000,BDS,2,0.0,0.0,28.0,是
0703002-0918-11-09-gnss_raw.txt,2436,443262.000,BDS,3,0.0,0.0,32.0,是
0703002-0918-11-09-gnss_raw.txt,2436,443262.000,BDS,4,37.0,120.0,26.0,是
0703002-0918-11-09-gnss_raw.txt,2436,443262.000,BDS,6,69.0,39.0,32.0,是
0703002-0918-11-09-gnss_raw.txt,2436,443262.000,BDS,7,59.0,189.0,33.0,是
0703002-0918-11-09-gnss_raw.txt,2436,443262.000,BDS,10,49.0,190.0,31.0,是
0703002-0918-11-09-gnss_raw.txt,2436,443262.000,BDS,11,0.0,0.0,18.0,是
0703002-0918-11-09-gnss_raw.txt,2436,443262.000,BDS,20,58.0,29.0,34.0,是
0703002-0918-11-09-gnss_raw.txt,2436,443262.000,BDS,29,20.0,230.0,26.0,是
0703002-0918-11-09-gnss_raw.txt,2436,443262.000,BDS,35,17.0,285.0,27.0,是
0703002-0918-11-09-gnss_raw.txt,2436,443262.000,BDS,37,46.0,77.0,32.0,是
0703002-0918-11-09-gnss_raw.txt,2436,443263.000,GPS,15,0.0,0.0,32.0,是
0703002-0918-11-09-gnss_raw.txt,2436,443263.000,GPS,18,45.0,214.0,34.0,是
0703002-0918-11-09-gnss_raw.txt,2436,443263.000,GPS,20,0.0,0.0,28.0,是
0703002-0918-11-09-gnss_raw.txt,2436,443263.000,GPS,24,65.0,45.0,35.0,是
0703002-0918-11-09-gnss_raw.txt,2436,443263.000,GPS,32,0.0,0.0,26.0,是
0703002-0918-11-09-gnss_raw.txt,2436,443263.000,GLONASS,68,20.0,69.0,35.0,是
0703002-0918-11-09-gnss_raw.txt,2436,443263.000,GLONASS,69,45.0,16.0,39.0,是
0703002-0918-11-09-gnss_raw.txt,2436,443263.000,GLONASS,70,29.0,313.0,32.0,是
0703002-0918-11-09-gnss_raw.txt,2436,443263.000,GLONASS,79,47.0,92.0,37.0,是
0703002-0918-11-09-gnss_raw.txt,2436,443263.000,GLONASS,80,27.0,160.0,36.0,是
0703002-0918-11-09-gnss_raw.txt,2436,443263.000,GLONASS,84,36.0,240.0,35.0,是
0703002-0918-11-09-gnss_raw.txt,2436,443263.000,GLONASS,85,0.0,0.0,31.0,是
0703002-0918-11-09-gnss_raw.txt,2436,443263.000,Galileo,13,0.0,0.0,32.0,是
0703002-0918-11-09-gnss_raw.txt,2436,443263.000,Galileo,26,60.0,270.0,35.0,是
0703002-0918-11-09-gnss_raw.txt,2436,443263.000,Galileo,29,34.0,271.0,29.0,是
0703002-0918-11-09-gnss_raw.txt,2436,443263.000,QZSS,3,43.0,168.0,30.0,是
0703002-0918-11-09-gnss_raw.txt,2436,443263.000,QZSS,7,53.0,169.0,23.0,是
0703002-0918-11-09-gnss_raw.txt,2436,443263.000,BDS,1,48.0,147.0,26.0,是
0703002-0918-11-09-gnss_raw.txt,2436,443263.000,BDS,2,0.0,0.0,28.0,是
0703002-0918-11-09-gnss_raw.txt,2436,443263.000,BDS,3,0.0,0.0,31.0,是
0703002-0918-11-09-gnss_raw.txt,2436,443263.000,BDS,4,37.0,120.0,30.0,是
0703002-0918-11-09-gnss_raw.txt,2436,443263.000,BDS,6,69.0,39.0,32.0,是
0703002-0918-11-09-gnss_raw.txt,2436,443263.000,BDS,7,59.0,189.0,33.0,是
0703002-0918-11-09-gnss_raw.txt,2436,443263.000,BDS,10,49.0,190.0,32.0,是
0703002-0918-11-09-gnss_raw.txt,2436,443263.000,BDS,11,0.0,0.0,18.0,是
0703002-0918-11-09-gnss_raw.txt,2436,443263.000,BDS,20,58.0,29.0,34.0,是
0703002-0918-11-09-gnss_raw.txt,2436,443263.000,BDS,29,20.0,230.0,27.0,是
0703002-0918-11-09-gnss_raw.txt,2436,443263.000,BDS,35,17.0,285.0,27.0,是
0703002-0918-11-09-gnss_raw.txt,2436,443263.000,BDS,37,46.0,77.0,32.0,是
0703002-0918-11-09-gnss_raw.txt,2436,443264.000,GPS,15,0.0,0.0,32.0,是
0703002-0918-11-09-gnss_raw.txt,2436,443264.000,GPS,18,45.0,214.0,34.0,是
0703002-0918-11-09-gnss_raw.txt,2436,443264.000,GPS,20,0.0,0.0,29.0,是
0703002-0918-11-09-gnss_raw.txt,2436,443264.000,GPS,24,65.0,45.0,35.0,是
0703002-0918-11-09-gnss_raw.txt,2436,443264.000,GPS,32,0.0,0.0,27.0,是
0703002-0918-11-09-gnss_raw.txt,2436,443264.000,GLONASS,68,20.0,69.0,34.0,是
0703002-0918-11-09-gnss_raw.txt,2436,443264.000,GLONASS,69,45.0,16.0,39.0,是
0703002-0918-11-09-gnss_raw.txt,2436,443264.000,GLONASS,70,29.0,313.0,32.0,是
0703002-0918-11-09-gnss_raw.txt,2436,443264.000,GLONASS,79,47.0,92.0,37.0,是
0703002-0918-11-09-gnss_raw.txt,2436,443264.000,GLONASS,80,27.0,160.0,37.0,是
0703002-0918-11-09-gnss_raw.txt,2436,443264.000,GLONASS,84,36.0,240.0,35.0,是
0703002-0918-11-09-gnss_raw.txt,2436,443264.000,GLONASS,85,0.0,0.0,29.0,是
0703002-0918-11-09-gnss_raw.txt,2436,443264.000,Galileo,13,0.0,0.0,33.0,是
0703002-0918-11-09-gnss_raw.txt,2436,443264.000,Galileo,26,60.0,270.0,35.0,是
0703002-0918-11-09-gnss_raw.txt,2436,443264.000,Galileo,29,34.0,271.0,29.0,是
0703002-0918-11-09-gnss_raw.txt,2436,443264.000,QZSS,3,43.0,168.0,31.0,是
0703002-0918-11-09-gnss_raw.txt,2436,443264.000,QZSS,7,53.0,169.0,23.0,是
0703002-0918-11-09-gnss_raw.txt,2436,443264.000,BDS,1,48.0,147.0,25.0,是
0703002-0918-11-09-gnss_raw.txt,2436,443264.000,BDS,2,0.0,0.0,28.0,是
0703002-0918-11-09-gnss_raw.txt,2436,443264.000,BDS,3,0.0,0.0,31.0,是
0703002-0918-11-09-gnss_raw.txt,2436,443264.000,BDS,4,37.0,120.0,28.0,是
0703002-0918-11-09-gnss_raw.txt,2436,443264.000,BDS,6,69.0,39.0,32.0,是
0703002-0918-11-09-gnss_raw.txt,2436,443264.000,BDS,7,59.0,189.0,33.0,是
0703002-0918-11-09-gnss_raw.txt,2436,443264.000,BDS,10,49.0,190.0,32.0,是
0703002-0918-11-09-gnss_raw.txt,2436,443264.000,BDS,11,0.0,0.0,17.0,是
0703002-0918-11-09-gnss_raw.txt,2436,443264.000,BDS,20,58.0,29.0,33.0,是
0703002-0918-11-09-gnss_raw.txt,2436,443264.000,BDS,29,20.0,230.0,26.0,是
0703002-0918-11-09-gnss_raw.txt,2436,443264.000,BDS,35,17.0,285.0,26.0,是
0703002-0918-11-09-gnss_raw.txt,2436,443264.000,BDS,37,46.0,77.0,32.0,是
0703002-0918-11-09-gnss_raw.txt,2436,443265.000,GPS,15,0.0,0.0,33.0,是
0703002-0918-11-09-gnss_raw.txt,2436,443265.000,GPS,18,45.0,214.0,34.0,是
0703002-0918-11-09-gnss_raw.txt,2436,443265.000,GPS,20,0.0,0.0,30.0,是
0703002-0918-11-09-gnss_raw.txt,2436,443265.000,GPS,24,65.0,45.0,35.0,是
0703002-0918-11-09-gnss_raw.txt,2436,443265.000,GPS,32,0.0,0.0,28.0,是
0703002-0918-11-09-gnss_raw.txt,2436,443265.000,GLONASS,68,20.0,69.0,35.0,是
0703002-0918-11-09-gnss_raw.txt,2436,443265.000,GLONASS,69,45.0,16.0,39.0,是
0703002-0918-11-09-gnss_raw.txt,2436,443265.000,GLONASS,70,0.0,0.0,26.0,是
0703002-0918-11-09-gnss_raw.txt,2436,443265.000,GLONASS,79,47.0,92.0,36.0,是
0703002-0918-11-09-gnss_raw.txt,2436,443265.000,GLONASS,80,27.0,160.0,32.0,是
0703002-0918-11-09-gnss_raw.txt,2436,443265.000,GLONASS,84,36.0,240.0,35.0,是
0703002-0918-11-09-gnss_raw.txt,2436,443265.000,GLONASS,85,0.0,0.0,25.0,是
0703002-0918-11-09-gnss_raw.txt,2436,443265.000,Galileo,13,0.0,0.0,33.0,是
0703002-0918-11-09-gnss_raw.txt,2436,443265.000,Galileo,26,60.0,270.0,33.0,是
0703002-0918-11-09-gnss_raw.txt,2436,443265.000,Galileo,29,0.0,0.0,26.0,是
0703002-0918-11-09-gnss_raw.txt,2436,443265.000,QZSS,3,43.0,168.0,30.0,是
0703002-0918-11-09-gnss_raw.txt,2436,443265.000,QZSS,7,53.0,169.0,24.0,是
0703002-0918-11-09-gnss_raw.txt,2436,443265.000,BDS,1,48.0,147.0,25.0,是
0703002-0918-11-09-gnss_raw.txt,2436,443265.000,BDS,2,0.0,0.0,29.0,是
0703002-0918-11-09-gnss_raw.txt,2436,443265.000,BDS,3,0.0,0.0,32.0,是
0703002-0918-11-09-gnss_raw.txt,2436,443265.000,BDS,4,37.0,120.0,27.0,是
0703002-0918-11-09-gnss_raw.txt,2436,443265.000,BDS,6,69.0,39.0,32.0,是
0703002-0918-11-09-gnss_raw.txt,2436,443265.000,BDS,7,59.0,189.0,32.0,是
0703002-0918-11-09-gnss_raw.txt,2436,443265.000,BDS,10,49.0,190.0,30.0,是
0703002-0918-11-09-gnss_raw.txt,2436,443265.000,BDS,11,0.0,0.0,18.0,是
0703002-0918-11-09-gnss_raw.txt,2436,443265.000,BDS,20,58.0,29.0,33.0,是
0703002-0918-11-09-gnss_raw.txt,2436,443265.000,BDS,29,20.0,230.0,25.0,是
0703002-0918-11-09-gnss_raw.txt,2436,443265.000,BDS,35,17.0,285.0,27.0,是
0703002-0918-11-09-gnss_raw.txt,2436,443265.000,BDS,37,46.0,77.0,32.0,是
0703002-0918-11-09-gnss_raw.txt,2436,443266.000,GPS,15,0.0,0.0,33.0,是
0703002-0918-11-09-gnss_raw.txt,2436,443266.000,GPS,18,45.0,214.0,33.0,是
0703002-0918-11-09-gnss_raw.txt,2436,443266.000,GPS,20,0.0,0.0,30.0,是
0703002-0918-11-09-gnss_raw.txt,2436,443266.000,GPS,24,65.0,45.0,35.0,是
0703002-0918-11-09-gnss_raw.txt,2436,443266.000,GPS,32,0.0,0.0,27.0,是
0703002-0918-11-09-gnss_raw.txt,2436,443266.000,GLONASS,68,19.0,69.0,34.0,是
0703002-0918-11-09-gnss_raw.txt,2436,443266.000,GLONASS,69,45.0,16.0,38.0,是
0703002-0918-11-09-gnss_raw.txt,2436,443266.000,GLONASS,70,29.0,313.0,24.0,是
0703002-0918-11-09-gnss_raw.txt,2436,443266.000,GLONASS,79,47.0,92.0,34.0,是
0703002-0918-11-09-gnss_raw.txt,2436,443266.000,GLONASS,80,27.0,160.0,32.0,是
0703002-0918-11-09-gnss_raw.txt,2436,443266.000,GLONASS,84,36.0,240.0,32.0,是
0703002-0918-11-09-gnss_raw.txt,2436,443266.000,GLONASS,85,0.0,0.0,25.0,是
0703002-0918-11-09-gnss_raw.txt,2436,443266.000,Galileo,13,0.0,0.0,32.0,是
0703002-0918-11-09-gnss_raw.txt,2436,443266.000,Galileo,26,60.0,270.0,34.0,是
0703002-0918-11-09-gnss_raw.txt,2436,443266.000,Galileo,29,34.0,271.0,30.0,是
0703002-0918-11-09-gnss_raw.txt,2436,443266.000,QZSS,3,43.0,168.0,29.0,是
0703002-0918-11-09-gnss_raw.txt,2436,443266.000,QZSS,7,53.0,169.0,24.0,是
0703002-0918-11-09-gnss_raw.txt,2436,443266.000,BDS,1,48.0,147.0,27.0,是
0703002-0918-11-09-gnss_raw.txt,2436,443266.000,BDS,2,0.0,0.0,29.0,是
0703002-0918-11-09-gnss_raw.txt,2436,443266.000,BDS,3,0.0,0.0,31.0,是
0703002-0918-11-09-gnss_raw.txt,2436,443266.000,BDS,4,37.0,120.0,26.0,是
0703002-0918-11-09-gnss_raw.txt,2436,443266.000,BDS,6,69.0,39.0,32.0,是
0703002-0918-11-09-gnss_raw.txt,2436,443266.000,BDS,7,59.0,189.0,32.0,是
0703002-0918-11-09-gnss_raw.txt,2436,443266.000,BDS,10,49.0,190.0,30.0,是
0703002-0918-11-09-gnss_raw.txt,2436,443266.000,BDS,11,0.0,0.0,18.0,是
0703002-0918-11-09-gnss_raw.txt,2436,443266.000,BDS,20,58.0,29.0,34.0,是
0703002-0918-11-09-gnss_raw.txt,2436,443266.000,BDS,29,20.0,230.0,25.0,是
0703002-0918-11-09-gnss_raw.txt,2436,443266.000,BDS,35,17.0,285.0,27.0,是
0703002-0918-11-09-gnss_raw.txt,2436,443266.000,BDS,37,46.0,77.0,32.0,是
0703002-0918-11-09-gnss_raw.txt,2436,443267.000,GPS,13,0.0,0.0,22.0,是
0703002-0918-11-09-gnss_raw.txt,2436,443267.000,GPS,15,0.0,0.0,32.0,是
0703002-0918-11-09-gnss_raw.txt,2436,443267.000,GPS,18,45.0,214.0,32.0,是
0703002-0918-11-09-gnss_raw.txt,2436,443267.000,GPS,20,0.0,0.0,30.0,是
0703002-0918-11-09-gnss_raw.txt,2436,443267.000,GPS,24,65.0,45.0,35.0,是
0703002-0918-11-09-gnss_raw.txt,2436,443267.000,GPS,32,0.0,0.0,25.0,是
0703002-0918-11-09-gnss_raw.txt,2436,443267.000,GLONASS,68,19.0,69.0,33.0,是
0703002-0918-11-09-gnss_raw.txt,2436,443267.000,GLONASS,69,45.0,16.0,38.0,是
0703002-0918-11-09-gnss_raw.txt,2436,443267.000,GLONASS,70,29.0,313.0,26.0,是
0703002-0918-11-09-gnss_raw.txt,2436,443267.000,GLONASS,79,47.0,92.0,34.0,是
0703002-0918-11-09-gnss_raw.txt,2436,443267.000,GLONASS,80,27.0,160.0,34.0,是
0703002-0918-11-09-gnss_raw.txt,2436,443267.000,GLONASS,84,36.0,240.0,33.0,是
0703002-0918-11-09-gnss_raw.txt,2436,443267.000,GLONASS,85,0.0,0.0,25.0,是
0703002-0918-11-09-gnss_raw.txt,2436,443267.000,Galileo,13,0.0,0.0,32.0,是
0703002-0918-11-09-gnss_raw.txt,2436,443267.000,Galileo,26,60.0,270.0,36.0,是
0703002-0918-11-09-gnss_raw.txt,2436,443267.000,Galileo,29,34.0,271.0,30.0,是
0703002-0918-11-09-gnss_raw.txt,2436,443267.000,QZSS,3,43.0,168.0,29.0,是
0703002-0918-11-09-gnss_raw.txt,2436,443267.000,QZSS,7,53.0,169.0,25.0,是
0703002-0918-11-09-gnss_raw.txt,2436,443267.000,BDS,1,48.0,147.0,27.0,是
0703002-0918-11-09-gnss_raw.txt,2436,443267.000,BDS,2,0.0,0.0,27.0,是
0703002-0918-11-09-gnss_raw.txt,2436,443267.000,BDS,3,0.0,0.0,31.0,是
0703002-0918-11-09-gnss_raw.txt,2436,443267.000,BDS,4,37.0,120.0,25.0,是
0703002-0918-11-09-gnss_raw.txt,2436,443267.000,BDS,6,69.0,39.0,32.0,是
0703002-0918-11-09-gnss_raw.txt,2436,443267.000,BDS,7,59.0,189.0,31.0,是
0703002-0918-11-09-gnss_raw.txt,2436,443267.000,BDS,10,49.0,190.0,30.0,是
0703002-0918-11-09-gnss_raw.txt,2436,443267.000,BDS,11,0.0,0.0,30.0,是
0703002-0918-11-09-gnss_raw.txt,2436,443267.000,BDS,20,58.0,29.0,33.0,是
0703002-0918-11-09-gnss_raw.txt,2436,443267.000,BDS,29,20.0,230.0,23.0,是
0703002-0918-11-09-gnss_raw.txt,2436,443267.000,BDS,35,17.0,285.0,25.0,是
0703002-0918-11-09-gnss_raw.txt,2436,443267.000,BDS,37,46.0,77.0,32.0,是
0703002-0918-11-09-gnss_raw.txt,2436,443268.000,GPS,13,0.0,0.0,26.0,是
0703002-0918-11-09-gnss_raw.txt,2436,443268.000,GPS,15,0.0,0.0,33.0,是
0703002-0918-11-09-gnss_raw.txt,2436,443268.000,GPS,18,45.0,214.0,31.0,是
0703002-0918-11-09-gnss_raw.txt,2436,443268.000,GPS,20,0.0,0.0,31.0,是
0703002-0918-11-09-gnss_raw.txt,2436,443268.000,GPS,24,65.0,45.0,35.0,是
0703002-0918-11-09-gnss_raw.txt,2436,443268.000,GPS,32,0.0,0.0,23.0,是
0703002-0918-11-09-gnss_raw.txt,2436,443268.000,GLONASS,68,19.0,69.0,32.0,是
0703002-0918-11-09-gnss_raw.txt,2436,443268.000,GLONASS,69,45.0,16.0,34.0,是
0703002-0918-11-09-gnss_raw.txt,2436,443268.000,GLONASS,70,29.0,313.0,28.0,是
0703002-0918-11-09-gnss_raw.txt,2436,443268.000,GLONASS,79,47.0,92.0,36.0,是
0703002-0918-11-09-gnss_raw.txt,2436,443268.000,GLONASS,80,27.0,160.0,34.0,是
0703002-0918-11-09-gnss_raw.txt,2436,443268.000,GLONASS,84,36.0,240.0,35.0,是
0703002-0918-11-09-gnss_raw.txt,2436,443268.000,GLONASS,85,0.0,0.0,25.0,是
0703002-0918-11-09-gnss_raw.txt,2436,443268.000,Galileo,13,0.0,0.0,30.0,是
0703002-0918-11-09-gnss_raw.txt,2436,443268.000,Galileo,26,60.0,270.0,35.0,是
0703002-0918-11-09-gnss_raw.txt,2436,443268.000,Galileo,29,34.0,271.0,29.0,是
0703002-0918-11-09-gnss_raw.txt,2436,443268.000,QZSS,3,43.0,168.0,31.0,是
0703002-0918-11-09-gnss_raw.txt,2436,443268.000,QZSS,7,53.0,169.0,25.0,是
0703002-0918-11-09-gnss_raw.txt,2436,443268.000,BDS,1,48.0,147.0,28.0,是
0703002-0918-11-09-gnss_raw.txt,2436,443268.000,BDS,2,0.0,0.0,26.0,是
0703002-0918-11-09-gnss_raw.txt,2436,443268.000,BDS,3,0.0,0.0,31.0,是
0703002-0918-11-09-gnss_raw.txt,2436,443268.000,BDS,4,37.0,120.0,28.0,是
0703002-0918-11-09-gnss_raw.txt,2436,443268.000,BDS,6,69.0,39.0,32.0,是
0703002-0918-11-09-gnss_raw.txt,2436,443268.000,BDS,7,59.0,189.0,32.0,是
0703002-0918-11-09-gnss_raw.txt,2436,443268.000,BDS,10,49.0,190.0,30.0,是
0703002-0918-11-09-gnss_raw.txt,2436,443268.000,BDS,11,0.0,0.0,31.0,是
0703002-0918-11-09-gnss_raw.txt,2436,443268.000,BDS,20,58.0,29.0,34.0,是
0703002-0918-11-09-gnss_raw.txt,2436,443268.000,BDS,29,20.0,230.0,23.0,是
0703002-0918-11-09-gnss_raw.txt,2436,443268.000,BDS,35,17.0,285.0,24.0,是
0703002-0918-11-09-gnss_raw.txt,2436,443268.000,BDS,37,46.0,77.0,31.0,是
0703002-0918-11-09-gnss_raw.txt,2436,443269.000,GPS,13,0.0,0.0,24.0,是
0703002-0918-11-09-gnss_raw.txt,2436,443269.000,GPS,15,0.0,0.0,32.0,是
0703002-0918-11-09-gnss_raw.txt,2436,443269.000,GPS,18,45.0,214.0,32.0,是
0703002-0918-11-09-gnss_raw.txt,2436,443269.000,GPS,20,0.0,0.0,28.0,是
0703002-0918-11-09-gnss_raw.txt,2436,443269.000,GPS,24,65.0,45.0,34.0,是
0703002-0918-11-09-gnss_raw.txt,2436,443269.000,GPS,32,0.0,0.0,23.0,是
0703002-0918-11-09-gnss_raw.txt,2436,443269.000,GLONASS,68,19.0,69.0,30.0,是
0703002-0918-11-09-gnss_raw.txt,2436,443269.000,GLONASS,69,45.0,16.0,34.0,是
0703002-0918-11-09-gnss_raw.txt,2436,443269.000,GLONASS,70,29.0,313.0,28.0,是
0703002-0918-11-09-gnss_raw.txt,2436,443269.000,GLONASS,79,47.0,92.0,33.0,是
0703002-0918-11-09-gnss_raw.txt,2436,443269.000,GLONASS,80,27.0,160.0,32.0,是
0703002-0918-11-09-gnss_raw.txt,2436,443269.000,GLONASS,84,36.0,240.0,32.0,是
0703002-0918-11-09-gnss_raw.txt,2436,443269.000,GLONASS,85,0.0,0.0,31.0,是
0703002-0918-11-09-gnss_raw.txt,2436,443269.000,Galileo,13,0.0,0.0,30.0,是
0703002-0918-11-09-gnss_raw.txt,2436,443269.000,Galileo,26,60.0,270.0,35.0,是
0703002-0918-11-09-gnss_raw.txt,2436,443269.000,Galileo,29,0.0,0.0,26.0,是
0703002-0918-11-09-gnss_raw.txt,2436,443269.000,QZSS,3,43.0,168.0,30.0,是
0703002-0918-11-09-gnss_raw.txt,2436,443269.000,QZSS,7,53.0,169.0,26.0,是
0703002-0918-11-09-gnss_raw.txt,2436,443269.000,BDS,1,48.0,147.0,29.0,是
0703002-0918-11-09-gnss_raw.txt,2436,443269.000,BDS,2,0.0,0.0,29.0,是
0703002-0918-11-09-gnss_raw.txt,2436,443269.000,BDS,3,0.0,0.0,30.0,是
0703002-0918-11-09-gnss_raw.txt,2436,443269.000,BDS,4,37.0,120.0,27.0,是
0703002-0918-11-09-gnss_raw.txt,2436,443269.000,BDS,6,69.0,39.0,32.0,是
0703002-0918-11-09-gnss_raw.txt,2436,443269.000,BDS,7,59.0,189.0,31.0,是
0703002-0918-11-09-gnss_raw.txt,2436,443269.000,BDS,10,49.0,190.0,28.0,是
0703002-0918-11-09-gnss_raw.txt,2436,443269.000,BDS,11,0.0,0.0,32.0,是
0703002-0918-11-09-gnss_raw.txt,2436,443269.000,BDS,20,58.0,29.0,32.0,是
0703002-0918-11-09-gnss_raw.txt,2436,443269.000,BDS,29,20.0,230.0,23.0,是
0703002-0918-11-09-gnss_raw.txt,2436,443269.000,BDS,35,17.0,285.0,23.0,是
0703002-0918-11-09-gnss_raw.txt,2436,443269.000,BDS,37,46.0,77.0,31.0,是
0703002-0918-11-09-gnss_raw.txt,2436,443270.000,GPS,13,0.0,0.0,24.0,是
0703002-0918-11-09-gnss_raw.txt,2436,443270.000,GPS,15,0.0,0.0,32.0,是
0703002-0918-11-09-gnss_raw.txt,2436,443270.000,GPS,18,45.0,214.0,32.0,是
0703002-0918-11-09-gnss_raw.txt,2436,443270.000,GPS,20,0.0,0.0,25.0,是
0703002-0918-11-09-gnss_raw.txt,2436,443270.000,GPS,24,65.0,45.0,35.0,是
0703002-0918-11-09-gnss_raw.txt,2436,443270.000,GPS,32,0.0,0.0,22.0,是
0703002-0918-11-09-gnss_raw.txt,2436,443270.000,GLONASS,68,19.0,69.0,28.0,是
0703002-0918-11-09-gnss_raw.txt,2436,443270.000,GLONASS,69,45.0,16.0,39.0,是
0703002-0918-11-09-gnss_raw.txt,2436,443270.000,GLONASS,70,29.0,313.0,31.0,是
0703002-0918-11-09-gnss_raw.txt,2436,443270.000,GLONASS,79,47.0,92.0,32.0,是
0703002-0918-11-09-gnss_raw.txt,2436,443270.000,GLONASS,80,27.0,160.0,34.0,是
0703002-0918-11-09-gnss_raw.txt,2436,443270.000,GLONASS,84,36.0,240.0,32.0,是
0703002-0918-11-09-gnss_raw.txt,2436,443270.000,GLONASS,85,0.0,0.0,31.0,是
0703002-0918-11-09-gnss_raw.txt,2436,443270.000,Galileo,13,0.0,0.0,32.0,是
0703002-0918-11-09-gnss_raw.txt,2436,443270.000,Galileo,26,60.0,270.0,35.0,是
0703002-0918-11-09-gnss_raw.txt,2436,443270.000,Galileo,29,34.0,271.0,28.0,是
0703002-0918-11-09-gnss_raw.txt,2436,443270.000,QZSS,3,43.0,168.0,30.0,是
0703002-0918-11-09-gnss_raw.txt,2436,443270.000,QZSS,7,53.0,169.0,26.0,是
0703002-0918-11-09-gnss_raw.txt,2436,443270.000,BDS,1,48.0,147.0,30.0,是
0703002-0918-11-09-gnss_raw.txt,2436,443270.000,BDS,2,0.0,0.0,28.0,是
0703002-0918-11-09-gnss_raw.txt,2436,443270.000,BDS,3,0.0,0.0,29.0,是
0703002-0918-11-09-gnss_raw.txt,2436,443270.000,BDS,4,0.0,0.0,26.0,是
0703002-0918-11-09-gnss_raw.txt,2436,443270.000,BDS,6,69.0,39.0,32.0,是
0703002-0918-11-09-gnss_raw.txt,2436,443270.000,BDS,7,59.0,189.0,31.0,是
0703002-0918-11-09-gnss_raw.txt,2436,443270.000,BDS,10,49.0,190.0,27.0,是
0703002-0918-11-09-gnss_raw.txt,2436,443270.000,BDS,11,0.0,0.0,32.0,是
0703002-0918-11-09-gnss_raw.txt,2436,443270.000,BDS,20,58.0,29.0,33.0,是
0703002-0918-11-09-gnss_raw.txt,2436,443270.000,BDS,29,20.0,230.0,22.0,是
0703002-0918-11-09-gnss_raw.txt,2436,443270.000,BDS,35,17.0,285.0,22.0,是
0703002-0918-11-09-gnss_raw.txt,2436,443270.000,BDS,37,46.0,77.0,29.0,是
0703002-0918-11-09-gnss_raw.txt,2436,443271.000,GPS,13,28.0,134.0,25.0,是
0703002-0918-11-09-gnss_raw.txt,2436,443271.000,GPS,15,0.0,0.0,32.0,是
0703002-0918-11-09-gnss_raw.txt,2436,443271.000,GPS,18,45.0,214.0,32.0,是
0703002-0918-11-09-gnss_raw.txt,2436,443271.000,GPS,20,0.0,0.0,25.0,是
0703002-0918-11-09-gnss_raw.txt,2436,443271.000,GPS,24,65.0,45.0,35.0,是
0703002-0918-11-09-gnss_raw.txt,2436,443271.000,GPS,32,0.0,0.0,24.0,是
0703002-0918-11-09-gnss_raw.txt,2436,443271.000,GLONASS,68,19.0,69.0,27.0,是
0703002-0918-11-09-gnss_raw.txt,2436,443271.000,GLONASS,69,45.0,16.0,39.0,是
0703002-0918-11-09-gnss_raw.txt,2436,443271.000,GLONASS,70,29.0,313.0,31.0,是
0703002-0918-11-09-gnss_raw.txt,2436,443271.000,GLONASS,79,47.0,92.0,32.0,是
0703002-0918-11-09-gnss_raw.txt,2436,443271.000,GLONASS,80,27.0,160.0,34.0,是
0703002-0918-11-09-gnss_raw.txt,2436,443271.000,GLONASS,84,36.0,240.0,33.0,是
0703002-0918-11-09-gnss_raw.txt,2436,443271.000,GLONASS,85,0.0,0.0,28.0,是
0703002-0918-11-09-gnss_raw.txt,2436,443271.000,Galileo,13,0.0,0.0,29.0,是
0703002-0918-11-09-gnss_raw.txt,2436,443271.000,Galileo,26,60.0,270.0,35.0,是
0703002-0918-11-09-gnss_raw.txt,2436,443271.000,Galileo,29,34.0,271.0,26.0,是
0703002-0918-11-09-gnss_raw.txt,2436,443271.000,QZSS,3,43.0,168.0,29.0,是
0703002-0918-11-09-gnss_raw.txt,2436,443271.000,QZSS,7,53.0,169.0,26.0,是
0703002-0918-11-09-gnss_raw.txt,2436,443271.000,BDS,1,48.0,147.0,27.0,是
0703002-0918-11-09-gnss_raw.txt,2436,443271.000,BDS,2,0.0,0.0,26.0,是
0703002-0918-11-09-gnss_raw.txt,2436,443271.000,BDS,3,0.0,0.0,26.0,是
0703002-0918-11-09-gnss_raw.txt,2436,443271.000,BDS,4,37.0,120.0,30.0,是
0703002-0918-11-09-gnss_raw.txt,2436,443271.000,BDS,6,69.0,39.0,32.0,是
0703002-0918-11-09-gnss_raw.txt,2436,443271.000,BDS,7,59.0,189.0,30.0,是
0703002-0918-11-09-gnss_raw.txt,2436,443271.000,BDS,10,49.0,190.0,26.0,是
0703002-0918-11-09-gnss_raw.txt,2436,443271.000,BDS,11,0.0,0.0,32.0,是
0703002-0918-11-09-gnss_raw.txt,2436,443271.000,BDS,20,58.0,29.0,33.0,是
0703002-0918-11-09-gnss_raw.txt,2436,443271.000,BDS,29,20.0,230.0,21.0,是
0703002-0918-11-09-gnss_raw.txt,2436,443271.000,BDS,35,17.0,285.0,22.0,是
0703002-0918-11-09-gnss_raw.txt,2436,443271.000,BDS,37,46.0,76.0,28.0,是
0703002-0918-11-09-gnss_raw.txt,2436,443272.000,GPS,13,28.0,134.0,25.0,是
0703002-0918-11-09-gnss_raw.txt,2436,443272.000,GPS,15,0.0,0.0,31.0,是
0703002-0918-11-09-gnss_raw.txt,2436,443272.000,GPS,18,45.0,214.0,32.0,是
0703002-0918-11-09-gnss_raw.txt,2436,443272.000,GPS,20,0.0,0.0,24.0,是
0703002-0918-11-09-gnss_raw.txt,2436,443272.000,GPS,24,65.0,45.0,35.0,是
0703002-0918-11-09-gnss_raw.txt,2436,443272.000,GPS,32,0.0,0.0,23.0,是
0703002-0918-11-09-gnss_raw.txt,2436,443272.000,GLONASS,68,19.0,69.0,25.0,是
0703002-0918-11-09-gnss_raw.txt,2436,443272.000,GLONASS,69,45.0,16.0,39.0,是
0703002-0918-11-09-gnss_raw.txt,2436,443272.000,GLONASS,70,29.0,313.0,31.0,是
0703002-0918-11-09-gnss_raw.txt,2436,443272.000,GLONASS,79,47.0,92.0,30.0,是
0703002-0918-11-09-gnss_raw.txt,2436,443272.000,GLONASS,80,27.0,160.0,32.0,是
0703002-0918-11-09-gnss_raw.txt,2436,443272.000,GLONASS,84,36.0,240.0,31.0,是
0703002-0918-11-09-gnss_raw.txt,2436,443272.000,GLONASS,85,0.0,0.0,28.0,是
0703002-0918-11-09-gnss_raw.txt,2436,443272.000,Galileo,13,0.0,0.0,30.0,是
0703002-0918-11-09-gnss_raw.txt,2436,443272.000,Galileo,26,60.0,270.0,34.0,是
0703002-0918-11-09-gnss_raw.txt,2436,443272.000,Galileo,29,34.0,271.0,25.0,是
0703002-0918-11-09-gnss_raw.txt,2436,443272.000,QZSS,3,43.0,168.0,26.0,是
0703002-0918-11-09-gnss_raw.txt,2436,443272.000,QZSS,7,53.0,169.0,23.0,是
0703002-0918-11-09-gnss_raw.txt,2436,443272.000,BDS,1,48.0,147.0,26.0,是
0703002-0918-11-09-gnss_raw.txt,2436,443272.000,BDS,2,0.0,0.0,27.0,是
0703002-0918-11-09-gnss_raw.txt,2436,443272.000,BDS,3,0.0,0.0,28.0,是
0703002-0918-11-09-gnss_raw.txt,2436,443272.000,BDS,4,37.0,120.0,30.0,是
0703002-0918-11-09-gnss_raw.txt,2436,443272.000,BDS,6,69.0,39.0,32.0,是
0703002-0918-11-09-gnss_raw.txt,2436,443272.000,BDS,7,59.0,189.0,27.0,是
0703002-0918-11-09-gnss_raw.txt,2436,443272.000,BDS,10,49.0,190.0,26.0,是
0703002-0918-11-09-gnss_raw.txt,2436,443272.000,BDS,11,0.0,0.0,31.0,是
0703002-0918-11-09-gnss_raw.txt,2436,443272.000,BDS,20,58.0,29.0,33.0,是
0703002-0918-11-09-gnss_raw.txt,2436,443272.000,BDS,29,0.0,0.0,19.0,是
0703002-0918-11-09-gnss_raw.txt,2436,443272.000,BDS,35,17.0,285.0,22.0,是
0703002-0918-11-09-gnss_raw.txt,2436,443272.000,BDS,37,46.0,76.0,28.0,是
0703002-0918-11-09-gnss_raw.txt,2436,443273.000,GPS,13,28.0,134.0,25.0,是
0703002-0918-11-09-gnss_raw.txt,2436,443273.000,GPS,15,0.0,0.0,31.0,是
0703002-0918-11-09-gnss_raw.txt,2436,443273.000,GPS,18,45.0,214.0,33.0,是
0703002-0918-11-09-gnss_raw.txt,2436,443273.000,GPS,20,0.0,0.0,23.0,是
0703002-0918-11-09-gnss_raw.txt,2436,443273.000,GPS,24,65.0,45.0,35.0,是
0703002-0918-11-09-gnss_raw.txt,2436,443273.000,GPS,32,0.0,0.0,21.0,是
0703002-0918-11-09-gnss_raw.txt,2436,443273.000,GLONASS,68,19.0,69.0,25.0,是
0703002-0918-11-09-gnss_raw.txt,2436,443273.000,GLONASS,69,45.0,16.0,38.0,是
0703002-0918-11-09-gnss_raw.txt,2436,443273.000,GLONASS,70,29.0,313.0,23.0,是
0703002-0918-11-09-gnss_raw.txt,2436,443273.000,GLONASS,79,47.0,92.0,31.0,是
0703002-0918-11-09-gnss_raw.txt,2436,443273.000,GLONASS,80,27.0,160.0,34.0,是
0703002-0918-11-09-gnss_raw.txt,2436,443273.000,GLONASS,84,36.0,240.0,31.0,是
0703002-0918-11-09-gnss_raw.txt,2436,443273.000,GLONASS,85,0.0,0.0,29.0,是
0703002-0918-11-09-gnss_raw.txt,2436,443273.000,Galileo,13,0.0,0.0,31.0,是
0703002-0918-11-09-gnss_raw.txt,2436,443273.000,Galileo,26,60.0,270.0,35.0,是
0703002-0918-11-09-gnss_raw.txt,2436,443273.000,Galileo,29,34.0,271.0,28.0,是
0703002-0918-11-09-gnss_raw.txt,2436,443273.000,QZSS,3,43.0,168.0,28.0,是
0703002-0918-11-09-gnss_raw.txt,2436,443273.000,QZSS,7,53.0,169.0,24.0,是
0703002-0918-11-09-gnss_raw.txt,2436,443273.000,BDS,1,48.0,147.0,27.0,是
0703002-0918-11-09-gnss_raw.txt,2436,443273.000,BDS,2,0.0,0.0,26.0,是
0703002-0918-11-09-gnss_raw.txt,2436,443273.000,BDS,3,0.0,0.0,30.0,是
0703002-0918-11-09-gnss_raw.txt,2436,443273.000,BDS,4,37.0,120.0,26.0,是
0703002-0918-11-09-gnss_raw.txt,2436,443273.000,BDS,6,69.0,39.0,32.0,是
0703002-0918-11-09-gnss_raw.txt,2436,443273.000,BDS,7,59.0,189.0,28.0,是
0703002-0918-11-09-gnss_raw.txt,2436,443273.000,BDS,10,49.0,190.0,27.0,是
0703002-0918-11-09-gnss_raw.txt,2436,443273.000,BDS,11,0.0,0.0,30.0,是
0703002-0918-11-09-gnss_raw.txt,2436,443273.000,BDS,20,58.0,29.0,33.0,是
0703002-0918-11-09-gnss_raw.txt,2436,443273.000,BDS,29,20.0,230.0,27.0,是
0703002-0918-11-09-gnss_raw.txt,2436,443273.000,BDS,35,17.0,285.0,24.0,是
0703002-0918-11-09-gnss_raw.txt,2436,443273.000,BDS,37,46.0,76.0,29.0,是
0703002-0918-11-09-gnss_raw.txt,2436,443274.000,GPS,13,28.0,134.0,26.0,是
0703002-0918-11-09-gnss_raw.txt,2436,443274.000,GPS,15,0.0,0.0,32.0,是
0703002-0918-11-09-gnss_raw.txt,2436,443274.000,GPS,18,45.0,214.0,33.0,是
0703002-0918-11-09-gnss_raw.txt,2436,443274.000,GPS,20,0.0,0.0,23.0,是
0703002-0918-11-09-gnss_raw.txt,2436,443274.000,GPS,24,65.0,45.0,35.0,是
0703002-0918-11-09-gnss_raw.txt,2436,443274.000,GPS,32,0.0,0.0,22.0,是
0703002-0918-11-09-gnss_raw.txt,2436,443274.000,GLONASS,68,19.0,69.0,26.0,是
0703002-0918-11-09-gnss_raw.txt,2436,443274.000,GLONASS,69,45.0,16.0,31.0,是
0703002-0918-11-09-gnss_raw.txt,2436,443274.000,GLONASS,70,29.0,313.0,27.0,是
0703002-0918-11-09-gnss_raw.txt,2436,443274.000,GLONASS,79,47.0,92.0,30.0,是
0703002-0918-11-09-gnss_raw.txt,2436,443274.000,GLONASS,80,27.0,160.0,34.0,是
0703002-0918-11-09-gnss_raw.txt,2436,443274.000,GLONASS,84,36.0,240.0,30.0,是
0703002-0918-11-09-gnss_raw.txt,2436,443274.000,GLONASS,85,0.0,0.0,32.0,是
0703002-0918-11-09-gnss_raw.txt,2436,443274.000,Galileo,13,0.0,0.0,31.0,是
0703002-0918-11-09-gnss_raw.txt,2436,443274.000,Galileo,26,60.0,270.0,34.0,是
0703002-0918-11-09-gnss_raw.txt,2436,443274.000,Galileo,29,34.0,271.0,28.0,是
0703002-0918-11-09-gnss_raw.txt,2436,443274.000,QZSS,3,43.0,168.0,30.0,是
0703002-0918-11-09-gnss_raw.txt,2436,443274.000,QZSS,7,53.0,169.0,25.0,是
0703002-0918-11-09-gnss_raw.txt,2436,443274.000,BDS,1,0.0,0.0,29.0,是
0703002-0918-11-09-gnss_raw.txt,2436,443274.000,BDS,2,0.0,0.0,32.0,是
0703002-0918-11-09-gnss_raw.txt,2436,443274.000,BDS,3,0.0,0.0,31.0,是
0703002-0918-11-09-gnss_raw.txt,2436,443274.000,BDS,4,37.0,120.0,27.0,是
0703002-0918-11-09-gnss_raw.txt,2436,443274.000,BDS,6,69.0,39.0,32.0,是
0703002-0918-11-09-gnss_raw.txt,2436,443274.000,BDS,7,59.0,189.0,30.0,是
0703002-0918-11-09-gnss_raw.txt,2436,443274.000,BDS,10,49.0,190.0,29.0,是
0703002-0918-11-09-gnss_raw.txt,2436,443274.000,BDS,11,0.0,0.0,29.0,是
0703002-0918-11-09-gnss_raw.txt,2436,443274.000,BDS,20,58.0,29.0,33.0,是
0703002-0918-11-09-gnss_raw.txt,2436,443274.000,BDS,29,20.0,230.0,25.0,是
0703002-0918-11-09-gnss_raw.txt,2436,443274.000,BDS,35,17.0,285.0,26.0,是
0703002-0918-11-09-gnss_raw.txt,2436,443274.000,BDS,37,46.0,76.0,30.0,是
0703002-0918-11-09-gnss_raw.txt,2436,443275.000,GPS,13,28.0,134.0,27.0,是
0703002-0918-11-09-gnss_raw.txt,2436,443275.000,GPS,15,0.0,0.0,32.0,是
0703002-0918-11-09-gnss_raw.txt,2436,443275.000,GPS,18,45.0,214.0,33.0,是
0703002-0918-11-09-gnss_raw.txt,2436,443275.000,GPS,20,0.0,0.0,23.0,是
0703002-0918-11-09-gnss_raw.txt,2436,443275.000,GPS,24,65.0,45.0,35.0,是
0703002-0918-11-09-gnss_raw.txt,2436,443275.000,GPS,32,0.0,0.0,23.0,是
0703002-0918-11-09-gnss_raw.txt,2436,443275.000,GLONASS,68,19.0,69.0,30.0,是
0703002-0918-11-09-gnss_raw.txt,2436,443275.000,GLONASS,69,45.0,16.0,27.0,是
0703002-0918-11-09-gnss_raw.txt,2436,443275.000,GLONASS,70,29.0,313.0,28.0,是
0703002-0918-11-09-gnss_raw.txt,2436,443275.000,GLONASS,79,47.0,92.0,30.0,是
0703002-0918-11-09-gnss_raw.txt,2436,443275.000,GLONASS,80,27.0,160.0,34.0,是
0703002-0918-11-09-gnss_raw.txt,2436,443275.000,GLONASS,84,36.0,240.0,30.0,是
0703002-0918-11-09-gnss_raw.txt,2436,443275.000,GLONASS,85,0.0,0.0,31.0,是
0703002-0918-11-09-gnss_raw.txt,2436,443275.000,Galileo,13,0.0,0.0,32.0,是
0703002-0918-11-09-gnss_raw.txt,2436,443275.000,Galileo,26,60.0,270.0,31.0,是
0703002-0918-11-09-gnss_raw.txt,2436,443275.000,Galileo,29,34.0,271.0,29.0,是
0703002-0918-11-09-gnss_raw.txt,2436,443275.000,QZSS,3,43.0,168.0,31.0,是
0703002-0918-11-09-gnss_raw.txt,2436,443275.000,QZSS,7,53.0,169.0,26.0,是
0703002-0918-11-09-gnss_raw.txt,2436,443275.000,BDS,1,48.0,147.0,29.0,是
0703002-0918-11-09-gnss_raw.txt,2436,443275.000,BDS,3,0.0,0.0,31.0,是
0703002-0918-11-09-gnss_raw.txt,2436,443275.000,BDS,4,37.0,120.0,28.0,是
0703002-0918-11-09-gnss_raw.txt,2436,443275.000,BDS,6,69.0,39.0,32.0,是
0703002-0918-11-09-gnss_raw.txt,2436,443275.000,BDS,7,59.0,189.0,31.0,是
0703002-0918-11-09-gnss_raw.txt,2436,443275.000,BDS,10,49.0,190.0,30.0,是
0703002-0918-11-09-gnss_raw.txt,2436,443275.000,BDS,11,0.0,0.0,29.0,是
0703002-0918-11-09-gnss_raw.txt,2436,443275.000,BDS,20,58.0,29.0,33.0,是
0703002-0918-11-09-gnss_raw.txt,2436,443275.000,BDS,29,0.0,0.0,25.0,是
0703002-0918-11-09-gnss_raw.txt,2436,443275.000,BDS,35,17.0,285.0,25.0,是
0703002-0918-11-09-gnss_raw.txt,2436,443275.000,BDS,37,46.0,76.0,31.0,是
0703002-0918-11-09-gnss_raw.txt,2436,443276.000,GPS,13,28.0,134.0,29.0,是
0703002-0918-11-09-gnss_raw.txt,2436,443276.000,GPS,15,0.0,0.0,32.0,是
0703002-0918-11-09-gnss_raw.txt,2436,443276.000,GPS,18,45.0,214.0,33.0,是
0703002-0918-11-09-gnss_raw.txt,2436,443276.000,GPS,20,0.0,0.0,22.0,是
0703002-0918-11-09-gnss_raw.txt,2436,443276.000,GPS,24,65.0,45.0,35.0,是
0703002-0918-11-09-gnss_raw.txt,2436,443276.000,GPS,32,0.0,0.0,24.0,是
0703002-0918-11-09-gnss_raw.txt,2436,443276.000,GLONASS,68,19.0,69.0,26.0,是
0703002-0918-11-09-gnss_raw.txt,2436,443276.000,GLONASS,69,0.0,0.0,24.0,是
0703002-0918-11-09-gnss_raw.txt,2436,443276.000,GLONASS,70,29.0,313.0,28.0,是
0703002-0918-11-09-gnss_raw.txt,2436,443276.000,GLONASS,79,47.0,92.0,32.0,是
0703002-0918-11-09-gnss_raw.txt,2436,443276.000,GLONASS,80,27.0,160.0,36.0,是
0703002-0918-11-09-gnss_raw.txt,2436,443276.000,GLONASS,84,36.0,240.0,30.0,是
0703002-0918-11-09-gnss_raw.txt,2436,443276.000,GLONASS,85,0.0,0.0,33.0,是
0703002-0918-11-09-gnss_raw.txt,2436,443276.000,Galileo,13,0.0,0.0,33.0,是
0703002-0918-11-09-gnss_raw.txt,2436,443276.000,Galileo,26,60.0,270.0,33.0,是
0703002-0918-11-09-gnss_raw.txt,2436,443276.000,Galileo,29,34.0,271.0,30.0,是
0703002-0918-11-09-gnss_raw.txt,2436,443276.000,QZSS,3,43.0,168.0,31.0,是
0703002-0918-11-09-gnss_raw.txt,2436,443276.000,QZSS,7,53.0,169.0,26.0,是
0703002-0918-11-09-gnss_raw.txt,2436,443276.000,BDS,1,48.0,147.0,30.0,是
0703002-0918-11-09-gnss_raw.txt,2436,443276.000,BDS,3,0.0,0.0,31.0,是
0703002-0918-11-09-gnss_raw.txt,2436,443276.000,BDS,4,37.0,120.0,29.0,是
0703002-0918-11-09-gnss_raw.txt,2436,443276.000,BDS,6,69.0,39.0,31.0,是
0703002-0918-11-09-gnss_raw.txt,2436,443276.000,BDS,7,59.0,189.0,31.0,是
0703002-0918-11-09-gnss_raw.txt,2436,443276.000,BDS,10,49.0,190.0,30.0,是
0703002-0918-11-09-gnss_raw.txt,2436,443276.000,BDS,11,0.0,0.0,19.0,是
0703002-0918-11-09-gnss_raw.txt,2436,443276.000,BDS,20,58.0,29.0,31.0,是
0703002-0918-11-09-gnss_raw.txt,2436,443276.000,BDS,29,0.0,0.0,27.0,是
0703002-0918-11-09-gnss_raw.txt,2436,443276.000,BDS,35,17.0,285.0,25.0,是
0703002-0918-11-09-gnss_raw.txt,2436,443276.000,BDS,37,46.0,76.0,30.0,是
0703002-0918-11-09-gnss_raw.txt,2436,443277.000,GPS,13,28.0,134.0,31.0,是
0703002-0918-11-09-gnss_raw.txt,2436,443277.000,GPS,15,0.0,0.0,32.0,是
0703002-0918-11-09-gnss_raw.txt,2436,443277.000,GPS,18,45.0,214.0,32.0,是
0703002-0918-11-09-gnss_raw.txt,2436,443277.000,GPS,20,0.0,0.0,22.0,是
0703002-0918-11-09-gnss_raw.txt,2436,443277.000,GPS,24,65.0,45.0,33.0,是
0703002-0918-11-09-gnss_raw.txt,2436,443277.000,GPS,32,0.0,0.0,25.0,是
0703002-0918-11-09-gnss_raw.txt,2436,443277.000,GLONASS,68,19.0,69.0,23.0,是
0703002-0918-11-09-gnss_raw.txt,2436,443277.000,GLONASS,69,0.0,0.0,18.0,是
0703002-0918-11-09-gnss_raw.txt,2436,443277.000,GLONASS,70,29.0,313.0,29.0,是
0703002-0918-11-09-gnss_raw.txt,2436,443277.000,GLONASS,79,47.0,92.0,34.0,是
0703002-0918-11-09-gnss_raw.txt,2436,443277.000,GLONASS,80,27.0,160.0,35.0,是
0703002-0918-11-09-gnss_raw.txt,2436,443277.000,GLONASS,84,36.0,240.0,29.0,是
0703002-0918-11-09-gnss_raw.txt,2436,443277.000,GLONASS,85,0.0,0.0,34.0,是
0703002-0918-11-09-gnss_raw.txt,2436,443277.000,Galileo,13,0.0,0.0,32.0,是
0703002-0918-11-09-gnss_raw.txt,2436,443277.000,Galileo,26,60.0,270.0,32.0,是
0703002-0918-11-09-gnss_raw.txt,2436,443277.000,Galileo,29,34.0,271.0,31.0,是
0703002-0918-11-09-gnss_raw.txt,2436,443277.000,QZSS,3,43.0,168.0,31.0,是
0703002-0918-11-09-gnss_raw.txt,2436,443277.000,QZSS,7,53.0,169.0,27.0,是
0703002-0918-11-09-gnss_raw.txt,2436,443277.000,BDS,1,48.0,147.0,29.0,是
0703002-0918-11-09-gnss_raw.txt,2436,443277.000,BDS,3,0.0,0.0,32.0,是
0703002-0918-11-09-gnss_raw.txt,2436,443277.000,BDS,4,37.0,120.0,31.0,是
0703002-0918-11-09-gnss_raw.txt,2436,443277.000,BDS,6,69.0,39.0,29.0,是
0703002-0918-11-09-gnss_raw.txt,2436,443277.000,BDS,7,59.0,189.0,31.0,是
0703002-0918-11-09-gnss_raw.txt,2436,443277.000,BDS,10,49.0,190.0,30.0,是
0703002-0918-11-09-gnss_raw.txt,2436,443277.000,BDS,11,0.0,0.0,24.0,是
0703002-0918-11-09-gnss_raw.txt,2436,443277.000,BDS,20,58.0,29.0,31.0,是
0703002-0918-11-09-gnss_raw.txt,2436,443277.000,BDS,29,0.0,0.0,25.0,是
0703002-0918-11-09-gnss_raw.txt,2436,443277.000,BDS,35,17.0,285.0,24.0,是
0703002-0918-11-09-gnss_raw.txt,2436,443277.000,BDS,37,46.0,76.0,30.0,是
0703002-0918-11-09-gnss_raw.txt,2436,443278.000,GPS,13,28.0,134.0,32.0,是
0703002-0918-11-09-gnss_raw.txt,2436,443278.000,GPS,15,0.0,0.0,30.0,是
0703002-0918-11-09-gnss_raw.txt,2436,443278.000,GPS,18,45.0,214.0,28.0,是
0703002-0918-11-09-gnss_raw.txt,2436,443278.000,GPS,20,0.0,0.0,22.0,是
0703002-0918-11-09-gnss_raw.txt,2436,443278.000,GPS,24,65.0,45.0,32.0,是
0703002-0918-11-09-gnss_raw.txt,2436,443278.000,GPS,32,0.0,0.0,25.0,是
0703002-0918-11-09-gnss_raw.txt,2436,443278.000,GLONASS,68,19.0,69.0,26.0,是
0703002-0918-11-09-gnss_raw.txt,2436,443278.000,GLONASS,70,29.0,313.0,31.0,是
0703002-0918-11-09-gnss_raw.txt,2436,443278.000,GLONASS,79,47.0,92.0,35.0,是
0703002-0918-11-09-gnss_raw.txt,2436,443278.000,GLONASS,80,27.0,160.0,36.0,是
0703002-0918-11-09-gnss_raw.txt,2436,443278.000,GLONASS,84,36.0,240.0,30.0,是
0703002-0918-11-09-gnss_raw.txt,2436,443278.000,GLONASS,85,0.0,0.0,32.0,是
0703002-0918-11-09-gnss_raw.txt,2436,443278.000,Galileo,13,0.0,0.0,32.0,是
0703002-0918-11-09-gnss_raw.txt,2436,443278.000,Galileo,26,60.0,270.0,33.0,是
0703002-0918-11-09-gnss_raw.txt,2436,443278.000,Galileo,29,34.0,271.0,31.0,是
0703002-0918-11-09-gnss_raw.txt,2436,443278.000,QZSS,3,43.0,168.0,31.0,是
0703002-0918-11-09-gnss_raw.txt,2436,443278.000,QZSS,7,53.0,169.0,27.0,是
0703002-0918-11-09-gnss_raw.txt,2436,443278.000,BDS,1,48.0,147.0,30.0,是
0703002-0918-11-09-gnss_raw.txt,2436,443278.000,BDS,3,0.0,0.0,27.0,是
0703002-0918-11-09-gnss_raw.txt,2436,443278.000,BDS,4,37.0,120.0,31.0,是
0703002-0918-11-09-gnss_raw.txt,2436,443278.000,BDS,6,69.0,39.0,28.0,是
0703002-0918-11-09-gnss_raw.txt,2436,443278.000,BDS,7,59.0,189.0,32.0,是
0703002-0918-11-09-gnss_raw.txt,2436,443278.000,BDS,10,49.0,190.0,29.0,是
0703002-0918-11-09-gnss_raw.txt,2436,443278.000,BDS,11,0.0,0.0,25.0,是
0703002-0918-11-09-gnss_raw.txt,2436,443278.000,BDS,20,58.0,29.0,30.0,是
0703002-0918-11-09-gnss_raw.txt,2436,443278.000,BDS,29,0.0,0.0,25.0,是
0703002-0918-11-09-gnss_raw.txt,2436,443278.000,BDS,35,17.0,285.0,22.0,是
0703002-0918-11-09-gnss_raw.txt,2436,443278.000,BDS,37,46.0,76.0,30.0,是
0703002-0918-11-09-gnss_raw.txt,2436,443279.000,GPS,13,28.0,134.0,33.0,是
0703002-0918-11-09-gnss_raw.txt,2436,443279.000,GPS,15,0.0,0.0,29.0,是
0703002-0918-11-09-gnss_raw.txt,2436,443279.000,GPS,18,45.0,214.0,28.0,是
0703002-0918-11-09-gnss_raw.txt,2436,443279.000,GPS,20,0.0,0.0,23.0,是
0703002-0918-11-09-gnss_raw.txt,2436,443279.000,GPS,24,65.0,45.0,32.0,是
0703002-0918-11-09-gnss_raw.txt,2436,443279.000,GPS,32,0.0,0.0,25.0,是
0703002-0918-11-09-gnss_raw.txt,2436,443279.000,GLONASS,68,19.0,69.0,29.0,是
0703002-0918-11-09-gnss_raw.txt,2436,443279.000,GLONASS,70,29.0,313.0,32.0,是
0703002-0918-11-09-gnss_raw.txt,2436,443279.000,GLONASS,79,47.0,92.0,35.0,是
0703002-0918-11-09-gnss_raw.txt,2436,443279.000,GLONASS,80,27.0,160.0,35.0,是
0703002-0918-11-09-gnss_raw.txt,2436,443279.000,GLONASS,84,36.0,240.0,32.0,是
0703002-0918-11-09-gnss_raw.txt,2436,443279.000,GLONASS,85,0.0,0.0,31.0,是
0703002-0918-11-09-gnss_raw.txt,2436,443279.000,Galileo,13,0.0,0.0,32.0,是
0703002-0918-11-09-gnss_raw.txt,2436,443279.000,Galileo,26,60.0,270.0,34.0,是
0703002-0918-11-09-gnss_raw.txt,2436,443279.000,Galileo,29,34.0,271.0,28.0,是
0703002-0918-11-09-gnss_raw.txt,2436,443279.000,QZSS,3,43.0,168.0,31.0,是
0703002-0918-11-09-gnss_raw.txt,2436,443279.000,QZSS,7,53.0,169.0,26.0,是
0703002-0918-11-09-gnss_raw.txt,2436,443279.000,BDS,1,48.0,147.0,30.0,是
0703002-0918-11-09-gnss_raw.txt,2436,443279.000,BDS,3,0.0,0.0,28.0,是
0703002-0918-11-09-gnss_raw.txt,2436,443279.000,BDS,4,37.0,120.0,31.0,是
0703002-0918-11-09-gnss_raw.txt,2436,443279.000,BDS,6,69.0,39.0,30.0,是
0703002-0918-11-09-gnss_raw.txt,2436,443279.000,BDS,7,59.0,189.0,31.0,是
0703002-0918-11-09-gnss_raw.txt,2436,443279.000,BDS,10,49.0,190.0,27.0,是
0703002-0918-11-09-gnss_raw.txt,2436,443279.000,BDS,11,0.0,0.0,22.0,是
0703002-0918-11-09-gnss_raw.txt,2436,443279.000,BDS,20,58.0,29.0,32.0,是
0703002-0918-11-09-gnss_raw.txt,2436,443279.000,BDS,29,0.0,0.0,25.0,是
0703002-0918-11-09-gnss_raw.txt,2436,443279.000,BDS,35,17.0,285.0,22.0,是
0703002-0918-11-09-gnss_raw.txt,2436,443279.000,BDS,37,46.0,76.0,30.0,是
0703002-0918-11-09-gnss_raw.txt,2436,443280.000,GPS,13,28.0,134.0,33.0,是
0703002-0918-11-09-gnss_raw.txt,2436,443280.000,GPS,15,0.0,0.0,30.0,是
0703002-0918-11-09-gnss_raw.txt,2436,443280.000,GPS,18,45.0,214.0,26.0,是
0703002-0918-11-09-gnss_raw.txt,2436,443280.000,GPS,20,0.0,0.0,22.0,是
0703002-0918-11-09-gnss_raw.txt,2436,443280.000,GPS,24,65.0,45.0,33.0,是
0703002-0918-11-09-gnss_raw.txt,2436,443280.000,GPS,32,0.0,0.0,23.0,是
0703002-0918-11-09-gnss_raw.txt,2436,443280.000,GLONASS,68,19.0,69.0,26.0,是
0703002-0918-11-09-gnss_raw.txt,2436,443280.000,GLONASS,70,29.0,313.0,30.0,是
0703002-0918-11-09-gnss_raw.txt,2436,443280.000,GLONASS,79,47.0,92.0,35.0,是
0703002-0918-11-09-gnss_raw.txt,2436,443280.000,GLONASS,80,27.0,160.0,34.0,是
0703002-0918-11-09-gnss_raw.txt,2436,443280.000,GLONASS,84,36.0,240.0,29.0,是
0703002-0918-11-09-gnss_raw.txt,2436,443280.000,GLONASS,85,0.0,0.0,28.0,是
0703002-0918-11-09-gnss_raw.txt,2436,443280.000,Galileo,13,0.0,0.0,29.0,是
0703002-0918-11-09-gnss_raw.txt,2436,443280.000,Galileo,26,60.0,270.0,34.0,是
0703002-0918-11-09-gnss_raw.txt,2436,443280.000,Galileo,29,34.0,271.0,30.0,是
0703002-0918-11-09-gnss_raw.txt,2436,443280.000,QZSS,3,43.0,168.0,30.0,是
0703002-0918-11-09-gnss_raw.txt,2436,443280.000,QZSS,7,53.0,169.0,25.0,是
0703002-0918-11-09-gnss_raw.txt,2436,443280.000,BDS,1,48.0,147.0,29.0,是
0703002-0918-11-09-gnss_raw.txt,2436,443280.000,BDS,3,0.0,0.0,29.0,是
0703002-0918-11-09-gnss_raw.txt,2436,443280.000,BDS,4,37.0,120.0,30.0,是
0703002-0918-11-09-gnss_raw.txt,2436,443280.000,BDS,6,69.0,39.0,32.0,是
0703002-0918-11-09-gnss_raw.txt,2436,443280.000,BDS,7,59.0,189.0,29.0,是
0703002-0918-11-09-gnss_raw.txt,2436,443280.000,BDS,10,49.0,190.0,25.0,是
0703002-0918-11-09-gnss_raw.txt,2436,443280.000,BDS,11,0.0,0.0,21.0,是
0703002-0918-11-09-gnss_raw.txt,2436,443280.000,BDS,20,58.0,29.0,32.0,是
0703002-0918-11-09-gnss_raw.txt,2436,443280.000,BDS,29,20.0,230.0,26.0,是
0703002-0918-11-09-gnss_raw.txt,2436,443280.000,BDS,35,17.0,285.0,22.0,是
0703002-0918-11-09-gnss_raw.txt,2436,443280.000,BDS,37,46.0,76.0,31.0,是
0703002-0918-11-09-gnss_raw.txt,2436,443281.000,GPS,13,28.0,134.0,33.0,是
0703002-0918-11-09-gnss_raw.txt,2436,443281.000,GPS,15,0.0,0.0,30.0,是
0703002-0918-11-09-gnss_raw.txt,2436,443281.000,GPS,18,45.0,214.0,24.0,是
0703002-0918-11-09-gnss_raw.txt,2436,443281.000,GPS,20,0.0,0.0,21.0,是
0703002-0918-11-09-gnss_raw.txt,2436,443281.000,GPS,24,65.0,45.0,34.0,是
0703002-0918-11-09-gnss_raw.txt,2436,443281.000,GPS,32,0.0,0.0,25.0,是
0703002-0918-11-09-gnss_raw.txt,2436,443281.000,GLONASS,68,19.0,69.0,29.0,是
0703002-0918-11-09-gnss_raw.txt,2436,443281.000,GLONASS,70,29.0,313.0,30.0,是
0703002-0918-11-09-gnss_raw.txt,2436,443281.000,GLONASS,79,47.0,92.0,35.0,是
0703002-0918-11-09-gnss_raw.txt,2436,443281.000,GLONASS,80,27.0,160.0,34.0,是
0703002-0918-11-09-gnss_raw.txt,2436,443281.000,GLONASS,84,36.0,240.0,32.0,是
0703002-0918-11-09-gnss_raw.txt,2436,443281.000,GLONASS,85,0.0,0.0,33.0,是
0703002-0918-11-09-gnss_raw.txt,2436,443281.000,Galileo,13,0.0,0.0,28.0,是
0703002-0918-11-09-gnss_raw.txt,2436,443281.000,Galileo,26,60.0,270.0,33.0,是
0703002-0918-11-09-gnss_raw.txt,2436,443281.000,Galileo,29,34.0,271.0,30.0,是
0703002-0918-11-09-gnss_raw.txt,2436,443281.000,QZSS,3,43.0,168.0,29.0,是
0703002-0918-11-09-gnss_raw.txt,2436,443281.000,QZSS,7,53.0,169.0,23.0,是
0703002-0918-11-09-gnss_raw.txt,2436,443281.000,BDS,1,48.0,147.0,27.0,是
0703002-0918-11-09-gnss_raw.txt,2436,443281.000,BDS,2,0.0,0.0,28.0,是
0703002-0918-11-09-gnss_raw.txt,2436,443281.000,BDS,3,0.0,0.0,35.0,是
0703002-0918-11-09-gnss_raw.txt,2436,443281.000,BDS,4,37.0,120.0,31.0,是
0703002-0918-11-09-gnss_raw.txt,2436,443281.000,BDS,6,69.0,39.0,32.0,是
0703002-0918-11-09-gnss_raw.txt,2436,443281.000,BDS,7,59.0,189.0,27.0,是
0703002-0918-11-09-gnss_raw.txt,2436,443281.000,BDS,10,49.0,190.0,22.0,是
0703002-0918-11-09-gnss_raw.txt,2436,443281.000,BDS,11,0.0,0.0,22.0,是
0703002-0918-11-09-gnss_raw.txt,2436,443281.000,BDS,20,58.0,29.0,32.0,是
0703002-0918-11-09-gnss_raw.txt,2436,443281.000,BDS,29,20.0,230.0,27.0,是
0703002-0918-11-09-gnss_raw.txt,2436,443281.000,BDS,35,17.0,285.0,22.0,是
0703002-0918-11-09-gnss_raw.txt,2436,443281.000,BDS,37,46.0,76.0,32.0,是
0703002-0918-11-09-gnss_raw.txt,2436,443282.000,GPS,13,28.0,134.0,33.0,是
0703002-0918-11-09-gnss_raw.txt,2436,443282.000,GPS,15,0.0,0.0,32.0,是
0703002-0918-11-09-gnss_raw.txt,2436,443282.000,GPS,18,45.0,214.0,26.0,是
0703002-0918-11-09-gnss_raw.txt,2436,443282.000,GPS,20,0.0,0.0,21.0,是
0703002-0918-11-09-gnss_raw.txt,2436,443282.000,GPS,24,65.0,45.0,34.0,是
0703002-0918-11-09-gnss_raw.txt,2436,443282.000,GPS,32,0.0,0.0,26.0,是
0703002-0918-11-09-gnss_raw.txt,2436,443282.000,GLONASS,68,19.0,69.0,28.0,是
0703002-0918-11-09-gnss_raw.txt,2436,443282.000,GLONASS,70,29.0,313.0,31.0,是
0703002-0918-11-09-gnss_raw.txt,2436,443282.000,GLONASS,79,47.0,92.0,36.0,是
0703002-0918-11-09-gnss_raw.txt,2436,443282.000,GLONASS,80,27.0,160.0,36.0,是
0703002-0918-11-09-gnss_raw.txt,2436,443282.000,GLONASS,84,36.0,240.0,31.0,是
0703002-0918-11-09-gnss_raw.txt,2436,443282.000,GLONASS,85,0.0,0.0,35.0,是
0703002-0918-11-09-gnss_raw.txt,2436,443282.000,Galileo,13,0.0,0.0,29.0,是
0703002-0918-11-09-gnss_raw.txt,2436,443282.000,Galileo,26,60.0,270.0,33.0,是
0703002-0918-11-09-gnss_raw.txt,2436,443282.000,Galileo,29,34.0,271.0,29.0,是
0703002-0918-11-09-gnss_raw.txt,2436,443282.000,QZSS,3,43.0,168.0,30.0,是
0703002-0918-11-09-gnss_raw.txt,2436,443282.000,QZSS,7,53.0,169.0,24.0,是
0703002-0918-11-09-gnss_raw.txt,2436,443282.000,BDS,1,48.0,147.0,27.0,是
0703002-0918-11-09-gnss_raw.txt,2436,443282.000,BDS,2,0.0,0.0,27.0,是
0703002-0918-11-09-gnss_raw.txt,2436,443282.000,BDS,3,0.0,0.0,35.0,是
0703002-0918-11-09-gnss_raw.txt,2436,443282.000,BDS,4,37.0,120.0,32.0,是
0703002-0918-11-09-gnss_raw.txt,2436,443282.000,BDS,6,69.0,39.0,32.0,是
0703002-0918-11-09-gnss_raw.txt,2436,443282.000,BDS,7,59.0,189.0,27.0,是
0703002-0918-11-09-gnss_raw.txt,2436,443282.000,BDS,10,49.0,190.0,20.0,是
0703002-0918-11-09-gnss_raw.txt,2436,443282.000,BDS,11,0.0,0.0,25.0,是
0703002-0918-11-09-gnss_raw.txt,2436,443282.000,BDS,20,58.0,29.0,33.0,是
0703002-0918-11-09-gnss_raw.txt,2436,443282.000,BDS,29,20.0,230.0,27.0,是
0703002-0918-11-09-gnss_raw.txt,2436,443282.000,BDS,35,17.0,285.0,22.0,是
0703002-0918-11-09-gnss_raw.txt,2436,443282.000,BDS,37,46.0,76.0,33.0,是
0703002-0918-11-09-gnss_raw.txt,2436,443283.000,GPS,13,28.0,134.0,32.0,是
0703002-0918-11-09-gnss_raw.txt,2436,443283.000,GPS,15,0.0,0.0,33.0,是
0703002-0918-11-09-gnss_raw.txt,2436,443283.000,GPS,18,45.0,214.0,27.0,是
0703002-0918-11-09-gnss_raw.txt,2436,443283.000,GPS,20,0.0,0.0,19.0,是
0703002-0918-11-09-gnss_raw.txt,2436,443283.000,GPS,24,65.0,45.0,35.0,是
0703002-0918-11-09-gnss_raw.txt,2436,443283.000,GPS,32,0.0,0.0,27.0,是
0703002-0918-11-09-gnss_raw.txt,2436,443283.000,GLONASS,68,19.0,69.0,31.0,是
0703002-0918-11-09-gnss_raw.txt,2436,443283.000,GLONASS,70,29.0,313.0,28.0,是
0703002-0918-11-09-gnss_raw.txt,2436,443283.000,GLONASS,79,47.0,92.0,36.0,是
0703002-0918-11-09-gnss_raw.txt,2436,443283.000,GLONASS,80,27.0,160.0,36.0,是
0703002-0918-11-09-gnss_raw.txt,2436,443283.000,GLONASS,84,36.0,240.0,33.0,是
0703002-0918-11-09-gnss_raw.txt,2436,443283.000,GLONASS,85,0.0,0.0,33.0,是
0703002-0918-11-09-gnss_raw.txt,2436,443283.000,Galileo,13,0.0,0.0,24.0,是
0703002-0918-11-09-gnss_raw.txt,2436,443283.000,Galileo,26,60.0,270.0,34.0,是
0703002-0918-11-09-gnss_raw.txt,2436,443283.000,Galileo,29,34.0,271.0,31.0,是
0703002-0918-11-09-gnss_raw.txt,2436,443283.000,QZSS,3,43.0,168.0,32.0,是
0703002-0918-11-09-gnss_raw.txt,2436,443283.000,QZSS,7,53.0,169.0,23.0,是
0703002-0918-11-09-gnss_raw.txt,2436,443283.000,BDS,1,48.0,147.0,29.0,是
0703002-0918-11-09-gnss_raw.txt,2436,443283.000,BDS,2,0.0,0.0,25.0,是
0703002-0918-11-09-gnss_raw.txt,2436,443283.000,BDS,3,0.0,0.0,35.0,是
0703002-0918-11-09-gnss_raw.txt,2436,443283.000,BDS,4,37.0,120.0,30.0,是
0703002-0918-11-09-gnss_raw.txt,2436,443283.000,BDS,6,69.0,39.0,32.0,是
0703002-0918-11-09-gnss_raw.txt,2436,443283.000,BDS,7,59.0,189.0,23.0,是
0703002-0918-11-09-gnss_raw.txt,2436,443283.000,BDS,10,49.0,190.0,21.0,是
0703002-0918-11-09-gnss_raw.txt,2436,443283.000,BDS,11,0.0,0.0,26.0,是
0703002-0918-11-09-gnss_raw.txt,2436,443283.000,BDS,20,58.0,29.0,32.0,是
0703002-0918-11-09-gnss_raw.txt,2436,443283.000,BDS,29,20.0,230.0,25.0,是
0703002-0918-11-09-gnss_raw.txt,2436,443283.000,BDS,35,17.0,285.0,21.0,是
0703002-0918-11-09-gnss_raw.txt,2436,443283.000,BDS,37,46.0,76.0,33.0,是
0703002-0918-11-09-gnss_raw.txt,2436,443284.000,GPS,13,28.0,134.0,32.0,是
0703002-0918-11-09-gnss_raw.txt,2436,443284.000,GPS,15,0.0,0.0,33.0,是
0703002-0918-11-09-gnss_raw.txt,2436,443284.000,GPS,18,45.0,214.0,28.0,是
0703002-0918-11-09-gnss_raw.txt,2436,443284.000,GPS,20,0.0,0.0,20.0,是
0703002-0918-11-09-gnss_raw.txt,2436,443284.000,GPS,24,65.0,45.0,35.0,是
0703002-0918-11-09-gnss_raw.txt,2436,443284.000,GPS,32,0.0,0.0,28.0,是
0703002-0918-11-09-gnss_raw.txt,2436,443284.000,GLONASS,68,19.0,69.0,30.0,是
0703002-0918-11-09-gnss_raw.txt,2436,443284.000,GLONASS,70,29.0,313.0,29.0,是
0703002-0918-11-09-gnss_raw.txt,2436,443284.000,GLONASS,79,47.0,92.0,36.0,是
0703002-0918-11-09-gnss_raw.txt,2436,443284.000,GLONASS,80,27.0,160.0,36.0,是
0703002-0918-11-09-gnss_raw.txt,2436,443284.000,GLONASS,84,36.0,240.0,31.0,是
0703002-0918-11-09-gnss_raw.txt,2436,443284.000,GLONASS,85,0.0,0.0,32.0,是
0703002-0918-11-09-gnss_raw.txt,2436,443284.000,Galileo,26,60.0,270.0,34.0,是
0703002-0918-11-09-gnss_raw.txt,2436,443284.000,Galileo,29,34.0,271.0,28.0,是
0703002-0918-11-09-gnss_raw.txt,2436,443284.000,QZSS,3,43.0,168.0,32.0,是
0703002-0918-11-09-gnss_raw.txt,2436,443284.000,QZSS,7,53.0,169.0,23.0,是
0703002-0918-11-09-gnss_raw.txt,2436,443284.000,BDS,1,48.0,147.0,30.0,是
0703002-0918-11-09-gnss_raw.txt,2436,443284.000,BDS,2,0.0,0.0,28.0,是
0703002-0918-11-09-gnss_raw.txt,2436,443284.000,BDS,3,0.0,0.0,29.0,是
0703002-0918-11-09-gnss_raw.txt,2436,443284.000,BDS,4,37.0,120.0,29.0,是
0703002-0918-11-09-gnss_raw.txt,2436,443284.000,BDS,6,69.0,39.0,32.0,是
0703002-0918-11-09-gnss_raw.txt,2436,443284.000,BDS,7,59.0,189.0,22.0,是
0703002-0918-11-09-gnss_raw.txt,2436,443284.000,BDS,10,49.0,190.0,20.0,是
0703002-0918-11-09-gnss_raw.txt,2436,443284.000,BDS,11,0.0,0.0,25.0,是
0703002-0918-11-09-gnss_raw.txt,2436,443284.000,BDS,20,58.0,29.0,32.0,是
0703002-0918-11-09-gnss_raw.txt,2436,443284.000,BDS,29,20.0,230.0,25.0,是
0703002-0918-11-09-gnss_raw.txt,2436,443284.000,BDS,35,17.0,285.0,21.0,是
0703002-0918-11-09-gnss_raw.txt,2436,443284.000,BDS,37,46.0,76.0,32.0,是
0703002-0918-11-09-gnss_raw.txt,2436,443285.000,GPS,13,28.0,134.0,32.0,是
0703002-0918-11-09-gnss_raw.txt,2436,443285.000,GPS,15,0.0,0.0,32.0,是
0703002-0918-11-09-gnss_raw.txt,2436,443285.000,GPS,18,45.0,214.0,30.0,是
0703002-0918-11-09-gnss_raw.txt,2436,443285.000,GPS,20,0.0,0.0,22.0,是
0703002-0918-11-09-gnss_raw.txt,2436,443285.000,GPS,24,65.0,45.0,35.0,是
0703002-0918-11-09-gnss_raw.txt,2436,443285.000,GPS,32,0.0,0.0,28.0,是
0703002-0918-11-09-gnss_raw.txt,2436,443285.000,GLONASS,68,19.0,69.0,26.0,是
0703002-0918-11-09-gnss_raw.txt,2436,443285.000,GLONASS,70,29.0,313.0,31.0,是
0703002-0918-11-09-gnss_raw.txt,2436,443285.000,GLONASS,79,47.0,92.0,35.0,是
0703002-0918-11-09-gnss_raw.txt,2436,443285.000,GLONASS,80,27.0,160.0,32.0,是
0703002-0918-11-09-gnss_raw.txt,2436,443285.000,GLONASS,84,36.0,240.0,30.0,是
0703002-0918-11-09-gnss_raw.txt,2436,443285.000,GLONASS,85,0.0,0.0,33.0,是
0703002-0918-11-09-gnss_raw.txt,2436,443285.000,Galileo,26,60.0,270.0,34.0,是
0703002-0918-11-09-gnss_raw.txt,2436,443285.000,Galileo,29,34.0,271.0,30.0,是
0703002-0918-11-09-gnss_raw.txt,2436,443285.000,QZSS,3,43.0,168.0,27.0,是
0703002-0918-11-09-gnss_raw.txt,2436,443285.000,QZSS,7,0.0,0.0,19.0,是
0703002-0918-11-09-gnss_raw.txt,2436,443285.000,BDS,2,0.0,0.0,28.0,是
0703002-0918-11-09-gnss_raw.txt,2436,443285.000,BDS,3,0.0,0.0,36.0,是
0703002-0918-11-09-gnss_raw.txt,2436,443285.000,BDS,4,37.0,120.0,30.0,是
0703002-0918-11-09-gnss_raw.txt,2436,443285.000,BDS,6,69.0,39.0,32.0,是
0703002-0918-11-09-gnss_raw.txt,2436,443285.000,BDS,7,59.0,189.0,24.0,是
0703002-0918-11-09-gnss_raw.txt,2436,443285.000,BDS,10,49.0,190.0,22.0,是
0703002-0918-11-09-gnss_raw.txt,2436,443285.000,BDS,11,0.0,0.0,21.0,是
0703002-0918-11-09-gnss_raw.txt,2436,443285.000,BDS,20,58.0,29.0,34.0,是
0703002-0918-11-09-gnss_raw.txt,2436,443285.000,BDS,29,20.0,230.0,25.0,是
0703002-0918-11-09-gnss_raw.txt,2436,443285.000,BDS,35,17.0,285.0,22.0,是
0703002-0918-11-09-gnss_raw.txt,2436,443285.000,BDS,37,46.0,76.0,32.0,是
0703002-0918-11-09-gnss_raw.txt,2436,443286.000,GPS,13,28.0,134.0,29.0,是
0703002-0918-11-09-gnss_raw.txt,2436,443286.000,GPS,15,0.0,0.0,32.0,是
0703002-0918-11-09-gnss_raw.txt,2436,443286.000,GPS,18,45.0,214.0,31.0,是
0703002-0918-11-09-gnss_raw.txt,2436,443286.000,GPS,20,0.0,0.0,21.0,是
0703002-0918-11-09-gnss_raw.txt,2436,443286.000,GPS,24,65.0,45.0,35.0,是
0703002-0918-11-09-gnss_raw.txt,2436,443286.000,GPS,32,0.0,0.0,26.0,是
0703002-0918-11-09-gnss_raw.txt,2436,443286.000,GLONASS,68,19.0,69.0,28.0,是
0703002-0918-11-09-gnss_raw.txt,2436,443286.000,GLONASS,70,29.0,313.0,33.0,是
0703002-0918-11-09-gnss_raw.txt,2436,443286.000,GLONASS,79,47.0,92.0,33.0,是
0703002-0918-11-09-gnss_raw.txt,2436,443286.000,GLONASS,80,27.0,160.0,31.0,是
0703002-0918-11-09-gnss_raw.txt,2436,443286.000,GLONASS,84,35.0,240.0,27.0,是
0703002-0918-11-09-gnss_raw.txt,2436,443286.000,GLONASS,85,0.0,0.0,32.0,是
0703002-0918-11-09-gnss_raw.txt,2436,443286.000,Galileo,26,60.0,269.0,35.0,是
0703002-0918-11-09-gnss_raw.txt,2436,443286.000,Galileo,29,34.0,271.0,30.0,是
0703002-0918-11-09-gnss_raw.txt,2436,443286.000,QZSS,3,43.0,168.0,28.0,是
0703002-0918-11-09-gnss_raw.txt,2436,443286.000,QZSS,7,53.0,169.0,28.0,是
0703002-0918-11-09-gnss_raw.txt,2436,443286.000,BDS,1,48.0,147.0,33.0,是
0703002-0918-11-09-gnss_raw.txt,2436,443286.000,BDS,2,0.0,0.0,27.0,是
0703002-0918-11-09-gnss_raw.txt,2436,443286.000,BDS,3,0.0,0.0,26.0,是
0703002-0918-11-09-gnss_raw.txt,2436,443286.000,BDS,4,37.0,120.0,28.0,是
0703002-0918-11-09-gnss_raw.txt,2436,443286.000,BDS,6,69.0,39.0,32.0,是
0703002-0918-11-09-gnss_raw.txt,2436,443286.000,BDS,7,59.0,189.0,26.0,是
0703002-0918-11-09-gnss_raw.txt,2436,443286.000,BDS,10,49.0,190.0,25.0,是
0703002-0918-11-09-gnss_raw.txt,2436,443286.000,BDS,11,0.0,0.0,21.0,是
0703002-0918-11-09-gnss_raw.txt,2436,443286.000,BDS,20,58.0,29.0,34.0,是
0703002-0918-11-09-gnss_raw.txt,2436,443286.000,BDS,29,0.0,0.0,26.0,是
0703002-0918-11-09-gnss_raw.txt,2436,443286.000,BDS,35,17.0,285.0,22.0,是
0703002-0918-11-09-gnss_raw.txt,2436,443286.000,BDS,37,46.0,76.0,32.0,是
0703002-0918-11-09-gnss_raw.txt,2436,443287.000,GPS,13,28.0,134.0,30.0,是
0703002-0918-11-09-gnss_raw.txt,2436,443287.000,GPS,15,0.0,0.0,32.0,是
0703002-0918-11-09-gnss_raw.txt,2436,443287.000,GPS,18,45.0,214.0,29.0,是
0703002-0918-11-09-gnss_raw.txt,2436,443287.000,GPS,20,0.0,0.0,21.0,是
0703002-0918-11-09-gnss_raw.txt,2436,443287.000,GPS,24,65.0,45.0,34.0,是
0703002-0918-11-09-gnss_raw.txt,2436,443287.000,GPS,32,0.0,0.0,27.0,是
0703002-0918-11-09-gnss_raw.txt,2436,443287.000,GLONASS,68,19.0,69.0,32.0,是
0703002-0918-11-09-gnss_raw.txt,2436,443287.000,GLONASS,70,29.0,313.0,31.0,是
0703002-0918-11-09-gnss_raw.txt,2436,443287.000,GLONASS,79,47.0,92.0,30.0,是
0703002-0918-11-09-gnss_raw.txt,2436,443287.000,GLONASS,80,27.0,160.0,33.0,是
0703002-0918-11-09-gnss_raw.txt,2436,443287.000,GLONASS,84,35.0,240.0,29.0,是
0703002-0918-11-09-gnss_raw.txt,2436,443287.000,GLONASS,85,0.0,0.0,33.0,是
0703002-0918-11-09-gnss_raw.txt,2436,443287.000,Galileo,26,60.0,269.0,35.0,是
0703002-0918-11-09-gnss_raw.txt,2436,443287.000,Galileo,29,34.0,271.0,32.0,是
0703002-0918-11-09-gnss_raw.txt,2436,443287.000,QZSS,3,43.0,168.0,29.0,是
0703002-0918-11-09-gnss_raw.txt,2436,443287.000,QZSS,7,53.0,169.0,32.0,是
0703002-0918-11-09-gnss_raw.txt,2436,443287.000,BDS,1,48.0,147.0,37.0,是
0703002-0918-11-09-gnss_raw.txt,2436,443287.000,BDS,2,0.0,0.0,33.0,是
0703002-0918-11-09-gnss_raw.txt,2436,443287.000,BDS,3,0.0,0.0,31.0,是
0703002-0918-11-09-gnss_raw.txt,2436,443287.000,BDS,4,37.0,120.0,32.0,是
0703002-0918-11-09-gnss_raw.txt,2436,443287.000,BDS,6,69.0,39.0,30.0,是
0703002-0918-11-09-gnss_raw.txt,2436,443287.000,BDS,7,59.0,189.0,27.0,是
0703002-0918-11-09-gnss_raw.txt,2436,443287.000,BDS,10,49.0,190.0,28.0,是
0703002-0918-11-09-gnss_raw.txt,2436,443287.000,BDS,11,0.0,0.0,20.0,是
0703002-0918-11-09-gnss_raw.txt,2436,443287.000,BDS,20,58.0,29.0,32.0,是
0703002-0918-11-09-gnss_raw.txt,2436,443287.000,BDS,29,20.0,230.0,26.0,是
0703002-0918-11-09-gnss_raw.txt,2436,443287.000,BDS,35,17.0,285.0,24.0,是
0703002-0918-11-09-gnss_raw.txt,2436,443287.000,BDS,37,46.0,76.0,31.0,是
0703002-0918-11-09-gnss_raw.txt,2436,443288.000,GPS,13,28.0,134.0,30.0,是
0703002-0918-11-09-gnss_raw.txt,2436,443288.000,GPS,15,0.0,0.0,32.0,是
0703002-0918-11-09-gnss_raw.txt,2436,443288.000,GPS,18,45.0,214.0,30.0,是
0703002-0918-11-09-gnss_raw.txt,2436,443288.000,GPS,20,0.0,0.0,23.0,是
0703002-0918-11-09-gnss_raw.txt,2436,443288.000,GPS,24,65.0,45.0,33.0,是
0703002-0918-11-09-gnss_raw.txt,2436,443288.000,GPS,32,0.0,0.0,29.0,是
0703002-0918-11-09-gnss_raw.txt,2436,443288.000,GLONASS,68,19.0,69.0,33.0,是
0703002-0918-11-09-gnss_raw.txt,2436,443288.000,GLONASS,70,29.0,313.0,32.0,是
0703002-0918-11-09-gnss_raw.txt,2436,443288.000,GLONASS,79,47.0,92.0,27.0,是
0703002-0918-11-09-gnss_raw.txt,2436,443288.000,GLONASS,80,27.0,160.0,35.0,是
0703002-0918-11-09-gnss_raw.txt,2436,443288.000,GLONASS,84,35.0,240.0,27.0,是
0703002-0918-11-09-gnss_raw.txt,2436,443288.000,GLONASS,85,0.0,0.0,33.0,是
0703002-0918-11-09-gnss_raw.txt,2436,443288.000,Galileo,13,0.0,0.0,31.0,是
0703002-0918-11-09-gnss_raw.txt,2436,443288.000,Galileo,26,60.0,269.0,35.0,是
0703002-0918-11-09-gnss_raw.txt,2436,443288.000,Galileo,29,34.0,271.0,33.0,是
0703002-0918-11-09-gnss_raw.txt,2436,443288.000,QZSS,3,43.0,168.0,30.0,是
0703002-0918-11-09-gnss_raw.txt,2436,443288.000,QZSS,7,53.0,169.0,23.0,是
0703002-0918-11-09-gnss_raw.txt,2436,443288.000,BDS,1,48.0,147.0,25.0,是
0703002-0918-11-09-gnss_raw.txt,2436,443288.000,BDS,2,0.0,0.0,32.0,是
0703002-0918-11-09-gnss_raw.txt,2436,443288.000,BDS,3,0.0,0.0,33.0,是
0703002-0918-11-09-gnss_raw.txt,2436,443288.000,BDS,4,37.0,120.0,31.0,是
0703002-0918-11-09-gnss_raw.txt,2436,443288.000,BDS,6,69.0,39.0,30.0,是
0703002-0918-11-09-gnss_raw.txt,2436,443288.000,BDS,7,59.0,189.0,28.0,是
0703002-0918-11-09-gnss_raw.txt,2436,443288.000,BDS,10,49.0,190.0,29.0,是
0703002-0918-11-09-gnss_raw.txt,2436,443288.000,BDS,11,0.0,0.0,19.0,是
0703002-0918-11-09-gnss_raw.txt,2436,443288.000,BDS,20,58.0,29.0,30.0,是
0703002-0918-11-09-gnss_raw.txt,2436,443288.000,BDS,29,20.0,230.0,28.0,是
0703002-0918-11-09-gnss_raw.txt,2436,443288.000,BDS,35,17.0,285.0,25.0,是
0703002-0918-11-09-gnss_raw.txt,2436,443288.000,BDS,37,46.0,76.0,29.0,是
0703002-0918-11-09-gnss_raw.txt,2436,443289.000,GPS,13,28.0,134.0,30.0,是
0703002-0918-11-09-gnss_raw.txt,2436,443289.000,GPS,15,0.0,0.0,32.0,是
0703002-0918-11-09-gnss_raw.txt,2436,443289.000,GPS,18,45.0,214.0,31.0,是
0703002-0918-11-09-gnss_raw.txt,2436,443289.000,GPS,20,0.0,0.0,24.0,是
0703002-0918-11-09-gnss_raw.txt,2436,443289.000,GPS,24,65.0,45.0,33.0,是
0703002-0918-11-09-gnss_raw.txt,2436,443289.000,GPS,32,0.0,0.0,29.0,是
0703002-0918-11-09-gnss_raw.txt,2436,443289.000,GLONASS,68,19.0,69.0,32.0,是
0703002-0918-11-09-gnss_raw.txt,2436,443289.000,GLONASS,70,29.0,313.0,34.0,是
0703002-0918-11-09-gnss_raw.txt,2436,443289.000,GLONASS,79,47.0,92.0,29.0,是
0703002-0918-11-09-gnss_raw.txt,2436,443289.000,GLONASS,80,27.0,160.0,33.0,是
0703002-0918-11-09-gnss_raw.txt,2436,443289.000,GLONASS,84,35.0,240.0,31.0,是
0703002-0918-11-09-gnss_raw.txt,2436,443289.000,GLONASS,85,0.0,0.0,34.0,是
0703002-0918-11-09-gnss_raw.txt,2436,443289.000,Galileo,13,0.0,0.0,33.0,是
0703002-0918-11-09-gnss_raw.txt,2436,443289.000,Galileo,26,60.0,269.0,35.0,是
0703002-0918-11-09-gnss_raw.txt,2436,443289.000,Galileo,29,34.0,271.0,30.0,是
0703002-0918-11-09-gnss_raw.txt,2436,443289.000,QZSS,3,43.0,168.0,31.0,是
0703002-0918-11-09-gnss_raw.txt,2436,443289.000,QZSS,7,53.0,169.0,34.0,是
0703002-0918-11-09-gnss_raw.txt,2436,443289.000,BDS,1,48.0,147.0,29.0,是
0703002-0918-11-09-gnss_raw.txt,2436,443289.000,BDS,2,0.0,0.0,36.0,是
0703002-0918-11-09-gnss_raw.txt,2436,443289.000,BDS,3,0.0,0.0,32.0,是
0703002-0918-11-09-gnss_raw.txt,2436,443289.000,BDS,4,37.0,120.0,30.0,是
0703002-0918-11-09-gnss_raw.txt,2436,443289.000,BDS,6,69.0,39.0,31.0,是
0703002-0918-11-09-gnss_raw.txt,2436,443289.000,BDS,7,59.0,189.0,27.0,是
0703002-0918-11-09-gnss_raw.txt,2436,443289.000,BDS,10,49.0,190.0,30.0,是
0703002-0918-11-09-gnss_raw.txt,2436,443289.000,BDS,11,0.0,0.0,22.0,是
0703002-0918-11-09-gnss_raw.txt,2436,443289.000,BDS,20,58.0,30.0,31.0,是
0703002-0918-11-09-gnss_raw.txt,2436,443289.000,BDS,29,20.0,230.0,29.0,是
0703002-0918-11-09-gnss_raw.txt,2436,443289.000,BDS,35,17.0,285.0,26.0,是
0703002-0918-11-09-gnss_raw.txt,2436,443289.000,BDS,37,46.0,76.0,29.0,是
0703002-0918-11-09-gnss_raw.txt,2436,443290.000,GPS,13,28.0,134.0,30.0,是
0703002-0918-11-09-gnss_raw.txt,2436,443290.000,GPS,15,0.0,0.0,32.0,是
0703002-0918-11-09-gnss_raw.txt,2436,443290.000,GPS,18,45.0,214.0,29.0,是
0703002-0918-11-09-gnss_raw.txt,2436,443290.000,GPS,20,0.0,0.0,22.0,是
0703002-0918-11-09-gnss_raw.txt,2436,443290.000,GPS,24,65.0,45.0,32.0,是
0703002-0918-11-09-gnss_raw.txt,2436,443290.000,GPS,32,0.0,0.0,29.0,是
0703002-0918-11-09-gnss_raw.txt,2436,443290.000,GLONASS,68,19.0,69.0,30.0,是
0703002-0918-11-09-gnss_raw.txt,2436,443290.000,GLONASS,70,29.0,313.0,33.0,是
0703002-0918-11-09-gnss_raw.txt,2436,443290.000,GLONASS,79,47.0,92.0,30.0,是
0703002-0918-11-09-gnss_raw.txt,2436,443290.000,GLONASS,80,27.0,160.0,34.0,是
0703002-0918-11-09-gnss_raw.txt,2436,443290.000,GLONASS,84,35.0,240.0,33.0,是
0703002-0918-11-09-gnss_raw.txt,2436,443290.000,GLONASS,85,0.0,0.0,34.0,是
0703002-0918-11-09-gnss_raw.txt,2436,443290.000,Galileo,13,0.0,0.0,31.0,是
0703002-0918-11-09-gnss_raw.txt,2436,443290.000,Galileo,26,60.0,269.0,33.0,是
0703002-0918-11-09-gnss_raw.txt,2436,443290.000,Galileo,29,34.0,271.0,32.0,是
0703002-0918-11-09-gnss_raw.txt,2436,443290.000,QZSS,3,43.0,168.0,32.0,是
0703002-0918-11-09-gnss_raw.txt,2436,443290.000,QZSS,7,53.0,169.0,35.0,是
0703002-0918-11-09-gnss_raw.txt,2436,443290.000,BDS,1,48.0,147.0,37.0,是
0703002-0918-11-09-gnss_raw.txt,2436,443290.000,BDS,2,0.0,0.0,34.0,是
0703002-0918-11-09-gnss_raw.txt,2436,443290.000,BDS,3,0.0,0.0,31.0,是
0703002-0918-11-09-gnss_raw.txt,2436,443290.000,BDS,4,37.0,120.0,31.0,是
0703002-0918-11-09-gnss_raw.txt,2436,443290.000,BDS,6,69.0,39.0,31.0,是
0703002-0918-11-09-gnss_raw.txt,2436,443290.000,BDS,7,59.0,189.0,28.0,是
0703002-0918-11-09-gnss_raw.txt,2436,443290.000,BDS,10,49.0,190.0,28.0,是
0703002-0918-11-09-gnss_raw.txt,2436,443290.000,BDS,11,0.0,0.0,25.0,是
0703002-0918-11-09-gnss_raw.txt,2436,443290.000,BDS,20,58.0,30.0,33.0,是
0703002-0918-11-09-gnss_raw.txt,2436,443290.000,BDS,29,20.0,230.0,30.0,是
0703002-0918-11-09-gnss_raw.txt,2436,443290.000,BDS,35,17.0,285.0,28.0,是
0703002-0918-11-09-gnss_raw.txt,2436,443290.000,BDS,37,46.0,76.0,29.0,是
0703002-0918-11-09-gnss_raw.txt,2436,443291.000,GPS,13,0.0,0.0,30.0,是
0703002-0918-11-09-gnss_raw.txt,2436,443291.000,GPS,15,0.0,0.0,33.0,是
0703002-0918-11-09-gnss_raw.txt,2436,443291.000,GPS,18,45.0,214.0,29.0,是
0703002-0918-11-09-gnss_raw.txt,2436,443291.000,GPS,20,0.0,0.0,20.0,是
0703002-0918-11-09-gnss_raw.txt,2436,443291.000,GPS,24,65.0,45.0,32.0,是
0703002-0918-11-09-gnss_raw.txt,2436,443291.000,GPS,32,0.0,0.0,29.0,是
0703002-0918-11-09-gnss_raw.txt,2436,443291.000,GLONASS,68,19.0,69.0,27.0,是
0703002-0918-11-09-gnss_raw.txt,2436,443291.000,GLONASS,70,29.0,313.0,34.0,是
0703002-0918-11-09-gnss_raw.txt,2436,443291.000,GLONASS,79,47.0,92.0,34.0,是
0703002-0918-11-09-gnss_raw.txt,2436,443291.000,GLONASS,80,27.0,160.0,33.0,是
0703002-0918-11-09-gnss_raw.txt,2436,443291.000,GLONASS,84,35.0,240.0,32.0,是
0703002-0918-11-09-gnss_raw.txt,2436,443291.000,GLONASS,85,0.0,0.0,35.0,是
0703002-0918-11-09-gnss_raw.txt,2436,443291.000,Galileo,13,0.0,0.0,31.0,是
0703002-0918-11-09-gnss_raw.txt,2436,443291.000,Galileo,26,60.0,269.0,34.0,是
0703002-0918-11-09-gnss_raw.txt,2436,443291.000,Galileo,29,34.0,271.0,32.0,是
0703002-0918-11-09-gnss_raw.txt,2436,443291.000,QZSS,3,43.0,168.0,30.0,是
0703002-0918-11-09-gnss_raw.txt,2436,443291.000,QZSS,7,53.0,169.0,25.0,是
0703002-0918-11-09-gnss_raw.txt,2436,443291.000,BDS,2,0.0,0.0,35.0,是
0703002-0918-11-09-gnss_raw.txt,2436,443291.000,BDS,3,0.0,0.0,27.0,是
0703002-0918-11-09-gnss_raw.txt,2436,443291.000,BDS,4,37.0,120.0,27.0,是
0703002-0918-11-09-gnss_raw.txt,2436,443291.000,BDS,6,69.0,39.0,31.0,是
0703002-0918-11-09-gnss_raw.txt,2436,443291.000,BDS,7,59.0,189.0,28.0,是
0703002-0918-11-09-gnss_raw.txt,2436,443291.000,BDS,10,49.0,190.0,28.0,是
0703002-0918-11-09-gnss_raw.txt,2436,443291.000,BDS,11,0.0,0.0,25.0,是
0703002-0918-11-09-gnss_raw.txt,2436,443291.000,BDS,20,58.0,30.0,33.0,是
0703002-0918-11-09-gnss_raw.txt,2436,443291.000,BDS,29,0.0,0.0,27.0,是
0703002-0918-11-09-gnss_raw.txt,2436,443291.000,BDS,35,17.0,285.0,29.0,是
0703002-0918-11-09-gnss_raw.txt,2436,443291.000,BDS,37,46.0,76.0,30.0,是
0703002-0918-11-09-gnss_raw.txt,2436,443292.000,GPS,13,28.0,134.0,27.0,是
0703002-0918-11-09-gnss_raw.txt,2436,443292.000,GPS,15,0.0,0.0,32.0,是
0703002-0918-11-09-gnss_raw.txt,2436,443292.000,GPS,18,45.0,214.0,31.0,是
0703002-0918-11-09-gnss_raw.txt,2436,443292.000,GPS,20,0.0,0.0,20.0,是
0703002-0918-11-09-gnss_raw.txt,2436,443292.000,GPS,24,65.0,45.0,34.0,是
0703002-0918-11-09-gnss_raw.txt,2436,443292.000,GPS,32,0.0,0.0,29.0,是
0703002-0918-11-09-gnss_raw.txt,2436,443292.000,GLONASS,68,19.0,69.0,23.0,是
0703002-0918-11-09-gnss_raw.txt,2436,443292.000,GLONASS,70,29.0,313.0,35.0,是
0703002-0918-11-09-gnss_raw.txt,2436,443292.000,GLONASS,79,47.0,92.0,36.0,是
0703002-0918-11-09-gnss_raw.txt,2436,443292.000,GLONASS,80,27.0,160.0,28.0,是
0703002-0918-11-09-gnss_raw.txt,2436,443292.000,GLONASS,84,35.0,240.0,33.0,是
0703002-0918-11-09-gnss_raw.txt,2436,443292.000,GLONASS,85,0.0,0.0,34.0,是
0703002-0918-11-09-gnss_raw.txt,2436,443292.000,Galileo,13,0.0,0.0,29.0,是
0703002-0918-11-09-gnss_raw.txt,2436,443292.000,Galileo,26,60.0,269.0,34.0,是
0703002-0918-11-09-gnss_raw.txt,2436,443292.000,Galileo,29,34.0,271.0,33.0,是
0703002-0918-11-09-gnss_raw.txt,2436,443292.000,QZSS,3,43.0,168.0,29.0,是
0703002-0918-11-09-gnss_raw.txt,2436,443292.000,QZSS,7,0.0,0.0,19.0,是
0703002-0918-11-09-gnss_raw.txt,2436,443292.000,BDS,2,0.0,0.0,28.0,是
0703002-0918-11-09-gnss_raw.txt,2436,443292.000,BDS,3,0.0,0.0,27.0,是
0703002-0918-11-09-gnss_raw.txt,2436,443292.000,BDS,4,37.0,120.0,29.0,是
0703002-0918-11-09-gnss_raw.txt,2436,443292.000,BDS,6,69.0,39.0,31.0,是
0703002-0918-11-09-gnss_raw.txt,2436,443292.000,BDS,7,59.0,189.0,27.0,是
0703002-0918-11-09-gnss_raw.txt,2436,443292.000,BDS,10,49.0,190.0,26.0,是
0703002-0918-11-09-gnss_raw.txt,2436,443292.000,BDS,11,0.0,0.0,25.0,是
0703002-0918-11-09-gnss_raw.txt,2436,443292.000,BDS,20,58.0,30.0,33.0,是
0703002-0918-11-09-gnss_raw.txt,2436,443292.000,BDS,29,20.0,230.0,28.0,是
0703002-0918-11-09-gnss_raw.txt,2436,443292.000,BDS,35,17.0,285.0,27.0,是
0703002-0918-11-09-gnss_raw.txt,2436,443292.000,BDS,37,46.0,76.0,31.0,是
0703002-0918-11-09-gnss_raw.txt,2436,443293.000,GPS,13,28.0,134.0,28.0,是
0703002-0918-11-09-gnss_raw.txt,2436,443293.000,GPS,15,0.0,0.0,32.0,是
0703002-0918-11-09-gnss_raw.txt,2436,443293.000,GPS,18,45.0,214.0,31.0,是
0703002-0918-11-09-gnss_raw.txt,2436,443293.000,GPS,20,0.0,0.0,18.0,是
0703002-0918-11-09-gnss_raw.txt,2436,443293.000,GPS,24,65.0,45.0,35.0,是
0703002-0918-11-09-gnss_raw.txt,2436,443293.000,GPS,32,0.0,0.0,30.0,是
0703002-0918-11-09-gnss_raw.txt,2436,443293.000,GLONASS,68,19.0,69.0,29.0,是
0703002-0918-11-09-gnss_raw.txt,2436,443293.000,GLONASS,70,29.0,313.0,34.0,是
0703002-0918-11-09-gnss_raw.txt,2436,443293.000,GLONASS,79,47.0,92.0,36.0,是
0703002-0918-11-09-gnss_raw.txt,2436,443293.000,GLONASS,80,27.0,160.0,32.0,是
0703002-0918-11-09-gnss_raw.txt,2436,443293.000,GLONASS,84,35.0,240.0,34.0,是
0703002-0918-11-09-gnss_raw.txt,2436,443293.000,GLONASS,85,0.0,0.0,34.0,是
0703002-0918-11-09-gnss_raw.txt,2436,443293.000,Galileo,13,0.0,0.0,28.0,是
0703002-0918-11-09-gnss_raw.txt,2436,443293.000,Galileo,26,60.0,269.0,33.0,是
0703002-0918-11-09-gnss_raw.txt,2436,443293.000,Galileo,29,34.0,271.0,33.0,是
0703002-0918-11-09-gnss_raw.txt,2436,443293.000,QZSS,3,43.0,168.0,28.0,是
0703002-0918-11-09-gnss_raw.txt,2436,443293.000,QZSS,7,53.0,169.0,19.0,是
0703002-0918-11-09-gnss_raw.txt,2436,443293.000,BDS,1,48.0,147.0,26.0,是
0703002-0918-11-09-gnss_raw.txt,2436,443293.000,BDS,2,0.0,0.0,30.0,是
0703002-0918-11-09-gnss_raw.txt,2436,443293.000,BDS,3,0.0,0.0,27.0,是
0703002-0918-11-09-gnss_raw.txt,2436,443293.000,BDS,4,37.0,120.0,30.0,是
0703002-0918-11-09-gnss_raw.txt,2436,443293.000,BDS,6,69.0,39.0,32.0,是
0703002-0918-11-09-gnss_raw.txt,2436,443293.000,BDS,7,59.0,189.0,25.0,是
0703002-0918-11-09-gnss_raw.txt,2436,443293.000,BDS,10,49.0,190.0,23.0,是
0703002-0918-11-09-gnss_raw.txt,2436,443293.000,BDS,11,0.0,0.0,25.0,是
0703002-0918-11-09-gnss_raw.txt,2436,443293.000,BDS,20,58.0,30.0,34.0,是
0703002-0918-11-09-gnss_raw.txt,2436,443293.000,BDS,29,20.0,230.0,26.0,是
0703002-0918-11-09-gnss_raw.txt,2436,443293.000,BDS,35,17.0,285.0,26.0,是
0703002-0918-11-09-gnss_raw.txt,2436,443293.000,BDS,37,46.0,76.0,32.0,是
0703002-0918-11-09-gnss_raw.txt,2436,443294.000,GPS,13,28.0,134.0,29.0,是
0703002-0918-11-09-gnss_raw.txt,2436,443294.000,GPS,15,0.0,0.0,33.0,是
0703002-0918-11-09-gnss_raw.txt,2436,443294.000,GPS,18,45.0,214.0,29.0,是
0703002-0918-11-09-gnss_raw.txt,2436,443294.000,GPS,20,0.0,0.0,19.0,是
0703002-0918-11-09-gnss_raw.txt,2436,443294.000,GPS,24,65.0,45.0,35.0,是
0703002-0918-11-09-gnss_raw.txt,2436,443294.000,GPS,32,0.0,0.0,31.0,是
0703002-0918-11-09-gnss_raw.txt,2436,443294.000,GLONASS,68,19.0,69.0,29.0,是
0703002-0918-11-09-gnss_raw.txt,2436,443294.000,GLONASS,70,29.0,313.0,32.0,是
0703002-0918-11-09-gnss_raw.txt,2436,443294.000,GLONASS,79,47.0,92.0,35.0,是
0703002-0918-11-09-gnss_raw.txt,2436,443294.000,GLONASS,80,27.0,160.0,34.0,是
0703002-0918-11-09-gnss_raw.txt,2436,443294.000,GLONASS,84,35.0,240.0,33.0,是
0703002-0918-11-09-gnss_raw.txt,2436,443294.000,GLONASS,85,0.0,0.0,34.0,是
0703002-0918-11-09-gnss_raw.txt,2436,443294.000,Galileo,13,0.0,0.0,28.0,是
0703002-0918-11-09-gnss_raw.txt,2436,443294.000,Galileo,26,60.0,269.0,32.0,是
0703002-0918-11-09-gnss_raw.txt,2436,443294.000,Galileo,29,34.0,271.0,33.0,是
0703002-0918-11-09-gnss_raw.txt,2436,443294.000,QZSS,3,43.0,168.0,27.0,是
0703002-0918-11-09-gnss_raw.txt,2436,443294.000,QZSS,7,53.0,169.0,21.0,是
0703002-0918-11-09-gnss_raw.txt,2436,443294.000,BDS,1,48.0,147.0,26.0,是
0703002-0918-11-09-gnss_raw.txt,2436,443294.000,BDS,2,0.0,0.0,30.0,是
0703002-0918-11-09-gnss_raw.txt,2436,443294.000,BDS,3,0.0,0.0,27.0,是
0703002-0918-11-09-gnss_raw.txt,2436,443294.000,BDS,4,37.0,120.0,29.0,是
0703002-0918-11-09-gnss_raw.txt,2436,443294.000,BDS,6,69.0,39.0,32.0,是
0703002-0918-11-09-gnss_raw.txt,2436,443294.000,BDS,7,59.0,189.0,24.0,是
0703002-0918-11-09-gnss_raw.txt,2436,443294.000,BDS,10,49.0,190.0,22.0,是
0703002-0918-11-09-gnss_raw.txt,2436,443294.000,BDS,11,0.0,0.0,23.0,是
0703002-0918-11-09-gnss_raw.txt,2436,443294.000,BDS,20,58.0,30.0,34.0,是
0703002-0918-11-09-gnss_raw.txt,2436,443294.000,BDS,29,20.0,230.0,27.0,是
0703002-0918-11-09-gnss_raw.txt,2436,443294.000,BDS,35,17.0,285.0,27.0,是
0703002-0918-11-09-gnss_raw.txt,2436,443294.000,BDS,37,46.0,76.0,32.0,是
0703002-0918-11-09-gnss_raw.txt,2436,443295.000,GPS,13,28.0,134.0,31.0,是
0703002-0918-11-09-gnss_raw.txt,2436,443295.000,GPS,15,0.0,0.0,31.0,是
0703002-0918-11-09-gnss_raw.txt,2436,443295.000,GPS,18,45.0,214.0,28.0,是
0703002-0918-11-09-gnss_raw.txt,2436,443295.000,GPS,20,0.0,0.0,20.0,是
0703002-0918-11-09-gnss_raw.txt,2436,443295.000,GPS,24,65.0,45.0,36.0,是
0703002-0918-11-09-gnss_raw.txt,2436,443295.000,GPS,32,0.0,0.0,29.0,是
0703002-0918-11-09-gnss_raw.txt,2436,443295.000,GLONASS,68,0.0,0.0,28.0,是
0703002-0918-11-09-gnss_raw.txt,2436,443295.000,GLONASS,70,29.0,313.0,33.0,是
0703002-0918-11-09-gnss_raw.txt,2436,443295.000,GLONASS,79,47.0,92.0,36.0,是
0703002-0918-11-09-gnss_raw.txt,2436,443295.000,GLONASS,80,27.0,160.0,34.0,是
0703002-0918-11-09-gnss_raw.txt,2436,443295.000,GLONASS,84,35.0,240.0,35.0,是
0703002-0918-11-09-gnss_raw.txt,2436,443295.000,GLONASS,85,0.0,0.0,28.0,是
0703002-0918-11-09-gnss_raw.txt,2436,443295.000,Galileo,13,0.0,0.0,28.0,是
0703002-0918-11-09-gnss_raw.txt,2436,443295.000,Galileo,26,60.0,269.0,33.0,是
0703002-0918-11-09-gnss_raw.txt,2436,443295.000,Galileo,29,34.0,271.0,32.0,是
0703002-0918-11-09-gnss_raw.txt,2436,443295.000,QZSS,3,43.0,168.0,29.0,是
0703002-0918-11-09-gnss_raw.txt,2436,443295.000,QZSS,7,53.0,169.0,22.0,是
0703002-0918-11-09-gnss_raw.txt,2436,443295.000,BDS,1,48.0,147.0,25.0,是
0703002-0918-11-09-gnss_raw.txt,2436,443295.000,BDS,2,0.0,0.0,27.0,是
0703002-0918-11-09-gnss_raw.txt,2436,443295.000,BDS,3,0.0,0.0,28.0,是
0703002-0918-11-09-gnss_raw.txt,2436,443295.000,BDS,4,37.0,120.0,29.0,是
0703002-0918-11-09-gnss_raw.txt,2436,443295.000,BDS,6,69.0,39.0,32.0,是
0703002-0918-11-09-gnss_raw.txt,2436,443295.000,BDS,7,59.0,189.0,27.0,是
0703002-0918-11-09-gnss_raw.txt,2436,443295.000,BDS,10,49.0,190.0,23.0,是
0703002-0918-11-09-gnss_raw.txt,2436,443295.000,BDS,11,0.0,0.0,21.0,是
0703002-0918-11-09-gnss_raw.txt,2436,443295.000,BDS,20,58.0,30.0,34.0,是
0703002-0918-11-09-gnss_raw.txt,2436,443295.000,BDS,29,0.0,0.0,27.0,是
0703002-0918-11-09-gnss_raw.txt,2436,443295.000,BDS,35,17.0,284.0,24.0,是
0703002-0918-11-09-gnss_raw.txt,2436,443295.000,BDS,37,46.0,76.0,31.0,是
0703002-0918-11-09-gnss_raw.txt,2436,443296.000,GPS,13,28.0,134.0,31.0,是
0703002-0918-11-09-gnss_raw.txt,2436,443296.000,GPS,15,0.0,0.0,32.0,是
0703002-0918-11-09-gnss_raw.txt,2436,443296.000,GPS,18,45.0,214.0,28.0,是
0703002-0918-11-09-gnss_raw.txt,2436,443296.000,GPS,20,0.0,0.0,20.0,是
0703002-0918-11-09-gnss_raw.txt,2436,443296.000,GPS,24,65.0,45.0,35.0,是
0703002-0918-11-09-gnss_raw.txt,2436,443296.000,GPS,32,0.0,0.0,26.0,是
0703002-0918-11-09-gnss_raw.txt,2436,443296.000,GLONASS,68,0.0,0.0,25.0,是
0703002-0918-11-09-gnss_raw.txt,2436,443296.000,GLONASS,70,29.0,313.0,33.0,是
0703002-0918-11-09-gnss_raw.txt,2436,443296.000,GLONASS,79,47.0,92.0,36.0,是
0703002-0918-11-09-gnss_raw.txt,2436,443296.000,GLONASS,80,27.0,160.0,35.0,是
0703002-0918-11-09-gnss_raw.txt,2436,443296.000,GLONASS,84,35.0,240.0,30.0,是
0703002-0918-11-09-gnss_raw.txt,2436,443296.000,GLONASS,85,0.0,0.0,32.0,是
0703002-0918-11-09-gnss_raw.txt,2436,443296.000,Galileo,13,0.0,0.0,31.0,是
0703002-0918-11-09-gnss_raw.txt,2436,443296.000,Galileo,26,60.0,269.0,33.0,是
0703002-0918-11-09-gnss_raw.txt,2436,443296.000,Galileo,29,34.0,271.0,30.0,是
0703002-0918-11-09-gnss_raw.txt,2436,443296.000,QZSS,3,43.0,168.0,30.0,是
0703002-0918-11-09-gnss_raw.txt,2436,443296.000,QZSS,7,53.0,169.0,25.0,是
0703002-0918-11-09-gnss_raw.txt,2436,443296.000,BDS,1,48.0,147.0,26.0,是
0703002-0918-11-09-gnss_raw.txt,2436,443296.000,BDS,2,0.0,0.0,36.0,是
0703002-0918-11-09-gnss_raw.txt,2436,443296.000,BDS,3,0.0,0.0,31.0,是
0703002-0918-11-09-gnss_raw.txt,2436,443296.000,BDS,4,37.0,120.0,30.0,是
0703002-0918-11-09-gnss_raw.txt,2436,443296.000,BDS,6,69.0,39.0,32.0,是
0703002-0918-11-09-gnss_raw.txt,2436,443296.000,BDS,7,59.0,189.0,29.0,是
0703002-0918-11-09-gnss_raw.txt,2436,443296.000,BDS,10,49.0,190.0,26.0,是
0703002-0918-11-09-gnss_raw.txt,2436,443296.000,BDS,11,0.0,0.0,21.0,是
0703002-0918-11-09-gnss_raw.txt,2436,443296.000,BDS,20,58.0,30.0,32.0,是
0703002-0918-11-09-gnss_raw.txt,2436,443296.000,BDS,29,0.0,0.0,24.0,是
0703002-0918-11-09-gnss_raw.txt,2436,443296.000,BDS,35,17.0,284.0,24.0,是
0703002-0918-11-09-gnss_raw.txt,2436,443296.000,BDS,37,46.0,76.0,31.0,是
0703002-0918-11-09-gnss_raw.txt,2436,443297.000,GPS,13,28.0,134.0,31.0,是
0703002-0918-11-09-gnss_raw.txt,2436,443297.000,GPS,15,0.0,0.0,32.0,是
0703002-0918-11-09-gnss_raw.txt,2436,443297.000,GPS,18,45.0,214.0,28.0,是
0703002-0918-11-09-gnss_raw.txt,2436,443297.000,GPS,24,65.0,45.0,35.0,是
0703002-0918-11-09-gnss_raw.txt,2436,443297.000,GPS,32,0.0,0.0,27.0,是
0703002-0918-11-09-gnss_raw.txt,2436,443297.000,GLONASS,68,0.0,0.0,26.0,是
0703002-0918-11-09-gnss_raw.txt,2436,443297.000,GLONASS,70,29.0,313.0,33.0,是
0703002-0918-11-09-gnss_raw.txt,2436,443297.000,GLONASS,79,47.0,92.0,36.0,是
0703002-0918-11-09-gnss_raw.txt,2436,443297.000,GLONASS,80,27.0,160.0,35.0,是
0703002-0918-11-09-gnss_raw.txt,2436,443297.000,GLONASS,84,35.0,240.0,33.0,是
0703002-0918-11-09-gnss_raw.txt,2436,443297.000,GLONASS,85,0.0,0.0,32.0,是
0703002-0918-11-09-gnss_raw.txt,2436,443297.000,Galileo,13,0.0,0.0,31.0,是
0703002-0918-11-09-gnss_raw.txt,2436,443297.000,Galileo,26,60.0,269.0,35.0,是
0703002-0918-11-09-gnss_raw.txt,2436,443297.000,Galileo,29,34.0,271.0,32.0,是
0703002-0918-11-09-gnss_raw.txt,2436,443297.000,QZSS,3,43.0,168.0,30.0,是
0703002-0918-11-09-gnss_raw.txt,2436,443297.000,QZSS,7,53.0,169.0,26.0,是
0703002-0918-11-09-gnss_raw.txt,2436,443297.000,BDS,1,48.0,147.0,27.0,是
0703002-0918-11-09-gnss_raw.txt,2436,443297.000,BDS,3,0.0,0.0,31.0,是
0703002-0918-11-09-gnss_raw.txt,2436,443297.000,BDS,4,37.0,120.0,29.0,是
0703002-0918-11-09-gnss_raw.txt,2436,443297.000,BDS,6,69.0,39.0,31.0,是
0703002-0918-11-09-gnss_raw.txt,2436,443297.000,BDS,7,59.0,189.0,30.0,是
0703002-0918-11-09-gnss_raw.txt,2436,443297.000,BDS,10,49.0,190.0,27.0,是
0703002-0918-11-09-gnss_raw.txt,2436,443297.000,BDS,11,0.0,0.0,20.0,是
0703002-0918-11-09-gnss_raw.txt,2436,443297.000,BDS,20,58.0,30.0,32.0,是
0703002-0918-11-09-gnss_raw.txt,2436,443297.000,BDS,29,0.0,0.0,23.0,是
0703002-0918-11-09-gnss_raw.txt,2436,443297.000,BDS,35,17.0,284.0,23.0,是
0703002-0918-11-09-gnss_raw.txt,2436,443297.000,BDS,37,46.0,76.0,31.0,是
0703002-0918-11-09-gnss_raw.txt,2436,443298.000,GPS,13,28.0,134.0,30.0,是
0703002-0918-11-09-gnss_raw.txt,2436,443298.000,GPS,15,0.0,0.0,31.0,是
0703002-0918-11-09-gnss_raw.txt,2436,443298.000,GPS,18,45.0,214.0,29.0,是
0703002-0918-11-09-gnss_raw.txt,2436,443298.000,GPS,24,65.0,45.0,35.0,是
0703002-0918-11-09-gnss_raw.txt,2436,443298.000,GPS,32,0.0,0.0,28.0,是
0703002-0918-11-09-gnss_raw.txt,2436,443298.000,GLONASS,68,0.0,0.0,20.0,是
0703002-0918-11-09-gnss_raw.txt,2436,443298.000,GLONASS,70,29.0,313.0,33.0,是
0703002-0918-11-09-gnss_raw.txt,2436,443298.000,GLONASS,79,47.0,92.0,37.0,是
0703002-0918-11-09-gnss_raw.txt,2436,443298.000,GLONASS,80,27.0,160.0,34.0,是
0703002-0918-11-09-gnss_raw.txt,2436,443298.000,GLONASS,84,35.0,240.0,33.0,是
0703002-0918-11-09-gnss_raw.txt,2436,443298.000,GLONASS,85,0.0,0.0,35.0,是
0703002-0918-11-09-gnss_raw.txt,2436,443298.000,Galileo,13,0.0,0.0,30.0,是
0703002-0918-11-09-gnss_raw.txt,2436,443298.000,Galileo,26,60.0,269.0,31.0,是
0703002-0918-11-09-gnss_raw.txt,2436,443298.000,Galileo,29,34.0,271.0,33.0,是
0703002-0918-11-09-gnss_raw.txt,2436,443298.000,QZSS,3,43.0,168.0,30.0,是
0703002-0918-11-09-gnss_raw.txt,2436,443298.000,QZSS,7,53.0,169.0,26.0,是
0703002-0918-11-09-gnss_raw.txt,2436,443298.000,BDS,1,48.0,147.0,27.0,是
0703002-0918-11-09-gnss_raw.txt,2436,443298.000,BDS,3,0.0,0.0,31.0,是
0703002-0918-11-09-gnss_raw.txt,2436,443298.000,BDS,4,37.0,120.0,31.0,是
0703002-0918-11-09-gnss_raw.txt,2436,443298.000,BDS,6,69.0,39.0,31.0,是
0703002-0918-11-09-gnss_raw.txt,2436,443298.000,BDS,7,59.0,189.0,30.0,是
0703002-0918-11-09-gnss_raw.txt,2436,443298.000,BDS,10,49.0,190.0,28.0,是
0703002-0918-11-09-gnss_raw.txt,2436,443298.000,BDS,11,0.0,0.0,20.0,是
0703002-0918-11-09-gnss_raw.txt,2436,443298.000,BDS,20,58.0,30.0,31.0,是
0703002-0918-11-09-gnss_raw.txt,2436,443298.000,BDS,29,0.0,0.0,20.0,是
0703002-0918-11-09-gnss_raw.txt,2436,443298.000,BDS,35,17.0,284.0,25.0,是
0703002-0918-11-09-gnss_raw.txt,2436,443298.000,BDS,37,46.0,76.0,32.0,是
0703002-0918-11-09-gnss_raw.txt,2436,443299.000,GPS,13,28.0,134.0,30.0,是
0703002-0918-11-09-gnss_raw.txt,2436,443299.000,GPS,15,0.0,0.0,31.0,是
0703002-0918-11-09-gnss_raw.txt,2436,443299.000,GPS,18,45.0,214.0,30.0,是
0703002-0918-11-09-gnss_raw.txt,2436,443299.000,GPS,24,65.0,45.0,34.0,是
0703002-0918-11-09-gnss_raw.txt,2436,443299.000,GPS,32,0.0,0.0,30.0,是
0703002-0918-11-09-gnss_raw.txt,2436,443299.000,GLONASS,68,0.0,0.0,23.0,是
0703002-0918-11-09-gnss_raw.txt,2436,443299.000,GLONASS,70,29.0,313.0,33.0,是
0703002-0918-11-09-gnss_raw.txt,2436,443299.000,GLONASS,79,47.0,92.0,37.0,是
0703002-0918-11-09-gnss_raw.txt,2436,443299.000,GLONASS,80,27.0,160.0,36.0,是
0703002-0918-11-09-gnss_raw.txt,2436,443299.000,GLONASS,84,35.0,240.0,32.0,是
0703002-0918-11-09-gnss_raw.txt,2436,443299.000,GLONASS,85,0.0,0.0,35.0,是
0703002-0918-11-09-gnss_raw.txt,2436,443299.000,Galileo,13,0.0,0.0,32.0,是
0703002-0918-11-09-gnss_raw.txt,2436,443299.000,Galileo,26,60.0,269.0,32.0,是
0703002-0918-11-09-gnss_raw.txt,2436,443299.000,Galileo,29,34.0,271.0,34.0,是
0703002-0918-11-09-gnss_raw.txt,2436,443299.000,QZSS,3,43.0,168.0,30.0,是
0703002-0918-11-09-gnss_raw.txt,2436,443299.000,QZSS,7,53.0,169.0,27.0,是
0703002-0918-11-09-gnss_raw.txt,2436,443299.000,BDS,1,48.0,147.0,26.0,是
0703002-0918-11-09-gnss_raw.txt,2436,443299.000,BDS,2,0.0,0.0,27.0,是
0703002-0918-11-09-gnss_raw.txt,2436,443299.000,BDS,3,0.0,0.0,31.0,是
0703002-0918-11-09-gnss_raw.txt,2436,443299.000,BDS,4,37.0,120.0,31.0,是
0703002-0918-11-09-gnss_raw.txt,2436,443299.000,BDS,6,69.0,39.0,31.0,是
0703002-0918-11-09-gnss_raw.txt,2436,443299.000,BDS,7,59.0,189.0,29.0,是
0703002-0918-11-09-gnss_raw.txt,2436,443299.000,BDS,10,49.0,190.0,27.0,是
0703002-0918-11-09-gnss_raw.txt,2436,443299.000,BDS,11,0.0,0.0,20.0,是
0703002-0918-11-09-gnss_raw.txt,2436,443299.000,BDS,20,58.0,30.0,31.0,是
0703002-0918-11-09-gnss_raw.txt,2436,443299.000,BDS,29,0.0,0.0,18.0,是
0703002-0918-11-09-gnss_raw.txt,2436,443299.000,BDS,35,17.0,284.0,26.0,是
0703002-0918-11-09-gnss_raw.txt,2436,443299.000,BDS,37,46.0,76.0,32.0,是
0703002-0918-11-09-gnss_raw.txt,2436,443300.000,GPS,13,28.0,134.0,30.0,是
0703002-0918-11-09-gnss_raw.txt,2436,443300.000,GPS,15,0.0,0.0,31.0,是
0703002-0918-11-09-gnss_raw.txt,2436,443300.000,GPS,18,45.0,214.0,31.0,是
0703002-0918-11-09-gnss_raw.txt,2436,443300.000,GPS,24,65.0,45.0,34.0,是
0703002-0918-11-09-gnss_raw.txt,2436,443300.000,GPS,32,0.0,0.0,30.0,是
0703002-0918-11-09-gnss_raw.txt,2436,443300.000,GLONASS,68,19.0,69.0,24.0,是
0703002-0918-11-09-gnss_raw.txt,2436,443300.000,GLONASS,70,29.0,313.0,33.0,是
0703002-0918-11-09-gnss_raw.txt,2436,443300.000,GLONASS,79,47.0,92.0,37.0,是
0703002-0918-11-09-gnss_raw.txt,2436,443300.000,GLONASS,80,27.0,160.0,36.0,是
0703002-0918-11-09-gnss_raw.txt,2436,443300.000,GLONASS,84,35.0,240.0,33.0,是
0703002-0918-11-09-gnss_raw.txt,2436,443300.000,GLONASS,85,0.0,0.0,35.0,是
0703002-0918-11-09-gnss_raw.txt,2436,443300.000,Galileo,13,0.0,0.0,32.0,是
0703002-0918-11-09-gnss_raw.txt,2436,443300.000,Galileo,26,60.0,269.0,32.0,是
0703002-0918-11-09-gnss_raw.txt,2436,443300.000,Galileo,29,34.0,271.0,33.0,是
0703002-0918-11-09-gnss_raw.txt,2436,443300.000,QZSS,3,43.0,168.0,31.0,是
0703002-0918-11-09-gnss_raw.txt,2436,443300.000,QZSS,7,53.0,169.0,27.0,是
0703002-0918-11-09-gnss_raw.txt,2436,443300.000,BDS,1,48.0,147.0,25.0,是
0703002-0918-11-09-gnss_raw.txt,2436,443300.000,BDS,2,0.0,0.0,26.0,是
0703002-0918-11-09-gnss_raw.txt,2436,443300.000,BDS,3,0.0,0.0,31.0,是
0703002-0918-11-09-gnss_raw.txt,2436,443300.000,BDS,4,37.0,120.0,31.0,是
0703002-0918-11-09-gnss_raw.txt,2436,443300.000,BDS,6,69.0,39.0,31.0,是
0703002-0918-11-09-gnss_raw.txt,2436,443300.000,BDS,7,59.0,189.0,29.0,是
0703002-0918-11-09-gnss_raw.txt,2436,443300.000,BDS,10,49.0,190.0,27.0,是
0703002-0918-11-09-gnss_raw.txt,2436,443300.000,BDS,11,0.0,0.0,19.0,是
0703002-0918-11-09-gnss_raw.txt,2436,443300.000,BDS,20,58.0,30.0,31.0,是
0703002-0918-11-09-gnss_raw.txt,2436,443300.000,BDS,29,0.0,0.0,19.0,是
0703002-0918-11-09-gnss_raw.txt,2436,443300.000,BDS,35,17.0,284.0,25.0,是
0703002-0918-11-09-gnss_raw.txt,2436,443300.000,BDS,37,46.0,76.0,32.0,是
0703002-0918-11-09-gnss_raw.txt,2436,443301.000,GPS,13,28.0,134.0,29.0,是
0703002-0918-11-09-gnss_raw.txt,2436,443301.000,GPS,15,0.0,0.0,31.0,是
0703002-0918-11-09-gnss_raw.txt,2436,443301.000,GPS,18,45.0,214.0,31.0,是
0703002-0918-11-09-gnss_raw.txt,2436,443301.000,GPS,24,65.0,45.0,34.0,是
0703002-0918-11-09-gnss_raw.txt,2436,443301.000,GPS,32,0.0,0.0,30.0,是
0703002-0918-11-09-gnss_raw.txt,2436,443301.000,GLONASS,68,0.0,0.0,28.0,是
0703002-0918-11-09-gnss_raw.txt,2436,443301.000,GLONASS,70,29.0,313.0,33.0,是
0703002-0918-11-09-gnss_raw.txt,2436,443301.000,GLONASS,79,47.0,92.0,37.0,是
0703002-0918-11-09-gnss_raw.txt,2436,443301.000,GLONASS,80,27.0,160.0,35.0,是
0703002-0918-11-09-gnss_raw.txt,2436,443301.000,GLONASS,84,35.0,240.0,33.0,是
0703002-0918-11-09-gnss_raw.txt,2436,443301.000,GLONASS,85,0.0,0.0,35.0,是
0703002-0918-11-09-gnss_raw.txt,2436,443301.000,Galileo,13,0.0,0.0,31.0,是
0703002-0918-11-09-gnss_raw.txt,2436,443301.000,Galileo,26,60.0,269.0,33.0,是
0703002-0918-11-09-gnss_raw.txt,2436,443301.000,Galileo,29,34.0,271.0,33.0,是
0703002-0918-11-09-gnss_raw.txt,2436,443301.000,QZSS,3,43.0,168.0,31.0,是
0703002-0918-11-09-gnss_raw.txt,2436,443301.000,QZSS,7,53.0,169.0,26.0,是
0703002-0918-11-09-gnss_raw.txt,2436,443301.000,BDS,1,48.0,147.0,25.0,是
0703002-0918-11-09-gnss_raw.txt,2436,443301.000,BDS,2,0.0,0.0,26.0,是
0703002-0918-11-09-gnss_raw.txt,2436,443301.000,BDS,3,0.0,0.0,32.0,是
0703002-0918-11-09-gnss_raw.txt,2436,443301.000,BDS,4,37.0,120.0,31.0,是
0703002-0918-11-09-gnss_raw.txt,2436,443301.000,BDS,6,69.0,39.0,31.0,是
0703002-0918-11-09-gnss_raw.txt,2436,443301.000,BDS,7,59.0,189.0,29.0,是
0703002-0918-11-09-gnss_raw.txt,2436,443301.000,BDS,10,49.0,190.0,27.0,是
0703002-0918-11-09-gnss_raw.txt,2436,443301.000,BDS,11,0.0,0.0,20.0,是
0703002-0918-11-09-gnss_raw.txt,2436,443301.000,BDS,20,58.0,30.0,31.0,是
0703002-0918-11-09-gnss_raw.txt,2436,443301.000,BDS,35,17.0,284.0,25.0,是
0703002-0918-11-09-gnss_raw.txt,2436,443301.000,BDS,37,46.0,76.0,33.0,是
0703002-0918-11-09-gnss_raw.txt,2436,443302.000,GPS,13,28.0,134.0,29.0,是
0703002-0918-11-09-gnss_raw.txt,2436,443302.000,GPS,15,0.0,0.0,31.0,是
0703002-0918-11-09-gnss_raw.txt,2436,443302.000,GPS,18,45.0,214.0,32.0,是
0703002-0918-11-09-gnss_raw.txt,2436,443302.000,GPS,24,65.0,45.0,34.0,是
0703002-0918-11-09-gnss_raw.txt,2436,443302.000,GPS,32,0.0,0.0,30.0,是
0703002-0918-11-09-gnss_raw.txt,2436,443302.000,GLONASS,68,19.0,69.0,26.0,是
0703002-0918-11-09-gnss_raw.txt,2436,443302.000,GLONASS,70,29.0,313.0,33.0,是
0703002-0918-11-09-gnss_raw.txt,2436,443302.000,GLONASS,79,47.0,92.0,37.0,是
0703002-0918-11-09-gnss_raw.txt,2436,443302.000,GLONASS,80,27.0,160.0,35.0,是
0703002-0918-11-09-gnss_raw.txt,2436,443302.000,GLONASS,84,35.0,240.0,34.0,是
0703002-0918-11-09-gnss_raw.txt,2436,443302.000,GLONASS,85,0.0,0.0,36.0,是
0703002-0918-11-09-gnss_raw.txt,2436,443302.000,Galileo,13,0.0,0.0,32.0,是
0703002-0918-11-09-gnss_raw.txt,2436,443302.000,Galileo,26,60.0,269.0,33.0,是
0703002-0918-11-09-gnss_raw.txt,2436,443302.000,Galileo,29,34.0,271.0,35.0,是
0703002-0918-11-09-gnss_raw.txt,2436,443302.000,QZSS,3,43.0,168.0,32.0,是
0703002-0918-11-09-gnss_raw.txt,2436,443302.000,QZSS,7,53.0,169.0,26.0,是
0703002-0918-11-09-gnss_raw.txt,2436,443302.000,BDS,1,48.0,147.0,27.0,是
0703002-0918-11-09-gnss_raw.txt,2436,443302.000,BDS,2,0.0,0.0,27.0,是
0703002-0918-11-09-gnss_raw.txt,2436,443302.000,BDS,3,0.0,0.0,32.0,是
0703002-0918-11-09-gnss_raw.txt,2436,443302.000,BDS,4,37.0,120.0,31.0,是
0703002-0918-11-09-gnss_raw.txt,2436,443302.000,BDS,6,69.0,39.0,31.0,是
0703002-0918-11-09-gnss_raw.txt,2436,443302.000,BDS,7,59.0,189.0,29.0,是
0703002-0918-11-09-gnss_raw.txt,2436,443302.000,BDS,10,49.0,190.0,27.0,是
0703002-0918-11-09-gnss_raw.txt,2436,443302.000,BDS,11,0.0,0.0,19.0,是
0703002-0918-11-09-gnss_raw.txt,2436,443302.000,BDS,20,58.0,30.0,31.0,是
0703002-0918-11-09-gnss_raw.txt,2436,443302.000,BDS,35,17.0,284.0,25.0,是
0703002-0918-11-09-gnss_raw.txt,2436,443302.000,BDS,37,46.0,76.0,32.0,是
0703002-0918-11-09-gnss_raw.txt,2436,443303.000,GPS,13,28.0,134.0,29.0,是
0703002-0918-11-09-gnss_raw.txt,2436,443303.000,GPS,15,0.0,0.0,32.0,是
0703002-0918-11-09-gnss_raw.txt,2436,443303.000,GPS,18,45.0,214.0,31.0,是
0703002-0918-11-09-gnss_raw.txt,2436,443303.000,GPS,24,65.0,45.0,34.0,是
0703002-0918-11-09-gnss_raw.txt,2436,443303.000,GPS,32,0.0,0.0,30.0,是
0703002-0918-11-09-gnss_raw.txt,2436,443303.000,GLONASS,68,19.0,69.0,27.0,是
0703002-0918-11-09-gnss_raw.txt,2436,443303.000,GLONASS,70,29.0,313.0,34.0,是
0703002-0918-11-09-gnss_raw.txt,2436,443303.000,GLONASS,79,47.0,92.0,37.0,是
0703002-0918-11-09-gnss_raw.txt,2436,443303.000,GLONASS,80,27.0,160.0,34.0,是
0703002-0918-11-09-gnss_raw.txt,2436,443303.000,GLONASS,84,35.0,240.0,34.0,是
0703002-0918-11-09-gnss_raw.txt,2436,443303.000,GLONASS,85,0.0,0.0,36.0,是
0703002-0918-11-09-gnss_raw.txt,2436,443303.000,Galileo,13,0.0,0.0,33.0,是
0703002-0918-11-09-gnss_raw.txt,2436,443303.000,Galileo,26,60.0,269.0,34.0,是
0703002-0918-11-09-gnss_raw.txt,2436,443303.000,Galileo,29,34.0,271.0,35.0,是
0703002-0918-11-09-gnss_raw.txt,2436,443303.000,QZSS,3,43.0,168.0,32.0,是
0703002-0918-11-09-gnss_raw.txt,2436,443303.000,QZSS,7,53.0,169.0,26.0,是
0703002-0918-11-09-gnss_raw.txt,2436,443303.000,BDS,1,48.0,147.0,25.0,是
0703002-0918-11-09-gnss_raw.txt,2436,443303.000,BDS,2,0.0,0.0,28.0,是
0703002-0918-11-09-gnss_raw.txt,2436,443303.000,BDS,3,0.0,0.0,32.0,是
0703002-0918-11-09-gnss_raw.txt,2436,443303.000,BDS,4,37.0,120.0,31.0,是
0703002-0918-11-09-gnss_raw.txt,2436,443303.000,BDS,6,69.0,39.0,32.0,是
0703002-0918-11-09-gnss_raw.txt,2436,443303.000,BDS,7,59.0,189.0,30.0,是
0703002-0918-11-09-gnss_raw.txt,2436,443303.000,BDS,10,49.0,190.0,27.0,是
0703002-0918-11-09-gnss_raw.txt,2436,443303.000,BDS,11,0.0,0.0,19.0,是
0703002-0918-11-09-gnss_raw.txt,2436,443303.000,BDS,20,58.0,30.0,31.0,是
0703002-0918-11-09-gnss_raw.txt,2436,443303.000,BDS,35,17.0,284.0,25.0,是
0703002-0918-11-09-gnss_raw.txt,2436,443303.000,BDS,37,46.0,76.0,33.0,是
0703002-0918-11-09-gnss_raw.txt,2436,443304.000,GPS,13,28.0,134.0,29.0,是
0703002-0918-11-09-gnss_raw.txt,2436,443304.000,GPS,15,0.0,0.0,32.0,是
0703002-0918-11-09-gnss_raw.txt,2436,443304.000,GPS,18,45.0,214.0,31.0,是
0703002-0918-11-09-gnss_raw.txt,2436,443304.000,GPS,24,65.0,45.0,34.0,是
0703002-0918-11-09-gnss_raw.txt,2436,443304.000,GPS,32,0.0,0.0,29.0,是
0703002-0918-11-09-gnss_raw.txt,2436,443304.000,GLONASS,68,0.0,0.0,24.0,是
0703002-0918-11-09-gnss_raw.txt,2436,443304.000,GLONASS,70,29.0,313.0,34.0,是
0703002-0918-11-09-gnss_raw.txt,2436,443304.000,GLONASS,79,47.0,92.0,36.0,是
0703002-0918-11-09-gnss_raw.txt,2436,443304.000,GLONASS,80,27.0,160.0,34.0,是
0703002-0918-11-09-gnss_raw.txt,2436,443304.000,GLONASS,84,35.0,240.0,33.0,是
0703002-0918-11-09-gnss_raw.txt,2436,443304.000,GLONASS,85,0.0,0.0,33.0,是
0703002-0918-11-09-gnss_raw.txt,2436,443304.000,Galileo,13,0.0,0.0,31.0,是
0703002-0918-11-09-gnss_raw.txt,2436,443304.000,Galileo,26,60.0,269.0,34.0,是
0703002-0918-11-09-gnss_raw.txt,2436,443304.000,Galileo,29,34.0,271.0,34.0,是
0703002-0918-11-09-gnss_raw.txt,2436,443304.000,QZSS,3,42.0,168.0,31.0,是
0703002-0918-11-09-gnss_raw.txt,2436,443304.000,QZSS,7,53.0,169.0,27.0,是
0703002-0918-11-09-gnss_raw.txt,2436,443304.000,BDS,1,48.0,147.0,25.0,是
0703002-0918-11-09-gnss_raw.txt,2436,443304.000,BDS,2,0.0,0.0,27.0,是
0703002-0918-11-09-gnss_raw.txt,2436,443304.000,BDS,3,0.0,0.0,31.0,是
0703002-0918-11-09-gnss_raw.txt,2436,443304.000,BDS,4,37.0,120.0,28.0,是
0703002-0918-11-09-gnss_raw.txt,2436,443304.000,BDS,6,69.0,39.0,32.0,是
0703002-0918-11-09-gnss_raw.txt,2436,443304.000,BDS,7,59.0,189.0,31.0,是
0703002-0918-11-09-gnss_raw.txt,2436,443304.000,BDS,10,49.0,190.0,28.0,是
0703002-0918-11-09-gnss_raw.txt,2436,443304.000,BDS,11,0.0,0.0,19.0,是
0703002-0918-11-09-gnss_raw.txt,2436,443304.000,BDS,20,58.0,30.0,31.0,是
0703002-0918-11-09-gnss_raw.txt,2436,443304.000,BDS,35,17.0,284.0,26.0,是
0703002-0918-11-09-gnss_raw.txt,2436,443304.000,BDS,37,46.0,76.0,32.0,是
0703002-0918-11-09-gnss_raw.txt,2436,443305.000,GPS,13,28.0,134.0,29.0,是
0703002-0918-11-09-gnss_raw.txt,2436,443305.000,GPS,15,0.0,0.0,32.0,是
0703002-0918-11-09-gnss_raw.txt,2436,443305.000,GPS,18,45.0,214.0,32.0,是
0703002-0918-11-09-gnss_raw.txt,2436,443305.000,GPS,24,65.0,45.0,34.0,是
0703002-0918-11-09-gnss_raw.txt,2436,443305.000,GPS,32,0.0,0.0,29.0,是
0703002-0918-11-09-gnss_raw.txt,2436,443305.000,GLONASS,68,0.0,0.0,21.0,是
0703002-0918-11-09-gnss_raw.txt,2436,443305.000,GLONASS,70,29.0,313.0,32.0,是
0703002-0918-11-09-gnss_raw.txt,2436,443305.000,GLONASS,79,47.0,92.0,36.0,是
0703002-0918-11-09-gnss_raw.txt,2436,443305.000,GLONASS,80,27.0,160.0,33.0,是
0703002-0918-11-09-gnss_raw.txt,2436,443305.000,GLONASS,84,35.0,240.0,30.0,是
0703002-0918-11-09-gnss_raw.txt,2436,443305.000,GLONASS,85,0.0,0.0,32.0,是
0703002-0918-11-09-gnss_raw.txt,2436,443305.000,Galileo,13,0.0,0.0,32.0,是
0703002-0918-11-09-gnss_raw.txt,2436,443305.000,Galileo,26,60.0,269.0,33.0,是
0703002-0918-11-09-gnss_raw.txt,2436,443305.000,Galileo,29,34.0,271.0,33.0,是
0703002-0918-11-09-gnss_raw.txt,2436,443305.000,QZSS,3,42.0,168.0,31.0,是
0703002-0918-11-09-gnss_raw.txt,2436,443305.000,QZSS,7,53.0,169.0,27.0,是
0703002-0918-11-09-gnss_raw.txt,2436,443305.000,BDS,1,48.0,147.0,25.0,是
0703002-0918-11-09-gnss_raw.txt,2436,443305.000,BDS,3,0.0,0.0,32.0,是
0703002-0918-11-09-gnss_raw.txt,2436,443305.000,BDS,4,37.0,120.0,27.0,是
0703002-0918-11-09-gnss_raw.txt,2436,443305.000,BDS,6,69.0,39.0,32.0,是
0703002-0918-11-09-gnss_raw.txt,2436,443305.000,BDS,7,59.0,189.0,31.0,是
0703002-0918-11-09-gnss_raw.txt,2436,443305.000,BDS,10,49.0,190.0,29.0,是
0703002-0918-11-09-gnss_raw.txt,2436,443305.000,BDS,11,0.0,0.0,18.0,是
0703002-0918-11-09-gnss_raw.txt,2436,443305.000,BDS,20,58.0,30.0,32.0,是
0703002-0918-11-09-gnss_raw.txt,2436,443305.000,BDS,35,17.0,284.0,28.0,是
0703002-0918-11-09-gnss_raw.txt,2436,443305.000,BDS,37,46.0,76.0,31.0,是
0703002-0918-11-09-gnss_raw.txt,2436,443306.000,GPS,13,28.0,134.0,29.0,是
0703002-0918-11-09-gnss_raw.txt,2436,443306.000,GPS,15,0.0,0.0,31.0,是
0703002-0918-11-09-gnss_raw.txt,2436,443306.000,GPS,18,45.0,214.0,32.0,是
0703002-0918-11-09-gnss_raw.txt,2436,443306.000,GPS,24,65.0,45.0,34.0,是
0703002-0918-11-09-gnss_raw.txt,2436,443306.000,GPS,32,0.0,0.0,29.0,是
0703002-0918-11-09-gnss_raw.txt,2436,443306.000,GLONASS,68,0.0,0.0,23.0,是
0703002-0918-11-09-gnss_raw.txt,2436,443306.000,GLONASS,70,29.0,313.0,32.0,是
0703002-0918-11-09-gnss_raw.txt,2436,443306.000,GLONASS,79,47.0,92.0,36.0,是
0703002-0918-11-09-gnss_raw.txt,2436,443306.000,GLONASS,80,27.0,160.0,33.0,是
0703002-0918-11-09-gnss_raw.txt,2436,443306.000,GLONASS,84,35.0,240.0,29.0,是
0703002-0918-11-09-gnss_raw.txt,2436,443306.000,GLONASS,85,0.0,0.0,33.0,是
0703002-0918-11-09-gnss_raw.txt,2436,443306.000,Galileo,13,0.0,0.0,32.0,是
0703002-0918-11-09-gnss_raw.txt,2436,443306.000,Galileo,26,60.0,269.0,34.0,是
0703002-0918-11-09-gnss_raw.txt,2436,443306.000,Galileo,29,34.0,271.0,34.0,是
0703002-0918-11-09-gnss_raw.txt,2436,443306.000,QZSS,3,42.0,168.0,31.0,是
0703002-0918-11-09-gnss_raw.txt,2436,443306.000,QZSS,7,53.0,169.0,26.0,是
0703002-0918-11-09-gnss_raw.txt,2436,443306.000,BDS,1,48.0,147.0,40.0,是
0703002-0918-11-09-gnss_raw.txt,2436,443306.000,BDS,2,0.0,0.0,32.0,是
0703002-0918-11-09-gnss_raw.txt,2436,443306.000,BDS,3,0.0,0.0,31.0,是
0703002-0918-11-09-gnss_raw.txt,2436,443306.000,BDS,4,37.0,120.0,28.0,是
0703002-0918-11-09-gnss_raw.txt,2436,443306.000,BDS,6,69.0,39.0,32.0,是
0703002-0918-11-09-gnss_raw.txt,2436,443306.000,BDS,7,59.0,189.0,31.0,是
0703002-0918-11-09-gnss_raw.txt,2436,443306.000,BDS,10,49.0,190.0,30.0,是
0703002-0918-11-09-gnss_raw.txt,2436,443306.000,BDS,11,0.0,0.0,17.0,是
0703002-0918-11-09-gnss_raw.txt,2436,443306.000,BDS,20,58.0,30.0,32.0,是
0703002-0918-11-09-gnss_raw.txt,2436,443306.000,BDS,35,17.0,284.0,29.0,是
0703002-0918-11-09-gnss_raw.txt,2436,443306.000,BDS,37,46.0,76.0,31.0,是
0703002-0918-11-09-gnss_raw.txt,2436,443307.000,GPS,13,28.0,134.0,27.0,是
0703002-0918-11-09-gnss_raw.txt,2436,443307.000,GPS,15,0.0,0.0,31.0,是
0703002-0918-11-09-gnss_raw.txt,2436,443307.000,GPS,18,45.0,214.0,32.0,是
0703002-0918-11-09-gnss_raw.txt,2436,443307.000,GPS,24,65.0,45.0,34.0,是
0703002-0918-11-09-gnss_raw.txt,2436,443307.000,GPS,32,0.0,0.0,29.0,是
0703002-0918-11-09-gnss_raw.txt,2436,443307.000,GLONASS,68,19.0,69.0,23.0,是
0703002-0918-11-09-gnss_raw.txt,2436,443307.000,GLONASS,70,29.0,313.0,25.0,是
0703002-0918-11-09-gnss_raw.txt,2436,443307.000,GLONASS,79,47.0,92.0,35.0,是
0703002-0918-11-09-gnss_raw.txt,2436,443307.000,GLONASS,80,27.0,160.0,35.0,是
0703002-0918-11-09-gnss_raw.txt,2436,443307.000,GLONASS,84,35.0,240.0,26.0,是
0703002-0918-11-09-gnss_raw.txt,2436,443307.000,GLONASS,85,0.0,0.0,31.0,是
0703002-0918-11-09-gnss_raw.txt,2436,443307.000,Galileo,13,0.0,0.0,32.0,是
0703002-0918-11-09-gnss_raw.txt,2436,443307.000,Galileo,26,60.0,269.0,33.0,是
0703002-0918-11-09-gnss_raw.txt,2436,443307.000,Galileo,29,34.0,271.0,32.0,是
0703002-0918-11-09-gnss_raw.txt,2436,443307.000,QZSS,3,42.0,168.0,30.0,是
0703002-0918-11-09-gnss_raw.txt,2436,443307.000,QZSS,7,53.0,169.0,27.0,是
0703002-0918-11-09-gnss_raw.txt,2436,443307.000,BDS,1,48.0,147.0,29.0,是
0703002-0918-11-09-gnss_raw.txt,2436,443307.000,BDS,2,0.0,0.0,36.0,是
0703002-0918-11-09-gnss_raw.txt,2436,443307.000,BDS,3,0.0,0.0,30.0,是
0703002-0918-11-09-gnss_raw.txt,2436,443307.000,BDS,4,37.0,120.0,28.0,是
0703002-0918-11-09-gnss_raw.txt,2436,443307.000,BDS,6,69.0,39.0,32.0,是
0703002-0918-11-09-gnss_raw.txt,2436,443307.000,BDS,7,59.0,189.0,31.0,是
0703002-0918-11-09-gnss_raw.txt,2436,443307.000,BDS,10,49.0,190.0,29.0,是
0703002-0918-11-09-gnss_raw.txt,2436,443307.000,BDS,11,0.0,0.0,15.0,是
0703002-0918-11-09-gnss_raw.txt,2436,443307.000,BDS,20,58.0,30.0,32.0,是
0703002-0918-11-09-gnss_raw.txt,2436,443307.000,BDS,35,17.0,284.0,29.0,是
0703002-0918-11-09-gnss_raw.txt,2436,443307.000,BDS,37,46.0,76.0,31.0,是
0703002-0918-11-09-gnss_raw.txt,2436,443308.000,GPS,13,28.0,134.0,27.0,是
0703002-0918-11-09-gnss_raw.txt,2436,443308.000,GPS,15,0.0,0.0,32.0,是
0703002-0918-11-09-gnss_raw.txt,2436,443308.000,GPS,18,45.0,214.0,33.0,是
0703002-0918-11-09-gnss_raw.txt,2436,443308.000,GPS,24,65.0,45.0,34.0,是
0703002-0918-11-09-gnss_raw.txt,2436,443308.000,GPS,32,0.0,0.0,27.0,是
0703002-0918-11-09-gnss_raw.txt,2436,443308.000,GLONASS,68,19.0,69.0,31.0,是
0703002-0918-11-09-gnss_raw.txt,2436,443308.000,GLONASS,70,29.0,313.0,24.0,是
0703002-0918-11-09-gnss_raw.txt,2436,443308.000,GLONASS,79,47.0,92.0,34.0,是
0703002-0918-11-09-gnss_raw.txt,2436,443308.000,GLONASS,80,27.0,160.0,36.0,是
0703002-0918-11-09-gnss_raw.txt,2436,443308.000,GLONASS,84,35.0,240.0,29.0,是
0703002-0918-11-09-gnss_raw.txt,2436,443308.000,GLONASS,85,0.0,0.0,30.0,是
0703002-0918-11-09-gnss_raw.txt,2436,443308.000,Galileo,13,0.0,0.0,33.0,是
0703002-0918-11-09-gnss_raw.txt,2436,443308.000,Galileo,26,60.0,269.0,33.0,是
0703002-0918-11-09-gnss_raw.txt,2436,443308.000,Galileo,29,34.0,271.0,31.0,是
0703002-0918-11-09-gnss_raw.txt,2436,443308.000,QZSS,3,42.0,168.0,30.0,是
0703002-0918-11-09-gnss_raw.txt,2436,443308.000,QZSS,7,53.0,169.0,26.0,是
0703002-0918-11-09-gnss_raw.txt,2436,443308.000,BDS,1,48.0,147.0,29.0,是
0703002-0918-11-09-gnss_raw.txt,2436,443308.000,BDS,2,0.0,0.0,37.0,是
0703002-0918-11-09-gnss_raw.txt,2436,443308.000,BDS,3,0.0,0.0,31.0,是
0703002-0918-11-09-gnss_raw.txt,2436,443308.000,BDS,4,37.0,120.0,29.0,是
0703002-0918-11-09-gnss_raw.txt,2436,443308.000,BDS,6,69.0,39.0,32.0,是
0703002-0918-11-09-gnss_raw.txt,2436,443308.000,BDS,7,59.0,189.0,31.0,是
0703002-0918-11-09-gnss_raw.txt,2436,443308.000,BDS,10,49.0,190.0,28.0,是
0703002-0918-11-09-gnss_raw.txt,2436,443308.000,BDS,11,0.0,0.0,15.0,是
0703002-0918-11-09-gnss_raw.txt,2436,443308.000,BDS,20,58.0,30.0,32.0,是
0703002-0918-11-09-gnss_raw.txt,2436,443308.000,BDS,35,17.0,284.0,25.0,是
0703002-0918-11-09-gnss_raw.txt,2436,443308.000,BDS,37,46.0,76.0,27.0,是
0703002-0918-11-09-gnss_raw.txt,2436,443309.000,GPS,13,28.0,134.0,27.0,是
0703002-0918-11-09-gnss_raw.txt,2436,443309.000,GPS,15,0.0,0.0,32.0,是
0703002-0918-11-09-gnss_raw.txt,2436,443309.000,GPS,18,45.0,214.0,33.0,是
0703002-0918-11-09-gnss_raw.txt,2436,443309.000,GPS,24,65.0,45.0,34.0,是
0703002-0918-11-09-gnss_raw.txt,2436,443309.000,GPS,32,0.0,0.0,24.0,是
0703002-0918-11-09-gnss_raw.txt,2436,443309.000,GLONASS,68,19.0,69.0,29.0,是
0703002-0918-11-09-gnss_raw.txt,2436,443309.000,GLONASS,70,29.0,313.0,26.0,是
0703002-0918-11-09-gnss_raw.txt,2436,443309.000,GLONASS,79,47.0,92.0,31.0,是
0703002-0918-11-09-gnss_raw.txt,2436,443309.000,GLONASS,80,27.0,160.0,34.0,是
0703002-0918-11-09-gnss_raw.txt,2436,443309.000,GLONASS,84,35.0,240.0,29.0,是
0703002-0918-11-09-gnss_raw.txt,2436,443309.000,GLONASS,85,0.0,0.0,29.0,是
0703002-0918-11-09-gnss_raw.txt,2436,443309.000,Galileo,13,0.0,0.0,31.0,是
0703002-0918-11-09-gnss_raw.txt,2436,443309.000,Galileo,26,60.0,269.0,34.0,是
0703002-0918-11-09-gnss_raw.txt,2436,443309.000,Galileo,29,34.0,271.0,31.0,是
0703002-0918-11-09-gnss_raw.txt,2436,443309.000,QZSS,3,42.0,168.0,30.0,是
0703002-0918-11-09-gnss_raw.txt,2436,443309.000,QZSS,7,53.0,169.0,27.0,是
0703002-0918-11-09-gnss_raw.txt,2436,443309.000,BDS,1,48.0,147.0,28.0,是
0703002-0918-11-09-gnss_raw.txt,2436,443309.000,BDS,2,0.0,0.0,30.0,是
0703002-0918-11-09-gnss_raw.txt,2436,443309.000,BDS,3,0.0,0.0,33.0,是
0703002-0918-11-09-gnss_raw.txt,2436,443309.000,BDS,4,37.0,120.0,28.0,是
0703002-0918-11-09-gnss_raw.txt,2436,443309.000,BDS,6,69.0,39.0,32.0,是
0703002-0918-11-09-gnss_raw.txt,2436,443309.000,BDS,7,59.0,189.0,31.0,是
0703002-0918-11-09-gnss_raw.txt,2436,443309.000,BDS,10,49.0,190.0,28.0,是
0703002-0918-11-09-gnss_raw.txt,2436,443309.000,BDS,11,0.0,0.0,38.0,是
0703002-0918-11-09-gnss_raw.txt,2436,443309.000,BDS,20,58.0,30.0,33.0,是
0703002-0918-11-09-gnss_raw.txt,2436,443309.000,BDS,35,17.0,284.0,22.0,是
0703002-0918-11-09-gnss_raw.txt,2436,443309.000,BDS,37,46.0,76.0,27.0,是
0703002-0918-11-09-gnss_raw.txt,2436,443310.000,GPS,13,28.0,134.0,26.0,是
0703002-0918-11-09-gnss_raw.txt,2436,443310.000,GPS,15,0.0,0.0,32.0,是
0703002-0918-11-09-gnss_raw.txt,2436,443310.000,GPS,18,45.0,214.0,34.0,是
0703002-0918-11-09-gnss_raw.txt,2436,443310.000,GPS,24,65.0,45.0,34.0,是
0703002-0918-11-09-gnss_raw.txt,2436,443310.000,GPS,32,0.0,0.0,24.0,是
0703002-0918-11-09-gnss_raw.txt,2436,443310.000,GLONASS,68,19.0,69.0,27.0,是
0703002-0918-11-09-gnss_raw.txt,2436,443310.000,GLONASS,69,0.0,0.0,32.0,是
0703002-0918-11-09-gnss_raw.txt,2436,443310.000,GLONASS,70,29.0,313.0,32.0,是
0703002-0918-11-09-gnss_raw.txt,2436,443310.000,GLONASS,79,47.0,92.0,33.0,是
0703002-0918-11-09-gnss_raw.txt,2436,443310.000,GLONASS,80,27.0,160.0,34.0,是
0703002-0918-11-09-gnss_raw.txt,2436,443310.000,GLONASS,84,35.0,240.0,32.0,是
0703002-0918-11-09-gnss_raw.txt,2436,443310.000,GLONASS,85,0.0,0.0,28.0,是
0703002-0918-11-09-gnss_raw.txt,2436,443310.000,Galileo,13,0.0,0.0,31.0,是
0703002-0918-11-09-gnss_raw.txt,2436,443310.000,Galileo,26,60.0,269.0,32.0,是
0703002-0918-11-09-gnss_raw.txt,2436,443310.000,Galileo,29,34.0,271.0,31.0,是
0703002-0918-11-09-gnss_raw.txt,2436,443310.000,QZSS,3,42.0,168.0,30.0,是
0703002-0918-11-09-gnss_raw.txt,2436,443310.000,QZSS,7,53.0,169.0,27.0,是
0703002-0918-11-09-gnss_raw.txt,2436,443310.000,BDS,1,48.0,147.0,29.0,是
0703002-0918-11-09-gnss_raw.txt,2436,443310.000,BDS,2,0.0,0.0,26.0,是
0703002-0918-11-09-gnss_raw.txt,2436,443310.000,BDS,3,0.0,0.0,31.0,是
0703002-0918-11-09-gnss_raw.txt,2436,443310.000,BDS,4,37.0,120.0,27.0,是
0703002-0918-11-09-gnss_raw.txt,2436,443310.000,BDS,6,69.0,39.0,32.0,是
0703002-0918-11-09-gnss_raw.txt,2436,443310.000,BDS,7,59.0,189.0,31.0,是
0703002-0918-11-09-gnss_raw.txt,2436,443310.000,BDS,10,49.0,190.0,29.0,是
0703002-0918-11-09-gnss_raw.txt,2436,443310.000,BDS,11,0.0,0.0,37.0,是
0703002-0918-11-09-gnss_raw.txt,2436,443310.000,BDS,20,58.0,30.0,33.0,是
0703002-0918-11-09-gnss_raw.txt,2436,443310.000,BDS,35,17.0,284.0,22.0,是
0703002-0918-11-09-gnss_raw.txt,2436,443310.000,BDS,37,46.0,76.0,29.0,是
0703002-0918-11-09-gnss_raw.txt,2436,443311.000,GPS,13,28.0,134.0,27.0,是
0703002-0918-11-09-gnss_raw.txt,2436,443311.000,GPS,15,0.0,0.0,32.0,是
0703002-0918-11-09-gnss_raw.txt,2436,443311.000,GPS,18,45.0,214.0,34.0,是
0703002-0918-11-09-gnss_raw.txt,2436,443311.000,GPS,24,65.0,45.0,34.0,是
0703002-0918-11-09-gnss_raw.txt,2436,443311.000,GPS,32,0.0,0.0,24.0,是
0703002-0918-11-09-gnss_raw.txt,2436,443311.000,GLONASS,68,19.0,69.0,30.0,是
0703002-0918-11-09-gnss_raw.txt,2436,443311.000,GLONASS,69,0.0,0.0,26.0,是
0703002-0918-11-09-gnss_raw.txt,2436,443311.000,GLONASS,70,29.0,313.0,33.0,是
0703002-0918-11-09-gnss_raw.txt,2436,443311.000,GLONASS,79,47.0,92.0,33.0,是
0703002-0918-11-09-gnss_raw.txt,2436,443311.000,GLONASS,80,27.0,160.0,33.0,是
0703002-0918-11-09-gnss_raw.txt,2436,443311.000,GLONASS,84,35.0,240.0,31.0,是
0703002-0918-11-09-gnss_raw.txt,2436,443311.000,GLONASS,85,0.0,0.0,32.0,是
0703002-0918-11-09-gnss_raw.txt,2436,443311.000,Galileo,13,0.0,0.0,31.0,是
0703002-0918-11-09-gnss_raw.txt,2436,443311.000,Galileo,26,60.0,269.0,31.0,是
0703002-0918-11-09-gnss_raw.txt,2436,443311.000,Galileo,29,34.0,271.0,28.0,是
0703002-0918-11-09-gnss_raw.txt,2436,443311.000,QZSS,3,42.0,168.0,30.0,是
0703002-0918-11-09-gnss_raw.txt,2436,443311.000,QZSS,7,53.0,169.0,26.0,是
0703002-0918-11-09-gnss_raw.txt,2436,443311.000,BDS,1,48.0,147.0,26.0,是
0703002-0918-11-09-gnss_raw.txt,2436,443311.000,BDS,2,0.0,0.0,27.0,是
0703002-0918-11-09-gnss_raw.txt,2436,443311.000,BDS,3,0.0,0.0,32.0,是
0703002-0918-11-09-gnss_raw.txt,2436,443311.000,BDS,4,37.0,120.0,26.0,是
0703002-0918-11-09-gnss_raw.txt,2436,443311.000,BDS,6,69.0,39.0,32.0,是
0703002-0918-11-09-gnss_raw.txt,2436,443311.000,BDS,7,59.0,189.0,31.0,是
0703002-0918-11-09-gnss_raw.txt,2436,443311.000,BDS,10,49.0,190.0,29.0,是
0703002-0918-11-09-gnss_raw.txt,2436,443311.000,BDS,11,0.0,0.0,37.0,是
0703002-0918-11-09-gnss_raw.txt,2436,443311.000,BDS,20,58.0,30.0,33.0,是
0703002-0918-11-09-gnss_raw.txt,2436,443311.000,BDS,35,17.0,284.0,25.0,是
0703002-0918-11-09-gnss_raw.txt,2436,443311.000,BDS,37,46.0,76.0,30.0,是
0703002-0918-11-09-gnss_raw.txt,2436,443312.000,GPS,13,28.0,134.0,27.0,是
0703002-0918-11-09-gnss_raw.txt,2436,443312.000,GPS,15,0.0,0.0,32.0,是
0703002-0918-11-09-gnss_raw.txt,2436,443312.000,GPS,18,45.0,214.0,34.0,是
0703002-0918-11-09-gnss_raw.txt,2436,443312.000,GPS,20,0.0,0.0,30.0,是
0703002-0918-11-09-gnss_raw.txt,2436,443312.000,GPS,24,65.0,45.0,34.0,是
0703002-0918-11-09-gnss_raw.txt,2436,443312.000,GPS,32,0.0,0.0,26.0,是
0703002-0918-11-09-gnss_raw.txt,2436,443312.000,GLONASS,68,19.0,69.0,31.0,是
0703002-0918-11-09-gnss_raw.txt,2436,443312.000,GLONASS,69,45.0,17.0,28.0,是
0703002-0918-11-09-gnss_raw.txt,2436,443312.000,GLONASS,70,29.0,313.0,31.0,是
0703002-0918-11-09-gnss_raw.txt,2436,443312.000,GLONASS,79,47.0,92.0,36.0,是
0703002-0918-11-09-gnss_raw.txt,2436,443312.000,GLONASS,80,27.0,160.0,33.0,是
0703002-0918-11-09-gnss_raw.txt,2436,443312.000,GLONASS,84,35.0,240.0,31.0,是
0703002-0918-11-09-gnss_raw.txt,2436,443312.000,GLONASS,85,0.0,0.0,33.0,是
0703002-0918-11-09-gnss_raw.txt,2436,443312.000,Galileo,13,0.0,0.0,32.0,是
0703002-0918-11-09-gnss_raw.txt,2436,443312.000,Galileo,26,60.0,269.0,32.0,是
0703002-0918-11-09-gnss_raw.txt,2436,443312.000,Galileo,29,34.0,271.0,27.0,是
0703002-0918-11-09-gnss_raw.txt,2436,443312.000,QZSS,3,42.0,168.0,30.0,是
0703002-0918-11-09-gnss_raw.txt,2436,443312.000,QZSS,7,53.0,169.0,26.0,是
0703002-0918-11-09-gnss_raw.txt,2436,443312.000,BDS,1,48.0,147.0,28.0,是
0703002-0918-11-09-gnss_raw.txt,2436,443312.000,BDS,2,0.0,0.0,26.0,是
0703002-0918-11-09-gnss_raw.txt,2436,443312.000,BDS,3,0.0,0.0,31.0,是
0703002-0918-11-09-gnss_raw.txt,2436,443312.000,BDS,4,37.0,120.0,35.0,是
0703002-0918-11-09-gnss_raw.txt,2436,443312.000,BDS,6,69.0,39.0,32.0,是
0703002-0918-11-09-gnss_raw.txt,2436,443312.000,BDS,7,59.0,189.0,30.0,是
0703002-0918-11-09-gnss_raw.txt,2436,443312.000,BDS,10,49.0,190.0,30.0,是
0703002-0918-11-09-gnss_raw.txt,2436,443312.000,BDS,11,0.0,0.0,36.0,是
0703002-0918-11-09-gnss_raw.txt,2436,443312.000,BDS,20,58.0,30.0,33.0,是
0703002-0918-11-09-gnss_raw.txt,2436,443312.000,BDS,35,17.0,284.0,25.0,是
0703002-0918-11-09-gnss_raw.txt,2436,443312.000,BDS,37,46.0,76.0,30.0,是
0703002-0918-11-09-gnss_raw.txt,2436,443313.000,GPS,13,28.0,134.0,25.0,是
0703002-0918-11-09-gnss_raw.txt,2436,443313.000,GPS,15,0.0,0.0,32.0,是
0703002-0918-11-09-gnss_raw.txt,2436,443313.000,GPS,18,45.0,214.0,33.0,是
0703002-0918-11-09-gnss_raw.txt,2436,443313.000,GPS,20,0.0,0.0,23.0,是
0703002-0918-11-09-gnss_raw.txt,2436,443313.000,GPS,24,65.0,45.0,34.0,是
0703002-0918-11-09-gnss_raw.txt,2436,443313.000,GPS,32,0.0,0.0,27.0,是
0703002-0918-11-09-gnss_raw.txt,2436,443313.000,GLONASS,68,19.0,69.0,30.0,是
0703002-0918-11-09-gnss_raw.txt,2436,443313.000,GLONASS,69,45.0,17.0,28.0,是
0703002-0918-11-09-gnss_raw.txt,2436,443313.000,GLONASS,70,29.0,313.0,28.0,是
0703002-0918-11-09-gnss_raw.txt,2436,443313.000,GLONASS,79,47.0,92.0,34.0,是
0703002-0918-11-09-gnss_raw.txt,2436,443313.000,GLONASS,80,27.0,160.0,33.0,是
0703002-0918-11-09-gnss_raw.txt,2436,443313.000,GLONASS,84,35.0,240.0,28.0,是
0703002-0918-11-09-gnss_raw.txt,2436,443313.000,GLONASS,85,0.0,0.0,31.0,是
0703002-0918-11-09-gnss_raw.txt,2436,443313.000,Galileo,13,0.0,0.0,31.0,是
0703002-0918-11-09-gnss_raw.txt,2436,443313.000,Galileo,26,60.0,269.0,35.0,是
0703002-0918-11-09-gnss_raw.txt,2436,443313.000,Galileo,29,34.0,271.0,27.0,是
0703002-0918-11-09-gnss_raw.txt,2436,443313.000,QZSS,3,42.0,168.0,31.0,是
0703002-0918-11-09-gnss_raw.txt,2436,443313.000,QZSS,7,53.0,169.0,26.0,是
0703002-0918-11-09-gnss_raw.txt,2436,443313.000,BDS,1,48.0,147.0,25.0,是
0703002-0918-11-09-gnss_raw.txt,2436,443313.000,BDS,3,0.0,0.0,31.0,是
0703002-0918-11-09-gnss_raw.txt,2436,443313.000,BDS,4,37.0,120.0,32.0,是
0703002-0918-11-09-gnss_raw.txt,2436,443313.000,BDS,6,69.0,39.0,31.0,是
0703002-0918-11-09-gnss_raw.txt,2436,443313.000,BDS,7,59.0,189.0,31.0,是
0703002-0918-11-09-gnss_raw.txt,2436,443313.000,BDS,10,49.0,190.0,30.0,是
0703002-0918-11-09-gnss_raw.txt,2436,443313.000,BDS,11,0.0,0.0,36.0,是
0703002-0918-11-09-gnss_raw.txt,2436,443313.000,BDS,20,58.0,30.0,33.0,是
0703002-0918-11-09-gnss_raw.txt,2436,443313.000,BDS,35,17.0,284.0,25.0,是
0703002-0918-11-09-gnss_raw.txt,2436,443313.000,BDS,37,46.0,76.0,32.0,是
0703002-0918-11-09-gnss_raw.txt,2436,443314.000,GPS,13,0.0,0.0,25.0,是
0703002-0918-11-09-gnss_raw.txt,2436,443314.000,GPS,15,0.0,0.0,32.0,是
0703002-0918-11-09-gnss_raw.txt,2436,443314.000,GPS,18,45.0,214.0,33.0,是
0703002-0918-11-09-gnss_raw.txt,2436,443314.000,GPS,20,0.0,0.0,17.0,是
0703002-0918-11-09-gnss_raw.txt,2436,443314.000,GPS,24,65.0,45.0,34.0,是
0703002-0918-11-09-gnss_raw.txt,2436,443314.000,GPS,32,0.0,0.0,26.0,是
0703002-0918-11-09-gnss_raw.txt,2436,443314.000,GLONASS,68,19.0,69.0,30.0,是
0703002-0918-11-09-gnss_raw.txt,2436,443314.000,GLONASS,69,45.0,17.0,28.0,是
0703002-0918-11-09-gnss_raw.txt,2436,443314.000,GLONASS,70,29.0,313.0,31.0,是
0703002-0918-11-09-gnss_raw.txt,2436,443314.000,GLONASS,79,47.0,92.0,36.0,是
0703002-0918-11-09-gnss_raw.txt,2436,443314.000,GLONASS,80,27.0,160.0,33.0,是
0703002-0918-11-09-gnss_raw.txt,2436,443314.000,GLONASS,84,35.0,240.0,34.0,是
0703002-0918-11-09-gnss_raw.txt,2436,443314.000,GLONASS,85,0.0,0.0,33.0,是
0703002-0918-11-09-gnss_raw.txt,2436,443314.000,Galileo,13,0.0,0.0,31.0,是
0703002-0918-11-09-gnss_raw.txt,2436,443314.000,Galileo,26,60.0,269.0,31.0,是
0703002-0918-11-09-gnss_raw.txt,2436,443314.000,Galileo,29,34.0,271.0,28.0,是
0703002-0918-11-09-gnss_raw.txt,2436,443314.000,QZSS,3,42.0,168.0,32.0,是
0703002-0918-11-09-gnss_raw.txt,2436,443314.000,QZSS,7,53.0,169.0,26.0,是
0703002-0918-11-09-gnss_raw.txt,2436,443314.000,BDS,1,48.0,147.0,27.0,是
0703002-0918-11-09-gnss_raw.txt,2436,443314.000,BDS,2,0.0,0.0,25.0,是
0703002-0918-11-09-gnss_raw.txt,2436,443314.000,BDS,3,0.0,0.0,31.0,是
0703002-0918-11-09-gnss_raw.txt,2436,443314.000,BDS,4,37.0,120.0,33.0,是
0703002-0918-11-09-gnss_raw.txt,2436,443314.000,BDS,6,69.0,39.0,32.0,是
0703002-0918-11-09-gnss_raw.txt,2436,443314.000,BDS,7,59.0,189.0,31.0,是
0703002-0918-11-09-gnss_raw.txt,2436,443314.000,BDS,10,49.0,190.0,30.0,是
0703002-0918-11-09-gnss_raw.txt,2436,443314.000,BDS,11,0.0,0.0,36.0,是
0703002-0918-11-09-gnss_raw.txt,2436,443314.000,BDS,20,58.0,30.0,33.0,是
0703002-0918-11-09-gnss_raw.txt,2436,443314.000,BDS,35,17.0,284.0,25.0,是
0703002-0918-11-09-gnss_raw.txt,2436,443314.000,BDS,37,46.0,76.0,32.0,是
0703002-0918-11-09-gnss_raw.txt,2436,443315.000,GPS,13,0.0,0.0,23.0,是
0703002-0918-11-09-gnss_raw.txt,2436,443315.000,GPS,15,0.0,0.0,32.0,是
0703002-0918-11-09-gnss_raw.txt,2436,443315.000,GPS,18,45.0,214.0,33.0,是
0703002-0918-11-09-gnss_raw.txt,2436,443315.000,GPS,20,0.0,0.0,18.0,是
0703002-0918-11-09-gnss_raw.txt,2436,443315.000,GPS,24,65.0,45.0,34.0,是
0703002-0918-11-09-gnss_raw.txt,2436,443315.000,GPS,32,0.0,0.0,27.0,是
0703002-0918-11-09-gnss_raw.txt,2436,443315.000,GLONASS,68,19.0,69.0,26.0,是
0703002-0918-11-09-gnss_raw.txt,2436,443315.000,GLONASS,69,45.0,17.0,30.0,是
0703002-0918-11-09-gnss_raw.txt,2436,443315.000,GLONASS,70,29.0,313.0,31.0,是
0703002-0918-11-09-gnss_raw.txt,2436,443315.000,GLONASS,79,47.0,92.0,35.0,是
0703002-0918-11-09-gnss_raw.txt,2436,443315.000,GLONASS,80,27.0,160.0,33.0,是
0703002-0918-11-09-gnss_raw.txt,2436,443315.000,GLONASS,84,35.0,240.0,33.0,是
0703002-0918-11-09-gnss_raw.txt,2436,443315.000,GLONASS,85,0.0,0.0,32.0,是
0703002-0918-11-09-gnss_raw.txt,2436,443315.000,Galileo,13,0.0,0.0,31.0,是
0703002-0918-11-09-gnss_raw.txt,2436,443315.000,Galileo,26,60.0,269.0,32.0,是
0703002-0918-11-09-gnss_raw.txt,2436,443315.000,Galileo,29,34.0,271.0,29.0,是
0703002-0918-11-09-gnss_raw.txt,2436,443315.000,QZSS,3,42.0,168.0,31.0,是
0703002-0918-11-09-gnss_raw.txt,2436,443315.000,QZSS,7,53.0,169.0,25.0,是
0703002-0918-11-09-gnss_raw.txt,2436,443315.000,BDS,3,0.0,0.0,31.0,是
0703002-0918-11-09-gnss_raw.txt,2436,443315.000,BDS,4,0.0,0.0,26.0,是
0703002-0918-11-09-gnss_raw.txt,2436,443315.000,BDS,6,69.0,39.0,32.0,是
0703002-0918-11-09-gnss_raw.txt,2436,443315.000,BDS,7,59.0,189.0,31.0,是
0703002-0918-11-09-gnss_raw.txt,2436,443315.000,BDS,10,49.0,190.0,30.0,是
0703002-0918-11-09-gnss_raw.txt,2436,443315.000,BDS,11,0.0,0.0,35.0,是
0703002-0918-11-09-gnss_raw.txt,2436,443315.000,BDS,20,58.0,30.0,34.0,是
0703002-0918-11-09-gnss_raw.txt,2436,443315.000,BDS,35,17.0,284.0,25.0,是
0703002-0918-11-09-gnss_raw.txt,2436,443315.000,BDS,37,46.0,76.0,31.0,是
0703002-0918-11-09-gnss_raw.txt,2436,443316.000,GPS,13,28.0,134.0,24.0,是
0703002-0918-11-09-gnss_raw.txt,2436,443316.000,GPS,15,0.0,0.0,32.0,是
0703002-0918-11-09-gnss_raw.txt,2436,443316.000,GPS,18,45.0,214.0,33.0,是
0703002-0918-11-09-gnss_raw.txt,2436,443316.000,GPS,20,0.0,0.0,18.0,是
0703002-0918-11-09-gnss_raw.txt,2436,443316.000,GPS,24,65.0,45.0,34.0,是
0703002-0918-11-09-gnss_raw.txt,2436,443316.000,GPS,32,0.0,0.0,29.0,是
0703002-0918-11-09-gnss_raw.txt,2436,443316.000,GLONASS,68,19.0,69.0,28.0,是
0703002-0918-11-09-gnss_raw.txt,2436,443316.000,GLONASS,69,45.0,17.0,34.0,是
0703002-0918-11-09-gnss_raw.txt,2436,443316.000,GLONASS,70,29.0,313.0,29.0,是
0703002-0918-11-09-gnss_raw.txt,2436,443316.000,GLONASS,79,47.0,92.0,33.0,是
0703002-0918-11-09-gnss_raw.txt,2436,443316.000,GLONASS,80,27.0,160.0,32.0,是
0703002-0918-11-09-gnss_raw.txt,2436,443316.000,GLONASS,84,35.0,240.0,31.0,是
0703002-0918-11-09-gnss_raw.txt,2436,443316.000,GLONASS,85,0.0,0.0,33.0,是
0703002-0918-11-09-gnss_raw.txt,2436,443316.000,Galileo,13,0.0,0.0,33.0,是
0703002-0918-11-09-gnss_raw.txt,2436,443316.000,Galileo,26,60.0,269.0,34.0,是
0703002-0918-11-09-gnss_raw.txt,2436,443316.000,Galileo,29,34.0,271.0,28.0,是
0703002-0918-11-09-gnss_raw.txt,2436,443316.000,QZSS,3,42.0,168.0,30.0,是
0703002-0918-11-09-gnss_raw.txt,2436,443316.000,QZSS,7,53.0,169.0,24.0,是
0703002-0918-11-09-gnss_raw.txt,2436,443316.000,BDS,1,48.0,147.0,38.0,是
0703002-0918-11-09-gnss_raw.txt,2436,443316.000,BDS,3,0.0,0.0,30.0,是
0703002-0918-11-09-gnss_raw.txt,2436,443316.000,BDS,4,37.0,120.0,33.0,是
0703002-0918-11-09-gnss_raw.txt,2436,443316.000,BDS,6,69.0,39.0,32.0,是
0703002-0918-11-09-gnss_raw.txt,2436,443316.000,BDS,7,59.0,189.0,31.0,是
0703002-0918-11-09-gnss_raw.txt,2436,443316.000,BDS,10,49.0,190.0,30.0,是
0703002-0918-11-09-gnss_raw.txt,2436,443316.000,BDS,11,0.0,0.0,21.0,是
0703002-0918-11-09-gnss_raw.txt,2436,443316.000,BDS,20,58.0,30.0,34.0,是
0703002-0918-11-09-gnss_raw.txt,2436,443316.000,BDS,35,17.0,284.0,25.0,是
0703002-0918-11-09-gnss_raw.txt,2436,443316.000,BDS,37,46.0,76.0,28.0,是
0703002-0918-11-09-gnss_raw.txt,2436,443317.000,GPS,13,28.0,134.0,23.0,是
0703002-0918-11-09-gnss_raw.txt,2436,443317.000,GPS,15,0.0,0.0,32.0,是
0703002-0918-11-09-gnss_raw.txt,2436,443317.000,GPS,18,45.0,214.0,33.0,是
0703002-0918-11-09-gnss_raw.txt,2436,443317.000,GPS,20,0.0,0.0,21.0,是
0703002-0918-11-09-gnss_raw.txt,2436,443317.000,GPS,24,65.0,45.0,34.0,是
0703002-0918-11-09-gnss_raw.txt,2436,443317.000,GPS,32,0.0,0.0,29.0,是
0703002-0918-11-09-gnss_raw.txt,2436,443317.000,GLONASS,68,19.0,69.0,30.0,是
0703002-0918-11-09-gnss_raw.txt,2436,443317.000,GLONASS,69,45.0,17.0,35.0,是
0703002-0918-11-09-gnss_raw.txt,2436,443317.000,GLONASS,70,29.0,313.0,27.0,是
0703002-0918-11-09-gnss_raw.txt,2436,443317.000,GLONASS,79,47.0,92.0,30.0,是
0703002-0918-11-09-gnss_raw.txt,2436,443317.000,GLONASS,80,27.0,160.0,32.0,是
0703002-0918-11-09-gnss_raw.txt,2436,443317.000,GLONASS,84,35.0,239.0,29.0,是
0703002-0918-11-09-gnss_raw.txt,2436,443317.000,GLONASS,85,0.0,0.0,29.0,是
0703002-0918-11-09-gnss_raw.txt,2436,443317.000,Galileo,13,0.0,0.0,32.0,是
0703002-0918-11-09-gnss_raw.txt,2436,443317.000,Galileo,26,60.0,269.0,33.0,是
0703002-0918-11-09-gnss_raw.txt,2436,443317.000,Galileo,29,34.0,271.0,32.0,是
0703002-0918-11-09-gnss_raw.txt,2436,443317.000,QZSS,3,42.0,168.0,30.0,是
0703002-0918-11-09-gnss_raw.txt,2436,443317.000,QZSS,7,53.0,169.0,25.0,是
0703002-0918-11-09-gnss_raw.txt,2436,443317.000,BDS,1,48.0,147.0,36.0,是
0703002-0918-11-09-gnss_raw.txt,2436,443317.000,BDS,3,0.0,0.0,32.0,是
0703002-0918-11-09-gnss_raw.txt,2436,443317.000,BDS,4,37.0,120.0,26.0,是
0703002-0918-11-09-gnss_raw.txt,2436,443317.000,BDS,6,69.0,39.0,32.0,是
0703002-0918-11-09-gnss_raw.txt,2436,443317.000,BDS,7,59.0,189.0,32.0,是
0703002-0918-11-09-gnss_raw.txt,2436,443317.000,BDS,10,49.0,190.0,30.0,是
0703002-0918-11-09-gnss_raw.txt,2436,443317.000,BDS,11,0.0,0.0,19.0,是
0703002-0918-11-09-gnss_raw.txt,2436,443317.000,BDS,20,58.0,30.0,33.0,是
0703002-0918-11-09-gnss_raw.txt,2436,443317.000,BDS,35,17.0,284.0,25.0,是
0703002-0918-11-09-gnss_raw.txt,2436,443317.000,BDS,37,46.0,76.0,29.0,是
0703002-0918-11-09-gnss_raw.txt,2436,443318.000,GPS,13,28.0,134.0,25.0,是
0703002-0918-11-09-gnss_raw.txt,2436,443318.000,GPS,15,0.0,0.0,32.0,是
0703002-0918-11-09-gnss_raw.txt,2436,443318.000,GPS,18,45.0,214.0,33.0,是
0703002-0918-11-09-gnss_raw.txt,2436,443318.000,GPS,20,0.0,0.0,26.0,是
0703002-0918-11-09-gnss_raw.txt,2436,443318.000,GPS,24,65.0,45.0,34.0,是
0703002-0918-11-09-gnss_raw.txt,2436,443318.000,GPS,32,0.0,0.0,28.0,是
0703002-0918-11-09-gnss_raw.txt,2436,443318.000,GLONASS,68,19.0,69.0,30.0,是
0703002-0918-11-09-gnss_raw.txt,2436,443318.000,GLONASS,69,45.0,17.0,36.0,是
0703002-0918-11-09-gnss_raw.txt,2436,443318.000,GLONASS,70,29.0,313.0,27.0,是
0703002-0918-11-09-gnss_raw.txt,2436,443318.000,GLONASS,79,47.0,92.0,30.0,是
0703002-0918-11-09-gnss_raw.txt,2436,443318.000,GLONASS,80,27.0,160.0,34.0,是
0703002-0918-11-09-gnss_raw.txt,2436,443318.000,GLONASS,84,35.0,239.0,30.0,是
0703002-0918-11-09-gnss_raw.txt,2436,443318.000,GLONASS,85,0.0,0.0,29.0,是
0703002-0918-11-09-gnss_raw.txt,2436,443318.000,Galileo,13,0.0,0.0,32.0,是
0703002-0918-11-09-gnss_raw.txt,2436,443318.000,Galileo,26,60.0,269.0,33.0,是
0703002-0918-11-09-gnss_raw.txt,2436,443318.000,Galileo,29,34.0,271.0,32.0,是
0703002-0918-11-09-gnss_raw.txt,2436,443318.000,QZSS,3,42.0,168.0,30.0,是
0703002-0918-11-09-gnss_raw.txt,2436,443318.000,QZSS,7,53.0,169.0,26.0,是
0703002-0918-11-09-gnss_raw.txt,2436,443318.000,BDS,1,48.0,147.0,35.0,是
0703002-0918-11-09-gnss_raw.txt,2436,443318.000,BDS,3,0.0,0.0,31.0,是
0703002-0918-11-09-gnss_raw.txt,2436,443318.000,BDS,4,0.0,0.0,27.0,是
0703002-0918-11-09-gnss_raw.txt,2436,443318.000,BDS,6,69.0,39.0,32.0,是
0703002-0918-11-09-gnss_raw.txt,2436,443318.000,BDS,7,59.0,189.0,32.0,是
0703002-0918-11-09-gnss_raw.txt,2436,443318.000,BDS,10,49.0,190.0,30.0,是
0703002-0918-11-09-gnss_raw.txt,2436,443318.000,BDS,11,0.0,0.0,23.0,是
0703002-0918-11-09-gnss_raw.txt,2436,443318.000,BDS,20,58.0,30.0,32.0,是
0703002-0918-11-09-gnss_raw.txt,2436,443318.000,BDS,35,17.0,284.0,23.0,是
0703002-0918-11-09-gnss_raw.txt,2436,443318.000,BDS,37,46.0,76.0,30.0,是
0703002-0918-11-09-gnss_raw.txt,2436,443319.000,GPS,13,0.0,0.0,26.0,是
0703002-0918-11-09-gnss_raw.txt,2436,443319.000,GPS,15,0.0,0.0,32.0,是
0703002-0918-11-09-gnss_raw.txt,2436,443319.000,GPS,18,45.0,214.0,33.0,是
0703002-0918-11-09-gnss_raw.txt,2436,443319.000,GPS,20,0.0,0.0,29.0,是
0703002-0918-11-09-gnss_raw.txt,2436,443319.000,GPS,24,65.0,45.0,34.0,是
0703002-0918-11-09-gnss_raw.txt,2436,443319.000,GPS,32,0.0,0.0,25.0,是
0703002-0918-11-09-gnss_raw.txt,2436,443319.000,GLONASS,68,19.0,69.0,31.0,是
0703002-0918-11-09-gnss_raw.txt,2436,443319.000,GLONASS,69,45.0,17.0,32.0,是
0703002-0918-11-09-gnss_raw.txt,2436,443319.000,GLONASS,70,29.0,313.0,29.0,是
0703002-0918-11-09-gnss_raw.txt,2436,443319.000,GLONASS,79,47.0,92.0,33.0,是
0703002-0918-11-09-gnss_raw.txt,2436,443319.000,GLONASS,80,27.0,160.0,35.0,是
0703002-0918-11-09-gnss_raw.txt,2436,443319.000,GLONASS,84,35.0,239.0,27.0,是
0703002-0918-11-09-gnss_raw.txt,2436,443319.000,GLONASS,85,0.0,0.0,29.0,是
0703002-0918-11-09-gnss_raw.txt,2436,443319.000,Galileo,13,0.0,0.0,33.0,是
0703002-0918-11-09-gnss_raw.txt,2436,443319.000,Galileo,26,60.0,269.0,34.0,是
0703002-0918-11-09-gnss_raw.txt,2436,443319.000,Galileo,29,0.0,0.0,30.0,是
0703002-0918-11-09-gnss_raw.txt,2436,443319.000,QZSS,3,42.0,168.0,31.0,是
0703002-0918-11-09-gnss_raw.txt,2436,443319.000,QZSS,7,53.0,169.0,26.0,是
0703002-0918-11-09-gnss_raw.txt,2436,443319.000,BDS,1,48.0,147.0,33.0,是
0703002-0918-11-09-gnss_raw.txt,2436,443319.000,BDS,3,0.0,0.0,32.0,是
0703002-0918-11-09-gnss_raw.txt,2436,443319.000,BDS,4,37.0,120.0,34.0,是
0703002-0918-11-09-gnss_raw.txt,2436,443319.000,BDS,6,69.0,39.0,32.0,是
0703002-0918-11-09-gnss_raw.txt,2436,443319.000,BDS,7,59.0,189.0,32.0,是
0703002-0918-11-09-gnss_raw.txt,2436,443319.000,BDS,10,49.0,190.0,30.0,是
0703002-0918-11-09-gnss_raw.txt,2436,443319.000,BDS,11,0.0,0.0,23.0,是
0703002-0918-11-09-gnss_raw.txt,2436,443319.000,BDS,20,58.0,30.0,33.0,是
0703002-0918-11-09-gnss_raw.txt,2436,443319.000,BDS,35,17.0,284.0,24.0,是
0703002-0918-11-09-gnss_raw.txt,2436,443319.000,BDS,37,46.0,76.0,31.0,是
0703002-0918-11-09-gnss_raw.txt,2436,443320.000,GPS,13,28.0,134.0,27.0,是
0703002-0918-11-09-gnss_raw.txt,2436,443320.000,GPS,15,0.0,0.0,32.0,是
0703002-0918-11-09-gnss_raw.txt,2436,443320.000,GPS,18,45.0,214.0,33.0,是
0703002-0918-11-09-gnss_raw.txt,2436,443320.000,GPS,20,0.0,0.0,29.0,是
0703002-0918-11-09-gnss_raw.txt,2436,443320.000,GPS,24,65.0,45.0,34.0,是
0703002-0918-11-09-gnss_raw.txt,2436,443320.000,GPS,32,0.0,0.0,23.0,是
0703002-0918-11-09-gnss_raw.txt,2436,443320.000,GLONASS,68,0.0,0.0,28.0,是
0703002-0918-11-09-gnss_raw.txt,2436,443320.000,GLONASS,69,45.0,17.0,31.0,是
0703002-0918-11-09-gnss_raw.txt,2436,443320.000,GLONASS,70,29.0,313.0,31.0,是
0703002-0918-11-09-gnss_raw.txt,2436,443320.000,GLONASS,79,47.0,92.0,30.0,是
0703002-0918-11-09-gnss_raw.txt,2436,443320.000,GLONASS,80,27.0,160.0,33.0,是
0703002-0918-11-09-gnss_raw.txt,2436,443320.000,GLONASS,84,35.0,239.0,29.0,是
0703002-0918-11-09-gnss_raw.txt,2436,443320.000,GLONASS,85,0.0,0.0,31.0,是
0703002-0918-11-09-gnss_raw.txt,2436,443320.000,Galileo,13,0.0,0.0,33.0,是
0703002-0918-11-09-gnss_raw.txt,2436,443320.000,Galileo,26,60.0,269.0,29.0,是
0703002-0918-11-09-gnss_raw.txt,2436,443320.000,Galileo,29,34.0,271.0,29.0,是
0703002-0918-11-09-gnss_raw.txt,2436,443320.000,QZSS,3,42.0,168.0,32.0,是
0703002-0918-11-09-gnss_raw.txt,2436,443320.000,QZSS,7,53.0,169.0,27.0,是
0703002-0918-11-09-gnss_raw.txt,2436,443320.000,BDS,1,48.0,147.0,31.0,是
0703002-0918-11-09-gnss_raw.txt,2436,443320.000,BDS,3,0.0,0.0,32.0,是
0703002-0918-11-09-gnss_raw.txt,2436,443320.000,BDS,4,37.0,120.0,31.0,是
0703002-0918-11-09-gnss_raw.txt,2436,443320.000,BDS,6,69.0,39.0,32.0,是
0703002-0918-11-09-gnss_raw.txt,2436,443320.000,BDS,7,59.0,189.0,32.0,是
0703002-0918-11-09-gnss_raw.txt,2436,443320.000,BDS,10,49.0,190.0,31.0,是
0703002-0918-11-09-gnss_raw.txt,2436,443320.000,BDS,11,0.0,0.0,22.0,是
0703002-0918-11-09-gnss_raw.txt,2436,443320.000,BDS,20,58.0,30.0,33.0,是
0703002-0918-11-09-gnss_raw.txt,2436,443320.000,BDS,35,17.0,284.0,24.0,是
0703002-0918-11-09-gnss_raw.txt,2436,443320.000,BDS,37,46.0,76.0,31.0,是
0703002-0918-11-09-gnss_raw.txt,2436,443321.000,GPS,13,28.0,134.0,29.0,是
0703002-0918-11-09-gnss_raw.txt,2436,443321.000,GPS,15,0.0,0.0,32.0,是
0703002-0918-11-09-gnss_raw.txt,2436,443321.000,GPS,18,45.0,214.0,33.0,是
0703002-0918-11-09-gnss_raw.txt,2436,443321.000,GPS,20,0.0,0.0,25.0,是
0703002-0918-11-09-gnss_raw.txt,2436,443321.000,GPS,24,65.0,45.0,34.0,是
0703002-0918-11-09-gnss_raw.txt,2436,443321.000,GPS,32,0.0,0.0,21.0,是
0703002-0918-11-09-gnss_raw.txt,2436,443321.000,GLONASS,68,0.0,0.0,24.0,是
0703002-0918-11-09-gnss_raw.txt,2436,443321.000,GLONASS,69,45.0,17.0,28.0,是
0703002-0918-11-09-gnss_raw.txt,2436,443321.000,GLONASS,70,29.0,313.0,32.0,是
0703002-0918-11-09-gnss_raw.txt,2436,443321.000,GLONASS,79,47.0,92.0,27.0,是
0703002-0918-11-09-gnss_raw.txt,2436,443321.000,GLONASS,80,27.0,160.0,33.0,是
0703002-0918-11-09-gnss_raw.txt,2436,443321.000,GLONASS,84,35.0,239.0,29.0,是
0703002-0918-11-09-gnss_raw.txt,2436,443321.000,GLONASS,85,0.0,0.0,30.0,是
0703002-0918-11-09-gnss_raw.txt,2436,443321.000,Galileo,13,0.0,0.0,32.0,是
0703002-0918-11-09-gnss_raw.txt,2436,443321.000,Galileo,26,60.0,269.0,33.0,是
0703002-0918-11-09-gnss_raw.txt,2436,443321.000,Galileo,29,34.0,271.0,30.0,是
0703002-0918-11-09-gnss_raw.txt,2436,443321.000,QZSS,3,42.0,168.0,31.0,是
0703002-0918-11-09-gnss_raw.txt,2436,443321.000,QZSS,7,53.0,169.0,27.0,是
0703002-0918-11-09-gnss_raw.txt,2436,443321.000,BDS,1,48.0,147.0,29.0,是
0703002-0918-11-09-gnss_raw.txt,2436,443321.000,BDS,3,0.0,0.0,30.0,是
0703002-0918-11-09-gnss_raw.txt,2436,443321.000,BDS,4,37.0,120.0,30.0,是
0703002-0918-11-09-gnss_raw.txt,2436,443321.000,BDS,6,69.0,39.0,32.0,是
0703002-0918-11-09-gnss_raw.txt,2436,443321.000,BDS,7,59.0,189.0,32.0,是
0703002-0918-11-09-gnss_raw.txt,2436,443321.000,BDS,10,49.0,190.0,30.0,是
0703002-0918-11-09-gnss_raw.txt,2436,443321.000,BDS,11,0.0,0.0,20.0,是
0703002-0918-11-09-gnss_raw.txt,2436,443321.000,BDS,20,58.0,30.0,33.0,是
0703002-0918-11-09-gnss_raw.txt,2436,443321.000,BDS,35,17.0,284.0,23.0,是
0703002-0918-11-09-gnss_raw.txt,2436,443321.000,BDS,37,46.0,76.0,31.0,是
0703002-0918-11-09-gnss_raw.txt,2436,443322.000,GPS,13,28.0,134.0,30.0,是
0703002-0918-11-09-gnss_raw.txt,2436,443322.000,GPS,15,0.0,0.0,32.0,是
0703002-0918-11-09-gnss_raw.txt,2436,443322.000,GPS,18,45.0,214.0,33.0,是
0703002-0918-11-09-gnss_raw.txt,2436,443322.000,GPS,20,0.0,0.0,21.0,是
0703002-0918-11-09-gnss_raw.txt,2436,443322.000,GPS,24,65.0,45.0,34.0,是
0703002-0918-11-09-gnss_raw.txt,2436,443322.000,GPS,32,0.0,0.0,22.0,是
0703002-0918-11-09-gnss_raw.txt,2436,443322.000,GLONASS,68,19.0,69.0,29.0,是
0703002-0918-11-09-gnss_raw.txt,2436,443322.000,GLONASS,69,45.0,17.0,22.0,是
0703002-0918-11-09-gnss_raw.txt,2436,443322.000,GLONASS,70,29.0,313.0,25.0,是
0703002-0918-11-09-gnss_raw.txt,2436,443322.000,GLONASS,79,47.0,92.0,31.0,是
0703002-0918-11-09-gnss_raw.txt,2436,443322.000,GLONASS,80,27.0,160.0,35.0,是
0703002-0918-11-09-gnss_raw.txt,2436,443322.000,GLONASS,84,35.0,239.0,26.0,是
0703002-0918-11-09-gnss_raw.txt,2436,443322.000,GLONASS,85,0.0,0.0,28.0,是
0703002-0918-11-09-gnss_raw.txt,2436,443322.000,Galileo,13,0.0,0.0,32.0,是
0703002-0918-11-09-gnss_raw.txt,2436,443322.000,Galileo,26,60.0,269.0,34.0,是
0703002-0918-11-09-gnss_raw.txt,2436,443322.000,Galileo,29,34.0,271.0,29.0,是
0703002-0918-11-09-gnss_raw.txt,2436,443322.000,QZSS,3,42.0,168.0,31.0,是
0703002-0918-11-09-gnss_raw.txt,2436,443322.000,QZSS,7,53.0,169.0,27.0,是
0703002-0918-11-09-gnss_raw.txt,2436,443322.000,BDS,1,48.0,147.0,30.0,是
0703002-0918-11-09-gnss_raw.txt,2436,443322.000,BDS,3,0.0,0.0,31.0,是
0703002-0918-11-09-gnss_raw.txt,2436,443322.000,BDS,4,37.0,120.0,29.0,是
0703002-0918-11-09-gnss_raw.txt,2436,443322.000,BDS,6,69.0,39.0,32.0,是
0703002-0918-11-09-gnss_raw.txt,2436,443322.000,BDS,7,59.0,189.0,32.0,是
0703002-0918-11-09-gnss_raw.txt,2436,443322.000,BDS,10,49.0,190.0,30.0,是
0703002-0918-11-09-gnss_raw.txt,2436,443322.000,BDS,11,0.0,0.0,20.0,是
0703002-0918-11-09-gnss_raw.txt,2436,443322.000,BDS,20,58.0,30.0,32.0,是
0703002-0918-11-09-gnss_raw.txt,2436,443322.000,BDS,35,17.0,284.0,21.0,是
0703002-0918-11-09-gnss_raw.txt,2436,443322.000,BDS,37,46.0,76.0,29.0,是
0703002-0918-11-09-gnss_raw.txt,2436,443323.000,GPS,13,28.0,134.0,31.0,是
0703002-0918-11-09-gnss_raw.txt,2436,443323.000,GPS,15,0.0,0.0,32.0,是
0703002-0918-11-09-gnss_raw.txt,2436,443323.000,GPS,18,45.0,214.0,33.0,是
0703002-0918-11-09-gnss_raw.txt,2436,443323.000,GPS,20,0.0,0.0,19.0,是
0703002-0918-11-09-gnss_raw.txt,2436,443323.000,GPS,24,65.0,45.0,34.0,是
0703002-0918-11-09-gnss_raw.txt,2436,443323.000,GPS,32,0.0,0.0,24.0,是
0703002-0918-11-09-gnss_raw.txt,2436,443323.000,GLONASS,68,0.0,0.0,25.0,是
0703002-0918-11-09-gnss_raw.txt,2436,443323.000,GLONASS,69,45.0,17.0,24.0,是
0703002-0918-11-09-gnss_raw.txt,2436,443323.000,GLONASS,70,29.0,313.0,28.0,是
0703002-0918-11-09-gnss_raw.txt,2436,443323.000,GLONASS,79,47.0,92.0,34.0,是
0703002-0918-11-09-gnss_raw.txt,2436,443323.000,GLONASS,80,27.0,160.0,34.0,是
0703002-0918-11-09-gnss_raw.txt,2436,443323.000,GLONASS,84,35.0,239.0,27.0,是
0703002-0918-11-09-gnss_raw.txt,2436,443323.000,GLONASS,85,0.0,0.0,33.0,是
0703002-0918-11-09-gnss_raw.txt,2436,443323.000,Galileo,13,0.0,0.0,32.0,是
0703002-0918-11-09-gnss_raw.txt,2436,443323.000,Galileo,26,60.0,269.0,35.0,是
0703002-0918-11-09-gnss_raw.txt,2436,443323.000,Galileo,29,34.0,271.0,31.0,是
0703002-0918-11-09-gnss_raw.txt,2436,443323.000,QZSS,3,42.0,168.0,31.0,是
0703002-0918-11-09-gnss_raw.txt,2436,443323.000,QZSS,7,53.0,169.0,27.0,是
0703002-0918-11-09-gnss_raw.txt,2436,443323.000,BDS,1,48.0,147.0,30.0,是
0703002-0918-11-09-gnss_raw.txt,2436,443323.000,BDS,3,0.0,0.0,31.0,是
0703002-0918-11-09-gnss_raw.txt,2436,443323.000,BDS,4,37.0,120.0,31.0,是
0703002-0918-11-09-gnss_raw.txt,2436,443323.000,BDS,6,69.0,39.0,31.0,是
0703002-0918-11-09-gnss_raw.txt,2436,443323.000,BDS,7,59.0,189.0,32.0,是
0703002-0918-11-09-gnss_raw.txt,2436,443323.000,BDS,10,49.0,190.0,30.0,是
0703002-0918-11-09-gnss_raw.txt,2436,443323.000,BDS,11,0.0,0.0,22.0,是
0703002-0918-11-09-gnss_raw.txt,2436,443323.000,BDS,20,58.0,30.0,32.0,是
0703002-0918-11-09-gnss_raw.txt,2436,443323.000,BDS,35,17.0,284.0,23.0,是
0703002-0918-11-09-gnss_raw.txt,2436,443323.000,BDS,37,46.0,76.0,30.0,是
0703002-0918-11-09-gnss_raw.txt,2436,443324.000,GPS,13,28.0,134.0,32.0,是
0703002-0918-11-09-gnss_raw.txt,2436,443324.000,GPS,15,0.0,0.0,31.0,是
0703002-0918-11-09-gnss_raw.txt,2436,443324.000,GPS,18,45.0,214.0,32.0,是
0703002-0918-11-09-gnss_raw.txt,2436,443324.000,GPS,20,0.0,0.0,22.0,是
0703002-0918-11-09-gnss_raw.txt,2436,443324.000,GPS,24,65.0,45.0,33.0,是
0703002-0918-11-09-gnss_raw.txt,2436,443324.000,GPS,32,0.0,0.0,25.0,是
0703002-0918-11-09-gnss_raw.txt,2436,443324.000,GLONASS,68,0.0,0.0,20.0,是
0703002-0918-11-09-gnss_raw.txt,2436,443324.000,GLONASS,69,0.0,0.0,24.0,是
0703002-0918-11-09-gnss_raw.txt,2436,443324.000,GLONASS,70,29.0,313.0,32.0,是
0703002-0918-11-09-gnss_raw.txt,2436,443324.000,GLONASS,79,47.0,92.0,33.0,是
0703002-0918-11-09-gnss_raw.txt,2436,443324.000,GLONASS,80,27.0,160.0,33.0,是
0703002-0918-11-09-gnss_raw.txt,2436,443324.000,GLONASS,84,35.0,239.0,29.0,是
0703002-0918-11-09-gnss_raw.txt,2436,443324.000,GLONASS,85,0.0,0.0,34.0,是
0703002-0918-11-09-gnss_raw.txt,2436,443324.000,Galileo,13,0.0,0.0,31.0,是
0703002-0918-11-09-gnss_raw.txt,2436,443324.000,Galileo,26,60.0,269.0,33.0,是
0703002-0918-11-09-gnss_raw.txt,2436,443324.000,Galileo,29,34.0,272.0,32.0,是
0703002-0918-11-09-gnss_raw.txt,2436,443324.000,QZSS,3,42.0,168.0,32.0,是
0703002-0918-11-09-gnss_raw.txt,2436,443324.000,QZSS,7,53.0,169.0,27.0,是
0703002-0918-11-09-gnss_raw.txt,2436,443324.000,BDS,1,48.0,147.0,29.0,是
0703002-0918-11-09-gnss_raw.txt,2436,443324.000,BDS,3,0.0,0.0,28.0,是
0703002-0918-11-09-gnss_raw.txt,2436,443324.000,BDS,4,37.0,120.0,30.0,是
0703002-0918-11-09-gnss_raw.txt,2436,443324.000,BDS,6,69.0,39.0,31.0,是
0703002-0918-11-09-gnss_raw.txt,2436,443324.000,BDS,7,59.0,189.0,32.0,是
0703002-0918-11-09-gnss_raw.txt,2436,443324.000,BDS,10,49.0,190.0,30.0,是
0703002-0918-11-09-gnss_raw.txt,2436,443324.000,BDS,11,0.0,0.0,20.0,是
0703002-0918-11-09-gnss_raw.txt,2436,443324.000,BDS,20,58.0,30.0,29.0,是
0703002-0918-11-09-gnss_raw.txt,2436,443324.000,BDS,35,17.0,284.0,25.0,是
0703002-0918-11-09-gnss_raw.txt,2436,443324.000,BDS,37,46.0,76.0,31.0,是
0703002-0918-11-09-gnss_raw.txt,2436,443325.000,GPS,13,28.0,134.0,32.0,是
0703002-0918-11-09-gnss_raw.txt,2436,443325.000,GPS,15,0.0,0.0,32.0,是
0703002-0918-11-09-gnss_raw.txt,2436,443325.000,GPS,18,45.0,214.0,32.0,是
0703002-0918-11-09-gnss_raw.txt,2436,443325.000,GPS,20,0.0,0.0,21.0,是
0703002-0918-11-09-gnss_raw.txt,2436,443325.000,GPS,24,65.0,45.0,33.0,是
0703002-0918-11-09-gnss_raw.txt,2436,443325.000,GPS,32,0.0,0.0,24.0,是
0703002-0918-11-09-gnss_raw.txt,2436,443325.000,GLONASS,68,19.0,69.0,24.0,是
0703002-0918-11-09-gnss_raw.txt,2436,443325.000,GLONASS,69,0.0,0.0,22.0,是
0703002-0918-11-09-gnss_raw.txt,2436,443325.000,GLONASS,70,29.0,313.0,33.0,是
0703002-0918-11-09-gnss_raw.txt,2436,443325.000,GLONASS,79,47.0,92.0,34.0,是
0703002-0918-11-09-gnss_raw.txt,2436,443325.000,GLONASS,80,27.0,160.0,35.0,是
0703002-0918-11-09-gnss_raw.txt,2436,443325.000,GLONASS,84,35.0,239.0,31.0,是
0703002-0918-11-09-gnss_raw.txt,2436,443325.000,GLONASS,85,0.0,0.0,33.0,是
0703002-0918-11-09-gnss_raw.txt,2436,443325.000,Galileo,13,0.0,0.0,32.0,是
0703002-0918-11-09-gnss_raw.txt,2436,443325.000,Galileo,26,60.0,269.0,31.0,是
0703002-0918-11-09-gnss_raw.txt,2436,443325.000,Galileo,29,34.0,272.0,31.0,是
0703002-0918-11-09-gnss_raw.txt,2436,443325.000,QZSS,3,42.0,168.0,32.0,是
0703002-0918-11-09-gnss_raw.txt,2436,443325.000,QZSS,7,53.0,169.0,27.0,是
0703002-0918-11-09-gnss_raw.txt,2436,443325.000,BDS,1,48.0,147.0,30.0,是
0703002-0918-11-09-gnss_raw.txt,2436,443325.000,BDS,3,0.0,0.0,30.0,是
0703002-0918-11-09-gnss_raw.txt,2436,443325.000,BDS,4,37.0,120.0,31.0,是
0703002-0918-11-09-gnss_raw.txt,2436,443325.000,BDS,6,69.0,39.0,30.0,是
0703002-0918-11-09-gnss_raw.txt,2436,443325.000,BDS,7,59.0,189.0,32.0,是
0703002-0918-11-09-gnss_raw.txt,2436,443325.000,BDS,10,49.0,190.0,30.0,是
0703002-0918-11-09-gnss_raw.txt,2436,443325.000,BDS,11,0.0,0.0,19.0,是
0703002-0918-11-09-gnss_raw.txt,2436,443325.000,BDS,20,58.0,30.0,29.0,是
0703002-0918-11-09-gnss_raw.txt,2436,443325.000,BDS,35,17.0,284.0,24.0,是
0703002-0918-11-09-gnss_raw.txt,2436,443325.000,BDS,37,46.0,76.0,31.0,是
0703002-0918-11-09-gnss_raw.txt,2436,443326.000,GPS,13,28.0,134.0,32.0,是
0703002-0918-11-09-gnss_raw.txt,2436,443326.000,GPS,15,0.0,0.0,31.0,是
0703002-0918-11-09-gnss_raw.txt,2436,443326.000,GPS,18,45.0,214.0,32.0,是
0703002-0918-11-09-gnss_raw.txt,2436,443326.000,GPS,20,0.0,0.0,21.0,是
0703002-0918-11-09-gnss_raw.txt,2436,443326.000,GPS,24,65.0,45.0,31.0,是
0703002-0918-11-09-gnss_raw.txt,2436,443326.000,GPS,32,0.0,0.0,24.0,是
0703002-0918-11-09-gnss_raw.txt,2436,443326.000,GLONASS,68,0.0,0.0,28.0,是
0703002-0918-11-09-gnss_raw.txt,2436,443326.000,GLONASS,69,0.0,0.0,19.0,是
0703002-0918-11-09-gnss_raw.txt,2436,443326.000,GLONASS,70,29.0,313.0,33.0,是
0703002-0918-11-09-gnss_raw.txt,2436,443326.000,GLONASS,79,47.0,91.0,37.0,是
0703002-0918-11-09-gnss_raw.txt,2436,443326.000,GLONASS,80,27.0,160.0,37.0,是
0703002-0918-11-09-gnss_raw.txt,2436,443326.000,GLONASS,84,35.0,239.0,32.0,是
0703002-0918-11-09-gnss_raw.txt,2436,443326.000,GLONASS,85,0.0,0.0,36.0,是
0703002-0918-11-09-gnss_raw.txt,2436,443326.000,Galileo,13,0.0,0.0,32.0,是
0703002-0918-11-09-gnss_raw.txt,2436,443326.000,Galileo,26,60.0,269.0,33.0,是
0703002-0918-11-09-gnss_raw.txt,2436,443326.000,Galileo,29,34.0,272.0,33.0,是
0703002-0918-11-09-gnss_raw.txt,2436,443326.000,QZSS,3,42.0,168.0,32.0,是
0703002-0918-11-09-gnss_raw.txt,2436,443326.000,QZSS,7,53.0,169.0,27.0,是
0703002-0918-11-09-gnss_raw.txt,2436,443326.000,BDS,1,48.0,147.0,30.0,是
0703002-0918-11-09-gnss_raw.txt,2436,443326.000,BDS,2,0.0,0.0,26.0,是
0703002-0918-11-09-gnss_raw.txt,2436,443326.000,BDS,3,0.0,0.0,31.0,是
0703002-0918-11-09-gnss_raw.txt,2436,443326.000,BDS,4,37.0,120.0,31.0,是
0703002-0918-11-09-gnss_raw.txt,2436,443326.000,BDS,6,69.0,39.0,28.0,是
0703002-0918-11-09-gnss_raw.txt,2436,443326.000,BDS,7,59.0,189.0,32.0,是
0703002-0918-11-09-gnss_raw.txt,2436,443326.000,BDS,10,49.0,190.0,28.0,是
0703002-0918-11-09-gnss_raw.txt,2436,443326.000,BDS,11,0.0,0.0,22.0,是
0703002-0918-11-09-gnss_raw.txt,2436,443326.000,BDS,20,58.0,30.0,30.0,是
0703002-0918-11-09-gnss_raw.txt,2436,443326.000,BDS,35,17.0,284.0,22.0,是
0703002-0918-11-09-gnss_raw.txt,2436,443326.000,BDS,37,46.0,76.0,30.0,是
0703002-0918-11-09-gnss_raw.txt,2436,443327.000,GPS,13,28.0,134.0,32.0,是
0703002-0918-11-09-gnss_raw.txt,2436,443327.000,GPS,15,0.0,0.0,28.0,是
0703002-0918-11-09-gnss_raw.txt,2436,443327.000,GPS,18,45.0,214.0,28.0,是
0703002-0918-11-09-gnss_raw.txt,2436,443327.000,GPS,20,0.0,0.0,21.0,是
0703002-0918-11-09-gnss_raw.txt,2436,443327.000,GPS,24,65.0,45.0,29.0,是
0703002-0918-11-09-gnss_raw.txt,2436,443327.000,GPS,32,0.0,0.0,25.0,是
0703002-0918-11-09-gnss_raw.txt,2436,443327.000,GLONASS,68,19.0,69.0,30.0,是
0703002-0918-11-09-gnss_raw.txt,2436,443327.000,GLONASS,69,0.0,0.0,18.0,是
0703002-0918-11-09-gnss_raw.txt,2436,443327.000,GLONASS,70,29.0,313.0,32.0,是
0703002-0918-11-09-gnss_raw.txt,2436,443327.000,GLONASS,79,47.0,91.0,33.0,是
0703002-0918-11-09-gnss_raw.txt,2436,443327.000,GLONASS,80,27.0,160.0,37.0,是
0703002-0918-11-09-gnss_raw.txt,2436,443327.000,GLONASS,84,35.0,239.0,34.0,是
0703002-0918-11-09-gnss_raw.txt,2436,443327.000,GLONASS,85,0.0,0.0,35.0,是
0703002-0918-11-09-gnss_raw.txt,2436,443327.000,Galileo,13,0.0,0.0,31.0,是
0703002-0918-11-09-gnss_raw.txt,2436,443327.000,Galileo,26,60.0,269.0,35.0,是
0703002-0918-11-09-gnss_raw.txt,2436,443327.000,Galileo,29,34.0,272.0,30.0,是
0703002-0918-11-09-gnss_raw.txt,2436,443327.000,QZSS,3,42.0,168.0,31.0,是
0703002-0918-11-09-gnss_raw.txt,2436,443327.000,QZSS,7,53.0,169.0,26.0,是
0703002-0918-11-09-gnss_raw.txt,2436,443327.000,BDS,1,48.0,147.0,29.0,是
0703002-0918-11-09-gnss_raw.txt,2436,443327.000,BDS,2,0.0,0.0,25.0,是
0703002-0918-11-09-gnss_raw.txt,2436,443327.000,BDS,3,0.0,0.0,28.0,是
0703002-0918-11-09-gnss_raw.txt,2436,443327.000,BDS,4,37.0,120.0,30.0,是
0703002-0918-11-09-gnss_raw.txt,2436,443327.000,BDS,6,69.0,39.0,29.0,是
0703002-0918-11-09-gnss_raw.txt,2436,443327.000,BDS,7,59.0,189.0,32.0,是
0703002-0918-11-09-gnss_raw.txt,2436,443327.000,BDS,10,49.0,190.0,29.0,是
0703002-0918-11-09-gnss_raw.txt,2436,443327.000,BDS,11,0.0,0.0,24.0,是
0703002-0918-11-09-gnss_raw.txt,2436,443327.000,BDS,20,58.0,30.0,30.0,是
0703002-0918-11-09-gnss_raw.txt,2436,443327.000,BDS,35,17.0,284.0,23.0,是
0703002-0918-11-09-gnss_raw.txt,2436,443327.000,BDS,37,46.0,76.0,29.0,是
0703002-0918-11-09-gnss_raw.txt,2436,443328.000,GPS,13,28.0,134.0,32.0,是
0703002-0918-11-09-gnss_raw.txt,2436,443328.000,GPS,15,0.0,0.0,26.0,是
0703002-0918-11-09-gnss_raw.txt,2436,443328.000,GPS,18,45.0,214.0,29.0,是
0703002-0918-11-09-gnss_raw.txt,2436,443328.000,GPS,20,0.0,0.0,22.0,是
0703002-0918-11-09-gnss_raw.txt,2436,443328.000,GPS,24,65.0,45.0,31.0,是
0703002-0918-11-09-gnss_raw.txt,2436,443328.000,GPS,32,0.0,0.0,23.0,是
0703002-0918-11-09-gnss_raw.txt,2436,443328.000,GLONASS,68,19.0,69.0,33.0,是
0703002-0918-11-09-gnss_raw.txt,2436,443328.000,GLONASS,69,0.0,0.0,20.0,是
0703002-0918-11-09-gnss_raw.txt,2436,443328.000,GLONASS,70,29.0,313.0,31.0,是
0703002-0918-11-09-gnss_raw.txt,2436,443328.000,GLONASS,79,47.0,91.0,31.0,是
0703002-0918-11-09-gnss_raw.txt,2436,443328.000,GLONASS,80,27.0,160.0,35.0,是
0703002-0918-11-09-gnss_raw.txt,2436,443328.000,GLONASS,84,35.0,239.0,32.0,是
0703002-0918-11-09-gnss_raw.txt,2436,443328.000,GLONASS,85,0.0,0.0,34.0,是
0703002-0918-11-09-gnss_raw.txt,2436,443328.000,Galileo,13,0.0,0.0,31.0,是
0703002-0918-11-09-gnss_raw.txt,2436,443328.000,Galileo,26,60.0,269.0,33.0,是
0703002-0918-11-09-gnss_raw.txt,2436,443328.000,Galileo,29,34.0,272.0,32.0,是
0703002-0918-11-09-gnss_raw.txt,2436,443328.000,QZSS,3,42.0,168.0,30.0,是
0703002-0918-11-09-gnss_raw.txt,2436,443328.000,QZSS,7,53.0,169.0,26.0,是
0703002-0918-11-09-gnss_raw.txt,2436,443328.000,BDS,1,48.0,147.0,29.0,是
0703002-0918-11-09-gnss_raw.txt,2436,443328.000,BDS,2,0.0,0.0,26.0,是
0703002-0918-11-09-gnss_raw.txt,2436,443328.000,BDS,3,0.0,0.0,31.0,是
0703002-0918-11-09-gnss_raw.txt,2436,443328.000,BDS,4,37.0,120.0,28.0,是
0703002-0918-11-09-gnss_raw.txt,2436,443328.000,BDS,6,69.0,39.0,30.0,是
0703002-0918-11-09-gnss_raw.txt,2436,443328.000,BDS,7,59.0,189.0,31.0,是
0703002-0918-11-09-gnss_raw.txt,2436,443328.000,BDS,10,49.0,190.0,28.0,是
0703002-0918-11-09-gnss_raw.txt,2436,443328.000,BDS,11,0.0,0.0,23.0,是
0703002-0918-11-09-gnss_raw.txt,2436,443328.000,BDS,20,58.0,30.0,30.0,是
0703002-0918-11-09-gnss_raw.txt,2436,443328.000,BDS,35,17.0,284.0,23.0,是
0703002-0918-11-09-gnss_raw.txt,2436,443328.000,BDS,37,46.0,76.0,26.0,是
0703002-0918-11-09-gnss_raw.txt,2436,443329.000,GPS,13,28.0,134.0,32.0,是
0703002-0918-11-09-gnss_raw.txt,2436,443329.000,GPS,15,0.0,0.0,24.0,是
0703002-0918-11-09-gnss_raw.txt,2436,443329.000,GPS,18,45.0,214.0,30.0,是
0703002-0918-11-09-gnss_raw.txt,2436,443329.000,GPS,20,0.0,0.0,25.0,是
0703002-0918-11-09-gnss_raw.txt,2436,443329.000,GPS,24,65.0,45.0,29.0,是
0703002-0918-11-09-gnss_raw.txt,2436,443329.000,GPS,32,0.0,0.0,25.0,是
0703002-0918-11-09-gnss_raw.txt,2436,443329.000,GLONASS,68,19.0,69.0,33.0,是
0703002-0918-11-09-gnss_raw.txt,2436,443329.000,GLONASS,69,0.0,0.0,21.0,是
0703002-0918-11-09-gnss_raw.txt,2436,443329.000,GLONASS,70,29.0,313.0,34.0,是
0703002-0918-11-09-gnss_raw.txt,2436,443329.000,GLONASS,79,47.0,91.0,28.0,是
0703002-0918-11-09-gnss_raw.txt,2436,443329.000,GLONASS,80,27.0,160.0,32.0,是
0703002-0918-11-09-gnss_raw.txt,2436,443329.000,GLONASS,84,35.0,239.0,33.0,是
0703002-0918-11-09-gnss_raw.txt,2436,443329.000,GLONASS,85,0.0,0.0,33.0,是
0703002-0918-11-09-gnss_raw.txt,2436,443329.000,Galileo,13,0.0,0.0,34.0,是
0703002-0918-11-09-gnss_raw.txt,2436,443329.000,Galileo,26,60.0,269.0,34.0,是
0703002-0918-11-09-gnss_raw.txt,2436,443329.000,Galileo,29,34.0,272.0,32.0,是
0703002-0918-11-09-gnss_raw.txt,2436,443329.000,QZSS,3,42.0,168.0,30.0,是
0703002-0918-11-09-gnss_raw.txt,2436,443329.000,QZSS,7,53.0,169.0,28.0,是
0703002-0918-11-09-gnss_raw.txt,2436,443329.000,BDS,1,48.0,147.0,28.0,是
0703002-0918-11-09-gnss_raw.txt,2436,443329.000,BDS,2,0.0,0.0,25.0,是
0703002-0918-11-09-gnss_raw.txt,2436,443329.000,BDS,3,0.0,0.0,33.0,是
0703002-0918-11-09-gnss_raw.txt,2436,443329.000,BDS,4,37.0,120.0,32.0,是
0703002-0918-11-09-gnss_raw.txt,2436,443329.000,BDS,6,69.0,39.0,30.0,是
0703002-0918-11-09-gnss_raw.txt,2436,443329.000,BDS,7,59.0,189.0,31.0,是
0703002-0918-11-09-gnss_raw.txt,2436,443329.000,BDS,10,49.0,190.0,27.0,是
0703002-0918-11-09-gnss_raw.txt,2436,443329.000,BDS,11,0.0,0.0,19.0,是
0703002-0918-11-09-gnss_raw.txt,2436,443329.000,BDS,20,58.0,30.0,31.0,是
0703002-0918-11-09-gnss_raw.txt,2436,443329.000,BDS,35,17.0,284.0,24.0,是
0703002-0918-11-09-gnss_raw.txt,2436,443329.000,BDS,37,46.0,76.0,23.0,是
0703002-0918-11-09-gnss_raw.txt,2436,443330.000,GPS,13,28.0,134.0,32.0,是
0703002-0918-11-09-gnss_raw.txt,2436,443330.000,GPS,15,0.0,0.0,22.0,是
0703002-0918-11-09-gnss_raw.txt,2436,443330.000,GPS,18,45.0,214.0,29.0,是
0703002-0918-11-09-gnss_raw.txt,2436,443330.000,GPS,20,0.0,0.0,26.0,是
0703002-0918-11-09-gnss_raw.txt,2436,443330.000,GPS,24,65.0,45.0,24.0,是
0703002-0918-11-09-gnss_raw.txt,2436,443330.000,GPS,32,0.0,0.0,28.0,是
0703002-0918-11-09-gnss_raw.txt,2436,443330.000,GLONASS,68,19.0,69.0,32.0,是
0703002-0918-11-09-gnss_raw.txt,2436,443330.000,GLONASS,69,0.0,0.0,19.0,是
0703002-0918-11-09-gnss_raw.txt,2436,443330.000,GLONASS,70,29.0,313.0,35.0,是
0703002-0918-11-09-gnss_raw.txt,2436,443330.000,GLONASS,79,47.0,91.0,28.0,是
0703002-0918-11-09-gnss_raw.txt,2436,443330.000,GLONASS,80,27.0,160.0,30.0,是
0703002-0918-11-09-gnss_raw.txt,2436,443330.000,GLONASS,84,35.0,239.0,33.0,是
0703002-0918-11-09-gnss_raw.txt,2436,443330.000,GLONASS,85,0.0,0.0,35.0,是
0703002-0918-11-09-gnss_raw.txt,2436,443330.000,Galileo,13,0.0,0.0,33.0,是
0703002-0918-11-09-gnss_raw.txt,2436,443330.000,Galileo,26,60.0,269.0,34.0,是
0703002-0918-11-09-gnss_raw.txt,2436,443330.000,Galileo,29,34.0,272.0,32.0,是
0703002-0918-11-09-gnss_raw.txt,2436,443330.000,QZSS,3,42.0,168.0,31.0,是
0703002-0918-11-09-gnss_raw.txt,2436,443330.000,QZSS,7,53.0,169.0,29.0,是
0703002-0918-11-09-gnss_raw.txt,2436,443330.000,BDS,1,48.0,147.0,28.0,是
0703002-0918-11-09-gnss_raw.txt,2436,443330.000,BDS,2,0.0,0.0,27.0,是
0703002-0918-11-09-gnss_raw.txt,2436,443330.000,BDS,3,0.0,0.0,30.0,是
0703002-0918-11-09-gnss_raw.txt,2436,443330.000,BDS,4,37.0,120.0,32.0,是
0703002-0918-11-09-gnss_raw.txt,2436,443330.000,BDS,6,69.0,39.0,30.0,是
0703002-0918-11-09-gnss_raw.txt,2436,443330.000,BDS,7,59.0,189.0,32.0,是
0703002-0918-11-09-gnss_raw.txt,2436,443330.000,BDS,10,49.0,190.0,26.0,是
0703002-0918-11-09-gnss_raw.txt,2436,443330.000,BDS,11,0.0,0.0,17.0,是
0703002-0918-11-09-gnss_raw.txt,2436,443330.000,BDS,20,58.0,30.0,31.0,是
0703002-0918-11-09-gnss_raw.txt,2436,443330.000,BDS,35,17.0,284.0,26.0,是
0703002-0918-11-09-gnss_raw.txt,2436,443330.000,BDS,37,46.0,76.0,20.0,是
0703002-0918-11-09-gnss_raw.txt,2436,443331.000,GPS,13,28.0,134.0,31.0,是
0703002-0918-11-09-gnss_raw.txt,2436,443331.000,GPS,15,0.0,0.0,21.0,是
0703002-0918-11-09-gnss_raw.txt,2436,443331.000,GPS,18,45.0,214.0,29.0,是
0703002-0918-11-09-gnss_raw.txt,2436,443331.000,GPS,20,0.0,0.0,25.0,是
0703002-0918-11-09-gnss_raw.txt,2436,443331.000,GPS,24,65.0,45.0,25.0,是
0703002-0918-11-09-gnss_raw.txt,2436,443331.000,GPS,32,0.0,0.0,28.0,是
0703002-0918-11-09-gnss_raw.txt,2436,443331.000,GLONASS,68,19.0,69.0,30.0,是
0703002-0918-11-09-gnss_raw.txt,2436,443331.000,GLONASS,69,0.0,0.0,23.0,是
0703002-0918-11-09-gnss_raw.txt,2436,443331.000,GLONASS,70,29.0,313.0,35.0,是
0703002-0918-11-09-gnss_raw.txt,2436,443331.000,GLONASS,79,47.0,91.0,29.0,是
0703002-0918-11-09-gnss_raw.txt,2436,443331.000,GLONASS,80,27.0,160.0,32.0,是
0703002-0918-11-09-gnss_raw.txt,2436,443331.000,GLONASS,84,35.0,239.0,33.0,是
0703002-0918-11-09-gnss_raw.txt,2436,443331.000,GLONASS,85,0.0,0.0,36.0,是
0703002-0918-11-09-gnss_raw.txt,2436,443331.000,Galileo,13,0.0,0.0,33.0,是
0703002-0918-11-09-gnss_raw.txt,2436,443331.000,Galileo,26,60.0,269.0,34.0,是
0703002-0918-11-09-gnss_raw.txt,2436,443331.000,Galileo,29,34.0,272.0,33.0,是
0703002-0918-11-09-gnss_raw.txt,2436,443331.000,QZSS,3,42.0,168.0,32.0,是
0703002-0918-11-09-gnss_raw.txt,2436,443331.000,QZSS,7,53.0,169.0,28.0,是
0703002-0918-11-09-gnss_raw.txt,2436,443331.000,BDS,1,48.0,147.0,29.0,是
0703002-0918-11-09-gnss_raw.txt,2436,443331.000,BDS,2,0.0,0.0,27.0,是
0703002-0918-11-09-gnss_raw.txt,2436,443331.000,BDS,3,0.0,0.0,30.0,是
0703002-0918-11-09-gnss_raw.txt,2436,443331.000,BDS,4,37.0,120.0,31.0,是
0703002-0918-11-09-gnss_raw.txt,2436,443331.000,BDS,6,69.0,39.0,30.0,是
0703002-0918-11-09-gnss_raw.txt,2436,443331.000,BDS,7,59.0,189.0,32.0,是
0703002-0918-11-09-gnss_raw.txt,2436,443331.000,BDS,10,49.0,190.0,27.0,是
0703002-0918-11-09-gnss_raw.txt,2436,443331.000,BDS,11,0.0,0.0,17.0,是
0703002-0918-11-09-gnss_raw.txt,2436,443331.000,BDS,20,58.0,30.0,32.0,是
0703002-0918-11-09-gnss_raw.txt,2436,443331.000,BDS,35,17.0,284.0,27.0,是
0703002-0918-11-09-gnss_raw.txt,2436,443331.000,BDS,37,46.0,76.0,18.0,是
0703002-0918-11-09-gnss_raw.txt,2436,443332.000,GPS,13,28.0,134.0,30.0,是
0703002-0918-11-09-gnss_raw.txt,2436,443332.000,GPS,15,0.0,0.0,23.0,是
0703002-0918-11-09-gnss_raw.txt,2436,443332.000,GPS,18,45.0,214.0,29.0,是
0703002-0918-11-09-gnss_raw.txt,2436,443332.000,GPS,20,0.0,0.0,23.0,是
0703002-0918-11-09-gnss_raw.txt,2436,443332.000,GPS,24,65.0,45.0,29.0,是
0703002-0918-11-09-gnss_raw.txt,2436,443332.000,GPS,32,0.0,0.0,25.0,是
0703002-0918-11-09-gnss_raw.txt,2436,443332.000,GLONASS,68,19.0,69.0,27.0,是
0703002-0918-11-09-gnss_raw.txt,2436,443332.000,GLONASS,69,0.0,0.0,24.0,是
0703002-0918-11-09-gnss_raw.txt,2436,443332.000,GLONASS,70,29.0,313.0,35.0,是
0703002-0918-11-09-gnss_raw.txt,2436,443332.000,GLONASS,79,47.0,91.0,31.0,是
0703002-0918-11-09-gnss_raw.txt,2436,443332.000,GLONASS,80,27.0,160.0,31.0,是
0703002-0918-11-09-gnss_raw.txt,2436,443332.000,GLONASS,84,35.0,239.0,33.0,是
0703002-0918-11-09-gnss_raw.txt,2436,443332.000,GLONASS,85,0.0,0.0,35.0,是
0703002-0918-11-09-gnss_raw.txt,2436,443332.000,Galileo,13,0.0,0.0,31.0,是
0703002-0918-11-09-gnss_raw.txt,2436,443332.000,Galileo,26,60.0,269.0,33.0,是
0703002-0918-11-09-gnss_raw.txt,2436,443332.000,Galileo,29,34.0,272.0,31.0,是
0703002-0918-11-09-gnss_raw.txt,2436,443332.000,QZSS,3,42.0,168.0,32.0,是
0703002-0918-11-09-gnss_raw.txt,2436,443332.000,QZSS,7,53.0,169.0,27.0,是
0703002-0918-11-09-gnss_raw.txt,2436,443332.000,BDS,1,48.0,147.0,30.0,是
0703002-0918-11-09-gnss_raw.txt,2436,443332.000,BDS,2,0.0,0.0,25.0,是
0703002-0918-11-09-gnss_raw.txt,2436,443332.000,BDS,3,0.0,0.0,29.0,是
0703002-0918-11-09-gnss_raw.txt,2436,443332.000,BDS,4,37.0,120.0,28.0,是
0703002-0918-11-09-gnss_raw.txt,2436,443332.000,BDS,6,69.0,39.0,29.0,是
0703002-0918-11-09-gnss_raw.txt,2436,443332.000,BDS,7,59.0,189.0,32.0,是
0703002-0918-11-09-gnss_raw.txt,2436,443332.000,BDS,10,49.0,190.0,27.0,是
0703002-0918-11-09-gnss_raw.txt,2436,443332.000,BDS,11,0.0,0.0,19.0,是
0703002-0918-11-09-gnss_raw.txt,2436,443332.000,BDS,20,58.0,30.0,29.0,是
0703002-0918-11-09-gnss_raw.txt,2436,443332.000,BDS,35,17.0,284.0,26.0,是
0703002-0918-11-09-gnss_raw.txt,2436,443332.000,BDS,37,46.0,76.0,22.0,是
0703002-0918-11-09-gnss_raw.txt,2436,443333.000,GPS,13,28.0,134.0,31.0,是
0703002-0918-11-09-gnss_raw.txt,2436,443333.000,GPS,15,0.0,0.0,27.0,是
0703002-0918-11-09-gnss_raw.txt,2436,443333.000,GPS,18,45.0,214.0,29.0,是
0703002-0918-11-09-gnss_raw.txt,2436,443333.000,GPS,20,0.0,0.0,23.0,是
0703002-0918-11-09-gnss_raw.txt,2436,443333.000,GPS,24,64.0,45.0,31.0,是
0703002-0918-11-09-gnss_raw.txt,2436,443333.000,GPS,32,0.0,0.0,25.0,是
0703002-0918-11-09-gnss_raw.txt,2436,443333.000,GLONASS,68,0.0,0.0,22.0,是
0703002-0918-11-09-gnss_raw.txt,2436,443333.000,GLONASS,69,0.0,0.0,23.0,是
0703002-0918-11-09-gnss_raw.txt,2436,443333.000,GLONASS,70,29.0,313.0,33.0,是
0703002-0918-11-09-gnss_raw.txt,2436,443333.000,GLONASS,79,47.0,91.0,34.0,是
0703002-0918-11-09-gnss_raw.txt,2436,443333.000,GLONASS,80,27.0,160.0,33.0,是
0703002-0918-11-09-gnss_raw.txt,2436,443333.000,GLONASS,84,35.0,239.0,33.0,是
0703002-0918-11-09-gnss_raw.txt,2436,443333.000,GLONASS,85,0.0,0.0,31.0,是
0703002-0918-11-09-gnss_raw.txt,2436,443333.000,Galileo,13,0.0,0.0,34.0,是
0703002-0918-11-09-gnss_raw.txt,2436,443333.000,Galileo,26,60.0,269.0,34.0,是
0703002-0918-11-09-gnss_raw.txt,2436,443333.000,Galileo,29,34.0,272.0,31.0,是
0703002-0918-11-09-gnss_raw.txt,2436,443333.000,QZSS,3,42.0,168.0,32.0,是
0703002-0918-11-09-gnss_raw.txt,2436,443333.000,QZSS,7,53.0,169.0,28.0,是
0703002-0918-11-09-gnss_raw.txt,2436,443333.000,BDS,1,48.0,147.0,32.0,是
0703002-0918-11-09-gnss_raw.txt,2436,443333.000,BDS,2,0.0,0.0,38.0,是
0703002-0918-11-09-gnss_raw.txt,2436,443333.000,BDS,3,0.0,0.0,27.0,是
0703002-0918-11-09-gnss_raw.txt,2436,443333.000,BDS,4,37.0,120.0,30.0,是
0703002-0918-11-09-gnss_raw.txt,2436,443333.000,BDS,6,69.0,39.0,29.0,是
0703002-0918-11-09-gnss_raw.txt,2436,443333.000,BDS,7,59.0,189.0,32.0,是
0703002-0918-11-09-gnss_raw.txt,2436,443333.000,BDS,10,49.0,190.0,28.0,是
0703002-0918-11-09-gnss_raw.txt,2436,443333.000,BDS,11,0.0,0.0,20.0,是
0703002-0918-11-09-gnss_raw.txt,2436,443333.000,BDS,20,58.0,30.0,31.0,是
0703002-0918-11-09-gnss_raw.txt,2436,443333.000,BDS,35,17.0,284.0,25.0,是
0703002-0918-11-09-gnss_raw.txt,2436,443333.000,BDS,37,46.0,76.0,26.0,是
0703002-0918-11-09-gnss_raw.txt,2436,443334.000,GPS,13,28.0,134.0,33.0,是
0703002-0918-11-09-gnss_raw.txt,2436,443334.000,GPS,15,0.0,0.0,27.0,是
0703002-0918-11-09-gnss_raw.txt,2436,443334.000,GPS,18,45.0,214.0,29.0,是
0703002-0918-11-09-gnss_raw.txt,2436,443334.000,GPS,20,0.0,0.0,21.0,是
0703002-0918-11-09-gnss_raw.txt,2436,443334.000,GPS,24,64.0,45.0,32.0,是
0703002-0918-11-09-gnss_raw.txt,2436,443334.000,GPS,32,0.0,0.0,24.0,是
0703002-0918-11-09-gnss_raw.txt,2436,443334.000,GLONASS,68,19.0,69.0,23.0,是
0703002-0918-11-09-gnss_raw.txt,2436,443334.000,GLONASS,69,0.0,0.0,19.0,是
0703002-0918-11-09-gnss_raw.txt,2436,443334.000,GLONASS,70,29.0,313.0,32.0,是
0703002-0918-11-09-gnss_raw.txt,2436,443334.000,GLONASS,79,47.0,91.0,37.0,是
0703002-0918-11-09-gnss_raw.txt,2436,443334.000,GLONASS,80,27.0,160.0,35.0,是
0703002-0918-11-09-gnss_raw.txt,2436,443334.000,GLONASS,84,35.0,239.0,27.0,是
0703002-0918-11-09-gnss_raw.txt,2436,443334.000,GLONASS,85,0.0,0.0,32.0,是
0703002-0918-11-09-gnss_raw.txt,2436,443334.000,Galileo,13,0.0,0.0,31.0,是
0703002-0918-11-09-gnss_raw.txt,2436,443334.000,Galileo,26,60.0,269.0,34.0,是
0703002-0918-11-09-gnss_raw.txt,2436,443334.000,Galileo,29,34.0,272.0,28.0,是
0703002-0918-11-09-gnss_raw.txt,2436,443334.000,QZSS,3,42.0,168.0,32.0,是
0703002-0918-11-09-gnss_raw.txt,2436,443334.000,QZSS,7,53.0,169.0,28.0,是
0703002-0918-11-09-gnss_raw.txt,2436,443334.000,BDS,1,48.0,147.0,29.0,是
0703002-0918-11-09-gnss_raw.txt,2436,443334.000,BDS,2,0.0,0.0,26.0,是
0703002-0918-11-09-gnss_raw.txt,2436,443334.000,BDS,3,0.0,0.0,28.0,是
0703002-0918-11-09-gnss_raw.txt,2436,443334.000,BDS,4,37.0,120.0,30.0,是
0703002-0918-11-09-gnss_raw.txt,2436,443334.000,BDS,6,69.0,39.0,30.0,是
0703002-0918-11-09-gnss_raw.txt,2436,443334.000,BDS,7,59.0,189.0,32.0,是
0703002-0918-11-09-gnss_raw.txt,2436,443334.000,BDS,10,49.0,190.0,30.0,是
0703002-0918-11-09-gnss_raw.txt,2436,443334.000,BDS,11,0.0,0.0,22.0,是
0703002-0918-11-09-gnss_raw.txt,2436,443334.000,BDS,20,58.0,30.0,31.0,是
0703002-0918-11-09-gnss_raw.txt,2436,443334.000,BDS,35,17.0,284.0,22.0,是
0703002-0918-11-09-gnss_raw.txt,2436,443334.000,BDS,37,46.0,76.0,30.0,是
0703002-0918-11-09-gnss_raw.txt,2436,443335.000,GPS,13,28.0,134.0,33.0,是
0703002-0918-11-09-gnss_raw.txt,2436,443335.000,GPS,15,0.0,0.0,27.0,是
0703002-0918-11-09-gnss_raw.txt,2436,443335.000,GPS,18,45.0,214.0,29.0,是
0703002-0918-11-09-gnss_raw.txt,2436,443335.000,GPS,20,0.0,0.0,21.0,是
0703002-0918-11-09-gnss_raw.txt,2436,443335.000,GPS,24,64.0,45.0,33.0,是
0703002-0918-11-09-gnss_raw.txt,2436,443335.000,GPS,32,0.0,0.0,22.0,是
0703002-0918-11-09-gnss_raw.txt,2436,443335.000,GLONASS,68,19.0,69.0,22.0,是
0703002-0918-11-09-gnss_raw.txt,2436,443335.000,GLONASS,69,0.0,0.0,21.0,是
0703002-0918-11-09-gnss_raw.txt,2436,443335.000,GLONASS,70,29.0,313.0,32.0,是
0703002-0918-11-09-gnss_raw.txt,2436,443335.000,GLONASS,79,47.0,91.0,35.0,是
0703002-0918-11-09-gnss_raw.txt,2436,443335.000,GLONASS,80,27.0,160.0,35.0,是
0703002-0918-11-09-gnss_raw.txt,2436,443335.000,GLONASS,84,35.0,239.0,29.0,是
0703002-0918-11-09-gnss_raw.txt,2436,443335.000,GLONASS,85,0.0,0.0,32.0,是
0703002-0918-11-09-gnss_raw.txt,2436,443335.000,Galileo,13,0.0,0.0,31.0,是
0703002-0918-11-09-gnss_raw.txt,2436,443335.000,Galileo,26,60.0,269.0,35.0,是
0703002-0918-11-09-gnss_raw.txt,2436,443335.000,Galileo,29,0.0,0.0,27.0,是
0703002-0918-11-09-gnss_raw.txt,2436,443335.000,QZSS,3,42.0,168.0,31.0,是
0703002-0918-11-09-gnss_raw.txt,2436,443335.000,QZSS,7,53.0,169.0,26.0,是
0703002-0918-11-09-gnss_raw.txt,2436,443335.000,BDS,1,48.0,147.0,30.0,是
0703002-0918-11-09-gnss_raw.txt,2436,443335.000,BDS,2,0.0,0.0,30.0,是
0703002-0918-11-09-gnss_raw.txt,2436,443335.000,BDS,3,0.0,0.0,28.0,是
0703002-0918-11-09-gnss_raw.txt,2436,443335.000,BDS,4,37.0,120.0,32.0,是
0703002-0918-11-09-gnss_raw.txt,2436,443335.000,BDS,6,69.0,39.0,31.0,是
0703002-0918-11-09-gnss_raw.txt,2436,443335.000,BDS,7,59.0,189.0,30.0,是
0703002-0918-11-09-gnss_raw.txt,2436,443335.000,BDS,10,49.0,190.0,27.0,是
0703002-0918-11-09-gnss_raw.txt,2436,443335.000,BDS,11,0.0,0.0,22.0,是
0703002-0918-11-09-gnss_raw.txt,2436,443335.000,BDS,20,58.0,30.0,30.0,是
0703002-0918-11-09-gnss_raw.txt,2436,443335.000,BDS,35,17.0,284.0,20.0,是
0703002-0918-11-09-gnss_raw.txt,2436,443335.000,BDS,37,46.0,76.0,32.0,是
0703002-0918-11-09-gnss_raw.txt,2436,443336.000,GPS,13,28.0,134.0,33.0,是
0703002-0918-11-09-gnss_raw.txt,2436,443336.000,GPS,15,0.0,0.0,30.0,是
0703002-0918-11-09-gnss_raw.txt,2436,443336.000,GPS,18,45.0,214.0,27.0,是
0703002-0918-11-09-gnss_raw.txt,2436,443336.000,GPS,20,0.0,0.0,21.0,是
0703002-0918-11-09-gnss_raw.txt,2436,443336.000,GPS,24,64.0,45.0,33.0,是
0703002-0918-11-09-gnss_raw.txt,2436,443336.000,GPS,32,0.0,0.0,24.0,是
0703002-0918-11-09-gnss_raw.txt,2436,443336.000,GLONASS,68,19.0,69.0,26.0,是
0703002-0918-11-09-gnss_raw.txt,2436,443336.000,GLONASS,69,0.0,0.0,20.0,是
0703002-0918-11-09-gnss_raw.txt,2436,443336.000,GLONASS,70,29.0,313.0,30.0,是
0703002-0918-11-09-gnss_raw.txt,2436,443336.000,GLONASS,79,47.0,91.0,36.0,是
0703002-0918-11-09-gnss_raw.txt,2436,443336.000,GLONASS,80,27.0,160.0,34.0,是
0703002-0918-11-09-gnss_raw.txt,2436,443336.000,GLONASS,84,35.0,239.0,25.0,是
0703002-0918-11-09-gnss_raw.txt,2436,443336.000,GLONASS,85,0.0,0.0,25.0,是
0703002-0918-11-09-gnss_raw.txt,2436,443336.000,Galileo,13,0.0,0.0,30.0,是
0703002-0918-11-09-gnss_raw.txt,2436,443336.000,Galileo,26,60.0,269.0,34.0,是
0703002-0918-11-09-gnss_raw.txt,2436,443336.000,Galileo,29,34.0,272.0,30.0,是
0703002-0918-11-09-gnss_raw.txt,2436,443336.000,QZSS,3,42.0,168.0,31.0,是
0703002-0918-11-09-gnss_raw.txt,2436,443336.000,QZSS,7,53.0,169.0,25.0,是
0703002-0918-11-09-gnss_raw.txt,2436,443336.000,BDS,1,48.0,147.0,29.0,是
0703002-0918-11-09-gnss_raw.txt,2436,443336.000,BDS,2,0.0,0.0,33.0,是
0703002-0918-11-09-gnss_raw.txt,2436,443336.000,BDS,3,0.0,0.0,31.0,是
0703002-0918-11-09-gnss_raw.txt,2436,443336.000,BDS,4,37.0,120.0,31.0,是
0703002-0918-11-09-gnss_raw.txt,2436,443336.000,BDS,6,69.0,39.0,32.0,是
0703002-0918-11-09-gnss_raw.txt,2436,443336.000,BDS,7,59.0,189.0,28.0,是
0703002-0918-11-09-gnss_raw.txt,2436,443336.000,BDS,10,49.0,190.0,26.0,是
0703002-0918-11-09-gnss_raw.txt,2436,443336.000,BDS,11,0.0,0.0,22.0,是
0703002-0918-11-09-gnss_raw.txt,2436,443336.000,BDS,20,58.0,30.0,32.0,是
0703002-0918-11-09-gnss_raw.txt,2436,443336.000,BDS,35,17.0,284.0,18.0,是
0703002-0918-11-09-gnss_raw.txt,2436,443336.000,BDS,37,46.0,76.0,32.0,是
0703002-0918-11-09-gnss_raw.txt,2436,443337.000,GPS,13,28.0,134.0,33.0,是
0703002-0918-11-09-gnss_raw.txt,2436,443337.000,GPS,15,0.0,0.0,28.0,是
0703002-0918-11-09-gnss_raw.txt,2436,443337.000,GPS,18,45.0,214.0,24.0,是
0703002-0918-11-09-gnss_raw.txt,2436,443337.000,GPS,20,0.0,0.0,22.0,是
0703002-0918-11-09-gnss_raw.txt,2436,443337.000,GPS,23,0.0,0.0,36.0,是
0703002-0918-11-09-gnss_raw.txt,2436,443337.000,GPS,24,64.0,45.0,34.0,是
0703002-0918-11-09-gnss_raw.txt,2436,443337.000,GPS,32,0.0,0.0,24.0,是
0703002-0918-11-09-gnss_raw.txt,2436,443337.000,GLONASS,68,19.0,69.0,28.0,是
0703002-0918-11-09-gnss_raw.txt,2436,443337.000,GLONASS,69,0.0,0.0,21.0,是
0703002-0918-11-09-gnss_raw.txt,2436,443337.000,GLONASS,70,29.0,313.0,27.0,是
0703002-0918-11-09-gnss_raw.txt,2436,443337.000,GLONASS,79,47.0,91.0,36.0,是
0703002-0918-11-09-gnss_raw.txt,2436,443337.000,GLONASS,80,27.0,160.0,34.0,是
0703002-0918-11-09-gnss_raw.txt,2436,443337.000,GLONASS,84,35.0,239.0,29.0,是
0703002-0918-11-09-gnss_raw.txt,2436,443337.000,GLONASS,85,0.0,0.0,27.0,是
0703002-0918-11-09-gnss_raw.txt,2436,443337.000,Galileo,13,0.0,0.0,30.0,是
0703002-0918-11-09-gnss_raw.txt,2436,443337.000,Galileo,26,60.0,269.0,35.0,是
0703002-0918-11-09-gnss_raw.txt,2436,443337.000,Galileo,29,34.0,272.0,30.0,是
0703002-0918-11-09-gnss_raw.txt,2436,443337.000,QZSS,3,42.0,168.0,30.0,是
0703002-0918-11-09-gnss_raw.txt,2436,443337.000,QZSS,7,53.0,169.0,25.0,是
0703002-0918-11-09-gnss_raw.txt,2436,443337.000,BDS,1,48.0,147.0,29.0,是
0703002-0918-11-09-gnss_raw.txt,2436,443337.000,BDS,2,0.0,0.0,35.0,是
0703002-0918-11-09-gnss_raw.txt,2436,443337.000,BDS,3,0.0,0.0,26.0,是
0703002-0918-11-09-gnss_raw.txt,2436,443337.000,BDS,4,37.0,120.0,30.0,是
0703002-0918-11-09-gnss_raw.txt,2436,443337.000,BDS,6,69.0,39.0,32.0,是
0703002-0918-11-09-gnss_raw.txt,2436,443337.000,BDS,7,59.0,189.0,28.0,是
0703002-0918-11-09-gnss_raw.txt,2436,443337.000,BDS,10,49.0,190.0,24.0,是
0703002-0918-11-09-gnss_raw.txt,2436,443337.000,BDS,11,0.0,0.0,21.0,是
0703002-0918-11-09-gnss_raw.txt,2436,443337.000,BDS,20,58.0,30.0,33.0,是
0703002-0918-11-09-gnss_raw.txt,2436,443337.000,BDS,35,17.0,284.0,19.0,是
0703002-0918-11-09-gnss_raw.txt,2436,443337.000,BDS,37,46.0,76.0,32.0,是
0703002-0918-11-09-gnss_raw.txt,2436,443338.000,GPS,13,28.0,134.0,32.0,是
0703002-0918-11-09-gnss_raw.txt,2436,443338.000,GPS,15,0.0,0.0,28.0,是
0703002-0918-11-09-gnss_raw.txt,2436,443338.000,GPS,18,45.0,214.0,25.0,是
0703002-0918-11-09-gnss_raw.txt,2436,443338.000,GPS,20,0.0,0.0,20.0,是
0703002-0918-11-09-gnss_raw.txt,2436,443338.000,GPS,23,0.0,0.0,34.0,是
0703002-0918-11-09-gnss_raw.txt,2436,443338.000,GPS,24,64.0,45.0,34.0,是
0703002-0918-11-09-gnss_raw.txt,2436,443338.000,GPS,32,0.0,0.0,24.0,是
0703002-0918-11-09-gnss_raw.txt,2436,443338.000,GLONASS,68,19.0,69.0,26.0,是
0703002-0918-11-09-gnss_raw.txt,2436,443338.000,GLONASS,69,45.0,17.0,20.0,是
0703002-0918-11-09-gnss_raw.txt,2436,443338.000,GLONASS,70,29.0,313.0,32.0,是
0703002-0918-11-09-gnss_raw.txt,2436,443338.000,GLONASS,79,47.0,91.0,36.0,是
0703002-0918-11-09-gnss_raw.txt,2436,443338.000,GLONASS,80,27.0,160.0,35.0,是
0703002-0918-11-09-gnss_raw.txt,2436,443338.000,GLONASS,84,35.0,239.0,34.0,是
0703002-0918-11-09-gnss_raw.txt,2436,443338.000,GLONASS,85,0.0,0.0,32.0,是
0703002-0918-11-09-gnss_raw.txt,2436,443338.000,Galileo,13,0.0,0.0,31.0,是
0703002-0918-11-09-gnss_raw.txt,2436,443338.000,Galileo,26,60.0,269.0,35.0,是
0703002-0918-11-09-gnss_raw.txt,2436,443338.000,Galileo,29,34.0,272.0,27.0,是
0703002-0918-11-09-gnss_raw.txt,2436,443338.000,QZSS,3,42.0,168.0,28.0,是
0703002-0918-11-09-gnss_raw.txt,2436,443338.000,QZSS,7,53.0,169.0,23.0,是
0703002-0918-11-09-gnss_raw.txt,2436,443338.000,BDS,1,48.0,147.0,28.0,是
0703002-0918-11-09-gnss_raw.txt,2436,443338.000,BDS,2,0.0,0.0,27.0,是
0703002-0918-11-09-gnss_raw.txt,2436,443338.000,BDS,4,37.0,120.0,32.0,是
0703002-0918-11-09-gnss_raw.txt,2436,443338.000,BDS,6,69.0,39.0,32.0,是
0703002-0918-11-09-gnss_raw.txt,2436,443338.000,BDS,7,59.0,189.0,29.0,是
0703002-0918-11-09-gnss_raw.txt,2436,443338.000,BDS,10,49.0,190.0,20.0,是
0703002-0918-11-09-gnss_raw.txt,2436,443338.000,BDS,11,0.0,0.0,22.0,是
0703002-0918-11-09-gnss_raw.txt,2436,443338.000,BDS,20,58.0,30.0,33.0,是
0703002-0918-11-09-gnss_raw.txt,2436,443338.000,BDS,35,17.0,284.0,16.0,是
0703002-0918-11-09-gnss_raw.txt,2436,443338.000,BDS,37,46.0,76.0,32.0,是
0703002-0918-11-09-gnss_raw.txt,2436,443339.000,GPS,13,28.0,134.0,32.0,是
0703002-0918-11-09-gnss_raw.txt,2436,443339.000,GPS,15,0.0,0.0,27.0,是
0703002-0918-11-09-gnss_raw.txt,2436,443339.000,GPS,18,45.0,214.0,27.0,是
0703002-0918-11-09-gnss_raw.txt,2436,443339.000,GPS,20,0.0,0.0,20.0,是
0703002-0918-11-09-gnss_raw.txt,2436,443339.000,GPS,23,0.0,0.0,32.0,是
0703002-0918-11-09-gnss_raw.txt,2436,443339.000,GPS,24,64.0,45.0,34.0,是
0703002-0918-11-09-gnss_raw.txt,2436,443339.000,GPS,32,0.0,0.0,23.0,是
0703002-0918-11-09-gnss_raw.txt,2436,443339.000,GLONASS,68,19.0,69.0,27.0,是
0703002-0918-11-09-gnss_raw.txt,2436,443339.000,GLONASS,69,0.0,0.0,21.0,是
0703002-0918-11-09-gnss_raw.txt,2436,443339.000,GLONASS,70,29.0,313.0,31.0,是
0703002-0918-11-09-gnss_raw.txt,2436,443339.000,GLONASS,79,47.0,91.0,36.0,是
0703002-0918-11-09-gnss_raw.txt,2436,443339.000,GLONASS,80,27.0,160.0,38.0,是
0703002-0918-11-09-gnss_raw.txt,2436,443339.000,GLONASS,84,35.0,239.0,31.0,是
0703002-0918-11-09-gnss_raw.txt,2436,443339.000,GLONASS,85,0.0,0.0,31.0,是
0703002-0918-11-09-gnss_raw.txt,2436,443339.000,Galileo,13,0.0,0.0,27.0,是
0703002-0918-11-09-gnss_raw.txt,2436,443339.000,Galileo,26,60.0,269.0,36.0,是
0703002-0918-11-09-gnss_raw.txt,2436,443339.000,Galileo,29,34.0,272.0,29.0,是
0703002-0918-11-09-gnss_raw.txt,2436,443339.000,QZSS,3,42.0,168.0,27.0,是
0703002-0918-11-09-gnss_raw.txt,2436,443339.000,QZSS,7,53.0,169.0,22.0,是
0703002-0918-11-09-gnss_raw.txt,2436,443339.000,BDS,1,0.0,0.0,27.0,是
0703002-0918-11-09-gnss_raw.txt,2436,443339.000,BDS,2,0.0,0.0,24.0,是
0703002-0918-11-09-gnss_raw.txt,2436,443339.000,BDS,3,0.0,0.0,26.0,是
0703002-0918-11-09-gnss_raw.txt,2436,443339.000,BDS,4,37.0,120.0,30.0,是
0703002-0918-11-09-gnss_raw.txt,2436,443339.000,BDS,6,69.0,39.0,31.0,是
0703002-0918-11-09-gnss_raw.txt,2436,443339.000,BDS,7,59.0,189.0,27.0,是
0703002-0918-11-09-gnss_raw.txt,2436,443339.000,BDS,10,49.0,190.0,21.0,是
0703002-0918-11-09-gnss_raw.txt,2436,443339.000,BDS,11,0.0,0.0,24.0,是
0703002-0918-11-09-gnss_raw.txt,2436,443339.000,BDS,20,58.0,30.0,33.0,是
0703002-0918-11-09-gnss_raw.txt,2436,443339.000,BDS,35,17.0,284.0,31.0,是
0703002-0918-11-09-gnss_raw.txt,2436,443339.000,BDS,37,46.0,76.0,32.0,是
0703002-0918-11-09-gnss_raw.txt,2436,443340.000,GPS,13,28.0,134.0,32.0,是
0703002-0918-11-09-gnss_raw.txt,2436,443340.000,GPS,15,0.0,0.0,28.0,是
0703002-0918-11-09-gnss_raw.txt,2436,443340.000,GPS,18,45.0,213.0,30.0,是
0703002-0918-11-09-gnss_raw.txt,2436,443340.000,GPS,20,0.0,0.0,20.0,是
0703002-0918-11-09-gnss_raw.txt,2436,443340.000,GPS,23,0.0,0.0,32.0,是
0703002-0918-11-09-gnss_raw.txt,2436,443340.000,GPS,24,64.0,45.0,34.0,是
0703002-0918-11-09-gnss_raw.txt,2436,443340.000,GPS,32,0.0,0.0,25.0,是
0703002-0918-11-09-gnss_raw.txt,2436,443340.000,GLONASS,68,19.0,69.0,28.0,是
0703002-0918-11-09-gnss_raw.txt,2436,443340.000,GLONASS,70,29.0,313.0,32.0,是
0703002-0918-11-09-gnss_raw.txt,2436,443340.000,GLONASS,79,47.0,91.0,36.0,是
0703002-0918-11-09-gnss_raw.txt,2436,443340.000,GLONASS,80,27.0,160.0,39.0,是
0703002-0918-11-09-gnss_raw.txt,2436,443340.000,GLONASS,84,35.0,239.0,29.0,是
0703002-0918-11-09-gnss_raw.txt,2436,443340.000,GLONASS,85,0.0,0.0,31.0,是
0703002-0918-11-09-gnss_raw.txt,2436,443340.000,Galileo,13,0.0,0.0,22.0,是
0703002-0918-11-09-gnss_raw.txt,2436,443340.000,Galileo,26,60.0,269.0,35.0,是
0703002-0918-11-09-gnss_raw.txt,2436,443340.000,Galileo,29,34.0,272.0,28.0,是
0703002-0918-11-09-gnss_raw.txt,2436,443340.000,QZSS,3,42.0,168.0,29.0,是
0703002-0918-11-09-gnss_raw.txt,2436,443340.000,QZSS,7,53.0,169.0,20.0,是
0703002-0918-11-09-gnss_raw.txt,2436,443340.000,BDS,1,48.0,147.0,24.0,是
0703002-0918-11-09-gnss_raw.txt,2436,443340.000,BDS,2,0.0,0.0,34.0,是
0703002-0918-11-09-gnss_raw.txt,2436,443340.000,BDS,3,0.0,0.0,27.0,是
0703002-0918-11-09-gnss_raw.txt,2436,443340.000,BDS,4,37.0,120.0,29.0,是
0703002-0918-11-09-gnss_raw.txt,2436,443340.000,BDS,6,69.0,39.0,30.0,是
0703002-0918-11-09-gnss_raw.txt,2436,443340.000,BDS,7,59.0,189.0,24.0,是
0703002-0918-11-09-gnss_raw.txt,2436,443340.000,BDS,10,49.0,190.0,22.0,是
0703002-0918-11-09-gnss_raw.txt,2436,443340.000,BDS,11,0.0,0.0,25.0,是
0703002-0918-11-09-gnss_raw.txt,2436,443340.000,BDS,20,58.0,30.0,33.0,是
0703002-0918-11-09-gnss_raw.txt,2436,443340.000,BDS,35,17.0,284.0,29.0,是
0703002-0918-11-09-gnss_raw.txt,2436,443340.000,BDS,37,46.0,76.0,32.0,是
0703002-0918-11-09-gnss_raw.txt,2436,443341.000,GPS,13,28.0,134.0,33.0,是
0703002-0918-11-09-gnss_raw.txt,2436,443341.000,GPS,15,0.0,0.0,25.0,是
0703002-0918-11-09-gnss_raw.txt,2436,443341.000,GPS,18,45.0,213.0,32.0,是
0703002-0918-11-09-gnss_raw.txt,2436,443341.000,GPS,20,0.0,0.0,21.0,是
0703002-0918-11-09-gnss_raw.txt,2436,443341.000,GPS,23,0.0,0.0,31.0,是
0703002-0918-11-09-gnss_raw.txt,2436,443341.000,GPS,24,64.0,45.0,34.0,是
0703002-0918-11-09-gnss_raw.txt,2436,443341.000,GPS,32,0.0,0.0,27.0,是
0703002-0918-11-09-gnss_raw.txt,2436,443341.000,GLONASS,68,19.0,69.0,26.0,是
0703002-0918-11-09-gnss_raw.txt,2436,443341.000,GLONASS,70,29.0,313.0,28.0,是
0703002-0918-11-09-gnss_raw.txt,2436,443341.000,GLONASS,79,47.0,91.0,36.0,是
0703002-0918-11-09-gnss_raw.txt,2436,443341.000,GLONASS,80,27.0,160.0,35.0,是
0703002-0918-11-09-gnss_raw.txt,2436,443341.000,GLONASS,84,35.0,239.0,29.0,是
0703002-0918-11-09-gnss_raw.txt,2436,443341.000,GLONASS,85,0.0,0.0,30.0,是
0703002-0918-11-09-gnss_raw.txt,2436,443341.000,Galileo,13,0.0,0.0,25.0,是
0703002-0918-11-09-gnss_raw.txt,2436,443341.000,Galileo,26,60.0,269.0,35.0,是
0703002-0918-11-09-gnss_raw.txt,2436,443341.000,Galileo,29,34.0,272.0,28.0,是
0703002-0918-11-09-gnss_raw.txt,2436,443341.000,QZSS,3,42.0,168.0,31.0,是
0703002-0918-11-09-gnss_raw.txt,2436,443341.000,QZSS,7,53.0,169.0,18.0,是
0703002-0918-11-09-gnss_raw.txt,2436,443341.000,BDS,1,48.0,147.0,30.0,是
0703002-0918-11-09-gnss_raw.txt,2436,443341.000,BDS,2,0.0,0.0,32.0,是
0703002-0918-11-09-gnss_raw.txt,2436,443341.000,BDS,3,0.0,0.0,26.0,是
0703002-0918-11-09-gnss_raw.txt,2436,443341.000,BDS,4,37.0,120.0,31.0,是
0703002-0918-11-09-gnss_raw.txt,2436,443341.000,BDS,6,69.0,39.0,30.0,是
0703002-0918-11-09-gnss_raw.txt,2436,443341.000,BDS,7,59.0,189.0,25.0,是
0703002-0918-11-09-gnss_raw.txt,2436,443341.000,BDS,10,49.0,190.0,21.0,是
0703002-0918-11-09-gnss_raw.txt,2436,443341.000,BDS,11,0.0,0.0,26.0,是
0703002-0918-11-09-gnss_raw.txt,2436,443341.000,BDS,20,58.0,30.0,32.0,是
0703002-0918-11-09-gnss_raw.txt,2436,443341.000,BDS,35,17.0,284.0,27.0,是
0703002-0918-11-09-gnss_raw.txt,2436,443341.000,BDS,37,46.0,76.0,32.0,是
0703002-0918-11-09-gnss_raw.txt,2436,443342.000,GPS,13,28.0,134.0,30.0,是
0703002-0918-11-09-gnss_raw.txt,2436,443342.000,GPS,15,0.0,0.0,21.0,是
0703002-0918-11-09-gnss_raw.txt,2436,443342.000,GPS,18,45.0,213.0,32.0,是
0703002-0918-11-09-gnss_raw.txt,2436,443342.000,GPS,20,0.0,0.0,19.0,是
0703002-0918-11-09-gnss_raw.txt,2436,443342.000,GPS,23,0.0,0.0,30.0,是
0703002-0918-11-09-gnss_raw.txt,2436,443342.000,GPS,24,64.0,45.0,34.0,是
0703002-0918-11-09-gnss_raw.txt,2436,443342.000,GPS,32,0.0,0.0,27.0,是
0703002-0918-11-09-gnss_raw.txt,2436,443342.000,GLONASS,68,19.0,69.0,26.0,是
0703002-0918-11-09-gnss_raw.txt,2436,443342.000,GLONASS,70,29.0,313.0,29.0,是
0703002-0918-11-09-gnss_raw.txt,2436,443342.000,GLONASS,79,47.0,91.0,34.0,是
0703002-0918-11-09-gnss_raw.txt,2436,443342.000,GLONASS,80,27.0,160.0,36.0,是
0703002-0918-11-09-gnss_raw.txt,2436,443342.000,GLONASS,84,35.0,239.0,23.0,是
0703002-0918-11-09-gnss_raw.txt,2436,443342.000,GLONASS,85,0.0,0.0,29.0,是
0703002-0918-11-09-gnss_raw.txt,2436,443342.000,Galileo,26,60.0,269.0,36.0,是
0703002-0918-11-09-gnss_raw.txt,2436,443342.000,Galileo,29,0.0,0.0,30.0,是
0703002-0918-11-09-gnss_raw.txt,2436,443342.000,QZSS,3,42.0,168.0,32.0,是
0703002-0918-11-09-gnss_raw.txt,2436,443342.000,QZSS,7,53.0,169.0,19.0,是
0703002-0918-11-09-gnss_raw.txt,2436,443342.000,BDS,1,48.0,147.0,29.0,是
0703002-0918-11-09-gnss_raw.txt,2436,443342.000,BDS,2,0.0,0.0,32.0,是
0703002-0918-11-09-gnss_raw.txt,2436,443342.000,BDS,3,0.0,0.0,39.0,是
0703002-0918-11-09-gnss_raw.txt,2436,443342.000,BDS,4,37.0,120.0,31.0,是
0703002-0918-11-09-gnss_raw.txt,2436,443342.000,BDS,6,69.0,39.0,28.0,是
0703002-0918-11-09-gnss_raw.txt,2436,443342.000,BDS,7,59.0,189.0,24.0,是
0703002-0918-11-09-gnss_raw.txt,2436,443342.000,BDS,10,49.0,190.0,24.0,是
0703002-0918-11-09-gnss_raw.txt,2436,443342.000,BDS,11,0.0,0.0,28.0,是
0703002-0918-11-09-gnss_raw.txt,2436,443342.000,BDS,20,58.0,30.0,30.0,是
0703002-0918-11-09-gnss_raw.txt,2436,443342.000,BDS,35,17.0,284.0,27.0,是
0703002-0918-11-09-gnss_raw.txt,2436,443342.000,BDS,37,46.0,76.0,30.0,是
0703002-0918-11-09-gnss_raw.txt,2436,443343.000,GPS,13,28.0,134.0,29.0,是
0703002-0918-11-09-gnss_raw.txt,2436,443343.000,GPS,15,0.0,0.0,20.0,是
0703002-0918-11-09-gnss_raw.txt,2436,443343.000,GPS,18,45.0,213.0,32.0,是
0703002-0918-11-09-gnss_raw.txt,2436,443343.000,GPS,20,0.0,0.0,17.0,是
0703002-0918-11-09-gnss_raw.txt,2436,443343.000,GPS,23,0.0,0.0,30.0,是
0703002-0918-11-09-gnss_raw.txt,2436,443343.000,GPS,24,64.0,45.0,34.0,是
0703002-0918-11-09-gnss_raw.txt,2436,443343.000,GPS,32,0.0,0.0,25.0,是
0703002-0918-11-09-gnss_raw.txt,2436,443343.000,GLONASS,68,19.0,69.0,26.0,是
0703002-0918-11-09-gnss_raw.txt,2436,443343.000,GLONASS,70,29.0,313.0,27.0,是
0703002-0918-11-09-gnss_raw.txt,2436,443343.000,GLONASS,79,47.0,91.0,28.0,是
0703002-0918-11-09-gnss_raw.txt,2436,443343.000,GLONASS,80,27.0,160.0,34.0,是
0703002-0918-11-09-gnss_raw.txt,2436,443343.000,GLONASS,84,35.0,239.0,21.0,是
0703002-0918-11-09-gnss_raw.txt,2436,443343.000,GLONASS,85,0.0,0.0,30.0,是
0703002-0918-11-09-gnss_raw.txt,2436,443343.000,Galileo,26,60.0,269.0,36.0,是
0703002-0918-11-09-gnss_raw.txt,2436,443343.000,Galileo,29,0.0,0.0,29.0,是
0703002-0918-11-09-gnss_raw.txt,2436,443343.000,QZSS,3,42.0,168.0,32.0,是
0703002-0918-11-09-gnss_raw.txt,2436,443343.000,QZSS,7,53.0,169.0,20.0,是
0703002-0918-11-09-gnss_raw.txt,2436,443343.000,BDS,1,48.0,147.0,27.0,是
0703002-0918-11-09-gnss_raw.txt,2436,443343.000,BDS,3,0.0,0.0,35.0,是
0703002-0918-11-09-gnss_raw.txt,2436,443343.000,BDS,4,37.0,120.0,36.0,是
0703002-0918-11-09-gnss_raw.txt,2436,443343.000,BDS,6,69.0,39.0,27.0,是
0703002-0918-11-09-gnss_raw.txt,2436,443343.000,BDS,7,59.0,189.0,25.0,是
0703002-0918-11-09-gnss_raw.txt,2436,443343.000,BDS,10,49.0,190.0,23.0,是
0703002-0918-11-09-gnss_raw.txt,2436,443343.000,BDS,11,0.0,0.0,28.0,是
0703002-0918-11-09-gnss_raw.txt,2436,443343.000,BDS,20,58.0,30.0,31.0,是
0703002-0918-11-09-gnss_raw.txt,2436,443343.000,BDS,35,17.0,284.0,27.0,是
0703002-0918-11-09-gnss_raw.txt,2436,443343.000,BDS,37,46.0,76.0,27.0,是
0703002-0918-11-09-gnss_raw.txt,2436,443344.000,GPS,13,28.0,134.0,31.0,是
0703002-0918-11-09-gnss_raw.txt,2436,443344.000,GPS,15,0.0,0.0,22.0,是
0703002-0918-11-09-gnss_raw.txt,2436,443344.000,GPS,18,45.0,213.0,31.0,是
0703002-0918-11-09-gnss_raw.txt,2436,443344.000,GPS,20,0.0,0.0,19.0,是
0703002-0918-11-09-gnss_raw.txt,2436,443344.000,GPS,23,0.0,0.0,30.0,是
0703002-0918-11-09-gnss_raw.txt,2436,443344.000,GPS,24,64.0,45.0,34.0,是
0703002-0918-11-09-gnss_raw.txt,2436,443344.000,GPS,32,0.0,0.0,22.0,是
0703002-0918-11-09-gnss_raw.txt,2436,443344.000,GLONASS,68,19.0,69.0,27.0,是
0703002-0918-11-09-gnss_raw.txt,2436,443344.000,GLONASS,70,29.0,313.0,29.0,是
0703002-0918-11-09-gnss_raw.txt,2436,443344.000,GLONASS,79,47.0,91.0,34.0,是
0703002-0918-11-09-gnss_raw.txt,2436,443344.000,GLONASS,80,27.0,160.0,34.0,是
0703002-0918-11-09-gnss_raw.txt,2436,443344.000,GLONASS,84,35.0,239.0,24.0,是
0703002-0918-11-09-gnss_raw.txt,2436,443344.000,GLONASS,85,0.0,0.0,28.0,是
0703002-0918-11-09-gnss_raw.txt,2436,443344.000,Galileo,26,60.0,269.0,36.0,是
0703002-0918-11-09-gnss_raw.txt,2436,443344.000,Galileo,29,34.0,272.0,29.0,是
0703002-0918-11-09-gnss_raw.txt,2436,443344.000,QZSS,3,42.0,168.0,29.0,是
0703002-0918-11-09-gnss_raw.txt,2436,443344.000,QZSS,7,53.0,169.0,20.0,是
0703002-0918-11-09-gnss_raw.txt,2436,443344.000,BDS,1,48.0,147.0,30.0,是
0703002-0918-11-09-gnss_raw.txt,2436,443344.000,BDS,3,0.0,0.0,34.0,是
0703002-0918-11-09-gnss_raw.txt,2436,443344.000,BDS,4,37.0,120.0,30.0,是
0703002-0918-11-09-gnss_raw.txt,2436,443344.000,BDS,6,69.0,39.0,29.0,是
0703002-0918-11-09-gnss_raw.txt,2436,443344.000,BDS,7,59.0,189.0,23.0,是
0703002-0918-11-09-gnss_raw.txt,2436,443344.000,BDS,10,49.0,190.0,19.0,是
0703002-0918-11-09-gnss_raw.txt,2436,443344.000,BDS,11,0.0,0.0,27.0,是
0703002-0918-11-09-gnss_raw.txt,2436,443344.000,BDS,20,58.0,30.0,32.0,是
0703002-0918-11-09-gnss_raw.txt,2436,443344.000,BDS,37,46.0,76.0,30.0,是
0703002-0918-11-09-gnss_raw.txt,2436,443345.000,GPS,13,28.0,134.0,32.0,是
0703002-0918-11-09-gnss_raw.txt,2436,443345.000,GPS,15,0.0,0.0,21.0,是
0703002-0918-11-09-gnss_raw.txt,2436,443345.000,GPS,18,45.0,213.0,30.0,是
0703002-0918-11-09-gnss_raw.txt,2436,443345.000,GPS,20,0.0,0.0,20.0,是
0703002-0918-11-09-gnss_raw.txt,2436,443345.000,GPS,23,0.0,0.0,30.0,是
0703002-0918-11-09-gnss_raw.txt,2436,443345.000,GPS,24,64.0,45.0,34.0,是
0703002-0918-11-09-gnss_raw.txt,2436,443345.000,GPS,32,0.0,0.0,21.0,是
0703002-0918-11-09-gnss_raw.txt,2436,443345.000,GLONASS,68,19.0,69.0,30.0,是
0703002-0918-11-09-gnss_raw.txt,2436,443345.000,GLONASS,70,29.0,313.0,30.0,是
0703002-0918-11-09-gnss_raw.txt,2436,443345.000,GLONASS,79,47.0,91.0,34.0,是
0703002-0918-11-09-gnss_raw.txt,2436,443345.000,GLONASS,80,27.0,160.0,36.0,是
0703002-0918-11-09-gnss_raw.txt,2436,443345.000,GLONASS,84,35.0,239.0,25.0,是
0703002-0918-11-09-gnss_raw.txt,2436,443345.000,GLONASS,85,0.0,0.0,28.0,是
0703002-0918-11-09-gnss_raw.txt,2436,443345.000,Galileo,26,60.0,269.0,36.0,是
0703002-0918-11-09-gnss_raw.txt,2436,443345.000,Galileo,29,34.0,272.0,29.0,是
0703002-0918-11-09-gnss_raw.txt,2436,443345.000,QZSS,3,42.0,168.0,32.0,是
0703002-0918-11-09-gnss_raw.txt,2436,443345.000,QZSS,7,53.0,169.0,23.0,是
0703002-0918-11-09-gnss_raw.txt,2436,443345.000,BDS,1,48.0,147.0,30.0,是
0703002-0918-11-09-gnss_raw.txt,2436,443345.000,BDS,3,0.0,0.0,36.0,是
0703002-0918-11-09-gnss_raw.txt,2436,443345.000,BDS,4,37.0,120.0,29.0,是
0703002-0918-11-09-gnss_raw.txt,2436,443345.000,BDS,6,69.0,39.0,30.0,是
0703002-0918-11-09-gnss_raw.txt,2436,443345.000,BDS,7,59.0,189.0,24.0,是
0703002-0918-11-09-gnss_raw.txt,2436,443345.000,BDS,10,49.0,190.0,16.0,是
0703002-0918-11-09-gnss_raw.txt,2436,443345.000,BDS,11,0.0,0.0,24.0,是
0703002-0918-11-09-gnss_raw.txt,2436,443345.000,BDS,20,58.0,30.0,32.0,是
0703002-0918-11-09-gnss_raw.txt,2436,443345.000,BDS,37,46.0,76.0,31.0,是
0703002-0918-11-09-gnss_raw.txt,2436,443346.000,GPS,13,28.0,134.0,32.0,是
0703002-0918-11-09-gnss_raw.txt,2436,443346.000,GPS,15,0.0,0.0,21.0,是
0703002-0918-11-09-gnss_raw.txt,2436,443346.000,GPS,18,45.0,213.0,30.0,是
0703002-0918-11-09-gnss_raw.txt,2436,443346.000,GPS,20,0.0,0.0,20.0,是
0703002-0918-11-09-gnss_raw.txt,2436,443346.000,GPS,23,0.0,0.0,30.0,是
0703002-0918-11-09-gnss_raw.txt,2436,443346.000,GPS,24,64.0,44.0,35.0,是
0703002-0918-11-09-gnss_raw.txt,2436,443346.000,GPS,32,0.0,0.0,21.0,是
0703002-0918-11-09-gnss_raw.txt,2436,443346.000,GLONASS,68,19.0,69.0,33.0,是
0703002-0918-11-09-gnss_raw.txt,2436,443346.000,GLONASS,70,29.0,313.0,32.0,是
0703002-0918-11-09-gnss_raw.txt,2436,443346.000,GLONASS,79,47.0,91.0,34.0,是
0703002-0918-11-09-gnss_raw.txt,2436,443346.000,GLONASS,80,27.0,160.0,36.0,是
0703002-0918-11-09-gnss_raw.txt,2436,443346.000,GLONASS,84,35.0,239.0,29.0,是
0703002-0918-11-09-gnss_raw.txt,2436,443346.000,GLONASS,85,0.0,0.0,26.0,是
0703002-0918-11-09-gnss_raw.txt,2436,443346.000,Galileo,13,0.0,0.0,27.0,是
0703002-0918-11-09-gnss_raw.txt,2436,443346.000,Galileo,26,60.0,269.0,36.0,是
0703002-0918-11-09-gnss_raw.txt,2436,443346.000,Galileo,29,34.0,272.0,28.0,是
0703002-0918-11-09-gnss_raw.txt,2436,443346.000,QZSS,3,42.0,168.0,33.0,是
0703002-0918-11-09-gnss_raw.txt,2436,443346.000,QZSS,7,53.0,169.0,23.0,是
0703002-0918-11-09-gnss_raw.txt,2436,443346.000,BDS,1,48.0,147.0,30.0,是
0703002-0918-11-09-gnss_raw.txt,2436,443346.000,BDS,3,0.0,0.0,37.0,是
0703002-0918-11-09-gnss_raw.txt,2436,443346.000,BDS,4,37.0,120.0,31.0,是
0703002-0918-11-09-gnss_raw.txt,2436,443346.000,BDS,6,69.0,39.0,30.0,是
0703002-0918-11-09-gnss_raw.txt,2436,443346.000,BDS,7,59.0,189.0,25.0,是
0703002-0918-11-09-gnss_raw.txt,2436,443346.000,BDS,10,49.0,190.0,18.0,是
0703002-0918-11-09-gnss_raw.txt,2436,443346.000,BDS,11,0.0,0.0,24.0,是
0703002-0918-11-09-gnss_raw.txt,2436,443346.000,BDS,20,58.0,30.0,33.0,是
0703002-0918-11-09-gnss_raw.txt,2436,443346.000,BDS,37,46.0,76.0,32.0,是
0703002-0918-11-09-gnss_raw.txt,2436,443347.000,GPS,13,28.0,134.0,32.0,是
0703002-0918-11-09-gnss_raw.txt,2436,443347.000,GPS,15,0.0,0.0,23.0,是
0703002-0918-11-09-gnss_raw.txt,2436,443347.000,GPS,18,45.0,213.0,30.0,是
0703002-0918-11-09-gnss_raw.txt,2436,443347.000,GPS,20,0.0,0.0,20.0,是
0703002-0918-11-09-gnss_raw.txt,2436,443347.000,GPS,23,0.0,0.0,30.0,是
0703002-0918-11-09-gnss_raw.txt,2436,443347.000,GPS,24,64.0,44.0,35.0,是
0703002-0918-11-09-gnss_raw.txt,2436,443347.000,GPS,32,0.0,0.0,19.0,是
0703002-0918-11-09-gnss_raw.txt,2436,443347.000,GLONASS,68,19.0,69.0,32.0,是
0703002-0918-11-09-gnss_raw.txt,2436,443347.000,GLONASS,70,29.0,313.0,30.0,是
0703002-0918-11-09-gnss_raw.txt,2436,443347.000,GLONASS,79,47.0,91.0,35.0,是
0703002-0918-11-09-gnss_raw.txt,2436,443347.000,GLONASS,80,27.0,160.0,37.0,是
0703002-0918-11-09-gnss_raw.txt,2436,443347.000,GLONASS,84,35.0,239.0,29.0,是
0703002-0918-11-09-gnss_raw.txt,2436,443347.000,GLONASS,85,0.0,0.0,25.0,是
0703002-0918-11-09-gnss_raw.txt,2436,443347.000,Galileo,13,0.0,0.0,27.0,是
0703002-0918-11-09-gnss_raw.txt,2436,443347.000,Galileo,26,60.0,269.0,37.0,是
0703002-0918-11-09-gnss_raw.txt,2436,443347.000,Galileo,29,34.0,272.0,28.0,是
0703002-0918-11-09-gnss_raw.txt,2436,443347.000,QZSS,3,42.0,168.0,33.0,是
0703002-0918-11-09-gnss_raw.txt,2436,443347.000,QZSS,7,53.0,169.0,23.0,是
0703002-0918-11-09-gnss_raw.txt,2436,443347.000,BDS,1,48.0,147.0,30.0,是
0703002-0918-11-09-gnss_raw.txt,2436,443347.000,BDS,3,0.0,0.0,37.0,是
0703002-0918-11-09-gnss_raw.txt,2436,443347.000,BDS,4,37.0,120.0,29.0,是
0703002-0918-11-09-gnss_raw.txt,2436,443347.000,BDS,6,69.0,39.0,30.0,是
0703002-0918-11-09-gnss_raw.txt,2436,443347.000,BDS,7,59.0,189.0,25.0,是
0703002-0918-11-09-gnss_raw.txt,2436,443347.000,BDS,10,49.0,190.0,18.0,是
0703002-0918-11-09-gnss_raw.txt,2436,443347.000,BDS,11,0.0,0.0,22.0,是
0703002-0918-11-09-gnss_raw.txt,2436,443347.000,BDS,20,58.0,30.0,33.0,是
0703002-0918-11-09-gnss_raw.txt,2436,443347.000,BDS,37,46.0,76.0,32.0,是
0703002-0918-11-09-gnss_raw.txt,2436,443348.000,GPS,13,28.0,134.0,32.0,是
0703002-0918-11-09-gnss_raw.txt,2436,443348.000,GPS,15,0.0,0.0,24.0,是
0703002-0918-11-09-gnss_raw.txt,2436,443348.000,GPS,18,45.0,213.0,30.0,是
0703002-0918-11-09-gnss_raw.txt,2436,443348.000,GPS,20,0.0,0.0,20.0,是
0703002-0918-11-09-gnss_raw.txt,2436,443348.000,GPS,23,0.0,0.0,30.0,是
0703002-0918-11-09-gnss_raw.txt,2436,443348.000,GPS,24,64.0,44.0,35.0,是
0703002-0918-11-09-gnss_raw.txt,2436,443348.000,GPS,32,0.0,0.0,26.0,是
0703002-0918-11-09-gnss_raw.txt,2436,443348.000,GLONASS,68,19.0,70.0,32.0,是
0703002-0918-11-09-gnss_raw.txt,2436,443348.000,GLONASS,70,29.0,313.0,29.0,是
0703002-0918-11-09-gnss_raw.txt,2436,443348.000,GLONASS,79,47.0,91.0,34.0,是
0703002-0918-11-09-gnss_raw.txt,2436,443348.000,GLONASS,80,27.0,160.0,38.0,是
0703002-0918-11-09-gnss_raw.txt,2436,443348.000,GLONASS,84,35.0,239.0,30.0,是
0703002-0918-11-09-gnss_raw.txt,2436,443348.000,GLONASS,85,0.0,0.0,26.0,是
0703002-0918-11-09-gnss_raw.txt,2436,443348.000,Galileo,13,0.0,0.0,25.0,是
0703002-0918-11-09-gnss_raw.txt,2436,443348.000,Galileo,26,60.0,269.0,37.0,是
0703002-0918-11-09-gnss_raw.txt,2436,443348.000,Galileo,29,34.0,272.0,28.0,是
0703002-0918-11-09-gnss_raw.txt,2436,443348.000,QZSS,3,42.0,168.0,33.0,是
0703002-0918-11-09-gnss_raw.txt,2436,443348.000,QZSS,7,53.0,169.0,22.0,是
0703002-0918-11-09-gnss_raw.txt,2436,443348.000,BDS,1,48.0,147.0,30.0,是
0703002-0918-11-09-gnss_raw.txt,2436,443348.000,BDS,3,0.0,0.0,37.0,是
0703002-0918-11-09-gnss_raw.txt,2436,443348.000,BDS,4,37.0,120.0,28.0,是
0703002-0918-11-09-gnss_raw.txt,2436,443348.000,BDS,6,69.0,39.0,30.0,是
0703002-0918-11-09-gnss_raw.txt,2436,443348.000,BDS,7,59.0,189.0,26.0,是
0703002-0918-11-09-gnss_raw.txt,2436,443348.000,BDS,10,49.0,190.0,18.0,是
0703002-0918-11-09-gnss_raw.txt,2436,443348.000,BDS,11,0.0,0.0,20.0,是
0703002-0918-11-09-gnss_raw.txt,2436,443348.000,BDS,20,58.0,30.0,33.0,是
0703002-0918-11-09-gnss_raw.txt,2436,443348.000,BDS,37,46.0,76.0,32.0,是
0703002-0918-11-09-gnss_raw.txt,2436,443349.000,GPS,13,28.0,134.0,33.0,是
0703002-0918-11-09-gnss_raw.txt,2436,443349.000,GPS,15,0.0,0.0,24.0,是
0703002-0918-11-09-gnss_raw.txt,2436,443349.000,GPS,18,45.0,213.0,30.0,是
0703002-0918-11-09-gnss_raw.txt,2436,443349.000,GPS,20,0.0,0.0,20.0,是
0703002-0918-11-09-gnss_raw.txt,2436,443349.000,GPS,23,0.0,0.0,30.0,是
0703002-0918-11-09-gnss_raw.txt,2436,443349.000,GPS,24,64.0,44.0,35.0,是
0703002-0918-11-09-gnss_raw.txt,2436,443349.000,GPS,32,0.0,0.0,27.0,是
0703002-0918-11-09-gnss_raw.txt,2436,443349.000,GLONASS,68,19.0,70.0,32.0,是
0703002-0918-11-09-gnss_raw.txt,2436,443349.000,GLONASS,70,29.0,313.0,30.0,是
0703002-0918-11-09-gnss_raw.txt,2436,443349.000,GLONASS,79,47.0,91.0,35.0,是
0703002-0918-11-09-gnss_raw.txt,2436,443349.000,GLONASS,80,27.0,160.0,38.0,是
0703002-0918-11-09-gnss_raw.txt,2436,443349.000,GLONASS,84,35.0,239.0,30.0,是
0703002-0918-11-09-gnss_raw.txt,2436,443349.000,GLONASS,85,0.0,0.0,27.0,是
0703002-0918-11-09-gnss_raw.txt,2436,443349.000,Galileo,13,0.0,0.0,26.0,是
0703002-0918-11-09-gnss_raw.txt,2436,443349.000,Galileo,26,60.0,269.0,37.0,是
0703002-0918-11-09-gnss_raw.txt,2436,443349.000,Galileo,29,34.0,272.0,29.0,是
0703002-0918-11-09-gnss_raw.txt,2436,443349.000,QZSS,3,42.0,168.0,33.0,是
0703002-0918-11-09-gnss_raw.txt,2436,443349.000,QZSS,7,53.0,169.0,24.0,是
0703002-0918-11-09-gnss_raw.txt,2436,443349.000,BDS,1,48.0,147.0,31.0,是
0703002-0918-11-09-gnss_raw.txt,2436,443349.000,BDS,3,0.0,0.0,37.0,是
0703002-0918-11-09-gnss_raw.txt,2436,443349.000,BDS,4,37.0,120.0,29.0,是
0703002-0918-11-09-gnss_raw.txt,2436,443349.000,BDS,6,69.0,39.0,31.0,是
0703002-0918-11-09-gnss_raw.txt,2436,443349.000,BDS,7,59.0,189.0,26.0,是
0703002-0918-11-09-gnss_raw.txt,2436,443349.000,BDS,10,49.0,190.0,19.0,是
0703002-0918-11-09-gnss_raw.txt,2436,443349.000,BDS,11,0.0,0.0,21.0,是
0703002-0918-11-09-gnss_raw.txt,2436,443349.000,BDS,20,58.0,30.0,33.0,是
0703002-0918-11-09-gnss_raw.txt,2436,443349.000,BDS,37,46.0,76.0,32.0,是
0703002-0918-11-09-gnss_raw.txt,2436,443350.000,GPS,13,28.0,134.0,34.0,是
0703002-0918-11-09-gnss_raw.txt,2436,443350.000,GPS,15,0.0,0.0,24.0,是
0703002-0918-11-09-gnss_raw.txt,2436,443350.000,GPS,18,45.0,213.0,29.0,是
0703002-0918-11-09-gnss_raw.txt,2436,443350.000,GPS,23,0.0,0.0,30.0,是
0703002-0918-11-09-gnss_raw.txt,2436,443350.000,GPS,24,64.0,44.0,35.0,是
0703002-0918-11-09-gnss_raw.txt,2436,443350.000,GPS,32,0.0,0.0,27.0,是
0703002-0918-11-09-gnss_raw.txt,2436,443350.000,GLONASS,68,19.0,70.0,30.0,是
0703002-0918-11-09-gnss_raw.txt,2436,443350.000,GLONASS,70,29.0,314.0,31.0,是
0703002-0918-11-09-gnss_raw.txt,2436,443350.000,GLONASS,79,47.0,91.0,35.0,是
0703002-0918-11-09-gnss_raw.txt,2436,443350.000,GLONASS,80,27.0,160.0,39.0,是
0703002-0918-11-09-gnss_raw.txt,2436,443350.000,GLONASS,84,35.0,239.0,30.0,是
0703002-0918-11-09-gnss_raw.txt,2436,443350.000,GLONASS,85,0.0,0.0,28.0,是
0703002-0918-11-09-gnss_raw.txt,2436,443350.000,Galileo,13,0.0,0.0,26.0,是
0703002-0918-11-09-gnss_raw.txt,2436,443350.000,Galileo,26,60.0,269.0,37.0,是
0703002-0918-11-09-gnss_raw.txt,2436,443350.000,Galileo,29,34.0,272.0,29.0,是
0703002-0918-11-09-gnss_raw.txt,2436,443350.000,QZSS,3,42.0,168.0,33.0,是
0703002-0918-11-09-gnss_raw.txt,2436,443350.000,QZSS,7,53.0,169.0,24.0,是
0703002-0918-11-09-gnss_raw.txt,2436,443350.000,BDS,1,48.0,147.0,30.0,是
0703002-0918-11-09-gnss_raw.txt,2436,443350.000,BDS,3,0.0,0.0,37.0,是
0703002-0918-11-09-gnss_raw.txt,2436,443350.000,BDS,4,37.0,120.0,30.0,是
0703002-0918-11-09-gnss_raw.txt,2436,443350.000,BDS,6,69.0,39.0,31.0,是
0703002-0918-11-09-gnss_raw.txt,2436,443350.000,BDS,7,59.0,189.0,26.0,是
0703002-0918-11-09-gnss_raw.txt,2436,443350.000,BDS,10,49.0,190.0,16.0,是
0703002-0918-11-09-gnss_raw.txt,2436,443350.000,BDS,11,0.0,0.0,20.0,是
0703002-0918-11-09-gnss_raw.txt,2436,443350.000,BDS,20,58.0,30.0,33.0,是
0703002-0918-11-09-gnss_raw.txt,2436,443350.000,BDS,37,46.0,76.0,32.0,是
0703002-0918-11-09-gnss_raw.txt,2436,443351.000,GPS,13,28.0,134.0,33.0,是
0703002-0918-11-09-gnss_raw.txt,2436,443351.000,GPS,15,0.0,0.0,24.0,是
0703002-0918-11-09-gnss_raw.txt,2436,443351.000,GPS,18,45.0,213.0,29.0,是
0703002-0918-11-09-gnss_raw.txt,2436,443351.000,GPS,23,0.0,0.0,31.0,是
0703002-0918-11-09-gnss_raw.txt,2436,443351.000,GPS,24,64.0,44.0,35.0,是
0703002-0918-11-09-gnss_raw.txt,2436,443351.000,GPS,32,0.0,0.0,27.0,是
0703002-0918-11-09-gnss_raw.txt,2436,443351.000,GLONASS,68,19.0,70.0,31.0,是
0703002-0918-11-09-gnss_raw.txt,2436,443351.000,GLONASS,70,29.0,314.0,31.0,是
0703002-0918-11-09-gnss_raw.txt,2436,443351.000,GLONASS,79,47.0,91.0,35.0,是
0703002-0918-11-09-gnss_raw.txt,2436,443351.000,GLONASS,80,27.0,160.0,39.0,是
0703002-0918-11-09-gnss_raw.txt,2436,443351.000,GLONASS,84,35.0,239.0,29.0,是
0703002-0918-11-09-gnss_raw.txt,2436,443351.000,GLONASS,85,0.0,0.0,28.0,是
0703002-0918-11-09-gnss_raw.txt,2436,443351.000,Galileo,13,0.0,0.0,26.0,是
0703002-0918-11-09-gnss_raw.txt,2436,443351.000,Galileo,26,60.0,269.0,37.0,是
0703002-0918-11-09-gnss_raw.txt,2436,443351.000,Galileo,29,34.0,272.0,30.0,是
0703002-0918-11-09-gnss_raw.txt,2436,443351.000,QZSS,3,42.0,168.0,33.0,是
0703002-0918-11-09-gnss_raw.txt,2436,443351.000,QZSS,7,53.0,169.0,24.0,是
0703002-0918-11-09-gnss_raw.txt,2436,443351.000,BDS,1,48.0,147.0,29.0,是
0703002-0918-11-09-gnss_raw.txt,2436,443351.000,BDS,3,0.0,0.0,37.0,是
0703002-0918-11-09-gnss_raw.txt,2436,443351.000,BDS,4,37.0,120.0,32.0,是
0703002-0918-11-09-gnss_raw.txt,2436,443351.000,BDS,6,69.0,39.0,30.0,是
0703002-0918-11-09-gnss_raw.txt,2436,443351.000,BDS,7,59.0,189.0,26.0,是
0703002-0918-11-09-gnss_raw.txt,2436,443351.000,BDS,10,49.0,190.0,30.0,是
0703002-0918-11-09-gnss_raw.txt,2436,443351.000,BDS,11,0.0,0.0,19.0,是
0703002-0918-11-09-gnss_raw.txt,2436,443351.000,BDS,20,58.0,30.0,33.0,是
0703002-0918-11-09-gnss_raw.txt,2436,443351.000,BDS,37,46.0,76.0,32.0,是
0703002-0918-11-09-gnss_raw.txt,2436,443352.000,GPS,13,28.0,134.0,33.0,是
0703002-0918-11-09-gnss_raw.txt,2436,443352.000,GPS,15,0.0,0.0,24.0,是
0703002-0918-11-09-gnss_raw.txt,2436,443352.000,GPS,18,45.0,213.0,30.0,是
0703002-0918-11-09-gnss_raw.txt,2436,443352.000,GPS,23,0.0,0.0,30.0,是
0703002-0918-11-09-gnss_raw.txt,2436,443352.000,GPS,24,64.0,44.0,35.0,是
0703002-0918-11-09-gnss_raw.txt,2436,443352.000,GPS,32,0.0,0.0,27.0,是
0703002-0918-11-09-gnss_raw.txt,2436,443352.000,GLONASS,68,19.0,70.0,31.0,是
0703002-0918-11-09-gnss_raw.txt,2436,443352.000,GLONASS,70,29.0,314.0,31.0,是
0703002-0918-11-09-gnss_raw.txt,2436,443352.000,GLONASS,79,47.0,91.0,35.0,是
0703002-0918-11-09-gnss_raw.txt,2436,443352.000,GLONASS,80,27.0,160.0,39.0,是
0703002-0918-11-09-gnss_raw.txt,2436,443352.000,GLONASS,84,35.0,239.0,28.0,是
0703002-0918-11-09-gnss_raw.txt,2436,443352.000,GLONASS,85,0.0,0.0,27.0,是
0703002-0918-11-09-gnss_raw.txt,2436,443352.000,Galileo,13,0.0,0.0,27.0,是
0703002-0918-11-09-gnss_raw.txt,2436,443352.000,Galileo,26,60.0,269.0,36.0,是
0703002-0918-11-09-gnss_raw.txt,2436,443352.000,Galileo,29,34.0,272.0,29.0,是
0703002-0918-11-09-gnss_raw.txt,2436,443352.000,QZSS,3,42.0,168.0,33.0,是
0703002-0918-11-09-gnss_raw.txt,2436,443352.000,QZSS,7,53.0,169.0,25.0,是
0703002-0918-11-09-gnss_raw.txt,2436,443352.000,BDS,1,48.0,147.0,31.0,是
0703002-0918-11-09-gnss_raw.txt,2436,443352.000,BDS,3,0.0,0.0,37.0,是
0703002-0918-11-09-gnss_raw.txt,2436,443352.000,BDS,4,37.0,120.0,31.0,是
0703002-0918-11-09-gnss_raw.txt,2436,443352.000,BDS,6,69.0,39.0,30.0,是
0703002-0918-11-09-gnss_raw.txt,2436,443352.000,BDS,7,59.0,189.0,26.0,是
0703002-0918-11-09-gnss_raw.txt,2436,443352.000,BDS,10,49.0,190.0,29.0,是
0703002-0918-11-09-gnss_raw.txt,2436,443352.000,BDS,11,0.0,0.0,19.0,是
0703002-0918-11-09-gnss_raw.txt,2436,443352.000,BDS,20,58.0,30.0,33.0,是
0703002-0918-11-09-gnss_raw.txt,2436,443352.000,BDS,37,46.0,76.0,32.0,是
0703002-0918-11-09-gnss_raw.txt,2436,443353.000,GPS,13,28.0,134.0,32.0,是
0703002-0918-11-09-gnss_raw.txt,2436,443353.000,GPS,15,0.0,0.0,24.0,是
0703002-0918-11-09-gnss_raw.txt,2436,443353.000,GPS,18,45.0,213.0,30.0,是
0703002-0918-11-09-gnss_raw.txt,2436,443353.000,GPS,23,0.0,0.0,30.0,是
0703002-0918-11-09-gnss_raw.txt,2436,443353.000,GPS,24,64.0,44.0,35.0,是
0703002-0918-11-09-gnss_raw.txt,2436,443353.000,GPS,32,0.0,0.0,26.0,是
0703002-0918-11-09-gnss_raw.txt,2436,443353.000,GLONASS,68,19.0,70.0,31.0,是
0703002-0918-11-09-gnss_raw.txt,2436,443353.000,GLONASS,70,29.0,314.0,31.0,是
0703002-0918-11-09-gnss_raw.txt,2436,443353.000,GLONASS,79,47.0,91.0,35.0,是
0703002-0918-11-09-gnss_raw.txt,2436,443353.000,GLONASS,80,27.0,160.0,39.0,是
0703002-0918-11-09-gnss_raw.txt,2436,443353.000,GLONASS,84,35.0,239.0,29.0,是
0703002-0918-11-09-gnss_raw.txt,2436,443353.000,GLONASS,85,0.0,0.0,28.0,是
0703002-0918-11-09-gnss_raw.txt,2436,443353.000,Galileo,13,0.0,0.0,30.0,是
0703002-0918-11-09-gnss_raw.txt,2436,443353.000,Galileo,26,60.0,269.0,36.0,是
0703002-0918-11-09-gnss_raw.txt,2436,443353.000,Galileo,29,0.0,0.0,28.0,是
0703002-0918-11-09-gnss_raw.txt,2436,443353.000,QZSS,3,42.0,168.0,33.0,是
0703002-0918-11-09-gnss_raw.txt,2436,443353.000,QZSS,7,53.0,169.0,25.0,是
0703002-0918-11-09-gnss_raw.txt,2436,443353.000,BDS,1,48.0,147.0,31.0,是
0703002-0918-11-09-gnss_raw.txt,2436,443353.000,BDS,3,0.0,0.0,38.0,是
0703002-0918-11-09-gnss_raw.txt,2436,443353.000,BDS,4,37.0,120.0,31.0,是
0703002-0918-11-09-gnss_raw.txt,2436,443353.000,BDS,6,69.0,39.0,30.0,是
0703002-0918-11-09-gnss_raw.txt,2436,443353.000,BDS,7,59.0,189.0,25.0,是
0703002-0918-11-09-gnss_raw.txt,2436,443353.000,BDS,10,49.0,190.0,29.0,是
0703002-0918-11-09-gnss_raw.txt,2436,443353.000,BDS,11,0.0,0.0,20.0,是
0703002-0918-11-09-gnss_raw.txt,2436,443353.000,BDS,20,58.0,30.0,33.0,是
0703002-0918-11-09-gnss_raw.txt,2436,443353.000,BDS,37,46.0,76.0,32.0,是
0703002-0918-11-09-gnss_raw.txt,2436,443354.000,GPS,13,28.0,134.0,32.0,是
0703002-0918-11-09-gnss_raw.txt,2436,443354.000,GPS,15,0.0,0.0,24.0,是
0703002-0918-11-09-gnss_raw.txt,2436,443354.000,GPS,18,45.0,213.0,31.0,是
0703002-0918-11-09-gnss_raw.txt,2436,443354.000,GPS,23,0.0,0.0,30.0,是
0703002-0918-11-09-gnss_raw.txt,2436,443354.000,GPS,24,64.0,44.0,35.0,是
0703002-0918-11-09-gnss_raw.txt,2436,443354.000,GPS,32,0.0,0.0,28.0,是
0703002-0918-11-09-gnss_raw.txt,2436,443354.000,GLONASS,68,19.0,70.0,32.0,是
0703002-0918-11-09-gnss_raw.txt,2436,443354.000,GLONASS,70,29.0,314.0,31.0,是
0703002-0918-11-09-gnss_raw.txt,2436,443354.000,GLONASS,79,47.0,91.0,34.0,是
0703002-0918-11-09-gnss_raw.txt,2436,443354.000,GLONASS,80,28.0,160.0,39.0,是
0703002-0918-11-09-gnss_raw.txt,2436,443354.000,GLONASS,84,35.0,239.0,26.0,是
0703002-0918-11-09-gnss_raw.txt,2436,443354.000,GLONASS,85,0.0,0.0,28.0,是
0703002-0918-11-09-gnss_raw.txt,2436,443354.000,Galileo,13,0.0,0.0,31.0,是
0703002-0918-11-09-gnss_raw.txt,2436,443354.000,Galileo,26,60.0,269.0,36.0,是
0703002-0918-11-09-gnss_raw.txt,2436,443354.000,Galileo,29,0.0,0.0,28.0,是
0703002-0918-11-09-gnss_raw.txt,2436,443354.000,QZSS,3,42.0,168.0,33.0,是
0703002-0918-11-09-gnss_raw.txt,2436,443354.000,QZSS,7,53.0,169.0,24.0,是
0703002-0918-11-09-gnss_raw.txt,2436,443354.000,BDS,1,48.0,147.0,30.0,是
0703002-0918-11-09-gnss_raw.txt,2436,443354.000,BDS,3,0.0,0.0,38.0,是
0703002-0918-11-09-gnss_raw.txt,2436,443354.000,BDS,4,37.0,120.0,31.0,是
0703002-0918-11-09-gnss_raw.txt,2436,443354.000,BDS,6,69.0,39.0,30.0,是
0703002-0918-11-09-gnss_raw.txt,2436,443354.000,BDS,7,59.0,189.0,25.0,是
0703002-0918-11-09-gnss_raw.txt,2436,443354.000,BDS,10,49.0,190.0,29.0,是
0703002-0918-11-09-gnss_raw.txt,2436,443354.000,BDS,11,0.0,0.0,21.0,是
0703002-0918-11-09-gnss_raw.txt,2436,443354.000,BDS,20,58.0,30.0,34.0,是
0703002-0918-11-09-gnss_raw.txt,2436,443354.000,BDS,37,46.0,76.0,32.0,是
0703002-0918-11-09-gnss_raw.txt,2436,443355.000,GPS,13,28.0,134.0,32.0,是
0703002-0918-11-09-gnss_raw.txt,2436,443355.000,GPS,15,0.0,0.0,25.0,是
0703002-0918-11-09-gnss_raw.txt,2436,443355.000,GPS,18,45.0,213.0,31.0,是
0703002-0918-11-09-gnss_raw.txt,2436,443355.000,GPS,23,0.0,0.0,31.0,是
0703002-0918-11-09-gnss_raw.txt,2436,443355.000,GPS,24,64.0,44.0,35.0,是
0703002-0918-11-09-gnss_raw.txt,2436,443355.000,GPS,32,0.0,0.0,21.0,是
0703002-0918-11-09-gnss_raw.txt,2436,443355.000,GLONASS,68,19.0,70.0,31.0,是
0703002-0918-11-09-gnss_raw.txt,2436,443355.000,GLONASS,70,29.0,314.0,31.0,是
0703002-0918-11-09-gnss_raw.txt,2436,443355.000,GLONASS,79,47.0,91.0,34.0,是
0703002-0918-11-09-gnss_raw.txt,2436,443355.000,GLONASS,80,28.0,160.0,38.0,是
0703002-0918-11-09-gnss_raw.txt,2436,443355.000,GLONASS,84,35.0,239.0,26.0,是
0703002-0918-11-09-gnss_raw.txt,2436,443355.000,GLONASS,85,0.0,0.0,29.0,是
0703002-0918-11-09-gnss_raw.txt,2436,443355.000,Galileo,13,0.0,0.0,30.0,是
0703002-0918-11-09-gnss_raw.txt,2436,443355.000,Galileo,26,60.0,269.0,36.0,是
0703002-0918-11-09-gnss_raw.txt,2436,443355.000,Galileo,29,34.0,272.0,27.0,是
0703002-0918-11-09-gnss_raw.txt,2436,443355.000,QZSS,3,42.0,168.0,33.0,是
0703002-0918-11-09-gnss_raw.txt,2436,443355.000,QZSS,7,53.0,169.0,24.0,是
0703002-0918-11-09-gnss_raw.txt,2436,443355.000,BDS,1,48.0,147.0,30.0,是
0703002-0918-11-09-gnss_raw.txt,2436,443355.000,BDS,3,0.0,0.0,38.0,是
0703002-0918-11-09-gnss_raw.txt,2436,443355.000,BDS,4,37.0,120.0,30.0,是
0703002-0918-11-09-gnss_raw.txt,2436,443355.000,BDS,6,69.0,39.0,30.0,是
0703002-0918-11-09-gnss_raw.txt,2436,443355.000,BDS,7,59.0,189.0,25.0,是
0703002-0918-11-09-gnss_raw.txt,2436,443355.000,BDS,10,49.0,190.0,29.0,是
0703002-0918-11-09-gnss_raw.txt,2436,443355.000,BDS,11,0.0,0.0,21.0,是
0703002-0918-11-09-gnss_raw.txt,2436,443355.000,BDS,20,58.0,30.0,34.0,是
0703002-0918-11-09-gnss_raw.txt,2436,443355.000,BDS,37,46.0,76.0,32.0,是
0703002-0918-11-09-gnss_raw.txt,2436,443356.000,GPS,13,28.0,134.0,32.0,是
0703002-0918-11-09-gnss_raw.txt,2436,443356.000,GPS,15,0.0,0.0,25.0,是
0703002-0918-11-09-gnss_raw.txt,2436,443356.000,GPS,18,45.0,213.0,31.0,是
0703002-0918-11-09-gnss_raw.txt,2436,443356.000,GPS,23,0.0,0.0,31.0,是
0703002-0918-11-09-gnss_raw.txt,2436,443356.000,GPS,24,64.0,44.0,35.0,是
0703002-0918-11-09-gnss_raw.txt,2436,443356.000,GPS,32,0.0,0.0,22.0,是
0703002-0918-11-09-gnss_raw.txt,2436,443356.000,GLONASS,68,19.0,70.0,32.0,是
0703002-0918-11-09-gnss_raw.txt,2436,443356.000,GLONASS,70,29.0,314.0,30.0,是
0703002-0918-11-09-gnss_raw.txt,2436,443356.000,GLONASS,79,47.0,91.0,35.0,是
0703002-0918-11-09-gnss_raw.txt,2436,443356.000,GLONASS,80,28.0,160.0,37.0,是
0703002-0918-11-09-gnss_raw.txt,2436,443356.000,GLONASS,84,35.0,239.0,26.0,是
0703002-0918-11-09-gnss_raw.txt,2436,443356.000,GLONASS,85,0.0,0.0,29.0,是
0703002-0918-11-09-gnss_raw.txt,2436,443356.000,Galileo,13,0.0,0.0,31.0,是
0703002-0918-11-09-gnss_raw.txt,2436,443356.000,Galileo,26,60.0,269.0,36.0,是
0703002-0918-11-09-gnss_raw.txt,2436,443356.000,Galileo,29,0.0,0.0,28.0,是
0703002-0918-11-09-gnss_raw.txt,2436,443356.000,QZSS,3,42.0,168.0,33.0,是
0703002-0918-11-09-gnss_raw.txt,2436,443356.000,QZSS,7,53.0,169.0,25.0,是
0703002-0918-11-09-gnss_raw.txt,2436,443356.000,BDS,1,48.0,147.0,30.0,是
0703002-0918-11-09-gnss_raw.txt,2436,443356.000,BDS,3,0.0,0.0,27.0,是
0703002-0918-11-09-gnss_raw.txt,2436,443356.000,BDS,4,37.0,120.0,29.0,是
0703002-0918-11-09-gnss_raw.txt,2436,443356.000,BDS,6,69.0,39.0,30.0,是
0703002-0918-11-09-gnss_raw.txt,2436,443356.000,BDS,7,59.0,189.0,24.0,是
0703002-0918-11-09-gnss_raw.txt,2436,443356.000,BDS,10,49.0,190.0,30.0,是
0703002-0918-11-09-gnss_raw.txt,2436,443356.000,BDS,11,0.0,0.0,22.0,是
0703002-0918-11-09-gnss_raw.txt,2436,443356.000,BDS,20,58.0,30.0,34.0,是
0703002-0918-11-09-gnss_raw.txt,2436,443356.000,BDS,37,46.0,76.0,32.0,是
0703002-0918-11-09-gnss_raw.txt,2436,443357.000,GPS,13,28.0,134.0,32.0,是
0703002-0918-11-09-gnss_raw.txt,2436,443357.000,GPS,15,0.0,0.0,25.0,是
0703002-0918-11-09-gnss_raw.txt,2436,443357.000,GPS,18,45.0,213.0,31.0,是
0703002-0918-11-09-gnss_raw.txt,2436,443357.000,GPS,23,0.0,0.0,30.0,是
0703002-0918-11-09-gnss_raw.txt,2436,443357.000,GPS,24,64.0,44.0,35.0,是
0703002-0918-11-09-gnss_raw.txt,2436,443357.000,GPS,32,0.0,0.0,22.0,是
0703002-0918-11-09-gnss_raw.txt,2436,443357.000,GLONASS,68,19.0,70.0,32.0,是
0703002-0918-11-09-gnss_raw.txt,2436,443357.000,GLONASS,70,29.0,314.0,26.0,是
0703002-0918-11-09-gnss_raw.txt,2436,443357.000,GLONASS,79,47.0,91.0,35.0,是
0703002-0918-11-09-gnss_raw.txt,2436,443357.000,GLONASS,80,28.0,160.0,37.0,是
0703002-0918-11-09-gnss_raw.txt,2436,443357.000,GLONASS,84,35.0,239.0,27.0,是
0703002-0918-11-09-gnss_raw.txt,2436,443357.000,GLONASS,85,0.0,0.0,26.0,是
0703002-0918-11-09-gnss_raw.txt,2436,443357.000,Galileo,13,0.0,0.0,31.0,是
0703002-0918-11-09-gnss_raw.txt,2436,443357.000,Galileo,26,60.0,269.0,35.0,是
0703002-0918-11-09-gnss_raw.txt,2436,443357.000,Galileo,29,0.0,0.0,28.0,是
0703002-0918-11-09-gnss_raw.txt,2436,443357.000,QZSS,3,42.0,168.0,33.0,是
0703002-0918-11-09-gnss_raw.txt,2436,443357.000,QZSS,7,53.0,169.0,25.0,是
0703002-0918-11-09-gnss_raw.txt,2436,443357.000,BDS,1,48.0,147.0,30.0,是
0703002-0918-11-09-gnss_raw.txt,2436,443357.000,BDS,3,0.0,0.0,29.0,是
0703002-0918-11-09-gnss_raw.txt,2436,443357.000,BDS,4,37.0,120.0,29.0,是
0703002-0918-11-09-gnss_raw.txt,2436,443357.000,BDS,6,69.0,39.0,30.0,是
0703002-0918-11-09-gnss_raw.txt,2436,443357.000,BDS,7,59.0,189.0,24.0,是
0703002-0918-11-09-gnss_raw.txt,2436,443357.000,BDS,10,49.0,190.0,29.0,是
0703002-0918-11-09-gnss_raw.txt,2436,443357.000,BDS,11,0.0,0.0,22.0,是
0703002-0918-11-09-gnss_raw.txt,2436,443357.000,BDS,20,58.0,30.0,34.0,是
0703002-0918-11-09-gnss_raw.txt,2436,443357.000,BDS,37,46.0,76.0,32.0,是
0703002-0918-11-09-gnss_raw.txt,2436,443358.000,GPS,13,28.0,134.0,32.0,是
0703002-0918-11-09-gnss_raw.txt,2436,443358.000,GPS,15,0.0,0.0,26.0,是
0703002-0918-11-09-gnss_raw.txt,2436,443358.000,GPS,18,45.0,213.0,31.0,是
0703002-0918-11-09-gnss_raw.txt,2436,443358.000,GPS,23,0.0,0.0,30.0,是
0703002-0918-11-09-gnss_raw.txt,2436,443358.000,GPS,24,64.0,44.0,35.0,是
0703002-0918-11-09-gnss_raw.txt,2436,443358.000,GPS,32,0.0,0.0,23.0,是
0703002-0918-11-09-gnss_raw.txt,2436,443358.000,GLONASS,68,19.0,70.0,32.0,是
0703002-0918-11-09-gnss_raw.txt,2436,443358.000,GLONASS,70,29.0,314.0,28.0,是
0703002-0918-11-09-gnss_raw.txt,2436,443358.000,GLONASS,79,47.0,91.0,36.0,是
0703002-0918-11-09-gnss_raw.txt,2436,443358.000,GLONASS,80,28.0,160.0,35.0,是
0703002-0918-11-09-gnss_raw.txt,2436,443358.000,GLONASS,84,35.0,239.0,29.0,是
0703002-0918-11-09-gnss_raw.txt,2436,443358.000,GLONASS,85,0.0,0.0,26.0,是
0703002-0918-11-09-gnss_raw.txt,2436,443358.000,Galileo,13,0.0,0.0,31.0,是
0703002-0918-11-09-gnss_raw.txt,2436,443358.000,Galileo,26,60.0,268.0,35.0,是
0703002-0918-11-09-gnss_raw.txt,2436,443358.000,Galileo,29,0.0,0.0,27.0,是
0703002-0918-11-09-gnss_raw.txt,2436,443358.000,QZSS,3,42.0,168.0,33.0,是
0703002-0918-11-09-gnss_raw.txt,2436,443358.000,QZSS,7,53.0,169.0,24.0,是
0703002-0918-11-09-gnss_raw.txt,2436,443358.000,BDS,1,48.0,147.0,30.0,是
0703002-0918-11-09-gnss_raw.txt,2436,443358.000,BDS,3,0.0,0.0,25.0,是
0703002-0918-11-09-gnss_raw.txt,2436,443358.000,BDS,4,37.0,120.0,31.0,是
0703002-0918-11-09-gnss_raw.txt,2436,443358.000,BDS,6,69.0,39.0,31.0,是
0703002-0918-11-09-gnss_raw.txt,2436,443358.000,BDS,7,59.0,189.0,24.0,是
0703002-0918-11-09-gnss_raw.txt,2436,443358.000,BDS,10,49.0,190.0,30.0,是
0703002-0918-11-09-gnss_raw.txt,2436,443358.000,BDS,11,0.0,0.0,20.0,是
0703002-0918-11-09-gnss_raw.txt,2436,443358.000,BDS,20,58.0,30.0,34.0,是
0703002-0918-11-09-gnss_raw.txt,2436,443358.000,BDS,37,46.0,76.0,32.0,是
0703002-0918-11-09-gnss_raw.txt,2436,443359.000,GPS,13,28.0,134.0,33.0,是
0703002-0918-11-09-gnss_raw.txt,2436,443359.000,GPS,15,0.0,0.0,25.0,是
0703002-0918-11-09-gnss_raw.txt,2436,443359.000,GPS,18,45.0,213.0,30.0,是
0703002-0918-11-09-gnss_raw.txt,2436,443359.000,GPS,23,0.0,0.0,30.0,是
0703002-0918-11-09-gnss_raw.txt,2436,443359.000,GPS,24,64.0,44.0,35.0,是
0703002-0918-11-09-gnss_raw.txt,2436,443359.000,GPS,32,0.0,0.0,24.0,是
0703002-0918-11-09-gnss_raw.txt,2436,443359.000,GLONASS,68,19.0,70.0,31.0,是
0703002-0918-11-09-gnss_raw.txt,2436,443359.000,GLONASS,70,29.0,314.0,31.0,是
0703002-0918-11-09-gnss_raw.txt,2436,443359.000,GLONASS,79,47.0,91.0,35.0,是
0703002-0918-11-09-gnss_raw.txt,2436,443359.000,GLONASS,80,28.0,160.0,36.0,是
0703002-0918-11-09-gnss_raw.txt,2436,443359.000,GLONASS,84,35.0,239.0,30.0,是
0703002-0918-11-09-gnss_raw.txt,2436,443359.000,GLONASS,85,0.0,0.0,26.0,是
0703002-0918-11-09-gnss_raw.txt,2436,443359.000,Galileo,13,0.0,0.0,31.0,是
0703002-0918-11-09-gnss_raw.txt,2436,443359.000,Galileo,26,60.0,268.0,36.0,是
0703002-0918-11-09-gnss_raw.txt,2436,443359.000,Galileo,29,0.0,0.0,27.0,是
0703002-0918-11-09-gnss_raw.txt,2436,443359.000,QZSS,3,42.0,168.0,33.0,是
0703002-0918-11-09-gnss_raw.txt,2436,443359.000,QZSS,7,53.0,169.0,24.0,是
0703002-0918-11-09-gnss_raw.txt,2436,443359.000,BDS,1,48.0,147.0,32.0,是
0703002-0918-11-09-gnss_raw.txt,2436,443359.000,BDS,3,0.0,0.0,26.0,是
0703002-0918-11-09-gnss_raw.txt,2436,443359.000,BDS,4,37.0,120.0,30.0,是
0703002-0918-11-09-gnss_raw.txt,2436,443359.000,BDS,6,69.0,39.0,31.0,是
0703002-0918-11-09-gnss_raw.txt,2436,443359.000,BDS,7,59.0,189.0,24.0,是
0703002-0918-11-09-gnss_raw.txt,2436,443359.000,BDS,10,49.0,190.0,29.0,是
0703002-0918-11-09-gnss_raw.txt,2436,443359.000,BDS,11,0.0,0.0,20.0,是
0703002-0918-11-09-gnss_raw.txt,2436,443359.000,BDS,20,58.0,30.0,34.0,是
0703002-0918-11-09-gnss_raw.txt,2436,443359.000,BDS,37,46.0,76.0,32.0,是
0703002-0918-11-09-gnss_raw.txt,2436,443360.000,GPS,13,28.0,134.0,33.0,是
0703002-0918-11-09-gnss_raw.txt,2436,443360.000,GPS,15,0.0,0.0,25.0,是
0703002-0918-11-09-gnss_raw.txt,2436,443360.000,GPS,18,45.0,213.0,31.0,是
0703002-0918-11-09-gnss_raw.txt,2436,443360.000,GPS,23,0.0,0.0,30.0,是
0703002-0918-11-09-gnss_raw.txt,2436,443360.000,GPS,24,64.0,44.0,35.0,是
0703002-0918-11-09-gnss_raw.txt,2436,443360.000,GPS,32,0.0,0.0,24.0,是
0703002-0918-11-09-gnss_raw.txt,2436,443360.000,GLONASS,68,19.0,70.0,31.0,是
0703002-0918-11-09-gnss_raw.txt,2436,443360.000,GLONASS,70,29.0,314.0,31.0,是
0703002-0918-11-09-gnss_raw.txt,2436,443360.000,GLONASS,79,47.0,91.0,36.0,是
0703002-0918-11-09-gnss_raw.txt,2436,443360.000,GLONASS,80,28.0,160.0,36.0,是
0703002-0918-11-09-gnss_raw.txt,2436,443360.000,GLONASS,84,35.0,239.0,29.0,是
0703002-0918-11-09-gnss_raw.txt,2436,443360.000,GLONASS,85,0.0,0.0,27.0,是
0703002-0918-11-09-gnss_raw.txt,2436,443360.000,Galileo,13,0.0,0.0,31.0,是
0703002-0918-11-09-gnss_raw.txt,2436,443360.000,Galileo,26,60.0,268.0,36.0,是
0703002-0918-11-09-gnss_raw.txt,2436,443360.000,Galileo,29,0.0,0.0,26.0,是
0703002-0918-11-09-gnss_raw.txt,2436,443360.000,QZSS,3,42.0,168.0,33.0,是
0703002-0918-11-09-gnss_raw.txt,2436,443360.000,QZSS,7,53.0,169.0,24.0,是
0703002-0918-11-09-gnss_raw.txt,2436,443360.000,BDS,1,48.0,147.0,30.0,是
0703002-0918-11-09-gnss_raw.txt,2436,443360.000,BDS,3,0.0,0.0,26.0,是
0703002-0918-11-09-gnss_raw.txt,2436,443360.000,BDS,4,37.0,120.0,29.0,是
0703002-0918-11-09-gnss_raw.txt,2436,443360.000,BDS,6,69.0,39.0,31.0,是
0703002-0918-11-09-gnss_raw.txt,2436,443360.000,BDS,7,59.0,189.0,24.0,是
0703002-0918-11-09-gnss_raw.txt,2436,443360.000,BDS,10,49.0,190.0,29.0,是
0703002-0918-11-09-gnss_raw.txt,2436,443360.000,BDS,11,0.0,0.0,22.0,是
0703002-0918-11-09-gnss_raw.txt,2436,443360.000,BDS,20,58.0,30.0,34.0,是
0703002-0918-11-09-gnss_raw.txt,2436,443360.000,BDS,37,46.0,76.0,32.0,是
0703002-0918-11-09-gnss_raw.txt,2436,443361.000,GPS,13,28.0,134.0,33.0,是
0703002-0918-11-09-gnss_raw.txt,2436,443361.000,GPS,15,0.0,0.0,25.0,是
0703002-0918-11-09-gnss_raw.txt,2436,443361.000,GPS,18,45.0,213.0,31.0,是
0703002-0918-11-09-gnss_raw.txt,2436,443361.000,GPS,23,0.0,0.0,30.0,是
0703002-0918-11-09-gnss_raw.txt,2436,443361.000,GPS,24,64.0,44.0,35.0,是
0703002-0918-11-09-gnss_raw.txt,2436,443361.000,GPS,32,0.0,0.0,24.0,是
0703002-0918-11-09-gnss_raw.txt,2436,443361.000,GLONASS,68,19.0,70.0,31.0,是
0703002-0918-11-09-gnss_raw.txt,2436,443361.000,GLONASS,70,29.0,314.0,29.0,是
0703002-0918-11-09-gnss_raw.txt,2436,443361.000,GLONASS,79,47.0,91.0,35.0,是
0703002-0918-11-09-gnss_raw.txt,2436,443361.000,GLONASS,80,28.0,160.0,37.0,是
0703002-0918-11-09-gnss_raw.txt,2436,443361.000,GLONASS,84,35.0,239.0,25.0,是
0703002-0918-11-09-gnss_raw.txt,2436,443361.000,GLONASS,85,0.0,0.0,29.0,是
0703002-0918-11-09-gnss_raw.txt,2436,443361.000,Galileo,13,0.0,0.0,30.0,是
0703002-0918-11-09-gnss_raw.txt,2436,443361.000,Galileo,26,60.0,268.0,34.0,是
0703002-0918-11-09-gnss_raw.txt,2436,443361.000,Galileo,29,0.0,0.0,26.0,是
0703002-0918-11-09-gnss_raw.txt,2436,443361.000,QZSS,3,42.0,168.0,33.0,是
0703002-0918-11-09-gnss_raw.txt,2436,443361.000,QZSS,7,53.0,169.0,24.0,是
0703002-0918-11-09-gnss_raw.txt,2436,443361.000,BDS,1,48.0,147.0,30.0,是
0703002-0918-11-09-gnss_raw.txt,2436,443361.000,BDS,3,0.0,0.0,27.0,是
0703002-0918-11-09-gnss_raw.txt,2436,443361.000,BDS,4,37.0,120.0,30.0,是
0703002-0918-11-09-gnss_raw.txt,2436,443361.000,BDS,6,69.0,39.0,31.0,是
0703002-0918-11-09-gnss_raw.txt,2436,443361.000,BDS,7,59.0,189.0,23.0,是
0703002-0918-11-09-gnss_raw.txt,2436,443361.000,BDS,10,49.0,190.0,30.0,是
0703002-0918-11-09-gnss_raw.txt,2436,443361.000,BDS,11,0.0,0.0,22.0,是
0703002-0918-11-09-gnss_raw.txt,2436,443361.000,BDS,20,58.0,30.0,34.0,是
0703002-0918-11-09-gnss_raw.txt,2436,443361.000,BDS,37,46.0,76.0,32.0,是
0703002-0918-11-09-gnss_raw.txt,2436,443362.000,GPS,13,28.0,134.0,34.0,是
0703002-0918-11-09-gnss_raw.txt,2436,443362.000,GPS,15,0.0,0.0,25.0,是
0703002-0918-11-09-gnss_raw.txt,2436,443362.000,GPS,18,45.0,213.0,30.0,是
0703002-0918-11-09-gnss_raw.txt,2436,443362.000,GPS,23,0.0,0.0,30.0,是
0703002-0918-11-09-gnss_raw.txt,2436,443362.000,GPS,24,64.0,44.0,35.0,是
0703002-0918-11-09-gnss_raw.txt,2436,443362.000,GPS,32,0.0,0.0,21.0,是
0703002-0918-11-09-gnss_raw.txt,2436,443362.000,GLONASS,68,19.0,70.0,31.0,是
0703002-0918-11-09-gnss_raw.txt,2436,443362.000,GLONASS,70,29.0,314.0,28.0,是
0703002-0918-11-09-gnss_raw.txt,2436,443362.000,GLONASS,79,47.0,91.0,35.0,是
0703002-0918-11-09-gnss_raw.txt,2436,443362.000,GLONASS,80,28.0,160.0,37.0,是
0703002-0918-11-09-gnss_raw.txt,2436,443362.000,GLONASS,84,35.0,239.0,29.0,是
0703002-0918-11-09-gnss_raw.txt,2436,443362.000,GLONASS,85,0.0,0.0,27.0,是
0703002-0918-11-09-gnss_raw.txt,2436,443362.000,Galileo,13,0.0,0.0,31.0,是
0703002-0918-11-09-gnss_raw.txt,2436,443362.000,Galileo,26,60.0,268.0,34.0,是
0703002-0918-11-09-gnss_raw.txt,2436,443362.000,QZSS,3,42.0,168.0,33.0,是
0703002-0918-11-09-gnss_raw.txt,2436,443362.000,QZSS,7,53.0,169.0,23.0,是
0703002-0918-11-09-gnss_raw.txt,2436,443362.000,BDS,1,48.0,147.0,29.0,是
0703002-0918-11-09-gnss_raw.txt,2436,443362.000,BDS,3,0.0,0.0,26.0,是
0703002-0918-11-09-gnss_raw.txt,2436,443362.000,BDS,4,37.0,120.0,30.0,是
0703002-0918-11-09-gnss_raw.txt,2436,443362.000,BDS,6,69.0,39.0,31.0,是
0703002-0918-11-09-gnss_raw.txt,2436,443362.000,BDS,7,59.0,189.0,24.0,是
0703002-0918-11-09-gnss_raw.txt,2436,443362.000,BDS,10,49.0,190.0,30.0,是
0703002-0918-11-09-gnss_raw.txt,2436,443362.000,BDS,11,0.0,0.0,22.0,是
0703002-0918-11-09-gnss_raw.txt,2436,443362.000,BDS,20,58.0,30.0,34.0,是
0703002-0918-11-09-gnss_raw.txt,2436,443362.000,BDS,37,46.0,76.0,32.0,是
0703002-0918-11-09-gnss_raw.txt,2436,443363.000,GPS,13,28.0,134.0,34.0,是
0703002-0918-11-09-gnss_raw.txt,2436,443363.000,GPS,15,0.0,0.0,24.0,是
0703002-0918-11-09-gnss_raw.txt,2436,443363.000,GPS,18,45.0,213.0,30.0,是
0703002-0918-11-09-gnss_raw.txt,2436,443363.000,GPS,23,0.0,0.0,30.0,是
0703002-0918-11-09-gnss_raw.txt,2436,443363.000,GPS,24,64.0,44.0,35.0,是
0703002-0918-11-09-gnss_raw.txt,2436,443363.000,GPS,32,0.0,0.0,19.0,是
0703002-0918-11-09-gnss_raw.txt,2436,443363.000,GLONASS,68,19.0,70.0,32.0,是
0703002-0918-11-09-gnss_raw.txt,2436,443363.000,GLONASS,70,29.0,314.0,28.0,是
0703002-0918-11-09-gnss_raw.txt,2436,443363.000,GLONASS,79,47.0,91.0,35.0,是
0703002-0918-11-09-gnss_raw.txt,2436,443363.000,GLONASS,80,28.0,160.0,38.0,是
0703002-0918-11-09-gnss_raw.txt,2436,443363.000,GLONASS,84,35.0,239.0,27.0,是
0703002-0918-11-09-gnss_raw.txt,2436,443363.000,GLONASS,85,0.0,0.0,28.0,是
0703002-0918-11-09-gnss_raw.txt,2436,443363.000,Galileo,13,0.0,0.0,31.0,是
0703002-0918-11-09-gnss_raw.txt,2436,443363.000,Galileo,26,60.0,268.0,35.0,是
0703002-0918-11-09-gnss_raw.txt,2436,443363.000,QZSS,3,42.0,168.0,33.0,是
0703002-0918-11-09-gnss_raw.txt,2436,443363.000,QZSS,7,53.0,169.0,24.0,是
0703002-0918-11-09-gnss_raw.txt,2436,443363.000,BDS,1,48.0,147.0,31.0,是
0703002-0918-11-09-gnss_raw.txt,2436,443363.000,BDS,3,0.0,0.0,25.0,是
0703002-0918-11-09-gnss_raw.txt,2436,443363.000,BDS,4,37.0,120.0,30.0,是
0703002-0918-11-09-gnss_raw.txt,2436,443363.000,BDS,6,69.0,39.0,31.0,是
0703002-0918-11-09-gnss_raw.txt,2436,443363.000,BDS,7,59.0,189.0,23.0,是
0703002-0918-11-09-gnss_raw.txt,2436,443363.000,BDS,10,49.0,190.0,30.0,是
0703002-0918-11-09-gnss_raw.txt,2436,443363.000,BDS,11,0.0,0.0,26.0,是
0703002-0918-11-09-gnss_raw.txt,2436,443363.000,BDS,20,58.0,31.0,34.0,是
0703002-0918-11-09-gnss_raw.txt,2436,443363.000,BDS,37,46.0,76.0,32.0,是
0703002-0918-11-09-gnss_raw.txt,2436,443364.000,GPS,13,28.0,134.0,34.0,是
0703002-0918-11-09-gnss_raw.txt,2436,443364.000,GPS,15,0.0,0.0,24.0,是
0703002-0918-11-09-gnss_raw.txt,2436,443364.000,GPS,18,45.0,213.0,30.0,是
0703002-0918-11-09-gnss_raw.txt,2436,443364.000,GPS,23,0.0,0.0,30.0,是
0703002-0918-11-09-gnss_raw.txt,2436,443364.000,GPS,24,64.0,44.0,35.0,是
0703002-0918-11-09-gnss_raw.txt,2436,443364.000,GPS,32,0.0,0.0,19.0,是
0703002-0918-11-09-gnss_raw.txt,2436,443364.000,GLONASS,68,19.0,70.0,32.0,是
0703002-0918-11-09-gnss_raw.txt,2436,443364.000,GLONASS,70,29.0,314.0,30.0,是
0703002-0918-11-09-gnss_raw.txt,2436,443364.000,GLONASS,79,47.0,91.0,35.0,是
0703002-0918-11-09-gnss_raw.txt,2436,443364.000,GLONASS,80,28.0,160.0,38.0,是
0703002-0918-11-09-gnss_raw.txt,2436,443364.000,GLONASS,84,35.0,239.0,29.0,是
0703002-0918-11-09-gnss_raw.txt,2436,443364.000,GLONASS,85,0.0,0.0,28.0,是
0703002-0918-11-09-gnss_raw.txt,2436,443364.000,Galileo,13,0.0,0.0,30.0,是
0703002-0918-11-09-gnss_raw.txt,2436,443364.000,Galileo,26,60.0,268.0,36.0,是
0703002-0918-11-09-gnss_raw.txt,2436,443364.000,QZSS,3,42.0,168.0,33.0,是
0703002-0918-11-09-gnss_raw.txt,2436,443364.000,QZSS,7,53.0,169.0,24.0,是
0703002-0918-11-09-gnss_raw.txt,2436,443364.000,BDS,1,48.0,147.0,31.0,是
0703002-0918-11-09-gnss_raw.txt,2436,443364.000,BDS,3,0.0,0.0,26.0,是
0703002-0918-11-09-gnss_raw.txt,2436,443364.000,BDS,4,37.0,120.0,31.0,是
0703002-0918-11-09-gnss_raw.txt,2436,443364.000,BDS,6,69.0,39.0,30.0,是
0703002-0918-11-09-gnss_raw.txt,2436,443364.000,BDS,7,59.0,189.0,23.0,是
0703002-0918-11-09-gnss_raw.txt,2436,443364.000,BDS,10,49.0,190.0,30.0,是
0703002-0918-11-09-gnss_raw.txt,2436,443364.000,BDS,11,0.0,0.0,28.0,是
0703002-0918-11-09-gnss_raw.txt,2436,443364.000,BDS,20,58.0,31.0,33.0,是
0703002-0918-11-09-gnss_raw.txt,2436,443364.000,BDS,37,46.0,76.0,32.0,是
0703002-0918-11-09-gnss_raw.txt,2436,443365.000,GPS,13,28.0,134.0,34.0,是
0703002-0918-11-09-gnss_raw.txt,2436,443365.000,GPS,15,0.0,0.0,24.0,是
0703002-0918-11-09-gnss_raw.txt,2436,443365.000,GPS,18,45.0,213.0,31.0,是
0703002-0918-11-09-gnss_raw.txt,2436,443365.000,GPS,23,0.0,0.0,30.0,是
0703002-0918-11-09-gnss_raw.txt,2436,443365.000,GPS,24,64.0,44.0,35.0,是
0703002-0918-11-09-gnss_raw.txt,2436,443365.000,GPS,32,0.0,0.0,18.0,是
0703002-0918-11-09-gnss_raw.txt,2436,443365.000,GLONASS,68,19.0,70.0,32.0,是
0703002-0918-11-09-gnss_raw.txt,2436,443365.000,GLONASS,70,29.0,314.0,28.0,是
0703002-0918-11-09-gnss_raw.txt,2436,443365.000,GLONASS,79,47.0,91.0,36.0,是
0703002-0918-11-09-gnss_raw.txt,2436,443365.000,GLONASS,80,28.0,160.0,38.0,是
0703002-0918-11-09-gnss_raw.txt,2436,443365.000,GLONASS,84,35.0,239.0,28.0,是
0703002-0918-11-09-gnss_raw.txt,2436,443365.000,GLONASS,85,0.0,0.0,29.0,是
0703002-0918-11-09-gnss_raw.txt,2436,443365.000,Galileo,13,0.0,0.0,30.0,是
0703002-0918-11-09-gnss_raw.txt,2436,443365.000,Galileo,26,60.0,268.0,36.0,是
0703002-0918-11-09-gnss_raw.txt,2436,443365.000,QZSS,3,42.0,168.0,33.0,是
0703002-0918-11-09-gnss_raw.txt,2436,443365.000,QZSS,7,53.0,169.0,24.0,是
0703002-0918-11-09-gnss_raw.txt,2436,443365.000,BDS,1,48.0,147.0,30.0,是
0703002-0918-11-09-gnss_raw.txt,2436,443365.000,BDS,3,0.0,0.0,25.0,是
0703002-0918-11-09-gnss_raw.txt,2436,443365.000,BDS,4,37.0,120.0,31.0,是
0703002-0918-11-09-gnss_raw.txt,2436,443365.000,BDS,6,69.0,40.0,30.0,是
0703002-0918-11-09-gnss_raw.txt,2436,443365.000,BDS,7,59.0,189.0,23.0,是
0703002-0918-11-09-gnss_raw.txt,2436,443365.000,BDS,10,49.0,190.0,30.0,是
0703002-0918-11-09-gnss_raw.txt,2436,443365.000,BDS,11,0.0,0.0,28.0,是
0703002-0918-11-09-gnss_raw.txt,2436,443365.000,BDS,20,58.0,31.0,34.0,是
0703002-0918-11-09-gnss_raw.txt,2436,443365.000,BDS,37,46.0,76.0,32.0,是
0703002-0918-11-09-gnss_raw.txt,2436,443366.000,GPS,13,28.0,134.0,34.0,是
0703002-0918-11-09-gnss_raw.txt,2436,443366.000,GPS,15,0.0,0.0,22.0,是
0703002-0918-11-09-gnss_raw.txt,2436,443366.000,GPS,18,45.0,213.0,31.0,是
0703002-0918-11-09-gnss_raw.txt,2436,443366.000,GPS,23,0.0,0.0,30.0,是
0703002-0918-11-09-gnss_raw.txt,2436,443366.000,GPS,24,64.0,44.0,35.0,是
0703002-0918-11-09-gnss_raw.txt,2436,443366.000,GPS,32,0.0,0.0,18.0,是
0703002-0918-11-09-gnss_raw.txt,2436,443366.000,GLONASS,68,19.0,70.0,31.0,是
0703002-0918-11-09-gnss_raw.txt,2436,443366.000,GLONASS,70,29.0,314.0,29.0,是
0703002-0918-11-09-gnss_raw.txt,2436,443366.000,GLONASS,79,47.0,91.0,36.0,是
0703002-0918-11-09-gnss_raw.txt,2436,443366.000,GLONASS,80,28.0,160.0,38.0,是
0703002-0918-11-09-gnss_raw.txt,2436,443366.000,GLONASS,84,35.0,239.0,31.0,是
0703002-0918-11-09-gnss_raw.txt,2436,443366.000,GLONASS,85,0.0,0.0,30.0,是
0703002-0918-11-09-gnss_raw.txt,2436,443366.000,Galileo,13,0.0,0.0,30.0,是
0703002-0918-11-09-gnss_raw.txt,2436,443366.000,Galileo,26,60.0,268.0,37.0,是
0703002-0918-11-09-gnss_raw.txt,2436,443366.000,QZSS,3,42.0,168.0,33.0,是
0703002-0918-11-09-gnss_raw.txt,2436,443366.000,QZSS,7,53.0,169.0,24.0,是
0703002-0918-11-09-gnss_raw.txt,2436,443366.000,BDS,1,48.0,147.0,31.0,是
0703002-0918-11-09-gnss_raw.txt,2436,443366.000,BDS,3,0.0,0.0,26.0,是
0703002-0918-11-09-gnss_raw.txt,2436,443366.000,BDS,4,37.0,120.0,29.0,是
0703002-0918-11-09-gnss_raw.txt,2436,443366.000,BDS,6,69.0,40.0,30.0,是
0703002-0918-11-09-gnss_raw.txt,2436,443366.000,BDS,7,59.0,189.0,23.0,是
0703002-0918-11-09-gnss_raw.txt,2436,443366.000,BDS,10,49.0,190.0,30.0,是
0703002-0918-11-09-gnss_raw.txt,2436,443366.000,BDS,11,0.0,0.0,29.0,是
0703002-0918-11-09-gnss_raw.txt,2436,443366.000,BDS,20,58.0,31.0,33.0,是
0703002-0918-11-09-gnss_raw.txt,2436,443366.000,BDS,37,46.0,76.0,32.0,是
0703002-0918-11-09-gnss_raw.txt,2436,443367.000,GPS,13,28.0,134.0,34.0,是
0703002-0918-11-09-gnss_raw.txt,2436,443367.000,GPS,15,0.0,0.0,22.0,是
0703002-0918-11-09-gnss_raw.txt,2436,443367.000,GPS,18,45.0,213.0,30.0,是
0703002-0918-11-09-gnss_raw.txt,2436,443367.000,GPS,23,0.0,0.0,30.0,是
0703002-0918-11-09-gnss_raw.txt,2436,443367.000,GPS,24,64.0,44.0,35.0,是
0703002-0918-11-09-gnss_raw.txt,2436,443367.000,GLONASS,68,19.0,70.0,31.0,是
0703002-0918-11-09-gnss_raw.txt,2436,443367.000,GLONASS,70,29.0,314.0,29.0,是
0703002-0918-11-09-gnss_raw.txt,2436,443367.000,GLONASS,79,48.0,91.0,36.0,是
0703002-0918-11-09-gnss_raw.txt,2436,443367.000,GLONASS,80,28.0,160.0,39.0,是
0703002-0918-11-09-gnss_raw.txt,2436,443367.000,GLONASS,84,35.0,239.0,29.0,是
0703002-0918-11-09-gnss_raw.txt,2436,443367.000,GLONASS,85,0.0,0.0,28.0,是
0703002-0918-11-09-gnss_raw.txt,2436,443367.000,Galileo,13,0.0,0.0,30.0,是
0703002-0918-11-09-gnss_raw.txt,2436,443367.000,Galileo,26,60.0,268.0,37.0,是
0703002-0918-11-09-gnss_raw.txt,2436,443367.000,QZSS,3,42.0,168.0,33.0,是
0703002-0918-11-09-gnss_raw.txt,2436,443367.000,QZSS,7,53.0,169.0,25.0,是
0703002-0918-11-09-gnss_raw.txt,2436,443367.000,BDS,1,48.0,147.0,30.0,是
0703002-0918-11-09-gnss_raw.txt,2436,443367.000,BDS,2,0.0,0.0,26.0,是
0703002-0918-11-09-gnss_raw.txt,2436,443367.000,BDS,3,0.0,0.0,25.0,是
0703002-0918-11-09-gnss_raw.txt,2436,443367.000,BDS,4,37.0,120.0,31.0,是
0703002-0918-11-09-gnss_raw.txt,2436,443367.000,BDS,6,69.0,40.0,30.0,是
0703002-0918-11-09-gnss_raw.txt,2436,443367.000,BDS,7,59.0,189.0,24.0,是
0703002-0918-11-09-gnss_raw.txt,2436,443367.000,BDS,10,49.0,190.0,30.0,是
0703002-0918-11-09-gnss_raw.txt,2436,443367.000,BDS,11,0.0,0.0,29.0,是
0703002-0918-11-09-gnss_raw.txt,2436,443367.000,BDS,20,58.0,31.0,33.0,是
0703002-0918-11-09-gnss_raw.txt,2436,443367.000,BDS,37,46.0,76.0,33.0,是
0703002-0918-11-09-gnss_raw.txt,2436,443368.000,GPS,13,28.0,134.0,34.0,是
0703002-0918-11-09-gnss_raw.txt,2436,443368.000,GPS,15,0.0,0.0,23.0,是
0703002-0918-11-09-gnss_raw.txt,2436,443368.000,GPS,18,45.0,213.0,30.0,是
0703002-0918-11-09-gnss_raw.txt,2436,443368.000,GPS,23,0.0,0.0,30.0,是
0703002-0918-11-09-gnss_raw.txt,2436,443368.000,GPS,24,64.0,44.0,35.0,是
0703002-0918-11-09-gnss_raw.txt,2436,443368.000,GLONASS,68,19.0,70.0,32.0,是
0703002-0918-11-09-gnss_raw.txt,2436,443368.000,GLONASS,70,29.0,314.0,30.0,是
0703002-0918-11-09-gnss_raw.txt,2436,443368.000,GLONASS,79,48.0,91.0,36.0,是
0703002-0918-11-09-gnss_raw.txt,2436,443368.000,GLONASS,80,28.0,160.0,38.0,是
0703002-0918-11-09-gnss_raw.txt,2436,443368.000,GLONASS,84,35.0,239.0,31.0,是
0703002-0918-11-09-gnss_raw.txt,2436,443368.000,GLONASS,85,0.0,0.0,26.0,是
0703002-0918-11-09-gnss_raw.txt,2436,443368.000,Galileo,13,0.0,0.0,31.0,是
0703002-0918-11-09-gnss_raw.txt,2436,443368.000,Galileo,26,60.0,268.0,37.0,是
0703002-0918-11-09-gnss_raw.txt,2436,443368.000,QZSS,3,42.0,168.0,33.0,是
0703002-0918-11-09-gnss_raw.txt,2436,443368.000,QZSS,7,53.0,169.0,24.0,是
0703002-0918-11-09-gnss_raw.txt,2436,443368.000,BDS,1,48.0,147.0,31.0,是
0703002-0918-11-09-gnss_raw.txt,2436,443368.000,BDS,2,0.0,0.0,26.0,是
0703002-0918-11-09-gnss_raw.txt,2436,443368.000,BDS,3,0.0,0.0,36.0,是
0703002-0918-11-09-gnss_raw.txt,2436,443368.000,BDS,4,37.0,120.0,30.0,是
0703002-0918-11-09-gnss_raw.txt,2436,443368.000,BDS,6,69.0,40.0,30.0,是
0703002-0918-11-09-gnss_raw.txt,2436,443368.000,BDS,7,59.0,189.0,24.0,是
0703002-0918-11-09-gnss_raw.txt,2436,443368.000,BDS,10,49.0,190.0,25.0,是
0703002-0918-11-09-gnss_raw.txt,2436,443368.000,BDS,11,0.0,0.0,29.0,是
0703002-0918-11-09-gnss_raw.txt,2436,443368.000,BDS,20,58.0,31.0,33.0,是
0703002-0918-11-09-gnss_raw.txt,2436,443368.000,BDS,37,46.0,76.0,33.0,是
0703002-0918-11-09-gnss_raw.txt,2436,443369.000,GPS,13,28.0,134.0,34.0,是
0703002-0918-11-09-gnss_raw.txt,2436,443369.000,GPS,15,0.0,0.0,25.0,是
0703002-0918-11-09-gnss_raw.txt,2436,443369.000,GPS,18,45.0,213.0,30.0,是
0703002-0918-11-09-gnss_raw.txt,2436,443369.000,GPS,23,0.0,0.0,30.0,是
0703002-0918-11-09-gnss_raw.txt,2436,443369.000,GPS,24,64.0,44.0,35.0,是
0703002-0918-11-09-gnss_raw.txt,2436,443369.000,GLONASS,68,19.0,70.0,31.0,是
0703002-0918-11-09-gnss_raw.txt,2436,443369.000,GLONASS,70,29.0,314.0,29.0,是
0703002-0918-11-09-gnss_raw.txt,2436,443369.000,GLONASS,79,48.0,91.0,36.0,是
0703002-0918-11-09-gnss_raw.txt,2436,443369.000,GLONASS,80,28.0,160.0,38.0,是
0703002-0918-11-09-gnss_raw.txt,2436,443369.000,GLONASS,84,35.0,239.0,31.0,是
0703002-0918-11-09-gnss_raw.txt,2436,443369.000,GLONASS,85,0.0,0.0,27.0,是
0703002-0918-11-09-gnss_raw.txt,2436,443369.000,Galileo,13,0.0,0.0,29.0,是
0703002-0918-11-09-gnss_raw.txt,2436,443369.000,Galileo,26,60.0,268.0,36.0,是
0703002-0918-11-09-gnss_raw.txt,2436,443369.000,QZSS,3,42.0,168.0,34.0,是
0703002-0918-11-09-gnss_raw.txt,2436,443369.000,QZSS,7,53.0,169.0,24.0,是
0703002-0918-11-09-gnss_raw.txt,2436,443369.000,BDS,1,48.0,147.0,30.0,是
0703002-0918-11-09-gnss_raw.txt,2436,443369.000,BDS,2,0.0,0.0,25.0,是
0703002-0918-11-09-gnss_raw.txt,2436,443369.000,BDS,3,0.0,0.0,36.0,是
0703002-0918-11-09-gnss_raw.txt,2436,443369.000,BDS,4,37.0,120.0,30.0,是
0703002-0918-11-09-gnss_raw.txt,2436,443369.000,BDS,6,69.0,40.0,30.0,是
0703002-0918-11-09-gnss_raw.txt,2436,443369.000,BDS,7,59.0,190.0,24.0,是
0703002-0918-11-09-gnss_raw.txt,2436,443369.000,BDS,10,49.0,190.0,23.0,是
0703002-0918-11-09-gnss_raw.txt,2436,443369.000,BDS,11,0.0,0.0,29.0,是
0703002-0918-11-09-gnss_raw.txt,2436,443369.000,BDS,20,58.0,31.0,34.0,是
0703002-0918-11-09-gnss_raw.txt,2436,443369.000,BDS,37,46.0,75.0,33.0,是
0703002-0918-11-09-gnss_raw.txt,2436,443370.000,GPS,13,28.0,134.0,34.0,是
0703002-0918-11-09-gnss_raw.txt,2436,443370.000,GPS,15,0.0,0.0,26.0,是
0703002-0918-11-09-gnss_raw.txt,2436,443370.000,GPS,18,45.0,213.0,30.0,是
0703002-0918-11-09-gnss_raw.txt,2436,443370.000,GPS,23,0.0,0.0,30.0,是
0703002-0918-11-09-gnss_raw.txt,2436,443370.000,GPS,24,64.0,44.0,35.0,是
0703002-0918-11-09-gnss_raw.txt,2436,443370.000,GLONASS,68,19.0,70.0,30.0,是
0703002-0918-11-09-gnss_raw.txt,2436,443370.000,GLONASS,70,29.0,314.0,28.0,是
0703002-0918-11-09-gnss_raw.txt,2436,443370.000,GLONASS,79,48.0,91.0,36.0,是
0703002-0918-11-09-gnss_raw.txt,2436,443370.000,GLONASS,80,28.0,160.0,38.0,是
0703002-0918-11-09-gnss_raw.txt,2436,443370.000,GLONASS,84,35.0,239.0,32.0,是
0703002-0918-11-09-gnss_raw.txt,2436,443370.000,GLONASS,85,0.0,0.0,29.0,是
0703002-0918-11-09-gnss_raw.txt,2436,443370.000,Galileo,13,0.0,0.0,30.0,是
0703002-0918-11-09-gnss_raw.txt,2436,443370.000,Galileo,26,60.0,268.0,36.0,是
0703002-0918-11-09-gnss_raw.txt,2436,443370.000,QZSS,3,42.0,168.0,34.0,是
0703002-0918-11-09-gnss_raw.txt,2436,443370.000,QZSS,7,53.0,169.0,24.0,是
0703002-0918-11-09-gnss_raw.txt,2436,443370.000,BDS,1,48.0,147.0,30.0,是
0703002-0918-11-09-gnss_raw.txt,2436,443370.000,BDS,2,0.0,0.0,26.0,是
0703002-0918-11-09-gnss_raw.txt,2436,443370.000,BDS,3,0.0,0.0,36.0,是
0703002-0918-11-09-gnss_raw.txt,2436,443370.000,BDS,4,37.0,120.0,31.0,是
0703002-0918-11-09-gnss_raw.txt,2436,443370.000,BDS,6,69.0,40.0,30.0,是
0703002-0918-11-09-gnss_raw.txt,2436,443370.000,BDS,7,59.0,190.0,24.0,是
0703002-0918-11-09-gnss_raw.txt,2436,443370.000,BDS,10,49.0,190.0,23.0,是
0703002-0918-11-09-gnss_raw.txt,2436,443370.000,BDS,11,0.0,0.0,29.0,是
0703002-0918-11-09-gnss_raw.txt,2436,443370.000,BDS,20,58.0,31.0,33.0,是
0703002-0918-11-09-gnss_raw.txt,2436,443370.000,BDS,37,46.0,75.0,33.0,是
0703002-0918-11-09-gnss_raw.txt,2436,443371.000,GPS,13,28.0,134.0,34.0,是
0703002-0918-11-09-gnss_raw.txt,2436,443371.000,GPS,15,0.0,0.0,25.0,是
0703002-0918-11-09-gnss_raw.txt,2436,443371.000,GPS,18,45.0,213.0,30.0,是
0703002-0918-11-09-gnss_raw.txt,2436,443371.000,GPS,23,0.0,0.0,30.0,是
0703002-0918-11-09-gnss_raw.txt,2436,443371.000,GPS,24,64.0,44.0,35.0,是
0703002-0918-11-09-gnss_raw.txt,2436,443371.000,GLONASS,68,19.0,70.0,31.0,是
0703002-0918-11-09-gnss_raw.txt,2436,443371.000,GLONASS,70,29.0,314.0,27.0,是
0703002-0918-11-09-gnss_raw.txt,2436,443371.000,GLONASS,79,48.0,91.0,36.0,是
0703002-0918-11-09-gnss_raw.txt,2436,443371.000,GLONASS,80,28.0,160.0,37.0,是
0703002-0918-11-09-gnss_raw.txt,2436,443371.000,GLONASS,84,35.0,239.0,31.0,是
0703002-0918-11-09-gnss_raw.txt,2436,443371.000,GLONASS,85,0.0,0.0,29.0,是
0703002-0918-11-09-gnss_raw.txt,2436,443371.000,Galileo,13,0.0,0.0,30.0,是
0703002-0918-11-09-gnss_raw.txt,2436,443371.000,Galileo,26,60.0,268.0,35.0,是
0703002-0918-11-09-gnss_raw.txt,2436,443371.000,QZSS,3,42.0,168.0,34.0,是
0703002-0918-11-09-gnss_raw.txt,2436,443371.000,QZSS,7,53.0,169.0,24.0,是
0703002-0918-11-09-gnss_raw.txt,2436,443371.000,BDS,1,48.0,147.0,30.0,是
0703002-0918-11-09-gnss_raw.txt,2436,443371.000,BDS,2,0.0,0.0,26.0,是
0703002-0918-11-09-gnss_raw.txt,2436,443371.000,BDS,3,0.0,0.0,37.0,是
0703002-0918-11-09-gnss_raw.txt,2436,443371.000,BDS,4,37.0,120.0,30.0,是
0703002-0918-11-09-gnss_raw.txt,2436,443371.000,BDS,6,69.0,40.0,30.0,是
0703002-0918-11-09-gnss_raw.txt,2436,443371.000,BDS,7,59.0,190.0,25.0,是
0703002-0918-11-09-gnss_raw.txt,2436,443371.000,BDS,10,49.0,190.0,22.0,是
0703002-0918-11-09-gnss_raw.txt,2436,443371.000,BDS,11,0.0,0.0,29.0,是
0703002-0918-11-09-gnss_raw.txt,2436,443371.000,BDS,20,58.0,31.0,34.0,是
0703002-0918-11-09-gnss_raw.txt,2436,443371.000,BDS,37,46.0,75.0,33.0,是
0703002-0918-11-09-gnss_raw.txt,2436,443372.000,GPS,13,28.0,134.0,33.0,是
0703002-0918-11-09-gnss_raw.txt,2436,443372.000,GPS,15,0.0,0.0,25.0,是
0703002-0918-11-09-gnss_raw.txt,2436,443372.000,GPS,18,45.0,213.0,30.0,是
0703002-0918-11-09-gnss_raw.txt,2436,443372.000,GPS,23,0.0,0.0,31.0,是
0703002-0918-11-09-gnss_raw.txt,2436,443372.000,GPS,24,64.0,44.0,35.0,是
0703002-0918-11-09-gnss_raw.txt,2436,443372.000,GLONASS,68,19.0,70.0,31.0,是
0703002-0918-11-09-gnss_raw.txt,2436,443372.000,GLONASS,70,29.0,314.0,27.0,是
0703002-0918-11-09-gnss_raw.txt,2436,443372.000,GLONASS,79,48.0,91.0,36.0,是
0703002-0918-11-09-gnss_raw.txt,2436,443372.000,GLONASS,80,28.0,160.0,37.0,是
0703002-0918-11-09-gnss_raw.txt,2436,443372.000,GLONASS,84,35.0,239.0,32.0,是
0703002-0918-11-09-gnss_raw.txt,2436,443372.000,GLONASS,85,0.0,0.0,30.0,是
0703002-0918-11-09-gnss_raw.txt,2436,443372.000,Galileo,13,0.0,0.0,30.0,是
0703002-0918-11-09-gnss_raw.txt,2436,443372.000,Galileo,26,60.0,268.0,35.0,是
0703002-0918-11-09-gnss_raw.txt,2436,443372.000,Galileo,29,0.0,0.0,27.0,是
0703002-0918-11-09-gnss_raw.txt,2436,443372.000,QZSS,3,42.0,168.0,34.0,是
0703002-0918-11-09-gnss_raw.txt,2436,443372.000,QZSS,7,53.0,169.0,24.0,是
0703002-0918-11-09-gnss_raw.txt,2436,443372.000,BDS,1,48.0,147.0,31.0,是
0703002-0918-11-09-gnss_raw.txt,2436,443372.000,BDS,3,0.0,0.0,36.0,是
0703002-0918-11-09-gnss_raw.txt,2436,443372.000,BDS,4,37.0,120.0,30.0,是
0703002-0918-11-09-gnss_raw.txt,2436,443372.000,BDS,6,69.0,40.0,30.0,是
0703002-0918-11-09-gnss_raw.txt,2436,443372.000,BDS,7,59.0,190.0,24.0,是
0703002-0918-11-09-gnss_raw.txt,2436,443372.000,BDS,10,49.0,190.0,23.0,是
0703002-0918-11-09-gnss_raw.txt,2436,443372.000,BDS,11,0.0,0.0,29.0,是
0703002-0918-11-09-gnss_raw.txt,2436,443372.000,BDS,20,58.0,31.0,33.0,是
0703002-0918-11-09-gnss_raw.txt,2436,443372.000,BDS,37,46.0,75.0,33.0,是
0703002-0918-11-09-gnss_raw.txt,2436,443373.000,GPS,13,28.0,134.0,33.0,是
0703002-0918-11-09-gnss_raw.txt,2436,443373.000,GPS,15,0.0,0.0,24.0,是
0703002-0918-11-09-gnss_raw.txt,2436,443373.000,GPS,18,45.0,213.0,30.0,是
0703002-0918-11-09-gnss_raw.txt,2436,443373.000,GPS,23,0.0,0.0,31.0,是
0703002-0918-11-09-gnss_raw.txt,2436,443373.000,GPS,24,64.0,44.0,35.0,是
0703002-0918-11-09-gnss_raw.txt,2436,443373.000,GLONASS,68,19.0,70.0,33.0,是
0703002-0918-11-09-gnss_raw.txt,2436,443373.000,GLONASS,70,29.0,314.0,30.0,是
0703002-0918-11-09-gnss_raw.txt,2436,443373.000,GLONASS,79,48.0,91.0,35.0,是
0703002-0918-11-09-gnss_raw.txt,2436,443373.000,GLONASS,80,28.0,160.0,37.0,是
0703002-0918-11-09-gnss_raw.txt,2436,443373.000,GLONASS,84,35.0,239.0,31.0,是
0703002-0918-11-09-gnss_raw.txt,2436,443373.000,GLONASS,85,0.0,0.0,30.0,是
0703002-0918-11-09-gnss_raw.txt,2436,443373.000,Galileo,13,0.0,0.0,30.0,是
0703002-0918-11-09-gnss_raw.txt,2436,443373.000,Galileo,26,60.0,268.0,35.0,是
0703002-0918-11-09-gnss_raw.txt,2436,443373.000,Galileo,29,0.0,0.0,29.0,是
0703002-0918-11-09-gnss_raw.txt,2436,443373.000,QZSS,3,42.0,168.0,34.0,是
0703002-0918-11-09-gnss_raw.txt,2436,443373.000,QZSS,7,53.0,169.0,25.0,是
0703002-0918-11-09-gnss_raw.txt,2436,443373.000,BDS,1,48.0,147.0,31.0,是
0703002-0918-11-09-gnss_raw.txt,2436,443373.000,BDS,3,0.0,0.0,36.0,是
0703002-0918-11-09-gnss_raw.txt,2436,443373.000,BDS,4,37.0,120.0,31.0,是
0703002-0918-11-09-gnss_raw.txt,2436,443373.000,BDS,6,69.0,40.0,30.0,是
0703002-0918-11-09-gnss_raw.txt,2436,443373.000,BDS,7,59.0,190.0,23.0,是
0703002-0918-11-09-gnss_raw.txt,2436,443373.000,BDS,10,49.0,190.0,22.0,是
0703002-0918-11-09-gnss_raw.txt,2436,443373.000,BDS,11,0.0,0.0,29.0,是
0703002-0918-11-09-gnss_raw.txt,2436,443373.000,BDS,20,58.0,31.0,33.0,是
0703002-0918-11-09-gnss_raw.txt,2436,443373.000,BDS,37,46.0,75.0,33.0,是
0703002-0918-11-09-gnss_raw.txt,2436,443374.000,GPS,13,28.0,134.0,33.0,是
0703002-0918-11-09-gnss_raw.txt,2436,443374.000,GPS,15,0.0,0.0,24.0,是
0703002-0918-11-09-gnss_raw.txt,2436,443374.000,GPS,18,45.0,213.0,30.0,是
0703002-0918-11-09-gnss_raw.txt,2436,443374.000,GPS,23,0.0,0.0,31.0,是
0703002-0918-11-09-gnss_raw.txt,2436,443374.000,GPS,24,64.0,44.0,35.0,是
0703002-0918-11-09-gnss_raw.txt,2436,443374.000,GLONASS,68,19.0,70.0,33.0,是
0703002-0918-11-09-gnss_raw.txt,2436,443374.000,GLONASS,70,29.0,314.0,29.0,是
0703002-0918-11-09-gnss_raw.txt,2436,443374.000,GLONASS,79,48.0,91.0,35.0,是
0703002-0918-11-09-gnss_raw.txt,2436,443374.000,GLONASS,80,28.0,160.0,38.0,是
0703002-0918-11-09-gnss_raw.txt,2436,443374.000,GLONASS,84,35.0,239.0,30.0,是
0703002-0918-11-09-gnss_raw.txt,2436,443374.000,GLONASS,85,0.0,0.0,30.0,是
0703002-0918-11-09-gnss_raw.txt,2436,443374.000,Galileo,13,0.0,0.0,31.0,是
0703002-0918-11-09-gnss_raw.txt,2436,443374.000,Galileo,26,60.0,268.0,35.0,是
0703002-0918-11-09-gnss_raw.txt,2436,443374.000,Galileo,29,0.0,0.0,27.0,是
0703002-0918-11-09-gnss_raw.txt,2436,443374.000,QZSS,3,42.0,168.0,34.0,是
0703002-0918-11-09-gnss_raw.txt,2436,443374.000,QZSS,7,53.0,169.0,24.0,是
0703002-0918-11-09-gnss_raw.txt,2436,443374.000,BDS,1,48.0,147.0,30.0,是
0703002-0918-11-09-gnss_raw.txt,2436,443374.000,BDS,3,0.0,0.0,36.0,是
0703002-0918-11-09-gnss_raw.txt,2436,443374.000,BDS,4,37.0,120.0,31.0,是
0703002-0918-11-09-gnss_raw.txt,2436,443374.000,BDS,6,69.0,40.0,30.0,是
0703002-0918-11-09-gnss_raw.txt,2436,443374.000,BDS,7,59.0,190.0,24.0,是
0703002-0918-11-09-gnss_raw.txt,2436,443374.000,BDS,10,49.0,190.0,22.0,是
0703002-0918-11-09-gnss_raw.txt,2436,443374.000,BDS,11,0.0,0.0,28.0,是
0703002-0918-11-09-gnss_raw.txt,2436,443374.000,BDS,20,58.0,31.0,34.0,是
0703002-0918-11-09-gnss_raw.txt,2436,443374.000,BDS,37,46.0,75.0,33.0,是
0703002-0918-11-09-gnss_raw.txt,2436,443375.000,GPS,13,28.0,134.0,33.0,是
0703002-0918-11-09-gnss_raw.txt,2436,443375.000,GPS,15,0.0,0.0,24.0,是
0703002-0918-11-09-gnss_raw.txt,2436,443375.000,GPS,18,45.0,213.0,30.0,是
0703002-0918-11-09-gnss_raw.txt,2436,443375.000,GPS,23,0.0,0.0,31.0,是
0703002-0918-11-09-gnss_raw.txt,2436,443375.000,GPS,24,64.0,44.0,35.0,是
0703002-0918-11-09-gnss_raw.txt,2436,443375.000,GLONASS,68,19.0,70.0,33.0,是
0703002-0918-11-09-gnss_raw.txt,2436,443375.000,GLONASS,70,29.0,314.0,29.0,是
0703002-0918-11-09-gnss_raw.txt,2436,443375.000,GLONASS,79,48.0,91.0,35.0,是
0703002-0918-11-09-gnss_raw.txt,2436,443375.000,GLONASS,80,28.0,160.0,38.0,是
0703002-0918-11-09-gnss_raw.txt,2436,443375.000,GLONASS,84,35.0,239.0,30.0,是
0703002-0918-11-09-gnss_raw.txt,2436,443375.000,GLONASS,85,0.0,0.0,31.0,是
0703002-0918-11-09-gnss_raw.txt,2436,443375.000,Galileo,13,0.0,0.0,29.0,是
0703002-0918-11-09-gnss_raw.txt,2436,443375.000,Galileo,26,60.0,268.0,36.0,是
0703002-0918-11-09-gnss_raw.txt,2436,443375.000,Galileo,29,0.0,0.0,26.0,是
0703002-0918-11-09-gnss_raw.txt,2436,443375.000,QZSS,3,42.0,168.0,34.0,是
0703002-0918-11-09-gnss_raw.txt,2436,443375.000,QZSS,7,53.0,169.0,23.0,是
0703002-0918-11-09-gnss_raw.txt,2436,443375.000,BDS,1,48.0,147.0,30.0,是
0703002-0918-11-09-gnss_raw.txt,2436,443375.000,BDS,3,0.0,0.0,36.0,是
0703002-0918-11-09-gnss_raw.txt,2436,443375.000,BDS,4,37.0,120.0,29.0,是
0703002-0918-11-09-gnss_raw.txt,2436,443375.000,BDS,6,69.0,40.0,30.0,是
0703002-0918-11-09-gnss_raw.txt,2436,443375.000,BDS,7,59.0,190.0,24.0,是
0703002-0918-11-09-gnss_raw.txt,2436,443375.000,BDS,10,49.0,190.0,21.0,是
0703002-0918-11-09-gnss_raw.txt,2436,443375.000,BDS,11,0.0,0.0,28.0,是
0703002-0918-11-09-gnss_raw.txt,2436,443375.000,BDS,20,58.0,31.0,34.0,是
0703002-0918-11-09-gnss_raw.txt,2436,443375.000,BDS,37,46.0,75.0,33.0,是
0703002-0918-11-09-gnss_raw.txt,2436,443376.000,GPS,13,28.0,134.0,33.0,是
0703002-0918-11-09-gnss_raw.txt,2436,443376.000,GPS,15,0.0,0.0,25.0,是
0703002-0918-11-09-gnss_raw.txt,2436,443376.000,GPS,18,45.0,213.0,28.0,是
0703002-0918-11-09-gnss_raw.txt,2436,443376.000,GPS,23,0.0,0.0,31.0,是
0703002-0918-11-09-gnss_raw.txt,2436,443376.000,GPS,24,64.0,44.0,35.0,是
0703002-0918-11-09-gnss_raw.txt,2436,443376.000,GLONASS,68,19.0,70.0,32.0,是
0703002-0918-11-09-gnss_raw.txt,2436,443376.000,GLONASS,70,30.0,314.0,29.0,是
0703002-0918-11-09-gnss_raw.txt,2436,443376.000,GLONASS,79,48.0,91.0,35.0,是
0703002-0918-11-09-gnss_raw.txt,2436,443376.000,GLONASS,80,28.0,160.0,38.0,是
0703002-0918-11-09-gnss_raw.txt,2436,443376.000,GLONASS,84,35.0,239.0,30.0,是
0703002-0918-11-09-gnss_raw.txt,2436,443376.000,GLONASS,85,0.0,0.0,29.0,是
0703002-0918-11-09-gnss_raw.txt,2436,443376.000,Galileo,13,0.0,0.0,29.0,是
0703002-0918-11-09-gnss_raw.txt,2436,443376.000,Galileo,26,60.0,268.0,35.0,是
0703002-0918-11-09-gnss_raw.txt,2436,443376.000,Galileo,29,0.0,0.0,26.0,是
0703002-0918-11-09-gnss_raw.txt,2436,443376.000,QZSS,3,42.0,168.0,34.0,是
0703002-0918-11-09-gnss_raw.txt,2436,443376.000,QZSS,7,53.0,169.0,24.0,是
0703002-0918-11-09-gnss_raw.txt,2436,443376.000,BDS,1,48.0,147.0,30.0,是
0703002-0918-11-09-gnss_raw.txt,2436,443376.000,BDS,3,0.0,0.0,36.0,是
0703002-0918-11-09-gnss_raw.txt,2436,443376.000,BDS,4,37.0,120.0,31.0,是
0703002-0918-11-09-gnss_raw.txt,2436,443376.000,BDS,6,69.0,40.0,30.0,是
0703002-0918-11-09-gnss_raw.txt,2436,443376.000,BDS,7,59.0,190.0,24.0,是
0703002-0918-11-09-gnss_raw.txt,2436,443376.000,BDS,10,49.0,190.0,22.0,是
0703002-0918-11-09-gnss_raw.txt,2436,443376.000,BDS,11,0.0,0.0,28.0,是
0703002-0918-11-09-gnss_raw.txt,2436,443376.000,BDS,20,58.0,31.0,34.0,是
0703002-0918-11-09-gnss_raw.txt,2436,443376.000,BDS,37,46.0,75.0,33.0,是
0703002-0918-11-09-gnss_raw.txt,2436,443377.000,GPS,13,28.0,134.0,34.0,是
0703002-0918-11-09-gnss_raw.txt,2436,443377.000,GPS,15,0.0,0.0,24.0,是
0703002-0918-11-09-gnss_raw.txt,2436,443377.000,GPS,18,45.0,213.0,28.0,是
0703002-0918-11-09-gnss_raw.txt,2436,443377.000,GPS,23,0.0,0.0,31.0,是
0703002-0918-11-09-gnss_raw.txt,2436,443377.000,GPS,24,64.0,44.0,35.0,是
0703002-0918-11-09-gnss_raw.txt,2436,443377.000,GLONASS,68,19.0,70.0,33.0,是
0703002-0918-11-09-gnss_raw.txt,2436,443377.000,GLONASS,70,30.0,314.0,28.0,是
0703002-0918-11-09-gnss_raw.txt,2436,443377.000,GLONASS,79,48.0,91.0,35.0,是
0703002-0918-11-09-gnss_raw.txt,2436,443377.000,GLONASS,80,28.0,160.0,38.0,是
0703002-0918-11-09-gnss_raw.txt,2436,443377.000,GLONASS,84,35.0,239.0,29.0,是
0703002-0918-11-09-gnss_raw.txt,2436,443377.000,GLONASS,85,0.0,0.0,30.0,是
0703002-0918-11-09-gnss_raw.txt,2436,443377.000,Galileo,13,0.0,0.0,29.0,是
0703002-0918-11-09-gnss_raw.txt,2436,443377.000,Galileo,26,60.0,268.0,36.0,是
0703002-0918-11-09-gnss_raw.txt,2436,443377.000,Galileo,29,0.0,0.0,26.0,是
0703002-0918-11-09-gnss_raw.txt,2436,443377.000,QZSS,3,42.0,168.0,35.0,是
0703002-0918-11-09-gnss_raw.txt,2436,443377.000,QZSS,7,53.0,169.0,23.0,是
0703002-0918-11-09-gnss_raw.txt,2436,443377.000,BDS,1,48.0,147.0,30.0,是
0703002-0918-11-09-gnss_raw.txt,2436,443377.000,BDS,3,0.0,0.0,36.0,是
0703002-0918-11-09-gnss_raw.txt,2436,443377.000,BDS,4,37.0,120.0,31.0,是
0703002-0918-11-09-gnss_raw.txt,2436,443377.000,BDS,6,69.0,40.0,30.0,是
0703002-0918-11-09-gnss_raw.txt,2436,443377.000,BDS,7,59.0,190.0,23.0,是
0703002-0918-11-09-gnss_raw.txt,2436,443377.000,BDS,10,49.0,190.0,21.0,是
0703002-0918-11-09-gnss_raw.txt,2436,443377.000,BDS,11,0.0,0.0,28.0,是
0703002-0918-11-09-gnss_raw.txt,2436,443377.000,BDS,20,58.0,31.0,34.0,是
0703002-0918-11-09-gnss_raw.txt,2436,443377.000,BDS,37,46.0,75.0,32.0,是
0703002-0918-11-09-gnss_raw.txt,2436,443378.000,GPS,13,28.0,134.0,34.0,是
0703002-0918-11-09-gnss_raw.txt,2436,443378.000,GPS,15,0.0,0.0,24.0,是
0703002-0918-11-09-gnss_raw.txt,2436,443378.000,GPS,18,45.0,213.0,28.0,是
0703002-0918-11-09-gnss_raw.txt,2436,443378.000,GPS,23,0.0,0.0,31.0,是
0703002-0918-11-09-gnss_raw.txt,2436,443378.000,GPS,24,64.0,44.0,35.0,是
0703002-0918-11-09-gnss_raw.txt,2436,443378.000,GLONASS,68,19.0,70.0,32.0,是
0703002-0918-11-09-gnss_raw.txt,2436,443378.000,GLONASS,70,30.0,314.0,27.0,是
0703002-0918-11-09-gnss_raw.txt,2436,443378.000,GLONASS,79,48.0,91.0,35.0,是
0703002-0918-11-09-gnss_raw.txt,2436,443378.000,GLONASS,80,28.0,160.0,39.0,是
0703002-0918-11-09-gnss_raw.txt,2436,443378.000,GLONASS,84,35.0,239.0,29.0,是
0703002-0918-11-09-gnss_raw.txt,2436,443378.000,GLONASS,85,0.0,0.0,28.0,是
0703002-0918-11-09-gnss_raw.txt,2436,443378.000,Galileo,13,0.0,0.0,29.0,是
0703002-0918-11-09-gnss_raw.txt,2436,443378.000,Galileo,26,60.0,268.0,36.0,是
0703002-0918-11-09-gnss_raw.txt,2436,443378.000,Galileo,29,34.0,272.0,26.0,是
0703002-0918-11-09-gnss_raw.txt,2436,443378.000,QZSS,3,42.0,168.0,35.0,是
0703002-0918-11-09-gnss_raw.txt,2436,443378.000,QZSS,7,53.0,169.0,23.0,是
0703002-0918-11-09-gnss_raw.txt,2436,443378.000,BDS,1,48.0,147.0,30.0,是
0703002-0918-11-09-gnss_raw.txt,2436,443378.000,BDS,3,0.0,0.0,27.0,是
0703002-0918-11-09-gnss_raw.txt,2436,443378.000,BDS,4,37.0,120.0,31.0,是
0703002-0918-11-09-gnss_raw.txt,2436,443378.000,BDS,6,69.0,40.0,30.0,是
0703002-0918-11-09-gnss_raw.txt,2436,443378.000,BDS,7,59.0,190.0,22.0,是
0703002-0918-11-09-gnss_raw.txt,2436,443378.000,BDS,10,49.0,190.0,21.0,是
0703002-0918-11-09-gnss_raw.txt,2436,443378.000,BDS,11,0.0,0.0,28.0,是
0703002-0918-11-09-gnss_raw.txt,2436,443378.000,BDS,20,58.0,31.0,34.0,是
0703002-0918-11-09-gnss_raw.txt,2436,443378.000,BDS,37,46.0,75.0,33.0,是
0703002-0918-11-09-gnss_raw.txt,2436,443379.000,GPS,13,28.0,134.0,34.0,是
0703002-0918-11-09-gnss_raw.txt,2436,443379.000,GPS,15,0.0,0.0,24.0,是
0703002-0918-11-09-gnss_raw.txt,2436,443379.000,GPS,18,45.0,213.0,29.0,是
0703002-0918-11-09-gnss_raw.txt,2436,443379.000,GPS,23,0.0,0.0,31.0,是
0703002-0918-11-09-gnss_raw.txt,2436,443379.000,GPS,24,64.0,44.0,35.0,是
0703002-0918-11-09-gnss_raw.txt,2436,443379.000,GLONASS,68,19.0,70.0,32.0,是
0703002-0918-11-09-gnss_raw.txt,2436,443379.000,GLONASS,70,30.0,314.0,27.0,是
0703002-0918-11-09-gnss_raw.txt,2436,443379.000,GLONASS,79,48.0,91.0,35.0,是
0703002-0918-11-09-gnss_raw.txt,2436,443379.000,GLONASS,80,28.0,160.0,39.0,是
0703002-0918-11-09-gnss_raw.txt,2436,443379.000,GLONASS,84,35.0,239.0,29.0,是
0703002-0918-11-09-gnss_raw.txt,2436,443379.000,GLONASS,85,0.0,0.0,28.0,是
0703002-0918-11-09-gnss_raw.txt,2436,443379.000,Galileo,13,0.0,0.0,30.0,是
0703002-0918-11-09-gnss_raw.txt,2436,443379.000,Galileo,26,60.0,268.0,36.0,是
0703002-0918-11-09-gnss_raw.txt,2436,443379.000,Galileo,29,0.0,0.0,28.0,是
0703002-0918-11-09-gnss_raw.txt,2436,443379.000,QZSS,3,42.0,168.0,35.0,是
0703002-0918-11-09-gnss_raw.txt,2436,443379.000,QZSS,7,53.0,169.0,23.0,是
0703002-0918-11-09-gnss_raw.txt,2436,443379.000,BDS,1,48.0,147.0,31.0,是
0703002-0918-11-09-gnss_raw.txt,2436,443379.000,BDS,2,0.0,0.0,31.0,是
0703002-0918-11-09-gnss_raw.txt,2436,443379.000,BDS,3,0.0,0.0,27.0,是
0703002-0918-11-09-gnss_raw.txt,2436,443379.000,BDS,4,37.0,120.0,29.0,是
0703002-0918-11-09-gnss_raw.txt,2436,443379.000,BDS,6,69.0,40.0,30.0,是
0703002-0918-11-09-gnss_raw.txt,2436,443379.000,BDS,7,59.0,190.0,21.0,是
0703002-0918-11-09-gnss_raw.txt,2436,443379.000,BDS,10,49.0,190.0,20.0,是
0703002-0918-11-09-gnss_raw.txt,2436,443379.000,BDS,11,0.0,0.0,28.0,是
0703002-0918-11-09-gnss_raw.txt,2436,443379.000,BDS,20,58.0,31.0,34.0,是
0703002-0918-11-09-gnss_raw.txt,2436,443379.000,BDS,37,46.0,75.0,33.0,是
0703002-0918-11-09-gnss_raw.txt,2436,443380.000,GPS,13,28.0,134.0,34.0,是
0703002-0918-11-09-gnss_raw.txt,2436,443380.000,GPS,15,0.0,0.0,24.0,是
0703002-0918-11-09-gnss_raw.txt,2436,443380.000,GPS,18,45.0,213.0,29.0,是
0703002-0918-11-09-gnss_raw.txt,2436,443380.000,GPS,23,0.0,0.0,31.0,是
0703002-0918-11-09-gnss_raw.txt,2436,443380.000,GPS,24,64.0,44.0,35.0,是
0703002-0918-11-09-gnss_raw.txt,2436,443380.000,GLONASS,68,19.0,70.0,32.0,是
0703002-0918-11-09-gnss_raw.txt,2436,443380.000,GLONASS,70,30.0,314.0,28.0,是
0703002-0918-11-09-gnss_raw.txt,2436,443380.000,GLONASS,79,48.0,91.0,36.0,是
0703002-0918-11-09-gnss_raw.txt,2436,443380.000,GLONASS,80,28.0,160.0,38.0,是
0703002-0918-11-09-gnss_raw.txt,2436,443380.000,GLONASS,84,35.0,239.0,30.0,是
0703002-0918-11-09-gnss_raw.txt,2436,443380.000,GLONASS,85,0.0,0.0,28.0,是
0703002-0918-11-09-gnss_raw.txt,2436,443380.000,Galileo,13,0.0,0.0,27.0,是
0703002-0918-11-09-gnss_raw.txt,2436,443380.000,Galileo,26,60.0,268.0,36.0,是
0703002-0918-11-09-gnss_raw.txt,2436,443380.000,Galileo,29,34.0,272.0,28.0,是
0703002-0918-11-09-gnss_raw.txt,2436,443380.000,QZSS,3,42.0,168.0,35.0,是
0703002-0918-11-09-gnss_raw.txt,2436,443380.000,QZSS,7,53.0,169.0,23.0,是
0703002-0918-11-09-gnss_raw.txt,2436,443380.000,BDS,1,48.0,147.0,31.0,是
0703002-0918-11-09-gnss_raw.txt,2436,443380.000,BDS,2,0.0,0.0,27.0,是
0703002-0918-11-09-gnss_raw.txt,2436,443380.000,BDS,3,0.0,0.0,25.0,是
0703002-0918-11-09-gnss_raw.txt,2436,443380.000,BDS,4,37.0,120.0,31.0,是
0703002-0918-11-09-gnss_raw.txt,2436,443380.000,BDS,6,69.0,40.0,30.0,是
0703002-0918-11-09-gnss_raw.txt,2436,443380.000,BDS,7,59.0,190.0,20.0,是
0703002-0918-11-09-gnss_raw.txt,2436,443380.000,BDS,10,49.0,190.0,21.0,是
0703002-0918-11-09-gnss_raw.txt,2436,443380.000,BDS,11,0.0,0.0,28.0,是
0703002-0918-11-09-gnss_raw.txt,2436,443380.000,BDS,20,58.0,31.0,34.0,是
0703002-0918-11-09-gnss_raw.txt,2436,443380.000,BDS,37,46.0,75.0,33.0,是
0703002-0918-11-09-gnss_raw.txt,2436,443381.000,GPS,13,28.0,134.0,34.0,是
0703002-0918-11-09-gnss_raw.txt,2436,443381.000,GPS,15,0.0,0.0,24.0,是
0703002-0918-11-09-gnss_raw.txt,2436,443381.000,GPS,18,45.0,213.0,30.0,是
0703002-0918-11-09-gnss_raw.txt,2436,443381.000,GPS,23,0.0,0.0,31.0,是
0703002-0918-11-09-gnss_raw.txt,2436,443381.000,GPS,24,64.0,44.0,35.0,是
0703002-0918-11-09-gnss_raw.txt,2436,443381.000,GLONASS,68,19.0,70.0,31.0,是
0703002-0918-11-09-gnss_raw.txt,2436,443381.000,GLONASS,70,30.0,314.0,30.0,是
0703002-0918-11-09-gnss_raw.txt,2436,443381.000,GLONASS,79,48.0,91.0,35.0,是
0703002-0918-11-09-gnss_raw.txt,2436,443381.000,GLONASS,80,28.0,160.0,38.0,是
0703002-0918-11-09-gnss_raw.txt,2436,443381.000,GLONASS,84,35.0,239.0,28.0,是
0703002-0918-11-09-gnss_raw.txt,2436,443381.000,GLONASS,85,0.0,0.0,29.0,是
0703002-0918-11-09-gnss_raw.txt,2436,443381.000,Galileo,13,0.0,0.0,30.0,是
0703002-0918-11-09-gnss_raw.txt,2436,443381.000,Galileo,26,60.0,268.0,36.0,是
0703002-0918-11-09-gnss_raw.txt,2436,443381.000,Galileo,29,34.0,272.0,28.0,是
0703002-0918-11-09-gnss_raw.txt,2436,443381.000,QZSS,3,42.0,168.0,35.0,是
0703002-0918-11-09-gnss_raw.txt,2436,443381.000,QZSS,7,53.0,169.0,23.0,是
0703002-0918-11-09-gnss_raw.txt,2436,443381.000,BDS,1,48.0,147.0,31.0,是
0703002-0918-11-09-gnss_raw.txt,2436,443381.000,BDS,2,0.0,0.0,27.0,是
0703002-0918-11-09-gnss_raw.txt,2436,443381.000,BDS,4,37.0,120.0,31.0,是
0703002-0918-11-09-gnss_raw.txt,2436,443381.000,BDS,6,69.0,40.0,30.0,是
0703002-0918-11-09-gnss_raw.txt,2436,443381.000,BDS,7,59.0,190.0,20.0,是
0703002-0918-11-09-gnss_raw.txt,2436,443381.000,BDS,10,49.0,190.0,22.0,是
0703002-0918-11-09-gnss_raw.txt,2436,443381.000,BDS,11,0.0,0.0,28.0,是
0703002-0918-11-09-gnss_raw.txt,2436,443381.000,BDS,20,58.0,31.0,34.0,是
0703002-0918-11-09-gnss_raw.txt,2436,443381.000,BDS,37,46.0,75.0,33.0,是
0703002-0918-11-09-gnss_raw.txt,2436,443382.000,GPS,13,28.0,134.0,34.0,是
0703002-0918-11-09-gnss_raw.txt,2436,443382.000,GPS,15,0.0,0.0,22.0,是
0703002-0918-11-09-gnss_raw.txt,2436,443382.000,GPS,18,45.0,213.0,30.0,是
0703002-0918-11-09-gnss_raw.txt,2436,443382.000,GPS,23,0.0,0.0,31.0,是
0703002-0918-11-09-gnss_raw.txt,2436,443382.000,GPS,24,64.0,44.0,35.0,是
0703002-0918-11-09-gnss_raw.txt,2436,443382.000,GLONASS,68,19.0,70.0,32.0,是
0703002-0918-11-09-gnss_raw.txt,2436,443382.000,GLONASS,70,30.0,314.0,29.0,是
0703002-0918-11-09-gnss_raw.txt,2436,443382.000,GLONASS,79,48.0,91.0,37.0,是
0703002-0918-11-09-gnss_raw.txt,2436,443382.000,GLONASS,80,28.0,160.0,37.0,是
0703002-0918-11-09-gnss_raw.txt,2436,443382.000,GLONASS,84,35.0,239.0,29.0,是
0703002-0918-11-09-gnss_raw.txt,2436,443382.000,GLONASS,85,0.0,0.0,29.0,是
0703002-0918-11-09-gnss_raw.txt,2436,443382.000,Galileo,13,0.0,0.0,30.0,是
0703002-0918-11-09-gnss_raw.txt,2436,443382.000,Galileo,26,60.0,268.0,36.0,是
0703002-0918-11-09-gnss_raw.txt,2436,443382.000,Galileo,29,0.0,0.0,30.0,是
0703002-0918-11-09-gnss_raw.txt,2436,443382.000,QZSS,3,42.0,168.0,34.0,是
0703002-0918-11-09-gnss_raw.txt,2436,443382.000,QZSS,7,53.0,169.0,24.0,是
0703002-0918-11-09-gnss_raw.txt,2436,443382.000,BDS,1,48.0,147.0,30.0,是
0703002-0918-11-09-gnss_raw.txt,2436,443382.000,BDS,2,0.0,0.0,27.0,是
0703002-0918-11-09-gnss_raw.txt,2436,443382.000,BDS,4,37.0,120.0,31.0,是
0703002-0918-11-09-gnss_raw.txt,2436,443382.000,BDS,6,69.0,40.0,30.0,是
0703002-0918-11-09-gnss_raw.txt,2436,443382.000,BDS,7,59.0,190.0,20.0,是
0703002-0918-11-09-gnss_raw.txt,2436,443382.000,BDS,10,49.0,190.0,23.0,是
0703002-0918-11-09-gnss_raw.txt,2436,443382.000,BDS,11,0.0,0.0,28.0,是
0703002-0918-11-09-gnss_raw.txt,2436,443382.000,BDS,20,58.0,31.0,34.0,是
0703002-0918-11-09-gnss_raw.txt,2436,443382.000,BDS,37,46.0,75.0,32.0,是
0703002-0918-11-09-gnss_raw.txt,2436,443383.000,GPS,13,28.0,134.0,34.0,是
0703002-0918-11-09-gnss_raw.txt,2436,443383.000,GPS,15,0.0,0.0,22.0,是
0703002-0918-11-09-gnss_raw.txt,2436,443383.000,GPS,18,45.0,213.0,30.0,是
0703002-0918-11-09-gnss_raw.txt,2436,443383.000,GPS,23,0.0,0.0,31.0,是
0703002-0918-11-09-gnss_raw.txt,2436,443383.000,GPS,24,64.0,44.0,35.0,是
0703002-0918-11-09-gnss_raw.txt,2436,443383.000,GLONASS,68,19.0,70.0,32.0,是
0703002-0918-11-09-gnss_raw.txt,2436,443383.000,GLONASS,70,30.0,314.0,28.0,是
0703002-0918-11-09-gnss_raw.txt,2436,443383.000,GLONASS,79,48.0,91.0,36.0,是
0703002-0918-11-09-gnss_raw.txt,2436,443383.000,GLONASS,80,28.0,159.0,37.0,是
0703002-0918-11-09-gnss_raw.txt,2436,443383.000,GLONASS,84,35.0,239.0,28.0,是
0703002-0918-11-09-gnss_raw.txt,2436,443383.000,GLONASS,85,0.0,0.0,29.0,是
0703002-0918-11-09-gnss_raw.txt,2436,443383.000,Galileo,13,0.0,0.0,31.0,是
0703002-0918-11-09-gnss_raw.txt,2436,443383.000,Galileo,26,60.0,268.0,37.0,是
0703002-0918-11-09-gnss_raw.txt,2436,443383.000,Galileo,29,34.0,272.0,28.0,是
0703002-0918-11-09-gnss_raw.txt,2436,443383.000,QZSS,3,42.0,168.0,34.0,是
0703002-0918-11-09-gnss_raw.txt,2436,443383.000,QZSS,7,53.0,169.0,23.0,是
0703002-0918-11-09-gnss_raw.txt,2436,443383.000,BDS,1,48.0,147.0,31.0,是
0703002-0918-11-09-gnss_raw.txt,2436,443383.000,BDS,2,0.0,0.0,25.0,是
0703002-0918-11-09-gnss_raw.txt,2436,443383.000,BDS,4,37.0,120.0,30.0,是
0703002-0918-11-09-gnss_raw.txt,2436,443383.000,BDS,6,69.0,40.0,30.0,是
0703002-0918-11-09-gnss_raw.txt,2436,443383.000,BDS,7,59.0,190.0,20.0,是
0703002-0918-11-09-gnss_raw.txt,2436,443383.000,BDS,10,49.0,190.0,22.0,是
0703002-0918-11-09-gnss_raw.txt,2436,443383.000,BDS,11,0.0,0.0,28.0,是
0703002-0918-11-09-gnss_raw.txt,2436,443383.000,BDS,20,58.0,31.0,34.0,是
0703002-0918-11-09-gnss_raw.txt,2436,443383.000,BDS,37,46.0,75.0,32.0,是
0703002-0918-11-09-gnss_raw.txt,2436,443384.000,GPS,13,28.0,134.0,33.0,是
0703002-0918-11-09-gnss_raw.txt,2436,443384.000,GPS,15,0.0,0.0,24.0,是
0703002-0918-11-09-gnss_raw.txt,2436,443384.000,GPS,18,45.0,213.0,30.0,是
0703002-0918-11-09-gnss_raw.txt,2436,443384.000,GPS,23,0.0,0.0,31.0,是
0703002-0918-11-09-gnss_raw.txt,2436,443384.000,GPS,24,64.0,44.0,35.0,是
0703002-0918-11-09-gnss_raw.txt,2436,443384.000,GLONASS,68,19.0,70.0,33.0,是
0703002-0918-11-09-gnss_raw.txt,2436,443384.000,GLONASS,70,30.0,314.0,30.0,是
0703002-0918-11-09-gnss_raw.txt,2436,443384.000,GLONASS,79,48.0,91.0,36.0,是
0703002-0918-11-09-gnss_raw.txt,2436,443384.000,GLONASS,80,28.0,159.0,37.0,是
0703002-0918-11-09-gnss_raw.txt,2436,443384.000,GLONASS,84,35.0,239.0,29.0,是
0703002-0918-11-09-gnss_raw.txt,2436,443384.000,GLONASS,85,0.0,0.0,28.0,是
0703002-0918-11-09-gnss_raw.txt,2436,443384.000,Galileo,13,0.0,0.0,30.0,是
0703002-0918-11-09-gnss_raw.txt,2436,443384.000,Galileo,26,60.0,268.0,36.0,是
0703002-0918-11-09-gnss_raw.txt,2436,443384.000,Galileo,29,34.0,272.0,28.0,是
0703002-0918-11-09-gnss_raw.txt,2436,443384.000,QZSS,3,42.0,168.0,34.0,是
0703002-0918-11-09-gnss_raw.txt,2436,443384.000,QZSS,7,53.0,169.0,23.0,是
0703002-0918-11-09-gnss_raw.txt,2436,443384.000,BDS,1,48.0,147.0,30.0,是
0703002-0918-11-09-gnss_raw.txt,2436,443384.000,BDS,2,0.0,0.0,26.0,是
0703002-0918-11-09-gnss_raw.txt,2436,443384.000,BDS,4,37.0,120.0,30.0,是
0703002-0918-11-09-gnss_raw.txt,2436,443384.000,BDS,6,69.0,40.0,30.0,是
0703002-0918-11-09-gnss_raw.txt,2436,443384.000,BDS,7,59.0,190.0,19.0,是
0703002-0918-11-09-gnss_raw.txt,2436,443384.000,BDS,10,49.0,190.0,22.0,是
0703002-0918-11-09-gnss_raw.txt,2436,443384.000,BDS,11,0.0,0.0,27.0,是
0703002-0918-11-09-gnss_raw.txt,2436,443384.000,BDS,20,58.0,31.0,34.0,是
0703002-0918-11-09-gnss_raw.txt,2436,443384.000,BDS,37,46.0,75.0,32.0,是
0703002-0918-11-09-gnss_raw.txt,2436,443385.000,GPS,13,28.0,134.0,33.0,是
0703002-0918-11-09-gnss_raw.txt,2436,443385.000,GPS,15,0.0,0.0,24.0,是
0703002-0918-11-09-gnss_raw.txt,2436,443385.000,GPS,18,45.0,213.0,30.0,是
0703002-0918-11-09-gnss_raw.txt,2436,443385.000,GPS,23,0.0,0.0,31.0,是
0703002-0918-11-09-gnss_raw.txt,2436,443385.000,GPS,24,64.0,44.0,35.0,是
0703002-0918-11-09-gnss_raw.txt,2436,443385.000,GLONASS,68,19.0,70.0,34.0,是
0703002-0918-11-09-gnss_raw.txt,2436,443385.000,GLONASS,70,30.0,314.0,29.0,是
0703002-0918-11-09-gnss_raw.txt,2436,443385.000,GLONASS,79,48.0,91.0,36.0,是
0703002-0918-11-09-gnss_raw.txt,2436,443385.000,GLONASS,80,28.0,159.0,37.0,是
0703002-0918-11-09-gnss_raw.txt,2436,443385.000,GLONASS,84,35.0,239.0,30.0,是
0703002-0918-11-09-gnss_raw.txt,2436,443385.000,GLONASS,85,0.0,0.0,27.0,是
0703002-0918-11-09-gnss_raw.txt,2436,443385.000,Galileo,13,0.0,0.0,30.0,是
0703002-0918-11-09-gnss_raw.txt,2436,443385.000,Galileo,26,60.0,268.0,36.0,是
0703002-0918-11-09-gnss_raw.txt,2436,443385.000,Galileo,29,0.0,0.0,29.0,是
0703002-0918-11-09-gnss_raw.txt,2436,443385.000,QZSS,3,42.0,168.0,34.0,是
0703002-0918-11-09-gnss_raw.txt,2436,443385.000,QZSS,7,53.0,169.0,24.0,是
0703002-0918-11-09-gnss_raw.txt,2436,443385.000,BDS,1,48.0,147.0,31.0,是
0703002-0918-11-09-gnss_raw.txt,2436,443385.000,BDS,2,0.0,0.0,27.0,是
0703002-0918-11-09-gnss_raw.txt,2436,443385.000,BDS,4,37.0,120.0,30.0,是
0703002-0918-11-09-gnss_raw.txt,2436,443385.000,BDS,6,69.0,40.0,30.0,是
0703002-0918-11-09-gnss_raw.txt,2436,443385.000,BDS,7,59.0,190.0,20.0,是
0703002-0918-11-09-gnss_raw.txt,2436,443385.000,BDS,10,49.0,190.0,23.0,是
0703002-0918-11-09-gnss_raw.txt,2436,443385.000,BDS,11,0.0,0.0,28.0,是
0703002-0918-11-09-gnss_raw.txt,2436,443385.000,BDS,20,58.0,31.0,34.0,是
0703002-0918-11-09-gnss_raw.txt,2436,443385.000,BDS,37,46.0,75.0,33.0,是
0703002-0918-11-09-gnss_raw.txt,2436,443386.000,GPS,13,28.0,134.0,33.0,是
0703002-0918-11-09-gnss_raw.txt,2436,443386.000,GPS,15,0.0,0.0,24.0,是
0703002-0918-11-09-gnss_raw.txt,2436,443386.000,GPS,18,45.0,213.0,30.0,是
0703002-0918-11-09-gnss_raw.txt,2436,443386.000,GPS,23,0.0,0.0,31.0,是
0703002-0918-11-09-gnss_raw.txt,2436,443386.000,GPS,24,64.0,44.0,35.0,是
0703002-0918-11-09-gnss_raw.txt,2436,443386.000,GLONASS,68,19.0,70.0,33.0,是
0703002-0918-11-09-gnss_raw.txt,2436,443386.000,GLONASS,70,30.0,314.0,28.0,是
0703002-0918-11-09-gnss_raw.txt,2436,443386.000,GLONASS,79,48.0,91.0,36.0,是
0703002-0918-11-09-gnss_raw.txt,2436,443386.000,GLONASS,80,28.0,159.0,37.0,是
0703002-0918-11-09-gnss_raw.txt,2436,443386.000,GLONASS,84,35.0,239.0,30.0,是
0703002-0918-11-09-gnss_raw.txt,2436,443386.000,GLONASS,85,0.0,0.0,28.0,是
0703002-0918-11-09-gnss_raw.txt,2436,443386.000,Galileo,13,0.0,0.0,30.0,是
0703002-0918-11-09-gnss_raw.txt,2436,443386.000,Galileo,26,60.0,268.0,35.0,是
0703002-0918-11-09-gnss_raw.txt,2436,443386.000,Galileo,29,34.0,272.0,29.0,是
0703002-0918-11-09-gnss_raw.txt,2436,443386.000,QZSS,3,42.0,168.0,34.0,是
0703002-0918-11-09-gnss_raw.txt,2436,443386.000,QZSS,7,53.0,169.0,24.0,是
0703002-0918-11-09-gnss_raw.txt,2436,443386.000,BDS,1,48.0,147.0,30.0,是
0703002-0918-11-09-gnss_raw.txt,2436,443386.000,BDS,2,0.0,0.0,26.0,是
0703002-0918-11-09-gnss_raw.txt,2436,443386.000,BDS,4,37.0,120.0,30.0,是
0703002-0918-11-09-gnss_raw.txt,2436,443386.000,BDS,6,69.0,40.0,30.0,是
0703002-0918-11-09-gnss_raw.txt,2436,443386.000,BDS,7,59.0,190.0,22.0,是
0703002-0918-11-09-gnss_raw.txt,2436,443386.000,BDS,10,49.0,190.0,22.0,是
0703002-0918-11-09-gnss_raw.txt,2436,443386.000,BDS,11,0.0,0.0,28.0,是
0703002-0918-11-09-gnss_raw.txt,2436,443386.000,BDS,20,58.0,31.0,34.0,是
0703002-0918-11-09-gnss_raw.txt,2436,443386.000,BDS,37,46.0,75.0,33.0,是
0703002-0918-11-09-gnss_raw.txt,2436,443387.000,GPS,13,28.0,134.0,33.0,是
0703002-0918-11-09-gnss_raw.txt,2436,443387.000,GPS,15,0.0,0.0,24.0,是
0703002-0918-11-09-gnss_raw.txt,2436,443387.000,GPS,18,44.0,213.0,30.0,是
0703002-0918-11-09-gnss_raw.txt,2436,443387.000,GPS,23,0.0,0.0,31.0,是
0703002-0918-11-09-gnss_raw.txt,2436,443387.000,GPS,24,64.0,44.0,35.0,是
0703002-0918-11-09-gnss_raw.txt,2436,443387.000,GLONASS,68,19.0,70.0,33.0,是
0703002-0918-11-09-gnss_raw.txt,2436,443387.000,GLONASS,70,30.0,314.0,28.0,是
0703002-0918-11-09-gnss_raw.txt,2436,443387.000,GLONASS,79,48.0,91.0,36.0,是
0703002-0918-11-09-gnss_raw.txt,2436,443387.000,GLONASS,80,28.0,159.0,37.0,是
0703002-0918-11-09-gnss_raw.txt,2436,443387.000,GLONASS,84,35.0,239.0,30.0,是
0703002-0918-11-09-gnss_raw.txt,2436,443387.000,GLONASS,85,0.0,0.0,28.0,是
0703002-0918-11-09-gnss_raw.txt,2436,443387.000,Galileo,13,0.0,0.0,29.0,是
0703002-0918-11-09-gnss_raw.txt,2436,443387.000,Galileo,26,60.0,268.0,35.0,是
0703002-0918-11-09-gnss_raw.txt,2436,443387.000,Galileo,29,34.0,272.0,30.0,是
0703002-0918-11-09-gnss_raw.txt,2436,443387.000,QZSS,3,42.0,168.0,34.0,是
0703002-0918-11-09-gnss_raw.txt,2436,443387.000,QZSS,7,53.0,169.0,24.0,是
0703002-0918-11-09-gnss_raw.txt,2436,443387.000,BDS,1,48.0,147.0,30.0,是
0703002-0918-11-09-gnss_raw.txt,2436,443387.000,BDS,2,0.0,0.0,27.0,是
0703002-0918-11-09-gnss_raw.txt,2436,443387.000,BDS,3,0.0,0.0,32.0,是
0703002-0918-11-09-gnss_raw.txt,2436,443387.000,BDS,4,37.0,120.0,31.0,是
0703002-0918-11-09-gnss_raw.txt,2436,443387.000,BDS,6,69.0,40.0,30.0,是
0703002-0918-11-09-gnss_raw.txt,2436,443387.000,BDS,7,59.0,190.0,23.0,是
0703002-0918-11-09-gnss_raw.txt,2436,443387.000,BDS,10,49.0,190.0,22.0,是
0703002-0918-11-09-gnss_raw.txt,2436,443387.000,BDS,11,0.0,0.0,27.0,是
0703002-0918-11-09-gnss_raw.txt,2436,443387.000,BDS,20,58.0,31.0,34.0,是
0703002-0918-11-09-gnss_raw.txt,2436,443387.000,BDS,37,46.0,75.0,33.0,是
0703002-0918-11-09-gnss_raw.txt,2436,443388.000,GPS,13,28.0,134.0,32.0,是
0703002-0918-11-09-gnss_raw.txt,2436,443388.000,GPS,15,0.0,0.0,25.0,是
0703002-0918-11-09-gnss_raw.txt,2436,443388.000,GPS,18,44.0,213.0,29.0,是
0703002-0918-11-09-gnss_raw.txt,2436,443388.000,GPS,23,0.0,0.0,31.0,是
0703002-0918-11-09-gnss_raw.txt,2436,443388.000,GPS,24,64.0,44.0,35.0,是
0703002-0918-11-09-gnss_raw.txt,2436,443388.000,GLONASS,68,19.0,70.0,32.0,是
0703002-0918-11-09-gnss_raw.txt,2436,443388.000,GLONASS,70,30.0,314.0,28.0,是
0703002-0918-11-09-gnss_raw.txt,2436,443388.000,GLONASS,79,48.0,91.0,36.0,是
0703002-0918-11-09-gnss_raw.txt,2436,443388.000,GLONASS,80,28.0,159.0,37.0,是
0703002-0918-11-09-gnss_raw.txt,2436,443388.000,GLONASS,84,35.0,239.0,32.0,是
0703002-0918-11-09-gnss_raw.txt,2436,443388.000,GLONASS,85,0.0,0.0,29.0,是
0703002-0918-11-09-gnss_raw.txt,2436,443388.000,Galileo,13,0.0,0.0,29.0,是
0703002-0918-11-09-gnss_raw.txt,2436,443388.000,Galileo,26,60.0,268.0,34.0,是
0703002-0918-11-09-gnss_raw.txt,2436,443388.000,Galileo,29,34.0,272.0,30.0,是
0703002-0918-11-09-gnss_raw.txt,2436,443388.000,QZSS,3,42.0,168.0,34.0,是
0703002-0918-11-09-gnss_raw.txt,2436,443388.000,QZSS,7,53.0,169.0,24.0,是
0703002-0918-11-09-gnss_raw.txt,2436,443388.000,BDS,1,48.0,147.0,30.0,是
0703002-0918-11-09-gnss_raw.txt,2436,443388.000,BDS,2,0.0,0.0,26.0,是
0703002-0918-11-09-gnss_raw.txt,2436,443388.000,BDS,4,37.0,120.0,31.0,是
0703002-0918-11-09-gnss_raw.txt,2436,443388.000,BDS,6,69.0,40.0,29.0,是
0703002-0918-11-09-gnss_raw.txt,2436,443388.000,BDS,7,59.0,190.0,23.0,是
0703002-0918-11-09-gnss_raw.txt,2436,443388.000,BDS,10,49.0,190.0,23.0,是
0703002-0918-11-09-gnss_raw.txt,2436,443388.000,BDS,11,0.0,0.0,27.0,是
0703002-0918-11-09-gnss_raw.txt,2436,443388.000,BDS,20,58.0,31.0,34.0,是
0703002-0918-11-09-gnss_raw.txt,2436,443388.000,BDS,37,46.0,75.0,33.0,是
0703002-0918-11-09-gnss_raw.txt,2436,443389.000,GPS,13,28.0,134.0,32.0,是
0703002-0918-11-09-gnss_raw.txt,2436,443389.000,GPS,15,0.0,0.0,25.0,是
0703002-0918-11-09-gnss_raw.txt,2436,443389.000,GPS,18,44.0,213.0,29.0,是
0703002-0918-11-09-gnss_raw.txt,2436,443389.000,GPS,23,0.0,0.0,31.0,是
0703002-0918-11-09-gnss_raw.txt,2436,443389.000,GPS,24,64.0,44.0,35.0,是
0703002-0918-11-09-gnss_raw.txt,2436,443389.000,GLONASS,68,19.0,70.0,31.0,是
0703002-0918-11-09-gnss_raw.txt,2436,443389.000,GLONASS,70,30.0,314.0,29.0,是
0703002-0918-11-09-gnss_raw.txt,2436,443389.000,GLONASS,79,48.0,91.0,34.0,是
0703002-0918-11-09-gnss_raw.txt,2436,443389.000,GLONASS,80,28.0,159.0,37.0,是
0703002-0918-11-09-gnss_raw.txt,2436,443389.000,GLONASS,84,35.0,239.0,31.0,是
0703002-0918-11-09-gnss_raw.txt,2436,443389.000,GLONASS,85,0.0,0.0,29.0,是
0703002-0918-11-09-gnss_raw.txt,2436,443389.000,Galileo,13,0.0,0.0,30.0,是
0703002-0918-11-09-gnss_raw.txt,2436,443389.000,Galileo,26,60.0,268.0,34.0,是
0703002-0918-11-09-gnss_raw.txt,2436,443389.000,Galileo,29,0.0,0.0,28.0,是
0703002-0918-11-09-gnss_raw.txt,2436,443389.000,QZSS,3,42.0,168.0,34.0,是
0703002-0918-11-09-gnss_raw.txt,2436,443389.000,QZSS,7,53.0,169.0,24.0,是
0703002-0918-11-09-gnss_raw.txt,2436,443389.000,BDS,1,48.0,147.0,31.0,是
0703002-0918-11-09-gnss_raw.txt,2436,443389.000,BDS,2,0.0,0.0,25.0,是
0703002-0918-11-09-gnss_raw.txt,2436,443389.000,BDS,3,0.0,0.0,37.0,是
0703002-0918-11-09-gnss_raw.txt,2436,443389.000,BDS,4,37.0,120.0,31.0,是
0703002-0918-11-09-gnss_raw.txt,2436,443389.000,BDS,6,69.0,40.0,29.0,是
0703002-0918-11-09-gnss_raw.txt,2436,443389.000,BDS,7,59.0,190.0,23.0,是
0703002-0918-11-09-gnss_raw.txt,2436,443389.000,BDS,10,49.0,191.0,22.0,是
0703002-0918-11-09-gnss_raw.txt,2436,443389.000,BDS,11,0.0,0.0,28.0,是
0703002-0918-11-09-gnss_raw.txt,2436,443389.000,BDS,20,58.0,31.0,34.0,是
0703002-0918-11-09-gnss_raw.txt,2436,443389.000,BDS,37,46.0,75.0,33.0,是
0703002-0918-11-09-gnss_raw.txt,2436,443390.000,GPS,13,28.0,134.0,32.0,是
0703002-0918-11-09-gnss_raw.txt,2436,443390.000,GPS,15,0.0,0.0,25.0,是
0703002-0918-11-09-gnss_raw.txt,2436,443390.000,GPS,18,44.0,213.0,29.0,是
0703002-0918-11-09-gnss_raw.txt,2436,443390.000,GPS,23,0.0,0.0,31.0,是
0703002-0918-11-09-gnss_raw.txt,2436,443390.000,GPS,24,64.0,44.0,35.0,是
0703002-0918-11-09-gnss_raw.txt,2436,443390.000,GLONASS,68,19.0,70.0,33.0,是
0703002-0918-11-09-gnss_raw.txt,2436,443390.000,GLONASS,70,30.0,314.0,28.0,是
0703002-0918-11-09-gnss_raw.txt,2436,443390.000,GLONASS,79,48.0,91.0,35.0,是
0703002-0918-11-09-gnss_raw.txt,2436,443390.000,GLONASS,80,28.0,159.0,37.0,是
0703002-0918-11-09-gnss_raw.txt,2436,443390.000,GLONASS,84,35.0,239.0,31.0,是
0703002-0918-11-09-gnss_raw.txt,2436,443390.000,GLONASS,85,0.0,0.0,31.0,是
0703002-0918-11-09-gnss_raw.txt,2436,443390.000,Galileo,13,0.0,0.0,31.0,是
0703002-0918-11-09-gnss_raw.txt,2436,443390.000,Galileo,26,60.0,268.0,35.0,是
0703002-0918-11-09-gnss_raw.txt,2436,443390.000,Galileo,29,34.0,272.0,30.0,是
0703002-0918-11-09-gnss_raw.txt,2436,443390.000,QZSS,3,42.0,168.0,33.0,是
0703002-0918-11-09-gnss_raw.txt,2436,443390.000,QZSS,7,53.0,169.0,23.0,是
0703002-0918-11-09-gnss_raw.txt,2436,443390.000,BDS,1,48.0,147.0,30.0,是
0703002-0918-11-09-gnss_raw.txt,2436,443390.000,BDS,2,0.0,0.0,27.0,是
0703002-0918-11-09-gnss_raw.txt,2436,443390.000,BDS,3,0.0,0.0,37.0,是
0703002-0918-11-09-gnss_raw.txt,2436,443390.000,BDS,4,37.0,120.0,30.0,是
0703002-0918-11-09-gnss_raw.txt,2436,443390.000,BDS,6,69.0,40.0,29.0,是
0703002-0918-11-09-gnss_raw.txt,2436,443390.000,BDS,7,59.0,190.0,24.0,是
0703002-0918-11-09-gnss_raw.txt,2436,443390.000,BDS,10,49.0,191.0,22.0,是
0703002-0918-11-09-gnss_raw.txt,2436,443390.000,BDS,11,0.0,0.0,28.0,是
0703002-0918-11-09-gnss_raw.txt,2436,443390.000,BDS,20,58.0,31.0,34.0,是
0703002-0918-11-09-gnss_raw.txt,2436,443390.000,BDS,37,46.0,75.0,33.0,是
0703002-0918-11-09-gnss_raw.txt,2436,443391.000,GPS,13,28.0,134.0,32.0,是
0703002-0918-11-09-gnss_raw.txt,2436,443391.000,GPS,15,0.0,0.0,24.0,是
0703002-0918-11-09-gnss_raw.txt,2436,443391.000,GPS,18,44.0,213.0,28.0,是
0703002-0918-11-09-gnss_raw.txt,2436,443391.000,GPS,23,0.0,0.0,31.0,是
0703002-0918-11-09-gnss_raw.txt,2436,443391.000,GPS,24,64.0,44.0,35.0,是
0703002-0918-11-09-gnss_raw.txt,2436,443391.000,GLONASS,68,19.0,70.0,33.0,是
0703002-0918-11-09-gnss_raw.txt,2436,443391.000,GLONASS,70,30.0,314.0,27.0,是
0703002-0918-11-09-gnss_raw.txt,2436,443391.000,GLONASS,79,48.0,91.0,34.0,是
0703002-0918-11-09-gnss_raw.txt,2436,443391.000,GLONASS,80,28.0,159.0,38.0,是
0703002-0918-11-09-gnss_raw.txt,2436,443391.000,GLONASS,84,35.0,239.0,31.0,是
0703002-0918-11-09-gnss_raw.txt,2436,443391.000,GLONASS,85,0.0,0.0,31.0,是
0703002-0918-11-09-gnss_raw.txt,2436,443391.000,Galileo,13,0.0,0.0,30.0,是
0703002-0918-11-09-gnss_raw.txt,2436,443391.000,Galileo,26,60.0,268.0,34.0,是
0703002-0918-11-09-gnss_raw.txt,2436,443391.000,Galileo,29,0.0,0.0,31.0,是
0703002-0918-11-09-gnss_raw.txt,2436,443391.000,QZSS,3,42.0,168.0,33.0,是
0703002-0918-11-09-gnss_raw.txt,2436,443391.000,QZSS,7,53.0,169.0,23.0,是
0703002-0918-11-09-gnss_raw.txt,2436,443391.000,BDS,1,48.0,147.0,30.0,是
0703002-0918-11-09-gnss_raw.txt,2436,443391.000,BDS,2,0.0,0.0,25.0,是
0703002-0918-11-09-gnss_raw.txt,2436,443391.000,BDS,3,0.0,0.0,37.0,是
0703002-0918-11-09-gnss_raw.txt,2436,443391.000,BDS,4,37.0,120.0,30.0,是
0703002-0918-11-09-gnss_raw.txt,2436,443391.000,BDS,6,69.0,40.0,29.0,是
0703002-0918-11-09-gnss_raw.txt,2436,443391.000,BDS,7,59.0,190.0,23.0,是
0703002-0918-11-09-gnss_raw.txt,2436,443391.000,BDS,10,49.0,191.0,22.0,是
0703002-0918-11-09-gnss_raw.txt,2436,443391.000,BDS,11,0.0,0.0,28.0,是
0703002-0918-11-09-gnss_raw.txt,2436,443391.000,BDS,20,58.0,31.0,34.0,是
0703002-0918-11-09-gnss_raw.txt,2436,443391.000,BDS,37,46.0,75.0,33.0,是
0703002-0918-11-09-gnss_raw.txt,2436,443392.000,GPS,13,28.0,134.0,33.0,是
0703002-0918-11-09-gnss_raw.txt,2436,443392.000,GPS,15,0.0,0.0,24.0,是
0703002-0918-11-09-gnss_raw.txt,2436,443392.000,GPS,18,44.0,213.0,28.0,是
0703002-0918-11-09-gnss_raw.txt,2436,443392.000,GPS,23,0.0,0.0,31.0,是
0703002-0918-11-09-gnss_raw.txt,2436,443392.000,GPS,24,64.0,44.0,35.0,是
0703002-0918-11-09-gnss_raw.txt,2436,443392.000,GLONASS,68,19.0,70.0,34.0,是
0703002-0918-11-09-gnss_raw.txt,2436,443392.000,GLONASS,70,30.0,314.0,27.0,是
0703002-0918-11-09-gnss_raw.txt,2436,443392.000,GLONASS,79,48.0,91.0,35.0,是
0703002-0918-11-09-gnss_raw.txt,2436,443392.000,GLONASS,80,28.0,159.0,38.0,是
0703002-0918-11-09-gnss_raw.txt,2436,443392.000,GLONASS,84,35.0,239.0,28.0,是
0703002-0918-11-09-gnss_raw.txt,2436,443392.000,GLONASS,85,0.0,0.0,32.0,是
0703002-0918-11-09-gnss_raw.txt,2436,443392.000,Galileo,13,0.0,0.0,30.0,是
0703002-0918-11-09-gnss_raw.txt,2436,443392.000,Galileo,26,60.0,268.0,35.0,是
0703002-0918-11-09-gnss_raw.txt,2436,443392.000,Galileo,29,0.0,0.0,30.0,是
0703002-0918-11-09-gnss_raw.txt,2436,443392.000,QZSS,3,42.0,168.0,33.0,是
0703002-0918-11-09-gnss_raw.txt,2436,443392.000,QZSS,7,53.0,169.0,23.0,是
0703002-0918-11-09-gnss_raw.txt,2436,443392.000,BDS,1,48.0,147.0,30.0,是
0703002-0918-11-09-gnss_raw.txt,2436,443392.000,BDS,2,0.0,0.0,27.0,是
0703002-0918-11-09-gnss_raw.txt,2436,443392.000,BDS,3,0.0,0.0,37.0,是
0703002-0918-11-09-gnss_raw.txt,2436,443392.000,BDS,4,37.0,120.0,30.0,是
0703002-0918-11-09-gnss_raw.txt,2436,443392.000,BDS,6,69.0,40.0,29.0,是
0703002-0918-11-09-gnss_raw.txt,2436,443392.000,BDS,7,59.0,190.0,23.0,是
0703002-0918-11-09-gnss_raw.txt,2436,443392.000,BDS,10,49.0,191.0,22.0,是
0703002-0918-11-09-gnss_raw.txt,2436,443392.000,BDS,11,0.0,0.0,28.0,是
0703002-0918-11-09-gnss_raw.txt,2436,443392.000,BDS,20,58.0,31.0,34.0,是
0703002-0918-11-09-gnss_raw.txt,2436,443392.000,BDS,37,46.0,75.0,33.0,是
0703002-0918-11-09-gnss_raw.txt,2436,443393.000,GPS,13,28.0,134.0,33.0,是
0703002-0918-11-09-gnss_raw.txt,2436,443393.000,GPS,15,0.0,0.0,25.0,是
0703002-0918-11-09-gnss_raw.txt,2436,443393.000,GPS,18,44.0,213.0,29.0,是
0703002-0918-11-09-gnss_raw.txt,2436,443393.000,GPS,23,0.0,0.0,31.0,是
0703002-0918-11-09-gnss_raw.txt,2436,443393.000,GPS,24,64.0,44.0,35.0,是
0703002-0918-11-09-gnss_raw.txt,2436,443393.000,GLONASS,68,19.0,70.0,34.0,是
0703002-0918-11-09-gnss_raw.txt,2436,443393.000,GLONASS,70,30.0,314.0,29.0,是
0703002-0918-11-09-gnss_raw.txt,2436,443393.000,GLONASS,79,48.0,91.0,35.0,是
0703002-0918-11-09-gnss_raw.txt,2436,443393.000,GLONASS,80,28.0,159.0,38.0,是
0703002-0918-11-09-gnss_raw.txt,2436,443393.000,GLONASS,84,35.0,239.0,29.0,是
0703002-0918-11-09-gnss_raw.txt,2436,443393.000,GLONASS,85,0.0,0.0,31.0,是
0703002-0918-11-09-gnss_raw.txt,2436,443393.000,Galileo,13,0.0,0.0,30.0,是
0703002-0918-11-09-gnss_raw.txt,2436,443393.000,Galileo,26,60.0,268.0,35.0,是
0703002-0918-11-09-gnss_raw.txt,2436,443393.000,Galileo,29,34.0,272.0,29.0,是
0703002-0918-11-09-gnss_raw.txt,2436,443393.000,QZSS,3,42.0,168.0,33.0,是
0703002-0918-11-09-gnss_raw.txt,2436,443393.000,QZSS,7,53.0,169.0,23.0,是
0703002-0918-11-09-gnss_raw.txt,2436,443393.000,BDS,1,48.0,147.0,30.0,是
0703002-0918-11-09-gnss_raw.txt,2436,443393.000,BDS,2,0.0,0.0,27.0,是
0703002-0918-11-09-gnss_raw.txt,2436,443393.000,BDS,3,0.0,0.0,28.0,是
0703002-0918-11-09-gnss_raw.txt,2436,443393.000,BDS,4,37.0,120.0,30.0,是
0703002-0918-11-09-gnss_raw.txt,2436,443393.000,BDS,6,69.0,40.0,29.0,是
0703002-0918-11-09-gnss_raw.txt,2436,443393.000,BDS,7,59.0,190.0,24.0,是
0703002-0918-11-09-gnss_raw.txt,2436,443393.000,BDS,10,49.0,191.0,22.0,是
0703002-0918-11-09-gnss_raw.txt,2436,443393.000,BDS,11,0.0,0.0,28.0,是
0703002-0918-11-09-gnss_raw.txt,2436,443393.000,BDS,20,58.0,31.0,34.0,是
0703002-0918-11-09-gnss_raw.txt,2436,443393.000,BDS,37,46.0,75.0,33.0,是
0703002-0918-11-09-gnss_raw.txt,2436,443394.000,GPS,13,28.0,134.0,33.0,是
0703002-0918-11-09-gnss_raw.txt,2436,443394.000,GPS,15,0.0,0.0,25.0,是
0703002-0918-11-09-gnss_raw.txt,2436,443394.000,GPS,18,44.0,213.0,29.0,是
0703002-0918-11-09-gnss_raw.txt,2436,443394.000,GPS,23,0.0,0.0,31.0,是
0703002-0918-11-09-gnss_raw.txt,2436,443394.000,GPS,24,64.0,44.0,35.0,是
0703002-0918-11-09-gnss_raw.txt,2436,443394.000,GLONASS,68,19.0,70.0,34.0,是
0703002-0918-11-09-gnss_raw.txt,2436,443394.000,GLONASS,70,30.0,314.0,29.0,是
0703002-0918-11-09-gnss_raw.txt,2436,443394.000,GLONASS,79,48.0,91.0,35.0,是
0703002-0918-11-09-gnss_raw.txt,2436,443394.000,GLONASS,80,28.0,159.0,38.0,是
0703002-0918-11-09-gnss_raw.txt,2436,443394.000,GLONASS,84,35.0,239.0,29.0,是
0703002-0918-11-09-gnss_raw.txt,2436,443394.000,GLONASS,85,0.0,0.0,32.0,是
0703002-0918-11-09-gnss_raw.txt,2436,443394.000,Galileo,13,0.0,0.0,29.0,是
0703002-0918-11-09-gnss_raw.txt,2436,443394.000,Galileo,26,60.0,268.0,36.0,是
0703002-0918-11-09-gnss_raw.txt,2436,443394.000,Galileo,29,0.0,0.0,29.0,是
0703002-0918-11-09-gnss_raw.txt,2436,443394.000,QZSS,3,42.0,168.0,33.0,是
0703002-0918-11-09-gnss_raw.txt,2436,443394.000,QZSS,7,53.0,169.0,23.0,是
0703002-0918-11-09-gnss_raw.txt,2436,443394.000,BDS,1,48.0,147.0,30.0,是
0703002-0918-11-09-gnss_raw.txt,2436,443394.000,BDS,2,0.0,0.0,27.0,是
0703002-0918-11-09-gnss_raw.txt,2436,443394.000,BDS,3,0.0,0.0,27.0,是
0703002-0918-11-09-gnss_raw.txt,2436,443394.000,BDS,4,37.0,120.0,30.0,是
0703002-0918-11-09-gnss_raw.txt,2436,443394.000,BDS,6,69.0,40.0,29.0,是
0703002-0918-11-09-gnss_raw.txt,2436,443394.000,BDS,7,59.0,190.0,25.0,是
0703002-0918-11-09-gnss_raw.txt,2436,443394.000,BDS,10,49.0,191.0,22.0,是
0703002-0918-11-09-gnss_raw.txt,2436,443394.000,BDS,11,0.0,0.0,27.0,是
0703002-0918-11-09-gnss_raw.txt,2436,443394.000,BDS,20,58.0,31.0,34.0,是
0703002-0918-11-09-gnss_raw.txt,2436,443394.000,BDS,37,46.0,75.0,33.0,是
0703002-0918-11-09-gnss_raw.txt,2436,443395.000,GPS,13,28.0,134.0,33.0,是
0703002-0918-11-09-gnss_raw.txt,2436,443395.000,GPS,15,0.0,0.0,25.0,是
0703002-0918-11-09-gnss_raw.txt,2436,443395.000,GPS,18,44.0,213.0,29.0,是
0703002-0918-11-09-gnss_raw.txt,2436,443395.000,GPS,23,0.0,0.0,31.0,是
0703002-0918-11-09-gnss_raw.txt,2436,443395.000,GPS,24,64.0,44.0,35.0,是
0703002-0918-11-09-gnss_raw.txt,2436,443395.000,GLONASS,68,19.0,70.0,33.0,是
0703002-0918-11-09-gnss_raw.txt,2436,443395.000,GLONASS,70,30.0,314.0,28.0,是
0703002-0918-11-09-gnss_raw.txt,2436,443395.000,GLONASS,79,48.0,91.0,35.0,是
0703002-0918-11-09-gnss_raw.txt,2436,443395.000,GLONASS,80,28.0,159.0,38.0,是
0703002-0918-11-09-gnss_raw.txt,2436,443395.000,GLONASS,84,35.0,239.0,30.0,是
0703002-0918-11-09-gnss_raw.txt,2436,443395.000,GLONASS,85,0.0,0.0,33.0,是
0703002-0918-11-09-gnss_raw.txt,2436,443395.000,Galileo,13,0.0,0.0,30.0,是
0703002-0918-11-09-gnss_raw.txt,2436,443395.000,Galileo,26,60.0,268.0,36.0,是
0703002-0918-11-09-gnss_raw.txt,2436,443395.000,Galileo,29,34.0,272.0,29.0,是
0703002-0918-11-09-gnss_raw.txt,2436,443395.000,QZSS,3,42.0,168.0,33.0,是
0703002-0918-11-09-gnss_raw.txt,2436,443395.000,QZSS,7,53.0,169.0,23.0,是
0703002-0918-11-09-gnss_raw.txt,2436,443395.000,BDS,1,48.0,147.0,30.0,是
0703002-0918-11-09-gnss_raw.txt,2436,443395.000,BDS,2,0.0,0.0,27.0,是
0703002-0918-11-09-gnss_raw.txt,2436,443395.000,BDS,3,0.0,0.0,24.0,是
0703002-0918-11-09-gnss_raw.txt,2436,443395.000,BDS,4,37.0,120.0,29.0,是
0703002-0918-11-09-gnss_raw.txt,2436,443395.000,BDS,6,69.0,40.0,29.0,是
0703002-0918-11-09-gnss_raw.txt,2436,443395.000,BDS,7,59.0,190.0,24.0,是
0703002-0918-11-09-gnss_raw.txt,2436,443395.000,BDS,10,49.0,191.0,21.0,是
0703002-0918-11-09-gnss_raw.txt,2436,443395.000,BDS,11,0.0,0.0,28.0,是
0703002-0918-11-09-gnss_raw.txt,2436,443395.000,BDS,20,58.0,31.0,34.0,是
0703002-0918-11-09-gnss_raw.txt,2436,443395.000,BDS,37,46.0,75.0,33.0,是
0703002-0918-11-09-gnss_raw.txt,2436,443396.000,GPS,13,28.0,134.0,33.0,是
0703002-0918-11-09-gnss_raw.txt,2436,443396.000,GPS,15,0.0,0.0,25.0,是
0703002-0918-11-09-gnss_raw.txt,2436,443396.000,GPS,18,44.0,213.0,29.0,是
0703002-0918-11-09-gnss_raw.txt,2436,443396.000,GPS,23,0.0,0.0,31.0,是
0703002-0918-11-09-gnss_raw.txt,2436,443396.000,GPS,24,64.0,44.0,35.0,是
0703002-0918-11-09-gnss_raw.txt,2436,443396.000,GLONASS,68,19.0,70.0,32.0,是
0703002-0918-11-09-gnss_raw.txt,2436,443396.000,GLONASS,70,30.0,314.0,28.0,是
0703002-0918-11-09-gnss_raw.txt,2436,443396.000,GLONASS,79,48.0,91.0,35.0,是
0703002-0918-11-09-gnss_raw.txt,2436,443396.000,GLONASS,80,28.0,159.0,38.0,是
0703002-0918-11-09-gnss_raw.txt,2436,443396.000,GLONASS,84,35.0,239.0,30.0,是
0703002-0918-11-09-gnss_raw.txt,2436,443396.000,GLONASS,85,0.0,0.0,32.0,是
0703002-0918-11-09-gnss_raw.txt,2436,443396.000,Galileo,13,0.0,0.0,30.0,是
0703002-0918-11-09-gnss_raw.txt,2436,443396.000,Galileo,26,60.0,268.0,35.0,是
0703002-0918-11-09-gnss_raw.txt,2436,443396.000,Galileo,29,0.0,0.0,30.0,是
0703002-0918-11-09-gnss_raw.txt,2436,443396.000,QZSS,3,42.0,168.0,33.0,是
0703002-0918-11-09-gnss_raw.txt,2436,443396.000,QZSS,7,53.0,169.0,22.0,是
0703002-0918-11-09-gnss_raw.txt,2436,443396.000,BDS,1,48.0,147.0,29.0,是
0703002-0918-11-09-gnss_raw.txt,2436,443396.000,BDS,2,0.0,0.0,27.0,是
0703002-0918-11-09-gnss_raw.txt,2436,443396.000,BDS,3,0.0,0.0,27.0,是
0703002-0918-11-09-gnss_raw.txt,2436,443396.000,BDS,4,37.0,120.0,30.0,是
0703002-0918-11-09-gnss_raw.txt,2436,443396.000,BDS,6,69.0,40.0,29.0,是
0703002-0918-11-09-gnss_raw.txt,2436,443396.000,BDS,7,59.0,190.0,23.0,是
0703002-0918-11-09-gnss_raw.txt,2436,443396.000,BDS,10,49.0,191.0,20.0,是
0703002-0918-11-09-gnss_raw.txt,2436,443396.000,BDS,11,0.0,0.0,28.0,是
0703002-0918-11-09-gnss_raw.txt,2436,443396.000,BDS,20,58.0,31.0,34.0,是
0703002-0918-11-09-gnss_raw.txt,2436,443396.000,BDS,37,46.0,75.0,33.0,是
0703002-0918-11-09-gnss_raw.txt,2436,443397.000,GPS,13,28.0,134.0,33.0,是
0703002-0918-11-09-gnss_raw.txt,2436,443397.000,GPS,15,0.0,0.0,25.0,是
0703002-0918-11-09-gnss_raw.txt,2436,443397.000,GPS,18,44.0,213.0,29.0,是
0703002-0918-11-09-gnss_raw.txt,2436,443397.000,GPS,23,0.0,0.0,31.0,是
0703002-0918-11-09-gnss_raw.txt,2436,443397.000,GPS,24,64.0,44.0,35.0,是
0703002-0918-11-09-gnss_raw.txt,2436,443397.000,GLONASS,68,19.0,70.0,32.0,是
0703002-0918-11-09-gnss_raw.txt,2436,443397.000,GLONASS,70,30.0,314.0,28.0,是
0703002-0918-11-09-gnss_raw.txt,2436,443397.000,GLONASS,79,48.0,91.0,35.0,是
0703002-0918-11-09-gnss_raw.txt,2436,443397.000,GLONASS,80,28.0,159.0,37.0,是
0703002-0918-11-09-gnss_raw.txt,2436,443397.000,GLONASS,84,35.0,239.0,30.0,是
0703002-0918-11-09-gnss_raw.txt,2436,443397.000,GLONASS,85,0.0,0.0,32.0,是
0703002-0918-11-09-gnss_raw.txt,2436,443397.000,Galileo,13,0.0,0.0,29.0,是
0703002-0918-11-09-gnss_raw.txt,2436,443397.000,Galileo,26,60.0,268.0,36.0,是
0703002-0918-11-09-gnss_raw.txt,2436,443397.000,Galileo,29,34.0,272.0,29.0,是
0703002-0918-11-09-gnss_raw.txt,2436,443397.000,QZSS,3,42.0,168.0,33.0,是
0703002-0918-11-09-gnss_raw.txt,2436,443397.000,QZSS,7,53.0,169.0,23.0,是
0703002-0918-11-09-gnss_raw.txt,2436,443397.000,BDS,1,48.0,147.0,31.0,是
0703002-0918-11-09-gnss_raw.txt,2436,443397.000,BDS,2,0.0,0.0,27.0,是
0703002-0918-11-09-gnss_raw.txt,2436,443397.000,BDS,3,0.0,0.0,25.0,是
0703002-0918-11-09-gnss_raw.txt,2436,443397.000,BDS,4,37.0,120.0,29.0,是
0703002-0918-11-09-gnss_raw.txt,2436,443397.000,BDS,6,69.0,40.0,30.0,是
0703002-0918-11-09-gnss_raw.txt,2436,443397.000,BDS,7,59.0,190.0,23.0,是
0703002-0918-11-09-gnss_raw.txt,2436,443397.000,BDS,10,49.0,191.0,20.0,是
0703002-0918-11-09-gnss_raw.txt,2436,443397.000,BDS,11,0.0,0.0,28.0,是
0703002-0918-11-09-gnss_raw.txt,2436,443397.000,BDS,20,58.0,31.0,34.0,是
0703002-0918-11-09-gnss_raw.txt,2436,443397.000,BDS,37,46.0,75.0,33.0,是
0703002-0918-11-09-gnss_raw.txt,2436,443398.000,GPS,13,28.0,134.0,33.0,是
0703002-0918-11-09-gnss_raw.txt,2436,443398.000,GPS,15,0.0,0.0,25.0,是
0703002-0918-11-09-gnss_raw.txt,2436,443398.000,GPS,18,44.0,213.0,29.0,是
0703002-0918-11-09-gnss_raw.txt,2436,443398.000,GPS,23,0.0,0.0,31.0,是
0703002-0918-11-09-gnss_raw.txt,2436,443398.000,GPS,24,64.0,44.0,35.0,是
0703002-0918-11-09-gnss_raw.txt,2436,443398.000,GLONASS,68,19.0,70.0,32.0,是
0703002-0918-11-09-gnss_raw.txt,2436,443398.000,GLONASS,70,30.0,314.0,28.0,是
0703002-0918-11-09-gnss_raw.txt,2436,443398.000,GLONASS,79,48.0,90.0,35.0,是
0703002-0918-11-09-gnss_raw.txt,2436,443398.000,GLONASS,80,28.0,159.0,37.0,是
0703002-0918-11-09-gnss_raw.txt,2436,443398.000,GLONASS,84,35.0,239.0,30.0,是
0703002-0918-11-09-gnss_raw.txt,2436,443398.000,GLONASS,85,0.0,0.0,31.0,是
0703002-0918-11-09-gnss_raw.txt,2436,443398.000,Galileo,13,0.0,0.0,29.0,是
0703002-0918-11-09-gnss_raw.txt,2436,443398.000,Galileo,26,60.0,268.0,36.0,是
0703002-0918-11-09-gnss_raw.txt,2436,443398.000,Galileo,29,34.0,272.0,28.0,是
0703002-0918-11-09-gnss_raw.txt,2436,443398.000,QZSS,3,42.0,168.0,32.0,是
0703002-0918-11-09-gnss_raw.txt,2436,443398.000,QZSS,7,53.0,169.0,23.0,是
0703002-0918-11-09-gnss_raw.txt,2436,443398.000,BDS,1,48.0,147.0,30.0,是
0703002-0918-11-09-gnss_raw.txt,2436,443398.000,BDS,2,0.0,0.0,28.0,是
0703002-0918-11-09-gnss_raw.txt,2436,443398.000,BDS,3,0.0,0.0,26.0,是
0703002-0918-11-09-gnss_raw.txt,2436,443398.000,BDS,4,37.0,120.0,29.0,是
0703002-0918-11-09-gnss_raw.txt,2436,443398.000,BDS,6,69.0,40.0,30.0,是
0703002-0918-11-09-gnss_raw.txt,2436,443398.000,BDS,7,59.0,190.0,21.0,是
0703002-0918-11-09-gnss_raw.txt,2436,443398.000,BDS,10,49.0,191.0,20.0,是
0703002-0918-11-09-gnss_raw.txt,2436,443398.000,BDS,11,0.0,0.0,28.0,是
0703002-0918-11-09-gnss_raw.txt,2436,443398.000,BDS,20,58.0,31.0,34.0,是
0703002-0918-11-09-gnss_raw.txt,2436,443398.000,BDS,37,46.0,75.0,33.0,是
0703002-0918-11-09-gnss_raw.txt,2436,443399.000,GPS,13,28.0,134.0,33.0,是
0703002-0918-11-09-gnss_raw.txt,2436,443399.000,GPS,15,0.0,0.0,24.0,是
0703002-0918-11-09-gnss_raw.txt,2436,443399.000,GPS,18,44.0,213.0,29.0,是
0703002-0918-11-09-gnss_raw.txt,2436,443399.000,GPS,23,0.0,0.0,31.0,是
0703002-0918-11-09-gnss_raw.txt,2436,443399.000,GPS,24,64.0,44.0,35.0,是
0703002-0918-11-09-gnss_raw.txt,2436,443399.000,GLONASS,68,19.0,70.0,33.0,是
0703002-0918-11-09-gnss_raw.txt,2436,443399.000,GLONASS,70,30.0,314.0,29.0,是
0703002-0918-11-09-gnss_raw.txt,2436,443399.000,GLONASS,79,48.0,90.0,35.0,是
0703002-0918-11-09-gnss_raw.txt,2436,443399.000,GLONASS,80,28.0,159.0,37.0,是
0703002-0918-11-09-gnss_raw.txt,2436,443399.000,GLONASS,84,35.0,239.0,31.0,是
0703002-0918-11-09-gnss_raw.txt,2436,443399.000,GLONASS,85,0.0,0.0,31.0,是
0703002-0918-11-09-gnss_raw.txt,2436,443399.000,Galileo,13,0.0,0.0,29.0,是
0703002-0918-11-09-gnss_raw.txt,2436,443399.000,Galileo,26,60.0,268.0,36.0,是
0703002-0918-11-09-gnss_raw.txt,2436,443399.000,Galileo,29,34.0,272.0,30.0,是
0703002-0918-11-09-gnss_raw.txt,2436,443399.000,QZSS,3,42.0,168.0,33.0,是
0703002-0918-11-09-gnss_raw.txt,2436,443399.000,QZSS,7,53.0,169.0,24.0,是
0703002-0918-11-09-gnss_raw.txt,2436,443399.000,BDS,1,48.0,147.0,31.0,是
0703002-0918-11-09-gnss_raw.txt,2436,443399.000,BDS,2,0.0,0.0,32.0,是
0703002-0918-11-09-gnss_raw.txt,2436,443399.000,BDS,3,0.0,0.0,27.0,是
0703002-0918-11-09-gnss_raw.txt,2436,443399.000,BDS,4,37.0,120.0,31.0,是
0703002-0918-11-09-gnss_raw.txt,2436,443399.000,BDS,6,69.0,40.0,30.0,是
0703002-0918-11-09-gnss_raw.txt,2436,443399.000,BDS,7,59.0,190.0,21.0,是
0703002-0918-11-09-gnss_raw.txt,2436,443399.000,BDS,10,49.0,191.0,20.0,是
0703002-0918-11-09-gnss_raw.txt,2436,443399.000,BDS,11,0.0,0.0,27.0,是
0703002-0918-11-09-gnss_raw.txt,2436,443399.000,BDS,20,58.0,31.0,34.0,是
0703002-0918-11-09-gnss_raw.txt,2436,443399.000,BDS,37,46.0,75.0,33.0,是
0703002-0918-11-09-gnss_raw.txt,2436,443400.000,GPS,13,28.0,134.0,33.0,是
0703002-0918-11-09-gnss_raw.txt,2436,443400.000,GPS,15,0.0,0.0,25.0,是
0703002-0918-11-09-gnss_raw.txt,2436,443400.000,GPS,18,44.0,213.0,29.0,是
0703002-0918-11-09-gnss_raw.txt,2436,443400.000,GPS,23,0.0,0.0,31.0,是
0703002-0918-11-09-gnss_raw.txt,2436,443400.000,GPS,24,64.0,44.0,35.0,是
0703002-0918-11-09-gnss_raw.txt,2436,443400.000,GLONASS,68,19.0,70.0,34.0,是
0703002-0918-11-09-gnss_raw.txt,2436,443400.000,GLONASS,70,30.0,314.0,28.0,是
0703002-0918-11-09-gnss_raw.txt,2436,443400.000,GLONASS,79,48.0,90.0,36.0,是
0703002-0918-11-09-gnss_raw.txt,2436,443400.000,GLONASS,80,28.0,159.0,37.0,是
0703002-0918-11-09-gnss_raw.txt,2436,443400.000,GLONASS,84,35.0,239.0,31.0,是
0703002-0918-11-09-gnss_raw.txt,2436,443400.000,GLONASS,85,0.0,0.0,31.0,是
0703002-0918-11-09-gnss_raw.txt,2436,443400.000,Galileo,13,0.0,0.0,29.0,是
0703002-0918-11-09-gnss_raw.txt,2436,443400.000,Galileo,26,60.0,268.0,35.0,是
0703002-0918-11-09-gnss_raw.txt,2436,443400.000,Galileo,29,34.0,272.0,30.0,是
0703002-0918-11-09-gnss_raw.txt,2436,443400.000,QZSS,3,42.0,168.0,33.0,是
0703002-0918-11-09-gnss_raw.txt,2436,443400.000,QZSS,7,53.0,169.0,24.0,是
0703002-0918-11-09-gnss_raw.txt,2436,443400.000,BDS,1,48.0,147.0,30.0,是
0703002-0918-11-09-gnss_raw.txt,2436,443400.000,BDS,2,0.0,0.0,32.0,是
0703002-0918-11-09-gnss_raw.txt,2436,443400.000,BDS,3,0.0,0.0,26.0,是
0703002-0918-11-09-gnss_raw.txt,2436,443400.000,BDS,4,37.0,120.0,31.0,是
0703002-0918-11-09-gnss_raw.txt,2436,443400.000,BDS,6,69.0,40.0,30.0,是
0703002-0918-11-09-gnss_raw.txt,2436,443400.000,BDS,7,59.0,190.0,21.0,是
0703002-0918-11-09-gnss_raw.txt,2436,443400.000,BDS,10,49.0,191.0,20.0,是
0703002-0918-11-09-gnss_raw.txt,2436,443400.000,BDS,11,0.0,0.0,28.0,是
0703002-0918-11-09-gnss_raw.txt,2436,443400.000,BDS,20,58.0,31.0,34.0,是
0703002-0918-11-09-gnss_raw.txt,2436,443400.000,BDS,37,46.0,75.0,33.0,是
0703002-0918-11-09-gnss_raw.txt,2436,443401.000,GPS,13,28.0,134.0,33.0,是
0703002-0918-11-09-gnss_raw.txt,2436,443401.000,GPS,15,0.0,0.0,25.0,是
0703002-0918-11-09-gnss_raw.txt,2436,443401.000,GPS,18,44.0,213.0,29.0,是
0703002-0918-11-09-gnss_raw.txt,2436,443401.000,GPS,23,0.0,0.0,31.0,是
0703002-0918-11-09-gnss_raw.txt,2436,443401.000,GPS,24,64.0,44.0,35.0,是
0703002-0918-11-09-gnss_raw.txt,2436,443401.000,GLONASS,68,19.0,70.0,35.0,是
0703002-0918-11-09-gnss_raw.txt,2436,443401.000,GLONASS,70,30.0,314.0,28.0,是
0703002-0918-11-09-gnss_raw.txt,2436,443401.000,GLONASS,79,48.0,90.0,36.0,是
0703002-0918-11-09-gnss_raw.txt,2436,443401.000,GLONASS,80,28.0,159.0,37.0,是
0703002-0918-11-09-gnss_raw.txt,2436,443401.000,GLONASS,84,35.0,239.0,30.0,是
0703002-0918-11-09-gnss_raw.txt,2436,443401.000,GLONASS,85,0.0,0.0,31.0,是
0703002-0918-11-09-gnss_raw.txt,2436,443401.000,Galileo,13,0.0,0.0,30.0,是
0703002-0918-11-09-gnss_raw.txt,2436,443401.000,Galileo,26,60.0,268.0,35.0,是
0703002-0918-11-09-gnss_raw.txt,2436,443401.000,Galileo,29,34.0,272.0,30.0,是
0703002-0918-11-09-gnss_raw.txt,2436,443401.000,QZSS,3,42.0,168.0,33.0,是
0703002-0918-11-09-gnss_raw.txt,2436,443401.000,QZSS,7,53.0,169.0,24.0,是
0703002-0918-11-09-gnss_raw.txt,2436,443401.000,BDS,1,48.0,147.0,31.0,是
0703002-0918-11-09-gnss_raw.txt,2436,443401.000,BDS,2,0.0,0.0,26.0,是
0703002-0918-11-09-gnss_raw.txt,2436,443401.000,BDS,3,0.0,0.0,27.0,是
0703002-0918-11-09-gnss_raw.txt,2436,443401.000,BDS,4,37.0,120.0,31.0,是
0703002-0918-11-09-gnss_raw.txt,2436,443401.000,BDS,6,69.0,40.0,29.0,是
0703002-0918-11-09-gnss_raw.txt,2436,443401.000,BDS,7,59.0,190.0,19.0,是
0703002-0918-11-09-gnss_raw.txt,2436,443401.000,BDS,10,49.0,191.0,20.0,是
0703002-0918-11-09-gnss_raw.txt,2436,443401.000,BDS,11,0.0,0.0,27.0,是
0703002-0918-11-09-gnss_raw.txt,2436,443401.000,BDS,20,58.0,31.0,34.0,是
0703002-0918-11-09-gnss_raw.txt,2436,443401.000,BDS,37,46.0,75.0,33.0,是
0703002-0918-11-09-gnss_raw.txt,2436,443402.000,GPS,13,28.0,134.0,32.0,是
0703002-0918-11-09-gnss_raw.txt,2436,443402.000,GPS,15,0.0,0.0,26.0,是
0703002-0918-11-09-gnss_raw.txt,2436,443402.000,GPS,18,44.0,213.0,29.0,是
0703002-0918-11-09-gnss_raw.txt,2436,443402.000,GPS,23,0.0,0.0,31.0,是
0703002-0918-11-09-gnss_raw.txt,2436,443402.000,GPS,24,64.0,44.0,35.0,是
0703002-0918-11-09-gnss_raw.txt,2436,443402.000,GLONASS,68,19.0,70.0,34.0,是
0703002-0918-11-09-gnss_raw.txt,2436,443402.000,GLONASS,70,30.0,314.0,29.0,是
0703002-0918-11-09-gnss_raw.txt,2436,443402.000,GLONASS,79,48.0,90.0,35.0,是
0703002-0918-11-09-gnss_raw.txt,2436,443402.000,GLONASS,80,28.0,159.0,36.0,是
0703002-0918-11-09-gnss_raw.txt,2436,443402.000,GLONASS,84,35.0,239.0,29.0,是
0703002-0918-11-09-gnss_raw.txt,2436,443402.000,GLONASS,85,0.0,0.0,31.0,是
0703002-0918-11-09-gnss_raw.txt,2436,443402.000,Galileo,13,0.0,0.0,30.0,是
0703002-0918-11-09-gnss_raw.txt,2436,443402.000,Galileo,26,60.0,268.0,35.0,是
0703002-0918-11-09-gnss_raw.txt,2436,443402.000,Galileo,29,0.0,0.0,30.0,是
0703002-0918-11-09-gnss_raw.txt,2436,443402.000,QZSS,3,42.0,168.0,33.0,是
0703002-0918-11-09-gnss_raw.txt,2436,443402.000,QZSS,7,53.0,169.0,24.0,是
0703002-0918-11-09-gnss_raw.txt,2436,443402.000,BDS,1,48.0,147.0,30.0,是
0703002-0918-11-09-gnss_raw.txt,2436,443402.000,BDS,2,0.0,0.0,26.0,是
0703002-0918-11-09-gnss_raw.txt,2436,443402.000,BDS,3,0.0,0.0,36.0,是
0703002-0918-11-09-gnss_raw.txt,2436,443402.000,BDS,4,37.0,120.0,30.0,是
0703002-0918-11-09-gnss_raw.txt,2436,443402.000,BDS,6,69.0,40.0,29.0,是
0703002-0918-11-09-gnss_raw.txt,2436,443402.000,BDS,7,59.0,190.0,20.0,是
0703002-0918-11-09-gnss_raw.txt,2436,443402.000,BDS,10,49.0,191.0,19.0,是
0703002-0918-11-09-gnss_raw.txt,2436,443402.000,BDS,11,0.0,0.0,27.0,是
0703002-0918-11-09-gnss_raw.txt,2436,443402.000,BDS,20,58.0,31.0,34.0,是
0703002-0918-11-09-gnss_raw.txt,2436,443402.000,BDS,37,46.0,75.0,33.0,是
0703002-0918-11-09-gnss_raw.txt,2436,443403.000,GPS,13,28.0,134.0,32.0,是
0703002-0918-11-09-gnss_raw.txt,2436,443403.000,GPS,15,0.0,0.0,25.0,是
0703002-0918-11-09-gnss_raw.txt,2436,443403.000,GPS,18,44.0,213.0,29.0,是
0703002-0918-11-09-gnss_raw.txt,2436,443403.000,GPS,23,0.0,0.0,30.0,是
0703002-0918-11-09-gnss_raw.txt,2436,443403.000,GPS,24,64.0,44.0,35.0,是
0703002-0918-11-09-gnss_raw.txt,2436,443403.000,GLONASS,68,19.0,70.0,34.0,是
0703002-0918-11-09-gnss_raw.txt,2436,443403.000,GLONASS,70,30.0,314.0,30.0,是
0703002-0918-11-09-gnss_raw.txt,2436,443403.000,GLONASS,79,48.0,90.0,33.0,是
0703002-0918-11-09-gnss_raw.txt,2436,443403.000,GLONASS,80,28.0,159.0,36.0,是
0703002-0918-11-09-gnss_raw.txt,2436,443403.000,GLONASS,84,35.0,239.0,27.0,是
0703002-0918-11-09-gnss_raw.txt,2436,443403.000,GLONASS,85,0.0,0.0,32.0,是
0703002-0918-11-09-gnss_raw.txt,2436,443403.000,Galileo,13,0.0,0.0,31.0,是
0703002-0918-11-09-gnss_raw.txt,2436,443403.000,Galileo,26,60.0,268.0,34.0,是
0703002-0918-11-09-gnss_raw.txt,2436,443403.000,Galileo,29,34.0,272.0,29.0,是
0703002-0918-11-09-gnss_raw.txt,2436,443403.000,QZSS,3,42.0,168.0,33.0,是
0703002-0918-11-09-gnss_raw.txt,2436,443403.000,QZSS,7,53.0,169.0,23.0,是
0703002-0918-11-09-gnss_raw.txt,2436,443403.000,BDS,1,48.0,147.0,31.0,是
0703002-0918-11-09-gnss_raw.txt,2436,443403.000,BDS,2,0.0,0.0,25.0,是
0703002-0918-11-09-gnss_raw.txt,2436,443403.000,BDS,3,0.0,0.0,36.0,是
0703002-0918-11-09-gnss_raw.txt,2436,443403.000,BDS,4,37.0,120.0,30.0,是
0703002-0918-11-09-gnss_raw.txt,2436,443403.000,BDS,6,69.0,40.0,30.0,是
0703002-0918-11-09-gnss_raw.txt,2436,443403.000,BDS,7,59.0,190.0,35.0,是
0703002-0918-11-09-gnss_raw.txt,2436,443403.000,BDS,10,49.0,191.0,19.0,是
0703002-0918-11-09-gnss_raw.txt,2436,443403.000,BDS,11,0.0,0.0,27.0,是
0703002-0918-11-09-gnss_raw.txt,2436,443403.000,BDS,20,58.0,31.0,34.0,是
0703002-0918-11-09-gnss_raw.txt,2436,443403.000,BDS,37,46.0,75.0,33.0,是
0703002-0918-11-09-gnss_raw.txt,2436,443404.000,GPS,13,28.0,134.0,32.0,是
0703002-0918-11-09-gnss_raw.txt,2436,443404.000,GPS,15,0.0,0.0,25.0,是
0703002-0918-11-09-gnss_raw.txt,2436,443404.000,GPS,18,44.0,213.0,29.0,是
0703002-0918-11-09-gnss_raw.txt,2436,443404.000,GPS,23,0.0,0.0,31.0,是
0703002-0918-11-09-gnss_raw.txt,2436,443404.000,GPS,24,64.0,44.0,35.0,是
0703002-0918-11-09-gnss_raw.txt,2436,443404.000,GLONASS,68,19.0,70.0,32.0,是
0703002-0918-11-09-gnss_raw.txt,2436,443404.000,GLONASS,70,30.0,314.0,30.0,是
0703002-0918-11-09-gnss_raw.txt,2436,443404.000,GLONASS,79,48.0,90.0,33.0,是
0703002-0918-11-09-gnss_raw.txt,2436,443404.000,GLONASS,80,28.0,159.0,36.0,是
0703002-0918-11-09-gnss_raw.txt,2436,443404.000,GLONASS,84,35.0,239.0,26.0,是
0703002-0918-11-09-gnss_raw.txt,2436,443404.000,GLONASS,85,0.0,0.0,32.0,是
0703002-0918-11-09-gnss_raw.txt,2436,443404.000,Galileo,13,0.0,0.0,29.0,是
0703002-0918-11-09-gnss_raw.txt,2436,443404.000,Galileo,26,60.0,268.0,34.0,是
0703002-0918-11-09-gnss_raw.txt,2436,443404.000,Galileo,29,34.0,272.0,30.0,是
0703002-0918-11-09-gnss_raw.txt,2436,443404.000,QZSS,3,42.0,168.0,34.0,是
0703002-0918-11-09-gnss_raw.txt,2436,443404.000,QZSS,7,53.0,169.0,23.0,是
0703002-0918-11-09-gnss_raw.txt,2436,443404.000,BDS,1,48.0,147.0,28.0,是
0703002-0918-11-09-gnss_raw.txt,2436,443404.000,BDS,3,0.0,0.0,36.0,是
0703002-0918-11-09-gnss_raw.txt,2436,443404.000,BDS,4,37.0,120.0,30.0,是
0703002-0918-11-09-gnss_raw.txt,2436,443404.000,BDS,6,69.0,40.0,30.0,是
0703002-0918-11-09-gnss_raw.txt,2436,443404.000,BDS,7,59.0,190.0,35.0,是
0703002-0918-11-09-gnss_raw.txt,2436,443404.000,BDS,10,49.0,191.0,19.0,是
0703002-0918-11-09-gnss_raw.txt,2436,443404.000,BDS,11,0.0,0.0,26.0,是
0703002-0918-11-09-gnss_raw.txt,2436,443404.000,BDS,20,58.0,31.0,33.0,是
0703002-0918-11-09-gnss_raw.txt,2436,443404.000,BDS,37,46.0,75.0,32.0,是
0703002-0918-11-09-gnss_raw.txt,2436,443405.000,GPS,13,28.0,134.0,32.0,是
0703002-0918-11-09-gnss_raw.txt,2436,443405.000,GPS,15,0.0,0.0,26.0,是
0703002-0918-11-09-gnss_raw.txt,2436,443405.000,GPS,18,44.0,213.0,29.0,是
0703002-0918-11-09-gnss_raw.txt,2436,443405.000,GPS,23,0.0,0.0,31.0,是
0703002-0918-11-09-gnss_raw.txt,2436,443405.000,GPS,24,64.0,44.0,35.0,是
0703002-0918-11-09-gnss_raw.txt,2436,443405.000,GLONASS,68,19.0,70.0,31.0,是
0703002-0918-11-09-gnss_raw.txt,2436,443405.000,GLONASS,70,30.0,314.0,29.0,是
0703002-0918-11-09-gnss_raw.txt,2436,443405.000,GLONASS,79,48.0,90.0,33.0,是
0703002-0918-11-09-gnss_raw.txt,2436,443405.000,GLONASS,80,28.0,159.0,37.0,是
0703002-0918-11-09-gnss_raw.txt,2436,443405.000,GLONASS,84,35.0,239.0,26.0,是
0703002-0918-11-09-gnss_raw.txt,2436,443405.000,GLONASS,85,0.0,0.0,32.0,是
0703002-0918-11-09-gnss_raw.txt,2436,443405.000,Galileo,13,0.0,0.0,30.0,是
0703002-0918-11-09-gnss_raw.txt,2436,443405.000,Galileo,26,60.0,268.0,35.0,是
0703002-0918-11-09-gnss_raw.txt,2436,443405.000,Galileo,29,34.0,272.0,29.0,是
0703002-0918-11-09-gnss_raw.txt,2436,443405.000,QZSS,3,42.0,168.0,34.0,是
0703002-0918-11-09-gnss_raw.txt,2436,443405.000,QZSS,7,53.0,169.0,24.0,是
0703002-0918-11-09-gnss_raw.txt,2436,443405.000,BDS,1,48.0,147.0,30.0,是
0703002-0918-11-09-gnss_raw.txt,2436,443405.000,BDS,3,0.0,0.0,36.0,是
0703002-0918-11-09-gnss_raw.txt,2436,443405.000,BDS,4,37.0,120.0,30.0,是
0703002-0918-11-09-gnss_raw.txt,2436,443405.000,BDS,6,69.0,40.0,29.0,是
0703002-0918-11-09-gnss_raw.txt,2436,443405.000,BDS,7,59.0,190.0,35.0,是
0703002-0918-11-09-gnss_raw.txt,2436,443405.000,BDS,10,49.0,191.0,20.0,是
0703002-0918-11-09-gnss_raw.txt,2436,443405.000,BDS,11,0.0,0.0,26.0,是
0703002-0918-11-09-gnss_raw.txt,2436,443405.000,BDS,20,58.0,31.0,33.0,是
0703002-0918-11-09-gnss_raw.txt,2436,443405.000,BDS,37,46.0,75.0,32.0,是
0703002-0918-11-09-gnss_raw.txt,2436,443406.000,GPS,13,28.0,134.0,32.0,是
0703002-0918-11-09-gnss_raw.txt,2436,443406.000,GPS,15,0.0,0.0,26.0,是
0703002-0918-11-09-gnss_raw.txt,2436,443406.000,GPS,18,44.0,213.0,29.0,是
0703002-0918-11-09-gnss_raw.txt,2436,443406.000,GPS,23,0.0,0.0,31.0,是
0703002-0918-11-09-gnss_raw.txt,2436,443406.000,GPS,24,64.0,44.0,35.0,是
0703002-0918-11-09-gnss_raw.txt,2436,443406.000,GLONASS,68,19.0,70.0,31.0,是
0703002-0918-11-09-gnss_raw.txt,2436,443406.000,GLONASS,70,30.0,314.0,29.0,是
0703002-0918-11-09-gnss_raw.txt,2436,443406.000,GLONASS,79,48.0,90.0,33.0,是
0703002-0918-11-09-gnss_raw.txt,2436,443406.000,GLONASS,80,28.0,159.0,37.0,是
0703002-0918-11-09-gnss_raw.txt,2436,443406.000,GLONASS,84,35.0,239.0,28.0,是
0703002-0918-11-09-gnss_raw.txt,2436,443406.000,GLONASS,85,0.0,0.0,32.0,是
0703002-0918-11-09-gnss_raw.txt,2436,443406.000,Galileo,13,0.0,0.0,30.0,是
0703002-0918-11-09-gnss_raw.txt,2436,443406.000,Galileo,26,60.0,268.0,34.0,是
0703002-0918-11-09-gnss_raw.txt,2436,443406.000,Galileo,29,34.0,272.0,30.0,是
0703002-0918-11-09-gnss_raw.txt,2436,443406.000,QZSS,3,42.0,168.0,34.0,是
0703002-0918-11-09-gnss_raw.txt,2436,443406.000,QZSS,7,53.0,169.0,23.0,是
0703002-0918-11-09-gnss_raw.txt,2436,443406.000,BDS,1,48.0,147.0,31.0,是
0703002-0918-11-09-gnss_raw.txt,2436,443406.000,BDS,3,0.0,0.0,36.0,是
0703002-0918-11-09-gnss_raw.txt,2436,443406.000,BDS,4,37.0,120.0,30.0,是
0703002-0918-11-09-gnss_raw.txt,2436,443406.000,BDS,6,69.0,40.0,28.0,是
0703002-0918-11-09-gnss_raw.txt,2436,443406.000,BDS,7,59.0,190.0,35.0,是
0703002-0918-11-09-gnss_raw.txt,2436,443406.000,BDS,10,49.0,191.0,20.0,是
0703002-0918-11-09-gnss_raw.txt,2436,443406.000,BDS,11,0.0,0.0,27.0,是
0703002-0918-11-09-gnss_raw.txt,2436,443406.000,BDS,20,58.0,31.0,33.0,是
0703002-0918-11-09-gnss_raw.txt,2436,443406.000,BDS,37,46.0,75.0,32.0,是
0703002-0918-11-09-gnss_raw.txt,2436,443407.000,GPS,13,28.0,134.0,33.0,是
0703002-0918-11-09-gnss_raw.txt,2436,443407.000,GPS,15,0.0,0.0,26.0,是
0703002-0918-11-09-gnss_raw.txt,2436,443407.000,GPS,18,44.0,213.0,29.0,是
0703002-0918-11-09-gnss_raw.txt,2436,443407.000,GPS,23,0.0,0.0,31.0,是
0703002-0918-11-09-gnss_raw.txt,2436,443407.000,GPS,24,64.0,44.0,35.0,是
0703002-0918-11-09-gnss_raw.txt,2436,443407.000,GLONASS,68,19.0,70.0,31.0,是
0703002-0918-11-09-gnss_raw.txt,2436,443407.000,GLONASS,70,30.0,314.0,28.0,是
0703002-0918-11-09-gnss_raw.txt,2436,443407.000,GLONASS,79,48.0,90.0,34.0,是
0703002-0918-11-09-gnss_raw.txt,2436,443407.000,GLONASS,80,28.0,159.0,37.0,是
0703002-0918-11-09-gnss_raw.txt,2436,443407.000,GLONASS,84,35.0,239.0,29.0,是
0703002-0918-11-09-gnss_raw.txt,2436,443407.000,GLONASS,85,0.0,0.0,31.0,是
0703002-0918-11-09-gnss_raw.txt,2436,443407.000,Galileo,13,0.0,0.0,29.0,是
0703002-0918-11-09-gnss_raw.txt,2436,443407.000,Galileo,26,60.0,268.0,35.0,是
0703002-0918-11-09-gnss_raw.txt,2436,443407.000,Galileo,29,34.0,272.0,30.0,是
0703002-0918-11-09-gnss_raw.txt,2436,443407.000,QZSS,3,42.0,168.0,34.0,是
0703002-0918-11-09-gnss_raw.txt,2436,443407.000,QZSS,7,53.0,169.0,23.0,是
0703002-0918-11-09-gnss_raw.txt,2436,443407.000,BDS,1,48.0,147.0,30.0,是
0703002-0918-11-09-gnss_raw.txt,2436,443407.000,BDS,2,0.0,0.0,24.0,是
0703002-0918-11-09-gnss_raw.txt,2436,443407.000,BDS,3,0.0,0.0,36.0,是
0703002-0918-11-09-gnss_raw.txt,2436,443407.000,BDS,4,37.0,120.0,30.0,是
0703002-0918-11-09-gnss_raw.txt,2436,443407.000,BDS,6,69.0,40.0,29.0,是
0703002-0918-11-09-gnss_raw.txt,2436,443407.000,BDS,7,59.0,190.0,35.0,是
0703002-0918-11-09-gnss_raw.txt,2436,443407.000,BDS,10,49.0,191.0,21.0,是
0703002-0918-11-09-gnss_raw.txt,2436,443407.000,BDS,11,0.0,0.0,27.0,是
0703002-0918-11-09-gnss_raw.txt,2436,443407.000,BDS,20,58.0,31.0,33.0,是
0703002-0918-11-09-gnss_raw.txt,2436,443407.000,BDS,37,46.0,75.0,32.0,是
0703002-0918-11-09-gnss_raw.txt,2436,443408.000,GPS,13,28.0,134.0,33.0,是
0703002-0918-11-09-gnss_raw.txt,2436,443408.000,GPS,15,0.0,0.0,26.0,是
0703002-0918-11-09-gnss_raw.txt,2436,443408.000,GPS,18,44.0,213.0,29.0,是
0703002-0918-11-09-gnss_raw.txt,2436,443408.000,GPS,23,0.0,0.0,31.0,是
0703002-0918-11-09-gnss_raw.txt,2436,443408.000,GPS,24,64.0,44.0,35.0,是
0703002-0918-11-09-gnss_raw.txt,2436,443408.000,GLONASS,68,19.0,70.0,32.0,是
0703002-0918-11-09-gnss_raw.txt,2436,443408.000,GLONASS,70,30.0,314.0,29.0,是
0703002-0918-11-09-gnss_raw.txt,2436,443408.000,GLONASS,79,48.0,90.0,34.0,是
0703002-0918-11-09-gnss_raw.txt,2436,443408.000,GLONASS,80,28.0,159.0,37.0,是
0703002-0918-11-09-gnss_raw.txt,2436,443408.000,GLONASS,84,35.0,239.0,30.0,是
0703002-0918-11-09-gnss_raw.txt,2436,443408.000,GLONASS,85,0.0,0.0,32.0,是
0703002-0918-11-09-gnss_raw.txt,2436,443408.000,Galileo,13,0.0,0.0,30.0,是
0703002-0918-11-09-gnss_raw.txt,2436,443408.000,Galileo,26,60.0,268.0,34.0,是
0703002-0918-11-09-gnss_raw.txt,2436,443408.000,Galileo,29,34.0,272.0,30.0,是
0703002-0918-11-09-gnss_raw.txt,2436,443408.000,QZSS,3,42.0,168.0,34.0,是
0703002-0918-11-09-gnss_raw.txt,2436,443408.000,QZSS,7,53.0,169.0,23.0,是
0703002-0918-11-09-gnss_raw.txt,2436,443408.000,BDS,1,48.0,147.0,30.0,是
0703002-0918-11-09-gnss_raw.txt,2436,443408.000,BDS,2,0.0,0.0,27.0,是
0703002-0918-11-09-gnss_raw.txt,2436,443408.000,BDS,3,0.0,0.0,27.0,是
0703002-0918-11-09-gnss_raw.txt,2436,443408.000,BDS,4,37.0,120.0,31.0,是
0703002-0918-11-09-gnss_raw.txt,2436,443408.000,BDS,6,70.0,40.0,30.0,是
0703002-0918-11-09-gnss_raw.txt,2436,443408.000,BDS,7,59.0,190.0,35.0,是
0703002-0918-11-09-gnss_raw.txt,2436,443408.000,BDS,10,49.0,191.0,21.0,是
0703002-0918-11-09-gnss_raw.txt,2436,443408.000,BDS,11,0.0,0.0,28.0,是
0703002-0918-11-09-gnss_raw.txt,2436,443408.000,BDS,20,58.0,31.0,33.0,是
0703002-0918-11-09-gnss_raw.txt,2436,443408.000,BDS,37,46.0,75.0,33.0,是
0703002-0918-11-09-gnss_raw.txt,2436,443409.000,GPS,13,28.0,134.0,33.0,是
0703002-0918-11-09-gnss_raw.txt,2436,443409.000,GPS,15,0.0,0.0,26.0,是
0703002-0918-11-09-gnss_raw.txt,2436,443409.000,GPS,18,44.0,213.0,29.0,是
0703002-0918-11-09-gnss_raw.txt,2436,443409.000,GPS,23,0.0,0.0,32.0,是
0703002-0918-11-09-gnss_raw.txt,2436,443409.000,GPS,24,64.0,44.0,35.0,是
0703002-0918-11-09-gnss_raw.txt,2436,443409.000,GLONASS,68,19.0,70.0,32.0,是
0703002-0918-11-09-gnss_raw.txt,2436,443409.000,GLONASS,70,30.0,314.0,28.0,是
0703002-0918-11-09-gnss_raw.txt,2436,443409.000,GLONASS,79,48.0,90.0,35.0,是
0703002-0918-11-09-gnss_raw.txt,2436,443409.000,GLONASS,80,28.0,159.0,37.0,是
0703002-0918-11-09-gnss_raw.txt,2436,443409.000,GLONASS,84,35.0,239.0,31.0,是
0703002-0918-11-09-gnss_raw.txt,2436,443409.000,GLONASS,85,0.0,0.0,33.0,是
0703002-0918-11-09-gnss_raw.txt,2436,443409.000,Galileo,13,0.0,0.0,29.0,是
0703002-0918-11-09-gnss_raw.txt,2436,443409.000,Galileo,26,60.0,268.0,34.0,是
0703002-0918-11-09-gnss_raw.txt,2436,443409.000,Galileo,29,0.0,0.0,30.0,是
0703002-0918-11-09-gnss_raw.txt,2436,443409.000,QZSS,3,42.0,168.0,34.0,是
0703002-0918-11-09-gnss_raw.txt,2436,443409.000,QZSS,7,53.0,169.0,23.0,是
0703002-0918-11-09-gnss_raw.txt,2436,443409.000,BDS,1,48.0,147.0,31.0,是
0703002-0918-11-09-gnss_raw.txt,2436,443409.000,BDS,2,0.0,0.0,26.0,是
0703002-0918-11-09-gnss_raw.txt,2436,443409.000,BDS,3,0.0,0.0,26.0,是
0703002-0918-11-09-gnss_raw.txt,2436,443409.000,BDS,4,37.0,120.0,29.0,是
0703002-0918-11-09-gnss_raw.txt,2436,443409.000,BDS,6,70.0,40.0,30.0,是
0703002-0918-11-09-gnss_raw.txt,2436,443409.000,BDS,7,59.0,190.0,35.0,是
0703002-0918-11-09-gnss_raw.txt,2436,443409.000,BDS,10,49.0,191.0,21.0,是
0703002-0918-11-09-gnss_raw.txt,2436,443409.000,BDS,11,0.0,0.0,28.0,是
0703002-0918-11-09-gnss_raw.txt,2436,443409.000,BDS,20,58.0,31.0,33.0,是
0703002-0918-11-09-gnss_raw.txt,2436,443409.000,BDS,37,46.0,75.0,33.0,是
0703002-0918-11-09-gnss_raw.txt,2436,443410.000,GPS,13,28.0,134.0,32.0,是
0703002-0918-11-09-gnss_raw.txt,2436,443410.000,GPS,15,0.0,0.0,25.0,是
0703002-0918-11-09-gnss_raw.txt,2436,443410.000,GPS,18,44.0,213.0,29.0,是
0703002-0918-11-09-gnss_raw.txt,2436,443410.000,GPS,23,0.0,0.0,32.0,是
0703002-0918-11-09-gnss_raw.txt,2436,443410.000,GPS,24,64.0,44.0,35.0,是
0703002-0918-11-09-gnss_raw.txt,2436,443410.000,GLONASS,68,19.0,70.0,33.0,是
0703002-0918-11-09-gnss_raw.txt,2436,443410.000,GLONASS,70,30.0,314.0,29.0,是
0703002-0918-11-09-gnss_raw.txt,2436,443410.000,GLONASS,79,48.0,90.0,35.0,是
0703002-0918-11-09-gnss_raw.txt,2436,443410.000,GLONASS,80,28.0,159.0,37.0,是
0703002-0918-11-09-gnss_raw.txt,2436,443410.000,GLONASS,84,35.0,239.0,31.0,是
0703002-0918-11-09-gnss_raw.txt,2436,443410.000,GLONASS,85,0.0,0.0,34.0,是
0703002-0918-11-09-gnss_raw.txt,2436,443410.000,Galileo,13,0.0,0.0,30.0,是
0703002-0918-11-09-gnss_raw.txt,2436,443410.000,Galileo,26,60.0,268.0,34.0,是
0703002-0918-11-09-gnss_raw.txt,2436,443410.000,Galileo,29,34.0,272.0,31.0,是
0703002-0918-11-09-gnss_raw.txt,2436,443410.000,QZSS,3,42.0,168.0,34.0,是
0703002-0918-11-09-gnss_raw.txt,2436,443410.000,QZSS,7,53.0,169.0,23.0,是
0703002-0918-11-09-gnss_raw.txt,2436,443410.000,BDS,1,48.0,147.0,30.0,是
0703002-0918-11-09-gnss_raw.txt,2436,443410.000,BDS,2,0.0,0.0,27.0,是
0703002-0918-11-09-gnss_raw.txt,2436,443410.000,BDS,3,0.0,0.0,36.0,是
0703002-0918-11-09-gnss_raw.txt,2436,443410.000,BDS,4,37.0,120.0,30.0,是
0703002-0918-11-09-gnss_raw.txt,2436,443410.000,BDS,6,70.0,40.0,30.0,是
0703002-0918-11-09-gnss_raw.txt,2436,443410.000,BDS,7,59.0,190.0,35.0,是
0703002-0918-11-09-gnss_raw.txt,2436,443410.000,BDS,10,49.0,191.0,21.0,是
0703002-0918-11-09-gnss_raw.txt,2436,443410.000,BDS,11,0.0,0.0,28.0,是
0703002-0918-11-09-gnss_raw.txt,2436,443410.000,BDS,20,58.0,31.0,33.0,是
0703002-0918-11-09-gnss_raw.txt,2436,443410.000,BDS,37,46.0,75.0,33.0,是
0703002-0918-11-09-gnss_raw.txt,2436,443411.000,GPS,13,28.0,134.0,33.0,是
0703002-0918-11-09-gnss_raw.txt,2436,443411.000,GPS,15,0.0,0.0,25.0,是
0703002-0918-11-09-gnss_raw.txt,2436,443411.000,GPS,18,44.0,213.0,30.0,是
0703002-0918-11-09-gnss_raw.txt,2436,443411.000,GPS,23,0.0,0.0,31.0,是
0703002-0918-11-09-gnss_raw.txt,2436,443411.000,GPS,24,64.0,44.0,35.0,是
0703002-0918-11-09-gnss_raw.txt,2436,443411.000,GLONASS,68,19.0,70.0,34.0,是
0703002-0918-11-09-gnss_raw.txt,2436,443411.000,GLONASS,70,30.0,314.0,30.0,是
0703002-0918-11-09-gnss_raw.txt,2436,443411.000,GLONASS,79,48.0,90.0,35.0,是
0703002-0918-11-09-gnss_raw.txt,2436,443411.000,GLONASS,80,28.0,159.0,37.0,是
0703002-0918-11-09-gnss_raw.txt,2436,443411.000,GLONASS,84,35.0,239.0,32.0,是
0703002-0918-11-09-gnss_raw.txt,2436,443411.000,GLONASS,85,0.0,0.0,34.0,是
0703002-0918-11-09-gnss_raw.txt,2436,443411.000,Galileo,13,0.0,0.0,30.0,是
0703002-0918-11-09-gnss_raw.txt,2436,443411.000,Galileo,26,60.0,268.0,34.0,是
0703002-0918-11-09-gnss_raw.txt,2436,443411.000,Galileo,29,34.0,272.0,30.0,是
0703002-0918-11-09-gnss_raw.txt,2436,443411.000,QZSS,3,42.0,168.0,34.0,是
0703002-0918-11-09-gnss_raw.txt,2436,443411.000,QZSS,7,53.0,169.0,23.0,是
0703002-0918-11-09-gnss_raw.txt,2436,443411.000,BDS,1,48.0,147.0,30.0,是
0703002-0918-11-09-gnss_raw.txt,2436,443411.000,BDS,2,0.0,0.0,31.0,是
0703002-0918-11-09-gnss_raw.txt,2436,443411.000,BDS,3,0.0,0.0,36.0,是
0703002-0918-11-09-gnss_raw.txt,2436,443411.000,BDS,4,37.0,120.0,30.0,是
0703002-0918-11-09-gnss_raw.txt,2436,443411.000,BDS,6,70.0,40.0,29.0,是
0703002-0918-11-09-gnss_raw.txt,2436,443411.000,BDS,7,59.0,190.0,35.0,是
0703002-0918-11-09-gnss_raw.txt,2436,443411.000,BDS,10,49.0,191.0,21.0,是
0703002-0918-11-09-gnss_raw.txt,2436,443411.000,BDS,11,0.0,0.0,28.0,是
0703002-0918-11-09-gnss_raw.txt,2436,443411.000,BDS,20,58.0,31.0,33.0,是
0703002-0918-11-09-gnss_raw.txt,2436,443411.000,BDS,37,46.0,75.0,33.0,是
0703002-0918-11-09-gnss_raw.txt,2436,443412.000,GPS,13,28.0,134.0,33.0,是
0703002-0918-11-09-gnss_raw.txt,2436,443412.000,GPS,15,0.0,0.0,25.0,是
0703002-0918-11-09-gnss_raw.txt,2436,443412.000,GPS,18,44.0,213.0,30.0,是
0703002-0918-11-09-gnss_raw.txt,2436,443412.000,GPS,23,0.0,0.0,31.0,是
0703002-0918-11-09-gnss_raw.txt,2436,443412.000,GPS,24,64.0,44.0,35.0,是
0703002-0918-11-09-gnss_raw.txt,2436,443412.000,GLONASS,68,19.0,70.0,34.0,是
0703002-0918-11-09-gnss_raw.txt,2436,443412.000,GLONASS,70,30.0,314.0,30.0,是
0703002-0918-11-09-gnss_raw.txt,2436,443412.000,GLONASS,79,48.0,90.0,35.0,是
0703002-0918-11-09-gnss_raw.txt,2436,443412.000,GLONASS,80,28.0,159.0,37.0,是
0703002-0918-11-09-gnss_raw.txt,2436,443412.000,GLONASS,84,35.0,239.0,32.0,是
0703002-0918-11-09-gnss_raw.txt,2436,443412.000,GLONASS,85,0.0,0.0,33.0,是
0703002-0918-11-09-gnss_raw.txt,2436,443412.000,Galileo,13,0.0,0.0,30.0,是
0703002-0918-11-09-gnss_raw.txt,2436,443412.000,Galileo,26,60.0,268.0,35.0,是
0703002-0918-11-09-gnss_raw.txt,2436,443412.000,Galileo,29,34.0,272.0,30.0,是
0703002-0918-11-09-gnss_raw.txt,2436,443412.000,QZSS,3,42.0,168.0,34.0,是
0703002-0918-11-09-gnss_raw.txt,2436,443412.000,QZSS,7,53.0,169.0,23.0,是
0703002-0918-11-09-gnss_raw.txt,2436,443412.000,BDS,1,48.0,147.0,30.0,是
0703002-0918-11-09-gnss_raw.txt,2436,443412.000,BDS,2,0.0,0.0,33.0,是
0703002-0918-11-09-gnss_raw.txt,2436,443412.000,BDS,3,0.0,0.0,36.0,是
0703002-0918-11-09-gnss_raw.txt,2436,443412.000,BDS,4,37.0,120.0,31.0,是
0703002-0918-11-09-gnss_raw.txt,2436,443412.000,BDS,6,70.0,40.0,29.0,是
0703002-0918-11-09-gnss_raw.txt,2436,443412.000,BDS,7,59.0,190.0,35.0,是
0703002-0918-11-09-gnss_raw.txt,2436,443412.000,BDS,10,49.0,191.0,22.0,是
0703002-0918-11-09-gnss_raw.txt,2436,443412.000,BDS,11,0.0,0.0,28.0,是
0703002-0918-11-09-gnss_raw.txt,2436,443412.000,BDS,20,58.0,31.0,33.0,是
0703002-0918-11-09-gnss_raw.txt,2436,443412.000,BDS,37,46.0,75.0,33.0,是
0703002-0918-11-09-gnss_raw.txt,2436,443413.000,GPS,13,28.0,134.0,33.0,是
0703002-0918-11-09-gnss_raw.txt,2436,443413.000,GPS,15,0.0,0.0,26.0,是
0703002-0918-11-09-gnss_raw.txt,2436,443413.000,GPS,18,44.0,213.0,29.0,是
0703002-0918-11-09-gnss_raw.txt,2436,443413.000,GPS,23,0.0,0.0,31.0,是
0703002-0918-11-09-gnss_raw.txt,2436,443413.000,GPS,24,64.0,44.0,35.0,是
0703002-0918-11-09-gnss_raw.txt,2436,443413.000,GLONASS,68,19.0,70.0,33.0,是
0703002-0918-11-09-gnss_raw.txt,2436,443413.000,GLONASS,70,30.0,314.0,29.0,是
0703002-0918-11-09-gnss_raw.txt,2436,443413.000,GLONASS,79,48.0,90.0,35.0,是
0703002-0918-11-09-gnss_raw.txt,2436,443413.000,GLONASS,80,28.0,159.0,37.0,是
0703002-0918-11-09-gnss_raw.txt,2436,443413.000,GLONASS,84,35.0,239.0,32.0,是
0703002-0918-11-09-gnss_raw.txt,2436,443413.000,GLONASS,85,0.0,0.0,33.0,是
0703002-0918-11-09-gnss_raw.txt,2436,443413.000,Galileo,13,0.0,0.0,29.0,是
0703002-0918-11-09-gnss_raw.txt,2436,443413.000,Galileo,26,60.0,268.0,35.0,是
0703002-0918-11-09-gnss_raw.txt,2436,443413.000,Galileo,29,34.0,272.0,29.0,是
0703002-0918-11-09-gnss_raw.txt,2436,443413.000,QZSS,3,42.0,168.0,34.0,是
0703002-0918-11-09-gnss_raw.txt,2436,443413.000,QZSS,7,53.0,169.0,22.0,是
0703002-0918-11-09-gnss_raw.txt,2436,443413.000,BDS,1,48.0,147.0,30.0,是
0703002-0918-11-09-gnss_raw.txt,2436,443413.000,BDS,2,0.0,0.0,32.0,是
0703002-0918-11-09-gnss_raw.txt,2436,443413.000,BDS,3,0.0,0.0,26.0,是
0703002-0918-11-09-gnss_raw.txt,2436,443413.000,BDS,4,37.0,120.0,31.0,是
0703002-0918-11-09-gnss_raw.txt,2436,443413.000,BDS,6,70.0,40.0,29.0,是
0703002-0918-11-09-gnss_raw.txt,2436,443413.000,BDS,7,59.0,190.0,35.0,是
0703002-0918-11-09-gnss_raw.txt,2436,443413.000,BDS,10,49.0,191.0,21.0,是
0703002-0918-11-09-gnss_raw.txt,2436,443413.000,BDS,11,0.0,0.0,28.0,是
0703002-0918-11-09-gnss_raw.txt,2436,443413.000,BDS,20,58.0,31.0,33.0,是
0703002-0918-11-09-gnss_raw.txt,2436,443413.000,BDS,37,46.0,75.0,33.0,是
0703002-0918-11-09-gnss_raw.txt,2436,443414.000,GPS,13,28.0,134.0,33.0,是
0703002-0918-11-09-gnss_raw.txt,2436,443414.000,GPS,15,0.0,0.0,26.0,是
0703002-0918-11-09-gnss_raw.txt,2436,443414.000,GPS,18,44.0,213.0,29.0,是
0703002-0918-11-09-gnss_raw.txt,2436,443414.000,GPS,23,0.0,0.0,31.0,是
0703002-0918-11-09-gnss_raw.txt,2436,443414.000,GPS,24,64.0,44.0,35.0,是
0703002-0918-11-09-gnss_raw.txt,2436,443414.000,GLONASS,68,19.0,70.0,32.0,是
0703002-0918-11-09-gnss_raw.txt,2436,443414.000,GLONASS,70,30.0,314.0,27.0,是
0703002-0918-11-09-gnss_raw.txt,2436,443414.000,GLONASS,79,48.0,90.0,34.0,是
0703002-0918-11-09-gnss_raw.txt,2436,443414.000,GLONASS,80,28.0,159.0,36.0,是
0703002-0918-11-09-gnss_raw.txt,2436,443414.000,GLONASS,84,35.0,239.0,32.0,是
0703002-0918-11-09-gnss_raw.txt,2436,443414.000,GLONASS,85,0.0,0.0,32.0,是
0703002-0918-11-09-gnss_raw.txt,2436,443414.000,Galileo,13,0.0,0.0,30.0,是
0703002-0918-11-09-gnss_raw.txt,2436,443414.000,Galileo,26,60.0,268.0,35.0,是
0703002-0918-11-09-gnss_raw.txt,2436,443414.000,Galileo,29,34.0,272.0,30.0,是
0703002-0918-11-09-gnss_raw.txt,2436,443414.000,QZSS,3,42.0,168.0,34.0,是
0703002-0918-11-09-gnss_raw.txt,2436,443414.000,QZSS,7,53.0,169.0,23.0,是
0703002-0918-11-09-gnss_raw.txt,2436,443414.000,BDS,1,48.0,147.0,30.0,是
0703002-0918-11-09-gnss_raw.txt,2436,443414.000,BDS,3,0.0,0.0,25.0,是
0703002-0918-11-09-gnss_raw.txt,2436,443414.000,BDS,4,37.0,120.0,31.0,是
0703002-0918-11-09-gnss_raw.txt,2436,443414.000,BDS,6,70.0,40.0,29.0,是
0703002-0918-11-09-gnss_raw.txt,2436,443414.000,BDS,7,59.0,190.0,35.0,是
0703002-0918-11-09-gnss_raw.txt,2436,443414.000,BDS,10,49.0,191.0,22.0,是
0703002-0918-11-09-gnss_raw.txt,2436,443414.000,BDS,11,0.0,0.0,28.0,是
0703002-0918-11-09-gnss_raw.txt,2436,443414.000,BDS,20,58.0,31.0,33.0,是
0703002-0918-11-09-gnss_raw.txt,2436,443414.000,BDS,37,46.0,75.0,33.0,是
0703002-0918-11-09-gnss_raw.txt,2436,443415.000,GPS,13,28.0,134.0,33.0,是
0703002-0918-11-09-gnss_raw.txt,2436,443415.000,GPS,15,0.0,0.0,26.0,是
0703002-0918-11-09-gnss_raw.txt,2436,443415.000,GPS,18,44.0,213.0,30.0,是
0703002-0918-11-09-gnss_raw.txt,2436,443415.000,GPS,23,0.0,0.0,31.0,是
0703002-0918-11-09-gnss_raw.txt,2436,443415.000,GPS,24,64.0,44.0,35.0,是
0703002-0918-11-09-gnss_raw.txt,2436,443415.000,GLONASS,68,19.0,70.0,32.0,是
0703002-0918-11-09-gnss_raw.txt,2436,443415.000,GLONASS,70,30.0,314.0,27.0,是
0703002-0918-11-09-gnss_raw.txt,2436,443415.000,GLONASS,79,48.0,90.0,34.0,是
0703002-0918-11-09-gnss_raw.txt,2436,443415.000,GLONASS,80,28.0,159.0,36.0,是
0703002-0918-11-09-gnss_raw.txt,2436,443415.000,GLONASS,84,35.0,239.0,32.0,是
0703002-0918-11-09-gnss_raw.txt,2436,443415.000,GLONASS,85,0.0,0.0,31.0,是
0703002-0918-11-09-gnss_raw.txt,2436,443415.000,Galileo,13,0.0,0.0,29.0,是
0703002-0918-11-09-gnss_raw.txt,2436,443415.000,Galileo,26,60.0,268.0,36.0,是
0703002-0918-11-09-gnss_raw.txt,2436,443415.000,Galileo,29,34.0,272.0,29.0,是
0703002-0918-11-09-gnss_raw.txt,2436,443415.000,QZSS,3,42.0,168.0,34.0,是
0703002-0918-11-09-gnss_raw.txt,2436,443415.000,QZSS,7,53.0,169.0,23.0,是
0703002-0918-11-09-gnss_raw.txt,2436,443415.000,BDS,1,48.0,147.0,31.0,是
0703002-0918-11-09-gnss_raw.txt,2436,443415.000,BDS,2,0.0,0.0,27.0,是
0703002-0918-11-09-gnss_raw.txt,2436,443415.000,BDS,3,0.0,0.0,36.0,是
0703002-0918-11-09-gnss_raw.txt,2436,443415.000,BDS,4,37.0,120.0,31.0,是
0703002-0918-11-09-gnss_raw.txt,2436,443415.000,BDS,6,70.0,40.0,29.0,是
0703002-0918-11-09-gnss_raw.txt,2436,443415.000,BDS,7,59.0,190.0,35.0,是
0703002-0918-11-09-gnss_raw.txt,2436,443415.000,BDS,10,49.0,191.0,22.0,是
0703002-0918-11-09-gnss_raw.txt,2436,443415.000,BDS,11,0.0,0.0,28.0,是
0703002-0918-11-09-gnss_raw.txt,2436,443415.000,BDS,20,58.0,31.0,33.0,是
0703002-0918-11-09-gnss_raw.txt,2436,443415.000,BDS,37,46.0,75.0,33.0,是
0703002-0918-11-09-gnss_raw.txt,2436,443416.000,GPS,13,28.0,134.0,33.0,是
0703002-0918-11-09-gnss_raw.txt,2436,443416.000,GPS,15,0.0,0.0,25.0,是
0703002-0918-11-09-gnss_raw.txt,2436,443416.000,GPS,18,44.0,213.0,30.0,是
0703002-0918-11-09-gnss_raw.txt,2436,443416.000,GPS,23,0.0,0.0,31.0,是
0703002-0918-11-09-gnss_raw.txt,2436,443416.000,GPS,24,64.0,44.0,35.0,是
0703002-0918-11-09-gnss_raw.txt,2436,443416.000,GLONASS,68,19.0,70.0,33.0,是
0703002-0918-11-09-gnss_raw.txt,2436,443416.000,GLONASS,70,30.0,314.0,28.0,是
0703002-0918-11-09-gnss_raw.txt,2436,443416.000,GLONASS,79,48.0,90.0,33.0,是
0703002-0918-11-09-gnss_raw.txt,2436,443416.000,GLONASS,80,28.0,159.0,36.0,是
0703002-0918-11-09-gnss_raw.txt,2436,443416.000,GLONASS,84,35.0,239.0,30.0,是
0703002-0918-11-09-gnss_raw.txt,2436,443416.000,GLONASS,85,0.0,0.0,30.0,是
0703002-0918-11-09-gnss_raw.txt,2436,443416.000,Galileo,13,0.0,0.0,30.0,是
0703002-0918-11-09-gnss_raw.txt,2436,443416.000,Galileo,26,60.0,268.0,35.0,是
0703002-0918-11-09-gnss_raw.txt,2436,443416.000,Galileo,29,34.0,272.0,30.0,是
0703002-0918-11-09-gnss_raw.txt,2436,443416.000,QZSS,3,42.0,168.0,34.0,是
0703002-0918-11-09-gnss_raw.txt,2436,443416.000,QZSS,7,53.0,169.0,23.0,是
0703002-0918-11-09-gnss_raw.txt,2436,443416.000,BDS,1,48.0,147.0,31.0,是
0703002-0918-11-09-gnss_raw.txt,2436,443416.000,BDS,2,0.0,0.0,27.0,是
0703002-0918-11-09-gnss_raw.txt,2436,443416.000,BDS,3,0.0,0.0,36.0,是
0703002-0918-11-09-gnss_raw.txt,2436,443416.000,BDS,4,37.0,120.0,30.0,是
0703002-0918-11-09-gnss_raw.txt,2436,443416.000,BDS,6,70.0,40.0,30.0,是
0703002-0918-11-09-gnss_raw.txt,2436,443416.000,BDS,7,59.0,190.0,28.0,是
0703002-0918-11-09-gnss_raw.txt,2436,443416.000,BDS,10,49.0,191.0,21.0,是
0703002-0918-11-09-gnss_raw.txt,2436,443416.000,BDS,11,0.0,0.0,28.0,是
0703002-0918-11-09-gnss_raw.txt,2436,443416.000,BDS,20,58.0,31.0,33.0,是
0703002-0918-11-09-gnss_raw.txt,2436,443416.000,BDS,37,46.0,75.0,33.0,是
0703002-0918-11-09-gnss_raw.txt,2436,443417.000,GPS,13,28.0,134.0,32.0,是
0703002-0918-11-09-gnss_raw.txt,2436,443417.000,GPS,15,0.0,0.0,26.0,是
0703002-0918-11-09-gnss_raw.txt,2436,443417.000,GPS,18,44.0,213.0,30.0,是
0703002-0918-11-09-gnss_raw.txt,2436,443417.000,GPS,23,0.0,0.0,31.0,是
0703002-0918-11-09-gnss_raw.txt,2436,443417.000,GPS,24,64.0,44.0,35.0,是
0703002-0918-11-09-gnss_raw.txt,2436,443417.000,GLONASS,68,19.0,70.0,32.0,是
0703002-0918-11-09-gnss_raw.txt,2436,443417.000,GLONASS,70,30.0,314.0,29.0,是
0703002-0918-11-09-gnss_raw.txt,2436,443417.000,GLONASS,79,48.0,90.0,33.0,是
0703002-0918-11-09-gnss_raw.txt,2436,443417.000,GLONASS,80,28.0,159.0,36.0,是
0703002-0918-11-09-gnss_raw.txt,2436,443417.000,GLONASS,84,35.0,239.0,30.0,是
0703002-0918-11-09-gnss_raw.txt,2436,443417.000,GLONASS,85,0.0,0.0,29.0,是
0703002-0918-11-09-gnss_raw.txt,2436,443417.000,Galileo,13,0.0,0.0,29.0,是
0703002-0918-11-09-gnss_raw.txt,2436,443417.000,Galileo,26,60.0,268.0,36.0,是
0703002-0918-11-09-gnss_raw.txt,2436,443417.000,Galileo,29,34.0,272.0,31.0,是
0703002-0918-11-09-gnss_raw.txt,2436,443417.000,QZSS,3,42.0,168.0,34.0,是
0703002-0918-11-09-gnss_raw.txt,2436,443417.000,QZSS,7,53.0,169.0,23.0,是
0703002-0918-11-09-gnss_raw.txt,2436,443417.000,BDS,1,48.0,147.0,31.0,是
0703002-0918-11-09-gnss_raw.txt,2436,443417.000,BDS,2,0.0,0.0,27.0,是
0703002-0918-11-09-gnss_raw.txt,2436,443417.000,BDS,3,0.0,0.0,37.0,是
0703002-0918-11-09-gnss_raw.txt,2436,443417.000,BDS,4,37.0,120.0,30.0,是
0703002-0918-11-09-gnss_raw.txt,2436,443417.000,BDS,6,70.0,40.0,30.0,是
0703002-0918-11-09-gnss_raw.txt,2436,443417.000,BDS,7,59.0,190.0,25.0,是
0703002-0918-11-09-gnss_raw.txt,2436,443417.000,BDS,10,49.0,191.0,21.0,是
0703002-0918-11-09-gnss_raw.txt,2436,443417.000,BDS,11,0.0,0.0,28.0,是
0703002-0918-11-09-gnss_raw.txt,2436,443417.000,BDS,20,58.0,31.0,34.0,是
0703002-0918-11-09-gnss_raw.txt,2436,443417.000,BDS,37,46.0,75.0,33.0,是
0703002-0918-11-09-gnss_raw.txt,2436,443418.000,GPS,13,28.0,134.0,32.0,是
0703002-0918-11-09-gnss_raw.txt,2436,443418.000,GPS,15,0.0,0.0,26.0,是
0703002-0918-11-09-gnss_raw.txt,2436,443418.000,GPS,18,44.0,213.0,30.0,是
0703002-0918-11-09-gnss_raw.txt,2436,443418.000,GPS,23,0.0,0.0,31.0,是
0703002-0918-11-09-gnss_raw.txt,2436,443418.000,GPS,24,64.0,44.0,35.0,是
0703002-0918-11-09-gnss_raw.txt,2436,443418.000,GLONASS,68,19.0,70.0,32.0,是
0703002-0918-11-09-gnss_raw.txt,2436,443418.000,GLONASS,70,30.0,314.0,28.0,是
0703002-0918-11-09-gnss_raw.txt,2436,443418.000,GLONASS,79,48.0,90.0,33.0,是
0703002-0918-11-09-gnss_raw.txt,2436,443418.000,GLONASS,80,28.0,159.0,37.0,是
0703002-0918-11-09-gnss_raw.txt,2436,443418.000,GLONASS,84,35.0,239.0,31.0,是
0703002-0918-11-09-gnss_raw.txt,2436,443418.000,GLONASS,85,0.0,0.0,30.0,是
0703002-0918-11-09-gnss_raw.txt,2436,443418.000,Galileo,13,0.0,0.0,29.0,是
0703002-0918-11-09-gnss_raw.txt,2436,443418.000,Galileo,26,60.0,268.0,36.0,是
0703002-0918-11-09-gnss_raw.txt,2436,443418.000,Galileo,29,0.0,0.0,29.0,是
0703002-0918-11-09-gnss_raw.txt,2436,443418.000,QZSS,3,42.0,168.0,34.0,是
0703002-0918-11-09-gnss_raw.txt,2436,443418.000,QZSS,7,53.0,169.0,23.0,是
0703002-0918-11-09-gnss_raw.txt,2436,443418.000,BDS,1,48.0,147.0,30.0,是
0703002-0918-11-09-gnss_raw.txt,2436,443418.000,BDS,3,0.0,0.0,37.0,是
0703002-0918-11-09-gnss_raw.txt,2436,443418.000,BDS,4,37.0,120.0,29.0,是
0703002-0918-11-09-gnss_raw.txt,2436,443418.000,BDS,6,70.0,40.0,30.0,是
0703002-0918-11-09-gnss_raw.txt,2436,443418.000,BDS,7,59.0,190.0,25.0,是
0703002-0918-11-09-gnss_raw.txt,2436,443418.000,BDS,10,49.0,191.0,21.0,是
0703002-0918-11-09-gnss_raw.txt,2436,443418.000,BDS,11,0.0,0.0,28.0,是
0703002-0918-11-09-gnss_raw.txt,2436,443418.000,BDS,20,58.0,31.0,34.0,是
0703002-0918-11-09-gnss_raw.txt,2436,443418.000,BDS,37,46.0,75.0,33.0,是
0703002-0918-11-09-gnss_raw.txt,2436,443419.000,GPS,13,28.0,134.0,32.0,是
0703002-0918-11-09-gnss_raw.txt,2436,443419.000,GPS,15,0.0,0.0,26.0,是
0703002-0918-11-09-gnss_raw.txt,2436,443419.000,GPS,18,44.0,213.0,30.0,是
0703002-0918-11-09-gnss_raw.txt,2436,443419.000,GPS,23,0.0,0.0,31.0,是
0703002-0918-11-09-gnss_raw.txt,2436,443419.000,GPS,24,64.0,44.0,35.0,是
0703002-0918-11-09-gnss_raw.txt,2436,443419.000,GLONASS,68,19.0,70.0,32.0,是
0703002-0918-11-09-gnss_raw.txt,2436,443419.000,GLONASS,70,30.0,314.0,27.0,是
0703002-0918-11-09-gnss_raw.txt,2436,443419.000,GLONASS,79,48.0,90.0,33.0,是
0703002-0918-11-09-gnss_raw.txt,2436,443419.000,GLONASS,80,28.0,159.0,37.0,是
0703002-0918-11-09-gnss_raw.txt,2436,443419.000,GLONASS,84,35.0,239.0,31.0,是
0703002-0918-11-09-gnss_raw.txt,2436,443419.000,GLONASS,85,0.0,0.0,29.0,是
0703002-0918-11-09-gnss_raw.txt,2436,443419.000,Galileo,13,0.0,0.0,29.0,是
0703002-0918-11-09-gnss_raw.txt,2436,443419.000,Galileo,26,60.0,268.0,35.0,是
0703002-0918-11-09-gnss_raw.txt,2436,443419.000,Galileo,29,0.0,0.0,29.0,是
0703002-0918-11-09-gnss_raw.txt,2436,443419.000,QZSS,3,42.0,168.0,33.0,是
0703002-0918-11-09-gnss_raw.txt,2436,443419.000,QZSS,7,53.0,169.0,23.0,是
0703002-0918-11-09-gnss_raw.txt,2436,443419.000,BDS,1,48.0,147.0,31.0,是
0703002-0918-11-09-gnss_raw.txt,2436,443419.000,BDS,3,0.0,0.0,36.0,是
0703002-0918-11-09-gnss_raw.txt,2436,443419.000,BDS,4,37.0,120.0,30.0,是
0703002-0918-11-09-gnss_raw.txt,2436,443419.000,BDS,6,70.0,40.0,29.0,是
0703002-0918-11-09-gnss_raw.txt,2436,443419.000,BDS,7,59.0,190.0,24.0,是
0703002-0918-11-09-gnss_raw.txt,2436,443419.000,BDS,10,49.0,191.0,21.0,是
0703002-0918-11-09-gnss_raw.txt,2436,443419.000,BDS,11,0.0,0.0,29.0,是
0703002-0918-11-09-gnss_raw.txt,2436,443419.000,BDS,20,58.0,31.0,33.0,是
0703002-0918-11-09-gnss_raw.txt,2436,443419.000,BDS,37,46.0,75.0,32.0,是
0703002-0918-11-09-gnss_raw.txt,2436,443420.000,GPS,13,28.0,134.0,33.0,是
0703002-0918-11-09-gnss_raw.txt,2436,443420.000,GPS,15,0.0,0.0,27.0,是
0703002-0918-11-09-gnss_raw.txt,2436,443420.000,GPS,18,44.0,213.0,29.0,是
0703002-0918-11-09-gnss_raw.txt,2436,443420.000,GPS,23,0.0,0.0,31.0,是
0703002-0918-11-09-gnss_raw.txt,2436,443420.000,GPS,24,64.0,44.0,35.0,是
0703002-0918-11-09-gnss_raw.txt,2436,443420.000,GLONASS,68,19.0,70.0,34.0,是
0703002-0918-11-09-gnss_raw.txt,2436,443420.000,GLONASS,70,30.0,314.0,26.0,是
0703002-0918-11-09-gnss_raw.txt,2436,443420.000,GLONASS,79,48.0,90.0,33.0,是
0703002-0918-11-09-gnss_raw.txt,2436,443420.000,GLONASS,80,28.0,159.0,37.0,是
0703002-0918-11-09-gnss_raw.txt,2436,443420.000,GLONASS,84,35.0,239.0,31.0,是
0703002-0918-11-09-gnss_raw.txt,2436,443420.000,GLONASS,85,0.0,0.0,28.0,是
0703002-0918-11-09-gnss_raw.txt,2436,443420.000,Galileo,13,0.0,0.0,29.0,是
0703002-0918-11-09-gnss_raw.txt,2436,443420.000,Galileo,26,60.0,268.0,35.0,是
0703002-0918-11-09-gnss_raw.txt,2436,443420.000,Galileo,29,34.0,272.0,29.0,是
0703002-0918-11-09-gnss_raw.txt,2436,443420.000,QZSS,3,42.0,168.0,33.0,是
0703002-0918-11-09-gnss_raw.txt,2436,443420.000,QZSS,7,53.0,169.0,24.0,是
0703002-0918-11-09-gnss_raw.txt,2436,443420.000,BDS,1,48.0,147.0,30.0,是
0703002-0918-11-09-gnss_raw.txt,2436,443420.000,BDS,3,0.0,0.0,37.0,是
0703002-0918-11-09-gnss_raw.txt,2436,443420.000,BDS,4,37.0,120.0,29.0,是
0703002-0918-11-09-gnss_raw.txt,2436,443420.000,BDS,6,70.0,40.0,30.0,是
0703002-0918-11-09-gnss_raw.txt,2436,443420.000,BDS,7,59.0,190.0,24.0,是
0703002-0918-11-09-gnss_raw.txt,2436,443420.000,BDS,10,49.0,191.0,21.0,是
0703002-0918-11-09-gnss_raw.txt,2436,443420.000,BDS,11,0.0,0.0,28.0,是
0703002-0918-11-09-gnss_raw.txt,2436,443420.000,BDS,20,58.0,31.0,33.0,是
0703002-0918-11-09-gnss_raw.txt,2436,443420.000,BDS,37,46.0,75.0,32.0,是
0703002-0918-11-09-gnss_raw.txt,2436,443421.000,GPS,13,28.0,134.0,33.0,是
0703002-0918-11-09-gnss_raw.txt,2436,443421.000,GPS,15,0.0,0.0,27.0,是
0703002-0918-11-09-gnss_raw.txt,2436,443421.000,GPS,18,44.0,213.0,30.0,是
0703002-0918-11-09-gnss_raw.txt,2436,443421.000,GPS,23,0.0,0.0,31.0,是
0703002-0918-11-09-gnss_raw.txt,2436,443421.000,GPS,24,64.0,44.0,35.0,是
0703002-0918-11-09-gnss_raw.txt,2436,443421.000,GLONASS,68,19.0,70.0,32.0,是
0703002-0918-11-09-gnss_raw.txt,2436,443421.000,GLONASS,70,30.0,314.0,29.0,是
0703002-0918-11-09-gnss_raw.txt,2436,443421.000,GLONASS,79,48.0,90.0,34.0,是
0703002-0918-11-09-gnss_raw.txt,2436,443421.000,GLONASS,80,28.0,159.0,37.0,是
0703002-0918-11-09-gnss_raw.txt,2436,443421.000,GLONASS,84,35.0,239.0,30.0,是
0703002-0918-11-09-gnss_raw.txt,2436,443421.000,GLONASS,85,0.0,0.0,29.0,是
0703002-0918-11-09-gnss_raw.txt,2436,443421.000,Galileo,13,0.0,0.0,29.0,是
0703002-0918-11-09-gnss_raw.txt,2436,443421.000,Galileo,26,60.0,268.0,36.0,是
0703002-0918-11-09-gnss_raw.txt,2436,443421.000,Galileo,29,34.0,272.0,29.0,是
0703002-0918-11-09-gnss_raw.txt,2436,443421.000,QZSS,3,42.0,168.0,33.0,是
0703002-0918-11-09-gnss_raw.txt,2436,443421.000,QZSS,7,53.0,169.0,23.0,是
0703002-0918-11-09-gnss_raw.txt,2436,443421.000,BDS,1,48.0,147.0,30.0,是
0703002-0918-11-09-gnss_raw.txt,2436,443421.000,BDS,3,0.0,0.0,37.0,是
0703002-0918-11-09-gnss_raw.txt,2436,443421.000,BDS,4,37.0,120.0,31.0,是
0703002-0918-11-09-gnss_raw.txt,2436,443421.000,BDS,6,70.0,40.0,30.0,是
0703002-0918-11-09-gnss_raw.txt,2436,443421.000,BDS,7,59.0,190.0,22.0,是
0703002-0918-11-09-gnss_raw.txt,2436,443421.000,BDS,10,49.0,191.0,21.0,是
0703002-0918-11-09-gnss_raw.txt,2436,443421.000,BDS,11,0.0,0.0,28.0,是
0703002-0918-11-09-gnss_raw.txt,2436,443421.000,BDS,20,58.0,31.0,33.0,是
0703002-0918-11-09-gnss_raw.txt,2436,443421.000,BDS,37,46.0,75.0,32.0,是
0703002-0918-11-09-gnss_raw.txt,2436,443422.000,GPS,13,28.0,134.0,33.0,是
0703002-0918-11-09-gnss_raw.txt,2436,443422.000,GPS,15,0.0,0.0,27.0,是
0703002-0918-11-09-gnss_raw.txt,2436,443422.000,GPS,18,44.0,213.0,30.0,是
0703002-0918-11-09-gnss_raw.txt,2436,443422.000,GPS,23,0.0,0.0,31.0,是
0703002-0918-11-09-gnss_raw.txt,2436,443422.000,GPS,24,64.0,44.0,35.0,是
0703002-0918-11-09-gnss_raw.txt,2436,443422.000,GLONASS,68,19.0,70.0,32.0,是
0703002-0918-11-09-gnss_raw.txt,2436,443422.000,GLONASS,70,30.0,314.0,31.0,是
0703002-0918-11-09-gnss_raw.txt,2436,443422.000,GLONASS,79,48.0,90.0,34.0,是
0703002-0918-11-09-gnss_raw.txt,2436,443422.000,GLONASS,80,28.0,159.0,37.0,是
0703002-0918-11-09-gnss_raw.txt,2436,443422.000,GLONASS,84,35.0,239.0,30.0,是
0703002-0918-11-09-gnss_raw.txt,2436,443422.000,GLONASS,85,0.0,0.0,28.0,是
0703002-0918-11-09-gnss_raw.txt,2436,443422.000,Galileo,13,0.0,0.0,28.0,是
0703002-0918-11-09-gnss_raw.txt,2436,443422.000,Galileo,26,60.0,268.0,36.0,是
0703002-0918-11-09-gnss_raw.txt,2436,443422.000,Galileo,29,34.0,272.0,29.0,是
0703002-0918-11-09-gnss_raw.txt,2436,443422.000,QZSS,3,42.0,168.0,33.0,是
0703002-0918-11-09-gnss_raw.txt,2436,443422.000,QZSS,7,53.0,169.0,24.0,是
0703002-0918-11-09-gnss_raw.txt,2436,443422.000,BDS,1,48.0,147.0,31.0,是
0703002-0918-11-09-gnss_raw.txt,2436,443422.000,BDS,3,0.0,0.0,37.0,是
0703002-0918-11-09-gnss_raw.txt,2436,443422.000,BDS,4,37.0,120.0,30.0,是
0703002-0918-11-09-gnss_raw.txt,2436,443422.000,BDS,6,70.0,40.0,30.0,是
0703002-0918-11-09-gnss_raw.txt,2436,443422.000,BDS,7,59.0,190.0,22.0,是
0703002-0918-11-09-gnss_raw.txt,2436,443422.000,BDS,10,49.0,191.0,21.0,是
0703002-0918-11-09-gnss_raw.txt,2436,443422.000,BDS,11,0.0,0.0,28.0,是
0703002-0918-11-09-gnss_raw.txt,2436,443422.000,BDS,20,58.0,31.0,33.0,是
0703002-0918-11-09-gnss_raw.txt,2436,443422.000,BDS,37,46.0,75.0,32.0,是
0703002-0918-11-09-gnss_raw.txt,2436,443423.000,GPS,13,28.0,134.0,33.0,是
0703002-0918-11-09-gnss_raw.txt,2436,443423.000,GPS,15,0.0,0.0,28.0,是
0703002-0918-11-09-gnss_raw.txt,2436,443423.000,GPS,18,44.0,213.0,30.0,是
0703002-0918-11-09-gnss_raw.txt,2436,443423.000,GPS,23,0.0,0.0,31.0,是
0703002-0918-11-09-gnss_raw.txt,2436,443423.000,GPS,24,64.0,44.0,35.0,是
0703002-0918-11-09-gnss_raw.txt,2436,443423.000,GLONASS,68,19.0,70.0,32.0,是
0703002-0918-11-09-gnss_raw.txt,2436,443423.000,GLONASS,70,30.0,314.0,28.0,是
0703002-0918-11-09-gnss_raw.txt,2436,443423.000,GLONASS,79,48.0,90.0,34.0,是
0703002-0918-11-09-gnss_raw.txt,2436,443423.000,GLONASS,80,28.0,159.0,37.0,是
0703002-0918-11-09-gnss_raw.txt,2436,443423.000,GLONASS,84,35.0,239.0,29.0,是
0703002-0918-11-09-gnss_raw.txt,2436,443423.000,GLONASS,85,0.0,0.0,29.0,是
0703002-0918-11-09-gnss_raw.txt,2436,443423.000,Galileo,13,0.0,0.0,27.0,是
0703002-0918-11-09-gnss_raw.txt,2436,443423.000,Galileo,26,60.0,268.0,35.0,是
0703002-0918-11-09-gnss_raw.txt,2436,443423.000,Galileo,29,34.0,272.0,29.0,是
0703002-0918-11-09-gnss_raw.txt,2436,443423.000,QZSS,3,42.0,168.0,33.0,是
0703002-0918-11-09-gnss_raw.txt,2436,443423.000,QZSS,7,53.0,169.0,23.0,是
0703002-0918-11-09-gnss_raw.txt,2436,443423.000,BDS,1,48.0,147.0,30.0,是
0703002-0918-11-09-gnss_raw.txt,2436,443423.000,BDS,3,0.0,0.0,37.0,是
0703002-0918-11-09-gnss_raw.txt,2436,443423.000,BDS,4,37.0,120.0,30.0,是
0703002-0918-11-09-gnss_raw.txt,2436,443423.000,BDS,6,70.0,40.0,30.0,是
0703002-0918-11-09-gnss_raw.txt,2436,443423.000,BDS,7,59.0,190.0,22.0,是
0703002-0918-11-09-gnss_raw.txt,2436,443423.000,BDS,10,49.0,191.0,21.0,是
0703002-0918-11-09-gnss_raw.txt,2436,443423.000,BDS,11,0.0,0.0,28.0,是
0703002-0918-11-09-gnss_raw.txt,2436,443423.000,BDS,20,58.0,31.0,33.0,是
0703002-0918-11-09-gnss_raw.txt,2436,443423.000,BDS,37,46.0,75.0,32.0,是
0703002-0918-11-09-gnss_raw.txt,2436,443424.000,GPS,13,28.0,133.0,32.0,是
0703002-0918-11-09-gnss_raw.txt,2436,443424.000,GPS,15,0.0,0.0,29.0,是
0703002-0918-11-09-gnss_raw.txt,2436,443424.000,GPS,18,44.0,213.0,30.0,是
0703002-0918-11-09-gnss_raw.txt,2436,443424.000,GPS,23,0.0,0.0,31.0,是
0703002-0918-11-09-gnss_raw.txt,2436,443424.000,GPS,24,64.0,44.0,35.0,是
0703002-0918-11-09-gnss_raw.txt,2436,443424.000,GLONASS,68,19.0,70.0,32.0,是
0703002-0918-11-09-gnss_raw.txt,2436,443424.000,GLONASS,70,30.0,314.0,26.0,是
0703002-0918-11-09-gnss_raw.txt,2436,443424.000,GLONASS,79,48.0,90.0,34.0,是
0703002-0918-11-09-gnss_raw.txt,2436,443424.000,GLONASS,80,28.0,159.0,37.0,是
0703002-0918-11-09-gnss_raw.txt,2436,443424.000,GLONASS,84,35.0,239.0,30.0,是
0703002-0918-11-09-gnss_raw.txt,2436,443424.000,GLONASS,85,0.0,0.0,31.0,是
0703002-0918-11-09-gnss_raw.txt,2436,443424.000,Galileo,13,0.0,0.0,28.0,是
0703002-0918-11-09-gnss_raw.txt,2436,443424.000,Galileo,26,60.0,268.0,35.0,是
0703002-0918-11-09-gnss_raw.txt,2436,443424.000,Galileo,29,34.0,272.0,30.0,是
0703002-0918-11-09-gnss_raw.txt,2436,443424.000,QZSS,3,42.0,168.0,33.0,是
0703002-0918-11-09-gnss_raw.txt,2436,443424.000,QZSS,7,53.0,169.0,23.0,是
0703002-0918-11-09-gnss_raw.txt,2436,443424.000,BDS,1,48.0,147.0,31.0,是
0703002-0918-11-09-gnss_raw.txt,2436,443424.000,BDS,3,0.0,0.0,37.0,是
0703002-0918-11-09-gnss_raw.txt,2436,443424.000,BDS,4,37.0,120.0,30.0,是
0703002-0918-11-09-gnss_raw.txt,2436,443424.000,BDS,6,70.0,40.0,30.0,是
0703002-0918-11-09-gnss_raw.txt,2436,443424.000,BDS,7,59.0,190.0,22.0,是
0703002-0918-11-09-gnss_raw.txt,2436,443424.000,BDS,10,49.0,191.0,21.0,是
0703002-0918-11-09-gnss_raw.txt,2436,443424.000,BDS,11,0.0,0.0,28.0,是
0703002-0918-11-09-gnss_raw.txt,2436,443424.000,BDS,20,58.0,31.0,33.0,是
0703002-0918-11-09-gnss_raw.txt,2436,443424.000,BDS,37,46.0,75.0,32.0,是
0703002-0918-11-09-gnss_raw.txt,2436,443425.000,GPS,13,28.0,133.0,32.0,是
0703002-0918-11-09-gnss_raw.txt,2436,443425.000,GPS,15,0.0,0.0,29.0,是
0703002-0918-11-09-gnss_raw.txt,2436,443425.000,GPS,18,44.0,213.0,30.0,是
0703002-0918-11-09-gnss_raw.txt,2436,443425.000,GPS,23,0.0,0.0,31.0,是
0703002-0918-11-09-gnss_raw.txt,2436,443425.000,GPS,24,64.0,44.0,35.0,是
0703002-0918-11-09-gnss_raw.txt,2436,443425.000,GLONASS,68,19.0,70.0,32.0,是
0703002-0918-11-09-gnss_raw.txt,2436,443425.000,GLONASS,70,30.0,314.0,29.0,是
0703002-0918-11-09-gnss_raw.txt,2436,443425.000,GLONASS,79,48.0,90.0,35.0,是
0703002-0918-11-09-gnss_raw.txt,2436,443425.000,GLONASS,80,28.0,159.0,37.0,是
0703002-0918-11-09-gnss_raw.txt,2436,443425.000,GLONASS,84,35.0,239.0,30.0,是
0703002-0918-11-09-gnss_raw.txt,2436,443425.000,GLONASS,85,0.0,0.0,30.0,是
0703002-0918-11-09-gnss_raw.txt,2436,443425.000,Galileo,13,0.0,0.0,28.0,是
0703002-0918-11-09-gnss_raw.txt,2436,443425.000,Galileo,26,60.0,268.0,35.0,是
0703002-0918-11-09-gnss_raw.txt,2436,443425.000,Galileo,29,34.0,272.0,30.0,是
0703002-0918-11-09-gnss_raw.txt,2436,443425.000,QZSS,3,42.0,168.0,33.0,是
0703002-0918-11-09-gnss_raw.txt,2436,443425.000,QZSS,7,53.0,169.0,23.0,是
0703002-0918-11-09-gnss_raw.txt,2436,443425.000,BDS,1,48.0,147.0,30.0,是
0703002-0918-11-09-gnss_raw.txt,2436,443425.000,BDS,3,0.0,0.0,37.0,是
0703002-0918-11-09-gnss_raw.txt,2436,443425.000,BDS,4,37.0,120.0,31.0,是
0703002-0918-11-09-gnss_raw.txt,2436,443425.000,BDS,6,70.0,40.0,30.0,是
0703002-0918-11-09-gnss_raw.txt,2436,443425.000,BDS,7,59.0,190.0,21.0,是
0703002-0918-11-09-gnss_raw.txt,2436,443425.000,BDS,10,49.0,191.0,22.0,是
0703002-0918-11-09-gnss_raw.txt,2436,443425.000,BDS,11,0.0,0.0,29.0,是
0703002-0918-11-09-gnss_raw.txt,2436,443425.000,BDS,20,58.0,31.0,33.0,是
0703002-0918-11-09-gnss_raw.txt,2436,443425.000,BDS,37,46.0,75.0,32.0,是
0703002-0918-11-09-gnss_raw.txt,2436,443426.000,GPS,13,28.0,133.0,32.0,是
0703002-0918-11-09-gnss_raw.txt,2436,443426.000,GPS,15,0.0,0.0,29.0,是
0703002-0918-11-09-gnss_raw.txt,2436,443426.000,GPS,18,44.0,213.0,29.0,是
0703002-0918-11-09-gnss_raw.txt,2436,443426.000,GPS,23,0.0,0.0,31.0,是
0703002-0918-11-09-gnss_raw.txt,2436,443426.000,GPS,24,64.0,44.0,35.0,是
0703002-0918-11-09-gnss_raw.txt,2436,443426.000,GLONASS,68,19.0,70.0,32.0,是
0703002-0918-11-09-gnss_raw.txt,2436,443426.000,GLONASS,70,30.0,314.0,30.0,是
0703002-0918-11-09-gnss_raw.txt,2436,443426.000,GLONASS,79,48.0,90.0,35.0,是
0703002-0918-11-09-gnss_raw.txt,2436,443426.000,GLONASS,80,28.0,159.0,37.0,是
0703002-0918-11-09-gnss_raw.txt,2436,443426.000,GLONASS,84,35.0,239.0,32.0,是
0703002-0918-11-09-gnss_raw.txt,2436,443426.000,GLONASS,85,0.0,0.0,30.0,是
0703002-0918-11-09-gnss_raw.txt,2436,443426.000,Galileo,13,0.0,0.0,29.0,是
0703002-0918-11-09-gnss_raw.txt,2436,443426.000,Galileo,26,60.0,268.0,35.0,是
0703002-0918-11-09-gnss_raw.txt,2436,443426.000,Galileo,29,34.0,272.0,30.0,是
0703002-0918-11-09-gnss_raw.txt,2436,443426.000,QZSS,3,42.0,168.0,33.0,是
0703002-0918-11-09-gnss_raw.txt,2436,443426.000,QZSS,7,53.0,169.0,23.0,是
0703002-0918-11-09-gnss_raw.txt,2436,443426.000,BDS,1,48.0,147.0,31.0,是
0703002-0918-11-09-gnss_raw.txt,2436,443426.000,BDS,3,0.0,0.0,36.0,是
0703002-0918-11-09-gnss_raw.txt,2436,443426.000,BDS,4,37.0,120.0,30.0,是
0703002-0918-11-09-gnss_raw.txt,2436,443426.000,BDS,6,70.0,40.0,31.0,是
0703002-0918-11-09-gnss_raw.txt,2436,443426.000,BDS,7,59.0,190.0,19.0,是
0703002-0918-11-09-gnss_raw.txt,2436,443426.000,BDS,10,49.0,191.0,21.0,是
0703002-0918-11-09-gnss_raw.txt,2436,443426.000,BDS,11,0.0,0.0,29.0,是
0703002-0918-11-09-gnss_raw.txt,2436,443426.000,BDS,20,58.0,31.0,33.0,是
0703002-0918-11-09-gnss_raw.txt,2436,443426.000,BDS,37,46.0,75.0,32.0,是
0703002-0918-11-09-gnss_raw.txt,2436,443427.000,GPS,13,29.0,133.0,32.0,是
0703002-0918-11-09-gnss_raw.txt,2436,443427.000,GPS,15,0.0,0.0,28.0,是
0703002-0918-11-09-gnss_raw.txt,2436,443427.000,GPS,18,44.0,213.0,29.0,是
0703002-0918-11-09-gnss_raw.txt,2436,443427.000,GPS,23,0.0,0.0,31.0,是
0703002-0918-11-09-gnss_raw.txt,2436,443427.000,GPS,24,64.0,44.0,35.0,是
0703002-0918-11-09-gnss_raw.txt,2436,443427.000,GLONASS,68,19.0,70.0,32.0,是
0703002-0918-11-09-gnss_raw.txt,2436,443427.000,GLONASS,70,30.0,314.0,29.0,是
0703002-0918-11-09-gnss_raw.txt,2436,443427.000,GLONASS,79,48.0,90.0,35.0,是
0703002-0918-11-09-gnss_raw.txt,2436,443427.000,GLONASS,80,28.0,159.0,38.0,是
0703002-0918-11-09-gnss_raw.txt,2436,443427.000,GLONASS,84,35.0,239.0,32.0,是
0703002-0918-11-09-gnss_raw.txt,2436,443427.000,GLONASS,85,0.0,0.0,31.0,是
0703002-0918-11-09-gnss_raw.txt,2436,443427.000,Galileo,13,0.0,0.0,29.0,是
0703002-0918-11-09-gnss_raw.txt,2436,443427.000,Galileo,26,60.0,268.0,35.0,是
0703002-0918-11-09-gnss_raw.txt,2436,443427.000,Galileo,29,34.0,272.0,31.0,是
0703002-0918-11-09-gnss_raw.txt,2436,443427.000,QZSS,3,42.0,168.0,33.0,是
0703002-0918-11-09-gnss_raw.txt,2436,443427.000,QZSS,7,53.0,169.0,24.0,是
0703002-0918-11-09-gnss_raw.txt,2436,443427.000,BDS,1,48.0,147.0,29.0,是
0703002-0918-11-09-gnss_raw.txt,2436,443427.000,BDS,3,0.0,0.0,37.0,是
0703002-0918-11-09-gnss_raw.txt,2436,443427.000,BDS,4,37.0,120.0,31.0,是
0703002-0918-11-09-gnss_raw.txt,2436,443427.000,BDS,6,70.0,40.0,31.0,是
0703002-0918-11-09-gnss_raw.txt,2436,443427.000,BDS,7,59.0,190.0,19.0,是
0703002-0918-11-09-gnss_raw.txt,2436,443427.000,BDS,10,49.0,191.0,22.0,是
0703002-0918-11-09-gnss_raw.txt,2436,443427.000,BDS,11,0.0,0.0,29.0,是
0703002-0918-11-09-gnss_raw.txt,2436,443427.000,BDS,20,58.0,31.0,33.0,是
0703002-0918-11-09-gnss_raw.txt,2436,443427.000,BDS,37,46.0,75.0,32.0,是
0703002-0918-11-09-gnss_raw.txt,2436,443428.000,GPS,13,29.0,133.0,32.0,是
0703002-0918-11-09-gnss_raw.txt,2436,443428.000,GPS,15,0.0,0.0,28.0,是
0703002-0918-11-09-gnss_raw.txt,2436,443428.000,GPS,18,44.0,213.0,27.0,是
0703002-0918-11-09-gnss_raw.txt,2436,443428.000,GPS,23,0.0,0.0,32.0,是
0703002-0918-11-09-gnss_raw.txt,2436,443428.000,GPS,24,64.0,44.0,35.0,是
0703002-0918-11-09-gnss_raw.txt,2436,443428.000,GLONASS,68,19.0,70.0,33.0,是
0703002-0918-11-09-gnss_raw.txt,2436,443428.000,GLONASS,70,30.0,314.0,28.0,是
0703002-0918-11-09-gnss_raw.txt,2436,443428.000,GLONASS,79,48.0,90.0,35.0,是
0703002-0918-11-09-gnss_raw.txt,2436,443428.000,GLONASS,80,28.0,159.0,38.0,是
0703002-0918-11-09-gnss_raw.txt,2436,443428.000,GLONASS,84,35.0,239.0,33.0,是
0703002-0918-11-09-gnss_raw.txt,2436,443428.000,GLONASS,85,0.0,0.0,32.0,是
0703002-0918-11-09-gnss_raw.txt,2436,443428.000,Galileo,13,0.0,0.0,29.0,是
0703002-0918-11-09-gnss_raw.txt,2436,443428.000,Galileo,26,60.0,268.0,35.0,是
0703002-0918-11-09-gnss_raw.txt,2436,443428.000,Galileo,29,34.0,272.0,32.0,是
0703002-0918-11-09-gnss_raw.txt,2436,443428.000,QZSS,3,42.0,168.0,32.0,是
0703002-0918-11-09-gnss_raw.txt,2436,443428.000,QZSS,7,53.0,169.0,24.0,是
0703002-0918-11-09-gnss_raw.txt,2436,443428.000,BDS,1,48.0,147.0,29.0,是
0703002-0918-11-09-gnss_raw.txt,2436,443428.000,BDS,3,0.0,0.0,36.0,是
0703002-0918-11-09-gnss_raw.txt,2436,443428.000,BDS,4,37.0,120.0,30.0,是
0703002-0918-11-09-gnss_raw.txt,2436,443428.000,BDS,6,70.0,40.0,31.0,是
0703002-0918-11-09-gnss_raw.txt,2436,443428.000,BDS,7,59.0,190.0,20.0,是
0703002-0918-11-09-gnss_raw.txt,2436,443428.000,BDS,10,49.0,191.0,21.0,是
0703002-0918-11-09-gnss_raw.txt,2436,443428.000,BDS,11,0.0,0.0,29.0,是
0703002-0918-11-09-gnss_raw.txt,2436,443428.000,BDS,20,58.0,31.0,33.0,是
0703002-0918-11-09-gnss_raw.txt,2436,443428.000,BDS,37,46.0,75.0,32.0,是
0703002-0918-11-09-gnss_raw.txt,2436,443429.000,GPS,13,29.0,133.0,32.0,是
0703002-0918-11-09-gnss_raw.txt,2436,443429.000,GPS,15,0.0,0.0,28.0,是
0703002-0918-11-09-gnss_raw.txt,2436,443429.000,GPS,18,44.0,213.0,27.0,是
0703002-0918-11-09-gnss_raw.txt,2436,443429.000,GPS,23,0.0,0.0,31.0,是
0703002-0918-11-09-gnss_raw.txt,2436,443429.000,GPS,24,64.0,44.0,35.0,是
0703002-0918-11-09-gnss_raw.txt,2436,443429.000,GLONASS,68,19.0,70.0,33.0,是
0703002-0918-11-09-gnss_raw.txt,2436,443429.000,GLONASS,70,30.0,314.0,28.0,是
0703002-0918-11-09-gnss_raw.txt,2436,443429.000,GLONASS,79,48.0,90.0,35.0,是
0703002-0918-11-09-gnss_raw.txt,2436,443429.000,GLONASS,80,28.0,159.0,38.0,是
0703002-0918-11-09-gnss_raw.txt,2436,443429.000,GLONASS,84,35.0,239.0,32.0,是
0703002-0918-11-09-gnss_raw.txt,2436,443429.000,GLONASS,85,0.0,0.0,32.0,是
0703002-0918-11-09-gnss_raw.txt,2436,443429.000,Galileo,13,0.0,0.0,29.0,是
0703002-0918-11-09-gnss_raw.txt,2436,443429.000,Galileo,26,60.0,268.0,35.0,是
0703002-0918-11-09-gnss_raw.txt,2436,443429.000,Galileo,29,34.0,272.0,31.0,是
0703002-0918-11-09-gnss_raw.txt,2436,443429.000,QZSS,3,42.0,168.0,32.0,是
0703002-0918-11-09-gnss_raw.txt,2436,443429.000,QZSS,7,53.0,169.0,24.0,是
0703002-0918-11-09-gnss_raw.txt,2436,443429.000,BDS,1,48.0,147.0,30.0,是
0703002-0918-11-09-gnss_raw.txt,2436,443429.000,BDS,3,0.0,0.0,36.0,是
0703002-0918-11-09-gnss_raw.txt,2436,443429.000,BDS,4,37.0,120.0,30.0,是
0703002-0918-11-09-gnss_raw.txt,2436,443429.000,BDS,6,70.0,40.0,31.0,是
0703002-0918-11-09-gnss_raw.txt,2436,443429.000,BDS,7,59.0,190.0,20.0,是
0703002-0918-11-09-gnss_raw.txt,2436,443429.000,BDS,10,49.0,191.0,21.0,是
0703002-0918-11-09-gnss_raw.txt,2436,443429.000,BDS,11,0.0,0.0,29.0,是
0703002-0918-11-09-gnss_raw.txt,2436,443429.000,BDS,20,58.0,31.0,33.0,是
0703002-0918-11-09-gnss_raw.txt,2436,443429.000,BDS,37,46.0,75.0,32.0,是
0703002-0918-11-09-gnss_raw.txt,2436,443430.000,GPS,13,29.0,133.0,32.0,是
0703002-0918-11-09-gnss_raw.txt,2436,443430.000,GPS,15,0.0,0.0,28.0,是
0703002-0918-11-09-gnss_raw.txt,2436,443430.000,GPS,18,44.0,213.0,28.0,是
0703002-0918-11-09-gnss_raw.txt,2436,443430.000,GPS,23,0.0,0.0,31.0,是
0703002-0918-11-09-gnss_raw.txt,2436,443430.000,GPS,24,64.0,44.0,35.0,是
0703002-0918-11-09-gnss_raw.txt,2436,443430.000,GLONASS,68,19.0,70.0,32.0,是
0703002-0918-11-09-gnss_raw.txt,2436,443430.000,GLONASS,70,30.0,314.0,29.0,是
0703002-0918-11-09-gnss_raw.txt,2436,443430.000,GLONASS,79,48.0,90.0,34.0,是
0703002-0918-11-09-gnss_raw.txt,2436,443430.000,GLONASS,80,28.0,159.0,38.0,是
0703002-0918-11-09-gnss_raw.txt,2436,443430.000,GLONASS,84,35.0,239.0,32.0,是
0703002-0918-11-09-gnss_raw.txt,2436,443430.000,GLONASS,85,0.0,0.0,32.0,是
0703002-0918-11-09-gnss_raw.txt,2436,443430.000,Galileo,13,0.0,0.0,30.0,是
0703002-0918-11-09-gnss_raw.txt,2436,443430.000,Galileo,26,60.0,267.0,35.0,是
0703002-0918-11-09-gnss_raw.txt,2436,443430.000,Galileo,29,34.0,272.0,32.0,是
0703002-0918-11-09-gnss_raw.txt,2436,443430.000,QZSS,3,42.0,168.0,32.0,是
0703002-0918-11-09-gnss_raw.txt,2436,443430.000,QZSS,7,53.0,169.0,24.0,是
0703002-0918-11-09-gnss_raw.txt,2436,443430.000,BDS,1,48.0,147.0,30.0,是
0703002-0918-11-09-gnss_raw.txt,2436,443430.000,BDS,4,37.0,120.0,30.0,是
0703002-0918-11-09-gnss_raw.txt,2436,443430.000,BDS,6,70.0,40.0,31.0,是
0703002-0918-11-09-gnss_raw.txt,2436,443430.000,BDS,7,59.0,190.0,22.0,是
0703002-0918-11-09-gnss_raw.txt,2436,443430.000,BDS,10,49.0,191.0,21.0,是
0703002-0918-11-09-gnss_raw.txt,2436,443430.000,BDS,11,0.0,0.0,29.0,是
0703002-0918-11-09-gnss_raw.txt,2436,443430.000,BDS,20,58.0,31.0,33.0,是
0703002-0918-11-09-gnss_raw.txt,2436,443430.000,BDS,37,46.0,75.0,32.0,是
0703002-0918-11-09-gnss_raw.txt,2436,443431.000,GPS,13,29.0,133.0,32.0,是
0703002-0918-11-09-gnss_raw.txt,2436,443431.000,GPS,15,0.0,0.0,28.0,是
0703002-0918-11-09-gnss_raw.txt,2436,443431.000,GPS,18,44.0,213.0,28.0,是
0703002-0918-11-09-gnss_raw.txt,2436,443431.000,GPS,23,0.0,0.0,31.0,是
0703002-0918-11-09-gnss_raw.txt,2436,443431.000,GPS,24,64.0,44.0,35.0,是
0703002-0918-11-09-gnss_raw.txt,2436,443431.000,GLONASS,68,19.0,70.0,32.0,是
0703002-0918-11-09-gnss_raw.txt,2436,443431.000,GLONASS,70,30.0,314.0,28.0,是
0703002-0918-11-09-gnss_raw.txt,2436,443431.000,GLONASS,79,48.0,90.0,34.0,是
0703002-0918-11-09-gnss_raw.txt,2436,443431.000,GLONASS,80,28.0,159.0,38.0,是
0703002-0918-11-09-gnss_raw.txt,2436,443431.000,GLONASS,84,35.0,239.0,31.0,是
0703002-0918-11-09-gnss_raw.txt,2436,443431.000,GLONASS,85,0.0,0.0,31.0,是
0703002-0918-11-09-gnss_raw.txt,2436,443431.000,Galileo,13,0.0,0.0,29.0,是
0703002-0918-11-09-gnss_raw.txt,2436,443431.000,Galileo,26,60.0,267.0,35.0,是
0703002-0918-11-09-gnss_raw.txt,2436,443431.000,Galileo,29,34.0,272.0,32.0,是
0703002-0918-11-09-gnss_raw.txt,2436,443431.000,QZSS,3,42.0,168.0,32.0,是
0703002-0918-11-09-gnss_raw.txt,2436,443431.000,QZSS,7,53.0,169.0,23.0,是
0703002-0918-11-09-gnss_raw.txt,2436,443431.000,BDS,1,48.0,147.0,30.0,是
0703002-0918-11-09-gnss_raw.txt,2436,443431.000,BDS,4,37.0,120.0,30.0,是
0703002-0918-11-09-gnss_raw.txt,2436,443431.000,BDS,6,70.0,40.0,31.0,是
0703002-0918-11-09-gnss_raw.txt,2436,443431.000,BDS,7,59.0,190.0,22.0,是
0703002-0918-11-09-gnss_raw.txt,2436,443431.000,BDS,10,49.0,191.0,21.0,是
0703002-0918-11-09-gnss_raw.txt,2436,443431.000,BDS,11,0.0,0.0,29.0,是
0703002-0918-11-09-gnss_raw.txt,2436,443431.000,BDS,20,58.0,31.0,33.0,是
0703002-0918-11-09-gnss_raw.txt,2436,443431.000,BDS,37,46.0,75.0,32.0,是
0703002-0918-11-09-gnss_raw.txt,2436,443432.000,GPS,13,29.0,133.0,32.0,是
0703002-0918-11-09-gnss_raw.txt,2436,443432.000,GPS,15,0.0,0.0,28.0,是
0703002-0918-11-09-gnss_raw.txt,2436,443432.000,GPS,18,44.0,213.0,29.0,是
0703002-0918-11-09-gnss_raw.txt,2436,443432.000,GPS,23,0.0,0.0,31.0,是
0703002-0918-11-09-gnss_raw.txt,2436,443432.000,GPS,24,64.0,44.0,35.0,是
0703002-0918-11-09-gnss_raw.txt,2436,443432.000,GLONASS,68,19.0,70.0,32.0,是
0703002-0918-11-09-gnss_raw.txt,2436,443432.000,GLONASS,70,30.0,314.0,29.0,是
0703002-0918-11-09-gnss_raw.txt,2436,443432.000,GLONASS,79,48.0,90.0,34.0,是
0703002-0918-11-09-gnss_raw.txt,2436,443432.000,GLONASS,80,28.0,159.0,38.0,是
0703002-0918-11-09-gnss_raw.txt,2436,443432.000,GLONASS,84,35.0,239.0,31.0,是
0703002-0918-11-09-gnss_raw.txt,2436,443432.000,GLONASS,85,0.0,0.0,31.0,是
0703002-0918-11-09-gnss_raw.txt,2436,443432.000,Galileo,13,0.0,0.0,27.0,是
0703002-0918-11-09-gnss_raw.txt,2436,443432.000,Galileo,26,60.0,267.0,36.0,是
0703002-0918-11-09-gnss_raw.txt,2436,443432.000,Galileo,29,34.0,272.0,32.0,是
0703002-0918-11-09-gnss_raw.txt,2436,443432.000,QZSS,3,42.0,168.0,32.0,是
0703002-0918-11-09-gnss_raw.txt,2436,443432.000,QZSS,7,53.0,169.0,23.0,是
0703002-0918-11-09-gnss_raw.txt,2436,443432.000,BDS,1,48.0,147.0,30.0,是
0703002-0918-11-09-gnss_raw.txt,2436,443432.000,BDS,4,37.0,120.0,30.0,是
0703002-0918-11-09-gnss_raw.txt,2436,443432.000,BDS,6,70.0,40.0,31.0,是
0703002-0918-11-09-gnss_raw.txt,2436,443432.000,BDS,7,59.0,190.0,22.0,是
0703002-0918-11-09-gnss_raw.txt,2436,443432.000,BDS,10,49.0,191.0,21.0,是
0703002-0918-11-09-gnss_raw.txt,2436,443432.000,BDS,11,0.0,0.0,29.0,是
0703002-0918-11-09-gnss_raw.txt,2436,443432.000,BDS,20,58.0,31.0,33.0,是
0703002-0918-11-09-gnss_raw.txt,2436,443432.000,BDS,37,46.0,75.0,32.0,是
0703002-0918-11-09-gnss_raw.txt,2436,443433.000,GPS,13,29.0,133.0,32.0,是
0703002-0918-11-09-gnss_raw.txt,2436,443433.000,GPS,15,0.0,0.0,28.0,是
0703002-0918-11-09-gnss_raw.txt,2436,443433.000,GPS,18,44.0,213.0,29.0,是
0703002-0918-11-09-gnss_raw.txt,2436,443433.000,GPS,23,0.0,0.0,31.0,是
0703002-0918-11-09-gnss_raw.txt,2436,443433.000,GPS,24,64.0,44.0,35.0,是
0703002-0918-11-09-gnss_raw.txt,2436,443433.000,GLONASS,68,19.0,70.0,31.0,是
0703002-0918-11-09-gnss_raw.txt,2436,443433.000,GLONASS,70,30.0,314.0,28.0,是
0703002-0918-11-09-gnss_raw.txt,2436,443433.000,GLONASS,79,48.0,90.0,34.0,是
0703002-0918-11-09-gnss_raw.txt,2436,443433.000,GLONASS,80,28.0,159.0,38.0,是
0703002-0918-11-09-gnss_raw.txt,2436,443433.000,GLONASS,84,35.0,239.0,30.0,是
0703002-0918-11-09-gnss_raw.txt,2436,443433.000,GLONASS,85,0.0,0.0,31.0,是
0703002-0918-11-09-gnss_raw.txt,2436,443433.000,Galileo,13,0.0,0.0,28.0,是
0703002-0918-11-09-gnss_raw.txt,2436,443433.000,Galileo,26,60.0,267.0,35.0,是
0703002-0918-11-09-gnss_raw.txt,2436,443433.000,Galileo,29,34.0,272.0,32.0,是
0703002-0918-11-09-gnss_raw.txt,2436,443433.000,QZSS,3,42.0,168.0,32.0,是
0703002-0918-11-09-gnss_raw.txt,2436,443433.000,QZSS,7,53.0,169.0,23.0,是
0703002-0918-11-09-gnss_raw.txt,2436,443433.000,BDS,1,48.0,147.0,31.0,是
0703002-0918-11-09-gnss_raw.txt,2436,443433.000,BDS,2,0.0,0.0,25.0,是
0703002-0918-11-09-gnss_raw.txt,2436,443433.000,BDS,4,37.0,120.0,31.0,是
0703002-0918-11-09-gnss_raw.txt,2436,443433.000,BDS,6,70.0,40.0,31.0,是
0703002-0918-11-09-gnss_raw.txt,2436,443433.000,BDS,7,59.0,190.0,23.0,是
0703002-0918-11-09-gnss_raw.txt,2436,443433.000,BDS,10,49.0,191.0,21.0,是
0703002-0918-11-09-gnss_raw.txt,2436,443433.000,BDS,11,0.0,0.0,29.0,是
0703002-0918-11-09-gnss_raw.txt,2436,443433.000,BDS,20,58.0,31.0,33.0,是
0703002-0918-11-09-gnss_raw.txt,2436,443433.000,BDS,37,46.0,75.0,32.0,是
0703002-0918-11-09-gnss_raw.txt,2436,443434.000,GPS,13,29.0,133.0,32.0,是
0703002-0918-11-09-gnss_raw.txt,2436,443434.000,GPS,15,0.0,0.0,27.0,是
0703002-0918-11-09-gnss_raw.txt,2436,443434.000,GPS,18,44.0,213.0,29.0,是
0703002-0918-11-09-gnss_raw.txt,2436,443434.000,GPS,23,0.0,0.0,31.0,是
0703002-0918-11-09-gnss_raw.txt,2436,443434.000,GPS,24,64.0,44.0,36.0,是
0703002-0918-11-09-gnss_raw.txt,2436,443434.000,GLONASS,68,19.0,70.0,31.0,是
0703002-0918-11-09-gnss_raw.txt,2436,443434.000,GLONASS,70,30.0,314.0,27.0,是
0703002-0918-11-09-gnss_raw.txt,2436,443434.000,GLONASS,79,48.0,90.0,34.0,是
0703002-0918-11-09-gnss_raw.txt,2436,443434.000,GLONASS,80,28.0,159.0,38.0,是
0703002-0918-11-09-gnss_raw.txt,2436,443434.000,GLONASS,84,35.0,239.0,30.0,是
0703002-0918-11-09-gnss_raw.txt,2436,443434.000,GLONASS,85,0.0,0.0,30.0,是
0703002-0918-11-09-gnss_raw.txt,2436,443434.000,Galileo,13,0.0,0.0,29.0,是
0703002-0918-11-09-gnss_raw.txt,2436,443434.000,Galileo,26,60.0,267.0,35.0,是
0703002-0918-11-09-gnss_raw.txt,2436,443434.000,Galileo,29,34.0,272.0,32.0,是
0703002-0918-11-09-gnss_raw.txt,2436,443434.000,QZSS,3,42.0,168.0,33.0,是
0703002-0918-11-09-gnss_raw.txt,2436,443434.000,QZSS,7,53.0,169.0,23.0,是
0703002-0918-11-09-gnss_raw.txt,2436,443434.000,BDS,1,48.0,147.0,31.0,是
0703002-0918-11-09-gnss_raw.txt,2436,443434.000,BDS,2,0.0,0.0,24.0,是
0703002-0918-11-09-gnss_raw.txt,2436,443434.000,BDS,4,37.0,120.0,31.0,是
0703002-0918-11-09-gnss_raw.txt,2436,443434.000,BDS,6,70.0,40.0,31.0,是
0703002-0918-11-09-gnss_raw.txt,2436,443434.000,BDS,7,59.0,190.0,24.0,是
0703002-0918-11-09-gnss_raw.txt,2436,443434.000,BDS,10,49.0,191.0,21.0,是
0703002-0918-11-09-gnss_raw.txt,2436,443434.000,BDS,11,0.0,0.0,30.0,是
0703002-0918-11-09-gnss_raw.txt,2436,443434.000,BDS,20,58.0,31.0,33.0,是
0703002-0918-11-09-gnss_raw.txt,2436,443434.000,BDS,37,46.0,75.0,32.0,是
0703002-0918-11-09-gnss_raw.txt,2436,443435.000,GPS,13,29.0,133.0,32.0,是
0703002-0918-11-09-gnss_raw.txt,2436,443435.000,GPS,15,0.0,0.0,27.0,是
0703002-0918-11-09-gnss_raw.txt,2436,443435.000,GPS,18,44.0,213.0,29.0,是
0703002-0918-11-09-gnss_raw.txt,2436,443435.000,GPS,23,0.0,0.0,32.0,是
0703002-0918-11-09-gnss_raw.txt,2436,443435.000,GPS,24,64.0,44.0,36.0,是
0703002-0918-11-09-gnss_raw.txt,2436,443435.000,GLONASS,68,19.0,70.0,32.0,是
0703002-0918-11-09-gnss_raw.txt,2436,443435.000,GLONASS,70,30.0,314.0,28.0,是
0703002-0918-11-09-gnss_raw.txt,2436,443435.000,GLONASS,79,48.0,90.0,34.0,是
0703002-0918-11-09-gnss_raw.txt,2436,443435.000,GLONASS,80,28.0,159.0,38.0,是
0703002-0918-11-09-gnss_raw.txt,2436,443435.000,GLONASS,84,35.0,239.0,28.0,是
0703002-0918-11-09-gnss_raw.txt,2436,443435.000,GLONASS,85,0.0,0.0,29.0,是
0703002-0918-11-09-gnss_raw.txt,2436,443435.000,Galileo,13,0.0,0.0,29.0,是
0703002-0918-11-09-gnss_raw.txt,2436,443435.000,Galileo,26,60.0,267.0,36.0,是
0703002-0918-11-09-gnss_raw.txt,2436,443435.000,Galileo,29,34.0,272.0,31.0,是
0703002-0918-11-09-gnss_raw.txt,2436,443435.000,QZSS,3,42.0,168.0,33.0,是
0703002-0918-11-09-gnss_raw.txt,2436,443435.000,QZSS,7,53.0,169.0,24.0,是
0703002-0918-11-09-gnss_raw.txt,2436,443435.000,BDS,1,48.0,147.0,30.0,是
0703002-0918-11-09-gnss_raw.txt,2436,443435.000,BDS,2,0.0,0.0,25.0,是
0703002-0918-11-09-gnss_raw.txt,2436,443435.000,BDS,3,0.0,0.0,33.0,是
0703002-0918-11-09-gnss_raw.txt,2436,443435.000,BDS,4,37.0,120.0,31.0,是
0703002-0918-11-09-gnss_raw.txt,2436,443435.000,BDS,6,70.0,40.0,31.0,是
0703002-0918-11-09-gnss_raw.txt,2436,443435.000,BDS,7,59.0,190.0,24.0,是
0703002-0918-11-09-gnss_raw.txt,2436,443435.000,BDS,10,49.0,191.0,22.0,是
0703002-0918-11-09-gnss_raw.txt,2436,443435.000,BDS,11,0.0,0.0,30.0,是
0703002-0918-11-09-gnss_raw.txt,2436,443435.000,BDS,20,58.0,31.0,33.0,是
0703002-0918-11-09-gnss_raw.txt,2436,443435.000,BDS,37,46.0,75.0,32.0,是
0703002-0918-11-09-gnss_raw.txt,2436,443436.000,GPS,13,29.0,133.0,32.0,是
0703002-0918-11-09-gnss_raw.txt,2436,443436.000,GPS,15,0.0,0.0,27.0,是
0703002-0918-11-09-gnss_raw.txt,2436,443436.000,GPS,18,44.0,213.0,30.0,是
0703002-0918-11-09-gnss_raw.txt,2436,443436.000,GPS,23,0.0,0.0,32.0,是
0703002-0918-11-09-gnss_raw.txt,2436,443436.000,GPS,24,64.0,44.0,36.0,是
0703002-0918-11-09-gnss_raw.txt,2436,443436.000,GLONASS,68,19.0,70.0,32.0,是
0703002-0918-11-09-gnss_raw.txt,2436,443436.000,GLONASS,70,30.0,314.0,28.0,是
0703002-0918-11-09-gnss_raw.txt,2436,443436.000,GLONASS,79,48.0,90.0,35.0,是
0703002-0918-11-09-gnss_raw.txt,2436,443436.000,GLONASS,80,28.0,159.0,37.0,是
0703002-0918-11-09-gnss_raw.txt,2436,443436.000,GLONASS,84,34.0,239.0,28.0,是
0703002-0918-11-09-gnss_raw.txt,2436,443436.000,GLONASS,85,0.0,0.0,29.0,是
0703002-0918-11-09-gnss_raw.txt,2436,443436.000,Galileo,13,0.0,0.0,29.0,是
0703002-0918-11-09-gnss_raw.txt,2436,443436.000,Galileo,26,60.0,267.0,35.0,是
0703002-0918-11-09-gnss_raw.txt,2436,443436.000,Galileo,29,34.0,272.0,31.0,是
0703002-0918-11-09-gnss_raw.txt,2436,443436.000,QZSS,3,42.0,168.0,33.0,是
0703002-0918-11-09-gnss_raw.txt,2436,443436.000,QZSS,7,53.0,169.0,24.0,是
0703002-0918-11-09-gnss_raw.txt,2436,443436.000,BDS,1,48.0,147.0,30.0,是
0703002-0918-11-09-gnss_raw.txt,2436,443436.000,BDS,2,0.0,0.0,25.0,是
0703002-0918-11-09-gnss_raw.txt,2436,443436.000,BDS,4,37.0,120.0,31.0,是
0703002-0918-11-09-gnss_raw.txt,2436,443436.000,BDS,6,70.0,40.0,31.0,是
0703002-0918-11-09-gnss_raw.txt,2436,443436.000,BDS,7,59.0,190.0,25.0,是
0703002-0918-11-09-gnss_raw.txt,2436,443436.000,BDS,10,49.0,191.0,22.0,是
0703002-0918-11-09-gnss_raw.txt,2436,443436.000,BDS,11,0.0,0.0,30.0,是
0703002-0918-11-09-gnss_raw.txt,2436,443436.000,BDS,20,58.0,31.0,34.0,是
0703002-0918-11-09-gnss_raw.txt,2436,443436.000,BDS,37,46.0,75.0,32.0,是
0703002-0918-11-09-gnss_raw.txt,2436,443437.000,GPS,13,29.0,133.0,32.0,是
0703002-0918-11-09-gnss_raw.txt,2436,443437.000,GPS,15,0.0,0.0,28.0,是
0703002-0918-11-09-gnss_raw.txt,2436,443437.000,GPS,18,44.0,213.0,30.0,是
0703002-0918-11-09-gnss_raw.txt,2436,443437.000,GPS,23,0.0,0.0,32.0,是
0703002-0918-11-09-gnss_raw.txt,2436,443437.000,GPS,24,64.0,44.0,36.0,是
0703002-0918-11-09-gnss_raw.txt,2436,443437.000,GLONASS,68,19.0,70.0,32.0,是
0703002-0918-11-09-gnss_raw.txt,2436,443437.000,GLONASS,70,30.0,314.0,27.0,是
0703002-0918-11-09-gnss_raw.txt,2436,443437.000,GLONASS,79,48.0,90.0,35.0,是
0703002-0918-11-09-gnss_raw.txt,2436,443437.000,GLONASS,80,28.0,159.0,36.0,是
0703002-0918-11-09-gnss_raw.txt,2436,443437.000,GLONASS,84,34.0,239.0,29.0,是
0703002-0918-11-09-gnss_raw.txt,2436,443437.000,GLONASS,85,0.0,0.0,29.0,是
0703002-0918-11-09-gnss_raw.txt,2436,443437.000,Galileo,13,0.0,0.0,27.0,是
0703002-0918-11-09-gnss_raw.txt,2436,443437.000,Galileo,26,60.0,267.0,36.0,是
0703002-0918-11-09-gnss_raw.txt,2436,443437.000,Galileo,29,34.0,272.0,30.0,是
0703002-0918-11-09-gnss_raw.txt,2436,443437.000,QZSS,3,42.0,168.0,33.0,是
0703002-0918-11-09-gnss_raw.txt,2436,443437.000,QZSS,7,53.0,169.0,23.0,是
0703002-0918-11-09-gnss_raw.txt,2436,443437.000,BDS,1,48.0,147.0,29.0,是
0703002-0918-11-09-gnss_raw.txt,2436,443437.000,BDS,2,0.0,0.0,27.0,是
0703002-0918-11-09-gnss_raw.txt,2436,443437.000,BDS,4,37.0,120.0,31.0,是
0703002-0918-11-09-gnss_raw.txt,2436,443437.000,BDS,6,70.0,40.0,31.0,是
0703002-0918-11-09-gnss_raw.txt,2436,443437.000,BDS,7,59.0,190.0,25.0,是
0703002-0918-11-09-gnss_raw.txt,2436,443437.000,BDS,10,49.0,191.0,23.0,是
0703002-0918-11-09-gnss_raw.txt,2436,443437.000,BDS,11,0.0,0.0,29.0,是
0703002-0918-11-09-gnss_raw.txt,2436,443437.000,BDS,20,58.0,31.0,34.0,是
0703002-0918-11-09-gnss_raw.txt,2436,443437.000,BDS,37,46.0,75.0,32.0,是
0703002-0918-11-09-gnss_raw.txt,2436,443438.000,GPS,13,29.0,133.0,32.0,是
0703002-0918-11-09-gnss_raw.txt,2436,443438.000,GPS,15,0.0,0.0,27.0,是
0703002-0918-11-09-gnss_raw.txt,2436,443438.000,GPS,18,44.0,213.0,30.0,是
0703002-0918-11-09-gnss_raw.txt,2436,443438.000,GPS,23,0.0,0.0,32.0,是
0703002-0918-11-09-gnss_raw.txt,2436,443438.000,GPS,24,64.0,44.0,36.0,是
0703002-0918-11-09-gnss_raw.txt,2436,443438.000,GLONASS,68,19.0,70.0,32.0,是
0703002-0918-11-09-gnss_raw.txt,2436,443438.000,GLONASS,70,30.0,314.0,28.0,是
0703002-0918-11-09-gnss_raw.txt,2436,443438.000,GLONASS,79,48.0,90.0,35.0,是
0703002-0918-11-09-gnss_raw.txt,2436,443438.000,GLONASS,80,28.0,159.0,37.0,是
0703002-0918-11-09-gnss_raw.txt,2436,443438.000,GLONASS,84,34.0,238.0,31.0,是
0703002-0918-11-09-gnss_raw.txt,2436,443438.000,GLONASS,85,0.0,0.0,30.0,是
0703002-0918-11-09-gnss_raw.txt,2436,443438.000,Galileo,13,0.0,0.0,26.0,是
0703002-0918-11-09-gnss_raw.txt,2436,443438.000,Galileo,26,60.0,267.0,35.0,是
0703002-0918-11-09-gnss_raw.txt,2436,443438.000,Galileo,29,0.0,0.0,29.0,是
0703002-0918-11-09-gnss_raw.txt,2436,443438.000,QZSS,3,42.0,168.0,33.0,是
0703002-0918-11-09-gnss_raw.txt,2436,443438.000,QZSS,7,53.0,169.0,23.0,是
0703002-0918-11-09-gnss_raw.txt,2436,443438.000,BDS,1,48.0,147.0,31.0,是
0703002-0918-11-09-gnss_raw.txt,2436,443438.000,BDS,2,0.0,0.0,26.0,是
0703002-0918-11-09-gnss_raw.txt,2436,443438.000,BDS,3,0.0,0.0,26.0,是
0703002-0918-11-09-gnss_raw.txt,2436,443438.000,BDS,4,37.0,120.0,30.0,是
0703002-0918-11-09-gnss_raw.txt,2436,443438.000,BDS,6,70.0,40.0,31.0,是
0703002-0918-11-09-gnss_raw.txt,2436,443438.000,BDS,7,59.0,190.0,25.0,是
0703002-0918-11-09-gnss_raw.txt,2436,443438.000,BDS,10,49.0,191.0,23.0,是
0703002-0918-11-09-gnss_raw.txt,2436,443438.000,BDS,11,0.0,0.0,29.0,是
0703002-0918-11-09-gnss_raw.txt,2436,443438.000,BDS,20,58.0,32.0,34.0,是
0703002-0918-11-09-gnss_raw.txt,2436,443438.000,BDS,37,46.0,75.0,32.0,是
0703002-0918-11-09-gnss_raw.txt,2436,443439.000,GPS,13,29.0,133.0,32.0,是
0703002-0918-11-09-gnss_raw.txt,2436,443439.000,GPS,15,0.0,0.0,26.0,是
0703002-0918-11-09-gnss_raw.txt,2436,443439.000,GPS,18,44.0,213.0,30.0,是
0703002-0918-11-09-gnss_raw.txt,2436,443439.000,GPS,23,0.0,0.0,32.0,是
0703002-0918-11-09-gnss_raw.txt,2436,443439.000,GPS,24,64.0,44.0,36.0,是
0703002-0918-11-09-gnss_raw.txt,2436,443439.000,GLONASS,68,19.0,70.0,32.0,是
0703002-0918-11-09-gnss_raw.txt,2436,443439.000,GLONASS,70,30.0,314.0,28.0,是
0703002-0918-11-09-gnss_raw.txt,2436,443439.000,GLONASS,79,48.0,90.0,35.0,是
0703002-0918-11-09-gnss_raw.txt,2436,443439.000,GLONASS,80,28.0,159.0,37.0,是
0703002-0918-11-09-gnss_raw.txt,2436,443439.000,GLONASS,84,34.0,238.0,32.0,是
0703002-0918-11-09-gnss_raw.txt,2436,443439.000,GLONASS,85,0.0,0.0,29.0,是
0703002-0918-11-09-gnss_raw.txt,2436,443439.000,Galileo,13,0.0,0.0,28.0,是
0703002-0918-11-09-gnss_raw.txt,2436,443439.000,Galileo,26,60.0,267.0,35.0,是
0703002-0918-11-09-gnss_raw.txt,2436,443439.000,Galileo,29,34.0,272.0,28.0,是
0703002-0918-11-09-gnss_raw.txt,2436,443439.000,QZSS,3,42.0,168.0,33.0,是
0703002-0918-11-09-gnss_raw.txt,2436,443439.000,QZSS,7,53.0,169.0,23.0,是
0703002-0918-11-09-gnss_raw.txt,2436,443439.000,BDS,1,48.0,147.0,30.0,是
0703002-0918-11-09-gnss_raw.txt,2436,443439.000,BDS,2,0.0,0.0,26.0,是
0703002-0918-11-09-gnss_raw.txt,2436,443439.000,BDS,3,0.0,0.0,25.0,是
0703002-0918-11-09-gnss_raw.txt,2436,443439.000,BDS,4,37.0,120.0,31.0,是
0703002-0918-11-09-gnss_raw.txt,2436,443439.000,BDS,6,70.0,40.0,31.0,是
0703002-0918-11-09-gnss_raw.txt,2436,443439.000,BDS,7,59.0,190.0,25.0,是
0703002-0918-11-09-gnss_raw.txt,2436,443439.000,BDS,10,49.0,191.0,22.0,是
0703002-0918-11-09-gnss_raw.txt,2436,443439.000,BDS,11,0.0,0.0,29.0,是
0703002-0918-11-09-gnss_raw.txt,2436,443439.000,BDS,20,58.0,32.0,34.0,是
0703002-0918-11-09-gnss_raw.txt,2436,443439.000,BDS,37,46.0,75.0,32.0,是
0703002-0918-11-09-gnss_raw.txt,2436,443440.000,GPS,13,29.0,133.0,32.0,是
0703002-0918-11-09-gnss_raw.txt,2436,443440.000,GPS,15,0.0,0.0,27.0,是
0703002-0918-11-09-gnss_raw.txt,2436,443440.000,GPS,18,44.0,213.0,30.0,是
0703002-0918-11-09-gnss_raw.txt,2436,443440.000,GPS,23,0.0,0.0,32.0,是
0703002-0918-11-09-gnss_raw.txt,2436,443440.000,GPS,24,64.0,44.0,37.0,是
0703002-0918-11-09-gnss_raw.txt,2436,443440.000,GLONASS,68,19.0,70.0,33.0,是
0703002-0918-11-09-gnss_raw.txt,2436,443440.000,GLONASS,70,30.0,314.0,28.0,是
0703002-0918-11-09-gnss_raw.txt,2436,443440.000,GLONASS,79,48.0,90.0,35.0,是
0703002-0918-11-09-gnss_raw.txt,2436,443440.000,GLONASS,80,28.0,159.0,37.0,是
0703002-0918-11-09-gnss_raw.txt,2436,443440.000,GLONASS,84,34.0,238.0,33.0,是
0703002-0918-11-09-gnss_raw.txt,2436,443440.000,GLONASS,85,0.0,0.0,30.0,是
0703002-0918-11-09-gnss_raw.txt,2436,443440.000,Galileo,13,0.0,0.0,28.0,是
0703002-0918-11-09-gnss_raw.txt,2436,443440.000,Galileo,26,60.0,267.0,35.0,是
0703002-0918-11-09-gnss_raw.txt,2436,443440.000,Galileo,29,34.0,272.0,29.0,是
0703002-0918-11-09-gnss_raw.txt,2436,443440.000,QZSS,3,42.0,168.0,33.0,是
0703002-0918-11-09-gnss_raw.txt,2436,443440.000,QZSS,7,53.0,169.0,23.0,是
0703002-0918-11-09-gnss_raw.txt,2436,443440.000,BDS,1,48.0,147.0,31.0,是
0703002-0918-11-09-gnss_raw.txt,2436,443440.000,BDS,2,0.0,0.0,26.0,是
0703002-0918-11-09-gnss_raw.txt,2436,443440.000,BDS,3,0.0,0.0,36.0,是
0703002-0918-11-09-gnss_raw.txt,2436,443440.000,BDS,4,37.0,120.0,30.0,是
0703002-0918-11-09-gnss_raw.txt,2436,443440.000,BDS,6,70.0,40.0,31.0,是
0703002-0918-11-09-gnss_raw.txt,2436,443440.000,BDS,7,59.0,190.0,24.0,是
0703002-0918-11-09-gnss_raw.txt,2436,443440.000,BDS,10,49.0,191.0,21.0,是
0703002-0918-11-09-gnss_raw.txt,2436,443440.000,BDS,11,0.0,0.0,30.0,是
0703002-0918-11-09-gnss_raw.txt,2436,443440.000,BDS,20,58.0,32.0,34.0,是
0703002-0918-11-09-gnss_raw.txt,2436,443440.000,BDS,37,46.0,75.0,32.0,是
0703002-0918-11-09-gnss_raw.txt,2436,443441.000,GPS,13,29.0,133.0,32.0,是
0703002-0918-11-09-gnss_raw.txt,2436,443441.000,GPS,15,0.0,0.0,28.0,是
0703002-0918-11-09-gnss_raw.txt,2436,443441.000,GPS,18,44.0,213.0,30.0,是
0703002-0918-11-09-gnss_raw.txt,2436,443441.000,GPS,23,0.0,0.0,32.0,是
0703002-0918-11-09-gnss_raw.txt,2436,443441.000,GPS,24,64.0,44.0,37.0,是
0703002-0918-11-09-gnss_raw.txt,2436,443441.000,GLONASS,68,19.0,70.0,32.0,是
0703002-0918-11-09-gnss_raw.txt,2436,443441.000,GLONASS,70,30.0,314.0,27.0,是
0703002-0918-11-09-gnss_raw.txt,2436,443441.000,GLONASS,79,48.0,90.0,35.0,是
0703002-0918-11-09-gnss_raw.txt,2436,443441.000,GLONASS,80,28.0,159.0,37.0,是
0703002-0918-11-09-gnss_raw.txt,2436,443441.000,GLONASS,84,34.0,238.0,33.0,是
0703002-0918-11-09-gnss_raw.txt,2436,443441.000,GLONASS,85,0.0,0.0,30.0,是
0703002-0918-11-09-gnss_raw.txt,2436,443441.000,Galileo,13,0.0,0.0,29.0,是
0703002-0918-11-09-gnss_raw.txt,2436,443441.000,Galileo,26,60.0,267.0,36.0,是
0703002-0918-11-09-gnss_raw.txt,2436,443441.000,Galileo,29,34.0,272.0,29.0,是
0703002-0918-11-09-gnss_raw.txt,2436,443441.000,QZSS,3,42.0,168.0,33.0,是
0703002-0918-11-09-gnss_raw.txt,2436,443441.000,QZSS,7,53.0,169.0,22.0,是
0703002-0918-11-09-gnss_raw.txt,2436,443441.000,BDS,1,48.0,147.0,30.0,是
0703002-0918-11-09-gnss_raw.txt,2436,443441.000,BDS,2,0.0,0.0,32.0,是
0703002-0918-11-09-gnss_raw.txt,2436,443441.000,BDS,3,0.0,0.0,28.0,是
0703002-0918-11-09-gnss_raw.txt,2436,443441.000,BDS,4,37.0,120.0,30.0,是
0703002-0918-11-09-gnss_raw.txt,2436,443441.000,BDS,6,70.0,40.0,31.0,是
0703002-0918-11-09-gnss_raw.txt,2436,443441.000,BDS,7,59.0,190.0,24.0,是
0703002-0918-11-09-gnss_raw.txt,2436,443441.000,BDS,10,49.0,191.0,22.0,是
0703002-0918-11-09-gnss_raw.txt,2436,443441.000,BDS,11,0.0,0.0,30.0,是
0703002-0918-11-09-gnss_raw.txt,2436,443441.000,BDS,20,58.0,32.0,34.0,是
0703002-0918-11-09-gnss_raw.txt,2436,443441.000,BDS,37,46.0,75.0,33.0,是
0703002-0918-11-09-gnss_raw.txt,2436,443442.000,GPS,13,29.0,133.0,32.0,是
0703002-0918-11-09-gnss_raw.txt,2436,443442.000,GPS,15,0.0,0.0,29.0,是
0703002-0918-11-09-gnss_raw.txt,2436,443442.000,GPS,18,44.0,213.0,29.0,是
0703002-0918-11-09-gnss_raw.txt,2436,443442.000,GPS,23,0.0,0.0,32.0,是
0703002-0918-11-09-gnss_raw.txt,2436,443442.000,GPS,24,64.0,44.0,37.0,是
0703002-0918-11-09-gnss_raw.txt,2436,443442.000,GLONASS,68,19.0,70.0,32.0,是
0703002-0918-11-09-gnss_raw.txt,2436,443442.000,GLONASS,70,30.0,314.0,26.0,是
0703002-0918-11-09-gnss_raw.txt,2436,443442.000,GLONASS,79,48.0,90.0,34.0,是
0703002-0918-11-09-gnss_raw.txt,2436,443442.000,GLONASS,80,28.0,159.0,37.0,是
0703002-0918-11-09-gnss_raw.txt,2436,443442.000,GLONASS,84,34.0,238.0,33.0,是
0703002-0918-11-09-gnss_raw.txt,2436,443442.000,GLONASS,85,0.0,0.0,30.0,是
0703002-0918-11-09-gnss_raw.txt,2436,443442.000,Galileo,13,0.0,0.0,29.0,是
0703002-0918-11-09-gnss_raw.txt,2436,443442.000,Galileo,26,60.0,267.0,36.0,是
0703002-0918-11-09-gnss_raw.txt,2436,443442.000,Galileo,29,0.0,0.0,29.0,是
0703002-0918-11-09-gnss_raw.txt,2436,443442.000,QZSS,3,42.0,168.0,34.0,是
0703002-0918-11-09-gnss_raw.txt,2436,443442.000,QZSS,7,53.0,169.0,23.0,是
0703002-0918-11-09-gnss_raw.txt,2436,443442.000,BDS,1,48.0,147.0,32.0,是
0703002-0918-11-09-gnss_raw.txt,2436,443442.000,BDS,3,0.0,0.0,28.0,是
0703002-0918-11-09-gnss_raw.txt,2436,443442.000,BDS,4,37.0,120.0,31.0,是
0703002-0918-11-09-gnss_raw.txt,2436,443442.000,BDS,6,70.0,40.0,31.0,是
0703002-0918-11-09-gnss_raw.txt,2436,443442.000,BDS,7,59.0,190.0,24.0,是
0703002-0918-11-09-gnss_raw.txt,2436,443442.000,BDS,10,49.0,191.0,22.0,是
0703002-0918-11-09-gnss_raw.txt,2436,443442.000,BDS,11,0.0,0.0,30.0,是
0703002-0918-11-09-gnss_raw.txt,2436,443442.000,BDS,20,58.0,32.0,33.0,是
0703002-0918-11-09-gnss_raw.txt,2436,443442.000,BDS,37,46.0,75.0,33.0,是
0703002-0918-11-09-gnss_raw.txt,2436,443443.000,GPS,13,29.0,133.0,32.0,是
0703002-0918-11-09-gnss_raw.txt,2436,443443.000,GPS,15,0.0,0.0,29.0,是
0703002-0918-11-09-gnss_raw.txt,2436,443443.000,GPS,18,44.0,213.0,29.0,是
0703002-0918-11-09-gnss_raw.txt,2436,443443.000,GPS,23,0.0,0.0,31.0,是
0703002-0918-11-09-gnss_raw.txt,2436,443443.000,GPS,24,64.0,44.0,37.0,是
0703002-0918-11-09-gnss_raw.txt,2436,443443.000,GLONASS,68,19.0,70.0,32.0,是
0703002-0918-11-09-gnss_raw.txt,2436,443443.000,GLONASS,70,30.0,314.0,23.0,是
0703002-0918-11-09-gnss_raw.txt,2436,443443.000,GLONASS,79,48.0,90.0,34.0,是
0703002-0918-11-09-gnss_raw.txt,2436,443443.000,GLONASS,80,28.0,159.0,37.0,是
0703002-0918-11-09-gnss_raw.txt,2436,443443.000,GLONASS,84,34.0,238.0,32.0,是
0703002-0918-11-09-gnss_raw.txt,2436,443443.000,GLONASS,85,0.0,0.0,30.0,是
0703002-0918-11-09-gnss_raw.txt,2436,443443.000,Galileo,13,0.0,0.0,29.0,是
0703002-0918-11-09-gnss_raw.txt,2436,443443.000,Galileo,26,60.0,267.0,36.0,是
0703002-0918-11-09-gnss_raw.txt,2436,443443.000,Galileo,29,34.0,272.0,30.0,是
0703002-0918-11-09-gnss_raw.txt,2436,443443.000,QZSS,3,42.0,168.0,34.0,是
0703002-0918-11-09-gnss_raw.txt,2436,443443.000,QZSS,7,53.0,169.0,23.0,是
0703002-0918-11-09-gnss_raw.txt,2436,443443.000,BDS,1,48.0,147.0,30.0,是
0703002-0918-11-09-gnss_raw.txt,2436,443443.000,BDS,3,0.0,0.0,25.0,是
0703002-0918-11-09-gnss_raw.txt,2436,443443.000,BDS,4,37.0,120.0,31.0,是
0703002-0918-11-09-gnss_raw.txt,2436,443443.000,BDS,6,70.0,40.0,32.0,是
0703002-0918-11-09-gnss_raw.txt,2436,443443.000,BDS,7,59.0,190.0,23.0,是
0703002-0918-11-09-gnss_raw.txt,2436,443443.000,BDS,10,49.0,191.0,22.0,是
0703002-0918-11-09-gnss_raw.txt,2436,443443.000,BDS,11,0.0,0.0,30.0,是
0703002-0918-11-09-gnss_raw.txt,2436,443443.000,BDS,20,58.0,32.0,33.0,是
0703002-0918-11-09-gnss_raw.txt,2436,443443.000,BDS,37,46.0,75.0,33.0,是
0703002-0918-11-09-gnss_raw.txt,2436,443444.000,GPS,13,29.0,133.0,32.0,是
0703002-0918-11-09-gnss_raw.txt,2436,443444.000,GPS,15,0.0,0.0,29.0,是
0703002-0918-11-09-gnss_raw.txt,2436,443444.000,GPS,18,44.0,213.0,29.0,是
0703002-0918-11-09-gnss_raw.txt,2436,443444.000,GPS,23,0.0,0.0,31.0,是
0703002-0918-11-09-gnss_raw.txt,2436,443444.000,GPS,24,64.0,44.0,37.0,是
0703002-0918-11-09-gnss_raw.txt,2436,443444.000,GLONASS,68,19.0,70.0,32.0,是
0703002-0918-11-09-gnss_raw.txt,2436,443444.000,GLONASS,70,30.0,314.0,26.0,是
0703002-0918-11-09-gnss_raw.txt,2436,443444.000,GLONASS,79,48.0,90.0,33.0,是
0703002-0918-11-09-gnss_raw.txt,2436,443444.000,GLONASS,80,28.0,159.0,38.0,是
0703002-0918-11-09-gnss_raw.txt,2436,443444.000,GLONASS,84,34.0,238.0,31.0,是
0703002-0918-11-09-gnss_raw.txt,2436,443444.000,GLONASS,85,0.0,0.0,31.0,是
0703002-0918-11-09-gnss_raw.txt,2436,443444.000,Galileo,13,0.0,0.0,28.0,是
0703002-0918-11-09-gnss_raw.txt,2436,443444.000,Galileo,26,60.0,267.0,36.0,是
0703002-0918-11-09-gnss_raw.txt,2436,443444.000,Galileo,29,34.0,272.0,30.0,是
0703002-0918-11-09-gnss_raw.txt,2436,443444.000,QZSS,3,42.0,168.0,34.0,是
0703002-0918-11-09-gnss_raw.txt,2436,443444.000,QZSS,7,53.0,169.0,22.0,是
0703002-0918-11-09-gnss_raw.txt,2436,443444.000,BDS,1,48.0,147.0,31.0,是
0703002-0918-11-09-gnss_raw.txt,2436,443444.000,BDS,3,0.0,0.0,28.0,是
0703002-0918-11-09-gnss_raw.txt,2436,443444.000,BDS,4,37.0,120.0,30.0,是
0703002-0918-11-09-gnss_raw.txt,2436,443444.000,BDS,6,70.0,40.0,32.0,是
0703002-0918-11-09-gnss_raw.txt,2436,443444.000,BDS,7,59.0,190.0,23.0,是
0703002-0918-11-09-gnss_raw.txt,2436,443444.000,BDS,10,49.0,191.0,23.0,是
0703002-0918-11-09-gnss_raw.txt,2436,443444.000,BDS,11,0.0,0.0,30.0,是
0703002-0918-11-09-gnss_raw.txt,2436,443444.000,BDS,20,58.0,32.0,33.0,是
0703002-0918-11-09-gnss_raw.txt,2436,443444.000,BDS,37,46.0,75.0,33.0,是
0703002-0918-11-09-gnss_raw.txt,2436,443445.000,GPS,13,29.0,133.0,32.0,是
0703002-0918-11-09-gnss_raw.txt,2436,443445.000,GPS,15,0.0,0.0,28.0,是
0703002-0918-11-09-gnss_raw.txt,2436,443445.000,GPS,18,44.0,213.0,30.0,是
0703002-0918-11-09-gnss_raw.txt,2436,443445.000,GPS,23,0.0,0.0,31.0,是
0703002-0918-11-09-gnss_raw.txt,2436,443445.000,GPS,24,64.0,44.0,36.0,是
0703002-0918-11-09-gnss_raw.txt,2436,443445.000,GLONASS,68,19.0,70.0,31.0,是
0703002-0918-11-09-gnss_raw.txt,2436,443445.000,GLONASS,70,30.0,314.0,26.0,是
0703002-0918-11-09-gnss_raw.txt,2436,443445.000,GLONASS,79,48.0,90.0,33.0,是
0703002-0918-11-09-gnss_raw.txt,2436,443445.000,GLONASS,80,28.0,159.0,38.0,是
0703002-0918-11-09-gnss_raw.txt,2436,443445.000,GLONASS,84,34.0,238.0,30.0,是
0703002-0918-11-09-gnss_raw.txt,2436,443445.000,GLONASS,85,0.0,0.0,31.0,是
0703002-0918-11-09-gnss_raw.txt,2436,443445.000,Galileo,13,0.0,0.0,29.0,是
0703002-0918-11-09-gnss_raw.txt,2436,443445.000,Galileo,26,60.0,267.0,36.0,是
0703002-0918-11-09-gnss_raw.txt,2436,443445.000,Galileo,29,34.0,272.0,30.0,是
0703002-0918-11-09-gnss_raw.txt,2436,443445.000,QZSS,3,42.0,168.0,34.0,是
0703002-0918-11-09-gnss_raw.txt,2436,443445.000,QZSS,7,53.0,169.0,22.0,是
0703002-0918-11-09-gnss_raw.txt,2436,443445.000,BDS,1,48.0,147.0,30.0,是
0703002-0918-11-09-gnss_raw.txt,2436,443445.000,BDS,3,0.0,0.0,27.0,是
0703002-0918-11-09-gnss_raw.txt,2436,443445.000,BDS,4,37.0,120.0,30.0,是
0703002-0918-11-09-gnss_raw.txt,2436,443445.000,BDS,6,70.0,40.0,32.0,是
0703002-0918-11-09-gnss_raw.txt,2436,443445.000,BDS,7,59.0,190.0,23.0,是
0703002-0918-11-09-gnss_raw.txt,2436,443445.000,BDS,10,49.0,191.0,23.0,是
0703002-0918-11-09-gnss_raw.txt,2436,443445.000,BDS,11,0.0,0.0,30.0,是
0703002-0918-11-09-gnss_raw.txt,2436,443445.000,BDS,20,58.0,32.0,33.0,是
0703002-0918-11-09-gnss_raw.txt,2436,443445.000,BDS,37,46.0,75.0,33.0,是
0703002-0918-11-09-gnss_raw.txt,2436,443446.000,GPS,13,29.0,133.0,32.0,是
0703002-0918-11-09-gnss_raw.txt,2436,443446.000,GPS,15,0.0,0.0,27.0,是
0703002-0918-11-09-gnss_raw.txt,2436,443446.000,GPS,18,44.0,213.0,30.0,是
0703002-0918-11-09-gnss_raw.txt,2436,443446.000,GPS,23,0.0,0.0,31.0,是
0703002-0918-11-09-gnss_raw.txt,2436,443446.000,GPS,24,64.0,44.0,36.0,是
0703002-0918-11-09-gnss_raw.txt,2436,443446.000,GLONASS,68,19.0,70.0,31.0,是
0703002-0918-11-09-gnss_raw.txt,2436,443446.000,GLONASS,70,30.0,314.0,27.0,是
0703002-0918-11-09-gnss_raw.txt,2436,443446.000,GLONASS,79,48.0,90.0,33.0,是
0703002-0918-11-09-gnss_raw.txt,2436,443446.000,GLONASS,80,28.0,159.0,38.0,是
0703002-0918-11-09-gnss_raw.txt,2436,443446.000,GLONASS,84,34.0,238.0,30.0,是
0703002-0918-11-09-gnss_raw.txt,2436,443446.000,GLONASS,85,0.0,0.0,31.0,是
0703002-0918-11-09-gnss_raw.txt,2436,443446.000,Galileo,13,0.0,0.0,30.0,是
0703002-0918-11-09-gnss_raw.txt,2436,443446.000,Galileo,26,60.0,267.0,36.0,是
0703002-0918-11-09-gnss_raw.txt,2436,443446.000,Galileo,29,34.0,272.0,30.0,是
0703002-0918-11-09-gnss_raw.txt,2436,443446.000,QZSS,3,42.0,168.0,34.0,是
0703002-0918-11-09-gnss_raw.txt,2436,443446.000,QZSS,7,53.0,169.0,23.0,是
0703002-0918-11-09-gnss_raw.txt,2436,443446.000,BDS,1,48.0,147.0,31.0,是
0703002-0918-11-09-gnss_raw.txt,2436,443446.000,BDS,3,0.0,0.0,25.0,是
0703002-0918-11-09-gnss_raw.txt,2436,443446.000,BDS,4,37.0,120.0,29.0,是
0703002-0918-11-09-gnss_raw.txt,2436,443446.000,BDS,6,70.0,40.0,32.0,是
0703002-0918-11-09-gnss_raw.txt,2436,443446.000,BDS,7,59.0,190.0,22.0,是
0703002-0918-11-09-gnss_raw.txt,2436,443446.000,BDS,10,49.0,191.0,22.0,是
0703002-0918-11-09-gnss_raw.txt,2436,443446.000,BDS,11,0.0,0.0,31.0,是
0703002-0918-11-09-gnss_raw.txt,2436,443446.000,BDS,20,58.0,32.0,33.0,是
0703002-0918-11-09-gnss_raw.txt,2436,443446.000,BDS,37,46.0,75.0,33.0,是
0703002-0918-11-09-gnss_raw.txt,2436,443447.000,GPS,13,29.0,133.0,32.0,是
0703002-0918-11-09-gnss_raw.txt,2436,443447.000,GPS,15,0.0,0.0,28.0,是
0703002-0918-11-09-gnss_raw.txt,2436,443447.000,GPS,18,44.0,213.0,30.0,是
0703002-0918-11-09-gnss_raw.txt,2436,443447.000,GPS,23,0.0,0.0,31.0,是
0703002-0918-11-09-gnss_raw.txt,2436,443447.000,GPS,24,64.0,44.0,36.0,是
0703002-0918-11-09-gnss_raw.txt,2436,443447.000,GLONASS,68,19.0,70.0,30.0,是
0703002-0918-11-09-gnss_raw.txt,2436,443447.000,GLONASS,70,30.0,314.0,24.0,是
0703002-0918-11-09-gnss_raw.txt,2436,443447.000,GLONASS,79,48.0,90.0,34.0,是
0703002-0918-11-09-gnss_raw.txt,2436,443447.000,GLONASS,80,28.0,159.0,38.0,是
0703002-0918-11-09-gnss_raw.txt,2436,443447.000,GLONASS,84,34.0,238.0,30.0,是
0703002-0918-11-09-gnss_raw.txt,2436,443447.000,GLONASS,85,0.0,0.0,31.0,是
0703002-0918-11-09-gnss_raw.txt,2436,443447.000,Galileo,13,0.0,0.0,28.0,是
0703002-0918-11-09-gnss_raw.txt,2436,443447.000,Galileo,26,60.0,267.0,36.0,是
0703002-0918-11-09-gnss_raw.txt,2436,443447.000,Galileo,29,34.0,272.0,31.0,是
0703002-0918-11-09-gnss_raw.txt,2436,443447.000,QZSS,3,42.0,168.0,34.0,是
0703002-0918-11-09-gnss_raw.txt,2436,443447.000,QZSS,7,53.0,169.0,24.0,是
0703002-0918-11-09-gnss_raw.txt,2436,443447.000,BDS,1,48.0,147.0,31.0,是
0703002-0918-11-09-gnss_raw.txt,2436,443447.000,BDS,3,0.0,0.0,26.0,是
0703002-0918-11-09-gnss_raw.txt,2436,443447.000,BDS,4,37.0,120.0,30.0,是
0703002-0918-11-09-gnss_raw.txt,2436,443447.000,BDS,6,70.0,40.0,32.0,是
0703002-0918-11-09-gnss_raw.txt,2436,443447.000,BDS,7,59.0,190.0,22.0,是
0703002-0918-11-09-gnss_raw.txt,2436,443447.000,BDS,10,49.0,191.0,22.0,是
0703002-0918-11-09-gnss_raw.txt,2436,443447.000,BDS,11,0.0,0.0,31.0,是
0703002-0918-11-09-gnss_raw.txt,2436,443447.000,BDS,20,58.0,32.0,33.0,是
0703002-0918-11-09-gnss_raw.txt,2436,443447.000,BDS,37,46.0,75.0,33.0,是
0703002-0918-11-09-gnss_raw.txt,2436,443448.000,GPS,13,29.0,133.0,32.0,是
0703002-0918-11-09-gnss_raw.txt,2436,443448.000,GPS,15,0.0,0.0,29.0,是
0703002-0918-11-09-gnss_raw.txt,2436,443448.000,GPS,18,44.0,213.0,30.0,是
0703002-0918-11-09-gnss_raw.txt,2436,443448.000,GPS,23,0.0,0.0,31.0,是
0703002-0918-11-09-gnss_raw.txt,2436,443448.000,GPS,24,64.0,44.0,36.0,是
0703002-0918-11-09-gnss_raw.txt,2436,443448.000,GLONASS,68,19.0,70.0,30.0,是
0703002-0918-11-09-gnss_raw.txt,2436,443448.000,GLONASS,70,30.0,314.0,26.0,是
0703002-0918-11-09-gnss_raw.txt,2436,443448.000,GLONASS,79,48.0,90.0,34.0,是
0703002-0918-11-09-gnss_raw.txt,2436,443448.000,GLONASS,80,28.0,159.0,38.0,是
0703002-0918-11-09-gnss_raw.txt,2436,443448.000,GLONASS,84,34.0,238.0,31.0,是
0703002-0918-11-09-gnss_raw.txt,2436,443448.000,GLONASS,85,0.0,0.0,31.0,是
0703002-0918-11-09-gnss_raw.txt,2436,443448.000,Galileo,13,0.0,0.0,28.0,是
0703002-0918-11-09-gnss_raw.txt,2436,443448.000,Galileo,26,60.0,267.0,36.0,是
0703002-0918-11-09-gnss_raw.txt,2436,443448.000,Galileo,29,34.0,272.0,31.0,是
0703002-0918-11-09-gnss_raw.txt,2436,443448.000,QZSS,3,42.0,168.0,34.0,是
0703002-0918-11-09-gnss_raw.txt,2436,443448.000,QZSS,7,53.0,169.0,23.0,是
0703002-0918-11-09-gnss_raw.txt,2436,443448.000,BDS,1,48.0,147.0,30.0,是
0703002-0918-11-09-gnss_raw.txt,2436,443448.000,BDS,3,0.0,0.0,36.0,是
0703002-0918-11-09-gnss_raw.txt,2436,443448.000,BDS,4,37.0,120.0,30.0,是
0703002-0918-11-09-gnss_raw.txt,2436,443448.000,BDS,6,70.0,40.0,32.0,是
0703002-0918-11-09-gnss_raw.txt,2436,443448.000,BDS,7,59.0,190.0,21.0,是
0703002-0918-11-09-gnss_raw.txt,2436,443448.000,BDS,10,49.0,191.0,22.0,是
0703002-0918-11-09-gnss_raw.txt,2436,443448.000,BDS,11,0.0,0.0,31.0,是
0703002-0918-11-09-gnss_raw.txt,2436,443448.000,BDS,20,58.0,32.0,33.0,是
0703002-0918-11-09-gnss_raw.txt,2436,443448.000,BDS,37,46.0,75.0,32.0,是
0703002-0918-11-09-gnss_raw.txt,2436,443449.000,GPS,13,29.0,133.0,32.0,是
0703002-0918-11-09-gnss_raw.txt,2436,443449.000,GPS,15,0.0,0.0,29.0,是
0703002-0918-11-09-gnss_raw.txt,2436,443449.000,GPS,18,44.0,213.0,30.0,是
0703002-0918-11-09-gnss_raw.txt,2436,443449.000,GPS,23,0.0,0.0,31.0,是
0703002-0918-11-09-gnss_raw.txt,2436,443449.000,GPS,24,64.0,44.0,36.0,是
0703002-0918-11-09-gnss_raw.txt,2436,443449.000,GLONASS,68,19.0,70.0,32.0,是
0703002-0918-11-09-gnss_raw.txt,2436,443449.000,GLONASS,70,30.0,314.0,25.0,是
0703002-0918-11-09-gnss_raw.txt,2436,443449.000,GLONASS,79,48.0,90.0,34.0,是
0703002-0918-11-09-gnss_raw.txt,2436,443449.000,GLONASS,80,28.0,159.0,39.0,是
0703002-0918-11-09-gnss_raw.txt,2436,443449.000,GLONASS,84,34.0,238.0,31.0,是
0703002-0918-11-09-gnss_raw.txt,2436,443449.000,GLONASS,85,0.0,0.0,30.0,是
0703002-0918-11-09-gnss_raw.txt,2436,443449.000,Galileo,13,0.0,0.0,29.0,是
0703002-0918-11-09-gnss_raw.txt,2436,443449.000,Galileo,26,60.0,267.0,36.0,是
0703002-0918-11-09-gnss_raw.txt,2436,443449.000,Galileo,29,34.0,272.0,31.0,是
0703002-0918-11-09-gnss_raw.txt,2436,443449.000,QZSS,3,42.0,168.0,34.0,是
0703002-0918-11-09-gnss_raw.txt,2436,443449.000,QZSS,7,53.0,169.0,23.0,是
0703002-0918-11-09-gnss_raw.txt,2436,443449.000,BDS,1,48.0,147.0,31.0,是
0703002-0918-11-09-gnss_raw.txt,2436,443449.000,BDS,3,0.0,0.0,36.0,是
0703002-0918-11-09-gnss_raw.txt,2436,443449.000,BDS,4,37.0,120.0,30.0,是
0703002-0918-11-09-gnss_raw.txt,2436,443449.000,BDS,6,70.0,40.0,32.0,是
0703002-0918-11-09-gnss_raw.txt,2436,443449.000,BDS,7,59.0,190.0,22.0,是
0703002-0918-11-09-gnss_raw.txt,2436,443449.000,BDS,10,49.0,191.0,22.0,是
0703002-0918-11-09-gnss_raw.txt,2436,443449.000,BDS,11,0.0,0.0,31.0,是
0703002-0918-11-09-gnss_raw.txt,2436,443449.000,BDS,20,58.0,32.0,33.0,是
0703002-0918-11-09-gnss_raw.txt,2436,443449.000,BDS,37,46.0,75.0,32.0,是
0703002-0918-11-09-gnss_raw.txt,2436,443450.000,GPS,13,29.0,133.0,32.0,是
0703002-0918-11-09-gnss_raw.txt,2436,443450.000,GPS,15,0.0,0.0,29.0,是
0703002-0918-11-09-gnss_raw.txt,2436,443450.000,GPS,18,44.0,213.0,30.0,是
0703002-0918-11-09-gnss_raw.txt,2436,443450.000,GPS,23,0.0,0.0,31.0,是
0703002-0918-11-09-gnss_raw.txt,2436,443450.000,GPS,24,64.0,44.0,36.0,是
0703002-0918-11-09-gnss_raw.txt,2436,443450.000,GLONASS,68,19.0,70.0,33.0,是
0703002-0918-11-09-gnss_raw.txt,2436,443450.000,GLONASS,70,30.0,314.0,25.0,是
0703002-0918-11-09-gnss_raw.txt,2436,443450.000,GLONASS,79,48.0,90.0,35.0,是
0703002-0918-11-09-gnss_raw.txt,2436,443450.000,GLONASS,80,28.0,159.0,38.0,是
0703002-0918-11-09-gnss_raw.txt,2436,443450.000,GLONASS,84,34.0,238.0,31.0,是
0703002-0918-11-09-gnss_raw.txt,2436,443450.000,GLONASS,85,0.0,0.0,30.0,是
0703002-0918-11-09-gnss_raw.txt,2436,443450.000,Galileo,13,0.0,0.0,28.0,是
0703002-0918-11-09-gnss_raw.txt,2436,443450.000,Galileo,26,60.0,267.0,36.0,是
0703002-0918-11-09-gnss_raw.txt,2436,443450.000,Galileo,29,34.0,272.0,31.0,是
0703002-0918-11-09-gnss_raw.txt,2436,443450.000,QZSS,3,42.0,168.0,34.0,是
0703002-0918-11-09-gnss_raw.txt,2436,443450.000,QZSS,7,53.0,169.0,24.0,是
0703002-0918-11-09-gnss_raw.txt,2436,443450.000,BDS,1,48.0,147.0,31.0,是
0703002-0918-11-09-gnss_raw.txt,2436,443450.000,BDS,2,0.0,0.0,25.0,是
0703002-0918-11-09-gnss_raw.txt,2436,443450.000,BDS,3,0.0,0.0,36.0,是
0703002-0918-11-09-gnss_raw.txt,2436,443450.000,BDS,4,37.0,120.0,30.0,是
0703002-0918-11-09-gnss_raw.txt,2436,443450.000,BDS,6,70.0,40.0,32.0,是
0703002-0918-11-09-gnss_raw.txt,2436,443450.000,BDS,7,60.0,190.0,22.0,是
0703002-0918-11-09-gnss_raw.txt,2436,443450.000,BDS,10,49.0,191.0,21.0,是
0703002-0918-11-09-gnss_raw.txt,2436,443450.000,BDS,11,0.0,0.0,31.0,是
0703002-0918-11-09-gnss_raw.txt,2436,443450.000,BDS,20,58.0,32.0,33.0,是
0703002-0918-11-09-gnss_raw.txt,2436,443450.000,BDS,37,46.0,75.0,32.0,是
0703002-0918-11-09-gnss_raw.txt,2436,443451.000,GPS,13,29.0,133.0,32.0,是
0703002-0918-11-09-gnss_raw.txt,2436,443451.000,GPS,15,0.0,0.0,28.0,是
0703002-0918-11-09-gnss_raw.txt,2436,443451.000,GPS,18,44.0,213.0,30.0,是
0703002-0918-11-09-gnss_raw.txt,2436,443451.000,GPS,23,0.0,0.0,31.0,是
0703002-0918-11-09-gnss_raw.txt,2436,443451.000,GPS,24,64.0,44.0,36.0,是
0703002-0918-11-09-gnss_raw.txt,2436,443451.000,GLONASS,68,19.0,70.0,32.0,是
0703002-0918-11-09-gnss_raw.txt,2436,443451.000,GLONASS,70,30.0,314.0,23.0,是
0703002-0918-11-09-gnss_raw.txt,2436,443451.000,GLONASS,79,48.0,90.0,35.0,是
0703002-0918-11-09-gnss_raw.txt,2436,443451.000,GLONASS,80,28.0,159.0,38.0,是
0703002-0918-11-09-gnss_raw.txt,2436,443451.000,GLONASS,84,34.0,238.0,31.0,是
0703002-0918-11-09-gnss_raw.txt,2436,443451.000,GLONASS,85,0.0,0.0,28.0,是
0703002-0918-11-09-gnss_raw.txt,2436,443451.000,Galileo,13,0.0,0.0,27.0,是
0703002-0918-11-09-gnss_raw.txt,2436,443451.000,Galileo,26,60.0,267.0,36.0,是
0703002-0918-11-09-gnss_raw.txt,2436,443451.000,Galileo,29,34.0,272.0,30.0,是
0703002-0918-11-09-gnss_raw.txt,2436,443451.000,QZSS,3,42.0,168.0,34.0,是
0703002-0918-11-09-gnss_raw.txt,2436,443451.000,QZSS,7,53.0,169.0,24.0,是
0703002-0918-11-09-gnss_raw.txt,2436,443451.000,BDS,1,48.0,147.0,29.0,是
0703002-0918-11-09-gnss_raw.txt,2436,443451.000,BDS,2,0.0,0.0,28.0,是
0703002-0918-11-09-gnss_raw.txt,2436,443451.000,BDS,3,0.0,0.0,37.0,是
0703002-0918-11-09-gnss_raw.txt,2436,443451.000,BDS,4,37.0,120.0,30.0,是
0703002-0918-11-09-gnss_raw.txt,2436,443451.000,BDS,6,70.0,40.0,32.0,是
0703002-0918-11-09-gnss_raw.txt,2436,443451.000,BDS,7,60.0,190.0,21.0,是
0703002-0918-11-09-gnss_raw.txt,2436,443451.000,BDS,10,50.0,191.0,22.0,是
0703002-0918-11-09-gnss_raw.txt,2436,443451.000,BDS,11,0.0,0.0,30.0,是
0703002-0918-11-09-gnss_raw.txt,2436,443451.000,BDS,20,58.0,32.0,33.0,是
0703002-0918-11-09-gnss_raw.txt,2436,443451.000,BDS,37,46.0,75.0,32.0,是
0703002-0918-11-09-gnss_raw.txt,2436,443452.000,GPS,13,29.0,133.0,32.0,是
0703002-0918-11-09-gnss_raw.txt,2436,443452.000,GPS,15,0.0,0.0,28.0,是
0703002-0918-11-09-gnss_raw.txt,2436,443452.000,GPS,18,44.0,213.0,30.0,是
0703002-0918-11-09-gnss_raw.txt,2436,443452.000,GPS,23,0.0,0.0,31.0,是
0703002-0918-11-09-gnss_raw.txt,2436,443452.000,GPS,24,64.0,44.0,36.0,是
0703002-0918-11-09-gnss_raw.txt,2436,443452.000,GLONASS,68,19.0,70.0,32.0,是
0703002-0918-11-09-gnss_raw.txt,2436,443452.000,GLONASS,70,30.0,314.0,25.0,是
0703002-0918-11-09-gnss_raw.txt,2436,443452.000,GLONASS,79,48.0,90.0,35.0,是
0703002-0918-11-09-gnss_raw.txt,2436,443452.000,GLONASS,80,28.0,159.0,38.0,是
0703002-0918-11-09-gnss_raw.txt,2436,443452.000,GLONASS,84,34.0,238.0,31.0,是
0703002-0918-11-09-gnss_raw.txt,2436,443452.000,GLONASS,85,0.0,0.0,28.0,是
0703002-0918-11-09-gnss_raw.txt,2436,443452.000,Galileo,13,0.0,0.0,27.0,是
0703002-0918-11-09-gnss_raw.txt,2436,443452.000,Galileo,26,60.0,267.0,35.0,是
0703002-0918-11-09-gnss_raw.txt,2436,443452.000,Galileo,29,34.0,272.0,31.0,是
0703002-0918-11-09-gnss_raw.txt,2436,443452.000,QZSS,3,42.0,168.0,33.0,是
0703002-0918-11-09-gnss_raw.txt,2436,443452.000,QZSS,7,53.0,169.0,24.0,是
0703002-0918-11-09-gnss_raw.txt,2436,443452.000,BDS,1,48.0,147.0,29.0,是
0703002-0918-11-09-gnss_raw.txt,2436,443452.000,BDS,3,0.0,0.0,36.0,是
0703002-0918-11-09-gnss_raw.txt,2436,443452.000,BDS,4,37.0,120.0,30.0,是
0703002-0918-11-09-gnss_raw.txt,2436,443452.000,BDS,6,70.0,40.0,32.0,是
0703002-0918-11-09-gnss_raw.txt,2436,443452.000,BDS,7,60.0,190.0,22.0,是
0703002-0918-11-09-gnss_raw.txt,2436,443452.000,BDS,10,50.0,191.0,22.0,是
0703002-0918-11-09-gnss_raw.txt,2436,443452.000,BDS,11,0.0,0.0,31.0,是
0703002-0918-11-09-gnss_raw.txt,2436,443452.000,BDS,20,58.0,32.0,33.0,是
0703002-0918-11-09-gnss_raw.txt,2436,443452.000,BDS,37,46.0,75.0,32.0,是
0703002-0918-11-09-gnss_raw.txt,2436,443453.000,GPS,13,29.0,133.0,32.0,是
0703002-0918-11-09-gnss_raw.txt,2436,443453.000,GPS,15,0.0,0.0,27.0,是
0703002-0918-11-09-gnss_raw.txt,2436,443453.000,GPS,18,44.0,213.0,30.0,是
0703002-0918-11-09-gnss_raw.txt,2436,443453.000,GPS,23,0.0,0.0,32.0,是
0703002-0918-11-09-gnss_raw.txt,2436,443453.000,GPS,24,64.0,44.0,36.0,是
0703002-0918-11-09-gnss_raw.txt,2436,443453.000,GLONASS,68,19.0,70.0,32.0,是
0703002-0918-11-09-gnss_raw.txt,2436,443453.000,GLONASS,70,30.0,314.0,26.0,是
0703002-0918-11-09-gnss_raw.txt,2436,443453.000,GLONASS,79,48.0,90.0,35.0,是
0703002-0918-11-09-gnss_raw.txt,2436,443453.000,GLONASS,80,28.0,159.0,38.0,是
0703002-0918-11-09-gnss_raw.txt,2436,443453.000,GLONASS,84,34.0,238.0,29.0,是
0703002-0918-11-09-gnss_raw.txt,2436,443453.000,GLONASS,85,0.0,0.0,26.0,是
0703002-0918-11-09-gnss_raw.txt,2436,443453.000,Galileo,13,0.0,0.0,27.0,是
0703002-0918-11-09-gnss_raw.txt,2436,443453.000,Galileo,26,60.0,267.0,35.0,是
0703002-0918-11-09-gnss_raw.txt,2436,443453.000,Galileo,29,34.0,272.0,30.0,是
0703002-0918-11-09-gnss_raw.txt,2436,443453.000,QZSS,3,42.0,168.0,33.0,是
0703002-0918-11-09-gnss_raw.txt,2436,443453.000,QZSS,7,53.0,169.0,24.0,是
0703002-0918-11-09-gnss_raw.txt,2436,443453.000,BDS,1,48.0,147.0,31.0,是
0703002-0918-11-09-gnss_raw.txt,2436,443453.000,BDS,4,37.0,120.0,29.0,是
0703002-0918-11-09-gnss_raw.txt,2436,443453.000,BDS,6,70.0,40.0,32.0,是
0703002-0918-11-09-gnss_raw.txt,2436,443453.000,BDS,7,60.0,190.0,23.0,是
0703002-0918-11-09-gnss_raw.txt,2436,443453.000,BDS,10,50.0,191.0,22.0,是
0703002-0918-11-09-gnss_raw.txt,2436,443453.000,BDS,11,0.0,0.0,31.0,是
0703002-0918-11-09-gnss_raw.txt,2436,443453.000,BDS,20,58.0,32.0,34.0,是
0703002-0918-11-09-gnss_raw.txt,2436,443453.000,BDS,37,46.0,75.0,32.0,是
0703002-0918-11-09-gnss_raw.txt,2436,443454.000,GPS,13,29.0,133.0,32.0,是
0703002-0918-11-09-gnss_raw.txt,2436,443454.000,GPS,15,0.0,0.0,28.0,是
0703002-0918-11-09-gnss_raw.txt,2436,443454.000,GPS,18,44.0,213.0,29.0,是
0703002-0918-11-09-gnss_raw.txt,2436,443454.000,GPS,23,0.0,0.0,32.0,是
0703002-0918-11-09-gnss_raw.txt,2436,443454.000,GPS,24,64.0,44.0,36.0,是
0703002-0918-11-09-gnss_raw.txt,2436,443454.000,GLONASS,68,19.0,70.0,31.0,是
0703002-0918-11-09-gnss_raw.txt,2436,443454.000,GLONASS,70,30.0,314.0,28.0,是
0703002-0918-11-09-gnss_raw.txt,2436,443454.000,GLONASS,79,48.0,90.0,35.0,是
0703002-0918-11-09-gnss_raw.txt,2436,443454.000,GLONASS,80,28.0,159.0,38.0,是
0703002-0918-11-09-gnss_raw.txt,2436,443454.000,GLONASS,84,34.0,238.0,28.0,是
0703002-0918-11-09-gnss_raw.txt,2436,443454.000,GLONASS,85,0.0,0.0,23.0,是
0703002-0918-11-09-gnss_raw.txt,2436,443454.000,Galileo,13,0.0,0.0,27.0,是
0703002-0918-11-09-gnss_raw.txt,2436,443454.000,Galileo,26,60.0,267.0,35.0,是
0703002-0918-11-09-gnss_raw.txt,2436,443454.000,Galileo,29,34.0,272.0,31.0,是
0703002-0918-11-09-gnss_raw.txt,2436,443454.000,QZSS,3,42.0,169.0,33.0,是
0703002-0918-11-09-gnss_raw.txt,2436,443454.000,QZSS,7,53.0,169.0,24.0,是
0703002-0918-11-09-gnss_raw.txt,2436,443454.000,BDS,1,48.0,147.0,29.0,是
0703002-0918-11-09-gnss_raw.txt,2436,443454.000,BDS,4,37.0,120.0,30.0,是
0703002-0918-11-09-gnss_raw.txt,2436,443454.000,BDS,6,70.0,40.0,32.0,是
0703002-0918-11-09-gnss_raw.txt,2436,443454.000,BDS,7,60.0,190.0,24.0,是
0703002-0918-11-09-gnss_raw.txt,2436,443454.000,BDS,10,50.0,191.0,22.0,是
0703002-0918-11-09-gnss_raw.txt,2436,443454.000,BDS,11,0.0,0.0,30.0,是
0703002-0918-11-09-gnss_raw.txt,2436,443454.000,BDS,20,58.0,32.0,34.0,是
0703002-0918-11-09-gnss_raw.txt,2436,443454.000,BDS,37,46.0,75.0,32.0,是
0703002-0918-11-09-gnss_raw.txt,2436,443455.000,GPS,13,29.0,133.0,32.0,是
0703002-0918-11-09-gnss_raw.txt,2436,443455.000,GPS,15,0.0,0.0,28.0,是
0703002-0918-11-09-gnss_raw.txt,2436,443455.000,GPS,18,44.0,213.0,29.0,是
0703002-0918-11-09-gnss_raw.txt,2436,443455.000,GPS,23,0.0,0.0,31.0,是
0703002-0918-11-09-gnss_raw.txt,2436,443455.000,GPS,24,64.0,44.0,36.0,是
0703002-0918-11-09-gnss_raw.txt,2436,443455.000,GLONASS,68,19.0,70.0,31.0,是
0703002-0918-11-09-gnss_raw.txt,2436,443455.000,GLONASS,70,30.0,314.0,28.0,是
0703002-0918-11-09-gnss_raw.txt,2436,443455.000,GLONASS,79,48.0,90.0,35.0,是
0703002-0918-11-09-gnss_raw.txt,2436,443455.000,GLONASS,80,28.0,159.0,38.0,是
0703002-0918-11-09-gnss_raw.txt,2436,443455.000,GLONASS,84,34.0,238.0,28.0,是
0703002-0918-11-09-gnss_raw.txt,2436,443455.000,GLONASS,85,0.0,0.0,24.0,是
0703002-0918-11-09-gnss_raw.txt,2436,443455.000,Galileo,13,0.0,0.0,28.0,是
0703002-0918-11-09-gnss_raw.txt,2436,443455.000,Galileo,26,60.0,267.0,35.0,是
0703002-0918-11-09-gnss_raw.txt,2436,443455.000,Galileo,29,34.0,272.0,32.0,是
0703002-0918-11-09-gnss_raw.txt,2436,443455.000,QZSS,3,42.0,169.0,32.0,是
0703002-0918-11-09-gnss_raw.txt,2436,443455.000,QZSS,7,53.0,169.0,24.0,是
0703002-0918-11-09-gnss_raw.txt,2436,443455.000,BDS,1,48.0,147.0,30.0,是
0703002-0918-11-09-gnss_raw.txt,2436,443455.000,BDS,3,0.0,0.0,27.0,是
0703002-0918-11-09-gnss_raw.txt,2436,443455.000,BDS,4,37.0,120.0,31.0,是
0703002-0918-11-09-gnss_raw.txt,2436,443455.000,BDS,6,70.0,40.0,32.0,是
0703002-0918-11-09-gnss_raw.txt,2436,443455.000,BDS,7,60.0,190.0,24.0,是
0703002-0918-11-09-gnss_raw.txt,2436,443455.000,BDS,10,50.0,191.0,22.0,是
0703002-0918-11-09-gnss_raw.txt,2436,443455.000,BDS,11,0.0,0.0,30.0,是
0703002-0918-11-09-gnss_raw.txt,2436,443455.000,BDS,20,58.0,32.0,34.0,是
0703002-0918-11-09-gnss_raw.txt,2436,443455.000,BDS,37,46.0,75.0,32.0,是
0703002-0918-11-09-gnss_raw.txt,2436,443456.000,GPS,13,29.0,133.0,32.0,是
0703002-0918-11-09-gnss_raw.txt,2436,443456.000,GPS,15,0.0,0.0,28.0,是
0703002-0918-11-09-gnss_raw.txt,2436,443456.000,GPS,18,44.0,213.0,29.0,是
0703002-0918-11-09-gnss_raw.txt,2436,443456.000,GPS,23,0.0,0.0,31.0,是
0703002-0918-11-09-gnss_raw.txt,2436,443456.000,GPS,24,64.0,44.0,36.0,是
0703002-0918-11-09-gnss_raw.txt,2436,443456.000,GLONASS,68,19.0,70.0,32.0,是
0703002-0918-11-09-gnss_raw.txt,2436,443456.000,GLONASS,70,30.0,314.0,26.0,是
0703002-0918-11-09-gnss_raw.txt,2436,443456.000,GLONASS,79,48.0,90.0,36.0,是
0703002-0918-11-09-gnss_raw.txt,2436,443456.000,GLONASS,80,28.0,159.0,37.0,是
0703002-0918-11-09-gnss_raw.txt,2436,443456.000,GLONASS,84,34.0,238.0,30.0,是
0703002-0918-11-09-gnss_raw.txt,2436,443456.000,GLONASS,85,0.0,0.0,26.0,是
0703002-0918-11-09-gnss_raw.txt,2436,443456.000,Galileo,13,0.0,0.0,28.0,是
0703002-0918-11-09-gnss_raw.txt,2436,443456.000,Galileo,26,60.0,267.0,35.0,是
0703002-0918-11-09-gnss_raw.txt,2436,443456.000,Galileo,29,34.0,272.0,31.0,是
0703002-0918-11-09-gnss_raw.txt,2436,443456.000,QZSS,3,42.0,169.0,32.0,是
0703002-0918-11-09-gnss_raw.txt,2436,443456.000,QZSS,7,53.0,169.0,24.0,是
0703002-0918-11-09-gnss_raw.txt,2436,443456.000,BDS,1,48.0,147.0,29.0,是
0703002-0918-11-09-gnss_raw.txt,2436,443456.000,BDS,3,0.0,0.0,35.0,是
0703002-0918-11-09-gnss_raw.txt,2436,443456.000,BDS,4,37.0,120.0,29.0,是
0703002-0918-11-09-gnss_raw.txt,2436,443456.000,BDS,6,70.0,40.0,32.0,是
0703002-0918-11-09-gnss_raw.txt,2436,443456.000,BDS,7,60.0,190.0,23.0,是
0703002-0918-11-09-gnss_raw.txt,2436,443456.000,BDS,10,50.0,191.0,22.0,是
0703002-0918-11-09-gnss_raw.txt,2436,443456.000,BDS,11,0.0,0.0,30.0,是
0703002-0918-11-09-gnss_raw.txt,2436,443456.000,BDS,20,58.0,32.0,34.0,是
0703002-0918-11-09-gnss_raw.txt,2436,443456.000,BDS,37,46.0,75.0,32.0,是
0703002-0918-11-09-gnss_raw.txt,2436,443457.000,GPS,13,29.0,133.0,32.0,是
0703002-0918-11-09-gnss_raw.txt,2436,443457.000,GPS,15,0.0,0.0,26.0,是
0703002-0918-11-09-gnss_raw.txt,2436,443457.000,GPS,18,44.0,213.0,30.0,是
0703002-0918-11-09-gnss_raw.txt,2436,443457.000,GPS,23,0.0,0.0,32.0,是
0703002-0918-11-09-gnss_raw.txt,2436,443457.000,GPS,24,64.0,44.0,36.0,是
0703002-0918-11-09-gnss_raw.txt,2436,443457.000,GLONASS,68,19.0,70.0,32.0,是
0703002-0918-11-09-gnss_raw.txt,2436,443457.000,GLONASS,70,30.0,314.0,25.0,是
0703002-0918-11-09-gnss_raw.txt,2436,443457.000,GLONASS,79,48.0,90.0,36.0,是
0703002-0918-11-09-gnss_raw.txt,2436,443457.000,GLONASS,80,28.0,159.0,37.0,是
0703002-0918-11-09-gnss_raw.txt,2436,443457.000,GLONASS,84,34.0,238.0,30.0,是
0703002-0918-11-09-gnss_raw.txt,2436,443457.000,GLONASS,85,0.0,0.0,26.0,是
0703002-0918-11-09-gnss_raw.txt,2436,443457.000,Galileo,13,0.0,0.0,28.0,是
0703002-0918-11-09-gnss_raw.txt,2436,443457.000,Galileo,26,60.0,267.0,35.0,是
0703002-0918-11-09-gnss_raw.txt,2436,443457.000,Galileo,29,34.0,272.0,29.0,是
0703002-0918-11-09-gnss_raw.txt,2436,443457.000,QZSS,3,42.0,169.0,32.0,是
0703002-0918-11-09-gnss_raw.txt,2436,443457.000,QZSS,7,53.0,169.0,25.0,是
0703002-0918-11-09-gnss_raw.txt,2436,443457.000,BDS,1,48.0,147.0,30.0,是
0703002-0918-11-09-gnss_raw.txt,2436,443457.000,BDS,3,0.0,0.0,37.0,是
0703002-0918-11-09-gnss_raw.txt,2436,443457.000,BDS,4,37.0,120.0,30.0,是
0703002-0918-11-09-gnss_raw.txt,2436,443457.000,BDS,6,70.0,40.0,32.0,是
0703002-0918-11-09-gnss_raw.txt,2436,443457.000,BDS,7,60.0,190.0,24.0,是
0703002-0918-11-09-gnss_raw.txt,2436,443457.000,BDS,10,50.0,191.0,23.0,是
0703002-0918-11-09-gnss_raw.txt,2436,443457.000,BDS,11,0.0,0.0,30.0,是
0703002-0918-11-09-gnss_raw.txt,2436,443457.000,BDS,20,58.0,32.0,34.0,是
0703002-0918-11-09-gnss_raw.txt,2436,443457.000,BDS,37,46.0,75.0,32.0,是
0703002-0918-11-09-gnss_raw.txt,2436,443458.000,GPS,13,29.0,133.0,32.0,是
0703002-0918-11-09-gnss_raw.txt,2436,443458.000,GPS,15,0.0,0.0,26.0,是
0703002-0918-11-09-gnss_raw.txt,2436,443458.000,GPS,18,44.0,213.0,30.0,是
0703002-0918-11-09-gnss_raw.txt,2436,443458.000,GPS,23,0.0,0.0,31.0,是
0703002-0918-11-09-gnss_raw.txt,2436,443458.000,GPS,24,64.0,44.0,36.0,是
0703002-0918-11-09-gnss_raw.txt,2436,443458.000,GLONASS,68,19.0,70.0,30.0,是
0703002-0918-11-09-gnss_raw.txt,2436,443458.000,GLONASS,70,30.0,314.0,26.0,是
0703002-0918-11-09-gnss_raw.txt,2436,443458.000,GLONASS,79,48.0,90.0,36.0,是
0703002-0918-11-09-gnss_raw.txt,2436,443458.000,GLONASS,80,28.0,159.0,37.0,是
0703002-0918-11-09-gnss_raw.txt,2436,443458.000,GLONASS,84,34.0,238.0,30.0,是
0703002-0918-11-09-gnss_raw.txt,2436,443458.000,GLONASS,85,0.0,0.0,26.0,是
0703002-0918-11-09-gnss_raw.txt,2436,443458.000,Galileo,13,0.0,0.0,28.0,是
0703002-0918-11-09-gnss_raw.txt,2436,443458.000,Galileo,26,60.0,267.0,36.0,是
0703002-0918-11-09-gnss_raw.txt,2436,443458.000,Galileo,29,34.0,272.0,29.0,是
0703002-0918-11-09-gnss_raw.txt,2436,443458.000,QZSS,3,42.0,169.0,32.0,是
0703002-0918-11-09-gnss_raw.txt,2436,443458.000,QZSS,7,53.0,169.0,25.0,是
0703002-0918-11-09-gnss_raw.txt,2436,443458.000,BDS,1,48.0,147.0,31.0,是
0703002-0918-11-09-gnss_raw.txt,2436,443458.000,BDS,2,0.0,0.0,25.0,是
0703002-0918-11-09-gnss_raw.txt,2436,443458.000,BDS,3,0.0,0.0,35.0,是
0703002-0918-11-09-gnss_raw.txt,2436,443458.000,BDS,4,37.0,120.0,30.0,是
0703002-0918-11-09-gnss_raw.txt,2436,443458.000,BDS,6,70.0,40.0,32.0,是
0703002-0918-11-09-gnss_raw.txt,2436,443458.000,BDS,7,60.0,190.0,24.0,是
0703002-0918-11-09-gnss_raw.txt,2436,443458.000,BDS,10,50.0,191.0,23.0,是
0703002-0918-11-09-gnss_raw.txt,2436,443458.000,BDS,11,0.0,0.0,30.0,是
0703002-0918-11-09-gnss_raw.txt,2436,443458.000,BDS,20,58.0,32.0,35.0,是
0703002-0918-11-09-gnss_raw.txt,2436,443458.000,BDS,37,46.0,75.0,32.0,是
0703002-0918-11-09-gnss_raw.txt,2436,443459.000,GPS,12,0.0,0.0,37.0,是
0703002-0918-11-09-gnss_raw.txt,2436,443459.000,GPS,13,29.0,133.0,32.0,是
0703002-0918-11-09-gnss_raw.txt,2436,443459.000,GPS,15,0.0,0.0,27.0,是
0703002-0918-11-09-gnss_raw.txt,2436,443459.000,GPS,18,44.0,213.0,29.0,是
0703002-0918-11-09-gnss_raw.txt,2436,443459.000,GPS,23,0.0,0.0,31.0,是
0703002-0918-11-09-gnss_raw.txt,2436,443459.000,GPS,24,63.0,44.0,36.0,是
0703002-0918-11-09-gnss_raw.txt,2436,443459.000,GLONASS,68,19.0,70.0,30.0,是
0703002-0918-11-09-gnss_raw.txt,2436,443459.000,GLONASS,70,30.0,314.0,29.0,是
0703002-0918-11-09-gnss_raw.txt,2436,443459.000,GLONASS,79,48.0,90.0,36.0,是
0703002-0918-11-09-gnss_raw.txt,2436,443459.000,GLONASS,80,28.0,159.0,37.0,是
0703002-0918-11-09-gnss_raw.txt,2436,443459.000,GLONASS,84,34.0,238.0,29.0,是
0703002-0918-11-09-gnss_raw.txt,2436,443459.000,GLONASS,85,0.0,0.0,29.0,是
0703002-0918-11-09-gnss_raw.txt,2436,443459.000,Galileo,13,0.0,0.0,27.0,是
0703002-0918-11-09-gnss_raw.txt,2436,443459.000,Galileo,26,60.0,267.0,36.0,是
0703002-0918-11-09-gnss_raw.txt,2436,443459.000,Galileo,29,34.0,272.0,29.0,是
0703002-0918-11-09-gnss_raw.txt,2436,443459.000,QZSS,3,42.0,169.0,32.0,是
0703002-0918-11-09-gnss_raw.txt,2436,443459.000,QZSS,7,53.0,169.0,25.0,是
0703002-0918-11-09-gnss_raw.txt,2436,443459.000,BDS,1,48.0,147.0,29.0,是
0703002-0918-11-09-gnss_raw.txt,2436,443459.000,BDS,3,0.0,0.0,35.0,是
0703002-0918-11-09-gnss_raw.txt,2436,443459.000,BDS,4,37.0,120.0,31.0,是
0703002-0918-11-09-gnss_raw.txt,2436,443459.000,BDS,6,70.0,40.0,32.0,是
0703002-0918-11-09-gnss_raw.txt,2436,443459.000,BDS,7,60.0,190.0,25.0,是
0703002-0918-11-09-gnss_raw.txt,2436,443459.000,BDS,10,50.0,191.0,23.0,是
0703002-0918-11-09-gnss_raw.txt,2436,443459.000,BDS,11,0.0,0.0,30.0,是
0703002-0918-11-09-gnss_raw.txt,2436,443459.000,BDS,20,58.0,32.0,34.0,是
0703002-0918-11-09-gnss_raw.txt,2436,443459.000,BDS,37,46.0,75.0,32.0,是
0703002-0918-11-09-gnss_raw.txt,2436,443460.000,GPS,12,0.0,0.0,34.0,是
0703002-0918-11-09-gnss_raw.txt,2436,443460.000,GPS,13,29.0,133.0,32.0,是
0703002-0918-11-09-gnss_raw.txt,2436,443460.000,GPS,15,0.0,0.0,29.0,是
0703002-0918-11-09-gnss_raw.txt,2436,443460.000,GPS,18,44.0,213.0,29.0,是
0703002-0918-11-09-gnss_raw.txt,2436,443460.000,GPS,23,0.0,0.0,31.0,是
0703002-0918-11-09-gnss_raw.txt,2436,443460.000,GPS,24,63.0,44.0,36.0,是
0703002-0918-11-09-gnss_raw.txt,2436,443460.000,GLONASS,68,19.0,70.0,31.0,是
0703002-0918-11-09-gnss_raw.txt,2436,443460.000,GLONASS,70,30.0,314.0,30.0,是
0703002-0918-11-09-gnss_raw.txt,2436,443460.000,GLONASS,79,48.0,90.0,36.0,是
0703002-0918-11-09-gnss_raw.txt,2436,443460.000,GLONASS,80,28.0,159.0,37.0,是
0703002-0918-11-09-gnss_raw.txt,2436,443460.000,GLONASS,84,34.0,238.0,30.0,是
0703002-0918-11-09-gnss_raw.txt,2436,443460.000,GLONASS,85,0.0,0.0,28.0,是
0703002-0918-11-09-gnss_raw.txt,2436,443460.000,Galileo,13,0.0,0.0,24.0,是
0703002-0918-11-09-gnss_raw.txt,2436,443460.000,Galileo,26,60.0,267.0,36.0,是
0703002-0918-11-09-gnss_raw.txt,2436,443460.000,Galileo,29,0.0,0.0,28.0,是
0703002-0918-11-09-gnss_raw.txt,2436,443460.000,QZSS,3,42.0,169.0,32.0,是
0703002-0918-11-09-gnss_raw.txt,2436,443460.000,QZSS,7,53.0,169.0,25.0,是
0703002-0918-11-09-gnss_raw.txt,2436,443460.000,BDS,1,48.0,147.0,30.0,是
0703002-0918-11-09-gnss_raw.txt,2436,443460.000,BDS,3,0.0,0.0,36.0,是
0703002-0918-11-09-gnss_raw.txt,2436,443460.000,BDS,4,37.0,120.0,29.0,是
0703002-0918-11-09-gnss_raw.txt,2436,443460.000,BDS,6,70.0,40.0,32.0,是
0703002-0918-11-09-gnss_raw.txt,2436,443460.000,BDS,7,60.0,190.0,25.0,是
0703002-0918-11-09-gnss_raw.txt,2436,443460.000,BDS,10,50.0,191.0,24.0,是
0703002-0918-11-09-gnss_raw.txt,2436,443460.000,BDS,11,0.0,0.0,30.0,是
0703002-0918-11-09-gnss_raw.txt,2436,443460.000,BDS,20,58.0,32.0,34.0,是
0703002-0918-11-09-gnss_raw.txt,2436,443460.000,BDS,37,46.0,75.0,32.0,是
0703002-0918-11-09-gnss_raw.txt,2436,443461.000,GPS,12,0.0,0.0,34.0,是
0703002-0918-11-09-gnss_raw.txt,2436,443461.000,GPS,13,29.0,133.0,32.0,是
0703002-0918-11-09-gnss_raw.txt,2436,443461.000,GPS,15,0.0,0.0,29.0,是
0703002-0918-11-09-gnss_raw.txt,2436,443461.000,GPS,18,44.0,213.0,29.0,是
0703002-0918-11-09-gnss_raw.txt,2436,443461.000,GPS,23,0.0,0.0,31.0,是
0703002-0918-11-09-gnss_raw.txt,2436,443461.000,GPS,24,63.0,44.0,36.0,是
0703002-0918-11-09-gnss_raw.txt,2436,443461.000,GLONASS,68,19.0,70.0,32.0,是
0703002-0918-11-09-gnss_raw.txt,2436,443461.000,GLONASS,70,30.0,314.0,27.0,是
0703002-0918-11-09-gnss_raw.txt,2436,443461.000,GLONASS,79,48.0,90.0,36.0,是
0703002-0918-11-09-gnss_raw.txt,2436,443461.000,GLONASS,80,28.0,159.0,38.0,是
0703002-0918-11-09-gnss_raw.txt,2436,443461.000,GLONASS,84,34.0,238.0,29.0,是
0703002-0918-11-09-gnss_raw.txt,2436,443461.000,GLONASS,85,0.0,0.0,27.0,是
0703002-0918-11-09-gnss_raw.txt,2436,443461.000,Galileo,13,0.0,0.0,28.0,是
0703002-0918-11-09-gnss_raw.txt,2436,443461.000,Galileo,26,60.0,267.0,37.0,是
0703002-0918-11-09-gnss_raw.txt,2436,443461.000,Galileo,29,34.0,272.0,29.0,是
0703002-0918-11-09-gnss_raw.txt,2436,443461.000,QZSS,3,42.0,169.0,32.0,是
0703002-0918-11-09-gnss_raw.txt,2436,443461.000,QZSS,7,53.0,169.0,25.0,是
0703002-0918-11-09-gnss_raw.txt,2436,443461.000,BDS,1,48.0,147.0,30.0,是
0703002-0918-11-09-gnss_raw.txt,2436,443461.000,BDS,2,0.0,0.0,32.0,是
0703002-0918-11-09-gnss_raw.txt,2436,443461.000,BDS,3,0.0,0.0,25.0,是
0703002-0918-11-09-gnss_raw.txt,2436,443461.000,BDS,4,37.0,120.0,30.0,是
0703002-0918-11-09-gnss_raw.txt,2436,443461.000,BDS,6,70.0,40.0,32.0,是
0703002-0918-11-09-gnss_raw.txt,2436,443461.000,BDS,7,60.0,190.0,24.0,是
0703002-0918-11-09-gnss_raw.txt,2436,443461.000,BDS,10,50.0,191.0,24.0,是
0703002-0918-11-09-gnss_raw.txt,2436,443461.000,BDS,11,0.0,0.0,30.0,是
0703002-0918-11-09-gnss_raw.txt,2436,443461.000,BDS,20,58.0,32.0,34.0,是
0703002-0918-11-09-gnss_raw.txt,2436,443461.000,BDS,37,46.0,75.0,32.0,是
0703002-0918-11-09-gnss_raw.txt,2436,443462.000,GPS,12,0.0,0.0,34.0,是
0703002-0918-11-09-gnss_raw.txt,2436,443462.000,GPS,13,29.0,133.0,32.0,是
0703002-0918-11-09-gnss_raw.txt,2436,443462.000,GPS,15,0.0,0.0,29.0,是
0703002-0918-11-09-gnss_raw.txt,2436,443462.000,GPS,18,44.0,213.0,29.0,是
0703002-0918-11-09-gnss_raw.txt,2436,443462.000,GPS,23,0.0,0.0,31.0,是
0703002-0918-11-09-gnss_raw.txt,2436,443462.000,GPS,24,63.0,44.0,36.0,是
0703002-0918-11-09-gnss_raw.txt,2436,443462.000,GLONASS,68,19.0,70.0,31.0,是
0703002-0918-11-09-gnss_raw.txt,2436,443462.000,GLONASS,70,30.0,314.0,25.0,是
0703002-0918-11-09-gnss_raw.txt,2436,443462.000,GLONASS,79,48.0,90.0,37.0,是
0703002-0918-11-09-gnss_raw.txt,2436,443462.000,GLONASS,80,28.0,159.0,38.0,是
0703002-0918-11-09-gnss_raw.txt,2436,443462.000,GLONASS,84,34.0,238.0,27.0,是
0703002-0918-11-09-gnss_raw.txt,2436,443462.000,GLONASS,85,0.0,0.0,28.0,是
0703002-0918-11-09-gnss_raw.txt,2436,443462.000,Galileo,13,0.0,0.0,26.0,是
0703002-0918-11-09-gnss_raw.txt,2436,443462.000,Galileo,26,60.0,267.0,37.0,是
0703002-0918-11-09-gnss_raw.txt,2436,443462.000,Galileo,29,34.0,272.0,29.0,是
0703002-0918-11-09-gnss_raw.txt,2436,443462.000,QZSS,3,42.0,169.0,32.0,是
0703002-0918-11-09-gnss_raw.txt,2436,443462.000,QZSS,7,53.0,169.0,23.0,是
0703002-0918-11-09-gnss_raw.txt,2436,443462.000,BDS,1,48.0,147.0,29.0,是
0703002-0918-11-09-gnss_raw.txt,2436,443462.000,BDS,2,0.0,0.0,33.0,是
0703002-0918-11-09-gnss_raw.txt,2436,443462.000,BDS,3,0.0,0.0,26.0,是
0703002-0918-11-09-gnss_raw.txt,2436,443462.000,BDS,4,37.0,120.0,31.0,是
0703002-0918-11-09-gnss_raw.txt,2436,443462.000,BDS,6,70.0,40.0,32.0,是
0703002-0918-11-09-gnss_raw.txt,2436,443462.000,BDS,7,60.0,190.0,25.0,是
0703002-0918-11-09-gnss_raw.txt,2436,443462.000,BDS,10,50.0,191.0,24.0,是
0703002-0918-11-09-gnss_raw.txt,2436,443462.000,BDS,11,0.0,0.0,30.0,是
0703002-0918-11-09-gnss_raw.txt,2436,443462.000,BDS,20,58.0,32.0,34.0,是
0703002-0918-11-09-gnss_raw.txt,2436,443462.000,BDS,37,46.0,75.0,32.0,是
0703002-0918-11-09-gnss_raw.txt,2436,443463.000,GPS,12,0.0,0.0,34.0,是
0703002-0918-11-09-gnss_raw.txt,2436,443463.000,GPS,13,29.0,133.0,32.0,是
0703002-0918-11-09-gnss_raw.txt,2436,443463.000,GPS,15,0.0,0.0,29.0,是
0703002-0918-11-09-gnss_raw.txt,2436,443463.000,GPS,18,44.0,213.0,29.0,是
0703002-0918-11-09-gnss_raw.txt,2436,443463.000,GPS,23,0.0,0.0,31.0,是
0703002-0918-11-09-gnss_raw.txt,2436,443463.000,GPS,24,63.0,44.0,36.0,是
0703002-0918-11-09-gnss_raw.txt,2436,443463.000,GLONASS,68,19.0,70.0,30.0,是
0703002-0918-11-09-gnss_raw.txt,2436,443463.000,GLONASS,70,30.0,315.0,29.0,是
0703002-0918-11-09-gnss_raw.txt,2436,443463.000,GLONASS,79,48.0,90.0,37.0,是
0703002-0918-11-09-gnss_raw.txt,2436,443463.000,GLONASS,80,28.0,159.0,38.0,是
0703002-0918-11-09-gnss_raw.txt,2436,443463.000,GLONASS,84,34.0,238.0,27.0,是
0703002-0918-11-09-gnss_raw.txt,2436,443463.000,GLONASS,85,0.0,0.0,29.0,是
0703002-0918-11-09-gnss_raw.txt,2436,443463.000,Galileo,13,0.0,0.0,26.0,是
0703002-0918-11-09-gnss_raw.txt,2436,443463.000,Galileo,26,60.0,267.0,37.0,是
0703002-0918-11-09-gnss_raw.txt,2436,443463.000,Galileo,29,34.0,272.0,30.0,是
0703002-0918-11-09-gnss_raw.txt,2436,443463.000,QZSS,3,42.0,169.0,32.0,是
0703002-0918-11-09-gnss_raw.txt,2436,443463.000,QZSS,7,53.0,169.0,22.0,是
0703002-0918-11-09-gnss_raw.txt,2436,443463.000,BDS,1,48.0,147.0,31.0,是
0703002-0918-11-09-gnss_raw.txt,2436,443463.000,BDS,2,0.0,0.0,29.0,是
0703002-0918-11-09-gnss_raw.txt,2436,443463.000,BDS,3,0.0,0.0,25.0,是
0703002-0918-11-09-gnss_raw.txt,2436,443463.000,BDS,4,37.0,120.0,29.0,是
0703002-0918-11-09-gnss_raw.txt,2436,443463.000,BDS,6,70.0,40.0,32.0,是
0703002-0918-11-09-gnss_raw.txt,2436,443463.000,BDS,7,60.0,190.0,25.0,是
0703002-0918-11-09-gnss_raw.txt,2436,443463.000,BDS,10,50.0,191.0,25.0,是
0703002-0918-11-09-gnss_raw.txt,2436,443463.000,BDS,11,0.0,0.0,29.0,是
0703002-0918-11-09-gnss_raw.txt,2436,443463.000,BDS,20,58.0,32.0,34.0,是
0703002-0918-11-09-gnss_raw.txt,2436,443463.000,BDS,37,46.0,75.0,32.0,是
0703002-0918-11-09-gnss_raw.txt,2436,443464.000,GPS,12,0.0,0.0,34.0,是
0703002-0918-11-09-gnss_raw.txt,2436,443464.000,GPS,13,29.0,133.0,31.0,是
0703002-0918-11-09-gnss_raw.txt,2436,443464.000,GPS,15,0.0,0.0,29.0,是
0703002-0918-11-09-gnss_raw.txt,2436,443464.000,GPS,18,44.0,213.0,29.0,是
0703002-0918-11-09-gnss_raw.txt,2436,443464.000,GPS,23,0.0,0.0,31.0,是
0703002-0918-11-09-gnss_raw.txt,2436,443464.000,GPS,24,63.0,44.0,36.0,是
0703002-0918-11-09-gnss_raw.txt,2436,443464.000,GLONASS,68,19.0,70.0,29.0,是
0703002-0918-11-09-gnss_raw.txt,2436,443464.000,GLONASS,70,30.0,315.0,28.0,是
0703002-0918-11-09-gnss_raw.txt,2436,443464.000,GLONASS,79,48.0,90.0,37.0,是
0703002-0918-11-09-gnss_raw.txt,2436,443464.000,GLONASS,80,28.0,159.0,38.0,是
0703002-0918-11-09-gnss_raw.txt,2436,443464.000,GLONASS,84,34.0,238.0,28.0,是
0703002-0918-11-09-gnss_raw.txt,2436,443464.000,GLONASS,85,0.0,0.0,28.0,是
0703002-0918-11-09-gnss_raw.txt,2436,443464.000,Galileo,13,0.0,0.0,28.0,是
0703002-0918-11-09-gnss_raw.txt,2436,443464.000,Galileo,26,60.0,267.0,36.0,是
0703002-0918-11-09-gnss_raw.txt,2436,443464.000,Galileo,29,34.0,272.0,30.0,是
0703002-0918-11-09-gnss_raw.txt,2436,443464.000,QZSS,3,42.0,169.0,32.0,是
0703002-0918-11-09-gnss_raw.txt,2436,443464.000,QZSS,7,53.0,169.0,23.0,是
0703002-0918-11-09-gnss_raw.txt,2436,443464.000,BDS,1,48.0,147.0,29.0,是
0703002-0918-11-09-gnss_raw.txt,2436,443464.000,BDS,2,0.0,0.0,27.0,是
0703002-0918-11-09-gnss_raw.txt,2436,443464.000,BDS,3,0.0,0.0,26.0,是
0703002-0918-11-09-gnss_raw.txt,2436,443464.000,BDS,4,37.0,120.0,29.0,是
0703002-0918-11-09-gnss_raw.txt,2436,443464.000,BDS,6,70.0,40.0,32.0,是
0703002-0918-11-09-gnss_raw.txt,2436,443464.000,BDS,7,60.0,190.0,24.0,是
0703002-0918-11-09-gnss_raw.txt,2436,443464.000,BDS,10,50.0,191.0,25.0,是
0703002-0918-11-09-gnss_raw.txt,2436,443464.000,BDS,11,0.0,0.0,29.0,是
0703002-0918-11-09-gnss_raw.txt,2436,443464.000,BDS,20,58.0,32.0,34.0,是
0703002-0918-11-09-gnss_raw.txt,2436,443464.000,BDS,37,46.0,75.0,32.0,是
0703002-0918-11-09-gnss_raw.txt,2436,443465.000,GPS,12,0.0,0.0,35.0,是
0703002-0918-11-09-gnss_raw.txt,2436,443465.000,GPS,13,29.0,133.0,31.0,是
0703002-0918-11-09-gnss_raw.txt,2436,443465.000,GPS,15,0.0,0.0,29.0,是
0703002-0918-11-09-gnss_raw.txt,2436,443465.000,GPS,18,44.0,213.0,29.0,是
0703002-0918-11-09-gnss_raw.txt,2436,443465.000,GPS,23,0.0,0.0,31.0,是
0703002-0918-11-09-gnss_raw.txt,2436,443465.000,GPS,24,63.0,44.0,36.0,是
0703002-0918-11-09-gnss_raw.txt,2436,443465.000,GLONASS,68,19.0,70.0,28.0,是
0703002-0918-11-09-gnss_raw.txt,2436,443465.000,GLONASS,70,30.0,315.0,25.0,是
0703002-0918-11-09-gnss_raw.txt,2436,443465.000,GLONASS,79,48.0,90.0,37.0,是
0703002-0918-11-09-gnss_raw.txt,2436,443465.000,GLONASS,80,28.0,159.0,38.0,是
0703002-0918-11-09-gnss_raw.txt,2436,443465.000,GLONASS,84,34.0,238.0,30.0,是
0703002-0918-11-09-gnss_raw.txt,2436,443465.000,GLONASS,85,0.0,0.0,27.0,是
0703002-0918-11-09-gnss_raw.txt,2436,443465.000,Galileo,13,0.0,0.0,27.0,是
0703002-0918-11-09-gnss_raw.txt,2436,443465.000,Galileo,26,60.0,267.0,36.0,是
0703002-0918-11-09-gnss_raw.txt,2436,443465.000,Galileo,29,0.0,0.0,30.0,是
0703002-0918-11-09-gnss_raw.txt,2436,443465.000,QZSS,3,42.0,169.0,32.0,是
0703002-0918-11-09-gnss_raw.txt,2436,443465.000,QZSS,7,53.0,169.0,24.0,是
0703002-0918-11-09-gnss_raw.txt,2436,443465.000,BDS,1,48.0,147.0,30.0,是
0703002-0918-11-09-gnss_raw.txt,2436,443465.000,BDS,2,0.0,0.0,26.0,是
0703002-0918-11-09-gnss_raw.txt,2436,443465.000,BDS,3,0.0,0.0,25.0,是
0703002-0918-11-09-gnss_raw.txt,2436,443465.000,BDS,4,37.0,120.0,30.0,是
0703002-0918-11-09-gnss_raw.txt,2436,443465.000,BDS,6,70.0,40.0,32.0,是
0703002-0918-11-09-gnss_raw.txt,2436,443465.000,BDS,7,60.0,190.0,24.0,是
0703002-0918-11-09-gnss_raw.txt,2436,443465.000,BDS,10,50.0,191.0,26.0,是
0703002-0918-11-09-gnss_raw.txt,2436,443465.000,BDS,11,0.0,0.0,29.0,是
0703002-0918-11-09-gnss_raw.txt,2436,443465.000,BDS,20,58.0,32.0,34.0,是
0703002-0918-11-09-gnss_raw.txt,2436,443465.000,BDS,37,46.0,75.0,32.0,是
0703002-0918-11-09-gnss_raw.txt,2436,443466.000,GPS,12,0.0,0.0,35.0,是
0703002-0918-11-09-gnss_raw.txt,2436,443466.000,GPS,13,29.0,133.0,32.0,是
0703002-0918-11-09-gnss_raw.txt,2436,443466.000,GPS,15,0.0,0.0,29.0,是
0703002-0918-11-09-gnss_raw.txt,2436,443466.000,GPS,18,44.0,213.0,30.0,是
0703002-0918-11-09-gnss_raw.txt,2436,443466.000,GPS,23,0.0,0.0,31.0,是
0703002-0918-11-09-gnss_raw.txt,2436,443466.000,GPS,24,63.0,44.0,36.0,是
0703002-0918-11-09-gnss_raw.txt,2436,443466.000,GLONASS,68,19.0,70.0,28.0,是
0703002-0918-11-09-gnss_raw.txt,2436,443466.000,GLONASS,70,30.0,315.0,26.0,是
0703002-0918-11-09-gnss_raw.txt,2436,443466.000,GLONASS,79,48.0,90.0,38.0,是
0703002-0918-11-09-gnss_raw.txt,2436,443466.000,GLONASS,80,28.0,159.0,38.0,是
0703002-0918-11-09-gnss_raw.txt,2436,443466.000,GLONASS,84,34.0,238.0,30.0,是
0703002-0918-11-09-gnss_raw.txt,2436,443466.000,GLONASS,85,0.0,0.0,28.0,是
0703002-0918-11-09-gnss_raw.txt,2436,443466.000,Galileo,13,0.0,0.0,28.0,是
0703002-0918-11-09-gnss_raw.txt,2436,443466.000,Galileo,26,60.0,267.0,36.0,是
0703002-0918-11-09-gnss_raw.txt,2436,443466.000,Galileo,29,34.0,272.0,30.0,是
0703002-0918-11-09-gnss_raw.txt,2436,443466.000,QZSS,3,42.0,169.0,33.0,是
0703002-0918-11-09-gnss_raw.txt,2436,443466.000,QZSS,7,53.0,169.0,23.0,是
0703002-0918-11-09-gnss_raw.txt,2436,443466.000,BDS,1,48.0,147.0,30.0,是
0703002-0918-11-09-gnss_raw.txt,2436,443466.000,BDS,2,0.0,0.0,26.0,是
0703002-0918-11-09-gnss_raw.txt,2436,443466.000,BDS,3,0.0,0.0,27.0,是
0703002-0918-11-09-gnss_raw.txt,2436,443466.000,BDS,4,37.0,120.0,29.0,是
0703002-0918-11-09-gnss_raw.txt,2436,443466.000,BDS,6,70.0,40.0,32.0,是
0703002-0918-11-09-gnss_raw.txt,2436,443466.000,BDS,7,60.0,190.0,23.0,是
0703002-0918-11-09-gnss_raw.txt,2436,443466.000,BDS,10,50.0,191.0,26.0,是
0703002-0918-11-09-gnss_raw.txt,2436,443466.000,BDS,11,0.0,0.0,29.0,是
0703002-0918-11-09-gnss_raw.txt,2436,443466.000,BDS,20,58.0,32.0,34.0,是
0703002-0918-11-09-gnss_raw.txt,2436,443466.000,BDS,37,46.0,75.0,32.0,是
