file,gps_week,gps_tow_s,time_status,sol_status,pos_type,tracked,used,horizontal_sigma_m,vertical_sigma_m,diff_age_s,station_id
0703002-0918-11-09-gnss_raw.txt,2436,443088.800,FINESTEERING,SOL_COMPUTED,SINGLE,31,18,3.1997,6.6515,1.8,1793
0703002-0918-11-09-gnss_raw.txt,2436,443088.900,FINESTEERING,SOL_COMPUTED,SINGLE,31,18,3.17,6.5857,1.9,1793
0703002-0918-11-09-gnss_raw.txt,2436,443089.000,FINESTEERING,SOL_COMPUTED,SINGLE,32,18,3.1123,6.4615,1.0,1793
0703002-0918-11-09-gnss_raw.txt,2436,443089.100,FINESTEERING,SOL_COMPUTED,SINGLE,32,18,3.0924,6.4169,1.1,1793
0703002-0918-11-09-gnss_raw.txt,2436,443089.200,FINESTEERING,SOL_COMPUTED,SINGLE,32,18,3.0409,6.316,1.2,1793
0703002-0918-11-09-gnss_raw.txt,2436,443089.300,FINESTEERING,SOL_COMPUTED,SINGLE,32,18,2.934,6.0903,1.3,1793
0703002-0918-11-09-gnss_raw.txt,2436,443089.400,FINESTEERING,SOL_COMPUTED,SINGLE,32,19,3.0448,6.3189,1.4,1793
0703002-0918-11-09-gnss_raw.txt,2436,443089.500,FINESTEERING,SOL_COMPUTED,SINGLE,32,19,3.021,6.2678,1.5,1793
0703002-0918-11-09-gnss_raw.txt,2436,443089.600,FINESTEERING,SOL_COMPUTED,SINGLE,32,18,2.928,6.0822,1.6,1793
0703002-0918-11-09-gnss_raw.txt,2436,443089.700,FINESTEERING,SOL_COMPUTED,SINGLE,32,19,2.8962,6.0222,1.7,1793
0703002-0918-11-09-gnss_raw.txt,2436,443089.800,FINESTEERING,SOL_COMPUTED,SINGLE,32,19,2.9517,6.1416,0.8,1793
0703002-0918-11-09-gnss_raw.txt,2436,443089.900,FINESTEERING,SOL_COMPUTED,SINGLE,32,19,3.0374,6.3185,0.9,1793
0703002-0918-11-09-gnss_raw.txt,2436,443090.000,FINESTEERING,SOL_COMPUTED,SINGLE,32,19,2.8744,5.9782,1.0,1793
0703002-0918-11-09-gnss_raw.txt,2436,443090.100,FINESTEERING,SOL_COMPUTED,SINGLE,32,19,3.0233,6.2863,1.1,1793
0703002-0918-11-09-gnss_raw.txt,2436,443090.200,FINESTEERING,SOL_COMPUTED,SINGLE,32,19,2.9602,6.1533,1.2,1793
0703002-0918-11-09-gnss_raw.txt,2436,443090.300,FINESTEERING,SOL_COMPUTED,SINGLE,32,19,2.9901,6.2227,1.3,1793
0703002-0918-11-09-gnss_raw.txt,2436,443090.400,FINESTEERING,SOL_COMPUTED,SINGLE,32,19,3.1601,6.5739,1.4,1793
0703002-0918-11-09-gnss_raw.txt,2436,443090.500,FINESTEERING,SOL_COMPUTED,SINGLE,32,19,3.0278,6.2985,1.5,1793
0703002-0918-11-09-gnss_raw.txt,2436,443090.600,FINESTEERING,SOL_COMPUTED,SINGLE,32,18,2.9061,6.0406,1.6,1793
0703002-0918-11-09-gnss_raw.txt,2436,443090.700,FINESTEERING,SOL_COMPUTED,SINGLE,32,19,2.9474,6.1226,1.7,1793
0703002-0918-11-09-gnss_raw.txt,2436,443090.800,FINESTEERING,SOL_COMPUTED,SINGLE,32,19,2.8571,5.9327,0.8,1793
0703002-0918-11-09-gnss_raw.txt,2436,443090.900,FINESTEERING,SOL_COMPUTED,SINGLE,32,19,2.9325,6.0874,0.9,1793
0703002-0918-11-09-gnss_raw.txt,2436,443091.000,FINESTEERING,SOL_COMPUTED,SINGLE,32,19,3.0051,6.2364,1.0,1793
0703002-0918-11-09-gnss_raw.txt,2436,443091.100,FINESTEERING,SOL_COMPUTED,SINGLE,32,19,2.8372,5.8866,1.1,1793
0703002-0918-11-09-gnss_raw.txt,2436,443091.200,FINESTEERING,SOL_COMPUTED,SINGLE,32,19,2.6481,5.491,1.2,1793
0703002-0918-11-09-gnss_raw.txt,2436,443091.300,FINESTEERING,SOL_COMPUTED,SINGLE,32,19,3.0007,6.2187,1.3,1793
0703002-0918-11-09-gnss_raw.txt,2436,443091.400,FINESTEERING,SOL_COMPUTED,SINGLE,32,19,3.085,6.3892,1.4,1793
0703002-0918-11-09-gnss_raw.txt,2436,443091.500,FINESTEERING,SOL_COMPUTED,SINGLE,31,19,2.8772,5.9556,1.5,1793
0703002-0918-11-09-gnss_raw.txt,2436,443091.600,FINESTEERING,SOL_COMPUTED,SINGLE,31,19,2.9176,6.0368,1.6,1793
0703002-0918-11-09-gnss_raw.txt,2436,443091.700,FINESTEERING,SOL_COMPUTED,SINGLE,31,19,2.9828,6.1673,1.7,1793
0703002-0918-11-09-gnss_raw.txt,2436,443091.800,FINESTEERING,SOL_COMPUTED,SINGLE,31,19,2.8699,5.9315,1.8,1793
0703002-0918-11-09-gnss_raw.txt,2436,443091.900,FINESTEERING,SOL_COMPUTED,SINGLE,31,19,3.0111,6.221,1.9,1793
0703002-0918-11-09-gnss_raw.txt,2436,443092.000,FINESTEERING,SOL_COMPUTED,SINGLE,31,19,3.0074,6.2134,1.0,1793
0703002-0918-11-09-gnss_raw.txt,2436,443092.100,FINESTEERING,SOL_COMPUTED,SINGLE,30,19,3.0777,6.3577,1.1,1793
0703002-0918-11-09-gnss_raw.txt,2436,443092.200,FINESTEERING,SOL_COMPUTED,SINGLE,31,19,3.0925,6.3872,1.2,1793
0703002-0918-11-09-gnss_raw.txt,2436,443092.300,FINESTEERING,SOL_COMPUTED,SINGLE,31,19,3.1696,6.548,1.3,1793
0703002-0918-11-09-gnss_raw.txt,2436,443092.400,FINESTEERING,SOL_COMPUTED,SINGLE,31,19,3.2815,6.7784,1.4,1793
0703002-0918-11-09-gnss_raw.txt,2436,443092.500,FINESTEERING,SOL_COMPUTED,SINGLE,31,19,3.0923,6.3875,1.5,1793
0703002-0918-11-09-gnss_raw.txt,2436,443092.600,FINESTEERING,SOL_COMPUTED,SINGLE,31,19,2.9216,6.0339,1.6,1793
0703002-0918-11-09-gnss_raw.txt,2436,443092.700,FINESTEERING,SOL_COMPUTED,SINGLE,31,19,2.9652,6.1246,1.7,1793
0703002-0918-11-09-gnss_raw.txt,2436,443092.800,FINESTEERING,SOL_COMPUTED,SINGLE,30,19,3.283,6.7823,1.8,1793
0703002-0918-11-09-gnss_raw.txt,2436,443092.900,FINESTEERING,SOL_COMPUTED,SINGLE,30,19,3.1226,6.4509,1.9,1793
0703002-0918-11-09-gnss_raw.txt,2436,443093.000,FINESTEERING,SOL_COMPUTED,SINGLE,30,19,3.1686,6.5461,1.0,1793
0703002-0918-11-09-gnss_raw.txt,2436,443093.100,FINESTEERING,SOL_COMPUTED,SINGLE,30,19,3.1467,6.4999,1.1,1793
0703002-0918-11-09-gnss_raw.txt,2436,443093.200,FINESTEERING,SOL_COMPUTED,SINGLE,30,18,3.0002,6.1966,1.2,1793
0703002-0918-11-09-gnss_raw.txt,2436,443093.300,FINESTEERING,SOL_COMPUTED,SINGLE,30,18,2.9962,6.1869,1.3,1793
0703002-0918-11-09-gnss_raw.txt,2436,443093.400,FINESTEERING,SOL_COMPUTED,SINGLE,30,18,2.8957,5.9796,1.4,1793
0703002-0918-11-09-gnss_raw.txt,2436,443093.500,FINESTEERING,SOL_COMPUTED,SINGLE,30,18,2.9068,6.0015,1.5,1793
0703002-0918-11-09-gnss_raw.txt,2436,443093.600,FINESTEERING,SOL_COMPUTED,SINGLE,30,18,2.974,6.1386,1.6,1793
0703002-0918-11-09-gnss_raw.txt,2436,443093.700,FINESTEERING,SOL_COMPUTED,SINGLE,30,17,3.2354,6.6785,1.7,1793
0703002-0918-11-09-gnss_raw.txt,2436,443093.800,FINESTEERING,SOL_COMPUTED,SINGLE,30,19,3.2442,6.7021,1.8,1793
0703002-0918-11-09-gnss_raw.txt,2436,443093.900,FINESTEERING,SOL_COMPUTED,SINGLE,30,18,3.2542,6.7262,1.9,1793
0703002-0918-11-09-gnss_raw.txt,2436,443094.000,FINESTEERING,SOL_COMPUTED,SINGLE,30,18,3.0437,6.2912,1.0,1793
0703002-0918-11-09-gnss_raw.txt,2436,443094.100,FINESTEERING,SOL_COMPUTED,SINGLE,30,19,2.9024,6.0005,1.1,1793
0703002-0918-11-09-gnss_raw.txt,2436,443094.200,FINESTEERING,SOL_COMPUTED,SINGLE,29,19,3.0805,6.3687,1.2,1793
0703002-0918-11-09-gnss_raw.txt,2436,443094.300,FINESTEERING,SOL_COMPUTED,SINGLE,28,18,2.9668,6.1355,1.3,1793
0703002-0918-11-09-gnss_raw.txt,2436,443094.400,FINESTEERING,SOL_COMPUTED,SINGLE,27,18,3.0877,6.3889,1.4,1793
0703002-0918-11-09-gnss_raw.txt,2436,443094.500,FINESTEERING,SOL_COMPUTED,SINGLE,27,19,2.8819,5.9686,1.5,1793
0703002-0918-11-09-gnss_raw.txt,2436,443094.600,FINESTEERING,SOL_COMPUTED,SINGLE,27,19,2.782,5.7619,1.6,1793
0703002-0918-11-09-gnss_raw.txt,2436,443094.700,FINESTEERING,SOL_COMPUTED,SINGLE,27,19,2.9728,6.1577,1.7,1793
0703002-0918-11-09-gnss_raw.txt,2436,443094.800,FINESTEERING,SOL_COMPUTED,SINGLE,27,19,3.1967,6.6252,1.8,1793
0703002-0918-11-09-gnss_raw.txt,2436,443094.900,FINESTEERING,SOL_COMPUTED,SINGLE,27,19,3.1787,6.5893,0.9,1793
0703002-0918-11-09-gnss_raw.txt,2436,443095.000,FINESTEERING,SOL_COMPUTED,SINGLE,27,19,3.1631,6.5585,1.0,1793
0703002-0918-11-09-gnss_raw.txt,2436,443095.100,FINESTEERING,SOL_COMPUTED,SINGLE,27,19,3.2807,6.8094,1.1,1793
0703002-0918-11-09-gnss_raw.txt,2436,443095.200,FINESTEERING,SOL_COMPUTED,SINGLE,27,19,3.0953,6.4294,1.2,1793
0703002-0918-11-09-gnss_raw.txt,2436,443095.300,FINESTEERING,SOL_COMPUTED,SINGLE,27,19,3.1149,6.4711,1.3,1793
0703002-0918-11-09-gnss_raw.txt,2436,443095.400,FINESTEERING,SOL_COMPUTED,SINGLE,27,19,3.3615,6.9866,1.4,1793
0703002-0918-11-09-gnss_raw.txt,2436,443095.500,FINESTEERING,SOL_COMPUTED,SINGLE,26,19,3.2189,6.6898,1.5,1793
0703002-0918-11-09-gnss_raw.txt,2436,443095.600,FINESTEERING,SOL_COMPUTED,SINGLE,26,19,3.2788,6.8212,1.6,1793
0703002-0918-11-09-gnss_raw.txt,2436,443095.700,FINESTEERING,SOL_COMPUTED,SINGLE,26,19,3.3615,6.9943,1.7,1793
0703002-0918-11-09-gnss_raw.txt,2436,443095.800,FINESTEERING,SOL_COMPUTED,SINGLE,26,19,3.1499,6.5562,1.8,1793
0703002-0918-11-09-gnss_raw.txt,2436,443095.900,FINESTEERING,SOL_COMPUTED,SINGLE,26,19,3.2882,6.8435,1.9,1793
0703002-0918-11-09-gnss_raw.txt,2436,443096.000,FINESTEERING,SOL_COMPUTED,SINGLE,25,18,3.5721,7.437,1.0,1793
0703002-0918-11-09-gnss_raw.txt,2436,443096.100,FINESTEERING,SOL_COMPUTED,SINGLE,25,18,3.185,6.6316,1.1,1793
0703002-0918-11-09-gnss_raw.txt,2436,443096.200,FINESTEERING,SOL_COMPUTED,SINGLE,25,18,3.1334,6.5233,1.2,1793
0703002-0918-11-09-gnss_raw.txt,2436,443096.300,FINESTEERING,SOL_COMPUTED,SINGLE,25,18,3.2033,6.6668,1.3,1793
0703002-0918-11-09-gnss_raw.txt,2436,443096.400,FINESTEERING,SOL_COMPUTED,SINGLE,25,18,3.2564,6.7791,1.4,1793
0703002-0918-11-09-gnss_raw.txt,2436,443096.500,FINESTEERING,SOL_COMPUTED,SINGLE,25,18,3.2378,6.7387,1.5,1793
0703002-0918-11-09-gnss_raw.txt,2436,443096.600,FINESTEERING,SOL_COMPUTED,SINGLE,26,19,3.1985,6.6559,1.6,1793
0703002-0918-11-09-gnss_raw.txt,2436,443096.700,FINESTEERING,SOL_COMPUTED,SINGLE,27,19,3.0956,6.4424,1.7,1793
0703002-0918-11-09-gnss_raw.txt,2436,443096.800,FINESTEERING,SOL_COMPUTED,SINGLE,27,19,3.0737,6.3993,1.8,1793
0703002-0918-11-09-gnss_raw.txt,2436,443096.900,FINESTEERING,SOL_COMPUTED,SINGLE,27,19,3.4414,7.1636,1.9,1793
0703002-0918-11-09-gnss_raw.txt,2436,443097.000,FINESTEERING,SOL_COMPUTED,SINGLE,27,19,3.1314,6.525,2.0,1793
0703002-0918-11-09-gnss_raw.txt,2436,443097.100,FINESTEERING,SOL_COMPUTED,SINGLE,27,19,3.1584,6.5867,2.1,1793
0703002-0918-11-09-gnss_raw.txt,2436,443097.200,FINESTEERING,SOL_COMPUTED,SINGLE,27,19,3.1609,6.5971,1.2,1793
0703002-0918-11-09-gnss_raw.txt,2436,443097.300,FINESTEERING,SOL_COMPUTED,SINGLE,27,18,2.9824,6.2356,1.3,1793
0703002-0918-11-09-gnss_raw.txt,2436,443097.400,FINESTEERING,SOL_COMPUTED,SINGLE,27,18,3.2544,6.8021,1.4,1793
0703002-0918-11-09-gnss_raw.txt,2436,443097.500,FINESTEERING,SOL_COMPUTED,SINGLE,27,17,3.2172,6.7202,1.5,1793
0703002-0918-11-09-gnss_raw.txt,2436,443097.600,FINESTEERING,SOL_COMPUTED,SINGLE,27,18,3.2509,6.7862,1.6,1793
0703002-0918-11-09-gnss_raw.txt,2436,443097.700,FINESTEERING,SOL_COMPUTED,SINGLE,27,19,3.2159,6.709,1.7,1793
0703002-0918-11-09-gnss_raw.txt,2436,443097.800,FINESTEERING,SOL_COMPUTED,SINGLE,27,19,3.2737,6.8276,1.8,1793
0703002-0918-11-09-gnss_raw.txt,2436,443097.900,FINESTEERING,SOL_COMPUTED,SINGLE,27,19,3.3144,6.9094,1.9,1793
0703002-0918-11-09-gnss_raw.txt,2436,443098.000,FINESTEERING,SOL_COMPUTED,SINGLE,27,19,3.39,7.0647,2.0,1793
0703002-0918-11-09-gnss_raw.txt,2436,443098.100,FINESTEERING,SOL_COMPUTED,SINGLE,28,19,3.382,7.0468,1.1,1793
0703002-0918-11-09-gnss_raw.txt,2436,443098.200,FINESTEERING,SOL_COMPUTED,SINGLE,28,19,3.2058,6.6807,1.2,1793
0703002-0918-11-09-gnss_raw.txt,2436,443098.300,FINESTEERING,SOL_COMPUTED,SINGLE,28,19,3.5064,7.3225,1.3,1793
0703002-0918-11-09-gnss_raw.txt,2436,443098.400,FINESTEERING,SOL_COMPUTED,SINGLE,28,18,3.0242,6.3114,1.4,1793
0703002-0918-11-09-gnss_raw.txt,2436,443098.500,FINESTEERING,SOL_COMPUTED,SINGLE,28,18,3.3408,6.9765,1.5,1793
0703002-0918-11-09-gnss_raw.txt,2436,443098.600,FINESTEERING,SOL_COMPUTED,SINGLE,28,18,3.2065,6.6934,1.6,1793
0703002-0918-11-09-gnss_raw.txt,2436,443098.700,FINESTEERING,SOL_COMPUTED,SINGLE,29,19,3.5942,7.5014,1.7,1793
0703002-0918-11-09-gnss_raw.txt,2436,443098.800,FINESTEERING,SOL_COMPUTED,SINGLE,29,19,3.6421,7.5987,0.8,1793
0703002-0918-11-09-gnss_raw.txt,2436,443098.900,FINESTEERING,SOL_COMPUTED,SINGLE,29,19,3.6806,7.6766,0.9,1793
0703002-0918-11-09-gnss_raw.txt,2436,443099.000,FINESTEERING,SOL_COMPUTED,SINGLE,29,19,3.3567,7.0014,1.0,1793
0703002-0918-11-09-gnss_raw.txt,2436,443099.100,FINESTEERING,SOL_COMPUTED,SINGLE,29,18,3.3312,6.9511,1.1,1793
0703002-0918-11-09-gnss_raw.txt,2436,443099.200,FINESTEERING,SOL_COMPUTED,SINGLE,29,18,3.6153,7.5453,1.2,1793
0703002-0918-11-09-gnss_raw.txt,2436,443099.300,FINESTEERING,SOL_COMPUTED,SINGLE,29,19,3.4844,7.2793,1.3,1793
0703002-0918-11-09-gnss_raw.txt,2436,443099.400,FINESTEERING,SOL_COMPUTED,SINGLE,29,19,3.251,6.7897,1.4,1793
0703002-0918-11-09-gnss_raw.txt,2436,443099.500,FINESTEERING,SOL_COMPUTED,SINGLE,29,18,3.177,6.6303,1.5,1793
0703002-0918-11-09-gnss_raw.txt,2436,443099.600,FINESTEERING,SOL_COMPUTED,SINGLE,29,17,3.2822,6.8463,1.6,1793
0703002-0918-11-09-gnss_raw.txt,2436,443099.700,FINESTEERING,SOL_COMPUTED,SINGLE,29,18,3.0535,6.3689,1.7,1793
0703002-0918-11-09-gnss_raw.txt,2436,443099.800,FINESTEERING,SOL_COMPUTED,SINGLE,29,18,2.9531,6.1634,1.8,1793
0703002-0918-11-09-gnss_raw.txt,2436,443099.900,FINESTEERING,SOL_COMPUTED,SINGLE,29,18,3.011,6.2842,0.9,1793
0703002-0918-11-09-gnss_raw.txt,2436,443100.000,FINESTEERING,SOL_COMPUTED,SINGLE,29,19,3.344,6.9782,1.0,1793
0703002-0918-11-09-gnss_raw.txt,2436,443100.100,FINESTEERING,SOL_COMPUTED,SINGLE,29,18,2.8797,6.0088,1.1,1793
0703002-0918-11-09-gnss_raw.txt,2436,443100.200,FINESTEERING,SOL_COMPUTED,SINGLE,29,17,2.8983,6.0551,1.2,1793
0703002-0918-11-09-gnss_raw.txt,2436,443100.300,FINESTEERING,SOL_COMPUTED,SINGLE,29,18,3.0419,6.3613,1.3,1793
0703002-0918-11-09-gnss_raw.txt,2436,443100.400,FINESTEERING,SOL_COMPUTED,SINGLE,29,18,3.2265,6.7504,1.4,1793
0703002-0918-11-09-gnss_raw.txt,2436,443100.500,FINESTEERING,SOL_COMPUTED,SINGLE,29,18,2.8925,6.0522,1.5,1793
0703002-0918-11-09-gnss_raw.txt,2436,443100.600,FINESTEERING,SOL_COMPUTED,SINGLE,28,17,3.0719,6.4292,1.6,1793
0703002-0918-11-09-gnss_raw.txt,2436,443100.700,FINESTEERING,SOL_COMPUTED,SINGLE,28,17,3.0843,6.4618,1.7,1793
0703002-0918-11-09-gnss_raw.txt,2436,443100.800,FINESTEERING,SOL_COMPUTED,SINGLE,28,18,3.4794,7.291,1.8,1793
0703002-0918-11-09-gnss_raw.txt,2436,443100.900,FINESTEERING,SOL_COMPUTED,SINGLE,28,18,3.2342,6.7813,0.9,1793
0703002-0918-11-09-gnss_raw.txt,2436,443101.000,FINESTEERING,SOL_COMPUTED,SINGLE,28,17,3.3158,6.9575,1.0,1793
0703002-0918-11-09-gnss_raw.txt,2436,443101.100,FINESTEERING,SOL_COMPUTED,SINGLE,28,17,3.1709,6.656,1.1,1793
0703002-0918-11-09-gnss_raw.txt,2436,443101.200,FINESTEERING,SOL_COMPUTED,SINGLE,28,18,3.5057,7.3662,1.2,1793
0703002-0918-11-09-gnss_raw.txt,2436,443101.300,FINESTEERING,SOL_COMPUTED,SINGLE,28,14,3.7118,7.7952,1.3,1793
0703002-0918-11-09-gnss_raw.txt,2436,443101.400,FINESTEERING,SOL_COMPUTED,SINGLE,27,14,3.6221,7.6056,1.4,1793
0703002-0918-11-09-gnss_raw.txt,2436,443101.500,FINESTEERING,SOL_COMPUTED,SINGLE,27,14,3.9053,8.1973,1.5,1793
0703002-0918-11-09-gnss_raw.txt,2436,443101.600,FINESTEERING,SOL_COMPUTED,SINGLE,27,15,3.8049,7.9835,1.6,1793
0703002-0918-11-09-gnss_raw.txt,2436,443101.700,FINESTEERING,SOL_COMPUTED,SINGLE,27,15,3.6331,7.6232,0.7,1793
0703002-0918-11-09-gnss_raw.txt,2436,443101.800,FINESTEERING,SOL_COMPUTED,SINGLE,27,15,3.5717,7.4918,0.8,1793
0703002-0918-11-09-gnss_raw.txt,2436,443101.900,FINESTEERING,SOL_COMPUTED,SINGLE,27,15,3.735,7.8377,0.9,1793
0703002-0918-11-09-gnss_raw.txt,2436,443102.000,FINESTEERING,SOL_COMPUTED,SINGLE,27,15,3.8193,8.0131,1.0,1793
0703002-0918-11-09-gnss_raw.txt,2436,443102.100,FINESTEERING,SOL_COMPUTED,SINGLE,27,16,3.9159,8.2248,1.1,1793
0703002-0918-11-09-gnss_raw.txt,2436,443102.200,FINESTEERING,SOL_COMPUTED,SINGLE,27,16,3.7609,7.8955,1.2,1793
0703002-0918-11-09-gnss_raw.txt,2436,443102.300,FINESTEERING,SOL_COMPUTED,SINGLE,27,15,3.6979,7.7583,1.3,1793
0703002-0918-11-09-gnss_raw.txt,2436,443102.400,FINESTEERING,SOL_COMPUTED,SINGLE,28,16,3.0994,6.4992,1.4,1793
0703002-0918-11-09-gnss_raw.txt,2436,443102.500,FINESTEERING,SOL_COMPUTED,SINGLE,28,17,3.3255,6.9708,1.5,1793
0703002-0918-11-09-gnss_raw.txt,2436,443102.600,FINESTEERING,SOL_COMPUTED,SINGLE,28,14,3.6218,7.5861,1.6,1793
0703002-0918-11-09-gnss_raw.txt,2436,443102.700,FINESTEERING,SOL_COMPUTED,SINGLE,28,18,3.3148,6.9545,1.7,1793
0703002-0918-11-09-gnss_raw.txt,2436,443102.800,FINESTEERING,SOL_COMPUTED,SINGLE,28,18,3.1578,6.6282,1.8,1793
0703002-0918-11-09-gnss_raw.txt,2436,443102.900,FINESTEERING,SOL_COMPUTED,SINGLE,28,19,3.5672,7.4938,0.9,1793
0703002-0918-11-09-gnss_raw.txt,2436,443103.000,FINESTEERING,SOL_COMPUTED,SINGLE,28,15,3.9154,8.2281,1.0,1793
0703002-0918-11-09-gnss_raw.txt,2436,443103.100,FINESTEERING,SOL_COMPUTED,SINGLE,28,18,3.335,7.013,1.1,1793
0703002-0918-11-09-gnss_raw.txt,2436,443103.200,FINESTEERING,SOL_COMPUTED,SINGLE,28,18,3.561,7.4967,1.2,1793
0703002-0918-11-09-gnss_raw.txt,2436,443103.300,FINESTEERING,SOL_COMPUTED,SINGLE,28,19,3.2766,6.9005,1.3,1793
0703002-0918-11-09-gnss_raw.txt,2436,443103.400,FINESTEERING,SOL_COMPUTED,SINGLE,28,19,3.6829,7.771,1.4,1793
0703002-0918-11-09-gnss_raw.txt,2436,443103.500,FINESTEERING,SOL_COMPUTED,SINGLE,28,17,3.7488,7.9185,1.5,1793
0703002-0918-11-09-gnss_raw.txt,2436,443103.600,FINESTEERING,SOL_COMPUTED,SINGLE,28,19,3.6773,7.7774,1.6,1793
0703002-0918-11-09-gnss_raw.txt,2436,443103.700,FINESTEERING,SOL_COMPUTED,SINGLE,28,18,3.5172,7.4475,1.7,1793
0703002-0918-11-09-gnss_raw.txt,2436,443103.800,FINESTEERING,SOL_COMPUTED,SINGLE,28,14,3.8619,8.1823,1.8,1793
0703002-0918-11-09-gnss_raw.txt,2436,443103.900,FINESTEERING,SOL_COMPUTED,SINGLE,28,14,3.8559,8.1663,0.9,1793
0703002-0918-11-09-gnss_raw.txt,2436,443104.000,FINESTEERING,SOL_COMPUTED,SINGLE,28,19,3.3338,7.0638,1.0,1793
0703002-0918-11-09-gnss_raw.txt,2436,443104.100,FINESTEERING,SOL_COMPUTED,SINGLE,28,18,3.0425,6.4513,1.1,1793
0703002-0918-11-09-gnss_raw.txt,2436,443104.200,FINESTEERING,SOL_COMPUTED,SINGLE,28,14,3.7243,7.8958,1.2,1793
0703002-0918-11-09-gnss_raw.txt,2436,443104.300,FINESTEERING,SOL_COMPUTED,SINGLE,28,15,3.4307,7.2737,1.3,1793
0703002-0918-11-09-gnss_raw.txt,2436,443104.400,FINESTEERING,SOL_COMPUTED,SINGLE,28,16,3.455,7.3255,1.4,1793
0703002-0918-11-09-gnss_raw.txt,2436,443104.500,FINESTEERING,SOL_COMPUTED,SINGLE,28,16,3.4077,7.2323,1.5,1793
0703002-0918-11-09-gnss_raw.txt,2436,443104.600,FINESTEERING,SOL_COMPUTED,SINGLE,28,16,3.5956,7.6318,1.6,1793
0703002-0918-11-09-gnss_raw.txt,2436,443104.700,FINESTEERING,SOL_COMPUTED,SINGLE,28,16,3.7685,8.0013,1.7,1793
0703002-0918-11-09-gnss_raw.txt,2436,443104.800,FINESTEERING,SOL_COMPUTED,SINGLE,28,16,3.7456,7.9558,1.8,1793
0703002-0918-11-09-gnss_raw.txt,2436,443104.900,FINESTEERING,SOL_COMPUTED,SINGLE,28,16,3.5692,7.5817,1.9,1793
0703002-0918-11-09-gnss_raw.txt,2436,443105.000,FINESTEERING,SOL_COMPUTED,SINGLE,28,16,3.8803,8.2434,1.0,1793
0703002-0918-11-09-gnss_raw.txt,2436,443105.100,FINESTEERING,SOL_COMPUTED,SINGLE,28,16,3.8378,8.1597,1.1,1793
0703002-0918-11-09-gnss_raw.txt,2436,443105.200,FINESTEERING,SOL_COMPUTED,SINGLE,28,16,3.319,7.0634,1.2,1793
0703002-0918-11-09-gnss_raw.txt,2436,443105.300,FINESTEERING,SOL_COMPUTED,SINGLE,28,17,3.1921,6.7967,1.3,1793
0703002-0918-11-09-gnss_raw.txt,2436,443105.400,FINESTEERING,SOL_COMPUTED,SINGLE,28,17,3.1219,6.6514,1.4,1793
0703002-0918-11-09-gnss_raw.txt,2436,443105.500,FINESTEERING,SOL_COMPUTED,SINGLE,28,17,3.393,7.231,1.5,1793
0703002-0918-11-09-gnss_raw.txt,2436,443105.600,FINESTEERING,SOL_COMPUTED,SINGLE,28,16,3.322,7.083,1.6,1793
0703002-0918-11-09-gnss_raw.txt,2436,443105.700,FINESTEERING,SOL_COMPUTED,SINGLE,28,16,3.3492,7.1443,1.7,1793
0703002-0918-11-09-gnss_raw.txt,2436,443105.800,FINESTEERING,SOL_COMPUTED,SINGLE,28,16,3.2205,6.8717,1.8,1793
0703002-0918-11-09-gnss_raw.txt,2436,443105.900,FINESTEERING,SOL_COMPUTED,SINGLE,28,16,3.2472,6.9311,1.9,1793
0703002-0918-11-09-gnss_raw.txt,2436,443106.000,FINESTEERING,SOL_COMPUTED,SINGLE,29,16,3.3129,7.0732,2.0,1793
0703002-0918-11-09-gnss_raw.txt,2436,443106.100,FINESTEERING,SOL_COMPUTED,SINGLE,29,16,3.4578,7.3929,1.1,1793
0703002-0918-11-09-gnss_raw.txt,2436,443106.200,FINESTEERING,SOL_COMPUTED,SINGLE,29,16,3.3699,7.2079,1.2,1793
0703002-0918-11-09-gnss_raw.txt,2436,443106.300,FINESTEERING,SOL_COMPUTED,SINGLE,29,16,3.3575,7.1855,1.3,1793
0703002-0918-11-09-gnss_raw.txt,2436,443106.400,FINESTEERING,SOL_COMPUTED,SINGLE,29,16,3.381,7.2401,1.4,1793
0703002-0918-11-09-gnss_raw.txt,2436,443106.500,FINESTEERING,SOL_COMPUTED,SINGLE,29,17,3.2105,6.8846,1.5,1793
0703002-0918-11-09-gnss_raw.txt,2436,443106.600,FINESTEERING,SOL_COMPUTED,SINGLE,29,16,3.3863,7.2632,1.6,1793
0703002-0918-11-09-gnss_raw.txt,2436,443106.700,FINESTEERING,SOL_COMPUTED,SINGLE,29,17,3.527,7.5726,1.7,1793
0703002-0918-11-09-gnss_raw.txt,2436,443106.800,FINESTEERING,SOL_COMPUTED,SINGLE,29,16,3.3388,7.1765,0.8,1793
0703002-0918-11-09-gnss_raw.txt,2436,443106.900,FINESTEERING,SOL_COMPUTED,SINGLE,29,17,3.6874,7.9357,0.9,1793
0703002-0918-11-09-gnss_raw.txt,2436,443107.000,FINESTEERING,SOL_COMPUTED,SINGLE,29,17,3.7001,7.9737,1.0,1793
0703002-0918-11-09-gnss_raw.txt,2436,443107.100,FINESTEERING,SOL_COMPUTED,SINGLE,29,17,3.3547,7.2415,1.1,1793
0703002-0918-11-09-gnss_raw.txt,2436,443107.200,FINESTEERING,SOL_COMPUTED,SINGLE,29,16,3.4832,7.5258,1.2,1793
0703002-0918-11-09-gnss_raw.txt,2436,443107.300,FINESTEERING,SOL_COMPUTED,SINGLE,29,16,3.3123,7.156,1.3,1793
0703002-0918-11-09-gnss_raw.txt,2436,443107.400,FINESTEERING,SOL_COMPUTED,SINGLE,29,16,3.8436,8.3137,1.4,1793
0703002-0918-11-09-gnss_raw.txt,2436,443107.500,FINESTEERING,SOL_COMPUTED,SINGLE,29,16,4.1853,9.0506,1.5,1793
0703002-0918-11-09-gnss_raw.txt,2436,443107.600,FINESTEERING,SOL_COMPUTED,SINGLE,29,16,3.8586,8.3454,1.6,1793
0703002-0918-11-09-gnss_raw.txt,2436,443107.700,FINESTEERING,SOL_COMPUTED,SINGLE,29,14,3.5925,7.7769,1.7,1793
0703002-0918-11-09-gnss_raw.txt,2436,443107.800,FINESTEERING,SOL_COMPUTED,SINGLE,29,15,3.1091,6.7299,0.8,1793
0703002-0918-11-09-gnss_raw.txt,2436,443107.900,FINESTEERING,SOL_COMPUTED,SINGLE,29,16,3.2738,7.0863,0.9,1793
0703002-0918-11-09-gnss_raw.txt,2436,443108.000,FINESTEERING,SOL_COMPUTED,SINGLE,29,16,3.4876,7.5512,1.0,1793
0703002-0918-11-09-gnss_raw.txt,2436,443108.100,FINESTEERING,SOL_COMPUTED,SINGLE,29,14,3.4002,7.3649,1.1,1793
0703002-0918-11-09-gnss_raw.txt,2436,443108.200,FINESTEERING,SOL_COMPUTED,SINGLE,29,14,3.3194,7.19,1.2,1793
0703002-0918-11-09-gnss_raw.txt,2436,443108.300,FINESTEERING,SOL_COMPUTED,SINGLE,29,14,3.4377,7.4461,1.3,1793
0703002-0918-11-09-gnss_raw.txt,2436,443108.400,FINESTEERING,SOL_COMPUTED,SINGLE,29,15,2.9609,6.4155,1.4,1793
0703002-0918-11-09-gnss_raw.txt,2436,443108.500,FINESTEERING,SOL_COMPUTED,SINGLE,29,15,3.603,7.8081,1.5,1793
0703002-0918-11-09-gnss_raw.txt,2436,443108.600,FINESTEERING,SOL_COMPUTED,SINGLE,29,15,3.471,7.5272,1.6,1793
0703002-0918-11-09-gnss_raw.txt,2436,443108.700,FINESTEERING,SOL_COMPUTED,SINGLE,29,15,3.1703,6.8933,1.7,1793
0703002-0918-11-09-gnss_raw.txt,2436,443108.800,FINESTEERING,SOL_COMPUTED,SINGLE,29,15,3.6294,7.9077,0.8,1793
0703002-0918-11-09-gnss_raw.txt,2436,443108.900,FINESTEERING,SOL_COMPUTED,SINGLE,29,15,3.5258,7.6924,0.9,1793
0703002-0918-11-09-gnss_raw.txt,2436,443109.000,FINESTEERING,SOL_COMPUTED,SINGLE,29,14,2.7916,6.1041,1.0,1793
0703002-0918-11-09-gnss_raw.txt,2436,443109.100,FINESTEERING,SOL_COMPUTED,SINGLE,29,14,3.3122,7.2488,1.1,1793
0703002-0918-11-09-gnss_raw.txt,2436,443109.200,FINESTEERING,SOL_COMPUTED,SINGLE,29,14,3.045,6.6766,1.2,1793
0703002-0918-11-09-gnss_raw.txt,2436,443109.300,FINESTEERING,SOL_COMPUTED,SINGLE,29,13,3.1111,6.8276,1.3,1793
0703002-0918-11-09-gnss_raw.txt,2436,443109.400,FINESTEERING,SOL_COMPUTED,SINGLE,29,19,3.0204,6.636,1.4,1793
0703002-0918-11-09-gnss_raw.txt,2436,443109.500,FINESTEERING,SOL_COMPUTED,SINGLE,29,18,3.3674,7.3942,1.5,1793
0703002-0918-11-09-gnss_raw.txt,2436,443109.600,FINESTEERING,SOL_COMPUTED,SINGLE,29,15,3.5374,7.7613,1.6,1793
0703002-0918-11-09-gnss_raw.txt,2436,443109.700,FINESTEERING,SOL_COMPUTED,SINGLE,28,15,3.6577,8.0193,1.7,1793
0703002-0918-11-09-gnss_raw.txt,2436,443109.800,FINESTEERING,SOL_COMPUTED,SINGLE,28,15,3.3923,7.4325,0.8,1793
0703002-0918-11-09-gnss_raw.txt,2436,443109.900,FINESTEERING,SOL_COMPUTED,SINGLE,28,15,3.0908,6.7677,0.9,1793
0703002-0918-11-09-gnss_raw.txt,2436,443110.000,FINESTEERING,SOL_COMPUTED,SINGLE,28,14,2.9563,6.478,1.0,1793
0703002-0918-11-09-gnss_raw.txt,2436,443110.100,FINESTEERING,SOL_COMPUTED,SINGLE,28,15,3.1348,6.8688,1.1,1793
0703002-0918-11-09-gnss_raw.txt,2436,443110.200,FINESTEERING,SOL_COMPUTED,SINGLE,28,15,3.751,8.2208,1.2,1793
0703002-0918-11-09-gnss_raw.txt,2436,443110.300,FINESTEERING,SOL_COMPUTED,SINGLE,28,15,3.7895,8.306,1.3,1793
0703002-0918-11-09-gnss_raw.txt,2436,443110.400,FINESTEERING,SOL_COMPUTED,SINGLE,28,15,3.2293,7.0804,1.4,1793
0703002-0918-11-09-gnss_raw.txt,2436,443110.500,FINESTEERING,SOL_COMPUTED,SINGLE,28,15,3.5726,7.8333,1.5,1793
0703002-0918-11-09-gnss_raw.txt,2436,443110.600,FINESTEERING,SOL_COMPUTED,SINGLE,28,15,3.306,7.2498,1.6,1793
0703002-0918-11-09-gnss_raw.txt,2436,443110.700,FINESTEERING,SOL_COMPUTED,SINGLE,28,15,3.1864,6.9915,1.7,1793
0703002-0918-11-09-gnss_raw.txt,2436,443110.800,FINESTEERING,SOL_COMPUTED,SINGLE,28,14,2.7449,6.027,1.8,1793
0703002-0918-11-09-gnss_raw.txt,2436,443110.900,FINESTEERING,SOL_COMPUTED,SINGLE,28,15,3.171,6.9667,1.9,1793
0703002-0918-11-09-gnss_raw.txt,2436,443111.000,FINESTEERING,SOL_COMPUTED,SINGLE,29,16,3.0892,6.7906,1.0,1793
0703002-0918-11-09-gnss_raw.txt,2436,443111.100,FINESTEERING,SOL_COMPUTED,SINGLE,29,16,3.2196,7.0776,1.1,1793
0703002-0918-11-09-gnss_raw.txt,2436,443111.200,FINESTEERING,SOL_COMPUTED,SINGLE,29,16,3.4236,7.5323,1.2,1793
0703002-0918-11-09-gnss_raw.txt,2436,443111.300,FINESTEERING,SOL_COMPUTED,SINGLE,29,15,3.0,6.6042,1.3,1793
0703002-0918-11-09-gnss_raw.txt,2436,443111.400,FINESTEERING,SOL_COMPUTED,SINGLE,29,16,3.5682,7.8618,1.4,1793
0703002-0918-11-09-gnss_raw.txt,2436,443111.500,FINESTEERING,SOL_COMPUTED,SINGLE,29,16,3.3434,7.3728,1.5,1793
0703002-0918-11-09-gnss_raw.txt,2436,443111.600,FINESTEERING,SOL_COMPUTED,SINGLE,29,16,3.0422,6.7155,1.6,1793
0703002-0918-11-09-gnss_raw.txt,2436,443111.700,FINESTEERING,SOL_COMPUTED,SINGLE,30,15,2.8483,6.2949,0.7,1793
0703002-0918-11-09-gnss_raw.txt,2436,443111.800,FINESTEERING,SOL_COMPUTED,SINGLE,30,16,3.1972,7.0729,0.8,1793
0703002-0918-11-09-gnss_raw.txt,2436,443111.900,FINESTEERING,SOL_COMPUTED,SINGLE,30,16,2.9403,6.5092,0.9,1793
0703002-0918-11-09-gnss_raw.txt,2436,443112.000,FINESTEERING,SOL_COMPUTED,SINGLE,30,16,2.9574,6.5525,1.0,1793
0703002-0918-11-09-gnss_raw.txt,2436,443112.100,FINESTEERING,SOL_COMPUTED,SINGLE,30,16,3.1899,7.0732,1.1,1793
0703002-0918-11-09-gnss_raw.txt,2436,443112.200,FINESTEERING,SOL_COMPUTED,SINGLE,29,16,3.1324,6.9525,1.2,1793
0703002-0918-11-09-gnss_raw.txt,2436,443112.300,FINESTEERING,SOL_COMPUTED,SINGLE,29,16,3.0834,6.8469,1.3,1793
0703002-0918-11-09-gnss_raw.txt,2436,443112.400,FINESTEERING,SOL_COMPUTED,SINGLE,29,16,2.9308,6.5123,1.4,1793
0703002-0918-11-09-gnss_raw.txt,2436,443112.500,FINESTEERING,SOL_COMPUTED,SINGLE,29,16,2.9587,6.575,1.5,1793
0703002-0918-11-09-gnss_raw.txt,2436,443112.600,FINESTEERING,SOL_COMPUTED,SINGLE,29,16,3.3997,7.5563,1.6,1793
0703002-0918-11-09-gnss_raw.txt,2436,443112.700,FINESTEERING,SOL_COMPUTED,SINGLE,29,16,3.0925,6.8781,1.7,1793
0703002-0918-11-09-gnss_raw.txt,2436,443112.800,FINESTEERING,SOL_COMPUTED,SINGLE,29,16,3.2344,7.1947,1.8,1793
0703002-0918-11-09-gnss_raw.txt,2436,443112.900,FINESTEERING,SOL_COMPUTED,SINGLE,28,15,2.5981,5.7802,0.9,1793
0703002-0918-11-09-gnss_raw.txt,2436,443113.000,FINESTEERING,SOL_COMPUTED,SINGLE,28,16,3.0566,6.8022,1.0,1793
0703002-0918-11-09-gnss_raw.txt,2436,443113.100,FINESTEERING,SOL_COMPUTED,SINGLE,28,16,3.0996,6.9006,1.1,1793
0703002-0918-11-09-gnss_raw.txt,2436,443113.200,FINESTEERING,SOL_COMPUTED,SINGLE,28,16,3.3319,7.4181,1.2,1793
0703002-0918-11-09-gnss_raw.txt,2436,443113.300,FINESTEERING,SOL_COMPUTED,SINGLE,28,16,3.3609,7.4854,1.3,1793
0703002-0918-11-09-gnss_raw.txt,2436,443113.400,FINESTEERING,SOL_COMPUTED,SINGLE,28,16,3.5096,7.829,1.4,1793
0703002-0918-11-09-gnss_raw.txt,2436,443113.500,FINESTEERING,SOL_COMPUTED,SINGLE,28,16,3.0479,6.8118,1.5,1793
0703002-0918-11-09-gnss_raw.txt,2436,443113.600,FINESTEERING,SOL_COMPUTED,SINGLE,28,16,3.3162,7.4121,1.6,1793
0703002-0918-11-09-gnss_raw.txt,2436,443113.700,FINESTEERING,SOL_COMPUTED,SINGLE,28,16,3.1773,7.117,1.7,1793
0703002-0918-11-09-gnss_raw.txt,2436,443113.800,FINESTEERING,SOL_COMPUTED,SINGLE,28,16,3.1227,7.0012,1.8,1793
0703002-0918-11-09-gnss_raw.txt,2436,443113.900,FINESTEERING,SOL_COMPUTED,SINGLE,28,16,3.2489,7.2918,1.9,1793
0703002-0918-11-09-gnss_raw.txt,2436,443114.000,FINESTEERING,SOL_COMPUTED,SINGLE,28,16,2.9799,6.6931,1.0,1793
0703002-0918-11-09-gnss_raw.txt,2436,443114.100,FINESTEERING,SOL_COMPUTED,SINGLE,28,16,3.254,7.3092,1.1,1793
0703002-0918-11-09-gnss_raw.txt,2436,443114.200,FINESTEERING,SOL_COMPUTED,SINGLE,28,15,3.0744,6.9025,1.2,1793
0703002-0918-11-09-gnss_raw.txt,2436,443114.300,FINESTEERING,SOL_COMPUTED,SINGLE,28,14,2.6443,5.9381,1.3,1793
0703002-0918-11-09-gnss_raw.txt,2436,443114.400,FINESTEERING,SOL_COMPUTED,SINGLE,28,16,3.4303,7.7103,1.4,1793
0703002-0918-11-09-gnss_raw.txt,2436,443114.500,FINESTEERING,SOL_COMPUTED,SINGLE,28,16,2.8911,6.5055,1.5,1793
0703002-0918-11-09-gnss_raw.txt,2436,443114.600,FINESTEERING,SOL_COMPUTED,SINGLE,28,16,3.1239,7.0363,1.6,1793
0703002-0918-11-09-gnss_raw.txt,2436,443114.700,FINESTEERING,SOL_COMPUTED,SINGLE,28,16,3.3699,7.5998,1.7,1793
0703002-0918-11-09-gnss_raw.txt,2436,443114.800,FINESTEERING,SOL_COMPUTED,SINGLE,28,16,2.9526,6.6645,1.8,1793
0703002-0918-11-09-gnss_raw.txt,2436,443114.900,FINESTEERING,SOL_COMPUTED,SINGLE,28,16,2.9051,6.5664,1.9,1793
0703002-0918-11-09-gnss_raw.txt,2436,443115.000,FINESTEERING,SOL_COMPUTED,SINGLE,28,16,3.205,7.2521,1.0,1793
0703002-0918-11-09-gnss_raw.txt,2436,443115.100,FINESTEERING,SOL_COMPUTED,SINGLE,28,16,3.3258,7.5275,1.1,1793
0703002-0918-11-09-gnss_raw.txt,2436,443115.200,FINESTEERING,SOL_COMPUTED,SINGLE,28,16,3.3782,7.6532,1.2,1793
0703002-0918-11-09-gnss_raw.txt,2436,443115.300,FINESTEERING,SOL_COMPUTED,SINGLE,28,16,3.1577,7.157,1.3,1793
0703002-0918-11-09-gnss_raw.txt,2436,443115.400,FINESTEERING,SOL_COMPUTED,SINGLE,28,16,3.0774,6.982,1.4,1793
0703002-0918-11-09-gnss_raw.txt,2436,443115.500,FINESTEERING,SOL_COMPUTED,SINGLE,28,16,2.9469,6.6938,1.5,1793
0703002-0918-11-09-gnss_raw.txt,2436,443115.600,FINESTEERING,SOL_COMPUTED,SINGLE,28,16,3.6847,8.3783,1.6,1793
0703002-0918-11-09-gnss_raw.txt,2436,443115.700,FINESTEERING,SOL_COMPUTED,SINGLE,27,16,3.3205,7.5582,1.7,1793
0703002-0918-11-09-gnss_raw.txt,2436,443115.800,FINESTEERING,SOL_COMPUTED,SINGLE,27,16,3.1842,7.2513,1.8,1793
0703002-0918-11-09-gnss_raw.txt,2436,443115.900,FINESTEERING,SOL_COMPUTED,SINGLE,27,16,2.9693,6.7664,1.9,1793
0703002-0918-11-09-gnss_raw.txt,2436,443116.000,FINESTEERING,SOL_COMPUTED,SINGLE,27,16,3.3669,7.6751,1.0,1793
0703002-0918-11-09-gnss_raw.txt,2436,443116.100,FINESTEERING,SOL_COMPUTED,SINGLE,27,16,3.1713,7.2306,1.1,1793
0703002-0918-11-09-gnss_raw.txt,2436,443116.200,FINESTEERING,SOL_COMPUTED,SINGLE,27,16,3.1388,7.1602,1.2,1793
0703002-0918-11-09-gnss_raw.txt,2436,443116.300,FINESTEERING,SOL_COMPUTED,SINGLE,27,16,3.2075,7.3235,1.3,1793
0703002-0918-11-09-gnss_raw.txt,2436,443116.400,FINESTEERING,SOL_COMPUTED,SINGLE,27,16,3.1381,7.1649,1.4,1793
0703002-0918-11-09-gnss_raw.txt,2436,443116.500,FINESTEERING,SOL_COMPUTED,SINGLE,27,16,3.5744,8.1644,1.5,1793
0703002-0918-11-09-gnss_raw.txt,2436,443116.600,FINESTEERING,SOL_COMPUTED,SINGLE,27,16,3.7765,8.6307,1.6,1793
0703002-0918-11-09-gnss_raw.txt,2436,443116.700,FINESTEERING,SOL_COMPUTED,SINGLE,27,16,3.2978,7.5391,1.7,1793
0703002-0918-11-09-gnss_raw.txt,2436,443116.800,FINESTEERING,SOL_COMPUTED,SINGLE,26,16,3.0832,7.0541,1.8,1793
0703002-0918-11-09-gnss_raw.txt,2436,443116.900,FINESTEERING,SOL_COMPUTED,SINGLE,26,16,3.0906,7.0753,1.9,1793
0703002-0918-11-09-gnss_raw.txt,2436,443117.000,FINESTEERING,SOL_COMPUTED,SINGLE,26,16,3.1881,7.3021,2.0,1793
0703002-0918-11-09-gnss_raw.txt,2436,443117.100,FINESTEERING,SOL_COMPUTED,SINGLE,26,16,2.8953,6.634,1.1,1793
0703002-0918-11-09-gnss_raw.txt,2436,443117.200,FINESTEERING,SOL_COMPUTED,SINGLE,26,16,3.1527,7.2268,1.2,1793
0703002-0918-11-09-gnss_raw.txt,2436,443117.300,FINESTEERING,SOL_COMPUTED,SINGLE,26,16,3.6407,8.3536,1.3,1793
0703002-0918-11-09-gnss_raw.txt,2436,443117.400,FINESTEERING,SOL_COMPUTED,SINGLE,26,16,3.1448,7.2213,1.4,1793
0703002-0918-11-09-gnss_raw.txt,2436,443117.500,FINESTEERING,SOL_COMPUTED,SINGLE,26,16,3.3058,7.5945,1.5,1793
0703002-0918-11-09-gnss_raw.txt,2436,443117.600,FINESTEERING,SOL_COMPUTED,SINGLE,26,16,3.0067,6.9136,1.6,1793
0703002-0918-11-09-gnss_raw.txt,2436,443117.700,FINESTEERING,SOL_COMPUTED,SINGLE,26,16,3.3203,7.6498,1.7,1793
0703002-0918-11-09-gnss_raw.txt,2436,443117.800,FINESTEERING,SOL_COMPUTED,SINGLE,26,16,3.5497,8.1786,1.8,1793
0703002-0918-11-09-gnss_raw.txt,2436,443117.900,FINESTEERING,SOL_COMPUTED,SINGLE,26,16,3.3196,7.6504,0.9,1793
0703002-0918-11-09-gnss_raw.txt,2436,443118.000,FINESTEERING,SOL_COMPUTED,SINGLE,26,16,2.9132,6.7133,1.0,1793
0703002-0918-11-09-gnss_raw.txt,2436,443118.100,FINESTEERING,SOL_COMPUTED,SINGLE,26,16,3.0637,7.0669,1.1,1793
0703002-0918-11-09-gnss_raw.txt,2436,443118.200,FINESTEERING,SOL_COMPUTED,SINGLE,26,16,2.9034,6.7106,1.2,1793
0703002-0918-11-09-gnss_raw.txt,2436,443118.300,FINESTEERING,SOL_COMPUTED,SINGLE,26,16,3.1109,7.2022,1.3,1793
0703002-0918-11-09-gnss_raw.txt,2436,443118.400,FINESTEERING,SOL_COMPUTED,SINGLE,27,16,3.3337,7.7301,1.4,1793
0703002-0918-11-09-gnss_raw.txt,2436,443118.500,FINESTEERING,SOL_COMPUTED,SINGLE,27,16,3.3375,7.7381,1.5,1793
0703002-0918-11-09-gnss_raw.txt,2436,443118.600,FINESTEERING,SOL_COMPUTED,SINGLE,27,16,2.8452,6.6112,1.6,1793
0703002-0918-11-09-gnss_raw.txt,2436,443118.700,FINESTEERING,SOL_COMPUTED,SINGLE,27,16,3.3839,7.8602,1.7,1793
0703002-0918-11-09-gnss_raw.txt,2436,443118.800,FINESTEERING,SOL_COMPUTED,SINGLE,27,16,3.1453,7.3104,1.8,1793
0703002-0918-11-09-gnss_raw.txt,2436,443118.900,FINESTEERING,SOL_COMPUTED,SINGLE,27,16,2.9251,6.7988,1.9,1793
0703002-0918-11-09-gnss_raw.txt,2436,443119.000,FINESTEERING,SOL_COMPUTED,SINGLE,27,16,2.721,6.3291,1.0,1793
0703002-0918-11-09-gnss_raw.txt,2436,443119.100,FINESTEERING,SOL_COMPUTED,SINGLE,27,16,2.8692,6.6736,1.1,1793
0703002-0918-11-09-gnss_raw.txt,2436,443119.200,FINESTEERING,SOL_COMPUTED,SINGLE,27,16,2.7716,6.4495,1.2,1793
0703002-0918-11-09-gnss_raw.txt,2436,443119.300,FINESTEERING,SOL_COMPUTED,SINGLE,27,16,2.7752,6.4627,1.3,1793
0703002-0918-11-09-gnss_raw.txt,2436,443119.400,FINESTEERING,SOL_COMPUTED,SINGLE,27,16,2.7976,6.5149,1.4,1793
0703002-0918-11-09-gnss_raw.txt,2436,443119.500,FINESTEERING,SOL_COMPUTED,SINGLE,27,16,2.7666,6.4477,1.5,1793
0703002-0918-11-09-gnss_raw.txt,2436,443119.600,FINESTEERING,SOL_COMPUTED,SINGLE,27,16,2.8272,6.5967,1.6,1793
0703002-0918-11-09-gnss_raw.txt,2436,443119.700,FINESTEERING,SOL_COMPUTED,SINGLE,27,16,2.7859,6.5076,1.7,1793
0703002-0918-11-09-gnss_raw.txt,2436,443119.800,FINESTEERING,SOL_COMPUTED,SINGLE,27,16,2.7198,6.3536,1.8,1793
0703002-0918-11-09-gnss_raw.txt,2436,443119.900,FINESTEERING,SOL_COMPUTED,SINGLE,27,16,2.9666,6.9308,0.9,1793
0703002-0918-11-09-gnss_raw.txt,2436,443120.000,FINESTEERING,SOL_COMPUTED,SINGLE,27,16,2.8004,6.5506,1.0,1793
0703002-0918-11-09-gnss_raw.txt,2436,443120.100,FINESTEERING,SOL_COMPUTED,SINGLE,27,16,3.1444,7.352,1.1,1793
0703002-0918-11-09-gnss_raw.txt,2436,443120.200,FINESTEERING,SOL_COMPUTED,SINGLE,27,16,2.999,7.0124,1.2,1793
0703002-0918-11-09-gnss_raw.txt,2436,443120.300,FINESTEERING,SOL_COMPUTED,SINGLE,27,16,3.1659,7.4037,1.3,1793
0703002-0918-11-09-gnss_raw.txt,2436,443120.400,FINESTEERING,SOL_COMPUTED,SINGLE,27,16,3.1342,7.3356,1.4,1793
0703002-0918-11-09-gnss_raw.txt,2436,443120.500,FINESTEERING,SOL_COMPUTED,SINGLE,27,16,3.0899,7.2376,1.5,1793
0703002-0918-11-09-gnss_raw.txt,2436,443120.600,FINESTEERING,SOL_COMPUTED,SINGLE,27,16,3.1454,7.3733,1.6,1793
0703002-0918-11-09-gnss_raw.txt,2436,443120.700,FINESTEERING,SOL_COMPUTED,SINGLE,27,16,3.1306,7.3452,1.7,1793
0703002-0918-11-09-gnss_raw.txt,2436,443120.800,FINESTEERING,SOL_COMPUTED,SINGLE,27,16,3.1379,7.3679,1.8,1793
0703002-0918-11-09-gnss_raw.txt,2436,443120.900,FINESTEERING,SOL_COMPUTED,SINGLE,27,16,2.7245,6.3976,0.9,1793
0703002-0918-11-09-gnss_raw.txt,2436,443121.000,FINESTEERING,SOL_COMPUTED,SINGLE,27,16,2.8958,6.8046,1.0,1793
0703002-0918-11-09-gnss_raw.txt,2436,443121.100,FINESTEERING,SOL_COMPUTED,SINGLE,27,16,3.0656,7.2084,1.1,1793
0703002-0918-11-09-gnss_raw.txt,2436,443121.200,FINESTEERING,SOL_COMPUTED,SINGLE,27,16,3.0292,7.131,1.2,1793
0703002-0918-11-09-gnss_raw.txt,2436,443121.300,FINESTEERING,SOL_COMPUTED,SINGLE,27,16,2.9989,7.0712,1.3,1793
0703002-0918-11-09-gnss_raw.txt,2436,443121.400,FINESTEERING,SOL_COMPUTED,SINGLE,27,16,3.2381,7.6308,1.4,1793
0703002-0918-11-09-gnss_raw.txt,2436,443121.500,FINESTEERING,SOL_COMPUTED,SINGLE,27,16,3.2981,7.7703,1.5,1793
0703002-0918-11-09-gnss_raw.txt,2436,443121.600,FINESTEERING,SOL_COMPUTED,SINGLE,27,16,3.2115,7.5656,1.6,1793
0703002-0918-11-09-gnss_raw.txt,2436,443121.700,FINESTEERING,SOL_COMPUTED,SINGLE,27,16,3.0257,7.1264,1.7,1793
0703002-0918-11-09-gnss_raw.txt,2436,443121.800,FINESTEERING,SOL_COMPUTED,SINGLE,27,16,3.2064,7.5551,1.8,1793
0703002-0918-11-09-gnss_raw.txt,2436,443121.900,FINESTEERING,SOL_COMPUTED,SINGLE,27,16,3.0219,7.1206,1.9,1793
0703002-0918-11-09-gnss_raw.txt,2436,443122.000,FINESTEERING,SOL_COMPUTED,SINGLE,27,15,3.1566,7.4392,2.0,1793
0703002-0918-11-09-gnss_raw.txt,2436,443122.100,FINESTEERING,SOL_COMPUTED,SINGLE,27,15,2.9591,6.9712,1.1,1793
0703002-0918-11-09-gnss_raw.txt,2436,443122.200,FINESTEERING,SOL_COMPUTED,SINGLE,27,15,3.1746,7.4751,1.2,1793
0703002-0918-11-09-gnss_raw.txt,2436,443122.300,FINESTEERING,SOL_COMPUTED,SINGLE,27,15,3.3257,7.8284,1.3,1793
0703002-0918-11-09-gnss_raw.txt,2436,443122.400,FINESTEERING,SOL_COMPUTED,SINGLE,27,15,3.3785,7.952,1.4,1793
0703002-0918-11-09-gnss_raw.txt,2436,443122.500,FINESTEERING,SOL_COMPUTED,SINGLE,27,15,3.051,7.1832,1.5,1793
0703002-0918-11-09-gnss_raw.txt,2436,443122.600,FINESTEERING,SOL_COMPUTED,SINGLE,27,15,3.2454,7.6442,1.6,1793
0703002-0918-11-09-gnss_raw.txt,2436,443122.700,FINESTEERING,SOL_COMPUTED,SINGLE,27,15,3.3351,7.8508,1.7,1793
0703002-0918-11-09-gnss_raw.txt,2436,443122.800,FINESTEERING,SOL_COMPUTED,SINGLE,27,15,3.1735,7.4613,1.8,1793
0703002-0918-11-09-gnss_raw.txt,2436,443122.900,FINESTEERING,SOL_COMPUTED,SINGLE,27,15,3.0496,7.1702,1.9,1793
0703002-0918-11-09-gnss_raw.txt,2436,443123.000,FINESTEERING,SOL_COMPUTED,SINGLE,27,15,2.9378,6.9111,1.0,1793
0703002-0918-11-09-gnss_raw.txt,2436,443123.100,FINESTEERING,SOL_COMPUTED,SINGLE,27,15,3.4202,8.0478,1.1,1793
0703002-0918-11-09-gnss_raw.txt,2436,443123.200,FINESTEERING,SOL_COMPUTED,SINGLE,27,16,2.7292,6.4301,1.2,1793
0703002-0918-11-09-gnss_raw.txt,2436,443123.300,FINESTEERING,SOL_COMPUTED,SINGLE,27,16,2.9433,6.9461,1.3,1793
0703002-0918-11-09-gnss_raw.txt,2436,443123.400,FINESTEERING,SOL_COMPUTED,SINGLE,27,16,3.3346,7.8657,1.4,1793
0703002-0918-11-09-gnss_raw.txt,2436,443123.500,FINESTEERING,SOL_COMPUTED,SINGLE,27,16,3.5754,8.434,1.5,1793
0703002-0918-11-09-gnss_raw.txt,2436,443123.600,FINESTEERING,SOL_COMPUTED,SINGLE,27,16,3.1555,7.4471,1.6,1793
0703002-0918-11-09-gnss_raw.txt,2436,443123.700,FINESTEERING,SOL_COMPUTED,SINGLE,27,16,3.1498,7.4307,1.7,1793
0703002-0918-11-09-gnss_raw.txt,2436,443123.800,FINESTEERING,SOL_COMPUTED,SINGLE,27,16,3.2335,7.6287,1.8,1793
0703002-0918-11-09-gnss_raw.txt,2436,443123.900,FINESTEERING,SOL_COMPUTED,SINGLE,27,16,3.2141,7.579,1.9,1793
0703002-0918-11-09-gnss_raw.txt,2436,443124.000,FINESTEERING,SOL_COMPUTED,SINGLE,27,16,2.9546,6.9639,1.0,1793
0703002-0918-11-09-gnss_raw.txt,2436,443124.100,FINESTEERING,SOL_COMPUTED,SINGLE,27,16,3.2259,7.6075,1.1,1793
0703002-0918-11-09-gnss_raw.txt,2436,443124.200,FINESTEERING,SOL_COMPUTED,SINGLE,27,16,3.0258,7.1375,1.2,1793
0703002-0918-11-09-gnss_raw.txt,2436,443124.300,FINESTEERING,SOL_COMPUTED,SINGLE,27,16,3.1641,7.4703,1.3,1793
0703002-0918-11-09-gnss_raw.txt,2436,443124.400,FINESTEERING,SOL_COMPUTED,SINGLE,27,16,3.2796,7.7416,1.4,1793
0703002-0918-11-09-gnss_raw.txt,2436,443124.500,FINESTEERING,SOL_COMPUTED,SINGLE,27,16,2.7875,6.5758,1.5,1793
0703002-0918-11-09-gnss_raw.txt,2436,443124.600,FINESTEERING,SOL_COMPUTED,SINGLE,27,16,3.0079,7.0984,1.6,1793
0703002-0918-11-09-gnss_raw.txt,2436,443124.700,FINESTEERING,SOL_COMPUTED,SINGLE,27,16,2.9729,7.0123,1.7,1793
0703002-0918-11-09-gnss_raw.txt,2436,443124.800,FINESTEERING,SOL_COMPUTED,SINGLE,27,16,2.9407,6.9316,1.8,1793
0703002-0918-11-09-gnss_raw.txt,2436,443124.900,FINESTEERING,SOL_COMPUTED,SINGLE,27,16,3.0083,7.0927,1.9,1793
0703002-0918-11-09-gnss_raw.txt,2436,443125.000,FINESTEERING,SOL_COMPUTED,SINGLE,27,16,2.8761,6.7863,1.0,1793
0703002-0918-11-09-gnss_raw.txt,2436,443125.100,FINESTEERING,SOL_COMPUTED,SINGLE,27,16,2.9124,6.8702,1.1,1793
0703002-0918-11-09-gnss_raw.txt,2436,443125.200,FINESTEERING,SOL_COMPUTED,SINGLE,27,16,2.8963,6.8301,1.2,1793
0703002-0918-11-09-gnss_raw.txt,2436,443125.300,FINESTEERING,SOL_COMPUTED,SINGLE,27,16,3.0415,7.1737,1.3,1793
0703002-0918-11-09-gnss_raw.txt,2436,443125.400,FINESTEERING,SOL_COMPUTED,SINGLE,27,16,2.8313,6.6865,1.4,1793
0703002-0918-11-09-gnss_raw.txt,2436,443125.500,FINESTEERING,SOL_COMPUTED,SINGLE,27,16,2.9946,7.0764,1.5,1793
0703002-0918-11-09-gnss_raw.txt,2436,443125.600,FINESTEERING,SOL_COMPUTED,SINGLE,27,16,3.1089,7.3502,1.6,1793
0703002-0918-11-09-gnss_raw.txt,2436,443125.700,FINESTEERING,SOL_COMPUTED,SINGLE,27,16,3.2914,7.7849,1.7,1793
0703002-0918-11-09-gnss_raw.txt,2436,443125.800,FINESTEERING,SOL_COMPUTED,SINGLE,27,16,2.88,6.8146,1.8,1793
0703002-0918-11-09-gnss_raw.txt,2436,443125.900,FINESTEERING,SOL_COMPUTED,SINGLE,27,16,2.9285,6.9267,1.9,1793
0703002-0918-11-09-gnss_raw.txt,2436,443126.000,FINESTEERING,SOL_COMPUTED,SINGLE,27,16,2.8843,6.8222,1.0,1793
0703002-0918-11-09-gnss_raw.txt,2436,443126.100,FINESTEERING,SOL_COMPUTED,SINGLE,27,16,2.8187,6.6705,1.1,1793
0703002-0918-11-09-gnss_raw.txt,2436,443126.200,FINESTEERING,SOL_COMPUTED,SINGLE,27,16,3.1195,7.3804,1.2,1793
0703002-0918-11-09-gnss_raw.txt,2436,443126.300,FINESTEERING,SOL_COMPUTED,SINGLE,27,16,2.9098,6.8865,1.3,1793
0703002-0918-11-09-gnss_raw.txt,2436,443126.400,FINESTEERING,SOL_COMPUTED,SINGLE,27,16,2.782,6.5851,1.4,1793
0703002-0918-11-09-gnss_raw.txt,2436,443126.500,FINESTEERING,SOL_COMPUTED,SINGLE,27,16,2.6931,6.3851,1.5,1793
0703002-0918-11-09-gnss_raw.txt,2436,443126.600,FINESTEERING,SOL_COMPUTED,SINGLE,27,16,2.7596,6.5387,1.6,1793
0703002-0918-11-09-gnss_raw.txt,2436,443126.700,FINESTEERING,SOL_COMPUTED,SINGLE,27,16,2.7694,6.5585,1.7,1793
0703002-0918-11-09-gnss_raw.txt,2436,443126.800,FINESTEERING,SOL_COMPUTED,SINGLE,27,16,2.8562,6.7691,1.8,1793
0703002-0918-11-09-gnss_raw.txt,2436,443126.900,FINESTEERING,SOL_COMPUTED,SINGLE,27,16,2.9127,6.902,1.9,1793
0703002-0918-11-09-gnss_raw.txt,2436,443127.000,FINESTEERING,SOL_COMPUTED,SINGLE,27,16,2.6841,6.3637,1.0,1793
0703002-0918-11-09-gnss_raw.txt,2436,443127.100,FINESTEERING,SOL_COMPUTED,SINGLE,27,16,2.507,5.9495,1.1,1793
0703002-0918-11-09-gnss_raw.txt,2436,443127.200,FINESTEERING,SOL_COMPUTED,SINGLE,27,16,2.6646,6.3245,1.2,1793
0703002-0918-11-09-gnss_raw.txt,2436,443127.300,FINESTEERING,SOL_COMPUTED,SINGLE,27,16,2.9704,7.0518,1.3,1793
0703002-0918-11-09-gnss_raw.txt,2436,443127.400,FINESTEERING,SOL_COMPUTED,SINGLE,27,16,2.7696,6.5821,1.4,1793
0703002-0918-11-09-gnss_raw.txt,2436,443127.500,FINESTEERING,SOL_COMPUTED,SINGLE,27,16,2.8785,6.8447,1.5,1793
0703002-0918-11-09-gnss_raw.txt,2436,443127.600,FINESTEERING,SOL_COMPUTED,SINGLE,27,16,2.8027,6.6739,1.6,1793
0703002-0918-11-09-gnss_raw.txt,2436,443127.700,FINESTEERING,SOL_COMPUTED,SINGLE,27,16,2.6095,6.2158,1.7,1793
0703002-0918-11-09-gnss_raw.txt,2436,443127.800,FINESTEERING,SOL_COMPUTED,SINGLE,27,16,2.4755,5.8978,1.8,1793
0703002-0918-11-09-gnss_raw.txt,2436,443127.900,FINESTEERING,SOL_COMPUTED,SINGLE,27,16,3.1344,7.467,1.9,1793
0703002-0918-11-09-gnss_raw.txt,2436,443128.000,FINESTEERING,SOL_COMPUTED,SINGLE,27,16,2.5896,6.1678,1.0,1793
0703002-0918-11-09-gnss_raw.txt,2436,443128.100,FINESTEERING,SOL_COMPUTED,SINGLE,27,16,3.0019,7.1485,1.1,1793
0703002-0918-11-09-gnss_raw.txt,2436,443128.200,FINESTEERING,SOL_COMPUTED,SINGLE,27,16,3.043,7.2426,1.2,1793
0703002-0918-11-09-gnss_raw.txt,2436,443128.300,FINESTEERING,SOL_COMPUTED,SINGLE,27,16,3.1044,7.3856,1.3,1793
0703002-0918-11-09-gnss_raw.txt,2436,443128.400,FINESTEERING,SOL_COMPUTED,SINGLE,27,16,2.5387,6.0417,1.4,1793
0703002-0918-11-09-gnss_raw.txt,2436,443128.500,FINESTEERING,SOL_COMPUTED,SINGLE,27,16,2.9862,7.1072,1.5,1793
0703002-0918-11-09-gnss_raw.txt,2436,443128.600,FINESTEERING,SOL_COMPUTED,SINGLE,27,16,2.9668,7.0579,1.6,1793
0703002-0918-11-09-gnss_raw.txt,2436,443128.700,FINESTEERING,SOL_COMPUTED,SINGLE,27,16,2.8125,6.6999,1.7,1793
0703002-0918-11-09-gnss_raw.txt,2436,443128.800,FINESTEERING,SOL_COMPUTED,SINGLE,27,16,2.741,6.5325,0.8,1793
0703002-0918-11-09-gnss_raw.txt,2436,443128.900,FINESTEERING,SOL_COMPUTED,SINGLE,27,16,2.7315,6.5092,0.9,1793
0703002-0918-11-09-gnss_raw.txt,2436,443129.000,FINESTEERING,SOL_COMPUTED,SINGLE,27,16,2.4864,5.9319,1.0,1793
0703002-0918-11-09-gnss_raw.txt,2436,443129.100,FINESTEERING,SOL_COMPUTED,SINGLE,27,16,2.8259,6.7379,1.1,1793
0703002-0918-11-09-gnss_raw.txt,2436,443129.200,FINESTEERING,SOL_COMPUTED,SINGLE,27,16,2.7641,6.5862,1.2,1793
0703002-0918-11-09-gnss_raw.txt,2436,443129.300,FINESTEERING,SOL_COMPUTED,SINGLE,27,16,2.5773,6.1403,1.3,1793
0703002-0918-11-09-gnss_raw.txt,2436,443129.400,FINESTEERING,SOL_COMPUTED,SINGLE,27,16,2.689,6.4035,1.4,1793
0703002-0918-11-09-gnss_raw.txt,2436,443129.500,FINESTEERING,SOL_COMPUTED,SINGLE,27,16,2.715,6.4618,1.5,1793
0703002-0918-11-09-gnss_raw.txt,2436,443129.600,FINESTEERING,SOL_COMPUTED,SINGLE,27,16,2.6355,6.276,1.6,1793
0703002-0918-11-09-gnss_raw.txt,2436,443129.700,FINESTEERING,SOL_COMPUTED,SINGLE,27,16,2.5796,6.1418,1.7,1793
0703002-0918-11-09-gnss_raw.txt,2436,443129.800,FINESTEERING,SOL_COMPUTED,SINGLE,27,16,2.8123,6.6922,1.8,1793
0703002-0918-11-09-gnss_raw.txt,2436,443129.900,FINESTEERING,SOL_COMPUTED,SINGLE,26,16,2.8114,6.6838,0.9,1793
0703002-0918-11-09-gnss_raw.txt,2436,443130.000,FINESTEERING,SOL_COMPUTED,SINGLE,26,16,2.7881,6.6244,1.0,1793
0703002-0918-11-09-gnss_raw.txt,2436,443130.100,FINESTEERING,SOL_COMPUTED,SINGLE,26,16,2.8667,6.8064,1.1,1793
0703002-0918-11-09-gnss_raw.txt,2436,443130.200,FINESTEERING,SOL_COMPUTED,SINGLE,26,16,2.6547,6.2973,1.2,1793
0703002-0918-11-09-gnss_raw.txt,2436,443130.300,FINESTEERING,SOL_COMPUTED,SINGLE,26,16,2.5933,6.1447,1.3,1793
0703002-0918-11-09-gnss_raw.txt,2436,443130.400,FINESTEERING,SOL_COMPUTED,SINGLE,26,16,2.495,5.9113,1.4,1793
0703002-0918-11-09-gnss_raw.txt,2436,443130.500,FINESTEERING,SOL_COMPUTED,SINGLE,26,16,2.6773,6.3417,1.5,1793
0703002-0918-11-09-gnss_raw.txt,2436,443130.600,FINESTEERING,SOL_COMPUTED,SINGLE,26,15,2.7024,6.3964,1.6,1793
0703002-0918-11-09-gnss_raw.txt,2436,443130.700,FINESTEERING,SOL_COMPUTED,SINGLE,26,15,2.6906,6.3617,1.7,1793
0703002-0918-11-09-gnss_raw.txt,2436,443130.800,FINESTEERING,SOL_COMPUTED,SINGLE,26,14,2.3358,5.5159,1.8,1793
0703002-0918-11-09-gnss_raw.txt,2436,443130.900,FINESTEERING,SOL_COMPUTED,SINGLE,26,14,2.3301,5.4954,1.9,1793
0703002-0918-11-09-gnss_raw.txt,2436,443131.000,FINESTEERING,SOL_COMPUTED,SINGLE,26,14,2.6331,6.2035,2.0,1793
0703002-0918-11-09-gnss_raw.txt,2436,443131.100,FINESTEERING,SOL_COMPUTED,SINGLE,26,14,2.5496,6.0056,1.1,1793
0703002-0918-11-09-gnss_raw.txt,2436,443131.200,FINESTEERING,SOL_COMPUTED,SINGLE,26,14,2.7257,6.4175,1.2,1793
0703002-0918-11-09-gnss_raw.txt,2436,443131.300,FINESTEERING,SOL_COMPUTED,SINGLE,26,14,2.5785,6.0692,1.3,1793
0703002-0918-11-09-gnss_raw.txt,2436,443131.400,FINESTEERING,SOL_COMPUTED,SINGLE,26,14,2.6379,6.203,1.4,1793
0703002-0918-11-09-gnss_raw.txt,2436,443131.500,FINESTEERING,SOL_COMPUTED,SINGLE,26,14,2.7248,6.3995,1.5,1793
0703002-0918-11-09-gnss_raw.txt,2436,443131.600,FINESTEERING,SOL_COMPUTED,SINGLE,26,14,2.7163,6.3748,1.6,1793
0703002-0918-11-09-gnss_raw.txt,2436,443131.700,FINESTEERING,SOL_COMPUTED,SINGLE,26,14,2.9277,6.867,1.7,1793
0703002-0918-11-09-gnss_raw.txt,2436,443131.800,FINESTEERING,SOL_COMPUTED,SINGLE,26,15,2.4637,5.7811,1.8,1793
0703002-0918-11-09-gnss_raw.txt,2436,443131.900,FINESTEERING,SOL_COMPUTED,SINGLE,26,16,2.5277,5.9335,1.9,1793
0703002-0918-11-09-gnss_raw.txt,2436,443132.000,FINESTEERING,SOL_COMPUTED,SINGLE,26,16,2.5571,6.0134,1.0,1793
0703002-0918-11-09-gnss_raw.txt,2436,443132.100,FINESTEERING,SOL_COMPUTED,SINGLE,26,16,2.8716,6.765,1.1,1793
0703002-0918-11-09-gnss_raw.txt,2436,443132.200,FINESTEERING,SOL_COMPUTED,SINGLE,26,16,3.094,7.2984,1.2,1793
0703002-0918-11-09-gnss_raw.txt,2436,443132.300,FINESTEERING,SOL_COMPUTED,SINGLE,26,16,2.8114,6.6381,1.3,1793
0703002-0918-11-09-gnss_raw.txt,2436,443132.400,FINESTEERING,SOL_COMPUTED,SINGLE,26,16,2.5427,6.016,1.4,1793
0703002-0918-11-09-gnss_raw.txt,2436,443132.500,FINESTEERING,SOL_COMPUTED,SINGLE,26,16,2.6406,6.2651,1.5,1793
0703002-0918-11-09-gnss_raw.txt,2436,443132.600,FINESTEERING,SOL_COMPUTED,SINGLE,26,16,2.4206,5.7449,1.6,1793
0703002-0918-11-09-gnss_raw.txt,2436,443132.700,FINESTEERING,SOL_COMPUTED,SINGLE,27,16,2.6102,6.1969,1.7,1793
0703002-0918-11-09-gnss_raw.txt,2436,443132.800,FINESTEERING,SOL_COMPUTED,SINGLE,27,16,2.61,6.2065,1.8,1793
0703002-0918-11-09-gnss_raw.txt,2436,443132.900,FINESTEERING,SOL_COMPUTED,SINGLE,27,16,2.7614,6.5726,1.9,1793
0703002-0918-11-09-gnss_raw.txt,2436,443133.000,FINESTEERING,SOL_COMPUTED,SINGLE,27,16,2.8337,6.7609,1.0,1793
0703002-0918-11-09-gnss_raw.txt,2436,443133.100,FINESTEERING,SOL_COMPUTED,SINGLE,27,15,2.5543,6.0933,1.1,1793
0703002-0918-11-09-gnss_raw.txt,2436,443133.200,FINESTEERING,SOL_COMPUTED,SINGLE,27,14,2.6292,6.2825,1.2,1793
0703002-0918-11-09-gnss_raw.txt,2436,443133.300,FINESTEERING,SOL_COMPUTED,SINGLE,27,15,2.3343,5.5821,1.3,1793
0703002-0918-11-09-gnss_raw.txt,2436,443133.400,FINESTEERING,SOL_COMPUTED,SINGLE,27,15,2.1837,5.2302,1.4,1793
0703002-0918-11-09-gnss_raw.txt,2436,443133.500,FINESTEERING,SOL_COMPUTED,SINGLE,27,15,2.1949,5.2646,1.5,1793
0703002-0918-11-09-gnss_raw.txt,2436,443133.600,FINESTEERING,SOL_COMPUTED,SINGLE,27,15,2.795,6.707,1.6,1793
0703002-0918-11-09-gnss_raw.txt,2436,443133.700,FINESTEERING,SOL_COMPUTED,SINGLE,27,15,2.5094,6.0284,1.7,1793
0703002-0918-11-09-gnss_raw.txt,2436,443133.800,FINESTEERING,SOL_COMPUTED,SINGLE,27,15,2.5819,6.204,1.8,1793
0703002-0918-11-09-gnss_raw.txt,2436,443133.900,FINESTEERING,SOL_COMPUTED,SINGLE,27,15,2.4102,5.791,0.9,1793
0703002-0918-11-09-gnss_raw.txt,2436,443134.000,FINESTEERING,SOL_COMPUTED,SINGLE,27,15,2.2299,5.3557,1.0,1793
0703002-0918-11-09-gnss_raw.txt,2436,443134.100,FINESTEERING,SOL_COMPUTED,SINGLE,27,15,2.5784,6.1955,1.1,1793
0703002-0918-11-09-gnss_raw.txt,2436,443134.200,FINESTEERING,SOL_COMPUTED,SINGLE,27,15,2.4933,5.9898,1.2,1793
0703002-0918-11-09-gnss_raw.txt,2436,443134.300,FINESTEERING,SOL_COMPUTED,SINGLE,27,15,2.4322,5.8534,1.3,1793
0703002-0918-11-09-gnss_raw.txt,2436,443134.400,FINESTEERING,SOL_COMPUTED,SINGLE,27,15,2.6841,6.461,1.4,1793
0703002-0918-11-09-gnss_raw.txt,2436,443134.500,FINESTEERING,SOL_COMPUTED,SINGLE,27,15,2.6462,6.3651,1.5,1793
0703002-0918-11-09-gnss_raw.txt,2436,443134.600,FINESTEERING,SOL_COMPUTED,SINGLE,27,15,2.7139,6.5272,1.6,1793
0703002-0918-11-09-gnss_raw.txt,2436,443134.700,FINESTEERING,SOL_COMPUTED,SINGLE,27,15,2.7839,6.6986,1.7,1793
0703002-0918-11-09-gnss_raw.txt,2436,443134.800,FINESTEERING,SOL_COMPUTED,SINGLE,27,15,2.7142,6.5353,0.8,1793
0703002-0918-11-09-gnss_raw.txt,2436,443134.900,FINESTEERING,SOL_COMPUTED,SINGLE,27,15,2.7938,6.733,0.9,1793
0703002-0918-11-09-gnss_raw.txt,2436,443135.000,FINESTEERING,SOL_COMPUTED,SINGLE,27,15,2.8171,6.7911,1.0,1793
0703002-0918-11-09-gnss_raw.txt,2436,443135.100,FINESTEERING,SOL_COMPUTED,SINGLE,27,15,2.9979,7.2325,1.1,1793
0703002-0918-11-09-gnss_raw.txt,2436,443135.200,FINESTEERING,SOL_COMPUTED,SINGLE,27,15,3.0593,7.3968,1.2,1793
0703002-0918-11-09-gnss_raw.txt,2436,443135.300,FINESTEERING,SOL_COMPUTED,SINGLE,27,15,3.1742,7.6668,1.3,1793
0703002-0918-11-09-gnss_raw.txt,2436,443135.400,FINESTEERING,SOL_COMPUTED,SINGLE,27,15,2.9149,7.0495,1.4,1793
0703002-0918-11-09-gnss_raw.txt,2436,443135.500,FINESTEERING,SOL_COMPUTED,SINGLE,27,16,3.293,7.9649,1.5,1793
0703002-0918-11-09-gnss_raw.txt,2436,443135.600,FINESTEERING,SOL_COMPUTED,SINGLE,27,16,2.7512,6.6563,1.6,1793
0703002-0918-11-09-gnss_raw.txt,2436,443135.700,FINESTEERING,SOL_COMPUTED,SINGLE,27,16,3.1561,7.6413,1.7,1793
0703002-0918-11-09-gnss_raw.txt,2436,443135.800,FINESTEERING,SOL_COMPUTED,SINGLE,27,16,3.0167,7.3035,1.8,1793
0703002-0918-11-09-gnss_raw.txt,2436,443135.900,FINESTEERING,SOL_COMPUTED,SINGLE,27,16,2.5522,6.1805,1.9,1793
0703002-0918-11-09-gnss_raw.txt,2436,443136.000,FINESTEERING,SOL_COMPUTED,SINGLE,27,16,3.188,7.7248,1.0,1793
0703002-0918-11-09-gnss_raw.txt,2436,443136.100,FINESTEERING,SOL_COMPUTED,SINGLE,27,16,3.2467,7.868,1.1,1793
0703002-0918-11-09-gnss_raw.txt,2436,443136.200,FINESTEERING,SOL_COMPUTED,SINGLE,27,16,3.0698,7.442,1.2,1793
0703002-0918-11-09-gnss_raw.txt,2436,443136.300,FINESTEERING,SOL_COMPUTED,SINGLE,27,16,3.0324,7.3483,1.3,1793
0703002-0918-11-09-gnss_raw.txt,2436,443136.400,FINESTEERING,SOL_COMPUTED,SINGLE,27,16,2.847,6.8928,1.4,1793
0703002-0918-11-09-gnss_raw.txt,2436,443136.500,FINESTEERING,SOL_COMPUTED,SINGLE,27,16,3.0072,7.2737,1.5,1793
0703002-0918-11-09-gnss_raw.txt,2436,443136.600,FINESTEERING,SOL_COMPUTED,SINGLE,27,16,3.1909,7.7086,1.6,1793
0703002-0918-11-09-gnss_raw.txt,2436,443136.700,FINESTEERING,SOL_COMPUTED,SINGLE,27,16,3.1239,7.5368,1.7,1793
0703002-0918-11-09-gnss_raw.txt,2436,443136.800,FINESTEERING,SOL_COMPUTED,SINGLE,27,16,2.9936,7.215,1.8,1793
0703002-0918-11-09-gnss_raw.txt,2436,443136.900,FINESTEERING,SOL_COMPUTED,SINGLE,27,16,3.1786,7.6558,1.9,1793
0703002-0918-11-09-gnss_raw.txt,2436,443137.000,FINESTEERING,SOL_COMPUTED,SINGLE,27,16,3.3426,8.0444,1.0,1793
0703002-0918-11-09-gnss_raw.txt,2436,443137.100,FINESTEERING,SOL_COMPUTED,SINGLE,27,16,3.0877,7.4318,1.1,1793
0703002-0918-11-09-gnss_raw.txt,2436,443137.200,FINESTEERING,SOL_COMPUTED,SINGLE,27,16,3.0186,7.2598,1.2,1793
0703002-0918-11-09-gnss_raw.txt,2436,443137.300,FINESTEERING,SOL_COMPUTED,SINGLE,27,16,3.3608,8.0769,1.3,1793
0703002-0918-11-09-gnss_raw.txt,2436,443137.400,FINESTEERING,SOL_COMPUTED,SINGLE,27,16,3.1139,7.478,1.4,1793
0703002-0918-11-09-gnss_raw.txt,2436,443137.500,FINESTEERING,SOL_COMPUTED,SINGLE,27,16,3.1296,7.5128,1.5,1793
0703002-0918-11-09-gnss_raw.txt,2436,443137.600,FINESTEERING,SOL_COMPUTED,SINGLE,27,16,3.174,7.6108,1.6,1793
0703002-0918-11-09-gnss_raw.txt,2436,443137.700,FINESTEERING,SOL_COMPUTED,SINGLE,27,16,3.2357,7.7549,1.7,1793
0703002-0918-11-09-gnss_raw.txt,2436,443137.800,FINESTEERING,SOL_COMPUTED,SINGLE,27,16,3.4791,8.3301,1.8,1793
0703002-0918-11-09-gnss_raw.txt,2436,443137.900,FINESTEERING,SOL_COMPUTED,SINGLE,27,16,3.2911,7.8741,1.9,1793
0703002-0918-11-09-gnss_raw.txt,2436,443138.000,FINESTEERING,SOL_COMPUTED,SINGLE,27,16,3.1182,7.4574,2.0,1793
0703002-0918-11-09-gnss_raw.txt,2436,443138.100,FINESTEERING,SOL_COMPUTED,SINGLE,27,15,2.796,6.6887,1.1,1793
0703002-0918-11-09-gnss_raw.txt,2436,443138.200,FINESTEERING,SOL_COMPUTED,SINGLE,27,16,3.1911,7.6381,1.2,1793
0703002-0918-11-09-gnss_raw.txt,2436,443138.300,FINESTEERING,SOL_COMPUTED,SINGLE,26,16,3.1486,7.5378,1.3,1793
0703002-0918-11-09-gnss_raw.txt,2436,443138.400,FINESTEERING,SOL_COMPUTED,SINGLE,26,16,3.4237,8.2026,1.4,1793
0703002-0918-11-09-gnss_raw.txt,2436,443138.500,FINESTEERING,SOL_COMPUTED,SINGLE,26,16,2.9895,7.1619,1.5,1793
0703002-0918-11-09-gnss_raw.txt,2436,443138.600,FINESTEERING,SOL_COMPUTED,SINGLE,26,16,2.963,7.0991,1.6,1793
0703002-0918-11-09-gnss_raw.txt,2436,443138.700,FINESTEERING,SOL_COMPUTED,SINGLE,26,16,2.7481,6.5868,1.7,1793
0703002-0918-11-09-gnss_raw.txt,2436,443138.800,FINESTEERING,SOL_COMPUTED,SINGLE,26,16,2.8675,6.8751,1.8,1793
0703002-0918-11-09-gnss_raw.txt,2436,443138.900,FINESTEERING,SOL_COMPUTED,SINGLE,26,16,3.0028,7.1951,0.9,1793
0703002-0918-11-09-gnss_raw.txt,2436,443139.000,FINESTEERING,SOL_COMPUTED,SINGLE,26,16,2.9072,6.9641,1.0,1793
0703002-0918-11-09-gnss_raw.txt,2436,443139.100,FINESTEERING,SOL_COMPUTED,SINGLE,26,16,2.9549,7.0721,1.1,1793
0703002-0918-11-09-gnss_raw.txt,2436,443139.200,FINESTEERING,SOL_COMPUTED,SINGLE,26,16,3.2749,7.8392,1.2,1793
0703002-0918-11-09-gnss_raw.txt,2436,443139.300,FINESTEERING,SOL_COMPUTED,SINGLE,26,16,2.7481,6.5775,1.3,1793
0703002-0918-11-09-gnss_raw.txt,2436,443139.400,FINESTEERING,SOL_COMPUTED,SINGLE,26,16,2.7319,6.5344,1.4,1793
0703002-0918-11-09-gnss_raw.txt,2436,443139.500,FINESTEERING,SOL_COMPUTED,SINGLE,27,16,2.9211,6.9891,1.5,1793
0703002-0918-11-09-gnss_raw.txt,2436,443139.600,FINESTEERING,SOL_COMPUTED,SINGLE,27,16,3.3868,8.0955,1.6,1793
0703002-0918-11-09-gnss_raw.txt,2436,443139.700,FINESTEERING,SOL_COMPUTED,SINGLE,27,16,3.2715,7.8162,1.7,1793
0703002-0918-11-09-gnss_raw.txt,2436,443139.800,FINESTEERING,SOL_COMPUTED,SINGLE,27,16,3.1881,7.618,1.8,1793
0703002-0918-11-09-gnss_raw.txt,2436,443139.900,FINESTEERING,SOL_COMPUTED,SINGLE,27,16,2.9172,6.969,1.9,1793
0703002-0918-11-09-gnss_raw.txt,2436,443140.000,FINESTEERING,SOL_COMPUTED,SINGLE,27,16,3.1543,7.5279,1.0,1793
0703002-0918-11-09-gnss_raw.txt,2436,443140.100,FINESTEERING,SOL_COMPUTED,SINGLE,27,16,3.1671,7.5646,1.1,1793
0703002-0918-11-09-gnss_raw.txt,2436,443140.200,FINESTEERING,SOL_COMPUTED,SINGLE,27,16,3.1451,7.5125,1.2,1793
0703002-0918-11-09-gnss_raw.txt,2436,443140.300,FINESTEERING,SOL_COMPUTED,SINGLE,27,16,3.3368,7.9725,1.3,1793
0703002-0918-11-09-gnss_raw.txt,2436,443140.400,FINESTEERING,SOL_COMPUTED,SINGLE,27,16,3.4819,8.3097,1.4,1793
0703002-0918-11-09-gnss_raw.txt,2436,443140.500,FINESTEERING,SOL_COMPUTED,SINGLE,27,16,3.0558,7.2859,1.5,1793
0703002-0918-11-09-gnss_raw.txt,2436,443140.600,FINESTEERING,SOL_COMPUTED,SINGLE,27,16,3.1967,7.6154,1.6,1793
0703002-0918-11-09-gnss_raw.txt,2436,443140.700,FINESTEERING,SOL_COMPUTED,SINGLE,27,16,3.2507,7.7469,1.7,1793
0703002-0918-11-09-gnss_raw.txt,2436,443140.800,FINESTEERING,SOL_COMPUTED,SINGLE,27,16,2.9036,6.9133,1.8,1793
0703002-0918-11-09-gnss_raw.txt,2436,443140.900,FINESTEERING,SOL_COMPUTED,SINGLE,27,16,3.1683,7.5388,1.9,1793
0703002-0918-11-09-gnss_raw.txt,2436,443141.000,FINESTEERING,SOL_COMPUTED,SINGLE,27,16,3.1444,7.4834,2.0,1793
0703002-0918-11-09-gnss_raw.txt,2436,443141.100,FINESTEERING,SOL_COMPUTED,SINGLE,27,16,3.0875,7.3472,1.1,1793
0703002-0918-11-09-gnss_raw.txt,2436,443141.200,FINESTEERING,SOL_COMPUTED,SINGLE,27,16,2.8405,6.7682,1.2,1793
0703002-0918-11-09-gnss_raw.txt,2436,443141.300,FINESTEERING,SOL_COMPUTED,SINGLE,27,16,2.8707,6.8425,1.3,1793
0703002-0918-11-09-gnss_raw.txt,2436,443141.400,FINESTEERING,SOL_COMPUTED,SINGLE,27,16,3.0858,7.3594,1.4,1793
0703002-0918-11-09-gnss_raw.txt,2436,443141.500,FINESTEERING,SOL_COMPUTED,SINGLE,27,16,3.1881,7.6086,1.5,1793
0703002-0918-11-09-gnss_raw.txt,2436,443141.600,FINESTEERING,SOL_COMPUTED,SINGLE,27,16,3.1098,7.423,1.6,1793
0703002-0918-11-09-gnss_raw.txt,2436,443141.700,FINESTEERING,SOL_COMPUTED,SINGLE,27,16,3.2379,7.7362,1.7,1793
0703002-0918-11-09-gnss_raw.txt,2436,443141.800,FINESTEERING,SOL_COMPUTED,SINGLE,27,16,3.0473,7.2837,1.8,1793
0703002-0918-11-09-gnss_raw.txt,2436,443141.900,FINESTEERING,SOL_COMPUTED,SINGLE,27,16,2.8293,6.7638,1.9,1793
0703002-0918-11-09-gnss_raw.txt,2436,443142.000,FINESTEERING,SOL_COMPUTED,SINGLE,27,16,2.8985,6.9252,2.0,1793
0703002-0918-11-09-gnss_raw.txt,2436,443142.100,FINESTEERING,SOL_COMPUTED,SINGLE,27,16,3.0458,7.2798,1.1,1793
0703002-0918-11-09-gnss_raw.txt,2436,443142.200,FINESTEERING,SOL_COMPUTED,SINGLE,27,16,3.0098,7.1969,1.2,1793
0703002-0918-11-09-gnss_raw.txt,2436,443142.300,FINESTEERING,SOL_COMPUTED,SINGLE,27,16,3.1212,7.4675,1.3,1793
0703002-0918-11-09-gnss_raw.txt,2436,443142.400,FINESTEERING,SOL_COMPUTED,SINGLE,27,16,3.2799,7.8505,1.4,1793
0703002-0918-11-09-gnss_raw.txt,2436,443142.500,FINESTEERING,SOL_COMPUTED,SINGLE,27,16,3.2035,7.6709,1.5,1793
0703002-0918-11-09-gnss_raw.txt,2436,443142.600,FINESTEERING,SOL_COMPUTED,SINGLE,27,16,3.1459,7.5376,1.6,1793
0703002-0918-11-09-gnss_raw.txt,2436,443142.700,FINESTEERING,SOL_COMPUTED,SINGLE,27,16,2.7829,6.6681,1.7,1793
0703002-0918-11-09-gnss_raw.txt,2436,443142.800,FINESTEERING,SOL_COMPUTED,SINGLE,27,16,2.7192,6.5198,1.8,1793
0703002-0918-11-09-gnss_raw.txt,2436,443142.900,FINESTEERING,SOL_COMPUTED,SINGLE,27,16,2.9159,6.9969,1.9,1793
0703002-0918-11-09-gnss_raw.txt,2436,443143.000,FINESTEERING,SOL_COMPUTED,SINGLE,27,15,2.4247,5.8214,1.0,1793
0703002-0918-11-09-gnss_raw.txt,2436,443143.100,FINESTEERING,SOL_COMPUTED,SINGLE,27,16,2.9093,6.9821,1.1,1793
0703002-0918-11-09-gnss_raw.txt,2436,443143.200,FINESTEERING,SOL_COMPUTED,SINGLE,27,16,2.6025,6.246,1.2,1793
0703002-0918-11-09-gnss_raw.txt,2436,443143.300,FINESTEERING,SOL_COMPUTED,SINGLE,27,16,3.2444,7.7814,1.3,1793
0703002-0918-11-09-gnss_raw.txt,2436,443143.400,FINESTEERING,SOL_COMPUTED,SINGLE,27,16,2.6374,6.3288,1.4,1793
0703002-0918-11-09-gnss_raw.txt,2436,443143.500,FINESTEERING,SOL_COMPUTED,SINGLE,27,16,2.8607,6.8636,1.5,1793
0703002-0918-11-09-gnss_raw.txt,2436,443143.600,FINESTEERING,SOL_COMPUTED,SINGLE,27,16,3.0775,7.3878,1.6,1793
0703002-0918-11-09-gnss_raw.txt,2436,443143.700,FINESTEERING,SOL_COMPUTED,SINGLE,27,16,2.9777,7.1525,1.7,1793
0703002-0918-11-09-gnss_raw.txt,2436,443143.800,FINESTEERING,SOL_COMPUTED,SINGLE,27,16,3.124,7.5122,1.8,1793
0703002-0918-11-09-gnss_raw.txt,2436,443143.900,FINESTEERING,SOL_COMPUTED,SINGLE,27,16,3.2279,7.7673,1.9,1793
0703002-0918-11-09-gnss_raw.txt,2436,443144.000,FINESTEERING,SOL_COMPUTED,SINGLE,27,16,2.9683,7.1435,1.0,1793
0703002-0918-11-09-gnss_raw.txt,2436,443144.100,FINESTEERING,SOL_COMPUTED,SINGLE,27,16,2.9895,7.201,1.1,1793
0703002-0918-11-09-gnss_raw.txt,2436,443144.200,FINESTEERING,SOL_COMPUTED,SINGLE,27,16,3.0671,7.3881,1.2,1793
0703002-0918-11-09-gnss_raw.txt,2436,443144.300,FINESTEERING,SOL_COMPUTED,SINGLE,27,16,2.9582,7.1317,1.3,1793
0703002-0918-11-09-gnss_raw.txt,2436,443144.400,FINESTEERING,SOL_COMPUTED,SINGLE,27,16,2.831,6.8282,1.4,1793
0703002-0918-11-09-gnss_raw.txt,2436,443144.500,FINESTEERING,SOL_COMPUTED,SINGLE,27,16,2.6295,6.3466,1.5,1793
0703002-0918-11-09-gnss_raw.txt,2436,443144.600,FINESTEERING,SOL_COMPUTED,SINGLE,27,16,2.4043,5.8018,1.6,1793
0703002-0918-11-09-gnss_raw.txt,2436,443144.700,FINESTEERING,SOL_COMPUTED,SINGLE,27,16,2.5916,6.2476,1.7,1793
0703002-0918-11-09-gnss_raw.txt,2436,443144.800,FINESTEERING,SOL_COMPUTED,SINGLE,27,16,2.7333,6.583,1.8,1793
0703002-0918-11-09-gnss_raw.txt,2436,443144.900,FINESTEERING,SOL_COMPUTED,SINGLE,27,16,3.2049,7.7087,0.9,1793
0703002-0918-11-09-gnss_raw.txt,2436,443145.000,FINESTEERING,SOL_COMPUTED,SINGLE,27,16,3.2676,7.8539,1.0,1793
0703002-0918-11-09-gnss_raw.txt,2436,443145.100,FINESTEERING,SOL_COMPUTED,SINGLE,27,16,3.3821,8.1219,1.1,1793
0703002-0918-11-09-gnss_raw.txt,2436,443145.200,FINESTEERING,SOL_COMPUTED,SINGLE,27,15,3.3061,7.9257,1.2,1793
0703002-0918-11-09-gnss_raw.txt,2436,443145.300,FINESTEERING,SOL_COMPUTED,SINGLE,27,15,3.3279,7.9737,1.3,1793
0703002-0918-11-09-gnss_raw.txt,2436,443145.400,FINESTEERING,SOL_COMPUTED,SINGLE,27,15,3.7345,8.9323,1.4,1793
0703002-0918-11-09-gnss_raw.txt,2436,443145.500,FINESTEERING,SOL_COMPUTED,SINGLE,27,16,3.7079,8.8542,1.5,1793
0703002-0918-11-09-gnss_raw.txt,2436,443145.600,FINESTEERING,SOL_COMPUTED,SINGLE,27,15,3.7163,8.8595,1.6,1793
0703002-0918-11-09-gnss_raw.txt,2436,443145.700,FINESTEERING,SOL_COMPUTED,SINGLE,28,16,3.2884,7.8346,1.7,1793
0703002-0918-11-09-gnss_raw.txt,2436,443145.800,FINESTEERING,SOL_COMPUTED,SINGLE,28,17,3.0526,7.2735,0.8,1793
0703002-0918-11-09-gnss_raw.txt,2436,443145.900,FINESTEERING,SOL_COMPUTED,SINGLE,28,16,3.0579,7.2823,0.9,1793
0703002-0918-11-09-gnss_raw.txt,2436,443146.000,FINESTEERING,SOL_COMPUTED,SINGLE,28,15,2.6419,6.2893,1.0,1793
0703002-0918-11-09-gnss_raw.txt,2436,443146.100,FINESTEERING,SOL_COMPUTED,SINGLE,28,16,3.075,7.3102,1.1,1793
0703002-0918-11-09-gnss_raw.txt,2436,443146.200,FINESTEERING,SOL_COMPUTED,SINGLE,28,16,3.3076,7.8599,1.2,1793
0703002-0918-11-09-gnss_raw.txt,2436,443146.300,FINESTEERING,SOL_COMPUTED,SINGLE,29,16,3.5718,8.4739,1.3,1793
0703002-0918-11-09-gnss_raw.txt,2436,443146.400,FINESTEERING,SOL_COMPUTED,SINGLE,29,15,3.2066,7.5938,1.4,1793
0703002-0918-11-09-gnss_raw.txt,2436,443146.500,FINESTEERING,SOL_COMPUTED,SINGLE,29,15,2.747,6.4972,1.5,1793
0703002-0918-11-09-gnss_raw.txt,2436,443146.600,FINESTEERING,SOL_COMPUTED,SINGLE,29,17,3.0221,7.1317,1.6,1793
0703002-0918-11-09-gnss_raw.txt,2436,443146.700,FINESTEERING,SOL_COMPUTED,SINGLE,29,15,3.1453,7.4045,1.7,1793
0703002-0918-11-09-gnss_raw.txt,2436,443146.800,FINESTEERING,SOL_COMPUTED,SINGLE,29,17,2.9166,6.8497,0.8,1793
0703002-0918-11-09-gnss_raw.txt,2436,443146.900,FINESTEERING,SOL_COMPUTED,SINGLE,29,17,3.1041,7.2718,0.9,1793
0703002-0918-11-09-gnss_raw.txt,2436,443147.000,FINESTEERING,SOL_COMPUTED,SINGLE,29,17,3.2596,7.6186,1.0,1793
0703002-0918-11-09-gnss_raw.txt,2436,443147.100,FINESTEERING,SOL_COMPUTED,SINGLE,29,17,2.895,6.75,1.1,1793
0703002-0918-11-09-gnss_raw.txt,2436,443147.200,FINESTEERING,SOL_COMPUTED,SINGLE,29,17,2.7076,6.2977,1.2,1793
0703002-0918-11-09-gnss_raw.txt,2436,443147.300,FINESTEERING,SOL_COMPUTED,SINGLE,29,17,2.9958,6.9623,1.3,1793
0703002-0918-11-09-gnss_raw.txt,2436,443147.400,FINESTEERING,SOL_COMPUTED,SINGLE,29,17,2.5653,5.9559,1.4,1793
0703002-0918-11-09-gnss_raw.txt,2436,443147.500,FINESTEERING,SOL_COMPUTED,SINGLE,29,17,2.788,6.4686,1.5,1793
0703002-0918-11-09-gnss_raw.txt,2436,443147.600,FINESTEERING,SOL_COMPUTED,SINGLE,29,17,3.0375,7.0397,1.6,1793
0703002-0918-11-09-gnss_raw.txt,2436,443147.700,FINESTEERING,SOL_COMPUTED,SINGLE,29,17,3.0063,6.9591,1.7,1793
0703002-0918-11-09-gnss_raw.txt,2436,443147.800,FINESTEERING,SOL_COMPUTED,SINGLE,29,17,3.1591,7.3041,1.8,1793
0703002-0918-11-09-gnss_raw.txt,2436,443147.900,FINESTEERING,SOL_COMPUTED,SINGLE,29,17,3.2273,7.4541,1.9,1793
0703002-0918-11-09-gnss_raw.txt,2436,443148.000,FINESTEERING,SOL_COMPUTED,SINGLE,29,17,3.098,7.1535,1.0,1793
0703002-0918-11-09-gnss_raw.txt,2436,443148.100,FINESTEERING,SOL_COMPUTED,SINGLE,29,17,3.2874,7.5858,1.1,1793
0703002-0918-11-09-gnss_raw.txt,2436,443148.200,FINESTEERING,SOL_COMPUTED,SINGLE,29,17,2.8058,6.4715,1.2,1793
0703002-0918-11-09-gnss_raw.txt,2436,443148.300,FINESTEERING,SOL_COMPUTED,SINGLE,29,17,2.9202,6.737,1.3,1793
0703002-0918-11-09-gnss_raw.txt,2436,443148.400,FINESTEERING,SOL_COMPUTED,SINGLE,29,17,2.7812,6.4173,1.4,1793
0703002-0918-11-09-gnss_raw.txt,2436,443148.500,FINESTEERING,SOL_COMPUTED,SINGLE,30,18,2.8185,6.5018,1.5,1793
0703002-0918-11-09-gnss_raw.txt,2436,443148.600,FINESTEERING,SOL_COMPUTED,SINGLE,30,18,3.0641,7.0685,1.6,1793
0703002-0918-11-09-gnss_raw.txt,2436,443148.700,FINESTEERING,SOL_COMPUTED,SINGLE,30,18,2.778,6.408,1.7,1793
0703002-0918-11-09-gnss_raw.txt,2436,443148.800,FINESTEERING,SOL_COMPUTED,SINGLE,30,18,3.2245,7.4342,0.8,1793
0703002-0918-11-09-gnss_raw.txt,2436,443148.900,FINESTEERING,SOL_COMPUTED,SINGLE,30,18,3.0998,7.1409,0.9,1793
0703002-0918-11-09-gnss_raw.txt,2436,443149.000,FINESTEERING,SOL_COMPUTED,SINGLE,30,18,2.6681,6.1443,1.0,1793
0703002-0918-11-09-gnss_raw.txt,2436,443149.100,FINESTEERING,SOL_COMPUTED,SINGLE,30,18,2.7173,6.2593,1.1,1793
0703002-0918-11-09-gnss_raw.txt,2436,443149.200,FINESTEERING,SOL_COMPUTED,SINGLE,30,18,3.0811,7.0977,1.2,1793
0703002-0918-11-09-gnss_raw.txt,2436,443149.300,FINESTEERING,SOL_COMPUTED,SINGLE,30,18,2.9565,6.8114,1.3,1793
0703002-0918-11-09-gnss_raw.txt,2436,443149.400,FINESTEERING,SOL_COMPUTED,SINGLE,30,18,3.1057,7.1493,1.4,1793
0703002-0918-11-09-gnss_raw.txt,2436,443149.500,FINESTEERING,SOL_COMPUTED,SINGLE,30,18,3.3326,7.673,1.5,1793
0703002-0918-11-09-gnss_raw.txt,2436,443149.600,FINESTEERING,SOL_COMPUTED,SINGLE,30,18,3.2016,7.3643,1.6,1793
0703002-0918-11-09-gnss_raw.txt,2436,443149.700,FINESTEERING,SOL_COMPUTED,SINGLE,30,18,2.9306,6.7344,1.7,1793
0703002-0918-11-09-gnss_raw.txt,2436,443149.800,FINESTEERING,SOL_COMPUTED,SINGLE,30,18,3.1411,7.208,1.8,1793
0703002-0918-11-09-gnss_raw.txt,2436,443149.900,FINESTEERING,SOL_COMPUTED,SINGLE,30,18,2.8592,6.5525,1.9,1793
0703002-0918-11-09-gnss_raw.txt,2436,443150.000,FINESTEERING,SOL_COMPUTED,SINGLE,30,18,3.194,7.3117,1.0,1793
0703002-0918-11-09-gnss_raw.txt,2436,443150.100,FINESTEERING,SOL_COMPUTED,SINGLE,30,18,3.1046,7.098,1.1,1793
0703002-0918-11-09-gnss_raw.txt,2436,443150.200,FINESTEERING,SOL_COMPUTED,SINGLE,30,17,3.2196,7.3573,1.2,1793
0703002-0918-11-09-gnss_raw.txt,2436,443150.300,FINESTEERING,SOL_COMPUTED,SINGLE,30,18,2.7144,6.1966,1.3,1793
0703002-0918-11-09-gnss_raw.txt,2436,443150.400,FINESTEERING,SOL_COMPUTED,SINGLE,30,17,3.133,7.1466,1.4,1793
0703002-0918-11-09-gnss_raw.txt,2436,443150.500,FINESTEERING,SOL_COMPUTED,SINGLE,30,18,2.9898,6.8159,1.5,1793
0703002-0918-11-09-gnss_raw.txt,2436,443150.600,FINESTEERING,SOL_COMPUTED,SINGLE,30,17,2.7357,6.2318,1.6,1793
0703002-0918-11-09-gnss_raw.txt,2436,443150.700,FINESTEERING,SOL_COMPUTED,SINGLE,30,18,3.0921,7.0379,1.7,1793
0703002-0918-11-09-gnss_raw.txt,2436,443150.800,FINESTEERING,SOL_COMPUTED,SINGLE,30,17,3.1417,7.1463,0.8,1793
0703002-0918-11-09-gnss_raw.txt,2436,443150.900,FINESTEERING,SOL_COMPUTED,SINGLE,30,17,3.1675,7.2033,0.9,1793
0703002-0918-11-09-gnss_raw.txt,2436,443151.000,FINESTEERING,SOL_COMPUTED,SINGLE,30,18,2.6425,6.0109,1.0,1793
0703002-0918-11-09-gnss_raw.txt,2436,443151.100,FINESTEERING,SOL_COMPUTED,SINGLE,30,18,2.4673,5.6101,1.1,1793
0703002-0918-11-09-gnss_raw.txt,2436,443151.200,FINESTEERING,SOL_COMPUTED,SINGLE,30,18,2.8657,6.5162,1.2,1793
0703002-0918-11-09-gnss_raw.txt,2436,443151.300,FINESTEERING,SOL_COMPUTED,SINGLE,30,18,2.8666,6.5126,1.3,1793
0703002-0918-11-09-gnss_raw.txt,2436,443151.400,FINESTEERING,SOL_COMPUTED,SINGLE,30,18,2.8254,6.412,1.4,1793
0703002-0918-11-09-gnss_raw.txt,2436,443151.500,FINESTEERING,SOL_COMPUTED,SINGLE,30,18,3.2425,7.3551,1.5,1793
0703002-0918-11-09-gnss_raw.txt,2436,443151.600,FINESTEERING,SOL_COMPUTED,SINGLE,30,18,3.0748,6.9707,1.6,1793
0703002-0918-11-09-gnss_raw.txt,2436,443151.700,FINESTEERING,SOL_COMPUTED,SINGLE,30,18,2.9426,6.6686,1.7,1793
0703002-0918-11-09-gnss_raw.txt,2436,443151.800,FINESTEERING,SOL_COMPUTED,SINGLE,30,18,2.9472,6.6745,1.8,1793
0703002-0918-11-09-gnss_raw.txt,2436,443151.900,FINESTEERING,SOL_COMPUTED,SINGLE,30,18,3.0425,6.8873,0.9,1793
0703002-0918-11-09-gnss_raw.txt,2436,443152.000,FINESTEERING,SOL_COMPUTED,SINGLE,30,18,2.9923,6.7733,1.0,1793
0703002-0918-11-09-gnss_raw.txt,2436,443152.100,FINESTEERING,SOL_COMPUTED,SINGLE,30,18,2.9551,6.689,1.1,1793
0703002-0918-11-09-gnss_raw.txt,2436,443152.200,FINESTEERING,SOL_COMPUTED,SINGLE,30,18,3.0013,6.7907,1.2,1793
0703002-0918-11-09-gnss_raw.txt,2436,443152.300,FINESTEERING,SOL_COMPUTED,SINGLE,30,18,3.0693,6.9442,1.3,1793
0703002-0918-11-09-gnss_raw.txt,2436,443152.400,FINESTEERING,SOL_COMPUTED,SINGLE,30,18,3.2723,7.3997,1.4,1793
0703002-0918-11-09-gnss_raw.txt,2436,443152.500,FINESTEERING,SOL_COMPUTED,SINGLE,30,18,3.0466,6.8869,1.5,1793
0703002-0918-11-09-gnss_raw.txt,2436,443152.600,FINESTEERING,SOL_COMPUTED,SINGLE,30,18,3.1158,7.0406,1.6,1793
0703002-0918-11-09-gnss_raw.txt,2436,443152.700,FINESTEERING,SOL_COMPUTED,SINGLE,30,15,2.9784,6.7232,1.7,1793
0703002-0918-11-09-gnss_raw.txt,2436,443152.800,FINESTEERING,SOL_COMPUTED,SINGLE,30,15,2.8966,6.5316,1.8,1793
0703002-0918-11-09-gnss_raw.txt,2436,443152.900,FINESTEERING,SOL_COMPUTED,SINGLE,30,18,2.8779,6.4854,1.9,1793
0703002-0918-11-09-gnss_raw.txt,2436,443153.000,FINESTEERING,SOL_COMPUTED,SINGLE,30,18,2.8501,6.4168,2.0,1793
0703002-0918-11-09-gnss_raw.txt,2436,443153.100,FINESTEERING,SOL_COMPUTED,SINGLE,30,18,3.0768,6.9199,2.1,1793
0703002-0918-11-09-gnss_raw.txt,2436,443153.200,FINESTEERING,SOL_COMPUTED,SINGLE,30,18,2.9887,6.7148,2.2,1793
0703002-0918-11-09-gnss_raw.txt,2436,443153.300,FINESTEERING,SOL_COMPUTED,SINGLE,30,18,2.9409,6.6052,2.3,1793
0703002-0918-11-09-gnss_raw.txt,2436,443153.400,FINESTEERING,SOL_COMPUTED,SINGLE,30,18,2.9761,6.6807,2.4,1793
0703002-0918-11-09-gnss_raw.txt,2436,443153.500,FINESTEERING,SOL_COMPUTED,SINGLE,30,18,3.2994,7.4028,2.5,1793
0703002-0918-11-09-gnss_raw.txt,2436,443153.600,FINESTEERING,SOL_COMPUTED,SINGLE,30,17,2.9899,6.7048,2.6,1793
0703002-0918-11-09-gnss_raw.txt,2436,443153.700,FINESTEERING,SOL_COMPUTED,SINGLE,30,17,3.1282,7.0118,2.7,1793
0703002-0918-11-09-gnss_raw.txt,2436,443153.800,FINESTEERING,SOL_COMPUTED,SINGLE,30,17,3.0608,6.858,2.8,1793
0703002-0918-11-09-gnss_raw.txt,2436,443153.900,FINESTEERING,SOL_COMPUTED,SINGLE,30,17,2.8886,6.4698,2.9,1793
0703002-0918-11-09-gnss_raw.txt,2436,443154.000,FINESTEERING,SOL_COMPUTED,SINGLE,30,17,3.1299,7.0084,3.0,1793
0703002-0918-11-09-gnss_raw.txt,2436,443154.100,FINESTEERING,SOL_COMPUTED,SINGLE,30,17,3.2126,7.1947,3.1,1793
0703002-0918-11-09-gnss_raw.txt,2436,443154.200,FINESTEERING,SOL_COMPUTED,SINGLE,30,18,3.2258,7.2241,3.2,1793
0703002-0918-11-09-gnss_raw.txt,2436,443154.300,FINESTEERING,SOL_COMPUTED,SINGLE,30,18,3.1015,6.9429,3.3,1793
0703002-0918-11-09-gnss_raw.txt,2436,443154.400,FINESTEERING,SOL_COMPUTED,SINGLE,30,18,3.2167,7.2003,3.4,1793
0703002-0918-11-09-gnss_raw.txt,2436,443154.500,FINESTEERING,SOL_COMPUTED,SINGLE,30,18,3.3241,7.4377,3.5,1793
0703002-0918-11-09-gnss_raw.txt,2436,443154.600,FINESTEERING,SOL_COMPUTED,SINGLE,30,17,3.4585,7.7418,3.6,1793
0703002-0918-11-09-gnss_raw.txt,2436,443154.700,FINESTEERING,SOL_COMPUTED,SINGLE,30,17,3.2394,7.2513,3.7,1793
0703002-0918-11-09-gnss_raw.txt,2436,443154.800,FINESTEERING,SOL_COMPUTED,SINGLE,30,17,3.3078,7.4017,3.8,1793
0703002-0918-11-09-gnss_raw.txt,2436,443154.900,FINESTEERING,SOL_COMPUTED,SINGLE,30,17,3.2447,7.2573,3.9,1793
0703002-0918-11-09-gnss_raw.txt,2436,443155.000,FINESTEERING,SOL_COMPUTED,SINGLE,30,17,3.1726,7.1022,4.0,1793
0703002-0918-11-09-gnss_raw.txt,2436,443155.100,FINESTEERING,SOL_COMPUTED,SINGLE,30,16,3.4462,7.7112,4.1,1793
0703002-0918-11-09-gnss_raw.txt,2436,443155.200,FINESTEERING,SOL_COMPUTED,SINGLE,30,16,3.5242,7.883,4.2,1793
0703002-0918-11-09-gnss_raw.txt,2436,443155.300,FINESTEERING,SOL_COMPUTED,SINGLE,30,16,3.3387,7.4721,4.3,1793
0703002-0918-11-09-gnss_raw.txt,2436,443155.400,FINESTEERING,SOL_COMPUTED,SINGLE,29,16,3.303,7.3951,4.4,1793
0703002-0918-11-09-gnss_raw.txt,2436,443155.500,FINESTEERING,SOL_COMPUTED,SINGLE,30,17,3.3359,7.4653,3.5,1793
0703002-0918-11-09-gnss_raw.txt,2436,443155.600,FINESTEERING,SOL_COMPUTED,SINGLE,30,17,3.0625,6.8507,3.6,1793
0703002-0918-11-09-gnss_raw.txt,2436,443155.700,FINESTEERING,SOL_COMPUTED,SINGLE,30,17,3.183,7.1187,3.7,1793
0703002-0918-11-09-gnss_raw.txt,2436,443155.800,FINESTEERING,SOL_COMPUTED,SINGLE,29,17,3.6007,8.0513,3.8,1793
0703002-0918-11-09-gnss_raw.txt,2436,443155.900,FINESTEERING,SOL_COMPUTED,SINGLE,29,17,3.3019,7.3826,3.9,1793
0703002-0918-11-09-gnss_raw.txt,2436,443156.000,FINESTEERING,SOL_COMPUTED,SINGLE,29,17,3.3209,7.4236,4.0,1793
0703002-0918-11-09-gnss_raw.txt,2436,443156.100,FINESTEERING,SOL_COMPUTED,SINGLE,29,17,3.2218,7.2015,4.1,1793
0703002-0918-11-09-gnss_raw.txt,2436,443156.200,FINESTEERING,SOL_COMPUTED,SINGLE,29,18,3.2434,7.2505,4.2,1793
0703002-0918-11-09-gnss_raw.txt,2436,443156.300,FINESTEERING,SOL_COMPUTED,SINGLE,28,17,3.1311,6.9956,4.3,1793
0703002-0918-11-09-gnss_raw.txt,2436,443156.400,FINESTEERING,SOL_COMPUTED,SINGLE,28,17,2.994,6.6869,4.4,1793
0703002-0918-11-09-gnss_raw.txt,2436,443156.500,FINESTEERING,SOL_COMPUTED,SINGLE,28,17,3.0607,6.8322,4.5,1793
0703002-0918-11-09-gnss_raw.txt,2436,443156.600,FINESTEERING,SOL_COMPUTED,SINGLE,28,17,2.8216,6.2959,4.6,1793
0703002-0918-11-09-gnss_raw.txt,2436,443156.700,FINESTEERING,SOL_COMPUTED,SINGLE,28,13,3.0539,6.8054,4.7,1793
0703002-0918-11-09-gnss_raw.txt,2436,443156.800,FINESTEERING,SOL_COMPUTED,SINGLE,28,17,2.8715,6.3976,4.8,1793
0703002-0918-11-09-gnss_raw.txt,2436,443156.900,FINESTEERING,SOL_COMPUTED,SINGLE,29,14,3.0661,6.8281,3.9,1793
0703002-0918-11-09-gnss_raw.txt,2436,443157.000,FINESTEERING,SOL_COMPUTED,SINGLE,29,14,3.086,6.87,4.0,1793
0703002-0918-11-09-gnss_raw.txt,2436,443157.100,FINESTEERING,SOL_COMPUTED,SINGLE,28,14,2.9968,6.6704,4.1,1793
0703002-0918-11-09-gnss_raw.txt,2436,443157.200,FINESTEERING,SOL_COMPUTED,SINGLE,28,15,3.2509,7.2415,4.2,1793
0703002-0918-11-09-gnss_raw.txt,2436,443157.300,FINESTEERING,SOL_COMPUTED,SINGLE,27,13,3.2121,7.1517,3.3,1793
0703002-0918-11-09-gnss_raw.txt,2436,443157.400,FINESTEERING,SOL_COMPUTED,SINGLE,27,18,3.0478,6.7871,3.4,1793
0703002-0918-11-09-gnss_raw.txt,2436,443157.500,FINESTEERING,SOL_COMPUTED,SINGLE,27,12,3.2049,7.1351,3.5,1793
0703002-0918-11-09-gnss_raw.txt,2436,443157.600,FINESTEERING,SOL_COMPUTED,SINGLE,27,18,3.2161,7.1645,3.6,1793
0703002-0918-11-09-gnss_raw.txt,2436,443157.700,FINESTEERING,SOL_COMPUTED,SINGLE,27,18,2.9909,6.6662,2.7,1793
0703002-0918-11-09-gnss_raw.txt,2436,443157.800,FINESTEERING,SOL_COMPUTED,SINGLE,27,18,3.0664,6.8335,2.8,1793
0703002-0918-11-09-gnss_raw.txt,2436,443157.900,FINESTEERING,SOL_COMPUTED,SINGLE,28,18,3.2929,7.3407,2.9,1793
0703002-0918-11-09-gnss_raw.txt,2436,443158.000,FINESTEERING,SOL_COMPUTED,SINGLE,28,18,3.338,7.4442,3.0,1793
0703002-0918-11-09-gnss_raw.txt,2436,443158.100,FINESTEERING,SOL_COMPUTED,SINGLE,28,18,3.5768,7.977,2.1,1793
0703002-0918-11-09-gnss_raw.txt,2436,443158.200,FINESTEERING,SOL_COMPUTED,SINGLE,28,18,3.506,7.8208,2.2,1793
0703002-0918-11-09-gnss_raw.txt,2436,443158.300,FINESTEERING,SOL_COMPUTED,SINGLE,28,18,3.5698,7.9652,2.3,1793
0703002-0918-11-09-gnss_raw.txt,2436,443158.400,FINESTEERING,SOL_COMPUTED,SINGLE,28,18,3.3147,7.3975,2.4,1793
0703002-0918-11-09-gnss_raw.txt,2436,443158.500,FINESTEERING,SOL_COMPUTED,SINGLE,28,18,3.5455,7.917,2.5,1793
0703002-0918-11-09-gnss_raw.txt,2436,443158.600,FINESTEERING,SOL_COMPUTED,SINGLE,28,18,3.3313,7.4415,1.6,1793
0703002-0918-11-09-gnss_raw.txt,2436,443158.700,FINESTEERING,SOL_COMPUTED,SINGLE,29,18,3.2471,7.2597,1.7,1793
0703002-0918-11-09-gnss_raw.txt,2436,443158.800,FINESTEERING,SOL_COMPUTED,SINGLE,29,18,3.3474,7.4837,1.8,1793
0703002-0918-11-09-gnss_raw.txt,2436,443158.900,FINESTEERING,SOL_COMPUTED,SINGLE,29,18,3.4306,7.6689,1.9,1793
0703002-0918-11-09-gnss_raw.txt,2436,443159.000,FINESTEERING,SOL_COMPUTED,SINGLE,29,18,3.5618,7.9626,1.0,1793
0703002-0918-11-09-gnss_raw.txt,2436,443159.100,FINESTEERING,SOL_COMPUTED,SINGLE,29,18,3.6925,8.2537,1.1,1793
0703002-0918-11-09-gnss_raw.txt,2436,443159.200,FINESTEERING,SOL_COMPUTED,SINGLE,29,18,3.5554,7.9475,1.2,1793
0703002-0918-11-09-gnss_raw.txt,2436,443159.300,FINESTEERING,SOL_COMPUTED,SINGLE,29,18,3.335,7.457,1.3,1793
0703002-0918-11-09-gnss_raw.txt,2436,443159.400,FINESTEERING,SOL_COMPUTED,SINGLE,29,18,3.3241,7.4327,1.4,1793
0703002-0918-11-09-gnss_raw.txt,2436,443159.500,FINESTEERING,SOL_COMPUTED,SINGLE,29,18,3.2727,7.3153,1.5,1793
0703002-0918-11-09-gnss_raw.txt,2436,443159.600,FINESTEERING,SOL_COMPUTED,SINGLE,29,18,3.0942,6.9154,1.6,1793
0703002-0918-11-09-gnss_raw.txt,2436,443159.700,FINESTEERING,SOL_COMPUTED,SINGLE,29,18,3.3531,7.5032,1.7,1793
0703002-0918-11-09-gnss_raw.txt,2436,443159.800,FINESTEERING,SOL_COMPUTED,SINGLE,29,18,3.5597,7.9721,1.8,1793
0703002-0918-11-09-gnss_raw.txt,2436,443159.900,FINESTEERING,SOL_COMPUTED,SINGLE,29,18,3.5273,7.8966,1.9,1793
0703002-0918-11-09-gnss_raw.txt,2436,443160.000,FINESTEERING,SOL_COMPUTED,SINGLE,29,18,3.3163,7.4301,2.0,1793
0703002-0918-11-09-gnss_raw.txt,2436,443160.100,FINESTEERING,SOL_COMPUTED,SINGLE,29,18,3.2754,7.3437,1.1,1793
0703002-0918-11-09-gnss_raw.txt,2436,443160.200,FINESTEERING,SOL_COMPUTED,SINGLE,29,18,3.446,7.7253,1.2,1793
0703002-0918-11-09-gnss_raw.txt,2436,443160.300,FINESTEERING,SOL_COMPUTED,SINGLE,29,18,3.333,7.4816,1.3,1793
0703002-0918-11-09-gnss_raw.txt,2436,443160.400,FINESTEERING,SOL_COMPUTED,SINGLE,29,18,3.3742,7.5775,1.4,1793
0703002-0918-11-09-gnss_raw.txt,2436,443160.500,FINESTEERING,SOL_COMPUTED,SINGLE,28,18,3.3543,7.5365,1.5,1793
0703002-0918-11-09-gnss_raw.txt,2436,443160.600,FINESTEERING,SOL_COMPUTED,SINGLE,28,18,3.52,7.9089,1.6,1793
0703002-0918-11-09-gnss_raw.txt,2436,443160.700,FINESTEERING,SOL_COMPUTED,SINGLE,29,18,3.2971,7.4079,1.7,1793
0703002-0918-11-09-gnss_raw.txt,2436,443160.800,FINESTEERING,SOL_COMPUTED,SINGLE,29,18,3.4204,7.6873,1.8,1793
0703002-0918-11-09-gnss_raw.txt,2436,443160.900,FINESTEERING,SOL_COMPUTED,SINGLE,30,18,3.3804,7.6008,0.9,1793
0703002-0918-11-09-gnss_raw.txt,2436,443161.000,FINESTEERING,SOL_COMPUTED,SINGLE,30,18,3.4268,7.7077,1.0,1793
0703002-0918-11-09-gnss_raw.txt,2436,443161.100,FINESTEERING,SOL_COMPUTED,SINGLE,30,18,3.2604,7.3379,1.1,1793
0703002-0918-11-09-gnss_raw.txt,2436,443161.200,FINESTEERING,SOL_COMPUTED,SINGLE,30,18,3.2001,7.2075,1.2,1793
0703002-0918-11-09-gnss_raw.txt,2436,443161.300,FINESTEERING,SOL_COMPUTED,SINGLE,30,18,3.3743,7.603,1.3,1793
0703002-0918-11-09-gnss_raw.txt,2436,443161.400,FINESTEERING,SOL_COMPUTED,SINGLE,29,18,3.2085,7.2316,1.4,1793
0703002-0918-11-09-gnss_raw.txt,2436,443161.500,FINESTEERING,SOL_COMPUTED,SINGLE,29,17,2.9393,6.6237,1.5,1793
0703002-0918-11-09-gnss_raw.txt,2436,443161.600,FINESTEERING,SOL_COMPUTED,SINGLE,29,18,3.1284,7.0529,1.6,1793
0703002-0918-11-09-gnss_raw.txt,2436,443161.700,FINESTEERING,SOL_COMPUTED,SINGLE,29,18,3.0562,6.8928,1.7,1793
0703002-0918-11-09-gnss_raw.txt,2436,443161.800,FINESTEERING,SOL_COMPUTED,SINGLE,29,18,3.0239,6.8209,1.8,1793
0703002-0918-11-09-gnss_raw.txt,2436,443161.900,FINESTEERING,SOL_COMPUTED,SINGLE,29,18,2.8498,6.4284,1.9,1793
0703002-0918-11-09-gnss_raw.txt,2436,443162.000,FINESTEERING,SOL_COMPUTED,SINGLE,29,18,2.7534,6.2129,1.0,1793
0703002-0918-11-09-gnss_raw.txt,2436,443162.100,FINESTEERING,SOL_COMPUTED,SINGLE,29,18,2.8664,6.4693,1.1,1793
0703002-0918-11-09-gnss_raw.txt,2436,443162.200,FINESTEERING,SOL_COMPUTED,SINGLE,29,18,3.0371,6.8566,1.2,1793
0703002-0918-11-09-gnss_raw.txt,2436,443162.300,FINESTEERING,SOL_COMPUTED,SINGLE,29,18,3.0635,6.9201,1.3,1793
0703002-0918-11-09-gnss_raw.txt,2436,443162.400,FINESTEERING,SOL_COMPUTED,SINGLE,29,18,3.2284,7.2958,1.4,1793
0703002-0918-11-09-gnss_raw.txt,2436,443162.500,FINESTEERING,SOL_COMPUTED,SINGLE,29,18,3.0046,6.7946,1.5,1793
0703002-0918-11-09-gnss_raw.txt,2436,443162.600,FINESTEERING,SOL_COMPUTED,SINGLE,29,18,3.0331,6.8629,1.6,1793
0703002-0918-11-09-gnss_raw.txt,2436,443162.700,FINESTEERING,SOL_COMPUTED,SINGLE,29,18,3.3093,7.4896,1.7,1793
0703002-0918-11-09-gnss_raw.txt,2436,443162.800,FINESTEERING,SOL_COMPUTED,SINGLE,29,18,3.1955,7.2354,1.8,1793
0703002-0918-11-09-gnss_raw.txt,2436,443162.900,FINESTEERING,SOL_COMPUTED,SINGLE,29,18,3.2431,7.3458,1.9,1793
0703002-0918-11-09-gnss_raw.txt,2436,443163.000,FINESTEERING,SOL_COMPUTED,SINGLE,29,18,3.3925,7.6851,2.0,1793
0703002-0918-11-09-gnss_raw.txt,2436,443163.100,FINESTEERING,SOL_COMPUTED,SINGLE,29,18,3.289,7.4505,1.1,1793
0703002-0918-11-09-gnss_raw.txt,2436,443163.200,FINESTEERING,SOL_COMPUTED,SINGLE,29,18,3.2479,7.3574,1.2,1793
0703002-0918-11-09-gnss_raw.txt,2436,443163.300,FINESTEERING,SOL_COMPUTED,SINGLE,29,18,3.3037,7.486,1.3,1793
0703002-0918-11-09-gnss_raw.txt,2436,443163.400,FINESTEERING,SOL_COMPUTED,SINGLE,29,18,3.0273,6.864,1.4,1793
0703002-0918-11-09-gnss_raw.txt,2436,443163.500,FINESTEERING,SOL_COMPUTED,SINGLE,29,18,3.3597,7.6196,1.5,1793
0703002-0918-11-09-gnss_raw.txt,2436,443163.600,FINESTEERING,SOL_COMPUTED,SINGLE,29,14,3.402,7.7136,1.6,1793
0703002-0918-11-09-gnss_raw.txt,2436,443163.700,FINESTEERING,SOL_COMPUTED,SINGLE,29,14,3.7716,8.5465,1.7,1793
0703002-0918-11-09-gnss_raw.txt,2436,443163.800,FINESTEERING,SOL_COMPUTED,SINGLE,29,14,3.7503,8.4935,1.8,1793
0703002-0918-11-09-gnss_raw.txt,2436,443163.900,FINESTEERING,SOL_COMPUTED,SINGLE,29,14,3.3426,7.5721,1.9,1793
0703002-0918-11-09-gnss_raw.txt,2436,443164.000,FINESTEERING,SOL_COMPUTED,SINGLE,29,14,3.5364,8.0121,1.0,1793
0703002-0918-11-09-gnss_raw.txt,2436,443164.100,FINESTEERING,SOL_COMPUTED,SINGLE,29,14,3.3834,7.667,1.1,1793
0703002-0918-11-09-gnss_raw.txt,2436,443164.200,FINESTEERING,SOL_COMPUTED,SINGLE,29,14,3.7525,8.5064,1.2,1793
0703002-0918-11-09-gnss_raw.txt,2436,443164.300,FINESTEERING,SOL_COMPUTED,SINGLE,29,14,3.4343,7.7901,1.3,1793
0703002-0918-11-09-gnss_raw.txt,2436,443164.400,FINESTEERING,SOL_COMPUTED,SINGLE,29,14,3.517,7.988,1.4,1793
0703002-0918-11-09-gnss_raw.txt,2436,443164.500,FINESTEERING,SOL_COMPUTED,SINGLE,29,14,3.5512,8.0723,1.5,1793
0703002-0918-11-09-gnss_raw.txt,2436,443164.600,FINESTEERING,SOL_COMPUTED,SINGLE,29,14,3.4902,7.9363,1.6,1793
0703002-0918-11-09-gnss_raw.txt,2436,443164.700,FINESTEERING,SOL_COMPUTED,SINGLE,29,14,3.4795,7.9133,1.7,1793
0703002-0918-11-09-gnss_raw.txt,2436,443164.800,FINESTEERING,SOL_COMPUTED,SINGLE,29,14,3.5442,8.0633,1.8,1793
0703002-0918-11-09-gnss_raw.txt,2436,443164.900,FINESTEERING,SOL_COMPUTED,SINGLE,29,14,3.6914,8.3948,0.9,1793
0703002-0918-11-09-gnss_raw.txt,2436,443165.000,FINESTEERING,SOL_COMPUTED,SINGLE,29,14,3.2743,7.4472,1.0,1793
0703002-0918-11-09-gnss_raw.txt,2436,443165.100,FINESTEERING,SOL_COMPUTED,SINGLE,29,14,3.579,8.1349,1.1,1793
0703002-0918-11-09-gnss_raw.txt,2436,443165.200,FINESTEERING,SOL_COMPUTED,SINGLE,29,14,3.6295,8.2431,1.2,1793
0703002-0918-11-09-gnss_raw.txt,2436,443165.300,FINESTEERING,SOL_COMPUTED,SINGLE,29,14,3.7335,8.4781,1.3,1793
0703002-0918-11-09-gnss_raw.txt,2436,443165.400,FINESTEERING,SOL_COMPUTED,SINGLE,29,14,3.0802,6.9991,1.4,1793
0703002-0918-11-09-gnss_raw.txt,2436,443165.500,FINESTEERING,SOL_COMPUTED,SINGLE,29,14,3.2661,7.4201,1.5,1793
0703002-0918-11-09-gnss_raw.txt,2436,443165.600,FINESTEERING,SOL_COMPUTED,SINGLE,29,14,3.3636,7.6454,1.6,1793
0703002-0918-11-09-gnss_raw.txt,2436,443165.700,FINESTEERING,SOL_COMPUTED,SINGLE,29,14,3.0969,7.0419,1.7,1793
0703002-0918-11-09-gnss_raw.txt,2436,443165.800,FINESTEERING,SOL_COMPUTED,SINGLE,29,12,2.842,6.4617,0.8,1793
0703002-0918-11-09-gnss_raw.txt,2436,443165.900,FINESTEERING,SOL_COMPUTED,SINGLE,29,13,3.3184,7.5414,0.9,1793
0703002-0918-11-09-gnss_raw.txt,2436,443166.000,FINESTEERING,SOL_COMPUTED,SINGLE,29,18,3.5703,8.1276,1.0,1793
0703002-0918-11-09-gnss_raw.txt,2436,443166.100,FINESTEERING,SOL_COMPUTED,SINGLE,29,18,3.22,7.3336,1.1,1793
0703002-0918-11-09-gnss_raw.txt,2436,443166.200,FINESTEERING,SOL_COMPUTED,SINGLE,29,18,3.3888,7.7177,1.2,1793
0703002-0918-11-09-gnss_raw.txt,2436,443166.300,FINESTEERING,SOL_COMPUTED,SINGLE,29,18,3.4688,7.8918,1.3,1793
0703002-0918-11-09-gnss_raw.txt,2436,443166.400,FINESTEERING,SOL_COMPUTED,SINGLE,29,18,3.3061,7.516,1.4,1793
0703002-0918-11-09-gnss_raw.txt,2436,443166.500,FINESTEERING,SOL_COMPUTED,SINGLE,29,18,3.3232,7.5517,1.5,1793
0703002-0918-11-09-gnss_raw.txt,2436,443166.600,FINESTEERING,SOL_COMPUTED,SINGLE,29,18,3.3784,7.6785,1.6,1793
0703002-0918-11-09-gnss_raw.txt,2436,443166.700,FINESTEERING,SOL_COMPUTED,SINGLE,29,18,3.4437,7.8277,1.7,1793
0703002-0918-11-09-gnss_raw.txt,2436,443166.800,FINESTEERING,SOL_COMPUTED,SINGLE,29,18,3.0756,6.9872,0.8,1793
0703002-0918-11-09-gnss_raw.txt,2436,443166.900,FINESTEERING,SOL_COMPUTED,SINGLE,29,18,3.455,7.8493,0.9,1793
0703002-0918-11-09-gnss_raw.txt,2436,443167.000,FINESTEERING,SOL_COMPUTED,SINGLE,29,18,3.2637,7.4114,1.0,1793
0703002-0918-11-09-gnss_raw.txt,2436,443167.100,FINESTEERING,SOL_COMPUTED,SINGLE,29,18,3.1753,7.2073,1.1,1793
0703002-0918-11-09-gnss_raw.txt,2436,443167.200,FINESTEERING,SOL_COMPUTED,SINGLE,29,18,3.3328,7.5631,1.2,1793
0703002-0918-11-09-gnss_raw.txt,2436,443167.300,FINESTEERING,SOL_COMPUTED,SINGLE,29,18,3.3711,7.6472,1.3,1793
0703002-0918-11-09-gnss_raw.txt,2436,443167.400,FINESTEERING,SOL_COMPUTED,SINGLE,29,18,3.4798,7.8901,1.4,1793
0703002-0918-11-09-gnss_raw.txt,2436,443167.500,FINESTEERING,SOL_COMPUTED,SINGLE,29,18,3.3335,7.5541,1.5,1793
0703002-0918-11-09-gnss_raw.txt,2436,443167.600,FINESTEERING,SOL_COMPUTED,SINGLE,29,18,3.5837,8.119,1.6,1793
0703002-0918-11-09-gnss_raw.txt,2436,443167.700,FINESTEERING,SOL_COMPUTED,SINGLE,29,15,3.827,8.6651,1.7,1793
0703002-0918-11-09-gnss_raw.txt,2436,443167.800,FINESTEERING,SOL_COMPUTED,SINGLE,29,16,3.4568,7.8286,1.8,1793
0703002-0918-11-09-gnss_raw.txt,2436,443167.900,FINESTEERING,SOL_COMPUTED,SINGLE,30,16,3.6807,8.3332,1.9,1793
0703002-0918-11-09-gnss_raw.txt,2436,443168.000,FINESTEERING,SOL_COMPUTED,SINGLE,30,16,3.5776,8.102,2.0,1793
0703002-0918-11-09-gnss_raw.txt,2436,443168.100,FINESTEERING,SOL_COMPUTED,SINGLE,30,16,3.9747,9.0003,1.1,1793
0703002-0918-11-09-gnss_raw.txt,2436,443168.200,FINESTEERING,SOL_COMPUTED,SINGLE,30,18,3.5816,8.1134,1.2,1793
0703002-0918-11-09-gnss_raw.txt,2436,443168.300,FINESTEERING,SOL_COMPUTED,SINGLE,30,18,3.4297,7.7736,1.3,1793
0703002-0918-11-09-gnss_raw.txt,2436,443168.400,FINESTEERING,SOL_COMPUTED,SINGLE,30,18,3.6464,8.2642,1.4,1793
0703002-0918-11-09-gnss_raw.txt,2436,443168.500,FINESTEERING,SOL_COMPUTED,SINGLE,30,18,3.3751,7.6515,1.5,1793
0703002-0918-11-09-gnss_raw.txt,2436,443168.600,FINESTEERING,SOL_COMPUTED,SINGLE,30,18,3.5098,7.9543,1.6,1793
0703002-0918-11-09-gnss_raw.txt,2436,443168.700,FINESTEERING,SOL_COMPUTED,SINGLE,30,18,3.399,7.7007,1.7,1793
0703002-0918-11-09-gnss_raw.txt,2436,443168.800,FINESTEERING,SOL_COMPUTED,SINGLE,29,18,3.268,7.4027,1.8,1793
0703002-0918-11-09-gnss_raw.txt,2436,443168.900,FINESTEERING,SOL_COMPUTED,SINGLE,29,18,3.3834,7.6767,1.9,1793
0703002-0918-11-09-gnss_raw.txt,2436,443169.000,FINESTEERING,SOL_COMPUTED,SINGLE,29,18,3.3348,7.5639,1.0,1793
0703002-0918-11-09-gnss_raw.txt,2436,443169.100,FINESTEERING,SOL_COMPUTED,SINGLE,29,18,3.4103,7.7306,1.1,1793
0703002-0918-11-09-gnss_raw.txt,2436,443169.200,FINESTEERING,SOL_COMPUTED,SINGLE,29,18,3.12,7.0739,1.2,1793
0703002-0918-11-09-gnss_raw.txt,2436,443169.300,FINESTEERING,SOL_COMPUTED,SINGLE,29,18,3.0296,6.8694,1.3,1793
0703002-0918-11-09-gnss_raw.txt,2436,443169.400,FINESTEERING,SOL_COMPUTED,SINGLE,29,18,3.2519,7.3704,1.4,1793
0703002-0918-11-09-gnss_raw.txt,2436,443169.500,FINESTEERING,SOL_COMPUTED,SINGLE,29,18,3.4378,7.7885,1.5,1793
0703002-0918-11-09-gnss_raw.txt,2436,443169.600,FINESTEERING,SOL_COMPUTED,SINGLE,29,18,2.8776,6.5124,1.6,1793
0703002-0918-11-09-gnss_raw.txt,2436,443169.700,FINESTEERING,SOL_COMPUTED,SINGLE,29,17,3.4448,7.7889,1.7,1793
0703002-0918-11-09-gnss_raw.txt,2436,443169.800,FINESTEERING,SOL_COMPUTED,SINGLE,29,17,3.3434,7.5557,1.8,1793
0703002-0918-11-09-gnss_raw.txt,2436,443169.900,FINESTEERING,SOL_COMPUTED,SINGLE,29,17,3.1977,7.2242,0.9,1793
0703002-0918-11-09-gnss_raw.txt,2436,443170.000,FINESTEERING,SOL_COMPUTED,SINGLE,29,18,3.4039,7.6801,1.0,1793
0703002-0918-11-09-gnss_raw.txt,2436,443170.100,FINESTEERING,SOL_COMPUTED,SINGLE,29,18,3.4147,7.6987,1.1,1793
0703002-0918-11-09-gnss_raw.txt,2436,443170.200,FINESTEERING,SOL_COMPUTED,SINGLE,30,18,3.3774,7.6082,1.2,1793
0703002-0918-11-09-gnss_raw.txt,2436,443170.300,FINESTEERING,SOL_COMPUTED,SINGLE,30,18,3.1729,7.1423,1.3,1793
0703002-0918-11-09-gnss_raw.txt,2436,443170.400,FINESTEERING,SOL_COMPUTED,SINGLE,30,18,3.1291,7.0445,1.4,1793
0703002-0918-11-09-gnss_raw.txt,2436,443170.500,FINESTEERING,SOL_COMPUTED,SINGLE,30,18,3.3085,7.4424,1.5,1793
0703002-0918-11-09-gnss_raw.txt,2436,443170.600,FINESTEERING,SOL_COMPUTED,SINGLE,30,18,3.4138,7.6733,1.6,1793
0703002-0918-11-09-gnss_raw.txt,2436,443170.700,FINESTEERING,SOL_COMPUTED,SINGLE,30,18,3.5079,7.886,1.7,1793
0703002-0918-11-09-gnss_raw.txt,2436,443170.800,FINESTEERING,SOL_COMPUTED,SINGLE,30,18,3.5806,8.045,0.8,1793
0703002-0918-11-09-gnss_raw.txt,2436,443170.900,FINESTEERING,SOL_COMPUTED,SINGLE,30,18,3.6367,8.1665,0.9,1793
0703002-0918-11-09-gnss_raw.txt,2436,443171.000,FINESTEERING,SOL_COMPUTED,SINGLE,30,18,3.34,7.4938,1.0,1793
0703002-0918-11-09-gnss_raw.txt,2436,443171.100,FINESTEERING,SOL_COMPUTED,SINGLE,31,16,3.5867,8.0419,1.1,1793
0703002-0918-11-09-gnss_raw.txt,2436,443171.200,FINESTEERING,SOL_COMPUTED,SINGLE,30,17,3.5201,7.8895,1.2,1793
0703002-0918-11-09-gnss_raw.txt,2436,443171.300,FINESTEERING,SOL_COMPUTED,SINGLE,30,17,3.593,8.0554,1.3,1793
0703002-0918-11-09-gnss_raw.txt,2436,443171.400,FINESTEERING,SOL_COMPUTED,SINGLE,30,18,3.0932,6.9338,1.4,1793
0703002-0918-11-09-gnss_raw.txt,2436,443171.500,FINESTEERING,SOL_COMPUTED,SINGLE,31,15,3.5165,7.8887,1.5,1793
0703002-0918-11-09-gnss_raw.txt,2436,443171.600,FINESTEERING,SOL_COMPUTED,SINGLE,31,15,3.3483,7.5097,1.6,1793
0703002-0918-11-09-gnss_raw.txt,2436,443171.700,FINESTEERING,SOL_COMPUTED,SINGLE,31,15,3.4119,7.6528,1.7,1793
0703002-0918-11-09-gnss_raw.txt,2436,443171.800,FINESTEERING,SOL_COMPUTED,SINGLE,31,15,3.298,7.4037,1.8,1793
0703002-0918-11-09-gnss_raw.txt,2436,443171.900,FINESTEERING,SOL_COMPUTED,SINGLE,31,15,3.5907,8.0687,0.9,1793
0703002-0918-11-09-gnss_raw.txt,2436,443172.000,FINESTEERING,SOL_COMPUTED,SINGLE,31,15,3.8194,8.5943,1.0,1793
0703002-0918-11-09-gnss_raw.txt,2436,443172.100,FINESTEERING,SOL_COMPUTED,SINGLE,31,15,3.8934,8.7573,1.1,1793
0703002-0918-11-09-gnss_raw.txt,2436,443172.200,FINESTEERING,SOL_COMPUTED,SINGLE,31,19,3.6269,8.1566,1.2,1793
0703002-0918-11-09-gnss_raw.txt,2436,443172.300,FINESTEERING,SOL_COMPUTED,SINGLE,31,15,3.4635,7.7926,1.3,1793
0703002-0918-11-09-gnss_raw.txt,2436,443172.400,FINESTEERING,SOL_COMPUTED,SINGLE,31,18,3.6343,8.1743,1.4,1793
0703002-0918-11-09-gnss_raw.txt,2436,443172.500,FINESTEERING,SOL_COMPUTED,SINGLE,31,19,3.5069,7.8856,1.5,1793
0703002-0918-11-09-gnss_raw.txt,2436,443172.600,FINESTEERING,SOL_COMPUTED,SINGLE,31,19,3.7669,8.4737,1.6,1793
0703002-0918-11-09-gnss_raw.txt,2436,443172.700,FINESTEERING,SOL_COMPUTED,SINGLE,30,19,3.5678,8.0253,1.7,1793
0703002-0918-11-09-gnss_raw.txt,2436,443172.800,FINESTEERING,SOL_COMPUTED,SINGLE,30,19,3.3642,7.5684,1.8,1793
0703002-0918-11-09-gnss_raw.txt,2436,443172.900,FINESTEERING,SOL_COMPUTED,SINGLE,30,16,3.6946,8.3144,1.9,1793
0703002-0918-11-09-gnss_raw.txt,2436,443173.000,FINESTEERING,SOL_COMPUTED,SINGLE,30,16,3.5755,8.0457,1.0,1793
0703002-0918-11-09-gnss_raw.txt,2436,443173.100,FINESTEERING,SOL_COMPUTED,SINGLE,30,16,3.4233,7.7017,1.1,1793
0703002-0918-11-09-gnss_raw.txt,2436,443173.200,FINESTEERING,SOL_COMPUTED,SINGLE,29,16,3.2471,7.302,1.2,1793
0703002-0918-11-09-gnss_raw.txt,2436,443173.300,FINESTEERING,SOL_COMPUTED,SINGLE,29,16,3.3304,7.4886,1.3,1793
0703002-0918-11-09-gnss_raw.txt,2436,443173.400,FINESTEERING,SOL_COMPUTED,SINGLE,29,15,3.3864,7.6125,1.4,1793
0703002-0918-11-09-gnss_raw.txt,2436,443173.500,FINESTEERING,SOL_COMPUTED,SINGLE,29,15,3.5676,8.014,1.5,1793
0703002-0918-11-09-gnss_raw.txt,2436,443173.600,FINESTEERING,SOL_COMPUTED,SINGLE,29,15,3.497,7.8523,1.6,1793
0703002-0918-11-09-gnss_raw.txt,2436,443173.700,FINESTEERING,SOL_COMPUTED,SINGLE,29,15,3.8247,8.5845,0.7,1793
0703002-0918-11-09-gnss_raw.txt,2436,443173.800,FINESTEERING,SOL_COMPUTED,SINGLE,29,15,3.7643,8.4462,0.8,1793
0703002-0918-11-09-gnss_raw.txt,2436,443173.900,FINESTEERING,SOL_COMPUTED,SINGLE,29,15,3.7236,8.3584,0.9,1793
0703002-0918-11-09-gnss_raw.txt,2436,443174.000,FINESTEERING,SOL_COMPUTED,SINGLE,29,19,3.418,7.6711,1.0,1793
0703002-0918-11-09-gnss_raw.txt,2436,443174.100,FINESTEERING,SOL_COMPUTED,SINGLE,29,14,3.6412,8.1686,1.1,1793
0703002-0918-11-09-gnss_raw.txt,2436,443174.200,FINESTEERING,SOL_COMPUTED,SINGLE,29,14,3.8409,8.6107,1.2,1793
0703002-0918-11-09-gnss_raw.txt,2436,443174.300,FINESTEERING,SOL_COMPUTED,SINGLE,29,14,3.7956,8.5032,1.3,1793
0703002-0918-11-09-gnss_raw.txt,2436,443174.400,FINESTEERING,SOL_COMPUTED,SINGLE,29,14,3.4881,7.8196,1.4,1793
0703002-0918-11-09-gnss_raw.txt,2436,443174.500,FINESTEERING,SOL_COMPUTED,SINGLE,29,15,3.7713,8.453,1.5,1793
0703002-0918-11-09-gnss_raw.txt,2436,443174.600,FINESTEERING,SOL_COMPUTED,SINGLE,29,15,3.7968,8.517,1.6,1793
0703002-0918-11-09-gnss_raw.txt,2436,443174.700,FINESTEERING,SOL_COMPUTED,SINGLE,29,15,3.8063,8.5423,1.7,1793
0703002-0918-11-09-gnss_raw.txt,2436,443174.800,FINESTEERING,SOL_COMPUTED,SINGLE,29,15,3.9804,8.9438,1.8,1793
0703002-0918-11-09-gnss_raw.txt,2436,443174.900,FINESTEERING,SOL_COMPUTED,SINGLE,29,15,3.6372,8.1815,1.9,1793
0703002-0918-11-09-gnss_raw.txt,2436,443175.000,FINESTEERING,SOL_COMPUTED,SINGLE,29,17,3.8771,8.7242,1.0,1793
0703002-0918-11-09-gnss_raw.txt,2436,443175.100,FINESTEERING,SOL_COMPUTED,SINGLE,29,17,3.8052,8.571,1.1,1793
0703002-0918-11-09-gnss_raw.txt,2436,443175.200,FINESTEERING,SOL_COMPUTED,SINGLE,29,17,3.385,7.635,1.2,1793
0703002-0918-11-09-gnss_raw.txt,2436,443175.300,FINESTEERING,SOL_COMPUTED,SINGLE,29,17,3.5791,8.0767,1.3,1793
0703002-0918-11-09-gnss_raw.txt,2436,443175.400,FINESTEERING,SOL_COMPUTED,SINGLE,29,17,3.2948,7.4528,1.4,1793
0703002-0918-11-09-gnss_raw.txt,2436,443175.500,FINESTEERING,SOL_COMPUTED,SINGLE,29,17,3.3621,7.6147,1.5,1793
0703002-0918-11-09-gnss_raw.txt,2436,443175.600,FINESTEERING,SOL_COMPUTED,SINGLE,29,17,3.4088,7.7364,1.6,1793
0703002-0918-11-09-gnss_raw.txt,2436,443175.700,FINESTEERING,SOL_COMPUTED,SINGLE,29,17,3.7066,8.411,1.7,1793
0703002-0918-11-09-gnss_raw.txt,2436,443175.800,FINESTEERING,SOL_COMPUTED,SINGLE,29,17,3.5279,8.0135,0.8,1793
0703002-0918-11-09-gnss_raw.txt,2436,443175.900,FINESTEERING,SOL_COMPUTED,SINGLE,29,17,3.0806,7.0073,0.9,1793
0703002-0918-11-09-gnss_raw.txt,2436,443176.000,FINESTEERING,SOL_COMPUTED,SINGLE,29,17,3.1706,7.2163,1.0,1793
0703002-0918-11-09-gnss_raw.txt,2436,443176.100,FINESTEERING,SOL_COMPUTED,SINGLE,29,17,3.4645,7.8875,1.1,1793
0703002-0918-11-09-gnss_raw.txt,2436,443176.200,FINESTEERING,SOL_COMPUTED,SINGLE,29,17,3.6747,8.3645,1.2,1793
0703002-0918-11-09-gnss_raw.txt,2436,443176.300,FINESTEERING,SOL_COMPUTED,SINGLE,27,16,3.2385,7.3686,1.3,1793
0703002-0918-11-09-gnss_raw.txt,2436,443176.400,FINESTEERING,SOL_COMPUTED,SINGLE,27,15,3.6613,8.3262,1.4,1793
0703002-0918-11-09-gnss_raw.txt,2436,443176.500,FINESTEERING,SOL_COMPUTED,SINGLE,27,15,3.5468,8.0644,1.5,1793
0703002-0918-11-09-gnss_raw.txt,2436,443176.600,FINESTEERING,SOL_COMPUTED,SINGLE,27,15,3.3676,7.659,1.6,1793
0703002-0918-11-09-gnss_raw.txt,2436,443176.700,FINESTEERING,SOL_COMPUTED,SINGLE,28,15,3.2562,7.4062,1.7,1793
0703002-0918-11-09-gnss_raw.txt,2436,443176.800,FINESTEERING,SOL_COMPUTED,SINGLE,28,14,3.2584,7.4096,1.8,1793
0703002-0918-11-09-gnss_raw.txt,2436,443176.900,FINESTEERING,SOL_COMPUTED,SINGLE,28,14,3.0356,6.9022,1.9,1793
0703002-0918-11-09-gnss_raw.txt,2436,443177.000,FINESTEERING,SOL_COMPUTED,SINGLE,28,14,3.1728,7.2104,1.0,1793
0703002-0918-11-09-gnss_raw.txt,2436,443177.100,FINESTEERING,SOL_COMPUTED,SINGLE,28,14,3.4309,7.7965,1.1,1793
0703002-0918-11-09-gnss_raw.txt,2436,443177.200,FINESTEERING,SOL_COMPUTED,SINGLE,28,14,3.2728,7.4442,1.2,1793
0703002-0918-11-09-gnss_raw.txt,2436,443177.300,FINESTEERING,SOL_COMPUTED,SINGLE,28,15,3.6736,8.3568,1.3,1793
0703002-0918-11-09-gnss_raw.txt,2436,443177.400,FINESTEERING,SOL_COMPUTED,SINGLE,28,15,3.3666,7.6589,1.4,1793
0703002-0918-11-09-gnss_raw.txt,2436,443177.500,FINESTEERING,SOL_COMPUTED,SINGLE,28,16,3.4249,7.7898,1.5,1793
0703002-0918-11-09-gnss_raw.txt,2436,443177.600,FINESTEERING,SOL_COMPUTED,SINGLE,28,16,3.6364,8.2679,1.6,1793
0703002-0918-11-09-gnss_raw.txt,2436,443177.700,FINESTEERING,SOL_COMPUTED,SINGLE,28,15,3.6595,8.315,1.7,1793
0703002-0918-11-09-gnss_raw.txt,2436,443177.800,FINESTEERING,SOL_COMPUTED,SINGLE,28,15,3.6058,8.188,0.8,1793
0703002-0918-11-09-gnss_raw.txt,2436,443177.900,FINESTEERING,SOL_COMPUTED,SINGLE,28,15,3.719,8.4545,0.9,1793
0703002-0918-11-09-gnss_raw.txt,2436,443178.000,FINESTEERING,SOL_COMPUTED,SINGLE,28,16,3.8031,8.6444,1.0,1793
0703002-0918-11-09-gnss_raw.txt,2436,443178.100,FINESTEERING,SOL_COMPUTED,SINGLE,28,16,3.4307,7.8023,1.1,1793
0703002-0918-11-09-gnss_raw.txt,2436,443178.200,FINESTEERING,SOL_COMPUTED,SINGLE,28,16,3.4853,7.9234,1.2,1793
0703002-0918-11-09-gnss_raw.txt,2436,443178.300,FINESTEERING,SOL_COMPUTED,SINGLE,28,16,3.945,8.9656,1.3,1793
0703002-0918-11-09-gnss_raw.txt,2436,443178.400,FINESTEERING,SOL_COMPUTED,SINGLE,28,15,3.9127,8.8889,1.4,1793
0703002-0918-11-09-gnss_raw.txt,2436,443178.500,FINESTEERING,SOL_COMPUTED,SINGLE,28,15,3.9083,8.8831,1.5,1793
0703002-0918-11-09-gnss_raw.txt,2436,443178.600,FINESTEERING,SOL_COMPUTED,SINGLE,28,15,3.951,8.9842,1.6,1793
0703002-0918-11-09-gnss_raw.txt,2436,443178.700,FINESTEERING,SOL_COMPUTED,SINGLE,28,15,3.7741,8.601,1.7,1793
0703002-0918-11-09-gnss_raw.txt,2436,443178.800,FINESTEERING,SOL_COMPUTED,SINGLE,28,15,4.0763,9.2969,1.8,1793
0703002-0918-11-09-gnss_raw.txt,2436,443178.900,FINESTEERING,SOL_COMPUTED,SINGLE,28,16,3.9065,8.9259,1.9,1793
0703002-0918-11-09-gnss_raw.txt,2436,443179.000,FINESTEERING,SOL_COMPUTED,SINGLE,28,16,3.8825,8.8696,1.0,1793
0703002-0918-11-09-gnss_raw.txt,2436,443179.100,FINESTEERING,SOL_COMPUTED,SINGLE,28,17,3.9238,8.9732,1.1,1793
0703002-0918-11-09-gnss_raw.txt,2436,443179.200,FINESTEERING,SOL_COMPUTED,SINGLE,28,16,3.7763,8.6413,1.2,1793
0703002-0918-11-09-gnss_raw.txt,2436,443179.300,FINESTEERING,SOL_COMPUTED,SINGLE,28,16,3.8609,8.841,1.3,1793
0703002-0918-11-09-gnss_raw.txt,2436,443179.400,FINESTEERING,SOL_COMPUTED,SINGLE,28,16,3.8769,8.8825,1.4,1793
0703002-0918-11-09-gnss_raw.txt,2436,443179.500,FINESTEERING,SOL_COMPUTED,SINGLE,28,16,3.6229,8.3021,1.5,1793
0703002-0918-11-09-gnss_raw.txt,2436,443179.600,FINESTEERING,SOL_COMPUTED,SINGLE,28,16,3.7077,8.4994,1.6,1793
0703002-0918-11-09-gnss_raw.txt,2436,443179.700,FINESTEERING,SOL_COMPUTED,SINGLE,28,16,3.5167,8.0675,0.7,1793
0703002-0918-11-09-gnss_raw.txt,2436,443179.800,FINESTEERING,SOL_COMPUTED,SINGLE,28,16,3.6277,8.334,0.8,1793
0703002-0918-11-09-gnss_raw.txt,2436,443179.900,FINESTEERING,SOL_COMPUTED,SINGLE,28,16,3.6961,8.5011,0.9,1793
0703002-0918-11-09-gnss_raw.txt,2436,443180.000,FINESTEERING,SOL_COMPUTED,SINGLE,28,16,3.798,8.7507,1.0,1793
0703002-0918-11-09-gnss_raw.txt,2436,443180.100,FINESTEERING,SOL_COMPUTED,SINGLE,28,16,3.578,8.2415,1.1,1793
0703002-0918-11-09-gnss_raw.txt,2436,443180.200,FINESTEERING,SOL_COMPUTED,SINGLE,28,16,3.7775,8.699,1.2,1793
0703002-0918-11-09-gnss_raw.txt,2436,443180.300,FINESTEERING,SOL_COMPUTED,SINGLE,28,16,3.5027,8.0724,1.3,1793
0703002-0918-11-09-gnss_raw.txt,2436,443180.400,FINESTEERING,SOL_COMPUTED,SINGLE,28,16,3.5416,8.1644,1.4,1793
0703002-0918-11-09-gnss_raw.txt,2436,443180.500,FINESTEERING,SOL_COMPUTED,SINGLE,28,16,3.7238,8.5877,1.5,1793
0703002-0918-11-09-gnss_raw.txt,2436,443180.600,FINESTEERING,SOL_COMPUTED,SINGLE,28,16,3.5487,8.1901,1.6,1793
0703002-0918-11-09-gnss_raw.txt,2436,443180.700,FINESTEERING,SOL_COMPUTED,SINGLE,28,16,3.7074,8.5639,1.7,1793
0703002-0918-11-09-gnss_raw.txt,2436,443180.800,FINESTEERING,SOL_COMPUTED,SINGLE,28,16,3.7807,8.73,1.8,1793
0703002-0918-11-09-gnss_raw.txt,2436,443180.900,FINESTEERING,SOL_COMPUTED,SINGLE,28,16,3.7109,8.5791,0.9,1793
0703002-0918-11-09-gnss_raw.txt,2436,443181.000,FINESTEERING,SOL_COMPUTED,SINGLE,28,16,3.6119,8.3482,1.0,1793
0703002-0918-11-09-gnss_raw.txt,2436,443181.100,FINESTEERING,SOL_COMPUTED,SINGLE,28,16,3.8989,9.0094,1.1,1793
0703002-0918-11-09-gnss_raw.txt,2436,443181.200,FINESTEERING,SOL_COMPUTED,SINGLE,28,16,3.7135,8.5829,1.2,1793
0703002-0918-11-09-gnss_raw.txt,2436,443181.300,FINESTEERING,SOL_COMPUTED,SINGLE,28,16,3.7629,8.7001,1.3,1793
0703002-0918-11-09-gnss_raw.txt,2436,443181.400,FINESTEERING,SOL_COMPUTED,SINGLE,28,16,3.5249,8.148,1.4,1793
0703002-0918-11-09-gnss_raw.txt,2436,443181.500,FINESTEERING,SOL_COMPUTED,SINGLE,28,16,3.3859,7.8274,1.5,1793
0703002-0918-11-09-gnss_raw.txt,2436,443181.600,FINESTEERING,SOL_COMPUTED,SINGLE,28,16,3.405,7.8731,1.6,1793
0703002-0918-11-09-gnss_raw.txt,2436,443181.700,FINESTEERING,SOL_COMPUTED,SINGLE,28,16,3.3949,7.8505,1.7,1793
0703002-0918-11-09-gnss_raw.txt,2436,443181.800,FINESTEERING,SOL_COMPUTED,SINGLE,28,16,3.2978,7.6274,0.8,1793
0703002-0918-11-09-gnss_raw.txt,2436,443181.900,FINESTEERING,SOL_COMPUTED,SINGLE,28,16,3.5175,8.1362,0.9,1793
0703002-0918-11-09-gnss_raw.txt,2436,443182.000,FINESTEERING,SOL_COMPUTED,SINGLE,28,17,3.8709,8.96,1.0,1793
0703002-0918-11-09-gnss_raw.txt,2436,443182.100,FINESTEERING,SOL_COMPUTED,SINGLE,28,17,3.8259,8.8701,1.1,1793
0703002-0918-11-09-gnss_raw.txt,2436,443182.200,FINESTEERING,SOL_COMPUTED,SINGLE,28,17,3.7056,8.5945,1.2,1793
0703002-0918-11-09-gnss_raw.txt,2436,443182.300,FINESTEERING,SOL_COMPUTED,SINGLE,28,17,3.7226,8.6512,1.3,1793
0703002-0918-11-09-gnss_raw.txt,2436,443182.400,FINESTEERING,SOL_COMPUTED,SINGLE,28,17,3.8401,8.9375,1.4,1793
0703002-0918-11-09-gnss_raw.txt,2436,443182.500,FINESTEERING,SOL_COMPUTED,SINGLE,28,17,3.8895,9.071,1.5,1793
0703002-0918-11-09-gnss_raw.txt,2436,443182.600,FINESTEERING,SOL_COMPUTED,SINGLE,28,17,3.5481,8.2811,1.6,1793
0703002-0918-11-09-gnss_raw.txt,2436,443182.700,FINESTEERING,SOL_COMPUTED,SINGLE,28,16,3.6163,8.4478,1.7,1793
0703002-0918-11-09-gnss_raw.txt,2436,443182.800,FINESTEERING,SOL_COMPUTED,SINGLE,28,16,3.717,8.6874,1.8,1793
0703002-0918-11-09-gnss_raw.txt,2436,443182.900,FINESTEERING,SOL_COMPUTED,SINGLE,28,16,3.7451,8.7643,1.9,1793
0703002-0918-11-09-gnss_raw.txt,2436,443183.000,FINESTEERING,SOL_COMPUTED,SINGLE,28,16,3.7567,8.7996,1.0,1793
0703002-0918-11-09-gnss_raw.txt,2436,443183.100,FINESTEERING,SOL_COMPUTED,SINGLE,28,15,3.6447,8.5443,1.1,1793
0703002-0918-11-09-gnss_raw.txt,2436,443183.200,FINESTEERING,SOL_COMPUTED,SINGLE,28,15,3.7447,8.7764,1.2,1793
0703002-0918-11-09-gnss_raw.txt,2436,443183.300,FINESTEERING,SOL_COMPUTED,SINGLE,28,15,3.8128,8.9394,1.3,1793
0703002-0918-11-09-gnss_raw.txt,2436,443183.400,FINESTEERING,SOL_COMPUTED,SINGLE,28,16,3.6517,8.5686,1.4,1793
0703002-0918-11-09-gnss_raw.txt,2436,443183.500,FINESTEERING,SOL_COMPUTED,SINGLE,28,16,3.6996,8.6839,1.5,1793
0703002-0918-11-09-gnss_raw.txt,2436,443183.600,FINESTEERING,SOL_COMPUTED,SINGLE,28,16,3.7003,8.7028,1.6,1793
0703002-0918-11-09-gnss_raw.txt,2436,443183.700,FINESTEERING,SOL_COMPUTED,SINGLE,28,16,3.6323,8.5489,1.7,1793
0703002-0918-11-09-gnss_raw.txt,2436,443183.800,FINESTEERING,SOL_COMPUTED,SINGLE,28,16,3.627,8.5434,1.8,1793
0703002-0918-11-09-gnss_raw.txt,2436,443183.900,FINESTEERING,SOL_COMPUTED,SINGLE,28,16,3.6927,8.7078,1.9,1793
0703002-0918-11-09-gnss_raw.txt,2436,443184.000,FINESTEERING,SOL_COMPUTED,SINGLE,28,16,3.764,8.8825,1.0,1793
0703002-0918-11-09-gnss_raw.txt,2436,443184.100,FINESTEERING,SOL_COMPUTED,SINGLE,28,16,3.7198,8.7813,1.1,1793
0703002-0918-11-09-gnss_raw.txt,2436,443184.200,FINESTEERING,SOL_COMPUTED,SINGLE,28,16,3.5184,8.3056,1.2,1793
0703002-0918-11-09-gnss_raw.txt,2436,443184.300,FINESTEERING,SOL_COMPUTED,SINGLE,28,16,3.6077,8.5175,1.3,1793
0703002-0918-11-09-gnss_raw.txt,2436,443184.400,FINESTEERING,SOL_COMPUTED,SINGLE,28,16,3.645,8.6093,1.4,1793
0703002-0918-11-09-gnss_raw.txt,2436,443184.500,FINESTEERING,SOL_COMPUTED,SINGLE,28,16,3.7108,8.7754,1.5,1793
0703002-0918-11-09-gnss_raw.txt,2436,443184.600,FINESTEERING,SOL_COMPUTED,SINGLE,28,16,3.5241,8.3334,1.6,1793
0703002-0918-11-09-gnss_raw.txt,2436,443184.700,FINESTEERING,SOL_COMPUTED,SINGLE,29,16,3.6025,8.5205,0.7,1793
0703002-0918-11-09-gnss_raw.txt,2436,443184.800,FINESTEERING,SOL_COMPUTED,SINGLE,29,16,3.66,8.6548,0.8,1793
0703002-0918-11-09-gnss_raw.txt,2436,443184.900,FINESTEERING,SOL_COMPUTED,SINGLE,29,16,3.6374,8.6043,0.9,1793
0703002-0918-11-09-gnss_raw.txt,2436,443185.000,FINESTEERING,SOL_COMPUTED,SINGLE,29,16,3.5657,8.4352,1.0,1793
0703002-0918-11-09-gnss_raw.txt,2436,443185.100,FINESTEERING,SOL_COMPUTED,SINGLE,29,16,3.2315,7.647,1.1,1793
0703002-0918-11-09-gnss_raw.txt,2436,443185.200,FINESTEERING,SOL_COMPUTED,SINGLE,29,15,3.3645,7.9608,1.2,1793
0703002-0918-11-09-gnss_raw.txt,2436,443185.300,FINESTEERING,SOL_COMPUTED,SINGLE,29,15,3.5953,8.5124,1.3,1793
0703002-0918-11-09-gnss_raw.txt,2436,443185.400,FINESTEERING,SOL_COMPUTED,SINGLE,29,15,3.6538,8.6572,1.4,1793
0703002-0918-11-09-gnss_raw.txt,2436,443185.500,FINESTEERING,SOL_COMPUTED,SINGLE,29,15,3.5768,8.4839,1.5,1793
0703002-0918-11-09-gnss_raw.txt,2436,443185.600,FINESTEERING,SOL_COMPUTED,SINGLE,29,15,3.6345,8.6238,1.6,1793
0703002-0918-11-09-gnss_raw.txt,2436,443185.700,FINESTEERING,SOL_COMPUTED,SINGLE,30,16,3.3392,7.9242,1.7,1793
0703002-0918-11-09-gnss_raw.txt,2436,443185.800,FINESTEERING,SOL_COMPUTED,SINGLE,30,16,3.5552,8.4366,1.8,1793
0703002-0918-11-09-gnss_raw.txt,2436,443185.900,FINESTEERING,SOL_COMPUTED,SINGLE,30,17,3.3962,8.0605,0.9,1793
0703002-0918-11-09-gnss_raw.txt,2436,443186.000,FINESTEERING,SOL_COMPUTED,SINGLE,30,18,3.2687,7.7635,1.0,1793
0703002-0918-11-09-gnss_raw.txt,2436,443186.100,FINESTEERING,SOL_COMPUTED,SINGLE,30,17,3.5716,8.4856,1.1,1793
0703002-0918-11-09-gnss_raw.txt,2436,443186.200,FINESTEERING,SOL_COMPUTED,SINGLE,30,17,3.5707,8.4899,1.2,1793
0703002-0918-11-09-gnss_raw.txt,2436,443186.300,FINESTEERING,SOL_COMPUTED,SINGLE,30,16,3.6407,8.6611,1.3,1793
0703002-0918-11-09-gnss_raw.txt,2436,443186.400,FINESTEERING,SOL_COMPUTED,SINGLE,30,16,3.3591,7.9927,1.4,1793
0703002-0918-11-09-gnss_raw.txt,2436,443186.500,FINESTEERING,SOL_COMPUTED,SINGLE,30,16,3.3904,8.0684,1.5,1793
0703002-0918-11-09-gnss_raw.txt,2436,443186.600,FINESTEERING,SOL_COMPUTED,SINGLE,30,16,3.5397,8.4253,1.6,1793
0703002-0918-11-09-gnss_raw.txt,2436,443186.700,FINESTEERING,SOL_COMPUTED,SINGLE,30,16,3.3807,8.0476,0.7,1793
0703002-0918-11-09-gnss_raw.txt,2436,443186.800,FINESTEERING,SOL_COMPUTED,SINGLE,30,16,3.3864,8.0672,0.8,1793
0703002-0918-11-09-gnss_raw.txt,2436,443186.900,FINESTEERING,SOL_COMPUTED,SINGLE,30,16,3.473,8.2788,0.9,1793
0703002-0918-11-09-gnss_raw.txt,2436,443187.000,FINESTEERING,SOL_COMPUTED,SINGLE,30,16,3.5192,8.3956,1.0,1793
0703002-0918-11-09-gnss_raw.txt,2436,443187.100,FINESTEERING,SOL_COMPUTED,SINGLE,30,16,3.4505,8.2355,1.1,1793
0703002-0918-11-09-gnss_raw.txt,2436,443187.200,FINESTEERING,SOL_COMPUTED,SINGLE,30,16,3.5049,8.3722,1.2,1793
0703002-0918-11-09-gnss_raw.txt,2436,443187.300,FINESTEERING,SOL_COMPUTED,SINGLE,30,16,3.5612,8.511,1.3,1793
0703002-0918-11-09-gnss_raw.txt,2436,443187.400,FINESTEERING,SOL_COMPUTED,SINGLE,30,16,3.5046,8.3774,1.4,1793
0703002-0918-11-09-gnss_raw.txt,2436,443187.500,FINESTEERING,SOL_COMPUTED,SINGLE,30,16,3.4045,8.1378,1.5,1793
0703002-0918-11-09-gnss_raw.txt,2436,443187.600,FINESTEERING,SOL_COMPUTED,SINGLE,30,16,3.5228,8.4197,1.6,1793
0703002-0918-11-09-gnss_raw.txt,2436,443187.700,FINESTEERING,SOL_COMPUTED,SINGLE,30,16,3.4729,8.2981,1.7,1793
0703002-0918-11-09-gnss_raw.txt,2436,443187.800,FINESTEERING,SOL_COMPUTED,SINGLE,30,16,3.5007,8.3629,1.8,1793
0703002-0918-11-09-gnss_raw.txt,2436,443187.900,FINESTEERING,SOL_COMPUTED,SINGLE,30,16,3.35,8.0023,1.9,1793
0703002-0918-11-09-gnss_raw.txt,2436,443188.000,FINESTEERING,SOL_COMPUTED,SINGLE,30,16,3.4965,8.355,1.0,1793
0703002-0918-11-09-gnss_raw.txt,2436,443188.100,FINESTEERING,SOL_COMPUTED,SINGLE,30,17,3.364,8.0427,1.1,1793
0703002-0918-11-09-gnss_raw.txt,2436,443188.200,FINESTEERING,SOL_COMPUTED,SINGLE,30,17,3.3278,7.9583,1.2,1793
0703002-0918-11-09-gnss_raw.txt,2436,443188.300,FINESTEERING,SOL_COMPUTED,SINGLE,30,17,3.3529,8.0216,1.3,1793
0703002-0918-11-09-gnss_raw.txt,2436,443188.400,FINESTEERING,SOL_COMPUTED,SINGLE,30,16,3.1241,7.4851,1.4,1793
0703002-0918-11-09-gnss_raw.txt,2436,443188.500,FINESTEERING,SOL_COMPUTED,SINGLE,30,16,3.1901,7.6458,1.5,1793
0703002-0918-11-09-gnss_raw.txt,2436,443188.600,FINESTEERING,SOL_COMPUTED,SINGLE,30,16,3.0681,7.3572,1.6,1793
0703002-0918-11-09-gnss_raw.txt,2436,443188.700,FINESTEERING,SOL_COMPUTED,SINGLE,30,16,3.1259,7.5012,1.7,1793
0703002-0918-11-09-gnss_raw.txt,2436,443188.800,FINESTEERING,SOL_COMPUTED,SINGLE,30,16,3.2223,7.7336,1.8,1793
0703002-0918-11-09-gnss_raw.txt,2436,443188.900,FINESTEERING,SOL_COMPUTED,SINGLE,30,20,3.4357,8.2533,1.9,1793
0703002-0918-11-09-gnss_raw.txt,2436,443189.000,FINESTEERING,SOL_COMPUTED,SINGLE,30,20,3.5051,8.4173,2.0,1793
0703002-0918-11-09-gnss_raw.txt,2436,443189.100,FINESTEERING,SOL_COMPUTED,SINGLE,30,20,3.6161,8.6801,1.1,1793
0703002-0918-11-09-gnss_raw.txt,2436,443189.200,FINESTEERING,SOL_COMPUTED,SINGLE,30,16,3.3166,7.9553,1.2,1793
0703002-0918-11-09-gnss_raw.txt,2436,443189.300,FINESTEERING,SOL_COMPUTED,SINGLE,30,20,3.3879,8.1227,1.3,1793
0703002-0918-11-09-gnss_raw.txt,2436,443189.400,FINESTEERING,SOL_COMPUTED,SINGLE,30,19,3.3123,7.9358,1.4,1793
0703002-0918-11-09-gnss_raw.txt,2436,443189.500,FINESTEERING,SOL_COMPUTED,SINGLE,30,20,3.2622,7.8135,1.5,1793
0703002-0918-11-09-gnss_raw.txt,2436,443189.600,FINESTEERING,SOL_COMPUTED,SINGLE,30,20,3.5182,8.424,1.6,1793
0703002-0918-11-09-gnss_raw.txt,2436,443189.700,FINESTEERING,SOL_COMPUTED,SINGLE,30,19,3.5691,8.546,1.7,1793
0703002-0918-11-09-gnss_raw.txt,2436,443189.800,FINESTEERING,SOL_COMPUTED,SINGLE,30,19,3.4263,8.2039,1.8,1793
0703002-0918-11-09-gnss_raw.txt,2436,443189.900,FINESTEERING,SOL_COMPUTED,SINGLE,30,15,3.3593,8.038,1.9,1793
0703002-0918-11-09-gnss_raw.txt,2436,443190.000,FINESTEERING,SOL_COMPUTED,SINGLE,30,15,3.0724,7.3457,1.0,1793
0703002-0918-11-09-gnss_raw.txt,2436,443190.100,FINESTEERING,SOL_COMPUTED,SINGLE,30,14,3.1038,7.4157,1.1,1793
0703002-0918-11-09-gnss_raw.txt,2436,443190.200,FINESTEERING,SOL_COMPUTED,SINGLE,30,20,3.3926,8.1059,1.2,1793
0703002-0918-11-09-gnss_raw.txt,2436,443190.300,FINESTEERING,SOL_COMPUTED,SINGLE,29,19,3.3053,7.9012,1.3,1793
0703002-0918-11-09-gnss_raw.txt,2436,443190.400,FINESTEERING,SOL_COMPUTED,SINGLE,29,19,3.2451,7.7603,1.4,1793
0703002-0918-11-09-gnss_raw.txt,2436,443190.500,FINESTEERING,SOL_COMPUTED,SINGLE,29,19,3.2597,7.7943,1.5,1793
0703002-0918-11-09-gnss_raw.txt,2436,443190.600,FINESTEERING,SOL_COMPUTED,SINGLE,29,19,3.434,8.2103,1.6,1793
0703002-0918-11-09-gnss_raw.txt,2436,443190.700,FINESTEERING,SOL_COMPUTED,SINGLE,28,19,3.4132,8.1563,1.7,1793
0703002-0918-11-09-gnss_raw.txt,2436,443190.800,FINESTEERING,SOL_COMPUTED,SINGLE,28,19,3.2849,7.8463,1.8,1793
0703002-0918-11-09-gnss_raw.txt,2436,443190.900,FINESTEERING,SOL_COMPUTED,SINGLE,28,19,3.3093,7.8969,1.9,1793
0703002-0918-11-09-gnss_raw.txt,2436,443191.000,FINESTEERING,SOL_COMPUTED,SINGLE,28,14,3.1956,7.6137,1.0,1793
0703002-0918-11-09-gnss_raw.txt,2436,443191.100,FINESTEERING,SOL_COMPUTED,SINGLE,28,14,3.2149,7.6472,1.1,1793
0703002-0918-11-09-gnss_raw.txt,2436,443191.200,FINESTEERING,SOL_COMPUTED,SINGLE,28,14,3.3309,7.9114,1.2,1793
0703002-0918-11-09-gnss_raw.txt,2436,443191.300,FINESTEERING,SOL_COMPUTED,SINGLE,28,19,3.4542,8.2028,1.3,1793
0703002-0918-11-09-gnss_raw.txt,2436,443191.400,FINESTEERING,SOL_COMPUTED,SINGLE,28,18,3.4116,8.0999,1.4,1793
0703002-0918-11-09-gnss_raw.txt,2436,443191.500,FINESTEERING,SOL_COMPUTED,SINGLE,28,18,3.2743,7.7774,1.5,1793
0703002-0918-11-09-gnss_raw.txt,2436,443191.600,FINESTEERING,SOL_COMPUTED,SINGLE,28,18,3.2551,7.7329,1.6,1793
0703002-0918-11-09-gnss_raw.txt,2436,443191.700,FINESTEERING,SOL_COMPUTED,SINGLE,28,19,3.3367,7.9198,1.7,1793
0703002-0918-11-09-gnss_raw.txt,2436,443191.800,FINESTEERING,SOL_COMPUTED,SINGLE,28,19,3.3028,7.8333,1.8,1793
0703002-0918-11-09-gnss_raw.txt,2436,443191.900,FINESTEERING,SOL_COMPUTED,SINGLE,28,19,3.5747,8.4704,1.9,1793
0703002-0918-11-09-gnss_raw.txt,2436,443192.000,FINESTEERING,SOL_COMPUTED,SINGLE,28,19,3.3971,8.0419,2.0,1793
0703002-0918-11-09-gnss_raw.txt,2436,443192.100,FINESTEERING,SOL_COMPUTED,SINGLE,28,19,3.4086,8.0623,1.1,1793
0703002-0918-11-09-gnss_raw.txt,2436,443192.200,FINESTEERING,SOL_COMPUTED,SINGLE,28,19,3.2871,7.7686,1.2,1793
0703002-0918-11-09-gnss_raw.txt,2436,443192.300,FINESTEERING,SOL_COMPUTED,SINGLE,28,19,3.4785,8.2146,1.3,1793
0703002-0918-11-09-gnss_raw.txt,2436,443192.400,FINESTEERING,SOL_COMPUTED,SINGLE,28,19,3.3635,7.9367,1.4,1793
0703002-0918-11-09-gnss_raw.txt,2436,443192.500,FINESTEERING,SOL_COMPUTED,SINGLE,28,19,3.1989,7.545,1.5,1793
0703002-0918-11-09-gnss_raw.txt,2436,443192.600,FINESTEERING,SOL_COMPUTED,SINGLE,28,19,3.2999,7.7812,1.6,1793
0703002-0918-11-09-gnss_raw.txt,2436,443192.700,FINESTEERING,SOL_COMPUTED,SINGLE,28,19,3.2891,7.756,1.7,1793
0703002-0918-11-09-gnss_raw.txt,2436,443192.800,FINESTEERING,SOL_COMPUTED,SINGLE,28,15,3.2094,7.5594,1.8,1793
0703002-0918-11-09-gnss_raw.txt,2436,443192.900,FINESTEERING,SOL_COMPUTED,SINGLE,29,15,3.0474,7.1697,1.9,1793
0703002-0918-11-09-gnss_raw.txt,2436,443193.000,FINESTEERING,SOL_COMPUTED,SINGLE,29,15,3.0682,7.2108,2.0,1793
0703002-0918-11-09-gnss_raw.txt,2436,443193.100,FINESTEERING,SOL_COMPUTED,SINGLE,29,15,3.2894,7.7209,2.1,1793
0703002-0918-11-09-gnss_raw.txt,2436,443193.200,FINESTEERING,SOL_COMPUTED,SINGLE,29,18,3.2687,7.6673,1.2,1793
0703002-0918-11-09-gnss_raw.txt,2436,443193.300,FINESTEERING,SOL_COMPUTED,SINGLE,29,15,3.1991,7.4997,1.3,1793
0703002-0918-11-09-gnss_raw.txt,2436,443193.400,FINESTEERING,SOL_COMPUTED,SINGLE,29,15,3.1627,7.4084,1.4,1793
0703002-0918-11-09-gnss_raw.txt,2436,443193.500,FINESTEERING,SOL_COMPUTED,SINGLE,29,14,3.3217,7.7721,1.5,1793
0703002-0918-11-09-gnss_raw.txt,2436,443193.600,FINESTEERING,SOL_COMPUTED,SINGLE,29,15,3.2472,7.5933,1.6,1793
0703002-0918-11-09-gnss_raw.txt,2436,443193.700,FINESTEERING,SOL_COMPUTED,SINGLE,29,15,3.391,7.9266,1.7,1793
0703002-0918-11-09-gnss_raw.txt,2436,443193.800,FINESTEERING,SOL_COMPUTED,SINGLE,29,14,3.7072,8.6684,1.8,1793
0703002-0918-11-09-gnss_raw.txt,2436,443193.900,FINESTEERING,SOL_COMPUTED,SINGLE,29,14,3.7499,8.7584,1.9,1793
0703002-0918-11-09-gnss_raw.txt,2436,443194.000,FINESTEERING,SOL_COMPUTED,SINGLE,29,14,3.7142,8.6693,1.0,1793
0703002-0918-11-09-gnss_raw.txt,2436,443194.100,FINESTEERING,SOL_COMPUTED,SINGLE,29,14,3.805,8.8769,1.1,1793
0703002-0918-11-09-gnss_raw.txt,2436,443194.200,FINESTEERING,SOL_COMPUTED,SINGLE,29,14,3.8263,8.9244,1.2,1793
0703002-0918-11-09-gnss_raw.txt,2436,443194.300,FINESTEERING,SOL_COMPUTED,SINGLE,29,14,3.7831,8.8172,1.3,1793
0703002-0918-11-09-gnss_raw.txt,2436,443194.400,FINESTEERING,SOL_COMPUTED,SINGLE,29,14,3.6358,8.4681,1.4,1793
0703002-0918-11-09-gnss_raw.txt,2436,443194.500,FINESTEERING,SOL_COMPUTED,SINGLE,29,14,3.4971,8.1381,1.5,1793
0703002-0918-11-09-gnss_raw.txt,2436,443194.600,FINESTEERING,SOL_COMPUTED,SINGLE,29,14,3.5754,8.3136,1.6,1793
0703002-0918-11-09-gnss_raw.txt,2436,443194.700,FINESTEERING,SOL_COMPUTED,SINGLE,29,14,3.2863,7.6347,1.7,1793
0703002-0918-11-09-gnss_raw.txt,2436,443194.800,FINESTEERING,SOL_COMPUTED,SINGLE,29,14,3.8018,8.8273,1.8,1793
0703002-0918-11-09-gnss_raw.txt,2436,443194.900,FINESTEERING,SOL_COMPUTED,SINGLE,29,14,3.8925,9.0337,0.9,1793
0703002-0918-11-09-gnss_raw.txt,2436,443195.000,FINESTEERING,SOL_COMPUTED,SINGLE,29,14,3.478,8.0659,1.0,1793
0703002-0918-11-09-gnss_raw.txt,2436,443195.100,FINESTEERING,SOL_COMPUTED,SINGLE,29,14,3.8072,8.825,1.1,1793
0703002-0918-11-09-gnss_raw.txt,2436,443195.200,FINESTEERING,SOL_COMPUTED,SINGLE,29,15,3.6285,8.4072,1.2,1793
0703002-0918-11-09-gnss_raw.txt,2436,443195.300,FINESTEERING,SOL_COMPUTED,SINGLE,29,15,3.5785,8.2892,1.3,1793
0703002-0918-11-09-gnss_raw.txt,2436,443195.400,FINESTEERING,SOL_COMPUTED,SINGLE,29,15,3.7474,8.6813,1.4,1793
0703002-0918-11-09-gnss_raw.txt,2436,443195.500,FINESTEERING,SOL_COMPUTED,SINGLE,29,16,3.5565,8.2442,1.5,1793
0703002-0918-11-09-gnss_raw.txt,2436,443195.600,FINESTEERING,SOL_COMPUTED,SINGLE,29,15,3.7045,8.5825,1.6,1793
0703002-0918-11-09-gnss_raw.txt,2436,443195.700,FINESTEERING,SOL_COMPUTED,SINGLE,29,15,3.4308,7.9486,0.7,1793
0703002-0918-11-09-gnss_raw.txt,2436,443195.800,FINESTEERING,SOL_COMPUTED,SINGLE,29,15,3.8553,8.9318,0.8,1793
0703002-0918-11-09-gnss_raw.txt,2436,443195.900,FINESTEERING,SOL_COMPUTED,SINGLE,29,15,3.4026,7.8858,0.9,1793
0703002-0918-11-09-gnss_raw.txt,2436,443196.000,FINESTEERING,SOL_COMPUTED,SINGLE,29,15,3.6763,8.5214,1.0,1793
0703002-0918-11-09-gnss_raw.txt,2436,443196.100,FINESTEERING,SOL_COMPUTED,SINGLE,29,15,3.3676,7.806,1.1,1793
0703002-0918-11-09-gnss_raw.txt,2436,443196.200,FINESTEERING,SOL_COMPUTED,SINGLE,29,15,3.6048,8.3527,1.2,1793
0703002-0918-11-09-gnss_raw.txt,2436,443196.300,FINESTEERING,SOL_COMPUTED,SINGLE,29,15,3.7308,8.6397,1.3,1793
0703002-0918-11-09-gnss_raw.txt,2436,443196.400,FINESTEERING,SOL_COMPUTED,SINGLE,29,15,3.6221,8.3831,1.4,1793
0703002-0918-11-09-gnss_raw.txt,2436,443196.500,FINESTEERING,SOL_COMPUTED,SINGLE,29,16,3.4989,8.0976,1.5,1793
0703002-0918-11-09-gnss_raw.txt,2436,443196.600,FINESTEERING,SOL_COMPUTED,SINGLE,29,16,3.5835,8.2908,1.6,1793
0703002-0918-11-09-gnss_raw.txt,2436,443196.700,FINESTEERING,SOL_COMPUTED,SINGLE,29,16,3.5619,8.2435,1.7,1793
0703002-0918-11-09-gnss_raw.txt,2436,443196.800,FINESTEERING,SOL_COMPUTED,SINGLE,29,16,3.6944,8.5495,1.8,1793
0703002-0918-11-09-gnss_raw.txt,2436,443196.900,FINESTEERING,SOL_COMPUTED,SINGLE,30,16,3.6643,8.4787,1.9,1793
0703002-0918-11-09-gnss_raw.txt,2436,443197.000,FINESTEERING,SOL_COMPUTED,SINGLE,30,16,3.62,8.3738,2.0,1793
0703002-0918-11-09-gnss_raw.txt,2436,443197.100,FINESTEERING,SOL_COMPUTED,SINGLE,30,15,3.6564,8.4543,1.1,1793
0703002-0918-11-09-gnss_raw.txt,2436,443197.200,FINESTEERING,SOL_COMPUTED,SINGLE,30,19,3.453,7.9852,1.2,1793
0703002-0918-11-09-gnss_raw.txt,2436,443197.300,FINESTEERING,SOL_COMPUTED,SINGLE,30,19,3.7817,8.7525,1.3,1793
0703002-0918-11-09-gnss_raw.txt,2436,443197.400,FINESTEERING,SOL_COMPUTED,SINGLE,30,19,3.4301,7.9381,1.4,1793
0703002-0918-11-09-gnss_raw.txt,2436,443197.500,FINESTEERING,SOL_COMPUTED,SINGLE,30,19,3.2952,7.6269,1.5,1793
0703002-0918-11-09-gnss_raw.txt,2436,443197.600,FINESTEERING,SOL_COMPUTED,SINGLE,30,19,3.2767,7.5862,1.6,1793
0703002-0918-11-09-gnss_raw.txt,2436,443197.700,FINESTEERING,SOL_COMPUTED,SINGLE,30,19,3.736,8.6498,0.7,1793
0703002-0918-11-09-gnss_raw.txt,2436,443197.800,FINESTEERING,SOL_COMPUTED,SINGLE,30,19,3.5599,8.2443,0.8,1793
0703002-0918-11-09-gnss_raw.txt,2436,443197.900,FINESTEERING,SOL_COMPUTED,SINGLE,30,19,3.4729,8.0468,0.9,1793
0703002-0918-11-09-gnss_raw.txt,2436,443198.000,FINESTEERING,SOL_COMPUTED,SINGLE,30,19,3.4765,8.0609,1.0,1793
0703002-0918-11-09-gnss_raw.txt,2436,443198.100,FINESTEERING,SOL_COMPUTED,SINGLE,30,19,3.1654,7.3444,1.1,1793
0703002-0918-11-09-gnss_raw.txt,2436,443198.200,FINESTEERING,SOL_COMPUTED,SINGLE,30,19,3.4114,7.9214,1.2,1793
0703002-0918-11-09-gnss_raw.txt,2436,443198.300,FINESTEERING,SOL_COMPUTED,SINGLE,30,19,3.4869,8.0965,1.3,1793
0703002-0918-11-09-gnss_raw.txt,2436,443198.400,FINESTEERING,SOL_COMPUTED,SINGLE,30,19,3.5937,8.3485,1.4,1793
0703002-0918-11-09-gnss_raw.txt,2436,443198.500,FINESTEERING,SOL_COMPUTED,SINGLE,30,19,3.3709,7.8332,1.5,1793
0703002-0918-11-09-gnss_raw.txt,2436,443198.600,FINESTEERING,SOL_COMPUTED,SINGLE,30,19,3.4644,8.0551,1.6,1793
0703002-0918-11-09-gnss_raw.txt,2436,443198.700,FINESTEERING,SOL_COMPUTED,SINGLE,30,19,3.2725,7.6117,1.7,1793
0703002-0918-11-09-gnss_raw.txt,2436,443198.800,FINESTEERING,SOL_COMPUTED,SINGLE,30,19,3.2252,7.506,1.8,1793
0703002-0918-11-09-gnss_raw.txt,2436,443198.900,FINESTEERING,SOL_COMPUTED,SINGLE,30,18,3.3821,7.8784,0.9,1793
0703002-0918-11-09-gnss_raw.txt,2436,443199.000,FINESTEERING,SOL_COMPUTED,SINGLE,30,14,3.4917,8.1345,1.0,1793
0703002-0918-11-09-gnss_raw.txt,2436,443199.100,FINESTEERING,SOL_COMPUTED,SINGLE,30,14,3.7519,8.7369,1.1,1793
0703002-0918-11-09-gnss_raw.txt,2436,443199.200,FINESTEERING,SOL_COMPUTED,SINGLE,30,16,3.5163,8.1897,1.2,1793
0703002-0918-11-09-gnss_raw.txt,2436,443199.300,FINESTEERING,SOL_COMPUTED,SINGLE,30,16,3.8108,8.8792,1.3,1793
0703002-0918-11-09-gnss_raw.txt,2436,443199.400,FINESTEERING,SOL_COMPUTED,SINGLE,30,15,3.7517,8.7412,1.4,1793
0703002-0918-11-09-gnss_raw.txt,2436,443199.500,FINESTEERING,SOL_COMPUTED,SINGLE,30,15,3.6278,8.4572,1.5,1793
0703002-0918-11-09-gnss_raw.txt,2436,443199.600,FINESTEERING,SOL_COMPUTED,SINGLE,30,15,3.3514,7.8162,1.6,1793
0703002-0918-11-09-gnss_raw.txt,2436,443199.700,FINESTEERING,SOL_COMPUTED,SINGLE,30,18,3.1945,7.4524,1.7,1793
0703002-0918-11-09-gnss_raw.txt,2436,443199.800,FINESTEERING,SOL_COMPUTED,SINGLE,29,13,3.6307,8.466,0.8,1793
0703002-0918-11-09-gnss_raw.txt,2436,443199.900,FINESTEERING,SOL_COMPUTED,SINGLE,29,14,3.5327,8.2346,0.9,1793
0703002-0918-11-09-gnss_raw.txt,2436,443200.000,FINESTEERING,SOL_COMPUTED,SINGLE,29,14,3.5607,8.2982,1.0,1793
0703002-0918-11-09-gnss_raw.txt,2436,443200.100,FINESTEERING,SOL_COMPUTED,SINGLE,29,14,3.3798,7.8762,1.1,1793
0703002-0918-11-09-gnss_raw.txt,2436,443200.200,FINESTEERING,SOL_COMPUTED,SINGLE,29,14,3.5937,8.3713,1.2,1793
0703002-0918-11-09-gnss_raw.txt,2436,443200.300,FINESTEERING,SOL_COMPUTED,SINGLE,29,14,3.5032,8.1567,1.3,1793
0703002-0918-11-09-gnss_raw.txt,2436,443200.400,FINESTEERING,SOL_COMPUTED,SINGLE,29,14,3.5768,8.3234,1.4,1793
0703002-0918-11-09-gnss_raw.txt,2436,443200.500,FINESTEERING,SOL_COMPUTED,SINGLE,29,15,3.5139,8.1728,1.5,1793
0703002-0918-11-09-gnss_raw.txt,2436,443200.600,FINESTEERING,SOL_COMPUTED,SINGLE,30,15,3.5958,8.3624,1.6,1793
0703002-0918-11-09-gnss_raw.txt,2436,443200.700,FINESTEERING,SOL_COMPUTED,SINGLE,30,15,3.5354,8.2179,1.7,1793
0703002-0918-11-09-gnss_raw.txt,2436,443200.800,FINESTEERING,SOL_COMPUTED,SINGLE,30,18,3.4629,8.046,1.8,1793
0703002-0918-11-09-gnss_raw.txt,2436,443200.900,FINESTEERING,SOL_COMPUTED,SINGLE,30,18,3.4867,8.0992,1.9,1793
0703002-0918-11-09-gnss_raw.txt,2436,443201.000,FINESTEERING,SOL_COMPUTED,SINGLE,30,18,3.5477,8.2361,1.0,1793
0703002-0918-11-09-gnss_raw.txt,2436,443201.100,FINESTEERING,SOL_COMPUTED,SINGLE,30,18,3.4811,8.0787,1.1,1793
0703002-0918-11-09-gnss_raw.txt,2436,443201.200,FINESTEERING,SOL_COMPUTED,SINGLE,30,18,3.4449,7.9938,1.2,1793
0703002-0918-11-09-gnss_raw.txt,2436,443201.300,FINESTEERING,SOL_COMPUTED,SINGLE,30,18,3.4979,8.1205,1.3,1793
0703002-0918-11-09-gnss_raw.txt,2436,443201.400,FINESTEERING,SOL_COMPUTED,SINGLE,30,18,3.206,7.4419,1.4,1793
0703002-0918-11-09-gnss_raw.txt,2436,443201.500,FINESTEERING,SOL_COMPUTED,SINGLE,31,18,3.2727,7.597,1.5,1793
0703002-0918-11-09-gnss_raw.txt,2436,443201.600,FINESTEERING,SOL_COMPUTED,SINGLE,31,18,3.2815,7.6142,1.6,1793
0703002-0918-11-09-gnss_raw.txt,2436,443201.700,FINESTEERING,SOL_COMPUTED,SINGLE,31,18,3.075,7.1383,1.7,1793
0703002-0918-11-09-gnss_raw.txt,2436,443201.800,FINESTEERING,SOL_COMPUTED,SINGLE,31,18,3.3862,7.863,1.8,1793
0703002-0918-11-09-gnss_raw.txt,2436,443201.900,FINESTEERING,SOL_COMPUTED,SINGLE,31,18,3.4642,8.0466,0.9,1793
0703002-0918-11-09-gnss_raw.txt,2436,443202.000,FINESTEERING,SOL_COMPUTED,SINGLE,31,18,3.5171,8.17,1.0,1793
0703002-0918-11-09-gnss_raw.txt,2436,443202.100,FINESTEERING,SOL_COMPUTED,SINGLE,31,18,3.7303,8.6684,1.1,1793
0703002-0918-11-09-gnss_raw.txt,2436,443202.200,FINESTEERING,SOL_COMPUTED,SINGLE,31,18,3.3833,7.8614,1.2,1793
0703002-0918-11-09-gnss_raw.txt,2436,443202.300,FINESTEERING,SOL_COMPUTED,SINGLE,31,18,3.5242,8.1878,1.3,1793
0703002-0918-11-09-gnss_raw.txt,2436,443202.400,FINESTEERING,SOL_COMPUTED,SINGLE,31,18,3.5126,8.1622,1.4,1793
0703002-0918-11-09-gnss_raw.txt,2436,443202.500,FINESTEERING,SOL_COMPUTED,SINGLE,30,18,3.611,8.3925,1.5,1793
0703002-0918-11-09-gnss_raw.txt,2436,443202.600,FINESTEERING,SOL_COMPUTED,SINGLE,30,18,3.35,7.7881,1.6,1793
0703002-0918-11-09-gnss_raw.txt,2436,443202.700,FINESTEERING,SOL_COMPUTED,SINGLE,30,18,3.3482,7.7896,1.7,1793
0703002-0918-11-09-gnss_raw.txt,2436,443202.800,FINESTEERING,SOL_COMPUTED,SINGLE,30,18,3.415,7.9483,1.8,1793
0703002-0918-11-09-gnss_raw.txt,2436,443202.900,FINESTEERING,SOL_COMPUTED,SINGLE,30,18,3.4428,8.0189,1.9,1793
0703002-0918-11-09-gnss_raw.txt,2436,443203.000,FINESTEERING,SOL_COMPUTED,SINGLE,30,18,3.2789,7.6417,1.0,1793
0703002-0918-11-09-gnss_raw.txt,2436,443203.100,FINESTEERING,SOL_COMPUTED,SINGLE,30,18,3.2888,7.667,1.1,1793
0703002-0918-11-09-gnss_raw.txt,2436,443203.200,FINESTEERING,SOL_COMPUTED,SINGLE,30,18,3.4497,8.0476,1.2,1793
0703002-0918-11-09-gnss_raw.txt,2436,443203.300,FINESTEERING,SOL_COMPUTED,SINGLE,30,18,3.553,8.296,1.3,1793
0703002-0918-11-09-gnss_raw.txt,2436,443203.400,FINESTEERING,SOL_COMPUTED,SINGLE,30,18,3.2798,7.6626,1.4,1793
0703002-0918-11-09-gnss_raw.txt,2436,443203.500,FINESTEERING,SOL_COMPUTED,SINGLE,30,18,3.2453,7.5823,1.5,1793
0703002-0918-11-09-gnss_raw.txt,2436,443203.600,FINESTEERING,SOL_COMPUTED,SINGLE,30,18,3.2713,7.6448,1.6,1793
0703002-0918-11-09-gnss_raw.txt,2436,443203.700,FINESTEERING,SOL_COMPUTED,SINGLE,30,18,3.3074,7.7293,0.7,1793
0703002-0918-11-09-gnss_raw.txt,2436,443203.800,FINESTEERING,SOL_COMPUTED,SINGLE,30,18,3.3433,7.8134,0.8,1793
0703002-0918-11-09-gnss_raw.txt,2436,443203.900,FINESTEERING,SOL_COMPUTED,SINGLE,30,18,3.392,7.9289,0.9,1793
0703002-0918-11-09-gnss_raw.txt,2436,443204.000,FINESTEERING,SOL_COMPUTED,SINGLE,30,18,3.2109,7.5037,1.0,1793
0703002-0918-11-09-gnss_raw.txt,2436,443204.100,FINESTEERING,SOL_COMPUTED,SINGLE,30,18,3.1248,7.3025,1.1,1793
0703002-0918-11-09-gnss_raw.txt,2436,443204.200,FINESTEERING,SOL_COMPUTED,SINGLE,30,18,3.2265,7.5388,1.2,1793
0703002-0918-11-09-gnss_raw.txt,2436,443204.300,FINESTEERING,SOL_COMPUTED,SINGLE,30,18,3.0846,7.2041,1.3,1793
0703002-0918-11-09-gnss_raw.txt,2436,443204.400,FINESTEERING,SOL_COMPUTED,SINGLE,31,19,2.9991,7.0016,1.4,1793
0703002-0918-11-09-gnss_raw.txt,2436,443204.500,FINESTEERING,SOL_COMPUTED,SINGLE,31,19,3.3232,7.7589,1.5,1793
0703002-0918-11-09-gnss_raw.txt,2436,443204.600,FINESTEERING,SOL_COMPUTED,SINGLE,31,19,3.1243,7.2992,1.6,1793
0703002-0918-11-09-gnss_raw.txt,2436,443204.700,FINESTEERING,SOL_COMPUTED,SINGLE,31,19,3.1187,7.2867,0.7,1793
0703002-0918-11-09-gnss_raw.txt,2436,443204.800,FINESTEERING,SOL_COMPUTED,SINGLE,31,19,3.4251,8.0028,0.8,1793
0703002-0918-11-09-gnss_raw.txt,2436,443204.900,FINESTEERING,SOL_COMPUTED,SINGLE,31,19,3.3499,7.8288,0.9,1793
0703002-0918-11-09-gnss_raw.txt,2436,443205.000,FINESTEERING,SOL_COMPUTED,SINGLE,31,19,3.4601,8.0876,1.0,1793
0703002-0918-11-09-gnss_raw.txt,2436,443205.100,FINESTEERING,SOL_COMPUTED,SINGLE,31,19,3.2076,7.5047,1.1,1793
0703002-0918-11-09-gnss_raw.txt,2436,443205.200,FINESTEERING,SOL_COMPUTED,SINGLE,31,18,3.1111,7.2795,1.2,1793
0703002-0918-11-09-gnss_raw.txt,2436,443205.300,FINESTEERING,SOL_COMPUTED,SINGLE,31,18,3.6492,8.5453,1.3,1793
0703002-0918-11-09-gnss_raw.txt,2436,443205.400,FINESTEERING,SOL_COMPUTED,SINGLE,31,18,3.407,7.9798,1.4,1793
0703002-0918-11-09-gnss_raw.txt,2436,443205.500,FINESTEERING,SOL_COMPUTED,SINGLE,30,19,3.1605,7.408,1.5,1793
0703002-0918-11-09-gnss_raw.txt,2436,443205.600,FINESTEERING,SOL_COMPUTED,SINGLE,30,16,3.721,8.7332,1.6,1793
0703002-0918-11-09-gnss_raw.txt,2436,443205.700,FINESTEERING,SOL_COMPUTED,SINGLE,30,17,3.3333,7.831,1.7,1793
0703002-0918-11-09-gnss_raw.txt,2436,443205.800,FINESTEERING,SOL_COMPUTED,SINGLE,30,19,3.7728,8.8707,1.8,1793
0703002-0918-11-09-gnss_raw.txt,2436,443205.900,FINESTEERING,SOL_COMPUTED,SINGLE,30,19,3.3522,7.8841,1.9,1793
0703002-0918-11-09-gnss_raw.txt,2436,443206.000,FINESTEERING,SOL_COMPUTED,SINGLE,30,19,3.6432,8.5678,2.0,1793
0703002-0918-11-09-gnss_raw.txt,2436,443206.100,FINESTEERING,SOL_COMPUTED,SINGLE,30,19,3.5613,8.377,1.1,1793
0703002-0918-11-09-gnss_raw.txt,2436,443206.200,FINESTEERING,SOL_COMPUTED,SINGLE,30,19,3.5893,8.4478,1.2,1793
0703002-0918-11-09-gnss_raw.txt,2436,443206.300,FINESTEERING,SOL_COMPUTED,SINGLE,30,19,3.2282,7.6043,1.3,1793
0703002-0918-11-09-gnss_raw.txt,2436,443206.400,FINESTEERING,SOL_COMPUTED,SINGLE,30,19,3.3813,7.9641,1.4,1793
0703002-0918-11-09-gnss_raw.txt,2436,443206.500,FINESTEERING,SOL_COMPUTED,SINGLE,30,19,3.2678,7.6971,1.5,1793
0703002-0918-11-09-gnss_raw.txt,2436,443206.600,FINESTEERING,SOL_COMPUTED,SINGLE,30,19,3.1876,7.5091,1.6,1793
0703002-0918-11-09-gnss_raw.txt,2436,443206.700,FINESTEERING,SOL_COMPUTED,SINGLE,30,19,3.218,7.5874,1.7,1793
0703002-0918-11-09-gnss_raw.txt,2436,443206.800,FINESTEERING,SOL_COMPUTED,SINGLE,30,19,3.3406,7.8838,1.8,1793
0703002-0918-11-09-gnss_raw.txt,2436,443206.900,FINESTEERING,SOL_COMPUTED,SINGLE,30,19,3.6152,8.538,1.9,1793
0703002-0918-11-09-gnss_raw.txt,2436,443207.000,FINESTEERING,SOL_COMPUTED,SINGLE,30,19,3.1199,7.3875,2.0,1793
0703002-0918-11-09-gnss_raw.txt,2436,443207.100,FINESTEERING,SOL_COMPUTED,SINGLE,30,19,3.1077,7.3589,1.1,1793
0703002-0918-11-09-gnss_raw.txt,2436,443207.200,FINESTEERING,SOL_COMPUTED,SINGLE,30,19,3.0667,7.2575,1.2,1793
0703002-0918-11-09-gnss_raw.txt,2436,443207.300,FINESTEERING,SOL_COMPUTED,SINGLE,30,19,2.7807,6.5836,1.3,1793
0703002-0918-11-09-gnss_raw.txt,2436,443207.400,FINESTEERING,SOL_COMPUTED,SINGLE,30,19,3.0416,7.1995,1.4,1793
0703002-0918-11-09-gnss_raw.txt,2436,443207.500,FINESTEERING,SOL_COMPUTED,SINGLE,30,19,3.399,8.0422,1.5,1793
0703002-0918-11-09-gnss_raw.txt,2436,443207.600,FINESTEERING,SOL_COMPUTED,SINGLE,30,19,2.9685,7.0214,1.6,1793
0703002-0918-11-09-gnss_raw.txt,2436,443207.700,FINESTEERING,SOL_COMPUTED,SINGLE,31,19,3.4246,8.098,1.7,1793
0703002-0918-11-09-gnss_raw.txt,2436,443207.800,FINESTEERING,SOL_COMPUTED,SINGLE,31,19,3.3111,7.8252,1.8,1793
0703002-0918-11-09-gnss_raw.txt,2436,443207.900,FINESTEERING,SOL_COMPUTED,SINGLE,30,19,3.5226,8.3202,0.9,1793
0703002-0918-11-09-gnss_raw.txt,2436,443208.000,FINESTEERING,SOL_COMPUTED,SINGLE,30,19,3.5211,8.3161,1.0,1793
0703002-0918-11-09-gnss_raw.txt,2436,443208.100,FINESTEERING,SOL_COMPUTED,SINGLE,30,19,3.8445,9.0792,1.1,1793
0703002-0918-11-09-gnss_raw.txt,2436,443208.200,FINESTEERING,SOL_COMPUTED,SINGLE,30,19,3.2722,7.7249,1.2,1793
0703002-0918-11-09-gnss_raw.txt,2436,443208.300,FINESTEERING,SOL_COMPUTED,SINGLE,30,19,3.2521,7.6872,1.3,1793
0703002-0918-11-09-gnss_raw.txt,2436,443208.400,FINESTEERING,SOL_COMPUTED,SINGLE,30,19,3.0292,7.1738,1.4,1793
0703002-0918-11-09-gnss_raw.txt,2436,443208.500,FINESTEERING,SOL_COMPUTED,SINGLE,30,19,3.1215,7.3941,1.5,1793
0703002-0918-11-09-gnss_raw.txt,2436,443208.600,FINESTEERING,SOL_COMPUTED,SINGLE,30,16,3.1011,7.3414,1.6,1793
0703002-0918-11-09-gnss_raw.txt,2436,443208.700,FINESTEERING,SOL_COMPUTED,SINGLE,30,16,3.012,7.1257,0.7,1793
0703002-0918-11-09-gnss_raw.txt,2436,443208.800,FINESTEERING,SOL_COMPUTED,SINGLE,30,15,3.4169,8.0792,0.8,1793
0703002-0918-11-09-gnss_raw.txt,2436,443208.900,FINESTEERING,SOL_COMPUTED,SINGLE,30,15,3.5175,8.3098,0.9,1793
0703002-0918-11-09-gnss_raw.txt,2436,443209.000,FINESTEERING,SOL_COMPUTED,SINGLE,30,15,3.5678,8.4232,1.0,1793
0703002-0918-11-09-gnss_raw.txt,2436,443209.100,FINESTEERING,SOL_COMPUTED,SINGLE,30,15,3.1373,7.4054,1.1,1793
0703002-0918-11-09-gnss_raw.txt,2436,443209.200,FINESTEERING,SOL_COMPUTED,SINGLE,30,15,2.9728,7.0135,1.2,1793
0703002-0918-11-09-gnss_raw.txt,2436,443209.300,FINESTEERING,SOL_COMPUTED,SINGLE,30,15,3.238,7.6338,1.3,1793
0703002-0918-11-09-gnss_raw.txt,2436,443209.400,FINESTEERING,SOL_COMPUTED,SINGLE,30,18,2.9894,7.0461,1.4,1793
0703002-0918-11-09-gnss_raw.txt,2436,443209.500,FINESTEERING,SOL_COMPUTED,SINGLE,30,18,2.7723,6.5379,1.5,1793
0703002-0918-11-09-gnss_raw.txt,2436,443209.600,FINESTEERING,SOL_COMPUTED,SINGLE,30,18,2.7647,6.5215,1.6,1793
0703002-0918-11-09-gnss_raw.txt,2436,443209.700,FINESTEERING,SOL_COMPUTED,SINGLE,30,18,2.9908,7.059,1.7,1793
0703002-0918-11-09-gnss_raw.txt,2436,443209.800,FINESTEERING,SOL_COMPUTED,SINGLE,30,19,2.9145,6.8854,0.8,1793
0703002-0918-11-09-gnss_raw.txt,2436,443209.900,FINESTEERING,SOL_COMPUTED,SINGLE,30,19,2.9988,7.0833,0.9,1793
0703002-0918-11-09-gnss_raw.txt,2436,443210.000,FINESTEERING,SOL_COMPUTED,SINGLE,30,19,2.7314,6.4562,1.0,1793
0703002-0918-11-09-gnss_raw.txt,2436,443210.100,FINESTEERING,SOL_COMPUTED,SINGLE,30,18,3.1071,7.352,1.1,1793
0703002-0918-11-09-gnss_raw.txt,2436,443210.200,FINESTEERING,SOL_COMPUTED,SINGLE,30,19,3.0088,7.1187,1.2,1793
0703002-0918-11-09-gnss_raw.txt,2436,443210.300,FINESTEERING,SOL_COMPUTED,SINGLE,30,19,3.3508,7.926,1.3,1793
0703002-0918-11-09-gnss_raw.txt,2436,443210.400,FINESTEERING,SOL_COMPUTED,SINGLE,30,19,3.0302,7.1717,1.4,1793
0703002-0918-11-09-gnss_raw.txt,2436,443210.500,FINESTEERING,SOL_COMPUTED,SINGLE,30,19,3.0926,7.3204,1.5,1793
0703002-0918-11-09-gnss_raw.txt,2436,443210.600,FINESTEERING,SOL_COMPUTED,SINGLE,30,19,3.0869,7.308,1.6,1793
0703002-0918-11-09-gnss_raw.txt,2436,443210.700,FINESTEERING,SOL_COMPUTED,SINGLE,30,19,3.2148,7.6133,1.7,1793
0703002-0918-11-09-gnss_raw.txt,2436,443210.800,FINESTEERING,SOL_COMPUTED,SINGLE,30,19,3.6716,8.6943,1.8,1793
0703002-0918-11-09-gnss_raw.txt,2436,443210.900,FINESTEERING,SOL_COMPUTED,SINGLE,30,19,3.6577,8.6608,1.9,1793
0703002-0918-11-09-gnss_raw.txt,2436,443211.000,FINESTEERING,SOL_COMPUTED,SINGLE,29,15,3.8682,9.1587,1.0,1793
0703002-0918-11-09-gnss_raw.txt,2436,443211.100,FINESTEERING,SOL_COMPUTED,SINGLE,29,19,3.7565,8.8959,1.1,1793
0703002-0918-11-09-gnss_raw.txt,2436,443211.200,FINESTEERING,SOL_COMPUTED,SINGLE,29,19,3.5592,8.4322,1.2,1793
0703002-0918-11-09-gnss_raw.txt,2436,443211.300,FINESTEERING,SOL_COMPUTED,SINGLE,29,19,3.8019,9.0078,1.3,1793
0703002-0918-11-09-gnss_raw.txt,2436,443211.400,FINESTEERING,SOL_COMPUTED,SINGLE,29,19,3.7859,8.9665,1.4,1793
0703002-0918-11-09-gnss_raw.txt,2436,443211.500,FINESTEERING,SOL_COMPUTED,SINGLE,29,18,3.6066,8.5365,1.5,1793
0703002-0918-11-09-gnss_raw.txt,2436,443211.600,FINESTEERING,SOL_COMPUTED,SINGLE,30,19,3.4648,8.2006,1.6,1793
0703002-0918-11-09-gnss_raw.txt,2436,443211.700,FINESTEERING,SOL_COMPUTED,SINGLE,30,19,3.5626,8.4282,0.7,1793
0703002-0918-11-09-gnss_raw.txt,2436,443211.800,FINESTEERING,SOL_COMPUTED,SINGLE,30,18,3.8939,9.2055,0.8,1793
0703002-0918-11-09-gnss_raw.txt,2436,443211.900,FINESTEERING,SOL_COMPUTED,SINGLE,30,18,3.7926,8.9616,0.9,1793
0703002-0918-11-09-gnss_raw.txt,2436,443212.000,FINESTEERING,SOL_COMPUTED,SINGLE,30,19,3.5905,8.4832,1.0,1793
0703002-0918-11-09-gnss_raw.txt,2436,443212.100,FINESTEERING,SOL_COMPUTED,SINGLE,30,18,3.2055,7.5751,1.1,1793
0703002-0918-11-09-gnss_raw.txt,2436,443212.200,FINESTEERING,SOL_COMPUTED,SINGLE,30,18,3.2163,7.5991,1.2,1793
0703002-0918-11-09-gnss_raw.txt,2436,443212.300,FINESTEERING,SOL_COMPUTED,SINGLE,30,19,3.094,7.3076,1.3,1793
0703002-0918-11-09-gnss_raw.txt,2436,443212.400,FINESTEERING,SOL_COMPUTED,SINGLE,30,19,3.0908,7.2995,1.4,1793
0703002-0918-11-09-gnss_raw.txt,2436,443212.500,FINESTEERING,SOL_COMPUTED,SINGLE,30,17,2.8873,6.8175,1.5,1793
0703002-0918-11-09-gnss_raw.txt,2436,443212.600,FINESTEERING,SOL_COMPUTED,SINGLE,30,19,3.3176,7.8336,1.6,1793
0703002-0918-11-09-gnss_raw.txt,2436,443212.700,FINESTEERING,SOL_COMPUTED,SINGLE,30,17,2.9792,7.0291,1.7,1793
0703002-0918-11-09-gnss_raw.txt,2436,443212.800,FINESTEERING,SOL_COMPUTED,SINGLE,30,18,2.9881,7.0445,1.8,1793
0703002-0918-11-09-gnss_raw.txt,2436,443212.900,FINESTEERING,SOL_COMPUTED,SINGLE,30,18,3.054,7.1925,1.9,1793
0703002-0918-11-09-gnss_raw.txt,2436,443213.000,FINESTEERING,SOL_COMPUTED,SINGLE,30,18,3.1036,7.3034,1.0,1793
0703002-0918-11-09-gnss_raw.txt,2436,443213.100,FINESTEERING,SOL_COMPUTED,SINGLE,30,18,3.0742,7.2297,1.1,1793
0703002-0918-11-09-gnss_raw.txt,2436,443213.200,FINESTEERING,SOL_COMPUTED,SINGLE,30,19,3.313,7.794,1.2,1793
0703002-0918-11-09-gnss_raw.txt,2436,443213.300,FINESTEERING,SOL_COMPUTED,SINGLE,30,18,3.4701,8.1657,1.3,1793
0703002-0918-11-09-gnss_raw.txt,2436,443213.400,FINESTEERING,SOL_COMPUTED,SINGLE,30,19,3.4822,8.1923,1.4,1793
0703002-0918-11-09-gnss_raw.txt,2436,443213.500,FINESTEERING,SOL_COMPUTED,SINGLE,30,18,3.1789,7.4813,1.5,1793
0703002-0918-11-09-gnss_raw.txt,2436,443213.600,FINESTEERING,SOL_COMPUTED,SINGLE,30,19,3.1479,7.4125,1.6,1793
0703002-0918-11-09-gnss_raw.txt,2436,443213.700,FINESTEERING,SOL_COMPUTED,SINGLE,30,18,3.3401,7.8634,1.7,1793
0703002-0918-11-09-gnss_raw.txt,2436,443213.800,FINESTEERING,SOL_COMPUTED,SINGLE,30,18,3.4427,8.1032,1.8,1793
0703002-0918-11-09-gnss_raw.txt,2436,443213.900,FINESTEERING,SOL_COMPUTED,SINGLE,30,17,2.9261,6.8842,0.9,1793
0703002-0918-11-09-gnss_raw.txt,2436,443214.000,FINESTEERING,SOL_COMPUTED,SINGLE,30,18,3.3524,7.882,1.0,1793
0703002-0918-11-09-gnss_raw.txt,2436,443214.100,FINESTEERING,SOL_COMPUTED,SINGLE,30,18,3.475,8.1687,1.1,1793
0703002-0918-11-09-gnss_raw.txt,2436,443214.200,FINESTEERING,SOL_COMPUTED,SINGLE,30,18,3.3084,7.775,1.2,1793
0703002-0918-11-09-gnss_raw.txt,2436,443214.300,FINESTEERING,SOL_COMPUTED,SINGLE,30,18,3.4511,8.1113,1.3,1793
0703002-0918-11-09-gnss_raw.txt,2436,443214.400,FINESTEERING,SOL_COMPUTED,SINGLE,30,18,3.675,8.6417,1.4,1793
0703002-0918-11-09-gnss_raw.txt,2436,443214.500,FINESTEERING,SOL_COMPUTED,SINGLE,30,18,3.4223,8.0557,1.5,1793
0703002-0918-11-09-gnss_raw.txt,2436,443214.600,FINESTEERING,SOL_COMPUTED,SINGLE,30,15,3.5033,8.2414,1.6,1793
0703002-0918-11-09-gnss_raw.txt,2436,443214.700,FINESTEERING,SOL_COMPUTED,SINGLE,30,15,3.4783,8.1788,1.7,1793
0703002-0918-11-09-gnss_raw.txt,2436,443214.800,FINESTEERING,SOL_COMPUTED,SINGLE,30,15,3.5719,8.3943,1.8,1793
0703002-0918-11-09-gnss_raw.txt,2436,443214.900,FINESTEERING,SOL_COMPUTED,SINGLE,30,15,3.9253,9.2219,0.9,1793
0703002-0918-11-09-gnss_raw.txt,2436,443215.000,FINESTEERING,SOL_COMPUTED,SINGLE,30,15,3.3878,7.9541,1.0,1793
0703002-0918-11-09-gnss_raw.txt,2436,443215.100,FINESTEERING,SOL_COMPUTED,SINGLE,30,15,4.0998,9.6265,1.1,1793
0703002-0918-11-09-gnss_raw.txt,2436,443215.200,FINESTEERING,SOL_COMPUTED,SINGLE,30,15,3.9919,9.373,1.2,1793
0703002-0918-11-09-gnss_raw.txt,2436,443215.300,FINESTEERING,SOL_COMPUTED,SINGLE,30,15,3.5856,8.413,1.3,1793
0703002-0918-11-09-gnss_raw.txt,2436,443215.400,FINESTEERING,SOL_COMPUTED,SINGLE,30,15,3.4801,8.1592,1.4,1793
0703002-0918-11-09-gnss_raw.txt,2436,443215.500,FINESTEERING,SOL_COMPUTED,SINGLE,30,15,3.2385,7.5904,1.5,1793
0703002-0918-11-09-gnss_raw.txt,2436,443215.600,FINESTEERING,SOL_COMPUTED,SINGLE,30,16,3.7199,8.7232,1.6,1793
0703002-0918-11-09-gnss_raw.txt,2436,443215.700,FINESTEERING,SOL_COMPUTED,SINGLE,30,16,3.6518,8.5631,1.7,1793
0703002-0918-11-09-gnss_raw.txt,2436,443215.800,FINESTEERING,SOL_COMPUTED,SINGLE,30,17,3.7646,8.8312,1.8,1793
0703002-0918-11-09-gnss_raw.txt,2436,443215.900,FINESTEERING,SOL_COMPUTED,SINGLE,30,17,3.5358,8.2987,0.9,1793
0703002-0918-11-09-gnss_raw.txt,2436,443216.000,FINESTEERING,SOL_COMPUTED,SINGLE,30,17,3.7186,8.724,1.0,1793
0703002-0918-11-09-gnss_raw.txt,2436,443216.100,FINESTEERING,SOL_COMPUTED,SINGLE,30,17,3.563,8.37,1.1,1793
0703002-0918-11-09-gnss_raw.txt,2436,443216.200,FINESTEERING,SOL_COMPUTED,SINGLE,30,17,3.512,8.2487,1.2,1793
0703002-0918-11-09-gnss_raw.txt,2436,443216.300,FINESTEERING,SOL_COMPUTED,SINGLE,30,17,3.6391,8.5565,1.3,1793
0703002-0918-11-09-gnss_raw.txt,2436,443216.400,FINESTEERING,SOL_COMPUTED,SINGLE,30,17,3.4752,8.1704,1.4,1793
0703002-0918-11-09-gnss_raw.txt,2436,443216.500,FINESTEERING,SOL_COMPUTED,SINGLE,30,16,3.2861,7.7241,1.5,1793
0703002-0918-11-09-gnss_raw.txt,2436,443216.600,FINESTEERING,SOL_COMPUTED,SINGLE,30,16,3.5837,8.4225,1.6,1793
0703002-0918-11-09-gnss_raw.txt,2436,443216.700,FINESTEERING,SOL_COMPUTED,SINGLE,30,16,3.2169,7.5573,1.7,1793
0703002-0918-11-09-gnss_raw.txt,2436,443216.800,FINESTEERING,SOL_COMPUTED,SINGLE,30,16,3.6058,8.4669,1.8,1793
0703002-0918-11-09-gnss_raw.txt,2436,443216.900,FINESTEERING,SOL_COMPUTED,SINGLE,29,16,3.4778,8.1617,1.9,1793
0703002-0918-11-09-gnss_raw.txt,2436,443217.000,FINESTEERING,SOL_COMPUTED,SINGLE,29,16,3.5283,8.2758,1.0,1793
0703002-0918-11-09-gnss_raw.txt,2436,443217.100,FINESTEERING,SOL_COMPUTED,SINGLE,29,16,3.4253,8.0335,1.1,1793
0703002-0918-11-09-gnss_raw.txt,2436,443217.200,FINESTEERING,SOL_COMPUTED,SINGLE,29,16,3.7329,8.7548,1.2,1793
0703002-0918-11-09-gnss_raw.txt,2436,443217.300,FINESTEERING,SOL_COMPUTED,SINGLE,29,16,3.2355,7.5917,1.3,1793
0703002-0918-11-09-gnss_raw.txt,2436,443217.400,FINESTEERING,SOL_COMPUTED,SINGLE,29,15,3.86,9.065,1.4,1793
0703002-0918-11-09-gnss_raw.txt,2436,443217.500,FINESTEERING,SOL_COMPUTED,SINGLE,29,15,3.6879,8.6612,1.5,1793
0703002-0918-11-09-gnss_raw.txt,2436,443217.600,FINESTEERING,SOL_COMPUTED,SINGLE,29,15,3.5908,8.439,1.6,1793
0703002-0918-11-09-gnss_raw.txt,2436,443217.700,FINESTEERING,SOL_COMPUTED,SINGLE,29,16,3.8149,8.9623,1.7,1793
0703002-0918-11-09-gnss_raw.txt,2436,443217.800,FINESTEERING,SOL_COMPUTED,SINGLE,29,16,3.3309,7.8255,0.8,1793
0703002-0918-11-09-gnss_raw.txt,2436,443217.900,FINESTEERING,SOL_COMPUTED,SINGLE,29,16,3.3946,7.9736,0.9,1793
0703002-0918-11-09-gnss_raw.txt,2436,443218.000,FINESTEERING,SOL_COMPUTED,SINGLE,29,16,3.3722,7.9201,1.0,1793
0703002-0918-11-09-gnss_raw.txt,2436,443218.100,FINESTEERING,SOL_COMPUTED,SINGLE,29,16,3.6529,8.578,1.1,1793
0703002-0918-11-09-gnss_raw.txt,2436,443218.200,FINESTEERING,SOL_COMPUTED,SINGLE,29,16,4.0821,9.5869,1.2,1793
0703002-0918-11-09-gnss_raw.txt,2436,443218.300,FINESTEERING,SOL_COMPUTED,SINGLE,29,16,3.8659,9.0769,1.3,1793
0703002-0918-11-09-gnss_raw.txt,2436,443218.400,FINESTEERING,SOL_COMPUTED,SINGLE,29,15,3.6407,8.5447,1.4,1793
0703002-0918-11-09-gnss_raw.txt,2436,443218.500,FINESTEERING,SOL_COMPUTED,SINGLE,29,16,3.7366,8.767,1.5,1793
0703002-0918-11-09-gnss_raw.txt,2436,443218.600,FINESTEERING,SOL_COMPUTED,SINGLE,29,16,3.9577,9.2839,1.6,1793
0703002-0918-11-09-gnss_raw.txt,2436,443218.700,FINESTEERING,SOL_COMPUTED,SINGLE,29,16,3.9343,9.2254,1.7,1793
0703002-0918-11-09-gnss_raw.txt,2436,443218.800,FINESTEERING,SOL_COMPUTED,SINGLE,29,16,3.6446,8.5489,0.8,1793
0703002-0918-11-09-gnss_raw.txt,2436,443218.900,FINESTEERING,SOL_COMPUTED,SINGLE,29,16,3.6964,8.6679,0.9,1793
0703002-0918-11-09-gnss_raw.txt,2436,443219.000,FINESTEERING,SOL_COMPUTED,SINGLE,29,16,3.7122,8.7073,1.0,1793
0703002-0918-11-09-gnss_raw.txt,2436,443219.100,FINESTEERING,SOL_COMPUTED,SINGLE,29,16,3.655,8.576,1.1,1793
0703002-0918-11-09-gnss_raw.txt,2436,443219.200,FINESTEERING,SOL_COMPUTED,SINGLE,29,15,3.8438,9.0206,1.2,1793
0703002-0918-11-09-gnss_raw.txt,2436,443219.300,FINESTEERING,SOL_COMPUTED,SINGLE,29,15,3.6995,8.6823,1.3,1793
0703002-0918-11-09-gnss_raw.txt,2436,443219.400,FINESTEERING,SOL_COMPUTED,SINGLE,29,15,3.8196,8.9666,1.4,1793
0703002-0918-11-09-gnss_raw.txt,2436,443219.500,FINESTEERING,SOL_COMPUTED,SINGLE,29,15,3.7687,8.8468,1.5,1793
0703002-0918-11-09-gnss_raw.txt,2436,443219.600,FINESTEERING,SOL_COMPUTED,SINGLE,29,16,3.4516,8.1039,1.6,1793
0703002-0918-11-09-gnss_raw.txt,2436,443219.700,FINESTEERING,SOL_COMPUTED,SINGLE,29,16,3.4411,8.0838,1.7,1793
0703002-0918-11-09-gnss_raw.txt,2436,443219.800,FINESTEERING,SOL_COMPUTED,SINGLE,29,15,3.434,8.0756,1.8,1793
0703002-0918-11-09-gnss_raw.txt,2436,443219.900,FINESTEERING,SOL_COMPUTED,SINGLE,29,15,3.6817,8.6616,1.9,1793
0703002-0918-11-09-gnss_raw.txt,2436,443220.000,FINESTEERING,SOL_COMPUTED,SINGLE,29,15,3.4127,8.0264,1.0,1793
0703002-0918-11-09-gnss_raw.txt,2436,443220.100,FINESTEERING,SOL_COMPUTED,SINGLE,29,16,3.7204,8.7483,1.1,1793
0703002-0918-11-09-gnss_raw.txt,2436,443220.200,FINESTEERING,SOL_COMPUTED,SINGLE,29,16,3.6645,8.6143,1.2,1793
0703002-0918-11-09-gnss_raw.txt,2436,443220.300,FINESTEERING,SOL_COMPUTED,SINGLE,29,16,3.703,8.7058,1.3,1793
0703002-0918-11-09-gnss_raw.txt,2436,443220.400,FINESTEERING,SOL_COMPUTED,SINGLE,29,16,3.648,8.5745,1.4,1793
0703002-0918-11-09-gnss_raw.txt,2436,443220.500,FINESTEERING,SOL_COMPUTED,SINGLE,29,16,3.736,8.7783,1.5,1793
0703002-0918-11-09-gnss_raw.txt,2436,443220.600,FINESTEERING,SOL_COMPUTED,SINGLE,29,16,3.8146,8.9581,1.6,1793
0703002-0918-11-09-gnss_raw.txt,2436,443220.700,FINESTEERING,SOL_COMPUTED,SINGLE,29,16,3.7506,8.8132,1.7,1793
0703002-0918-11-09-gnss_raw.txt,2436,443220.800,FINESTEERING,SOL_COMPUTED,SINGLE,29,16,3.5391,8.3204,0.8,1793
0703002-0918-11-09-gnss_raw.txt,2436,443220.900,FINESTEERING,SOL_COMPUTED,SINGLE,29,16,3.8422,9.0404,0.9,1793
0703002-0918-11-09-gnss_raw.txt,2436,443221.000,FINESTEERING,SOL_COMPUTED,SINGLE,29,16,3.7981,8.9402,1.0,1793
0703002-0918-11-09-gnss_raw.txt,2436,443221.100,FINESTEERING,SOL_COMPUTED,SINGLE,29,16,3.4876,8.2097,1.1,1793
0703002-0918-11-09-gnss_raw.txt,2436,443221.200,FINESTEERING,SOL_COMPUTED,SINGLE,29,16,3.6819,8.6718,1.2,1793
0703002-0918-11-09-gnss_raw.txt,2436,443221.300,FINESTEERING,SOL_COMPUTED,SINGLE,29,15,3.7174,8.7618,1.3,1793
0703002-0918-11-09-gnss_raw.txt,2436,443221.400,FINESTEERING,SOL_COMPUTED,SINGLE,29,15,3.7734,8.8905,1.4,1793
0703002-0918-11-09-gnss_raw.txt,2436,443221.500,FINESTEERING,SOL_COMPUTED,SINGLE,29,15,3.875,9.1295,1.5,1793
0703002-0918-11-09-gnss_raw.txt,2436,443221.600,FINESTEERING,SOL_COMPUTED,SINGLE,29,15,3.6901,8.6956,1.6,1793
0703002-0918-11-09-gnss_raw.txt,2436,443221.700,FINESTEERING,SOL_COMPUTED,SINGLE,29,15,3.8746,9.1246,1.7,1793
0703002-0918-11-09-gnss_raw.txt,2436,443221.800,FINESTEERING,SOL_COMPUTED,SINGLE,29,16,3.7358,8.806,1.8,1793
0703002-0918-11-09-gnss_raw.txt,2436,443221.900,FINESTEERING,SOL_COMPUTED,SINGLE,29,16,3.8135,8.9937,1.9,1793
0703002-0918-11-09-gnss_raw.txt,2436,443222.000,FINESTEERING,SOL_COMPUTED,SINGLE,29,16,3.3819,7.9787,2.0,1793
0703002-0918-11-09-gnss_raw.txt,2436,443222.100,FINESTEERING,SOL_COMPUTED,SINGLE,29,16,3.6709,8.6665,1.1,1793
0703002-0918-11-09-gnss_raw.txt,2436,443222.200,FINESTEERING,SOL_COMPUTED,SINGLE,29,16,3.5921,8.4859,1.2,1793
0703002-0918-11-09-gnss_raw.txt,2436,443222.300,FINESTEERING,SOL_COMPUTED,SINGLE,29,16,3.7691,8.9075,1.3,1793
0703002-0918-11-09-gnss_raw.txt,2436,443222.400,FINESTEERING,SOL_COMPUTED,SINGLE,29,16,3.7645,8.8969,1.4,1793
0703002-0918-11-09-gnss_raw.txt,2436,443222.500,FINESTEERING,SOL_COMPUTED,SINGLE,29,16,3.6525,8.6316,1.5,1793
0703002-0918-11-09-gnss_raw.txt,2436,443222.600,FINESTEERING,SOL_COMPUTED,SINGLE,29,16,3.4847,8.2373,1.6,1793
0703002-0918-11-09-gnss_raw.txt,2436,443222.700,FINESTEERING,SOL_COMPUTED,SINGLE,29,16,3.2291,7.6363,1.7,1793
0703002-0918-11-09-gnss_raw.txt,2436,443222.800,FINESTEERING,SOL_COMPUTED,SINGLE,29,16,3.352,7.9243,0.8,1793
0703002-0918-11-09-gnss_raw.txt,2436,443222.900,FINESTEERING,SOL_COMPUTED,SINGLE,29,16,3.7345,8.824,0.9,1793
0703002-0918-11-09-gnss_raw.txt,2436,443223.000,FINESTEERING,SOL_COMPUTED,SINGLE,29,16,3.5015,8.2703,1.0,1793
0703002-0918-11-09-gnss_raw.txt,2436,443223.100,FINESTEERING,SOL_COMPUTED,SINGLE,29,16,3.453,8.1533,1.1,1793
0703002-0918-11-09-gnss_raw.txt,2436,443223.200,FINESTEERING,SOL_COMPUTED,SINGLE,29,16,3.383,7.9852,1.2,1793
0703002-0918-11-09-gnss_raw.txt,2436,443223.300,FINESTEERING,SOL_COMPUTED,SINGLE,29,16,3.5309,8.3363,1.3,1793
0703002-0918-11-09-gnss_raw.txt,2436,443223.400,FINESTEERING,SOL_COMPUTED,SINGLE,29,17,3.3779,7.9718,1.4,1793
0703002-0918-11-09-gnss_raw.txt,2436,443223.500,FINESTEERING,SOL_COMPUTED,SINGLE,29,17,3.1212,7.3623,1.5,1793
0703002-0918-11-09-gnss_raw.txt,2436,443223.600,FINESTEERING,SOL_COMPUTED,SINGLE,29,16,3.3412,7.8791,1.6,1793
0703002-0918-11-09-gnss_raw.txt,2436,443223.700,FINESTEERING,SOL_COMPUTED,SINGLE,29,17,3.5481,8.3671,1.7,1793
0703002-0918-11-09-gnss_raw.txt,2436,443223.800,FINESTEERING,SOL_COMPUTED,SINGLE,29,17,3.3819,7.9768,1.8,1793
0703002-0918-11-09-gnss_raw.txt,2436,443223.900,FINESTEERING,SOL_COMPUTED,SINGLE,29,17,3.3241,7.8421,1.9,1793
0703002-0918-11-09-gnss_raw.txt,2436,443224.000,FINESTEERING,SOL_COMPUTED,SINGLE,29,17,3.18,7.5016,2.0,1793
0703002-0918-11-09-gnss_raw.txt,2436,443224.100,FINESTEERING,SOL_COMPUTED,SINGLE,29,17,3.1668,7.4703,1.1,1793
0703002-0918-11-09-gnss_raw.txt,2436,443224.200,FINESTEERING,SOL_COMPUTED,SINGLE,29,17,3.0482,7.1872,1.2,1793
0703002-0918-11-09-gnss_raw.txt,2436,443224.300,FINESTEERING,SOL_COMPUTED,SINGLE,29,17,3.331,7.8488,1.3,1793
0703002-0918-11-09-gnss_raw.txt,2436,443224.400,FINESTEERING,SOL_COMPUTED,SINGLE,29,17,3.1088,7.3257,1.4,1793
0703002-0918-11-09-gnss_raw.txt,2436,443224.500,FINESTEERING,SOL_COMPUTED,SINGLE,29,17,3.447,8.1213,1.5,1793
0703002-0918-11-09-gnss_raw.txt,2436,443224.600,FINESTEERING,SOL_COMPUTED,SINGLE,29,17,3.3944,7.9984,1.6,1793
0703002-0918-11-09-gnss_raw.txt,2436,443224.700,FINESTEERING,SOL_COMPUTED,SINGLE,29,17,3.2725,7.7171,0.7,1793
0703002-0918-11-09-gnss_raw.txt,2436,443224.800,FINESTEERING,SOL_COMPUTED,SINGLE,29,16,3.3659,7.9392,0.8,1793
0703002-0918-11-09-gnss_raw.txt,2436,443224.900,FINESTEERING,SOL_COMPUTED,SINGLE,29,17,3.2964,7.7795,0.9,1793
0703002-0918-11-09-gnss_raw.txt,2436,443225.000,FINESTEERING,SOL_COMPUTED,SINGLE,29,17,3.1457,7.4244,1.0,1793
0703002-0918-11-09-gnss_raw.txt,2436,443225.100,FINESTEERING,SOL_COMPUTED,SINGLE,29,17,3.4951,8.2496,1.1,1793
0703002-0918-11-09-gnss_raw.txt,2436,443225.200,FINESTEERING,SOL_COMPUTED,SINGLE,29,17,3.31,7.8147,1.2,1793
0703002-0918-11-09-gnss_raw.txt,2436,443225.300,FINESTEERING,SOL_COMPUTED,SINGLE,29,17,3.4067,8.0441,1.3,1793
0703002-0918-11-09-gnss_raw.txt,2436,443225.400,FINESTEERING,SOL_COMPUTED,SINGLE,29,17,3.213,7.5836,1.4,1793
0703002-0918-11-09-gnss_raw.txt,2436,443225.500,FINESTEERING,SOL_COMPUTED,SINGLE,29,17,3.2263,7.6093,1.5,1793
0703002-0918-11-09-gnss_raw.txt,2436,443225.600,FINESTEERING,SOL_COMPUTED,SINGLE,29,17,3.394,8.0013,1.6,1793
0703002-0918-11-09-gnss_raw.txt,2436,443225.700,FINESTEERING,SOL_COMPUTED,SINGLE,29,17,3.2551,7.6728,1.7,1793
0703002-0918-11-09-gnss_raw.txt,2436,443225.800,FINESTEERING,SOL_COMPUTED,SINGLE,29,16,3.4162,8.0546,0.8,1793
0703002-0918-11-09-gnss_raw.txt,2436,443225.900,FINESTEERING,SOL_COMPUTED,SINGLE,29,16,3.646,8.5954,0.9,1793
0703002-0918-11-09-gnss_raw.txt,2436,443226.000,FINESTEERING,SOL_COMPUTED,SINGLE,29,15,3.8353,9.0365,1.0,1793
0703002-0918-11-09-gnss_raw.txt,2436,443226.100,FINESTEERING,SOL_COMPUTED,SINGLE,29,16,3.6806,8.6667,1.1,1793
0703002-0918-11-09-gnss_raw.txt,2436,443226.200,FINESTEERING,SOL_COMPUTED,SINGLE,29,15,3.1766,7.475,1.2,1793
0703002-0918-11-09-gnss_raw.txt,2436,443226.300,FINESTEERING,SOL_COMPUTED,SINGLE,29,15,3.3925,7.9761,1.3,1793
0703002-0918-11-09-gnss_raw.txt,2436,443226.400,FINESTEERING,SOL_COMPUTED,SINGLE,29,15,3.1993,7.5172,1.4,1793
0703002-0918-11-09-gnss_raw.txt,2436,443226.500,FINESTEERING,SOL_COMPUTED,SINGLE,29,15,3.2323,7.5899,1.5,1793
0703002-0918-11-09-gnss_raw.txt,2436,443226.600,FINESTEERING,SOL_COMPUTED,SINGLE,29,14,3.1201,7.3215,1.6,1793
0703002-0918-11-09-gnss_raw.txt,2436,443226.700,FINESTEERING,SOL_COMPUTED,SINGLE,29,15,3.0342,7.1185,0.7,1793
0703002-0918-11-09-gnss_raw.txt,2436,443226.800,FINESTEERING,SOL_COMPUTED,SINGLE,29,15,3.0619,7.1835,0.8,1793
0703002-0918-11-09-gnss_raw.txt,2436,443226.900,FINESTEERING,SOL_COMPUTED,SINGLE,29,15,3.016,7.0759,0.9,1793
0703002-0918-11-09-gnss_raw.txt,2436,443227.000,FINESTEERING,SOL_COMPUTED,SINGLE,29,15,3.273,7.678,1.0,1793
0703002-0918-11-09-gnss_raw.txt,2436,443227.100,FINESTEERING,SOL_COMPUTED,SINGLE,29,15,3.2637,7.6546,1.1,1793
0703002-0918-11-09-gnss_raw.txt,2436,443227.200,FINESTEERING,SOL_COMPUTED,SINGLE,29,15,3.4918,8.1881,1.2,1793
0703002-0918-11-09-gnss_raw.txt,2436,443227.300,FINESTEERING,SOL_COMPUTED,SINGLE,29,15,3.648,8.5528,1.3,1793
0703002-0918-11-09-gnss_raw.txt,2436,443227.400,FINESTEERING,SOL_COMPUTED,SINGLE,29,14,3.8008,8.9067,1.4,1793
0703002-0918-11-09-gnss_raw.txt,2436,443227.500,FINESTEERING,SOL_COMPUTED,SINGLE,29,15,3.8721,9.0724,1.5,1793
0703002-0918-11-09-gnss_raw.txt,2436,443227.600,FINESTEERING,SOL_COMPUTED,SINGLE,29,15,3.8898,9.1122,1.6,1793
0703002-0918-11-09-gnss_raw.txt,2436,443227.700,FINESTEERING,SOL_COMPUTED,SINGLE,29,15,3.6931,8.6517,1.7,1793
0703002-0918-11-09-gnss_raw.txt,2436,443227.800,FINESTEERING,SOL_COMPUTED,SINGLE,29,15,3.4317,8.0348,0.8,1793
0703002-0918-11-09-gnss_raw.txt,2436,443227.900,FINESTEERING,SOL_COMPUTED,SINGLE,29,15,3.5194,8.2457,0.9,1793
0703002-0918-11-09-gnss_raw.txt,2436,443228.000,FINESTEERING,SOL_COMPUTED,SINGLE,29,15,3.6227,8.4884,1.0,1793
0703002-0918-11-09-gnss_raw.txt,2436,443228.100,FINESTEERING,SOL_COMPUTED,SINGLE,29,15,3.712,8.6934,1.1,1793
0703002-0918-11-09-gnss_raw.txt,2436,443228.200,FINESTEERING,SOL_COMPUTED,SINGLE,29,15,3.2339,7.5687,1.2,1793
0703002-0918-11-09-gnss_raw.txt,2436,443228.300,FINESTEERING,SOL_COMPUTED,SINGLE,29,15,3.249,7.6054,1.3,1793
0703002-0918-11-09-gnss_raw.txt,2436,443228.400,FINESTEERING,SOL_COMPUTED,SINGLE,29,15,3.0752,7.1964,1.4,1793
0703002-0918-11-09-gnss_raw.txt,2436,443228.500,FINESTEERING,SOL_COMPUTED,SINGLE,29,16,3.0541,7.1409,1.5,1793
0703002-0918-11-09-gnss_raw.txt,2436,443228.600,FINESTEERING,SOL_COMPUTED,SINGLE,29,16,3.1286,7.3121,1.6,1793
0703002-0918-11-09-gnss_raw.txt,2436,443228.700,FINESTEERING,SOL_COMPUTED,SINGLE,29,16,3.1178,7.2828,1.7,1793
0703002-0918-11-09-gnss_raw.txt,2436,443228.800,FINESTEERING,SOL_COMPUTED,SINGLE,29,16,3.3085,7.7283,1.8,1793
0703002-0918-11-09-gnss_raw.txt,2436,443228.900,FINESTEERING,SOL_COMPUTED,SINGLE,29,16,3.3528,7.8301,0.9,1793
0703002-0918-11-09-gnss_raw.txt,2436,443229.000,FINESTEERING,SOL_COMPUTED,SINGLE,29,14,3.4556,8.0697,1.0,1793
0703002-0918-11-09-gnss_raw.txt,2436,443229.100,FINESTEERING,SOL_COMPUTED,SINGLE,29,15,3.4332,8.0152,1.1,1793
0703002-0918-11-09-gnss_raw.txt,2436,443229.200,FINESTEERING,SOL_COMPUTED,SINGLE,29,15,3.3667,7.8591,1.2,1793
0703002-0918-11-09-gnss_raw.txt,2436,443229.300,FINESTEERING,SOL_COMPUTED,SINGLE,29,16,3.1562,7.3703,1.3,1793
0703002-0918-11-09-gnss_raw.txt,2436,443229.400,FINESTEERING,SOL_COMPUTED,SINGLE,29,16,3.087,7.2145,1.4,1793
0703002-0918-11-09-gnss_raw.txt,2436,443229.500,FINESTEERING,SOL_COMPUTED,SINGLE,29,16,3.156,7.3778,1.5,1793
0703002-0918-11-09-gnss_raw.txt,2436,443229.600,FINESTEERING,SOL_COMPUTED,SINGLE,29,16,3.1986,7.4831,1.6,1793
0703002-0918-11-09-gnss_raw.txt,2436,443229.700,FINESTEERING,SOL_COMPUTED,SINGLE,29,15,3.074,7.1919,1.7,1793
0703002-0918-11-09-gnss_raw.txt,2436,443229.800,FINESTEERING,SOL_COMPUTED,SINGLE,29,15,3.0666,7.172,0.8,1793
0703002-0918-11-09-gnss_raw.txt,2436,443229.900,FINESTEERING,SOL_COMPUTED,SINGLE,29,15,2.9503,6.9004,0.9,1793
0703002-0918-11-09-gnss_raw.txt,2436,443230.000,FINESTEERING,SOL_COMPUTED,SINGLE,29,15,3.1381,7.3373,1.0,1793
0703002-0918-11-09-gnss_raw.txt,2436,443230.100,FINESTEERING,SOL_COMPUTED,SINGLE,29,15,3.067,7.1712,1.1,1793
0703002-0918-11-09-gnss_raw.txt,2436,443230.200,FINESTEERING,SOL_COMPUTED,SINGLE,29,15,3.1247,7.3108,1.2,1793
0703002-0918-11-09-gnss_raw.txt,2436,443230.300,FINESTEERING,SOL_COMPUTED,SINGLE,29,15,3.2606,7.6394,1.3,1793
0703002-0918-11-09-gnss_raw.txt,2436,443230.400,FINESTEERING,SOL_COMPUTED,SINGLE,29,17,2.9555,6.9259,1.4,1793
0703002-0918-11-09-gnss_raw.txt,2436,443230.500,FINESTEERING,SOL_COMPUTED,SINGLE,29,17,2.6904,6.3234,1.5,1793
0703002-0918-11-09-gnss_raw.txt,2436,443230.600,FINESTEERING,SOL_COMPUTED,SINGLE,29,16,3.0225,7.1154,1.6,1793
0703002-0918-11-09-gnss_raw.txt,2436,443230.700,FINESTEERING,SOL_COMPUTED,SINGLE,29,16,2.9511,6.9506,1.7,1793
0703002-0918-11-09-gnss_raw.txt,2436,443230.800,FINESTEERING,SOL_COMPUTED,SINGLE,29,17,3.0642,7.2194,1.8,1793
0703002-0918-11-09-gnss_raw.txt,2436,443230.900,FINESTEERING,SOL_COMPUTED,SINGLE,29,17,3.1439,7.4062,0.9,1793
0703002-0918-11-09-gnss_raw.txt,2436,443231.000,FINESTEERING,SOL_COMPUTED,SINGLE,29,17,3.5194,8.292,1.0,1793
0703002-0918-11-09-gnss_raw.txt,2436,443231.100,FINESTEERING,SOL_COMPUTED,SINGLE,29,17,3.4421,8.1106,1.1,1793
0703002-0918-11-09-gnss_raw.txt,2436,443231.200,FINESTEERING,SOL_COMPUTED,SINGLE,29,16,3.2744,7.7138,1.2,1793
0703002-0918-11-09-gnss_raw.txt,2436,443231.300,FINESTEERING,SOL_COMPUTED,SINGLE,29,16,3.4278,8.0721,1.3,1793
0703002-0918-11-09-gnss_raw.txt,2436,443231.400,FINESTEERING,SOL_COMPUTED,SINGLE,29,16,3.4017,8.0103,1.4,1793
0703002-0918-11-09-gnss_raw.txt,2436,443231.500,FINESTEERING,SOL_COMPUTED,SINGLE,29,16,3.379,7.9587,1.5,1793
0703002-0918-11-09-gnss_raw.txt,2436,443231.600,FINESTEERING,SOL_COMPUTED,SINGLE,29,16,3.2225,7.5901,1.6,1793
0703002-0918-11-09-gnss_raw.txt,2436,443231.700,FINESTEERING,SOL_COMPUTED,SINGLE,29,16,3.2489,7.6503,1.7,1793
0703002-0918-11-09-gnss_raw.txt,2436,443231.800,FINESTEERING,SOL_COMPUTED,SINGLE,29,16,3.2533,7.6669,1.8,1793
0703002-0918-11-09-gnss_raw.txt,2436,443231.900,FINESTEERING,SOL_COMPUTED,SINGLE,29,16,3.4446,8.1222,0.9,1793
0703002-0918-11-09-gnss_raw.txt,2436,443232.000,FINESTEERING,SOL_COMPUTED,SINGLE,29,16,3.2759,7.727,1.0,1793
0703002-0918-11-09-gnss_raw.txt,2436,443232.100,FINESTEERING,SOL_COMPUTED,SINGLE,29,16,3.4156,8.0598,1.1,1793
0703002-0918-11-09-gnss_raw.txt,2436,443232.200,FINESTEERING,SOL_COMPUTED,SINGLE,29,16,3.5617,8.4034,1.2,1793
0703002-0918-11-09-gnss_raw.txt,2436,443232.300,FINESTEERING,SOL_COMPUTED,SINGLE,29,16,3.5011,8.2629,1.3,1793
0703002-0918-11-09-gnss_raw.txt,2436,443232.400,FINESTEERING,SOL_COMPUTED,SINGLE,29,16,3.6958,8.7269,1.4,1793
0703002-0918-11-09-gnss_raw.txt,2436,443232.500,FINESTEERING,SOL_COMPUTED,SINGLE,29,16,3.7222,8.7929,1.5,1793
0703002-0918-11-09-gnss_raw.txt,2436,443232.600,FINESTEERING,SOL_COMPUTED,SINGLE,29,16,3.3487,7.9139,1.6,1793
0703002-0918-11-09-gnss_raw.txt,2436,443232.700,FINESTEERING,SOL_COMPUTED,SINGLE,29,16,3.1502,7.4589,1.7,1793
0703002-0918-11-09-gnss_raw.txt,2436,443232.800,FINESTEERING,SOL_COMPUTED,SINGLE,29,16,3.1004,7.3432,1.8,1793
0703002-0918-11-09-gnss_raw.txt,2436,443232.900,FINESTEERING,SOL_COMPUTED,SINGLE,29,16,3.2272,7.6448,1.9,1793
0703002-0918-11-09-gnss_raw.txt,2436,443233.000,FINESTEERING,SOL_COMPUTED,SINGLE,29,16,3.1857,7.5614,2.0,1793
0703002-0918-11-09-gnss_raw.txt,2436,443233.100,FINESTEERING,SOL_COMPUTED,SINGLE,29,15,3.6899,8.7569,2.1,1793
0703002-0918-11-09-gnss_raw.txt,2436,443233.200,FINESTEERING,SOL_COMPUTED,SINGLE,29,15,3.4103,8.0898,1.2,1793
0703002-0918-11-09-gnss_raw.txt,2436,443233.300,FINESTEERING,SOL_COMPUTED,SINGLE,29,15,3.2988,7.8228,1.3,1793
0703002-0918-11-09-gnss_raw.txt,2436,443233.400,FINESTEERING,SOL_COMPUTED,SINGLE,29,15,3.2297,7.6562,1.4,1793
0703002-0918-11-09-gnss_raw.txt,2436,443233.500,FINESTEERING,SOL_COMPUTED,SINGLE,29,16,3.3429,7.9234,1.5,1793
0703002-0918-11-09-gnss_raw.txt,2436,443233.600,FINESTEERING,SOL_COMPUTED,SINGLE,29,16,3.5415,8.3903,1.6,1793
0703002-0918-11-09-gnss_raw.txt,2436,443233.700,FINESTEERING,SOL_COMPUTED,SINGLE,29,16,2.9205,6.9229,1.7,1793
0703002-0918-11-09-gnss_raw.txt,2436,443233.800,FINESTEERING,SOL_COMPUTED,SINGLE,29,16,3.2926,7.8062,1.8,1793
0703002-0918-11-09-gnss_raw.txt,2436,443233.900,FINESTEERING,SOL_COMPUTED,SINGLE,29,16,3.2166,7.627,1.9,1793
0703002-0918-11-09-gnss_raw.txt,2436,443234.000,FINESTEERING,SOL_COMPUTED,SINGLE,29,16,3.3816,8.0289,1.0,1793
0703002-0918-11-09-gnss_raw.txt,2436,443234.100,FINESTEERING,SOL_COMPUTED,SINGLE,29,16,3.1678,7.5432,1.1,1793
0703002-0918-11-09-gnss_raw.txt,2436,443234.200,FINESTEERING,SOL_COMPUTED,SINGLE,29,16,3.0216,7.2115,1.2,1793
0703002-0918-11-09-gnss_raw.txt,2436,443234.300,FINESTEERING,SOL_COMPUTED,SINGLE,29,16,3.3395,7.9782,1.3,1793
0703002-0918-11-09-gnss_raw.txt,2436,443234.400,FINESTEERING,SOL_COMPUTED,SINGLE,29,15,3.3012,7.9011,1.4,1793
0703002-0918-11-09-gnss_raw.txt,2436,443234.500,FINESTEERING,SOL_COMPUTED,SINGLE,29,16,3.2509,7.7927,1.5,1793
0703002-0918-11-09-gnss_raw.txt,2436,443234.600,FINESTEERING,SOL_COMPUTED,SINGLE,29,16,3.266,7.8376,1.6,1793
0703002-0918-11-09-gnss_raw.txt,2436,443234.700,FINESTEERING,SOL_COMPUTED,SINGLE,29,16,2.9979,7.206,1.7,1793
0703002-0918-11-09-gnss_raw.txt,2436,443234.800,FINESTEERING,SOL_COMPUTED,SINGLE,29,16,2.9735,7.1576,1.8,1793
0703002-0918-11-09-gnss_raw.txt,2436,443234.900,FINESTEERING,SOL_COMPUTED,SINGLE,29,16,3.0778,7.4127,1.9,1793
0703002-0918-11-09-gnss_raw.txt,2436,443235.000,FINESTEERING,SOL_COMPUTED,SINGLE,29,16,3.2577,7.8491,1.0,1793
0703002-0918-11-09-gnss_raw.txt,2436,443235.100,FINESTEERING,SOL_COMPUTED,SINGLE,29,16,3.3054,7.9669,1.1,1793
0703002-0918-11-09-gnss_raw.txt,2436,443235.200,FINESTEERING,SOL_COMPUTED,SINGLE,29,16,2.9469,7.1125,1.2,1793
0703002-0918-11-09-gnss_raw.txt,2436,443235.300,FINESTEERING,SOL_COMPUTED,SINGLE,29,16,3.3974,8.2156,1.3,1793
0703002-0918-11-09-gnss_raw.txt,2436,443235.400,FINESTEERING,SOL_COMPUTED,SINGLE,29,15,3.4706,8.3933,1.4,1793
0703002-0918-11-09-gnss_raw.txt,2436,443235.500,FINESTEERING,SOL_COMPUTED,SINGLE,29,15,2.903,7.0243,1.5,1793
0703002-0918-11-09-gnss_raw.txt,2436,443235.600,FINESTEERING,SOL_COMPUTED,SINGLE,29,15,3.0787,7.4616,1.6,1793
0703002-0918-11-09-gnss_raw.txt,2436,443235.700,FINESTEERING,SOL_COMPUTED,SINGLE,29,15,2.9538,7.1679,1.7,1793
0703002-0918-11-09-gnss_raw.txt,2436,443235.800,FINESTEERING,SOL_COMPUTED,SINGLE,29,16,2.7913,6.7768,1.8,1793
0703002-0918-11-09-gnss_raw.txt,2436,443235.900,FINESTEERING,SOL_COMPUTED,SINGLE,29,16,3.1339,7.6189,1.9,1793
0703002-0918-11-09-gnss_raw.txt,2436,443236.000,FINESTEERING,SOL_COMPUTED,SINGLE,29,16,2.7985,6.814,2.0,1793
0703002-0918-11-09-gnss_raw.txt,2436,443236.100,FINESTEERING,SOL_COMPUTED,SINGLE,29,16,2.9085,7.094,1.1,1793
0703002-0918-11-09-gnss_raw.txt,2436,443236.200,FINESTEERING,SOL_COMPUTED,SINGLE,29,16,3.1504,7.6895,1.2,1793
0703002-0918-11-09-gnss_raw.txt,2436,443236.300,FINESTEERING,SOL_COMPUTED,SINGLE,29,16,3.1665,7.7336,1.3,1793
0703002-0918-11-09-gnss_raw.txt,2436,443236.400,FINESTEERING,SOL_COMPUTED,SINGLE,29,17,3.0275,7.4005,1.4,1793
0703002-0918-11-09-gnss_raw.txt,2436,443236.500,FINESTEERING,SOL_COMPUTED,SINGLE,29,17,3.6295,8.8867,1.5,1793
0703002-0918-11-09-gnss_raw.txt,2436,443236.600,FINESTEERING,SOL_COMPUTED,SINGLE,29,17,3.2654,8.0068,1.6,1793
0703002-0918-11-09-gnss_raw.txt,2436,443236.700,FINESTEERING,SOL_COMPUTED,SINGLE,29,16,3.4528,8.4702,1.7,1793
0703002-0918-11-09-gnss_raw.txt,2436,443236.800,FINESTEERING,SOL_COMPUTED,SINGLE,29,16,3.5114,8.6309,1.8,1793
0703002-0918-11-09-gnss_raw.txt,2436,443236.900,FINESTEERING,SOL_COMPUTED,SINGLE,29,16,3.5004,8.6137,1.9,1793
0703002-0918-11-09-gnss_raw.txt,2436,443237.000,FINESTEERING,SOL_COMPUTED,SINGLE,29,16,3.4934,8.5971,1.0,1793
0703002-0918-11-09-gnss_raw.txt,2436,443237.100,FINESTEERING,SOL_COMPUTED,SINGLE,29,16,3.3806,8.3181,1.1,1793
0703002-0918-11-09-gnss_raw.txt,2436,443237.200,FINESTEERING,SOL_COMPUTED,SINGLE,29,16,3.3335,8.2051,1.2,1793
0703002-0918-11-09-gnss_raw.txt,2436,443237.300,FINESTEERING,SOL_COMPUTED,SINGLE,29,16,3.2957,8.1061,1.3,1793
0703002-0918-11-09-gnss_raw.txt,2436,443237.400,FINESTEERING,SOL_COMPUTED,SINGLE,29,15,3.2204,7.921,1.4,1793
0703002-0918-11-09-gnss_raw.txt,2436,443237.500,FINESTEERING,SOL_COMPUTED,SINGLE,29,16,3.0829,7.5877,1.5,1793
0703002-0918-11-09-gnss_raw.txt,2436,443237.600,FINESTEERING,SOL_COMPUTED,SINGLE,29,16,3.0069,7.4042,1.6,1793
0703002-0918-11-09-gnss_raw.txt,2436,443237.700,FINESTEERING,SOL_COMPUTED,SINGLE,29,16,3.4787,8.5716,1.7,1793
0703002-0918-11-09-gnss_raw.txt,2436,443237.800,FINESTEERING,SOL_COMPUTED,SINGLE,29,15,3.6596,9.0174,1.8,1793
0703002-0918-11-09-gnss_raw.txt,2436,443237.900,FINESTEERING,SOL_COMPUTED,SINGLE,28,14,3.2224,7.9449,0.9,1793
0703002-0918-11-09-gnss_raw.txt,2436,443238.000,FINESTEERING,SOL_COMPUTED,SINGLE,28,14,3.0123,7.4257,1.0,1793
0703002-0918-11-09-gnss_raw.txt,2436,443238.100,FINESTEERING,SOL_COMPUTED,SINGLE,28,14,3.3743,8.3153,1.1,1793
0703002-0918-11-09-gnss_raw.txt,2436,443238.200,FINESTEERING,SOL_COMPUTED,SINGLE,28,14,3.5292,8.6948,1.2,1793
0703002-0918-11-09-gnss_raw.txt,2436,443238.300,FINESTEERING,SOL_COMPUTED,SINGLE,28,14,3.6494,8.9879,1.3,1793
0703002-0918-11-09-gnss_raw.txt,2436,443238.400,FINESTEERING,SOL_COMPUTED,SINGLE,28,14,3.2488,8.0074,1.4,1793
0703002-0918-11-09-gnss_raw.txt,2436,443238.500,FINESTEERING,SOL_COMPUTED,SINGLE,29,15,3.2323,7.9788,1.5,1793
0703002-0918-11-09-gnss_raw.txt,2436,443238.600,FINESTEERING,SOL_COMPUTED,SINGLE,29,14,3.194,7.8805,1.6,1793
0703002-0918-11-09-gnss_raw.txt,2436,443238.700,FINESTEERING,SOL_COMPUTED,SINGLE,29,14,3.488,8.6057,1.7,1793
0703002-0918-11-09-gnss_raw.txt,2436,443238.800,FINESTEERING,SOL_COMPUTED,SINGLE,29,14,3.1176,7.7013,0.8,1793
0703002-0918-11-09-gnss_raw.txt,2436,443238.900,FINESTEERING,SOL_COMPUTED,SINGLE,29,14,3.5369,8.7381,0.9,1793
0703002-0918-11-09-gnss_raw.txt,2436,443239.000,FINESTEERING,SOL_COMPUTED,SINGLE,29,14,3.1827,7.8585,1.0,1793
0703002-0918-11-09-gnss_raw.txt,2436,443239.100,FINESTEERING,SOL_COMPUTED,SINGLE,29,14,3.3178,8.1959,1.1,1793
0703002-0918-11-09-gnss_raw.txt,2436,443239.200,FINESTEERING,SOL_COMPUTED,SINGLE,29,14,3.1275,7.7229,1.2,1793
0703002-0918-11-09-gnss_raw.txt,2436,443239.300,FINESTEERING,SOL_COMPUTED,SINGLE,29,14,3.2798,8.0978,1.3,1793
0703002-0918-11-09-gnss_raw.txt,2436,443239.400,FINESTEERING,SOL_COMPUTED,SINGLE,29,14,3.3267,8.2151,1.4,1793
0703002-0918-11-09-gnss_raw.txt,2436,443239.500,FINESTEERING,SOL_COMPUTED,SINGLE,29,14,3.4187,8.4417,1.5,1793
0703002-0918-11-09-gnss_raw.txt,2436,443239.600,FINESTEERING,SOL_COMPUTED,SINGLE,29,14,3.3639,8.3027,1.6,1793
0703002-0918-11-09-gnss_raw.txt,2436,443239.700,FINESTEERING,SOL_COMPUTED,SINGLE,29,14,3.3945,8.3736,1.7,1793
0703002-0918-11-09-gnss_raw.txt,2436,443239.800,FINESTEERING,SOL_COMPUTED,SINGLE,29,14,3.2094,7.9157,1.8,1793
0703002-0918-11-09-gnss_raw.txt,2436,443239.900,FINESTEERING,SOL_COMPUTED,SINGLE,29,14,3.2211,7.9446,0.9,1793
0703002-0918-11-09-gnss_raw.txt,2436,443240.000,FINESTEERING,SOL_COMPUTED,SINGLE,29,14,3.2735,8.0689,1.0,1793
0703002-0918-11-09-gnss_raw.txt,2436,443240.100,FINESTEERING,SOL_COMPUTED,SINGLE,29,15,3.2248,7.9431,1.1,1793
0703002-0918-11-09-gnss_raw.txt,2436,443240.200,FINESTEERING,SOL_COMPUTED,SINGLE,29,15,3.1914,7.8543,1.2,1793
0703002-0918-11-09-gnss_raw.txt,2436,443240.300,FINESTEERING,SOL_COMPUTED,SINGLE,29,15,3.2135,7.9055,1.3,1793
0703002-0918-11-09-gnss_raw.txt,2436,443240.400,FINESTEERING,SOL_COMPUTED,SINGLE,29,15,3.1453,7.729,1.4,1793
0703002-0918-11-09-gnss_raw.txt,2436,443240.500,FINESTEERING,SOL_COMPUTED,SINGLE,29,15,3.1975,7.8465,1.5,1793
0703002-0918-11-09-gnss_raw.txt,2436,443240.600,FINESTEERING,SOL_COMPUTED,SINGLE,29,16,3.0196,7.407,1.6,1793
0703002-0918-11-09-gnss_raw.txt,2436,443240.700,FINESTEERING,SOL_COMPUTED,SINGLE,30,17,2.9394,7.2113,1.7,1793
0703002-0918-11-09-gnss_raw.txt,2436,443240.800,FINESTEERING,SOL_COMPUTED,SINGLE,30,17,3.0076,7.3782,1.8,1793
0703002-0918-11-09-gnss_raw.txt,2436,443240.900,FINESTEERING,SOL_COMPUTED,SINGLE,30,17,3.0212,7.412,1.9,1793
0703002-0918-11-09-gnss_raw.txt,2436,443241.000,FINESTEERING,SOL_COMPUTED,SINGLE,30,17,3.2736,8.0214,2.0,1793
0703002-0918-11-09-gnss_raw.txt,2436,443241.100,FINESTEERING,SOL_COMPUTED,SINGLE,30,17,3.1399,7.6918,1.1,1793
0703002-0918-11-09-gnss_raw.txt,2436,443241.200,FINESTEERING,SOL_COMPUTED,SINGLE,30,17,3.0292,7.4175,1.2,1793
0703002-0918-11-09-gnss_raw.txt,2436,443241.300,FINESTEERING,SOL_COMPUTED,SINGLE,30,17,3.0012,7.3468,1.3,1793
0703002-0918-11-09-gnss_raw.txt,2436,443241.400,FINESTEERING,SOL_COMPUTED,SINGLE,30,17,2.9816,7.2982,1.4,1793
0703002-0918-11-09-gnss_raw.txt,2436,443241.500,FINESTEERING,SOL_COMPUTED,SINGLE,30,17,2.9182,7.1431,1.5,1793
0703002-0918-11-09-gnss_raw.txt,2436,443241.600,FINESTEERING,SOL_COMPUTED,SINGLE,30,17,3.1384,7.6781,1.6,1793
0703002-0918-11-09-gnss_raw.txt,2436,443241.700,FINESTEERING,SOL_COMPUTED,SINGLE,30,17,3.0297,7.4126,1.7,1793
0703002-0918-11-09-gnss_raw.txt,2436,443241.800,FINESTEERING,SOL_COMPUTED,SINGLE,30,17,2.9894,7.3099,1.8,1793
0703002-0918-11-09-gnss_raw.txt,2436,443241.900,FINESTEERING,SOL_COMPUTED,SINGLE,30,16,3.1007,7.5854,1.9,1793
0703002-0918-11-09-gnss_raw.txt,2436,443242.000,FINESTEERING,SOL_COMPUTED,SINGLE,30,16,3.2481,7.9395,1.0,1793
0703002-0918-11-09-gnss_raw.txt,2436,443242.100,FINESTEERING,SOL_COMPUTED,SINGLE,30,17,3.4446,8.4118,1.1,1793
0703002-0918-11-09-gnss_raw.txt,2436,443242.200,FINESTEERING,SOL_COMPUTED,SINGLE,30,17,3.0274,7.3862,1.2,1793
0703002-0918-11-09-gnss_raw.txt,2436,443242.300,FINESTEERING,SOL_COMPUTED,SINGLE,30,17,3.0418,7.4282,1.3,1793
0703002-0918-11-09-gnss_raw.txt,2436,443242.400,FINESTEERING,SOL_COMPUTED,SINGLE,30,17,3.0336,7.4092,1.4,1793
0703002-0918-11-09-gnss_raw.txt,2436,443242.500,FINESTEERING,SOL_COMPUTED,SINGLE,30,17,3.2313,7.8912,1.5,1793
0703002-0918-11-09-gnss_raw.txt,2436,443242.600,FINESTEERING,SOL_COMPUTED,SINGLE,30,17,3.0701,7.4993,1.6,1793
0703002-0918-11-09-gnss_raw.txt,2436,443242.700,FINESTEERING,SOL_COMPUTED,SINGLE,30,17,3.0779,7.5191,1.7,1793
0703002-0918-11-09-gnss_raw.txt,2436,443242.800,FINESTEERING,SOL_COMPUTED,SINGLE,30,17,3.1039,7.5819,1.8,1793
0703002-0918-11-09-gnss_raw.txt,2436,443242.900,FINESTEERING,SOL_COMPUTED,SINGLE,30,17,3.0884,7.5427,0.9,1793
0703002-0918-11-09-gnss_raw.txt,2436,443243.000,FINESTEERING,SOL_COMPUTED,SINGLE,30,17,3.2384,7.9139,1.0,1793
0703002-0918-11-09-gnss_raw.txt,2436,443243.100,FINESTEERING,SOL_COMPUTED,SINGLE,30,17,2.8347,6.9282,1.1,1793
0703002-0918-11-09-gnss_raw.txt,2436,443243.200,FINESTEERING,SOL_COMPUTED,SINGLE,30,17,2.7914,6.8271,1.2,1793
0703002-0918-11-09-gnss_raw.txt,2436,443243.300,FINESTEERING,SOL_COMPUTED,SINGLE,30,17,2.9936,7.3198,1.3,1793
0703002-0918-11-09-gnss_raw.txt,2436,443243.400,FINESTEERING,SOL_COMPUTED,SINGLE,30,17,3.0675,7.5034,1.4,1793
0703002-0918-11-09-gnss_raw.txt,2436,443243.500,FINESTEERING,SOL_COMPUTED,SINGLE,30,17,3.2128,7.8678,1.5,1793
0703002-0918-11-09-gnss_raw.txt,2436,443243.600,FINESTEERING,SOL_COMPUTED,SINGLE,30,17,3.305,8.1046,1.6,1793
0703002-0918-11-09-gnss_raw.txt,2436,443243.700,FINESTEERING,SOL_COMPUTED,SINGLE,30,17,3.2697,8.0302,1.7,1793
0703002-0918-11-09-gnss_raw.txt,2436,443243.800,FINESTEERING,SOL_COMPUTED,SINGLE,30,18,3.1281,7.6905,1.8,1793
0703002-0918-11-09-gnss_raw.txt,2436,443243.900,FINESTEERING,SOL_COMPUTED,SINGLE,30,18,3.4496,8.4889,1.9,1793
0703002-0918-11-09-gnss_raw.txt,2436,443244.000,FINESTEERING,SOL_COMPUTED,SINGLE,30,18,3.4256,8.4379,2.0,1793
0703002-0918-11-09-gnss_raw.txt,2436,443244.100,FINESTEERING,SOL_COMPUTED,SINGLE,30,18,3.261,8.0336,1.1,1793
0703002-0918-11-09-gnss_raw.txt,2436,443244.200,FINESTEERING,SOL_COMPUTED,SINGLE,30,18,3.393,8.3612,1.2,1793
0703002-0918-11-09-gnss_raw.txt,2436,443244.300,FINESTEERING,SOL_COMPUTED,SINGLE,30,18,3.4342,8.4695,1.3,1793
0703002-0918-11-09-gnss_raw.txt,2436,443244.400,FINESTEERING,SOL_COMPUTED,SINGLE,30,18,3.352,8.2719,1.4,1793
0703002-0918-11-09-gnss_raw.txt,2436,443244.500,FINESTEERING,SOL_COMPUTED,SINGLE,30,18,3.1336,7.7448,1.5,1793
0703002-0918-11-09-gnss_raw.txt,2436,443244.600,FINESTEERING,SOL_COMPUTED,SINGLE,30,17,3.0083,7.4276,1.6,1793
0703002-0918-11-09-gnss_raw.txt,2436,443244.700,FINESTEERING,SOL_COMPUTED,SINGLE,30,18,3.1559,7.787,1.7,1793
0703002-0918-11-09-gnss_raw.txt,2436,443244.800,FINESTEERING,SOL_COMPUTED,SINGLE,30,17,3.5171,8.6804,1.8,1793
0703002-0918-11-09-gnss_raw.txt,2436,443244.900,FINESTEERING,SOL_COMPUTED,SINGLE,30,18,3.1774,7.8387,0.9,1793
0703002-0918-11-09-gnss_raw.txt,2436,443245.000,FINESTEERING,SOL_COMPUTED,SINGLE,30,18,3.5866,8.852,1.0,1793
0703002-0918-11-09-gnss_raw.txt,2436,443245.100,FINESTEERING,SOL_COMPUTED,SINGLE,30,17,3.3636,8.3007,1.1,1793
0703002-0918-11-09-gnss_raw.txt,2436,443245.200,FINESTEERING,SOL_COMPUTED,SINGLE,30,17,3.2664,8.0641,1.2,1793
0703002-0918-11-09-gnss_raw.txt,2436,443245.300,FINESTEERING,SOL_COMPUTED,SINGLE,30,17,3.3711,8.3203,1.3,1793
0703002-0918-11-09-gnss_raw.txt,2436,443245.400,FINESTEERING,SOL_COMPUTED,SINGLE,30,17,3.6322,8.96,1.4,1793
0703002-0918-11-09-gnss_raw.txt,2436,443245.500,FINESTEERING,SOL_COMPUTED,SINGLE,30,17,3.3548,8.2779,1.5,1793
0703002-0918-11-09-gnss_raw.txt,2436,443245.600,FINESTEERING,SOL_COMPUTED,SINGLE,30,18,3.4576,8.5346,1.6,1793
0703002-0918-11-09-gnss_raw.txt,2436,443245.700,FINESTEERING,SOL_COMPUTED,SINGLE,30,18,3.3906,8.3747,1.7,1793
0703002-0918-11-09-gnss_raw.txt,2436,443245.800,FINESTEERING,SOL_COMPUTED,SINGLE,30,18,3.3869,8.3681,1.8,1793
0703002-0918-11-09-gnss_raw.txt,2436,443245.900,FINESTEERING,SOL_COMPUTED,SINGLE,30,16,3.4437,8.5094,1.9,1793
0703002-0918-11-09-gnss_raw.txt,2436,443246.000,FINESTEERING,SOL_COMPUTED,SINGLE,30,16,3.4329,8.4809,1.0,1793
0703002-0918-11-09-gnss_raw.txt,2436,443246.100,FINESTEERING,SOL_COMPUTED,SINGLE,30,16,3.3938,8.3849,1.1,1793
0703002-0918-11-09-gnss_raw.txt,2436,443246.200,FINESTEERING,SOL_COMPUTED,SINGLE,30,16,3.3384,8.248,1.2,1793
0703002-0918-11-09-gnss_raw.txt,2436,443246.300,FINESTEERING,SOL_COMPUTED,SINGLE,30,16,3.16,7.8091,1.3,1793
0703002-0918-11-09-gnss_raw.txt,2436,443246.400,FINESTEERING,SOL_COMPUTED,SINGLE,30,16,3.2765,8.0906,1.4,1793
0703002-0918-11-09-gnss_raw.txt,2436,443246.500,FINESTEERING,SOL_COMPUTED,SINGLE,30,16,3.0219,7.4673,1.5,1793
0703002-0918-11-09-gnss_raw.txt,2436,443246.600,FINESTEERING,SOL_COMPUTED,SINGLE,30,17,3.0096,7.4396,1.6,1793
0703002-0918-11-09-gnss_raw.txt,2436,443246.700,FINESTEERING,SOL_COMPUTED,SINGLE,30,17,3.044,7.5224,1.7,1793
0703002-0918-11-09-gnss_raw.txt,2436,443246.800,FINESTEERING,SOL_COMPUTED,SINGLE,30,17,3.115,7.6944,1.8,1793
0703002-0918-11-09-gnss_raw.txt,2436,443246.900,FINESTEERING,SOL_COMPUTED,SINGLE,30,17,3.5762,8.8314,0.9,1793
0703002-0918-11-09-gnss_raw.txt,2436,443247.000,FINESTEERING,SOL_COMPUTED,SINGLE,30,17,3.388,8.369,1.0,1793
0703002-0918-11-09-gnss_raw.txt,2436,443247.100,FINESTEERING,SOL_COMPUTED,SINGLE,30,17,3.4566,8.5457,1.1,1793
0703002-0918-11-09-gnss_raw.txt,2436,443247.200,FINESTEERING,SOL_COMPUTED,SINGLE,30,17,3.2247,7.9683,1.2,1793
0703002-0918-11-09-gnss_raw.txt,2436,443247.300,FINESTEERING,SOL_COMPUTED,SINGLE,30,17,3.2028,7.9096,1.3,1793
0703002-0918-11-09-gnss_raw.txt,2436,443247.400,FINESTEERING,SOL_COMPUTED,SINGLE,30,17,3.1963,7.8895,1.4,1793
0703002-0918-11-09-gnss_raw.txt,2436,443247.500,FINESTEERING,SOL_COMPUTED,SINGLE,30,17,3.5189,8.6898,1.5,1793
0703002-0918-11-09-gnss_raw.txt,2436,443247.600,FINESTEERING,SOL_COMPUTED,SINGLE,30,17,3.4847,8.6017,1.6,1793
0703002-0918-11-09-gnss_raw.txt,2436,443247.700,FINESTEERING,SOL_COMPUTED,SINGLE,30,17,3.3609,8.2938,1.7,1793
0703002-0918-11-09-gnss_raw.txt,2436,443247.800,FINESTEERING,SOL_COMPUTED,SINGLE,30,17,3.396,8.3765,1.8,1793
0703002-0918-11-09-gnss_raw.txt,2436,443247.900,FINESTEERING,SOL_COMPUTED,SINGLE,30,16,3.2099,7.9152,0.9,1793
0703002-0918-11-09-gnss_raw.txt,2436,443248.000,FINESTEERING,SOL_COMPUTED,SINGLE,30,16,3.5942,8.8633,1.0,1793
0703002-0918-11-09-gnss_raw.txt,2436,443248.100,FINESTEERING,SOL_COMPUTED,SINGLE,30,16,3.5879,8.8523,1.1,1793
0703002-0918-11-09-gnss_raw.txt,2436,443248.200,FINESTEERING,SOL_COMPUTED,SINGLE,30,16,3.3455,8.2571,1.2,1793
0703002-0918-11-09-gnss_raw.txt,2436,443248.300,FINESTEERING,SOL_COMPUTED,SINGLE,30,16,3.4963,8.6281,1.3,1793
0703002-0918-11-09-gnss_raw.txt,2436,443248.400,FINESTEERING,SOL_COMPUTED,SINGLE,30,16,3.5627,8.7916,1.4,1793
0703002-0918-11-09-gnss_raw.txt,2436,443248.500,FINESTEERING,SOL_COMPUTED,SINGLE,30,15,3.3392,8.2388,1.5,1793
0703002-0918-11-09-gnss_raw.txt,2436,443248.600,FINESTEERING,SOL_COMPUTED,SINGLE,30,15,3.2589,8.0478,1.6,1793
0703002-0918-11-09-gnss_raw.txt,2436,443248.700,FINESTEERING,SOL_COMPUTED,SINGLE,29,15,3.1741,7.8467,0.7,1793
0703002-0918-11-09-gnss_raw.txt,2436,443248.800,FINESTEERING,SOL_COMPUTED,SINGLE,29,15,3.3731,8.3457,0.8,1793
0703002-0918-11-09-gnss_raw.txt,2436,443248.900,FINESTEERING,SOL_COMPUTED,SINGLE,29,15,3.5845,8.8736,0.9,1793
0703002-0918-11-09-gnss_raw.txt,2436,443249.000,FINESTEERING,SOL_COMPUTED,SINGLE,29,15,3.2642,8.0824,1.0,1793
0703002-0918-11-09-gnss_raw.txt,2436,443249.100,FINESTEERING,SOL_COMPUTED,SINGLE,29,16,3.3219,8.2243,1.1,1793
0703002-0918-11-09-gnss_raw.txt,2436,443249.200,FINESTEERING,SOL_COMPUTED,SINGLE,29,16,3.222,7.9809,1.2,1793
0703002-0918-11-09-gnss_raw.txt,2436,443249.300,FINESTEERING,SOL_COMPUTED,SINGLE,29,16,3.3443,8.2837,1.3,1793
0703002-0918-11-09-gnss_raw.txt,2436,443249.400,FINESTEERING,SOL_COMPUTED,SINGLE,29,16,3.2693,8.0955,1.4,1793
0703002-0918-11-09-gnss_raw.txt,2436,443249.500,FINESTEERING,SOL_COMPUTED,SINGLE,29,16,3.3033,8.1804,1.5,1793
0703002-0918-11-09-gnss_raw.txt,2436,443249.600,FINESTEERING,SOL_COMPUTED,SINGLE,29,17,3.5674,8.8365,1.6,1793
0703002-0918-11-09-gnss_raw.txt,2436,443249.700,FINESTEERING,SOL_COMPUTED,SINGLE,29,17,3.6645,9.0749,1.7,1793
0703002-0918-11-09-gnss_raw.txt,2436,443249.800,FINESTEERING,SOL_COMPUTED,SINGLE,29,17,3.3681,8.3365,1.8,1793
0703002-0918-11-09-gnss_raw.txt,2436,443249.900,FINESTEERING,SOL_COMPUTED,SINGLE,29,17,3.3589,8.3113,0.9,1793
0703002-0918-11-09-gnss_raw.txt,2436,443250.000,FINESTEERING,SOL_COMPUTED,SINGLE,29,17,3.4521,8.5396,1.0,1793
0703002-0918-11-09-gnss_raw.txt,2436,443250.100,FINESTEERING,SOL_COMPUTED,SINGLE,29,17,3.5294,8.7281,1.1,1793
0703002-0918-11-09-gnss_raw.txt,2436,443250.200,FINESTEERING,SOL_COMPUTED,SINGLE,29,17,3.5539,8.7881,1.2,1793
0703002-0918-11-09-gnss_raw.txt,2436,443250.300,FINESTEERING,SOL_COMPUTED,SINGLE,29,16,3.5411,8.7653,1.3,1793
0703002-0918-11-09-gnss_raw.txt,2436,443250.400,FINESTEERING,SOL_COMPUTED,SINGLE,29,16,3.2256,7.9901,1.4,1793
0703002-0918-11-09-gnss_raw.txt,2436,443250.500,FINESTEERING,SOL_COMPUTED,SINGLE,29,16,3.3302,8.2539,1.5,1793
0703002-0918-11-09-gnss_raw.txt,2436,443250.600,FINESTEERING,SOL_COMPUTED,SINGLE,29,16,3.4377,8.5268,1.6,1793
0703002-0918-11-09-gnss_raw.txt,2436,443250.700,FINESTEERING,SOL_COMPUTED,SINGLE,29,16,3.2364,8.0331,1.7,1793
0703002-0918-11-09-gnss_raw.txt,2436,443250.800,FINESTEERING,SOL_COMPUTED,SINGLE,29,16,3.2446,8.0563,1.8,1793
0703002-0918-11-09-gnss_raw.txt,2436,443250.900,FINESTEERING,SOL_COMPUTED,SINGLE,29,16,3.2819,8.1487,1.9,1793
0703002-0918-11-09-gnss_raw.txt,2436,443251.000,FINESTEERING,SOL_COMPUTED,SINGLE,29,17,3.261,8.0968,2.0,1793
0703002-0918-11-09-gnss_raw.txt,2436,443251.100,FINESTEERING,SOL_COMPUTED,SINGLE,29,17,3.3367,8.2895,2.1,1793
0703002-0918-11-09-gnss_raw.txt,2436,443251.200,FINESTEERING,SOL_COMPUTED,SINGLE,29,17,3.5291,8.767,1.2,1793
0703002-0918-11-09-gnss_raw.txt,2436,443251.300,FINESTEERING,SOL_COMPUTED,SINGLE,29,17,3.454,8.5784,1.3,1793
0703002-0918-11-09-gnss_raw.txt,2436,443251.400,FINESTEERING,SOL_COMPUTED,SINGLE,29,17,3.0766,7.6403,1.4,1793
0703002-0918-11-09-gnss_raw.txt,2436,443251.500,FINESTEERING,SOL_COMPUTED,SINGLE,29,18,3.2079,7.9678,1.5,1793
0703002-0918-11-09-gnss_raw.txt,2436,443251.600,FINESTEERING,SOL_COMPUTED,SINGLE,29,18,3.3482,8.319,1.6,1793
0703002-0918-11-09-gnss_raw.txt,2436,443251.700,FINESTEERING,SOL_COMPUTED,SINGLE,29,18,3.0403,7.5637,1.7,1793
0703002-0918-11-09-gnss_raw.txt,2436,443251.800,FINESTEERING,SOL_COMPUTED,SINGLE,29,18,2.6458,6.5892,1.8,1793
0703002-0918-11-09-gnss_raw.txt,2436,443251.900,FINESTEERING,SOL_COMPUTED,SINGLE,29,18,2.6834,6.6891,1.9,1793
0703002-0918-11-09-gnss_raw.txt,2436,443252.000,FINESTEERING,SOL_COMPUTED,SINGLE,29,18,2.7672,6.903,1.0,1793
0703002-0918-11-09-gnss_raw.txt,2436,443252.100,FINESTEERING,SOL_COMPUTED,SINGLE,29,18,3.2194,8.0367,1.1,1793
0703002-0918-11-09-gnss_raw.txt,2436,443252.200,FINESTEERING,SOL_COMPUTED,SINGLE,29,18,3.0743,7.6752,1.2,1793
0703002-0918-11-09-gnss_raw.txt,2436,443252.300,FINESTEERING,SOL_COMPUTED,SINGLE,29,18,3.1789,7.9383,1.3,1793
0703002-0918-11-09-gnss_raw.txt,2436,443252.400,FINESTEERING,SOL_COMPUTED,SINGLE,29,18,3.1285,7.8168,1.4,1793
0703002-0918-11-09-gnss_raw.txt,2436,443252.500,FINESTEERING,SOL_COMPUTED,SINGLE,29,18,3.1116,7.7771,1.5,1793
0703002-0918-11-09-gnss_raw.txt,2436,443252.600,FINESTEERING,SOL_COMPUTED,SINGLE,29,16,3.078,7.6954,1.6,1793
0703002-0918-11-09-gnss_raw.txt,2436,443252.700,FINESTEERING,SOL_COMPUTED,SINGLE,29,16,3.4954,8.7367,1.7,1793
0703002-0918-11-09-gnss_raw.txt,2436,443252.800,FINESTEERING,SOL_COMPUTED,SINGLE,29,17,2.9993,7.4973,1.8,1793
0703002-0918-11-09-gnss_raw.txt,2436,443252.900,FINESTEERING,SOL_COMPUTED,SINGLE,29,16,3.0539,7.6318,1.9,1793
0703002-0918-11-09-gnss_raw.txt,2436,443253.000,FINESTEERING,SOL_COMPUTED,SINGLE,29,17,2.893,7.2379,1.0,1793
0703002-0918-11-09-gnss_raw.txt,2436,443253.100,FINESTEERING,SOL_COMPUTED,SINGLE,29,16,2.9018,7.2686,1.1,1793
0703002-0918-11-09-gnss_raw.txt,2436,443253.200,FINESTEERING,SOL_COMPUTED,SINGLE,29,15,3.1764,7.9576,1.2,1793
0703002-0918-11-09-gnss_raw.txt,2436,443253.300,FINESTEERING,SOL_COMPUTED,SINGLE,29,14,3.1551,7.9092,1.3,1793
0703002-0918-11-09-gnss_raw.txt,2436,443253.400,FINESTEERING,SOL_COMPUTED,SINGLE,29,14,2.7253,6.8335,1.4,1793
0703002-0918-11-09-gnss_raw.txt,2436,443253.500,FINESTEERING,SOL_COMPUTED,SINGLE,29,14,2.7429,6.8797,1.5,1793
0703002-0918-11-09-gnss_raw.txt,2436,443253.600,FINESTEERING,SOL_COMPUTED,SINGLE,28,15,2.7954,7.0218,1.6,1793
0703002-0918-11-09-gnss_raw.txt,2436,443253.700,FINESTEERING,SOL_COMPUTED,SINGLE,28,15,2.9469,7.4066,1.7,1793
0703002-0918-11-09-gnss_raw.txt,2436,443253.800,FINESTEERING,SOL_COMPUTED,SINGLE,28,15,3.1208,7.8455,1.8,1793
0703002-0918-11-09-gnss_raw.txt,2436,443253.900,FINESTEERING,SOL_COMPUTED,SINGLE,28,15,2.6506,6.6654,0.9,1793
0703002-0918-11-09-gnss_raw.txt,2436,443254.000,FINESTEERING,SOL_COMPUTED,SINGLE,28,15,2.669,6.7132,1.0,1793
0703002-0918-11-09-gnss_raw.txt,2436,443254.100,FINESTEERING,SOL_COMPUTED,SINGLE,28,15,3.1694,7.9737,1.1,1793
0703002-0918-11-09-gnss_raw.txt,2436,443254.200,FINESTEERING,SOL_COMPUTED,SINGLE,28,15,3.0829,7.7605,1.2,1793
0703002-0918-11-09-gnss_raw.txt,2436,443254.300,FINESTEERING,SOL_COMPUTED,SINGLE,29,16,2.5598,6.4511,1.3,1793
0703002-0918-11-09-gnss_raw.txt,2436,443254.400,FINESTEERING,SOL_COMPUTED,SINGLE,29,16,2.4738,6.239,1.4,1793
0703002-0918-11-09-gnss_raw.txt,2436,443254.500,FINESTEERING,SOL_COMPUTED,SINGLE,29,16,3.0329,7.6554,1.5,1793
0703002-0918-11-09-gnss_raw.txt,2436,443254.600,FINESTEERING,SOL_COMPUTED,SINGLE,29,16,2.7269,6.8865,1.6,1793
0703002-0918-11-09-gnss_raw.txt,2436,443254.700,FINESTEERING,SOL_COMPUTED,SINGLE,29,16,2.9596,7.4811,0.7,1793
0703002-0918-11-09-gnss_raw.txt,2436,443254.800,FINESTEERING,SOL_COMPUTED,SINGLE,29,16,2.5979,6.5741,0.8,1793
0703002-0918-11-09-gnss_raw.txt,2436,443254.900,FINESTEERING,SOL_COMPUTED,SINGLE,29,20,2.5124,6.3655,0.9,1793
0703002-0918-11-09-gnss_raw.txt,2436,443255.000,FINESTEERING,SOL_COMPUTED,SINGLE,29,20,2.7097,6.8766,1.0,1793
0703002-0918-11-09-gnss_raw.txt,2436,443255.100,FINESTEERING,SOL_COMPUTED,SINGLE,29,20,2.6163,6.6469,1.1,1793
0703002-0918-11-09-gnss_raw.txt,2436,443255.200,FINESTEERING,SOL_COMPUTED,SINGLE,29,20,2.8065,7.1395,1.2,1793
0703002-0918-11-09-gnss_raw.txt,2436,443255.300,FINESTEERING,SOL_COMPUTED,SINGLE,29,20,2.6468,6.7389,1.3,1793
0703002-0918-11-09-gnss_raw.txt,2436,443255.400,FINESTEERING,SOL_COMPUTED,SINGLE,29,20,2.6674,6.7964,1.4,1793
0703002-0918-11-09-gnss_raw.txt,2436,443255.500,FINESTEERING,SOL_COMPUTED,SINGLE,29,19,2.4402,6.2229,1.5,1793
0703002-0918-11-09-gnss_raw.txt,2436,443255.600,FINESTEERING,SOL_COMPUTED,SINGLE,29,19,2.3759,6.0656,1.6,1793
0703002-0918-11-09-gnss_raw.txt,2436,443255.700,FINESTEERING,SOL_COMPUTED,SINGLE,29,19,2.5727,6.5707,1.7,1793
0703002-0918-11-09-gnss_raw.txt,2436,443255.800,FINESTEERING,SOL_COMPUTED,SINGLE,29,19,2.7537,7.0309,1.8,1793
0703002-0918-11-09-gnss_raw.txt,2436,443255.900,FINESTEERING,SOL_COMPUTED,SINGLE,29,19,2.5932,6.6189,1.9,1793
0703002-0918-11-09-gnss_raw.txt,2436,443256.000,FINESTEERING,SOL_COMPUTED,SINGLE,29,20,2.7241,6.9519,1.0,1793
0703002-0918-11-09-gnss_raw.txt,2436,443256.100,FINESTEERING,SOL_COMPUTED,SINGLE,29,20,2.6449,6.7523,1.1,1793
0703002-0918-11-09-gnss_raw.txt,2436,443256.200,FINESTEERING,SOL_COMPUTED,SINGLE,29,20,2.6371,6.74,1.2,1793
0703002-0918-11-09-gnss_raw.txt,2436,443256.300,FINESTEERING,SOL_COMPUTED,SINGLE,29,20,2.511,6.4188,1.3,1793
0703002-0918-11-09-gnss_raw.txt,2436,443256.400,FINESTEERING,SOL_COMPUTED,SINGLE,29,15,2.4062,6.1468,1.4,1793
0703002-0918-11-09-gnss_raw.txt,2436,443256.500,FINESTEERING,SOL_COMPUTED,SINGLE,29,15,3.0358,7.752,1.5,1793
0703002-0918-11-09-gnss_raw.txt,2436,443256.600,FINESTEERING,SOL_COMPUTED,SINGLE,29,15,2.4617,6.2848,1.6,1793
0703002-0918-11-09-gnss_raw.txt,2436,443256.700,FINESTEERING,SOL_COMPUTED,SINGLE,29,15,2.7299,6.9683,1.7,1793
0703002-0918-11-09-gnss_raw.txt,2436,443256.800,FINESTEERING,SOL_COMPUTED,SINGLE,29,15,2.3728,6.055,1.8,1793
0703002-0918-11-09-gnss_raw.txt,2436,443256.900,FINESTEERING,SOL_COMPUTED,SINGLE,29,15,2.459,6.2742,1.9,1793
0703002-0918-11-09-gnss_raw.txt,2436,443257.000,FINESTEERING,SOL_COMPUTED,SINGLE,29,15,2.3805,6.0761,1.0,1793
0703002-0918-11-09-gnss_raw.txt,2436,443257.100,FINESTEERING,SOL_COMPUTED,SINGLE,29,16,2.6507,6.7637,1.1,1793
0703002-0918-11-09-gnss_raw.txt,2436,443257.200,FINESTEERING,SOL_COMPUTED,SINGLE,29,16,2.8993,7.4001,1.2,1793
0703002-0918-11-09-gnss_raw.txt,2436,443257.300,FINESTEERING,SOL_COMPUTED,SINGLE,29,16,2.5201,6.435,1.3,1793
0703002-0918-11-09-gnss_raw.txt,2436,443257.400,FINESTEERING,SOL_COMPUTED,SINGLE,29,16,2.8273,7.2159,1.4,1793
0703002-0918-11-09-gnss_raw.txt,2436,443257.500,FINESTEERING,SOL_COMPUTED,SINGLE,29,17,2.6002,6.6431,1.5,1793
0703002-0918-11-09-gnss_raw.txt,2436,443257.600,FINESTEERING,SOL_COMPUTED,SINGLE,29,17,2.977,7.613,1.6,1793
0703002-0918-11-09-gnss_raw.txt,2436,443257.700,FINESTEERING,SOL_COMPUTED,SINGLE,29,17,2.9707,7.5952,0.7,1793
0703002-0918-11-09-gnss_raw.txt,2436,443257.800,FINESTEERING,SOL_COMPUTED,SINGLE,29,18,2.7046,6.9215,0.8,1793
0703002-0918-11-09-gnss_raw.txt,2436,443257.900,FINESTEERING,SOL_COMPUTED,SINGLE,29,18,2.5108,6.4265,0.9,1793
0703002-0918-11-09-gnss_raw.txt,2436,443258.000,FINESTEERING,SOL_COMPUTED,SINGLE,29,19,2.7019,6.9153,1.0,1793
0703002-0918-11-09-gnss_raw.txt,2436,443258.100,FINESTEERING,SOL_COMPUTED,SINGLE,29,19,2.8231,7.2249,1.1,1793
0703002-0918-11-09-gnss_raw.txt,2436,443258.200,FINESTEERING,SOL_COMPUTED,SINGLE,30,19,2.7775,7.1143,1.2,1793
0703002-0918-11-09-gnss_raw.txt,2436,443258.300,FINESTEERING,SOL_COMPUTED,SINGLE,30,19,2.6037,6.6704,1.3,1793
0703002-0918-11-09-gnss_raw.txt,2436,443258.400,FINESTEERING,SOL_COMPUTED,SINGLE,30,19,2.8118,7.2077,1.4,1793
0703002-0918-11-09-gnss_raw.txt,2436,443258.500,FINESTEERING,SOL_COMPUTED,SINGLE,30,19,2.869,7.3534,1.5,1793
0703002-0918-11-09-gnss_raw.txt,2436,443258.600,FINESTEERING,SOL_COMPUTED,SINGLE,29,19,2.616,6.7051,1.6,1793
0703002-0918-11-09-gnss_raw.txt,2436,443258.700,FINESTEERING,SOL_COMPUTED,SINGLE,29,19,2.5976,6.6587,1.7,1793
0703002-0918-11-09-gnss_raw.txt,2436,443258.800,FINESTEERING,SOL_COMPUTED,SINGLE,29,19,2.6619,6.8262,1.8,1793
0703002-0918-11-09-gnss_raw.txt,2436,443258.900,FINESTEERING,SOL_COMPUTED,SINGLE,29,19,2.4547,6.2972,0.9,1793
0703002-0918-11-09-gnss_raw.txt,2436,443259.000,FINESTEERING,SOL_COMPUTED,SINGLE,29,19,2.5055,6.4296,1.0,1793
0703002-0918-11-09-gnss_raw.txt,2436,443259.100,FINESTEERING,SOL_COMPUTED,SINGLE,29,19,2.8454,7.3038,1.1,1793
0703002-0918-11-09-gnss_raw.txt,2436,443259.200,FINESTEERING,SOL_COMPUTED,SINGLE,29,19,2.7536,7.0665,1.2,1793
0703002-0918-11-09-gnss_raw.txt,2436,443259.300,FINESTEERING,SOL_COMPUTED,SINGLE,29,18,2.7395,7.0297,1.3,1793
0703002-0918-11-09-gnss_raw.txt,2436,443259.400,FINESTEERING,SOL_COMPUTED,SINGLE,29,18,2.8635,7.3455,1.4,1793
0703002-0918-11-09-gnss_raw.txt,2436,443259.500,FINESTEERING,SOL_COMPUTED,SINGLE,29,18,2.8334,7.2663,1.5,1793
0703002-0918-11-09-gnss_raw.txt,2436,443259.600,FINESTEERING,SOL_COMPUTED,SINGLE,29,18,2.8606,7.3334,1.6,1793
0703002-0918-11-09-gnss_raw.txt,2436,443259.700,FINESTEERING,SOL_COMPUTED,SINGLE,29,17,2.8015,7.1822,1.7,1793
0703002-0918-11-09-gnss_raw.txt,2436,443259.800,FINESTEERING,SOL_COMPUTED,SINGLE,29,17,2.5385,6.505,1.8,1793
0703002-0918-11-09-gnss_raw.txt,2436,443259.900,FINESTEERING,SOL_COMPUTED,SINGLE,29,17,2.4602,6.3044,0.9,1793
0703002-0918-11-09-gnss_raw.txt,2436,443260.000,FINESTEERING,SOL_COMPUTED,SINGLE,29,18,2.8401,7.2719,1.0,1793
0703002-0918-11-09-gnss_raw.txt,2436,443260.100,FINESTEERING,SOL_COMPUTED,SINGLE,29,18,2.8857,7.3848,1.1,1793
0703002-0918-11-09-gnss_raw.txt,2436,443260.200,FINESTEERING,SOL_COMPUTED,SINGLE,29,18,2.8616,7.3214,1.2,1793
0703002-0918-11-09-gnss_raw.txt,2436,443260.300,FINESTEERING,SOL_COMPUTED,SINGLE,29,17,3.5642,9.1124,1.3,1793
0703002-0918-11-09-gnss_raw.txt,2436,443260.400,FINESTEERING,SOL_COMPUTED,SINGLE,29,17,3.12,7.9786,1.4,1793
0703002-0918-11-09-gnss_raw.txt,2436,443260.500,FINESTEERING,SOL_COMPUTED,SINGLE,29,17,3.1114,7.9511,1.5,1793
0703002-0918-11-09-gnss_raw.txt,2436,443260.600,FINESTEERING,SOL_COMPUTED,SINGLE,29,17,3.5614,9.0945,1.6,1793
0703002-0918-11-09-gnss_raw.txt,2436,443260.700,FINESTEERING,SOL_COMPUTED,SINGLE,29,18,3.413,8.7158,1.7,1793
0703002-0918-11-09-gnss_raw.txt,2436,443260.800,FINESTEERING,SOL_COMPUTED,SINGLE,29,18,2.7769,7.0904,1.8,1793
0703002-0918-11-09-gnss_raw.txt,2436,443260.900,FINESTEERING,SOL_COMPUTED,SINGLE,29,18,3.0568,7.8003,0.9,1793
0703002-0918-11-09-gnss_raw.txt,2436,443261.000,FINESTEERING,SOL_COMPUTED,SINGLE,29,18,3.1186,7.9588,1.0,1793
0703002-0918-11-09-gnss_raw.txt,2436,443261.100,FINESTEERING,SOL_COMPUTED,SINGLE,29,18,3.0001,7.6507,1.1,1793
0703002-0918-11-09-gnss_raw.txt,2436,443261.200,FINESTEERING,SOL_COMPUTED,SINGLE,29,18,3.1346,7.9889,1.2,1793
0703002-0918-11-09-gnss_raw.txt,2436,443261.300,FINESTEERING,SOL_COMPUTED,SINGLE,29,19,3.4963,8.9084,1.3,1793
0703002-0918-11-09-gnss_raw.txt,2436,443261.400,FINESTEERING,SOL_COMPUTED,SINGLE,29,19,3.7484,9.549,1.4,1793
0703002-0918-11-09-gnss_raw.txt,2436,443261.500,FINESTEERING,SOL_COMPUTED,SINGLE,29,19,3.541,9.0168,1.5,1793
0703002-0918-11-09-gnss_raw.txt,2436,443261.600,FINESTEERING,SOL_COMPUTED,SINGLE,29,19,3.1898,8.1314,1.6,1793
0703002-0918-11-09-gnss_raw.txt,2436,443261.700,FINESTEERING,SOL_COMPUTED,SINGLE,29,19,2.9745,7.5896,1.7,1793
0703002-0918-11-09-gnss_raw.txt,2436,443261.800,FINESTEERING,SOL_COMPUTED,SINGLE,29,19,3.1862,8.1329,1.8,1793
0703002-0918-11-09-gnss_raw.txt,2436,443261.900,FINESTEERING,SOL_COMPUTED,SINGLE,29,19,3.4481,8.818,1.9,1793
0703002-0918-11-09-gnss_raw.txt,2436,443262.000,FINESTEERING,SOL_COMPUTED,SINGLE,29,19,3.2763,8.3944,1.0,1793
0703002-0918-11-09-gnss_raw.txt,2436,443262.100,FINESTEERING,SOL_COMPUTED,SINGLE,29,19,3.4012,8.7157,1.1,1793
0703002-0918-11-09-gnss_raw.txt,2436,443262.200,FINESTEERING,SOL_COMPUTED,SINGLE,29,19,3.1889,8.1661,1.2,1793
0703002-0918-11-09-gnss_raw.txt,2436,443262.300,FINESTEERING,SOL_COMPUTED,SINGLE,29,19,3.0903,7.9146,1.3,1793
0703002-0918-11-09-gnss_raw.txt,2436,443262.400,FINESTEERING,SOL_COMPUTED,SINGLE,29,18,2.903,7.4393,1.4,1793
0703002-0918-11-09-gnss_raw.txt,2436,443262.500,FINESTEERING,SOL_COMPUTED,SINGLE,29,17,2.7845,7.1387,1.5,1793
0703002-0918-11-09-gnss_raw.txt,2436,443262.600,FINESTEERING,SOL_COMPUTED,SINGLE,29,17,2.6958,6.915,1.6,1793
0703002-0918-11-09-gnss_raw.txt,2436,443262.700,FINESTEERING,SOL_COMPUTED,SINGLE,29,19,3.5002,8.9751,1.7,1793
0703002-0918-11-09-gnss_raw.txt,2436,443262.800,FINESTEERING,SOL_COMPUTED,SINGLE,29,19,3.108,7.9648,1.8,1793
0703002-0918-11-09-gnss_raw.txt,2436,443262.900,FINESTEERING,SOL_COMPUTED,SINGLE,29,19,3.4301,8.7853,0.9,1793
0703002-0918-11-09-gnss_raw.txt,2436,443263.000,FINESTEERING,SOL_COMPUTED,SINGLE,29,19,3.6128,9.2507,1.0,1793
0703002-0918-11-09-gnss_raw.txt,2436,443263.100,FINESTEERING,SOL_COMPUTED,SINGLE,29,19,3.3895,8.684,1.1,1793
0703002-0918-11-09-gnss_raw.txt,2436,443263.200,FINESTEERING,SOL_COMPUTED,SINGLE,29,19,3.1015,7.9507,1.2,1793
0703002-0918-11-09-gnss_raw.txt,2436,443263.300,FINESTEERING,SOL_COMPUTED,SINGLE,29,19,3.0849,7.9079,1.3,1793
0703002-0918-11-09-gnss_raw.txt,2436,443263.400,FINESTEERING,SOL_COMPUTED,SINGLE,29,18,3.2512,8.3395,1.4,1793
0703002-0918-11-09-gnss_raw.txt,2436,443263.500,FINESTEERING,SOL_COMPUTED,SINGLE,29,18,3.163,8.115,1.5,1793
0703002-0918-11-09-gnss_raw.txt,2436,443263.600,FINESTEERING,SOL_COMPUTED,SINGLE,29,19,3.1738,8.1354,1.6,1793
0703002-0918-11-09-gnss_raw.txt,2436,443263.700,FINESTEERING,SOL_COMPUTED,SINGLE,29,18,3.17,8.1324,1.7,1793
0703002-0918-11-09-gnss_raw.txt,2436,443263.800,FINESTEERING,SOL_COMPUTED,SINGLE,29,19,2.9852,7.6535,0.8,1793
0703002-0918-11-09-gnss_raw.txt,2436,443263.900,FINESTEERING,SOL_COMPUTED,SINGLE,29,18,2.7862,7.1389,0.9,1793
0703002-0918-11-09-gnss_raw.txt,2436,443264.000,FINESTEERING,SOL_COMPUTED,SINGLE,29,19,2.9424,7.5353,1.0,1793
0703002-0918-11-09-gnss_raw.txt,2436,443264.100,FINESTEERING,SOL_COMPUTED,SINGLE,29,18,2.7011,6.9195,1.1,1793
0703002-0918-11-09-gnss_raw.txt,2436,443264.200,FINESTEERING,SOL_COMPUTED,SINGLE,29,19,3.0305,7.7573,1.2,1793
0703002-0918-11-09-gnss_raw.txt,2436,443264.300,FINESTEERING,SOL_COMPUTED,SINGLE,29,18,3.4314,8.7796,1.3,1793
0703002-0918-11-09-gnss_raw.txt,2436,443264.400,FINESTEERING,SOL_COMPUTED,SINGLE,29,18,3.3122,8.4705,1.4,1793
0703002-0918-11-09-gnss_raw.txt,2436,443264.500,FINESTEERING,SOL_COMPUTED,SINGLE,29,18,3.522,9.0038,1.5,1793
0703002-0918-11-09-gnss_raw.txt,2436,443264.600,FINESTEERING,SOL_COMPUTED,SINGLE,29,18,3.6227,9.2648,1.6,1793
0703002-0918-11-09-gnss_raw.txt,2436,443264.700,FINESTEERING,SOL_COMPUTED,SINGLE,29,18,2.9719,7.599,1.7,1793
0703002-0918-11-09-gnss_raw.txt,2436,443264.800,FINESTEERING,SOL_COMPUTED,SINGLE,29,18,3.1785,8.1301,1.8,1793
0703002-0918-11-09-gnss_raw.txt,2436,443264.900,FINESTEERING,SOL_COMPUTED,SINGLE,29,18,3.3313,8.5228,1.9,1793
0703002-0918-11-09-gnss_raw.txt,2436,443265.000,FINESTEERING,SOL_COMPUTED,SINGLE,29,16,2.8085,7.1776,1.0,1793
0703002-0918-11-09-gnss_raw.txt,2436,443265.100,FINESTEERING,SOL_COMPUTED,SINGLE,29,17,2.84,7.2537,1.1,1793
0703002-0918-11-09-gnss_raw.txt,2436,443265.200,FINESTEERING,SOL_COMPUTED,SINGLE,29,18,2.6582,6.7806,1.2,1793
0703002-0918-11-09-gnss_raw.txt,2436,443265.300,FINESTEERING,SOL_COMPUTED,SINGLE,29,18,3.1748,8.0945,1.3,1793
0703002-0918-11-09-gnss_raw.txt,2436,443265.400,FINESTEERING,SOL_COMPUTED,SINGLE,29,18,3.147,8.023,1.4,1793
0703002-0918-11-09-gnss_raw.txt,2436,443265.500,FINESTEERING,SOL_COMPUTED,SINGLE,29,18,3.0891,7.8674,1.5,1793
0703002-0918-11-09-gnss_raw.txt,2436,443265.600,FINESTEERING,SOL_COMPUTED,SINGLE,29,18,2.9788,7.5776,1.6,1793
0703002-0918-11-09-gnss_raw.txt,2436,443265.700,FINESTEERING,SOL_COMPUTED,SINGLE,29,16,2.3572,5.9881,1.7,1793
0703002-0918-11-09-gnss_raw.txt,2436,443265.800,FINESTEERING,SOL_COMPUTED,SINGLE,29,17,2.5537,6.4789,1.8,1793
0703002-0918-11-09-gnss_raw.txt,2436,443265.900,FINESTEERING,SOL_COMPUTED,SINGLE,29,18,2.9689,7.5258,0.9,1793
0703002-0918-11-09-gnss_raw.txt,2436,443266.000,FINESTEERING,SOL_COMPUTED,SINGLE,29,18,2.7613,7.0008,1.0,1793
0703002-0918-11-09-gnss_raw.txt,2436,443266.100,FINESTEERING,SOL_COMPUTED,SINGLE,29,17,2.5316,6.4128,1.1,1793
0703002-0918-11-09-gnss_raw.txt,2436,443266.200,FINESTEERING,SOL_COMPUTED,SINGLE,29,17,2.7952,7.0718,1.2,1793
0703002-0918-11-09-gnss_raw.txt,2436,443266.300,FINESTEERING,SOL_COMPUTED,SINGLE,29,16,2.5858,6.5372,1.3,1793
0703002-0918-11-09-gnss_raw.txt,2436,443266.400,FINESTEERING,SOL_COMPUTED,SINGLE,30,16,2.7085,6.8406,1.4,1793
0703002-0918-11-09-gnss_raw.txt,2436,443266.500,FINESTEERING,SOL_COMPUTED,SINGLE,30,17,2.5445,6.4206,1.5,1793
0703002-0918-11-09-gnss_raw.txt,2436,443266.600,FINESTEERING,SOL_COMPUTED,SINGLE,30,16,2.7442,6.9126,1.6,1793
0703002-0918-11-09-gnss_raw.txt,2436,443266.700,FINESTEERING,SOL_COMPUTED,SINGLE,30,15,2.6653,6.7015,1.7,1793
0703002-0918-11-09-gnss_raw.txt,2436,443266.800,FINESTEERING,SOL_COMPUTED,SINGLE,30,16,2.6987,6.7739,1.8,1793
0703002-0918-11-09-gnss_raw.txt,2436,443266.900,FINESTEERING,SOL_COMPUTED,SINGLE,30,15,2.5688,6.444,1.9,1793
0703002-0918-11-09-gnss_raw.txt,2436,443267.000,FINESTEERING,SOL_COMPUTED,SINGLE,30,15,2.873,7.1948,1.0,1793
0703002-0918-11-09-gnss_raw.txt,2436,443267.100,FINESTEERING,SOL_COMPUTED,SINGLE,30,16,2.8408,7.1029,1.1,1793
0703002-0918-11-09-gnss_raw.txt,2436,443267.200,FINESTEERING,SOL_COMPUTED,SINGLE,30,16,2.6166,6.5414,1.2,1793
0703002-0918-11-09-gnss_raw.txt,2436,443267.300,FINESTEERING,SOL_COMPUTED,SINGLE,30,16,2.9429,7.3489,1.3,1793
0703002-0918-11-09-gnss_raw.txt,2436,443267.400,FINESTEERING,SOL_COMPUTED,SINGLE,30,17,3.0224,7.5381,1.4,1793
0703002-0918-11-09-gnss_raw.txt,2436,443267.500,FINESTEERING,SOL_COMPUTED,SINGLE,30,17,2.978,7.4189,1.5,1793
0703002-0918-11-09-gnss_raw.txt,2436,443267.600,FINESTEERING,SOL_COMPUTED,SINGLE,30,17,2.9465,7.3313,1.6,1793
0703002-0918-11-09-gnss_raw.txt,2436,443267.700,FINESTEERING,SOL_COMPUTED,SINGLE,30,18,2.9686,7.3816,1.7,1793
0703002-0918-11-09-gnss_raw.txt,2436,443267.800,FINESTEERING,SOL_COMPUTED,SINGLE,30,18,2.9181,7.2509,1.8,1793
0703002-0918-11-09-gnss_raw.txt,2436,443267.900,FINESTEERING,SOL_COMPUTED,SINGLE,30,17,2.5642,6.3672,1.9,1793
0703002-0918-11-09-gnss_raw.txt,2436,443268.000,FINESTEERING,SOL_COMPUTED,SINGLE,30,18,3.0429,7.5527,1.0,1793
0703002-0918-11-09-gnss_raw.txt,2436,443268.100,FINESTEERING,SOL_COMPUTED,SINGLE,30,17,2.4881,6.1721,1.1,1793
0703002-0918-11-09-gnss_raw.txt,2436,443268.200,FINESTEERING,SOL_COMPUTED,SINGLE,30,15,2.4989,6.1914,1.2,1793
0703002-0918-11-09-gnss_raw.txt,2436,443268.300,FINESTEERING,SOL_COMPUTED,SINGLE,30,15,2.4791,6.1353,1.3,1793
0703002-0918-11-09-gnss_raw.txt,2436,443268.400,FINESTEERING,SOL_COMPUTED,SINGLE,30,15,2.5801,6.3771,1.4,1793
0703002-0918-11-09-gnss_raw.txt,2436,443268.500,FINESTEERING,SOL_COMPUTED,SINGLE,30,16,2.6312,6.4986,1.5,1793
0703002-0918-11-09-gnss_raw.txt,2436,443268.600,FINESTEERING,SOL_COMPUTED,SINGLE,30,15,2.6478,6.536,1.6,1793
0703002-0918-11-09-gnss_raw.txt,2436,443268.700,FINESTEERING,SOL_COMPUTED,SINGLE,30,16,2.7568,6.7983,1.7,1793
0703002-0918-11-09-gnss_raw.txt,2436,443268.800,FINESTEERING,SOL_COMPUTED,SINGLE,30,16,3.2133,7.9249,1.8,1793
0703002-0918-11-09-gnss_raw.txt,2436,443268.900,FINESTEERING,SOL_COMPUTED,SINGLE,30,16,3.0907,7.6211,0.9,1793
0703002-0918-11-09-gnss_raw.txt,2436,443269.000,FINESTEERING,SOL_COMPUTED,SINGLE,30,16,3.1438,7.7507,1.0,1793
0703002-0918-11-09-gnss_raw.txt,2436,443269.100,FINESTEERING,SOL_COMPUTED,SINGLE,30,16,3.2601,8.0325,1.1,1793
0703002-0918-11-09-gnss_raw.txt,2436,443269.200,FINESTEERING,SOL_COMPUTED,SINGLE,30,17,3.0783,7.5807,1.2,1793
0703002-0918-11-09-gnss_raw.txt,2436,443269.300,FINESTEERING,SOL_COMPUTED,SINGLE,30,17,3.1653,7.7876,1.3,1793
0703002-0918-11-09-gnss_raw.txt,2436,443269.400,FINESTEERING,SOL_COMPUTED,SINGLE,30,17,3.3065,8.1288,1.4,1793
0703002-0918-11-09-gnss_raw.txt,2436,443269.500,FINESTEERING,SOL_COMPUTED,SINGLE,30,17,3.5011,8.5999,1.5,1793
0703002-0918-11-09-gnss_raw.txt,2436,443269.600,FINESTEERING,SOL_COMPUTED,SINGLE,30,17,3.5614,8.7407,1.6,1793
0703002-0918-11-09-gnss_raw.txt,2436,443269.700,FINESTEERING,SOL_COMPUTED,SINGLE,30,17,3.279,8.0446,1.7,1793
0703002-0918-11-09-gnss_raw.txt,2436,443269.800,FINESTEERING,SOL_COMPUTED,SINGLE,30,17,3.1705,7.7764,1.8,1793
0703002-0918-11-09-gnss_raw.txt,2436,443269.900,FINESTEERING,SOL_COMPUTED,SINGLE,30,16,2.906,7.1239,1.9,1793
0703002-0918-11-09-gnss_raw.txt,2436,443270.000,FINESTEERING,SOL_COMPUTED,SINGLE,30,16,2.9526,7.2355,1.0,1793
0703002-0918-11-09-gnss_raw.txt,2436,443270.100,FINESTEERING,SOL_COMPUTED,SINGLE,30,16,3.0562,7.489,1.1,1793
0703002-0918-11-09-gnss_raw.txt,2436,443270.200,FINESTEERING,SOL_COMPUTED,SINGLE,30,16,3.3488,8.2078,1.2,1793
0703002-0918-11-09-gnss_raw.txt,2436,443270.300,FINESTEERING,SOL_COMPUTED,SINGLE,30,16,3.1368,7.6844,1.3,1793
0703002-0918-11-09-gnss_raw.txt,2436,443270.400,FINESTEERING,SOL_COMPUTED,SINGLE,30,16,2.7859,6.8215,1.4,1793
0703002-0918-11-09-gnss_raw.txt,2436,443270.500,FINESTEERING,SOL_COMPUTED,SINGLE,30,16,2.7708,6.7782,1.5,1793
0703002-0918-11-09-gnss_raw.txt,2436,443270.600,FINESTEERING,SOL_COMPUTED,SINGLE,30,16,2.756,6.736,1.6,1793
0703002-0918-11-09-gnss_raw.txt,2436,443270.700,FINESTEERING,SOL_COMPUTED,SINGLE,30,16,2.7936,6.8218,1.7,1793
0703002-0918-11-09-gnss_raw.txt,2436,443270.800,FINESTEERING,SOL_COMPUTED,SINGLE,30,20,3.0491,7.4405,0.8,1793
0703002-0918-11-09-gnss_raw.txt,2436,443270.900,FINESTEERING,SOL_COMPUTED,SINGLE,30,20,3.0458,7.4285,0.9,1793
0703002-0918-11-09-gnss_raw.txt,2436,443271.000,FINESTEERING,SOL_COMPUTED,SINGLE,30,20,3.3601,8.1925,1.0,1793
0703002-0918-11-09-gnss_raw.txt,2436,443271.100,FINESTEERING,SOL_COMPUTED,SINGLE,30,20,3.1667,7.7183,1.1,1793
0703002-0918-11-09-gnss_raw.txt,2436,443271.200,FINESTEERING,SOL_COMPUTED,SINGLE,30,20,3.1124,7.5845,1.2,1793
0703002-0918-11-09-gnss_raw.txt,2436,443271.300,FINESTEERING,SOL_COMPUTED,SINGLE,30,20,3.1754,7.7352,1.3,1793
0703002-0918-11-09-gnss_raw.txt,2436,443271.400,FINESTEERING,SOL_COMPUTED,SINGLE,30,20,3.0464,7.4173,1.4,1793
0703002-0918-11-09-gnss_raw.txt,2436,443271.500,FINESTEERING,SOL_COMPUTED,SINGLE,30,20,2.9389,7.1521,1.5,1793
0703002-0918-11-09-gnss_raw.txt,2436,443271.600,FINESTEERING,SOL_COMPUTED,SINGLE,30,20,3.2075,7.8025,1.6,1793
0703002-0918-11-09-gnss_raw.txt,2436,443271.700,FINESTEERING,SOL_COMPUTED,SINGLE,30,20,3.2741,7.9619,1.7,1793
0703002-0918-11-09-gnss_raw.txt,2436,443271.800,FINESTEERING,SOL_COMPUTED,SINGLE,30,20,2.945,7.1608,1.8,1793
0703002-0918-11-09-gnss_raw.txt,2436,443271.900,FINESTEERING,SOL_COMPUTED,SINGLE,30,19,2.9383,7.1459,1.9,1793
0703002-0918-11-09-gnss_raw.txt,2436,443272.000,FINESTEERING,SOL_COMPUTED,SINGLE,30,19,3.0599,7.4459,1.0,1793
0703002-0918-11-09-gnss_raw.txt,2436,443272.100,FINESTEERING,SOL_COMPUTED,SINGLE,30,19,3.0633,7.4573,1.1,1793
0703002-0918-11-09-gnss_raw.txt,2436,443272.200,FINESTEERING,SOL_COMPUTED,SINGLE,30,19,2.9231,7.1173,1.2,1793
0703002-0918-11-09-gnss_raw.txt,2436,443272.300,FINESTEERING,SOL_COMPUTED,SINGLE,30,19,2.8509,6.9431,1.3,1793
0703002-0918-11-09-gnss_raw.txt,2436,443272.400,FINESTEERING,SOL_COMPUTED,SINGLE,30,20,3.0894,7.5285,1.4,1793
0703002-0918-11-09-gnss_raw.txt,2436,443272.500,FINESTEERING,SOL_COMPUTED,SINGLE,30,19,2.6004,6.3365,1.5,1793
0703002-0918-11-09-gnss_raw.txt,2436,443272.600,FINESTEERING,SOL_COMPUTED,SINGLE,30,20,2.9789,7.2567,1.6,1793
0703002-0918-11-09-gnss_raw.txt,2436,443272.700,FINESTEERING,SOL_COMPUTED,SINGLE,30,20,2.9105,7.091,1.7,1793
0703002-0918-11-09-gnss_raw.txt,2436,443272.800,FINESTEERING,SOL_COMPUTED,SINGLE,30,19,2.6687,6.502,1.8,1793
0703002-0918-11-09-gnss_raw.txt,2436,443272.900,FINESTEERING,SOL_COMPUTED,SINGLE,30,19,2.6076,6.3541,1.9,1793
0703002-0918-11-09-gnss_raw.txt,2436,443273.000,FINESTEERING,SOL_COMPUTED,SINGLE,30,20,2.885,7.0303,1.0,1793
0703002-0918-11-09-gnss_raw.txt,2436,443273.100,FINESTEERING,SOL_COMPUTED,SINGLE,30,20,3.018,7.3565,1.1,1793
0703002-0918-11-09-gnss_raw.txt,2436,443273.200,FINESTEERING,SOL_COMPUTED,SINGLE,30,20,2.7347,6.6674,1.2,1793
0703002-0918-11-09-gnss_raw.txt,2436,443273.300,FINESTEERING,SOL_COMPUTED,SINGLE,30,20,3.2415,7.9029,1.3,1793
0703002-0918-11-09-gnss_raw.txt,2436,443273.400,FINESTEERING,SOL_COMPUTED,SINGLE,30,20,3.2579,7.9407,1.4,1793
0703002-0918-11-09-gnss_raw.txt,2436,443273.500,FINESTEERING,SOL_COMPUTED,SINGLE,30,20,3.2185,7.8476,1.5,1793
0703002-0918-11-09-gnss_raw.txt,2436,443273.600,FINESTEERING,SOL_COMPUTED,SINGLE,30,20,3.3041,8.0634,1.6,1793
0703002-0918-11-09-gnss_raw.txt,2436,443273.700,FINESTEERING,SOL_COMPUTED,SINGLE,30,20,3.3925,8.2818,1.7,1793
0703002-0918-11-09-gnss_raw.txt,2436,443273.800,FINESTEERING,SOL_COMPUTED,SINGLE,30,20,3.5202,8.5946,1.8,1793
0703002-0918-11-09-gnss_raw.txt,2436,443273.900,FINESTEERING,SOL_COMPUTED,SINGLE,30,20,3.553,8.6708,1.9,1793
0703002-0918-11-09-gnss_raw.txt,2436,443274.000,FINESTEERING,SOL_COMPUTED,SINGLE,30,18,2.9481,7.1925,2.0,1793
0703002-0918-11-09-gnss_raw.txt,2436,443274.100,FINESTEERING,SOL_COMPUTED,SINGLE,30,20,3.2581,7.946,1.1,1793
0703002-0918-11-09-gnss_raw.txt,2436,443274.200,FINESTEERING,SOL_COMPUTED,SINGLE,30,20,2.9123,7.1021,1.2,1793
0703002-0918-11-09-gnss_raw.txt,2436,443274.300,FINESTEERING,SOL_COMPUTED,SINGLE,30,18,2.8975,7.0653,1.3,1793
0703002-0918-11-09-gnss_raw.txt,2436,443274.400,FINESTEERING,SOL_COMPUTED,SINGLE,29,20,2.9886,7.2861,1.4,1793
0703002-0918-11-09-gnss_raw.txt,2436,443274.500,FINESTEERING,SOL_COMPUTED,SINGLE,29,20,3.0074,7.3319,1.5,1793
0703002-0918-11-09-gnss_raw.txt,2436,443274.600,FINESTEERING,SOL_COMPUTED,SINGLE,29,15,2.9666,7.2297,1.6,1793
0703002-0918-11-09-gnss_raw.txt,2436,443274.700,FINESTEERING,SOL_COMPUTED,SINGLE,29,16,2.9411,7.1669,1.7,1793
0703002-0918-11-09-gnss_raw.txt,2436,443274.800,FINESTEERING,SOL_COMPUTED,SINGLE,29,15,2.8199,6.8702,1.8,1793
0703002-0918-11-09-gnss_raw.txt,2436,443274.900,FINESTEERING,SOL_COMPUTED,SINGLE,29,15,2.5994,6.3347,0.9,1793
0703002-0918-11-09-gnss_raw.txt,2436,443275.000,FINESTEERING,SOL_COMPUTED,SINGLE,29,15,2.6372,6.429,1.0,1793
0703002-0918-11-09-gnss_raw.txt,2436,443275.100,FINESTEERING,SOL_COMPUTED,SINGLE,29,15,2.6864,6.5509,1.1,1793
0703002-0918-11-09-gnss_raw.txt,2436,443275.200,FINESTEERING,SOL_COMPUTED,SINGLE,29,15,2.6398,6.4395,1.2,1793
0703002-0918-11-09-gnss_raw.txt,2436,443275.300,FINESTEERING,SOL_COMPUTED,SINGLE,29,15,2.8096,6.8532,1.3,1793
0703002-0918-11-09-gnss_raw.txt,2436,443275.400,FINESTEERING,SOL_COMPUTED,SINGLE,29,15,2.6607,6.4876,1.4,1793
0703002-0918-11-09-gnss_raw.txt,2436,443275.500,FINESTEERING,SOL_COMPUTED,SINGLE,29,12,2.3651,5.7637,1.5,1793
0703002-0918-11-09-gnss_raw.txt,2436,443275.600,FINESTEERING,SOL_COMPUTED,SINGLE,29,15,2.4897,6.0644,1.6,1793
0703002-0918-11-09-gnss_raw.txt,2436,443275.700,FINESTEERING,SOL_COMPUTED,SINGLE,29,15,2.5089,6.1075,0.7,1793
0703002-0918-11-09-gnss_raw.txt,2436,443275.800,FINESTEERING,SOL_COMPUTED,SINGLE,29,16,2.7088,6.5897,0.8,1793
0703002-0918-11-09-gnss_raw.txt,2436,443275.900,FINESTEERING,SOL_COMPUTED,SINGLE,29,15,2.4595,5.9805,0.9,1793
0703002-0918-11-09-gnss_raw.txt,2436,443276.000,FINESTEERING,SOL_COMPUTED,SINGLE,29,15,2.4607,5.981,1.0,1793
0703002-0918-11-09-gnss_raw.txt,2436,443276.100,FINESTEERING,SOL_COMPUTED,SINGLE,29,13,2.443,5.9336,1.1,1793
0703002-0918-11-09-gnss_raw.txt,2436,443276.200,FINESTEERING,SOL_COMPUTED,SINGLE,29,15,2.4691,5.9935,1.2,1793
0703002-0918-11-09-gnss_raw.txt,2436,443276.300,FINESTEERING,SOL_COMPUTED,SINGLE,29,16,2.7048,6.5633,1.3,1793
0703002-0918-11-09-gnss_raw.txt,2436,443276.400,FINESTEERING,SOL_COMPUTED,SINGLE,29,15,2.556,6.1998,1.4,1793
0703002-0918-11-09-gnss_raw.txt,2436,443276.500,FINESTEERING,SOL_COMPUTED,SINGLE,29,16,2.7186,6.5934,1.5,1793
0703002-0918-11-09-gnss_raw.txt,2436,443276.600,FINESTEERING,SOL_COMPUTED,SINGLE,29,16,3.2085,7.7844,1.6,1793
0703002-0918-11-09-gnss_raw.txt,2436,443276.700,FINESTEERING,SOL_COMPUTED,SINGLE,29,16,2.6537,6.4422,0.7,1793
0703002-0918-11-09-gnss_raw.txt,2436,443276.800,FINESTEERING,SOL_COMPUTED,SINGLE,29,16,2.7035,6.5616,0.8,1793
0703002-0918-11-09-gnss_raw.txt,2436,443276.900,FINESTEERING,SOL_COMPUTED,SINGLE,29,16,2.8736,6.9708,0.9,1793
0703002-0918-11-09-gnss_raw.txt,2436,443277.000,FINESTEERING,SOL_COMPUTED,SINGLE,29,17,3.1492,7.6388,1.0,1793
0703002-0918-11-09-gnss_raw.txt,2436,443277.100,FINESTEERING,SOL_COMPUTED,SINGLE,29,17,2.8905,7.0111,1.1,1793
0703002-0918-11-09-gnss_raw.txt,2436,443277.200,FINESTEERING,SOL_COMPUTED,SINGLE,29,17,2.5643,6.2217,1.2,1793
0703002-0918-11-09-gnss_raw.txt,2436,443277.300,FINESTEERING,SOL_COMPUTED,SINGLE,29,17,2.6568,6.4481,1.3,1793
0703002-0918-11-09-gnss_raw.txt,2436,443277.400,FINESTEERING,SOL_COMPUTED,SINGLE,29,16,2.7208,6.6044,1.4,1793
0703002-0918-11-09-gnss_raw.txt,2436,443277.500,FINESTEERING,SOL_COMPUTED,SINGLE,29,17,3.188,7.7427,1.5,1793
0703002-0918-11-09-gnss_raw.txt,2436,443277.600,FINESTEERING,SOL_COMPUTED,SINGLE,28,17,3.0856,7.4955,1.6,1793
0703002-0918-11-09-gnss_raw.txt,2436,443277.700,FINESTEERING,SOL_COMPUTED,SINGLE,28,17,2.9777,7.236,1.7,1793
0703002-0918-11-09-gnss_raw.txt,2436,443277.800,FINESTEERING,SOL_COMPUTED,SINGLE,28,17,3.1618,7.6825,1.8,1793
0703002-0918-11-09-gnss_raw.txt,2436,443277.900,FINESTEERING,SOL_COMPUTED,SINGLE,28,17,3.1504,7.6592,1.9,1793
0703002-0918-11-09-gnss_raw.txt,2436,443278.000,FINESTEERING,SOL_COMPUTED,SINGLE,28,17,2.9788,7.248,1.0,1793
0703002-0918-11-09-gnss_raw.txt,2436,443278.100,FINESTEERING,SOL_COMPUTED,SINGLE,28,17,2.546,6.2007,1.1,1793
0703002-0918-11-09-gnss_raw.txt,2436,443278.200,FINESTEERING,SOL_COMPUTED,SINGLE,28,17,2.6885,6.5524,1.2,1793
0703002-0918-11-09-gnss_raw.txt,2436,443278.300,FINESTEERING,SOL_COMPUTED,SINGLE,28,17,2.6282,6.4071,1.3,1793
0703002-0918-11-09-gnss_raw.txt,2436,443278.400,FINESTEERING,SOL_COMPUTED,SINGLE,28,16,2.8622,6.9766,1.4,1793
0703002-0918-11-09-gnss_raw.txt,2436,443278.500,FINESTEERING,SOL_COMPUTED,SINGLE,28,15,2.6252,6.3967,1.5,1793
0703002-0918-11-09-gnss_raw.txt,2436,443278.600,FINESTEERING,SOL_COMPUTED,SINGLE,28,16,2.8683,6.987,1.6,1793
0703002-0918-11-09-gnss_raw.txt,2436,443278.700,FINESTEERING,SOL_COMPUTED,SINGLE,28,17,2.6,6.3327,1.7,1793
0703002-0918-11-09-gnss_raw.txt,2436,443278.800,FINESTEERING,SOL_COMPUTED,SINGLE,28,16,2.6807,6.5265,1.8,1793
0703002-0918-11-09-gnss_raw.txt,2436,443278.900,FINESTEERING,SOL_COMPUTED,SINGLE,28,17,3.012,7.3314,1.9,1793
0703002-0918-11-09-gnss_raw.txt,2436,443279.000,FINESTEERING,SOL_COMPUTED,SINGLE,28,16,2.6251,6.3906,1.0,1793
0703002-0918-11-09-gnss_raw.txt,2436,443279.100,FINESTEERING,SOL_COMPUTED,SINGLE,28,17,2.5567,6.2308,1.1,1793
0703002-0918-11-09-gnss_raw.txt,2436,443279.200,FINESTEERING,SOL_COMPUTED,SINGLE,28,17,2.9894,7.2862,1.2,1793
0703002-0918-11-09-gnss_raw.txt,2436,443279.300,FINESTEERING,SOL_COMPUTED,SINGLE,28,17,2.7046,6.5938,1.3,1793
0703002-0918-11-09-gnss_raw.txt,2436,443279.400,FINESTEERING,SOL_COMPUTED,SINGLE,28,16,2.6728,6.515,1.4,1793
0703002-0918-11-09-gnss_raw.txt,2436,443279.500,FINESTEERING,SOL_COMPUTED,SINGLE,28,17,2.8624,6.9807,1.5,1793
0703002-0918-11-09-gnss_raw.txt,2436,443279.600,FINESTEERING,SOL_COMPUTED,SINGLE,28,17,3.1927,7.7893,1.6,1793
0703002-0918-11-09-gnss_raw.txt,2436,443279.700,FINESTEERING,SOL_COMPUTED,SINGLE,28,17,3.2021,7.8123,1.7,1793
0703002-0918-11-09-gnss_raw.txt,2436,443279.800,FINESTEERING,SOL_COMPUTED,SINGLE,28,17,3.4319,8.369,1.8,1793
0703002-0918-11-09-gnss_raw.txt,2436,443279.900,FINESTEERING,SOL_COMPUTED,SINGLE,28,16,2.6236,6.3983,1.9,1793
0703002-0918-11-09-gnss_raw.txt,2436,443280.000,FINESTEERING,SOL_COMPUTED,SINGLE,28,19,2.7384,6.6797,1.0,1793
0703002-0918-11-09-gnss_raw.txt,2436,443280.100,FINESTEERING,SOL_COMPUTED,SINGLE,29,19,2.738,6.6829,1.1,1793
0703002-0918-11-09-gnss_raw.txt,2436,443280.200,FINESTEERING,SOL_COMPUTED,SINGLE,29,19,2.9169,7.1229,1.2,1793
0703002-0918-11-09-gnss_raw.txt,2436,443280.300,FINESTEERING,SOL_COMPUTED,SINGLE,29,19,2.8942,7.0723,1.3,1793
0703002-0918-11-09-gnss_raw.txt,2436,443280.400,FINESTEERING,SOL_COMPUTED,SINGLE,29,19,2.9158,7.1262,1.4,1793
0703002-0918-11-09-gnss_raw.txt,2436,443280.500,FINESTEERING,SOL_COMPUTED,SINGLE,29,19,2.8145,6.8817,1.5,1793
0703002-0918-11-09-gnss_raw.txt,2436,443280.600,FINESTEERING,SOL_COMPUTED,SINGLE,29,19,2.7839,6.8132,1.6,1793
0703002-0918-11-09-gnss_raw.txt,2436,443280.700,FINESTEERING,SOL_COMPUTED,SINGLE,29,19,3.1486,7.7065,1.7,1793
0703002-0918-11-09-gnss_raw.txt,2436,443280.800,FINESTEERING,SOL_COMPUTED,SINGLE,29,19,2.7066,6.6249,1.8,1793
0703002-0918-11-09-gnss_raw.txt,2436,443280.900,FINESTEERING,SOL_COMPUTED,SINGLE,29,19,3.048,7.4596,1.9,1793
0703002-0918-11-09-gnss_raw.txt,2436,443281.000,FINESTEERING,SOL_COMPUTED,SINGLE,29,19,3.2245,7.8899,2.0,1793
0703002-0918-11-09-gnss_raw.txt,2436,443281.100,FINESTEERING,SOL_COMPUTED,SINGLE,29,19,3.2378,7.9225,1.1,1793
0703002-0918-11-09-gnss_raw.txt,2436,443281.200,FINESTEERING,SOL_COMPUTED,SINGLE,29,19,2.9141,7.1295,1.2,1793
0703002-0918-11-09-gnss_raw.txt,2436,443281.300,FINESTEERING,SOL_COMPUTED,SINGLE,29,19,3.5559,8.7006,1.3,1793
0703002-0918-11-09-gnss_raw.txt,2436,443281.400,FINESTEERING,SOL_COMPUTED,SINGLE,29,19,3.0961,7.5758,1.4,1793
0703002-0918-11-09-gnss_raw.txt,2436,443281.500,FINESTEERING,SOL_COMPUTED,SINGLE,29,19,3.2124,7.8605,1.5,1793
0703002-0918-11-09-gnss_raw.txt,2436,443281.600,FINESTEERING,SOL_COMPUTED,SINGLE,29,19,3.0529,7.4669,1.6,1793
0703002-0918-11-09-gnss_raw.txt,2436,443281.700,FINESTEERING,SOL_COMPUTED,SINGLE,29,17,3.311,8.0984,1.7,1793
0703002-0918-11-09-gnss_raw.txt,2436,443281.800,FINESTEERING,SOL_COMPUTED,SINGLE,29,19,3.0819,7.538,1.8,1793
0703002-0918-11-09-gnss_raw.txt,2436,443281.900,FINESTEERING,SOL_COMPUTED,SINGLE,29,19,2.8961,7.0839,1.9,1793
0703002-0918-11-09-gnss_raw.txt,2436,443282.000,FINESTEERING,SOL_COMPUTED,SINGLE,29,19,2.7631,6.7586,2.0,1793
0703002-0918-11-09-gnss_raw.txt,2436,443282.100,FINESTEERING,SOL_COMPUTED,SINGLE,29,19,3.2834,8.0303,1.1,1793
0703002-0918-11-09-gnss_raw.txt,2436,443282.200,FINESTEERING,SOL_COMPUTED,SINGLE,29,19,3.0283,7.4065,1.2,1793
0703002-0918-11-09-gnss_raw.txt,2436,443282.300,FINESTEERING,SOL_COMPUTED,SINGLE,29,19,3.1763,7.7688,1.3,1793
0703002-0918-11-09-gnss_raw.txt,2436,443282.400,FINESTEERING,SOL_COMPUTED,SINGLE,29,19,2.6002,6.3647,1.4,1793
0703002-0918-11-09-gnss_raw.txt,2436,443282.500,FINESTEERING,SOL_COMPUTED,SINGLE,29,19,2.8442,6.9619,1.5,1793
0703002-0918-11-09-gnss_raw.txt,2436,443282.600,FINESTEERING,SOL_COMPUTED,SINGLE,29,19,2.6912,6.5902,1.6,1793
0703002-0918-11-09-gnss_raw.txt,2436,443282.700,FINESTEERING,SOL_COMPUTED,SINGLE,29,19,2.682,6.5705,1.7,1793
0703002-0918-11-09-gnss_raw.txt,2436,443282.800,FINESTEERING,SOL_COMPUTED,SINGLE,29,19,2.5355,6.2173,0.8,1793
0703002-0918-11-09-gnss_raw.txt,2436,443282.900,FINESTEERING,SOL_COMPUTED,SINGLE,29,18,2.5024,6.1412,0.9,1793
0703002-0918-11-09-gnss_raw.txt,2436,443283.000,FINESTEERING,SOL_COMPUTED,SINGLE,29,18,2.4221,5.9489,1.0,1793
0703002-0918-11-09-gnss_raw.txt,2436,443283.100,FINESTEERING,SOL_COMPUTED,SINGLE,29,19,2.5509,6.2657,1.1,1793
0703002-0918-11-09-gnss_raw.txt,2436,443283.200,FINESTEERING,SOL_COMPUTED,SINGLE,29,19,2.6738,6.5664,1.2,1793
0703002-0918-11-09-gnss_raw.txt,2436,443283.300,FINESTEERING,SOL_COMPUTED,SINGLE,29,19,2.7681,6.7968,1.3,1793
0703002-0918-11-09-gnss_raw.txt,2436,443283.400,FINESTEERING,SOL_COMPUTED,SINGLE,29,19,2.4646,6.058,1.4,1793
0703002-0918-11-09-gnss_raw.txt,2436,443283.500,FINESTEERING,SOL_COMPUTED,SINGLE,29,19,2.8208,6.9333,1.5,1793
0703002-0918-11-09-gnss_raw.txt,2436,443283.600,FINESTEERING,SOL_COMPUTED,SINGLE,29,19,2.6446,6.5006,1.6,1793
0703002-0918-11-09-gnss_raw.txt,2436,443283.700,FINESTEERING,SOL_COMPUTED,SINGLE,29,19,2.8101,6.9072,1.7,1793
0703002-0918-11-09-gnss_raw.txt,2436,443283.800,FINESTEERING,SOL_COMPUTED,SINGLE,29,19,2.8924,7.1144,1.8,1793
0703002-0918-11-09-gnss_raw.txt,2436,443283.900,FINESTEERING,SOL_COMPUTED,SINGLE,28,19,2.7621,6.7983,1.9,1793
0703002-0918-11-09-gnss_raw.txt,2436,443284.000,FINESTEERING,SOL_COMPUTED,SINGLE,28,19,2.9876,7.3537,1.0,1793
0703002-0918-11-09-gnss_raw.txt,2436,443284.100,FINESTEERING,SOL_COMPUTED,SINGLE,28,19,2.7493,6.7711,1.1,1793
0703002-0918-11-09-gnss_raw.txt,2436,443284.200,FINESTEERING,SOL_COMPUTED,SINGLE,28,14,2.4214,5.9672,1.2,1793
0703002-0918-11-09-gnss_raw.txt,2436,443284.300,FINESTEERING,SOL_COMPUTED,SINGLE,28,15,2.749,6.7762,1.3,1793
0703002-0918-11-09-gnss_raw.txt,2436,443284.400,FINESTEERING,SOL_COMPUTED,SINGLE,28,15,2.8606,7.05,1.4,1793
0703002-0918-11-09-gnss_raw.txt,2436,443284.500,FINESTEERING,SOL_COMPUTED,SINGLE,28,14,2.8122,6.9316,1.5,1793
0703002-0918-11-09-gnss_raw.txt,2436,443284.600,FINESTEERING,SOL_COMPUTED,SINGLE,28,13,2.7529,6.7889,1.6,1793
0703002-0918-11-09-gnss_raw.txt,2436,443284.700,FINESTEERING,SOL_COMPUTED,SINGLE,28,13,3.0328,7.4794,0.7,1793
0703002-0918-11-09-gnss_raw.txt,2436,443284.800,FINESTEERING,SOL_COMPUTED,SINGLE,28,19,3.0069,7.4214,0.8,1793
0703002-0918-11-09-gnss_raw.txt,2436,443284.900,FINESTEERING,SOL_COMPUTED,SINGLE,28,18,2.7532,6.7984,0.9,1793
0703002-0918-11-09-gnss_raw.txt,2436,443285.000,FINESTEERING,SOL_COMPUTED,SINGLE,27,12,2.684,6.6282,1.0,1793
0703002-0918-11-09-gnss_raw.txt,2436,443285.100,FINESTEERING,SOL_COMPUTED,SINGLE,27,12,2.7029,6.6762,1.1,1793
0703002-0918-11-09-gnss_raw.txt,2436,443285.200,FINESTEERING,SOL_COMPUTED,SINGLE,27,18,2.6415,6.5263,1.2,1793
0703002-0918-11-09-gnss_raw.txt,2436,443285.300,FINESTEERING,SOL_COMPUTED,SINGLE,27,12,2.6995,6.6684,1.3,1793
0703002-0918-11-09-gnss_raw.txt,2436,443285.400,FINESTEERING,SOL_COMPUTED,SINGLE,27,18,2.8266,6.9852,1.4,1793
0703002-0918-11-09-gnss_raw.txt,2436,443285.500,FINESTEERING,SOL_COMPUTED,SINGLE,27,18,2.9349,7.2555,1.5,1793
0703002-0918-11-09-gnss_raw.txt,2436,443285.600,FINESTEERING,SOL_COMPUTED,SINGLE,27,12,2.7474,6.7905,1.6,1793
0703002-0918-11-09-gnss_raw.txt,2436,443285.700,FINESTEERING,SOL_COMPUTED,SINGLE,27,12,2.7083,6.696,1.7,1793
0703002-0918-11-09-gnss_raw.txt,2436,443285.800,FINESTEERING,SOL_COMPUTED,SINGLE,27,13,2.7339,6.7474,1.8,1793
0703002-0918-11-09-gnss_raw.txt,2436,443285.900,FINESTEERING,SOL_COMPUTED,SINGLE,27,12,2.7629,6.8096,0.9,1793
0703002-0918-11-09-gnss_raw.txt,2436,443286.000,FINESTEERING,SOL_COMPUTED,SINGLE,28,12,2.4256,5.97,1.0,1793
0703002-0918-11-09-gnss_raw.txt,2436,443286.100,FINESTEERING,SOL_COMPUTED,SINGLE,28,13,2.5268,6.2142,1.1,1793
0703002-0918-11-09-gnss_raw.txt,2436,443286.200,FINESTEERING,SOL_COMPUTED,SINGLE,28,14,2.6238,6.4537,1.2,1793
0703002-0918-11-09-gnss_raw.txt,2436,443286.300,FINESTEERING,SOL_COMPUTED,SINGLE,28,13,2.4612,6.0458,1.3,1793
0703002-0918-11-09-gnss_raw.txt,2436,443286.400,FINESTEERING,SOL_COMPUTED,SINGLE,28,16,2.7933,6.8614,1.4,1793
0703002-0918-11-09-gnss_raw.txt,2436,443286.500,FINESTEERING,SOL_COMPUTED,SINGLE,28,17,2.8065,6.8937,1.5,1793
0703002-0918-11-09-gnss_raw.txt,2436,443286.600,FINESTEERING,SOL_COMPUTED,SINGLE,28,17,2.6907,6.6069,1.6,1793
0703002-0918-11-09-gnss_raw.txt,2436,443286.700,FINESTEERING,SOL_COMPUTED,SINGLE,28,17,2.9325,7.2028,1.7,1793
0703002-0918-11-09-gnss_raw.txt,2436,443286.800,FINESTEERING,SOL_COMPUTED,SINGLE,28,17,2.5389,6.2325,0.8,1793
0703002-0918-11-09-gnss_raw.txt,2436,443286.900,FINESTEERING,SOL_COMPUTED,SINGLE,28,18,2.656,6.517,0.9,1793
0703002-0918-11-09-gnss_raw.txt,2436,443287.000,FINESTEERING,SOL_COMPUTED,SINGLE,28,17,2.5567,6.2723,1.0,1793
0703002-0918-11-09-gnss_raw.txt,2436,443287.100,FINESTEERING,SOL_COMPUTED,SINGLE,29,17,2.4062,5.9026,1.1,1793
0703002-0918-11-09-gnss_raw.txt,2436,443287.200,FINESTEERING,SOL_COMPUTED,SINGLE,29,17,2.7938,6.8516,1.2,1793
0703002-0918-11-09-gnss_raw.txt,2436,443287.300,FINESTEERING,SOL_COMPUTED,SINGLE,29,16,2.7007,6.6224,1.3,1793
0703002-0918-11-09-gnss_raw.txt,2436,443287.400,FINESTEERING,SOL_COMPUTED,SINGLE,29,15,2.7761,6.8042,1.4,1793
0703002-0918-11-09-gnss_raw.txt,2436,443287.500,FINESTEERING,SOL_COMPUTED,SINGLE,29,15,2.8079,6.8795,1.5,1793
0703002-0918-11-09-gnss_raw.txt,2436,443287.600,FINESTEERING,SOL_COMPUTED,SINGLE,29,16,2.8826,7.0636,1.6,1793
0703002-0918-11-09-gnss_raw.txt,2436,443287.700,FINESTEERING,SOL_COMPUTED,SINGLE,29,15,2.6925,6.5966,1.7,1793
0703002-0918-11-09-gnss_raw.txt,2436,443287.800,FINESTEERING,SOL_COMPUTED,SINGLE,29,17,2.8844,7.0653,0.8,1793
0703002-0918-11-09-gnss_raw.txt,2436,443287.900,FINESTEERING,SOL_COMPUTED,SINGLE,29,17,2.966,7.2588,0.9,1793
0703002-0918-11-09-gnss_raw.txt,2436,443288.000,FINESTEERING,SOL_COMPUTED,SINGLE,29,17,2.8361,6.9397,1.0,1793
0703002-0918-11-09-gnss_raw.txt,2436,443288.100,FINESTEERING,SOL_COMPUTED,SINGLE,29,17,2.7989,6.8454,1.1,1793
0703002-0918-11-09-gnss_raw.txt,2436,443288.200,FINESTEERING,SOL_COMPUTED,SINGLE,29,17,2.9616,7.2397,1.2,1793
0703002-0918-11-09-gnss_raw.txt,2436,443288.300,FINESTEERING,SOL_COMPUTED,SINGLE,29,18,2.84,6.9396,1.3,1793
0703002-0918-11-09-gnss_raw.txt,2436,443288.400,FINESTEERING,SOL_COMPUTED,SINGLE,29,18,2.6643,6.5063,1.4,1793
0703002-0918-11-09-gnss_raw.txt,2436,443288.500,FINESTEERING,SOL_COMPUTED,SINGLE,29,18,2.7553,6.7242,1.5,1793
0703002-0918-11-09-gnss_raw.txt,2436,443288.600,FINESTEERING,SOL_COMPUTED,SINGLE,29,17,2.7007,6.5894,1.6,1793
0703002-0918-11-09-gnss_raw.txt,2436,443288.700,FINESTEERING,SOL_COMPUTED,SINGLE,29,17,3.0238,7.3709,1.7,1793
0703002-0918-11-09-gnss_raw.txt,2436,443288.800,FINESTEERING,SOL_COMPUTED,SINGLE,29,17,2.8869,7.0298,1.8,1793
0703002-0918-11-09-gnss_raw.txt,2436,443288.900,FINESTEERING,SOL_COMPUTED,SINGLE,29,17,2.7069,6.5904,1.9,1793
0703002-0918-11-09-gnss_raw.txt,2436,443289.000,FINESTEERING,SOL_COMPUTED,SINGLE,29,17,3.41,8.298,1.0,1793
0703002-0918-11-09-gnss_raw.txt,2436,443289.100,FINESTEERING,SOL_COMPUTED,SINGLE,29,17,3.1127,7.5689,1.1,1793
0703002-0918-11-09-gnss_raw.txt,2436,443289.200,FINESTEERING,SOL_COMPUTED,SINGLE,29,17,3.0931,7.5143,1.2,1793
0703002-0918-11-09-gnss_raw.txt,2436,443289.300,FINESTEERING,SOL_COMPUTED,SINGLE,29,17,3.1294,7.5972,1.3,1793
0703002-0918-11-09-gnss_raw.txt,2436,443289.400,FINESTEERING,SOL_COMPUTED,SINGLE,29,18,3.1655,7.6762,1.4,1793
0703002-0918-11-09-gnss_raw.txt,2436,443289.500,FINESTEERING,SOL_COMPUTED,SINGLE,29,17,3.0959,7.5002,1.5,1793
0703002-0918-11-09-gnss_raw.txt,2436,443289.600,FINESTEERING,SOL_COMPUTED,SINGLE,29,17,3.0794,7.4543,1.6,1793
0703002-0918-11-09-gnss_raw.txt,2436,443289.700,FINESTEERING,SOL_COMPUTED,SINGLE,29,17,3.162,7.6515,1.7,1793
0703002-0918-11-09-gnss_raw.txt,2436,443289.800,FINESTEERING,SOL_COMPUTED,SINGLE,29,15,3.1426,7.596,1.8,1793
0703002-0918-11-09-gnss_raw.txt,2436,443289.900,FINESTEERING,SOL_COMPUTED,SINGLE,29,15,3.2998,7.9646,0.9,1793
0703002-0918-11-09-gnss_raw.txt,2436,443290.000,FINESTEERING,SOL_COMPUTED,SINGLE,29,15,2.978,7.1851,1.0,1793
0703002-0918-11-09-gnss_raw.txt,2436,443290.100,FINESTEERING,SOL_COMPUTED,SINGLE,29,15,2.729,6.5812,1.1,1793
0703002-0918-11-09-gnss_raw.txt,2436,443290.200,FINESTEERING,SOL_COMPUTED,SINGLE,28,16,2.9205,7.0518,1.2,1793
0703002-0918-11-09-gnss_raw.txt,2436,443290.300,FINESTEERING,SOL_COMPUTED,SINGLE,28,16,2.582,6.2395,1.3,1793
0703002-0918-11-09-gnss_raw.txt,2436,443290.400,FINESTEERING,SOL_COMPUTED,SINGLE,28,16,2.5946,6.2644,1.4,1793
0703002-0918-11-09-gnss_raw.txt,2436,443290.500,FINESTEERING,SOL_COMPUTED,SINGLE,28,17,2.6469,6.3948,1.5,1793
0703002-0918-11-09-gnss_raw.txt,2436,443290.600,FINESTEERING,SOL_COMPUTED,SINGLE,28,17,2.8254,6.8192,1.6,1793
0703002-0918-11-09-gnss_raw.txt,2436,443290.700,FINESTEERING,SOL_COMPUTED,SINGLE,28,16,2.8565,6.8982,1.7,1793
0703002-0918-11-09-gnss_raw.txt,2436,443290.800,FINESTEERING,SOL_COMPUTED,SINGLE,28,16,3.1729,7.6551,1.8,1793
0703002-0918-11-09-gnss_raw.txt,2436,443290.900,FINESTEERING,SOL_COMPUTED,SINGLE,28,14,2.8484,6.8609,0.9,1793
0703002-0918-11-09-gnss_raw.txt,2436,443291.000,FINESTEERING,SOL_COMPUTED,SINGLE,28,14,2.6981,6.4896,1.0,1793
0703002-0918-11-09-gnss_raw.txt,2436,443291.100,FINESTEERING,SOL_COMPUTED,SINGLE,28,13,2.7408,6.5813,1.1,1793
0703002-0918-11-09-gnss_raw.txt,2436,443291.200,FINESTEERING,SOL_COMPUTED,SINGLE,28,13,2.7656,6.6336,1.2,1793
0703002-0918-11-09-gnss_raw.txt,2436,443291.300,FINESTEERING,SOL_COMPUTED,SINGLE,28,14,2.6533,6.3594,1.3,1793
0703002-0918-11-09-gnss_raw.txt,2436,443291.400,FINESTEERING,SOL_COMPUTED,SINGLE,28,15,3.0336,7.2665,1.4,1793
0703002-0918-11-09-gnss_raw.txt,2436,443291.500,FINESTEERING,SOL_COMPUTED,SINGLE,28,15,2.9784,7.1301,1.5,1793
0703002-0918-11-09-gnss_raw.txt,2436,443291.600,FINESTEERING,SOL_COMPUTED,SINGLE,28,14,3.1131,7.4473,1.6,1793
0703002-0918-11-09-gnss_raw.txt,2436,443291.700,FINESTEERING,SOL_COMPUTED,SINGLE,28,14,3.2294,7.717,1.7,1793
0703002-0918-11-09-gnss_raw.txt,2436,443291.800,FINESTEERING,SOL_COMPUTED,SINGLE,28,14,3.1924,7.6224,1.8,1793
0703002-0918-11-09-gnss_raw.txt,2436,443291.900,FINESTEERING,SOL_COMPUTED,SINGLE,28,14,3.6394,8.6839,1.9,1793
0703002-0918-11-09-gnss_raw.txt,2436,443292.000,FINESTEERING,SOL_COMPUTED,SINGLE,28,13,3.2196,7.6745,1.0,1793
0703002-0918-11-09-gnss_raw.txt,2436,443292.100,FINESTEERING,SOL_COMPUTED,SINGLE,28,14,3.0891,7.356,1.1,1793
0703002-0918-11-09-gnss_raw.txt,2436,443292.200,FINESTEERING,SOL_COMPUTED,SINGLE,29,15,3.2245,7.6759,1.2,1793
0703002-0918-11-09-gnss_raw.txt,2436,443292.300,FINESTEERING,SOL_COMPUTED,SINGLE,29,13,2.8891,6.8712,1.3,1793
0703002-0918-11-09-gnss_raw.txt,2436,443292.400,FINESTEERING,SOL_COMPUTED,SINGLE,29,14,2.8724,6.8246,1.4,1793
0703002-0918-11-09-gnss_raw.txt,2436,443292.500,FINESTEERING,SOL_COMPUTED,SINGLE,29,14,3.0046,7.1317,1.5,1793
0703002-0918-11-09-gnss_raw.txt,2436,443292.600,FINESTEERING,SOL_COMPUTED,SINGLE,29,12,2.5981,6.1538,1.6,1793
0703002-0918-11-09-gnss_raw.txt,2436,443292.700,FINESTEERING,SOL_COMPUTED,SINGLE,29,13,2.8892,6.8286,1.7,1793
0703002-0918-11-09-gnss_raw.txt,2436,443292.800,FINESTEERING,SOL_COMPUTED,SINGLE,29,13,2.9263,6.9052,1.8,1793
0703002-0918-11-09-gnss_raw.txt,2436,443292.900,FINESTEERING,SOL_COMPUTED,SINGLE,29,12,3.0303,7.1388,1.9,1793
0703002-0918-11-09-gnss_raw.txt,2436,443293.000,FINESTEERING,SOL_COMPUTED,SINGLE,29,19,3.0224,7.1112,1.0,1793
0703002-0918-11-09-gnss_raw.txt,2436,443293.100,FINESTEERING,SOL_COMPUTED,SINGLE,29,19,3.2112,7.5512,1.1,1793
0703002-0918-11-09-gnss_raw.txt,2436,443293.200,FINESTEERING,SOL_COMPUTED,SINGLE,29,19,3.0778,7.2351,1.2,1793
0703002-0918-11-09-gnss_raw.txt,2436,443293.300,FINESTEERING,SOL_COMPUTED,SINGLE,29,19,3.1545,7.4084,1.3,1793
0703002-0918-11-09-gnss_raw.txt,2436,443293.400,FINESTEERING,SOL_COMPUTED,SINGLE,29,19,3.1828,7.4645,1.4,1793
0703002-0918-11-09-gnss_raw.txt,2436,443293.500,FINESTEERING,SOL_COMPUTED,SINGLE,29,19,3.1379,7.3524,1.5,1793
0703002-0918-11-09-gnss_raw.txt,2436,443293.600,FINESTEERING,SOL_COMPUTED,SINGLE,29,19,3.3546,7.8566,1.6,1793
0703002-0918-11-09-gnss_raw.txt,2436,443293.700,FINESTEERING,SOL_COMPUTED,SINGLE,29,19,3.0906,7.2339,1.7,1793
0703002-0918-11-09-gnss_raw.txt,2436,443293.800,FINESTEERING,SOL_COMPUTED,SINGLE,29,19,3.334,7.7953,1.8,1793
0703002-0918-11-09-gnss_raw.txt,2436,443293.900,FINESTEERING,SOL_COMPUTED,SINGLE,29,19,3.147,7.3817,1.9,1793
0703002-0918-11-09-gnss_raw.txt,2436,443294.000,FINESTEERING,SOL_COMPUTED,SINGLE,29,19,2.9953,7.016,1.0,1793
0703002-0918-11-09-gnss_raw.txt,2436,443294.100,FINESTEERING,SOL_COMPUTED,SINGLE,29,19,3.4213,8.0116,1.1,1793
0703002-0918-11-09-gnss_raw.txt,2436,443294.200,FINESTEERING,SOL_COMPUTED,SINGLE,29,19,3.3284,7.8208,1.2,1793
0703002-0918-11-09-gnss_raw.txt,2436,443294.300,FINESTEERING,SOL_COMPUTED,SINGLE,29,19,3.3615,7.8965,1.3,1793
0703002-0918-11-09-gnss_raw.txt,2436,443294.400,FINESTEERING,SOL_COMPUTED,SINGLE,29,19,3.2252,7.5763,1.4,1793
0703002-0918-11-09-gnss_raw.txt,2436,443294.500,FINESTEERING,SOL_COMPUTED,SINGLE,29,19,3.4122,8.0167,1.5,1793
0703002-0918-11-09-gnss_raw.txt,2436,443294.600,FINESTEERING,SOL_COMPUTED,SINGLE,29,19,3.1634,7.4302,1.6,1793
0703002-0918-11-09-gnss_raw.txt,2436,443294.700,FINESTEERING,SOL_COMPUTED,SINGLE,29,14,3.533,8.2902,1.7,1793
0703002-0918-11-09-gnss_raw.txt,2436,443294.800,FINESTEERING,SOL_COMPUTED,SINGLE,29,15,3.53,8.2774,1.8,1793
0703002-0918-11-09-gnss_raw.txt,2436,443294.900,FINESTEERING,SOL_COMPUTED,SINGLE,29,15,3.1302,7.3343,0.9,1793
0703002-0918-11-09-gnss_raw.txt,2436,443295.000,FINESTEERING,SOL_COMPUTED,SINGLE,29,14,3.0311,7.0979,1.0,1793
0703002-0918-11-09-gnss_raw.txt,2436,443295.100,FINESTEERING,SOL_COMPUTED,SINGLE,29,14,2.9174,6.828,1.1,1793
0703002-0918-11-09-gnss_raw.txt,2436,443295.200,FINESTEERING,SOL_COMPUTED,SINGLE,29,14,3.5649,8.3399,1.2,1793
0703002-0918-11-09-gnss_raw.txt,2436,443295.300,FINESTEERING,SOL_COMPUTED,SINGLE,29,14,3.5879,8.3916,1.3,1793
0703002-0918-11-09-gnss_raw.txt,2436,443295.400,FINESTEERING,SOL_COMPUTED,SINGLE,29,14,3.5338,8.2676,1.4,1793
0703002-0918-11-09-gnss_raw.txt,2436,443295.500,FINESTEERING,SOL_COMPUTED,SINGLE,29,14,3.4092,7.9745,1.5,1793
0703002-0918-11-09-gnss_raw.txt,2436,443295.600,FINESTEERING,SOL_COMPUTED,SINGLE,29,14,3.2256,7.5456,1.6,1793
0703002-0918-11-09-gnss_raw.txt,2436,443295.700,FINESTEERING,SOL_COMPUTED,SINGLE,29,19,3.1848,7.4522,0.7,1793
0703002-0918-11-09-gnss_raw.txt,2436,443295.800,FINESTEERING,SOL_COMPUTED,SINGLE,29,15,2.967,6.9396,0.8,1793
0703002-0918-11-09-gnss_raw.txt,2436,443295.900,FINESTEERING,SOL_COMPUTED,SINGLE,29,15,2.7851,6.5157,0.9,1793
0703002-0918-11-09-gnss_raw.txt,2436,443296.000,FINESTEERING,SOL_COMPUTED,SINGLE,29,16,3.1236,7.3075,1.0,1793
0703002-0918-11-09-gnss_raw.txt,2436,443296.100,FINESTEERING,SOL_COMPUTED,SINGLE,29,16,3.0598,7.1644,1.1,1793
0703002-0918-11-09-gnss_raw.txt,2436,443296.200,FINESTEERING,SOL_COMPUTED,SINGLE,29,16,2.822,6.618,1.2,1793
0703002-0918-11-09-gnss_raw.txt,2436,443296.300,FINESTEERING,SOL_COMPUTED,SINGLE,29,16,2.9426,6.9038,1.3,1793
0703002-0918-11-09-gnss_raw.txt,2436,443296.400,FINESTEERING,SOL_COMPUTED,SINGLE,29,16,2.8269,6.6349,1.4,1793
0703002-0918-11-09-gnss_raw.txt,2436,443296.500,FINESTEERING,SOL_COMPUTED,SINGLE,29,17,2.5735,6.048,1.5,1793
0703002-0918-11-09-gnss_raw.txt,2436,443296.600,FINESTEERING,SOL_COMPUTED,SINGLE,29,17,2.7262,6.417,1.6,1793
0703002-0918-11-09-gnss_raw.txt,2436,443296.700,FINESTEERING,SOL_COMPUTED,SINGLE,29,17,2.6939,6.3501,1.7,1793
0703002-0918-11-09-gnss_raw.txt,2436,443296.800,FINESTEERING,SOL_COMPUTED,SINGLE,29,17,2.758,6.5115,1.8,1793
0703002-0918-11-09-gnss_raw.txt,2436,443296.900,FINESTEERING,SOL_COMPUTED,SINGLE,28,17,2.7324,6.4604,1.9,1793
0703002-0918-11-09-gnss_raw.txt,2436,443297.000,FINESTEERING,SOL_COMPUTED,SINGLE,27,17,2.8247,6.6862,2.0,1793
0703002-0918-11-09-gnss_raw.txt,2436,443297.100,FINESTEERING,SOL_COMPUTED,SINGLE,27,17,2.6308,6.2323,1.1,1793
0703002-0918-11-09-gnss_raw.txt,2436,443297.200,FINESTEERING,SOL_COMPUTED,SINGLE,27,17,2.7117,6.4299,1.2,1793
0703002-0918-11-09-gnss_raw.txt,2436,443297.300,FINESTEERING,SOL_COMPUTED,SINGLE,27,17,2.8439,6.7475,1.3,1793
0703002-0918-11-09-gnss_raw.txt,2436,443297.400,FINESTEERING,SOL_COMPUTED,SINGLE,27,17,2.7922,6.6309,1.4,1793
0703002-0918-11-09-gnss_raw.txt,2436,443297.500,FINESTEERING,SOL_COMPUTED,SINGLE,27,17,2.6225,6.2323,1.5,1793
0703002-0918-11-09-gnss_raw.txt,2436,443297.600,FINESTEERING,SOL_COMPUTED,SINGLE,27,17,2.7688,6.5824,1.6,1793
0703002-0918-11-09-gnss_raw.txt,2436,443297.700,FINESTEERING,SOL_COMPUTED,SINGLE,27,15,3.052,7.2576,1.7,1793
0703002-0918-11-09-gnss_raw.txt,2436,443297.800,FINESTEERING,SOL_COMPUTED,SINGLE,27,16,2.9771,7.0834,1.8,1793
0703002-0918-11-09-gnss_raw.txt,2436,443297.900,FINESTEERING,SOL_COMPUTED,SINGLE,27,16,2.8466,6.7753,1.9,1793
0703002-0918-11-09-gnss_raw.txt,2436,443298.000,FINESTEERING,SOL_COMPUTED,SINGLE,27,15,2.8384,6.7589,2.0,1793
0703002-0918-11-09-gnss_raw.txt,2436,443298.100,FINESTEERING,SOL_COMPUTED,SINGLE,27,15,2.8157,6.7053,1.1,1793
0703002-0918-11-09-gnss_raw.txt,2436,443298.200,FINESTEERING,SOL_COMPUTED,SINGLE,27,15,3.052,7.2728,1.2,1793
0703002-0918-11-09-gnss_raw.txt,2436,443298.300,FINESTEERING,SOL_COMPUTED,SINGLE,27,15,3.3964,8.0954,1.3,1793
0703002-0918-11-09-gnss_raw.txt,2436,443298.400,FINESTEERING,SOL_COMPUTED,SINGLE,27,15,3.007,7.1686,1.4,1793
0703002-0918-11-09-gnss_raw.txt,2436,443298.500,FINESTEERING,SOL_COMPUTED,SINGLE,28,16,3.2091,7.6562,1.5,1793
0703002-0918-11-09-gnss_raw.txt,2436,443298.600,FINESTEERING,SOL_COMPUTED,SINGLE,28,15,3.2513,7.7628,1.6,1793
0703002-0918-11-09-gnss_raw.txt,2436,443298.700,FINESTEERING,SOL_COMPUTED,SINGLE,28,16,2.9305,7.0064,1.7,1793
0703002-0918-11-09-gnss_raw.txt,2436,443298.800,FINESTEERING,SOL_COMPUTED,SINGLE,28,15,2.7745,6.6339,0.8,1793
0703002-0918-11-09-gnss_raw.txt,2436,443298.900,FINESTEERING,SOL_COMPUTED,SINGLE,28,15,2.8408,6.8005,0.9,1793
0703002-0918-11-09-gnss_raw.txt,2436,443299.000,FINESTEERING,SOL_COMPUTED,SINGLE,28,16,2.9027,6.9574,1.0,1793
0703002-0918-11-09-gnss_raw.txt,2436,443299.100,FINESTEERING,SOL_COMPUTED,SINGLE,28,16,2.8708,6.8924,1.1,1793
0703002-0918-11-09-gnss_raw.txt,2436,443299.200,FINESTEERING,SOL_COMPUTED,SINGLE,28,16,2.828,6.7954,1.2,1793
0703002-0918-11-09-gnss_raw.txt,2436,443299.300,FINESTEERING,SOL_COMPUTED,SINGLE,28,16,2.6766,6.4386,1.3,1793
0703002-0918-11-09-gnss_raw.txt,2436,443299.400,FINESTEERING,SOL_COMPUTED,SINGLE,28,16,2.8946,6.9681,1.4,1793
0703002-0918-11-09-gnss_raw.txt,2436,443299.500,FINESTEERING,SOL_COMPUTED,SINGLE,28,16,2.8282,6.8179,1.5,1793
0703002-0918-11-09-gnss_raw.txt,2436,443299.600,FINESTEERING,SOL_COMPUTED,SINGLE,28,15,2.5187,6.0751,1.6,1793
0703002-0918-11-09-gnss_raw.txt,2436,443299.700,FINESTEERING,SOL_COMPUTED,SINGLE,28,15,2.8912,6.9789,1.7,1793
0703002-0918-11-09-gnss_raw.txt,2436,443299.800,FINESTEERING,SOL_COMPUTED,SINGLE,28,15,2.8782,6.959,1.8,1793
0703002-0918-11-09-gnss_raw.txt,2436,443299.900,FINESTEERING,SOL_COMPUTED,SINGLE,28,15,2.8981,7.0109,1.9,1793
0703002-0918-11-09-gnss_raw.txt,2436,443300.000,FINESTEERING,SOL_COMPUTED,SINGLE,28,16,2.8823,6.9783,1.0,1793
0703002-0918-11-09-gnss_raw.txt,2436,443300.100,FINESTEERING,SOL_COMPUTED,SINGLE,28,16,2.8159,6.8173,1.1,1793
0703002-0918-11-09-gnss_raw.txt,2436,443300.200,FINESTEERING,SOL_COMPUTED,SINGLE,28,16,2.9777,7.2124,1.2,1793
0703002-0918-11-09-gnss_raw.txt,2436,443300.300,FINESTEERING,SOL_COMPUTED,SINGLE,28,16,2.6094,6.328,1.3,1793
0703002-0918-11-09-gnss_raw.txt,2436,443300.400,FINESTEERING,SOL_COMPUTED,SINGLE,28,16,3.0611,7.4291,1.4,1793
0703002-0918-11-09-gnss_raw.txt,2436,443300.500,FINESTEERING,SOL_COMPUTED,SINGLE,28,16,2.7173,6.607,1.5,1793
0703002-0918-11-09-gnss_raw.txt,2436,443300.600,FINESTEERING,SOL_COMPUTED,SINGLE,28,16,2.7925,6.8007,1.6,1793
0703002-0918-11-09-gnss_raw.txt,2436,443300.700,FINESTEERING,SOL_COMPUTED,SINGLE,28,16,2.5776,6.2901,1.7,1793
0703002-0918-11-09-gnss_raw.txt,2436,443300.800,FINESTEERING,SOL_COMPUTED,SINGLE,28,16,3.0649,7.4916,1.8,1793
0703002-0918-11-09-gnss_raw.txt,2436,443300.900,FINESTEERING,SOL_COMPUTED,SINGLE,27,16,2.7493,6.7282,0.9,1793
0703002-0918-11-09-gnss_raw.txt,2436,443301.000,FINESTEERING,SOL_COMPUTED,SINGLE,27,15,2.5796,6.3202,1.0,1793
0703002-0918-11-09-gnss_raw.txt,2436,443301.100,FINESTEERING,SOL_COMPUTED,SINGLE,27,15,2.9887,7.331,1.1,1793
0703002-0918-11-09-gnss_raw.txt,2436,443301.200,FINESTEERING,SOL_COMPUTED,SINGLE,27,15,3.2303,7.9293,1.2,1793
0703002-0918-11-09-gnss_raw.txt,2436,443301.300,FINESTEERING,SOL_COMPUTED,SINGLE,27,16,2.6109,6.419,1.3,1793
0703002-0918-11-09-gnss_raw.txt,2436,443301.400,FINESTEERING,SOL_COMPUTED,SINGLE,27,15,2.737,6.7356,1.4,1793
0703002-0918-11-09-gnss_raw.txt,2436,443301.500,FINESTEERING,SOL_COMPUTED,SINGLE,27,15,2.6846,6.6114,1.5,1793
0703002-0918-11-09-gnss_raw.txt,2436,443301.600,FINESTEERING,SOL_COMPUTED,SINGLE,27,15,2.7911,6.8781,1.6,1793
0703002-0918-11-09-gnss_raw.txt,2436,443301.700,FINESTEERING,SOL_COMPUTED,SINGLE,27,15,2.57,6.3377,1.7,1793
0703002-0918-11-09-gnss_raw.txt,2436,443301.800,FINESTEERING,SOL_COMPUTED,SINGLE,27,16,2.6311,6.4972,1.8,1793
0703002-0918-11-09-gnss_raw.txt,2436,443301.900,FINESTEERING,SOL_COMPUTED,SINGLE,27,16,2.7658,6.8366,1.9,1793
0703002-0918-11-09-gnss_raw.txt,2436,443302.000,FINESTEERING,SOL_COMPUTED,SINGLE,27,16,2.7554,6.8159,1.0,1793
0703002-0918-11-09-gnss_raw.txt,2436,443302.100,FINESTEERING,SOL_COMPUTED,SINGLE,27,16,2.5949,6.4272,1.1,1793
0703002-0918-11-09-gnss_raw.txt,2436,443302.200,FINESTEERING,SOL_COMPUTED,SINGLE,27,16,2.5222,6.2519,1.2,1793
0703002-0918-11-09-gnss_raw.txt,2436,443302.300,FINESTEERING,SOL_COMPUTED,SINGLE,27,16,2.9193,7.2459,1.3,1793
0703002-0918-11-09-gnss_raw.txt,2436,443302.400,FINESTEERING,SOL_COMPUTED,SINGLE,27,16,2.6197,6.5091,1.4,1793
0703002-0918-11-09-gnss_raw.txt,2436,443302.500,FINESTEERING,SOL_COMPUTED,SINGLE,27,16,2.8353,7.052,1.5,1793
0703002-0918-11-09-gnss_raw.txt,2436,443302.600,FINESTEERING,SOL_COMPUTED,SINGLE,27,16,2.8114,7.0009,1.6,1793
0703002-0918-11-09-gnss_raw.txt,2436,443302.700,FINESTEERING,SOL_COMPUTED,SINGLE,27,16,2.8858,7.1927,1.7,1793
0703002-0918-11-09-gnss_raw.txt,2436,443302.800,FINESTEERING,SOL_COMPUTED,SINGLE,27,16,2.5835,6.4445,1.8,1793
0703002-0918-11-09-gnss_raw.txt,2436,443302.900,FINESTEERING,SOL_COMPUTED,SINGLE,27,16,2.5371,6.3367,1.9,1793
0703002-0918-11-09-gnss_raw.txt,2436,443303.000,FINESTEERING,SOL_COMPUTED,SINGLE,27,16,2.5281,6.3194,1.0,1793
0703002-0918-11-09-gnss_raw.txt,2436,443303.100,FINESTEERING,SOL_COMPUTED,SINGLE,27,15,2.4332,6.0885,1.1,1793
0703002-0918-11-09-gnss_raw.txt,2436,443303.200,FINESTEERING,SOL_COMPUTED,SINGLE,27,14,2.4573,6.1539,1.2,1793
0703002-0918-11-09-gnss_raw.txt,2436,443303.300,FINESTEERING,SOL_COMPUTED,SINGLE,27,15,2.4299,6.0879,1.3,1793
0703002-0918-11-09-gnss_raw.txt,2436,443303.400,FINESTEERING,SOL_COMPUTED,SINGLE,27,16,2.5291,6.343,1.4,1793
0703002-0918-11-09-gnss_raw.txt,2436,443303.500,FINESTEERING,SOL_COMPUTED,SINGLE,27,16,2.4246,6.086,1.5,1793
0703002-0918-11-09-gnss_raw.txt,2436,443303.600,FINESTEERING,SOL_COMPUTED,SINGLE,27,16,2.5555,6.4246,1.6,1793
0703002-0918-11-09-gnss_raw.txt,2436,443303.700,FINESTEERING,SOL_COMPUTED,SINGLE,27,15,2.4382,6.1409,1.7,1793
0703002-0918-11-09-gnss_raw.txt,2436,443303.800,FINESTEERING,SOL_COMPUTED,SINGLE,27,16,2.4236,6.1176,1.8,1793
0703002-0918-11-09-gnss_raw.txt,2436,443303.900,FINESTEERING,SOL_COMPUTED,SINGLE,27,15,3.0089,7.5987,1.9,1793
0703002-0918-11-09-gnss_raw.txt,2436,443304.000,FINESTEERING,SOL_COMPUTED,SINGLE,27,16,2.6734,6.7679,1.0,1793
0703002-0918-11-09-gnss_raw.txt,2436,443304.100,FINESTEERING,SOL_COMPUTED,SINGLE,27,16,2.3901,6.0658,1.1,1793
0703002-0918-11-09-gnss_raw.txt,2436,443304.200,FINESTEERING,SOL_COMPUTED,SINGLE,27,16,2.519,6.4228,1.2,1793
0703002-0918-11-09-gnss_raw.txt,2436,443304.300,FINESTEERING,SOL_COMPUTED,SINGLE,27,16,2.3983,6.1315,1.3,1793
0703002-0918-11-09-gnss_raw.txt,2436,443304.400,FINESTEERING,SOL_COMPUTED,SINGLE,27,16,2.4064,6.1709,1.4,1793
0703002-0918-11-09-gnss_raw.txt,2436,443304.500,FINESTEERING,SOL_COMPUTED,SINGLE,27,16,2.5774,6.6129,1.5,1793
0703002-0918-11-09-gnss_raw.txt,2436,443304.600,FINESTEERING,SOL_COMPUTED,SINGLE,27,16,2.4813,6.3651,1.6,1793
0703002-0918-11-09-gnss_raw.txt,2436,443304.700,FINESTEERING,SOL_COMPUTED,SINGLE,27,15,2.9638,7.6011,1.7,1793
0703002-0918-11-09-gnss_raw.txt,2436,443304.800,FINESTEERING,SOL_COMPUTED,SINGLE,27,16,2.4477,6.2815,1.8,1793
0703002-0918-11-09-gnss_raw.txt,2436,443304.900,FINESTEERING,SOL_COMPUTED,SINGLE,26,16,2.4732,6.3469,0.9,1793
0703002-0918-11-09-gnss_raw.txt,2436,443305.000,FINESTEERING,SOL_COMPUTED,SINGLE,26,16,2.5786,6.6176,1.0,1793
0703002-0918-11-09-gnss_raw.txt,2436,443305.100,FINESTEERING,SOL_COMPUTED,SINGLE,26,16,2.5148,6.463,1.1,1793
0703002-0918-11-09-gnss_raw.txt,2436,443305.200,FINESTEERING,SOL_COMPUTED,SINGLE,26,16,2.4608,6.3282,1.2,1793
0703002-0918-11-09-gnss_raw.txt,2436,443305.300,FINESTEERING,SOL_COMPUTED,SINGLE,26,16,2.4536,6.3154,1.3,1793
0703002-0918-11-09-gnss_raw.txt,2436,443305.400,FINESTEERING,SOL_COMPUTED,SINGLE,26,16,2.634,6.7847,1.4,1793
0703002-0918-11-09-gnss_raw.txt,2436,443305.500,FINESTEERING,SOL_COMPUTED,SINGLE,26,16,2.6753,6.9005,1.5,1793
0703002-0918-11-09-gnss_raw.txt,2436,443305.600,FINESTEERING,SOL_COMPUTED,SINGLE,26,16,2.6356,6.8028,1.6,1793
0703002-0918-11-09-gnss_raw.txt,2436,443305.700,FINESTEERING,SOL_COMPUTED,SINGLE,26,15,2.3876,6.1648,1.7,1793
0703002-0918-11-09-gnss_raw.txt,2436,443305.800,FINESTEERING,SOL_COMPUTED,SINGLE,26,16,2.6575,6.8583,1.8,1793
0703002-0918-11-09-gnss_raw.txt,2436,443305.900,FINESTEERING,SOL_COMPUTED,SINGLE,27,16,2.4958,6.4408,1.9,1793
0703002-0918-11-09-gnss_raw.txt,2436,443306.000,FINESTEERING,SOL_COMPUTED,SINGLE,27,16,2.5029,6.4557,1.0,1793
0703002-0918-11-09-gnss_raw.txt,2436,443306.100,FINESTEERING,SOL_COMPUTED,SINGLE,27,16,2.2733,5.8743,1.1,1793
0703002-0918-11-09-gnss_raw.txt,2436,443306.200,FINESTEERING,SOL_COMPUTED,SINGLE,27,16,2.7694,7.16,1.2,1793
0703002-0918-11-09-gnss_raw.txt,2436,443306.300,FINESTEERING,SOL_COMPUTED,SINGLE,27,16,2.3712,6.1294,1.3,1793
0703002-0918-11-09-gnss_raw.txt,2436,443306.400,FINESTEERING,SOL_COMPUTED,SINGLE,27,16,2.3329,6.0287,1.4,1793
0703002-0918-11-09-gnss_raw.txt,2436,443306.500,FINESTEERING,SOL_COMPUTED,SINGLE,27,16,2.4851,6.4169,1.5,1793
0703002-0918-11-09-gnss_raw.txt,2436,443306.600,FINESTEERING,SOL_COMPUTED,SINGLE,27,16,2.7026,6.9753,1.6,1793
0703002-0918-11-09-gnss_raw.txt,2436,443306.700,FINESTEERING,SOL_COMPUTED,SINGLE,27,16,2.3498,6.0622,1.7,1793
0703002-0918-11-09-gnss_raw.txt,2436,443306.800,FINESTEERING,SOL_COMPUTED,SINGLE,27,14,2.1852,5.6326,1.8,1793
0703002-0918-11-09-gnss_raw.txt,2436,443306.900,FINESTEERING,SOL_COMPUTED,SINGLE,27,15,2.578,6.6393,1.9,1793
0703002-0918-11-09-gnss_raw.txt,2436,443307.000,FINESTEERING,SOL_COMPUTED,SINGLE,27,15,3.0084,7.7431,2.0,1793
0703002-0918-11-09-gnss_raw.txt,2436,443307.100,FINESTEERING,SOL_COMPUTED,SINGLE,27,15,2.7626,7.1044,2.1,1793
0703002-0918-11-09-gnss_raw.txt,2436,443307.200,FINESTEERING,SOL_COMPUTED,SINGLE,27,15,2.6075,6.6986,2.2,1793
0703002-0918-11-09-gnss_raw.txt,2436,443307.300,FINESTEERING,SOL_COMPUTED,SINGLE,27,15,2.6146,6.7083,2.3,1793
0703002-0918-11-09-gnss_raw.txt,2436,443307.400,FINESTEERING,SOL_COMPUTED,SINGLE,27,15,2.7081,6.9407,2.4,1793
0703002-0918-11-09-gnss_raw.txt,2436,443307.500,FINESTEERING,SOL_COMPUTED,SINGLE,27,15,2.6658,6.8232,2.5,1793
0703002-0918-11-09-gnss_raw.txt,2436,443307.600,FINESTEERING,SOL_COMPUTED,SINGLE,27,15,2.7227,6.9612,2.6,1793
0703002-0918-11-09-gnss_raw.txt,2436,443307.700,FINESTEERING,SOL_COMPUTED,SINGLE,27,15,2.4204,6.1825,2.7,1793
0703002-0918-11-09-gnss_raw.txt,2436,443307.800,FINESTEERING,SOL_COMPUTED,SINGLE,27,15,2.8193,7.1939,2.8,1793
0703002-0918-11-09-gnss_raw.txt,2436,443307.900,FINESTEERING,SOL_COMPUTED,SINGLE,27,16,2.8646,7.3049,2.9,1793
0703002-0918-11-09-gnss_raw.txt,2436,443308.000,FINESTEERING,SOL_COMPUTED,SINGLE,27,15,3.0259,7.7119,3.0,1793
0703002-0918-11-09-gnss_raw.txt,2436,443308.100,FINESTEERING,SOL_COMPUTED,SINGLE,27,15,3.1588,8.0427,3.1,1793
0703002-0918-11-09-gnss_raw.txt,2436,443308.200,FINESTEERING,SOL_COMPUTED,SINGLE,27,15,2.9127,7.4173,3.2,1793
0703002-0918-11-09-gnss_raw.txt,2436,443308.300,FINESTEERING,SOL_COMPUTED,SINGLE,27,14,2.7453,6.9915,3.3,1793
0703002-0918-11-09-gnss_raw.txt,2436,443308.400,FINESTEERING,SOL_COMPUTED,SINGLE,27,15,2.6496,6.7502,3.4,1793
0703002-0918-11-09-gnss_raw.txt,2436,443308.500,FINESTEERING,SOL_COMPUTED,SINGLE,27,15,2.4341,6.2035,3.5,1793
0703002-0918-11-09-gnss_raw.txt,2436,443308.600,FINESTEERING,SOL_COMPUTED,SINGLE,27,14,2.4571,6.261,3.6,1793
0703002-0918-11-09-gnss_raw.txt,2436,443308.700,FINESTEERING,SOL_COMPUTED,SINGLE,27,14,2.8089,7.1577,3.7,1793
0703002-0918-11-09-gnss_raw.txt,2436,443308.800,FINESTEERING,SOL_COMPUTED,SINGLE,27,14,2.9247,7.4524,3.8,1793
0703002-0918-11-09-gnss_raw.txt,2436,443308.900,FINESTEERING,SOL_COMPUTED,SINGLE,27,14,2.534,6.4554,3.9,1793
0703002-0918-11-09-gnss_raw.txt,2436,443309.000,FINESTEERING,SOL_COMPUTED,SINGLE,27,14,3.1008,7.8969,4.0,1793
0703002-0918-11-09-gnss_raw.txt,2436,443309.100,FINESTEERING,SOL_COMPUTED,SINGLE,27,14,3.1841,8.1101,4.1,1793
0703002-0918-11-09-gnss_raw.txt,2436,443309.200,FINESTEERING,SOL_COMPUTED,SINGLE,27,14,2.9484,7.5046,4.2,1793
0703002-0918-11-09-gnss_raw.txt,2436,443309.300,FINESTEERING,SOL_COMPUTED,SINGLE,27,15,2.8621,7.2846,4.3,1793
0703002-0918-11-09-gnss_raw.txt,2436,443309.400,FINESTEERING,SOL_COMPUTED,SINGLE,27,15,2.9859,7.6011,4.4,1793
0703002-0918-11-09-gnss_raw.txt,2436,443309.500,FINESTEERING,SOL_COMPUTED,SINGLE,27,15,2.8709,7.3086,4.5,1793
0703002-0918-11-09-gnss_raw.txt,2436,443309.600,FINESTEERING,SOL_COMPUTED,SINGLE,27,15,2.7535,7.0096,4.6,1793
0703002-0918-11-09-gnss_raw.txt,2436,443309.700,FINESTEERING,SOL_COMPUTED,SINGLE,27,15,2.8573,7.2727,4.7,1793
0703002-0918-11-09-gnss_raw.txt,2436,443309.800,FINESTEERING,SOL_COMPUTED,SINGLE,27,15,2.5605,6.5145,4.8,1793
0703002-0918-11-09-gnss_raw.txt,2436,443309.900,FINESTEERING,SOL_COMPUTED,SINGLE,28,14,2.5582,6.5087,4.9,1793
0703002-0918-11-09-gnss_raw.txt,2436,443310.000,FINESTEERING,SOL_COMPUTED,SINGLE,28,15,2.7921,7.1058,4.0,1793
0703002-0918-11-09-gnss_raw.txt,2436,443310.100,FINESTEERING,SOL_COMPUTED,SINGLE,28,16,2.9404,7.4868,4.1,1793
0703002-0918-11-09-gnss_raw.txt,2436,443310.200,FINESTEERING,SOL_COMPUTED,SINGLE,28,16,3.0584,7.7919,4.2,1793
0703002-0918-11-09-gnss_raw.txt,2436,443310.300,FINESTEERING,SOL_COMPUTED,SINGLE,28,15,2.967,7.5648,4.3,1793
0703002-0918-11-09-gnss_raw.txt,2436,443310.400,FINESTEERING,SOL_COMPUTED,SINGLE,29,15,2.8155,7.1794,3.4,1793
0703002-0918-11-09-gnss_raw.txt,2436,443310.500,FINESTEERING,SOL_COMPUTED,SINGLE,29,15,3.028,7.7246,3.5,1793
0703002-0918-11-09-gnss_raw.txt,2436,443310.600,FINESTEERING,SOL_COMPUTED,SINGLE,29,15,3.0213,7.7098,3.6,1793
0703002-0918-11-09-gnss_raw.txt,2436,443310.700,FINESTEERING,SOL_COMPUTED,SINGLE,29,15,2.7011,6.8947,3.7,1793
0703002-0918-11-09-gnss_raw.txt,2436,443310.800,FINESTEERING,SOL_COMPUTED,SINGLE,29,17,3.1203,7.9711,2.8,1793
0703002-0918-11-09-gnss_raw.txt,2436,443310.900,FINESTEERING,SOL_COMPUTED,SINGLE,29,17,2.9517,7.5473,2.9,1793
0703002-0918-11-09-gnss_raw.txt,2436,443311.000,FINESTEERING,SOL_COMPUTED,SINGLE,28,17,2.7934,7.1409,3.0,1793
0703002-0918-11-09-gnss_raw.txt,2436,443311.100,FINESTEERING,SOL_COMPUTED,SINGLE,28,16,2.7707,7.0799,3.1,1793
0703002-0918-11-09-gnss_raw.txt,2436,443311.200,FINESTEERING,SOL_COMPUTED,SINGLE,28,16,3.0992,7.915,2.2,1793
0703002-0918-11-09-gnss_raw.txt,2436,443311.300,FINESTEERING,SOL_COMPUTED,SINGLE,28,16,3.1514,8.0523,2.3,1793
0703002-0918-11-09-gnss_raw.txt,2436,443311.400,FINESTEERING,SOL_COMPUTED,SINGLE,28,16,2.7669,7.0741,2.4,1793
0703002-0918-11-09-gnss_raw.txt,2436,443311.500,FINESTEERING,SOL_COMPUTED,SINGLE,28,16,2.8866,7.3839,2.5,1793
0703002-0918-11-09-gnss_raw.txt,2436,443311.600,FINESTEERING,SOL_COMPUTED,SINGLE,28,16,2.6663,6.8214,1.6,1793
0703002-0918-11-09-gnss_raw.txt,2436,443311.700,FINESTEERING,SOL_COMPUTED,SINGLE,28,16,2.4859,6.3632,1.7,1793
0703002-0918-11-09-gnss_raw.txt,2436,443311.800,FINESTEERING,SOL_COMPUTED,SINGLE,28,16,2.8051,7.1806,1.8,1793
0703002-0918-11-09-gnss_raw.txt,2436,443311.900,FINESTEERING,SOL_COMPUTED,SINGLE,29,17,2.6833,6.8706,1.9,1793
0703002-0918-11-09-gnss_raw.txt,2436,443312.000,FINESTEERING,SOL_COMPUTED,SINGLE,29,17,2.6874,6.886,1.0,1793
0703002-0918-11-09-gnss_raw.txt,2436,443312.100,FINESTEERING,SOL_COMPUTED,SINGLE,29,17,2.8159,7.2182,1.1,1793
0703002-0918-11-09-gnss_raw.txt,2436,443312.200,FINESTEERING,SOL_COMPUTED,SINGLE,29,17,2.8207,7.2309,1.2,1793
0703002-0918-11-09-gnss_raw.txt,2436,443312.300,FINESTEERING,SOL_COMPUTED,SINGLE,29,16,3.0342,7.7764,1.3,1793
0703002-0918-11-09-gnss_raw.txt,2436,443312.400,FINESTEERING,SOL_COMPUTED,SINGLE,29,16,3.0264,7.7512,1.4,1793
0703002-0918-11-09-gnss_raw.txt,2436,443312.500,FINESTEERING,SOL_COMPUTED,SINGLE,29,16,3.1074,7.958,1.5,1793
0703002-0918-11-09-gnss_raw.txt,2436,443312.600,FINESTEERING,SOL_COMPUTED,SINGLE,29,16,2.7678,7.0838,1.6,1793
0703002-0918-11-09-gnss_raw.txt,2436,443312.700,FINESTEERING,SOL_COMPUTED,SINGLE,29,16,3.1382,8.0297,1.7,1793
0703002-0918-11-09-gnss_raw.txt,2436,443312.800,FINESTEERING,SOL_COMPUTED,SINGLE,28,16,2.9507,7.5434,1.8,1793
0703002-0918-11-09-gnss_raw.txt,2436,443312.900,FINESTEERING,SOL_COMPUTED,SINGLE,28,15,3.1303,7.9925,1.9,1793
0703002-0918-11-09-gnss_raw.txt,2436,443313.000,FINESTEERING,SOL_COMPUTED,SINGLE,28,14,2.8868,7.3616,2.0,1793
0703002-0918-11-09-gnss_raw.txt,2436,443313.100,FINESTEERING,SOL_COMPUTED,SINGLE,28,16,3.0081,7.6732,1.1,1793
0703002-0918-11-09-gnss_raw.txt,2436,443313.200,FINESTEERING,SOL_COMPUTED,SINGLE,28,16,3.0805,7.8601,1.2,1793
0703002-0918-11-09-gnss_raw.txt,2436,443313.300,FINESTEERING,SOL_COMPUTED,SINGLE,28,16,3.1262,7.9729,1.3,1793
0703002-0918-11-09-gnss_raw.txt,2436,443313.400,FINESTEERING,SOL_COMPUTED,SINGLE,29,16,3.1126,7.9359,1.4,1793
0703002-0918-11-09-gnss_raw.txt,2436,443313.500,FINESTEERING,SOL_COMPUTED,SINGLE,29,16,3.3386,8.5089,1.5,1793
0703002-0918-11-09-gnss_raw.txt,2436,443313.600,FINESTEERING,SOL_COMPUTED,SINGLE,29,16,2.8763,7.3475,1.6,1793
0703002-0918-11-09-gnss_raw.txt,2436,443313.700,FINESTEERING,SOL_COMPUTED,SINGLE,29,16,2.8393,7.2697,1.7,1793
0703002-0918-11-09-gnss_raw.txt,2436,443313.800,FINESTEERING,SOL_COMPUTED,SINGLE,29,16,3.0657,7.8542,1.8,1793
0703002-0918-11-09-gnss_raw.txt,2436,443313.900,FINESTEERING,SOL_COMPUTED,SINGLE,29,16,3.1331,8.0427,0.9,1793
0703002-0918-11-09-gnss_raw.txt,2436,443314.000,FINESTEERING,SOL_COMPUTED,SINGLE,29,17,3.2794,8.4371,1.0,1793
0703002-0918-11-09-gnss_raw.txt,2436,443314.100,FINESTEERING,SOL_COMPUTED,SINGLE,29,17,2.9918,7.7102,1.1,1793
0703002-0918-11-09-gnss_raw.txt,2436,443314.200,FINESTEERING,SOL_COMPUTED,SINGLE,29,16,3.2225,8.3174,1.2,1793
0703002-0918-11-09-gnss_raw.txt,2436,443314.300,FINESTEERING,SOL_COMPUTED,SINGLE,29,15,3.1835,8.2299,1.3,1793
0703002-0918-11-09-gnss_raw.txt,2436,443314.400,FINESTEERING,SOL_COMPUTED,SINGLE,29,15,3.0588,7.9185,1.4,1793
0703002-0918-11-09-gnss_raw.txt,2436,443314.500,FINESTEERING,SOL_COMPUTED,SINGLE,29,16,2.8126,7.2933,1.5,1793
0703002-0918-11-09-gnss_raw.txt,2436,443314.600,FINESTEERING,SOL_COMPUTED,SINGLE,29,15,2.4799,6.4365,1.6,1793
0703002-0918-11-09-gnss_raw.txt,2436,443314.700,FINESTEERING,SOL_COMPUTED,SINGLE,28,14,2.7579,7.161,1.7,1793
0703002-0918-11-09-gnss_raw.txt,2436,443314.800,FINESTEERING,SOL_COMPUTED,SINGLE,27,13,2.8952,7.5213,1.8,1793
0703002-0918-11-09-gnss_raw.txt,2436,443314.900,FINESTEERING,SOL_COMPUTED,SINGLE,27,15,2.7447,7.135,1.9,1793
0703002-0918-11-09-gnss_raw.txt,2436,443315.000,FINESTEERING,SOL_COMPUTED,SINGLE,27,15,2.6577,6.912,2.0,1793
0703002-0918-11-09-gnss_raw.txt,2436,443315.100,FINESTEERING,SOL_COMPUTED,SINGLE,27,15,2.8736,7.478,1.1,1793
0703002-0918-11-09-gnss_raw.txt,2436,443315.200,FINESTEERING,SOL_COMPUTED,SINGLE,27,15,2.6091,6.7963,1.2,1793
0703002-0918-11-09-gnss_raw.txt,2436,443315.300,FINESTEERING,SOL_COMPUTED,SINGLE,27,15,2.7336,7.1286,1.3,1793
0703002-0918-11-09-gnss_raw.txt,2436,443315.400,FINESTEERING,SOL_COMPUTED,SINGLE,27,15,2.7178,7.0886,1.4,1793
0703002-0918-11-09-gnss_raw.txt,2436,443315.500,FINESTEERING,SOL_COMPUTED,SINGLE,27,16,2.5466,6.6419,1.5,1793
0703002-0918-11-09-gnss_raw.txt,2436,443315.600,FINESTEERING,SOL_COMPUTED,SINGLE,27,16,2.8099,7.3289,1.6,1793
0703002-0918-11-09-gnss_raw.txt,2436,443315.700,FINESTEERING,SOL_COMPUTED,SINGLE,28,16,2.5174,6.567,1.7,1793
0703002-0918-11-09-gnss_raw.txt,2436,443315.800,FINESTEERING,SOL_COMPUTED,SINGLE,28,17,2.6689,6.9619,1.8,1793
0703002-0918-11-09-gnss_raw.txt,2436,443315.900,FINESTEERING,SOL_COMPUTED,SINGLE,28,17,2.6794,6.9897,0.9,1793
0703002-0918-11-09-gnss_raw.txt,2436,443316.000,FINESTEERING,SOL_COMPUTED,SINGLE,28,17,2.8508,7.4375,1.0,1793
0703002-0918-11-09-gnss_raw.txt,2436,443316.100,FINESTEERING,SOL_COMPUTED,SINGLE,28,16,2.8339,7.3936,1.1,1793
0703002-0918-11-09-gnss_raw.txt,2436,443316.200,FINESTEERING,SOL_COMPUTED,SINGLE,28,16,2.7556,7.1908,1.2,1793
0703002-0918-11-09-gnss_raw.txt,2436,443316.300,FINESTEERING,SOL_COMPUTED,SINGLE,28,16,2.9864,7.7965,1.3,1793
0703002-0918-11-09-gnss_raw.txt,2436,443316.400,FINESTEERING,SOL_COMPUTED,SINGLE,28,17,2.9596,7.7336,1.4,1793
0703002-0918-11-09-gnss_raw.txt,2436,443316.500,FINESTEERING,SOL_COMPUTED,SINGLE,28,17,2.6837,7.0162,1.5,1793
0703002-0918-11-09-gnss_raw.txt,2436,443316.600,FINESTEERING,SOL_COMPUTED,SINGLE,28,17,2.6419,6.9093,1.6,1793
0703002-0918-11-09-gnss_raw.txt,2436,443316.700,FINESTEERING,SOL_COMPUTED,SINGLE,28,16,2.6055,6.8099,1.7,1793
0703002-0918-11-09-gnss_raw.txt,2436,443316.800,FINESTEERING,SOL_COMPUTED,SINGLE,28,16,2.393,6.2574,1.8,1793
0703002-0918-11-09-gnss_raw.txt,2436,443316.900,FINESTEERING,SOL_COMPUTED,SINGLE,28,16,2.7298,7.138,1.9,1793
0703002-0918-11-09-gnss_raw.txt,2436,443317.000,FINESTEERING,SOL_COMPUTED,SINGLE,28,18,2.8911,7.5611,1.0,1793
0703002-0918-11-09-gnss_raw.txt,2436,443317.100,FINESTEERING,SOL_COMPUTED,SINGLE,28,17,2.8737,7.5219,1.1,1793
0703002-0918-11-09-gnss_raw.txt,2436,443317.200,FINESTEERING,SOL_COMPUTED,SINGLE,28,17,3.1822,8.3288,1.2,1793
0703002-0918-11-09-gnss_raw.txt,2436,443317.300,FINESTEERING,SOL_COMPUTED,SINGLE,28,17,3.403,8.9071,1.3,1793
0703002-0918-11-09-gnss_raw.txt,2436,443317.400,FINESTEERING,SOL_COMPUTED,SINGLE,28,17,3.1094,8.1372,1.4,1793
0703002-0918-11-09-gnss_raw.txt,2436,443317.500,FINESTEERING,SOL_COMPUTED,SINGLE,28,17,3.0214,7.9056,1.5,1793
0703002-0918-11-09-gnss_raw.txt,2436,443317.600,FINESTEERING,SOL_COMPUTED,SINGLE,28,16,2.6334,6.8858,1.6,1793
0703002-0918-11-09-gnss_raw.txt,2436,443317.700,FINESTEERING,SOL_COMPUTED,SINGLE,28,17,2.5282,6.6096,1.7,1793
0703002-0918-11-09-gnss_raw.txt,2436,443317.800,FINESTEERING,SOL_COMPUTED,SINGLE,28,17,2.5712,6.7217,0.8,1793
0703002-0918-11-09-gnss_raw.txt,2436,443317.900,FINESTEERING,SOL_COMPUTED,SINGLE,28,17,2.6348,6.8872,0.9,1793
0703002-0918-11-09-gnss_raw.txt,2436,443318.000,FINESTEERING,SOL_COMPUTED,SINGLE,28,17,2.575,6.7304,1.0,1793
0703002-0918-11-09-gnss_raw.txt,2436,443318.100,FINESTEERING,SOL_COMPUTED,SINGLE,28,17,2.5581,6.6887,1.1,1793
0703002-0918-11-09-gnss_raw.txt,2436,443318.200,FINESTEERING,SOL_COMPUTED,SINGLE,28,16,2.5556,6.6843,1.2,1793
0703002-0918-11-09-gnss_raw.txt,2436,443318.300,FINESTEERING,SOL_COMPUTED,SINGLE,28,15,2.5849,6.7615,1.3,1793
0703002-0918-11-09-gnss_raw.txt,2436,443318.400,FINESTEERING,SOL_COMPUTED,SINGLE,28,15,2.5147,6.581,1.4,1793
0703002-0918-11-09-gnss_raw.txt,2436,443318.500,FINESTEERING,SOL_COMPUTED,SINGLE,28,16,2.4203,6.3351,1.5,1793
0703002-0918-11-09-gnss_raw.txt,2436,443318.600,FINESTEERING,SOL_COMPUTED,SINGLE,28,17,3.0023,7.8611,1.6,1793
0703002-0918-11-09-gnss_raw.txt,2436,443318.700,FINESTEERING,SOL_COMPUTED,SINGLE,28,17,3.2215,8.44,1.7,1793
0703002-0918-11-09-gnss_raw.txt,2436,443318.800,FINESTEERING,SOL_COMPUTED,SINGLE,28,17,3.1877,8.3522,1.8,1793
0703002-0918-11-09-gnss_raw.txt,2436,443318.900,FINESTEERING,SOL_COMPUTED,SINGLE,28,17,3.3831,8.866,0.9,1793
0703002-0918-11-09-gnss_raw.txt,2436,443319.000,FINESTEERING,SOL_COMPUTED,SINGLE,28,17,3.1503,8.2539,1.0,1793
0703002-0918-11-09-gnss_raw.txt,2436,443319.100,FINESTEERING,SOL_COMPUTED,SINGLE,28,16,3.1048,8.1293,1.1,1793
0703002-0918-11-09-gnss_raw.txt,2436,443319.200,FINESTEERING,SOL_COMPUTED,SINGLE,28,17,2.9587,7.7473,1.2,1793
0703002-0918-11-09-gnss_raw.txt,2436,443319.300,FINESTEERING,SOL_COMPUTED,SINGLE,28,17,2.8909,7.5622,1.3,1793
0703002-0918-11-09-gnss_raw.txt,2436,443319.400,FINESTEERING,SOL_COMPUTED,SINGLE,28,17,3.1707,8.2964,1.4,1793
0703002-0918-11-09-gnss_raw.txt,2436,443319.500,FINESTEERING,SOL_COMPUTED,SINGLE,28,18,3.0458,7.9675,1.5,1793
0703002-0918-11-09-gnss_raw.txt,2436,443319.600,FINESTEERING,SOL_COMPUTED,SINGLE,28,17,2.61,6.8313,1.6,1793
0703002-0918-11-09-gnss_raw.txt,2436,443319.700,FINESTEERING,SOL_COMPUTED,SINGLE,28,18,2.8886,7.5642,1.7,1793
0703002-0918-11-09-gnss_raw.txt,2436,443319.800,FINESTEERING,SOL_COMPUTED,SINGLE,28,18,2.8956,7.581,1.8,1793
0703002-0918-11-09-gnss_raw.txt,2436,443319.900,FINESTEERING,SOL_COMPUTED,SINGLE,28,15,2.7742,7.2596,1.9,1793
0703002-0918-11-09-gnss_raw.txt,2436,443320.000,FINESTEERING,SOL_COMPUTED,SINGLE,28,17,3.7308,9.7583,1.0,1793
0703002-0918-11-09-gnss_raw.txt,2436,443320.100,FINESTEERING,SOL_COMPUTED,SINGLE,28,17,3.4399,8.995,1.1,1793
0703002-0918-11-09-gnss_raw.txt,2436,443320.200,FINESTEERING,SOL_COMPUTED,SINGLE,28,17,3.8294,10.0109,1.2,1793
0703002-0918-11-09-gnss_raw.txt,2436,443320.300,FINESTEERING,SOL_COMPUTED,SINGLE,28,17,3.4778,9.0902,1.3,1793
0703002-0918-11-09-gnss_raw.txt,2436,443320.400,FINESTEERING,SOL_COMPUTED,SINGLE,28,16,3.2045,8.3741,1.4,1793
0703002-0918-11-09-gnss_raw.txt,2436,443320.500,FINESTEERING,SOL_COMPUTED,SINGLE,28,16,3.3629,8.7891,1.5,1793
0703002-0918-11-09-gnss_raw.txt,2436,443320.600,FINESTEERING,SOL_COMPUTED,SINGLE,28,16,2.8356,7.4147,1.6,1793
0703002-0918-11-09-gnss_raw.txt,2436,443320.700,FINESTEERING,SOL_COMPUTED,SINGLE,28,15,3.3441,8.7397,0.7,1793
0703002-0918-11-09-gnss_raw.txt,2436,443320.800,FINESTEERING,SOL_COMPUTED,SINGLE,28,15,2.5151,6.5764,0.8,1793
0703002-0918-11-09-gnss_raw.txt,2436,443320.900,FINESTEERING,SOL_COMPUTED,SINGLE,28,15,3.248,8.4876,0.9,1793
0703002-0918-11-09-gnss_raw.txt,2436,443321.000,FINESTEERING,SOL_COMPUTED,SINGLE,28,15,2.8753,7.5088,1.0,1793
0703002-0918-11-09-gnss_raw.txt,2436,443321.100,FINESTEERING,SOL_COMPUTED,SINGLE,28,19,2.5683,6.7069,1.1,1793
0703002-0918-11-09-gnss_raw.txt,2436,443321.200,FINESTEERING,SOL_COMPUTED,SINGLE,28,19,2.647,6.9134,1.2,1793
0703002-0918-11-09-gnss_raw.txt,2436,443321.300,FINESTEERING,SOL_COMPUTED,SINGLE,28,19,3.2296,8.434,1.3,1793
0703002-0918-11-09-gnss_raw.txt,2436,443321.400,FINESTEERING,SOL_COMPUTED,SINGLE,28,19,2.9962,7.8242,1.4,1793
0703002-0918-11-09-gnss_raw.txt,2436,443321.500,FINESTEERING,SOL_COMPUTED,SINGLE,28,19,3.4313,8.9613,1.5,1793
0703002-0918-11-09-gnss_raw.txt,2436,443321.600,FINESTEERING,SOL_COMPUTED,SINGLE,28,19,3.3944,8.8651,1.6,1793
0703002-0918-11-09-gnss_raw.txt,2436,443321.700,FINESTEERING,SOL_COMPUTED,SINGLE,28,18,2.8227,7.3717,1.7,1793
0703002-0918-11-09-gnss_raw.txt,2436,443321.800,FINESTEERING,SOL_COMPUTED,SINGLE,28,19,2.7756,7.2488,1.8,1793
0703002-0918-11-09-gnss_raw.txt,2436,443321.900,FINESTEERING,SOL_COMPUTED,SINGLE,28,19,2.8941,7.5594,1.9,1793
0703002-0918-11-09-gnss_raw.txt,2436,443322.000,FINESTEERING,SOL_COMPUTED,SINGLE,28,19,2.9304,7.6549,1.0,1793
0703002-0918-11-09-gnss_raw.txt,2436,443322.100,FINESTEERING,SOL_COMPUTED,SINGLE,28,19,2.8349,7.4062,1.1,1793
0703002-0918-11-09-gnss_raw.txt,2436,443322.200,FINESTEERING,SOL_COMPUTED,SINGLE,28,19,3.0358,7.9311,1.2,1793
0703002-0918-11-09-gnss_raw.txt,2436,443322.300,FINESTEERING,SOL_COMPUTED,SINGLE,28,19,2.9721,7.7687,1.3,1793
0703002-0918-11-09-gnss_raw.txt,2436,443322.400,FINESTEERING,SOL_COMPUTED,SINGLE,28,19,3.1035,8.1164,1.4,1793
0703002-0918-11-09-gnss_raw.txt,2436,443322.500,FINESTEERING,SOL_COMPUTED,SINGLE,28,14,3.0707,8.0298,1.5,1793
0703002-0918-11-09-gnss_raw.txt,2436,443322.600,FINESTEERING,SOL_COMPUTED,SINGLE,28,14,3.2224,8.4189,1.6,1793
0703002-0918-11-09-gnss_raw.txt,2436,443322.700,FINESTEERING,SOL_COMPUTED,SINGLE,28,19,2.7895,7.2891,1.7,1793
0703002-0918-11-09-gnss_raw.txt,2436,443322.800,FINESTEERING,SOL_COMPUTED,SINGLE,28,14,2.7806,7.2638,1.8,1793
0703002-0918-11-09-gnss_raw.txt,2436,443322.900,FINESTEERING,SOL_COMPUTED,SINGLE,28,15,3.0591,7.9858,1.9,1793
0703002-0918-11-09-gnss_raw.txt,2436,443323.000,FINESTEERING,SOL_COMPUTED,SINGLE,28,15,3.109,8.1062,2.0,1793
0703002-0918-11-09-gnss_raw.txt,2436,443323.100,FINESTEERING,SOL_COMPUTED,SINGLE,28,14,2.8986,7.5476,1.1,1793
0703002-0918-11-09-gnss_raw.txt,2436,443323.200,FINESTEERING,SOL_COMPUTED,SINGLE,28,15,3.1088,8.0869,1.2,1793
0703002-0918-11-09-gnss_raw.txt,2436,443323.300,FINESTEERING,SOL_COMPUTED,SINGLE,28,15,2.8642,7.4427,1.3,1793
0703002-0918-11-09-gnss_raw.txt,2436,443323.400,FINESTEERING,SOL_COMPUTED,SINGLE,28,16,2.6678,6.9247,1.4,1793
0703002-0918-11-09-gnss_raw.txt,2436,443323.500,FINESTEERING,SOL_COMPUTED,SINGLE,28,16,2.7246,7.0665,1.5,1793
0703002-0918-11-09-gnss_raw.txt,2436,443323.600,FINESTEERING,SOL_COMPUTED,SINGLE,28,16,2.7706,7.1834,1.6,1793
0703002-0918-11-09-gnss_raw.txt,2436,443323.700,FINESTEERING,SOL_COMPUTED,SINGLE,28,16,3.0811,7.9863,1.7,1793
0703002-0918-11-09-gnss_raw.txt,2436,443323.800,FINESTEERING,SOL_COMPUTED,SINGLE,28,15,2.8372,7.3548,0.8,1793
0703002-0918-11-09-gnss_raw.txt,2436,443323.900,FINESTEERING,SOL_COMPUTED,SINGLE,28,16,2.8752,7.4546,0.9,1793
0703002-0918-11-09-gnss_raw.txt,2436,443324.000,FINESTEERING,SOL_COMPUTED,SINGLE,28,17,2.5885,6.7114,1.0,1793
0703002-0918-11-09-gnss_raw.txt,2436,443324.100,FINESTEERING,SOL_COMPUTED,SINGLE,28,17,2.7067,7.0128,1.1,1793
0703002-0918-11-09-gnss_raw.txt,2436,443324.200,FINESTEERING,SOL_COMPUTED,SINGLE,28,17,2.5655,6.6497,1.2,1793
0703002-0918-11-09-gnss_raw.txt,2436,443324.300,FINESTEERING,SOL_COMPUTED,SINGLE,28,17,2.7126,7.029,1.3,1793
0703002-0918-11-09-gnss_raw.txt,2436,443324.400,FINESTEERING,SOL_COMPUTED,SINGLE,28,17,2.6084,6.7625,1.4,1793
0703002-0918-11-09-gnss_raw.txt,2436,443324.500,FINESTEERING,SOL_COMPUTED,SINGLE,28,17,2.6521,6.8735,1.5,1793
0703002-0918-11-09-gnss_raw.txt,2436,443324.600,FINESTEERING,SOL_COMPUTED,SINGLE,28,17,2.7667,7.1721,1.6,1793
0703002-0918-11-09-gnss_raw.txt,2436,443324.700,FINESTEERING,SOL_COMPUTED,SINGLE,28,17,2.6193,6.7894,1.7,1793
0703002-0918-11-09-gnss_raw.txt,2436,443324.800,FINESTEERING,SOL_COMPUTED,SINGLE,28,16,2.3923,6.1973,0.8,1793
0703002-0918-11-09-gnss_raw.txt,2436,443324.900,FINESTEERING,SOL_COMPUTED,SINGLE,28,16,2.7984,7.2458,0.9,1793
0703002-0918-11-09-gnss_raw.txt,2436,443325.000,FINESTEERING,SOL_COMPUTED,SINGLE,28,16,2.6948,6.9758,1.0,1793
0703002-0918-11-09-gnss_raw.txt,2436,443325.100,FINESTEERING,SOL_COMPUTED,SINGLE,28,16,2.6228,6.7842,1.1,1793
0703002-0918-11-09-gnss_raw.txt,2436,443325.200,FINESTEERING,SOL_COMPUTED,SINGLE,28,16,2.6151,6.7619,1.2,1793
0703002-0918-11-09-gnss_raw.txt,2436,443325.300,FINESTEERING,SOL_COMPUTED,SINGLE,28,16,2.564,6.6293,1.3,1793
0703002-0918-11-09-gnss_raw.txt,2436,443325.400,FINESTEERING,SOL_COMPUTED,SINGLE,28,16,2.6501,6.8574,1.4,1793
0703002-0918-11-09-gnss_raw.txt,2436,443325.500,FINESTEERING,SOL_COMPUTED,SINGLE,28,16,3.0992,8.0131,1.5,1793
0703002-0918-11-09-gnss_raw.txt,2436,443325.600,FINESTEERING,SOL_COMPUTED,SINGLE,29,16,2.9932,7.7335,1.6,1793
0703002-0918-11-09-gnss_raw.txt,2436,443325.700,FINESTEERING,SOL_COMPUTED,SINGLE,29,16,2.8598,7.3835,1.7,1793
0703002-0918-11-09-gnss_raw.txt,2436,443325.800,FINESTEERING,SOL_COMPUTED,SINGLE,29,16,2.8476,7.3496,1.8,1793
0703002-0918-11-09-gnss_raw.txt,2436,443325.900,FINESTEERING,SOL_COMPUTED,SINGLE,29,16,3.1552,8.1363,0.9,1793
0703002-0918-11-09-gnss_raw.txt,2436,443326.000,FINESTEERING,SOL_COMPUTED,SINGLE,29,16,2.8806,7.4236,1.0,1793
0703002-0918-11-09-gnss_raw.txt,2436,443326.100,FINESTEERING,SOL_COMPUTED,SINGLE,29,15,2.6992,6.9584,1.1,1793
0703002-0918-11-09-gnss_raw.txt,2436,443326.200,FINESTEERING,SOL_COMPUTED,SINGLE,29,16,2.4017,6.1895,1.2,1793
0703002-0918-11-09-gnss_raw.txt,2436,443326.300,FINESTEERING,SOL_COMPUTED,SINGLE,29,16,2.5284,6.5116,1.3,1793
0703002-0918-11-09-gnss_raw.txt,2436,443326.400,FINESTEERING,SOL_COMPUTED,SINGLE,29,15,2.8426,7.3155,1.4,1793
0703002-0918-11-09-gnss_raw.txt,2436,443326.500,FINESTEERING,SOL_COMPUTED,SINGLE,29,16,2.6875,6.9111,1.5,1793
0703002-0918-11-09-gnss_raw.txt,2436,443326.600,FINESTEERING,SOL_COMPUTED,SINGLE,29,16,2.5579,6.5731,1.6,1793
0703002-0918-11-09-gnss_raw.txt,2436,443326.700,FINESTEERING,SOL_COMPUTED,SINGLE,29,16,2.6328,6.7616,1.7,1793
0703002-0918-11-09-gnss_raw.txt,2436,443326.800,FINESTEERING,SOL_COMPUTED,SINGLE,29,16,2.5214,6.4721,1.8,1793
0703002-0918-11-09-gnss_raw.txt,2436,443326.900,FINESTEERING,SOL_COMPUTED,SINGLE,29,16,3.1078,7.9728,1.9,1793
0703002-0918-11-09-gnss_raw.txt,2436,443327.000,FINESTEERING,SOL_COMPUTED,SINGLE,29,17,2.8229,7.2383,1.0,1793
0703002-0918-11-09-gnss_raw.txt,2436,443327.100,FINESTEERING,SOL_COMPUTED,SINGLE,29,17,2.6982,6.9148,1.1,1793
0703002-0918-11-09-gnss_raw.txt,2436,443327.200,FINESTEERING,SOL_COMPUTED,SINGLE,29,17,2.5724,6.5884,1.2,1793
0703002-0918-11-09-gnss_raw.txt,2436,443327.300,FINESTEERING,SOL_COMPUTED,SINGLE,29,17,2.7644,7.0764,1.3,1793
0703002-0918-11-09-gnss_raw.txt,2436,443327.400,FINESTEERING,SOL_COMPUTED,SINGLE,29,17,2.7864,7.1277,1.4,1793
0703002-0918-11-09-gnss_raw.txt,2436,443327.500,FINESTEERING,SOL_COMPUTED,SINGLE,29,17,2.9596,7.5653,1.5,1793
0703002-0918-11-09-gnss_raw.txt,2436,443327.600,FINESTEERING,SOL_COMPUTED,SINGLE,29,17,3.0266,7.7315,1.6,1793
0703002-0918-11-09-gnss_raw.txt,2436,443327.700,FINESTEERING,SOL_COMPUTED,SINGLE,29,17,3.1703,8.094,0.7,1793
0703002-0918-11-09-gnss_raw.txt,2436,443327.800,FINESTEERING,SOL_COMPUTED,SINGLE,29,17,3.1217,7.9651,0.8,1793
0703002-0918-11-09-gnss_raw.txt,2436,443327.900,FINESTEERING,SOL_COMPUTED,SINGLE,29,17,3.1866,8.1259,0.9,1793
0703002-0918-11-09-gnss_raw.txt,2436,443328.000,FINESTEERING,SOL_COMPUTED,SINGLE,29,17,3.0749,7.8355,1.0,1793
0703002-0918-11-09-gnss_raw.txt,2436,443328.100,FINESTEERING,SOL_COMPUTED,SINGLE,29,16,2.8352,7.219,1.1,1793
0703002-0918-11-09-gnss_raw.txt,2436,443328.200,FINESTEERING,SOL_COMPUTED,SINGLE,29,15,2.7368,6.9632,1.2,1793
0703002-0918-11-09-gnss_raw.txt,2436,443328.300,FINESTEERING,SOL_COMPUTED,SINGLE,29,15,2.7207,6.9171,1.3,1793
0703002-0918-11-09-gnss_raw.txt,2436,443328.400,FINESTEERING,SOL_COMPUTED,SINGLE,29,15,2.6785,6.8046,1.4,1793
0703002-0918-11-09-gnss_raw.txt,2436,443328.500,FINESTEERING,SOL_COMPUTED,SINGLE,29,14,2.5298,6.4218,1.5,1793
0703002-0918-11-09-gnss_raw.txt,2436,443328.600,FINESTEERING,SOL_COMPUTED,SINGLE,29,15,2.4695,6.2648,1.6,1793
0703002-0918-11-09-gnss_raw.txt,2436,443328.700,FINESTEERING,SOL_COMPUTED,SINGLE,29,15,2.5619,6.4945,1.7,1793
0703002-0918-11-09-gnss_raw.txt,2436,443328.800,FINESTEERING,SOL_COMPUTED,SINGLE,29,15,2.6155,6.6259,0.8,1793
0703002-0918-11-09-gnss_raw.txt,2436,443328.900,FINESTEERING,SOL_COMPUTED,SINGLE,29,14,2.7146,6.8725,0.9,1793
0703002-0918-11-09-gnss_raw.txt,2436,443329.000,FINESTEERING,SOL_COMPUTED,SINGLE,29,17,3.0978,7.8378,1.0,1793
0703002-0918-11-09-gnss_raw.txt,2436,443329.100,FINESTEERING,SOL_COMPUTED,SINGLE,29,15,2.6393,6.6738,1.1,1793
0703002-0918-11-09-gnss_raw.txt,2436,443329.200,FINESTEERING,SOL_COMPUTED,SINGLE,29,17,2.8785,7.2739,1.2,1793
0703002-0918-11-09-gnss_raw.txt,2436,443329.300,FINESTEERING,SOL_COMPUTED,SINGLE,29,17,2.7123,6.8502,1.3,1793
0703002-0918-11-09-gnss_raw.txt,2436,443329.400,FINESTEERING,SOL_COMPUTED,SINGLE,29,15,2.5541,6.4477,1.4,1793
0703002-0918-11-09-gnss_raw.txt,2436,443329.500,FINESTEERING,SOL_COMPUTED,SINGLE,29,16,2.503,6.3155,1.5,1793
0703002-0918-11-09-gnss_raw.txt,2436,443329.600,FINESTEERING,SOL_COMPUTED,SINGLE,29,15,2.5656,6.4698,1.6,1793
0703002-0918-11-09-gnss_raw.txt,2436,443329.700,FINESTEERING,SOL_COMPUTED,SINGLE,29,15,2.5226,6.3583,1.7,1793
0703002-0918-11-09-gnss_raw.txt,2436,443329.800,FINESTEERING,SOL_COMPUTED,SINGLE,29,14,2.6014,6.5527,1.8,1793
0703002-0918-11-09-gnss_raw.txt,2436,443329.900,FINESTEERING,SOL_COMPUTED,SINGLE,29,16,3.1437,7.9136,0.9,1793
0703002-0918-11-09-gnss_raw.txt,2436,443330.000,FINESTEERING,SOL_COMPUTED,SINGLE,29,15,2.6669,6.7089,1.0,1793
0703002-0918-11-09-gnss_raw.txt,2436,443330.100,FINESTEERING,SOL_COMPUTED,SINGLE,29,16,2.5364,6.3782,1.1,1793
0703002-0918-11-09-gnss_raw.txt,2436,443330.200,FINESTEERING,SOL_COMPUTED,SINGLE,29,15,2.5584,6.4301,1.2,1793
0703002-0918-11-09-gnss_raw.txt,2436,443330.300,FINESTEERING,SOL_COMPUTED,SINGLE,29,17,3.0886,7.7603,1.3,1793
0703002-0918-11-09-gnss_raw.txt,2436,443330.400,FINESTEERING,SOL_COMPUTED,SINGLE,29,17,2.8601,7.1838,1.4,1793
0703002-0918-11-09-gnss_raw.txt,2436,443330.500,FINESTEERING,SOL_COMPUTED,SINGLE,29,15,2.6122,6.5583,1.5,1793
0703002-0918-11-09-gnss_raw.txt,2436,443330.600,FINESTEERING,SOL_COMPUTED,SINGLE,29,15,2.5313,6.3524,1.6,1793
0703002-0918-11-09-gnss_raw.txt,2436,443330.700,FINESTEERING,SOL_COMPUTED,SINGLE,29,15,2.5366,6.3623,1.7,1793
0703002-0918-11-09-gnss_raw.txt,2436,443330.800,FINESTEERING,SOL_COMPUTED,SINGLE,29,17,3.0046,7.5329,1.8,1793
0703002-0918-11-09-gnss_raw.txt,2436,443330.900,FINESTEERING,SOL_COMPUTED,SINGLE,29,17,3.1736,7.9533,0.9,1793
0703002-0918-11-09-gnss_raw.txt,2436,443331.000,FINESTEERING,SOL_COMPUTED,SINGLE,29,16,2.7117,6.7933,1.0,1793
0703002-0918-11-09-gnss_raw.txt,2436,443331.100,FINESTEERING,SOL_COMPUTED,SINGLE,29,15,2.6666,6.6765,1.1,1793
0703002-0918-11-09-gnss_raw.txt,2436,443331.200,FINESTEERING,SOL_COMPUTED,SINGLE,29,15,2.5387,6.3515,1.2,1793
0703002-0918-11-09-gnss_raw.txt,2436,443331.300,FINESTEERING,SOL_COMPUTED,SINGLE,29,13,2.5335,6.3321,1.3,1793
0703002-0918-11-09-gnss_raw.txt,2436,443331.400,FINESTEERING,SOL_COMPUTED,SINGLE,29,14,2.6326,6.5745,1.4,1793
0703002-0918-11-09-gnss_raw.txt,2436,443331.500,FINESTEERING,SOL_COMPUTED,SINGLE,29,14,2.5601,6.3895,1.5,1793
0703002-0918-11-09-gnss_raw.txt,2436,443331.600,FINESTEERING,SOL_COMPUTED,SINGLE,29,14,2.5915,6.4647,1.6,1793
0703002-0918-11-09-gnss_raw.txt,2436,443331.700,FINESTEERING,SOL_COMPUTED,SINGLE,29,14,2.7733,6.914,1.7,1793
0703002-0918-11-09-gnss_raw.txt,2436,443331.800,FINESTEERING,SOL_COMPUTED,SINGLE,29,14,2.6966,6.7201,0.8,1793
0703002-0918-11-09-gnss_raw.txt,2436,443331.900,FINESTEERING,SOL_COMPUTED,SINGLE,29,14,2.7187,6.7706,0.9,1793
0703002-0918-11-09-gnss_raw.txt,2436,443332.000,FINESTEERING,SOL_COMPUTED,SINGLE,29,15,2.9774,7.4111,1.0,1793
0703002-0918-11-09-gnss_raw.txt,2436,443332.100,FINESTEERING,SOL_COMPUTED,SINGLE,29,17,3.3411,8.3146,1.1,1793
0703002-0918-11-09-gnss_raw.txt,2436,443332.200,FINESTEERING,SOL_COMPUTED,SINGLE,29,16,2.9303,7.29,1.2,1793
0703002-0918-11-09-gnss_raw.txt,2436,443332.300,FINESTEERING,SOL_COMPUTED,SINGLE,29,15,2.9218,7.2652,1.3,1793
0703002-0918-11-09-gnss_raw.txt,2436,443332.400,FINESTEERING,SOL_COMPUTED,SINGLE,29,17,2.844,7.0718,1.4,1793
0703002-0918-11-09-gnss_raw.txt,2436,443332.500,FINESTEERING,SOL_COMPUTED,SINGLE,29,17,3.2784,8.152,1.5,1793
0703002-0918-11-09-gnss_raw.txt,2436,443332.600,FINESTEERING,SOL_COMPUTED,SINGLE,29,17,3.4785,8.6482,1.6,1793
0703002-0918-11-09-gnss_raw.txt,2436,443332.700,FINESTEERING,SOL_COMPUTED,SINGLE,29,17,3.3364,8.2946,1.7,1793
0703002-0918-11-09-gnss_raw.txt,2436,443332.800,FINESTEERING,SOL_COMPUTED,SINGLE,29,17,3.4732,8.6358,1.8,1793
0703002-0918-11-09-gnss_raw.txt,2436,443332.900,FINESTEERING,SOL_COMPUTED,SINGLE,29,17,3.2674,8.1234,1.9,1793
0703002-0918-11-09-gnss_raw.txt,2436,443333.000,FINESTEERING,SOL_COMPUTED,SINGLE,29,16,3.0808,7.6597,2.0,1793
0703002-0918-11-09-gnss_raw.txt,2436,443333.100,FINESTEERING,SOL_COMPUTED,SINGLE,29,17,3.2262,8.0288,1.1,1793
0703002-0918-11-09-gnss_raw.txt,2436,443333.200,FINESTEERING,SOL_COMPUTED,SINGLE,29,17,3.2714,8.1444,1.2,1793
0703002-0918-11-09-gnss_raw.txt,2436,443333.300,FINESTEERING,SOL_COMPUTED,SINGLE,29,17,3.2992,8.2117,1.3,1793
0703002-0918-11-09-gnss_raw.txt,2436,443333.400,FINESTEERING,SOL_COMPUTED,SINGLE,29,17,3.3537,8.3471,1.4,1793
0703002-0918-11-09-gnss_raw.txt,2436,443333.500,FINESTEERING,SOL_COMPUTED,SINGLE,29,17,3.4652,8.6264,1.5,1793
0703002-0918-11-09-gnss_raw.txt,2436,443333.600,FINESTEERING,SOL_COMPUTED,SINGLE,29,17,2.869,7.1441,1.6,1793
0703002-0918-11-09-gnss_raw.txt,2436,443333.700,FINESTEERING,SOL_COMPUTED,SINGLE,29,17,3.1958,7.9567,1.7,1793
0703002-0918-11-09-gnss_raw.txt,2436,443333.800,FINESTEERING,SOL_COMPUTED,SINGLE,29,16,3.407,8.4783,0.8,1793
0703002-0918-11-09-gnss_raw.txt,2436,443333.900,FINESTEERING,SOL_COMPUTED,SINGLE,29,15,2.8499,7.0902,0.9,1793
0703002-0918-11-09-gnss_raw.txt,2436,443334.000,FINESTEERING,SOL_COMPUTED,SINGLE,29,16,2.9834,7.4202,1.0,1793
0703002-0918-11-09-gnss_raw.txt,2436,443334.100,FINESTEERING,SOL_COMPUTED,SINGLE,29,16,3.1048,7.7182,1.1,1793
0703002-0918-11-09-gnss_raw.txt,2436,443334.200,FINESTEERING,SOL_COMPUTED,SINGLE,29,16,2.9146,7.2446,1.2,1793
0703002-0918-11-09-gnss_raw.txt,2436,443334.300,FINESTEERING,SOL_COMPUTED,SINGLE,29,17,3.2733,8.134,1.3,1793
0703002-0918-11-09-gnss_raw.txt,2436,443334.400,FINESTEERING,SOL_COMPUTED,SINGLE,29,17,3.2522,8.0789,1.4,1793
0703002-0918-11-09-gnss_raw.txt,2436,443334.500,FINESTEERING,SOL_COMPUTED,SINGLE,29,17,2.9607,7.3553,1.5,1793
0703002-0918-11-09-gnss_raw.txt,2436,443334.600,FINESTEERING,SOL_COMPUTED,SINGLE,29,15,2.7786,6.9018,1.6,1793
0703002-0918-11-09-gnss_raw.txt,2436,443334.700,FINESTEERING,SOL_COMPUTED,SINGLE,29,16,3.303,8.201,1.7,1793
0703002-0918-11-09-gnss_raw.txt,2436,443334.800,FINESTEERING,SOL_COMPUTED,SINGLE,29,15,2.7663,6.8667,1.8,1793
0703002-0918-11-09-gnss_raw.txt,2436,443334.900,FINESTEERING,SOL_COMPUTED,SINGLE,29,15,2.7195,6.7485,1.9,1793
0703002-0918-11-09-gnss_raw.txt,2436,443335.000,FINESTEERING,SOL_COMPUTED,SINGLE,29,18,3.13,7.7642,2.0,1793
0703002-0918-11-09-gnss_raw.txt,2436,443335.100,FINESTEERING,SOL_COMPUTED,SINGLE,29,18,3.0855,7.6527,2.1,1793
0703002-0918-11-09-gnss_raw.txt,2436,443335.200,FINESTEERING,SOL_COMPUTED,SINGLE,29,17,2.7661,6.8593,1.2,1793
0703002-0918-11-09-gnss_raw.txt,2436,443335.300,FINESTEERING,SOL_COMPUTED,SINGLE,29,18,3.1915,7.9146,1.3,1793
0703002-0918-11-09-gnss_raw.txt,2436,443335.400,FINESTEERING,SOL_COMPUTED,SINGLE,29,17,2.8081,6.9643,1.4,1793
0703002-0918-11-09-gnss_raw.txt,2436,443335.500,FINESTEERING,SOL_COMPUTED,SINGLE,29,18,2.9217,7.244,1.5,1793
0703002-0918-11-09-gnss_raw.txt,2436,443335.600,FINESTEERING,SOL_COMPUTED,SINGLE,29,18,2.9911,7.4126,1.6,1793
0703002-0918-11-09-gnss_raw.txt,2436,443335.700,FINESTEERING,SOL_COMPUTED,SINGLE,29,17,3.3624,8.327,1.7,1793
0703002-0918-11-09-gnss_raw.txt,2436,443335.800,FINESTEERING,SOL_COMPUTED,SINGLE,29,18,3.6692,9.0831,1.8,1793
0703002-0918-11-09-gnss_raw.txt,2436,443335.900,FINESTEERING,SOL_COMPUTED,SINGLE,29,17,3.5989,8.9063,1.9,1793
0703002-0918-11-09-gnss_raw.txt,2436,443336.000,FINESTEERING,SOL_COMPUTED,SINGLE,29,18,3.2211,7.9689,2.0,1793
0703002-0918-11-09-gnss_raw.txt,2436,443336.100,FINESTEERING,SOL_COMPUTED,SINGLE,29,17,3.3794,8.3581,2.1,1793
0703002-0918-11-09-gnss_raw.txt,2436,443336.200,FINESTEERING,SOL_COMPUTED,SINGLE,29,18,3.5583,8.807,1.2,1793
0703002-0918-11-09-gnss_raw.txt,2436,443336.300,FINESTEERING,SOL_COMPUTED,SINGLE,29,17,3.1925,7.9076,1.3,1793
0703002-0918-11-09-gnss_raw.txt,2436,443336.400,FINESTEERING,SOL_COMPUTED,SINGLE,29,17,2.8513,7.0679,1.4,1793
0703002-0918-11-09-gnss_raw.txt,2436,443336.500,FINESTEERING,SOL_COMPUTED,SINGLE,29,18,3.1355,7.7762,1.5,1793
0703002-0918-11-09-gnss_raw.txt,2436,443336.600,FINESTEERING,SOL_COMPUTED,SINGLE,29,18,3.2449,8.0454,1.6,1793
0703002-0918-11-09-gnss_raw.txt,2436,443336.700,FINESTEERING,SOL_COMPUTED,SINGLE,30,18,3.1696,7.8625,1.7,1793
0703002-0918-11-09-gnss_raw.txt,2436,443336.800,FINESTEERING,SOL_COMPUTED,SINGLE,30,17,3.3083,8.2141,1.8,1793
0703002-0918-11-09-gnss_raw.txt,2436,443336.900,FINESTEERING,SOL_COMPUTED,SINGLE,30,18,2.8799,7.1557,1.9,1793
0703002-0918-11-09-gnss_raw.txt,2436,443337.000,FINESTEERING,SOL_COMPUTED,SINGLE,30,18,3.5346,8.793,2.0,1793
0703002-0918-11-09-gnss_raw.txt,2436,443337.100,FINESTEERING,SOL_COMPUTED,SINGLE,30,17,3.0258,7.5323,2.1,1793
0703002-0918-11-09-gnss_raw.txt,2436,443337.200,FINESTEERING,SOL_COMPUTED,SINGLE,29,17,2.8354,7.0641,2.2,1793
0703002-0918-11-09-gnss_raw.txt,2436,443337.300,FINESTEERING,SOL_COMPUTED,SINGLE,29,18,3.3193,8.2756,2.3,1793
0703002-0918-11-09-gnss_raw.txt,2436,443337.400,FINESTEERING,SOL_COMPUTED,SINGLE,29,16,2.9981,7.4705,1.4,1793
0703002-0918-11-09-gnss_raw.txt,2436,443337.500,FINESTEERING,SOL_COMPUTED,SINGLE,29,18,3.0986,7.7187,1.5,1793
0703002-0918-11-09-gnss_raw.txt,2436,443337.600,FINESTEERING,SOL_COMPUTED,SINGLE,29,18,3.115,7.7622,1.6,1793
0703002-0918-11-09-gnss_raw.txt,2436,443337.700,FINESTEERING,SOL_COMPUTED,SINGLE,29,18,2.8284,7.0506,1.7,1793
0703002-0918-11-09-gnss_raw.txt,2436,443337.800,FINESTEERING,SOL_COMPUTED,SINGLE,29,19,3.3374,8.3247,0.8,1793
0703002-0918-11-09-gnss_raw.txt,2436,443337.900,FINESTEERING,SOL_COMPUTED,SINGLE,29,19,3.2813,8.188,0.9,1793
0703002-0918-11-09-gnss_raw.txt,2436,443338.000,FINESTEERING,SOL_COMPUTED,SINGLE,29,19,3.0797,7.6861,1.0,1793
0703002-0918-11-09-gnss_raw.txt,2436,443338.100,FINESTEERING,SOL_COMPUTED,SINGLE,29,18,3.0048,7.505,1.1,1793
0703002-0918-11-09-gnss_raw.txt,2436,443338.200,FINESTEERING,SOL_COMPUTED,SINGLE,29,18,2.9725,7.4311,1.2,1793
0703002-0918-11-09-gnss_raw.txt,2436,443338.300,FINESTEERING,SOL_COMPUTED,SINGLE,29,18,2.7292,6.8236,1.3,1793
0703002-0918-11-09-gnss_raw.txt,2436,443338.400,FINESTEERING,SOL_COMPUTED,SINGLE,29,18,3.1321,7.8356,1.4,1793
0703002-0918-11-09-gnss_raw.txt,2436,443338.500,FINESTEERING,SOL_COMPUTED,SINGLE,29,17,3.0544,7.6433,1.5,1793
0703002-0918-11-09-gnss_raw.txt,2436,443338.600,FINESTEERING,SOL_COMPUTED,SINGLE,30,18,2.6831,6.7151,1.6,1793
0703002-0918-11-09-gnss_raw.txt,2436,443338.700,FINESTEERING,SOL_COMPUTED,SINGLE,30,16,2.6823,6.7129,1.7,1793
0703002-0918-11-09-gnss_raw.txt,2436,443338.800,FINESTEERING,SOL_COMPUTED,SINGLE,30,16,2.7579,6.9,1.8,1793
0703002-0918-11-09-gnss_raw.txt,2436,443338.900,FINESTEERING,SOL_COMPUTED,SINGLE,30,15,2.5927,6.4868,1.9,1793
0703002-0918-11-09-gnss_raw.txt,2436,443339.000,FINESTEERING,SOL_COMPUTED,SINGLE,30,17,2.6955,6.7452,1.0,1793
0703002-0918-11-09-gnss_raw.txt,2436,443339.100,FINESTEERING,SOL_COMPUTED,SINGLE,30,16,2.5523,6.3882,1.1,1793
0703002-0918-11-09-gnss_raw.txt,2436,443339.200,FINESTEERING,SOL_COMPUTED,SINGLE,30,16,2.995,7.4983,1.2,1793
0703002-0918-11-09-gnss_raw.txt,2436,443339.300,FINESTEERING,SOL_COMPUTED,SINGLE,30,17,2.9476,7.3775,1.3,1793
0703002-0918-11-09-gnss_raw.txt,2436,443339.400,FINESTEERING,SOL_COMPUTED,SINGLE,30,17,2.9733,7.4442,1.4,1793
0703002-0918-11-09-gnss_raw.txt,2436,443339.500,FINESTEERING,SOL_COMPUTED,SINGLE,30,15,2.7743,6.947,1.5,1793
0703002-0918-11-09-gnss_raw.txt,2436,443339.600,FINESTEERING,SOL_COMPUTED,SINGLE,30,18,3.1832,7.9773,1.6,1793
0703002-0918-11-09-gnss_raw.txt,2436,443339.700,FINESTEERING,SOL_COMPUTED,SINGLE,30,16,2.6726,6.6988,1.7,1793
0703002-0918-11-09-gnss_raw.txt,2436,443339.800,FINESTEERING,SOL_COMPUTED,SINGLE,29,18,2.9741,7.4528,1.8,1793
0703002-0918-11-09-gnss_raw.txt,2436,443339.900,FINESTEERING,SOL_COMPUTED,SINGLE,29,15,2.5982,6.5142,1.9,1793
0703002-0918-11-09-gnss_raw.txt,2436,443340.000,FINESTEERING,SOL_COMPUTED,SINGLE,29,18,2.8616,7.1742,2.0,1793
0703002-0918-11-09-gnss_raw.txt,2436,443340.100,FINESTEERING,SOL_COMPUTED,SINGLE,29,17,2.5111,6.3012,2.1,1793
0703002-0918-11-09-gnss_raw.txt,2436,443340.200,FINESTEERING,SOL_COMPUTED,SINGLE,29,16,2.5358,6.3692,2.2,1793
0703002-0918-11-09-gnss_raw.txt,2436,443340.300,FINESTEERING,SOL_COMPUTED,SINGLE,29,18,2.8499,7.1576,2.3,1793
0703002-0918-11-09-gnss_raw.txt,2436,443340.400,FINESTEERING,SOL_COMPUTED,SINGLE,29,18,2.9101,7.3099,2.4,1793
0703002-0918-11-09-gnss_raw.txt,2436,443340.500,FINESTEERING,SOL_COMPUTED,SINGLE,29,17,2.6422,6.6416,2.5,1793
0703002-0918-11-09-gnss_raw.txt,2436,443340.600,FINESTEERING,SOL_COMPUTED,SINGLE,29,18,3.0491,7.6689,2.6,1793
0703002-0918-11-09-gnss_raw.txt,2436,443340.700,FINESTEERING,SOL_COMPUTED,SINGLE,29,16,2.4691,6.2118,2.7,1793
0703002-0918-11-09-gnss_raw.txt,2436,443340.800,FINESTEERING,SOL_COMPUTED,SINGLE,29,16,2.4754,6.2322,2.8,1793
0703002-0918-11-09-gnss_raw.txt,2436,443340.900,FINESTEERING,SOL_COMPUTED,SINGLE,29,17,2.4606,6.1988,2.9,1793
0703002-0918-11-09-gnss_raw.txt,2436,443341.000,FINESTEERING,SOL_COMPUTED,SINGLE,29,18,2.5711,6.4804,3.0,1793
0703002-0918-11-09-gnss_raw.txt,2436,443341.100,FINESTEERING,SOL_COMPUTED,SINGLE,28,12,2.5569,6.4419,3.1,1793
0703002-0918-11-09-gnss_raw.txt,2436,443341.200,FINESTEERING,SOL_COMPUTED,SINGLE,28,17,2.4287,6.1225,3.2,1793
0703002-0918-11-09-gnss_raw.txt,2436,443341.300,FINESTEERING,SOL_COMPUTED,SINGLE,28,17,2.3779,5.9959,3.3,1793
0703002-0918-11-09-gnss_raw.txt,2436,443341.400,FINESTEERING,SOL_COMPUTED,SINGLE,28,18,2.6926,6.7919,3.4,1793
0703002-0918-11-09-gnss_raw.txt,2436,443341.500,FINESTEERING,SOL_COMPUTED,SINGLE,28,18,2.4283,6.1254,3.5,1793
0703002-0918-11-09-gnss_raw.txt,2436,443341.600,FINESTEERING,SOL_COMPUTED,SINGLE,28,18,2.4931,6.2932,3.6,1793
0703002-0918-11-09-gnss_raw.txt,2436,443341.700,FINESTEERING,SOL_COMPUTED,SINGLE,28,14,2.6674,6.7285,3.7,1793
0703002-0918-11-09-gnss_raw.txt,2436,443341.800,FINESTEERING,SOL_COMPUTED,SINGLE,28,14,2.6951,6.7917,3.8,1793
0703002-0918-11-09-gnss_raw.txt,2436,443341.900,FINESTEERING,SOL_COMPUTED,SINGLE,28,18,2.7019,6.8129,3.9,1793
0703002-0918-11-09-gnss_raw.txt,2436,443342.000,FINESTEERING,SOL_COMPUTED,SINGLE,28,18,2.643,6.6583,4.0,1793
0703002-0918-11-09-gnss_raw.txt,2436,443342.100,FINESTEERING,SOL_COMPUTED,SINGLE,28,18,2.5769,6.4861,4.1,1793
0703002-0918-11-09-gnss_raw.txt,2436,443342.200,FINESTEERING,SOL_COMPUTED,SINGLE,28,18,2.9021,7.2973,4.2,1793
0703002-0918-11-09-gnss_raw.txt,2436,443342.300,FINESTEERING,SOL_COMPUTED,SINGLE,27,18,2.6913,6.763,4.3,1793
0703002-0918-11-09-gnss_raw.txt,2436,443342.400,FINESTEERING,SOL_COMPUTED,SINGLE,27,18,2.6741,6.7147,4.4,1793
0703002-0918-11-09-gnss_raw.txt,2436,443342.500,FINESTEERING,SOL_COMPUTED,SINGLE,27,18,2.7681,6.9428,4.5,1793
0703002-0918-11-09-gnss_raw.txt,2436,443342.600,FINESTEERING,SOL_COMPUTED,SINGLE,27,18,2.8024,7.0262,4.6,1793
0703002-0918-11-09-gnss_raw.txt,2436,443342.700,FINESTEERING,SOL_COMPUTED,SINGLE,27,18,2.9063,7.283,4.7,1793
0703002-0918-11-09-gnss_raw.txt,2436,443342.800,FINESTEERING,SOL_COMPUTED,SINGLE,27,18,2.9939,7.4995,4.8,1793
0703002-0918-11-09-gnss_raw.txt,2436,443342.900,FINESTEERING,SOL_COMPUTED,SINGLE,27,18,3.0205,7.5651,4.9,1793
0703002-0918-11-09-gnss_raw.txt,2436,443343.000,FINESTEERING,SOL_COMPUTED,SINGLE,27,18,3.1478,7.8867,5.0,1793
0703002-0918-11-09-gnss_raw.txt,2436,443343.100,FINESTEERING,SOL_COMPUTED,SINGLE,27,18,2.8729,7.1978,5.1,1793
0703002-0918-11-09-gnss_raw.txt,2436,443343.200,FINESTEERING,SOL_COMPUTED,SINGLE,26,17,2.8057,7.0214,5.2,1793
0703002-0918-11-09-gnss_raw.txt,2436,443343.300,FINESTEERING,SOL_COMPUTED,SINGLE,26,17,2.7264,6.8211,5.3,1793
0703002-0918-11-09-gnss_raw.txt,2436,443343.400,FINESTEERING,SOL_COMPUTED,SINGLE,26,17,2.77,6.9296,5.4,1793
0703002-0918-11-09-gnss_raw.txt,2436,443343.500,FINESTEERING,SOL_COMPUTED,SINGLE,26,17,2.8392,7.1,5.5,1793
0703002-0918-11-09-gnss_raw.txt,2436,443343.600,FINESTEERING,SOL_COMPUTED,SINGLE,26,17,2.964,7.4071,5.6,1793
0703002-0918-11-09-gnss_raw.txt,2436,443343.700,FINESTEERING,SOL_COMPUTED,SINGLE,26,17,2.7261,6.8099,5.7,1793
0703002-0918-11-09-gnss_raw.txt,2436,443343.800,FINESTEERING,SOL_COMPUTED,SINGLE,26,17,2.683,6.7019,5.8,1793
0703002-0918-11-09-gnss_raw.txt,2436,443343.900,FINESTEERING,SOL_COMPUTED,SINGLE,26,17,3.0103,7.5177,5.9,1793
0703002-0918-11-09-gnss_raw.txt,2436,443344.000,FINESTEERING,SOL_COMPUTED,SINGLE,26,17,2.8543,7.1229,6.0,1793
0703002-0918-11-09-gnss_raw.txt,2436,443344.100,FINESTEERING,SOL_COMPUTED,SINGLE,26,17,2.9079,7.2485,6.1,1793
0703002-0918-11-09-gnss_raw.txt,2436,443344.200,FINESTEERING,SOL_COMPUTED,SINGLE,26,17,2.9299,7.297,6.2,1793
0703002-0918-11-09-gnss_raw.txt,2436,443344.300,FINESTEERING,SOL_COMPUTED,SINGLE,26,17,2.9711,7.393,6.3,1793
0703002-0918-11-09-gnss_raw.txt,2436,443344.400,FINESTEERING,SOL_COMPUTED,SINGLE,26,17,3.1825,7.9148,6.4,1793
0703002-0918-11-09-gnss_raw.txt,2436,443344.500,FINESTEERING,SOL_COMPUTED,SINGLE,26,17,2.8665,7.1235,6.5,1793
0703002-0918-11-09-gnss_raw.txt,2436,443344.600,FINESTEERING,SOL_COMPUTED,SINGLE,26,17,3.1144,7.7334,6.6,1793
0703002-0918-11-09-gnss_raw.txt,2436,443344.700,FINESTEERING,SOL_COMPUTED,SINGLE,26,17,2.981,7.3958,6.7,1793
0703002-0918-11-09-gnss_raw.txt,2436,443344.800,FINESTEERING,SOL_COMPUTED,SINGLE,26,14,3.2482,8.0528,5.8,1793
0703002-0918-11-09-gnss_raw.txt,2436,443344.900,FINESTEERING,SOL_COMPUTED,SINGLE,26,14,3.2371,8.019,5.9,1793
0703002-0918-11-09-gnss_raw.txt,2436,443345.000,FINESTEERING,SOL_COMPUTED,SINGLE,26,14,3.4127,8.4464,6.0,1793
0703002-0918-11-09-gnss_raw.txt,2436,443345.100,FINESTEERING,SOL_COMPUTED,SINGLE,26,14,3.2966,8.1535,6.1,1793
0703002-0918-11-09-gnss_raw.txt,2436,443345.200,FINESTEERING,SOL_COMPUTED,SINGLE,26,14,3.0074,7.4337,5.2,1793
0703002-0918-11-09-gnss_raw.txt,2436,443345.300,FINESTEERING,SOL_COMPUTED,SINGLE,26,14,3.0706,7.5837,5.3,1793
0703002-0918-11-09-gnss_raw.txt,2436,443345.400,FINESTEERING,SOL_COMPUTED,SINGLE,26,14,2.9249,7.2179,5.4,1793
0703002-0918-11-09-gnss_raw.txt,2436,443345.500,FINESTEERING,SOL_COMPUTED,SINGLE,27,14,3.0292,7.47,5.5,1793
0703002-0918-11-09-gnss_raw.txt,2436,443345.600,FINESTEERING,SOL_COMPUTED,SINGLE,27,14,2.9141,7.1821,4.6,1793
0703002-0918-11-09-gnss_raw.txt,2436,443345.700,FINESTEERING,SOL_COMPUTED,SINGLE,27,15,2.8215,6.9498,4.7,1793
0703002-0918-11-09-gnss_raw.txt,2436,443345.800,FINESTEERING,SOL_COMPUTED,SINGLE,27,15,2.8831,7.0969,4.8,1793
0703002-0918-11-09-gnss_raw.txt,2436,443345.900,FINESTEERING,SOL_COMPUTED,SINGLE,27,15,2.9888,7.356,4.9,1793
0703002-0918-11-09-gnss_raw.txt,2436,443346.000,FINESTEERING,SOL_COMPUTED,SINGLE,27,15,3.1331,7.7152,5.0,1793
0703002-0918-11-09-gnss_raw.txt,2436,443346.100,FINESTEERING,SOL_COMPUTED,SINGLE,27,15,3.3474,8.2451,4.1,1793
0703002-0918-11-09-gnss_raw.txt,2436,443346.200,FINESTEERING,SOL_COMPUTED,SINGLE,27,15,3.047,7.5081,4.2,1793
0703002-0918-11-09-gnss_raw.txt,2436,443346.300,FINESTEERING,SOL_COMPUTED,SINGLE,27,15,2.6869,6.6222,4.3,1793
0703002-0918-11-09-gnss_raw.txt,2436,443346.400,FINESTEERING,SOL_COMPUTED,SINGLE,27,15,2.9291,7.2203,4.4,1793
0703002-0918-11-09-gnss_raw.txt,2436,443346.500,FINESTEERING,SOL_COMPUTED,SINGLE,27,15,3.1517,7.7728,3.5,1793
0703002-0918-11-09-gnss_raw.txt,2436,443346.600,FINESTEERING,SOL_COMPUTED,SINGLE,27,15,2.658,6.5559,3.6,1793
0703002-0918-11-09-gnss_raw.txt,2436,443346.700,FINESTEERING,SOL_COMPUTED,SINGLE,27,15,2.7646,6.8207,3.7,1793
0703002-0918-11-09-gnss_raw.txt,2436,443346.800,FINESTEERING,SOL_COMPUTED,SINGLE,27,15,2.7845,6.8708,3.8,1793
0703002-0918-11-09-gnss_raw.txt,2436,443346.900,FINESTEERING,SOL_COMPUTED,SINGLE,27,15,2.7286,6.7309,2.9,1793
0703002-0918-11-09-gnss_raw.txt,2436,443347.000,FINESTEERING,SOL_COMPUTED,SINGLE,27,15,2.5584,6.3137,3.0,1793
0703002-0918-11-09-gnss_raw.txt,2436,443347.100,FINESTEERING,SOL_COMPUTED,SINGLE,27,15,3.0477,7.525,3.1,1793
0703002-0918-11-09-gnss_raw.txt,2436,443347.200,FINESTEERING,SOL_COMPUTED,SINGLE,27,15,2.8927,7.143,3.2,1793
0703002-0918-11-09-gnss_raw.txt,2436,443347.300,FINESTEERING,SOL_COMPUTED,SINGLE,27,15,2.9639,7.3192,2.3,1793
0703002-0918-11-09-gnss_raw.txt,2436,443347.400,FINESTEERING,SOL_COMPUTED,SINGLE,27,15,3.0592,7.5625,2.4,1793
0703002-0918-11-09-gnss_raw.txt,2436,443347.500,FINESTEERING,SOL_COMPUTED,SINGLE,27,15,2.75,6.7997,2.5,1793
0703002-0918-11-09-gnss_raw.txt,2436,443347.600,FINESTEERING,SOL_COMPUTED,SINGLE,27,15,2.9927,7.401,1.6,1793
0703002-0918-11-09-gnss_raw.txt,2436,443347.700,FINESTEERING,SOL_COMPUTED,SINGLE,27,15,2.8621,7.0725,1.7,1793
0703002-0918-11-09-gnss_raw.txt,2436,443347.800,FINESTEERING,SOL_COMPUTED,SINGLE,27,15,3.023,7.4655,1.8,1793
0703002-0918-11-09-gnss_raw.txt,2436,443347.900,FINESTEERING,SOL_COMPUTED,SINGLE,27,17,3.2422,8.003,1.9,1793
0703002-0918-11-09-gnss_raw.txt,2436,443348.000,FINESTEERING,SOL_COMPUTED,SINGLE,27,17,2.8216,6.9683,1.0,1793
0703002-0918-11-09-gnss_raw.txt,2436,443348.100,FINESTEERING,SOL_COMPUTED,SINGLE,27,17,3.0331,7.4905,1.1,1793
0703002-0918-11-09-gnss_raw.txt,2436,443348.200,FINESTEERING,SOL_COMPUTED,SINGLE,27,17,3.0005,7.4068,1.2,1793
0703002-0918-11-09-gnss_raw.txt,2436,443348.300,FINESTEERING,SOL_COMPUTED,SINGLE,27,17,2.7099,6.6861,1.3,1793
0703002-0918-11-09-gnss_raw.txt,2436,443348.400,FINESTEERING,SOL_COMPUTED,SINGLE,27,17,2.8193,6.9524,1.4,1793
0703002-0918-11-09-gnss_raw.txt,2436,443348.500,FINESTEERING,SOL_COMPUTED,SINGLE,27,17,3.0184,7.4434,1.5,1793
0703002-0918-11-09-gnss_raw.txt,2436,443348.600,FINESTEERING,SOL_COMPUTED,SINGLE,27,17,3.0841,7.6037,1.6,1793
0703002-0918-11-09-gnss_raw.txt,2436,443348.700,FINESTEERING,SOL_COMPUTED,SINGLE,27,17,2.8317,6.9842,0.7,1793
0703002-0918-11-09-gnss_raw.txt,2436,443348.800,FINESTEERING,SOL_COMPUTED,SINGLE,27,17,2.7753,6.8478,0.8,1793
0703002-0918-11-09-gnss_raw.txt,2436,443348.900,FINESTEERING,SOL_COMPUTED,SINGLE,27,17,3.0742,7.5909,0.9,1793
0703002-0918-11-09-gnss_raw.txt,2436,443349.000,FINESTEERING,SOL_COMPUTED,SINGLE,27,17,3.0643,7.5706,1.0,1793
0703002-0918-11-09-gnss_raw.txt,2436,443349.100,FINESTEERING,SOL_COMPUTED,SINGLE,27,17,2.8651,7.0832,1.1,1793
0703002-0918-11-09-gnss_raw.txt,2436,443349.200,FINESTEERING,SOL_COMPUTED,SINGLE,27,17,3.0883,7.6384,1.2,1793
0703002-0918-11-09-gnss_raw.txt,2436,443349.300,FINESTEERING,SOL_COMPUTED,SINGLE,27,17,2.8894,7.1447,1.3,1793
0703002-0918-11-09-gnss_raw.txt,2436,443349.400,FINESTEERING,SOL_COMPUTED,SINGLE,27,17,2.9855,7.3853,1.4,1793
0703002-0918-11-09-gnss_raw.txt,2436,443349.500,FINESTEERING,SOL_COMPUTED,SINGLE,26,17,2.7257,6.7413,1.5,1793
0703002-0918-11-09-gnss_raw.txt,2436,443349.600,FINESTEERING,SOL_COMPUTED,SINGLE,26,14,2.9631,7.329,1.6,1793
0703002-0918-11-09-gnss_raw.txt,2436,443349.700,FINESTEERING,SOL_COMPUTED,SINGLE,26,14,2.574,6.3674,1.7,1793
0703002-0918-11-09-gnss_raw.txt,2436,443349.800,FINESTEERING,SOL_COMPUTED,SINGLE,26,14,2.6476,6.5498,1.8,1793
0703002-0918-11-09-gnss_raw.txt,2436,443349.900,FINESTEERING,SOL_COMPUTED,SINGLE,26,17,2.81,6.9555,0.9,1793
0703002-0918-11-09-gnss_raw.txt,2436,443350.000,FINESTEERING,SOL_COMPUTED,SINGLE,26,17,2.7996,6.9346,1.0,1793
0703002-0918-11-09-gnss_raw.txt,2436,443350.100,FINESTEERING,SOL_COMPUTED,SINGLE,26,17,3.0252,7.4991,1.1,1793
0703002-0918-11-09-gnss_raw.txt,2436,443350.200,FINESTEERING,SOL_COMPUTED,SINGLE,26,17,3.0275,7.5096,1.2,1793
0703002-0918-11-09-gnss_raw.txt,2436,443350.300,FINESTEERING,SOL_COMPUTED,SINGLE,26,17,2.8906,7.1765,1.3,1793
0703002-0918-11-09-gnss_raw.txt,2436,443350.400,FINESTEERING,SOL_COMPUTED,SINGLE,26,17,3.1209,7.7531,1.4,1793
0703002-0918-11-09-gnss_raw.txt,2436,443350.500,FINESTEERING,SOL_COMPUTED,SINGLE,26,17,3.3525,8.3245,1.5,1793
0703002-0918-11-09-gnss_raw.txt,2436,443350.600,FINESTEERING,SOL_COMPUTED,SINGLE,26,17,3.269,8.117,1.6,1793
0703002-0918-11-09-gnss_raw.txt,2436,443350.700,FINESTEERING,SOL_COMPUTED,SINGLE,26,17,3.116,7.7405,1.7,1793
0703002-0918-11-09-gnss_raw.txt,2436,443350.800,FINESTEERING,SOL_COMPUTED,SINGLE,26,17,2.8993,7.2082,1.8,1793
0703002-0918-11-09-gnss_raw.txt,2436,443350.900,FINESTEERING,SOL_COMPUTED,SINGLE,26,17,2.7477,6.8355,0.9,1793
0703002-0918-11-09-gnss_raw.txt,2436,443351.000,FINESTEERING,SOL_COMPUTED,SINGLE,26,17,2.8204,7.0283,1.0,1793
0703002-0918-11-09-gnss_raw.txt,2436,443351.100,FINESTEERING,SOL_COMPUTED,SINGLE,26,17,3.1135,7.7746,1.1,1793
0703002-0918-11-09-gnss_raw.txt,2436,443351.200,FINESTEERING,SOL_COMPUTED,SINGLE,26,17,3.1239,7.8117,1.2,1793
0703002-0918-11-09-gnss_raw.txt,2436,443351.300,FINESTEERING,SOL_COMPUTED,SINGLE,26,17,3.1757,7.957,1.3,1793
0703002-0918-11-09-gnss_raw.txt,2436,443351.400,FINESTEERING,SOL_COMPUTED,SINGLE,26,17,2.96,7.4245,1.4,1793
0703002-0918-11-09-gnss_raw.txt,2436,443351.500,FINESTEERING,SOL_COMPUTED,SINGLE,26,17,3.1189,7.8358,1.5,1793
0703002-0918-11-09-gnss_raw.txt,2436,443351.600,FINESTEERING,SOL_COMPUTED,SINGLE,26,17,2.9145,7.3262,1.6,1793
0703002-0918-11-09-gnss_raw.txt,2436,443351.700,FINESTEERING,SOL_COMPUTED,SINGLE,26,17,2.9142,7.3279,0.7,1793
0703002-0918-11-09-gnss_raw.txt,2436,443351.800,FINESTEERING,SOL_COMPUTED,SINGLE,26,15,3.0241,7.6103,0.8,1793
0703002-0918-11-09-gnss_raw.txt,2436,443351.900,FINESTEERING,SOL_COMPUTED,SINGLE,26,17,3.3515,8.4521,0.9,1793
0703002-0918-11-09-gnss_raw.txt,2436,443352.000,FINESTEERING,SOL_COMPUTED,SINGLE,26,15,2.9788,7.5216,1.0,1793
0703002-0918-11-09-gnss_raw.txt,2436,443352.100,FINESTEERING,SOL_COMPUTED,SINGLE,26,16,2.9467,7.4525,1.1,1793
0703002-0918-11-09-gnss_raw.txt,2436,443352.200,FINESTEERING,SOL_COMPUTED,SINGLE,26,16,3.1927,8.0766,1.2,1793
0703002-0918-11-09-gnss_raw.txt,2436,443352.300,FINESTEERING,SOL_COMPUTED,SINGLE,26,16,3.0186,7.6512,1.3,1793
0703002-0918-11-09-gnss_raw.txt,2436,443352.400,FINESTEERING,SOL_COMPUTED,SINGLE,26,16,3.0004,7.6166,1.4,1793
0703002-0918-11-09-gnss_raw.txt,2436,443352.500,FINESTEERING,SOL_COMPUTED,SINGLE,26,16,2.9861,7.5868,1.5,1793
0703002-0918-11-09-gnss_raw.txt,2436,443352.600,FINESTEERING,SOL_COMPUTED,SINGLE,26,16,2.888,7.34,1.6,1793
0703002-0918-11-09-gnss_raw.txt,2436,443352.700,FINESTEERING,SOL_COMPUTED,SINGLE,26,16,2.8004,7.1263,0.7,1793
0703002-0918-11-09-gnss_raw.txt,2436,443352.800,FINESTEERING,SOL_COMPUTED,SINGLE,26,15,2.9271,7.4572,0.8,1793
0703002-0918-11-09-gnss_raw.txt,2436,443352.900,FINESTEERING,SOL_COMPUTED,SINGLE,26,15,2.9578,7.5433,0.9,1793
0703002-0918-11-09-gnss_raw.txt,2436,443353.000,FINESTEERING,SOL_COMPUTED,SINGLE,26,15,3.1835,8.1243,1.0,1793
0703002-0918-11-09-gnss_raw.txt,2436,443353.100,FINESTEERING,SOL_COMPUTED,SINGLE,26,15,3.0534,7.8056,1.1,1793
0703002-0918-11-09-gnss_raw.txt,2436,443353.200,FINESTEERING,SOL_COMPUTED,SINGLE,26,15,3.1535,8.0671,1.2,1793
0703002-0918-11-09-gnss_raw.txt,2436,443353.300,FINESTEERING,SOL_COMPUTED,SINGLE,26,15,3.0918,7.9121,1.3,1793
0703002-0918-11-09-gnss_raw.txt,2436,443353.400,FINESTEERING,SOL_COMPUTED,SINGLE,26,15,2.6661,6.8252,1.4,1793
0703002-0918-11-09-gnss_raw.txt,2436,443353.500,FINESTEERING,SOL_COMPUTED,SINGLE,26,15,3.3994,8.715,1.5,1793
0703002-0918-11-09-gnss_raw.txt,2436,443353.600,FINESTEERING,SOL_COMPUTED,SINGLE,26,14,3.1803,8.1646,1.6,1793
0703002-0918-11-09-gnss_raw.txt,2436,443353.700,FINESTEERING,SOL_COMPUTED,SINGLE,26,14,3.4891,8.9652,1.7,1793
0703002-0918-11-09-gnss_raw.txt,2436,443353.800,FINESTEERING,SOL_COMPUTED,SINGLE,26,14,3.3721,8.6716,1.8,1793
0703002-0918-11-09-gnss_raw.txt,2436,443353.900,FINESTEERING,SOL_COMPUTED,SINGLE,26,14,3.322,8.5486,1.9,1793
0703002-0918-11-09-gnss_raw.txt,2436,443354.000,FINESTEERING,SOL_COMPUTED,SINGLE,26,14,3.4343,8.8472,1.0,1793
0703002-0918-11-09-gnss_raw.txt,2436,443354.100,FINESTEERING,SOL_COMPUTED,SINGLE,26,13,2.8649,7.3904,1.1,1793
0703002-0918-11-09-gnss_raw.txt,2436,443354.200,FINESTEERING,SOL_COMPUTED,SINGLE,26,14,2.8332,7.323,1.2,1793
0703002-0918-11-09-gnss_raw.txt,2436,443354.300,FINESTEERING,SOL_COMPUTED,SINGLE,26,13,2.5666,6.6401,1.3,1793
0703002-0918-11-09-gnss_raw.txt,2436,443354.400,FINESTEERING,SOL_COMPUTED,SINGLE,26,14,2.9782,7.7078,1.4,1793
0703002-0918-11-09-gnss_raw.txt,2436,443354.500,FINESTEERING,SOL_COMPUTED,SINGLE,26,14,3.0263,7.8317,1.5,1793
0703002-0918-11-09-gnss_raw.txt,2436,443354.600,FINESTEERING,SOL_COMPUTED,SINGLE,26,13,2.7271,7.058,1.6,1793
0703002-0918-11-09-gnss_raw.txt,2436,443354.700,FINESTEERING,SOL_COMPUTED,SINGLE,26,14,3.0934,8.0067,0.7,1793
0703002-0918-11-09-gnss_raw.txt,2436,443354.800,FINESTEERING,SOL_COMPUTED,SINGLE,26,14,3.1725,8.2117,0.8,1793
0703002-0918-11-09-gnss_raw.txt,2436,443354.900,FINESTEERING,SOL_COMPUTED,SINGLE,26,14,3.2443,8.3965,0.9,1793
0703002-0918-11-09-gnss_raw.txt,2436,443355.000,FINESTEERING,SOL_COMPUTED,SINGLE,26,13,2.8369,7.3394,1.0,1793
0703002-0918-11-09-gnss_raw.txt,2436,443355.100,FINESTEERING,SOL_COMPUTED,SINGLE,26,13,2.7348,7.0743,1.1,1793
0703002-0918-11-09-gnss_raw.txt,2436,443355.200,FINESTEERING,SOL_COMPUTED,SINGLE,26,13,2.6395,6.8295,1.2,1793
0703002-0918-11-09-gnss_raw.txt,2436,443355.300,FINESTEERING,SOL_COMPUTED,SINGLE,26,14,3.0315,7.8459,1.3,1793
0703002-0918-11-09-gnss_raw.txt,2436,443355.400,FINESTEERING,SOL_COMPUTED,SINGLE,26,14,3.3581,8.6909,1.4,1793
0703002-0918-11-09-gnss_raw.txt,2436,443355.500,FINESTEERING,SOL_COMPUTED,SINGLE,26,14,3.5685,9.2379,1.5,1793
0703002-0918-11-09-gnss_raw.txt,2436,443355.600,FINESTEERING,SOL_COMPUTED,SINGLE,26,13,2.9701,7.6944,1.6,1793
0703002-0918-11-09-gnss_raw.txt,2436,443355.700,FINESTEERING,SOL_COMPUTED,SINGLE,26,14,3.176,8.228,0.7,1793
0703002-0918-11-09-gnss_raw.txt,2436,443355.800,FINESTEERING,SOL_COMPUTED,SINGLE,26,14,3.2235,8.3532,0.8,1793
0703002-0918-11-09-gnss_raw.txt,2436,443355.900,FINESTEERING,SOL_COMPUTED,SINGLE,26,14,3.2949,8.5715,0.9,1793
0703002-0918-11-09-gnss_raw.txt,2436,443356.000,FINESTEERING,SOL_COMPUTED,SINGLE,26,14,3.4192,8.9141,1.0,1793
0703002-0918-11-09-gnss_raw.txt,2436,443356.100,FINESTEERING,SOL_COMPUTED,SINGLE,26,17,3.2667,8.5326,1.1,1793
0703002-0918-11-09-gnss_raw.txt,2436,443356.200,FINESTEERING,SOL_COMPUTED,SINGLE,26,17,3.3291,8.7136,1.2,1793
0703002-0918-11-09-gnss_raw.txt,2436,443356.300,FINESTEERING,SOL_COMPUTED,SINGLE,26,17,3.2063,8.4071,1.3,1793
0703002-0918-11-09-gnss_raw.txt,2436,443356.400,FINESTEERING,SOL_COMPUTED,SINGLE,26,17,3.2624,8.566,1.4,1793
0703002-0918-11-09-gnss_raw.txt,2436,443356.500,FINESTEERING,SOL_COMPUTED,SINGLE,26,17,3.1844,8.3763,1.5,1793
0703002-0918-11-09-gnss_raw.txt,2436,443356.600,FINESTEERING,SOL_COMPUTED,SINGLE,26,17,3.1293,8.2581,1.6,1793
0703002-0918-11-09-gnss_raw.txt,2436,443356.700,FINESTEERING,SOL_COMPUTED,SINGLE,26,17,3.1854,8.4114,1.7,1793
0703002-0918-11-09-gnss_raw.txt,2436,443356.800,FINESTEERING,SOL_COMPUTED,SINGLE,26,17,3.2382,8.5555,1.8,1793
0703002-0918-11-09-gnss_raw.txt,2436,443356.900,FINESTEERING,SOL_COMPUTED,SINGLE,26,17,3.2739,8.6604,0.9,1793
0703002-0918-11-09-gnss_raw.txt,2436,443357.000,FINESTEERING,SOL_COMPUTED,SINGLE,26,17,3.4508,9.145,1.0,1793
0703002-0918-11-09-gnss_raw.txt,2436,443357.100,FINESTEERING,SOL_COMPUTED,SINGLE,26,17,3.5452,9.4022,1.1,1793
0703002-0918-11-09-gnss_raw.txt,2436,443357.200,FINESTEERING,SOL_COMPUTED,SINGLE,26,17,3.2223,8.556,1.2,1793
0703002-0918-11-09-gnss_raw.txt,2436,443357.300,FINESTEERING,SOL_COMPUTED,SINGLE,26,17,3.1126,8.2622,1.3,1793
0703002-0918-11-09-gnss_raw.txt,2436,443357.400,FINESTEERING,SOL_COMPUTED,SINGLE,26,17,2.9978,7.9618,1.4,1793
0703002-0918-11-09-gnss_raw.txt,2436,443357.500,FINESTEERING,SOL_COMPUTED,SINGLE,26,17,2.8287,7.5122,1.5,1793
0703002-0918-11-09-gnss_raw.txt,2436,443357.600,FINESTEERING,SOL_COMPUTED,SINGLE,26,14,3.2415,8.6105,1.6,1793
0703002-0918-11-09-gnss_raw.txt,2436,443357.700,FINESTEERING,SOL_COMPUTED,SINGLE,26,17,3.073,8.1774,1.7,1793
0703002-0918-11-09-gnss_raw.txt,2436,443357.800,FINESTEERING,SOL_COMPUTED,SINGLE,26,17,2.9402,7.8361,1.8,1793
0703002-0918-11-09-gnss_raw.txt,2436,443357.900,FINESTEERING,SOL_COMPUTED,SINGLE,26,17,3.0312,8.1003,0.9,1793
0703002-0918-11-09-gnss_raw.txt,2436,443358.000,FINESTEERING,SOL_COMPUTED,SINGLE,26,17,3.1425,8.4209,1.0,1793
0703002-0918-11-09-gnss_raw.txt,2436,443358.100,FINESTEERING,SOL_COMPUTED,SINGLE,26,17,2.9682,7.9597,1.1,1793
0703002-0918-11-09-gnss_raw.txt,2436,443358.200,FINESTEERING,SOL_COMPUTED,SINGLE,26,17,2.9697,7.9567,1.2,1793
0703002-0918-11-09-gnss_raw.txt,2436,443358.300,FINESTEERING,SOL_COMPUTED,SINGLE,26,17,3.1274,8.3721,1.3,1793
0703002-0918-11-09-gnss_raw.txt,2436,443358.400,FINESTEERING,SOL_COMPUTED,SINGLE,26,17,2.9757,7.9742,1.4,1793
0703002-0918-11-09-gnss_raw.txt,2436,443358.500,FINESTEERING,SOL_COMPUTED,SINGLE,26,17,2.9219,7.8346,1.5,1793
0703002-0918-11-09-gnss_raw.txt,2436,443358.600,FINESTEERING,SOL_COMPUTED,SINGLE,26,17,3.0205,8.0967,1.6,1793
0703002-0918-11-09-gnss_raw.txt,2436,443358.700,FINESTEERING,SOL_COMPUTED,SINGLE,26,17,3.2164,8.621,1.7,1793
0703002-0918-11-09-gnss_raw.txt,2436,443358.800,FINESTEERING,SOL_COMPUTED,SINGLE,26,17,3.1786,8.517,1.8,1793
0703002-0918-11-09-gnss_raw.txt,2436,443358.900,FINESTEERING,SOL_COMPUTED,SINGLE,26,14,3.0064,8.0732,1.9,1793
0703002-0918-11-09-gnss_raw.txt,2436,443359.000,FINESTEERING,SOL_COMPUTED,SINGLE,26,14,3.1764,8.5477,1.0,1793
0703002-0918-11-09-gnss_raw.txt,2436,443359.100,FINESTEERING,SOL_COMPUTED,SINGLE,26,14,3.0428,8.1831,1.1,1793
0703002-0918-11-09-gnss_raw.txt,2436,443359.200,FINESTEERING,SOL_COMPUTED,SINGLE,26,14,3.2617,8.7665,1.2,1793
0703002-0918-11-09-gnss_raw.txt,2436,443359.300,FINESTEERING,SOL_COMPUTED,SINGLE,26,14,3.0201,8.1341,1.3,1793
0703002-0918-11-09-gnss_raw.txt,2436,443359.400,FINESTEERING,SOL_COMPUTED,SINGLE,26,14,2.8917,7.7991,1.4,1793
0703002-0918-11-09-gnss_raw.txt,2436,443359.500,FINESTEERING,SOL_COMPUTED,SINGLE,26,14,3.2717,8.8365,1.5,1793
0703002-0918-11-09-gnss_raw.txt,2436,443359.600,FINESTEERING,SOL_COMPUTED,SINGLE,26,14,3.0988,8.3666,1.6,1793
0703002-0918-11-09-gnss_raw.txt,2436,443359.700,FINESTEERING,SOL_COMPUTED,SINGLE,26,14,3.0517,8.2351,1.7,1793
0703002-0918-11-09-gnss_raw.txt,2436,443359.800,FINESTEERING,SOL_COMPUTED,SINGLE,26,14,3.5806,9.6553,1.8,1793
0703002-0918-11-09-gnss_raw.txt,2436,443359.900,FINESTEERING,SOL_COMPUTED,SINGLE,26,14,3.1959,8.6162,0.9,1793
0703002-0918-11-09-gnss_raw.txt,2436,443360.000,FINESTEERING,SOL_COMPUTED,SINGLE,26,14,3.056,8.2387,1.0,1793
0703002-0918-11-09-gnss_raw.txt,2436,443360.100,FINESTEERING,SOL_COMPUTED,SINGLE,26,14,2.9128,7.862,1.1,1793
0703002-0918-11-09-gnss_raw.txt,2436,443360.200,FINESTEERING,SOL_COMPUTED,SINGLE,26,14,2.8646,7.722,1.2,1793
0703002-0918-11-09-gnss_raw.txt,2436,443360.300,FINESTEERING,SOL_COMPUTED,SINGLE,26,14,3.4065,9.1692,1.3,1793
0703002-0918-11-09-gnss_raw.txt,2436,443360.400,FINESTEERING,SOL_COMPUTED,SINGLE,26,14,3.3034,8.8812,1.4,1793
0703002-0918-11-09-gnss_raw.txt,2436,443360.500,FINESTEERING,SOL_COMPUTED,SINGLE,26,14,3.2758,8.7977,1.5,1793
0703002-0918-11-09-gnss_raw.txt,2436,443360.600,FINESTEERING,SOL_COMPUTED,SINGLE,26,14,2.9509,7.9377,1.6,1793
0703002-0918-11-09-gnss_raw.txt,2436,443360.700,FINESTEERING,SOL_COMPUTED,SINGLE,26,14,3.1332,8.4353,1.7,1793
0703002-0918-11-09-gnss_raw.txt,2436,443360.800,FINESTEERING,SOL_COMPUTED,SINGLE,26,14,3.1147,8.3845,1.8,1793
0703002-0918-11-09-gnss_raw.txt,2436,443360.900,FINESTEERING,SOL_COMPUTED,SINGLE,26,14,2.8907,7.7773,0.9,1793
0703002-0918-11-09-gnss_raw.txt,2436,443361.000,FINESTEERING,SOL_COMPUTED,SINGLE,26,17,3.0685,8.2609,1.0,1793
0703002-0918-11-09-gnss_raw.txt,2436,443361.100,FINESTEERING,SOL_COMPUTED,SINGLE,26,17,2.8423,7.6507,1.1,1793
0703002-0918-11-09-gnss_raw.txt,2436,443361.200,FINESTEERING,SOL_COMPUTED,SINGLE,26,17,2.844,7.6513,1.2,1793
0703002-0918-11-09-gnss_raw.txt,2436,443361.300,FINESTEERING,SOL_COMPUTED,SINGLE,25,14,2.8284,7.6089,1.3,1793
0703002-0918-11-09-gnss_raw.txt,2436,443361.400,FINESTEERING,SOL_COMPUTED,SINGLE,25,14,3.0621,8.2349,1.4,1793
0703002-0918-11-09-gnss_raw.txt,2436,443361.500,FINESTEERING,SOL_COMPUTED,SINGLE,25,14,3.0233,8.1277,1.5,1793
0703002-0918-11-09-gnss_raw.txt,2436,443361.600,FINESTEERING,SOL_COMPUTED,SINGLE,25,14,2.9767,8.001,1.6,1793
0703002-0918-11-09-gnss_raw.txt,2436,443361.700,FINESTEERING,SOL_COMPUTED,SINGLE,25,14,3.1035,8.3385,1.7,1793
0703002-0918-11-09-gnss_raw.txt,2436,443361.800,FINESTEERING,SOL_COMPUTED,SINGLE,25,14,2.8696,7.7012,1.8,1793
0703002-0918-11-09-gnss_raw.txt,2436,443361.900,FINESTEERING,SOL_COMPUTED,SINGLE,25,14,3.0242,8.1099,1.9,1793
0703002-0918-11-09-gnss_raw.txt,2436,443362.000,FINESTEERING,SOL_COMPUTED,SINGLE,25,14,2.9769,7.9719,1.0,1793
0703002-0918-11-09-gnss_raw.txt,2436,443362.100,FINESTEERING,SOL_COMPUTED,SINGLE,25,14,2.8322,7.5741,1.1,1793
0703002-0918-11-09-gnss_raw.txt,2436,443362.200,FINESTEERING,SOL_COMPUTED,SINGLE,25,14,2.6832,7.1658,1.2,1793
0703002-0918-11-09-gnss_raw.txt,2436,443362.300,FINESTEERING,SOL_COMPUTED,SINGLE,25,15,3.0699,8.1897,1.3,1793
0703002-0918-11-09-gnss_raw.txt,2436,443362.400,FINESTEERING,SOL_COMPUTED,SINGLE,25,15,2.8498,7.5951,1.4,1793
0703002-0918-11-09-gnss_raw.txt,2436,443362.500,FINESTEERING,SOL_COMPUTED,SINGLE,25,15,2.7983,7.4512,1.5,1793
0703002-0918-11-09-gnss_raw.txt,2436,443362.600,FINESTEERING,SOL_COMPUTED,SINGLE,25,15,2.9773,7.9199,1.6,1793
0703002-0918-11-09-gnss_raw.txt,2436,443362.700,FINESTEERING,SOL_COMPUTED,SINGLE,25,15,3.0723,8.1642,0.7,1793
0703002-0918-11-09-gnss_raw.txt,2436,443362.800,FINESTEERING,SOL_COMPUTED,SINGLE,25,15,3.2853,8.7228,0.8,1793
0703002-0918-11-09-gnss_raw.txt,2436,443362.900,FINESTEERING,SOL_COMPUTED,SINGLE,25,15,3.2897,8.7261,0.9,1793
0703002-0918-11-09-gnss_raw.txt,2436,443363.000,FINESTEERING,SOL_COMPUTED,SINGLE,25,15,3.4497,9.1418,1.0,1793
0703002-0918-11-09-gnss_raw.txt,2436,443363.100,FINESTEERING,SOL_COMPUTED,SINGLE,25,15,3.2688,8.6562,1.1,1793
0703002-0918-11-09-gnss_raw.txt,2436,443363.200,FINESTEERING,SOL_COMPUTED,SINGLE,25,15,3.5134,9.2946,1.2,1793
0703002-0918-11-09-gnss_raw.txt,2436,443363.300,FINESTEERING,SOL_COMPUTED,SINGLE,25,15,2.99,7.9054,1.3,1793
0703002-0918-11-09-gnss_raw.txt,2436,443363.400,FINESTEERING,SOL_COMPUTED,SINGLE,25,15,3.2012,8.4575,1.4,1793
0703002-0918-11-09-gnss_raw.txt,2436,443363.500,FINESTEERING,SOL_COMPUTED,SINGLE,25,15,3.2364,8.5435,1.5,1793
0703002-0918-11-09-gnss_raw.txt,2436,443363.600,FINESTEERING,SOL_COMPUTED,SINGLE,25,14,2.9909,7.887,1.6,1793
0703002-0918-11-09-gnss_raw.txt,2436,443363.700,FINESTEERING,SOL_COMPUTED,SINGLE,25,14,3.235,8.5211,1.7,1793
0703002-0918-11-09-gnss_raw.txt,2436,443363.800,FINESTEERING,SOL_COMPUTED,SINGLE,25,14,3.1731,8.3509,1.8,1793
0703002-0918-11-09-gnss_raw.txt,2436,443363.900,FINESTEERING,SOL_COMPUTED,SINGLE,25,14,3.0674,8.0645,1.9,1793
0703002-0918-11-09-gnss_raw.txt,2436,443364.000,FINESTEERING,SOL_COMPUTED,SINGLE,25,14,3.066,8.054,1.0,1793
0703002-0918-11-09-gnss_raw.txt,2436,443364.100,FINESTEERING,SOL_COMPUTED,SINGLE,25,14,3.2124,8.4296,1.1,1793
0703002-0918-11-09-gnss_raw.txt,2436,443364.200,FINESTEERING,SOL_COMPUTED,SINGLE,25,14,3.0183,7.9133,1.2,1793
0703002-0918-11-09-gnss_raw.txt,2436,443364.300,FINESTEERING,SOL_COMPUTED,SINGLE,25,14,3.1229,8.1789,1.3,1793
0703002-0918-11-09-gnss_raw.txt,2436,443364.400,FINESTEERING,SOL_COMPUTED,SINGLE,25,14,3.2132,8.4063,1.4,1793
0703002-0918-11-09-gnss_raw.txt,2436,443364.500,FINESTEERING,SOL_COMPUTED,SINGLE,25,14,2.99,7.8123,1.5,1793
0703002-0918-11-09-gnss_raw.txt,2436,443364.600,FINESTEERING,SOL_COMPUTED,SINGLE,25,14,3.0415,7.9398,1.6,1793
0703002-0918-11-09-gnss_raw.txt,2436,443364.700,FINESTEERING,SOL_COMPUTED,SINGLE,25,13,2.7727,7.2291,1.7,1793
0703002-0918-11-09-gnss_raw.txt,2436,443364.800,FINESTEERING,SOL_COMPUTED,SINGLE,25,14,2.602,6.7796,1.8,1793
0703002-0918-11-09-gnss_raw.txt,2436,443364.900,FINESTEERING,SOL_COMPUTED,SINGLE,25,13,2.5626,6.67,1.9,1793
0703002-0918-11-09-gnss_raw.txt,2436,443365.000,FINESTEERING,SOL_COMPUTED,SINGLE,25,13,2.9911,7.776,1.0,1793
0703002-0918-11-09-gnss_raw.txt,2436,443365.100,FINESTEERING,SOL_COMPUTED,SINGLE,25,14,3.2405,8.4174,1.1,1793
0703002-0918-11-09-gnss_raw.txt,2436,443365.200,FINESTEERING,SOL_COMPUTED,SINGLE,25,14,3.104,8.057,1.2,1793
0703002-0918-11-09-gnss_raw.txt,2436,443365.300,FINESTEERING,SOL_COMPUTED,SINGLE,25,14,3.1073,8.0611,1.3,1793
0703002-0918-11-09-gnss_raw.txt,2436,443365.400,FINESTEERING,SOL_COMPUTED,SINGLE,25,13,2.9278,7.5912,1.4,1793
0703002-0918-11-09-gnss_raw.txt,2436,443365.500,FINESTEERING,SOL_COMPUTED,SINGLE,25,14,3.3327,8.6351,1.5,1793
0703002-0918-11-09-gnss_raw.txt,2436,443365.600,FINESTEERING,SOL_COMPUTED,SINGLE,25,13,2.8397,7.3527,1.6,1793
0703002-0918-11-09-gnss_raw.txt,2436,443365.700,FINESTEERING,SOL_COMPUTED,SINGLE,25,13,2.9423,7.6153,1.7,1793
0703002-0918-11-09-gnss_raw.txt,2436,443365.800,FINESTEERING,SOL_COMPUTED,SINGLE,25,14,3.3217,8.592,0.8,1793
0703002-0918-11-09-gnss_raw.txt,2436,443365.900,FINESTEERING,SOL_COMPUTED,SINGLE,25,14,3.1024,8.0186,0.9,1793
0703002-0918-11-09-gnss_raw.txt,2436,443366.000,FINESTEERING,SOL_COMPUTED,SINGLE,25,15,3.0598,7.9045,1.0,1793
0703002-0918-11-09-gnss_raw.txt,2436,443366.100,FINESTEERING,SOL_COMPUTED,SINGLE,25,14,3.2996,8.5184,1.1,1793
0703002-0918-11-09-gnss_raw.txt,2436,443366.200,FINESTEERING,SOL_COMPUTED,SINGLE,25,14,3.2338,8.346,1.2,1793
0703002-0918-11-09-gnss_raw.txt,2436,443366.300,FINESTEERING,SOL_COMPUTED,SINGLE,24,15,2.9989,7.7388,1.3,1793
0703002-0918-11-09-gnss_raw.txt,2436,443366.400,FINESTEERING,SOL_COMPUTED,SINGLE,25,14,3.2394,8.364,1.4,1793
0703002-0918-11-09-gnss_raw.txt,2436,443366.500,FINESTEERING,SOL_COMPUTED,SINGLE,25,14,3.3199,8.581,1.5,1793
0703002-0918-11-09-gnss_raw.txt,2436,443366.600,FINESTEERING,SOL_COMPUTED,SINGLE,25,14,3.1697,8.1973,1.6,1793
0703002-0918-11-09-gnss_raw.txt,2436,443366.700,FINESTEERING,SOL_COMPUTED,SINGLE,25,14,3.2426,8.3844,1.7,1793
0703002-0918-11-09-gnss_raw.txt,2436,443366.800,FINESTEERING,SOL_COMPUTED,SINGLE,25,15,3.0335,7.8443,1.8,1793
0703002-0918-11-09-gnss_raw.txt,2436,443366.900,FINESTEERING,SOL_COMPUTED,SINGLE,25,14,2.971,7.6828,0.9,1793
0703002-0918-11-09-gnss_raw.txt,2436,443367.000,FINESTEERING,SOL_COMPUTED,SINGLE,25,14,2.9141,7.5407,1.0,1793
0703002-0918-11-09-gnss_raw.txt,2436,443367.100,FINESTEERING,SOL_COMPUTED,SINGLE,25,15,2.9671,7.6845,1.1,1793
0703002-0918-11-09-gnss_raw.txt,2436,443367.200,FINESTEERING,SOL_COMPUTED,SINGLE,25,14,2.9772,7.7142,1.2,1793
0703002-0918-11-09-gnss_raw.txt,2436,443367.300,FINESTEERING,SOL_COMPUTED,SINGLE,25,14,2.9627,7.6782,1.3,1793
0703002-0918-11-09-gnss_raw.txt,2436,443367.400,FINESTEERING,SOL_COMPUTED,SINGLE,25,12,2.8754,7.4506,1.4,1793
0703002-0918-11-09-gnss_raw.txt,2436,443367.500,FINESTEERING,SOL_COMPUTED,SINGLE,25,13,3.1559,8.1741,1.5,1793
0703002-0918-11-09-gnss_raw.txt,2436,443367.600,FINESTEERING,SOL_COMPUTED,SINGLE,25,12,2.6619,6.8934,1.6,1793
0703002-0918-11-09-gnss_raw.txt,2436,443367.700,FINESTEERING,SOL_COMPUTED,SINGLE,25,12,2.6908,6.9656,1.7,1793
0703002-0918-11-09-gnss_raw.txt,2436,443367.800,FINESTEERING,SOL_COMPUTED,SINGLE,25,13,2.5824,6.685,1.8,1793
0703002-0918-11-09-gnss_raw.txt,2436,443367.900,FINESTEERING,SOL_COMPUTED,SINGLE,25,13,2.7318,7.0717,0.9,1793
0703002-0918-11-09-gnss_raw.txt,2436,443368.000,FINESTEERING,SOL_COMPUTED,SINGLE,25,13,3.2002,8.287,1.0,1793
0703002-0918-11-09-gnss_raw.txt,2436,443368.100,FINESTEERING,SOL_COMPUTED,SINGLE,25,13,2.8779,7.454,1.1,1793
0703002-0918-11-09-gnss_raw.txt,2436,443368.200,FINESTEERING,SOL_COMPUTED,SINGLE,25,14,2.7391,7.0987,1.2,1793
0703002-0918-11-09-gnss_raw.txt,2436,443368.300,FINESTEERING,SOL_COMPUTED,SINGLE,25,14,2.7992,7.252,1.3,1793
0703002-0918-11-09-gnss_raw.txt,2436,443368.400,FINESTEERING,SOL_COMPUTED,SINGLE,25,14,2.8077,7.2743,1.4,1793
0703002-0918-11-09-gnss_raw.txt,2436,443368.500,FINESTEERING,SOL_COMPUTED,SINGLE,25,13,3.054,7.9097,1.5,1793
0703002-0918-11-09-gnss_raw.txt,2436,443368.600,FINESTEERING,SOL_COMPUTED,SINGLE,25,11,2.4782,6.4216,1.6,1793
0703002-0918-11-09-gnss_raw.txt,2436,443368.700,FINESTEERING,SOL_COMPUTED,SINGLE,25,14,2.8705,7.4405,1.7,1793
0703002-0918-11-09-gnss_raw.txt,2436,443368.800,FINESTEERING,SOL_COMPUTED,SINGLE,25,14,2.8347,7.3552,1.8,1793
0703002-0918-11-09-gnss_raw.txt,2436,443368.900,FINESTEERING,SOL_COMPUTED,SINGLE,25,14,2.8046,7.2812,1.9,1793
0703002-0918-11-09-gnss_raw.txt,2436,443369.000,FINESTEERING,SOL_COMPUTED,SINGLE,25,13,2.7979,7.264,1.0,1793
0703002-0918-11-09-gnss_raw.txt,2436,443369.100,FINESTEERING,SOL_COMPUTED,SINGLE,25,12,2.5015,6.4986,1.1,1793
0703002-0918-11-09-gnss_raw.txt,2436,443369.200,FINESTEERING,SOL_COMPUTED,SINGLE,25,13,2.8661,7.4471,1.2,1793
0703002-0918-11-09-gnss_raw.txt,2436,443369.300,FINESTEERING,SOL_COMPUTED,SINGLE,25,14,3.3496,8.7024,1.3,1793
0703002-0918-11-09-gnss_raw.txt,2436,443369.400,FINESTEERING,SOL_COMPUTED,SINGLE,25,13,2.9963,7.7831,1.4,1793
0703002-0918-11-09-gnss_raw.txt,2436,443369.500,FINESTEERING,SOL_COMPUTED,SINGLE,25,14,3.0482,7.9169,1.5,1793
0703002-0918-11-09-gnss_raw.txt,2436,443369.600,FINESTEERING,SOL_COMPUTED,SINGLE,25,14,2.7104,7.0382,1.6,1793
0703002-0918-11-09-gnss_raw.txt,2436,443369.700,FINESTEERING,SOL_COMPUTED,SINGLE,25,13,2.7324,7.0956,1.7,1793
0703002-0918-11-09-gnss_raw.txt,2436,443369.800,FINESTEERING,SOL_COMPUTED,SINGLE,25,13,2.9886,7.7592,1.8,1793
0703002-0918-11-09-gnss_raw.txt,2436,443369.900,FINESTEERING,SOL_COMPUTED,SINGLE,25,13,3.0075,7.8069,1.9,1793
0703002-0918-11-09-gnss_raw.txt,2436,443370.000,FINESTEERING,SOL_COMPUTED,SINGLE,25,13,3.1412,8.1496,2.0,1793
0703002-0918-11-09-gnss_raw.txt,2436,443370.100,FINESTEERING,SOL_COMPUTED,SINGLE,25,13,3.2176,8.3448,1.1,1793
0703002-0918-11-09-gnss_raw.txt,2436,443370.200,FINESTEERING,SOL_COMPUTED,SINGLE,25,13,2.9762,7.716,1.2,1793
0703002-0918-11-09-gnss_raw.txt,2436,443370.300,FINESTEERING,SOL_COMPUTED,SINGLE,25,13,2.8906,7.4969,1.3,1793
0703002-0918-11-09-gnss_raw.txt,2436,443370.400,FINESTEERING,SOL_COMPUTED,SINGLE,25,13,2.7511,7.1344,1.4,1793
0703002-0918-11-09-gnss_raw.txt,2436,443370.500,FINESTEERING,SOL_COMPUTED,SINGLE,25,12,2.3967,6.2129,1.5,1793
0703002-0918-11-09-gnss_raw.txt,2436,443370.600,FINESTEERING,SOL_COMPUTED,SINGLE,25,12,2.3727,6.1537,1.6,1793
0703002-0918-11-09-gnss_raw.txt,2436,443370.700,FINESTEERING,SOL_COMPUTED,SINGLE,25,13,2.8825,7.4768,1.7,1793
0703002-0918-11-09-gnss_raw.txt,2436,443370.800,FINESTEERING,SOL_COMPUTED,SINGLE,25,13,2.7125,7.0402,0.8,1793
0703002-0918-11-09-gnss_raw.txt,2436,443370.900,FINESTEERING,SOL_COMPUTED,SINGLE,25,13,2.7578,7.1567,0.9,1793
0703002-0918-11-09-gnss_raw.txt,2436,443371.000,FINESTEERING,SOL_COMPUTED,SINGLE,25,13,2.6957,6.9944,1.0,1793
0703002-0918-11-09-gnss_raw.txt,2436,443371.100,FINESTEERING,SOL_COMPUTED,SINGLE,25,13,2.8308,7.3403,1.1,1793
0703002-0918-11-09-gnss_raw.txt,2436,443371.200,FINESTEERING,SOL_COMPUTED,SINGLE,25,13,2.7452,7.1176,1.2,1793
0703002-0918-11-09-gnss_raw.txt,2436,443371.300,FINESTEERING,SOL_COMPUTED,SINGLE,26,13,2.7379,7.1013,1.3,1793
0703002-0918-11-09-gnss_raw.txt,2436,443371.400,FINESTEERING,SOL_COMPUTED,SINGLE,25,12,2.377,6.1626,1.4,1793
0703002-0918-11-09-gnss_raw.txt,2436,443371.500,FINESTEERING,SOL_COMPUTED,SINGLE,25,13,2.7201,7.0489,1.5,1793
0703002-0918-11-09-gnss_raw.txt,2436,443371.600,FINESTEERING,SOL_COMPUTED,SINGLE,25,13,2.7865,7.2186,1.6,1793
0703002-0918-11-09-gnss_raw.txt,2436,443371.700,FINESTEERING,SOL_COMPUTED,SINGLE,25,13,2.9957,7.7569,1.7,1793
0703002-0918-11-09-gnss_raw.txt,2436,443371.800,FINESTEERING,SOL_COMPUTED,SINGLE,25,13,2.7035,6.9982,1.8,1793
0703002-0918-11-09-gnss_raw.txt,2436,443371.900,FINESTEERING,SOL_COMPUTED,SINGLE,25,13,2.7682,7.185,1.9,1793
0703002-0918-11-09-gnss_raw.txt,2436,443372.000,FINESTEERING,SOL_COMPUTED,SINGLE,25,13,3.0704,7.9673,1.0,1793
0703002-0918-11-09-gnss_raw.txt,2436,443372.100,FINESTEERING,SOL_COMPUTED,SINGLE,25,13,2.8496,7.4049,1.1,1793
0703002-0918-11-09-gnss_raw.txt,2436,443372.200,FINESTEERING,SOL_COMPUTED,SINGLE,25,13,2.7873,7.2605,1.2,1793
0703002-0918-11-09-gnss_raw.txt,2436,443372.300,FINESTEERING,SOL_COMPUTED,SINGLE,25,13,2.8011,7.3199,1.3,1793
0703002-0918-11-09-gnss_raw.txt,2436,443372.400,FINESTEERING,SOL_COMPUTED,SINGLE,25,12,2.3739,6.2169,1.4,1793
0703002-0918-11-09-gnss_raw.txt,2436,443372.500,FINESTEERING,SOL_COMPUTED,SINGLE,25,13,2.6328,6.9175,1.5,1793
0703002-0918-11-09-gnss_raw.txt,2436,443372.600,FINESTEERING,SOL_COMPUTED,SINGLE,25,13,2.584,6.8098,1.6,1793
0703002-0918-11-09-gnss_raw.txt,2436,443372.700,FINESTEERING,SOL_COMPUTED,SINGLE,25,13,2.5727,6.7894,1.7,1793
0703002-0918-11-09-gnss_raw.txt,2436,443372.800,FINESTEERING,SOL_COMPUTED,SINGLE,25,12,2.2275,5.89,0.8,1793
0703002-0918-11-09-gnss_raw.txt,2436,443372.900,FINESTEERING,SOL_COMPUTED,SINGLE,25,13,2.4423,6.4691,0.9,1793
0703002-0918-11-09-gnss_raw.txt,2436,443373.000,FINESTEERING,SOL_COMPUTED,SINGLE,25,14,2.6329,6.9673,1.0,1793
0703002-0918-11-09-gnss_raw.txt,2436,443373.100,FINESTEERING,SOL_COMPUTED,SINGLE,25,14,2.7677,7.3276,1.1,1793
0703002-0918-11-09-gnss_raw.txt,2436,443373.200,FINESTEERING,SOL_COMPUTED,SINGLE,25,13,2.5669,6.7972,1.2,1793
0703002-0918-11-09-gnss_raw.txt,2436,443373.300,FINESTEERING,SOL_COMPUTED,SINGLE,25,13,2.9019,7.6845,1.3,1793
0703002-0918-11-09-gnss_raw.txt,2436,443373.400,FINESTEERING,SOL_COMPUTED,SINGLE,25,13,2.7963,7.4036,1.4,1793
0703002-0918-11-09-gnss_raw.txt,2436,443373.500,FINESTEERING,SOL_COMPUTED,SINGLE,25,12,2.3434,6.2066,1.5,1793
0703002-0918-11-09-gnss_raw.txt,2436,443373.600,FINESTEERING,SOL_COMPUTED,SINGLE,25,13,2.7989,7.4154,1.6,1793
0703002-0918-11-09-gnss_raw.txt,2436,443373.700,FINESTEERING,SOL_COMPUTED,SINGLE,25,12,2.3387,6.1879,1.7,1793
0703002-0918-11-09-gnss_raw.txt,2436,443373.800,FINESTEERING,SOL_COMPUTED,SINGLE,25,12,2.4297,6.4187,0.8,1793
0703002-0918-11-09-gnss_raw.txt,2436,443373.900,FINESTEERING,SOL_COMPUTED,SINGLE,25,13,2.6857,7.0997,0.9,1793
0703002-0918-11-09-gnss_raw.txt,2436,443374.000,FINESTEERING,SOL_COMPUTED,SINGLE,25,12,2.3796,6.2941,1.0,1793
0703002-0918-11-09-gnss_raw.txt,2436,443374.100,FINESTEERING,SOL_COMPUTED,SINGLE,25,13,2.3855,6.3126,1.1,1793
0703002-0918-11-09-gnss_raw.txt,2436,443374.200,FINESTEERING,SOL_COMPUTED,SINGLE,25,11,2.4347,6.4318,1.2,1793
0703002-0918-11-09-gnss_raw.txt,2436,443374.300,FINESTEERING,SOL_COMPUTED,SINGLE,25,12,2.3379,6.1769,1.3,1793
0703002-0918-11-09-gnss_raw.txt,2436,443374.400,FINESTEERING,SOL_COMPUTED,SINGLE,25,11,2.2767,6.0154,1.4,1793
0703002-0918-11-09-gnss_raw.txt,2436,443374.500,FINESTEERING,SOL_COMPUTED,SINGLE,25,12,2.3317,6.152,1.5,1793
0703002-0918-11-09-gnss_raw.txt,2436,443374.600,FINESTEERING,SOL_COMPUTED,SINGLE,25,14,2.5739,6.7827,1.6,1793
0703002-0918-11-09-gnss_raw.txt,2436,443374.700,FINESTEERING,SOL_COMPUTED,SINGLE,25,14,2.6907,7.0817,1.7,1793
0703002-0918-11-09-gnss_raw.txt,2436,443374.800,FINESTEERING,SOL_COMPUTED,SINGLE,25,13,2.3854,6.2701,0.8,1793
0703002-0918-11-09-gnss_raw.txt,2436,443374.900,FINESTEERING,SOL_COMPUTED,SINGLE,25,13,2.4775,6.5037,0.9,1793
0703002-0918-11-09-gnss_raw.txt,2436,443375.000,FINESTEERING,SOL_COMPUTED,SINGLE,25,13,2.6461,6.9409,1.0,1793
0703002-0918-11-09-gnss_raw.txt,2436,443375.100,FINESTEERING,SOL_COMPUTED,SINGLE,25,13,2.3256,6.0947,1.1,1793
0703002-0918-11-09-gnss_raw.txt,2436,443375.200,FINESTEERING,SOL_COMPUTED,SINGLE,25,14,2.5521,6.6829,1.2,1793
0703002-0918-11-09-gnss_raw.txt,2436,443375.300,FINESTEERING,SOL_COMPUTED,SINGLE,25,14,2.3794,6.2374,1.3,1793
0703002-0918-11-09-gnss_raw.txt,2436,443375.400,FINESTEERING,SOL_COMPUTED,SINGLE,25,14,2.7285,7.1546,1.4,1793
0703002-0918-11-09-gnss_raw.txt,2436,443375.500,FINESTEERING,SOL_COMPUTED,SINGLE,25,14,2.8405,7.4485,1.5,1793
0703002-0918-11-09-gnss_raw.txt,2436,443375.600,FINESTEERING,SOL_COMPUTED,SINGLE,25,14,3.0313,7.9546,1.6,1793
0703002-0918-11-09-gnss_raw.txt,2436,443375.700,FINESTEERING,SOL_COMPUTED,SINGLE,25,14,2.6716,7.0032,1.7,1793
0703002-0918-11-09-gnss_raw.txt,2436,443375.800,FINESTEERING,SOL_COMPUTED,SINGLE,25,14,2.5618,6.7196,1.8,1793
0703002-0918-11-09-gnss_raw.txt,2436,443375.900,FINESTEERING,SOL_COMPUTED,SINGLE,25,14,2.6071,6.8303,1.9,1793
0703002-0918-11-09-gnss_raw.txt,2436,443376.000,FINESTEERING,SOL_COMPUTED,SINGLE,25,14,2.7019,7.0707,1.0,1793
0703002-0918-11-09-gnss_raw.txt,2436,443376.100,FINESTEERING,SOL_COMPUTED,SINGLE,25,14,2.7444,7.1737,1.1,1793
0703002-0918-11-09-gnss_raw.txt,2436,443376.200,FINESTEERING,SOL_COMPUTED,SINGLE,25,14,2.6682,6.9665,1.2,1793
0703002-0918-11-09-gnss_raw.txt,2436,443376.300,FINESTEERING,SOL_COMPUTED,SINGLE,25,14,2.7665,7.2137,1.3,1793
0703002-0918-11-09-gnss_raw.txt,2436,443376.400,FINESTEERING,SOL_COMPUTED,SINGLE,25,14,2.4698,6.4492,1.4,1793
0703002-0918-11-09-gnss_raw.txt,2436,443376.500,FINESTEERING,SOL_COMPUTED,SINGLE,25,14,2.3939,6.2477,1.5,1793
0703002-0918-11-09-gnss_raw.txt,2436,443376.600,FINESTEERING,SOL_COMPUTED,SINGLE,25,14,2.549,6.657,1.6,1793
0703002-0918-11-09-gnss_raw.txt,2436,443376.700,FINESTEERING,SOL_COMPUTED,SINGLE,25,14,2.7989,7.3047,1.7,1793
0703002-0918-11-09-gnss_raw.txt,2436,443376.800,FINESTEERING,SOL_COMPUTED,SINGLE,25,14,2.6125,6.8161,1.8,1793
0703002-0918-11-09-gnss_raw.txt,2436,443376.900,FINESTEERING,SOL_COMPUTED,SINGLE,25,14,2.9754,7.7694,1.9,1793
0703002-0918-11-09-gnss_raw.txt,2436,443377.000,FINESTEERING,SOL_COMPUTED,SINGLE,25,13,2.4923,6.5067,1.0,1793
0703002-0918-11-09-gnss_raw.txt,2436,443377.100,FINESTEERING,SOL_COMPUTED,SINGLE,25,14,2.9663,7.7515,1.1,1793
0703002-0918-11-09-gnss_raw.txt,2436,443377.200,FINESTEERING,SOL_COMPUTED,SINGLE,25,14,3.0258,7.9145,1.2,1793
0703002-0918-11-09-gnss_raw.txt,2436,443377.300,FINESTEERING,SOL_COMPUTED,SINGLE,25,14,2.9748,7.7889,1.3,1793
0703002-0918-11-09-gnss_raw.txt,2436,443377.400,FINESTEERING,SOL_COMPUTED,SINGLE,25,14,3.2097,8.4129,1.4,1793
0703002-0918-11-09-gnss_raw.txt,2436,443377.500,FINESTEERING,SOL_COMPUTED,SINGLE,25,14,2.9734,7.7978,1.5,1793
0703002-0918-11-09-gnss_raw.txt,2436,443377.600,FINESTEERING,SOL_COMPUTED,SINGLE,25,13,2.684,7.0407,1.6,1793
0703002-0918-11-09-gnss_raw.txt,2436,443377.700,FINESTEERING,SOL_COMPUTED,SINGLE,25,14,2.9481,7.7417,1.7,1793
0703002-0918-11-09-gnss_raw.txt,2436,443377.800,FINESTEERING,SOL_COMPUTED,SINGLE,25,14,3.1587,8.2896,1.8,1793
0703002-0918-11-09-gnss_raw.txt,2436,443377.900,FINESTEERING,SOL_COMPUTED,SINGLE,25,14,3.2049,8.4068,0.9,1793
0703002-0918-11-09-gnss_raw.txt,2436,443378.000,FINESTEERING,SOL_COMPUTED,SINGLE,25,14,3.2444,8.515,1.0,1793
0703002-0918-11-09-gnss_raw.txt,2436,443378.100,FINESTEERING,SOL_COMPUTED,SINGLE,25,13,2.9839,7.8383,1.1,1793
0703002-0918-11-09-gnss_raw.txt,2436,443378.200,FINESTEERING,SOL_COMPUTED,SINGLE,25,13,2.8476,7.485,1.2,1793
0703002-0918-11-09-gnss_raw.txt,2436,443378.300,FINESTEERING,SOL_COMPUTED,SINGLE,25,14,3.1677,8.3328,1.3,1793
0703002-0918-11-09-gnss_raw.txt,2436,443378.400,FINESTEERING,SOL_COMPUTED,SINGLE,25,14,2.7762,7.3084,1.4,1793
0703002-0918-11-09-gnss_raw.txt,2436,443378.500,FINESTEERING,SOL_COMPUTED,SINGLE,25,17,2.7032,7.117,1.5,1793
0703002-0918-11-09-gnss_raw.txt,2436,443378.600,FINESTEERING,SOL_COMPUTED,SINGLE,25,17,3.0311,7.9833,1.6,1793
0703002-0918-11-09-gnss_raw.txt,2436,443378.700,FINESTEERING,SOL_COMPUTED,SINGLE,25,17,2.8231,7.4447,1.7,1793
0703002-0918-11-09-gnss_raw.txt,2436,443378.800,FINESTEERING,SOL_COMPUTED,SINGLE,25,13,2.9558,7.8006,1.8,1793
0703002-0918-11-09-gnss_raw.txt,2436,443378.900,FINESTEERING,SOL_COMPUTED,SINGLE,25,13,2.8401,7.5001,1.9,1793
0703002-0918-11-09-gnss_raw.txt,2436,443379.000,FINESTEERING,SOL_COMPUTED,SINGLE,26,13,3.2294,8.5169,1.0,1793
0703002-0918-11-09-gnss_raw.txt,2436,443379.100,FINESTEERING,SOL_COMPUTED,SINGLE,26,14,3.3252,8.7611,1.1,1793
0703002-0918-11-09-gnss_raw.txt,2436,443379.200,FINESTEERING,SOL_COMPUTED,SINGLE,26,14,3.0064,7.9123,1.2,1793
0703002-0918-11-09-gnss_raw.txt,2436,443379.300,FINESTEERING,SOL_COMPUTED,SINGLE,26,14,3.1009,8.1513,1.3,1793
0703002-0918-11-09-gnss_raw.txt,2436,443379.400,FINESTEERING,SOL_COMPUTED,SINGLE,26,14,2.933,7.7039,1.4,1793
0703002-0918-11-09-gnss_raw.txt,2436,443379.500,FINESTEERING,SOL_COMPUTED,SINGLE,26,14,2.7755,7.2917,1.5,1793
0703002-0918-11-09-gnss_raw.txt,2436,443379.600,FINESTEERING,SOL_COMPUTED,SINGLE,26,14,3.1081,8.1593,1.6,1793
0703002-0918-11-09-gnss_raw.txt,2436,443379.700,FINESTEERING,SOL_COMPUTED,SINGLE,26,14,2.9219,7.6599,1.7,1793
0703002-0918-11-09-gnss_raw.txt,2436,443379.800,FINESTEERING,SOL_COMPUTED,SINGLE,26,14,3.0178,7.9182,1.8,1793
0703002-0918-11-09-gnss_raw.txt,2436,443379.900,FINESTEERING,SOL_COMPUTED,SINGLE,26,14,3.0932,8.1183,1.9,1793
0703002-0918-11-09-gnss_raw.txt,2436,443380.000,FINESTEERING,SOL_COMPUTED,SINGLE,26,14,3.1067,8.1545,1.0,1793
0703002-0918-11-09-gnss_raw.txt,2436,443380.100,FINESTEERING,SOL_COMPUTED,SINGLE,26,14,2.908,7.6342,1.1,1793
0703002-0918-11-09-gnss_raw.txt,2436,443380.200,FINESTEERING,SOL_COMPUTED,SINGLE,26,14,3.3295,8.7435,1.2,1793
0703002-0918-11-09-gnss_raw.txt,2436,443380.300,FINESTEERING,SOL_COMPUTED,SINGLE,26,14,3.5161,9.2356,1.3,1793
0703002-0918-11-09-gnss_raw.txt,2436,443380.400,FINESTEERING,SOL_COMPUTED,SINGLE,26,14,3.3747,8.8666,1.4,1793
0703002-0918-11-09-gnss_raw.txt,2436,443380.500,FINESTEERING,SOL_COMPUTED,SINGLE,26,14,2.963,7.7852,1.5,1793
0703002-0918-11-09-gnss_raw.txt,2436,443380.600,FINESTEERING,SOL_COMPUTED,SINGLE,26,14,3.4164,8.9749,1.6,1793
0703002-0918-11-09-gnss_raw.txt,2436,443380.700,FINESTEERING,SOL_COMPUTED,SINGLE,25,17,2.8782,7.5665,1.7,1793
0703002-0918-11-09-gnss_raw.txt,2436,443380.800,FINESTEERING,SOL_COMPUTED,SINGLE,25,17,2.9494,7.7613,1.8,1793
0703002-0918-11-09-gnss_raw.txt,2436,443380.900,FINESTEERING,SOL_COMPUTED,SINGLE,25,17,2.9041,7.6424,1.9,1793
0703002-0918-11-09-gnss_raw.txt,2436,443381.000,FINESTEERING,SOL_COMPUTED,SINGLE,25,17,2.8809,7.5838,1.0,1793
0703002-0918-11-09-gnss_raw.txt,2436,443381.100,FINESTEERING,SOL_COMPUTED,SINGLE,25,17,2.6762,7.0519,1.1,1793
0703002-0918-11-09-gnss_raw.txt,2436,443381.200,FINESTEERING,SOL_COMPUTED,SINGLE,25,13,3.19,8.4075,1.2,1793
0703002-0918-11-09-gnss_raw.txt,2436,443381.300,FINESTEERING,SOL_COMPUTED,SINGLE,25,13,3.3523,8.8357,1.3,1793
0703002-0918-11-09-gnss_raw.txt,2436,443381.400,FINESTEERING,SOL_COMPUTED,SINGLE,25,17,2.9103,7.6784,1.4,1793
0703002-0918-11-09-gnss_raw.txt,2436,443381.500,FINESTEERING,SOL_COMPUTED,SINGLE,25,14,3.2546,8.5909,1.5,1793
0703002-0918-11-09-gnss_raw.txt,2436,443381.600,FINESTEERING,SOL_COMPUTED,SINGLE,25,14,3.0975,8.184,1.6,1793
0703002-0918-11-09-gnss_raw.txt,2436,443381.700,FINESTEERING,SOL_COMPUTED,SINGLE,25,14,3.1014,8.2024,1.7,1793
0703002-0918-11-09-gnss_raw.txt,2436,443381.800,FINESTEERING,SOL_COMPUTED,SINGLE,25,14,2.9282,7.7469,1.8,1793
0703002-0918-11-09-gnss_raw.txt,2436,443381.900,FINESTEERING,SOL_COMPUTED,SINGLE,25,15,2.9585,7.8241,0.9,1793
0703002-0918-11-09-gnss_raw.txt,2436,443382.000,FINESTEERING,SOL_COMPUTED,SINGLE,25,15,2.8867,7.6363,1.0,1793
0703002-0918-11-09-gnss_raw.txt,2436,443382.100,FINESTEERING,SOL_COMPUTED,SINGLE,25,15,3.0595,8.0925,1.1,1793
0703002-0918-11-09-gnss_raw.txt,2436,443382.200,FINESTEERING,SOL_COMPUTED,SINGLE,25,15,2.9859,7.8969,1.2,1793
0703002-0918-11-09-gnss_raw.txt,2436,443382.300,FINESTEERING,SOL_COMPUTED,SINGLE,25,15,2.9022,7.6754,1.3,1793
0703002-0918-11-09-gnss_raw.txt,2436,443382.400,FINESTEERING,SOL_COMPUTED,SINGLE,25,14,3.2362,8.5607,1.4,1793
0703002-0918-11-09-gnss_raw.txt,2436,443382.500,FINESTEERING,SOL_COMPUTED,SINGLE,25,14,3.0476,8.056,1.5,1793
0703002-0918-11-09-gnss_raw.txt,2436,443382.600,FINESTEERING,SOL_COMPUTED,SINGLE,25,14,2.9536,7.7977,1.6,1793
0703002-0918-11-09-gnss_raw.txt,2436,443382.700,FINESTEERING,SOL_COMPUTED,SINGLE,25,14,2.8016,7.3915,1.7,1793
0703002-0918-11-09-gnss_raw.txt,2436,443382.800,FINESTEERING,SOL_COMPUTED,SINGLE,25,13,3.1451,8.301,1.8,1793
0703002-0918-11-09-gnss_raw.txt,2436,443382.900,FINESTEERING,SOL_COMPUTED,SINGLE,25,13,2.7391,7.2258,0.9,1793
0703002-0918-11-09-gnss_raw.txt,2436,443383.000,FINESTEERING,SOL_COMPUTED,SINGLE,25,13,3.0698,8.1019,1.0,1793
0703002-0918-11-09-gnss_raw.txt,2436,443383.100,FINESTEERING,SOL_COMPUTED,SINGLE,25,13,3.0716,8.1002,1.1,1793
0703002-0918-11-09-gnss_raw.txt,2436,443383.200,FINESTEERING,SOL_COMPUTED,SINGLE,25,13,3.0042,7.917,1.2,1793
0703002-0918-11-09-gnss_raw.txt,2436,443383.300,FINESTEERING,SOL_COMPUTED,SINGLE,25,13,2.6893,7.082,1.3,1793
0703002-0918-11-09-gnss_raw.txt,2436,443383.400,FINESTEERING,SOL_COMPUTED,SINGLE,25,13,2.8862,7.5965,1.4,1793
0703002-0918-11-09-gnss_raw.txt,2436,443383.500,FINESTEERING,SOL_COMPUTED,SINGLE,25,13,3.0418,7.9962,1.5,1793
0703002-0918-11-09-gnss_raw.txt,2436,443383.600,FINESTEERING,SOL_COMPUTED,SINGLE,25,17,2.9085,7.6397,1.6,1793
0703002-0918-11-09-gnss_raw.txt,2436,443383.700,FINESTEERING,SOL_COMPUTED,SINGLE,25,17,2.7402,7.1926,1.7,1793
0703002-0918-11-09-gnss_raw.txt,2436,443383.800,FINESTEERING,SOL_COMPUTED,SINGLE,25,17,2.8466,7.4676,1.8,1793
0703002-0918-11-09-gnss_raw.txt,2436,443383.900,FINESTEERING,SOL_COMPUTED,SINGLE,25,17,3.1208,8.1816,1.9,1793
0703002-0918-11-09-gnss_raw.txt,2436,443384.000,FINESTEERING,SOL_COMPUTED,SINGLE,25,13,3.4401,9.0084,2.0,1793
0703002-0918-11-09-gnss_raw.txt,2436,443384.100,FINESTEERING,SOL_COMPUTED,SINGLE,25,13,3.541,9.2696,1.1,1793
0703002-0918-11-09-gnss_raw.txt,2436,443384.200,FINESTEERING,SOL_COMPUTED,SINGLE,25,14,3.681,9.6471,1.2,1793
0703002-0918-11-09-gnss_raw.txt,2436,443384.300,FINESTEERING,SOL_COMPUTED,SINGLE,25,14,3.2531,8.5285,1.3,1793
0703002-0918-11-09-gnss_raw.txt,2436,443384.400,FINESTEERING,SOL_COMPUTED,SINGLE,25,14,2.8795,7.5533,1.4,1793
0703002-0918-11-09-gnss_raw.txt,2436,443384.500,FINESTEERING,SOL_COMPUTED,SINGLE,25,14,2.9201,7.6748,1.5,1793
0703002-0918-11-09-gnss_raw.txt,2436,443384.600,FINESTEERING,SOL_COMPUTED,SINGLE,25,14,3.0141,7.9226,1.6,1793
0703002-0918-11-09-gnss_raw.txt,2436,443384.700,FINESTEERING,SOL_COMPUTED,SINGLE,25,14,2.8438,7.4743,1.7,1793
0703002-0918-11-09-gnss_raw.txt,2436,443384.800,FINESTEERING,SOL_COMPUTED,SINGLE,25,14,3.008,7.9171,1.8,1793
0703002-0918-11-09-gnss_raw.txt,2436,443384.900,FINESTEERING,SOL_COMPUTED,SINGLE,25,15,3.1207,8.224,1.9,1793
0703002-0918-11-09-gnss_raw.txt,2436,443385.000,FINESTEERING,SOL_COMPUTED,SINGLE,25,15,3.0044,7.9257,1.0,1793
0703002-0918-11-09-gnss_raw.txt,2436,443385.100,FINESTEERING,SOL_COMPUTED,SINGLE,25,15,2.8839,7.6158,1.1,1793
0703002-0918-11-09-gnss_raw.txt,2436,443385.200,FINESTEERING,SOL_COMPUTED,SINGLE,25,15,3.0768,8.1285,1.2,1793
0703002-0918-11-09-gnss_raw.txt,2436,443385.300,FINESTEERING,SOL_COMPUTED,SINGLE,25,15,3.0363,8.0178,1.3,1793
0703002-0918-11-09-gnss_raw.txt,2436,443385.400,FINESTEERING,SOL_COMPUTED,SINGLE,25,15,2.9557,7.8042,1.4,1793
0703002-0918-11-09-gnss_raw.txt,2436,443385.500,FINESTEERING,SOL_COMPUTED,SINGLE,25,15,3.0084,7.9525,1.5,1793
0703002-0918-11-09-gnss_raw.txt,2436,443385.600,FINESTEERING,SOL_COMPUTED,SINGLE,25,15,3.0229,8.003,1.6,1793
0703002-0918-11-09-gnss_raw.txt,2436,443385.700,FINESTEERING,SOL_COMPUTED,SINGLE,25,15,3.1008,8.2159,0.7,1793
0703002-0918-11-09-gnss_raw.txt,2436,443385.800,FINESTEERING,SOL_COMPUTED,SINGLE,25,15,3.1074,8.2417,0.8,1793
0703002-0918-11-09-gnss_raw.txt,2436,443385.900,FINESTEERING,SOL_COMPUTED,SINGLE,25,15,3.3288,8.8381,0.9,1793
0703002-0918-11-09-gnss_raw.txt,2436,443386.000,FINESTEERING,SOL_COMPUTED,SINGLE,25,15,3.1195,8.2902,1.0,1793
0703002-0918-11-09-gnss_raw.txt,2436,443386.100,FINESTEERING,SOL_COMPUTED,SINGLE,25,15,3.016,8.0216,1.1,1793
0703002-0918-11-09-gnss_raw.txt,2436,443386.200,FINESTEERING,SOL_COMPUTED,SINGLE,25,14,2.9227,7.7744,1.2,1793
0703002-0918-11-09-gnss_raw.txt,2436,443386.300,FINESTEERING,SOL_COMPUTED,SINGLE,25,14,3.2396,8.6159,1.3,1793
0703002-0918-11-09-gnss_raw.txt,2436,443386.400,FINESTEERING,SOL_COMPUTED,SINGLE,25,14,2.7695,7.3688,1.4,1793
0703002-0918-11-09-gnss_raw.txt,2436,443386.500,FINESTEERING,SOL_COMPUTED,SINGLE,25,14,3.2429,8.6396,1.5,1793
0703002-0918-11-09-gnss_raw.txt,2436,443386.600,FINESTEERING,SOL_COMPUTED,SINGLE,25,14,3.0315,8.0816,1.6,1793
0703002-0918-11-09-gnss_raw.txt,2436,443386.700,FINESTEERING,SOL_COMPUTED,SINGLE,25,14,2.8268,7.5452,1.7,1793
0703002-0918-11-09-gnss_raw.txt,2436,443386.800,FINESTEERING,SOL_COMPUTED,SINGLE,25,14,2.9251,7.8145,1.8,1793
0703002-0918-11-09-gnss_raw.txt,2436,443386.900,FINESTEERING,SOL_COMPUTED,SINGLE,26,14,3.3394,8.9131,0.9,1793
0703002-0918-11-09-gnss_raw.txt,2436,443387.000,FINESTEERING,SOL_COMPUTED,SINGLE,26,14,3.1124,8.3005,1.0,1793
0703002-0918-11-09-gnss_raw.txt,2436,443387.100,FINESTEERING,SOL_COMPUTED,SINGLE,26,17,2.9076,7.751,1.1,1793
0703002-0918-11-09-gnss_raw.txt,2436,443387.200,FINESTEERING,SOL_COMPUTED,SINGLE,26,17,2.9071,7.7463,1.2,1793
0703002-0918-11-09-gnss_raw.txt,2436,443387.300,FINESTEERING,SOL_COMPUTED,SINGLE,26,17,2.8242,7.5246,1.3,1793
0703002-0918-11-09-gnss_raw.txt,2436,443387.400,FINESTEERING,SOL_COMPUTED,SINGLE,26,17,2.8265,7.5299,1.4,1793
0703002-0918-11-09-gnss_raw.txt,2436,443387.500,FINESTEERING,SOL_COMPUTED,SINGLE,26,17,2.747,7.3155,1.5,1793
0703002-0918-11-09-gnss_raw.txt,2436,443387.600,FINESTEERING,SOL_COMPUTED,SINGLE,26,17,2.6989,7.1908,1.6,1793
0703002-0918-11-09-gnss_raw.txt,2436,443387.700,FINESTEERING,SOL_COMPUTED,SINGLE,26,17,2.8676,7.6405,1.7,1793
0703002-0918-11-09-gnss_raw.txt,2436,443387.800,FINESTEERING,SOL_COMPUTED,SINGLE,25,14,2.8855,7.6874,1.8,1793
0703002-0918-11-09-gnss_raw.txt,2436,443387.900,FINESTEERING,SOL_COMPUTED,SINGLE,25,14,2.815,7.4938,1.9,1793
0703002-0918-11-09-gnss_raw.txt,2436,443388.000,FINESTEERING,SOL_COMPUTED,SINGLE,25,14,2.996,7.9751,1.0,1793
0703002-0918-11-09-gnss_raw.txt,2436,443388.100,FINESTEERING,SOL_COMPUTED,SINGLE,25,14,3.0511,8.1187,1.1,1793
0703002-0918-11-09-gnss_raw.txt,2436,443388.200,FINESTEERING,SOL_COMPUTED,SINGLE,26,14,2.9744,7.9087,1.2,1793
0703002-0918-11-09-gnss_raw.txt,2436,443388.300,FINESTEERING,SOL_COMPUTED,SINGLE,26,14,3.1196,8.2923,1.3,1793
0703002-0918-11-09-gnss_raw.txt,2436,443388.400,FINESTEERING,SOL_COMPUTED,SINGLE,26,14,3.0908,8.2175,1.4,1793
0703002-0918-11-09-gnss_raw.txt,2436,443388.500,FINESTEERING,SOL_COMPUTED,SINGLE,26,14,2.9764,7.9012,1.5,1793
0703002-0918-11-09-gnss_raw.txt,2436,443388.600,FINESTEERING,SOL_COMPUTED,SINGLE,26,14,3.0939,8.2028,1.6,1793
0703002-0918-11-09-gnss_raw.txt,2436,443388.700,FINESTEERING,SOL_COMPUTED,SINGLE,26,14,2.7976,7.4091,0.7,1793
0703002-0918-11-09-gnss_raw.txt,2436,443388.800,FINESTEERING,SOL_COMPUTED,SINGLE,26,14,2.9276,7.7437,0.8,1793
0703002-0918-11-09-gnss_raw.txt,2436,443388.900,FINESTEERING,SOL_COMPUTED,SINGLE,26,14,3.1603,8.3541,0.9,1793
0703002-0918-11-09-gnss_raw.txt,2436,443389.000,FINESTEERING,SOL_COMPUTED,SINGLE,26,14,2.8223,7.4502,1.0,1793
0703002-0918-11-09-gnss_raw.txt,2436,443389.100,FINESTEERING,SOL_COMPUTED,SINGLE,26,14,3.0141,7.9478,1.1,1793
0703002-0918-11-09-gnss_raw.txt,2436,443389.200,FINESTEERING,SOL_COMPUTED,SINGLE,26,14,3.1677,8.3419,1.2,1793
0703002-0918-11-09-gnss_raw.txt,2436,443389.300,FINESTEERING,SOL_COMPUTED,SINGLE,26,14,3.23,8.4953,1.3,1793
0703002-0918-11-09-gnss_raw.txt,2436,443389.400,FINESTEERING,SOL_COMPUTED,SINGLE,26,14,2.9209,7.6737,1.4,1793
0703002-0918-11-09-gnss_raw.txt,2436,443389.500,FINESTEERING,SOL_COMPUTED,SINGLE,26,13,3.1511,8.2657,1.5,1793
0703002-0918-11-09-gnss_raw.txt,2436,443389.600,FINESTEERING,SOL_COMPUTED,SINGLE,26,14,3.1789,8.3265,1.6,1793
0703002-0918-11-09-gnss_raw.txt,2436,443389.700,FINESTEERING,SOL_COMPUTED,SINGLE,26,14,3.1679,8.2886,1.7,1793
0703002-0918-11-09-gnss_raw.txt,2436,443389.800,FINESTEERING,SOL_COMPUTED,SINGLE,26,14,2.9408,7.6853,0.8,1793
0703002-0918-11-09-gnss_raw.txt,2436,443389.900,FINESTEERING,SOL_COMPUTED,SINGLE,26,14,3.0656,8.0064,0.9,1793
0703002-0918-11-09-gnss_raw.txt,2436,443390.000,FINESTEERING,SOL_COMPUTED,SINGLE,26,14,3.1417,8.1977,1.0,1793
0703002-0918-11-09-gnss_raw.txt,2436,443390.100,FINESTEERING,SOL_COMPUTED,SINGLE,26,14,2.9412,7.6666,1.1,1793
0703002-0918-11-09-gnss_raw.txt,2436,443390.200,FINESTEERING,SOL_COMPUTED,SINGLE,26,14,3.1505,8.204,1.2,1793
0703002-0918-11-09-gnss_raw.txt,2436,443390.300,FINESTEERING,SOL_COMPUTED,SINGLE,26,14,3.1492,8.1921,1.3,1793
0703002-0918-11-09-gnss_raw.txt,2436,443390.400,FINESTEERING,SOL_COMPUTED,SINGLE,26,14,3.0866,8.0212,1.4,1793
0703002-0918-11-09-gnss_raw.txt,2436,443390.500,FINESTEERING,SOL_COMPUTED,SINGLE,26,14,3.1164,8.0919,1.5,1793
0703002-0918-11-09-gnss_raw.txt,2436,443390.600,FINESTEERING,SOL_COMPUTED,SINGLE,26,14,3.1537,8.1839,1.6,1793
0703002-0918-11-09-gnss_raw.txt,2436,443390.700,FINESTEERING,SOL_COMPUTED,SINGLE,26,14,3.0637,7.9457,1.7,1793
0703002-0918-11-09-gnss_raw.txt,2436,443390.800,FINESTEERING,SOL_COMPUTED,SINGLE,26,14,2.6934,6.9803,1.8,1793
0703002-0918-11-09-gnss_raw.txt,2436,443390.900,FINESTEERING,SOL_COMPUTED,SINGLE,26,14,2.608,6.7537,1.9,1793
0703002-0918-11-09-gnss_raw.txt,2436,443391.000,FINESTEERING,SOL_COMPUTED,SINGLE,26,14,2.7552,7.129,1.0,1793
0703002-0918-11-09-gnss_raw.txt,2436,443391.100,FINESTEERING,SOL_COMPUTED,SINGLE,26,14,2.7127,7.0113,1.1,1793
0703002-0918-11-09-gnss_raw.txt,2436,443391.200,FINESTEERING,SOL_COMPUTED,SINGLE,26,14,2.7429,7.0858,1.2,1793
0703002-0918-11-09-gnss_raw.txt,2436,443391.300,FINESTEERING,SOL_COMPUTED,SINGLE,26,14,2.7941,7.215,1.3,1793
0703002-0918-11-09-gnss_raw.txt,2436,443391.400,FINESTEERING,SOL_COMPUTED,SINGLE,26,14,2.8396,7.3257,1.4,1793
0703002-0918-11-09-gnss_raw.txt,2436,443391.500,FINESTEERING,SOL_COMPUTED,SINGLE,26,14,2.9918,7.7107,1.5,1793
0703002-0918-11-09-gnss_raw.txt,2436,443391.600,FINESTEERING,SOL_COMPUTED,SINGLE,26,14,2.7938,7.1919,1.6,1793
0703002-0918-11-09-gnss_raw.txt,2436,443391.700,FINESTEERING,SOL_COMPUTED,SINGLE,26,14,2.8499,7.3314,0.7,1793
0703002-0918-11-09-gnss_raw.txt,2436,443391.800,FINESTEERING,SOL_COMPUTED,SINGLE,26,14,2.9102,7.4815,0.8,1793
0703002-0918-11-09-gnss_raw.txt,2436,443391.900,FINESTEERING,SOL_COMPUTED,SINGLE,26,14,2.601,6.6831,0.9,1793
0703002-0918-11-09-gnss_raw.txt,2436,443392.000,FINESTEERING,SOL_COMPUTED,SINGLE,26,14,2.8476,7.3126,1.0,1793
0703002-0918-11-09-gnss_raw.txt,2436,443392.100,FINESTEERING,SOL_COMPUTED,SINGLE,26,14,2.9426,7.5518,1.1,1793
0703002-0918-11-09-gnss_raw.txt,2436,443392.200,FINESTEERING,SOL_COMPUTED,SINGLE,26,14,2.9021,7.4398,1.2,1793
0703002-0918-11-09-gnss_raw.txt,2436,443392.300,FINESTEERING,SOL_COMPUTED,SINGLE,26,14,3.0429,7.7939,1.3,1793
0703002-0918-11-09-gnss_raw.txt,2436,443392.400,FINESTEERING,SOL_COMPUTED,SINGLE,26,14,3.2246,8.2532,1.4,1793
0703002-0918-11-09-gnss_raw.txt,2436,443392.500,FINESTEERING,SOL_COMPUTED,SINGLE,26,13,3.1051,7.9373,1.5,1793
0703002-0918-11-09-gnss_raw.txt,2436,443392.600,FINESTEERING,SOL_COMPUTED,SINGLE,26,14,3.0514,7.7933,1.6,1793
0703002-0918-11-09-gnss_raw.txt,2436,443392.700,FINESTEERING,SOL_COMPUTED,SINGLE,26,14,3.1238,7.9701,0.7,1793
0703002-0918-11-09-gnss_raw.txt,2436,443392.800,FINESTEERING,SOL_COMPUTED,SINGLE,26,14,3.339,8.51,0.8,1793
0703002-0918-11-09-gnss_raw.txt,2436,443392.900,FINESTEERING,SOL_COMPUTED,SINGLE,26,14,3.2299,8.2237,0.9,1793
0703002-0918-11-09-gnss_raw.txt,2436,443393.000,FINESTEERING,SOL_COMPUTED,SINGLE,26,14,3.1427,7.993,1.0,1793
0703002-0918-11-09-gnss_raw.txt,2436,443393.100,FINESTEERING,SOL_COMPUTED,SINGLE,26,14,3.317,8.4268,1.1,1793
0703002-0918-11-09-gnss_raw.txt,2436,443393.200,FINESTEERING,SOL_COMPUTED,SINGLE,26,14,3.2158,8.1607,1.2,1793
0703002-0918-11-09-gnss_raw.txt,2436,443393.300,FINESTEERING,SOL_COMPUTED,SINGLE,26,14,3.271,8.2911,1.3,1793
0703002-0918-11-09-gnss_raw.txt,2436,443393.400,FINESTEERING,SOL_COMPUTED,SINGLE,26,14,3.006,7.613,1.4,1793
0703002-0918-11-09-gnss_raw.txt,2436,443393.500,FINESTEERING,SOL_COMPUTED,SINGLE,26,14,3.1948,8.0828,1.5,1793
0703002-0918-11-09-gnss_raw.txt,2436,443393.600,FINESTEERING,SOL_COMPUTED,SINGLE,26,14,3.047,7.7006,1.6,1793
0703002-0918-11-09-gnss_raw.txt,2436,443393.700,FINESTEERING,SOL_COMPUTED,SINGLE,26,14,3.0925,7.8094,1.7,1793
0703002-0918-11-09-gnss_raw.txt,2436,443393.800,FINESTEERING,SOL_COMPUTED,SINGLE,26,14,3.1712,8.0004,0.8,1793
0703002-0918-11-09-gnss_raw.txt,2436,443393.900,FINESTEERING,SOL_COMPUTED,SINGLE,26,14,3.0746,7.751,0.9,1793
0703002-0918-11-09-gnss_raw.txt,2436,443394.000,FINESTEERING,SOL_COMPUTED,SINGLE,26,14,3.3095,8.3398,1.0,1793
0703002-0918-11-09-gnss_raw.txt,2436,443394.100,FINESTEERING,SOL_COMPUTED,SINGLE,26,14,2.9739,7.4864,1.1,1793
0703002-0918-11-09-gnss_raw.txt,2436,443394.200,FINESTEERING,SOL_COMPUTED,SINGLE,26,14,2.8457,7.1557,1.2,1793
0703002-0918-11-09-gnss_raw.txt,2436,443394.300,FINESTEERING,SOL_COMPUTED,SINGLE,26,14,2.9328,7.3669,1.3,1793
0703002-0918-11-09-gnss_raw.txt,2436,443394.400,FINESTEERING,SOL_COMPUTED,SINGLE,26,14,3.3429,8.3904,1.4,1793
0703002-0918-11-09-gnss_raw.txt,2436,443394.500,FINESTEERING,SOL_COMPUTED,SINGLE,26,14,3.3828,8.488,1.5,1793
0703002-0918-11-09-gnss_raw.txt,2436,443394.600,FINESTEERING,SOL_COMPUTED,SINGLE,26,14,3.1144,7.8063,1.6,1793
0703002-0918-11-09-gnss_raw.txt,2436,443394.700,FINESTEERING,SOL_COMPUTED,SINGLE,26,14,3.0904,7.7408,1.7,1793
0703002-0918-11-09-gnss_raw.txt,2436,443394.800,FINESTEERING,SOL_COMPUTED,SINGLE,26,14,2.9775,7.4602,1.8,1793
0703002-0918-11-09-gnss_raw.txt,2436,443394.900,FINESTEERING,SOL_COMPUTED,SINGLE,26,14,3.2197,8.0638,1.9,1793
0703002-0918-11-09-gnss_raw.txt,2436,443395.000,FINESTEERING,SOL_COMPUTED,SINGLE,26,14,3.1552,7.8977,1.0,1793
0703002-0918-11-09-gnss_raw.txt,2436,443395.100,FINESTEERING,SOL_COMPUTED,SINGLE,26,14,3.0491,7.6361,1.1,1793
0703002-0918-11-09-gnss_raw.txt,2436,443395.200,FINESTEERING,SOL_COMPUTED,SINGLE,26,14,3.282,8.2119,1.2,1793
0703002-0918-11-09-gnss_raw.txt,2436,443395.300,FINESTEERING,SOL_COMPUTED,SINGLE,26,14,3.0845,7.7099,1.3,1793
0703002-0918-11-09-gnss_raw.txt,2436,443395.400,FINESTEERING,SOL_COMPUTED,SINGLE,26,14,3.1969,7.9829,1.4,1793
0703002-0918-11-09-gnss_raw.txt,2436,443395.500,FINESTEERING,SOL_COMPUTED,SINGLE,26,14,3.0511,7.6123,1.5,1793
0703002-0918-11-09-gnss_raw.txt,2436,443395.600,FINESTEERING,SOL_COMPUTED,SINGLE,26,14,2.9837,7.4373,1.6,1793
0703002-0918-11-09-gnss_raw.txt,2436,443395.700,FINESTEERING,SOL_COMPUTED,SINGLE,26,14,2.9582,7.3675,1.7,1793
0703002-0918-11-09-gnss_raw.txt,2436,443395.800,FINESTEERING,SOL_COMPUTED,SINGLE,26,14,2.9703,7.3915,0.8,1793
0703002-0918-11-09-gnss_raw.txt,2436,443395.900,FINESTEERING,SOL_COMPUTED,SINGLE,26,14,3.0075,7.4831,0.9,1793
0703002-0918-11-09-gnss_raw.txt,2436,443396.000,FINESTEERING,SOL_COMPUTED,SINGLE,26,14,2.9805,7.4134,1.0,1793
0703002-0918-11-09-gnss_raw.txt,2436,443396.100,FINESTEERING,SOL_COMPUTED,SINGLE,26,14,3.1152,7.7515,1.1,1793
0703002-0918-11-09-gnss_raw.txt,2436,443396.200,FINESTEERING,SOL_COMPUTED,SINGLE,26,14,3.1785,7.9068,1.2,1793
0703002-0918-11-09-gnss_raw.txt,2436,443396.300,FINESTEERING,SOL_COMPUTED,SINGLE,26,14,3.1531,7.842,1.3,1793
0703002-0918-11-09-gnss_raw.txt,2436,443396.400,FINESTEERING,SOL_COMPUTED,SINGLE,26,17,2.9586,7.3583,1.4,1793
0703002-0918-11-09-gnss_raw.txt,2436,443396.500,FINESTEERING,SOL_COMPUTED,SINGLE,26,17,2.9313,7.2899,1.5,1793
0703002-0918-11-09-gnss_raw.txt,2436,443396.600,FINESTEERING,SOL_COMPUTED,SINGLE,26,16,3.1437,7.82,1.6,1793
0703002-0918-11-09-gnss_raw.txt,2436,443396.700,FINESTEERING,SOL_COMPUTED,SINGLE,26,17,2.9737,7.4,1.7,1793
0703002-0918-11-09-gnss_raw.txt,2436,443396.800,FINESTEERING,SOL_COMPUTED,SINGLE,26,17,2.9689,7.3937,0.8,1793
0703002-0918-11-09-gnss_raw.txt,2436,443396.900,FINESTEERING,SOL_COMPUTED,SINGLE,26,17,3.0005,7.4697,0.9,1793
0703002-0918-11-09-gnss_raw.txt,2436,443397.000,FINESTEERING,SOL_COMPUTED,SINGLE,26,17,2.9727,7.4058,1.0,1793
0703002-0918-11-09-gnss_raw.txt,2436,443397.100,FINESTEERING,SOL_COMPUTED,SINGLE,26,17,2.9643,7.3904,1.1,1793
0703002-0918-11-09-gnss_raw.txt,2436,443397.200,FINESTEERING,SOL_COMPUTED,SINGLE,26,17,2.988,7.4577,1.2,1793
0703002-0918-11-09-gnss_raw.txt,2436,443397.300,FINESTEERING,SOL_COMPUTED,SINGLE,26,17,3.1082,7.768,1.3,1793
0703002-0918-11-09-gnss_raw.txt,2436,443397.400,FINESTEERING,SOL_COMPUTED,SINGLE,26,17,2.9535,7.3938,1.4,1793
0703002-0918-11-09-gnss_raw.txt,2436,443397.500,FINESTEERING,SOL_COMPUTED,SINGLE,26,14,3.0406,7.6141,1.5,1793
0703002-0918-11-09-gnss_raw.txt,2436,443397.600,FINESTEERING,SOL_COMPUTED,SINGLE,26,14,3.0406,7.6248,1.6,1793
0703002-0918-11-09-gnss_raw.txt,2436,443397.700,FINESTEERING,SOL_COMPUTED,SINGLE,26,14,3.2742,8.2189,1.7,1793
0703002-0918-11-09-gnss_raw.txt,2436,443397.800,FINESTEERING,SOL_COMPUTED,SINGLE,26,14,3.18,7.9932,0.8,1793
0703002-0918-11-09-gnss_raw.txt,2436,443397.900,FINESTEERING,SOL_COMPUTED,SINGLE,26,14,2.9678,7.4647,0.9,1793
0703002-0918-11-09-gnss_raw.txt,2436,443398.000,FINESTEERING,SOL_COMPUTED,SINGLE,26,14,3.183,8.0157,1.0,1793
0703002-0918-11-09-gnss_raw.txt,2436,443398.100,FINESTEERING,SOL_COMPUTED,SINGLE,26,14,3.1858,8.0308,1.1,1793
0703002-0918-11-09-gnss_raw.txt,2436,443398.200,FINESTEERING,SOL_COMPUTED,SINGLE,26,14,3.1429,7.9216,1.2,1793
0703002-0918-11-09-gnss_raw.txt,2436,443398.300,FINESTEERING,SOL_COMPUTED,SINGLE,26,17,2.7998,7.0589,1.3,1793
0703002-0918-11-09-gnss_raw.txt,2436,443398.400,FINESTEERING,SOL_COMPUTED,SINGLE,26,17,3.0353,7.6654,1.4,1793
0703002-0918-11-09-gnss_raw.txt,2436,443398.500,FINESTEERING,SOL_COMPUTED,SINGLE,26,17,3.1285,7.9134,1.5,1793
0703002-0918-11-09-gnss_raw.txt,2436,443398.600,FINESTEERING,SOL_COMPUTED,SINGLE,26,17,2.7883,7.0552,1.6,1793
0703002-0918-11-09-gnss_raw.txt,2436,443398.700,FINESTEERING,SOL_COMPUTED,SINGLE,26,17,2.8247,7.1517,1.7,1793
0703002-0918-11-09-gnss_raw.txt,2436,443398.800,FINESTEERING,SOL_COMPUTED,SINGLE,26,17,2.9227,7.4167,1.8,1793
0703002-0918-11-09-gnss_raw.txt,2436,443398.900,FINESTEERING,SOL_COMPUTED,SINGLE,26,13,3.2137,8.1621,1.9,1793
0703002-0918-11-09-gnss_raw.txt,2436,443399.000,FINESTEERING,SOL_COMPUTED,SINGLE,26,13,3.0876,7.8498,1.0,1793
0703002-0918-11-09-gnss_raw.txt,2436,443399.100,FINESTEERING,SOL_COMPUTED,SINGLE,26,13,3.291,8.3731,1.1,1793
0703002-0918-11-09-gnss_raw.txt,2436,443399.200,FINESTEERING,SOL_COMPUTED,SINGLE,26,13,3.1243,7.9522,1.2,1793
0703002-0918-11-09-gnss_raw.txt,2436,443399.300,FINESTEERING,SOL_COMPUTED,SINGLE,26,13,3.2637,8.3091,1.3,1793
0703002-0918-11-09-gnss_raw.txt,2436,443399.400,FINESTEERING,SOL_COMPUTED,SINGLE,26,13,3.0481,7.7663,1.4,1793
0703002-0918-11-09-gnss_raw.txt,2436,443399.500,FINESTEERING,SOL_COMPUTED,SINGLE,26,13,3.2341,8.2428,1.5,1793
0703002-0918-11-09-gnss_raw.txt,2436,443399.600,FINESTEERING,SOL_COMPUTED,SINGLE,26,13,3.116,7.9436,1.6,1793
0703002-0918-11-09-gnss_raw.txt,2436,443399.700,FINESTEERING,SOL_COMPUTED,SINGLE,26,13,2.9979,7.656,1.7,1793
0703002-0918-11-09-gnss_raw.txt,2436,443399.800,FINESTEERING,SOL_COMPUTED,SINGLE,26,13,3.1365,8.018,1.8,1793
0703002-0918-11-09-gnss_raw.txt,2436,443399.900,FINESTEERING,SOL_COMPUTED,SINGLE,26,17,2.9655,7.5804,0.9,1793
0703002-0918-11-09-gnss_raw.txt,2436,443400.000,FINESTEERING,SOL_COMPUTED,SINGLE,26,17,3.1402,8.025,1.0,1793
0703002-0918-11-09-gnss_raw.txt,2436,443400.100,FINESTEERING,SOL_COMPUTED,SINGLE,26,17,3.1555,8.0708,1.1,1793
0703002-0918-11-09-gnss_raw.txt,2436,443400.200,FINESTEERING,SOL_COMPUTED,SINGLE,26,15,3.1758,8.1343,1.2,1793
0703002-0918-11-09-gnss_raw.txt,2436,443400.300,FINESTEERING,SOL_COMPUTED,SINGLE,26,15,3.0659,7.8604,1.3,1793
0703002-0918-11-09-gnss_raw.txt,2436,443400.400,FINESTEERING,SOL_COMPUTED,SINGLE,26,15,2.9908,7.6645,1.4,1793
0703002-0918-11-09-gnss_raw.txt,2436,443400.500,FINESTEERING,SOL_COMPUTED,SINGLE,26,15,2.8539,7.3197,1.5,1793
0703002-0918-11-09-gnss_raw.txt,2436,443400.600,FINESTEERING,SOL_COMPUTED,SINGLE,26,15,3.0819,7.9102,1.6,1793
0703002-0918-11-09-gnss_raw.txt,2436,443400.700,FINESTEERING,SOL_COMPUTED,SINGLE,26,17,2.833,7.2784,1.7,1793
0703002-0918-11-09-gnss_raw.txt,2436,443400.800,FINESTEERING,SOL_COMPUTED,SINGLE,26,17,2.7152,6.9773,1.8,1793
0703002-0918-11-09-gnss_raw.txt,2436,443400.900,FINESTEERING,SOL_COMPUTED,SINGLE,26,17,2.7571,7.0882,0.9,1793
0703002-0918-11-09-gnss_raw.txt,2436,443401.000,FINESTEERING,SOL_COMPUTED,SINGLE,26,17,2.6401,6.7924,1.0,1793
0703002-0918-11-09-gnss_raw.txt,2436,443401.100,FINESTEERING,SOL_COMPUTED,SINGLE,26,14,2.8007,7.2121,1.1,1793
0703002-0918-11-09-gnss_raw.txt,2436,443401.200,FINESTEERING,SOL_COMPUTED,SINGLE,26,14,2.7903,7.1911,1.2,1793
0703002-0918-11-09-gnss_raw.txt,2436,443401.300,FINESTEERING,SOL_COMPUTED,SINGLE,26,14,3.0094,7.7517,1.3,1793
0703002-0918-11-09-gnss_raw.txt,2436,443401.400,FINESTEERING,SOL_COMPUTED,SINGLE,26,14,2.9451,7.5861,1.4,1793
0703002-0918-11-09-gnss_raw.txt,2436,443401.500,FINESTEERING,SOL_COMPUTED,SINGLE,26,14,2.748,7.0782,1.5,1793
0703002-0918-11-09-gnss_raw.txt,2436,443401.600,FINESTEERING,SOL_COMPUTED,SINGLE,26,14,2.8023,7.214,1.6,1793
0703002-0918-11-09-gnss_raw.txt,2436,443401.700,FINESTEERING,SOL_COMPUTED,SINGLE,26,14,2.7997,7.2059,1.7,1793
0703002-0918-11-09-gnss_raw.txt,2436,443401.800,FINESTEERING,SOL_COMPUTED,SINGLE,26,14,2.8679,7.3833,0.8,1793
0703002-0918-11-09-gnss_raw.txt,2436,443401.900,FINESTEERING,SOL_COMPUTED,SINGLE,26,14,3.0364,7.8188,0.9,1793
0703002-0918-11-09-gnss_raw.txt,2436,443402.000,FINESTEERING,SOL_COMPUTED,SINGLE,26,14,3.0173,7.77,1.0,1793
0703002-0918-11-09-gnss_raw.txt,2436,443402.100,FINESTEERING,SOL_COMPUTED,SINGLE,26,13,2.727,7.0244,1.1,1793
0703002-0918-11-09-gnss_raw.txt,2436,443402.200,FINESTEERING,SOL_COMPUTED,SINGLE,26,14,2.8186,7.2635,1.2,1793
0703002-0918-11-09-gnss_raw.txt,2436,443402.300,FINESTEERING,SOL_COMPUTED,SINGLE,26,14,2.9237,7.5289,1.3,1793
0703002-0918-11-09-gnss_raw.txt,2436,443402.400,FINESTEERING,SOL_COMPUTED,SINGLE,26,14,3.2435,8.3535,1.4,1793
0703002-0918-11-09-gnss_raw.txt,2436,443402.500,FINESTEERING,SOL_COMPUTED,SINGLE,26,14,3.087,7.948,1.5,1793
0703002-0918-11-09-gnss_raw.txt,2436,443402.600,FINESTEERING,SOL_COMPUTED,SINGLE,26,14,3.1501,8.1477,1.6,1793
0703002-0918-11-09-gnss_raw.txt,2436,443402.700,FINESTEERING,SOL_COMPUTED,SINGLE,26,14,3.351,8.6829,1.7,1793
0703002-0918-11-09-gnss_raw.txt,2436,443402.800,FINESTEERING,SOL_COMPUTED,SINGLE,26,14,3.284,8.5258,1.8,1793
0703002-0918-11-09-gnss_raw.txt,2436,443402.900,FINESTEERING,SOL_COMPUTED,SINGLE,26,14,3.234,8.4014,1.9,1793
0703002-0918-11-09-gnss_raw.txt,2436,443403.000,FINESTEERING,SOL_COMPUTED,SINGLE,26,15,3.4395,8.9564,1.0,1793
0703002-0918-11-09-gnss_raw.txt,2436,443403.100,FINESTEERING,SOL_COMPUTED,SINGLE,26,15,3.4138,8.9065,1.1,1793
0703002-0918-11-09-gnss_raw.txt,2436,443403.200,FINESTEERING,SOL_COMPUTED,SINGLE,26,15,3.2815,8.575,1.2,1793
0703002-0918-11-09-gnss_raw.txt,2436,443403.300,FINESTEERING,SOL_COMPUTED,SINGLE,26,15,3.065,8.0211,1.3,1793
0703002-0918-11-09-gnss_raw.txt,2436,443403.400,FINESTEERING,SOL_COMPUTED,SINGLE,26,15,3.3904,8.8798,1.4,1793
0703002-0918-11-09-gnss_raw.txt,2436,443403.500,FINESTEERING,SOL_COMPUTED,SINGLE,25,15,3.5943,9.4247,1.5,1793
0703002-0918-11-09-gnss_raw.txt,2436,443403.600,FINESTEERING,SOL_COMPUTED,SINGLE,25,15,3.5561,9.3338,1.6,1793
0703002-0918-11-09-gnss_raw.txt,2436,443403.700,FINESTEERING,SOL_COMPUTED,SINGLE,25,15,3.3428,8.7831,1.7,1793
0703002-0918-11-09-gnss_raw.txt,2436,443403.800,FINESTEERING,SOL_COMPUTED,SINGLE,25,15,2.8317,7.4455,0.8,1793
0703002-0918-11-09-gnss_raw.txt,2436,443403.900,FINESTEERING,SOL_COMPUTED,SINGLE,25,15,2.7668,7.2786,0.9,1793
0703002-0918-11-09-gnss_raw.txt,2436,443404.000,FINESTEERING,SOL_COMPUTED,SINGLE,25,15,2.9169,7.6763,1.0,1793
0703002-0918-11-09-gnss_raw.txt,2436,443404.100,FINESTEERING,SOL_COMPUTED,SINGLE,25,15,2.8964,7.6237,1.1,1793
0703002-0918-11-09-gnss_raw.txt,2436,443404.200,FINESTEERING,SOL_COMPUTED,SINGLE,25,15,2.9035,7.656,1.2,1793
0703002-0918-11-09-gnss_raw.txt,2436,443404.300,FINESTEERING,SOL_COMPUTED,SINGLE,25,15,2.8921,7.6344,1.3,1793
0703002-0918-11-09-gnss_raw.txt,2436,443404.400,FINESTEERING,SOL_COMPUTED,SINGLE,25,15,3.0329,8.0168,1.4,1793
0703002-0918-11-09-gnss_raw.txt,2436,443404.500,FINESTEERING,SOL_COMPUTED,SINGLE,25,15,2.8411,7.518,1.5,1793
0703002-0918-11-09-gnss_raw.txt,2436,443404.600,FINESTEERING,SOL_COMPUTED,SINGLE,25,15,2.9811,7.8968,1.6,1793
0703002-0918-11-09-gnss_raw.txt,2436,443404.700,FINESTEERING,SOL_COMPUTED,SINGLE,25,15,3.0343,8.044,1.7,1793
0703002-0918-11-09-gnss_raw.txt,2436,443404.800,FINESTEERING,SOL_COMPUTED,SINGLE,25,15,2.8211,7.4804,1.8,1793
0703002-0918-11-09-gnss_raw.txt,2436,443404.900,FINESTEERING,SOL_COMPUTED,SINGLE,25,15,2.9972,7.946,1.9,1793
0703002-0918-11-09-gnss_raw.txt,2436,443405.000,FINESTEERING,SOL_COMPUTED,SINGLE,25,15,3.028,8.027,2.0,1793
0703002-0918-11-09-gnss_raw.txt,2436,443405.100,FINESTEERING,SOL_COMPUTED,SINGLE,25,15,2.9224,7.7505,1.1,1793
0703002-0918-11-09-gnss_raw.txt,2436,443405.200,FINESTEERING,SOL_COMPUTED,SINGLE,25,15,2.8064,7.4497,1.2,1793
0703002-0918-11-09-gnss_raw.txt,2436,443405.300,FINESTEERING,SOL_COMPUTED,SINGLE,25,15,2.8092,7.4644,1.3,1793
0703002-0918-11-09-gnss_raw.txt,2436,443405.400,FINESTEERING,SOL_COMPUTED,SINGLE,25,15,2.8831,7.6631,1.4,1793
0703002-0918-11-09-gnss_raw.txt,2436,443405.500,FINESTEERING,SOL_COMPUTED,SINGLE,25,15,3.2037,8.5172,1.5,1793
0703002-0918-11-09-gnss_raw.txt,2436,443405.600,FINESTEERING,SOL_COMPUTED,SINGLE,25,15,2.8279,7.5202,1.6,1793
0703002-0918-11-09-gnss_raw.txt,2436,443405.700,FINESTEERING,SOL_COMPUTED,SINGLE,25,15,2.8373,7.5472,0.7,1793
0703002-0918-11-09-gnss_raw.txt,2436,443405.800,FINESTEERING,SOL_COMPUTED,SINGLE,25,15,2.9477,7.8482,0.8,1793
0703002-0918-11-09-gnss_raw.txt,2436,443405.900,FINESTEERING,SOL_COMPUTED,SINGLE,25,15,3.2273,8.5917,0.9,1793
0703002-0918-11-09-gnss_raw.txt,2436,443406.000,FINESTEERING,SOL_COMPUTED,SINGLE,25,15,3.0277,8.0589,1.0,1793
0703002-0918-11-09-gnss_raw.txt,2436,443406.100,FINESTEERING,SOL_COMPUTED,SINGLE,25,15,3.3502,8.9267,1.1,1793
0703002-0918-11-09-gnss_raw.txt,2436,443406.200,FINESTEERING,SOL_COMPUTED,SINGLE,25,15,3.0331,8.0955,1.2,1793
0703002-0918-11-09-gnss_raw.txt,2436,443406.300,FINESTEERING,SOL_COMPUTED,SINGLE,25,15,2.9013,7.7594,1.3,1793
0703002-0918-11-09-gnss_raw.txt,2436,443406.400,FINESTEERING,SOL_COMPUTED,SINGLE,25,14,2.9233,7.8291,1.4,1793
0703002-0918-11-09-gnss_raw.txt,2436,443406.500,FINESTEERING,SOL_COMPUTED,SINGLE,25,15,3.1152,8.354,1.5,1793
0703002-0918-11-09-gnss_raw.txt,2436,443406.600,FINESTEERING,SOL_COMPUTED,SINGLE,25,14,3.0747,8.2469,1.6,1793
0703002-0918-11-09-gnss_raw.txt,2436,443406.700,FINESTEERING,SOL_COMPUTED,SINGLE,25,14,3.1183,8.3659,0.7,1793
0703002-0918-11-09-gnss_raw.txt,2436,443406.800,FINESTEERING,SOL_COMPUTED,SINGLE,25,14,3.1841,8.5395,0.8,1793
0703002-0918-11-09-gnss_raw.txt,2436,443406.900,FINESTEERING,SOL_COMPUTED,SINGLE,25,14,3.3097,8.8716,0.9,1793
0703002-0918-11-09-gnss_raw.txt,2436,443407.000,FINESTEERING,SOL_COMPUTED,SINGLE,26,15,3.2237,8.6421,1.0,1793
0703002-0918-11-09-gnss_raw.txt,2436,443407.100,FINESTEERING,SOL_COMPUTED,SINGLE,26,15,2.875,7.7098,1.1,1793
0703002-0918-11-09-gnss_raw.txt,2436,443407.200,FINESTEERING,SOL_COMPUTED,SINGLE,26,15,3.0353,8.1436,1.2,1793
0703002-0918-11-09-gnss_raw.txt,2436,443407.300,FINESTEERING,SOL_COMPUTED,SINGLE,26,15,2.9766,7.9907,1.3,1793
0703002-0918-11-09-gnss_raw.txt,2436,443407.400,FINESTEERING,SOL_COMPUTED,SINGLE,26,15,3.0902,8.2949,1.4,1793
0703002-0918-11-09-gnss_raw.txt,2436,443407.500,FINESTEERING,SOL_COMPUTED,SINGLE,26,15,2.9399,7.8955,1.5,1793
0703002-0918-11-09-gnss_raw.txt,2436,443407.600,FINESTEERING,SOL_COMPUTED,SINGLE,26,14,2.9837,8.0104,1.6,1793
0703002-0918-11-09-gnss_raw.txt,2436,443407.700,FINESTEERING,SOL_COMPUTED,SINGLE,26,14,2.8957,7.7747,1.7,1793
0703002-0918-11-09-gnss_raw.txt,2436,443407.800,FINESTEERING,SOL_COMPUTED,SINGLE,26,14,2.9291,7.8719,1.8,1793
0703002-0918-11-09-gnss_raw.txt,2436,443407.900,FINESTEERING,SOL_COMPUTED,SINGLE,26,14,2.8127,7.562,1.9,1793
0703002-0918-11-09-gnss_raw.txt,2436,443408.000,FINESTEERING,SOL_COMPUTED,SINGLE,26,14,3.0163,8.1088,2.0,1793
0703002-0918-11-09-gnss_raw.txt,2436,443408.100,FINESTEERING,SOL_COMPUTED,SINGLE,26,14,3.1374,8.4461,1.1,1793
0703002-0918-11-09-gnss_raw.txt,2436,443408.200,FINESTEERING,SOL_COMPUTED,SINGLE,26,14,3.227,8.6842,1.2,1793
0703002-0918-11-09-gnss_raw.txt,2436,443408.300,FINESTEERING,SOL_COMPUTED,SINGLE,26,14,3.0088,8.0944,1.3,1793
0703002-0918-11-09-gnss_raw.txt,2436,443408.400,FINESTEERING,SOL_COMPUTED,SINGLE,26,14,3.2551,8.7505,1.4,1793
0703002-0918-11-09-gnss_raw.txt,2436,443408.500,FINESTEERING,SOL_COMPUTED,SINGLE,26,13,2.6875,7.2278,1.5,1793
0703002-0918-11-09-gnss_raw.txt,2436,443408.600,FINESTEERING,SOL_COMPUTED,SINGLE,26,14,3.1511,8.4725,1.6,1793
0703002-0918-11-09-gnss_raw.txt,2436,443408.700,FINESTEERING,SOL_COMPUTED,SINGLE,26,14,2.7919,7.5098,1.7,1793
0703002-0918-11-09-gnss_raw.txt,2436,443408.800,FINESTEERING,SOL_COMPUTED,SINGLE,26,14,3.1582,8.4965,0.8,1793
0703002-0918-11-09-gnss_raw.txt,2436,443408.900,FINESTEERING,SOL_COMPUTED,SINGLE,26,14,2.7649,7.4364,0.9,1793
0703002-0918-11-09-gnss_raw.txt,2436,443409.000,FINESTEERING,SOL_COMPUTED,SINGLE,26,14,3.5282,9.4866,1.0,1793
0703002-0918-11-09-gnss_raw.txt,2436,443409.100,FINESTEERING,SOL_COMPUTED,SINGLE,26,14,3.4588,9.3006,1.1,1793
0703002-0918-11-09-gnss_raw.txt,2436,443409.200,FINESTEERING,SOL_COMPUTED,SINGLE,26,14,3.5965,9.6689,1.2,1793
0703002-0918-11-09-gnss_raw.txt,2436,443409.300,FINESTEERING,SOL_COMPUTED,SINGLE,26,14,2.9409,7.9128,1.3,1793
0703002-0918-11-09-gnss_raw.txt,2436,443409.400,FINESTEERING,SOL_COMPUTED,SINGLE,26,14,3.3961,9.1362,1.4,1793
0703002-0918-11-09-gnss_raw.txt,2436,443409.500,FINESTEERING,SOL_COMPUTED,SINGLE,26,14,3.4227,9.2116,1.5,1793
0703002-0918-11-09-gnss_raw.txt,2436,443409.600,FINESTEERING,SOL_COMPUTED,SINGLE,26,14,2.7691,7.4559,1.6,1793
0703002-0918-11-09-gnss_raw.txt,2436,443409.700,FINESTEERING,SOL_COMPUTED,SINGLE,26,14,2.6817,7.2184,1.7,1793
0703002-0918-11-09-gnss_raw.txt,2436,443409.800,FINESTEERING,SOL_COMPUTED,SINGLE,26,14,2.599,6.9991,0.8,1793
0703002-0918-11-09-gnss_raw.txt,2436,443409.900,FINESTEERING,SOL_COMPUTED,SINGLE,26,14,3.135,8.4421,0.9,1793
0703002-0918-11-09-gnss_raw.txt,2436,443410.000,FINESTEERING,SOL_COMPUTED,SINGLE,26,15,3.0834,8.3101,1.0,1793
0703002-0918-11-09-gnss_raw.txt,2436,443410.100,FINESTEERING,SOL_COMPUTED,SINGLE,26,15,3.0473,8.2111,1.1,1793
0703002-0918-11-09-gnss_raw.txt,2436,443410.200,FINESTEERING,SOL_COMPUTED,SINGLE,26,15,2.716,7.3202,1.2,1793
0703002-0918-11-09-gnss_raw.txt,2436,443410.300,FINESTEERING,SOL_COMPUTED,SINGLE,26,15,2.673,7.2205,1.3,1793
0703002-0918-11-09-gnss_raw.txt,2436,443410.400,FINESTEERING,SOL_COMPUTED,SINGLE,26,15,2.3409,6.3241,1.4,1793
0703002-0918-11-09-gnss_raw.txt,2436,443410.500,FINESTEERING,SOL_COMPUTED,SINGLE,26,15,2.7762,7.5016,1.5,1793
0703002-0918-11-09-gnss_raw.txt,2436,443410.600,FINESTEERING,SOL_COMPUTED,SINGLE,26,15,2.6653,7.1997,1.6,1793
0703002-0918-11-09-gnss_raw.txt,2436,443410.700,FINESTEERING,SOL_COMPUTED,SINGLE,26,15,2.7496,7.4281,1.7,1793
0703002-0918-11-09-gnss_raw.txt,2436,443410.800,FINESTEERING,SOL_COMPUTED,SINGLE,26,15,2.8924,7.8104,1.8,1793
0703002-0918-11-09-gnss_raw.txt,2436,443410.900,FINESTEERING,SOL_COMPUTED,SINGLE,26,15,2.89,7.7994,1.9,1793
0703002-0918-11-09-gnss_raw.txt,2436,443411.000,FINESTEERING,SOL_COMPUTED,SINGLE,26,15,2.9101,7.8586,1.0,1793
0703002-0918-11-09-gnss_raw.txt,2436,443411.100,FINESTEERING,SOL_COMPUTED,SINGLE,26,15,3.3541,9.0666,1.1,1793
0703002-0918-11-09-gnss_raw.txt,2436,443411.200,FINESTEERING,SOL_COMPUTED,SINGLE,26,15,2.7782,7.5134,1.2,1793
0703002-0918-11-09-gnss_raw.txt,2436,443411.300,FINESTEERING,SOL_COMPUTED,SINGLE,26,15,3.063,8.2881,1.3,1793
0703002-0918-11-09-gnss_raw.txt,2436,443411.400,FINESTEERING,SOL_COMPUTED,SINGLE,26,15,3.0902,8.3745,1.4,1793
0703002-0918-11-09-gnss_raw.txt,2436,443411.500,FINESTEERING,SOL_COMPUTED,SINGLE,26,15,2.8437,7.7112,1.5,1793
0703002-0918-11-09-gnss_raw.txt,2436,443411.600,FINESTEERING,SOL_COMPUTED,SINGLE,26,15,2.478,6.7217,1.6,1793
0703002-0918-11-09-gnss_raw.txt,2436,443411.700,FINESTEERING,SOL_COMPUTED,SINGLE,26,15,2.7014,7.3282,1.7,1793
0703002-0918-11-09-gnss_raw.txt,2436,443411.800,FINESTEERING,SOL_COMPUTED,SINGLE,26,15,2.7228,7.3919,0.8,1793
0703002-0918-11-09-gnss_raw.txt,2436,443411.900,FINESTEERING,SOL_COMPUTED,SINGLE,26,15,2.8834,7.8241,0.9,1793
0703002-0918-11-09-gnss_raw.txt,2436,443412.000,FINESTEERING,SOL_COMPUTED,SINGLE,26,15,3.0393,8.2387,1.0,1793
0703002-0918-11-09-gnss_raw.txt,2436,443412.100,FINESTEERING,SOL_COMPUTED,SINGLE,26,15,2.9121,7.8931,1.1,1793
0703002-0918-11-09-gnss_raw.txt,2436,443412.200,FINESTEERING,SOL_COMPUTED,SINGLE,26,15,2.7557,7.4822,1.2,1793
0703002-0918-11-09-gnss_raw.txt,2436,443412.300,FINESTEERING,SOL_COMPUTED,SINGLE,26,15,2.8624,7.7669,1.3,1793
0703002-0918-11-09-gnss_raw.txt,2436,443412.400,FINESTEERING,SOL_COMPUTED,SINGLE,26,15,3.0946,8.3899,1.4,1793
0703002-0918-11-09-gnss_raw.txt,2436,443412.500,FINESTEERING,SOL_COMPUTED,SINGLE,26,15,2.7574,7.481,1.5,1793
0703002-0918-11-09-gnss_raw.txt,2436,443412.600,FINESTEERING,SOL_COMPUTED,SINGLE,26,15,2.555,6.9414,1.6,1793
0703002-0918-11-09-gnss_raw.txt,2436,443412.700,FINESTEERING,SOL_COMPUTED,SINGLE,26,15,3.0475,8.2854,1.7,1793
0703002-0918-11-09-gnss_raw.txt,2436,443412.800,FINESTEERING,SOL_COMPUTED,SINGLE,26,15,2.624,7.1361,1.8,1793
0703002-0918-11-09-gnss_raw.txt,2436,443412.900,FINESTEERING,SOL_COMPUTED,SINGLE,26,15,2.8122,7.6527,1.9,1793
0703002-0918-11-09-gnss_raw.txt,2436,443413.000,FINESTEERING,SOL_COMPUTED,SINGLE,26,15,2.9131,7.9302,1.0,1793
0703002-0918-11-09-gnss_raw.txt,2436,443413.100,FINESTEERING,SOL_COMPUTED,SINGLE,26,15,3.1931,8.6884,1.1,1793
0703002-0918-11-09-gnss_raw.txt,2436,443413.200,FINESTEERING,SOL_COMPUTED,SINGLE,26,15,3.1047,8.4494,1.2,1793
0703002-0918-11-09-gnss_raw.txt,2436,443413.300,FINESTEERING,SOL_COMPUTED,SINGLE,26,15,3.0165,8.2146,1.3,1793
0703002-0918-11-09-gnss_raw.txt,2436,443413.400,FINESTEERING,SOL_COMPUTED,SINGLE,26,15,2.8579,7.7864,1.4,1793
0703002-0918-11-09-gnss_raw.txt,2436,443413.500,FINESTEERING,SOL_COMPUTED,SINGLE,26,15,3.0662,8.3506,1.5,1793
0703002-0918-11-09-gnss_raw.txt,2436,443413.600,FINESTEERING,SOL_COMPUTED,SINGLE,26,15,2.9987,8.1656,1.6,1793
0703002-0918-11-09-gnss_raw.txt,2436,443413.700,FINESTEERING,SOL_COMPUTED,SINGLE,26,15,3.0579,8.3282,0.7,1793
0703002-0918-11-09-gnss_raw.txt,2436,443413.800,FINESTEERING,SOL_COMPUTED,SINGLE,26,15,3.0478,8.2995,0.8,1793
0703002-0918-11-09-gnss_raw.txt,2436,443413.900,FINESTEERING,SOL_COMPUTED,SINGLE,26,15,2.8443,7.7506,0.9,1793
0703002-0918-11-09-gnss_raw.txt,2436,443414.000,FINESTEERING,SOL_COMPUTED,SINGLE,25,15,2.3982,6.5413,1.0,1793
0703002-0918-11-09-gnss_raw.txt,2436,443414.100,FINESTEERING,SOL_COMPUTED,SINGLE,25,15,2.6004,7.1028,1.1,1793
0703002-0918-11-09-gnss_raw.txt,2436,443414.200,FINESTEERING,SOL_COMPUTED,SINGLE,25,15,2.5689,7.0197,1.2,1793
0703002-0918-11-09-gnss_raw.txt,2436,443414.300,FINESTEERING,SOL_COMPUTED,SINGLE,25,13,2.1727,5.9402,1.3,1793
0703002-0918-11-09-gnss_raw.txt,2436,443414.400,FINESTEERING,SOL_COMPUTED,SINGLE,25,14,2.1951,6.0121,1.4,1793
0703002-0918-11-09-gnss_raw.txt,2436,443414.500,FINESTEERING,SOL_COMPUTED,SINGLE,25,14,2.4073,6.5921,1.5,1793
0703002-0918-11-09-gnss_raw.txt,2436,443414.600,FINESTEERING,SOL_COMPUTED,SINGLE,25,14,2.4424,6.6868,1.6,1793
0703002-0918-11-09-gnss_raw.txt,2436,443414.700,FINESTEERING,SOL_COMPUTED,SINGLE,26,14,2.6514,7.2599,1.7,1793
0703002-0918-11-09-gnss_raw.txt,2436,443414.800,FINESTEERING,SOL_COMPUTED,SINGLE,26,15,2.9311,8.0264,0.8,1793
0703002-0918-11-09-gnss_raw.txt,2436,443414.900,FINESTEERING,SOL_COMPUTED,SINGLE,26,15,2.5401,6.9597,0.9,1793
0703002-0918-11-09-gnss_raw.txt,2436,443415.000,FINESTEERING,SOL_COMPUTED,SINGLE,26,15,2.8689,7.8674,1.0,1793
0703002-0918-11-09-gnss_raw.txt,2436,443415.100,FINESTEERING,SOL_COMPUTED,SINGLE,26,15,2.9197,8.0027,1.1,1793
0703002-0918-11-09-gnss_raw.txt,2436,443415.200,FINESTEERING,SOL_COMPUTED,SINGLE,26,14,2.658,7.28,1.2,1793
0703002-0918-11-09-gnss_raw.txt,2436,443415.300,FINESTEERING,SOL_COMPUTED,SINGLE,26,15,2.6438,7.2469,1.3,1793
0703002-0918-11-09-gnss_raw.txt,2436,443415.400,FINESTEERING,SOL_COMPUTED,SINGLE,26,15,2.8595,7.83,1.4,1793
0703002-0918-11-09-gnss_raw.txt,2436,443415.500,FINESTEERING,SOL_COMPUTED,SINGLE,26,15,2.6016,7.1165,1.5,1793
0703002-0918-11-09-gnss_raw.txt,2436,443415.600,FINESTEERING,SOL_COMPUTED,SINGLE,26,15,3.2413,8.849,1.6,1793
0703002-0918-11-09-gnss_raw.txt,2436,443415.700,FINESTEERING,SOL_COMPUTED,SINGLE,26,15,2.721,7.4274,1.7,1793
0703002-0918-11-09-gnss_raw.txt,2436,443415.800,FINESTEERING,SOL_COMPUTED,SINGLE,26,15,2.6855,7.3227,1.8,1793
0703002-0918-11-09-gnss_raw.txt,2436,443415.900,FINESTEERING,SOL_COMPUTED,SINGLE,26,15,2.9854,8.1293,1.9,1793
0703002-0918-11-09-gnss_raw.txt,2436,443416.000,FINESTEERING,SOL_COMPUTED,SINGLE,26,15,2.6778,7.294,1.0,1793
0703002-0918-11-09-gnss_raw.txt,2436,443416.100,FINESTEERING,SOL_COMPUTED,SINGLE,26,14,2.4201,6.5912,1.1,1793
0703002-0918-11-09-gnss_raw.txt,2436,443416.200,FINESTEERING,SOL_COMPUTED,SINGLE,26,15,2.4978,6.7967,1.2,1793
0703002-0918-11-09-gnss_raw.txt,2436,443416.300,FINESTEERING,SOL_COMPUTED,SINGLE,26,14,2.6684,7.2488,1.3,1793
0703002-0918-11-09-gnss_raw.txt,2436,443416.400,FINESTEERING,SOL_COMPUTED,SINGLE,26,15,2.686,7.2934,1.4,1793
0703002-0918-11-09-gnss_raw.txt,2436,443416.500,FINESTEERING,SOL_COMPUTED,SINGLE,26,15,2.7263,7.3966,1.5,1793
0703002-0918-11-09-gnss_raw.txt,2436,443416.600,FINESTEERING,SOL_COMPUTED,SINGLE,26,15,2.6351,7.1435,1.6,1793
0703002-0918-11-09-gnss_raw.txt,2436,443416.700,FINESTEERING,SOL_COMPUTED,SINGLE,26,13,2.8827,7.7975,1.7,1793
0703002-0918-11-09-gnss_raw.txt,2436,443416.800,FINESTEERING,SOL_COMPUTED,SINGLE,26,13,2.5663,6.9417,1.8,1793
0703002-0918-11-09-gnss_raw.txt,2436,443416.900,FINESTEERING,SOL_COMPUTED,SINGLE,26,13,2.7561,7.4398,0.9,1793
0703002-0918-11-09-gnss_raw.txt,2436,443417.000,FINESTEERING,SOL_COMPUTED,SINGLE,26,13,2.6446,7.1261,1.0,1793
0703002-0918-11-09-gnss_raw.txt,2436,443417.100,FINESTEERING,SOL_COMPUTED,SINGLE,25,13,2.3828,6.4117,1.1,1793
0703002-0918-11-09-gnss_raw.txt,2436,443417.200,FINESTEERING,SOL_COMPUTED,SINGLE,25,14,2.3746,6.3902,1.2,1793
0703002-0918-11-09-gnss_raw.txt,2436,443417.300,FINESTEERING,SOL_COMPUTED,SINGLE,25,14,2.3895,6.4372,1.3,1793
0703002-0918-11-09-gnss_raw.txt,2436,443417.400,FINESTEERING,SOL_COMPUTED,SINGLE,25,13,2.6848,7.2294,1.4,1793
0703002-0918-11-09-gnss_raw.txt,2436,443417.500,FINESTEERING,SOL_COMPUTED,SINGLE,25,13,2.792,7.5093,1.5,1793
0703002-0918-11-09-gnss_raw.txt,2436,443417.600,FINESTEERING,SOL_COMPUTED,SINGLE,25,13,2.9192,7.8431,1.6,1793
0703002-0918-11-09-gnss_raw.txt,2436,443417.700,FINESTEERING,SOL_COMPUTED,SINGLE,25,14,2.8419,7.6304,1.7,1793
0703002-0918-11-09-gnss_raw.txt,2436,443417.800,FINESTEERING,SOL_COMPUTED,SINGLE,25,13,2.8303,7.5891,1.8,1793
0703002-0918-11-09-gnss_raw.txt,2436,443417.900,FINESTEERING,SOL_COMPUTED,SINGLE,25,13,2.6757,7.175,1.9,1793
0703002-0918-11-09-gnss_raw.txt,2436,443418.000,FINESTEERING,SOL_COMPUTED,SINGLE,25,13,2.7226,7.2909,1.0,1793
0703002-0918-11-09-gnss_raw.txt,2436,443418.100,FINESTEERING,SOL_COMPUTED,SINGLE,25,14,2.5418,6.8165,1.1,1793
0703002-0918-11-09-gnss_raw.txt,2436,443418.200,FINESTEERING,SOL_COMPUTED,SINGLE,25,14,2.4976,6.6901,1.2,1793
0703002-0918-11-09-gnss_raw.txt,2436,443418.300,FINESTEERING,SOL_COMPUTED,SINGLE,25,14,2.6505,7.093,1.3,1793
0703002-0918-11-09-gnss_raw.txt,2436,443418.400,FINESTEERING,SOL_COMPUTED,SINGLE,25,13,3.501,9.3543,1.4,1793
0703002-0918-11-09-gnss_raw.txt,2436,443418.500,FINESTEERING,SOL_COMPUTED,SINGLE,25,13,2.7781,7.4101,1.5,1793
0703002-0918-11-09-gnss_raw.txt,2436,443418.600,FINESTEERING,SOL_COMPUTED,SINGLE,25,13,2.7683,7.3684,1.6,1793
0703002-0918-11-09-gnss_raw.txt,2436,443418.700,FINESTEERING,SOL_COMPUTED,SINGLE,25,13,2.6045,6.926,1.7,1793
0703002-0918-11-09-gnss_raw.txt,2436,443418.800,FINESTEERING,SOL_COMPUTED,SINGLE,25,13,2.9795,7.9114,1.8,1793
0703002-0918-11-09-gnss_raw.txt,2436,443418.900,FINESTEERING,SOL_COMPUTED,SINGLE,25,14,3.0261,8.0232,0.9,1793
0703002-0918-11-09-gnss_raw.txt,2436,443419.000,FINESTEERING,SOL_COMPUTED,SINGLE,25,13,3.0436,8.0522,1.0,1793
0703002-0918-11-09-gnss_raw.txt,2436,443419.100,FINESTEERING,SOL_COMPUTED,SINGLE,25,13,2.8305,7.4763,1.1,1793
0703002-0918-11-09-gnss_raw.txt,2436,443419.200,FINESTEERING,SOL_COMPUTED,SINGLE,25,13,2.7202,7.1768,1.2,1793
0703002-0918-11-09-gnss_raw.txt,2436,443419.300,FINESTEERING,SOL_COMPUTED,SINGLE,25,13,2.4385,6.4291,1.3,1793
0703002-0918-11-09-gnss_raw.txt,2436,443419.400,FINESTEERING,SOL_COMPUTED,SINGLE,25,13,2.5202,6.6404,1.4,1793
0703002-0918-11-09-gnss_raw.txt,2436,443419.500,FINESTEERING,SOL_COMPUTED,SINGLE,25,13,2.6303,6.9189,1.5,1793
0703002-0918-11-09-gnss_raw.txt,2436,443419.600,FINESTEERING,SOL_COMPUTED,SINGLE,25,12,2.2739,5.9725,1.6,1793
0703002-0918-11-09-gnss_raw.txt,2436,443419.700,FINESTEERING,SOL_COMPUTED,SINGLE,25,12,2.5002,6.5574,0.7,1793
0703002-0918-11-09-gnss_raw.txt,2436,443419.800,FINESTEERING,SOL_COMPUTED,SINGLE,25,13,2.8596,7.4879,0.8,1793
0703002-0918-11-09-gnss_raw.txt,2436,443419.900,FINESTEERING,SOL_COMPUTED,SINGLE,25,14,2.8729,7.5199,0.9,1793
0703002-0918-11-09-gnss_raw.txt,2436,443420.000,FINESTEERING,SOL_COMPUTED,SINGLE,25,13,2.32,6.0686,1.0,1793
0703002-0918-11-09-gnss_raw.txt,2436,443420.100,FINESTEERING,SOL_COMPUTED,SINGLE,25,13,2.6833,7.012,1.1,1793
0703002-0918-11-09-gnss_raw.txt,2436,443420.200,FINESTEERING,SOL_COMPUTED,SINGLE,25,14,2.71,7.0815,1.2,1793
0703002-0918-11-09-gnss_raw.txt,2436,443420.300,FINESTEERING,SOL_COMPUTED,SINGLE,25,13,2.4659,6.4423,1.3,1793
0703002-0918-11-09-gnss_raw.txt,2436,443420.400,FINESTEERING,SOL_COMPUTED,SINGLE,25,14,2.7274,7.1256,1.4,1793
0703002-0918-11-09-gnss_raw.txt,2436,443420.500,FINESTEERING,SOL_COMPUTED,SINGLE,25,14,2.7646,7.2262,1.5,1793
0703002-0918-11-09-gnss_raw.txt,2436,443420.600,FINESTEERING,SOL_COMPUTED,SINGLE,25,13,2.6547,6.9331,1.6,1793
0703002-0918-11-09-gnss_raw.txt,2436,443420.700,FINESTEERING,SOL_COMPUTED,SINGLE,25,14,2.4564,6.4126,1.7,1793
0703002-0918-11-09-gnss_raw.txt,2436,443420.800,FINESTEERING,SOL_COMPUTED,SINGLE,25,14,2.4745,6.4574,1.8,1793
0703002-0918-11-09-gnss_raw.txt,2436,443420.900,FINESTEERING,SOL_COMPUTED,SINGLE,25,14,2.4788,6.467,1.9,1793
0703002-0918-11-09-gnss_raw.txt,2436,443421.000,FINESTEERING,SOL_COMPUTED,SINGLE,25,14,2.4738,6.4522,2.0,1793
0703002-0918-11-09-gnss_raw.txt,2436,443421.100,FINESTEERING,SOL_COMPUTED,SINGLE,25,14,2.4794,6.4655,1.1,1793
0703002-0918-11-09-gnss_raw.txt,2436,443421.200,FINESTEERING,SOL_COMPUTED,SINGLE,25,14,2.5145,6.5535,1.2,1793
0703002-0918-11-09-gnss_raw.txt,2436,443421.300,FINESTEERING,SOL_COMPUTED,SINGLE,25,14,2.5246,6.587,1.3,1793
0703002-0918-11-09-gnss_raw.txt,2436,443421.400,FINESTEERING,SOL_COMPUTED,SINGLE,25,13,2.1913,5.7231,1.4,1793
0703002-0918-11-09-gnss_raw.txt,2436,443421.500,FINESTEERING,SOL_COMPUTED,SINGLE,25,13,2.5464,6.6481,1.5,1793
0703002-0918-11-09-gnss_raw.txt,2436,443421.600,FINESTEERING,SOL_COMPUTED,SINGLE,25,13,2.7201,7.0966,1.6,1793
0703002-0918-11-09-gnss_raw.txt,2436,443421.700,FINESTEERING,SOL_COMPUTED,SINGLE,25,13,2.4653,6.4369,1.7,1793
0703002-0918-11-09-gnss_raw.txt,2436,443421.800,FINESTEERING,SOL_COMPUTED,SINGLE,25,13,2.5485,6.6513,1.8,1793
0703002-0918-11-09-gnss_raw.txt,2436,443421.900,FINESTEERING,SOL_COMPUTED,SINGLE,25,14,3.3527,8.7411,0.9,1793
0703002-0918-11-09-gnss_raw.txt,2436,443422.000,FINESTEERING,SOL_COMPUTED,SINGLE,25,13,2.2659,5.9143,1.0,1793
0703002-0918-11-09-gnss_raw.txt,2436,443422.100,FINESTEERING,SOL_COMPUTED,SINGLE,25,14,2.2481,5.8649,1.1,1793
0703002-0918-11-09-gnss_raw.txt,2436,443422.200,FINESTEERING,SOL_COMPUTED,SINGLE,25,14,2.6043,6.7874,1.2,1793
0703002-0918-11-09-gnss_raw.txt,2436,443422.300,FINESTEERING,SOL_COMPUTED,SINGLE,25,14,2.4892,6.4909,1.3,1793
0703002-0918-11-09-gnss_raw.txt,2436,443422.400,FINESTEERING,SOL_COMPUTED,SINGLE,25,12,2.1852,5.7014,1.4,1793
0703002-0918-11-09-gnss_raw.txt,2436,443422.500,FINESTEERING,SOL_COMPUTED,SINGLE,25,14,2.4596,6.4196,1.5,1793
0703002-0918-11-09-gnss_raw.txt,2436,443422.600,FINESTEERING,SOL_COMPUTED,SINGLE,25,14,2.4084,6.2868,1.6,1793
0703002-0918-11-09-gnss_raw.txt,2436,443422.700,FINESTEERING,SOL_COMPUTED,SINGLE,25,14,2.5685,6.7081,1.7,1793
0703002-0918-11-09-gnss_raw.txt,2436,443422.800,FINESTEERING,SOL_COMPUTED,SINGLE,25,13,2.2744,5.9421,1.8,1793
0703002-0918-11-09-gnss_raw.txt,2436,443422.900,FINESTEERING,SOL_COMPUTED,SINGLE,25,14,2.2934,5.997,0.9,1793
0703002-0918-11-09-gnss_raw.txt,2436,443423.000,FINESTEERING,SOL_COMPUTED,SINGLE,25,14,2.6922,7.0398,1.0,1793
0703002-0918-11-09-gnss_raw.txt,2436,443423.100,FINESTEERING,SOL_COMPUTED,SINGLE,25,14,2.6525,6.9344,1.1,1793
0703002-0918-11-09-gnss_raw.txt,2436,443423.200,FINESTEERING,SOL_COMPUTED,SINGLE,25,14,2.8148,7.3584,1.2,1793
0703002-0918-11-09-gnss_raw.txt,2436,443423.300,FINESTEERING,SOL_COMPUTED,SINGLE,25,13,3.1096,8.1165,1.3,1793
0703002-0918-11-09-gnss_raw.txt,2436,443423.400,FINESTEERING,SOL_COMPUTED,SINGLE,25,13,2.7486,7.1678,1.4,1793
0703002-0918-11-09-gnss_raw.txt,2436,443423.500,FINESTEERING,SOL_COMPUTED,SINGLE,25,13,2.7708,7.2201,1.5,1793
0703002-0918-11-09-gnss_raw.txt,2436,443423.600,FINESTEERING,SOL_COMPUTED,SINGLE,25,13,2.7668,7.2005,1.6,1793
0703002-0918-11-09-gnss_raw.txt,2436,443423.700,FINESTEERING,SOL_COMPUTED,SINGLE,25,13,2.492,6.4853,1.7,1793
0703002-0918-11-09-gnss_raw.txt,2436,443423.800,FINESTEERING,SOL_COMPUTED,SINGLE,25,11,2.2163,5.7603,1.8,1793
0703002-0918-11-09-gnss_raw.txt,2436,443423.900,FINESTEERING,SOL_COMPUTED,SINGLE,25,13,2.4634,6.4003,0.9,1793
0703002-0918-11-09-gnss_raw.txt,2436,443424.000,FINESTEERING,SOL_COMPUTED,SINGLE,25,13,2.6961,6.9972,1.0,1793
0703002-0918-11-09-gnss_raw.txt,2436,443424.100,FINESTEERING,SOL_COMPUTED,SINGLE,25,13,3.2727,8.4828,1.1,1793
0703002-0918-11-09-gnss_raw.txt,2436,443424.200,FINESTEERING,SOL_COMPUTED,SINGLE,25,12,2.1247,5.5053,1.2,1793
0703002-0918-11-09-gnss_raw.txt,2436,443424.300,FINESTEERING,SOL_COMPUTED,SINGLE,25,13,2.2491,5.8272,1.3,1793
0703002-0918-11-09-gnss_raw.txt,2436,443424.400,FINESTEERING,SOL_COMPUTED,SINGLE,25,13,2.2331,5.783,1.4,1793
0703002-0918-11-09-gnss_raw.txt,2436,443424.500,FINESTEERING,SOL_COMPUTED,SINGLE,25,13,2.6483,6.8514,1.5,1793
0703002-0918-11-09-gnss_raw.txt,2436,443424.600,FINESTEERING,SOL_COMPUTED,SINGLE,25,13,2.7936,7.2203,1.6,1793
0703002-0918-11-09-gnss_raw.txt,2436,443424.700,FINESTEERING,SOL_COMPUTED,SINGLE,25,13,2.7889,7.2048,1.7,1793
0703002-0918-11-09-gnss_raw.txt,2436,443424.800,FINESTEERING,SOL_COMPUTED,SINGLE,25,13,2.8625,7.3984,0.8,1793
0703002-0918-11-09-gnss_raw.txt,2436,443424.900,FINESTEERING,SOL_COMPUTED,SINGLE,25,13,2.9469,7.628,0.9,1793
0703002-0918-11-09-gnss_raw.txt,2436,443425.000,FINESTEERING,SOL_COMPUTED,SINGLE,25,13,2.8312,7.3345,1.0,1793
0703002-0918-11-09-gnss_raw.txt,2436,443425.100,FINESTEERING,SOL_COMPUTED,SINGLE,25,13,2.5833,6.6929,1.1,1793
0703002-0918-11-09-gnss_raw.txt,2436,443425.200,FINESTEERING,SOL_COMPUTED,SINGLE,25,13,2.4729,6.4104,1.2,1793
0703002-0918-11-09-gnss_raw.txt,2436,443425.300,FINESTEERING,SOL_COMPUTED,SINGLE,25,13,2.4918,6.4683,1.3,1793
0703002-0918-11-09-gnss_raw.txt,2436,443425.400,FINESTEERING,SOL_COMPUTED,SINGLE,25,13,2.7646,7.1864,1.4,1793
0703002-0918-11-09-gnss_raw.txt,2436,443425.500,FINESTEERING,SOL_COMPUTED,SINGLE,25,13,2.3843,6.2026,1.5,1793
0703002-0918-11-09-gnss_raw.txt,2436,443425.600,FINESTEERING,SOL_COMPUTED,SINGLE,25,13,2.6588,6.9152,1.6,1793
0703002-0918-11-09-gnss_raw.txt,2436,443425.700,FINESTEERING,SOL_COMPUTED,SINGLE,25,12,2.6087,6.7781,1.7,1793
0703002-0918-11-09-gnss_raw.txt,2436,443425.800,FINESTEERING,SOL_COMPUTED,SINGLE,25,13,2.7925,7.2505,1.8,1793
0703002-0918-11-09-gnss_raw.txt,2436,443425.900,FINESTEERING,SOL_COMPUTED,SINGLE,25,13,2.8147,7.3022,1.9,1793
0703002-0918-11-09-gnss_raw.txt,2436,443426.000,FINESTEERING,SOL_COMPUTED,SINGLE,25,13,2.9247,7.5794,2.0,1793
0703002-0918-11-09-gnss_raw.txt,2436,443426.100,FINESTEERING,SOL_COMPUTED,SINGLE,25,13,2.9633,7.6899,1.1,1793
0703002-0918-11-09-gnss_raw.txt,2436,443426.200,FINESTEERING,SOL_COMPUTED,SINGLE,25,13,2.9733,7.7075,1.2,1793
0703002-0918-11-09-gnss_raw.txt,2436,443426.300,FINESTEERING,SOL_COMPUTED,SINGLE,25,13,3.8759,10.0351,1.3,1793
0703002-0918-11-09-gnss_raw.txt,2436,443426.400,FINESTEERING,SOL_COMPUTED,SINGLE,25,13,2.8157,7.2976,1.4,1793
0703002-0918-11-09-gnss_raw.txt,2436,443426.500,FINESTEERING,SOL_COMPUTED,SINGLE,25,13,2.6874,6.9638,1.5,1793
0703002-0918-11-09-gnss_raw.txt,2436,443426.600,FINESTEERING,SOL_COMPUTED,SINGLE,25,13,2.9928,7.7427,1.6,1793
0703002-0918-11-09-gnss_raw.txt,2436,443426.700,FINESTEERING,SOL_COMPUTED,SINGLE,25,13,3.032,7.8421,1.7,1793
0703002-0918-11-09-gnss_raw.txt,2436,443426.800,FINESTEERING,SOL_COMPUTED,SINGLE,25,13,2.7794,7.1949,1.8,1793
0703002-0918-11-09-gnss_raw.txt,2436,443426.900,FINESTEERING,SOL_COMPUTED,SINGLE,25,14,2.9978,7.7525,0.9,1793
0703002-0918-11-09-gnss_raw.txt,2436,443427.000,FINESTEERING,SOL_COMPUTED,SINGLE,25,14,2.8257,7.3004,1.0,1793
0703002-0918-11-09-gnss_raw.txt,2436,443427.100,FINESTEERING,SOL_COMPUTED,SINGLE,25,14,3.0301,7.8251,1.1,1793
0703002-0918-11-09-gnss_raw.txt,2436,443427.200,FINESTEERING,SOL_COMPUTED,SINGLE,25,14,3.3077,8.5327,1.2,1793
0703002-0918-11-09-gnss_raw.txt,2436,443427.300,FINESTEERING,SOL_COMPUTED,SINGLE,25,14,2.8132,7.266,1.3,1793
0703002-0918-11-09-gnss_raw.txt,2436,443427.400,FINESTEERING,SOL_COMPUTED,SINGLE,25,14,2.9435,7.5959,1.4,1793
0703002-0918-11-09-gnss_raw.txt,2436,443427.500,FINESTEERING,SOL_COMPUTED,SINGLE,25,14,2.7954,7.2095,1.5,1793
0703002-0918-11-09-gnss_raw.txt,2436,443427.600,FINESTEERING,SOL_COMPUTED,SINGLE,25,14,2.4865,6.4123,1.6,1793
0703002-0918-11-09-gnss_raw.txt,2436,443427.700,FINESTEERING,SOL_COMPUTED,SINGLE,25,14,2.6769,6.9029,1.7,1793
0703002-0918-11-09-gnss_raw.txt,2436,443427.800,FINESTEERING,SOL_COMPUTED,SINGLE,25,14,2.6177,6.7522,0.8,1793
0703002-0918-11-09-gnss_raw.txt,2436,443427.900,FINESTEERING,SOL_COMPUTED,SINGLE,25,14,2.6259,6.7657,0.9,1793
0703002-0918-11-09-gnss_raw.txt,2436,443428.000,FINESTEERING,SOL_COMPUTED,SINGLE,25,14,2.6145,6.7308,1.0,1793
0703002-0918-11-09-gnss_raw.txt,2436,443428.100,FINESTEERING,SOL_COMPUTED,SINGLE,25,14,2.6088,6.7108,1.1,1793
0703002-0918-11-09-gnss_raw.txt,2436,443428.200,FINESTEERING,SOL_COMPUTED,SINGLE,25,14,2.3815,6.13,1.2,1793
0703002-0918-11-09-gnss_raw.txt,2436,443428.300,FINESTEERING,SOL_COMPUTED,SINGLE,25,14,2.7821,7.1701,1.3,1793
0703002-0918-11-09-gnss_raw.txt,2436,443428.400,FINESTEERING,SOL_COMPUTED,SINGLE,25,14,2.8697,7.3969,1.4,1793
0703002-0918-11-09-gnss_raw.txt,2436,443428.500,FINESTEERING,SOL_COMPUTED,SINGLE,25,14,2.8787,7.4201,1.5,1793
0703002-0918-11-09-gnss_raw.txt,2436,443428.600,FINESTEERING,SOL_COMPUTED,SINGLE,25,14,2.926,7.5429,1.6,1793
0703002-0918-11-09-gnss_raw.txt,2436,443428.700,FINESTEERING,SOL_COMPUTED,SINGLE,25,14,3.0349,7.8275,0.7,1793
0703002-0918-11-09-gnss_raw.txt,2436,443428.800,FINESTEERING,SOL_COMPUTED,SINGLE,25,14,2.7025,6.9671,0.8,1793
0703002-0918-11-09-gnss_raw.txt,2436,443428.900,FINESTEERING,SOL_COMPUTED,SINGLE,25,14,2.4043,6.2002,0.9,1793
0703002-0918-11-09-gnss_raw.txt,2436,443429.000,FINESTEERING,SOL_COMPUTED,SINGLE,25,14,2.4698,6.3761,1.0,1793
0703002-0918-11-09-gnss_raw.txt,2436,443429.100,FINESTEERING,SOL_COMPUTED,SINGLE,25,14,2.3657,6.1076,1.1,1793
0703002-0918-11-09-gnss_raw.txt,2436,443429.200,FINESTEERING,SOL_COMPUTED,SINGLE,25,14,2.3562,6.0861,1.2,1793
0703002-0918-11-09-gnss_raw.txt,2436,443429.300,FINESTEERING,SOL_COMPUTED,SINGLE,25,14,2.5255,6.5296,1.3,1793
0703002-0918-11-09-gnss_raw.txt,2436,443429.400,FINESTEERING,SOL_COMPUTED,SINGLE,25,14,2.3538,6.082,1.4,1793
0703002-0918-11-09-gnss_raw.txt,2436,443429.500,FINESTEERING,SOL_COMPUTED,SINGLE,25,14,2.5202,6.521,1.5,1793
0703002-0918-11-09-gnss_raw.txt,2436,443429.600,FINESTEERING,SOL_COMPUTED,SINGLE,24,14,2.79,7.2262,1.6,1793
0703002-0918-11-09-gnss_raw.txt,2436,443429.700,FINESTEERING,SOL_COMPUTED,SINGLE,24,15,2.899,7.5091,1.7,1793
0703002-0918-11-09-gnss_raw.txt,2436,443429.800,FINESTEERING,SOL_COMPUTED,SINGLE,24,15,2.7377,7.0914,1.8,1793
0703002-0918-11-09-gnss_raw.txt,2436,443429.900,FINESTEERING,SOL_COMPUTED,SINGLE,24,14,2.5299,6.561,0.9,1793
0703002-0918-11-09-gnss_raw.txt,2436,443430.000,FINESTEERING,SOL_COMPUTED,SINGLE,24,14,2.347,6.0831,1.0,1793
0703002-0918-11-09-gnss_raw.txt,2436,443430.100,FINESTEERING,SOL_COMPUTED,SINGLE,24,14,2.2995,5.9609,1.1,1793
0703002-0918-11-09-gnss_raw.txt,2436,443430.200,FINESTEERING,SOL_COMPUTED,SINGLE,24,14,2.5073,6.5012,1.2,1793
0703002-0918-11-09-gnss_raw.txt,2436,443430.300,FINESTEERING,SOL_COMPUTED,SINGLE,24,14,2.3809,6.1684,1.3,1793
0703002-0918-11-09-gnss_raw.txt,2436,443430.400,FINESTEERING,SOL_COMPUTED,SINGLE,24,14,2.6655,6.8998,1.4,1793
0703002-0918-11-09-gnss_raw.txt,2436,443430.500,FINESTEERING,SOL_COMPUTED,SINGLE,24,14,2.6242,6.7871,1.5,1793
0703002-0918-11-09-gnss_raw.txt,2436,443430.600,FINESTEERING,SOL_COMPUTED,SINGLE,24,14,2.6876,6.9459,1.6,1793
0703002-0918-11-09-gnss_raw.txt,2436,443430.700,FINESTEERING,SOL_COMPUTED,SINGLE,24,13,2.5149,6.4923,1.7,1793
0703002-0918-11-09-gnss_raw.txt,2436,443430.800,FINESTEERING,SOL_COMPUTED,SINGLE,24,11,2.1902,5.6455,1.8,1793
0703002-0918-11-09-gnss_raw.txt,2436,443430.900,FINESTEERING,SOL_COMPUTED,SINGLE,24,14,2.6047,6.7285,1.9,1793
0703002-0918-11-09-gnss_raw.txt,2436,443431.000,FINESTEERING,SOL_COMPUTED,SINGLE,24,14,2.6061,6.7447,1.0,1793
0703002-0918-11-09-gnss_raw.txt,2436,443431.100,FINESTEERING,SOL_COMPUTED,SINGLE,24,14,2.5183,6.522,1.1,1793
0703002-0918-11-09-gnss_raw.txt,2436,443431.200,FINESTEERING,SOL_COMPUTED,SINGLE,24,14,2.8054,7.2665,1.2,1793
0703002-0918-11-09-gnss_raw.txt,2436,443431.300,FINESTEERING,SOL_COMPUTED,SINGLE,24,14,2.3477,6.0841,1.3,1793
0703002-0918-11-09-gnss_raw.txt,2436,443431.400,FINESTEERING,SOL_COMPUTED,SINGLE,24,14,2.322,6.0191,1.4,1793
0703002-0918-11-09-gnss_raw.txt,2436,443431.500,FINESTEERING,SOL_COMPUTED,SINGLE,24,14,2.3255,6.0337,1.5,1793
0703002-0918-11-09-gnss_raw.txt,2436,443431.600,FINESTEERING,SOL_COMPUTED,SINGLE,24,14,2.4893,6.4597,1.6,1793
0703002-0918-11-09-gnss_raw.txt,2436,443431.700,FINESTEERING,SOL_COMPUTED,SINGLE,24,14,2.5023,6.4905,1.7,1793
0703002-0918-11-09-gnss_raw.txt,2436,443431.800,FINESTEERING,SOL_COMPUTED,SINGLE,24,14,2.381,6.1713,1.8,1793
0703002-0918-11-09-gnss_raw.txt,2436,443431.900,FINESTEERING,SOL_COMPUTED,SINGLE,24,14,2.3078,5.9803,1.9,1793
0703002-0918-11-09-gnss_raw.txt,2436,443432.000,FINESTEERING,SOL_COMPUTED,SINGLE,24,14,2.3267,6.0313,1.0,1793
0703002-0918-11-09-gnss_raw.txt,2436,443432.100,FINESTEERING,SOL_COMPUTED,SINGLE,24,14,2.3319,6.0426,1.1,1793
0703002-0918-11-09-gnss_raw.txt,2436,443432.200,FINESTEERING,SOL_COMPUTED,SINGLE,24,14,2.604,6.7445,1.2,1793
0703002-0918-11-09-gnss_raw.txt,2436,443432.300,FINESTEERING,SOL_COMPUTED,SINGLE,24,14,2.5667,6.6467,1.3,1793
0703002-0918-11-09-gnss_raw.txt,2436,443432.400,FINESTEERING,SOL_COMPUTED,SINGLE,25,14,2.5552,6.6255,1.4,1793
0703002-0918-11-09-gnss_raw.txt,2436,443432.500,FINESTEERING,SOL_COMPUTED,SINGLE,25,14,2.35,6.0908,1.5,1793
0703002-0918-11-09-gnss_raw.txt,2436,443432.600,FINESTEERING,SOL_COMPUTED,SINGLE,25,14,2.433,6.3028,1.6,1793
0703002-0918-11-09-gnss_raw.txt,2436,443432.700,FINESTEERING,SOL_COMPUTED,SINGLE,25,14,2.3571,6.1046,1.7,1793
0703002-0918-11-09-gnss_raw.txt,2436,443432.800,FINESTEERING,SOL_COMPUTED,SINGLE,25,13,2.1457,5.5593,1.8,1793
0703002-0918-11-09-gnss_raw.txt,2436,443432.900,FINESTEERING,SOL_COMPUTED,SINGLE,25,12,2.1449,5.5595,1.9,1793
0703002-0918-11-09-gnss_raw.txt,2436,443433.000,FINESTEERING,SOL_COMPUTED,SINGLE,25,14,2.3678,6.136,1.0,1793
0703002-0918-11-09-gnss_raw.txt,2436,443433.100,FINESTEERING,SOL_COMPUTED,SINGLE,25,14,2.5588,6.6378,1.1,1793
0703002-0918-11-09-gnss_raw.txt,2436,443433.200,FINESTEERING,SOL_COMPUTED,SINGLE,25,14,2.3678,6.1491,1.2,1793
0703002-0918-11-09-gnss_raw.txt,2436,443433.300,FINESTEERING,SOL_COMPUTED,SINGLE,25,14,2.7522,7.1464,1.3,1793
0703002-0918-11-09-gnss_raw.txt,2436,443433.400,FINESTEERING,SOL_COMPUTED,SINGLE,25,14,2.6421,6.8658,1.4,1793
0703002-0918-11-09-gnss_raw.txt,2436,443433.500,FINESTEERING,SOL_COMPUTED,SINGLE,26,14,2.7381,7.1202,1.5,1793
0703002-0918-11-09-gnss_raw.txt,2436,443433.600,FINESTEERING,SOL_COMPUTED,SINGLE,26,14,2.928,7.616,1.6,1793
0703002-0918-11-09-gnss_raw.txt,2436,443433.700,FINESTEERING,SOL_COMPUTED,SINGLE,25,14,2.3967,6.2325,0.7,1793
0703002-0918-11-09-gnss_raw.txt,2436,443433.800,FINESTEERING,SOL_COMPUTED,SINGLE,25,14,2.4335,6.3258,0.8,1793
0703002-0918-11-09-gnss_raw.txt,2436,443433.900,FINESTEERING,SOL_COMPUTED,SINGLE,25,14,2.4126,6.2748,0.9,1793
0703002-0918-11-09-gnss_raw.txt,2436,443434.000,FINESTEERING,SOL_COMPUTED,SINGLE,25,13,2.2561,5.8624,1.0,1793
0703002-0918-11-09-gnss_raw.txt,2436,443434.100,FINESTEERING,SOL_COMPUTED,SINGLE,25,14,2.5809,6.7042,1.1,1793
0703002-0918-11-09-gnss_raw.txt,2436,443434.200,FINESTEERING,SOL_COMPUTED,SINGLE,25,14,2.5721,6.6755,1.2,1793
0703002-0918-11-09-gnss_raw.txt,2436,443434.300,FINESTEERING,SOL_COMPUTED,SINGLE,25,13,2.135,5.5375,1.3,1793
0703002-0918-11-09-gnss_raw.txt,2436,443434.400,FINESTEERING,SOL_COMPUTED,SINGLE,25,14,2.5923,6.7232,1.4,1793
0703002-0918-11-09-gnss_raw.txt,2436,443434.500,FINESTEERING,SOL_COMPUTED,SINGLE,25,14,2.4214,6.2806,1.5,1793
0703002-0918-11-09-gnss_raw.txt,2436,443434.600,FINESTEERING,SOL_COMPUTED,SINGLE,25,14,2.706,7.0143,1.6,1793
0703002-0918-11-09-gnss_raw.txt,2436,443434.700,FINESTEERING,SOL_COMPUTED,SINGLE,25,14,2.8796,7.4637,1.7,1793
0703002-0918-11-09-gnss_raw.txt,2436,443434.800,FINESTEERING,SOL_COMPUTED,SINGLE,25,14,2.79,7.2357,1.8,1793
0703002-0918-11-09-gnss_raw.txt,2436,443434.900,FINESTEERING,SOL_COMPUTED,SINGLE,26,14,3.5436,9.2035,0.9,1793
0703002-0918-11-09-gnss_raw.txt,2436,443435.000,FINESTEERING,SOL_COMPUTED,SINGLE,26,14,2.6679,6.9294,1.0,1793
0703002-0918-11-09-gnss_raw.txt,2436,443435.100,FINESTEERING,SOL_COMPUTED,SINGLE,26,14,2.4931,6.4823,1.1,1793
0703002-0918-11-09-gnss_raw.txt,2436,443435.200,FINESTEERING,SOL_COMPUTED,SINGLE,26,14,2.9406,7.6415,1.2,1793
0703002-0918-11-09-gnss_raw.txt,2436,443435.300,FINESTEERING,SOL_COMPUTED,SINGLE,26,13,2.7849,7.2316,1.3,1793
0703002-0918-11-09-gnss_raw.txt,2436,443435.400,FINESTEERING,SOL_COMPUTED,SINGLE,25,13,2.54,6.6088,1.4,1793
0703002-0918-11-09-gnss_raw.txt,2436,443435.500,FINESTEERING,SOL_COMPUTED,SINGLE,25,14,2.6858,6.9835,1.5,1793
0703002-0918-11-09-gnss_raw.txt,2436,443435.600,FINESTEERING,SOL_COMPUTED,SINGLE,25,14,2.4133,6.2696,1.6,1793
0703002-0918-11-09-gnss_raw.txt,2436,443435.700,FINESTEERING,SOL_COMPUTED,SINGLE,25,14,2.3276,6.0422,1.7,1793
0703002-0918-11-09-gnss_raw.txt,2436,443435.800,FINESTEERING,SOL_COMPUTED,SINGLE,25,14,2.4783,6.4284,1.8,1793
0703002-0918-11-09-gnss_raw.txt,2436,443435.900,FINESTEERING,SOL_COMPUTED,SINGLE,25,13,2.4815,6.4403,1.9,1793
0703002-0918-11-09-gnss_raw.txt,2436,443436.000,FINESTEERING,SOL_COMPUTED,SINGLE,25,14,2.4331,6.328,1.0,1793
0703002-0918-11-09-gnss_raw.txt,2436,443436.100,FINESTEERING,SOL_COMPUTED,SINGLE,25,13,2.9206,7.5952,1.1,1793
0703002-0918-11-09-gnss_raw.txt,2436,443436.200,FINESTEERING,SOL_COMPUTED,SINGLE,25,14,2.7651,7.1966,1.2,1793
0703002-0918-11-09-gnss_raw.txt,2436,443436.300,FINESTEERING,SOL_COMPUTED,SINGLE,25,14,3.1196,8.1203,1.3,1793
0703002-0918-11-09-gnss_raw.txt,2436,443436.400,FINESTEERING,SOL_COMPUTED,SINGLE,25,14,2.9886,7.7833,1.4,1793
0703002-0918-11-09-gnss_raw.txt,2436,443436.500,FINESTEERING,SOL_COMPUTED,SINGLE,25,14,3.1244,8.137,1.5,1793
0703002-0918-11-09-gnss_raw.txt,2436,443436.600,FINESTEERING,SOL_COMPUTED,SINGLE,25,14,3.029,7.8914,1.6,1793
0703002-0918-11-09-gnss_raw.txt,2436,443436.700,FINESTEERING,SOL_COMPUTED,SINGLE,25,14,3.4239,8.9123,1.7,1793
0703002-0918-11-09-gnss_raw.txt,2436,443436.800,FINESTEERING,SOL_COMPUTED,SINGLE,25,14,3.1057,8.0796,1.8,1793
0703002-0918-11-09-gnss_raw.txt,2436,443436.900,FINESTEERING,SOL_COMPUTED,SINGLE,25,14,3.0276,7.8704,0.9,1793
0703002-0918-11-09-gnss_raw.txt,2436,443437.000,FINESTEERING,SOL_COMPUTED,SINGLE,25,14,3.0325,7.8834,1.0,1793
0703002-0918-11-09-gnss_raw.txt,2436,443437.100,FINESTEERING,SOL_COMPUTED,SINGLE,25,14,3.0643,7.9665,1.1,1793
0703002-0918-11-09-gnss_raw.txt,2436,443437.200,FINESTEERING,SOL_COMPUTED,SINGLE,25,14,3.153,8.2007,1.2,1793
0703002-0918-11-09-gnss_raw.txt,2436,443437.300,FINESTEERING,SOL_COMPUTED,SINGLE,25,14,3.1071,8.0787,1.3,1793
0703002-0918-11-09-gnss_raw.txt,2436,443437.400,FINESTEERING,SOL_COMPUTED,SINGLE,25,14,3.1121,8.0943,1.4,1793
0703002-0918-11-09-gnss_raw.txt,2436,443437.500,FINESTEERING,SOL_COMPUTED,SINGLE,25,14,3.1444,8.1823,1.5,1793
0703002-0918-11-09-gnss_raw.txt,2436,443437.600,FINESTEERING,SOL_COMPUTED,SINGLE,25,13,2.6944,7.0079,1.6,1793
0703002-0918-11-09-gnss_raw.txt,2436,443437.700,FINESTEERING,SOL_COMPUTED,SINGLE,26,16,2.7522,7.1725,1.7,1793
0703002-0918-11-09-gnss_raw.txt,2436,443437.800,FINESTEERING,SOL_COMPUTED,SINGLE,26,16,3.0271,7.8916,1.8,1793
0703002-0918-11-09-gnss_raw.txt,2436,443437.900,FINESTEERING,SOL_COMPUTED,SINGLE,26,16,2.7298,7.1141,1.9,1793
0703002-0918-11-09-gnss_raw.txt,2436,443438.000,FINESTEERING,SOL_COMPUTED,SINGLE,26,17,2.8722,7.4991,1.0,1793
0703002-0918-11-09-gnss_raw.txt,2436,443438.100,FINESTEERING,SOL_COMPUTED,SINGLE,26,17,2.8129,7.3424,1.1,1793
0703002-0918-11-09-gnss_raw.txt,2436,443438.200,FINESTEERING,SOL_COMPUTED,SINGLE,26,17,2.9117,7.5999,1.2,1793
0703002-0918-11-09-gnss_raw.txt,2436,443438.300,FINESTEERING,SOL_COMPUTED,SINGLE,26,17,2.8816,7.5351,1.3,1793
0703002-0918-11-09-gnss_raw.txt,2436,443438.400,FINESTEERING,SOL_COMPUTED,SINGLE,26,17,2.8255,7.3844,1.4,1793
0703002-0918-11-09-gnss_raw.txt,2436,443438.500,FINESTEERING,SOL_COMPUTED,SINGLE,26,17,2.9528,7.7301,1.5,1793
0703002-0918-11-09-gnss_raw.txt,2436,443438.600,FINESTEERING,SOL_COMPUTED,SINGLE,26,17,3.0736,8.05,1.6,1793
0703002-0918-11-09-gnss_raw.txt,2436,443438.700,FINESTEERING,SOL_COMPUTED,SINGLE,26,17,2.6355,6.9112,1.7,1793
0703002-0918-11-09-gnss_raw.txt,2436,443438.800,FINESTEERING,SOL_COMPUTED,SINGLE,26,17,2.7837,7.3108,0.8,1793
0703002-0918-11-09-gnss_raw.txt,2436,443438.900,FINESTEERING,SOL_COMPUTED,SINGLE,26,17,2.8351,7.4588,0.9,1793
0703002-0918-11-09-gnss_raw.txt,2436,443439.000,FINESTEERING,SOL_COMPUTED,SINGLE,26,17,2.7996,7.3732,1.0,1793
0703002-0918-11-09-gnss_raw.txt,2436,443439.100,FINESTEERING,SOL_COMPUTED,SINGLE,26,14,2.8358,7.4713,1.1,1793
0703002-0918-11-09-gnss_raw.txt,2436,443439.200,FINESTEERING,SOL_COMPUTED,SINGLE,26,14,3.1518,8.3037,1.2,1793
0703002-0918-11-09-gnss_raw.txt,2436,443439.300,FINESTEERING,SOL_COMPUTED,SINGLE,26,14,3.3065,8.7074,1.3,1793
0703002-0918-11-09-gnss_raw.txt,2436,443439.400,FINESTEERING,SOL_COMPUTED,SINGLE,26,13,3.3485,8.8121,1.4,1793
0703002-0918-11-09-gnss_raw.txt,2436,443439.500,FINESTEERING,SOL_COMPUTED,SINGLE,26,13,3.1785,8.3551,1.5,1793
0703002-0918-11-09-gnss_raw.txt,2436,443439.600,FINESTEERING,SOL_COMPUTED,SINGLE,26,14,3.0656,8.0453,1.6,1793
0703002-0918-11-09-gnss_raw.txt,2436,443439.700,FINESTEERING,SOL_COMPUTED,SINGLE,26,17,2.9124,7.653,1.7,1793
0703002-0918-11-09-gnss_raw.txt,2436,443439.800,FINESTEERING,SOL_COMPUTED,SINGLE,26,17,2.9251,7.6828,1.8,1793
0703002-0918-11-09-gnss_raw.txt,2436,443439.900,FINESTEERING,SOL_COMPUTED,SINGLE,26,17,3.0246,7.9374,1.9,1793
0703002-0918-11-09-gnss_raw.txt,2436,443440.000,FINESTEERING,SOL_COMPUTED,SINGLE,26,14,3.4048,8.9326,1.0,1793
0703002-0918-11-09-gnss_raw.txt,2436,443440.100,FINESTEERING,SOL_COMPUTED,SINGLE,26,17,3.1082,8.1658,1.1,1793
0703002-0918-11-09-gnss_raw.txt,2436,443440.200,FINESTEERING,SOL_COMPUTED,SINGLE,26,17,3.0298,7.9666,1.2,1793
0703002-0918-11-09-gnss_raw.txt,2436,443440.300,FINESTEERING,SOL_COMPUTED,SINGLE,26,17,2.6625,7.0141,1.3,1793
0703002-0918-11-09-gnss_raw.txt,2436,443440.400,FINESTEERING,SOL_COMPUTED,SINGLE,26,14,3.3275,8.7584,1.4,1793
0703002-0918-11-09-gnss_raw.txt,2436,443440.500,FINESTEERING,SOL_COMPUTED,SINGLE,26,14,3.0156,7.9399,1.5,1793
0703002-0918-11-09-gnss_raw.txt,2436,443440.600,FINESTEERING,SOL_COMPUTED,SINGLE,26,14,2.6902,7.0794,1.6,1793
0703002-0918-11-09-gnss_raw.txt,2436,443440.700,FINESTEERING,SOL_COMPUTED,SINGLE,26,13,3.193,8.3972,1.7,1793
0703002-0918-11-09-gnss_raw.txt,2436,443440.800,FINESTEERING,SOL_COMPUTED,SINGLE,26,13,3.0087,7.9,1.8,1793
0703002-0918-11-09-gnss_raw.txt,2436,443440.900,FINESTEERING,SOL_COMPUTED,SINGLE,26,13,3.0098,7.8886,1.9,1793
0703002-0918-11-09-gnss_raw.txt,2436,443441.000,FINESTEERING,SOL_COMPUTED,SINGLE,26,14,3.168,8.2889,1.0,1793
0703002-0918-11-09-gnss_raw.txt,2436,443441.100,FINESTEERING,SOL_COMPUTED,SINGLE,25,14,3.3008,8.6268,1.1,1793
0703002-0918-11-09-gnss_raw.txt,2436,443441.200,FINESTEERING,SOL_COMPUTED,SINGLE,25,14,3.1456,8.2146,1.2,1793
0703002-0918-11-09-gnss_raw.txt,2436,443441.300,FINESTEERING,SOL_COMPUTED,SINGLE,25,14,2.9577,7.7197,1.3,1793
0703002-0918-11-09-gnss_raw.txt,2436,443441.400,FINESTEERING,SOL_COMPUTED,SINGLE,25,14,2.9743,7.7519,1.4,1793
0703002-0918-11-09-gnss_raw.txt,2436,443441.500,FINESTEERING,SOL_COMPUTED,SINGLE,25,14,3.2751,8.5227,1.5,1793
0703002-0918-11-09-gnss_raw.txt,2436,443441.600,FINESTEERING,SOL_COMPUTED,SINGLE,25,14,3.0894,8.0277,1.6,1793
0703002-0918-11-09-gnss_raw.txt,2436,443441.700,FINESTEERING,SOL_COMPUTED,SINGLE,25,14,3.2345,8.3933,1.7,1793
0703002-0918-11-09-gnss_raw.txt,2436,443441.800,FINESTEERING,SOL_COMPUTED,SINGLE,25,14,3.0733,7.9691,1.8,1793
0703002-0918-11-09-gnss_raw.txt,2436,443441.900,FINESTEERING,SOL_COMPUTED,SINGLE,25,14,3.0129,7.8002,1.9,1793
0703002-0918-11-09-gnss_raw.txt,2436,443442.000,FINESTEERING,SOL_COMPUTED,SINGLE,25,14,3.1183,8.0616,1.0,1793
0703002-0918-11-09-gnss_raw.txt,2436,443442.100,FINESTEERING,SOL_COMPUTED,SINGLE,25,14,3.1034,8.0082,1.1,1793
0703002-0918-11-09-gnss_raw.txt,2436,443442.200,FINESTEERING,SOL_COMPUTED,SINGLE,25,14,3.0024,7.7379,1.2,1793
0703002-0918-11-09-gnss_raw.txt,2436,443442.300,FINESTEERING,SOL_COMPUTED,SINGLE,25,14,2.7507,7.0817,1.3,1793
0703002-0918-11-09-gnss_raw.txt,2436,443442.400,FINESTEERING,SOL_COMPUTED,SINGLE,25,13,2.892,7.436,1.4,1793
0703002-0918-11-09-gnss_raw.txt,2436,443442.500,FINESTEERING,SOL_COMPUTED,SINGLE,25,13,2.8283,7.2627,1.5,1793
0703002-0918-11-09-gnss_raw.txt,2436,443442.600,FINESTEERING,SOL_COMPUTED,SINGLE,25,12,3.2144,8.2382,1.6,1793
0703002-0918-11-09-gnss_raw.txt,2436,443442.700,FINESTEERING,SOL_COMPUTED,SINGLE,25,13,3.0576,7.8243,0.7,1793
0703002-0918-11-09-gnss_raw.txt,2436,443442.800,FINESTEERING,SOL_COMPUTED,SINGLE,25,13,3.2019,8.1805,0.8,1793
0703002-0918-11-09-gnss_raw.txt,2436,443442.900,FINESTEERING,SOL_COMPUTED,SINGLE,25,14,2.9714,7.5838,0.9,1793
0703002-0918-11-09-gnss_raw.txt,2436,443443.000,FINESTEERING,SOL_COMPUTED,SINGLE,25,14,2.8316,7.2188,1.0,1793
0703002-0918-11-09-gnss_raw.txt,2436,443443.100,FINESTEERING,SOL_COMPUTED,SINGLE,25,14,2.9563,7.5309,1.1,1793
0703002-0918-11-09-gnss_raw.txt,2436,443443.200,FINESTEERING,SOL_COMPUTED,SINGLE,25,14,3.1218,7.9463,1.2,1793
0703002-0918-11-09-gnss_raw.txt,2436,443443.300,FINESTEERING,SOL_COMPUTED,SINGLE,25,14,2.9314,7.4536,1.3,1793
0703002-0918-11-09-gnss_raw.txt,2436,443443.400,FINESTEERING,SOL_COMPUTED,SINGLE,25,14,3.0057,7.6353,1.4,1793
0703002-0918-11-09-gnss_raw.txt,2436,443443.500,FINESTEERING,SOL_COMPUTED,SINGLE,25,14,3.1396,7.971,1.5,1793
0703002-0918-11-09-gnss_raw.txt,2436,443443.600,FINESTEERING,SOL_COMPUTED,SINGLE,25,14,3.018,7.6602,1.6,1793
0703002-0918-11-09-gnss_raw.txt,2436,443443.700,FINESTEERING,SOL_COMPUTED,SINGLE,25,14,2.8788,7.2994,1.7,1793
0703002-0918-11-09-gnss_raw.txt,2436,443443.800,FINESTEERING,SOL_COMPUTED,SINGLE,25,14,2.9109,7.3771,1.8,1793
0703002-0918-11-09-gnss_raw.txt,2436,443443.900,FINESTEERING,SOL_COMPUTED,SINGLE,25,14,2.8828,7.2981,1.9,1793
0703002-0918-11-09-gnss_raw.txt,2436,443444.000,FINESTEERING,SOL_COMPUTED,SINGLE,25,14,2.9848,7.5493,2.0,1793
0703002-0918-11-09-gnss_raw.txt,2436,443444.100,FINESTEERING,SOL_COMPUTED,SINGLE,25,14,3.2502,8.2171,1.1,1793
0703002-0918-11-09-gnss_raw.txt,2436,443444.200,FINESTEERING,SOL_COMPUTED,SINGLE,25,14,2.9583,7.4892,1.2,1793
0703002-0918-11-09-gnss_raw.txt,2436,443444.300,FINESTEERING,SOL_COMPUTED,SINGLE,25,14,2.8537,7.2249,1.3,1793
0703002-0918-11-09-gnss_raw.txt,2436,443444.400,FINESTEERING,SOL_COMPUTED,SINGLE,25,14,3.076,7.7844,1.4,1793
0703002-0918-11-09-gnss_raw.txt,2436,443444.500,FINESTEERING,SOL_COMPUTED,SINGLE,25,14,2.921,7.3859,1.5,1793
0703002-0918-11-09-gnss_raw.txt,2436,443444.600,FINESTEERING,SOL_COMPUTED,SINGLE,25,14,2.9306,7.3987,1.6,1793
0703002-0918-11-09-gnss_raw.txt,2436,443444.700,FINESTEERING,SOL_COMPUTED,SINGLE,25,14,3.0436,7.6722,1.7,1793
0703002-0918-11-09-gnss_raw.txt,2436,443444.800,FINESTEERING,SOL_COMPUTED,SINGLE,25,14,2.8089,7.0725,0.8,1793
0703002-0918-11-09-gnss_raw.txt,2436,443444.900,FINESTEERING,SOL_COMPUTED,SINGLE,25,14,3.0207,7.597,0.9,1793
0703002-0918-11-09-gnss_raw.txt,2436,443445.000,FINESTEERING,SOL_COMPUTED,SINGLE,25,14,2.9044,7.2994,1.0,1793
0703002-0918-11-09-gnss_raw.txt,2436,443445.100,FINESTEERING,SOL_COMPUTED,SINGLE,25,14,2.8914,7.2588,1.1,1793
0703002-0918-11-09-gnss_raw.txt,2436,443445.200,FINESTEERING,SOL_COMPUTED,SINGLE,25,14,2.8065,7.0405,1.2,1793
0703002-0918-11-09-gnss_raw.txt,2436,443445.300,FINESTEERING,SOL_COMPUTED,SINGLE,25,14,2.6599,6.6663,1.3,1793
0703002-0918-11-09-gnss_raw.txt,2436,443445.400,FINESTEERING,SOL_COMPUTED,SINGLE,25,14,2.8358,7.099,1.4,1793
0703002-0918-11-09-gnss_raw.txt,2436,443445.500,FINESTEERING,SOL_COMPUTED,SINGLE,25,14,3.0631,7.6598,1.5,1793
0703002-0918-11-09-gnss_raw.txt,2436,443445.600,FINESTEERING,SOL_COMPUTED,SINGLE,25,14,2.8749,7.1843,1.6,1793
0703002-0918-11-09-gnss_raw.txt,2436,443445.700,FINESTEERING,SOL_COMPUTED,SINGLE,25,14,3.0008,7.4937,1.7,1793
0703002-0918-11-09-gnss_raw.txt,2436,443445.800,FINESTEERING,SOL_COMPUTED,SINGLE,25,14,3.1285,7.8063,1.8,1793
0703002-0918-11-09-gnss_raw.txt,2436,443445.900,FINESTEERING,SOL_COMPUTED,SINGLE,25,14,2.8148,7.0181,1.9,1793
0703002-0918-11-09-gnss_raw.txt,2436,443446.000,FINESTEERING,SOL_COMPUTED,SINGLE,25,14,2.6441,6.59,2.0,1793
0703002-0918-11-09-gnss_raw.txt,2436,443446.100,FINESTEERING,SOL_COMPUTED,SINGLE,25,14,2.7576,6.8727,1.1,1793
0703002-0918-11-09-gnss_raw.txt,2436,443446.200,FINESTEERING,SOL_COMPUTED,SINGLE,25,14,2.7363,6.8193,1.2,1793
0703002-0918-11-09-gnss_raw.txt,2436,443446.300,FINESTEERING,SOL_COMPUTED,SINGLE,25,14,2.7538,6.8616,1.3,1793
0703002-0918-11-09-gnss_raw.txt,2436,443446.400,FINESTEERING,SOL_COMPUTED,SINGLE,25,14,2.7246,6.7858,1.4,1793
0703002-0918-11-09-gnss_raw.txt,2436,443446.500,FINESTEERING,SOL_COMPUTED,SINGLE,25,14,2.8293,7.0466,1.5,1793
0703002-0918-11-09-gnss_raw.txt,2436,443446.600,FINESTEERING,SOL_COMPUTED,SINGLE,25,14,2.9073,7.2404,1.6,1793
0703002-0918-11-09-gnss_raw.txt,2436,443446.700,FINESTEERING,SOL_COMPUTED,SINGLE,25,14,2.9628,7.3789,1.7,1793
0703002-0918-11-09-gnss_raw.txt,2436,443446.800,FINESTEERING,SOL_COMPUTED,SINGLE,25,14,2.782,6.9275,1.8,1793
0703002-0918-11-09-gnss_raw.txt,2436,443446.900,FINESTEERING,SOL_COMPUTED,SINGLE,25,14,2.6851,6.6877,1.9,1793
0703002-0918-11-09-gnss_raw.txt,2436,443447.000,FINESTEERING,SOL_COMPUTED,SINGLE,25,14,2.7183,6.7721,1.0,1793
0703002-0918-11-09-gnss_raw.txt,2436,443447.100,FINESTEERING,SOL_COMPUTED,SINGLE,25,14,2.6129,6.5109,1.1,1793
0703002-0918-11-09-gnss_raw.txt,2436,443447.200,FINESTEERING,SOL_COMPUTED,SINGLE,25,14,2.9837,7.4299,1.2,1793
0703002-0918-11-09-gnss_raw.txt,2436,443447.300,FINESTEERING,SOL_COMPUTED,SINGLE,25,14,2.8615,7.1258,1.3,1793
0703002-0918-11-09-gnss_raw.txt,2436,443447.400,FINESTEERING,SOL_COMPUTED,SINGLE,25,14,3.0741,7.6519,1.4,1793
0703002-0918-11-09-gnss_raw.txt,2436,443447.500,FINESTEERING,SOL_COMPUTED,SINGLE,25,14,3.1232,7.7752,1.5,1793
0703002-0918-11-09-gnss_raw.txt,2436,443447.600,FINESTEERING,SOL_COMPUTED,SINGLE,25,13,3.4061,8.4725,1.6,1793
0703002-0918-11-09-gnss_raw.txt,2436,443447.700,FINESTEERING,SOL_COMPUTED,SINGLE,25,13,2.9068,7.2306,1.7,1793
0703002-0918-11-09-gnss_raw.txt,2436,443447.800,FINESTEERING,SOL_COMPUTED,SINGLE,25,13,2.9432,7.318,1.8,1793
0703002-0918-11-09-gnss_raw.txt,2436,443447.900,FINESTEERING,SOL_COMPUTED,SINGLE,25,13,3.0591,7.5979,1.9,1793
0703002-0918-11-09-gnss_raw.txt,2436,443448.000,FINESTEERING,SOL_COMPUTED,SINGLE,25,13,3.052,7.5772,1.0,1793
0703002-0918-11-09-gnss_raw.txt,2436,443448.100,FINESTEERING,SOL_COMPUTED,SINGLE,25,13,3.0783,7.6393,1.1,1793
0703002-0918-11-09-gnss_raw.txt,2436,443448.200,FINESTEERING,SOL_COMPUTED,SINGLE,25,13,3.0427,7.548,1.2,1793
0703002-0918-11-09-gnss_raw.txt,2436,443448.300,FINESTEERING,SOL_COMPUTED,SINGLE,25,13,3.007,7.4598,1.3,1793
0703002-0918-11-09-gnss_raw.txt,2436,443448.400,FINESTEERING,SOL_COMPUTED,SINGLE,25,13,3.0223,7.4977,1.4,1793
0703002-0918-11-09-gnss_raw.txt,2436,443448.500,FINESTEERING,SOL_COMPUTED,SINGLE,25,13,2.9291,7.2616,1.5,1793
0703002-0918-11-09-gnss_raw.txt,2436,443448.600,FINESTEERING,SOL_COMPUTED,SINGLE,25,13,3.0228,7.4916,1.6,1793
0703002-0918-11-09-gnss_raw.txt,2436,443448.700,FINESTEERING,SOL_COMPUTED,SINGLE,25,13,3.0713,7.6095,1.7,1793
0703002-0918-11-09-gnss_raw.txt,2436,443448.800,FINESTEERING,SOL_COMPUTED,SINGLE,25,13,2.9653,7.3447,0.8,1793
0703002-0918-11-09-gnss_raw.txt,2436,443448.900,FINESTEERING,SOL_COMPUTED,SINGLE,25,13,2.9451,7.294,0.9,1793
0703002-0918-11-09-gnss_raw.txt,2436,443449.000,FINESTEERING,SOL_COMPUTED,SINGLE,25,13,3.0305,7.502,1.0,1793
0703002-0918-11-09-gnss_raw.txt,2436,443449.100,FINESTEERING,SOL_COMPUTED,SINGLE,25,13,2.8054,6.9429,1.1,1793
0703002-0918-11-09-gnss_raw.txt,2436,443449.200,FINESTEERING,SOL_COMPUTED,SINGLE,25,13,2.7876,6.9006,1.2,1793
0703002-0918-11-09-gnss_raw.txt,2436,443449.300,FINESTEERING,SOL_COMPUTED,SINGLE,25,13,2.896,7.17,1.3,1793
0703002-0918-11-09-gnss_raw.txt,2436,443449.400,FINESTEERING,SOL_COMPUTED,SINGLE,26,13,3.043,7.5352,1.4,1793
0703002-0918-11-09-gnss_raw.txt,2436,443449.500,FINESTEERING,SOL_COMPUTED,SINGLE,26,13,3.1031,7.6846,1.5,1793
0703002-0918-11-09-gnss_raw.txt,2436,443449.600,FINESTEERING,SOL_COMPUTED,SINGLE,26,13,3.0654,7.5915,1.6,1793
0703002-0918-11-09-gnss_raw.txt,2436,443449.700,FINESTEERING,SOL_COMPUTED,SINGLE,26,13,3.1901,7.897,1.7,1793
0703002-0918-11-09-gnss_raw.txt,2436,443449.800,FINESTEERING,SOL_COMPUTED,SINGLE,26,13,3.0651,7.5842,1.8,1793
0703002-0918-11-09-gnss_raw.txt,2436,443449.900,FINESTEERING,SOL_COMPUTED,SINGLE,26,13,3.278,8.105,1.9,1793
0703002-0918-11-09-gnss_raw.txt,2436,443450.000,FINESTEERING,SOL_COMPUTED,SINGLE,26,13,2.8319,7.0034,1.0,1793
0703002-0918-11-09-gnss_raw.txt,2436,443450.100,FINESTEERING,SOL_COMPUTED,SINGLE,26,13,3.1821,7.8673,1.1,1793
0703002-0918-11-09-gnss_raw.txt,2436,443450.200,FINESTEERING,SOL_COMPUTED,SINGLE,26,13,2.7796,6.8732,1.2,1793
0703002-0918-11-09-gnss_raw.txt,2436,443450.300,FINESTEERING,SOL_COMPUTED,SINGLE,26,13,3.0135,7.4463,1.3,1793
0703002-0918-11-09-gnss_raw.txt,2436,443450.400,FINESTEERING,SOL_COMPUTED,SINGLE,26,14,3.0225,7.4685,1.4,1793
0703002-0918-11-09-gnss_raw.txt,2436,443450.500,FINESTEERING,SOL_COMPUTED,SINGLE,26,14,3.0474,7.5314,1.5,1793
0703002-0918-11-09-gnss_raw.txt,2436,443450.600,FINESTEERING,SOL_COMPUTED,SINGLE,26,13,3.0952,7.6448,1.6,1793
0703002-0918-11-09-gnss_raw.txt,2436,443450.700,FINESTEERING,SOL_COMPUTED,SINGLE,26,13,3.1195,7.699,1.7,1793
0703002-0918-11-09-gnss_raw.txt,2436,443450.800,FINESTEERING,SOL_COMPUTED,SINGLE,26,13,2.9056,7.1841,1.8,1793
0703002-0918-11-09-gnss_raw.txt,2436,443450.900,FINESTEERING,SOL_COMPUTED,SINGLE,26,13,2.9538,7.3175,1.9,1793
0703002-0918-11-09-gnss_raw.txt,2436,443451.000,FINESTEERING,SOL_COMPUTED,SINGLE,26,13,2.9574,7.3391,1.0,1793
0703002-0918-11-09-gnss_raw.txt,2436,443451.100,FINESTEERING,SOL_COMPUTED,SINGLE,26,13,2.8914,7.1907,1.1,1793
0703002-0918-11-09-gnss_raw.txt,2436,443451.200,FINESTEERING,SOL_COMPUTED,SINGLE,26,13,3.0342,7.5464,1.2,1793
0703002-0918-11-09-gnss_raw.txt,2436,443451.300,FINESTEERING,SOL_COMPUTED,SINGLE,26,13,2.9371,7.3043,1.3,1793
0703002-0918-11-09-gnss_raw.txt,2436,443451.400,FINESTEERING,SOL_COMPUTED,SINGLE,26,13,2.9358,7.3026,1.4,1793
0703002-0918-11-09-gnss_raw.txt,2436,443451.500,FINESTEERING,SOL_COMPUTED,SINGLE,25,14,3.0999,7.7144,1.5,1793
0703002-0918-11-09-gnss_raw.txt,2436,443451.600,FINESTEERING,SOL_COMPUTED,SINGLE,25,14,2.9953,7.4583,1.6,1793
0703002-0918-11-09-gnss_raw.txt,2436,443451.700,FINESTEERING,SOL_COMPUTED,SINGLE,25,14,2.9503,7.3476,0.7,1793
0703002-0918-11-09-gnss_raw.txt,2436,443451.800,FINESTEERING,SOL_COMPUTED,SINGLE,25,14,2.9891,7.4446,0.8,1793
0703002-0918-11-09-gnss_raw.txt,2436,443451.900,FINESTEERING,SOL_COMPUTED,SINGLE,25,14,2.9919,7.4533,0.9,1793
0703002-0918-11-09-gnss_raw.txt,2436,443452.000,FINESTEERING,SOL_COMPUTED,SINGLE,25,14,3.1043,7.7459,1.0,1793
0703002-0918-11-09-gnss_raw.txt,2436,443452.100,FINESTEERING,SOL_COMPUTED,SINGLE,25,14,2.9344,7.3227,1.1,1793
0703002-0918-11-09-gnss_raw.txt,2436,443452.200,FINESTEERING,SOL_COMPUTED,SINGLE,25,14,2.8301,7.0619,1.2,1793
0703002-0918-11-09-gnss_raw.txt,2436,443452.300,FINESTEERING,SOL_COMPUTED,SINGLE,25,14,2.8777,7.1793,1.3,1793
0703002-0918-11-09-gnss_raw.txt,2436,443452.400,FINESTEERING,SOL_COMPUTED,SINGLE,25,14,2.8727,7.1693,1.4,1793
0703002-0918-11-09-gnss_raw.txt,2436,443452.500,FINESTEERING,SOL_COMPUTED,SINGLE,25,14,2.9622,7.3947,1.5,1793
0703002-0918-11-09-gnss_raw.txt,2436,443452.600,FINESTEERING,SOL_COMPUTED,SINGLE,25,14,2.9395,7.3395,1.6,1793
0703002-0918-11-09-gnss_raw.txt,2436,443452.700,FINESTEERING,SOL_COMPUTED,SINGLE,25,14,2.825,7.0538,1.7,1793
0703002-0918-11-09-gnss_raw.txt,2436,443452.800,FINESTEERING,SOL_COMPUTED,SINGLE,25,14,2.8761,7.1806,0.8,1793
0703002-0918-11-09-gnss_raw.txt,2436,443452.900,FINESTEERING,SOL_COMPUTED,SINGLE,24,14,3.0862,7.7084,0.9,1793
0703002-0918-11-09-gnss_raw.txt,2436,443453.000,FINESTEERING,SOL_COMPUTED,SINGLE,24,14,3.0433,7.6003,1.0,1793
0703002-0918-11-09-gnss_raw.txt,2436,443453.100,FINESTEERING,SOL_COMPUTED,SINGLE,24,14,2.8817,7.1989,1.1,1793
0703002-0918-11-09-gnss_raw.txt,2436,443453.200,FINESTEERING,SOL_COMPUTED,SINGLE,24,14,2.9737,7.4289,1.2,1793
0703002-0918-11-09-gnss_raw.txt,2436,443453.300,FINESTEERING,SOL_COMPUTED,SINGLE,24,14,3.0403,7.5931,1.3,1793
0703002-0918-11-09-gnss_raw.txt,2436,443453.400,FINESTEERING,SOL_COMPUTED,SINGLE,24,14,2.8378,7.0862,1.4,1793
0703002-0918-11-09-gnss_raw.txt,2436,443453.500,FINESTEERING,SOL_COMPUTED,SINGLE,24,14,2.858,7.1317,1.5,1793
0703002-0918-11-09-gnss_raw.txt,2436,443453.600,FINESTEERING,SOL_COMPUTED,SINGLE,24,14,2.9278,7.3042,1.6,1793
0703002-0918-11-09-gnss_raw.txt,2436,443453.700,FINESTEERING,SOL_COMPUTED,SINGLE,24,14,2.9382,7.3299,1.7,1793
0703002-0918-11-09-gnss_raw.txt,2436,443453.800,FINESTEERING,SOL_COMPUTED,SINGLE,24,14,2.8668,7.1477,0.8,1793
0703002-0918-11-09-gnss_raw.txt,2436,443453.900,FINESTEERING,SOL_COMPUTED,SINGLE,24,14,2.9993,7.4798,0.9,1793
0703002-0918-11-09-gnss_raw.txt,2436,443454.000,FINESTEERING,SOL_COMPUTED,SINGLE,24,14,3.27,8.1527,1.0,1793
0703002-0918-11-09-gnss_raw.txt,2436,443454.100,FINESTEERING,SOL_COMPUTED,SINGLE,24,14,3.0744,7.6661,1.1,1793
0703002-0918-11-09-gnss_raw.txt,2436,443454.200,FINESTEERING,SOL_COMPUTED,SINGLE,24,14,3.0223,7.5303,1.2,1793
0703002-0918-11-09-gnss_raw.txt,2436,443454.300,FINESTEERING,SOL_COMPUTED,SINGLE,25,14,2.8234,7.0317,1.3,1793
0703002-0918-11-09-gnss_raw.txt,2436,443454.400,FINESTEERING,SOL_COMPUTED,SINGLE,25,14,3.1138,7.7535,1.4,1793
0703002-0918-11-09-gnss_raw.txt,2436,443454.500,FINESTEERING,SOL_COMPUTED,SINGLE,25,14,3.0301,7.544,1.5,1793
0703002-0918-11-09-gnss_raw.txt,2436,443454.600,FINESTEERING,SOL_COMPUTED,SINGLE,25,14,3.1127,7.7454,1.6,1793
0703002-0918-11-09-gnss_raw.txt,2436,443454.700,FINESTEERING,SOL_COMPUTED,SINGLE,25,14,3.147,7.8232,1.7,1793
0703002-0918-11-09-gnss_raw.txt,2436,443454.800,FINESTEERING,SOL_COMPUTED,SINGLE,25,14,3.2231,8.0092,1.8,1793
0703002-0918-11-09-gnss_raw.txt,2436,443454.900,FINESTEERING,SOL_COMPUTED,SINGLE,25,14,3.0308,7.5295,0.9,1793
0703002-0918-11-09-gnss_raw.txt,2436,443455.000,FINESTEERING,SOL_COMPUTED,SINGLE,25,14,2.9852,7.4132,1.0,1793
0703002-0918-11-09-gnss_raw.txt,2436,443455.100,FINESTEERING,SOL_COMPUTED,SINGLE,25,14,3.0649,7.6106,1.1,1793
0703002-0918-11-09-gnss_raw.txt,2436,443455.200,FINESTEERING,SOL_COMPUTED,SINGLE,25,14,3.017,7.4855,1.2,1793
0703002-0918-11-09-gnss_raw.txt,2436,443455.300,FINESTEERING,SOL_COMPUTED,SINGLE,25,14,3.0693,7.6122,1.3,1793
0703002-0918-11-09-gnss_raw.txt,2436,443455.400,FINESTEERING,SOL_COMPUTED,SINGLE,24,13,2.9802,7.3848,1.4,1793
0703002-0918-11-09-gnss_raw.txt,2436,443455.500,FINESTEERING,SOL_COMPUTED,SINGLE,25,14,3.2238,7.9821,1.5,1793
0703002-0918-11-09-gnss_raw.txt,2436,443455.600,FINESTEERING,SOL_COMPUTED,SINGLE,25,14,3.0368,7.5139,1.6,1793
0703002-0918-11-09-gnss_raw.txt,2436,443455.700,FINESTEERING,SOL_COMPUTED,SINGLE,25,14,3.1715,7.8414,1.7,1793
0703002-0918-11-09-gnss_raw.txt,2436,443455.800,FINESTEERING,SOL_COMPUTED,SINGLE,25,14,3.0171,7.4558,1.8,1793
0703002-0918-11-09-gnss_raw.txt,2436,443455.900,FINESTEERING,SOL_COMPUTED,SINGLE,25,14,2.8351,7.0007,0.9,1793
0703002-0918-11-09-gnss_raw.txt,2436,443456.000,FINESTEERING,SOL_COMPUTED,SINGLE,25,14,2.9824,7.3579,1.0,1793
0703002-0918-11-09-gnss_raw.txt,2436,443456.100,FINESTEERING,SOL_COMPUTED,SINGLE,25,14,3.0107,7.4218,1.1,1793
0703002-0918-11-09-gnss_raw.txt,2436,443456.200,FINESTEERING,SOL_COMPUTED,SINGLE,25,13,2.9399,7.2412,1.2,1793
0703002-0918-11-09-gnss_raw.txt,2436,443456.300,FINESTEERING,SOL_COMPUTED,SINGLE,25,15,2.9701,7.315,1.3,1793
0703002-0918-11-09-gnss_raw.txt,2436,443456.400,FINESTEERING,SOL_COMPUTED,SINGLE,25,14,3.1644,7.7901,1.4,1793
0703002-0918-11-09-gnss_raw.txt,2436,443456.500,FINESTEERING,SOL_COMPUTED,SINGLE,25,15,3.2367,7.9682,1.5,1793
0703002-0918-11-09-gnss_raw.txt,2436,443456.600,FINESTEERING,SOL_COMPUTED,SINGLE,25,15,3.0654,7.5462,1.6,1793
0703002-0918-11-09-gnss_raw.txt,2436,443456.700,FINESTEERING,SOL_COMPUTED,SINGLE,25,15,3.3926,8.3462,1.7,1793
0703002-0918-11-09-gnss_raw.txt,2436,443456.800,FINESTEERING,SOL_COMPUTED,SINGLE,25,15,3.2514,7.9959,1.8,1793
0703002-0918-11-09-gnss_raw.txt,2436,443456.900,FINESTEERING,SOL_COMPUTED,SINGLE,25,15,3.346,8.2264,1.9,1793
0703002-0918-11-09-gnss_raw.txt,2436,443457.000,FINESTEERING,SOL_COMPUTED,SINGLE,25,15,3.4277,8.4218,1.0,1793
0703002-0918-11-09-gnss_raw.txt,2436,443457.100,FINESTEERING,SOL_COMPUTED,SINGLE,25,15,3.3022,8.1126,1.1,1793
0703002-0918-11-09-gnss_raw.txt,2436,443457.200,FINESTEERING,SOL_COMPUTED,SINGLE,25,15,3.0208,7.4249,1.2,1793
0703002-0918-11-09-gnss_raw.txt,2436,443457.300,FINESTEERING,SOL_COMPUTED,SINGLE,25,15,3.0659,7.5318,1.3,1793
0703002-0918-11-09-gnss_raw.txt,2436,443457.400,FINESTEERING,SOL_COMPUTED,SINGLE,25,15,3.0148,7.4065,1.4,1793
0703002-0918-11-09-gnss_raw.txt,2436,443457.500,FINESTEERING,SOL_COMPUTED,SINGLE,25,15,2.9512,7.2481,1.5,1793
0703002-0918-11-09-gnss_raw.txt,2436,443457.600,FINESTEERING,SOL_COMPUTED,SINGLE,26,15,3.1946,7.854,1.6,1793
0703002-0918-11-09-gnss_raw.txt,2436,443457.700,FINESTEERING,SOL_COMPUTED,SINGLE,26,15,3.1116,7.6558,1.7,1793
0703002-0918-11-09-gnss_raw.txt,2436,443457.800,FINESTEERING,SOL_COMPUTED,SINGLE,26,14,3.2316,7.9539,0.8,1793
0703002-0918-11-09-gnss_raw.txt,2436,443457.900,FINESTEERING,SOL_COMPUTED,SINGLE,26,14,3.4716,8.5466,0.9,1793
0703002-0918-11-09-gnss_raw.txt,2436,443458.000,FINESTEERING,SOL_COMPUTED,SINGLE,26,14,3.4362,8.4627,1.0,1793
0703002-0918-11-09-gnss_raw.txt,2436,443458.100,FINESTEERING,SOL_COMPUTED,SINGLE,26,14,3.385,8.3338,1.1,1793
0703002-0918-11-09-gnss_raw.txt,2436,443458.200,FINESTEERING,SOL_COMPUTED,SINGLE,27,14,3.5983,8.8623,1.2,1793
0703002-0918-11-09-gnss_raw.txt,2436,443458.300,FINESTEERING,SOL_COMPUTED,SINGLE,27,14,3.4185,8.4186,1.3,1793
0703002-0918-11-09-gnss_raw.txt,2436,443458.400,FINESTEERING,SOL_COMPUTED,SINGLE,27,14,3.3707,8.2994,1.4,1793
0703002-0918-11-09-gnss_raw.txt,2436,443458.500,FINESTEERING,SOL_COMPUTED,SINGLE,27,15,3.5651,8.7787,1.5,1793
0703002-0918-11-09-gnss_raw.txt,2436,443458.600,FINESTEERING,SOL_COMPUTED,SINGLE,27,13,3.2212,7.9305,1.6,1793
0703002-0918-11-09-gnss_raw.txt,2436,443458.700,FINESTEERING,SOL_COMPUTED,SINGLE,27,13,3.1945,7.8606,1.7,1793
0703002-0918-11-09-gnss_raw.txt,2436,443458.800,FINESTEERING,SOL_COMPUTED,SINGLE,27,13,3.292,8.0945,1.8,1793
0703002-0918-11-09-gnss_raw.txt,2436,443458.900,FINESTEERING,SOL_COMPUTED,SINGLE,27,14,3.4504,8.4806,1.9,1793
0703002-0918-11-09-gnss_raw.txt,2436,443459.000,FINESTEERING,SOL_COMPUTED,SINGLE,26,14,3.8313,9.407,1.0,1793
0703002-0918-11-09-gnss_raw.txt,2436,443459.100,FINESTEERING,SOL_COMPUTED,SINGLE,26,14,3.487,8.5583,1.1,1793
0703002-0918-11-09-gnss_raw.txt,2436,443459.200,FINESTEERING,SOL_COMPUTED,SINGLE,26,14,3.5713,8.7636,1.2,1793
0703002-0918-11-09-gnss_raw.txt,2436,443459.300,FINESTEERING,SOL_COMPUTED,SINGLE,26,14,3.5367,8.6742,1.3,1793
0703002-0918-11-09-gnss_raw.txt,2436,443459.400,FINESTEERING,SOL_COMPUTED,SINGLE,26,14,3.6874,9.0401,1.4,1793
0703002-0918-11-09-gnss_raw.txt,2436,443459.500,FINESTEERING,SOL_COMPUTED,SINGLE,26,14,3.5817,8.7755,1.5,1793
0703002-0918-11-09-gnss_raw.txt,2436,443459.600,FINESTEERING,SOL_COMPUTED,SINGLE,26,13,3.2286,7.9068,1.6,1793
0703002-0918-11-09-gnss_raw.txt,2436,443459.700,FINESTEERING,SOL_COMPUTED,SINGLE,26,13,3.3736,8.2605,1.7,1793
0703002-0918-11-09-gnss_raw.txt,2436,443459.800,FINESTEERING,SOL_COMPUTED,SINGLE,26,13,3.5579,8.7076,1.8,1793
0703002-0918-11-09-gnss_raw.txt,2436,443459.900,FINESTEERING,SOL_COMPUTED,SINGLE,26,13,3.1655,7.7492,0.9,1793
0703002-0918-11-09-gnss_raw.txt,2436,443460.000,FINESTEERING,SOL_COMPUTED,SINGLE,26,13,3.3316,8.1559,1.0,1793
0703002-0918-11-09-gnss_raw.txt,2436,443460.100,FINESTEERING,SOL_COMPUTED,SINGLE,27,13,3.2707,8.0047,1.1,1793
0703002-0918-11-09-gnss_raw.txt,2436,443460.200,FINESTEERING,SOL_COMPUTED,SINGLE,27,13,3.1903,7.8066,1.2,1793
0703002-0918-11-09-gnss_raw.txt,2436,443460.300,FINESTEERING,SOL_COMPUTED,SINGLE,27,13,3.15,7.7089,1.3,1793
0703002-0918-11-09-gnss_raw.txt,2436,443460.400,FINESTEERING,SOL_COMPUTED,SINGLE,27,13,3.2878,8.0454,1.4,1793
0703002-0918-11-09-gnss_raw.txt,2436,443460.500,FINESTEERING,SOL_COMPUTED,SINGLE,27,13,3.2088,7.8504,1.5,1793
0703002-0918-11-09-gnss_raw.txt,2436,443460.600,FINESTEERING,SOL_COMPUTED,SINGLE,27,13,3.3494,8.1959,1.6,1793
0703002-0918-11-09-gnss_raw.txt,2436,443460.700,FINESTEERING,SOL_COMPUTED,SINGLE,27,13,3.4415,8.4199,1.7,1793
0703002-0918-11-09-gnss_raw.txt,2436,443460.800,FINESTEERING,SOL_COMPUTED,SINGLE,27,13,3.3063,8.0848,1.8,1793
0703002-0918-11-09-gnss_raw.txt,2436,443460.900,FINESTEERING,SOL_COMPUTED,SINGLE,27,14,3.2817,8.0264,1.9,1793
0703002-0918-11-09-gnss_raw.txt,2436,443461.000,FINESTEERING,SOL_COMPUTED,SINGLE,27,14,3.1685,7.7455,1.0,1793
0703002-0918-11-09-gnss_raw.txt,2436,443461.100,FINESTEERING,SOL_COMPUTED,SINGLE,27,14,3.2741,8.0055,1.1,1793
0703002-0918-11-09-gnss_raw.txt,2436,443461.200,FINESTEERING,SOL_COMPUTED,SINGLE,27,14,3.2602,7.9726,1.2,1793
0703002-0918-11-09-gnss_raw.txt,2436,443461.300,FINESTEERING,SOL_COMPUTED,SINGLE,27,14,3.1873,7.7951,1.3,1793
0703002-0918-11-09-gnss_raw.txt,2436,443461.400,FINESTEERING,SOL_COMPUTED,SINGLE,27,14,3.2313,7.9059,1.4,1793
0703002-0918-11-09-gnss_raw.txt,2436,443461.500,FINESTEERING,SOL_COMPUTED,SINGLE,27,14,3.183,7.7906,1.5,1793
0703002-0918-11-09-gnss_raw.txt,2436,443461.600,FINESTEERING,SOL_COMPUTED,SINGLE,27,14,3.1958,7.823,1.6,1793
0703002-0918-11-09-gnss_raw.txt,2436,443461.700,FINESTEERING,SOL_COMPUTED,SINGLE,27,14,3.2257,7.8932,1.7,1793
0703002-0918-11-09-gnss_raw.txt,2436,443461.800,FINESTEERING,SOL_COMPUTED,SINGLE,27,14,3.2292,7.8986,1.8,1793
0703002-0918-11-09-gnss_raw.txt,2436,443461.900,FINESTEERING,SOL_COMPUTED,SINGLE,27,14,3.0806,7.5346,1.9,1793
0703002-0918-11-09-gnss_raw.txt,2436,443462.000,FINESTEERING,SOL_COMPUTED,SINGLE,27,14,3.3533,8.1992,1.0,1793
0703002-0918-11-09-gnss_raw.txt,2436,443462.100,FINESTEERING,SOL_COMPUTED,SINGLE,27,14,3.2652,7.9834,1.1,1793
0703002-0918-11-09-gnss_raw.txt,2436,443462.200,FINESTEERING,SOL_COMPUTED,SINGLE,27,14,3.5577,8.6978,1.2,1793
0703002-0918-11-09-gnss_raw.txt,2436,443462.300,FINESTEERING,SOL_COMPUTED,SINGLE,27,14,3.3014,8.0689,1.3,1793
0703002-0918-11-09-gnss_raw.txt,2436,443462.400,FINESTEERING,SOL_COMPUTED,SINGLE,27,14,3.3965,8.3052,1.4,1793
0703002-0918-11-09-gnss_raw.txt,2436,443462.500,FINESTEERING,SOL_COMPUTED,SINGLE,27,14,3.042,7.4399,1.5,1793
0703002-0918-11-09-gnss_raw.txt,2436,443462.600,FINESTEERING,SOL_COMPUTED,SINGLE,27,14,2.9034,7.1022,1.6,1793
0703002-0918-11-09-gnss_raw.txt,2436,443462.700,FINESTEERING,SOL_COMPUTED,SINGLE,27,14,3.0958,7.5714,1.7,1793
0703002-0918-11-09-gnss_raw.txt,2436,443462.800,FINESTEERING,SOL_COMPUTED,SINGLE,27,14,3.1063,7.6007,1.8,1793
0703002-0918-11-09-gnss_raw.txt,2436,443462.900,FINESTEERING,SOL_COMPUTED,SINGLE,27,14,2.8705,7.0249,0.9,1793
0703002-0918-11-09-gnss_raw.txt,2436,443463.000,FINESTEERING,SOL_COMPUTED,SINGLE,27,14,3.0683,7.5082,1.0,1793
0703002-0918-11-09-gnss_raw.txt,2436,443463.100,FINESTEERING,SOL_COMPUTED,SINGLE,27,14,3.3102,8.1006,1.1,1793
0703002-0918-11-09-gnss_raw.txt,2436,443463.200,FINESTEERING,SOL_COMPUTED,SINGLE,27,14,3.0784,7.532,1.2,1793
0703002-0918-11-09-gnss_raw.txt,2436,443463.300,FINESTEERING,SOL_COMPUTED,SINGLE,27,14,3.2293,7.9017,1.3,1793
0703002-0918-11-09-gnss_raw.txt,2436,443463.400,FINESTEERING,SOL_COMPUTED,SINGLE,27,13,3.2549,7.9658,1.4,1793
0703002-0918-11-09-gnss_raw.txt,2436,443463.500,FINESTEERING,SOL_COMPUTED,SINGLE,27,13,3.2799,8.0263,1.5,1793
0703002-0918-11-09-gnss_raw.txt,2436,443463.600,FINESTEERING,SOL_COMPUTED,SINGLE,27,13,3.2622,7.9841,1.6,1793
0703002-0918-11-09-gnss_raw.txt,2436,443463.700,FINESTEERING,SOL_COMPUTED,SINGLE,27,13,3.313,8.114,1.7,1793
0703002-0918-11-09-gnss_raw.txt,2436,443463.800,FINESTEERING,SOL_COMPUTED,SINGLE,27,13,3.1823,7.8001,1.8,1793
0703002-0918-11-09-gnss_raw.txt,2436,443463.900,FINESTEERING,SOL_COMPUTED,SINGLE,27,13,2.984,7.3217,1.9,1793
0703002-0918-11-09-gnss_raw.txt,2436,443464.000,FINESTEERING,SOL_COMPUTED,SINGLE,27,13,2.8714,7.0512,1.0,1793
0703002-0918-11-09-gnss_raw.txt,2436,443464.100,FINESTEERING,SOL_COMPUTED,SINGLE,27,13,3.0642,7.5295,1.1,1793
0703002-0918-11-09-gnss_raw.txt,2436,443464.200,FINESTEERING,SOL_COMPUTED,SINGLE,27,13,3.2608,8.0117,1.2,1793
0703002-0918-11-09-gnss_raw.txt,2436,443464.300,FINESTEERING,SOL_COMPUTED,SINGLE,27,13,2.9493,7.2531,1.3,1793
0703002-0918-11-09-gnss_raw.txt,2436,443464.400,FINESTEERING,SOL_COMPUTED,SINGLE,27,13,2.816,6.9301,1.4,1793
0703002-0918-11-09-gnss_raw.txt,2436,443464.500,FINESTEERING,SOL_COMPUTED,SINGLE,27,13,2.9056,7.1543,1.5,1793
0703002-0918-11-09-gnss_raw.txt,2436,443464.600,FINESTEERING,SOL_COMPUTED,SINGLE,27,13,2.8861,7.1124,1.6,1793
0703002-0918-11-09-gnss_raw.txt,2436,443464.700,FINESTEERING,SOL_COMPUTED,SINGLE,27,13,2.9169,7.1942,1.7,1793
0703002-0918-11-09-gnss_raw.txt,2436,443464.800,FINESTEERING,SOL_COMPUTED,SINGLE,27,13,2.9385,7.2576,1.8,1793
0703002-0918-11-09-gnss_raw.txt,2436,443464.900,FINESTEERING,SOL_COMPUTED,SINGLE,27,13,2.886,7.1434,0.9,1793
0703002-0918-11-09-gnss_raw.txt,2436,443465.000,FINESTEERING,SOL_COMPUTED,SINGLE,27,13,2.9127,7.2202,1.0,1793
0703002-0918-11-09-gnss_raw.txt,2436,443465.100,FINESTEERING,SOL_COMPUTED,SINGLE,27,13,3.093,7.6758,1.1,1793
0703002-0918-11-09-gnss_raw.txt,2436,443465.200,FINESTEERING,SOL_COMPUTED,SINGLE,27,13,2.9205,7.2515,1.2,1793
0703002-0918-11-09-gnss_raw.txt,2436,443465.300,FINESTEERING,SOL_COMPUTED,SINGLE,27,13,3.1016,7.7112,1.3,1793
0703002-0918-11-09-gnss_raw.txt,2436,443465.400,FINESTEERING,SOL_COMPUTED,SINGLE,27,13,3.326,8.2765,1.4,1793
0703002-0918-11-09-gnss_raw.txt,2436,443465.500,FINESTEERING,SOL_COMPUTED,SINGLE,27,13,3.3497,8.3485,1.5,1793
0703002-0918-11-09-gnss_raw.txt,2436,443465.600,FINESTEERING,SOL_COMPUTED,SINGLE,27,14,3.3354,8.3229,1.6,1793
0703002-0918-11-09-gnss_raw.txt,2436,443465.700,FINESTEERING,SOL_COMPUTED,SINGLE,27,13,3.1874,7.9662,1.7,1793
0703002-0918-11-09-gnss_raw.txt,2436,443465.800,FINESTEERING,SOL_COMPUTED,SINGLE,27,13,3.4955,8.7452,0.8,1793
0703002-0918-11-09-gnss_raw.txt,2436,443465.900,FINESTEERING,SOL_COMPUTED,SINGLE,27,13,2.952,7.3885,0.9,1793
0703002-0918-11-09-gnss_raw.txt,2436,443466.000,FINESTEERING,SOL_COMPUTED,SINGLE,27,12,3.1519,7.8879,1.0,1793
0703002-0918-11-09-gnss_raw.txt,2436,443466.100,FINESTEERING,SOL_COMPUTED,SINGLE,27,11,2.6387,6.6008,1.1,1793
0703002-0918-11-09-gnss_raw.txt,2436,443466.200,FINESTEERING,SOL_COMPUTED,SINGLE,27,12,2.9439,7.3619,1.2,1793
0703002-0918-11-09-gnss_raw.txt,2436,443466.300,FINESTEERING,SOL_COMPUTED,SINGLE,27,13,2.9912,7.4825,1.3,1793
