file,gps_week,gps_tow_s,constellation,prn,elevation_deg,azimuth_deg,snr_dbhz,has_signal
0703002-0918-15-42-gnss_raw.txt,2436,459454.000,GPS,10,13.0,182.0,30.0,是
0703002-0918-15-42-gnss_raw.txt,2436,459454.000,GPS,26,54.0,234.0,33.0,是
0703002-0918-15-42-gnss_raw.txt,2436,459454.000,GPS,28,58.0,11.0,36.0,是
0703002-0918-15-42-gnss_raw.txt,2436,459454.000,GPS,31,51.0,315.0,38.0,是
0703002-0918-15-42-gnss_raw.txt,2436,459454.000,GPS,32,65.0,119.0,35.0,是
0703002-0918-15-42-gnss_raw.txt,2436,459454.000,GLONASS,72,40.0,331.0,36.0,是
0703002-0918-15-42-gnss_raw.txt,2436,459454.000,GLONASS,73,47.0,18.0,33.0,是
0703002-0918-15-42-gnss_raw.txt,2436,459454.000,GLONASS,74,60.0,280.0,34.0,是
0703002-0918-15-42-gnss_raw.txt,2436,459454.000,GLONASS,90,0.0,0.0,39.0,是
0703002-0918-15-42-gnss_raw.txt,2436,459454.000,Galileo,14,0.0,0.0,36.0,是
0703002-0918-15-42-gnss_raw.txt,2436,459454.000,Galileo,19,51.0,328.0,38.0,是
0703002-0918-15-42-gnss_raw.txt,2436,459454.000,Galileo,21,73.0,185.0,36.0,是
0703002-0918-15-42-gnss_raw.txt,2436,459454.000,Galileo,27,0.0,0.0,35.0,是
0703002-0918-15-42-gnss_raw.txt,2436,459454.000,QZSS,2,56.0,125.0,32.0,是
0703002-0918-15-42-gnss_raw.txt,2436,459454.000,QZSS,7,53.0,169.0,31.0,是
0703002-0918-15-42-gnss_raw.txt,2436,459454.000,BDS,1,0.0,0.0,29.0,是
0703002-0918-15-42-gnss_raw.txt,2436,459454.000,BDS,3,53.0,201.0,39.0,是
0703002-0918-15-42-gnss_raw.txt,2436,459454.000,BDS,4,35.0,123.0,33.0,是
0703002-0918-15-42-gnss_raw.txt,2436,459454.000,BDS,7,63.0,338.0,36.0,是
0703002-0918-15-42-gnss_raw.txt,2436,459454.000,BDS,9,55.0,225.0,34.0,是
0703002-0918-15-42-gnss_raw.txt,2436,459454.000,BDS,10,62.0,316.0,36.0,是
0703002-0918-15-42-gnss_raw.txt,2436,459454.000,BDS,19,33.0,159.0,32.0,是
0703002-0918-15-42-gnss_raw.txt,2436,459454.000,BDS,21,33.0,317.0,34.0,是
0703002-0918-15-42-gnss_raw.txt,2436,459454.000,BDS,22,75.0,240.0,37.0,是
0703002-0918-15-42-gnss_raw.txt,2436,459454.000,BDS,36,61.0,21.0,38.0,是
0703002-0918-15-42-gnss_raw.txt,2436,459454.000,BDS,39,53.0,269.0,33.0,是
0703002-0918-15-42-gnss_raw.txt,2436,459455.000,GPS,10,13.0,182.0,26.0,是
0703002-0918-15-42-gnss_raw.txt,2436,459455.000,GPS,26,54.0,234.0,30.0,是
0703002-0918-15-42-gnss_raw.txt,2436,459455.000,GPS,28,58.0,11.0,32.0,是
0703002-0918-15-42-gnss_raw.txt,2436,459455.000,GPS,31,51.0,315.0,37.0,是
0703002-0918-15-42-gnss_raw.txt,2436,459455.000,GPS,32,65.0,119.0,34.0,是
0703002-0918-15-42-gnss_raw.txt,2436,459455.000,GLONASS,72,40.0,331.0,29.0,是
0703002-0918-15-42-gnss_raw.txt,2436,459455.000,GLONASS,73,47.0,18.0,28.0,是
0703002-0918-15-42-gnss_raw.txt,2436,459455.000,GLONASS,74,0.0,0.0,26.0,是
0703002-0918-15-42-gnss_raw.txt,2436,459455.000,GLONASS,90,0.0,0.0,38.0,是
0703002-0918-15-42-gnss_raw.txt,2436,459455.000,Galileo,14,0.0,0.0,31.0,是
0703002-0918-15-42-gnss_raw.txt,2436,459455.000,Galileo,19,51.0,328.0,32.0,是
0703002-0918-15-42-gnss_raw.txt,2436,459455.000,Galileo,21,73.0,185.0,30.0,是
0703002-0918-15-42-gnss_raw.txt,2436,459455.000,Galileo,27,0.0,0.0,29.0,是
0703002-0918-15-42-gnss_raw.txt,2436,459455.000,QZSS,2,56.0,125.0,28.0,是
0703002-0918-15-42-gnss_raw.txt,2436,459455.000,QZSS,7,53.0,169.0,28.0,是
0703002-0918-15-42-gnss_raw.txt,2436,459455.000,BDS,3,53.0,201.0,32.0,是
0703002-0918-15-42-gnss_raw.txt,2436,459455.000,BDS,4,0.0,0.0,26.0,是
0703002-0918-15-42-gnss_raw.txt,2436,459455.000,BDS,7,63.0,338.0,33.0,是
0703002-0918-15-42-gnss_raw.txt,2436,459455.000,BDS,9,55.0,225.0,32.0,是
0703002-0918-15-42-gnss_raw.txt,2436,459455.000,BDS,10,62.0,316.0,32.0,是
0703002-0918-15-42-gnss_raw.txt,2436,459455.000,BDS,19,33.0,159.0,29.0,是
0703002-0918-15-42-gnss_raw.txt,2436,459455.000,BDS,21,33.0,317.0,30.0,是
0703002-0918-15-42-gnss_raw.txt,2436,459455.000,BDS,22,75.0,240.0,34.0,是
0703002-0918-15-42-gnss_raw.txt,2436,459455.000,BDS,36,61.0,21.0,34.0,是
0703002-0918-15-42-gnss_raw.txt,2436,459455.000,BDS,39,53.0,269.0,29.0,是
0703002-0918-15-42-gnss_raw.txt,2436,459456.000,GPS,10,13.0,182.0,24.0,是
0703002-0918-15-42-gnss_raw.txt,2436,459456.000,GPS,26,54.0,234.0,27.0,是
0703002-0918-15-42-gnss_raw.txt,2436,459456.000,GPS,28,58.0,11.0,30.0,是
0703002-0918-15-42-gnss_raw.txt,2436,459456.000,GPS,31,51.0,315.0,36.0,是
0703002-0918-15-42-gnss_raw.txt,2436,459456.000,GPS,32,65.0,119.0,30.0,是
0703002-0918-15-42-gnss_raw.txt,2436,459456.000,GLONASS,72,40.0,331.0,28.0,是
0703002-0918-15-42-gnss_raw.txt,2436,459456.000,GLONASS,73,47.0,18.0,29.0,是
0703002-0918-15-42-gnss_raw.txt,2436,459456.000,GLONASS,74,60.0,280.0,24.0,是
0703002-0918-15-42-gnss_raw.txt,2436,459456.000,GLONASS,90,0.0,0.0,37.0,是
0703002-0918-15-42-gnss_raw.txt,2436,459456.000,Galileo,14,0.0,0.0,29.0,是
0703002-0918-15-42-gnss_raw.txt,2436,459456.000,Galileo,19,51.0,328.0,31.0,是
0703002-0918-15-42-gnss_raw.txt,2436,459456.000,Galileo,21,73.0,185.0,29.0,是
0703002-0918-15-42-gnss_raw.txt,2436,459456.000,Galileo,27,0.0,0.0,29.0,是
0703002-0918-15-42-gnss_raw.txt,2436,459456.000,QZSS,2,56.0,125.0,25.0,是
0703002-0918-15-42-gnss_raw.txt,2436,459456.000,QZSS,7,53.0,169.0,24.0,是
0703002-0918-15-42-gnss_raw.txt,2436,459456.000,BDS,1,48.0,147.0,33.0,是
0703002-0918-15-42-gnss_raw.txt,2436,459456.000,BDS,3,53.0,201.0,32.0,是
0703002-0918-15-42-gnss_raw.txt,2436,459456.000,BDS,7,63.0,338.0,31.0,是
0703002-0918-15-42-gnss_raw.txt,2436,459456.000,BDS,9,55.0,225.0,29.0,是
0703002-0918-15-42-gnss_raw.txt,2436,459456.000,BDS,10,62.0,316.0,29.0,是
0703002-0918-15-42-gnss_raw.txt,2436,459456.000,BDS,19,33.0,159.0,26.0,是
0703002-0918-15-42-gnss_raw.txt,2436,459456.000,BDS,21,33.0,317.0,26.0,是
0703002-0918-15-42-gnss_raw.txt,2436,459456.000,BDS,22,75.0,240.0,32.0,是
0703002-0918-15-42-gnss_raw.txt,2436,459456.000,BDS,36,61.0,21.0,33.0,是
0703002-0918-15-42-gnss_raw.txt,2436,459456.000,BDS,39,53.0,269.0,27.0,是
0703002-0918-15-42-gnss_raw.txt,2436,459457.000,GPS,10,13.0,182.0,21.0,是
0703002-0918-15-42-gnss_raw.txt,2436,459457.000,GPS,26,54.0,234.0,27.0,是
0703002-0918-15-42-gnss_raw.txt,2436,459457.000,GPS,28,58.0,11.0,30.0,是
0703002-0918-15-42-gnss_raw.txt,2436,459457.000,GPS,31,51.0,315.0,35.0,是
0703002-0918-15-42-gnss_raw.txt,2436,459457.000,GPS,32,65.0,119.0,29.0,是
0703002-0918-15-42-gnss_raw.txt,2436,459457.000,GLONASS,72,40.0,331.0,26.0,是
0703002-0918-15-42-gnss_raw.txt,2436,459457.000,GLONASS,73,47.0,18.0,29.0,是
0703002-0918-15-42-gnss_raw.txt,2436,459457.000,GLONASS,74,60.0,280.0,24.0,是
0703002-0918-15-42-gnss_raw.txt,2436,459457.000,GLONASS,90,0.0,0.0,35.0,是
0703002-0918-15-42-gnss_raw.txt,2436,459457.000,Galileo,14,0.0,0.0,30.0,是
0703002-0918-15-42-gnss_raw.txt,2436,459457.000,Galileo,19,51.0,328.0,30.0,是
0703002-0918-15-42-gnss_raw.txt,2436,459457.000,Galileo,21,73.0,185.0,29.0,是
0703002-0918-15-42-gnss_raw.txt,2436,459457.000,Galileo,27,0.0,0.0,25.0,是
0703002-0918-15-42-gnss_raw.txt,2436,459457.000,QZSS,2,56.0,125.0,25.0,是
0703002-0918-15-42-gnss_raw.txt,2436,459457.000,QZSS,7,53.0,169.0,24.0,是
0703002-0918-15-42-gnss_raw.txt,2436,459457.000,BDS,1,48.0,147.0,33.0,是
0703002-0918-15-42-gnss_raw.txt,2436,459457.000,BDS,3,53.0,201.0,31.0,是
0703002-0918-15-42-gnss_raw.txt,2436,459457.000,BDS,7,63.0,338.0,30.0,是
0703002-0918-15-42-gnss_raw.txt,2436,459457.000,BDS,9,55.0,225.0,28.0,是
0703002-0918-15-42-gnss_raw.txt,2436,459457.000,BDS,10,62.0,316.0,29.0,是
0703002-0918-15-42-gnss_raw.txt,2436,459457.000,BDS,19,33.0,159.0,24.0,是
0703002-0918-15-42-gnss_raw.txt,2436,459457.000,BDS,21,33.0,317.0,25.0,是
0703002-0918-15-42-gnss_raw.txt,2436,459457.000,BDS,22,75.0,240.0,31.0,是
0703002-0918-15-42-gnss_raw.txt,2436,459457.000,BDS,36,61.0,21.0,32.0,是
0703002-0918-15-42-gnss_raw.txt,2436,459457.000,BDS,39,53.0,269.0,27.0,是
0703002-0918-15-42-gnss_raw.txt,2436,459458.000,GPS,10,13.0,182.0,21.0,是
0703002-0918-15-42-gnss_raw.txt,2436,459458.000,GPS,26,54.0,234.0,27.0,是
0703002-0918-15-42-gnss_raw.txt,2436,459458.000,GPS,28,58.0,11.0,30.0,是
0703002-0918-15-42-gnss_raw.txt,2436,459458.000,GPS,31,51.0,315.0,35.0,是
0703002-0918-15-42-gnss_raw.txt,2436,459458.000,GPS,32,65.0,119.0,29.0,是
0703002-0918-15-42-gnss_raw.txt,2436,459458.000,GLONASS,72,40.0,331.0,27.0,是
0703002-0918-15-42-gnss_raw.txt,2436,459458.000,GLONASS,73,47.0,18.0,28.0,是
0703002-0918-15-42-gnss_raw.txt,2436,459458.000,GLONASS,74,60.0,280.0,23.0,是
0703002-0918-15-42-gnss_raw.txt,2436,459458.000,GLONASS,90,0.0,0.0,35.0,是
0703002-0918-15-42-gnss_raw.txt,2436,459458.000,Galileo,14,0.0,0.0,28.0,是
0703002-0918-15-42-gnss_raw.txt,2436,459458.000,Galileo,19,51.0,328.0,31.0,是
0703002-0918-15-42-gnss_raw.txt,2436,459458.000,Galileo,21,73.0,185.0,29.0,是
0703002-0918-15-42-gnss_raw.txt,2436,459458.000,Galileo,27,0.0,0.0,26.0,是
0703002-0918-15-42-gnss_raw.txt,2436,459458.000,QZSS,2,56.0,125.0,25.0,是
0703002-0918-15-42-gnss_raw.txt,2436,459458.000,QZSS,7,53.0,169.0,23.0,是
0703002-0918-15-42-gnss_raw.txt,2436,459458.000,BDS,3,53.0,201.0,32.0,是
0703002-0918-15-42-gnss_raw.txt,2436,459458.000,BDS,7,63.0,339.0,30.0,是
0703002-0918-15-42-gnss_raw.txt,2436,459458.000,BDS,9,55.0,225.0,27.0,是
0703002-0918-15-42-gnss_raw.txt,2436,459458.000,BDS,10,62.0,316.0,28.0,是
0703002-0918-15-42-gnss_raw.txt,2436,459458.000,BDS,19,33.0,159.0,24.0,是
0703002-0918-15-42-gnss_raw.txt,2436,459458.000,BDS,21,33.0,317.0,24.0,是
0703002-0918-15-42-gnss_raw.txt,2436,459458.000,BDS,22,75.0,240.0,31.0,是
0703002-0918-15-42-gnss_raw.txt,2436,459458.000,BDS,36,61.0,21.0,32.0,是
0703002-0918-15-42-gnss_raw.txt,2436,459458.000,BDS,39,53.0,269.0,26.0,是
0703002-0918-15-42-gnss_raw.txt,2436,459459.000,GPS,10,13.0,182.0,21.0,是
0703002-0918-15-42-gnss_raw.txt,2436,459459.000,GPS,26,54.0,234.0,27.0,是
0703002-0918-15-42-gnss_raw.txt,2436,459459.000,GPS,28,58.0,11.0,29.0,是
0703002-0918-15-42-gnss_raw.txt,2436,459459.000,GPS,31,51.0,315.0,34.0,是
0703002-0918-15-42-gnss_raw.txt,2436,459459.000,GPS,32,65.0,119.0,29.0,是
0703002-0918-15-42-gnss_raw.txt,2436,459459.000,GLONASS,72,40.0,331.0,26.0,是
0703002-0918-15-42-gnss_raw.txt,2436,459459.000,GLONASS,73,47.0,18.0,26.0,是
0703002-0918-15-42-gnss_raw.txt,2436,459459.000,GLONASS,74,60.0,280.0,24.0,是
0703002-0918-15-42-gnss_raw.txt,2436,459459.000,GLONASS,90,0.0,0.0,36.0,是
0703002-0918-15-42-gnss_raw.txt,2436,459459.000,Galileo,14,0.0,0.0,29.0,是
0703002-0918-15-42-gnss_raw.txt,2436,459459.000,Galileo,19,51.0,328.0,30.0,是
0703002-0918-15-42-gnss_raw.txt,2436,459459.000,Galileo,21,73.0,185.0,27.0,是
0703002-0918-15-42-gnss_raw.txt,2436,459459.000,Galileo,27,0.0,0.0,26.0,是
0703002-0918-15-42-gnss_raw.txt,2436,459459.000,QZSS,2,56.0,125.0,25.0,是
0703002-0918-15-42-gnss_raw.txt,2436,459459.000,QZSS,7,53.0,169.0,23.0,是
0703002-0918-15-42-gnss_raw.txt,2436,459459.000,BDS,3,53.0,201.0,31.0,是
0703002-0918-15-42-gnss_raw.txt,2436,459459.000,BDS,7,63.0,339.0,30.0,是
0703002-0918-15-42-gnss_raw.txt,2436,459459.000,BDS,9,55.0,225.0,26.0,是
0703002-0918-15-42-gnss_raw.txt,2436,459459.000,BDS,10,62.0,316.0,29.0,是
0703002-0918-15-42-gnss_raw.txt,2436,459459.000,BDS,19,33.0,159.0,24.0,是
0703002-0918-15-42-gnss_raw.txt,2436,459459.000,BDS,21,33.0,317.0,24.0,是
0703002-0918-15-42-gnss_raw.txt,2436,459459.000,BDS,22,75.0,240.0,31.0,是
0703002-0918-15-42-gnss_raw.txt,2436,459459.000,BDS,36,61.0,21.0,32.0,是
0703002-0918-15-42-gnss_raw.txt,2436,459459.000,BDS,39,53.0,269.0,26.0,是
0703002-0918-15-42-gnss_raw.txt,2436,459460.000,GPS,10,13.0,182.0,22.0,是
0703002-0918-15-42-gnss_raw.txt,2436,459460.000,GPS,26,54.0,234.0,27.0,是
0703002-0918-15-42-gnss_raw.txt,2436,459460.000,GPS,28,58.0,11.0,29.0,是
0703002-0918-15-42-gnss_raw.txt,2436,459460.000,GPS,31,51.0,315.0,33.0,是
0703002-0918-15-42-gnss_raw.txt,2436,459460.000,GPS,32,65.0,119.0,29.0,是
0703002-0918-15-42-gnss_raw.txt,2436,459460.000,GLONASS,72,40.0,331.0,25.0,是
0703002-0918-15-42-gnss_raw.txt,2436,459460.000,GLONASS,73,47.0,18.0,26.0,是
0703002-0918-15-42-gnss_raw.txt,2436,459460.000,GLONASS,74,60.0,280.0,24.0,是
0703002-0918-15-42-gnss_raw.txt,2436,459460.000,GLONASS,90,0.0,0.0,35.0,是
0703002-0918-15-42-gnss_raw.txt,2436,459460.000,Galileo,14,0.0,0.0,29.0,是
0703002-0918-15-42-gnss_raw.txt,2436,459460.000,Galileo,19,51.0,328.0,30.0,是
0703002-0918-15-42-gnss_raw.txt,2436,459460.000,Galileo,21,73.0,185.0,28.0,是
0703002-0918-15-42-gnss_raw.txt,2436,459460.000,Galileo,27,0.0,0.0,28.0,是
0703002-0918-15-42-gnss_raw.txt,2436,459460.000,QZSS,2,56.0,125.0,25.0,是
0703002-0918-15-42-gnss_raw.txt,2436,459460.000,QZSS,7,53.0,169.0,23.0,是
0703002-0918-15-42-gnss_raw.txt,2436,459460.000,BDS,3,53.0,201.0,33.0,是
0703002-0918-15-42-gnss_raw.txt,2436,459460.000,BDS,7,63.0,339.0,30.0,是
0703002-0918-15-42-gnss_raw.txt,2436,459460.000,BDS,9,55.0,225.0,27.0,是
0703002-0918-15-42-gnss_raw.txt,2436,459460.000,BDS,10,62.0,316.0,29.0,是
0703002-0918-15-42-gnss_raw.txt,2436,459460.000,BDS,19,33.0,159.0,24.0,是
0703002-0918-15-42-gnss_raw.txt,2436,459460.000,BDS,21,33.0,317.0,24.0,是
0703002-0918-15-42-gnss_raw.txt,2436,459460.000,BDS,22,75.0,240.0,31.0,是
0703002-0918-15-42-gnss_raw.txt,2436,459460.000,BDS,36,61.0,21.0,32.0,是
0703002-0918-15-42-gnss_raw.txt,2436,459460.000,BDS,39,53.0,269.0,26.0,是
0703002-0918-15-42-gnss_raw.txt,2436,459461.000,GPS,10,13.0,182.0,19.0,是
0703002-0918-15-42-gnss_raw.txt,2436,459461.000,GPS,26,54.0,234.0,27.0,是
0703002-0918-15-42-gnss_raw.txt,2436,459461.000,GPS,28,58.0,11.0,29.0,是
0703002-0918-15-42-gnss_raw.txt,2436,459461.000,GPS,31,51.0,315.0,33.0,是
0703002-0918-15-42-gnss_raw.txt,2436,459461.000,GPS,32,65.0,119.0,29.0,是
0703002-0918-15-42-gnss_raw.txt,2436,459461.000,GLONASS,72,40.0,331.0,28.0,是
0703002-0918-15-42-gnss_raw.txt,2436,459461.000,GLONASS,73,47.0,18.0,28.0,是
0703002-0918-15-42-gnss_raw.txt,2436,459461.000,GLONASS,74,60.0,280.0,24.0,是
0703002-0918-15-42-gnss_raw.txt,2436,459461.000,GLONASS,90,0.0,0.0,35.0,是
0703002-0918-15-42-gnss_raw.txt,2436,459461.000,Galileo,14,0.0,0.0,30.0,是
0703002-0918-15-42-gnss_raw.txt,2436,459461.000,Galileo,19,51.0,328.0,31.0,是
0703002-0918-15-42-gnss_raw.txt,2436,459461.000,Galileo,21,73.0,185.0,29.0,是
0703002-0918-15-42-gnss_raw.txt,2436,459461.000,Galileo,27,0.0,0.0,30.0,是
0703002-0918-15-42-gnss_raw.txt,2436,459461.000,QZSS,2,56.0,125.0,25.0,是
0703002-0918-15-42-gnss_raw.txt,2436,459461.000,QZSS,7,53.0,169.0,24.0,是
0703002-0918-15-42-gnss_raw.txt,2436,459461.000,BDS,3,53.0,201.0,31.0,是
0703002-0918-15-42-gnss_raw.txt,2436,459461.000,BDS,7,63.0,339.0,30.0,是
0703002-0918-15-42-gnss_raw.txt,2436,459461.000,BDS,9,55.0,225.0,28.0,是
0703002-0918-15-42-gnss_raw.txt,2436,459461.000,BDS,10,62.0,316.0,28.0,是
0703002-0918-15-42-gnss_raw.txt,2436,459461.000,BDS,19,33.0,159.0,24.0,是
0703002-0918-15-42-gnss_raw.txt,2436,459461.000,BDS,21,33.0,317.0,25.0,是
0703002-0918-15-42-gnss_raw.txt,2436,459461.000,BDS,22,75.0,240.0,31.0,是
0703002-0918-15-42-gnss_raw.txt,2436,459461.000,BDS,36,61.0,21.0,32.0,是
0703002-0918-15-42-gnss_raw.txt,2436,459461.000,BDS,39,53.0,269.0,26.0,是
0703002-0918-15-42-gnss_raw.txt,2436,459462.000,GPS,10,13.0,182.0,21.0,是
0703002-0918-15-42-gnss_raw.txt,2436,459462.000,GPS,26,54.0,234.0,26.0,是
0703002-0918-15-42-gnss_raw.txt,2436,459462.000,GPS,28,58.0,11.0,30.0,是
0703002-0918-15-42-gnss_raw.txt,2436,459462.000,GPS,31,51.0,315.0,33.0,是
0703002-0918-15-42-gnss_raw.txt,2436,459462.000,GPS,32,65.0,119.0,29.0,是
0703002-0918-15-42-gnss_raw.txt,2436,459462.000,GLONASS,72,40.0,331.0,28.0,是
0703002-0918-15-42-gnss_raw.txt,2436,459462.000,GLONASS,73,47.0,18.0,29.0,是
0703002-0918-15-42-gnss_raw.txt,2436,459462.000,GLONASS,74,60.0,280.0,26.0,是
0703002-0918-15-42-gnss_raw.txt,2436,459462.000,GLONASS,90,0.0,0.0,34.0,是
0703002-0918-15-42-gnss_raw.txt,2436,459462.000,Galileo,14,0.0,0.0,30.0,是
0703002-0918-15-42-gnss_raw.txt,2436,459462.000,Galileo,19,51.0,328.0,30.0,是
0703002-0918-15-42-gnss_raw.txt,2436,459462.000,Galileo,21,73.0,185.0,29.0,是
0703002-0918-15-42-gnss_raw.txt,2436,459462.000,Galileo,27,0.0,0.0,29.0,是
0703002-0918-15-42-gnss_raw.txt,2436,459462.000,QZSS,2,56.0,125.0,25.0,是
0703002-0918-15-42-gnss_raw.txt,2436,459462.000,QZSS,7,53.0,169.0,23.0,是
0703002-0918-15-42-gnss_raw.txt,2436,459462.000,BDS,3,53.0,201.0,31.0,是
0703002-0918-15-42-gnss_raw.txt,2436,459462.000,BDS,7,63.0,339.0,31.0,是
0703002-0918-15-42-gnss_raw.txt,2436,459462.000,BDS,9,55.0,225.0,27.0,是
0703002-0918-15-42-gnss_raw.txt,2436,459462.000,BDS,10,62.0,316.0,29.0,是
0703002-0918-15-42-gnss_raw.txt,2436,459462.000,BDS,19,33.0,159.0,25.0,是
0703002-0918-15-42-gnss_raw.txt,2436,459462.000,BDS,21,33.0,317.0,25.0,是
0703002-0918-15-42-gnss_raw.txt,2436,459462.000,BDS,22,75.0,240.0,32.0,是
0703002-0918-15-42-gnss_raw.txt,2436,459462.000,BDS,36,61.0,21.0,32.0,是
0703002-0918-15-42-gnss_raw.txt,2436,459462.000,BDS,39,53.0,269.0,26.0,是
0703002-0918-15-42-gnss_raw.txt,2436,459463.000,GPS,10,13.0,182.0,19.0,是
0703002-0918-15-42-gnss_raw.txt,2436,459463.000,GPS,26,54.0,234.0,27.0,是
0703002-0918-15-42-gnss_raw.txt,2436,459463.000,GPS,28,58.0,11.0,30.0,是
0703002-0918-15-42-gnss_raw.txt,2436,459463.000,GPS,31,51.0,315.0,33.0,是
0703002-0918-15-42-gnss_raw.txt,2436,459463.000,GPS,32,65.0,119.0,29.0,是
0703002-0918-15-42-gnss_raw.txt,2436,459463.000,GLONASS,72,40.0,331.0,29.0,是
0703002-0918-15-42-gnss_raw.txt,2436,459463.000,GLONASS,73,47.0,18.0,30.0,是
0703002-0918-15-42-gnss_raw.txt,2436,459463.000,GLONASS,74,60.0,280.0,25.0,是
0703002-0918-15-42-gnss_raw.txt,2436,459463.000,GLONASS,90,0.0,0.0,35.0,是
0703002-0918-15-42-gnss_raw.txt,2436,459463.000,Galileo,14,0.0,0.0,29.0,是
0703002-0918-15-42-gnss_raw.txt,2436,459463.000,Galileo,19,51.0,328.0,32.0,是
0703002-0918-15-42-gnss_raw.txt,2436,459463.000,Galileo,21,73.0,185.0,29.0,是
0703002-0918-15-42-gnss_raw.txt,2436,459463.000,Galileo,27,0.0,0.0,29.0,是
0703002-0918-15-42-gnss_raw.txt,2436,459463.000,QZSS,2,56.0,125.0,25.0,是
0703002-0918-15-42-gnss_raw.txt,2436,459463.000,QZSS,7,53.0,169.0,23.0,是
0703002-0918-15-42-gnss_raw.txt,2436,459463.000,BDS,3,53.0,201.0,32.0,是
0703002-0918-15-42-gnss_raw.txt,2436,459463.000,BDS,7,63.0,339.0,31.0,是
0703002-0918-15-42-gnss_raw.txt,2436,459463.000,BDS,9,55.0,225.0,27.0,是
0703002-0918-15-42-gnss_raw.txt,2436,459463.000,BDS,10,62.0,316.0,29.0,是
0703002-0918-15-42-gnss_raw.txt,2436,459463.000,BDS,19,33.0,159.0,25.0,是
0703002-0918-15-42-gnss_raw.txt,2436,459463.000,BDS,21,33.0,317.0,25.0,是
0703002-0918-15-42-gnss_raw.txt,2436,459463.000,BDS,22,75.0,240.0,32.0,是
0703002-0918-15-42-gnss_raw.txt,2436,459463.000,BDS,36,61.0,21.0,32.0,是
0703002-0918-15-42-gnss_raw.txt,2436,459463.000,BDS,39,53.0,269.0,25.0,是
0703002-0918-15-42-gnss_raw.txt,2436,459464.000,GPS,10,13.0,182.0,20.0,是
0703002-0918-15-42-gnss_raw.txt,2436,459464.000,GPS,26,54.0,234.0,27.0,是
0703002-0918-15-42-gnss_raw.txt,2436,459464.000,GPS,28,58.0,11.0,30.0,是
0703002-0918-15-42-gnss_raw.txt,2436,459464.000,GPS,31,51.0,315.0,33.0,是
0703002-0918-15-42-gnss_raw.txt,2436,459464.000,GPS,32,65.0,119.0,30.0,是
0703002-0918-15-42-gnss_raw.txt,2436,459464.000,GLONASS,72,40.0,331.0,28.0,是
0703002-0918-15-42-gnss_raw.txt,2436,459464.000,GLONASS,73,47.0,18.0,28.0,是
0703002-0918-15-42-gnss_raw.txt,2436,459464.000,GLONASS,74,60.0,280.0,25.0,是
0703002-0918-15-42-gnss_raw.txt,2436,459464.000,GLONASS,90,0.0,0.0,35.0,是
0703002-0918-15-42-gnss_raw.txt,2436,459464.000,Galileo,14,0.0,0.0,28.0,是
0703002-0918-15-42-gnss_raw.txt,2436,459464.000,Galileo,19,51.0,328.0,31.0,是
0703002-0918-15-42-gnss_raw.txt,2436,459464.000,Galileo,21,73.0,185.0,30.0,是
0703002-0918-15-42-gnss_raw.txt,2436,459464.000,Galileo,27,0.0,0.0,29.0,是
0703002-0918-15-42-gnss_raw.txt,2436,459464.000,QZSS,2,56.0,125.0,25.0,是
0703002-0918-15-42-gnss_raw.txt,2436,459464.000,QZSS,7,53.0,169.0,23.0,是
0703002-0918-15-42-gnss_raw.txt,2436,459464.000,BDS,3,53.0,201.0,32.0,是
0703002-0918-15-42-gnss_raw.txt,2436,459464.000,BDS,7,63.0,339.0,31.0,是
0703002-0918-15-42-gnss_raw.txt,2436,459464.000,BDS,9,55.0,225.0,27.0,是
0703002-0918-15-42-gnss_raw.txt,2436,459464.000,BDS,10,62.0,316.0,29.0,是
0703002-0918-15-42-gnss_raw.txt,2436,459464.000,BDS,19,33.0,159.0,25.0,是
0703002-0918-15-42-gnss_raw.txt,2436,459464.000,BDS,21,33.0,317.0,26.0,是
0703002-0918-15-42-gnss_raw.txt,2436,459464.000,BDS,22,75.0,240.0,32.0,是
0703002-0918-15-42-gnss_raw.txt,2436,459464.000,BDS,36,61.0,21.0,32.0,是
0703002-0918-15-42-gnss_raw.txt,2436,459464.000,BDS,39,53.0,269.0,25.0,是
0703002-0918-15-42-gnss_raw.txt,2436,459465.000,GPS,10,13.0,182.0,20.0,是
0703002-0918-15-42-gnss_raw.txt,2436,459465.000,GPS,26,54.0,234.0,28.0,是
0703002-0918-15-42-gnss_raw.txt,2436,459465.000,GPS,28,58.0,11.0,30.0,是
0703002-0918-15-42-gnss_raw.txt,2436,459465.000,GPS,31,51.0,315.0,33.0,是
0703002-0918-15-42-gnss_raw.txt,2436,459465.000,GPS,32,65.0,119.0,28.0,是
0703002-0918-15-42-gnss_raw.txt,2436,459465.000,GLONASS,72,40.0,331.0,27.0,是
0703002-0918-15-42-gnss_raw.txt,2436,459465.000,GLONASS,73,47.0,18.0,26.0,是
0703002-0918-15-42-gnss_raw.txt,2436,459465.000,GLONASS,74,0.0,0.0,24.0,是
0703002-0918-15-42-gnss_raw.txt,2436,459465.000,GLONASS,90,0.0,0.0,35.0,是
0703002-0918-15-42-gnss_raw.txt,2436,459465.000,Galileo,14,0.0,0.0,29.0,是
0703002-0918-15-42-gnss_raw.txt,2436,459465.000,Galileo,19,51.0,328.0,31.0,是
0703002-0918-15-42-gnss_raw.txt,2436,459465.000,Galileo,21,73.0,185.0,29.0,是
0703002-0918-15-42-gnss_raw.txt,2436,459465.000,Galileo,27,0.0,0.0,29.0,是
0703002-0918-15-42-gnss_raw.txt,2436,459465.000,QZSS,2,56.0,125.0,25.0,是
0703002-0918-15-42-gnss_raw.txt,2436,459465.000,QZSS,7,53.0,169.0,22.0,是
0703002-0918-15-42-gnss_raw.txt,2436,459465.000,BDS,3,53.0,201.0,31.0,是
0703002-0918-15-42-gnss_raw.txt,2436,459465.000,BDS,7,63.0,339.0,31.0,是
0703002-0918-15-42-gnss_raw.txt,2436,459465.000,BDS,9,55.0,225.0,26.0,是
0703002-0918-15-42-gnss_raw.txt,2436,459465.000,BDS,10,62.0,316.0,28.0,是
0703002-0918-15-42-gnss_raw.txt,2436,459465.000,BDS,19,33.0,159.0,24.0,是
0703002-0918-15-42-gnss_raw.txt,2436,459465.000,BDS,21,33.0,317.0,26.0,是
0703002-0918-15-42-gnss_raw.txt,2436,459465.000,BDS,22,75.0,240.0,32.0,是
0703002-0918-15-42-gnss_raw.txt,2436,459465.000,BDS,36,61.0,21.0,32.0,是
0703002-0918-15-42-gnss_raw.txt,2436,459465.000,BDS,39,53.0,269.0,26.0,是
0703002-0918-15-42-gnss_raw.txt,2436,459466.000,GPS,10,13.0,182.0,20.0,是
0703002-0918-15-42-gnss_raw.txt,2436,459466.000,GPS,26,55.0,234.0,28.0,是
0703002-0918-15-42-gnss_raw.txt,2436,459466.000,GPS,28,58.0,11.0,30.0,是
0703002-0918-15-42-gnss_raw.txt,2436,459466.000,GPS,31,51.0,315.0,33.0,是
0703002-0918-15-42-gnss_raw.txt,2436,459466.000,GPS,32,65.0,119.0,27.0,是
0703002-0918-15-42-gnss_raw.txt,2436,459466.000,GLONASS,72,40.0,331.0,27.0,是
0703002-0918-15-42-gnss_raw.txt,2436,459466.000,GLONASS,73,47.0,18.0,26.0,是
0703002-0918-15-42-gnss_raw.txt,2436,459466.000,GLONASS,74,60.0,280.0,26.0,是
0703002-0918-15-42-gnss_raw.txt,2436,459466.000,GLONASS,90,0.0,0.0,35.0,是
0703002-0918-15-42-gnss_raw.txt,2436,459466.000,Galileo,14,0.0,0.0,30.0,是
0703002-0918-15-42-gnss_raw.txt,2436,459466.000,Galileo,19,51.0,328.0,31.0,是
0703002-0918-15-42-gnss_raw.txt,2436,459466.000,Galileo,21,73.0,185.0,29.0,是
0703002-0918-15-42-gnss_raw.txt,2436,459466.000,Galileo,27,0.0,0.0,29.0,是
0703002-0918-15-42-gnss_raw.txt,2436,459466.000,QZSS,2,56.0,125.0,25.0,是
0703002-0918-15-42-gnss_raw.txt,2436,459466.000,QZSS,7,53.0,169.0,21.0,是
0703002-0918-15-42-gnss_raw.txt,2436,459466.000,BDS,3,53.0,201.0,31.0,是
0703002-0918-15-42-gnss_raw.txt,2436,459466.000,BDS,7,63.0,339.0,31.0,是
0703002-0918-15-42-gnss_raw.txt,2436,459466.000,BDS,9,55.0,225.0,25.0,是
0703002-0918-15-42-gnss_raw.txt,2436,459466.000,BDS,10,62.0,316.0,28.0,是
0703002-0918-15-42-gnss_raw.txt,2436,459466.000,BDS,19,33.0,159.0,24.0,是
0703002-0918-15-42-gnss_raw.txt,2436,459466.000,BDS,21,33.0,317.0,25.0,是
0703002-0918-15-42-gnss_raw.txt,2436,459466.000,BDS,22,75.0,240.0,32.0,是
0703002-0918-15-42-gnss_raw.txt,2436,459466.000,BDS,36,61.0,21.0,32.0,是
0703002-0918-15-42-gnss_raw.txt,2436,459466.000,BDS,39,53.0,269.0,25.0,是
0703002-0918-15-42-gnss_raw.txt,2436,459467.000,GPS,10,13.0,182.0,20.0,是
0703002-0918-15-42-gnss_raw.txt,2436,459467.000,GPS,26,55.0,234.0,28.0,是
0703002-0918-15-42-gnss_raw.txt,2436,459467.000,GPS,28,58.0,11.0,31.0,是
0703002-0918-15-42-gnss_raw.txt,2436,459467.000,GPS,31,51.0,315.0,33.0,是
0703002-0918-15-42-gnss_raw.txt,2436,459467.000,GPS,32,65.0,119.0,28.0,是
0703002-0918-15-42-gnss_raw.txt,2436,459467.000,GLONASS,72,40.0,331.0,28.0,是
0703002-0918-15-42-gnss_raw.txt,2436,459467.000,GLONASS,73,47.0,18.0,28.0,是
0703002-0918-15-42-gnss_raw.txt,2436,459467.000,GLONASS,74,60.0,280.0,22.0,是
0703002-0918-15-42-gnss_raw.txt,2436,459467.000,GLONASS,90,0.0,0.0,35.0,是
0703002-0918-15-42-gnss_raw.txt,2436,459467.000,Galileo,14,0.0,0.0,29.0,是
0703002-0918-15-42-gnss_raw.txt,2436,459467.000,Galileo,19,51.0,328.0,30.0,是
0703002-0918-15-42-gnss_raw.txt,2436,459467.000,Galileo,21,73.0,185.0,29.0,是
0703002-0918-15-42-gnss_raw.txt,2436,459467.000,Galileo,27,0.0,0.0,28.0,是
0703002-0918-15-42-gnss_raw.txt,2436,459467.000,QZSS,2,56.0,125.0,25.0,是
0703002-0918-15-42-gnss_raw.txt,2436,459467.000,QZSS,7,53.0,169.0,21.0,是
0703002-0918-15-42-gnss_raw.txt,2436,459467.000,BDS,3,53.0,201.0,31.0,是
0703002-0918-15-42-gnss_raw.txt,2436,459467.000,BDS,7,63.0,339.0,31.0,是
0703002-0918-15-42-gnss_raw.txt,2436,459467.000,BDS,9,55.0,225.0,26.0,是
0703002-0918-15-42-gnss_raw.txt,2436,459467.000,BDS,10,62.0,316.0,28.0,是
0703002-0918-15-42-gnss_raw.txt,2436,459467.000,BDS,19,33.0,159.0,24.0,是
0703002-0918-15-42-gnss_raw.txt,2436,459467.000,BDS,21,33.0,317.0,26.0,是
0703002-0918-15-42-gnss_raw.txt,2436,459467.000,BDS,22,75.0,240.0,32.0,是
0703002-0918-15-42-gnss_raw.txt,2436,459467.000,BDS,36,61.0,21.0,32.0,是
0703002-0918-15-42-gnss_raw.txt,2436,459467.000,BDS,39,53.0,269.0,25.0,是
0703002-0918-15-42-gnss_raw.txt,2436,459468.000,GPS,10,13.0,182.0,20.0,是
0703002-0918-15-42-gnss_raw.txt,2436,459468.000,GPS,26,55.0,234.0,27.0,是
0703002-0918-15-42-gnss_raw.txt,2436,459468.000,GPS,28,58.0,11.0,31.0,是
0703002-0918-15-42-gnss_raw.txt,2436,459468.000,GPS,31,51.0,315.0,33.0,是
0703002-0918-15-42-gnss_raw.txt,2436,459468.000,GPS,32,65.0,119.0,28.0,是
0703002-0918-15-42-gnss_raw.txt,2436,459468.000,GLONASS,72,40.0,331.0,26.0,是
0703002-0918-15-42-gnss_raw.txt,2436,459468.000,GLONASS,73,47.0,18.0,28.0,是
0703002-0918-15-42-gnss_raw.txt,2436,459468.000,GLONASS,74,60.0,280.0,23.0,是
0703002-0918-15-42-gnss_raw.txt,2436,459468.000,GLONASS,90,0.0,0.0,35.0,是
0703002-0918-15-42-gnss_raw.txt,2436,459468.000,Galileo,14,0.0,0.0,29.0,是
0703002-0918-15-42-gnss_raw.txt,2436,459468.000,Galileo,19,51.0,328.0,31.0,是
0703002-0918-15-42-gnss_raw.txt,2436,459468.000,Galileo,21,73.0,185.0,29.0,是
0703002-0918-15-42-gnss_raw.txt,2436,459468.000,Galileo,27,0.0,0.0,29.0,是
0703002-0918-15-42-gnss_raw.txt,2436,459468.000,QZSS,2,56.0,125.0,24.0,是
0703002-0918-15-42-gnss_raw.txt,2436,459468.000,QZSS,7,53.0,169.0,22.0,是
0703002-0918-15-42-gnss_raw.txt,2436,459468.000,BDS,3,53.0,201.0,31.0,是
0703002-0918-15-42-gnss_raw.txt,2436,459468.000,BDS,7,63.0,339.0,30.0,是
0703002-0918-15-42-gnss_raw.txt,2436,459468.000,BDS,9,55.0,225.0,26.0,是
0703002-0918-15-42-gnss_raw.txt,2436,459468.000,BDS,10,62.0,316.0,28.0,是
0703002-0918-15-42-gnss_raw.txt,2436,459468.000,BDS,19,33.0,159.0,24.0,是
0703002-0918-15-42-gnss_raw.txt,2436,459468.000,BDS,21,33.0,317.0,26.0,是
0703002-0918-15-42-gnss_raw.txt,2436,459468.000,BDS,22,75.0,239.0,32.0,是
0703002-0918-15-42-gnss_raw.txt,2436,459468.000,BDS,36,60.0,21.0,31.0,是
0703002-0918-15-42-gnss_raw.txt,2436,459468.000,BDS,39,53.0,269.0,24.0,是
0703002-0918-15-42-gnss_raw.txt,2436,459469.000,GPS,10,13.0,182.0,19.0,是
0703002-0918-15-42-gnss_raw.txt,2436,459469.000,GPS,26,55.0,234.0,27.0,是
0703002-0918-15-42-gnss_raw.txt,2436,459469.000,GPS,28,58.0,11.0,31.0,是
0703002-0918-15-42-gnss_raw.txt,2436,459469.000,GPS,31,51.0,315.0,32.0,是
0703002-0918-15-42-gnss_raw.txt,2436,459469.000,GPS,32,65.0,119.0,28.0,是
0703002-0918-15-42-gnss_raw.txt,2436,459469.000,GLONASS,72,40.0,331.0,28.0,是
0703002-0918-15-42-gnss_raw.txt,2436,459469.000,GLONASS,73,47.0,18.0,28.0,是
0703002-0918-15-42-gnss_raw.txt,2436,459469.000,GLONASS,74,60.0,280.0,24.0,是
0703002-0918-15-42-gnss_raw.txt,2436,459469.000,GLONASS,90,0.0,0.0,34.0,是
0703002-0918-15-42-gnss_raw.txt,2436,459469.000,Galileo,14,0.0,0.0,29.0,是
0703002-0918-15-42-gnss_raw.txt,2436,459469.000,Galileo,19,51.0,328.0,29.0,是
0703002-0918-15-42-gnss_raw.txt,2436,459469.000,Galileo,21,73.0,185.0,30.0,是
0703002-0918-15-42-gnss_raw.txt,2436,459469.000,Galileo,27,0.0,0.0,27.0,是
0703002-0918-15-42-gnss_raw.txt,2436,459469.000,QZSS,2,56.0,125.0,24.0,是
0703002-0918-15-42-gnss_raw.txt,2436,459469.000,QZSS,7,53.0,169.0,21.0,是
0703002-0918-15-42-gnss_raw.txt,2436,459469.000,BDS,3,53.0,201.0,31.0,是
0703002-0918-15-42-gnss_raw.txt,2436,459469.000,BDS,7,63.0,339.0,29.0,是
0703002-0918-15-42-gnss_raw.txt,2436,459469.000,BDS,9,55.0,225.0,26.0,是
0703002-0918-15-42-gnss_raw.txt,2436,459469.000,BDS,10,62.0,316.0,28.0,是
0703002-0918-15-42-gnss_raw.txt,2436,459469.000,BDS,19,33.0,159.0,24.0,是
0703002-0918-15-42-gnss_raw.txt,2436,459469.000,BDS,21,33.0,317.0,27.0,是
0703002-0918-15-42-gnss_raw.txt,2436,459469.000,BDS,22,75.0,239.0,32.0,是
0703002-0918-15-42-gnss_raw.txt,2436,459469.000,BDS,36,60.0,21.0,31.0,是
0703002-0918-15-42-gnss_raw.txt,2436,459469.000,BDS,39,53.0,269.0,24.0,是
0703002-0918-15-42-gnss_raw.txt,2436,459470.000,GPS,10,13.0,182.0,20.0,是
0703002-0918-15-42-gnss_raw.txt,2436,459470.000,GPS,26,55.0,234.0,27.0,是
0703002-0918-15-42-gnss_raw.txt,2436,459470.000,GPS,28,58.0,11.0,31.0,是
0703002-0918-15-42-gnss_raw.txt,2436,459470.000,GPS,31,51.0,315.0,33.0,是
0703002-0918-15-42-gnss_raw.txt,2436,459470.000,GPS,32,65.0,119.0,28.0,是
0703002-0918-15-42-gnss_raw.txt,2436,459470.000,GLONASS,72,40.0,331.0,28.0,是
0703002-0918-15-42-gnss_raw.txt,2436,459470.000,GLONASS,73,47.0,18.0,26.0,是
0703002-0918-15-42-gnss_raw.txt,2436,459470.000,GLONASS,74,60.0,280.0,24.0,是
0703002-0918-15-42-gnss_raw.txt,2436,459470.000,GLONASS,90,0.0,0.0,33.0,是
0703002-0918-15-42-gnss_raw.txt,2436,459470.000,Galileo,14,0.0,0.0,29.0,是
0703002-0918-15-42-gnss_raw.txt,2436,459470.000,Galileo,19,51.0,328.0,29.0,是
0703002-0918-15-42-gnss_raw.txt,2436,459470.000,Galileo,21,73.0,185.0,30.0,是
0703002-0918-15-42-gnss_raw.txt,2436,459470.000,Galileo,27,0.0,0.0,29.0,是
0703002-0918-15-42-gnss_raw.txt,2436,459470.000,QZSS,2,56.0,125.0,25.0,是
0703002-0918-15-42-gnss_raw.txt,2436,459470.000,QZSS,7,53.0,169.0,21.0,是
0703002-0918-15-42-gnss_raw.txt,2436,459470.000,BDS,3,53.0,201.0,32.0,是
0703002-0918-15-42-gnss_raw.txt,2436,459470.000,BDS,4,0.0,0.0,27.0,是
0703002-0918-15-42-gnss_raw.txt,2436,459470.000,BDS,7,63.0,339.0,30.0,是
0703002-0918-15-42-gnss_raw.txt,2436,459470.000,BDS,9,55.0,225.0,26.0,是
0703002-0918-15-42-gnss_raw.txt,2436,459470.000,BDS,10,62.0,316.0,29.0,是
0703002-0918-15-42-gnss_raw.txt,2436,459470.000,BDS,19,33.0,159.0,24.0,是
0703002-0918-15-42-gnss_raw.txt,2436,459470.000,BDS,21,33.0,317.0,27.0,是
0703002-0918-15-42-gnss_raw.txt,2436,459470.000,BDS,22,75.0,239.0,32.0,是
0703002-0918-15-42-gnss_raw.txt,2436,459470.000,BDS,36,60.0,21.0,32.0,是
0703002-0918-15-42-gnss_raw.txt,2436,459470.000,BDS,39,53.0,269.0,24.0,是
0703002-0918-15-42-gnss_raw.txt,2436,459471.000,GPS,10,13.0,182.0,19.0,是
0703002-0918-15-42-gnss_raw.txt,2436,459471.000,GPS,26,55.0,234.0,27.0,是
0703002-0918-15-42-gnss_raw.txt,2436,459471.000,GPS,28,58.0,11.0,31.0,是
0703002-0918-15-42-gnss_raw.txt,2436,459471.000,GPS,31,51.0,315.0,33.0,是
0703002-0918-15-42-gnss_raw.txt,2436,459471.000,GPS,32,65.0,119.0,29.0,是
0703002-0918-15-42-gnss_raw.txt,2436,459471.000,GLONASS,72,40.0,331.0,28.0,是
0703002-0918-15-42-gnss_raw.txt,2436,459471.000,GLONASS,73,47.0,18.0,23.0,是
0703002-0918-15-42-gnss_raw.txt,2436,459471.000,GLONASS,74,60.0,280.0,25.0,是
0703002-0918-15-42-gnss_raw.txt,2436,459471.000,GLONASS,90,0.0,0.0,34.0,是
0703002-0918-15-42-gnss_raw.txt,2436,459471.000,Galileo,14,0.0,0.0,30.0,是
0703002-0918-15-42-gnss_raw.txt,2436,459471.000,Galileo,19,51.0,328.0,29.0,是
0703002-0918-15-42-gnss_raw.txt,2436,459471.000,Galileo,21,73.0,185.0,30.0,是
0703002-0918-15-42-gnss_raw.txt,2436,459471.000,Galileo,27,0.0,0.0,29.0,是
0703002-0918-15-42-gnss_raw.txt,2436,459471.000,QZSS,2,56.0,125.0,25.0,是
0703002-0918-15-42-gnss_raw.txt,2436,459471.000,QZSS,7,53.0,169.0,21.0,是
0703002-0918-15-42-gnss_raw.txt,2436,459471.000,BDS,3,53.0,201.0,32.0,是
0703002-0918-15-42-gnss_raw.txt,2436,459471.000,BDS,7,63.0,339.0,30.0,是
0703002-0918-15-42-gnss_raw.txt,2436,459471.000,BDS,9,55.0,225.0,26.0,是
0703002-0918-15-42-gnss_raw.txt,2436,459471.000,BDS,10,62.0,316.0,30.0,是
0703002-0918-15-42-gnss_raw.txt,2436,459471.000,BDS,19,33.0,159.0,25.0,是
0703002-0918-15-42-gnss_raw.txt,2436,459471.000,BDS,21,33.0,317.0,27.0,是
0703002-0918-15-42-gnss_raw.txt,2436,459471.000,BDS,22,75.0,239.0,32.0,是
0703002-0918-15-42-gnss_raw.txt,2436,459471.000,BDS,36,60.0,21.0,32.0,是
0703002-0918-15-42-gnss_raw.txt,2436,459471.000,BDS,39,53.0,269.0,23.0,是
0703002-0918-15-42-gnss_raw.txt,2436,459472.000,GPS,10,13.0,182.0,20.0,是
0703002-0918-15-42-gnss_raw.txt,2436,459472.000,GPS,26,55.0,234.0,28.0,是
0703002-0918-15-42-gnss_raw.txt,2436,459472.000,GPS,28,58.0,11.0,31.0,是
0703002-0918-15-42-gnss_raw.txt,2436,459472.000,GPS,31,51.0,315.0,33.0,是
0703002-0918-15-42-gnss_raw.txt,2436,459472.000,GPS,32,65.0,119.0,29.0,是
0703002-0918-15-42-gnss_raw.txt,2436,459472.000,GLONASS,72,40.0,331.0,27.0,是
0703002-0918-15-42-gnss_raw.txt,2436,459472.000,GLONASS,73,47.0,18.0,24.0,是
0703002-0918-15-42-gnss_raw.txt,2436,459472.000,GLONASS,74,60.0,281.0,25.0,是
0703002-0918-15-42-gnss_raw.txt,2436,459472.000,GLONASS,90,0.0,0.0,35.0,是
0703002-0918-15-42-gnss_raw.txt,2436,459472.000,Galileo,14,0.0,0.0,30.0,是
0703002-0918-15-42-gnss_raw.txt,2436,459472.000,Galileo,19,51.0,328.0,32.0,是
0703002-0918-15-42-gnss_raw.txt,2436,459472.000,Galileo,21,73.0,185.0,29.0,是
0703002-0918-15-42-gnss_raw.txt,2436,459472.000,Galileo,27,0.0,0.0,28.0,是
0703002-0918-15-42-gnss_raw.txt,2436,459472.000,QZSS,2,56.0,125.0,25.0,是
0703002-0918-15-42-gnss_raw.txt,2436,459472.000,QZSS,7,53.0,169.0,22.0,是
0703002-0918-15-42-gnss_raw.txt,2436,459472.000,BDS,3,53.0,201.0,32.0,是
0703002-0918-15-42-gnss_raw.txt,2436,459472.000,BDS,7,63.0,339.0,30.0,是
0703002-0918-15-42-gnss_raw.txt,2436,459472.000,BDS,9,55.0,225.0,26.0,是
0703002-0918-15-42-gnss_raw.txt,2436,459472.000,BDS,10,62.0,316.0,30.0,是
0703002-0918-15-42-gnss_raw.txt,2436,459472.000,BDS,19,33.0,159.0,24.0,是
0703002-0918-15-42-gnss_raw.txt,2436,459472.000,BDS,21,33.0,317.0,27.0,是
0703002-0918-15-42-gnss_raw.txt,2436,459472.000,BDS,22,75.0,239.0,32.0,是
0703002-0918-15-42-gnss_raw.txt,2436,459472.000,BDS,36,60.0,21.0,32.0,是
0703002-0918-15-42-gnss_raw.txt,2436,459472.000,BDS,39,53.0,269.0,24.0,是
0703002-0918-15-42-gnss_raw.txt,2436,459473.000,GPS,10,13.0,182.0,20.0,是
0703002-0918-15-42-gnss_raw.txt,2436,459473.000,GPS,26,55.0,234.0,28.0,是
0703002-0918-15-42-gnss_raw.txt,2436,459473.000,GPS,28,58.0,11.0,31.0,是
0703002-0918-15-42-gnss_raw.txt,2436,459473.000,GPS,31,51.0,315.0,34.0,是
0703002-0918-15-42-gnss_raw.txt,2436,459473.000,GPS,32,65.0,119.0,29.0,是
0703002-0918-15-42-gnss_raw.txt,2436,459473.000,GLONASS,72,40.0,331.0,26.0,是
0703002-0918-15-42-gnss_raw.txt,2436,459473.000,GLONASS,73,47.0,18.0,25.0,是
0703002-0918-15-42-gnss_raw.txt,2436,459473.000,GLONASS,74,0.0,0.0,23.0,是
0703002-0918-15-42-gnss_raw.txt,2436,459473.000,GLONASS,90,0.0,0.0,35.0,是
0703002-0918-15-42-gnss_raw.txt,2436,459473.000,Galileo,14,0.0,0.0,29.0,是
0703002-0918-15-42-gnss_raw.txt,2436,459473.000,Galileo,19,51.0,328.0,31.0,是
0703002-0918-15-42-gnss_raw.txt,2436,459473.000,Galileo,21,73.0,185.0,29.0,是
0703002-0918-15-42-gnss_raw.txt,2436,459473.000,Galileo,27,0.0,0.0,27.0,是
0703002-0918-15-42-gnss_raw.txt,2436,459473.000,QZSS,2,56.0,125.0,25.0,是
0703002-0918-15-42-gnss_raw.txt,2436,459473.000,QZSS,7,53.0,169.0,22.0,是
0703002-0918-15-42-gnss_raw.txt,2436,459473.000,BDS,3,53.0,201.0,31.0,是
0703002-0918-15-42-gnss_raw.txt,2436,459473.000,BDS,7,63.0,339.0,30.0,是
0703002-0918-15-42-gnss_raw.txt,2436,459473.000,BDS,9,55.0,225.0,26.0,是
0703002-0918-15-42-gnss_raw.txt,2436,459473.000,BDS,10,62.0,316.0,30.0,是
0703002-0918-15-42-gnss_raw.txt,2436,459473.000,BDS,19,33.0,159.0,24.0,是
0703002-0918-15-42-gnss_raw.txt,2436,459473.000,BDS,21,33.0,317.0,27.0,是
0703002-0918-15-42-gnss_raw.txt,2436,459473.000,BDS,22,75.0,239.0,33.0,是
0703002-0918-15-42-gnss_raw.txt,2436,459473.000,BDS,36,60.0,21.0,32.0,是
0703002-0918-15-42-gnss_raw.txt,2436,459473.000,BDS,39,53.0,269.0,24.0,是
0703002-0918-15-42-gnss_raw.txt,2436,459474.000,GPS,10,13.0,182.0,20.0,是
0703002-0918-15-42-gnss_raw.txt,2436,459474.000,GPS,26,55.0,234.0,27.0,是
0703002-0918-15-42-gnss_raw.txt,2436,459474.000,GPS,28,58.0,11.0,31.0,是
0703002-0918-15-42-gnss_raw.txt,2436,459474.000,GPS,31,51.0,315.0,34.0,是
0703002-0918-15-42-gnss_raw.txt,2436,459474.000,GPS,32,65.0,119.0,30.0,是
0703002-0918-15-42-gnss_raw.txt,2436,459474.000,GLONASS,72,40.0,331.0,28.0,是
0703002-0918-15-42-gnss_raw.txt,2436,459474.000,GLONASS,73,47.0,18.0,27.0,是
0703002-0918-15-42-gnss_raw.txt,2436,459474.000,GLONASS,74,60.0,281.0,23.0,是
0703002-0918-15-42-gnss_raw.txt,2436,459474.000,GLONASS,90,0.0,0.0,35.0,是
0703002-0918-15-42-gnss_raw.txt,2436,459474.000,Galileo,14,0.0,0.0,29.0,是
0703002-0918-15-42-gnss_raw.txt,2436,459474.000,Galileo,19,51.0,328.0,30.0,是
0703002-0918-15-42-gnss_raw.txt,2436,459474.000,Galileo,21,73.0,185.0,30.0,是
0703002-0918-15-42-gnss_raw.txt,2436,459474.000,Galileo,27,0.0,0.0,28.0,是
0703002-0918-15-42-gnss_raw.txt,2436,459474.000,QZSS,2,56.0,125.0,25.0,是
0703002-0918-15-42-gnss_raw.txt,2436,459474.000,QZSS,7,53.0,169.0,23.0,是
0703002-0918-15-42-gnss_raw.txt,2436,459474.000,BDS,3,53.0,201.0,32.0,是
0703002-0918-15-42-gnss_raw.txt,2436,459474.000,BDS,7,63.0,339.0,30.0,是
0703002-0918-15-42-gnss_raw.txt,2436,459474.000,BDS,9,55.0,225.0,26.0,是
0703002-0918-15-42-gnss_raw.txt,2436,459474.000,BDS,10,62.0,316.0,30.0,是
0703002-0918-15-42-gnss_raw.txt,2436,459474.000,BDS,19,33.0,159.0,24.0,是
0703002-0918-15-42-gnss_raw.txt,2436,459474.000,BDS,21,33.0,317.0,27.0,是
0703002-0918-15-42-gnss_raw.txt,2436,459474.000,BDS,22,75.0,239.0,33.0,是
0703002-0918-15-42-gnss_raw.txt,2436,459474.000,BDS,36,60.0,21.0,32.0,是
0703002-0918-15-42-gnss_raw.txt,2436,459474.000,BDS,39,53.0,269.0,24.0,是
0703002-0918-15-42-gnss_raw.txt,2436,459475.000,GPS,10,13.0,182.0,20.0,是
0703002-0918-15-42-gnss_raw.txt,2436,459475.000,GPS,26,55.0,234.0,28.0,是
0703002-0918-15-42-gnss_raw.txt,2436,459475.000,GPS,28,58.0,11.0,31.0,是
0703002-0918-15-42-gnss_raw.txt,2436,459475.000,GPS,31,51.0,315.0,34.0,是
0703002-0918-15-42-gnss_raw.txt,2436,459475.000,GPS,32,65.0,119.0,30.0,是
0703002-0918-15-42-gnss_raw.txt,2436,459475.000,GLONASS,72,40.0,331.0,28.0,是
0703002-0918-15-42-gnss_raw.txt,2436,459475.000,GLONASS,73,47.0,18.0,26.0,是
0703002-0918-15-42-gnss_raw.txt,2436,459475.000,GLONASS,74,60.0,281.0,24.0,是
0703002-0918-15-42-gnss_raw.txt,2436,459475.000,GLONASS,90,0.0,0.0,35.0,是
0703002-0918-15-42-gnss_raw.txt,2436,459475.000,Galileo,14,0.0,0.0,28.0,是
0703002-0918-15-42-gnss_raw.txt,2436,459475.000,Galileo,19,51.0,328.0,31.0,是
0703002-0918-15-42-gnss_raw.txt,2436,459475.000,Galileo,21,73.0,185.0,30.0,是
0703002-0918-15-42-gnss_raw.txt,2436,459475.000,Galileo,27,0.0,0.0,29.0,是
0703002-0918-15-42-gnss_raw.txt,2436,459475.000,QZSS,2,56.0,125.0,25.0,是
0703002-0918-15-42-gnss_raw.txt,2436,459475.000,QZSS,7,53.0,169.0,22.0,是
0703002-0918-15-42-gnss_raw.txt,2436,459475.000,BDS,3,53.0,201.0,32.0,是
0703002-0918-15-42-gnss_raw.txt,2436,459475.000,BDS,7,63.0,339.0,30.0,是
0703002-0918-15-42-gnss_raw.txt,2436,459475.000,BDS,9,55.0,225.0,26.0,是
0703002-0918-15-42-gnss_raw.txt,2436,459475.000,BDS,10,62.0,316.0,30.0,是
0703002-0918-15-42-gnss_raw.txt,2436,459475.000,BDS,19,33.0,159.0,24.0,是
0703002-0918-15-42-gnss_raw.txt,2436,459475.000,BDS,21,33.0,317.0,27.0,是
0703002-0918-15-42-gnss_raw.txt,2436,459475.000,BDS,22,75.0,239.0,33.0,是
0703002-0918-15-42-gnss_raw.txt,2436,459475.000,BDS,36,60.0,21.0,32.0,是
0703002-0918-15-42-gnss_raw.txt,2436,459475.000,BDS,39,53.0,269.0,25.0,是
0703002-0918-15-42-gnss_raw.txt,2436,459476.000,GPS,10,13.0,182.0,19.0,是
0703002-0918-15-42-gnss_raw.txt,2436,459476.000,GPS,26,55.0,234.0,27.0,是
0703002-0918-15-42-gnss_raw.txt,2436,459476.000,GPS,28,58.0,11.0,30.0,是
0703002-0918-15-42-gnss_raw.txt,2436,459476.000,GPS,31,51.0,315.0,34.0,是
0703002-0918-15-42-gnss_raw.txt,2436,459476.000,GPS,32,65.0,119.0,30.0,是
0703002-0918-15-42-gnss_raw.txt,2436,459476.000,GLONASS,72,40.0,331.0,27.0,是
0703002-0918-15-42-gnss_raw.txt,2436,459476.000,GLONASS,73,47.0,18.0,22.0,是
0703002-0918-15-42-gnss_raw.txt,2436,459476.000,GLONASS,74,60.0,281.0,22.0,是
0703002-0918-15-42-gnss_raw.txt,2436,459476.000,GLONASS,90,0.0,0.0,35.0,是
0703002-0918-15-42-gnss_raw.txt,2436,459476.000,Galileo,14,0.0,0.0,29.0,是
0703002-0918-15-42-gnss_raw.txt,2436,459476.000,Galileo,19,51.0,328.0,29.0,是
0703002-0918-15-42-gnss_raw.txt,2436,459476.000,Galileo,21,73.0,185.0,29.0,是
0703002-0918-15-42-gnss_raw.txt,2436,459476.000,Galileo,27,0.0,0.0,29.0,是
0703002-0918-15-42-gnss_raw.txt,2436,459476.000,QZSS,2,56.0,125.0,25.0,是
0703002-0918-15-42-gnss_raw.txt,2436,459476.000,QZSS,7,53.0,169.0,22.0,是
0703002-0918-15-42-gnss_raw.txt,2436,459476.000,BDS,3,53.0,201.0,30.0,是
0703002-0918-15-42-gnss_raw.txt,2436,459476.000,BDS,7,63.0,339.0,30.0,是
0703002-0918-15-42-gnss_raw.txt,2436,459476.000,BDS,9,55.0,225.0,26.0,是
0703002-0918-15-42-gnss_raw.txt,2436,459476.000,BDS,10,62.0,316.0,30.0,是
0703002-0918-15-42-gnss_raw.txt,2436,459476.000,BDS,19,33.0,159.0,24.0,是
0703002-0918-15-42-gnss_raw.txt,2436,459476.000,BDS,21,33.0,317.0,28.0,是
0703002-0918-15-42-gnss_raw.txt,2436,459476.000,BDS,22,75.0,239.0,32.0,是
0703002-0918-15-42-gnss_raw.txt,2436,459476.000,BDS,36,60.0,21.0,32.0,是
0703002-0918-15-42-gnss_raw.txt,2436,459476.000,BDS,39,53.0,269.0,26.0,是
0703002-0918-15-42-gnss_raw.txt,2436,459477.000,GPS,10,13.0,182.0,18.0,是
0703002-0918-15-42-gnss_raw.txt,2436,459477.000,GPS,26,55.0,234.0,27.0,是
0703002-0918-15-42-gnss_raw.txt,2436,459477.000,GPS,28,58.0,11.0,30.0,是
0703002-0918-15-42-gnss_raw.txt,2436,459477.000,GPS,31,51.0,315.0,34.0,是
0703002-0918-15-42-gnss_raw.txt,2436,459477.000,GPS,32,65.0,119.0,29.0,是
0703002-0918-15-42-gnss_raw.txt,2436,459477.000,GLONASS,72,40.0,331.0,28.0,是
0703002-0918-15-42-gnss_raw.txt,2436,459477.000,GLONASS,73,47.0,18.0,24.0,是
0703002-0918-15-42-gnss_raw.txt,2436,459477.000,GLONASS,74,60.0,281.0,24.0,是
0703002-0918-15-42-gnss_raw.txt,2436,459477.000,GLONASS,90,0.0,0.0,35.0,是
0703002-0918-15-42-gnss_raw.txt,2436,459477.000,Galileo,14,0.0,0.0,29.0,是
0703002-0918-15-42-gnss_raw.txt,2436,459477.000,Galileo,19,51.0,328.0,29.0,是
0703002-0918-15-42-gnss_raw.txt,2436,459477.000,Galileo,21,73.0,185.0,29.0,是
0703002-0918-15-42-gnss_raw.txt,2436,459477.000,Galileo,27,0.0,0.0,28.0,是
0703002-0918-15-42-gnss_raw.txt,2436,459477.000,QZSS,2,56.0,125.0,25.0,是
0703002-0918-15-42-gnss_raw.txt,2436,459477.000,QZSS,7,53.0,169.0,21.0,是
0703002-0918-15-42-gnss_raw.txt,2436,459477.000,BDS,3,53.0,201.0,31.0,是
0703002-0918-15-42-gnss_raw.txt,2436,459477.000,BDS,7,63.0,339.0,30.0,是
0703002-0918-15-42-gnss_raw.txt,2436,459477.000,BDS,9,55.0,225.0,26.0,是
0703002-0918-15-42-gnss_raw.txt,2436,459477.000,BDS,10,62.0,316.0,30.0,是
0703002-0918-15-42-gnss_raw.txt,2436,459477.000,BDS,19,33.0,159.0,23.0,是
0703002-0918-15-42-gnss_raw.txt,2436,459477.000,BDS,21,33.0,317.0,28.0,是
0703002-0918-15-42-gnss_raw.txt,2436,459477.000,BDS,22,75.0,239.0,32.0,是
0703002-0918-15-42-gnss_raw.txt,2436,459477.000,BDS,36,60.0,21.0,32.0,是
0703002-0918-15-42-gnss_raw.txt,2436,459477.000,BDS,39,53.0,269.0,26.0,是
0703002-0918-15-42-gnss_raw.txt,2436,459478.000,GPS,10,13.0,182.0,18.0,是
0703002-0918-15-42-gnss_raw.txt,2436,459478.000,GPS,26,55.0,234.0,27.0,是
0703002-0918-15-42-gnss_raw.txt,2436,459478.000,GPS,28,58.0,11.0,30.0,是
0703002-0918-15-42-gnss_raw.txt,2436,459478.000,GPS,31,51.0,315.0,34.0,是
0703002-0918-15-42-gnss_raw.txt,2436,459478.000,GPS,32,65.0,119.0,29.0,是
0703002-0918-15-42-gnss_raw.txt,2436,459478.000,GLONASS,72,40.0,331.0,27.0,是
0703002-0918-15-42-gnss_raw.txt,2436,459478.000,GLONASS,73,47.0,18.0,25.0,是
0703002-0918-15-42-gnss_raw.txt,2436,459478.000,GLONASS,74,0.0,0.0,23.0,是
0703002-0918-15-42-gnss_raw.txt,2436,459478.000,GLONASS,90,0.0,0.0,36.0,是
0703002-0918-15-42-gnss_raw.txt,2436,459478.000,Galileo,14,0.0,0.0,28.0,是
0703002-0918-15-42-gnss_raw.txt,2436,459478.000,Galileo,19,51.0,328.0,29.0,是
0703002-0918-15-42-gnss_raw.txt,2436,459478.000,Galileo,21,73.0,185.0,29.0,是
0703002-0918-15-42-gnss_raw.txt,2436,459478.000,Galileo,27,0.0,0.0,29.0,是
0703002-0918-15-42-gnss_raw.txt,2436,459478.000,QZSS,2,56.0,125.0,25.0,是
0703002-0918-15-42-gnss_raw.txt,2436,459478.000,QZSS,7,53.0,169.0,21.0,是
0703002-0918-15-42-gnss_raw.txt,2436,459478.000,BDS,3,53.0,201.0,31.0,是
0703002-0918-15-42-gnss_raw.txt,2436,459478.000,BDS,7,63.0,339.0,31.0,是
0703002-0918-15-42-gnss_raw.txt,2436,459478.000,BDS,9,55.0,225.0,26.0,是
0703002-0918-15-42-gnss_raw.txt,2436,459478.000,BDS,10,62.0,316.0,30.0,是
0703002-0918-15-42-gnss_raw.txt,2436,459478.000,BDS,19,32.0,159.0,24.0,是
0703002-0918-15-42-gnss_raw.txt,2436,459478.000,BDS,21,33.0,317.0,28.0,是
0703002-0918-15-42-gnss_raw.txt,2436,459478.000,BDS,22,75.0,239.0,32.0,是
0703002-0918-15-42-gnss_raw.txt,2436,459478.000,BDS,36,60.0,21.0,32.0,是
0703002-0918-15-42-gnss_raw.txt,2436,459478.000,BDS,39,53.0,269.0,26.0,是
0703002-0918-15-42-gnss_raw.txt,2436,459479.000,GPS,10,13.0,182.0,18.0,是
0703002-0918-15-42-gnss_raw.txt,2436,459479.000,GPS,26,55.0,234.0,27.0,是
0703002-0918-15-42-gnss_raw.txt,2436,459479.000,GPS,28,58.0,11.0,31.0,是
0703002-0918-15-42-gnss_raw.txt,2436,459479.000,GPS,31,51.0,315.0,33.0,是
0703002-0918-15-42-gnss_raw.txt,2436,459479.000,GPS,32,65.0,119.0,29.0,是
0703002-0918-15-42-gnss_raw.txt,2436,459479.000,GLONASS,72,40.0,331.0,26.0,是
0703002-0918-15-42-gnss_raw.txt,2436,459479.000,GLONASS,73,47.0,18.0,27.0,是
0703002-0918-15-42-gnss_raw.txt,2436,459479.000,GLONASS,74,60.0,281.0,22.0,是
0703002-0918-15-42-gnss_raw.txt,2436,459479.000,GLONASS,90,0.0,0.0,36.0,是
0703002-0918-15-42-gnss_raw.txt,2436,459479.000,Galileo,14,0.0,0.0,29.0,是
0703002-0918-15-42-gnss_raw.txt,2436,459479.000,Galileo,19,51.0,328.0,32.0,是
0703002-0918-15-42-gnss_raw.txt,2436,459479.000,Galileo,21,73.0,185.0,29.0,是
0703002-0918-15-42-gnss_raw.txt,2436,459479.000,Galileo,27,0.0,0.0,28.0,是
0703002-0918-15-42-gnss_raw.txt,2436,459479.000,QZSS,2,56.0,125.0,25.0,是
0703002-0918-15-42-gnss_raw.txt,2436,459479.000,QZSS,7,53.0,169.0,22.0,是
0703002-0918-15-42-gnss_raw.txt,2436,459479.000,BDS,3,53.0,201.0,32.0,是
0703002-0918-15-42-gnss_raw.txt,2436,459479.000,BDS,7,63.0,339.0,30.0,是
0703002-0918-15-42-gnss_raw.txt,2436,459479.000,BDS,9,55.0,225.0,27.0,是
0703002-0918-15-42-gnss_raw.txt,2436,459479.000,BDS,10,62.0,316.0,30.0,是
0703002-0918-15-42-gnss_raw.txt,2436,459479.000,BDS,19,32.0,159.0,24.0,是
0703002-0918-15-42-gnss_raw.txt,2436,459479.000,BDS,21,33.0,317.0,27.0,是
0703002-0918-15-42-gnss_raw.txt,2436,459479.000,BDS,22,75.0,239.0,32.0,是
0703002-0918-15-42-gnss_raw.txt,2436,459479.000,BDS,36,60.0,21.0,32.0,是
0703002-0918-15-42-gnss_raw.txt,2436,459479.000,BDS,39,53.0,269.0,26.0,是
0703002-0918-15-42-gnss_raw.txt,2436,459480.000,GPS,10,13.0,182.0,19.0,是
0703002-0918-15-42-gnss_raw.txt,2436,459480.000,GPS,26,55.0,234.0,27.0,是
0703002-0918-15-42-gnss_raw.txt,2436,459480.000,GPS,28,58.0,11.0,31.0,是
0703002-0918-15-42-gnss_raw.txt,2436,459480.000,GPS,31,51.0,315.0,33.0,是
0703002-0918-15-42-gnss_raw.txt,2436,459480.000,GPS,32,65.0,119.0,30.0,是
0703002-0918-15-42-gnss_raw.txt,2436,459480.000,GLONASS,72,40.0,331.0,28.0,是
0703002-0918-15-42-gnss_raw.txt,2436,459480.000,GLONASS,73,47.0,18.0,25.0,是
0703002-0918-15-42-gnss_raw.txt,2436,459480.000,GLONASS,74,60.0,281.0,22.0,是
0703002-0918-15-42-gnss_raw.txt,2436,459480.000,GLONASS,90,0.0,0.0,36.0,是
0703002-0918-15-42-gnss_raw.txt,2436,459480.000,Galileo,14,0.0,0.0,30.0,是
0703002-0918-15-42-gnss_raw.txt,2436,459480.000,Galileo,19,51.0,328.0,31.0,是
0703002-0918-15-42-gnss_raw.txt,2436,459480.000,Galileo,21,73.0,185.0,28.0,是
0703002-0918-15-42-gnss_raw.txt,2436,459480.000,Galileo,27,0.0,0.0,29.0,是
0703002-0918-15-42-gnss_raw.txt,2436,459480.000,QZSS,2,56.0,125.0,25.0,是
0703002-0918-15-42-gnss_raw.txt,2436,459480.000,QZSS,7,53.0,169.0,23.0,是
0703002-0918-15-42-gnss_raw.txt,2436,459480.000,BDS,3,53.0,201.0,33.0,是
0703002-0918-15-42-gnss_raw.txt,2436,459480.000,BDS,7,63.0,339.0,30.0,是
0703002-0918-15-42-gnss_raw.txt,2436,459480.000,BDS,9,55.0,225.0,27.0,是
0703002-0918-15-42-gnss_raw.txt,2436,459480.000,BDS,10,62.0,316.0,29.0,是
0703002-0918-15-42-gnss_raw.txt,2436,459480.000,BDS,19,32.0,159.0,24.0,是
0703002-0918-15-42-gnss_raw.txt,2436,459480.000,BDS,21,33.0,317.0,27.0,是
0703002-0918-15-42-gnss_raw.txt,2436,459480.000,BDS,22,75.0,239.0,32.0,是
0703002-0918-15-42-gnss_raw.txt,2436,459480.000,BDS,36,60.0,21.0,32.0,是
0703002-0918-15-42-gnss_raw.txt,2436,459480.000,BDS,39,53.0,269.0,26.0,是
0703002-0918-15-42-gnss_raw.txt,2436,459481.000,GPS,10,13.0,182.0,19.0,是
0703002-0918-15-42-gnss_raw.txt,2436,459481.000,GPS,26,55.0,234.0,28.0,是
0703002-0918-15-42-gnss_raw.txt,2436,459481.000,GPS,28,58.0,11.0,31.0,是
0703002-0918-15-42-gnss_raw.txt,2436,459481.000,GPS,31,51.0,315.0,33.0,是
0703002-0918-15-42-gnss_raw.txt,2436,459481.000,GPS,32,65.0,119.0,30.0,是
0703002-0918-15-42-gnss_raw.txt,2436,459481.000,GLONASS,72,40.0,331.0,28.0,是
0703002-0918-15-42-gnss_raw.txt,2436,459481.000,GLONASS,73,47.0,18.0,22.0,是
0703002-0918-15-42-gnss_raw.txt,2436,459481.000,GLONASS,74,60.0,281.0,23.0,是
0703002-0918-15-42-gnss_raw.txt,2436,459481.000,GLONASS,90,0.0,0.0,36.0,是
0703002-0918-15-42-gnss_raw.txt,2436,459481.000,Galileo,14,0.0,0.0,29.0,是
0703002-0918-15-42-gnss_raw.txt,2436,459481.000,Galileo,19,51.0,328.0,31.0,是
0703002-0918-15-42-gnss_raw.txt,2436,459481.000,Galileo,21,73.0,185.0,29.0,是
0703002-0918-15-42-gnss_raw.txt,2436,459481.000,Galileo,27,0.0,0.0,30.0,是
0703002-0918-15-42-gnss_raw.txt,2436,459481.000,QZSS,2,56.0,125.0,25.0,是
0703002-0918-15-42-gnss_raw.txt,2436,459481.000,QZSS,7,53.0,169.0,23.0,是
0703002-0918-15-42-gnss_raw.txt,2436,459481.000,BDS,3,53.0,201.0,31.0,是
0703002-0918-15-42-gnss_raw.txt,2436,459481.000,BDS,4,0.0,0.0,28.0,是
0703002-0918-15-42-gnss_raw.txt,2436,459481.000,BDS,7,63.0,339.0,30.0,是
0703002-0918-15-42-gnss_raw.txt,2436,459481.000,BDS,9,55.0,225.0,28.0,是
0703002-0918-15-42-gnss_raw.txt,2436,459481.000,BDS,10,62.0,316.0,29.0,是
0703002-0918-15-42-gnss_raw.txt,2436,459481.000,BDS,19,32.0,159.0,23.0,是
0703002-0918-15-42-gnss_raw.txt,2436,459481.000,BDS,21,33.0,317.0,27.0,是
0703002-0918-15-42-gnss_raw.txt,2436,459481.000,BDS,22,75.0,239.0,32.0,是
0703002-0918-15-42-gnss_raw.txt,2436,459481.000,BDS,36,60.0,21.0,32.0,是
0703002-0918-15-42-gnss_raw.txt,2436,459481.000,BDS,39,53.0,269.0,26.0,是
0703002-0918-15-42-gnss_raw.txt,2436,459482.000,GPS,10,13.0,182.0,20.0,是
0703002-0918-15-42-gnss_raw.txt,2436,459482.000,GPS,26,55.0,234.0,28.0,是
0703002-0918-15-42-gnss_raw.txt,2436,459482.000,GPS,28,58.0,11.0,30.0,是
0703002-0918-15-42-gnss_raw.txt,2436,459482.000,GPS,31,51.0,315.0,33.0,是
0703002-0918-15-42-gnss_raw.txt,2436,459482.000,GPS,32,65.0,119.0,30.0,是
0703002-0918-15-42-gnss_raw.txt,2436,459482.000,GLONASS,72,40.0,331.0,29.0,是
0703002-0918-15-42-gnss_raw.txt,2436,459482.000,GLONASS,73,47.0,18.0,20.0,是
0703002-0918-15-42-gnss_raw.txt,2436,459482.000,GLONASS,74,61.0,281.0,25.0,是
0703002-0918-15-42-gnss_raw.txt,2436,459482.000,GLONASS,90,0.0,0.0,36.0,是
0703002-0918-15-42-gnss_raw.txt,2436,459482.000,Galileo,14,0.0,0.0,29.0,是
0703002-0918-15-42-gnss_raw.txt,2436,459482.000,Galileo,19,51.0,328.0,31.0,是
0703002-0918-15-42-gnss_raw.txt,2436,459482.000,Galileo,21,73.0,185.0,29.0,是
0703002-0918-15-42-gnss_raw.txt,2436,459482.000,Galileo,27,0.0,0.0,30.0,是
0703002-0918-15-42-gnss_raw.txt,2436,459482.000,QZSS,2,56.0,125.0,26.0,是
0703002-0918-15-42-gnss_raw.txt,2436,459482.000,QZSS,7,53.0,169.0,23.0,是
0703002-0918-15-42-gnss_raw.txt,2436,459482.000,BDS,3,53.0,201.0,31.0,是
0703002-0918-15-42-gnss_raw.txt,2436,459482.000,BDS,4,0.0,0.0,26.0,是
0703002-0918-15-42-gnss_raw.txt,2436,459482.000,BDS,7,63.0,339.0,30.0,是
0703002-0918-15-42-gnss_raw.txt,2436,459482.000,BDS,9,55.0,225.0,28.0,是
0703002-0918-15-42-gnss_raw.txt,2436,459482.000,BDS,10,62.0,316.0,29.0,是
0703002-0918-15-42-gnss_raw.txt,2436,459482.000,BDS,19,32.0,159.0,23.0,是
0703002-0918-15-42-gnss_raw.txt,2436,459482.000,BDS,21,33.0,317.0,28.0,是
0703002-0918-15-42-gnss_raw.txt,2436,459482.000,BDS,22,75.0,239.0,32.0,是
0703002-0918-15-42-gnss_raw.txt,2436,459482.000,BDS,36,60.0,21.0,32.0,是
0703002-0918-15-42-gnss_raw.txt,2436,459482.000,BDS,39,53.0,269.0,26.0,是
0703002-0918-15-42-gnss_raw.txt,2436,459483.000,GPS,10,13.0,182.0,19.0,是
0703002-0918-15-42-gnss_raw.txt,2436,459483.000,GPS,26,55.0,234.0,28.0,是
0703002-0918-15-42-gnss_raw.txt,2436,459483.000,GPS,28,58.0,11.0,30.0,是
0703002-0918-15-42-gnss_raw.txt,2436,459483.000,GPS,31,51.0,315.0,33.0,是
0703002-0918-15-42-gnss_raw.txt,2436,459483.000,GPS,32,65.0,119.0,30.0,是
0703002-0918-15-42-gnss_raw.txt,2436,459483.000,GLONASS,72,40.0,331.0,28.0,是
0703002-0918-15-42-gnss_raw.txt,2436,459483.000,GLONASS,73,47.0,18.0,24.0,是
0703002-0918-15-42-gnss_raw.txt,2436,459483.000,GLONASS,74,61.0,281.0,24.0,是
0703002-0918-15-42-gnss_raw.txt,2436,459483.000,GLONASS,90,0.0,0.0,36.0,是
0703002-0918-15-42-gnss_raw.txt,2436,459483.000,Galileo,14,0.0,0.0,29.0,是
0703002-0918-15-42-gnss_raw.txt,2436,459483.000,Galileo,19,51.0,328.0,31.0,是
0703002-0918-15-42-gnss_raw.txt,2436,459483.000,Galileo,21,73.0,185.0,28.0,是
0703002-0918-15-42-gnss_raw.txt,2436,459483.000,Galileo,27,0.0,0.0,29.0,是
0703002-0918-15-42-gnss_raw.txt,2436,459483.000,QZSS,2,56.0,125.0,25.0,是
0703002-0918-15-42-gnss_raw.txt,2436,459483.000,QZSS,7,53.0,169.0,22.0,是
0703002-0918-15-42-gnss_raw.txt,2436,459483.000,BDS,3,53.0,201.0,31.0,是
0703002-0918-15-42-gnss_raw.txt,2436,459483.000,BDS,4,0.0,0.0,27.0,是
0703002-0918-15-42-gnss_raw.txt,2436,459483.000,BDS,7,63.0,339.0,30.0,是
0703002-0918-15-42-gnss_raw.txt,2436,459483.000,BDS,9,55.0,225.0,27.0,是
0703002-0918-15-42-gnss_raw.txt,2436,459483.000,BDS,10,62.0,316.0,29.0,是
0703002-0918-15-42-gnss_raw.txt,2436,459483.000,BDS,19,32.0,159.0,23.0,是
0703002-0918-15-42-gnss_raw.txt,2436,459483.000,BDS,21,33.0,317.0,27.0,是
0703002-0918-15-42-gnss_raw.txt,2436,459483.000,BDS,22,75.0,239.0,32.0,是
0703002-0918-15-42-gnss_raw.txt,2436,459483.000,BDS,36,60.0,21.0,32.0,是
0703002-0918-15-42-gnss_raw.txt,2436,459483.000,BDS,39,53.0,269.0,26.0,是
0703002-0918-15-42-gnss_raw.txt,2436,459484.000,GPS,10,13.0,182.0,19.0,是
0703002-0918-15-42-gnss_raw.txt,2436,459484.000,GPS,26,55.0,234.0,29.0,是
0703002-0918-15-42-gnss_raw.txt,2436,459484.000,GPS,28,58.0,11.0,30.0,是
0703002-0918-15-42-gnss_raw.txt,2436,459484.000,GPS,31,51.0,315.0,33.0,是
0703002-0918-15-42-gnss_raw.txt,2436,459484.000,GPS,32,65.0,119.0,30.0,是
0703002-0918-15-42-gnss_raw.txt,2436,459484.000,GLONASS,72,40.0,331.0,28.0,是
0703002-0918-15-42-gnss_raw.txt,2436,459484.000,GLONASS,73,47.0,18.0,26.0,是
0703002-0918-15-42-gnss_raw.txt,2436,459484.000,GLONASS,74,0.0,0.0,23.0,是
0703002-0918-15-42-gnss_raw.txt,2436,459484.000,GLONASS,90,0.0,0.0,36.0,是
0703002-0918-15-42-gnss_raw.txt,2436,459484.000,Galileo,14,0.0,0.0,29.0,是
0703002-0918-15-42-gnss_raw.txt,2436,459484.000,Galileo,19,51.0,328.0,30.0,是
0703002-0918-15-42-gnss_raw.txt,2436,459484.000,Galileo,21,73.0,185.0,29.0,是
0703002-0918-15-42-gnss_raw.txt,2436,459484.000,Galileo,27,0.0,0.0,30.0,是
0703002-0918-15-42-gnss_raw.txt,2436,459484.000,QZSS,2,56.0,125.0,25.0,是
0703002-0918-15-42-gnss_raw.txt,2436,459484.000,QZSS,7,53.0,169.0,22.0,是
0703002-0918-15-42-gnss_raw.txt,2436,459484.000,BDS,3,53.0,201.0,31.0,是
0703002-0918-15-42-gnss_raw.txt,2436,459484.000,BDS,4,0.0,0.0,28.0,是
0703002-0918-15-42-gnss_raw.txt,2436,459484.000,BDS,7,63.0,339.0,30.0,是
0703002-0918-15-42-gnss_raw.txt,2436,459484.000,BDS,9,55.0,225.0,27.0,是
0703002-0918-15-42-gnss_raw.txt,2436,459484.000,BDS,10,62.0,316.0,29.0,是
0703002-0918-15-42-gnss_raw.txt,2436,459484.000,BDS,19,32.0,159.0,23.0,是
0703002-0918-15-42-gnss_raw.txt,2436,459484.000,BDS,21,33.0,317.0,27.0,是
0703002-0918-15-42-gnss_raw.txt,2436,459484.000,BDS,22,75.0,239.0,32.0,是
0703002-0918-15-42-gnss_raw.txt,2436,459484.000,BDS,36,60.0,21.0,32.0,是
0703002-0918-15-42-gnss_raw.txt,2436,459484.000,BDS,39,53.0,269.0,26.0,是
0703002-0918-15-42-gnss_raw.txt,2436,459485.000,GPS,10,13.0,182.0,20.0,是
0703002-0918-15-42-gnss_raw.txt,2436,459485.000,GPS,26,55.0,235.0,28.0,是
0703002-0918-15-42-gnss_raw.txt,2436,459485.000,GPS,28,58.0,11.0,30.0,是
0703002-0918-15-42-gnss_raw.txt,2436,459485.000,GPS,31,51.0,315.0,33.0,是
0703002-0918-15-42-gnss_raw.txt,2436,459485.000,GPS,32,65.0,119.0,30.0,是
0703002-0918-15-42-gnss_raw.txt,2436,459485.000,GLONASS,72,40.0,331.0,28.0,是
0703002-0918-15-42-gnss_raw.txt,2436,459485.000,GLONASS,73,47.0,18.0,26.0,是
0703002-0918-15-42-gnss_raw.txt,2436,459485.000,GLONASS,74,0.0,0.0,24.0,是
0703002-0918-15-42-gnss_raw.txt,2436,459485.000,GLONASS,90,0.0,0.0,36.0,是
0703002-0918-15-42-gnss_raw.txt,2436,459485.000,Galileo,14,0.0,0.0,26.0,是
0703002-0918-15-42-gnss_raw.txt,2436,459485.000,Galileo,19,51.0,328.0,31.0,是
0703002-0918-15-42-gnss_raw.txt,2436,459485.000,Galileo,21,73.0,185.0,28.0,是
0703002-0918-15-42-gnss_raw.txt,2436,459485.000,Galileo,27,0.0,0.0,29.0,是
0703002-0918-15-42-gnss_raw.txt,2436,459485.000,QZSS,2,56.0,125.0,24.0,是
0703002-0918-15-42-gnss_raw.txt,2436,459485.000,QZSS,7,53.0,169.0,22.0,是
0703002-0918-15-42-gnss_raw.txt,2436,459485.000,BDS,3,53.0,201.0,31.0,是
0703002-0918-15-42-gnss_raw.txt,2436,459485.000,BDS,4,0.0,0.0,27.0,是
0703002-0918-15-42-gnss_raw.txt,2436,459485.000,BDS,7,63.0,339.0,30.0,是
0703002-0918-15-42-gnss_raw.txt,2436,459485.000,BDS,9,55.0,225.0,26.0,是
0703002-0918-15-42-gnss_raw.txt,2436,459485.000,BDS,10,62.0,316.0,29.0,是
0703002-0918-15-42-gnss_raw.txt,2436,459485.000,BDS,19,32.0,159.0,22.0,是
0703002-0918-15-42-gnss_raw.txt,2436,459485.000,BDS,21,33.0,317.0,27.0,是
0703002-0918-15-42-gnss_raw.txt,2436,459485.000,BDS,22,75.0,239.0,32.0,是
0703002-0918-15-42-gnss_raw.txt,2436,459485.000,BDS,36,60.0,22.0,32.0,是
0703002-0918-15-42-gnss_raw.txt,2436,459485.000,BDS,39,53.0,269.0,26.0,是
0703002-0918-15-42-gnss_raw.txt,2436,459486.000,GPS,10,13.0,182.0,20.0,是
0703002-0918-15-42-gnss_raw.txt,2436,459486.000,GPS,26,55.0,235.0,28.0,是
0703002-0918-15-42-gnss_raw.txt,2436,459486.000,GPS,28,58.0,11.0,29.0,是
0703002-0918-15-42-gnss_raw.txt,2436,459486.000,GPS,31,51.0,315.0,33.0,是
0703002-0918-15-42-gnss_raw.txt,2436,459486.000,GPS,32,65.0,119.0,30.0,是
0703002-0918-15-42-gnss_raw.txt,2436,459486.000,GLONASS,72,40.0,331.0,28.0,是
0703002-0918-15-42-gnss_raw.txt,2436,459486.000,GLONASS,73,47.0,18.0,24.0,是
0703002-0918-15-42-gnss_raw.txt,2436,459486.000,GLONASS,74,61.0,281.0,24.0,是
0703002-0918-15-42-gnss_raw.txt,2436,459486.000,GLONASS,90,0.0,0.0,36.0,是
0703002-0918-15-42-gnss_raw.txt,2436,459486.000,Galileo,14,0.0,0.0,29.0,是
0703002-0918-15-42-gnss_raw.txt,2436,459486.000,Galileo,19,51.0,328.0,30.0,是
0703002-0918-15-42-gnss_raw.txt,2436,459486.000,Galileo,21,73.0,185.0,30.0,是
0703002-0918-15-42-gnss_raw.txt,2436,459486.000,Galileo,27,0.0,0.0,29.0,是
0703002-0918-15-42-gnss_raw.txt,2436,459486.000,QZSS,2,56.0,125.0,24.0,是
0703002-0918-15-42-gnss_raw.txt,2436,459486.000,QZSS,7,53.0,169.0,22.0,是
0703002-0918-15-42-gnss_raw.txt,2436,459486.000,BDS,3,53.0,201.0,30.0,是
0703002-0918-15-42-gnss_raw.txt,2436,459486.000,BDS,7,63.0,339.0,30.0,是
0703002-0918-15-42-gnss_raw.txt,2436,459486.000,BDS,9,55.0,225.0,27.0,是
0703002-0918-15-42-gnss_raw.txt,2436,459486.000,BDS,10,62.0,316.0,30.0,是
0703002-0918-15-42-gnss_raw.txt,2436,459486.000,BDS,19,32.0,159.0,23.0,是
0703002-0918-15-42-gnss_raw.txt,2436,459486.000,BDS,21,33.0,317.0,27.0,是
0703002-0918-15-42-gnss_raw.txt,2436,459486.000,BDS,22,75.0,239.0,32.0,是
0703002-0918-15-42-gnss_raw.txt,2436,459486.000,BDS,36,60.0,22.0,32.0,是
0703002-0918-15-42-gnss_raw.txt,2436,459486.000,BDS,39,53.0,269.0,26.0,是
0703002-0918-15-42-gnss_raw.txt,2436,459487.000,GPS,10,13.0,182.0,20.0,是
0703002-0918-15-42-gnss_raw.txt,2436,459487.000,GPS,26,55.0,235.0,29.0,是
0703002-0918-15-42-gnss_raw.txt,2436,459487.000,GPS,28,58.0,11.0,29.0,是
0703002-0918-15-42-gnss_raw.txt,2436,459487.000,GPS,31,52.0,315.0,33.0,是
0703002-0918-15-42-gnss_raw.txt,2436,459487.000,GPS,32,65.0,119.0,30.0,是
0703002-0918-15-42-gnss_raw.txt,2436,459487.000,GLONASS,72,40.0,331.0,29.0,是
0703002-0918-15-42-gnss_raw.txt,2436,459487.000,GLONASS,73,47.0,18.0,23.0,是
0703002-0918-15-42-gnss_raw.txt,2436,459487.000,GLONASS,74,0.0,0.0,24.0,是
0703002-0918-15-42-gnss_raw.txt,2436,459487.000,GLONASS,90,0.0,0.0,36.0,是
0703002-0918-15-42-gnss_raw.txt,2436,459487.000,Galileo,14,0.0,0.0,29.0,是
0703002-0918-15-42-gnss_raw.txt,2436,459487.000,Galileo,19,51.0,328.0,30.0,是
0703002-0918-15-42-gnss_raw.txt,2436,459487.000,Galileo,21,73.0,185.0,30.0,是
0703002-0918-15-42-gnss_raw.txt,2436,459487.000,Galileo,27,0.0,0.0,29.0,是
0703002-0918-15-42-gnss_raw.txt,2436,459487.000,QZSS,2,56.0,125.0,24.0,是
0703002-0918-15-42-gnss_raw.txt,2436,459487.000,QZSS,7,53.0,169.0,21.0,是
0703002-0918-15-42-gnss_raw.txt,2436,459487.000,BDS,3,53.0,201.0,32.0,是
0703002-0918-15-42-gnss_raw.txt,2436,459487.000,BDS,7,63.0,339.0,30.0,是
0703002-0918-15-42-gnss_raw.txt,2436,459487.000,BDS,9,55.0,225.0,26.0,是
0703002-0918-15-42-gnss_raw.txt,2436,459487.000,BDS,10,62.0,316.0,30.0,是
0703002-0918-15-42-gnss_raw.txt,2436,459487.000,BDS,19,32.0,159.0,22.0,是
0703002-0918-15-42-gnss_raw.txt,2436,459487.000,BDS,21,33.0,317.0,26.0,是
0703002-0918-15-42-gnss_raw.txt,2436,459487.000,BDS,22,75.0,239.0,32.0,是
0703002-0918-15-42-gnss_raw.txt,2436,459487.000,BDS,36,60.0,22.0,32.0,是
0703002-0918-15-42-gnss_raw.txt,2436,459487.000,BDS,39,53.0,269.0,25.0,是
0703002-0918-15-42-gnss_raw.txt,2436,459488.000,GPS,10,13.0,182.0,19.0,是
0703002-0918-15-42-gnss_raw.txt,2436,459488.000,GPS,26,55.0,235.0,29.0,是
0703002-0918-15-42-gnss_raw.txt,2436,459488.000,GPS,28,58.0,11.0,29.0,是
0703002-0918-15-42-gnss_raw.txt,2436,459488.000,GPS,31,52.0,315.0,33.0,是
0703002-0918-15-42-gnss_raw.txt,2436,459488.000,GPS,32,65.0,119.0,29.0,是
0703002-0918-15-42-gnss_raw.txt,2436,459488.000,GLONASS,72,40.0,331.0,28.0,是
0703002-0918-15-42-gnss_raw.txt,2436,459488.000,GLONASS,73,47.0,18.0,24.0,是
0703002-0918-15-42-gnss_raw.txt,2436,459488.000,GLONASS,74,61.0,281.0,25.0,是
0703002-0918-15-42-gnss_raw.txt,2436,459488.000,GLONASS,90,0.0,0.0,36.0,是
0703002-0918-15-42-gnss_raw.txt,2436,459488.000,Galileo,14,0.0,0.0,29.0,是
0703002-0918-15-42-gnss_raw.txt,2436,459488.000,Galileo,19,51.0,328.0,29.0,是
0703002-0918-15-42-gnss_raw.txt,2436,459488.000,Galileo,21,73.0,185.0,29.0,是
0703002-0918-15-42-gnss_raw.txt,2436,459488.000,Galileo,27,0.0,0.0,30.0,是
0703002-0918-15-42-gnss_raw.txt,2436,459488.000,QZSS,2,56.0,125.0,25.0,是
0703002-0918-15-42-gnss_raw.txt,2436,459488.000,QZSS,7,53.0,169.0,22.0,是
0703002-0918-15-42-gnss_raw.txt,2436,459488.000,BDS,3,53.0,201.0,30.0,是
0703002-0918-15-42-gnss_raw.txt,2436,459488.000,BDS,4,0.0,0.0,26.0,是
0703002-0918-15-42-gnss_raw.txt,2436,459488.000,BDS,7,63.0,339.0,30.0,是
0703002-0918-15-42-gnss_raw.txt,2436,459488.000,BDS,9,55.0,225.0,27.0,是
0703002-0918-15-42-gnss_raw.txt,2436,459488.000,BDS,10,62.0,316.0,30.0,是
0703002-0918-15-42-gnss_raw.txt,2436,459488.000,BDS,19,32.0,159.0,22.0,是
0703002-0918-15-42-gnss_raw.txt,2436,459488.000,BDS,21,33.0,317.0,26.0,是
0703002-0918-15-42-gnss_raw.txt,2436,459488.000,BDS,22,75.0,239.0,32.0,是
0703002-0918-15-42-gnss_raw.txt,2436,459488.000,BDS,36,60.0,22.0,32.0,是
0703002-0918-15-42-gnss_raw.txt,2436,459488.000,BDS,39,53.0,269.0,24.0,是
0703002-0918-15-42-gnss_raw.txt,2436,459489.000,GPS,10,13.0,182.0,19.0,是
0703002-0918-15-42-gnss_raw.txt,2436,459489.000,GPS,26,55.0,235.0,29.0,是
0703002-0918-15-42-gnss_raw.txt,2436,459489.000,GPS,28,58.0,11.0,29.0,是
0703002-0918-15-42-gnss_raw.txt,2436,459489.000,GPS,31,52.0,315.0,33.0,是
0703002-0918-15-42-gnss_raw.txt,2436,459489.000,GPS,32,65.0,119.0,30.0,是
0703002-0918-15-42-gnss_raw.txt,2436,459489.000,GLONASS,72,40.0,331.0,27.0,是
0703002-0918-15-42-gnss_raw.txt,2436,459489.000,GLONASS,73,47.0,18.0,24.0,是
0703002-0918-15-42-gnss_raw.txt,2436,459489.000,GLONASS,74,61.0,281.0,23.0,是
0703002-0918-15-42-gnss_raw.txt,2436,459489.000,GLONASS,90,0.0,0.0,36.0,是
0703002-0918-15-42-gnss_raw.txt,2436,459489.000,Galileo,14,0.0,0.0,30.0,是
0703002-0918-15-42-gnss_raw.txt,2436,459489.000,Galileo,19,51.0,328.0,30.0,是
0703002-0918-15-42-gnss_raw.txt,2436,459489.000,Galileo,21,73.0,185.0,28.0,是
0703002-0918-15-42-gnss_raw.txt,2436,459489.000,Galileo,27,0.0,0.0,29.0,是
0703002-0918-15-42-gnss_raw.txt,2436,459489.000,QZSS,2,56.0,125.0,25.0,是
0703002-0918-15-42-gnss_raw.txt,2436,459489.000,QZSS,7,53.0,169.0,22.0,是
0703002-0918-15-42-gnss_raw.txt,2436,459489.000,BDS,3,53.0,201.0,31.0,是
0703002-0918-15-42-gnss_raw.txt,2436,459489.000,BDS,4,0.0,0.0,27.0,是
0703002-0918-15-42-gnss_raw.txt,2436,459489.000,BDS,7,63.0,339.0,30.0,是
0703002-0918-15-42-gnss_raw.txt,2436,459489.000,BDS,9,55.0,225.0,27.0,是
0703002-0918-15-42-gnss_raw.txt,2436,459489.000,BDS,10,62.0,316.0,29.0,是
0703002-0918-15-42-gnss_raw.txt,2436,459489.000,BDS,19,32.0,159.0,23.0,是
0703002-0918-15-42-gnss_raw.txt,2436,459489.000,BDS,21,33.0,317.0,26.0,是
0703002-0918-15-42-gnss_raw.txt,2436,459489.000,BDS,22,75.0,239.0,32.0,是
0703002-0918-15-42-gnss_raw.txt,2436,459489.000,BDS,36,60.0,22.0,32.0,是
0703002-0918-15-42-gnss_raw.txt,2436,459489.000,BDS,39,53.0,269.0,24.0,是
0703002-0918-15-42-gnss_raw.txt,2436,459490.000,GPS,10,13.0,182.0,20.0,是
0703002-0918-15-42-gnss_raw.txt,2436,459490.000,GPS,26,55.0,235.0,29.0,是
0703002-0918-15-42-gnss_raw.txt,2436,459490.000,GPS,28,58.0,11.0,28.0,是
0703002-0918-15-42-gnss_raw.txt,2436,459490.000,GPS,31,52.0,315.0,34.0,是
0703002-0918-15-42-gnss_raw.txt,2436,459490.000,GPS,32,65.0,119.0,29.0,是
0703002-0918-15-42-gnss_raw.txt,2436,459490.000,GLONASS,72,40.0,331.0,27.0,是
0703002-0918-15-42-gnss_raw.txt,2436,459490.000,GLONASS,73,47.0,18.0,25.0,是
0703002-0918-15-42-gnss_raw.txt,2436,459490.000,GLONASS,74,61.0,281.0,23.0,是
0703002-0918-15-42-gnss_raw.txt,2436,459490.000,GLONASS,90,0.0,0.0,36.0,是
0703002-0918-15-42-gnss_raw.txt,2436,459490.000,Galileo,14,0.0,0.0,29.0,是
0703002-0918-15-42-gnss_raw.txt,2436,459490.000,Galileo,19,51.0,328.0,30.0,是
0703002-0918-15-42-gnss_raw.txt,2436,459490.000,Galileo,21,73.0,185.0,28.0,是
0703002-0918-15-42-gnss_raw.txt,2436,459490.000,Galileo,27,0.0,0.0,29.0,是
0703002-0918-15-42-gnss_raw.txt,2436,459490.000,QZSS,2,56.0,125.0,25.0,是
0703002-0918-15-42-gnss_raw.txt,2436,459490.000,QZSS,7,53.0,169.0,22.0,是
0703002-0918-15-42-gnss_raw.txt,2436,459490.000,BDS,3,53.0,201.0,32.0,是
0703002-0918-15-42-gnss_raw.txt,2436,459490.000,BDS,4,0.0,0.0,26.0,是
0703002-0918-15-42-gnss_raw.txt,2436,459490.000,BDS,7,63.0,339.0,30.0,是
0703002-0918-15-42-gnss_raw.txt,2436,459490.000,BDS,9,55.0,225.0,27.0,是
0703002-0918-15-42-gnss_raw.txt,2436,459490.000,BDS,10,62.0,316.0,29.0,是
0703002-0918-15-42-gnss_raw.txt,2436,459490.000,BDS,19,32.0,159.0,22.0,是
0703002-0918-15-42-gnss_raw.txt,2436,459490.000,BDS,21,33.0,317.0,26.0,是
0703002-0918-15-42-gnss_raw.txt,2436,459490.000,BDS,22,75.0,239.0,32.0,是
0703002-0918-15-42-gnss_raw.txt,2436,459490.000,BDS,36,60.0,22.0,32.0,是
0703002-0918-15-42-gnss_raw.txt,2436,459490.000,BDS,39,53.0,269.0,25.0,是
0703002-0918-15-42-gnss_raw.txt,2436,459491.000,GPS,10,13.0,182.0,20.0,是
0703002-0918-15-42-gnss_raw.txt,2436,459491.000,GPS,26,55.0,235.0,29.0,是
0703002-0918-15-42-gnss_raw.txt,2436,459491.000,GPS,28,58.0,11.0,28.0,是
0703002-0918-15-42-gnss_raw.txt,2436,459491.000,GPS,31,52.0,315.0,34.0,是
0703002-0918-15-42-gnss_raw.txt,2436,459491.000,GPS,32,65.0,119.0,29.0,是
0703002-0918-15-42-gnss_raw.txt,2436,459491.000,GLONASS,72,40.0,331.0,28.0,是
0703002-0918-15-42-gnss_raw.txt,2436,459491.000,GLONASS,73,47.0,18.0,25.0,是
0703002-0918-15-42-gnss_raw.txt,2436,459491.000,GLONASS,74,0.0,0.0,23.0,是
0703002-0918-15-42-gnss_raw.txt,2436,459491.000,GLONASS,90,0.0,0.0,36.0,是
0703002-0918-15-42-gnss_raw.txt,2436,459491.000,Galileo,14,0.0,0.0,30.0,是
0703002-0918-15-42-gnss_raw.txt,2436,459491.000,Galileo,19,51.0,328.0,30.0,是
0703002-0918-15-42-gnss_raw.txt,2436,459491.000,Galileo,21,73.0,185.0,29.0,是
0703002-0918-15-42-gnss_raw.txt,2436,459491.000,Galileo,27,0.0,0.0,30.0,是
0703002-0918-15-42-gnss_raw.txt,2436,459491.000,QZSS,2,56.0,125.0,26.0,是
0703002-0918-15-42-gnss_raw.txt,2436,459491.000,QZSS,7,53.0,169.0,23.0,是
0703002-0918-15-42-gnss_raw.txt,2436,459491.000,BDS,3,53.0,201.0,32.0,是
0703002-0918-15-42-gnss_raw.txt,2436,459491.000,BDS,4,0.0,0.0,26.0,是
0703002-0918-15-42-gnss_raw.txt,2436,459491.000,BDS,7,63.0,339.0,29.0,是
0703002-0918-15-42-gnss_raw.txt,2436,459491.000,BDS,9,55.0,225.0,27.0,是
0703002-0918-15-42-gnss_raw.txt,2436,459491.000,BDS,10,62.0,316.0,29.0,是
0703002-0918-15-42-gnss_raw.txt,2436,459491.000,BDS,19,32.0,159.0,22.0,是
0703002-0918-15-42-gnss_raw.txt,2436,459491.000,BDS,21,33.0,317.0,27.0,是
0703002-0918-15-42-gnss_raw.txt,2436,459491.000,BDS,22,75.0,239.0,32.0,是
0703002-0918-15-42-gnss_raw.txt,2436,459491.000,BDS,36,60.0,22.0,32.0,是
0703002-0918-15-42-gnss_raw.txt,2436,459491.000,BDS,39,53.0,269.0,26.0,是
0703002-0918-15-42-gnss_raw.txt,2436,459492.000,GPS,10,13.0,182.0,20.0,是
0703002-0918-15-42-gnss_raw.txt,2436,459492.000,GPS,26,55.0,235.0,29.0,是
0703002-0918-15-42-gnss_raw.txt,2436,459492.000,GPS,28,58.0,11.0,29.0,是
0703002-0918-15-42-gnss_raw.txt,2436,459492.000,GPS,31,52.0,315.0,33.0,是
0703002-0918-15-42-gnss_raw.txt,2436,459492.000,GPS,32,65.0,119.0,29.0,是
0703002-0918-15-42-gnss_raw.txt,2436,459492.000,GLONASS,72,40.0,331.0,28.0,是
0703002-0918-15-42-gnss_raw.txt,2436,459492.000,GLONASS,73,47.0,18.0,25.0,是
0703002-0918-15-42-gnss_raw.txt,2436,459492.000,GLONASS,74,61.0,281.0,24.0,是
0703002-0918-15-42-gnss_raw.txt,2436,459492.000,GLONASS,90,0.0,0.0,36.0,是
0703002-0918-15-42-gnss_raw.txt,2436,459492.000,Galileo,14,0.0,0.0,29.0,是
0703002-0918-15-42-gnss_raw.txt,2436,459492.000,Galileo,19,51.0,328.0,30.0,是
0703002-0918-15-42-gnss_raw.txt,2436,459492.000,Galileo,21,73.0,185.0,29.0,是
0703002-0918-15-42-gnss_raw.txt,2436,459492.000,Galileo,27,0.0,0.0,30.0,是
0703002-0918-15-42-gnss_raw.txt,2436,459492.000,QZSS,2,56.0,125.0,25.0,是
0703002-0918-15-42-gnss_raw.txt,2436,459492.000,QZSS,7,53.0,169.0,22.0,是
0703002-0918-15-42-gnss_raw.txt,2436,459492.000,BDS,3,53.0,201.0,31.0,是
0703002-0918-15-42-gnss_raw.txt,2436,459492.000,BDS,4,0.0,0.0,26.0,是
0703002-0918-15-42-gnss_raw.txt,2436,459492.000,BDS,7,63.0,339.0,29.0,是
0703002-0918-15-42-gnss_raw.txt,2436,459492.000,BDS,9,55.0,225.0,26.0,是
0703002-0918-15-42-gnss_raw.txt,2436,459492.000,BDS,10,62.0,316.0,29.0,是
0703002-0918-15-42-gnss_raw.txt,2436,459492.000,BDS,19,32.0,159.0,23.0,是
0703002-0918-15-42-gnss_raw.txt,2436,459492.000,BDS,21,33.0,317.0,26.0,是
0703002-0918-15-42-gnss_raw.txt,2436,459492.000,BDS,22,75.0,239.0,32.0,是
0703002-0918-15-42-gnss_raw.txt,2436,459492.000,BDS,36,60.0,22.0,32.0,是
0703002-0918-15-42-gnss_raw.txt,2436,459492.000,BDS,39,53.0,269.0,27.0,是
0703002-0918-15-42-gnss_raw.txt,2436,459493.000,GPS,10,13.0,182.0,21.0,是
0703002-0918-15-42-gnss_raw.txt,2436,459493.000,GPS,26,55.0,235.0,30.0,是
0703002-0918-15-42-gnss_raw.txt,2436,459493.000,GPS,28,58.0,11.0,29.0,是
0703002-0918-15-42-gnss_raw.txt,2436,459493.000,GPS,31,52.0,315.0,33.0,是
0703002-0918-15-42-gnss_raw.txt,2436,459493.000,GPS,32,65.0,119.0,29.0,是
0703002-0918-15-42-gnss_raw.txt,2436,459493.000,GLONASS,72,40.0,331.0,29.0,是
0703002-0918-15-42-gnss_raw.txt,2436,459493.000,GLONASS,73,47.0,18.0,25.0,是
0703002-0918-15-42-gnss_raw.txt,2436,459493.000,GLONASS,74,0.0,0.0,24.0,是
0703002-0918-15-42-gnss_raw.txt,2436,459493.000,GLONASS,90,0.0,0.0,36.0,是
0703002-0918-15-42-gnss_raw.txt,2436,459493.000,Galileo,14,0.0,0.0,28.0,是
0703002-0918-15-42-gnss_raw.txt,2436,459493.000,Galileo,19,51.0,328.0,30.0,是
0703002-0918-15-42-gnss_raw.txt,2436,459493.000,Galileo,21,73.0,185.0,28.0,是
0703002-0918-15-42-gnss_raw.txt,2436,459493.000,Galileo,27,0.0,0.0,30.0,是
0703002-0918-15-42-gnss_raw.txt,2436,459493.000,QZSS,2,56.0,125.0,25.0,是
0703002-0918-15-42-gnss_raw.txt,2436,459493.000,QZSS,7,53.0,169.0,22.0,是
0703002-0918-15-42-gnss_raw.txt,2436,459493.000,BDS,3,53.0,201.0,31.0,是
0703002-0918-15-42-gnss_raw.txt,2436,459493.000,BDS,4,0.0,0.0,25.0,是
0703002-0918-15-42-gnss_raw.txt,2436,459493.000,BDS,7,63.0,339.0,29.0,是
0703002-0918-15-42-gnss_raw.txt,2436,459493.000,BDS,9,55.0,225.0,26.0,是
0703002-0918-15-42-gnss_raw.txt,2436,459493.000,BDS,10,62.0,316.0,30.0,是
0703002-0918-15-42-gnss_raw.txt,2436,459493.000,BDS,19,32.0,159.0,22.0,是
0703002-0918-15-42-gnss_raw.txt,2436,459493.000,BDS,21,33.0,317.0,26.0,是
0703002-0918-15-42-gnss_raw.txt,2436,459493.000,BDS,22,75.0,239.0,32.0,是
0703002-0918-15-42-gnss_raw.txt,2436,459493.000,BDS,36,60.0,22.0,32.0,是
0703002-0918-15-42-gnss_raw.txt,2436,459493.000,BDS,39,53.0,269.0,26.0,是
0703002-0918-15-42-gnss_raw.txt,2436,459494.000,GPS,10,13.0,182.0,21.0,是
0703002-0918-15-42-gnss_raw.txt,2436,459494.000,GPS,26,55.0,235.0,30.0,是
0703002-0918-15-42-gnss_raw.txt,2436,459494.000,GPS,28,58.0,11.0,30.0,是
0703002-0918-15-42-gnss_raw.txt,2436,459494.000,GPS,31,52.0,315.0,33.0,是
0703002-0918-15-42-gnss_raw.txt,2436,459494.000,GPS,32,65.0,119.0,29.0,是
0703002-0918-15-42-gnss_raw.txt,2436,459494.000,GLONASS,72,40.0,331.0,29.0,是
0703002-0918-15-42-gnss_raw.txt,2436,459494.000,GLONASS,73,47.0,18.0,24.0,是
0703002-0918-15-42-gnss_raw.txt,2436,459494.000,GLONASS,74,61.0,281.0,24.0,是
0703002-0918-15-42-gnss_raw.txt,2436,459494.000,GLONASS,90,0.0,0.0,35.0,是
0703002-0918-15-42-gnss_raw.txt,2436,459494.000,Galileo,14,0.0,0.0,28.0,是
0703002-0918-15-42-gnss_raw.txt,2436,459494.000,Galileo,19,51.0,328.0,29.0,是
0703002-0918-15-42-gnss_raw.txt,2436,459494.000,Galileo,21,73.0,185.0,30.0,是
0703002-0918-15-42-gnss_raw.txt,2436,459494.000,Galileo,27,0.0,0.0,30.0,是
0703002-0918-15-42-gnss_raw.txt,2436,459494.000,QZSS,2,56.0,125.0,26.0,是
0703002-0918-15-42-gnss_raw.txt,2436,459494.000,QZSS,7,53.0,169.0,23.0,是
0703002-0918-15-42-gnss_raw.txt,2436,459494.000,BDS,3,53.0,201.0,30.0,是
0703002-0918-15-42-gnss_raw.txt,2436,459494.000,BDS,7,63.0,339.0,29.0,是
0703002-0918-15-42-gnss_raw.txt,2436,459494.000,BDS,9,55.0,225.0,26.0,是
0703002-0918-15-42-gnss_raw.txt,2436,459494.000,BDS,10,62.0,316.0,29.0,是
0703002-0918-15-42-gnss_raw.txt,2436,459494.000,BDS,19,32.0,159.0,22.0,是
0703002-0918-15-42-gnss_raw.txt,2436,459494.000,BDS,21,33.0,317.0,25.0,是
0703002-0918-15-42-gnss_raw.txt,2436,459494.000,BDS,22,75.0,239.0,32.0,是
0703002-0918-15-42-gnss_raw.txt,2436,459494.000,BDS,36,60.0,22.0,31.0,是
0703002-0918-15-42-gnss_raw.txt,2436,459494.000,BDS,39,53.0,269.0,26.0,是
0703002-0918-15-42-gnss_raw.txt,2436,459495.000,GPS,10,13.0,182.0,21.0,是
0703002-0918-15-42-gnss_raw.txt,2436,459495.000,GPS,26,55.0,235.0,29.0,是
0703002-0918-15-42-gnss_raw.txt,2436,459495.000,GPS,28,58.0,11.0,30.0,是
0703002-0918-15-42-gnss_raw.txt,2436,459495.000,GPS,31,52.0,315.0,33.0,是
0703002-0918-15-42-gnss_raw.txt,2436,459495.000,GPS,32,65.0,119.0,30.0,是
0703002-0918-15-42-gnss_raw.txt,2436,459495.000,GLONASS,72,40.0,331.0,27.0,是
0703002-0918-15-42-gnss_raw.txt,2436,459495.000,GLONASS,73,47.0,18.0,24.0,是
0703002-0918-15-42-gnss_raw.txt,2436,459495.000,GLONASS,74,61.0,281.0,22.0,是
0703002-0918-15-42-gnss_raw.txt,2436,459495.000,GLONASS,90,0.0,0.0,35.0,是
0703002-0918-15-42-gnss_raw.txt,2436,459495.000,Galileo,14,0.0,0.0,28.0,是
0703002-0918-15-42-gnss_raw.txt,2436,459495.000,Galileo,19,51.0,328.0,29.0,是
0703002-0918-15-42-gnss_raw.txt,2436,459495.000,Galileo,21,73.0,185.0,29.0,是
0703002-0918-15-42-gnss_raw.txt,2436,459495.000,Galileo,27,0.0,0.0,29.0,是
0703002-0918-15-42-gnss_raw.txt,2436,459495.000,QZSS,2,56.0,125.0,25.0,是
0703002-0918-15-42-gnss_raw.txt,2436,459495.000,QZSS,7,53.0,169.0,23.0,是
0703002-0918-15-42-gnss_raw.txt,2436,459495.000,BDS,3,53.0,201.0,29.0,是
0703002-0918-15-42-gnss_raw.txt,2436,459495.000,BDS,7,63.0,339.0,29.0,是
0703002-0918-15-42-gnss_raw.txt,2436,459495.000,BDS,9,55.0,225.0,26.0,是
0703002-0918-15-42-gnss_raw.txt,2436,459495.000,BDS,10,62.0,316.0,29.0,是
0703002-0918-15-42-gnss_raw.txt,2436,459495.000,BDS,19,32.0,159.0,23.0,是
0703002-0918-15-42-gnss_raw.txt,2436,459495.000,BDS,21,33.0,317.0,24.0,是
0703002-0918-15-42-gnss_raw.txt,2436,459495.000,BDS,22,75.0,239.0,32.0,是
0703002-0918-15-42-gnss_raw.txt,2436,459495.000,BDS,36,60.0,22.0,31.0,是
0703002-0918-15-42-gnss_raw.txt,2436,459495.000,BDS,39,53.0,269.0,26.0,是
0703002-0918-15-42-gnss_raw.txt,2436,459496.000,GPS,10,13.0,182.0,21.0,是
0703002-0918-15-42-gnss_raw.txt,2436,459496.000,GPS,26,55.0,235.0,29.0,是
0703002-0918-15-42-gnss_raw.txt,2436,459496.000,GPS,28,58.0,11.0,30.0,是
0703002-0918-15-42-gnss_raw.txt,2436,459496.000,GPS,31,52.0,315.0,33.0,是
0703002-0918-15-42-gnss_raw.txt,2436,459496.000,GPS,32,65.0,119.0,30.0,是
0703002-0918-15-42-gnss_raw.txt,2436,459496.000,GLONASS,72,40.0,331.0,27.0,是
0703002-0918-15-42-gnss_raw.txt,2436,459496.000,GLONASS,73,47.0,18.0,25.0,是
0703002-0918-15-42-gnss_raw.txt,2436,459496.000,GLONASS,74,61.0,281.0,21.0,是
0703002-0918-15-42-gnss_raw.txt,2436,459496.000,GLONASS,90,0.0,0.0,33.0,是
0703002-0918-15-42-gnss_raw.txt,2436,459496.000,Galileo,14,0.0,0.0,28.0,是
0703002-0918-15-42-gnss_raw.txt,2436,459496.000,Galileo,19,51.0,328.0,27.0,是
0703002-0918-15-42-gnss_raw.txt,2436,459496.000,Galileo,21,73.0,185.0,28.0,是
0703002-0918-15-42-gnss_raw.txt,2436,459496.000,Galileo,27,0.0,0.0,28.0,是
0703002-0918-15-42-gnss_raw.txt,2436,459496.000,QZSS,2,56.0,125.0,25.0,是
0703002-0918-15-42-gnss_raw.txt,2436,459496.000,QZSS,7,53.0,169.0,22.0,是
0703002-0918-15-42-gnss_raw.txt,2436,459496.000,BDS,3,53.0,201.0,30.0,是
0703002-0918-15-42-gnss_raw.txt,2436,459496.000,BDS,7,63.0,339.0,28.0,是
0703002-0918-15-42-gnss_raw.txt,2436,459496.000,BDS,9,55.0,225.0,25.0,是
0703002-0918-15-42-gnss_raw.txt,2436,459496.000,BDS,10,62.0,316.0,26.0,是
0703002-0918-15-42-gnss_raw.txt,2436,459496.000,BDS,19,32.0,159.0,23.0,是
0703002-0918-15-42-gnss_raw.txt,2436,459496.000,BDS,21,33.0,317.0,24.0,是
0703002-0918-15-42-gnss_raw.txt,2436,459496.000,BDS,22,75.0,239.0,32.0,是
0703002-0918-15-42-gnss_raw.txt,2436,459496.000,BDS,36,60.0,22.0,31.0,是
0703002-0918-15-42-gnss_raw.txt,2436,459496.000,BDS,39,53.0,269.0,26.0,是
0703002-0918-15-42-gnss_raw.txt,2436,459497.000,GPS,10,13.0,182.0,17.0,是
0703002-0918-15-42-gnss_raw.txt,2436,459497.000,GPS,26,55.0,235.0,29.0,是
0703002-0918-15-42-gnss_raw.txt,2436,459497.000,GPS,28,58.0,11.0,30.0,是
0703002-0918-15-42-gnss_raw.txt,2436,459497.000,GPS,31,52.0,315.0,33.0,是
0703002-0918-15-42-gnss_raw.txt,2436,459497.000,GPS,32,65.0,119.0,30.0,是
0703002-0918-15-42-gnss_raw.txt,2436,459497.000,GLONASS,72,40.0,331.0,25.0,是
0703002-0918-15-42-gnss_raw.txt,2436,459497.000,GLONASS,73,47.0,18.0,24.0,是
0703002-0918-15-42-gnss_raw.txt,2436,459497.000,GLONASS,74,61.0,281.0,23.0,是
0703002-0918-15-42-gnss_raw.txt,2436,459497.000,GLONASS,90,0.0,0.0,34.0,是
0703002-0918-15-42-gnss_raw.txt,2436,459497.000,Galileo,14,0.0,0.0,28.0,是
0703002-0918-15-42-gnss_raw.txt,2436,459497.000,Galileo,19,51.0,328.0,29.0,是
0703002-0918-15-42-gnss_raw.txt,2436,459497.000,Galileo,21,73.0,185.0,28.0,是
0703002-0918-15-42-gnss_raw.txt,2436,459497.000,Galileo,27,0.0,0.0,27.0,是
0703002-0918-15-42-gnss_raw.txt,2436,459497.000,QZSS,2,56.0,125.0,25.0,是
0703002-0918-15-42-gnss_raw.txt,2436,459497.000,QZSS,7,53.0,169.0,22.0,是
0703002-0918-15-42-gnss_raw.txt,2436,459497.000,BDS,3,53.0,201.0,30.0,是
0703002-0918-15-42-gnss_raw.txt,2436,459497.000,BDS,7,63.0,339.0,27.0,是
0703002-0918-15-42-gnss_raw.txt,2436,459497.000,BDS,9,55.0,225.0,26.0,是
0703002-0918-15-42-gnss_raw.txt,2436,459497.000,BDS,10,62.0,316.0,26.0,是
0703002-0918-15-42-gnss_raw.txt,2436,459497.000,BDS,19,32.0,159.0,22.0,是
0703002-0918-15-42-gnss_raw.txt,2436,459497.000,BDS,21,33.0,317.0,21.0,是
0703002-0918-15-42-gnss_raw.txt,2436,459497.000,BDS,22,75.0,239.0,32.0,是
0703002-0918-15-42-gnss_raw.txt,2436,459497.000,BDS,36,60.0,22.0,31.0,是
0703002-0918-15-42-gnss_raw.txt,2436,459497.000,BDS,39,53.0,269.0,26.0,是
0703002-0918-15-42-gnss_raw.txt,2436,459498.000,GPS,10,13.0,182.0,16.0,是
0703002-0918-15-42-gnss_raw.txt,2436,459498.000,GPS,26,55.0,235.0,29.0,是
0703002-0918-15-42-gnss_raw.txt,2436,459498.000,GPS,28,58.0,11.0,29.0,是
0703002-0918-15-42-gnss_raw.txt,2436,459498.000,GPS,31,52.0,315.0,32.0,是
0703002-0918-15-42-gnss_raw.txt,2436,459498.000,GPS,32,65.0,119.0,30.0,是
0703002-0918-15-42-gnss_raw.txt,2436,459498.000,GLONASS,72,40.0,331.0,25.0,是
0703002-0918-15-42-gnss_raw.txt,2436,459498.000,GLONASS,73,47.0,18.0,23.0,是
0703002-0918-15-42-gnss_raw.txt,2436,459498.000,GLONASS,90,0.0,0.0,34.0,是
0703002-0918-15-42-gnss_raw.txt,2436,459498.000,Galileo,14,0.0,0.0,28.0,是
0703002-0918-15-42-gnss_raw.txt,2436,459498.000,Galileo,19,51.0,328.0,27.0,是
0703002-0918-15-42-gnss_raw.txt,2436,459498.000,Galileo,21,73.0,185.0,28.0,是
0703002-0918-15-42-gnss_raw.txt,2436,459498.000,Galileo,27,0.0,0.0,27.0,是
0703002-0918-15-42-gnss_raw.txt,2436,459498.000,QZSS,2,56.0,125.0,25.0,是
0703002-0918-15-42-gnss_raw.txt,2436,459498.000,QZSS,7,53.0,169.0,22.0,是
0703002-0918-15-42-gnss_raw.txt,2436,459498.000,BDS,3,53.0,201.0,30.0,是
0703002-0918-15-42-gnss_raw.txt,2436,459498.000,BDS,7,63.0,339.0,26.0,是
0703002-0918-15-42-gnss_raw.txt,2436,459498.000,BDS,9,55.0,225.0,25.0,是
0703002-0918-15-42-gnss_raw.txt,2436,459498.000,BDS,10,62.0,316.0,26.0,是
0703002-0918-15-42-gnss_raw.txt,2436,459498.000,BDS,19,32.0,159.0,22.0,是
0703002-0918-15-42-gnss_raw.txt,2436,459498.000,BDS,21,33.0,317.0,20.0,是
0703002-0918-15-42-gnss_raw.txt,2436,459498.000,BDS,22,75.0,239.0,31.0,是
0703002-0918-15-42-gnss_raw.txt,2436,459498.000,BDS,36,60.0,22.0,31.0,是
0703002-0918-15-42-gnss_raw.txt,2436,459498.000,BDS,39,53.0,269.0,25.0,是
0703002-0918-15-42-gnss_raw.txt,2436,459499.000,GPS,10,13.0,182.0,30.0,是
0703002-0918-15-42-gnss_raw.txt,2436,459499.000,GPS,26,55.0,235.0,30.0,是
0703002-0918-15-42-gnss_raw.txt,2436,459499.000,GPS,28,58.0,11.0,29.0,是
0703002-0918-15-42-gnss_raw.txt,2436,459499.000,GPS,31,52.0,315.0,32.0,是
0703002-0918-15-42-gnss_raw.txt,2436,459499.000,GPS,32,65.0,119.0,30.0,是
0703002-0918-15-42-gnss_raw.txt,2436,459499.000,GLONASS,72,40.0,331.0,28.0,是
0703002-0918-15-42-gnss_raw.txt,2436,459499.000,GLONASS,73,46.0,18.0,23.0,是
0703002-0918-15-42-gnss_raw.txt,2436,459499.000,GLONASS,90,0.0,0.0,34.0,是
0703002-0918-15-42-gnss_raw.txt,2436,459499.000,Galileo,14,0.0,0.0,30.0,是
0703002-0918-15-42-gnss_raw.txt,2436,459499.000,Galileo,19,51.0,328.0,30.0,是
0703002-0918-15-42-gnss_raw.txt,2436,459499.000,Galileo,21,73.0,185.0,30.0,是
0703002-0918-15-42-gnss_raw.txt,2436,459499.000,Galileo,27,0.0,0.0,29.0,是
0703002-0918-15-42-gnss_raw.txt,2436,459499.000,QZSS,2,56.0,125.0,25.0,是
0703002-0918-15-42-gnss_raw.txt,2436,459499.000,QZSS,7,53.0,169.0,23.0,是
0703002-0918-15-42-gnss_raw.txt,2436,459499.000,BDS,3,53.0,201.0,31.0,是
0703002-0918-15-42-gnss_raw.txt,2436,459499.000,BDS,7,63.0,339.0,27.0,是
0703002-0918-15-42-gnss_raw.txt,2436,459499.000,BDS,9,55.0,225.0,27.0,是
0703002-0918-15-42-gnss_raw.txt,2436,459499.000,BDS,10,62.0,316.0,27.0,是
0703002-0918-15-42-gnss_raw.txt,2436,459499.000,BDS,19,32.0,159.0,22.0,是
0703002-0918-15-42-gnss_raw.txt,2436,459499.000,BDS,21,33.0,317.0,22.0,是
0703002-0918-15-42-gnss_raw.txt,2436,459499.000,BDS,22,75.0,239.0,31.0,是
0703002-0918-15-42-gnss_raw.txt,2436,459499.000,BDS,36,60.0,22.0,31.0,是
0703002-0918-15-42-gnss_raw.txt,2436,459499.000,BDS,39,53.0,269.0,26.0,是
0703002-0918-15-42-gnss_raw.txt,2436,459500.000,GPS,10,13.0,182.0,29.0,是
0703002-0918-15-42-gnss_raw.txt,2436,459500.000,GPS,26,55.0,235.0,31.0,是
0703002-0918-15-42-gnss_raw.txt,2436,459500.000,GPS,28,58.0,11.0,29.0,是
0703002-0918-15-42-gnss_raw.txt,2436,459500.000,GPS,31,52.0,315.0,32.0,是
0703002-0918-15-42-gnss_raw.txt,2436,459500.000,GPS,32,65.0,119.0,31.0,是
0703002-0918-15-42-gnss_raw.txt,2436,459500.000,GLONASS,72,40.0,331.0,29.0,是
0703002-0918-15-42-gnss_raw.txt,2436,459500.000,GLONASS,73,46.0,18.0,23.0,是
0703002-0918-15-42-gnss_raw.txt,2436,459500.000,GLONASS,90,0.0,0.0,34.0,是
0703002-0918-15-42-gnss_raw.txt,2436,459500.000,Galileo,14,0.0,0.0,29.0,是
0703002-0918-15-42-gnss_raw.txt,2436,459500.000,Galileo,19,51.0,328.0,31.0,是
0703002-0918-15-42-gnss_raw.txt,2436,459500.000,Galileo,21,73.0,185.0,30.0,是
0703002-0918-15-42-gnss_raw.txt,2436,459500.000,Galileo,27,0.0,0.0,28.0,是
0703002-0918-15-42-gnss_raw.txt,2436,459500.000,QZSS,2,56.0,125.0,26.0,是
0703002-0918-15-42-gnss_raw.txt,2436,459500.000,QZSS,7,53.0,169.0,24.0,是
0703002-0918-15-42-gnss_raw.txt,2436,459500.000,BDS,3,53.0,201.0,31.0,是
0703002-0918-15-42-gnss_raw.txt,2436,459500.000,BDS,7,63.0,339.0,29.0,是
0703002-0918-15-42-gnss_raw.txt,2436,459500.000,BDS,9,55.0,225.0,28.0,是
0703002-0918-15-42-gnss_raw.txt,2436,459500.000,BDS,10,62.0,316.0,28.0,是
0703002-0918-15-42-gnss_raw.txt,2436,459500.000,BDS,19,32.0,159.0,24.0,是
0703002-0918-15-42-gnss_raw.txt,2436,459500.000,BDS,21,33.0,317.0,24.0,是
0703002-0918-15-42-gnss_raw.txt,2436,459500.000,BDS,22,75.0,239.0,32.0,是
0703002-0918-15-42-gnss_raw.txt,2436,459500.000,BDS,36,60.0,22.0,31.0,是
0703002-0918-15-42-gnss_raw.txt,2436,459500.000,BDS,39,53.0,269.0,26.0,是
0703002-0918-15-42-gnss_raw.txt,2436,459501.000,GPS,10,13.0,182.0,29.0,是
0703002-0918-15-42-gnss_raw.txt,2436,459501.000,GPS,26,55.0,235.0,32.0,是
0703002-0918-15-42-gnss_raw.txt,2436,459501.000,GPS,28,58.0,11.0,29.0,是
0703002-0918-15-42-gnss_raw.txt,2436,459501.000,GPS,31,52.0,315.0,33.0,是
0703002-0918-15-42-gnss_raw.txt,2436,459501.000,GPS,32,65.0,120.0,31.0,是
0703002-0918-15-42-gnss_raw.txt,2436,459501.000,GLONASS,72,40.0,331.0,29.0,是
0703002-0918-15-42-gnss_raw.txt,2436,459501.000,GLONASS,73,46.0,18.0,25.0,是
0703002-0918-15-42-gnss_raw.txt,2436,459501.000,GLONASS,90,0.0,0.0,35.0,是
0703002-0918-15-42-gnss_raw.txt,2436,459501.000,Galileo,14,0.0,0.0,28.0,是
0703002-0918-15-42-gnss_raw.txt,2436,459501.000,Galileo,19,51.0,328.0,31.0,是
0703002-0918-15-42-gnss_raw.txt,2436,459501.000,Galileo,21,73.0,185.0,29.0,是
0703002-0918-15-42-gnss_raw.txt,2436,459501.000,Galileo,27,0.0,0.0,26.0,是
0703002-0918-15-42-gnss_raw.txt,2436,459501.000,QZSS,2,56.0,125.0,27.0,是
0703002-0918-15-42-gnss_raw.txt,2436,459501.000,QZSS,7,53.0,169.0,25.0,是
0703002-0918-15-42-gnss_raw.txt,2436,459501.000,BDS,3,53.0,201.0,32.0,是
0703002-0918-15-42-gnss_raw.txt,2436,459501.000,BDS,7,63.0,339.0,30.0,是
0703002-0918-15-42-gnss_raw.txt,2436,459501.000,BDS,9,55.0,225.0,29.0,是
0703002-0918-15-42-gnss_raw.txt,2436,459501.000,BDS,10,62.0,316.0,29.0,是
0703002-0918-15-42-gnss_raw.txt,2436,459501.000,BDS,19,32.0,159.0,23.0,是
0703002-0918-15-42-gnss_raw.txt,2436,459501.000,BDS,21,33.0,317.0,26.0,是
0703002-0918-15-42-gnss_raw.txt,2436,459501.000,BDS,22,75.0,239.0,32.0,是
0703002-0918-15-42-gnss_raw.txt,2436,459501.000,BDS,36,60.0,22.0,31.0,是
0703002-0918-15-42-gnss_raw.txt,2436,459501.000,BDS,39,53.0,269.0,27.0,是
0703002-0918-15-42-gnss_raw.txt,2436,459502.000,GPS,10,13.0,182.0,29.0,是
0703002-0918-15-42-gnss_raw.txt,2436,459502.000,GPS,26,55.0,235.0,31.0,是
0703002-0918-15-42-gnss_raw.txt,2436,459502.000,GPS,28,58.0,11.0,29.0,是
0703002-0918-15-42-gnss_raw.txt,2436,459502.000,GPS,31,52.0,315.0,33.0,是
0703002-0918-15-42-gnss_raw.txt,2436,459502.000,GPS,32,65.0,120.0,31.0,是
0703002-0918-15-42-gnss_raw.txt,2436,459502.000,GLONASS,72,40.0,331.0,27.0,是
0703002-0918-15-42-gnss_raw.txt,2436,459502.000,GLONASS,73,46.0,18.0,22.0,是
0703002-0918-15-42-gnss_raw.txt,2436,459502.000,GLONASS,90,0.0,0.0,32.0,是
0703002-0918-15-42-gnss_raw.txt,2436,459502.000,Galileo,14,0.0,0.0,30.0,是
0703002-0918-15-42-gnss_raw.txt,2436,459502.000,Galileo,19,0.0,0.0,29.0,是
0703002-0918-15-42-gnss_raw.txt,2436,459502.000,Galileo,21,73.0,185.0,29.0,是
0703002-0918-15-42-gnss_raw.txt,2436,459502.000,Galileo,27,0.0,0.0,26.0,是
0703002-0918-15-42-gnss_raw.txt,2436,459502.000,QZSS,2,56.0,125.0,26.0,是
0703002-0918-15-42-gnss_raw.txt,2436,459502.000,QZSS,7,53.0,169.0,25.0,是
0703002-0918-15-42-gnss_raw.txt,2436,459502.000,BDS,3,53.0,201.0,29.0,是
0703002-0918-15-42-gnss_raw.txt,2436,459502.000,BDS,7,63.0,339.0,30.0,是
0703002-0918-15-42-gnss_raw.txt,2436,459502.000,BDS,9,55.0,225.0,29.0,是
0703002-0918-15-42-gnss_raw.txt,2436,459502.000,BDS,10,62.0,316.0,30.0,是
0703002-0918-15-42-gnss_raw.txt,2436,459502.000,BDS,19,32.0,159.0,24.0,是
0703002-0918-15-42-gnss_raw.txt,2436,459502.000,BDS,21,33.0,317.0,27.0,是
0703002-0918-15-42-gnss_raw.txt,2436,459502.000,BDS,22,75.0,239.0,32.0,是
0703002-0918-15-42-gnss_raw.txt,2436,459502.000,BDS,36,60.0,22.0,31.0,是
0703002-0918-15-42-gnss_raw.txt,2436,459502.000,BDS,39,53.0,269.0,28.0,是
0703002-0918-15-42-gnss_raw.txt,2436,459503.000,GPS,10,13.0,182.0,26.0,是
0703002-0918-15-42-gnss_raw.txt,2436,459503.000,GPS,26,55.0,235.0,29.0,是
0703002-0918-15-42-gnss_raw.txt,2436,459503.000,GPS,28,58.0,11.0,28.0,是
0703002-0918-15-42-gnss_raw.txt,2436,459503.000,GPS,31,52.0,315.0,31.0,是
0703002-0918-15-42-gnss_raw.txt,2436,459503.000,GPS,32,65.0,120.0,28.0,是
0703002-0918-15-42-gnss_raw.txt,2436,459503.000,GLONASS,72,40.0,331.0,28.0,是
0703002-0918-15-42-gnss_raw.txt,2436,459503.000,GLONASS,73,46.0,18.0,31.0,是
0703002-0918-15-42-gnss_raw.txt,2436,459503.000,GLONASS,90,0.0,0.0,33.0,是
0703002-0918-15-42-gnss_raw.txt,2436,459503.000,Galileo,14,0.0,0.0,27.0,是
0703002-0918-15-42-gnss_raw.txt,2436,459503.000,Galileo,19,51.0,328.0,29.0,是
0703002-0918-15-42-gnss_raw.txt,2436,459503.000,Galileo,21,73.0,185.0,28.0,是
0703002-0918-15-42-gnss_raw.txt,2436,459503.000,Galileo,27,0.0,0.0,26.0,是
0703002-0918-15-42-gnss_raw.txt,2436,459503.000,QZSS,2,56.0,125.0,24.0,是
0703002-0918-15-42-gnss_raw.txt,2436,459503.000,QZSS,7,53.0,169.0,22.0,是
0703002-0918-15-42-gnss_raw.txt,2436,459503.000,BDS,3,53.0,201.0,31.0,是
0703002-0918-15-42-gnss_raw.txt,2436,459503.000,BDS,4,0.0,0.0,23.0,是
0703002-0918-15-42-gnss_raw.txt,2436,459503.000,BDS,7,63.0,339.0,28.0,是
0703002-0918-15-42-gnss_raw.txt,2436,459503.000,BDS,9,55.0,225.0,27.0,是
0703002-0918-15-42-gnss_raw.txt,2436,459503.000,BDS,10,62.0,316.0,27.0,是
0703002-0918-15-42-gnss_raw.txt,2436,459503.000,BDS,19,32.0,159.0,21.0,是
0703002-0918-15-42-gnss_raw.txt,2436,459503.000,BDS,21,33.0,317.0,25.0,是
0703002-0918-15-42-gnss_raw.txt,2436,459503.000,BDS,22,75.0,239.0,29.0,是
0703002-0918-15-42-gnss_raw.txt,2436,459503.000,BDS,36,60.0,22.0,29.0,是
0703002-0918-15-42-gnss_raw.txt,2436,459503.000,BDS,39,53.0,269.0,25.0,是
0703002-0918-15-42-gnss_raw.txt,2436,459504.000,GPS,10,13.0,182.0,27.0,是
0703002-0918-15-42-gnss_raw.txt,2436,459504.000,GPS,26,55.0,235.0,30.0,是
0703002-0918-15-42-gnss_raw.txt,2436,459504.000,GPS,28,58.0,11.0,30.0,是
0703002-0918-15-42-gnss_raw.txt,2436,459504.000,GPS,31,52.0,315.0,32.0,是
0703002-0918-15-42-gnss_raw.txt,2436,459504.000,GPS,32,65.0,120.0,29.0,是
0703002-0918-15-42-gnss_raw.txt,2436,459504.000,GLONASS,72,40.0,331.0,29.0,是
0703002-0918-15-42-gnss_raw.txt,2436,459504.000,GLONASS,73,46.0,18.0,37.0,是
0703002-0918-15-42-gnss_raw.txt,2436,459504.000,GLONASS,90,0.0,0.0,35.0,是
0703002-0918-15-42-gnss_raw.txt,2436,459504.000,Galileo,14,0.0,0.0,29.0,是
0703002-0918-15-42-gnss_raw.txt,2436,459504.000,Galileo,19,51.0,328.0,30.0,是
0703002-0918-15-42-gnss_raw.txt,2436,459504.000,Galileo,21,73.0,185.0,28.0,是
0703002-0918-15-42-gnss_raw.txt,2436,459504.000,Galileo,27,0.0,0.0,27.0,是
0703002-0918-15-42-gnss_raw.txt,2436,459504.000,QZSS,2,56.0,125.0,25.0,是
0703002-0918-15-42-gnss_raw.txt,2436,459504.000,QZSS,7,53.0,169.0,23.0,是
0703002-0918-15-42-gnss_raw.txt,2436,459504.000,BDS,3,53.0,201.0,31.0,是
0703002-0918-15-42-gnss_raw.txt,2436,459504.000,BDS,4,0.0,0.0,27.0,是
0703002-0918-15-42-gnss_raw.txt,2436,459504.000,BDS,7,63.0,339.0,29.0,是
0703002-0918-15-42-gnss_raw.txt,2436,459504.000,BDS,9,55.0,225.0,28.0,是
0703002-0918-15-42-gnss_raw.txt,2436,459504.000,BDS,10,62.0,316.0,29.0,是
0703002-0918-15-42-gnss_raw.txt,2436,459504.000,BDS,19,32.0,159.0,22.0,是
0703002-0918-15-42-gnss_raw.txt,2436,459504.000,BDS,21,33.0,317.0,25.0,是
0703002-0918-15-42-gnss_raw.txt,2436,459504.000,BDS,22,75.0,238.0,31.0,是
0703002-0918-15-42-gnss_raw.txt,2436,459504.000,BDS,36,60.0,22.0,30.0,是
0703002-0918-15-42-gnss_raw.txt,2436,459504.000,BDS,39,53.0,269.0,26.0,是
0703002-0918-15-42-gnss_raw.txt,2436,459505.000,GPS,10,13.0,182.0,28.0,是
0703002-0918-15-42-gnss_raw.txt,2436,459505.000,GPS,26,55.0,235.0,31.0,是
0703002-0918-15-42-gnss_raw.txt,2436,459505.000,GPS,28,58.0,11.0,30.0,是
0703002-0918-15-42-gnss_raw.txt,2436,459505.000,GPS,31,52.0,315.0,34.0,是
0703002-0918-15-42-gnss_raw.txt,2436,459505.000,GPS,32,65.0,120.0,31.0,是
0703002-0918-15-42-gnss_raw.txt,2436,459505.000,GLONASS,72,40.0,331.0,28.0,是
0703002-0918-15-42-gnss_raw.txt,2436,459505.000,GLONASS,73,46.0,18.0,37.0,是
0703002-0918-15-42-gnss_raw.txt,2436,459505.000,GLONASS,90,0.0,0.0,35.0,是
0703002-0918-15-42-gnss_raw.txt,2436,459505.000,Galileo,14,0.0,0.0,30.0,是
0703002-0918-15-42-gnss_raw.txt,2436,459505.000,Galileo,19,51.0,328.0,29.0,是
0703002-0918-15-42-gnss_raw.txt,2436,459505.000,Galileo,21,73.0,185.0,27.0,是
0703002-0918-15-42-gnss_raw.txt,2436,459505.000,Galileo,27,0.0,0.0,28.0,是
0703002-0918-15-42-gnss_raw.txt,2436,459505.000,QZSS,2,56.0,125.0,25.0,是
0703002-0918-15-42-gnss_raw.txt,2436,459505.000,QZSS,7,53.0,169.0,23.0,是
0703002-0918-15-42-gnss_raw.txt,2436,459505.000,BDS,3,53.0,201.0,32.0,是
0703002-0918-15-42-gnss_raw.txt,2436,459505.000,BDS,7,63.0,339.0,29.0,是
0703002-0918-15-42-gnss_raw.txt,2436,459505.000,BDS,9,55.0,225.0,29.0,是
0703002-0918-15-42-gnss_raw.txt,2436,459505.000,BDS,10,62.0,316.0,30.0,是
0703002-0918-15-42-gnss_raw.txt,2436,459505.000,BDS,19,32.0,159.0,22.0,是
0703002-0918-15-42-gnss_raw.txt,2436,459505.000,BDS,21,33.0,317.0,25.0,是
0703002-0918-15-42-gnss_raw.txt,2436,459505.000,BDS,22,75.0,238.0,32.0,是
0703002-0918-15-42-gnss_raw.txt,2436,459505.000,BDS,36,60.0,22.0,31.0,是
0703002-0918-15-42-gnss_raw.txt,2436,459505.000,BDS,39,53.0,269.0,28.0,是
0703002-0918-15-42-gnss_raw.txt,2436,459506.000,GPS,10,13.0,182.0,28.0,是
0703002-0918-15-42-gnss_raw.txt,2436,459506.000,GPS,26,55.0,235.0,31.0,是
0703002-0918-15-42-gnss_raw.txt,2436,459506.000,GPS,28,58.0,11.0,30.0,是
0703002-0918-15-42-gnss_raw.txt,2436,459506.000,GPS,31,52.0,315.0,34.0,是
0703002-0918-15-42-gnss_raw.txt,2436,459506.000,GPS,32,65.0,120.0,31.0,是
0703002-0918-15-42-gnss_raw.txt,2436,459506.000,GLONASS,72,40.0,331.0,27.0,是
0703002-0918-15-42-gnss_raw.txt,2436,459506.000,GLONASS,73,46.0,18.0,38.0,是
0703002-0918-15-42-gnss_raw.txt,2436,459506.000,GLONASS,90,0.0,0.0,35.0,是
0703002-0918-15-42-gnss_raw.txt,2436,459506.000,Galileo,14,0.0,0.0,30.0,是
0703002-0918-15-42-gnss_raw.txt,2436,459506.000,Galileo,19,51.0,328.0,29.0,是
0703002-0918-15-42-gnss_raw.txt,2436,459506.000,Galileo,21,73.0,185.0,29.0,是
0703002-0918-15-42-gnss_raw.txt,2436,459506.000,Galileo,27,0.0,0.0,27.0,是
0703002-0918-15-42-gnss_raw.txt,2436,459506.000,QZSS,2,56.0,125.0,25.0,是
0703002-0918-15-42-gnss_raw.txt,2436,459506.000,QZSS,7,53.0,169.0,23.0,是
0703002-0918-15-42-gnss_raw.txt,2436,459506.000,BDS,3,53.0,201.0,31.0,是
0703002-0918-15-42-gnss_raw.txt,2436,459506.000,BDS,7,63.0,339.0,28.0,是
0703002-0918-15-42-gnss_raw.txt,2436,459506.000,BDS,9,55.0,225.0,29.0,是
0703002-0918-15-42-gnss_raw.txt,2436,459506.000,BDS,10,62.0,316.0,30.0,是
0703002-0918-15-42-gnss_raw.txt,2436,459506.000,BDS,19,32.0,159.0,22.0,是
0703002-0918-15-42-gnss_raw.txt,2436,459506.000,BDS,21,33.0,317.0,25.0,是
0703002-0918-15-42-gnss_raw.txt,2436,459506.000,BDS,22,75.0,238.0,32.0,是
0703002-0918-15-42-gnss_raw.txt,2436,459506.000,BDS,36,60.0,22.0,31.0,是
0703002-0918-15-42-gnss_raw.txt,2436,459506.000,BDS,39,53.0,269.0,28.0,是
0703002-0918-15-42-gnss_raw.txt,2436,459507.000,GPS,10,13.0,182.0,29.0,是
0703002-0918-15-42-gnss_raw.txt,2436,459507.000,GPS,26,55.0,235.0,32.0,是
0703002-0918-15-42-gnss_raw.txt,2436,459507.000,GPS,28,58.0,11.0,31.0,是
0703002-0918-15-42-gnss_raw.txt,2436,459507.000,GPS,31,52.0,315.0,34.0,是
0703002-0918-15-42-gnss_raw.txt,2436,459507.000,GPS,32,65.0,120.0,31.0,是
0703002-0918-15-42-gnss_raw.txt,2436,459507.000,GLONASS,72,40.0,331.0,27.0,是
0703002-0918-15-42-gnss_raw.txt,2436,459507.000,GLONASS,73,46.0,18.0,39.0,是
0703002-0918-15-42-gnss_raw.txt,2436,459507.000,GLONASS,90,0.0,0.0,35.0,是
0703002-0918-15-42-gnss_raw.txt,2436,459507.000,Galileo,14,0.0,0.0,28.0,是
0703002-0918-15-42-gnss_raw.txt,2436,459507.000,Galileo,19,51.0,328.0,30.0,是
0703002-0918-15-42-gnss_raw.txt,2436,459507.000,Galileo,21,73.0,185.0,29.0,是
0703002-0918-15-42-gnss_raw.txt,2436,459507.000,Galileo,27,0.0,0.0,25.0,是
0703002-0918-15-42-gnss_raw.txt,2436,459507.000,QZSS,2,56.0,125.0,26.0,是
0703002-0918-15-42-gnss_raw.txt,2436,459507.000,QZSS,7,53.0,169.0,23.0,是
0703002-0918-15-42-gnss_raw.txt,2436,459507.000,BDS,3,53.0,201.0,32.0,是
0703002-0918-15-42-gnss_raw.txt,2436,459507.000,BDS,4,0.0,0.0,29.0,是
0703002-0918-15-42-gnss_raw.txt,2436,459507.000,BDS,7,63.0,339.0,29.0,是
0703002-0918-15-42-gnss_raw.txt,2436,459507.000,BDS,9,55.0,225.0,29.0,是
0703002-0918-15-42-gnss_raw.txt,2436,459507.000,BDS,10,62.0,316.0,30.0,是
0703002-0918-15-42-gnss_raw.txt,2436,459507.000,BDS,19,32.0,159.0,22.0,是
0703002-0918-15-42-gnss_raw.txt,2436,459507.000,BDS,21,33.0,317.0,24.0,是
0703002-0918-15-42-gnss_raw.txt,2436,459507.000,BDS,22,75.0,238.0,32.0,是
0703002-0918-15-42-gnss_raw.txt,2436,459507.000,BDS,36,60.0,22.0,32.0,是
0703002-0918-15-42-gnss_raw.txt,2436,459507.000,BDS,39,53.0,269.0,28.0,是
0703002-0918-15-42-gnss_raw.txt,2436,459508.000,GPS,10,13.0,182.0,28.0,是
0703002-0918-15-42-gnss_raw.txt,2436,459508.000,GPS,26,55.0,235.0,32.0,是
0703002-0918-15-42-gnss_raw.txt,2436,459508.000,GPS,28,58.0,11.0,31.0,是
0703002-0918-15-42-gnss_raw.txt,2436,459508.000,GPS,31,52.0,315.0,34.0,是
0703002-0918-15-42-gnss_raw.txt,2436,459508.000,GPS,32,65.0,120.0,31.0,是
0703002-0918-15-42-gnss_raw.txt,2436,459508.000,GLONASS,72,40.0,331.0,27.0,是
0703002-0918-15-42-gnss_raw.txt,2436,459508.000,GLONASS,73,46.0,18.0,40.0,是
0703002-0918-15-42-gnss_raw.txt,2436,459508.000,GLONASS,90,0.0,0.0,36.0,是
0703002-0918-15-42-gnss_raw.txt,2436,459508.000,Galileo,14,0.0,0.0,29.0,是
0703002-0918-15-42-gnss_raw.txt,2436,459508.000,Galileo,19,51.0,328.0,30.0,是
0703002-0918-15-42-gnss_raw.txt,2436,459508.000,Galileo,21,73.0,185.0,30.0,是
0703002-0918-15-42-gnss_raw.txt,2436,459508.000,Galileo,27,0.0,0.0,26.0,是
0703002-0918-15-42-gnss_raw.txt,2436,459508.000,QZSS,2,56.0,125.0,25.0,是
0703002-0918-15-42-gnss_raw.txt,2436,459508.000,QZSS,7,53.0,169.0,23.0,是
0703002-0918-15-42-gnss_raw.txt,2436,459508.000,BDS,3,53.0,201.0,31.0,是
0703002-0918-15-42-gnss_raw.txt,2436,459508.000,BDS,4,0.0,0.0,26.0,是
0703002-0918-15-42-gnss_raw.txt,2436,459508.000,BDS,7,63.0,339.0,28.0,是
0703002-0918-15-42-gnss_raw.txt,2436,459508.000,BDS,9,55.0,225.0,29.0,是
0703002-0918-15-42-gnss_raw.txt,2436,459508.000,BDS,10,62.0,316.0,30.0,是
0703002-0918-15-42-gnss_raw.txt,2436,459508.000,BDS,19,32.0,159.0,22.0,是
0703002-0918-15-42-gnss_raw.txt,2436,459508.000,BDS,21,33.0,317.0,24.0,是
0703002-0918-15-42-gnss_raw.txt,2436,459508.000,BDS,22,75.0,238.0,32.0,是
0703002-0918-15-42-gnss_raw.txt,2436,459508.000,BDS,36,60.0,22.0,32.0,是
0703002-0918-15-42-gnss_raw.txt,2436,459508.000,BDS,39,53.0,269.0,28.0,是
0703002-0918-15-42-gnss_raw.txt,2436,459509.000,GPS,10,13.0,182.0,28.0,是
0703002-0918-15-42-gnss_raw.txt,2436,459509.000,GPS,26,55.0,235.0,32.0,是
0703002-0918-15-42-gnss_raw.txt,2436,459509.000,GPS,28,58.0,12.0,31.0,是
0703002-0918-15-42-gnss_raw.txt,2436,459509.000,GPS,31,52.0,316.0,34.0,是
0703002-0918-15-42-gnss_raw.txt,2436,459509.000,GPS,32,65.0,120.0,31.0,是
0703002-0918-15-42-gnss_raw.txt,2436,459509.000,GLONASS,72,40.0,331.0,28.0,是
0703002-0918-15-42-gnss_raw.txt,2436,459509.000,GLONASS,73,46.0,18.0,40.0,是
0703002-0918-15-42-gnss_raw.txt,2436,459509.000,GLONASS,90,0.0,0.0,36.0,是
0703002-0918-15-42-gnss_raw.txt,2436,459509.000,Galileo,14,0.0,0.0,29.0,是
0703002-0918-15-42-gnss_raw.txt,2436,459509.000,Galileo,19,51.0,328.0,30.0,是
0703002-0918-15-42-gnss_raw.txt,2436,459509.000,Galileo,21,73.0,185.0,29.0,是
0703002-0918-15-42-gnss_raw.txt,2436,459509.000,Galileo,27,0.0,0.0,27.0,是
0703002-0918-15-42-gnss_raw.txt,2436,459509.000,QZSS,2,56.0,125.0,25.0,是
0703002-0918-15-42-gnss_raw.txt,2436,459509.000,QZSS,7,53.0,169.0,24.0,是
0703002-0918-15-42-gnss_raw.txt,2436,459509.000,BDS,3,53.0,201.0,32.0,是
0703002-0918-15-42-gnss_raw.txt,2436,459509.000,BDS,4,0.0,0.0,26.0,是
0703002-0918-15-42-gnss_raw.txt,2436,459509.000,BDS,7,63.0,339.0,29.0,是
0703002-0918-15-42-gnss_raw.txt,2436,459509.000,BDS,9,55.0,225.0,29.0,是
0703002-0918-15-42-gnss_raw.txt,2436,459509.000,BDS,10,62.0,316.0,30.0,是
0703002-0918-15-42-gnss_raw.txt,2436,459509.000,BDS,19,32.0,159.0,22.0,是
0703002-0918-15-42-gnss_raw.txt,2436,459509.000,BDS,21,33.0,317.0,25.0,是
0703002-0918-15-42-gnss_raw.txt,2436,459509.000,BDS,22,75.0,238.0,32.0,是
0703002-0918-15-42-gnss_raw.txt,2436,459509.000,BDS,36,60.0,22.0,31.0,是
0703002-0918-15-42-gnss_raw.txt,2436,459509.000,BDS,39,53.0,269.0,28.0,是
0703002-0918-15-42-gnss_raw.txt,2436,459510.000,GPS,10,13.0,182.0,28.0,是
0703002-0918-15-42-gnss_raw.txt,2436,459510.000,GPS,26,55.0,235.0,32.0,是
0703002-0918-15-42-gnss_raw.txt,2436,459510.000,GPS,28,58.0,12.0,31.0,是
0703002-0918-15-42-gnss_raw.txt,2436,459510.000,GPS,31,52.0,316.0,34.0,是
0703002-0918-15-42-gnss_raw.txt,2436,459510.000,GPS,32,65.0,120.0,31.0,是
0703002-0918-15-42-gnss_raw.txt,2436,459510.000,GLONASS,72,40.0,331.0,28.0,是
0703002-0918-15-42-gnss_raw.txt,2436,459510.000,GLONASS,73,46.0,18.0,40.0,是
0703002-0918-15-42-gnss_raw.txt,2436,459510.000,GLONASS,90,0.0,0.0,36.0,是
0703002-0918-15-42-gnss_raw.txt,2436,459510.000,Galileo,14,0.0,0.0,30.0,是
0703002-0918-15-42-gnss_raw.txt,2436,459510.000,Galileo,19,51.0,328.0,30.0,是
0703002-0918-15-42-gnss_raw.txt,2436,459510.000,Galileo,21,73.0,185.0,28.0,是
0703002-0918-15-42-gnss_raw.txt,2436,459510.000,Galileo,27,0.0,0.0,28.0,是
0703002-0918-15-42-gnss_raw.txt,2436,459510.000,QZSS,2,56.0,125.0,25.0,是
0703002-0918-15-42-gnss_raw.txt,2436,459510.000,QZSS,7,53.0,169.0,24.0,是
0703002-0918-15-42-gnss_raw.txt,2436,459510.000,BDS,3,53.0,201.0,31.0,是
0703002-0918-15-42-gnss_raw.txt,2436,459510.000,BDS,7,63.0,339.0,29.0,是
0703002-0918-15-42-gnss_raw.txt,2436,459510.000,BDS,9,55.0,225.0,29.0,是
0703002-0918-15-42-gnss_raw.txt,2436,459510.000,BDS,10,62.0,316.0,30.0,是
0703002-0918-15-42-gnss_raw.txt,2436,459510.000,BDS,19,32.0,159.0,23.0,是
0703002-0918-15-42-gnss_raw.txt,2436,459510.000,BDS,21,33.0,317.0,25.0,是
0703002-0918-15-42-gnss_raw.txt,2436,459510.000,BDS,22,75.0,238.0,32.0,是
0703002-0918-15-42-gnss_raw.txt,2436,459510.000,BDS,36,60.0,22.0,31.0,是
0703002-0918-15-42-gnss_raw.txt,2436,459510.000,BDS,39,53.0,269.0,28.0,是
0703002-0918-15-42-gnss_raw.txt,2436,459511.000,GPS,10,13.0,182.0,28.0,是
0703002-0918-15-42-gnss_raw.txt,2436,459511.000,GPS,26,55.0,235.0,32.0,是
0703002-0918-15-42-gnss_raw.txt,2436,459511.000,GPS,28,58.0,12.0,31.0,是
0703002-0918-15-42-gnss_raw.txt,2436,459511.000,GPS,31,52.0,316.0,34.0,是
0703002-0918-15-42-gnss_raw.txt,2436,459511.000,GPS,32,65.0,120.0,32.0,是
0703002-0918-15-42-gnss_raw.txt,2436,459511.000,GLONASS,72,40.0,331.0,28.0,是
0703002-0918-15-42-gnss_raw.txt,2436,459511.000,GLONASS,73,46.0,18.0,39.0,是
0703002-0918-15-42-gnss_raw.txt,2436,459511.000,GLONASS,90,0.0,0.0,36.0,是
0703002-0918-15-42-gnss_raw.txt,2436,459511.000,Galileo,14,0.0,0.0,30.0,是
0703002-0918-15-42-gnss_raw.txt,2436,459511.000,Galileo,19,51.0,328.0,30.0,是
0703002-0918-15-42-gnss_raw.txt,2436,459511.000,Galileo,21,73.0,185.0,29.0,是
0703002-0918-15-42-gnss_raw.txt,2436,459511.000,Galileo,27,0.0,0.0,27.0,是
0703002-0918-15-42-gnss_raw.txt,2436,459511.000,QZSS,2,56.0,125.0,25.0,是
0703002-0918-15-42-gnss_raw.txt,2436,459511.000,QZSS,7,53.0,169.0,24.0,是
0703002-0918-15-42-gnss_raw.txt,2436,459511.000,BDS,3,53.0,201.0,31.0,是
0703002-0918-15-42-gnss_raw.txt,2436,459511.000,BDS,4,0.0,0.0,27.0,是
0703002-0918-15-42-gnss_raw.txt,2436,459511.000,BDS,7,63.0,339.0,29.0,是
0703002-0918-15-42-gnss_raw.txt,2436,459511.000,BDS,9,55.0,225.0,29.0,是
0703002-0918-15-42-gnss_raw.txt,2436,459511.000,BDS,10,62.0,316.0,30.0,是
0703002-0918-15-42-gnss_raw.txt,2436,459511.000,BDS,19,32.0,159.0,23.0,是
0703002-0918-15-42-gnss_raw.txt,2436,459511.000,BDS,21,33.0,317.0,26.0,是
0703002-0918-15-42-gnss_raw.txt,2436,459511.000,BDS,22,75.0,238.0,32.0,是
0703002-0918-15-42-gnss_raw.txt,2436,459511.000,BDS,36,60.0,22.0,31.0,是
0703002-0918-15-42-gnss_raw.txt,2436,459511.000,BDS,39,53.0,269.0,28.0,是
0703002-0918-15-42-gnss_raw.txt,2436,459512.000,GPS,10,13.0,182.0,28.0,是
0703002-0918-15-42-gnss_raw.txt,2436,459512.000,GPS,26,55.0,235.0,32.0,是
0703002-0918-15-42-gnss_raw.txt,2436,459512.000,GPS,28,58.0,12.0,31.0,是
0703002-0918-15-42-gnss_raw.txt,2436,459512.000,GPS,31,52.0,316.0,34.0,是
0703002-0918-15-42-gnss_raw.txt,2436,459512.000,GPS,32,65.0,120.0,32.0,是
0703002-0918-15-42-gnss_raw.txt,2436,459512.000,GLONASS,72,40.0,331.0,27.0,是
0703002-0918-15-42-gnss_raw.txt,2436,459512.000,GLONASS,73,46.0,18.0,39.0,是
0703002-0918-15-42-gnss_raw.txt,2436,459512.000,GLONASS,90,0.0,0.0,35.0,是
0703002-0918-15-42-gnss_raw.txt,2436,459512.000,Galileo,14,0.0,0.0,31.0,是
0703002-0918-15-42-gnss_raw.txt,2436,459512.000,Galileo,19,51.0,328.0,30.0,是
0703002-0918-15-42-gnss_raw.txt,2436,459512.000,Galileo,21,73.0,185.0,29.0,是
0703002-0918-15-42-gnss_raw.txt,2436,459512.000,Galileo,27,0.0,0.0,24.0,是
0703002-0918-15-42-gnss_raw.txt,2436,459512.000,QZSS,2,56.0,125.0,26.0,是
0703002-0918-15-42-gnss_raw.txt,2436,459512.000,QZSS,7,53.0,169.0,23.0,是
0703002-0918-15-42-gnss_raw.txt,2436,459512.000,BDS,3,53.0,201.0,31.0,是
0703002-0918-15-42-gnss_raw.txt,2436,459512.000,BDS,7,63.0,339.0,29.0,是
0703002-0918-15-42-gnss_raw.txt,2436,459512.000,BDS,9,55.0,225.0,28.0,是
0703002-0918-15-42-gnss_raw.txt,2436,459512.000,BDS,10,62.0,316.0,30.0,是
0703002-0918-15-42-gnss_raw.txt,2436,459512.000,BDS,19,32.0,159.0,22.0,是
0703002-0918-15-42-gnss_raw.txt,2436,459512.000,BDS,21,33.0,317.0,25.0,是
0703002-0918-15-42-gnss_raw.txt,2436,459512.000,BDS,22,75.0,238.0,32.0,是
0703002-0918-15-42-gnss_raw.txt,2436,459512.000,BDS,36,60.0,22.0,31.0,是
0703002-0918-15-42-gnss_raw.txt,2436,459512.000,BDS,39,53.0,269.0,28.0,是
0703002-0918-15-42-gnss_raw.txt,2436,459513.000,GPS,10,13.0,182.0,28.0,是
0703002-0918-15-42-gnss_raw.txt,2436,459513.000,GPS,26,55.0,235.0,32.0,是
0703002-0918-15-42-gnss_raw.txt,2436,459513.000,GPS,28,58.0,12.0,31.0,是
0703002-0918-15-42-gnss_raw.txt,2436,459513.000,GPS,31,52.0,316.0,33.0,是
0703002-0918-15-42-gnss_raw.txt,2436,459513.000,GPS,32,65.0,120.0,32.0,是
0703002-0918-15-42-gnss_raw.txt,2436,459513.000,GLONASS,72,40.0,331.0,27.0,是
0703002-0918-15-42-gnss_raw.txt,2436,459513.000,GLONASS,73,46.0,18.0,39.0,是
0703002-0918-15-42-gnss_raw.txt,2436,459513.000,GLONASS,90,0.0,0.0,35.0,是
0703002-0918-15-42-gnss_raw.txt,2436,459513.000,Galileo,14,0.0,0.0,29.0,是
0703002-0918-15-42-gnss_raw.txt,2436,459513.000,Galileo,19,51.0,328.0,29.0,是
0703002-0918-15-42-gnss_raw.txt,2436,459513.000,Galileo,21,73.0,185.0,30.0,是
0703002-0918-15-42-gnss_raw.txt,2436,459513.000,Galileo,27,0.0,0.0,28.0,是
0703002-0918-15-42-gnss_raw.txt,2436,459513.000,QZSS,2,56.0,125.0,26.0,是
0703002-0918-15-42-gnss_raw.txt,2436,459513.000,QZSS,7,53.0,169.0,23.0,是
0703002-0918-15-42-gnss_raw.txt,2436,459513.000,BDS,3,53.0,201.0,32.0,是
0703002-0918-15-42-gnss_raw.txt,2436,459513.000,BDS,7,63.0,339.0,30.0,是
0703002-0918-15-42-gnss_raw.txt,2436,459513.000,BDS,9,55.0,225.0,29.0,是
0703002-0918-15-42-gnss_raw.txt,2436,459513.000,BDS,10,62.0,317.0,30.0,是
0703002-0918-15-42-gnss_raw.txt,2436,459513.000,BDS,19,32.0,159.0,23.0,是
0703002-0918-15-42-gnss_raw.txt,2436,459513.000,BDS,21,33.0,317.0,25.0,是
0703002-0918-15-42-gnss_raw.txt,2436,459513.000,BDS,22,75.0,238.0,32.0,是
0703002-0918-15-42-gnss_raw.txt,2436,459513.000,BDS,36,60.0,22.0,31.0,是
0703002-0918-15-42-gnss_raw.txt,2436,459513.000,BDS,39,53.0,269.0,28.0,是
0703002-0918-15-42-gnss_raw.txt,2436,459514.000,GPS,10,13.0,182.0,29.0,是
0703002-0918-15-42-gnss_raw.txt,2436,459514.000,GPS,26,55.0,235.0,32.0,是
0703002-0918-15-42-gnss_raw.txt,2436,459514.000,GPS,28,58.0,12.0,31.0,是
0703002-0918-15-42-gnss_raw.txt,2436,459514.000,GPS,31,52.0,316.0,33.0,是
0703002-0918-15-42-gnss_raw.txt,2436,459514.000,GPS,32,65.0,120.0,32.0,是
0703002-0918-15-42-gnss_raw.txt,2436,459514.000,GLONASS,72,40.0,331.0,26.0,是
0703002-0918-15-42-gnss_raw.txt,2436,459514.000,GLONASS,73,46.0,18.0,40.0,是
0703002-0918-15-42-gnss_raw.txt,2436,459514.000,GLONASS,90,0.0,0.0,35.0,是
0703002-0918-15-42-gnss_raw.txt,2436,459514.000,Galileo,14,0.0,0.0,30.0,是
0703002-0918-15-42-gnss_raw.txt,2436,459514.000,Galileo,19,51.0,328.0,30.0,是
0703002-0918-15-42-gnss_raw.txt,2436,459514.000,Galileo,21,73.0,185.0,28.0,是
0703002-0918-15-42-gnss_raw.txt,2436,459514.000,Galileo,27,0.0,0.0,27.0,是
0703002-0918-15-42-gnss_raw.txt,2436,459514.000,QZSS,2,56.0,125.0,26.0,是
0703002-0918-15-42-gnss_raw.txt,2436,459514.000,QZSS,7,53.0,169.0,23.0,是
0703002-0918-15-42-gnss_raw.txt,2436,459514.000,BDS,3,53.0,201.0,32.0,是
0703002-0918-15-42-gnss_raw.txt,2436,459514.000,BDS,7,63.0,339.0,30.0,是
0703002-0918-15-42-gnss_raw.txt,2436,459514.000,BDS,9,55.0,225.0,29.0,是
0703002-0918-15-42-gnss_raw.txt,2436,459514.000,BDS,10,62.0,317.0,30.0,是
0703002-0918-15-42-gnss_raw.txt,2436,459514.000,BDS,19,32.0,159.0,24.0,是
0703002-0918-15-42-gnss_raw.txt,2436,459514.000,BDS,21,33.0,317.0,25.0,是
0703002-0918-15-42-gnss_raw.txt,2436,459514.000,BDS,22,75.0,238.0,32.0,是
0703002-0918-15-42-gnss_raw.txt,2436,459514.000,BDS,36,60.0,22.0,32.0,是
0703002-0918-15-42-gnss_raw.txt,2436,459514.000,BDS,39,53.0,269.0,28.0,是
0703002-0918-15-42-gnss_raw.txt,2436,459515.000,GPS,10,13.0,182.0,25.0,是
0703002-0918-15-42-gnss_raw.txt,2436,459515.000,GPS,26,55.0,235.0,32.0,是
0703002-0918-15-42-gnss_raw.txt,2436,459515.000,GPS,28,58.0,12.0,31.0,是
0703002-0918-15-42-gnss_raw.txt,2436,459515.000,GPS,31,52.0,316.0,33.0,是
0703002-0918-15-42-gnss_raw.txt,2436,459515.000,GPS,32,65.0,120.0,32.0,是
0703002-0918-15-42-gnss_raw.txt,2436,459515.000,GLONASS,72,40.0,331.0,28.0,是
0703002-0918-15-42-gnss_raw.txt,2436,459515.000,GLONASS,73,46.0,18.0,40.0,是
0703002-0918-15-42-gnss_raw.txt,2436,459515.000,GLONASS,90,0.0,0.0,36.0,是
0703002-0918-15-42-gnss_raw.txt,2436,459515.000,Galileo,14,0.0,0.0,31.0,是
0703002-0918-15-42-gnss_raw.txt,2436,459515.000,Galileo,19,51.0,328.0,30.0,是
0703002-0918-15-42-gnss_raw.txt,2436,459515.000,Galileo,21,73.0,185.0,28.0,是
0703002-0918-15-42-gnss_raw.txt,2436,459515.000,Galileo,27,0.0,0.0,27.0,是
0703002-0918-15-42-gnss_raw.txt,2436,459515.000,QZSS,2,56.0,125.0,27.0,是
0703002-0918-15-42-gnss_raw.txt,2436,459515.000,QZSS,7,53.0,169.0,22.0,是
0703002-0918-15-42-gnss_raw.txt,2436,459515.000,BDS,3,53.0,201.0,32.0,是
0703002-0918-15-42-gnss_raw.txt,2436,459515.000,BDS,7,63.0,339.0,30.0,是
0703002-0918-15-42-gnss_raw.txt,2436,459515.000,BDS,9,55.0,225.0,30.0,是
0703002-0918-15-42-gnss_raw.txt,2436,459515.000,BDS,10,62.0,317.0,30.0,是
0703002-0918-15-42-gnss_raw.txt,2436,459515.000,BDS,19,32.0,159.0,24.0,是
0703002-0918-15-42-gnss_raw.txt,2436,459515.000,BDS,21,33.0,317.0,25.0,是
0703002-0918-15-42-gnss_raw.txt,2436,459515.000,BDS,22,75.0,238.0,32.0,是
0703002-0918-15-42-gnss_raw.txt,2436,459515.000,BDS,36,60.0,22.0,32.0,是
0703002-0918-15-42-gnss_raw.txt,2436,459515.000,BDS,39,53.0,269.0,28.0,是
0703002-0918-15-42-gnss_raw.txt,2436,459516.000,GPS,10,13.0,182.0,24.0,是
0703002-0918-15-42-gnss_raw.txt,2436,459516.000,GPS,26,55.0,235.0,32.0,是
0703002-0918-15-42-gnss_raw.txt,2436,459516.000,GPS,28,58.0,12.0,31.0,是
0703002-0918-15-42-gnss_raw.txt,2436,459516.000,GPS,31,52.0,316.0,33.0,是
0703002-0918-15-42-gnss_raw.txt,2436,459516.000,GPS,32,65.0,120.0,32.0,是
0703002-0918-15-42-gnss_raw.txt,2436,459516.000,GLONASS,72,40.0,331.0,29.0,是
0703002-0918-15-42-gnss_raw.txt,2436,459516.000,GLONASS,73,46.0,18.0,40.0,是
0703002-0918-15-42-gnss_raw.txt,2436,459516.000,GLONASS,90,0.0,0.0,36.0,是
0703002-0918-15-42-gnss_raw.txt,2436,459516.000,Galileo,14,0.0,0.0,28.0,是
0703002-0918-15-42-gnss_raw.txt,2436,459516.000,Galileo,19,51.0,328.0,30.0,是
0703002-0918-15-42-gnss_raw.txt,2436,459516.000,Galileo,21,73.0,185.0,28.0,是
0703002-0918-15-42-gnss_raw.txt,2436,459516.000,Galileo,27,0.0,0.0,28.0,是
0703002-0918-15-42-gnss_raw.txt,2436,459516.000,QZSS,2,56.0,125.0,26.0,是
0703002-0918-15-42-gnss_raw.txt,2436,459516.000,QZSS,7,53.0,169.0,22.0,是
0703002-0918-15-42-gnss_raw.txt,2436,459516.000,BDS,3,53.0,201.0,32.0,是
0703002-0918-15-42-gnss_raw.txt,2436,459516.000,BDS,7,63.0,339.0,30.0,是
0703002-0918-15-42-gnss_raw.txt,2436,459516.000,BDS,9,55.0,225.0,30.0,是
0703002-0918-15-42-gnss_raw.txt,2436,459516.000,BDS,10,62.0,317.0,30.0,是
0703002-0918-15-42-gnss_raw.txt,2436,459516.000,BDS,19,32.0,159.0,24.0,是
0703002-0918-15-42-gnss_raw.txt,2436,459516.000,BDS,21,33.0,317.0,26.0,是
0703002-0918-15-42-gnss_raw.txt,2436,459516.000,BDS,22,75.0,238.0,33.0,是
0703002-0918-15-42-gnss_raw.txt,2436,459516.000,BDS,36,60.0,22.0,32.0,是
0703002-0918-15-42-gnss_raw.txt,2436,459516.000,BDS,39,53.0,269.0,28.0,是
0703002-0918-15-42-gnss_raw.txt,2436,459517.000,GPS,10,13.0,182.0,23.0,是
0703002-0918-15-42-gnss_raw.txt,2436,459517.000,GPS,26,55.0,235.0,32.0,是
0703002-0918-15-42-gnss_raw.txt,2436,459517.000,GPS,28,58.0,12.0,31.0,是
0703002-0918-15-42-gnss_raw.txt,2436,459517.000,GPS,31,52.0,316.0,33.0,是
0703002-0918-15-42-gnss_raw.txt,2436,459517.000,GPS,32,65.0,120.0,32.0,是
0703002-0918-15-42-gnss_raw.txt,2436,459517.000,GLONASS,72,41.0,331.0,29.0,是
0703002-0918-15-42-gnss_raw.txt,2436,459517.000,GLONASS,73,46.0,18.0,40.0,是
0703002-0918-15-42-gnss_raw.txt,2436,459517.000,GLONASS,90,0.0,0.0,36.0,是
0703002-0918-15-42-gnss_raw.txt,2436,459517.000,Galileo,14,0.0,0.0,29.0,是
0703002-0918-15-42-gnss_raw.txt,2436,459517.000,Galileo,19,51.0,328.0,30.0,是
0703002-0918-15-42-gnss_raw.txt,2436,459517.000,Galileo,21,73.0,185.0,29.0,是
0703002-0918-15-42-gnss_raw.txt,2436,459517.000,Galileo,27,0.0,0.0,29.0,是
0703002-0918-15-42-gnss_raw.txt,2436,459517.000,QZSS,2,56.0,125.0,26.0,是
0703002-0918-15-42-gnss_raw.txt,2436,459517.000,QZSS,7,53.0,169.0,24.0,是
0703002-0918-15-42-gnss_raw.txt,2436,459517.000,BDS,3,53.0,201.0,33.0,是
0703002-0918-15-42-gnss_raw.txt,2436,459517.000,BDS,7,63.0,339.0,31.0,是
0703002-0918-15-42-gnss_raw.txt,2436,459517.000,BDS,9,55.0,225.0,28.0,是
0703002-0918-15-42-gnss_raw.txt,2436,459517.000,BDS,10,62.0,317.0,30.0,是
0703002-0918-15-42-gnss_raw.txt,2436,459517.000,BDS,19,32.0,159.0,25.0,是
0703002-0918-15-42-gnss_raw.txt,2436,459517.000,BDS,21,33.0,317.0,25.0,是
0703002-0918-15-42-gnss_raw.txt,2436,459517.000,BDS,22,75.0,238.0,32.0,是
0703002-0918-15-42-gnss_raw.txt,2436,459517.000,BDS,36,60.0,22.0,32.0,是
0703002-0918-15-42-gnss_raw.txt,2436,459517.000,BDS,39,53.0,269.0,28.0,是
0703002-0918-15-42-gnss_raw.txt,2436,459518.000,GPS,10,13.0,182.0,23.0,是
0703002-0918-15-42-gnss_raw.txt,2436,459518.000,GPS,26,55.0,235.0,32.0,是
0703002-0918-15-42-gnss_raw.txt,2436,459518.000,GPS,28,58.0,12.0,32.0,是
0703002-0918-15-42-gnss_raw.txt,2436,459518.000,GPS,31,52.0,316.0,33.0,是
0703002-0918-15-42-gnss_raw.txt,2436,459518.000,GPS,32,65.0,120.0,32.0,是
0703002-0918-15-42-gnss_raw.txt,2436,459518.000,GLONASS,72,41.0,331.0,29.0,是
0703002-0918-15-42-gnss_raw.txt,2436,459518.000,GLONASS,73,46.0,18.0,39.0,是
0703002-0918-15-42-gnss_raw.txt,2436,459518.000,GLONASS,90,0.0,0.0,36.0,是
0703002-0918-15-42-gnss_raw.txt,2436,459518.000,Galileo,14,0.0,0.0,29.0,是
0703002-0918-15-42-gnss_raw.txt,2436,459518.000,Galileo,19,51.0,328.0,31.0,是
0703002-0918-15-42-gnss_raw.txt,2436,459518.000,Galileo,21,73.0,185.0,30.0,是
0703002-0918-15-42-gnss_raw.txt,2436,459518.000,Galileo,27,0.0,0.0,31.0,是
0703002-0918-15-42-gnss_raw.txt,2436,459518.000,QZSS,2,56.0,125.0,26.0,是
0703002-0918-15-42-gnss_raw.txt,2436,459518.000,QZSS,7,53.0,169.0,25.0,是
0703002-0918-15-42-gnss_raw.txt,2436,459518.000,BDS,3,53.0,201.0,31.0,是
0703002-0918-15-42-gnss_raw.txt,2436,459518.000,BDS,7,63.0,339.0,31.0,是
0703002-0918-15-42-gnss_raw.txt,2436,459518.000,BDS,9,55.0,225.0,28.0,是
0703002-0918-15-42-gnss_raw.txt,2436,459518.000,BDS,10,62.0,317.0,29.0,是
0703002-0918-15-42-gnss_raw.txt,2436,459518.000,BDS,19,32.0,159.0,24.0,是
0703002-0918-15-42-gnss_raw.txt,2436,459518.000,BDS,21,33.0,317.0,25.0,是
0703002-0918-15-42-gnss_raw.txt,2436,459518.000,BDS,22,75.0,238.0,33.0,是
0703002-0918-15-42-gnss_raw.txt,2436,459518.000,BDS,36,60.0,22.0,32.0,是
0703002-0918-15-42-gnss_raw.txt,2436,459518.000,BDS,39,53.0,269.0,29.0,是
0703002-0918-15-42-gnss_raw.txt,2436,459519.000,GPS,10,13.0,182.0,23.0,是
0703002-0918-15-42-gnss_raw.txt,2436,459519.000,GPS,26,55.0,235.0,32.0,是
0703002-0918-15-42-gnss_raw.txt,2436,459519.000,GPS,28,58.0,12.0,31.0,是
0703002-0918-15-42-gnss_raw.txt,2436,459519.000,GPS,31,52.0,316.0,33.0,是
0703002-0918-15-42-gnss_raw.txt,2436,459519.000,GPS,32,65.0,120.0,32.0,是
0703002-0918-15-42-gnss_raw.txt,2436,459519.000,GLONASS,72,41.0,331.0,28.0,是
0703002-0918-15-42-gnss_raw.txt,2436,459519.000,GLONASS,73,46.0,18.0,39.0,是
0703002-0918-15-42-gnss_raw.txt,2436,459519.000,GLONASS,90,0.0,0.0,36.0,是
0703002-0918-15-42-gnss_raw.txt,2436,459519.000,Galileo,14,0.0,0.0,28.0,是
0703002-0918-15-42-gnss_raw.txt,2436,459519.000,Galileo,19,51.0,328.0,28.0,是
0703002-0918-15-42-gnss_raw.txt,2436,459519.000,Galileo,21,73.0,185.0,29.0,是
0703002-0918-15-42-gnss_raw.txt,2436,459519.000,Galileo,27,0.0,0.0,30.0,是
0703002-0918-15-42-gnss_raw.txt,2436,459519.000,QZSS,2,56.0,125.0,26.0,是
0703002-0918-15-42-gnss_raw.txt,2436,459519.000,QZSS,7,53.0,169.0,25.0,是
0703002-0918-15-42-gnss_raw.txt,2436,459519.000,BDS,3,53.0,201.0,31.0,是
0703002-0918-15-42-gnss_raw.txt,2436,459519.000,BDS,7,63.0,339.0,30.0,是
0703002-0918-15-42-gnss_raw.txt,2436,459519.000,BDS,9,55.0,225.0,28.0,是
0703002-0918-15-42-gnss_raw.txt,2436,459519.000,BDS,10,62.0,317.0,29.0,是
0703002-0918-15-42-gnss_raw.txt,2436,459519.000,BDS,19,32.0,159.0,24.0,是
0703002-0918-15-42-gnss_raw.txt,2436,459519.000,BDS,21,33.0,317.0,25.0,是
0703002-0918-15-42-gnss_raw.txt,2436,459519.000,BDS,22,75.0,238.0,33.0,是
0703002-0918-15-42-gnss_raw.txt,2436,459519.000,BDS,36,60.0,22.0,32.0,是
0703002-0918-15-42-gnss_raw.txt,2436,459519.000,BDS,39,53.0,269.0,28.0,是
0703002-0918-15-42-gnss_raw.txt,2436,459520.000,GPS,10,13.0,182.0,23.0,是
0703002-0918-15-42-gnss_raw.txt,2436,459520.000,GPS,26,55.0,235.0,32.0,是
0703002-0918-15-42-gnss_raw.txt,2436,459520.000,GPS,28,58.0,12.0,31.0,是
0703002-0918-15-42-gnss_raw.txt,2436,459520.000,GPS,31,52.0,316.0,33.0,是
0703002-0918-15-42-gnss_raw.txt,2436,459520.000,GPS,32,65.0,120.0,32.0,是
0703002-0918-15-42-gnss_raw.txt,2436,459520.000,GLONASS,72,41.0,331.0,29.0,是
0703002-0918-15-42-gnss_raw.txt,2436,459520.000,GLONASS,73,46.0,18.0,39.0,是
0703002-0918-15-42-gnss_raw.txt,2436,459520.000,GLONASS,90,0.0,0.0,36.0,是
0703002-0918-15-42-gnss_raw.txt,2436,459520.000,Galileo,14,0.0,0.0,28.0,是
0703002-0918-15-42-gnss_raw.txt,2436,459520.000,Galileo,19,51.0,328.0,30.0,是
0703002-0918-15-42-gnss_raw.txt,2436,459520.000,Galileo,21,73.0,185.0,28.0,是
0703002-0918-15-42-gnss_raw.txt,2436,459520.000,Galileo,27,0.0,0.0,29.0,是
0703002-0918-15-42-gnss_raw.txt,2436,459520.000,QZSS,2,56.0,125.0,26.0,是
0703002-0918-15-42-gnss_raw.txt,2436,459520.000,QZSS,7,53.0,169.0,25.0,是
0703002-0918-15-42-gnss_raw.txt,2436,459520.000,BDS,3,53.0,201.0,30.0,是
0703002-0918-15-42-gnss_raw.txt,2436,459520.000,BDS,7,63.0,339.0,30.0,是
0703002-0918-15-42-gnss_raw.txt,2436,459520.000,BDS,9,55.0,225.0,27.0,是
0703002-0918-15-42-gnss_raw.txt,2436,459520.000,BDS,10,62.0,317.0,29.0,是
0703002-0918-15-42-gnss_raw.txt,2436,459520.000,BDS,19,32.0,159.0,24.0,是
0703002-0918-15-42-gnss_raw.txt,2436,459520.000,BDS,21,33.0,317.0,24.0,是
0703002-0918-15-42-gnss_raw.txt,2436,459520.000,BDS,22,75.0,238.0,32.0,是
0703002-0918-15-42-gnss_raw.txt,2436,459520.000,BDS,36,60.0,22.0,32.0,是
0703002-0918-15-42-gnss_raw.txt,2436,459520.000,BDS,39,53.0,270.0,27.0,是
0703002-0918-15-42-gnss_raw.txt,2436,459521.000,GPS,10,13.0,182.0,29.0,是
0703002-0918-15-42-gnss_raw.txt,2436,459521.000,GPS,26,55.0,235.0,32.0,是
0703002-0918-15-42-gnss_raw.txt,2436,459521.000,GPS,28,58.0,12.0,31.0,是
0703002-0918-15-42-gnss_raw.txt,2436,459521.000,GPS,31,52.0,316.0,33.0,是
0703002-0918-15-42-gnss_raw.txt,2436,459521.000,GPS,32,65.0,120.0,32.0,是
0703002-0918-15-42-gnss_raw.txt,2436,459521.000,GLONASS,72,41.0,331.0,28.0,是
0703002-0918-15-42-gnss_raw.txt,2436,459521.000,GLONASS,73,46.0,18.0,39.0,是
0703002-0918-15-42-gnss_raw.txt,2436,459521.000,GLONASS,90,0.0,0.0,36.0,是
0703002-0918-15-42-gnss_raw.txt,2436,459521.000,Galileo,14,0.0,0.0,29.0,是
0703002-0918-15-42-gnss_raw.txt,2436,459521.000,Galileo,19,51.0,328.0,29.0,是
0703002-0918-15-42-gnss_raw.txt,2436,459521.000,Galileo,21,73.0,185.0,28.0,是
0703002-0918-15-42-gnss_raw.txt,2436,459521.000,Galileo,27,0.0,0.0,30.0,是
0703002-0918-15-42-gnss_raw.txt,2436,459521.000,QZSS,2,56.0,125.0,27.0,是
0703002-0918-15-42-gnss_raw.txt,2436,459521.000,QZSS,7,53.0,169.0,24.0,是
0703002-0918-15-42-gnss_raw.txt,2436,459521.000,BDS,3,53.0,201.0,31.0,是
0703002-0918-15-42-gnss_raw.txt,2436,459521.000,BDS,7,63.0,339.0,29.0,是
0703002-0918-15-42-gnss_raw.txt,2436,459521.000,BDS,9,55.0,225.0,26.0,是
0703002-0918-15-42-gnss_raw.txt,2436,459521.000,BDS,10,62.0,317.0,28.0,是
0703002-0918-15-42-gnss_raw.txt,2436,459521.000,BDS,19,32.0,159.0,23.0,是
0703002-0918-15-42-gnss_raw.txt,2436,459521.000,BDS,21,33.0,317.0,23.0,是
0703002-0918-15-42-gnss_raw.txt,2436,459521.000,BDS,22,75.0,238.0,32.0,是
0703002-0918-15-42-gnss_raw.txt,2436,459521.000,BDS,36,60.0,22.0,32.0,是
0703002-0918-15-42-gnss_raw.txt,2436,459521.000,BDS,39,53.0,270.0,27.0,是
0703002-0918-15-42-gnss_raw.txt,2436,459522.000,GPS,10,13.0,182.0,29.0,是
0703002-0918-15-42-gnss_raw.txt,2436,459522.000,GPS,26,55.0,235.0,32.0,是
0703002-0918-15-42-gnss_raw.txt,2436,459522.000,GPS,28,58.0,12.0,31.0,是
0703002-0918-15-42-gnss_raw.txt,2436,459522.000,GPS,31,52.0,316.0,33.0,是
0703002-0918-15-42-gnss_raw.txt,2436,459522.000,GPS,32,65.0,120.0,32.0,是
0703002-0918-15-42-gnss_raw.txt,2436,459522.000,GLONASS,72,41.0,331.0,28.0,是
0703002-0918-15-42-gnss_raw.txt,2436,459522.000,GLONASS,73,46.0,18.0,40.0,是
0703002-0918-15-42-gnss_raw.txt,2436,459522.000,GLONASS,90,0.0,0.0,36.0,是
0703002-0918-15-42-gnss_raw.txt,2436,459522.000,Galileo,14,0.0,0.0,29.0,是
0703002-0918-15-42-gnss_raw.txt,2436,459522.000,Galileo,19,51.0,328.0,30.0,是
0703002-0918-15-42-gnss_raw.txt,2436,459522.000,Galileo,21,73.0,185.0,28.0,是
0703002-0918-15-42-gnss_raw.txt,2436,459522.000,Galileo,27,0.0,0.0,30.0,是
0703002-0918-15-42-gnss_raw.txt,2436,459522.000,QZSS,2,56.0,125.0,27.0,是
0703002-0918-15-42-gnss_raw.txt,2436,459522.000,QZSS,7,53.0,169.0,24.0,是
0703002-0918-15-42-gnss_raw.txt,2436,459522.000,BDS,3,53.0,201.0,31.0,是
0703002-0918-15-42-gnss_raw.txt,2436,459522.000,BDS,7,63.0,339.0,29.0,是
0703002-0918-15-42-gnss_raw.txt,2436,459522.000,BDS,9,55.0,225.0,27.0,是
0703002-0918-15-42-gnss_raw.txt,2436,459522.000,BDS,10,62.0,317.0,28.0,是
0703002-0918-15-42-gnss_raw.txt,2436,459522.000,BDS,19,32.0,159.0,23.0,是
0703002-0918-15-42-gnss_raw.txt,2436,459522.000,BDS,21,33.0,317.0,24.0,是
0703002-0918-15-42-gnss_raw.txt,2436,459522.000,BDS,22,75.0,238.0,32.0,是
0703002-0918-15-42-gnss_raw.txt,2436,459522.000,BDS,36,60.0,22.0,32.0,是
0703002-0918-15-42-gnss_raw.txt,2436,459522.000,BDS,39,53.0,270.0,27.0,是
0703002-0918-15-42-gnss_raw.txt,2436,459523.000,GPS,10,13.0,182.0,29.0,是
0703002-0918-15-42-gnss_raw.txt,2436,459523.000,GPS,26,55.0,235.0,32.0,是
0703002-0918-15-42-gnss_raw.txt,2436,459523.000,GPS,28,58.0,12.0,31.0,是
0703002-0918-15-42-gnss_raw.txt,2436,459523.000,GPS,31,52.0,316.0,33.0,是
0703002-0918-15-42-gnss_raw.txt,2436,459523.000,GPS,32,65.0,120.0,32.0,是
0703002-0918-15-42-gnss_raw.txt,2436,459523.000,GLONASS,72,41.0,331.0,27.0,是
0703002-0918-15-42-gnss_raw.txt,2436,459523.000,GLONASS,73,46.0,18.0,40.0,是
0703002-0918-15-42-gnss_raw.txt,2436,459523.000,GLONASS,90,0.0,0.0,36.0,是
0703002-0918-15-42-gnss_raw.txt,2436,459523.000,Galileo,14,0.0,0.0,28.0,是
0703002-0918-15-42-gnss_raw.txt,2436,459523.000,Galileo,19,51.0,328.0,30.0,是
0703002-0918-15-42-gnss_raw.txt,2436,459523.000,Galileo,21,73.0,185.0,30.0,是
0703002-0918-15-42-gnss_raw.txt,2436,459523.000,Galileo,27,0.0,0.0,29.0,是
0703002-0918-15-42-gnss_raw.txt,2436,459523.000,QZSS,2,56.0,125.0,26.0,是
0703002-0918-15-42-gnss_raw.txt,2436,459523.000,QZSS,7,53.0,169.0,24.0,是
0703002-0918-15-42-gnss_raw.txt,2436,459523.000,BDS,3,53.0,201.0,32.0,是
0703002-0918-15-42-gnss_raw.txt,2436,459523.000,BDS,7,63.0,339.0,29.0,是
0703002-0918-15-42-gnss_raw.txt,2436,459523.000,BDS,9,55.0,225.0,27.0,是
0703002-0918-15-42-gnss_raw.txt,2436,459523.000,BDS,10,62.0,317.0,28.0,是
0703002-0918-15-42-gnss_raw.txt,2436,459523.000,BDS,19,32.0,159.0,23.0,是
0703002-0918-15-42-gnss_raw.txt,2436,459523.000,BDS,21,33.0,317.0,24.0,是
0703002-0918-15-42-gnss_raw.txt,2436,459523.000,BDS,22,75.0,238.0,32.0,是
0703002-0918-15-42-gnss_raw.txt,2436,459523.000,BDS,36,60.0,22.0,32.0,是
0703002-0918-15-42-gnss_raw.txt,2436,459523.000,BDS,39,53.0,270.0,26.0,是
0703002-0918-15-42-gnss_raw.txt,2436,459524.000,GPS,10,13.0,182.0,29.0,是
0703002-0918-15-42-gnss_raw.txt,2436,459524.000,GPS,26,55.0,235.0,32.0,是
0703002-0918-15-42-gnss_raw.txt,2436,459524.000,GPS,28,58.0,12.0,31.0,是
0703002-0918-15-42-gnss_raw.txt,2436,459524.000,GPS,31,52.0,316.0,33.0,是
0703002-0918-15-42-gnss_raw.txt,2436,459524.000,GPS,32,65.0,120.0,32.0,是
0703002-0918-15-42-gnss_raw.txt,2436,459524.000,GLONASS,72,41.0,331.0,28.0,是
0703002-0918-15-42-gnss_raw.txt,2436,459524.000,GLONASS,73,46.0,18.0,39.0,是
0703002-0918-15-42-gnss_raw.txt,2436,459524.000,GLONASS,90,0.0,0.0,36.0,是
0703002-0918-15-42-gnss_raw.txt,2436,459524.000,Galileo,14,0.0,0.0,28.0,是
0703002-0918-15-42-gnss_raw.txt,2436,459524.000,Galileo,19,0.0,0.0,28.0,是
0703002-0918-15-42-gnss_raw.txt,2436,459524.000,Galileo,21,73.0,185.0,30.0,是
0703002-0918-15-42-gnss_raw.txt,2436,459524.000,Galileo,27,0.0,0.0,30.0,是
0703002-0918-15-42-gnss_raw.txt,2436,459524.000,QZSS,2,56.0,125.0,26.0,是
0703002-0918-15-42-gnss_raw.txt,2436,459524.000,QZSS,7,53.0,169.0,24.0,是
0703002-0918-15-42-gnss_raw.txt,2436,459524.000,BDS,3,53.0,201.0,31.0,是
0703002-0918-15-42-gnss_raw.txt,2436,459524.000,BDS,4,0.0,0.0,26.0,是
0703002-0918-15-42-gnss_raw.txt,2436,459524.000,BDS,7,63.0,339.0,29.0,是
0703002-0918-15-42-gnss_raw.txt,2436,459524.000,BDS,9,55.0,225.0,27.0,是
0703002-0918-15-42-gnss_raw.txt,2436,459524.000,BDS,10,62.0,317.0,28.0,是
0703002-0918-15-42-gnss_raw.txt,2436,459524.000,BDS,19,32.0,159.0,23.0,是
0703002-0918-15-42-gnss_raw.txt,2436,459524.000,BDS,21,33.0,317.0,24.0,是
0703002-0918-15-42-gnss_raw.txt,2436,459524.000,BDS,22,75.0,238.0,32.0,是
0703002-0918-15-42-gnss_raw.txt,2436,459524.000,BDS,36,60.0,22.0,32.0,是
0703002-0918-15-42-gnss_raw.txt,2436,459524.000,BDS,39,53.0,270.0,27.0,是
0703002-0918-15-42-gnss_raw.txt,2436,459525.000,GPS,10,13.0,182.0,30.0,是
0703002-0918-15-42-gnss_raw.txt,2436,459525.000,GPS,26,55.0,235.0,31.0,是
0703002-0918-15-42-gnss_raw.txt,2436,459525.000,GPS,28,58.0,12.0,31.0,是
0703002-0918-15-42-gnss_raw.txt,2436,459525.000,GPS,31,52.0,316.0,32.0,是
0703002-0918-15-42-gnss_raw.txt,2436,459525.000,GPS,32,65.0,120.0,32.0,是
0703002-0918-15-42-gnss_raw.txt,2436,459525.000,GLONASS,72,41.0,331.0,29.0,是
0703002-0918-15-42-gnss_raw.txt,2436,459525.000,GLONASS,73,46.0,18.0,26.0,是
0703002-0918-15-42-gnss_raw.txt,2436,459525.000,GLONASS,90,0.0,0.0,36.0,是
0703002-0918-15-42-gnss_raw.txt,2436,459525.000,Galileo,14,0.0,0.0,29.0,是
0703002-0918-15-42-gnss_raw.txt,2436,459525.000,Galileo,19,51.0,328.0,29.0,是
0703002-0918-15-42-gnss_raw.txt,2436,459525.000,Galileo,21,73.0,185.0,29.0,是
0703002-0918-15-42-gnss_raw.txt,2436,459525.000,Galileo,27,0.0,0.0,29.0,是
0703002-0918-15-42-gnss_raw.txt,2436,459525.000,QZSS,2,56.0,125.0,26.0,是
0703002-0918-15-42-gnss_raw.txt,2436,459525.000,QZSS,7,53.0,169.0,24.0,是
0703002-0918-15-42-gnss_raw.txt,2436,459525.000,BDS,3,53.0,201.0,31.0,是
0703002-0918-15-42-gnss_raw.txt,2436,459525.000,BDS,7,63.0,339.0,29.0,是
0703002-0918-15-42-gnss_raw.txt,2436,459525.000,BDS,9,55.0,225.0,27.0,是
0703002-0918-15-42-gnss_raw.txt,2436,459525.000,BDS,10,62.0,317.0,29.0,是
0703002-0918-15-42-gnss_raw.txt,2436,459525.000,BDS,19,32.0,159.0,23.0,是
0703002-0918-15-42-gnss_raw.txt,2436,459525.000,BDS,21,33.0,317.0,24.0,是
0703002-0918-15-42-gnss_raw.txt,2436,459525.000,BDS,22,75.0,238.0,32.0,是
0703002-0918-15-42-gnss_raw.txt,2436,459525.000,BDS,36,60.0,22.0,32.0,是
0703002-0918-15-42-gnss_raw.txt,2436,459525.000,BDS,39,53.0,270.0,27.0,是
0703002-0918-15-42-gnss_raw.txt,2436,459526.000,GPS,10,13.0,182.0,30.0,是
0703002-0918-15-42-gnss_raw.txt,2436,459526.000,GPS,26,55.0,235.0,31.0,是
0703002-0918-15-42-gnss_raw.txt,2436,459526.000,GPS,28,58.0,12.0,31.0,是
0703002-0918-15-42-gnss_raw.txt,2436,459526.000,GPS,31,52.0,316.0,33.0,是
0703002-0918-15-42-gnss_raw.txt,2436,459526.000,GPS,32,65.0,120.0,32.0,是
0703002-0918-15-42-gnss_raw.txt,2436,459526.000,GLONASS,72,41.0,331.0,29.0,是
0703002-0918-15-42-gnss_raw.txt,2436,459526.000,GLONASS,73,46.0,18.0,25.0,是
0703002-0918-15-42-gnss_raw.txt,2436,459526.000,GLONASS,90,0.0,0.0,36.0,是
0703002-0918-15-42-gnss_raw.txt,2436,459526.000,Galileo,14,0.0,0.0,29.0,是
0703002-0918-15-42-gnss_raw.txt,2436,459526.000,Galileo,19,0.0,0.0,30.0,是
0703002-0918-15-42-gnss_raw.txt,2436,459526.000,Galileo,21,73.0,185.0,28.0,是
0703002-0918-15-42-gnss_raw.txt,2436,459526.000,Galileo,27,0.0,0.0,31.0,是
0703002-0918-15-42-gnss_raw.txt,2436,459526.000,QZSS,2,56.0,125.0,26.0,是
0703002-0918-15-42-gnss_raw.txt,2436,459526.000,QZSS,7,53.0,169.0,24.0,是
0703002-0918-15-42-gnss_raw.txt,2436,459526.000,BDS,3,53.0,201.0,31.0,是
0703002-0918-15-42-gnss_raw.txt,2436,459526.000,BDS,7,63.0,339.0,29.0,是
0703002-0918-15-42-gnss_raw.txt,2436,459526.000,BDS,9,55.0,225.0,27.0,是
0703002-0918-15-42-gnss_raw.txt,2436,459526.000,BDS,10,62.0,317.0,29.0,是
0703002-0918-15-42-gnss_raw.txt,2436,459526.000,BDS,19,32.0,159.0,23.0,是
0703002-0918-15-42-gnss_raw.txt,2436,459526.000,BDS,21,33.0,317.0,24.0,是
0703002-0918-15-42-gnss_raw.txt,2436,459526.000,BDS,22,75.0,238.0,32.0,是
0703002-0918-15-42-gnss_raw.txt,2436,459526.000,BDS,36,60.0,22.0,32.0,是
0703002-0918-15-42-gnss_raw.txt,2436,459526.000,BDS,39,53.0,270.0,28.0,是
0703002-0918-15-42-gnss_raw.txt,2436,459527.000,GPS,10,13.0,182.0,30.0,是
0703002-0918-15-42-gnss_raw.txt,2436,459527.000,GPS,26,55.0,235.0,31.0,是
0703002-0918-15-42-gnss_raw.txt,2436,459527.000,GPS,28,58.0,12.0,31.0,是
0703002-0918-15-42-gnss_raw.txt,2436,459527.000,GPS,31,52.0,316.0,33.0,是
0703002-0918-15-42-gnss_raw.txt,2436,459527.000,GPS,32,65.0,120.0,32.0,是
0703002-0918-15-42-gnss_raw.txt,2436,459527.000,GLONASS,72,41.0,331.0,28.0,是
0703002-0918-15-42-gnss_raw.txt,2436,459527.000,GLONASS,73,46.0,18.0,25.0,是
0703002-0918-15-42-gnss_raw.txt,2436,459527.000,GLONASS,90,0.0,0.0,36.0,是
0703002-0918-15-42-gnss_raw.txt,2436,459527.000,Galileo,14,0.0,0.0,29.0,是
0703002-0918-15-42-gnss_raw.txt,2436,459527.000,Galileo,19,51.0,328.0,30.0,是
0703002-0918-15-42-gnss_raw.txt,2436,459527.000,Galileo,21,73.0,185.0,30.0,是
0703002-0918-15-42-gnss_raw.txt,2436,459527.000,Galileo,27,0.0,0.0,31.0,是
0703002-0918-15-42-gnss_raw.txt,2436,459527.000,QZSS,2,56.0,125.0,26.0,是
0703002-0918-15-42-gnss_raw.txt,2436,459527.000,QZSS,7,53.0,169.0,23.0,是
0703002-0918-15-42-gnss_raw.txt,2436,459527.000,BDS,3,53.0,201.0,31.0,是
0703002-0918-15-42-gnss_raw.txt,2436,459527.000,BDS,7,63.0,339.0,29.0,是
0703002-0918-15-42-gnss_raw.txt,2436,459527.000,BDS,9,55.0,225.0,28.0,是
0703002-0918-15-42-gnss_raw.txt,2436,459527.000,BDS,10,62.0,317.0,30.0,是
0703002-0918-15-42-gnss_raw.txt,2436,459527.000,BDS,19,32.0,159.0,24.0,是
0703002-0918-15-42-gnss_raw.txt,2436,459527.000,BDS,21,33.0,317.0,24.0,是
0703002-0918-15-42-gnss_raw.txt,2436,459527.000,BDS,22,75.0,238.0,32.0,是
0703002-0918-15-42-gnss_raw.txt,2436,459527.000,BDS,36,60.0,22.0,32.0,是
0703002-0918-15-42-gnss_raw.txt,2436,459527.000,BDS,39,53.0,270.0,28.0,是
0703002-0918-15-42-gnss_raw.txt,2436,459528.000,GPS,10,13.0,182.0,30.0,是
0703002-0918-15-42-gnss_raw.txt,2436,459528.000,GPS,26,55.0,235.0,31.0,是
0703002-0918-15-42-gnss_raw.txt,2436,459528.000,GPS,28,58.0,12.0,31.0,是
0703002-0918-15-42-gnss_raw.txt,2436,459528.000,GPS,31,52.0,316.0,32.0,是
0703002-0918-15-42-gnss_raw.txt,2436,459528.000,GPS,32,65.0,120.0,32.0,是
0703002-0918-15-42-gnss_raw.txt,2436,459528.000,GLONASS,72,41.0,331.0,27.0,是
0703002-0918-15-42-gnss_raw.txt,2436,459528.000,GLONASS,73,46.0,18.0,25.0,是
0703002-0918-15-42-gnss_raw.txt,2436,459528.000,GLONASS,90,0.0,0.0,36.0,是
0703002-0918-15-42-gnss_raw.txt,2436,459528.000,Galileo,14,0.0,0.0,28.0,是
0703002-0918-15-42-gnss_raw.txt,2436,459528.000,Galileo,19,51.0,328.0,30.0,是
0703002-0918-15-42-gnss_raw.txt,2436,459528.000,Galileo,21,73.0,185.0,29.0,是
0703002-0918-15-42-gnss_raw.txt,2436,459528.000,Galileo,27,0.0,0.0,30.0,是
0703002-0918-15-42-gnss_raw.txt,2436,459528.000,QZSS,2,56.0,125.0,26.0,是
0703002-0918-15-42-gnss_raw.txt,2436,459528.000,QZSS,7,53.0,169.0,24.0,是
0703002-0918-15-42-gnss_raw.txt,2436,459528.000,BDS,3,53.0,201.0,32.0,是
0703002-0918-15-42-gnss_raw.txt,2436,459528.000,BDS,7,63.0,339.0,29.0,是
0703002-0918-15-42-gnss_raw.txt,2436,459528.000,BDS,9,55.0,225.0,27.0,是
0703002-0918-15-42-gnss_raw.txt,2436,459528.000,BDS,10,62.0,317.0,29.0,是
0703002-0918-15-42-gnss_raw.txt,2436,459528.000,BDS,19,32.0,159.0,25.0,是
0703002-0918-15-42-gnss_raw.txt,2436,459528.000,BDS,21,33.0,317.0,25.0,是
0703002-0918-15-42-gnss_raw.txt,2436,459528.000,BDS,22,75.0,238.0,32.0,是
0703002-0918-15-42-gnss_raw.txt,2436,459528.000,BDS,36,60.0,22.0,32.0,是
0703002-0918-15-42-gnss_raw.txt,2436,459528.000,BDS,39,53.0,270.0,28.0,是
0703002-0918-15-42-gnss_raw.txt,2436,459529.000,GPS,10,13.0,182.0,26.0,是
0703002-0918-15-42-gnss_raw.txt,2436,459529.000,GPS,26,55.0,235.0,31.0,是
0703002-0918-15-42-gnss_raw.txt,2436,459529.000,GPS,28,58.0,12.0,32.0,是
0703002-0918-15-42-gnss_raw.txt,2436,459529.000,GPS,31,52.0,316.0,32.0,是
0703002-0918-15-42-gnss_raw.txt,2436,459529.000,GPS,32,65.0,120.0,32.0,是
0703002-0918-15-42-gnss_raw.txt,2436,459529.000,GLONASS,72,41.0,331.0,28.0,是
0703002-0918-15-42-gnss_raw.txt,2436,459529.000,GLONASS,73,46.0,18.0,27.0,是
0703002-0918-15-42-gnss_raw.txt,2436,459529.000,GLONASS,90,0.0,0.0,36.0,是
0703002-0918-15-42-gnss_raw.txt,2436,459529.000,Galileo,14,0.0,0.0,29.0,是
0703002-0918-15-42-gnss_raw.txt,2436,459529.000,Galileo,19,51.0,328.0,30.0,是
0703002-0918-15-42-gnss_raw.txt,2436,459529.000,Galileo,21,73.0,185.0,29.0,是
0703002-0918-15-42-gnss_raw.txt,2436,459529.000,Galileo,27,0.0,0.0,30.0,是
0703002-0918-15-42-gnss_raw.txt,2436,459529.000,QZSS,2,56.0,125.0,26.0,是
0703002-0918-15-42-gnss_raw.txt,2436,459529.000,QZSS,7,53.0,169.0,25.0,是
0703002-0918-15-42-gnss_raw.txt,2436,459529.000,BDS,3,53.0,201.0,31.0,是
0703002-0918-15-42-gnss_raw.txt,2436,459529.000,BDS,4,0.0,0.0,27.0,是
0703002-0918-15-42-gnss_raw.txt,2436,459529.000,BDS,7,63.0,339.0,29.0,是
0703002-0918-15-42-gnss_raw.txt,2436,459529.000,BDS,9,55.0,225.0,27.0,是
0703002-0918-15-42-gnss_raw.txt,2436,459529.000,BDS,10,62.0,317.0,29.0,是
0703002-0918-15-42-gnss_raw.txt,2436,459529.000,BDS,19,32.0,159.0,25.0,是
0703002-0918-15-42-gnss_raw.txt,2436,459529.000,BDS,21,33.0,317.0,24.0,是
0703002-0918-15-42-gnss_raw.txt,2436,459529.000,BDS,22,75.0,238.0,32.0,是
0703002-0918-15-42-gnss_raw.txt,2436,459529.000,BDS,36,60.0,22.0,32.0,是
0703002-0918-15-42-gnss_raw.txt,2436,459529.000,BDS,39,53.0,270.0,28.0,是
0703002-0918-15-42-gnss_raw.txt,2436,459530.000,GPS,10,13.0,182.0,22.0,是
0703002-0918-15-42-gnss_raw.txt,2436,459530.000,GPS,26,55.0,235.0,31.0,是
0703002-0918-15-42-gnss_raw.txt,2436,459530.000,GPS,28,58.0,12.0,32.0,是
0703002-0918-15-42-gnss_raw.txt,2436,459530.000,GPS,31,52.0,316.0,32.0,是
0703002-0918-15-42-gnss_raw.txt,2436,459530.000,GPS,32,65.0,120.0,31.0,是
0703002-0918-15-42-gnss_raw.txt,2436,459530.000,GLONASS,72,41.0,331.0,28.0,是
0703002-0918-15-42-gnss_raw.txt,2436,459530.000,GLONASS,73,46.0,18.0,26.0,是
0703002-0918-15-42-gnss_raw.txt,2436,459530.000,GLONASS,90,0.0,0.0,36.0,是
0703002-0918-15-42-gnss_raw.txt,2436,459530.000,Galileo,14,0.0,0.0,29.0,是
0703002-0918-15-42-gnss_raw.txt,2436,459530.000,Galileo,19,51.0,328.0,29.0,是
0703002-0918-15-42-gnss_raw.txt,2436,459530.000,Galileo,21,73.0,185.0,29.0,是
0703002-0918-15-42-gnss_raw.txt,2436,459530.000,Galileo,27,0.0,0.0,30.0,是
0703002-0918-15-42-gnss_raw.txt,2436,459530.000,QZSS,2,56.0,125.0,26.0,是
0703002-0918-15-42-gnss_raw.txt,2436,459530.000,QZSS,7,53.0,169.0,24.0,是
0703002-0918-15-42-gnss_raw.txt,2436,459530.000,BDS,3,53.0,201.0,31.0,是
0703002-0918-15-42-gnss_raw.txt,2436,459530.000,BDS,7,63.0,339.0,29.0,是
0703002-0918-15-42-gnss_raw.txt,2436,459530.000,BDS,9,55.0,225.0,27.0,是
0703002-0918-15-42-gnss_raw.txt,2436,459530.000,BDS,10,62.0,317.0,29.0,是
0703002-0918-15-42-gnss_raw.txt,2436,459530.000,BDS,19,32.0,159.0,25.0,是
0703002-0918-15-42-gnss_raw.txt,2436,459530.000,BDS,21,33.0,316.0,24.0,是
0703002-0918-15-42-gnss_raw.txt,2436,459530.000,BDS,22,75.0,238.0,32.0,是
0703002-0918-15-42-gnss_raw.txt,2436,459530.000,BDS,36,60.0,22.0,32.0,是
0703002-0918-15-42-gnss_raw.txt,2436,459530.000,BDS,39,53.0,270.0,27.0,是
0703002-0918-15-42-gnss_raw.txt,2436,459531.000,GPS,10,13.0,182.0,22.0,是
0703002-0918-15-42-gnss_raw.txt,2436,459531.000,GPS,26,55.0,235.0,31.0,是
0703002-0918-15-42-gnss_raw.txt,2436,459531.000,GPS,28,58.0,12.0,32.0,是
0703002-0918-15-42-gnss_raw.txt,2436,459531.000,GPS,31,52.0,316.0,32.0,是
0703002-0918-15-42-gnss_raw.txt,2436,459531.000,GPS,32,65.0,120.0,31.0,是
0703002-0918-15-42-gnss_raw.txt,2436,459531.000,GLONASS,72,41.0,331.0,27.0,是
0703002-0918-15-42-gnss_raw.txt,2436,459531.000,GLONASS,73,46.0,18.0,25.0,是
0703002-0918-15-42-gnss_raw.txt,2436,459531.000,GLONASS,90,0.0,0.0,36.0,是
0703002-0918-15-42-gnss_raw.txt,2436,459531.000,Galileo,14,0.0,0.0,27.0,是
0703002-0918-15-42-gnss_raw.txt,2436,459531.000,Galileo,19,51.0,328.0,28.0,是
0703002-0918-15-42-gnss_raw.txt,2436,459531.000,Galileo,21,74.0,185.0,28.0,是
0703002-0918-15-42-gnss_raw.txt,2436,459531.000,Galileo,27,0.0,0.0,31.0,是
0703002-0918-15-42-gnss_raw.txt,2436,459531.000,QZSS,2,56.0,125.0,26.0,是
0703002-0918-15-42-gnss_raw.txt,2436,459531.000,QZSS,7,53.0,169.0,24.0,是
0703002-0918-15-42-gnss_raw.txt,2436,459531.000,BDS,3,53.0,201.0,30.0,是
0703002-0918-15-42-gnss_raw.txt,2436,459531.000,BDS,7,63.0,339.0,29.0,是
0703002-0918-15-42-gnss_raw.txt,2436,459531.000,BDS,9,55.0,225.0,26.0,是
0703002-0918-15-42-gnss_raw.txt,2436,459531.000,BDS,10,62.0,317.0,30.0,是
0703002-0918-15-42-gnss_raw.txt,2436,459531.000,BDS,19,32.0,159.0,25.0,是
0703002-0918-15-42-gnss_raw.txt,2436,459531.000,BDS,21,33.0,316.0,24.0,是
0703002-0918-15-42-gnss_raw.txt,2436,459531.000,BDS,22,75.0,238.0,32.0,是
0703002-0918-15-42-gnss_raw.txt,2436,459531.000,BDS,36,60.0,22.0,32.0,是
0703002-0918-15-42-gnss_raw.txt,2436,459531.000,BDS,39,53.0,270.0,27.0,是
0703002-0918-15-42-gnss_raw.txt,2436,459532.000,GPS,10,13.0,182.0,22.0,是
0703002-0918-15-42-gnss_raw.txt,2436,459532.000,GPS,26,55.0,235.0,31.0,是
0703002-0918-15-42-gnss_raw.txt,2436,459532.000,GPS,28,58.0,12.0,32.0,是
0703002-0918-15-42-gnss_raw.txt,2436,459532.000,GPS,31,52.0,316.0,32.0,是
0703002-0918-15-42-gnss_raw.txt,2436,459532.000,GPS,32,65.0,120.0,31.0,是
0703002-0918-15-42-gnss_raw.txt,2436,459532.000,GLONASS,72,41.0,331.0,28.0,是
0703002-0918-15-42-gnss_raw.txt,2436,459532.000,GLONASS,73,46.0,18.0,23.0,是
0703002-0918-15-42-gnss_raw.txt,2436,459532.000,GLONASS,90,0.0,0.0,36.0,是
0703002-0918-15-42-gnss_raw.txt,2436,459532.000,Galileo,14,0.0,0.0,29.0,是
0703002-0918-15-42-gnss_raw.txt,2436,459532.000,Galileo,19,51.0,328.0,30.0,是
0703002-0918-15-42-gnss_raw.txt,2436,459532.000,Galileo,21,74.0,185.0,29.0,是
0703002-0918-15-42-gnss_raw.txt,2436,459532.000,Galileo,27,0.0,0.0,30.0,是
0703002-0918-15-42-gnss_raw.txt,2436,459532.000,QZSS,2,56.0,125.0,26.0,是
0703002-0918-15-42-gnss_raw.txt,2436,459532.000,QZSS,7,53.0,169.0,25.0,是
0703002-0918-15-42-gnss_raw.txt,2436,459532.000,BDS,3,53.0,201.0,31.0,是
0703002-0918-15-42-gnss_raw.txt,2436,459532.000,BDS,7,63.0,339.0,29.0,是
0703002-0918-15-42-gnss_raw.txt,2436,459532.000,BDS,9,55.0,225.0,26.0,是
0703002-0918-15-42-gnss_raw.txt,2436,459532.000,BDS,10,62.0,317.0,30.0,是
0703002-0918-15-42-gnss_raw.txt,2436,459532.000,BDS,19,32.0,159.0,25.0,是
0703002-0918-15-42-gnss_raw.txt,2436,459532.000,BDS,21,33.0,316.0,24.0,是
0703002-0918-15-42-gnss_raw.txt,2436,459532.000,BDS,22,75.0,238.0,32.0,是
0703002-0918-15-42-gnss_raw.txt,2436,459532.000,BDS,36,60.0,22.0,32.0,是
0703002-0918-15-42-gnss_raw.txt,2436,459532.000,BDS,39,53.0,270.0,27.0,是
0703002-0918-15-42-gnss_raw.txt,2436,459533.000,GPS,10,13.0,182.0,22.0,是
0703002-0918-15-42-gnss_raw.txt,2436,459533.000,GPS,26,55.0,235.0,31.0,是
0703002-0918-15-42-gnss_raw.txt,2436,459533.000,GPS,28,58.0,12.0,31.0,是
0703002-0918-15-42-gnss_raw.txt,2436,459533.000,GPS,31,52.0,316.0,32.0,是
0703002-0918-15-42-gnss_raw.txt,2436,459533.000,GPS,32,65.0,120.0,31.0,是
0703002-0918-15-42-gnss_raw.txt,2436,459533.000,GLONASS,72,41.0,331.0,28.0,是
0703002-0918-15-42-gnss_raw.txt,2436,459533.000,GLONASS,73,46.0,18.0,24.0,是
0703002-0918-15-42-gnss_raw.txt,2436,459533.000,GLONASS,90,0.0,0.0,35.0,是
0703002-0918-15-42-gnss_raw.txt,2436,459533.000,Galileo,14,0.0,0.0,27.0,是
0703002-0918-15-42-gnss_raw.txt,2436,459533.000,Galileo,19,51.0,328.0,28.0,是
0703002-0918-15-42-gnss_raw.txt,2436,459533.000,Galileo,21,74.0,185.0,29.0,是
0703002-0918-15-42-gnss_raw.txt,2436,459533.000,Galileo,27,0.0,0.0,31.0,是
0703002-0918-15-42-gnss_raw.txt,2436,459533.000,QZSS,2,56.0,125.0,25.0,是
0703002-0918-15-42-gnss_raw.txt,2436,459533.000,QZSS,7,53.0,169.0,25.0,是
0703002-0918-15-42-gnss_raw.txt,2436,459533.000,BDS,3,53.0,201.0,31.0,是
0703002-0918-15-42-gnss_raw.txt,2436,459533.000,BDS,4,0.0,0.0,28.0,是
0703002-0918-15-42-gnss_raw.txt,2436,459533.000,BDS,7,63.0,339.0,29.0,是
0703002-0918-15-42-gnss_raw.txt,2436,459533.000,BDS,9,55.0,225.0,26.0,是
0703002-0918-15-42-gnss_raw.txt,2436,459533.000,BDS,10,62.0,317.0,29.0,是
0703002-0918-15-42-gnss_raw.txt,2436,459533.000,BDS,19,32.0,159.0,25.0,是
0703002-0918-15-42-gnss_raw.txt,2436,459533.000,BDS,21,33.0,316.0,24.0,是
0703002-0918-15-42-gnss_raw.txt,2436,459533.000,BDS,22,75.0,238.0,32.0,是
0703002-0918-15-42-gnss_raw.txt,2436,459533.000,BDS,36,60.0,22.0,32.0,是
0703002-0918-15-42-gnss_raw.txt,2436,459533.000,BDS,39,53.0,270.0,25.0,是
0703002-0918-15-42-gnss_raw.txt,2436,459534.000,GPS,10,13.0,182.0,21.0,是
0703002-0918-15-42-gnss_raw.txt,2436,459534.000,GPS,26,55.0,235.0,31.0,是
0703002-0918-15-42-gnss_raw.txt,2436,459534.000,GPS,28,58.0,12.0,31.0,是
0703002-0918-15-42-gnss_raw.txt,2436,459534.000,GPS,31,52.0,316.0,32.0,是
0703002-0918-15-42-gnss_raw.txt,2436,459534.000,GPS,32,65.0,120.0,32.0,是
0703002-0918-15-42-gnss_raw.txt,2436,459534.000,GLONASS,72,41.0,331.0,29.0,是
0703002-0918-15-42-gnss_raw.txt,2436,459534.000,GLONASS,73,46.0,18.0,24.0,是
0703002-0918-15-42-gnss_raw.txt,2436,459534.000,GLONASS,90,0.0,0.0,36.0,是
0703002-0918-15-42-gnss_raw.txt,2436,459534.000,Galileo,14,0.0,0.0,28.0,是
0703002-0918-15-42-gnss_raw.txt,2436,459534.000,Galileo,19,51.0,328.0,29.0,是
0703002-0918-15-42-gnss_raw.txt,2436,459534.000,Galileo,21,74.0,185.0,29.0,是
0703002-0918-15-42-gnss_raw.txt,2436,459534.000,Galileo,27,0.0,0.0,31.0,是
0703002-0918-15-42-gnss_raw.txt,2436,459534.000,QZSS,2,56.0,125.0,24.0,是
0703002-0918-15-42-gnss_raw.txt,2436,459534.000,QZSS,7,53.0,169.0,25.0,是
0703002-0918-15-42-gnss_raw.txt,2436,459534.000,BDS,3,53.0,201.0,31.0,是
0703002-0918-15-42-gnss_raw.txt,2436,459534.000,BDS,7,63.0,339.0,29.0,是
0703002-0918-15-42-gnss_raw.txt,2436,459534.000,BDS,9,55.0,225.0,26.0,是
0703002-0918-15-42-gnss_raw.txt,2436,459534.000,BDS,10,62.0,317.0,29.0,是
0703002-0918-15-42-gnss_raw.txt,2436,459534.000,BDS,19,32.0,159.0,25.0,是
0703002-0918-15-42-gnss_raw.txt,2436,459534.000,BDS,21,33.0,316.0,24.0,是
0703002-0918-15-42-gnss_raw.txt,2436,459534.000,BDS,22,75.0,238.0,32.0,是
0703002-0918-15-42-gnss_raw.txt,2436,459534.000,BDS,36,60.0,22.0,32.0,是
0703002-0918-15-42-gnss_raw.txt,2436,459534.000,BDS,39,53.0,270.0,26.0,是
0703002-0918-15-42-gnss_raw.txt,2436,459535.000,GPS,10,13.0,182.0,21.0,是
0703002-0918-15-42-gnss_raw.txt,2436,459535.000,GPS,26,55.0,235.0,31.0,是
0703002-0918-15-42-gnss_raw.txt,2436,459535.000,GPS,28,58.0,12.0,31.0,是
0703002-0918-15-42-gnss_raw.txt,2436,459535.000,GPS,31,52.0,316.0,32.0,是
0703002-0918-15-42-gnss_raw.txt,2436,459535.000,GPS,32,65.0,120.0,32.0,是
0703002-0918-15-42-gnss_raw.txt,2436,459535.000,GLONASS,72,41.0,331.0,28.0,是
0703002-0918-15-42-gnss_raw.txt,2436,459535.000,GLONASS,73,46.0,18.0,25.0,是
0703002-0918-15-42-gnss_raw.txt,2436,459535.000,GLONASS,90,0.0,0.0,36.0,是
0703002-0918-15-42-gnss_raw.txt,2436,459535.000,Galileo,14,0.0,0.0,28.0,是
0703002-0918-15-42-gnss_raw.txt,2436,459535.000,Galileo,19,51.0,328.0,29.0,是
0703002-0918-15-42-gnss_raw.txt,2436,459535.000,Galileo,21,74.0,185.0,30.0,是
0703002-0918-15-42-gnss_raw.txt,2436,459535.000,Galileo,27,0.0,0.0,29.0,是
0703002-0918-15-42-gnss_raw.txt,2436,459535.000,QZSS,2,56.0,125.0,24.0,是
0703002-0918-15-42-gnss_raw.txt,2436,459535.000,QZSS,7,53.0,169.0,24.0,是
0703002-0918-15-42-gnss_raw.txt,2436,459535.000,BDS,3,53.0,201.0,32.0,是
0703002-0918-15-42-gnss_raw.txt,2436,459535.000,BDS,4,0.0,0.0,25.0,是
0703002-0918-15-42-gnss_raw.txt,2436,459535.000,BDS,7,63.0,339.0,29.0,是
0703002-0918-15-42-gnss_raw.txt,2436,459535.000,BDS,9,55.0,225.0,26.0,是
0703002-0918-15-42-gnss_raw.txt,2436,459535.000,BDS,10,62.0,317.0,28.0,是
0703002-0918-15-42-gnss_raw.txt,2436,459535.000,BDS,19,32.0,159.0,24.0,是
0703002-0918-15-42-gnss_raw.txt,2436,459535.000,BDS,21,33.0,316.0,24.0,是
0703002-0918-15-42-gnss_raw.txt,2436,459535.000,BDS,22,75.0,238.0,32.0,是
0703002-0918-15-42-gnss_raw.txt,2436,459535.000,BDS,36,60.0,22.0,33.0,是
0703002-0918-15-42-gnss_raw.txt,2436,459535.000,BDS,39,53.0,270.0,26.0,是
0703002-0918-15-42-gnss_raw.txt,2436,459536.000,GPS,10,13.0,182.0,20.0,是
0703002-0918-15-42-gnss_raw.txt,2436,459536.000,GPS,26,55.0,235.0,32.0,是
0703002-0918-15-42-gnss_raw.txt,2436,459536.000,GPS,28,58.0,12.0,31.0,是
0703002-0918-15-42-gnss_raw.txt,2436,459536.000,GPS,31,52.0,316.0,32.0,是
0703002-0918-15-42-gnss_raw.txt,2436,459536.000,GPS,32,65.0,120.0,32.0,是
0703002-0918-15-42-gnss_raw.txt,2436,459536.000,GLONASS,72,41.0,331.0,29.0,是
0703002-0918-15-42-gnss_raw.txt,2436,459536.000,GLONASS,73,46.0,18.0,24.0,是
0703002-0918-15-42-gnss_raw.txt,2436,459536.000,GLONASS,90,0.0,0.0,36.0,是
0703002-0918-15-42-gnss_raw.txt,2436,459536.000,Galileo,14,0.0,0.0,28.0,是
0703002-0918-15-42-gnss_raw.txt,2436,459536.000,Galileo,19,51.0,328.0,28.0,是
0703002-0918-15-42-gnss_raw.txt,2436,459536.000,Galileo,21,74.0,185.0,30.0,是
0703002-0918-15-42-gnss_raw.txt,2436,459536.000,Galileo,27,0.0,0.0,30.0,是
0703002-0918-15-42-gnss_raw.txt,2436,459536.000,QZSS,2,56.0,125.0,24.0,是
0703002-0918-15-42-gnss_raw.txt,2436,459536.000,QZSS,7,53.0,169.0,23.0,是
0703002-0918-15-42-gnss_raw.txt,2436,459536.000,BDS,3,53.0,201.0,30.0,是
0703002-0918-15-42-gnss_raw.txt,2436,459536.000,BDS,7,63.0,339.0,29.0,是
0703002-0918-15-42-gnss_raw.txt,2436,459536.000,BDS,9,55.0,225.0,26.0,是
0703002-0918-15-42-gnss_raw.txt,2436,459536.000,BDS,10,62.0,317.0,28.0,是
0703002-0918-15-42-gnss_raw.txt,2436,459536.000,BDS,19,32.0,159.0,24.0,是
0703002-0918-15-42-gnss_raw.txt,2436,459536.000,BDS,21,33.0,316.0,23.0,是
0703002-0918-15-42-gnss_raw.txt,2436,459536.000,BDS,22,75.0,238.0,32.0,是
0703002-0918-15-42-gnss_raw.txt,2436,459536.000,BDS,36,60.0,22.0,32.0,是
0703002-0918-15-42-gnss_raw.txt,2436,459536.000,BDS,39,53.0,270.0,26.0,是
0703002-0918-15-42-gnss_raw.txt,2436,459537.000,GPS,10,13.0,182.0,29.0,是
0703002-0918-15-42-gnss_raw.txt,2436,459537.000,GPS,26,55.0,235.0,31.0,是
0703002-0918-15-42-gnss_raw.txt,2436,459537.000,GPS,28,58.0,12.0,31.0,是
0703002-0918-15-42-gnss_raw.txt,2436,459537.000,GPS,31,52.0,316.0,33.0,是
0703002-0918-15-42-gnss_raw.txt,2436,459537.000,GPS,32,65.0,120.0,31.0,是
0703002-0918-15-42-gnss_raw.txt,2436,459537.000,GLONASS,72,41.0,331.0,27.0,是
0703002-0918-15-42-gnss_raw.txt,2436,459537.000,GLONASS,73,46.0,18.0,22.0,是
0703002-0918-15-42-gnss_raw.txt,2436,459537.000,GLONASS,90,0.0,0.0,36.0,是
0703002-0918-15-42-gnss_raw.txt,2436,459537.000,Galileo,14,0.0,0.0,28.0,是
0703002-0918-15-42-gnss_raw.txt,2436,459537.000,Galileo,19,51.0,328.0,27.0,是
0703002-0918-15-42-gnss_raw.txt,2436,459537.000,Galileo,21,74.0,185.0,29.0,是
0703002-0918-15-42-gnss_raw.txt,2436,459537.000,Galileo,27,0.0,0.0,29.0,是
0703002-0918-15-42-gnss_raw.txt,2436,459537.000,QZSS,2,56.0,125.0,25.0,是
0703002-0918-15-42-gnss_raw.txt,2436,459537.000,QZSS,7,53.0,169.0,24.0,是
0703002-0918-15-42-gnss_raw.txt,2436,459537.000,BDS,3,53.0,201.0,31.0,是
0703002-0918-15-42-gnss_raw.txt,2436,459537.000,BDS,7,63.0,339.0,29.0,是
0703002-0918-15-42-gnss_raw.txt,2436,459537.000,BDS,9,55.0,225.0,26.0,是
0703002-0918-15-42-gnss_raw.txt,2436,459537.000,BDS,10,62.0,317.0,28.0,是
0703002-0918-15-42-gnss_raw.txt,2436,459537.000,BDS,19,32.0,159.0,24.0,是
0703002-0918-15-42-gnss_raw.txt,2436,459537.000,BDS,21,33.0,316.0,24.0,是
0703002-0918-15-42-gnss_raw.txt,2436,459537.000,BDS,22,75.0,238.0,32.0,是
0703002-0918-15-42-gnss_raw.txt,2436,459537.000,BDS,36,60.0,22.0,33.0,是
0703002-0918-15-42-gnss_raw.txt,2436,459537.000,BDS,39,53.0,270.0,26.0,是
0703002-0918-15-42-gnss_raw.txt,2436,459538.000,GPS,10,13.0,182.0,27.0,是
0703002-0918-15-42-gnss_raw.txt,2436,459538.000,GPS,26,55.0,235.0,31.0,是
0703002-0918-15-42-gnss_raw.txt,2436,459538.000,GPS,28,58.0,12.0,31.0,是
0703002-0918-15-42-gnss_raw.txt,2436,459538.000,GPS,31,52.0,316.0,33.0,是
0703002-0918-15-42-gnss_raw.txt,2436,459538.000,GPS,32,65.0,120.0,32.0,是
0703002-0918-15-42-gnss_raw.txt,2436,459538.000,GLONASS,72,41.0,331.0,28.0,是
0703002-0918-15-42-gnss_raw.txt,2436,459538.000,GLONASS,73,46.0,18.0,24.0,是
0703002-0918-15-42-gnss_raw.txt,2436,459538.000,GLONASS,90,0.0,0.0,36.0,是
0703002-0918-15-42-gnss_raw.txt,2436,459538.000,Galileo,14,0.0,0.0,28.0,是
0703002-0918-15-42-gnss_raw.txt,2436,459538.000,Galileo,19,52.0,328.0,29.0,是
0703002-0918-15-42-gnss_raw.txt,2436,459538.000,Galileo,21,74.0,185.0,31.0,是
0703002-0918-15-42-gnss_raw.txt,2436,459538.000,Galileo,27,0.0,0.0,29.0,是
0703002-0918-15-42-gnss_raw.txt,2436,459538.000,QZSS,2,56.0,125.0,25.0,是
0703002-0918-15-42-gnss_raw.txt,2436,459538.000,QZSS,7,53.0,169.0,24.0,是
0703002-0918-15-42-gnss_raw.txt,2436,459538.000,BDS,3,53.0,201.0,31.0,是
0703002-0918-15-42-gnss_raw.txt,2436,459538.000,BDS,7,63.0,339.0,29.0,是
0703002-0918-15-42-gnss_raw.txt,2436,459538.000,BDS,9,55.0,225.0,26.0,是
0703002-0918-15-42-gnss_raw.txt,2436,459538.000,BDS,10,62.0,317.0,29.0,是
0703002-0918-15-42-gnss_raw.txt,2436,459538.000,BDS,19,32.0,159.0,23.0,是
0703002-0918-15-42-gnss_raw.txt,2436,459538.000,BDS,21,33.0,316.0,22.0,是
0703002-0918-15-42-gnss_raw.txt,2436,459538.000,BDS,22,75.0,238.0,32.0,是
0703002-0918-15-42-gnss_raw.txt,2436,459538.000,BDS,36,60.0,22.0,32.0,是
0703002-0918-15-42-gnss_raw.txt,2436,459538.000,BDS,39,53.0,270.0,26.0,是
0703002-0918-15-42-gnss_raw.txt,2436,459539.000,GPS,10,13.0,182.0,28.0,是
0703002-0918-15-42-gnss_raw.txt,2436,459539.000,GPS,26,55.0,235.0,32.0,是
0703002-0918-15-42-gnss_raw.txt,2436,459539.000,GPS,28,58.0,12.0,29.0,是
0703002-0918-15-42-gnss_raw.txt,2436,459539.000,GPS,31,52.0,316.0,32.0,是
0703002-0918-15-42-gnss_raw.txt,2436,459539.000,GPS,32,65.0,120.0,32.0,是
0703002-0918-15-42-gnss_raw.txt,2436,459539.000,GLONASS,72,41.0,331.0,24.0,是
0703002-0918-15-42-gnss_raw.txt,2436,459539.000,GLONASS,73,46.0,18.0,21.0,是
0703002-0918-15-42-gnss_raw.txt,2436,459539.000,GLONASS,90,0.0,0.0,34.0,是
0703002-0918-15-42-gnss_raw.txt,2436,459539.000,Galileo,14,0.0,0.0,29.0,是
0703002-0918-15-42-gnss_raw.txt,2436,459539.000,Galileo,19,52.0,328.0,28.0,是
0703002-0918-15-42-gnss_raw.txt,2436,459539.000,Galileo,21,74.0,185.0,30.0,是
0703002-0918-15-42-gnss_raw.txt,2436,459539.000,Galileo,27,0.0,0.0,28.0,是
0703002-0918-15-42-gnss_raw.txt,2436,459539.000,QZSS,2,56.0,125.0,25.0,是
0703002-0918-15-42-gnss_raw.txt,2436,459539.000,QZSS,7,53.0,169.0,24.0,是
0703002-0918-15-42-gnss_raw.txt,2436,459539.000,BDS,3,53.0,201.0,29.0,是
0703002-0918-15-42-gnss_raw.txt,2436,459539.000,BDS,7,63.0,339.0,26.0,是
0703002-0918-15-42-gnss_raw.txt,2436,459539.000,BDS,9,55.0,225.0,24.0,是
0703002-0918-15-42-gnss_raw.txt,2436,459539.000,BDS,10,62.0,317.0,27.0,是
0703002-0918-15-42-gnss_raw.txt,2436,459539.000,BDS,19,32.0,159.0,23.0,是
0703002-0918-15-42-gnss_raw.txt,2436,459539.000,BDS,21,33.0,316.0,34.0,是
0703002-0918-15-42-gnss_raw.txt,2436,459539.000,BDS,22,75.0,238.0,32.0,是
0703002-0918-15-42-gnss_raw.txt,2436,459539.000,BDS,36,60.0,22.0,30.0,是
0703002-0918-15-42-gnss_raw.txt,2436,459539.000,BDS,39,53.0,270.0,26.0,是
0703002-0918-15-42-gnss_raw.txt,2436,459540.000,GPS,10,13.0,182.0,29.0,是
0703002-0918-15-42-gnss_raw.txt,2436,459540.000,GPS,26,55.0,235.0,30.0,是
0703002-0918-15-42-gnss_raw.txt,2436,459540.000,GPS,28,58.0,12.0,26.0,是
0703002-0918-15-42-gnss_raw.txt,2436,459540.000,GPS,31,52.0,316.0,31.0,是
0703002-0918-15-42-gnss_raw.txt,2436,459540.000,GPS,32,65.0,120.0,31.0,是
0703002-0918-15-42-gnss_raw.txt,2436,459540.000,GLONASS,72,41.0,331.0,25.0,是
0703002-0918-15-42-gnss_raw.txt,2436,459540.000,GLONASS,73,0.0,0.0,19.0,是
0703002-0918-15-42-gnss_raw.txt,2436,459540.000,GLONASS,74,61.0,282.0,28.0,是
0703002-0918-15-42-gnss_raw.txt,2436,459540.000,GLONASS,90,0.0,0.0,34.0,是
0703002-0918-15-42-gnss_raw.txt,2436,459540.000,Galileo,14,0.0,0.0,26.0,是
0703002-0918-15-42-gnss_raw.txt,2436,459540.000,Galileo,19,52.0,328.0,28.0,是
0703002-0918-15-42-gnss_raw.txt,2436,459540.000,Galileo,21,74.0,185.0,29.0,是
0703002-0918-15-42-gnss_raw.txt,2436,459540.000,Galileo,27,0.0,0.0,28.0,是
0703002-0918-15-42-gnss_raw.txt,2436,459540.000,QZSS,2,56.0,125.0,24.0,是
0703002-0918-15-42-gnss_raw.txt,2436,459540.000,QZSS,7,53.0,169.0,23.0,是
0703002-0918-15-42-gnss_raw.txt,2436,459540.000,BDS,3,53.0,201.0,28.0,是
0703002-0918-15-42-gnss_raw.txt,2436,459540.000,BDS,7,63.0,339.0,24.0,是
0703002-0918-15-42-gnss_raw.txt,2436,459540.000,BDS,9,55.0,225.0,22.0,是
0703002-0918-15-42-gnss_raw.txt,2436,459540.000,BDS,10,62.0,317.0,24.0,是
0703002-0918-15-42-gnss_raw.txt,2436,459540.000,BDS,19,32.0,159.0,21.0,是
0703002-0918-15-42-gnss_raw.txt,2436,459540.000,BDS,21,33.0,316.0,35.0,是
0703002-0918-15-42-gnss_raw.txt,2436,459540.000,BDS,22,75.0,237.0,30.0,是
0703002-0918-15-42-gnss_raw.txt,2436,459540.000,BDS,36,60.0,22.0,24.0,是
0703002-0918-15-42-gnss_raw.txt,2436,459540.000,BDS,39,53.0,270.0,25.0,是
0703002-0918-15-42-gnss_raw.txt,2436,459541.000,GPS,10,12.0,182.0,30.0,是
0703002-0918-15-42-gnss_raw.txt,2436,459541.000,GPS,26,55.0,235.0,30.0,是
0703002-0918-15-42-gnss_raw.txt,2436,459541.000,GPS,28,58.0,12.0,27.0,是
0703002-0918-15-42-gnss_raw.txt,2436,459541.000,GPS,31,52.0,316.0,33.0,是
0703002-0918-15-42-gnss_raw.txt,2436,459541.000,GPS,32,65.0,120.0,31.0,是
0703002-0918-15-42-gnss_raw.txt,2436,459541.000,GLONASS,72,41.0,331.0,28.0,是
0703002-0918-15-42-gnss_raw.txt,2436,459541.000,GLONASS,74,61.0,282.0,28.0,是
0703002-0918-15-42-gnss_raw.txt,2436,459541.000,GLONASS,90,0.0,0.0,35.0,是
0703002-0918-15-42-gnss_raw.txt,2436,459541.000,Galileo,14,0.0,0.0,27.0,是
0703002-0918-15-42-gnss_raw.txt,2436,459541.000,Galileo,19,0.0,0.0,28.0,是
0703002-0918-15-42-gnss_raw.txt,2436,459541.000,Galileo,21,74.0,185.0,30.0,是
0703002-0918-15-42-gnss_raw.txt,2436,459541.000,Galileo,27,0.0,0.0,30.0,是
0703002-0918-15-42-gnss_raw.txt,2436,459541.000,QZSS,2,56.0,125.0,25.0,是
0703002-0918-15-42-gnss_raw.txt,2436,459541.000,QZSS,7,53.0,169.0,23.0,是
0703002-0918-15-42-gnss_raw.txt,2436,459541.000,BDS,3,53.0,201.0,29.0,是
0703002-0918-15-42-gnss_raw.txt,2436,459541.000,BDS,7,63.0,339.0,25.0,是
0703002-0918-15-42-gnss_raw.txt,2436,459541.000,BDS,9,55.0,225.0,21.0,是
0703002-0918-15-42-gnss_raw.txt,2436,459541.000,BDS,10,62.0,317.0,25.0,是
0703002-0918-15-42-gnss_raw.txt,2436,459541.000,BDS,19,32.0,159.0,21.0,是
0703002-0918-15-42-gnss_raw.txt,2436,459541.000,BDS,21,33.0,316.0,35.0,是
0703002-0918-15-42-gnss_raw.txt,2436,459541.000,BDS,22,75.0,237.0,29.0,是
0703002-0918-15-42-gnss_raw.txt,2436,459541.000,BDS,36,60.0,22.0,25.0,是
0703002-0918-15-42-gnss_raw.txt,2436,459541.000,BDS,39,53.0,270.0,24.0,是
0703002-0918-15-42-gnss_raw.txt,2436,459542.000,GPS,10,12.0,182.0,31.0,是
0703002-0918-15-42-gnss_raw.txt,2436,459542.000,GPS,26,55.0,235.0,30.0,是
0703002-0918-15-42-gnss_raw.txt,2436,459542.000,GPS,28,58.0,12.0,28.0,是
0703002-0918-15-42-gnss_raw.txt,2436,459542.000,GPS,31,52.0,316.0,33.0,是
0703002-0918-15-42-gnss_raw.txt,2436,459542.000,GPS,32,65.0,120.0,30.0,是
0703002-0918-15-42-gnss_raw.txt,2436,459542.000,GLONASS,72,41.0,331.0,29.0,是
0703002-0918-15-42-gnss_raw.txt,2436,459542.000,GLONASS,74,61.0,282.0,29.0,是
0703002-0918-15-42-gnss_raw.txt,2436,459542.000,GLONASS,90,0.0,0.0,35.0,是
0703002-0918-15-42-gnss_raw.txt,2436,459542.000,Galileo,14,0.0,0.0,28.0,是
0703002-0918-15-42-gnss_raw.txt,2436,459542.000,Galileo,19,52.0,328.0,29.0,是
0703002-0918-15-42-gnss_raw.txt,2436,459542.000,Galileo,21,74.0,185.0,31.0,是
0703002-0918-15-42-gnss_raw.txt,2436,459542.000,Galileo,27,0.0,0.0,29.0,是
0703002-0918-15-42-gnss_raw.txt,2436,459542.000,QZSS,2,56.0,125.0,25.0,是
0703002-0918-15-42-gnss_raw.txt,2436,459542.000,QZSS,7,53.0,169.0,22.0,是
0703002-0918-15-42-gnss_raw.txt,2436,459542.000,BDS,3,53.0,201.0,29.0,是
0703002-0918-15-42-gnss_raw.txt,2436,459542.000,BDS,7,63.0,339.0,26.0,是
0703002-0918-15-42-gnss_raw.txt,2436,459542.000,BDS,9,55.0,225.0,21.0,是
0703002-0918-15-42-gnss_raw.txt,2436,459542.000,BDS,10,62.0,317.0,26.0,是
0703002-0918-15-42-gnss_raw.txt,2436,459542.000,BDS,19,32.0,159.0,21.0,是
0703002-0918-15-42-gnss_raw.txt,2436,459542.000,BDS,21,33.0,316.0,36.0,是
0703002-0918-15-42-gnss_raw.txt,2436,459542.000,BDS,22,75.0,237.0,29.0,是
0703002-0918-15-42-gnss_raw.txt,2436,459542.000,BDS,36,60.0,22.0,26.0,是
0703002-0918-15-42-gnss_raw.txt,2436,459542.000,BDS,39,53.0,270.0,24.0,是
0703002-0918-15-42-gnss_raw.txt,2436,459543.000,GPS,10,12.0,182.0,24.0,是
0703002-0918-15-42-gnss_raw.txt,2436,459543.000,GPS,26,55.0,235.0,30.0,是
0703002-0918-15-42-gnss_raw.txt,2436,459543.000,GPS,28,58.0,12.0,26.0,是
0703002-0918-15-42-gnss_raw.txt,2436,459543.000,GPS,31,52.0,316.0,32.0,是
0703002-0918-15-42-gnss_raw.txt,2436,459543.000,GPS,32,65.0,120.0,28.0,是
0703002-0918-15-42-gnss_raw.txt,2436,459543.000,GLONASS,72,41.0,331.0,28.0,是
0703002-0918-15-42-gnss_raw.txt,2436,459543.000,GLONASS,73,46.0,18.0,34.0,是
0703002-0918-15-42-gnss_raw.txt,2436,459543.000,GLONASS,74,61.0,282.0,27.0,是
0703002-0918-15-42-gnss_raw.txt,2436,459543.000,GLONASS,90,0.0,0.0,36.0,是
0703002-0918-15-42-gnss_raw.txt,2436,459543.000,Galileo,14,0.0,0.0,28.0,是
0703002-0918-15-42-gnss_raw.txt,2436,459543.000,Galileo,19,52.0,328.0,29.0,是
0703002-0918-15-42-gnss_raw.txt,2436,459543.000,Galileo,21,74.0,185.0,30.0,是
0703002-0918-15-42-gnss_raw.txt,2436,459543.000,Galileo,27,0.0,0.0,27.0,是
0703002-0918-15-42-gnss_raw.txt,2436,459543.000,QZSS,2,56.0,125.0,24.0,是
0703002-0918-15-42-gnss_raw.txt,2436,459543.000,QZSS,7,53.0,169.0,22.0,是
0703002-0918-15-42-gnss_raw.txt,2436,459543.000,BDS,3,53.0,201.0,29.0,是
0703002-0918-15-42-gnss_raw.txt,2436,459543.000,BDS,7,63.0,339.0,26.0,是
0703002-0918-15-42-gnss_raw.txt,2436,459543.000,BDS,9,55.0,225.0,22.0,是
0703002-0918-15-42-gnss_raw.txt,2436,459543.000,BDS,10,62.0,317.0,26.0,是
0703002-0918-15-42-gnss_raw.txt,2436,459543.000,BDS,19,32.0,159.0,21.0,是
0703002-0918-15-42-gnss_raw.txt,2436,459543.000,BDS,21,33.0,316.0,36.0,是
0703002-0918-15-42-gnss_raw.txt,2436,459543.000,BDS,22,75.0,237.0,28.0,是
0703002-0918-15-42-gnss_raw.txt,2436,459543.000,BDS,36,60.0,22.0,26.0,是
0703002-0918-15-42-gnss_raw.txt,2436,459543.000,BDS,39,53.0,270.0,24.0,是
0703002-0918-15-42-gnss_raw.txt,2436,459544.000,GPS,10,12.0,182.0,21.0,是
0703002-0918-15-42-gnss_raw.txt,2436,459544.000,GPS,26,55.0,235.0,28.0,是
0703002-0918-15-42-gnss_raw.txt,2436,459544.000,GPS,28,58.0,12.0,23.0,是
0703002-0918-15-42-gnss_raw.txt,2436,459544.000,GPS,31,52.0,316.0,32.0,是
0703002-0918-15-42-gnss_raw.txt,2436,459544.000,GPS,32,65.0,120.0,26.0,是
0703002-0918-15-42-gnss_raw.txt,2436,459544.000,GLONASS,72,41.0,331.0,24.0,是
0703002-0918-15-42-gnss_raw.txt,2436,459544.000,GLONASS,73,46.0,18.0,32.0,是
0703002-0918-15-42-gnss_raw.txt,2436,459544.000,GLONASS,74,0.0,0.0,23.0,是
0703002-0918-15-42-gnss_raw.txt,2436,459544.000,GLONASS,90,0.0,0.0,35.0,是
0703002-0918-15-42-gnss_raw.txt,2436,459544.000,Galileo,14,0.0,0.0,28.0,是
0703002-0918-15-42-gnss_raw.txt,2436,459544.000,Galileo,19,52.0,328.0,27.0,是
0703002-0918-15-42-gnss_raw.txt,2436,459544.000,Galileo,21,74.0,185.0,28.0,是
0703002-0918-15-42-gnss_raw.txt,2436,459544.000,Galileo,27,0.0,0.0,22.0,是
0703002-0918-15-42-gnss_raw.txt,2436,459544.000,QZSS,2,56.0,125.0,24.0,是
0703002-0918-15-42-gnss_raw.txt,2436,459544.000,QZSS,7,53.0,169.0,22.0,是
0703002-0918-15-42-gnss_raw.txt,2436,459544.000,BDS,3,53.0,201.0,28.0,是
0703002-0918-15-42-gnss_raw.txt,2436,459544.000,BDS,7,63.0,339.0,25.0,是
0703002-0918-15-42-gnss_raw.txt,2436,459544.000,BDS,9,55.0,225.0,22.0,是
0703002-0918-15-42-gnss_raw.txt,2436,459544.000,BDS,10,62.0,317.0,25.0,是
0703002-0918-15-42-gnss_raw.txt,2436,459544.000,BDS,19,32.0,159.0,21.0,是
0703002-0918-15-42-gnss_raw.txt,2436,459544.000,BDS,21,33.0,316.0,36.0,是
0703002-0918-15-42-gnss_raw.txt,2436,459544.000,BDS,22,75.0,237.0,27.0,是
0703002-0918-15-42-gnss_raw.txt,2436,459544.000,BDS,36,60.0,22.0,24.0,是
0703002-0918-15-42-gnss_raw.txt,2436,459544.000,BDS,39,53.0,270.0,24.0,是
0703002-0918-15-42-gnss_raw.txt,2436,459545.000,GPS,10,12.0,182.0,21.0,是
0703002-0918-15-42-gnss_raw.txt,2436,459545.000,GPS,26,55.0,235.0,29.0,是
0703002-0918-15-42-gnss_raw.txt,2436,459545.000,GPS,28,58.0,12.0,21.0,是
0703002-0918-15-42-gnss_raw.txt,2436,459545.000,GPS,31,52.0,316.0,32.0,是
0703002-0918-15-42-gnss_raw.txt,2436,459545.000,GPS,32,65.0,120.0,28.0,是
0703002-0918-15-42-gnss_raw.txt,2436,459545.000,GLONASS,72,41.0,331.0,22.0,是
0703002-0918-15-42-gnss_raw.txt,2436,459545.000,GLONASS,73,46.0,18.0,33.0,是
0703002-0918-15-42-gnss_raw.txt,2436,459545.000,GLONASS,74,61.0,282.0,27.0,是
0703002-0918-15-42-gnss_raw.txt,2436,459545.000,GLONASS,90,0.0,0.0,36.0,是
0703002-0918-15-42-gnss_raw.txt,2436,459545.000,Galileo,14,0.0,0.0,27.0,是
0703002-0918-15-42-gnss_raw.txt,2436,459545.000,Galileo,19,52.0,328.0,30.0,是
0703002-0918-15-42-gnss_raw.txt,2436,459545.000,Galileo,21,74.0,185.0,30.0,是
0703002-0918-15-42-gnss_raw.txt,2436,459545.000,Galileo,27,0.0,0.0,25.0,是
0703002-0918-15-42-gnss_raw.txt,2436,459545.000,QZSS,2,56.0,125.0,25.0,是
0703002-0918-15-42-gnss_raw.txt,2436,459545.000,QZSS,7,53.0,169.0,22.0,是
0703002-0918-15-42-gnss_raw.txt,2436,459545.000,BDS,3,53.0,201.0,29.0,是
0703002-0918-15-42-gnss_raw.txt,2436,459545.000,BDS,7,63.0,339.0,25.0,是
0703002-0918-15-42-gnss_raw.txt,2436,459545.000,BDS,9,55.0,225.0,22.0,是
0703002-0918-15-42-gnss_raw.txt,2436,459545.000,BDS,10,62.0,317.0,27.0,是
0703002-0918-15-42-gnss_raw.txt,2436,459545.000,BDS,19,32.0,159.0,23.0,是
0703002-0918-15-42-gnss_raw.txt,2436,459545.000,BDS,21,33.0,316.0,36.0,是
0703002-0918-15-42-gnss_raw.txt,2436,459545.000,BDS,22,75.0,237.0,28.0,是
0703002-0918-15-42-gnss_raw.txt,2436,459545.000,BDS,36,60.0,22.0,22.0,是
0703002-0918-15-42-gnss_raw.txt,2436,459545.000,BDS,39,53.0,270.0,24.0,是
0703002-0918-15-42-gnss_raw.txt,2436,459546.000,GPS,10,12.0,182.0,21.0,是
0703002-0918-15-42-gnss_raw.txt,2436,459546.000,GPS,26,55.0,235.0,28.0,是
0703002-0918-15-42-gnss_raw.txt,2436,459546.000,GPS,28,58.0,12.0,20.0,是
0703002-0918-15-42-gnss_raw.txt,2436,459546.000,GPS,31,52.0,316.0,32.0,是
0703002-0918-15-42-gnss_raw.txt,2436,459546.000,GPS,32,65.0,120.0,26.0,是
0703002-0918-15-42-gnss_raw.txt,2436,459546.000,GLONASS,72,41.0,331.0,23.0,是
0703002-0918-15-42-gnss_raw.txt,2436,459546.000,GLONASS,73,46.0,18.0,31.0,是
0703002-0918-15-42-gnss_raw.txt,2436,459546.000,GLONASS,74,61.0,282.0,29.0,是
0703002-0918-15-42-gnss_raw.txt,2436,459546.000,GLONASS,90,0.0,0.0,37.0,是
0703002-0918-15-42-gnss_raw.txt,2436,459546.000,Galileo,14,0.0,0.0,27.0,是
0703002-0918-15-42-gnss_raw.txt,2436,459546.000,Galileo,19,52.0,328.0,28.0,是
0703002-0918-15-42-gnss_raw.txt,2436,459546.000,Galileo,21,74.0,185.0,30.0,是
0703002-0918-15-42-gnss_raw.txt,2436,459546.000,Galileo,27,0.0,0.0,35.0,是
0703002-0918-15-42-gnss_raw.txt,2436,459546.000,QZSS,2,56.0,125.0,24.0,是
0703002-0918-15-42-gnss_raw.txt,2436,459546.000,QZSS,7,53.0,169.0,22.0,是
0703002-0918-15-42-gnss_raw.txt,2436,459546.000,BDS,3,53.0,201.0,28.0,是
0703002-0918-15-42-gnss_raw.txt,2436,459546.000,BDS,7,63.0,339.0,26.0,是
0703002-0918-15-42-gnss_raw.txt,2436,459546.000,BDS,9,55.0,225.0,22.0,是
0703002-0918-15-42-gnss_raw.txt,2436,459546.000,BDS,10,62.0,317.0,28.0,是
0703002-0918-15-42-gnss_raw.txt,2436,459546.000,BDS,19,32.0,159.0,22.0,是
0703002-0918-15-42-gnss_raw.txt,2436,459546.000,BDS,21,33.0,316.0,27.0,是
0703002-0918-15-42-gnss_raw.txt,2436,459546.000,BDS,22,75.0,237.0,28.0,是
0703002-0918-15-42-gnss_raw.txt,2436,459546.000,BDS,36,60.0,22.0,20.0,是
0703002-0918-15-42-gnss_raw.txt,2436,459546.000,BDS,39,53.0,270.0,25.0,是
0703002-0918-15-42-gnss_raw.txt,2436,459547.000,GPS,10,12.0,182.0,23.0,是
0703002-0918-15-42-gnss_raw.txt,2436,459547.000,GPS,26,55.0,235.0,27.0,是
0703002-0918-15-42-gnss_raw.txt,2436,459547.000,GPS,28,58.0,12.0,23.0,是
0703002-0918-15-42-gnss_raw.txt,2436,459547.000,GPS,31,52.0,316.0,32.0,是
0703002-0918-15-42-gnss_raw.txt,2436,459547.000,GPS,32,65.0,120.0,27.0,是
0703002-0918-15-42-gnss_raw.txt,2436,459547.000,GLONASS,72,41.0,331.0,23.0,是
0703002-0918-15-42-gnss_raw.txt,2436,459547.000,GLONASS,73,46.0,18.0,33.0,是
0703002-0918-15-42-gnss_raw.txt,2436,459547.000,GLONASS,74,61.0,282.0,28.0,是
0703002-0918-15-42-gnss_raw.txt,2436,459547.000,GLONASS,90,0.0,0.0,37.0,是
0703002-0918-15-42-gnss_raw.txt,2436,459547.000,Galileo,14,0.0,0.0,26.0,是
0703002-0918-15-42-gnss_raw.txt,2436,459547.000,Galileo,19,52.0,328.0,29.0,是
0703002-0918-15-42-gnss_raw.txt,2436,459547.000,Galileo,21,74.0,185.0,29.0,是
0703002-0918-15-42-gnss_raw.txt,2436,459547.000,Galileo,27,0.0,0.0,37.0,是
0703002-0918-15-42-gnss_raw.txt,2436,459547.000,QZSS,2,0.0,0.0,23.0,是
0703002-0918-15-42-gnss_raw.txt,2436,459547.000,QZSS,7,53.0,169.0,22.0,是
0703002-0918-15-42-gnss_raw.txt,2436,459547.000,BDS,3,53.0,201.0,27.0,是
0703002-0918-15-42-gnss_raw.txt,2436,459547.000,BDS,7,63.0,339.0,26.0,是
0703002-0918-15-42-gnss_raw.txt,2436,459547.000,BDS,9,55.0,225.0,19.0,是
0703002-0918-15-42-gnss_raw.txt,2436,459547.000,BDS,10,62.0,317.0,29.0,是
0703002-0918-15-42-gnss_raw.txt,2436,459547.000,BDS,19,32.0,159.0,23.0,是
0703002-0918-15-42-gnss_raw.txt,2436,459547.000,BDS,21,33.0,316.0,27.0,是
0703002-0918-15-42-gnss_raw.txt,2436,459547.000,BDS,22,75.0,237.0,29.0,是
0703002-0918-15-42-gnss_raw.txt,2436,459547.000,BDS,36,60.0,22.0,18.0,是
0703002-0918-15-42-gnss_raw.txt,2436,459547.000,BDS,39,53.0,270.0,26.0,是
0703002-0918-15-42-gnss_raw.txt,2436,459548.000,GPS,10,12.0,182.0,27.0,是
0703002-0918-15-42-gnss_raw.txt,2436,459548.000,GPS,26,55.0,235.0,29.0,是
0703002-0918-15-42-gnss_raw.txt,2436,459548.000,GPS,28,58.0,12.0,26.0,是
0703002-0918-15-42-gnss_raw.txt,2436,459548.000,GPS,31,52.0,316.0,32.0,是
0703002-0918-15-42-gnss_raw.txt,2436,459548.000,GPS,32,65.0,120.0,28.0,是
0703002-0918-15-42-gnss_raw.txt,2436,459548.000,GLONASS,72,41.0,331.0,28.0,是
0703002-0918-15-42-gnss_raw.txt,2436,459548.000,GLONASS,73,46.0,18.0,32.0,是
0703002-0918-15-42-gnss_raw.txt,2436,459548.000,GLONASS,74,61.0,282.0,31.0,是
0703002-0918-15-42-gnss_raw.txt,2436,459548.000,GLONASS,90,0.0,0.0,37.0,是
0703002-0918-15-42-gnss_raw.txt,2436,459548.000,Galileo,14,0.0,0.0,30.0,是
0703002-0918-15-42-gnss_raw.txt,2436,459548.000,Galileo,19,52.0,328.0,31.0,是
0703002-0918-15-42-gnss_raw.txt,2436,459548.000,Galileo,21,74.0,185.0,32.0,是
0703002-0918-15-42-gnss_raw.txt,2436,459548.000,Galileo,27,0.0,0.0,37.0,是
0703002-0918-15-42-gnss_raw.txt,2436,459548.000,QZSS,2,56.0,125.0,25.0,是
0703002-0918-15-42-gnss_raw.txt,2436,459548.000,QZSS,7,53.0,169.0,26.0,是
0703002-0918-15-42-gnss_raw.txt,2436,459548.000,BDS,3,53.0,201.0,28.0,是
0703002-0918-15-42-gnss_raw.txt,2436,459548.000,BDS,7,63.0,339.0,28.0,是
0703002-0918-15-42-gnss_raw.txt,2436,459548.000,BDS,9,55.0,225.0,19.0,是
0703002-0918-15-42-gnss_raw.txt,2436,459548.000,BDS,10,62.0,317.0,30.0,是
0703002-0918-15-42-gnss_raw.txt,2436,459548.000,BDS,19,32.0,159.0,26.0,是
0703002-0918-15-42-gnss_raw.txt,2436,459548.000,BDS,21,33.0,316.0,30.0,是
0703002-0918-15-42-gnss_raw.txt,2436,459548.000,BDS,22,75.0,237.0,30.0,是
0703002-0918-15-42-gnss_raw.txt,2436,459548.000,BDS,36,60.0,22.0,20.0,是
0703002-0918-15-42-gnss_raw.txt,2436,459548.000,BDS,39,53.0,270.0,29.0,是
0703002-0918-15-42-gnss_raw.txt,2436,459549.000,GPS,10,12.0,182.0,28.0,是
0703002-0918-15-42-gnss_raw.txt,2436,459549.000,GPS,26,55.0,235.0,30.0,是
0703002-0918-15-42-gnss_raw.txt,2436,459549.000,GPS,28,58.0,12.0,26.0,是
0703002-0918-15-42-gnss_raw.txt,2436,459549.000,GPS,31,52.0,316.0,31.0,是
0703002-0918-15-42-gnss_raw.txt,2436,459549.000,GPS,32,65.0,120.0,29.0,是
0703002-0918-15-42-gnss_raw.txt,2436,459549.000,GLONASS,72,41.0,331.0,23.0,是
0703002-0918-15-42-gnss_raw.txt,2436,459549.000,GLONASS,73,46.0,18.0,27.0,是
0703002-0918-15-42-gnss_raw.txt,2436,459549.000,GLONASS,74,61.0,282.0,30.0,是
0703002-0918-15-42-gnss_raw.txt,2436,459549.000,GLONASS,90,0.0,0.0,37.0,是
0703002-0918-15-42-gnss_raw.txt,2436,459549.000,Galileo,14,0.0,0.0,26.0,是
0703002-0918-15-42-gnss_raw.txt,2436,459549.000,Galileo,19,52.0,328.0,28.0,是
0703002-0918-15-42-gnss_raw.txt,2436,459549.000,Galileo,21,74.0,185.0,30.0,是
0703002-0918-15-42-gnss_raw.txt,2436,459549.000,Galileo,27,0.0,0.0,37.0,是
0703002-0918-15-42-gnss_raw.txt,2436,459549.000,QZSS,2,0.0,0.0,24.0,是
0703002-0918-15-42-gnss_raw.txt,2436,459549.000,QZSS,7,53.0,169.0,27.0,是
0703002-0918-15-42-gnss_raw.txt,2436,459549.000,BDS,3,53.0,201.0,30.0,是
0703002-0918-15-42-gnss_raw.txt,2436,459549.000,BDS,7,63.0,339.0,28.0,是
0703002-0918-15-42-gnss_raw.txt,2436,459549.000,BDS,9,55.0,225.0,19.0,是
0703002-0918-15-42-gnss_raw.txt,2436,459549.000,BDS,10,62.0,317.0,30.0,是
0703002-0918-15-42-gnss_raw.txt,2436,459549.000,BDS,19,32.0,159.0,26.0,是
0703002-0918-15-42-gnss_raw.txt,2436,459549.000,BDS,21,33.0,316.0,31.0,是
0703002-0918-15-42-gnss_raw.txt,2436,459549.000,BDS,22,75.0,237.0,30.0,是
0703002-0918-15-42-gnss_raw.txt,2436,459549.000,BDS,36,60.0,22.0,19.0,是
0703002-0918-15-42-gnss_raw.txt,2436,459549.000,BDS,39,53.0,270.0,30.0,是
0703002-0918-15-42-gnss_raw.txt,2436,459550.000,GPS,10,12.0,181.0,26.0,是
0703002-0918-15-42-gnss_raw.txt,2436,459550.000,GPS,26,55.0,235.0,31.0,是
0703002-0918-15-42-gnss_raw.txt,2436,459550.000,GPS,28,58.0,12.0,26.0,是
0703002-0918-15-42-gnss_raw.txt,2436,459550.000,GPS,31,52.0,316.0,31.0,是
0703002-0918-15-42-gnss_raw.txt,2436,459550.000,GPS,32,65.0,120.0,28.0,是
0703002-0918-15-42-gnss_raw.txt,2436,459550.000,GLONASS,72,41.0,331.0,20.0,是
0703002-0918-15-42-gnss_raw.txt,2436,459550.000,GLONASS,73,0.0,0.0,22.0,是
0703002-0918-15-42-gnss_raw.txt,2436,459550.000,GLONASS,74,61.0,282.0,29.0,是
0703002-0918-15-42-gnss_raw.txt,2436,459550.000,GLONASS,90,0.0,0.0,37.0,是
0703002-0918-15-42-gnss_raw.txt,2436,459550.000,Galileo,14,0.0,0.0,26.0,是
0703002-0918-15-42-gnss_raw.txt,2436,459550.000,Galileo,19,52.0,328.0,30.0,是
0703002-0918-15-42-gnss_raw.txt,2436,459550.000,Galileo,21,74.0,185.0,30.0,是
0703002-0918-15-42-gnss_raw.txt,2436,459550.000,Galileo,27,0.0,0.0,38.0,是
0703002-0918-15-42-gnss_raw.txt,2436,459550.000,QZSS,2,56.0,125.0,24.0,是
0703002-0918-15-42-gnss_raw.txt,2436,459550.000,QZSS,7,53.0,169.0,27.0,是
0703002-0918-15-42-gnss_raw.txt,2436,459550.000,BDS,3,53.0,201.0,29.0,是
0703002-0918-15-42-gnss_raw.txt,2436,459550.000,BDS,7,63.0,339.0,27.0,是
0703002-0918-15-42-gnss_raw.txt,2436,459550.000,BDS,9,55.0,225.0,22.0,是
0703002-0918-15-42-gnss_raw.txt,2436,459550.000,BDS,10,62.0,317.0,30.0,是
0703002-0918-15-42-gnss_raw.txt,2436,459550.000,BDS,19,32.0,159.0,26.0,是
0703002-0918-15-42-gnss_raw.txt,2436,459550.000,BDS,21,33.0,316.0,29.0,是
0703002-0918-15-42-gnss_raw.txt,2436,459550.000,BDS,22,75.0,237.0,31.0,是
0703002-0918-15-42-gnss_raw.txt,2436,459550.000,BDS,36,60.0,22.0,20.0,是
0703002-0918-15-42-gnss_raw.txt,2436,459550.000,BDS,39,53.0,270.0,30.0,是
0703002-0918-15-42-gnss_raw.txt,2436,459551.000,GPS,10,12.0,181.0,25.0,是
0703002-0918-15-42-gnss_raw.txt,2436,459551.000,GPS,26,55.0,235.0,31.0,是
0703002-0918-15-42-gnss_raw.txt,2436,459551.000,GPS,28,58.0,12.0,28.0,是
0703002-0918-15-42-gnss_raw.txt,2436,459551.000,GPS,31,52.0,316.0,31.0,是
0703002-0918-15-42-gnss_raw.txt,2436,459551.000,GPS,32,65.0,120.0,27.0,是
0703002-0918-15-42-gnss_raw.txt,2436,459551.000,GLONASS,72,41.0,331.0,24.0,是
0703002-0918-15-42-gnss_raw.txt,2436,459551.000,GLONASS,73,46.0,18.0,23.0,是
0703002-0918-15-42-gnss_raw.txt,2436,459551.000,GLONASS,74,61.0,282.0,30.0,是
0703002-0918-15-42-gnss_raw.txt,2436,459551.000,GLONASS,90,0.0,0.0,37.0,是
0703002-0918-15-42-gnss_raw.txt,2436,459551.000,Galileo,14,0.0,0.0,28.0,是
0703002-0918-15-42-gnss_raw.txt,2436,459551.000,Galileo,19,52.0,328.0,30.0,是
0703002-0918-15-42-gnss_raw.txt,2436,459551.000,Galileo,21,74.0,185.0,30.0,是
0703002-0918-15-42-gnss_raw.txt,2436,459551.000,Galileo,27,0.0,0.0,38.0,是
0703002-0918-15-42-gnss_raw.txt,2436,459551.000,QZSS,2,56.0,125.0,24.0,是
0703002-0918-15-42-gnss_raw.txt,2436,459551.000,QZSS,7,53.0,169.0,27.0,是
0703002-0918-15-42-gnss_raw.txt,2436,459551.000,BDS,3,53.0,201.0,28.0,是
0703002-0918-15-42-gnss_raw.txt,2436,459551.000,BDS,7,63.0,339.0,28.0,是
0703002-0918-15-42-gnss_raw.txt,2436,459551.000,BDS,9,55.0,225.0,23.0,是
0703002-0918-15-42-gnss_raw.txt,2436,459551.000,BDS,10,62.0,317.0,30.0,是
0703002-0918-15-42-gnss_raw.txt,2436,459551.000,BDS,19,32.0,159.0,25.0,是
0703002-0918-15-42-gnss_raw.txt,2436,459551.000,BDS,21,33.0,316.0,27.0,是
0703002-0918-15-42-gnss_raw.txt,2436,459551.000,BDS,22,75.0,237.0,31.0,是
0703002-0918-15-42-gnss_raw.txt,2436,459551.000,BDS,36,60.0,22.0,21.0,是
0703002-0918-15-42-gnss_raw.txt,2436,459551.000,BDS,39,53.0,270.0,30.0,是
0703002-0918-15-42-gnss_raw.txt,2436,459552.000,GPS,10,12.0,181.0,22.0,是
0703002-0918-15-42-gnss_raw.txt,2436,459552.000,GPS,26,55.0,235.0,30.0,是
0703002-0918-15-42-gnss_raw.txt,2436,459552.000,GPS,28,58.0,12.0,29.0,是
0703002-0918-15-42-gnss_raw.txt,2436,459552.000,GPS,31,52.0,316.0,32.0,是
0703002-0918-15-42-gnss_raw.txt,2436,459552.000,GPS,32,65.0,120.0,24.0,是
0703002-0918-15-42-gnss_raw.txt,2436,459552.000,GLONASS,72,41.0,331.0,25.0,是
0703002-0918-15-42-gnss_raw.txt,2436,459552.000,GLONASS,73,46.0,18.0,29.0,是
0703002-0918-15-42-gnss_raw.txt,2436,459552.000,GLONASS,74,61.0,282.0,29.0,是
0703002-0918-15-42-gnss_raw.txt,2436,459552.000,GLONASS,90,0.0,0.0,35.0,是
0703002-0918-15-42-gnss_raw.txt,2436,459552.000,Galileo,14,0.0,0.0,27.0,是
0703002-0918-15-42-gnss_raw.txt,2436,459552.000,Galileo,19,52.0,328.0,29.0,是
0703002-0918-15-42-gnss_raw.txt,2436,459552.000,Galileo,21,74.0,185.0,30.0,是
0703002-0918-15-42-gnss_raw.txt,2436,459552.000,Galileo,27,0.0,0.0,36.0,是
0703002-0918-15-42-gnss_raw.txt,2436,459552.000,QZSS,2,56.0,125.0,23.0,是
0703002-0918-15-42-gnss_raw.txt,2436,459552.000,QZSS,7,53.0,169.0,27.0,是
0703002-0918-15-42-gnss_raw.txt,2436,459552.000,BDS,3,53.0,201.0,28.0,是
0703002-0918-15-42-gnss_raw.txt,2436,459552.000,BDS,7,63.0,339.0,28.0,是
0703002-0918-15-42-gnss_raw.txt,2436,459552.000,BDS,9,55.0,225.0,25.0,是
0703002-0918-15-42-gnss_raw.txt,2436,459552.000,BDS,10,62.0,317.0,29.0,是
0703002-0918-15-42-gnss_raw.txt,2436,459552.000,BDS,19,32.0,159.0,24.0,是
0703002-0918-15-42-gnss_raw.txt,2436,459552.000,BDS,21,33.0,316.0,27.0,是
0703002-0918-15-42-gnss_raw.txt,2436,459552.000,BDS,22,75.0,237.0,30.0,是
0703002-0918-15-42-gnss_raw.txt,2436,459552.000,BDS,36,60.0,22.0,25.0,是
0703002-0918-15-42-gnss_raw.txt,2436,459552.000,BDS,39,53.0,270.0,28.0,是
0703002-0918-15-42-gnss_raw.txt,2436,459553.000,GPS,10,12.0,181.0,20.0,是
0703002-0918-15-42-gnss_raw.txt,2436,459553.000,GPS,26,55.0,235.0,30.0,是
0703002-0918-15-42-gnss_raw.txt,2436,459553.000,GPS,28,58.0,12.0,30.0,是
0703002-0918-15-42-gnss_raw.txt,2436,459553.000,GPS,31,52.0,316.0,32.0,是
0703002-0918-15-42-gnss_raw.txt,2436,459553.000,GPS,32,65.0,120.0,26.0,是
0703002-0918-15-42-gnss_raw.txt,2436,459553.000,GLONASS,72,41.0,331.0,25.0,是
0703002-0918-15-42-gnss_raw.txt,2436,459553.000,GLONASS,73,46.0,18.0,32.0,是
0703002-0918-15-42-gnss_raw.txt,2436,459553.000,GLONASS,74,61.0,282.0,31.0,是
0703002-0918-15-42-gnss_raw.txt,2436,459553.000,GLONASS,90,0.0,0.0,35.0,是
0703002-0918-15-42-gnss_raw.txt,2436,459553.000,Galileo,14,0.0,0.0,26.0,是
0703002-0918-15-42-gnss_raw.txt,2436,459553.000,Galileo,19,52.0,328.0,29.0,是
0703002-0918-15-42-gnss_raw.txt,2436,459553.000,Galileo,21,74.0,185.0,29.0,是
0703002-0918-15-42-gnss_raw.txt,2436,459553.000,Galileo,27,0.0,0.0,27.0,是
0703002-0918-15-42-gnss_raw.txt,2436,459553.000,QZSS,2,56.0,125.0,25.0,是
0703002-0918-15-42-gnss_raw.txt,2436,459553.000,QZSS,7,53.0,169.0,26.0,是
0703002-0918-15-42-gnss_raw.txt,2436,459553.000,BDS,3,53.0,201.0,29.0,是
0703002-0918-15-42-gnss_raw.txt,2436,459553.000,BDS,7,63.0,339.0,29.0,是
0703002-0918-15-42-gnss_raw.txt,2436,459553.000,BDS,9,55.0,225.0,26.0,是
0703002-0918-15-42-gnss_raw.txt,2436,459553.000,BDS,10,62.0,317.0,28.0,是
0703002-0918-15-42-gnss_raw.txt,2436,459553.000,BDS,19,32.0,159.0,23.0,是
0703002-0918-15-42-gnss_raw.txt,2436,459553.000,BDS,21,33.0,316.0,25.0,是
0703002-0918-15-42-gnss_raw.txt,2436,459553.000,BDS,22,75.0,237.0,30.0,是
0703002-0918-15-42-gnss_raw.txt,2436,459553.000,BDS,36,60.0,22.0,28.0,是
0703002-0918-15-42-gnss_raw.txt,2436,459553.000,BDS,39,53.0,270.0,29.0,是
0703002-0918-15-42-gnss_raw.txt,2436,459554.000,GPS,10,12.0,181.0,18.0,是
0703002-0918-15-42-gnss_raw.txt,2436,459554.000,GPS,26,55.0,235.0,28.0,是
0703002-0918-15-42-gnss_raw.txt,2436,459554.000,GPS,28,58.0,12.0,31.0,是
0703002-0918-15-42-gnss_raw.txt,2436,459554.000,GPS,31,52.0,316.0,32.0,是
0703002-0918-15-42-gnss_raw.txt,2436,459554.000,GPS,32,65.0,120.0,29.0,是
0703002-0918-15-42-gnss_raw.txt,2436,459554.000,GLONASS,72,41.0,331.0,24.0,是
0703002-0918-15-42-gnss_raw.txt,2436,459554.000,GLONASS,73,46.0,18.0,33.0,是
0703002-0918-15-42-gnss_raw.txt,2436,459554.000,GLONASS,74,61.0,282.0,32.0,是
0703002-0918-15-42-gnss_raw.txt,2436,459554.000,GLONASS,90,0.0,0.0,34.0,是
0703002-0918-15-42-gnss_raw.txt,2436,459554.000,Galileo,14,0.0,0.0,26.0,是
0703002-0918-15-42-gnss_raw.txt,2436,459554.000,Galileo,19,52.0,328.0,29.0,是
0703002-0918-15-42-gnss_raw.txt,2436,459554.000,Galileo,21,74.0,185.0,31.0,是
0703002-0918-15-42-gnss_raw.txt,2436,459554.000,Galileo,27,0.0,0.0,29.0,是
0703002-0918-15-42-gnss_raw.txt,2436,459554.000,QZSS,2,56.0,125.0,25.0,是
0703002-0918-15-42-gnss_raw.txt,2436,459554.000,QZSS,7,53.0,169.0,23.0,是
0703002-0918-15-42-gnss_raw.txt,2436,459554.000,BDS,3,53.0,201.0,28.0,是
0703002-0918-15-42-gnss_raw.txt,2436,459554.000,BDS,7,63.0,339.0,30.0,是
0703002-0918-15-42-gnss_raw.txt,2436,459554.000,BDS,9,55.0,225.0,25.0,是
0703002-0918-15-42-gnss_raw.txt,2436,459554.000,BDS,10,62.0,317.0,29.0,是
0703002-0918-15-42-gnss_raw.txt,2436,459554.000,BDS,19,32.0,159.0,22.0,是
0703002-0918-15-42-gnss_raw.txt,2436,459554.000,BDS,21,33.0,316.0,25.0,是
0703002-0918-15-42-gnss_raw.txt,2436,459554.000,BDS,22,75.0,237.0,30.0,是
0703002-0918-15-42-gnss_raw.txt,2436,459554.000,BDS,36,60.0,22.0,29.0,是
0703002-0918-15-42-gnss_raw.txt,2436,459554.000,BDS,39,53.0,270.0,29.0,是
0703002-0918-15-42-gnss_raw.txt,2436,459555.000,GPS,10,0.0,0.0,20.0,是
0703002-0918-15-42-gnss_raw.txt,2436,459555.000,GPS,26,55.0,235.0,29.0,是
0703002-0918-15-42-gnss_raw.txt,2436,459555.000,GPS,28,58.0,12.0,32.0,是
0703002-0918-15-42-gnss_raw.txt,2436,459555.000,GPS,31,52.0,316.0,32.0,是
0703002-0918-15-42-gnss_raw.txt,2436,459555.000,GPS,32,65.0,120.0,31.0,是
0703002-0918-15-42-gnss_raw.txt,2436,459555.000,GLONASS,72,41.0,331.0,25.0,是
0703002-0918-15-42-gnss_raw.txt,2436,459555.000,GLONASS,73,46.0,18.0,33.0,是
0703002-0918-15-42-gnss_raw.txt,2436,459555.000,GLONASS,74,61.0,282.0,31.0,是
0703002-0918-15-42-gnss_raw.txt,2436,459555.000,GLONASS,90,0.0,0.0,35.0,是
0703002-0918-15-42-gnss_raw.txt,2436,459555.000,Galileo,14,0.0,0.0,35.0,是
0703002-0918-15-42-gnss_raw.txt,2436,459555.000,Galileo,19,52.0,328.0,29.0,是
0703002-0918-15-42-gnss_raw.txt,2436,459555.000,Galileo,21,74.0,185.0,30.0,是
0703002-0918-15-42-gnss_raw.txt,2436,459555.000,Galileo,27,0.0,0.0,27.0,是
0703002-0918-15-42-gnss_raw.txt,2436,459555.000,QZSS,2,56.0,125.0,26.0,是
0703002-0918-15-42-gnss_raw.txt,2436,459555.000,QZSS,7,53.0,169.0,23.0,是
0703002-0918-15-42-gnss_raw.txt,2436,459555.000,BDS,3,53.0,201.0,27.0,是
0703002-0918-15-42-gnss_raw.txt,2436,459555.000,BDS,7,63.0,339.0,30.0,是
0703002-0918-15-42-gnss_raw.txt,2436,459555.000,BDS,9,55.0,225.0,24.0,是
0703002-0918-15-42-gnss_raw.txt,2436,459555.000,BDS,10,62.0,317.0,28.0,是
0703002-0918-15-42-gnss_raw.txt,2436,459555.000,BDS,19,32.0,159.0,26.0,是
0703002-0918-15-42-gnss_raw.txt,2436,459555.000,BDS,21,33.0,316.0,25.0,是
0703002-0918-15-42-gnss_raw.txt,2436,459555.000,BDS,22,75.0,237.0,29.0,是
0703002-0918-15-42-gnss_raw.txt,2436,459555.000,BDS,36,60.0,22.0,30.0,是
0703002-0918-15-42-gnss_raw.txt,2436,459555.000,BDS,39,53.0,270.0,29.0,是
0703002-0918-15-42-gnss_raw.txt,2436,459556.000,GPS,10,12.0,181.0,17.0,是
0703002-0918-15-42-gnss_raw.txt,2436,459556.000,GPS,26,55.0,235.0,30.0,是
0703002-0918-15-42-gnss_raw.txt,2436,459556.000,GPS,28,58.0,12.0,32.0,是
0703002-0918-15-42-gnss_raw.txt,2436,459556.000,GPS,31,52.0,316.0,32.0,是
0703002-0918-15-42-gnss_raw.txt,2436,459556.000,GPS,32,65.0,120.0,32.0,是
0703002-0918-15-42-gnss_raw.txt,2436,459556.000,GLONASS,72,41.0,331.0,22.0,是
0703002-0918-15-42-gnss_raw.txt,2436,459556.000,GLONASS,73,46.0,18.0,33.0,是
0703002-0918-15-42-gnss_raw.txt,2436,459556.000,GLONASS,74,61.0,282.0,32.0,是
0703002-0918-15-42-gnss_raw.txt,2436,459556.000,GLONASS,90,0.0,0.0,35.0,是
0703002-0918-15-42-gnss_raw.txt,2436,459556.000,Galileo,14,0.0,0.0,35.0,是
0703002-0918-15-42-gnss_raw.txt,2436,459556.000,Galileo,19,52.0,328.0,28.0,是
0703002-0918-15-42-gnss_raw.txt,2436,459556.000,Galileo,21,74.0,185.0,31.0,是
0703002-0918-15-42-gnss_raw.txt,2436,459556.000,Galileo,27,0.0,0.0,27.0,是
0703002-0918-15-42-gnss_raw.txt,2436,459556.000,QZSS,2,56.0,125.0,28.0,是
0703002-0918-15-42-gnss_raw.txt,2436,459556.000,QZSS,7,53.0,169.0,23.0,是
0703002-0918-15-42-gnss_raw.txt,2436,459556.000,BDS,3,53.0,201.0,38.0,是
0703002-0918-15-42-gnss_raw.txt,2436,459556.000,BDS,7,63.0,339.0,31.0,是
0703002-0918-15-42-gnss_raw.txt,2436,459556.000,BDS,9,55.0,225.0,24.0,是
0703002-0918-15-42-gnss_raw.txt,2436,459556.000,BDS,10,62.0,317.0,27.0,是
0703002-0918-15-42-gnss_raw.txt,2436,459556.000,BDS,19,32.0,159.0,25.0,是
0703002-0918-15-42-gnss_raw.txt,2436,459556.000,BDS,21,33.0,316.0,26.0,是
0703002-0918-15-42-gnss_raw.txt,2436,459556.000,BDS,22,75.0,237.0,30.0,是
0703002-0918-15-42-gnss_raw.txt,2436,459556.000,BDS,36,60.0,22.0,31.0,是
0703002-0918-15-42-gnss_raw.txt,2436,459556.000,BDS,39,53.0,270.0,29.0,是
0703002-0918-15-42-gnss_raw.txt,2436,459557.000,GPS,10,12.0,181.0,25.0,是
0703002-0918-15-42-gnss_raw.txt,2436,459557.000,GPS,26,55.0,235.0,31.0,是
0703002-0918-15-42-gnss_raw.txt,2436,459557.000,GPS,28,58.0,12.0,30.0,是
0703002-0918-15-42-gnss_raw.txt,2436,459557.000,GPS,31,52.0,316.0,33.0,是
0703002-0918-15-42-gnss_raw.txt,2436,459557.000,GPS,32,65.0,120.0,33.0,是
0703002-0918-15-42-gnss_raw.txt,2436,459557.000,GLONASS,72,41.0,331.0,22.0,是
0703002-0918-15-42-gnss_raw.txt,2436,459557.000,GLONASS,73,46.0,18.0,33.0,是
0703002-0918-15-42-gnss_raw.txt,2436,459557.000,GLONASS,74,61.0,282.0,31.0,是
0703002-0918-15-42-gnss_raw.txt,2436,459557.000,GLONASS,90,0.0,0.0,31.0,是
0703002-0918-15-42-gnss_raw.txt,2436,459557.000,Galileo,14,0.0,0.0,34.0,是
0703002-0918-15-42-gnss_raw.txt,2436,459557.000,Galileo,19,52.0,328.0,28.0,是
0703002-0918-15-42-gnss_raw.txt,2436,459557.000,Galileo,21,74.0,185.0,33.0,是
0703002-0918-15-42-gnss_raw.txt,2436,459557.000,Galileo,27,0.0,0.0,26.0,是
0703002-0918-15-42-gnss_raw.txt,2436,459557.000,QZSS,2,56.0,125.0,28.0,是
0703002-0918-15-42-gnss_raw.txt,2436,459557.000,QZSS,7,53.0,169.0,23.0,是
0703002-0918-15-42-gnss_raw.txt,2436,459557.000,BDS,3,53.0,201.0,38.0,是
0703002-0918-15-42-gnss_raw.txt,2436,459557.000,BDS,7,63.0,339.0,29.0,是
0703002-0918-15-42-gnss_raw.txt,2436,459557.000,BDS,9,55.0,225.0,25.0,是
0703002-0918-15-42-gnss_raw.txt,2436,459557.000,BDS,10,62.0,317.0,28.0,是
0703002-0918-15-42-gnss_raw.txt,2436,459557.000,BDS,19,32.0,159.0,24.0,是
0703002-0918-15-42-gnss_raw.txt,2436,459557.000,BDS,21,33.0,316.0,25.0,是
0703002-0918-15-42-gnss_raw.txt,2436,459557.000,BDS,22,75.0,237.0,31.0,是
0703002-0918-15-42-gnss_raw.txt,2436,459557.000,BDS,36,60.0,22.0,31.0,是
0703002-0918-15-42-gnss_raw.txt,2436,459557.000,BDS,39,53.0,270.0,29.0,是
0703002-0918-15-42-gnss_raw.txt,2436,459558.000,GPS,10,12.0,181.0,24.0,是
0703002-0918-15-42-gnss_raw.txt,2436,459558.000,GPS,26,55.0,235.0,32.0,是
0703002-0918-15-42-gnss_raw.txt,2436,459558.000,GPS,28,58.0,12.0,29.0,是
0703002-0918-15-42-gnss_raw.txt,2436,459558.000,GPS,31,52.0,316.0,32.0,是
0703002-0918-15-42-gnss_raw.txt,2436,459558.000,GPS,32,65.0,120.0,33.0,是
0703002-0918-15-42-gnss_raw.txt,2436,459558.000,GLONASS,72,41.0,331.0,25.0,是
0703002-0918-15-42-gnss_raw.txt,2436,459558.000,GLONASS,73,46.0,18.0,31.0,是
0703002-0918-15-42-gnss_raw.txt,2436,459558.000,GLONASS,74,61.0,282.0,32.0,是
0703002-0918-15-42-gnss_raw.txt,2436,459558.000,GLONASS,90,0.0,0.0,34.0,是
0703002-0918-15-42-gnss_raw.txt,2436,459558.000,Galileo,14,0.0,0.0,35.0,是
0703002-0918-15-42-gnss_raw.txt,2436,459558.000,Galileo,19,52.0,328.0,27.0,是
0703002-0918-15-42-gnss_raw.txt,2436,459558.000,Galileo,21,74.0,185.0,34.0,是
0703002-0918-15-42-gnss_raw.txt,2436,459558.000,Galileo,27,0.0,0.0,29.0,是
0703002-0918-15-42-gnss_raw.txt,2436,459558.000,QZSS,2,56.0,125.0,29.0,是
0703002-0918-15-42-gnss_raw.txt,2436,459558.000,QZSS,7,53.0,169.0,23.0,是
0703002-0918-15-42-gnss_raw.txt,2436,459558.000,BDS,3,53.0,201.0,39.0,是
0703002-0918-15-42-gnss_raw.txt,2436,459558.000,BDS,7,63.0,339.0,28.0,是
0703002-0918-15-42-gnss_raw.txt,2436,459558.000,BDS,9,55.0,225.0,27.0,是
0703002-0918-15-42-gnss_raw.txt,2436,459558.000,BDS,10,62.0,317.0,28.0,是
0703002-0918-15-42-gnss_raw.txt,2436,459558.000,BDS,19,32.0,159.0,24.0,是
0703002-0918-15-42-gnss_raw.txt,2436,459558.000,BDS,21,33.0,316.0,23.0,是
0703002-0918-15-42-gnss_raw.txt,2436,459558.000,BDS,22,75.0,237.0,32.0,是
0703002-0918-15-42-gnss_raw.txt,2436,459558.000,BDS,36,60.0,22.0,30.0,是
0703002-0918-15-42-gnss_raw.txt,2436,459558.000,BDS,39,53.0,270.0,29.0,是
0703002-0918-15-42-gnss_raw.txt,2436,459559.000,GPS,10,12.0,181.0,22.0,是
0703002-0918-15-42-gnss_raw.txt,2436,459559.000,GPS,26,55.0,235.0,32.0,是
0703002-0918-15-42-gnss_raw.txt,2436,459559.000,GPS,28,58.0,12.0,30.0,是
0703002-0918-15-42-gnss_raw.txt,2436,459559.000,GPS,31,52.0,316.0,31.0,是
0703002-0918-15-42-gnss_raw.txt,2436,459559.000,GPS,32,65.0,120.0,34.0,是
0703002-0918-15-42-gnss_raw.txt,2436,459559.000,GLONASS,72,41.0,331.0,21.0,是
0703002-0918-15-42-gnss_raw.txt,2436,459559.000,GLONASS,73,46.0,18.0,32.0,是
0703002-0918-15-42-gnss_raw.txt,2436,459559.000,GLONASS,74,61.0,282.0,30.0,是
0703002-0918-15-42-gnss_raw.txt,2436,459559.000,GLONASS,90,0.0,0.0,33.0,是
0703002-0918-15-42-gnss_raw.txt,2436,459559.000,Galileo,14,0.0,0.0,33.0,是
0703002-0918-15-42-gnss_raw.txt,2436,459559.000,Galileo,19,52.0,328.0,27.0,是
0703002-0918-15-42-gnss_raw.txt,2436,459559.000,Galileo,21,74.0,185.0,34.0,是
0703002-0918-15-42-gnss_raw.txt,2436,459559.000,Galileo,27,0.0,0.0,28.0,是
0703002-0918-15-42-gnss_raw.txt,2436,459559.000,QZSS,2,56.0,125.0,29.0,是
0703002-0918-15-42-gnss_raw.txt,2436,459559.000,QZSS,7,53.0,169.0,22.0,是
0703002-0918-15-42-gnss_raw.txt,2436,459559.000,BDS,3,53.0,201.0,30.0,是
0703002-0918-15-42-gnss_raw.txt,2436,459559.000,BDS,7,63.0,339.0,28.0,是
0703002-0918-15-42-gnss_raw.txt,2436,459559.000,BDS,9,55.0,225.0,27.0,是
0703002-0918-15-42-gnss_raw.txt,2436,459559.000,BDS,10,62.0,317.0,27.0,是
0703002-0918-15-42-gnss_raw.txt,2436,459559.000,BDS,19,32.0,159.0,23.0,是
0703002-0918-15-42-gnss_raw.txt,2436,459559.000,BDS,21,33.0,316.0,23.0,是
0703002-0918-15-42-gnss_raw.txt,2436,459559.000,BDS,22,75.0,237.0,32.0,是
0703002-0918-15-42-gnss_raw.txt,2436,459559.000,BDS,36,60.0,22.0,29.0,是
0703002-0918-15-42-gnss_raw.txt,2436,459559.000,BDS,39,53.0,270.0,29.0,是
0703002-0918-15-42-gnss_raw.txt,2436,459560.000,GPS,10,12.0,181.0,24.0,是
0703002-0918-15-42-gnss_raw.txt,2436,459560.000,GPS,26,55.0,235.0,30.0,是
0703002-0918-15-42-gnss_raw.txt,2436,459560.000,GPS,28,58.0,12.0,29.0,是
0703002-0918-15-42-gnss_raw.txt,2436,459560.000,GPS,31,52.0,316.0,31.0,是
0703002-0918-15-42-gnss_raw.txt,2436,459560.000,GPS,32,65.0,120.0,35.0,是
0703002-0918-15-42-gnss_raw.txt,2436,459560.000,GLONASS,72,41.0,331.0,23.0,是
0703002-0918-15-42-gnss_raw.txt,2436,459560.000,GLONASS,73,46.0,18.0,30.0,是
0703002-0918-15-42-gnss_raw.txt,2436,459560.000,GLONASS,74,61.0,282.0,30.0,是
0703002-0918-15-42-gnss_raw.txt,2436,459560.000,GLONASS,90,0.0,0.0,31.0,是
0703002-0918-15-42-gnss_raw.txt,2436,459560.000,Galileo,14,0.0,0.0,32.0,是
0703002-0918-15-42-gnss_raw.txt,2436,459560.000,Galileo,19,52.0,328.0,26.0,是
0703002-0918-15-42-gnss_raw.txt,2436,459560.000,Galileo,21,74.0,185.0,34.0,是
0703002-0918-15-42-gnss_raw.txt,2436,459560.000,Galileo,27,0.0,0.0,30.0,是
0703002-0918-15-42-gnss_raw.txt,2436,459560.000,QZSS,2,56.0,125.0,30.0,是
0703002-0918-15-42-gnss_raw.txt,2436,459560.000,QZSS,7,53.0,169.0,21.0,是
0703002-0918-15-42-gnss_raw.txt,2436,459560.000,BDS,3,53.0,201.0,26.0,是
0703002-0918-15-42-gnss_raw.txt,2436,459560.000,BDS,7,63.0,339.0,29.0,是
0703002-0918-15-42-gnss_raw.txt,2436,459560.000,BDS,9,55.0,225.0,26.0,是
0703002-0918-15-42-gnss_raw.txt,2436,459560.000,BDS,10,62.0,317.0,25.0,是
0703002-0918-15-42-gnss_raw.txt,2436,459560.000,BDS,19,32.0,159.0,23.0,是
0703002-0918-15-42-gnss_raw.txt,2436,459560.000,BDS,21,33.0,316.0,21.0,是
0703002-0918-15-42-gnss_raw.txt,2436,459560.000,BDS,22,75.0,237.0,31.0,是
0703002-0918-15-42-gnss_raw.txt,2436,459560.000,BDS,36,60.0,22.0,29.0,是
0703002-0918-15-42-gnss_raw.txt,2436,459560.000,BDS,39,54.0,270.0,27.0,是
0703002-0918-15-42-gnss_raw.txt,2436,459561.000,GPS,10,12.0,181.0,24.0,是
0703002-0918-15-42-gnss_raw.txt,2436,459561.000,GPS,26,55.0,235.0,31.0,是
0703002-0918-15-42-gnss_raw.txt,2436,459561.000,GPS,28,58.0,12.0,27.0,是
0703002-0918-15-42-gnss_raw.txt,2436,459561.000,GPS,31,52.0,316.0,31.0,是
0703002-0918-15-42-gnss_raw.txt,2436,459561.000,GPS,32,65.0,120.0,34.0,是
0703002-0918-15-42-gnss_raw.txt,2436,459561.000,GLONASS,72,41.0,331.0,24.0,是
0703002-0918-15-42-gnss_raw.txt,2436,459561.000,GLONASS,73,46.0,18.0,33.0,是
0703002-0918-15-42-gnss_raw.txt,2436,459561.000,GLONASS,74,61.0,282.0,29.0,是
0703002-0918-15-42-gnss_raw.txt,2436,459561.000,GLONASS,90,0.0,0.0,32.0,是
0703002-0918-15-42-gnss_raw.txt,2436,459561.000,Galileo,14,0.0,0.0,34.0,是
0703002-0918-15-42-gnss_raw.txt,2436,459561.000,Galileo,19,52.0,328.0,26.0,是
0703002-0918-15-42-gnss_raw.txt,2436,459561.000,Galileo,21,74.0,185.0,33.0,是
0703002-0918-15-42-gnss_raw.txt,2436,459561.000,Galileo,27,0.0,0.0,31.0,是
0703002-0918-15-42-gnss_raw.txt,2436,459561.000,QZSS,2,56.0,125.0,30.0,是
0703002-0918-15-42-gnss_raw.txt,2436,459561.000,QZSS,7,53.0,169.0,21.0,是
0703002-0918-15-42-gnss_raw.txt,2436,459561.000,BDS,3,53.0,201.0,26.0,是
0703002-0918-15-42-gnss_raw.txt,2436,459561.000,BDS,7,63.0,339.0,28.0,是
0703002-0918-15-42-gnss_raw.txt,2436,459561.000,BDS,9,55.0,225.0,27.0,是
0703002-0918-15-42-gnss_raw.txt,2436,459561.000,BDS,10,62.0,317.0,25.0,是
0703002-0918-15-42-gnss_raw.txt,2436,459561.000,BDS,19,32.0,159.0,22.0,是
0703002-0918-15-42-gnss_raw.txt,2436,459561.000,BDS,21,33.0,316.0,23.0,是
0703002-0918-15-42-gnss_raw.txt,2436,459561.000,BDS,22,75.0,237.0,31.0,是
0703002-0918-15-42-gnss_raw.txt,2436,459561.000,BDS,36,60.0,22.0,27.0,是
0703002-0918-15-42-gnss_raw.txt,2436,459561.000,BDS,39,54.0,270.0,29.0,是
0703002-0918-15-42-gnss_raw.txt,2436,459562.000,GPS,10,12.0,181.0,22.0,是
0703002-0918-15-42-gnss_raw.txt,2436,459562.000,GPS,26,55.0,235.0,30.0,是
0703002-0918-15-42-gnss_raw.txt,2436,459562.000,GPS,28,58.0,12.0,27.0,是
0703002-0918-15-42-gnss_raw.txt,2436,459562.000,GPS,31,52.0,316.0,31.0,是
0703002-0918-15-42-gnss_raw.txt,2436,459562.000,GPS,32,65.0,120.0,34.0,是
0703002-0918-15-42-gnss_raw.txt,2436,459562.000,GLONASS,72,0.0,0.0,24.0,是
0703002-0918-15-42-gnss_raw.txt,2436,459562.000,GLONASS,73,46.0,18.0,34.0,是
0703002-0918-15-42-gnss_raw.txt,2436,459562.000,GLONASS,74,61.0,282.0,29.0,是
0703002-0918-15-42-gnss_raw.txt,2436,459562.000,GLONASS,90,0.0,0.0,30.0,是
0703002-0918-15-42-gnss_raw.txt,2436,459562.000,Galileo,14,0.0,0.0,34.0,是
0703002-0918-15-42-gnss_raw.txt,2436,459562.000,Galileo,19,52.0,328.0,25.0,是
0703002-0918-15-42-gnss_raw.txt,2436,459562.000,Galileo,21,74.0,185.0,34.0,是
0703002-0918-15-42-gnss_raw.txt,2436,459562.000,Galileo,27,0.0,0.0,30.0,是
0703002-0918-15-42-gnss_raw.txt,2436,459562.000,QZSS,2,56.0,125.0,30.0,是
0703002-0918-15-42-gnss_raw.txt,2436,459562.000,QZSS,7,53.0,169.0,22.0,是
0703002-0918-15-42-gnss_raw.txt,2436,459562.000,BDS,3,53.0,201.0,38.0,是
0703002-0918-15-42-gnss_raw.txt,2436,459562.000,BDS,7,63.0,339.0,26.0,是
0703002-0918-15-42-gnss_raw.txt,2436,459562.000,BDS,9,55.0,225.0,26.0,是
0703002-0918-15-42-gnss_raw.txt,2436,459562.000,BDS,10,62.0,317.0,26.0,是
0703002-0918-15-42-gnss_raw.txt,2436,459562.000,BDS,19,32.0,159.0,20.0,是
0703002-0918-15-42-gnss_raw.txt,2436,459562.000,BDS,21,33.0,316.0,25.0,是
0703002-0918-15-42-gnss_raw.txt,2436,459562.000,BDS,22,75.0,237.0,31.0,是
0703002-0918-15-42-gnss_raw.txt,2436,459562.000,BDS,36,60.0,22.0,27.0,是
0703002-0918-15-42-gnss_raw.txt,2436,459562.000,BDS,39,54.0,270.0,28.0,是
0703002-0918-15-42-gnss_raw.txt,2436,459563.000,GPS,10,12.0,181.0,22.0,是
0703002-0918-15-42-gnss_raw.txt,2436,459563.000,GPS,26,55.0,235.0,30.0,是
0703002-0918-15-42-gnss_raw.txt,2436,459563.000,GPS,28,58.0,12.0,30.0,是
0703002-0918-15-42-gnss_raw.txt,2436,459563.000,GPS,31,52.0,316.0,32.0,是
0703002-0918-15-42-gnss_raw.txt,2436,459563.000,GPS,32,65.0,120.0,33.0,是
0703002-0918-15-42-gnss_raw.txt,2436,459563.000,GLONASS,72,41.0,331.0,24.0,是
0703002-0918-15-42-gnss_raw.txt,2436,459563.000,GLONASS,73,46.0,18.0,34.0,是
0703002-0918-15-42-gnss_raw.txt,2436,459563.000,GLONASS,74,61.0,282.0,28.0,是
0703002-0918-15-42-gnss_raw.txt,2436,459563.000,GLONASS,90,0.0,0.0,32.0,是
0703002-0918-15-42-gnss_raw.txt,2436,459563.000,Galileo,14,0.0,0.0,33.0,是
0703002-0918-15-42-gnss_raw.txt,2436,459563.000,Galileo,19,52.0,328.0,26.0,是
0703002-0918-15-42-gnss_raw.txt,2436,459563.000,Galileo,21,74.0,185.0,31.0,是
0703002-0918-15-42-gnss_raw.txt,2436,459563.000,Galileo,27,0.0,0.0,34.0,是
0703002-0918-15-42-gnss_raw.txt,2436,459563.000,QZSS,2,56.0,125.0,29.0,是
0703002-0918-15-42-gnss_raw.txt,2436,459563.000,QZSS,7,53.0,169.0,23.0,是
0703002-0918-15-42-gnss_raw.txt,2436,459563.000,BDS,3,53.0,201.0,34.0,是
0703002-0918-15-42-gnss_raw.txt,2436,459563.000,BDS,7,63.0,339.0,27.0,是
0703002-0918-15-42-gnss_raw.txt,2436,459563.000,BDS,9,55.0,225.0,26.0,是
0703002-0918-15-42-gnss_raw.txt,2436,459563.000,BDS,10,62.0,317.0,27.0,是
0703002-0918-15-42-gnss_raw.txt,2436,459563.000,BDS,19,32.0,159.0,22.0,是
0703002-0918-15-42-gnss_raw.txt,2436,459563.000,BDS,21,33.0,316.0,26.0,是
0703002-0918-15-42-gnss_raw.txt,2436,459563.000,BDS,22,75.0,237.0,31.0,是
0703002-0918-15-42-gnss_raw.txt,2436,459563.000,BDS,36,60.0,22.0,29.0,是
0703002-0918-15-42-gnss_raw.txt,2436,459563.000,BDS,39,54.0,270.0,28.0,是
0703002-0918-15-42-gnss_raw.txt,2436,459564.000,GPS,10,12.0,181.0,23.0,是
0703002-0918-15-42-gnss_raw.txt,2436,459564.000,GPS,26,55.0,235.0,30.0,是
0703002-0918-15-42-gnss_raw.txt,2436,459564.000,GPS,28,58.0,12.0,30.0,是
0703002-0918-15-42-gnss_raw.txt,2436,459564.000,GPS,31,52.0,316.0,32.0,是
0703002-0918-15-42-gnss_raw.txt,2436,459564.000,GPS,32,65.0,120.0,32.0,是
0703002-0918-15-42-gnss_raw.txt,2436,459564.000,GLONASS,72,41.0,331.0,25.0,是
0703002-0918-15-42-gnss_raw.txt,2436,459564.000,GLONASS,73,46.0,18.0,33.0,是
0703002-0918-15-42-gnss_raw.txt,2436,459564.000,GLONASS,74,61.0,282.0,29.0,是
0703002-0918-15-42-gnss_raw.txt,2436,459564.000,GLONASS,90,0.0,0.0,33.0,是
0703002-0918-15-42-gnss_raw.txt,2436,459564.000,Galileo,14,0.0,0.0,33.0,是
0703002-0918-15-42-gnss_raw.txt,2436,459564.000,Galileo,19,52.0,328.0,29.0,是
0703002-0918-15-42-gnss_raw.txt,2436,459564.000,Galileo,21,74.0,185.0,31.0,是
0703002-0918-15-42-gnss_raw.txt,2436,459564.000,Galileo,27,0.0,0.0,35.0,是
0703002-0918-15-42-gnss_raw.txt,2436,459564.000,QZSS,2,56.0,125.0,27.0,是
0703002-0918-15-42-gnss_raw.txt,2436,459564.000,QZSS,7,53.0,169.0,23.0,是
0703002-0918-15-42-gnss_raw.txt,2436,459564.000,BDS,3,53.0,201.0,28.0,是
0703002-0918-15-42-gnss_raw.txt,2436,459564.000,BDS,7,63.0,339.0,28.0,是
0703002-0918-15-42-gnss_raw.txt,2436,459564.000,BDS,9,55.0,225.0,25.0,是
0703002-0918-15-42-gnss_raw.txt,2436,459564.000,BDS,10,62.0,317.0,27.0,是
0703002-0918-15-42-gnss_raw.txt,2436,459564.000,BDS,19,32.0,159.0,22.0,是
0703002-0918-15-42-gnss_raw.txt,2436,459564.000,BDS,21,33.0,316.0,28.0,是
0703002-0918-15-42-gnss_raw.txt,2436,459564.000,BDS,22,75.0,237.0,31.0,是
0703002-0918-15-42-gnss_raw.txt,2436,459564.000,BDS,36,60.0,22.0,30.0,是
0703002-0918-15-42-gnss_raw.txt,2436,459564.000,BDS,39,54.0,270.0,30.0,是
0703002-0918-15-42-gnss_raw.txt,2436,459565.000,GPS,10,12.0,181.0,26.0,是
0703002-0918-15-42-gnss_raw.txt,2436,459565.000,GPS,26,55.0,235.0,29.0,是
0703002-0918-15-42-gnss_raw.txt,2436,459565.000,GPS,28,58.0,12.0,30.0,是
0703002-0918-15-42-gnss_raw.txt,2436,459565.000,GPS,31,52.0,316.0,32.0,是
0703002-0918-15-42-gnss_raw.txt,2436,459565.000,GPS,32,65.0,120.0,31.0,是
0703002-0918-15-42-gnss_raw.txt,2436,459565.000,GLONASS,72,41.0,331.0,25.0,是
0703002-0918-15-42-gnss_raw.txt,2436,459565.000,GLONASS,73,46.0,19.0,33.0,是
0703002-0918-15-42-gnss_raw.txt,2436,459565.000,GLONASS,74,0.0,0.0,28.0,是
0703002-0918-15-42-gnss_raw.txt,2436,459565.000,GLONASS,90,0.0,0.0,35.0,是
0703002-0918-15-42-gnss_raw.txt,2436,459565.000,Galileo,14,0.0,0.0,33.0,是
0703002-0918-15-42-gnss_raw.txt,2436,459565.000,Galileo,19,52.0,328.0,28.0,是
0703002-0918-15-42-gnss_raw.txt,2436,459565.000,Galileo,21,74.0,185.0,32.0,是
0703002-0918-15-42-gnss_raw.txt,2436,459565.000,Galileo,27,0.0,0.0,36.0,是
0703002-0918-15-42-gnss_raw.txt,2436,459565.000,QZSS,2,56.0,125.0,27.0,是
0703002-0918-15-42-gnss_raw.txt,2436,459565.000,QZSS,7,53.0,169.0,24.0,是
0703002-0918-15-42-gnss_raw.txt,2436,459565.000,BDS,3,53.0,201.0,27.0,是
0703002-0918-15-42-gnss_raw.txt,2436,459565.000,BDS,7,63.0,339.0,28.0,是
0703002-0918-15-42-gnss_raw.txt,2436,459565.000,BDS,9,55.0,225.0,26.0,是
0703002-0918-15-42-gnss_raw.txt,2436,459565.000,BDS,10,62.0,317.0,27.0,是
0703002-0918-15-42-gnss_raw.txt,2436,459565.000,BDS,19,32.0,159.0,23.0,是
0703002-0918-15-42-gnss_raw.txt,2436,459565.000,BDS,21,33.0,316.0,28.0,是
0703002-0918-15-42-gnss_raw.txt,2436,459565.000,BDS,22,75.0,237.0,31.0,是
0703002-0918-15-42-gnss_raw.txt,2436,459565.000,BDS,36,60.0,22.0,30.0,是
0703002-0918-15-42-gnss_raw.txt,2436,459565.000,BDS,39,54.0,270.0,29.0,是
0703002-0918-15-42-gnss_raw.txt,2436,459566.000,GPS,10,12.0,181.0,27.0,是
0703002-0918-15-42-gnss_raw.txt,2436,459566.000,GPS,26,55.0,235.0,29.0,是
0703002-0918-15-42-gnss_raw.txt,2436,459566.000,GPS,28,58.0,12.0,30.0,是
0703002-0918-15-42-gnss_raw.txt,2436,459566.000,GPS,31,52.0,316.0,32.0,是
0703002-0918-15-42-gnss_raw.txt,2436,459566.000,GPS,32,65.0,120.0,32.0,是
0703002-0918-15-42-gnss_raw.txt,2436,459566.000,GLONASS,72,41.0,331.0,26.0,是
0703002-0918-15-42-gnss_raw.txt,2436,459566.000,GLONASS,73,46.0,19.0,31.0,是
0703002-0918-15-42-gnss_raw.txt,2436,459566.000,GLONASS,74,0.0,0.0,25.0,是
0703002-0918-15-42-gnss_raw.txt,2436,459566.000,GLONASS,90,0.0,0.0,34.0,是
0703002-0918-15-42-gnss_raw.txt,2436,459566.000,Galileo,14,0.0,0.0,31.0,是
0703002-0918-15-42-gnss_raw.txt,2436,459566.000,Galileo,19,52.0,328.0,29.0,是
0703002-0918-15-42-gnss_raw.txt,2436,459566.000,Galileo,21,74.0,185.0,32.0,是
0703002-0918-15-42-gnss_raw.txt,2436,459566.000,Galileo,27,0.0,0.0,34.0,是
0703002-0918-15-42-gnss_raw.txt,2436,459566.000,QZSS,2,56.0,125.0,29.0,是
0703002-0918-15-42-gnss_raw.txt,2436,459566.000,QZSS,7,53.0,169.0,25.0,是
0703002-0918-15-42-gnss_raw.txt,2436,459566.000,BDS,3,53.0,201.0,29.0,是
0703002-0918-15-42-gnss_raw.txt,2436,459566.000,BDS,7,63.0,339.0,28.0,是
0703002-0918-15-42-gnss_raw.txt,2436,459566.000,BDS,9,55.0,225.0,27.0,是
0703002-0918-15-42-gnss_raw.txt,2436,459566.000,BDS,10,62.0,317.0,26.0,是
0703002-0918-15-42-gnss_raw.txt,2436,459566.000,BDS,19,32.0,159.0,22.0,是
0703002-0918-15-42-gnss_raw.txt,2436,459566.000,BDS,21,33.0,316.0,28.0,是
0703002-0918-15-42-gnss_raw.txt,2436,459566.000,BDS,22,75.0,237.0,32.0,是
0703002-0918-15-42-gnss_raw.txt,2436,459566.000,BDS,36,60.0,22.0,28.0,是
0703002-0918-15-42-gnss_raw.txt,2436,459566.000,BDS,39,54.0,270.0,27.0,是
0703002-0918-15-42-gnss_raw.txt,2436,459567.000,GPS,10,12.0,181.0,28.0,是
0703002-0918-15-42-gnss_raw.txt,2436,459567.000,GPS,26,55.0,235.0,30.0,是
0703002-0918-15-42-gnss_raw.txt,2436,459567.000,GPS,28,58.0,12.0,27.0,是
0703002-0918-15-42-gnss_raw.txt,2436,459567.000,GPS,31,52.0,316.0,31.0,是
0703002-0918-15-42-gnss_raw.txt,2436,459567.000,GPS,32,65.0,120.0,32.0,是
0703002-0918-15-42-gnss_raw.txt,2436,459567.000,GLONASS,71,81.0,149.0,32.0,是
0703002-0918-15-42-gnss_raw.txt,2436,459567.000,GLONASS,72,41.0,331.0,25.0,是
0703002-0918-15-42-gnss_raw.txt,2436,459567.000,GLONASS,73,46.0,19.0,25.0,是
0703002-0918-15-42-gnss_raw.txt,2436,459567.000,GLONASS,74,61.0,282.0,27.0,是
0703002-0918-15-42-gnss_raw.txt,2436,459567.000,GLONASS,90,0.0,0.0,31.0,是
0703002-0918-15-42-gnss_raw.txt,2436,459567.000,Galileo,14,0.0,0.0,28.0,是
0703002-0918-15-42-gnss_raw.txt,2436,459567.000,Galileo,19,52.0,328.0,28.0,是
0703002-0918-15-42-gnss_raw.txt,2436,459567.000,Galileo,21,74.0,185.0,33.0,是
0703002-0918-15-42-gnss_raw.txt,2436,459567.000,Galileo,27,0.0,0.0,34.0,是
0703002-0918-15-42-gnss_raw.txt,2436,459567.000,QZSS,2,56.0,125.0,29.0,是
0703002-0918-15-42-gnss_raw.txt,2436,459567.000,QZSS,7,53.0,169.0,26.0,是
0703002-0918-15-42-gnss_raw.txt,2436,459567.000,BDS,3,53.0,201.0,29.0,是
0703002-0918-15-42-gnss_raw.txt,2436,459567.000,BDS,7,63.0,339.0,28.0,是
0703002-0918-15-42-gnss_raw.txt,2436,459567.000,BDS,9,55.0,225.0,26.0,是
0703002-0918-15-42-gnss_raw.txt,2436,459567.000,BDS,10,62.0,317.0,25.0,是
0703002-0918-15-42-gnss_raw.txt,2436,459567.000,BDS,19,32.0,159.0,21.0,是
0703002-0918-15-42-gnss_raw.txt,2436,459567.000,BDS,21,33.0,316.0,28.0,是
0703002-0918-15-42-gnss_raw.txt,2436,459567.000,BDS,22,75.0,237.0,32.0,是
0703002-0918-15-42-gnss_raw.txt,2436,459567.000,BDS,36,60.0,22.0,26.0,是
0703002-0918-15-42-gnss_raw.txt,2436,459567.000,BDS,39,54.0,270.0,27.0,是
0703002-0918-15-42-gnss_raw.txt,2436,459568.000,GPS,10,12.0,181.0,28.0,是
0703002-0918-15-42-gnss_raw.txt,2436,459568.000,GPS,26,55.0,235.0,29.0,是
0703002-0918-15-42-gnss_raw.txt,2436,459568.000,GPS,28,58.0,12.0,27.0,是
0703002-0918-15-42-gnss_raw.txt,2436,459568.000,GPS,31,52.0,316.0,31.0,是
0703002-0918-15-42-gnss_raw.txt,2436,459568.000,GPS,32,65.0,120.0,33.0,是
0703002-0918-15-42-gnss_raw.txt,2436,459568.000,GLONASS,71,81.0,149.0,34.0,是
0703002-0918-15-42-gnss_raw.txt,2436,459568.000,GLONASS,72,41.0,331.0,25.0,是
0703002-0918-15-42-gnss_raw.txt,2436,459568.000,GLONASS,73,0.0,0.0,27.0,是
0703002-0918-15-42-gnss_raw.txt,2436,459568.000,GLONASS,74,61.0,282.0,29.0,是
0703002-0918-15-42-gnss_raw.txt,2436,459568.000,GLONASS,90,0.0,0.0,30.0,是
0703002-0918-15-42-gnss_raw.txt,2436,459568.000,Galileo,14,0.0,0.0,25.0,是
0703002-0918-15-42-gnss_raw.txt,2436,459568.000,Galileo,19,52.0,328.0,27.0,是
0703002-0918-15-42-gnss_raw.txt,2436,459568.000,Galileo,21,74.0,185.0,33.0,是
0703002-0918-15-42-gnss_raw.txt,2436,459568.000,Galileo,27,0.0,0.0,30.0,是
0703002-0918-15-42-gnss_raw.txt,2436,459568.000,QZSS,2,56.0,125.0,30.0,是
0703002-0918-15-42-gnss_raw.txt,2436,459568.000,QZSS,7,53.0,169.0,25.0,是
0703002-0918-15-42-gnss_raw.txt,2436,459568.000,BDS,3,53.0,201.0,28.0,是
0703002-0918-15-42-gnss_raw.txt,2436,459568.000,BDS,7,63.0,339.0,27.0,是
0703002-0918-15-42-gnss_raw.txt,2436,459568.000,BDS,9,55.0,225.0,25.0,是
0703002-0918-15-42-gnss_raw.txt,2436,459568.000,BDS,10,62.0,317.0,26.0,是
0703002-0918-15-42-gnss_raw.txt,2436,459568.000,BDS,19,32.0,159.0,22.0,是
0703002-0918-15-42-gnss_raw.txt,2436,459568.000,BDS,21,33.0,316.0,28.0,是
0703002-0918-15-42-gnss_raw.txt,2436,459568.000,BDS,22,75.0,237.0,32.0,是
0703002-0918-15-42-gnss_raw.txt,2436,459568.000,BDS,36,60.0,22.0,26.0,是
0703002-0918-15-42-gnss_raw.txt,2436,459568.000,BDS,39,54.0,270.0,27.0,是
0703002-0918-15-42-gnss_raw.txt,2436,459569.000,GPS,10,0.0,0.0,25.0,是
0703002-0918-15-42-gnss_raw.txt,2436,459569.000,GPS,26,55.0,235.0,28.0,是
0703002-0918-15-42-gnss_raw.txt,2436,459569.000,GPS,28,58.0,12.0,28.0,是
0703002-0918-15-42-gnss_raw.txt,2436,459569.000,GPS,31,52.0,316.0,29.0,是
0703002-0918-15-42-gnss_raw.txt,2436,459569.000,GPS,32,65.0,120.0,33.0,是
0703002-0918-15-42-gnss_raw.txt,2436,459569.000,GLONASS,71,81.0,150.0,33.0,是
0703002-0918-15-42-gnss_raw.txt,2436,459569.000,GLONASS,72,41.0,331.0,27.0,是
0703002-0918-15-42-gnss_raw.txt,2436,459569.000,GLONASS,73,46.0,19.0,27.0,是
0703002-0918-15-42-gnss_raw.txt,2436,459569.000,GLONASS,74,61.0,282.0,30.0,是
0703002-0918-15-42-gnss_raw.txt,2436,459569.000,GLONASS,90,0.0,0.0,32.0,是
0703002-0918-15-42-gnss_raw.txt,2436,459569.000,Galileo,19,52.0,328.0,27.0,是
0703002-0918-15-42-gnss_raw.txt,2436,459569.000,Galileo,21,74.0,185.0,34.0,是
0703002-0918-15-42-gnss_raw.txt,2436,459569.000,Galileo,27,0.0,0.0,30.0,是
0703002-0918-15-42-gnss_raw.txt,2436,459569.000,QZSS,2,56.0,125.0,32.0,是
0703002-0918-15-42-gnss_raw.txt,2436,459569.000,QZSS,7,53.0,169.0,24.0,是
0703002-0918-15-42-gnss_raw.txt,2436,459569.000,BDS,3,53.0,201.0,29.0,是
0703002-0918-15-42-gnss_raw.txt,2436,459569.000,BDS,7,63.0,339.0,28.0,是
0703002-0918-15-42-gnss_raw.txt,2436,459569.000,BDS,9,55.0,225.0,26.0,是
0703002-0918-15-42-gnss_raw.txt,2436,459569.000,BDS,10,62.0,317.0,27.0,是
0703002-0918-15-42-gnss_raw.txt,2436,459569.000,BDS,19,32.0,159.0,23.0,是
0703002-0918-15-42-gnss_raw.txt,2436,459569.000,BDS,21,33.0,316.0,26.0,是
0703002-0918-15-42-gnss_raw.txt,2436,459569.000,BDS,22,75.0,237.0,32.0,是
0703002-0918-15-42-gnss_raw.txt,2436,459569.000,BDS,36,60.0,22.0,27.0,是
0703002-0918-15-42-gnss_raw.txt,2436,459569.000,BDS,39,54.0,270.0,27.0,是
0703002-0918-15-42-gnss_raw.txt,2436,459570.000,GPS,10,0.0,0.0,22.0,是
0703002-0918-15-42-gnss_raw.txt,2436,459570.000,GPS,26,55.0,235.0,28.0,是
0703002-0918-15-42-gnss_raw.txt,2436,459570.000,GPS,28,58.0,12.0,29.0,是
0703002-0918-15-42-gnss_raw.txt,2436,459570.000,GPS,31,52.0,316.0,30.0,是
0703002-0918-15-42-gnss_raw.txt,2436,459570.000,GPS,32,65.0,120.0,32.0,是
0703002-0918-15-42-gnss_raw.txt,2436,459570.000,GLONASS,71,81.0,150.0,32.0,是
0703002-0918-15-42-gnss_raw.txt,2436,459570.000,GLONASS,72,41.0,331.0,21.0,是
0703002-0918-15-42-gnss_raw.txt,2436,459570.000,GLONASS,73,46.0,19.0,31.0,是
0703002-0918-15-42-gnss_raw.txt,2436,459570.000,GLONASS,74,61.0,282.0,26.0,是
0703002-0918-15-42-gnss_raw.txt,2436,459570.000,GLONASS,90,0.0,0.0,33.0,是
0703002-0918-15-42-gnss_raw.txt,2436,459570.000,Galileo,19,52.0,328.0,29.0,是
0703002-0918-15-42-gnss_raw.txt,2436,459570.000,Galileo,21,74.0,185.0,33.0,是
0703002-0918-15-42-gnss_raw.txt,2436,459570.000,Galileo,27,0.0,0.0,30.0,是
0703002-0918-15-42-gnss_raw.txt,2436,459570.000,QZSS,2,56.0,125.0,31.0,是
0703002-0918-15-42-gnss_raw.txt,2436,459570.000,QZSS,7,53.0,169.0,22.0,是
0703002-0918-15-42-gnss_raw.txt,2436,459570.000,BDS,3,53.0,201.0,29.0,是
0703002-0918-15-42-gnss_raw.txt,2436,459570.000,BDS,7,63.0,339.0,29.0,是
0703002-0918-15-42-gnss_raw.txt,2436,459570.000,BDS,9,55.0,225.0,26.0,是
0703002-0918-15-42-gnss_raw.txt,2436,459570.000,BDS,10,62.0,317.0,27.0,是
0703002-0918-15-42-gnss_raw.txt,2436,459570.000,BDS,19,32.0,159.0,21.0,是
0703002-0918-15-42-gnss_raw.txt,2436,459570.000,BDS,21,33.0,316.0,25.0,是
0703002-0918-15-42-gnss_raw.txt,2436,459570.000,BDS,22,75.0,237.0,32.0,是
0703002-0918-15-42-gnss_raw.txt,2436,459570.000,BDS,36,60.0,22.0,29.0,是
0703002-0918-15-42-gnss_raw.txt,2436,459570.000,BDS,39,54.0,270.0,26.0,是
0703002-0918-15-42-gnss_raw.txt,2436,459571.000,GPS,10,0.0,0.0,20.0,是
0703002-0918-15-42-gnss_raw.txt,2436,459571.000,GPS,26,55.0,235.0,29.0,是
0703002-0918-15-42-gnss_raw.txt,2436,459571.000,GPS,28,58.0,12.0,30.0,是
0703002-0918-15-42-gnss_raw.txt,2436,459571.000,GPS,31,52.0,316.0,31.0,是
0703002-0918-15-42-gnss_raw.txt,2436,459571.000,GPS,32,65.0,120.0,31.0,是
0703002-0918-15-42-gnss_raw.txt,2436,459571.000,GLONASS,71,81.0,150.0,32.0,是
0703002-0918-15-42-gnss_raw.txt,2436,459571.000,GLONASS,72,41.0,331.0,22.0,是
0703002-0918-15-42-gnss_raw.txt,2436,459571.000,GLONASS,73,46.0,19.0,28.0,是
0703002-0918-15-42-gnss_raw.txt,2436,459571.000,GLONASS,74,61.0,282.0,26.0,是
0703002-0918-15-42-gnss_raw.txt,2436,459571.000,GLONASS,90,0.0,0.0,33.0,是
0703002-0918-15-42-gnss_raw.txt,2436,459571.000,Galileo,19,52.0,328.0,29.0,是
0703002-0918-15-42-gnss_raw.txt,2436,459571.000,Galileo,21,74.0,185.0,32.0,是
0703002-0918-15-42-gnss_raw.txt,2436,459571.000,Galileo,27,0.0,0.0,31.0,是
0703002-0918-15-42-gnss_raw.txt,2436,459571.000,QZSS,2,56.0,125.0,30.0,是
0703002-0918-15-42-gnss_raw.txt,2436,459571.000,QZSS,7,53.0,169.0,21.0,是
0703002-0918-15-42-gnss_raw.txt,2436,459571.000,BDS,3,53.0,201.0,30.0,是
0703002-0918-15-42-gnss_raw.txt,2436,459571.000,BDS,7,63.0,339.0,29.0,是
0703002-0918-15-42-gnss_raw.txt,2436,459571.000,BDS,9,55.0,225.0,27.0,是
0703002-0918-15-42-gnss_raw.txt,2436,459571.000,BDS,10,62.0,317.0,27.0,是
0703002-0918-15-42-gnss_raw.txt,2436,459571.000,BDS,19,32.0,159.0,19.0,是
0703002-0918-15-42-gnss_raw.txt,2436,459571.000,BDS,21,33.0,316.0,25.0,是
0703002-0918-15-42-gnss_raw.txt,2436,459571.000,BDS,22,75.0,237.0,31.0,是
0703002-0918-15-42-gnss_raw.txt,2436,459571.000,BDS,36,60.0,22.0,30.0,是
0703002-0918-15-42-gnss_raw.txt,2436,459571.000,BDS,39,54.0,270.0,27.0,是
0703002-0918-15-42-gnss_raw.txt,2436,459572.000,GPS,10,0.0,0.0,19.0,是
0703002-0918-15-42-gnss_raw.txt,2436,459572.000,GPS,26,55.0,235.0,30.0,是
0703002-0918-15-42-gnss_raw.txt,2436,459572.000,GPS,28,58.0,12.0,31.0,是
0703002-0918-15-42-gnss_raw.txt,2436,459572.000,GPS,31,52.0,316.0,29.0,是
0703002-0918-15-42-gnss_raw.txt,2436,459572.000,GPS,32,65.0,120.0,29.0,是
0703002-0918-15-42-gnss_raw.txt,2436,459572.000,GLONASS,71,81.0,150.0,31.0,是
0703002-0918-15-42-gnss_raw.txt,2436,459572.000,GLONASS,72,41.0,331.0,23.0,是
0703002-0918-15-42-gnss_raw.txt,2436,459572.000,GLONASS,73,46.0,19.0,29.0,是
0703002-0918-15-42-gnss_raw.txt,2436,459572.000,GLONASS,74,61.0,283.0,23.0,是
0703002-0918-15-42-gnss_raw.txt,2436,459572.000,GLONASS,90,0.0,0.0,33.0,是
0703002-0918-15-42-gnss_raw.txt,2436,459572.000,Galileo,19,52.0,328.0,30.0,是
0703002-0918-15-42-gnss_raw.txt,2436,459572.000,Galileo,21,74.0,185.0,30.0,是
0703002-0918-15-42-gnss_raw.txt,2436,459572.000,Galileo,27,0.0,0.0,30.0,是
0703002-0918-15-42-gnss_raw.txt,2436,459572.000,QZSS,2,56.0,125.0,28.0,是
0703002-0918-15-42-gnss_raw.txt,2436,459572.000,QZSS,7,53.0,169.0,22.0,是
0703002-0918-15-42-gnss_raw.txt,2436,459572.000,BDS,3,53.0,201.0,28.0,是
0703002-0918-15-42-gnss_raw.txt,2436,459572.000,BDS,7,63.0,339.0,29.0,是
0703002-0918-15-42-gnss_raw.txt,2436,459572.000,BDS,9,55.0,225.0,27.0,是
0703002-0918-15-42-gnss_raw.txt,2436,459572.000,BDS,10,62.0,317.0,26.0,是
0703002-0918-15-42-gnss_raw.txt,2436,459572.000,BDS,19,32.0,159.0,29.0,是
0703002-0918-15-42-gnss_raw.txt,2436,459572.000,BDS,21,33.0,316.0,25.0,是
0703002-0918-15-42-gnss_raw.txt,2436,459572.000,BDS,22,75.0,237.0,31.0,是
0703002-0918-15-42-gnss_raw.txt,2436,459572.000,BDS,36,60.0,22.0,31.0,是
0703002-0918-15-42-gnss_raw.txt,2436,459572.000,BDS,39,54.0,270.0,28.0,是
0703002-0918-15-42-gnss_raw.txt,2436,459573.000,GPS,10,12.0,181.0,22.0,是
0703002-0918-15-42-gnss_raw.txt,2436,459573.000,GPS,26,55.0,235.0,29.0,是
0703002-0918-15-42-gnss_raw.txt,2436,459573.000,GPS,28,58.0,12.0,32.0,是
0703002-0918-15-42-gnss_raw.txt,2436,459573.000,GPS,31,52.0,316.0,29.0,是
0703002-0918-15-42-gnss_raw.txt,2436,459573.000,GPS,32,65.0,121.0,29.0,是
0703002-0918-15-42-gnss_raw.txt,2436,459573.000,GLONASS,71,81.0,150.0,30.0,是
0703002-0918-15-42-gnss_raw.txt,2436,459573.000,GLONASS,72,41.0,331.0,28.0,是
0703002-0918-15-42-gnss_raw.txt,2436,459573.000,GLONASS,73,46.0,19.0,30.0,是
0703002-0918-15-42-gnss_raw.txt,2436,459573.000,GLONASS,74,61.0,283.0,28.0,是
0703002-0918-15-42-gnss_raw.txt,2436,459573.000,GLONASS,90,0.0,0.0,33.0,是
0703002-0918-15-42-gnss_raw.txt,2436,459573.000,Galileo,19,52.0,328.0,29.0,是
0703002-0918-15-42-gnss_raw.txt,2436,459573.000,Galileo,21,74.0,185.0,32.0,是
0703002-0918-15-42-gnss_raw.txt,2436,459573.000,Galileo,27,0.0,0.0,28.0,是
0703002-0918-15-42-gnss_raw.txt,2436,459573.000,QZSS,2,56.0,125.0,26.0,是
0703002-0918-15-42-gnss_raw.txt,2436,459573.000,QZSS,7,53.0,169.0,22.0,是
0703002-0918-15-42-gnss_raw.txt,2436,459573.000,BDS,3,53.0,201.0,29.0,是
0703002-0918-15-42-gnss_raw.txt,2436,459573.000,BDS,7,63.0,339.0,29.0,是
0703002-0918-15-42-gnss_raw.txt,2436,459573.000,BDS,9,55.0,225.0,26.0,是
0703002-0918-15-42-gnss_raw.txt,2436,459573.000,BDS,10,62.0,317.0,26.0,是
0703002-0918-15-42-gnss_raw.txt,2436,459573.000,BDS,19,32.0,159.0,30.0,是
0703002-0918-15-42-gnss_raw.txt,2436,459573.000,BDS,21,33.0,316.0,25.0,是
0703002-0918-15-42-gnss_raw.txt,2436,459573.000,BDS,22,75.0,237.0,31.0,是
0703002-0918-15-42-gnss_raw.txt,2436,459573.000,BDS,36,60.0,22.0,31.0,是
0703002-0918-15-42-gnss_raw.txt,2436,459573.000,BDS,39,54.0,270.0,29.0,是
0703002-0918-15-42-gnss_raw.txt,2436,459574.000,GPS,10,0.0,0.0,21.0,是
0703002-0918-15-42-gnss_raw.txt,2436,459574.000,GPS,26,55.0,235.0,30.0,是
0703002-0918-15-42-gnss_raw.txt,2436,459574.000,GPS,28,58.0,12.0,32.0,是
0703002-0918-15-42-gnss_raw.txt,2436,459574.000,GPS,31,52.0,316.0,30.0,是
0703002-0918-15-42-gnss_raw.txt,2436,459574.000,GPS,32,65.0,121.0,28.0,是
0703002-0918-15-42-gnss_raw.txt,2436,459574.000,GLONASS,71,81.0,150.0,32.0,是
0703002-0918-15-42-gnss_raw.txt,2436,459574.000,GLONASS,72,41.0,331.0,24.0,是
0703002-0918-15-42-gnss_raw.txt,2436,459574.000,GLONASS,73,46.0,19.0,29.0,是
0703002-0918-15-42-gnss_raw.txt,2436,459574.000,GLONASS,74,61.0,283.0,28.0,是
0703002-0918-15-42-gnss_raw.txt,2436,459574.000,GLONASS,90,0.0,0.0,34.0,是
0703002-0918-15-42-gnss_raw.txt,2436,459574.000,Galileo,19,52.0,328.0,30.0,是
0703002-0918-15-42-gnss_raw.txt,2436,459574.000,Galileo,21,74.0,185.0,32.0,是
0703002-0918-15-42-gnss_raw.txt,2436,459574.000,Galileo,27,0.0,0.0,30.0,是
0703002-0918-15-42-gnss_raw.txt,2436,459574.000,QZSS,2,56.0,125.0,27.0,是
0703002-0918-15-42-gnss_raw.txt,2436,459574.000,QZSS,7,53.0,169.0,22.0,是
0703002-0918-15-42-gnss_raw.txt,2436,459574.000,BDS,3,53.0,201.0,29.0,是
0703002-0918-15-42-gnss_raw.txt,2436,459574.000,BDS,7,63.0,339.0,30.0,是
0703002-0918-15-42-gnss_raw.txt,2436,459574.000,BDS,9,55.0,225.0,26.0,是
0703002-0918-15-42-gnss_raw.txt,2436,459574.000,BDS,10,62.0,317.0,27.0,是
0703002-0918-15-42-gnss_raw.txt,2436,459574.000,BDS,19,32.0,159.0,31.0,是
0703002-0918-15-42-gnss_raw.txt,2436,459574.000,BDS,21,33.0,316.0,25.0,是
0703002-0918-15-42-gnss_raw.txt,2436,459574.000,BDS,22,75.0,237.0,30.0,是
0703002-0918-15-42-gnss_raw.txt,2436,459574.000,BDS,36,60.0,22.0,31.0,是
0703002-0918-15-42-gnss_raw.txt,2436,459574.000,BDS,39,54.0,270.0,29.0,是
0703002-0918-15-42-gnss_raw.txt,2436,459575.000,GPS,10,12.0,181.0,22.0,是
0703002-0918-15-42-gnss_raw.txt,2436,459575.000,GPS,26,55.0,235.0,30.0,是
0703002-0918-15-42-gnss_raw.txt,2436,459575.000,GPS,28,58.0,12.0,32.0,是
0703002-0918-15-42-gnss_raw.txt,2436,459575.000,GPS,31,52.0,316.0,31.0,是
0703002-0918-15-42-gnss_raw.txt,2436,459575.000,GPS,32,65.0,121.0,30.0,是
0703002-0918-15-42-gnss_raw.txt,2436,459575.000,GLONASS,71,81.0,150.0,32.0,是
0703002-0918-15-42-gnss_raw.txt,2436,459575.000,GLONASS,72,41.0,331.0,23.0,是
0703002-0918-15-42-gnss_raw.txt,2436,459575.000,GLONASS,73,46.0,19.0,29.0,是
0703002-0918-15-42-gnss_raw.txt,2436,459575.000,GLONASS,74,61.0,283.0,27.0,是
0703002-0918-15-42-gnss_raw.txt,2436,459575.000,GLONASS,90,0.0,0.0,35.0,是
0703002-0918-15-42-gnss_raw.txt,2436,459575.000,Galileo,19,52.0,328.0,28.0,是
0703002-0918-15-42-gnss_raw.txt,2436,459575.000,Galileo,21,74.0,185.0,33.0,是
0703002-0918-15-42-gnss_raw.txt,2436,459575.000,Galileo,27,0.0,0.0,31.0,是
0703002-0918-15-42-gnss_raw.txt,2436,459575.000,QZSS,2,56.0,125.0,27.0,是
0703002-0918-15-42-gnss_raw.txt,2436,459575.000,QZSS,7,53.0,169.0,23.0,是
0703002-0918-15-42-gnss_raw.txt,2436,459575.000,BDS,3,53.0,201.0,29.0,是
0703002-0918-15-42-gnss_raw.txt,2436,459575.000,BDS,7,63.0,339.0,30.0,是
0703002-0918-15-42-gnss_raw.txt,2436,459575.000,BDS,9,55.0,225.0,26.0,是
0703002-0918-15-42-gnss_raw.txt,2436,459575.000,BDS,10,62.0,317.0,28.0,是
0703002-0918-15-42-gnss_raw.txt,2436,459575.000,BDS,19,32.0,159.0,34.0,是
0703002-0918-15-42-gnss_raw.txt,2436,459575.000,BDS,21,33.0,316.0,26.0,是
0703002-0918-15-42-gnss_raw.txt,2436,459575.000,BDS,22,75.0,237.0,30.0,是
0703002-0918-15-42-gnss_raw.txt,2436,459575.000,BDS,36,60.0,22.0,31.0,是
0703002-0918-15-42-gnss_raw.txt,2436,459575.000,BDS,39,54.0,270.0,27.0,是
0703002-0918-15-42-gnss_raw.txt,2436,459576.000,GPS,10,12.0,181.0,23.0,是
0703002-0918-15-42-gnss_raw.txt,2436,459576.000,GPS,26,55.0,235.0,29.0,是
0703002-0918-15-42-gnss_raw.txt,2436,459576.000,GPS,28,58.0,12.0,30.0,是
0703002-0918-15-42-gnss_raw.txt,2436,459576.000,GPS,31,52.0,316.0,30.0,是
0703002-0918-15-42-gnss_raw.txt,2436,459576.000,GPS,32,65.0,121.0,32.0,是
0703002-0918-15-42-gnss_raw.txt,2436,459576.000,GLONASS,71,81.0,150.0,32.0,是
0703002-0918-15-42-gnss_raw.txt,2436,459576.000,GLONASS,72,41.0,331.0,27.0,是
0703002-0918-15-42-gnss_raw.txt,2436,459576.000,GLONASS,73,46.0,19.0,29.0,是
0703002-0918-15-42-gnss_raw.txt,2436,459576.000,GLONASS,74,61.0,283.0,30.0,是
0703002-0918-15-42-gnss_raw.txt,2436,459576.000,GLONASS,90,0.0,0.0,34.0,是
0703002-0918-15-42-gnss_raw.txt,2436,459576.000,Galileo,19,52.0,328.0,24.0,是
0703002-0918-15-42-gnss_raw.txt,2436,459576.000,Galileo,21,74.0,185.0,34.0,是
0703002-0918-15-42-gnss_raw.txt,2436,459576.000,Galileo,27,0.0,0.0,30.0,是
0703002-0918-15-42-gnss_raw.txt,2436,459576.000,QZSS,2,56.0,125.0,29.0,是
0703002-0918-15-42-gnss_raw.txt,2436,459576.000,QZSS,7,53.0,169.0,21.0,是
0703002-0918-15-42-gnss_raw.txt,2436,459576.000,BDS,3,53.0,201.0,30.0,是
0703002-0918-15-42-gnss_raw.txt,2436,459576.000,BDS,7,63.0,339.0,30.0,是
0703002-0918-15-42-gnss_raw.txt,2436,459576.000,BDS,9,55.0,225.0,26.0,是
0703002-0918-15-42-gnss_raw.txt,2436,459576.000,BDS,10,62.0,317.0,28.0,是
0703002-0918-15-42-gnss_raw.txt,2436,459576.000,BDS,19,32.0,159.0,33.0,是
0703002-0918-15-42-gnss_raw.txt,2436,459576.000,BDS,21,33.0,316.0,23.0,是
0703002-0918-15-42-gnss_raw.txt,2436,459576.000,BDS,22,75.0,237.0,30.0,是
0703002-0918-15-42-gnss_raw.txt,2436,459576.000,BDS,36,60.0,22.0,30.0,是
0703002-0918-15-42-gnss_raw.txt,2436,459576.000,BDS,39,54.0,270.0,27.0,是
0703002-0918-15-42-gnss_raw.txt,2436,459577.000,GPS,10,12.0,181.0,26.0,是
0703002-0918-15-42-gnss_raw.txt,2436,459577.000,GPS,26,55.0,235.0,27.0,是
0703002-0918-15-42-gnss_raw.txt,2436,459577.000,GPS,28,58.0,12.0,28.0,是
0703002-0918-15-42-gnss_raw.txt,2436,459577.000,GPS,31,52.0,316.0,30.0,是
0703002-0918-15-42-gnss_raw.txt,2436,459577.000,GPS,32,65.0,121.0,32.0,是
0703002-0918-15-42-gnss_raw.txt,2436,459577.000,GLONASS,71,81.0,150.0,32.0,是
0703002-0918-15-42-gnss_raw.txt,2436,459577.000,GLONASS,72,41.0,331.0,24.0,是
0703002-0918-15-42-gnss_raw.txt,2436,459577.000,GLONASS,73,46.0,19.0,28.0,是
0703002-0918-15-42-gnss_raw.txt,2436,459577.000,GLONASS,74,61.0,283.0,29.0,是
0703002-0918-15-42-gnss_raw.txt,2436,459577.000,GLONASS,90,0.0,0.0,32.0,是
0703002-0918-15-42-gnss_raw.txt,2436,459577.000,Galileo,19,52.0,328.0,28.0,是
0703002-0918-15-42-gnss_raw.txt,2436,459577.000,Galileo,21,74.0,185.0,33.0,是
0703002-0918-15-42-gnss_raw.txt,2436,459577.000,Galileo,27,0.0,0.0,28.0,是
0703002-0918-15-42-gnss_raw.txt,2436,459577.000,QZSS,2,56.0,125.0,30.0,是
0703002-0918-15-42-gnss_raw.txt,2436,459577.000,QZSS,7,53.0,169.0,23.0,是
0703002-0918-15-42-gnss_raw.txt,2436,459577.000,BDS,3,53.0,201.0,28.0,是
0703002-0918-15-42-gnss_raw.txt,2436,459577.000,BDS,7,63.0,339.0,28.0,是
0703002-0918-15-42-gnss_raw.txt,2436,459577.000,BDS,9,55.0,225.0,26.0,是
0703002-0918-15-42-gnss_raw.txt,2436,459577.000,BDS,10,62.0,317.0,28.0,是
0703002-0918-15-42-gnss_raw.txt,2436,459577.000,BDS,19,32.0,159.0,35.0,是
0703002-0918-15-42-gnss_raw.txt,2436,459577.000,BDS,21,33.0,316.0,24.0,是
0703002-0918-15-42-gnss_raw.txt,2436,459577.000,BDS,22,75.0,236.0,30.0,是
0703002-0918-15-42-gnss_raw.txt,2436,459577.000,BDS,36,60.0,22.0,28.0,是
0703002-0918-15-42-gnss_raw.txt,2436,459577.000,BDS,39,54.0,270.0,28.0,是
0703002-0918-15-42-gnss_raw.txt,2436,459578.000,GPS,10,12.0,181.0,29.0,是
0703002-0918-15-42-gnss_raw.txt,2436,459578.000,GPS,26,55.0,235.0,26.0,是
0703002-0918-15-42-gnss_raw.txt,2436,459578.000,GPS,28,58.0,12.0,27.0,是
0703002-0918-15-42-gnss_raw.txt,2436,459578.000,GPS,31,52.0,316.0,31.0,是
0703002-0918-15-42-gnss_raw.txt,2436,459578.000,GPS,32,65.0,121.0,33.0,是
0703002-0918-15-42-gnss_raw.txt,2436,459578.000,GLONASS,71,81.0,150.0,32.0,是
0703002-0918-15-42-gnss_raw.txt,2436,459578.000,GLONASS,72,41.0,331.0,27.0,是
0703002-0918-15-42-gnss_raw.txt,2436,459578.000,GLONASS,73,46.0,19.0,27.0,是
0703002-0918-15-42-gnss_raw.txt,2436,459578.000,GLONASS,74,61.0,283.0,25.0,是
0703002-0918-15-42-gnss_raw.txt,2436,459578.000,GLONASS,90,0.0,0.0,34.0,是
0703002-0918-15-42-gnss_raw.txt,2436,459578.000,Galileo,19,52.0,328.0,29.0,是
0703002-0918-15-42-gnss_raw.txt,2436,459578.000,Galileo,21,74.0,185.0,33.0,是
0703002-0918-15-42-gnss_raw.txt,2436,459578.000,Galileo,27,0.0,0.0,29.0,是
0703002-0918-15-42-gnss_raw.txt,2436,459578.000,QZSS,2,56.0,125.0,30.0,是
0703002-0918-15-42-gnss_raw.txt,2436,459578.000,QZSS,7,53.0,169.0,24.0,是
0703002-0918-15-42-gnss_raw.txt,2436,459578.000,BDS,3,53.0,201.0,26.0,是
0703002-0918-15-42-gnss_raw.txt,2436,459578.000,BDS,7,63.0,339.0,27.0,是
0703002-0918-15-42-gnss_raw.txt,2436,459578.000,BDS,9,55.0,225.0,25.0,是
0703002-0918-15-42-gnss_raw.txt,2436,459578.000,BDS,10,62.0,317.0,27.0,是
0703002-0918-15-42-gnss_raw.txt,2436,459578.000,BDS,19,32.0,159.0,38.0,是
0703002-0918-15-42-gnss_raw.txt,2436,459578.000,BDS,21,33.0,316.0,26.0,是
0703002-0918-15-42-gnss_raw.txt,2436,459578.000,BDS,22,75.0,236.0,31.0,是
0703002-0918-15-42-gnss_raw.txt,2436,459578.000,BDS,36,60.0,22.0,26.0,是
0703002-0918-15-42-gnss_raw.txt,2436,459578.000,BDS,39,54.0,270.0,28.0,是
0703002-0918-15-42-gnss_raw.txt,2436,459579.000,GPS,10,12.0,181.0,23.0,是
0703002-0918-15-42-gnss_raw.txt,2436,459579.000,GPS,26,55.0,235.0,28.0,是
0703002-0918-15-42-gnss_raw.txt,2436,459579.000,GPS,28,58.0,13.0,28.0,是
0703002-0918-15-42-gnss_raw.txt,2436,459579.000,GPS,31,52.0,316.0,31.0,是
0703002-0918-15-42-gnss_raw.txt,2436,459579.000,GPS,32,65.0,121.0,32.0,是
0703002-0918-15-42-gnss_raw.txt,2436,459579.000,GLONASS,71,81.0,150.0,28.0,是
0703002-0918-15-42-gnss_raw.txt,2436,459579.000,GLONASS,72,41.0,331.0,28.0,是
0703002-0918-15-42-gnss_raw.txt,2436,459579.000,GLONASS,73,46.0,19.0,32.0,是
0703002-0918-15-42-gnss_raw.txt,2436,459579.000,GLONASS,74,61.0,283.0,25.0,是
0703002-0918-15-42-gnss_raw.txt,2436,459579.000,GLONASS,90,0.0,0.0,34.0,是
0703002-0918-15-42-gnss_raw.txt,2436,459579.000,Galileo,19,52.0,328.0,28.0,是
0703002-0918-15-42-gnss_raw.txt,2436,459579.000,Galileo,21,74.0,185.0,33.0,是
0703002-0918-15-42-gnss_raw.txt,2436,459579.000,Galileo,27,0.0,0.0,30.0,是
0703002-0918-15-42-gnss_raw.txt,2436,459579.000,QZSS,2,56.0,125.0,30.0,是
0703002-0918-15-42-gnss_raw.txt,2436,459579.000,QZSS,7,53.0,169.0,25.0,是
0703002-0918-15-42-gnss_raw.txt,2436,459579.000,BDS,3,53.0,201.0,29.0,是
0703002-0918-15-42-gnss_raw.txt,2436,459579.000,BDS,7,63.0,339.0,29.0,是
0703002-0918-15-42-gnss_raw.txt,2436,459579.000,BDS,9,55.0,225.0,26.0,是
0703002-0918-15-42-gnss_raw.txt,2436,459579.000,BDS,10,62.0,317.0,27.0,是
0703002-0918-15-42-gnss_raw.txt,2436,459579.000,BDS,19,32.0,159.0,37.0,是
0703002-0918-15-42-gnss_raw.txt,2436,459579.000,BDS,21,33.0,316.0,26.0,是
0703002-0918-15-42-gnss_raw.txt,2436,459579.000,BDS,22,75.0,236.0,30.0,是
0703002-0918-15-42-gnss_raw.txt,2436,459579.000,BDS,36,60.0,22.0,26.0,是
0703002-0918-15-42-gnss_raw.txt,2436,459579.000,BDS,39,54.0,270.0,27.0,是
0703002-0918-15-42-gnss_raw.txt,2436,459580.000,GPS,10,12.0,181.0,21.0,是
0703002-0918-15-42-gnss_raw.txt,2436,459580.000,GPS,26,55.0,235.0,29.0,是
0703002-0918-15-42-gnss_raw.txt,2436,459580.000,GPS,28,58.0,13.0,29.0,是
0703002-0918-15-42-gnss_raw.txt,2436,459580.000,GPS,31,52.0,316.0,32.0,是
0703002-0918-15-42-gnss_raw.txt,2436,459580.000,GPS,32,65.0,121.0,31.0,是
0703002-0918-15-42-gnss_raw.txt,2436,459580.000,GLONASS,71,81.0,150.0,28.0,是
0703002-0918-15-42-gnss_raw.txt,2436,459580.000,GLONASS,72,41.0,331.0,26.0,是
0703002-0918-15-42-gnss_raw.txt,2436,459580.000,GLONASS,73,46.0,19.0,33.0,是
0703002-0918-15-42-gnss_raw.txt,2436,459580.000,GLONASS,74,61.0,283.0,29.0,是
0703002-0918-15-42-gnss_raw.txt,2436,459580.000,GLONASS,90,0.0,0.0,34.0,是
0703002-0918-15-42-gnss_raw.txt,2436,459580.000,Galileo,19,52.0,328.0,29.0,是
0703002-0918-15-42-gnss_raw.txt,2436,459580.000,Galileo,21,74.0,185.0,32.0,是
0703002-0918-15-42-gnss_raw.txt,2436,459580.000,Galileo,27,0.0,0.0,31.0,是
0703002-0918-15-42-gnss_raw.txt,2436,459580.000,QZSS,2,56.0,125.0,27.0,是
0703002-0918-15-42-gnss_raw.txt,2436,459580.000,QZSS,7,53.0,169.0,25.0,是
0703002-0918-15-42-gnss_raw.txt,2436,459580.000,BDS,3,53.0,201.0,30.0,是
0703002-0918-15-42-gnss_raw.txt,2436,459580.000,BDS,7,63.0,339.0,29.0,是
0703002-0918-15-42-gnss_raw.txt,2436,459580.000,BDS,9,55.0,225.0,26.0,是
0703002-0918-15-42-gnss_raw.txt,2436,459580.000,BDS,10,62.0,317.0,27.0,是
0703002-0918-15-42-gnss_raw.txt,2436,459580.000,BDS,19,32.0,159.0,37.0,是
0703002-0918-15-42-gnss_raw.txt,2436,459580.000,BDS,21,33.0,316.0,26.0,是
0703002-0918-15-42-gnss_raw.txt,2436,459580.000,BDS,22,75.0,236.0,29.0,是
0703002-0918-15-42-gnss_raw.txt,2436,459580.000,BDS,36,60.0,22.0,28.0,是
0703002-0918-15-42-gnss_raw.txt,2436,459580.000,BDS,39,54.0,270.0,27.0,是
0703002-0918-15-42-gnss_raw.txt,2436,459581.000,GPS,10,12.0,181.0,21.0,是
0703002-0918-15-42-gnss_raw.txt,2436,459581.000,GPS,26,55.0,235.0,27.0,是
0703002-0918-15-42-gnss_raw.txt,2436,459581.000,GPS,28,58.0,13.0,31.0,是
0703002-0918-15-42-gnss_raw.txt,2436,459581.000,GPS,31,52.0,316.0,32.0,是
0703002-0918-15-42-gnss_raw.txt,2436,459581.000,GPS,32,65.0,121.0,31.0,是
0703002-0918-15-42-gnss_raw.txt,2436,459581.000,GLONASS,71,81.0,150.0,30.0,是
0703002-0918-15-42-gnss_raw.txt,2436,459581.000,GLONASS,72,41.0,331.0,25.0,是
0703002-0918-15-42-gnss_raw.txt,2436,459581.000,GLONASS,73,46.0,19.0,33.0,是
0703002-0918-15-42-gnss_raw.txt,2436,459581.000,GLONASS,74,61.0,283.0,32.0,是
0703002-0918-15-42-gnss_raw.txt,2436,459581.000,GLONASS,90,0.0,0.0,35.0,是
0703002-0918-15-42-gnss_raw.txt,2436,459581.000,Galileo,19,52.0,328.0,29.0,是
0703002-0918-15-42-gnss_raw.txt,2436,459581.000,Galileo,21,74.0,185.0,30.0,是
0703002-0918-15-42-gnss_raw.txt,2436,459581.000,Galileo,27,0.0,0.0,28.0,是
0703002-0918-15-42-gnss_raw.txt,2436,459581.000,QZSS,2,56.0,125.0,24.0,是
0703002-0918-15-42-gnss_raw.txt,2436,459581.000,QZSS,7,53.0,169.0,24.0,是
0703002-0918-15-42-gnss_raw.txt,2436,459581.000,BDS,3,53.0,201.0,27.0,是
0703002-0918-15-42-gnss_raw.txt,2436,459581.000,BDS,7,63.0,339.0,30.0,是
0703002-0918-15-42-gnss_raw.txt,2436,459581.000,BDS,9,55.0,225.0,24.0,是
0703002-0918-15-42-gnss_raw.txt,2436,459581.000,BDS,10,62.0,317.0,28.0,是
0703002-0918-15-42-gnss_raw.txt,2436,459581.000,BDS,19,32.0,159.0,23.0,是
0703002-0918-15-42-gnss_raw.txt,2436,459581.000,BDS,21,33.0,316.0,26.0,是
0703002-0918-15-42-gnss_raw.txt,2436,459581.000,BDS,22,75.0,236.0,29.0,是
0703002-0918-15-42-gnss_raw.txt,2436,459581.000,BDS,36,60.0,22.0,30.0,是
0703002-0918-15-42-gnss_raw.txt,2436,459581.000,BDS,39,54.0,270.0,29.0,是
0703002-0918-15-42-gnss_raw.txt,2436,459582.000,GPS,10,12.0,181.0,20.0,是
0703002-0918-15-42-gnss_raw.txt,2436,459582.000,GPS,26,55.0,235.0,26.0,是
0703002-0918-15-42-gnss_raw.txt,2436,459582.000,GPS,28,58.0,13.0,31.0,是
0703002-0918-15-42-gnss_raw.txt,2436,459582.000,GPS,31,52.0,316.0,32.0,是
0703002-0918-15-42-gnss_raw.txt,2436,459582.000,GPS,32,65.0,121.0,31.0,是
0703002-0918-15-42-gnss_raw.txt,2436,459582.000,GLONASS,71,80.0,150.0,30.0,是
0703002-0918-15-42-gnss_raw.txt,2436,459582.000,GLONASS,72,41.0,331.0,25.0,是
0703002-0918-15-42-gnss_raw.txt,2436,459582.000,GLONASS,73,46.0,19.0,32.0,是
0703002-0918-15-42-gnss_raw.txt,2436,459582.000,GLONASS,74,61.0,283.0,32.0,是
0703002-0918-15-42-gnss_raw.txt,2436,459582.000,GLONASS,90,0.0,0.0,36.0,是
0703002-0918-15-42-gnss_raw.txt,2436,459582.000,Galileo,19,52.0,328.0,29.0,是
0703002-0918-15-42-gnss_raw.txt,2436,459582.000,Galileo,21,74.0,185.0,30.0,是
0703002-0918-15-42-gnss_raw.txt,2436,459582.000,Galileo,27,0.0,0.0,26.0,是
0703002-0918-15-42-gnss_raw.txt,2436,459582.000,QZSS,2,56.0,125.0,26.0,是
0703002-0918-15-42-gnss_raw.txt,2436,459582.000,QZSS,7,53.0,169.0,24.0,是
0703002-0918-15-42-gnss_raw.txt,2436,459582.000,BDS,3,53.0,201.0,28.0,是
0703002-0918-15-42-gnss_raw.txt,2436,459582.000,BDS,7,63.0,339.0,30.0,是
0703002-0918-15-42-gnss_raw.txt,2436,459582.000,BDS,9,55.0,225.0,22.0,是
0703002-0918-15-42-gnss_raw.txt,2436,459582.000,BDS,10,62.0,317.0,28.0,是
0703002-0918-15-42-gnss_raw.txt,2436,459582.000,BDS,19,32.0,159.0,25.0,是
0703002-0918-15-42-gnss_raw.txt,2436,459582.000,BDS,21,33.0,316.0,26.0,是
0703002-0918-15-42-gnss_raw.txt,2436,459582.000,BDS,22,75.0,236.0,30.0,是
0703002-0918-15-42-gnss_raw.txt,2436,459582.000,BDS,36,60.0,22.0,31.0,是
0703002-0918-15-42-gnss_raw.txt,2436,459582.000,BDS,39,54.0,270.0,30.0,是
0703002-0918-15-42-gnss_raw.txt,2436,459583.000,GPS,10,12.0,181.0,19.0,是
0703002-0918-15-42-gnss_raw.txt,2436,459583.000,GPS,26,55.0,235.0,28.0,是
0703002-0918-15-42-gnss_raw.txt,2436,459583.000,GPS,28,58.0,13.0,31.0,是
0703002-0918-15-42-gnss_raw.txt,2436,459583.000,GPS,31,52.0,316.0,32.0,是
0703002-0918-15-42-gnss_raw.txt,2436,459583.000,GPS,32,65.0,121.0,32.0,是
0703002-0918-15-42-gnss_raw.txt,2436,459583.000,GLONASS,71,80.0,150.0,31.0,是
0703002-0918-15-42-gnss_raw.txt,2436,459583.000,GLONASS,72,0.0,0.0,23.0,是
0703002-0918-15-42-gnss_raw.txt,2436,459583.000,GLONASS,73,46.0,19.0,32.0,是
0703002-0918-15-42-gnss_raw.txt,2436,459583.000,GLONASS,74,61.0,283.0,32.0,是
0703002-0918-15-42-gnss_raw.txt,2436,459583.000,GLONASS,90,0.0,0.0,32.0,是
0703002-0918-15-42-gnss_raw.txt,2436,459583.000,Galileo,19,52.0,328.0,27.0,是
0703002-0918-15-42-gnss_raw.txt,2436,459583.000,Galileo,21,74.0,185.0,32.0,是
0703002-0918-15-42-gnss_raw.txt,2436,459583.000,Galileo,27,0.0,0.0,32.0,是
0703002-0918-15-42-gnss_raw.txt,2436,459583.000,QZSS,2,56.0,125.0,28.0,是
0703002-0918-15-42-gnss_raw.txt,2436,459583.000,QZSS,7,53.0,169.0,24.0,是
0703002-0918-15-42-gnss_raw.txt,2436,459583.000,BDS,3,53.0,201.0,26.0,是
0703002-0918-15-42-gnss_raw.txt,2436,459583.000,BDS,7,63.0,339.0,31.0,是
0703002-0918-15-42-gnss_raw.txt,2436,459583.000,BDS,9,55.0,225.0,24.0,是
0703002-0918-15-42-gnss_raw.txt,2436,459583.000,BDS,10,62.0,317.0,28.0,是
0703002-0918-15-42-gnss_raw.txt,2436,459583.000,BDS,19,32.0,159.0,25.0,是
0703002-0918-15-42-gnss_raw.txt,2436,459583.000,BDS,21,34.0,316.0,25.0,是
0703002-0918-15-42-gnss_raw.txt,2436,459583.000,BDS,22,75.0,236.0,31.0,是
0703002-0918-15-42-gnss_raw.txt,2436,459583.000,BDS,36,60.0,22.0,31.0,是
0703002-0918-15-42-gnss_raw.txt,2436,459583.000,BDS,39,54.0,270.0,31.0,是
0703002-0918-15-42-gnss_raw.txt,2436,459584.000,GPS,10,0.0,0.0,17.0,是
0703002-0918-15-42-gnss_raw.txt,2436,459584.000,GPS,26,55.0,235.0,30.0,是
0703002-0918-15-42-gnss_raw.txt,2436,459584.000,GPS,28,58.0,13.0,30.0,是
0703002-0918-15-42-gnss_raw.txt,2436,459584.000,GPS,31,52.0,316.0,32.0,是
0703002-0918-15-42-gnss_raw.txt,2436,459584.000,GPS,32,65.0,121.0,32.0,是
0703002-0918-15-42-gnss_raw.txt,2436,459584.000,GLONASS,71,80.0,150.0,32.0,是
0703002-0918-15-42-gnss_raw.txt,2436,459584.000,GLONASS,72,41.0,331.0,23.0,是
0703002-0918-15-42-gnss_raw.txt,2436,459584.000,GLONASS,73,46.0,19.0,32.0,是
0703002-0918-15-42-gnss_raw.txt,2436,459584.000,GLONASS,74,61.0,283.0,32.0,是
0703002-0918-15-42-gnss_raw.txt,2436,459584.000,GLONASS,90,0.0,0.0,34.0,是
0703002-0918-15-42-gnss_raw.txt,2436,459584.000,Galileo,19,52.0,328.0,24.0,是
0703002-0918-15-42-gnss_raw.txt,2436,459584.000,Galileo,21,74.0,185.0,32.0,是
0703002-0918-15-42-gnss_raw.txt,2436,459584.000,Galileo,27,0.0,0.0,29.0,是
0703002-0918-15-42-gnss_raw.txt,2436,459584.000,QZSS,2,56.0,125.0,29.0,是
0703002-0918-15-42-gnss_raw.txt,2436,459584.000,QZSS,7,53.0,169.0,23.0,是
0703002-0918-15-42-gnss_raw.txt,2436,459584.000,BDS,3,53.0,201.0,40.0,是
0703002-0918-15-42-gnss_raw.txt,2436,459584.000,BDS,7,63.0,339.0,29.0,是
0703002-0918-15-42-gnss_raw.txt,2436,459584.000,BDS,9,55.0,225.0,26.0,是
0703002-0918-15-42-gnss_raw.txt,2436,459584.000,BDS,10,62.0,317.0,27.0,是
0703002-0918-15-42-gnss_raw.txt,2436,459584.000,BDS,19,32.0,159.0,25.0,是
0703002-0918-15-42-gnss_raw.txt,2436,459584.000,BDS,21,34.0,316.0,24.0,是
0703002-0918-15-42-gnss_raw.txt,2436,459584.000,BDS,22,75.0,236.0,31.0,是
0703002-0918-15-42-gnss_raw.txt,2436,459584.000,BDS,36,60.0,22.0,29.0,是
0703002-0918-15-42-gnss_raw.txt,2436,459584.000,BDS,39,54.0,270.0,31.0,是
0703002-0918-15-42-gnss_raw.txt,2436,459585.000,GPS,10,0.0,0.0,19.0,是
0703002-0918-15-42-gnss_raw.txt,2436,459585.000,GPS,26,55.0,235.0,31.0,是
0703002-0918-15-42-gnss_raw.txt,2436,459585.000,GPS,28,58.0,13.0,30.0,是
0703002-0918-15-42-gnss_raw.txt,2436,459585.000,GPS,31,52.0,316.0,33.0,是
0703002-0918-15-42-gnss_raw.txt,2436,459585.000,GPS,32,65.0,121.0,33.0,是
0703002-0918-15-42-gnss_raw.txt,2436,459585.000,GLONASS,71,80.0,150.0,32.0,是
0703002-0918-15-42-gnss_raw.txt,2436,459585.000,GLONASS,72,41.0,331.0,24.0,是
0703002-0918-15-42-gnss_raw.txt,2436,459585.000,GLONASS,73,46.0,19.0,31.0,是
0703002-0918-15-42-gnss_raw.txt,2436,459585.000,GLONASS,74,61.0,283.0,31.0,是
0703002-0918-15-42-gnss_raw.txt,2436,459585.000,GLONASS,90,0.0,0.0,33.0,是
0703002-0918-15-42-gnss_raw.txt,2436,459585.000,Galileo,19,52.0,328.0,27.0,是
0703002-0918-15-42-gnss_raw.txt,2436,459585.000,Galileo,21,74.0,185.0,33.0,是
0703002-0918-15-42-gnss_raw.txt,2436,459585.000,Galileo,27,0.0,0.0,27.0,是
0703002-0918-15-42-gnss_raw.txt,2436,459585.000,QZSS,2,56.0,125.0,30.0,是
0703002-0918-15-42-gnss_raw.txt,2436,459585.000,QZSS,7,53.0,169.0,23.0,是
0703002-0918-15-42-gnss_raw.txt,2436,459585.000,BDS,3,53.0,201.0,27.0,是
0703002-0918-15-42-gnss_raw.txt,2436,459585.000,BDS,7,63.0,339.0,27.0,是
0703002-0918-15-42-gnss_raw.txt,2436,459585.000,BDS,9,55.0,225.0,27.0,是
0703002-0918-15-42-gnss_raw.txt,2436,459585.000,BDS,10,62.0,317.0,28.0,是
0703002-0918-15-42-gnss_raw.txt,2436,459585.000,BDS,19,32.0,159.0,25.0,是
0703002-0918-15-42-gnss_raw.txt,2436,459585.000,BDS,21,34.0,316.0,23.0,是
0703002-0918-15-42-gnss_raw.txt,2436,459585.000,BDS,22,75.0,236.0,31.0,是
0703002-0918-15-42-gnss_raw.txt,2436,459585.000,BDS,36,60.0,22.0,30.0,是
0703002-0918-15-42-gnss_raw.txt,2436,459585.000,BDS,39,54.0,270.0,29.0,是
0703002-0918-15-42-gnss_raw.txt,2436,459586.000,GPS,10,12.0,181.0,22.0,是
0703002-0918-15-42-gnss_raw.txt,2436,459586.000,GPS,26,55.0,235.0,28.0,是
0703002-0918-15-42-gnss_raw.txt,2436,459586.000,GPS,28,58.0,13.0,29.0,是
0703002-0918-15-42-gnss_raw.txt,2436,459586.000,GPS,31,52.0,316.0,32.0,是
0703002-0918-15-42-gnss_raw.txt,2436,459586.000,GPS,32,65.0,121.0,33.0,是
0703002-0918-15-42-gnss_raw.txt,2436,459586.000,GLONASS,71,80.0,150.0,33.0,是
0703002-0918-15-42-gnss_raw.txt,2436,459586.000,GLONASS,72,41.0,331.0,24.0,是
0703002-0918-15-42-gnss_raw.txt,2436,459586.000,GLONASS,73,46.0,19.0,31.0,是
0703002-0918-15-42-gnss_raw.txt,2436,459586.000,GLONASS,74,61.0,283.0,29.0,是
0703002-0918-15-42-gnss_raw.txt,2436,459586.000,GLONASS,90,0.0,0.0,35.0,是
0703002-0918-15-42-gnss_raw.txt,2436,459586.000,Galileo,19,52.0,328.0,28.0,是
0703002-0918-15-42-gnss_raw.txt,2436,459586.000,Galileo,21,74.0,185.0,33.0,是
0703002-0918-15-42-gnss_raw.txt,2436,459586.000,Galileo,27,0.0,0.0,28.0,是
0703002-0918-15-42-gnss_raw.txt,2436,459586.000,QZSS,2,56.0,125.0,31.0,是
0703002-0918-15-42-gnss_raw.txt,2436,459586.000,QZSS,7,53.0,169.0,24.0,是
0703002-0918-15-42-gnss_raw.txt,2436,459586.000,BDS,3,53.0,201.0,28.0,是
0703002-0918-15-42-gnss_raw.txt,2436,459586.000,BDS,7,63.0,339.0,28.0,是
0703002-0918-15-42-gnss_raw.txt,2436,459586.000,BDS,9,55.0,225.0,27.0,是
0703002-0918-15-42-gnss_raw.txt,2436,459586.000,BDS,10,62.0,317.0,28.0,是
0703002-0918-15-42-gnss_raw.txt,2436,459586.000,BDS,19,32.0,159.0,25.0,是
0703002-0918-15-42-gnss_raw.txt,2436,459586.000,BDS,21,34.0,316.0,22.0,是
0703002-0918-15-42-gnss_raw.txt,2436,459586.000,BDS,22,75.0,236.0,32.0,是
0703002-0918-15-42-gnss_raw.txt,2436,459586.000,BDS,36,60.0,22.0,29.0,是
0703002-0918-15-42-gnss_raw.txt,2436,459586.000,BDS,39,54.0,270.0,29.0,是
0703002-0918-15-42-gnss_raw.txt,2436,459587.000,GPS,10,12.0,181.0,23.0,是
0703002-0918-15-42-gnss_raw.txt,2436,459587.000,GPS,26,55.0,235.0,28.0,是
0703002-0918-15-42-gnss_raw.txt,2436,459587.000,GPS,28,58.0,13.0,30.0,是
0703002-0918-15-42-gnss_raw.txt,2436,459587.000,GPS,31,52.0,316.0,32.0,是
0703002-0918-15-42-gnss_raw.txt,2436,459587.000,GPS,32,65.0,121.0,34.0,是
0703002-0918-15-42-gnss_raw.txt,2436,459587.000,GLONASS,71,80.0,150.0,32.0,是
0703002-0918-15-42-gnss_raw.txt,2436,459587.000,GLONASS,72,41.0,331.0,25.0,是
0703002-0918-15-42-gnss_raw.txt,2436,459587.000,GLONASS,73,46.0,19.0,32.0,是
0703002-0918-15-42-gnss_raw.txt,2436,459587.000,GLONASS,74,61.0,283.0,31.0,是
0703002-0918-15-42-gnss_raw.txt,2436,459587.000,GLONASS,90,0.0,0.0,35.0,是
0703002-0918-15-42-gnss_raw.txt,2436,459587.000,Galileo,14,0.0,0.0,28.0,是
0703002-0918-15-42-gnss_raw.txt,2436,459587.000,Galileo,19,52.0,328.0,29.0,是
0703002-0918-15-42-gnss_raw.txt,2436,459587.000,Galileo,21,74.0,185.0,32.0,是
0703002-0918-15-42-gnss_raw.txt,2436,459587.000,Galileo,27,0.0,0.0,27.0,是
0703002-0918-15-42-gnss_raw.txt,2436,459587.000,QZSS,2,56.0,125.0,31.0,是
0703002-0918-15-42-gnss_raw.txt,2436,459587.000,QZSS,7,53.0,169.0,24.0,是
0703002-0918-15-42-gnss_raw.txt,2436,459587.000,BDS,3,53.0,201.0,25.0,是
0703002-0918-15-42-gnss_raw.txt,2436,459587.000,BDS,7,63.0,339.0,29.0,是
0703002-0918-15-42-gnss_raw.txt,2436,459587.000,BDS,9,55.0,225.0,25.0,是
0703002-0918-15-42-gnss_raw.txt,2436,459587.000,BDS,10,62.0,317.0,28.0,是
0703002-0918-15-42-gnss_raw.txt,2436,459587.000,BDS,19,32.0,159.0,24.0,是
0703002-0918-15-42-gnss_raw.txt,2436,459587.000,BDS,21,34.0,316.0,23.0,是
0703002-0918-15-42-gnss_raw.txt,2436,459587.000,BDS,22,75.0,236.0,32.0,是
0703002-0918-15-42-gnss_raw.txt,2436,459587.000,BDS,36,60.0,22.0,29.0,是
0703002-0918-15-42-gnss_raw.txt,2436,459587.000,BDS,39,54.0,270.0,27.0,是
0703002-0918-15-42-gnss_raw.txt,2436,459588.000,GPS,10,0.0,0.0,23.0,是
0703002-0918-15-42-gnss_raw.txt,2436,459588.000,GPS,26,55.0,235.0,27.0,是
0703002-0918-15-42-gnss_raw.txt,2436,459588.000,GPS,28,58.0,13.0,30.0,是
0703002-0918-15-42-gnss_raw.txt,2436,459588.000,GPS,31,52.0,316.0,31.0,是
0703002-0918-15-42-gnss_raw.txt,2436,459588.000,GPS,32,65.0,121.0,34.0,是
0703002-0918-15-42-gnss_raw.txt,2436,459588.000,GLONASS,71,80.0,150.0,32.0,是
0703002-0918-15-42-gnss_raw.txt,2436,459588.000,GLONASS,72,41.0,331.0,26.0,是
0703002-0918-15-42-gnss_raw.txt,2436,459588.000,GLONASS,73,46.0,19.0,31.0,是
0703002-0918-15-42-gnss_raw.txt,2436,459588.000,GLONASS,74,61.0,283.0,29.0,是
0703002-0918-15-42-gnss_raw.txt,2436,459588.000,GLONASS,90,0.0,0.0,36.0,是
0703002-0918-15-42-gnss_raw.txt,2436,459588.000,Galileo,14,0.0,0.0,29.0,是
0703002-0918-15-42-gnss_raw.txt,2436,459588.000,Galileo,19,52.0,328.0,29.0,是
0703002-0918-15-42-gnss_raw.txt,2436,459588.000,Galileo,21,74.0,185.0,32.0,是
0703002-0918-15-42-gnss_raw.txt,2436,459588.000,Galileo,27,0.0,0.0,21.0,是
0703002-0918-15-42-gnss_raw.txt,2436,459588.000,QZSS,2,56.0,125.0,31.0,是
0703002-0918-15-42-gnss_raw.txt,2436,459588.000,QZSS,7,53.0,169.0,24.0,是
0703002-0918-15-42-gnss_raw.txt,2436,459588.000,BDS,3,53.0,201.0,34.0,是
0703002-0918-15-42-gnss_raw.txt,2436,459588.000,BDS,7,63.0,339.0,30.0,是
0703002-0918-15-42-gnss_raw.txt,2436,459588.000,BDS,9,55.0,225.0,24.0,是
0703002-0918-15-42-gnss_raw.txt,2436,459588.000,BDS,10,62.0,317.0,28.0,是
0703002-0918-15-42-gnss_raw.txt,2436,459588.000,BDS,19,32.0,159.0,24.0,是
0703002-0918-15-42-gnss_raw.txt,2436,459588.000,BDS,21,34.0,316.0,25.0,是
0703002-0918-15-42-gnss_raw.txt,2436,459588.000,BDS,22,75.0,236.0,32.0,是
0703002-0918-15-42-gnss_raw.txt,2436,459588.000,BDS,36,60.0,22.0,30.0,是
0703002-0918-15-42-gnss_raw.txt,2436,459588.000,BDS,39,54.0,270.0,27.0,是
0703002-0918-15-42-gnss_raw.txt,2436,459589.000,GPS,10,0.0,0.0,22.0,是
0703002-0918-15-42-gnss_raw.txt,2436,459589.000,GPS,26,55.0,235.0,24.0,是
0703002-0918-15-42-gnss_raw.txt,2436,459589.000,GPS,28,58.0,13.0,32.0,是
0703002-0918-15-42-gnss_raw.txt,2436,459589.000,GPS,31,52.0,316.0,31.0,是
0703002-0918-15-42-gnss_raw.txt,2436,459589.000,GPS,32,65.0,121.0,34.0,是
0703002-0918-15-42-gnss_raw.txt,2436,459589.000,GLONASS,71,80.0,150.0,30.0,是
0703002-0918-15-42-gnss_raw.txt,2436,459589.000,GLONASS,72,41.0,331.0,24.0,是
0703002-0918-15-42-gnss_raw.txt,2436,459589.000,GLONASS,73,46.0,19.0,34.0,是
0703002-0918-15-42-gnss_raw.txt,2436,459589.000,GLONASS,74,61.0,283.0,32.0,是
0703002-0918-15-42-gnss_raw.txt,2436,459589.000,GLONASS,90,0.0,0.0,35.0,是
0703002-0918-15-42-gnss_raw.txt,2436,459589.000,Galileo,14,0.0,0.0,27.0,是
0703002-0918-15-42-gnss_raw.txt,2436,459589.000,Galileo,19,52.0,328.0,28.0,是
0703002-0918-15-42-gnss_raw.txt,2436,459589.000,Galileo,21,74.0,185.0,32.0,是
0703002-0918-15-42-gnss_raw.txt,2436,459589.000,QZSS,2,56.0,125.0,32.0,是
0703002-0918-15-42-gnss_raw.txt,2436,459589.000,QZSS,7,53.0,169.0,24.0,是
0703002-0918-15-42-gnss_raw.txt,2436,459589.000,BDS,3,53.0,201.0,36.0,是
0703002-0918-15-42-gnss_raw.txt,2436,459589.000,BDS,7,63.0,339.0,30.0,是
0703002-0918-15-42-gnss_raw.txt,2436,459589.000,BDS,9,55.0,225.0,22.0,是
0703002-0918-15-42-gnss_raw.txt,2436,459589.000,BDS,10,62.0,317.0,29.0,是
0703002-0918-15-42-gnss_raw.txt,2436,459589.000,BDS,19,32.0,159.0,25.0,是
0703002-0918-15-42-gnss_raw.txt,2436,459589.000,BDS,21,34.0,316.0,27.0,是
0703002-0918-15-42-gnss_raw.txt,2436,459589.000,BDS,22,75.0,236.0,30.0,是
0703002-0918-15-42-gnss_raw.txt,2436,459589.000,BDS,36,60.0,22.0,31.0,是
0703002-0918-15-42-gnss_raw.txt,2436,459589.000,BDS,39,54.0,270.0,27.0,是
0703002-0918-15-42-gnss_raw.txt,2436,459590.000,GPS,10,0.0,0.0,20.0,是
0703002-0918-15-42-gnss_raw.txt,2436,459590.000,GPS,26,55.0,235.0,21.0,是
0703002-0918-15-42-gnss_raw.txt,2436,459590.000,GPS,28,58.0,13.0,32.0,是
0703002-0918-15-42-gnss_raw.txt,2436,459590.000,GPS,31,52.0,316.0,30.0,是
0703002-0918-15-42-gnss_raw.txt,2436,459590.000,GPS,32,65.0,121.0,35.0,是
0703002-0918-15-42-gnss_raw.txt,2436,459590.000,GLONASS,71,80.0,150.0,32.0,是
0703002-0918-15-42-gnss_raw.txt,2436,459590.000,GLONASS,72,41.0,331.0,20.0,是
0703002-0918-15-42-gnss_raw.txt,2436,459590.000,GLONASS,73,46.0,19.0,32.0,是
0703002-0918-15-42-gnss_raw.txt,2436,459590.000,GLONASS,74,61.0,283.0,30.0,是
0703002-0918-15-42-gnss_raw.txt,2436,459590.000,GLONASS,90,0.0,0.0,32.0,是
0703002-0918-15-42-gnss_raw.txt,2436,459590.000,Galileo,14,0.0,0.0,28.0,是
0703002-0918-15-42-gnss_raw.txt,2436,459590.000,Galileo,19,52.0,328.0,28.0,是
0703002-0918-15-42-gnss_raw.txt,2436,459590.000,Galileo,21,74.0,185.0,32.0,是
0703002-0918-15-42-gnss_raw.txt,2436,459590.000,QZSS,2,56.0,125.0,32.0,是
0703002-0918-15-42-gnss_raw.txt,2436,459590.000,QZSS,7,53.0,169.0,24.0,是
0703002-0918-15-42-gnss_raw.txt,2436,459590.000,BDS,7,63.0,339.0,30.0,是
0703002-0918-15-42-gnss_raw.txt,2436,459590.000,BDS,9,55.0,225.0,20.0,是
0703002-0918-15-42-gnss_raw.txt,2436,459590.000,BDS,10,62.0,317.0,27.0,是
0703002-0918-15-42-gnss_raw.txt,2436,459590.000,BDS,19,32.0,159.0,24.0,是
0703002-0918-15-42-gnss_raw.txt,2436,459590.000,BDS,21,34.0,316.0,28.0,是
0703002-0918-15-42-gnss_raw.txt,2436,459590.000,BDS,22,75.0,236.0,29.0,是
0703002-0918-15-42-gnss_raw.txt,2436,459590.000,BDS,36,60.0,22.0,31.0,是
0703002-0918-15-42-gnss_raw.txt,2436,459590.000,BDS,39,54.0,270.0,27.0,是
0703002-0918-15-42-gnss_raw.txt,2436,459591.000,GPS,10,12.0,181.0,22.0,是
0703002-0918-15-42-gnss_raw.txt,2436,459591.000,GPS,26,55.0,235.0,23.0,是
0703002-0918-15-42-gnss_raw.txt,2436,459591.000,GPS,28,58.0,13.0,30.0,是
0703002-0918-15-42-gnss_raw.txt,2436,459591.000,GPS,31,52.0,316.0,29.0,是
0703002-0918-15-42-gnss_raw.txt,2436,459591.000,GPS,32,65.0,121.0,35.0,是
0703002-0918-15-42-gnss_raw.txt,2436,459591.000,GLONASS,71,80.0,150.0,32.0,是
0703002-0918-15-42-gnss_raw.txt,2436,459591.000,GLONASS,72,41.0,331.0,23.0,是
0703002-0918-15-42-gnss_raw.txt,2436,459591.000,GLONASS,73,46.0,19.0,31.0,是
0703002-0918-15-42-gnss_raw.txt,2436,459591.000,GLONASS,74,61.0,283.0,26.0,是
0703002-0918-15-42-gnss_raw.txt,2436,459591.000,GLONASS,90,0.0,0.0,32.0,是
0703002-0918-15-42-gnss_raw.txt,2436,459591.000,Galileo,14,0.0,0.0,27.0,是
0703002-0918-15-42-gnss_raw.txt,2436,459591.000,Galileo,19,0.0,0.0,28.0,是
0703002-0918-15-42-gnss_raw.txt,2436,459591.000,Galileo,21,74.0,185.0,31.0,是
0703002-0918-15-42-gnss_raw.txt,2436,459591.000,QZSS,2,56.0,125.0,31.0,是
0703002-0918-15-42-gnss_raw.txt,2436,459591.000,QZSS,7,53.0,169.0,24.0,是
0703002-0918-15-42-gnss_raw.txt,2436,459591.000,BDS,3,0.0,0.0,28.0,是
0703002-0918-15-42-gnss_raw.txt,2436,459591.000,BDS,7,63.0,339.0,30.0,是
0703002-0918-15-42-gnss_raw.txt,2436,459591.000,BDS,9,55.0,225.0,22.0,是
0703002-0918-15-42-gnss_raw.txt,2436,459591.000,BDS,10,62.0,317.0,27.0,是
0703002-0918-15-42-gnss_raw.txt,2436,459591.000,BDS,19,32.0,159.0,23.0,是
0703002-0918-15-42-gnss_raw.txt,2436,459591.000,BDS,21,34.0,316.0,27.0,是
0703002-0918-15-42-gnss_raw.txt,2436,459591.000,BDS,22,75.0,236.0,30.0,是
0703002-0918-15-42-gnss_raw.txt,2436,459591.000,BDS,36,60.0,22.0,30.0,是
0703002-0918-15-42-gnss_raw.txt,2436,459591.000,BDS,39,54.0,270.0,27.0,是
0703002-0918-15-42-gnss_raw.txt,2436,459592.000,GPS,10,0.0,0.0,21.0,是
0703002-0918-15-42-gnss_raw.txt,2436,459592.000,GPS,26,55.0,235.0,24.0,是
0703002-0918-15-42-gnss_raw.txt,2436,459592.000,GPS,28,58.0,13.0,30.0,是
0703002-0918-15-42-gnss_raw.txt,2436,459592.000,GPS,31,52.0,316.0,30.0,是
0703002-0918-15-42-gnss_raw.txt,2436,459592.000,GPS,32,65.0,121.0,35.0,是
0703002-0918-15-42-gnss_raw.txt,2436,459592.000,GLONASS,71,80.0,150.0,32.0,是
0703002-0918-15-42-gnss_raw.txt,2436,459592.000,GLONASS,72,41.0,331.0,23.0,是
0703002-0918-15-42-gnss_raw.txt,2436,459592.000,GLONASS,73,46.0,19.0,32.0,是
0703002-0918-15-42-gnss_raw.txt,2436,459592.000,GLONASS,74,0.0,0.0,27.0,是
0703002-0918-15-42-gnss_raw.txt,2436,459592.000,GLONASS,90,0.0,0.0,33.0,是
0703002-0918-15-42-gnss_raw.txt,2436,459592.000,Galileo,14,0.0,0.0,28.0,是
0703002-0918-15-42-gnss_raw.txt,2436,459592.000,Galileo,19,52.0,328.0,28.0,是
0703002-0918-15-42-gnss_raw.txt,2436,459592.000,Galileo,21,74.0,185.0,33.0,是
0703002-0918-15-42-gnss_raw.txt,2436,459592.000,QZSS,2,56.0,125.0,31.0,是
0703002-0918-15-42-gnss_raw.txt,2436,459592.000,QZSS,7,53.0,169.0,25.0,是
0703002-0918-15-42-gnss_raw.txt,2436,459592.000,BDS,3,53.0,201.0,30.0,是
0703002-0918-15-42-gnss_raw.txt,2436,459592.000,BDS,7,63.0,339.0,29.0,是
0703002-0918-15-42-gnss_raw.txt,2436,459592.000,BDS,9,55.0,225.0,23.0,是
0703002-0918-15-42-gnss_raw.txt,2436,459592.000,BDS,10,62.0,317.0,27.0,是
0703002-0918-15-42-gnss_raw.txt,2436,459592.000,BDS,19,32.0,159.0,22.0,是
0703002-0918-15-42-gnss_raw.txt,2436,459592.000,BDS,21,34.0,316.0,25.0,是
0703002-0918-15-42-gnss_raw.txt,2436,459592.000,BDS,22,75.0,236.0,30.0,是
0703002-0918-15-42-gnss_raw.txt,2436,459592.000,BDS,36,60.0,22.0,30.0,是
0703002-0918-15-42-gnss_raw.txt,2436,459592.000,BDS,39,54.0,270.0,26.0,是
0703002-0918-15-42-gnss_raw.txt,2436,459593.000,GPS,10,0.0,0.0,21.0,是
0703002-0918-15-42-gnss_raw.txt,2436,459593.000,GPS,26,55.0,235.0,26.0,是
0703002-0918-15-42-gnss_raw.txt,2436,459593.000,GPS,28,58.0,13.0,29.0,是
0703002-0918-15-42-gnss_raw.txt,2436,459593.000,GPS,31,52.0,316.0,31.0,是
0703002-0918-15-42-gnss_raw.txt,2436,459593.000,GPS,32,65.0,121.0,35.0,是
0703002-0918-15-42-gnss_raw.txt,2436,459593.000,GLONASS,71,80.0,150.0,33.0,是
0703002-0918-15-42-gnss_raw.txt,2436,459593.000,GLONASS,72,41.0,331.0,24.0,是
0703002-0918-15-42-gnss_raw.txt,2436,459593.000,GLONASS,73,46.0,19.0,31.0,是
0703002-0918-15-42-gnss_raw.txt,2436,459593.000,GLONASS,74,61.0,283.0,27.0,是
0703002-0918-15-42-gnss_raw.txt,2436,459593.000,GLONASS,90,0.0,0.0,34.0,是
0703002-0918-15-42-gnss_raw.txt,2436,459593.000,Galileo,14,0.0,0.0,30.0,是
0703002-0918-15-42-gnss_raw.txt,2436,459593.000,Galileo,19,52.0,328.0,30.0,是
0703002-0918-15-42-gnss_raw.txt,2436,459593.000,Galileo,21,74.0,185.0,33.0,是
0703002-0918-15-42-gnss_raw.txt,2436,459593.000,QZSS,2,56.0,125.0,31.0,是
0703002-0918-15-42-gnss_raw.txt,2436,459593.000,QZSS,7,53.0,169.0,25.0,是
0703002-0918-15-42-gnss_raw.txt,2436,459593.000,BDS,3,53.0,201.0,28.0,是
0703002-0918-15-42-gnss_raw.txt,2436,459593.000,BDS,7,63.0,339.0,28.0,是
0703002-0918-15-42-gnss_raw.txt,2436,459593.000,BDS,9,55.0,225.0,25.0,是
0703002-0918-15-42-gnss_raw.txt,2436,459593.000,BDS,10,62.0,317.0,27.0,是
0703002-0918-15-42-gnss_raw.txt,2436,459593.000,BDS,19,32.0,159.0,23.0,是
0703002-0918-15-42-gnss_raw.txt,2436,459593.000,BDS,21,34.0,316.0,23.0,是
0703002-0918-15-42-gnss_raw.txt,2436,459593.000,BDS,22,75.0,236.0,30.0,是
0703002-0918-15-42-gnss_raw.txt,2436,459593.000,BDS,36,60.0,22.0,29.0,是
0703002-0918-15-42-gnss_raw.txt,2436,459593.000,BDS,39,54.0,270.0,25.0,是
0703002-0918-15-42-gnss_raw.txt,2436,459594.000,GPS,10,0.0,0.0,18.0,是
0703002-0918-15-42-gnss_raw.txt,2436,459594.000,GPS,26,55.0,235.0,28.0,是
0703002-0918-15-42-gnss_raw.txt,2436,459594.000,GPS,28,58.0,13.0,29.0,是
0703002-0918-15-42-gnss_raw.txt,2436,459594.000,GPS,31,52.0,316.0,31.0,是
0703002-0918-15-42-gnss_raw.txt,2436,459594.000,GPS,32,65.0,121.0,35.0,是
0703002-0918-15-42-gnss_raw.txt,2436,459594.000,GLONASS,71,80.0,150.0,33.0,是
0703002-0918-15-42-gnss_raw.txt,2436,459594.000,GLONASS,72,41.0,331.0,22.0,是
0703002-0918-15-42-gnss_raw.txt,2436,459594.000,GLONASS,73,46.0,19.0,32.0,是
0703002-0918-15-42-gnss_raw.txt,2436,459594.000,GLONASS,74,61.0,283.0,31.0,是
0703002-0918-15-42-gnss_raw.txt,2436,459594.000,GLONASS,90,0.0,0.0,31.0,是
0703002-0918-15-42-gnss_raw.txt,2436,459594.000,Galileo,14,0.0,0.0,26.0,是
0703002-0918-15-42-gnss_raw.txt,2436,459594.000,Galileo,19,52.0,328.0,27.0,是
0703002-0918-15-42-gnss_raw.txt,2436,459594.000,Galileo,21,74.0,185.0,33.0,是
0703002-0918-15-42-gnss_raw.txt,2436,459594.000,QZSS,2,56.0,125.0,30.0,是
0703002-0918-15-42-gnss_raw.txt,2436,459594.000,QZSS,7,53.0,169.0,23.0,是
0703002-0918-15-42-gnss_raw.txt,2436,459594.000,BDS,3,53.0,201.0,28.0,是
0703002-0918-15-42-gnss_raw.txt,2436,459594.000,BDS,7,63.0,339.0,28.0,是
0703002-0918-15-42-gnss_raw.txt,2436,459594.000,BDS,9,55.0,225.0,26.0,是
0703002-0918-15-42-gnss_raw.txt,2436,459594.000,BDS,10,62.0,317.0,27.0,是
0703002-0918-15-42-gnss_raw.txt,2436,459594.000,BDS,19,32.0,159.0,24.0,是
0703002-0918-15-42-gnss_raw.txt,2436,459594.000,BDS,21,34.0,316.0,24.0,是
0703002-0918-15-42-gnss_raw.txt,2436,459594.000,BDS,22,75.0,236.0,31.0,是
0703002-0918-15-42-gnss_raw.txt,2436,459594.000,BDS,36,60.0,22.0,29.0,是
0703002-0918-15-42-gnss_raw.txt,2436,459594.000,BDS,39,54.0,270.0,27.0,是
0703002-0918-15-42-gnss_raw.txt,2436,459595.000,GPS,10,12.0,181.0,16.0,是
0703002-0918-15-42-gnss_raw.txt,2436,459595.000,GPS,26,55.0,235.0,30.0,是
0703002-0918-15-42-gnss_raw.txt,2436,459595.000,GPS,28,58.0,13.0,29.0,是
0703002-0918-15-42-gnss_raw.txt,2436,459595.000,GPS,31,52.0,317.0,31.0,是
0703002-0918-15-42-gnss_raw.txt,2436,459595.000,GPS,32,65.0,121.0,35.0,是
0703002-0918-15-42-gnss_raw.txt,2436,459595.000,GLONASS,71,80.0,150.0,33.0,是
0703002-0918-15-42-gnss_raw.txt,2436,459595.000,GLONASS,72,41.0,331.0,18.0,是
0703002-0918-15-42-gnss_raw.txt,2436,459595.000,GLONASS,73,46.0,19.0,32.0,是
0703002-0918-15-42-gnss_raw.txt,2436,459595.000,GLONASS,74,61.0,283.0,31.0,是
0703002-0918-15-42-gnss_raw.txt,2436,459595.000,GLONASS,90,0.0,0.0,29.0,是
0703002-0918-15-42-gnss_raw.txt,2436,459595.000,Galileo,14,0.0,0.0,29.0,是
0703002-0918-15-42-gnss_raw.txt,2436,459595.000,Galileo,19,52.0,328.0,27.0,是
0703002-0918-15-42-gnss_raw.txt,2436,459595.000,Galileo,21,74.0,185.0,33.0,是
0703002-0918-15-42-gnss_raw.txt,2436,459595.000,QZSS,2,56.0,125.0,30.0,是
0703002-0918-15-42-gnss_raw.txt,2436,459595.000,QZSS,7,53.0,169.0,23.0,是
0703002-0918-15-42-gnss_raw.txt,2436,459595.000,BDS,3,53.0,201.0,26.0,是
0703002-0918-15-42-gnss_raw.txt,2436,459595.000,BDS,7,63.0,339.0,27.0,是
0703002-0918-15-42-gnss_raw.txt,2436,459595.000,BDS,9,55.0,225.0,26.0,是
0703002-0918-15-42-gnss_raw.txt,2436,459595.000,BDS,10,62.0,317.0,27.0,是
0703002-0918-15-42-gnss_raw.txt,2436,459595.000,BDS,19,32.0,159.0,22.0,是
0703002-0918-15-42-gnss_raw.txt,2436,459595.000,BDS,21,34.0,316.0,25.0,是
0703002-0918-15-42-gnss_raw.txt,2436,459595.000,BDS,22,75.0,236.0,31.0,是
0703002-0918-15-42-gnss_raw.txt,2436,459595.000,BDS,36,60.0,22.0,28.0,是
0703002-0918-15-42-gnss_raw.txt,2436,459595.000,BDS,39,54.0,270.0,28.0,是
0703002-0918-15-42-gnss_raw.txt,2436,459596.000,GPS,10,12.0,181.0,25.0,是
0703002-0918-15-42-gnss_raw.txt,2436,459596.000,GPS,26,55.0,235.0,29.0,是
0703002-0918-15-42-gnss_raw.txt,2436,459596.000,GPS,28,58.0,13.0,30.0,是
0703002-0918-15-42-gnss_raw.txt,2436,459596.000,GPS,31,52.0,317.0,30.0,是
0703002-0918-15-42-gnss_raw.txt,2436,459596.000,GPS,32,65.0,121.0,34.0,是
0703002-0918-15-42-gnss_raw.txt,2436,459596.000,GLONASS,71,80.0,150.0,30.0,是
0703002-0918-15-42-gnss_raw.txt,2436,459596.000,GLONASS,72,41.0,331.0,22.0,是
0703002-0918-15-42-gnss_raw.txt,2436,459596.000,GLONASS,73,46.0,19.0,32.0,是
0703002-0918-15-42-gnss_raw.txt,2436,459596.000,GLONASS,74,61.0,283.0,31.0,是
0703002-0918-15-42-gnss_raw.txt,2436,459596.000,GLONASS,90,0.0,0.0,33.0,是
0703002-0918-15-42-gnss_raw.txt,2436,459596.000,Galileo,14,0.0,0.0,36.0,是
0703002-0918-15-42-gnss_raw.txt,2436,459596.000,Galileo,19,52.0,328.0,28.0,是
0703002-0918-15-42-gnss_raw.txt,2436,459596.000,Galileo,21,74.0,185.0,32.0,是
0703002-0918-15-42-gnss_raw.txt,2436,459596.000,QZSS,2,56.0,125.0,29.0,是
0703002-0918-15-42-gnss_raw.txt,2436,459596.000,QZSS,7,53.0,169.0,23.0,是
0703002-0918-15-42-gnss_raw.txt,2436,459596.000,BDS,3,53.0,201.0,26.0,是
0703002-0918-15-42-gnss_raw.txt,2436,459596.000,BDS,7,63.0,339.0,29.0,是
0703002-0918-15-42-gnss_raw.txt,2436,459596.000,BDS,9,54.0,225.0,25.0,是
0703002-0918-15-42-gnss_raw.txt,2436,459596.000,BDS,10,62.0,317.0,27.0,是
0703002-0918-15-42-gnss_raw.txt,2436,459596.000,BDS,19,32.0,159.0,22.0,是
0703002-0918-15-42-gnss_raw.txt,2436,459596.000,BDS,21,34.0,316.0,24.0,是
0703002-0918-15-42-gnss_raw.txt,2436,459596.000,BDS,22,75.0,236.0,32.0,是
0703002-0918-15-42-gnss_raw.txt,2436,459596.000,BDS,36,60.0,22.0,30.0,是
0703002-0918-15-42-gnss_raw.txt,2436,459596.000,BDS,39,54.0,270.0,29.0,是
0703002-0918-15-42-gnss_raw.txt,2436,459597.000,GPS,10,12.0,181.0,29.0,是
0703002-0918-15-42-gnss_raw.txt,2436,459597.000,GPS,26,55.0,235.0,28.0,是
0703002-0918-15-42-gnss_raw.txt,2436,459597.000,GPS,28,58.0,13.0,31.0,是
0703002-0918-15-42-gnss_raw.txt,2436,459597.000,GPS,31,52.0,317.0,30.0,是
0703002-0918-15-42-gnss_raw.txt,2436,459597.000,GPS,32,65.0,121.0,33.0,是
0703002-0918-15-42-gnss_raw.txt,2436,459597.000,GLONASS,71,80.0,150.0,30.0,是
0703002-0918-15-42-gnss_raw.txt,2436,459597.000,GLONASS,72,41.0,331.0,25.0,是
0703002-0918-15-42-gnss_raw.txt,2436,459597.000,GLONASS,73,46.0,19.0,32.0,是
0703002-0918-15-42-gnss_raw.txt,2436,459597.000,GLONASS,74,61.0,283.0,31.0,是
0703002-0918-15-42-gnss_raw.txt,2436,459597.000,GLONASS,90,0.0,0.0,32.0,是
0703002-0918-15-42-gnss_raw.txt,2436,459597.000,Galileo,14,0.0,0.0,36.0,是
0703002-0918-15-42-gnss_raw.txt,2436,459597.000,Galileo,19,52.0,328.0,28.0,是
0703002-0918-15-42-gnss_raw.txt,2436,459597.000,Galileo,21,74.0,185.0,32.0,是
0703002-0918-15-42-gnss_raw.txt,2436,459597.000,QZSS,2,56.0,125.0,26.0,是
0703002-0918-15-42-gnss_raw.txt,2436,459597.000,QZSS,7,53.0,169.0,23.0,是
0703002-0918-15-42-gnss_raw.txt,2436,459597.000,BDS,3,53.0,201.0,26.0,是
0703002-0918-15-42-gnss_raw.txt,2436,459597.000,BDS,7,63.0,339.0,28.0,是
0703002-0918-15-42-gnss_raw.txt,2436,459597.000,BDS,9,54.0,225.0,24.0,是
0703002-0918-15-42-gnss_raw.txt,2436,459597.000,BDS,10,62.0,317.0,26.0,是
0703002-0918-15-42-gnss_raw.txt,2436,459597.000,BDS,19,32.0,159.0,22.0,是
0703002-0918-15-42-gnss_raw.txt,2436,459597.000,BDS,21,34.0,316.0,23.0,是
0703002-0918-15-42-gnss_raw.txt,2436,459597.000,BDS,22,75.0,236.0,32.0,是
0703002-0918-15-42-gnss_raw.txt,2436,459597.000,BDS,36,60.0,22.0,30.0,是
0703002-0918-15-42-gnss_raw.txt,2436,459597.000,BDS,39,54.0,270.0,30.0,是
0703002-0918-15-42-gnss_raw.txt,2436,459598.000,GPS,10,12.0,181.0,30.0,是
0703002-0918-15-42-gnss_raw.txt,2436,459598.000,GPS,26,55.0,236.0,28.0,是
0703002-0918-15-42-gnss_raw.txt,2436,459598.000,GPS,28,58.0,13.0,32.0,是
0703002-0918-15-42-gnss_raw.txt,2436,459598.000,GPS,31,52.0,317.0,30.0,是
0703002-0918-15-42-gnss_raw.txt,2436,459598.000,GPS,32,65.0,121.0,33.0,是
0703002-0918-15-42-gnss_raw.txt,2436,459598.000,GLONASS,71,80.0,150.0,30.0,是
0703002-0918-15-42-gnss_raw.txt,2436,459598.000,GLONASS,72,41.0,331.0,23.0,是
0703002-0918-15-42-gnss_raw.txt,2436,459598.000,GLONASS,73,46.0,19.0,28.0,是
0703002-0918-15-42-gnss_raw.txt,2436,459598.000,GLONASS,74,61.0,283.0,28.0,是
0703002-0918-15-42-gnss_raw.txt,2436,459598.000,GLONASS,90,0.0,0.0,34.0,是
0703002-0918-15-42-gnss_raw.txt,2436,459598.000,Galileo,14,0.0,0.0,33.0,是
0703002-0918-15-42-gnss_raw.txt,2436,459598.000,Galileo,19,52.0,328.0,29.0,是
0703002-0918-15-42-gnss_raw.txt,2436,459598.000,Galileo,21,74.0,185.0,31.0,是
0703002-0918-15-42-gnss_raw.txt,2436,459598.000,QZSS,2,56.0,125.0,26.0,是
0703002-0918-15-42-gnss_raw.txt,2436,459598.000,QZSS,7,53.0,169.0,22.0,是
0703002-0918-15-42-gnss_raw.txt,2436,459598.000,BDS,3,0.0,0.0,27.0,是
0703002-0918-15-42-gnss_raw.txt,2436,459598.000,BDS,7,63.0,339.0,28.0,是
0703002-0918-15-42-gnss_raw.txt,2436,459598.000,BDS,9,54.0,225.0,24.0,是
0703002-0918-15-42-gnss_raw.txt,2436,459598.000,BDS,10,62.0,317.0,26.0,是
0703002-0918-15-42-gnss_raw.txt,2436,459598.000,BDS,19,32.0,159.0,20.0,是
0703002-0918-15-42-gnss_raw.txt,2436,459598.000,BDS,21,34.0,316.0,23.0,是
0703002-0918-15-42-gnss_raw.txt,2436,459598.000,BDS,22,75.0,236.0,31.0,是
0703002-0918-15-42-gnss_raw.txt,2436,459598.000,BDS,36,60.0,22.0,30.0,是
0703002-0918-15-42-gnss_raw.txt,2436,459598.000,BDS,39,54.0,270.0,30.0,是
0703002-0918-15-42-gnss_raw.txt,2436,459599.000,GPS,10,12.0,181.0,26.0,是
0703002-0918-15-42-gnss_raw.txt,2436,459599.000,GPS,26,55.0,236.0,29.0,是
0703002-0918-15-42-gnss_raw.txt,2436,459599.000,GPS,28,58.0,13.0,31.0,是
0703002-0918-15-42-gnss_raw.txt,2436,459599.000,GPS,31,52.0,317.0,31.0,是
0703002-0918-15-42-gnss_raw.txt,2436,459599.000,GPS,32,65.0,121.0,33.0,是
0703002-0918-15-42-gnss_raw.txt,2436,459599.000,GLONASS,71,80.0,150.0,31.0,是
0703002-0918-15-42-gnss_raw.txt,2436,459599.000,GLONASS,72,41.0,331.0,23.0,是
0703002-0918-15-42-gnss_raw.txt,2436,459599.000,GLONASS,73,46.0,19.0,29.0,是
0703002-0918-15-42-gnss_raw.txt,2436,459599.000,GLONASS,74,61.0,283.0,30.0,是
0703002-0918-15-42-gnss_raw.txt,2436,459599.000,GLONASS,90,0.0,0.0,34.0,是
0703002-0918-15-42-gnss_raw.txt,2436,459599.000,Galileo,14,0.0,0.0,32.0,是
0703002-0918-15-42-gnss_raw.txt,2436,459599.000,Galileo,19,52.0,328.0,28.0,是
0703002-0918-15-42-gnss_raw.txt,2436,459599.000,Galileo,21,74.0,185.0,32.0,是
0703002-0918-15-42-gnss_raw.txt,2436,459599.000,QZSS,2,56.0,125.0,26.0,是
0703002-0918-15-42-gnss_raw.txt,2436,459599.000,QZSS,7,53.0,169.0,20.0,是
0703002-0918-15-42-gnss_raw.txt,2436,459599.000,BDS,3,0.0,0.0,25.0,是
0703002-0918-15-42-gnss_raw.txt,2436,459599.000,BDS,7,63.0,339.0,28.0,是
0703002-0918-15-42-gnss_raw.txt,2436,459599.000,BDS,9,54.0,224.0,23.0,是
0703002-0918-15-42-gnss_raw.txt,2436,459599.000,BDS,10,62.0,317.0,26.0,是
0703002-0918-15-42-gnss_raw.txt,2436,459599.000,BDS,19,32.0,159.0,20.0,是
0703002-0918-15-42-gnss_raw.txt,2436,459599.000,BDS,21,34.0,316.0,23.0,是
0703002-0918-15-42-gnss_raw.txt,2436,459599.000,BDS,22,75.0,236.0,31.0,是
0703002-0918-15-42-gnss_raw.txt,2436,459599.000,BDS,36,60.0,22.0,30.0,是
0703002-0918-15-42-gnss_raw.txt,2436,459599.000,BDS,39,54.0,270.0,30.0,是
0703002-0918-15-42-gnss_raw.txt,2436,459600.000,GPS,10,12.0,181.0,26.0,是
0703002-0918-15-42-gnss_raw.txt,2436,459600.000,GPS,26,55.0,236.0,29.0,是
0703002-0918-15-42-gnss_raw.txt,2436,459600.000,GPS,28,58.0,13.0,31.0,是
0703002-0918-15-42-gnss_raw.txt,2436,459600.000,GPS,31,52.0,317.0,31.0,是
0703002-0918-15-42-gnss_raw.txt,2436,459600.000,GPS,32,65.0,121.0,32.0,是
0703002-0918-15-42-gnss_raw.txt,2436,459600.000,GLONASS,71,80.0,150.0,30.0,是
0703002-0918-15-42-gnss_raw.txt,2436,459600.000,GLONASS,72,41.0,331.0,25.0,是
0703002-0918-15-42-gnss_raw.txt,2436,459600.000,GLONASS,73,46.0,19.0,31.0,是
0703002-0918-15-42-gnss_raw.txt,2436,459600.000,GLONASS,74,61.0,283.0,30.0,是
0703002-0918-15-42-gnss_raw.txt,2436,459600.000,GLONASS,90,0.0,0.0,33.0,是
0703002-0918-15-42-gnss_raw.txt,2436,459600.000,Galileo,14,0.0,0.0,31.0,是
0703002-0918-15-42-gnss_raw.txt,2436,459600.000,Galileo,19,52.0,328.0,28.0,是
0703002-0918-15-42-gnss_raw.txt,2436,459600.000,Galileo,21,74.0,185.0,31.0,是
0703002-0918-15-42-gnss_raw.txt,2436,459600.000,QZSS,2,56.0,125.0,26.0,是
0703002-0918-15-42-gnss_raw.txt,2436,459600.000,QZSS,7,53.0,169.0,21.0,是
0703002-0918-15-42-gnss_raw.txt,2436,459600.000,BDS,3,0.0,0.0,26.0,是
0703002-0918-15-42-gnss_raw.txt,2436,459600.000,BDS,7,63.0,339.0,29.0,是
0703002-0918-15-42-gnss_raw.txt,2436,459600.000,BDS,9,54.0,224.0,20.0,是
0703002-0918-15-42-gnss_raw.txt,2436,459600.000,BDS,10,62.0,317.0,26.0,是
0703002-0918-15-42-gnss_raw.txt,2436,459600.000,BDS,19,32.0,159.0,22.0,是
0703002-0918-15-42-gnss_raw.txt,2436,459600.000,BDS,21,34.0,316.0,25.0,是
0703002-0918-15-42-gnss_raw.txt,2436,459600.000,BDS,22,75.0,236.0,31.0,是
0703002-0918-15-42-gnss_raw.txt,2436,459600.000,BDS,36,60.0,22.0,31.0,是
0703002-0918-15-42-gnss_raw.txt,2436,459600.000,BDS,39,54.0,270.0,30.0,是
0703002-0918-15-42-gnss_raw.txt,2436,459601.000,GPS,10,12.0,181.0,25.0,是
0703002-0918-15-42-gnss_raw.txt,2436,459601.000,GPS,26,55.0,236.0,29.0,是
0703002-0918-15-42-gnss_raw.txt,2436,459601.000,GPS,28,58.0,13.0,31.0,是
0703002-0918-15-42-gnss_raw.txt,2436,459601.000,GPS,31,52.0,317.0,31.0,是
0703002-0918-15-42-gnss_raw.txt,2436,459601.000,GPS,32,64.0,121.0,31.0,是
0703002-0918-15-42-gnss_raw.txt,2436,459601.000,GLONASS,71,80.0,150.0,31.0,是
0703002-0918-15-42-gnss_raw.txt,2436,459601.000,GLONASS,72,41.0,331.0,25.0,是
0703002-0918-15-42-gnss_raw.txt,2436,459601.000,GLONASS,73,46.0,19.0,32.0,是
0703002-0918-15-42-gnss_raw.txt,2436,459601.000,GLONASS,74,61.0,283.0,29.0,是
0703002-0918-15-42-gnss_raw.txt,2436,459601.000,GLONASS,90,0.0,0.0,33.0,是
0703002-0918-15-42-gnss_raw.txt,2436,459601.000,Galileo,14,0.0,0.0,27.0,是
0703002-0918-15-42-gnss_raw.txt,2436,459601.000,Galileo,19,52.0,328.0,26.0,是
0703002-0918-15-42-gnss_raw.txt,2436,459601.000,Galileo,21,74.0,185.0,32.0,是
0703002-0918-15-42-gnss_raw.txt,2436,459601.000,QZSS,2,56.0,125.0,26.0,是
0703002-0918-15-42-gnss_raw.txt,2436,459601.000,QZSS,7,53.0,169.0,23.0,是
0703002-0918-15-42-gnss_raw.txt,2436,459601.000,BDS,3,0.0,0.0,27.0,是
0703002-0918-15-42-gnss_raw.txt,2436,459601.000,BDS,7,63.0,339.0,28.0,是
0703002-0918-15-42-gnss_raw.txt,2436,459601.000,BDS,9,54.0,224.0,22.0,是
0703002-0918-15-42-gnss_raw.txt,2436,459601.000,BDS,10,62.0,317.0,26.0,是
0703002-0918-15-42-gnss_raw.txt,2436,459601.000,BDS,19,32.0,159.0,24.0,是
0703002-0918-15-42-gnss_raw.txt,2436,459601.000,BDS,21,34.0,316.0,27.0,是
0703002-0918-15-42-gnss_raw.txt,2436,459601.000,BDS,22,75.0,236.0,30.0,是
0703002-0918-15-42-gnss_raw.txt,2436,459601.000,BDS,36,60.0,22.0,30.0,是
0703002-0918-15-42-gnss_raw.txt,2436,459601.000,BDS,39,54.0,270.0,29.0,是
0703002-0918-15-42-gnss_raw.txt,2436,459602.000,GPS,10,12.0,181.0,26.0,是
0703002-0918-15-42-gnss_raw.txt,2436,459602.000,GPS,26,55.0,236.0,29.0,是
0703002-0918-15-42-gnss_raw.txt,2436,459602.000,GPS,28,58.0,13.0,31.0,是
0703002-0918-15-42-gnss_raw.txt,2436,459602.000,GPS,31,52.0,317.0,31.0,是
0703002-0918-15-42-gnss_raw.txt,2436,459602.000,GPS,32,64.0,121.0,31.0,是
0703002-0918-15-42-gnss_raw.txt,2436,459602.000,GLONASS,71,80.0,150.0,30.0,是
0703002-0918-15-42-gnss_raw.txt,2436,459602.000,GLONASS,72,41.0,331.0,22.0,是
0703002-0918-15-42-gnss_raw.txt,2436,459602.000,GLONASS,73,46.0,19.0,32.0,是
0703002-0918-15-42-gnss_raw.txt,2436,459602.000,GLONASS,74,61.0,283.0,28.0,是
0703002-0918-15-42-gnss_raw.txt,2436,459602.000,GLONASS,90,0.0,0.0,34.0,是
0703002-0918-15-42-gnss_raw.txt,2436,459602.000,Galileo,14,0.0,0.0,33.0,是
0703002-0918-15-42-gnss_raw.txt,2436,459602.000,Galileo,19,52.0,328.0,28.0,是
0703002-0918-15-42-gnss_raw.txt,2436,459602.000,Galileo,21,74.0,185.0,30.0,是
0703002-0918-15-42-gnss_raw.txt,2436,459602.000,QZSS,2,56.0,125.0,26.0,是
0703002-0918-15-42-gnss_raw.txt,2436,459602.000,QZSS,7,53.0,169.0,24.0,是
0703002-0918-15-42-gnss_raw.txt,2436,459602.000,BDS,3,53.0,201.0,28.0,是
0703002-0918-15-42-gnss_raw.txt,2436,459602.000,BDS,7,63.0,339.0,28.0,是
0703002-0918-15-42-gnss_raw.txt,2436,459602.000,BDS,9,54.0,224.0,23.0,是
0703002-0918-15-42-gnss_raw.txt,2436,459602.000,BDS,10,62.0,317.0,26.0,是
0703002-0918-15-42-gnss_raw.txt,2436,459602.000,BDS,19,32.0,159.0,23.0,是
0703002-0918-15-42-gnss_raw.txt,2436,459602.000,BDS,21,34.0,316.0,28.0,是
0703002-0918-15-42-gnss_raw.txt,2436,459602.000,BDS,22,75.0,236.0,29.0,是
0703002-0918-15-42-gnss_raw.txt,2436,459602.000,BDS,36,60.0,22.0,30.0,是
0703002-0918-15-42-gnss_raw.txt,2436,459602.000,BDS,39,54.0,270.0,28.0,是
0703002-0918-15-42-gnss_raw.txt,2436,459603.000,GPS,10,12.0,181.0,26.0,是
0703002-0918-15-42-gnss_raw.txt,2436,459603.000,GPS,26,55.0,236.0,29.0,是
0703002-0918-15-42-gnss_raw.txt,2436,459603.000,GPS,28,58.0,13.0,30.0,是
0703002-0918-15-42-gnss_raw.txt,2436,459603.000,GPS,31,52.0,317.0,31.0,是
0703002-0918-15-42-gnss_raw.txt,2436,459603.000,GPS,32,64.0,121.0,30.0,是
0703002-0918-15-42-gnss_raw.txt,2436,459603.000,GLONASS,71,80.0,150.0,30.0,是
0703002-0918-15-42-gnss_raw.txt,2436,459603.000,GLONASS,72,41.0,331.0,23.0,是
0703002-0918-15-42-gnss_raw.txt,2436,459603.000,GLONASS,73,46.0,19.0,31.0,是
0703002-0918-15-42-gnss_raw.txt,2436,459603.000,GLONASS,74,61.0,283.0,28.0,是
0703002-0918-15-42-gnss_raw.txt,2436,459603.000,GLONASS,90,0.0,0.0,33.0,是
0703002-0918-15-42-gnss_raw.txt,2436,459603.000,Galileo,14,0.0,0.0,34.0,是
0703002-0918-15-42-gnss_raw.txt,2436,459603.000,Galileo,19,52.0,328.0,27.0,是
0703002-0918-15-42-gnss_raw.txt,2436,459603.000,Galileo,21,74.0,185.0,31.0,是
0703002-0918-15-42-gnss_raw.txt,2436,459603.000,Galileo,27,0.0,0.0,30.0,是
0703002-0918-15-42-gnss_raw.txt,2436,459603.000,QZSS,2,56.0,125.0,28.0,是
0703002-0918-15-42-gnss_raw.txt,2436,459603.000,QZSS,7,53.0,169.0,24.0,是
0703002-0918-15-42-gnss_raw.txt,2436,459603.000,BDS,3,53.0,201.0,28.0,是
0703002-0918-15-42-gnss_raw.txt,2436,459603.000,BDS,7,63.0,339.0,28.0,是
0703002-0918-15-42-gnss_raw.txt,2436,459603.000,BDS,9,54.0,224.0,23.0,是
0703002-0918-15-42-gnss_raw.txt,2436,459603.000,BDS,10,62.0,317.0,25.0,是
0703002-0918-15-42-gnss_raw.txt,2436,459603.000,BDS,19,32.0,159.0,22.0,是
0703002-0918-15-42-gnss_raw.txt,2436,459603.000,BDS,21,34.0,316.0,28.0,是
0703002-0918-15-42-gnss_raw.txt,2436,459603.000,BDS,22,75.0,236.0,28.0,是
0703002-0918-15-42-gnss_raw.txt,2436,459603.000,BDS,36,60.0,22.0,30.0,是
0703002-0918-15-42-gnss_raw.txt,2436,459603.000,BDS,39,54.0,270.0,26.0,是
0703002-0918-15-42-gnss_raw.txt,2436,459604.000,GPS,10,12.0,181.0,26.0,是
0703002-0918-15-42-gnss_raw.txt,2436,459604.000,GPS,26,55.0,236.0,29.0,是
0703002-0918-15-42-gnss_raw.txt,2436,459604.000,GPS,28,58.0,13.0,29.0,是
0703002-0918-15-42-gnss_raw.txt,2436,459604.000,GPS,31,52.0,317.0,31.0,是
0703002-0918-15-42-gnss_raw.txt,2436,459604.000,GPS,32,64.0,121.0,31.0,是
0703002-0918-15-42-gnss_raw.txt,2436,459604.000,GLONASS,71,80.0,150.0,32.0,是
0703002-0918-15-42-gnss_raw.txt,2436,459604.000,GLONASS,72,41.0,331.0,23.0,是
0703002-0918-15-42-gnss_raw.txt,2436,459604.000,GLONASS,73,46.0,19.0,30.0,是
0703002-0918-15-42-gnss_raw.txt,2436,459604.000,GLONASS,74,0.0,0.0,24.0,是
0703002-0918-15-42-gnss_raw.txt,2436,459604.000,GLONASS,90,0.0,0.0,34.0,是
0703002-0918-15-42-gnss_raw.txt,2436,459604.000,Galileo,14,0.0,0.0,29.0,是
0703002-0918-15-42-gnss_raw.txt,2436,459604.000,Galileo,19,52.0,328.0,28.0,是
0703002-0918-15-42-gnss_raw.txt,2436,459604.000,Galileo,21,74.0,185.0,32.0,是
0703002-0918-15-42-gnss_raw.txt,2436,459604.000,Galileo,27,0.0,0.0,27.0,是
0703002-0918-15-42-gnss_raw.txt,2436,459604.000,QZSS,2,56.0,125.0,29.0,是
0703002-0918-15-42-gnss_raw.txt,2436,459604.000,QZSS,7,53.0,169.0,24.0,是
0703002-0918-15-42-gnss_raw.txt,2436,459604.000,BDS,3,53.0,201.0,26.0,是
0703002-0918-15-42-gnss_raw.txt,2436,459604.000,BDS,7,63.0,339.0,27.0,是
0703002-0918-15-42-gnss_raw.txt,2436,459604.000,BDS,9,54.0,224.0,25.0,是
0703002-0918-15-42-gnss_raw.txt,2436,459604.000,BDS,10,62.0,317.0,26.0,是
0703002-0918-15-42-gnss_raw.txt,2436,459604.000,BDS,19,32.0,159.0,19.0,是
0703002-0918-15-42-gnss_raw.txt,2436,459604.000,BDS,21,34.0,316.0,28.0,是
0703002-0918-15-42-gnss_raw.txt,2436,459604.000,BDS,22,75.0,236.0,29.0,是
0703002-0918-15-42-gnss_raw.txt,2436,459604.000,BDS,36,60.0,22.0,26.0,是
0703002-0918-15-42-gnss_raw.txt,2436,459604.000,BDS,39,54.0,270.0,25.0,是
0703002-0918-15-42-gnss_raw.txt,2436,459605.000,GPS,10,12.0,181.0,27.0,是
0703002-0918-15-42-gnss_raw.txt,2436,459605.000,GPS,26,55.0,236.0,30.0,是
0703002-0918-15-42-gnss_raw.txt,2436,459605.000,GPS,28,58.0,13.0,26.0,是
0703002-0918-15-42-gnss_raw.txt,2436,459605.000,GPS,31,52.0,317.0,31.0,是
0703002-0918-15-42-gnss_raw.txt,2436,459605.000,GPS,32,64.0,121.0,32.0,是
0703002-0918-15-42-gnss_raw.txt,2436,459605.000,GLONASS,71,80.0,151.0,32.0,是
0703002-0918-15-42-gnss_raw.txt,2436,459605.000,GLONASS,72,41.0,331.0,24.0,是
0703002-0918-15-42-gnss_raw.txt,2436,459605.000,GLONASS,73,46.0,19.0,27.0,是
0703002-0918-15-42-gnss_raw.txt,2436,459605.000,GLONASS,74,61.0,283.0,24.0,是
0703002-0918-15-42-gnss_raw.txt,2436,459605.000,GLONASS,90,0.0,0.0,34.0,是
0703002-0918-15-42-gnss_raw.txt,2436,459605.000,Galileo,14,0.0,0.0,29.0,是
0703002-0918-15-42-gnss_raw.txt,2436,459605.000,Galileo,19,52.0,328.0,27.0,是
0703002-0918-15-42-gnss_raw.txt,2436,459605.000,Galileo,21,74.0,185.0,32.0,是
0703002-0918-15-42-gnss_raw.txt,2436,459605.000,Galileo,27,0.0,0.0,31.0,是
0703002-0918-15-42-gnss_raw.txt,2436,459605.000,QZSS,2,56.0,125.0,29.0,是
0703002-0918-15-42-gnss_raw.txt,2436,459605.000,QZSS,7,53.0,169.0,25.0,是
0703002-0918-15-42-gnss_raw.txt,2436,459605.000,BDS,3,53.0,201.0,27.0,是
0703002-0918-15-42-gnss_raw.txt,2436,459605.000,BDS,7,63.0,339.0,26.0,是
0703002-0918-15-42-gnss_raw.txt,2436,459605.000,BDS,9,54.0,224.0,25.0,是
0703002-0918-15-42-gnss_raw.txt,2436,459605.000,BDS,10,62.0,317.0,26.0,是
0703002-0918-15-42-gnss_raw.txt,2436,459605.000,BDS,19,32.0,159.0,19.0,是
0703002-0918-15-42-gnss_raw.txt,2436,459605.000,BDS,21,34.0,316.0,27.0,是
0703002-0918-15-42-gnss_raw.txt,2436,459605.000,BDS,22,75.0,236.0,29.0,是
0703002-0918-15-42-gnss_raw.txt,2436,459605.000,BDS,36,60.0,22.0,24.0,是
0703002-0918-15-42-gnss_raw.txt,2436,459605.000,BDS,39,54.0,270.0,26.0,是
0703002-0918-15-42-gnss_raw.txt,2436,459606.000,GPS,10,12.0,181.0,27.0,是
0703002-0918-15-42-gnss_raw.txt,2436,459606.000,GPS,26,55.0,236.0,29.0,是
0703002-0918-15-42-gnss_raw.txt,2436,459606.000,GPS,28,58.0,13.0,26.0,是
0703002-0918-15-42-gnss_raw.txt,2436,459606.000,GPS,31,52.0,317.0,30.0,是
0703002-0918-15-42-gnss_raw.txt,2436,459606.000,GPS,32,64.0,121.0,33.0,是
0703002-0918-15-42-gnss_raw.txt,2436,459606.000,GLONASS,71,80.0,151.0,32.0,是
0703002-0918-15-42-gnss_raw.txt,2436,459606.000,GLONASS,72,41.0,331.0,24.0,是
0703002-0918-15-42-gnss_raw.txt,2436,459606.000,GLONASS,73,46.0,19.0,26.0,是
0703002-0918-15-42-gnss_raw.txt,2436,459606.000,GLONASS,74,61.0,283.0,27.0,是
0703002-0918-15-42-gnss_raw.txt,2436,459606.000,GLONASS,90,0.0,0.0,31.0,是
0703002-0918-15-42-gnss_raw.txt,2436,459606.000,Galileo,14,0.0,0.0,26.0,是
0703002-0918-15-42-gnss_raw.txt,2436,459606.000,Galileo,19,52.0,328.0,28.0,是
0703002-0918-15-42-gnss_raw.txt,2436,459606.000,Galileo,21,74.0,185.0,33.0,是
0703002-0918-15-42-gnss_raw.txt,2436,459606.000,Galileo,27,0.0,0.0,30.0,是
0703002-0918-15-42-gnss_raw.txt,2436,459606.000,QZSS,2,56.0,125.0,30.0,是
0703002-0918-15-42-gnss_raw.txt,2436,459606.000,QZSS,7,53.0,169.0,24.0,是
0703002-0918-15-42-gnss_raw.txt,2436,459606.000,BDS,3,53.0,201.0,27.0,是
0703002-0918-15-42-gnss_raw.txt,2436,459606.000,BDS,7,63.0,339.0,25.0,是
0703002-0918-15-42-gnss_raw.txt,2436,459606.000,BDS,9,54.0,224.0,24.0,是
0703002-0918-15-42-gnss_raw.txt,2436,459606.000,BDS,10,62.0,317.0,26.0,是
0703002-0918-15-42-gnss_raw.txt,2436,459606.000,BDS,19,32.0,159.0,20.0,是
0703002-0918-15-42-gnss_raw.txt,2436,459606.000,BDS,21,34.0,316.0,27.0,是
0703002-0918-15-42-gnss_raw.txt,2436,459606.000,BDS,22,75.0,236.0,30.0,是
0703002-0918-15-42-gnss_raw.txt,2436,459606.000,BDS,36,60.0,22.0,26.0,是
0703002-0918-15-42-gnss_raw.txt,2436,459606.000,BDS,39,54.0,270.0,27.0,是
0703002-0918-15-42-gnss_raw.txt,2436,459607.000,GPS,10,12.0,181.0,25.0,是
0703002-0918-15-42-gnss_raw.txt,2436,459607.000,GPS,26,55.0,236.0,29.0,是
0703002-0918-15-42-gnss_raw.txt,2436,459607.000,GPS,28,58.0,13.0,27.0,是
0703002-0918-15-42-gnss_raw.txt,2436,459607.000,GPS,31,52.0,317.0,29.0,是
0703002-0918-15-42-gnss_raw.txt,2436,459607.000,GPS,32,64.0,121.0,33.0,是
0703002-0918-15-42-gnss_raw.txt,2436,459607.000,GLONASS,71,80.0,151.0,33.0,是
0703002-0918-15-42-gnss_raw.txt,2436,459607.000,GLONASS,72,41.0,331.0,25.0,是
0703002-0918-15-42-gnss_raw.txt,2436,459607.000,GLONASS,73,46.0,19.0,27.0,是
0703002-0918-15-42-gnss_raw.txt,2436,459607.000,GLONASS,74,0.0,0.0,27.0,是
0703002-0918-15-42-gnss_raw.txt,2436,459607.000,GLONASS,90,0.0,0.0,30.0,是
0703002-0918-15-42-gnss_raw.txt,2436,459607.000,Galileo,14,0.0,0.0,29.0,是
0703002-0918-15-42-gnss_raw.txt,2436,459607.000,Galileo,19,52.0,328.0,27.0,是
0703002-0918-15-42-gnss_raw.txt,2436,459607.000,Galileo,21,74.0,185.0,33.0,是
0703002-0918-15-42-gnss_raw.txt,2436,459607.000,Galileo,27,0.0,0.0,29.0,是
0703002-0918-15-42-gnss_raw.txt,2436,459607.000,QZSS,2,57.0,125.0,31.0,是
0703002-0918-15-42-gnss_raw.txt,2436,459607.000,QZSS,7,53.0,169.0,23.0,是
0703002-0918-15-42-gnss_raw.txt,2436,459607.000,BDS,3,53.0,201.0,28.0,是
0703002-0918-15-42-gnss_raw.txt,2436,459607.000,BDS,7,63.0,339.0,27.0,是
0703002-0918-15-42-gnss_raw.txt,2436,459607.000,BDS,9,54.0,224.0,25.0,是
0703002-0918-15-42-gnss_raw.txt,2436,459607.000,BDS,10,62.0,317.0,27.0,是
0703002-0918-15-42-gnss_raw.txt,2436,459607.000,BDS,19,32.0,159.0,21.0,是
0703002-0918-15-42-gnss_raw.txt,2436,459607.000,BDS,21,34.0,316.0,25.0,是
0703002-0918-15-42-gnss_raw.txt,2436,459607.000,BDS,22,75.0,236.0,30.0,是
0703002-0918-15-42-gnss_raw.txt,2436,459607.000,BDS,36,60.0,22.0,27.0,是
0703002-0918-15-42-gnss_raw.txt,2436,459607.000,BDS,39,54.0,270.0,27.0,是
0703002-0918-15-42-gnss_raw.txt,2436,459608.000,GPS,10,0.0,0.0,24.0,是
0703002-0918-15-42-gnss_raw.txt,2436,459608.000,GPS,26,55.0,236.0,31.0,是
0703002-0918-15-42-gnss_raw.txt,2436,459608.000,GPS,28,58.0,13.0,28.0,是
0703002-0918-15-42-gnss_raw.txt,2436,459608.000,GPS,31,52.0,317.0,30.0,是
0703002-0918-15-42-gnss_raw.txt,2436,459608.000,GPS,32,64.0,121.0,33.0,是
0703002-0918-15-42-gnss_raw.txt,2436,459608.000,GLONASS,71,80.0,151.0,31.0,是
0703002-0918-15-42-gnss_raw.txt,2436,459608.000,GLONASS,72,41.0,331.0,21.0,是
0703002-0918-15-42-gnss_raw.txt,2436,459608.000,GLONASS,73,46.0,19.0,28.0,是
0703002-0918-15-42-gnss_raw.txt,2436,459608.000,GLONASS,74,0.0,0.0,23.0,是
0703002-0918-15-42-gnss_raw.txt,2436,459608.000,GLONASS,90,0.0,0.0,31.0,是
0703002-0918-15-42-gnss_raw.txt,2436,459608.000,Galileo,14,0.0,0.0,27.0,是
0703002-0918-15-42-gnss_raw.txt,2436,459608.000,Galileo,19,52.0,328.0,28.0,是
0703002-0918-15-42-gnss_raw.txt,2436,459608.000,Galileo,21,74.0,185.0,31.0,是
0703002-0918-15-42-gnss_raw.txt,2436,459608.000,Galileo,27,0.0,0.0,30.0,是
0703002-0918-15-42-gnss_raw.txt,2436,459608.000,QZSS,2,57.0,125.0,31.0,是
0703002-0918-15-42-gnss_raw.txt,2436,459608.000,QZSS,7,53.0,169.0,21.0,是
0703002-0918-15-42-gnss_raw.txt,2436,459608.000,BDS,3,53.0,201.0,28.0,是
0703002-0918-15-42-gnss_raw.txt,2436,459608.000,BDS,7,63.0,339.0,29.0,是
0703002-0918-15-42-gnss_raw.txt,2436,459608.000,BDS,9,54.0,224.0,26.0,是
0703002-0918-15-42-gnss_raw.txt,2436,459608.000,BDS,10,62.0,317.0,26.0,是
0703002-0918-15-42-gnss_raw.txt,2436,459608.000,BDS,19,32.0,159.0,22.0,是
0703002-0918-15-42-gnss_raw.txt,2436,459608.000,BDS,21,34.0,316.0,25.0,是
0703002-0918-15-42-gnss_raw.txt,2436,459608.000,BDS,22,75.0,236.0,30.0,是
0703002-0918-15-42-gnss_raw.txt,2436,459608.000,BDS,36,60.0,22.0,29.0,是
0703002-0918-15-42-gnss_raw.txt,2436,459608.000,BDS,39,54.0,270.0,26.0,是
0703002-0918-15-42-gnss_raw.txt,2436,459609.000,GPS,10,12.0,181.0,22.0,是
0703002-0918-15-42-gnss_raw.txt,2436,459609.000,GPS,26,55.0,236.0,31.0,是
0703002-0918-15-42-gnss_raw.txt,2436,459609.000,GPS,28,58.0,13.0,29.0,是
0703002-0918-15-42-gnss_raw.txt,2436,459609.000,GPS,31,52.0,317.0,30.0,是
0703002-0918-15-42-gnss_raw.txt,2436,459609.000,GPS,32,64.0,121.0,30.0,是
0703002-0918-15-42-gnss_raw.txt,2436,459609.000,GLONASS,71,80.0,151.0,31.0,是
0703002-0918-15-42-gnss_raw.txt,2436,459609.000,GLONASS,72,41.0,331.0,23.0,是
0703002-0918-15-42-gnss_raw.txt,2436,459609.000,GLONASS,73,46.0,19.0,31.0,是
0703002-0918-15-42-gnss_raw.txt,2436,459609.000,GLONASS,74,61.0,283.0,24.0,是
0703002-0918-15-42-gnss_raw.txt,2436,459609.000,GLONASS,90,0.0,0.0,32.0,是
0703002-0918-15-42-gnss_raw.txt,2436,459609.000,Galileo,19,52.0,328.0,29.0,是
0703002-0918-15-42-gnss_raw.txt,2436,459609.000,Galileo,21,74.0,185.0,31.0,是
0703002-0918-15-42-gnss_raw.txt,2436,459609.000,Galileo,27,0.0,0.0,30.0,是
0703002-0918-15-42-gnss_raw.txt,2436,459609.000,QZSS,2,57.0,125.0,28.0,是
0703002-0918-15-42-gnss_raw.txt,2436,459609.000,QZSS,7,53.0,169.0,21.0,是
0703002-0918-15-42-gnss_raw.txt,2436,459609.000,BDS,3,53.0,201.0,28.0,是
0703002-0918-15-42-gnss_raw.txt,2436,459609.000,BDS,7,63.0,339.0,29.0,是
0703002-0918-15-42-gnss_raw.txt,2436,459609.000,BDS,9,54.0,224.0,27.0,是
0703002-0918-15-42-gnss_raw.txt,2436,459609.000,BDS,10,62.0,317.0,26.0,是
0703002-0918-15-42-gnss_raw.txt,2436,459609.000,BDS,19,32.0,159.0,20.0,是
0703002-0918-15-42-gnss_raw.txt,2436,459609.000,BDS,21,34.0,316.0,25.0,是
0703002-0918-15-42-gnss_raw.txt,2436,459609.000,BDS,22,75.0,236.0,30.0,是
0703002-0918-15-42-gnss_raw.txt,2436,459609.000,BDS,36,60.0,22.0,30.0,是
0703002-0918-15-42-gnss_raw.txt,2436,459609.000,BDS,39,54.0,270.0,27.0,是
0703002-0918-15-42-gnss_raw.txt,2436,459610.000,GPS,10,12.0,181.0,22.0,是
0703002-0918-15-42-gnss_raw.txt,2436,459610.000,GPS,26,55.0,236.0,30.0,是
0703002-0918-15-42-gnss_raw.txt,2436,459610.000,GPS,28,58.0,13.0,30.0,是
0703002-0918-15-42-gnss_raw.txt,2436,459610.000,GPS,31,52.0,317.0,30.0,是
0703002-0918-15-42-gnss_raw.txt,2436,459610.000,GPS,32,64.0,121.0,29.0,是
0703002-0918-15-42-gnss_raw.txt,2436,459610.000,GLONASS,71,80.0,151.0,29.0,是
0703002-0918-15-42-gnss_raw.txt,2436,459610.000,GLONASS,72,41.0,331.0,25.0,是
0703002-0918-15-42-gnss_raw.txt,2436,459610.000,GLONASS,73,46.0,19.0,31.0,是
0703002-0918-15-42-gnss_raw.txt,2436,459610.000,GLONASS,74,61.0,283.0,27.0,是
0703002-0918-15-42-gnss_raw.txt,2436,459610.000,GLONASS,90,0.0,0.0,34.0,是
0703002-0918-15-42-gnss_raw.txt,2436,459610.000,Galileo,19,52.0,328.0,28.0,是
0703002-0918-15-42-gnss_raw.txt,2436,459610.000,Galileo,21,74.0,185.0,31.0,是
0703002-0918-15-42-gnss_raw.txt,2436,459610.000,Galileo,27,0.0,0.0,30.0,是
0703002-0918-15-42-gnss_raw.txt,2436,459610.000,QZSS,2,57.0,125.0,25.0,是
0703002-0918-15-42-gnss_raw.txt,2436,459610.000,QZSS,7,53.0,169.0,22.0,是
0703002-0918-15-42-gnss_raw.txt,2436,459610.000,BDS,3,53.0,201.0,25.0,是
0703002-0918-15-42-gnss_raw.txt,2436,459610.000,BDS,7,63.0,339.0,28.0,是
0703002-0918-15-42-gnss_raw.txt,2436,459610.000,BDS,9,54.0,224.0,24.0,是
0703002-0918-15-42-gnss_raw.txt,2436,459610.000,BDS,10,62.0,317.0,26.0,是
0703002-0918-15-42-gnss_raw.txt,2436,459610.000,BDS,19,32.0,159.0,21.0,是
0703002-0918-15-42-gnss_raw.txt,2436,459610.000,BDS,21,34.0,316.0,24.0,是
0703002-0918-15-42-gnss_raw.txt,2436,459610.000,BDS,22,75.0,236.0,30.0,是
0703002-0918-15-42-gnss_raw.txt,2436,459610.000,BDS,36,60.0,22.0,30.0,是
0703002-0918-15-42-gnss_raw.txt,2436,459610.000,BDS,39,54.0,270.0,28.0,是
0703002-0918-15-42-gnss_raw.txt,2436,459611.000,GPS,10,12.0,181.0,23.0,是
0703002-0918-15-42-gnss_raw.txt,2436,459611.000,GPS,26,56.0,236.0,28.0,是
0703002-0918-15-42-gnss_raw.txt,2436,459611.000,GPS,28,58.0,13.0,30.0,是
0703002-0918-15-42-gnss_raw.txt,2436,459611.000,GPS,31,52.0,317.0,29.0,是
0703002-0918-15-42-gnss_raw.txt,2436,459611.000,GPS,32,64.0,121.0,28.0,是
0703002-0918-15-42-gnss_raw.txt,2436,459611.000,GLONASS,71,80.0,151.0,27.0,是
0703002-0918-15-42-gnss_raw.txt,2436,459611.000,GLONASS,72,41.0,331.0,23.0,是
0703002-0918-15-42-gnss_raw.txt,2436,459611.000,GLONASS,73,46.0,19.0,32.0,是
0703002-0918-15-42-gnss_raw.txt,2436,459611.000,GLONASS,74,61.0,283.0,28.0,是
0703002-0918-15-42-gnss_raw.txt,2436,459611.000,GLONASS,90,0.0,0.0,33.0,是
0703002-0918-15-42-gnss_raw.txt,2436,459611.000,Galileo,19,52.0,328.0,28.0,是
0703002-0918-15-42-gnss_raw.txt,2436,459611.000,Galileo,21,74.0,185.0,29.0,是
0703002-0918-15-42-gnss_raw.txt,2436,459611.000,Galileo,27,0.0,0.0,29.0,是
0703002-0918-15-42-gnss_raw.txt,2436,459611.000,QZSS,2,57.0,125.0,23.0,是
0703002-0918-15-42-gnss_raw.txt,2436,459611.000,QZSS,7,53.0,169.0,23.0,是
0703002-0918-15-42-gnss_raw.txt,2436,459611.000,BDS,3,53.0,201.0,26.0,是
0703002-0918-15-42-gnss_raw.txt,2436,459611.000,BDS,7,63.0,339.0,28.0,是
0703002-0918-15-42-gnss_raw.txt,2436,459611.000,BDS,9,54.0,224.0,25.0,是
0703002-0918-15-42-gnss_raw.txt,2436,459611.000,BDS,10,62.0,317.0,25.0,是
0703002-0918-15-42-gnss_raw.txt,2436,459611.000,BDS,19,32.0,159.0,20.0,是
0703002-0918-15-42-gnss_raw.txt,2436,459611.000,BDS,21,34.0,316.0,23.0,是
0703002-0918-15-42-gnss_raw.txt,2436,459611.000,BDS,22,75.0,236.0,30.0,是
0703002-0918-15-42-gnss_raw.txt,2436,459611.000,BDS,36,60.0,22.0,30.0,是
0703002-0918-15-42-gnss_raw.txt,2436,459611.000,BDS,39,54.0,271.0,28.0,是
0703002-0918-15-42-gnss_raw.txt,2436,459612.000,GPS,10,12.0,181.0,24.0,是
0703002-0918-15-42-gnss_raw.txt,2436,459612.000,GPS,26,56.0,236.0,29.0,是
0703002-0918-15-42-gnss_raw.txt,2436,459612.000,GPS,28,58.0,13.0,29.0,是
0703002-0918-15-42-gnss_raw.txt,2436,459612.000,GPS,31,52.0,317.0,30.0,是
0703002-0918-15-42-gnss_raw.txt,2436,459612.000,GPS,32,64.0,121.0,31.0,是
0703002-0918-15-42-gnss_raw.txt,2436,459612.000,GLONASS,71,80.0,151.0,32.0,是
0703002-0918-15-42-gnss_raw.txt,2436,459612.000,GLONASS,72,41.0,331.0,24.0,是
0703002-0918-15-42-gnss_raw.txt,2436,459612.000,GLONASS,73,46.0,19.0,32.0,是
0703002-0918-15-42-gnss_raw.txt,2436,459612.000,GLONASS,74,0.0,0.0,28.0,是
0703002-0918-15-42-gnss_raw.txt,2436,459612.000,GLONASS,90,0.0,0.0,31.0,是
0703002-0918-15-42-gnss_raw.txt,2436,459612.000,Galileo,19,52.0,328.0,28.0,是
0703002-0918-15-42-gnss_raw.txt,2436,459612.000,Galileo,21,74.0,185.0,31.0,是
0703002-0918-15-42-gnss_raw.txt,2436,459612.000,Galileo,27,0.0,0.0,29.0,是
0703002-0918-15-42-gnss_raw.txt,2436,459612.000,QZSS,2,57.0,125.0,22.0,是
0703002-0918-15-42-gnss_raw.txt,2436,459612.000,QZSS,7,53.0,169.0,23.0,是
0703002-0918-15-42-gnss_raw.txt,2436,459612.000,BDS,3,0.0,0.0,27.0,是
0703002-0918-15-42-gnss_raw.txt,2436,459612.000,BDS,7,63.0,339.0,27.0,是
0703002-0918-15-42-gnss_raw.txt,2436,459612.000,BDS,9,54.0,224.0,26.0,是
0703002-0918-15-42-gnss_raw.txt,2436,459612.000,BDS,10,62.0,317.0,25.0,是
0703002-0918-15-42-gnss_raw.txt,2436,459612.000,BDS,19,32.0,159.0,20.0,是
0703002-0918-15-42-gnss_raw.txt,2436,459612.000,BDS,21,34.0,316.0,24.0,是
0703002-0918-15-42-gnss_raw.txt,2436,459612.000,BDS,22,75.0,236.0,30.0,是
0703002-0918-15-42-gnss_raw.txt,2436,459612.000,BDS,36,60.0,22.0,29.0,是
0703002-0918-15-42-gnss_raw.txt,2436,459612.000,BDS,39,54.0,271.0,27.0,是
0703002-0918-15-42-gnss_raw.txt,2436,459613.000,GPS,10,12.0,181.0,25.0,是
0703002-0918-15-42-gnss_raw.txt,2436,459613.000,GPS,26,56.0,236.0,30.0,是
0703002-0918-15-42-gnss_raw.txt,2436,459613.000,GPS,28,58.0,13.0,28.0,是
0703002-0918-15-42-gnss_raw.txt,2436,459613.000,GPS,31,52.0,317.0,31.0,是
0703002-0918-15-42-gnss_raw.txt,2436,459613.000,GPS,32,64.0,121.0,32.0,是
0703002-0918-15-42-gnss_raw.txt,2436,459613.000,GLONASS,71,80.0,151.0,32.0,是
0703002-0918-15-42-gnss_raw.txt,2436,459613.000,GLONASS,72,41.0,331.0,24.0,是
0703002-0918-15-42-gnss_raw.txt,2436,459613.000,GLONASS,73,46.0,19.0,27.0,是
0703002-0918-15-42-gnss_raw.txt,2436,459613.000,GLONASS,74,0.0,0.0,26.0,是
0703002-0918-15-42-gnss_raw.txt,2436,459613.000,GLONASS,90,0.0,0.0,33.0,是
0703002-0918-15-42-gnss_raw.txt,2436,459613.000,Galileo,19,52.0,328.0,26.0,是
0703002-0918-15-42-gnss_raw.txt,2436,459613.000,Galileo,21,74.0,185.0,33.0,是
0703002-0918-15-42-gnss_raw.txt,2436,459613.000,Galileo,27,0.0,0.0,30.0,是
0703002-0918-15-42-gnss_raw.txt,2436,459613.000,QZSS,2,57.0,125.0,20.0,是
0703002-0918-15-42-gnss_raw.txt,2436,459613.000,QZSS,7,53.0,169.0,24.0,是
0703002-0918-15-42-gnss_raw.txt,2436,459613.000,BDS,7,63.0,339.0,27.0,是
0703002-0918-15-42-gnss_raw.txt,2436,459613.000,BDS,9,54.0,224.0,26.0,是
0703002-0918-15-42-gnss_raw.txt,2436,459613.000,BDS,10,62.0,317.0,26.0,是
0703002-0918-15-42-gnss_raw.txt,2436,459613.000,BDS,19,32.0,159.0,21.0,是
0703002-0918-15-42-gnss_raw.txt,2436,459613.000,BDS,21,34.0,316.0,24.0,是
0703002-0918-15-42-gnss_raw.txt,2436,459613.000,BDS,22,75.0,236.0,31.0,是
0703002-0918-15-42-gnss_raw.txt,2436,459613.000,BDS,36,60.0,22.0,27.0,是
0703002-0918-15-42-gnss_raw.txt,2436,459613.000,BDS,39,54.0,271.0,27.0,是
0703002-0918-15-42-gnss_raw.txt,2436,459614.000,GPS,10,12.0,181.0,26.0,是
0703002-0918-15-42-gnss_raw.txt,2436,459614.000,GPS,26,56.0,236.0,31.0,是
0703002-0918-15-42-gnss_raw.txt,2436,459614.000,GPS,28,58.0,13.0,29.0,是
0703002-0918-15-42-gnss_raw.txt,2436,459614.000,GPS,31,52.0,317.0,29.0,是
0703002-0918-15-42-gnss_raw.txt,2436,459614.000,GPS,32,64.0,121.0,32.0,是
0703002-0918-15-42-gnss_raw.txt,2436,459614.000,GLONASS,71,80.0,151.0,32.0,是
0703002-0918-15-42-gnss_raw.txt,2436,459614.000,GLONASS,72,41.0,331.0,23.0,是
0703002-0918-15-42-gnss_raw.txt,2436,459614.000,GLONASS,73,46.0,19.0,28.0,是
0703002-0918-15-42-gnss_raw.txt,2436,459614.000,GLONASS,74,61.0,283.0,29.0,是
0703002-0918-15-42-gnss_raw.txt,2436,459614.000,GLONASS,90,0.0,0.0,32.0,是
0703002-0918-15-42-gnss_raw.txt,2436,459614.000,Galileo,19,52.0,328.0,28.0,是
0703002-0918-15-42-gnss_raw.txt,2436,459614.000,Galileo,21,74.0,185.0,31.0,是
0703002-0918-15-42-gnss_raw.txt,2436,459614.000,Galileo,27,0.0,0.0,26.0,是
0703002-0918-15-42-gnss_raw.txt,2436,459614.000,QZSS,2,57.0,125.0,18.0,是
0703002-0918-15-42-gnss_raw.txt,2436,459614.000,QZSS,7,53.0,169.0,24.0,是
0703002-0918-15-42-gnss_raw.txt,2436,459614.000,BDS,3,53.0,201.0,31.0,是
0703002-0918-15-42-gnss_raw.txt,2436,459614.000,BDS,7,63.0,339.0,26.0,是
0703002-0918-15-42-gnss_raw.txt,2436,459614.000,BDS,9,54.0,224.0,26.0,是
0703002-0918-15-42-gnss_raw.txt,2436,459614.000,BDS,10,62.0,317.0,25.0,是
0703002-0918-15-42-gnss_raw.txt,2436,459614.000,BDS,19,32.0,159.0,23.0,是
0703002-0918-15-42-gnss_raw.txt,2436,459614.000,BDS,21,34.0,316.0,25.0,是
0703002-0918-15-42-gnss_raw.txt,2436,459614.000,BDS,22,75.0,236.0,31.0,是
0703002-0918-15-42-gnss_raw.txt,2436,459614.000,BDS,36,60.0,22.0,26.0,是
0703002-0918-15-42-gnss_raw.txt,2436,459614.000,BDS,39,54.0,271.0,29.0,是
0703002-0918-15-42-gnss_raw.txt,2436,459615.000,GPS,10,12.0,181.0,29.0,是
0703002-0918-15-42-gnss_raw.txt,2436,459615.000,GPS,26,56.0,236.0,30.0,是
0703002-0918-15-42-gnss_raw.txt,2436,459615.000,GPS,28,58.0,13.0,29.0,是
0703002-0918-15-42-gnss_raw.txt,2436,459615.000,GPS,31,52.0,317.0,30.0,是
0703002-0918-15-42-gnss_raw.txt,2436,459615.000,GPS,32,64.0,121.0,32.0,是
0703002-0918-15-42-gnss_raw.txt,2436,459615.000,GLONASS,71,80.0,151.0,32.0,是
0703002-0918-15-42-gnss_raw.txt,2436,459615.000,GLONASS,72,41.0,331.0,22.0,是
0703002-0918-15-42-gnss_raw.txt,2436,459615.000,GLONASS,73,46.0,19.0,28.0,是
0703002-0918-15-42-gnss_raw.txt,2436,459615.000,GLONASS,74,61.0,283.0,29.0,是
0703002-0918-15-42-gnss_raw.txt,2436,459615.000,GLONASS,90,0.0,0.0,32.0,是
0703002-0918-15-42-gnss_raw.txt,2436,459615.000,Galileo,19,52.0,328.0,28.0,是
0703002-0918-15-42-gnss_raw.txt,2436,459615.000,Galileo,21,74.0,185.0,32.0,是
0703002-0918-15-42-gnss_raw.txt,2436,459615.000,Galileo,27,0.0,0.0,29.0,是
0703002-0918-15-42-gnss_raw.txt,2436,459615.000,QZSS,2,0.0,0.0,17.0,是
0703002-0918-15-42-gnss_raw.txt,2436,459615.000,QZSS,7,53.0,169.0,23.0,是
0703002-0918-15-42-gnss_raw.txt,2436,459615.000,BDS,3,53.0,201.0,32.0,是
0703002-0918-15-42-gnss_raw.txt,2436,459615.000,BDS,7,63.0,339.0,26.0,是
0703002-0918-15-42-gnss_raw.txt,2436,459615.000,BDS,9,54.0,224.0,27.0,是
0703002-0918-15-42-gnss_raw.txt,2436,459615.000,BDS,10,62.0,317.0,25.0,是
0703002-0918-15-42-gnss_raw.txt,2436,459615.000,BDS,19,32.0,159.0,22.0,是
0703002-0918-15-42-gnss_raw.txt,2436,459615.000,BDS,21,34.0,316.0,26.0,是
0703002-0918-15-42-gnss_raw.txt,2436,459615.000,BDS,22,75.0,235.0,31.0,是
0703002-0918-15-42-gnss_raw.txt,2436,459615.000,BDS,36,60.0,22.0,26.0,是
0703002-0918-15-42-gnss_raw.txt,2436,459615.000,BDS,39,54.0,271.0,30.0,是
0703002-0918-15-42-gnss_raw.txt,2436,459616.000,GPS,10,12.0,181.0,31.0,是
0703002-0918-15-42-gnss_raw.txt,2436,459616.000,GPS,26,56.0,236.0,29.0,是
0703002-0918-15-42-gnss_raw.txt,2436,459616.000,GPS,28,58.0,13.0,29.0,是
0703002-0918-15-42-gnss_raw.txt,2436,459616.000,GPS,31,52.0,317.0,30.0,是
0703002-0918-15-42-gnss_raw.txt,2436,459616.000,GPS,32,64.0,121.0,32.0,是
0703002-0918-15-42-gnss_raw.txt,2436,459616.000,GLONASS,71,80.0,151.0,31.0,是
0703002-0918-15-42-gnss_raw.txt,2436,459616.000,GLONASS,72,41.0,331.0,26.0,是
0703002-0918-15-42-gnss_raw.txt,2436,459616.000,GLONASS,73,46.0,19.0,26.0,是
0703002-0918-15-42-gnss_raw.txt,2436,459616.000,GLONASS,74,61.0,283.0,30.0,是
0703002-0918-15-42-gnss_raw.txt,2436,459616.000,GLONASS,90,0.0,0.0,33.0,是
0703002-0918-15-42-gnss_raw.txt,2436,459616.000,Galileo,19,52.0,328.0,25.0,是
0703002-0918-15-42-gnss_raw.txt,2436,459616.000,Galileo,21,74.0,185.0,31.0,是
0703002-0918-15-42-gnss_raw.txt,2436,459616.000,Galileo,27,0.0,0.0,30.0,是
0703002-0918-15-42-gnss_raw.txt,2436,459616.000,QZSS,2,57.0,125.0,15.0,是
0703002-0918-15-42-gnss_raw.txt,2436,459616.000,QZSS,7,53.0,169.0,23.0,是
0703002-0918-15-42-gnss_raw.txt,2436,459616.000,BDS,3,53.0,201.0,33.0,是
0703002-0918-15-42-gnss_raw.txt,2436,459616.000,BDS,7,63.0,339.0,28.0,是
0703002-0918-15-42-gnss_raw.txt,2436,459616.000,BDS,9,54.0,224.0,26.0,是
0703002-0918-15-42-gnss_raw.txt,2436,459616.000,BDS,10,62.0,317.0,26.0,是
0703002-0918-15-42-gnss_raw.txt,2436,459616.000,BDS,19,32.0,159.0,22.0,是
0703002-0918-15-42-gnss_raw.txt,2436,459616.000,BDS,21,34.0,316.0,27.0,是
0703002-0918-15-42-gnss_raw.txt,2436,459616.000,BDS,22,75.0,235.0,31.0,是
0703002-0918-15-42-gnss_raw.txt,2436,459616.000,BDS,36,60.0,22.0,26.0,是
0703002-0918-15-42-gnss_raw.txt,2436,459616.000,BDS,39,54.0,271.0,30.0,是
0703002-0918-15-42-gnss_raw.txt,2436,459617.000,GPS,10,12.0,181.0,28.0,是
0703002-0918-15-42-gnss_raw.txt,2436,459617.000,GPS,26,56.0,236.0,29.0,是
0703002-0918-15-42-gnss_raw.txt,2436,459617.000,GPS,28,58.0,13.0,27.0,是
0703002-0918-15-42-gnss_raw.txt,2436,459617.000,GPS,31,52.0,317.0,30.0,是
0703002-0918-15-42-gnss_raw.txt,2436,459617.000,GPS,32,64.0,121.0,32.0,是
0703002-0918-15-42-gnss_raw.txt,2436,459617.000,GLONASS,71,80.0,151.0,32.0,是
0703002-0918-15-42-gnss_raw.txt,2436,459617.000,GLONASS,72,41.0,331.0,25.0,是
0703002-0918-15-42-gnss_raw.txt,2436,459617.000,GLONASS,73,46.0,19.0,27.0,是
0703002-0918-15-42-gnss_raw.txt,2436,459617.000,GLONASS,74,61.0,283.0,28.0,是
0703002-0918-15-42-gnss_raw.txt,2436,459617.000,GLONASS,90,0.0,0.0,32.0,是
0703002-0918-15-42-gnss_raw.txt,2436,459617.000,Galileo,19,52.0,328.0,28.0,是
0703002-0918-15-42-gnss_raw.txt,2436,459617.000,Galileo,21,74.0,185.0,32.0,是
0703002-0918-15-42-gnss_raw.txt,2436,459617.000,Galileo,27,0.0,0.0,29.0,是
0703002-0918-15-42-gnss_raw.txt,2436,459617.000,QZSS,2,0.0,0.0,25.0,是
0703002-0918-15-42-gnss_raw.txt,2436,459617.000,QZSS,7,53.0,169.0,22.0,是
0703002-0918-15-42-gnss_raw.txt,2436,459617.000,BDS,3,53.0,201.0,34.0,是
0703002-0918-15-42-gnss_raw.txt,2436,459617.000,BDS,7,63.0,339.0,27.0,是
0703002-0918-15-42-gnss_raw.txt,2436,459617.000,BDS,9,54.0,224.0,26.0,是
0703002-0918-15-42-gnss_raw.txt,2436,459617.000,BDS,10,62.0,317.0,26.0,是
0703002-0918-15-42-gnss_raw.txt,2436,459617.000,BDS,19,32.0,159.0,22.0,是
0703002-0918-15-42-gnss_raw.txt,2436,459617.000,BDS,21,34.0,316.0,25.0,是
0703002-0918-15-42-gnss_raw.txt,2436,459617.000,BDS,22,75.0,235.0,31.0,是
0703002-0918-15-42-gnss_raw.txt,2436,459617.000,BDS,36,60.0,22.0,27.0,是
0703002-0918-15-42-gnss_raw.txt,2436,459617.000,BDS,39,54.0,271.0,30.0,是
0703002-0918-15-42-gnss_raw.txt,2436,459618.000,GPS,10,0.0,0.0,23.0,是
0703002-0918-15-42-gnss_raw.txt,2436,459618.000,GPS,26,56.0,236.0,30.0,是
0703002-0918-15-42-gnss_raw.txt,2436,459618.000,GPS,28,58.0,13.0,26.0,是
0703002-0918-15-42-gnss_raw.txt,2436,459618.000,GPS,31,52.0,317.0,31.0,是
0703002-0918-15-42-gnss_raw.txt,2436,459618.000,GPS,32,64.0,121.0,32.0,是
0703002-0918-15-42-gnss_raw.txt,2436,459618.000,GLONASS,71,80.0,151.0,31.0,是
0703002-0918-15-42-gnss_raw.txt,2436,459618.000,GLONASS,72,41.0,331.0,25.0,是
0703002-0918-15-42-gnss_raw.txt,2436,459618.000,GLONASS,73,46.0,19.0,29.0,是
0703002-0918-15-42-gnss_raw.txt,2436,459618.000,GLONASS,74,61.0,283.0,30.0,是
0703002-0918-15-42-gnss_raw.txt,2436,459618.000,GLONASS,90,0.0,0.0,32.0,是
0703002-0918-15-42-gnss_raw.txt,2436,459618.000,Galileo,19,52.0,328.0,28.0,是
0703002-0918-15-42-gnss_raw.txt,2436,459618.000,Galileo,21,74.0,185.0,32.0,是
0703002-0918-15-42-gnss_raw.txt,2436,459618.000,Galileo,27,0.0,0.0,29.0,是
0703002-0918-15-42-gnss_raw.txt,2436,459618.000,QZSS,2,0.0,0.0,27.0,是
0703002-0918-15-42-gnss_raw.txt,2436,459618.000,QZSS,7,53.0,169.0,22.0,是
0703002-0918-15-42-gnss_raw.txt,2436,459618.000,BDS,7,63.0,339.0,28.0,是
0703002-0918-15-42-gnss_raw.txt,2436,459618.000,BDS,9,54.0,224.0,25.0,是
0703002-0918-15-42-gnss_raw.txt,2436,459618.000,BDS,10,62.0,317.0,27.0,是
0703002-0918-15-42-gnss_raw.txt,2436,459618.000,BDS,19,32.0,159.0,21.0,是
0703002-0918-15-42-gnss_raw.txt,2436,459618.000,BDS,21,34.0,316.0,24.0,是
0703002-0918-15-42-gnss_raw.txt,2436,459618.000,BDS,22,75.0,235.0,30.0,是
0703002-0918-15-42-gnss_raw.txt,2436,459618.000,BDS,36,60.0,22.0,27.0,是
0703002-0918-15-42-gnss_raw.txt,2436,459618.000,BDS,39,54.0,271.0,27.0,是
0703002-0918-15-42-gnss_raw.txt,2436,459619.000,GPS,10,12.0,181.0,20.0,是
0703002-0918-15-42-gnss_raw.txt,2436,459619.000,GPS,26,56.0,236.0,30.0,是
0703002-0918-15-42-gnss_raw.txt,2436,459619.000,GPS,28,58.0,13.0,27.0,是
0703002-0918-15-42-gnss_raw.txt,2436,459619.000,GPS,31,52.0,317.0,30.0,是
0703002-0918-15-42-gnss_raw.txt,2436,459619.000,GPS,32,64.0,121.0,32.0,是
0703002-0918-15-42-gnss_raw.txt,2436,459619.000,GLONASS,71,80.0,151.0,32.0,是
0703002-0918-15-42-gnss_raw.txt,2436,459619.000,GLONASS,72,41.0,331.0,26.0,是
0703002-0918-15-42-gnss_raw.txt,2436,459619.000,GLONASS,73,46.0,19.0,30.0,是
0703002-0918-15-42-gnss_raw.txt,2436,459619.000,GLONASS,74,0.0,0.0,28.0,是
0703002-0918-15-42-gnss_raw.txt,2436,459619.000,GLONASS,90,0.0,0.0,33.0,是
0703002-0918-15-42-gnss_raw.txt,2436,459619.000,Galileo,19,52.0,328.0,30.0,是
0703002-0918-15-42-gnss_raw.txt,2436,459619.000,Galileo,21,74.0,185.0,32.0,是
0703002-0918-15-42-gnss_raw.txt,2436,459619.000,Galileo,27,0.0,0.0,30.0,是
0703002-0918-15-42-gnss_raw.txt,2436,459619.000,QZSS,2,57.0,125.0,28.0,是
0703002-0918-15-42-gnss_raw.txt,2436,459619.000,QZSS,7,53.0,169.0,23.0,是
0703002-0918-15-42-gnss_raw.txt,2436,459619.000,BDS,7,63.0,339.0,29.0,是
0703002-0918-15-42-gnss_raw.txt,2436,459619.000,BDS,9,54.0,224.0,25.0,是
0703002-0918-15-42-gnss_raw.txt,2436,459619.000,BDS,10,62.0,317.0,28.0,是
0703002-0918-15-42-gnss_raw.txt,2436,459619.000,BDS,19,32.0,159.0,20.0,是
0703002-0918-15-42-gnss_raw.txt,2436,459619.000,BDS,21,34.0,316.0,25.0,是
0703002-0918-15-42-gnss_raw.txt,2436,459619.000,BDS,22,75.0,235.0,28.0,是
0703002-0918-15-42-gnss_raw.txt,2436,459619.000,BDS,36,60.0,22.0,27.0,是
0703002-0918-15-42-gnss_raw.txt,2436,459619.000,BDS,39,54.0,271.0,26.0,是
0703002-0918-15-42-gnss_raw.txt,2436,459620.000,GPS,10,0.0,0.0,20.0,是
0703002-0918-15-42-gnss_raw.txt,2436,459620.000,GPS,26,56.0,236.0,30.0,是
0703002-0918-15-42-gnss_raw.txt,2436,459620.000,GPS,28,58.0,13.0,29.0,是
0703002-0918-15-42-gnss_raw.txt,2436,459620.000,GPS,31,52.0,317.0,31.0,是
0703002-0918-15-42-gnss_raw.txt,2436,459620.000,GPS,32,64.0,121.0,32.0,是
0703002-0918-15-42-gnss_raw.txt,2436,459620.000,GLONASS,71,80.0,151.0,30.0,是
0703002-0918-15-42-gnss_raw.txt,2436,459620.000,GLONASS,72,41.0,331.0,26.0,是
0703002-0918-15-42-gnss_raw.txt,2436,459620.000,GLONASS,73,46.0,19.0,31.0,是
0703002-0918-15-42-gnss_raw.txt,2436,459620.000,GLONASS,74,61.0,283.0,28.0,是
0703002-0918-15-42-gnss_raw.txt,2436,459620.000,GLONASS,90,0.0,0.0,33.0,是
0703002-0918-15-42-gnss_raw.txt,2436,459620.000,Galileo,19,52.0,328.0,29.0,是
0703002-0918-15-42-gnss_raw.txt,2436,459620.000,Galileo,21,74.0,185.0,31.0,是
0703002-0918-15-42-gnss_raw.txt,2436,459620.000,Galileo,27,0.0,0.0,30.0,是
0703002-0918-15-42-gnss_raw.txt,2436,459620.000,QZSS,2,57.0,125.0,30.0,是
0703002-0918-15-42-gnss_raw.txt,2436,459620.000,QZSS,7,53.0,169.0,23.0,是
0703002-0918-15-42-gnss_raw.txt,2436,459620.000,BDS,7,63.0,339.0,30.0,是
0703002-0918-15-42-gnss_raw.txt,2436,459620.000,BDS,9,54.0,224.0,27.0,是
0703002-0918-15-42-gnss_raw.txt,2436,459620.000,BDS,10,62.0,317.0,27.0,是
0703002-0918-15-42-gnss_raw.txt,2436,459620.000,BDS,19,31.0,159.0,20.0,是
0703002-0918-15-42-gnss_raw.txt,2436,459620.000,BDS,21,34.0,316.0,24.0,是
0703002-0918-15-42-gnss_raw.txt,2436,459620.000,BDS,22,75.0,235.0,28.0,是
0703002-0918-15-42-gnss_raw.txt,2436,459620.000,BDS,36,60.0,22.0,29.0,是
0703002-0918-15-42-gnss_raw.txt,2436,459620.000,BDS,39,54.0,271.0,26.0,是
0703002-0918-15-42-gnss_raw.txt,2436,459621.000,GPS,10,0.0,0.0,19.0,是
0703002-0918-15-42-gnss_raw.txt,2436,459621.000,GPS,26,56.0,236.0,29.0,是
0703002-0918-15-42-gnss_raw.txt,2436,459621.000,GPS,28,58.0,13.0,30.0,是
0703002-0918-15-42-gnss_raw.txt,2436,459621.000,GPS,31,52.0,317.0,31.0,是
0703002-0918-15-42-gnss_raw.txt,2436,459621.000,GPS,32,64.0,121.0,30.0,是
0703002-0918-15-42-gnss_raw.txt,2436,459621.000,GLONASS,71,80.0,151.0,27.0,是
0703002-0918-15-42-gnss_raw.txt,2436,459621.000,GLONASS,72,41.0,331.0,25.0,是
0703002-0918-15-42-gnss_raw.txt,2436,459621.000,GLONASS,73,46.0,19.0,33.0,是
0703002-0918-15-42-gnss_raw.txt,2436,459621.000,GLONASS,74,61.0,283.0,29.0,是
0703002-0918-15-42-gnss_raw.txt,2436,459621.000,GLONASS,90,0.0,0.0,33.0,是
0703002-0918-15-42-gnss_raw.txt,2436,459621.000,Galileo,19,52.0,328.0,27.0,是
0703002-0918-15-42-gnss_raw.txt,2436,459621.000,Galileo,21,74.0,185.0,30.0,是
0703002-0918-15-42-gnss_raw.txt,2436,459621.000,Galileo,27,0.0,0.0,29.0,是
0703002-0918-15-42-gnss_raw.txt,2436,459621.000,QZSS,2,0.0,0.0,30.0,是
0703002-0918-15-42-gnss_raw.txt,2436,459621.000,QZSS,7,53.0,169.0,24.0,是
0703002-0918-15-42-gnss_raw.txt,2436,459621.000,BDS,7,63.0,339.0,30.0,是
0703002-0918-15-42-gnss_raw.txt,2436,459621.000,BDS,9,54.0,224.0,23.0,是
0703002-0918-15-42-gnss_raw.txt,2436,459621.000,BDS,10,62.0,317.0,27.0,是
0703002-0918-15-42-gnss_raw.txt,2436,459621.000,BDS,19,31.0,159.0,19.0,是
0703002-0918-15-42-gnss_raw.txt,2436,459621.000,BDS,21,34.0,316.0,24.0,是
0703002-0918-15-42-gnss_raw.txt,2436,459621.000,BDS,22,75.0,235.0,29.0,是
0703002-0918-15-42-gnss_raw.txt,2436,459621.000,BDS,36,60.0,22.0,29.0,是
0703002-0918-15-42-gnss_raw.txt,2436,459621.000,BDS,39,54.0,271.0,26.0,是
0703002-0918-15-42-gnss_raw.txt,2436,459622.000,GPS,10,12.0,181.0,29.0,是
0703002-0918-15-42-gnss_raw.txt,2436,459622.000,GPS,26,56.0,236.0,28.0,是
0703002-0918-15-42-gnss_raw.txt,2436,459622.000,GPS,28,58.0,13.0,31.0,是
0703002-0918-15-42-gnss_raw.txt,2436,459622.000,GPS,31,52.0,317.0,30.0,是
0703002-0918-15-42-gnss_raw.txt,2436,459622.000,GPS,32,64.0,121.0,29.0,是
0703002-0918-15-42-gnss_raw.txt,2436,459622.000,GLONASS,71,80.0,151.0,27.0,是
0703002-0918-15-42-gnss_raw.txt,2436,459622.000,GLONASS,72,41.0,331.0,24.0,是
0703002-0918-15-42-gnss_raw.txt,2436,459622.000,GLONASS,73,46.0,19.0,31.0,是
0703002-0918-15-42-gnss_raw.txt,2436,459622.000,GLONASS,74,61.0,284.0,30.0,是
0703002-0918-15-42-gnss_raw.txt,2436,459622.000,GLONASS,90,0.0,0.0,35.0,是
0703002-0918-15-42-gnss_raw.txt,2436,459622.000,Galileo,19,52.0,328.0,29.0,是
0703002-0918-15-42-gnss_raw.txt,2436,459622.000,Galileo,21,74.0,185.0,31.0,是
0703002-0918-15-42-gnss_raw.txt,2436,459622.000,Galileo,27,0.0,0.0,28.0,是
0703002-0918-15-42-gnss_raw.txt,2436,459622.000,QZSS,2,57.0,125.0,29.0,是
0703002-0918-15-42-gnss_raw.txt,2436,459622.000,QZSS,7,53.0,169.0,25.0,是
0703002-0918-15-42-gnss_raw.txt,2436,459622.000,BDS,7,63.0,339.0,29.0,是
0703002-0918-15-42-gnss_raw.txt,2436,459622.000,BDS,9,54.0,224.0,22.0,是
0703002-0918-15-42-gnss_raw.txt,2436,459622.000,BDS,10,62.0,317.0,26.0,是
0703002-0918-15-42-gnss_raw.txt,2436,459622.000,BDS,19,31.0,159.0,21.0,是
0703002-0918-15-42-gnss_raw.txt,2436,459622.000,BDS,21,34.0,316.0,24.0,是
0703002-0918-15-42-gnss_raw.txt,2436,459622.000,BDS,22,75.0,235.0,29.0,是
0703002-0918-15-42-gnss_raw.txt,2436,459622.000,BDS,36,60.0,23.0,30.0,是
0703002-0918-15-42-gnss_raw.txt,2436,459622.000,BDS,39,54.0,271.0,28.0,是
0703002-0918-15-42-gnss_raw.txt,2436,459623.000,GPS,10,0.0,0.0,24.0,是
0703002-0918-15-42-gnss_raw.txt,2436,459623.000,GPS,26,56.0,236.0,29.0,是
0703002-0918-15-42-gnss_raw.txt,2436,459623.000,GPS,28,58.0,13.0,30.0,是
0703002-0918-15-42-gnss_raw.txt,2436,459623.000,GPS,31,52.0,317.0,30.0,是
0703002-0918-15-42-gnss_raw.txt,2436,459623.000,GPS,32,64.0,121.0,29.0,是
0703002-0918-15-42-gnss_raw.txt,2436,459623.000,GLONASS,71,80.0,151.0,30.0,是
0703002-0918-15-42-gnss_raw.txt,2436,459623.000,GLONASS,72,41.0,331.0,23.0,是
0703002-0918-15-42-gnss_raw.txt,2436,459623.000,GLONASS,73,46.0,19.0,30.0,是
0703002-0918-15-42-gnss_raw.txt,2436,459623.000,GLONASS,74,61.0,284.0,28.0,是
0703002-0918-15-42-gnss_raw.txt,2436,459623.000,GLONASS,90,0.0,0.0,35.0,是
0703002-0918-15-42-gnss_raw.txt,2436,459623.000,Galileo,19,52.0,328.0,29.0,是
0703002-0918-15-42-gnss_raw.txt,2436,459623.000,Galileo,21,74.0,185.0,32.0,是
0703002-0918-15-42-gnss_raw.txt,2436,459623.000,Galileo,27,0.0,0.0,30.0,是
0703002-0918-15-42-gnss_raw.txt,2436,459623.000,QZSS,2,57.0,125.0,31.0,是
0703002-0918-15-42-gnss_raw.txt,2436,459623.000,QZSS,7,53.0,169.0,23.0,是
0703002-0918-15-42-gnss_raw.txt,2436,459623.000,BDS,3,53.0,201.0,29.0,是
0703002-0918-15-42-gnss_raw.txt,2436,459623.000,BDS,7,63.0,339.0,29.0,是
0703002-0918-15-42-gnss_raw.txt,2436,459623.000,BDS,9,54.0,224.0,24.0,是
0703002-0918-15-42-gnss_raw.txt,2436,459623.000,BDS,10,62.0,317.0,27.0,是
0703002-0918-15-42-gnss_raw.txt,2436,459623.000,BDS,19,31.0,159.0,23.0,是
0703002-0918-15-42-gnss_raw.txt,2436,459623.000,BDS,21,34.0,316.0,25.0,是
0703002-0918-15-42-gnss_raw.txt,2436,459623.000,BDS,22,75.0,235.0,30.0,是
0703002-0918-15-42-gnss_raw.txt,2436,459623.000,BDS,36,60.0,23.0,30.0,是
0703002-0918-15-42-gnss_raw.txt,2436,459623.000,BDS,39,54.0,271.0,29.0,是
0703002-0918-15-42-gnss_raw.txt,2436,459624.000,GPS,10,12.0,181.0,23.0,是
0703002-0918-15-42-gnss_raw.txt,2436,459624.000,GPS,26,56.0,236.0,30.0,是
0703002-0918-15-42-gnss_raw.txt,2436,459624.000,GPS,28,58.0,13.0,29.0,是
0703002-0918-15-42-gnss_raw.txt,2436,459624.000,GPS,31,52.0,317.0,31.0,是
0703002-0918-15-42-gnss_raw.txt,2436,459624.000,GPS,32,64.0,121.0,30.0,是
0703002-0918-15-42-gnss_raw.txt,2436,459624.000,GLONASS,71,80.0,151.0,31.0,是
0703002-0918-15-42-gnss_raw.txt,2436,459624.000,GLONASS,72,41.0,331.0,21.0,是
0703002-0918-15-42-gnss_raw.txt,2436,459624.000,GLONASS,73,46.0,19.0,28.0,是
0703002-0918-15-42-gnss_raw.txt,2436,459624.000,GLONASS,74,61.0,284.0,27.0,是
0703002-0918-15-42-gnss_raw.txt,2436,459624.000,GLONASS,90,0.0,0.0,35.0,是
0703002-0918-15-42-gnss_raw.txt,2436,459624.000,Galileo,19,52.0,328.0,26.0,是
0703002-0918-15-42-gnss_raw.txt,2436,459624.000,Galileo,21,74.0,185.0,32.0,是
0703002-0918-15-42-gnss_raw.txt,2436,459624.000,Galileo,27,0.0,0.0,30.0,是
0703002-0918-15-42-gnss_raw.txt,2436,459624.000,QZSS,2,57.0,125.0,26.0,是
0703002-0918-15-42-gnss_raw.txt,2436,459624.000,QZSS,7,53.0,169.0,22.0,是
0703002-0918-15-42-gnss_raw.txt,2436,459624.000,BDS,3,53.0,201.0,27.0,是
0703002-0918-15-42-gnss_raw.txt,2436,459624.000,BDS,7,63.0,339.0,29.0,是
0703002-0918-15-42-gnss_raw.txt,2436,459624.000,BDS,9,54.0,224.0,25.0,是
0703002-0918-15-42-gnss_raw.txt,2436,459624.000,BDS,10,62.0,317.0,28.0,是
0703002-0918-15-42-gnss_raw.txt,2436,459624.000,BDS,19,31.0,159.0,23.0,是
0703002-0918-15-42-gnss_raw.txt,2436,459624.000,BDS,21,34.0,316.0,25.0,是
0703002-0918-15-42-gnss_raw.txt,2436,459624.000,BDS,22,75.0,235.0,30.0,是
0703002-0918-15-42-gnss_raw.txt,2436,459624.000,BDS,36,60.0,23.0,30.0,是
0703002-0918-15-42-gnss_raw.txt,2436,459624.000,BDS,39,54.0,271.0,26.0,是
0703002-0918-15-42-gnss_raw.txt,2436,459625.000,GPS,10,12.0,181.0,23.0,是
0703002-0918-15-42-gnss_raw.txt,2436,459625.000,GPS,26,56.0,236.0,30.0,是
0703002-0918-15-42-gnss_raw.txt,2436,459625.000,GPS,28,58.0,13.0,28.0,是
0703002-0918-15-42-gnss_raw.txt,2436,459625.000,GPS,31,52.0,317.0,31.0,是
0703002-0918-15-42-gnss_raw.txt,2436,459625.000,GPS,32,64.0,121.0,32.0,是
0703002-0918-15-42-gnss_raw.txt,2436,459625.000,GLONASS,71,80.0,151.0,32.0,是
0703002-0918-15-42-gnss_raw.txt,2436,459625.000,GLONASS,72,41.0,331.0,26.0,是
0703002-0918-15-42-gnss_raw.txt,2436,459625.000,GLONASS,73,46.0,19.0,27.0,是
0703002-0918-15-42-gnss_raw.txt,2436,459625.000,GLONASS,74,61.0,284.0,30.0,是
0703002-0918-15-42-gnss_raw.txt,2436,459625.000,GLONASS,90,0.0,0.0,34.0,是
0703002-0918-15-42-gnss_raw.txt,2436,459625.000,Galileo,19,52.0,328.0,26.0,是
0703002-0918-15-42-gnss_raw.txt,2436,459625.000,Galileo,21,74.0,185.0,32.0,是
0703002-0918-15-42-gnss_raw.txt,2436,459625.000,Galileo,27,0.0,0.0,29.0,是
0703002-0918-15-42-gnss_raw.txt,2436,459625.000,QZSS,2,57.0,125.0,29.0,是
0703002-0918-15-42-gnss_raw.txt,2436,459625.000,QZSS,7,53.0,169.0,21.0,是
0703002-0918-15-42-gnss_raw.txt,2436,459625.000,BDS,3,53.0,201.0,29.0,是
0703002-0918-15-42-gnss_raw.txt,2436,459625.000,BDS,7,63.0,339.0,30.0,是
0703002-0918-15-42-gnss_raw.txt,2436,459625.000,BDS,9,54.0,224.0,26.0,是
0703002-0918-15-42-gnss_raw.txt,2436,459625.000,BDS,10,62.0,317.0,27.0,是
0703002-0918-15-42-gnss_raw.txt,2436,459625.000,BDS,19,31.0,159.0,24.0,是
0703002-0918-15-42-gnss_raw.txt,2436,459625.000,BDS,21,34.0,316.0,22.0,是
0703002-0918-15-42-gnss_raw.txt,2436,459625.000,BDS,22,75.0,235.0,30.0,是
0703002-0918-15-42-gnss_raw.txt,2436,459625.000,BDS,36,60.0,23.0,28.0,是
0703002-0918-15-42-gnss_raw.txt,2436,459625.000,BDS,39,54.0,271.0,26.0,是
0703002-0918-15-42-gnss_raw.txt,2436,459626.000,GPS,10,12.0,181.0,26.0,是
0703002-0918-15-42-gnss_raw.txt,2436,459626.000,GPS,26,56.0,236.0,28.0,是
0703002-0918-15-42-gnss_raw.txt,2436,459626.000,GPS,28,58.0,13.0,27.0,是
0703002-0918-15-42-gnss_raw.txt,2436,459626.000,GPS,31,52.0,317.0,30.0,是
0703002-0918-15-42-gnss_raw.txt,2436,459626.000,GPS,32,64.0,121.0,33.0,是
0703002-0918-15-42-gnss_raw.txt,2436,459626.000,GLONASS,71,80.0,151.0,31.0,是
0703002-0918-15-42-gnss_raw.txt,2436,459626.000,GLONASS,72,41.0,331.0,25.0,是
0703002-0918-15-42-gnss_raw.txt,2436,459626.000,GLONASS,73,46.0,19.0,28.0,是
0703002-0918-15-42-gnss_raw.txt,2436,459626.000,GLONASS,74,61.0,284.0,29.0,是
0703002-0918-15-42-gnss_raw.txt,2436,459626.000,GLONASS,90,0.0,0.0,34.0,是
0703002-0918-15-42-gnss_raw.txt,2436,459626.000,Galileo,19,52.0,328.0,28.0,是
0703002-0918-15-42-gnss_raw.txt,2436,459626.000,Galileo,21,74.0,185.0,33.0,是
0703002-0918-15-42-gnss_raw.txt,2436,459626.000,Galileo,27,0.0,0.0,27.0,是
0703002-0918-15-42-gnss_raw.txt,2436,459626.000,QZSS,2,57.0,125.0,30.0,是
0703002-0918-15-42-gnss_raw.txt,2436,459626.000,QZSS,7,53.0,169.0,23.0,是
0703002-0918-15-42-gnss_raw.txt,2436,459626.000,BDS,3,53.0,201.0,28.0,是
0703002-0918-15-42-gnss_raw.txt,2436,459626.000,BDS,7,63.0,339.0,28.0,是
0703002-0918-15-42-gnss_raw.txt,2436,459626.000,BDS,9,54.0,224.0,25.0,是
0703002-0918-15-42-gnss_raw.txt,2436,459626.000,BDS,10,62.0,317.0,26.0,是
0703002-0918-15-42-gnss_raw.txt,2436,459626.000,BDS,19,31.0,159.0,21.0,是
0703002-0918-15-42-gnss_raw.txt,2436,459626.000,BDS,21,34.0,316.0,22.0,是
0703002-0918-15-42-gnss_raw.txt,2436,459626.000,BDS,22,75.0,235.0,30.0,是
0703002-0918-15-42-gnss_raw.txt,2436,459626.000,BDS,36,60.0,23.0,27.0,是
0703002-0918-15-42-gnss_raw.txt,2436,459626.000,BDS,39,54.0,271.0,27.0,是
0703002-0918-15-42-gnss_raw.txt,2436,459627.000,GPS,10,12.0,181.0,26.0,是
0703002-0918-15-42-gnss_raw.txt,2436,459627.000,GPS,26,56.0,236.0,29.0,是
0703002-0918-15-42-gnss_raw.txt,2436,459627.000,GPS,28,58.0,13.0,27.0,是
0703002-0918-15-42-gnss_raw.txt,2436,459627.000,GPS,31,52.0,317.0,30.0,是
0703002-0918-15-42-gnss_raw.txt,2436,459627.000,GPS,32,64.0,121.0,33.0,是
0703002-0918-15-42-gnss_raw.txt,2436,459627.000,GLONASS,71,80.0,151.0,30.0,是
0703002-0918-15-42-gnss_raw.txt,2436,459627.000,GLONASS,72,41.0,331.0,25.0,是
0703002-0918-15-42-gnss_raw.txt,2436,459627.000,GLONASS,73,46.0,19.0,27.0,是
0703002-0918-15-42-gnss_raw.txt,2436,459627.000,GLONASS,74,0.0,0.0,28.0,是
0703002-0918-15-42-gnss_raw.txt,2436,459627.000,GLONASS,90,0.0,0.0,33.0,是
0703002-0918-15-42-gnss_raw.txt,2436,459627.000,Galileo,19,52.0,328.0,29.0,是
0703002-0918-15-42-gnss_raw.txt,2436,459627.000,Galileo,21,74.0,185.0,32.0,是
0703002-0918-15-42-gnss_raw.txt,2436,459627.000,Galileo,27,0.0,0.0,29.0,是
0703002-0918-15-42-gnss_raw.txt,2436,459627.000,QZSS,2,57.0,125.0,29.0,是
0703002-0918-15-42-gnss_raw.txt,2436,459627.000,QZSS,7,53.0,169.0,24.0,是
0703002-0918-15-42-gnss_raw.txt,2436,459627.000,BDS,3,53.0,201.0,27.0,是
0703002-0918-15-42-gnss_raw.txt,2436,459627.000,BDS,7,63.0,339.0,28.0,是
0703002-0918-15-42-gnss_raw.txt,2436,459627.000,BDS,9,54.0,224.0,24.0,是
0703002-0918-15-42-gnss_raw.txt,2436,459627.000,BDS,10,62.0,317.0,26.0,是
0703002-0918-15-42-gnss_raw.txt,2436,459627.000,BDS,19,31.0,159.0,21.0,是
0703002-0918-15-42-gnss_raw.txt,2436,459627.000,BDS,21,34.0,316.0,24.0,是
0703002-0918-15-42-gnss_raw.txt,2436,459627.000,BDS,22,75.0,235.0,30.0,是
0703002-0918-15-42-gnss_raw.txt,2436,459627.000,BDS,36,60.0,23.0,27.0,是
0703002-0918-15-42-gnss_raw.txt,2436,459627.000,BDS,39,54.0,271.0,26.0,是
0703002-0918-15-42-gnss_raw.txt,2436,459628.000,GPS,10,12.0,181.0,26.0,是
0703002-0918-15-42-gnss_raw.txt,2436,459628.000,GPS,26,56.0,236.0,30.0,是
0703002-0918-15-42-gnss_raw.txt,2436,459628.000,GPS,28,58.0,13.0,28.0,是
0703002-0918-15-42-gnss_raw.txt,2436,459628.000,GPS,31,52.0,317.0,31.0,是
0703002-0918-15-42-gnss_raw.txt,2436,459628.000,GPS,32,64.0,121.0,32.0,是
0703002-0918-15-42-gnss_raw.txt,2436,459628.000,GLONASS,71,80.0,151.0,29.0,是
0703002-0918-15-42-gnss_raw.txt,2436,459628.000,GLONASS,72,41.0,331.0,26.0,是
0703002-0918-15-42-gnss_raw.txt,2436,459628.000,GLONASS,73,46.0,19.0,30.0,是
0703002-0918-15-42-gnss_raw.txt,2436,459628.000,GLONASS,74,0.0,0.0,23.0,是
0703002-0918-15-42-gnss_raw.txt,2436,459628.000,GLONASS,90,0.0,0.0,33.0,是
0703002-0918-15-42-gnss_raw.txt,2436,459628.000,Galileo,19,52.0,328.0,28.0,是
0703002-0918-15-42-gnss_raw.txt,2436,459628.000,Galileo,21,74.0,185.0,32.0,是
0703002-0918-15-42-gnss_raw.txt,2436,459628.000,Galileo,27,0.0,0.0,29.0,是
0703002-0918-15-42-gnss_raw.txt,2436,459628.000,QZSS,2,57.0,125.0,29.0,是
0703002-0918-15-42-gnss_raw.txt,2436,459628.000,QZSS,7,53.0,169.0,24.0,是
0703002-0918-15-42-gnss_raw.txt,2436,459628.000,BDS,3,53.0,201.0,27.0,是
0703002-0918-15-42-gnss_raw.txt,2436,459628.000,BDS,7,63.0,339.0,28.0,是
0703002-0918-15-42-gnss_raw.txt,2436,459628.000,BDS,9,54.0,224.0,25.0,是
0703002-0918-15-42-gnss_raw.txt,2436,459628.000,BDS,10,62.0,317.0,27.0,是
0703002-0918-15-42-gnss_raw.txt,2436,459628.000,BDS,19,31.0,159.0,20.0,是
0703002-0918-15-42-gnss_raw.txt,2436,459628.000,BDS,21,34.0,316.0,25.0,是
0703002-0918-15-42-gnss_raw.txt,2436,459628.000,BDS,22,75.0,235.0,31.0,是
0703002-0918-15-42-gnss_raw.txt,2436,459628.000,BDS,36,60.0,23.0,26.0,是
0703002-0918-15-42-gnss_raw.txt,2436,459628.000,BDS,39,54.0,271.0,24.0,是
0703002-0918-15-42-gnss_raw.txt,2436,459629.000,GPS,10,0.0,0.0,27.0,是
0703002-0918-15-42-gnss_raw.txt,2436,459629.000,GPS,26,56.0,236.0,29.0,是
0703002-0918-15-42-gnss_raw.txt,2436,459629.000,GPS,28,58.0,13.0,29.0,是
0703002-0918-15-42-gnss_raw.txt,2436,459629.000,GPS,31,52.0,317.0,31.0,是
0703002-0918-15-42-gnss_raw.txt,2436,459629.000,GPS,32,64.0,121.0,29.0,是
0703002-0918-15-42-gnss_raw.txt,2436,459629.000,GLONASS,71,80.0,151.0,28.0,是
0703002-0918-15-42-gnss_raw.txt,2436,459629.000,GLONASS,72,41.0,331.0,26.0,是
0703002-0918-15-42-gnss_raw.txt,2436,459629.000,GLONASS,73,46.0,19.0,32.0,是
0703002-0918-15-42-gnss_raw.txt,2436,459629.000,GLONASS,74,61.0,284.0,28.0,是
0703002-0918-15-42-gnss_raw.txt,2436,459629.000,GLONASS,90,0.0,0.0,34.0,是
0703002-0918-15-42-gnss_raw.txt,2436,459629.000,Galileo,19,52.0,328.0,29.0,是
0703002-0918-15-42-gnss_raw.txt,2436,459629.000,Galileo,21,74.0,185.0,32.0,是
0703002-0918-15-42-gnss_raw.txt,2436,459629.000,Galileo,27,0.0,0.0,30.0,是
0703002-0918-15-42-gnss_raw.txt,2436,459629.000,QZSS,2,57.0,125.0,27.0,是
0703002-0918-15-42-gnss_raw.txt,2436,459629.000,QZSS,7,53.0,169.0,23.0,是
0703002-0918-15-42-gnss_raw.txt,2436,459629.000,BDS,3,53.0,201.0,26.0,是
0703002-0918-15-42-gnss_raw.txt,2436,459629.000,BDS,7,63.0,339.0,29.0,是
0703002-0918-15-42-gnss_raw.txt,2436,459629.000,BDS,9,54.0,224.0,25.0,是
0703002-0918-15-42-gnss_raw.txt,2436,459629.000,BDS,10,62.0,317.0,27.0,是
0703002-0918-15-42-gnss_raw.txt,2436,459629.000,BDS,19,31.0,159.0,23.0,是
0703002-0918-15-42-gnss_raw.txt,2436,459629.000,BDS,21,34.0,316.0,26.0,是
0703002-0918-15-42-gnss_raw.txt,2436,459629.000,BDS,22,75.0,235.0,29.0,是
0703002-0918-15-42-gnss_raw.txt,2436,459629.000,BDS,36,60.0,23.0,28.0,是
0703002-0918-15-42-gnss_raw.txt,2436,459629.000,BDS,39,54.0,271.0,25.0,是
0703002-0918-15-42-gnss_raw.txt,2436,459630.000,GPS,10,12.0,181.0,25.0,是
0703002-0918-15-42-gnss_raw.txt,2436,459630.000,GPS,26,56.0,236.0,28.0,是
0703002-0918-15-42-gnss_raw.txt,2436,459630.000,GPS,28,58.0,13.0,30.0,是
0703002-0918-15-42-gnss_raw.txt,2436,459630.000,GPS,31,52.0,317.0,32.0,是
0703002-0918-15-42-gnss_raw.txt,2436,459630.000,GPS,32,64.0,121.0,30.0,是
0703002-0918-15-42-gnss_raw.txt,2436,459630.000,GLONASS,71,80.0,151.0,29.0,是
0703002-0918-15-42-gnss_raw.txt,2436,459630.000,GLONASS,72,41.0,331.0,24.0,是
0703002-0918-15-42-gnss_raw.txt,2436,459630.000,GLONASS,73,46.0,19.0,33.0,是
0703002-0918-15-42-gnss_raw.txt,2436,459630.000,GLONASS,74,61.0,284.0,28.0,是
0703002-0918-15-42-gnss_raw.txt,2436,459630.000,GLONASS,90,0.0,0.0,33.0,是
0703002-0918-15-42-gnss_raw.txt,2436,459630.000,Galileo,19,52.0,328.0,28.0,是
0703002-0918-15-42-gnss_raw.txt,2436,459630.000,Galileo,21,74.0,185.0,30.0,是
0703002-0918-15-42-gnss_raw.txt,2436,459630.000,Galileo,27,0.0,0.0,29.0,是
0703002-0918-15-42-gnss_raw.txt,2436,459630.000,QZSS,2,57.0,125.0,24.0,是
0703002-0918-15-42-gnss_raw.txt,2436,459630.000,QZSS,7,53.0,169.0,22.0,是
0703002-0918-15-42-gnss_raw.txt,2436,459630.000,BDS,3,53.0,201.0,27.0,是
0703002-0918-15-42-gnss_raw.txt,2436,459630.000,BDS,7,63.0,339.0,29.0,是
0703002-0918-15-42-gnss_raw.txt,2436,459630.000,BDS,9,54.0,224.0,25.0,是
0703002-0918-15-42-gnss_raw.txt,2436,459630.000,BDS,10,62.0,317.0,28.0,是
0703002-0918-15-42-gnss_raw.txt,2436,459630.000,BDS,19,31.0,159.0,25.0,是
0703002-0918-15-42-gnss_raw.txt,2436,459630.000,BDS,21,34.0,316.0,26.0,是
0703002-0918-15-42-gnss_raw.txt,2436,459630.000,BDS,22,75.0,235.0,29.0,是
0703002-0918-15-42-gnss_raw.txt,2436,459630.000,BDS,36,60.0,23.0,30.0,是
0703002-0918-15-42-gnss_raw.txt,2436,459630.000,BDS,39,54.0,271.0,28.0,是
0703002-0918-15-42-gnss_raw.txt,2436,459631.000,GPS,10,12.0,181.0,27.0,是
0703002-0918-15-42-gnss_raw.txt,2436,459631.000,GPS,26,56.0,236.0,28.0,是
0703002-0918-15-42-gnss_raw.txt,2436,459631.000,GPS,28,58.0,13.0,31.0,是
0703002-0918-15-42-gnss_raw.txt,2436,459631.000,GPS,31,52.0,317.0,31.0,是
0703002-0918-15-42-gnss_raw.txt,2436,459631.000,GPS,32,64.0,121.0,31.0,是
0703002-0918-15-42-gnss_raw.txt,2436,459631.000,GLONASS,71,80.0,151.0,30.0,是
0703002-0918-15-42-gnss_raw.txt,2436,459631.000,GLONASS,72,41.0,331.0,26.0,是
0703002-0918-15-42-gnss_raw.txt,2436,459631.000,GLONASS,73,46.0,19.0,33.0,是
0703002-0918-15-42-gnss_raw.txt,2436,459631.000,GLONASS,74,61.0,284.0,30.0,是
0703002-0918-15-42-gnss_raw.txt,2436,459631.000,GLONASS,90,0.0,0.0,33.0,是
0703002-0918-15-42-gnss_raw.txt,2436,459631.000,Galileo,19,52.0,328.0,27.0,是
0703002-0918-15-42-gnss_raw.txt,2436,459631.000,Galileo,21,74.0,185.0,31.0,是
0703002-0918-15-42-gnss_raw.txt,2436,459631.000,Galileo,27,0.0,0.0,28.0,是
0703002-0918-15-42-gnss_raw.txt,2436,459631.000,QZSS,2,57.0,125.0,23.0,是
0703002-0918-15-42-gnss_raw.txt,2436,459631.000,QZSS,7,53.0,169.0,22.0,是
0703002-0918-15-42-gnss_raw.txt,2436,459631.000,BDS,3,53.0,201.0,27.0,是
0703002-0918-15-42-gnss_raw.txt,2436,459631.000,BDS,7,63.0,339.0,28.0,是
0703002-0918-15-42-gnss_raw.txt,2436,459631.000,BDS,9,54.0,224.0,23.0,是
0703002-0918-15-42-gnss_raw.txt,2436,459631.000,BDS,10,62.0,317.0,27.0,是
0703002-0918-15-42-gnss_raw.txt,2436,459631.000,BDS,19,31.0,159.0,23.0,是
0703002-0918-15-42-gnss_raw.txt,2436,459631.000,BDS,21,34.0,316.0,27.0,是
0703002-0918-15-42-gnss_raw.txt,2436,459631.000,BDS,22,75.0,235.0,28.0,是
0703002-0918-15-42-gnss_raw.txt,2436,459631.000,BDS,36,60.0,23.0,31.0,是
0703002-0918-15-42-gnss_raw.txt,2436,459631.000,BDS,39,54.0,271.0,29.0,是
0703002-0918-15-42-gnss_raw.txt,2436,459632.000,GPS,10,12.0,181.0,28.0,是
0703002-0918-15-42-gnss_raw.txt,2436,459632.000,GPS,26,56.0,236.0,27.0,是
0703002-0918-15-42-gnss_raw.txt,2436,459632.000,GPS,28,58.0,13.0,31.0,是
0703002-0918-15-42-gnss_raw.txt,2436,459632.000,GPS,31,52.0,317.0,30.0,是
0703002-0918-15-42-gnss_raw.txt,2436,459632.000,GPS,32,64.0,121.0,31.0,是
0703002-0918-15-42-gnss_raw.txt,2436,459632.000,GLONASS,71,80.0,151.0,31.0,是
0703002-0918-15-42-gnss_raw.txt,2436,459632.000,GLONASS,72,41.0,331.0,26.0,是
0703002-0918-15-42-gnss_raw.txt,2436,459632.000,GLONASS,73,46.0,19.0,32.0,是
0703002-0918-15-42-gnss_raw.txt,2436,459632.000,GLONASS,74,61.0,284.0,29.0,是
0703002-0918-15-42-gnss_raw.txt,2436,459632.000,GLONASS,90,0.0,0.0,32.0,是
0703002-0918-15-42-gnss_raw.txt,2436,459632.000,Galileo,19,52.0,328.0,28.0,是
0703002-0918-15-42-gnss_raw.txt,2436,459632.000,Galileo,21,74.0,185.0,31.0,是
0703002-0918-15-42-gnss_raw.txt,2436,459632.000,Galileo,27,0.0,0.0,29.0,是
0703002-0918-15-42-gnss_raw.txt,2436,459632.000,QZSS,2,57.0,125.0,23.0,是
0703002-0918-15-42-gnss_raw.txt,2436,459632.000,QZSS,7,53.0,169.0,23.0,是
0703002-0918-15-42-gnss_raw.txt,2436,459632.000,BDS,3,53.0,201.0,29.0,是
0703002-0918-15-42-gnss_raw.txt,2436,459632.000,BDS,7,63.0,339.0,28.0,是
0703002-0918-15-42-gnss_raw.txt,2436,459632.000,BDS,9,54.0,224.0,23.0,是
0703002-0918-15-42-gnss_raw.txt,2436,459632.000,BDS,10,62.0,317.0,27.0,是
0703002-0918-15-42-gnss_raw.txt,2436,459632.000,BDS,19,31.0,159.0,22.0,是
0703002-0918-15-42-gnss_raw.txt,2436,459632.000,BDS,21,34.0,316.0,27.0,是
0703002-0918-15-42-gnss_raw.txt,2436,459632.000,BDS,22,75.0,235.0,28.0,是
0703002-0918-15-42-gnss_raw.txt,2436,459632.000,BDS,36,60.0,23.0,30.0,是
0703002-0918-15-42-gnss_raw.txt,2436,459632.000,BDS,39,54.0,271.0,29.0,是
0703002-0918-15-42-gnss_raw.txt,2436,459633.000,GPS,10,12.0,181.0,32.0,是
0703002-0918-15-42-gnss_raw.txt,2436,459633.000,GPS,26,56.0,236.0,27.0,是
0703002-0918-15-42-gnss_raw.txt,2436,459633.000,GPS,28,58.0,13.0,31.0,是
0703002-0918-15-42-gnss_raw.txt,2436,459633.000,GPS,31,52.0,317.0,31.0,是
0703002-0918-15-42-gnss_raw.txt,2436,459633.000,GPS,32,64.0,121.0,31.0,是
0703002-0918-15-42-gnss_raw.txt,2436,459633.000,GLONASS,71,80.0,151.0,32.0,是
0703002-0918-15-42-gnss_raw.txt,2436,459633.000,GLONASS,72,41.0,331.0,25.0,是
0703002-0918-15-42-gnss_raw.txt,2436,459633.000,GLONASS,73,45.0,19.0,32.0,是
0703002-0918-15-42-gnss_raw.txt,2436,459633.000,GLONASS,74,61.0,284.0,29.0,是
0703002-0918-15-42-gnss_raw.txt,2436,459633.000,GLONASS,90,0.0,0.0,32.0,是
0703002-0918-15-42-gnss_raw.txt,2436,459633.000,Galileo,19,52.0,328.0,27.0,是
0703002-0918-15-42-gnss_raw.txt,2436,459633.000,Galileo,21,74.0,185.0,30.0,是
0703002-0918-15-42-gnss_raw.txt,2436,459633.000,Galileo,27,0.0,0.0,28.0,是
0703002-0918-15-42-gnss_raw.txt,2436,459633.000,QZSS,2,57.0,125.0,24.0,是
0703002-0918-15-42-gnss_raw.txt,2436,459633.000,QZSS,7,53.0,169.0,23.0,是
0703002-0918-15-42-gnss_raw.txt,2436,459633.000,BDS,3,53.0,201.0,28.0,是
0703002-0918-15-42-gnss_raw.txt,2436,459633.000,BDS,7,63.0,339.0,28.0,是
0703002-0918-15-42-gnss_raw.txt,2436,459633.000,BDS,9,54.0,224.0,22.0,是
0703002-0918-15-42-gnss_raw.txt,2436,459633.000,BDS,10,62.0,317.0,28.0,是
0703002-0918-15-42-gnss_raw.txt,2436,459633.000,BDS,19,31.0,159.0,22.0,是
0703002-0918-15-42-gnss_raw.txt,2436,459633.000,BDS,21,34.0,316.0,28.0,是
0703002-0918-15-42-gnss_raw.txt,2436,459633.000,BDS,22,75.0,235.0,29.0,是
0703002-0918-15-42-gnss_raw.txt,2436,459633.000,BDS,36,60.0,23.0,29.0,是
0703002-0918-15-42-gnss_raw.txt,2436,459633.000,BDS,39,54.0,271.0,28.0,是
0703002-0918-15-42-gnss_raw.txt,2436,459634.000,GPS,10,0.0,0.0,26.0,是
0703002-0918-15-42-gnss_raw.txt,2436,459634.000,GPS,26,56.0,236.0,27.0,是
0703002-0918-15-42-gnss_raw.txt,2436,459634.000,GPS,28,58.0,13.0,30.0,是
0703002-0918-15-42-gnss_raw.txt,2436,459634.000,GPS,31,52.0,317.0,31.0,是
0703002-0918-15-42-gnss_raw.txt,2436,459634.000,GPS,32,64.0,121.0,29.0,是
0703002-0918-15-42-gnss_raw.txt,2436,459634.000,GLONASS,71,80.0,151.0,29.0,是
0703002-0918-15-42-gnss_raw.txt,2436,459634.000,GLONASS,72,42.0,331.0,26.0,是
0703002-0918-15-42-gnss_raw.txt,2436,459634.000,GLONASS,73,45.0,19.0,34.0,是
0703002-0918-15-42-gnss_raw.txt,2436,459634.000,GLONASS,74,61.0,284.0,27.0,是
0703002-0918-15-42-gnss_raw.txt,2436,459634.000,GLONASS,90,0.0,0.0,33.0,是
0703002-0918-15-42-gnss_raw.txt,2436,459634.000,Galileo,19,52.0,328.0,26.0,是
0703002-0918-15-42-gnss_raw.txt,2436,459634.000,Galileo,21,74.0,185.0,27.0,是
0703002-0918-15-42-gnss_raw.txt,2436,459634.000,Galileo,27,0.0,0.0,29.0,是
0703002-0918-15-42-gnss_raw.txt,2436,459634.000,QZSS,2,57.0,125.0,26.0,是
0703002-0918-15-42-gnss_raw.txt,2436,459634.000,QZSS,7,53.0,169.0,22.0,是
0703002-0918-15-42-gnss_raw.txt,2436,459634.000,BDS,3,53.0,201.0,29.0,是
0703002-0918-15-42-gnss_raw.txt,2436,459634.000,BDS,7,63.0,339.0,28.0,是
0703002-0918-15-42-gnss_raw.txt,2436,459634.000,BDS,9,54.0,224.0,24.0,是
0703002-0918-15-42-gnss_raw.txt,2436,459634.000,BDS,10,62.0,317.0,27.0,是
0703002-0918-15-42-gnss_raw.txt,2436,459634.000,BDS,19,31.0,159.0,18.0,是
0703002-0918-15-42-gnss_raw.txt,2436,459634.000,BDS,21,34.0,316.0,27.0,是
0703002-0918-15-42-gnss_raw.txt,2436,459634.000,BDS,22,75.0,235.0,30.0,是
0703002-0918-15-42-gnss_raw.txt,2436,459634.000,BDS,36,60.0,23.0,30.0,是
0703002-0918-15-42-gnss_raw.txt,2436,459634.000,BDS,39,54.0,271.0,28.0,是
0703002-0918-15-42-gnss_raw.txt,2436,459635.000,GPS,10,12.0,181.0,23.0,是
0703002-0918-15-42-gnss_raw.txt,2436,459635.000,GPS,26,56.0,236.0,28.0,是
0703002-0918-15-42-gnss_raw.txt,2436,459635.000,GPS,28,58.0,13.0,29.0,是
0703002-0918-15-42-gnss_raw.txt,2436,459635.000,GPS,31,52.0,317.0,30.0,是
0703002-0918-15-42-gnss_raw.txt,2436,459635.000,GPS,32,64.0,121.0,30.0,是
0703002-0918-15-42-gnss_raw.txt,2436,459635.000,GLONASS,71,80.0,151.0,28.0,是
0703002-0918-15-42-gnss_raw.txt,2436,459635.000,GLONASS,72,42.0,331.0,26.0,是
0703002-0918-15-42-gnss_raw.txt,2436,459635.000,GLONASS,73,45.0,19.0,33.0,是
0703002-0918-15-42-gnss_raw.txt,2436,459635.000,GLONASS,74,61.0,284.0,27.0,是
0703002-0918-15-42-gnss_raw.txt,2436,459635.000,GLONASS,90,0.0,0.0,33.0,是
0703002-0918-15-42-gnss_raw.txt,2436,459635.000,Galileo,19,52.0,328.0,27.0,是
0703002-0918-15-42-gnss_raw.txt,2436,459635.000,Galileo,21,74.0,185.0,28.0,是
0703002-0918-15-42-gnss_raw.txt,2436,459635.000,Galileo,27,0.0,0.0,30.0,是
0703002-0918-15-42-gnss_raw.txt,2436,459635.000,QZSS,2,57.0,125.0,27.0,是
0703002-0918-15-42-gnss_raw.txt,2436,459635.000,QZSS,7,53.0,169.0,21.0,是
0703002-0918-15-42-gnss_raw.txt,2436,459635.000,BDS,3,53.0,201.0,29.0,是
0703002-0918-15-42-gnss_raw.txt,2436,459635.000,BDS,7,63.0,339.0,28.0,是
0703002-0918-15-42-gnss_raw.txt,2436,459635.000,BDS,9,54.0,224.0,24.0,是
0703002-0918-15-42-gnss_raw.txt,2436,459635.000,BDS,10,62.0,317.0,26.0,是
0703002-0918-15-42-gnss_raw.txt,2436,459635.000,BDS,19,31.0,159.0,30.0,是
0703002-0918-15-42-gnss_raw.txt,2436,459635.000,BDS,21,34.0,316.0,26.0,是
0703002-0918-15-42-gnss_raw.txt,2436,459635.000,BDS,22,75.0,235.0,30.0,是
0703002-0918-15-42-gnss_raw.txt,2436,459635.000,BDS,36,60.0,23.0,30.0,是
0703002-0918-15-42-gnss_raw.txt,2436,459635.000,BDS,39,54.0,271.0,27.0,是
0703002-0918-15-42-gnss_raw.txt,2436,459636.000,GPS,10,12.0,181.0,26.0,是
0703002-0918-15-42-gnss_raw.txt,2436,459636.000,GPS,26,56.0,236.0,28.0,是
0703002-0918-15-42-gnss_raw.txt,2436,459636.000,GPS,28,58.0,13.0,30.0,是
0703002-0918-15-42-gnss_raw.txt,2436,459636.000,GPS,31,52.0,317.0,30.0,是
0703002-0918-15-42-gnss_raw.txt,2436,459636.000,GPS,32,64.0,121.0,30.0,是
0703002-0918-15-42-gnss_raw.txt,2436,459636.000,GLONASS,71,80.0,151.0,30.0,是
0703002-0918-15-42-gnss_raw.txt,2436,459636.000,GLONASS,72,42.0,331.0,24.0,是
0703002-0918-15-42-gnss_raw.txt,2436,459636.000,GLONASS,73,45.0,19.0,32.0,是
0703002-0918-15-42-gnss_raw.txt,2436,459636.000,GLONASS,74,61.0,284.0,27.0,是
0703002-0918-15-42-gnss_raw.txt,2436,459636.000,GLONASS,90,0.0,0.0,33.0,是
0703002-0918-15-42-gnss_raw.txt,2436,459636.000,Galileo,19,52.0,328.0,28.0,是
0703002-0918-15-42-gnss_raw.txt,2436,459636.000,Galileo,21,74.0,185.0,30.0,是
0703002-0918-15-42-gnss_raw.txt,2436,459636.000,Galileo,27,0.0,0.0,28.0,是
0703002-0918-15-42-gnss_raw.txt,2436,459636.000,QZSS,2,57.0,125.0,26.0,是
0703002-0918-15-42-gnss_raw.txt,2436,459636.000,QZSS,7,53.0,169.0,23.0,是
0703002-0918-15-42-gnss_raw.txt,2436,459636.000,BDS,3,53.0,201.0,27.0,是
0703002-0918-15-42-gnss_raw.txt,2436,459636.000,BDS,7,63.0,339.0,28.0,是
0703002-0918-15-42-gnss_raw.txt,2436,459636.000,BDS,9,54.0,224.0,25.0,是
0703002-0918-15-42-gnss_raw.txt,2436,459636.000,BDS,10,62.0,317.0,27.0,是
0703002-0918-15-42-gnss_raw.txt,2436,459636.000,BDS,19,31.0,159.0,35.0,是
0703002-0918-15-42-gnss_raw.txt,2436,459636.000,BDS,21,34.0,316.0,28.0,是
0703002-0918-15-42-gnss_raw.txt,2436,459636.000,BDS,22,75.0,235.0,29.0,是
0703002-0918-15-42-gnss_raw.txt,2436,459636.000,BDS,36,60.0,23.0,30.0,是
0703002-0918-15-42-gnss_raw.txt,2436,459636.000,BDS,39,54.0,271.0,28.0,是
0703002-0918-15-42-gnss_raw.txt,2436,459637.000,GPS,10,12.0,181.0,25.0,是
0703002-0918-15-42-gnss_raw.txt,2436,459637.000,GPS,26,56.0,236.0,28.0,是
0703002-0918-15-42-gnss_raw.txt,2436,459637.000,GPS,28,58.0,13.0,30.0,是
0703002-0918-15-42-gnss_raw.txt,2436,459637.000,GPS,31,52.0,317.0,31.0,是
0703002-0918-15-42-gnss_raw.txt,2436,459637.000,GPS,32,64.0,121.0,31.0,是
0703002-0918-15-42-gnss_raw.txt,2436,459637.000,GLONASS,71,80.0,151.0,30.0,是
0703002-0918-15-42-gnss_raw.txt,2436,459637.000,GLONASS,72,42.0,331.0,24.0,是
0703002-0918-15-42-gnss_raw.txt,2436,459637.000,GLONASS,73,45.0,19.0,33.0,是
0703002-0918-15-42-gnss_raw.txt,2436,459637.000,GLONASS,74,61.0,284.0,30.0,是
0703002-0918-15-42-gnss_raw.txt,2436,459637.000,GLONASS,90,0.0,0.0,33.0,是
0703002-0918-15-42-gnss_raw.txt,2436,459637.000,Galileo,19,52.0,328.0,29.0,是
0703002-0918-15-42-gnss_raw.txt,2436,459637.000,Galileo,21,74.0,185.0,31.0,是
0703002-0918-15-42-gnss_raw.txt,2436,459637.000,Galileo,27,0.0,0.0,26.0,是
0703002-0918-15-42-gnss_raw.txt,2436,459637.000,QZSS,2,57.0,125.0,26.0,是
0703002-0918-15-42-gnss_raw.txt,2436,459637.000,QZSS,7,53.0,169.0,24.0,是
0703002-0918-15-42-gnss_raw.txt,2436,459637.000,BDS,3,53.0,201.0,28.0,是
0703002-0918-15-42-gnss_raw.txt,2436,459637.000,BDS,7,63.0,339.0,28.0,是
0703002-0918-15-42-gnss_raw.txt,2436,459637.000,BDS,9,54.0,224.0,26.0,是
0703002-0918-15-42-gnss_raw.txt,2436,459637.000,BDS,10,62.0,317.0,27.0,是
0703002-0918-15-42-gnss_raw.txt,2436,459637.000,BDS,19,31.0,159.0,37.0,是
0703002-0918-15-42-gnss_raw.txt,2436,459637.000,BDS,21,34.0,316.0,29.0,是
0703002-0918-15-42-gnss_raw.txt,2436,459637.000,BDS,22,75.0,235.0,29.0,是
0703002-0918-15-42-gnss_raw.txt,2436,459637.000,BDS,36,60.0,23.0,30.0,是
0703002-0918-15-42-gnss_raw.txt,2436,459637.000,BDS,39,54.0,271.0,29.0,是
0703002-0918-15-42-gnss_raw.txt,2436,459638.000,GPS,10,0.0,0.0,28.0,是
0703002-0918-15-42-gnss_raw.txt,2436,459638.000,GPS,26,56.0,236.0,28.0,是
0703002-0918-15-42-gnss_raw.txt,2436,459638.000,GPS,28,58.0,13.0,30.0,是
0703002-0918-15-42-gnss_raw.txt,2436,459638.000,GPS,31,52.0,317.0,32.0,是
0703002-0918-15-42-gnss_raw.txt,2436,459638.000,GPS,32,64.0,121.0,31.0,是
0703002-0918-15-42-gnss_raw.txt,2436,459638.000,GLONASS,71,80.0,151.0,30.0,是
0703002-0918-15-42-gnss_raw.txt,2436,459638.000,GLONASS,72,42.0,331.0,23.0,是
0703002-0918-15-42-gnss_raw.txt,2436,459638.000,GLONASS,73,45.0,19.0,32.0,是
0703002-0918-15-42-gnss_raw.txt,2436,459638.000,GLONASS,74,61.0,284.0,31.0,是
0703002-0918-15-42-gnss_raw.txt,2436,459638.000,GLONASS,90,0.0,0.0,33.0,是
0703002-0918-15-42-gnss_raw.txt,2436,459638.000,Galileo,19,52.0,328.0,28.0,是
0703002-0918-15-42-gnss_raw.txt,2436,459638.000,Galileo,21,74.0,185.0,27.0,是
0703002-0918-15-42-gnss_raw.txt,2436,459638.000,Galileo,27,0.0,0.0,28.0,是
0703002-0918-15-42-gnss_raw.txt,2436,459638.000,QZSS,2,57.0,125.0,25.0,是
0703002-0918-15-42-gnss_raw.txt,2436,459638.000,QZSS,7,53.0,169.0,24.0,是
0703002-0918-15-42-gnss_raw.txt,2436,459638.000,BDS,3,53.0,201.0,27.0,是
0703002-0918-15-42-gnss_raw.txt,2436,459638.000,BDS,7,63.0,339.0,29.0,是
0703002-0918-15-42-gnss_raw.txt,2436,459638.000,BDS,9,54.0,224.0,27.0,是
0703002-0918-15-42-gnss_raw.txt,2436,459638.000,BDS,10,62.0,317.0,27.0,是
0703002-0918-15-42-gnss_raw.txt,2436,459638.000,BDS,19,31.0,159.0,23.0,是
0703002-0918-15-42-gnss_raw.txt,2436,459638.000,BDS,21,34.0,316.0,27.0,是
0703002-0918-15-42-gnss_raw.txt,2436,459638.000,BDS,22,75.0,235.0,30.0,是
0703002-0918-15-42-gnss_raw.txt,2436,459638.000,BDS,36,60.0,23.0,30.0,是
0703002-0918-15-42-gnss_raw.txt,2436,459638.000,BDS,39,54.0,271.0,30.0,是
0703002-0918-15-42-gnss_raw.txt,2436,459639.000,GPS,10,12.0,181.0,28.0,是
0703002-0918-15-42-gnss_raw.txt,2436,459639.000,GPS,26,56.0,236.0,27.0,是
0703002-0918-15-42-gnss_raw.txt,2436,459639.000,GPS,28,58.0,13.0,31.0,是
0703002-0918-15-42-gnss_raw.txt,2436,459639.000,GPS,31,52.0,317.0,32.0,是
0703002-0918-15-42-gnss_raw.txt,2436,459639.000,GPS,32,64.0,121.0,32.0,是
0703002-0918-15-42-gnss_raw.txt,2436,459639.000,GLONASS,71,80.0,151.0,29.0,是
0703002-0918-15-42-gnss_raw.txt,2436,459639.000,GLONASS,72,42.0,331.0,26.0,是
0703002-0918-15-42-gnss_raw.txt,2436,459639.000,GLONASS,73,45.0,19.0,31.0,是
0703002-0918-15-42-gnss_raw.txt,2436,459639.000,GLONASS,74,61.0,284.0,31.0,是
0703002-0918-15-42-gnss_raw.txt,2436,459639.000,GLONASS,90,0.0,0.0,32.0,是
0703002-0918-15-42-gnss_raw.txt,2436,459639.000,Galileo,19,52.0,328.0,28.0,是
0703002-0918-15-42-gnss_raw.txt,2436,459639.000,Galileo,21,74.0,185.0,31.0,是
0703002-0918-15-42-gnss_raw.txt,2436,459639.000,Galileo,27,0.0,0.0,28.0,是
0703002-0918-15-42-gnss_raw.txt,2436,459639.000,QZSS,2,57.0,125.0,23.0,是
0703002-0918-15-42-gnss_raw.txt,2436,459639.000,QZSS,7,53.0,169.0,24.0,是
0703002-0918-15-42-gnss_raw.txt,2436,459639.000,BDS,3,53.0,201.0,28.0,是
0703002-0918-15-42-gnss_raw.txt,2436,459639.000,BDS,7,63.0,339.0,29.0,是
0703002-0918-15-42-gnss_raw.txt,2436,459639.000,BDS,9,54.0,224.0,26.0,是
0703002-0918-15-42-gnss_raw.txt,2436,459639.000,BDS,10,62.0,317.0,27.0,是
0703002-0918-15-42-gnss_raw.txt,2436,459639.000,BDS,19,31.0,159.0,21.0,是
0703002-0918-15-42-gnss_raw.txt,2436,459639.000,BDS,21,34.0,316.0,26.0,是
0703002-0918-15-42-gnss_raw.txt,2436,459639.000,BDS,22,75.0,235.0,29.0,是
0703002-0918-15-42-gnss_raw.txt,2436,459639.000,BDS,36,60.0,23.0,31.0,是
0703002-0918-15-42-gnss_raw.txt,2436,459639.000,BDS,39,54.0,271.0,30.0,是
0703002-0918-15-42-gnss_raw.txt,2436,459640.000,GPS,10,12.0,181.0,30.0,是
0703002-0918-15-42-gnss_raw.txt,2436,459640.000,GPS,26,56.0,236.0,26.0,是
0703002-0918-15-42-gnss_raw.txt,2436,459640.000,GPS,28,58.0,13.0,31.0,是
0703002-0918-15-42-gnss_raw.txt,2436,459640.000,GPS,31,52.0,317.0,32.0,是
0703002-0918-15-42-gnss_raw.txt,2436,459640.000,GPS,32,64.0,121.0,32.0,是
0703002-0918-15-42-gnss_raw.txt,2436,459640.000,GLONASS,71,80.0,151.0,29.0,是
0703002-0918-15-42-gnss_raw.txt,2436,459640.000,GLONASS,72,42.0,331.0,23.0,是
0703002-0918-15-42-gnss_raw.txt,2436,459640.000,GLONASS,73,45.0,19.0,31.0,是
0703002-0918-15-42-gnss_raw.txt,2436,459640.000,GLONASS,74,61.0,284.0,28.0,是
0703002-0918-15-42-gnss_raw.txt,2436,459640.000,GLONASS,90,0.0,0.0,34.0,是
0703002-0918-15-42-gnss_raw.txt,2436,459640.000,Galileo,19,52.0,328.0,25.0,是
0703002-0918-15-42-gnss_raw.txt,2436,459640.000,Galileo,21,74.0,185.0,28.0,是
0703002-0918-15-42-gnss_raw.txt,2436,459640.000,Galileo,27,0.0,0.0,27.0,是
0703002-0918-15-42-gnss_raw.txt,2436,459640.000,QZSS,2,57.0,125.0,22.0,是
0703002-0918-15-42-gnss_raw.txt,2436,459640.000,QZSS,7,53.0,169.0,25.0,是
0703002-0918-15-42-gnss_raw.txt,2436,459640.000,BDS,3,53.0,201.0,30.0,是
0703002-0918-15-42-gnss_raw.txt,2436,459640.000,BDS,7,63.0,339.0,29.0,是
0703002-0918-15-42-gnss_raw.txt,2436,459640.000,BDS,9,54.0,224.0,24.0,是
0703002-0918-15-42-gnss_raw.txt,2436,459640.000,BDS,10,62.0,317.0,28.0,是
0703002-0918-15-42-gnss_raw.txt,2436,459640.000,BDS,19,31.0,159.0,23.0,是
0703002-0918-15-42-gnss_raw.txt,2436,459640.000,BDS,21,34.0,316.0,25.0,是
0703002-0918-15-42-gnss_raw.txt,2436,459640.000,BDS,22,75.0,235.0,28.0,是
0703002-0918-15-42-gnss_raw.txt,2436,459640.000,BDS,36,60.0,23.0,31.0,是
0703002-0918-15-42-gnss_raw.txt,2436,459640.000,BDS,39,54.0,271.0,30.0,是
0703002-0918-15-42-gnss_raw.txt,2436,459641.000,GPS,10,12.0,181.0,30.0,是
0703002-0918-15-42-gnss_raw.txt,2436,459641.000,GPS,26,56.0,236.0,26.0,是
0703002-0918-15-42-gnss_raw.txt,2436,459641.000,GPS,28,58.0,13.0,31.0,是
0703002-0918-15-42-gnss_raw.txt,2436,459641.000,GPS,31,52.0,317.0,33.0,是
0703002-0918-15-42-gnss_raw.txt,2436,459641.000,GPS,32,64.0,121.0,32.0,是
0703002-0918-15-42-gnss_raw.txt,2436,459641.000,GLONASS,71,80.0,151.0,27.0,是
0703002-0918-15-42-gnss_raw.txt,2436,459641.000,GLONASS,72,42.0,331.0,24.0,是
0703002-0918-15-42-gnss_raw.txt,2436,459641.000,GLONASS,73,45.0,19.0,33.0,是
0703002-0918-15-42-gnss_raw.txt,2436,459641.000,GLONASS,74,61.0,284.0,29.0,是
0703002-0918-15-42-gnss_raw.txt,2436,459641.000,GLONASS,90,0.0,0.0,34.0,是
0703002-0918-15-42-gnss_raw.txt,2436,459641.000,Galileo,19,52.0,328.0,26.0,是
0703002-0918-15-42-gnss_raw.txt,2436,459641.000,Galileo,21,74.0,185.0,29.0,是
0703002-0918-15-42-gnss_raw.txt,2436,459641.000,Galileo,27,0.0,0.0,28.0,是
0703002-0918-15-42-gnss_raw.txt,2436,459641.000,QZSS,2,57.0,125.0,24.0,是
0703002-0918-15-42-gnss_raw.txt,2436,459641.000,QZSS,7,53.0,169.0,26.0,是
0703002-0918-15-42-gnss_raw.txt,2436,459641.000,BDS,3,53.0,201.0,29.0,是
0703002-0918-15-42-gnss_raw.txt,2436,459641.000,BDS,7,63.0,339.0,28.0,是
0703002-0918-15-42-gnss_raw.txt,2436,459641.000,BDS,9,54.0,224.0,20.0,是
0703002-0918-15-42-gnss_raw.txt,2436,459641.000,BDS,10,62.0,317.0,28.0,是
0703002-0918-15-42-gnss_raw.txt,2436,459641.000,BDS,19,31.0,159.0,24.0,是
0703002-0918-15-42-gnss_raw.txt,2436,459641.000,BDS,21,34.0,316.0,25.0,是
0703002-0918-15-42-gnss_raw.txt,2436,459641.000,BDS,22,75.0,235.0,28.0,是
0703002-0918-15-42-gnss_raw.txt,2436,459641.000,BDS,36,60.0,23.0,32.0,是
0703002-0918-15-42-gnss_raw.txt,2436,459641.000,BDS,39,54.0,271.0,30.0,是
0703002-0918-15-42-gnss_raw.txt,2436,459642.000,GPS,10,12.0,181.0,30.0,是
0703002-0918-15-42-gnss_raw.txt,2436,459642.000,GPS,26,56.0,236.0,26.0,是
0703002-0918-15-42-gnss_raw.txt,2436,459642.000,GPS,28,58.0,13.0,31.0,是
0703002-0918-15-42-gnss_raw.txt,2436,459642.000,GPS,31,52.0,317.0,33.0,是
0703002-0918-15-42-gnss_raw.txt,2436,459642.000,GPS,32,64.0,121.0,32.0,是
0703002-0918-15-42-gnss_raw.txt,2436,459642.000,GLONASS,71,80.0,151.0,27.0,是
0703002-0918-15-42-gnss_raw.txt,2436,459642.000,GLONASS,72,42.0,331.0,25.0,是
0703002-0918-15-42-gnss_raw.txt,2436,459642.000,GLONASS,73,45.0,19.0,33.0,是
0703002-0918-15-42-gnss_raw.txt,2436,459642.000,GLONASS,74,61.0,284.0,28.0,是
0703002-0918-15-42-gnss_raw.txt,2436,459642.000,GLONASS,90,0.0,0.0,34.0,是
0703002-0918-15-42-gnss_raw.txt,2436,459642.000,Galileo,19,52.0,328.0,28.0,是
0703002-0918-15-42-gnss_raw.txt,2436,459642.000,Galileo,21,74.0,185.0,30.0,是
0703002-0918-15-42-gnss_raw.txt,2436,459642.000,Galileo,27,0.0,0.0,28.0,是
0703002-0918-15-42-gnss_raw.txt,2436,459642.000,QZSS,2,57.0,125.0,25.0,是
0703002-0918-15-42-gnss_raw.txt,2436,459642.000,QZSS,7,53.0,169.0,27.0,是
0703002-0918-15-42-gnss_raw.txt,2436,459642.000,BDS,3,53.0,201.0,28.0,是
0703002-0918-15-42-gnss_raw.txt,2436,459642.000,BDS,7,63.0,339.0,27.0,是
0703002-0918-15-42-gnss_raw.txt,2436,459642.000,BDS,9,54.0,224.0,17.0,是
0703002-0918-15-42-gnss_raw.txt,2436,459642.000,BDS,10,62.0,317.0,28.0,是
0703002-0918-15-42-gnss_raw.txt,2436,459642.000,BDS,19,31.0,159.0,25.0,是
0703002-0918-15-42-gnss_raw.txt,2436,459642.000,BDS,21,34.0,316.0,23.0,是
0703002-0918-15-42-gnss_raw.txt,2436,459642.000,BDS,22,75.0,235.0,28.0,是
0703002-0918-15-42-gnss_raw.txt,2436,459642.000,BDS,36,60.0,23.0,32.0,是
0703002-0918-15-42-gnss_raw.txt,2436,459642.000,BDS,39,54.0,271.0,30.0,是
0703002-0918-15-42-gnss_raw.txt,2436,459643.000,GPS,10,12.0,181.0,30.0,是
0703002-0918-15-42-gnss_raw.txt,2436,459643.000,GPS,26,56.0,236.0,25.0,是
0703002-0918-15-42-gnss_raw.txt,2436,459643.000,GPS,28,58.0,13.0,31.0,是
0703002-0918-15-42-gnss_raw.txt,2436,459643.000,GPS,31,52.0,317.0,33.0,是
0703002-0918-15-42-gnss_raw.txt,2436,459643.000,GPS,32,64.0,121.0,32.0,是
0703002-0918-15-42-gnss_raw.txt,2436,459643.000,GLONASS,71,80.0,151.0,27.0,是
0703002-0918-15-42-gnss_raw.txt,2436,459643.000,GLONASS,72,42.0,331.0,25.0,是
0703002-0918-15-42-gnss_raw.txt,2436,459643.000,GLONASS,73,45.0,19.0,32.0,是
0703002-0918-15-42-gnss_raw.txt,2436,459643.000,GLONASS,74,61.0,284.0,28.0,是
0703002-0918-15-42-gnss_raw.txt,2436,459643.000,GLONASS,90,0.0,0.0,34.0,是
0703002-0918-15-42-gnss_raw.txt,2436,459643.000,Galileo,19,52.0,328.0,29.0,是
0703002-0918-15-42-gnss_raw.txt,2436,459643.000,Galileo,21,74.0,185.0,29.0,是
0703002-0918-15-42-gnss_raw.txt,2436,459643.000,Galileo,27,0.0,0.0,28.0,是
0703002-0918-15-42-gnss_raw.txt,2436,459643.000,QZSS,2,57.0,125.0,25.0,是
0703002-0918-15-42-gnss_raw.txt,2436,459643.000,QZSS,7,53.0,169.0,27.0,是
0703002-0918-15-42-gnss_raw.txt,2436,459643.000,BDS,3,53.0,201.0,29.0,是
0703002-0918-15-42-gnss_raw.txt,2436,459643.000,BDS,7,63.0,339.0,28.0,是
0703002-0918-15-42-gnss_raw.txt,2436,459643.000,BDS,9,54.0,224.0,31.0,是
0703002-0918-15-42-gnss_raw.txt,2436,459643.000,BDS,10,62.0,317.0,28.0,是
0703002-0918-15-42-gnss_raw.txt,2436,459643.000,BDS,19,31.0,159.0,25.0,是
0703002-0918-15-42-gnss_raw.txt,2436,459643.000,BDS,21,34.0,316.0,22.0,是
0703002-0918-15-42-gnss_raw.txt,2436,459643.000,BDS,22,75.0,235.0,28.0,是
0703002-0918-15-42-gnss_raw.txt,2436,459643.000,BDS,36,60.0,23.0,32.0,是
0703002-0918-15-42-gnss_raw.txt,2436,459643.000,BDS,39,54.0,271.0,30.0,是
0703002-0918-15-42-gnss_raw.txt,2436,459644.000,GPS,10,12.0,181.0,30.0,是
0703002-0918-15-42-gnss_raw.txt,2436,459644.000,GPS,26,56.0,236.0,24.0,是
0703002-0918-15-42-gnss_raw.txt,2436,459644.000,GPS,28,58.0,13.0,31.0,是
0703002-0918-15-42-gnss_raw.txt,2436,459644.000,GPS,31,52.0,317.0,32.0,是
0703002-0918-15-42-gnss_raw.txt,2436,459644.000,GPS,32,64.0,121.0,32.0,是
0703002-0918-15-42-gnss_raw.txt,2436,459644.000,GLONASS,71,80.0,152.0,27.0,是
0703002-0918-15-42-gnss_raw.txt,2436,459644.000,GLONASS,72,42.0,331.0,26.0,是
0703002-0918-15-42-gnss_raw.txt,2436,459644.000,GLONASS,73,45.0,19.0,30.0,是
0703002-0918-15-42-gnss_raw.txt,2436,459644.000,GLONASS,74,61.0,284.0,28.0,是
0703002-0918-15-42-gnss_raw.txt,2436,459644.000,GLONASS,90,0.0,0.0,34.0,是
0703002-0918-15-42-gnss_raw.txt,2436,459644.000,Galileo,19,52.0,328.0,29.0,是
0703002-0918-15-42-gnss_raw.txt,2436,459644.000,Galileo,21,74.0,185.0,28.0,是
0703002-0918-15-42-gnss_raw.txt,2436,459644.000,Galileo,27,0.0,0.0,28.0,是
0703002-0918-15-42-gnss_raw.txt,2436,459644.000,QZSS,2,57.0,125.0,25.0,是
0703002-0918-15-42-gnss_raw.txt,2436,459644.000,QZSS,7,53.0,169.0,27.0,是
0703002-0918-15-42-gnss_raw.txt,2436,459644.000,BDS,3,53.0,201.0,29.0,是
0703002-0918-15-42-gnss_raw.txt,2436,459644.000,BDS,7,63.0,339.0,28.0,是
0703002-0918-15-42-gnss_raw.txt,2436,459644.000,BDS,9,54.0,224.0,16.0,是
0703002-0918-15-42-gnss_raw.txt,2436,459644.000,BDS,10,62.0,317.0,28.0,是
0703002-0918-15-42-gnss_raw.txt,2436,459644.000,BDS,19,31.0,159.0,25.0,是
0703002-0918-15-42-gnss_raw.txt,2436,459644.000,BDS,21,34.0,316.0,22.0,是
0703002-0918-15-42-gnss_raw.txt,2436,459644.000,BDS,22,75.0,235.0,29.0,是
0703002-0918-15-42-gnss_raw.txt,2436,459644.000,BDS,36,60.0,23.0,32.0,是
0703002-0918-15-42-gnss_raw.txt,2436,459644.000,BDS,39,54.0,271.0,29.0,是
0703002-0918-15-42-gnss_raw.txt,2436,459645.000,GPS,10,12.0,181.0,31.0,是
0703002-0918-15-42-gnss_raw.txt,2436,459645.000,GPS,26,56.0,236.0,23.0,是
0703002-0918-15-42-gnss_raw.txt,2436,459645.000,GPS,28,58.0,13.0,31.0,是
0703002-0918-15-42-gnss_raw.txt,2436,459645.000,GPS,31,52.0,317.0,32.0,是
0703002-0918-15-42-gnss_raw.txt,2436,459645.000,GPS,32,64.0,121.0,32.0,是
0703002-0918-15-42-gnss_raw.txt,2436,459645.000,GLONASS,71,80.0,152.0,29.0,是
0703002-0918-15-42-gnss_raw.txt,2436,459645.000,GLONASS,72,42.0,331.0,26.0,是
0703002-0918-15-42-gnss_raw.txt,2436,459645.000,GLONASS,73,45.0,19.0,31.0,是
0703002-0918-15-42-gnss_raw.txt,2436,459645.000,GLONASS,74,61.0,284.0,29.0,是
0703002-0918-15-42-gnss_raw.txt,2436,459645.000,GLONASS,90,0.0,0.0,34.0,是
0703002-0918-15-42-gnss_raw.txt,2436,459645.000,Galileo,19,52.0,328.0,30.0,是
0703002-0918-15-42-gnss_raw.txt,2436,459645.000,Galileo,21,74.0,185.0,30.0,是
0703002-0918-15-42-gnss_raw.txt,2436,459645.000,Galileo,27,0.0,0.0,26.0,是
0703002-0918-15-42-gnss_raw.txt,2436,459645.000,QZSS,2,57.0,125.0,25.0,是
0703002-0918-15-42-gnss_raw.txt,2436,459645.000,QZSS,7,53.0,169.0,26.0,是
0703002-0918-15-42-gnss_raw.txt,2436,459645.000,BDS,3,53.0,201.0,29.0,是
0703002-0918-15-42-gnss_raw.txt,2436,459645.000,BDS,7,63.0,339.0,28.0,是
0703002-0918-15-42-gnss_raw.txt,2436,459645.000,BDS,9,54.0,224.0,16.0,是
0703002-0918-15-42-gnss_raw.txt,2436,459645.000,BDS,10,62.0,317.0,28.0,是
0703002-0918-15-42-gnss_raw.txt,2436,459645.000,BDS,19,31.0,159.0,25.0,是
0703002-0918-15-42-gnss_raw.txt,2436,459645.000,BDS,21,34.0,316.0,22.0,是
0703002-0918-15-42-gnss_raw.txt,2436,459645.000,BDS,22,75.0,235.0,29.0,是
0703002-0918-15-42-gnss_raw.txt,2436,459645.000,BDS,36,60.0,23.0,32.0,是
0703002-0918-15-42-gnss_raw.txt,2436,459645.000,BDS,39,54.0,271.0,29.0,是
0703002-0918-15-42-gnss_raw.txt,2436,459646.000,GPS,10,12.0,181.0,31.0,是
0703002-0918-15-42-gnss_raw.txt,2436,459646.000,GPS,26,56.0,236.0,24.0,是
0703002-0918-15-42-gnss_raw.txt,2436,459646.000,GPS,28,58.0,13.0,31.0,是
0703002-0918-15-42-gnss_raw.txt,2436,459646.000,GPS,31,52.0,317.0,32.0,是
0703002-0918-15-42-gnss_raw.txt,2436,459646.000,GPS,32,64.0,121.0,31.0,是
0703002-0918-15-42-gnss_raw.txt,2436,459646.000,GLONASS,71,80.0,152.0,27.0,是
0703002-0918-15-42-gnss_raw.txt,2436,459646.000,GLONASS,72,42.0,331.0,23.0,是
0703002-0918-15-42-gnss_raw.txt,2436,459646.000,GLONASS,73,45.0,19.0,31.0,是
0703002-0918-15-42-gnss_raw.txt,2436,459646.000,GLONASS,74,61.0,284.0,29.0,是
0703002-0918-15-42-gnss_raw.txt,2436,459646.000,GLONASS,90,0.0,0.0,34.0,是
0703002-0918-15-42-gnss_raw.txt,2436,459646.000,Galileo,19,52.0,328.0,29.0,是
0703002-0918-15-42-gnss_raw.txt,2436,459646.000,Galileo,21,74.0,185.0,30.0,是
0703002-0918-15-42-gnss_raw.txt,2436,459646.000,Galileo,27,0.0,0.0,27.0,是
0703002-0918-15-42-gnss_raw.txt,2436,459646.000,QZSS,2,57.0,125.0,26.0,是
0703002-0918-15-42-gnss_raw.txt,2436,459646.000,QZSS,7,53.0,169.0,26.0,是
0703002-0918-15-42-gnss_raw.txt,2436,459646.000,BDS,3,53.0,201.0,30.0,是
0703002-0918-15-42-gnss_raw.txt,2436,459646.000,BDS,7,63.0,339.0,28.0,是
0703002-0918-15-42-gnss_raw.txt,2436,459646.000,BDS,9,54.0,224.0,32.0,是
0703002-0918-15-42-gnss_raw.txt,2436,459646.000,BDS,10,62.0,317.0,28.0,是
0703002-0918-15-42-gnss_raw.txt,2436,459646.000,BDS,19,31.0,159.0,25.0,是
0703002-0918-15-42-gnss_raw.txt,2436,459646.000,BDS,21,34.0,316.0,22.0,是
0703002-0918-15-42-gnss_raw.txt,2436,459646.000,BDS,22,75.0,235.0,29.0,是
0703002-0918-15-42-gnss_raw.txt,2436,459646.000,BDS,36,59.0,23.0,32.0,是
0703002-0918-15-42-gnss_raw.txt,2436,459646.000,BDS,39,54.0,271.0,29.0,是
0703002-0918-15-42-gnss_raw.txt,2436,459647.000,GPS,10,12.0,181.0,31.0,是
0703002-0918-15-42-gnss_raw.txt,2436,459647.000,GPS,26,56.0,236.0,25.0,是
0703002-0918-15-42-gnss_raw.txt,2436,459647.000,GPS,28,58.0,13.0,31.0,是
0703002-0918-15-42-gnss_raw.txt,2436,459647.000,GPS,31,52.0,317.0,32.0,是
0703002-0918-15-42-gnss_raw.txt,2436,459647.000,GPS,32,64.0,122.0,31.0,是
0703002-0918-15-42-gnss_raw.txt,2436,459647.000,GLONASS,71,80.0,152.0,27.0,是
0703002-0918-15-42-gnss_raw.txt,2436,459647.000,GLONASS,72,42.0,331.0,23.0,是
0703002-0918-15-42-gnss_raw.txt,2436,459647.000,GLONASS,73,45.0,19.0,31.0,是
0703002-0918-15-42-gnss_raw.txt,2436,459647.000,GLONASS,74,61.0,284.0,28.0,是
0703002-0918-15-42-gnss_raw.txt,2436,459647.000,GLONASS,90,0.0,0.0,34.0,是
0703002-0918-15-42-gnss_raw.txt,2436,459647.000,Galileo,19,52.0,328.0,29.0,是
0703002-0918-15-42-gnss_raw.txt,2436,459647.000,Galileo,21,74.0,185.0,30.0,是
0703002-0918-15-42-gnss_raw.txt,2436,459647.000,Galileo,27,0.0,0.0,27.0,是
0703002-0918-15-42-gnss_raw.txt,2436,459647.000,QZSS,2,57.0,125.0,26.0,是
0703002-0918-15-42-gnss_raw.txt,2436,459647.000,QZSS,7,53.0,169.0,26.0,是
0703002-0918-15-42-gnss_raw.txt,2436,459647.000,BDS,3,53.0,201.0,29.0,是
0703002-0918-15-42-gnss_raw.txt,2436,459647.000,BDS,7,63.0,339.0,27.0,是
0703002-0918-15-42-gnss_raw.txt,2436,459647.000,BDS,9,54.0,224.0,32.0,是
0703002-0918-15-42-gnss_raw.txt,2436,459647.000,BDS,10,62.0,317.0,28.0,是
0703002-0918-15-42-gnss_raw.txt,2436,459647.000,BDS,19,31.0,159.0,25.0,是
0703002-0918-15-42-gnss_raw.txt,2436,459647.000,BDS,21,34.0,316.0,22.0,是
0703002-0918-15-42-gnss_raw.txt,2436,459647.000,BDS,22,75.0,235.0,29.0,是
0703002-0918-15-42-gnss_raw.txt,2436,459647.000,BDS,36,59.0,23.0,32.0,是
0703002-0918-15-42-gnss_raw.txt,2436,459647.000,BDS,39,54.0,271.0,29.0,是
0703002-0918-15-42-gnss_raw.txt,2436,459648.000,GPS,10,12.0,181.0,31.0,是
0703002-0918-15-42-gnss_raw.txt,2436,459648.000,GPS,26,56.0,236.0,25.0,是
0703002-0918-15-42-gnss_raw.txt,2436,459648.000,GPS,28,58.0,13.0,31.0,是
0703002-0918-15-42-gnss_raw.txt,2436,459648.000,GPS,31,52.0,317.0,32.0,是
0703002-0918-15-42-gnss_raw.txt,2436,459648.000,GPS,32,64.0,122.0,31.0,是
0703002-0918-15-42-gnss_raw.txt,2436,459648.000,GLONASS,71,80.0,152.0,28.0,是
0703002-0918-15-42-gnss_raw.txt,2436,459648.000,GLONASS,72,42.0,331.0,24.0,是
0703002-0918-15-42-gnss_raw.txt,2436,459648.000,GLONASS,73,45.0,19.0,30.0,是
0703002-0918-15-42-gnss_raw.txt,2436,459648.000,GLONASS,74,61.0,284.0,29.0,是
0703002-0918-15-42-gnss_raw.txt,2436,459648.000,GLONASS,90,0.0,0.0,34.0,是
0703002-0918-15-42-gnss_raw.txt,2436,459648.000,Galileo,19,52.0,328.0,30.0,是
0703002-0918-15-42-gnss_raw.txt,2436,459648.000,Galileo,21,74.0,185.0,30.0,是
0703002-0918-15-42-gnss_raw.txt,2436,459648.000,Galileo,27,0.0,0.0,27.0,是
0703002-0918-15-42-gnss_raw.txt,2436,459648.000,QZSS,2,57.0,125.0,26.0,是
0703002-0918-15-42-gnss_raw.txt,2436,459648.000,QZSS,7,53.0,169.0,26.0,是
0703002-0918-15-42-gnss_raw.txt,2436,459648.000,BDS,3,53.0,201.0,29.0,是
0703002-0918-15-42-gnss_raw.txt,2436,459648.000,BDS,7,63.0,339.0,27.0,是
0703002-0918-15-42-gnss_raw.txt,2436,459648.000,BDS,9,54.0,224.0,32.0,是
0703002-0918-15-42-gnss_raw.txt,2436,459648.000,BDS,10,62.0,317.0,28.0,是
0703002-0918-15-42-gnss_raw.txt,2436,459648.000,BDS,19,31.0,159.0,25.0,是
0703002-0918-15-42-gnss_raw.txt,2436,459648.000,BDS,21,34.0,316.0,23.0,是
0703002-0918-15-42-gnss_raw.txt,2436,459648.000,BDS,22,75.0,235.0,29.0,是
0703002-0918-15-42-gnss_raw.txt,2436,459648.000,BDS,36,59.0,23.0,32.0,是
0703002-0918-15-42-gnss_raw.txt,2436,459648.000,BDS,39,54.0,271.0,29.0,是
0703002-0918-15-42-gnss_raw.txt,2436,459649.000,GPS,10,12.0,181.0,31.0,是
0703002-0918-15-42-gnss_raw.txt,2436,459649.000,GPS,26,56.0,236.0,25.0,是
0703002-0918-15-42-gnss_raw.txt,2436,459649.000,GPS,28,58.0,13.0,31.0,是
0703002-0918-15-42-gnss_raw.txt,2436,459649.000,GPS,31,52.0,317.0,32.0,是
0703002-0918-15-42-gnss_raw.txt,2436,459649.000,GPS,32,64.0,122.0,31.0,是
0703002-0918-15-42-gnss_raw.txt,2436,459649.000,GLONASS,71,80.0,152.0,28.0,是
0703002-0918-15-42-gnss_raw.txt,2436,459649.000,GLONASS,72,42.0,331.0,26.0,是
0703002-0918-15-42-gnss_raw.txt,2436,459649.000,GLONASS,73,45.0,19.0,30.0,是
0703002-0918-15-42-gnss_raw.txt,2436,459649.000,GLONASS,74,61.0,284.0,29.0,是
0703002-0918-15-42-gnss_raw.txt,2436,459649.000,GLONASS,90,0.0,0.0,34.0,是
0703002-0918-15-42-gnss_raw.txt,2436,459649.000,Galileo,19,52.0,328.0,27.0,是
0703002-0918-15-42-gnss_raw.txt,2436,459649.000,Galileo,21,74.0,185.0,29.0,是
0703002-0918-15-42-gnss_raw.txt,2436,459649.000,Galileo,27,0.0,0.0,26.0,是
0703002-0918-15-42-gnss_raw.txt,2436,459649.000,QZSS,2,57.0,125.0,25.0,是
0703002-0918-15-42-gnss_raw.txt,2436,459649.000,QZSS,7,53.0,169.0,27.0,是
0703002-0918-15-42-gnss_raw.txt,2436,459649.000,BDS,3,53.0,201.0,29.0,是
0703002-0918-15-42-gnss_raw.txt,2436,459649.000,BDS,7,63.0,339.0,27.0,是
0703002-0918-15-42-gnss_raw.txt,2436,459649.000,BDS,9,54.0,224.0,31.0,是
0703002-0918-15-42-gnss_raw.txt,2436,459649.000,BDS,10,62.0,317.0,28.0,是
0703002-0918-15-42-gnss_raw.txt,2436,459649.000,BDS,19,31.0,159.0,25.0,是
0703002-0918-15-42-gnss_raw.txt,2436,459649.000,BDS,21,34.0,316.0,22.0,是
0703002-0918-15-42-gnss_raw.txt,2436,459649.000,BDS,22,75.0,235.0,29.0,是
0703002-0918-15-42-gnss_raw.txt,2436,459649.000,BDS,36,59.0,23.0,32.0,是
0703002-0918-15-42-gnss_raw.txt,2436,459649.000,BDS,39,54.0,271.0,29.0,是
0703002-0918-15-42-gnss_raw.txt,2436,459650.000,GPS,10,12.0,181.0,31.0,是
0703002-0918-15-42-gnss_raw.txt,2436,459650.000,GPS,26,56.0,236.0,25.0,是
0703002-0918-15-42-gnss_raw.txt,2436,459650.000,GPS,28,58.0,14.0,31.0,是
0703002-0918-15-42-gnss_raw.txt,2436,459650.000,GPS,31,52.0,317.0,32.0,是
0703002-0918-15-42-gnss_raw.txt,2436,459650.000,GPS,32,64.0,122.0,31.0,是
0703002-0918-15-42-gnss_raw.txt,2436,459650.000,GLONASS,71,80.0,152.0,27.0,是
0703002-0918-15-42-gnss_raw.txt,2436,459650.000,GLONASS,72,42.0,331.0,25.0,是
0703002-0918-15-42-gnss_raw.txt,2436,459650.000,GLONASS,73,45.0,19.0,31.0,是
0703002-0918-15-42-gnss_raw.txt,2436,459650.000,GLONASS,74,61.0,284.0,29.0,是
0703002-0918-15-42-gnss_raw.txt,2436,459650.000,GLONASS,90,0.0,0.0,33.0,是
0703002-0918-15-42-gnss_raw.txt,2436,459650.000,Galileo,19,52.0,328.0,27.0,是
0703002-0918-15-42-gnss_raw.txt,2436,459650.000,Galileo,21,74.0,185.0,29.0,是
0703002-0918-15-42-gnss_raw.txt,2436,459650.000,Galileo,27,0.0,0.0,27.0,是
0703002-0918-15-42-gnss_raw.txt,2436,459650.000,QZSS,2,57.0,125.0,25.0,是
0703002-0918-15-42-gnss_raw.txt,2436,459650.000,QZSS,7,53.0,169.0,27.0,是
0703002-0918-15-42-gnss_raw.txt,2436,459650.000,BDS,3,53.0,201.0,28.0,是
0703002-0918-15-42-gnss_raw.txt,2436,459650.000,BDS,7,63.0,339.0,27.0,是
0703002-0918-15-42-gnss_raw.txt,2436,459650.000,BDS,9,54.0,224.0,32.0,是
0703002-0918-15-42-gnss_raw.txt,2436,459650.000,BDS,10,62.0,317.0,27.0,是
0703002-0918-15-42-gnss_raw.txt,2436,459650.000,BDS,19,31.0,159.0,26.0,是
0703002-0918-15-42-gnss_raw.txt,2436,459650.000,BDS,21,34.0,316.0,23.0,是
0703002-0918-15-42-gnss_raw.txt,2436,459650.000,BDS,22,75.0,235.0,29.0,是
0703002-0918-15-42-gnss_raw.txt,2436,459650.000,BDS,36,59.0,23.0,32.0,是
0703002-0918-15-42-gnss_raw.txt,2436,459650.000,BDS,39,54.0,271.0,29.0,是
0703002-0918-15-42-gnss_raw.txt,2436,459651.000,GPS,10,12.0,181.0,31.0,是
0703002-0918-15-42-gnss_raw.txt,2436,459651.000,GPS,26,56.0,236.0,25.0,是
0703002-0918-15-42-gnss_raw.txt,2436,459651.000,GPS,28,58.0,14.0,31.0,是
0703002-0918-15-42-gnss_raw.txt,2436,459651.000,GPS,31,52.0,317.0,32.0,是
0703002-0918-15-42-gnss_raw.txt,2436,459651.000,GPS,32,64.0,122.0,31.0,是
0703002-0918-15-42-gnss_raw.txt,2436,459651.000,GLONASS,71,80.0,152.0,29.0,是
0703002-0918-15-42-gnss_raw.txt,2436,459651.000,GLONASS,72,42.0,331.0,26.0,是
0703002-0918-15-42-gnss_raw.txt,2436,459651.000,GLONASS,73,45.0,19.0,32.0,是
0703002-0918-15-42-gnss_raw.txt,2436,459651.000,GLONASS,74,61.0,284.0,29.0,是
0703002-0918-15-42-gnss_raw.txt,2436,459651.000,GLONASS,90,0.0,0.0,33.0,是
0703002-0918-15-42-gnss_raw.txt,2436,459651.000,Galileo,19,52.0,328.0,28.0,是
0703002-0918-15-42-gnss_raw.txt,2436,459651.000,Galileo,21,74.0,185.0,29.0,是
0703002-0918-15-42-gnss_raw.txt,2436,459651.000,Galileo,27,0.0,0.0,25.0,是
0703002-0918-15-42-gnss_raw.txt,2436,459651.000,QZSS,2,57.0,125.0,25.0,是
0703002-0918-15-42-gnss_raw.txt,2436,459651.000,QZSS,7,53.0,169.0,27.0,是
0703002-0918-15-42-gnss_raw.txt,2436,459651.000,BDS,3,53.0,201.0,30.0,是
0703002-0918-15-42-gnss_raw.txt,2436,459651.000,BDS,7,63.0,339.0,28.0,是
0703002-0918-15-42-gnss_raw.txt,2436,459651.000,BDS,9,54.0,224.0,31.0,是
0703002-0918-15-42-gnss_raw.txt,2436,459651.000,BDS,10,62.0,317.0,28.0,是
0703002-0918-15-42-gnss_raw.txt,2436,459651.000,BDS,19,31.0,159.0,25.0,是
0703002-0918-15-42-gnss_raw.txt,2436,459651.000,BDS,21,34.0,316.0,22.0,是
0703002-0918-15-42-gnss_raw.txt,2436,459651.000,BDS,22,75.0,235.0,29.0,是
0703002-0918-15-42-gnss_raw.txt,2436,459651.000,BDS,36,59.0,23.0,32.0,是
0703002-0918-15-42-gnss_raw.txt,2436,459651.000,BDS,39,54.0,271.0,29.0,是
0703002-0918-15-42-gnss_raw.txt,2436,459652.000,GPS,10,12.0,181.0,31.0,是
0703002-0918-15-42-gnss_raw.txt,2436,459652.000,GPS,26,56.0,236.0,25.0,是
0703002-0918-15-42-gnss_raw.txt,2436,459652.000,GPS,28,58.0,14.0,31.0,是
0703002-0918-15-42-gnss_raw.txt,2436,459652.000,GPS,31,52.0,317.0,32.0,是
0703002-0918-15-42-gnss_raw.txt,2436,459652.000,GPS,32,64.0,122.0,31.0,是
0703002-0918-15-42-gnss_raw.txt,2436,459652.000,GLONASS,71,80.0,152.0,28.0,是
0703002-0918-15-42-gnss_raw.txt,2436,459652.000,GLONASS,72,42.0,331.0,26.0,是
0703002-0918-15-42-gnss_raw.txt,2436,459652.000,GLONASS,73,45.0,19.0,32.0,是
0703002-0918-15-42-gnss_raw.txt,2436,459652.000,GLONASS,74,61.0,284.0,30.0,是
0703002-0918-15-42-gnss_raw.txt,2436,459652.000,GLONASS,90,0.0,0.0,34.0,是
0703002-0918-15-42-gnss_raw.txt,2436,459652.000,Galileo,19,52.0,328.0,28.0,是
0703002-0918-15-42-gnss_raw.txt,2436,459652.000,Galileo,21,74.0,185.0,28.0,是
0703002-0918-15-42-gnss_raw.txt,2436,459652.000,Galileo,27,0.0,0.0,27.0,是
0703002-0918-15-42-gnss_raw.txt,2436,459652.000,QZSS,2,57.0,125.0,26.0,是
0703002-0918-15-42-gnss_raw.txt,2436,459652.000,QZSS,7,53.0,169.0,27.0,是
0703002-0918-15-42-gnss_raw.txt,2436,459652.000,BDS,3,53.0,201.0,29.0,是
0703002-0918-15-42-gnss_raw.txt,2436,459652.000,BDS,7,63.0,339.0,28.0,是
0703002-0918-15-42-gnss_raw.txt,2436,459652.000,BDS,9,54.0,224.0,31.0,是
0703002-0918-15-42-gnss_raw.txt,2436,459652.000,BDS,10,62.0,317.0,28.0,是
0703002-0918-15-42-gnss_raw.txt,2436,459652.000,BDS,19,31.0,159.0,25.0,是
0703002-0918-15-42-gnss_raw.txt,2436,459652.000,BDS,21,34.0,316.0,21.0,是
0703002-0918-15-42-gnss_raw.txt,2436,459652.000,BDS,22,75.0,235.0,29.0,是
0703002-0918-15-42-gnss_raw.txt,2436,459652.000,BDS,36,59.0,23.0,32.0,是
0703002-0918-15-42-gnss_raw.txt,2436,459652.000,BDS,39,54.0,271.0,29.0,是
0703002-0918-15-42-gnss_raw.txt,2436,459653.000,GPS,10,12.0,181.0,31.0,是
0703002-0918-15-42-gnss_raw.txt,2436,459653.000,GPS,26,56.0,236.0,25.0,是
0703002-0918-15-42-gnss_raw.txt,2436,459653.000,GPS,28,58.0,14.0,31.0,是
0703002-0918-15-42-gnss_raw.txt,2436,459653.000,GPS,31,52.0,317.0,32.0,是
0703002-0918-15-42-gnss_raw.txt,2436,459653.000,GPS,32,64.0,122.0,30.0,是
0703002-0918-15-42-gnss_raw.txt,2436,459653.000,GLONASS,71,80.0,152.0,28.0,是
0703002-0918-15-42-gnss_raw.txt,2436,459653.000,GLONASS,72,42.0,331.0,26.0,是
0703002-0918-15-42-gnss_raw.txt,2436,459653.000,GLONASS,73,45.0,19.0,33.0,是
0703002-0918-15-42-gnss_raw.txt,2436,459653.000,GLONASS,74,61.0,284.0,28.0,是
0703002-0918-15-42-gnss_raw.txt,2436,459653.000,GLONASS,90,0.0,0.0,34.0,是
0703002-0918-15-42-gnss_raw.txt,2436,459653.000,Galileo,19,52.0,328.0,28.0,是
0703002-0918-15-42-gnss_raw.txt,2436,459653.000,Galileo,21,74.0,185.0,27.0,是
0703002-0918-15-42-gnss_raw.txt,2436,459653.000,Galileo,27,0.0,0.0,25.0,是
0703002-0918-15-42-gnss_raw.txt,2436,459653.000,QZSS,2,57.0,125.0,25.0,是
0703002-0918-15-42-gnss_raw.txt,2436,459653.000,QZSS,7,53.0,169.0,27.0,是
0703002-0918-15-42-gnss_raw.txt,2436,459653.000,BDS,3,53.0,201.0,30.0,是
0703002-0918-15-42-gnss_raw.txt,2436,459653.000,BDS,7,63.0,339.0,28.0,是
0703002-0918-15-42-gnss_raw.txt,2436,459653.000,BDS,9,54.0,224.0,31.0,是
0703002-0918-15-42-gnss_raw.txt,2436,459653.000,BDS,10,62.0,317.0,28.0,是
0703002-0918-15-42-gnss_raw.txt,2436,459653.000,BDS,19,31.0,159.0,24.0,是
0703002-0918-15-42-gnss_raw.txt,2436,459653.000,BDS,21,34.0,316.0,20.0,是
0703002-0918-15-42-gnss_raw.txt,2436,459653.000,BDS,22,75.0,235.0,30.0,是
0703002-0918-15-42-gnss_raw.txt,2436,459653.000,BDS,36,59.0,23.0,32.0,是
0703002-0918-15-42-gnss_raw.txt,2436,459653.000,BDS,39,54.0,271.0,29.0,是
0703002-0918-15-42-gnss_raw.txt,2436,459654.000,GPS,10,12.0,181.0,31.0,是
0703002-0918-15-42-gnss_raw.txt,2436,459654.000,GPS,26,56.0,236.0,24.0,是
0703002-0918-15-42-gnss_raw.txt,2436,459654.000,GPS,28,58.0,14.0,31.0,是
0703002-0918-15-42-gnss_raw.txt,2436,459654.000,GPS,31,52.0,317.0,33.0,是
0703002-0918-15-42-gnss_raw.txt,2436,459654.000,GPS,32,64.0,122.0,30.0,是
0703002-0918-15-42-gnss_raw.txt,2436,459654.000,GLONASS,71,80.0,152.0,29.0,是
0703002-0918-15-42-gnss_raw.txt,2436,459654.000,GLONASS,72,42.0,331.0,24.0,是
0703002-0918-15-42-gnss_raw.txt,2436,459654.000,GLONASS,73,45.0,19.0,32.0,是
0703002-0918-15-42-gnss_raw.txt,2436,459654.000,GLONASS,74,61.0,284.0,29.0,是
0703002-0918-15-42-gnss_raw.txt,2436,459654.000,GLONASS,90,0.0,0.0,34.0,是
0703002-0918-15-42-gnss_raw.txt,2436,459654.000,Galileo,19,52.0,328.0,27.0,是
0703002-0918-15-42-gnss_raw.txt,2436,459654.000,Galileo,21,74.0,185.0,28.0,是
0703002-0918-15-42-gnss_raw.txt,2436,459654.000,Galileo,27,0.0,0.0,27.0,是
0703002-0918-15-42-gnss_raw.txt,2436,459654.000,QZSS,2,57.0,125.0,25.0,是
0703002-0918-15-42-gnss_raw.txt,2436,459654.000,QZSS,7,53.0,169.0,26.0,是
0703002-0918-15-42-gnss_raw.txt,2436,459654.000,BDS,3,53.0,201.0,29.0,是
0703002-0918-15-42-gnss_raw.txt,2436,459654.000,BDS,7,63.0,339.0,27.0,是
0703002-0918-15-42-gnss_raw.txt,2436,459654.000,BDS,9,54.0,224.0,31.0,是
0703002-0918-15-42-gnss_raw.txt,2436,459654.000,BDS,10,62.0,317.0,27.0,是
0703002-0918-15-42-gnss_raw.txt,2436,459654.000,BDS,19,31.0,159.0,25.0,是
0703002-0918-15-42-gnss_raw.txt,2436,459654.000,BDS,21,34.0,316.0,21.0,是
0703002-0918-15-42-gnss_raw.txt,2436,459654.000,BDS,22,75.0,234.0,30.0,是
0703002-0918-15-42-gnss_raw.txt,2436,459654.000,BDS,36,59.0,23.0,32.0,是
0703002-0918-15-42-gnss_raw.txt,2436,459654.000,BDS,39,54.0,271.0,29.0,是
0703002-0918-15-42-gnss_raw.txt,2436,459655.000,GPS,10,12.0,181.0,31.0,是
0703002-0918-15-42-gnss_raw.txt,2436,459655.000,GPS,26,56.0,236.0,24.0,是
0703002-0918-15-42-gnss_raw.txt,2436,459655.000,GPS,28,58.0,14.0,32.0,是
0703002-0918-15-42-gnss_raw.txt,2436,459655.000,GPS,31,52.0,317.0,33.0,是
0703002-0918-15-42-gnss_raw.txt,2436,459655.000,GPS,32,64.0,122.0,31.0,是
0703002-0918-15-42-gnss_raw.txt,2436,459655.000,GLONASS,71,80.0,152.0,27.0,是
0703002-0918-15-42-gnss_raw.txt,2436,459655.000,GLONASS,72,42.0,331.0,26.0,是
0703002-0918-15-42-gnss_raw.txt,2436,459655.000,GLONASS,73,45.0,19.0,32.0,是
0703002-0918-15-42-gnss_raw.txt,2436,459655.000,GLONASS,74,61.0,284.0,28.0,是
0703002-0918-15-42-gnss_raw.txt,2436,459655.000,GLONASS,90,0.0,0.0,34.0,是
0703002-0918-15-42-gnss_raw.txt,2436,459655.000,Galileo,19,52.0,328.0,29.0,是
0703002-0918-15-42-gnss_raw.txt,2436,459655.000,Galileo,21,74.0,185.0,28.0,是
0703002-0918-15-42-gnss_raw.txt,2436,459655.000,Galileo,27,0.0,0.0,25.0,是
0703002-0918-15-42-gnss_raw.txt,2436,459655.000,QZSS,2,57.0,125.0,25.0,是
0703002-0918-15-42-gnss_raw.txt,2436,459655.000,QZSS,7,53.0,169.0,26.0,是
0703002-0918-15-42-gnss_raw.txt,2436,459655.000,BDS,3,53.0,201.0,30.0,是
0703002-0918-15-42-gnss_raw.txt,2436,459655.000,BDS,7,63.0,339.0,27.0,是
0703002-0918-15-42-gnss_raw.txt,2436,459655.000,BDS,9,54.0,224.0,31.0,是
0703002-0918-15-42-gnss_raw.txt,2436,459655.000,BDS,10,62.0,317.0,28.0,是
0703002-0918-15-42-gnss_raw.txt,2436,459655.000,BDS,19,31.0,159.0,25.0,是
0703002-0918-15-42-gnss_raw.txt,2436,459655.000,BDS,21,34.0,316.0,22.0,是
0703002-0918-15-42-gnss_raw.txt,2436,459655.000,BDS,22,75.0,234.0,29.0,是
0703002-0918-15-42-gnss_raw.txt,2436,459655.000,BDS,36,59.0,23.0,32.0,是
0703002-0918-15-42-gnss_raw.txt,2436,459655.000,BDS,39,54.0,271.0,29.0,是
0703002-0918-15-42-gnss_raw.txt,2436,459656.000,GPS,10,12.0,181.0,30.0,是
0703002-0918-15-42-gnss_raw.txt,2436,459656.000,GPS,26,56.0,236.0,27.0,是
0703002-0918-15-42-gnss_raw.txt,2436,459656.000,GPS,28,58.0,14.0,32.0,是
0703002-0918-15-42-gnss_raw.txt,2436,459656.000,GPS,31,52.0,317.0,32.0,是
0703002-0918-15-42-gnss_raw.txt,2436,459656.000,GPS,32,64.0,122.0,31.0,是
0703002-0918-15-42-gnss_raw.txt,2436,459656.000,GLONASS,71,80.0,152.0,27.0,是
0703002-0918-15-42-gnss_raw.txt,2436,459656.000,GLONASS,72,42.0,331.0,24.0,是
0703002-0918-15-42-gnss_raw.txt,2436,459656.000,GLONASS,73,45.0,19.0,33.0,是
0703002-0918-15-42-gnss_raw.txt,2436,459656.000,GLONASS,74,61.0,284.0,28.0,是
0703002-0918-15-42-gnss_raw.txt,2436,459656.000,GLONASS,90,0.0,0.0,34.0,是
0703002-0918-15-42-gnss_raw.txt,2436,459656.000,Galileo,19,52.0,328.0,28.0,是
0703002-0918-15-42-gnss_raw.txt,2436,459656.000,Galileo,21,74.0,185.0,29.0,是
0703002-0918-15-42-gnss_raw.txt,2436,459656.000,Galileo,27,0.0,0.0,28.0,是
0703002-0918-15-42-gnss_raw.txt,2436,459656.000,QZSS,2,57.0,125.0,25.0,是
0703002-0918-15-42-gnss_raw.txt,2436,459656.000,QZSS,7,53.0,169.0,23.0,是
0703002-0918-15-42-gnss_raw.txt,2436,459656.000,BDS,3,0.0,0.0,27.0,是
0703002-0918-15-42-gnss_raw.txt,2436,459656.000,BDS,7,63.0,339.0,28.0,是
0703002-0918-15-42-gnss_raw.txt,2436,459656.000,BDS,9,54.0,224.0,32.0,是
0703002-0918-15-42-gnss_raw.txt,2436,459656.000,BDS,10,62.0,317.0,27.0,是
0703002-0918-15-42-gnss_raw.txt,2436,459656.000,BDS,19,31.0,159.0,24.0,是
0703002-0918-15-42-gnss_raw.txt,2436,459656.000,BDS,21,34.0,316.0,25.0,是
0703002-0918-15-42-gnss_raw.txt,2436,459656.000,BDS,22,75.0,234.0,29.0,是
0703002-0918-15-42-gnss_raw.txt,2436,459656.000,BDS,36,59.0,23.0,32.0,是
0703002-0918-15-42-gnss_raw.txt,2436,459656.000,BDS,39,54.0,271.0,29.0,是
0703002-0918-15-42-gnss_raw.txt,2436,459657.000,GPS,10,12.0,181.0,28.0,是
0703002-0918-15-42-gnss_raw.txt,2436,459657.000,GPS,26,56.0,236.0,29.0,是
0703002-0918-15-42-gnss_raw.txt,2436,459657.000,GPS,28,58.0,14.0,31.0,是
0703002-0918-15-42-gnss_raw.txt,2436,459657.000,GPS,31,52.0,317.0,31.0,是
0703002-0918-15-42-gnss_raw.txt,2436,459657.000,GPS,32,64.0,122.0,32.0,是
0703002-0918-15-42-gnss_raw.txt,2436,459657.000,GLONASS,71,80.0,152.0,29.0,是
0703002-0918-15-42-gnss_raw.txt,2436,459657.000,GLONASS,72,42.0,331.0,28.0,是
0703002-0918-15-42-gnss_raw.txt,2436,459657.000,GLONASS,73,45.0,19.0,33.0,是
0703002-0918-15-42-gnss_raw.txt,2436,459657.000,GLONASS,74,61.0,284.0,28.0,是
0703002-0918-15-42-gnss_raw.txt,2436,459657.000,GLONASS,90,0.0,0.0,35.0,是
0703002-0918-15-42-gnss_raw.txt,2436,459657.000,Galileo,19,52.0,328.0,26.0,是
0703002-0918-15-42-gnss_raw.txt,2436,459657.000,Galileo,21,74.0,185.0,29.0,是
0703002-0918-15-42-gnss_raw.txt,2436,459657.000,Galileo,27,0.0,0.0,27.0,是
0703002-0918-15-42-gnss_raw.txt,2436,459657.000,QZSS,2,57.0,125.0,26.0,是
0703002-0918-15-42-gnss_raw.txt,2436,459657.000,QZSS,7,53.0,169.0,23.0,是
0703002-0918-15-42-gnss_raw.txt,2436,459657.000,BDS,3,0.0,0.0,27.0,是
0703002-0918-15-42-gnss_raw.txt,2436,459657.000,BDS,7,63.0,339.0,29.0,是
0703002-0918-15-42-gnss_raw.txt,2436,459657.000,BDS,9,54.0,224.0,32.0,是
0703002-0918-15-42-gnss_raw.txt,2436,459657.000,BDS,10,62.0,317.0,27.0,是
0703002-0918-15-42-gnss_raw.txt,2436,459657.000,BDS,19,31.0,159.0,22.0,是
0703002-0918-15-42-gnss_raw.txt,2436,459657.000,BDS,21,34.0,316.0,24.0,是
0703002-0918-15-42-gnss_raw.txt,2436,459657.000,BDS,22,75.0,234.0,30.0,是
0703002-0918-15-42-gnss_raw.txt,2436,459657.000,BDS,36,59.0,23.0,31.0,是
0703002-0918-15-42-gnss_raw.txt,2436,459657.000,BDS,39,54.0,271.0,30.0,是
0703002-0918-15-42-gnss_raw.txt,2436,459658.000,GPS,10,12.0,181.0,25.0,是
0703002-0918-15-42-gnss_raw.txt,2436,459658.000,GPS,26,56.0,236.0,29.0,是
0703002-0918-15-42-gnss_raw.txt,2436,459658.000,GPS,28,58.0,14.0,31.0,是
0703002-0918-15-42-gnss_raw.txt,2436,459658.000,GPS,31,52.0,317.0,31.0,是
0703002-0918-15-42-gnss_raw.txt,2436,459658.000,GPS,32,64.0,122.0,32.0,是
0703002-0918-15-42-gnss_raw.txt,2436,459658.000,GLONASS,71,80.0,152.0,28.0,是
0703002-0918-15-42-gnss_raw.txt,2436,459658.000,GLONASS,72,42.0,331.0,27.0,是
0703002-0918-15-42-gnss_raw.txt,2436,459658.000,GLONASS,73,45.0,19.0,33.0,是
0703002-0918-15-42-gnss_raw.txt,2436,459658.000,GLONASS,74,61.0,284.0,28.0,是
0703002-0918-15-42-gnss_raw.txt,2436,459658.000,GLONASS,90,0.0,0.0,34.0,是
0703002-0918-15-42-gnss_raw.txt,2436,459658.000,Galileo,19,52.0,328.0,26.0,是
0703002-0918-15-42-gnss_raw.txt,2436,459658.000,Galileo,21,74.0,185.0,30.0,是
0703002-0918-15-42-gnss_raw.txt,2436,459658.000,Galileo,27,0.0,0.0,28.0,是
0703002-0918-15-42-gnss_raw.txt,2436,459658.000,QZSS,2,57.0,125.0,27.0,是
0703002-0918-15-42-gnss_raw.txt,2436,459658.000,QZSS,7,53.0,169.0,23.0,是
0703002-0918-15-42-gnss_raw.txt,2436,459658.000,BDS,3,53.0,201.0,27.0,是
0703002-0918-15-42-gnss_raw.txt,2436,459658.000,BDS,7,63.0,339.0,29.0,是
0703002-0918-15-42-gnss_raw.txt,2436,459658.000,BDS,9,54.0,224.0,32.0,是
0703002-0918-15-42-gnss_raw.txt,2436,459658.000,BDS,10,62.0,317.0,27.0,是
0703002-0918-15-42-gnss_raw.txt,2436,459658.000,BDS,19,31.0,159.0,22.0,是
0703002-0918-15-42-gnss_raw.txt,2436,459658.000,BDS,21,34.0,316.0,25.0,是
0703002-0918-15-42-gnss_raw.txt,2436,459658.000,BDS,22,75.0,234.0,30.0,是
0703002-0918-15-42-gnss_raw.txt,2436,459658.000,BDS,36,59.0,23.0,31.0,是
0703002-0918-15-42-gnss_raw.txt,2436,459658.000,BDS,39,54.0,271.0,29.0,是
0703002-0918-15-42-gnss_raw.txt,2436,459659.000,GPS,10,12.0,181.0,23.0,是
0703002-0918-15-42-gnss_raw.txt,2436,459659.000,GPS,26,56.0,236.0,29.0,是
0703002-0918-15-42-gnss_raw.txt,2436,459659.000,GPS,28,58.0,14.0,31.0,是
0703002-0918-15-42-gnss_raw.txt,2436,459659.000,GPS,31,52.0,317.0,32.0,是
0703002-0918-15-42-gnss_raw.txt,2436,459659.000,GPS,32,64.0,122.0,31.0,是
0703002-0918-15-42-gnss_raw.txt,2436,459659.000,GLONASS,71,80.0,152.0,28.0,是
0703002-0918-15-42-gnss_raw.txt,2436,459659.000,GLONASS,72,42.0,331.0,26.0,是
0703002-0918-15-42-gnss_raw.txt,2436,459659.000,GLONASS,73,45.0,19.0,34.0,是
0703002-0918-15-42-gnss_raw.txt,2436,459659.000,GLONASS,74,61.0,284.0,28.0,是
0703002-0918-15-42-gnss_raw.txt,2436,459659.000,GLONASS,90,0.0,0.0,33.0,是
0703002-0918-15-42-gnss_raw.txt,2436,459659.000,Galileo,19,52.0,329.0,25.0,是
0703002-0918-15-42-gnss_raw.txt,2436,459659.000,Galileo,21,74.0,185.0,30.0,是
0703002-0918-15-42-gnss_raw.txt,2436,459659.000,Galileo,27,0.0,0.0,29.0,是
0703002-0918-15-42-gnss_raw.txt,2436,459659.000,QZSS,2,57.0,125.0,26.0,是
0703002-0918-15-42-gnss_raw.txt,2436,459659.000,QZSS,7,53.0,169.0,24.0,是
0703002-0918-15-42-gnss_raw.txt,2436,459659.000,BDS,3,53.0,201.0,28.0,是
0703002-0918-15-42-gnss_raw.txt,2436,459659.000,BDS,7,63.0,339.0,29.0,是
0703002-0918-15-42-gnss_raw.txt,2436,459659.000,BDS,9,54.0,224.0,32.0,是
0703002-0918-15-42-gnss_raw.txt,2436,459659.000,BDS,10,62.0,317.0,27.0,是
0703002-0918-15-42-gnss_raw.txt,2436,459659.000,BDS,19,31.0,159.0,23.0,是
0703002-0918-15-42-gnss_raw.txt,2436,459659.000,BDS,21,34.0,316.0,27.0,是
0703002-0918-15-42-gnss_raw.txt,2436,459659.000,BDS,22,75.0,234.0,29.0,是
0703002-0918-15-42-gnss_raw.txt,2436,459659.000,BDS,36,59.0,23.0,31.0,是
0703002-0918-15-42-gnss_raw.txt,2436,459659.000,BDS,39,54.0,271.0,29.0,是
0703002-0918-15-42-gnss_raw.txt,2436,459660.000,GPS,10,12.0,181.0,24.0,是
0703002-0918-15-42-gnss_raw.txt,2436,459660.000,GPS,26,56.0,236.0,28.0,是
0703002-0918-15-42-gnss_raw.txt,2436,459660.000,GPS,28,58.0,14.0,30.0,是
0703002-0918-15-42-gnss_raw.txt,2436,459660.000,GPS,31,52.0,317.0,29.0,是
0703002-0918-15-42-gnss_raw.txt,2436,459660.000,GPS,32,64.0,122.0,30.0,是
0703002-0918-15-42-gnss_raw.txt,2436,459660.000,GLONASS,71,80.0,152.0,30.0,是
0703002-0918-15-42-gnss_raw.txt,2436,459660.000,GLONASS,72,42.0,331.0,23.0,是
0703002-0918-15-42-gnss_raw.txt,2436,459660.000,GLONASS,73,45.0,19.0,32.0,是
0703002-0918-15-42-gnss_raw.txt,2436,459660.000,GLONASS,74,0.0,0.0,20.0,是
0703002-0918-15-42-gnss_raw.txt,2436,459660.000,GLONASS,90,0.0,0.0,30.0,是
0703002-0918-15-42-gnss_raw.txt,2436,459660.000,Galileo,19,52.0,329.0,25.0,是
0703002-0918-15-42-gnss_raw.txt,2436,459660.000,Galileo,21,74.0,185.0,32.0,是
0703002-0918-15-42-gnss_raw.txt,2436,459660.000,Galileo,27,0.0,0.0,30.0,是
0703002-0918-15-42-gnss_raw.txt,2436,459660.000,QZSS,2,57.0,125.0,28.0,是
0703002-0918-15-42-gnss_raw.txt,2436,459660.000,QZSS,7,53.0,169.0,25.0,是
0703002-0918-15-42-gnss_raw.txt,2436,459660.000,BDS,3,53.0,201.0,28.0,是
0703002-0918-15-42-gnss_raw.txt,2436,459660.000,BDS,7,63.0,339.0,28.0,是
0703002-0918-15-42-gnss_raw.txt,2436,459660.000,BDS,9,54.0,224.0,18.0,是
0703002-0918-15-42-gnss_raw.txt,2436,459660.000,BDS,10,62.0,317.0,26.0,是
0703002-0918-15-42-gnss_raw.txt,2436,459660.000,BDS,19,31.0,159.0,22.0,是
0703002-0918-15-42-gnss_raw.txt,2436,459660.000,BDS,21,34.0,316.0,25.0,是
0703002-0918-15-42-gnss_raw.txt,2436,459660.000,BDS,22,75.0,234.0,29.0,是
0703002-0918-15-42-gnss_raw.txt,2436,459660.000,BDS,36,59.0,23.0,29.0,是
0703002-0918-15-42-gnss_raw.txt,2436,459660.000,BDS,39,54.0,271.0,24.0,是
0703002-0918-15-42-gnss_raw.txt,2436,459661.000,GPS,10,12.0,181.0,25.0,是
0703002-0918-15-42-gnss_raw.txt,2436,459661.000,GPS,26,56.0,236.0,29.0,是
0703002-0918-15-42-gnss_raw.txt,2436,459661.000,GPS,28,58.0,14.0,30.0,是
0703002-0918-15-42-gnss_raw.txt,2436,459661.000,GPS,31,52.0,317.0,29.0,是
0703002-0918-15-42-gnss_raw.txt,2436,459661.000,GPS,32,64.0,122.0,32.0,是
0703002-0918-15-42-gnss_raw.txt,2436,459661.000,GLONASS,71,80.0,152.0,32.0,是
0703002-0918-15-42-gnss_raw.txt,2436,459661.000,GLONASS,72,42.0,331.0,23.0,是
0703002-0918-15-42-gnss_raw.txt,2436,459661.000,GLONASS,73,45.0,19.0,30.0,是
0703002-0918-15-42-gnss_raw.txt,2436,459661.000,GLONASS,74,61.0,284.0,24.0,是
0703002-0918-15-42-gnss_raw.txt,2436,459661.000,GLONASS,90,0.0,0.0,32.0,是
0703002-0918-15-42-gnss_raw.txt,2436,459661.000,Galileo,19,52.0,329.0,26.0,是
0703002-0918-15-42-gnss_raw.txt,2436,459661.000,Galileo,21,74.0,185.0,33.0,是
0703002-0918-15-42-gnss_raw.txt,2436,459661.000,Galileo,27,0.0,0.0,29.0,是
0703002-0918-15-42-gnss_raw.txt,2436,459661.000,QZSS,2,57.0,125.0,30.0,是
0703002-0918-15-42-gnss_raw.txt,2436,459661.000,QZSS,7,53.0,169.0,24.0,是
0703002-0918-15-42-gnss_raw.txt,2436,459661.000,BDS,3,53.0,201.0,39.0,是
0703002-0918-15-42-gnss_raw.txt,2436,459661.000,BDS,7,63.0,339.0,27.0,是
0703002-0918-15-42-gnss_raw.txt,2436,459661.000,BDS,9,54.0,224.0,22.0,是
0703002-0918-15-42-gnss_raw.txt,2436,459661.000,BDS,10,62.0,317.0,27.0,是
0703002-0918-15-42-gnss_raw.txt,2436,459661.000,BDS,19,31.0,159.0,21.0,是
0703002-0918-15-42-gnss_raw.txt,2436,459661.000,BDS,21,34.0,316.0,25.0,是
0703002-0918-15-42-gnss_raw.txt,2436,459661.000,BDS,22,75.0,234.0,30.0,是
0703002-0918-15-42-gnss_raw.txt,2436,459661.000,BDS,36,59.0,23.0,26.0,是
0703002-0918-15-42-gnss_raw.txt,2436,459661.000,BDS,39,54.0,271.0,23.0,是
0703002-0918-15-42-gnss_raw.txt,2436,459662.000,GPS,10,0.0,0.0,25.0,是
0703002-0918-15-42-gnss_raw.txt,2436,459662.000,GPS,26,56.0,236.0,29.0,是
0703002-0918-15-42-gnss_raw.txt,2436,459662.000,GPS,28,58.0,14.0,28.0,是
0703002-0918-15-42-gnss_raw.txt,2436,459662.000,GPS,31,52.0,317.0,28.0,是
0703002-0918-15-42-gnss_raw.txt,2436,459662.000,GPS,32,64.0,122.0,33.0,是
0703002-0918-15-42-gnss_raw.txt,2436,459662.000,GLONASS,71,80.0,152.0,33.0,是
0703002-0918-15-42-gnss_raw.txt,2436,459662.000,GLONASS,72,42.0,331.0,25.0,是
0703002-0918-15-42-gnss_raw.txt,2436,459662.000,GLONASS,73,45.0,19.0,28.0,是
0703002-0918-15-42-gnss_raw.txt,2436,459662.000,GLONASS,74,0.0,0.0,27.0,是
0703002-0918-15-42-gnss_raw.txt,2436,459662.000,GLONASS,90,0.0,0.0,32.0,是
0703002-0918-15-42-gnss_raw.txt,2436,459662.000,Galileo,19,52.0,329.0,28.0,是
0703002-0918-15-42-gnss_raw.txt,2436,459662.000,Galileo,21,74.0,185.0,32.0,是
0703002-0918-15-42-gnss_raw.txt,2436,459662.000,Galileo,27,0.0,0.0,29.0,是
0703002-0918-15-42-gnss_raw.txt,2436,459662.000,QZSS,2,57.0,125.0,30.0,是
0703002-0918-15-42-gnss_raw.txt,2436,459662.000,QZSS,7,53.0,169.0,24.0,是
0703002-0918-15-42-gnss_raw.txt,2436,459662.000,BDS,3,53.0,201.0,23.0,是
0703002-0918-15-42-gnss_raw.txt,2436,459662.000,BDS,7,63.0,339.0,26.0,是
0703002-0918-15-42-gnss_raw.txt,2436,459662.000,BDS,9,54.0,224.0,22.0,是
0703002-0918-15-42-gnss_raw.txt,2436,459662.000,BDS,10,62.0,317.0,26.0,是
0703002-0918-15-42-gnss_raw.txt,2436,459662.000,BDS,19,31.0,159.0,20.0,是
0703002-0918-15-42-gnss_raw.txt,2436,459662.000,BDS,21,34.0,316.0,27.0,是
0703002-0918-15-42-gnss_raw.txt,2436,459662.000,BDS,22,75.0,234.0,30.0,是
0703002-0918-15-42-gnss_raw.txt,2436,459662.000,BDS,36,59.0,23.0,26.0,是
0703002-0918-15-42-gnss_raw.txt,2436,459662.000,BDS,39,54.0,271.0,25.0,是
0703002-0918-15-42-gnss_raw.txt,2436,459663.000,GPS,10,0.0,0.0,24.0,是
0703002-0918-15-42-gnss_raw.txt,2436,459663.000,GPS,26,56.0,236.0,29.0,是
0703002-0918-15-42-gnss_raw.txt,2436,459663.000,GPS,28,58.0,14.0,27.0,是
0703002-0918-15-42-gnss_raw.txt,2436,459663.000,GPS,31,52.0,317.0,29.0,是
0703002-0918-15-42-gnss_raw.txt,2436,459663.000,GPS,32,64.0,122.0,33.0,是
0703002-0918-15-42-gnss_raw.txt,2436,459663.000,GLONASS,71,80.0,152.0,33.0,是
0703002-0918-15-42-gnss_raw.txt,2436,459663.000,GLONASS,72,42.0,331.0,25.0,是
0703002-0918-15-42-gnss_raw.txt,2436,459663.000,GLONASS,73,45.0,19.0,30.0,是
0703002-0918-15-42-gnss_raw.txt,2436,459663.000,GLONASS,74,61.0,284.0,28.0,是
0703002-0918-15-42-gnss_raw.txt,2436,459663.000,GLONASS,90,0.0,0.0,33.0,是
0703002-0918-15-42-gnss_raw.txt,2436,459663.000,Galileo,19,52.0,329.0,24.0,是
0703002-0918-15-42-gnss_raw.txt,2436,459663.000,Galileo,21,74.0,185.0,32.0,是
0703002-0918-15-42-gnss_raw.txt,2436,459663.000,Galileo,27,0.0,0.0,28.0,是
0703002-0918-15-42-gnss_raw.txt,2436,459663.000,QZSS,2,57.0,125.0,30.0,是
0703002-0918-15-42-gnss_raw.txt,2436,459663.000,QZSS,7,53.0,169.0,23.0,是
0703002-0918-15-42-gnss_raw.txt,2436,459663.000,BDS,3,53.0,201.0,25.0,是
0703002-0918-15-42-gnss_raw.txt,2436,459663.000,BDS,7,63.0,339.0,27.0,是
0703002-0918-15-42-gnss_raw.txt,2436,459663.000,BDS,9,54.0,224.0,24.0,是
0703002-0918-15-42-gnss_raw.txt,2436,459663.000,BDS,10,62.0,317.0,25.0,是
0703002-0918-15-42-gnss_raw.txt,2436,459663.000,BDS,19,31.0,159.0,21.0,是
0703002-0918-15-42-gnss_raw.txt,2436,459663.000,BDS,21,34.0,316.0,26.0,是
0703002-0918-15-42-gnss_raw.txt,2436,459663.000,BDS,22,75.0,234.0,30.0,是
0703002-0918-15-42-gnss_raw.txt,2436,459663.000,BDS,36,59.0,23.0,27.0,是
0703002-0918-15-42-gnss_raw.txt,2436,459663.000,BDS,39,54.0,271.0,27.0,是
0703002-0918-15-42-gnss_raw.txt,2436,459664.000,GPS,10,0.0,0.0,21.0,是
0703002-0918-15-42-gnss_raw.txt,2436,459664.000,GPS,26,56.0,236.0,30.0,是
0703002-0918-15-42-gnss_raw.txt,2436,459664.000,GPS,28,58.0,14.0,28.0,是
0703002-0918-15-42-gnss_raw.txt,2436,459664.000,GPS,31,52.0,317.0,30.0,是
0703002-0918-15-42-gnss_raw.txt,2436,459664.000,GPS,32,64.0,122.0,33.0,是
0703002-0918-15-42-gnss_raw.txt,2436,459664.000,GLONASS,71,80.0,152.0,32.0,是
0703002-0918-15-42-gnss_raw.txt,2436,459664.000,GLONASS,72,42.0,331.0,23.0,是
0703002-0918-15-42-gnss_raw.txt,2436,459664.000,GLONASS,73,45.0,19.0,31.0,是
0703002-0918-15-42-gnss_raw.txt,2436,459664.000,GLONASS,74,61.0,284.0,26.0,是
0703002-0918-15-42-gnss_raw.txt,2436,459664.000,GLONASS,90,0.0,0.0,34.0,是
0703002-0918-15-42-gnss_raw.txt,2436,459664.000,Galileo,19,52.0,329.0,27.0,是
0703002-0918-15-42-gnss_raw.txt,2436,459664.000,Galileo,21,74.0,185.0,31.0,是
0703002-0918-15-42-gnss_raw.txt,2436,459664.000,Galileo,27,0.0,0.0,28.0,是
0703002-0918-15-42-gnss_raw.txt,2436,459664.000,QZSS,2,57.0,125.0,30.0,是
0703002-0918-15-42-gnss_raw.txt,2436,459664.000,QZSS,7,53.0,169.0,20.0,是
0703002-0918-15-42-gnss_raw.txt,2436,459664.000,BDS,3,53.0,201.0,41.0,是
0703002-0918-15-42-gnss_raw.txt,2436,459664.000,BDS,7,63.0,340.0,28.0,是
0703002-0918-15-42-gnss_raw.txt,2436,459664.000,BDS,9,54.0,224.0,25.0,是
0703002-0918-15-42-gnss_raw.txt,2436,459664.000,BDS,10,62.0,317.0,26.0,是
0703002-0918-15-42-gnss_raw.txt,2436,459664.000,BDS,19,31.0,159.0,21.0,是
0703002-0918-15-42-gnss_raw.txt,2436,459664.000,BDS,21,34.0,316.0,25.0,是
0703002-0918-15-42-gnss_raw.txt,2436,459664.000,BDS,22,75.0,234.0,31.0,是
0703002-0918-15-42-gnss_raw.txt,2436,459664.000,BDS,36,59.0,23.0,29.0,是
0703002-0918-15-42-gnss_raw.txt,2436,459664.000,BDS,39,54.0,271.0,26.0,是
0703002-0918-15-42-gnss_raw.txt,2436,459665.000,GPS,10,0.0,0.0,21.0,是
0703002-0918-15-42-gnss_raw.txt,2436,459665.000,GPS,26,56.0,236.0,30.0,是
0703002-0918-15-42-gnss_raw.txt,2436,459665.000,GPS,28,58.0,14.0,28.0,是
0703002-0918-15-42-gnss_raw.txt,2436,459665.000,GPS,31,52.0,317.0,30.0,是
0703002-0918-15-42-gnss_raw.txt,2436,459665.000,GPS,32,64.0,122.0,30.0,是
0703002-0918-15-42-gnss_raw.txt,2436,459665.000,GLONASS,71,80.0,152.0,31.0,是
0703002-0918-15-42-gnss_raw.txt,2436,459665.000,GLONASS,72,42.0,331.0,23.0,是
0703002-0918-15-42-gnss_raw.txt,2436,459665.000,GLONASS,73,45.0,19.0,32.0,是
0703002-0918-15-42-gnss_raw.txt,2436,459665.000,GLONASS,74,0.0,0.0,26.0,是
0703002-0918-15-42-gnss_raw.txt,2436,459665.000,GLONASS,90,0.0,0.0,33.0,是
0703002-0918-15-42-gnss_raw.txt,2436,459665.000,Galileo,19,52.0,329.0,28.0,是
0703002-0918-15-42-gnss_raw.txt,2436,459665.000,Galileo,21,74.0,185.0,30.0,是
0703002-0918-15-42-gnss_raw.txt,2436,459665.000,Galileo,27,0.0,0.0,30.0,是
0703002-0918-15-42-gnss_raw.txt,2436,459665.000,QZSS,2,57.0,125.0,29.0,是
0703002-0918-15-42-gnss_raw.txt,2436,459665.000,QZSS,7,53.0,169.0,20.0,是
0703002-0918-15-42-gnss_raw.txt,2436,459665.000,BDS,3,53.0,201.0,28.0,是
0703002-0918-15-42-gnss_raw.txt,2436,459665.000,BDS,7,63.0,340.0,28.0,是
0703002-0918-15-42-gnss_raw.txt,2436,459665.000,BDS,9,54.0,224.0,26.0,是
0703002-0918-15-42-gnss_raw.txt,2436,459665.000,BDS,10,62.0,317.0,26.0,是
0703002-0918-15-42-gnss_raw.txt,2436,459665.000,BDS,19,31.0,159.0,21.0,是
0703002-0918-15-42-gnss_raw.txt,2436,459665.000,BDS,21,34.0,316.0,25.0,是
0703002-0918-15-42-gnss_raw.txt,2436,459665.000,BDS,22,75.0,234.0,31.0,是
0703002-0918-15-42-gnss_raw.txt,2436,459665.000,BDS,36,59.0,23.0,30.0,是
0703002-0918-15-42-gnss_raw.txt,2436,459665.000,BDS,39,54.0,271.0,26.0,是
0703002-0918-15-42-gnss_raw.txt,2436,459666.000,GPS,10,0.0,0.0,23.0,是
0703002-0918-15-42-gnss_raw.txt,2436,459666.000,GPS,26,56.0,236.0,30.0,是
0703002-0918-15-42-gnss_raw.txt,2436,459666.000,GPS,28,58.0,14.0,30.0,是
0703002-0918-15-42-gnss_raw.txt,2436,459666.000,GPS,31,52.0,317.0,30.0,是
0703002-0918-15-42-gnss_raw.txt,2436,459666.000,GPS,32,64.0,122.0,29.0,是
0703002-0918-15-42-gnss_raw.txt,2436,459666.000,GLONASS,71,80.0,152.0,31.0,是
0703002-0918-15-42-gnss_raw.txt,2436,459666.000,GLONASS,72,42.0,331.0,24.0,是
0703002-0918-15-42-gnss_raw.txt,2436,459666.000,GLONASS,73,45.0,19.0,32.0,是
0703002-0918-15-42-gnss_raw.txt,2436,459666.000,GLONASS,74,61.0,284.0,27.0,是
0703002-0918-15-42-gnss_raw.txt,2436,459666.000,GLONASS,90,0.0,0.0,34.0,是
0703002-0918-15-42-gnss_raw.txt,2436,459666.000,Galileo,19,52.0,329.0,27.0,是
0703002-0918-15-42-gnss_raw.txt,2436,459666.000,Galileo,21,74.0,185.0,31.0,是
0703002-0918-15-42-gnss_raw.txt,2436,459666.000,Galileo,27,0.0,0.0,28.0,是
0703002-0918-15-42-gnss_raw.txt,2436,459666.000,QZSS,2,57.0,125.0,26.0,是
0703002-0918-15-42-gnss_raw.txt,2436,459666.000,QZSS,7,53.0,169.0,22.0,是
0703002-0918-15-42-gnss_raw.txt,2436,459666.000,BDS,3,53.0,201.0,25.0,是
0703002-0918-15-42-gnss_raw.txt,2436,459666.000,BDS,7,63.0,340.0,28.0,是
0703002-0918-15-42-gnss_raw.txt,2436,459666.000,BDS,9,54.0,224.0,25.0,是
0703002-0918-15-42-gnss_raw.txt,2436,459666.000,BDS,10,62.0,317.0,25.0,是
0703002-0918-15-42-gnss_raw.txt,2436,459666.000,BDS,19,31.0,159.0,21.0,是
0703002-0918-15-42-gnss_raw.txt,2436,459666.000,BDS,21,34.0,316.0,23.0,是
0703002-0918-15-42-gnss_raw.txt,2436,459666.000,BDS,22,75.0,234.0,30.0,是
0703002-0918-15-42-gnss_raw.txt,2436,459666.000,BDS,36,59.0,23.0,30.0,是
0703002-0918-15-42-gnss_raw.txt,2436,459666.000,BDS,39,54.0,271.0,27.0,是
0703002-0918-15-42-gnss_raw.txt,2436,459667.000,GPS,10,0.0,0.0,23.0,是
0703002-0918-15-42-gnss_raw.txt,2436,459667.000,GPS,26,56.0,236.0,29.0,是
0703002-0918-15-42-gnss_raw.txt,2436,459667.000,GPS,28,58.0,14.0,30.0,是
0703002-0918-15-42-gnss_raw.txt,2436,459667.000,GPS,31,52.0,317.0,30.0,是
0703002-0918-15-42-gnss_raw.txt,2436,459667.000,GPS,32,64.0,122.0,29.0,是
0703002-0918-15-42-gnss_raw.txt,2436,459667.000,GLONASS,71,80.0,152.0,28.0,是
0703002-0918-15-42-gnss_raw.txt,2436,459667.000,GLONASS,72,42.0,331.0,21.0,是
0703002-0918-15-42-gnss_raw.txt,2436,459667.000,GLONASS,73,45.0,19.0,32.0,是
0703002-0918-15-42-gnss_raw.txt,2436,459667.000,GLONASS,74,61.0,284.0,28.0,是
0703002-0918-15-42-gnss_raw.txt,2436,459667.000,GLONASS,90,0.0,0.0,34.0,是
0703002-0918-15-42-gnss_raw.txt,2436,459667.000,Galileo,19,52.0,329.0,27.0,是
0703002-0918-15-42-gnss_raw.txt,2436,459667.000,Galileo,21,74.0,185.0,30.0,是
0703002-0918-15-42-gnss_raw.txt,2436,459667.000,Galileo,27,0.0,0.0,28.0,是
0703002-0918-15-42-gnss_raw.txt,2436,459667.000,QZSS,2,57.0,125.0,23.0,是
0703002-0918-15-42-gnss_raw.txt,2436,459667.000,QZSS,7,53.0,169.0,24.0,是
0703002-0918-15-42-gnss_raw.txt,2436,459667.000,BDS,3,0.0,0.0,26.0,是
0703002-0918-15-42-gnss_raw.txt,2436,459667.000,BDS,7,63.0,340.0,28.0,是
0703002-0918-15-42-gnss_raw.txt,2436,459667.000,BDS,9,54.0,224.0,24.0,是
0703002-0918-15-42-gnss_raw.txt,2436,459667.000,BDS,10,62.0,317.0,25.0,是
0703002-0918-15-42-gnss_raw.txt,2436,459667.000,BDS,19,31.0,159.0,20.0,是
0703002-0918-15-42-gnss_raw.txt,2436,459667.000,BDS,21,34.0,316.0,23.0,是
0703002-0918-15-42-gnss_raw.txt,2436,459667.000,BDS,22,75.0,234.0,30.0,是
0703002-0918-15-42-gnss_raw.txt,2436,459667.000,BDS,36,59.0,23.0,29.0,是
0703002-0918-15-42-gnss_raw.txt,2436,459667.000,BDS,39,54.0,271.0,27.0,是
0703002-0918-15-42-gnss_raw.txt,2436,459668.000,GPS,10,0.0,0.0,22.0,是
0703002-0918-15-42-gnss_raw.txt,2436,459668.000,GPS,26,56.0,236.0,29.0,是
0703002-0918-15-42-gnss_raw.txt,2436,459668.000,GPS,28,58.0,14.0,29.0,是
0703002-0918-15-42-gnss_raw.txt,2436,459668.000,GPS,31,52.0,317.0,31.0,是
0703002-0918-15-42-gnss_raw.txt,2436,459668.000,GPS,32,64.0,122.0,31.0,是
0703002-0918-15-42-gnss_raw.txt,2436,459668.000,GLONASS,71,80.0,152.0,31.0,是
0703002-0918-15-42-gnss_raw.txt,2436,459668.000,GLONASS,72,42.0,331.0,25.0,是
0703002-0918-15-42-gnss_raw.txt,2436,459668.000,GLONASS,73,45.0,19.0,33.0,是
0703002-0918-15-42-gnss_raw.txt,2436,459668.000,GLONASS,74,61.0,284.0,28.0,是
0703002-0918-15-42-gnss_raw.txt,2436,459668.000,GLONASS,90,0.0,0.0,33.0,是
0703002-0918-15-42-gnss_raw.txt,2436,459668.000,Galileo,19,0.0,0.0,26.0,是
0703002-0918-15-42-gnss_raw.txt,2436,459668.000,Galileo,21,74.0,185.0,32.0,是
0703002-0918-15-42-gnss_raw.txt,2436,459668.000,Galileo,27,0.0,0.0,26.0,是
0703002-0918-15-42-gnss_raw.txt,2436,459668.000,QZSS,2,57.0,125.0,22.0,是
0703002-0918-15-42-gnss_raw.txt,2436,459668.000,QZSS,7,53.0,169.0,25.0,是
0703002-0918-15-42-gnss_raw.txt,2436,459668.000,BDS,3,53.0,201.0,25.0,是
0703002-0918-15-42-gnss_raw.txt,2436,459668.000,BDS,7,63.0,340.0,27.0,是
0703002-0918-15-42-gnss_raw.txt,2436,459668.000,BDS,9,54.0,224.0,26.0,是
0703002-0918-15-42-gnss_raw.txt,2436,459668.000,BDS,10,62.0,317.0,25.0,是
0703002-0918-15-42-gnss_raw.txt,2436,459668.000,BDS,19,31.0,159.0,20.0,是
0703002-0918-15-42-gnss_raw.txt,2436,459668.000,BDS,21,34.0,316.0,25.0,是
0703002-0918-15-42-gnss_raw.txt,2436,459668.000,BDS,22,75.0,234.0,29.0,是
0703002-0918-15-42-gnss_raw.txt,2436,459668.000,BDS,36,59.0,23.0,29.0,是
0703002-0918-15-42-gnss_raw.txt,2436,459668.000,BDS,39,54.0,271.0,26.0,是
0703002-0918-15-42-gnss_raw.txt,2436,459669.000,GPS,10,0.0,0.0,21.0,是
0703002-0918-15-42-gnss_raw.txt,2436,459669.000,GPS,26,56.0,236.0,30.0,是
0703002-0918-15-42-gnss_raw.txt,2436,459669.000,GPS,28,58.0,14.0,27.0,是
0703002-0918-15-42-gnss_raw.txt,2436,459669.000,GPS,31,52.0,317.0,31.0,是
0703002-0918-15-42-gnss_raw.txt,2436,459669.000,GPS,32,64.0,122.0,32.0,是
0703002-0918-15-42-gnss_raw.txt,2436,459669.000,GLONASS,71,80.0,152.0,32.0,是
0703002-0918-15-42-gnss_raw.txt,2436,459669.000,GLONASS,72,42.0,331.0,25.0,是
0703002-0918-15-42-gnss_raw.txt,2436,459669.000,GLONASS,73,45.0,19.0,30.0,是
0703002-0918-15-42-gnss_raw.txt,2436,459669.000,GLONASS,74,61.0,284.0,24.0,是
0703002-0918-15-42-gnss_raw.txt,2436,459669.000,GLONASS,90,0.0,0.0,32.0,是
0703002-0918-15-42-gnss_raw.txt,2436,459669.000,Galileo,19,0.0,0.0,26.0,是
0703002-0918-15-42-gnss_raw.txt,2436,459669.000,Galileo,21,74.0,185.0,33.0,是
0703002-0918-15-42-gnss_raw.txt,2436,459669.000,Galileo,27,0.0,0.0,29.0,是
0703002-0918-15-42-gnss_raw.txt,2436,459669.000,QZSS,2,57.0,125.0,20.0,是
0703002-0918-15-42-gnss_raw.txt,2436,459669.000,QZSS,7,53.0,169.0,24.0,是
0703002-0918-15-42-gnss_raw.txt,2436,459669.000,BDS,3,53.0,201.0,27.0,是
0703002-0918-15-42-gnss_raw.txt,2436,459669.000,BDS,7,63.0,340.0,27.0,是
0703002-0918-15-42-gnss_raw.txt,2436,459669.000,BDS,9,54.0,224.0,26.0,是
0703002-0918-15-42-gnss_raw.txt,2436,459669.000,BDS,10,62.0,317.0,25.0,是
0703002-0918-15-42-gnss_raw.txt,2436,459669.000,BDS,19,31.0,159.0,20.0,是
0703002-0918-15-42-gnss_raw.txt,2436,459669.000,BDS,21,34.0,316.0,24.0,是
0703002-0918-15-42-gnss_raw.txt,2436,459669.000,BDS,22,75.0,234.0,30.0,是
0703002-0918-15-42-gnss_raw.txt,2436,459669.000,BDS,36,59.0,23.0,28.0,是
0703002-0918-15-42-gnss_raw.txt,2436,459669.000,BDS,39,54.0,271.0,26.0,是
0703002-0918-15-42-gnss_raw.txt,2436,459670.000,GPS,10,12.0,181.0,24.0,是
0703002-0918-15-42-gnss_raw.txt,2436,459670.000,GPS,26,56.0,236.0,30.0,是
0703002-0918-15-42-gnss_raw.txt,2436,459670.000,GPS,28,58.0,14.0,26.0,是
0703002-0918-15-42-gnss_raw.txt,2436,459670.000,GPS,31,52.0,317.0,30.0,是
0703002-0918-15-42-gnss_raw.txt,2436,459670.000,GPS,32,64.0,122.0,32.0,是
0703002-0918-15-42-gnss_raw.txt,2436,459670.000,GLONASS,71,80.0,152.0,31.0,是
0703002-0918-15-42-gnss_raw.txt,2436,459670.000,GLONASS,72,42.0,331.0,26.0,是
0703002-0918-15-42-gnss_raw.txt,2436,459670.000,GLONASS,73,45.0,19.0,29.0,是
0703002-0918-15-42-gnss_raw.txt,2436,459670.000,GLONASS,74,61.0,284.0,28.0,是
0703002-0918-15-42-gnss_raw.txt,2436,459670.000,GLONASS,90,0.0,0.0,34.0,是
0703002-0918-15-42-gnss_raw.txt,2436,459670.000,Galileo,19,52.0,329.0,26.0,是
0703002-0918-15-42-gnss_raw.txt,2436,459670.000,Galileo,21,74.0,185.0,33.0,是
0703002-0918-15-42-gnss_raw.txt,2436,459670.000,Galileo,27,0.0,0.0,28.0,是
0703002-0918-15-42-gnss_raw.txt,2436,459670.000,QZSS,2,57.0,125.0,28.0,是
0703002-0918-15-42-gnss_raw.txt,2436,459670.000,QZSS,7,53.0,169.0,23.0,是
0703002-0918-15-42-gnss_raw.txt,2436,459670.000,BDS,3,53.0,201.0,34.0,是
0703002-0918-15-42-gnss_raw.txt,2436,459670.000,BDS,7,63.0,340.0,26.0,是
0703002-0918-15-42-gnss_raw.txt,2436,459670.000,BDS,9,54.0,224.0,26.0,是
0703002-0918-15-42-gnss_raw.txt,2436,459670.000,BDS,10,62.0,317.0,25.0,是
0703002-0918-15-42-gnss_raw.txt,2436,459670.000,BDS,19,31.0,159.0,21.0,是
0703002-0918-15-42-gnss_raw.txt,2436,459670.000,BDS,21,34.0,316.0,26.0,是
0703002-0918-15-42-gnss_raw.txt,2436,459670.000,BDS,22,75.0,234.0,31.0,是
0703002-0918-15-42-gnss_raw.txt,2436,459670.000,BDS,36,59.0,23.0,27.0,是
0703002-0918-15-42-gnss_raw.txt,2436,459670.000,BDS,39,54.0,271.0,27.0,是
0703002-0918-15-42-gnss_raw.txt,2436,459671.000,GPS,10,12.0,181.0,23.0,是
0703002-0918-15-42-gnss_raw.txt,2436,459671.000,GPS,26,56.0,236.0,31.0,是
0703002-0918-15-42-gnss_raw.txt,2436,459671.000,GPS,28,58.0,14.0,27.0,是
0703002-0918-15-42-gnss_raw.txt,2436,459671.000,GPS,31,52.0,317.0,30.0,是
0703002-0918-15-42-gnss_raw.txt,2436,459671.000,GPS,32,64.0,122.0,32.0,是
0703002-0918-15-42-gnss_raw.txt,2436,459671.000,GLONASS,71,80.0,152.0,32.0,是
0703002-0918-15-42-gnss_raw.txt,2436,459671.000,GLONASS,72,42.0,331.0,24.0,是
0703002-0918-15-42-gnss_raw.txt,2436,459671.000,GLONASS,73,45.0,19.0,27.0,是
0703002-0918-15-42-gnss_raw.txt,2436,459671.000,GLONASS,74,61.0,284.0,27.0,是
0703002-0918-15-42-gnss_raw.txt,2436,459671.000,GLONASS,90,0.0,0.0,32.0,是
0703002-0918-15-42-gnss_raw.txt,2436,459671.000,Galileo,19,52.0,329.0,27.0,是
0703002-0918-15-42-gnss_raw.txt,2436,459671.000,Galileo,21,75.0,185.0,32.0,是
0703002-0918-15-42-gnss_raw.txt,2436,459671.000,Galileo,27,0.0,0.0,30.0,是
0703002-0918-15-42-gnss_raw.txt,2436,459671.000,QZSS,2,57.0,125.0,26.0,是
0703002-0918-15-42-gnss_raw.txt,2436,459671.000,QZSS,7,53.0,169.0,23.0,是
0703002-0918-15-42-gnss_raw.txt,2436,459671.000,BDS,3,53.0,201.0,33.0,是
0703002-0918-15-42-gnss_raw.txt,2436,459671.000,BDS,7,63.0,340.0,26.0,是
0703002-0918-15-42-gnss_raw.txt,2436,459671.000,BDS,9,54.0,224.0,26.0,是
0703002-0918-15-42-gnss_raw.txt,2436,459671.000,BDS,10,62.0,317.0,26.0,是
0703002-0918-15-42-gnss_raw.txt,2436,459671.000,BDS,19,31.0,159.0,20.0,是
0703002-0918-15-42-gnss_raw.txt,2436,459671.000,BDS,21,34.0,316.0,26.0,是
0703002-0918-15-42-gnss_raw.txt,2436,459671.000,BDS,22,75.0,234.0,31.0,是
0703002-0918-15-42-gnss_raw.txt,2436,459671.000,BDS,36,59.0,23.0,27.0,是
0703002-0918-15-42-gnss_raw.txt,2436,459671.000,BDS,39,54.0,271.0,28.0,是
0703002-0918-15-42-gnss_raw.txt,2436,459672.000,GPS,10,12.0,181.0,24.0,是
0703002-0918-15-42-gnss_raw.txt,2436,459672.000,GPS,26,56.0,236.0,32.0,是
0703002-0918-15-42-gnss_raw.txt,2436,459672.000,GPS,28,58.0,14.0,29.0,是
0703002-0918-15-42-gnss_raw.txt,2436,459672.000,GPS,31,52.0,317.0,30.0,是
0703002-0918-15-42-gnss_raw.txt,2436,459672.000,GPS,32,64.0,122.0,33.0,是
0703002-0918-15-42-gnss_raw.txt,2436,459672.000,GLONASS,71,80.0,152.0,31.0,是
0703002-0918-15-42-gnss_raw.txt,2436,459672.000,GLONASS,72,42.0,331.0,24.0,是
0703002-0918-15-42-gnss_raw.txt,2436,459672.000,GLONASS,73,45.0,19.0,30.0,是
0703002-0918-15-42-gnss_raw.txt,2436,459672.000,GLONASS,74,61.0,285.0,26.0,是
0703002-0918-15-42-gnss_raw.txt,2436,459672.000,GLONASS,90,0.0,0.0,34.0,是
0703002-0918-15-42-gnss_raw.txt,2436,459672.000,Galileo,19,52.0,329.0,26.0,是
0703002-0918-15-42-gnss_raw.txt,2436,459672.000,Galileo,21,75.0,185.0,32.0,是
0703002-0918-15-42-gnss_raw.txt,2436,459672.000,Galileo,27,0.0,0.0,28.0,是
0703002-0918-15-42-gnss_raw.txt,2436,459672.000,QZSS,2,0.0,0.0,26.0,是
0703002-0918-15-42-gnss_raw.txt,2436,459672.000,QZSS,7,53.0,169.0,23.0,是
0703002-0918-15-42-gnss_raw.txt,2436,459672.000,BDS,7,63.0,340.0,27.0,是
0703002-0918-15-42-gnss_raw.txt,2436,459672.000,BDS,9,54.0,224.0,26.0,是
0703002-0918-15-42-gnss_raw.txt,2436,459672.000,BDS,10,62.0,317.0,26.0,是
0703002-0918-15-42-gnss_raw.txt,2436,459672.000,BDS,19,31.0,159.0,19.0,是
0703002-0918-15-42-gnss_raw.txt,2436,459672.000,BDS,21,34.0,316.0,26.0,是
0703002-0918-15-42-gnss_raw.txt,2436,459672.000,BDS,22,75.0,234.0,31.0,是
0703002-0918-15-42-gnss_raw.txt,2436,459672.000,BDS,36,59.0,23.0,28.0,是
0703002-0918-15-42-gnss_raw.txt,2436,459672.000,BDS,39,54.0,271.0,27.0,是
0703002-0918-15-42-gnss_raw.txt,2436,459673.000,GPS,10,12.0,181.0,27.0,是
0703002-0918-15-42-gnss_raw.txt,2436,459673.000,GPS,26,56.0,236.0,32.0,是
0703002-0918-15-42-gnss_raw.txt,2436,459673.000,GPS,28,58.0,14.0,29.0,是
0703002-0918-15-42-gnss_raw.txt,2436,459673.000,GPS,31,52.0,317.0,30.0,是
0703002-0918-15-42-gnss_raw.txt,2436,459673.000,GPS,32,64.0,122.0,33.0,是
0703002-0918-15-42-gnss_raw.txt,2436,459673.000,GLONASS,71,80.0,152.0,32.0,是
0703002-0918-15-42-gnss_raw.txt,2436,459673.000,GLONASS,72,42.0,331.0,23.0,是
0703002-0918-15-42-gnss_raw.txt,2436,459673.000,GLONASS,73,45.0,19.0,31.0,是
0703002-0918-15-42-gnss_raw.txt,2436,459673.000,GLONASS,74,0.0,0.0,26.0,是
0703002-0918-15-42-gnss_raw.txt,2436,459673.000,GLONASS,90,0.0,0.0,34.0,是
0703002-0918-15-42-gnss_raw.txt,2436,459673.000,Galileo,19,52.0,329.0,27.0,是
0703002-0918-15-42-gnss_raw.txt,2436,459673.000,Galileo,21,75.0,185.0,32.0,是
0703002-0918-15-42-gnss_raw.txt,2436,459673.000,Galileo,27,0.0,0.0,29.0,是
0703002-0918-15-42-gnss_raw.txt,2436,459673.000,QZSS,2,0.0,0.0,24.0,是
0703002-0918-15-42-gnss_raw.txt,2436,459673.000,QZSS,7,53.0,169.0,24.0,是
0703002-0918-15-42-gnss_raw.txt,2436,459673.000,BDS,7,63.0,340.0,28.0,是
0703002-0918-15-42-gnss_raw.txt,2436,459673.000,BDS,9,54.0,224.0,26.0,是
0703002-0918-15-42-gnss_raw.txt,2436,459673.000,BDS,10,62.0,317.0,26.0,是
0703002-0918-15-42-gnss_raw.txt,2436,459673.000,BDS,19,31.0,159.0,20.0,是
0703002-0918-15-42-gnss_raw.txt,2436,459673.000,BDS,21,34.0,316.0,27.0,是
0703002-0918-15-42-gnss_raw.txt,2436,459673.000,BDS,22,75.0,234.0,31.0,是
0703002-0918-15-42-gnss_raw.txt,2436,459673.000,BDS,36,59.0,23.0,28.0,是
0703002-0918-15-42-gnss_raw.txt,2436,459673.000,BDS,39,54.0,271.0,28.0,是
0703002-0918-15-42-gnss_raw.txt,2436,459674.000,GPS,10,12.0,181.0,28.0,是
0703002-0918-15-42-gnss_raw.txt,2436,459674.000,GPS,26,56.0,236.0,32.0,是
0703002-0918-15-42-gnss_raw.txt,2436,459674.000,GPS,28,58.0,14.0,28.0,是
0703002-0918-15-42-gnss_raw.txt,2436,459674.000,GPS,31,52.0,317.0,31.0,是
0703002-0918-15-42-gnss_raw.txt,2436,459674.000,GPS,32,64.0,122.0,31.0,是
0703002-0918-15-42-gnss_raw.txt,2436,459674.000,GLONASS,71,80.0,152.0,29.0,是
0703002-0918-15-42-gnss_raw.txt,2436,459674.000,GLONASS,72,42.0,331.0,24.0,是
0703002-0918-15-42-gnss_raw.txt,2436,459674.000,GLONASS,73,45.0,19.0,30.0,是
0703002-0918-15-42-gnss_raw.txt,2436,459674.000,GLONASS,74,61.0,285.0,28.0,是
0703002-0918-15-42-gnss_raw.txt,2436,459674.000,GLONASS,90,0.0,0.0,32.0,是
0703002-0918-15-42-gnss_raw.txt,2436,459674.000,Galileo,19,52.0,329.0,28.0,是
0703002-0918-15-42-gnss_raw.txt,2436,459674.000,Galileo,21,75.0,185.0,31.0,是
0703002-0918-15-42-gnss_raw.txt,2436,459674.000,Galileo,27,0.0,0.0,28.0,是
0703002-0918-15-42-gnss_raw.txt,2436,459674.000,QZSS,2,0.0,0.0,19.0,是
0703002-0918-15-42-gnss_raw.txt,2436,459674.000,QZSS,7,53.0,169.0,25.0,是
0703002-0918-15-42-gnss_raw.txt,2436,459674.000,BDS,7,63.0,340.0,28.0,是
0703002-0918-15-42-gnss_raw.txt,2436,459674.000,BDS,9,54.0,224.0,26.0,是
0703002-0918-15-42-gnss_raw.txt,2436,459674.000,BDS,10,62.0,317.0,26.0,是
0703002-0918-15-42-gnss_raw.txt,2436,459674.000,BDS,19,31.0,159.0,21.0,是
0703002-0918-15-42-gnss_raw.txt,2436,459674.000,BDS,21,34.0,316.0,27.0,是
0703002-0918-15-42-gnss_raw.txt,2436,459674.000,BDS,22,75.0,234.0,31.0,是
0703002-0918-15-42-gnss_raw.txt,2436,459674.000,BDS,36,59.0,23.0,27.0,是
0703002-0918-15-42-gnss_raw.txt,2436,459674.000,BDS,39,54.0,271.0,29.0,是
0703002-0918-15-42-gnss_raw.txt,2436,459675.000,GPS,10,12.0,181.0,28.0,是
0703002-0918-15-42-gnss_raw.txt,2436,459675.000,GPS,26,56.0,236.0,31.0,是
0703002-0918-15-42-gnss_raw.txt,2436,459675.000,GPS,28,58.0,14.0,28.0,是
0703002-0918-15-42-gnss_raw.txt,2436,459675.000,GPS,31,52.0,317.0,31.0,是
0703002-0918-15-42-gnss_raw.txt,2436,459675.000,GPS,32,64.0,122.0,30.0,是
0703002-0918-15-42-gnss_raw.txt,2436,459675.000,GLONASS,71,80.0,152.0,31.0,是
0703002-0918-15-42-gnss_raw.txt,2436,459675.000,GLONASS,72,42.0,331.0,26.0,是
0703002-0918-15-42-gnss_raw.txt,2436,459675.000,GLONASS,73,45.0,19.0,30.0,是
0703002-0918-15-42-gnss_raw.txt,2436,459675.000,GLONASS,74,61.0,285.0,28.0,是
0703002-0918-15-42-gnss_raw.txt,2436,459675.000,GLONASS,90,0.0,0.0,34.0,是
0703002-0918-15-42-gnss_raw.txt,2436,459675.000,Galileo,19,52.0,329.0,27.0,是
0703002-0918-15-42-gnss_raw.txt,2436,459675.000,Galileo,21,75.0,185.0,31.0,是
0703002-0918-15-42-gnss_raw.txt,2436,459675.000,Galileo,27,0.0,0.0,30.0,是
0703002-0918-15-42-gnss_raw.txt,2436,459675.000,QZSS,2,0.0,0.0,16.0,是
0703002-0918-15-42-gnss_raw.txt,2436,459675.000,QZSS,7,53.0,169.0,26.0,是
0703002-0918-15-42-gnss_raw.txt,2436,459675.000,BDS,7,63.0,340.0,28.0,是
0703002-0918-15-42-gnss_raw.txt,2436,459675.000,BDS,9,54.0,224.0,26.0,是
0703002-0918-15-42-gnss_raw.txt,2436,459675.000,BDS,10,62.0,317.0,27.0,是
0703002-0918-15-42-gnss_raw.txt,2436,459675.000,BDS,19,31.0,159.0,20.0,是
0703002-0918-15-42-gnss_raw.txt,2436,459675.000,BDS,21,34.0,316.0,27.0,是
0703002-0918-15-42-gnss_raw.txt,2436,459675.000,BDS,22,75.0,234.0,31.0,是
0703002-0918-15-42-gnss_raw.txt,2436,459675.000,BDS,36,59.0,23.0,28.0,是
0703002-0918-15-42-gnss_raw.txt,2436,459675.000,BDS,39,54.0,271.0,30.0,是
0703002-0918-15-42-gnss_raw.txt,2436,459676.000,GPS,10,12.0,181.0,29.0,是
0703002-0918-15-42-gnss_raw.txt,2436,459676.000,GPS,26,56.0,236.0,30.0,是
0703002-0918-15-42-gnss_raw.txt,2436,459676.000,GPS,28,58.0,14.0,29.0,是
0703002-0918-15-42-gnss_raw.txt,2436,459676.000,GPS,31,52.0,317.0,31.0,是
0703002-0918-15-42-gnss_raw.txt,2436,459676.000,GPS,32,64.0,122.0,31.0,是
0703002-0918-15-42-gnss_raw.txt,2436,459676.000,GLONASS,71,80.0,152.0,32.0,是
0703002-0918-15-42-gnss_raw.txt,2436,459676.000,GLONASS,72,42.0,331.0,26.0,是
0703002-0918-15-42-gnss_raw.txt,2436,459676.000,GLONASS,73,45.0,19.0,31.0,是
0703002-0918-15-42-gnss_raw.txt,2436,459676.000,GLONASS,74,0.0,0.0,28.0,是
0703002-0918-15-42-gnss_raw.txt,2436,459676.000,GLONASS,90,0.0,0.0,34.0,是
0703002-0918-15-42-gnss_raw.txt,2436,459676.000,Galileo,19,52.0,329.0,27.0,是
0703002-0918-15-42-gnss_raw.txt,2436,459676.000,Galileo,21,75.0,185.0,32.0,是
0703002-0918-15-42-gnss_raw.txt,2436,459676.000,Galileo,27,0.0,0.0,29.0,是
0703002-0918-15-42-gnss_raw.txt,2436,459676.000,QZSS,2,0.0,0.0,20.0,是
0703002-0918-15-42-gnss_raw.txt,2436,459676.000,QZSS,7,53.0,169.0,24.0,是
0703002-0918-15-42-gnss_raw.txt,2436,459676.000,BDS,7,63.0,340.0,28.0,是
0703002-0918-15-42-gnss_raw.txt,2436,459676.000,BDS,9,54.0,224.0,26.0,是
0703002-0918-15-42-gnss_raw.txt,2436,459676.000,BDS,10,62.0,317.0,27.0,是
0703002-0918-15-42-gnss_raw.txt,2436,459676.000,BDS,19,31.0,159.0,19.0,是
0703002-0918-15-42-gnss_raw.txt,2436,459676.000,BDS,21,34.0,316.0,27.0,是
0703002-0918-15-42-gnss_raw.txt,2436,459676.000,BDS,22,75.0,234.0,31.0,是
0703002-0918-15-42-gnss_raw.txt,2436,459676.000,BDS,36,59.0,23.0,29.0,是
0703002-0918-15-42-gnss_raw.txt,2436,459676.000,BDS,39,54.0,271.0,28.0,是
0703002-0918-15-42-gnss_raw.txt,2436,459677.000,GPS,10,12.0,181.0,27.0,是
0703002-0918-15-42-gnss_raw.txt,2436,459677.000,GPS,26,56.0,236.0,30.0,是
0703002-0918-15-42-gnss_raw.txt,2436,459677.000,GPS,28,58.0,14.0,28.0,是
0703002-0918-15-42-gnss_raw.txt,2436,459677.000,GPS,31,52.0,317.0,31.0,是
0703002-0918-15-42-gnss_raw.txt,2436,459677.000,GPS,32,64.0,122.0,32.0,是
0703002-0918-15-42-gnss_raw.txt,2436,459677.000,GLONASS,71,80.0,152.0,32.0,是
0703002-0918-15-42-gnss_raw.txt,2436,459677.000,GLONASS,72,42.0,331.0,26.0,是
0703002-0918-15-42-gnss_raw.txt,2436,459677.000,GLONASS,73,45.0,19.0,32.0,是
0703002-0918-15-42-gnss_raw.txt,2436,459677.000,GLONASS,74,61.0,285.0,29.0,是
0703002-0918-15-42-gnss_raw.txt,2436,459677.000,GLONASS,90,0.0,0.0,34.0,是
0703002-0918-15-42-gnss_raw.txt,2436,459677.000,Galileo,19,52.0,329.0,29.0,是
0703002-0918-15-42-gnss_raw.txt,2436,459677.000,Galileo,21,75.0,185.0,33.0,是
0703002-0918-15-42-gnss_raw.txt,2436,459677.000,Galileo,27,0.0,0.0,30.0,是
0703002-0918-15-42-gnss_raw.txt,2436,459677.000,QZSS,2,0.0,0.0,21.0,是
0703002-0918-15-42-gnss_raw.txt,2436,459677.000,QZSS,7,53.0,169.0,22.0,是
0703002-0918-15-42-gnss_raw.txt,2436,459677.000,BDS,7,63.0,340.0,28.0,是
0703002-0918-15-42-gnss_raw.txt,2436,459677.000,BDS,9,54.0,224.0,25.0,是
0703002-0918-15-42-gnss_raw.txt,2436,459677.000,BDS,10,62.0,317.0,27.0,是
0703002-0918-15-42-gnss_raw.txt,2436,459677.000,BDS,19,31.0,159.0,19.0,是
0703002-0918-15-42-gnss_raw.txt,2436,459677.000,BDS,21,34.0,316.0,27.0,是
0703002-0918-15-42-gnss_raw.txt,2436,459677.000,BDS,22,75.0,234.0,32.0,是
0703002-0918-15-42-gnss_raw.txt,2436,459677.000,BDS,36,59.0,23.0,27.0,是
0703002-0918-15-42-gnss_raw.txt,2436,459677.000,BDS,39,54.0,271.0,27.0,是
0703002-0918-15-42-gnss_raw.txt,2436,459678.000,GPS,10,12.0,181.0,28.0,是
0703002-0918-15-42-gnss_raw.txt,2436,459678.000,GPS,26,56.0,236.0,30.0,是
0703002-0918-15-42-gnss_raw.txt,2436,459678.000,GPS,28,58.0,14.0,26.0,是
0703002-0918-15-42-gnss_raw.txt,2436,459678.000,GPS,31,52.0,317.0,31.0,是
0703002-0918-15-42-gnss_raw.txt,2436,459678.000,GPS,32,64.0,122.0,33.0,是
0703002-0918-15-42-gnss_raw.txt,2436,459678.000,GLONASS,71,80.0,152.0,32.0,是
0703002-0918-15-42-gnss_raw.txt,2436,459678.000,GLONASS,72,42.0,331.0,25.0,是
0703002-0918-15-42-gnss_raw.txt,2436,459678.000,GLONASS,73,45.0,19.0,30.0,是
0703002-0918-15-42-gnss_raw.txt,2436,459678.000,GLONASS,74,61.0,285.0,28.0,是
0703002-0918-15-42-gnss_raw.txt,2436,459678.000,GLONASS,90,0.0,0.0,34.0,是
0703002-0918-15-42-gnss_raw.txt,2436,459678.000,Galileo,19,52.0,329.0,26.0,是
0703002-0918-15-42-gnss_raw.txt,2436,459678.000,Galileo,21,75.0,185.0,30.0,是
0703002-0918-15-42-gnss_raw.txt,2436,459678.000,Galileo,27,0.0,0.0,28.0,是
0703002-0918-15-42-gnss_raw.txt,2436,459678.000,QZSS,2,0.0,0.0,19.0,是
0703002-0918-15-42-gnss_raw.txt,2436,459678.000,QZSS,7,53.0,169.0,22.0,是
0703002-0918-15-42-gnss_raw.txt,2436,459678.000,BDS,7,63.0,340.0,27.0,是
0703002-0918-15-42-gnss_raw.txt,2436,459678.000,BDS,9,54.0,224.0,26.0,是
0703002-0918-15-42-gnss_raw.txt,2436,459678.000,BDS,10,62.0,317.0,27.0,是
0703002-0918-15-42-gnss_raw.txt,2436,459678.000,BDS,19,31.0,159.0,21.0,是
0703002-0918-15-42-gnss_raw.txt,2436,459678.000,BDS,21,34.0,316.0,27.0,是
0703002-0918-15-42-gnss_raw.txt,2436,459678.000,BDS,22,75.0,234.0,31.0,是
0703002-0918-15-42-gnss_raw.txt,2436,459678.000,BDS,36,59.0,23.0,26.0,是
0703002-0918-15-42-gnss_raw.txt,2436,459678.000,BDS,39,54.0,271.0,29.0,是
0703002-0918-15-42-gnss_raw.txt,2436,459679.000,GPS,10,12.0,181.0,28.0,是
0703002-0918-15-42-gnss_raw.txt,2436,459679.000,GPS,26,56.0,236.0,30.0,是
0703002-0918-15-42-gnss_raw.txt,2436,459679.000,GPS,28,58.0,14.0,27.0,是
0703002-0918-15-42-gnss_raw.txt,2436,459679.000,GPS,31,52.0,317.0,31.0,是
0703002-0918-15-42-gnss_raw.txt,2436,459679.000,GPS,32,64.0,122.0,31.0,是
0703002-0918-15-42-gnss_raw.txt,2436,459679.000,GLONASS,71,80.0,152.0,30.0,是
0703002-0918-15-42-gnss_raw.txt,2436,459679.000,GLONASS,72,42.0,331.0,26.0,是
0703002-0918-15-42-gnss_raw.txt,2436,459679.000,GLONASS,73,45.0,19.0,29.0,是
0703002-0918-15-42-gnss_raw.txt,2436,459679.000,GLONASS,74,0.0,0.0,26.0,是
0703002-0918-15-42-gnss_raw.txt,2436,459679.000,GLONASS,90,0.0,0.0,34.0,是
0703002-0918-15-42-gnss_raw.txt,2436,459679.000,Galileo,19,52.0,329.0,26.0,是
0703002-0918-15-42-gnss_raw.txt,2436,459679.000,Galileo,21,75.0,185.0,29.0,是
0703002-0918-15-42-gnss_raw.txt,2436,459679.000,Galileo,27,0.0,0.0,31.0,是
0703002-0918-15-42-gnss_raw.txt,2436,459679.000,QZSS,7,53.0,169.0,23.0,是
0703002-0918-15-42-gnss_raw.txt,2436,459679.000,BDS,7,63.0,340.0,27.0,是
0703002-0918-15-42-gnss_raw.txt,2436,459679.000,BDS,9,54.0,224.0,25.0,是
0703002-0918-15-42-gnss_raw.txt,2436,459679.000,BDS,10,62.0,317.0,27.0,是
0703002-0918-15-42-gnss_raw.txt,2436,459679.000,BDS,19,31.0,159.0,21.0,是
0703002-0918-15-42-gnss_raw.txt,2436,459679.000,BDS,21,34.0,316.0,26.0,是
0703002-0918-15-42-gnss_raw.txt,2436,459679.000,BDS,22,74.0,234.0,31.0,是
0703002-0918-15-42-gnss_raw.txt,2436,459679.000,BDS,36,59.0,23.0,27.0,是
0703002-0918-15-42-gnss_raw.txt,2436,459679.000,BDS,39,54.0,271.0,29.0,是
0703002-0918-15-42-gnss_raw.txt,2436,459680.000,GPS,10,12.0,181.0,27.0,是
0703002-0918-15-42-gnss_raw.txt,2436,459680.000,GPS,26,56.0,236.0,30.0,是
0703002-0918-15-42-gnss_raw.txt,2436,459680.000,GPS,28,58.0,14.0,27.0,是
0703002-0918-15-42-gnss_raw.txt,2436,459680.000,GPS,31,52.0,317.0,30.0,是
0703002-0918-15-42-gnss_raw.txt,2436,459680.000,GPS,32,64.0,122.0,30.0,是
0703002-0918-15-42-gnss_raw.txt,2436,459680.000,GLONASS,71,80.0,152.0,31.0,是
0703002-0918-15-42-gnss_raw.txt,2436,459680.000,GLONASS,72,42.0,331.0,25.0,是
0703002-0918-15-42-gnss_raw.txt,2436,459680.000,GLONASS,73,45.0,19.0,29.0,是
0703002-0918-15-42-gnss_raw.txt,2436,459680.000,GLONASS,74,61.0,285.0,26.0,是
0703002-0918-15-42-gnss_raw.txt,2436,459680.000,GLONASS,90,0.0,0.0,34.0,是
0703002-0918-15-42-gnss_raw.txt,2436,459680.000,Galileo,19,52.0,329.0,28.0,是
0703002-0918-15-42-gnss_raw.txt,2436,459680.000,Galileo,21,75.0,185.0,32.0,是
0703002-0918-15-42-gnss_raw.txt,2436,459680.000,Galileo,27,0.0,0.0,31.0,是
0703002-0918-15-42-gnss_raw.txt,2436,459680.000,QZSS,7,53.0,169.0,24.0,是
0703002-0918-15-42-gnss_raw.txt,2436,459680.000,BDS,7,63.0,340.0,28.0,是
0703002-0918-15-42-gnss_raw.txt,2436,459680.000,BDS,9,54.0,224.0,25.0,是
0703002-0918-15-42-gnss_raw.txt,2436,459680.000,BDS,10,62.0,317.0,27.0,是
0703002-0918-15-42-gnss_raw.txt,2436,459680.000,BDS,19,31.0,159.0,22.0,是
0703002-0918-15-42-gnss_raw.txt,2436,459680.000,BDS,21,34.0,316.0,26.0,是
0703002-0918-15-42-gnss_raw.txt,2436,459680.000,BDS,22,74.0,234.0,30.0,是
0703002-0918-15-42-gnss_raw.txt,2436,459680.000,BDS,36,59.0,23.0,28.0,是
0703002-0918-15-42-gnss_raw.txt,2436,459680.000,BDS,39,54.0,271.0,28.0,是
0703002-0918-15-42-gnss_raw.txt,2436,459681.000,GPS,10,12.0,181.0,24.0,是
0703002-0918-15-42-gnss_raw.txt,2436,459681.000,GPS,26,56.0,236.0,31.0,是
0703002-0918-15-42-gnss_raw.txt,2436,459681.000,GPS,28,58.0,14.0,27.0,是
0703002-0918-15-42-gnss_raw.txt,2436,459681.000,GPS,31,52.0,318.0,29.0,是
0703002-0918-15-42-gnss_raw.txt,2436,459681.000,GPS,32,64.0,122.0,32.0,是
0703002-0918-15-42-gnss_raw.txt,2436,459681.000,GLONASS,71,80.0,152.0,32.0,是
0703002-0918-15-42-gnss_raw.txt,2436,459681.000,GLONASS,72,42.0,331.0,24.0,是
0703002-0918-15-42-gnss_raw.txt,2436,459681.000,GLONASS,73,45.0,19.0,29.0,是
0703002-0918-15-42-gnss_raw.txt,2436,459681.000,GLONASS,74,61.0,285.0,27.0,是
0703002-0918-15-42-gnss_raw.txt,2436,459681.000,GLONASS,90,0.0,0.0,35.0,是
0703002-0918-15-42-gnss_raw.txt,2436,459681.000,Galileo,19,52.0,329.0,26.0,是
0703002-0918-15-42-gnss_raw.txt,2436,459681.000,Galileo,21,75.0,185.0,33.0,是
0703002-0918-15-42-gnss_raw.txt,2436,459681.000,Galileo,27,0.0,0.0,27.0,是
0703002-0918-15-42-gnss_raw.txt,2436,459681.000,QZSS,7,53.0,169.0,24.0,是
0703002-0918-15-42-gnss_raw.txt,2436,459681.000,BDS,7,63.0,340.0,27.0,是
0703002-0918-15-42-gnss_raw.txt,2436,459681.000,BDS,9,54.0,224.0,23.0,是
0703002-0918-15-42-gnss_raw.txt,2436,459681.000,BDS,10,62.0,317.0,27.0,是
0703002-0918-15-42-gnss_raw.txt,2436,459681.000,BDS,19,31.0,159.0,20.0,是
0703002-0918-15-42-gnss_raw.txt,2436,459681.000,BDS,21,34.0,316.0,27.0,是
0703002-0918-15-42-gnss_raw.txt,2436,459681.000,BDS,22,74.0,234.0,30.0,是
0703002-0918-15-42-gnss_raw.txt,2436,459681.000,BDS,36,59.0,23.0,26.0,是
0703002-0918-15-42-gnss_raw.txt,2436,459681.000,BDS,39,54.0,271.0,27.0,是
0703002-0918-15-42-gnss_raw.txt,2436,459682.000,GPS,10,12.0,181.0,25.0,是
0703002-0918-15-42-gnss_raw.txt,2436,459682.000,GPS,26,56.0,236.0,29.0,是
0703002-0918-15-42-gnss_raw.txt,2436,459682.000,GPS,28,58.0,14.0,25.0,是
0703002-0918-15-42-gnss_raw.txt,2436,459682.000,GPS,31,52.0,318.0,29.0,是
0703002-0918-15-42-gnss_raw.txt,2436,459682.000,GPS,32,64.0,122.0,33.0,是
0703002-0918-15-42-gnss_raw.txt,2436,459682.000,GLONASS,71,80.0,152.0,31.0,是
0703002-0918-15-42-gnss_raw.txt,2436,459682.000,GLONASS,72,42.0,331.0,24.0,是
0703002-0918-15-42-gnss_raw.txt,2436,459682.000,GLONASS,73,45.0,19.0,26.0,是
0703002-0918-15-42-gnss_raw.txt,2436,459682.000,GLONASS,74,0.0,0.0,25.0,是
0703002-0918-15-42-gnss_raw.txt,2436,459682.000,GLONASS,90,0.0,0.0,33.0,是
0703002-0918-15-42-gnss_raw.txt,2436,459682.000,Galileo,19,52.0,329.0,27.0,是
0703002-0918-15-42-gnss_raw.txt,2436,459682.000,Galileo,21,75.0,185.0,32.0,是
0703002-0918-15-42-gnss_raw.txt,2436,459682.000,Galileo,27,0.0,0.0,29.0,是
0703002-0918-15-42-gnss_raw.txt,2436,459682.000,QZSS,7,53.0,169.0,24.0,是
0703002-0918-15-42-gnss_raw.txt,2436,459682.000,BDS,7,63.0,340.0,27.0,是
0703002-0918-15-42-gnss_raw.txt,2436,459682.000,BDS,9,54.0,224.0,23.0,是
0703002-0918-15-42-gnss_raw.txt,2436,459682.000,BDS,10,62.0,317.0,25.0,是
0703002-0918-15-42-gnss_raw.txt,2436,459682.000,BDS,19,31.0,159.0,20.0,是
0703002-0918-15-42-gnss_raw.txt,2436,459682.000,BDS,21,34.0,316.0,27.0,是
0703002-0918-15-42-gnss_raw.txt,2436,459682.000,BDS,22,74.0,234.0,30.0,是
0703002-0918-15-42-gnss_raw.txt,2436,459682.000,BDS,36,59.0,23.0,25.0,是
0703002-0918-15-42-gnss_raw.txt,2436,459682.000,BDS,39,54.0,271.0,28.0,是
0703002-0918-15-42-gnss_raw.txt,2436,459683.000,GPS,10,12.0,181.0,24.0,是
0703002-0918-15-42-gnss_raw.txt,2436,459683.000,GPS,26,56.0,236.0,28.0,是
0703002-0918-15-42-gnss_raw.txt,2436,459683.000,GPS,28,58.0,14.0,26.0,是
0703002-0918-15-42-gnss_raw.txt,2436,459683.000,GPS,31,52.0,318.0,29.0,是
0703002-0918-15-42-gnss_raw.txt,2436,459683.000,GPS,32,64.0,122.0,33.0,是
0703002-0918-15-42-gnss_raw.txt,2436,459683.000,GLONASS,71,80.0,152.0,31.0,是
0703002-0918-15-42-gnss_raw.txt,2436,459683.000,GLONASS,72,42.0,331.0,25.0,是
0703002-0918-15-42-gnss_raw.txt,2436,459683.000,GLONASS,73,45.0,19.0,28.0,是
0703002-0918-15-42-gnss_raw.txt,2436,459683.000,GLONASS,74,61.0,285.0,27.0,是
0703002-0918-15-42-gnss_raw.txt,2436,459683.000,GLONASS,90,0.0,0.0,34.0,是
0703002-0918-15-42-gnss_raw.txt,2436,459683.000,Galileo,19,52.0,329.0,26.0,是
0703002-0918-15-42-gnss_raw.txt,2436,459683.000,Galileo,21,75.0,185.0,31.0,是
0703002-0918-15-42-gnss_raw.txt,2436,459683.000,Galileo,27,0.0,0.0,28.0,是
0703002-0918-15-42-gnss_raw.txt,2436,459683.000,QZSS,7,53.0,169.0,23.0,是
0703002-0918-15-42-gnss_raw.txt,2436,459683.000,BDS,7,63.0,340.0,27.0,是
0703002-0918-15-42-gnss_raw.txt,2436,459683.000,BDS,9,54.0,224.0,24.0,是
0703002-0918-15-42-gnss_raw.txt,2436,459683.000,BDS,10,62.0,317.0,25.0,是
0703002-0918-15-42-gnss_raw.txt,2436,459683.000,BDS,19,31.0,159.0,22.0,是
0703002-0918-15-42-gnss_raw.txt,2436,459683.000,BDS,21,34.0,316.0,25.0,是
0703002-0918-15-42-gnss_raw.txt,2436,459683.000,BDS,22,74.0,234.0,31.0,是
0703002-0918-15-42-gnss_raw.txt,2436,459683.000,BDS,36,59.0,23.0,26.0,是
0703002-0918-15-42-gnss_raw.txt,2436,459683.000,BDS,39,54.0,271.0,28.0,是
0703002-0918-15-42-gnss_raw.txt,2436,459684.000,GPS,10,0.0,0.0,22.0,是
0703002-0918-15-42-gnss_raw.txt,2436,459684.000,GPS,26,56.0,236.0,28.0,是
0703002-0918-15-42-gnss_raw.txt,2436,459684.000,GPS,28,58.0,14.0,28.0,是
0703002-0918-15-42-gnss_raw.txt,2436,459684.000,GPS,31,52.0,318.0,30.0,是
0703002-0918-15-42-gnss_raw.txt,2436,459684.000,GPS,32,64.0,122.0,33.0,是
0703002-0918-15-42-gnss_raw.txt,2436,459684.000,GLONASS,71,80.0,152.0,30.0,是
0703002-0918-15-42-gnss_raw.txt,2436,459684.000,GLONASS,72,42.0,331.0,23.0,是
0703002-0918-15-42-gnss_raw.txt,2436,459684.000,GLONASS,73,45.0,19.0,26.0,是
0703002-0918-15-42-gnss_raw.txt,2436,459684.000,GLONASS,74,0.0,0.0,26.0,是
0703002-0918-15-42-gnss_raw.txt,2436,459684.000,GLONASS,90,0.0,0.0,35.0,是
0703002-0918-15-42-gnss_raw.txt,2436,459684.000,Galileo,19,52.0,329.0,28.0,是
0703002-0918-15-42-gnss_raw.txt,2436,459684.000,Galileo,21,75.0,185.0,32.0,是
0703002-0918-15-42-gnss_raw.txt,2436,459684.000,Galileo,27,0.0,0.0,29.0,是
0703002-0918-15-42-gnss_raw.txt,2436,459684.000,QZSS,7,53.0,169.0,24.0,是
0703002-0918-15-42-gnss_raw.txt,2436,459684.000,BDS,7,63.0,340.0,28.0,是
0703002-0918-15-42-gnss_raw.txt,2436,459684.000,BDS,9,54.0,224.0,24.0,是
0703002-0918-15-42-gnss_raw.txt,2436,459684.000,BDS,10,62.0,317.0,25.0,是
0703002-0918-15-42-gnss_raw.txt,2436,459684.000,BDS,19,31.0,159.0,22.0,是
0703002-0918-15-42-gnss_raw.txt,2436,459684.000,BDS,21,34.0,316.0,25.0,是
0703002-0918-15-42-gnss_raw.txt,2436,459684.000,BDS,22,74.0,234.0,29.0,是
0703002-0918-15-42-gnss_raw.txt,2436,459684.000,BDS,36,59.0,23.0,28.0,是
0703002-0918-15-42-gnss_raw.txt,2436,459684.000,BDS,39,54.0,271.0,25.0,是
0703002-0918-15-42-gnss_raw.txt,2436,459685.000,GPS,10,12.0,181.0,22.0,是
0703002-0918-15-42-gnss_raw.txt,2436,459685.000,GPS,26,56.0,236.0,28.0,是
0703002-0918-15-42-gnss_raw.txt,2436,459685.000,GPS,28,58.0,14.0,30.0,是
0703002-0918-15-42-gnss_raw.txt,2436,459685.000,GPS,31,52.0,318.0,31.0,是
0703002-0918-15-42-gnss_raw.txt,2436,459685.000,GPS,32,64.0,122.0,33.0,是
0703002-0918-15-42-gnss_raw.txt,2436,459685.000,GLONASS,71,80.0,153.0,31.0,是
0703002-0918-15-42-gnss_raw.txt,2436,459685.000,GLONASS,72,42.0,331.0,23.0,是
0703002-0918-15-42-gnss_raw.txt,2436,459685.000,GLONASS,73,45.0,19.0,29.0,是
0703002-0918-15-42-gnss_raw.txt,2436,459685.000,GLONASS,74,0.0,0.0,25.0,是
0703002-0918-15-42-gnss_raw.txt,2436,459685.000,GLONASS,90,0.0,0.0,34.0,是
0703002-0918-15-42-gnss_raw.txt,2436,459685.000,Galileo,19,52.0,329.0,26.0,是
0703002-0918-15-42-gnss_raw.txt,2436,459685.000,Galileo,21,75.0,185.0,32.0,是
0703002-0918-15-42-gnss_raw.txt,2436,459685.000,Galileo,27,0.0,0.0,28.0,是
0703002-0918-15-42-gnss_raw.txt,2436,459685.000,QZSS,7,53.0,169.0,23.0,是
0703002-0918-15-42-gnss_raw.txt,2436,459685.000,BDS,7,63.0,340.0,27.0,是
0703002-0918-15-42-gnss_raw.txt,2436,459685.000,BDS,9,54.0,224.0,25.0,是
0703002-0918-15-42-gnss_raw.txt,2436,459685.000,BDS,10,62.0,317.0,25.0,是
0703002-0918-15-42-gnss_raw.txt,2436,459685.000,BDS,19,31.0,159.0,22.0,是
0703002-0918-15-42-gnss_raw.txt,2436,459685.000,BDS,21,34.0,316.0,25.0,是
0703002-0918-15-42-gnss_raw.txt,2436,459685.000,BDS,22,74.0,234.0,29.0,是
0703002-0918-15-42-gnss_raw.txt,2436,459685.000,BDS,36,59.0,23.0,29.0,是
0703002-0918-15-42-gnss_raw.txt,2436,459685.000,BDS,39,54.0,271.0,26.0,是
0703002-0918-15-42-gnss_raw.txt,2436,459686.000,GPS,10,12.0,181.0,22.0,是
0703002-0918-15-42-gnss_raw.txt,2436,459686.000,GPS,26,56.0,236.0,30.0,是
0703002-0918-15-42-gnss_raw.txt,2436,459686.000,GPS,28,58.0,14.0,30.0,是
0703002-0918-15-42-gnss_raw.txt,2436,459686.000,GPS,31,52.0,318.0,31.0,是
0703002-0918-15-42-gnss_raw.txt,2436,459686.000,GPS,32,64.0,122.0,33.0,是
0703002-0918-15-42-gnss_raw.txt,2436,459686.000,GLONASS,71,80.0,153.0,30.0,是
0703002-0918-15-42-gnss_raw.txt,2436,459686.000,GLONASS,72,42.0,331.0,25.0,是
0703002-0918-15-42-gnss_raw.txt,2436,459686.000,GLONASS,73,45.0,19.0,27.0,是
0703002-0918-15-42-gnss_raw.txt,2436,459686.000,GLONASS,74,0.0,0.0,26.0,是
0703002-0918-15-42-gnss_raw.txt,2436,459686.000,GLONASS,90,0.0,0.0,33.0,是
0703002-0918-15-42-gnss_raw.txt,2436,459686.000,Galileo,19,52.0,329.0,27.0,是
0703002-0918-15-42-gnss_raw.txt,2436,459686.000,Galileo,21,75.0,185.0,31.0,是
0703002-0918-15-42-gnss_raw.txt,2436,459686.000,Galileo,27,0.0,0.0,29.0,是
0703002-0918-15-42-gnss_raw.txt,2436,459686.000,QZSS,7,53.0,169.0,23.0,是
0703002-0918-15-42-gnss_raw.txt,2436,459686.000,BDS,7,63.0,340.0,27.0,是
0703002-0918-15-42-gnss_raw.txt,2436,459686.000,BDS,9,54.0,224.0,26.0,是
0703002-0918-15-42-gnss_raw.txt,2436,459686.000,BDS,10,62.0,317.0,26.0,是
0703002-0918-15-42-gnss_raw.txt,2436,459686.000,BDS,19,31.0,159.0,23.0,是
0703002-0918-15-42-gnss_raw.txt,2436,459686.000,BDS,21,34.0,316.0,26.0,是
0703002-0918-15-42-gnss_raw.txt,2436,459686.000,BDS,22,74.0,234.0,30.0,是
0703002-0918-15-42-gnss_raw.txt,2436,459686.000,BDS,36,59.0,23.0,28.0,是
0703002-0918-15-42-gnss_raw.txt,2436,459686.000,BDS,39,54.0,271.0,26.0,是
0703002-0918-15-42-gnss_raw.txt,2436,459687.000,GPS,10,0.0,0.0,22.0,是
0703002-0918-15-42-gnss_raw.txt,2436,459687.000,GPS,26,56.0,236.0,31.0,是
0703002-0918-15-42-gnss_raw.txt,2436,459687.000,GPS,28,58.0,14.0,28.0,是
0703002-0918-15-42-gnss_raw.txt,2436,459687.000,GPS,31,52.0,318.0,30.0,是
0703002-0918-15-42-gnss_raw.txt,2436,459687.000,GPS,32,64.0,122.0,32.0,是
0703002-0918-15-42-gnss_raw.txt,2436,459687.000,GLONASS,71,79.0,153.0,29.0,是
0703002-0918-15-42-gnss_raw.txt,2436,459687.000,GLONASS,72,0.0,0.0,24.0,是
0703002-0918-15-42-gnss_raw.txt,2436,459687.000,GLONASS,73,45.0,19.0,30.0,是
0703002-0918-15-42-gnss_raw.txt,2436,459687.000,GLONASS,74,0.0,0.0,26.0,是
0703002-0918-15-42-gnss_raw.txt,2436,459687.000,GLONASS,90,0.0,0.0,30.0,是
0703002-0918-15-42-gnss_raw.txt,2436,459687.000,Galileo,19,52.0,329.0,26.0,是
0703002-0918-15-42-gnss_raw.txt,2436,459687.000,Galileo,21,75.0,185.0,32.0,是
0703002-0918-15-42-gnss_raw.txt,2436,459687.000,Galileo,27,0.0,0.0,27.0,是
0703002-0918-15-42-gnss_raw.txt,2436,459687.000,QZSS,7,53.0,169.0,23.0,是
0703002-0918-15-42-gnss_raw.txt,2436,459687.000,BDS,7,63.0,340.0,27.0,是
0703002-0918-15-42-gnss_raw.txt,2436,459687.000,BDS,9,54.0,224.0,27.0,是
0703002-0918-15-42-gnss_raw.txt,2436,459687.000,BDS,10,62.0,317.0,25.0,是
0703002-0918-15-42-gnss_raw.txt,2436,459687.000,BDS,19,31.0,159.0,24.0,是
0703002-0918-15-42-gnss_raw.txt,2436,459687.000,BDS,21,34.0,316.0,26.0,是
0703002-0918-15-42-gnss_raw.txt,2436,459687.000,BDS,22,74.0,234.0,30.0,是
0703002-0918-15-42-gnss_raw.txt,2436,459687.000,BDS,36,59.0,23.0,28.0,是
0703002-0918-15-42-gnss_raw.txt,2436,459687.000,BDS,39,54.0,271.0,28.0,是
0703002-0918-15-42-gnss_raw.txt,2436,459688.000,GPS,10,0.0,0.0,22.0,是
0703002-0918-15-42-gnss_raw.txt,2436,459688.000,GPS,26,56.0,236.0,32.0,是
0703002-0918-15-42-gnss_raw.txt,2436,459688.000,GPS,28,58.0,14.0,28.0,是
0703002-0918-15-42-gnss_raw.txt,2436,459688.000,GPS,31,52.0,318.0,30.0,是
0703002-0918-15-42-gnss_raw.txt,2436,459688.000,GPS,32,64.0,122.0,31.0,是
0703002-0918-15-42-gnss_raw.txt,2436,459688.000,GLONASS,71,79.0,153.0,30.0,是
0703002-0918-15-42-gnss_raw.txt,2436,459688.000,GLONASS,72,42.0,331.0,24.0,是
0703002-0918-15-42-gnss_raw.txt,2436,459688.000,GLONASS,73,45.0,19.0,30.0,是
0703002-0918-15-42-gnss_raw.txt,2436,459688.000,GLONASS,74,61.0,285.0,28.0,是
0703002-0918-15-42-gnss_raw.txt,2436,459688.000,GLONASS,90,0.0,0.0,32.0,是
0703002-0918-15-42-gnss_raw.txt,2436,459688.000,Galileo,19,52.0,329.0,30.0,是
0703002-0918-15-42-gnss_raw.txt,2436,459688.000,Galileo,21,75.0,185.0,31.0,是
0703002-0918-15-42-gnss_raw.txt,2436,459688.000,Galileo,27,0.0,0.0,28.0,是
0703002-0918-15-42-gnss_raw.txt,2436,459688.000,QZSS,7,53.0,169.0,23.0,是
0703002-0918-15-42-gnss_raw.txt,2436,459688.000,BDS,7,63.0,340.0,27.0,是
0703002-0918-15-42-gnss_raw.txt,2436,459688.000,BDS,9,54.0,224.0,26.0,是
0703002-0918-15-42-gnss_raw.txt,2436,459688.000,BDS,10,62.0,317.0,25.0,是
0703002-0918-15-42-gnss_raw.txt,2436,459688.000,BDS,19,31.0,159.0,24.0,是
0703002-0918-15-42-gnss_raw.txt,2436,459688.000,BDS,21,34.0,316.0,23.0,是
0703002-0918-15-42-gnss_raw.txt,2436,459688.000,BDS,22,74.0,234.0,30.0,是
0703002-0918-15-42-gnss_raw.txt,2436,459688.000,BDS,36,59.0,23.0,29.0,是
0703002-0918-15-42-gnss_raw.txt,2436,459688.000,BDS,39,54.0,271.0,27.0,是
0703002-0918-15-42-gnss_raw.txt,2436,459689.000,GPS,10,0.0,0.0,21.0,是
0703002-0918-15-42-gnss_raw.txt,2436,459689.000,GPS,26,56.0,236.0,32.0,是
0703002-0918-15-42-gnss_raw.txt,2436,459689.000,GPS,28,58.0,14.0,28.0,是
0703002-0918-15-42-gnss_raw.txt,2436,459689.000,GPS,31,52.0,318.0,30.0,是
0703002-0918-15-42-gnss_raw.txt,2436,459689.000,GPS,32,64.0,122.0,30.0,是
0703002-0918-15-42-gnss_raw.txt,2436,459689.000,GLONASS,71,79.0,153.0,30.0,是
0703002-0918-15-42-gnss_raw.txt,2436,459689.000,GLONASS,72,42.0,331.0,25.0,是
0703002-0918-15-42-gnss_raw.txt,2436,459689.000,GLONASS,73,45.0,19.0,30.0,是
0703002-0918-15-42-gnss_raw.txt,2436,459689.000,GLONASS,74,61.0,285.0,28.0,是
0703002-0918-15-42-gnss_raw.txt,2436,459689.000,GLONASS,90,0.0,0.0,30.0,是
0703002-0918-15-42-gnss_raw.txt,2436,459689.000,Galileo,19,52.0,329.0,28.0,是
0703002-0918-15-42-gnss_raw.txt,2436,459689.000,Galileo,21,75.0,185.0,32.0,是
0703002-0918-15-42-gnss_raw.txt,2436,459689.000,Galileo,27,0.0,0.0,27.0,是
0703002-0918-15-42-gnss_raw.txt,2436,459689.000,QZSS,7,53.0,169.0,24.0,是
0703002-0918-15-42-gnss_raw.txt,2436,459689.000,BDS,7,63.0,340.0,27.0,是
0703002-0918-15-42-gnss_raw.txt,2436,459689.000,BDS,9,54.0,224.0,26.0,是
0703002-0918-15-42-gnss_raw.txt,2436,459689.000,BDS,10,62.0,317.0,25.0,是
0703002-0918-15-42-gnss_raw.txt,2436,459689.000,BDS,19,31.0,159.0,23.0,是
0703002-0918-15-42-gnss_raw.txt,2436,459689.000,BDS,21,34.0,316.0,21.0,是
0703002-0918-15-42-gnss_raw.txt,2436,459689.000,BDS,22,74.0,234.0,30.0,是
0703002-0918-15-42-gnss_raw.txt,2436,459689.000,BDS,36,59.0,23.0,29.0,是
0703002-0918-15-42-gnss_raw.txt,2436,459689.000,BDS,39,54.0,271.0,28.0,是
0703002-0918-15-42-gnss_raw.txt,2436,459690.000,GPS,10,0.0,0.0,21.0,是
0703002-0918-15-42-gnss_raw.txt,2436,459690.000,GPS,26,56.0,236.0,32.0,是
0703002-0918-15-42-gnss_raw.txt,2436,459690.000,GPS,28,58.0,14.0,27.0,是
0703002-0918-15-42-gnss_raw.txt,2436,459690.000,GPS,31,52.0,318.0,29.0,是
0703002-0918-15-42-gnss_raw.txt,2436,459690.000,GPS,32,64.0,122.0,31.0,是
0703002-0918-15-42-gnss_raw.txt,2436,459690.000,GLONASS,71,79.0,153.0,30.0,是
0703002-0918-15-42-gnss_raw.txt,2436,459690.000,GLONASS,72,42.0,331.0,24.0,是
0703002-0918-15-42-gnss_raw.txt,2436,459690.000,GLONASS,73,45.0,19.0,30.0,是
0703002-0918-15-42-gnss_raw.txt,2436,459690.000,GLONASS,74,61.0,285.0,28.0,是
0703002-0918-15-42-gnss_raw.txt,2436,459690.000,GLONASS,90,0.0,0.0,29.0,是
0703002-0918-15-42-gnss_raw.txt,2436,459690.000,Galileo,19,52.0,329.0,29.0,是
0703002-0918-15-42-gnss_raw.txt,2436,459690.000,Galileo,21,75.0,185.0,30.0,是
0703002-0918-15-42-gnss_raw.txt,2436,459690.000,Galileo,27,0.0,0.0,27.0,是
0703002-0918-15-42-gnss_raw.txt,2436,459690.000,QZSS,7,53.0,169.0,23.0,是
0703002-0918-15-42-gnss_raw.txt,2436,459690.000,BDS,7,63.0,340.0,27.0,是
0703002-0918-15-42-gnss_raw.txt,2436,459690.000,BDS,9,54.0,224.0,26.0,是
0703002-0918-15-42-gnss_raw.txt,2436,459690.000,BDS,10,62.0,317.0,25.0,是
0703002-0918-15-42-gnss_raw.txt,2436,459690.000,BDS,19,31.0,159.0,25.0,是
0703002-0918-15-42-gnss_raw.txt,2436,459690.000,BDS,21,34.0,316.0,22.0,是
0703002-0918-15-42-gnss_raw.txt,2436,459690.000,BDS,22,74.0,234.0,30.0,是
0703002-0918-15-42-gnss_raw.txt,2436,459690.000,BDS,36,59.0,23.0,28.0,是
0703002-0918-15-42-gnss_raw.txt,2436,459690.000,BDS,39,54.0,271.0,29.0,是
0703002-0918-15-42-gnss_raw.txt,2436,459691.000,GPS,10,0.0,0.0,20.0,是
0703002-0918-15-42-gnss_raw.txt,2436,459691.000,GPS,26,56.0,236.0,32.0,是
0703002-0918-15-42-gnss_raw.txt,2436,459691.000,GPS,28,58.0,14.0,26.0,是
0703002-0918-15-42-gnss_raw.txt,2436,459691.000,GPS,31,52.0,318.0,30.0,是
0703002-0918-15-42-gnss_raw.txt,2436,459691.000,GPS,32,64.0,122.0,32.0,是
0703002-0918-15-42-gnss_raw.txt,2436,459691.000,GLONASS,71,79.0,153.0,27.0,是
0703002-0918-15-42-gnss_raw.txt,2436,459691.000,GLONASS,72,42.0,331.0,24.0,是
0703002-0918-15-42-gnss_raw.txt,2436,459691.000,GLONASS,73,45.0,19.0,30.0,是
0703002-0918-15-42-gnss_raw.txt,2436,459691.000,GLONASS,74,0.0,0.0,23.0,是
0703002-0918-15-42-gnss_raw.txt,2436,459691.000,GLONASS,90,0.0,0.0,30.0,是
0703002-0918-15-42-gnss_raw.txt,2436,459691.000,Galileo,19,52.0,329.0,26.0,是
0703002-0918-15-42-gnss_raw.txt,2436,459691.000,Galileo,21,75.0,185.0,29.0,是
0703002-0918-15-42-gnss_raw.txt,2436,459691.000,Galileo,27,0.0,0.0,28.0,是
0703002-0918-15-42-gnss_raw.txt,2436,459691.000,QZSS,7,53.0,169.0,23.0,是
0703002-0918-15-42-gnss_raw.txt,2436,459691.000,BDS,7,63.0,340.0,27.0,是
0703002-0918-15-42-gnss_raw.txt,2436,459691.000,BDS,9,54.0,224.0,25.0,是
0703002-0918-15-42-gnss_raw.txt,2436,459691.000,BDS,10,62.0,317.0,26.0,是
0703002-0918-15-42-gnss_raw.txt,2436,459691.000,BDS,19,31.0,159.0,26.0,是
0703002-0918-15-42-gnss_raw.txt,2436,459691.000,BDS,21,34.0,316.0,25.0,是
0703002-0918-15-42-gnss_raw.txt,2436,459691.000,BDS,22,74.0,234.0,30.0,是
0703002-0918-15-42-gnss_raw.txt,2436,459691.000,BDS,36,59.0,23.0,27.0,是
0703002-0918-15-42-gnss_raw.txt,2436,459691.000,BDS,39,54.0,271.0,28.0,是
0703002-0918-15-42-gnss_raw.txt,2436,459692.000,GPS,10,0.0,0.0,19.0,是
0703002-0918-15-42-gnss_raw.txt,2436,459692.000,GPS,26,56.0,236.0,32.0,是
0703002-0918-15-42-gnss_raw.txt,2436,459692.000,GPS,28,58.0,14.0,27.0,是
0703002-0918-15-42-gnss_raw.txt,2436,459692.000,GPS,31,52.0,318.0,29.0,是
0703002-0918-15-42-gnss_raw.txt,2436,459692.000,GPS,32,64.0,122.0,32.0,是
0703002-0918-15-42-gnss_raw.txt,2436,459692.000,GLONASS,71,79.0,153.0,29.0,是
0703002-0918-15-42-gnss_raw.txt,2436,459692.000,GLONASS,72,0.0,0.0,25.0,是
0703002-0918-15-42-gnss_raw.txt,2436,459692.000,GLONASS,73,45.0,19.0,32.0,是
0703002-0918-15-42-gnss_raw.txt,2436,459692.000,GLONASS,74,0.0,0.0,25.0,是
0703002-0918-15-42-gnss_raw.txt,2436,459692.000,GLONASS,90,0.0,0.0,31.0,是
0703002-0918-15-42-gnss_raw.txt,2436,459692.000,Galileo,19,52.0,329.0,26.0,是
0703002-0918-15-42-gnss_raw.txt,2436,459692.000,Galileo,21,75.0,185.0,32.0,是
0703002-0918-15-42-gnss_raw.txt,2436,459692.000,Galileo,27,0.0,0.0,29.0,是
0703002-0918-15-42-gnss_raw.txt,2436,459692.000,QZSS,7,53.0,169.0,23.0,是
0703002-0918-15-42-gnss_raw.txt,2436,459692.000,BDS,7,63.0,340.0,28.0,是
0703002-0918-15-42-gnss_raw.txt,2436,459692.000,BDS,9,54.0,224.0,26.0,是
0703002-0918-15-42-gnss_raw.txt,2436,459692.000,BDS,10,62.0,317.0,25.0,是
0703002-0918-15-42-gnss_raw.txt,2436,459692.000,BDS,19,31.0,159.0,26.0,是
0703002-0918-15-42-gnss_raw.txt,2436,459692.000,BDS,21,34.0,316.0,26.0,是
0703002-0918-15-42-gnss_raw.txt,2436,459692.000,BDS,22,74.0,234.0,30.0,是
0703002-0918-15-42-gnss_raw.txt,2436,459692.000,BDS,36,59.0,23.0,27.0,是
0703002-0918-15-42-gnss_raw.txt,2436,459692.000,BDS,39,54.0,271.0,28.0,是
0703002-0918-15-42-gnss_raw.txt,2436,459693.000,GPS,10,0.0,0.0,18.0,是
0703002-0918-15-42-gnss_raw.txt,2436,459693.000,GPS,26,56.0,236.0,32.0,是
0703002-0918-15-42-gnss_raw.txt,2436,459693.000,GPS,28,58.0,14.0,27.0,是
0703002-0918-15-42-gnss_raw.txt,2436,459693.000,GPS,31,52.0,318.0,30.0,是
0703002-0918-15-42-gnss_raw.txt,2436,459693.000,GPS,32,64.0,122.0,30.0,是
0703002-0918-15-42-gnss_raw.txt,2436,459693.000,GLONASS,71,79.0,153.0,31.0,是
0703002-0918-15-42-gnss_raw.txt,2436,459693.000,GLONASS,72,42.0,331.0,26.0,是
0703002-0918-15-42-gnss_raw.txt,2436,459693.000,GLONASS,73,45.0,19.0,29.0,是
0703002-0918-15-42-gnss_raw.txt,2436,459693.000,GLONASS,74,0.0,0.0,26.0,是
0703002-0918-15-42-gnss_raw.txt,2436,459693.000,GLONASS,90,0.0,0.0,27.0,是
0703002-0918-15-42-gnss_raw.txt,2436,459693.000,Galileo,19,52.0,329.0,29.0,是
0703002-0918-15-42-gnss_raw.txt,2436,459693.000,Galileo,21,75.0,185.0,31.0,是
0703002-0918-15-42-gnss_raw.txt,2436,459693.000,Galileo,27,0.0,0.0,28.0,是
0703002-0918-15-42-gnss_raw.txt,2436,459693.000,QZSS,7,53.0,169.0,25.0,是
0703002-0918-15-42-gnss_raw.txt,2436,459693.000,BDS,7,63.0,340.0,28.0,是
0703002-0918-15-42-gnss_raw.txt,2436,459693.000,BDS,9,54.0,224.0,26.0,是
0703002-0918-15-42-gnss_raw.txt,2436,459693.000,BDS,10,62.0,317.0,25.0,是
0703002-0918-15-42-gnss_raw.txt,2436,459693.000,BDS,19,31.0,159.0,25.0,是
0703002-0918-15-42-gnss_raw.txt,2436,459693.000,BDS,21,34.0,316.0,26.0,是
0703002-0918-15-42-gnss_raw.txt,2436,459693.000,BDS,22,74.0,234.0,31.0,是
0703002-0918-15-42-gnss_raw.txt,2436,459693.000,BDS,36,59.0,23.0,29.0,是
0703002-0918-15-42-gnss_raw.txt,2436,459693.000,BDS,39,54.0,271.0,29.0,是
0703002-0918-15-42-gnss_raw.txt,2436,459694.000,GPS,10,0.0,0.0,19.0,是
0703002-0918-15-42-gnss_raw.txt,2436,459694.000,GPS,26,56.0,236.0,32.0,是
0703002-0918-15-42-gnss_raw.txt,2436,459694.000,GPS,28,58.0,14.0,28.0,是
0703002-0918-15-42-gnss_raw.txt,2436,459694.000,GPS,31,52.0,318.0,30.0,是
0703002-0918-15-42-gnss_raw.txt,2436,459694.000,GPS,32,64.0,122.0,29.0,是
0703002-0918-15-42-gnss_raw.txt,2436,459694.000,GLONASS,71,79.0,153.0,31.0,是
0703002-0918-15-42-gnss_raw.txt,2436,459694.000,GLONASS,72,42.0,331.0,25.0,是
0703002-0918-15-42-gnss_raw.txt,2436,459694.000,GLONASS,73,45.0,19.0,29.0,是
0703002-0918-15-42-gnss_raw.txt,2436,459694.000,GLONASS,74,61.0,285.0,28.0,是
0703002-0918-15-42-gnss_raw.txt,2436,459694.000,GLONASS,90,0.0,0.0,30.0,是
0703002-0918-15-42-gnss_raw.txt,2436,459694.000,Galileo,19,52.0,329.0,28.0,是
0703002-0918-15-42-gnss_raw.txt,2436,459694.000,Galileo,21,75.0,185.0,30.0,是
0703002-0918-15-42-gnss_raw.txt,2436,459694.000,Galileo,27,0.0,0.0,28.0,是
0703002-0918-15-42-gnss_raw.txt,2436,459694.000,QZSS,7,53.0,169.0,25.0,是
0703002-0918-15-42-gnss_raw.txt,2436,459694.000,BDS,7,63.0,340.0,28.0,是
0703002-0918-15-42-gnss_raw.txt,2436,459694.000,BDS,9,54.0,224.0,26.0,是
0703002-0918-15-42-gnss_raw.txt,2436,459694.000,BDS,10,62.0,317.0,24.0,是
0703002-0918-15-42-gnss_raw.txt,2436,459694.000,BDS,19,31.0,159.0,25.0,是
0703002-0918-15-42-gnss_raw.txt,2436,459694.000,BDS,21,34.0,316.0,25.0,是
0703002-0918-15-42-gnss_raw.txt,2436,459694.000,BDS,22,74.0,233.0,30.0,是
0703002-0918-15-42-gnss_raw.txt,2436,459694.000,BDS,36,59.0,23.0,30.0,是
0703002-0918-15-42-gnss_raw.txt,2436,459694.000,BDS,39,54.0,271.0,30.0,是
0703002-0918-15-42-gnss_raw.txt,2436,459695.000,GPS,10,0.0,0.0,20.0,是
0703002-0918-15-42-gnss_raw.txt,2436,459695.000,GPS,26,56.0,236.0,32.0,是
0703002-0918-15-42-gnss_raw.txt,2436,459695.000,GPS,28,58.0,14.0,28.0,是
0703002-0918-15-42-gnss_raw.txt,2436,459695.000,GPS,31,52.0,318.0,29.0,是
0703002-0918-15-42-gnss_raw.txt,2436,459695.000,GPS,32,64.0,122.0,31.0,是
0703002-0918-15-42-gnss_raw.txt,2436,459695.000,GLONASS,71,79.0,153.0,30.0,是
0703002-0918-15-42-gnss_raw.txt,2436,459695.000,GLONASS,72,42.0,331.0,24.0,是
0703002-0918-15-42-gnss_raw.txt,2436,459695.000,GLONASS,73,45.0,19.0,30.0,是
0703002-0918-15-42-gnss_raw.txt,2436,459695.000,GLONASS,74,61.0,285.0,30.0,是
0703002-0918-15-42-gnss_raw.txt,2436,459695.000,GLONASS,90,0.0,0.0,31.0,是
0703002-0918-15-42-gnss_raw.txt,2436,459695.000,Galileo,19,52.0,329.0,28.0,是
0703002-0918-15-42-gnss_raw.txt,2436,459695.000,Galileo,21,75.0,185.0,30.0,是
0703002-0918-15-42-gnss_raw.txt,2436,459695.000,Galileo,27,0.0,0.0,29.0,是
0703002-0918-15-42-gnss_raw.txt,2436,459695.000,QZSS,7,53.0,169.0,25.0,是
0703002-0918-15-42-gnss_raw.txt,2436,459695.000,BDS,7,63.0,340.0,27.0,是
0703002-0918-15-42-gnss_raw.txt,2436,459695.000,BDS,9,54.0,224.0,26.0,是
0703002-0918-15-42-gnss_raw.txt,2436,459695.000,BDS,10,62.0,317.0,24.0,是
0703002-0918-15-42-gnss_raw.txt,2436,459695.000,BDS,19,31.0,159.0,24.0,是
0703002-0918-15-42-gnss_raw.txt,2436,459695.000,BDS,21,34.0,316.0,24.0,是
0703002-0918-15-42-gnss_raw.txt,2436,459695.000,BDS,22,74.0,233.0,31.0,是
0703002-0918-15-42-gnss_raw.txt,2436,459695.000,BDS,36,59.0,23.0,28.0,是
0703002-0918-15-42-gnss_raw.txt,2436,459695.000,BDS,39,54.0,271.0,29.0,是
0703002-0918-15-42-gnss_raw.txt,2436,459696.000,GPS,10,0.0,0.0,19.0,是
0703002-0918-15-42-gnss_raw.txt,2436,459696.000,GPS,26,56.0,236.0,30.0,是
0703002-0918-15-42-gnss_raw.txt,2436,459696.000,GPS,28,58.0,14.0,27.0,是
0703002-0918-15-42-gnss_raw.txt,2436,459696.000,GPS,31,52.0,318.0,28.0,是
0703002-0918-15-42-gnss_raw.txt,2436,459696.000,GPS,32,64.0,122.0,33.0,是
0703002-0918-15-42-gnss_raw.txt,2436,459696.000,GLONASS,71,79.0,153.0,32.0,是
0703002-0918-15-42-gnss_raw.txt,2436,459696.000,GLONASS,72,42.0,331.0,23.0,是
0703002-0918-15-42-gnss_raw.txt,2436,459696.000,GLONASS,73,45.0,19.0,31.0,是
0703002-0918-15-42-gnss_raw.txt,2436,459696.000,GLONASS,74,61.0,285.0,30.0,是
0703002-0918-15-42-gnss_raw.txt,2436,459696.000,GLONASS,90,0.0,0.0,30.0,是
0703002-0918-15-42-gnss_raw.txt,2436,459696.000,Galileo,19,52.0,329.0,29.0,是
0703002-0918-15-42-gnss_raw.txt,2436,459696.000,Galileo,21,75.0,185.0,30.0,是
0703002-0918-15-42-gnss_raw.txt,2436,459696.000,Galileo,27,0.0,0.0,29.0,是
0703002-0918-15-42-gnss_raw.txt,2436,459696.000,QZSS,7,53.0,169.0,25.0,是
0703002-0918-15-42-gnss_raw.txt,2436,459696.000,BDS,7,63.0,340.0,26.0,是
0703002-0918-15-42-gnss_raw.txt,2436,459696.000,BDS,9,54.0,224.0,25.0,是
0703002-0918-15-42-gnss_raw.txt,2436,459696.000,BDS,10,62.0,317.0,26.0,是
0703002-0918-15-42-gnss_raw.txt,2436,459696.000,BDS,19,31.0,159.0,23.0,是
0703002-0918-15-42-gnss_raw.txt,2436,459696.000,BDS,21,34.0,316.0,24.0,是
0703002-0918-15-42-gnss_raw.txt,2436,459696.000,BDS,22,74.0,233.0,31.0,是
0703002-0918-15-42-gnss_raw.txt,2436,459696.000,BDS,36,59.0,23.0,26.0,是
0703002-0918-15-42-gnss_raw.txt,2436,459696.000,BDS,39,54.0,271.0,29.0,是
0703002-0918-15-42-gnss_raw.txt,2436,459697.000,GPS,10,0.0,0.0,20.0,是
0703002-0918-15-42-gnss_raw.txt,2436,459697.000,GPS,26,56.0,236.0,29.0,是
0703002-0918-15-42-gnss_raw.txt,2436,459697.000,GPS,28,58.0,14.0,27.0,是
0703002-0918-15-42-gnss_raw.txt,2436,459697.000,GPS,31,52.0,318.0,29.0,是
0703002-0918-15-42-gnss_raw.txt,2436,459697.000,GPS,32,64.0,122.0,34.0,是
0703002-0918-15-42-gnss_raw.txt,2436,459697.000,GLONASS,71,79.0,153.0,32.0,是
0703002-0918-15-42-gnss_raw.txt,2436,459697.000,GLONASS,72,42.0,331.0,23.0,是
0703002-0918-15-42-gnss_raw.txt,2436,459697.000,GLONASS,73,45.0,19.0,27.0,是
0703002-0918-15-42-gnss_raw.txt,2436,459697.000,GLONASS,74,61.0,285.0,26.0,是
0703002-0918-15-42-gnss_raw.txt,2436,459697.000,GLONASS,90,0.0,0.0,31.0,是
0703002-0918-15-42-gnss_raw.txt,2436,459697.000,Galileo,19,52.0,329.0,27.0,是
0703002-0918-15-42-gnss_raw.txt,2436,459697.000,Galileo,21,75.0,185.0,32.0,是
0703002-0918-15-42-gnss_raw.txt,2436,459697.000,Galileo,27,0.0,0.0,30.0,是
0703002-0918-15-42-gnss_raw.txt,2436,459697.000,QZSS,7,53.0,169.0,24.0,是
0703002-0918-15-42-gnss_raw.txt,2436,459697.000,BDS,7,63.0,340.0,27.0,是
0703002-0918-15-42-gnss_raw.txt,2436,459697.000,BDS,9,54.0,224.0,24.0,是
0703002-0918-15-42-gnss_raw.txt,2436,459697.000,BDS,10,62.0,317.0,25.0,是
0703002-0918-15-42-gnss_raw.txt,2436,459697.000,BDS,19,31.0,159.0,22.0,是
0703002-0918-15-42-gnss_raw.txt,2436,459697.000,BDS,21,34.0,316.0,24.0,是
0703002-0918-15-42-gnss_raw.txt,2436,459697.000,BDS,22,74.0,233.0,30.0,是
0703002-0918-15-42-gnss_raw.txt,2436,459697.000,BDS,36,59.0,23.0,26.0,是
0703002-0918-15-42-gnss_raw.txt,2436,459697.000,BDS,39,54.0,271.0,27.0,是
0703002-0918-15-42-gnss_raw.txt,2436,459698.000,GPS,10,0.0,0.0,20.0,是
0703002-0918-15-42-gnss_raw.txt,2436,459698.000,GPS,26,56.0,236.0,31.0,是
0703002-0918-15-42-gnss_raw.txt,2436,459698.000,GPS,28,58.0,14.0,27.0,是
0703002-0918-15-42-gnss_raw.txt,2436,459698.000,GPS,31,52.0,318.0,30.0,是
0703002-0918-15-42-gnss_raw.txt,2436,459698.000,GPS,32,64.0,122.0,34.0,是
0703002-0918-15-42-gnss_raw.txt,2436,459698.000,GLONASS,71,79.0,153.0,33.0,是
0703002-0918-15-42-gnss_raw.txt,2436,459698.000,GLONASS,72,42.0,331.0,20.0,是
0703002-0918-15-42-gnss_raw.txt,2436,459698.000,GLONASS,73,45.0,19.0,29.0,是
0703002-0918-15-42-gnss_raw.txt,2436,459698.000,GLONASS,74,61.0,285.0,29.0,是
0703002-0918-15-42-gnss_raw.txt,2436,459698.000,GLONASS,90,0.0,0.0,31.0,是
0703002-0918-15-42-gnss_raw.txt,2436,459698.000,Galileo,19,0.0,0.0,26.0,是
0703002-0918-15-42-gnss_raw.txt,2436,459698.000,Galileo,21,75.0,185.0,33.0,是
0703002-0918-15-42-gnss_raw.txt,2436,459698.000,Galileo,27,0.0,0.0,29.0,是
0703002-0918-15-42-gnss_raw.txt,2436,459698.000,QZSS,7,53.0,169.0,25.0,是
0703002-0918-15-42-gnss_raw.txt,2436,459698.000,BDS,7,63.0,340.0,27.0,是
0703002-0918-15-42-gnss_raw.txt,2436,459698.000,BDS,9,54.0,224.0,25.0,是
0703002-0918-15-42-gnss_raw.txt,2436,459698.000,BDS,10,62.0,318.0,27.0,是
0703002-0918-15-42-gnss_raw.txt,2436,459698.000,BDS,19,31.0,159.0,20.0,是
0703002-0918-15-42-gnss_raw.txt,2436,459698.000,BDS,21,34.0,316.0,24.0,是
0703002-0918-15-42-gnss_raw.txt,2436,459698.000,BDS,22,74.0,233.0,30.0,是
0703002-0918-15-42-gnss_raw.txt,2436,459698.000,BDS,36,59.0,23.0,27.0,是
0703002-0918-15-42-gnss_raw.txt,2436,459698.000,BDS,39,54.0,271.0,29.0,是
0703002-0918-15-42-gnss_raw.txt,2436,459699.000,GPS,26,56.0,236.0,31.0,是
0703002-0918-15-42-gnss_raw.txt,2436,459699.000,GPS,28,58.0,14.0,29.0,是
0703002-0918-15-42-gnss_raw.txt,2436,459699.000,GPS,31,52.0,318.0,31.0,是
0703002-0918-15-42-gnss_raw.txt,2436,459699.000,GPS,32,64.0,122.0,35.0,是
0703002-0918-15-42-gnss_raw.txt,2436,459699.000,GLONASS,71,79.0,153.0,33.0,是
0703002-0918-15-42-gnss_raw.txt,2436,459699.000,GLONASS,72,42.0,331.0,24.0,是
0703002-0918-15-42-gnss_raw.txt,2436,459699.000,GLONASS,73,45.0,19.0,29.0,是
0703002-0918-15-42-gnss_raw.txt,2436,459699.000,GLONASS,74,61.0,285.0,30.0,是
0703002-0918-15-42-gnss_raw.txt,2436,459699.000,GLONASS,90,0.0,0.0,33.0,是
0703002-0918-15-42-gnss_raw.txt,2436,459699.000,Galileo,19,0.0,0.0,27.0,是
0703002-0918-15-42-gnss_raw.txt,2436,459699.000,Galileo,21,75.0,185.0,33.0,是
0703002-0918-15-42-gnss_raw.txt,2436,459699.000,Galileo,27,0.0,0.0,31.0,是
0703002-0918-15-42-gnss_raw.txt,2436,459699.000,QZSS,7,53.0,169.0,25.0,是
0703002-0918-15-42-gnss_raw.txt,2436,459699.000,BDS,7,63.0,340.0,27.0,是
0703002-0918-15-42-gnss_raw.txt,2436,459699.000,BDS,9,54.0,224.0,26.0,是
0703002-0918-15-42-gnss_raw.txt,2436,459699.000,BDS,10,62.0,318.0,27.0,是
0703002-0918-15-42-gnss_raw.txt,2436,459699.000,BDS,19,31.0,159.0,28.0,是
0703002-0918-15-42-gnss_raw.txt,2436,459699.000,BDS,21,34.0,316.0,24.0,是
0703002-0918-15-42-gnss_raw.txt,2436,459699.000,BDS,22,74.0,233.0,31.0,是
0703002-0918-15-42-gnss_raw.txt,2436,459699.000,BDS,36,59.0,23.0,28.0,是
0703002-0918-15-42-gnss_raw.txt,2436,459699.000,BDS,39,54.0,271.0,28.0,是
0703002-0918-15-42-gnss_raw.txt,2436,459700.000,GPS,26,56.0,236.0,31.0,是
0703002-0918-15-42-gnss_raw.txt,2436,459700.000,GPS,28,58.0,14.0,30.0,是
0703002-0918-15-42-gnss_raw.txt,2436,459700.000,GPS,31,52.0,318.0,31.0,是
0703002-0918-15-42-gnss_raw.txt,2436,459700.000,GPS,32,64.0,122.0,35.0,是
0703002-0918-15-42-gnss_raw.txt,2436,459700.000,GLONASS,71,79.0,153.0,33.0,是
0703002-0918-15-42-gnss_raw.txt,2436,459700.000,GLONASS,72,42.0,331.0,25.0,是
0703002-0918-15-42-gnss_raw.txt,2436,459700.000,GLONASS,73,45.0,19.0,32.0,是
0703002-0918-15-42-gnss_raw.txt,2436,459700.000,GLONASS,74,61.0,285.0,30.0,是
0703002-0918-15-42-gnss_raw.txt,2436,459700.000,GLONASS,90,0.0,0.0,34.0,是
0703002-0918-15-42-gnss_raw.txt,2436,459700.000,Galileo,19,0.0,0.0,27.0,是
0703002-0918-15-42-gnss_raw.txt,2436,459700.000,Galileo,21,75.0,185.0,32.0,是
0703002-0918-15-42-gnss_raw.txt,2436,459700.000,Galileo,27,0.0,0.0,30.0,是
0703002-0918-15-42-gnss_raw.txt,2436,459700.000,QZSS,7,53.0,169.0,23.0,是
0703002-0918-15-42-gnss_raw.txt,2436,459700.000,BDS,7,63.0,340.0,28.0,是
0703002-0918-15-42-gnss_raw.txt,2436,459700.000,BDS,9,54.0,224.0,26.0,是
0703002-0918-15-42-gnss_raw.txt,2436,459700.000,BDS,10,62.0,318.0,27.0,是
0703002-0918-15-42-gnss_raw.txt,2436,459700.000,BDS,19,31.0,159.0,28.0,是
0703002-0918-15-42-gnss_raw.txt,2436,459700.000,BDS,21,34.0,316.0,25.0,是
0703002-0918-15-42-gnss_raw.txt,2436,459700.000,BDS,22,74.0,233.0,31.0,是
0703002-0918-15-42-gnss_raw.txt,2436,459700.000,BDS,36,59.0,23.0,30.0,是
0703002-0918-15-42-gnss_raw.txt,2436,459700.000,BDS,39,54.0,272.0,28.0,是
0703002-0918-15-42-gnss_raw.txt,2436,459701.000,GPS,26,56.0,236.0,28.0,是
0703002-0918-15-42-gnss_raw.txt,2436,459701.000,GPS,28,58.0,14.0,31.0,是
0703002-0918-15-42-gnss_raw.txt,2436,459701.000,GPS,31,52.0,318.0,31.0,是
0703002-0918-15-42-gnss_raw.txt,2436,459701.000,GPS,32,64.0,122.0,34.0,是
0703002-0918-15-42-gnss_raw.txt,2436,459701.000,GLONASS,71,79.0,153.0,29.0,是
0703002-0918-15-42-gnss_raw.txt,2436,459701.000,GLONASS,72,42.0,331.0,26.0,是
0703002-0918-15-42-gnss_raw.txt,2436,459701.000,GLONASS,73,45.0,19.0,33.0,是
0703002-0918-15-42-gnss_raw.txt,2436,459701.000,GLONASS,74,61.0,285.0,29.0,是
0703002-0918-15-42-gnss_raw.txt,2436,459701.000,GLONASS,90,0.0,0.0,34.0,是
0703002-0918-15-42-gnss_raw.txt,2436,459701.000,Galileo,19,52.0,329.0,27.0,是
0703002-0918-15-42-gnss_raw.txt,2436,459701.000,Galileo,21,75.0,185.0,31.0,是
0703002-0918-15-42-gnss_raw.txt,2436,459701.000,Galileo,27,0.0,0.0,31.0,是
0703002-0918-15-42-gnss_raw.txt,2436,459701.000,QZSS,7,53.0,169.0,22.0,是
0703002-0918-15-42-gnss_raw.txt,2436,459701.000,BDS,7,63.0,340.0,28.0,是
0703002-0918-15-42-gnss_raw.txt,2436,459701.000,BDS,9,54.0,224.0,24.0,是
0703002-0918-15-42-gnss_raw.txt,2436,459701.000,BDS,10,62.0,318.0,27.0,是
0703002-0918-15-42-gnss_raw.txt,2436,459701.000,BDS,19,31.0,159.0,30.0,是
0703002-0918-15-42-gnss_raw.txt,2436,459701.000,BDS,21,34.0,316.0,25.0,是
0703002-0918-15-42-gnss_raw.txt,2436,459701.000,BDS,22,74.0,233.0,31.0,是
0703002-0918-15-42-gnss_raw.txt,2436,459701.000,BDS,36,59.0,23.0,30.0,是
0703002-0918-15-42-gnss_raw.txt,2436,459701.000,BDS,39,54.0,272.0,28.0,是
0703002-0918-15-42-gnss_raw.txt,2436,459702.000,GPS,26,56.0,236.0,30.0,是
0703002-0918-15-42-gnss_raw.txt,2436,459702.000,GPS,28,58.0,14.0,31.0,是
0703002-0918-15-42-gnss_raw.txt,2436,459702.000,GPS,31,52.0,318.0,31.0,是
0703002-0918-15-42-gnss_raw.txt,2436,459702.000,GPS,32,64.0,122.0,32.0,是
0703002-0918-15-42-gnss_raw.txt,2436,459702.000,GLONASS,71,79.0,153.0,29.0,是
0703002-0918-15-42-gnss_raw.txt,2436,459702.000,GLONASS,72,42.0,331.0,27.0,是
0703002-0918-15-42-gnss_raw.txt,2436,459702.000,GLONASS,73,45.0,19.0,32.0,是
0703002-0918-15-42-gnss_raw.txt,2436,459702.000,GLONASS,74,61.0,285.0,28.0,是
0703002-0918-15-42-gnss_raw.txt,2436,459702.000,GLONASS,90,0.0,0.0,35.0,是
0703002-0918-15-42-gnss_raw.txt,2436,459702.000,Galileo,19,52.0,329.0,28.0,是
0703002-0918-15-42-gnss_raw.txt,2436,459702.000,Galileo,21,75.0,185.0,30.0,是
0703002-0918-15-42-gnss_raw.txt,2436,459702.000,Galileo,27,0.0,0.0,31.0,是
0703002-0918-15-42-gnss_raw.txt,2436,459702.000,QZSS,7,53.0,169.0,21.0,是
0703002-0918-15-42-gnss_raw.txt,2436,459702.000,BDS,7,63.0,340.0,28.0,是
0703002-0918-15-42-gnss_raw.txt,2436,459702.000,BDS,9,54.0,224.0,26.0,是
0703002-0918-15-42-gnss_raw.txt,2436,459702.000,BDS,10,62.0,318.0,27.0,是
0703002-0918-15-42-gnss_raw.txt,2436,459702.000,BDS,19,31.0,159.0,29.0,是
0703002-0918-15-42-gnss_raw.txt,2436,459702.000,BDS,21,34.0,316.0,25.0,是
0703002-0918-15-42-gnss_raw.txt,2436,459702.000,BDS,22,74.0,233.0,29.0,是
0703002-0918-15-42-gnss_raw.txt,2436,459702.000,BDS,36,59.0,23.0,31.0,是
0703002-0918-15-42-gnss_raw.txt,2436,459702.000,BDS,39,54.0,272.0,27.0,是
0703002-0918-15-42-gnss_raw.txt,2436,459703.000,GPS,26,56.0,236.0,32.0,是
0703002-0918-15-42-gnss_raw.txt,2436,459703.000,GPS,28,58.0,14.0,30.0,是
0703002-0918-15-42-gnss_raw.txt,2436,459703.000,GPS,31,52.0,318.0,32.0,是
0703002-0918-15-42-gnss_raw.txt,2436,459703.000,GPS,32,64.0,122.0,31.0,是
0703002-0918-15-42-gnss_raw.txt,2436,459703.000,GLONASS,71,79.0,153.0,29.0,是
0703002-0918-15-42-gnss_raw.txt,2436,459703.000,GLONASS,72,42.0,331.0,28.0,是
0703002-0918-15-42-gnss_raw.txt,2436,459703.000,GLONASS,73,45.0,19.0,32.0,是
0703002-0918-15-42-gnss_raw.txt,2436,459703.000,GLONASS,74,61.0,285.0,29.0,是
0703002-0918-15-42-gnss_raw.txt,2436,459703.000,GLONASS,90,0.0,0.0,34.0,是
0703002-0918-15-42-gnss_raw.txt,2436,459703.000,Galileo,19,52.0,329.0,27.0,是
0703002-0918-15-42-gnss_raw.txt,2436,459703.000,Galileo,21,75.0,185.0,29.0,是
0703002-0918-15-42-gnss_raw.txt,2436,459703.000,Galileo,27,0.0,0.0,30.0,是
0703002-0918-15-42-gnss_raw.txt,2436,459703.000,QZSS,7,53.0,169.0,23.0,是
0703002-0918-15-42-gnss_raw.txt,2436,459703.000,BDS,7,63.0,340.0,27.0,是
0703002-0918-15-42-gnss_raw.txt,2436,459703.000,BDS,9,54.0,224.0,27.0,是
0703002-0918-15-42-gnss_raw.txt,2436,459703.000,BDS,10,62.0,318.0,27.0,是
0703002-0918-15-42-gnss_raw.txt,2436,459703.000,BDS,19,31.0,159.0,31.0,是
0703002-0918-15-42-gnss_raw.txt,2436,459703.000,BDS,21,34.0,316.0,26.0,是
0703002-0918-15-42-gnss_raw.txt,2436,459703.000,BDS,22,74.0,233.0,29.0,是
0703002-0918-15-42-gnss_raw.txt,2436,459703.000,BDS,36,59.0,23.0,30.0,是
0703002-0918-15-42-gnss_raw.txt,2436,459703.000,BDS,39,54.0,272.0,29.0,是
0703002-0918-15-42-gnss_raw.txt,2436,459704.000,GPS,26,56.0,236.0,31.0,是
0703002-0918-15-42-gnss_raw.txt,2436,459704.000,GPS,28,58.0,14.0,27.0,是
0703002-0918-15-42-gnss_raw.txt,2436,459704.000,GPS,31,52.0,318.0,32.0,是
0703002-0918-15-42-gnss_raw.txt,2436,459704.000,GPS,32,64.0,122.0,30.0,是
0703002-0918-15-42-gnss_raw.txt,2436,459704.000,GLONASS,71,79.0,153.0,26.0,是
0703002-0918-15-42-gnss_raw.txt,2436,459704.000,GLONASS,72,42.0,331.0,27.0,是
0703002-0918-15-42-gnss_raw.txt,2436,459704.000,GLONASS,73,45.0,19.0,33.0,是
0703002-0918-15-42-gnss_raw.txt,2436,459704.000,GLONASS,74,0.0,0.0,26.0,是
0703002-0918-15-42-gnss_raw.txt,2436,459704.000,GLONASS,90,0.0,0.0,32.0,是
0703002-0918-15-42-gnss_raw.txt,2436,459704.000,Galileo,19,52.0,329.0,29.0,是
0703002-0918-15-42-gnss_raw.txt,2436,459704.000,Galileo,21,75.0,185.0,31.0,是
0703002-0918-15-42-gnss_raw.txt,2436,459704.000,Galileo,27,0.0,0.0,28.0,是
0703002-0918-15-42-gnss_raw.txt,2436,459704.000,QZSS,7,53.0,169.0,22.0,是
0703002-0918-15-42-gnss_raw.txt,2436,459704.000,BDS,7,63.0,340.0,27.0,是
0703002-0918-15-42-gnss_raw.txt,2436,459704.000,BDS,9,54.0,224.0,26.0,是
0703002-0918-15-42-gnss_raw.txt,2436,459704.000,BDS,10,62.0,318.0,27.0,是
0703002-0918-15-42-gnss_raw.txt,2436,459704.000,BDS,19,31.0,159.0,30.0,是
0703002-0918-15-42-gnss_raw.txt,2436,459704.000,BDS,21,34.0,316.0,28.0,是
0703002-0918-15-42-gnss_raw.txt,2436,459704.000,BDS,22,74.0,233.0,30.0,是
0703002-0918-15-42-gnss_raw.txt,2436,459704.000,BDS,36,59.0,23.0,27.0,是
0703002-0918-15-42-gnss_raw.txt,2436,459704.000,BDS,39,54.0,272.0,28.0,是
0703002-0918-15-42-gnss_raw.txt,2436,459705.000,GPS,26,56.0,236.0,30.0,是
0703002-0918-15-42-gnss_raw.txt,2436,459705.000,GPS,28,58.0,14.0,26.0,是
0703002-0918-15-42-gnss_raw.txt,2436,459705.000,GPS,31,52.0,318.0,30.0,是
0703002-0918-15-42-gnss_raw.txt,2436,459705.000,GPS,32,64.0,122.0,30.0,是
0703002-0918-15-42-gnss_raw.txt,2436,459705.000,GLONASS,71,79.0,153.0,26.0,是
0703002-0918-15-42-gnss_raw.txt,2436,459705.000,GLONASS,72,42.0,331.0,26.0,是
0703002-0918-15-42-gnss_raw.txt,2436,459705.000,GLONASS,73,45.0,19.0,32.0,是
0703002-0918-15-42-gnss_raw.txt,2436,459705.000,GLONASS,74,61.0,285.0,27.0,是
0703002-0918-15-42-gnss_raw.txt,2436,459705.000,GLONASS,90,0.0,0.0,33.0,是
0703002-0918-15-42-gnss_raw.txt,2436,459705.000,Galileo,19,52.0,329.0,27.0,是
0703002-0918-15-42-gnss_raw.txt,2436,459705.000,Galileo,21,75.0,185.0,32.0,是
0703002-0918-15-42-gnss_raw.txt,2436,459705.000,Galileo,27,0.0,0.0,28.0,是
0703002-0918-15-42-gnss_raw.txt,2436,459705.000,QZSS,2,0.0,0.0,20.0,是
0703002-0918-15-42-gnss_raw.txt,2436,459705.000,QZSS,7,53.0,169.0,23.0,是
0703002-0918-15-42-gnss_raw.txt,2436,459705.000,BDS,7,63.0,340.0,26.0,是
0703002-0918-15-42-gnss_raw.txt,2436,459705.000,BDS,9,54.0,224.0,25.0,是
0703002-0918-15-42-gnss_raw.txt,2436,459705.000,BDS,10,62.0,318.0,26.0,是
0703002-0918-15-42-gnss_raw.txt,2436,459705.000,BDS,19,31.0,159.0,29.0,是
0703002-0918-15-42-gnss_raw.txt,2436,459705.000,BDS,21,34.0,316.0,28.0,是
0703002-0918-15-42-gnss_raw.txt,2436,459705.000,BDS,22,74.0,233.0,31.0,是
0703002-0918-15-42-gnss_raw.txt,2436,459705.000,BDS,36,59.0,23.0,26.0,是
0703002-0918-15-42-gnss_raw.txt,2436,459705.000,BDS,39,54.0,272.0,28.0,是
0703002-0918-15-42-gnss_raw.txt,2436,459706.000,GPS,26,56.0,236.0,31.0,是
0703002-0918-15-42-gnss_raw.txt,2436,459706.000,GPS,28,58.0,14.0,28.0,是
0703002-0918-15-42-gnss_raw.txt,2436,459706.000,GPS,31,52.0,318.0,31.0,是
0703002-0918-15-42-gnss_raw.txt,2436,459706.000,GPS,32,64.0,122.0,28.0,是
0703002-0918-15-42-gnss_raw.txt,2436,459706.000,GLONASS,71,79.0,153.0,28.0,是
0703002-0918-15-42-gnss_raw.txt,2436,459706.000,GLONASS,72,42.0,331.0,26.0,是
0703002-0918-15-42-gnss_raw.txt,2436,459706.000,GLONASS,73,45.0,19.0,32.0,是
0703002-0918-15-42-gnss_raw.txt,2436,459706.000,GLONASS,74,61.0,285.0,28.0,是
0703002-0918-15-42-gnss_raw.txt,2436,459706.000,GLONASS,90,0.0,0.0,34.0,是
0703002-0918-15-42-gnss_raw.txt,2436,459706.000,Galileo,19,52.0,329.0,28.0,是
0703002-0918-15-42-gnss_raw.txt,2436,459706.000,Galileo,21,75.0,185.0,30.0,是
0703002-0918-15-42-gnss_raw.txt,2436,459706.000,Galileo,27,0.0,0.0,31.0,是
0703002-0918-15-42-gnss_raw.txt,2436,459706.000,QZSS,2,0.0,0.0,23.0,是
0703002-0918-15-42-gnss_raw.txt,2436,459706.000,QZSS,7,53.0,169.0,23.0,是
0703002-0918-15-42-gnss_raw.txt,2436,459706.000,BDS,7,63.0,340.0,27.0,是
0703002-0918-15-42-gnss_raw.txt,2436,459706.000,BDS,9,54.0,224.0,26.0,是
0703002-0918-15-42-gnss_raw.txt,2436,459706.000,BDS,10,62.0,318.0,26.0,是
0703002-0918-15-42-gnss_raw.txt,2436,459706.000,BDS,19,31.0,159.0,33.0,是
0703002-0918-15-42-gnss_raw.txt,2436,459706.000,BDS,21,34.0,316.0,28.0,是
0703002-0918-15-42-gnss_raw.txt,2436,459706.000,BDS,22,74.0,233.0,31.0,是
0703002-0918-15-42-gnss_raw.txt,2436,459706.000,BDS,36,59.0,23.0,27.0,是
0703002-0918-15-42-gnss_raw.txt,2436,459706.000,BDS,39,54.0,272.0,29.0,是
0703002-0918-15-42-gnss_raw.txt,2436,459707.000,GPS,26,56.0,237.0,32.0,是
0703002-0918-15-42-gnss_raw.txt,2436,459707.000,GPS,28,58.0,14.0,30.0,是
0703002-0918-15-42-gnss_raw.txt,2436,459707.000,GPS,31,52.0,318.0,32.0,是
0703002-0918-15-42-gnss_raw.txt,2436,459707.000,GPS,32,64.0,122.0,26.0,是
0703002-0918-15-42-gnss_raw.txt,2436,459707.000,GLONASS,71,79.0,153.0,28.0,是
0703002-0918-15-42-gnss_raw.txt,2436,459707.000,GLONASS,72,42.0,331.0,27.0,是
0703002-0918-15-42-gnss_raw.txt,2436,459707.000,GLONASS,73,45.0,19.0,31.0,是
0703002-0918-15-42-gnss_raw.txt,2436,459707.000,GLONASS,74,61.0,285.0,29.0,是
0703002-0918-15-42-gnss_raw.txt,2436,459707.000,GLONASS,90,0.0,0.0,35.0,是
0703002-0918-15-42-gnss_raw.txt,2436,459707.000,Galileo,19,52.0,329.0,29.0,是
0703002-0918-15-42-gnss_raw.txt,2436,459707.000,Galileo,21,75.0,185.0,30.0,是
0703002-0918-15-42-gnss_raw.txt,2436,459707.000,Galileo,27,0.0,0.0,33.0,是
0703002-0918-15-42-gnss_raw.txt,2436,459707.000,QZSS,2,0.0,0.0,22.0,是
0703002-0918-15-42-gnss_raw.txt,2436,459707.000,QZSS,7,53.0,169.0,23.0,是
0703002-0918-15-42-gnss_raw.txt,2436,459707.000,BDS,7,63.0,340.0,28.0,是
0703002-0918-15-42-gnss_raw.txt,2436,459707.000,BDS,9,54.0,224.0,26.0,是
0703002-0918-15-42-gnss_raw.txt,2436,459707.000,BDS,10,62.0,318.0,25.0,是
0703002-0918-15-42-gnss_raw.txt,2436,459707.000,BDS,19,31.0,159.0,39.0,是
0703002-0918-15-42-gnss_raw.txt,2436,459707.000,BDS,21,34.0,316.0,28.0,是
0703002-0918-15-42-gnss_raw.txt,2436,459707.000,BDS,22,74.0,233.0,30.0,是
0703002-0918-15-42-gnss_raw.txt,2436,459707.000,BDS,36,59.0,23.0,27.0,是
0703002-0918-15-42-gnss_raw.txt,2436,459707.000,BDS,39,54.0,272.0,29.0,是
0703002-0918-15-42-gnss_raw.txt,2436,459708.000,GPS,26,56.0,237.0,32.0,是
0703002-0918-15-42-gnss_raw.txt,2436,459708.000,GPS,28,58.0,14.0,31.0,是
0703002-0918-15-42-gnss_raw.txt,2436,459708.000,GPS,31,52.0,318.0,32.0,是
0703002-0918-15-42-gnss_raw.txt,2436,459708.000,GPS,32,64.0,122.0,27.0,是
0703002-0918-15-42-gnss_raw.txt,2436,459708.000,GLONASS,71,79.0,153.0,27.0,是
0703002-0918-15-42-gnss_raw.txt,2436,459708.000,GLONASS,72,42.0,331.0,27.0,是
0703002-0918-15-42-gnss_raw.txt,2436,459708.000,GLONASS,73,45.0,19.0,30.0,是
0703002-0918-15-42-gnss_raw.txt,2436,459708.000,GLONASS,74,61.0,285.0,30.0,是
0703002-0918-15-42-gnss_raw.txt,2436,459708.000,GLONASS,90,0.0,0.0,35.0,是
0703002-0918-15-42-gnss_raw.txt,2436,459708.000,Galileo,19,52.0,329.0,30.0,是
0703002-0918-15-42-gnss_raw.txt,2436,459708.000,Galileo,21,75.0,185.0,31.0,是
0703002-0918-15-42-gnss_raw.txt,2436,459708.000,Galileo,27,0.0,0.0,34.0,是
0703002-0918-15-42-gnss_raw.txt,2436,459708.000,QZSS,2,0.0,0.0,22.0,是
0703002-0918-15-42-gnss_raw.txt,2436,459708.000,QZSS,7,53.0,169.0,22.0,是
0703002-0918-15-42-gnss_raw.txt,2436,459708.000,BDS,7,63.0,340.0,28.0,是
0703002-0918-15-42-gnss_raw.txt,2436,459708.000,BDS,9,54.0,224.0,25.0,是
0703002-0918-15-42-gnss_raw.txt,2436,459708.000,BDS,10,62.0,318.0,24.0,是
0703002-0918-15-42-gnss_raw.txt,2436,459708.000,BDS,19,31.0,159.0,37.0,是
0703002-0918-15-42-gnss_raw.txt,2436,459708.000,BDS,21,34.0,316.0,28.0,是
0703002-0918-15-42-gnss_raw.txt,2436,459708.000,BDS,22,74.0,233.0,30.0,是
0703002-0918-15-42-gnss_raw.txt,2436,459708.000,BDS,36,59.0,23.0,28.0,是
0703002-0918-15-42-gnss_raw.txt,2436,459708.000,BDS,39,54.0,272.0,30.0,是
0703002-0918-15-42-gnss_raw.txt,2436,459709.000,GPS,26,56.0,237.0,32.0,是
0703002-0918-15-42-gnss_raw.txt,2436,459709.000,GPS,28,58.0,14.0,31.0,是
0703002-0918-15-42-gnss_raw.txt,2436,459709.000,GPS,31,52.0,318.0,32.0,是
0703002-0918-15-42-gnss_raw.txt,2436,459709.000,GPS,32,64.0,122.0,26.0,是
0703002-0918-15-42-gnss_raw.txt,2436,459709.000,GLONASS,71,79.0,153.0,27.0,是
0703002-0918-15-42-gnss_raw.txt,2436,459709.000,GLONASS,72,42.0,331.0,27.0,是
0703002-0918-15-42-gnss_raw.txt,2436,459709.000,GLONASS,73,45.0,19.0,30.0,是
0703002-0918-15-42-gnss_raw.txt,2436,459709.000,GLONASS,74,61.0,285.0,29.0,是
0703002-0918-15-42-gnss_raw.txt,2436,459709.000,GLONASS,90,0.0,0.0,35.0,是
0703002-0918-15-42-gnss_raw.txt,2436,459709.000,Galileo,19,52.0,329.0,30.0,是
0703002-0918-15-42-gnss_raw.txt,2436,459709.000,Galileo,21,75.0,185.0,29.0,是
0703002-0918-15-42-gnss_raw.txt,2436,459709.000,Galileo,27,0.0,0.0,33.0,是
0703002-0918-15-42-gnss_raw.txt,2436,459709.000,QZSS,2,0.0,0.0,21.0,是
0703002-0918-15-42-gnss_raw.txt,2436,459709.000,QZSS,7,53.0,169.0,21.0,是
0703002-0918-15-42-gnss_raw.txt,2436,459709.000,BDS,7,63.0,340.0,28.0,是
0703002-0918-15-42-gnss_raw.txt,2436,459709.000,BDS,9,54.0,224.0,24.0,是
0703002-0918-15-42-gnss_raw.txt,2436,459709.000,BDS,10,62.0,318.0,24.0,是
0703002-0918-15-42-gnss_raw.txt,2436,459709.000,BDS,19,31.0,159.0,36.0,是
0703002-0918-15-42-gnss_raw.txt,2436,459709.000,BDS,21,34.0,316.0,28.0,是
0703002-0918-15-42-gnss_raw.txt,2436,459709.000,BDS,22,74.0,233.0,30.0,是
0703002-0918-15-42-gnss_raw.txt,2436,459709.000,BDS,36,59.0,23.0,28.0,是
0703002-0918-15-42-gnss_raw.txt,2436,459709.000,BDS,39,54.0,272.0,30.0,是
0703002-0918-15-42-gnss_raw.txt,2436,459710.000,GPS,26,56.0,237.0,32.0,是
0703002-0918-15-42-gnss_raw.txt,2436,459710.000,GPS,28,58.0,14.0,31.0,是
0703002-0918-15-42-gnss_raw.txt,2436,459710.000,GPS,31,52.0,318.0,32.0,是
0703002-0918-15-42-gnss_raw.txt,2436,459710.000,GPS,32,64.0,122.0,25.0,是
0703002-0918-15-42-gnss_raw.txt,2436,459710.000,GLONASS,71,79.0,153.0,26.0,是
0703002-0918-15-42-gnss_raw.txt,2436,459710.000,GLONASS,72,42.0,331.0,27.0,是
0703002-0918-15-42-gnss_raw.txt,2436,459710.000,GLONASS,73,45.0,19.0,32.0,是
0703002-0918-15-42-gnss_raw.txt,2436,459710.000,GLONASS,74,61.0,285.0,29.0,是
0703002-0918-15-42-gnss_raw.txt,2436,459710.000,GLONASS,90,0.0,0.0,34.0,是
0703002-0918-15-42-gnss_raw.txt,2436,459710.000,Galileo,19,52.0,329.0,30.0,是
0703002-0918-15-42-gnss_raw.txt,2436,459710.000,Galileo,21,75.0,185.0,30.0,是
0703002-0918-15-42-gnss_raw.txt,2436,459710.000,Galileo,27,0.0,0.0,32.0,是
0703002-0918-15-42-gnss_raw.txt,2436,459710.000,QZSS,2,0.0,0.0,22.0,是
0703002-0918-15-42-gnss_raw.txt,2436,459710.000,QZSS,7,53.0,169.0,21.0,是
0703002-0918-15-42-gnss_raw.txt,2436,459710.000,BDS,7,63.0,340.0,28.0,是
0703002-0918-15-42-gnss_raw.txt,2436,459710.000,BDS,9,54.0,224.0,25.0,是
0703002-0918-15-42-gnss_raw.txt,2436,459710.000,BDS,10,62.0,318.0,23.0,是
0703002-0918-15-42-gnss_raw.txt,2436,459710.000,BDS,19,31.0,159.0,36.0,是
0703002-0918-15-42-gnss_raw.txt,2436,459710.000,BDS,21,34.0,316.0,28.0,是
0703002-0918-15-42-gnss_raw.txt,2436,459710.000,BDS,22,74.0,233.0,30.0,是
0703002-0918-15-42-gnss_raw.txt,2436,459710.000,BDS,36,59.0,23.0,27.0,是
0703002-0918-15-42-gnss_raw.txt,2436,459710.000,BDS,39,54.0,272.0,30.0,是
0703002-0918-15-42-gnss_raw.txt,2436,459711.000,GPS,26,56.0,237.0,32.0,是
0703002-0918-15-42-gnss_raw.txt,2436,459711.000,GPS,28,58.0,14.0,31.0,是
0703002-0918-15-42-gnss_raw.txt,2436,459711.000,GPS,31,52.0,318.0,32.0,是
0703002-0918-15-42-gnss_raw.txt,2436,459711.000,GPS,32,64.0,122.0,26.0,是
0703002-0918-15-42-gnss_raw.txt,2436,459711.000,GLONASS,71,79.0,153.0,27.0,是
0703002-0918-15-42-gnss_raw.txt,2436,459711.000,GLONASS,72,42.0,331.0,27.0,是
0703002-0918-15-42-gnss_raw.txt,2436,459711.000,GLONASS,73,45.0,19.0,33.0,是
0703002-0918-15-42-gnss_raw.txt,2436,459711.000,GLONASS,74,61.0,285.0,28.0,是
0703002-0918-15-42-gnss_raw.txt,2436,459711.000,GLONASS,90,0.0,0.0,34.0,是
0703002-0918-15-42-gnss_raw.txt,2436,459711.000,Galileo,19,52.0,329.0,30.0,是
0703002-0918-15-42-gnss_raw.txt,2436,459711.000,Galileo,21,75.0,185.0,31.0,是
0703002-0918-15-42-gnss_raw.txt,2436,459711.000,Galileo,27,0.0,0.0,33.0,是
0703002-0918-15-42-gnss_raw.txt,2436,459711.000,QZSS,2,0.0,0.0,22.0,是
0703002-0918-15-42-gnss_raw.txt,2436,459711.000,QZSS,7,53.0,169.0,21.0,是
0703002-0918-15-42-gnss_raw.txt,2436,459711.000,BDS,7,63.0,340.0,28.0,是
0703002-0918-15-42-gnss_raw.txt,2436,459711.000,BDS,9,54.0,224.0,25.0,是
0703002-0918-15-42-gnss_raw.txt,2436,459711.000,BDS,10,62.0,318.0,23.0,是
0703002-0918-15-42-gnss_raw.txt,2436,459711.000,BDS,19,31.0,159.0,36.0,是
0703002-0918-15-42-gnss_raw.txt,2436,459711.000,BDS,21,34.0,316.0,27.0,是
0703002-0918-15-42-gnss_raw.txt,2436,459711.000,BDS,22,74.0,233.0,30.0,是
0703002-0918-15-42-gnss_raw.txt,2436,459711.000,BDS,36,59.0,23.0,28.0,是
0703002-0918-15-42-gnss_raw.txt,2436,459711.000,BDS,39,54.0,272.0,30.0,是
0703002-0918-15-42-gnss_raw.txt,2436,459712.000,GPS,26,56.0,237.0,32.0,是
0703002-0918-15-42-gnss_raw.txt,2436,459712.000,GPS,28,58.0,14.0,31.0,是
0703002-0918-15-42-gnss_raw.txt,2436,459712.000,GPS,31,52.0,318.0,32.0,是
0703002-0918-15-42-gnss_raw.txt,2436,459712.000,GPS,32,64.0,122.0,26.0,是
0703002-0918-15-42-gnss_raw.txt,2436,459712.000,GLONASS,71,79.0,153.0,27.0,是
0703002-0918-15-42-gnss_raw.txt,2436,459712.000,GLONASS,72,42.0,331.0,27.0,是
0703002-0918-15-42-gnss_raw.txt,2436,459712.000,GLONASS,73,45.0,19.0,32.0,是
0703002-0918-15-42-gnss_raw.txt,2436,459712.000,GLONASS,74,0.0,0.0,28.0,是
0703002-0918-15-42-gnss_raw.txt,2436,459712.000,GLONASS,90,0.0,0.0,34.0,是
0703002-0918-15-42-gnss_raw.txt,2436,459712.000,Galileo,19,52.0,329.0,31.0,是
0703002-0918-15-42-gnss_raw.txt,2436,459712.000,Galileo,21,75.0,185.0,30.0,是
0703002-0918-15-42-gnss_raw.txt,2436,459712.000,Galileo,27,0.0,0.0,33.0,是
0703002-0918-15-42-gnss_raw.txt,2436,459712.000,QZSS,2,0.0,0.0,22.0,是
0703002-0918-15-42-gnss_raw.txt,2436,459712.000,QZSS,7,53.0,169.0,22.0,是
0703002-0918-15-42-gnss_raw.txt,2436,459712.000,BDS,7,63.0,340.0,29.0,是
0703002-0918-15-42-gnss_raw.txt,2436,459712.000,BDS,9,54.0,224.0,24.0,是
0703002-0918-15-42-gnss_raw.txt,2436,459712.000,BDS,10,62.0,318.0,24.0,是
0703002-0918-15-42-gnss_raw.txt,2436,459712.000,BDS,19,31.0,159.0,37.0,是
0703002-0918-15-42-gnss_raw.txt,2436,459712.000,BDS,21,34.0,316.0,27.0,是
0703002-0918-15-42-gnss_raw.txt,2436,459712.000,BDS,22,74.0,233.0,31.0,是
0703002-0918-15-42-gnss_raw.txt,2436,459712.000,BDS,36,59.0,23.0,28.0,是
0703002-0918-15-42-gnss_raw.txt,2436,459712.000,BDS,39,54.0,272.0,30.0,是
0703002-0918-15-42-gnss_raw.txt,2436,459713.000,GPS,26,56.0,237.0,32.0,是
0703002-0918-15-42-gnss_raw.txt,2436,459713.000,GPS,28,58.0,14.0,31.0,是
0703002-0918-15-42-gnss_raw.txt,2436,459713.000,GPS,31,52.0,318.0,32.0,是
0703002-0918-15-42-gnss_raw.txt,2436,459713.000,GPS,32,64.0,122.0,25.0,是
0703002-0918-15-42-gnss_raw.txt,2436,459713.000,GLONASS,71,79.0,153.0,26.0,是
0703002-0918-15-42-gnss_raw.txt,2436,459713.000,GLONASS,72,42.0,331.0,28.0,是
0703002-0918-15-42-gnss_raw.txt,2436,459713.000,GLONASS,73,45.0,19.0,32.0,是
0703002-0918-15-42-gnss_raw.txt,2436,459713.000,GLONASS,74,61.0,285.0,28.0,是
0703002-0918-15-42-gnss_raw.txt,2436,459713.000,GLONASS,90,0.0,0.0,34.0,是
0703002-0918-15-42-gnss_raw.txt,2436,459713.000,Galileo,19,52.0,329.0,30.0,是
0703002-0918-15-42-gnss_raw.txt,2436,459713.000,Galileo,21,75.0,185.0,29.0,是
0703002-0918-15-42-gnss_raw.txt,2436,459713.000,Galileo,27,0.0,0.0,33.0,是
0703002-0918-15-42-gnss_raw.txt,2436,459713.000,QZSS,2,0.0,0.0,20.0,是
0703002-0918-15-42-gnss_raw.txt,2436,459713.000,QZSS,7,53.0,169.0,23.0,是
0703002-0918-15-42-gnss_raw.txt,2436,459713.000,BDS,7,63.0,340.0,29.0,是
0703002-0918-15-42-gnss_raw.txt,2436,459713.000,BDS,9,54.0,224.0,24.0,是
0703002-0918-15-42-gnss_raw.txt,2436,459713.000,BDS,10,62.0,318.0,24.0,是
0703002-0918-15-42-gnss_raw.txt,2436,459713.000,BDS,19,31.0,159.0,36.0,是
0703002-0918-15-42-gnss_raw.txt,2436,459713.000,BDS,21,34.0,316.0,28.0,是
0703002-0918-15-42-gnss_raw.txt,2436,459713.000,BDS,22,74.0,233.0,30.0,是
0703002-0918-15-42-gnss_raw.txt,2436,459713.000,BDS,36,59.0,23.0,28.0,是
0703002-0918-15-42-gnss_raw.txt,2436,459713.000,BDS,39,54.0,272.0,30.0,是
0703002-0918-15-42-gnss_raw.txt,2436,459714.000,GPS,26,56.0,237.0,32.0,是
0703002-0918-15-42-gnss_raw.txt,2436,459714.000,GPS,28,58.0,14.0,31.0,是
0703002-0918-15-42-gnss_raw.txt,2436,459714.000,GPS,31,52.0,318.0,32.0,是
0703002-0918-15-42-gnss_raw.txt,2436,459714.000,GPS,32,64.0,122.0,26.0,是
0703002-0918-15-42-gnss_raw.txt,2436,459714.000,GLONASS,71,79.0,153.0,27.0,是
0703002-0918-15-42-gnss_raw.txt,2436,459714.000,GLONASS,72,42.0,331.0,26.0,是
0703002-0918-15-42-gnss_raw.txt,2436,459714.000,GLONASS,73,45.0,19.0,31.0,是
0703002-0918-15-42-gnss_raw.txt,2436,459714.000,GLONASS,74,61.0,285.0,28.0,是
0703002-0918-15-42-gnss_raw.txt,2436,459714.000,GLONASS,90,0.0,0.0,35.0,是
0703002-0918-15-42-gnss_raw.txt,2436,459714.000,Galileo,19,52.0,329.0,29.0,是
0703002-0918-15-42-gnss_raw.txt,2436,459714.000,Galileo,21,75.0,185.0,29.0,是
0703002-0918-15-42-gnss_raw.txt,2436,459714.000,Galileo,27,0.0,0.0,35.0,是
0703002-0918-15-42-gnss_raw.txt,2436,459714.000,QZSS,2,0.0,0.0,20.0,是
0703002-0918-15-42-gnss_raw.txt,2436,459714.000,QZSS,7,53.0,169.0,22.0,是
0703002-0918-15-42-gnss_raw.txt,2436,459714.000,BDS,7,63.0,340.0,28.0,是
0703002-0918-15-42-gnss_raw.txt,2436,459714.000,BDS,9,54.0,224.0,25.0,是
0703002-0918-15-42-gnss_raw.txt,2436,459714.000,BDS,10,62.0,318.0,24.0,是
0703002-0918-15-42-gnss_raw.txt,2436,459714.000,BDS,19,31.0,159.0,36.0,是
0703002-0918-15-42-gnss_raw.txt,2436,459714.000,BDS,21,34.0,316.0,28.0,是
0703002-0918-15-42-gnss_raw.txt,2436,459714.000,BDS,22,74.0,233.0,30.0,是
0703002-0918-15-42-gnss_raw.txt,2436,459714.000,BDS,36,59.0,23.0,28.0,是
0703002-0918-15-42-gnss_raw.txt,2436,459714.000,BDS,39,54.0,272.0,30.0,是
0703002-0918-15-42-gnss_raw.txt,2436,459715.000,GPS,26,56.0,237.0,32.0,是
0703002-0918-15-42-gnss_raw.txt,2436,459715.000,GPS,28,58.0,14.0,32.0,是
0703002-0918-15-42-gnss_raw.txt,2436,459715.000,GPS,31,52.0,318.0,32.0,是
0703002-0918-15-42-gnss_raw.txt,2436,459715.000,GPS,32,64.0,122.0,26.0,是
0703002-0918-15-42-gnss_raw.txt,2436,459715.000,GLONASS,71,79.0,153.0,26.0,是
0703002-0918-15-42-gnss_raw.txt,2436,459715.000,GLONASS,72,42.0,331.0,26.0,是
0703002-0918-15-42-gnss_raw.txt,2436,459715.000,GLONASS,73,45.0,19.0,31.0,是
0703002-0918-15-42-gnss_raw.txt,2436,459715.000,GLONASS,74,61.0,285.0,28.0,是
0703002-0918-15-42-gnss_raw.txt,2436,459715.000,GLONASS,90,0.0,0.0,35.0,是
0703002-0918-15-42-gnss_raw.txt,2436,459715.000,Galileo,19,52.0,329.0,30.0,是
0703002-0918-15-42-gnss_raw.txt,2436,459715.000,Galileo,21,75.0,185.0,30.0,是
0703002-0918-15-42-gnss_raw.txt,2436,459715.000,Galileo,27,0.0,0.0,34.0,是
0703002-0918-15-42-gnss_raw.txt,2436,459715.000,QZSS,2,0.0,0.0,20.0,是
0703002-0918-15-42-gnss_raw.txt,2436,459715.000,QZSS,7,53.0,169.0,22.0,是
0703002-0918-15-42-gnss_raw.txt,2436,459715.000,BDS,7,63.0,340.0,28.0,是
0703002-0918-15-42-gnss_raw.txt,2436,459715.000,BDS,9,54.0,224.0,25.0,是
0703002-0918-15-42-gnss_raw.txt,2436,459715.000,BDS,10,62.0,318.0,24.0,是
0703002-0918-15-42-gnss_raw.txt,2436,459715.000,BDS,19,31.0,159.0,36.0,是
0703002-0918-15-42-gnss_raw.txt,2436,459715.000,BDS,21,34.0,316.0,28.0,是
0703002-0918-15-42-gnss_raw.txt,2436,459715.000,BDS,22,74.0,233.0,31.0,是
0703002-0918-15-42-gnss_raw.txt,2436,459715.000,BDS,36,59.0,23.0,28.0,是
0703002-0918-15-42-gnss_raw.txt,2436,459715.000,BDS,39,54.0,272.0,30.0,是
0703002-0918-15-42-gnss_raw.txt,2436,459716.000,GPS,26,56.0,237.0,32.0,是
0703002-0918-15-42-gnss_raw.txt,2436,459716.000,GPS,28,58.0,14.0,32.0,是
0703002-0918-15-42-gnss_raw.txt,2436,459716.000,GPS,31,52.0,318.0,32.0,是
0703002-0918-15-42-gnss_raw.txt,2436,459716.000,GPS,32,64.0,122.0,27.0,是
0703002-0918-15-42-gnss_raw.txt,2436,459716.000,GLONASS,71,79.0,153.0,28.0,是
0703002-0918-15-42-gnss_raw.txt,2436,459716.000,GLONASS,72,42.0,331.0,25.0,是
0703002-0918-15-42-gnss_raw.txt,2436,459716.000,GLONASS,73,45.0,19.0,30.0,是
0703002-0918-15-42-gnss_raw.txt,2436,459716.000,GLONASS,74,61.0,285.0,27.0,是
0703002-0918-15-42-gnss_raw.txt,2436,459716.000,GLONASS,90,0.0,0.0,36.0,是
0703002-0918-15-42-gnss_raw.txt,2436,459716.000,Galileo,19,52.0,329.0,31.0,是
0703002-0918-15-42-gnss_raw.txt,2436,459716.000,Galileo,21,75.0,185.0,30.0,是
0703002-0918-15-42-gnss_raw.txt,2436,459716.000,Galileo,27,0.0,0.0,33.0,是
0703002-0918-15-42-gnss_raw.txt,2436,459716.000,QZSS,2,0.0,0.0,20.0,是
0703002-0918-15-42-gnss_raw.txt,2436,459716.000,QZSS,7,53.0,169.0,21.0,是
0703002-0918-15-42-gnss_raw.txt,2436,459716.000,BDS,7,63.0,340.0,28.0,是
0703002-0918-15-42-gnss_raw.txt,2436,459716.000,BDS,9,54.0,224.0,25.0,是
0703002-0918-15-42-gnss_raw.txt,2436,459716.000,BDS,10,62.0,318.0,23.0,是
0703002-0918-15-42-gnss_raw.txt,2436,459716.000,BDS,19,31.0,159.0,36.0,是
0703002-0918-15-42-gnss_raw.txt,2436,459716.000,BDS,21,34.0,316.0,27.0,是
0703002-0918-15-42-gnss_raw.txt,2436,459716.000,BDS,22,74.0,233.0,30.0,是
0703002-0918-15-42-gnss_raw.txt,2436,459716.000,BDS,36,59.0,23.0,28.0,是
0703002-0918-15-42-gnss_raw.txt,2436,459716.000,BDS,39,54.0,272.0,30.0,是
0703002-0918-15-42-gnss_raw.txt,2436,459717.000,GPS,26,56.0,237.0,32.0,是
0703002-0918-15-42-gnss_raw.txt,2436,459717.000,GPS,28,58.0,14.0,32.0,是
0703002-0918-15-42-gnss_raw.txt,2436,459717.000,GPS,31,52.0,318.0,32.0,是
0703002-0918-15-42-gnss_raw.txt,2436,459717.000,GPS,32,64.0,122.0,27.0,是
0703002-0918-15-42-gnss_raw.txt,2436,459717.000,GLONASS,71,79.0,153.0,28.0,是
0703002-0918-15-42-gnss_raw.txt,2436,459717.000,GLONASS,72,42.0,331.0,26.0,是
0703002-0918-15-42-gnss_raw.txt,2436,459717.000,GLONASS,73,45.0,19.0,32.0,是
0703002-0918-15-42-gnss_raw.txt,2436,459717.000,GLONASS,74,61.0,285.0,27.0,是
0703002-0918-15-42-gnss_raw.txt,2436,459717.000,GLONASS,90,0.0,0.0,35.0,是
0703002-0918-15-42-gnss_raw.txt,2436,459717.000,Galileo,19,52.0,329.0,31.0,是
0703002-0918-15-42-gnss_raw.txt,2436,459717.000,Galileo,21,75.0,185.0,30.0,是
0703002-0918-15-42-gnss_raw.txt,2436,459717.000,Galileo,27,0.0,0.0,33.0,是
0703002-0918-15-42-gnss_raw.txt,2436,459717.000,QZSS,2,0.0,0.0,20.0,是
0703002-0918-15-42-gnss_raw.txt,2436,459717.000,QZSS,7,53.0,169.0,21.0,是
0703002-0918-15-42-gnss_raw.txt,2436,459717.000,BDS,7,63.0,340.0,28.0,是
0703002-0918-15-42-gnss_raw.txt,2436,459717.000,BDS,9,54.0,224.0,25.0,是
0703002-0918-15-42-gnss_raw.txt,2436,459717.000,BDS,10,62.0,318.0,23.0,是
0703002-0918-15-42-gnss_raw.txt,2436,459717.000,BDS,19,31.0,159.0,36.0,是
0703002-0918-15-42-gnss_raw.txt,2436,459717.000,BDS,21,34.0,316.0,26.0,是
0703002-0918-15-42-gnss_raw.txt,2436,459717.000,BDS,22,74.0,233.0,30.0,是
0703002-0918-15-42-gnss_raw.txt,2436,459717.000,BDS,36,59.0,23.0,28.0,是
0703002-0918-15-42-gnss_raw.txt,2436,459717.000,BDS,39,54.0,272.0,31.0,是
0703002-0918-15-42-gnss_raw.txt,2436,459718.000,GPS,26,56.0,237.0,32.0,是
0703002-0918-15-42-gnss_raw.txt,2436,459718.000,GPS,28,58.0,14.0,32.0,是
0703002-0918-15-42-gnss_raw.txt,2436,459718.000,GPS,31,52.0,318.0,32.0,是
0703002-0918-15-42-gnss_raw.txt,2436,459718.000,GPS,32,64.0,122.0,26.0,是
0703002-0918-15-42-gnss_raw.txt,2436,459718.000,GLONASS,71,79.0,153.0,28.0,是
0703002-0918-15-42-gnss_raw.txt,2436,459718.000,GLONASS,72,42.0,331.0,26.0,是
0703002-0918-15-42-gnss_raw.txt,2436,459718.000,GLONASS,73,45.0,19.0,31.0,是
0703002-0918-15-42-gnss_raw.txt,2436,459718.000,GLONASS,74,61.0,285.0,27.0,是
0703002-0918-15-42-gnss_raw.txt,2436,459718.000,GLONASS,90,0.0,0.0,35.0,是
0703002-0918-15-42-gnss_raw.txt,2436,459718.000,Galileo,19,52.0,329.0,30.0,是
0703002-0918-15-42-gnss_raw.txt,2436,459718.000,Galileo,21,75.0,185.0,31.0,是
0703002-0918-15-42-gnss_raw.txt,2436,459718.000,Galileo,27,0.0,0.0,33.0,是
0703002-0918-15-42-gnss_raw.txt,2436,459718.000,QZSS,2,0.0,0.0,20.0,是
0703002-0918-15-42-gnss_raw.txt,2436,459718.000,QZSS,7,53.0,169.0,22.0,是
0703002-0918-15-42-gnss_raw.txt,2436,459718.000,BDS,7,63.0,340.0,28.0,是
0703002-0918-15-42-gnss_raw.txt,2436,459718.000,BDS,9,54.0,224.0,26.0,是
0703002-0918-15-42-gnss_raw.txt,2436,459718.000,BDS,10,62.0,318.0,23.0,是
0703002-0918-15-42-gnss_raw.txt,2436,459718.000,BDS,19,31.0,160.0,36.0,是
0703002-0918-15-42-gnss_raw.txt,2436,459718.000,BDS,21,34.0,316.0,27.0,是
0703002-0918-15-42-gnss_raw.txt,2436,459718.000,BDS,22,74.0,233.0,31.0,是
0703002-0918-15-42-gnss_raw.txt,2436,459718.000,BDS,36,59.0,23.0,29.0,是
0703002-0918-15-42-gnss_raw.txt,2436,459718.000,BDS,39,54.0,272.0,30.0,是
0703002-0918-15-42-gnss_raw.txt,2436,459719.000,GPS,26,56.0,237.0,31.0,是
0703002-0918-15-42-gnss_raw.txt,2436,459719.000,GPS,28,58.0,14.0,32.0,是
0703002-0918-15-42-gnss_raw.txt,2436,459719.000,GPS,31,52.0,318.0,32.0,是
0703002-0918-15-42-gnss_raw.txt,2436,459719.000,GPS,32,64.0,122.0,25.0,是
0703002-0918-15-42-gnss_raw.txt,2436,459719.000,GLONASS,71,79.0,153.0,28.0,是
0703002-0918-15-42-gnss_raw.txt,2436,459719.000,GLONASS,72,42.0,331.0,25.0,是
0703002-0918-15-42-gnss_raw.txt,2436,459719.000,GLONASS,73,45.0,19.0,30.0,是
0703002-0918-15-42-gnss_raw.txt,2436,459719.000,GLONASS,74,61.0,285.0,29.0,是
0703002-0918-15-42-gnss_raw.txt,2436,459719.000,GLONASS,90,0.0,0.0,36.0,是
0703002-0918-15-42-gnss_raw.txt,2436,459719.000,Galileo,19,53.0,329.0,29.0,是
0703002-0918-15-42-gnss_raw.txt,2436,459719.000,Galileo,21,75.0,185.0,31.0,是
0703002-0918-15-42-gnss_raw.txt,2436,459719.000,Galileo,27,0.0,0.0,34.0,是
0703002-0918-15-42-gnss_raw.txt,2436,459719.000,QZSS,2,0.0,0.0,20.0,是
0703002-0918-15-42-gnss_raw.txt,2436,459719.000,QZSS,7,53.0,169.0,23.0,是
0703002-0918-15-42-gnss_raw.txt,2436,459719.000,BDS,7,63.0,340.0,28.0,是
0703002-0918-15-42-gnss_raw.txt,2436,459719.000,BDS,9,54.0,224.0,27.0,是
0703002-0918-15-42-gnss_raw.txt,2436,459719.000,BDS,10,62.0,318.0,22.0,是
0703002-0918-15-42-gnss_raw.txt,2436,459719.000,BDS,19,31.0,160.0,36.0,是
0703002-0918-15-42-gnss_raw.txt,2436,459719.000,BDS,21,34.0,316.0,27.0,是
0703002-0918-15-42-gnss_raw.txt,2436,459719.000,BDS,22,74.0,233.0,31.0,是
0703002-0918-15-42-gnss_raw.txt,2436,459719.000,BDS,36,59.0,23.0,28.0,是
0703002-0918-15-42-gnss_raw.txt,2436,459719.000,BDS,39,54.0,272.0,30.0,是
0703002-0918-15-42-gnss_raw.txt,2436,459720.000,GPS,26,56.0,237.0,31.0,是
0703002-0918-15-42-gnss_raw.txt,2436,459720.000,GPS,28,58.0,14.0,31.0,是
0703002-0918-15-42-gnss_raw.txt,2436,459720.000,GPS,31,52.0,318.0,32.0,是
0703002-0918-15-42-gnss_raw.txt,2436,459720.000,GPS,32,64.0,122.0,24.0,是
0703002-0918-15-42-gnss_raw.txt,2436,459720.000,GLONASS,71,79.0,153.0,29.0,是
0703002-0918-15-42-gnss_raw.txt,2436,459720.000,GLONASS,72,42.0,331.0,25.0,是
0703002-0918-15-42-gnss_raw.txt,2436,459720.000,GLONASS,73,45.0,19.0,30.0,是
0703002-0918-15-42-gnss_raw.txt,2436,459720.000,GLONASS,74,61.0,285.0,28.0,是
0703002-0918-15-42-gnss_raw.txt,2436,459720.000,GLONASS,90,0.0,0.0,35.0,是
0703002-0918-15-42-gnss_raw.txt,2436,459720.000,Galileo,19,53.0,329.0,30.0,是
0703002-0918-15-42-gnss_raw.txt,2436,459720.000,Galileo,21,75.0,185.0,30.0,是
0703002-0918-15-42-gnss_raw.txt,2436,459720.000,Galileo,27,0.0,0.0,34.0,是
0703002-0918-15-42-gnss_raw.txt,2436,459720.000,QZSS,2,0.0,0.0,19.0,是
0703002-0918-15-42-gnss_raw.txt,2436,459720.000,QZSS,7,53.0,169.0,23.0,是
0703002-0918-15-42-gnss_raw.txt,2436,459720.000,BDS,7,63.0,340.0,28.0,是
0703002-0918-15-42-gnss_raw.txt,2436,459720.000,BDS,9,54.0,224.0,27.0,是
0703002-0918-15-42-gnss_raw.txt,2436,459720.000,BDS,10,62.0,318.0,22.0,是
0703002-0918-15-42-gnss_raw.txt,2436,459720.000,BDS,19,31.0,160.0,36.0,是
0703002-0918-15-42-gnss_raw.txt,2436,459720.000,BDS,21,34.0,316.0,27.0,是
0703002-0918-15-42-gnss_raw.txt,2436,459720.000,BDS,22,74.0,233.0,31.0,是
0703002-0918-15-42-gnss_raw.txt,2436,459720.000,BDS,36,59.0,23.0,28.0,是
0703002-0918-15-42-gnss_raw.txt,2436,459720.000,BDS,39,54.0,272.0,30.0,是
0703002-0918-15-42-gnss_raw.txt,2436,459721.000,GPS,26,56.0,237.0,31.0,是
0703002-0918-15-42-gnss_raw.txt,2436,459721.000,GPS,28,58.0,14.0,31.0,是
0703002-0918-15-42-gnss_raw.txt,2436,459721.000,GPS,31,52.0,318.0,32.0,是
0703002-0918-15-42-gnss_raw.txt,2436,459721.000,GPS,32,64.0,122.0,22.0,是
0703002-0918-15-42-gnss_raw.txt,2436,459721.000,GLONASS,71,79.0,153.0,29.0,是
0703002-0918-15-42-gnss_raw.txt,2436,459721.000,GLONASS,72,42.0,331.0,26.0,是
0703002-0918-15-42-gnss_raw.txt,2436,459721.000,GLONASS,73,45.0,19.0,29.0,是
0703002-0918-15-42-gnss_raw.txt,2436,459721.000,GLONASS,74,61.0,286.0,29.0,是
0703002-0918-15-42-gnss_raw.txt,2436,459721.000,GLONASS,90,0.0,0.0,35.0,是
0703002-0918-15-42-gnss_raw.txt,2436,459721.000,Galileo,19,53.0,329.0,30.0,是
0703002-0918-15-42-gnss_raw.txt,2436,459721.000,Galileo,21,75.0,185.0,31.0,是
0703002-0918-15-42-gnss_raw.txt,2436,459721.000,Galileo,27,0.0,0.0,34.0,是
0703002-0918-15-42-gnss_raw.txt,2436,459721.000,QZSS,2,0.0,0.0,19.0,是
0703002-0918-15-42-gnss_raw.txt,2436,459721.000,QZSS,7,53.0,169.0,22.0,是
0703002-0918-15-42-gnss_raw.txt,2436,459721.000,BDS,7,63.0,340.0,27.0,是
0703002-0918-15-42-gnss_raw.txt,2436,459721.000,BDS,9,54.0,224.0,27.0,是
0703002-0918-15-42-gnss_raw.txt,2436,459721.000,BDS,10,62.0,318.0,22.0,是
0703002-0918-15-42-gnss_raw.txt,2436,459721.000,BDS,19,31.0,160.0,36.0,是
0703002-0918-15-42-gnss_raw.txt,2436,459721.000,BDS,21,34.0,316.0,28.0,是
0703002-0918-15-42-gnss_raw.txt,2436,459721.000,BDS,22,74.0,233.0,31.0,是
0703002-0918-15-42-gnss_raw.txt,2436,459721.000,BDS,36,59.0,23.0,28.0,是
0703002-0918-15-42-gnss_raw.txt,2436,459721.000,BDS,39,54.0,272.0,30.0,是
0703002-0918-15-42-gnss_raw.txt,2436,459722.000,GPS,26,56.0,237.0,32.0,是
0703002-0918-15-42-gnss_raw.txt,2436,459722.000,GPS,28,58.0,15.0,31.0,是
0703002-0918-15-42-gnss_raw.txt,2436,459722.000,GPS,31,52.0,318.0,33.0,是
0703002-0918-15-42-gnss_raw.txt,2436,459722.000,GPS,32,64.0,122.0,23.0,是
0703002-0918-15-42-gnss_raw.txt,2436,459722.000,GLONASS,71,79.0,153.0,28.0,是
0703002-0918-15-42-gnss_raw.txt,2436,459722.000,GLONASS,72,42.0,331.0,25.0,是
0703002-0918-15-42-gnss_raw.txt,2436,459722.000,GLONASS,73,45.0,19.0,29.0,是
0703002-0918-15-42-gnss_raw.txt,2436,459722.000,GLONASS,74,61.0,286.0,30.0,是
0703002-0918-15-42-gnss_raw.txt,2436,459722.000,GLONASS,90,0.0,0.0,33.0,是
0703002-0918-15-42-gnss_raw.txt,2436,459722.000,Galileo,19,53.0,329.0,30.0,是
0703002-0918-15-42-gnss_raw.txt,2436,459722.000,Galileo,21,75.0,185.0,29.0,是
0703002-0918-15-42-gnss_raw.txt,2436,459722.000,Galileo,27,0.0,0.0,34.0,是
0703002-0918-15-42-gnss_raw.txt,2436,459722.000,QZSS,2,0.0,0.0,20.0,是
0703002-0918-15-42-gnss_raw.txt,2436,459722.000,QZSS,7,53.0,169.0,23.0,是
0703002-0918-15-42-gnss_raw.txt,2436,459722.000,BDS,7,63.0,340.0,27.0,是
0703002-0918-15-42-gnss_raw.txt,2436,459722.000,BDS,9,54.0,224.0,27.0,是
0703002-0918-15-42-gnss_raw.txt,2436,459722.000,BDS,10,62.0,318.0,22.0,是
0703002-0918-15-42-gnss_raw.txt,2436,459722.000,BDS,19,31.0,160.0,36.0,是
0703002-0918-15-42-gnss_raw.txt,2436,459722.000,BDS,21,34.0,316.0,28.0,是
0703002-0918-15-42-gnss_raw.txt,2436,459722.000,BDS,22,74.0,233.0,30.0,是
0703002-0918-15-42-gnss_raw.txt,2436,459722.000,BDS,36,59.0,23.0,29.0,是
0703002-0918-15-42-gnss_raw.txt,2436,459722.000,BDS,39,54.0,272.0,30.0,是
0703002-0918-15-42-gnss_raw.txt,2436,459723.000,GPS,26,56.0,237.0,32.0,是
0703002-0918-15-42-gnss_raw.txt,2436,459723.000,GPS,28,58.0,15.0,31.0,是
0703002-0918-15-42-gnss_raw.txt,2436,459723.000,GPS,31,52.0,318.0,33.0,是
0703002-0918-15-42-gnss_raw.txt,2436,459723.000,GPS,32,64.0,122.0,23.0,是
0703002-0918-15-42-gnss_raw.txt,2436,459723.000,GLONASS,71,79.0,153.0,29.0,是
0703002-0918-15-42-gnss_raw.txt,2436,459723.000,GLONASS,72,42.0,331.0,26.0,是
0703002-0918-15-42-gnss_raw.txt,2436,459723.000,GLONASS,73,45.0,19.0,30.0,是
0703002-0918-15-42-gnss_raw.txt,2436,459723.000,GLONASS,74,61.0,286.0,29.0,是
0703002-0918-15-42-gnss_raw.txt,2436,459723.000,GLONASS,90,0.0,0.0,34.0,是
0703002-0918-15-42-gnss_raw.txt,2436,459723.000,Galileo,19,53.0,329.0,30.0,是
0703002-0918-15-42-gnss_raw.txt,2436,459723.000,Galileo,21,75.0,185.0,31.0,是
0703002-0918-15-42-gnss_raw.txt,2436,459723.000,Galileo,27,0.0,0.0,34.0,是
0703002-0918-15-42-gnss_raw.txt,2436,459723.000,QZSS,2,0.0,0.0,19.0,是
0703002-0918-15-42-gnss_raw.txt,2436,459723.000,QZSS,7,53.0,169.0,23.0,是
0703002-0918-15-42-gnss_raw.txt,2436,459723.000,BDS,7,63.0,340.0,28.0,是
0703002-0918-15-42-gnss_raw.txt,2436,459723.000,BDS,9,54.0,224.0,28.0,是
0703002-0918-15-42-gnss_raw.txt,2436,459723.000,BDS,10,62.0,318.0,22.0,是
0703002-0918-15-42-gnss_raw.txt,2436,459723.000,BDS,19,31.0,160.0,36.0,是
0703002-0918-15-42-gnss_raw.txt,2436,459723.000,BDS,21,34.0,316.0,28.0,是
0703002-0918-15-42-gnss_raw.txt,2436,459723.000,BDS,22,74.0,233.0,30.0,是
0703002-0918-15-42-gnss_raw.txt,2436,459723.000,BDS,36,59.0,23.0,29.0,是
0703002-0918-15-42-gnss_raw.txt,2436,459723.000,BDS,39,54.0,272.0,30.0,是
0703002-0918-15-42-gnss_raw.txt,2436,459724.000,GPS,26,56.0,237.0,32.0,是
0703002-0918-15-42-gnss_raw.txt,2436,459724.000,GPS,28,58.0,15.0,31.0,是
0703002-0918-15-42-gnss_raw.txt,2436,459724.000,GPS,31,52.0,318.0,33.0,是
0703002-0918-15-42-gnss_raw.txt,2436,459724.000,GPS,32,64.0,123.0,24.0,是
0703002-0918-15-42-gnss_raw.txt,2436,459724.000,GLONASS,71,79.0,153.0,28.0,是
0703002-0918-15-42-gnss_raw.txt,2436,459724.000,GLONASS,72,42.0,331.0,23.0,是
0703002-0918-15-42-gnss_raw.txt,2436,459724.000,GLONASS,73,45.0,20.0,32.0,是
0703002-0918-15-42-gnss_raw.txt,2436,459724.000,GLONASS,74,61.0,286.0,29.0,是
0703002-0918-15-42-gnss_raw.txt,2436,459724.000,GLONASS,90,0.0,0.0,34.0,是
0703002-0918-15-42-gnss_raw.txt,2436,459724.000,Galileo,19,53.0,329.0,30.0,是
0703002-0918-15-42-gnss_raw.txt,2436,459724.000,Galileo,21,75.0,185.0,30.0,是
0703002-0918-15-42-gnss_raw.txt,2436,459724.000,Galileo,27,0.0,0.0,34.0,是
0703002-0918-15-42-gnss_raw.txt,2436,459724.000,QZSS,2,0.0,0.0,20.0,是
0703002-0918-15-42-gnss_raw.txt,2436,459724.000,QZSS,7,53.0,169.0,22.0,是
0703002-0918-15-42-gnss_raw.txt,2436,459724.000,BDS,7,63.0,340.0,29.0,是
0703002-0918-15-42-gnss_raw.txt,2436,459724.000,BDS,9,54.0,224.0,28.0,是
0703002-0918-15-42-gnss_raw.txt,2436,459724.000,BDS,10,62.0,318.0,22.0,是
0703002-0918-15-42-gnss_raw.txt,2436,459724.000,BDS,19,31.0,160.0,36.0,是
0703002-0918-15-42-gnss_raw.txt,2436,459724.000,BDS,21,34.0,316.0,28.0,是
0703002-0918-15-42-gnss_raw.txt,2436,459724.000,BDS,22,74.0,233.0,30.0,是
0703002-0918-15-42-gnss_raw.txt,2436,459724.000,BDS,36,59.0,23.0,29.0,是
0703002-0918-15-42-gnss_raw.txt,2436,459724.000,BDS,39,54.0,272.0,30.0,是
0703002-0918-15-42-gnss_raw.txt,2436,459725.000,GPS,26,56.0,237.0,32.0,是
0703002-0918-15-42-gnss_raw.txt,2436,459725.000,GPS,28,58.0,15.0,31.0,是
0703002-0918-15-42-gnss_raw.txt,2436,459725.000,GPS,31,52.0,318.0,33.0,是
0703002-0918-15-42-gnss_raw.txt,2436,459725.000,GPS,32,64.0,123.0,24.0,是
0703002-0918-15-42-gnss_raw.txt,2436,459725.000,GLONASS,71,79.0,153.0,29.0,是
0703002-0918-15-42-gnss_raw.txt,2436,459725.000,GLONASS,72,42.0,331.0,23.0,是
0703002-0918-15-42-gnss_raw.txt,2436,459725.000,GLONASS,73,45.0,20.0,32.0,是
0703002-0918-15-42-gnss_raw.txt,2436,459725.000,GLONASS,74,61.0,286.0,30.0,是
0703002-0918-15-42-gnss_raw.txt,2436,459725.000,GLONASS,90,0.0,0.0,33.0,是
0703002-0918-15-42-gnss_raw.txt,2436,459725.000,Galileo,19,53.0,329.0,27.0,是
0703002-0918-15-42-gnss_raw.txt,2436,459725.000,Galileo,21,75.0,185.0,31.0,是
0703002-0918-15-42-gnss_raw.txt,2436,459725.000,Galileo,27,0.0,0.0,33.0,是
0703002-0918-15-42-gnss_raw.txt,2436,459725.000,QZSS,2,0.0,0.0,22.0,是
0703002-0918-15-42-gnss_raw.txt,2436,459725.000,QZSS,7,53.0,169.0,22.0,是
0703002-0918-15-42-gnss_raw.txt,2436,459725.000,BDS,7,63.0,340.0,29.0,是
0703002-0918-15-42-gnss_raw.txt,2436,459725.000,BDS,9,54.0,224.0,28.0,是
0703002-0918-15-42-gnss_raw.txt,2436,459725.000,BDS,10,62.0,318.0,22.0,是
0703002-0918-15-42-gnss_raw.txt,2436,459725.000,BDS,19,31.0,160.0,36.0,是
0703002-0918-15-42-gnss_raw.txt,2436,459725.000,BDS,21,34.0,316.0,27.0,是
0703002-0918-15-42-gnss_raw.txt,2436,459725.000,BDS,22,74.0,233.0,30.0,是
0703002-0918-15-42-gnss_raw.txt,2436,459725.000,BDS,36,59.0,23.0,28.0,是
0703002-0918-15-42-gnss_raw.txt,2436,459725.000,BDS,39,54.0,272.0,30.0,是
0703002-0918-15-42-gnss_raw.txt,2436,459726.000,GPS,26,56.0,237.0,31.0,是
0703002-0918-15-42-gnss_raw.txt,2436,459726.000,GPS,28,58.0,15.0,31.0,是
0703002-0918-15-42-gnss_raw.txt,2436,459726.000,GPS,31,52.0,318.0,28.0,是
0703002-0918-15-42-gnss_raw.txt,2436,459726.000,GPS,32,64.0,123.0,23.0,是
0703002-0918-15-42-gnss_raw.txt,2436,459726.000,GLONASS,71,79.0,153.0,27.0,是
0703002-0918-15-42-gnss_raw.txt,2436,459726.000,GLONASS,72,42.0,331.0,29.0,是
0703002-0918-15-42-gnss_raw.txt,2436,459726.000,GLONASS,73,45.0,20.0,31.0,是
0703002-0918-15-42-gnss_raw.txt,2436,459726.000,GLONASS,74,61.0,286.0,27.0,是
0703002-0918-15-42-gnss_raw.txt,2436,459726.000,GLONASS,90,0.0,0.0,25.0,是
0703002-0918-15-42-gnss_raw.txt,2436,459726.000,Galileo,19,0.0,0.0,26.0,是
0703002-0918-15-42-gnss_raw.txt,2436,459726.000,Galileo,21,75.0,185.0,29.0,是
0703002-0918-15-42-gnss_raw.txt,2436,459726.000,Galileo,27,0.0,0.0,33.0,是
0703002-0918-15-42-gnss_raw.txt,2436,459726.000,QZSS,2,57.0,125.0,21.0,是
0703002-0918-15-42-gnss_raw.txt,2436,459726.000,QZSS,7,53.0,169.0,21.0,是
0703002-0918-15-42-gnss_raw.txt,2436,459726.000,BDS,7,63.0,340.0,26.0,是
0703002-0918-15-42-gnss_raw.txt,2436,459726.000,BDS,9,54.0,224.0,28.0,是
0703002-0918-15-42-gnss_raw.txt,2436,459726.000,BDS,10,62.0,318.0,20.0,是
0703002-0918-15-42-gnss_raw.txt,2436,459726.000,BDS,19,31.0,160.0,37.0,是
0703002-0918-15-42-gnss_raw.txt,2436,459726.000,BDS,21,0.0,0.0,24.0,是
0703002-0918-15-42-gnss_raw.txt,2436,459726.000,BDS,22,74.0,233.0,30.0,是
0703002-0918-15-42-gnss_raw.txt,2436,459726.000,BDS,36,59.0,23.0,27.0,是
0703002-0918-15-42-gnss_raw.txt,2436,459726.000,BDS,39,54.0,272.0,28.0,是
0703002-0918-15-42-gnss_raw.txt,2436,459727.000,GPS,26,56.0,237.0,28.0,是
0703002-0918-15-42-gnss_raw.txt,2436,459727.000,GPS,28,58.0,15.0,29.0,是
0703002-0918-15-42-gnss_raw.txt,2436,459727.000,GPS,31,52.0,318.0,23.0,是
0703002-0918-15-42-gnss_raw.txt,2436,459727.000,GPS,32,64.0,123.0,22.0,是
0703002-0918-15-42-gnss_raw.txt,2436,459727.000,GLONASS,71,79.0,153.0,26.0,是
0703002-0918-15-42-gnss_raw.txt,2436,459727.000,GLONASS,72,42.0,331.0,30.0,是
0703002-0918-15-42-gnss_raw.txt,2436,459727.000,GLONASS,73,45.0,20.0,25.0,是
0703002-0918-15-42-gnss_raw.txt,2436,459727.000,GLONASS,74,61.0,286.0,24.0,是
0703002-0918-15-42-gnss_raw.txt,2436,459727.000,GLONASS,90,0.0,0.0,24.0,是
0703002-0918-15-42-gnss_raw.txt,2436,459727.000,Galileo,19,0.0,0.0,26.0,是
0703002-0918-15-42-gnss_raw.txt,2436,459727.000,Galileo,21,75.0,185.0,29.0,是
0703002-0918-15-42-gnss_raw.txt,2436,459727.000,Galileo,27,0.0,0.0,33.0,是
0703002-0918-15-42-gnss_raw.txt,2436,459727.000,QZSS,2,0.0,0.0,20.0,是
0703002-0918-15-42-gnss_raw.txt,2436,459727.000,QZSS,7,53.0,169.0,23.0,是
0703002-0918-15-42-gnss_raw.txt,2436,459727.000,BDS,7,63.0,340.0,22.0,是
0703002-0918-15-42-gnss_raw.txt,2436,459727.000,BDS,9,54.0,224.0,26.0,是
0703002-0918-15-42-gnss_raw.txt,2436,459727.000,BDS,10,62.0,318.0,17.0,是
0703002-0918-15-42-gnss_raw.txt,2436,459727.000,BDS,19,31.0,160.0,35.0,是
0703002-0918-15-42-gnss_raw.txt,2436,459727.000,BDS,21,34.0,316.0,22.0,是
0703002-0918-15-42-gnss_raw.txt,2436,459727.000,BDS,22,74.0,233.0,28.0,是
0703002-0918-15-42-gnss_raw.txt,2436,459727.000,BDS,36,59.0,23.0,27.0,是
0703002-0918-15-42-gnss_raw.txt,2436,459727.000,BDS,39,54.0,272.0,24.0,是
0703002-0918-15-42-gnss_raw.txt,2436,459728.000,GPS,26,56.0,237.0,29.0,是
0703002-0918-15-42-gnss_raw.txt,2436,459728.000,GPS,28,58.0,15.0,25.0,是
0703002-0918-15-42-gnss_raw.txt,2436,459728.000,GPS,31,52.0,318.0,26.0,是
0703002-0918-15-42-gnss_raw.txt,2436,459728.000,GPS,32,64.0,123.0,25.0,是
0703002-0918-15-42-gnss_raw.txt,2436,459728.000,GLONASS,71,79.0,153.0,26.0,是
0703002-0918-15-42-gnss_raw.txt,2436,459728.000,GLONASS,72,42.0,331.0,32.0,是
0703002-0918-15-42-gnss_raw.txt,2436,459728.000,GLONASS,73,45.0,20.0,28.0,是
0703002-0918-15-42-gnss_raw.txt,2436,459728.000,GLONASS,74,61.0,286.0,27.0,是
0703002-0918-15-42-gnss_raw.txt,2436,459728.000,GLONASS,90,0.0,0.0,30.0,是
0703002-0918-15-42-gnss_raw.txt,2436,459728.000,Galileo,19,0.0,0.0,28.0,是
0703002-0918-15-42-gnss_raw.txt,2436,459728.000,Galileo,21,75.0,185.0,30.0,是
0703002-0918-15-42-gnss_raw.txt,2436,459728.000,Galileo,27,0.0,0.0,29.0,是
0703002-0918-15-42-gnss_raw.txt,2436,459728.000,QZSS,2,57.0,125.0,21.0,是
0703002-0918-15-42-gnss_raw.txt,2436,459728.000,QZSS,7,53.0,169.0,22.0,是
0703002-0918-15-42-gnss_raw.txt,2436,459728.000,BDS,7,63.0,340.0,24.0,是
0703002-0918-15-42-gnss_raw.txt,2436,459728.000,BDS,9,54.0,224.0,26.0,是
0703002-0918-15-42-gnss_raw.txt,2436,459728.000,BDS,10,62.0,318.0,23.0,是
0703002-0918-15-42-gnss_raw.txt,2436,459728.000,BDS,19,31.0,160.0,33.0,是
0703002-0918-15-42-gnss_raw.txt,2436,459728.000,BDS,21,34.0,316.0,22.0,是
0703002-0918-15-42-gnss_raw.txt,2436,459728.000,BDS,22,74.0,233.0,28.0,是
0703002-0918-15-42-gnss_raw.txt,2436,459728.000,BDS,36,59.0,23.0,26.0,是
0703002-0918-15-42-gnss_raw.txt,2436,459728.000,BDS,39,54.0,272.0,26.0,是
0703002-0918-15-42-gnss_raw.txt,2436,459729.000,GPS,26,56.0,237.0,30.0,是
0703002-0918-15-42-gnss_raw.txt,2436,459729.000,GPS,28,58.0,15.0,25.0,是
0703002-0918-15-42-gnss_raw.txt,2436,459729.000,GPS,31,52.0,318.0,29.0,是
0703002-0918-15-42-gnss_raw.txt,2436,459729.000,GPS,32,64.0,123.0,30.0,是
0703002-0918-15-42-gnss_raw.txt,2436,459729.000,GLONASS,71,79.0,154.0,30.0,是
0703002-0918-15-42-gnss_raw.txt,2436,459729.000,GLONASS,72,42.0,331.0,34.0,是
0703002-0918-15-42-gnss_raw.txt,2436,459729.000,GLONASS,73,45.0,20.0,29.0,是
0703002-0918-15-42-gnss_raw.txt,2436,459729.000,GLONASS,74,61.0,286.0,27.0,是
0703002-0918-15-42-gnss_raw.txt,2436,459729.000,GLONASS,90,0.0,0.0,31.0,是
0703002-0918-15-42-gnss_raw.txt,2436,459729.000,Galileo,19,0.0,0.0,29.0,是
0703002-0918-15-42-gnss_raw.txt,2436,459729.000,Galileo,21,75.0,185.0,32.0,是
0703002-0918-15-42-gnss_raw.txt,2436,459729.000,Galileo,27,0.0,0.0,28.0,是
0703002-0918-15-42-gnss_raw.txt,2436,459729.000,QZSS,2,57.0,125.0,24.0,是
0703002-0918-15-42-gnss_raw.txt,2436,459729.000,QZSS,7,53.0,169.0,21.0,是
0703002-0918-15-42-gnss_raw.txt,2436,459729.000,BDS,7,63.0,340.0,24.0,是
0703002-0918-15-42-gnss_raw.txt,2436,459729.000,BDS,9,54.0,224.0,25.0,是
0703002-0918-15-42-gnss_raw.txt,2436,459729.000,BDS,10,62.0,318.0,24.0,是
0703002-0918-15-42-gnss_raw.txt,2436,459729.000,BDS,19,31.0,160.0,29.0,是
0703002-0918-15-42-gnss_raw.txt,2436,459729.000,BDS,21,34.0,316.0,26.0,是
0703002-0918-15-42-gnss_raw.txt,2436,459729.000,BDS,22,74.0,233.0,29.0,是
0703002-0918-15-42-gnss_raw.txt,2436,459729.000,BDS,36,59.0,23.0,25.0,是
0703002-0918-15-42-gnss_raw.txt,2436,459729.000,BDS,39,54.0,272.0,26.0,是
0703002-0918-15-42-gnss_raw.txt,2436,459730.000,GPS,26,56.0,237.0,31.0,是
0703002-0918-15-42-gnss_raw.txt,2436,459730.000,GPS,28,58.0,15.0,26.0,是
0703002-0918-15-42-gnss_raw.txt,2436,459730.000,GPS,31,52.0,318.0,29.0,是
0703002-0918-15-42-gnss_raw.txt,2436,459730.000,GPS,32,64.0,123.0,32.0,是
0703002-0918-15-42-gnss_raw.txt,2436,459730.000,GLONASS,71,79.0,154.0,30.0,是
0703002-0918-15-42-gnss_raw.txt,2436,459730.000,GLONASS,72,42.0,331.0,34.0,是
0703002-0918-15-42-gnss_raw.txt,2436,459730.000,GLONASS,73,45.0,20.0,28.0,是
0703002-0918-15-42-gnss_raw.txt,2436,459730.000,GLONASS,74,0.0,0.0,25.0,是
0703002-0918-15-42-gnss_raw.txt,2436,459730.000,GLONASS,90,0.0,0.0,35.0,是
0703002-0918-15-42-gnss_raw.txt,2436,459730.000,Galileo,19,53.0,329.0,29.0,是
0703002-0918-15-42-gnss_raw.txt,2436,459730.000,Galileo,21,75.0,185.0,32.0,是
0703002-0918-15-42-gnss_raw.txt,2436,459730.000,Galileo,27,0.0,0.0,29.0,是
0703002-0918-15-42-gnss_raw.txt,2436,459730.000,QZSS,2,0.0,0.0,26.0,是
0703002-0918-15-42-gnss_raw.txt,2436,459730.000,QZSS,7,53.0,169.0,22.0,是
0703002-0918-15-42-gnss_raw.txt,2436,459730.000,BDS,7,63.0,340.0,26.0,是
0703002-0918-15-42-gnss_raw.txt,2436,459730.000,BDS,9,54.0,224.0,26.0,是
0703002-0918-15-42-gnss_raw.txt,2436,459730.000,BDS,10,62.0,318.0,24.0,是
0703002-0918-15-42-gnss_raw.txt,2436,459730.000,BDS,19,31.0,160.0,32.0,是
0703002-0918-15-42-gnss_raw.txt,2436,459730.000,BDS,21,34.0,316.0,29.0,是
0703002-0918-15-42-gnss_raw.txt,2436,459730.000,BDS,22,74.0,233.0,30.0,是
0703002-0918-15-42-gnss_raw.txt,2436,459730.000,BDS,36,59.0,23.0,25.0,是
0703002-0918-15-42-gnss_raw.txt,2436,459730.000,BDS,39,54.0,272.0,25.0,是
0703002-0918-15-42-gnss_raw.txt,2436,459731.000,GPS,26,56.0,237.0,32.0,是
0703002-0918-15-42-gnss_raw.txt,2436,459731.000,GPS,28,58.0,15.0,26.0,是
0703002-0918-15-42-gnss_raw.txt,2436,459731.000,GPS,31,52.0,318.0,29.0,是
0703002-0918-15-42-gnss_raw.txt,2436,459731.000,GPS,32,64.0,123.0,32.0,是
0703002-0918-15-42-gnss_raw.txt,2436,459731.000,GLONASS,71,79.0,154.0,27.0,是
0703002-0918-15-42-gnss_raw.txt,2436,459731.000,GLONASS,72,42.0,331.0,35.0,是
0703002-0918-15-42-gnss_raw.txt,2436,459731.000,GLONASS,73,45.0,20.0,28.0,是
0703002-0918-15-42-gnss_raw.txt,2436,459731.000,GLONASS,74,0.0,0.0,25.0,是
0703002-0918-15-42-gnss_raw.txt,2436,459731.000,GLONASS,90,0.0,0.0,34.0,是
0703002-0918-15-42-gnss_raw.txt,2436,459731.000,Galileo,19,53.0,329.0,29.0,是
0703002-0918-15-42-gnss_raw.txt,2436,459731.000,Galileo,21,75.0,185.0,30.0,是
0703002-0918-15-42-gnss_raw.txt,2436,459731.000,Galileo,27,0.0,0.0,28.0,是
0703002-0918-15-42-gnss_raw.txt,2436,459731.000,QZSS,2,0.0,0.0,27.0,是
0703002-0918-15-42-gnss_raw.txt,2436,459731.000,QZSS,7,53.0,169.0,24.0,是
0703002-0918-15-42-gnss_raw.txt,2436,459731.000,BDS,7,63.0,340.0,26.0,是
0703002-0918-15-42-gnss_raw.txt,2436,459731.000,BDS,9,54.0,224.0,26.0,是
0703002-0918-15-42-gnss_raw.txt,2436,459731.000,BDS,10,62.0,318.0,25.0,是
0703002-0918-15-42-gnss_raw.txt,2436,459731.000,BDS,19,31.0,160.0,31.0,是
0703002-0918-15-42-gnss_raw.txt,2436,459731.000,BDS,21,34.0,316.0,29.0,是
0703002-0918-15-42-gnss_raw.txt,2436,459731.000,BDS,22,74.0,233.0,30.0,是
0703002-0918-15-42-gnss_raw.txt,2436,459731.000,BDS,36,59.0,23.0,26.0,是
0703002-0918-15-42-gnss_raw.txt,2436,459731.000,BDS,39,54.0,272.0,27.0,是
0703002-0918-15-42-gnss_raw.txt,2436,459732.000,GPS,26,56.0,237.0,32.0,是
0703002-0918-15-42-gnss_raw.txt,2436,459732.000,GPS,28,58.0,15.0,26.0,是
0703002-0918-15-42-gnss_raw.txt,2436,459732.000,GPS,31,52.0,318.0,29.0,是
0703002-0918-15-42-gnss_raw.txt,2436,459732.000,GPS,32,64.0,123.0,33.0,是
0703002-0918-15-42-gnss_raw.txt,2436,459732.000,GLONASS,71,79.0,154.0,31.0,是
0703002-0918-15-42-gnss_raw.txt,2436,459732.000,GLONASS,72,42.0,331.0,36.0,是
0703002-0918-15-42-gnss_raw.txt,2436,459732.000,GLONASS,73,45.0,20.0,28.0,是
0703002-0918-15-42-gnss_raw.txt,2436,459732.000,GLONASS,74,61.0,286.0,27.0,是
0703002-0918-15-42-gnss_raw.txt,2436,459732.000,GLONASS,90,0.0,0.0,33.0,是
0703002-0918-15-42-gnss_raw.txt,2436,459732.000,Galileo,19,53.0,329.0,29.0,是
0703002-0918-15-42-gnss_raw.txt,2436,459732.000,Galileo,21,75.0,185.0,32.0,是
0703002-0918-15-42-gnss_raw.txt,2436,459732.000,Galileo,27,0.0,0.0,28.0,是
0703002-0918-15-42-gnss_raw.txt,2436,459732.000,QZSS,2,57.0,125.0,30.0,是
0703002-0918-15-42-gnss_raw.txt,2436,459732.000,QZSS,7,53.0,169.0,24.0,是
0703002-0918-15-42-gnss_raw.txt,2436,459732.000,BDS,7,63.0,340.0,26.0,是
0703002-0918-15-42-gnss_raw.txt,2436,459732.000,BDS,9,54.0,224.0,25.0,是
0703002-0918-15-42-gnss_raw.txt,2436,459732.000,BDS,10,62.0,318.0,26.0,是
0703002-0918-15-42-gnss_raw.txt,2436,459732.000,BDS,19,31.0,160.0,29.0,是
0703002-0918-15-42-gnss_raw.txt,2436,459732.000,BDS,21,34.0,316.0,26.0,是
0703002-0918-15-42-gnss_raw.txt,2436,459732.000,BDS,22,74.0,233.0,31.0,是
0703002-0918-15-42-gnss_raw.txt,2436,459732.000,BDS,36,59.0,23.0,27.0,是
0703002-0918-15-42-gnss_raw.txt,2436,459732.000,BDS,39,54.0,272.0,26.0,是
0703002-0918-15-42-gnss_raw.txt,2436,459733.000,GPS,26,56.0,237.0,32.0,是
0703002-0918-15-42-gnss_raw.txt,2436,459733.000,GPS,28,58.0,15.0,27.0,是
0703002-0918-15-42-gnss_raw.txt,2436,459733.000,GPS,31,52.0,318.0,30.0,是
0703002-0918-15-42-gnss_raw.txt,2436,459733.000,GPS,32,64.0,123.0,33.0,是
0703002-0918-15-42-gnss_raw.txt,2436,459733.000,GLONASS,71,79.0,154.0,32.0,是
0703002-0918-15-42-gnss_raw.txt,2436,459733.000,GLONASS,72,42.0,331.0,35.0,是
0703002-0918-15-42-gnss_raw.txt,2436,459733.000,GLONASS,73,45.0,20.0,26.0,是
0703002-0918-15-42-gnss_raw.txt,2436,459733.000,GLONASS,74,61.0,286.0,27.0,是
0703002-0918-15-42-gnss_raw.txt,2436,459733.000,GLONASS,90,0.0,0.0,33.0,是
0703002-0918-15-42-gnss_raw.txt,2436,459733.000,Galileo,19,53.0,329.0,28.0,是
0703002-0918-15-42-gnss_raw.txt,2436,459733.000,Galileo,21,75.0,185.0,31.0,是
0703002-0918-15-42-gnss_raw.txt,2436,459733.000,Galileo,27,0.0,0.0,29.0,是
0703002-0918-15-42-gnss_raw.txt,2436,459733.000,QZSS,2,57.0,125.0,28.0,是
0703002-0918-15-42-gnss_raw.txt,2436,459733.000,QZSS,7,53.0,169.0,21.0,是
0703002-0918-15-42-gnss_raw.txt,2436,459733.000,BDS,7,63.0,340.0,27.0,是
0703002-0918-15-42-gnss_raw.txt,2436,459733.000,BDS,9,54.0,224.0,25.0,是
0703002-0918-15-42-gnss_raw.txt,2436,459733.000,BDS,10,62.0,318.0,26.0,是
0703002-0918-15-42-gnss_raw.txt,2436,459733.000,BDS,19,31.0,160.0,29.0,是
0703002-0918-15-42-gnss_raw.txt,2436,459733.000,BDS,21,34.0,316.0,25.0,是
0703002-0918-15-42-gnss_raw.txt,2436,459733.000,BDS,22,74.0,233.0,31.0,是
0703002-0918-15-42-gnss_raw.txt,2436,459733.000,BDS,36,59.0,23.0,28.0,是
0703002-0918-15-42-gnss_raw.txt,2436,459733.000,BDS,39,54.0,272.0,27.0,是
0703002-0918-15-42-gnss_raw.txt,2436,459734.000,GPS,26,56.0,237.0,32.0,是
0703002-0918-15-42-gnss_raw.txt,2436,459734.000,GPS,28,58.0,15.0,26.0,是
0703002-0918-15-42-gnss_raw.txt,2436,459734.000,GPS,31,52.0,318.0,31.0,是
0703002-0918-15-42-gnss_raw.txt,2436,459734.000,GPS,32,64.0,123.0,32.0,是
0703002-0918-15-42-gnss_raw.txt,2436,459734.000,GLONASS,71,79.0,154.0,31.0,是
0703002-0918-15-42-gnss_raw.txt,2436,459734.000,GLONASS,72,42.0,331.0,35.0,是
0703002-0918-15-42-gnss_raw.txt,2436,459734.000,GLONASS,73,45.0,20.0,27.0,是
0703002-0918-15-42-gnss_raw.txt,2436,459734.000,GLONASS,74,61.0,286.0,28.0,是
0703002-0918-15-42-gnss_raw.txt,2436,459734.000,GLONASS,90,0.0,0.0,34.0,是
0703002-0918-15-42-gnss_raw.txt,2436,459734.000,Galileo,19,53.0,329.0,28.0,是
0703002-0918-15-42-gnss_raw.txt,2436,459734.000,Galileo,21,75.0,185.0,31.0,是
0703002-0918-15-42-gnss_raw.txt,2436,459734.000,Galileo,27,0.0,0.0,30.0,是
0703002-0918-15-42-gnss_raw.txt,2436,459734.000,QZSS,2,57.0,125.0,26.0,是
0703002-0918-15-42-gnss_raw.txt,2436,459734.000,QZSS,7,53.0,169.0,21.0,是
0703002-0918-15-42-gnss_raw.txt,2436,459734.000,BDS,7,63.0,340.0,26.0,是
0703002-0918-15-42-gnss_raw.txt,2436,459734.000,BDS,9,54.0,224.0,27.0,是
0703002-0918-15-42-gnss_raw.txt,2436,459734.000,BDS,10,62.0,318.0,26.0,是
0703002-0918-15-42-gnss_raw.txt,2436,459734.000,BDS,19,31.0,160.0,30.0,是
0703002-0918-15-42-gnss_raw.txt,2436,459734.000,BDS,21,34.0,316.0,25.0,是
0703002-0918-15-42-gnss_raw.txt,2436,459734.000,BDS,22,74.0,233.0,31.0,是
0703002-0918-15-42-gnss_raw.txt,2436,459734.000,BDS,36,59.0,23.0,27.0,是
0703002-0918-15-42-gnss_raw.txt,2436,459734.000,BDS,39,54.0,272.0,29.0,是
0703002-0918-15-42-gnss_raw.txt,2436,459735.000,GPS,26,56.0,237.0,32.0,是
0703002-0918-15-42-gnss_raw.txt,2436,459735.000,GPS,28,58.0,15.0,27.0,是
0703002-0918-15-42-gnss_raw.txt,2436,459735.000,GPS,31,52.0,318.0,30.0,是
0703002-0918-15-42-gnss_raw.txt,2436,459735.000,GPS,32,64.0,123.0,30.0,是
0703002-0918-15-42-gnss_raw.txt,2436,459735.000,GLONASS,71,79.0,154.0,30.0,是
0703002-0918-15-42-gnss_raw.txt,2436,459735.000,GLONASS,72,42.0,331.0,34.0,是
0703002-0918-15-42-gnss_raw.txt,2436,459735.000,GLONASS,73,45.0,20.0,29.0,是
0703002-0918-15-42-gnss_raw.txt,2436,459735.000,GLONASS,74,61.0,286.0,28.0,是
0703002-0918-15-42-gnss_raw.txt,2436,459735.000,GLONASS,90,0.0,0.0,34.0,是
0703002-0918-15-42-gnss_raw.txt,2436,459735.000,Galileo,19,53.0,329.0,29.0,是
0703002-0918-15-42-gnss_raw.txt,2436,459735.000,Galileo,21,75.0,185.0,30.0,是
0703002-0918-15-42-gnss_raw.txt,2436,459735.000,Galileo,27,0.0,0.0,30.0,是
0703002-0918-15-42-gnss_raw.txt,2436,459735.000,QZSS,2,57.0,125.0,26.0,是
0703002-0918-15-42-gnss_raw.txt,2436,459735.000,QZSS,7,53.0,169.0,23.0,是
0703002-0918-15-42-gnss_raw.txt,2436,459735.000,BDS,7,63.0,340.0,27.0,是
0703002-0918-15-42-gnss_raw.txt,2436,459735.000,BDS,9,54.0,224.0,27.0,是
0703002-0918-15-42-gnss_raw.txt,2436,459735.000,BDS,10,62.0,318.0,27.0,是
0703002-0918-15-42-gnss_raw.txt,2436,459735.000,BDS,19,31.0,160.0,30.0,是
0703002-0918-15-42-gnss_raw.txt,2436,459735.000,BDS,21,34.0,316.0,23.0,是
0703002-0918-15-42-gnss_raw.txt,2436,459735.000,BDS,22,74.0,232.0,31.0,是
0703002-0918-15-42-gnss_raw.txt,2436,459735.000,BDS,36,59.0,23.0,27.0,是
0703002-0918-15-42-gnss_raw.txt,2436,459735.000,BDS,39,54.0,272.0,29.0,是
0703002-0918-15-42-gnss_raw.txt,2436,459736.000,GPS,26,56.0,237.0,32.0,是
0703002-0918-15-42-gnss_raw.txt,2436,459736.000,GPS,28,58.0,15.0,28.0,是
0703002-0918-15-42-gnss_raw.txt,2436,459736.000,GPS,31,52.0,318.0,31.0,是
0703002-0918-15-42-gnss_raw.txt,2436,459736.000,GPS,32,64.0,123.0,31.0,是
0703002-0918-15-42-gnss_raw.txt,2436,459736.000,GLONASS,71,79.0,154.0,31.0,是
0703002-0918-15-42-gnss_raw.txt,2436,459736.000,GLONASS,72,42.0,331.0,35.0,是
0703002-0918-15-42-gnss_raw.txt,2436,459736.000,GLONASS,73,45.0,20.0,29.0,是
0703002-0918-15-42-gnss_raw.txt,2436,459736.000,GLONASS,74,61.0,286.0,29.0,是
0703002-0918-15-42-gnss_raw.txt,2436,459736.000,GLONASS,90,0.0,0.0,34.0,是
0703002-0918-15-42-gnss_raw.txt,2436,459736.000,Galileo,19,53.0,329.0,29.0,是
0703002-0918-15-42-gnss_raw.txt,2436,459736.000,Galileo,21,75.0,185.0,32.0,是
0703002-0918-15-42-gnss_raw.txt,2436,459736.000,Galileo,27,0.0,0.0,31.0,是
0703002-0918-15-42-gnss_raw.txt,2436,459736.000,QZSS,2,57.0,125.0,29.0,是
0703002-0918-15-42-gnss_raw.txt,2436,459736.000,QZSS,7,53.0,169.0,24.0,是
0703002-0918-15-42-gnss_raw.txt,2436,459736.000,BDS,7,63.0,340.0,28.0,是
0703002-0918-15-42-gnss_raw.txt,2436,459736.000,BDS,9,54.0,224.0,27.0,是
0703002-0918-15-42-gnss_raw.txt,2436,459736.000,BDS,10,62.0,318.0,27.0,是
0703002-0918-15-42-gnss_raw.txt,2436,459736.000,BDS,19,31.0,160.0,29.0,是
0703002-0918-15-42-gnss_raw.txt,2436,459736.000,BDS,21,34.0,316.0,24.0,是
0703002-0918-15-42-gnss_raw.txt,2436,459736.000,BDS,22,74.0,232.0,31.0,是
0703002-0918-15-42-gnss_raw.txt,2436,459736.000,BDS,36,59.0,23.0,28.0,是
0703002-0918-15-42-gnss_raw.txt,2436,459736.000,BDS,39,54.0,272.0,29.0,是
0703002-0918-15-42-gnss_raw.txt,2436,459737.000,GPS,26,56.0,237.0,33.0,是
0703002-0918-15-42-gnss_raw.txt,2436,459737.000,GPS,28,58.0,15.0,29.0,是
0703002-0918-15-42-gnss_raw.txt,2436,459737.000,GPS,31,52.0,318.0,31.0,是
0703002-0918-15-42-gnss_raw.txt,2436,459737.000,GPS,32,64.0,123.0,33.0,是
0703002-0918-15-42-gnss_raw.txt,2436,459737.000,GLONASS,71,79.0,154.0,32.0,是
0703002-0918-15-42-gnss_raw.txt,2436,459737.000,GLONASS,72,42.0,331.0,36.0,是
0703002-0918-15-42-gnss_raw.txt,2436,459737.000,GLONASS,73,45.0,20.0,28.0,是
0703002-0918-15-42-gnss_raw.txt,2436,459737.000,GLONASS,74,61.0,286.0,28.0,是
0703002-0918-15-42-gnss_raw.txt,2436,459737.000,GLONASS,90,0.0,0.0,34.0,是
0703002-0918-15-42-gnss_raw.txt,2436,459737.000,Galileo,19,53.0,329.0,28.0,是
0703002-0918-15-42-gnss_raw.txt,2436,459737.000,Galileo,21,75.0,185.0,32.0,是
0703002-0918-15-42-gnss_raw.txt,2436,459737.000,Galileo,27,0.0,0.0,30.0,是
0703002-0918-15-42-gnss_raw.txt,2436,459737.000,QZSS,2,57.0,125.0,30.0,是
0703002-0918-15-42-gnss_raw.txt,2436,459737.000,QZSS,7,53.0,169.0,22.0,是
0703002-0918-15-42-gnss_raw.txt,2436,459737.000,BDS,7,63.0,340.0,27.0,是
0703002-0918-15-42-gnss_raw.txt,2436,459737.000,BDS,9,54.0,224.0,26.0,是
0703002-0918-15-42-gnss_raw.txt,2436,459737.000,BDS,10,62.0,318.0,26.0,是
0703002-0918-15-42-gnss_raw.txt,2436,459737.000,BDS,19,31.0,160.0,28.0,是
0703002-0918-15-42-gnss_raw.txt,2436,459737.000,BDS,21,34.0,316.0,26.0,是
0703002-0918-15-42-gnss_raw.txt,2436,459737.000,BDS,22,74.0,232.0,29.0,是
0703002-0918-15-42-gnss_raw.txt,2436,459737.000,BDS,36,59.0,23.0,26.0,是
0703002-0918-15-42-gnss_raw.txt,2436,459737.000,BDS,39,54.0,272.0,28.0,是
0703002-0918-15-42-gnss_raw.txt,2436,459738.000,GPS,26,56.0,237.0,33.0,是
0703002-0918-15-42-gnss_raw.txt,2436,459738.000,GPS,28,58.0,15.0,28.0,是
0703002-0918-15-42-gnss_raw.txt,2436,459738.000,GPS,31,52.0,318.0,32.0,是
0703002-0918-15-42-gnss_raw.txt,2436,459738.000,GPS,32,64.0,123.0,33.0,是
0703002-0918-15-42-gnss_raw.txt,2436,459738.000,GLONASS,71,79.0,154.0,30.0,是
0703002-0918-15-42-gnss_raw.txt,2436,459738.000,GLONASS,72,42.0,331.0,36.0,是
0703002-0918-15-42-gnss_raw.txt,2436,459738.000,GLONASS,73,45.0,20.0,27.0,是
0703002-0918-15-42-gnss_raw.txt,2436,459738.000,GLONASS,74,61.0,286.0,29.0,是
0703002-0918-15-42-gnss_raw.txt,2436,459738.000,GLONASS,90,0.0,0.0,35.0,是
0703002-0918-15-42-gnss_raw.txt,2436,459738.000,Galileo,19,53.0,329.0,29.0,是
0703002-0918-15-42-gnss_raw.txt,2436,459738.000,Galileo,21,75.0,185.0,33.0,是
0703002-0918-15-42-gnss_raw.txt,2436,459738.000,Galileo,27,0.0,0.0,30.0,是
0703002-0918-15-42-gnss_raw.txt,2436,459738.000,QZSS,2,57.0,125.0,28.0,是
0703002-0918-15-42-gnss_raw.txt,2436,459738.000,QZSS,7,53.0,169.0,22.0,是
0703002-0918-15-42-gnss_raw.txt,2436,459738.000,BDS,7,63.0,340.0,28.0,是
0703002-0918-15-42-gnss_raw.txt,2436,459738.000,BDS,9,54.0,224.0,26.0,是
0703002-0918-15-42-gnss_raw.txt,2436,459738.000,BDS,10,62.0,318.0,26.0,是
0703002-0918-15-42-gnss_raw.txt,2436,459738.000,BDS,19,31.0,160.0,29.0,是
0703002-0918-15-42-gnss_raw.txt,2436,459738.000,BDS,21,34.0,316.0,26.0,是
0703002-0918-15-42-gnss_raw.txt,2436,459738.000,BDS,22,74.0,232.0,30.0,是
0703002-0918-15-42-gnss_raw.txt,2436,459738.000,BDS,36,59.0,23.0,26.0,是
0703002-0918-15-42-gnss_raw.txt,2436,459738.000,BDS,39,54.0,272.0,28.0,是
0703002-0918-15-42-gnss_raw.txt,2436,459739.000,GPS,26,56.0,237.0,32.0,是
0703002-0918-15-42-gnss_raw.txt,2436,459739.000,GPS,28,58.0,15.0,28.0,是
0703002-0918-15-42-gnss_raw.txt,2436,459739.000,GPS,31,52.0,318.0,32.0,是
0703002-0918-15-42-gnss_raw.txt,2436,459739.000,GPS,32,64.0,123.0,32.0,是
0703002-0918-15-42-gnss_raw.txt,2436,459739.000,GLONASS,71,79.0,154.0,29.0,是
0703002-0918-15-42-gnss_raw.txt,2436,459739.000,GLONASS,72,42.0,331.0,37.0,是
0703002-0918-15-42-gnss_raw.txt,2436,459739.000,GLONASS,73,45.0,20.0,27.0,是
0703002-0918-15-42-gnss_raw.txt,2436,459739.000,GLONASS,74,61.0,286.0,30.0,是
0703002-0918-15-42-gnss_raw.txt,2436,459739.000,GLONASS,90,0.0,0.0,34.0,是
0703002-0918-15-42-gnss_raw.txt,2436,459739.000,Galileo,19,53.0,329.0,26.0,是
0703002-0918-15-42-gnss_raw.txt,2436,459739.000,Galileo,21,75.0,185.0,29.0,是
0703002-0918-15-42-gnss_raw.txt,2436,459739.000,Galileo,27,0.0,0.0,31.0,是
0703002-0918-15-42-gnss_raw.txt,2436,459739.000,QZSS,2,57.0,125.0,25.0,是
0703002-0918-15-42-gnss_raw.txt,2436,459739.000,QZSS,7,53.0,169.0,21.0,是
0703002-0918-15-42-gnss_raw.txt,2436,459739.000,BDS,7,63.0,340.0,27.0,是
0703002-0918-15-42-gnss_raw.txt,2436,459739.000,BDS,9,54.0,224.0,28.0,是
0703002-0918-15-42-gnss_raw.txt,2436,459739.000,BDS,10,62.0,318.0,25.0,是
0703002-0918-15-42-gnss_raw.txt,2436,459739.000,BDS,19,31.0,160.0,31.0,是
0703002-0918-15-42-gnss_raw.txt,2436,459739.000,BDS,21,34.0,316.0,26.0,是
0703002-0918-15-42-gnss_raw.txt,2436,459739.000,BDS,22,74.0,232.0,29.0,是
0703002-0918-15-42-gnss_raw.txt,2436,459739.000,BDS,36,59.0,23.0,26.0,是
0703002-0918-15-42-gnss_raw.txt,2436,459739.000,BDS,39,54.0,272.0,29.0,是
0703002-0918-15-42-gnss_raw.txt,2436,459740.000,GPS,26,56.0,237.0,32.0,是
0703002-0918-15-42-gnss_raw.txt,2436,459740.000,GPS,28,58.0,15.0,27.0,是
0703002-0918-15-42-gnss_raw.txt,2436,459740.000,GPS,31,52.0,318.0,32.0,是
0703002-0918-15-42-gnss_raw.txt,2436,459740.000,GPS,32,64.0,123.0,32.0,是
0703002-0918-15-42-gnss_raw.txt,2436,459740.000,GLONASS,71,79.0,154.0,30.0,是
0703002-0918-15-42-gnss_raw.txt,2436,459740.000,GLONASS,72,42.0,331.0,37.0,是
0703002-0918-15-42-gnss_raw.txt,2436,459740.000,GLONASS,73,45.0,20.0,29.0,是
0703002-0918-15-42-gnss_raw.txt,2436,459740.000,GLONASS,74,61.0,286.0,29.0,是
0703002-0918-15-42-gnss_raw.txt,2436,459740.000,GLONASS,90,0.0,0.0,33.0,是
0703002-0918-15-42-gnss_raw.txt,2436,459740.000,Galileo,19,53.0,329.0,29.0,是
0703002-0918-15-42-gnss_raw.txt,2436,459740.000,Galileo,21,75.0,185.0,31.0,是
0703002-0918-15-42-gnss_raw.txt,2436,459740.000,Galileo,27,0.0,0.0,30.0,是
0703002-0918-15-42-gnss_raw.txt,2436,459740.000,QZSS,2,57.0,125.0,28.0,是
0703002-0918-15-42-gnss_raw.txt,2436,459740.000,QZSS,7,53.0,169.0,22.0,是
0703002-0918-15-42-gnss_raw.txt,2436,459740.000,BDS,7,63.0,340.0,27.0,是
0703002-0918-15-42-gnss_raw.txt,2436,459740.000,BDS,9,54.0,224.0,28.0,是
0703002-0918-15-42-gnss_raw.txt,2436,459740.000,BDS,10,62.0,318.0,26.0,是
0703002-0918-15-42-gnss_raw.txt,2436,459740.000,BDS,19,31.0,160.0,29.0,是
0703002-0918-15-42-gnss_raw.txt,2436,459740.000,BDS,21,34.0,316.0,24.0,是
0703002-0918-15-42-gnss_raw.txt,2436,459740.000,BDS,22,74.0,232.0,30.0,是
0703002-0918-15-42-gnss_raw.txt,2436,459740.000,BDS,36,59.0,23.0,26.0,是
0703002-0918-15-42-gnss_raw.txt,2436,459740.000,BDS,39,54.0,272.0,29.0,是
0703002-0918-15-42-gnss_raw.txt,2436,459741.000,GPS,26,56.0,237.0,32.0,是
0703002-0918-15-42-gnss_raw.txt,2436,459741.000,GPS,28,58.0,15.0,28.0,是
0703002-0918-15-42-gnss_raw.txt,2436,459741.000,GPS,31,52.0,318.0,32.0,是
0703002-0918-15-42-gnss_raw.txt,2436,459741.000,GPS,32,64.0,123.0,32.0,是
0703002-0918-15-42-gnss_raw.txt,2436,459741.000,GLONASS,71,79.0,154.0,31.0,是
0703002-0918-15-42-gnss_raw.txt,2436,459741.000,GLONASS,72,42.0,331.0,36.0,是
0703002-0918-15-42-gnss_raw.txt,2436,459741.000,GLONASS,73,45.0,20.0,30.0,是
0703002-0918-15-42-gnss_raw.txt,2436,459741.000,GLONASS,74,61.0,286.0,30.0,是
0703002-0918-15-42-gnss_raw.txt,2436,459741.000,GLONASS,90,0.0,0.0,34.0,是
0703002-0918-15-42-gnss_raw.txt,2436,459741.000,Galileo,19,53.0,329.0,29.0,是
0703002-0918-15-42-gnss_raw.txt,2436,459741.000,Galileo,21,75.0,185.0,31.0,是
0703002-0918-15-42-gnss_raw.txt,2436,459741.000,Galileo,27,0.0,0.0,28.0,是
0703002-0918-15-42-gnss_raw.txt,2436,459741.000,QZSS,2,57.0,125.0,28.0,是
0703002-0918-15-42-gnss_raw.txt,2436,459741.000,QZSS,7,53.0,169.0,21.0,是
0703002-0918-15-42-gnss_raw.txt,2436,459741.000,BDS,7,63.0,340.0,27.0,是
0703002-0918-15-42-gnss_raw.txt,2436,459741.000,BDS,9,54.0,224.0,27.0,是
0703002-0918-15-42-gnss_raw.txt,2436,459741.000,BDS,10,62.0,318.0,26.0,是
0703002-0918-15-42-gnss_raw.txt,2436,459741.000,BDS,19,31.0,160.0,30.0,是
0703002-0918-15-42-gnss_raw.txt,2436,459741.000,BDS,21,34.0,316.0,26.0,是
0703002-0918-15-42-gnss_raw.txt,2436,459741.000,BDS,22,74.0,232.0,30.0,是
0703002-0918-15-42-gnss_raw.txt,2436,459741.000,BDS,36,59.0,23.0,26.0,是
0703002-0918-15-42-gnss_raw.txt,2436,459741.000,BDS,39,54.0,272.0,29.0,是
0703002-0918-15-42-gnss_raw.txt,2436,459742.000,GPS,26,56.0,237.0,32.0,是
0703002-0918-15-42-gnss_raw.txt,2436,459742.000,GPS,28,58.0,15.0,26.0,是
0703002-0918-15-42-gnss_raw.txt,2436,459742.000,GPS,31,52.0,318.0,31.0,是
0703002-0918-15-42-gnss_raw.txt,2436,459742.000,GPS,32,64.0,123.0,32.0,是
0703002-0918-15-42-gnss_raw.txt,2436,459742.000,GLONASS,71,79.0,154.0,30.0,是
0703002-0918-15-42-gnss_raw.txt,2436,459742.000,GLONASS,72,42.0,331.0,36.0,是
0703002-0918-15-42-gnss_raw.txt,2436,459742.000,GLONASS,73,45.0,20.0,28.0,是
0703002-0918-15-42-gnss_raw.txt,2436,459742.000,GLONASS,74,61.0,286.0,27.0,是
0703002-0918-15-42-gnss_raw.txt,2436,459742.000,GLONASS,90,0.0,0.0,33.0,是
0703002-0918-15-42-gnss_raw.txt,2436,459742.000,Galileo,19,53.0,329.0,27.0,是
0703002-0918-15-42-gnss_raw.txt,2436,459742.000,Galileo,21,75.0,185.0,31.0,是
0703002-0918-15-42-gnss_raw.txt,2436,459742.000,Galileo,27,0.0,0.0,27.0,是
0703002-0918-15-42-gnss_raw.txt,2436,459742.000,QZSS,2,57.0,125.0,27.0,是
0703002-0918-15-42-gnss_raw.txt,2436,459742.000,QZSS,7,53.0,169.0,23.0,是
0703002-0918-15-42-gnss_raw.txt,2436,459742.000,BDS,7,63.0,340.0,27.0,是
0703002-0918-15-42-gnss_raw.txt,2436,459742.000,BDS,9,54.0,224.0,25.0,是
0703002-0918-15-42-gnss_raw.txt,2436,459742.000,BDS,10,62.0,318.0,25.0,是
0703002-0918-15-42-gnss_raw.txt,2436,459742.000,BDS,19,31.0,160.0,19.0,是
0703002-0918-15-42-gnss_raw.txt,2436,459742.000,BDS,21,34.0,316.0,29.0,是
0703002-0918-15-42-gnss_raw.txt,2436,459742.000,BDS,22,74.0,232.0,30.0,是
0703002-0918-15-42-gnss_raw.txt,2436,459742.000,BDS,36,59.0,23.0,27.0,是
0703002-0918-15-42-gnss_raw.txt,2436,459742.000,BDS,39,54.0,272.0,29.0,是
0703002-0918-15-42-gnss_raw.txt,2436,459743.000,GPS,26,56.0,237.0,32.0,是
0703002-0918-15-42-gnss_raw.txt,2436,459743.000,GPS,28,58.0,15.0,26.0,是
0703002-0918-15-42-gnss_raw.txt,2436,459743.000,GPS,31,52.0,318.0,31.0,是
0703002-0918-15-42-gnss_raw.txt,2436,459743.000,GPS,32,64.0,123.0,31.0,是
0703002-0918-15-42-gnss_raw.txt,2436,459743.000,GLONASS,71,79.0,154.0,30.0,是
0703002-0918-15-42-gnss_raw.txt,2436,459743.000,GLONASS,72,42.0,331.0,37.0,是
0703002-0918-15-42-gnss_raw.txt,2436,459743.000,GLONASS,73,45.0,20.0,27.0,是
0703002-0918-15-42-gnss_raw.txt,2436,459743.000,GLONASS,74,61.0,286.0,28.0,是
0703002-0918-15-42-gnss_raw.txt,2436,459743.000,GLONASS,90,0.0,0.0,35.0,是
0703002-0918-15-42-gnss_raw.txt,2436,459743.000,Galileo,19,53.0,329.0,29.0,是
0703002-0918-15-42-gnss_raw.txt,2436,459743.000,Galileo,21,75.0,185.0,31.0,是
0703002-0918-15-42-gnss_raw.txt,2436,459743.000,Galileo,27,0.0,0.0,30.0,是
0703002-0918-15-42-gnss_raw.txt,2436,459743.000,QZSS,2,57.0,125.0,25.0,是
0703002-0918-15-42-gnss_raw.txt,2436,459743.000,QZSS,7,53.0,169.0,22.0,是
0703002-0918-15-42-gnss_raw.txt,2436,459743.000,BDS,7,63.0,340.0,27.0,是
0703002-0918-15-42-gnss_raw.txt,2436,459743.000,BDS,9,54.0,224.0,24.0,是
0703002-0918-15-42-gnss_raw.txt,2436,459743.000,BDS,10,62.0,318.0,25.0,是
0703002-0918-15-42-gnss_raw.txt,2436,459743.000,BDS,19,31.0,160.0,22.0,是
0703002-0918-15-42-gnss_raw.txt,2436,459743.000,BDS,21,34.0,316.0,27.0,是
0703002-0918-15-42-gnss_raw.txt,2436,459743.000,BDS,22,74.0,232.0,30.0,是
0703002-0918-15-42-gnss_raw.txt,2436,459743.000,BDS,36,59.0,23.0,27.0,是
0703002-0918-15-42-gnss_raw.txt,2436,459743.000,BDS,39,54.0,272.0,28.0,是
0703002-0918-15-42-gnss_raw.txt,2436,459744.000,GPS,26,56.0,237.0,32.0,是
0703002-0918-15-42-gnss_raw.txt,2436,459744.000,GPS,28,58.0,15.0,28.0,是
0703002-0918-15-42-gnss_raw.txt,2436,459744.000,GPS,31,52.0,318.0,32.0,是
0703002-0918-15-42-gnss_raw.txt,2436,459744.000,GPS,32,64.0,123.0,29.0,是
0703002-0918-15-42-gnss_raw.txt,2436,459744.000,GLONASS,71,79.0,154.0,30.0,是
0703002-0918-15-42-gnss_raw.txt,2436,459744.000,GLONASS,72,42.0,331.0,37.0,是
0703002-0918-15-42-gnss_raw.txt,2436,459744.000,GLONASS,73,45.0,20.0,35.0,是
0703002-0918-15-42-gnss_raw.txt,2436,459744.000,GLONASS,74,61.0,286.0,28.0,是
0703002-0918-15-42-gnss_raw.txt,2436,459744.000,GLONASS,90,0.0,0.0,36.0,是
0703002-0918-15-42-gnss_raw.txt,2436,459744.000,Galileo,19,53.0,329.0,29.0,是
0703002-0918-15-42-gnss_raw.txt,2436,459744.000,Galileo,21,75.0,185.0,33.0,是
0703002-0918-15-42-gnss_raw.txt,2436,459744.000,Galileo,27,0.0,0.0,30.0,是
0703002-0918-15-42-gnss_raw.txt,2436,459744.000,QZSS,2,57.0,125.0,25.0,是
0703002-0918-15-42-gnss_raw.txt,2436,459744.000,QZSS,7,53.0,169.0,24.0,是
0703002-0918-15-42-gnss_raw.txt,2436,459744.000,BDS,7,63.0,340.0,28.0,是
0703002-0918-15-42-gnss_raw.txt,2436,459744.000,BDS,9,54.0,224.0,22.0,是
0703002-0918-15-42-gnss_raw.txt,2436,459744.000,BDS,10,62.0,318.0,26.0,是
0703002-0918-15-42-gnss_raw.txt,2436,459744.000,BDS,19,31.0,160.0,21.0,是
0703002-0918-15-42-gnss_raw.txt,2436,459744.000,BDS,21,34.0,316.0,26.0,是
0703002-0918-15-42-gnss_raw.txt,2436,459744.000,BDS,22,74.0,232.0,31.0,是
0703002-0918-15-42-gnss_raw.txt,2436,459744.000,BDS,36,59.0,23.0,28.0,是
0703002-0918-15-42-gnss_raw.txt,2436,459744.000,BDS,39,54.0,272.0,28.0,是
0703002-0918-15-42-gnss_raw.txt,2436,459745.000,GPS,26,56.0,237.0,32.0,是
0703002-0918-15-42-gnss_raw.txt,2436,459745.000,GPS,28,58.0,15.0,28.0,是
0703002-0918-15-42-gnss_raw.txt,2436,459745.000,GPS,31,52.0,318.0,32.0,是
0703002-0918-15-42-gnss_raw.txt,2436,459745.000,GPS,32,64.0,123.0,31.0,是
0703002-0918-15-42-gnss_raw.txt,2436,459745.000,GLONASS,71,79.0,154.0,30.0,是
0703002-0918-15-42-gnss_raw.txt,2436,459745.000,GLONASS,72,42.0,331.0,36.0,是
0703002-0918-15-42-gnss_raw.txt,2436,459745.000,GLONASS,73,45.0,20.0,37.0,是
0703002-0918-15-42-gnss_raw.txt,2436,459745.000,GLONASS,74,61.0,286.0,28.0,是
0703002-0918-15-42-gnss_raw.txt,2436,459745.000,GLONASS,90,0.0,0.0,36.0,是
0703002-0918-15-42-gnss_raw.txt,2436,459745.000,Galileo,19,53.0,329.0,30.0,是
0703002-0918-15-42-gnss_raw.txt,2436,459745.000,Galileo,21,75.0,185.0,33.0,是
0703002-0918-15-42-gnss_raw.txt,2436,459745.000,Galileo,27,0.0,0.0,28.0,是
0703002-0918-15-42-gnss_raw.txt,2436,459745.000,QZSS,2,57.0,125.0,26.0,是
0703002-0918-15-42-gnss_raw.txt,2436,459745.000,QZSS,7,53.0,169.0,25.0,是
0703002-0918-15-42-gnss_raw.txt,2436,459745.000,BDS,7,63.0,340.0,27.0,是
0703002-0918-15-42-gnss_raw.txt,2436,459745.000,BDS,9,54.0,224.0,21.0,是
0703002-0918-15-42-gnss_raw.txt,2436,459745.000,BDS,10,62.0,318.0,26.0,是
0703002-0918-15-42-gnss_raw.txt,2436,459745.000,BDS,19,31.0,160.0,20.0,是
0703002-0918-15-42-gnss_raw.txt,2436,459745.000,BDS,21,34.0,316.0,24.0,是
0703002-0918-15-42-gnss_raw.txt,2436,459745.000,BDS,22,74.0,232.0,31.0,是
0703002-0918-15-42-gnss_raw.txt,2436,459745.000,BDS,36,59.0,23.0,27.0,是
0703002-0918-15-42-gnss_raw.txt,2436,459745.000,BDS,39,54.0,272.0,29.0,是
0703002-0918-15-42-gnss_raw.txt,2436,459746.000,GPS,26,56.0,237.0,32.0,是
0703002-0918-15-42-gnss_raw.txt,2436,459746.000,GPS,28,58.0,15.0,26.0,是
0703002-0918-15-42-gnss_raw.txt,2436,459746.000,GPS,31,52.0,318.0,32.0,是
0703002-0918-15-42-gnss_raw.txt,2436,459746.000,GPS,32,64.0,123.0,33.0,是
0703002-0918-15-42-gnss_raw.txt,2436,459746.000,GLONASS,71,79.0,154.0,32.0,是
0703002-0918-15-42-gnss_raw.txt,2436,459746.000,GLONASS,72,42.0,331.0,38.0,是
0703002-0918-15-42-gnss_raw.txt,2436,459746.000,GLONASS,73,45.0,20.0,34.0,是
0703002-0918-15-42-gnss_raw.txt,2436,459746.000,GLONASS,74,61.0,286.0,29.0,是
0703002-0918-15-42-gnss_raw.txt,2436,459746.000,GLONASS,90,0.0,0.0,35.0,是
0703002-0918-15-42-gnss_raw.txt,2436,459746.000,Galileo,19,53.0,329.0,27.0,是
0703002-0918-15-42-gnss_raw.txt,2436,459746.000,Galileo,21,75.0,185.0,33.0,是
0703002-0918-15-42-gnss_raw.txt,2436,459746.000,Galileo,27,0.0,0.0,26.0,是
0703002-0918-15-42-gnss_raw.txt,2436,459746.000,QZSS,2,57.0,125.0,29.0,是
0703002-0918-15-42-gnss_raw.txt,2436,459746.000,QZSS,7,53.0,169.0,25.0,是
0703002-0918-15-42-gnss_raw.txt,2436,459746.000,BDS,7,63.0,340.0,26.0,是
0703002-0918-15-42-gnss_raw.txt,2436,459746.000,BDS,9,54.0,224.0,27.0,是
0703002-0918-15-42-gnss_raw.txt,2436,459746.000,BDS,10,62.0,318.0,27.0,是
0703002-0918-15-42-gnss_raw.txt,2436,459746.000,BDS,19,0.0,0.0,19.0,是
0703002-0918-15-42-gnss_raw.txt,2436,459746.000,BDS,21,34.0,316.0,22.0,是
0703002-0918-15-42-gnss_raw.txt,2436,459746.000,BDS,22,74.0,232.0,30.0,是
0703002-0918-15-42-gnss_raw.txt,2436,459746.000,BDS,36,59.0,23.0,27.0,是
0703002-0918-15-42-gnss_raw.txt,2436,459746.000,BDS,39,54.0,272.0,29.0,是
0703002-0918-15-42-gnss_raw.txt,2436,459747.000,GPS,26,56.0,237.0,32.0,是
0703002-0918-15-42-gnss_raw.txt,2436,459747.000,GPS,28,58.0,15.0,27.0,是
0703002-0918-15-42-gnss_raw.txt,2436,459747.000,GPS,31,52.0,318.0,31.0,是
0703002-0918-15-42-gnss_raw.txt,2436,459747.000,GPS,32,64.0,123.0,33.0,是
0703002-0918-15-42-gnss_raw.txt,2436,459747.000,GLONASS,71,79.0,154.0,32.0,是
0703002-0918-15-42-gnss_raw.txt,2436,459747.000,GLONASS,72,42.0,331.0,37.0,是
0703002-0918-15-42-gnss_raw.txt,2436,459747.000,GLONASS,73,45.0,20.0,35.0,是
0703002-0918-15-42-gnss_raw.txt,2436,459747.000,GLONASS,74,61.0,286.0,28.0,是
0703002-0918-15-42-gnss_raw.txt,2436,459747.000,GLONASS,90,0.0,0.0,33.0,是
0703002-0918-15-42-gnss_raw.txt,2436,459747.000,Galileo,19,53.0,329.0,28.0,是
0703002-0918-15-42-gnss_raw.txt,2436,459747.000,Galileo,21,75.0,185.0,33.0,是
0703002-0918-15-42-gnss_raw.txt,2436,459747.000,Galileo,27,0.0,0.0,27.0,是
0703002-0918-15-42-gnss_raw.txt,2436,459747.000,QZSS,2,57.0,125.0,29.0,是
0703002-0918-15-42-gnss_raw.txt,2436,459747.000,QZSS,7,53.0,169.0,25.0,是
0703002-0918-15-42-gnss_raw.txt,2436,459747.000,BDS,7,63.0,340.0,27.0,是
0703002-0918-15-42-gnss_raw.txt,2436,459747.000,BDS,9,54.0,224.0,25.0,是
0703002-0918-15-42-gnss_raw.txt,2436,459747.000,BDS,10,62.0,318.0,28.0,是
0703002-0918-15-42-gnss_raw.txt,2436,459747.000,BDS,19,31.0,160.0,19.0,是
0703002-0918-15-42-gnss_raw.txt,2436,459747.000,BDS,21,34.0,316.0,19.0,是
0703002-0918-15-42-gnss_raw.txt,2436,459747.000,BDS,22,74.0,232.0,31.0,是
0703002-0918-15-42-gnss_raw.txt,2436,459747.000,BDS,36,59.0,23.0,25.0,是
0703002-0918-15-42-gnss_raw.txt,2436,459747.000,BDS,39,54.0,272.0,30.0,是
0703002-0918-15-42-gnss_raw.txt,2436,459748.000,GPS,26,56.0,237.0,32.0,是
0703002-0918-15-42-gnss_raw.txt,2436,459748.000,GPS,28,58.0,15.0,27.0,是
0703002-0918-15-42-gnss_raw.txt,2436,459748.000,GPS,31,52.0,318.0,32.0,是
0703002-0918-15-42-gnss_raw.txt,2436,459748.000,GPS,32,64.0,123.0,33.0,是
0703002-0918-15-42-gnss_raw.txt,2436,459748.000,GLONASS,71,79.0,154.0,33.0,是
0703002-0918-15-42-gnss_raw.txt,2436,459748.000,GLONASS,72,42.0,331.0,36.0,是
0703002-0918-15-42-gnss_raw.txt,2436,459748.000,GLONASS,73,45.0,20.0,28.0,是
0703002-0918-15-42-gnss_raw.txt,2436,459748.000,GLONASS,74,61.0,286.0,28.0,是
0703002-0918-15-42-gnss_raw.txt,2436,459748.000,GLONASS,90,0.0,0.0,33.0,是
0703002-0918-15-42-gnss_raw.txt,2436,459748.000,Galileo,19,53.0,329.0,29.0,是
0703002-0918-15-42-gnss_raw.txt,2436,459748.000,Galileo,21,75.0,185.0,33.0,是
0703002-0918-15-42-gnss_raw.txt,2436,459748.000,Galileo,27,0.0,0.0,28.0,是
0703002-0918-15-42-gnss_raw.txt,2436,459748.000,QZSS,2,57.0,125.0,28.0,是
0703002-0918-15-42-gnss_raw.txt,2436,459748.000,QZSS,7,53.0,169.0,25.0,是
0703002-0918-15-42-gnss_raw.txt,2436,459748.000,BDS,7,63.0,340.0,28.0,是
0703002-0918-15-42-gnss_raw.txt,2436,459748.000,BDS,9,54.0,224.0,25.0,是
0703002-0918-15-42-gnss_raw.txt,2436,459748.000,BDS,10,62.0,318.0,28.0,是
0703002-0918-15-42-gnss_raw.txt,2436,459748.000,BDS,19,31.0,160.0,19.0,是
0703002-0918-15-42-gnss_raw.txt,2436,459748.000,BDS,21,34.0,316.0,17.0,是
0703002-0918-15-42-gnss_raw.txt,2436,459748.000,BDS,22,74.0,232.0,32.0,是
0703002-0918-15-42-gnss_raw.txt,2436,459748.000,BDS,36,59.0,23.0,25.0,是
0703002-0918-15-42-gnss_raw.txt,2436,459748.000,BDS,39,54.0,272.0,30.0,是
0703002-0918-15-42-gnss_raw.txt,2436,459749.000,GPS,26,56.0,237.0,32.0,是
0703002-0918-15-42-gnss_raw.txt,2436,459749.000,GPS,28,58.0,15.0,29.0,是
0703002-0918-15-42-gnss_raw.txt,2436,459749.000,GPS,31,52.0,318.0,32.0,是
0703002-0918-15-42-gnss_raw.txt,2436,459749.000,GPS,32,64.0,123.0,33.0,是
0703002-0918-15-42-gnss_raw.txt,2436,459749.000,GLONASS,71,79.0,154.0,32.0,是
0703002-0918-15-42-gnss_raw.txt,2436,459749.000,GLONASS,72,42.0,331.0,36.0,是
0703002-0918-15-42-gnss_raw.txt,2436,459749.000,GLONASS,73,45.0,20.0,32.0,是
0703002-0918-15-42-gnss_raw.txt,2436,459749.000,GLONASS,74,61.0,286.0,30.0,是
0703002-0918-15-42-gnss_raw.txt,2436,459749.000,GLONASS,90,0.0,0.0,34.0,是
0703002-0918-15-42-gnss_raw.txt,2436,459749.000,Galileo,19,53.0,329.0,28.0,是
0703002-0918-15-42-gnss_raw.txt,2436,459749.000,Galileo,21,75.0,185.0,33.0,是
0703002-0918-15-42-gnss_raw.txt,2436,459749.000,Galileo,27,0.0,0.0,29.0,是
0703002-0918-15-42-gnss_raw.txt,2436,459749.000,QZSS,2,57.0,125.0,29.0,是
0703002-0918-15-42-gnss_raw.txt,2436,459749.000,QZSS,7,53.0,169.0,23.0,是
0703002-0918-15-42-gnss_raw.txt,2436,459749.000,BDS,7,63.0,340.0,28.0,是
0703002-0918-15-42-gnss_raw.txt,2436,459749.000,BDS,9,0.0,0.0,23.0,是
0703002-0918-15-42-gnss_raw.txt,2436,459749.000,BDS,10,62.0,318.0,28.0,是
0703002-0918-15-42-gnss_raw.txt,2436,459749.000,BDS,19,31.0,160.0,18.0,是
0703002-0918-15-42-gnss_raw.txt,2436,459749.000,BDS,21,34.0,316.0,17.0,是
0703002-0918-15-42-gnss_raw.txt,2436,459749.000,BDS,22,74.0,232.0,32.0,是
0703002-0918-15-42-gnss_raw.txt,2436,459749.000,BDS,36,59.0,23.0,28.0,是
0703002-0918-15-42-gnss_raw.txt,2436,459749.000,BDS,39,54.0,272.0,30.0,是
0703002-0918-15-42-gnss_raw.txt,2436,459750.000,GPS,26,56.0,237.0,31.0,是
0703002-0918-15-42-gnss_raw.txt,2436,459750.000,GPS,28,58.0,15.0,30.0,是
0703002-0918-15-42-gnss_raw.txt,2436,459750.000,GPS,31,52.0,318.0,32.0,是
0703002-0918-15-42-gnss_raw.txt,2436,459750.000,GPS,32,64.0,123.0,32.0,是
0703002-0918-15-42-gnss_raw.txt,2436,459750.000,GLONASS,71,79.0,154.0,32.0,是
0703002-0918-15-42-gnss_raw.txt,2436,459750.000,GLONASS,72,42.0,331.0,36.0,是
0703002-0918-15-42-gnss_raw.txt,2436,459750.000,GLONASS,73,45.0,20.0,32.0,是
0703002-0918-15-42-gnss_raw.txt,2436,459750.000,GLONASS,74,61.0,286.0,29.0,是
0703002-0918-15-42-gnss_raw.txt,2436,459750.000,GLONASS,90,0.0,0.0,34.0,是
0703002-0918-15-42-gnss_raw.txt,2436,459750.000,Galileo,19,53.0,329.0,28.0,是
0703002-0918-15-42-gnss_raw.txt,2436,459750.000,Galileo,21,75.0,185.0,32.0,是
0703002-0918-15-42-gnss_raw.txt,2436,459750.000,Galileo,27,0.0,0.0,28.0,是
0703002-0918-15-42-gnss_raw.txt,2436,459750.000,QZSS,2,57.0,125.0,29.0,是
0703002-0918-15-42-gnss_raw.txt,2436,459750.000,QZSS,7,53.0,169.0,23.0,是
0703002-0918-15-42-gnss_raw.txt,2436,459750.000,BDS,7,63.0,340.0,29.0,是
0703002-0918-15-42-gnss_raw.txt,2436,459750.000,BDS,9,0.0,0.0,25.0,是
0703002-0918-15-42-gnss_raw.txt,2436,459750.000,BDS,10,62.0,318.0,28.0,是
0703002-0918-15-42-gnss_raw.txt,2436,459750.000,BDS,19,31.0,160.0,19.0,是
0703002-0918-15-42-gnss_raw.txt,2436,459750.000,BDS,21,34.0,316.0,16.0,是
0703002-0918-15-42-gnss_raw.txt,2436,459750.000,BDS,22,74.0,232.0,31.0,是
0703002-0918-15-42-gnss_raw.txt,2436,459750.000,BDS,36,59.0,23.0,29.0,是
0703002-0918-15-42-gnss_raw.txt,2436,459750.000,BDS,39,54.0,272.0,29.0,是
0703002-0918-15-42-gnss_raw.txt,2436,459751.000,GPS,26,56.0,237.0,31.0,是
0703002-0918-15-42-gnss_raw.txt,2436,459751.000,GPS,28,58.0,15.0,31.0,是
0703002-0918-15-42-gnss_raw.txt,2436,459751.000,GPS,31,52.0,318.0,32.0,是
0703002-0918-15-42-gnss_raw.txt,2436,459751.000,GPS,32,64.0,123.0,33.0,是
0703002-0918-15-42-gnss_raw.txt,2436,459751.000,GLONASS,71,79.0,154.0,33.0,是
0703002-0918-15-42-gnss_raw.txt,2436,459751.000,GLONASS,72,43.0,331.0,36.0,是
0703002-0918-15-42-gnss_raw.txt,2436,459751.000,GLONASS,73,45.0,20.0,32.0,是
0703002-0918-15-42-gnss_raw.txt,2436,459751.000,GLONASS,74,61.0,286.0,27.0,是
0703002-0918-15-42-gnss_raw.txt,2436,459751.000,GLONASS,90,0.0,0.0,34.0,是
0703002-0918-15-42-gnss_raw.txt,2436,459751.000,Galileo,19,53.0,329.0,29.0,是
0703002-0918-15-42-gnss_raw.txt,2436,459751.000,Galileo,21,75.0,185.0,32.0,是
0703002-0918-15-42-gnss_raw.txt,2436,459751.000,Galileo,27,0.0,0.0,33.0,是
0703002-0918-15-42-gnss_raw.txt,2436,459751.000,QZSS,2,57.0,125.0,30.0,是
0703002-0918-15-42-gnss_raw.txt,2436,459751.000,QZSS,7,53.0,169.0,23.0,是
0703002-0918-15-42-gnss_raw.txt,2436,459751.000,BDS,7,63.0,340.0,28.0,是
0703002-0918-15-42-gnss_raw.txt,2436,459751.000,BDS,9,0.0,0.0,24.0,是
0703002-0918-15-42-gnss_raw.txt,2436,459751.000,BDS,10,62.0,318.0,28.0,是
0703002-0918-15-42-gnss_raw.txt,2436,459751.000,BDS,19,31.0,160.0,22.0,是
0703002-0918-15-42-gnss_raw.txt,2436,459751.000,BDS,21,34.0,316.0,15.0,是
0703002-0918-15-42-gnss_raw.txt,2436,459751.000,BDS,22,74.0,232.0,31.0,是
0703002-0918-15-42-gnss_raw.txt,2436,459751.000,BDS,36,59.0,23.0,30.0,是
0703002-0918-15-42-gnss_raw.txt,2436,459751.000,BDS,39,54.0,272.0,27.0,是
0703002-0918-15-42-gnss_raw.txt,2436,459752.000,GPS,26,56.0,237.0,31.0,是
0703002-0918-15-42-gnss_raw.txt,2436,459752.000,GPS,28,58.0,15.0,31.0,是
0703002-0918-15-42-gnss_raw.txt,2436,459752.000,GPS,31,52.0,318.0,31.0,是
0703002-0918-15-42-gnss_raw.txt,2436,459752.000,GPS,32,64.0,123.0,33.0,是
0703002-0918-15-42-gnss_raw.txt,2436,459752.000,GLONASS,71,79.0,154.0,32.0,是
0703002-0918-15-42-gnss_raw.txt,2436,459752.000,GLONASS,72,43.0,331.0,36.0,是
0703002-0918-15-42-gnss_raw.txt,2436,459752.000,GLONASS,73,45.0,20.0,32.0,是
0703002-0918-15-42-gnss_raw.txt,2436,459752.000,GLONASS,74,61.0,286.0,28.0,是
0703002-0918-15-42-gnss_raw.txt,2436,459752.000,GLONASS,90,0.0,0.0,35.0,是
0703002-0918-15-42-gnss_raw.txt,2436,459752.000,Galileo,19,53.0,329.0,27.0,是
0703002-0918-15-42-gnss_raw.txt,2436,459752.000,Galileo,21,75.0,185.0,32.0,是
0703002-0918-15-42-gnss_raw.txt,2436,459752.000,Galileo,27,0.0,0.0,33.0,是
0703002-0918-15-42-gnss_raw.txt,2436,459752.000,QZSS,2,57.0,125.0,30.0,是
0703002-0918-15-42-gnss_raw.txt,2436,459752.000,QZSS,7,53.0,169.0,23.0,是
0703002-0918-15-42-gnss_raw.txt,2436,459752.000,BDS,7,63.0,340.0,28.0,是
0703002-0918-15-42-gnss_raw.txt,2436,459752.000,BDS,10,62.0,318.0,27.0,是
0703002-0918-15-42-gnss_raw.txt,2436,459752.000,BDS,19,31.0,160.0,23.0,是
0703002-0918-15-42-gnss_raw.txt,2436,459752.000,BDS,21,34.0,316.0,16.0,是
0703002-0918-15-42-gnss_raw.txt,2436,459752.000,BDS,22,74.0,232.0,31.0,是
0703002-0918-15-42-gnss_raw.txt,2436,459752.000,BDS,36,59.0,23.0,31.0,是
0703002-0918-15-42-gnss_raw.txt,2436,459752.000,BDS,39,54.0,272.0,25.0,是
0703002-0918-15-42-gnss_raw.txt,2436,459753.000,GPS,26,56.0,237.0,30.0,是
0703002-0918-15-42-gnss_raw.txt,2436,459753.000,GPS,28,58.0,15.0,31.0,是
0703002-0918-15-42-gnss_raw.txt,2436,459753.000,GPS,31,52.0,318.0,30.0,是
0703002-0918-15-42-gnss_raw.txt,2436,459753.000,GPS,32,64.0,123.0,33.0,是
0703002-0918-15-42-gnss_raw.txt,2436,459753.000,GLONASS,71,79.0,154.0,33.0,是
0703002-0918-15-42-gnss_raw.txt,2436,459753.000,GLONASS,72,43.0,331.0,37.0,是
0703002-0918-15-42-gnss_raw.txt,2436,459753.000,GLONASS,73,45.0,20.0,32.0,是
0703002-0918-15-42-gnss_raw.txt,2436,459753.000,GLONASS,74,61.0,286.0,28.0,是
0703002-0918-15-42-gnss_raw.txt,2436,459753.000,GLONASS,90,0.0,0.0,35.0,是
0703002-0918-15-42-gnss_raw.txt,2436,459753.000,Galileo,19,53.0,329.0,27.0,是
0703002-0918-15-42-gnss_raw.txt,2436,459753.000,Galileo,21,75.0,185.0,32.0,是
0703002-0918-15-42-gnss_raw.txt,2436,459753.000,Galileo,27,0.0,0.0,31.0,是
0703002-0918-15-42-gnss_raw.txt,2436,459753.000,QZSS,2,57.0,125.0,30.0,是
0703002-0918-15-42-gnss_raw.txt,2436,459753.000,QZSS,7,53.0,169.0,23.0,是
0703002-0918-15-42-gnss_raw.txt,2436,459753.000,BDS,7,63.0,340.0,29.0,是
0703002-0918-15-42-gnss_raw.txt,2436,459753.000,BDS,10,62.0,318.0,27.0,是
0703002-0918-15-42-gnss_raw.txt,2436,459753.000,BDS,19,31.0,160.0,24.0,是
0703002-0918-15-42-gnss_raw.txt,2436,459753.000,BDS,21,34.0,316.0,28.0,是
0703002-0918-15-42-gnss_raw.txt,2436,459753.000,BDS,22,74.0,232.0,31.0,是
0703002-0918-15-42-gnss_raw.txt,2436,459753.000,BDS,36,59.0,23.0,31.0,是
0703002-0918-15-42-gnss_raw.txt,2436,459753.000,BDS,39,54.0,272.0,26.0,是
0703002-0918-15-42-gnss_raw.txt,2436,459754.000,GPS,26,56.0,237.0,30.0,是
0703002-0918-15-42-gnss_raw.txt,2436,459754.000,GPS,28,58.0,15.0,31.0,是
0703002-0918-15-42-gnss_raw.txt,2436,459754.000,GPS,31,52.0,318.0,30.0,是
0703002-0918-15-42-gnss_raw.txt,2436,459754.000,GPS,32,64.0,123.0,33.0,是
0703002-0918-15-42-gnss_raw.txt,2436,459754.000,GLONASS,71,79.0,154.0,32.0,是
0703002-0918-15-42-gnss_raw.txt,2436,459754.000,GLONASS,72,43.0,331.0,37.0,是
0703002-0918-15-42-gnss_raw.txt,2436,459754.000,GLONASS,73,45.0,20.0,32.0,是
0703002-0918-15-42-gnss_raw.txt,2436,459754.000,GLONASS,74,61.0,286.0,28.0,是
0703002-0918-15-42-gnss_raw.txt,2436,459754.000,GLONASS,90,0.0,0.0,34.0,是
0703002-0918-15-42-gnss_raw.txt,2436,459754.000,Galileo,19,53.0,329.0,27.0,是
0703002-0918-15-42-gnss_raw.txt,2436,459754.000,Galileo,21,75.0,185.0,32.0,是
0703002-0918-15-42-gnss_raw.txt,2436,459754.000,Galileo,27,0.0,0.0,28.0,是
0703002-0918-15-42-gnss_raw.txt,2436,459754.000,QZSS,2,57.0,125.0,30.0,是
0703002-0918-15-42-gnss_raw.txt,2436,459754.000,QZSS,7,53.0,169.0,24.0,是
0703002-0918-15-42-gnss_raw.txt,2436,459754.000,BDS,7,63.0,340.0,29.0,是
0703002-0918-15-42-gnss_raw.txt,2436,459754.000,BDS,10,62.0,318.0,27.0,是
0703002-0918-15-42-gnss_raw.txt,2436,459754.000,BDS,19,31.0,160.0,24.0,是
0703002-0918-15-42-gnss_raw.txt,2436,459754.000,BDS,21,34.0,316.0,29.0,是
0703002-0918-15-42-gnss_raw.txt,2436,459754.000,BDS,22,74.0,232.0,31.0,是
0703002-0918-15-42-gnss_raw.txt,2436,459754.000,BDS,36,59.0,23.0,31.0,是
0703002-0918-15-42-gnss_raw.txt,2436,459754.000,BDS,39,54.0,272.0,26.0,是
0703002-0918-15-42-gnss_raw.txt,2436,459755.000,GPS,26,56.0,237.0,30.0,是
0703002-0918-15-42-gnss_raw.txt,2436,459755.000,GPS,28,58.0,15.0,30.0,是
0703002-0918-15-42-gnss_raw.txt,2436,459755.000,GPS,31,52.0,318.0,31.0,是
0703002-0918-15-42-gnss_raw.txt,2436,459755.000,GPS,32,63.0,123.0,33.0,是
0703002-0918-15-42-gnss_raw.txt,2436,459755.000,GLONASS,71,79.0,154.0,33.0,是
0703002-0918-15-42-gnss_raw.txt,2436,459755.000,GLONASS,72,43.0,331.0,37.0,是
0703002-0918-15-42-gnss_raw.txt,2436,459755.000,GLONASS,73,45.0,20.0,32.0,是
0703002-0918-15-42-gnss_raw.txt,2436,459755.000,GLONASS,74,0.0,0.0,29.0,是
0703002-0918-15-42-gnss_raw.txt,2436,459755.000,GLONASS,90,0.0,0.0,35.0,是
0703002-0918-15-42-gnss_raw.txt,2436,459755.000,Galileo,19,53.0,329.0,27.0,是
0703002-0918-15-42-gnss_raw.txt,2436,459755.000,Galileo,21,75.0,185.0,33.0,是
0703002-0918-15-42-gnss_raw.txt,2436,459755.000,Galileo,27,0.0,0.0,29.0,是
0703002-0918-15-42-gnss_raw.txt,2436,459755.000,QZSS,2,57.0,125.0,30.0,是
0703002-0918-15-42-gnss_raw.txt,2436,459755.000,QZSS,7,53.0,169.0,23.0,是
0703002-0918-15-42-gnss_raw.txt,2436,459755.000,BDS,7,63.0,340.0,28.0,是
0703002-0918-15-42-gnss_raw.txt,2436,459755.000,BDS,10,62.0,318.0,27.0,是
0703002-0918-15-42-gnss_raw.txt,2436,459755.000,BDS,19,31.0,160.0,22.0,是
0703002-0918-15-42-gnss_raw.txt,2436,459755.000,BDS,21,34.0,316.0,29.0,是
0703002-0918-15-42-gnss_raw.txt,2436,459755.000,BDS,22,74.0,232.0,30.0,是
0703002-0918-15-42-gnss_raw.txt,2436,459755.000,BDS,36,59.0,23.0,31.0,是
0703002-0918-15-42-gnss_raw.txt,2436,459755.000,BDS,39,54.0,272.0,26.0,是
0703002-0918-15-42-gnss_raw.txt,2436,459756.000,GPS,26,56.0,237.0,31.0,是
0703002-0918-15-42-gnss_raw.txt,2436,459756.000,GPS,28,58.0,15.0,31.0,是
0703002-0918-15-42-gnss_raw.txt,2436,459756.000,GPS,31,52.0,318.0,31.0,是
0703002-0918-15-42-gnss_raw.txt,2436,459756.000,GPS,32,63.0,123.0,33.0,是
0703002-0918-15-42-gnss_raw.txt,2436,459756.000,GLONASS,71,79.0,154.0,33.0,是
0703002-0918-15-42-gnss_raw.txt,2436,459756.000,GLONASS,72,43.0,331.0,37.0,是
0703002-0918-15-42-gnss_raw.txt,2436,459756.000,GLONASS,73,45.0,20.0,32.0,是
0703002-0918-15-42-gnss_raw.txt,2436,459756.000,GLONASS,74,61.0,286.0,28.0,是
0703002-0918-15-42-gnss_raw.txt,2436,459756.000,GLONASS,90,0.0,0.0,34.0,是
0703002-0918-15-42-gnss_raw.txt,2436,459756.000,Galileo,19,53.0,329.0,29.0,是
0703002-0918-15-42-gnss_raw.txt,2436,459756.000,Galileo,21,75.0,185.0,32.0,是
0703002-0918-15-42-gnss_raw.txt,2436,459756.000,Galileo,27,0.0,0.0,29.0,是
0703002-0918-15-42-gnss_raw.txt,2436,459756.000,QZSS,2,57.0,125.0,31.0,是
0703002-0918-15-42-gnss_raw.txt,2436,459756.000,QZSS,7,53.0,169.0,23.0,是
0703002-0918-15-42-gnss_raw.txt,2436,459756.000,BDS,7,63.0,340.0,28.0,是
0703002-0918-15-42-gnss_raw.txt,2436,459756.000,BDS,10,62.0,318.0,27.0,是
0703002-0918-15-42-gnss_raw.txt,2436,459756.000,BDS,19,31.0,160.0,20.0,是
0703002-0918-15-42-gnss_raw.txt,2436,459756.000,BDS,21,34.0,316.0,30.0,是
0703002-0918-15-42-gnss_raw.txt,2436,459756.000,BDS,22,74.0,232.0,31.0,是
0703002-0918-15-42-gnss_raw.txt,2436,459756.000,BDS,36,59.0,23.0,31.0,是
0703002-0918-15-42-gnss_raw.txt,2436,459756.000,BDS,39,54.0,272.0,28.0,是
0703002-0918-15-42-gnss_raw.txt,2436,459757.000,GPS,26,57.0,237.0,32.0,是
0703002-0918-15-42-gnss_raw.txt,2436,459757.000,GPS,28,58.0,15.0,31.0,是
0703002-0918-15-42-gnss_raw.txt,2436,459757.000,GPS,31,52.0,318.0,32.0,是
0703002-0918-15-42-gnss_raw.txt,2436,459757.000,GPS,32,63.0,123.0,34.0,是
0703002-0918-15-42-gnss_raw.txt,2436,459757.000,GLONASS,71,79.0,154.0,32.0,是
0703002-0918-15-42-gnss_raw.txt,2436,459757.000,GLONASS,72,43.0,331.0,36.0,是
0703002-0918-15-42-gnss_raw.txt,2436,459757.000,GLONASS,73,45.0,20.0,31.0,是
0703002-0918-15-42-gnss_raw.txt,2436,459757.000,GLONASS,74,61.0,286.0,29.0,是
0703002-0918-15-42-gnss_raw.txt,2436,459757.000,GLONASS,90,0.0,0.0,34.0,是
0703002-0918-15-42-gnss_raw.txt,2436,459757.000,Galileo,19,53.0,329.0,29.0,是
0703002-0918-15-42-gnss_raw.txt,2436,459757.000,Galileo,21,75.0,185.0,33.0,是
0703002-0918-15-42-gnss_raw.txt,2436,459757.000,Galileo,27,0.0,0.0,31.0,是
0703002-0918-15-42-gnss_raw.txt,2436,459757.000,QZSS,2,57.0,125.0,30.0,是
0703002-0918-15-42-gnss_raw.txt,2436,459757.000,QZSS,7,53.0,169.0,24.0,是
0703002-0918-15-42-gnss_raw.txt,2436,459757.000,BDS,7,63.0,340.0,28.0,是
0703002-0918-15-42-gnss_raw.txt,2436,459757.000,BDS,10,62.0,318.0,28.0,是
0703002-0918-15-42-gnss_raw.txt,2436,459757.000,BDS,19,31.0,160.0,18.0,是
0703002-0918-15-42-gnss_raw.txt,2436,459757.000,BDS,21,34.0,316.0,28.0,是
0703002-0918-15-42-gnss_raw.txt,2436,459757.000,BDS,22,74.0,232.0,30.0,是
0703002-0918-15-42-gnss_raw.txt,2436,459757.000,BDS,36,59.0,23.0,32.0,是
0703002-0918-15-42-gnss_raw.txt,2436,459757.000,BDS,39,54.0,272.0,29.0,是
0703002-0918-15-42-gnss_raw.txt,2436,459758.000,GPS,26,57.0,237.0,32.0,是
0703002-0918-15-42-gnss_raw.txt,2436,459758.000,GPS,28,58.0,15.0,31.0,是
0703002-0918-15-42-gnss_raw.txt,2436,459758.000,GPS,31,52.0,318.0,32.0,是
0703002-0918-15-42-gnss_raw.txt,2436,459758.000,GPS,32,63.0,123.0,33.0,是
0703002-0918-15-42-gnss_raw.txt,2436,459758.000,GLONASS,71,79.0,154.0,33.0,是
0703002-0918-15-42-gnss_raw.txt,2436,459758.000,GLONASS,72,43.0,331.0,36.0,是
0703002-0918-15-42-gnss_raw.txt,2436,459758.000,GLONASS,73,45.0,20.0,32.0,是
0703002-0918-15-42-gnss_raw.txt,2436,459758.000,GLONASS,74,61.0,286.0,28.0,是
0703002-0918-15-42-gnss_raw.txt,2436,459758.000,GLONASS,90,0.0,0.0,34.0,是
0703002-0918-15-42-gnss_raw.txt,2436,459758.000,Galileo,19,53.0,329.0,29.0,是
0703002-0918-15-42-gnss_raw.txt,2436,459758.000,Galileo,21,75.0,185.0,33.0,是
0703002-0918-15-42-gnss_raw.txt,2436,459758.000,Galileo,27,0.0,0.0,30.0,是
0703002-0918-15-42-gnss_raw.txt,2436,459758.000,QZSS,2,57.0,125.0,30.0,是
0703002-0918-15-42-gnss_raw.txt,2436,459758.000,QZSS,7,53.0,169.0,25.0,是
0703002-0918-15-42-gnss_raw.txt,2436,459758.000,BDS,7,63.0,340.0,29.0,是
0703002-0918-15-42-gnss_raw.txt,2436,459758.000,BDS,10,62.0,318.0,28.0,是
0703002-0918-15-42-gnss_raw.txt,2436,459758.000,BDS,19,31.0,160.0,19.0,是
0703002-0918-15-42-gnss_raw.txt,2436,459758.000,BDS,21,34.0,316.0,28.0,是
0703002-0918-15-42-gnss_raw.txt,2436,459758.000,BDS,22,74.0,232.0,30.0,是
0703002-0918-15-42-gnss_raw.txt,2436,459758.000,BDS,36,59.0,23.0,32.0,是
0703002-0918-15-42-gnss_raw.txt,2436,459758.000,BDS,39,54.0,272.0,28.0,是
0703002-0918-15-42-gnss_raw.txt,2436,459759.000,GPS,26,57.0,237.0,32.0,是
0703002-0918-15-42-gnss_raw.txt,2436,459759.000,GPS,28,58.0,15.0,30.0,是
0703002-0918-15-42-gnss_raw.txt,2436,459759.000,GPS,31,52.0,318.0,32.0,是
0703002-0918-15-42-gnss_raw.txt,2436,459759.000,GPS,32,63.0,123.0,32.0,是
0703002-0918-15-42-gnss_raw.txt,2436,459759.000,GLONASS,71,79.0,154.0,32.0,是
0703002-0918-15-42-gnss_raw.txt,2436,459759.000,GLONASS,72,43.0,331.0,36.0,是
0703002-0918-15-42-gnss_raw.txt,2436,459759.000,GLONASS,73,45.0,20.0,32.0,是
0703002-0918-15-42-gnss_raw.txt,2436,459759.000,GLONASS,74,61.0,286.0,28.0,是
0703002-0918-15-42-gnss_raw.txt,2436,459759.000,GLONASS,90,0.0,0.0,34.0,是
0703002-0918-15-42-gnss_raw.txt,2436,459759.000,Galileo,19,53.0,329.0,28.0,是
0703002-0918-15-42-gnss_raw.txt,2436,459759.000,Galileo,21,75.0,185.0,32.0,是
0703002-0918-15-42-gnss_raw.txt,2436,459759.000,Galileo,27,0.0,0.0,30.0,是
0703002-0918-15-42-gnss_raw.txt,2436,459759.000,QZSS,2,57.0,125.0,28.0,是
0703002-0918-15-42-gnss_raw.txt,2436,459759.000,QZSS,7,53.0,169.0,26.0,是
0703002-0918-15-42-gnss_raw.txt,2436,459759.000,BDS,7,63.0,340.0,29.0,是
0703002-0918-15-42-gnss_raw.txt,2436,459759.000,BDS,10,62.0,318.0,27.0,是
0703002-0918-15-42-gnss_raw.txt,2436,459759.000,BDS,19,31.0,160.0,21.0,是
0703002-0918-15-42-gnss_raw.txt,2436,459759.000,BDS,21,0.0,0.0,26.0,是
0703002-0918-15-42-gnss_raw.txt,2436,459759.000,BDS,22,74.0,232.0,30.0,是
0703002-0918-15-42-gnss_raw.txt,2436,459759.000,BDS,36,59.0,23.0,31.0,是
0703002-0918-15-42-gnss_raw.txt,2436,459759.000,BDS,39,54.0,272.0,28.0,是
0703002-0918-15-42-gnss_raw.txt,2436,459760.000,GPS,26,57.0,237.0,32.0,是
0703002-0918-15-42-gnss_raw.txt,2436,459760.000,GPS,28,58.0,15.0,29.0,是
0703002-0918-15-42-gnss_raw.txt,2436,459760.000,GPS,31,52.0,318.0,32.0,是
0703002-0918-15-42-gnss_raw.txt,2436,459760.000,GPS,32,63.0,123.0,31.0,是
0703002-0918-15-42-gnss_raw.txt,2436,459760.000,GLONASS,71,79.0,154.0,30.0,是
0703002-0918-15-42-gnss_raw.txt,2436,459760.000,GLONASS,72,43.0,331.0,35.0,是
0703002-0918-15-42-gnss_raw.txt,2436,459760.000,GLONASS,73,45.0,20.0,31.0,是
0703002-0918-15-42-gnss_raw.txt,2436,459760.000,GLONASS,74,61.0,286.0,29.0,是
0703002-0918-15-42-gnss_raw.txt,2436,459760.000,GLONASS,90,0.0,0.0,33.0,是
0703002-0918-15-42-gnss_raw.txt,2436,459760.000,Galileo,19,53.0,329.0,28.0,是
0703002-0918-15-42-gnss_raw.txt,2436,459760.000,Galileo,21,75.0,185.0,33.0,是
0703002-0918-15-42-gnss_raw.txt,2436,459760.000,Galileo,27,0.0,0.0,30.0,是
0703002-0918-15-42-gnss_raw.txt,2436,459760.000,QZSS,2,57.0,125.0,29.0,是
0703002-0918-15-42-gnss_raw.txt,2436,459760.000,QZSS,7,53.0,169.0,25.0,是
0703002-0918-15-42-gnss_raw.txt,2436,459760.000,BDS,7,63.0,340.0,29.0,是
0703002-0918-15-42-gnss_raw.txt,2436,459760.000,BDS,10,62.0,318.0,27.0,是
0703002-0918-15-42-gnss_raw.txt,2436,459760.000,BDS,19,31.0,160.0,20.0,是
0703002-0918-15-42-gnss_raw.txt,2436,459760.000,BDS,21,0.0,0.0,25.0,是
0703002-0918-15-42-gnss_raw.txt,2436,459760.000,BDS,22,74.0,232.0,31.0,是
0703002-0918-15-42-gnss_raw.txt,2436,459760.000,BDS,36,59.0,23.0,29.0,是
0703002-0918-15-42-gnss_raw.txt,2436,459760.000,BDS,39,54.0,272.0,28.0,是
0703002-0918-15-42-gnss_raw.txt,2436,459761.000,GPS,26,57.0,237.0,32.0,是
0703002-0918-15-42-gnss_raw.txt,2436,459761.000,GPS,28,58.0,15.0,28.0,是
0703002-0918-15-42-gnss_raw.txt,2436,459761.000,GPS,31,52.0,318.0,31.0,是
0703002-0918-15-42-gnss_raw.txt,2436,459761.000,GPS,32,63.0,123.0,32.0,是
0703002-0918-15-42-gnss_raw.txt,2436,459761.000,GLONASS,71,79.0,154.0,30.0,是
0703002-0918-15-42-gnss_raw.txt,2436,459761.000,GLONASS,72,43.0,331.0,35.0,是
0703002-0918-15-42-gnss_raw.txt,2436,459761.000,GLONASS,73,45.0,20.0,32.0,是
0703002-0918-15-42-gnss_raw.txt,2436,459761.000,GLONASS,74,61.0,286.0,29.0,是
0703002-0918-15-42-gnss_raw.txt,2436,459761.000,GLONASS,90,0.0,0.0,34.0,是
0703002-0918-15-42-gnss_raw.txt,2436,459761.000,Galileo,19,53.0,329.0,27.0,是
0703002-0918-15-42-gnss_raw.txt,2436,459761.000,Galileo,21,75.0,185.0,32.0,是
0703002-0918-15-42-gnss_raw.txt,2436,459761.000,Galileo,27,0.0,0.0,27.0,是
0703002-0918-15-42-gnss_raw.txt,2436,459761.000,QZSS,2,57.0,125.0,29.0,是
0703002-0918-15-42-gnss_raw.txt,2436,459761.000,QZSS,7,53.0,169.0,23.0,是
0703002-0918-15-42-gnss_raw.txt,2436,459761.000,BDS,7,63.0,340.0,29.0,是
0703002-0918-15-42-gnss_raw.txt,2436,459761.000,BDS,10,62.0,318.0,27.0,是
0703002-0918-15-42-gnss_raw.txt,2436,459761.000,BDS,19,31.0,160.0,19.0,是
0703002-0918-15-42-gnss_raw.txt,2436,459761.000,BDS,21,0.0,0.0,26.0,是
0703002-0918-15-42-gnss_raw.txt,2436,459761.000,BDS,22,74.0,232.0,31.0,是
0703002-0918-15-42-gnss_raw.txt,2436,459761.000,BDS,36,59.0,24.0,27.0,是
0703002-0918-15-42-gnss_raw.txt,2436,459761.000,BDS,39,54.0,272.0,28.0,是
0703002-0918-15-42-gnss_raw.txt,2436,459762.000,GPS,26,57.0,237.0,31.0,是
0703002-0918-15-42-gnss_raw.txt,2436,459762.000,GPS,28,58.0,15.0,28.0,是
0703002-0918-15-42-gnss_raw.txt,2436,459762.000,GPS,31,52.0,318.0,30.0,是
0703002-0918-15-42-gnss_raw.txt,2436,459762.000,GPS,32,63.0,123.0,32.0,是
0703002-0918-15-42-gnss_raw.txt,2436,459762.000,GLONASS,71,79.0,154.0,30.0,是
0703002-0918-15-42-gnss_raw.txt,2436,459762.000,GLONASS,72,43.0,331.0,36.0,是
0703002-0918-15-42-gnss_raw.txt,2436,459762.000,GLONASS,73,45.0,20.0,30.0,是
0703002-0918-15-42-gnss_raw.txt,2436,459762.000,GLONASS,74,61.0,286.0,30.0,是
0703002-0918-15-42-gnss_raw.txt,2436,459762.000,GLONASS,90,0.0,0.0,35.0,是
0703002-0918-15-42-gnss_raw.txt,2436,459762.000,Galileo,19,53.0,329.0,28.0,是
0703002-0918-15-42-gnss_raw.txt,2436,459762.000,Galileo,21,75.0,185.0,31.0,是
0703002-0918-15-42-gnss_raw.txt,2436,459762.000,Galileo,27,0.0,0.0,27.0,是
0703002-0918-15-42-gnss_raw.txt,2436,459762.000,QZSS,2,57.0,125.0,29.0,是
0703002-0918-15-42-gnss_raw.txt,2436,459762.000,QZSS,7,53.0,169.0,21.0,是
0703002-0918-15-42-gnss_raw.txt,2436,459762.000,BDS,7,63.0,340.0,28.0,是
0703002-0918-15-42-gnss_raw.txt,2436,459762.000,BDS,10,62.0,318.0,28.0,是
0703002-0918-15-42-gnss_raw.txt,2436,459762.000,BDS,19,31.0,160.0,30.0,是
0703002-0918-15-42-gnss_raw.txt,2436,459762.000,BDS,21,35.0,316.0,26.0,是
0703002-0918-15-42-gnss_raw.txt,2436,459762.000,BDS,22,74.0,232.0,32.0,是
0703002-0918-15-42-gnss_raw.txt,2436,459762.000,BDS,36,59.0,24.0,27.0,是
0703002-0918-15-42-gnss_raw.txt,2436,459762.000,BDS,39,54.0,272.0,29.0,是
0703002-0918-15-42-gnss_raw.txt,2436,459763.000,GPS,26,57.0,237.0,31.0,是
0703002-0918-15-42-gnss_raw.txt,2436,459763.000,GPS,28,58.0,15.0,27.0,是
0703002-0918-15-42-gnss_raw.txt,2436,459763.000,GPS,31,52.0,318.0,30.0,是
0703002-0918-15-42-gnss_raw.txt,2436,459763.000,GPS,32,63.0,123.0,32.0,是
0703002-0918-15-42-gnss_raw.txt,2436,459763.000,GLONASS,71,79.0,154.0,28.0,是
0703002-0918-15-42-gnss_raw.txt,2436,459763.000,GLONASS,72,43.0,331.0,37.0,是
0703002-0918-15-42-gnss_raw.txt,2436,459763.000,GLONASS,73,45.0,20.0,38.0,是
0703002-0918-15-42-gnss_raw.txt,2436,459763.000,GLONASS,74,61.0,286.0,29.0,是
0703002-0918-15-42-gnss_raw.txt,2436,459763.000,GLONASS,90,0.0,0.0,34.0,是
0703002-0918-15-42-gnss_raw.txt,2436,459763.000,Galileo,19,53.0,329.0,27.0,是
0703002-0918-15-42-gnss_raw.txt,2436,459763.000,Galileo,21,75.0,185.0,31.0,是
0703002-0918-15-42-gnss_raw.txt,2436,459763.000,Galileo,27,0.0,0.0,27.0,是
0703002-0918-15-42-gnss_raw.txt,2436,459763.000,QZSS,2,57.0,125.0,29.0,是
0703002-0918-15-42-gnss_raw.txt,2436,459763.000,QZSS,7,53.0,169.0,19.0,是
0703002-0918-15-42-gnss_raw.txt,2436,459763.000,BDS,7,63.0,340.0,28.0,是
0703002-0918-15-42-gnss_raw.txt,2436,459763.000,BDS,10,62.0,318.0,28.0,是
0703002-0918-15-42-gnss_raw.txt,2436,459763.000,BDS,19,30.0,160.0,33.0,是
0703002-0918-15-42-gnss_raw.txt,2436,459763.000,BDS,21,35.0,316.0,27.0,是
0703002-0918-15-42-gnss_raw.txt,2436,459763.000,BDS,22,74.0,232.0,32.0,是
0703002-0918-15-42-gnss_raw.txt,2436,459763.000,BDS,36,59.0,24.0,26.0,是
0703002-0918-15-42-gnss_raw.txt,2436,459763.000,BDS,39,54.0,272.0,29.0,是
0703002-0918-15-42-gnss_raw.txt,2436,459764.000,GPS,26,57.0,237.0,31.0,是
0703002-0918-15-42-gnss_raw.txt,2436,459764.000,GPS,28,58.0,15.0,27.0,是
0703002-0918-15-42-gnss_raw.txt,2436,459764.000,GPS,31,52.0,318.0,31.0,是
0703002-0918-15-42-gnss_raw.txt,2436,459764.000,GPS,32,63.0,123.0,32.0,是
0703002-0918-15-42-gnss_raw.txt,2436,459764.000,GLONASS,71,79.0,154.0,27.0,是
0703002-0918-15-42-gnss_raw.txt,2436,459764.000,GLONASS,72,43.0,331.0,38.0,是
0703002-0918-15-42-gnss_raw.txt,2436,459764.000,GLONASS,73,45.0,20.0,32.0,是
0703002-0918-15-42-gnss_raw.txt,2436,459764.000,GLONASS,74,61.0,286.0,29.0,是
0703002-0918-15-42-gnss_raw.txt,2436,459764.000,GLONASS,90,0.0,0.0,34.0,是
0703002-0918-15-42-gnss_raw.txt,2436,459764.000,Galileo,19,53.0,329.0,26.0,是
0703002-0918-15-42-gnss_raw.txt,2436,459764.000,Galileo,21,75.0,185.0,31.0,是
0703002-0918-15-42-gnss_raw.txt,2436,459764.000,Galileo,27,0.0,0.0,28.0,是
0703002-0918-15-42-gnss_raw.txt,2436,459764.000,QZSS,2,57.0,125.0,27.0,是
0703002-0918-15-42-gnss_raw.txt,2436,459764.000,QZSS,7,53.0,169.0,20.0,是
0703002-0918-15-42-gnss_raw.txt,2436,459764.000,BDS,7,63.0,340.0,28.0,是
0703002-0918-15-42-gnss_raw.txt,2436,459764.000,BDS,10,62.0,318.0,28.0,是
0703002-0918-15-42-gnss_raw.txt,2436,459764.000,BDS,19,30.0,160.0,30.0,是
0703002-0918-15-42-gnss_raw.txt,2436,459764.000,BDS,21,35.0,316.0,28.0,是
0703002-0918-15-42-gnss_raw.txt,2436,459764.000,BDS,22,74.0,232.0,32.0,是
0703002-0918-15-42-gnss_raw.txt,2436,459764.000,BDS,36,59.0,24.0,26.0,是
0703002-0918-15-42-gnss_raw.txt,2436,459764.000,BDS,39,54.0,272.0,30.0,是
0703002-0918-15-42-gnss_raw.txt,2436,459765.000,GPS,26,57.0,237.0,31.0,是
0703002-0918-15-42-gnss_raw.txt,2436,459765.000,GPS,28,58.0,15.0,22.0,是
0703002-0918-15-42-gnss_raw.txt,2436,459765.000,GPS,31,52.0,318.0,31.0,是
0703002-0918-15-42-gnss_raw.txt,2436,459765.000,GPS,32,63.0,123.0,32.0,是
0703002-0918-15-42-gnss_raw.txt,2436,459765.000,GLONASS,71,79.0,154.0,28.0,是
0703002-0918-15-42-gnss_raw.txt,2436,459765.000,GLONASS,72,43.0,331.0,38.0,是
0703002-0918-15-42-gnss_raw.txt,2436,459765.000,GLONASS,73,45.0,20.0,26.0,是
0703002-0918-15-42-gnss_raw.txt,2436,459765.000,GLONASS,74,61.0,286.0,30.0,是
0703002-0918-15-42-gnss_raw.txt,2436,459765.000,GLONASS,90,0.0,0.0,34.0,是
0703002-0918-15-42-gnss_raw.txt,2436,459765.000,Galileo,19,53.0,329.0,28.0,是
0703002-0918-15-42-gnss_raw.txt,2436,459765.000,Galileo,21,75.0,185.0,32.0,是
0703002-0918-15-42-gnss_raw.txt,2436,459765.000,Galileo,27,0.0,0.0,30.0,是
0703002-0918-15-42-gnss_raw.txt,2436,459765.000,QZSS,2,57.0,125.0,27.0,是
0703002-0918-15-42-gnss_raw.txt,2436,459765.000,QZSS,7,53.0,169.0,20.0,是
0703002-0918-15-42-gnss_raw.txt,2436,459765.000,BDS,7,63.0,340.0,27.0,是
0703002-0918-15-42-gnss_raw.txt,2436,459765.000,BDS,10,62.0,318.0,28.0,是
0703002-0918-15-42-gnss_raw.txt,2436,459765.000,BDS,19,30.0,160.0,32.0,是
0703002-0918-15-42-gnss_raw.txt,2436,459765.000,BDS,21,35.0,316.0,27.0,是
0703002-0918-15-42-gnss_raw.txt,2436,459765.000,BDS,22,74.0,232.0,31.0,是
0703002-0918-15-42-gnss_raw.txt,2436,459765.000,BDS,36,59.0,24.0,25.0,是
0703002-0918-15-42-gnss_raw.txt,2436,459765.000,BDS,39,54.0,272.0,30.0,是
0703002-0918-15-42-gnss_raw.txt,2436,459766.000,GPS,26,57.0,237.0,29.0,是
0703002-0918-15-42-gnss_raw.txt,2436,459766.000,GPS,28,58.0,15.0,24.0,是
0703002-0918-15-42-gnss_raw.txt,2436,459766.000,GPS,31,52.0,319.0,31.0,是
0703002-0918-15-42-gnss_raw.txt,2436,459766.000,GPS,32,63.0,123.0,32.0,是
0703002-0918-15-42-gnss_raw.txt,2436,459766.000,GLONASS,71,79.0,154.0,26.0,是
0703002-0918-15-42-gnss_raw.txt,2436,459766.000,GLONASS,72,43.0,331.0,38.0,是
0703002-0918-15-42-gnss_raw.txt,2436,459766.000,GLONASS,73,45.0,20.0,27.0,是
0703002-0918-15-42-gnss_raw.txt,2436,459766.000,GLONASS,74,61.0,286.0,31.0,是
0703002-0918-15-42-gnss_raw.txt,2436,459766.000,GLONASS,90,0.0,0.0,34.0,是
0703002-0918-15-42-gnss_raw.txt,2436,459766.000,Galileo,19,53.0,329.0,25.0,是
0703002-0918-15-42-gnss_raw.txt,2436,459766.000,Galileo,21,75.0,185.0,29.0,是
0703002-0918-15-42-gnss_raw.txt,2436,459766.000,Galileo,27,0.0,0.0,30.0,是
0703002-0918-15-42-gnss_raw.txt,2436,459766.000,QZSS,2,57.0,125.0,26.0,是
0703002-0918-15-42-gnss_raw.txt,2436,459766.000,QZSS,7,53.0,169.0,20.0,是
0703002-0918-15-42-gnss_raw.txt,2436,459766.000,BDS,7,63.0,340.0,26.0,是
0703002-0918-15-42-gnss_raw.txt,2436,459766.000,BDS,10,62.0,318.0,28.0,是
0703002-0918-15-42-gnss_raw.txt,2436,459766.000,BDS,19,30.0,160.0,32.0,是
0703002-0918-15-42-gnss_raw.txt,2436,459766.000,BDS,21,35.0,316.0,27.0,是
0703002-0918-15-42-gnss_raw.txt,2436,459766.000,BDS,22,74.0,232.0,31.0,是
0703002-0918-15-42-gnss_raw.txt,2436,459766.000,BDS,36,59.0,24.0,25.0,是
0703002-0918-15-42-gnss_raw.txt,2436,459766.000,BDS,39,54.0,272.0,30.0,是
0703002-0918-15-42-gnss_raw.txt,2436,459767.000,GPS,26,57.0,237.0,30.0,是
0703002-0918-15-42-gnss_raw.txt,2436,459767.000,GPS,28,58.0,15.0,25.0,是
0703002-0918-15-42-gnss_raw.txt,2436,459767.000,GPS,31,52.0,319.0,31.0,是
0703002-0918-15-42-gnss_raw.txt,2436,459767.000,GPS,32,63.0,123.0,30.0,是
0703002-0918-15-42-gnss_raw.txt,2436,459767.000,GLONASS,71,79.0,154.0,29.0,是
0703002-0918-15-42-gnss_raw.txt,2436,459767.000,GLONASS,72,43.0,331.0,38.0,是
0703002-0918-15-42-gnss_raw.txt,2436,459767.000,GLONASS,73,45.0,20.0,28.0,是
0703002-0918-15-42-gnss_raw.txt,2436,459767.000,GLONASS,74,61.0,286.0,31.0,是
0703002-0918-15-42-gnss_raw.txt,2436,459767.000,GLONASS,90,0.0,0.0,32.0,是
0703002-0918-15-42-gnss_raw.txt,2436,459767.000,Galileo,19,53.0,329.0,26.0,是
0703002-0918-15-42-gnss_raw.txt,2436,459767.000,Galileo,21,75.0,185.0,30.0,是
0703002-0918-15-42-gnss_raw.txt,2436,459767.000,Galileo,27,0.0,0.0,31.0,是
0703002-0918-15-42-gnss_raw.txt,2436,459767.000,QZSS,2,57.0,125.0,26.0,是
0703002-0918-15-42-gnss_raw.txt,2436,459767.000,QZSS,7,53.0,169.0,22.0,是
0703002-0918-15-42-gnss_raw.txt,2436,459767.000,BDS,7,63.0,340.0,26.0,是
0703002-0918-15-42-gnss_raw.txt,2436,459767.000,BDS,10,62.0,318.0,28.0,是
0703002-0918-15-42-gnss_raw.txt,2436,459767.000,BDS,19,30.0,160.0,31.0,是
0703002-0918-15-42-gnss_raw.txt,2436,459767.000,BDS,21,35.0,316.0,26.0,是
0703002-0918-15-42-gnss_raw.txt,2436,459767.000,BDS,22,74.0,232.0,30.0,是
0703002-0918-15-42-gnss_raw.txt,2436,459767.000,BDS,36,59.0,24.0,24.0,是
0703002-0918-15-42-gnss_raw.txt,2436,459767.000,BDS,39,54.0,272.0,29.0,是
0703002-0918-15-42-gnss_raw.txt,2436,459768.000,GPS,26,57.0,237.0,32.0,是
0703002-0918-15-42-gnss_raw.txt,2436,459768.000,GPS,28,58.0,15.0,26.0,是
0703002-0918-15-42-gnss_raw.txt,2436,459768.000,GPS,31,52.0,319.0,30.0,是
0703002-0918-15-42-gnss_raw.txt,2436,459768.000,GPS,32,63.0,123.0,29.0,是
0703002-0918-15-42-gnss_raw.txt,2436,459768.000,GLONASS,71,79.0,154.0,30.0,是
0703002-0918-15-42-gnss_raw.txt,2436,459768.000,GLONASS,72,43.0,331.0,35.0,是
0703002-0918-15-42-gnss_raw.txt,2436,459768.000,GLONASS,73,45.0,20.0,30.0,是
0703002-0918-15-42-gnss_raw.txt,2436,459768.000,GLONASS,74,61.0,286.0,28.0,是
0703002-0918-15-42-gnss_raw.txt,2436,459768.000,GLONASS,90,0.0,0.0,34.0,是
0703002-0918-15-42-gnss_raw.txt,2436,459768.000,Galileo,19,53.0,329.0,28.0,是
0703002-0918-15-42-gnss_raw.txt,2436,459768.000,Galileo,21,75.0,185.0,28.0,是
0703002-0918-15-42-gnss_raw.txt,2436,459768.000,Galileo,27,0.0,0.0,31.0,是
0703002-0918-15-42-gnss_raw.txt,2436,459768.000,QZSS,2,57.0,125.0,26.0,是
0703002-0918-15-42-gnss_raw.txt,2436,459768.000,QZSS,7,53.0,169.0,20.0,是
0703002-0918-15-42-gnss_raw.txt,2436,459768.000,BDS,7,63.0,340.0,27.0,是
0703002-0918-15-42-gnss_raw.txt,2436,459768.000,BDS,10,62.0,318.0,27.0,是
0703002-0918-15-42-gnss_raw.txt,2436,459768.000,BDS,19,30.0,160.0,32.0,是
0703002-0918-15-42-gnss_raw.txt,2436,459768.000,BDS,21,35.0,316.0,26.0,是
0703002-0918-15-42-gnss_raw.txt,2436,459768.000,BDS,22,74.0,232.0,29.0,是
0703002-0918-15-42-gnss_raw.txt,2436,459768.000,BDS,36,59.0,24.0,26.0,是
0703002-0918-15-42-gnss_raw.txt,2436,459768.000,BDS,39,54.0,272.0,27.0,是
0703002-0918-15-42-gnss_raw.txt,2436,459769.000,GPS,26,57.0,237.0,32.0,是
0703002-0918-15-42-gnss_raw.txt,2436,459769.000,GPS,28,58.0,15.0,27.0,是
0703002-0918-15-42-gnss_raw.txt,2436,459769.000,GPS,31,52.0,319.0,30.0,是
0703002-0918-15-42-gnss_raw.txt,2436,459769.000,GPS,32,63.0,123.0,29.0,是
0703002-0918-15-42-gnss_raw.txt,2436,459769.000,GLONASS,71,79.0,154.0,31.0,是
0703002-0918-15-42-gnss_raw.txt,2436,459769.000,GLONASS,72,43.0,331.0,35.0,是
0703002-0918-15-42-gnss_raw.txt,2436,459769.000,GLONASS,73,44.0,20.0,30.0,是
0703002-0918-15-42-gnss_raw.txt,2436,459769.000,GLONASS,74,61.0,286.0,27.0,是
0703002-0918-15-42-gnss_raw.txt,2436,459769.000,GLONASS,90,0.0,0.0,33.0,是
0703002-0918-15-42-gnss_raw.txt,2436,459769.000,Galileo,19,0.0,0.0,28.0,是
0703002-0918-15-42-gnss_raw.txt,2436,459769.000,Galileo,21,75.0,185.0,29.0,是
0703002-0918-15-42-gnss_raw.txt,2436,459769.000,Galileo,27,0.0,0.0,30.0,是
0703002-0918-15-42-gnss_raw.txt,2436,459769.000,QZSS,2,57.0,125.0,27.0,是
0703002-0918-15-42-gnss_raw.txt,2436,459769.000,QZSS,7,53.0,169.0,19.0,是
0703002-0918-15-42-gnss_raw.txt,2436,459769.000,BDS,7,63.0,340.0,27.0,是
0703002-0918-15-42-gnss_raw.txt,2436,459769.000,BDS,10,62.0,318.0,25.0,是
0703002-0918-15-42-gnss_raw.txt,2436,459769.000,BDS,19,30.0,160.0,32.0,是
0703002-0918-15-42-gnss_raw.txt,2436,459769.000,BDS,21,0.0,0.0,26.0,是
0703002-0918-15-42-gnss_raw.txt,2436,459769.000,BDS,22,74.0,232.0,29.0,是
0703002-0918-15-42-gnss_raw.txt,2436,459769.000,BDS,36,59.0,24.0,28.0,是
0703002-0918-15-42-gnss_raw.txt,2436,459769.000,BDS,39,54.0,272.0,27.0,是
0703002-0918-15-42-gnss_raw.txt,2436,459770.000,GPS,26,57.0,237.0,32.0,是
0703002-0918-15-42-gnss_raw.txt,2436,459770.000,GPS,28,58.0,15.0,27.0,是
0703002-0918-15-42-gnss_raw.txt,2436,459770.000,GPS,31,52.0,319.0,29.0,是
0703002-0918-15-42-gnss_raw.txt,2436,459770.000,GPS,32,63.0,123.0,28.0,是
0703002-0918-15-42-gnss_raw.txt,2436,459770.000,GLONASS,71,79.0,154.0,29.0,是
0703002-0918-15-42-gnss_raw.txt,2436,459770.000,GLONASS,72,43.0,331.0,36.0,是
0703002-0918-15-42-gnss_raw.txt,2436,459770.000,GLONASS,73,44.0,20.0,29.0,是
0703002-0918-15-42-gnss_raw.txt,2436,459770.000,GLONASS,74,61.0,286.0,29.0,是
0703002-0918-15-42-gnss_raw.txt,2436,459770.000,GLONASS,90,0.0,0.0,34.0,是
0703002-0918-15-42-gnss_raw.txt,2436,459770.000,Galileo,19,53.0,329.0,25.0,是
0703002-0918-15-42-gnss_raw.txt,2436,459770.000,Galileo,21,75.0,185.0,30.0,是
0703002-0918-15-42-gnss_raw.txt,2436,459770.000,Galileo,27,0.0,0.0,30.0,是
0703002-0918-15-42-gnss_raw.txt,2436,459770.000,QZSS,2,57.0,125.0,25.0,是
0703002-0918-15-42-gnss_raw.txt,2436,459770.000,QZSS,7,53.0,169.0,19.0,是
0703002-0918-15-42-gnss_raw.txt,2436,459770.000,BDS,7,63.0,340.0,25.0,是
0703002-0918-15-42-gnss_raw.txt,2436,459770.000,BDS,10,62.0,318.0,25.0,是
0703002-0918-15-42-gnss_raw.txt,2436,459770.000,BDS,19,0.0,0.0,24.0,是
0703002-0918-15-42-gnss_raw.txt,2436,459770.000,BDS,21,35.0,316.0,28.0,是
0703002-0918-15-42-gnss_raw.txt,2436,459770.000,BDS,22,74.0,232.0,28.0,是
0703002-0918-15-42-gnss_raw.txt,2436,459770.000,BDS,36,59.0,24.0,26.0,是
0703002-0918-15-42-gnss_raw.txt,2436,459770.000,BDS,39,54.0,272.0,28.0,是
0703002-0918-15-42-gnss_raw.txt,2436,459771.000,GPS,26,57.0,237.0,32.0,是
0703002-0918-15-42-gnss_raw.txt,2436,459771.000,GPS,28,58.0,15.0,25.0,是
0703002-0918-15-42-gnss_raw.txt,2436,459771.000,GPS,31,52.0,319.0,30.0,是
0703002-0918-15-42-gnss_raw.txt,2436,459771.000,GPS,32,63.0,123.0,30.0,是
0703002-0918-15-42-gnss_raw.txt,2436,459771.000,GLONASS,71,79.0,154.0,30.0,是
0703002-0918-15-42-gnss_raw.txt,2436,459771.000,GLONASS,72,43.0,331.0,36.0,是
0703002-0918-15-42-gnss_raw.txt,2436,459771.000,GLONASS,73,44.0,20.0,35.0,是
0703002-0918-15-42-gnss_raw.txt,2436,459771.000,GLONASS,74,61.0,287.0,26.0,是
0703002-0918-15-42-gnss_raw.txt,2436,459771.000,GLONASS,90,0.0,0.0,31.0,是
0703002-0918-15-42-gnss_raw.txt,2436,459771.000,Galileo,19,53.0,329.0,28.0,是
0703002-0918-15-42-gnss_raw.txt,2436,459771.000,Galileo,21,75.0,185.0,32.0,是
0703002-0918-15-42-gnss_raw.txt,2436,459771.000,Galileo,27,0.0,0.0,30.0,是
0703002-0918-15-42-gnss_raw.txt,2436,459771.000,QZSS,2,57.0,125.0,27.0,是
0703002-0918-15-42-gnss_raw.txt,2436,459771.000,QZSS,7,53.0,169.0,20.0,是
0703002-0918-15-42-gnss_raw.txt,2436,459771.000,BDS,7,63.0,340.0,25.0,是
0703002-0918-15-42-gnss_raw.txt,2436,459771.000,BDS,10,62.0,318.0,24.0,是
0703002-0918-15-42-gnss_raw.txt,2436,459771.000,BDS,19,30.0,160.0,18.0,是
0703002-0918-15-42-gnss_raw.txt,2436,459771.000,BDS,21,35.0,316.0,28.0,是
0703002-0918-15-42-gnss_raw.txt,2436,459771.000,BDS,22,74.0,232.0,29.0,是
0703002-0918-15-42-gnss_raw.txt,2436,459771.000,BDS,36,59.0,24.0,26.0,是
0703002-0918-15-42-gnss_raw.txt,2436,459771.000,BDS,39,54.0,272.0,29.0,是
0703002-0918-15-42-gnss_raw.txt,2436,459772.000,GPS,26,57.0,237.0,32.0,是
0703002-0918-15-42-gnss_raw.txt,2436,459772.000,GPS,28,58.0,15.0,26.0,是
0703002-0918-15-42-gnss_raw.txt,2436,459772.000,GPS,31,52.0,319.0,28.0,是
0703002-0918-15-42-gnss_raw.txt,2436,459772.000,GPS,32,63.0,123.0,32.0,是
0703002-0918-15-42-gnss_raw.txt,2436,459772.000,GLONASS,71,79.0,154.0,32.0,是
0703002-0918-15-42-gnss_raw.txt,2436,459772.000,GLONASS,72,43.0,331.0,36.0,是
0703002-0918-15-42-gnss_raw.txt,2436,459772.000,GLONASS,73,44.0,20.0,36.0,是
0703002-0918-15-42-gnss_raw.txt,2436,459772.000,GLONASS,74,61.0,287.0,26.0,是
0703002-0918-15-42-gnss_raw.txt,2436,459772.000,GLONASS,90,0.0,0.0,27.0,是
0703002-0918-15-42-gnss_raw.txt,2436,459772.000,Galileo,19,53.0,329.0,26.0,是
0703002-0918-15-42-gnss_raw.txt,2436,459772.000,Galileo,21,75.0,185.0,32.0,是
0703002-0918-15-42-gnss_raw.txt,2436,459772.000,Galileo,27,0.0,0.0,27.0,是
0703002-0918-15-42-gnss_raw.txt,2436,459772.000,QZSS,2,57.0,125.0,28.0,是
0703002-0918-15-42-gnss_raw.txt,2436,459772.000,QZSS,7,53.0,169.0,19.0,是
0703002-0918-15-42-gnss_raw.txt,2436,459772.000,BDS,7,63.0,340.0,24.0,是
0703002-0918-15-42-gnss_raw.txt,2436,459772.000,BDS,10,62.0,318.0,23.0,是
0703002-0918-15-42-gnss_raw.txt,2436,459772.000,BDS,19,30.0,160.0,17.0,是
0703002-0918-15-42-gnss_raw.txt,2436,459772.000,BDS,21,35.0,316.0,26.0,是
0703002-0918-15-42-gnss_raw.txt,2436,459772.000,BDS,22,74.0,232.0,30.0,是
0703002-0918-15-42-gnss_raw.txt,2436,459772.000,BDS,36,59.0,24.0,25.0,是
0703002-0918-15-42-gnss_raw.txt,2436,459772.000,BDS,39,54.0,272.0,29.0,是
0703002-0918-15-42-gnss_raw.txt,2436,459773.000,GPS,26,57.0,237.0,34.0,是
0703002-0918-15-42-gnss_raw.txt,2436,459773.000,GPS,28,58.0,15.0,29.0,是
0703002-0918-15-42-gnss_raw.txt,2436,459773.000,GPS,31,52.0,319.0,26.0,是
0703002-0918-15-42-gnss_raw.txt,2436,459773.000,GPS,32,63.0,123.0,33.0,是
0703002-0918-15-42-gnss_raw.txt,2436,459773.000,GLONASS,71,79.0,154.0,30.0,是
0703002-0918-15-42-gnss_raw.txt,2436,459773.000,GLONASS,72,43.0,331.0,33.0,是
0703002-0918-15-42-gnss_raw.txt,2436,459773.000,GLONASS,73,44.0,20.0,30.0,是
0703002-0918-15-42-gnss_raw.txt,2436,459773.000,GLONASS,74,61.0,287.0,26.0,是
0703002-0918-15-42-gnss_raw.txt,2436,459773.000,GLONASS,90,0.0,0.0,29.0,是
0703002-0918-15-42-gnss_raw.txt,2436,459773.000,Galileo,19,0.0,0.0,28.0,是
0703002-0918-15-42-gnss_raw.txt,2436,459773.000,Galileo,21,75.0,185.0,33.0,是
0703002-0918-15-42-gnss_raw.txt,2436,459773.000,Galileo,27,0.0,0.0,26.0,是
0703002-0918-15-42-gnss_raw.txt,2436,459773.000,QZSS,2,57.0,125.0,30.0,是
0703002-0918-15-42-gnss_raw.txt,2436,459773.000,QZSS,7,53.0,169.0,21.0,是
0703002-0918-15-42-gnss_raw.txt,2436,459773.000,BDS,7,63.0,340.0,26.0,是
0703002-0918-15-42-gnss_raw.txt,2436,459773.000,BDS,10,62.0,318.0,22.0,是
0703002-0918-15-42-gnss_raw.txt,2436,459773.000,BDS,19,30.0,160.0,27.0,是
0703002-0918-15-42-gnss_raw.txt,2436,459773.000,BDS,21,35.0,316.0,22.0,是
0703002-0918-15-42-gnss_raw.txt,2436,459773.000,BDS,22,74.0,232.0,32.0,是
0703002-0918-15-42-gnss_raw.txt,2436,459773.000,BDS,36,59.0,24.0,27.0,是
0703002-0918-15-42-gnss_raw.txt,2436,459773.000,BDS,39,54.0,272.0,27.0,是
0703002-0918-15-42-gnss_raw.txt,2436,459774.000,GPS,26,57.0,237.0,35.0,是
0703002-0918-15-42-gnss_raw.txt,2436,459774.000,GPS,28,58.0,15.0,30.0,是
0703002-0918-15-42-gnss_raw.txt,2436,459774.000,GPS,31,52.0,319.0,28.0,是
0703002-0918-15-42-gnss_raw.txt,2436,459774.000,GPS,32,63.0,123.0,34.0,是
0703002-0918-15-42-gnss_raw.txt,2436,459774.000,GLONASS,71,79.0,154.0,30.0,是
0703002-0918-15-42-gnss_raw.txt,2436,459774.000,GLONASS,72,43.0,331.0,27.0,是
0703002-0918-15-42-gnss_raw.txt,2436,459774.000,GLONASS,73,44.0,20.0,32.0,是
0703002-0918-15-42-gnss_raw.txt,2436,459774.000,GLONASS,74,61.0,287.0,30.0,是
0703002-0918-15-42-gnss_raw.txt,2436,459774.000,GLONASS,90,0.0,0.0,34.0,是
0703002-0918-15-42-gnss_raw.txt,2436,459774.000,Galileo,19,53.0,329.0,28.0,是
0703002-0918-15-42-gnss_raw.txt,2436,459774.000,Galileo,21,75.0,185.0,29.0,是
0703002-0918-15-42-gnss_raw.txt,2436,459774.000,Galileo,27,0.0,0.0,31.0,是
0703002-0918-15-42-gnss_raw.txt,2436,459774.000,QZSS,2,57.0,125.0,29.0,是
0703002-0918-15-42-gnss_raw.txt,2436,459774.000,QZSS,7,53.0,169.0,21.0,是
0703002-0918-15-42-gnss_raw.txt,2436,459774.000,BDS,7,63.0,340.0,28.0,是
0703002-0918-15-42-gnss_raw.txt,2436,459774.000,BDS,10,62.0,318.0,25.0,是
0703002-0918-15-42-gnss_raw.txt,2436,459774.000,BDS,19,30.0,160.0,24.0,是
0703002-0918-15-42-gnss_raw.txt,2436,459774.000,BDS,21,35.0,316.0,20.0,是
0703002-0918-15-42-gnss_raw.txt,2436,459774.000,BDS,22,74.0,232.0,33.0,是
0703002-0918-15-42-gnss_raw.txt,2436,459774.000,BDS,36,59.0,24.0,30.0,是
0703002-0918-15-42-gnss_raw.txt,2436,459774.000,BDS,39,54.0,272.0,31.0,是
0703002-0918-15-42-gnss_raw.txt,2436,459775.000,GPS,26,57.0,237.0,36.0,是
0703002-0918-15-42-gnss_raw.txt,2436,459775.000,GPS,28,58.0,15.0,30.0,是
0703002-0918-15-42-gnss_raw.txt,2436,459775.000,GPS,31,52.0,319.0,30.0,是
0703002-0918-15-42-gnss_raw.txt,2436,459775.000,GPS,32,63.0,123.0,35.0,是
0703002-0918-15-42-gnss_raw.txt,2436,459775.000,GLONASS,71,79.0,154.0,30.0,是
0703002-0918-15-42-gnss_raw.txt,2436,459775.000,GLONASS,72,43.0,331.0,34.0,是
0703002-0918-15-42-gnss_raw.txt,2436,459775.000,GLONASS,73,44.0,20.0,33.0,是
0703002-0918-15-42-gnss_raw.txt,2436,459775.000,GLONASS,74,61.0,287.0,32.0,是
0703002-0918-15-42-gnss_raw.txt,2436,459775.000,GLONASS,90,0.0,0.0,36.0,是
0703002-0918-15-42-gnss_raw.txt,2436,459775.000,Galileo,19,53.0,329.0,31.0,是
0703002-0918-15-42-gnss_raw.txt,2436,459775.000,Galileo,21,75.0,185.0,30.0,是
0703002-0918-15-42-gnss_raw.txt,2436,459775.000,Galileo,27,0.0,0.0,31.0,是
0703002-0918-15-42-gnss_raw.txt,2436,459775.000,QZSS,2,57.0,125.0,29.0,是
0703002-0918-15-42-gnss_raw.txt,2436,459775.000,QZSS,7,53.0,169.0,20.0,是
0703002-0918-15-42-gnss_raw.txt,2436,459775.000,BDS,7,63.0,340.0,31.0,是
0703002-0918-15-42-gnss_raw.txt,2436,459775.000,BDS,10,62.0,318.0,28.0,是
0703002-0918-15-42-gnss_raw.txt,2436,459775.000,BDS,19,30.0,160.0,23.0,是
0703002-0918-15-42-gnss_raw.txt,2436,459775.000,BDS,21,35.0,316.0,20.0,是
0703002-0918-15-42-gnss_raw.txt,2436,459775.000,BDS,22,74.0,232.0,32.0,是
0703002-0918-15-42-gnss_raw.txt,2436,459775.000,BDS,36,59.0,24.0,31.0,是
0703002-0918-15-42-gnss_raw.txt,2436,459775.000,BDS,39,54.0,272.0,32.0,是
0703002-0918-15-42-gnss_raw.txt,2436,459776.000,GPS,26,57.0,237.0,35.0,是
0703002-0918-15-42-gnss_raw.txt,2436,459776.000,GPS,28,58.0,15.0,30.0,是
0703002-0918-15-42-gnss_raw.txt,2436,459776.000,GPS,31,52.0,319.0,32.0,是
0703002-0918-15-42-gnss_raw.txt,2436,459776.000,GPS,32,63.0,123.0,35.0,是
0703002-0918-15-42-gnss_raw.txt,2436,459776.000,GLONASS,71,79.0,154.0,30.0,是
0703002-0918-15-42-gnss_raw.txt,2436,459776.000,GLONASS,72,43.0,331.0,36.0,是
0703002-0918-15-42-gnss_raw.txt,2436,459776.000,GLONASS,73,44.0,20.0,35.0,是
0703002-0918-15-42-gnss_raw.txt,2436,459776.000,GLONASS,74,61.0,287.0,34.0,是
0703002-0918-15-42-gnss_raw.txt,2436,459776.000,GLONASS,90,0.0,0.0,37.0,是
0703002-0918-15-42-gnss_raw.txt,2436,459776.000,Galileo,19,53.0,329.0,32.0,是
0703002-0918-15-42-gnss_raw.txt,2436,459776.000,Galileo,21,0.0,0.0,27.0,是
0703002-0918-15-42-gnss_raw.txt,2436,459776.000,Galileo,27,0.0,0.0,30.0,是
0703002-0918-15-42-gnss_raw.txt,2436,459776.000,QZSS,2,57.0,125.0,28.0,是
0703002-0918-15-42-gnss_raw.txt,2436,459776.000,QZSS,7,53.0,169.0,20.0,是
0703002-0918-15-42-gnss_raw.txt,2436,459776.000,BDS,2,34.0,241.0,32.0,是
0703002-0918-15-42-gnss_raw.txt,2436,459776.000,BDS,7,63.0,340.0,32.0,是
0703002-0918-15-42-gnss_raw.txt,2436,459776.000,BDS,10,62.0,318.0,30.0,是
0703002-0918-15-42-gnss_raw.txt,2436,459776.000,BDS,19,30.0,160.0,24.0,是
0703002-0918-15-42-gnss_raw.txt,2436,459776.000,BDS,21,0.0,0.0,17.0,是
0703002-0918-15-42-gnss_raw.txt,2436,459776.000,BDS,22,74.0,231.0,31.0,是
0703002-0918-15-42-gnss_raw.txt,2436,459776.000,BDS,36,59.0,24.0,31.0,是
0703002-0918-15-42-gnss_raw.txt,2436,459776.000,BDS,39,54.0,272.0,34.0,是
0703002-0918-15-42-gnss_raw.txt,2436,459777.000,GPS,26,57.0,237.0,35.0,是
0703002-0918-15-42-gnss_raw.txt,2436,459777.000,GPS,28,58.0,15.0,30.0,是
0703002-0918-15-42-gnss_raw.txt,2436,459777.000,GPS,31,52.0,319.0,34.0,是
0703002-0918-15-42-gnss_raw.txt,2436,459777.000,GPS,32,63.0,123.0,35.0,是
0703002-0918-15-42-gnss_raw.txt,2436,459777.000,GLONASS,71,79.0,155.0,30.0,是
0703002-0918-15-42-gnss_raw.txt,2436,459777.000,GLONASS,72,43.0,331.0,36.0,是
0703002-0918-15-42-gnss_raw.txt,2436,459777.000,GLONASS,73,44.0,20.0,36.0,是
0703002-0918-15-42-gnss_raw.txt,2436,459777.000,GLONASS,74,61.0,287.0,34.0,是
0703002-0918-15-42-gnss_raw.txt,2436,459777.000,GLONASS,90,0.0,0.0,38.0,是
0703002-0918-15-42-gnss_raw.txt,2436,459777.000,Galileo,19,53.0,329.0,34.0,是
0703002-0918-15-42-gnss_raw.txt,2436,459777.000,Galileo,21,75.0,185.0,30.0,是
0703002-0918-15-42-gnss_raw.txt,2436,459777.000,Galileo,27,0.0,0.0,31.0,是
0703002-0918-15-42-gnss_raw.txt,2436,459777.000,QZSS,2,57.0,125.0,28.0,是
0703002-0918-15-42-gnss_raw.txt,2436,459777.000,QZSS,7,53.0,169.0,22.0,是
0703002-0918-15-42-gnss_raw.txt,2436,459777.000,BDS,2,34.0,241.0,32.0,是
0703002-0918-15-42-gnss_raw.txt,2436,459777.000,BDS,7,63.0,340.0,33.0,是
0703002-0918-15-42-gnss_raw.txt,2436,459777.000,BDS,10,62.0,318.0,32.0,是
0703002-0918-15-42-gnss_raw.txt,2436,459777.000,BDS,21,0.0,0.0,16.0,是
0703002-0918-15-42-gnss_raw.txt,2436,459777.000,BDS,22,74.0,231.0,31.0,是
0703002-0918-15-42-gnss_raw.txt,2436,459777.000,BDS,36,59.0,24.0,31.0,是
0703002-0918-15-42-gnss_raw.txt,2436,459777.000,BDS,39,54.0,272.0,35.0,是
0703002-0918-15-42-gnss_raw.txt,2436,459778.000,GPS,26,57.0,237.0,35.0,是
0703002-0918-15-42-gnss_raw.txt,2436,459778.000,GPS,28,58.0,15.0,31.0,是
0703002-0918-15-42-gnss_raw.txt,2436,459778.000,GPS,31,52.0,319.0,35.0,是
0703002-0918-15-42-gnss_raw.txt,2436,459778.000,GPS,32,63.0,123.0,35.0,是
0703002-0918-15-42-gnss_raw.txt,2436,459778.000,GLONASS,71,79.0,155.0,30.0,是
0703002-0918-15-42-gnss_raw.txt,2436,459778.000,GLONASS,72,43.0,330.0,35.0,是
0703002-0918-15-42-gnss_raw.txt,2436,459778.000,GLONASS,73,44.0,20.0,34.0,是
0703002-0918-15-42-gnss_raw.txt,2436,459778.000,GLONASS,74,61.0,287.0,34.0,是
0703002-0918-15-42-gnss_raw.txt,2436,459778.000,GLONASS,90,0.0,0.0,38.0,是
0703002-0918-15-42-gnss_raw.txt,2436,459778.000,Galileo,19,53.0,329.0,34.0,是
0703002-0918-15-42-gnss_raw.txt,2436,459778.000,Galileo,21,75.0,185.0,31.0,是
0703002-0918-15-42-gnss_raw.txt,2436,459778.000,Galileo,27,0.0,0.0,33.0,是
0703002-0918-15-42-gnss_raw.txt,2436,459778.000,QZSS,2,57.0,125.0,29.0,是
0703002-0918-15-42-gnss_raw.txt,2436,459778.000,QZSS,7,53.0,169.0,23.0,是
0703002-0918-15-42-gnss_raw.txt,2436,459778.000,BDS,2,34.0,241.0,31.0,是
0703002-0918-15-42-gnss_raw.txt,2436,459778.000,BDS,7,63.0,340.0,33.0,是
0703002-0918-15-42-gnss_raw.txt,2436,459778.000,BDS,10,62.0,318.0,32.0,是
0703002-0918-15-42-gnss_raw.txt,2436,459778.000,BDS,22,74.0,231.0,31.0,是
0703002-0918-15-42-gnss_raw.txt,2436,459778.000,BDS,36,59.0,24.0,31.0,是
0703002-0918-15-42-gnss_raw.txt,2436,459778.000,BDS,39,54.0,272.0,35.0,是
0703002-0918-15-42-gnss_raw.txt,2436,459779.000,GPS,26,57.0,237.0,35.0,是
0703002-0918-15-42-gnss_raw.txt,2436,459779.000,GPS,28,58.0,15.0,30.0,是
0703002-0918-15-42-gnss_raw.txt,2436,459779.000,GPS,31,52.0,319.0,35.0,是
0703002-0918-15-42-gnss_raw.txt,2436,459779.000,GPS,32,63.0,123.0,35.0,是
0703002-0918-15-42-gnss_raw.txt,2436,459779.000,GLONASS,71,79.0,155.0,27.0,是
0703002-0918-15-42-gnss_raw.txt,2436,459779.000,GLONASS,72,43.0,330.0,34.0,是
0703002-0918-15-42-gnss_raw.txt,2436,459779.000,GLONASS,73,44.0,20.0,28.0,是
0703002-0918-15-42-gnss_raw.txt,2436,459779.000,GLONASS,74,61.0,287.0,34.0,是
0703002-0918-15-42-gnss_raw.txt,2436,459779.000,GLONASS,90,0.0,0.0,39.0,是
0703002-0918-15-42-gnss_raw.txt,2436,459779.000,Galileo,19,53.0,329.0,33.0,是
0703002-0918-15-42-gnss_raw.txt,2436,459779.000,Galileo,21,75.0,185.0,29.0,是
0703002-0918-15-42-gnss_raw.txt,2436,459779.000,Galileo,27,0.0,0.0,30.0,是
0703002-0918-15-42-gnss_raw.txt,2436,459779.000,QZSS,2,57.0,125.0,30.0,是
0703002-0918-15-42-gnss_raw.txt,2436,459779.000,QZSS,7,53.0,169.0,21.0,是
0703002-0918-15-42-gnss_raw.txt,2436,459779.000,BDS,2,34.0,241.0,29.0,是
0703002-0918-15-42-gnss_raw.txt,2436,459779.000,BDS,7,63.0,340.0,33.0,是
0703002-0918-15-42-gnss_raw.txt,2436,459779.000,BDS,10,62.0,318.0,32.0,是
0703002-0918-15-42-gnss_raw.txt,2436,459779.000,BDS,22,74.0,231.0,32.0,是
0703002-0918-15-42-gnss_raw.txt,2436,459779.000,BDS,36,59.0,24.0,31.0,是
0703002-0918-15-42-gnss_raw.txt,2436,459779.000,BDS,39,54.0,272.0,34.0,是
0703002-0918-15-42-gnss_raw.txt,2436,459780.000,GPS,26,57.0,237.0,35.0,是
0703002-0918-15-42-gnss_raw.txt,2436,459780.000,GPS,28,58.0,15.0,30.0,是
0703002-0918-15-42-gnss_raw.txt,2436,459780.000,GPS,31,52.0,319.0,36.0,是
0703002-0918-15-42-gnss_raw.txt,2436,459780.000,GPS,32,63.0,123.0,34.0,是
0703002-0918-15-42-gnss_raw.txt,2436,459780.000,GLONASS,71,79.0,155.0,27.0,是
0703002-0918-15-42-gnss_raw.txt,2436,459780.000,GLONASS,72,43.0,330.0,34.0,是
0703002-0918-15-42-gnss_raw.txt,2436,459780.000,GLONASS,73,0.0,0.0,24.0,是
0703002-0918-15-42-gnss_raw.txt,2436,459780.000,GLONASS,74,61.0,287.0,34.0,是
0703002-0918-15-42-gnss_raw.txt,2436,459780.000,GLONASS,90,0.0,0.0,39.0,是
0703002-0918-15-42-gnss_raw.txt,2436,459780.000,Galileo,19,53.0,329.0,34.0,是
0703002-0918-15-42-gnss_raw.txt,2436,459780.000,Galileo,21,75.0,185.0,32.0,是
0703002-0918-15-42-gnss_raw.txt,2436,459780.000,Galileo,27,0.0,0.0,29.0,是
0703002-0918-15-42-gnss_raw.txt,2436,459780.000,QZSS,2,57.0,125.0,28.0,是
0703002-0918-15-42-gnss_raw.txt,2436,459780.000,QZSS,7,53.0,169.0,20.0,是
0703002-0918-15-42-gnss_raw.txt,2436,459780.000,BDS,2,34.0,241.0,32.0,是
0703002-0918-15-42-gnss_raw.txt,2436,459780.000,BDS,7,63.0,340.0,33.0,是
0703002-0918-15-42-gnss_raw.txt,2436,459780.000,BDS,10,62.0,318.0,32.0,是
0703002-0918-15-42-gnss_raw.txt,2436,459780.000,BDS,22,74.0,231.0,32.0,是
0703002-0918-15-42-gnss_raw.txt,2436,459780.000,BDS,36,59.0,24.0,29.0,是
0703002-0918-15-42-gnss_raw.txt,2436,459780.000,BDS,39,54.0,272.0,34.0,是
0703002-0918-15-42-gnss_raw.txt,2436,459781.000,GPS,26,57.0,237.0,34.0,是
0703002-0918-15-42-gnss_raw.txt,2436,459781.000,GPS,28,58.0,15.0,31.0,是
0703002-0918-15-42-gnss_raw.txt,2436,459781.000,GPS,31,52.0,319.0,36.0,是
0703002-0918-15-42-gnss_raw.txt,2436,459781.000,GPS,32,63.0,123.0,34.0,是
0703002-0918-15-42-gnss_raw.txt,2436,459781.000,GLONASS,71,79.0,155.0,28.0,是
0703002-0918-15-42-gnss_raw.txt,2436,459781.000,GLONASS,72,43.0,330.0,35.0,是
0703002-0918-15-42-gnss_raw.txt,2436,459781.000,GLONASS,73,44.0,20.0,27.0,是
0703002-0918-15-42-gnss_raw.txt,2436,459781.000,GLONASS,74,61.0,287.0,34.0,是
0703002-0918-15-42-gnss_raw.txt,2436,459781.000,GLONASS,90,0.0,0.0,40.0,是
0703002-0918-15-42-gnss_raw.txt,2436,459781.000,Galileo,19,53.0,329.0,34.0,是
0703002-0918-15-42-gnss_raw.txt,2436,459781.000,Galileo,21,75.0,185.0,32.0,是
0703002-0918-15-42-gnss_raw.txt,2436,459781.000,Galileo,27,0.0,0.0,32.0,是
0703002-0918-15-42-gnss_raw.txt,2436,459781.000,QZSS,2,57.0,125.0,27.0,是
0703002-0918-15-42-gnss_raw.txt,2436,459781.000,QZSS,7,53.0,169.0,21.0,是
0703002-0918-15-42-gnss_raw.txt,2436,459781.000,BDS,2,34.0,241.0,31.0,是
0703002-0918-15-42-gnss_raw.txt,2436,459781.000,BDS,7,63.0,340.0,33.0,是
0703002-0918-15-42-gnss_raw.txt,2436,459781.000,BDS,10,62.0,318.0,33.0,是
0703002-0918-15-42-gnss_raw.txt,2436,459781.000,BDS,22,74.0,231.0,32.0,是
0703002-0918-15-42-gnss_raw.txt,2436,459781.000,BDS,36,59.0,24.0,30.0,是
0703002-0918-15-42-gnss_raw.txt,2436,459781.000,BDS,39,54.0,272.0,34.0,是
0703002-0918-15-42-gnss_raw.txt,2436,459782.000,GPS,26,57.0,237.0,34.0,是
0703002-0918-15-42-gnss_raw.txt,2436,459782.000,GPS,28,58.0,15.0,32.0,是
0703002-0918-15-42-gnss_raw.txt,2436,459782.000,GPS,31,52.0,319.0,36.0,是
0703002-0918-15-42-gnss_raw.txt,2436,459782.000,GPS,32,63.0,123.0,34.0,是
0703002-0918-15-42-gnss_raw.txt,2436,459782.000,GLONASS,71,79.0,155.0,27.0,是
0703002-0918-15-42-gnss_raw.txt,2436,459782.000,GLONASS,72,43.0,330.0,36.0,是
0703002-0918-15-42-gnss_raw.txt,2436,459782.000,GLONASS,73,44.0,20.0,32.0,是
0703002-0918-15-42-gnss_raw.txt,2436,459782.000,GLONASS,74,61.0,287.0,34.0,是
0703002-0918-15-42-gnss_raw.txt,2436,459782.000,GLONASS,90,0.0,0.0,40.0,是
0703002-0918-15-42-gnss_raw.txt,2436,459782.000,Galileo,19,53.0,329.0,35.0,是
0703002-0918-15-42-gnss_raw.txt,2436,459782.000,Galileo,21,75.0,185.0,31.0,是
0703002-0918-15-42-gnss_raw.txt,2436,459782.000,Galileo,27,0.0,0.0,31.0,是
0703002-0918-15-42-gnss_raw.txt,2436,459782.000,QZSS,2,57.0,125.0,27.0,是
0703002-0918-15-42-gnss_raw.txt,2436,459782.000,QZSS,7,53.0,169.0,22.0,是
0703002-0918-15-42-gnss_raw.txt,2436,459782.000,BDS,2,34.0,241.0,31.0,是
0703002-0918-15-42-gnss_raw.txt,2436,459782.000,BDS,7,63.0,340.0,33.0,是
0703002-0918-15-42-gnss_raw.txt,2436,459782.000,BDS,10,62.0,318.0,33.0,是
0703002-0918-15-42-gnss_raw.txt,2436,459782.000,BDS,22,74.0,231.0,32.0,是
0703002-0918-15-42-gnss_raw.txt,2436,459782.000,BDS,36,59.0,24.0,31.0,是
0703002-0918-15-42-gnss_raw.txt,2436,459782.000,BDS,39,54.0,272.0,33.0,是
0703002-0918-15-42-gnss_raw.txt,2436,459783.000,GPS,26,57.0,237.0,34.0,是
0703002-0918-15-42-gnss_raw.txt,2436,459783.000,GPS,28,58.0,15.0,31.0,是
0703002-0918-15-42-gnss_raw.txt,2436,459783.000,GPS,31,52.0,319.0,37.0,是
0703002-0918-15-42-gnss_raw.txt,2436,459783.000,GPS,32,63.0,123.0,34.0,是
0703002-0918-15-42-gnss_raw.txt,2436,459783.000,GLONASS,71,79.0,155.0,26.0,是
0703002-0918-15-42-gnss_raw.txt,2436,459783.000,GLONASS,72,43.0,330.0,36.0,是
0703002-0918-15-42-gnss_raw.txt,2436,459783.000,GLONASS,73,44.0,20.0,34.0,是
0703002-0918-15-42-gnss_raw.txt,2436,459783.000,GLONASS,74,61.0,287.0,34.0,是
0703002-0918-15-42-gnss_raw.txt,2436,459783.000,GLONASS,90,0.0,0.0,41.0,是
0703002-0918-15-42-gnss_raw.txt,2436,459783.000,Galileo,19,53.0,329.0,35.0,是
0703002-0918-15-42-gnss_raw.txt,2436,459783.000,Galileo,21,75.0,185.0,32.0,是
0703002-0918-15-42-gnss_raw.txt,2436,459783.000,Galileo,27,0.0,0.0,26.0,是
0703002-0918-15-42-gnss_raw.txt,2436,459783.000,QZSS,2,57.0,125.0,28.0,是
0703002-0918-15-42-gnss_raw.txt,2436,459783.000,QZSS,7,53.0,169.0,21.0,是
0703002-0918-15-42-gnss_raw.txt,2436,459783.000,BDS,2,34.0,241.0,32.0,是
0703002-0918-15-42-gnss_raw.txt,2436,459783.000,BDS,7,63.0,340.0,33.0,是
0703002-0918-15-42-gnss_raw.txt,2436,459783.000,BDS,10,62.0,318.0,33.0,是
0703002-0918-15-42-gnss_raw.txt,2436,459783.000,BDS,22,74.0,231.0,32.0,是
0703002-0918-15-42-gnss_raw.txt,2436,459783.000,BDS,36,59.0,24.0,31.0,是
0703002-0918-15-42-gnss_raw.txt,2436,459783.000,BDS,39,54.0,272.0,33.0,是
0703002-0918-15-42-gnss_raw.txt,2436,459784.000,GPS,26,57.0,237.0,34.0,是
0703002-0918-15-42-gnss_raw.txt,2436,459784.000,GPS,28,58.0,15.0,32.0,是
0703002-0918-15-42-gnss_raw.txt,2436,459784.000,GPS,31,52.0,319.0,37.0,是
0703002-0918-15-42-gnss_raw.txt,2436,459784.000,GPS,32,63.0,123.0,34.0,是
0703002-0918-15-42-gnss_raw.txt,2436,459784.000,GLONASS,71,79.0,155.0,27.0,是
0703002-0918-15-42-gnss_raw.txt,2436,459784.000,GLONASS,72,43.0,330.0,36.0,是
0703002-0918-15-42-gnss_raw.txt,2436,459784.000,GLONASS,73,44.0,20.0,35.0,是
0703002-0918-15-42-gnss_raw.txt,2436,459784.000,GLONASS,74,61.0,287.0,36.0,是
0703002-0918-15-42-gnss_raw.txt,2436,459784.000,GLONASS,90,0.0,0.0,41.0,是
0703002-0918-15-42-gnss_raw.txt,2436,459784.000,Galileo,19,53.0,329.0,35.0,是
0703002-0918-15-42-gnss_raw.txt,2436,459784.000,Galileo,21,75.0,185.0,34.0,是
0703002-0918-15-42-gnss_raw.txt,2436,459784.000,Galileo,27,0.0,0.0,25.0,是
0703002-0918-15-42-gnss_raw.txt,2436,459784.000,QZSS,2,57.0,125.0,29.0,是
0703002-0918-15-42-gnss_raw.txt,2436,459784.000,QZSS,7,53.0,169.0,22.0,是
0703002-0918-15-42-gnss_raw.txt,2436,459784.000,BDS,2,34.0,241.0,30.0,是
0703002-0918-15-42-gnss_raw.txt,2436,459784.000,BDS,7,63.0,340.0,33.0,是
0703002-0918-15-42-gnss_raw.txt,2436,459784.000,BDS,10,62.0,318.0,33.0,是
0703002-0918-15-42-gnss_raw.txt,2436,459784.000,BDS,22,74.0,231.0,32.0,是
0703002-0918-15-42-gnss_raw.txt,2436,459784.000,BDS,36,59.0,24.0,32.0,是
0703002-0918-15-42-gnss_raw.txt,2436,459784.000,BDS,39,54.0,272.0,33.0,是
0703002-0918-15-42-gnss_raw.txt,2436,459785.000,GPS,26,57.0,237.0,35.0,是
0703002-0918-15-42-gnss_raw.txt,2436,459785.000,GPS,28,58.0,15.0,32.0,是
0703002-0918-15-42-gnss_raw.txt,2436,459785.000,GPS,31,52.0,319.0,37.0,是
0703002-0918-15-42-gnss_raw.txt,2436,459785.000,GPS,32,63.0,123.0,34.0,是
0703002-0918-15-42-gnss_raw.txt,2436,459785.000,GLONASS,71,79.0,155.0,28.0,是
0703002-0918-15-42-gnss_raw.txt,2436,459785.000,GLONASS,72,43.0,330.0,36.0,是
0703002-0918-15-42-gnss_raw.txt,2436,459785.000,GLONASS,73,44.0,20.0,35.0,是
0703002-0918-15-42-gnss_raw.txt,2436,459785.000,GLONASS,74,61.0,287.0,36.0,是
0703002-0918-15-42-gnss_raw.txt,2436,459785.000,GLONASS,90,0.0,0.0,41.0,是
0703002-0918-15-42-gnss_raw.txt,2436,459785.000,Galileo,19,53.0,329.0,35.0,是
0703002-0918-15-42-gnss_raw.txt,2436,459785.000,Galileo,21,75.0,185.0,32.0,是
0703002-0918-15-42-gnss_raw.txt,2436,459785.000,Galileo,27,0.0,0.0,24.0,是
0703002-0918-15-42-gnss_raw.txt,2436,459785.000,QZSS,2,57.0,125.0,29.0,是
0703002-0918-15-42-gnss_raw.txt,2436,459785.000,QZSS,7,53.0,169.0,23.0,是
0703002-0918-15-42-gnss_raw.txt,2436,459785.000,BDS,2,34.0,241.0,31.0,是
0703002-0918-15-42-gnss_raw.txt,2436,459785.000,BDS,7,63.0,340.0,33.0,是
0703002-0918-15-42-gnss_raw.txt,2436,459785.000,BDS,10,62.0,318.0,33.0,是
0703002-0918-15-42-gnss_raw.txt,2436,459785.000,BDS,22,74.0,231.0,32.0,是
0703002-0918-15-42-gnss_raw.txt,2436,459785.000,BDS,36,59.0,24.0,32.0,是
0703002-0918-15-42-gnss_raw.txt,2436,459785.000,BDS,39,54.0,272.0,34.0,是
0703002-0918-15-42-gnss_raw.txt,2436,459786.000,GPS,26,57.0,237.0,35.0,是
0703002-0918-15-42-gnss_raw.txt,2436,459786.000,GPS,28,58.0,15.0,32.0,是
0703002-0918-15-42-gnss_raw.txt,2436,459786.000,GPS,31,52.0,319.0,37.0,是
0703002-0918-15-42-gnss_raw.txt,2436,459786.000,GPS,32,63.0,123.0,33.0,是
0703002-0918-15-42-gnss_raw.txt,2436,459786.000,GLONASS,71,79.0,155.0,28.0,是
0703002-0918-15-42-gnss_raw.txt,2436,459786.000,GLONASS,72,43.0,330.0,36.0,是
0703002-0918-15-42-gnss_raw.txt,2436,459786.000,GLONASS,73,44.0,20.0,36.0,是
0703002-0918-15-42-gnss_raw.txt,2436,459786.000,GLONASS,74,61.0,287.0,36.0,是
0703002-0918-15-42-gnss_raw.txt,2436,459786.000,GLONASS,90,0.0,0.0,41.0,是
0703002-0918-15-42-gnss_raw.txt,2436,459786.000,Galileo,19,53.0,329.0,34.0,是
0703002-0918-15-42-gnss_raw.txt,2436,459786.000,Galileo,21,75.0,185.0,33.0,是
0703002-0918-15-42-gnss_raw.txt,2436,459786.000,Galileo,27,0.0,0.0,24.0,是
0703002-0918-15-42-gnss_raw.txt,2436,459786.000,QZSS,2,57.0,125.0,28.0,是
0703002-0918-15-42-gnss_raw.txt,2436,459786.000,QZSS,7,53.0,169.0,23.0,是
0703002-0918-15-42-gnss_raw.txt,2436,459786.000,BDS,2,34.0,241.0,31.0,是
0703002-0918-15-42-gnss_raw.txt,2436,459786.000,BDS,7,63.0,340.0,33.0,是
0703002-0918-15-42-gnss_raw.txt,2436,459786.000,BDS,10,62.0,318.0,32.0,是
0703002-0918-15-42-gnss_raw.txt,2436,459786.000,BDS,22,74.0,231.0,31.0,是
0703002-0918-15-42-gnss_raw.txt,2436,459786.000,BDS,36,59.0,24.0,32.0,是
0703002-0918-15-42-gnss_raw.txt,2436,459786.000,BDS,39,54.0,272.0,34.0,是
0703002-0918-15-42-gnss_raw.txt,2436,459787.000,GPS,26,57.0,237.0,35.0,是
0703002-0918-15-42-gnss_raw.txt,2436,459787.000,GPS,28,58.0,15.0,32.0,是
0703002-0918-15-42-gnss_raw.txt,2436,459787.000,GPS,31,52.0,319.0,37.0,是
0703002-0918-15-42-gnss_raw.txt,2436,459787.000,GPS,32,63.0,123.0,33.0,是
0703002-0918-15-42-gnss_raw.txt,2436,459787.000,GLONASS,71,79.0,155.0,29.0,是
0703002-0918-15-42-gnss_raw.txt,2436,459787.000,GLONASS,72,43.0,330.0,36.0,是
0703002-0918-15-42-gnss_raw.txt,2436,459787.000,GLONASS,73,44.0,20.0,36.0,是
0703002-0918-15-42-gnss_raw.txt,2436,459787.000,GLONASS,74,61.0,287.0,36.0,是
0703002-0918-15-42-gnss_raw.txt,2436,459787.000,GLONASS,90,0.0,0.0,41.0,是
0703002-0918-15-42-gnss_raw.txt,2436,459787.000,Galileo,19,53.0,329.0,35.0,是
0703002-0918-15-42-gnss_raw.txt,2436,459787.000,Galileo,21,75.0,185.0,32.0,是
0703002-0918-15-42-gnss_raw.txt,2436,459787.000,QZSS,2,57.0,125.0,29.0,是
0703002-0918-15-42-gnss_raw.txt,2436,459787.000,QZSS,7,53.0,169.0,24.0,是
0703002-0918-15-42-gnss_raw.txt,2436,459787.000,BDS,2,34.0,241.0,31.0,是
0703002-0918-15-42-gnss_raw.txt,2436,459787.000,BDS,7,63.0,340.0,33.0,是
0703002-0918-15-42-gnss_raw.txt,2436,459787.000,BDS,10,62.0,318.0,33.0,是
0703002-0918-15-42-gnss_raw.txt,2436,459787.000,BDS,22,74.0,231.0,32.0,是
0703002-0918-15-42-gnss_raw.txt,2436,459787.000,BDS,36,59.0,24.0,32.0,是
0703002-0918-15-42-gnss_raw.txt,2436,459787.000,BDS,39,54.0,272.0,34.0,是
0703002-0918-15-42-gnss_raw.txt,2436,459788.000,GPS,26,57.0,237.0,35.0,是
0703002-0918-15-42-gnss_raw.txt,2436,459788.000,GPS,28,58.0,15.0,32.0,是
0703002-0918-15-42-gnss_raw.txt,2436,459788.000,GPS,31,52.0,319.0,36.0,是
0703002-0918-15-42-gnss_raw.txt,2436,459788.000,GPS,32,63.0,123.0,33.0,是
0703002-0918-15-42-gnss_raw.txt,2436,459788.000,GLONASS,71,79.0,155.0,30.0,是
0703002-0918-15-42-gnss_raw.txt,2436,459788.000,GLONASS,72,43.0,330.0,36.0,是
0703002-0918-15-42-gnss_raw.txt,2436,459788.000,GLONASS,73,44.0,20.0,35.0,是
0703002-0918-15-42-gnss_raw.txt,2436,459788.000,GLONASS,74,61.0,287.0,36.0,是
0703002-0918-15-42-gnss_raw.txt,2436,459788.000,GLONASS,90,0.0,0.0,41.0,是
0703002-0918-15-42-gnss_raw.txt,2436,459788.000,Galileo,19,53.0,329.0,35.0,是
0703002-0918-15-42-gnss_raw.txt,2436,459788.000,Galileo,21,75.0,185.0,32.0,是
0703002-0918-15-42-gnss_raw.txt,2436,459788.000,QZSS,2,57.0,125.0,29.0,是
0703002-0918-15-42-gnss_raw.txt,2436,459788.000,QZSS,7,53.0,169.0,24.0,是
0703002-0918-15-42-gnss_raw.txt,2436,459788.000,BDS,2,34.0,241.0,31.0,是
0703002-0918-15-42-gnss_raw.txt,2436,459788.000,BDS,7,63.0,340.0,33.0,是
0703002-0918-15-42-gnss_raw.txt,2436,459788.000,BDS,10,62.0,318.0,33.0,是
0703002-0918-15-42-gnss_raw.txt,2436,459788.000,BDS,22,74.0,231.0,31.0,是
0703002-0918-15-42-gnss_raw.txt,2436,459788.000,BDS,36,59.0,24.0,32.0,是
0703002-0918-15-42-gnss_raw.txt,2436,459788.000,BDS,39,54.0,272.0,34.0,是
0703002-0918-15-42-gnss_raw.txt,2436,459789.000,GPS,26,57.0,237.0,35.0,是
0703002-0918-15-42-gnss_raw.txt,2436,459789.000,GPS,28,58.0,15.0,31.0,是
0703002-0918-15-42-gnss_raw.txt,2436,459789.000,GPS,31,52.0,319.0,36.0,是
0703002-0918-15-42-gnss_raw.txt,2436,459789.000,GPS,32,63.0,123.0,33.0,是
0703002-0918-15-42-gnss_raw.txt,2436,459789.000,GLONASS,71,79.0,155.0,29.0,是
0703002-0918-15-42-gnss_raw.txt,2436,459789.000,GLONASS,72,43.0,330.0,35.0,是
0703002-0918-15-42-gnss_raw.txt,2436,459789.000,GLONASS,73,44.0,20.0,33.0,是
0703002-0918-15-42-gnss_raw.txt,2436,459789.000,GLONASS,74,61.0,287.0,36.0,是
0703002-0918-15-42-gnss_raw.txt,2436,459789.000,GLONASS,90,0.0,0.0,41.0,是
0703002-0918-15-42-gnss_raw.txt,2436,459789.000,Galileo,19,53.0,329.0,34.0,是
0703002-0918-15-42-gnss_raw.txt,2436,459789.000,Galileo,21,75.0,185.0,32.0,是
0703002-0918-15-42-gnss_raw.txt,2436,459789.000,QZSS,2,57.0,125.0,29.0,是
0703002-0918-15-42-gnss_raw.txt,2436,459789.000,QZSS,7,53.0,169.0,23.0,是
0703002-0918-15-42-gnss_raw.txt,2436,459789.000,BDS,2,34.0,241.0,30.0,是
0703002-0918-15-42-gnss_raw.txt,2436,459789.000,BDS,7,63.0,340.0,33.0,是
0703002-0918-15-42-gnss_raw.txt,2436,459789.000,BDS,10,62.0,318.0,32.0,是
0703002-0918-15-42-gnss_raw.txt,2436,459789.000,BDS,22,74.0,231.0,31.0,是
0703002-0918-15-42-gnss_raw.txt,2436,459789.000,BDS,36,59.0,24.0,32.0,是
0703002-0918-15-42-gnss_raw.txt,2436,459789.000,BDS,39,54.0,273.0,34.0,是
0703002-0918-15-42-gnss_raw.txt,2436,459790.000,GPS,26,57.0,237.0,35.0,是
0703002-0918-15-42-gnss_raw.txt,2436,459790.000,GPS,28,58.0,15.0,31.0,是
0703002-0918-15-42-gnss_raw.txt,2436,459790.000,GPS,31,52.0,319.0,36.0,是
0703002-0918-15-42-gnss_raw.txt,2436,459790.000,GPS,32,63.0,123.0,33.0,是
0703002-0918-15-42-gnss_raw.txt,2436,459790.000,GLONASS,71,78.0,155.0,31.0,是
0703002-0918-15-42-gnss_raw.txt,2436,459790.000,GLONASS,72,43.0,330.0,35.0,是
0703002-0918-15-42-gnss_raw.txt,2436,459790.000,GLONASS,73,44.0,20.0,31.0,是
0703002-0918-15-42-gnss_raw.txt,2436,459790.000,GLONASS,74,61.0,287.0,37.0,是
0703002-0918-15-42-gnss_raw.txt,2436,459790.000,GLONASS,90,0.0,0.0,41.0,是
0703002-0918-15-42-gnss_raw.txt,2436,459790.000,Galileo,19,53.0,329.0,34.0,是
0703002-0918-15-42-gnss_raw.txt,2436,459790.000,Galileo,21,75.0,185.0,32.0,是
0703002-0918-15-42-gnss_raw.txt,2436,459790.000,QZSS,2,57.0,125.0,29.0,是
0703002-0918-15-42-gnss_raw.txt,2436,459790.000,QZSS,7,0.0,0.0,23.0,是
0703002-0918-15-42-gnss_raw.txt,2436,459790.000,BDS,2,34.0,241.0,30.0,是
0703002-0918-15-42-gnss_raw.txt,2436,459790.000,BDS,7,63.0,340.0,33.0,是
0703002-0918-15-42-gnss_raw.txt,2436,459790.000,BDS,10,62.0,318.0,32.0,是
0703002-0918-15-42-gnss_raw.txt,2436,459790.000,BDS,21,0.0,0.0,25.0,是
0703002-0918-15-42-gnss_raw.txt,2436,459790.000,BDS,22,74.0,231.0,31.0,是
0703002-0918-15-42-gnss_raw.txt,2436,459790.000,BDS,36,59.0,24.0,32.0,是
0703002-0918-15-42-gnss_raw.txt,2436,459790.000,BDS,39,54.0,273.0,34.0,是
0703002-0918-15-42-gnss_raw.txt,2436,459791.000,GPS,26,57.0,237.0,35.0,是
0703002-0918-15-42-gnss_raw.txt,2436,459791.000,GPS,28,58.0,15.0,31.0,是
0703002-0918-15-42-gnss_raw.txt,2436,459791.000,GPS,31,52.0,319.0,36.0,是
0703002-0918-15-42-gnss_raw.txt,2436,459791.000,GPS,32,63.0,123.0,33.0,是
0703002-0918-15-42-gnss_raw.txt,2436,459791.000,GLONASS,71,78.0,155.0,31.0,是
0703002-0918-15-42-gnss_raw.txt,2436,459791.000,GLONASS,72,43.0,330.0,35.0,是
0703002-0918-15-42-gnss_raw.txt,2436,459791.000,GLONASS,73,44.0,20.0,32.0,是
0703002-0918-15-42-gnss_raw.txt,2436,459791.000,GLONASS,74,61.0,287.0,37.0,是
0703002-0918-15-42-gnss_raw.txt,2436,459791.000,GLONASS,90,0.0,0.0,41.0,是
0703002-0918-15-42-gnss_raw.txt,2436,459791.000,Galileo,19,53.0,329.0,34.0,是
0703002-0918-15-42-gnss_raw.txt,2436,459791.000,Galileo,21,75.0,185.0,32.0,是
0703002-0918-15-42-gnss_raw.txt,2436,459791.000,QZSS,2,57.0,125.0,29.0,是
0703002-0918-15-42-gnss_raw.txt,2436,459791.000,QZSS,7,53.0,169.0,22.0,是
0703002-0918-15-42-gnss_raw.txt,2436,459791.000,BDS,2,34.0,241.0,31.0,是
0703002-0918-15-42-gnss_raw.txt,2436,459791.000,BDS,7,63.0,340.0,33.0,是
0703002-0918-15-42-gnss_raw.txt,2436,459791.000,BDS,10,62.0,318.0,32.0,是
0703002-0918-15-42-gnss_raw.txt,2436,459791.000,BDS,21,0.0,0.0,24.0,是
0703002-0918-15-42-gnss_raw.txt,2436,459791.000,BDS,22,74.0,231.0,31.0,是
0703002-0918-15-42-gnss_raw.txt,2436,459791.000,BDS,36,59.0,24.0,32.0,是
0703002-0918-15-42-gnss_raw.txt,2436,459791.000,BDS,39,54.0,273.0,34.0,是
0703002-0918-15-42-gnss_raw.txt,2436,459792.000,GPS,26,57.0,237.0,35.0,是
0703002-0918-15-42-gnss_raw.txt,2436,459792.000,GPS,28,58.0,15.0,30.0,是
0703002-0918-15-42-gnss_raw.txt,2436,459792.000,GPS,31,52.0,319.0,36.0,是
0703002-0918-15-42-gnss_raw.txt,2436,459792.000,GPS,32,63.0,123.0,33.0,是
0703002-0918-15-42-gnss_raw.txt,2436,459792.000,GLONASS,71,78.0,155.0,32.0,是
0703002-0918-15-42-gnss_raw.txt,2436,459792.000,GLONASS,72,43.0,330.0,35.0,是
0703002-0918-15-42-gnss_raw.txt,2436,459792.000,GLONASS,73,44.0,20.0,35.0,是
0703002-0918-15-42-gnss_raw.txt,2436,459792.000,GLONASS,74,61.0,287.0,37.0,是
0703002-0918-15-42-gnss_raw.txt,2436,459792.000,GLONASS,90,0.0,0.0,41.0,是
0703002-0918-15-42-gnss_raw.txt,2436,459792.000,Galileo,19,53.0,329.0,34.0,是
0703002-0918-15-42-gnss_raw.txt,2436,459792.000,Galileo,21,75.0,185.0,32.0,是
0703002-0918-15-42-gnss_raw.txt,2436,459792.000,QZSS,2,57.0,125.0,29.0,是
0703002-0918-15-42-gnss_raw.txt,2436,459792.000,QZSS,7,53.0,169.0,23.0,是
0703002-0918-15-42-gnss_raw.txt,2436,459792.000,BDS,2,34.0,241.0,32.0,是
0703002-0918-15-42-gnss_raw.txt,2436,459792.000,BDS,7,63.0,340.0,32.0,是
0703002-0918-15-42-gnss_raw.txt,2436,459792.000,BDS,10,62.0,318.0,32.0,是
0703002-0918-15-42-gnss_raw.txt,2436,459792.000,BDS,21,35.0,316.0,25.0,是
0703002-0918-15-42-gnss_raw.txt,2436,459792.000,BDS,22,74.0,231.0,31.0,是
0703002-0918-15-42-gnss_raw.txt,2436,459792.000,BDS,36,59.0,24.0,32.0,是
0703002-0918-15-42-gnss_raw.txt,2436,459792.000,BDS,39,54.0,273.0,34.0,是
0703002-0918-15-42-gnss_raw.txt,2436,459793.000,GPS,26,57.0,237.0,35.0,是
0703002-0918-15-42-gnss_raw.txt,2436,459793.000,GPS,28,58.0,16.0,30.0,是
0703002-0918-15-42-gnss_raw.txt,2436,459793.000,GPS,31,52.0,319.0,36.0,是
0703002-0918-15-42-gnss_raw.txt,2436,459793.000,GPS,32,63.0,123.0,33.0,是
0703002-0918-15-42-gnss_raw.txt,2436,459793.000,GLONASS,71,78.0,155.0,31.0,是
0703002-0918-15-42-gnss_raw.txt,2436,459793.000,GLONASS,72,43.0,330.0,35.0,是
0703002-0918-15-42-gnss_raw.txt,2436,459793.000,GLONASS,73,44.0,20.0,35.0,是
0703002-0918-15-42-gnss_raw.txt,2436,459793.000,GLONASS,74,61.0,287.0,37.0,是
0703002-0918-15-42-gnss_raw.txt,2436,459793.000,GLONASS,90,0.0,0.0,40.0,是
0703002-0918-15-42-gnss_raw.txt,2436,459793.000,Galileo,19,53.0,329.0,35.0,是
0703002-0918-15-42-gnss_raw.txt,2436,459793.000,Galileo,21,75.0,185.0,33.0,是
0703002-0918-15-42-gnss_raw.txt,2436,459793.000,QZSS,2,57.0,125.0,29.0,是
0703002-0918-15-42-gnss_raw.txt,2436,459793.000,QZSS,7,53.0,169.0,23.0,是
0703002-0918-15-42-gnss_raw.txt,2436,459793.000,BDS,2,34.0,241.0,32.0,是
0703002-0918-15-42-gnss_raw.txt,2436,459793.000,BDS,7,63.0,340.0,32.0,是
0703002-0918-15-42-gnss_raw.txt,2436,459793.000,BDS,10,62.0,318.0,33.0,是
0703002-0918-15-42-gnss_raw.txt,2436,459793.000,BDS,21,35.0,316.0,25.0,是
0703002-0918-15-42-gnss_raw.txt,2436,459793.000,BDS,22,74.0,231.0,31.0,是
0703002-0918-15-42-gnss_raw.txt,2436,459793.000,BDS,36,59.0,24.0,32.0,是
0703002-0918-15-42-gnss_raw.txt,2436,459793.000,BDS,39,54.0,273.0,34.0,是
0703002-0918-15-42-gnss_raw.txt,2436,459794.000,GPS,26,57.0,237.0,35.0,是
0703002-0918-15-42-gnss_raw.txt,2436,459794.000,GPS,28,58.0,16.0,30.0,是
0703002-0918-15-42-gnss_raw.txt,2436,459794.000,GPS,31,52.0,319.0,36.0,是
0703002-0918-15-42-gnss_raw.txt,2436,459794.000,GPS,32,63.0,123.0,33.0,是
0703002-0918-15-42-gnss_raw.txt,2436,459794.000,GLONASS,71,78.0,155.0,32.0,是
0703002-0918-15-42-gnss_raw.txt,2436,459794.000,GLONASS,72,43.0,330.0,35.0,是
0703002-0918-15-42-gnss_raw.txt,2436,459794.000,GLONASS,73,44.0,20.0,33.0,是
0703002-0918-15-42-gnss_raw.txt,2436,459794.000,GLONASS,74,61.0,287.0,37.0,是
0703002-0918-15-42-gnss_raw.txt,2436,459794.000,GLONASS,90,0.0,0.0,39.0,是
0703002-0918-15-42-gnss_raw.txt,2436,459794.000,Galileo,19,53.0,329.0,35.0,是
0703002-0918-15-42-gnss_raw.txt,2436,459794.000,Galileo,21,75.0,185.0,32.0,是
0703002-0918-15-42-gnss_raw.txt,2436,459794.000,QZSS,2,57.0,125.0,29.0,是
0703002-0918-15-42-gnss_raw.txt,2436,459794.000,QZSS,7,53.0,169.0,23.0,是
0703002-0918-15-42-gnss_raw.txt,2436,459794.000,BDS,2,34.0,241.0,31.0,是
0703002-0918-15-42-gnss_raw.txt,2436,459794.000,BDS,7,63.0,340.0,32.0,是
0703002-0918-15-42-gnss_raw.txt,2436,459794.000,BDS,10,62.0,318.0,32.0,是
0703002-0918-15-42-gnss_raw.txt,2436,459794.000,BDS,21,35.0,316.0,25.0,是
0703002-0918-15-42-gnss_raw.txt,2436,459794.000,BDS,22,74.0,231.0,31.0,是
0703002-0918-15-42-gnss_raw.txt,2436,459794.000,BDS,36,59.0,24.0,32.0,是
0703002-0918-15-42-gnss_raw.txt,2436,459794.000,BDS,39,54.0,273.0,34.0,是
0703002-0918-15-42-gnss_raw.txt,2436,459795.000,GPS,26,57.0,237.0,35.0,是
0703002-0918-15-42-gnss_raw.txt,2436,459795.000,GPS,28,58.0,16.0,30.0,是
0703002-0918-15-42-gnss_raw.txt,2436,459795.000,GPS,31,52.0,319.0,36.0,是
0703002-0918-15-42-gnss_raw.txt,2436,459795.000,GPS,32,63.0,123.0,33.0,是
0703002-0918-15-42-gnss_raw.txt,2436,459795.000,GLONASS,71,78.0,155.0,32.0,是
0703002-0918-15-42-gnss_raw.txt,2436,459795.000,GLONASS,72,43.0,330.0,36.0,是
0703002-0918-15-42-gnss_raw.txt,2436,459795.000,GLONASS,73,44.0,20.0,33.0,是
0703002-0918-15-42-gnss_raw.txt,2436,459795.000,GLONASS,74,61.0,287.0,37.0,是
0703002-0918-15-42-gnss_raw.txt,2436,459795.000,GLONASS,90,0.0,0.0,39.0,是
0703002-0918-15-42-gnss_raw.txt,2436,459795.000,Galileo,19,53.0,329.0,35.0,是
0703002-0918-15-42-gnss_raw.txt,2436,459795.000,Galileo,21,75.0,185.0,33.0,是
0703002-0918-15-42-gnss_raw.txt,2436,459795.000,QZSS,2,57.0,125.0,28.0,是
0703002-0918-15-42-gnss_raw.txt,2436,459795.000,QZSS,7,0.0,0.0,23.0,是
0703002-0918-15-42-gnss_raw.txt,2436,459795.000,BDS,2,34.0,241.0,31.0,是
0703002-0918-15-42-gnss_raw.txt,2436,459795.000,BDS,7,63.0,340.0,32.0,是
0703002-0918-15-42-gnss_raw.txt,2436,459795.000,BDS,10,62.0,318.0,32.0,是
0703002-0918-15-42-gnss_raw.txt,2436,459795.000,BDS,21,35.0,316.0,26.0,是
0703002-0918-15-42-gnss_raw.txt,2436,459795.000,BDS,22,74.0,231.0,31.0,是
0703002-0918-15-42-gnss_raw.txt,2436,459795.000,BDS,36,59.0,24.0,32.0,是
0703002-0918-15-42-gnss_raw.txt,2436,459795.000,BDS,39,54.0,273.0,34.0,是
0703002-0918-15-42-gnss_raw.txt,2436,459796.000,GPS,26,57.0,237.0,35.0,是
0703002-0918-15-42-gnss_raw.txt,2436,459796.000,GPS,28,58.0,16.0,30.0,是
0703002-0918-15-42-gnss_raw.txt,2436,459796.000,GPS,31,52.0,319.0,36.0,是
0703002-0918-15-42-gnss_raw.txt,2436,459796.000,GPS,32,63.0,123.0,33.0,是
0703002-0918-15-42-gnss_raw.txt,2436,459796.000,GLONASS,71,78.0,155.0,32.0,是
0703002-0918-15-42-gnss_raw.txt,2436,459796.000,GLONASS,72,43.0,330.0,34.0,是
0703002-0918-15-42-gnss_raw.txt,2436,459796.000,GLONASS,73,44.0,20.0,32.0,是
0703002-0918-15-42-gnss_raw.txt,2436,459796.000,GLONASS,74,61.0,287.0,37.0,是
0703002-0918-15-42-gnss_raw.txt,2436,459796.000,GLONASS,90,0.0,0.0,39.0,是
0703002-0918-15-42-gnss_raw.txt,2436,459796.000,Galileo,19,53.0,329.0,34.0,是
0703002-0918-15-42-gnss_raw.txt,2436,459796.000,Galileo,21,75.0,185.0,32.0,是
0703002-0918-15-42-gnss_raw.txt,2436,459796.000,QZSS,2,57.0,125.0,28.0,是
0703002-0918-15-42-gnss_raw.txt,2436,459796.000,QZSS,7,0.0,0.0,23.0,是
0703002-0918-15-42-gnss_raw.txt,2436,459796.000,BDS,2,34.0,241.0,31.0,是
0703002-0918-15-42-gnss_raw.txt,2436,459796.000,BDS,7,63.0,340.0,32.0,是
0703002-0918-15-42-gnss_raw.txt,2436,459796.000,BDS,10,62.0,318.0,32.0,是
0703002-0918-15-42-gnss_raw.txt,2436,459796.000,BDS,21,35.0,316.0,26.0,是
0703002-0918-15-42-gnss_raw.txt,2436,459796.000,BDS,22,74.0,231.0,31.0,是
0703002-0918-15-42-gnss_raw.txt,2436,459796.000,BDS,36,59.0,24.0,32.0,是
0703002-0918-15-42-gnss_raw.txt,2436,459796.000,BDS,39,54.0,273.0,34.0,是
0703002-0918-15-42-gnss_raw.txt,2436,459797.000,GPS,26,57.0,237.0,35.0,是
0703002-0918-15-42-gnss_raw.txt,2436,459797.000,GPS,28,58.0,16.0,29.0,是
0703002-0918-15-42-gnss_raw.txt,2436,459797.000,GPS,31,52.0,319.0,36.0,是
0703002-0918-15-42-gnss_raw.txt,2436,459797.000,GPS,32,63.0,123.0,33.0,是
0703002-0918-15-42-gnss_raw.txt,2436,459797.000,GLONASS,71,78.0,155.0,32.0,是
0703002-0918-15-42-gnss_raw.txt,2436,459797.000,GLONASS,72,43.0,330.0,34.0,是
0703002-0918-15-42-gnss_raw.txt,2436,459797.000,GLONASS,73,44.0,20.0,32.0,是
0703002-0918-15-42-gnss_raw.txt,2436,459797.000,GLONASS,74,61.0,287.0,36.0,是
0703002-0918-15-42-gnss_raw.txt,2436,459797.000,GLONASS,90,0.0,0.0,40.0,是
0703002-0918-15-42-gnss_raw.txt,2436,459797.000,Galileo,19,53.0,329.0,34.0,是
0703002-0918-15-42-gnss_raw.txt,2436,459797.000,Galileo,21,75.0,185.0,32.0,是
0703002-0918-15-42-gnss_raw.txt,2436,459797.000,QZSS,2,57.0,124.0,28.0,是
0703002-0918-15-42-gnss_raw.txt,2436,459797.000,QZSS,7,0.0,0.0,22.0,是
0703002-0918-15-42-gnss_raw.txt,2436,459797.000,BDS,2,34.0,241.0,30.0,是
0703002-0918-15-42-gnss_raw.txt,2436,459797.000,BDS,7,63.0,340.0,32.0,是
0703002-0918-15-42-gnss_raw.txt,2436,459797.000,BDS,10,62.0,318.0,32.0,是
0703002-0918-15-42-gnss_raw.txt,2436,459797.000,BDS,21,35.0,316.0,26.0,是
0703002-0918-15-42-gnss_raw.txt,2436,459797.000,BDS,22,74.0,231.0,31.0,是
0703002-0918-15-42-gnss_raw.txt,2436,459797.000,BDS,36,59.0,24.0,32.0,是
0703002-0918-15-42-gnss_raw.txt,2436,459797.000,BDS,39,54.0,273.0,34.0,是
0703002-0918-15-42-gnss_raw.txt,2436,459798.000,GPS,26,57.0,237.0,35.0,是
0703002-0918-15-42-gnss_raw.txt,2436,459798.000,GPS,28,58.0,16.0,30.0,是
0703002-0918-15-42-gnss_raw.txt,2436,459798.000,GPS,31,52.0,319.0,36.0,是
0703002-0918-15-42-gnss_raw.txt,2436,459798.000,GPS,32,63.0,123.0,32.0,是
0703002-0918-15-42-gnss_raw.txt,2436,459798.000,GLONASS,71,78.0,155.0,33.0,是
0703002-0918-15-42-gnss_raw.txt,2436,459798.000,GLONASS,72,43.0,330.0,35.0,是
0703002-0918-15-42-gnss_raw.txt,2436,459798.000,GLONASS,73,44.0,20.0,29.0,是
0703002-0918-15-42-gnss_raw.txt,2436,459798.000,GLONASS,74,61.0,287.0,37.0,是
0703002-0918-15-42-gnss_raw.txt,2436,459798.000,GLONASS,90,0.0,0.0,40.0,是
0703002-0918-15-42-gnss_raw.txt,2436,459798.000,Galileo,19,53.0,329.0,34.0,是
0703002-0918-15-42-gnss_raw.txt,2436,459798.000,Galileo,21,75.0,185.0,33.0,是
0703002-0918-15-42-gnss_raw.txt,2436,459798.000,QZSS,2,57.0,124.0,28.0,是
0703002-0918-15-42-gnss_raw.txt,2436,459798.000,QZSS,7,0.0,0.0,22.0,是
0703002-0918-15-42-gnss_raw.txt,2436,459798.000,BDS,2,34.0,241.0,30.0,是
0703002-0918-15-42-gnss_raw.txt,2436,459798.000,BDS,7,63.0,340.0,32.0,是
0703002-0918-15-42-gnss_raw.txt,2436,459798.000,BDS,10,62.0,318.0,32.0,是
0703002-0918-15-42-gnss_raw.txt,2436,459798.000,BDS,21,35.0,316.0,27.0,是
0703002-0918-15-42-gnss_raw.txt,2436,459798.000,BDS,22,74.0,231.0,31.0,是
0703002-0918-15-42-gnss_raw.txt,2436,459798.000,BDS,36,59.0,24.0,32.0,是
0703002-0918-15-42-gnss_raw.txt,2436,459798.000,BDS,39,54.0,273.0,35.0,是
0703002-0918-15-42-gnss_raw.txt,2436,459799.000,GPS,26,57.0,237.0,35.0,是
0703002-0918-15-42-gnss_raw.txt,2436,459799.000,GPS,28,58.0,16.0,30.0,是
0703002-0918-15-42-gnss_raw.txt,2436,459799.000,GPS,31,52.0,319.0,36.0,是
0703002-0918-15-42-gnss_raw.txt,2436,459799.000,GPS,32,63.0,123.0,32.0,是
0703002-0918-15-42-gnss_raw.txt,2436,459799.000,GLONASS,71,78.0,155.0,33.0,是
0703002-0918-15-42-gnss_raw.txt,2436,459799.000,GLONASS,72,43.0,330.0,36.0,是
0703002-0918-15-42-gnss_raw.txt,2436,459799.000,GLONASS,73,44.0,20.0,28.0,是
0703002-0918-15-42-gnss_raw.txt,2436,459799.000,GLONASS,74,61.0,287.0,36.0,是
0703002-0918-15-42-gnss_raw.txt,2436,459799.000,GLONASS,90,0.0,0.0,41.0,是
0703002-0918-15-42-gnss_raw.txt,2436,459799.000,Galileo,19,53.0,329.0,35.0,是
0703002-0918-15-42-gnss_raw.txt,2436,459799.000,Galileo,21,75.0,185.0,32.0,是
0703002-0918-15-42-gnss_raw.txt,2436,459799.000,QZSS,2,57.0,124.0,28.0,是
0703002-0918-15-42-gnss_raw.txt,2436,459799.000,QZSS,7,53.0,169.0,23.0,是
0703002-0918-15-42-gnss_raw.txt,2436,459799.000,BDS,2,34.0,241.0,32.0,是
0703002-0918-15-42-gnss_raw.txt,2436,459799.000,BDS,7,63.0,340.0,32.0,是
0703002-0918-15-42-gnss_raw.txt,2436,459799.000,BDS,10,62.0,318.0,32.0,是
0703002-0918-15-42-gnss_raw.txt,2436,459799.000,BDS,21,35.0,316.0,26.0,是
0703002-0918-15-42-gnss_raw.txt,2436,459799.000,BDS,22,74.0,231.0,31.0,是
0703002-0918-15-42-gnss_raw.txt,2436,459799.000,BDS,36,59.0,24.0,33.0,是
0703002-0918-15-42-gnss_raw.txt,2436,459799.000,BDS,39,54.0,273.0,34.0,是
0703002-0918-15-42-gnss_raw.txt,2436,459800.000,GPS,26,57.0,237.0,35.0,是
0703002-0918-15-42-gnss_raw.txt,2436,459800.000,GPS,28,58.0,16.0,30.0,是
0703002-0918-15-42-gnss_raw.txt,2436,459800.000,GPS,31,52.0,319.0,36.0,是
0703002-0918-15-42-gnss_raw.txt,2436,459800.000,GPS,32,63.0,123.0,32.0,是
0703002-0918-15-42-gnss_raw.txt,2436,459800.000,GLONASS,71,78.0,155.0,33.0,是
0703002-0918-15-42-gnss_raw.txt,2436,459800.000,GLONASS,72,43.0,330.0,34.0,是
0703002-0918-15-42-gnss_raw.txt,2436,459800.000,GLONASS,73,44.0,20.0,29.0,是
0703002-0918-15-42-gnss_raw.txt,2436,459800.000,GLONASS,74,61.0,287.0,37.0,是
0703002-0918-15-42-gnss_raw.txt,2436,459800.000,GLONASS,90,0.0,0.0,41.0,是
0703002-0918-15-42-gnss_raw.txt,2436,459800.000,Galileo,19,53.0,329.0,34.0,是
0703002-0918-15-42-gnss_raw.txt,2436,459800.000,Galileo,21,75.0,185.0,33.0,是
0703002-0918-15-42-gnss_raw.txt,2436,459800.000,QZSS,2,57.0,124.0,29.0,是
0703002-0918-15-42-gnss_raw.txt,2436,459800.000,QZSS,7,0.0,0.0,23.0,是
0703002-0918-15-42-gnss_raw.txt,2436,459800.000,BDS,2,34.0,241.0,30.0,是
0703002-0918-15-42-gnss_raw.txt,2436,459800.000,BDS,7,63.0,340.0,32.0,是
0703002-0918-15-42-gnss_raw.txt,2436,459800.000,BDS,10,62.0,318.0,32.0,是
0703002-0918-15-42-gnss_raw.txt,2436,459800.000,BDS,21,35.0,316.0,27.0,是
0703002-0918-15-42-gnss_raw.txt,2436,459800.000,BDS,22,74.0,231.0,32.0,是
0703002-0918-15-42-gnss_raw.txt,2436,459800.000,BDS,36,59.0,24.0,33.0,是
0703002-0918-15-42-gnss_raw.txt,2436,459800.000,BDS,39,54.0,273.0,34.0,是
0703002-0918-15-42-gnss_raw.txt,2436,459801.000,GPS,26,57.0,237.0,36.0,是
0703002-0918-15-42-gnss_raw.txt,2436,459801.000,GPS,28,58.0,16.0,30.0,是
0703002-0918-15-42-gnss_raw.txt,2436,459801.000,GPS,31,52.0,319.0,36.0,是
0703002-0918-15-42-gnss_raw.txt,2436,459801.000,GPS,32,63.0,123.0,32.0,是
0703002-0918-15-42-gnss_raw.txt,2436,459801.000,GLONASS,71,78.0,155.0,33.0,是
0703002-0918-15-42-gnss_raw.txt,2436,459801.000,GLONASS,72,43.0,330.0,34.0,是
0703002-0918-15-42-gnss_raw.txt,2436,459801.000,GLONASS,73,44.0,20.0,31.0,是
0703002-0918-15-42-gnss_raw.txt,2436,459801.000,GLONASS,74,61.0,287.0,37.0,是
0703002-0918-15-42-gnss_raw.txt,2436,459801.000,GLONASS,90,0.0,0.0,41.0,是
0703002-0918-15-42-gnss_raw.txt,2436,459801.000,Galileo,19,53.0,329.0,34.0,是
0703002-0918-15-42-gnss_raw.txt,2436,459801.000,Galileo,21,75.0,185.0,32.0,是
0703002-0918-15-42-gnss_raw.txt,2436,459801.000,QZSS,2,57.0,124.0,29.0,是
0703002-0918-15-42-gnss_raw.txt,2436,459801.000,QZSS,7,0.0,0.0,23.0,是
0703002-0918-15-42-gnss_raw.txt,2436,459801.000,BDS,2,34.0,241.0,31.0,是
0703002-0918-15-42-gnss_raw.txt,2436,459801.000,BDS,7,63.0,340.0,32.0,是
0703002-0918-15-42-gnss_raw.txt,2436,459801.000,BDS,10,62.0,318.0,32.0,是
0703002-0918-15-42-gnss_raw.txt,2436,459801.000,BDS,21,35.0,316.0,26.0,是
0703002-0918-15-42-gnss_raw.txt,2436,459801.000,BDS,22,74.0,231.0,32.0,是
0703002-0918-15-42-gnss_raw.txt,2436,459801.000,BDS,36,59.0,24.0,33.0,是
0703002-0918-15-42-gnss_raw.txt,2436,459801.000,BDS,39,54.0,273.0,34.0,是
0703002-0918-15-42-gnss_raw.txt,2436,459802.000,GPS,26,57.0,237.0,36.0,是
0703002-0918-15-42-gnss_raw.txt,2436,459802.000,GPS,28,58.0,16.0,32.0,是
0703002-0918-15-42-gnss_raw.txt,2436,459802.000,GPS,31,52.0,319.0,36.0,是
0703002-0918-15-42-gnss_raw.txt,2436,459802.000,GPS,32,63.0,123.0,33.0,是
0703002-0918-15-42-gnss_raw.txt,2436,459802.000,GLONASS,71,78.0,155.0,32.0,是
0703002-0918-15-42-gnss_raw.txt,2436,459802.000,GLONASS,72,43.0,330.0,35.0,是
0703002-0918-15-42-gnss_raw.txt,2436,459802.000,GLONASS,73,44.0,20.0,31.0,是
0703002-0918-15-42-gnss_raw.txt,2436,459802.000,GLONASS,74,61.0,287.0,37.0,是
0703002-0918-15-42-gnss_raw.txt,2436,459802.000,GLONASS,90,0.0,0.0,40.0,是
0703002-0918-15-42-gnss_raw.txt,2436,459802.000,Galileo,19,53.0,329.0,35.0,是
0703002-0918-15-42-gnss_raw.txt,2436,459802.000,Galileo,21,75.0,185.0,32.0,是
0703002-0918-15-42-gnss_raw.txt,2436,459802.000,QZSS,2,57.0,124.0,29.0,是
0703002-0918-15-42-gnss_raw.txt,2436,459802.000,QZSS,7,53.0,169.0,23.0,是
0703002-0918-15-42-gnss_raw.txt,2436,459802.000,BDS,2,34.0,241.0,32.0,是
0703002-0918-15-42-gnss_raw.txt,2436,459802.000,BDS,7,63.0,340.0,32.0,是
0703002-0918-15-42-gnss_raw.txt,2436,459802.000,BDS,10,62.0,318.0,32.0,是
0703002-0918-15-42-gnss_raw.txt,2436,459802.000,BDS,21,35.0,316.0,26.0,是
0703002-0918-15-42-gnss_raw.txt,2436,459802.000,BDS,22,74.0,231.0,32.0,是
0703002-0918-15-42-gnss_raw.txt,2436,459802.000,BDS,36,59.0,24.0,33.0,是
0703002-0918-15-42-gnss_raw.txt,2436,459802.000,BDS,39,54.0,273.0,34.0,是
0703002-0918-15-42-gnss_raw.txt,2436,459803.000,GPS,26,57.0,237.0,36.0,是
0703002-0918-15-42-gnss_raw.txt,2436,459803.000,GPS,28,58.0,16.0,31.0,是
0703002-0918-15-42-gnss_raw.txt,2436,459803.000,GPS,31,52.0,319.0,36.0,是
0703002-0918-15-42-gnss_raw.txt,2436,459803.000,GPS,32,63.0,124.0,32.0,是
0703002-0918-15-42-gnss_raw.txt,2436,459803.000,GLONASS,71,78.0,155.0,31.0,是
0703002-0918-15-42-gnss_raw.txt,2436,459803.000,GLONASS,72,43.0,330.0,35.0,是
0703002-0918-15-42-gnss_raw.txt,2436,459803.000,GLONASS,73,44.0,20.0,30.0,是
0703002-0918-15-42-gnss_raw.txt,2436,459803.000,GLONASS,74,61.0,287.0,37.0,是
0703002-0918-15-42-gnss_raw.txt,2436,459803.000,GLONASS,90,0.0,0.0,40.0,是
0703002-0918-15-42-gnss_raw.txt,2436,459803.000,Galileo,19,53.0,329.0,34.0,是
0703002-0918-15-42-gnss_raw.txt,2436,459803.000,Galileo,21,75.0,185.0,33.0,是
0703002-0918-15-42-gnss_raw.txt,2436,459803.000,QZSS,2,57.0,124.0,29.0,是
0703002-0918-15-42-gnss_raw.txt,2436,459803.000,QZSS,7,0.0,0.0,23.0,是
0703002-0918-15-42-gnss_raw.txt,2436,459803.000,BDS,2,34.0,241.0,32.0,是
0703002-0918-15-42-gnss_raw.txt,2436,459803.000,BDS,7,63.0,340.0,32.0,是
0703002-0918-15-42-gnss_raw.txt,2436,459803.000,BDS,10,62.0,318.0,32.0,是
0703002-0918-15-42-gnss_raw.txt,2436,459803.000,BDS,21,35.0,316.0,27.0,是
0703002-0918-15-42-gnss_raw.txt,2436,459803.000,BDS,22,74.0,231.0,32.0,是
0703002-0918-15-42-gnss_raw.txt,2436,459803.000,BDS,36,59.0,24.0,33.0,是
0703002-0918-15-42-gnss_raw.txt,2436,459803.000,BDS,39,54.0,273.0,34.0,是
0703002-0918-15-42-gnss_raw.txt,2436,459804.000,GPS,26,57.0,237.0,36.0,是
0703002-0918-15-42-gnss_raw.txt,2436,459804.000,GPS,28,58.0,16.0,31.0,是
0703002-0918-15-42-gnss_raw.txt,2436,459804.000,GPS,31,53.0,319.0,36.0,是
0703002-0918-15-42-gnss_raw.txt,2436,459804.000,GPS,32,63.0,124.0,32.0,是
0703002-0918-15-42-gnss_raw.txt,2436,459804.000,GLONASS,71,78.0,155.0,33.0,是
0703002-0918-15-42-gnss_raw.txt,2436,459804.000,GLONASS,72,43.0,330.0,35.0,是
0703002-0918-15-42-gnss_raw.txt,2436,459804.000,GLONASS,73,44.0,20.0,31.0,是
0703002-0918-15-42-gnss_raw.txt,2436,459804.000,GLONASS,74,61.0,287.0,36.0,是
0703002-0918-15-42-gnss_raw.txt,2436,459804.000,GLONASS,90,0.0,0.0,40.0,是
0703002-0918-15-42-gnss_raw.txt,2436,459804.000,Galileo,19,53.0,329.0,34.0,是
0703002-0918-15-42-gnss_raw.txt,2436,459804.000,Galileo,21,75.0,185.0,32.0,是
0703002-0918-15-42-gnss_raw.txt,2436,459804.000,QZSS,2,57.0,124.0,28.0,是
0703002-0918-15-42-gnss_raw.txt,2436,459804.000,QZSS,7,0.0,0.0,23.0,是
0703002-0918-15-42-gnss_raw.txt,2436,459804.000,BDS,2,34.0,241.0,31.0,是
0703002-0918-15-42-gnss_raw.txt,2436,459804.000,BDS,7,63.0,340.0,33.0,是
0703002-0918-15-42-gnss_raw.txt,2436,459804.000,BDS,10,62.0,318.0,32.0,是
0703002-0918-15-42-gnss_raw.txt,2436,459804.000,BDS,21,35.0,316.0,27.0,是
0703002-0918-15-42-gnss_raw.txt,2436,459804.000,BDS,22,74.0,231.0,32.0,是
0703002-0918-15-42-gnss_raw.txt,2436,459804.000,BDS,36,59.0,24.0,33.0,是
0703002-0918-15-42-gnss_raw.txt,2436,459804.000,BDS,39,54.0,273.0,34.0,是
0703002-0918-15-42-gnss_raw.txt,2436,459805.000,GPS,26,57.0,237.0,36.0,是
0703002-0918-15-42-gnss_raw.txt,2436,459805.000,GPS,28,58.0,16.0,31.0,是
0703002-0918-15-42-gnss_raw.txt,2436,459805.000,GPS,31,53.0,319.0,36.0,是
0703002-0918-15-42-gnss_raw.txt,2436,459805.000,GPS,32,63.0,124.0,32.0,是
0703002-0918-15-42-gnss_raw.txt,2436,459805.000,GLONASS,71,78.0,155.0,32.0,是
0703002-0918-15-42-gnss_raw.txt,2436,459805.000,GLONASS,72,43.0,330.0,34.0,是
0703002-0918-15-42-gnss_raw.txt,2436,459805.000,GLONASS,73,44.0,20.0,31.0,是
0703002-0918-15-42-gnss_raw.txt,2436,459805.000,GLONASS,74,61.0,287.0,36.0,是
0703002-0918-15-42-gnss_raw.txt,2436,459805.000,GLONASS,90,0.0,0.0,40.0,是
0703002-0918-15-42-gnss_raw.txt,2436,459805.000,Galileo,19,53.0,329.0,34.0,是
0703002-0918-15-42-gnss_raw.txt,2436,459805.000,Galileo,21,75.0,185.0,32.0,是
0703002-0918-15-42-gnss_raw.txt,2436,459805.000,QZSS,2,57.0,124.0,29.0,是
0703002-0918-15-42-gnss_raw.txt,2436,459805.000,QZSS,7,53.0,169.0,23.0,是
0703002-0918-15-42-gnss_raw.txt,2436,459805.000,BDS,2,34.0,241.0,32.0,是
0703002-0918-15-42-gnss_raw.txt,2436,459805.000,BDS,7,63.0,340.0,32.0,是
0703002-0918-15-42-gnss_raw.txt,2436,459805.000,BDS,10,62.0,318.0,32.0,是
0703002-0918-15-42-gnss_raw.txt,2436,459805.000,BDS,21,35.0,316.0,26.0,是
0703002-0918-15-42-gnss_raw.txt,2436,459805.000,BDS,22,74.0,231.0,32.0,是
0703002-0918-15-42-gnss_raw.txt,2436,459805.000,BDS,36,59.0,24.0,33.0,是
0703002-0918-15-42-gnss_raw.txt,2436,459805.000,BDS,39,54.0,273.0,34.0,是
0703002-0918-15-42-gnss_raw.txt,2436,459806.000,GPS,26,57.0,237.0,36.0,是
0703002-0918-15-42-gnss_raw.txt,2436,459806.000,GPS,28,58.0,16.0,31.0,是
0703002-0918-15-42-gnss_raw.txt,2436,459806.000,GPS,31,53.0,319.0,36.0,是
0703002-0918-15-42-gnss_raw.txt,2436,459806.000,GPS,32,63.0,124.0,32.0,是
0703002-0918-15-42-gnss_raw.txt,2436,459806.000,GLONASS,71,78.0,155.0,32.0,是
0703002-0918-15-42-gnss_raw.txt,2436,459806.000,GLONASS,72,43.0,330.0,35.0,是
0703002-0918-15-42-gnss_raw.txt,2436,459806.000,GLONASS,73,44.0,20.0,30.0,是
0703002-0918-15-42-gnss_raw.txt,2436,459806.000,GLONASS,74,61.0,287.0,36.0,是
0703002-0918-15-42-gnss_raw.txt,2436,459806.000,GLONASS,90,0.0,0.0,40.0,是
0703002-0918-15-42-gnss_raw.txt,2436,459806.000,Galileo,19,53.0,329.0,35.0,是
0703002-0918-15-42-gnss_raw.txt,2436,459806.000,Galileo,21,75.0,185.0,33.0,是
0703002-0918-15-42-gnss_raw.txt,2436,459806.000,QZSS,2,57.0,124.0,28.0,是
0703002-0918-15-42-gnss_raw.txt,2436,459806.000,QZSS,7,53.0,169.0,24.0,是
0703002-0918-15-42-gnss_raw.txt,2436,459806.000,BDS,2,34.0,241.0,31.0,是
0703002-0918-15-42-gnss_raw.txt,2436,459806.000,BDS,7,63.0,340.0,32.0,是
0703002-0918-15-42-gnss_raw.txt,2436,459806.000,BDS,10,62.0,318.0,32.0,是
0703002-0918-15-42-gnss_raw.txt,2436,459806.000,BDS,21,35.0,316.0,26.0,是
0703002-0918-15-42-gnss_raw.txt,2436,459806.000,BDS,22,74.0,231.0,32.0,是
0703002-0918-15-42-gnss_raw.txt,2436,459806.000,BDS,36,59.0,24.0,32.0,是
0703002-0918-15-42-gnss_raw.txt,2436,459806.000,BDS,39,54.0,273.0,34.0,是
0703002-0918-15-42-gnss_raw.txt,2436,459807.000,GPS,26,57.0,237.0,36.0,是
0703002-0918-15-42-gnss_raw.txt,2436,459807.000,GPS,28,58.0,16.0,31.0,是
0703002-0918-15-42-gnss_raw.txt,2436,459807.000,GPS,31,53.0,319.0,36.0,是
0703002-0918-15-42-gnss_raw.txt,2436,459807.000,GPS,32,63.0,124.0,33.0,是
0703002-0918-15-42-gnss_raw.txt,2436,459807.000,GLONASS,71,78.0,155.0,32.0,是
0703002-0918-15-42-gnss_raw.txt,2436,459807.000,GLONASS,72,43.0,330.0,35.0,是
0703002-0918-15-42-gnss_raw.txt,2436,459807.000,GLONASS,73,44.0,20.0,32.0,是
0703002-0918-15-42-gnss_raw.txt,2436,459807.000,GLONASS,74,61.0,287.0,36.0,是
0703002-0918-15-42-gnss_raw.txt,2436,459807.000,GLONASS,90,0.0,0.0,40.0,是
0703002-0918-15-42-gnss_raw.txt,2436,459807.000,Galileo,19,53.0,329.0,35.0,是
0703002-0918-15-42-gnss_raw.txt,2436,459807.000,Galileo,21,75.0,185.0,35.0,是
0703002-0918-15-42-gnss_raw.txt,2436,459807.000,QZSS,2,57.0,124.0,29.0,是
0703002-0918-15-42-gnss_raw.txt,2436,459807.000,QZSS,7,0.0,0.0,23.0,是
0703002-0918-15-42-gnss_raw.txt,2436,459807.000,BDS,2,34.0,241.0,31.0,是
0703002-0918-15-42-gnss_raw.txt,2436,459807.000,BDS,7,63.0,340.0,32.0,是
0703002-0918-15-42-gnss_raw.txt,2436,459807.000,BDS,10,62.0,318.0,32.0,是
0703002-0918-15-42-gnss_raw.txt,2436,459807.000,BDS,21,35.0,316.0,26.0,是
0703002-0918-15-42-gnss_raw.txt,2436,459807.000,BDS,22,74.0,231.0,32.0,是
0703002-0918-15-42-gnss_raw.txt,2436,459807.000,BDS,36,59.0,24.0,32.0,是
0703002-0918-15-42-gnss_raw.txt,2436,459807.000,BDS,39,54.0,273.0,34.0,是
0703002-0918-15-42-gnss_raw.txt,2436,459808.000,GPS,26,57.0,237.0,36.0,是
0703002-0918-15-42-gnss_raw.txt,2436,459808.000,GPS,28,58.0,16.0,31.0,是
0703002-0918-15-42-gnss_raw.txt,2436,459808.000,GPS,31,53.0,319.0,36.0,是
0703002-0918-15-42-gnss_raw.txt,2436,459808.000,GPS,32,63.0,124.0,33.0,是
0703002-0918-15-42-gnss_raw.txt,2436,459808.000,GLONASS,71,78.0,155.0,32.0,是
0703002-0918-15-42-gnss_raw.txt,2436,459808.000,GLONASS,72,43.0,330.0,35.0,是
0703002-0918-15-42-gnss_raw.txt,2436,459808.000,GLONASS,73,44.0,20.0,33.0,是
0703002-0918-15-42-gnss_raw.txt,2436,459808.000,GLONASS,74,61.0,287.0,36.0,是
0703002-0918-15-42-gnss_raw.txt,2436,459808.000,GLONASS,90,0.0,0.0,40.0,是
0703002-0918-15-42-gnss_raw.txt,2436,459808.000,Galileo,19,53.0,329.0,34.0,是
0703002-0918-15-42-gnss_raw.txt,2436,459808.000,Galileo,21,75.0,185.0,33.0,是
0703002-0918-15-42-gnss_raw.txt,2436,459808.000,QZSS,2,57.0,124.0,28.0,是
0703002-0918-15-42-gnss_raw.txt,2436,459808.000,QZSS,7,0.0,0.0,23.0,是
0703002-0918-15-42-gnss_raw.txt,2436,459808.000,BDS,2,34.0,241.0,30.0,是
0703002-0918-15-42-gnss_raw.txt,2436,459808.000,BDS,7,63.0,340.0,32.0,是
0703002-0918-15-42-gnss_raw.txt,2436,459808.000,BDS,10,62.0,318.0,33.0,是
0703002-0918-15-42-gnss_raw.txt,2436,459808.000,BDS,19,0.0,0.0,26.0,是
0703002-0918-15-42-gnss_raw.txt,2436,459808.000,BDS,21,35.0,315.0,27.0,是
0703002-0918-15-42-gnss_raw.txt,2436,459808.000,BDS,22,74.0,231.0,32.0,是
0703002-0918-15-42-gnss_raw.txt,2436,459808.000,BDS,36,59.0,24.0,32.0,是
0703002-0918-15-42-gnss_raw.txt,2436,459808.000,BDS,39,54.0,273.0,34.0,是
0703002-0918-15-42-gnss_raw.txt,2436,459809.000,GPS,26,57.0,237.0,36.0,是
0703002-0918-15-42-gnss_raw.txt,2436,459809.000,GPS,28,58.0,16.0,32.0,是
0703002-0918-15-42-gnss_raw.txt,2436,459809.000,GPS,31,53.0,319.0,36.0,是
0703002-0918-15-42-gnss_raw.txt,2436,459809.000,GPS,32,63.0,124.0,33.0,是
0703002-0918-15-42-gnss_raw.txt,2436,459809.000,GLONASS,71,78.0,155.0,32.0,是
0703002-0918-15-42-gnss_raw.txt,2436,459809.000,GLONASS,72,43.0,330.0,35.0,是
0703002-0918-15-42-gnss_raw.txt,2436,459809.000,GLONASS,73,44.0,20.0,33.0,是
0703002-0918-15-42-gnss_raw.txt,2436,459809.000,GLONASS,74,61.0,287.0,37.0,是
0703002-0918-15-42-gnss_raw.txt,2436,459809.000,GLONASS,90,0.0,0.0,40.0,是
0703002-0918-15-42-gnss_raw.txt,2436,459809.000,Galileo,19,53.0,329.0,34.0,是
0703002-0918-15-42-gnss_raw.txt,2436,459809.000,Galileo,21,75.0,185.0,33.0,是
0703002-0918-15-42-gnss_raw.txt,2436,459809.000,QZSS,2,57.0,124.0,28.0,是
0703002-0918-15-42-gnss_raw.txt,2436,459809.000,QZSS,7,0.0,0.0,23.0,是
0703002-0918-15-42-gnss_raw.txt,2436,459809.000,BDS,2,34.0,241.0,31.0,是
0703002-0918-15-42-gnss_raw.txt,2436,459809.000,BDS,7,63.0,340.0,33.0,是
0703002-0918-15-42-gnss_raw.txt,2436,459809.000,BDS,10,62.0,318.0,33.0,是
0703002-0918-15-42-gnss_raw.txt,2436,459809.000,BDS,19,0.0,0.0,24.0,是
0703002-0918-15-42-gnss_raw.txt,2436,459809.000,BDS,21,35.0,315.0,27.0,是
0703002-0918-15-42-gnss_raw.txt,2436,459809.000,BDS,22,74.0,231.0,32.0,是
0703002-0918-15-42-gnss_raw.txt,2436,459809.000,BDS,36,59.0,24.0,32.0,是
0703002-0918-15-42-gnss_raw.txt,2436,459809.000,BDS,39,54.0,273.0,34.0,是
0703002-0918-15-42-gnss_raw.txt,2436,459810.000,GPS,26,57.0,237.0,36.0,是
0703002-0918-15-42-gnss_raw.txt,2436,459810.000,GPS,28,58.0,16.0,32.0,是
0703002-0918-15-42-gnss_raw.txt,2436,459810.000,GPS,31,53.0,319.0,36.0,是
0703002-0918-15-42-gnss_raw.txt,2436,459810.000,GPS,32,63.0,124.0,33.0,是
0703002-0918-15-42-gnss_raw.txt,2436,459810.000,GLONASS,71,78.0,155.0,32.0,是
0703002-0918-15-42-gnss_raw.txt,2436,459810.000,GLONASS,72,43.0,330.0,35.0,是
0703002-0918-15-42-gnss_raw.txt,2436,459810.000,GLONASS,73,44.0,20.0,34.0,是
0703002-0918-15-42-gnss_raw.txt,2436,459810.000,GLONASS,74,61.0,287.0,36.0,是
0703002-0918-15-42-gnss_raw.txt,2436,459810.000,GLONASS,90,0.0,0.0,40.0,是
0703002-0918-15-42-gnss_raw.txt,2436,459810.000,Galileo,19,53.0,329.0,34.0,是
0703002-0918-15-42-gnss_raw.txt,2436,459810.000,Galileo,21,75.0,185.0,33.0,是
0703002-0918-15-42-gnss_raw.txt,2436,459810.000,QZSS,2,57.0,124.0,29.0,是
0703002-0918-15-42-gnss_raw.txt,2436,459810.000,QZSS,7,0.0,0.0,24.0,是
0703002-0918-15-42-gnss_raw.txt,2436,459810.000,BDS,2,34.0,241.0,31.0,是
0703002-0918-15-42-gnss_raw.txt,2436,459810.000,BDS,7,63.0,340.0,33.0,是
0703002-0918-15-42-gnss_raw.txt,2436,459810.000,BDS,10,62.0,318.0,32.0,是
0703002-0918-15-42-gnss_raw.txt,2436,459810.000,BDS,19,0.0,0.0,23.0,是
0703002-0918-15-42-gnss_raw.txt,2436,459810.000,BDS,21,35.0,315.0,27.0,是
0703002-0918-15-42-gnss_raw.txt,2436,459810.000,BDS,22,74.0,231.0,32.0,是
0703002-0918-15-42-gnss_raw.txt,2436,459810.000,BDS,36,59.0,24.0,32.0,是
0703002-0918-15-42-gnss_raw.txt,2436,459810.000,BDS,39,54.0,273.0,34.0,是
0703002-0918-15-42-gnss_raw.txt,2436,459811.000,GPS,26,57.0,237.0,36.0,是
0703002-0918-15-42-gnss_raw.txt,2436,459811.000,GPS,28,58.0,16.0,31.0,是
0703002-0918-15-42-gnss_raw.txt,2436,459811.000,GPS,31,53.0,319.0,36.0,是
0703002-0918-15-42-gnss_raw.txt,2436,459811.000,GPS,32,63.0,124.0,32.0,是
0703002-0918-15-42-gnss_raw.txt,2436,459811.000,GLONASS,71,78.0,155.0,33.0,是
0703002-0918-15-42-gnss_raw.txt,2436,459811.000,GLONASS,72,43.0,330.0,34.0,是
0703002-0918-15-42-gnss_raw.txt,2436,459811.000,GLONASS,73,44.0,20.0,34.0,是
0703002-0918-15-42-gnss_raw.txt,2436,459811.000,GLONASS,74,61.0,287.0,36.0,是
0703002-0918-15-42-gnss_raw.txt,2436,459811.000,GLONASS,90,0.0,0.0,40.0,是
0703002-0918-15-42-gnss_raw.txt,2436,459811.000,Galileo,19,53.0,329.0,34.0,是
0703002-0918-15-42-gnss_raw.txt,2436,459811.000,Galileo,21,76.0,185.0,33.0,是
0703002-0918-15-42-gnss_raw.txt,2436,459811.000,QZSS,2,57.0,124.0,29.0,是
0703002-0918-15-42-gnss_raw.txt,2436,459811.000,QZSS,7,0.0,0.0,23.0,是
0703002-0918-15-42-gnss_raw.txt,2436,459811.000,BDS,2,34.0,241.0,32.0,是
0703002-0918-15-42-gnss_raw.txt,2436,459811.000,BDS,7,63.0,340.0,33.0,是
0703002-0918-15-42-gnss_raw.txt,2436,459811.000,BDS,10,62.0,318.0,32.0,是
0703002-0918-15-42-gnss_raw.txt,2436,459811.000,BDS,19,0.0,0.0,22.0,是
0703002-0918-15-42-gnss_raw.txt,2436,459811.000,BDS,21,35.0,315.0,27.0,是
0703002-0918-15-42-gnss_raw.txt,2436,459811.000,BDS,22,74.0,231.0,32.0,是
0703002-0918-15-42-gnss_raw.txt,2436,459811.000,BDS,36,59.0,24.0,32.0,是
0703002-0918-15-42-gnss_raw.txt,2436,459811.000,BDS,39,54.0,273.0,34.0,是
0703002-0918-15-42-gnss_raw.txt,2436,459812.000,GPS,26,57.0,237.0,35.0,是
0703002-0918-15-42-gnss_raw.txt,2436,459812.000,GPS,28,58.0,16.0,31.0,是
0703002-0918-15-42-gnss_raw.txt,2436,459812.000,GPS,31,53.0,319.0,36.0,是
0703002-0918-15-42-gnss_raw.txt,2436,459812.000,GPS,32,63.0,124.0,32.0,是
0703002-0918-15-42-gnss_raw.txt,2436,459812.000,GLONASS,71,78.0,155.0,32.0,是
0703002-0918-15-42-gnss_raw.txt,2436,459812.000,GLONASS,72,43.0,330.0,34.0,是
0703002-0918-15-42-gnss_raw.txt,2436,459812.000,GLONASS,73,44.0,20.0,33.0,是
0703002-0918-15-42-gnss_raw.txt,2436,459812.000,GLONASS,74,61.0,287.0,36.0,是
0703002-0918-15-42-gnss_raw.txt,2436,459812.000,GLONASS,90,0.0,0.0,40.0,是
0703002-0918-15-42-gnss_raw.txt,2436,459812.000,Galileo,19,53.0,329.0,32.0,是
0703002-0918-15-42-gnss_raw.txt,2436,459812.000,Galileo,21,76.0,185.0,32.0,是
0703002-0918-15-42-gnss_raw.txt,2436,459812.000,QZSS,2,57.0,124.0,29.0,是
0703002-0918-15-42-gnss_raw.txt,2436,459812.000,QZSS,7,0.0,0.0,23.0,是
0703002-0918-15-42-gnss_raw.txt,2436,459812.000,BDS,2,34.0,241.0,31.0,是
0703002-0918-15-42-gnss_raw.txt,2436,459812.000,BDS,7,63.0,340.0,33.0,是
0703002-0918-15-42-gnss_raw.txt,2436,459812.000,BDS,10,62.0,318.0,32.0,是
0703002-0918-15-42-gnss_raw.txt,2436,459812.000,BDS,19,0.0,0.0,21.0,是
0703002-0918-15-42-gnss_raw.txt,2436,459812.000,BDS,21,35.0,315.0,27.0,是
0703002-0918-15-42-gnss_raw.txt,2436,459812.000,BDS,22,74.0,231.0,32.0,是
0703002-0918-15-42-gnss_raw.txt,2436,459812.000,BDS,36,59.0,24.0,32.0,是
0703002-0918-15-42-gnss_raw.txt,2436,459812.000,BDS,39,54.0,273.0,34.0,是
0703002-0918-15-42-gnss_raw.txt,2436,459813.000,GPS,26,57.0,238.0,35.0,是
0703002-0918-15-42-gnss_raw.txt,2436,459813.000,GPS,28,58.0,16.0,31.0,是
0703002-0918-15-42-gnss_raw.txt,2436,459813.000,GPS,31,53.0,319.0,36.0,是
0703002-0918-15-42-gnss_raw.txt,2436,459813.000,GPS,32,63.0,124.0,32.0,是
0703002-0918-15-42-gnss_raw.txt,2436,459813.000,GLONASS,71,78.0,155.0,33.0,是
0703002-0918-15-42-gnss_raw.txt,2436,459813.000,GLONASS,72,43.0,330.0,34.0,是
0703002-0918-15-42-gnss_raw.txt,2436,459813.000,GLONASS,73,44.0,20.0,33.0,是
0703002-0918-15-42-gnss_raw.txt,2436,459813.000,GLONASS,74,61.0,287.0,36.0,是
0703002-0918-15-42-gnss_raw.txt,2436,459813.000,GLONASS,90,0.0,0.0,41.0,是
0703002-0918-15-42-gnss_raw.txt,2436,459813.000,Galileo,19,53.0,329.0,32.0,是
0703002-0918-15-42-gnss_raw.txt,2436,459813.000,Galileo,21,76.0,185.0,33.0,是
0703002-0918-15-42-gnss_raw.txt,2436,459813.000,QZSS,2,57.0,124.0,29.0,是
0703002-0918-15-42-gnss_raw.txt,2436,459813.000,QZSS,7,53.0,169.0,22.0,是
0703002-0918-15-42-gnss_raw.txt,2436,459813.000,BDS,2,34.0,241.0,32.0,是
0703002-0918-15-42-gnss_raw.txt,2436,459813.000,BDS,7,63.0,340.0,33.0,是
0703002-0918-15-42-gnss_raw.txt,2436,459813.000,BDS,10,62.0,318.0,32.0,是
0703002-0918-15-42-gnss_raw.txt,2436,459813.000,BDS,19,0.0,0.0,21.0,是
0703002-0918-15-42-gnss_raw.txt,2436,459813.000,BDS,21,35.0,315.0,27.0,是
0703002-0918-15-42-gnss_raw.txt,2436,459813.000,BDS,22,74.0,231.0,32.0,是
0703002-0918-15-42-gnss_raw.txt,2436,459813.000,BDS,36,59.0,24.0,32.0,是
0703002-0918-15-42-gnss_raw.txt,2436,459813.000,BDS,39,54.0,273.0,34.0,是
0703002-0918-15-42-gnss_raw.txt,2436,459814.000,GPS,26,57.0,238.0,35.0,是
0703002-0918-15-42-gnss_raw.txt,2436,459814.000,GPS,28,58.0,16.0,31.0,是
0703002-0918-15-42-gnss_raw.txt,2436,459814.000,GPS,31,53.0,319.0,36.0,是
0703002-0918-15-42-gnss_raw.txt,2436,459814.000,GPS,32,63.0,124.0,32.0,是
0703002-0918-15-42-gnss_raw.txt,2436,459814.000,GLONASS,71,78.0,155.0,32.0,是
0703002-0918-15-42-gnss_raw.txt,2436,459814.000,GLONASS,72,43.0,330.0,34.0,是
0703002-0918-15-42-gnss_raw.txt,2436,459814.000,GLONASS,73,44.0,20.0,32.0,是
0703002-0918-15-42-gnss_raw.txt,2436,459814.000,GLONASS,74,61.0,287.0,36.0,是
0703002-0918-15-42-gnss_raw.txt,2436,459814.000,GLONASS,90,0.0,0.0,41.0,是
0703002-0918-15-42-gnss_raw.txt,2436,459814.000,Galileo,19,53.0,329.0,33.0,是
0703002-0918-15-42-gnss_raw.txt,2436,459814.000,Galileo,21,76.0,185.0,32.0,是
0703002-0918-15-42-gnss_raw.txt,2436,459814.000,QZSS,2,57.0,124.0,29.0,是
0703002-0918-15-42-gnss_raw.txt,2436,459814.000,QZSS,7,0.0,0.0,22.0,是
0703002-0918-15-42-gnss_raw.txt,2436,459814.000,BDS,2,34.0,241.0,30.0,是
0703002-0918-15-42-gnss_raw.txt,2436,459814.000,BDS,7,63.0,340.0,33.0,是
0703002-0918-15-42-gnss_raw.txt,2436,459814.000,BDS,10,62.0,318.0,32.0,是
0703002-0918-15-42-gnss_raw.txt,2436,459814.000,BDS,19,0.0,0.0,20.0,是
0703002-0918-15-42-gnss_raw.txt,2436,459814.000,BDS,21,35.0,315.0,27.0,是
0703002-0918-15-42-gnss_raw.txt,2436,459814.000,BDS,22,74.0,231.0,32.0,是
0703002-0918-15-42-gnss_raw.txt,2436,459814.000,BDS,36,59.0,24.0,32.0,是
0703002-0918-15-42-gnss_raw.txt,2436,459814.000,BDS,39,54.0,273.0,34.0,是
0703002-0918-15-42-gnss_raw.txt,2436,459815.000,GPS,26,57.0,238.0,35.0,是
0703002-0918-15-42-gnss_raw.txt,2436,459815.000,GPS,28,58.0,16.0,31.0,是
0703002-0918-15-42-gnss_raw.txt,2436,459815.000,GPS,31,53.0,319.0,36.0,是
0703002-0918-15-42-gnss_raw.txt,2436,459815.000,GPS,32,63.0,124.0,32.0,是
0703002-0918-15-42-gnss_raw.txt,2436,459815.000,GLONASS,71,78.0,155.0,33.0,是
0703002-0918-15-42-gnss_raw.txt,2436,459815.000,GLONASS,72,43.0,330.0,35.0,是
0703002-0918-15-42-gnss_raw.txt,2436,459815.000,GLONASS,73,44.0,20.0,35.0,是
0703002-0918-15-42-gnss_raw.txt,2436,459815.000,GLONASS,74,61.0,287.0,36.0,是
0703002-0918-15-42-gnss_raw.txt,2436,459815.000,GLONASS,90,0.0,0.0,41.0,是
0703002-0918-15-42-gnss_raw.txt,2436,459815.000,Galileo,19,53.0,329.0,33.0,是
0703002-0918-15-42-gnss_raw.txt,2436,459815.000,Galileo,21,76.0,185.0,34.0,是
0703002-0918-15-42-gnss_raw.txt,2436,459815.000,QZSS,2,57.0,124.0,29.0,是
0703002-0918-15-42-gnss_raw.txt,2436,459815.000,QZSS,7,53.0,169.0,22.0,是
0703002-0918-15-42-gnss_raw.txt,2436,459815.000,BDS,2,34.0,241.0,31.0,是
0703002-0918-15-42-gnss_raw.txt,2436,459815.000,BDS,7,63.0,340.0,33.0,是
0703002-0918-15-42-gnss_raw.txt,2436,459815.000,BDS,10,62.0,318.0,32.0,是
0703002-0918-15-42-gnss_raw.txt,2436,459815.000,BDS,19,0.0,0.0,21.0,是
0703002-0918-15-42-gnss_raw.txt,2436,459815.000,BDS,21,35.0,315.0,26.0,是
0703002-0918-15-42-gnss_raw.txt,2436,459815.000,BDS,22,74.0,231.0,32.0,是
0703002-0918-15-42-gnss_raw.txt,2436,459815.000,BDS,36,59.0,24.0,32.0,是
0703002-0918-15-42-gnss_raw.txt,2436,459815.000,BDS,39,54.0,273.0,34.0,是
0703002-0918-15-42-gnss_raw.txt,2436,459816.000,GPS,26,57.0,238.0,35.0,是
0703002-0918-15-42-gnss_raw.txt,2436,459816.000,GPS,28,58.0,16.0,31.0,是
0703002-0918-15-42-gnss_raw.txt,2436,459816.000,GPS,31,53.0,319.0,36.0,是
0703002-0918-15-42-gnss_raw.txt,2436,459816.000,GPS,32,63.0,124.0,32.0,是
0703002-0918-15-42-gnss_raw.txt,2436,459816.000,GLONASS,71,78.0,155.0,33.0,是
0703002-0918-15-42-gnss_raw.txt,2436,459816.000,GLONASS,72,43.0,330.0,35.0,是
0703002-0918-15-42-gnss_raw.txt,2436,459816.000,GLONASS,73,44.0,20.0,35.0,是
0703002-0918-15-42-gnss_raw.txt,2436,459816.000,GLONASS,74,61.0,287.0,36.0,是
0703002-0918-15-42-gnss_raw.txt,2436,459816.000,GLONASS,90,0.0,0.0,40.0,是
0703002-0918-15-42-gnss_raw.txt,2436,459816.000,Galileo,19,53.0,329.0,32.0,是
0703002-0918-15-42-gnss_raw.txt,2436,459816.000,Galileo,21,76.0,185.0,34.0,是
0703002-0918-15-42-gnss_raw.txt,2436,459816.000,Galileo,27,0.0,0.0,27.0,是
0703002-0918-15-42-gnss_raw.txt,2436,459816.000,QZSS,2,57.0,124.0,30.0,是
0703002-0918-15-42-gnss_raw.txt,2436,459816.000,QZSS,7,0.0,0.0,24.0,是
0703002-0918-15-42-gnss_raw.txt,2436,459816.000,BDS,2,34.0,241.0,31.0,是
0703002-0918-15-42-gnss_raw.txt,2436,459816.000,BDS,7,63.0,340.0,33.0,是
0703002-0918-15-42-gnss_raw.txt,2436,459816.000,BDS,10,62.0,318.0,32.0,是
0703002-0918-15-42-gnss_raw.txt,2436,459816.000,BDS,19,0.0,0.0,22.0,是
0703002-0918-15-42-gnss_raw.txt,2436,459816.000,BDS,21,0.0,0.0,24.0,是
0703002-0918-15-42-gnss_raw.txt,2436,459816.000,BDS,22,74.0,231.0,32.0,是
0703002-0918-15-42-gnss_raw.txt,2436,459816.000,BDS,36,59.0,24.0,32.0,是
0703002-0918-15-42-gnss_raw.txt,2436,459816.000,BDS,39,54.0,273.0,35.0,是
0703002-0918-15-42-gnss_raw.txt,2436,459817.000,GPS,26,57.0,238.0,35.0,是
0703002-0918-15-42-gnss_raw.txt,2436,459817.000,GPS,28,58.0,16.0,31.0,是
0703002-0918-15-42-gnss_raw.txt,2436,459817.000,GPS,31,53.0,319.0,36.0,是
0703002-0918-15-42-gnss_raw.txt,2436,459817.000,GPS,32,63.0,124.0,32.0,是
0703002-0918-15-42-gnss_raw.txt,2436,459817.000,GLONASS,71,78.0,155.0,32.0,是
0703002-0918-15-42-gnss_raw.txt,2436,459817.000,GLONASS,72,43.0,330.0,34.0,是
0703002-0918-15-42-gnss_raw.txt,2436,459817.000,GLONASS,73,44.0,20.0,35.0,是
0703002-0918-15-42-gnss_raw.txt,2436,459817.000,GLONASS,74,61.0,287.0,36.0,是
0703002-0918-15-42-gnss_raw.txt,2436,459817.000,GLONASS,90,0.0,0.0,38.0,是
0703002-0918-15-42-gnss_raw.txt,2436,459817.000,Galileo,19,53.0,329.0,33.0,是
0703002-0918-15-42-gnss_raw.txt,2436,459817.000,Galileo,21,76.0,185.0,32.0,是
0703002-0918-15-42-gnss_raw.txt,2436,459817.000,Galileo,27,0.0,0.0,29.0,是
0703002-0918-15-42-gnss_raw.txt,2436,459817.000,QZSS,2,57.0,124.0,28.0,是
0703002-0918-15-42-gnss_raw.txt,2436,459817.000,QZSS,7,0.0,0.0,22.0,是
0703002-0918-15-42-gnss_raw.txt,2436,459817.000,BDS,2,34.0,241.0,30.0,是
0703002-0918-15-42-gnss_raw.txt,2436,459817.000,BDS,7,63.0,340.0,33.0,是
0703002-0918-15-42-gnss_raw.txt,2436,459817.000,BDS,10,62.0,318.0,32.0,是
0703002-0918-15-42-gnss_raw.txt,2436,459817.000,BDS,19,0.0,0.0,22.0,是
0703002-0918-15-42-gnss_raw.txt,2436,459817.000,BDS,21,35.0,315.0,24.0,是
0703002-0918-15-42-gnss_raw.txt,2436,459817.000,BDS,22,74.0,231.0,32.0,是
0703002-0918-15-42-gnss_raw.txt,2436,459817.000,BDS,36,59.0,24.0,32.0,是
0703002-0918-15-42-gnss_raw.txt,2436,459817.000,BDS,39,54.0,273.0,35.0,是
0703002-0918-15-42-gnss_raw.txt,2436,459818.000,GPS,26,57.0,238.0,35.0,是
0703002-0918-15-42-gnss_raw.txt,2436,459818.000,GPS,28,58.0,16.0,31.0,是
0703002-0918-15-42-gnss_raw.txt,2436,459818.000,GPS,31,53.0,319.0,36.0,是
0703002-0918-15-42-gnss_raw.txt,2436,459818.000,GPS,32,63.0,124.0,32.0,是
0703002-0918-15-42-gnss_raw.txt,2436,459818.000,GLONASS,71,78.0,155.0,32.0,是
0703002-0918-15-42-gnss_raw.txt,2436,459818.000,GLONASS,72,43.0,330.0,36.0,是
0703002-0918-15-42-gnss_raw.txt,2436,459818.000,GLONASS,73,44.0,20.0,34.0,是
0703002-0918-15-42-gnss_raw.txt,2436,459818.000,GLONASS,74,61.0,287.0,35.0,是
0703002-0918-15-42-gnss_raw.txt,2436,459818.000,GLONASS,90,0.0,0.0,39.0,是
0703002-0918-15-42-gnss_raw.txt,2436,459818.000,Galileo,19,53.0,329.0,34.0,是
0703002-0918-15-42-gnss_raw.txt,2436,459818.000,Galileo,21,76.0,185.0,33.0,是
0703002-0918-15-42-gnss_raw.txt,2436,459818.000,Galileo,27,0.0,0.0,29.0,是
0703002-0918-15-42-gnss_raw.txt,2436,459818.000,QZSS,2,57.0,124.0,27.0,是
0703002-0918-15-42-gnss_raw.txt,2436,459818.000,QZSS,7,0.0,0.0,21.0,是
0703002-0918-15-42-gnss_raw.txt,2436,459818.000,BDS,2,34.0,241.0,31.0,是
0703002-0918-15-42-gnss_raw.txt,2436,459818.000,BDS,7,63.0,340.0,33.0,是
0703002-0918-15-42-gnss_raw.txt,2436,459818.000,BDS,10,62.0,318.0,32.0,是
0703002-0918-15-42-gnss_raw.txt,2436,459818.000,BDS,19,0.0,0.0,21.0,是
0703002-0918-15-42-gnss_raw.txt,2436,459818.000,BDS,21,35.0,315.0,25.0,是
0703002-0918-15-42-gnss_raw.txt,2436,459818.000,BDS,22,74.0,231.0,32.0,是
0703002-0918-15-42-gnss_raw.txt,2436,459818.000,BDS,36,59.0,24.0,33.0,是
0703002-0918-15-42-gnss_raw.txt,2436,459818.000,BDS,39,54.0,273.0,35.0,是
0703002-0918-15-42-gnss_raw.txt,2436,459819.000,GPS,26,57.0,238.0,34.0,是
0703002-0918-15-42-gnss_raw.txt,2436,459819.000,GPS,28,58.0,16.0,31.0,是
0703002-0918-15-42-gnss_raw.txt,2436,459819.000,GPS,31,53.0,319.0,37.0,是
0703002-0918-15-42-gnss_raw.txt,2436,459819.000,GPS,32,63.0,124.0,32.0,是
0703002-0918-15-42-gnss_raw.txt,2436,459819.000,GLONASS,71,78.0,155.0,32.0,是
0703002-0918-15-42-gnss_raw.txt,2436,459819.000,GLONASS,72,43.0,330.0,35.0,是
0703002-0918-15-42-gnss_raw.txt,2436,459819.000,GLONASS,74,61.0,287.0,35.0,是
0703002-0918-15-42-gnss_raw.txt,2436,459819.000,GLONASS,90,0.0,0.0,39.0,是
0703002-0918-15-42-gnss_raw.txt,2436,459819.000,Galileo,19,53.0,329.0,33.0,是
0703002-0918-15-42-gnss_raw.txt,2436,459819.000,Galileo,21,76.0,185.0,33.0,是
0703002-0918-15-42-gnss_raw.txt,2436,459819.000,Galileo,27,0.0,0.0,27.0,是
0703002-0918-15-42-gnss_raw.txt,2436,459819.000,QZSS,2,57.0,124.0,28.0,是
0703002-0918-15-42-gnss_raw.txt,2436,459819.000,QZSS,7,0.0,0.0,22.0,是
0703002-0918-15-42-gnss_raw.txt,2436,459819.000,BDS,2,34.0,241.0,29.0,是
0703002-0918-15-42-gnss_raw.txt,2436,459819.000,BDS,7,63.0,340.0,34.0,是
0703002-0918-15-42-gnss_raw.txt,2436,459819.000,BDS,10,62.0,318.0,32.0,是
0703002-0918-15-42-gnss_raw.txt,2436,459819.000,BDS,19,0.0,0.0,21.0,是
0703002-0918-15-42-gnss_raw.txt,2436,459819.000,BDS,21,35.0,315.0,25.0,是
0703002-0918-15-42-gnss_raw.txt,2436,459819.000,BDS,22,74.0,230.0,32.0,是
0703002-0918-15-42-gnss_raw.txt,2436,459819.000,BDS,36,59.0,24.0,32.0,是
0703002-0918-15-42-gnss_raw.txt,2436,459819.000,BDS,39,54.0,273.0,35.0,是
0703002-0918-15-42-gnss_raw.txt,2436,459820.000,GPS,26,57.0,238.0,34.0,是
0703002-0918-15-42-gnss_raw.txt,2436,459820.000,GPS,28,58.0,16.0,30.0,是
0703002-0918-15-42-gnss_raw.txt,2436,459820.000,GPS,31,53.0,319.0,36.0,是
0703002-0918-15-42-gnss_raw.txt,2436,459820.000,GPS,32,63.0,124.0,32.0,是
0703002-0918-15-42-gnss_raw.txt,2436,459820.000,GLONASS,71,78.0,155.0,31.0,是
0703002-0918-15-42-gnss_raw.txt,2436,459820.000,GLONASS,72,43.0,330.0,36.0,是
0703002-0918-15-42-gnss_raw.txt,2436,459820.000,GLONASS,74,61.0,288.0,35.0,是
0703002-0918-15-42-gnss_raw.txt,2436,459820.000,GLONASS,90,0.0,0.0,40.0,是
0703002-0918-15-42-gnss_raw.txt,2436,459820.000,Galileo,19,53.0,329.0,34.0,是
0703002-0918-15-42-gnss_raw.txt,2436,459820.000,Galileo,21,76.0,185.0,33.0,是
0703002-0918-15-42-gnss_raw.txt,2436,459820.000,QZSS,2,57.0,124.0,28.0,是
0703002-0918-15-42-gnss_raw.txt,2436,459820.000,QZSS,7,0.0,0.0,22.0,是
0703002-0918-15-42-gnss_raw.txt,2436,459820.000,BDS,2,34.0,241.0,31.0,是
0703002-0918-15-42-gnss_raw.txt,2436,459820.000,BDS,7,63.0,340.0,33.0,是
0703002-0918-15-42-gnss_raw.txt,2436,459820.000,BDS,10,62.0,318.0,32.0,是
0703002-0918-15-42-gnss_raw.txt,2436,459820.000,BDS,19,0.0,0.0,20.0,是
0703002-0918-15-42-gnss_raw.txt,2436,459820.000,BDS,21,35.0,315.0,25.0,是
0703002-0918-15-42-gnss_raw.txt,2436,459820.000,BDS,22,74.0,230.0,32.0,是
0703002-0918-15-42-gnss_raw.txt,2436,459820.000,BDS,36,59.0,24.0,32.0,是
0703002-0918-15-42-gnss_raw.txt,2436,459820.000,BDS,39,54.0,273.0,35.0,是
0703002-0918-15-42-gnss_raw.txt,2436,459821.000,GPS,26,57.0,238.0,34.0,是
0703002-0918-15-42-gnss_raw.txt,2436,459821.000,GPS,28,58.0,16.0,30.0,是
0703002-0918-15-42-gnss_raw.txt,2436,459821.000,GPS,31,53.0,319.0,36.0,是
0703002-0918-15-42-gnss_raw.txt,2436,459821.000,GPS,32,63.0,124.0,32.0,是
0703002-0918-15-42-gnss_raw.txt,2436,459821.000,GLONASS,71,78.0,155.0,32.0,是
0703002-0918-15-42-gnss_raw.txt,2436,459821.000,GLONASS,72,43.0,330.0,36.0,是
0703002-0918-15-42-gnss_raw.txt,2436,459821.000,GLONASS,73,0.0,0.0,18.0,是
0703002-0918-15-42-gnss_raw.txt,2436,459821.000,GLONASS,74,61.0,288.0,35.0,是
0703002-0918-15-42-gnss_raw.txt,2436,459821.000,GLONASS,90,0.0,0.0,40.0,是
0703002-0918-15-42-gnss_raw.txt,2436,459821.000,Galileo,19,53.0,329.0,35.0,是
0703002-0918-15-42-gnss_raw.txt,2436,459821.000,Galileo,21,76.0,185.0,32.0,是
0703002-0918-15-42-gnss_raw.txt,2436,459821.000,QZSS,2,57.0,124.0,28.0,是
0703002-0918-15-42-gnss_raw.txt,2436,459821.000,QZSS,7,53.0,169.0,22.0,是
0703002-0918-15-42-gnss_raw.txt,2436,459821.000,BDS,2,34.0,241.0,31.0,是
0703002-0918-15-42-gnss_raw.txt,2436,459821.000,BDS,7,63.0,340.0,33.0,是
0703002-0918-15-42-gnss_raw.txt,2436,459821.000,BDS,10,62.0,318.0,32.0,是
0703002-0918-15-42-gnss_raw.txt,2436,459821.000,BDS,19,0.0,0.0,20.0,是
0703002-0918-15-42-gnss_raw.txt,2436,459821.000,BDS,21,35.0,315.0,26.0,是
0703002-0918-15-42-gnss_raw.txt,2436,459821.000,BDS,22,74.0,230.0,32.0,是
0703002-0918-15-42-gnss_raw.txt,2436,459821.000,BDS,36,59.0,24.0,32.0,是
0703002-0918-15-42-gnss_raw.txt,2436,459821.000,BDS,39,54.0,273.0,35.0,是
0703002-0918-15-42-gnss_raw.txt,2436,459822.000,GPS,26,57.0,238.0,34.0,是
0703002-0918-15-42-gnss_raw.txt,2436,459822.000,GPS,28,58.0,16.0,28.0,是
0703002-0918-15-42-gnss_raw.txt,2436,459822.000,GPS,31,53.0,319.0,36.0,是
0703002-0918-15-42-gnss_raw.txt,2436,459822.000,GPS,32,63.0,124.0,32.0,是
0703002-0918-15-42-gnss_raw.txt,2436,459822.000,GLONASS,71,78.0,155.0,30.0,是
0703002-0918-15-42-gnss_raw.txt,2436,459822.000,GLONASS,72,43.0,330.0,35.0,是
0703002-0918-15-42-gnss_raw.txt,2436,459822.000,GLONASS,74,61.0,288.0,32.0,是
0703002-0918-15-42-gnss_raw.txt,2436,459822.000,GLONASS,90,0.0,0.0,40.0,是
0703002-0918-15-42-gnss_raw.txt,2436,459822.000,Galileo,19,53.0,329.0,32.0,是
0703002-0918-15-42-gnss_raw.txt,2436,459822.000,Galileo,21,76.0,185.0,32.0,是
0703002-0918-15-42-gnss_raw.txt,2436,459822.000,QZSS,2,57.0,124.0,28.0,是
0703002-0918-15-42-gnss_raw.txt,2436,459822.000,QZSS,7,0.0,0.0,22.0,是
0703002-0918-15-42-gnss_raw.txt,2436,459822.000,BDS,2,34.0,241.0,28.0,是
0703002-0918-15-42-gnss_raw.txt,2436,459822.000,BDS,7,63.0,340.0,32.0,是
0703002-0918-15-42-gnss_raw.txt,2436,459822.000,BDS,10,62.0,318.0,30.0,是
0703002-0918-15-42-gnss_raw.txt,2436,459822.000,BDS,19,0.0,0.0,20.0,是
0703002-0918-15-42-gnss_raw.txt,2436,459822.000,BDS,21,0.0,0.0,26.0,是
0703002-0918-15-42-gnss_raw.txt,2436,459822.000,BDS,22,74.0,230.0,32.0,是
0703002-0918-15-42-gnss_raw.txt,2436,459822.000,BDS,36,59.0,24.0,32.0,是
0703002-0918-15-42-gnss_raw.txt,2436,459822.000,BDS,39,54.0,273.0,34.0,是
0703002-0918-15-42-gnss_raw.txt,2436,459823.000,GPS,26,57.0,238.0,33.0,是
0703002-0918-15-42-gnss_raw.txt,2436,459823.000,GPS,28,58.0,16.0,26.0,是
0703002-0918-15-42-gnss_raw.txt,2436,459823.000,GPS,31,53.0,319.0,34.0,是
0703002-0918-15-42-gnss_raw.txt,2436,459823.000,GPS,32,63.0,124.0,32.0,是
0703002-0918-15-42-gnss_raw.txt,2436,459823.000,GLONASS,71,78.0,155.0,29.0,是
0703002-0918-15-42-gnss_raw.txt,2436,459823.000,GLONASS,72,43.0,330.0,30.0,是
0703002-0918-15-42-gnss_raw.txt,2436,459823.000,GLONASS,73,44.0,20.0,35.0,是
0703002-0918-15-42-gnss_raw.txt,2436,459823.000,GLONASS,74,61.0,288.0,28.0,是
0703002-0918-15-42-gnss_raw.txt,2436,459823.000,GLONASS,90,0.0,0.0,35.0,是
0703002-0918-15-42-gnss_raw.txt,2436,459823.000,Galileo,19,53.0,329.0,30.0,是
0703002-0918-15-42-gnss_raw.txt,2436,459823.000,Galileo,21,76.0,185.0,31.0,是
0703002-0918-15-42-gnss_raw.txt,2436,459823.000,QZSS,2,57.0,124.0,28.0,是
0703002-0918-15-42-gnss_raw.txt,2436,459823.000,QZSS,7,0.0,0.0,22.0,是
0703002-0918-15-42-gnss_raw.txt,2436,459823.000,BDS,2,0.0,0.0,27.0,是
0703002-0918-15-42-gnss_raw.txt,2436,459823.000,BDS,7,63.0,340.0,29.0,是
0703002-0918-15-42-gnss_raw.txt,2436,459823.000,BDS,10,62.0,318.0,27.0,是
0703002-0918-15-42-gnss_raw.txt,2436,459823.000,BDS,19,0.0,0.0,17.0,是
0703002-0918-15-42-gnss_raw.txt,2436,459823.000,BDS,21,0.0,0.0,23.0,是
0703002-0918-15-42-gnss_raw.txt,2436,459823.000,BDS,22,74.0,230.0,31.0,是
0703002-0918-15-42-gnss_raw.txt,2436,459823.000,BDS,36,59.0,24.0,30.0,是
0703002-0918-15-42-gnss_raw.txt,2436,459823.000,BDS,39,54.0,273.0,31.0,是
0703002-0918-15-42-gnss_raw.txt,2436,459824.000,GPS,26,57.0,238.0,31.0,是
0703002-0918-15-42-gnss_raw.txt,2436,459824.000,GPS,28,58.0,16.0,25.0,是
0703002-0918-15-42-gnss_raw.txt,2436,459824.000,GPS,31,53.0,319.0,31.0,是
0703002-0918-15-42-gnss_raw.txt,2436,459824.000,GPS,32,63.0,124.0,33.0,是
0703002-0918-15-42-gnss_raw.txt,2436,459824.000,GLONASS,71,78.0,155.0,29.0,是
0703002-0918-15-42-gnss_raw.txt,2436,459824.000,GLONASS,72,43.0,330.0,29.0,是
0703002-0918-15-42-gnss_raw.txt,2436,459824.000,GLONASS,73,44.0,20.0,34.0,是
0703002-0918-15-42-gnss_raw.txt,2436,459824.000,GLONASS,74,61.0,288.0,27.0,是
0703002-0918-15-42-gnss_raw.txt,2436,459824.000,GLONASS,90,0.0,0.0,33.0,是
0703002-0918-15-42-gnss_raw.txt,2436,459824.000,Galileo,19,53.0,329.0,28.0,是
0703002-0918-15-42-gnss_raw.txt,2436,459824.000,Galileo,21,76.0,185.0,32.0,是
0703002-0918-15-42-gnss_raw.txt,2436,459824.000,QZSS,2,57.0,124.0,29.0,是
0703002-0918-15-42-gnss_raw.txt,2436,459824.000,QZSS,7,53.0,169.0,22.0,是
0703002-0918-15-42-gnss_raw.txt,2436,459824.000,BDS,2,34.0,241.0,33.0,是
0703002-0918-15-42-gnss_raw.txt,2436,459824.000,BDS,7,63.0,340.0,26.0,是
0703002-0918-15-42-gnss_raw.txt,2436,459824.000,BDS,10,62.0,318.0,24.0,是
0703002-0918-15-42-gnss_raw.txt,2436,459824.000,BDS,19,0.0,0.0,17.0,是
0703002-0918-15-42-gnss_raw.txt,2436,459824.000,BDS,21,35.0,315.0,20.0,是
0703002-0918-15-42-gnss_raw.txt,2436,459824.000,BDS,22,74.0,230.0,31.0,是
0703002-0918-15-42-gnss_raw.txt,2436,459824.000,BDS,36,59.0,24.0,29.0,是
0703002-0918-15-42-gnss_raw.txt,2436,459824.000,BDS,39,54.0,273.0,28.0,是
0703002-0918-15-42-gnss_raw.txt,2436,459825.000,GPS,26,57.0,238.0,30.0,是
0703002-0918-15-42-gnss_raw.txt,2436,459825.000,GPS,28,58.0,16.0,26.0,是
0703002-0918-15-42-gnss_raw.txt,2436,459825.000,GPS,31,53.0,319.0,30.0,是
0703002-0918-15-42-gnss_raw.txt,2436,459825.000,GPS,32,63.0,124.0,33.0,是
0703002-0918-15-42-gnss_raw.txt,2436,459825.000,GLONASS,71,78.0,155.0,30.0,是
0703002-0918-15-42-gnss_raw.txt,2436,459825.000,GLONASS,72,43.0,330.0,28.0,是
0703002-0918-15-42-gnss_raw.txt,2436,459825.000,GLONASS,73,44.0,20.0,34.0,是
0703002-0918-15-42-gnss_raw.txt,2436,459825.000,GLONASS,74,61.0,288.0,28.0,是
0703002-0918-15-42-gnss_raw.txt,2436,459825.000,GLONASS,90,0.0,0.0,32.0,是
0703002-0918-15-42-gnss_raw.txt,2436,459825.000,Galileo,19,53.0,329.0,27.0,是
0703002-0918-15-42-gnss_raw.txt,2436,459825.000,Galileo,21,76.0,185.0,30.0,是
0703002-0918-15-42-gnss_raw.txt,2436,459825.000,QZSS,2,57.0,124.0,29.0,是
0703002-0918-15-42-gnss_raw.txt,2436,459825.000,QZSS,7,53.0,169.0,20.0,是
0703002-0918-15-42-gnss_raw.txt,2436,459825.000,BDS,2,34.0,241.0,26.0,是
0703002-0918-15-42-gnss_raw.txt,2436,459825.000,BDS,7,63.0,340.0,26.0,是
0703002-0918-15-42-gnss_raw.txt,2436,459825.000,BDS,10,62.0,318.0,25.0,是
0703002-0918-15-42-gnss_raw.txt,2436,459825.000,BDS,19,0.0,0.0,17.0,是
0703002-0918-15-42-gnss_raw.txt,2436,459825.000,BDS,21,0.0,0.0,17.0,是
0703002-0918-15-42-gnss_raw.txt,2436,459825.000,BDS,22,74.0,230.0,30.0,是
0703002-0918-15-42-gnss_raw.txt,2436,459825.000,BDS,36,58.0,24.0,29.0,是
0703002-0918-15-42-gnss_raw.txt,2436,459825.000,BDS,39,54.0,273.0,29.0,是
0703002-0918-15-42-gnss_raw.txt,2436,459826.000,GPS,26,57.0,238.0,30.0,是
0703002-0918-15-42-gnss_raw.txt,2436,459826.000,GPS,28,58.0,16.0,27.0,是
0703002-0918-15-42-gnss_raw.txt,2436,459826.000,GPS,31,53.0,319.0,30.0,是
0703002-0918-15-42-gnss_raw.txt,2436,459826.000,GPS,32,63.0,124.0,33.0,是
0703002-0918-15-42-gnss_raw.txt,2436,459826.000,GLONASS,71,78.0,155.0,31.0,是
0703002-0918-15-42-gnss_raw.txt,2436,459826.000,GLONASS,72,43.0,330.0,24.0,是
0703002-0918-15-42-gnss_raw.txt,2436,459826.000,GLONASS,73,44.0,20.0,36.0,是
0703002-0918-15-42-gnss_raw.txt,2436,459826.000,GLONASS,74,61.0,288.0,28.0,是
0703002-0918-15-42-gnss_raw.txt,2436,459826.000,GLONASS,90,0.0,0.0,32.0,是
0703002-0918-15-42-gnss_raw.txt,2436,459826.000,Galileo,19,53.0,329.0,26.0,是
0703002-0918-15-42-gnss_raw.txt,2436,459826.000,Galileo,21,76.0,185.0,32.0,是
0703002-0918-15-42-gnss_raw.txt,2436,459826.000,QZSS,2,57.0,124.0,29.0,是
0703002-0918-15-42-gnss_raw.txt,2436,459826.000,QZSS,7,53.0,169.0,20.0,是
0703002-0918-15-42-gnss_raw.txt,2436,459826.000,BDS,2,0.0,0.0,26.0,是
0703002-0918-15-42-gnss_raw.txt,2436,459826.000,BDS,7,63.0,340.0,25.0,是
0703002-0918-15-42-gnss_raw.txt,2436,459826.000,BDS,10,62.0,318.0,26.0,是
0703002-0918-15-42-gnss_raw.txt,2436,459826.000,BDS,19,0.0,0.0,16.0,是
0703002-0918-15-42-gnss_raw.txt,2436,459826.000,BDS,21,0.0,0.0,17.0,是
0703002-0918-15-42-gnss_raw.txt,2436,459826.000,BDS,22,74.0,230.0,30.0,是
0703002-0918-15-42-gnss_raw.txt,2436,459826.000,BDS,36,58.0,24.0,28.0,是
0703002-0918-15-42-gnss_raw.txt,2436,459826.000,BDS,39,54.0,273.0,30.0,是
0703002-0918-15-42-gnss_raw.txt,2436,459827.000,GPS,26,57.0,238.0,30.0,是
0703002-0918-15-42-gnss_raw.txt,2436,459827.000,GPS,28,58.0,16.0,27.0,是
0703002-0918-15-42-gnss_raw.txt,2436,459827.000,GPS,31,53.0,319.0,31.0,是
0703002-0918-15-42-gnss_raw.txt,2436,459827.000,GPS,32,63.0,124.0,32.0,是
0703002-0918-15-42-gnss_raw.txt,2436,459827.000,GLONASS,71,78.0,155.0,32.0,是
0703002-0918-15-42-gnss_raw.txt,2436,459827.000,GLONASS,72,43.0,330.0,22.0,是
0703002-0918-15-42-gnss_raw.txt,2436,459827.000,GLONASS,73,44.0,20.0,32.0,是
0703002-0918-15-42-gnss_raw.txt,2436,459827.000,GLONASS,74,61.0,288.0,30.0,是
0703002-0918-15-42-gnss_raw.txt,2436,459827.000,GLONASS,90,0.0,0.0,31.0,是
0703002-0918-15-42-gnss_raw.txt,2436,459827.000,Galileo,19,53.0,329.0,28.0,是
0703002-0918-15-42-gnss_raw.txt,2436,459827.000,Galileo,21,76.0,185.0,32.0,是
0703002-0918-15-42-gnss_raw.txt,2436,459827.000,QZSS,2,57.0,124.0,26.0,是
0703002-0918-15-42-gnss_raw.txt,2436,459827.000,QZSS,7,53.0,169.0,21.0,是
0703002-0918-15-42-gnss_raw.txt,2436,459827.000,BDS,2,34.0,241.0,39.0,是
0703002-0918-15-42-gnss_raw.txt,2436,459827.000,BDS,7,63.0,340.0,23.0,是
0703002-0918-15-42-gnss_raw.txt,2436,459827.000,BDS,10,62.0,318.0,27.0,是
0703002-0918-15-42-gnss_raw.txt,2436,459827.000,BDS,19,0.0,0.0,16.0,是
0703002-0918-15-42-gnss_raw.txt,2436,459827.000,BDS,21,35.0,315.0,19.0,是
0703002-0918-15-42-gnss_raw.txt,2436,459827.000,BDS,22,74.0,230.0,29.0,是
0703002-0918-15-42-gnss_raw.txt,2436,459827.000,BDS,36,58.0,24.0,25.0,是
0703002-0918-15-42-gnss_raw.txt,2436,459827.000,BDS,39,54.0,273.0,30.0,是
0703002-0918-15-42-gnss_raw.txt,2436,459828.000,GPS,26,57.0,238.0,32.0,是
0703002-0918-15-42-gnss_raw.txt,2436,459828.000,GPS,28,58.0,16.0,24.0,是
0703002-0918-15-42-gnss_raw.txt,2436,459828.000,GPS,31,53.0,319.0,32.0,是
0703002-0918-15-42-gnss_raw.txt,2436,459828.000,GPS,32,63.0,124.0,32.0,是
0703002-0918-15-42-gnss_raw.txt,2436,459828.000,GLONASS,71,78.0,155.0,33.0,是
0703002-0918-15-42-gnss_raw.txt,2436,459828.000,GLONASS,72,43.0,330.0,25.0,是
0703002-0918-15-42-gnss_raw.txt,2436,459828.000,GLONASS,73,44.0,20.0,28.0,是
0703002-0918-15-42-gnss_raw.txt,2436,459828.000,GLONASS,74,61.0,288.0,31.0,是
0703002-0918-15-42-gnss_raw.txt,2436,459828.000,GLONASS,90,0.0,0.0,28.0,是
0703002-0918-15-42-gnss_raw.txt,2436,459828.000,Galileo,19,53.0,329.0,29.0,是
0703002-0918-15-42-gnss_raw.txt,2436,459828.000,Galileo,21,76.0,185.0,31.0,是
0703002-0918-15-42-gnss_raw.txt,2436,459828.000,QZSS,2,57.0,124.0,27.0,是
0703002-0918-15-42-gnss_raw.txt,2436,459828.000,QZSS,7,53.0,169.0,23.0,是
0703002-0918-15-42-gnss_raw.txt,2436,459828.000,BDS,2,34.0,241.0,31.0,是
0703002-0918-15-42-gnss_raw.txt,2436,459828.000,BDS,7,63.0,340.0,26.0,是
0703002-0918-15-42-gnss_raw.txt,2436,459828.000,BDS,10,62.0,318.0,27.0,是
0703002-0918-15-42-gnss_raw.txt,2436,459828.000,BDS,21,35.0,315.0,21.0,是
0703002-0918-15-42-gnss_raw.txt,2436,459828.000,BDS,22,74.0,230.0,30.0,是
0703002-0918-15-42-gnss_raw.txt,2436,459828.000,BDS,36,58.0,24.0,22.0,是
0703002-0918-15-42-gnss_raw.txt,2436,459828.000,BDS,39,54.0,273.0,31.0,是
0703002-0918-15-42-gnss_raw.txt,2436,459829.000,GPS,26,57.0,238.0,34.0,是
0703002-0918-15-42-gnss_raw.txt,2436,459829.000,GPS,28,58.0,16.0,19.0,是
0703002-0918-15-42-gnss_raw.txt,2436,459829.000,GPS,31,53.0,319.0,32.0,是
0703002-0918-15-42-gnss_raw.txt,2436,459829.000,GPS,32,63.0,124.0,32.0,是
0703002-0918-15-42-gnss_raw.txt,2436,459829.000,GLONASS,71,78.0,156.0,35.0,是
0703002-0918-15-42-gnss_raw.txt,2436,459829.000,GLONASS,72,43.0,330.0,25.0,是
0703002-0918-15-42-gnss_raw.txt,2436,459829.000,GLONASS,74,61.0,288.0,33.0,是
0703002-0918-15-42-gnss_raw.txt,2436,459829.000,GLONASS,90,0.0,0.0,27.0,是
0703002-0918-15-42-gnss_raw.txt,2436,459829.000,Galileo,19,0.0,0.0,28.0,是
0703002-0918-15-42-gnss_raw.txt,2436,459829.000,Galileo,21,76.0,185.0,32.0,是
0703002-0918-15-42-gnss_raw.txt,2436,459829.000,QZSS,2,57.0,124.0,29.0,是
0703002-0918-15-42-gnss_raw.txt,2436,459829.000,QZSS,7,53.0,169.0,24.0,是
0703002-0918-15-42-gnss_raw.txt,2436,459829.000,BDS,2,34.0,241.0,30.0,是
0703002-0918-15-42-gnss_raw.txt,2436,459829.000,BDS,7,63.0,340.0,28.0,是
0703002-0918-15-42-gnss_raw.txt,2436,459829.000,BDS,10,62.0,318.0,29.0,是
0703002-0918-15-42-gnss_raw.txt,2436,459829.000,BDS,19,0.0,0.0,31.0,是
0703002-0918-15-42-gnss_raw.txt,2436,459829.000,BDS,21,35.0,315.0,21.0,是
0703002-0918-15-42-gnss_raw.txt,2436,459829.000,BDS,22,74.0,230.0,32.0,是
0703002-0918-15-42-gnss_raw.txt,2436,459829.000,BDS,36,58.0,24.0,31.0,是
0703002-0918-15-42-gnss_raw.txt,2436,459829.000,BDS,39,54.0,273.0,33.0,是
0703002-0918-15-42-gnss_raw.txt,2436,459830.000,GPS,26,57.0,238.0,35.0,是
0703002-0918-15-42-gnss_raw.txt,2436,459830.000,GPS,28,58.0,16.0,16.0,是
0703002-0918-15-42-gnss_raw.txt,2436,459830.000,GPS,31,53.0,319.0,32.0,是
0703002-0918-15-42-gnss_raw.txt,2436,459830.000,GPS,32,63.0,124.0,32.0,是
0703002-0918-15-42-gnss_raw.txt,2436,459830.000,GLONASS,71,78.0,156.0,36.0,是
0703002-0918-15-42-gnss_raw.txt,2436,459830.000,GLONASS,72,43.0,330.0,24.0,是
0703002-0918-15-42-gnss_raw.txt,2436,459830.000,GLONASS,74,61.0,288.0,34.0,是
0703002-0918-15-42-gnss_raw.txt,2436,459830.000,GLONASS,90,0.0,0.0,27.0,是
0703002-0918-15-42-gnss_raw.txt,2436,459830.000,Galileo,19,0.0,0.0,30.0,是
0703002-0918-15-42-gnss_raw.txt,2436,459830.000,Galileo,21,76.0,185.0,32.0,是
0703002-0918-15-42-gnss_raw.txt,2436,459830.000,QZSS,2,57.0,124.0,28.0,是
0703002-0918-15-42-gnss_raw.txt,2436,459830.000,QZSS,7,53.0,169.0,24.0,是
0703002-0918-15-42-gnss_raw.txt,2436,459830.000,BDS,2,34.0,241.0,29.0,是
0703002-0918-15-42-gnss_raw.txt,2436,459830.000,BDS,7,63.0,340.0,28.0,是
0703002-0918-15-42-gnss_raw.txt,2436,459830.000,BDS,10,62.0,318.0,30.0,是
0703002-0918-15-42-gnss_raw.txt,2436,459830.000,BDS,19,0.0,0.0,29.0,是
0703002-0918-15-42-gnss_raw.txt,2436,459830.000,BDS,21,35.0,315.0,18.0,是
0703002-0918-15-42-gnss_raw.txt,2436,459830.000,BDS,22,74.0,230.0,32.0,是
0703002-0918-15-42-gnss_raw.txt,2436,459830.000,BDS,36,58.0,24.0,31.0,是
0703002-0918-15-42-gnss_raw.txt,2436,459830.000,BDS,39,54.0,273.0,34.0,是
0703002-0918-15-42-gnss_raw.txt,2436,459831.000,GPS,26,57.0,238.0,35.0,是
0703002-0918-15-42-gnss_raw.txt,2436,459831.000,GPS,28,58.0,16.0,20.0,是
0703002-0918-15-42-gnss_raw.txt,2436,459831.000,GPS,31,53.0,319.0,31.0,是
0703002-0918-15-42-gnss_raw.txt,2436,459831.000,GPS,32,63.0,124.0,31.0,是
0703002-0918-15-42-gnss_raw.txt,2436,459831.000,GLONASS,71,78.0,156.0,36.0,是
0703002-0918-15-42-gnss_raw.txt,2436,459831.000,GLONASS,72,43.0,330.0,25.0,是
0703002-0918-15-42-gnss_raw.txt,2436,459831.000,GLONASS,74,61.0,288.0,33.0,是
0703002-0918-15-42-gnss_raw.txt,2436,459831.000,GLONASS,90,0.0,0.0,29.0,是
0703002-0918-15-42-gnss_raw.txt,2436,459831.000,Galileo,19,53.0,329.0,29.0,是
0703002-0918-15-42-gnss_raw.txt,2436,459831.000,Galileo,21,76.0,185.0,32.0,是
0703002-0918-15-42-gnss_raw.txt,2436,459831.000,QZSS,2,57.0,124.0,27.0,是
0703002-0918-15-42-gnss_raw.txt,2436,459831.000,QZSS,7,53.0,169.0,25.0,是
0703002-0918-15-42-gnss_raw.txt,2436,459831.000,BDS,2,34.0,241.0,29.0,是
0703002-0918-15-42-gnss_raw.txt,2436,459831.000,BDS,7,63.0,340.0,27.0,是
0703002-0918-15-42-gnss_raw.txt,2436,459831.000,BDS,10,62.0,318.0,30.0,是
0703002-0918-15-42-gnss_raw.txt,2436,459831.000,BDS,19,0.0,0.0,26.0,是
0703002-0918-15-42-gnss_raw.txt,2436,459831.000,BDS,21,0.0,0.0,17.0,是
0703002-0918-15-42-gnss_raw.txt,2436,459831.000,BDS,22,74.0,230.0,32.0,是
0703002-0918-15-42-gnss_raw.txt,2436,459831.000,BDS,36,58.0,24.0,31.0,是
0703002-0918-15-42-gnss_raw.txt,2436,459831.000,BDS,39,54.0,273.0,34.0,是
0703002-0918-15-42-gnss_raw.txt,2436,459832.000,GPS,26,57.0,238.0,35.0,是
0703002-0918-15-42-gnss_raw.txt,2436,459832.000,GPS,28,58.0,16.0,29.0,是
0703002-0918-15-42-gnss_raw.txt,2436,459832.000,GPS,31,53.0,319.0,30.0,是
0703002-0918-15-42-gnss_raw.txt,2436,459832.000,GPS,32,63.0,124.0,32.0,是
0703002-0918-15-42-gnss_raw.txt,2436,459832.000,GLONASS,71,78.0,156.0,36.0,是
0703002-0918-15-42-gnss_raw.txt,2436,459832.000,GLONASS,72,43.0,330.0,23.0,是
0703002-0918-15-42-gnss_raw.txt,2436,459832.000,GLONASS,74,61.0,288.0,33.0,是
0703002-0918-15-42-gnss_raw.txt,2436,459832.000,GLONASS,90,0.0,0.0,28.0,是
0703002-0918-15-42-gnss_raw.txt,2436,459832.000,Galileo,19,53.0,329.0,29.0,是
0703002-0918-15-42-gnss_raw.txt,2436,459832.000,Galileo,21,76.0,185.0,33.0,是
0703002-0918-15-42-gnss_raw.txt,2436,459832.000,QZSS,2,57.0,124.0,26.0,是
0703002-0918-15-42-gnss_raw.txt,2436,459832.000,QZSS,7,53.0,169.0,25.0,是
0703002-0918-15-42-gnss_raw.txt,2436,459832.000,BDS,2,34.0,241.0,32.0,是
0703002-0918-15-42-gnss_raw.txt,2436,459832.000,BDS,7,63.0,340.0,26.0,是
0703002-0918-15-42-gnss_raw.txt,2436,459832.000,BDS,10,62.0,318.0,30.0,是
0703002-0918-15-42-gnss_raw.txt,2436,459832.000,BDS,19,0.0,0.0,27.0,是
0703002-0918-15-42-gnss_raw.txt,2436,459832.000,BDS,22,74.0,230.0,32.0,是
0703002-0918-15-42-gnss_raw.txt,2436,459832.000,BDS,36,58.0,24.0,31.0,是
0703002-0918-15-42-gnss_raw.txt,2436,459832.000,BDS,39,54.0,273.0,34.0,是
0703002-0918-15-42-gnss_raw.txt,2436,459833.000,GPS,26,57.0,238.0,35.0,是
0703002-0918-15-42-gnss_raw.txt,2436,459833.000,GPS,28,58.0,16.0,29.0,是
0703002-0918-15-42-gnss_raw.txt,2436,459833.000,GPS,31,53.0,319.0,31.0,是
0703002-0918-15-42-gnss_raw.txt,2436,459833.000,GPS,32,63.0,124.0,32.0,是
0703002-0918-15-42-gnss_raw.txt,2436,459833.000,GLONASS,71,78.0,156.0,36.0,是
0703002-0918-15-42-gnss_raw.txt,2436,459833.000,GLONASS,72,43.0,330.0,26.0,是
0703002-0918-15-42-gnss_raw.txt,2436,459833.000,GLONASS,74,61.0,288.0,32.0,是
0703002-0918-15-42-gnss_raw.txt,2436,459833.000,GLONASS,90,0.0,0.0,29.0,是
0703002-0918-15-42-gnss_raw.txt,2436,459833.000,Galileo,19,53.0,329.0,28.0,是
0703002-0918-15-42-gnss_raw.txt,2436,459833.000,Galileo,21,76.0,185.0,33.0,是
0703002-0918-15-42-gnss_raw.txt,2436,459833.000,QZSS,2,57.0,124.0,25.0,是
0703002-0918-15-42-gnss_raw.txt,2436,459833.000,QZSS,7,53.0,169.0,25.0,是
0703002-0918-15-42-gnss_raw.txt,2436,459833.000,BDS,2,34.0,241.0,32.0,是
0703002-0918-15-42-gnss_raw.txt,2436,459833.000,BDS,7,63.0,340.0,27.0,是
0703002-0918-15-42-gnss_raw.txt,2436,459833.000,BDS,10,62.0,318.0,30.0,是
0703002-0918-15-42-gnss_raw.txt,2436,459833.000,BDS,19,30.0,160.0,29.0,是
0703002-0918-15-42-gnss_raw.txt,2436,459833.000,BDS,22,74.0,230.0,32.0,是
0703002-0918-15-42-gnss_raw.txt,2436,459833.000,BDS,36,58.0,24.0,31.0,是
0703002-0918-15-42-gnss_raw.txt,2436,459833.000,BDS,39,54.0,273.0,34.0,是
0703002-0918-15-42-gnss_raw.txt,2436,459834.000,GPS,26,57.0,238.0,35.0,是
0703002-0918-15-42-gnss_raw.txt,2436,459834.000,GPS,28,58.0,16.0,29.0,是
0703002-0918-15-42-gnss_raw.txt,2436,459834.000,GPS,31,53.0,319.0,32.0,是
0703002-0918-15-42-gnss_raw.txt,2436,459834.000,GPS,32,63.0,124.0,32.0,是
0703002-0918-15-42-gnss_raw.txt,2436,459834.000,GLONASS,71,78.0,156.0,36.0,是
0703002-0918-15-42-gnss_raw.txt,2436,459834.000,GLONASS,72,43.0,330.0,26.0,是
0703002-0918-15-42-gnss_raw.txt,2436,459834.000,GLONASS,74,61.0,288.0,33.0,是
0703002-0918-15-42-gnss_raw.txt,2436,459834.000,GLONASS,90,0.0,0.0,29.0,是
0703002-0918-15-42-gnss_raw.txt,2436,459834.000,Galileo,19,53.0,329.0,27.0,是
0703002-0918-15-42-gnss_raw.txt,2436,459834.000,Galileo,21,76.0,185.0,34.0,是
0703002-0918-15-42-gnss_raw.txt,2436,459834.000,QZSS,2,57.0,124.0,25.0,是
0703002-0918-15-42-gnss_raw.txt,2436,459834.000,QZSS,7,53.0,169.0,26.0,是
0703002-0918-15-42-gnss_raw.txt,2436,459834.000,BDS,2,34.0,241.0,32.0,是
0703002-0918-15-42-gnss_raw.txt,2436,459834.000,BDS,7,63.0,340.0,28.0,是
0703002-0918-15-42-gnss_raw.txt,2436,459834.000,BDS,10,62.0,318.0,30.0,是
0703002-0918-15-42-gnss_raw.txt,2436,459834.000,BDS,19,30.0,160.0,32.0,是
0703002-0918-15-42-gnss_raw.txt,2436,459834.000,BDS,22,74.0,230.0,32.0,是
0703002-0918-15-42-gnss_raw.txt,2436,459834.000,BDS,36,58.0,24.0,31.0,是
0703002-0918-15-42-gnss_raw.txt,2436,459834.000,BDS,39,54.0,273.0,34.0,是
0703002-0918-15-42-gnss_raw.txt,2436,459835.000,GPS,26,57.0,238.0,35.0,是
0703002-0918-15-42-gnss_raw.txt,2436,459835.000,GPS,28,58.0,16.0,29.0,是
0703002-0918-15-42-gnss_raw.txt,2436,459835.000,GPS,31,53.0,319.0,32.0,是
0703002-0918-15-42-gnss_raw.txt,2436,459835.000,GPS,32,63.0,124.0,32.0,是
0703002-0918-15-42-gnss_raw.txt,2436,459835.000,GLONASS,71,78.0,156.0,37.0,是
0703002-0918-15-42-gnss_raw.txt,2436,459835.000,GLONASS,72,43.0,330.0,24.0,是
0703002-0918-15-42-gnss_raw.txt,2436,459835.000,GLONASS,73,44.0,20.0,27.0,是
0703002-0918-15-42-gnss_raw.txt,2436,459835.000,GLONASS,74,61.0,288.0,33.0,是
0703002-0918-15-42-gnss_raw.txt,2436,459835.000,GLONASS,90,0.0,0.0,30.0,是
0703002-0918-15-42-gnss_raw.txt,2436,459835.000,Galileo,19,53.0,329.0,27.0,是
0703002-0918-15-42-gnss_raw.txt,2436,459835.000,Galileo,21,76.0,185.0,33.0,是
0703002-0918-15-42-gnss_raw.txt,2436,459835.000,QZSS,2,57.0,124.0,25.0,是
0703002-0918-15-42-gnss_raw.txt,2436,459835.000,QZSS,7,53.0,169.0,26.0,是
0703002-0918-15-42-gnss_raw.txt,2436,459835.000,BDS,2,34.0,241.0,33.0,是
0703002-0918-15-42-gnss_raw.txt,2436,459835.000,BDS,7,63.0,340.0,28.0,是
0703002-0918-15-42-gnss_raw.txt,2436,459835.000,BDS,10,62.0,318.0,30.0,是
0703002-0918-15-42-gnss_raw.txt,2436,459835.000,BDS,19,30.0,160.0,32.0,是
0703002-0918-15-42-gnss_raw.txt,2436,459835.000,BDS,22,74.0,230.0,32.0,是
0703002-0918-15-42-gnss_raw.txt,2436,459835.000,BDS,36,58.0,24.0,31.0,是
0703002-0918-15-42-gnss_raw.txt,2436,459835.000,BDS,39,54.0,273.0,34.0,是
0703002-0918-15-42-gnss_raw.txt,2436,459836.000,GPS,26,57.0,238.0,35.0,是
0703002-0918-15-42-gnss_raw.txt,2436,459836.000,GPS,28,58.0,16.0,28.0,是
0703002-0918-15-42-gnss_raw.txt,2436,459836.000,GPS,31,53.0,319.0,31.0,是
0703002-0918-15-42-gnss_raw.txt,2436,459836.000,GPS,32,63.0,124.0,32.0,是
0703002-0918-15-42-gnss_raw.txt,2436,459836.000,GLONASS,71,78.0,156.0,37.0,是
0703002-0918-15-42-gnss_raw.txt,2436,459836.000,GLONASS,72,43.0,330.0,23.0,是
0703002-0918-15-42-gnss_raw.txt,2436,459836.000,GLONASS,73,44.0,20.0,25.0,是
0703002-0918-15-42-gnss_raw.txt,2436,459836.000,GLONASS,74,61.0,288.0,33.0,是
0703002-0918-15-42-gnss_raw.txt,2436,459836.000,GLONASS,90,0.0,0.0,29.0,是
0703002-0918-15-42-gnss_raw.txt,2436,459836.000,Galileo,19,53.0,329.0,27.0,是
0703002-0918-15-42-gnss_raw.txt,2436,459836.000,Galileo,21,76.0,185.0,33.0,是
0703002-0918-15-42-gnss_raw.txt,2436,459836.000,QZSS,2,57.0,124.0,25.0,是
0703002-0918-15-42-gnss_raw.txt,2436,459836.000,QZSS,7,53.0,169.0,26.0,是
0703002-0918-15-42-gnss_raw.txt,2436,459836.000,BDS,2,34.0,241.0,32.0,是
0703002-0918-15-42-gnss_raw.txt,2436,459836.000,BDS,7,63.0,340.0,28.0,是
0703002-0918-15-42-gnss_raw.txt,2436,459836.000,BDS,10,62.0,318.0,30.0,是
0703002-0918-15-42-gnss_raw.txt,2436,459836.000,BDS,19,30.0,160.0,31.0,是
0703002-0918-15-42-gnss_raw.txt,2436,459836.000,BDS,22,74.0,230.0,32.0,是
0703002-0918-15-42-gnss_raw.txt,2436,459836.000,BDS,36,58.0,24.0,30.0,是
0703002-0918-15-42-gnss_raw.txt,2436,459836.000,BDS,39,54.0,273.0,35.0,是
0703002-0918-15-42-gnss_raw.txt,2436,459837.000,GPS,26,57.0,238.0,35.0,是
0703002-0918-15-42-gnss_raw.txt,2436,459837.000,GPS,28,58.0,16.0,28.0,是
0703002-0918-15-42-gnss_raw.txt,2436,459837.000,GPS,31,53.0,319.0,31.0,是
0703002-0918-15-42-gnss_raw.txt,2436,459837.000,GPS,32,63.0,124.0,33.0,是
0703002-0918-15-42-gnss_raw.txt,2436,459837.000,GLONASS,71,78.0,156.0,37.0,是
0703002-0918-15-42-gnss_raw.txt,2436,459837.000,GLONASS,72,43.0,330.0,22.0,是
0703002-0918-15-42-gnss_raw.txt,2436,459837.000,GLONASS,73,44.0,20.0,21.0,是
0703002-0918-15-42-gnss_raw.txt,2436,459837.000,GLONASS,74,61.0,288.0,33.0,是
0703002-0918-15-42-gnss_raw.txt,2436,459837.000,GLONASS,90,0.0,0.0,28.0,是
0703002-0918-15-42-gnss_raw.txt,2436,459837.000,Galileo,19,53.0,329.0,25.0,是
0703002-0918-15-42-gnss_raw.txt,2436,459837.000,Galileo,21,76.0,185.0,33.0,是
0703002-0918-15-42-gnss_raw.txt,2436,459837.000,QZSS,2,57.0,124.0,24.0,是
0703002-0918-15-42-gnss_raw.txt,2436,459837.000,QZSS,7,53.0,169.0,26.0,是
0703002-0918-15-42-gnss_raw.txt,2436,459837.000,BDS,2,34.0,241.0,31.0,是
0703002-0918-15-42-gnss_raw.txt,2436,459837.000,BDS,7,63.0,340.0,28.0,是
0703002-0918-15-42-gnss_raw.txt,2436,459837.000,BDS,10,62.0,318.0,29.0,是
0703002-0918-15-42-gnss_raw.txt,2436,459837.000,BDS,19,30.0,160.0,31.0,是
0703002-0918-15-42-gnss_raw.txt,2436,459837.000,BDS,22,74.0,230.0,32.0,是
0703002-0918-15-42-gnss_raw.txt,2436,459837.000,BDS,36,58.0,24.0,30.0,是
0703002-0918-15-42-gnss_raw.txt,2436,459837.000,BDS,39,54.0,273.0,35.0,是
0703002-0918-15-42-gnss_raw.txt,2436,459838.000,GPS,26,57.0,238.0,35.0,是
0703002-0918-15-42-gnss_raw.txt,2436,459838.000,GPS,28,58.0,16.0,28.0,是
0703002-0918-15-42-gnss_raw.txt,2436,459838.000,GPS,31,53.0,319.0,31.0,是
0703002-0918-15-42-gnss_raw.txt,2436,459838.000,GPS,32,63.0,124.0,32.0,是
0703002-0918-15-42-gnss_raw.txt,2436,459838.000,GLONASS,71,78.0,156.0,37.0,是
0703002-0918-15-42-gnss_raw.txt,2436,459838.000,GLONASS,72,43.0,330.0,21.0,是
0703002-0918-15-42-gnss_raw.txt,2436,459838.000,GLONASS,73,44.0,20.0,23.0,是
0703002-0918-15-42-gnss_raw.txt,2436,459838.000,GLONASS,74,61.0,288.0,33.0,是
0703002-0918-15-42-gnss_raw.txt,2436,459838.000,GLONASS,90,0.0,0.0,27.0,是
0703002-0918-15-42-gnss_raw.txt,2436,459838.000,Galileo,19,53.0,329.0,28.0,是
0703002-0918-15-42-gnss_raw.txt,2436,459838.000,Galileo,21,76.0,185.0,33.0,是
0703002-0918-15-42-gnss_raw.txt,2436,459838.000,QZSS,2,57.0,124.0,25.0,是
0703002-0918-15-42-gnss_raw.txt,2436,459838.000,QZSS,7,53.0,169.0,25.0,是
0703002-0918-15-42-gnss_raw.txt,2436,459838.000,BDS,2,34.0,241.0,31.0,是
0703002-0918-15-42-gnss_raw.txt,2436,459838.000,BDS,7,63.0,340.0,28.0,是
0703002-0918-15-42-gnss_raw.txt,2436,459838.000,BDS,10,62.0,318.0,29.0,是
0703002-0918-15-42-gnss_raw.txt,2436,459838.000,BDS,19,30.0,160.0,30.0,是
0703002-0918-15-42-gnss_raw.txt,2436,459838.000,BDS,22,74.0,230.0,32.0,是
0703002-0918-15-42-gnss_raw.txt,2436,459838.000,BDS,36,58.0,24.0,27.0,是
0703002-0918-15-42-gnss_raw.txt,2436,459838.000,BDS,39,54.0,273.0,34.0,是
0703002-0918-15-42-gnss_raw.txt,2436,459839.000,GPS,26,57.0,238.0,35.0,是
0703002-0918-15-42-gnss_raw.txt,2436,459839.000,GPS,28,58.0,16.0,29.0,是
0703002-0918-15-42-gnss_raw.txt,2436,459839.000,GPS,31,53.0,319.0,31.0,是
0703002-0918-15-42-gnss_raw.txt,2436,459839.000,GPS,32,63.0,124.0,32.0,是
0703002-0918-15-42-gnss_raw.txt,2436,459839.000,GLONASS,71,78.0,156.0,37.0,是
0703002-0918-15-42-gnss_raw.txt,2436,459839.000,GLONASS,72,43.0,330.0,24.0,是
0703002-0918-15-42-gnss_raw.txt,2436,459839.000,GLONASS,73,44.0,20.0,27.0,是
0703002-0918-15-42-gnss_raw.txt,2436,459839.000,GLONASS,74,61.0,288.0,34.0,是
0703002-0918-15-42-gnss_raw.txt,2436,459839.000,GLONASS,90,0.0,0.0,22.0,是
0703002-0918-15-42-gnss_raw.txt,2436,459839.000,Galileo,19,53.0,329.0,26.0,是
0703002-0918-15-42-gnss_raw.txt,2436,459839.000,Galileo,21,76.0,185.0,33.0,是
0703002-0918-15-42-gnss_raw.txt,2436,459839.000,QZSS,2,57.0,124.0,25.0,是
0703002-0918-15-42-gnss_raw.txt,2436,459839.000,QZSS,7,53.0,169.0,25.0,是
0703002-0918-15-42-gnss_raw.txt,2436,459839.000,BDS,2,34.0,241.0,32.0,是
0703002-0918-15-42-gnss_raw.txt,2436,459839.000,BDS,7,63.0,340.0,28.0,是
0703002-0918-15-42-gnss_raw.txt,2436,459839.000,BDS,10,62.0,318.0,28.0,是
0703002-0918-15-42-gnss_raw.txt,2436,459839.000,BDS,22,74.0,230.0,32.0,是
0703002-0918-15-42-gnss_raw.txt,2436,459839.000,BDS,36,58.0,24.0,28.0,是
0703002-0918-15-42-gnss_raw.txt,2436,459839.000,BDS,39,54.0,273.0,34.0,是
0703002-0918-15-42-gnss_raw.txt,2436,459840.000,GPS,26,57.0,238.0,34.0,是
0703002-0918-15-42-gnss_raw.txt,2436,459840.000,GPS,28,58.0,16.0,28.0,是
0703002-0918-15-42-gnss_raw.txt,2436,459840.000,GPS,31,53.0,319.0,31.0,是
0703002-0918-15-42-gnss_raw.txt,2436,459840.000,GPS,32,63.0,124.0,32.0,是
0703002-0918-15-42-gnss_raw.txt,2436,459840.000,GLONASS,71,78.0,156.0,37.0,是
0703002-0918-15-42-gnss_raw.txt,2436,459840.000,GLONASS,72,43.0,330.0,27.0,是
0703002-0918-15-42-gnss_raw.txt,2436,459840.000,GLONASS,73,44.0,20.0,29.0,是
0703002-0918-15-42-gnss_raw.txt,2436,459840.000,GLONASS,74,61.0,288.0,35.0,是
0703002-0918-15-42-gnss_raw.txt,2436,459840.000,GLONASS,90,0.0,0.0,19.0,是
0703002-0918-15-42-gnss_raw.txt,2436,459840.000,Galileo,19,53.0,329.0,28.0,是
0703002-0918-15-42-gnss_raw.txt,2436,459840.000,Galileo,21,76.0,185.0,32.0,是
0703002-0918-15-42-gnss_raw.txt,2436,459840.000,QZSS,2,57.0,124.0,26.0,是
0703002-0918-15-42-gnss_raw.txt,2436,459840.000,QZSS,7,53.0,169.0,25.0,是
0703002-0918-15-42-gnss_raw.txt,2436,459840.000,BDS,2,34.0,241.0,31.0,是
0703002-0918-15-42-gnss_raw.txt,2436,459840.000,BDS,7,63.0,340.0,28.0,是
0703002-0918-15-42-gnss_raw.txt,2436,459840.000,BDS,10,62.0,318.0,29.0,是
0703002-0918-15-42-gnss_raw.txt,2436,459840.000,BDS,22,74.0,230.0,32.0,是
0703002-0918-15-42-gnss_raw.txt,2436,459840.000,BDS,36,58.0,24.0,27.0,是
0703002-0918-15-42-gnss_raw.txt,2436,459840.000,BDS,39,54.0,273.0,35.0,是
0703002-0918-15-42-gnss_raw.txt,2436,459841.000,GPS,26,57.0,238.0,34.0,是
0703002-0918-15-42-gnss_raw.txt,2436,459841.000,GPS,28,58.0,16.0,27.0,是
0703002-0918-15-42-gnss_raw.txt,2436,459841.000,GPS,31,53.0,319.0,31.0,是
0703002-0918-15-42-gnss_raw.txt,2436,459841.000,GPS,32,63.0,124.0,32.0,是
0703002-0918-15-42-gnss_raw.txt,2436,459841.000,GLONASS,71,78.0,156.0,37.0,是
0703002-0918-15-42-gnss_raw.txt,2436,459841.000,GLONASS,72,43.0,330.0,27.0,是
0703002-0918-15-42-gnss_raw.txt,2436,459841.000,GLONASS,73,44.0,20.0,31.0,是
0703002-0918-15-42-gnss_raw.txt,2436,459841.000,GLONASS,74,61.0,288.0,35.0,是
0703002-0918-15-42-gnss_raw.txt,2436,459841.000,GLONASS,90,0.0,0.0,22.0,是
0703002-0918-15-42-gnss_raw.txt,2436,459841.000,Galileo,19,53.0,329.0,28.0,是
0703002-0918-15-42-gnss_raw.txt,2436,459841.000,Galileo,21,76.0,185.0,33.0,是
0703002-0918-15-42-gnss_raw.txt,2436,459841.000,QZSS,2,57.0,124.0,26.0,是
0703002-0918-15-42-gnss_raw.txt,2436,459841.000,QZSS,7,53.0,169.0,25.0,是
0703002-0918-15-42-gnss_raw.txt,2436,459841.000,BDS,2,34.0,241.0,29.0,是
0703002-0918-15-42-gnss_raw.txt,2436,459841.000,BDS,7,63.0,340.0,28.0,是
0703002-0918-15-42-gnss_raw.txt,2436,459841.000,BDS,10,62.0,318.0,29.0,是
0703002-0918-15-42-gnss_raw.txt,2436,459841.000,BDS,22,74.0,230.0,32.0,是
0703002-0918-15-42-gnss_raw.txt,2436,459841.000,BDS,39,54.0,273.0,35.0,是
0703002-0918-15-42-gnss_raw.txt,2436,459842.000,GPS,26,57.0,238.0,34.0,是
0703002-0918-15-42-gnss_raw.txt,2436,459842.000,GPS,28,58.0,16.0,28.0,是
0703002-0918-15-42-gnss_raw.txt,2436,459842.000,GPS,31,53.0,319.0,31.0,是
0703002-0918-15-42-gnss_raw.txt,2436,459842.000,GPS,32,63.0,124.0,32.0,是
0703002-0918-15-42-gnss_raw.txt,2436,459842.000,GLONASS,71,78.0,156.0,37.0,是
0703002-0918-15-42-gnss_raw.txt,2436,459842.000,GLONASS,72,43.0,330.0,27.0,是
0703002-0918-15-42-gnss_raw.txt,2436,459842.000,GLONASS,74,61.0,288.0,34.0,是
0703002-0918-15-42-gnss_raw.txt,2436,459842.000,GLONASS,90,0.0,0.0,27.0,是
0703002-0918-15-42-gnss_raw.txt,2436,459842.000,Galileo,19,53.0,329.0,28.0,是
0703002-0918-15-42-gnss_raw.txt,2436,459842.000,Galileo,21,76.0,185.0,34.0,是
0703002-0918-15-42-gnss_raw.txt,2436,459842.000,QZSS,2,57.0,124.0,25.0,是
0703002-0918-15-42-gnss_raw.txt,2436,459842.000,QZSS,7,53.0,169.0,26.0,是
0703002-0918-15-42-gnss_raw.txt,2436,459842.000,BDS,2,34.0,241.0,31.0,是
0703002-0918-15-42-gnss_raw.txt,2436,459842.000,BDS,7,63.0,340.0,28.0,是
0703002-0918-15-42-gnss_raw.txt,2436,459842.000,BDS,10,62.0,318.0,28.0,是
0703002-0918-15-42-gnss_raw.txt,2436,459842.000,BDS,22,74.0,230.0,32.0,是
0703002-0918-15-42-gnss_raw.txt,2436,459842.000,BDS,36,58.0,24.0,31.0,是
0703002-0918-15-42-gnss_raw.txt,2436,459842.000,BDS,39,54.0,273.0,35.0,是
0703002-0918-15-42-gnss_raw.txt,2436,459843.000,GPS,26,57.0,238.0,34.0,是
0703002-0918-15-42-gnss_raw.txt,2436,459843.000,GPS,28,58.0,16.0,29.0,是
0703002-0918-15-42-gnss_raw.txt,2436,459843.000,GPS,31,53.0,319.0,30.0,是
0703002-0918-15-42-gnss_raw.txt,2436,459843.000,GPS,32,63.0,124.0,32.0,是
0703002-0918-15-42-gnss_raw.txt,2436,459843.000,GLONASS,71,78.0,156.0,37.0,是
0703002-0918-15-42-gnss_raw.txt,2436,459843.000,GLONASS,72,43.0,330.0,25.0,是
0703002-0918-15-42-gnss_raw.txt,2436,459843.000,GLONASS,73,0.0,0.0,29.0,是
0703002-0918-15-42-gnss_raw.txt,2436,459843.000,GLONASS,74,61.0,288.0,35.0,是
0703002-0918-15-42-gnss_raw.txt,2436,459843.000,GLONASS,90,0.0,0.0,30.0,是
0703002-0918-15-42-gnss_raw.txt,2436,459843.000,Galileo,19,53.0,329.0,28.0,是
0703002-0918-15-42-gnss_raw.txt,2436,459843.000,Galileo,21,76.0,185.0,34.0,是
0703002-0918-15-42-gnss_raw.txt,2436,459843.000,QZSS,2,57.0,124.0,25.0,是
0703002-0918-15-42-gnss_raw.txt,2436,459843.000,QZSS,7,53.0,169.0,25.0,是
0703002-0918-15-42-gnss_raw.txt,2436,459843.000,BDS,2,34.0,241.0,30.0,是
0703002-0918-15-42-gnss_raw.txt,2436,459843.000,BDS,7,63.0,340.0,28.0,是
0703002-0918-15-42-gnss_raw.txt,2436,459843.000,BDS,10,62.0,318.0,30.0,是
0703002-0918-15-42-gnss_raw.txt,2436,459843.000,BDS,22,74.0,230.0,32.0,是
0703002-0918-15-42-gnss_raw.txt,2436,459843.000,BDS,36,58.0,24.0,29.0,是
0703002-0918-15-42-gnss_raw.txt,2436,459843.000,BDS,39,54.0,273.0,35.0,是
0703002-0918-15-42-gnss_raw.txt,2436,459844.000,GPS,26,57.0,238.0,34.0,是
0703002-0918-15-42-gnss_raw.txt,2436,459844.000,GPS,28,58.0,16.0,30.0,是
0703002-0918-15-42-gnss_raw.txt,2436,459844.000,GPS,31,53.0,319.0,31.0,是
0703002-0918-15-42-gnss_raw.txt,2436,459844.000,GPS,32,63.0,124.0,32.0,是
0703002-0918-15-42-gnss_raw.txt,2436,459844.000,GLONASS,71,78.0,156.0,37.0,是
0703002-0918-15-42-gnss_raw.txt,2436,459844.000,GLONASS,72,43.0,330.0,22.0,是
0703002-0918-15-42-gnss_raw.txt,2436,459844.000,GLONASS,73,44.0,20.0,28.0,是
0703002-0918-15-42-gnss_raw.txt,2436,459844.000,GLONASS,74,61.0,288.0,35.0,是
0703002-0918-15-42-gnss_raw.txt,2436,459844.000,GLONASS,90,0.0,0.0,32.0,是
0703002-0918-15-42-gnss_raw.txt,2436,459844.000,Galileo,19,53.0,329.0,29.0,是
0703002-0918-15-42-gnss_raw.txt,2436,459844.000,Galileo,21,76.0,185.0,33.0,是
0703002-0918-15-42-gnss_raw.txt,2436,459844.000,QZSS,2,57.0,124.0,26.0,是
0703002-0918-15-42-gnss_raw.txt,2436,459844.000,QZSS,7,53.0,169.0,25.0,是
0703002-0918-15-42-gnss_raw.txt,2436,459844.000,BDS,2,34.0,241.0,30.0,是
0703002-0918-15-42-gnss_raw.txt,2436,459844.000,BDS,7,63.0,340.0,28.0,是
0703002-0918-15-42-gnss_raw.txt,2436,459844.000,BDS,10,62.0,318.0,30.0,是
0703002-0918-15-42-gnss_raw.txt,2436,459844.000,BDS,22,74.0,230.0,32.0,是
0703002-0918-15-42-gnss_raw.txt,2436,459844.000,BDS,36,58.0,24.0,30.0,是
0703002-0918-15-42-gnss_raw.txt,2436,459844.000,BDS,39,54.0,273.0,35.0,是
0703002-0918-15-42-gnss_raw.txt,2436,459845.000,GPS,26,57.0,238.0,34.0,是
0703002-0918-15-42-gnss_raw.txt,2436,459845.000,GPS,28,58.0,16.0,25.0,是
0703002-0918-15-42-gnss_raw.txt,2436,459845.000,GPS,31,53.0,319.0,31.0,是
0703002-0918-15-42-gnss_raw.txt,2436,459845.000,GPS,32,63.0,124.0,32.0,是
0703002-0918-15-42-gnss_raw.txt,2436,459845.000,GLONASS,71,78.0,156.0,37.0,是
0703002-0918-15-42-gnss_raw.txt,2436,459845.000,GLONASS,72,43.0,330.0,34.0,是
0703002-0918-15-42-gnss_raw.txt,2436,459845.000,GLONASS,73,0.0,0.0,23.0,是
0703002-0918-15-42-gnss_raw.txt,2436,459845.000,GLONASS,74,61.0,288.0,33.0,是
0703002-0918-15-42-gnss_raw.txt,2436,459845.000,GLONASS,90,0.0,0.0,29.0,是
0703002-0918-15-42-gnss_raw.txt,2436,459845.000,Galileo,19,53.0,329.0,29.0,是
0703002-0918-15-42-gnss_raw.txt,2436,459845.000,Galileo,21,76.0,185.0,33.0,是
0703002-0918-15-42-gnss_raw.txt,2436,459845.000,QZSS,2,57.0,124.0,26.0,是
0703002-0918-15-42-gnss_raw.txt,2436,459845.000,QZSS,7,53.0,169.0,25.0,是
0703002-0918-15-42-gnss_raw.txt,2436,459845.000,BDS,2,34.0,241.0,30.0,是
0703002-0918-15-42-gnss_raw.txt,2436,459845.000,BDS,7,63.0,340.0,28.0,是
0703002-0918-15-42-gnss_raw.txt,2436,459845.000,BDS,10,62.0,318.0,30.0,是
0703002-0918-15-42-gnss_raw.txt,2436,459845.000,BDS,22,74.0,230.0,32.0,是
0703002-0918-15-42-gnss_raw.txt,2436,459845.000,BDS,36,58.0,24.0,28.0,是
0703002-0918-15-42-gnss_raw.txt,2436,459845.000,BDS,39,55.0,273.0,35.0,是
0703002-0918-15-42-gnss_raw.txt,2436,459846.000,GPS,26,57.0,238.0,34.0,是
0703002-0918-15-42-gnss_raw.txt,2436,459846.000,GPS,28,58.0,16.0,22.0,是
0703002-0918-15-42-gnss_raw.txt,2436,459846.000,GPS,31,53.0,319.0,31.0,是
0703002-0918-15-42-gnss_raw.txt,2436,459846.000,GPS,32,63.0,124.0,32.0,是
0703002-0918-15-42-gnss_raw.txt,2436,459846.000,GLONASS,71,78.0,156.0,37.0,是
0703002-0918-15-42-gnss_raw.txt,2436,459846.000,GLONASS,72,43.0,330.0,33.0,是
0703002-0918-15-42-gnss_raw.txt,2436,459846.000,GLONASS,73,0.0,0.0,18.0,是
0703002-0918-15-42-gnss_raw.txt,2436,459846.000,GLONASS,74,61.0,288.0,35.0,是
0703002-0918-15-42-gnss_raw.txt,2436,459846.000,GLONASS,90,0.0,0.0,27.0,是
0703002-0918-15-42-gnss_raw.txt,2436,459846.000,Galileo,19,0.0,0.0,28.0,是
0703002-0918-15-42-gnss_raw.txt,2436,459846.000,Galileo,21,76.0,185.0,33.0,是
0703002-0918-15-42-gnss_raw.txt,2436,459846.000,QZSS,2,57.0,124.0,26.0,是
0703002-0918-15-42-gnss_raw.txt,2436,459846.000,QZSS,7,53.0,169.0,25.0,是
0703002-0918-15-42-gnss_raw.txt,2436,459846.000,BDS,2,34.0,241.0,30.0,是
0703002-0918-15-42-gnss_raw.txt,2436,459846.000,BDS,7,63.0,340.0,29.0,是
0703002-0918-15-42-gnss_raw.txt,2436,459846.000,BDS,10,62.0,318.0,30.0,是
0703002-0918-15-42-gnss_raw.txt,2436,459846.000,BDS,22,74.0,230.0,32.0,是
0703002-0918-15-42-gnss_raw.txt,2436,459846.000,BDS,36,58.0,24.0,30.0,是
0703002-0918-15-42-gnss_raw.txt,2436,459846.000,BDS,39,55.0,273.0,35.0,是
0703002-0918-15-42-gnss_raw.txt,2436,459847.000,GPS,26,57.0,238.0,34.0,是
0703002-0918-15-42-gnss_raw.txt,2436,459847.000,GPS,28,58.0,16.0,23.0,是
0703002-0918-15-42-gnss_raw.txt,2436,459847.000,GPS,31,53.0,319.0,31.0,是
0703002-0918-15-42-gnss_raw.txt,2436,459847.000,GPS,32,63.0,124.0,32.0,是
0703002-0918-15-42-gnss_raw.txt,2436,459847.000,GLONASS,71,78.0,156.0,36.0,是
0703002-0918-15-42-gnss_raw.txt,2436,459847.000,GLONASS,72,43.0,330.0,32.0,是
0703002-0918-15-42-gnss_raw.txt,2436,459847.000,GLONASS,73,44.0,20.0,24.0,是
0703002-0918-15-42-gnss_raw.txt,2436,459847.000,GLONASS,74,61.0,288.0,35.0,是
0703002-0918-15-42-gnss_raw.txt,2436,459847.000,GLONASS,90,0.0,0.0,27.0,是
0703002-0918-15-42-gnss_raw.txt,2436,459847.000,Galileo,19,53.0,329.0,29.0,是
0703002-0918-15-42-gnss_raw.txt,2436,459847.000,Galileo,21,76.0,185.0,33.0,是
0703002-0918-15-42-gnss_raw.txt,2436,459847.000,QZSS,2,57.0,124.0,25.0,是
0703002-0918-15-42-gnss_raw.txt,2436,459847.000,QZSS,7,53.0,169.0,25.0,是
0703002-0918-15-42-gnss_raw.txt,2436,459847.000,BDS,2,34.0,241.0,30.0,是
0703002-0918-15-42-gnss_raw.txt,2436,459847.000,BDS,7,63.0,340.0,29.0,是
0703002-0918-15-42-gnss_raw.txt,2436,459847.000,BDS,10,62.0,318.0,29.0,是
0703002-0918-15-42-gnss_raw.txt,2436,459847.000,BDS,22,74.0,230.0,32.0,是
0703002-0918-15-42-gnss_raw.txt,2436,459847.000,BDS,36,58.0,24.0,31.0,是
0703002-0918-15-42-gnss_raw.txt,2436,459847.000,BDS,39,55.0,273.0,35.0,是
0703002-0918-15-42-gnss_raw.txt,2436,459848.000,GPS,26,57.0,238.0,35.0,是
0703002-0918-15-42-gnss_raw.txt,2436,459848.000,GPS,28,58.0,16.0,23.0,是
0703002-0918-15-42-gnss_raw.txt,2436,459848.000,GPS,31,53.0,319.0,31.0,是
0703002-0918-15-42-gnss_raw.txt,2436,459848.000,GPS,32,63.0,124.0,32.0,是
0703002-0918-15-42-gnss_raw.txt,2436,459848.000,GLONASS,71,78.0,156.0,36.0,是
0703002-0918-15-42-gnss_raw.txt,2436,459848.000,GLONASS,72,43.0,330.0,33.0,是
0703002-0918-15-42-gnss_raw.txt,2436,459848.000,GLONASS,74,61.0,288.0,35.0,是
0703002-0918-15-42-gnss_raw.txt,2436,459848.000,GLONASS,90,0.0,0.0,25.0,是
0703002-0918-15-42-gnss_raw.txt,2436,459848.000,Galileo,19,0.0,0.0,28.0,是
0703002-0918-15-42-gnss_raw.txt,2436,459848.000,Galileo,21,76.0,185.0,33.0,是
0703002-0918-15-42-gnss_raw.txt,2436,459848.000,QZSS,2,57.0,124.0,25.0,是
0703002-0918-15-42-gnss_raw.txt,2436,459848.000,QZSS,7,53.0,169.0,25.0,是
0703002-0918-15-42-gnss_raw.txt,2436,459848.000,BDS,2,34.0,241.0,31.0,是
0703002-0918-15-42-gnss_raw.txt,2436,459848.000,BDS,7,63.0,340.0,29.0,是
0703002-0918-15-42-gnss_raw.txt,2436,459848.000,BDS,10,62.0,318.0,29.0,是
0703002-0918-15-42-gnss_raw.txt,2436,459848.000,BDS,22,74.0,230.0,32.0,是
0703002-0918-15-42-gnss_raw.txt,2436,459848.000,BDS,36,58.0,24.0,31.0,是
0703002-0918-15-42-gnss_raw.txt,2436,459848.000,BDS,39,55.0,273.0,35.0,是
0703002-0918-15-42-gnss_raw.txt,2436,459849.000,GPS,26,57.0,238.0,35.0,是
0703002-0918-15-42-gnss_raw.txt,2436,459849.000,GPS,28,58.0,16.0,29.0,是
0703002-0918-15-42-gnss_raw.txt,2436,459849.000,GPS,31,53.0,319.0,31.0,是
0703002-0918-15-42-gnss_raw.txt,2436,459849.000,GPS,32,63.0,124.0,32.0,是
0703002-0918-15-42-gnss_raw.txt,2436,459849.000,GLONASS,71,78.0,156.0,36.0,是
0703002-0918-15-42-gnss_raw.txt,2436,459849.000,GLONASS,72,43.0,330.0,32.0,是
0703002-0918-15-42-gnss_raw.txt,2436,459849.000,GLONASS,73,0.0,0.0,32.0,是
0703002-0918-15-42-gnss_raw.txt,2436,459849.000,GLONASS,74,61.0,288.0,34.0,是
0703002-0918-15-42-gnss_raw.txt,2436,459849.000,GLONASS,90,0.0,0.0,25.0,是
0703002-0918-15-42-gnss_raw.txt,2436,459849.000,Galileo,19,0.0,0.0,26.0,是
0703002-0918-15-42-gnss_raw.txt,2436,459849.000,Galileo,21,76.0,185.0,34.0,是
0703002-0918-15-42-gnss_raw.txt,2436,459849.000,QZSS,2,57.0,124.0,25.0,是
0703002-0918-15-42-gnss_raw.txt,2436,459849.000,QZSS,7,53.0,169.0,25.0,是
0703002-0918-15-42-gnss_raw.txt,2436,459849.000,BDS,2,34.0,241.0,30.0,是
0703002-0918-15-42-gnss_raw.txt,2436,459849.000,BDS,7,63.0,340.0,29.0,是
0703002-0918-15-42-gnss_raw.txt,2436,459849.000,BDS,10,62.0,318.0,29.0,是
0703002-0918-15-42-gnss_raw.txt,2436,459849.000,BDS,22,74.0,230.0,32.0,是
0703002-0918-15-42-gnss_raw.txt,2436,459849.000,BDS,36,58.0,24.0,30.0,是
0703002-0918-15-42-gnss_raw.txt,2436,459849.000,BDS,39,55.0,273.0,35.0,是
0703002-0918-15-42-gnss_raw.txt,2436,459850.000,GPS,26,57.0,238.0,35.0,是
0703002-0918-15-42-gnss_raw.txt,2436,459850.000,GPS,28,58.0,16.0,29.0,是
0703002-0918-15-42-gnss_raw.txt,2436,459850.000,GPS,31,53.0,319.0,31.0,是
0703002-0918-15-42-gnss_raw.txt,2436,459850.000,GPS,32,63.0,124.0,32.0,是
0703002-0918-15-42-gnss_raw.txt,2436,459850.000,GLONASS,71,78.0,156.0,36.0,是
0703002-0918-15-42-gnss_raw.txt,2436,459850.000,GLONASS,72,43.0,330.0,31.0,是
0703002-0918-15-42-gnss_raw.txt,2436,459850.000,GLONASS,73,44.0,20.0,30.0,是
0703002-0918-15-42-gnss_raw.txt,2436,459850.000,GLONASS,74,61.0,288.0,33.0,是
0703002-0918-15-42-gnss_raw.txt,2436,459850.000,GLONASS,90,0.0,0.0,24.0,是
0703002-0918-15-42-gnss_raw.txt,2436,459850.000,Galileo,19,0.0,0.0,25.0,是
0703002-0918-15-42-gnss_raw.txt,2436,459850.000,Galileo,21,76.0,185.0,34.0,是
0703002-0918-15-42-gnss_raw.txt,2436,459850.000,QZSS,2,57.0,124.0,29.0,是
0703002-0918-15-42-gnss_raw.txt,2436,459850.000,QZSS,7,53.0,169.0,26.0,是
0703002-0918-15-42-gnss_raw.txt,2436,459850.000,BDS,2,34.0,241.0,33.0,是
0703002-0918-15-42-gnss_raw.txt,2436,459850.000,BDS,7,63.0,340.0,30.0,是
0703002-0918-15-42-gnss_raw.txt,2436,459850.000,BDS,10,62.0,318.0,30.0,是
0703002-0918-15-42-gnss_raw.txt,2436,459850.000,BDS,22,74.0,230.0,33.0,是
0703002-0918-15-42-gnss_raw.txt,2436,459850.000,BDS,36,58.0,24.0,28.0,是
0703002-0918-15-42-gnss_raw.txt,2436,459850.000,BDS,39,55.0,273.0,36.0,是
0703002-0918-15-42-gnss_raw.txt,2436,459851.000,GPS,26,57.0,238.0,35.0,是
0703002-0918-15-42-gnss_raw.txt,2436,459851.000,GPS,28,58.0,16.0,30.0,是
0703002-0918-15-42-gnss_raw.txt,2436,459851.000,GPS,31,53.0,320.0,31.0,是
0703002-0918-15-42-gnss_raw.txt,2436,459851.000,GPS,32,63.0,124.0,32.0,是
0703002-0918-15-42-gnss_raw.txt,2436,459851.000,GLONASS,71,78.0,156.0,36.0,是
0703002-0918-15-42-gnss_raw.txt,2436,459851.000,GLONASS,72,43.0,330.0,32.0,是
0703002-0918-15-42-gnss_raw.txt,2436,459851.000,GLONASS,73,44.0,20.0,29.0,是
0703002-0918-15-42-gnss_raw.txt,2436,459851.000,GLONASS,74,61.0,288.0,34.0,是
0703002-0918-15-42-gnss_raw.txt,2436,459851.000,GLONASS,90,0.0,0.0,25.0,是
0703002-0918-15-42-gnss_raw.txt,2436,459851.000,Galileo,21,76.0,185.0,34.0,是
0703002-0918-15-42-gnss_raw.txt,2436,459851.000,QZSS,2,57.0,124.0,30.0,是
0703002-0918-15-42-gnss_raw.txt,2436,459851.000,QZSS,7,53.0,169.0,27.0,是
0703002-0918-15-42-gnss_raw.txt,2436,459851.000,BDS,2,34.0,241.0,35.0,是
0703002-0918-15-42-gnss_raw.txt,2436,459851.000,BDS,7,63.0,340.0,31.0,是
0703002-0918-15-42-gnss_raw.txt,2436,459851.000,BDS,10,62.0,318.0,32.0,是
0703002-0918-15-42-gnss_raw.txt,2436,459851.000,BDS,21,0.0,0.0,27.0,是
0703002-0918-15-42-gnss_raw.txt,2436,459851.000,BDS,22,74.0,230.0,34.0,是
0703002-0918-15-42-gnss_raw.txt,2436,459851.000,BDS,36,58.0,24.0,32.0,是
0703002-0918-15-42-gnss_raw.txt,2436,459851.000,BDS,39,55.0,273.0,37.0,是
0703002-0918-15-42-gnss_raw.txt,2436,459852.000,GPS,26,57.0,238.0,36.0,是
0703002-0918-15-42-gnss_raw.txt,2436,459852.000,GPS,28,58.0,16.0,30.0,是
0703002-0918-15-42-gnss_raw.txt,2436,459852.000,GPS,31,53.0,320.0,31.0,是
0703002-0918-15-42-gnss_raw.txt,2436,459852.000,GPS,32,63.0,124.0,32.0,是
0703002-0918-15-42-gnss_raw.txt,2436,459852.000,GLONASS,71,78.0,156.0,36.0,是
0703002-0918-15-42-gnss_raw.txt,2436,459852.000,GLONASS,72,43.0,330.0,32.0,是
0703002-0918-15-42-gnss_raw.txt,2436,459852.000,GLONASS,73,0.0,0.0,25.0,是
0703002-0918-15-42-gnss_raw.txt,2436,459852.000,GLONASS,74,61.0,288.0,35.0,是
0703002-0918-15-42-gnss_raw.txt,2436,459852.000,GLONASS,90,0.0,0.0,30.0,是
0703002-0918-15-42-gnss_raw.txt,2436,459852.000,Galileo,21,76.0,185.0,33.0,是
0703002-0918-15-42-gnss_raw.txt,2436,459852.000,QZSS,2,57.0,124.0,29.0,是
0703002-0918-15-42-gnss_raw.txt,2436,459852.000,QZSS,7,53.0,169.0,26.0,是
0703002-0918-15-42-gnss_raw.txt,2436,459852.000,BDS,2,34.0,241.0,31.0,是
0703002-0918-15-42-gnss_raw.txt,2436,459852.000,BDS,7,63.0,340.0,31.0,是
0703002-0918-15-42-gnss_raw.txt,2436,459852.000,BDS,10,62.0,318.0,32.0,是
0703002-0918-15-42-gnss_raw.txt,2436,459852.000,BDS,21,35.0,315.0,24.0,是
0703002-0918-15-42-gnss_raw.txt,2436,459852.000,BDS,22,74.0,230.0,35.0,是
0703002-0918-15-42-gnss_raw.txt,2436,459852.000,BDS,36,0.0,0.0,24.0,是
0703002-0918-15-42-gnss_raw.txt,2436,459852.000,BDS,39,55.0,273.0,37.0,是
0703002-0918-15-42-gnss_raw.txt,2436,459853.000,GPS,26,57.0,238.0,35.0,是
0703002-0918-15-42-gnss_raw.txt,2436,459853.000,GPS,28,58.0,16.0,30.0,是
0703002-0918-15-42-gnss_raw.txt,2436,459853.000,GPS,31,53.0,320.0,31.0,是
0703002-0918-15-42-gnss_raw.txt,2436,459853.000,GPS,32,63.0,124.0,32.0,是
0703002-0918-15-42-gnss_raw.txt,2436,459853.000,GLONASS,71,78.0,156.0,37.0,是
0703002-0918-15-42-gnss_raw.txt,2436,459853.000,GLONASS,72,43.0,330.0,32.0,是
0703002-0918-15-42-gnss_raw.txt,2436,459853.000,GLONASS,73,0.0,0.0,22.0,是
0703002-0918-15-42-gnss_raw.txt,2436,459853.000,GLONASS,74,61.0,288.0,35.0,是
0703002-0918-15-42-gnss_raw.txt,2436,459853.000,GLONASS,90,0.0,0.0,30.0,是
0703002-0918-15-42-gnss_raw.txt,2436,459853.000,Galileo,21,76.0,185.0,34.0,是
0703002-0918-15-42-gnss_raw.txt,2436,459853.000,QZSS,2,57.0,124.0,26.0,是
0703002-0918-15-42-gnss_raw.txt,2436,459853.000,QZSS,7,53.0,169.0,24.0,是
0703002-0918-15-42-gnss_raw.txt,2436,459853.000,BDS,2,34.0,241.0,31.0,是
0703002-0918-15-42-gnss_raw.txt,2436,459853.000,BDS,7,63.0,340.0,29.0,是
0703002-0918-15-42-gnss_raw.txt,2436,459853.000,BDS,10,62.0,318.0,31.0,是
0703002-0918-15-42-gnss_raw.txt,2436,459853.000,BDS,21,35.0,315.0,22.0,是
0703002-0918-15-42-gnss_raw.txt,2436,459853.000,BDS,22,74.0,230.0,34.0,是
0703002-0918-15-42-gnss_raw.txt,2436,459853.000,BDS,36,0.0,0.0,20.0,是
0703002-0918-15-42-gnss_raw.txt,2436,459853.000,BDS,39,55.0,273.0,37.0,是
0703002-0918-15-42-gnss_raw.txt,2436,459854.000,GPS,26,57.0,238.0,35.0,是
0703002-0918-15-42-gnss_raw.txt,2436,459854.000,GPS,28,58.0,16.0,31.0,是
0703002-0918-15-42-gnss_raw.txt,2436,459854.000,GPS,31,53.0,320.0,31.0,是
0703002-0918-15-42-gnss_raw.txt,2436,459854.000,GPS,32,63.0,124.0,32.0,是
0703002-0918-15-42-gnss_raw.txt,2436,459854.000,GLONASS,71,78.0,156.0,37.0,是
0703002-0918-15-42-gnss_raw.txt,2436,459854.000,GLONASS,72,43.0,330.0,33.0,是
0703002-0918-15-42-gnss_raw.txt,2436,459854.000,GLONASS,73,0.0,0.0,22.0,是
0703002-0918-15-42-gnss_raw.txt,2436,459854.000,GLONASS,74,61.0,288.0,34.0,是
0703002-0918-15-42-gnss_raw.txt,2436,459854.000,GLONASS,90,0.0,0.0,30.0,是
0703002-0918-15-42-gnss_raw.txt,2436,459854.000,Galileo,21,76.0,185.0,32.0,是
0703002-0918-15-42-gnss_raw.txt,2436,459854.000,QZSS,2,57.0,124.0,25.0,是
0703002-0918-15-42-gnss_raw.txt,2436,459854.000,QZSS,7,53.0,169.0,23.0,是
0703002-0918-15-42-gnss_raw.txt,2436,459854.000,BDS,2,34.0,241.0,30.0,是
0703002-0918-15-42-gnss_raw.txt,2436,459854.000,BDS,7,63.0,340.0,29.0,是
0703002-0918-15-42-gnss_raw.txt,2436,459854.000,BDS,10,62.0,318.0,29.0,是
0703002-0918-15-42-gnss_raw.txt,2436,459854.000,BDS,21,0.0,0.0,19.0,是
0703002-0918-15-42-gnss_raw.txt,2436,459854.000,BDS,22,74.0,230.0,34.0,是
0703002-0918-15-42-gnss_raw.txt,2436,459854.000,BDS,36,0.0,0.0,18.0,是
0703002-0918-15-42-gnss_raw.txt,2436,459854.000,BDS,39,55.0,273.0,36.0,是
0703002-0918-15-42-gnss_raw.txt,2436,459855.000,GPS,26,57.0,238.0,35.0,是
0703002-0918-15-42-gnss_raw.txt,2436,459855.000,GPS,28,58.0,16.0,31.0,是
0703002-0918-15-42-gnss_raw.txt,2436,459855.000,GPS,31,53.0,320.0,32.0,是
0703002-0918-15-42-gnss_raw.txt,2436,459855.000,GPS,32,63.0,124.0,32.0,是
0703002-0918-15-42-gnss_raw.txt,2436,459855.000,GLONASS,71,78.0,156.0,37.0,是
0703002-0918-15-42-gnss_raw.txt,2436,459855.000,GLONASS,72,43.0,330.0,33.0,是
0703002-0918-15-42-gnss_raw.txt,2436,459855.000,GLONASS,73,0.0,0.0,24.0,是
0703002-0918-15-42-gnss_raw.txt,2436,459855.000,GLONASS,74,61.0,288.0,34.0,是
0703002-0918-15-42-gnss_raw.txt,2436,459855.000,GLONASS,90,0.0,0.0,30.0,是
0703002-0918-15-42-gnss_raw.txt,2436,459855.000,Galileo,21,76.0,185.0,33.0,是
0703002-0918-15-42-gnss_raw.txt,2436,459855.000,QZSS,2,57.0,124.0,26.0,是
0703002-0918-15-42-gnss_raw.txt,2436,459855.000,QZSS,7,53.0,169.0,23.0,是
0703002-0918-15-42-gnss_raw.txt,2436,459855.000,BDS,2,34.0,241.0,30.0,是
0703002-0918-15-42-gnss_raw.txt,2436,459855.000,BDS,7,63.0,340.0,29.0,是
0703002-0918-15-42-gnss_raw.txt,2436,459855.000,BDS,10,62.0,318.0,30.0,是
0703002-0918-15-42-gnss_raw.txt,2436,459855.000,BDS,21,0.0,0.0,19.0,是
0703002-0918-15-42-gnss_raw.txt,2436,459855.000,BDS,22,74.0,230.0,33.0,是
0703002-0918-15-42-gnss_raw.txt,2436,459855.000,BDS,39,55.0,273.0,36.0,是
0703002-0918-15-42-gnss_raw.txt,2436,459856.000,GPS,26,57.0,238.0,35.0,是
0703002-0918-15-42-gnss_raw.txt,2436,459856.000,GPS,28,58.0,16.0,29.0,是
0703002-0918-15-42-gnss_raw.txt,2436,459856.000,GPS,31,53.0,320.0,32.0,是
0703002-0918-15-42-gnss_raw.txt,2436,459856.000,GPS,32,63.0,124.0,32.0,是
0703002-0918-15-42-gnss_raw.txt,2436,459856.000,GLONASS,71,78.0,156.0,37.0,是
0703002-0918-15-42-gnss_raw.txt,2436,459856.000,GLONASS,72,43.0,330.0,33.0,是
0703002-0918-15-42-gnss_raw.txt,2436,459856.000,GLONASS,74,61.0,288.0,33.0,是
0703002-0918-15-42-gnss_raw.txt,2436,459856.000,GLONASS,90,0.0,0.0,30.0,是
0703002-0918-15-42-gnss_raw.txt,2436,459856.000,Galileo,21,76.0,185.0,34.0,是
0703002-0918-15-42-gnss_raw.txt,2436,459856.000,QZSS,2,57.0,124.0,26.0,是
0703002-0918-15-42-gnss_raw.txt,2436,459856.000,QZSS,7,53.0,169.0,23.0,是
0703002-0918-15-42-gnss_raw.txt,2436,459856.000,BDS,2,34.0,241.0,33.0,是
0703002-0918-15-42-gnss_raw.txt,2436,459856.000,BDS,7,63.0,340.0,29.0,是
0703002-0918-15-42-gnss_raw.txt,2436,459856.000,BDS,10,62.0,318.0,30.0,是
0703002-0918-15-42-gnss_raw.txt,2436,459856.000,BDS,21,35.0,315.0,20.0,是
0703002-0918-15-42-gnss_raw.txt,2436,459856.000,BDS,22,74.0,230.0,33.0,是
0703002-0918-15-42-gnss_raw.txt,2436,459856.000,BDS,39,55.0,273.0,36.0,是
0703002-0918-15-42-gnss_raw.txt,2436,459857.000,GPS,26,57.0,238.0,35.0,是
0703002-0918-15-42-gnss_raw.txt,2436,459857.000,GPS,28,58.0,16.0,23.0,是
0703002-0918-15-42-gnss_raw.txt,2436,459857.000,GPS,31,53.0,320.0,32.0,是
0703002-0918-15-42-gnss_raw.txt,2436,459857.000,GPS,32,63.0,124.0,32.0,是
0703002-0918-15-42-gnss_raw.txt,2436,459857.000,GLONASS,71,78.0,156.0,37.0,是
0703002-0918-15-42-gnss_raw.txt,2436,459857.000,GLONASS,72,43.0,330.0,33.0,是
0703002-0918-15-42-gnss_raw.txt,2436,459857.000,GLONASS,73,44.0,20.0,31.0,是
0703002-0918-15-42-gnss_raw.txt,2436,459857.000,GLONASS,74,61.0,288.0,33.0,是
0703002-0918-15-42-gnss_raw.txt,2436,459857.000,GLONASS,90,0.0,0.0,28.0,是
0703002-0918-15-42-gnss_raw.txt,2436,459857.000,Galileo,21,76.0,185.0,34.0,是
0703002-0918-15-42-gnss_raw.txt,2436,459857.000,QZSS,2,57.0,124.0,25.0,是
0703002-0918-15-42-gnss_raw.txt,2436,459857.000,QZSS,7,53.0,169.0,23.0,是
0703002-0918-15-42-gnss_raw.txt,2436,459857.000,BDS,2,34.0,241.0,31.0,是
0703002-0918-15-42-gnss_raw.txt,2436,459857.000,BDS,7,63.0,340.0,29.0,是
0703002-0918-15-42-gnss_raw.txt,2436,459857.000,BDS,10,62.0,318.0,30.0,是
0703002-0918-15-42-gnss_raw.txt,2436,459857.000,BDS,21,35.0,315.0,21.0,是
0703002-0918-15-42-gnss_raw.txt,2436,459857.000,BDS,22,74.0,230.0,33.0,是
0703002-0918-15-42-gnss_raw.txt,2436,459857.000,BDS,39,55.0,273.0,35.0,是
0703002-0918-15-42-gnss_raw.txt,2436,459858.000,GPS,26,57.0,238.0,35.0,是
0703002-0918-15-42-gnss_raw.txt,2436,459858.000,GPS,28,58.0,16.0,23.0,是
0703002-0918-15-42-gnss_raw.txt,2436,459858.000,GPS,31,53.0,320.0,32.0,是
0703002-0918-15-42-gnss_raw.txt,2436,459858.000,GPS,32,63.0,124.0,32.0,是
0703002-0918-15-42-gnss_raw.txt,2436,459858.000,GLONASS,71,78.0,156.0,36.0,是
0703002-0918-15-42-gnss_raw.txt,2436,459858.000,GLONASS,72,43.0,330.0,35.0,是
0703002-0918-15-42-gnss_raw.txt,2436,459858.000,GLONASS,73,44.0,20.0,32.0,是
0703002-0918-15-42-gnss_raw.txt,2436,459858.000,GLONASS,74,61.0,288.0,34.0,是
0703002-0918-15-42-gnss_raw.txt,2436,459858.000,GLONASS,90,0.0,0.0,30.0,是
0703002-0918-15-42-gnss_raw.txt,2436,459858.000,Galileo,21,76.0,185.0,33.0,是
0703002-0918-15-42-gnss_raw.txt,2436,459858.000,QZSS,2,0.0,0.0,25.0,是
0703002-0918-15-42-gnss_raw.txt,2436,459858.000,QZSS,7,53.0,169.0,22.0,是
0703002-0918-15-42-gnss_raw.txt,2436,459858.000,BDS,2,34.0,241.0,33.0,是
0703002-0918-15-42-gnss_raw.txt,2436,459858.000,BDS,7,63.0,340.0,30.0,是
0703002-0918-15-42-gnss_raw.txt,2436,459858.000,BDS,10,62.0,318.0,30.0,是
0703002-0918-15-42-gnss_raw.txt,2436,459858.000,BDS,21,0.0,0.0,19.0,是
0703002-0918-15-42-gnss_raw.txt,2436,459858.000,BDS,22,74.0,230.0,32.0,是
0703002-0918-15-42-gnss_raw.txt,2436,459858.000,BDS,39,55.0,273.0,35.0,是
0703002-0918-15-42-gnss_raw.txt,2436,459859.000,GPS,26,57.0,238.0,35.0,是
0703002-0918-15-42-gnss_raw.txt,2436,459859.000,GPS,28,58.0,16.0,22.0,是
0703002-0918-15-42-gnss_raw.txt,2436,459859.000,GPS,31,53.0,320.0,32.0,是
0703002-0918-15-42-gnss_raw.txt,2436,459859.000,GPS,32,63.0,124.0,32.0,是
0703002-0918-15-42-gnss_raw.txt,2436,459859.000,GLONASS,71,78.0,156.0,36.0,是
0703002-0918-15-42-gnss_raw.txt,2436,459859.000,GLONASS,72,43.0,330.0,35.0,是
0703002-0918-15-42-gnss_raw.txt,2436,459859.000,GLONASS,73,44.0,20.0,33.0,是
0703002-0918-15-42-gnss_raw.txt,2436,459859.000,GLONASS,74,61.0,288.0,35.0,是
0703002-0918-15-42-gnss_raw.txt,2436,459859.000,GLONASS,90,0.0,0.0,30.0,是
0703002-0918-15-42-gnss_raw.txt,2436,459859.000,Galileo,21,76.0,185.0,33.0,是
0703002-0918-15-42-gnss_raw.txt,2436,459859.000,QZSS,2,57.0,124.0,25.0,是
0703002-0918-15-42-gnss_raw.txt,2436,459859.000,QZSS,7,53.0,169.0,22.0,是
0703002-0918-15-42-gnss_raw.txt,2436,459859.000,BDS,2,34.0,241.0,31.0,是
0703002-0918-15-42-gnss_raw.txt,2436,459859.000,BDS,7,63.0,340.0,30.0,是
0703002-0918-15-42-gnss_raw.txt,2436,459859.000,BDS,10,62.0,318.0,30.0,是
0703002-0918-15-42-gnss_raw.txt,2436,459859.000,BDS,21,0.0,0.0,21.0,是
0703002-0918-15-42-gnss_raw.txt,2436,459859.000,BDS,22,74.0,230.0,32.0,是
0703002-0918-15-42-gnss_raw.txt,2436,459859.000,BDS,39,55.0,273.0,35.0,是
0703002-0918-15-42-gnss_raw.txt,2436,459860.000,GPS,26,57.0,238.0,35.0,是
0703002-0918-15-42-gnss_raw.txt,2436,459860.000,GPS,28,58.0,16.0,22.0,是
0703002-0918-15-42-gnss_raw.txt,2436,459860.000,GPS,31,53.0,320.0,32.0,是
0703002-0918-15-42-gnss_raw.txt,2436,459860.000,GPS,32,63.0,124.0,32.0,是
0703002-0918-15-42-gnss_raw.txt,2436,459860.000,GLONASS,71,78.0,156.0,36.0,是
0703002-0918-15-42-gnss_raw.txt,2436,459860.000,GLONASS,72,43.0,330.0,34.0,是
0703002-0918-15-42-gnss_raw.txt,2436,459860.000,GLONASS,73,44.0,20.0,31.0,是
0703002-0918-15-42-gnss_raw.txt,2436,459860.000,GLONASS,74,61.0,288.0,34.0,是
0703002-0918-15-42-gnss_raw.txt,2436,459860.000,GLONASS,90,0.0,0.0,29.0,是
0703002-0918-15-42-gnss_raw.txt,2436,459860.000,Galileo,21,76.0,185.0,33.0,是
0703002-0918-15-42-gnss_raw.txt,2436,459860.000,QZSS,2,57.0,124.0,25.0,是
0703002-0918-15-42-gnss_raw.txt,2436,459860.000,QZSS,7,53.0,169.0,22.0,是
0703002-0918-15-42-gnss_raw.txt,2436,459860.000,BDS,2,34.0,241.0,31.0,是
0703002-0918-15-42-gnss_raw.txt,2436,459860.000,BDS,7,63.0,340.0,29.0,是
0703002-0918-15-42-gnss_raw.txt,2436,459860.000,BDS,10,62.0,318.0,30.0,是
0703002-0918-15-42-gnss_raw.txt,2436,459860.000,BDS,21,35.0,315.0,21.0,是
0703002-0918-15-42-gnss_raw.txt,2436,459860.000,BDS,22,74.0,230.0,32.0,是
0703002-0918-15-42-gnss_raw.txt,2436,459860.000,BDS,39,55.0,273.0,35.0,是
0703002-0918-15-42-gnss_raw.txt,2436,459861.000,GPS,26,57.0,238.0,35.0,是
0703002-0918-15-42-gnss_raw.txt,2436,459861.000,GPS,28,58.0,16.0,22.0,是
0703002-0918-15-42-gnss_raw.txt,2436,459861.000,GPS,31,53.0,320.0,32.0,是
0703002-0918-15-42-gnss_raw.txt,2436,459861.000,GPS,32,63.0,124.0,32.0,是
0703002-0918-15-42-gnss_raw.txt,2436,459861.000,GLONASS,71,78.0,156.0,37.0,是
0703002-0918-15-42-gnss_raw.txt,2436,459861.000,GLONASS,72,43.0,330.0,34.0,是
0703002-0918-15-42-gnss_raw.txt,2436,459861.000,GLONASS,73,44.0,20.0,29.0,是
0703002-0918-15-42-gnss_raw.txt,2436,459861.000,GLONASS,74,61.0,288.0,34.0,是
0703002-0918-15-42-gnss_raw.txt,2436,459861.000,GLONASS,90,0.0,0.0,25.0,是
0703002-0918-15-42-gnss_raw.txt,2436,459861.000,Galileo,21,76.0,185.0,33.0,是
0703002-0918-15-42-gnss_raw.txt,2436,459861.000,QZSS,2,57.0,124.0,25.0,是
0703002-0918-15-42-gnss_raw.txt,2436,459861.000,QZSS,7,53.0,169.0,22.0,是
0703002-0918-15-42-gnss_raw.txt,2436,459861.000,BDS,2,34.0,241.0,32.0,是
0703002-0918-15-42-gnss_raw.txt,2436,459861.000,BDS,7,63.0,340.0,29.0,是
0703002-0918-15-42-gnss_raw.txt,2436,459861.000,BDS,10,62.0,318.0,30.0,是
0703002-0918-15-42-gnss_raw.txt,2436,459861.000,BDS,21,35.0,315.0,21.0,是
0703002-0918-15-42-gnss_raw.txt,2436,459861.000,BDS,22,74.0,230.0,32.0,是
0703002-0918-15-42-gnss_raw.txt,2436,459861.000,BDS,39,55.0,273.0,35.0,是
0703002-0918-15-42-gnss_raw.txt,2436,459862.000,GPS,26,57.0,238.0,35.0,是
0703002-0918-15-42-gnss_raw.txt,2436,459862.000,GPS,28,58.0,16.0,23.0,是
0703002-0918-15-42-gnss_raw.txt,2436,459862.000,GPS,31,53.0,320.0,32.0,是
0703002-0918-15-42-gnss_raw.txt,2436,459862.000,GPS,32,63.0,124.0,32.0,是
0703002-0918-15-42-gnss_raw.txt,2436,459862.000,GLONASS,71,78.0,156.0,37.0,是
0703002-0918-15-42-gnss_raw.txt,2436,459862.000,GLONASS,72,43.0,330.0,32.0,是
0703002-0918-15-42-gnss_raw.txt,2436,459862.000,GLONASS,73,44.0,20.0,29.0,是
0703002-0918-15-42-gnss_raw.txt,2436,459862.000,GLONASS,74,61.0,288.0,35.0,是
0703002-0918-15-42-gnss_raw.txt,2436,459862.000,GLONASS,90,0.0,0.0,30.0,是
0703002-0918-15-42-gnss_raw.txt,2436,459862.000,Galileo,21,76.0,185.0,33.0,是
0703002-0918-15-42-gnss_raw.txt,2436,459862.000,QZSS,2,57.0,124.0,26.0,是
0703002-0918-15-42-gnss_raw.txt,2436,459862.000,QZSS,7,53.0,169.0,23.0,是
0703002-0918-15-42-gnss_raw.txt,2436,459862.000,BDS,2,34.0,241.0,31.0,是
0703002-0918-15-42-gnss_raw.txt,2436,459862.000,BDS,7,63.0,340.0,29.0,是
0703002-0918-15-42-gnss_raw.txt,2436,459862.000,BDS,10,62.0,318.0,29.0,是
0703002-0918-15-42-gnss_raw.txt,2436,459862.000,BDS,21,35.0,315.0,21.0,是
0703002-0918-15-42-gnss_raw.txt,2436,459862.000,BDS,22,74.0,230.0,32.0,是
0703002-0918-15-42-gnss_raw.txt,2436,459862.000,BDS,39,55.0,273.0,35.0,是
0703002-0918-15-42-gnss_raw.txt,2436,459863.000,GPS,26,57.0,238.0,34.0,是
0703002-0918-15-42-gnss_raw.txt,2436,459863.000,GPS,28,58.0,16.0,23.0,是
0703002-0918-15-42-gnss_raw.txt,2436,459863.000,GPS,31,53.0,320.0,32.0,是
0703002-0918-15-42-gnss_raw.txt,2436,459863.000,GPS,32,63.0,124.0,32.0,是
0703002-0918-15-42-gnss_raw.txt,2436,459863.000,GLONASS,71,78.0,156.0,37.0,是
0703002-0918-15-42-gnss_raw.txt,2436,459863.000,GLONASS,72,43.0,330.0,32.0,是
0703002-0918-15-42-gnss_raw.txt,2436,459863.000,GLONASS,73,44.0,20.0,26.0,是
0703002-0918-15-42-gnss_raw.txt,2436,459863.000,GLONASS,74,61.0,288.0,35.0,是
0703002-0918-15-42-gnss_raw.txt,2436,459863.000,GLONASS,90,0.0,0.0,30.0,是
0703002-0918-15-42-gnss_raw.txt,2436,459863.000,Galileo,21,76.0,185.0,34.0,是
0703002-0918-15-42-gnss_raw.txt,2436,459863.000,QZSS,2,57.0,124.0,26.0,是
0703002-0918-15-42-gnss_raw.txt,2436,459863.000,QZSS,7,53.0,169.0,23.0,是
0703002-0918-15-42-gnss_raw.txt,2436,459863.000,BDS,2,34.0,241.0,31.0,是
0703002-0918-15-42-gnss_raw.txt,2436,459863.000,BDS,7,63.0,340.0,29.0,是
0703002-0918-15-42-gnss_raw.txt,2436,459863.000,BDS,10,62.0,318.0,29.0,是
0703002-0918-15-42-gnss_raw.txt,2436,459863.000,BDS,21,35.0,315.0,21.0,是
0703002-0918-15-42-gnss_raw.txt,2436,459863.000,BDS,22,74.0,229.0,32.0,是
0703002-0918-15-42-gnss_raw.txt,2436,459863.000,BDS,39,55.0,273.0,35.0,是
0703002-0918-15-42-gnss_raw.txt,2436,459864.000,GPS,26,57.0,238.0,34.0,是
0703002-0918-15-42-gnss_raw.txt,2436,459864.000,GPS,28,58.0,16.0,22.0,是
0703002-0918-15-42-gnss_raw.txt,2436,459864.000,GPS,31,53.0,320.0,31.0,是
0703002-0918-15-42-gnss_raw.txt,2436,459864.000,GPS,32,63.0,124.0,33.0,是
0703002-0918-15-42-gnss_raw.txt,2436,459864.000,GLONASS,71,78.0,156.0,37.0,是
0703002-0918-15-42-gnss_raw.txt,2436,459864.000,GLONASS,72,43.0,330.0,31.0,是
0703002-0918-15-42-gnss_raw.txt,2436,459864.000,GLONASS,73,0.0,0.0,25.0,是
0703002-0918-15-42-gnss_raw.txt,2436,459864.000,GLONASS,74,61.0,288.0,35.0,是
0703002-0918-15-42-gnss_raw.txt,2436,459864.000,GLONASS,90,0.0,0.0,32.0,是
0703002-0918-15-42-gnss_raw.txt,2436,459864.000,Galileo,21,76.0,185.0,33.0,是
0703002-0918-15-42-gnss_raw.txt,2436,459864.000,QZSS,2,57.0,124.0,25.0,是
0703002-0918-15-42-gnss_raw.txt,2436,459864.000,QZSS,7,53.0,169.0,23.0,是
0703002-0918-15-42-gnss_raw.txt,2436,459864.000,BDS,2,34.0,241.0,30.0,是
0703002-0918-15-42-gnss_raw.txt,2436,459864.000,BDS,7,63.0,340.0,29.0,是
0703002-0918-15-42-gnss_raw.txt,2436,459864.000,BDS,10,62.0,318.0,29.0,是
0703002-0918-15-42-gnss_raw.txt,2436,459864.000,BDS,21,35.0,315.0,20.0,是
0703002-0918-15-42-gnss_raw.txt,2436,459864.000,BDS,22,74.0,229.0,32.0,是
0703002-0918-15-42-gnss_raw.txt,2436,459864.000,BDS,39,55.0,273.0,35.0,是
0703002-0918-15-42-gnss_raw.txt,2436,459865.000,GPS,26,57.0,238.0,34.0,是
0703002-0918-15-42-gnss_raw.txt,2436,459865.000,GPS,28,58.0,17.0,22.0,是
0703002-0918-15-42-gnss_raw.txt,2436,459865.000,GPS,31,53.0,320.0,32.0,是
0703002-0918-15-42-gnss_raw.txt,2436,459865.000,GPS,32,63.0,124.0,33.0,是
0703002-0918-15-42-gnss_raw.txt,2436,459865.000,GLONASS,71,78.0,156.0,37.0,是
0703002-0918-15-42-gnss_raw.txt,2436,459865.000,GLONASS,72,43.0,330.0,32.0,是
0703002-0918-15-42-gnss_raw.txt,2436,459865.000,GLONASS,73,44.0,20.0,26.0,是
0703002-0918-15-42-gnss_raw.txt,2436,459865.000,GLONASS,74,61.0,288.0,34.0,是
0703002-0918-15-42-gnss_raw.txt,2436,459865.000,GLONASS,90,0.0,0.0,27.0,是
0703002-0918-15-42-gnss_raw.txt,2436,459865.000,Galileo,21,76.0,185.0,33.0,是
0703002-0918-15-42-gnss_raw.txt,2436,459865.000,QZSS,2,57.0,124.0,24.0,是
0703002-0918-15-42-gnss_raw.txt,2436,459865.000,QZSS,7,53.0,169.0,22.0,是
0703002-0918-15-42-gnss_raw.txt,2436,459865.000,BDS,2,34.0,241.0,30.0,是
0703002-0918-15-42-gnss_raw.txt,2436,459865.000,BDS,7,63.0,340.0,29.0,是
0703002-0918-15-42-gnss_raw.txt,2436,459865.000,BDS,10,62.0,318.0,29.0,是
0703002-0918-15-42-gnss_raw.txt,2436,459865.000,BDS,21,35.0,315.0,19.0,是
0703002-0918-15-42-gnss_raw.txt,2436,459865.000,BDS,22,74.0,229.0,32.0,是
0703002-0918-15-42-gnss_raw.txt,2436,459865.000,BDS,39,55.0,273.0,35.0,是
0703002-0918-15-42-gnss_raw.txt,2436,459866.000,GPS,26,57.0,238.0,34.0,是
0703002-0918-15-42-gnss_raw.txt,2436,459866.000,GPS,28,58.0,17.0,23.0,是
0703002-0918-15-42-gnss_raw.txt,2436,459866.000,GPS,31,53.0,320.0,32.0,是
0703002-0918-15-42-gnss_raw.txt,2436,459866.000,GPS,32,63.0,124.0,33.0,是
0703002-0918-15-42-gnss_raw.txt,2436,459866.000,GLONASS,71,78.0,156.0,37.0,是
0703002-0918-15-42-gnss_raw.txt,2436,459866.000,GLONASS,72,43.0,330.0,33.0,是
0703002-0918-15-42-gnss_raw.txt,2436,459866.000,GLONASS,73,44.0,20.0,29.0,是
0703002-0918-15-42-gnss_raw.txt,2436,459866.000,GLONASS,74,61.0,288.0,34.0,是
0703002-0918-15-42-gnss_raw.txt,2436,459866.000,GLONASS,90,0.0,0.0,29.0,是
0703002-0918-15-42-gnss_raw.txt,2436,459866.000,Galileo,21,76.0,185.0,34.0,是
0703002-0918-15-42-gnss_raw.txt,2436,459866.000,QZSS,2,57.0,124.0,23.0,是
0703002-0918-15-42-gnss_raw.txt,2436,459866.000,QZSS,7,53.0,169.0,22.0,是
0703002-0918-15-42-gnss_raw.txt,2436,459866.000,BDS,2,34.0,241.0,30.0,是
0703002-0918-15-42-gnss_raw.txt,2436,459866.000,BDS,7,63.0,340.0,29.0,是
0703002-0918-15-42-gnss_raw.txt,2436,459866.000,BDS,10,62.0,318.0,30.0,是
0703002-0918-15-42-gnss_raw.txt,2436,459866.000,BDS,21,35.0,315.0,21.0,是
0703002-0918-15-42-gnss_raw.txt,2436,459866.000,BDS,22,74.0,229.0,32.0,是
0703002-0918-15-42-gnss_raw.txt,2436,459866.000,BDS,39,55.0,273.0,35.0,是
0703002-0918-15-42-gnss_raw.txt,2436,459867.000,GPS,26,57.0,238.0,34.0,是
0703002-0918-15-42-gnss_raw.txt,2436,459867.000,GPS,28,58.0,17.0,23.0,是
0703002-0918-15-42-gnss_raw.txt,2436,459867.000,GPS,31,53.0,320.0,32.0,是
0703002-0918-15-42-gnss_raw.txt,2436,459867.000,GPS,32,63.0,124.0,33.0,是
0703002-0918-15-42-gnss_raw.txt,2436,459867.000,GLONASS,71,78.0,156.0,37.0,是
0703002-0918-15-42-gnss_raw.txt,2436,459867.000,GLONASS,72,43.0,330.0,34.0,是
0703002-0918-15-42-gnss_raw.txt,2436,459867.000,GLONASS,73,44.0,20.0,31.0,是
0703002-0918-15-42-gnss_raw.txt,2436,459867.000,GLONASS,74,61.0,288.0,34.0,是
0703002-0918-15-42-gnss_raw.txt,2436,459867.000,GLONASS,75,19.0,241.0,34.0,是
0703002-0918-15-42-gnss_raw.txt,2436,459867.000,GLONASS,90,0.0,0.0,29.0,是
0703002-0918-15-42-gnss_raw.txt,2436,459867.000,Galileo,21,76.0,185.0,35.0,是
0703002-0918-15-42-gnss_raw.txt,2436,459867.000,QZSS,2,57.0,124.0,22.0,是
0703002-0918-15-42-gnss_raw.txt,2436,459867.000,QZSS,7,53.0,169.0,23.0,是
0703002-0918-15-42-gnss_raw.txt,2436,459867.000,BDS,2,34.0,241.0,30.0,是
0703002-0918-15-42-gnss_raw.txt,2436,459867.000,BDS,7,63.0,340.0,29.0,是
0703002-0918-15-42-gnss_raw.txt,2436,459867.000,BDS,10,62.0,318.0,29.0,是
0703002-0918-15-42-gnss_raw.txt,2436,459867.000,BDS,21,35.0,315.0,21.0,是
0703002-0918-15-42-gnss_raw.txt,2436,459867.000,BDS,22,74.0,229.0,32.0,是
0703002-0918-15-42-gnss_raw.txt,2436,459867.000,BDS,39,55.0,273.0,35.0,是
0703002-0918-15-42-gnss_raw.txt,2436,459868.000,GPS,26,57.0,238.0,34.0,是
0703002-0918-15-42-gnss_raw.txt,2436,459868.000,GPS,28,58.0,17.0,21.0,是
0703002-0918-15-42-gnss_raw.txt,2436,459868.000,GPS,31,53.0,320.0,32.0,是
0703002-0918-15-42-gnss_raw.txt,2436,459868.000,GPS,32,63.0,124.0,33.0,是
0703002-0918-15-42-gnss_raw.txt,2436,459868.000,GLONASS,71,78.0,156.0,37.0,是
0703002-0918-15-42-gnss_raw.txt,2436,459868.000,GLONASS,72,44.0,330.0,33.0,是
0703002-0918-15-42-gnss_raw.txt,2436,459868.000,GLONASS,73,44.0,20.0,32.0,是
0703002-0918-15-42-gnss_raw.txt,2436,459868.000,GLONASS,74,61.0,288.0,35.0,是
0703002-0918-15-42-gnss_raw.txt,2436,459868.000,GLONASS,75,19.0,241.0,34.0,是
0703002-0918-15-42-gnss_raw.txt,2436,459868.000,GLONASS,90,0.0,0.0,27.0,是
0703002-0918-15-42-gnss_raw.txt,2436,459868.000,Galileo,21,76.0,185.0,34.0,是
0703002-0918-15-42-gnss_raw.txt,2436,459868.000,QZSS,2,57.0,124.0,22.0,是
0703002-0918-15-42-gnss_raw.txt,2436,459868.000,QZSS,7,53.0,169.0,23.0,是
0703002-0918-15-42-gnss_raw.txt,2436,459868.000,BDS,2,34.0,241.0,30.0,是
0703002-0918-15-42-gnss_raw.txt,2436,459868.000,BDS,7,63.0,340.0,29.0,是
0703002-0918-15-42-gnss_raw.txt,2436,459868.000,BDS,10,62.0,318.0,28.0,是
0703002-0918-15-42-gnss_raw.txt,2436,459868.000,BDS,21,35.0,315.0,22.0,是
0703002-0918-15-42-gnss_raw.txt,2436,459868.000,BDS,22,74.0,229.0,32.0,是
0703002-0918-15-42-gnss_raw.txt,2436,459868.000,BDS,39,55.0,273.0,35.0,是
0703002-0918-15-42-gnss_raw.txt,2436,459869.000,GPS,26,57.0,238.0,34.0,是
0703002-0918-15-42-gnss_raw.txt,2436,459869.000,GPS,28,58.0,17.0,21.0,是
0703002-0918-15-42-gnss_raw.txt,2436,459869.000,GPS,31,53.0,320.0,33.0,是
0703002-0918-15-42-gnss_raw.txt,2436,459869.000,GPS,32,63.0,124.0,33.0,是
0703002-0918-15-42-gnss_raw.txt,2436,459869.000,GLONASS,71,78.0,156.0,36.0,是
0703002-0918-15-42-gnss_raw.txt,2436,459869.000,GLONASS,72,44.0,330.0,33.0,是
0703002-0918-15-42-gnss_raw.txt,2436,459869.000,GLONASS,73,44.0,20.0,26.0,是
0703002-0918-15-42-gnss_raw.txt,2436,459869.000,GLONASS,74,61.0,289.0,35.0,是
0703002-0918-15-42-gnss_raw.txt,2436,459869.000,GLONASS,75,19.0,241.0,33.0,是
0703002-0918-15-42-gnss_raw.txt,2436,459869.000,GLONASS,90,0.0,0.0,28.0,是
0703002-0918-15-42-gnss_raw.txt,2436,459869.000,Galileo,21,76.0,185.0,33.0,是
0703002-0918-15-42-gnss_raw.txt,2436,459869.000,QZSS,2,57.0,124.0,23.0,是
0703002-0918-15-42-gnss_raw.txt,2436,459869.000,QZSS,7,53.0,169.0,24.0,是
0703002-0918-15-42-gnss_raw.txt,2436,459869.000,BDS,2,34.0,241.0,32.0,是
0703002-0918-15-42-gnss_raw.txt,2436,459869.000,BDS,7,63.0,340.0,29.0,是
0703002-0918-15-42-gnss_raw.txt,2436,459869.000,BDS,10,62.0,318.0,28.0,是
0703002-0918-15-42-gnss_raw.txt,2436,459869.000,BDS,21,35.0,315.0,21.0,是
0703002-0918-15-42-gnss_raw.txt,2436,459869.000,BDS,22,74.0,229.0,31.0,是
0703002-0918-15-42-gnss_raw.txt,2436,459869.000,BDS,39,55.0,273.0,35.0,是
0703002-0918-15-42-gnss_raw.txt,2436,459870.000,GPS,26,57.0,238.0,34.0,是
0703002-0918-15-42-gnss_raw.txt,2436,459870.000,GPS,28,58.0,17.0,20.0,是
0703002-0918-15-42-gnss_raw.txt,2436,459870.000,GPS,31,53.0,320.0,33.0,是
0703002-0918-15-42-gnss_raw.txt,2436,459870.000,GPS,32,63.0,124.0,33.0,是
0703002-0918-15-42-gnss_raw.txt,2436,459870.000,GLONASS,71,78.0,156.0,35.0,是
0703002-0918-15-42-gnss_raw.txt,2436,459870.000,GLONASS,72,44.0,330.0,34.0,是
0703002-0918-15-42-gnss_raw.txt,2436,459870.000,GLONASS,73,44.0,20.0,26.0,是
0703002-0918-15-42-gnss_raw.txt,2436,459870.000,GLONASS,74,61.0,289.0,34.0,是
0703002-0918-15-42-gnss_raw.txt,2436,459870.000,GLONASS,75,19.0,241.0,34.0,是
0703002-0918-15-42-gnss_raw.txt,2436,459870.000,GLONASS,90,0.0,0.0,29.0,是
0703002-0918-15-42-gnss_raw.txt,2436,459870.000,Galileo,21,76.0,185.0,31.0,是
0703002-0918-15-42-gnss_raw.txt,2436,459870.000,QZSS,2,57.0,124.0,24.0,是
0703002-0918-15-42-gnss_raw.txt,2436,459870.000,QZSS,7,53.0,169.0,25.0,是
0703002-0918-15-42-gnss_raw.txt,2436,459870.000,BDS,2,34.0,241.0,32.0,是
0703002-0918-15-42-gnss_raw.txt,2436,459870.000,BDS,7,63.0,340.0,29.0,是
0703002-0918-15-42-gnss_raw.txt,2436,459870.000,BDS,10,62.0,318.0,28.0,是
0703002-0918-15-42-gnss_raw.txt,2436,459870.000,BDS,21,35.0,315.0,21.0,是
0703002-0918-15-42-gnss_raw.txt,2436,459870.000,BDS,22,74.0,229.0,31.0,是
0703002-0918-15-42-gnss_raw.txt,2436,459870.000,BDS,39,55.0,273.0,35.0,是
0703002-0918-15-42-gnss_raw.txt,2436,459871.000,GPS,26,57.0,238.0,34.0,是
0703002-0918-15-42-gnss_raw.txt,2436,459871.000,GPS,28,58.0,17.0,20.0,是
0703002-0918-15-42-gnss_raw.txt,2436,459871.000,GPS,31,53.0,320.0,33.0,是
0703002-0918-15-42-gnss_raw.txt,2436,459871.000,GPS,32,63.0,124.0,33.0,是
0703002-0918-15-42-gnss_raw.txt,2436,459871.000,GLONASS,71,78.0,156.0,36.0,是
0703002-0918-15-42-gnss_raw.txt,2436,459871.000,GLONASS,72,44.0,330.0,34.0,是
0703002-0918-15-42-gnss_raw.txt,2436,459871.000,GLONASS,73,0.0,0.0,26.0,是
0703002-0918-15-42-gnss_raw.txt,2436,459871.000,GLONASS,74,61.0,289.0,35.0,是
0703002-0918-15-42-gnss_raw.txt,2436,459871.000,GLONASS,75,19.0,241.0,35.0,是
0703002-0918-15-42-gnss_raw.txt,2436,459871.000,GLONASS,90,0.0,0.0,30.0,是
0703002-0918-15-42-gnss_raw.txt,2436,459871.000,Galileo,21,76.0,185.0,32.0,是
0703002-0918-15-42-gnss_raw.txt,2436,459871.000,QZSS,2,57.0,124.0,23.0,是
0703002-0918-15-42-gnss_raw.txt,2436,459871.000,QZSS,7,53.0,169.0,25.0,是
0703002-0918-15-42-gnss_raw.txt,2436,459871.000,BDS,2,34.0,241.0,30.0,是
0703002-0918-15-42-gnss_raw.txt,2436,459871.000,BDS,7,63.0,340.0,29.0,是
0703002-0918-15-42-gnss_raw.txt,2436,459871.000,BDS,10,62.0,318.0,28.0,是
0703002-0918-15-42-gnss_raw.txt,2436,459871.000,BDS,21,35.0,315.0,22.0,是
0703002-0918-15-42-gnss_raw.txt,2436,459871.000,BDS,22,74.0,229.0,32.0,是
0703002-0918-15-42-gnss_raw.txt,2436,459871.000,BDS,39,55.0,273.0,35.0,是
0703002-0918-15-42-gnss_raw.txt,2436,459872.000,GPS,26,57.0,238.0,34.0,是
0703002-0918-15-42-gnss_raw.txt,2436,459872.000,GPS,28,58.0,17.0,20.0,是
0703002-0918-15-42-gnss_raw.txt,2436,459872.000,GPS,31,53.0,320.0,33.0,是
0703002-0918-15-42-gnss_raw.txt,2436,459872.000,GPS,32,63.0,124.0,32.0,是
0703002-0918-15-42-gnss_raw.txt,2436,459872.000,GLONASS,71,78.0,156.0,35.0,是
0703002-0918-15-42-gnss_raw.txt,2436,459872.000,GLONASS,72,44.0,330.0,34.0,是
0703002-0918-15-42-gnss_raw.txt,2436,459872.000,GLONASS,73,0.0,0.0,25.0,是
0703002-0918-15-42-gnss_raw.txt,2436,459872.000,GLONASS,74,61.0,289.0,35.0,是
0703002-0918-15-42-gnss_raw.txt,2436,459872.000,GLONASS,75,19.0,241.0,35.0,是
0703002-0918-15-42-gnss_raw.txt,2436,459872.000,GLONASS,90,0.0,0.0,31.0,是
0703002-0918-15-42-gnss_raw.txt,2436,459872.000,Galileo,21,76.0,185.0,33.0,是
0703002-0918-15-42-gnss_raw.txt,2436,459872.000,QZSS,2,57.0,124.0,23.0,是
0703002-0918-15-42-gnss_raw.txt,2436,459872.000,QZSS,7,53.0,169.0,25.0,是
0703002-0918-15-42-gnss_raw.txt,2436,459872.000,BDS,2,34.0,241.0,31.0,是
0703002-0918-15-42-gnss_raw.txt,2436,459872.000,BDS,7,63.0,340.0,29.0,是
0703002-0918-15-42-gnss_raw.txt,2436,459872.000,BDS,10,62.0,318.0,29.0,是
0703002-0918-15-42-gnss_raw.txt,2436,459872.000,BDS,21,35.0,315.0,22.0,是
0703002-0918-15-42-gnss_raw.txt,2436,459872.000,BDS,22,74.0,229.0,32.0,是
0703002-0918-15-42-gnss_raw.txt,2436,459872.000,BDS,39,55.0,273.0,36.0,是
0703002-0918-15-42-gnss_raw.txt,2436,459873.000,GPS,26,57.0,238.0,34.0,是
0703002-0918-15-42-gnss_raw.txt,2436,459873.000,GPS,28,58.0,17.0,20.0,是
0703002-0918-15-42-gnss_raw.txt,2436,459873.000,GPS,31,53.0,320.0,33.0,是
0703002-0918-15-42-gnss_raw.txt,2436,459873.000,GPS,32,63.0,124.0,32.0,是
0703002-0918-15-42-gnss_raw.txt,2436,459873.000,GLONASS,71,78.0,156.0,35.0,是
0703002-0918-15-42-gnss_raw.txt,2436,459873.000,GLONASS,72,44.0,330.0,34.0,是
0703002-0918-15-42-gnss_raw.txt,2436,459873.000,GLONASS,73,0.0,0.0,21.0,是
0703002-0918-15-42-gnss_raw.txt,2436,459873.000,GLONASS,74,61.0,289.0,36.0,是
0703002-0918-15-42-gnss_raw.txt,2436,459873.000,GLONASS,75,19.0,241.0,35.0,是
0703002-0918-15-42-gnss_raw.txt,2436,459873.000,GLONASS,90,0.0,0.0,30.0,是
0703002-0918-15-42-gnss_raw.txt,2436,459873.000,Galileo,21,76.0,185.0,33.0,是
0703002-0918-15-42-gnss_raw.txt,2436,459873.000,QZSS,2,57.0,124.0,24.0,是
0703002-0918-15-42-gnss_raw.txt,2436,459873.000,QZSS,7,53.0,169.0,24.0,是
0703002-0918-15-42-gnss_raw.txt,2436,459873.000,BDS,2,34.0,241.0,30.0,是
0703002-0918-15-42-gnss_raw.txt,2436,459873.000,BDS,7,63.0,341.0,29.0,是
0703002-0918-15-42-gnss_raw.txt,2436,459873.000,BDS,10,62.0,318.0,29.0,是
0703002-0918-15-42-gnss_raw.txt,2436,459873.000,BDS,21,35.0,315.0,22.0,是
0703002-0918-15-42-gnss_raw.txt,2436,459873.000,BDS,22,74.0,229.0,32.0,是
0703002-0918-15-42-gnss_raw.txt,2436,459873.000,BDS,39,55.0,273.0,36.0,是
0703002-0918-15-42-gnss_raw.txt,2436,459874.000,GPS,26,57.0,238.0,34.0,是
0703002-0918-15-42-gnss_raw.txt,2436,459874.000,GPS,28,58.0,17.0,21.0,是
0703002-0918-15-42-gnss_raw.txt,2436,459874.000,GPS,31,53.0,320.0,33.0,是
0703002-0918-15-42-gnss_raw.txt,2436,459874.000,GPS,32,63.0,124.0,32.0,是
0703002-0918-15-42-gnss_raw.txt,2436,459874.000,GLONASS,71,78.0,156.0,35.0,是
0703002-0918-15-42-gnss_raw.txt,2436,459874.000,GLONASS,72,44.0,330.0,34.0,是
0703002-0918-15-42-gnss_raw.txt,2436,459874.000,GLONASS,74,61.0,289.0,36.0,是
0703002-0918-15-42-gnss_raw.txt,2436,459874.000,GLONASS,75,19.0,241.0,33.0,是
0703002-0918-15-42-gnss_raw.txt,2436,459874.000,GLONASS,90,0.0,0.0,31.0,是
0703002-0918-15-42-gnss_raw.txt,2436,459874.000,Galileo,21,76.0,185.0,32.0,是
0703002-0918-15-42-gnss_raw.txt,2436,459874.000,QZSS,2,57.0,124.0,24.0,是
0703002-0918-15-42-gnss_raw.txt,2436,459874.000,QZSS,7,53.0,169.0,24.0,是
0703002-0918-15-42-gnss_raw.txt,2436,459874.000,BDS,2,34.0,241.0,31.0,是
0703002-0918-15-42-gnss_raw.txt,2436,459874.000,BDS,7,63.0,341.0,29.0,是
0703002-0918-15-42-gnss_raw.txt,2436,459874.000,BDS,10,62.0,318.0,29.0,是
0703002-0918-15-42-gnss_raw.txt,2436,459874.000,BDS,21,35.0,315.0,22.0,是
0703002-0918-15-42-gnss_raw.txt,2436,459874.000,BDS,22,74.0,229.0,32.0,是
0703002-0918-15-42-gnss_raw.txt,2436,459874.000,BDS,39,55.0,273.0,36.0,是
0703002-0918-15-42-gnss_raw.txt,2436,459875.000,GPS,26,57.0,238.0,34.0,是
0703002-0918-15-42-gnss_raw.txt,2436,459875.000,GPS,28,58.0,17.0,21.0,是
0703002-0918-15-42-gnss_raw.txt,2436,459875.000,GPS,31,53.0,320.0,32.0,是
0703002-0918-15-42-gnss_raw.txt,2436,459875.000,GPS,32,63.0,124.0,32.0,是
0703002-0918-15-42-gnss_raw.txt,2436,459875.000,GLONASS,71,78.0,156.0,34.0,是
0703002-0918-15-42-gnss_raw.txt,2436,459875.000,GLONASS,72,44.0,330.0,34.0,是
0703002-0918-15-42-gnss_raw.txt,2436,459875.000,GLONASS,74,61.0,289.0,36.0,是
0703002-0918-15-42-gnss_raw.txt,2436,459875.000,GLONASS,75,19.0,241.0,33.0,是
0703002-0918-15-42-gnss_raw.txt,2436,459875.000,GLONASS,90,0.0,0.0,28.0,是
0703002-0918-15-42-gnss_raw.txt,2436,459875.000,Galileo,21,76.0,185.0,32.0,是
0703002-0918-15-42-gnss_raw.txt,2436,459875.000,QZSS,2,0.0,0.0,23.0,是
0703002-0918-15-42-gnss_raw.txt,2436,459875.000,QZSS,7,53.0,169.0,25.0,是
0703002-0918-15-42-gnss_raw.txt,2436,459875.000,BDS,2,34.0,241.0,32.0,是
0703002-0918-15-42-gnss_raw.txt,2436,459875.000,BDS,7,63.0,341.0,29.0,是
0703002-0918-15-42-gnss_raw.txt,2436,459875.000,BDS,10,62.0,318.0,28.0,是
0703002-0918-15-42-gnss_raw.txt,2436,459875.000,BDS,21,35.0,315.0,22.0,是
0703002-0918-15-42-gnss_raw.txt,2436,459875.000,BDS,22,74.0,229.0,31.0,是
0703002-0918-15-42-gnss_raw.txt,2436,459875.000,BDS,39,55.0,273.0,36.0,是
0703002-0918-15-42-gnss_raw.txt,2436,459876.000,GPS,26,57.0,238.0,34.0,是
0703002-0918-15-42-gnss_raw.txt,2436,459876.000,GPS,28,58.0,17.0,21.0,是
0703002-0918-15-42-gnss_raw.txt,2436,459876.000,GPS,31,53.0,320.0,32.0,是
0703002-0918-15-42-gnss_raw.txt,2436,459876.000,GPS,32,63.0,124.0,32.0,是
0703002-0918-15-42-gnss_raw.txt,2436,459876.000,GLONASS,71,78.0,156.0,34.0,是
0703002-0918-15-42-gnss_raw.txt,2436,459876.000,GLONASS,72,44.0,330.0,35.0,是
0703002-0918-15-42-gnss_raw.txt,2436,459876.000,GLONASS,74,61.0,289.0,35.0,是
0703002-0918-15-42-gnss_raw.txt,2436,459876.000,GLONASS,75,19.0,241.0,32.0,是
0703002-0918-15-42-gnss_raw.txt,2436,459876.000,GLONASS,90,0.0,0.0,32.0,是
0703002-0918-15-42-gnss_raw.txt,2436,459876.000,Galileo,21,76.0,185.0,33.0,是
0703002-0918-15-42-gnss_raw.txt,2436,459876.000,QZSS,2,57.0,124.0,23.0,是
0703002-0918-15-42-gnss_raw.txt,2436,459876.000,QZSS,7,53.0,169.0,25.0,是
0703002-0918-15-42-gnss_raw.txt,2436,459876.000,BDS,2,34.0,241.0,31.0,是
0703002-0918-15-42-gnss_raw.txt,2436,459876.000,BDS,7,63.0,341.0,29.0,是
0703002-0918-15-42-gnss_raw.txt,2436,459876.000,BDS,10,62.0,318.0,28.0,是
0703002-0918-15-42-gnss_raw.txt,2436,459876.000,BDS,21,35.0,315.0,22.0,是
0703002-0918-15-42-gnss_raw.txt,2436,459876.000,BDS,22,74.0,229.0,31.0,是
0703002-0918-15-42-gnss_raw.txt,2436,459876.000,BDS,39,55.0,273.0,36.0,是
0703002-0918-15-42-gnss_raw.txt,2436,459877.000,GPS,26,57.0,238.0,34.0,是
0703002-0918-15-42-gnss_raw.txt,2436,459877.000,GPS,28,58.0,17.0,23.0,是
0703002-0918-15-42-gnss_raw.txt,2436,459877.000,GPS,31,53.0,320.0,32.0,是
0703002-0918-15-42-gnss_raw.txt,2436,459877.000,GPS,32,63.0,124.0,32.0,是
0703002-0918-15-42-gnss_raw.txt,2436,459877.000,GLONASS,71,78.0,156.0,34.0,是
0703002-0918-15-42-gnss_raw.txt,2436,459877.000,GLONASS,72,44.0,330.0,34.0,是
0703002-0918-15-42-gnss_raw.txt,2436,459877.000,GLONASS,74,61.0,289.0,35.0,是
0703002-0918-15-42-gnss_raw.txt,2436,459877.000,GLONASS,75,19.0,241.0,33.0,是
0703002-0918-15-42-gnss_raw.txt,2436,459877.000,GLONASS,90,0.0,0.0,32.0,是
0703002-0918-15-42-gnss_raw.txt,2436,459877.000,Galileo,21,76.0,185.0,32.0,是
0703002-0918-15-42-gnss_raw.txt,2436,459877.000,QZSS,2,57.0,124.0,24.0,是
0703002-0918-15-42-gnss_raw.txt,2436,459877.000,QZSS,7,53.0,169.0,26.0,是
0703002-0918-15-42-gnss_raw.txt,2436,459877.000,BDS,2,34.0,241.0,30.0,是
0703002-0918-15-42-gnss_raw.txt,2436,459877.000,BDS,7,63.0,341.0,29.0,是
0703002-0918-15-42-gnss_raw.txt,2436,459877.000,BDS,10,62.0,318.0,28.0,是
0703002-0918-15-42-gnss_raw.txt,2436,459877.000,BDS,21,35.0,315.0,22.0,是
0703002-0918-15-42-gnss_raw.txt,2436,459877.000,BDS,22,74.0,229.0,31.0,是
0703002-0918-15-42-gnss_raw.txt,2436,459877.000,BDS,39,55.0,274.0,36.0,是
0703002-0918-15-42-gnss_raw.txt,2436,459878.000,GPS,26,57.0,238.0,34.0,是
0703002-0918-15-42-gnss_raw.txt,2436,459878.000,GPS,28,58.0,17.0,23.0,是
0703002-0918-15-42-gnss_raw.txt,2436,459878.000,GPS,31,53.0,320.0,31.0,是
0703002-0918-15-42-gnss_raw.txt,2436,459878.000,GPS,32,63.0,124.0,32.0,是
0703002-0918-15-42-gnss_raw.txt,2436,459878.000,GLONASS,71,78.0,156.0,34.0,是
0703002-0918-15-42-gnss_raw.txt,2436,459878.000,GLONASS,72,44.0,330.0,35.0,是
0703002-0918-15-42-gnss_raw.txt,2436,459878.000,GLONASS,73,0.0,0.0,31.0,是
0703002-0918-15-42-gnss_raw.txt,2436,459878.000,GLONASS,74,61.0,289.0,36.0,是
0703002-0918-15-42-gnss_raw.txt,2436,459878.000,GLONASS,75,19.0,241.0,33.0,是
0703002-0918-15-42-gnss_raw.txt,2436,459878.000,GLONASS,90,0.0,0.0,32.0,是
0703002-0918-15-42-gnss_raw.txt,2436,459878.000,Galileo,21,76.0,185.0,32.0,是
0703002-0918-15-42-gnss_raw.txt,2436,459878.000,QZSS,2,0.0,0.0,22.0,是
0703002-0918-15-42-gnss_raw.txt,2436,459878.000,QZSS,7,53.0,169.0,24.0,是
0703002-0918-15-42-gnss_raw.txt,2436,459878.000,BDS,2,34.0,241.0,30.0,是
0703002-0918-15-42-gnss_raw.txt,2436,459878.000,BDS,7,63.0,341.0,28.0,是
0703002-0918-15-42-gnss_raw.txt,2436,459878.000,BDS,10,62.0,318.0,29.0,是
0703002-0918-15-42-gnss_raw.txt,2436,459878.000,BDS,21,35.0,315.0,23.0,是
0703002-0918-15-42-gnss_raw.txt,2436,459878.000,BDS,22,74.0,229.0,31.0,是
0703002-0918-15-42-gnss_raw.txt,2436,459878.000,BDS,39,55.0,274.0,36.0,是
0703002-0918-15-42-gnss_raw.txt,2436,459879.000,GPS,26,57.0,238.0,34.0,是
0703002-0918-15-42-gnss_raw.txt,2436,459879.000,GPS,28,58.0,17.0,22.0,是
0703002-0918-15-42-gnss_raw.txt,2436,459879.000,GPS,31,53.0,320.0,31.0,是
0703002-0918-15-42-gnss_raw.txt,2436,459879.000,GPS,32,63.0,124.0,32.0,是
0703002-0918-15-42-gnss_raw.txt,2436,459879.000,GLONASS,71,78.0,156.0,34.0,是
0703002-0918-15-42-gnss_raw.txt,2436,459879.000,GLONASS,72,44.0,330.0,34.0,是
0703002-0918-15-42-gnss_raw.txt,2436,459879.000,GLONASS,73,44.0,20.0,29.0,是
0703002-0918-15-42-gnss_raw.txt,2436,459879.000,GLONASS,74,61.0,289.0,36.0,是
0703002-0918-15-42-gnss_raw.txt,2436,459879.000,GLONASS,75,19.0,241.0,32.0,是
0703002-0918-15-42-gnss_raw.txt,2436,459879.000,GLONASS,90,0.0,0.0,32.0,是
0703002-0918-15-42-gnss_raw.txt,2436,459879.000,Galileo,21,76.0,185.0,32.0,是
0703002-0918-15-42-gnss_raw.txt,2436,459879.000,QZSS,2,57.0,124.0,23.0,是
0703002-0918-15-42-gnss_raw.txt,2436,459879.000,QZSS,7,53.0,169.0,24.0,是
0703002-0918-15-42-gnss_raw.txt,2436,459879.000,BDS,2,34.0,241.0,30.0,是
0703002-0918-15-42-gnss_raw.txt,2436,459879.000,BDS,7,63.0,341.0,29.0,是
0703002-0918-15-42-gnss_raw.txt,2436,459879.000,BDS,10,62.0,318.0,29.0,是
0703002-0918-15-42-gnss_raw.txt,2436,459879.000,BDS,21,35.0,315.0,23.0,是
0703002-0918-15-42-gnss_raw.txt,2436,459879.000,BDS,22,74.0,229.0,31.0,是
0703002-0918-15-42-gnss_raw.txt,2436,459879.000,BDS,39,55.0,274.0,36.0,是
0703002-0918-15-42-gnss_raw.txt,2436,459880.000,GPS,26,57.0,238.0,33.0,是
0703002-0918-15-42-gnss_raw.txt,2436,459880.000,GPS,28,58.0,17.0,22.0,是
0703002-0918-15-42-gnss_raw.txt,2436,459880.000,GPS,31,53.0,320.0,30.0,是
0703002-0918-15-42-gnss_raw.txt,2436,459880.000,GPS,32,63.0,124.0,32.0,是
0703002-0918-15-42-gnss_raw.txt,2436,459880.000,GLONASS,71,78.0,156.0,34.0,是
0703002-0918-15-42-gnss_raw.txt,2436,459880.000,GLONASS,72,44.0,330.0,34.0,是
0703002-0918-15-42-gnss_raw.txt,2436,459880.000,GLONASS,73,44.0,20.0,28.0,是
0703002-0918-15-42-gnss_raw.txt,2436,459880.000,GLONASS,74,61.0,289.0,35.0,是
0703002-0918-15-42-gnss_raw.txt,2436,459880.000,GLONASS,75,19.0,241.0,32.0,是
0703002-0918-15-42-gnss_raw.txt,2436,459880.000,GLONASS,90,0.0,0.0,29.0,是
0703002-0918-15-42-gnss_raw.txt,2436,459880.000,Galileo,21,76.0,185.0,32.0,是
0703002-0918-15-42-gnss_raw.txt,2436,459880.000,QZSS,2,57.0,124.0,23.0,是
0703002-0918-15-42-gnss_raw.txt,2436,459880.000,QZSS,7,53.0,169.0,24.0,是
0703002-0918-15-42-gnss_raw.txt,2436,459880.000,BDS,2,34.0,241.0,30.0,是
0703002-0918-15-42-gnss_raw.txt,2436,459880.000,BDS,7,63.0,341.0,29.0,是
0703002-0918-15-42-gnss_raw.txt,2436,459880.000,BDS,10,62.0,318.0,28.0,是
0703002-0918-15-42-gnss_raw.txt,2436,459880.000,BDS,21,35.0,315.0,22.0,是
0703002-0918-15-42-gnss_raw.txt,2436,459880.000,BDS,22,74.0,229.0,31.0,是
0703002-0918-15-42-gnss_raw.txt,2436,459880.000,BDS,39,55.0,274.0,36.0,是
0703002-0918-15-42-gnss_raw.txt,2436,459881.000,GPS,26,57.0,238.0,33.0,是
0703002-0918-15-42-gnss_raw.txt,2436,459881.000,GPS,28,58.0,17.0,22.0,是
0703002-0918-15-42-gnss_raw.txt,2436,459881.000,GPS,31,53.0,320.0,30.0,是
0703002-0918-15-42-gnss_raw.txt,2436,459881.000,GPS,32,63.0,124.0,32.0,是
0703002-0918-15-42-gnss_raw.txt,2436,459881.000,GLONASS,71,78.0,156.0,34.0,是
0703002-0918-15-42-gnss_raw.txt,2436,459881.000,GLONASS,72,44.0,330.0,35.0,是
0703002-0918-15-42-gnss_raw.txt,2436,459881.000,GLONASS,73,44.0,20.0,25.0,是
0703002-0918-15-42-gnss_raw.txt,2436,459881.000,GLONASS,74,61.0,289.0,36.0,是
0703002-0918-15-42-gnss_raw.txt,2436,459881.000,GLONASS,75,19.0,241.0,32.0,是
0703002-0918-15-42-gnss_raw.txt,2436,459881.000,GLONASS,90,0.0,0.0,29.0,是
0703002-0918-15-42-gnss_raw.txt,2436,459881.000,Galileo,21,76.0,185.0,31.0,是
0703002-0918-15-42-gnss_raw.txt,2436,459881.000,QZSS,2,57.0,124.0,25.0,是
0703002-0918-15-42-gnss_raw.txt,2436,459881.000,QZSS,7,53.0,169.0,24.0,是
0703002-0918-15-42-gnss_raw.txt,2436,459881.000,BDS,2,34.0,241.0,30.0,是
0703002-0918-15-42-gnss_raw.txt,2436,459881.000,BDS,7,63.0,341.0,29.0,是
0703002-0918-15-42-gnss_raw.txt,2436,459881.000,BDS,10,62.0,318.0,29.0,是
0703002-0918-15-42-gnss_raw.txt,2436,459881.000,BDS,21,35.0,315.0,22.0,是
0703002-0918-15-42-gnss_raw.txt,2436,459881.000,BDS,22,74.0,229.0,31.0,是
0703002-0918-15-42-gnss_raw.txt,2436,459881.000,BDS,39,55.0,274.0,36.0,是
0703002-0918-15-42-gnss_raw.txt,2436,459882.000,GPS,26,57.0,238.0,33.0,是
0703002-0918-15-42-gnss_raw.txt,2436,459882.000,GPS,28,58.0,17.0,22.0,是
0703002-0918-15-42-gnss_raw.txt,2436,459882.000,GPS,31,53.0,320.0,31.0,是
0703002-0918-15-42-gnss_raw.txt,2436,459882.000,GPS,32,63.0,124.0,32.0,是
0703002-0918-15-42-gnss_raw.txt,2436,459882.000,GLONASS,71,78.0,156.0,35.0,是
0703002-0918-15-42-gnss_raw.txt,2436,459882.000,GLONASS,72,44.0,330.0,35.0,是
0703002-0918-15-42-gnss_raw.txt,2436,459882.000,GLONASS,73,44.0,20.0,27.0,是
0703002-0918-15-42-gnss_raw.txt,2436,459882.000,GLONASS,74,61.0,289.0,35.0,是
0703002-0918-15-42-gnss_raw.txt,2436,459882.000,GLONASS,75,19.0,241.0,32.0,是
0703002-0918-15-42-gnss_raw.txt,2436,459882.000,GLONASS,90,0.0,0.0,28.0,是
0703002-0918-15-42-gnss_raw.txt,2436,459882.000,Galileo,21,76.0,185.0,32.0,是
0703002-0918-15-42-gnss_raw.txt,2436,459882.000,QZSS,2,57.0,124.0,24.0,是
0703002-0918-15-42-gnss_raw.txt,2436,459882.000,QZSS,7,53.0,169.0,25.0,是
0703002-0918-15-42-gnss_raw.txt,2436,459882.000,BDS,2,34.0,241.0,29.0,是
0703002-0918-15-42-gnss_raw.txt,2436,459882.000,BDS,7,63.0,341.0,29.0,是
0703002-0918-15-42-gnss_raw.txt,2436,459882.000,BDS,10,62.0,318.0,29.0,是
0703002-0918-15-42-gnss_raw.txt,2436,459882.000,BDS,21,35.0,315.0,23.0,是
0703002-0918-15-42-gnss_raw.txt,2436,459882.000,BDS,22,74.0,229.0,31.0,是
0703002-0918-15-42-gnss_raw.txt,2436,459882.000,BDS,39,55.0,274.0,35.0,是
0703002-0918-15-42-gnss_raw.txt,2436,459883.000,GPS,26,57.0,238.0,33.0,是
0703002-0918-15-42-gnss_raw.txt,2436,459883.000,GPS,28,58.0,17.0,22.0,是
0703002-0918-15-42-gnss_raw.txt,2436,459883.000,GPS,31,53.0,320.0,31.0,是
0703002-0918-15-42-gnss_raw.txt,2436,459883.000,GPS,32,63.0,124.0,32.0,是
0703002-0918-15-42-gnss_raw.txt,2436,459883.000,GLONASS,71,78.0,156.0,34.0,是
0703002-0918-15-42-gnss_raw.txt,2436,459883.000,GLONASS,72,44.0,330.0,34.0,是
0703002-0918-15-42-gnss_raw.txt,2436,459883.000,GLONASS,73,44.0,20.0,28.0,是
0703002-0918-15-42-gnss_raw.txt,2436,459883.000,GLONASS,74,61.0,289.0,35.0,是
0703002-0918-15-42-gnss_raw.txt,2436,459883.000,GLONASS,75,19.0,241.0,32.0,是
0703002-0918-15-42-gnss_raw.txt,2436,459883.000,GLONASS,90,0.0,0.0,28.0,是
0703002-0918-15-42-gnss_raw.txt,2436,459883.000,Galileo,21,76.0,185.0,32.0,是
0703002-0918-15-42-gnss_raw.txt,2436,459883.000,QZSS,2,57.0,124.0,24.0,是
0703002-0918-15-42-gnss_raw.txt,2436,459883.000,QZSS,7,53.0,169.0,25.0,是
0703002-0918-15-42-gnss_raw.txt,2436,459883.000,BDS,2,34.0,241.0,30.0,是
0703002-0918-15-42-gnss_raw.txt,2436,459883.000,BDS,7,63.0,341.0,29.0,是
0703002-0918-15-42-gnss_raw.txt,2436,459883.000,BDS,10,62.0,318.0,29.0,是
0703002-0918-15-42-gnss_raw.txt,2436,459883.000,BDS,21,35.0,315.0,21.0,是
0703002-0918-15-42-gnss_raw.txt,2436,459883.000,BDS,22,74.0,229.0,31.0,是
0703002-0918-15-42-gnss_raw.txt,2436,459883.000,BDS,39,55.0,274.0,35.0,是
0703002-0918-15-42-gnss_raw.txt,2436,459884.000,GPS,26,57.0,238.0,33.0,是
0703002-0918-15-42-gnss_raw.txt,2436,459884.000,GPS,28,58.0,17.0,24.0,是
0703002-0918-15-42-gnss_raw.txt,2436,459884.000,GPS,31,53.0,320.0,32.0,是
0703002-0918-15-42-gnss_raw.txt,2436,459884.000,GPS,32,63.0,124.0,32.0,是
0703002-0918-15-42-gnss_raw.txt,2436,459884.000,GLONASS,71,78.0,156.0,36.0,是
0703002-0918-15-42-gnss_raw.txt,2436,459884.000,GLONASS,72,44.0,330.0,32.0,是
0703002-0918-15-42-gnss_raw.txt,2436,459884.000,GLONASS,73,44.0,21.0,28.0,是
0703002-0918-15-42-gnss_raw.txt,2436,459884.000,GLONASS,74,61.0,289.0,34.0,是
0703002-0918-15-42-gnss_raw.txt,2436,459884.000,GLONASS,75,19.0,241.0,33.0,是
0703002-0918-15-42-gnss_raw.txt,2436,459884.000,GLONASS,90,0.0,0.0,24.0,是
0703002-0918-15-42-gnss_raw.txt,2436,459884.000,Galileo,21,76.0,185.0,33.0,是
0703002-0918-15-42-gnss_raw.txt,2436,459884.000,QZSS,2,57.0,124.0,25.0,是
0703002-0918-15-42-gnss_raw.txt,2436,459884.000,QZSS,7,53.0,169.0,24.0,是
0703002-0918-15-42-gnss_raw.txt,2436,459884.000,BDS,2,34.0,241.0,29.0,是
0703002-0918-15-42-gnss_raw.txt,2436,459884.000,BDS,7,63.0,341.0,27.0,是
0703002-0918-15-42-gnss_raw.txt,2436,459884.000,BDS,10,62.0,319.0,29.0,是
0703002-0918-15-42-gnss_raw.txt,2436,459884.000,BDS,21,35.0,315.0,21.0,是
0703002-0918-15-42-gnss_raw.txt,2436,459884.000,BDS,22,74.0,229.0,32.0,是
0703002-0918-15-42-gnss_raw.txt,2436,459884.000,BDS,39,55.0,274.0,35.0,是
0703002-0918-15-42-gnss_raw.txt,2436,459885.000,GPS,26,57.0,238.0,33.0,是
0703002-0918-15-42-gnss_raw.txt,2436,459885.000,GPS,28,58.0,17.0,24.0,是
0703002-0918-15-42-gnss_raw.txt,2436,459885.000,GPS,31,53.0,320.0,32.0,是
0703002-0918-15-42-gnss_raw.txt,2436,459885.000,GPS,32,63.0,125.0,33.0,是
0703002-0918-15-42-gnss_raw.txt,2436,459885.000,GLONASS,71,78.0,157.0,36.0,是
0703002-0918-15-42-gnss_raw.txt,2436,459885.000,GLONASS,72,44.0,330.0,32.0,是
0703002-0918-15-42-gnss_raw.txt,2436,459885.000,GLONASS,73,44.0,21.0,29.0,是
0703002-0918-15-42-gnss_raw.txt,2436,459885.000,GLONASS,74,61.0,289.0,34.0,是
0703002-0918-15-42-gnss_raw.txt,2436,459885.000,GLONASS,75,19.0,241.0,35.0,是
0703002-0918-15-42-gnss_raw.txt,2436,459885.000,GLONASS,90,0.0,0.0,26.0,是
0703002-0918-15-42-gnss_raw.txt,2436,459885.000,Galileo,21,76.0,185.0,32.0,是
0703002-0918-15-42-gnss_raw.txt,2436,459885.000,QZSS,2,57.0,124.0,25.0,是
0703002-0918-15-42-gnss_raw.txt,2436,459885.000,QZSS,7,53.0,169.0,24.0,是
0703002-0918-15-42-gnss_raw.txt,2436,459885.000,BDS,2,34.0,241.0,30.0,是
0703002-0918-15-42-gnss_raw.txt,2436,459885.000,BDS,7,63.0,341.0,26.0,是
0703002-0918-15-42-gnss_raw.txt,2436,459885.000,BDS,10,62.0,319.0,29.0,是
0703002-0918-15-42-gnss_raw.txt,2436,459885.000,BDS,21,35.0,315.0,20.0,是
0703002-0918-15-42-gnss_raw.txt,2436,459885.000,BDS,22,74.0,229.0,32.0,是
0703002-0918-15-42-gnss_raw.txt,2436,459885.000,BDS,39,55.0,274.0,35.0,是
0703002-0918-15-42-gnss_raw.txt,2436,459886.000,GPS,26,57.0,238.0,33.0,是
0703002-0918-15-42-gnss_raw.txt,2436,459886.000,GPS,28,58.0,17.0,24.0,是
0703002-0918-15-42-gnss_raw.txt,2436,459886.000,GPS,31,53.0,320.0,32.0,是
0703002-0918-15-42-gnss_raw.txt,2436,459886.000,GPS,32,63.0,125.0,33.0,是
0703002-0918-15-42-gnss_raw.txt,2436,459886.000,GLONASS,71,78.0,157.0,37.0,是
0703002-0918-15-42-gnss_raw.txt,2436,459886.000,GLONASS,72,44.0,330.0,33.0,是
0703002-0918-15-42-gnss_raw.txt,2436,459886.000,GLONASS,74,61.0,289.0,34.0,是
0703002-0918-15-42-gnss_raw.txt,2436,459886.000,GLONASS,75,19.0,241.0,36.0,是
0703002-0918-15-42-gnss_raw.txt,2436,459886.000,GLONASS,90,0.0,0.0,24.0,是
0703002-0918-15-42-gnss_raw.txt,2436,459886.000,Galileo,21,76.0,185.0,33.0,是
0703002-0918-15-42-gnss_raw.txt,2436,459886.000,QZSS,2,57.0,124.0,24.0,是
0703002-0918-15-42-gnss_raw.txt,2436,459886.000,QZSS,7,53.0,169.0,24.0,是
0703002-0918-15-42-gnss_raw.txt,2436,459886.000,BDS,2,34.0,241.0,28.0,是
0703002-0918-15-42-gnss_raw.txt,2436,459886.000,BDS,7,63.0,341.0,25.0,是
0703002-0918-15-42-gnss_raw.txt,2436,459886.000,BDS,10,62.0,319.0,28.0,是
0703002-0918-15-42-gnss_raw.txt,2436,459886.000,BDS,21,35.0,315.0,19.0,是
0703002-0918-15-42-gnss_raw.txt,2436,459886.000,BDS,22,74.0,229.0,32.0,是
0703002-0918-15-42-gnss_raw.txt,2436,459886.000,BDS,39,55.0,274.0,35.0,是
0703002-0918-15-42-gnss_raw.txt,2436,459887.000,GPS,26,57.0,238.0,33.0,是
0703002-0918-15-42-gnss_raw.txt,2436,459887.000,GPS,28,58.0,17.0,23.0,是
0703002-0918-15-42-gnss_raw.txt,2436,459887.000,GPS,31,53.0,320.0,32.0,是
0703002-0918-15-42-gnss_raw.txt,2436,459887.000,GPS,32,63.0,125.0,33.0,是
0703002-0918-15-42-gnss_raw.txt,2436,459887.000,GLONASS,71,78.0,157.0,36.0,是
0703002-0918-15-42-gnss_raw.txt,2436,459887.000,GLONASS,72,44.0,330.0,33.0,是
0703002-0918-15-42-gnss_raw.txt,2436,459887.000,GLONASS,73,0.0,0.0,35.0,是
0703002-0918-15-42-gnss_raw.txt,2436,459887.000,GLONASS,74,61.0,289.0,32.0,是
0703002-0918-15-42-gnss_raw.txt,2436,459887.000,GLONASS,75,19.0,241.0,35.0,是
0703002-0918-15-42-gnss_raw.txt,2436,459887.000,GLONASS,90,0.0,0.0,27.0,是
0703002-0918-15-42-gnss_raw.txt,2436,459887.000,Galileo,21,76.0,185.0,32.0,是
0703002-0918-15-42-gnss_raw.txt,2436,459887.000,QZSS,2,57.0,124.0,25.0,是
0703002-0918-15-42-gnss_raw.txt,2436,459887.000,QZSS,7,53.0,169.0,25.0,是
0703002-0918-15-42-gnss_raw.txt,2436,459887.000,BDS,2,34.0,241.0,29.0,是
0703002-0918-15-42-gnss_raw.txt,2436,459887.000,BDS,7,63.0,341.0,27.0,是
0703002-0918-15-42-gnss_raw.txt,2436,459887.000,BDS,10,62.0,319.0,28.0,是
0703002-0918-15-42-gnss_raw.txt,2436,459887.000,BDS,21,35.0,315.0,21.0,是
0703002-0918-15-42-gnss_raw.txt,2436,459887.000,BDS,22,74.0,229.0,31.0,是
0703002-0918-15-42-gnss_raw.txt,2436,459887.000,BDS,39,55.0,274.0,35.0,是
0703002-0918-15-42-gnss_raw.txt,2436,459888.000,GPS,26,57.0,238.0,33.0,是
0703002-0918-15-42-gnss_raw.txt,2436,459888.000,GPS,28,58.0,17.0,23.0,是
0703002-0918-15-42-gnss_raw.txt,2436,459888.000,GPS,31,53.0,320.0,32.0,是
0703002-0918-15-42-gnss_raw.txt,2436,459888.000,GPS,32,63.0,125.0,33.0,是
0703002-0918-15-42-gnss_raw.txt,2436,459888.000,GLONASS,71,78.0,157.0,36.0,是
0703002-0918-15-42-gnss_raw.txt,2436,459888.000,GLONASS,72,44.0,330.0,33.0,是
0703002-0918-15-42-gnss_raw.txt,2436,459888.000,GLONASS,73,44.0,21.0,32.0,是
0703002-0918-15-42-gnss_raw.txt,2436,459888.000,GLONASS,74,61.0,289.0,32.0,是
0703002-0918-15-42-gnss_raw.txt,2436,459888.000,GLONASS,75,19.0,241.0,35.0,是
0703002-0918-15-42-gnss_raw.txt,2436,459888.000,GLONASS,90,0.0,0.0,30.0,是
0703002-0918-15-42-gnss_raw.txt,2436,459888.000,Galileo,21,76.0,185.0,33.0,是
0703002-0918-15-42-gnss_raw.txt,2436,459888.000,QZSS,2,57.0,124.0,25.0,是
0703002-0918-15-42-gnss_raw.txt,2436,459888.000,QZSS,7,53.0,169.0,23.0,是
0703002-0918-15-42-gnss_raw.txt,2436,459888.000,BDS,2,34.0,241.0,30.0,是
0703002-0918-15-42-gnss_raw.txt,2436,459888.000,BDS,7,63.0,341.0,28.0,是
0703002-0918-15-42-gnss_raw.txt,2436,459888.000,BDS,10,62.0,319.0,29.0,是
0703002-0918-15-42-gnss_raw.txt,2436,459888.000,BDS,21,35.0,315.0,23.0,是
0703002-0918-15-42-gnss_raw.txt,2436,459888.000,BDS,22,74.0,229.0,30.0,是
0703002-0918-15-42-gnss_raw.txt,2436,459888.000,BDS,39,55.0,274.0,35.0,是
0703002-0918-15-42-gnss_raw.txt,2436,459889.000,GPS,26,57.0,238.0,33.0,是
0703002-0918-15-42-gnss_raw.txt,2436,459889.000,GPS,28,58.0,17.0,24.0,是
0703002-0918-15-42-gnss_raw.txt,2436,459889.000,GPS,31,53.0,320.0,32.0,是
0703002-0918-15-42-gnss_raw.txt,2436,459889.000,GPS,32,63.0,125.0,33.0,是
0703002-0918-15-42-gnss_raw.txt,2436,459889.000,GLONASS,71,78.0,157.0,36.0,是
0703002-0918-15-42-gnss_raw.txt,2436,459889.000,GLONASS,72,44.0,330.0,27.0,是
0703002-0918-15-42-gnss_raw.txt,2436,459889.000,GLONASS,73,44.0,21.0,32.0,是
0703002-0918-15-42-gnss_raw.txt,2436,459889.000,GLONASS,74,61.0,289.0,34.0,是
0703002-0918-15-42-gnss_raw.txt,2436,459889.000,GLONASS,75,19.0,241.0,34.0,是
0703002-0918-15-42-gnss_raw.txt,2436,459889.000,GLONASS,90,0.0,0.0,30.0,是
0703002-0918-15-42-gnss_raw.txt,2436,459889.000,Galileo,21,76.0,185.0,32.0,是
0703002-0918-15-42-gnss_raw.txt,2436,459889.000,QZSS,2,57.0,124.0,25.0,是
0703002-0918-15-42-gnss_raw.txt,2436,459889.000,QZSS,7,53.0,169.0,23.0,是
0703002-0918-15-42-gnss_raw.txt,2436,459889.000,BDS,2,34.0,241.0,30.0,是
0703002-0918-15-42-gnss_raw.txt,2436,459889.000,BDS,7,63.0,341.0,28.0,是
0703002-0918-15-42-gnss_raw.txt,2436,459889.000,BDS,10,62.0,319.0,29.0,是
0703002-0918-15-42-gnss_raw.txt,2436,459889.000,BDS,21,35.0,315.0,23.0,是
0703002-0918-15-42-gnss_raw.txt,2436,459889.000,BDS,22,73.0,229.0,31.0,是
0703002-0918-15-42-gnss_raw.txt,2436,459889.000,BDS,39,55.0,274.0,35.0,是
