file,gps_week,gps_tow_s,time_status,sol_status,pos_type,tracked,used,horizontal_sigma_m,vertical_sigma_m,diff_age_s,station_id
0703002-0918-15-42-gnss_raw.txt,2436,459453.200,FINESTEERING,SOL_COMPUTED,SINGLE,26,15,2.4968,4.5956,1.2,1793
0703002-0918-15-42-gnss_raw.txt,2436,459453.300,FINESTEERING,SOL_COMPUTED,SINGLE,26,14,2.4419,4.5089,1.3,1793
0703002-0918-15-42-gnss_raw.txt,2436,459453.400,FINESTEERING,SOL_COMPUTED,SINGLE,26,14,2.4528,4.543,1.4,1793
0703002-0918-15-42-gnss_raw.txt,2436,459453.500,FINESTEERING,SOL_COMPUTED,SINGLE,26,14,2.4271,4.5094,1.5,1793
0703002-0918-15-42-gnss_raw.txt,2436,459453.600,FINESTEERING,SOL_COMPUTED,SINGLE,26,14,2.4265,4.5224,1.6,1793
0703002-0918-15-42-gnss_raw.txt,2436,459453.700,FINESTEERING,SOL_COMPUTED,SINGLE,26,13,2.3593,4.4104,1.7,1793
0703002-0918-15-42-gnss_raw.txt,2436,459453.800,FINESTEERING,SOL_COMPUTED,SINGLE,26,12,2.3271,4.3632,1.8,1793
0703002-0918-15-42-gnss_raw.txt,2436,459453.900,FINESTEERING,SOL_COMPUTED,SINGLE,26,13,2.3842,4.4832,1.9,1793
0703002-0918-15-42-gnss_raw.txt,2436,459454.000,FINESTEERING,SOL_COMPUTED,SINGLE,26,14,2.519,4.7566,1.0,1793
0703002-0918-15-42-gnss_raw.txt,2436,459454.100,FINESTEERING,SOL_COMPUTED,SINGLE,26,17,2.5021,4.7407,1.1,1793
0703002-0918-15-42-gnss_raw.txt,2436,459454.200,FINESTEERING,SOL_COMPUTED,SINGLE,26,16,2.6032,4.9499,1.2,1793
0703002-0918-15-42-gnss_raw.txt,2436,459454.300,FINESTEERING,SOL_COMPUTED,SINGLE,26,15,2.6606,5.073,1.3,1793
0703002-0918-15-42-gnss_raw.txt,2436,459454.400,FINESTEERING,SOL_COMPUTED,SINGLE,26,16,2.5037,4.7873,1.4,1793
0703002-0918-15-42-gnss_raw.txt,2436,459454.500,FINESTEERING,SOL_COMPUTED,SINGLE,26,14,2.6132,5.0084,1.5,1793
0703002-0918-15-42-gnss_raw.txt,2436,459454.600,FINESTEERING,SOL_COMPUTED,SINGLE,26,11,2.6818,5.1444,1.6,1793
0703002-0918-15-42-gnss_raw.txt,2436,459454.700,FINESTEERING,SOL_COMPUTED,SINGLE,26,12,2.7915,5.3506,1.7,1793
0703002-0918-15-42-gnss_raw.txt,2436,459454.800,FINESTEERING,SOL_COMPUTED,SINGLE,25,10,2.7447,5.2656,1.8,1793
0703002-0918-15-42-gnss_raw.txt,2436,459454.900,FINESTEERING,SOL_COMPUTED,SINGLE,25,12,2.6665,5.1238,1.9,1793
0703002-0918-15-42-gnss_raw.txt,2436,459455.000,FINESTEERING,SOL_COMPUTED,SINGLE,25,11,2.6458,5.0915,1.0,1793
0703002-0918-15-42-gnss_raw.txt,2436,459455.100,FINESTEERING,SOL_COMPUTED,SINGLE,25,11,2.5312,4.8766,1.1,1793
0703002-0918-15-42-gnss_raw.txt,2436,459455.200,FINESTEERING,SOL_COMPUTED,SINGLE,25,12,2.6747,5.1561,1.2,1793
0703002-0918-15-42-gnss_raw.txt,2436,459455.300,FINESTEERING,SOL_COMPUTED,SINGLE,26,10,2.6593,5.1254,1.3,1793
0703002-0918-15-42-gnss_raw.txt,2436,459455.400,FINESTEERING,SOL_COMPUTED,SINGLE,26,9,2.6632,5.1307,1.4,1793
0703002-0918-15-42-gnss_raw.txt,2436,459455.500,FINESTEERING,SOL_COMPUTED,SINGLE,26,9,2.6517,5.1053,1.5,1793
0703002-0918-15-42-gnss_raw.txt,2436,459455.600,FINESTEERING,SOL_COMPUTED,SINGLE,25,9,2.7163,5.2289,1.6,1793
0703002-0918-15-42-gnss_raw.txt,2436,459455.700,FINESTEERING,SOL_COMPUTED,SINGLE,25,11,2.6048,5.0133,1.7,1793
0703002-0918-15-42-gnss_raw.txt,2436,459455.800,FINESTEERING,SOL_COMPUTED,SINGLE,25,10,2.7105,5.2191,0.8,1793
0703002-0918-15-42-gnss_raw.txt,2436,459455.900,FINESTEERING,SOL_COMPUTED,SINGLE,25,11,2.7305,5.2627,0.9,1793
0703002-0918-15-42-gnss_raw.txt,2436,459456.000,FINESTEERING,SOL_COMPUTED,SINGLE,25,11,2.6569,5.1204,1.0,1793
0703002-0918-15-42-gnss_raw.txt,2436,459456.100,FINESTEERING,SOL_COMPUTED,SINGLE,25,11,2.6185,5.0463,1.1,1793
0703002-0918-15-42-gnss_raw.txt,2436,459456.200,FINESTEERING,SOL_COMPUTED,SINGLE,25,10,2.7881,5.3758,1.2,1793
0703002-0918-15-42-gnss_raw.txt,2436,459456.300,FINESTEERING,SOL_COMPUTED,SINGLE,25,9,2.7873,5.3734,1.3,1793
0703002-0918-15-42-gnss_raw.txt,2436,459456.400,FINESTEERING,SOL_COMPUTED,SINGLE,25,14,2.839,5.4748,1.4,1793
0703002-0918-15-42-gnss_raw.txt,2436,459456.500,FINESTEERING,SOL_COMPUTED,SINGLE,25,14,2.8741,5.5454,1.5,1793
0703002-0918-15-42-gnss_raw.txt,2436,459456.600,FINESTEERING,SOL_COMPUTED,SINGLE,25,14,2.8084,5.4179,1.6,1793
0703002-0918-15-42-gnss_raw.txt,2436,459456.700,FINESTEERING,SOL_COMPUTED,SINGLE,25,15,2.7668,5.3421,1.7,1793
0703002-0918-15-42-gnss_raw.txt,2436,459456.800,FINESTEERING,SOL_COMPUTED,SINGLE,25,16,2.7839,5.3759,1.8,1793
0703002-0918-15-42-gnss_raw.txt,2436,459456.900,FINESTEERING,SOL_COMPUTED,SINGLE,25,16,2.7103,5.2346,1.9,1793
0703002-0918-15-42-gnss_raw.txt,2436,459457.000,FINESTEERING,SOL_COMPUTED,SINGLE,25,13,2.7371,5.2843,1.0,1793
0703002-0918-15-42-gnss_raw.txt,2436,459457.100,FINESTEERING,SOL_COMPUTED,SINGLE,25,14,2.853,5.5078,1.1,1793
0703002-0918-15-42-gnss_raw.txt,2436,459457.200,FINESTEERING,SOL_COMPUTED,SINGLE,25,14,2.8786,5.5609,1.2,1793
0703002-0918-15-42-gnss_raw.txt,2436,459457.300,FINESTEERING,SOL_COMPUTED,SINGLE,25,13,2.8129,5.4327,1.3,1793
0703002-0918-15-42-gnss_raw.txt,2436,459457.400,FINESTEERING,SOL_COMPUTED,SINGLE,25,14,2.7514,5.3127,1.4,1793
0703002-0918-15-42-gnss_raw.txt,2436,459457.500,FINESTEERING,SOL_COMPUTED,SINGLE,25,13,2.7184,5.2479,1.5,1793
0703002-0918-15-42-gnss_raw.txt,2436,459457.600,FINESTEERING,SOL_COMPUTED,SINGLE,24,15,2.7757,5.3566,1.6,1793
0703002-0918-15-42-gnss_raw.txt,2436,459457.700,FINESTEERING,SOL_COMPUTED,SINGLE,24,13,2.8374,5.4736,1.7,1793
0703002-0918-15-42-gnss_raw.txt,2436,459457.800,FINESTEERING,SOL_COMPUTED,SINGLE,24,15,2.7356,5.2742,1.8,1793
0703002-0918-15-42-gnss_raw.txt,2436,459457.900,FINESTEERING,SOL_COMPUTED,SINGLE,24,15,2.7618,5.3239,1.9,1793
0703002-0918-15-42-gnss_raw.txt,2436,459458.000,FINESTEERING,SOL_COMPUTED,SINGLE,24,14,2.7934,5.3828,1.0,1793
0703002-0918-15-42-gnss_raw.txt,2436,459458.100,FINESTEERING,SOL_COMPUTED,SINGLE,24,14,2.7869,5.371,1.1,1793
0703002-0918-15-42-gnss_raw.txt,2436,459458.200,FINESTEERING,SOL_COMPUTED,SINGLE,24,14,2.8415,5.4755,1.2,1793
0703002-0918-15-42-gnss_raw.txt,2436,459458.300,FINESTEERING,SOL_COMPUTED,SINGLE,24,14,2.8092,5.4145,1.3,1793
0703002-0918-15-42-gnss_raw.txt,2436,459458.400,FINESTEERING,SOL_COMPUTED,SINGLE,24,16,2.8111,5.4162,1.4,1793
0703002-0918-15-42-gnss_raw.txt,2436,459458.500,FINESTEERING,SOL_COMPUTED,SINGLE,24,16,2.8222,5.4346,1.5,1793
0703002-0918-15-42-gnss_raw.txt,2436,459458.600,FINESTEERING,SOL_COMPUTED,SINGLE,24,15,2.8008,5.39,1.6,1793
0703002-0918-15-42-gnss_raw.txt,2436,459458.700,FINESTEERING,SOL_COMPUTED,SINGLE,24,13,2.9816,5.7352,0.7,1793
0703002-0918-15-42-gnss_raw.txt,2436,459458.800,FINESTEERING,SOL_COMPUTED,SINGLE,24,13,3.0402,5.8571,0.8,1793
0703002-0918-15-42-gnss_raw.txt,2436,459458.900,FINESTEERING,SOL_COMPUTED,SINGLE,24,13,2.9733,5.7325,0.9,1793
0703002-0918-15-42-gnss_raw.txt,2436,459459.000,FINESTEERING,SOL_COMPUTED,SINGLE,24,16,2.9648,5.7211,1.0,1793
0703002-0918-15-42-gnss_raw.txt,2436,459459.100,FINESTEERING,SOL_COMPUTED,SINGLE,24,14,2.9634,5.7234,1.1,1793
0703002-0918-15-42-gnss_raw.txt,2436,459459.200,FINESTEERING,SOL_COMPUTED,SINGLE,24,14,2.9717,5.7397,1.2,1793
0703002-0918-15-42-gnss_raw.txt,2436,459459.300,FINESTEERING,SOL_COMPUTED,SINGLE,24,14,2.8884,5.5794,1.3,1793
0703002-0918-15-42-gnss_raw.txt,2436,459459.400,FINESTEERING,SOL_COMPUTED,SINGLE,24,14,3.1193,6.0287,1.4,1793
0703002-0918-15-42-gnss_raw.txt,2436,459459.500,FINESTEERING,SOL_COMPUTED,SINGLE,24,14,3.0707,5.9329,1.5,1793
0703002-0918-15-42-gnss_raw.txt,2436,459459.600,FINESTEERING,SOL_COMPUTED,SINGLE,24,14,2.931,5.6608,1.6,1793
0703002-0918-15-42-gnss_raw.txt,2436,459459.700,FINESTEERING,SOL_COMPUTED,SINGLE,24,15,2.8801,5.5616,0.7,1793
0703002-0918-15-42-gnss_raw.txt,2436,459459.800,FINESTEERING,SOL_COMPUTED,SINGLE,24,15,2.8721,5.5446,0.8,1793
0703002-0918-15-42-gnss_raw.txt,2436,459459.900,FINESTEERING,SOL_COMPUTED,SINGLE,24,15,2.8623,5.5241,0.9,1793
0703002-0918-15-42-gnss_raw.txt,2436,459460.000,FINESTEERING,SOL_COMPUTED,SINGLE,24,15,2.937,5.674,1.0,1793
0703002-0918-15-42-gnss_raw.txt,2436,459460.100,FINESTEERING,SOL_COMPUTED,SINGLE,24,14,2.9183,5.6414,1.1,1793
0703002-0918-15-42-gnss_raw.txt,2436,459460.200,FINESTEERING,SOL_COMPUTED,SINGLE,24,14,2.8733,5.5536,1.2,1793
0703002-0918-15-42-gnss_raw.txt,2436,459460.300,FINESTEERING,SOL_COMPUTED,SINGLE,24,15,2.9431,5.6902,1.3,1793
0703002-0918-15-42-gnss_raw.txt,2436,459460.400,FINESTEERING,SOL_COMPUTED,SINGLE,24,16,2.9571,5.7207,1.4,1793
0703002-0918-15-42-gnss_raw.txt,2436,459460.500,FINESTEERING,SOL_COMPUTED,SINGLE,24,15,2.8983,5.6111,1.5,1793
0703002-0918-15-42-gnss_raw.txt,2436,459460.600,FINESTEERING,SOL_COMPUTED,SINGLE,24,16,2.8413,5.502,1.6,1793
0703002-0918-15-42-gnss_raw.txt,2436,459460.700,FINESTEERING,SOL_COMPUTED,SINGLE,24,15,2.9094,5.6367,0.7,1793
0703002-0918-15-42-gnss_raw.txt,2436,459460.800,FINESTEERING,SOL_COMPUTED,SINGLE,24,15,2.8687,5.5594,0.8,1793
0703002-0918-15-42-gnss_raw.txt,2436,459460.900,FINESTEERING,SOL_COMPUTED,SINGLE,24,14,2.9322,5.6875,0.9,1793
0703002-0918-15-42-gnss_raw.txt,2436,459461.000,FINESTEERING,SOL_COMPUTED,SINGLE,24,14,2.9136,5.6567,1.0,1793
0703002-0918-15-42-gnss_raw.txt,2436,459461.100,FINESTEERING,SOL_COMPUTED,SINGLE,24,14,2.8914,5.6189,1.1,1793
0703002-0918-15-42-gnss_raw.txt,2436,459461.200,FINESTEERING,SOL_COMPUTED,SINGLE,24,14,2.882,5.5999,1.2,1793
0703002-0918-15-42-gnss_raw.txt,2436,459461.300,FINESTEERING,SOL_COMPUTED,SINGLE,24,16,2.8387,5.5168,1.3,1793
0703002-0918-15-42-gnss_raw.txt,2436,459461.400,FINESTEERING,SOL_COMPUTED,SINGLE,24,14,2.8402,5.5214,1.4,1793
0703002-0918-15-42-gnss_raw.txt,2436,459461.500,FINESTEERING,SOL_COMPUTED,SINGLE,24,14,2.8506,5.5403,1.5,1793
0703002-0918-15-42-gnss_raw.txt,2436,459461.600,FINESTEERING,SOL_COMPUTED,SINGLE,24,15,2.8112,5.464,1.6,1793
0703002-0918-15-42-gnss_raw.txt,2436,459461.700,FINESTEERING,SOL_COMPUTED,SINGLE,24,16,2.8371,5.5197,0.7,1793
0703002-0918-15-42-gnss_raw.txt,2436,459461.800,FINESTEERING,SOL_COMPUTED,SINGLE,24,14,2.8676,5.5833,0.8,1793
0703002-0918-15-42-gnss_raw.txt,2436,459461.900,FINESTEERING,SOL_COMPUTED,SINGLE,24,15,2.8748,5.6055,0.9,1793
0703002-0918-15-42-gnss_raw.txt,2436,459462.000,FINESTEERING,SOL_COMPUTED,SINGLE,24,14,2.8651,5.5897,1.0,1793
0703002-0918-15-42-gnss_raw.txt,2436,459462.100,FINESTEERING,SOL_COMPUTED,SINGLE,24,16,2.8762,5.6127,1.1,1793
0703002-0918-15-42-gnss_raw.txt,2436,459462.200,FINESTEERING,SOL_COMPUTED,SINGLE,24,14,2.9213,5.7027,1.2,1793
0703002-0918-15-42-gnss_raw.txt,2436,459462.300,FINESTEERING,SOL_COMPUTED,SINGLE,24,14,2.8725,5.6103,1.3,1793
0703002-0918-15-42-gnss_raw.txt,2436,459462.400,FINESTEERING,SOL_COMPUTED,SINGLE,24,14,2.861,5.5885,1.4,1793
0703002-0918-15-42-gnss_raw.txt,2436,459462.500,FINESTEERING,SOL_COMPUTED,SINGLE,24,15,2.9116,5.6903,1.5,1793
0703002-0918-15-42-gnss_raw.txt,2436,459462.600,FINESTEERING,SOL_COMPUTED,SINGLE,24,15,2.8631,5.5971,1.6,1793
0703002-0918-15-42-gnss_raw.txt,2436,459462.700,FINESTEERING,SOL_COMPUTED,SINGLE,24,14,2.9353,5.7411,0.7,1793
0703002-0918-15-42-gnss_raw.txt,2436,459462.800,FINESTEERING,SOL_COMPUTED,SINGLE,24,15,2.8885,5.649,0.8,1793
0703002-0918-15-42-gnss_raw.txt,2436,459462.900,FINESTEERING,SOL_COMPUTED,SINGLE,24,14,2.8768,5.625,0.9,1793
0703002-0918-15-42-gnss_raw.txt,2436,459463.000,FINESTEERING,SOL_COMPUTED,SINGLE,24,15,2.9179,5.712,1.0,1793
0703002-0918-15-42-gnss_raw.txt,2436,459463.100,FINESTEERING,SOL_COMPUTED,SINGLE,24,13,2.8897,5.6562,1.1,1793
0703002-0918-15-42-gnss_raw.txt,2436,459463.200,FINESTEERING,SOL_COMPUTED,SINGLE,24,10,2.9096,5.6917,1.2,1793
0703002-0918-15-42-gnss_raw.txt,2436,459463.300,FINESTEERING,SOL_COMPUTED,SINGLE,24,14,2.9355,5.7494,1.3,1793
0703002-0918-15-42-gnss_raw.txt,2436,459463.400,FINESTEERING,SOL_COMPUTED,SINGLE,24,14,2.9474,5.7708,1.4,1793
0703002-0918-15-42-gnss_raw.txt,2436,459463.500,FINESTEERING,SOL_COMPUTED,SINGLE,24,16,2.9092,5.6938,1.5,1793
0703002-0918-15-42-gnss_raw.txt,2436,459463.600,FINESTEERING,SOL_COMPUTED,SINGLE,24,15,2.972,5.8215,1.6,1793
0703002-0918-15-42-gnss_raw.txt,2436,459463.700,FINESTEERING,SOL_COMPUTED,SINGLE,24,14,2.9141,5.7056,1.7,1793
0703002-0918-15-42-gnss_raw.txt,2436,459463.800,FINESTEERING,SOL_COMPUTED,SINGLE,24,14,2.96,5.7999,1.8,1793
0703002-0918-15-42-gnss_raw.txt,2436,459463.900,FINESTEERING,SOL_COMPUTED,SINGLE,24,13,2.9702,5.8213,1.9,1793
0703002-0918-15-42-gnss_raw.txt,2436,459464.000,FINESTEERING,SOL_COMPUTED,SINGLE,24,13,2.9482,5.7748,1.0,1793
0703002-0918-15-42-gnss_raw.txt,2436,459464.100,FINESTEERING,SOL_COMPUTED,SINGLE,24,15,2.8946,5.667,1.1,1793
0703002-0918-15-42-gnss_raw.txt,2436,459464.200,FINESTEERING,SOL_COMPUTED,SINGLE,24,13,2.9058,5.688,1.2,1793
0703002-0918-15-42-gnss_raw.txt,2436,459464.300,FINESTEERING,SOL_COMPUTED,SINGLE,24,17,2.9161,5.7075,1.3,1793
0703002-0918-15-42-gnss_raw.txt,2436,459464.400,FINESTEERING,SOL_COMPUTED,SINGLE,24,16,2.9188,5.7131,1.4,1793
0703002-0918-15-42-gnss_raw.txt,2436,459464.500,FINESTEERING,SOL_COMPUTED,SINGLE,24,15,2.9237,5.7281,1.5,1793
0703002-0918-15-42-gnss_raw.txt,2436,459464.600,FINESTEERING,SOL_COMPUTED,SINGLE,24,14,2.9409,5.7608,1.6,1793
0703002-0918-15-42-gnss_raw.txt,2436,459464.700,FINESTEERING,SOL_COMPUTED,SINGLE,24,14,2.9627,5.8028,1.7,1793
0703002-0918-15-42-gnss_raw.txt,2436,459464.800,FINESTEERING,SOL_COMPUTED,SINGLE,24,14,2.9478,5.7733,1.8,1793
0703002-0918-15-42-gnss_raw.txt,2436,459464.900,FINESTEERING,SOL_COMPUTED,SINGLE,24,13,2.9511,5.7794,1.9,1793
0703002-0918-15-42-gnss_raw.txt,2436,459465.000,FINESTEERING,SOL_COMPUTED,SINGLE,24,12,2.9614,5.7992,2.0,1793
0703002-0918-15-42-gnss_raw.txt,2436,459465.100,FINESTEERING,SOL_COMPUTED,SINGLE,24,11,3.0101,5.8983,1.1,1793
0703002-0918-15-42-gnss_raw.txt,2436,459465.200,FINESTEERING,SOL_COMPUTED,SINGLE,24,15,3.0069,5.8967,1.2,1793
0703002-0918-15-42-gnss_raw.txt,2436,459465.300,FINESTEERING,SOL_COMPUTED,SINGLE,24,15,2.9624,5.8082,1.3,1793
0703002-0918-15-42-gnss_raw.txt,2436,459465.400,FINESTEERING,SOL_COMPUTED,SINGLE,24,10,2.9875,5.8547,1.4,1793
0703002-0918-15-42-gnss_raw.txt,2436,459465.500,FINESTEERING,SOL_COMPUTED,SINGLE,24,10,3.0295,5.9349,1.5,1793
0703002-0918-15-42-gnss_raw.txt,2436,459465.600,FINESTEERING,SOL_COMPUTED,SINGLE,24,16,3.0196,5.9164,1.6,1793
0703002-0918-15-42-gnss_raw.txt,2436,459465.700,FINESTEERING,SOL_COMPUTED,SINGLE,24,16,3.051,5.9854,0.7,1793
0703002-0918-15-42-gnss_raw.txt,2436,459465.800,FINESTEERING,SOL_COMPUTED,SINGLE,24,15,3.0279,5.9467,0.8,1793
0703002-0918-15-42-gnss_raw.txt,2436,459465.900,FINESTEERING,SOL_COMPUTED,SINGLE,24,14,2.9752,5.8432,0.9,1793
0703002-0918-15-42-gnss_raw.txt,2436,459466.000,FINESTEERING,SOL_COMPUTED,SINGLE,24,15,3.0356,5.9704,1.0,1793
0703002-0918-15-42-gnss_raw.txt,2436,459466.100,FINESTEERING,SOL_COMPUTED,SINGLE,24,15,2.9796,5.8635,1.1,1793
0703002-0918-15-42-gnss_raw.txt,2436,459466.200,FINESTEERING,SOL_COMPUTED,SINGLE,24,15,2.9571,5.8221,1.2,1793
0703002-0918-15-42-gnss_raw.txt,2436,459466.300,FINESTEERING,SOL_COMPUTED,SINGLE,24,14,2.9629,5.8385,1.3,1793
0703002-0918-15-42-gnss_raw.txt,2436,459466.400,FINESTEERING,SOL_COMPUTED,SINGLE,24,14,3.0408,5.9988,1.4,1793
0703002-0918-15-42-gnss_raw.txt,2436,459466.500,FINESTEERING,SOL_COMPUTED,SINGLE,24,16,3.0165,5.9521,1.5,1793
0703002-0918-15-42-gnss_raw.txt,2436,459466.600,FINESTEERING,SOL_COMPUTED,SINGLE,24,15,2.9814,5.8839,1.6,1793
0703002-0918-15-42-gnss_raw.txt,2436,459466.700,FINESTEERING,SOL_COMPUTED,SINGLE,24,14,3.0038,5.9302,1.7,1793
0703002-0918-15-42-gnss_raw.txt,2436,459466.800,FINESTEERING,SOL_COMPUTED,SINGLE,24,15,3.0097,5.9444,1.8,1793
0703002-0918-15-42-gnss_raw.txt,2436,459466.900,FINESTEERING,SOL_COMPUTED,SINGLE,24,14,2.9871,5.9002,0.9,1793
0703002-0918-15-42-gnss_raw.txt,2436,459467.000,FINESTEERING,SOL_COMPUTED,SINGLE,24,14,2.9921,5.9087,1.0,1793
0703002-0918-15-42-gnss_raw.txt,2436,459467.100,FINESTEERING,SOL_COMPUTED,SINGLE,24,14,2.9924,5.9113,1.1,1793
0703002-0918-15-42-gnss_raw.txt,2436,459467.200,FINESTEERING,SOL_COMPUTED,SINGLE,24,14,2.9903,5.9147,1.2,1793
0703002-0918-15-42-gnss_raw.txt,2436,459467.300,FINESTEERING,SOL_COMPUTED,SINGLE,24,16,2.9756,5.8864,1.3,1793
0703002-0918-15-42-gnss_raw.txt,2436,459467.400,FINESTEERING,SOL_COMPUTED,SINGLE,24,15,2.9792,5.8947,1.4,1793
0703002-0918-15-42-gnss_raw.txt,2436,459467.500,FINESTEERING,SOL_COMPUTED,SINGLE,24,14,3.0259,5.9948,1.5,1793
0703002-0918-15-42-gnss_raw.txt,2436,459467.600,FINESTEERING,SOL_COMPUTED,SINGLE,24,14,3.047,6.0433,1.6,1793
0703002-0918-15-42-gnss_raw.txt,2436,459467.700,FINESTEERING,SOL_COMPUTED,SINGLE,24,15,3.0066,5.965,1.7,1793
0703002-0918-15-42-gnss_raw.txt,2436,459467.800,FINESTEERING,SOL_COMPUTED,SINGLE,24,14,2.9955,5.9431,1.8,1793
0703002-0918-15-42-gnss_raw.txt,2436,459467.900,FINESTEERING,SOL_COMPUTED,SINGLE,24,15,3.0376,6.0336,0.9,1793
0703002-0918-15-42-gnss_raw.txt,2436,459468.000,FINESTEERING,SOL_COMPUTED,SINGLE,24,15,3.0288,6.015,1.0,1793
0703002-0918-15-42-gnss_raw.txt,2436,459468.100,FINESTEERING,SOL_COMPUTED,SINGLE,24,14,3.0469,6.0556,1.1,1793
0703002-0918-15-42-gnss_raw.txt,2436,459468.200,FINESTEERING,SOL_COMPUTED,SINGLE,24,16,3.0193,6.0004,1.2,1793
0703002-0918-15-42-gnss_raw.txt,2436,459468.300,FINESTEERING,SOL_COMPUTED,SINGLE,24,15,3.0855,6.1386,1.3,1793
0703002-0918-15-42-gnss_raw.txt,2436,459468.400,FINESTEERING,SOL_COMPUTED,SINGLE,24,15,3.0743,6.1223,1.4,1793
0703002-0918-15-42-gnss_raw.txt,2436,459468.500,FINESTEERING,SOL_COMPUTED,SINGLE,24,14,3.0595,6.0912,1.5,1793
0703002-0918-15-42-gnss_raw.txt,2436,459468.600,FINESTEERING,SOL_COMPUTED,SINGLE,24,14,3.072,6.1138,1.6,1793
0703002-0918-15-42-gnss_raw.txt,2436,459468.700,FINESTEERING,SOL_COMPUTED,SINGLE,24,15,3.0941,6.1624,1.7,1793
0703002-0918-15-42-gnss_raw.txt,2436,459468.800,FINESTEERING,SOL_COMPUTED,SINGLE,24,15,3.1175,6.2174,1.8,1793
0703002-0918-15-42-gnss_raw.txt,2436,459468.900,FINESTEERING,SOL_COMPUTED,SINGLE,24,15,3.0287,6.0382,0.9,1793
0703002-0918-15-42-gnss_raw.txt,2436,459469.000,FINESTEERING,SOL_COMPUTED,SINGLE,24,13,3.0472,6.0735,1.0,1793
0703002-0918-15-42-gnss_raw.txt,2436,459469.100,FINESTEERING,SOL_COMPUTED,SINGLE,24,14,3.0307,6.0395,1.1,1793
0703002-0918-15-42-gnss_raw.txt,2436,459469.200,FINESTEERING,SOL_COMPUTED,SINGLE,24,15,3.0727,6.121,1.2,1793
0703002-0918-15-42-gnss_raw.txt,2436,459469.300,FINESTEERING,SOL_COMPUTED,SINGLE,24,14,3.0723,6.1199,1.3,1793
0703002-0918-15-42-gnss_raw.txt,2436,459469.400,FINESTEERING,SOL_COMPUTED,SINGLE,24,14,3.0676,6.1073,1.4,1793
0703002-0918-15-42-gnss_raw.txt,2436,459469.500,FINESTEERING,SOL_COMPUTED,SINGLE,25,14,3.0987,6.1755,1.5,1793
0703002-0918-15-42-gnss_raw.txt,2436,459469.600,FINESTEERING,SOL_COMPUTED,SINGLE,25,15,3.0597,6.1016,1.6,1793
0703002-0918-15-42-gnss_raw.txt,2436,459469.700,FINESTEERING,SOL_COMPUTED,SINGLE,25,13,3.0856,6.1594,1.7,1793
0703002-0918-15-42-gnss_raw.txt,2436,459469.800,FINESTEERING,SOL_COMPUTED,SINGLE,25,14,3.1174,6.2303,0.8,1793
0703002-0918-15-42-gnss_raw.txt,2436,459469.900,FINESTEERING,SOL_COMPUTED,SINGLE,25,14,3.0722,6.1474,0.9,1793
0703002-0918-15-42-gnss_raw.txt,2436,459470.000,FINESTEERING,SOL_COMPUTED,SINGLE,25,14,3.0637,6.1285,1.0,1793
0703002-0918-15-42-gnss_raw.txt,2436,459470.100,FINESTEERING,SOL_COMPUTED,SINGLE,25,15,3.0818,6.1617,1.1,1793
0703002-0918-15-42-gnss_raw.txt,2436,459470.200,FINESTEERING,SOL_COMPUTED,SINGLE,25,15,3.0754,6.1462,1.2,1793
0703002-0918-15-42-gnss_raw.txt,2436,459470.300,FINESTEERING,SOL_COMPUTED,SINGLE,24,15,3.106,6.2146,1.3,1793
0703002-0918-15-42-gnss_raw.txt,2436,459470.400,FINESTEERING,SOL_COMPUTED,SINGLE,24,16,3.1033,6.2164,1.4,1793
0703002-0918-15-42-gnss_raw.txt,2436,459470.500,FINESTEERING,SOL_COMPUTED,SINGLE,24,15,3.1463,6.3114,1.5,1793
0703002-0918-15-42-gnss_raw.txt,2436,459470.600,FINESTEERING,SOL_COMPUTED,SINGLE,24,16,3.1171,6.2553,1.6,1793
0703002-0918-15-42-gnss_raw.txt,2436,459470.700,FINESTEERING,SOL_COMPUTED,SINGLE,24,15,3.09,6.2029,1.7,1793
0703002-0918-15-42-gnss_raw.txt,2436,459470.800,FINESTEERING,SOL_COMPUTED,SINGLE,24,15,3.1094,6.2403,0.8,1793
0703002-0918-15-42-gnss_raw.txt,2436,459470.900,FINESTEERING,SOL_COMPUTED,SINGLE,24,13,3.0749,6.1715,0.9,1793
0703002-0918-15-42-gnss_raw.txt,2436,459471.000,FINESTEERING,SOL_COMPUTED,SINGLE,24,14,3.0489,6.1181,1.0,1793
0703002-0918-15-42-gnss_raw.txt,2436,459471.100,FINESTEERING,SOL_COMPUTED,SINGLE,24,15,3.0489,6.1157,1.1,1793
0703002-0918-15-42-gnss_raw.txt,2436,459471.200,FINESTEERING,SOL_COMPUTED,SINGLE,24,16,3.1355,6.3009,1.2,1793
0703002-0918-15-42-gnss_raw.txt,2436,459471.300,FINESTEERING,SOL_COMPUTED,SINGLE,24,16,3.149,6.3386,1.3,1793
0703002-0918-15-42-gnss_raw.txt,2436,459471.400,FINESTEERING,SOL_COMPUTED,SINGLE,24,16,3.1455,6.3427,1.4,1793
0703002-0918-15-42-gnss_raw.txt,2436,459471.500,FINESTEERING,SOL_COMPUTED,SINGLE,24,15,3.143,6.3388,1.5,1793
0703002-0918-15-42-gnss_raw.txt,2436,459471.600,FINESTEERING,SOL_COMPUTED,SINGLE,24,14,3.0774,6.2046,1.6,1793
0703002-0918-15-42-gnss_raw.txt,2436,459471.700,FINESTEERING,SOL_COMPUTED,SINGLE,24,17,3.155,6.3597,1.7,1793
0703002-0918-15-42-gnss_raw.txt,2436,459471.800,FINESTEERING,SOL_COMPUTED,SINGLE,24,15,3.0655,6.1771,0.8,1793
0703002-0918-15-42-gnss_raw.txt,2436,459471.900,FINESTEERING,SOL_COMPUTED,SINGLE,24,15,3.0908,6.2392,0.9,1793
0703002-0918-15-42-gnss_raw.txt,2436,459472.000,FINESTEERING,SOL_COMPUTED,SINGLE,24,15,3.1015,6.262,1.0,1793
0703002-0918-15-42-gnss_raw.txt,2436,459472.100,FINESTEERING,SOL_COMPUTED,SINGLE,24,13,3.0973,6.2516,1.1,1793
0703002-0918-15-42-gnss_raw.txt,2436,459472.200,FINESTEERING,SOL_COMPUTED,SINGLE,24,14,3.0591,6.1739,1.2,1793
0703002-0918-15-42-gnss_raw.txt,2436,459472.300,FINESTEERING,SOL_COMPUTED,SINGLE,24,14,3.1833,6.4348,1.3,1793
0703002-0918-15-42-gnss_raw.txt,2436,459472.400,FINESTEERING,SOL_COMPUTED,SINGLE,24,15,3.149,6.377,1.4,1793
0703002-0918-15-42-gnss_raw.txt,2436,459472.500,FINESTEERING,SOL_COMPUTED,SINGLE,24,15,3.2542,6.6019,1.5,1793
0703002-0918-15-42-gnss_raw.txt,2436,459472.600,FINESTEERING,SOL_COMPUTED,SINGLE,24,15,3.2226,6.5487,1.6,1793
0703002-0918-15-42-gnss_raw.txt,2436,459472.700,FINESTEERING,SOL_COMPUTED,SINGLE,24,14,3.1543,6.4116,1.7,1793
0703002-0918-15-42-gnss_raw.txt,2436,459472.800,FINESTEERING,SOL_COMPUTED,SINGLE,24,14,3.1442,6.3912,1.8,1793
0703002-0918-15-42-gnss_raw.txt,2436,459472.900,FINESTEERING,SOL_COMPUTED,SINGLE,24,14,3.1044,6.3102,0.9,1793
0703002-0918-15-42-gnss_raw.txt,2436,459473.000,FINESTEERING,SOL_COMPUTED,SINGLE,24,15,3.0915,6.2841,1.0,1793
0703002-0918-15-42-gnss_raw.txt,2436,459473.100,FINESTEERING,SOL_COMPUTED,SINGLE,24,14,3.1018,6.3047,1.1,1793
0703002-0918-15-42-gnss_raw.txt,2436,459473.200,FINESTEERING,SOL_COMPUTED,SINGLE,24,15,3.0693,6.2407,1.2,1793
0703002-0918-15-42-gnss_raw.txt,2436,459473.300,FINESTEERING,SOL_COMPUTED,SINGLE,24,15,3.1226,6.3521,1.3,1793
0703002-0918-15-42-gnss_raw.txt,2436,459473.400,FINESTEERING,SOL_COMPUTED,SINGLE,24,16,3.1805,6.4761,1.4,1793
0703002-0918-15-42-gnss_raw.txt,2436,459473.500,FINESTEERING,SOL_COMPUTED,SINGLE,24,14,3.2348,6.5947,1.5,1793
0703002-0918-15-42-gnss_raw.txt,2436,459473.600,FINESTEERING,SOL_COMPUTED,SINGLE,24,15,3.1748,6.4862,1.6,1793
0703002-0918-15-42-gnss_raw.txt,2436,459473.700,FINESTEERING,SOL_COMPUTED,SINGLE,24,14,3.2147,6.5739,1.7,1793
0703002-0918-15-42-gnss_raw.txt,2436,459473.800,FINESTEERING,SOL_COMPUTED,SINGLE,24,15,3.2007,6.5539,1.8,1793
0703002-0918-15-42-gnss_raw.txt,2436,459473.900,FINESTEERING,SOL_COMPUTED,SINGLE,24,16,3.1656,6.4892,0.9,1793
0703002-0918-15-42-gnss_raw.txt,2436,459474.000,FINESTEERING,SOL_COMPUTED,SINGLE,24,16,3.128,6.4207,1.0,1793
0703002-0918-15-42-gnss_raw.txt,2436,459474.100,FINESTEERING,SOL_COMPUTED,SINGLE,24,15,3.1334,6.4416,1.1,1793
0703002-0918-15-42-gnss_raw.txt,2436,459474.200,FINESTEERING,SOL_COMPUTED,SINGLE,24,15,3.1649,6.5161,1.2,1793
0703002-0918-15-42-gnss_raw.txt,2436,459474.300,FINESTEERING,SOL_COMPUTED,SINGLE,24,15,3.2027,6.6049,1.3,1793
0703002-0918-15-42-gnss_raw.txt,2436,459474.400,FINESTEERING,SOL_COMPUTED,SINGLE,24,15,3.1745,6.5595,1.4,1793
0703002-0918-15-42-gnss_raw.txt,2436,459474.500,FINESTEERING,SOL_COMPUTED,SINGLE,24,16,3.0975,6.4052,1.5,1793
0703002-0918-15-42-gnss_raw.txt,2436,459474.600,FINESTEERING,SOL_COMPUTED,SINGLE,24,17,3.1302,6.4827,1.6,1793
0703002-0918-15-42-gnss_raw.txt,2436,459474.700,FINESTEERING,SOL_COMPUTED,SINGLE,24,15,3.0885,6.4022,1.7,1793
0703002-0918-15-42-gnss_raw.txt,2436,459474.800,FINESTEERING,SOL_COMPUTED,SINGLE,24,15,3.1512,6.5428,1.8,1793
0703002-0918-15-42-gnss_raw.txt,2436,459474.900,FINESTEERING,SOL_COMPUTED,SINGLE,24,16,3.0857,6.4105,1.9,1793
0703002-0918-15-42-gnss_raw.txt,2436,459475.000,FINESTEERING,SOL_COMPUTED,SINGLE,24,16,3.1805,6.6168,1.0,1793
0703002-0918-15-42-gnss_raw.txt,2436,459475.100,FINESTEERING,SOL_COMPUTED,SINGLE,24,14,3.077,6.405,1.1,1793
0703002-0918-15-42-gnss_raw.txt,2436,459475.200,FINESTEERING,SOL_COMPUTED,SINGLE,24,13,3.1029,6.4586,1.2,1793
0703002-0918-15-42-gnss_raw.txt,2436,459475.300,FINESTEERING,SOL_COMPUTED,SINGLE,24,15,3.1474,6.5591,1.3,1793
0703002-0918-15-42-gnss_raw.txt,2436,459475.400,FINESTEERING,SOL_COMPUTED,SINGLE,24,15,3.1635,6.599,1.4,1793
0703002-0918-15-42-gnss_raw.txt,2436,459475.500,FINESTEERING,SOL_COMPUTED,SINGLE,24,16,3.1193,6.5161,1.5,1793
0703002-0918-15-42-gnss_raw.txt,2436,459475.600,FINESTEERING,SOL_COMPUTED,SINGLE,24,14,3.2419,6.7799,1.6,1793
0703002-0918-15-42-gnss_raw.txt,2436,459475.700,FINESTEERING,SOL_COMPUTED,SINGLE,24,14,3.1287,6.544,1.7,1793
0703002-0918-15-42-gnss_raw.txt,2436,459475.800,FINESTEERING,SOL_COMPUTED,SINGLE,24,13,3.1272,6.5404,0.8,1793
0703002-0918-15-42-gnss_raw.txt,2436,459475.900,FINESTEERING,SOL_COMPUTED,SINGLE,24,14,3.1878,6.6668,0.9,1793
0703002-0918-15-42-gnss_raw.txt,2436,459476.000,FINESTEERING,SOL_COMPUTED,SINGLE,24,15,3.2444,6.7841,1.0,1793
0703002-0918-15-42-gnss_raw.txt,2436,459476.100,FINESTEERING,SOL_COMPUTED,SINGLE,24,16,3.1523,6.5939,1.1,1793
0703002-0918-15-42-gnss_raw.txt,2436,459476.200,FINESTEERING,SOL_COMPUTED,SINGLE,24,15,3.1221,6.5349,1.2,1793
0703002-0918-15-42-gnss_raw.txt,2436,459476.300,FINESTEERING,SOL_COMPUTED,SINGLE,24,14,3.1804,6.6601,1.3,1793
0703002-0918-15-42-gnss_raw.txt,2436,459476.400,FINESTEERING,SOL_COMPUTED,SINGLE,24,15,3.1348,6.5667,1.4,1793
0703002-0918-15-42-gnss_raw.txt,2436,459476.500,FINESTEERING,SOL_COMPUTED,SINGLE,24,15,3.1465,6.5988,1.5,1793
0703002-0918-15-42-gnss_raw.txt,2436,459476.600,FINESTEERING,SOL_COMPUTED,SINGLE,24,15,3.1765,6.6723,1.6,1793
0703002-0918-15-42-gnss_raw.txt,2436,459476.700,FINESTEERING,SOL_COMPUTED,SINGLE,24,14,3.1964,6.719,1.7,1793
0703002-0918-15-42-gnss_raw.txt,2436,459476.800,FINESTEERING,SOL_COMPUTED,SINGLE,24,15,3.1592,6.643,1.8,1793
0703002-0918-15-42-gnss_raw.txt,2436,459476.900,FINESTEERING,SOL_COMPUTED,SINGLE,24,14,3.1019,6.5226,1.9,1793
0703002-0918-15-42-gnss_raw.txt,2436,459477.000,FINESTEERING,SOL_COMPUTED,SINGLE,24,14,3.1001,6.5195,1.0,1793
0703002-0918-15-42-gnss_raw.txt,2436,459477.100,FINESTEERING,SOL_COMPUTED,SINGLE,24,14,3.1027,6.5272,1.1,1793
0703002-0918-15-42-gnss_raw.txt,2436,459477.200,FINESTEERING,SOL_COMPUTED,SINGLE,24,14,3.2266,6.7989,1.2,1793
0703002-0918-15-42-gnss_raw.txt,2436,459477.300,FINESTEERING,SOL_COMPUTED,SINGLE,24,15,3.1045,6.5477,1.3,1793
0703002-0918-15-42-gnss_raw.txt,2436,459477.400,FINESTEERING,SOL_COMPUTED,SINGLE,24,14,3.1781,6.7017,1.4,1793
0703002-0918-15-42-gnss_raw.txt,2436,459477.500,FINESTEERING,SOL_COMPUTED,SINGLE,24,13,3.1109,6.5586,1.5,1793
0703002-0918-15-42-gnss_raw.txt,2436,459477.600,FINESTEERING,SOL_COMPUTED,SINGLE,24,14,3.0768,6.4914,1.6,1793
0703002-0918-15-42-gnss_raw.txt,2436,459477.700,FINESTEERING,SOL_COMPUTED,SINGLE,24,13,3.1801,6.7072,1.7,1793
0703002-0918-15-42-gnss_raw.txt,2436,459477.800,FINESTEERING,SOL_COMPUTED,SINGLE,24,15,3.1479,6.6394,1.8,1793
0703002-0918-15-42-gnss_raw.txt,2436,459477.900,FINESTEERING,SOL_COMPUTED,SINGLE,24,15,3.1999,6.7488,0.9,1793
0703002-0918-15-42-gnss_raw.txt,2436,459478.000,FINESTEERING,SOL_COMPUTED,SINGLE,24,14,3.1041,6.5462,1.0,1793
0703002-0918-15-42-gnss_raw.txt,2436,459478.100,FINESTEERING,SOL_COMPUTED,SINGLE,24,16,3.1102,6.5681,1.1,1793
0703002-0918-15-42-gnss_raw.txt,2436,459478.200,FINESTEERING,SOL_COMPUTED,SINGLE,24,14,3.0693,6.4885,1.2,1793
0703002-0918-15-42-gnss_raw.txt,2436,459478.300,FINESTEERING,SOL_COMPUTED,SINGLE,24,15,3.0734,6.5048,1.3,1793
0703002-0918-15-42-gnss_raw.txt,2436,459478.400,FINESTEERING,SOL_COMPUTED,SINGLE,24,15,3.0525,6.4625,1.4,1793
0703002-0918-15-42-gnss_raw.txt,2436,459478.500,FINESTEERING,SOL_COMPUTED,SINGLE,24,15,3.0944,6.5516,1.5,1793
0703002-0918-15-42-gnss_raw.txt,2436,459478.600,FINESTEERING,SOL_COMPUTED,SINGLE,24,15,3.081,6.5209,1.6,1793
0703002-0918-15-42-gnss_raw.txt,2436,459478.700,FINESTEERING,SOL_COMPUTED,SINGLE,24,15,3.1357,6.6345,1.7,1793
0703002-0918-15-42-gnss_raw.txt,2436,459478.800,FINESTEERING,SOL_COMPUTED,SINGLE,24,14,3.1475,6.6555,1.8,1793
0703002-0918-15-42-gnss_raw.txt,2436,459478.900,FINESTEERING,SOL_COMPUTED,SINGLE,24,15,3.0457,6.4386,0.9,1793
0703002-0918-15-42-gnss_raw.txt,2436,459479.000,FINESTEERING,SOL_COMPUTED,SINGLE,24,14,3.153,6.6634,1.0,1793
0703002-0918-15-42-gnss_raw.txt,2436,459479.100,FINESTEERING,SOL_COMPUTED,SINGLE,24,15,3.2652,6.9007,1.1,1793
0703002-0918-15-42-gnss_raw.txt,2436,459479.200,FINESTEERING,SOL_COMPUTED,SINGLE,24,15,3.3449,7.0696,1.2,1793
0703002-0918-15-42-gnss_raw.txt,2436,459479.300,FINESTEERING,SOL_COMPUTED,SINGLE,24,14,3.4614,7.3153,1.3,1793
0703002-0918-15-42-gnss_raw.txt,2436,459479.400,FINESTEERING,SOL_COMPUTED,SINGLE,24,14,3.4654,7.3218,1.4,1793
0703002-0918-15-42-gnss_raw.txt,2436,459479.500,FINESTEERING,SOL_COMPUTED,SINGLE,24,15,3.2758,6.9209,1.5,1793
0703002-0918-15-42-gnss_raw.txt,2436,459479.600,FINESTEERING,SOL_COMPUTED,SINGLE,24,13,3.3059,6.9815,1.6,1793
0703002-0918-15-42-gnss_raw.txt,2436,459479.700,FINESTEERING,SOL_COMPUTED,SINGLE,24,13,3.4245,7.2291,1.7,1793
0703002-0918-15-42-gnss_raw.txt,2436,459479.800,FINESTEERING,SOL_COMPUTED,SINGLE,24,13,3.4524,7.2861,1.8,1793
0703002-0918-15-42-gnss_raw.txt,2436,459479.900,FINESTEERING,SOL_COMPUTED,SINGLE,24,13,3.3486,7.0615,1.9,1793
0703002-0918-15-42-gnss_raw.txt,2436,459480.000,FINESTEERING,SOL_COMPUTED,SINGLE,24,14,3.2814,6.9215,2.0,1793
0703002-0918-15-42-gnss_raw.txt,2436,459480.100,FINESTEERING,SOL_COMPUTED,SINGLE,25,16,3.2227,6.7986,1.1,1793
0703002-0918-15-42-gnss_raw.txt,2436,459480.200,FINESTEERING,SOL_COMPUTED,SINGLE,25,14,3.192,6.7336,1.2,1793
0703002-0918-15-42-gnss_raw.txt,2436,459480.300,FINESTEERING,SOL_COMPUTED,SINGLE,25,13,3.0742,6.483,1.3,1793
0703002-0918-15-42-gnss_raw.txt,2436,459480.400,FINESTEERING,SOL_COMPUTED,SINGLE,25,13,3.0863,6.5046,1.4,1793
0703002-0918-15-42-gnss_raw.txt,2436,459480.500,FINESTEERING,SOL_COMPUTED,SINGLE,25,15,3.073,6.4762,1.5,1793
0703002-0918-15-42-gnss_raw.txt,2436,459480.600,FINESTEERING,SOL_COMPUTED,SINGLE,25,14,3.2226,6.7929,1.6,1793
0703002-0918-15-42-gnss_raw.txt,2436,459480.700,FINESTEERING,SOL_COMPUTED,SINGLE,25,14,3.1156,6.5685,0.7,1793
0703002-0918-15-42-gnss_raw.txt,2436,459480.800,FINESTEERING,SOL_COMPUTED,SINGLE,25,14,3.1134,6.5649,0.8,1793
0703002-0918-15-42-gnss_raw.txt,2436,459480.900,FINESTEERING,SOL_COMPUTED,SINGLE,25,13,3.1746,6.6919,0.9,1793
0703002-0918-15-42-gnss_raw.txt,2436,459481.000,FINESTEERING,SOL_COMPUTED,SINGLE,25,14,3.1957,6.7338,1.0,1793
0703002-0918-15-42-gnss_raw.txt,2436,459481.100,FINESTEERING,SOL_COMPUTED,SINGLE,25,14,3.1604,6.6546,1.1,1793
0703002-0918-15-42-gnss_raw.txt,2436,459481.200,FINESTEERING,SOL_COMPUTED,SINGLE,25,14,3.2249,6.7854,1.2,1793
0703002-0918-15-42-gnss_raw.txt,2436,459481.300,FINESTEERING,SOL_COMPUTED,SINGLE,25,14,3.1406,6.607,1.3,1793
0703002-0918-15-42-gnss_raw.txt,2436,459481.400,FINESTEERING,SOL_COMPUTED,SINGLE,25,16,3.1968,6.7207,1.4,1793
0703002-0918-15-42-gnss_raw.txt,2436,459481.500,FINESTEERING,SOL_COMPUTED,SINGLE,25,13,3.4417,7.2321,1.5,1793
0703002-0918-15-42-gnss_raw.txt,2436,459481.600,FINESTEERING,SOL_COMPUTED,SINGLE,25,14,3.211,6.7465,1.6,1793
0703002-0918-15-42-gnss_raw.txt,2436,459481.700,FINESTEERING,SOL_COMPUTED,SINGLE,25,14,3.1751,6.6703,0.7,1793
0703002-0918-15-42-gnss_raw.txt,2436,459481.800,FINESTEERING,SOL_COMPUTED,SINGLE,25,16,3.2627,6.8558,0.8,1793
0703002-0918-15-42-gnss_raw.txt,2436,459481.900,FINESTEERING,SOL_COMPUTED,SINGLE,25,16,3.3441,7.0265,0.9,1793
0703002-0918-15-42-gnss_raw.txt,2436,459482.000,FINESTEERING,SOL_COMPUTED,SINGLE,25,15,3.3183,6.9699,1.0,1793
0703002-0918-15-42-gnss_raw.txt,2436,459482.100,FINESTEERING,SOL_COMPUTED,SINGLE,25,15,3.2299,6.7814,1.1,1793
0703002-0918-15-42-gnss_raw.txt,2436,459482.200,FINESTEERING,SOL_COMPUTED,SINGLE,25,14,3.2501,6.8223,1.2,1793
0703002-0918-15-42-gnss_raw.txt,2436,459482.300,FINESTEERING,SOL_COMPUTED,SINGLE,25,14,3.2064,6.7281,1.3,1793
0703002-0918-15-42-gnss_raw.txt,2436,459482.400,FINESTEERING,SOL_COMPUTED,SINGLE,25,16,3.1837,6.682,1.4,1793
0703002-0918-15-42-gnss_raw.txt,2436,459482.500,FINESTEERING,SOL_COMPUTED,SINGLE,25,16,3.1175,6.5436,1.5,1793
0703002-0918-15-42-gnss_raw.txt,2436,459482.600,FINESTEERING,SOL_COMPUTED,SINGLE,25,14,3.123,6.5587,1.6,1793
0703002-0918-15-42-gnss_raw.txt,2436,459482.700,FINESTEERING,SOL_COMPUTED,SINGLE,25,14,3.1974,6.7114,1.7,1793
0703002-0918-15-42-gnss_raw.txt,2436,459482.800,FINESTEERING,SOL_COMPUTED,SINGLE,25,13,3.1893,6.6893,1.8,1793
0703002-0918-15-42-gnss_raw.txt,2436,459482.900,FINESTEERING,SOL_COMPUTED,SINGLE,25,15,3.2154,6.7401,0.9,1793
0703002-0918-15-42-gnss_raw.txt,2436,459483.000,FINESTEERING,SOL_COMPUTED,SINGLE,25,15,3.3744,7.0699,1.0,1793
0703002-0918-15-42-gnss_raw.txt,2436,459483.100,FINESTEERING,SOL_COMPUTED,SINGLE,25,15,3.3724,7.0625,1.1,1793
0703002-0918-15-42-gnss_raw.txt,2436,459483.200,FINESTEERING,SOL_COMPUTED,SINGLE,25,15,3.3771,7.0687,1.2,1793
0703002-0918-15-42-gnss_raw.txt,2436,459483.300,FINESTEERING,SOL_COMPUTED,SINGLE,25,15,3.4118,7.1371,1.3,1793
0703002-0918-15-42-gnss_raw.txt,2436,459483.400,FINESTEERING,SOL_COMPUTED,SINGLE,25,11,3.3626,7.0307,1.4,1793
0703002-0918-15-42-gnss_raw.txt,2436,459483.500,FINESTEERING,SOL_COMPUTED,SINGLE,25,15,3.3145,6.9274,1.5,1793
0703002-0918-15-42-gnss_raw.txt,2436,459483.600,FINESTEERING,SOL_COMPUTED,SINGLE,25,15,3.4337,7.1759,1.6,1793
0703002-0918-15-42-gnss_raw.txt,2436,459483.700,FINESTEERING,SOL_COMPUTED,SINGLE,25,13,3.4507,7.2097,1.7,1793
0703002-0918-15-42-gnss_raw.txt,2436,459483.800,FINESTEERING,SOL_COMPUTED,SINGLE,25,14,3.3316,6.9582,1.8,1793
0703002-0918-15-42-gnss_raw.txt,2436,459483.900,FINESTEERING,SOL_COMPUTED,SINGLE,25,15,3.317,6.9279,0.9,1793
0703002-0918-15-42-gnss_raw.txt,2436,459484.000,FINESTEERING,SOL_COMPUTED,SINGLE,25,13,3.3191,6.9321,1.0,1793
0703002-0918-15-42-gnss_raw.txt,2436,459484.100,FINESTEERING,SOL_COMPUTED,SINGLE,25,12,3.4006,7.0973,1.1,1793
0703002-0918-15-42-gnss_raw.txt,2436,459484.200,FINESTEERING,SOL_COMPUTED,SINGLE,25,13,3.4513,7.1984,1.2,1793
0703002-0918-15-42-gnss_raw.txt,2436,459484.300,FINESTEERING,SOL_COMPUTED,SINGLE,25,13,3.3954,7.0759,1.3,1793
0703002-0918-15-42-gnss_raw.txt,2436,459484.400,FINESTEERING,SOL_COMPUTED,SINGLE,25,13,3.492,7.2724,1.4,1793
0703002-0918-15-42-gnss_raw.txt,2436,459484.500,FINESTEERING,SOL_COMPUTED,SINGLE,25,12,3.436,7.1505,1.5,1793
0703002-0918-15-42-gnss_raw.txt,2436,459484.600,FINESTEERING,SOL_COMPUTED,SINGLE,25,14,3.3099,6.8848,1.6,1793
0703002-0918-15-42-gnss_raw.txt,2436,459484.700,FINESTEERING,SOL_COMPUTED,SINGLE,25,14,3.3414,6.9475,1.7,1793
0703002-0918-15-42-gnss_raw.txt,2436,459484.800,FINESTEERING,SOL_COMPUTED,SINGLE,25,14,3.3375,6.9374,1.8,1793
0703002-0918-15-42-gnss_raw.txt,2436,459484.900,FINESTEERING,SOL_COMPUTED,SINGLE,25,14,3.4001,7.0648,1.9,1793
0703002-0918-15-42-gnss_raw.txt,2436,459485.000,FINESTEERING,SOL_COMPUTED,SINGLE,25,14,3.3748,7.0087,2.0,1793
0703002-0918-15-42-gnss_raw.txt,2436,459485.100,FINESTEERING,SOL_COMPUTED,SINGLE,25,13,3.4193,7.099,1.1,1793
0703002-0918-15-42-gnss_raw.txt,2436,459485.200,FINESTEERING,SOL_COMPUTED,SINGLE,25,14,3.3263,6.9028,1.2,1793
0703002-0918-15-42-gnss_raw.txt,2436,459485.300,FINESTEERING,SOL_COMPUTED,SINGLE,24,13,3.2983,6.8401,1.3,1793
0703002-0918-15-42-gnss_raw.txt,2436,459485.400,FINESTEERING,SOL_COMPUTED,SINGLE,24,14,3.5792,7.4239,1.4,1793
0703002-0918-15-42-gnss_raw.txt,2436,459485.500,FINESTEERING,SOL_COMPUTED,SINGLE,24,15,3.3721,6.9945,1.5,1793
0703002-0918-15-42-gnss_raw.txt,2436,459485.600,FINESTEERING,SOL_COMPUTED,SINGLE,24,12,3.3838,7.0153,1.6,1793
0703002-0918-15-42-gnss_raw.txt,2436,459485.700,FINESTEERING,SOL_COMPUTED,SINGLE,24,14,3.4538,7.1581,1.7,1793
0703002-0918-15-42-gnss_raw.txt,2436,459485.800,FINESTEERING,SOL_COMPUTED,SINGLE,24,14,3.4147,7.0757,1.8,1793
0703002-0918-15-42-gnss_raw.txt,2436,459485.900,FINESTEERING,SOL_COMPUTED,SINGLE,24,15,3.4393,7.126,0.9,1793
0703002-0918-15-42-gnss_raw.txt,2436,459486.000,FINESTEERING,SOL_COMPUTED,SINGLE,24,15,3.5237,7.2976,1.0,1793
0703002-0918-15-42-gnss_raw.txt,2436,459486.100,FINESTEERING,SOL_COMPUTED,SINGLE,24,13,3.5915,7.435,1.1,1793
0703002-0918-15-42-gnss_raw.txt,2436,459486.200,FINESTEERING,SOL_COMPUTED,SINGLE,24,13,3.3352,6.9017,1.2,1793
0703002-0918-15-42-gnss_raw.txt,2436,459486.300,FINESTEERING,SOL_COMPUTED,SINGLE,24,12,3.2686,6.7579,1.3,1793
0703002-0918-15-42-gnss_raw.txt,2436,459486.400,FINESTEERING,SOL_COMPUTED,SINGLE,24,9,3.5901,7.4202,1.4,1793
0703002-0918-15-42-gnss_raw.txt,2436,459486.500,FINESTEERING,SOL_COMPUTED,SINGLE,24,14,3.4838,7.1992,1.5,1793
0703002-0918-15-42-gnss_raw.txt,2436,459486.600,FINESTEERING,SOL_COMPUTED,SINGLE,24,13,3.3351,6.8884,1.6,1793
0703002-0918-15-42-gnss_raw.txt,2436,459486.700,FINESTEERING,SOL_COMPUTED,SINGLE,24,14,3.3539,6.9231,0.7,1793
0703002-0918-15-42-gnss_raw.txt,2436,459486.800,FINESTEERING,SOL_COMPUTED,SINGLE,24,12,3.3266,6.8638,0.8,1793
0703002-0918-15-42-gnss_raw.txt,2436,459486.900,FINESTEERING,SOL_COMPUTED,SINGLE,24,13,3.281,6.7689,0.9,1793
0703002-0918-15-42-gnss_raw.txt,2436,459487.000,FINESTEERING,SOL_COMPUTED,SINGLE,24,15,3.2509,6.7053,1.0,1793
0703002-0918-15-42-gnss_raw.txt,2436,459487.100,FINESTEERING,SOL_COMPUTED,SINGLE,24,13,3.2551,6.7099,1.1,1793
0703002-0918-15-42-gnss_raw.txt,2436,459487.200,FINESTEERING,SOL_COMPUTED,SINGLE,24,14,3.2713,6.7406,1.2,1793
0703002-0918-15-42-gnss_raw.txt,2436,459487.300,FINESTEERING,SOL_COMPUTED,SINGLE,25,13,3.5288,7.2708,1.3,1793
0703002-0918-15-42-gnss_raw.txt,2436,459487.400,FINESTEERING,SOL_COMPUTED,SINGLE,25,14,3.3876,6.9781,1.4,1793
0703002-0918-15-42-gnss_raw.txt,2436,459487.500,FINESTEERING,SOL_COMPUTED,SINGLE,25,13,3.318,6.832,1.5,1793
0703002-0918-15-42-gnss_raw.txt,2436,459487.600,FINESTEERING,SOL_COMPUTED,SINGLE,25,12,3.5242,7.2531,1.6,1793
0703002-0918-15-42-gnss_raw.txt,2436,459487.700,FINESTEERING,SOL_COMPUTED,SINGLE,25,12,3.5969,7.3989,1.7,1793
0703002-0918-15-42-gnss_raw.txt,2436,459487.800,FINESTEERING,SOL_COMPUTED,SINGLE,25,13,3.5036,7.2041,1.8,1793
0703002-0918-15-42-gnss_raw.txt,2436,459487.900,FINESTEERING,SOL_COMPUTED,SINGLE,25,13,3.6057,7.4117,0.9,1793
0703002-0918-15-42-gnss_raw.txt,2436,459488.000,FINESTEERING,SOL_COMPUTED,SINGLE,25,14,3.6858,7.5738,1.0,1793
0703002-0918-15-42-gnss_raw.txt,2436,459488.100,FINESTEERING,SOL_COMPUTED,SINGLE,25,13,3.7761,7.7568,1.1,1793
0703002-0918-15-42-gnss_raw.txt,2436,459488.200,FINESTEERING,SOL_COMPUTED,SINGLE,25,15,3.5799,7.3505,1.2,1793
0703002-0918-15-42-gnss_raw.txt,2436,459488.300,FINESTEERING,SOL_COMPUTED,SINGLE,25,14,3.5021,7.1879,1.3,1793
0703002-0918-15-42-gnss_raw.txt,2436,459488.400,FINESTEERING,SOL_COMPUTED,SINGLE,25,14,3.7222,7.6374,1.4,1793
0703002-0918-15-42-gnss_raw.txt,2436,459488.500,FINESTEERING,SOL_COMPUTED,SINGLE,25,14,3.6484,7.4844,1.5,1793
0703002-0918-15-42-gnss_raw.txt,2436,459488.600,FINESTEERING,SOL_COMPUTED,SINGLE,25,14,3.741,7.6712,1.6,1793
0703002-0918-15-42-gnss_raw.txt,2436,459488.700,FINESTEERING,SOL_COMPUTED,SINGLE,25,14,3.6599,7.5025,1.7,1793
0703002-0918-15-42-gnss_raw.txt,2436,459488.800,FINESTEERING,SOL_COMPUTED,SINGLE,25,16,3.7492,7.687,1.8,1793
0703002-0918-15-42-gnss_raw.txt,2436,459488.900,FINESTEERING,SOL_COMPUTED,SINGLE,25,14,3.6995,7.5866,0.9,1793
0703002-0918-15-42-gnss_raw.txt,2436,459489.000,FINESTEERING,SOL_COMPUTED,SINGLE,25,14,3.6974,7.5829,1.0,1793
0703002-0918-15-42-gnss_raw.txt,2436,459489.100,FINESTEERING,SOL_COMPUTED,SINGLE,25,14,3.6607,7.5093,1.1,1793
0703002-0918-15-42-gnss_raw.txt,2436,459489.200,FINESTEERING,SOL_COMPUTED,SINGLE,25,16,3.6083,7.401,1.2,1793
0703002-0918-15-42-gnss_raw.txt,2436,459489.300,FINESTEERING,SOL_COMPUTED,SINGLE,25,13,3.6529,7.4908,1.3,1793
0703002-0918-15-42-gnss_raw.txt,2436,459489.400,FINESTEERING,SOL_COMPUTED,SINGLE,25,15,3.6433,7.4706,1.4,1793
0703002-0918-15-42-gnss_raw.txt,2436,459489.500,FINESTEERING,SOL_COMPUTED,SINGLE,25,14,3.6436,7.4698,1.5,1793
0703002-0918-15-42-gnss_raw.txt,2436,459489.600,FINESTEERING,SOL_COMPUTED,SINGLE,25,15,3.5988,7.3775,1.6,1793
0703002-0918-15-42-gnss_raw.txt,2436,459489.700,FINESTEERING,SOL_COMPUTED,SINGLE,25,15,3.635,7.4531,1.7,1793
0703002-0918-15-42-gnss_raw.txt,2436,459489.800,FINESTEERING,SOL_COMPUTED,SINGLE,25,15,3.6874,7.5633,1.8,1793
0703002-0918-15-42-gnss_raw.txt,2436,459489.900,FINESTEERING,SOL_COMPUTED,SINGLE,25,14,3.766,7.7261,1.9,1793
0703002-0918-15-42-gnss_raw.txt,2436,459490.000,FINESTEERING,SOL_COMPUTED,SINGLE,25,13,3.7064,7.6027,1.0,1793
0703002-0918-15-42-gnss_raw.txt,2436,459490.100,FINESTEERING,SOL_COMPUTED,SINGLE,25,14,3.5592,7.3007,1.1,1793
0703002-0918-15-42-gnss_raw.txt,2436,459490.200,FINESTEERING,SOL_COMPUTED,SINGLE,25,15,3.6737,7.5371,1.2,1793
0703002-0918-15-42-gnss_raw.txt,2436,459490.300,FINESTEERING,SOL_COMPUTED,SINGLE,25,14,3.6531,7.496,1.3,1793
0703002-0918-15-42-gnss_raw.txt,2436,459490.400,FINESTEERING,SOL_COMPUTED,SINGLE,25,13,3.5941,7.3757,1.4,1793
0703002-0918-15-42-gnss_raw.txt,2436,459490.500,FINESTEERING,SOL_COMPUTED,SINGLE,25,13,3.6823,7.5583,1.5,1793
0703002-0918-15-42-gnss_raw.txt,2436,459490.600,FINESTEERING,SOL_COMPUTED,SINGLE,25,14,3.653,7.4984,1.6,1793
0703002-0918-15-42-gnss_raw.txt,2436,459490.700,FINESTEERING,SOL_COMPUTED,SINGLE,25,15,3.5825,7.3537,1.7,1793
0703002-0918-15-42-gnss_raw.txt,2436,459490.800,FINESTEERING,SOL_COMPUTED,SINGLE,25,15,3.624,7.4445,0.8,1793
0703002-0918-15-42-gnss_raw.txt,2436,459490.900,FINESTEERING,SOL_COMPUTED,SINGLE,25,14,3.5283,7.2477,0.9,1793
0703002-0918-15-42-gnss_raw.txt,2436,459491.000,FINESTEERING,SOL_COMPUTED,SINGLE,25,15,3.4406,7.0691,1.0,1793
0703002-0918-15-42-gnss_raw.txt,2436,459491.100,FINESTEERING,SOL_COMPUTED,SINGLE,25,14,3.4947,7.183,1.1,1793
0703002-0918-15-42-gnss_raw.txt,2436,459491.200,FINESTEERING,SOL_COMPUTED,SINGLE,25,13,3.5029,7.2019,1.2,1793
0703002-0918-15-42-gnss_raw.txt,2436,459491.300,FINESTEERING,SOL_COMPUTED,SINGLE,25,13,3.4871,7.1705,1.3,1793
0703002-0918-15-42-gnss_raw.txt,2436,459491.400,FINESTEERING,SOL_COMPUTED,SINGLE,25,15,3.4975,7.193,1.4,1793
0703002-0918-15-42-gnss_raw.txt,2436,459491.500,FINESTEERING,SOL_COMPUTED,SINGLE,25,14,3.5373,7.2748,1.5,1793
0703002-0918-15-42-gnss_raw.txt,2436,459491.600,FINESTEERING,SOL_COMPUTED,SINGLE,25,13,3.5717,7.3469,1.6,1793
0703002-0918-15-42-gnss_raw.txt,2436,459491.700,FINESTEERING,SOL_COMPUTED,SINGLE,25,15,3.6356,7.4811,1.7,1793
0703002-0918-15-42-gnss_raw.txt,2436,459491.800,FINESTEERING,SOL_COMPUTED,SINGLE,25,14,3.5403,7.2824,1.8,1793
0703002-0918-15-42-gnss_raw.txt,2436,459491.900,FINESTEERING,SOL_COMPUTED,SINGLE,25,14,3.5902,7.3804,1.9,1793
0703002-0918-15-42-gnss_raw.txt,2436,459492.000,FINESTEERING,SOL_COMPUTED,SINGLE,25,14,3.597,7.3913,1.0,1793
0703002-0918-15-42-gnss_raw.txt,2436,459492.100,FINESTEERING,SOL_COMPUTED,SINGLE,25,13,3.5162,7.2242,1.1,1793
0703002-0918-15-42-gnss_raw.txt,2436,459492.200,FINESTEERING,SOL_COMPUTED,SINGLE,25,13,3.4931,7.1765,1.2,1793
0703002-0918-15-42-gnss_raw.txt,2436,459492.300,FINESTEERING,SOL_COMPUTED,SINGLE,25,13,3.4923,7.1724,1.3,1793
0703002-0918-15-42-gnss_raw.txt,2436,459492.400,FINESTEERING,SOL_COMPUTED,SINGLE,25,14,3.6609,7.5152,1.4,1793
0703002-0918-15-42-gnss_raw.txt,2436,459492.500,FINESTEERING,SOL_COMPUTED,SINGLE,25,14,3.5936,7.3759,1.5,1793
0703002-0918-15-42-gnss_raw.txt,2436,459492.600,FINESTEERING,SOL_COMPUTED,SINGLE,25,13,3.5403,7.2632,1.6,1793
0703002-0918-15-42-gnss_raw.txt,2436,459492.700,FINESTEERING,SOL_COMPUTED,SINGLE,25,13,3.5192,7.218,0.7,1793
0703002-0918-15-42-gnss_raw.txt,2436,459492.800,FINESTEERING,SOL_COMPUTED,SINGLE,25,12,3.6649,7.515,0.8,1793
0703002-0918-15-42-gnss_raw.txt,2436,459492.900,FINESTEERING,SOL_COMPUTED,SINGLE,25,14,3.5121,7.1987,0.9,1793
0703002-0918-15-42-gnss_raw.txt,2436,459493.000,FINESTEERING,SOL_COMPUTED,SINGLE,25,13,3.505,7.1822,1.0,1793
0703002-0918-15-42-gnss_raw.txt,2436,459493.100,FINESTEERING,SOL_COMPUTED,SINGLE,25,15,3.4383,7.0443,1.1,1793
0703002-0918-15-42-gnss_raw.txt,2436,459493.200,FINESTEERING,SOL_COMPUTED,SINGLE,24,15,3.6004,7.3754,1.2,1793
0703002-0918-15-42-gnss_raw.txt,2436,459493.300,FINESTEERING,SOL_COMPUTED,SINGLE,24,14,3.5287,7.2262,1.3,1793
0703002-0918-15-42-gnss_raw.txt,2436,459493.400,FINESTEERING,SOL_COMPUTED,SINGLE,24,15,3.5602,7.2916,1.4,1793
0703002-0918-15-42-gnss_raw.txt,2436,459493.500,FINESTEERING,SOL_COMPUTED,SINGLE,24,14,3.6314,7.4377,1.5,1793
0703002-0918-15-42-gnss_raw.txt,2436,459493.600,FINESTEERING,SOL_COMPUTED,SINGLE,24,14,3.5162,7.1983,1.6,1793
0703002-0918-15-42-gnss_raw.txt,2436,459493.700,FINESTEERING,SOL_COMPUTED,SINGLE,25,14,3.6097,7.3872,1.7,1793
0703002-0918-15-42-gnss_raw.txt,2436,459493.800,FINESTEERING,SOL_COMPUTED,SINGLE,24,16,3.4907,7.1423,1.8,1793
0703002-0918-15-42-gnss_raw.txt,2436,459493.900,FINESTEERING,SOL_COMPUTED,SINGLE,24,14,3.6426,7.4586,1.9,1793
0703002-0918-15-42-gnss_raw.txt,2436,459494.000,FINESTEERING,SOL_COMPUTED,SINGLE,24,14,3.6537,7.4873,2.0,1793
0703002-0918-15-42-gnss_raw.txt,2436,459494.100,FINESTEERING,SOL_COMPUTED,SINGLE,24,14,3.5431,7.2608,1.1,1793
0703002-0918-15-42-gnss_raw.txt,2436,459494.200,FINESTEERING,SOL_COMPUTED,SINGLE,24,14,3.6239,7.426,1.2,1793
0703002-0918-15-42-gnss_raw.txt,2436,459494.300,FINESTEERING,SOL_COMPUTED,SINGLE,24,14,3.6588,7.4992,1.3,1793
0703002-0918-15-42-gnss_raw.txt,2436,459494.400,FINESTEERING,SOL_COMPUTED,SINGLE,24,15,3.6121,7.4033,1.4,1793
0703002-0918-15-42-gnss_raw.txt,2436,459494.500,FINESTEERING,SOL_COMPUTED,SINGLE,24,14,3.6398,7.461,1.5,1793
0703002-0918-15-42-gnss_raw.txt,2436,459494.600,FINESTEERING,SOL_COMPUTED,SINGLE,24,14,3.6155,7.4103,1.6,1793
0703002-0918-15-42-gnss_raw.txt,2436,459494.700,FINESTEERING,SOL_COMPUTED,SINGLE,24,12,3.7305,7.6466,1.7,1793
0703002-0918-15-42-gnss_raw.txt,2436,459494.800,FINESTEERING,SOL_COMPUTED,SINGLE,24,13,3.6731,7.5296,1.8,1793
0703002-0918-15-42-gnss_raw.txt,2436,459494.900,FINESTEERING,SOL_COMPUTED,SINGLE,24,13,3.6526,7.4872,0.9,1793
0703002-0918-15-42-gnss_raw.txt,2436,459495.000,FINESTEERING,SOL_COMPUTED,SINGLE,24,15,3.5934,7.3658,1.0,1793
0703002-0918-15-42-gnss_raw.txt,2436,459495.100,FINESTEERING,SOL_COMPUTED,SINGLE,24,14,3.6833,7.5503,1.1,1793
0703002-0918-15-42-gnss_raw.txt,2436,459495.200,FINESTEERING,SOL_COMPUTED,SINGLE,24,12,3.7674,7.7244,1.2,1793
0703002-0918-15-42-gnss_raw.txt,2436,459495.300,FINESTEERING,SOL_COMPUTED,SINGLE,24,12,3.9015,8.0081,1.3,1793
0703002-0918-15-42-gnss_raw.txt,2436,459495.400,FINESTEERING,SOL_COMPUTED,SINGLE,24,14,3.7452,7.686,1.4,1793
0703002-0918-15-42-gnss_raw.txt,2436,459495.500,FINESTEERING,SOL_COMPUTED,SINGLE,24,11,3.9057,8.0161,1.5,1793
0703002-0918-15-42-gnss_raw.txt,2436,459495.600,FINESTEERING,SOL_COMPUTED,SINGLE,24,13,3.8327,7.8646,1.6,1793
0703002-0918-15-42-gnss_raw.txt,2436,459495.700,FINESTEERING,SOL_COMPUTED,SINGLE,24,12,3.9082,8.0181,1.7,1793
0703002-0918-15-42-gnss_raw.txt,2436,459495.800,FINESTEERING,SOL_COMPUTED,SINGLE,24,12,3.9188,8.0372,1.8,1793
0703002-0918-15-42-gnss_raw.txt,2436,459495.900,FINESTEERING,SOL_COMPUTED,SINGLE,24,15,3.87,7.9343,1.9,1793
0703002-0918-15-42-gnss_raw.txt,2436,459496.000,FINESTEERING,SOL_COMPUTED,SINGLE,24,13,3.8872,7.9668,1.0,1793
0703002-0918-15-42-gnss_raw.txt,2436,459496.100,FINESTEERING,SOL_COMPUTED,SINGLE,24,14,3.8162,7.8197,1.1,1793
0703002-0918-15-42-gnss_raw.txt,2436,459496.200,FINESTEERING,SOL_COMPUTED,SINGLE,24,15,3.7988,7.7806,1.2,1793
0703002-0918-15-42-gnss_raw.txt,2436,459496.300,FINESTEERING,SOL_COMPUTED,SINGLE,24,15,3.8594,7.903,1.3,1793
0703002-0918-15-42-gnss_raw.txt,2436,459496.400,FINESTEERING,SOL_COMPUTED,SINGLE,24,13,3.9342,8.054,1.4,1793
0703002-0918-15-42-gnss_raw.txt,2436,459496.500,FINESTEERING,SOL_COMPUTED,SINGLE,24,13,3.9315,8.0454,1.5,1793
0703002-0918-15-42-gnss_raw.txt,2436,459496.600,FINESTEERING,SOL_COMPUTED,SINGLE,24,13,3.9,7.9792,1.6,1793
0703002-0918-15-42-gnss_raw.txt,2436,459496.700,FINESTEERING,SOL_COMPUTED,SINGLE,24,13,3.9882,8.1566,1.7,1793
0703002-0918-15-42-gnss_raw.txt,2436,459496.800,FINESTEERING,SOL_COMPUTED,SINGLE,24,13,4.0316,8.2426,1.8,1793
0703002-0918-15-42-gnss_raw.txt,2436,459496.900,FINESTEERING,SOL_COMPUTED,SINGLE,24,12,3.8871,7.9507,1.9,1793
0703002-0918-15-42-gnss_raw.txt,2436,459497.000,FINESTEERING,SOL_COMPUTED,SINGLE,24,14,3.9358,8.0531,2.0,1793
0703002-0918-15-42-gnss_raw.txt,2436,459497.100,FINESTEERING,SOL_COMPUTED,SINGLE,24,13,3.7782,7.7318,2.1,1793
0703002-0918-15-42-gnss_raw.txt,2436,459497.200,FINESTEERING,SOL_COMPUTED,SINGLE,23,11,3.8837,7.948,2.2,1793
0703002-0918-15-42-gnss_raw.txt,2436,459497.300,FINESTEERING,SOL_COMPUTED,SINGLE,23,13,3.6732,7.5188,2.3,1793
0703002-0918-15-42-gnss_raw.txt,2436,459497.400,FINESTEERING,SOL_COMPUTED,SINGLE,23,13,3.6479,7.4669,2.4,1793
0703002-0918-15-42-gnss_raw.txt,2436,459497.500,FINESTEERING,SOL_COMPUTED,SINGLE,23,12,3.7021,7.5781,1.5,1793
0703002-0918-15-42-gnss_raw.txt,2436,459497.600,FINESTEERING,SOL_COMPUTED,SINGLE,23,12,3.7313,7.6367,1.6,1793
0703002-0918-15-42-gnss_raw.txt,2436,459497.700,FINESTEERING,SOL_COMPUTED,SINGLE,23,10,4.0706,8.3304,1.7,1793
0703002-0918-15-42-gnss_raw.txt,2436,459497.800,FINESTEERING,SOL_COMPUTED,SINGLE,23,11,4.1558,8.5064,1.8,1793
0703002-0918-15-42-gnss_raw.txt,2436,459497.900,FINESTEERING,SOL_COMPUTED,SINGLE,23,12,3.9525,8.0908,0.9,1793
0703002-0918-15-42-gnss_raw.txt,2436,459498.000,FINESTEERING,SOL_COMPUTED,SINGLE,23,13,3.8994,7.9833,1.0,1793
0703002-0918-15-42-gnss_raw.txt,2436,459498.100,FINESTEERING,SOL_COMPUTED,SINGLE,23,11,4.0509,8.295,1.1,1793
0703002-0918-15-42-gnss_raw.txt,2436,459498.200,FINESTEERING,SOL_COMPUTED,SINGLE,23,11,4.1736,8.5437,1.2,1793
0703002-0918-15-42-gnss_raw.txt,2436,459498.300,FINESTEERING,SOL_COMPUTED,SINGLE,23,12,3.9917,8.1723,1.3,1793
0703002-0918-15-42-gnss_raw.txt,2436,459498.400,FINESTEERING,SOL_COMPUTED,SINGLE,23,12,4.0625,8.32,1.4,1793
0703002-0918-15-42-gnss_raw.txt,2436,459498.500,FINESTEERING,SOL_COMPUTED,SINGLE,23,12,3.9867,8.1669,1.5,1793
0703002-0918-15-42-gnss_raw.txt,2436,459498.600,FINESTEERING,SOL_COMPUTED,SINGLE,23,13,4.1287,8.4624,1.6,1793
0703002-0918-15-42-gnss_raw.txt,2436,459498.700,FINESTEERING,SOL_COMPUTED,SINGLE,23,14,4.0164,8.2371,1.7,1793
0703002-0918-15-42-gnss_raw.txt,2436,459498.800,FINESTEERING,SOL_COMPUTED,SINGLE,23,15,3.9128,8.0248,1.8,1793
0703002-0918-15-42-gnss_raw.txt,2436,459498.900,FINESTEERING,SOL_COMPUTED,SINGLE,23,13,3.8086,7.8101,1.9,1793
0703002-0918-15-42-gnss_raw.txt,2436,459499.000,FINESTEERING,SOL_COMPUTED,SINGLE,23,12,3.8276,7.8484,1.0,1793
0703002-0918-15-42-gnss_raw.txt,2436,459499.100,FINESTEERING,SOL_COMPUTED,SINGLE,23,13,3.8674,7.9322,1.1,1793
0703002-0918-15-42-gnss_raw.txt,2436,459499.200,FINESTEERING,SOL_COMPUTED,SINGLE,23,12,3.9761,8.1563,1.2,1793
0703002-0918-15-42-gnss_raw.txt,2436,459499.300,FINESTEERING,SOL_COMPUTED,SINGLE,23,13,3.919,8.0404,1.3,1793
0703002-0918-15-42-gnss_raw.txt,2436,459499.400,FINESTEERING,SOL_COMPUTED,SINGLE,23,12,3.9465,8.0994,1.4,1793
0703002-0918-15-42-gnss_raw.txt,2436,459499.500,FINESTEERING,SOL_COMPUTED,SINGLE,23,13,4.0484,8.3096,1.5,1793
0703002-0918-15-42-gnss_raw.txt,2436,459499.600,FINESTEERING,SOL_COMPUTED,SINGLE,23,13,3.9402,8.0915,1.6,1793
0703002-0918-15-42-gnss_raw.txt,2436,459499.700,FINESTEERING,SOL_COMPUTED,SINGLE,23,12,4.1851,8.5942,1.7,1793
0703002-0918-15-42-gnss_raw.txt,2436,459499.800,FINESTEERING,SOL_COMPUTED,SINGLE,23,11,4.0848,8.3865,1.8,1793
0703002-0918-15-42-gnss_raw.txt,2436,459499.900,FINESTEERING,SOL_COMPUTED,SINGLE,23,12,4.1077,8.4315,1.9,1793
0703002-0918-15-42-gnss_raw.txt,2436,459500.000,FINESTEERING,SOL_COMPUTED,SINGLE,23,12,4.0997,8.4136,1.0,1793
0703002-0918-15-42-gnss_raw.txt,2436,459500.100,FINESTEERING,SOL_COMPUTED,SINGLE,23,12,4.0327,8.2782,1.1,1793
0703002-0918-15-42-gnss_raw.txt,2436,459500.200,FINESTEERING,SOL_COMPUTED,SINGLE,23,13,4.0001,8.2142,1.2,1793
0703002-0918-15-42-gnss_raw.txt,2436,459500.300,FINESTEERING,SOL_COMPUTED,SINGLE,23,14,4.0472,8.3159,1.3,1793
0703002-0918-15-42-gnss_raw.txt,2436,459500.400,FINESTEERING,SOL_COMPUTED,SINGLE,23,12,4.1745,8.5768,1.4,1793
0703002-0918-15-42-gnss_raw.txt,2436,459500.500,FINESTEERING,SOL_COMPUTED,SINGLE,23,11,4.1227,8.4737,1.5,1793
0703002-0918-15-42-gnss_raw.txt,2436,459500.600,FINESTEERING,SOL_COMPUTED,SINGLE,23,13,4.1136,8.4503,1.6,1793
0703002-0918-15-42-gnss_raw.txt,2436,459500.700,FINESTEERING,SOL_COMPUTED,SINGLE,23,11,4.0002,8.2158,1.7,1793
0703002-0918-15-42-gnss_raw.txt,2436,459500.800,FINESTEERING,SOL_COMPUTED,SINGLE,23,9,4.1873,8.6025,1.8,1793
0703002-0918-15-42-gnss_raw.txt,2436,459500.900,FINESTEERING,SOL_COMPUTED,SINGLE,23,12,3.9671,8.1531,0.9,1793
0703002-0918-15-42-gnss_raw.txt,2436,459501.000,FINESTEERING,SOL_COMPUTED,SINGLE,23,11,3.9762,8.1758,1.0,1793
0703002-0918-15-42-gnss_raw.txt,2436,459501.100,FINESTEERING,SOL_COMPUTED,SINGLE,23,12,4.0632,8.3511,1.1,1793
0703002-0918-15-42-gnss_raw.txt,2436,459501.200,FINESTEERING,SOL_COMPUTED,SINGLE,23,14,4.0105,8.24,1.2,1793
0703002-0918-15-42-gnss_raw.txt,2436,459501.300,FINESTEERING,SOL_COMPUTED,SINGLE,23,14,4.0697,8.3673,1.3,1793
0703002-0918-15-42-gnss_raw.txt,2436,459501.400,FINESTEERING,SOL_COMPUTED,SINGLE,23,12,4.0491,8.3278,1.4,1793
0703002-0918-15-42-gnss_raw.txt,2436,459501.500,FINESTEERING,SOL_COMPUTED,SINGLE,23,13,3.9826,8.194,1.5,1793
0703002-0918-15-42-gnss_raw.txt,2436,459501.600,FINESTEERING,SOL_COMPUTED,SINGLE,23,14,3.9738,8.1729,1.6,1793
0703002-0918-15-42-gnss_raw.txt,2436,459501.700,FINESTEERING,SOL_COMPUTED,SINGLE,23,12,4.1345,8.5065,0.7,1793
0703002-0918-15-42-gnss_raw.txt,2436,459501.800,FINESTEERING,SOL_COMPUTED,SINGLE,23,14,3.6906,7.5926,0.8,1793
0703002-0918-15-42-gnss_raw.txt,2436,459501.900,FINESTEERING,SOL_COMPUTED,SINGLE,23,14,3.6673,7.5385,0.9,1793
0703002-0918-15-42-gnss_raw.txt,2436,459502.000,FINESTEERING,SOL_COMPUTED,SINGLE,23,16,3.7311,7.6666,1.0,1793
0703002-0918-15-42-gnss_raw.txt,2436,459502.100,FINESTEERING,SOL_COMPUTED,SINGLE,23,14,3.6994,7.5951,1.1,1793
0703002-0918-15-42-gnss_raw.txt,2436,459502.200,FINESTEERING,SOL_COMPUTED,SINGLE,23,13,3.6189,7.4151,1.2,1793
0703002-0918-15-42-gnss_raw.txt,2436,459502.300,FINESTEERING,SOL_COMPUTED,SINGLE,23,17,3.7602,7.6488,1.3,1793
0703002-0918-15-42-gnss_raw.txt,2436,459502.400,FINESTEERING,SOL_COMPUTED,SINGLE,23,14,3.8855,7.8371,1.4,1793
0703002-0918-15-42-gnss_raw.txt,2436,459502.500,FINESTEERING,SOL_COMPUTED,SINGLE,23,13,3.9757,7.9928,1.5,1793
0703002-0918-15-42-gnss_raw.txt,2436,459502.600,FINESTEERING,SOL_COMPUTED,SINGLE,23,14,4.0459,8.1198,1.6,1793
0703002-0918-15-42-gnss_raw.txt,2436,459502.700,FINESTEERING,SOL_COMPUTED,SINGLE,23,14,4.0818,8.184,1.7,1793
0703002-0918-15-42-gnss_raw.txt,2436,459502.800,FINESTEERING,SOL_COMPUTED,SINGLE,23,14,3.9545,7.9234,1.8,1793
0703002-0918-15-42-gnss_raw.txt,2436,459502.900,FINESTEERING,SOL_COMPUTED,SINGLE,24,14,4.0595,8.1302,0.9,1793
0703002-0918-15-42-gnss_raw.txt,2436,459503.000,FINESTEERING,SOL_COMPUTED,SINGLE,24,15,3.961,7.9288,1.0,1793
0703002-0918-15-42-gnss_raw.txt,2436,459503.100,FINESTEERING,SOL_COMPUTED,SINGLE,24,12,3.9636,7.9292,1.1,1793
0703002-0918-15-42-gnss_raw.txt,2436,459503.200,FINESTEERING,SOL_COMPUTED,SINGLE,24,15,4.0108,8.0201,1.2,1793
0703002-0918-15-42-gnss_raw.txt,2436,459503.300,FINESTEERING,SOL_COMPUTED,SINGLE,24,15,3.9561,7.9069,1.3,1793
0703002-0918-15-42-gnss_raw.txt,2436,459503.400,FINESTEERING,SOL_COMPUTED,SINGLE,24,14,4.0189,8.0284,1.4,1793
0703002-0918-15-42-gnss_raw.txt,2436,459503.500,FINESTEERING,SOL_COMPUTED,SINGLE,24,15,3.952,7.892,1.5,1793
0703002-0918-15-42-gnss_raw.txt,2436,459503.600,FINESTEERING,SOL_COMPUTED,SINGLE,24,14,3.8701,7.7255,1.6,1793
0703002-0918-15-42-gnss_raw.txt,2436,459503.700,FINESTEERING,SOL_COMPUTED,SINGLE,24,14,3.9825,7.9491,1.7,1793
0703002-0918-15-42-gnss_raw.txt,2436,459503.800,FINESTEERING,SOL_COMPUTED,SINGLE,24,14,3.8403,7.6643,1.8,1793
0703002-0918-15-42-gnss_raw.txt,2436,459503.900,FINESTEERING,SOL_COMPUTED,SINGLE,24,14,3.9225,7.8273,0.9,1793
0703002-0918-15-42-gnss_raw.txt,2436,459504.000,FINESTEERING,SOL_COMPUTED,SINGLE,24,13,4.0377,8.0559,1.0,1793
0703002-0918-15-42-gnss_raw.txt,2436,459504.100,FINESTEERING,SOL_COMPUTED,SINGLE,24,13,4.0704,8.1196,1.1,1793
0703002-0918-15-42-gnss_raw.txt,2436,459504.200,FINESTEERING,SOL_COMPUTED,SINGLE,24,12,4.2221,8.4202,1.2,1793
0703002-0918-15-42-gnss_raw.txt,2436,459504.300,FINESTEERING,SOL_COMPUTED,SINGLE,23,13,4.0524,8.0793,1.3,1793
0703002-0918-15-42-gnss_raw.txt,2436,459504.400,FINESTEERING,SOL_COMPUTED,SINGLE,23,13,3.9187,7.8097,1.4,1793
0703002-0918-15-42-gnss_raw.txt,2436,459504.500,FINESTEERING,SOL_COMPUTED,SINGLE,23,13,4.0061,7.9816,1.5,1793
0703002-0918-15-42-gnss_raw.txt,2436,459504.600,FINESTEERING,SOL_COMPUTED,SINGLE,23,13,4.0058,7.9782,1.6,1793
0703002-0918-15-42-gnss_raw.txt,2436,459504.700,FINESTEERING,SOL_COMPUTED,SINGLE,23,14,4.0639,8.092,1.7,1793
0703002-0918-15-42-gnss_raw.txt,2436,459504.800,FINESTEERING,SOL_COMPUTED,SINGLE,23,13,3.795,7.5543,1.8,1793
0703002-0918-15-42-gnss_raw.txt,2436,459504.900,FINESTEERING,SOL_COMPUTED,SINGLE,23,14,3.7991,7.5609,1.9,1793
0703002-0918-15-42-gnss_raw.txt,2436,459505.000,FINESTEERING,SOL_COMPUTED,SINGLE,23,14,4.0447,8.0487,1.0,1793
0703002-0918-15-42-gnss_raw.txt,2436,459505.100,FINESTEERING,SOL_COMPUTED,SINGLE,23,13,4.0495,8.0561,1.1,1793
0703002-0918-15-42-gnss_raw.txt,2436,459505.200,FINESTEERING,SOL_COMPUTED,SINGLE,23,13,3.9853,7.9263,1.2,1793
0703002-0918-15-42-gnss_raw.txt,2436,459505.300,FINESTEERING,SOL_COMPUTED,SINGLE,23,13,3.9906,7.9347,1.3,1793
0703002-0918-15-42-gnss_raw.txt,2436,459505.400,FINESTEERING,SOL_COMPUTED,SINGLE,23,13,3.9755,7.9031,1.4,1793
0703002-0918-15-42-gnss_raw.txt,2436,459505.500,FINESTEERING,SOL_COMPUTED,SINGLE,23,14,3.9371,7.8238,1.5,1793
0703002-0918-15-42-gnss_raw.txt,2436,459505.600,FINESTEERING,SOL_COMPUTED,SINGLE,23,14,3.8648,7.6759,1.6,1793
0703002-0918-15-42-gnss_raw.txt,2436,459505.700,FINESTEERING,SOL_COMPUTED,SINGLE,23,13,3.9769,7.8961,1.7,1793
0703002-0918-15-42-gnss_raw.txt,2436,459505.800,FINESTEERING,SOL_COMPUTED,SINGLE,23,14,4.1086,8.1562,0.8,1793
0703002-0918-15-42-gnss_raw.txt,2436,459505.900,FINESTEERING,SOL_COMPUTED,SINGLE,23,13,3.983,7.9058,0.9,1793
0703002-0918-15-42-gnss_raw.txt,2436,459506.000,FINESTEERING,SOL_COMPUTED,SINGLE,23,14,3.8564,7.6517,1.0,1793
0703002-0918-15-42-gnss_raw.txt,2436,459506.100,FINESTEERING,SOL_COMPUTED,SINGLE,23,13,4.0289,7.9933,1.1,1793
0703002-0918-15-42-gnss_raw.txt,2436,459506.200,FINESTEERING,SOL_COMPUTED,SINGLE,23,14,3.9805,7.8961,1.2,1793
0703002-0918-15-42-gnss_raw.txt,2436,459506.300,FINESTEERING,SOL_COMPUTED,SINGLE,23,14,3.9041,7.7415,1.3,1793
0703002-0918-15-42-gnss_raw.txt,2436,459506.400,FINESTEERING,SOL_COMPUTED,SINGLE,23,13,3.8976,7.7248,1.4,1793
0703002-0918-15-42-gnss_raw.txt,2436,459506.500,FINESTEERING,SOL_COMPUTED,SINGLE,23,14,3.9422,7.8109,1.5,1793
0703002-0918-15-42-gnss_raw.txt,2436,459506.600,FINESTEERING,SOL_COMPUTED,SINGLE,23,14,4.0279,7.9792,1.6,1793
0703002-0918-15-42-gnss_raw.txt,2436,459506.700,FINESTEERING,SOL_COMPUTED,SINGLE,24,14,4.0186,7.9582,1.7,1793
0703002-0918-15-42-gnss_raw.txt,2436,459506.800,FINESTEERING,SOL_COMPUTED,SINGLE,24,11,3.9474,7.8174,0.8,1793
0703002-0918-15-42-gnss_raw.txt,2436,459506.900,FINESTEERING,SOL_COMPUTED,SINGLE,24,15,3.9495,7.8204,0.9,1793
0703002-0918-15-42-gnss_raw.txt,2436,459507.000,FINESTEERING,SOL_COMPUTED,SINGLE,24,13,3.7452,7.4137,1.0,1793
0703002-0918-15-42-gnss_raw.txt,2436,459507.100,FINESTEERING,SOL_COMPUTED,SINGLE,24,13,3.8524,7.624,1.1,1793
0703002-0918-15-42-gnss_raw.txt,2436,459507.200,FINESTEERING,SOL_COMPUTED,SINGLE,24,14,3.9301,7.7768,1.2,1793
0703002-0918-15-42-gnss_raw.txt,2436,459507.300,FINESTEERING,SOL_COMPUTED,SINGLE,24,13,3.99,7.8948,1.3,1793
0703002-0918-15-42-gnss_raw.txt,2436,459507.400,FINESTEERING,SOL_COMPUTED,SINGLE,24,15,3.9145,7.7455,1.4,1793
0703002-0918-15-42-gnss_raw.txt,2436,459507.500,FINESTEERING,SOL_COMPUTED,SINGLE,24,12,3.9493,7.8141,1.5,1793
0703002-0918-15-42-gnss_raw.txt,2436,459507.600,FINESTEERING,SOL_COMPUTED,SINGLE,24,13,4.0779,8.069,1.6,1793
0703002-0918-15-42-gnss_raw.txt,2436,459507.700,FINESTEERING,SOL_COMPUTED,SINGLE,24,14,4.0079,7.9331,1.7,1793
0703002-0918-15-42-gnss_raw.txt,2436,459507.800,FINESTEERING,SOL_COMPUTED,SINGLE,24,13,3.9752,7.8694,1.8,1793
0703002-0918-15-42-gnss_raw.txt,2436,459507.900,FINESTEERING,SOL_COMPUTED,SINGLE,24,12,4.0213,7.9619,1.9,1793
0703002-0918-15-42-gnss_raw.txt,2436,459508.000,FINESTEERING,SOL_COMPUTED,SINGLE,24,14,4.002,7.9259,1.0,1793
0703002-0918-15-42-gnss_raw.txt,2436,459508.100,FINESTEERING,SOL_COMPUTED,SINGLE,23,15,3.9455,7.8145,1.1,1793
0703002-0918-15-42-gnss_raw.txt,2436,459508.200,FINESTEERING,SOL_COMPUTED,SINGLE,23,12,3.9372,7.7981,1.2,1793
0703002-0918-15-42-gnss_raw.txt,2436,459508.300,FINESTEERING,SOL_COMPUTED,SINGLE,23,14,3.9758,7.8784,1.3,1793
0703002-0918-15-42-gnss_raw.txt,2436,459508.400,FINESTEERING,SOL_COMPUTED,SINGLE,23,15,3.895,7.7298,1.4,1793
0703002-0918-15-42-gnss_raw.txt,2436,459508.500,FINESTEERING,SOL_COMPUTED,SINGLE,23,14,3.8884,7.7185,1.5,1793
0703002-0918-15-42-gnss_raw.txt,2436,459508.600,FINESTEERING,SOL_COMPUTED,SINGLE,23,14,3.8622,7.6687,1.6,1793
0703002-0918-15-42-gnss_raw.txt,2436,459508.700,FINESTEERING,SOL_COMPUTED,SINGLE,24,15,3.7772,7.5011,1.7,1793
0703002-0918-15-42-gnss_raw.txt,2436,459508.800,FINESTEERING,SOL_COMPUTED,SINGLE,24,15,3.9455,7.8416,1.8,1793
0703002-0918-15-42-gnss_raw.txt,2436,459508.900,FINESTEERING,SOL_COMPUTED,SINGLE,24,14,3.9202,7.7977,0.9,1793
0703002-0918-15-42-gnss_raw.txt,2436,459509.000,FINESTEERING,SOL_COMPUTED,SINGLE,24,14,3.9163,7.7983,1.0,1793
0703002-0918-15-42-gnss_raw.txt,2436,459509.100,FINESTEERING,SOL_COMPUTED,SINGLE,24,14,3.9354,7.8435,1.1,1793
0703002-0918-15-42-gnss_raw.txt,2436,459509.200,FINESTEERING,SOL_COMPUTED,SINGLE,23,14,3.923,7.8271,1.2,1793
0703002-0918-15-42-gnss_raw.txt,2436,459509.300,FINESTEERING,SOL_COMPUTED,SINGLE,23,13,3.8504,7.6882,1.3,1793
0703002-0918-15-42-gnss_raw.txt,2436,459509.400,FINESTEERING,SOL_COMPUTED,SINGLE,23,14,3.8143,7.6216,1.4,1793
0703002-0918-15-42-gnss_raw.txt,2436,459509.500,FINESTEERING,SOL_COMPUTED,SINGLE,23,14,3.6675,7.3301,1.5,1793
0703002-0918-15-42-gnss_raw.txt,2436,459509.600,FINESTEERING,SOL_COMPUTED,SINGLE,23,14,3.8392,7.6876,1.6,1793
0703002-0918-15-42-gnss_raw.txt,2436,459509.700,FINESTEERING,SOL_COMPUTED,SINGLE,23,14,3.8269,7.6686,0.7,1793
0703002-0918-15-42-gnss_raw.txt,2436,459509.800,FINESTEERING,SOL_COMPUTED,SINGLE,23,15,3.7551,7.5313,0.8,1793
0703002-0918-15-42-gnss_raw.txt,2436,459509.900,FINESTEERING,SOL_COMPUTED,SINGLE,23,15,3.7602,7.548,0.9,1793
0703002-0918-15-42-gnss_raw.txt,2436,459510.000,FINESTEERING,SOL_COMPUTED,SINGLE,23,15,3.9293,7.8943,1.0,1793
0703002-0918-15-42-gnss_raw.txt,2436,459510.100,FINESTEERING,SOL_COMPUTED,SINGLE,24,15,3.7092,7.4589,1.1,1793
0703002-0918-15-42-gnss_raw.txt,2436,459510.200,FINESTEERING,SOL_COMPUTED,SINGLE,24,14,3.7487,7.5454,1.2,1793
0703002-0918-15-42-gnss_raw.txt,2436,459510.300,FINESTEERING,SOL_COMPUTED,SINGLE,24,13,3.7429,7.5394,1.3,1793
0703002-0918-15-42-gnss_raw.txt,2436,459510.400,FINESTEERING,SOL_COMPUTED,SINGLE,24,12,3.7503,7.5644,1.4,1793
0703002-0918-15-42-gnss_raw.txt,2436,459510.500,FINESTEERING,SOL_COMPUTED,SINGLE,24,14,3.7213,7.512,1.5,1793
0703002-0918-15-42-gnss_raw.txt,2436,459510.600,FINESTEERING,SOL_COMPUTED,SINGLE,24,11,3.648,7.3724,1.6,1793
0703002-0918-15-42-gnss_raw.txt,2436,459510.700,FINESTEERING,SOL_COMPUTED,SINGLE,24,13,3.701,7.4851,1.7,1793
0703002-0918-15-42-gnss_raw.txt,2436,459510.800,FINESTEERING,SOL_COMPUTED,SINGLE,24,14,3.7079,7.5045,0.8,1793
0703002-0918-15-42-gnss_raw.txt,2436,459510.900,FINESTEERING,SOL_COMPUTED,SINGLE,24,12,3.7064,7.5114,0.9,1793
0703002-0918-15-42-gnss_raw.txt,2436,459511.000,FINESTEERING,SOL_COMPUTED,SINGLE,24,14,3.9192,7.9498,1.0,1793
0703002-0918-15-42-gnss_raw.txt,2436,459511.100,FINESTEERING,SOL_COMPUTED,SINGLE,24,14,3.9098,7.9372,1.1,1793
0703002-0918-15-42-gnss_raw.txt,2436,459511.200,FINESTEERING,SOL_COMPUTED,SINGLE,24,15,3.7382,7.591,1.2,1793
0703002-0918-15-42-gnss_raw.txt,2436,459511.300,FINESTEERING,SOL_COMPUTED,SINGLE,24,14,3.7456,7.608,1.3,1793
0703002-0918-15-42-gnss_raw.txt,2436,459511.400,FINESTEERING,SOL_COMPUTED,SINGLE,24,14,3.7727,7.6652,1.4,1793
0703002-0918-15-42-gnss_raw.txt,2436,459511.500,FINESTEERING,SOL_COMPUTED,SINGLE,24,14,3.7056,7.5341,1.5,1793
0703002-0918-15-42-gnss_raw.txt,2436,459511.600,FINESTEERING,SOL_COMPUTED,SINGLE,24,13,3.7947,7.7217,1.6,1793
0703002-0918-15-42-gnss_raw.txt,2436,459511.700,FINESTEERING,SOL_COMPUTED,SINGLE,24,14,3.7472,7.6307,1.7,1793
0703002-0918-15-42-gnss_raw.txt,2436,459511.800,FINESTEERING,SOL_COMPUTED,SINGLE,23,14,3.6759,7.4928,1.8,1793
0703002-0918-15-42-gnss_raw.txt,2436,459511.900,FINESTEERING,SOL_COMPUTED,SINGLE,23,15,3.6437,7.4345,0.9,1793
0703002-0918-15-42-gnss_raw.txt,2436,459512.000,FINESTEERING,SOL_COMPUTED,SINGLE,23,14,3.6694,7.4936,1.0,1793
0703002-0918-15-42-gnss_raw.txt,2436,459512.100,FINESTEERING,SOL_COMPUTED,SINGLE,23,13,3.6961,7.5554,1.1,1793
0703002-0918-15-42-gnss_raw.txt,2436,459512.200,FINESTEERING,SOL_COMPUTED,SINGLE,23,15,3.7278,7.627,1.2,1793
0703002-0918-15-42-gnss_raw.txt,2436,459512.300,FINESTEERING,SOL_COMPUTED,SINGLE,23,15,3.7678,7.7156,1.3,1793
0703002-0918-15-42-gnss_raw.txt,2436,459512.400,FINESTEERING,SOL_COMPUTED,SINGLE,23,14,3.8228,7.8364,1.4,1793
0703002-0918-15-42-gnss_raw.txt,2436,459512.500,FINESTEERING,SOL_COMPUTED,SINGLE,23,12,3.7581,7.7111,1.5,1793
0703002-0918-15-42-gnss_raw.txt,2436,459512.600,FINESTEERING,SOL_COMPUTED,SINGLE,23,13,3.7408,7.6821,1.6,1793
0703002-0918-15-42-gnss_raw.txt,2436,459512.700,FINESTEERING,SOL_COMPUTED,SINGLE,23,12,3.7979,7.8051,1.7,1793
0703002-0918-15-42-gnss_raw.txt,2436,459512.800,FINESTEERING,SOL_COMPUTED,SINGLE,23,13,3.7185,7.6473,1.8,1793
0703002-0918-15-42-gnss_raw.txt,2436,459512.900,FINESTEERING,SOL_COMPUTED,SINGLE,23,13,3.7486,7.715,1.9,1793
0703002-0918-15-42-gnss_raw.txt,2436,459513.000,FINESTEERING,SOL_COMPUTED,SINGLE,23,13,3.7585,7.7423,1.0,1793
0703002-0918-15-42-gnss_raw.txt,2436,459513.100,FINESTEERING,SOL_COMPUTED,SINGLE,24,14,3.7764,7.7887,1.1,1793
0703002-0918-15-42-gnss_raw.txt,2436,459513.200,FINESTEERING,SOL_COMPUTED,SINGLE,23,14,3.735,7.7116,1.2,1793
0703002-0918-15-42-gnss_raw.txt,2436,459513.300,FINESTEERING,SOL_COMPUTED,SINGLE,23,14,3.7403,7.7473,1.3,1793
0703002-0918-15-42-gnss_raw.txt,2436,459513.400,FINESTEERING,SOL_COMPUTED,SINGLE,23,13,3.8335,7.9654,1.4,1793
0703002-0918-15-42-gnss_raw.txt,2436,459513.500,FINESTEERING,SOL_COMPUTED,SINGLE,23,14,3.7576,7.8304,1.5,1793
0703002-0918-15-42-gnss_raw.txt,2436,459513.600,FINESTEERING,SOL_COMPUTED,SINGLE,23,14,3.7268,7.7825,1.6,1793
0703002-0918-15-42-gnss_raw.txt,2436,459513.700,FINESTEERING,SOL_COMPUTED,SINGLE,23,12,3.5387,7.4416,1.7,1793
0703002-0918-15-42-gnss_raw.txt,2436,459513.800,FINESTEERING,SOL_COMPUTED,SINGLE,23,12,3.5607,7.5389,1.8,1793
0703002-0918-15-42-gnss_raw.txt,2436,459513.900,FINESTEERING,SOL_COMPUTED,SINGLE,23,11,3.514,7.4569,0.9,1793
0703002-0918-15-42-gnss_raw.txt,2436,459514.000,FINESTEERING,SOL_COMPUTED,SINGLE,23,11,3.5092,7.4612,1.0,1793
0703002-0918-15-42-gnss_raw.txt,2436,459514.100,FINESTEERING,SOL_COMPUTED,SINGLE,23,13,3.6261,7.7218,1.1,1793
0703002-0918-15-42-gnss_raw.txt,2436,459514.200,FINESTEERING,SOL_COMPUTED,SINGLE,23,13,3.5886,7.6533,1.2,1793
0703002-0918-15-42-gnss_raw.txt,2436,459514.300,FINESTEERING,SOL_COMPUTED,SINGLE,23,13,3.5962,7.6784,1.3,1793
0703002-0918-15-42-gnss_raw.txt,2436,459514.400,FINESTEERING,SOL_COMPUTED,SINGLE,23,13,3.6284,7.7567,1.4,1793
0703002-0918-15-42-gnss_raw.txt,2436,459514.500,FINESTEERING,SOL_COMPUTED,SINGLE,23,13,3.6212,7.7492,1.5,1793
0703002-0918-15-42-gnss_raw.txt,2436,459514.600,FINESTEERING,SOL_COMPUTED,SINGLE,23,12,3.6629,7.8456,1.6,1793
0703002-0918-15-42-gnss_raw.txt,2436,459514.700,FINESTEERING,SOL_COMPUTED,SINGLE,23,11,3.4702,7.4442,1.7,1793
0703002-0918-15-42-gnss_raw.txt,2436,459514.800,FINESTEERING,SOL_COMPUTED,SINGLE,23,15,3.4785,7.5031,1.8,1793
0703002-0918-15-42-gnss_raw.txt,2436,459514.900,FINESTEERING,SOL_COMPUTED,SINGLE,23,12,3.569,7.7077,0.9,1793
0703002-0918-15-42-gnss_raw.txt,2436,459515.000,FINESTEERING,SOL_COMPUTED,SINGLE,23,13,3.4615,7.4826,1.0,1793
0703002-0918-15-42-gnss_raw.txt,2436,459515.100,FINESTEERING,SOL_COMPUTED,SINGLE,23,14,3.4686,7.5056,1.1,1793
0703002-0918-15-42-gnss_raw.txt,2436,459515.200,FINESTEERING,SOL_COMPUTED,SINGLE,23,14,3.4846,7.5479,1.2,1793
0703002-0918-15-42-gnss_raw.txt,2436,459515.300,FINESTEERING,SOL_COMPUTED,SINGLE,23,14,3.4979,7.5833,1.3,1793
0703002-0918-15-42-gnss_raw.txt,2436,459515.400,FINESTEERING,SOL_COMPUTED,SINGLE,23,13,3.5938,7.8094,1.4,1793
0703002-0918-15-42-gnss_raw.txt,2436,459515.500,FINESTEERING,SOL_COMPUTED,SINGLE,23,12,3.4944,7.6044,1.5,1793
0703002-0918-15-42-gnss_raw.txt,2436,459515.600,FINESTEERING,SOL_COMPUTED,SINGLE,23,12,3.4464,7.5109,1.6,1793
0703002-0918-15-42-gnss_raw.txt,2436,459515.700,FINESTEERING,SOL_COMPUTED,SINGLE,23,13,3.4581,7.5706,1.7,1793
0703002-0918-15-42-gnss_raw.txt,2436,459515.800,FINESTEERING,SOL_COMPUTED,SINGLE,23,9,3.6286,7.9507,1.8,1793
0703002-0918-15-42-gnss_raw.txt,2436,459515.900,FINESTEERING,SOL_COMPUTED,SINGLE,23,14,3.6199,7.9653,0.9,1793
0703002-0918-15-42-gnss_raw.txt,2436,459516.000,FINESTEERING,SOL_COMPUTED,SINGLE,23,13,3.4753,7.6506,1.0,1793
0703002-0918-15-42-gnss_raw.txt,2436,459516.100,FINESTEERING,SOL_COMPUTED,SINGLE,23,14,3.2988,7.2648,1.1,1793
0703002-0918-15-42-gnss_raw.txt,2436,459516.200,FINESTEERING,SOL_COMPUTED,SINGLE,23,12,3.3588,7.4229,1.2,1793
0703002-0918-15-42-gnss_raw.txt,2436,459516.300,FINESTEERING,SOL_COMPUTED,SINGLE,23,15,3.4367,7.6197,1.3,1793
0703002-0918-15-42-gnss_raw.txt,2436,459516.400,FINESTEERING,SOL_COMPUTED,SINGLE,23,15,3.4531,7.6809,1.4,1793
0703002-0918-15-42-gnss_raw.txt,2436,459516.500,FINESTEERING,SOL_COMPUTED,SINGLE,23,13,3.5073,7.8273,1.5,1793
0703002-0918-15-42-gnss_raw.txt,2436,459516.600,FINESTEERING,SOL_COMPUTED,SINGLE,23,13,3.5007,7.8199,1.6,1793
0703002-0918-15-42-gnss_raw.txt,2436,459516.700,FINESTEERING,SOL_COMPUTED,SINGLE,23,13,3.3972,7.5958,0.7,1793
0703002-0918-15-42-gnss_raw.txt,2436,459516.800,FINESTEERING,SOL_COMPUTED,SINGLE,23,13,3.4286,7.6817,0.8,1793
0703002-0918-15-42-gnss_raw.txt,2436,459516.900,FINESTEERING,SOL_COMPUTED,SINGLE,23,14,3.4305,7.7194,0.9,1793
0703002-0918-15-42-gnss_raw.txt,2436,459517.000,FINESTEERING,SOL_COMPUTED,SINGLE,23,12,3.5186,7.9487,1.0,1793
0703002-0918-15-42-gnss_raw.txt,2436,459517.100,FINESTEERING,SOL_COMPUTED,SINGLE,23,13,3.431,7.7669,1.1,1793
0703002-0918-15-42-gnss_raw.txt,2436,459517.200,FINESTEERING,SOL_COMPUTED,SINGLE,23,12,3.3961,7.7028,1.2,1793
0703002-0918-15-42-gnss_raw.txt,2436,459517.300,FINESTEERING,SOL_COMPUTED,SINGLE,24,11,3.386,7.6857,1.3,1793
0703002-0918-15-42-gnss_raw.txt,2436,459517.400,FINESTEERING,SOL_COMPUTED,SINGLE,24,11,3.3097,7.5148,1.4,1793
0703002-0918-15-42-gnss_raw.txt,2436,459517.500,FINESTEERING,SOL_COMPUTED,SINGLE,24,11,3.3027,7.5191,1.5,1793
0703002-0918-15-42-gnss_raw.txt,2436,459517.600,FINESTEERING,SOL_COMPUTED,SINGLE,24,12,3.3514,7.6508,1.6,1793
0703002-0918-15-42-gnss_raw.txt,2436,459517.700,FINESTEERING,SOL_COMPUTED,SINGLE,24,12,3.3069,7.5673,0.7,1793
0703002-0918-15-42-gnss_raw.txt,2436,459517.800,FINESTEERING,SOL_COMPUTED,SINGLE,24,10,3.2924,7.5377,0.8,1793
0703002-0918-15-42-gnss_raw.txt,2436,459517.900,FINESTEERING,SOL_COMPUTED,SINGLE,24,10,3.2743,7.4986,0.9,1793
0703002-0918-15-42-gnss_raw.txt,2436,459518.000,FINESTEERING,SOL_COMPUTED,SINGLE,23,10,3.3968,7.7902,1.0,1793
0703002-0918-15-42-gnss_raw.txt,2436,459518.100,FINESTEERING,SOL_COMPUTED,SINGLE,23,10,3.3145,7.6034,1.1,1793
0703002-0918-15-42-gnss_raw.txt,2436,459518.200,FINESTEERING,SOL_COMPUTED,SINGLE,23,11,3.3837,7.7761,1.2,1793
0703002-0918-15-42-gnss_raw.txt,2436,459518.300,FINESTEERING,SOL_COMPUTED,SINGLE,23,11,3.2823,7.5449,1.3,1793
0703002-0918-15-42-gnss_raw.txt,2436,459518.400,FINESTEERING,SOL_COMPUTED,SINGLE,23,11,3.4554,7.9587,1.4,1793
0703002-0918-15-42-gnss_raw.txt,2436,459518.500,FINESTEERING,SOL_COMPUTED,SINGLE,23,11,3.392,7.8144,1.5,1793
0703002-0918-15-42-gnss_raw.txt,2436,459518.600,FINESTEERING,SOL_COMPUTED,SINGLE,23,12,3.3239,7.6588,1.6,1793
0703002-0918-15-42-gnss_raw.txt,2436,459518.700,FINESTEERING,SOL_COMPUTED,SINGLE,23,12,3.2823,7.5627,0.7,1793
0703002-0918-15-42-gnss_raw.txt,2436,459518.800,FINESTEERING,SOL_COMPUTED,SINGLE,23,12,3.2921,7.5869,0.8,1793
0703002-0918-15-42-gnss_raw.txt,2436,459518.900,FINESTEERING,SOL_COMPUTED,SINGLE,23,11,3.3582,7.7397,0.9,1793
0703002-0918-15-42-gnss_raw.txt,2436,459519.000,FINESTEERING,SOL_COMPUTED,SINGLE,23,12,3.3345,7.6968,1.0,1793
0703002-0918-15-42-gnss_raw.txt,2436,459519.100,FINESTEERING,SOL_COMPUTED,SINGLE,23,13,3.4606,7.9994,1.1,1793
0703002-0918-15-42-gnss_raw.txt,2436,459519.200,FINESTEERING,SOL_COMPUTED,SINGLE,23,13,3.3461,7.7331,1.2,1793
0703002-0918-15-42-gnss_raw.txt,2436,459519.300,FINESTEERING,SOL_COMPUTED,SINGLE,23,14,3.2855,7.6026,1.3,1793
0703002-0918-15-42-gnss_raw.txt,2436,459519.400,FINESTEERING,SOL_COMPUTED,SINGLE,23,14,3.3022,7.6412,1.4,1793
0703002-0918-15-42-gnss_raw.txt,2436,459519.500,FINESTEERING,SOL_COMPUTED,SINGLE,23,13,3.3076,7.6548,1.5,1793
0703002-0918-15-42-gnss_raw.txt,2436,459519.600,FINESTEERING,SOL_COMPUTED,SINGLE,23,14,3.2857,7.6054,1.6,1793
0703002-0918-15-42-gnss_raw.txt,2436,459519.700,FINESTEERING,SOL_COMPUTED,SINGLE,23,13,3.2894,7.6167,0.7,1793
0703002-0918-15-42-gnss_raw.txt,2436,459519.800,FINESTEERING,SOL_COMPUTED,SINGLE,23,13,3.2808,7.5993,0.8,1793
0703002-0918-15-42-gnss_raw.txt,2436,459519.900,FINESTEERING,SOL_COMPUTED,SINGLE,23,13,3.2705,7.5768,0.9,1793
0703002-0918-15-42-gnss_raw.txt,2436,459520.000,FINESTEERING,SOL_COMPUTED,SINGLE,23,13,3.4171,7.932,1.0,1793
0703002-0918-15-42-gnss_raw.txt,2436,459520.100,FINESTEERING,SOL_COMPUTED,SINGLE,23,13,3.2989,7.658,1.1,1793
0703002-0918-15-42-gnss_raw.txt,2436,459520.200,FINESTEERING,SOL_COMPUTED,SINGLE,23,12,3.328,7.7255,1.2,1793
0703002-0918-15-42-gnss_raw.txt,2436,459520.300,FINESTEERING,SOL_COMPUTED,SINGLE,23,14,3.3191,7.7043,1.3,1793
0703002-0918-15-42-gnss_raw.txt,2436,459520.400,FINESTEERING,SOL_COMPUTED,SINGLE,23,13,3.3887,7.8647,1.4,1793
0703002-0918-15-42-gnss_raw.txt,2436,459520.500,FINESTEERING,SOL_COMPUTED,SINGLE,23,14,3.3628,7.8022,1.5,1793
0703002-0918-15-42-gnss_raw.txt,2436,459520.600,FINESTEERING,SOL_COMPUTED,SINGLE,23,14,3.3619,7.7976,1.6,1793
0703002-0918-15-42-gnss_raw.txt,2436,459520.700,FINESTEERING,SOL_COMPUTED,SINGLE,23,12,3.3529,7.7747,1.7,1793
0703002-0918-15-42-gnss_raw.txt,2436,459520.800,FINESTEERING,SOL_COMPUTED,SINGLE,23,13,3.3187,7.6937,0.8,1793
0703002-0918-15-42-gnss_raw.txt,2436,459520.900,FINESTEERING,SOL_COMPUTED,SINGLE,23,12,3.3876,7.8638,0.9,1793
0703002-0918-15-42-gnss_raw.txt,2436,459521.000,FINESTEERING,SOL_COMPUTED,SINGLE,23,13,3.2981,7.6542,1.0,1793
0703002-0918-15-42-gnss_raw.txt,2436,459521.100,FINESTEERING,SOL_COMPUTED,SINGLE,23,12,3.3906,7.8991,1.1,1793
0703002-0918-15-42-gnss_raw.txt,2436,459521.200,FINESTEERING,SOL_COMPUTED,SINGLE,23,12,3.299,7.6995,1.2,1793
0703002-0918-15-42-gnss_raw.txt,2436,459521.300,FINESTEERING,SOL_COMPUTED,SINGLE,23,15,3.1924,7.4664,1.3,1793
0703002-0918-15-42-gnss_raw.txt,2436,459521.400,FINESTEERING,SOL_COMPUTED,SINGLE,24,15,3.1838,7.461,1.4,1793
0703002-0918-15-42-gnss_raw.txt,2436,459521.500,FINESTEERING,SOL_COMPUTED,SINGLE,24,14,3.133,7.3443,1.5,1793
0703002-0918-15-42-gnss_raw.txt,2436,459521.600,FINESTEERING,SOL_COMPUTED,SINGLE,24,13,3.2014,7.5036,1.6,1793
0703002-0918-15-42-gnss_raw.txt,2436,459521.700,FINESTEERING,SOL_COMPUTED,SINGLE,24,13,3.2805,7.6878,1.7,1793
0703002-0918-15-42-gnss_raw.txt,2436,459521.800,FINESTEERING,SOL_COMPUTED,SINGLE,24,13,3.2265,7.5581,1.8,1793
0703002-0918-15-42-gnss_raw.txt,2436,459521.900,FINESTEERING,SOL_COMPUTED,SINGLE,23,13,3.2386,7.584,0.9,1793
0703002-0918-15-42-gnss_raw.txt,2436,459522.000,FINESTEERING,SOL_COMPUTED,SINGLE,23,13,3.2068,7.5074,1.0,1793
0703002-0918-15-42-gnss_raw.txt,2436,459522.100,FINESTEERING,SOL_COMPUTED,SINGLE,23,14,3.2164,7.5262,1.1,1793
0703002-0918-15-42-gnss_raw.txt,2436,459522.200,FINESTEERING,SOL_COMPUTED,SINGLE,23,13,3.1836,7.4469,1.2,1793
0703002-0918-15-42-gnss_raw.txt,2436,459522.300,FINESTEERING,SOL_COMPUTED,SINGLE,23,12,3.2211,7.5329,1.3,1793
0703002-0918-15-42-gnss_raw.txt,2436,459522.400,FINESTEERING,SOL_COMPUTED,SINGLE,23,12,3.1668,7.4041,1.4,1793
0703002-0918-15-42-gnss_raw.txt,2436,459522.500,FINESTEERING,SOL_COMPUTED,SINGLE,23,13,3.1601,7.3867,1.5,1793
0703002-0918-15-42-gnss_raw.txt,2436,459522.600,FINESTEERING,SOL_COMPUTED,SINGLE,23,15,3.1426,7.3666,1.6,1793
0703002-0918-15-42-gnss_raw.txt,2436,459522.700,FINESTEERING,SOL_COMPUTED,SINGLE,23,13,3.1166,7.32,1.7,1793
0703002-0918-15-42-gnss_raw.txt,2436,459522.800,FINESTEERING,SOL_COMPUTED,SINGLE,23,13,3.1117,7.32,1.8,1793
0703002-0918-15-42-gnss_raw.txt,2436,459522.900,FINESTEERING,SOL_COMPUTED,SINGLE,23,13,3.1297,7.3611,0.9,1793
0703002-0918-15-42-gnss_raw.txt,2436,459523.000,FINESTEERING,SOL_COMPUTED,SINGLE,23,12,3.1668,7.4454,1.0,1793
0703002-0918-15-42-gnss_raw.txt,2436,459523.100,FINESTEERING,SOL_COMPUTED,SINGLE,23,14,3.3046,7.7785,1.1,1793
0703002-0918-15-42-gnss_raw.txt,2436,459523.200,FINESTEERING,SOL_COMPUTED,SINGLE,23,12,3.3644,7.9288,1.2,1793
0703002-0918-15-42-gnss_raw.txt,2436,459523.300,FINESTEERING,SOL_COMPUTED,SINGLE,23,13,3.3518,7.9101,1.3,1793
0703002-0918-15-42-gnss_raw.txt,2436,459523.400,FINESTEERING,SOL_COMPUTED,SINGLE,23,13,3.2006,7.5502,1.4,1793
0703002-0918-15-42-gnss_raw.txt,2436,459523.500,FINESTEERING,SOL_COMPUTED,SINGLE,24,13,3.2907,7.774,1.5,1793
0703002-0918-15-42-gnss_raw.txt,2436,459523.600,FINESTEERING,SOL_COMPUTED,SINGLE,24,15,3.2599,7.7022,1.6,1793
0703002-0918-15-42-gnss_raw.txt,2436,459523.700,FINESTEERING,SOL_COMPUTED,SINGLE,24,13,3.2159,7.5966,1.7,1793
0703002-0918-15-42-gnss_raw.txt,2436,459523.800,FINESTEERING,SOL_COMPUTED,SINGLE,24,13,3.1971,7.5452,1.8,1793
0703002-0918-15-42-gnss_raw.txt,2436,459523.900,FINESTEERING,SOL_COMPUTED,SINGLE,24,13,3.3062,7.7934,0.9,1793
0703002-0918-15-42-gnss_raw.txt,2436,459524.000,FINESTEERING,SOL_COMPUTED,SINGLE,24,12,3.2363,7.6216,1.0,1793
0703002-0918-15-42-gnss_raw.txt,2436,459524.100,FINESTEERING,SOL_COMPUTED,SINGLE,24,14,3.186,7.498,1.1,1793
0703002-0918-15-42-gnss_raw.txt,2436,459524.200,FINESTEERING,SOL_COMPUTED,SINGLE,24,13,3.1738,7.4635,1.2,1793
0703002-0918-15-42-gnss_raw.txt,2436,459524.300,FINESTEERING,SOL_COMPUTED,SINGLE,24,13,3.1738,7.4581,1.3,1793
0703002-0918-15-42-gnss_raw.txt,2436,459524.400,FINESTEERING,SOL_COMPUTED,SINGLE,23,12,3.239,7.6055,1.4,1793
0703002-0918-15-42-gnss_raw.txt,2436,459524.500,FINESTEERING,SOL_COMPUTED,SINGLE,23,12,3.2369,7.5972,1.5,1793
0703002-0918-15-42-gnss_raw.txt,2436,459524.600,FINESTEERING,SOL_COMPUTED,SINGLE,23,15,3.2995,7.7426,1.6,1793
0703002-0918-15-42-gnss_raw.txt,2436,459524.700,FINESTEERING,SOL_COMPUTED,SINGLE,23,13,3.2253,7.5664,1.7,1793
0703002-0918-15-42-gnss_raw.txt,2436,459524.800,FINESTEERING,SOL_COMPUTED,SINGLE,23,14,3.2572,7.6369,1.8,1793
0703002-0918-15-42-gnss_raw.txt,2436,459524.900,FINESTEERING,SOL_COMPUTED,SINGLE,23,14,3.2226,7.5561,1.9,1793
0703002-0918-15-42-gnss_raw.txt,2436,459525.000,FINESTEERING,SOL_COMPUTED,SINGLE,23,14,3.264,7.6535,1.0,1793
0703002-0918-15-42-gnss_raw.txt,2436,459525.100,FINESTEERING,SOL_COMPUTED,SINGLE,23,14,3.3183,7.7835,1.1,1793
0703002-0918-15-42-gnss_raw.txt,2436,459525.200,FINESTEERING,SOL_COMPUTED,SINGLE,23,12,3.3685,7.8998,1.2,1793
0703002-0918-15-42-gnss_raw.txt,2436,459525.300,FINESTEERING,SOL_COMPUTED,SINGLE,23,13,3.3612,7.8826,1.3,1793
0703002-0918-15-42-gnss_raw.txt,2436,459525.400,FINESTEERING,SOL_COMPUTED,SINGLE,23,15,3.3458,7.8573,1.4,1793
0703002-0918-15-42-gnss_raw.txt,2436,459525.500,FINESTEERING,SOL_COMPUTED,SINGLE,23,13,3.3436,7.8579,1.5,1793
0703002-0918-15-42-gnss_raw.txt,2436,459525.600,FINESTEERING,SOL_COMPUTED,SINGLE,23,12,3.2552,7.6471,1.6,1793
0703002-0918-15-42-gnss_raw.txt,2436,459525.700,FINESTEERING,SOL_COMPUTED,SINGLE,23,14,3.2705,7.6845,1.7,1793
0703002-0918-15-42-gnss_raw.txt,2436,459525.800,FINESTEERING,SOL_COMPUTED,SINGLE,23,14,3.229,7.5915,0.8,1793
0703002-0918-15-42-gnss_raw.txt,2436,459525.900,FINESTEERING,SOL_COMPUTED,SINGLE,23,14,3.2951,7.7483,0.9,1793
0703002-0918-15-42-gnss_raw.txt,2436,459526.000,FINESTEERING,SOL_COMPUTED,SINGLE,23,14,3.2703,7.6867,1.0,1793
0703002-0918-15-42-gnss_raw.txt,2436,459526.100,FINESTEERING,SOL_COMPUTED,SINGLE,23,14,3.2397,7.6131,1.1,1793
0703002-0918-15-42-gnss_raw.txt,2436,459526.200,FINESTEERING,SOL_COMPUTED,SINGLE,23,14,3.2618,7.6609,1.2,1793
0703002-0918-15-42-gnss_raw.txt,2436,459526.300,FINESTEERING,SOL_COMPUTED,SINGLE,23,13,3.2332,7.5921,1.3,1793
0703002-0918-15-42-gnss_raw.txt,2436,459526.400,FINESTEERING,SOL_COMPUTED,SINGLE,23,16,3.2978,7.7402,1.4,1793
0703002-0918-15-42-gnss_raw.txt,2436,459526.500,FINESTEERING,SOL_COMPUTED,SINGLE,23,15,3.2553,7.6433,1.5,1793
0703002-0918-15-42-gnss_raw.txt,2436,459526.600,FINESTEERING,SOL_COMPUTED,SINGLE,23,15,3.2545,7.6448,1.6,1793
0703002-0918-15-42-gnss_raw.txt,2436,459526.700,FINESTEERING,SOL_COMPUTED,SINGLE,23,13,3.2192,7.5677,1.7,1793
0703002-0918-15-42-gnss_raw.txt,2436,459526.800,FINESTEERING,SOL_COMPUTED,SINGLE,23,15,3.194,7.5169,1.8,1793
0703002-0918-15-42-gnss_raw.txt,2436,459526.900,FINESTEERING,SOL_COMPUTED,SINGLE,23,15,3.1651,7.4682,1.9,1793
0703002-0918-15-42-gnss_raw.txt,2436,459527.000,FINESTEERING,SOL_COMPUTED,SINGLE,23,14,3.2032,7.5725,2.0,1793
0703002-0918-15-42-gnss_raw.txt,2436,459527.100,FINESTEERING,SOL_COMPUTED,SINGLE,23,14,3.1428,7.4406,2.1,1793
0703002-0918-15-42-gnss_raw.txt,2436,459527.200,FINESTEERING,SOL_COMPUTED,SINGLE,23,14,3.2214,7.638,2.2,1793
0703002-0918-15-42-gnss_raw.txt,2436,459527.300,FINESTEERING,SOL_COMPUTED,SINGLE,23,14,3.1845,7.5598,2.3,1793
0703002-0918-15-42-gnss_raw.txt,2436,459527.400,FINESTEERING,SOL_COMPUTED,SINGLE,23,16,3.1759,7.5618,2.4,1793
0703002-0918-15-42-gnss_raw.txt,2436,459527.500,FINESTEERING,SOL_COMPUTED,SINGLE,23,15,3.1932,7.6128,2.5,1793
0703002-0918-15-42-gnss_raw.txt,2436,459527.600,FINESTEERING,SOL_COMPUTED,SINGLE,23,13,3.1763,7.5815,2.6,1793
0703002-0918-15-42-gnss_raw.txt,2436,459527.700,FINESTEERING,SOL_COMPUTED,SINGLE,23,13,3.1296,7.4778,2.7,1793
0703002-0918-15-42-gnss_raw.txt,2436,459527.800,FINESTEERING,SOL_COMPUTED,SINGLE,23,14,3.1666,7.5734,2.8,1793
0703002-0918-15-42-gnss_raw.txt,2436,459527.900,FINESTEERING,SOL_COMPUTED,SINGLE,23,13,3.1214,7.4705,2.9,1793
0703002-0918-15-42-gnss_raw.txt,2436,459528.000,FINESTEERING,SOL_COMPUTED,SINGLE,23,14,3.1131,7.4543,3.0,1793
0703002-0918-15-42-gnss_raw.txt,2436,459528.100,FINESTEERING,SOL_COMPUTED,SINGLE,23,13,3.237,7.7606,3.1,1793
0703002-0918-15-42-gnss_raw.txt,2436,459528.200,FINESTEERING,SOL_COMPUTED,SINGLE,23,12,3.1757,7.6063,3.2,1793
0703002-0918-15-42-gnss_raw.txt,2436,459528.300,FINESTEERING,SOL_COMPUTED,SINGLE,23,14,3.1438,7.535,3.3,1793
0703002-0918-15-42-gnss_raw.txt,2436,459528.400,FINESTEERING,SOL_COMPUTED,SINGLE,23,13,3.1601,7.5698,3.4,1793
0703002-0918-15-42-gnss_raw.txt,2436,459528.500,FINESTEERING,SOL_COMPUTED,SINGLE,24,14,3.1856,7.6267,2.5,1793
0703002-0918-15-42-gnss_raw.txt,2436,459528.600,FINESTEERING,SOL_COMPUTED,SINGLE,24,15,3.2434,7.7608,2.6,1793
0703002-0918-15-42-gnss_raw.txt,2436,459528.700,FINESTEERING,SOL_COMPUTED,SINGLE,24,13,3.1988,7.6539,2.7,1793
0703002-0918-15-42-gnss_raw.txt,2436,459528.800,FINESTEERING,SOL_COMPUTED,SINGLE,24,13,3.1727,7.5908,2.8,1793
0703002-0918-15-42-gnss_raw.txt,2436,459528.900,FINESTEERING,SOL_COMPUTED,SINGLE,24,15,3.1586,7.5547,1.9,1793
0703002-0918-15-42-gnss_raw.txt,2436,459529.000,FINESTEERING,SOL_COMPUTED,SINGLE,24,13,3.1697,7.5759,2.0,1793
0703002-0918-15-42-gnss_raw.txt,2436,459529.100,FINESTEERING,SOL_COMPUTED,SINGLE,24,14,3.1729,7.581,2.1,1793
0703002-0918-15-42-gnss_raw.txt,2436,459529.200,FINESTEERING,SOL_COMPUTED,SINGLE,24,12,3.1755,7.5829,1.2,1793
0703002-0918-15-42-gnss_raw.txt,2436,459529.300,FINESTEERING,SOL_COMPUTED,SINGLE,24,14,3.1278,7.4673,1.3,1793
0703002-0918-15-42-gnss_raw.txt,2436,459529.400,FINESTEERING,SOL_COMPUTED,SINGLE,24,11,3.1587,7.5353,1.4,1793
0703002-0918-15-42-gnss_raw.txt,2436,459529.500,FINESTEERING,SOL_COMPUTED,SINGLE,24,12,3.2189,7.678,1.5,1793
0703002-0918-15-42-gnss_raw.txt,2436,459529.600,FINESTEERING,SOL_COMPUTED,SINGLE,24,14,3.2293,7.7045,1.6,1793
0703002-0918-15-42-gnss_raw.txt,2436,459529.700,FINESTEERING,SOL_COMPUTED,SINGLE,23,12,3.2231,7.6871,0.7,1793
0703002-0918-15-42-gnss_raw.txt,2436,459529.800,FINESTEERING,SOL_COMPUTED,SINGLE,23,13,3.2085,7.6502,0.8,1793
0703002-0918-15-42-gnss_raw.txt,2436,459529.900,FINESTEERING,SOL_COMPUTED,SINGLE,23,15,3.2566,7.7639,0.9,1793
0703002-0918-15-42-gnss_raw.txt,2436,459530.000,FINESTEERING,SOL_COMPUTED,SINGLE,23,14,3.2664,7.7851,1.0,1793
0703002-0918-15-42-gnss_raw.txt,2436,459530.100,FINESTEERING,SOL_COMPUTED,SINGLE,23,14,3.1896,7.5993,1.1,1793
0703002-0918-15-42-gnss_raw.txt,2436,459530.200,FINESTEERING,SOL_COMPUTED,SINGLE,23,14,3.2148,7.6574,1.2,1793
0703002-0918-15-42-gnss_raw.txt,2436,459530.300,FINESTEERING,SOL_COMPUTED,SINGLE,23,13,3.2202,7.6688,1.3,1793
0703002-0918-15-42-gnss_raw.txt,2436,459530.400,FINESTEERING,SOL_COMPUTED,SINGLE,23,13,3.1903,7.5953,1.4,1793
0703002-0918-15-42-gnss_raw.txt,2436,459530.500,FINESTEERING,SOL_COMPUTED,SINGLE,23,13,3.1873,7.5849,1.5,1793
0703002-0918-15-42-gnss_raw.txt,2436,459530.600,FINESTEERING,SOL_COMPUTED,SINGLE,23,13,3.2332,7.6915,1.6,1793
0703002-0918-15-42-gnss_raw.txt,2436,459530.700,FINESTEERING,SOL_COMPUTED,SINGLE,23,14,3.256,7.7427,1.7,1793
0703002-0918-15-42-gnss_raw.txt,2436,459530.800,FINESTEERING,SOL_COMPUTED,SINGLE,23,13,3.227,7.6702,0.8,1793
0703002-0918-15-42-gnss_raw.txt,2436,459530.900,FINESTEERING,SOL_COMPUTED,SINGLE,23,13,3.2067,7.6197,0.9,1793
0703002-0918-15-42-gnss_raw.txt,2436,459531.000,FINESTEERING,SOL_COMPUTED,SINGLE,23,13,3.1997,7.6004,1.0,1793
0703002-0918-15-42-gnss_raw.txt,2436,459531.100,FINESTEERING,SOL_COMPUTED,SINGLE,23,13,3.2377,7.6899,1.1,1793
0703002-0918-15-42-gnss_raw.txt,2436,459531.200,FINESTEERING,SOL_COMPUTED,SINGLE,23,13,3.2285,7.6659,1.2,1793
0703002-0918-15-42-gnss_raw.txt,2436,459531.300,FINESTEERING,SOL_COMPUTED,SINGLE,23,13,3.2121,7.6251,1.3,1793
0703002-0918-15-42-gnss_raw.txt,2436,459531.400,FINESTEERING,SOL_COMPUTED,SINGLE,23,12,3.224,7.6493,1.4,1793
0703002-0918-15-42-gnss_raw.txt,2436,459531.500,FINESTEERING,SOL_COMPUTED,SINGLE,23,14,3.234,7.6688,1.5,1793
0703002-0918-15-42-gnss_raw.txt,2436,459531.600,FINESTEERING,SOL_COMPUTED,SINGLE,23,12,3.2,7.5866,1.6,1793
0703002-0918-15-42-gnss_raw.txt,2436,459531.700,FINESTEERING,SOL_COMPUTED,SINGLE,23,13,3.3182,7.8655,1.7,1793
0703002-0918-15-42-gnss_raw.txt,2436,459531.800,FINESTEERING,SOL_COMPUTED,SINGLE,23,15,3.4666,8.2183,1.8,1793
0703002-0918-15-42-gnss_raw.txt,2436,459531.900,FINESTEERING,SOL_COMPUTED,SINGLE,23,12,3.3357,7.9069,1.9,1793
0703002-0918-15-42-gnss_raw.txt,2436,459532.000,FINESTEERING,SOL_COMPUTED,SINGLE,23,13,3.2408,7.6793,1.0,1793
0703002-0918-15-42-gnss_raw.txt,2436,459532.100,FINESTEERING,SOL_COMPUTED,SINGLE,23,13,3.2156,7.6178,1.1,1793
0703002-0918-15-42-gnss_raw.txt,2436,459532.200,FINESTEERING,SOL_COMPUTED,SINGLE,23,13,3.2201,7.6256,1.2,1793
0703002-0918-15-42-gnss_raw.txt,2436,459532.300,FINESTEERING,SOL_COMPUTED,SINGLE,23,14,3.2606,7.7191,1.3,1793
0703002-0918-15-42-gnss_raw.txt,2436,459532.400,FINESTEERING,SOL_COMPUTED,SINGLE,23,14,3.4277,8.1132,1.4,1793
0703002-0918-15-42-gnss_raw.txt,2436,459532.500,FINESTEERING,SOL_COMPUTED,SINGLE,23,14,3.3607,7.9515,1.5,1793
0703002-0918-15-42-gnss_raw.txt,2436,459532.600,FINESTEERING,SOL_COMPUTED,SINGLE,23,13,3.3056,7.8191,1.6,1793
0703002-0918-15-42-gnss_raw.txt,2436,459532.700,FINESTEERING,SOL_COMPUTED,SINGLE,24,13,3.3026,7.8104,1.7,1793
0703002-0918-15-42-gnss_raw.txt,2436,459532.800,FINESTEERING,SOL_COMPUTED,SINGLE,24,14,3.4434,8.1451,1.8,1793
0703002-0918-15-42-gnss_raw.txt,2436,459532.900,FINESTEERING,SOL_COMPUTED,SINGLE,24,12,3.2681,7.7288,0.9,1793
0703002-0918-15-42-gnss_raw.txt,2436,459533.000,FINESTEERING,SOL_COMPUTED,SINGLE,24,13,3.3612,7.9458,1.0,1793
0703002-0918-15-42-gnss_raw.txt,2436,459533.100,FINESTEERING,SOL_COMPUTED,SINGLE,24,13,3.39,8.0104,1.1,1793
0703002-0918-15-42-gnss_raw.txt,2436,459533.200,FINESTEERING,SOL_COMPUTED,SINGLE,24,13,3.3365,7.8815,1.2,1793
0703002-0918-15-42-gnss_raw.txt,2436,459533.300,FINESTEERING,SOL_COMPUTED,SINGLE,24,13,3.3272,7.8586,1.3,1793
0703002-0918-15-42-gnss_raw.txt,2436,459533.400,FINESTEERING,SOL_COMPUTED,SINGLE,24,13,3.4093,8.0519,1.4,1793
0703002-0918-15-42-gnss_raw.txt,2436,459533.500,FINESTEERING,SOL_COMPUTED,SINGLE,24,14,3.4808,8.2222,1.5,1793
0703002-0918-15-42-gnss_raw.txt,2436,459533.600,FINESTEERING,SOL_COMPUTED,SINGLE,24,14,3.3232,7.8553,1.6,1793
0703002-0918-15-42-gnss_raw.txt,2436,459533.700,FINESTEERING,SOL_COMPUTED,SINGLE,23,12,3.2817,7.7603,1.7,1793
0703002-0918-15-42-gnss_raw.txt,2436,459533.800,FINESTEERING,SOL_COMPUTED,SINGLE,23,12,3.2495,7.6985,1.8,1793
0703002-0918-15-42-gnss_raw.txt,2436,459533.900,FINESTEERING,SOL_COMPUTED,SINGLE,23,14,3.2143,7.6283,0.9,1793
0703002-0918-15-42-gnss_raw.txt,2436,459534.000,FINESTEERING,SOL_COMPUTED,SINGLE,23,12,3.2137,7.6384,1.0,1793
0703002-0918-15-42-gnss_raw.txt,2436,459534.100,FINESTEERING,SOL_COMPUTED,SINGLE,23,13,3.2058,7.6306,1.1,1793
0703002-0918-15-42-gnss_raw.txt,2436,459534.200,FINESTEERING,SOL_COMPUTED,SINGLE,23,12,3.1928,7.6127,1.2,1793
0703002-0918-15-42-gnss_raw.txt,2436,459534.300,FINESTEERING,SOL_COMPUTED,SINGLE,24,14,3.1873,7.6128,1.3,1793
0703002-0918-15-42-gnss_raw.txt,2436,459534.400,FINESTEERING,SOL_COMPUTED,SINGLE,24,13,3.381,8.0767,1.4,1793
0703002-0918-15-42-gnss_raw.txt,2436,459534.500,FINESTEERING,SOL_COMPUTED,SINGLE,24,14,3.3035,7.8912,1.5,1793
0703002-0918-15-42-gnss_raw.txt,2436,459534.600,FINESTEERING,SOL_COMPUTED,SINGLE,24,13,3.3594,8.0221,1.6,1793
0703002-0918-15-42-gnss_raw.txt,2436,459534.700,FINESTEERING,SOL_COMPUTED,SINGLE,24,13,3.2391,7.7353,1.7,1793
0703002-0918-15-42-gnss_raw.txt,2436,459534.800,FINESTEERING,SOL_COMPUTED,SINGLE,24,12,3.2396,7.7363,1.8,1793
0703002-0918-15-42-gnss_raw.txt,2436,459534.900,FINESTEERING,SOL_COMPUTED,SINGLE,24,11,3.2116,7.6682,1.9,1793
0703002-0918-15-42-gnss_raw.txt,2436,459535.000,FINESTEERING,SOL_COMPUTED,SINGLE,24,12,3.204,7.6475,1.0,1793
0703002-0918-15-42-gnss_raw.txt,2436,459535.100,FINESTEERING,SOL_COMPUTED,SINGLE,24,13,3.1933,7.6199,1.1,1793
0703002-0918-15-42-gnss_raw.txt,2436,459535.200,FINESTEERING,SOL_COMPUTED,SINGLE,23,11,3.2229,7.6885,1.2,1793
0703002-0918-15-42-gnss_raw.txt,2436,459535.300,FINESTEERING,SOL_COMPUTED,SINGLE,23,10,3.2136,7.668,1.3,1793
0703002-0918-15-42-gnss_raw.txt,2436,459535.400,FINESTEERING,SOL_COMPUTED,SINGLE,23,12,3.5064,8.3618,1.4,1793
0703002-0918-15-42-gnss_raw.txt,2436,459535.500,FINESTEERING,SOL_COMPUTED,SINGLE,23,12,3.4959,8.3293,1.5,1793
0703002-0918-15-42-gnss_raw.txt,2436,459535.600,FINESTEERING,SOL_COMPUTED,SINGLE,23,13,3.3443,7.9603,1.6,1793
0703002-0918-15-42-gnss_raw.txt,2436,459535.700,FINESTEERING,SOL_COMPUTED,SINGLE,23,15,3.4499,8.2021,1.7,1793
0703002-0918-15-42-gnss_raw.txt,2436,459535.800,FINESTEERING,SOL_COMPUTED,SINGLE,23,15,3.4206,8.1305,1.8,1793
0703002-0918-15-42-gnss_raw.txt,2436,459535.900,FINESTEERING,SOL_COMPUTED,SINGLE,23,13,3.28,7.7889,1.9,1793
0703002-0918-15-42-gnss_raw.txt,2436,459536.000,FINESTEERING,SOL_COMPUTED,SINGLE,23,13,3.3508,7.9557,1.0,1793
0703002-0918-15-42-gnss_raw.txt,2436,459536.100,FINESTEERING,SOL_COMPUTED,SINGLE,23,12,3.388,8.0387,1.1,1793
0703002-0918-15-42-gnss_raw.txt,2436,459536.200,FINESTEERING,SOL_COMPUTED,SINGLE,23,12,3.545,8.407,1.2,1793
0703002-0918-15-42-gnss_raw.txt,2436,459536.300,FINESTEERING,SOL_COMPUTED,SINGLE,23,12,3.4304,8.1268,1.3,1793
0703002-0918-15-42-gnss_raw.txt,2436,459536.400,FINESTEERING,SOL_COMPUTED,SINGLE,23,14,3.3233,7.8714,1.4,1793
0703002-0918-15-42-gnss_raw.txt,2436,459536.500,FINESTEERING,SOL_COMPUTED,SINGLE,23,14,3.2691,7.7415,1.5,1793
0703002-0918-15-42-gnss_raw.txt,2436,459536.600,FINESTEERING,SOL_COMPUTED,SINGLE,23,14,3.319,7.8536,1.6,1793
0703002-0918-15-42-gnss_raw.txt,2436,459536.700,FINESTEERING,SOL_COMPUTED,SINGLE,23,13,3.4318,8.1202,1.7,1793
0703002-0918-15-42-gnss_raw.txt,2436,459536.800,FINESTEERING,SOL_COMPUTED,SINGLE,23,13,3.4867,8.2489,0.8,1793
0703002-0918-15-42-gnss_raw.txt,2436,459536.900,FINESTEERING,SOL_COMPUTED,SINGLE,23,14,3.4488,8.1587,0.9,1793
0703002-0918-15-42-gnss_raw.txt,2436,459537.000,FINESTEERING,SOL_COMPUTED,SINGLE,23,13,3.4033,8.0495,1.0,1793
0703002-0918-15-42-gnss_raw.txt,2436,459537.100,FINESTEERING,SOL_COMPUTED,SINGLE,23,14,3.4037,8.0422,1.1,1793
0703002-0918-15-42-gnss_raw.txt,2436,459537.200,FINESTEERING,SOL_COMPUTED,SINGLE,23,15,3.3072,7.8133,1.2,1793
0703002-0918-15-42-gnss_raw.txt,2436,459537.300,FINESTEERING,SOL_COMPUTED,SINGLE,23,13,3.3101,7.812,1.3,1793
0703002-0918-15-42-gnss_raw.txt,2436,459537.400,FINESTEERING,SOL_COMPUTED,SINGLE,23,14,3.3223,7.8336,1.4,1793
0703002-0918-15-42-gnss_raw.txt,2436,459537.500,FINESTEERING,SOL_COMPUTED,SINGLE,23,13,3.2781,7.7279,1.5,1793
0703002-0918-15-42-gnss_raw.txt,2436,459537.600,FINESTEERING,SOL_COMPUTED,SINGLE,23,13,3.4462,8.1227,1.6,1793
0703002-0918-15-42-gnss_raw.txt,2436,459537.700,FINESTEERING,SOL_COMPUTED,SINGLE,23,12,3.2685,7.7076,1.7,1793
0703002-0918-15-42-gnss_raw.txt,2436,459537.800,FINESTEERING,SOL_COMPUTED,SINGLE,23,13,3.3022,7.7848,1.8,1793
0703002-0918-15-42-gnss_raw.txt,2436,459537.900,FINESTEERING,SOL_COMPUTED,SINGLE,23,11,3.2484,7.6616,1.9,1793
0703002-0918-15-42-gnss_raw.txt,2436,459538.000,FINESTEERING,SOL_COMPUTED,SINGLE,23,14,3.2621,7.6944,2.0,1793
0703002-0918-15-42-gnss_raw.txt,2436,459538.100,FINESTEERING,SOL_COMPUTED,SINGLE,23,17,3.2089,7.5711,1.1,1793
0703002-0918-15-42-gnss_raw.txt,2436,459538.200,FINESTEERING,SOL_COMPUTED,SINGLE,23,15,3.2078,7.5689,1.2,1793
0703002-0918-15-42-gnss_raw.txt,2436,459538.300,FINESTEERING,SOL_COMPUTED,SINGLE,23,14,3.2214,7.5989,1.3,1793
0703002-0918-15-42-gnss_raw.txt,2436,459538.400,FINESTEERING,SOL_COMPUTED,SINGLE,23,14,3.2708,7.7108,1.4,1793
0703002-0918-15-42-gnss_raw.txt,2436,459538.500,FINESTEERING,SOL_COMPUTED,SINGLE,23,13,3.1641,7.4498,1.5,1793
0703002-0918-15-42-gnss_raw.txt,2436,459538.600,FINESTEERING,SOL_COMPUTED,SINGLE,23,12,3.4111,8.0184,1.6,1793
0703002-0918-15-42-gnss_raw.txt,2436,459538.700,FINESTEERING,SOL_COMPUTED,SINGLE,23,12,3.2826,7.7067,0.7,1793
0703002-0918-15-42-gnss_raw.txt,2436,459538.800,FINESTEERING,SOL_COMPUTED,SINGLE,23,14,3.2577,7.6401,0.8,1793
0703002-0918-15-42-gnss_raw.txt,2436,459538.900,FINESTEERING,SOL_COMPUTED,SINGLE,23,13,3.5207,8.252,0.9,1793
0703002-0918-15-42-gnss_raw.txt,2436,459539.000,FINESTEERING,SOL_COMPUTED,SINGLE,23,12,3.572,8.3653,1.0,1793
0703002-0918-15-42-gnss_raw.txt,2436,459539.100,FINESTEERING,SOL_COMPUTED,SINGLE,24,14,3.4121,7.9802,1.1,1793
0703002-0918-15-42-gnss_raw.txt,2436,459539.200,FINESTEERING,SOL_COMPUTED,SINGLE,24,15,3.5393,8.2649,1.2,1793
0703002-0918-15-42-gnss_raw.txt,2436,459539.300,FINESTEERING,SOL_COMPUTED,SINGLE,24,13,3.6131,8.4238,1.3,1793
0703002-0918-15-42-gnss_raw.txt,2436,459539.400,FINESTEERING,SOL_COMPUTED,SINGLE,24,14,3.6294,8.4487,1.4,1793
0703002-0918-15-42-gnss_raw.txt,2436,459539.500,FINESTEERING,SOL_COMPUTED,SINGLE,24,12,3.7161,8.636,1.5,1793
0703002-0918-15-42-gnss_raw.txt,2436,459539.600,FINESTEERING,SOL_COMPUTED,SINGLE,24,14,3.864,8.9654,1.6,1793
0703002-0918-15-42-gnss_raw.txt,2436,459539.700,FINESTEERING,SOL_COMPUTED,SINGLE,24,12,4.0374,9.3524,1.7,1793
0703002-0918-15-42-gnss_raw.txt,2436,459539.800,FINESTEERING,SOL_COMPUTED,SINGLE,24,12,3.7922,8.7707,1.8,1793
0703002-0918-15-42-gnss_raw.txt,2436,459539.900,FINESTEERING,SOL_COMPUTED,SINGLE,24,13,3.6982,8.5403,1.9,1793
0703002-0918-15-42-gnss_raw.txt,2436,459540.000,FINESTEERING,SOL_COMPUTED,SINGLE,24,12,3.7881,8.7345,1.0,1793
0703002-0918-15-42-gnss_raw.txt,2436,459540.100,FINESTEERING,SOL_COMPUTED,SINGLE,24,11,3.7861,8.7163,1.1,1793
0703002-0918-15-42-gnss_raw.txt,2436,459540.200,FINESTEERING,SOL_COMPUTED,SINGLE,24,12,3.6975,8.4999,1.2,1793
0703002-0918-15-42-gnss_raw.txt,2436,459540.300,FINESTEERING,SOL_COMPUTED,SINGLE,24,13,3.7687,8.6508,1.3,1793
0703002-0918-15-42-gnss_raw.txt,2436,459540.400,FINESTEERING,SOL_COMPUTED,SINGLE,24,13,3.4845,7.9899,1.4,1793
0703002-0918-15-42-gnss_raw.txt,2436,459540.500,FINESTEERING,SOL_COMPUTED,SINGLE,24,13,3.662,8.3882,1.5,1793
0703002-0918-15-42-gnss_raw.txt,2436,459540.600,FINESTEERING,SOL_COMPUTED,SINGLE,24,12,3.7043,8.4763,1.6,1793
0703002-0918-15-42-gnss_raw.txt,2436,459540.700,FINESTEERING,SOL_COMPUTED,SINGLE,24,11,4.1489,9.4831,1.7,1793
0703002-0918-15-42-gnss_raw.txt,2436,459540.800,FINESTEERING,SOL_COMPUTED,SINGLE,24,13,4.1659,9.5114,1.8,1793
0703002-0918-15-42-gnss_raw.txt,2436,459540.900,FINESTEERING,SOL_COMPUTED,SINGLE,23,12,4.2124,9.6056,1.9,1793
0703002-0918-15-42-gnss_raw.txt,2436,459541.000,FINESTEERING,SOL_COMPUTED,SINGLE,23,11,5.8055,13.1796,1.0,1793
0703002-0918-15-42-gnss_raw.txt,2436,459541.100,FINESTEERING,SOL_COMPUTED,SINGLE,23,11,5.1891,11.7627,1.1,1793
0703002-0918-15-42-gnss_raw.txt,2436,459541.200,FINESTEERING,SOL_COMPUTED,SINGLE,23,10,4.9874,11.2889,1.2,1793
0703002-0918-15-42-gnss_raw.txt,2436,459541.300,FINESTEERING,SOL_COMPUTED,SINGLE,23,12,4.9721,11.224,1.3,1793
0703002-0918-15-42-gnss_raw.txt,2436,459541.400,FINESTEERING,SOL_COMPUTED,SINGLE,23,12,4.2291,9.5334,1.4,1793
0703002-0918-15-42-gnss_raw.txt,2436,459541.500,FINESTEERING,SOL_COMPUTED,SINGLE,23,11,3.9457,8.8812,1.5,1793
0703002-0918-15-42-gnss_raw.txt,2436,459541.600,FINESTEERING,SOL_COMPUTED,SINGLE,23,12,4.1407,9.3063,1.6,1793
0703002-0918-15-42-gnss_raw.txt,2436,459541.700,FINESTEERING,SOL_COMPUTED,SINGLE,23,11,4.0739,9.1421,1.7,1793
0703002-0918-15-42-gnss_raw.txt,2436,459541.800,FINESTEERING,SOL_COMPUTED,SINGLE,23,11,3.8196,8.5583,1.8,1793
0703002-0918-15-42-gnss_raw.txt,2436,459541.900,FINESTEERING,SOL_COMPUTED,SINGLE,23,11,3.8015,8.5048,1.9,1793
0703002-0918-15-42-gnss_raw.txt,2436,459542.000,FINESTEERING,SOL_COMPUTED,SINGLE,23,11,3.883,8.6741,1.0,1793
0703002-0918-15-42-gnss_raw.txt,2436,459542.100,FINESTEERING,SOL_COMPUTED,SINGLE,23,10,3.8977,8.6946,1.1,1793
0703002-0918-15-42-gnss_raw.txt,2436,459542.200,FINESTEERING,SOL_COMPUTED,SINGLE,23,11,3.7755,8.4089,1.2,1793
0703002-0918-15-42-gnss_raw.txt,2436,459542.300,FINESTEERING,SOL_COMPUTED,SINGLE,24,13,3.8339,8.5252,1.3,1793
0703002-0918-15-42-gnss_raw.txt,2436,459542.400,FINESTEERING,SOL_COMPUTED,SINGLE,24,11,3.8178,8.4771,1.4,1793
0703002-0918-15-42-gnss_raw.txt,2436,459542.500,FINESTEERING,SOL_COMPUTED,SINGLE,24,12,3.7467,8.3082,1.5,1793
0703002-0918-15-42-gnss_raw.txt,2436,459542.600,FINESTEERING,SOL_COMPUTED,SINGLE,24,11,3.8139,8.4483,1.6,1793
0703002-0918-15-42-gnss_raw.txt,2436,459542.700,FINESTEERING,SOL_COMPUTED,SINGLE,24,10,3.7128,8.2135,1.7,1793
0703002-0918-15-42-gnss_raw.txt,2436,459542.800,FINESTEERING,SOL_COMPUTED,SINGLE,24,11,3.9034,8.6241,1.8,1793
0703002-0918-15-42-gnss_raw.txt,2436,459542.900,FINESTEERING,SOL_COMPUTED,SINGLE,24,10,3.7933,8.3695,0.9,1793
0703002-0918-15-42-gnss_raw.txt,2436,459543.000,FINESTEERING,SOL_COMPUTED,SINGLE,24,12,3.8196,8.4187,1.0,1793
0703002-0918-15-42-gnss_raw.txt,2436,459543.100,FINESTEERING,SOL_COMPUTED,SINGLE,24,10,3.7193,8.1891,1.1,1793
0703002-0918-15-42-gnss_raw.txt,2436,459543.200,FINESTEERING,SOL_COMPUTED,SINGLE,24,10,3.6561,8.0401,1.2,1793
0703002-0918-15-42-gnss_raw.txt,2436,459543.300,FINESTEERING,SOL_COMPUTED,SINGLE,24,11,3.6613,8.0429,1.3,1793
0703002-0918-15-42-gnss_raw.txt,2436,459543.400,FINESTEERING,SOL_COMPUTED,SINGLE,24,10,3.6958,8.1097,1.4,1793
0703002-0918-15-42-gnss_raw.txt,2436,459543.500,FINESTEERING,SOL_COMPUTED,SINGLE,24,10,3.7186,8.1527,1.5,1793
0703002-0918-15-42-gnss_raw.txt,2436,459543.600,FINESTEERING,SOL_COMPUTED,SINGLE,24,10,3.7202,8.1498,1.6,1793
0703002-0918-15-42-gnss_raw.txt,2436,459543.700,FINESTEERING,SOL_COMPUTED,SINGLE,24,10,3.7317,8.1681,0.7,1793
0703002-0918-15-42-gnss_raw.txt,2436,459543.800,FINESTEERING,SOL_COMPUTED,SINGLE,24,10,3.6702,8.0273,0.8,1793
0703002-0918-15-42-gnss_raw.txt,2436,459543.900,FINESTEERING,SOL_COMPUTED,SINGLE,24,11,3.8089,8.3244,0.9,1793
0703002-0918-15-42-gnss_raw.txt,2436,459544.000,FINESTEERING,SOL_COMPUTED,SINGLE,24,10,3.6902,8.0584,1.0,1793
0703002-0918-15-42-gnss_raw.txt,2436,459544.100,FINESTEERING,SOL_COMPUTED,SINGLE,24,11,3.7237,8.1251,1.1,1793
0703002-0918-15-42-gnss_raw.txt,2436,459544.200,FINESTEERING,SOL_COMPUTED,SINGLE,24,11,3.6803,8.0234,1.2,1793
0703002-0918-15-42-gnss_raw.txt,2436,459544.300,FINESTEERING,SOL_COMPUTED,SINGLE,24,10,3.6791,8.0148,1.3,1793
0703002-0918-15-42-gnss_raw.txt,2436,459544.400,FINESTEERING,SOL_COMPUTED,SINGLE,24,10,3.6774,8.0067,1.4,1793
0703002-0918-15-42-gnss_raw.txt,2436,459544.500,FINESTEERING,SOL_COMPUTED,SINGLE,24,10,3.6412,7.9233,1.5,1793
0703002-0918-15-42-gnss_raw.txt,2436,459544.600,FINESTEERING,SOL_COMPUTED,SINGLE,24,10,3.6411,7.9172,1.6,1793
0703002-0918-15-42-gnss_raw.txt,2436,459544.700,FINESTEERING,SOL_COMPUTED,SINGLE,24,10,3.7076,8.0578,0.7,1793
0703002-0918-15-42-gnss_raw.txt,2436,459544.800,FINESTEERING,SOL_COMPUTED,SINGLE,24,10,3.7146,8.0686,0.8,1793
0703002-0918-15-42-gnss_raw.txt,2436,459544.900,FINESTEERING,SOL_COMPUTED,SINGLE,24,11,3.7828,8.2106,0.9,1793
0703002-0918-15-42-gnss_raw.txt,2436,459545.000,FINESTEERING,SOL_COMPUTED,SINGLE,24,12,3.7066,8.0388,1.0,1793
0703002-0918-15-42-gnss_raw.txt,2436,459545.100,FINESTEERING,SOL_COMPUTED,SINGLE,24,12,3.9967,8.6614,1.1,1793
0703002-0918-15-42-gnss_raw.txt,2436,459545.200,FINESTEERING,SOL_COMPUTED,SINGLE,24,12,4.0388,8.7462,1.2,1793
0703002-0918-15-42-gnss_raw.txt,2436,459545.300,FINESTEERING,SOL_COMPUTED,SINGLE,24,11,3.6763,7.9561,1.3,1793
0703002-0918-15-42-gnss_raw.txt,2436,459545.400,FINESTEERING,SOL_COMPUTED,SINGLE,24,11,3.7574,8.1258,1.4,1793
0703002-0918-15-42-gnss_raw.txt,2436,459545.500,FINESTEERING,SOL_COMPUTED,SINGLE,24,7,7.756,16.7551,1.5,1793
0703002-0918-15-42-gnss_raw.txt,2436,459545.600,FINESTEERING,SOL_COMPUTED,SINGLE,24,7,7.7426,16.7095,1.6,1793
0703002-0918-15-42-gnss_raw.txt,2436,459545.700,FINESTEERING,SOL_COMPUTED,SINGLE,24,7,7.6564,16.5058,1.7,1793
0703002-0918-15-42-gnss_raw.txt,2436,459545.800,FINESTEERING,SOL_COMPUTED,SINGLE,24,12,5.2813,11.3751,0.8,1793
0703002-0918-15-42-gnss_raw.txt,2436,459545.900,FINESTEERING,SOL_COMPUTED,SINGLE,24,12,5.5975,12.0508,0.9,1793
0703002-0918-15-42-gnss_raw.txt,2436,459546.000,FINESTEERING,SOL_COMPUTED,SINGLE,24,16,4.8501,10.4394,1.0,1793
0703002-0918-15-42-gnss_raw.txt,2436,459546.100,FINESTEERING,SOL_COMPUTED,SINGLE,24,16,4.9937,10.7535,1.1,1793
0703002-0918-15-42-gnss_raw.txt,2436,459546.200,FINESTEERING,SOL_COMPUTED,SINGLE,24,15,5.0312,10.8379,1.2,1793
0703002-0918-15-42-gnss_raw.txt,2436,459546.300,FINESTEERING,SOL_COMPUTED,SINGLE,24,16,4.9736,10.7093,1.3,1793
0703002-0918-15-42-gnss_raw.txt,2436,459546.400,FINESTEERING,SOL_COMPUTED,SINGLE,24,16,4.9357,10.6163,1.4,1793
0703002-0918-15-42-gnss_raw.txt,2436,459546.500,FINESTEERING,SOL_COMPUTED,SINGLE,24,16,4.6861,10.0681,1.5,1793
0703002-0918-15-42-gnss_raw.txt,2436,459546.600,FINESTEERING,SOL_COMPUTED,SINGLE,24,16,4.5001,9.6558,1.6,1793
0703002-0918-15-42-gnss_raw.txt,2436,459546.700,FINESTEERING,SOL_COMPUTED,SINGLE,24,10,4.7129,10.0979,1.7,1793
0703002-0918-15-42-gnss_raw.txt,2436,459546.800,FINESTEERING,SOL_COMPUTED,SINGLE,24,12,4.8253,10.3206,1.8,1793
0703002-0918-15-42-gnss_raw.txt,2436,459546.900,FINESTEERING,SOL_COMPUTED,SINGLE,24,13,5.089,10.8656,0.9,1793
0703002-0918-15-42-gnss_raw.txt,2436,459547.000,FINESTEERING,SOL_COMPUTED,SINGLE,24,10,4.6348,9.8787,1.0,1793
0703002-0918-15-42-gnss_raw.txt,2436,459547.100,FINESTEERING,SOL_COMPUTED,SINGLE,24,15,4.8658,10.3492,1.1,1793
0703002-0918-15-42-gnss_raw.txt,2436,459547.200,FINESTEERING,SOL_COMPUTED,SINGLE,24,10,4.9143,10.4129,1.2,1793
0703002-0918-15-42-gnss_raw.txt,2436,459547.300,FINESTEERING,SOL_COMPUTED,SINGLE,24,13,6.8485,14.5008,1.3,1793
0703002-0918-15-42-gnss_raw.txt,2436,459547.400,FINESTEERING,SOL_COMPUTED,SINGLE,24,13,6.258,13.2406,1.4,1793
0703002-0918-15-42-gnss_raw.txt,2436,459547.500,FINESTEERING,SOL_COMPUTED,SINGLE,24,13,6.508,13.7518,1.5,1793
0703002-0918-15-42-gnss_raw.txt,2436,459547.600,FINESTEERING,SOL_COMPUTED,SINGLE,24,12,5.9338,12.5379,1.6,1793
0703002-0918-15-42-gnss_raw.txt,2436,459547.700,FINESTEERING,SOL_COMPUTED,SINGLE,24,13,5.9048,12.4726,1.7,1793
0703002-0918-15-42-gnss_raw.txt,2436,459547.800,FINESTEERING,SOL_COMPUTED,SINGLE,24,13,5.3415,11.2622,1.8,1793
0703002-0918-15-42-gnss_raw.txt,2436,459547.900,FINESTEERING,SOL_COMPUTED,SINGLE,24,12,5.0283,10.5763,1.9,1793
0703002-0918-15-42-gnss_raw.txt,2436,459548.000,FINESTEERING,SOL_COMPUTED,SINGLE,24,11,4.8546,10.2051,2.0,1793
0703002-0918-15-42-gnss_raw.txt,2436,459548.100,FINESTEERING,SOL_COMPUTED,SINGLE,24,11,4.6352,9.732,1.1,1793
0703002-0918-15-42-gnss_raw.txt,2436,459548.200,FINESTEERING,SOL_COMPUTED,SINGLE,24,12,4.5384,9.5047,1.2,1793
0703002-0918-15-42-gnss_raw.txt,2436,459548.300,FINESTEERING,SOL_COMPUTED,SINGLE,24,11,4.4671,9.3497,1.3,1793
0703002-0918-15-42-gnss_raw.txt,2436,459548.400,FINESTEERING,SOL_COMPUTED,SINGLE,24,11,4.5262,9.4626,1.4,1793
0703002-0918-15-42-gnss_raw.txt,2436,459548.500,FINESTEERING,SOL_COMPUTED,SINGLE,24,12,4.6018,9.6014,1.5,1793
0703002-0918-15-42-gnss_raw.txt,2436,459548.600,FINESTEERING,SOL_COMPUTED,SINGLE,24,12,4.9496,10.3293,1.6,1793
0703002-0918-15-42-gnss_raw.txt,2436,459548.700,FINESTEERING,SOL_COMPUTED,SINGLE,24,11,5.0931,10.617,0.7,1793
0703002-0918-15-42-gnss_raw.txt,2436,459548.800,FINESTEERING,SOL_COMPUTED,SINGLE,24,11,4.5789,9.5264,0.8,1793
0703002-0918-15-42-gnss_raw.txt,2436,459548.900,FINESTEERING,SOL_COMPUTED,SINGLE,24,10,4.3666,9.0732,0.9,1793
0703002-0918-15-42-gnss_raw.txt,2436,459549.000,FINESTEERING,SOL_COMPUTED,SINGLE,24,10,4.218,8.7523,1.0,1793
0703002-0918-15-42-gnss_raw.txt,2436,459549.100,FINESTEERING,SOL_COMPUTED,SINGLE,24,11,4.157,8.6147,1.1,1793
0703002-0918-15-42-gnss_raw.txt,2436,459549.200,FINESTEERING,SOL_COMPUTED,SINGLE,24,11,4.555,9.4306,1.2,1793
0703002-0918-15-42-gnss_raw.txt,2436,459549.300,FINESTEERING,SOL_COMPUTED,SINGLE,24,16,4.8754,10.0802,1.3,1793
0703002-0918-15-42-gnss_raw.txt,2436,459549.400,FINESTEERING,SOL_COMPUTED,SINGLE,24,11,4.2317,8.7346,1.4,1793
0703002-0918-15-42-gnss_raw.txt,2436,459549.500,FINESTEERING,SOL_COMPUTED,SINGLE,24,12,4.278,8.8181,1.5,1793
0703002-0918-15-42-gnss_raw.txt,2436,459549.600,FINESTEERING,SOL_COMPUTED,SINGLE,24,16,4.7273,9.7342,1.6,1793
0703002-0918-15-42-gnss_raw.txt,2436,459549.700,FINESTEERING,SOL_COMPUTED,SINGLE,24,16,4.7766,9.8182,1.7,1793
0703002-0918-15-42-gnss_raw.txt,2436,459549.800,FINESTEERING,SOL_COMPUTED,SINGLE,24,19,4.5477,9.336,1.8,1793
0703002-0918-15-42-gnss_raw.txt,2436,459549.900,FINESTEERING,SOL_COMPUTED,SINGLE,24,11,4.4692,9.1575,0.9,1793
0703002-0918-15-42-gnss_raw.txt,2436,459550.000,FINESTEERING,SOL_COMPUTED,SINGLE,24,12,4.2403,8.6715,1.0,1793
0703002-0918-15-42-gnss_raw.txt,2436,459550.100,FINESTEERING,SOL_COMPUTED,SINGLE,24,11,4.2323,8.6407,1.1,1793
0703002-0918-15-42-gnss_raw.txt,2436,459550.200,FINESTEERING,SOL_COMPUTED,SINGLE,24,13,5.2844,10.7688,1.2,1793
0703002-0918-15-42-gnss_raw.txt,2436,459550.300,FINESTEERING,SOL_COMPUTED,SINGLE,24,13,5.8806,11.9676,1.3,1793
0703002-0918-15-42-gnss_raw.txt,2436,459550.400,FINESTEERING,SOL_COMPUTED,SINGLE,24,13,4.7786,9.7133,1.4,1793
0703002-0918-15-42-gnss_raw.txt,2436,459550.500,FINESTEERING,SOL_COMPUTED,SINGLE,24,12,5.6626,11.494,1.5,1793
0703002-0918-15-42-gnss_raw.txt,2436,459550.600,FINESTEERING,SOL_COMPUTED,SINGLE,24,14,5.0727,10.2946,1.6,1793
0703002-0918-15-42-gnss_raw.txt,2436,459550.700,FINESTEERING,SOL_COMPUTED,SINGLE,24,16,5.3512,10.8563,1.7,1793
0703002-0918-15-42-gnss_raw.txt,2436,459550.800,FINESTEERING,SOL_COMPUTED,SINGLE,24,15,5.4402,11.0304,1.8,1793
0703002-0918-15-42-gnss_raw.txt,2436,459550.900,FINESTEERING,SOL_COMPUTED,SINGLE,24,17,4.6491,9.4236,0.9,1793
0703002-0918-15-42-gnss_raw.txt,2436,459551.000,FINESTEERING,SOL_COMPUTED,SINGLE,24,17,4.4302,8.9795,1.0,1793
0703002-0918-15-42-gnss_raw.txt,2436,459551.100,FINESTEERING,SOL_COMPUTED,SINGLE,24,17,4.5453,9.2117,1.1,1793
0703002-0918-15-42-gnss_raw.txt,2436,459551.200,FINESTEERING,SOL_COMPUTED,SINGLE,24,11,4.8018,9.727,1.2,1793
0703002-0918-15-42-gnss_raw.txt,2436,459551.300,FINESTEERING,SOL_COMPUTED,SINGLE,24,11,4.6149,9.3437,1.3,1793
0703002-0918-15-42-gnss_raw.txt,2436,459551.400,FINESTEERING,SOL_COMPUTED,SINGLE,24,11,4.493,9.0934,1.4,1793
0703002-0918-15-42-gnss_raw.txt,2436,459551.500,FINESTEERING,SOL_COMPUTED,SINGLE,24,11,4.4651,9.0254,1.5,1793
0703002-0918-15-42-gnss_raw.txt,2436,459551.600,FINESTEERING,SOL_COMPUTED,SINGLE,24,11,4.3294,8.7403,1.6,1793
0703002-0918-15-42-gnss_raw.txt,2436,459551.700,FINESTEERING,SOL_COMPUTED,SINGLE,24,13,4.205,8.4851,1.7,1793
0703002-0918-15-42-gnss_raw.txt,2436,459551.800,FINESTEERING,SOL_COMPUTED,SINGLE,24,13,4.06,8.1958,1.8,1793
0703002-0918-15-42-gnss_raw.txt,2436,459551.900,FINESTEERING,SOL_COMPUTED,SINGLE,24,16,4.3481,8.7778,1.9,1793
0703002-0918-15-42-gnss_raw.txt,2436,459552.000,FINESTEERING,SOL_COMPUTED,SINGLE,24,16,3.9777,8.0304,1.0,1793
0703002-0918-15-42-gnss_raw.txt,2436,459552.100,FINESTEERING,SOL_COMPUTED,SINGLE,24,15,4.406,8.901,1.1,1793
0703002-0918-15-42-gnss_raw.txt,2436,459552.200,FINESTEERING,SOL_COMPUTED,SINGLE,24,11,4.7192,9.5387,1.2,1793
0703002-0918-15-42-gnss_raw.txt,2436,459552.300,FINESTEERING,SOL_COMPUTED,SINGLE,24,11,4.3922,8.8735,1.3,1793
0703002-0918-15-42-gnss_raw.txt,2436,459552.400,FINESTEERING,SOL_COMPUTED,SINGLE,24,11,3.8826,7.8386,1.4,1793
0703002-0918-15-42-gnss_raw.txt,2436,459552.500,FINESTEERING,SOL_COMPUTED,SINGLE,24,12,4.3723,8.8197,1.5,1793
0703002-0918-15-42-gnss_raw.txt,2436,459552.600,FINESTEERING,SOL_COMPUTED,SINGLE,24,13,4.0944,8.2554,1.6,1793
0703002-0918-15-42-gnss_raw.txt,2436,459552.700,FINESTEERING,SOL_COMPUTED,SINGLE,24,12,4.3502,8.7702,1.7,1793
0703002-0918-15-42-gnss_raw.txt,2436,459552.800,FINESTEERING,SOL_COMPUTED,SINGLE,24,14,4.177,8.4205,1.8,1793
0703002-0918-15-42-gnss_raw.txt,2436,459552.900,FINESTEERING,SOL_COMPUTED,SINGLE,24,13,4.1985,8.4632,0.9,1793
0703002-0918-15-42-gnss_raw.txt,2436,459553.000,FINESTEERING,SOL_COMPUTED,SINGLE,24,14,3.8121,7.6835,1.0,1793
0703002-0918-15-42-gnss_raw.txt,2436,459553.100,FINESTEERING,SOL_COMPUTED,SINGLE,24,13,3.8106,7.679,1.1,1793
0703002-0918-15-42-gnss_raw.txt,2436,459553.200,FINESTEERING,SOL_COMPUTED,SINGLE,24,12,3.9486,7.9516,1.2,1793
0703002-0918-15-42-gnss_raw.txt,2436,459553.300,FINESTEERING,SOL_COMPUTED,SINGLE,24,12,4.3007,8.6594,1.3,1793
0703002-0918-15-42-gnss_raw.txt,2436,459553.400,FINESTEERING,SOL_COMPUTED,SINGLE,24,12,4.2571,8.5703,1.4,1793
0703002-0918-15-42-gnss_raw.txt,2436,459553.500,FINESTEERING,SOL_COMPUTED,SINGLE,24,12,4.2414,8.5377,1.5,1793
0703002-0918-15-42-gnss_raw.txt,2436,459553.600,FINESTEERING,SOL_COMPUTED,SINGLE,24,14,4.2763,8.6117,1.6,1793
0703002-0918-15-42-gnss_raw.txt,2436,459553.700,FINESTEERING,SOL_COMPUTED,SINGLE,24,13,4.6088,9.2855,1.7,1793
0703002-0918-15-42-gnss_raw.txt,2436,459553.800,FINESTEERING,SOL_COMPUTED,SINGLE,24,14,4.266,8.6012,0.8,1793
0703002-0918-15-42-gnss_raw.txt,2436,459553.900,FINESTEERING,SOL_COMPUTED,SINGLE,24,14,4.362,8.8067,0.9,1793
0703002-0918-15-42-gnss_raw.txt,2436,459554.000,FINESTEERING,SOL_COMPUTED,SINGLE,24,14,4.3324,8.7522,1.0,1793
0703002-0918-15-42-gnss_raw.txt,2436,459554.100,FINESTEERING,SOL_COMPUTED,SINGLE,24,14,4.5183,9.143,1.1,1793
0703002-0918-15-42-gnss_raw.txt,2436,459554.200,FINESTEERING,SOL_COMPUTED,SINGLE,24,14,4.4703,9.0606,1.2,1793
0703002-0918-15-42-gnss_raw.txt,2436,459554.300,FINESTEERING,SOL_COMPUTED,SINGLE,24,14,4.4924,9.1102,1.3,1793
0703002-0918-15-42-gnss_raw.txt,2436,459554.400,FINESTEERING,SOL_COMPUTED,SINGLE,24,15,4.3677,8.8722,1.4,1793
0703002-0918-15-42-gnss_raw.txt,2436,459554.500,FINESTEERING,SOL_COMPUTED,SINGLE,24,14,4.1383,8.4151,1.5,1793
0703002-0918-15-42-gnss_raw.txt,2436,459554.600,FINESTEERING,SOL_COMPUTED,SINGLE,24,13,4.2384,8.6274,1.6,1793
0703002-0918-15-42-gnss_raw.txt,2436,459554.700,FINESTEERING,SOL_COMPUTED,SINGLE,24,14,4.3411,8.8444,1.7,1793
0703002-0918-15-42-gnss_raw.txt,2436,459554.800,FINESTEERING,SOL_COMPUTED,SINGLE,24,13,4.1164,8.3886,1.8,1793
0703002-0918-15-42-gnss_raw.txt,2436,459554.900,FINESTEERING,SOL_COMPUTED,SINGLE,24,13,4.1733,8.508,0.9,1793
0703002-0918-15-42-gnss_raw.txt,2436,459555.000,FINESTEERING,SOL_COMPUTED,SINGLE,24,13,4.5109,9.2073,1.0,1793
0703002-0918-15-42-gnss_raw.txt,2436,459555.100,FINESTEERING,SOL_COMPUTED,SINGLE,24,14,4.4207,9.029,1.1,1793
0703002-0918-15-42-gnss_raw.txt,2436,459555.200,FINESTEERING,SOL_COMPUTED,SINGLE,24,13,4.5078,9.2079,1.2,1793
0703002-0918-15-42-gnss_raw.txt,2436,459555.300,FINESTEERING,SOL_COMPUTED,SINGLE,24,14,4.3846,8.9579,1.3,1793
0703002-0918-15-42-gnss_raw.txt,2436,459555.400,FINESTEERING,SOL_COMPUTED,SINGLE,24,14,4.0795,8.3328,1.4,1793
0703002-0918-15-42-gnss_raw.txt,2436,459555.500,FINESTEERING,SOL_COMPUTED,SINGLE,24,14,4.0982,8.3716,1.5,1793
0703002-0918-15-42-gnss_raw.txt,2436,459555.600,FINESTEERING,SOL_COMPUTED,SINGLE,24,14,4.0355,8.2484,1.6,1793
0703002-0918-15-42-gnss_raw.txt,2436,459555.700,FINESTEERING,SOL_COMPUTED,SINGLE,24,14,3.9902,8.167,1.7,1793
0703002-0918-15-42-gnss_raw.txt,2436,459555.800,FINESTEERING,SOL_COMPUTED,SINGLE,24,15,3.9463,8.0811,0.8,1793
0703002-0918-15-42-gnss_raw.txt,2436,459555.900,FINESTEERING,SOL_COMPUTED,SINGLE,24,15,3.849,7.8864,0.9,1793
0703002-0918-15-42-gnss_raw.txt,2436,459556.000,FINESTEERING,SOL_COMPUTED,SINGLE,24,14,3.9176,8.0267,1.0,1793
0703002-0918-15-42-gnss_raw.txt,2436,459556.100,FINESTEERING,SOL_COMPUTED,SINGLE,24,15,3.8332,7.8604,1.1,1793
0703002-0918-15-42-gnss_raw.txt,2436,459556.200,FINESTEERING,SOL_COMPUTED,SINGLE,24,15,3.8925,7.9914,1.2,1793
0703002-0918-15-42-gnss_raw.txt,2436,459556.300,FINESTEERING,SOL_COMPUTED,SINGLE,24,15,3.8487,7.9151,1.3,1793
0703002-0918-15-42-gnss_raw.txt,2436,459556.400,FINESTEERING,SOL_COMPUTED,SINGLE,24,15,3.846,7.9169,1.4,1793
0703002-0918-15-42-gnss_raw.txt,2436,459556.500,FINESTEERING,SOL_COMPUTED,SINGLE,24,15,3.8961,8.0255,1.5,1793
0703002-0918-15-42-gnss_raw.txt,2436,459556.600,FINESTEERING,SOL_COMPUTED,SINGLE,24,14,4.1635,8.587,1.6,1793
0703002-0918-15-42-gnss_raw.txt,2436,459556.700,FINESTEERING,SOL_COMPUTED,SINGLE,24,14,4.105,8.4804,1.7,1793
0703002-0918-15-42-gnss_raw.txt,2436,459556.800,FINESTEERING,SOL_COMPUTED,SINGLE,24,15,3.8364,7.9334,1.8,1793
0703002-0918-15-42-gnss_raw.txt,2436,459556.900,FINESTEERING,SOL_COMPUTED,SINGLE,24,14,3.835,7.9325,1.9,1793
0703002-0918-15-42-gnss_raw.txt,2436,459557.000,FINESTEERING,SOL_COMPUTED,SINGLE,24,15,3.8454,7.9561,1.0,1793
0703002-0918-15-42-gnss_raw.txt,2436,459557.100,FINESTEERING,SOL_COMPUTED,SINGLE,24,15,3.7473,7.756,1.1,1793
0703002-0918-15-42-gnss_raw.txt,2436,459557.200,FINESTEERING,SOL_COMPUTED,SINGLE,24,15,3.8372,7.946,1.2,1793
0703002-0918-15-42-gnss_raw.txt,2436,459557.300,FINESTEERING,SOL_COMPUTED,SINGLE,24,15,3.8354,7.9455,1.3,1793
0703002-0918-15-42-gnss_raw.txt,2436,459557.400,FINESTEERING,SOL_COMPUTED,SINGLE,24,14,3.9044,8.101,1.4,1793
0703002-0918-15-42-gnss_raw.txt,2436,459557.500,FINESTEERING,SOL_COMPUTED,SINGLE,24,14,3.996,8.3035,1.5,1793
0703002-0918-15-42-gnss_raw.txt,2436,459557.600,FINESTEERING,SOL_COMPUTED,SINGLE,24,14,4.1474,8.6326,1.6,1793
0703002-0918-15-42-gnss_raw.txt,2436,459557.700,FINESTEERING,SOL_COMPUTED,SINGLE,24,15,3.8687,8.0566,1.7,1793
0703002-0918-15-42-gnss_raw.txt,2436,459557.800,FINESTEERING,SOL_COMPUTED,SINGLE,24,15,4.0076,8.3548,0.8,1793
0703002-0918-15-42-gnss_raw.txt,2436,459557.900,FINESTEERING,SOL_COMPUTED,SINGLE,24,15,3.8963,8.1342,0.9,1793
0703002-0918-15-42-gnss_raw.txt,2436,459558.000,FINESTEERING,SOL_COMPUTED,SINGLE,24,15,3.84,8.0295,1.0,1793
0703002-0918-15-42-gnss_raw.txt,2436,459558.100,FINESTEERING,SOL_COMPUTED,SINGLE,24,15,3.9421,8.2513,1.1,1793
0703002-0918-15-42-gnss_raw.txt,2436,459558.200,FINESTEERING,SOL_COMPUTED,SINGLE,24,15,3.9846,8.3464,1.2,1793
0703002-0918-15-42-gnss_raw.txt,2436,459558.300,FINESTEERING,SOL_COMPUTED,SINGLE,24,15,3.8175,8.0034,1.3,1793
0703002-0918-15-42-gnss_raw.txt,2436,459558.400,FINESTEERING,SOL_COMPUTED,SINGLE,24,15,4.0422,8.4879,1.4,1793
0703002-0918-15-42-gnss_raw.txt,2436,459558.500,FINESTEERING,SOL_COMPUTED,SINGLE,24,14,3.8725,8.1409,1.5,1793
0703002-0918-15-42-gnss_raw.txt,2436,459558.600,FINESTEERING,SOL_COMPUTED,SINGLE,24,14,4.0174,8.453,1.6,1793
0703002-0918-15-42-gnss_raw.txt,2436,459558.700,FINESTEERING,SOL_COMPUTED,SINGLE,24,14,4.0233,8.4701,1.7,1793
0703002-0918-15-42-gnss_raw.txt,2436,459558.800,FINESTEERING,SOL_COMPUTED,SINGLE,24,14,3.953,8.3323,1.8,1793
0703002-0918-15-42-gnss_raw.txt,2436,459558.900,FINESTEERING,SOL_COMPUTED,SINGLE,24,13,3.9115,8.2447,0.9,1793
0703002-0918-15-42-gnss_raw.txt,2436,459559.000,FINESTEERING,SOL_COMPUTED,SINGLE,24,13,3.9695,8.367,1.0,1793
0703002-0918-15-42-gnss_raw.txt,2436,459559.100,FINESTEERING,SOL_COMPUTED,SINGLE,24,14,3.7255,7.8564,1.1,1793
0703002-0918-15-42-gnss_raw.txt,2436,459559.200,FINESTEERING,SOL_COMPUTED,SINGLE,24,14,3.735,7.8803,1.2,1793
0703002-0918-15-42-gnss_raw.txt,2436,459559.300,FINESTEERING,SOL_COMPUTED,SINGLE,24,15,3.7859,7.9963,1.3,1793
0703002-0918-15-42-gnss_raw.txt,2436,459559.400,FINESTEERING,SOL_COMPUTED,SINGLE,24,14,3.8799,8.2107,1.4,1793
0703002-0918-15-42-gnss_raw.txt,2436,459559.500,FINESTEERING,SOL_COMPUTED,SINGLE,24,13,3.9078,8.2764,1.5,1793
0703002-0918-15-42-gnss_raw.txt,2436,459559.600,FINESTEERING,SOL_COMPUTED,SINGLE,24,14,3.8177,8.0893,1.6,1793
0703002-0918-15-42-gnss_raw.txt,2436,459559.700,FINESTEERING,SOL_COMPUTED,SINGLE,24,14,3.7034,7.8503,1.7,1793
0703002-0918-15-42-gnss_raw.txt,2436,459559.800,FINESTEERING,SOL_COMPUTED,SINGLE,24,14,3.6768,7.8006,0.8,1793
0703002-0918-15-42-gnss_raw.txt,2436,459559.900,FINESTEERING,SOL_COMPUTED,SINGLE,24,13,3.7472,7.9503,0.9,1793
0703002-0918-15-42-gnss_raw.txt,2436,459560.000,FINESTEERING,SOL_COMPUTED,SINGLE,24,14,3.6055,7.6524,1.0,1793
0703002-0918-15-42-gnss_raw.txt,2436,459560.100,FINESTEERING,SOL_COMPUTED,SINGLE,24,13,3.6691,7.7885,1.1,1793
0703002-0918-15-42-gnss_raw.txt,2436,459560.200,FINESTEERING,SOL_COMPUTED,SINGLE,24,14,3.6124,7.6729,1.2,1793
0703002-0918-15-42-gnss_raw.txt,2436,459560.300,FINESTEERING,SOL_COMPUTED,SINGLE,24,13,3.7925,8.0551,1.3,1793
0703002-0918-15-42-gnss_raw.txt,2436,459560.400,FINESTEERING,SOL_COMPUTED,SINGLE,24,13,3.7212,7.9101,1.4,1793
0703002-0918-15-42-gnss_raw.txt,2436,459560.500,FINESTEERING,SOL_COMPUTED,SINGLE,24,14,3.6426,7.7506,1.5,1793
0703002-0918-15-42-gnss_raw.txt,2436,459560.600,FINESTEERING,SOL_COMPUTED,SINGLE,24,13,3.7355,7.9566,1.6,1793
0703002-0918-15-42-gnss_raw.txt,2436,459560.700,FINESTEERING,SOL_COMPUTED,SINGLE,24,12,3.8365,8.1721,1.7,1793
0703002-0918-15-42-gnss_raw.txt,2436,459560.800,FINESTEERING,SOL_COMPUTED,SINGLE,24,12,3.9983,8.5202,0.8,1793
0703002-0918-15-42-gnss_raw.txt,2436,459560.900,FINESTEERING,SOL_COMPUTED,SINGLE,24,13,3.97,8.4628,0.9,1793
0703002-0918-15-42-gnss_raw.txt,2436,459561.000,FINESTEERING,SOL_COMPUTED,SINGLE,24,14,3.8702,8.2485,1.0,1793
0703002-0918-15-42-gnss_raw.txt,2436,459561.100,FINESTEERING,SOL_COMPUTED,SINGLE,24,15,3.6502,7.7754,1.1,1793
0703002-0918-15-42-gnss_raw.txt,2436,459561.200,FINESTEERING,SOL_COMPUTED,SINGLE,24,14,3.8531,8.204,1.2,1793
0703002-0918-15-42-gnss_raw.txt,2436,459561.300,FINESTEERING,SOL_COMPUTED,SINGLE,24,15,3.6239,7.7249,1.3,1793
0703002-0918-15-42-gnss_raw.txt,2436,459561.400,FINESTEERING,SOL_COMPUTED,SINGLE,24,14,3.6901,7.8743,1.4,1793
0703002-0918-15-42-gnss_raw.txt,2436,459561.500,FINESTEERING,SOL_COMPUTED,SINGLE,24,13,3.8383,8.2003,1.5,1793
0703002-0918-15-42-gnss_raw.txt,2436,459561.600,FINESTEERING,SOL_COMPUTED,SINGLE,24,13,3.8299,8.2028,1.6,1793
0703002-0918-15-42-gnss_raw.txt,2436,459561.700,FINESTEERING,SOL_COMPUTED,SINGLE,24,13,3.8505,8.2566,1.7,1793
0703002-0918-15-42-gnss_raw.txt,2436,459561.800,FINESTEERING,SOL_COMPUTED,SINGLE,24,14,3.7216,7.9823,1.8,1793
0703002-0918-15-42-gnss_raw.txt,2436,459561.900,FINESTEERING,SOL_COMPUTED,SINGLE,24,14,3.6815,7.9011,0.9,1793
0703002-0918-15-42-gnss_raw.txt,2436,459562.000,FINESTEERING,SOL_COMPUTED,SINGLE,24,14,3.6463,7.8295,1.0,1793
0703002-0918-15-42-gnss_raw.txt,2436,459562.100,FINESTEERING,SOL_COMPUTED,SINGLE,24,14,3.6238,7.7805,1.1,1793
0703002-0918-15-42-gnss_raw.txt,2436,459562.200,FINESTEERING,SOL_COMPUTED,SINGLE,24,14,3.7175,7.9847,1.2,1793
0703002-0918-15-42-gnss_raw.txt,2436,459562.300,FINESTEERING,SOL_COMPUTED,SINGLE,24,14,3.6391,7.8193,1.3,1793
0703002-0918-15-42-gnss_raw.txt,2436,459562.400,FINESTEERING,SOL_COMPUTED,SINGLE,24,14,3.7518,8.0659,1.4,1793
0703002-0918-15-42-gnss_raw.txt,2436,459562.500,FINESTEERING,SOL_COMPUTED,SINGLE,24,14,3.7466,8.069,1.5,1793
0703002-0918-15-42-gnss_raw.txt,2436,459562.600,FINESTEERING,SOL_COMPUTED,SINGLE,24,14,3.7071,7.9895,1.6,1793
0703002-0918-15-42-gnss_raw.txt,2436,459562.700,FINESTEERING,SOL_COMPUTED,SINGLE,24,14,3.6672,7.9153,1.7,1793
0703002-0918-15-42-gnss_raw.txt,2436,459562.800,FINESTEERING,SOL_COMPUTED,SINGLE,24,14,3.625,7.8419,1.8,1793
0703002-0918-15-42-gnss_raw.txt,2436,459562.900,FINESTEERING,SOL_COMPUTED,SINGLE,24,14,3.6144,7.8167,0.9,1793
0703002-0918-15-42-gnss_raw.txt,2436,459563.000,FINESTEERING,SOL_COMPUTED,SINGLE,24,14,3.574,7.7303,1.0,1793
0703002-0918-15-42-gnss_raw.txt,2436,459563.100,FINESTEERING,SOL_COMPUTED,SINGLE,24,14,3.5697,7.7272,1.1,1793
0703002-0918-15-42-gnss_raw.txt,2436,459563.200,FINESTEERING,SOL_COMPUTED,SINGLE,24,14,3.5507,7.6935,1.2,1793
0703002-0918-15-42-gnss_raw.txt,2436,459563.300,FINESTEERING,SOL_COMPUTED,SINGLE,24,14,3.3518,7.2758,1.3,1793
0703002-0918-15-42-gnss_raw.txt,2436,459563.400,FINESTEERING,SOL_COMPUTED,SINGLE,24,13,3.6161,7.8617,1.4,1793
0703002-0918-15-42-gnss_raw.txt,2436,459563.500,FINESTEERING,SOL_COMPUTED,SINGLE,24,14,3.523,7.6679,1.5,1793
0703002-0918-15-42-gnss_raw.txt,2436,459563.600,FINESTEERING,SOL_COMPUTED,SINGLE,24,14,3.4716,7.5645,1.6,1793
0703002-0918-15-42-gnss_raw.txt,2436,459563.700,FINESTEERING,SOL_COMPUTED,SINGLE,24,13,3.6956,8.0634,1.7,1793
0703002-0918-15-42-gnss_raw.txt,2436,459563.800,FINESTEERING,SOL_COMPUTED,SINGLE,24,13,3.3113,7.2281,1.8,1793
0703002-0918-15-42-gnss_raw.txt,2436,459563.900,FINESTEERING,SOL_COMPUTED,SINGLE,24,15,3.3372,7.2867,1.9,1793
0703002-0918-15-42-gnss_raw.txt,2436,459564.000,FINESTEERING,SOL_COMPUTED,SINGLE,24,15,3.3861,7.3969,1.0,1793
0703002-0918-15-42-gnss_raw.txt,2436,459564.100,FINESTEERING,SOL_COMPUTED,SINGLE,24,14,3.4857,7.6184,1.1,1793
0703002-0918-15-42-gnss_raw.txt,2436,459564.200,FINESTEERING,SOL_COMPUTED,SINGLE,24,15,3.3554,7.3409,1.2,1793
0703002-0918-15-42-gnss_raw.txt,2436,459564.300,FINESTEERING,SOL_COMPUTED,SINGLE,24,15,3.4045,7.4539,1.3,1793
0703002-0918-15-42-gnss_raw.txt,2436,459564.400,FINESTEERING,SOL_COMPUTED,SINGLE,24,15,3.3404,7.3167,1.4,1793
0703002-0918-15-42-gnss_raw.txt,2436,459564.500,FINESTEERING,SOL_COMPUTED,SINGLE,24,14,3.2943,7.2157,1.5,1793
0703002-0918-15-42-gnss_raw.txt,2436,459564.600,FINESTEERING,SOL_COMPUTED,SINGLE,24,15,3.3589,7.3653,1.6,1793
0703002-0918-15-42-gnss_raw.txt,2436,459564.700,FINESTEERING,SOL_COMPUTED,SINGLE,24,15,3.3598,7.3639,0.7,1793
0703002-0918-15-42-gnss_raw.txt,2436,459564.800,FINESTEERING,SOL_COMPUTED,SINGLE,24,14,3.3391,7.3177,0.8,1793
0703002-0918-15-42-gnss_raw.txt,2436,459564.900,FINESTEERING,SOL_COMPUTED,SINGLE,24,15,3.2833,7.1954,0.9,1793
0703002-0918-15-42-gnss_raw.txt,2436,459565.000,FINESTEERING,SOL_COMPUTED,SINGLE,24,14,3.4099,7.4702,1.0,1793
0703002-0918-15-42-gnss_raw.txt,2436,459565.100,FINESTEERING,SOL_COMPUTED,SINGLE,24,14,3.4327,7.5172,1.1,1793
0703002-0918-15-42-gnss_raw.txt,2436,459565.200,FINESTEERING,SOL_COMPUTED,SINGLE,24,13,3.4427,7.5374,1.2,1793
0703002-0918-15-42-gnss_raw.txt,2436,459565.300,FINESTEERING,SOL_COMPUTED,SINGLE,24,13,3.3859,7.4254,1.3,1793
0703002-0918-15-42-gnss_raw.txt,2436,459565.400,FINESTEERING,SOL_COMPUTED,SINGLE,24,14,3.4565,7.5895,1.4,1793
0703002-0918-15-42-gnss_raw.txt,2436,459565.500,FINESTEERING,SOL_COMPUTED,SINGLE,24,15,3.3678,7.3934,1.5,1793
0703002-0918-15-42-gnss_raw.txt,2436,459565.600,FINESTEERING,SOL_COMPUTED,SINGLE,24,15,3.5237,7.7327,1.6,1793
0703002-0918-15-42-gnss_raw.txt,2436,459565.700,FINESTEERING,SOL_COMPUTED,SINGLE,24,15,3.371,7.402,1.7,1793
0703002-0918-15-42-gnss_raw.txt,2436,459565.800,FINESTEERING,SOL_COMPUTED,SINGLE,24,15,3.3729,7.409,0.8,1793
0703002-0918-15-42-gnss_raw.txt,2436,459565.900,FINESTEERING,SOL_COMPUTED,SINGLE,24,14,3.3884,7.4471,0.9,1793
0703002-0918-15-42-gnss_raw.txt,2436,459566.000,FINESTEERING,SOL_COMPUTED,SINGLE,24,14,3.3669,7.3961,1.0,1793
0703002-0918-15-42-gnss_raw.txt,2436,459566.100,FINESTEERING,SOL_COMPUTED,SINGLE,24,15,3.2972,7.2443,1.1,1793
0703002-0918-15-42-gnss_raw.txt,2436,459566.200,FINESTEERING,SOL_COMPUTED,SINGLE,25,16,3.4483,7.5741,1.2,1793
0703002-0918-15-42-gnss_raw.txt,2436,459566.300,FINESTEERING,SOL_COMPUTED,SINGLE,25,16,3.4804,7.6404,1.3,1793
0703002-0918-15-42-gnss_raw.txt,2436,459566.400,FINESTEERING,SOL_COMPUTED,SINGLE,25,15,3.4881,7.6504,1.4,1793
0703002-0918-15-42-gnss_raw.txt,2436,459566.500,FINESTEERING,SOL_COMPUTED,SINGLE,25,15,3.5441,7.7688,1.5,1793
0703002-0918-15-42-gnss_raw.txt,2436,459566.600,FINESTEERING,SOL_COMPUTED,SINGLE,25,14,3.6683,8.0368,1.6,1793
0703002-0918-15-42-gnss_raw.txt,2436,459566.700,FINESTEERING,SOL_COMPUTED,SINGLE,25,15,3.5804,7.8362,0.7,1793
0703002-0918-15-42-gnss_raw.txt,2436,459566.800,FINESTEERING,SOL_COMPUTED,SINGLE,25,14,3.666,8.0221,0.8,1793
0703002-0918-15-42-gnss_raw.txt,2436,459566.900,FINESTEERING,SOL_COMPUTED,SINGLE,25,14,3.5766,7.8294,0.9,1793
0703002-0918-15-42-gnss_raw.txt,2436,459567.000,FINESTEERING,SOL_COMPUTED,SINGLE,25,14,3.6756,8.0495,1.0,1793
0703002-0918-15-42-gnss_raw.txt,2436,459567.100,FINESTEERING,SOL_COMPUTED,SINGLE,25,14,3.8646,8.4619,1.1,1793
0703002-0918-15-42-gnss_raw.txt,2436,459567.200,FINESTEERING,SOL_COMPUTED,SINGLE,25,13,3.7854,8.2869,1.2,1793
0703002-0918-15-42-gnss_raw.txt,2436,459567.300,FINESTEERING,SOL_COMPUTED,SINGLE,25,13,3.7703,8.2513,1.3,1793
0703002-0918-15-42-gnss_raw.txt,2436,459567.400,FINESTEERING,SOL_COMPUTED,SINGLE,25,13,3.7373,8.168,1.4,1793
0703002-0918-15-42-gnss_raw.txt,2436,459567.500,FINESTEERING,SOL_COMPUTED,SINGLE,25,13,3.681,8.0354,1.5,1793
0703002-0918-15-42-gnss_raw.txt,2436,459567.600,FINESTEERING,SOL_COMPUTED,SINGLE,25,14,3.57,7.7816,1.6,1793
0703002-0918-15-42-gnss_raw.txt,2436,459567.700,FINESTEERING,SOL_COMPUTED,SINGLE,25,11,3.8147,8.3137,0.7,1793
0703002-0918-15-42-gnss_raw.txt,2436,459567.800,FINESTEERING,SOL_COMPUTED,SINGLE,25,12,3.9731,8.6464,0.8,1793
0703002-0918-15-42-gnss_raw.txt,2436,459567.900,FINESTEERING,SOL_COMPUTED,SINGLE,25,13,3.7881,8.2393,0.9,1793
0703002-0918-15-42-gnss_raw.txt,2436,459568.000,FINESTEERING,SOL_COMPUTED,SINGLE,25,13,3.8933,8.4635,1.0,1793
0703002-0918-15-42-gnss_raw.txt,2436,459568.100,FINESTEERING,SOL_COMPUTED,SINGLE,25,13,3.8718,8.4118,1.1,1793
0703002-0918-15-42-gnss_raw.txt,2436,459568.200,FINESTEERING,SOL_COMPUTED,SINGLE,24,13,3.7329,8.1047,1.2,1793
0703002-0918-15-42-gnss_raw.txt,2436,459568.300,FINESTEERING,SOL_COMPUTED,SINGLE,24,12,4.0833,8.8595,1.3,1793
0703002-0918-15-42-gnss_raw.txt,2436,459568.400,FINESTEERING,SOL_COMPUTED,SINGLE,24,13,4.1122,8.9189,1.4,1793
0703002-0918-15-42-gnss_raw.txt,2436,459568.500,FINESTEERING,SOL_COMPUTED,SINGLE,24,13,4.1552,9.009,1.5,1793
0703002-0918-15-42-gnss_raw.txt,2436,459568.600,FINESTEERING,SOL_COMPUTED,SINGLE,24,14,3.7493,8.1278,1.6,1793
0703002-0918-15-42-gnss_raw.txt,2436,459568.700,FINESTEERING,SOL_COMPUTED,SINGLE,24,13,3.811,8.261,1.7,1793
0703002-0918-15-42-gnss_raw.txt,2436,459568.800,FINESTEERING,SOL_COMPUTED,SINGLE,24,14,3.866,8.3781,1.8,1793
0703002-0918-15-42-gnss_raw.txt,2436,459568.900,FINESTEERING,SOL_COMPUTED,SINGLE,24,14,3.5835,7.769,1.9,1793
0703002-0918-15-42-gnss_raw.txt,2436,459569.000,FINESTEERING,SOL_COMPUTED,SINGLE,24,15,3.7546,8.1437,2.0,1793
0703002-0918-15-42-gnss_raw.txt,2436,459569.100,FINESTEERING,SOL_COMPUTED,SINGLE,24,14,3.8761,8.4068,1.1,1793
0703002-0918-15-42-gnss_raw.txt,2436,459569.200,FINESTEERING,SOL_COMPUTED,SINGLE,24,15,3.745,8.1212,1.2,1793
0703002-0918-15-42-gnss_raw.txt,2436,459569.300,FINESTEERING,SOL_COMPUTED,SINGLE,24,14,3.6407,7.9033,1.3,1793
0703002-0918-15-42-gnss_raw.txt,2436,459569.400,FINESTEERING,SOL_COMPUTED,SINGLE,24,13,3.7751,8.2007,1.4,1793
0703002-0918-15-42-gnss_raw.txt,2436,459569.500,FINESTEERING,SOL_COMPUTED,SINGLE,24,13,3.575,7.7722,1.5,1793
0703002-0918-15-42-gnss_raw.txt,2436,459569.600,FINESTEERING,SOL_COMPUTED,SINGLE,24,13,3.7644,8.1881,1.6,1793
0703002-0918-15-42-gnss_raw.txt,2436,459569.700,FINESTEERING,SOL_COMPUTED,SINGLE,24,14,3.5266,7.6728,1.7,1793
0703002-0918-15-42-gnss_raw.txt,2436,459569.800,FINESTEERING,SOL_COMPUTED,SINGLE,24,14,3.6418,7.9313,0.8,1793
0703002-0918-15-42-gnss_raw.txt,2436,459569.900,FINESTEERING,SOL_COMPUTED,SINGLE,24,13,3.7709,8.223,0.9,1793
0703002-0918-15-42-gnss_raw.txt,2436,459570.000,FINESTEERING,SOL_COMPUTED,SINGLE,24,13,3.5674,7.7843,1.0,1793
0703002-0918-15-42-gnss_raw.txt,2436,459570.100,FINESTEERING,SOL_COMPUTED,SINGLE,24,13,3.6133,7.8905,1.1,1793
0703002-0918-15-42-gnss_raw.txt,2436,459570.200,FINESTEERING,SOL_COMPUTED,SINGLE,24,13,3.5039,7.66,1.2,1793
0703002-0918-15-42-gnss_raw.txt,2436,459570.300,FINESTEERING,SOL_COMPUTED,SINGLE,24,12,3.6699,8.0286,1.3,1793
0703002-0918-15-42-gnss_raw.txt,2436,459570.400,FINESTEERING,SOL_COMPUTED,SINGLE,24,12,3.5973,7.8741,1.4,1793
0703002-0918-15-42-gnss_raw.txt,2436,459570.500,FINESTEERING,SOL_COMPUTED,SINGLE,24,12,3.5579,7.7885,1.5,1793
0703002-0918-15-42-gnss_raw.txt,2436,459570.600,FINESTEERING,SOL_COMPUTED,SINGLE,24,12,3.6385,7.9683,1.6,1793
0703002-0918-15-42-gnss_raw.txt,2436,459570.700,FINESTEERING,SOL_COMPUTED,SINGLE,24,12,3.4842,7.632,1.7,1793
0703002-0918-15-42-gnss_raw.txt,2436,459570.800,FINESTEERING,SOL_COMPUTED,SINGLE,24,12,3.4544,7.5715,0.8,1793
0703002-0918-15-42-gnss_raw.txt,2436,459570.900,FINESTEERING,SOL_COMPUTED,SINGLE,24,12,3.5001,7.6705,0.9,1793
0703002-0918-15-42-gnss_raw.txt,2436,459571.000,FINESTEERING,SOL_COMPUTED,SINGLE,24,12,3.493,7.6577,1.0,1793
0703002-0918-15-42-gnss_raw.txt,2436,459571.100,FINESTEERING,SOL_COMPUTED,SINGLE,24,13,3.4673,7.6038,1.1,1793
0703002-0918-15-42-gnss_raw.txt,2436,459571.200,FINESTEERING,SOL_COMPUTED,SINGLE,24,13,3.563,7.8247,1.2,1793
0703002-0918-15-42-gnss_raw.txt,2436,459571.300,FINESTEERING,SOL_COMPUTED,SINGLE,24,13,3.4965,7.6912,1.3,1793
0703002-0918-15-42-gnss_raw.txt,2436,459571.400,FINESTEERING,SOL_COMPUTED,SINGLE,24,13,3.6175,7.9722,1.4,1793
0703002-0918-15-42-gnss_raw.txt,2436,459571.500,FINESTEERING,SOL_COMPUTED,SINGLE,24,12,3.7049,8.1668,1.5,1793
0703002-0918-15-42-gnss_raw.txt,2436,459571.600,FINESTEERING,SOL_COMPUTED,SINGLE,24,11,3.9054,8.6086,1.6,1793
0703002-0918-15-42-gnss_raw.txt,2436,459571.700,FINESTEERING,SOL_COMPUTED,SINGLE,24,11,3.889,8.5687,1.7,1793
0703002-0918-15-42-gnss_raw.txt,2436,459571.800,FINESTEERING,SOL_COMPUTED,SINGLE,24,15,3.5152,7.7598,1.8,1793
0703002-0918-15-42-gnss_raw.txt,2436,459571.900,FINESTEERING,SOL_COMPUTED,SINGLE,24,15,3.7664,8.3319,1.9,1793
0703002-0918-15-42-gnss_raw.txt,2436,459572.000,FINESTEERING,SOL_COMPUTED,SINGLE,24,15,3.7337,8.2698,1.0,1793
0703002-0918-15-42-gnss_raw.txt,2436,459572.100,FINESTEERING,SOL_COMPUTED,SINGLE,24,13,3.8594,8.5513,1.1,1793
0703002-0918-15-42-gnss_raw.txt,2436,459572.200,FINESTEERING,SOL_COMPUTED,SINGLE,24,15,3.571,7.916,1.2,1793
0703002-0918-15-42-gnss_raw.txt,2436,459572.300,FINESTEERING,SOL_COMPUTED,SINGLE,24,14,3.4632,7.6836,1.3,1793
0703002-0918-15-42-gnss_raw.txt,2436,459572.400,FINESTEERING,SOL_COMPUTED,SINGLE,24,16,3.7023,8.2565,1.4,1793
0703002-0918-15-42-gnss_raw.txt,2436,459572.500,FINESTEERING,SOL_COMPUTED,SINGLE,24,14,3.5502,7.9321,1.5,1793
0703002-0918-15-42-gnss_raw.txt,2436,459572.600,FINESTEERING,SOL_COMPUTED,SINGLE,24,15,3.4365,7.6895,1.6,1793
0703002-0918-15-42-gnss_raw.txt,2436,459572.700,FINESTEERING,SOL_COMPUTED,SINGLE,24,15,3.4642,7.7497,1.7,1793
0703002-0918-15-42-gnss_raw.txt,2436,459572.800,FINESTEERING,SOL_COMPUTED,SINGLE,24,15,3.6459,8.1565,0.8,1793
0703002-0918-15-42-gnss_raw.txt,2436,459572.900,FINESTEERING,SOL_COMPUTED,SINGLE,24,15,3.5036,7.8387,0.9,1793
0703002-0918-15-42-gnss_raw.txt,2436,459573.000,FINESTEERING,SOL_COMPUTED,SINGLE,24,15,3.5998,8.0585,1.0,1793
0703002-0918-15-42-gnss_raw.txt,2436,459573.100,FINESTEERING,SOL_COMPUTED,SINGLE,24,15,3.6917,8.2652,1.1,1793
0703002-0918-15-42-gnss_raw.txt,2436,459573.200,FINESTEERING,SOL_COMPUTED,SINGLE,24,14,3.2399,7.2586,1.2,1793
0703002-0918-15-42-gnss_raw.txt,2436,459573.300,FINESTEERING,SOL_COMPUTED,SINGLE,24,15,3.5513,7.9661,1.3,1793
0703002-0918-15-42-gnss_raw.txt,2436,459573.400,FINESTEERING,SOL_COMPUTED,SINGLE,24,15,3.4799,7.8112,1.4,1793
0703002-0918-15-42-gnss_raw.txt,2436,459573.500,FINESTEERING,SOL_COMPUTED,SINGLE,24,15,3.2475,7.2987,1.5,1793
0703002-0918-15-42-gnss_raw.txt,2436,459573.600,FINESTEERING,SOL_COMPUTED,SINGLE,24,15,3.2969,7.4066,1.6,1793
0703002-0918-15-42-gnss_raw.txt,2436,459573.700,FINESTEERING,SOL_COMPUTED,SINGLE,24,15,3.3549,7.5383,1.7,1793
0703002-0918-15-42-gnss_raw.txt,2436,459573.800,FINESTEERING,SOL_COMPUTED,SINGLE,24,15,3.3,7.4206,1.8,1793
0703002-0918-15-42-gnss_raw.txt,2436,459573.900,FINESTEERING,SOL_COMPUTED,SINGLE,24,15,3.4502,7.7692,0.9,1793
0703002-0918-15-42-gnss_raw.txt,2436,459574.000,FINESTEERING,SOL_COMPUTED,SINGLE,24,15,3.4137,7.6932,1.0,1793
0703002-0918-15-42-gnss_raw.txt,2436,459574.100,FINESTEERING,SOL_COMPUTED,SINGLE,24,15,3.3948,7.6624,1.1,1793
0703002-0918-15-42-gnss_raw.txt,2436,459574.200,FINESTEERING,SOL_COMPUTED,SINGLE,24,14,3.416,7.7102,1.2,1793
0703002-0918-15-42-gnss_raw.txt,2436,459574.300,FINESTEERING,SOL_COMPUTED,SINGLE,24,13,3.4893,7.8716,1.3,1793
0703002-0918-15-42-gnss_raw.txt,2436,459574.400,FINESTEERING,SOL_COMPUTED,SINGLE,24,13,3.6933,8.3273,1.4,1793
0703002-0918-15-42-gnss_raw.txt,2436,459574.500,FINESTEERING,SOL_COMPUTED,SINGLE,24,15,3.3762,7.6105,1.5,1793
0703002-0918-15-42-gnss_raw.txt,2436,459574.600,FINESTEERING,SOL_COMPUTED,SINGLE,24,15,3.5051,7.8979,1.6,1793
0703002-0918-15-42-gnss_raw.txt,2436,459574.700,FINESTEERING,SOL_COMPUTED,SINGLE,24,15,3.6433,8.2033,1.7,1793
0703002-0918-15-42-gnss_raw.txt,2436,459574.800,FINESTEERING,SOL_COMPUTED,SINGLE,24,14,3.5649,8.0228,0.8,1793
0703002-0918-15-42-gnss_raw.txt,2436,459574.900,FINESTEERING,SOL_COMPUTED,SINGLE,24,15,3.56,8.0105,0.9,1793
0703002-0918-15-42-gnss_raw.txt,2436,459575.000,FINESTEERING,SOL_COMPUTED,SINGLE,24,15,3.4014,7.6564,1.0,1793
0703002-0918-15-42-gnss_raw.txt,2436,459575.100,FINESTEERING,SOL_COMPUTED,SINGLE,24,15,3.6346,8.1849,1.1,1793
0703002-0918-15-42-gnss_raw.txt,2436,459575.200,FINESTEERING,SOL_COMPUTED,SINGLE,24,14,3.5901,8.0926,1.2,1793
0703002-0918-15-42-gnss_raw.txt,2436,459575.300,FINESTEERING,SOL_COMPUTED,SINGLE,24,13,3.6364,8.2044,1.3,1793
0703002-0918-15-42-gnss_raw.txt,2436,459575.400,FINESTEERING,SOL_COMPUTED,SINGLE,24,13,3.617,8.1729,1.4,1793
0703002-0918-15-42-gnss_raw.txt,2436,459575.500,FINESTEERING,SOL_COMPUTED,SINGLE,24,15,3.4967,7.9067,1.5,1793
0703002-0918-15-42-gnss_raw.txt,2436,459575.600,FINESTEERING,SOL_COMPUTED,SINGLE,24,14,3.3254,7.5205,1.6,1793
0703002-0918-15-42-gnss_raw.txt,2436,459575.700,FINESTEERING,SOL_COMPUTED,SINGLE,24,15,3.5609,8.0499,1.7,1793
0703002-0918-15-42-gnss_raw.txt,2436,459575.800,FINESTEERING,SOL_COMPUTED,SINGLE,24,13,3.5684,8.0646,0.8,1793
0703002-0918-15-42-gnss_raw.txt,2436,459575.900,FINESTEERING,SOL_COMPUTED,SINGLE,24,15,3.3427,7.5491,0.9,1793
0703002-0918-15-42-gnss_raw.txt,2436,459576.000,FINESTEERING,SOL_COMPUTED,SINGLE,24,13,3.5009,7.9035,1.0,1793
0703002-0918-15-42-gnss_raw.txt,2436,459576.100,FINESTEERING,SOL_COMPUTED,SINGLE,24,13,3.4572,7.8016,1.1,1793
0703002-0918-15-42-gnss_raw.txt,2436,459576.200,FINESTEERING,SOL_COMPUTED,SINGLE,24,13,3.5108,7.9233,1.2,1793
0703002-0918-15-42-gnss_raw.txt,2436,459576.300,FINESTEERING,SOL_COMPUTED,SINGLE,24,13,3.5095,7.919,1.3,1793
0703002-0918-15-42-gnss_raw.txt,2436,459576.400,FINESTEERING,SOL_COMPUTED,SINGLE,24,16,3.5563,8.0231,1.4,1793
0703002-0918-15-42-gnss_raw.txt,2436,459576.500,FINESTEERING,SOL_COMPUTED,SINGLE,24,17,3.4603,7.8075,1.5,1793
0703002-0918-15-42-gnss_raw.txt,2436,459576.600,FINESTEERING,SOL_COMPUTED,SINGLE,24,16,3.4019,7.6741,1.6,1793
0703002-0918-15-42-gnss_raw.txt,2436,459576.700,FINESTEERING,SOL_COMPUTED,SINGLE,24,16,3.4828,7.8522,0.7,1793
0703002-0918-15-42-gnss_raw.txt,2436,459576.800,FINESTEERING,SOL_COMPUTED,SINGLE,24,16,3.3771,7.6097,0.8,1793
0703002-0918-15-42-gnss_raw.txt,2436,459576.900,FINESTEERING,SOL_COMPUTED,SINGLE,24,15,3.5089,7.9062,0.9,1793
0703002-0918-15-42-gnss_raw.txt,2436,459577.000,FINESTEERING,SOL_COMPUTED,SINGLE,24,16,3.4254,7.7201,1.0,1793
0703002-0918-15-42-gnss_raw.txt,2436,459577.100,FINESTEERING,SOL_COMPUTED,SINGLE,24,14,3.4798,7.8488,1.1,1793
0703002-0918-15-42-gnss_raw.txt,2436,459577.200,FINESTEERING,SOL_COMPUTED,SINGLE,24,14,3.5086,7.9165,1.2,1793
0703002-0918-15-42-gnss_raw.txt,2436,459577.300,FINESTEERING,SOL_COMPUTED,SINGLE,24,16,3.661,8.2674,1.3,1793
0703002-0918-15-42-gnss_raw.txt,2436,459577.400,FINESTEERING,SOL_COMPUTED,SINGLE,24,15,3.7294,8.4314,1.4,1793
0703002-0918-15-42-gnss_raw.txt,2436,459577.500,FINESTEERING,SOL_COMPUTED,SINGLE,24,15,3.8795,8.7903,1.5,1793
0703002-0918-15-42-gnss_raw.txt,2436,459577.600,FINESTEERING,SOL_COMPUTED,SINGLE,24,14,3.4714,7.857,1.6,1793
0703002-0918-15-42-gnss_raw.txt,2436,459577.700,FINESTEERING,SOL_COMPUTED,SINGLE,24,15,3.3434,7.552,1.7,1793
0703002-0918-15-42-gnss_raw.txt,2436,459577.800,FINESTEERING,SOL_COMPUTED,SINGLE,24,16,3.4403,7.7577,1.8,1793
0703002-0918-15-42-gnss_raw.txt,2436,459577.900,FINESTEERING,SOL_COMPUTED,SINGLE,24,15,3.5482,7.9859,0.9,1793
0703002-0918-15-42-gnss_raw.txt,2436,459578.000,FINESTEERING,SOL_COMPUTED,SINGLE,24,17,3.4687,7.7906,1.0,1793
0703002-0918-15-42-gnss_raw.txt,2436,459578.100,FINESTEERING,SOL_COMPUTED,SINGLE,24,17,3.3632,7.5463,1.1,1793
0703002-0918-15-42-gnss_raw.txt,2436,459578.200,FINESTEERING,SOL_COMPUTED,SINGLE,24,16,3.3706,7.5564,1.2,1793
0703002-0918-15-42-gnss_raw.txt,2436,459578.300,FINESTEERING,SOL_COMPUTED,SINGLE,24,16,3.4147,7.6523,1.3,1793
0703002-0918-15-42-gnss_raw.txt,2436,459578.400,FINESTEERING,SOL_COMPUTED,SINGLE,24,15,3.4308,7.6894,1.4,1793
0703002-0918-15-42-gnss_raw.txt,2436,459578.500,FINESTEERING,SOL_COMPUTED,SINGLE,24,15,3.3708,7.5508,1.5,1793
0703002-0918-15-42-gnss_raw.txt,2436,459578.600,FINESTEERING,SOL_COMPUTED,SINGLE,24,15,3.4669,7.7627,1.6,1793
0703002-0918-15-42-gnss_raw.txt,2436,459578.700,FINESTEERING,SOL_COMPUTED,SINGLE,24,16,3.4994,7.8342,1.7,1793
0703002-0918-15-42-gnss_raw.txt,2436,459578.800,FINESTEERING,SOL_COMPUTED,SINGLE,24,16,3.659,8.1883,1.8,1793
0703002-0918-15-42-gnss_raw.txt,2436,459578.900,FINESTEERING,SOL_COMPUTED,SINGLE,24,16,3.4207,7.6499,0.9,1793
0703002-0918-15-42-gnss_raw.txt,2436,459579.000,FINESTEERING,SOL_COMPUTED,SINGLE,24,16,3.4574,7.7295,1.0,1793
0703002-0918-15-42-gnss_raw.txt,2436,459579.100,FINESTEERING,SOL_COMPUTED,SINGLE,24,15,3.444,7.6963,1.1,1793
0703002-0918-15-42-gnss_raw.txt,2436,459579.200,FINESTEERING,SOL_COMPUTED,SINGLE,24,16,3.2996,7.3705,1.2,1793
0703002-0918-15-42-gnss_raw.txt,2436,459579.300,FINESTEERING,SOL_COMPUTED,SINGLE,24,16,3.3333,7.4389,1.3,1793
0703002-0918-15-42-gnss_raw.txt,2436,459579.400,FINESTEERING,SOL_COMPUTED,SINGLE,24,16,3.3893,7.5603,1.4,1793
0703002-0918-15-42-gnss_raw.txt,2436,459579.500,FINESTEERING,SOL_COMPUTED,SINGLE,24,15,3.4064,7.5911,1.5,1793
0703002-0918-15-42-gnss_raw.txt,2436,459579.600,FINESTEERING,SOL_COMPUTED,SINGLE,24,15,3.378,7.5136,1.6,1793
0703002-0918-15-42-gnss_raw.txt,2436,459579.700,FINESTEERING,SOL_COMPUTED,SINGLE,24,15,3.3184,7.3725,1.7,1793
0703002-0918-15-42-gnss_raw.txt,2436,459579.800,FINESTEERING,SOL_COMPUTED,SINGLE,24,15,3.3024,7.3315,1.8,1793
0703002-0918-15-42-gnss_raw.txt,2436,459579.900,FINESTEERING,SOL_COMPUTED,SINGLE,24,15,3.3996,7.5417,1.9,1793
0703002-0918-15-42-gnss_raw.txt,2436,459580.000,FINESTEERING,SOL_COMPUTED,SINGLE,24,16,3.2242,7.1464,1.0,1793
0703002-0918-15-42-gnss_raw.txt,2436,459580.100,FINESTEERING,SOL_COMPUTED,SINGLE,24,16,3.1985,7.0867,1.1,1793
0703002-0918-15-42-gnss_raw.txt,2436,459580.200,FINESTEERING,SOL_COMPUTED,SINGLE,24,16,3.3992,7.5249,1.2,1793
0703002-0918-15-42-gnss_raw.txt,2436,459580.300,FINESTEERING,SOL_COMPUTED,SINGLE,24,14,3.2877,7.28,1.3,1793
0703002-0918-15-42-gnss_raw.txt,2436,459580.400,FINESTEERING,SOL_COMPUTED,SINGLE,24,15,3.2284,7.1597,1.4,1793
0703002-0918-15-42-gnss_raw.txt,2436,459580.500,FINESTEERING,SOL_COMPUTED,SINGLE,24,15,3.2275,7.1536,1.5,1793
0703002-0918-15-42-gnss_raw.txt,2436,459580.600,FINESTEERING,SOL_COMPUTED,SINGLE,24,16,3.342,7.4157,1.6,1793
0703002-0918-15-42-gnss_raw.txt,2436,459580.700,FINESTEERING,SOL_COMPUTED,SINGLE,24,16,3.3069,7.343,1.7,1793
0703002-0918-15-42-gnss_raw.txt,2436,459580.800,FINESTEERING,SOL_COMPUTED,SINGLE,24,16,3.2117,7.1347,1.8,1793
0703002-0918-15-42-gnss_raw.txt,2436,459580.900,FINESTEERING,SOL_COMPUTED,SINGLE,24,16,3.2377,7.1956,0.9,1793
0703002-0918-15-42-gnss_raw.txt,2436,459581.000,FINESTEERING,SOL_COMPUTED,SINGLE,24,16,3.2615,7.2543,1.0,1793
0703002-0918-15-42-gnss_raw.txt,2436,459581.100,FINESTEERING,SOL_COMPUTED,SINGLE,24,16,3.1783,7.0747,1.1,1793
0703002-0918-15-42-gnss_raw.txt,2436,459581.200,FINESTEERING,SOL_COMPUTED,SINGLE,24,16,3.1437,7.006,1.2,1793
0703002-0918-15-42-gnss_raw.txt,2436,459581.300,FINESTEERING,SOL_COMPUTED,SINGLE,24,15,3.1689,7.0728,1.3,1793
0703002-0918-15-42-gnss_raw.txt,2436,459581.400,FINESTEERING,SOL_COMPUTED,SINGLE,24,15,3.1179,6.9671,1.4,1793
0703002-0918-15-42-gnss_raw.txt,2436,459581.500,FINESTEERING,SOL_COMPUTED,SINGLE,24,16,3.2354,7.2411,1.5,1793
0703002-0918-15-42-gnss_raw.txt,2436,459581.600,FINESTEERING,SOL_COMPUTED,SINGLE,24,16,3.1893,7.1426,1.6,1793
0703002-0918-15-42-gnss_raw.txt,2436,459581.700,FINESTEERING,SOL_COMPUTED,SINGLE,24,16,3.1822,7.138,1.7,1793
0703002-0918-15-42-gnss_raw.txt,2436,459581.800,FINESTEERING,SOL_COMPUTED,SINGLE,24,16,3.1671,7.1201,1.8,1793
0703002-0918-15-42-gnss_raw.txt,2436,459581.900,FINESTEERING,SOL_COMPUTED,SINGLE,24,14,3.1871,7.1783,1.9,1793
0703002-0918-15-42-gnss_raw.txt,2436,459582.000,FINESTEERING,SOL_COMPUTED,SINGLE,24,16,3.0645,6.9082,1.0,1793
0703002-0918-15-42-gnss_raw.txt,2436,459582.100,FINESTEERING,SOL_COMPUTED,SINGLE,24,16,3.0314,6.8383,1.1,1793
0703002-0918-15-42-gnss_raw.txt,2436,459582.200,FINESTEERING,SOL_COMPUTED,SINGLE,24,16,3.3097,7.4665,1.2,1793
0703002-0918-15-42-gnss_raw.txt,2436,459582.300,FINESTEERING,SOL_COMPUTED,SINGLE,24,15,3.0479,6.8767,1.3,1793
0703002-0918-15-42-gnss_raw.txt,2436,459582.400,FINESTEERING,SOL_COMPUTED,SINGLE,24,15,3.0591,6.9045,1.4,1793
0703002-0918-15-42-gnss_raw.txt,2436,459582.500,FINESTEERING,SOL_COMPUTED,SINGLE,24,15,3.0561,6.9109,1.5,1793
0703002-0918-15-42-gnss_raw.txt,2436,459582.600,FINESTEERING,SOL_COMPUTED,SINGLE,24,14,3.1275,7.083,1.6,1793
0703002-0918-15-42-gnss_raw.txt,2436,459582.700,FINESTEERING,SOL_COMPUTED,SINGLE,24,15,3.0492,6.914,1.7,1793
0703002-0918-15-42-gnss_raw.txt,2436,459582.800,FINESTEERING,SOL_COMPUTED,SINGLE,24,14,3.0644,6.948,1.8,1793
0703002-0918-15-42-gnss_raw.txt,2436,459582.900,FINESTEERING,SOL_COMPUTED,SINGLE,24,14,3.0754,6.9771,0.9,1793
0703002-0918-15-42-gnss_raw.txt,2436,459583.000,FINESTEERING,SOL_COMPUTED,SINGLE,24,14,3.0843,6.9991,1.0,1793
0703002-0918-15-42-gnss_raw.txt,2436,459583.100,FINESTEERING,SOL_COMPUTED,SINGLE,24,15,3.0514,6.9317,1.1,1793
0703002-0918-15-42-gnss_raw.txt,2436,459583.200,FINESTEERING,SOL_COMPUTED,SINGLE,24,16,3.2523,7.3902,1.2,1793
0703002-0918-15-42-gnss_raw.txt,2436,459583.300,FINESTEERING,SOL_COMPUTED,SINGLE,24,16,3.3953,7.7143,1.3,1793
0703002-0918-15-42-gnss_raw.txt,2436,459583.400,FINESTEERING,SOL_COMPUTED,SINGLE,24,15,3.2824,7.4626,1.4,1793
0703002-0918-15-42-gnss_raw.txt,2436,459583.500,FINESTEERING,SOL_COMPUTED,SINGLE,24,16,3.2643,7.4181,1.5,1793
0703002-0918-15-42-gnss_raw.txt,2436,459583.600,FINESTEERING,SOL_COMPUTED,SINGLE,24,16,3.2796,7.4512,1.6,1793
0703002-0918-15-42-gnss_raw.txt,2436,459583.700,FINESTEERING,SOL_COMPUTED,SINGLE,24,16,3.2145,7.2984,1.7,1793
0703002-0918-15-42-gnss_raw.txt,2436,459583.800,FINESTEERING,SOL_COMPUTED,SINGLE,24,16,3.2396,7.3596,0.8,1793
0703002-0918-15-42-gnss_raw.txt,2436,459583.900,FINESTEERING,SOL_COMPUTED,SINGLE,24,16,3.2898,7.4778,0.9,1793
0703002-0918-15-42-gnss_raw.txt,2436,459584.000,FINESTEERING,SOL_COMPUTED,SINGLE,24,15,3.3795,7.6965,1.0,1793
0703002-0918-15-42-gnss_raw.txt,2436,459584.100,FINESTEERING,SOL_COMPUTED,SINGLE,24,16,3.3791,7.7005,1.1,1793
0703002-0918-15-42-gnss_raw.txt,2436,459584.200,FINESTEERING,SOL_COMPUTED,SINGLE,24,15,3.1239,7.1208,1.2,1793
0703002-0918-15-42-gnss_raw.txt,2436,459584.300,FINESTEERING,SOL_COMPUTED,SINGLE,24,15,3.173,7.2342,1.3,1793
0703002-0918-15-42-gnss_raw.txt,2436,459584.400,FINESTEERING,SOL_COMPUTED,SINGLE,24,14,3.1926,7.2865,1.4,1793
0703002-0918-15-42-gnss_raw.txt,2436,459584.500,FINESTEERING,SOL_COMPUTED,SINGLE,24,15,3.3894,7.7534,1.5,1793
0703002-0918-15-42-gnss_raw.txt,2436,459584.600,FINESTEERING,SOL_COMPUTED,SINGLE,24,15,3.1315,7.1633,1.6,1793
0703002-0918-15-42-gnss_raw.txt,2436,459584.700,FINESTEERING,SOL_COMPUTED,SINGLE,24,14,3.152,7.2173,1.7,1793
0703002-0918-15-42-gnss_raw.txt,2436,459584.800,FINESTEERING,SOL_COMPUTED,SINGLE,24,13,3.1486,7.2138,1.8,1793
0703002-0918-15-42-gnss_raw.txt,2436,459584.900,FINESTEERING,SOL_COMPUTED,SINGLE,24,15,3.0834,7.0679,0.9,1793
0703002-0918-15-42-gnss_raw.txt,2436,459585.000,FINESTEERING,SOL_COMPUTED,SINGLE,24,16,3.2774,7.5162,1.0,1793
0703002-0918-15-42-gnss_raw.txt,2436,459585.100,FINESTEERING,SOL_COMPUTED,SINGLE,24,15,3.0874,7.0871,1.1,1793
0703002-0918-15-42-gnss_raw.txt,2436,459585.200,FINESTEERING,SOL_COMPUTED,SINGLE,24,15,3.4005,7.8078,1.2,1793
0703002-0918-15-42-gnss_raw.txt,2436,459585.300,FINESTEERING,SOL_COMPUTED,SINGLE,24,15,3.1183,7.159,1.3,1793
0703002-0918-15-42-gnss_raw.txt,2436,459585.400,FINESTEERING,SOL_COMPUTED,SINGLE,24,15,3.2032,7.3558,1.4,1793
0703002-0918-15-42-gnss_raw.txt,2436,459585.500,FINESTEERING,SOL_COMPUTED,SINGLE,24,12,3.3193,7.623,1.5,1793
0703002-0918-15-42-gnss_raw.txt,2436,459585.600,FINESTEERING,SOL_COMPUTED,SINGLE,24,14,3.2691,7.5051,1.6,1793
0703002-0918-15-42-gnss_raw.txt,2436,459585.700,FINESTEERING,SOL_COMPUTED,SINGLE,24,14,3.2241,7.4024,1.7,1793
0703002-0918-15-42-gnss_raw.txt,2436,459585.800,FINESTEERING,SOL_COMPUTED,SINGLE,24,14,3.3649,7.7248,1.8,1793
0703002-0918-15-42-gnss_raw.txt,2436,459585.900,FINESTEERING,SOL_COMPUTED,SINGLE,24,13,3.4768,7.9784,0.9,1793
0703002-0918-15-42-gnss_raw.txt,2436,459586.000,FINESTEERING,SOL_COMPUTED,SINGLE,24,13,3.3894,7.7764,1.0,1793
0703002-0918-15-42-gnss_raw.txt,2436,459586.100,FINESTEERING,SOL_COMPUTED,SINGLE,24,13,3.2936,7.5543,1.1,1793
0703002-0918-15-42-gnss_raw.txt,2436,459586.200,FINESTEERING,SOL_COMPUTED,SINGLE,24,14,3.4052,7.8094,1.2,1793
0703002-0918-15-42-gnss_raw.txt,2436,459586.300,FINESTEERING,SOL_COMPUTED,SINGLE,25,14,3.3131,7.5966,1.3,1793
0703002-0918-15-42-gnss_raw.txt,2436,459586.400,FINESTEERING,SOL_COMPUTED,SINGLE,25,14,3.1658,7.2556,1.4,1793
0703002-0918-15-42-gnss_raw.txt,2436,459586.500,FINESTEERING,SOL_COMPUTED,SINGLE,25,15,3.4387,7.8763,1.5,1793
0703002-0918-15-42-gnss_raw.txt,2436,459586.600,FINESTEERING,SOL_COMPUTED,SINGLE,25,15,3.3551,7.6837,1.6,1793
0703002-0918-15-42-gnss_raw.txt,2436,459586.700,FINESTEERING,SOL_COMPUTED,SINGLE,25,15,3.4167,7.8406,1.7,1793
0703002-0918-15-42-gnss_raw.txt,2436,459586.800,FINESTEERING,SOL_COMPUTED,SINGLE,25,14,3.202,7.3516,1.8,1793
0703002-0918-15-42-gnss_raw.txt,2436,459586.900,FINESTEERING,SOL_COMPUTED,SINGLE,25,14,3.2183,7.3914,0.9,1793
0703002-0918-15-42-gnss_raw.txt,2436,459587.000,FINESTEERING,SOL_COMPUTED,SINGLE,25,15,3.2656,7.5052,1.0,1793
0703002-0918-15-42-gnss_raw.txt,2436,459587.100,FINESTEERING,SOL_COMPUTED,SINGLE,25,14,3.579,8.2185,1.1,1793
0703002-0918-15-42-gnss_raw.txt,2436,459587.200,FINESTEERING,SOL_COMPUTED,SINGLE,25,16,3.4852,8.0087,1.2,1793
0703002-0918-15-42-gnss_raw.txt,2436,459587.300,FINESTEERING,SOL_COMPUTED,SINGLE,25,16,3.3525,7.7011,1.3,1793
0703002-0918-15-42-gnss_raw.txt,2436,459587.400,FINESTEERING,SOL_COMPUTED,SINGLE,25,15,3.326,7.6358,1.4,1793
0703002-0918-15-42-gnss_raw.txt,2436,459587.500,FINESTEERING,SOL_COMPUTED,SINGLE,25,14,3.304,7.5767,1.5,1793
0703002-0918-15-42-gnss_raw.txt,2436,459587.600,FINESTEERING,SOL_COMPUTED,SINGLE,25,14,3.4441,7.8915,1.6,1793
0703002-0918-15-42-gnss_raw.txt,2436,459587.700,FINESTEERING,SOL_COMPUTED,SINGLE,25,14,3.3596,7.6889,1.7,1793
0703002-0918-15-42-gnss_raw.txt,2436,459587.800,FINESTEERING,SOL_COMPUTED,SINGLE,25,13,3.4339,7.8512,1.8,1793
0703002-0918-15-42-gnss_raw.txt,2436,459587.900,FINESTEERING,SOL_COMPUTED,SINGLE,25,15,3.3172,7.5809,0.9,1793
0703002-0918-15-42-gnss_raw.txt,2436,459588.000,FINESTEERING,SOL_COMPUTED,SINGLE,25,15,3.3497,7.6521,1.0,1793
0703002-0918-15-42-gnss_raw.txt,2436,459588.100,FINESTEERING,SOL_COMPUTED,SINGLE,25,14,3.1797,7.2538,1.1,1793
0703002-0918-15-42-gnss_raw.txt,2436,459588.200,FINESTEERING,SOL_COMPUTED,SINGLE,25,15,3.1064,7.0805,1.2,1793
0703002-0918-15-42-gnss_raw.txt,2436,459588.300,FINESTEERING,SOL_COMPUTED,SINGLE,25,15,3.1727,7.2272,1.3,1793
0703002-0918-15-42-gnss_raw.txt,2436,459588.400,FINESTEERING,SOL_COMPUTED,SINGLE,24,16,3.0878,7.0367,1.4,1793
0703002-0918-15-42-gnss_raw.txt,2436,459588.500,FINESTEERING,SOL_COMPUTED,SINGLE,24,15,3.1326,7.1348,1.5,1793
0703002-0918-15-42-gnss_raw.txt,2436,459588.600,FINESTEERING,SOL_COMPUTED,SINGLE,24,16,3.0625,6.9799,1.6,1793
0703002-0918-15-42-gnss_raw.txt,2436,459588.700,FINESTEERING,SOL_COMPUTED,SINGLE,24,15,3.0997,7.0717,1.7,1793
0703002-0918-15-42-gnss_raw.txt,2436,459588.800,FINESTEERING,SOL_COMPUTED,SINGLE,24,16,3.2082,7.3226,0.8,1793
0703002-0918-15-42-gnss_raw.txt,2436,459588.900,FINESTEERING,SOL_COMPUTED,SINGLE,24,15,3.1899,7.2883,0.9,1793
0703002-0918-15-42-gnss_raw.txt,2436,459589.000,FINESTEERING,SOL_COMPUTED,SINGLE,24,16,3.1067,7.1012,1.0,1793
0703002-0918-15-42-gnss_raw.txt,2436,459589.100,FINESTEERING,SOL_COMPUTED,SINGLE,24,16,2.9777,6.8164,1.1,1793
0703002-0918-15-42-gnss_raw.txt,2436,459589.200,FINESTEERING,SOL_COMPUTED,SINGLE,24,15,2.9486,6.7531,1.2,1793
0703002-0918-15-42-gnss_raw.txt,2436,459589.300,FINESTEERING,SOL_COMPUTED,SINGLE,23,15,3.0259,6.9416,1.3,1793
0703002-0918-15-42-gnss_raw.txt,2436,459589.400,FINESTEERING,SOL_COMPUTED,SINGLE,23,15,3.0838,7.0763,1.4,1793
0703002-0918-15-42-gnss_raw.txt,2436,459589.500,FINESTEERING,SOL_COMPUTED,SINGLE,23,14,3.1242,7.1687,1.5,1793
0703002-0918-15-42-gnss_raw.txt,2436,459589.600,FINESTEERING,SOL_COMPUTED,SINGLE,23,13,3.3783,7.7494,1.6,1793
0703002-0918-15-42-gnss_raw.txt,2436,459589.700,FINESTEERING,SOL_COMPUTED,SINGLE,23,13,3.2881,7.5398,1.7,1793
0703002-0918-15-42-gnss_raw.txt,2436,459589.800,FINESTEERING,SOL_COMPUTED,SINGLE,23,13,3.3215,7.6136,1.8,1793
0703002-0918-15-42-gnss_raw.txt,2436,459589.900,FINESTEERING,SOL_COMPUTED,SINGLE,23,14,3.2529,7.4519,1.9,1793
0703002-0918-15-42-gnss_raw.txt,2436,459590.000,FINESTEERING,SOL_COMPUTED,SINGLE,23,13,3.2167,7.3622,1.0,1793
0703002-0918-15-42-gnss_raw.txt,2436,459590.100,FINESTEERING,SOL_COMPUTED,SINGLE,23,13,3.1622,7.2309,1.1,1793
0703002-0918-15-42-gnss_raw.txt,2436,459590.200,FINESTEERING,SOL_COMPUTED,SINGLE,23,13,3.1907,7.2897,1.2,1793
0703002-0918-15-42-gnss_raw.txt,2436,459590.300,FINESTEERING,SOL_COMPUTED,SINGLE,23,13,3.1501,7.1887,1.3,1793
0703002-0918-15-42-gnss_raw.txt,2436,459590.400,FINESTEERING,SOL_COMPUTED,SINGLE,23,13,3.3188,7.568,1.4,1793
0703002-0918-15-42-gnss_raw.txt,2436,459590.500,FINESTEERING,SOL_COMPUTED,SINGLE,23,13,3.267,7.4425,1.5,1793
0703002-0918-15-42-gnss_raw.txt,2436,459590.600,FINESTEERING,SOL_COMPUTED,SINGLE,23,13,3.2031,7.2895,1.6,1793
0703002-0918-15-42-gnss_raw.txt,2436,459590.700,FINESTEERING,SOL_COMPUTED,SINGLE,23,13,3.258,7.41,1.7,1793
0703002-0918-15-42-gnss_raw.txt,2436,459590.800,FINESTEERING,SOL_COMPUTED,SINGLE,23,13,3.2747,7.442,0.8,1793
0703002-0918-15-42-gnss_raw.txt,2436,459590.900,FINESTEERING,SOL_COMPUTED,SINGLE,23,13,3.0963,7.0326,0.9,1793
0703002-0918-15-42-gnss_raw.txt,2436,459591.000,FINESTEERING,SOL_COMPUTED,SINGLE,24,13,3.1557,7.1651,1.0,1793
0703002-0918-15-42-gnss_raw.txt,2436,459591.100,FINESTEERING,SOL_COMPUTED,SINGLE,24,13,3.202,7.2662,1.1,1793
0703002-0918-15-42-gnss_raw.txt,2436,459591.200,FINESTEERING,SOL_COMPUTED,SINGLE,24,13,3.173,7.1964,1.2,1793
0703002-0918-15-42-gnss_raw.txt,2436,459591.300,FINESTEERING,SOL_COMPUTED,SINGLE,24,13,3.2055,7.2664,1.3,1793
0703002-0918-15-42-gnss_raw.txt,2436,459591.400,FINESTEERING,SOL_COMPUTED,SINGLE,24,12,3.3714,7.635,1.4,1793
0703002-0918-15-42-gnss_raw.txt,2436,459591.500,FINESTEERING,SOL_COMPUTED,SINGLE,24,14,3.0902,6.9942,1.5,1793
0703002-0918-15-42-gnss_raw.txt,2436,459591.600,FINESTEERING,SOL_COMPUTED,SINGLE,24,14,3.2163,7.2749,1.6,1793
0703002-0918-15-42-gnss_raw.txt,2436,459591.700,FINESTEERING,SOL_COMPUTED,SINGLE,24,13,3.2696,7.3936,1.7,1793
0703002-0918-15-42-gnss_raw.txt,2436,459591.800,FINESTEERING,SOL_COMPUTED,SINGLE,24,14,3.3995,7.6856,1.8,1793
0703002-0918-15-42-gnss_raw.txt,2436,459591.900,FINESTEERING,SOL_COMPUTED,SINGLE,24,14,3.1367,7.09,1.9,1793
0703002-0918-15-42-gnss_raw.txt,2436,459592.000,FINESTEERING,SOL_COMPUTED,SINGLE,24,15,3.1176,7.0431,2.0,1793
0703002-0918-15-42-gnss_raw.txt,2436,459592.100,FINESTEERING,SOL_COMPUTED,SINGLE,24,14,3.1681,7.1535,1.1,1793
0703002-0918-15-42-gnss_raw.txt,2436,459592.200,FINESTEERING,SOL_COMPUTED,SINGLE,24,14,3.1516,7.1138,1.2,1793
0703002-0918-15-42-gnss_raw.txt,2436,459592.300,FINESTEERING,SOL_COMPUTED,SINGLE,24,13,3.1803,7.1741,1.3,1793
0703002-0918-15-42-gnss_raw.txt,2436,459592.400,FINESTEERING,SOL_COMPUTED,SINGLE,24,14,3.2579,7.349,1.4,1793
0703002-0918-15-42-gnss_raw.txt,2436,459592.500,FINESTEERING,SOL_COMPUTED,SINGLE,24,15,3.1406,7.0864,1.5,1793
0703002-0918-15-42-gnss_raw.txt,2436,459592.600,FINESTEERING,SOL_COMPUTED,SINGLE,24,15,3.2469,7.3261,1.6,1793
0703002-0918-15-42-gnss_raw.txt,2436,459592.700,FINESTEERING,SOL_COMPUTED,SINGLE,24,14,3.43,7.7399,1.7,1793
0703002-0918-15-42-gnss_raw.txt,2436,459592.800,FINESTEERING,SOL_COMPUTED,SINGLE,24,15,3.2292,7.2851,1.8,1793
0703002-0918-15-42-gnss_raw.txt,2436,459592.900,FINESTEERING,SOL_COMPUTED,SINGLE,24,15,3.1828,7.18,0.9,1793
0703002-0918-15-42-gnss_raw.txt,2436,459593.000,FINESTEERING,SOL_COMPUTED,SINGLE,24,15,3.4817,7.8924,1.0,1793
0703002-0918-15-42-gnss_raw.txt,2436,459593.100,FINESTEERING,SOL_COMPUTED,SINGLE,24,14,3.3296,7.5534,1.1,1793
0703002-0918-15-42-gnss_raw.txt,2436,459593.200,FINESTEERING,SOL_COMPUTED,SINGLE,24,14,3.2333,7.3474,1.2,1793
0703002-0918-15-42-gnss_raw.txt,2436,459593.300,FINESTEERING,SOL_COMPUTED,SINGLE,24,13,3.1494,7.1581,1.3,1793
0703002-0918-15-42-gnss_raw.txt,2436,459593.400,FINESTEERING,SOL_COMPUTED,SINGLE,24,14,3.0731,6.9866,1.4,1793
0703002-0918-15-42-gnss_raw.txt,2436,459593.500,FINESTEERING,SOL_COMPUTED,SINGLE,24,14,3.3439,7.603,1.5,1793
0703002-0918-15-42-gnss_raw.txt,2436,459593.600,FINESTEERING,SOL_COMPUTED,SINGLE,24,14,3.1719,7.2148,1.6,1793
0703002-0918-15-42-gnss_raw.txt,2436,459593.700,FINESTEERING,SOL_COMPUTED,SINGLE,24,16,3.1897,7.2615,1.7,1793
0703002-0918-15-42-gnss_raw.txt,2436,459593.800,FINESTEERING,SOL_COMPUTED,SINGLE,24,16,3.2297,7.3572,1.8,1793
0703002-0918-15-42-gnss_raw.txt,2436,459593.900,FINESTEERING,SOL_COMPUTED,SINGLE,24,17,3.2696,7.4541,0.9,1793
0703002-0918-15-42-gnss_raw.txt,2436,459594.000,FINESTEERING,SOL_COMPUTED,SINGLE,24,17,3.2733,7.4699,1.0,1793
0703002-0918-15-42-gnss_raw.txt,2436,459594.100,FINESTEERING,SOL_COMPUTED,SINGLE,24,15,3.3072,7.5487,1.1,1793
0703002-0918-15-42-gnss_raw.txt,2436,459594.200,FINESTEERING,SOL_COMPUTED,SINGLE,24,15,3.2954,7.5326,1.2,1793
0703002-0918-15-42-gnss_raw.txt,2436,459594.300,FINESTEERING,SOL_COMPUTED,SINGLE,24,15,3.6956,8.4557,1.3,1793
0703002-0918-15-42-gnss_raw.txt,2436,459594.400,FINESTEERING,SOL_COMPUTED,SINGLE,24,16,3.5213,8.0635,1.4,1793
0703002-0918-15-42-gnss_raw.txt,2436,459594.500,FINESTEERING,SOL_COMPUTED,SINGLE,24,16,3.3616,7.702,1.5,1793
0703002-0918-15-42-gnss_raw.txt,2436,459594.600,FINESTEERING,SOL_COMPUTED,SINGLE,24,16,3.3696,7.7276,1.6,1793
0703002-0918-15-42-gnss_raw.txt,2436,459594.700,FINESTEERING,SOL_COMPUTED,SINGLE,24,16,3.2303,7.4214,1.7,1793
0703002-0918-15-42-gnss_raw.txt,2436,459594.800,FINESTEERING,SOL_COMPUTED,SINGLE,24,14,3.4463,7.918,0.8,1793
0703002-0918-15-42-gnss_raw.txt,2436,459594.900,FINESTEERING,SOL_COMPUTED,SINGLE,24,15,3.6472,8.39,0.9,1793
0703002-0918-15-42-gnss_raw.txt,2436,459595.000,FINESTEERING,SOL_COMPUTED,SINGLE,24,15,3.5711,8.2173,1.0,1793
0703002-0918-15-42-gnss_raw.txt,2436,459595.100,FINESTEERING,SOL_COMPUTED,SINGLE,24,16,3.3934,7.8123,1.1,1793
0703002-0918-15-42-gnss_raw.txt,2436,459595.200,FINESTEERING,SOL_COMPUTED,SINGLE,24,15,3.3229,7.6592,1.2,1793
0703002-0918-15-42-gnss_raw.txt,2436,459595.300,FINESTEERING,SOL_COMPUTED,SINGLE,24,15,3.2964,7.6038,1.3,1793
0703002-0918-15-42-gnss_raw.txt,2436,459595.400,FINESTEERING,SOL_COMPUTED,SINGLE,24,14,3.1715,7.318,1.4,1793
0703002-0918-15-42-gnss_raw.txt,2436,459595.500,FINESTEERING,SOL_COMPUTED,SINGLE,24,14,3.2706,7.552,1.5,1793
0703002-0918-15-42-gnss_raw.txt,2436,459595.600,FINESTEERING,SOL_COMPUTED,SINGLE,24,14,3.2904,7.5987,1.6,1793
0703002-0918-15-42-gnss_raw.txt,2436,459595.700,FINESTEERING,SOL_COMPUTED,SINGLE,24,15,3.1301,7.2281,0.7,1793
0703002-0918-15-42-gnss_raw.txt,2436,459595.800,FINESTEERING,SOL_COMPUTED,SINGLE,24,14,3.1045,7.1719,0.8,1793
0703002-0918-15-42-gnss_raw.txt,2436,459595.900,FINESTEERING,SOL_COMPUTED,SINGLE,24,14,3.06,7.0733,0.9,1793
0703002-0918-15-42-gnss_raw.txt,2436,459596.000,FINESTEERING,SOL_COMPUTED,SINGLE,24,15,2.9571,6.8433,1.0,1793
0703002-0918-15-42-gnss_raw.txt,2436,459596.100,FINESTEERING,SOL_COMPUTED,SINGLE,24,14,3.0381,7.0356,1.1,1793
0703002-0918-15-42-gnss_raw.txt,2436,459596.200,FINESTEERING,SOL_COMPUTED,SINGLE,24,14,3.0198,6.994,1.2,1793
0703002-0918-15-42-gnss_raw.txt,2436,459596.300,FINESTEERING,SOL_COMPUTED,SINGLE,24,15,2.98,6.9037,1.3,1793
0703002-0918-15-42-gnss_raw.txt,2436,459596.400,FINESTEERING,SOL_COMPUTED,SINGLE,24,16,3.3193,7.7204,1.4,1793
0703002-0918-15-42-gnss_raw.txt,2436,459596.500,FINESTEERING,SOL_COMPUTED,SINGLE,24,17,3.2303,7.5113,1.5,1793
0703002-0918-15-42-gnss_raw.txt,2436,459596.600,FINESTEERING,SOL_COMPUTED,SINGLE,24,16,3.0056,6.988,1.6,1793
0703002-0918-15-42-gnss_raw.txt,2436,459596.700,FINESTEERING,SOL_COMPUTED,SINGLE,24,14,3.0809,7.1547,1.7,1793
0703002-0918-15-42-gnss_raw.txt,2436,459596.800,FINESTEERING,SOL_COMPUTED,SINGLE,24,15,3.0358,7.0425,1.8,1793
0703002-0918-15-42-gnss_raw.txt,2436,459596.900,FINESTEERING,SOL_COMPUTED,SINGLE,24,16,2.979,6.9038,1.9,1793
0703002-0918-15-42-gnss_raw.txt,2436,459597.000,FINESTEERING,SOL_COMPUTED,SINGLE,24,16,3.2749,7.5833,1.0,1793
0703002-0918-15-42-gnss_raw.txt,2436,459597.100,FINESTEERING,SOL_COMPUTED,SINGLE,24,16,3.3264,7.6975,1.1,1793
0703002-0918-15-42-gnss_raw.txt,2436,459597.200,FINESTEERING,SOL_COMPUTED,SINGLE,24,16,3.2438,7.5015,1.2,1793
0703002-0918-15-42-gnss_raw.txt,2436,459597.300,FINESTEERING,SOL_COMPUTED,SINGLE,24,15,3.0945,7.1522,1.3,1793
0703002-0918-15-42-gnss_raw.txt,2436,459597.400,FINESTEERING,SOL_COMPUTED,SINGLE,24,15,3.0899,7.1426,1.4,1793
0703002-0918-15-42-gnss_raw.txt,2436,459597.500,FINESTEERING,SOL_COMPUTED,SINGLE,24,14,3.0187,6.9773,1.5,1793
0703002-0918-15-42-gnss_raw.txt,2436,459597.600,FINESTEERING,SOL_COMPUTED,SINGLE,24,14,2.9689,6.8724,1.6,1793
0703002-0918-15-42-gnss_raw.txt,2436,459597.700,FINESTEERING,SOL_COMPUTED,SINGLE,24,14,3.1764,7.359,1.7,1793
0703002-0918-15-42-gnss_raw.txt,2436,459597.800,FINESTEERING,SOL_COMPUTED,SINGLE,24,15,2.9745,6.8953,0.8,1793
0703002-0918-15-42-gnss_raw.txt,2436,459597.900,FINESTEERING,SOL_COMPUTED,SINGLE,24,15,3.1062,7.2054,0.9,1793
0703002-0918-15-42-gnss_raw.txt,2436,459598.000,FINESTEERING,SOL_COMPUTED,SINGLE,24,15,3.1949,7.4146,1.0,1793
0703002-0918-15-42-gnss_raw.txt,2436,459598.100,FINESTEERING,SOL_COMPUTED,SINGLE,24,13,3.2496,7.5402,1.1,1793
0703002-0918-15-42-gnss_raw.txt,2436,459598.200,FINESTEERING,SOL_COMPUTED,SINGLE,24,13,3.1053,7.211,1.2,1793
0703002-0918-15-42-gnss_raw.txt,2436,459598.300,FINESTEERING,SOL_COMPUTED,SINGLE,24,14,3.1891,7.4084,1.3,1793
0703002-0918-15-42-gnss_raw.txt,2436,459598.400,FINESTEERING,SOL_COMPUTED,SINGLE,24,14,3.1986,7.431,1.4,1793
0703002-0918-15-42-gnss_raw.txt,2436,459598.500,FINESTEERING,SOL_COMPUTED,SINGLE,24,14,3.1681,7.3616,1.5,1793
0703002-0918-15-42-gnss_raw.txt,2436,459598.600,FINESTEERING,SOL_COMPUTED,SINGLE,24,14,3.1277,7.2754,1.6,1793
0703002-0918-15-42-gnss_raw.txt,2436,459598.700,FINESTEERING,SOL_COMPUTED,SINGLE,24,12,2.9373,6.8337,1.7,1793
0703002-0918-15-42-gnss_raw.txt,2436,459598.800,FINESTEERING,SOL_COMPUTED,SINGLE,24,12,2.9264,6.8083,1.8,1793
0703002-0918-15-42-gnss_raw.txt,2436,459598.900,FINESTEERING,SOL_COMPUTED,SINGLE,24,12,2.9975,6.9718,1.9,1793
0703002-0918-15-42-gnss_raw.txt,2436,459599.000,FINESTEERING,SOL_COMPUTED,SINGLE,24,12,2.9686,6.9051,1.0,1793
0703002-0918-15-42-gnss_raw.txt,2436,459599.100,FINESTEERING,SOL_COMPUTED,SINGLE,24,12,3.0014,6.9812,1.1,1793
0703002-0918-15-42-gnss_raw.txt,2436,459599.200,FINESTEERING,SOL_COMPUTED,SINGLE,24,12,3.0133,7.0071,1.2,1793
0703002-0918-15-42-gnss_raw.txt,2436,459599.300,FINESTEERING,SOL_COMPUTED,SINGLE,24,11,3.1146,7.2475,1.3,1793
0703002-0918-15-42-gnss_raw.txt,2436,459599.400,FINESTEERING,SOL_COMPUTED,SINGLE,24,13,3.2477,7.5713,1.4,1793
0703002-0918-15-42-gnss_raw.txt,2436,459599.500,FINESTEERING,SOL_COMPUTED,SINGLE,24,14,3.2967,7.6863,1.5,1793
0703002-0918-15-42-gnss_raw.txt,2436,459599.600,FINESTEERING,SOL_COMPUTED,SINGLE,24,15,3.3016,7.6964,1.6,1793
0703002-0918-15-42-gnss_raw.txt,2436,459599.700,FINESTEERING,SOL_COMPUTED,SINGLE,24,15,3.1723,7.398,1.7,1793
0703002-0918-15-42-gnss_raw.txt,2436,459599.800,FINESTEERING,SOL_COMPUTED,SINGLE,24,15,3.2205,7.5054,1.8,1793
0703002-0918-15-42-gnss_raw.txt,2436,459599.900,FINESTEERING,SOL_COMPUTED,SINGLE,24,15,3.085,7.1873,1.9,1793
0703002-0918-15-42-gnss_raw.txt,2436,459600.000,FINESTEERING,SOL_COMPUTED,SINGLE,24,14,3.0455,7.0908,1.0,1793
0703002-0918-15-42-gnss_raw.txt,2436,459600.100,FINESTEERING,SOL_COMPUTED,SINGLE,24,14,3.058,7.119,1.1,1793
0703002-0918-15-42-gnss_raw.txt,2436,459600.200,FINESTEERING,SOL_COMPUTED,SINGLE,24,14,3.0782,7.1612,1.2,1793
0703002-0918-15-42-gnss_raw.txt,2436,459600.300,FINESTEERING,SOL_COMPUTED,SINGLE,24,14,3.0633,7.1277,1.3,1793
0703002-0918-15-42-gnss_raw.txt,2436,459600.400,FINESTEERING,SOL_COMPUTED,SINGLE,24,14,3.1507,7.3308,1.4,1793
0703002-0918-15-42-gnss_raw.txt,2436,459600.500,FINESTEERING,SOL_COMPUTED,SINGLE,24,13,3.1947,7.4359,1.5,1793
0703002-0918-15-42-gnss_raw.txt,2436,459600.600,FINESTEERING,SOL_COMPUTED,SINGLE,24,14,3.2457,7.5639,1.6,1793
0703002-0918-15-42-gnss_raw.txt,2436,459600.700,FINESTEERING,SOL_COMPUTED,SINGLE,24,14,3.1812,7.4128,1.7,1793
0703002-0918-15-42-gnss_raw.txt,2436,459600.800,FINESTEERING,SOL_COMPUTED,SINGLE,24,14,3.1233,7.2813,1.8,1793
0703002-0918-15-42-gnss_raw.txt,2436,459600.900,FINESTEERING,SOL_COMPUTED,SINGLE,24,14,3.14,7.3249,1.9,1793
0703002-0918-15-42-gnss_raw.txt,2436,459601.000,FINESTEERING,SOL_COMPUTED,SINGLE,24,14,3.2422,7.5652,1.0,1793
0703002-0918-15-42-gnss_raw.txt,2436,459601.100,FINESTEERING,SOL_COMPUTED,SINGLE,24,14,3.3554,7.8346,1.1,1793
0703002-0918-15-42-gnss_raw.txt,2436,459601.200,FINESTEERING,SOL_COMPUTED,SINGLE,24,14,3.3195,7.7554,1.2,1793
0703002-0918-15-42-gnss_raw.txt,2436,459601.300,FINESTEERING,SOL_COMPUTED,SINGLE,24,14,3.3613,7.8495,1.3,1793
0703002-0918-15-42-gnss_raw.txt,2436,459601.400,FINESTEERING,SOL_COMPUTED,SINGLE,24,14,3.3326,7.7828,1.4,1793
0703002-0918-15-42-gnss_raw.txt,2436,459601.500,FINESTEERING,SOL_COMPUTED,SINGLE,24,14,3.2463,7.5795,1.5,1793
0703002-0918-15-42-gnss_raw.txt,2436,459601.600,FINESTEERING,SOL_COMPUTED,SINGLE,24,14,3.1281,7.3021,1.6,1793
0703002-0918-15-42-gnss_raw.txt,2436,459601.700,FINESTEERING,SOL_COMPUTED,SINGLE,24,14,3.0997,7.2352,1.7,1793
0703002-0918-15-42-gnss_raw.txt,2436,459601.800,FINESTEERING,SOL_COMPUTED,SINGLE,24,14,3.223,7.5267,1.8,1793
0703002-0918-15-42-gnss_raw.txt,2436,459601.900,FINESTEERING,SOL_COMPUTED,SINGLE,24,14,3.1207,7.2852,0.9,1793
0703002-0918-15-42-gnss_raw.txt,2436,459602.000,FINESTEERING,SOL_COMPUTED,SINGLE,24,15,3.1948,7.4565,1.0,1793
0703002-0918-15-42-gnss_raw.txt,2436,459602.100,FINESTEERING,SOL_COMPUTED,SINGLE,24,14,3.107,7.2554,1.1,1793
0703002-0918-15-42-gnss_raw.txt,2436,459602.200,FINESTEERING,SOL_COMPUTED,SINGLE,24,14,3.161,7.3799,1.2,1793
0703002-0918-15-42-gnss_raw.txt,2436,459602.300,FINESTEERING,SOL_COMPUTED,SINGLE,24,14,3.248,7.5837,1.3,1793
0703002-0918-15-42-gnss_raw.txt,2436,459602.400,FINESTEERING,SOL_COMPUTED,SINGLE,25,15,3.1039,7.2519,1.4,1793
0703002-0918-15-42-gnss_raw.txt,2436,459602.500,FINESTEERING,SOL_COMPUTED,SINGLE,25,14,3.1466,7.3515,1.5,1793
0703002-0918-15-42-gnss_raw.txt,2436,459602.600,FINESTEERING,SOL_COMPUTED,SINGLE,25,15,3.0435,7.1097,1.6,1793
0703002-0918-15-42-gnss_raw.txt,2436,459602.700,FINESTEERING,SOL_COMPUTED,SINGLE,25,15,3.0502,7.1222,1.7,1793
0703002-0918-15-42-gnss_raw.txt,2436,459602.800,FINESTEERING,SOL_COMPUTED,SINGLE,25,14,3.0315,7.0758,1.8,1793
0703002-0918-15-42-gnss_raw.txt,2436,459602.900,FINESTEERING,SOL_COMPUTED,SINGLE,25,14,3.0641,7.1561,0.9,1793
0703002-0918-15-42-gnss_raw.txt,2436,459603.000,FINESTEERING,SOL_COMPUTED,SINGLE,25,15,3.1734,7.4085,1.0,1793
0703002-0918-15-42-gnss_raw.txt,2436,459603.100,FINESTEERING,SOL_COMPUTED,SINGLE,25,15,3.1166,7.2766,1.1,1793
0703002-0918-15-42-gnss_raw.txt,2436,459603.200,FINESTEERING,SOL_COMPUTED,SINGLE,25,15,3.1712,7.4032,1.2,1793
0703002-0918-15-42-gnss_raw.txt,2436,459603.300,FINESTEERING,SOL_COMPUTED,SINGLE,25,15,3.198,7.4622,1.3,1793
0703002-0918-15-42-gnss_raw.txt,2436,459603.400,FINESTEERING,SOL_COMPUTED,SINGLE,25,14,3.4182,7.9655,1.4,1793
0703002-0918-15-42-gnss_raw.txt,2436,459603.500,FINESTEERING,SOL_COMPUTED,SINGLE,25,14,3.2458,7.5615,1.5,1793
0703002-0918-15-42-gnss_raw.txt,2436,459603.600,FINESTEERING,SOL_COMPUTED,SINGLE,25,14,3.2552,7.5777,1.6,1793
0703002-0918-15-42-gnss_raw.txt,2436,459603.700,FINESTEERING,SOL_COMPUTED,SINGLE,25,15,3.265,7.5988,1.7,1793
0703002-0918-15-42-gnss_raw.txt,2436,459603.800,FINESTEERING,SOL_COMPUTED,SINGLE,25,15,3.1887,7.4182,1.8,1793
0703002-0918-15-42-gnss_raw.txt,2436,459603.900,FINESTEERING,SOL_COMPUTED,SINGLE,25,14,3.1712,7.3776,1.9,1793
0703002-0918-15-42-gnss_raw.txt,2436,459604.000,FINESTEERING,SOL_COMPUTED,SINGLE,25,14,3.179,7.3952,1.0,1793
0703002-0918-15-42-gnss_raw.txt,2436,459604.100,FINESTEERING,SOL_COMPUTED,SINGLE,25,14,3.2406,7.539,1.1,1793
0703002-0918-15-42-gnss_raw.txt,2436,459604.200,FINESTEERING,SOL_COMPUTED,SINGLE,25,14,3.2413,7.538,1.2,1793
0703002-0918-15-42-gnss_raw.txt,2436,459604.300,FINESTEERING,SOL_COMPUTED,SINGLE,25,13,3.1831,7.3994,1.3,1793
0703002-0918-15-42-gnss_raw.txt,2436,459604.400,FINESTEERING,SOL_COMPUTED,SINGLE,25,13,3.1788,7.3847,1.4,1793
0703002-0918-15-42-gnss_raw.txt,2436,459604.500,FINESTEERING,SOL_COMPUTED,SINGLE,25,13,3.2326,7.5028,1.5,1793
0703002-0918-15-42-gnss_raw.txt,2436,459604.600,FINESTEERING,SOL_COMPUTED,SINGLE,25,14,3.1869,7.3906,1.6,1793
0703002-0918-15-42-gnss_raw.txt,2436,459604.700,FINESTEERING,SOL_COMPUTED,SINGLE,25,14,3.2051,7.424,1.7,1793
0703002-0918-15-42-gnss_raw.txt,2436,459604.800,FINESTEERING,SOL_COMPUTED,SINGLE,25,14,3.4609,8.0082,1.8,1793
0703002-0918-15-42-gnss_raw.txt,2436,459604.900,FINESTEERING,SOL_COMPUTED,SINGLE,25,14,3.3791,7.8101,1.9,1793
0703002-0918-15-42-gnss_raw.txt,2436,459605.000,FINESTEERING,SOL_COMPUTED,SINGLE,25,14,3.2514,7.5148,1.0,1793
0703002-0918-15-42-gnss_raw.txt,2436,459605.100,FINESTEERING,SOL_COMPUTED,SINGLE,25,14,3.2809,7.5991,1.1,1793
0703002-0918-15-42-gnss_raw.txt,2436,459605.200,FINESTEERING,SOL_COMPUTED,SINGLE,25,13,3.3572,7.7793,1.2,1793
0703002-0918-15-42-gnss_raw.txt,2436,459605.300,FINESTEERING,SOL_COMPUTED,SINGLE,25,13,3.3535,7.7731,1.3,1793
0703002-0918-15-42-gnss_raw.txt,2436,459605.400,FINESTEERING,SOL_COMPUTED,SINGLE,25,14,3.2904,7.6228,1.4,1793
0703002-0918-15-42-gnss_raw.txt,2436,459605.500,FINESTEERING,SOL_COMPUTED,SINGLE,25,13,3.3448,7.7496,1.5,1793
0703002-0918-15-42-gnss_raw.txt,2436,459605.600,FINESTEERING,SOL_COMPUTED,SINGLE,25,14,3.3746,7.823,1.6,1793
0703002-0918-15-42-gnss_raw.txt,2436,459605.700,FINESTEERING,SOL_COMPUTED,SINGLE,25,14,3.3866,7.8534,1.7,1793
0703002-0918-15-42-gnss_raw.txt,2436,459605.800,FINESTEERING,SOL_COMPUTED,SINGLE,25,14,3.3496,7.7639,1.8,1793
0703002-0918-15-42-gnss_raw.txt,2436,459605.900,FINESTEERING,SOL_COMPUTED,SINGLE,25,14,3.3111,7.6764,1.9,1793
0703002-0918-15-42-gnss_raw.txt,2436,459606.000,FINESTEERING,SOL_COMPUTED,SINGLE,25,14,3.358,7.7793,1.0,1793
0703002-0918-15-42-gnss_raw.txt,2436,459606.100,FINESTEERING,SOL_COMPUTED,SINGLE,25,14,3.2917,7.6215,1.1,1793
0703002-0918-15-42-gnss_raw.txt,2436,459606.200,FINESTEERING,SOL_COMPUTED,SINGLE,25,14,3.4649,8.0143,1.2,1793
0703002-0918-15-42-gnss_raw.txt,2436,459606.300,FINESTEERING,SOL_COMPUTED,SINGLE,25,14,3.4136,7.8935,1.3,1793
0703002-0918-15-42-gnss_raw.txt,2436,459606.400,FINESTEERING,SOL_COMPUTED,SINGLE,25,14,3.3773,7.807,1.4,1793
0703002-0918-15-42-gnss_raw.txt,2436,459606.500,FINESTEERING,SOL_COMPUTED,SINGLE,25,13,3.3912,7.8373,1.5,1793
0703002-0918-15-42-gnss_raw.txt,2436,459606.600,FINESTEERING,SOL_COMPUTED,SINGLE,25,14,3.279,7.5736,1.6,1793
0703002-0918-15-42-gnss_raw.txt,2436,459606.700,FINESTEERING,SOL_COMPUTED,SINGLE,25,14,3.3797,7.8062,1.7,1793
0703002-0918-15-42-gnss_raw.txt,2436,459606.800,FINESTEERING,SOL_COMPUTED,SINGLE,25,15,3.457,7.9785,0.8,1793
0703002-0918-15-42-gnss_raw.txt,2436,459606.900,FINESTEERING,SOL_COMPUTED,SINGLE,25,15,3.4213,7.8966,0.9,1793
0703002-0918-15-42-gnss_raw.txt,2436,459607.000,FINESTEERING,SOL_COMPUTED,SINGLE,25,14,3.3745,7.7842,1.0,1793
0703002-0918-15-42-gnss_raw.txt,2436,459607.100,FINESTEERING,SOL_COMPUTED,SINGLE,25,13,3.3734,7.7766,1.1,1793
0703002-0918-15-42-gnss_raw.txt,2436,459607.200,FINESTEERING,SOL_COMPUTED,SINGLE,25,14,3.3365,7.6886,1.2,1793
0703002-0918-15-42-gnss_raw.txt,2436,459607.300,FINESTEERING,SOL_COMPUTED,SINGLE,25,13,3.4152,7.8749,1.3,1793
0703002-0918-15-42-gnss_raw.txt,2436,459607.400,FINESTEERING,SOL_COMPUTED,SINGLE,25,13,3.4099,7.8564,1.4,1793
0703002-0918-15-42-gnss_raw.txt,2436,459607.500,FINESTEERING,SOL_COMPUTED,SINGLE,25,13,3.3917,7.8107,1.5,1793
0703002-0918-15-42-gnss_raw.txt,2436,459607.600,FINESTEERING,SOL_COMPUTED,SINGLE,25,12,3.4596,7.9643,1.6,1793
0703002-0918-15-42-gnss_raw.txt,2436,459607.700,FINESTEERING,SOL_COMPUTED,SINGLE,25,12,3.4636,7.9713,1.7,1793
0703002-0918-15-42-gnss_raw.txt,2436,459607.800,FINESTEERING,SOL_COMPUTED,SINGLE,25,13,3.4771,8.0026,1.8,1793
0703002-0918-15-42-gnss_raw.txt,2436,459607.900,FINESTEERING,SOL_COMPUTED,SINGLE,25,13,3.4536,7.9456,1.9,1793
0703002-0918-15-42-gnss_raw.txt,2436,459608.000,FINESTEERING,SOL_COMPUTED,SINGLE,25,13,3.3553,7.7192,2.0,1793
0703002-0918-15-42-gnss_raw.txt,2436,459608.100,FINESTEERING,SOL_COMPUTED,SINGLE,24,12,3.2733,7.5313,1.1,1793
0703002-0918-15-42-gnss_raw.txt,2436,459608.200,FINESTEERING,SOL_COMPUTED,SINGLE,24,13,3.3334,7.6681,1.2,1793
0703002-0918-15-42-gnss_raw.txt,2436,459608.300,FINESTEERING,SOL_COMPUTED,SINGLE,24,13,3.4148,7.8533,1.3,1793
0703002-0918-15-42-gnss_raw.txt,2436,459608.400,FINESTEERING,SOL_COMPUTED,SINGLE,24,13,3.2306,7.4304,1.4,1793
0703002-0918-15-42-gnss_raw.txt,2436,459608.500,FINESTEERING,SOL_COMPUTED,SINGLE,24,11,3.1091,7.1479,1.5,1793
0703002-0918-15-42-gnss_raw.txt,2436,459608.600,FINESTEERING,SOL_COMPUTED,SINGLE,24,11,3.0402,6.9867,1.6,1793
0703002-0918-15-42-gnss_raw.txt,2436,459608.700,FINESTEERING,SOL_COMPUTED,SINGLE,24,13,3.2455,7.4592,1.7,1793
0703002-0918-15-42-gnss_raw.txt,2436,459608.800,FINESTEERING,SOL_COMPUTED,SINGLE,24,13,3.377,7.7603,1.8,1793
0703002-0918-15-42-gnss_raw.txt,2436,459608.900,FINESTEERING,SOL_COMPUTED,SINGLE,24,12,3.0805,7.0751,0.9,1793
0703002-0918-15-42-gnss_raw.txt,2436,459609.000,FINESTEERING,SOL_COMPUTED,SINGLE,24,13,3.2294,7.4138,1.0,1793
0703002-0918-15-42-gnss_raw.txt,2436,459609.100,FINESTEERING,SOL_COMPUTED,SINGLE,24,13,3.213,7.3733,1.1,1793
0703002-0918-15-42-gnss_raw.txt,2436,459609.200,FINESTEERING,SOL_COMPUTED,SINGLE,24,12,3.2347,7.4234,1.2,1793
0703002-0918-15-42-gnss_raw.txt,2436,459609.300,FINESTEERING,SOL_COMPUTED,SINGLE,24,12,3.2079,7.3632,1.3,1793
0703002-0918-15-42-gnss_raw.txt,2436,459609.400,FINESTEERING,SOL_COMPUTED,SINGLE,24,12,3.2437,7.4529,1.4,1793
0703002-0918-15-42-gnss_raw.txt,2436,459609.500,FINESTEERING,SOL_COMPUTED,SINGLE,24,11,3.2637,7.4976,1.5,1793
0703002-0918-15-42-gnss_raw.txt,2436,459609.600,FINESTEERING,SOL_COMPUTED,SINGLE,24,12,3.2216,7.4108,1.6,1793
0703002-0918-15-42-gnss_raw.txt,2436,459609.700,FINESTEERING,SOL_COMPUTED,SINGLE,24,12,3.0662,7.0646,1.7,1793
0703002-0918-15-42-gnss_raw.txt,2436,459609.800,FINESTEERING,SOL_COMPUTED,SINGLE,24,13,3.3025,7.6188,1.8,1793
0703002-0918-15-42-gnss_raw.txt,2436,459609.900,FINESTEERING,SOL_COMPUTED,SINGLE,24,14,3.2263,7.445,1.9,1793
0703002-0918-15-42-gnss_raw.txt,2436,459610.000,FINESTEERING,SOL_COMPUTED,SINGLE,24,14,3.284,7.5747,1.0,1793
0703002-0918-15-42-gnss_raw.txt,2436,459610.100,FINESTEERING,SOL_COMPUTED,SINGLE,24,13,3.3623,7.7664,1.1,1793
0703002-0918-15-42-gnss_raw.txt,2436,459610.200,FINESTEERING,SOL_COMPUTED,SINGLE,24,12,3.3477,7.7396,1.2,1793
0703002-0918-15-42-gnss_raw.txt,2436,459610.300,FINESTEERING,SOL_COMPUTED,SINGLE,24,13,3.2482,7.5029,1.3,1793
0703002-0918-15-42-gnss_raw.txt,2436,459610.400,FINESTEERING,SOL_COMPUTED,SINGLE,24,12,3.317,7.6535,1.4,1793
0703002-0918-15-42-gnss_raw.txt,2436,459610.500,FINESTEERING,SOL_COMPUTED,SINGLE,24,12,3.3289,7.6728,1.5,1793
0703002-0918-15-42-gnss_raw.txt,2436,459610.600,FINESTEERING,SOL_COMPUTED,SINGLE,24,12,3.2834,7.5606,1.6,1793
0703002-0918-15-42-gnss_raw.txt,2436,459610.700,FINESTEERING,SOL_COMPUTED,SINGLE,24,11,3.3776,7.7718,1.7,1793
0703002-0918-15-42-gnss_raw.txt,2436,459610.800,FINESTEERING,SOL_COMPUTED,SINGLE,24,12,3.3391,7.6749,0.8,1793
0703002-0918-15-42-gnss_raw.txt,2436,459610.900,FINESTEERING,SOL_COMPUTED,SINGLE,24,11,3.3629,7.7207,0.9,1793
0703002-0918-15-42-gnss_raw.txt,2436,459611.000,FINESTEERING,SOL_COMPUTED,SINGLE,24,11,3.4272,7.8676,1.0,1793
0703002-0918-15-42-gnss_raw.txt,2436,459611.100,FINESTEERING,SOL_COMPUTED,SINGLE,24,11,3.3644,7.723,1.1,1793
0703002-0918-15-42-gnss_raw.txt,2436,459611.200,FINESTEERING,SOL_COMPUTED,SINGLE,24,11,3.4782,7.9919,1.2,1793
0703002-0918-15-42-gnss_raw.txt,2436,459611.300,FINESTEERING,SOL_COMPUTED,SINGLE,24,11,3.4215,7.8624,1.3,1793
0703002-0918-15-42-gnss_raw.txt,2436,459611.400,FINESTEERING,SOL_COMPUTED,SINGLE,24,16,3.2923,7.5526,1.4,1793
0703002-0918-15-42-gnss_raw.txt,2436,459611.500,FINESTEERING,SOL_COMPUTED,SINGLE,24,14,3.346,7.6707,1.5,1793
0703002-0918-15-42-gnss_raw.txt,2436,459611.600,FINESTEERING,SOL_COMPUTED,SINGLE,24,14,3.2532,7.4507,1.6,1793
0703002-0918-15-42-gnss_raw.txt,2436,459611.700,FINESTEERING,SOL_COMPUTED,SINGLE,24,12,3.2483,7.4346,1.7,1793
0703002-0918-15-42-gnss_raw.txt,2436,459611.800,FINESTEERING,SOL_COMPUTED,SINGLE,24,12,3.3655,7.6997,1.8,1793
0703002-0918-15-42-gnss_raw.txt,2436,459611.900,FINESTEERING,SOL_COMPUTED,SINGLE,24,12,3.3978,7.7676,1.9,1793
0703002-0918-15-42-gnss_raw.txt,2436,459612.000,FINESTEERING,SOL_COMPUTED,SINGLE,24,12,3.3972,7.7618,1.0,1793
0703002-0918-15-42-gnss_raw.txt,2436,459612.100,FINESTEERING,SOL_COMPUTED,SINGLE,24,12,3.4103,7.7862,1.1,1793
0703002-0918-15-42-gnss_raw.txt,2436,459612.200,FINESTEERING,SOL_COMPUTED,SINGLE,24,12,3.3951,7.746,1.2,1793
0703002-0918-15-42-gnss_raw.txt,2436,459612.300,FINESTEERING,SOL_COMPUTED,SINGLE,24,11,3.4507,7.8685,1.3,1793
0703002-0918-15-42-gnss_raw.txt,2436,459612.400,FINESTEERING,SOL_COMPUTED,SINGLE,23,12,3.514,8.0097,1.4,1793
0703002-0918-15-42-gnss_raw.txt,2436,459612.500,FINESTEERING,SOL_COMPUTED,SINGLE,23,12,3.4831,7.9331,1.5,1793
0703002-0918-15-42-gnss_raw.txt,2436,459612.600,FINESTEERING,SOL_COMPUTED,SINGLE,23,12,3.5354,8.0451,1.6,1793
0703002-0918-15-42-gnss_raw.txt,2436,459612.700,FINESTEERING,SOL_COMPUTED,SINGLE,23,12,3.6022,8.1908,0.7,1793
0703002-0918-15-42-gnss_raw.txt,2436,459612.800,FINESTEERING,SOL_COMPUTED,SINGLE,23,12,3.5761,8.1244,0.8,1793
0703002-0918-15-42-gnss_raw.txt,2436,459612.900,FINESTEERING,SOL_COMPUTED,SINGLE,23,12,3.5647,8.092,0.9,1793
0703002-0918-15-42-gnss_raw.txt,2436,459613.000,FINESTEERING,SOL_COMPUTED,SINGLE,23,12,3.6465,8.2717,1.0,1793
0703002-0918-15-42-gnss_raw.txt,2436,459613.100,FINESTEERING,SOL_COMPUTED,SINGLE,23,12,3.5152,7.9709,1.1,1793
0703002-0918-15-42-gnss_raw.txt,2436,459613.200,FINESTEERING,SOL_COMPUTED,SINGLE,24,13,3.4418,7.8019,1.2,1793
0703002-0918-15-42-gnss_raw.txt,2436,459613.300,FINESTEERING,SOL_COMPUTED,SINGLE,24,13,3.4699,7.8623,1.3,1793
0703002-0918-15-42-gnss_raw.txt,2436,459613.400,FINESTEERING,SOL_COMPUTED,SINGLE,24,13,3.4102,7.7215,1.4,1793
0703002-0918-15-42-gnss_raw.txt,2436,459613.500,FINESTEERING,SOL_COMPUTED,SINGLE,24,13,3.4025,7.7001,1.5,1793
0703002-0918-15-42-gnss_raw.txt,2436,459613.600,FINESTEERING,SOL_COMPUTED,SINGLE,24,13,3.4558,7.8169,1.6,1793
0703002-0918-15-42-gnss_raw.txt,2436,459613.700,FINESTEERING,SOL_COMPUTED,SINGLE,24,13,3.4167,7.7254,1.7,1793
0703002-0918-15-42-gnss_raw.txt,2436,459613.800,FINESTEERING,SOL_COMPUTED,SINGLE,24,13,3.4062,7.6984,1.8,1793
0703002-0918-15-42-gnss_raw.txt,2436,459613.900,FINESTEERING,SOL_COMPUTED,SINGLE,24,14,3.3969,7.6721,0.9,1793
0703002-0918-15-42-gnss_raw.txt,2436,459614.000,FINESTEERING,SOL_COMPUTED,SINGLE,24,13,3.4726,7.8409,1.0,1793
0703002-0918-15-42-gnss_raw.txt,2436,459614.100,FINESTEERING,SOL_COMPUTED,SINGLE,24,13,3.4004,7.6801,1.1,1793
0703002-0918-15-42-gnss_raw.txt,2436,459614.200,FINESTEERING,SOL_COMPUTED,SINGLE,24,13,3.5004,7.9044,1.2,1793
0703002-0918-15-42-gnss_raw.txt,2436,459614.300,FINESTEERING,SOL_COMPUTED,SINGLE,24,13,3.4856,7.8702,1.3,1793
0703002-0918-15-42-gnss_raw.txt,2436,459614.400,FINESTEERING,SOL_COMPUTED,SINGLE,24,13,3.523,7.948,1.4,1793
0703002-0918-15-42-gnss_raw.txt,2436,459614.500,FINESTEERING,SOL_COMPUTED,SINGLE,24,13,3.5301,7.956,1.5,1793
0703002-0918-15-42-gnss_raw.txt,2436,459614.600,FINESTEERING,SOL_COMPUTED,SINGLE,24,12,3.5149,7.9135,1.6,1793
0703002-0918-15-42-gnss_raw.txt,2436,459614.700,FINESTEERING,SOL_COMPUTED,SINGLE,24,13,3.415,7.681,1.7,1793
0703002-0918-15-42-gnss_raw.txt,2436,459614.800,FINESTEERING,SOL_COMPUTED,SINGLE,24,13,3.4501,7.7557,1.8,1793
0703002-0918-15-42-gnss_raw.txt,2436,459614.900,FINESTEERING,SOL_COMPUTED,SINGLE,24,13,3.5084,7.8828,1.9,1793
0703002-0918-15-42-gnss_raw.txt,2436,459615.000,FINESTEERING,SOL_COMPUTED,SINGLE,24,14,3.4941,7.8341,2.0,1793
0703002-0918-15-42-gnss_raw.txt,2436,459615.100,FINESTEERING,SOL_COMPUTED,SINGLE,24,13,3.7126,8.3118,1.1,1793
0703002-0918-15-42-gnss_raw.txt,2436,459615.200,FINESTEERING,SOL_COMPUTED,SINGLE,24,14,3.69,8.2433,1.2,1793
0703002-0918-15-42-gnss_raw.txt,2436,459615.300,FINESTEERING,SOL_COMPUTED,SINGLE,24,14,3.5911,8.0159,1.3,1793
0703002-0918-15-42-gnss_raw.txt,2436,459615.400,FINESTEERING,SOL_COMPUTED,SINGLE,24,14,3.5923,8.0054,1.4,1793
0703002-0918-15-42-gnss_raw.txt,2436,459615.500,FINESTEERING,SOL_COMPUTED,SINGLE,24,14,3.5661,7.9307,1.5,1793
0703002-0918-15-42-gnss_raw.txt,2436,459615.600,FINESTEERING,SOL_COMPUTED,SINGLE,24,14,3.4699,7.7062,1.6,1793
0703002-0918-15-42-gnss_raw.txt,2436,459615.700,FINESTEERING,SOL_COMPUTED,SINGLE,24,15,3.4661,7.6875,1.7,1793
0703002-0918-15-42-gnss_raw.txt,2436,459615.800,FINESTEERING,SOL_COMPUTED,SINGLE,24,16,3.5156,7.7868,1.8,1793
0703002-0918-15-42-gnss_raw.txt,2436,459615.900,FINESTEERING,SOL_COMPUTED,SINGLE,24,16,3.4201,7.5669,1.9,1793
0703002-0918-15-42-gnss_raw.txt,2436,459616.000,FINESTEERING,SOL_COMPUTED,SINGLE,24,16,3.4212,7.5549,2.0,1793
0703002-0918-15-42-gnss_raw.txt,2436,459616.100,FINESTEERING,SOL_COMPUTED,SINGLE,24,16,3.6364,8.0217,1.1,1793
0703002-0918-15-42-gnss_raw.txt,2436,459616.200,FINESTEERING,SOL_COMPUTED,SINGLE,24,16,3.5549,7.8433,1.2,1793
0703002-0918-15-42-gnss_raw.txt,2436,459616.300,FINESTEERING,SOL_COMPUTED,SINGLE,24,15,3.5734,7.8739,1.3,1793
0703002-0918-15-42-gnss_raw.txt,2436,459616.400,FINESTEERING,SOL_COMPUTED,SINGLE,24,15,3.4331,7.5533,1.4,1793
0703002-0918-15-42-gnss_raw.txt,2436,459616.500,FINESTEERING,SOL_COMPUTED,SINGLE,24,14,3.5106,7.712,1.5,1793
0703002-0918-15-42-gnss_raw.txt,2436,459616.600,FINESTEERING,SOL_COMPUTED,SINGLE,24,15,3.6076,7.9179,1.6,1793
0703002-0918-15-42-gnss_raw.txt,2436,459616.700,FINESTEERING,SOL_COMPUTED,SINGLE,24,15,3.6813,8.0681,1.7,1793
0703002-0918-15-42-gnss_raw.txt,2436,459616.800,FINESTEERING,SOL_COMPUTED,SINGLE,24,14,3.6325,7.9476,1.8,1793
0703002-0918-15-42-gnss_raw.txt,2436,459616.900,FINESTEERING,SOL_COMPUTED,SINGLE,24,14,3.6272,7.9329,0.9,1793
0703002-0918-15-42-gnss_raw.txt,2436,459617.000,FINESTEERING,SOL_COMPUTED,SINGLE,24,14,3.4446,7.5303,1.0,1793
0703002-0918-15-42-gnss_raw.txt,2436,459617.100,FINESTEERING,SOL_COMPUTED,SINGLE,24,14,3.4452,7.5292,1.1,1793
0703002-0918-15-42-gnss_raw.txt,2436,459617.200,FINESTEERING,SOL_COMPUTED,SINGLE,24,14,3.4784,7.6008,1.2,1793
0703002-0918-15-42-gnss_raw.txt,2436,459617.300,FINESTEERING,SOL_COMPUTED,SINGLE,24,14,3.6222,7.9109,1.3,1793
0703002-0918-15-42-gnss_raw.txt,2436,459617.400,FINESTEERING,SOL_COMPUTED,SINGLE,24,14,3.8171,8.3301,1.4,1793
0703002-0918-15-42-gnss_raw.txt,2436,459617.500,FINESTEERING,SOL_COMPUTED,SINGLE,24,14,3.7168,8.1074,1.5,1793
0703002-0918-15-42-gnss_raw.txt,2436,459617.600,FINESTEERING,SOL_COMPUTED,SINGLE,24,15,3.7497,8.1766,1.6,1793
0703002-0918-15-42-gnss_raw.txt,2436,459617.700,FINESTEERING,SOL_COMPUTED,SINGLE,23,12,4.0746,8.8809,1.7,1793
0703002-0918-15-42-gnss_raw.txt,2436,459617.800,FINESTEERING,SOL_COMPUTED,SINGLE,23,11,4.2689,9.3309,0.8,1793
0703002-0918-15-42-gnss_raw.txt,2436,459617.900,FINESTEERING,SOL_COMPUTED,SINGLE,23,11,4.2907,9.373,0.9,1793
0703002-0918-15-42-gnss_raw.txt,2436,459618.000,FINESTEERING,SOL_COMPUTED,SINGLE,23,11,3.6361,7.9395,1.0,1793
0703002-0918-15-42-gnss_raw.txt,2436,459618.100,FINESTEERING,SOL_COMPUTED,SINGLE,23,12,3.6323,7.9253,1.1,1793
0703002-0918-15-42-gnss_raw.txt,2436,459618.200,FINESTEERING,SOL_COMPUTED,SINGLE,23,11,3.6487,7.9577,1.2,1793
0703002-0918-15-42-gnss_raw.txt,2436,459618.300,FINESTEERING,SOL_COMPUTED,SINGLE,23,10,3.94,8.5912,1.3,1793
0703002-0918-15-42-gnss_raw.txt,2436,459618.400,FINESTEERING,SOL_COMPUTED,SINGLE,23,12,3.8675,8.4298,1.4,1793
0703002-0918-15-42-gnss_raw.txt,2436,459618.500,FINESTEERING,SOL_COMPUTED,SINGLE,23,14,3.6989,8.0618,1.5,1793
0703002-0918-15-42-gnss_raw.txt,2436,459618.600,FINESTEERING,SOL_COMPUTED,SINGLE,23,13,3.6821,8.0249,1.6,1793
0703002-0918-15-42-gnss_raw.txt,2436,459618.700,FINESTEERING,SOL_COMPUTED,SINGLE,24,13,3.7229,8.1319,1.7,1793
0703002-0918-15-42-gnss_raw.txt,2436,459618.800,FINESTEERING,SOL_COMPUTED,SINGLE,23,13,3.7916,8.3049,1.8,1793
0703002-0918-15-42-gnss_raw.txt,2436,459618.900,FINESTEERING,SOL_COMPUTED,SINGLE,23,13,3.9476,8.6707,0.9,1793
0703002-0918-15-42-gnss_raw.txt,2436,459619.000,FINESTEERING,SOL_COMPUTED,SINGLE,23,13,3.6597,8.0462,1.0,1793
0703002-0918-15-42-gnss_raw.txt,2436,459619.100,FINESTEERING,SOL_COMPUTED,SINGLE,23,13,3.8942,8.5739,1.1,1793
0703002-0918-15-42-gnss_raw.txt,2436,459619.200,FINESTEERING,SOL_COMPUTED,SINGLE,23,13,3.9419,8.6885,1.2,1793
0703002-0918-15-42-gnss_raw.txt,2436,459619.300,FINESTEERING,SOL_COMPUTED,SINGLE,23,13,3.902,8.6121,1.3,1793
0703002-0918-15-42-gnss_raw.txt,2436,459619.400,FINESTEERING,SOL_COMPUTED,SINGLE,23,13,4.0659,8.9779,1.4,1793
0703002-0918-15-42-gnss_raw.txt,2436,459619.500,FINESTEERING,SOL_COMPUTED,SINGLE,23,13,4.1537,9.1784,1.5,1793
0703002-0918-15-42-gnss_raw.txt,2436,459619.600,FINESTEERING,SOL_COMPUTED,SINGLE,23,13,4.1281,9.1224,1.6,1793
0703002-0918-15-42-gnss_raw.txt,2436,459619.700,FINESTEERING,SOL_COMPUTED,SINGLE,23,13,3.8756,8.5644,1.7,1793
0703002-0918-15-42-gnss_raw.txt,2436,459619.800,FINESTEERING,SOL_COMPUTED,SINGLE,23,13,3.4622,7.6588,0.8,1793
0703002-0918-15-42-gnss_raw.txt,2436,459619.900,FINESTEERING,SOL_COMPUTED,SINGLE,23,12,3.4697,7.6761,0.9,1793
0703002-0918-15-42-gnss_raw.txt,2436,459620.000,FINESTEERING,SOL_COMPUTED,SINGLE,23,14,3.5483,7.8561,1.0,1793
0703002-0918-15-42-gnss_raw.txt,2436,459620.100,FINESTEERING,SOL_COMPUTED,SINGLE,23,14,3.4579,7.6683,1.1,1793
0703002-0918-15-42-gnss_raw.txt,2436,459620.200,FINESTEERING,SOL_COMPUTED,SINGLE,23,14,3.4058,7.563,1.2,1793
0703002-0918-15-42-gnss_raw.txt,2436,459620.300,FINESTEERING,SOL_COMPUTED,SINGLE,23,14,3.4221,7.6151,1.3,1793
0703002-0918-15-42-gnss_raw.txt,2436,459620.400,FINESTEERING,SOL_COMPUTED,SINGLE,23,14,3.4423,7.6703,1.4,1793
0703002-0918-15-42-gnss_raw.txt,2436,459620.500,FINESTEERING,SOL_COMPUTED,SINGLE,23,13,3.5915,8.009,1.5,1793
0703002-0918-15-42-gnss_raw.txt,2436,459620.600,FINESTEERING,SOL_COMPUTED,SINGLE,23,13,3.5564,7.9336,1.6,1793
0703002-0918-15-42-gnss_raw.txt,2436,459620.700,FINESTEERING,SOL_COMPUTED,SINGLE,23,13,3.5945,8.026,1.7,1793
0703002-0918-15-42-gnss_raw.txt,2436,459620.800,FINESTEERING,SOL_COMPUTED,SINGLE,23,12,3.5743,7.9874,1.8,1793
0703002-0918-15-42-gnss_raw.txt,2436,459620.900,FINESTEERING,SOL_COMPUTED,SINGLE,23,12,3.606,8.0715,1.9,1793
0703002-0918-15-42-gnss_raw.txt,2436,459621.000,FINESTEERING,SOL_COMPUTED,SINGLE,23,12,3.602,8.0713,1.0,1793
0703002-0918-15-42-gnss_raw.txt,2436,459621.100,FINESTEERING,SOL_COMPUTED,SINGLE,23,12,3.5103,7.8653,1.1,1793
0703002-0918-15-42-gnss_raw.txt,2436,459621.200,FINESTEERING,SOL_COMPUTED,SINGLE,23,12,3.4417,7.7107,1.2,1793
0703002-0918-15-42-gnss_raw.txt,2436,459621.300,FINESTEERING,SOL_COMPUTED,SINGLE,23,12,3.4757,7.7843,1.3,1793
0703002-0918-15-42-gnss_raw.txt,2436,459621.400,FINESTEERING,SOL_COMPUTED,SINGLE,23,12,3.5313,7.9149,1.4,1793
0703002-0918-15-42-gnss_raw.txt,2436,459621.500,FINESTEERING,SOL_COMPUTED,SINGLE,23,12,3.5051,7.8542,1.5,1793
0703002-0918-15-42-gnss_raw.txt,2436,459621.600,FINESTEERING,SOL_COMPUTED,SINGLE,23,12,3.5324,7.9141,1.6,1793
0703002-0918-15-42-gnss_raw.txt,2436,459621.700,FINESTEERING,SOL_COMPUTED,SINGLE,23,12,3.6726,8.2262,1.7,1793
0703002-0918-15-42-gnss_raw.txt,2436,459621.800,FINESTEERING,SOL_COMPUTED,SINGLE,23,12,3.5007,7.8392,1.8,1793
0703002-0918-15-42-gnss_raw.txt,2436,459621.900,FINESTEERING,SOL_COMPUTED,SINGLE,23,12,3.5483,7.9503,1.9,1793
0703002-0918-15-42-gnss_raw.txt,2436,459622.000,FINESTEERING,SOL_COMPUTED,SINGLE,23,12,3.4391,7.7077,1.0,1793
0703002-0918-15-42-gnss_raw.txt,2436,459622.100,FINESTEERING,SOL_COMPUTED,SINGLE,23,11,3.5767,8.0168,1.1,1793
0703002-0918-15-42-gnss_raw.txt,2436,459622.200,FINESTEERING,SOL_COMPUTED,SINGLE,23,12,3.6057,8.0963,1.2,1793
0703002-0918-15-42-gnss_raw.txt,2436,459622.300,FINESTEERING,SOL_COMPUTED,SINGLE,23,11,3.6593,8.2186,1.3,1793
0703002-0918-15-42-gnss_raw.txt,2436,459622.400,FINESTEERING,SOL_COMPUTED,SINGLE,23,11,3.6627,8.2224,1.4,1793
0703002-0918-15-42-gnss_raw.txt,2436,459622.500,FINESTEERING,SOL_COMPUTED,SINGLE,23,11,3.8082,8.5466,1.5,1793
0703002-0918-15-42-gnss_raw.txt,2436,459622.600,FINESTEERING,SOL_COMPUTED,SINGLE,24,11,3.7202,8.346,1.6,1793
0703002-0918-15-42-gnss_raw.txt,2436,459622.700,FINESTEERING,SOL_COMPUTED,SINGLE,24,12,3.6948,8.291,0.7,1793
0703002-0918-15-42-gnss_raw.txt,2436,459622.800,FINESTEERING,SOL_COMPUTED,SINGLE,24,12,3.6515,8.195,0.8,1793
0703002-0918-15-42-gnss_raw.txt,2436,459622.900,FINESTEERING,SOL_COMPUTED,SINGLE,24,12,3.6455,8.1793,0.9,1793
0703002-0918-15-42-gnss_raw.txt,2436,459623.000,FINESTEERING,SOL_COMPUTED,SINGLE,24,12,3.5634,7.9932,1.0,1793
0703002-0918-15-42-gnss_raw.txt,2436,459623.100,FINESTEERING,SOL_COMPUTED,SINGLE,24,13,3.5723,8.0093,1.1,1793
0703002-0918-15-42-gnss_raw.txt,2436,459623.200,FINESTEERING,SOL_COMPUTED,SINGLE,24,13,3.5202,7.8896,1.2,1793
0703002-0918-15-42-gnss_raw.txt,2436,459623.300,FINESTEERING,SOL_COMPUTED,SINGLE,24,12,3.6129,8.0925,1.3,1793
0703002-0918-15-42-gnss_raw.txt,2436,459623.400,FINESTEERING,SOL_COMPUTED,SINGLE,24,12,3.5262,7.8968,1.4,1793
0703002-0918-15-42-gnss_raw.txt,2436,459623.500,FINESTEERING,SOL_COMPUTED,SINGLE,24,12,3.5301,7.9014,1.5,1793
0703002-0918-15-42-gnss_raw.txt,2436,459623.600,FINESTEERING,SOL_COMPUTED,SINGLE,24,14,3.4989,7.827,1.6,1793
0703002-0918-15-42-gnss_raw.txt,2436,459623.700,FINESTEERING,SOL_COMPUTED,SINGLE,24,12,3.4714,7.7628,0.7,1793
0703002-0918-15-42-gnss_raw.txt,2436,459623.800,FINESTEERING,SOL_COMPUTED,SINGLE,24,11,3.6239,8.1011,0.8,1793
0703002-0918-15-42-gnss_raw.txt,2436,459623.900,FINESTEERING,SOL_COMPUTED,SINGLE,24,12,3.4477,7.7058,0.9,1793
0703002-0918-15-42-gnss_raw.txt,2436,459624.000,FINESTEERING,SOL_COMPUTED,SINGLE,24,12,3.4297,7.6642,1.0,1793
0703002-0918-15-42-gnss_raw.txt,2436,459624.100,FINESTEERING,SOL_COMPUTED,SINGLE,24,12,3.4187,7.6449,1.1,1793
0703002-0918-15-42-gnss_raw.txt,2436,459624.200,FINESTEERING,SOL_COMPUTED,SINGLE,24,13,3.5666,7.9781,1.2,1793
0703002-0918-15-42-gnss_raw.txt,2436,459624.300,FINESTEERING,SOL_COMPUTED,SINGLE,24,13,3.464,7.7447,1.3,1793
0703002-0918-15-42-gnss_raw.txt,2436,459624.400,FINESTEERING,SOL_COMPUTED,SINGLE,24,12,3.5471,7.9314,1.4,1793
0703002-0918-15-42-gnss_raw.txt,2436,459624.500,FINESTEERING,SOL_COMPUTED,SINGLE,24,13,3.5049,7.848,1.5,1793
0703002-0918-15-42-gnss_raw.txt,2436,459624.600,FINESTEERING,SOL_COMPUTED,SINGLE,24,13,3.661,8.1959,1.6,1793
0703002-0918-15-42-gnss_raw.txt,2436,459624.700,FINESTEERING,SOL_COMPUTED,SINGLE,24,12,3.7324,8.3553,1.7,1793
0703002-0918-15-42-gnss_raw.txt,2436,459624.800,FINESTEERING,SOL_COMPUTED,SINGLE,24,13,3.6398,8.1532,1.8,1793
0703002-0918-15-42-gnss_raw.txt,2436,459624.900,FINESTEERING,SOL_COMPUTED,SINGLE,24,13,3.6292,8.1286,1.9,1793
0703002-0918-15-42-gnss_raw.txt,2436,459625.000,FINESTEERING,SOL_COMPUTED,SINGLE,24,13,3.5586,7.9744,1.0,1793
0703002-0918-15-42-gnss_raw.txt,2436,459625.100,FINESTEERING,SOL_COMPUTED,SINGLE,24,12,3.798,8.5178,1.1,1793
0703002-0918-15-42-gnss_raw.txt,2436,459625.200,FINESTEERING,SOL_COMPUTED,SINGLE,24,13,3.3867,7.6028,1.2,1793
0703002-0918-15-42-gnss_raw.txt,2436,459625.300,FINESTEERING,SOL_COMPUTED,SINGLE,24,14,3.5709,8.0247,1.3,1793
0703002-0918-15-42-gnss_raw.txt,2436,459625.400,FINESTEERING,SOL_COMPUTED,SINGLE,24,14,3.5468,7.9787,1.4,1793
0703002-0918-15-42-gnss_raw.txt,2436,459625.500,FINESTEERING,SOL_COMPUTED,SINGLE,24,13,3.3984,7.647,1.5,1793
0703002-0918-15-42-gnss_raw.txt,2436,459625.600,FINESTEERING,SOL_COMPUTED,SINGLE,24,14,3.3913,7.6286,1.6,1793
0703002-0918-15-42-gnss_raw.txt,2436,459625.700,FINESTEERING,SOL_COMPUTED,SINGLE,24,13,3.424,7.7032,1.7,1793
0703002-0918-15-42-gnss_raw.txt,2436,459625.800,FINESTEERING,SOL_COMPUTED,SINGLE,24,14,3.5744,8.041,1.8,1793
0703002-0918-15-42-gnss_raw.txt,2436,459625.900,FINESTEERING,SOL_COMPUTED,SINGLE,24,13,3.6501,8.2126,0.9,1793
0703002-0918-15-42-gnss_raw.txt,2436,459626.000,FINESTEERING,SOL_COMPUTED,SINGLE,24,15,3.6059,8.1163,1.0,1793
0703002-0918-15-42-gnss_raw.txt,2436,459626.100,FINESTEERING,SOL_COMPUTED,SINGLE,24,14,3.594,8.0894,1.1,1793
0703002-0918-15-42-gnss_raw.txt,2436,459626.200,FINESTEERING,SOL_COMPUTED,SINGLE,24,14,3.7551,8.4503,1.2,1793
0703002-0918-15-42-gnss_raw.txt,2436,459626.300,FINESTEERING,SOL_COMPUTED,SINGLE,24,14,3.6926,8.3045,1.3,1793
0703002-0918-15-42-gnss_raw.txt,2436,459626.400,FINESTEERING,SOL_COMPUTED,SINGLE,24,13,3.7497,8.4304,1.4,1793
0703002-0918-15-42-gnss_raw.txt,2436,459626.500,FINESTEERING,SOL_COMPUTED,SINGLE,24,13,3.6121,8.1201,1.5,1793
0703002-0918-15-42-gnss_raw.txt,2436,459626.600,FINESTEERING,SOL_COMPUTED,SINGLE,24,15,3.5663,8.0134,1.6,1793
0703002-0918-15-42-gnss_raw.txt,2436,459626.700,FINESTEERING,SOL_COMPUTED,SINGLE,24,14,3.7434,8.4085,0.7,1793
0703002-0918-15-42-gnss_raw.txt,2436,459626.800,FINESTEERING,SOL_COMPUTED,SINGLE,24,15,3.5426,7.9532,0.8,1793
0703002-0918-15-42-gnss_raw.txt,2436,459626.900,FINESTEERING,SOL_COMPUTED,SINGLE,24,14,3.612,8.1048,0.9,1793
0703002-0918-15-42-gnss_raw.txt,2436,459627.000,FINESTEERING,SOL_COMPUTED,SINGLE,24,14,3.5551,7.9736,1.0,1793
0703002-0918-15-42-gnss_raw.txt,2436,459627.100,FINESTEERING,SOL_COMPUTED,SINGLE,24,14,3.6937,8.2821,1.1,1793
0703002-0918-15-42-gnss_raw.txt,2436,459627.200,FINESTEERING,SOL_COMPUTED,SINGLE,24,15,3.6685,8.2239,1.2,1793
0703002-0918-15-42-gnss_raw.txt,2436,459627.300,FINESTEERING,SOL_COMPUTED,SINGLE,24,14,3.7078,8.3087,1.3,1793
0703002-0918-15-42-gnss_raw.txt,2436,459627.400,FINESTEERING,SOL_COMPUTED,SINGLE,24,14,3.6791,8.2406,1.4,1793
0703002-0918-15-42-gnss_raw.txt,2436,459627.500,FINESTEERING,SOL_COMPUTED,SINGLE,24,14,3.5617,7.9737,1.5,1793
0703002-0918-15-42-gnss_raw.txt,2436,459627.600,FINESTEERING,SOL_COMPUTED,SINGLE,24,15,3.6434,8.1532,1.6,1793
0703002-0918-15-42-gnss_raw.txt,2436,459627.700,FINESTEERING,SOL_COMPUTED,SINGLE,24,16,3.5549,7.955,0.7,1793
0703002-0918-15-42-gnss_raw.txt,2436,459627.800,FINESTEERING,SOL_COMPUTED,SINGLE,24,16,3.446,7.7111,0.8,1793
0703002-0918-15-42-gnss_raw.txt,2436,459627.900,FINESTEERING,SOL_COMPUTED,SINGLE,24,16,3.4338,7.6839,0.9,1793
0703002-0918-15-42-gnss_raw.txt,2436,459628.000,FINESTEERING,SOL_COMPUTED,SINGLE,24,15,3.5017,7.836,1.0,1793
0703002-0918-15-42-gnss_raw.txt,2436,459628.100,FINESTEERING,SOL_COMPUTED,SINGLE,24,15,3.5104,7.853,1.1,1793
0703002-0918-15-42-gnss_raw.txt,2436,459628.200,FINESTEERING,SOL_COMPUTED,SINGLE,24,15,3.4413,7.699,1.2,1793
0703002-0918-15-42-gnss_raw.txt,2436,459628.300,FINESTEERING,SOL_COMPUTED,SINGLE,24,15,3.4707,7.7627,1.3,1793
0703002-0918-15-42-gnss_raw.txt,2436,459628.400,FINESTEERING,SOL_COMPUTED,SINGLE,24,16,3.4626,7.7436,1.4,1793
0703002-0918-15-42-gnss_raw.txt,2436,459628.500,FINESTEERING,SOL_COMPUTED,SINGLE,24,16,3.4834,7.7875,1.5,1793
0703002-0918-15-42-gnss_raw.txt,2436,459628.600,FINESTEERING,SOL_COMPUTED,SINGLE,24,15,3.4126,7.6283,1.6,1793
0703002-0918-15-42-gnss_raw.txt,2436,459628.700,FINESTEERING,SOL_COMPUTED,SINGLE,24,16,3.4788,7.7756,1.7,1793
0703002-0918-15-42-gnss_raw.txt,2436,459628.800,FINESTEERING,SOL_COMPUTED,SINGLE,24,15,3.477,7.7889,1.8,1793
0703002-0918-15-42-gnss_raw.txt,2436,459628.900,FINESTEERING,SOL_COMPUTED,SINGLE,24,15,3.4579,7.7535,1.9,1793
0703002-0918-15-42-gnss_raw.txt,2436,459629.000,FINESTEERING,SOL_COMPUTED,SINGLE,24,15,3.4535,7.7446,1.0,1793
0703002-0918-15-42-gnss_raw.txt,2436,459629.100,FINESTEERING,SOL_COMPUTED,SINGLE,24,16,3.4307,7.695,1.1,1793
0703002-0918-15-42-gnss_raw.txt,2436,459629.200,FINESTEERING,SOL_COMPUTED,SINGLE,24,16,3.4536,7.7602,1.2,1793
0703002-0918-15-42-gnss_raw.txt,2436,459629.300,FINESTEERING,SOL_COMPUTED,SINGLE,24,15,3.4586,7.7724,1.3,1793
0703002-0918-15-42-gnss_raw.txt,2436,459629.400,FINESTEERING,SOL_COMPUTED,SINGLE,24,15,3.4791,7.8254,1.4,1793
0703002-0918-15-42-gnss_raw.txt,2436,459629.500,FINESTEERING,SOL_COMPUTED,SINGLE,24,15,3.53,7.939,1.5,1793
0703002-0918-15-42-gnss_raw.txt,2436,459629.600,FINESTEERING,SOL_COMPUTED,SINGLE,24,15,3.5305,7.9369,1.6,1793
0703002-0918-15-42-gnss_raw.txt,2436,459629.700,FINESTEERING,SOL_COMPUTED,SINGLE,24,15,3.5746,8.0336,1.7,1793
0703002-0918-15-42-gnss_raw.txt,2436,459629.800,FINESTEERING,SOL_COMPUTED,SINGLE,24,13,3.6555,8.2307,1.8,1793
0703002-0918-15-42-gnss_raw.txt,2436,459629.900,FINESTEERING,SOL_COMPUTED,SINGLE,24,14,3.6099,8.1425,0.9,1793
0703002-0918-15-42-gnss_raw.txt,2436,459630.000,FINESTEERING,SOL_COMPUTED,SINGLE,24,14,3.6734,8.2994,1.0,1793
0703002-0918-15-42-gnss_raw.txt,2436,459630.100,FINESTEERING,SOL_COMPUTED,SINGLE,24,15,3.6998,8.3676,1.1,1793
0703002-0918-15-42-gnss_raw.txt,2436,459630.200,FINESTEERING,SOL_COMPUTED,SINGLE,24,14,3.6548,8.2802,1.2,1793
0703002-0918-15-42-gnss_raw.txt,2436,459630.300,FINESTEERING,SOL_COMPUTED,SINGLE,24,15,3.5589,8.0757,1.3,1793
0703002-0918-15-42-gnss_raw.txt,2436,459630.400,FINESTEERING,SOL_COMPUTED,SINGLE,24,15,3.5192,7.9988,1.4,1793
0703002-0918-15-42-gnss_raw.txt,2436,459630.500,FINESTEERING,SOL_COMPUTED,SINGLE,24,15,3.5758,8.1424,1.5,1793
0703002-0918-15-42-gnss_raw.txt,2436,459630.600,FINESTEERING,SOL_COMPUTED,SINGLE,24,15,3.6137,8.2335,1.6,1793
0703002-0918-15-42-gnss_raw.txt,2436,459630.700,FINESTEERING,SOL_COMPUTED,SINGLE,24,14,3.8429,8.7628,1.7,1793
0703002-0918-15-42-gnss_raw.txt,2436,459630.800,FINESTEERING,SOL_COMPUTED,SINGLE,24,15,3.5916,8.1959,1.8,1793
0703002-0918-15-42-gnss_raw.txt,2436,459630.900,FINESTEERING,SOL_COMPUTED,SINGLE,24,16,3.5769,8.1742,1.9,1793
0703002-0918-15-42-gnss_raw.txt,2436,459631.000,FINESTEERING,SOL_COMPUTED,SINGLE,24,16,3.434,7.854,1.0,1793
0703002-0918-15-42-gnss_raw.txt,2436,459631.100,FINESTEERING,SOL_COMPUTED,SINGLE,24,16,3.5117,8.0369,1.1,1793
0703002-0918-15-42-gnss_raw.txt,2436,459631.200,FINESTEERING,SOL_COMPUTED,SINGLE,24,16,3.5221,8.0667,1.2,1793
0703002-0918-15-42-gnss_raw.txt,2436,459631.300,FINESTEERING,SOL_COMPUTED,SINGLE,24,16,3.4802,7.9845,1.3,1793
0703002-0918-15-42-gnss_raw.txt,2436,459631.400,FINESTEERING,SOL_COMPUTED,SINGLE,24,16,3.4493,7.9315,1.4,1793
0703002-0918-15-42-gnss_raw.txt,2436,459631.500,FINESTEERING,SOL_COMPUTED,SINGLE,24,16,3.4089,7.8622,1.5,1793
0703002-0918-15-42-gnss_raw.txt,2436,459631.600,FINESTEERING,SOL_COMPUTED,SINGLE,24,15,3.5184,8.1157,1.6,1793
0703002-0918-15-42-gnss_raw.txt,2436,459631.700,FINESTEERING,SOL_COMPUTED,SINGLE,24,15,3.4202,7.8914,1.7,1793
0703002-0918-15-42-gnss_raw.txt,2436,459631.800,FINESTEERING,SOL_COMPUTED,SINGLE,24,16,3.4389,7.9483,1.8,1793
0703002-0918-15-42-gnss_raw.txt,2436,459631.900,FINESTEERING,SOL_COMPUTED,SINGLE,24,15,3.4423,7.9559,0.9,1793
0703002-0918-15-42-gnss_raw.txt,2436,459632.000,FINESTEERING,SOL_COMPUTED,SINGLE,24,16,3.3417,7.7211,1.0,1793
0703002-0918-15-42-gnss_raw.txt,2436,459632.100,FINESTEERING,SOL_COMPUTED,SINGLE,24,15,3.4404,7.9521,1.1,1793
0703002-0918-15-42-gnss_raw.txt,2436,459632.200,FINESTEERING,SOL_COMPUTED,SINGLE,24,15,3.4185,7.9077,1.2,1793
0703002-0918-15-42-gnss_raw.txt,2436,459632.300,FINESTEERING,SOL_COMPUTED,SINGLE,24,15,3.402,7.869,1.3,1793
0703002-0918-15-42-gnss_raw.txt,2436,459632.400,FINESTEERING,SOL_COMPUTED,SINGLE,24,15,3.2969,7.6287,1.4,1793
0703002-0918-15-42-gnss_raw.txt,2436,459632.500,FINESTEERING,SOL_COMPUTED,SINGLE,24,17,3.6903,8.5394,1.5,1793
0703002-0918-15-42-gnss_raw.txt,2436,459632.600,FINESTEERING,SOL_COMPUTED,SINGLE,24,17,3.6898,8.5304,1.6,1793
0703002-0918-15-42-gnss_raw.txt,2436,459632.700,FINESTEERING,SOL_COMPUTED,SINGLE,24,17,3.6781,8.4938,1.7,1793
0703002-0918-15-42-gnss_raw.txt,2436,459632.800,FINESTEERING,SOL_COMPUTED,SINGLE,24,17,3.5081,8.0933,1.8,1793
0703002-0918-15-42-gnss_raw.txt,2436,459632.900,FINESTEERING,SOL_COMPUTED,SINGLE,24,17,3.6429,8.4025,0.9,1793
0703002-0918-15-42-gnss_raw.txt,2436,459633.000,FINESTEERING,SOL_COMPUTED,SINGLE,24,16,3.7246,8.5929,1.0,1793
0703002-0918-15-42-gnss_raw.txt,2436,459633.100,FINESTEERING,SOL_COMPUTED,SINGLE,24,16,3.56,8.2125,1.1,1793
0703002-0918-15-42-gnss_raw.txt,2436,459633.200,FINESTEERING,SOL_COMPUTED,SINGLE,24,17,3.5531,8.1891,1.2,1793
0703002-0918-15-42-gnss_raw.txt,2436,459633.300,FINESTEERING,SOL_COMPUTED,SINGLE,24,16,3.4871,8.0282,1.3,1793
0703002-0918-15-42-gnss_raw.txt,2436,459633.400,FINESTEERING,SOL_COMPUTED,SINGLE,24,16,3.4316,7.8862,1.4,1793
0703002-0918-15-42-gnss_raw.txt,2436,459633.500,FINESTEERING,SOL_COMPUTED,SINGLE,24,16,3.5619,8.1735,1.5,1793
0703002-0918-15-42-gnss_raw.txt,2436,459633.600,FINESTEERING,SOL_COMPUTED,SINGLE,24,15,3.3638,7.7178,1.6,1793
0703002-0918-15-42-gnss_raw.txt,2436,459633.700,FINESTEERING,SOL_COMPUTED,SINGLE,24,15,3.4336,7.8828,1.7,1793
0703002-0918-15-42-gnss_raw.txt,2436,459633.800,FINESTEERING,SOL_COMPUTED,SINGLE,24,15,3.423,7.8616,1.8,1793
0703002-0918-15-42-gnss_raw.txt,2436,459633.900,FINESTEERING,SOL_COMPUTED,SINGLE,24,15,3.4117,7.8355,1.9,1793
0703002-0918-15-42-gnss_raw.txt,2436,459634.000,FINESTEERING,SOL_COMPUTED,SINGLE,24,14,3.4936,8.0252,1.0,1793
0703002-0918-15-42-gnss_raw.txt,2436,459634.100,FINESTEERING,SOL_COMPUTED,SINGLE,24,13,3.4424,7.9132,1.1,1793
0703002-0918-15-42-gnss_raw.txt,2436,459634.200,FINESTEERING,SOL_COMPUTED,SINGLE,24,14,3.3625,7.7341,1.2,1793
0703002-0918-15-42-gnss_raw.txt,2436,459634.300,FINESTEERING,SOL_COMPUTED,SINGLE,24,13,3.4884,8.0311,1.3,1793
0703002-0918-15-42-gnss_raw.txt,2436,459634.400,FINESTEERING,SOL_COMPUTED,SINGLE,24,13,3.4704,7.9899,1.4,1793
0703002-0918-15-42-gnss_raw.txt,2436,459634.500,FINESTEERING,SOL_COMPUTED,SINGLE,24,14,3.6601,8.4292,1.5,1793
0703002-0918-15-42-gnss_raw.txt,2436,459634.600,FINESTEERING,SOL_COMPUTED,SINGLE,24,13,3.5679,8.2215,1.6,1793
0703002-0918-15-42-gnss_raw.txt,2436,459634.700,FINESTEERING,SOL_COMPUTED,SINGLE,24,13,3.549,8.1886,0.7,1793
0703002-0918-15-42-gnss_raw.txt,2436,459634.800,FINESTEERING,SOL_COMPUTED,SINGLE,24,14,3.4136,7.8889,0.8,1793
0703002-0918-15-42-gnss_raw.txt,2436,459634.900,FINESTEERING,SOL_COMPUTED,SINGLE,24,15,3.47,8.0167,0.9,1793
0703002-0918-15-42-gnss_raw.txt,2436,459635.000,FINESTEERING,SOL_COMPUTED,SINGLE,24,14,3.2306,7.462,1.0,1793
0703002-0918-15-42-gnss_raw.txt,2436,459635.100,FINESTEERING,SOL_COMPUTED,SINGLE,24,15,3.4586,7.991,1.1,1793
0703002-0918-15-42-gnss_raw.txt,2436,459635.200,FINESTEERING,SOL_COMPUTED,SINGLE,24,15,3.3289,7.6884,1.2,1793
0703002-0918-15-42-gnss_raw.txt,2436,459635.300,FINESTEERING,SOL_COMPUTED,SINGLE,24,14,3.2769,7.5738,1.3,1793
0703002-0918-15-42-gnss_raw.txt,2436,459635.400,FINESTEERING,SOL_COMPUTED,SINGLE,24,14,3.522,8.1406,1.4,1793
0703002-0918-15-42-gnss_raw.txt,2436,459635.500,FINESTEERING,SOL_COMPUTED,SINGLE,24,14,3.3768,7.8158,1.5,1793
0703002-0918-15-42-gnss_raw.txt,2436,459635.600,FINESTEERING,SOL_COMPUTED,SINGLE,24,14,3.2272,7.4729,1.6,1793
0703002-0918-15-42-gnss_raw.txt,2436,459635.700,FINESTEERING,SOL_COMPUTED,SINGLE,24,15,3.2493,7.5296,0.7,1793
0703002-0918-15-42-gnss_raw.txt,2436,459635.800,FINESTEERING,SOL_COMPUTED,SINGLE,24,15,3.1571,7.322,0.8,1793
0703002-0918-15-42-gnss_raw.txt,2436,459635.900,FINESTEERING,SOL_COMPUTED,SINGLE,24,14,3.2321,7.5047,0.9,1793
0703002-0918-15-42-gnss_raw.txt,2436,459636.000,FINESTEERING,SOL_COMPUTED,SINGLE,24,14,3.1697,7.3625,1.0,1793
0703002-0918-15-42-gnss_raw.txt,2436,459636.100,FINESTEERING,SOL_COMPUTED,SINGLE,24,13,3.3807,7.849,1.1,1793
0703002-0918-15-42-gnss_raw.txt,2436,459636.200,FINESTEERING,SOL_COMPUTED,SINGLE,24,12,3.3612,7.8139,1.2,1793
0703002-0918-15-42-gnss_raw.txt,2436,459636.300,FINESTEERING,SOL_COMPUTED,SINGLE,24,13,3.2502,7.5614,1.3,1793
0703002-0918-15-42-gnss_raw.txt,2436,459636.400,FINESTEERING,SOL_COMPUTED,SINGLE,24,14,3.2319,7.5293,1.4,1793
0703002-0918-15-42-gnss_raw.txt,2436,459636.500,FINESTEERING,SOL_COMPUTED,SINGLE,24,14,3.4309,7.9909,1.5,1793
0703002-0918-15-42-gnss_raw.txt,2436,459636.600,FINESTEERING,SOL_COMPUTED,SINGLE,24,14,3.1768,7.3989,1.6,1793
0703002-0918-15-42-gnss_raw.txt,2436,459636.700,FINESTEERING,SOL_COMPUTED,SINGLE,24,15,3.1809,7.4065,1.7,1793
0703002-0918-15-42-gnss_raw.txt,2436,459636.800,FINESTEERING,SOL_COMPUTED,SINGLE,24,15,3.1587,7.3519,1.8,1793
0703002-0918-15-42-gnss_raw.txt,2436,459636.900,FINESTEERING,SOL_COMPUTED,SINGLE,24,14,3.3147,7.713,0.9,1793
0703002-0918-15-42-gnss_raw.txt,2436,459637.000,FINESTEERING,SOL_COMPUTED,SINGLE,24,14,3.4596,8.0549,1.0,1793
0703002-0918-15-42-gnss_raw.txt,2436,459637.100,FINESTEERING,SOL_COMPUTED,SINGLE,24,14,3.3023,7.6863,1.1,1793
0703002-0918-15-42-gnss_raw.txt,2436,459637.200,FINESTEERING,SOL_COMPUTED,SINGLE,24,13,3.3214,7.7298,1.2,1793
0703002-0918-15-42-gnss_raw.txt,2436,459637.300,FINESTEERING,SOL_COMPUTED,SINGLE,24,15,3.2321,7.5234,1.3,1793
0703002-0918-15-42-gnss_raw.txt,2436,459637.400,FINESTEERING,SOL_COMPUTED,SINGLE,24,14,3.5182,8.1891,1.4,1793
0703002-0918-15-42-gnss_raw.txt,2436,459637.500,FINESTEERING,SOL_COMPUTED,SINGLE,24,14,3.151,7.3314,1.5,1793
0703002-0918-15-42-gnss_raw.txt,2436,459637.600,FINESTEERING,SOL_COMPUTED,SINGLE,24,14,3.3074,7.6951,1.6,1793
0703002-0918-15-42-gnss_raw.txt,2436,459637.700,FINESTEERING,SOL_COMPUTED,SINGLE,24,14,3.2534,7.5678,1.7,1793
0703002-0918-15-42-gnss_raw.txt,2436,459637.800,FINESTEERING,SOL_COMPUTED,SINGLE,24,14,3.1364,7.2931,0.8,1793
0703002-0918-15-42-gnss_raw.txt,2436,459637.900,FINESTEERING,SOL_COMPUTED,SINGLE,24,15,3.3664,7.8276,0.9,1793
0703002-0918-15-42-gnss_raw.txt,2436,459638.000,FINESTEERING,SOL_COMPUTED,SINGLE,24,14,3.1263,7.2743,1.0,1793
0703002-0918-15-42-gnss_raw.txt,2436,459638.100,FINESTEERING,SOL_COMPUTED,SINGLE,24,15,3.3654,7.8326,1.1,1793
0703002-0918-15-42-gnss_raw.txt,2436,459638.200,FINESTEERING,SOL_COMPUTED,SINGLE,24,16,3.2977,7.6822,1.2,1793
0703002-0918-15-42-gnss_raw.txt,2436,459638.300,FINESTEERING,SOL_COMPUTED,SINGLE,24,16,3.187,7.4229,1.3,1793
0703002-0918-15-42-gnss_raw.txt,2436,459638.400,FINESTEERING,SOL_COMPUTED,SINGLE,24,15,3.3456,7.7929,1.4,1793
0703002-0918-15-42-gnss_raw.txt,2436,459638.500,FINESTEERING,SOL_COMPUTED,SINGLE,24,14,3.4785,8.106,1.5,1793
0703002-0918-15-42-gnss_raw.txt,2436,459638.600,FINESTEERING,SOL_COMPUTED,SINGLE,24,15,3.4541,8.0466,1.6,1793
0703002-0918-15-42-gnss_raw.txt,2436,459638.700,FINESTEERING,SOL_COMPUTED,SINGLE,24,15,3.3243,7.7481,1.7,1793
0703002-0918-15-42-gnss_raw.txt,2436,459638.800,FINESTEERING,SOL_COMPUTED,SINGLE,24,15,3.3577,7.8239,0.8,1793
0703002-0918-15-42-gnss_raw.txt,2436,459638.900,FINESTEERING,SOL_COMPUTED,SINGLE,24,15,3.3017,7.6965,0.9,1793
0703002-0918-15-42-gnss_raw.txt,2436,459639.000,FINESTEERING,SOL_COMPUTED,SINGLE,24,15,3.3841,7.8864,1.0,1793
0703002-0918-15-42-gnss_raw.txt,2436,459639.100,FINESTEERING,SOL_COMPUTED,SINGLE,24,16,3.3548,7.811,1.1,1793
0703002-0918-15-42-gnss_raw.txt,2436,459639.200,FINESTEERING,SOL_COMPUTED,SINGLE,24,16,3.3776,7.8575,1.2,1793
0703002-0918-15-42-gnss_raw.txt,2436,459639.300,FINESTEERING,SOL_COMPUTED,SINGLE,24,15,3.4676,8.0624,1.3,1793
0703002-0918-15-42-gnss_raw.txt,2436,459639.400,FINESTEERING,SOL_COMPUTED,SINGLE,24,15,3.4318,7.9746,1.4,1793
0703002-0918-15-42-gnss_raw.txt,2436,459639.500,FINESTEERING,SOL_COMPUTED,SINGLE,24,15,3.3281,7.7285,1.5,1793
0703002-0918-15-42-gnss_raw.txt,2436,459639.600,FINESTEERING,SOL_COMPUTED,SINGLE,24,14,3.3616,7.8082,1.6,1793
0703002-0918-15-42-gnss_raw.txt,2436,459639.700,FINESTEERING,SOL_COMPUTED,SINGLE,24,14,3.389,7.8774,0.7,1793
0703002-0918-15-42-gnss_raw.txt,2436,459639.800,FINESTEERING,SOL_COMPUTED,SINGLE,24,13,3.3902,7.8776,0.8,1793
0703002-0918-15-42-gnss_raw.txt,2436,459639.900,FINESTEERING,SOL_COMPUTED,SINGLE,24,14,3.3092,7.6866,0.9,1793
0703002-0918-15-42-gnss_raw.txt,2436,459640.000,FINESTEERING,SOL_COMPUTED,SINGLE,24,13,3.2925,7.6465,1.0,1793
0703002-0918-15-42-gnss_raw.txt,2436,459640.100,FINESTEERING,SOL_COMPUTED,SINGLE,24,13,3.3786,7.8467,1.1,1793
0703002-0918-15-42-gnss_raw.txt,2436,459640.200,FINESTEERING,SOL_COMPUTED,SINGLE,24,14,3.2928,7.6515,1.2,1793
0703002-0918-15-42-gnss_raw.txt,2436,459640.300,FINESTEERING,SOL_COMPUTED,SINGLE,24,14,3.4071,7.9232,1.3,1793
0703002-0918-15-42-gnss_raw.txt,2436,459640.400,FINESTEERING,SOL_COMPUTED,SINGLE,24,13,3.5525,8.2551,1.4,1793
0703002-0918-15-42-gnss_raw.txt,2436,459640.500,FINESTEERING,SOL_COMPUTED,SINGLE,24,13,3.3876,7.8784,1.5,1793
0703002-0918-15-42-gnss_raw.txt,2436,459640.600,FINESTEERING,SOL_COMPUTED,SINGLE,24,13,3.2895,7.6618,1.6,1793
0703002-0918-15-42-gnss_raw.txt,2436,459640.700,FINESTEERING,SOL_COMPUTED,SINGLE,24,14,3.2935,7.6771,1.7,1793
0703002-0918-15-42-gnss_raw.txt,2436,459640.800,FINESTEERING,SOL_COMPUTED,SINGLE,24,14,3.4737,8.1027,1.8,1793
0703002-0918-15-42-gnss_raw.txt,2436,459640.900,FINESTEERING,SOL_COMPUTED,SINGLE,24,14,3.4164,7.9728,0.9,1793
0703002-0918-15-42-gnss_raw.txt,2436,459641.000,FINESTEERING,SOL_COMPUTED,SINGLE,24,16,3.3708,7.8763,1.0,1793
0703002-0918-15-42-gnss_raw.txt,2436,459641.100,FINESTEERING,SOL_COMPUTED,SINGLE,24,14,3.4135,7.9776,1.1,1793
0703002-0918-15-42-gnss_raw.txt,2436,459641.200,FINESTEERING,SOL_COMPUTED,SINGLE,24,15,3.2338,7.561,1.2,1793
0703002-0918-15-42-gnss_raw.txt,2436,459641.300,FINESTEERING,SOL_COMPUTED,SINGLE,24,16,3.2692,7.6521,1.3,1793
0703002-0918-15-42-gnss_raw.txt,2436,459641.400,FINESTEERING,SOL_COMPUTED,SINGLE,24,15,3.4956,8.1891,1.4,1793
0703002-0918-15-42-gnss_raw.txt,2436,459641.500,FINESTEERING,SOL_COMPUTED,SINGLE,24,16,3.3572,7.8735,1.5,1793
0703002-0918-15-42-gnss_raw.txt,2436,459641.600,FINESTEERING,SOL_COMPUTED,SINGLE,24,15,3.3354,7.8314,1.6,1793
0703002-0918-15-42-gnss_raw.txt,2436,459641.700,FINESTEERING,SOL_COMPUTED,SINGLE,24,17,3.4311,8.0665,1.7,1793
0703002-0918-15-42-gnss_raw.txt,2436,459641.800,FINESTEERING,SOL_COMPUTED,SINGLE,24,16,3.4447,8.0934,1.8,1793
0703002-0918-15-42-gnss_raw.txt,2436,459641.900,FINESTEERING,SOL_COMPUTED,SINGLE,24,16,3.4402,8.0897,1.9,1793
0703002-0918-15-42-gnss_raw.txt,2436,459642.000,FINESTEERING,SOL_COMPUTED,SINGLE,24,16,3.552,8.3614,2.0,1793
0703002-0918-15-42-gnss_raw.txt,2436,459642.100,FINESTEERING,SOL_COMPUTED,SINGLE,24,16,3.5376,8.3207,1.1,1793
0703002-0918-15-42-gnss_raw.txt,2436,459642.200,FINESTEERING,SOL_COMPUTED,SINGLE,24,15,3.3089,7.7948,1.2,1793
0703002-0918-15-42-gnss_raw.txt,2436,459642.300,FINESTEERING,SOL_COMPUTED,SINGLE,24,16,3.2426,7.6575,1.3,1793
0703002-0918-15-42-gnss_raw.txt,2436,459642.400,FINESTEERING,SOL_COMPUTED,SINGLE,24,16,3.0954,7.3196,1.4,1793
0703002-0918-15-42-gnss_raw.txt,2436,459642.500,FINESTEERING,SOL_COMPUTED,SINGLE,24,16,3.3608,7.9427,1.5,1793
0703002-0918-15-42-gnss_raw.txt,2436,459642.600,FINESTEERING,SOL_COMPUTED,SINGLE,24,16,3.3612,7.9333,1.6,1793
0703002-0918-15-42-gnss_raw.txt,2436,459642.700,FINESTEERING,SOL_COMPUTED,SINGLE,24,16,3.3279,7.8454,1.7,1793
0703002-0918-15-42-gnss_raw.txt,2436,459642.800,FINESTEERING,SOL_COMPUTED,SINGLE,24,16,3.3905,7.9862,0.8,1793
0703002-0918-15-42-gnss_raw.txt,2436,459642.900,FINESTEERING,SOL_COMPUTED,SINGLE,24,16,3.3274,7.8216,0.9,1793
0703002-0918-15-42-gnss_raw.txt,2436,459643.000,FINESTEERING,SOL_COMPUTED,SINGLE,24,16,3.1761,7.4669,1.0,1793
0703002-0918-15-42-gnss_raw.txt,2436,459643.100,FINESTEERING,SOL_COMPUTED,SINGLE,24,15,3.1183,7.3305,1.1,1793
0703002-0918-15-42-gnss_raw.txt,2436,459643.200,FINESTEERING,SOL_COMPUTED,SINGLE,24,16,3.3712,7.9256,1.2,1793
0703002-0918-15-42-gnss_raw.txt,2436,459643.300,FINESTEERING,SOL_COMPUTED,SINGLE,24,16,3.3409,7.862,1.3,1793
0703002-0918-15-42-gnss_raw.txt,2436,459643.400,FINESTEERING,SOL_COMPUTED,SINGLE,24,16,3.4812,8.1906,1.4,1793
0703002-0918-15-42-gnss_raw.txt,2436,459643.500,FINESTEERING,SOL_COMPUTED,SINGLE,24,16,3.4384,8.0969,1.5,1793
0703002-0918-15-42-gnss_raw.txt,2436,459643.600,FINESTEERING,SOL_COMPUTED,SINGLE,24,16,3.4128,8.0411,1.6,1793
0703002-0918-15-42-gnss_raw.txt,2436,459643.700,FINESTEERING,SOL_COMPUTED,SINGLE,24,16,3.4587,8.1516,1.7,1793
0703002-0918-15-42-gnss_raw.txt,2436,459643.800,FINESTEERING,SOL_COMPUTED,SINGLE,24,17,3.3073,7.7986,1.8,1793
0703002-0918-15-42-gnss_raw.txt,2436,459643.900,FINESTEERING,SOL_COMPUTED,SINGLE,24,15,3.3707,7.9429,0.9,1793
0703002-0918-15-42-gnss_raw.txt,2436,459644.000,FINESTEERING,SOL_COMPUTED,SINGLE,24,16,3.3637,7.9268,1.0,1793
0703002-0918-15-42-gnss_raw.txt,2436,459644.100,FINESTEERING,SOL_COMPUTED,SINGLE,24,16,3.207,7.5509,1.1,1793
0703002-0918-15-42-gnss_raw.txt,2436,459644.200,FINESTEERING,SOL_COMPUTED,SINGLE,24,14,3.0883,7.2751,1.2,1793
0703002-0918-15-42-gnss_raw.txt,2436,459644.300,FINESTEERING,SOL_COMPUTED,SINGLE,24,16,3.1704,7.4676,1.3,1793
0703002-0918-15-42-gnss_raw.txt,2436,459644.400,FINESTEERING,SOL_COMPUTED,SINGLE,24,14,3.0928,7.284,1.4,1793
0703002-0918-15-42-gnss_raw.txt,2436,459644.500,FINESTEERING,SOL_COMPUTED,SINGLE,24,14,3.1062,7.3196,1.5,1793
0703002-0918-15-42-gnss_raw.txt,2436,459644.600,FINESTEERING,SOL_COMPUTED,SINGLE,24,14,3.0915,7.2887,1.6,1793
0703002-0918-15-42-gnss_raw.txt,2436,459644.700,FINESTEERING,SOL_COMPUTED,SINGLE,24,14,3.0559,7.2118,1.7,1793
0703002-0918-15-42-gnss_raw.txt,2436,459644.800,FINESTEERING,SOL_COMPUTED,SINGLE,24,14,3.0445,7.1896,1.8,1793
0703002-0918-15-42-gnss_raw.txt,2436,459644.900,FINESTEERING,SOL_COMPUTED,SINGLE,24,14,3.0363,7.1802,1.9,1793
0703002-0918-15-42-gnss_raw.txt,2436,459645.000,FINESTEERING,SOL_COMPUTED,SINGLE,24,14,3.0417,7.195,2.0,1793
0703002-0918-15-42-gnss_raw.txt,2436,459645.100,FINESTEERING,SOL_COMPUTED,SINGLE,24,16,3.1887,7.5528,1.1,1793
0703002-0918-15-42-gnss_raw.txt,2436,459645.200,FINESTEERING,SOL_COMPUTED,SINGLE,24,15,3.2713,7.756,1.2,1793
0703002-0918-15-42-gnss_raw.txt,2436,459645.300,FINESTEERING,SOL_COMPUTED,SINGLE,24,15,3.2404,7.6849,1.3,1793
0703002-0918-15-42-gnss_raw.txt,2436,459645.400,FINESTEERING,SOL_COMPUTED,SINGLE,24,15,2.9907,7.0904,1.4,1793
0703002-0918-15-42-gnss_raw.txt,2436,459645.500,FINESTEERING,SOL_COMPUTED,SINGLE,24,16,3.2244,7.6392,1.5,1793
0703002-0918-15-42-gnss_raw.txt,2436,459645.600,FINESTEERING,SOL_COMPUTED,SINGLE,24,15,3.2631,7.7223,1.6,1793
0703002-0918-15-42-gnss_raw.txt,2436,459645.700,FINESTEERING,SOL_COMPUTED,SINGLE,24,14,2.9736,7.0388,1.7,1793
0703002-0918-15-42-gnss_raw.txt,2436,459645.800,FINESTEERING,SOL_COMPUTED,SINGLE,24,16,3.1081,7.3477,1.8,1793
0703002-0918-15-42-gnss_raw.txt,2436,459645.900,FINESTEERING,SOL_COMPUTED,SINGLE,24,14,3.0195,7.1475,0.9,1793
0703002-0918-15-42-gnss_raw.txt,2436,459646.000,FINESTEERING,SOL_COMPUTED,SINGLE,24,14,3.2088,7.5826,1.0,1793
0703002-0918-15-42-gnss_raw.txt,2436,459646.100,FINESTEERING,SOL_COMPUTED,SINGLE,24,15,3.0709,7.2446,1.1,1793
0703002-0918-15-42-gnss_raw.txt,2436,459646.200,FINESTEERING,SOL_COMPUTED,SINGLE,24,15,3.0724,7.242,1.2,1793
0703002-0918-15-42-gnss_raw.txt,2436,459646.300,FINESTEERING,SOL_COMPUTED,SINGLE,24,16,3.0384,7.1574,1.3,1793
0703002-0918-15-42-gnss_raw.txt,2436,459646.400,FINESTEERING,SOL_COMPUTED,SINGLE,24,15,3.1368,7.3867,1.4,1793
0703002-0918-15-42-gnss_raw.txt,2436,459646.500,FINESTEERING,SOL_COMPUTED,SINGLE,24,14,3.0214,7.1187,1.5,1793
0703002-0918-15-42-gnss_raw.txt,2436,459646.600,FINESTEERING,SOL_COMPUTED,SINGLE,24,15,3.0495,7.183,1.6,1793
0703002-0918-15-42-gnss_raw.txt,2436,459646.700,FINESTEERING,SOL_COMPUTED,SINGLE,24,15,3.0515,7.1812,0.7,1793
0703002-0918-15-42-gnss_raw.txt,2436,459646.800,FINESTEERING,SOL_COMPUTED,SINGLE,24,16,3.0604,7.1978,0.8,1793
0703002-0918-15-42-gnss_raw.txt,2436,459646.900,FINESTEERING,SOL_COMPUTED,SINGLE,24,15,3.1888,7.5002,0.9,1793
0703002-0918-15-42-gnss_raw.txt,2436,459647.000,FINESTEERING,SOL_COMPUTED,SINGLE,24,15,3.1818,7.4805,1.0,1793
0703002-0918-15-42-gnss_raw.txt,2436,459647.100,FINESTEERING,SOL_COMPUTED,SINGLE,24,16,3.1255,7.3425,1.1,1793
0703002-0918-15-42-gnss_raw.txt,2436,459647.200,FINESTEERING,SOL_COMPUTED,SINGLE,24,15,3.1363,7.3595,1.2,1793
0703002-0918-15-42-gnss_raw.txt,2436,459647.300,FINESTEERING,SOL_COMPUTED,SINGLE,24,14,3.0161,7.081,1.3,1793
0703002-0918-15-42-gnss_raw.txt,2436,459647.400,FINESTEERING,SOL_COMPUTED,SINGLE,24,15,2.9732,6.984,1.4,1793
0703002-0918-15-42-gnss_raw.txt,2436,459647.500,FINESTEERING,SOL_COMPUTED,SINGLE,24,14,2.9566,6.9471,1.5,1793
0703002-0918-15-42-gnss_raw.txt,2436,459647.600,FINESTEERING,SOL_COMPUTED,SINGLE,24,15,3.0158,7.0815,1.6,1793
0703002-0918-15-42-gnss_raw.txt,2436,459647.700,FINESTEERING,SOL_COMPUTED,SINGLE,24,16,3.0122,7.0614,1.7,1793
0703002-0918-15-42-gnss_raw.txt,2436,459647.800,FINESTEERING,SOL_COMPUTED,SINGLE,24,17,3.085,7.2224,1.8,1793
0703002-0918-15-42-gnss_raw.txt,2436,459647.900,FINESTEERING,SOL_COMPUTED,SINGLE,24,15,2.9638,6.9396,1.9,1793
0703002-0918-15-42-gnss_raw.txt,2436,459648.000,FINESTEERING,SOL_COMPUTED,SINGLE,24,16,3.113,7.3009,2.0,1793
0703002-0918-15-42-gnss_raw.txt,2436,459648.100,FINESTEERING,SOL_COMPUTED,SINGLE,24,14,3.2768,7.6837,1.1,1793
0703002-0918-15-42-gnss_raw.txt,2436,459648.200,FINESTEERING,SOL_COMPUTED,SINGLE,24,15,3.1767,7.4467,1.2,1793
0703002-0918-15-42-gnss_raw.txt,2436,459648.300,FINESTEERING,SOL_COMPUTED,SINGLE,24,16,3.0967,7.2608,1.3,1793
0703002-0918-15-42-gnss_raw.txt,2436,459648.400,FINESTEERING,SOL_COMPUTED,SINGLE,24,16,3.0687,7.1947,1.4,1793
0703002-0918-15-42-gnss_raw.txt,2436,459648.500,FINESTEERING,SOL_COMPUTED,SINGLE,24,15,2.9441,6.9056,1.5,1793
0703002-0918-15-42-gnss_raw.txt,2436,459648.600,FINESTEERING,SOL_COMPUTED,SINGLE,24,16,3.0054,7.0661,1.6,1793
0703002-0918-15-42-gnss_raw.txt,2436,459648.700,FINESTEERING,SOL_COMPUTED,SINGLE,24,16,3.0966,7.2881,1.7,1793
0703002-0918-15-42-gnss_raw.txt,2436,459648.800,FINESTEERING,SOL_COMPUTED,SINGLE,24,16,2.9019,6.8453,1.8,1793
0703002-0918-15-42-gnss_raw.txt,2436,459648.900,FINESTEERING,SOL_COMPUTED,SINGLE,24,16,3.0215,7.1417,1.9,1793
0703002-0918-15-42-gnss_raw.txt,2436,459649.000,FINESTEERING,SOL_COMPUTED,SINGLE,24,16,2.9387,6.9726,1.0,1793
0703002-0918-15-42-gnss_raw.txt,2436,459649.100,FINESTEERING,SOL_COMPUTED,SINGLE,24,15,3.0758,7.2979,1.1,1793
0703002-0918-15-42-gnss_raw.txt,2436,459649.200,FINESTEERING,SOL_COMPUTED,SINGLE,24,16,3.015,7.1621,1.2,1793
0703002-0918-15-42-gnss_raw.txt,2436,459649.300,FINESTEERING,SOL_COMPUTED,SINGLE,24,16,2.8558,6.8005,1.3,1793
0703002-0918-15-42-gnss_raw.txt,2436,459649.400,FINESTEERING,SOL_COMPUTED,SINGLE,24,15,2.8547,6.8107,1.4,1793
0703002-0918-15-42-gnss_raw.txt,2436,459649.500,FINESTEERING,SOL_COMPUTED,SINGLE,24,17,2.874,6.8644,1.5,1793
0703002-0918-15-42-gnss_raw.txt,2436,459649.600,FINESTEERING,SOL_COMPUTED,SINGLE,24,15,2.9407,7.0319,1.6,1793
0703002-0918-15-42-gnss_raw.txt,2436,459649.700,FINESTEERING,SOL_COMPUTED,SINGLE,24,15,2.9937,7.1579,1.7,1793
0703002-0918-15-42-gnss_raw.txt,2436,459649.800,FINESTEERING,SOL_COMPUTED,SINGLE,24,15,3.0501,7.3066,1.8,1793
0703002-0918-15-42-gnss_raw.txt,2436,459649.900,FINESTEERING,SOL_COMPUTED,SINGLE,24,14,2.8162,6.7501,0.9,1793
0703002-0918-15-42-gnss_raw.txt,2436,459650.000,FINESTEERING,SOL_COMPUTED,SINGLE,24,14,2.8321,6.7976,1.0,1793
0703002-0918-15-42-gnss_raw.txt,2436,459650.100,FINESTEERING,SOL_COMPUTED,SINGLE,24,15,2.8076,6.7561,1.1,1793
0703002-0918-15-42-gnss_raw.txt,2436,459650.200,FINESTEERING,SOL_COMPUTED,SINGLE,24,15,2.8691,6.9099,1.2,1793
0703002-0918-15-42-gnss_raw.txt,2436,459650.300,FINESTEERING,SOL_COMPUTED,SINGLE,24,15,2.7936,6.74,1.3,1793
0703002-0918-15-42-gnss_raw.txt,2436,459650.400,FINESTEERING,SOL_COMPUTED,SINGLE,24,16,2.9072,7.0055,1.4,1793
0703002-0918-15-42-gnss_raw.txt,2436,459650.500,FINESTEERING,SOL_COMPUTED,SINGLE,24,15,2.9341,7.0535,1.5,1793
0703002-0918-15-42-gnss_raw.txt,2436,459650.600,FINESTEERING,SOL_COMPUTED,SINGLE,24,15,2.9938,7.2049,1.6,1793
0703002-0918-15-42-gnss_raw.txt,2436,459650.700,FINESTEERING,SOL_COMPUTED,SINGLE,24,14,2.7698,6.6757,1.7,1793
0703002-0918-15-42-gnss_raw.txt,2436,459650.800,FINESTEERING,SOL_COMPUTED,SINGLE,24,16,2.8734,6.9127,1.8,1793
0703002-0918-15-42-gnss_raw.txt,2436,459650.900,FINESTEERING,SOL_COMPUTED,SINGLE,24,17,2.934,7.0581,0.9,1793
0703002-0918-15-42-gnss_raw.txt,2436,459651.000,FINESTEERING,SOL_COMPUTED,SINGLE,24,16,2.9533,7.093,1.0,1793
0703002-0918-15-42-gnss_raw.txt,2436,459651.100,FINESTEERING,SOL_COMPUTED,SINGLE,24,18,2.9602,7.1036,1.1,1793
0703002-0918-15-42-gnss_raw.txt,2436,459651.200,FINESTEERING,SOL_COMPUTED,SINGLE,24,17,2.8358,6.8123,1.2,1793
0703002-0918-15-42-gnss_raw.txt,2436,459651.300,FINESTEERING,SOL_COMPUTED,SINGLE,24,15,2.9205,7.0087,1.3,1793
0703002-0918-15-42-gnss_raw.txt,2436,459651.400,FINESTEERING,SOL_COMPUTED,SINGLE,24,17,2.8779,6.8964,1.4,1793
0703002-0918-15-42-gnss_raw.txt,2436,459651.500,FINESTEERING,SOL_COMPUTED,SINGLE,24,17,2.8055,6.725,1.5,1793
0703002-0918-15-42-gnss_raw.txt,2436,459651.600,FINESTEERING,SOL_COMPUTED,SINGLE,24,15,2.8242,6.775,1.6,1793
0703002-0918-15-42-gnss_raw.txt,2436,459651.700,FINESTEERING,SOL_COMPUTED,SINGLE,24,16,2.7668,6.6277,1.7,1793
0703002-0918-15-42-gnss_raw.txt,2436,459651.800,FINESTEERING,SOL_COMPUTED,SINGLE,24,17,2.7936,6.6926,1.8,1793
0703002-0918-15-42-gnss_raw.txt,2436,459651.900,FINESTEERING,SOL_COMPUTED,SINGLE,24,16,2.7755,6.6511,1.9,1793
0703002-0918-15-42-gnss_raw.txt,2436,459652.000,FINESTEERING,SOL_COMPUTED,SINGLE,24,17,2.742,6.5628,1.0,1793
0703002-0918-15-42-gnss_raw.txt,2436,459652.100,FINESTEERING,SOL_COMPUTED,SINGLE,24,16,2.797,6.6826,1.1,1793
0703002-0918-15-42-gnss_raw.txt,2436,459652.200,FINESTEERING,SOL_COMPUTED,SINGLE,24,16,2.7945,6.6762,1.2,1793
0703002-0918-15-42-gnss_raw.txt,2436,459652.300,FINESTEERING,SOL_COMPUTED,SINGLE,24,17,2.7374,6.5376,1.3,1793
0703002-0918-15-42-gnss_raw.txt,2436,459652.400,FINESTEERING,SOL_COMPUTED,SINGLE,24,17,2.7751,6.6191,1.4,1793
0703002-0918-15-42-gnss_raw.txt,2436,459652.500,FINESTEERING,SOL_COMPUTED,SINGLE,24,17,2.7695,6.6054,1.5,1793
0703002-0918-15-42-gnss_raw.txt,2436,459652.600,FINESTEERING,SOL_COMPUTED,SINGLE,24,16,2.7776,6.6088,1.6,1793
0703002-0918-15-42-gnss_raw.txt,2436,459652.700,FINESTEERING,SOL_COMPUTED,SINGLE,24,16,2.7923,6.6339,1.7,1793
0703002-0918-15-42-gnss_raw.txt,2436,459652.800,FINESTEERING,SOL_COMPUTED,SINGLE,24,16,2.799,6.6286,1.8,1793
0703002-0918-15-42-gnss_raw.txt,2436,459652.900,FINESTEERING,SOL_COMPUTED,SINGLE,24,16,2.7965,6.5945,0.9,1793
0703002-0918-15-42-gnss_raw.txt,2436,459653.000,FINESTEERING,SOL_COMPUTED,SINGLE,24,16,2.7523,6.4724,1.0,1793
0703002-0918-15-42-gnss_raw.txt,2436,459653.100,FINESTEERING,SOL_COMPUTED,SINGLE,24,16,2.734,6.4233,1.1,1793
0703002-0918-15-42-gnss_raw.txt,2436,459653.200,FINESTEERING,SOL_COMPUTED,SINGLE,24,16,2.7924,6.5487,1.2,1793
0703002-0918-15-42-gnss_raw.txt,2436,459653.300,FINESTEERING,SOL_COMPUTED,SINGLE,24,15,2.7829,6.5211,1.3,1793
0703002-0918-15-42-gnss_raw.txt,2436,459653.400,FINESTEERING,SOL_COMPUTED,SINGLE,24,15,2.8187,6.5799,1.4,1793
0703002-0918-15-42-gnss_raw.txt,2436,459653.500,FINESTEERING,SOL_COMPUTED,SINGLE,24,15,2.7679,6.4433,1.5,1793
0703002-0918-15-42-gnss_raw.txt,2436,459653.600,FINESTEERING,SOL_COMPUTED,SINGLE,24,15,2.8861,6.6878,1.6,1793
0703002-0918-15-42-gnss_raw.txt,2436,459653.700,FINESTEERING,SOL_COMPUTED,SINGLE,24,17,2.7711,6.404,1.7,1793
0703002-0918-15-42-gnss_raw.txt,2436,459653.800,FINESTEERING,SOL_COMPUTED,SINGLE,24,17,2.7404,6.3187,1.8,1793
0703002-0918-15-42-gnss_raw.txt,2436,459653.900,FINESTEERING,SOL_COMPUTED,SINGLE,24,18,2.7141,6.247,1.9,1793
0703002-0918-15-42-gnss_raw.txt,2436,459654.000,FINESTEERING,SOL_COMPUTED,SINGLE,24,15,2.7516,6.3183,1.0,1793
0703002-0918-15-42-gnss_raw.txt,2436,459654.100,FINESTEERING,SOL_COMPUTED,SINGLE,24,16,2.7199,6.2363,1.1,1793
0703002-0918-15-42-gnss_raw.txt,2436,459654.200,FINESTEERING,SOL_COMPUTED,SINGLE,24,15,2.6956,6.183,1.2,1793
0703002-0918-15-42-gnss_raw.txt,2436,459654.300,FINESTEERING,SOL_COMPUTED,SINGLE,24,16,2.8589,6.5602,1.3,1793
0703002-0918-15-42-gnss_raw.txt,2436,459654.400,FINESTEERING,SOL_COMPUTED,SINGLE,24,16,2.8655,6.5676,1.4,1793
0703002-0918-15-42-gnss_raw.txt,2436,459654.500,FINESTEERING,SOL_COMPUTED,SINGLE,24,15,2.9347,6.7087,1.5,1793
0703002-0918-15-42-gnss_raw.txt,2436,459654.600,FINESTEERING,SOL_COMPUTED,SINGLE,24,15,2.8215,6.4479,1.6,1793
0703002-0918-15-42-gnss_raw.txt,2436,459654.700,FINESTEERING,SOL_COMPUTED,SINGLE,24,15,2.8367,6.4696,1.7,1793
0703002-0918-15-42-gnss_raw.txt,2436,459654.800,FINESTEERING,SOL_COMPUTED,SINGLE,24,14,2.8232,6.4225,1.8,1793
0703002-0918-15-42-gnss_raw.txt,2436,459654.900,FINESTEERING,SOL_COMPUTED,SINGLE,24,14,2.8216,6.3938,1.9,1793
0703002-0918-15-42-gnss_raw.txt,2436,459655.000,FINESTEERING,SOL_COMPUTED,SINGLE,24,16,2.8656,6.4894,1.0,1793
0703002-0918-15-42-gnss_raw.txt,2436,459655.100,FINESTEERING,SOL_COMPUTED,SINGLE,24,17,2.7297,6.1738,1.1,1793
0703002-0918-15-42-gnss_raw.txt,2436,459655.200,FINESTEERING,SOL_COMPUTED,SINGLE,24,16,2.7392,6.1946,1.2,1793
0703002-0918-15-42-gnss_raw.txt,2436,459655.300,FINESTEERING,SOL_COMPUTED,SINGLE,24,17,2.7081,6.1208,1.3,1793
0703002-0918-15-42-gnss_raw.txt,2436,459655.400,FINESTEERING,SOL_COMPUTED,SINGLE,24,16,2.8645,6.4845,1.4,1793
0703002-0918-15-42-gnss_raw.txt,2436,459655.500,FINESTEERING,SOL_COMPUTED,SINGLE,24,17,2.764,6.2514,1.5,1793
0703002-0918-15-42-gnss_raw.txt,2436,459655.600,FINESTEERING,SOL_COMPUTED,SINGLE,24,16,2.7895,6.3024,1.6,1793
0703002-0918-15-42-gnss_raw.txt,2436,459655.700,FINESTEERING,SOL_COMPUTED,SINGLE,24,16,2.7363,6.179,1.7,1793
0703002-0918-15-42-gnss_raw.txt,2436,459655.800,FINESTEERING,SOL_COMPUTED,SINGLE,24,16,2.929,6.6093,1.8,1793
0703002-0918-15-42-gnss_raw.txt,2436,459655.900,FINESTEERING,SOL_COMPUTED,SINGLE,24,16,3.0603,6.9044,1.9,1793
0703002-0918-15-42-gnss_raw.txt,2436,459656.000,FINESTEERING,SOL_COMPUTED,SINGLE,24,16,3.1048,7.0101,1.0,1793
0703002-0918-15-42-gnss_raw.txt,2436,459656.100,FINESTEERING,SOL_COMPUTED,SINGLE,24,15,3.148,7.1024,1.1,1793
0703002-0918-15-42-gnss_raw.txt,2436,459656.200,FINESTEERING,SOL_COMPUTED,SINGLE,24,16,2.9013,6.5394,1.2,1793
0703002-0918-15-42-gnss_raw.txt,2436,459656.300,FINESTEERING,SOL_COMPUTED,SINGLE,24,16,2.7795,6.2716,1.3,1793
0703002-0918-15-42-gnss_raw.txt,2436,459656.400,FINESTEERING,SOL_COMPUTED,SINGLE,24,16,3.0004,6.7803,1.4,1793
0703002-0918-15-42-gnss_raw.txt,2436,459656.500,FINESTEERING,SOL_COMPUTED,SINGLE,24,16,2.9896,6.7554,1.5,1793
0703002-0918-15-42-gnss_raw.txt,2436,459656.600,FINESTEERING,SOL_COMPUTED,SINGLE,24,15,3.0103,6.8071,1.6,1793
0703002-0918-15-42-gnss_raw.txt,2436,459656.700,FINESTEERING,SOL_COMPUTED,SINGLE,24,16,3.0238,6.8395,1.7,1793
0703002-0918-15-42-gnss_raw.txt,2436,459656.800,FINESTEERING,SOL_COMPUTED,SINGLE,24,16,3.3603,7.6015,0.8,1793
0703002-0918-15-42-gnss_raw.txt,2436,459656.900,FINESTEERING,SOL_COMPUTED,SINGLE,24,14,2.8574,6.4639,0.9,1793
0703002-0918-15-42-gnss_raw.txt,2436,459657.000,FINESTEERING,SOL_COMPUTED,SINGLE,24,15,2.774,6.2757,1.0,1793
0703002-0918-15-42-gnss_raw.txt,2436,459657.100,FINESTEERING,SOL_COMPUTED,SINGLE,24,15,2.8918,6.5382,1.1,1793
0703002-0918-15-42-gnss_raw.txt,2436,459657.200,FINESTEERING,SOL_COMPUTED,SINGLE,24,15,2.9442,6.6745,1.2,1793
0703002-0918-15-42-gnss_raw.txt,2436,459657.300,FINESTEERING,SOL_COMPUTED,SINGLE,24,15,2.9842,6.7642,1.3,1793
0703002-0918-15-42-gnss_raw.txt,2436,459657.400,FINESTEERING,SOL_COMPUTED,SINGLE,24,15,2.9397,6.6581,1.4,1793
0703002-0918-15-42-gnss_raw.txt,2436,459657.500,FINESTEERING,SOL_COMPUTED,SINGLE,24,15,2.9259,6.628,1.5,1793
0703002-0918-15-42-gnss_raw.txt,2436,459657.600,FINESTEERING,SOL_COMPUTED,SINGLE,24,15,2.8076,6.3681,1.6,1793
0703002-0918-15-42-gnss_raw.txt,2436,459657.700,FINESTEERING,SOL_COMPUTED,SINGLE,24,14,2.7729,6.2838,1.7,1793
0703002-0918-15-42-gnss_raw.txt,2436,459657.800,FINESTEERING,SOL_COMPUTED,SINGLE,24,15,3.1313,7.0927,1.8,1793
0703002-0918-15-42-gnss_raw.txt,2436,459657.900,FINESTEERING,SOL_COMPUTED,SINGLE,24,15,2.8712,6.4976,1.9,1793
0703002-0918-15-42-gnss_raw.txt,2436,459658.000,FINESTEERING,SOL_COMPUTED,SINGLE,24,16,2.7363,6.1907,1.0,1793
0703002-0918-15-42-gnss_raw.txt,2436,459658.100,FINESTEERING,SOL_COMPUTED,SINGLE,24,15,2.7067,6.1189,1.1,1793
0703002-0918-15-42-gnss_raw.txt,2436,459658.200,FINESTEERING,SOL_COMPUTED,SINGLE,24,15,2.6953,6.0888,1.2,1793
0703002-0918-15-42-gnss_raw.txt,2436,459658.300,FINESTEERING,SOL_COMPUTED,SINGLE,24,15,2.689,6.073,1.3,1793
0703002-0918-15-42-gnss_raw.txt,2436,459658.400,FINESTEERING,SOL_COMPUTED,SINGLE,24,15,2.7769,6.2788,1.4,1793
0703002-0918-15-42-gnss_raw.txt,2436,459658.500,FINESTEERING,SOL_COMPUTED,SINGLE,24,16,2.8836,6.5354,1.5,1793
0703002-0918-15-42-gnss_raw.txt,2436,459658.600,FINESTEERING,SOL_COMPUTED,SINGLE,24,16,2.7022,6.1218,1.6,1793
0703002-0918-15-42-gnss_raw.txt,2436,459658.700,FINESTEERING,SOL_COMPUTED,SINGLE,24,15,2.6972,6.1043,1.7,1793
0703002-0918-15-42-gnss_raw.txt,2436,459658.800,FINESTEERING,SOL_COMPUTED,SINGLE,24,14,2.9097,6.5827,1.8,1793
0703002-0918-15-42-gnss_raw.txt,2436,459658.900,FINESTEERING,SOL_COMPUTED,SINGLE,24,14,2.9237,6.6071,0.9,1793
0703002-0918-15-42-gnss_raw.txt,2436,459659.000,FINESTEERING,SOL_COMPUTED,SINGLE,24,14,2.8304,6.3898,1.0,1793
0703002-0918-15-42-gnss_raw.txt,2436,459659.100,FINESTEERING,SOL_COMPUTED,SINGLE,24,14,2.8041,6.3254,1.1,1793
0703002-0918-15-42-gnss_raw.txt,2436,459659.200,FINESTEERING,SOL_COMPUTED,SINGLE,24,13,2.8914,6.5177,1.2,1793
0703002-0918-15-42-gnss_raw.txt,2436,459659.300,FINESTEERING,SOL_COMPUTED,SINGLE,24,13,2.8722,6.4643,1.3,1793
0703002-0918-15-42-gnss_raw.txt,2436,459659.400,FINESTEERING,SOL_COMPUTED,SINGLE,24,17,2.8308,6.3581,1.4,1793
0703002-0918-15-42-gnss_raw.txt,2436,459659.500,FINESTEERING,SOL_COMPUTED,SINGLE,24,13,2.8388,6.3643,1.5,1793
0703002-0918-15-42-gnss_raw.txt,2436,459659.600,FINESTEERING,SOL_COMPUTED,SINGLE,24,13,2.9449,6.5915,1.6,1793
0703002-0918-15-42-gnss_raw.txt,2436,459659.700,FINESTEERING,SOL_COMPUTED,SINGLE,24,13,2.9968,6.6975,1.7,1793
0703002-0918-15-42-gnss_raw.txt,2436,459659.800,FINESTEERING,SOL_COMPUTED,SINGLE,24,14,3.2809,7.3226,1.8,1793
0703002-0918-15-42-gnss_raw.txt,2436,459659.900,FINESTEERING,SOL_COMPUTED,SINGLE,24,14,3.2299,7.198,0.9,1793
0703002-0918-15-42-gnss_raw.txt,2436,459660.000,FINESTEERING,SOL_COMPUTED,SINGLE,24,13,3.089,6.8733,1.0,1793
0703002-0918-15-42-gnss_raw.txt,2436,459660.100,FINESTEERING,SOL_COMPUTED,SINGLE,24,14,3.0993,6.8855,1.1,1793
0703002-0918-15-42-gnss_raw.txt,2436,459660.200,FINESTEERING,SOL_COMPUTED,SINGLE,24,14,3.2601,7.2315,1.2,1793
0703002-0918-15-42-gnss_raw.txt,2436,459660.300,FINESTEERING,SOL_COMPUTED,SINGLE,24,14,3.1342,6.9408,1.3,1793
0703002-0918-15-42-gnss_raw.txt,2436,459660.400,FINESTEERING,SOL_COMPUTED,SINGLE,24,13,3.4337,7.5938,1.4,1793
0703002-0918-15-42-gnss_raw.txt,2436,459660.500,FINESTEERING,SOL_COMPUTED,SINGLE,24,14,3.1329,6.9189,1.5,1793
0703002-0918-15-42-gnss_raw.txt,2436,459660.600,FINESTEERING,SOL_COMPUTED,SINGLE,24,14,3.0183,6.6576,1.6,1793
0703002-0918-15-42-gnss_raw.txt,2436,459660.700,FINESTEERING,SOL_COMPUTED,SINGLE,24,11,3.1012,6.8301,1.7,1793
0703002-0918-15-42-gnss_raw.txt,2436,459660.800,FINESTEERING,SOL_COMPUTED,SINGLE,24,13,3.0003,6.5984,1.8,1793
0703002-0918-15-42-gnss_raw.txt,2436,459660.900,FINESTEERING,SOL_COMPUTED,SINGLE,24,12,2.8958,6.3596,0.9,1793
0703002-0918-15-42-gnss_raw.txt,2436,459661.000,FINESTEERING,SOL_COMPUTED,SINGLE,24,13,3.1874,6.9905,1.0,1793
0703002-0918-15-42-gnss_raw.txt,2436,459661.100,FINESTEERING,SOL_COMPUTED,SINGLE,24,13,3.0538,6.6866,1.1,1793
0703002-0918-15-42-gnss_raw.txt,2436,459661.200,FINESTEERING,SOL_COMPUTED,SINGLE,24,13,3.1938,6.9843,1.2,1793
0703002-0918-15-42-gnss_raw.txt,2436,459661.300,FINESTEERING,SOL_COMPUTED,SINGLE,24,13,3.0472,6.6567,1.3,1793
0703002-0918-15-42-gnss_raw.txt,2436,459661.400,FINESTEERING,SOL_COMPUTED,SINGLE,24,13,3.0182,6.5858,1.4,1793
0703002-0918-15-42-gnss_raw.txt,2436,459661.500,FINESTEERING,SOL_COMPUTED,SINGLE,24,13,3.041,6.6286,1.5,1793
0703002-0918-15-42-gnss_raw.txt,2436,459661.600,FINESTEERING,SOL_COMPUTED,SINGLE,24,13,3.1518,6.8627,1.6,1793
0703002-0918-15-42-gnss_raw.txt,2436,459661.700,FINESTEERING,SOL_COMPUTED,SINGLE,24,13,3.0241,6.5758,1.7,1793
0703002-0918-15-42-gnss_raw.txt,2436,459661.800,FINESTEERING,SOL_COMPUTED,SINGLE,24,13,3.0172,6.5528,1.8,1793
0703002-0918-15-42-gnss_raw.txt,2436,459661.900,FINESTEERING,SOL_COMPUTED,SINGLE,24,12,3.1184,6.765,1.9,1793
0703002-0918-15-42-gnss_raw.txt,2436,459662.000,FINESTEERING,SOL_COMPUTED,SINGLE,24,13,3.0906,6.6957,1.0,1793
0703002-0918-15-42-gnss_raw.txt,2436,459662.100,FINESTEERING,SOL_COMPUTED,SINGLE,24,12,3.0478,6.5945,1.1,1793
0703002-0918-15-42-gnss_raw.txt,2436,459662.200,FINESTEERING,SOL_COMPUTED,SINGLE,24,14,3.152,6.8132,1.2,1793
0703002-0918-15-42-gnss_raw.txt,2436,459662.300,FINESTEERING,SOL_COMPUTED,SINGLE,24,14,3.1237,6.7457,1.3,1793
0703002-0918-15-42-gnss_raw.txt,2436,459662.400,FINESTEERING,SOL_COMPUTED,SINGLE,24,14,3.2039,6.912,1.4,1793
0703002-0918-15-42-gnss_raw.txt,2436,459662.500,FINESTEERING,SOL_COMPUTED,SINGLE,24,15,3.2649,7.0385,1.5,1793
0703002-0918-15-42-gnss_raw.txt,2436,459662.600,FINESTEERING,SOL_COMPUTED,SINGLE,24,15,3.2025,6.8974,1.6,1793
0703002-0918-15-42-gnss_raw.txt,2436,459662.700,FINESTEERING,SOL_COMPUTED,SINGLE,24,15,3.3133,7.1306,1.7,1793
0703002-0918-15-42-gnss_raw.txt,2436,459662.800,FINESTEERING,SOL_COMPUTED,SINGLE,24,15,3.3712,7.2483,1.8,1793
0703002-0918-15-42-gnss_raw.txt,2436,459662.900,FINESTEERING,SOL_COMPUTED,SINGLE,24,15,3.2795,7.0457,1.9,1793
0703002-0918-15-42-gnss_raw.txt,2436,459663.000,FINESTEERING,SOL_COMPUTED,SINGLE,24,15,3.1824,6.8354,1.0,1793
0703002-0918-15-42-gnss_raw.txt,2436,459663.100,FINESTEERING,SOL_COMPUTED,SINGLE,24,15,3.1667,6.7988,1.1,1793
0703002-0918-15-42-gnss_raw.txt,2436,459663.200,FINESTEERING,SOL_COMPUTED,SINGLE,24,14,3.2884,7.0609,1.2,1793
0703002-0918-15-42-gnss_raw.txt,2436,459663.300,FINESTEERING,SOL_COMPUTED,SINGLE,24,14,3.3006,7.09,1.3,1793
0703002-0918-15-42-gnss_raw.txt,2436,459663.400,FINESTEERING,SOL_COMPUTED,SINGLE,24,14,3.2387,6.9577,1.4,1793
0703002-0918-15-42-gnss_raw.txt,2436,459663.500,FINESTEERING,SOL_COMPUTED,SINGLE,24,14,3.1766,6.8245,1.5,1793
0703002-0918-15-42-gnss_raw.txt,2436,459663.600,FINESTEERING,SOL_COMPUTED,SINGLE,24,13,3.245,6.9676,1.6,1793
0703002-0918-15-42-gnss_raw.txt,2436,459663.700,FINESTEERING,SOL_COMPUTED,SINGLE,24,14,3.21,6.8879,1.7,1793
0703002-0918-15-42-gnss_raw.txt,2436,459663.800,FINESTEERING,SOL_COMPUTED,SINGLE,24,14,3.2758,7.0232,1.8,1793
0703002-0918-15-42-gnss_raw.txt,2436,459663.900,FINESTEERING,SOL_COMPUTED,SINGLE,24,14,3.1653,6.7804,0.9,1793
0703002-0918-15-42-gnss_raw.txt,2436,459664.000,FINESTEERING,SOL_COMPUTED,SINGLE,24,13,3.2137,6.8799,1.0,1793
0703002-0918-15-42-gnss_raw.txt,2436,459664.100,FINESTEERING,SOL_COMPUTED,SINGLE,24,13,3.2624,6.9824,1.1,1793
0703002-0918-15-42-gnss_raw.txt,2436,459664.200,FINESTEERING,SOL_COMPUTED,SINGLE,24,13,3.2914,7.0472,1.2,1793
0703002-0918-15-42-gnss_raw.txt,2436,459664.300,FINESTEERING,SOL_COMPUTED,SINGLE,24,13,3.3047,7.0759,1.3,1793
0703002-0918-15-42-gnss_raw.txt,2436,459664.400,FINESTEERING,SOL_COMPUTED,SINGLE,24,13,3.3894,7.2546,1.4,1793
0703002-0918-15-42-gnss_raw.txt,2436,459664.500,FINESTEERING,SOL_COMPUTED,SINGLE,24,13,3.3785,7.2276,1.5,1793
0703002-0918-15-42-gnss_raw.txt,2436,459664.600,FINESTEERING,SOL_COMPUTED,SINGLE,24,13,3.0834,6.596,1.6,1793
0703002-0918-15-42-gnss_raw.txt,2436,459664.700,FINESTEERING,SOL_COMPUTED,SINGLE,24,12,3.1851,6.808,0.7,1793
0703002-0918-15-42-gnss_raw.txt,2436,459664.800,FINESTEERING,SOL_COMPUTED,SINGLE,24,13,3.1674,6.7667,0.8,1793
0703002-0918-15-42-gnss_raw.txt,2436,459664.900,FINESTEERING,SOL_COMPUTED,SINGLE,24,13,3.2218,6.8794,0.9,1793
0703002-0918-15-42-gnss_raw.txt,2436,459665.000,FINESTEERING,SOL_COMPUTED,SINGLE,24,12,2.9449,6.2857,1.0,1793
0703002-0918-15-42-gnss_raw.txt,2436,459665.100,FINESTEERING,SOL_COMPUTED,SINGLE,24,13,3.1279,6.6721,1.1,1793
0703002-0918-15-42-gnss_raw.txt,2436,459665.200,FINESTEERING,SOL_COMPUTED,SINGLE,24,14,3.2212,6.8698,1.2,1793
0703002-0918-15-42-gnss_raw.txt,2436,459665.300,FINESTEERING,SOL_COMPUTED,SINGLE,24,14,3.1956,6.8115,1.3,1793
0703002-0918-15-42-gnss_raw.txt,2436,459665.400,FINESTEERING,SOL_COMPUTED,SINGLE,24,15,3.229,6.8811,1.4,1793
0703002-0918-15-42-gnss_raw.txt,2436,459665.500,FINESTEERING,SOL_COMPUTED,SINGLE,24,15,3.1711,6.7567,1.5,1793
0703002-0918-15-42-gnss_raw.txt,2436,459665.600,FINESTEERING,SOL_COMPUTED,SINGLE,24,14,3.2149,6.8529,1.6,1793
0703002-0918-15-42-gnss_raw.txt,2436,459665.700,FINESTEERING,SOL_COMPUTED,SINGLE,24,13,3.1367,6.6911,1.7,1793
0703002-0918-15-42-gnss_raw.txt,2436,459665.800,FINESTEERING,SOL_COMPUTED,SINGLE,24,13,3.3279,7.1011,1.8,1793
0703002-0918-15-42-gnss_raw.txt,2436,459665.900,FINESTEERING,SOL_COMPUTED,SINGLE,24,14,3.2476,6.9332,1.9,1793
0703002-0918-15-42-gnss_raw.txt,2436,459666.000,FINESTEERING,SOL_COMPUTED,SINGLE,24,13,3.3281,7.1152,1.0,1793
0703002-0918-15-42-gnss_raw.txt,2436,459666.100,FINESTEERING,SOL_COMPUTED,SINGLE,24,13,3.2274,6.901,1.1,1793
0703002-0918-15-42-gnss_raw.txt,2436,459666.200,FINESTEERING,SOL_COMPUTED,SINGLE,24,13,3.2521,6.9577,1.2,1793
0703002-0918-15-42-gnss_raw.txt,2436,459666.300,FINESTEERING,SOL_COMPUTED,SINGLE,24,12,3.3119,7.0847,1.3,1793
0703002-0918-15-42-gnss_raw.txt,2436,459666.400,FINESTEERING,SOL_COMPUTED,SINGLE,24,12,3.2166,6.8819,1.4,1793
0703002-0918-15-42-gnss_raw.txt,2436,459666.500,FINESTEERING,SOL_COMPUTED,SINGLE,24,12,3.239,6.9276,1.5,1793
0703002-0918-15-42-gnss_raw.txt,2436,459666.600,FINESTEERING,SOL_COMPUTED,SINGLE,24,13,3.1542,6.7451,1.6,1793
0703002-0918-15-42-gnss_raw.txt,2436,459666.700,FINESTEERING,SOL_COMPUTED,SINGLE,24,12,3.1954,6.8293,1.7,1793
0703002-0918-15-42-gnss_raw.txt,2436,459666.800,FINESTEERING,SOL_COMPUTED,SINGLE,24,13,3.1901,6.8156,1.8,1793
0703002-0918-15-42-gnss_raw.txt,2436,459666.900,FINESTEERING,SOL_COMPUTED,SINGLE,24,12,3.1789,6.7878,1.9,1793
0703002-0918-15-42-gnss_raw.txt,2436,459667.000,FINESTEERING,SOL_COMPUTED,SINGLE,24,12,3.1809,6.7884,1.0,1793
0703002-0918-15-42-gnss_raw.txt,2436,459667.100,FINESTEERING,SOL_COMPUTED,SINGLE,24,12,3.2723,6.9789,1.1,1793
0703002-0918-15-42-gnss_raw.txt,2436,459667.200,FINESTEERING,SOL_COMPUTED,SINGLE,24,12,3.3228,7.0843,1.2,1793
0703002-0918-15-42-gnss_raw.txt,2436,459667.300,FINESTEERING,SOL_COMPUTED,SINGLE,24,13,3.3421,7.1248,1.3,1793
0703002-0918-15-42-gnss_raw.txt,2436,459667.400,FINESTEERING,SOL_COMPUTED,SINGLE,24,12,3.3529,7.1484,1.4,1793
0703002-0918-15-42-gnss_raw.txt,2436,459667.500,FINESTEERING,SOL_COMPUTED,SINGLE,24,12,3.5407,7.546,1.5,1793
0703002-0918-15-42-gnss_raw.txt,2436,459667.600,FINESTEERING,SOL_COMPUTED,SINGLE,24,13,3.4392,7.326,1.6,1793
0703002-0918-15-42-gnss_raw.txt,2436,459667.700,FINESTEERING,SOL_COMPUTED,SINGLE,24,12,3.4011,7.24,1.7,1793
0703002-0918-15-42-gnss_raw.txt,2436,459667.800,FINESTEERING,SOL_COMPUTED,SINGLE,24,13,3.5806,7.6179,1.8,1793
0703002-0918-15-42-gnss_raw.txt,2436,459667.900,FINESTEERING,SOL_COMPUTED,SINGLE,24,13,3.4248,7.2843,1.9,1793
0703002-0918-15-42-gnss_raw.txt,2436,459668.000,FINESTEERING,SOL_COMPUTED,SINGLE,24,14,3.39,7.2078,2.0,1793
0703002-0918-15-42-gnss_raw.txt,2436,459668.100,FINESTEERING,SOL_COMPUTED,SINGLE,24,12,3.4312,7.2895,1.1,1793
0703002-0918-15-42-gnss_raw.txt,2436,459668.200,FINESTEERING,SOL_COMPUTED,SINGLE,24,14,3.783,8.03,1.2,1793
0703002-0918-15-42-gnss_raw.txt,2436,459668.300,FINESTEERING,SOL_COMPUTED,SINGLE,24,14,3.3876,7.1852,1.3,1793
0703002-0918-15-42-gnss_raw.txt,2436,459668.400,FINESTEERING,SOL_COMPUTED,SINGLE,24,14,3.538,7.5001,1.4,1793
0703002-0918-15-42-gnss_raw.txt,2436,459668.500,FINESTEERING,SOL_COMPUTED,SINGLE,24,12,3.6103,7.6508,1.5,1793
0703002-0918-15-42-gnss_raw.txt,2436,459668.600,FINESTEERING,SOL_COMPUTED,SINGLE,24,12,3.5025,7.4186,1.6,1793
0703002-0918-15-42-gnss_raw.txt,2436,459668.700,FINESTEERING,SOL_COMPUTED,SINGLE,24,12,3.4031,7.2055,1.7,1793
0703002-0918-15-42-gnss_raw.txt,2436,459668.800,FINESTEERING,SOL_COMPUTED,SINGLE,24,13,3.6258,7.6729,0.8,1793
0703002-0918-15-42-gnss_raw.txt,2436,459668.900,FINESTEERING,SOL_COMPUTED,SINGLE,24,13,3.5071,7.4192,0.9,1793
0703002-0918-15-42-gnss_raw.txt,2436,459669.000,FINESTEERING,SOL_COMPUTED,SINGLE,24,13,3.6827,7.7865,1.0,1793
0703002-0918-15-42-gnss_raw.txt,2436,459669.100,FINESTEERING,SOL_COMPUTED,SINGLE,24,13,3.4444,7.279,1.1,1793
0703002-0918-15-42-gnss_raw.txt,2436,459669.200,FINESTEERING,SOL_COMPUTED,SINGLE,24,13,3.4694,7.3289,1.2,1793
0703002-0918-15-42-gnss_raw.txt,2436,459669.300,FINESTEERING,SOL_COMPUTED,SINGLE,24,13,3.416,7.2121,1.3,1793
0703002-0918-15-42-gnss_raw.txt,2436,459669.400,FINESTEERING,SOL_COMPUTED,SINGLE,24,13,3.3848,7.1412,1.4,1793
0703002-0918-15-42-gnss_raw.txt,2436,459669.500,FINESTEERING,SOL_COMPUTED,SINGLE,24,14,3.4473,7.2721,1.5,1793
0703002-0918-15-42-gnss_raw.txt,2436,459669.600,FINESTEERING,SOL_COMPUTED,SINGLE,24,14,3.388,7.1456,1.6,1793
0703002-0918-15-42-gnss_raw.txt,2436,459669.700,FINESTEERING,SOL_COMPUTED,SINGLE,24,14,3.427,7.2232,1.7,1793
0703002-0918-15-42-gnss_raw.txt,2436,459669.800,FINESTEERING,SOL_COMPUTED,SINGLE,24,14,3.5553,7.4889,1.8,1793
0703002-0918-15-42-gnss_raw.txt,2436,459669.900,FINESTEERING,SOL_COMPUTED,SINGLE,24,14,3.524,7.4187,1.9,1793
0703002-0918-15-42-gnss_raw.txt,2436,459670.000,FINESTEERING,SOL_COMPUTED,SINGLE,24,13,3.5749,7.5193,2.0,1793
0703002-0918-15-42-gnss_raw.txt,2436,459670.100,FINESTEERING,SOL_COMPUTED,SINGLE,24,13,3.5927,7.5515,1.1,1793
0703002-0918-15-42-gnss_raw.txt,2436,459670.200,FINESTEERING,SOL_COMPUTED,SINGLE,24,13,3.6178,7.6016,1.2,1793
0703002-0918-15-42-gnss_raw.txt,2436,459670.300,FINESTEERING,SOL_COMPUTED,SINGLE,24,13,3.6437,7.6535,1.3,1793
0703002-0918-15-42-gnss_raw.txt,2436,459670.400,FINESTEERING,SOL_COMPUTED,SINGLE,24,13,3.6331,7.6319,1.4,1793
0703002-0918-15-42-gnss_raw.txt,2436,459670.500,FINESTEERING,SOL_COMPUTED,SINGLE,24,13,3.7273,7.8308,1.5,1793
0703002-0918-15-42-gnss_raw.txt,2436,459670.600,FINESTEERING,SOL_COMPUTED,SINGLE,24,13,3.6744,7.7198,1.6,1793
0703002-0918-15-42-gnss_raw.txt,2436,459670.700,FINESTEERING,SOL_COMPUTED,SINGLE,24,12,3.7194,7.8168,1.7,1793
0703002-0918-15-42-gnss_raw.txt,2436,459670.800,FINESTEERING,SOL_COMPUTED,SINGLE,24,12,3.7011,7.7863,1.8,1793
0703002-0918-15-42-gnss_raw.txt,2436,459670.900,FINESTEERING,SOL_COMPUTED,SINGLE,24,13,3.6566,7.7119,0.9,1793
0703002-0918-15-42-gnss_raw.txt,2436,459671.000,FINESTEERING,SOL_COMPUTED,SINGLE,24,13,3.3503,7.0645,1.0,1793
0703002-0918-15-42-gnss_raw.txt,2436,459671.100,FINESTEERING,SOL_COMPUTED,SINGLE,24,13,3.6452,7.6849,1.1,1793
0703002-0918-15-42-gnss_raw.txt,2436,459671.200,FINESTEERING,SOL_COMPUTED,SINGLE,24,13,3.6339,7.6611,1.2,1793
0703002-0918-15-42-gnss_raw.txt,2436,459671.300,FINESTEERING,SOL_COMPUTED,SINGLE,24,13,3.5514,7.4906,1.3,1793
0703002-0918-15-42-gnss_raw.txt,2436,459671.400,FINESTEERING,SOL_COMPUTED,SINGLE,24,12,3.5047,7.3948,1.4,1793
0703002-0918-15-42-gnss_raw.txt,2436,459671.500,FINESTEERING,SOL_COMPUTED,SINGLE,24,13,3.3471,7.0626,1.5,1793
0703002-0918-15-42-gnss_raw.txt,2436,459671.600,FINESTEERING,SOL_COMPUTED,SINGLE,23,11,3.6925,7.789,1.6,1793
0703002-0918-15-42-gnss_raw.txt,2436,459671.700,FINESTEERING,SOL_COMPUTED,SINGLE,23,12,3.6921,7.7837,1.7,1793
0703002-0918-15-42-gnss_raw.txt,2436,459671.800,FINESTEERING,SOL_COMPUTED,SINGLE,23,12,3.4826,7.3405,1.8,1793
0703002-0918-15-42-gnss_raw.txt,2436,459671.900,FINESTEERING,SOL_COMPUTED,SINGLE,23,12,3.5651,7.5116,1.9,1793
0703002-0918-15-42-gnss_raw.txt,2436,459672.000,FINESTEERING,SOL_COMPUTED,SINGLE,23,11,3.6332,7.6555,2.0,1793
0703002-0918-15-42-gnss_raw.txt,2436,459672.100,FINESTEERING,SOL_COMPUTED,SINGLE,23,11,3.683,7.7571,1.1,1793
0703002-0918-15-42-gnss_raw.txt,2436,459672.200,FINESTEERING,SOL_COMPUTED,SINGLE,23,11,3.7535,7.9002,1.2,1793
0703002-0918-15-42-gnss_raw.txt,2436,459672.300,FINESTEERING,SOL_COMPUTED,SINGLE,23,12,3.6078,7.5933,1.3,1793
0703002-0918-15-42-gnss_raw.txt,2436,459672.400,FINESTEERING,SOL_COMPUTED,SINGLE,23,11,3.7563,7.9053,1.4,1793
0703002-0918-15-42-gnss_raw.txt,2436,459672.500,FINESTEERING,SOL_COMPUTED,SINGLE,23,12,3.6358,7.6528,1.5,1793
0703002-0918-15-42-gnss_raw.txt,2436,459672.600,FINESTEERING,SOL_COMPUTED,SINGLE,23,12,3.4962,7.3594,1.6,1793
0703002-0918-15-42-gnss_raw.txt,2436,459672.700,FINESTEERING,SOL_COMPUTED,SINGLE,23,12,3.4815,7.3264,1.7,1793
0703002-0918-15-42-gnss_raw.txt,2436,459672.800,FINESTEERING,SOL_COMPUTED,SINGLE,23,12,3.865,8.1365,1.8,1793
0703002-0918-15-42-gnss_raw.txt,2436,459672.900,FINESTEERING,SOL_COMPUTED,SINGLE,23,12,3.6048,7.5908,1.9,1793
0703002-0918-15-42-gnss_raw.txt,2436,459673.000,FINESTEERING,SOL_COMPUTED,SINGLE,23,12,3.5569,7.495,1.0,1793
0703002-0918-15-42-gnss_raw.txt,2436,459673.100,FINESTEERING,SOL_COMPUTED,SINGLE,23,12,3.5759,7.5333,1.1,1793
0703002-0918-15-42-gnss_raw.txt,2436,459673.200,FINESTEERING,SOL_COMPUTED,SINGLE,23,11,3.6442,7.6804,1.2,1793
0703002-0918-15-42-gnss_raw.txt,2436,459673.300,FINESTEERING,SOL_COMPUTED,SINGLE,23,11,3.7046,7.8098,1.3,1793
0703002-0918-15-42-gnss_raw.txt,2436,459673.400,FINESTEERING,SOL_COMPUTED,SINGLE,23,12,3.6993,7.7993,1.4,1793
0703002-0918-15-42-gnss_raw.txt,2436,459673.500,FINESTEERING,SOL_COMPUTED,SINGLE,23,12,3.5752,7.536,1.5,1793
0703002-0918-15-42-gnss_raw.txt,2436,459673.600,FINESTEERING,SOL_COMPUTED,SINGLE,23,12,3.4377,7.2472,1.6,1793
0703002-0918-15-42-gnss_raw.txt,2436,459673.700,FINESTEERING,SOL_COMPUTED,SINGLE,23,12,3.6082,7.6089,1.7,1793
0703002-0918-15-42-gnss_raw.txt,2436,459673.800,FINESTEERING,SOL_COMPUTED,SINGLE,23,12,3.6018,7.5943,1.8,1793
0703002-0918-15-42-gnss_raw.txt,2436,459673.900,FINESTEERING,SOL_COMPUTED,SINGLE,23,12,3.5658,7.5221,1.9,1793
0703002-0918-15-42-gnss_raw.txt,2436,459674.000,FINESTEERING,SOL_COMPUTED,SINGLE,23,12,3.6216,7.6405,1.0,1793
0703002-0918-15-42-gnss_raw.txt,2436,459674.100,FINESTEERING,SOL_COMPUTED,SINGLE,23,12,3.5674,7.5278,1.1,1793
0703002-0918-15-42-gnss_raw.txt,2436,459674.200,FINESTEERING,SOL_COMPUTED,SINGLE,23,12,3.656,7.72,1.2,1793
0703002-0918-15-42-gnss_raw.txt,2436,459674.300,FINESTEERING,SOL_COMPUTED,SINGLE,23,13,3.6917,7.7989,1.3,1793
0703002-0918-15-42-gnss_raw.txt,2436,459674.400,FINESTEERING,SOL_COMPUTED,SINGLE,23,13,3.5769,7.5568,1.4,1793
0703002-0918-15-42-gnss_raw.txt,2436,459674.500,FINESTEERING,SOL_COMPUTED,SINGLE,23,13,3.6003,7.6125,1.5,1793
0703002-0918-15-42-gnss_raw.txt,2436,459674.600,FINESTEERING,SOL_COMPUTED,SINGLE,22,13,3.5263,7.4598,1.6,1793
0703002-0918-15-42-gnss_raw.txt,2436,459674.700,FINESTEERING,SOL_COMPUTED,SINGLE,23,12,3.7309,7.899,1.7,1793
0703002-0918-15-42-gnss_raw.txt,2436,459674.800,FINESTEERING,SOL_COMPUTED,SINGLE,23,13,3.4864,7.3911,1.8,1793
0703002-0918-15-42-gnss_raw.txt,2436,459674.900,FINESTEERING,SOL_COMPUTED,SINGLE,23,13,3.7412,7.9304,0.9,1793
0703002-0918-15-42-gnss_raw.txt,2436,459675.000,FINESTEERING,SOL_COMPUTED,SINGLE,23,13,3.4259,7.2607,1.0,1793
0703002-0918-15-42-gnss_raw.txt,2436,459675.100,FINESTEERING,SOL_COMPUTED,SINGLE,23,13,3.5091,7.4341,1.1,1793
0703002-0918-15-42-gnss_raw.txt,2436,459675.200,FINESTEERING,SOL_COMPUTED,SINGLE,23,13,3.4237,7.26,1.2,1793
0703002-0918-15-42-gnss_raw.txt,2436,459675.300,FINESTEERING,SOL_COMPUTED,SINGLE,23,13,3.5921,7.6127,1.3,1793
0703002-0918-15-42-gnss_raw.txt,2436,459675.400,FINESTEERING,SOL_COMPUTED,SINGLE,23,14,3.4975,7.4,1.4,1793
0703002-0918-15-42-gnss_raw.txt,2436,459675.500,FINESTEERING,SOL_COMPUTED,SINGLE,23,13,3.5646,7.5309,1.5,1793
0703002-0918-15-42-gnss_raw.txt,2436,459675.600,FINESTEERING,SOL_COMPUTED,SINGLE,23,13,3.5571,7.5096,1.6,1793
0703002-0918-15-42-gnss_raw.txt,2436,459675.700,FINESTEERING,SOL_COMPUTED,SINGLE,23,14,3.4635,7.3122,1.7,1793
0703002-0918-15-42-gnss_raw.txt,2436,459675.800,FINESTEERING,SOL_COMPUTED,SINGLE,23,14,3.4581,7.2888,1.8,1793
0703002-0918-15-42-gnss_raw.txt,2436,459675.900,FINESTEERING,SOL_COMPUTED,SINGLE,23,13,3.5354,7.4412,0.9,1793
0703002-0918-15-42-gnss_raw.txt,2436,459676.000,FINESTEERING,SOL_COMPUTED,SINGLE,23,13,3.6213,7.6087,1.0,1793
0703002-0918-15-42-gnss_raw.txt,2436,459676.100,FINESTEERING,SOL_COMPUTED,SINGLE,23,14,3.4081,7.1506,1.1,1793
0703002-0918-15-42-gnss_raw.txt,2436,459676.200,FINESTEERING,SOL_COMPUTED,SINGLE,23,14,3.3942,7.11,1.2,1793
0703002-0918-15-42-gnss_raw.txt,2436,459676.300,FINESTEERING,SOL_COMPUTED,SINGLE,23,14,3.5047,7.34,1.3,1793
0703002-0918-15-42-gnss_raw.txt,2436,459676.400,FINESTEERING,SOL_COMPUTED,SINGLE,23,13,3.4254,7.1688,1.4,1793
0703002-0918-15-42-gnss_raw.txt,2436,459676.500,FINESTEERING,SOL_COMPUTED,SINGLE,23,13,3.5312,7.3828,1.5,1793
0703002-0918-15-42-gnss_raw.txt,2436,459676.600,FINESTEERING,SOL_COMPUTED,SINGLE,23,13,3.6925,7.7118,1.6,1793
0703002-0918-15-42-gnss_raw.txt,2436,459676.700,FINESTEERING,SOL_COMPUTED,SINGLE,23,13,3.7507,7.8252,1.7,1793
0703002-0918-15-42-gnss_raw.txt,2436,459676.800,FINESTEERING,SOL_COMPUTED,SINGLE,23,12,3.6016,7.5071,1.8,1793
0703002-0918-15-42-gnss_raw.txt,2436,459676.900,FINESTEERING,SOL_COMPUTED,SINGLE,23,13,3.5895,7.4757,0.9,1793
0703002-0918-15-42-gnss_raw.txt,2436,459677.000,FINESTEERING,SOL_COMPUTED,SINGLE,23,13,3.5403,7.3721,1.0,1793
0703002-0918-15-42-gnss_raw.txt,2436,459677.100,FINESTEERING,SOL_COMPUTED,SINGLE,23,13,3.411,7.1028,1.1,1793
0703002-0918-15-42-gnss_raw.txt,2436,459677.200,FINESTEERING,SOL_COMPUTED,SINGLE,23,13,3.4409,7.1659,1.2,1793
0703002-0918-15-42-gnss_raw.txt,2436,459677.300,FINESTEERING,SOL_COMPUTED,SINGLE,23,12,3.5019,7.2992,1.3,1793
0703002-0918-15-42-gnss_raw.txt,2436,459677.400,FINESTEERING,SOL_COMPUTED,SINGLE,23,12,3.5349,7.3676,1.4,1793
0703002-0918-15-42-gnss_raw.txt,2436,459677.500,FINESTEERING,SOL_COMPUTED,SINGLE,23,12,3.4262,7.1459,1.5,1793
0703002-0918-15-42-gnss_raw.txt,2436,459677.600,FINESTEERING,SOL_COMPUTED,SINGLE,23,12,3.5979,7.5061,1.6,1793
0703002-0918-15-42-gnss_raw.txt,2436,459677.700,FINESTEERING,SOL_COMPUTED,SINGLE,23,12,3.7715,7.8697,1.7,1793
0703002-0918-15-42-gnss_raw.txt,2436,459677.800,FINESTEERING,SOL_COMPUTED,SINGLE,23,12,3.8716,8.077,1.8,1793
0703002-0918-15-42-gnss_raw.txt,2436,459677.900,FINESTEERING,SOL_COMPUTED,SINGLE,23,13,3.7069,7.731,1.9,1793
0703002-0918-15-42-gnss_raw.txt,2436,459678.000,FINESTEERING,SOL_COMPUTED,SINGLE,23,13,3.5928,7.4907,1.0,1793
0703002-0918-15-42-gnss_raw.txt,2436,459678.100,FINESTEERING,SOL_COMPUTED,SINGLE,23,12,3.7144,7.7406,1.1,1793
0703002-0918-15-42-gnss_raw.txt,2436,459678.200,FINESTEERING,SOL_COMPUTED,SINGLE,23,12,3.7505,7.813,1.2,1793
0703002-0918-15-42-gnss_raw.txt,2436,459678.300,FINESTEERING,SOL_COMPUTED,SINGLE,23,12,3.499,7.2872,1.3,1793
0703002-0918-15-42-gnss_raw.txt,2436,459678.400,FINESTEERING,SOL_COMPUTED,SINGLE,23,12,3.5851,7.464,1.4,1793
0703002-0918-15-42-gnss_raw.txt,2436,459678.500,FINESTEERING,SOL_COMPUTED,SINGLE,23,11,3.4951,7.2764,1.5,1793
0703002-0918-15-42-gnss_raw.txt,2436,459678.600,FINESTEERING,SOL_COMPUTED,SINGLE,22,12,3.7502,7.8063,1.6,1793
0703002-0918-15-42-gnss_raw.txt,2436,459678.700,FINESTEERING,SOL_COMPUTED,SINGLE,23,14,3.6576,7.6133,0.7,1793
0703002-0918-15-42-gnss_raw.txt,2436,459678.800,FINESTEERING,SOL_COMPUTED,SINGLE,22,14,3.5567,7.402,0.8,1793
0703002-0918-15-42-gnss_raw.txt,2436,459678.900,FINESTEERING,SOL_COMPUTED,SINGLE,22,14,3.5885,7.4701,0.9,1793
0703002-0918-15-42-gnss_raw.txt,2436,459679.000,FINESTEERING,SOL_COMPUTED,SINGLE,22,14,3.5776,7.4532,1.0,1793
0703002-0918-15-42-gnss_raw.txt,2436,459679.100,FINESTEERING,SOL_COMPUTED,SINGLE,22,13,3.5798,7.4551,1.1,1793
0703002-0918-15-42-gnss_raw.txt,2436,459679.200,FINESTEERING,SOL_COMPUTED,SINGLE,22,13,3.5826,7.4597,1.2,1793
0703002-0918-15-42-gnss_raw.txt,2436,459679.300,FINESTEERING,SOL_COMPUTED,SINGLE,22,13,3.6235,7.5489,1.3,1793
0703002-0918-15-42-gnss_raw.txt,2436,459679.400,FINESTEERING,SOL_COMPUTED,SINGLE,22,13,3.5812,7.4564,1.4,1793
0703002-0918-15-42-gnss_raw.txt,2436,459679.500,FINESTEERING,SOL_COMPUTED,SINGLE,22,13,3.4685,7.2184,1.5,1793
0703002-0918-15-42-gnss_raw.txt,2436,459679.600,FINESTEERING,SOL_COMPUTED,SINGLE,22,13,3.6236,7.5359,1.6,1793
0703002-0918-15-42-gnss_raw.txt,2436,459679.700,FINESTEERING,SOL_COMPUTED,SINGLE,22,13,3.6976,7.6905,1.7,1793
0703002-0918-15-42-gnss_raw.txt,2436,459679.800,FINESTEERING,SOL_COMPUTED,SINGLE,22,13,3.6634,7.6243,1.8,1793
0703002-0918-15-42-gnss_raw.txt,2436,459679.900,FINESTEERING,SOL_COMPUTED,SINGLE,22,14,3.5667,7.4238,1.9,1793
0703002-0918-15-42-gnss_raw.txt,2436,459680.000,FINESTEERING,SOL_COMPUTED,SINGLE,22,13,3.5515,7.3897,1.0,1793
0703002-0918-15-42-gnss_raw.txt,2436,459680.100,FINESTEERING,SOL_COMPUTED,SINGLE,22,13,3.6128,7.5144,1.1,1793
0703002-0918-15-42-gnss_raw.txt,2436,459680.200,FINESTEERING,SOL_COMPUTED,SINGLE,22,13,3.6141,7.5141,1.2,1793
0703002-0918-15-42-gnss_raw.txt,2436,459680.300,FINESTEERING,SOL_COMPUTED,SINGLE,22,13,3.525,7.3289,1.3,1793
0703002-0918-15-42-gnss_raw.txt,2436,459680.400,FINESTEERING,SOL_COMPUTED,SINGLE,22,13,3.5249,7.3251,1.4,1793
0703002-0918-15-42-gnss_raw.txt,2436,459680.500,FINESTEERING,SOL_COMPUTED,SINGLE,22,13,3.5395,7.3514,1.5,1793
0703002-0918-15-42-gnss_raw.txt,2436,459680.600,FINESTEERING,SOL_COMPUTED,SINGLE,22,13,3.6153,7.5042,1.6,1793
0703002-0918-15-42-gnss_raw.txt,2436,459680.700,FINESTEERING,SOL_COMPUTED,SINGLE,22,13,3.7366,7.7484,1.7,1793
0703002-0918-15-42-gnss_raw.txt,2436,459680.800,FINESTEERING,SOL_COMPUTED,SINGLE,22,13,3.6894,7.6431,0.8,1793
0703002-0918-15-42-gnss_raw.txt,2436,459680.900,FINESTEERING,SOL_COMPUTED,SINGLE,22,13,3.6917,7.6424,0.9,1793
0703002-0918-15-42-gnss_raw.txt,2436,459681.000,FINESTEERING,SOL_COMPUTED,SINGLE,22,13,3.6567,7.566,1.0,1793
0703002-0918-15-42-gnss_raw.txt,2436,459681.100,FINESTEERING,SOL_COMPUTED,SINGLE,22,12,3.9157,8.1074,1.1,1793
0703002-0918-15-42-gnss_raw.txt,2436,459681.200,FINESTEERING,SOL_COMPUTED,SINGLE,22,12,3.9888,8.2699,1.2,1793
0703002-0918-15-42-gnss_raw.txt,2436,459681.300,FINESTEERING,SOL_COMPUTED,SINGLE,22,12,3.7886,7.8576,1.3,1793
0703002-0918-15-42-gnss_raw.txt,2436,459681.400,FINESTEERING,SOL_COMPUTED,SINGLE,22,12,3.9272,8.1498,1.4,1793
0703002-0918-15-42-gnss_raw.txt,2436,459681.500,FINESTEERING,SOL_COMPUTED,SINGLE,22,12,3.7097,7.7018,1.5,1793
0703002-0918-15-42-gnss_raw.txt,2436,459681.600,FINESTEERING,SOL_COMPUTED,SINGLE,22,13,3.6213,7.5245,1.6,1793
0703002-0918-15-42-gnss_raw.txt,2436,459681.700,FINESTEERING,SOL_COMPUTED,SINGLE,22,13,3.6331,7.5525,1.7,1793
0703002-0918-15-42-gnss_raw.txt,2436,459681.800,FINESTEERING,SOL_COMPUTED,SINGLE,22,12,3.6724,7.6415,1.8,1793
0703002-0918-15-42-gnss_raw.txt,2436,459681.900,FINESTEERING,SOL_COMPUTED,SINGLE,22,12,3.6757,7.6471,1.9,1793
0703002-0918-15-42-gnss_raw.txt,2436,459682.000,FINESTEERING,SOL_COMPUTED,SINGLE,22,12,3.8212,7.9507,2.0,1793
0703002-0918-15-42-gnss_raw.txt,2436,459682.100,FINESTEERING,SOL_COMPUTED,SINGLE,22,12,3.7831,7.8695,1.1,1793
0703002-0918-15-42-gnss_raw.txt,2436,459682.200,FINESTEERING,SOL_COMPUTED,SINGLE,22,12,3.8198,7.9448,1.2,1793
0703002-0918-15-42-gnss_raw.txt,2436,459682.300,FINESTEERING,SOL_COMPUTED,SINGLE,22,12,3.7138,7.722,1.3,1793
0703002-0918-15-42-gnss_raw.txt,2436,459682.400,FINESTEERING,SOL_COMPUTED,SINGLE,22,12,3.6783,7.6479,1.4,1793
0703002-0918-15-42-gnss_raw.txt,2436,459682.500,FINESTEERING,SOL_COMPUTED,SINGLE,22,12,3.6829,7.6541,1.5,1793
0703002-0918-15-42-gnss_raw.txt,2436,459682.600,FINESTEERING,SOL_COMPUTED,SINGLE,22,13,3.697,7.6805,1.6,1793
0703002-0918-15-42-gnss_raw.txt,2436,459682.700,FINESTEERING,SOL_COMPUTED,SINGLE,22,13,3.9506,8.2228,1.7,1793
0703002-0918-15-42-gnss_raw.txt,2436,459682.800,FINESTEERING,SOL_COMPUTED,SINGLE,22,12,3.6753,7.6526,1.8,1793
0703002-0918-15-42-gnss_raw.txt,2436,459682.900,FINESTEERING,SOL_COMPUTED,SINGLE,22,12,3.635,7.574,0.9,1793
0703002-0918-15-42-gnss_raw.txt,2436,459683.000,FINESTEERING,SOL_COMPUTED,SINGLE,22,13,3.5858,7.4686,1.0,1793
0703002-0918-15-42-gnss_raw.txt,2436,459683.100,FINESTEERING,SOL_COMPUTED,SINGLE,22,13,3.6571,7.6149,1.1,1793
0703002-0918-15-42-gnss_raw.txt,2436,459683.200,FINESTEERING,SOL_COMPUTED,SINGLE,22,13,3.7216,7.7455,1.2,1793
0703002-0918-15-42-gnss_raw.txt,2436,459683.300,FINESTEERING,SOL_COMPUTED,SINGLE,22,13,3.6576,7.6083,1.3,1793
0703002-0918-15-42-gnss_raw.txt,2436,459683.400,FINESTEERING,SOL_COMPUTED,SINGLE,22,12,3.8884,8.0839,1.4,1793
0703002-0918-15-42-gnss_raw.txt,2436,459683.500,FINESTEERING,SOL_COMPUTED,SINGLE,22,13,3.8208,7.9389,1.5,1793
0703002-0918-15-42-gnss_raw.txt,2436,459683.600,FINESTEERING,SOL_COMPUTED,SINGLE,22,13,3.7303,7.7478,1.6,1793
0703002-0918-15-42-gnss_raw.txt,2436,459683.700,FINESTEERING,SOL_COMPUTED,SINGLE,22,13,3.7809,7.8518,1.7,1793
0703002-0918-15-42-gnss_raw.txt,2436,459683.800,FINESTEERING,SOL_COMPUTED,SINGLE,22,13,3.8143,7.9265,0.8,1793
0703002-0918-15-42-gnss_raw.txt,2436,459683.900,FINESTEERING,SOL_COMPUTED,SINGLE,22,12,3.8148,7.925,0.9,1793
0703002-0918-15-42-gnss_raw.txt,2436,459684.000,FINESTEERING,SOL_COMPUTED,SINGLE,22,12,3.8629,8.0245,1.0,1793
0703002-0918-15-42-gnss_raw.txt,2436,459684.100,FINESTEERING,SOL_COMPUTED,SINGLE,22,12,3.7221,7.7274,1.1,1793
0703002-0918-15-42-gnss_raw.txt,2436,459684.200,FINESTEERING,SOL_COMPUTED,SINGLE,22,12,3.8953,8.0814,1.2,1793
0703002-0918-15-42-gnss_raw.txt,2436,459684.300,FINESTEERING,SOL_COMPUTED,SINGLE,22,12,3.8825,8.052,1.3,1793
0703002-0918-15-42-gnss_raw.txt,2436,459684.400,FINESTEERING,SOL_COMPUTED,SINGLE,22,12,3.9318,8.1521,1.4,1793
0703002-0918-15-42-gnss_raw.txt,2436,459684.500,FINESTEERING,SOL_COMPUTED,SINGLE,22,12,3.7976,7.8732,1.5,1793
0703002-0918-15-42-gnss_raw.txt,2436,459684.600,FINESTEERING,SOL_COMPUTED,SINGLE,22,12,3.7466,7.7663,1.6,1793
0703002-0918-15-42-gnss_raw.txt,2436,459684.700,FINESTEERING,SOL_COMPUTED,SINGLE,22,12,3.9637,8.2147,0.7,1793
0703002-0918-15-42-gnss_raw.txt,2436,459684.800,FINESTEERING,SOL_COMPUTED,SINGLE,22,12,4.0434,8.3777,0.8,1793
0703002-0918-15-42-gnss_raw.txt,2436,459684.900,FINESTEERING,SOL_COMPUTED,SINGLE,22,12,4.0501,8.3901,0.9,1793
0703002-0918-15-42-gnss_raw.txt,2436,459685.000,FINESTEERING,SOL_COMPUTED,SINGLE,22,12,4.05,8.3896,1.0,1793
0703002-0918-15-42-gnss_raw.txt,2436,459685.100,FINESTEERING,SOL_COMPUTED,SINGLE,22,12,4.103,8.5036,1.1,1793
0703002-0918-15-42-gnss_raw.txt,2436,459685.200,FINESTEERING,SOL_COMPUTED,SINGLE,22,12,4.1576,8.6145,1.2,1793
0703002-0918-15-42-gnss_raw.txt,2436,459685.300,FINESTEERING,SOL_COMPUTED,SINGLE,22,12,3.9469,8.1739,1.3,1793
0703002-0918-15-42-gnss_raw.txt,2436,459685.400,FINESTEERING,SOL_COMPUTED,SINGLE,22,12,4.0459,8.3762,1.4,1793
0703002-0918-15-42-gnss_raw.txt,2436,459685.500,FINESTEERING,SOL_COMPUTED,SINGLE,22,12,4.0265,8.3327,1.5,1793
0703002-0918-15-42-gnss_raw.txt,2436,459685.600,FINESTEERING,SOL_COMPUTED,SINGLE,22,12,3.9351,8.1414,1.6,1793
0703002-0918-15-42-gnss_raw.txt,2436,459685.700,FINESTEERING,SOL_COMPUTED,SINGLE,22,12,3.845,7.9577,1.7,1793
0703002-0918-15-42-gnss_raw.txt,2436,459685.800,FINESTEERING,SOL_COMPUTED,SINGLE,22,11,4.03,8.3373,1.8,1793
0703002-0918-15-42-gnss_raw.txt,2436,459685.900,FINESTEERING,SOL_COMPUTED,SINGLE,22,13,3.8469,7.9606,1.9,1793
0703002-0918-15-42-gnss_raw.txt,2436,459686.000,FINESTEERING,SOL_COMPUTED,SINGLE,22,14,3.8769,8.0195,2.0,1793
0703002-0918-15-42-gnss_raw.txt,2436,459686.100,FINESTEERING,SOL_COMPUTED,SINGLE,22,13,3.9769,8.2281,2.1,1793
0703002-0918-15-42-gnss_raw.txt,2436,459686.200,FINESTEERING,SOL_COMPUTED,SINGLE,22,13,3.931,8.1345,2.2,1793
0703002-0918-15-42-gnss_raw.txt,2436,459686.300,FINESTEERING,SOL_COMPUTED,SINGLE,22,13,4.0177,8.3114,1.3,1793
0703002-0918-15-42-gnss_raw.txt,2436,459686.400,FINESTEERING,SOL_COMPUTED,SINGLE,22,13,3.9717,8.2139,1.4,1793
0703002-0918-15-42-gnss_raw.txt,2436,459686.500,FINESTEERING,SOL_COMPUTED,SINGLE,22,13,3.789,7.8323,1.5,1793
0703002-0918-15-42-gnss_raw.txt,2436,459686.600,FINESTEERING,SOL_COMPUTED,SINGLE,22,13,3.785,7.8203,1.6,1793
0703002-0918-15-42-gnss_raw.txt,2436,459686.700,FINESTEERING,SOL_COMPUTED,SINGLE,22,13,3.6604,7.5621,1.7,1793
0703002-0918-15-42-gnss_raw.txt,2436,459686.800,FINESTEERING,SOL_COMPUTED,SINGLE,22,13,3.6781,7.5991,1.8,1793
0703002-0918-15-42-gnss_raw.txt,2436,459686.900,FINESTEERING,SOL_COMPUTED,SINGLE,22,13,3.6768,7.5955,1.9,1793
0703002-0918-15-42-gnss_raw.txt,2436,459687.000,FINESTEERING,SOL_COMPUTED,SINGLE,22,13,3.7499,7.7478,1.0,1793
0703002-0918-15-42-gnss_raw.txt,2436,459687.100,FINESTEERING,SOL_COMPUTED,SINGLE,22,13,3.7926,7.8367,1.1,1793
0703002-0918-15-42-gnss_raw.txt,2436,459687.200,FINESTEERING,SOL_COMPUTED,SINGLE,22,13,3.7752,7.804,1.2,1793
0703002-0918-15-42-gnss_raw.txt,2436,459687.300,FINESTEERING,SOL_COMPUTED,SINGLE,22,13,3.7908,7.8381,1.3,1793
0703002-0918-15-42-gnss_raw.txt,2436,459687.400,FINESTEERING,SOL_COMPUTED,SINGLE,22,13,3.8407,7.9561,1.4,1793
0703002-0918-15-42-gnss_raw.txt,2436,459687.500,FINESTEERING,SOL_COMPUTED,SINGLE,22,13,3.6815,7.6403,1.5,1793
0703002-0918-15-42-gnss_raw.txt,2436,459687.600,FINESTEERING,SOL_COMPUTED,SINGLE,22,12,3.591,7.454,1.6,1793
0703002-0918-15-42-gnss_raw.txt,2436,459687.700,FINESTEERING,SOL_COMPUTED,SINGLE,22,12,3.6673,7.6091,1.7,1793
0703002-0918-15-42-gnss_raw.txt,2436,459687.800,FINESTEERING,SOL_COMPUTED,SINGLE,22,13,3.7953,7.8735,1.8,1793
0703002-0918-15-42-gnss_raw.txt,2436,459687.900,FINESTEERING,SOL_COMPUTED,SINGLE,22,13,3.8612,8.0106,0.9,1793
0703002-0918-15-42-gnss_raw.txt,2436,459688.000,FINESTEERING,SOL_COMPUTED,SINGLE,22,13,3.6612,7.6018,1.0,1793
0703002-0918-15-42-gnss_raw.txt,2436,459688.100,FINESTEERING,SOL_COMPUTED,SINGLE,22,13,3.644,7.5687,1.1,1793
0703002-0918-15-42-gnss_raw.txt,2436,459688.200,FINESTEERING,SOL_COMPUTED,SINGLE,22,13,3.8413,7.9795,1.2,1793
0703002-0918-15-42-gnss_raw.txt,2436,459688.300,FINESTEERING,SOL_COMPUTED,SINGLE,22,13,3.7874,7.8715,1.3,1793
0703002-0918-15-42-gnss_raw.txt,2436,459688.400,FINESTEERING,SOL_COMPUTED,SINGLE,22,13,3.8481,8.0011,1.4,1793
0703002-0918-15-42-gnss_raw.txt,2436,459688.500,FINESTEERING,SOL_COMPUTED,SINGLE,22,12,3.9726,8.2609,1.5,1793
0703002-0918-15-42-gnss_raw.txt,2436,459688.600,FINESTEERING,SOL_COMPUTED,SINGLE,22,12,3.6792,7.6557,1.6,1793
0703002-0918-15-42-gnss_raw.txt,2436,459688.700,FINESTEERING,SOL_COMPUTED,SINGLE,22,12,3.7366,7.7783,0.7,1793
0703002-0918-15-42-gnss_raw.txt,2436,459688.800,FINESTEERING,SOL_COMPUTED,SINGLE,22,12,3.78,7.8698,0.8,1793
0703002-0918-15-42-gnss_raw.txt,2436,459688.900,FINESTEERING,SOL_COMPUTED,SINGLE,22,12,3.6849,7.6751,0.9,1793
0703002-0918-15-42-gnss_raw.txt,2436,459689.000,FINESTEERING,SOL_COMPUTED,SINGLE,22,12,3.5668,7.4327,1.0,1793
0703002-0918-15-42-gnss_raw.txt,2436,459689.100,FINESTEERING,SOL_COMPUTED,SINGLE,22,11,3.5617,7.4195,1.1,1793
0703002-0918-15-42-gnss_raw.txt,2436,459689.200,FINESTEERING,SOL_COMPUTED,SINGLE,22,11,3.6493,7.6033,1.2,1793
0703002-0918-15-42-gnss_raw.txt,2436,459689.300,FINESTEERING,SOL_COMPUTED,SINGLE,22,11,3.7394,7.8025,1.3,1793
0703002-0918-15-42-gnss_raw.txt,2436,459689.400,FINESTEERING,SOL_COMPUTED,SINGLE,22,11,3.827,7.998,1.4,1793
0703002-0918-15-42-gnss_raw.txt,2436,459689.500,FINESTEERING,SOL_COMPUTED,SINGLE,22,11,3.7686,7.8853,1.5,1793
0703002-0918-15-42-gnss_raw.txt,2436,459689.600,FINESTEERING,SOL_COMPUTED,SINGLE,22,11,3.7476,7.8434,1.6,1793
0703002-0918-15-42-gnss_raw.txt,2436,459689.700,FINESTEERING,SOL_COMPUTED,SINGLE,22,11,3.7114,7.7699,1.7,1793
0703002-0918-15-42-gnss_raw.txt,2436,459689.800,FINESTEERING,SOL_COMPUTED,SINGLE,22,11,3.6438,7.6288,0.8,1793
0703002-0918-15-42-gnss_raw.txt,2436,459689.900,FINESTEERING,SOL_COMPUTED,SINGLE,22,12,3.7581,7.8727,0.9,1793
0703002-0918-15-42-gnss_raw.txt,2436,459690.000,FINESTEERING,SOL_COMPUTED,SINGLE,22,12,3.8107,7.9873,1.0,1793
0703002-0918-15-42-gnss_raw.txt,2436,459690.100,FINESTEERING,SOL_COMPUTED,SINGLE,22,13,3.7562,7.8783,1.1,1793
0703002-0918-15-42-gnss_raw.txt,2436,459690.200,FINESTEERING,SOL_COMPUTED,SINGLE,22,14,3.746,7.8564,1.2,1793
0703002-0918-15-42-gnss_raw.txt,2436,459690.300,FINESTEERING,SOL_COMPUTED,SINGLE,22,14,3.6654,7.6862,1.3,1793
0703002-0918-15-42-gnss_raw.txt,2436,459690.400,FINESTEERING,SOL_COMPUTED,SINGLE,22,14,3.7132,7.7883,1.4,1793
0703002-0918-15-42-gnss_raw.txt,2436,459690.500,FINESTEERING,SOL_COMPUTED,SINGLE,22,14,3.7162,7.7946,1.5,1793
0703002-0918-15-42-gnss_raw.txt,2436,459690.600,FINESTEERING,SOL_COMPUTED,SINGLE,22,14,3.7353,7.834,1.6,1793
0703002-0918-15-42-gnss_raw.txt,2436,459690.700,FINESTEERING,SOL_COMPUTED,SINGLE,22,14,3.759,7.8833,1.7,1793
0703002-0918-15-42-gnss_raw.txt,2436,459690.800,FINESTEERING,SOL_COMPUTED,SINGLE,22,14,3.7119,7.7838,1.8,1793
0703002-0918-15-42-gnss_raw.txt,2436,459690.900,FINESTEERING,SOL_COMPUTED,SINGLE,22,14,3.8251,8.043,1.9,1793
0703002-0918-15-42-gnss_raw.txt,2436,459691.000,FINESTEERING,SOL_COMPUTED,SINGLE,22,13,3.816,8.0267,1.0,1793
0703002-0918-15-42-gnss_raw.txt,2436,459691.100,FINESTEERING,SOL_COMPUTED,SINGLE,22,14,3.7606,7.9149,1.1,1793
0703002-0918-15-42-gnss_raw.txt,2436,459691.200,FINESTEERING,SOL_COMPUTED,SINGLE,22,14,3.7394,7.8697,1.2,1793
0703002-0918-15-42-gnss_raw.txt,2436,459691.300,FINESTEERING,SOL_COMPUTED,SINGLE,22,14,3.829,8.0627,1.3,1793
0703002-0918-15-42-gnss_raw.txt,2436,459691.400,FINESTEERING,SOL_COMPUTED,SINGLE,22,13,3.7225,7.8454,1.4,1793
0703002-0918-15-42-gnss_raw.txt,2436,459691.500,FINESTEERING,SOL_COMPUTED,SINGLE,22,14,3.7538,7.9189,1.5,1793
0703002-0918-15-42-gnss_raw.txt,2436,459691.600,FINESTEERING,SOL_COMPUTED,SINGLE,22,14,3.6556,7.7164,1.6,1793
0703002-0918-15-42-gnss_raw.txt,2436,459691.700,FINESTEERING,SOL_COMPUTED,SINGLE,22,14,3.7187,7.8473,1.7,1793
0703002-0918-15-42-gnss_raw.txt,2436,459691.800,FINESTEERING,SOL_COMPUTED,SINGLE,22,14,3.7175,7.8515,1.8,1793
0703002-0918-15-42-gnss_raw.txt,2436,459691.900,FINESTEERING,SOL_COMPUTED,SINGLE,22,14,3.5881,7.582,1.9,1793
0703002-0918-15-42-gnss_raw.txt,2436,459692.000,FINESTEERING,SOL_COMPUTED,SINGLE,22,13,3.6521,7.7163,2.0,1793
0703002-0918-15-42-gnss_raw.txt,2436,459692.100,FINESTEERING,SOL_COMPUTED,SINGLE,22,13,3.6413,7.6995,1.1,1793
0703002-0918-15-42-gnss_raw.txt,2436,459692.200,FINESTEERING,SOL_COMPUTED,SINGLE,22,12,3.5753,7.5649,1.2,1793
0703002-0918-15-42-gnss_raw.txt,2436,459692.300,FINESTEERING,SOL_COMPUTED,SINGLE,22,12,3.6051,7.634,1.3,1793
0703002-0918-15-42-gnss_raw.txt,2436,459692.400,FINESTEERING,SOL_COMPUTED,SINGLE,22,13,3.7513,7.9456,1.4,1793
0703002-0918-15-42-gnss_raw.txt,2436,459692.500,FINESTEERING,SOL_COMPUTED,SINGLE,22,13,3.7376,7.9262,1.5,1793
0703002-0918-15-42-gnss_raw.txt,2436,459692.600,FINESTEERING,SOL_COMPUTED,SINGLE,22,13,3.7813,8.0335,1.6,1793
0703002-0918-15-42-gnss_raw.txt,2436,459692.700,FINESTEERING,SOL_COMPUTED,SINGLE,22,13,3.8913,8.2752,1.7,1793
0703002-0918-15-42-gnss_raw.txt,2436,459692.800,FINESTEERING,SOL_COMPUTED,SINGLE,22,13,3.6487,7.7608,1.8,1793
0703002-0918-15-42-gnss_raw.txt,2436,459692.900,FINESTEERING,SOL_COMPUTED,SINGLE,22,13,3.9601,8.442,1.9,1793
0703002-0918-15-42-gnss_raw.txt,2436,459693.000,FINESTEERING,SOL_COMPUTED,SINGLE,22,13,3.8841,8.315,1.0,1793
0703002-0918-15-42-gnss_raw.txt,2436,459693.100,FINESTEERING,SOL_COMPUTED,SINGLE,22,13,3.8044,8.149,1.1,1793
0703002-0918-15-42-gnss_raw.txt,2436,459693.200,FINESTEERING,SOL_COMPUTED,SINGLE,22,13,3.8237,8.1993,1.2,1793
0703002-0918-15-42-gnss_raw.txt,2436,459693.300,FINESTEERING,SOL_COMPUTED,SINGLE,22,13,3.9101,8.391,1.3,1793
0703002-0918-15-42-gnss_raw.txt,2436,459693.400,FINESTEERING,SOL_COMPUTED,SINGLE,22,13,3.786,8.1311,1.4,1793
0703002-0918-15-42-gnss_raw.txt,2436,459693.500,FINESTEERING,SOL_COMPUTED,SINGLE,22,13,3.6196,7.7812,1.5,1793
0703002-0918-15-42-gnss_raw.txt,2436,459693.600,FINESTEERING,SOL_COMPUTED,SINGLE,22,13,3.6096,7.757,1.6,1793
0703002-0918-15-42-gnss_raw.txt,2436,459693.700,FINESTEERING,SOL_COMPUTED,SINGLE,22,13,3.6123,7.7678,1.7,1793
0703002-0918-15-42-gnss_raw.txt,2436,459693.800,FINESTEERING,SOL_COMPUTED,SINGLE,22,13,3.6013,7.7486,1.8,1793
0703002-0918-15-42-gnss_raw.txt,2436,459693.900,FINESTEERING,SOL_COMPUTED,SINGLE,22,13,3.4968,7.5225,1.9,1793
0703002-0918-15-42-gnss_raw.txt,2436,459694.000,FINESTEERING,SOL_COMPUTED,SINGLE,22,13,3.6113,7.7718,1.0,1793
0703002-0918-15-42-gnss_raw.txt,2436,459694.100,FINESTEERING,SOL_COMPUTED,SINGLE,22,13,3.5787,7.7045,1.1,1793
0703002-0918-15-42-gnss_raw.txt,2436,459694.200,FINESTEERING,SOL_COMPUTED,SINGLE,22,13,3.6851,7.9322,1.2,1793
0703002-0918-15-42-gnss_raw.txt,2436,459694.300,FINESTEERING,SOL_COMPUTED,SINGLE,22,13,3.6332,7.8148,1.3,1793
0703002-0918-15-42-gnss_raw.txt,2436,459694.400,FINESTEERING,SOL_COMPUTED,SINGLE,22,13,3.6928,7.9408,1.4,1793
0703002-0918-15-42-gnss_raw.txt,2436,459694.500,FINESTEERING,SOL_COMPUTED,SINGLE,22,13,3.6798,7.9178,1.5,1793
0703002-0918-15-42-gnss_raw.txt,2436,459694.600,FINESTEERING,SOL_COMPUTED,SINGLE,22,13,3.6819,7.9211,1.6,1793
0703002-0918-15-42-gnss_raw.txt,2436,459694.700,FINESTEERING,SOL_COMPUTED,SINGLE,22,13,3.5844,7.716,1.7,1793
0703002-0918-15-42-gnss_raw.txt,2436,459694.800,FINESTEERING,SOL_COMPUTED,SINGLE,22,14,3.6776,7.9171,0.8,1793
0703002-0918-15-42-gnss_raw.txt,2436,459694.900,FINESTEERING,SOL_COMPUTED,SINGLE,22,13,3.6208,7.7979,0.9,1793
0703002-0918-15-42-gnss_raw.txt,2436,459695.000,FINESTEERING,SOL_COMPUTED,SINGLE,22,13,3.6251,7.8098,1.0,1793
0703002-0918-15-42-gnss_raw.txt,2436,459695.100,FINESTEERING,SOL_COMPUTED,SINGLE,22,14,3.6613,7.892,1.1,1793
0703002-0918-15-42-gnss_raw.txt,2436,459695.200,FINESTEERING,SOL_COMPUTED,SINGLE,22,14,3.7073,7.9889,1.2,1793
0703002-0918-15-42-gnss_raw.txt,2436,459695.300,FINESTEERING,SOL_COMPUTED,SINGLE,22,14,3.7238,8.0226,1.3,1793
0703002-0918-15-42-gnss_raw.txt,2436,459695.400,FINESTEERING,SOL_COMPUTED,SINGLE,22,13,3.6778,7.9208,1.4,1793
0703002-0918-15-42-gnss_raw.txt,2436,459695.500,FINESTEERING,SOL_COMPUTED,SINGLE,22,14,3.7533,8.0809,1.5,1793
0703002-0918-15-42-gnss_raw.txt,2436,459695.600,FINESTEERING,SOL_COMPUTED,SINGLE,22,13,3.58,7.705,1.6,1793
0703002-0918-15-42-gnss_raw.txt,2436,459695.700,FINESTEERING,SOL_COMPUTED,SINGLE,22,13,3.5246,7.5842,1.7,1793
0703002-0918-15-42-gnss_raw.txt,2436,459695.800,FINESTEERING,SOL_COMPUTED,SINGLE,22,13,3.5677,7.6778,1.8,1793
0703002-0918-15-42-gnss_raw.txt,2436,459695.900,FINESTEERING,SOL_COMPUTED,SINGLE,22,12,3.5558,7.6507,1.9,1793
0703002-0918-15-42-gnss_raw.txt,2436,459696.000,FINESTEERING,SOL_COMPUTED,SINGLE,22,12,3.5385,7.6129,2.0,1793
0703002-0918-15-42-gnss_raw.txt,2436,459696.100,FINESTEERING,SOL_COMPUTED,SINGLE,22,13,3.5955,7.732,1.1,1793
0703002-0918-15-42-gnss_raw.txt,2436,459696.200,FINESTEERING,SOL_COMPUTED,SINGLE,22,13,3.5517,7.6328,1.2,1793
0703002-0918-15-42-gnss_raw.txt,2436,459696.300,FINESTEERING,SOL_COMPUTED,SINGLE,22,13,3.6617,7.8647,1.3,1793
0703002-0918-15-42-gnss_raw.txt,2436,459696.400,FINESTEERING,SOL_COMPUTED,SINGLE,22,13,3.7028,7.9481,1.4,1793
0703002-0918-15-42-gnss_raw.txt,2436,459696.500,FINESTEERING,SOL_COMPUTED,SINGLE,22,12,3.7644,8.0769,1.5,1793
0703002-0918-15-42-gnss_raw.txt,2436,459696.600,FINESTEERING,SOL_COMPUTED,SINGLE,22,14,3.7161,7.9664,1.6,1793
0703002-0918-15-42-gnss_raw.txt,2436,459696.700,FINESTEERING,SOL_COMPUTED,SINGLE,22,12,3.8065,8.1554,1.7,1793
0703002-0918-15-42-gnss_raw.txt,2436,459696.800,FINESTEERING,SOL_COMPUTED,SINGLE,22,13,3.8316,8.2044,1.8,1793
0703002-0918-15-42-gnss_raw.txt,2436,459696.900,FINESTEERING,SOL_COMPUTED,SINGLE,22,13,3.8621,8.284,1.9,1793
0703002-0918-15-42-gnss_raw.txt,2436,459697.000,FINESTEERING,SOL_COMPUTED,SINGLE,22,13,3.9255,8.4403,2.0,1793
0703002-0918-15-42-gnss_raw.txt,2436,459697.100,FINESTEERING,SOL_COMPUTED,SINGLE,22,12,4.0869,8.788,1.1,1793
0703002-0918-15-42-gnss_raw.txt,2436,459697.200,FINESTEERING,SOL_COMPUTED,SINGLE,22,12,4.0718,8.7596,1.2,1793
0703002-0918-15-42-gnss_raw.txt,2436,459697.300,FINESTEERING,SOL_COMPUTED,SINGLE,22,12,4.0388,8.6877,1.3,1793
0703002-0918-15-42-gnss_raw.txt,2436,459697.400,FINESTEERING,SOL_COMPUTED,SINGLE,22,11,4.0727,8.7686,1.4,1793
0703002-0918-15-42-gnss_raw.txt,2436,459697.500,FINESTEERING,SOL_COMPUTED,SINGLE,22,11,4.1335,8.9013,1.5,1793
0703002-0918-15-42-gnss_raw.txt,2436,459697.600,FINESTEERING,SOL_COMPUTED,SINGLE,22,11,4.1323,8.8995,1.6,1793
0703002-0918-15-42-gnss_raw.txt,2436,459697.700,FINESTEERING,SOL_COMPUTED,SINGLE,22,11,4.2081,9.0633,1.7,1793
0703002-0918-15-42-gnss_raw.txt,2436,459697.800,FINESTEERING,SOL_COMPUTED,SINGLE,22,11,4.1826,9.0165,1.8,1793
0703002-0918-15-42-gnss_raw.txt,2436,459697.900,FINESTEERING,SOL_COMPUTED,SINGLE,22,12,4.0016,8.6333,0.9,1793
0703002-0918-15-42-gnss_raw.txt,2436,459698.000,FINESTEERING,SOL_COMPUTED,SINGLE,22,12,3.8531,8.3247,1.0,1793
0703002-0918-15-42-gnss_raw.txt,2436,459698.100,FINESTEERING,SOL_COMPUTED,SINGLE,22,12,3.981,8.6111,1.1,1793
0703002-0918-15-42-gnss_raw.txt,2436,459698.200,FINESTEERING,SOL_COMPUTED,SINGLE,22,12,4.0102,8.6746,1.2,1793
0703002-0918-15-42-gnss_raw.txt,2436,459698.300,FINESTEERING,SOL_COMPUTED,SINGLE,22,12,3.973,8.5924,1.3,1793
0703002-0918-15-42-gnss_raw.txt,2436,459698.400,FINESTEERING,SOL_COMPUTED,SINGLE,22,11,4.0237,8.7047,1.4,1793
0703002-0918-15-42-gnss_raw.txt,2436,459698.500,FINESTEERING,SOL_COMPUTED,SINGLE,22,12,3.8833,8.3974,1.5,1793
0703002-0918-15-42-gnss_raw.txt,2436,459698.600,FINESTEERING,SOL_COMPUTED,SINGLE,22,12,3.9084,8.4543,1.6,1793
0703002-0918-15-42-gnss_raw.txt,2436,459698.700,FINESTEERING,SOL_COMPUTED,SINGLE,22,12,3.8304,8.2871,1.7,1793
0703002-0918-15-42-gnss_raw.txt,2436,459698.800,FINESTEERING,SOL_COMPUTED,SINGLE,21,12,3.8013,8.2263,1.8,1793
0703002-0918-15-42-gnss_raw.txt,2436,459698.900,FINESTEERING,SOL_COMPUTED,SINGLE,21,12,3.744,8.1063,0.9,1793
0703002-0918-15-42-gnss_raw.txt,2436,459699.000,FINESTEERING,SOL_COMPUTED,SINGLE,21,12,3.7462,8.1185,1.0,1793
0703002-0918-15-42-gnss_raw.txt,2436,459699.100,FINESTEERING,SOL_COMPUTED,SINGLE,21,12,3.8265,8.3031,1.1,1793
0703002-0918-15-42-gnss_raw.txt,2436,459699.200,FINESTEERING,SOL_COMPUTED,SINGLE,21,12,3.8669,8.4111,1.2,1793
0703002-0918-15-42-gnss_raw.txt,2436,459699.300,FINESTEERING,SOL_COMPUTED,SINGLE,21,12,3.8147,8.3175,1.3,1793
0703002-0918-15-42-gnss_raw.txt,2436,459699.400,FINESTEERING,SOL_COMPUTED,SINGLE,21,12,3.7156,8.1145,1.4,1793
0703002-0918-15-42-gnss_raw.txt,2436,459699.500,FINESTEERING,SOL_COMPUTED,SINGLE,21,12,3.7899,8.2837,1.5,1793
0703002-0918-15-42-gnss_raw.txt,2436,459699.600,FINESTEERING,SOL_COMPUTED,SINGLE,21,12,3.8049,8.3244,1.6,1793
0703002-0918-15-42-gnss_raw.txt,2436,459699.700,FINESTEERING,SOL_COMPUTED,SINGLE,21,12,3.7345,8.1859,1.7,1793
0703002-0918-15-42-gnss_raw.txt,2436,459699.800,FINESTEERING,SOL_COMPUTED,SINGLE,21,14,3.742,8.219,1.8,1793
0703002-0918-15-42-gnss_raw.txt,2436,459699.900,FINESTEERING,SOL_COMPUTED,SINGLE,21,14,3.7026,8.1475,0.9,1793
0703002-0918-15-42-gnss_raw.txt,2436,459700.000,FINESTEERING,SOL_COMPUTED,SINGLE,21,15,3.6736,8.0963,1.0,1793
0703002-0918-15-42-gnss_raw.txt,2436,459700.100,FINESTEERING,SOL_COMPUTED,SINGLE,21,14,3.6033,7.9506,1.1,1793
0703002-0918-15-42-gnss_raw.txt,2436,459700.200,FINESTEERING,SOL_COMPUTED,SINGLE,21,14,3.5555,7.8551,1.2,1793
0703002-0918-15-42-gnss_raw.txt,2436,459700.300,FINESTEERING,SOL_COMPUTED,SINGLE,21,14,3.5796,7.9228,1.3,1793
0703002-0918-15-42-gnss_raw.txt,2436,459700.400,FINESTEERING,SOL_COMPUTED,SINGLE,21,13,3.6776,8.1479,1.4,1793
0703002-0918-15-42-gnss_raw.txt,2436,459700.500,FINESTEERING,SOL_COMPUTED,SINGLE,21,14,3.531,7.833,1.5,1793
0703002-0918-15-42-gnss_raw.txt,2436,459700.600,FINESTEERING,SOL_COMPUTED,SINGLE,21,14,3.5047,7.7771,1.6,1793
0703002-0918-15-42-gnss_raw.txt,2436,459700.700,FINESTEERING,SOL_COMPUTED,SINGLE,21,13,3.4776,7.716,0.7,1793
0703002-0918-15-42-gnss_raw.txt,2436,459700.800,FINESTEERING,SOL_COMPUTED,SINGLE,21,13,3.5219,7.8103,0.8,1793
0703002-0918-15-42-gnss_raw.txt,2436,459700.900,FINESTEERING,SOL_COMPUTED,SINGLE,21,13,3.587,7.9547,0.9,1793
0703002-0918-15-42-gnss_raw.txt,2436,459701.000,FINESTEERING,SOL_COMPUTED,SINGLE,21,13,3.6742,8.1476,1.0,1793
0703002-0918-15-42-gnss_raw.txt,2436,459701.100,FINESTEERING,SOL_COMPUTED,SINGLE,21,12,3.5508,7.8764,1.1,1793
0703002-0918-15-42-gnss_raw.txt,2436,459701.200,FINESTEERING,SOL_COMPUTED,SINGLE,21,12,3.4693,7.6985,1.2,1793
0703002-0918-15-42-gnss_raw.txt,2436,459701.300,FINESTEERING,SOL_COMPUTED,SINGLE,21,12,3.4848,7.7372,1.3,1793
0703002-0918-15-42-gnss_raw.txt,2436,459701.400,FINESTEERING,SOL_COMPUTED,SINGLE,21,12,3.5138,7.8024,1.4,1793
0703002-0918-15-42-gnss_raw.txt,2436,459701.500,FINESTEERING,SOL_COMPUTED,SINGLE,21,12,3.5599,7.914,1.5,1793
0703002-0918-15-42-gnss_raw.txt,2436,459701.600,FINESTEERING,SOL_COMPUTED,SINGLE,21,12,3.5398,7.8686,1.6,1793
0703002-0918-15-42-gnss_raw.txt,2436,459701.700,FINESTEERING,SOL_COMPUTED,SINGLE,21,12,3.6125,8.0316,1.7,1793
0703002-0918-15-42-gnss_raw.txt,2436,459701.800,FINESTEERING,SOL_COMPUTED,SINGLE,21,12,3.7086,8.2451,1.8,1793
0703002-0918-15-42-gnss_raw.txt,2436,459701.900,FINESTEERING,SOL_COMPUTED,SINGLE,21,12,3.5523,7.9002,0.9,1793
0703002-0918-15-42-gnss_raw.txt,2436,459702.000,FINESTEERING,SOL_COMPUTED,SINGLE,21,12,3.532,7.861,1.0,1793
0703002-0918-15-42-gnss_raw.txt,2436,459702.100,FINESTEERING,SOL_COMPUTED,SINGLE,21,12,3.5714,7.9526,1.1,1793
0703002-0918-15-42-gnss_raw.txt,2436,459702.200,FINESTEERING,SOL_COMPUTED,SINGLE,21,12,3.5231,7.8486,1.2,1793
0703002-0918-15-42-gnss_raw.txt,2436,459702.300,FINESTEERING,SOL_COMPUTED,SINGLE,21,12,3.6469,8.1291,1.3,1793
0703002-0918-15-42-gnss_raw.txt,2436,459702.400,FINESTEERING,SOL_COMPUTED,SINGLE,21,12,3.6738,8.1921,1.4,1793
0703002-0918-15-42-gnss_raw.txt,2436,459702.500,FINESTEERING,SOL_COMPUTED,SINGLE,21,12,3.7498,8.3645,1.5,1793
0703002-0918-15-42-gnss_raw.txt,2436,459702.600,FINESTEERING,SOL_COMPUTED,SINGLE,21,14,3.6202,8.0751,1.6,1793
0703002-0918-15-42-gnss_raw.txt,2436,459702.700,FINESTEERING,SOL_COMPUTED,SINGLE,21,14,3.7494,8.3636,1.7,1793
0703002-0918-15-42-gnss_raw.txt,2436,459702.800,FINESTEERING,SOL_COMPUTED,SINGLE,21,14,3.5958,8.0172,0.8,1793
0703002-0918-15-42-gnss_raw.txt,2436,459702.900,FINESTEERING,SOL_COMPUTED,SINGLE,21,14,3.5073,7.8221,0.9,1793
0703002-0918-15-42-gnss_raw.txt,2436,459703.000,FINESTEERING,SOL_COMPUTED,SINGLE,21,14,3.6283,8.0891,1.0,1793
0703002-0918-15-42-gnss_raw.txt,2436,459703.100,FINESTEERING,SOL_COMPUTED,SINGLE,21,14,3.6327,8.0972,1.1,1793
0703002-0918-15-42-gnss_raw.txt,2436,459703.200,FINESTEERING,SOL_COMPUTED,SINGLE,21,14,3.6393,8.1094,1.2,1793
0703002-0918-15-42-gnss_raw.txt,2436,459703.300,FINESTEERING,SOL_COMPUTED,SINGLE,21,14,3.6485,8.125,1.3,1793
0703002-0918-15-42-gnss_raw.txt,2436,459703.400,FINESTEERING,SOL_COMPUTED,SINGLE,21,14,3.5596,7.925,1.4,1793
0703002-0918-15-42-gnss_raw.txt,2436,459703.500,FINESTEERING,SOL_COMPUTED,SINGLE,21,14,3.5694,7.9389,1.5,1793
0703002-0918-15-42-gnss_raw.txt,2436,459703.600,FINESTEERING,SOL_COMPUTED,SINGLE,21,14,3.6027,8.008,1.6,1793
0703002-0918-15-42-gnss_raw.txt,2436,459703.700,FINESTEERING,SOL_COMPUTED,SINGLE,21,14,3.5567,7.8991,1.7,1793
0703002-0918-15-42-gnss_raw.txt,2436,459703.800,FINESTEERING,SOL_COMPUTED,SINGLE,21,14,3.6172,8.0283,1.8,1793
0703002-0918-15-42-gnss_raw.txt,2436,459703.900,FINESTEERING,SOL_COMPUTED,SINGLE,21,14,3.6563,8.1093,1.9,1793
0703002-0918-15-42-gnss_raw.txt,2436,459704.000,FINESTEERING,SOL_COMPUTED,SINGLE,21,13,3.6139,8.0102,1.0,1793
0703002-0918-15-42-gnss_raw.txt,2436,459704.100,FINESTEERING,SOL_COMPUTED,SINGLE,21,12,3.7682,8.3478,1.1,1793
0703002-0918-15-42-gnss_raw.txt,2436,459704.200,FINESTEERING,SOL_COMPUTED,SINGLE,21,12,3.7443,8.2891,1.2,1793
0703002-0918-15-42-gnss_raw.txt,2436,459704.300,FINESTEERING,SOL_COMPUTED,SINGLE,21,12,3.8579,8.5376,1.3,1793
0703002-0918-15-42-gnss_raw.txt,2436,459704.400,FINESTEERING,SOL_COMPUTED,SINGLE,21,13,3.8549,8.5321,1.4,1793
0703002-0918-15-42-gnss_raw.txt,2436,459704.500,FINESTEERING,SOL_COMPUTED,SINGLE,21,13,3.8805,8.5899,1.5,1793
0703002-0918-15-42-gnss_raw.txt,2436,459704.600,FINESTEERING,SOL_COMPUTED,SINGLE,21,13,3.8131,8.4434,1.6,1793
0703002-0918-15-42-gnss_raw.txt,2436,459704.700,FINESTEERING,SOL_COMPUTED,SINGLE,21,13,3.8055,8.4328,0.7,1793
0703002-0918-15-42-gnss_raw.txt,2436,459704.800,FINESTEERING,SOL_COMPUTED,SINGLE,21,13,3.9159,8.6791,0.8,1793
0703002-0918-15-42-gnss_raw.txt,2436,459704.900,FINESTEERING,SOL_COMPUTED,SINGLE,21,13,3.7062,8.2175,0.9,1793
0703002-0918-15-42-gnss_raw.txt,2436,459705.000,FINESTEERING,SOL_COMPUTED,SINGLE,22,13,3.7305,8.272,1.0,1793
0703002-0918-15-42-gnss_raw.txt,2436,459705.100,FINESTEERING,SOL_COMPUTED,SINGLE,22,13,3.7776,8.3797,1.1,1793
0703002-0918-15-42-gnss_raw.txt,2436,459705.200,FINESTEERING,SOL_COMPUTED,SINGLE,22,13,3.8798,8.6065,1.2,1793
0703002-0918-15-42-gnss_raw.txt,2436,459705.300,FINESTEERING,SOL_COMPUTED,SINGLE,22,14,3.7143,8.2452,1.3,1793
0703002-0918-15-42-gnss_raw.txt,2436,459705.400,FINESTEERING,SOL_COMPUTED,SINGLE,22,14,3.6434,8.0878,1.4,1793
0703002-0918-15-42-gnss_raw.txt,2436,459705.500,FINESTEERING,SOL_COMPUTED,SINGLE,22,14,3.648,8.1021,1.5,1793
0703002-0918-15-42-gnss_raw.txt,2436,459705.600,FINESTEERING,SOL_COMPUTED,SINGLE,22,14,3.6237,8.0469,1.6,1793
0703002-0918-15-42-gnss_raw.txt,2436,459705.700,FINESTEERING,SOL_COMPUTED,SINGLE,22,14,3.5764,7.9424,1.7,1793
0703002-0918-15-42-gnss_raw.txt,2436,459705.800,FINESTEERING,SOL_COMPUTED,SINGLE,22,14,3.54,7.8621,1.8,1793
0703002-0918-15-42-gnss_raw.txt,2436,459705.900,FINESTEERING,SOL_COMPUTED,SINGLE,22,14,3.5256,7.828,1.9,1793
0703002-0918-15-42-gnss_raw.txt,2436,459706.000,FINESTEERING,SOL_COMPUTED,SINGLE,22,14,3.5196,7.8147,2.0,1793
0703002-0918-15-42-gnss_raw.txt,2436,459706.100,FINESTEERING,SOL_COMPUTED,SINGLE,22,14,3.6685,8.1404,1.1,1793
0703002-0918-15-42-gnss_raw.txt,2436,459706.200,FINESTEERING,SOL_COMPUTED,SINGLE,22,14,3.6646,8.1308,1.2,1793
0703002-0918-15-42-gnss_raw.txt,2436,459706.300,FINESTEERING,SOL_COMPUTED,SINGLE,22,14,3.547,7.8672,1.3,1793
0703002-0918-15-42-gnss_raw.txt,2436,459706.400,FINESTEERING,SOL_COMPUTED,SINGLE,22,14,3.5246,7.8132,1.4,1793
0703002-0918-15-42-gnss_raw.txt,2436,459706.500,FINESTEERING,SOL_COMPUTED,SINGLE,22,14,3.5126,7.7834,1.5,1793
0703002-0918-15-42-gnss_raw.txt,2436,459706.600,FINESTEERING,SOL_COMPUTED,SINGLE,22,14,3.4864,7.7209,1.6,1793
0703002-0918-15-42-gnss_raw.txt,2436,459706.700,FINESTEERING,SOL_COMPUTED,SINGLE,22,13,3.5071,7.7647,1.7,1793
0703002-0918-15-42-gnss_raw.txt,2436,459706.800,FINESTEERING,SOL_COMPUTED,SINGLE,22,13,3.5106,7.7691,1.8,1793
0703002-0918-15-42-gnss_raw.txt,2436,459706.900,FINESTEERING,SOL_COMPUTED,SINGLE,22,13,3.456,7.6456,0.9,1793
0703002-0918-15-42-gnss_raw.txt,2436,459707.000,FINESTEERING,SOL_COMPUTED,SINGLE,22,13,3.4259,7.582,1.0,1793
0703002-0918-15-42-gnss_raw.txt,2436,459707.100,FINESTEERING,SOL_COMPUTED,SINGLE,22,13,3.4124,7.5571,1.1,1793
0703002-0918-15-42-gnss_raw.txt,2436,459707.200,FINESTEERING,SOL_COMPUTED,SINGLE,22,13,3.3978,7.5303,1.2,1793
0703002-0918-15-42-gnss_raw.txt,2436,459707.300,FINESTEERING,SOL_COMPUTED,SINGLE,22,13,3.5454,7.8577,1.3,1793
0703002-0918-15-42-gnss_raw.txt,2436,459707.400,FINESTEERING,SOL_COMPUTED,SINGLE,22,13,3.5921,7.962,1.4,1793
0703002-0918-15-42-gnss_raw.txt,2436,459707.500,FINESTEERING,SOL_COMPUTED,SINGLE,22,13,3.5966,7.9667,1.5,1793
0703002-0918-15-42-gnss_raw.txt,2436,459707.600,FINESTEERING,SOL_COMPUTED,SINGLE,22,13,3.617,8.0212,1.6,1793
0703002-0918-15-42-gnss_raw.txt,2436,459707.700,FINESTEERING,SOL_COMPUTED,SINGLE,22,13,3.563,7.9008,1.7,1793
0703002-0918-15-42-gnss_raw.txt,2436,459707.800,FINESTEERING,SOL_COMPUTED,SINGLE,22,13,3.4972,7.75,1.8,1793
0703002-0918-15-42-gnss_raw.txt,2436,459707.900,FINESTEERING,SOL_COMPUTED,SINGLE,22,13,3.6087,7.9907,1.9,1793
0703002-0918-15-42-gnss_raw.txt,2436,459708.000,FINESTEERING,SOL_COMPUTED,SINGLE,22,14,3.5745,7.9119,1.0,1793
0703002-0918-15-42-gnss_raw.txt,2436,459708.100,FINESTEERING,SOL_COMPUTED,SINGLE,22,13,3.5866,7.9326,1.1,1793
0703002-0918-15-42-gnss_raw.txt,2436,459708.200,FINESTEERING,SOL_COMPUTED,SINGLE,22,13,3.5683,7.8861,1.2,1793
0703002-0918-15-42-gnss_raw.txt,2436,459708.300,FINESTEERING,SOL_COMPUTED,SINGLE,22,13,3.5579,7.8574,1.3,1793
0703002-0918-15-42-gnss_raw.txt,2436,459708.400,FINESTEERING,SOL_COMPUTED,SINGLE,22,13,3.4591,7.637,1.4,1793
0703002-0918-15-42-gnss_raw.txt,2436,459708.500,FINESTEERING,SOL_COMPUTED,SINGLE,22,13,3.5277,7.787,1.5,1793
0703002-0918-15-42-gnss_raw.txt,2436,459708.600,FINESTEERING,SOL_COMPUTED,SINGLE,22,13,3.5727,7.8877,1.6,1793
0703002-0918-15-42-gnss_raw.txt,2436,459708.700,FINESTEERING,SOL_COMPUTED,SINGLE,22,13,3.5582,7.8727,0.7,1793
0703002-0918-15-42-gnss_raw.txt,2436,459708.800,FINESTEERING,SOL_COMPUTED,SINGLE,22,13,3.3841,7.4962,0.8,1793
0703002-0918-15-42-gnss_raw.txt,2436,459708.900,FINESTEERING,SOL_COMPUTED,SINGLE,22,13,3.5138,7.7862,0.9,1793
0703002-0918-15-42-gnss_raw.txt,2436,459709.000,FINESTEERING,SOL_COMPUTED,SINGLE,22,13,3.5567,7.8892,1.0,1793
0703002-0918-15-42-gnss_raw.txt,2436,459709.100,FINESTEERING,SOL_COMPUTED,SINGLE,22,13,3.4034,7.5491,1.1,1793
0703002-0918-15-42-gnss_raw.txt,2436,459709.200,FINESTEERING,SOL_COMPUTED,SINGLE,22,12,3.4027,7.5491,1.2,1793
0703002-0918-15-42-gnss_raw.txt,2436,459709.300,FINESTEERING,SOL_COMPUTED,SINGLE,22,13,3.4832,7.7317,1.3,1793
0703002-0918-15-42-gnss_raw.txt,2436,459709.400,FINESTEERING,SOL_COMPUTED,SINGLE,22,13,3.3729,7.4862,1.4,1793
0703002-0918-15-42-gnss_raw.txt,2436,459709.500,FINESTEERING,SOL_COMPUTED,SINGLE,22,13,3.3946,7.5336,1.5,1793
0703002-0918-15-42-gnss_raw.txt,2436,459709.600,FINESTEERING,SOL_COMPUTED,SINGLE,22,13,3.3639,7.463,1.6,1793
0703002-0918-15-42-gnss_raw.txt,2436,459709.700,FINESTEERING,SOL_COMPUTED,SINGLE,22,13,3.41,7.5678,1.7,1793
0703002-0918-15-42-gnss_raw.txt,2436,459709.800,FINESTEERING,SOL_COMPUTED,SINGLE,22,13,3.3901,7.53,1.8,1793
0703002-0918-15-42-gnss_raw.txt,2436,459709.900,FINESTEERING,SOL_COMPUTED,SINGLE,22,13,3.3865,7.5293,1.9,1793
0703002-0918-15-42-gnss_raw.txt,2436,459710.000,FINESTEERING,SOL_COMPUTED,SINGLE,22,13,3.3663,7.49,1.0,1793
0703002-0918-15-42-gnss_raw.txt,2436,459710.100,FINESTEERING,SOL_COMPUTED,SINGLE,22,12,3.3643,7.4857,1.1,1793
0703002-0918-15-42-gnss_raw.txt,2436,459710.200,FINESTEERING,SOL_COMPUTED,SINGLE,22,13,3.3318,7.4211,1.2,1793
0703002-0918-15-42-gnss_raw.txt,2436,459710.300,FINESTEERING,SOL_COMPUTED,SINGLE,22,13,3.3311,7.4248,1.3,1793
0703002-0918-15-42-gnss_raw.txt,2436,459710.400,FINESTEERING,SOL_COMPUTED,SINGLE,22,13,3.3222,7.4126,1.4,1793
0703002-0918-15-42-gnss_raw.txt,2436,459710.500,FINESTEERING,SOL_COMPUTED,SINGLE,22,13,3.4271,7.6513,1.5,1793
0703002-0918-15-42-gnss_raw.txt,2436,459710.600,FINESTEERING,SOL_COMPUTED,SINGLE,22,13,3.3442,7.4655,1.6,1793
0703002-0918-15-42-gnss_raw.txt,2436,459710.700,FINESTEERING,SOL_COMPUTED,SINGLE,22,13,3.3554,7.4902,1.7,1793
0703002-0918-15-42-gnss_raw.txt,2436,459710.800,FINESTEERING,SOL_COMPUTED,SINGLE,22,13,3.3404,7.4572,1.8,1793
0703002-0918-15-42-gnss_raw.txt,2436,459710.900,FINESTEERING,SOL_COMPUTED,SINGLE,22,13,3.3136,7.404,1.9,1793
0703002-0918-15-42-gnss_raw.txt,2436,459711.000,FINESTEERING,SOL_COMPUTED,SINGLE,22,13,3.3131,7.4124,1.0,1793
0703002-0918-15-42-gnss_raw.txt,2436,459711.100,FINESTEERING,SOL_COMPUTED,SINGLE,22,13,3.3235,7.4373,1.1,1793
0703002-0918-15-42-gnss_raw.txt,2436,459711.200,FINESTEERING,SOL_COMPUTED,SINGLE,22,13,3.2702,7.3183,1.2,1793
0703002-0918-15-42-gnss_raw.txt,2436,459711.300,FINESTEERING,SOL_COMPUTED,SINGLE,22,13,3.2628,7.3052,1.3,1793
0703002-0918-15-42-gnss_raw.txt,2436,459711.400,FINESTEERING,SOL_COMPUTED,SINGLE,22,13,3.4314,7.684,1.4,1793
0703002-0918-15-42-gnss_raw.txt,2436,459711.500,FINESTEERING,SOL_COMPUTED,SINGLE,22,13,3.2711,7.3205,1.5,1793
0703002-0918-15-42-gnss_raw.txt,2436,459711.600,FINESTEERING,SOL_COMPUTED,SINGLE,22,13,3.2466,7.276,1.6,1793
0703002-0918-15-42-gnss_raw.txt,2436,459711.700,FINESTEERING,SOL_COMPUTED,SINGLE,22,13,3.2537,7.2911,1.7,1793
0703002-0918-15-42-gnss_raw.txt,2436,459711.800,FINESTEERING,SOL_COMPUTED,SINGLE,22,13,3.2449,7.2787,1.8,1793
0703002-0918-15-42-gnss_raw.txt,2436,459711.900,FINESTEERING,SOL_COMPUTED,SINGLE,22,13,3.2093,7.199,0.9,1793
0703002-0918-15-42-gnss_raw.txt,2436,459712.000,FINESTEERING,SOL_COMPUTED,SINGLE,22,13,3.2025,7.1862,1.0,1793
0703002-0918-15-42-gnss_raw.txt,2436,459712.100,FINESTEERING,SOL_COMPUTED,SINGLE,22,13,3.346,7.5221,1.1,1793
0703002-0918-15-42-gnss_raw.txt,2436,459712.200,FINESTEERING,SOL_COMPUTED,SINGLE,22,13,3.2172,7.2348,1.2,1793
0703002-0918-15-42-gnss_raw.txt,2436,459712.300,FINESTEERING,SOL_COMPUTED,SINGLE,22,13,3.2135,7.2261,1.3,1793
0703002-0918-15-42-gnss_raw.txt,2436,459712.400,FINESTEERING,SOL_COMPUTED,SINGLE,22,13,3.2162,7.2306,1.4,1793
0703002-0918-15-42-gnss_raw.txt,2436,459712.500,FINESTEERING,SOL_COMPUTED,SINGLE,22,13,3.3868,7.6226,1.5,1793
0703002-0918-15-42-gnss_raw.txt,2436,459712.600,FINESTEERING,SOL_COMPUTED,SINGLE,22,13,3.2275,7.266,1.6,1793
0703002-0918-15-42-gnss_raw.txt,2436,459712.700,FINESTEERING,SOL_COMPUTED,SINGLE,22,13,3.2889,7.4034,1.7,1793
0703002-0918-15-42-gnss_raw.txt,2436,459712.800,FINESTEERING,SOL_COMPUTED,SINGLE,22,13,3.2094,7.2288,1.8,1793
0703002-0918-15-42-gnss_raw.txt,2436,459712.900,FINESTEERING,SOL_COMPUTED,SINGLE,22,13,3.3692,7.6079,1.9,1793
0703002-0918-15-42-gnss_raw.txt,2436,459713.000,FINESTEERING,SOL_COMPUTED,SINGLE,22,13,3.2515,7.3401,1.0,1793
0703002-0918-15-42-gnss_raw.txt,2436,459713.100,FINESTEERING,SOL_COMPUTED,SINGLE,22,13,3.2008,7.2231,1.1,1793
0703002-0918-15-42-gnss_raw.txt,2436,459713.200,FINESTEERING,SOL_COMPUTED,SINGLE,22,13,3.3492,7.5571,1.2,1793
0703002-0918-15-42-gnss_raw.txt,2436,459713.300,FINESTEERING,SOL_COMPUTED,SINGLE,22,13,3.1937,7.2031,1.3,1793
0703002-0918-15-42-gnss_raw.txt,2436,459713.400,FINESTEERING,SOL_COMPUTED,SINGLE,22,13,3.1998,7.2138,1.4,1793
0703002-0918-15-42-gnss_raw.txt,2436,459713.500,FINESTEERING,SOL_COMPUTED,SINGLE,22,13,3.3112,7.4684,1.5,1793
0703002-0918-15-42-gnss_raw.txt,2436,459713.600,FINESTEERING,SOL_COMPUTED,SINGLE,22,13,3.2933,7.4263,1.6,1793
0703002-0918-15-42-gnss_raw.txt,2436,459713.700,FINESTEERING,SOL_COMPUTED,SINGLE,22,13,3.3303,7.5057,0.7,1793
0703002-0918-15-42-gnss_raw.txt,2436,459713.800,FINESTEERING,SOL_COMPUTED,SINGLE,22,13,3.2205,7.2575,0.8,1793
0703002-0918-15-42-gnss_raw.txt,2436,459713.900,FINESTEERING,SOL_COMPUTED,SINGLE,22,13,3.3505,7.5513,0.9,1793
0703002-0918-15-42-gnss_raw.txt,2436,459714.000,FINESTEERING,SOL_COMPUTED,SINGLE,22,13,3.1999,7.2168,1.0,1793
0703002-0918-15-42-gnss_raw.txt,2436,459714.100,FINESTEERING,SOL_COMPUTED,SINGLE,22,13,3.1824,7.1866,1.1,1793
0703002-0918-15-42-gnss_raw.txt,2436,459714.200,FINESTEERING,SOL_COMPUTED,SINGLE,22,13,3.1335,7.0827,1.2,1793
0703002-0918-15-42-gnss_raw.txt,2436,459714.300,FINESTEERING,SOL_COMPUTED,SINGLE,22,13,3.1265,7.0703,1.3,1793
0703002-0918-15-42-gnss_raw.txt,2436,459714.400,FINESTEERING,SOL_COMPUTED,SINGLE,22,13,3.2876,7.4398,1.4,1793
0703002-0918-15-42-gnss_raw.txt,2436,459714.500,FINESTEERING,SOL_COMPUTED,SINGLE,22,13,3.2299,7.3084,1.5,1793
0703002-0918-15-42-gnss_raw.txt,2436,459714.600,FINESTEERING,SOL_COMPUTED,SINGLE,22,13,3.157,7.1466,1.6,1793
0703002-0918-15-42-gnss_raw.txt,2436,459714.700,FINESTEERING,SOL_COMPUTED,SINGLE,22,12,3.1613,7.1665,1.7,1793
0703002-0918-15-42-gnss_raw.txt,2436,459714.800,FINESTEERING,SOL_COMPUTED,SINGLE,22,13,3.0859,7.0002,1.8,1793
0703002-0918-15-42-gnss_raw.txt,2436,459714.900,FINESTEERING,SOL_COMPUTED,SINGLE,22,13,3.0601,6.9551,0.9,1793
0703002-0918-15-42-gnss_raw.txt,2436,459715.000,FINESTEERING,SOL_COMPUTED,SINGLE,22,13,3.0582,6.9694,1.0,1793
0703002-0918-15-42-gnss_raw.txt,2436,459715.100,FINESTEERING,SOL_COMPUTED,SINGLE,22,13,3.0231,6.8942,1.1,1793
0703002-0918-15-42-gnss_raw.txt,2436,459715.200,FINESTEERING,SOL_COMPUTED,SINGLE,22,13,3.0207,6.8922,1.2,1793
0703002-0918-15-42-gnss_raw.txt,2436,459715.300,FINESTEERING,SOL_COMPUTED,SINGLE,22,13,3.0242,6.901,1.3,1793
0703002-0918-15-42-gnss_raw.txt,2436,459715.400,FINESTEERING,SOL_COMPUTED,SINGLE,22,12,3.3954,7.7702,1.4,1793
0703002-0918-15-42-gnss_raw.txt,2436,459715.500,FINESTEERING,SOL_COMPUTED,SINGLE,22,13,3.3635,7.7214,1.5,1793
0703002-0918-15-42-gnss_raw.txt,2436,459715.600,FINESTEERING,SOL_COMPUTED,SINGLE,22,13,3.0588,7.0194,1.6,1793
0703002-0918-15-42-gnss_raw.txt,2436,459715.700,FINESTEERING,SOL_COMPUTED,SINGLE,22,13,3.2356,7.4204,0.7,1793
0703002-0918-15-42-gnss_raw.txt,2436,459715.800,FINESTEERING,SOL_COMPUTED,SINGLE,22,13,3.4172,7.8504,0.8,1793
0703002-0918-15-42-gnss_raw.txt,2436,459715.900,FINESTEERING,SOL_COMPUTED,SINGLE,22,13,3.3289,7.6465,0.9,1793
0703002-0918-15-42-gnss_raw.txt,2436,459716.000,FINESTEERING,SOL_COMPUTED,SINGLE,22,13,3.1559,7.2477,1.0,1793
0703002-0918-15-42-gnss_raw.txt,2436,459716.100,FINESTEERING,SOL_COMPUTED,SINGLE,22,13,3.0022,6.8963,1.1,1793
0703002-0918-15-42-gnss_raw.txt,2436,459716.200,FINESTEERING,SOL_COMPUTED,SINGLE,22,13,3.1038,7.1285,1.2,1793
0703002-0918-15-42-gnss_raw.txt,2436,459716.300,FINESTEERING,SOL_COMPUTED,SINGLE,22,13,3.0518,7.0061,1.3,1793
0703002-0918-15-42-gnss_raw.txt,2436,459716.400,FINESTEERING,SOL_COMPUTED,SINGLE,22,13,3.0336,6.9659,1.4,1793
0703002-0918-15-42-gnss_raw.txt,2436,459716.500,FINESTEERING,SOL_COMPUTED,SINGLE,22,13,3.0806,7.0757,1.5,1793
0703002-0918-15-42-gnss_raw.txt,2436,459716.600,FINESTEERING,SOL_COMPUTED,SINGLE,22,13,3.0388,6.9755,1.6,1793
0703002-0918-15-42-gnss_raw.txt,2436,459716.700,FINESTEERING,SOL_COMPUTED,SINGLE,22,13,3.0615,7.0318,1.7,1793
0703002-0918-15-42-gnss_raw.txt,2436,459716.800,FINESTEERING,SOL_COMPUTED,SINGLE,22,13,3.007,6.914,1.8,1793
0703002-0918-15-42-gnss_raw.txt,2436,459716.900,FINESTEERING,SOL_COMPUTED,SINGLE,22,13,2.9829,6.8587,1.9,1793
0703002-0918-15-42-gnss_raw.txt,2436,459717.000,FINESTEERING,SOL_COMPUTED,SINGLE,22,13,2.956,6.7944,1.0,1793
0703002-0918-15-42-gnss_raw.txt,2436,459717.100,FINESTEERING,SOL_COMPUTED,SINGLE,22,13,2.9972,6.8843,1.1,1793
0703002-0918-15-42-gnss_raw.txt,2436,459717.200,FINESTEERING,SOL_COMPUTED,SINGLE,22,13,2.9692,6.8136,1.2,1793
0703002-0918-15-42-gnss_raw.txt,2436,459717.300,FINESTEERING,SOL_COMPUTED,SINGLE,22,13,2.9658,6.7983,1.3,1793
0703002-0918-15-42-gnss_raw.txt,2436,459717.400,FINESTEERING,SOL_COMPUTED,SINGLE,22,13,3.1968,7.3196,1.4,1793
0703002-0918-15-42-gnss_raw.txt,2436,459717.500,FINESTEERING,SOL_COMPUTED,SINGLE,22,13,3.2175,7.3556,1.5,1793
0703002-0918-15-42-gnss_raw.txt,2436,459717.600,FINESTEERING,SOL_COMPUTED,SINGLE,22,13,3.2413,7.4093,1.6,1793
0703002-0918-15-42-gnss_raw.txt,2436,459717.700,FINESTEERING,SOL_COMPUTED,SINGLE,22,13,3.288,7.5143,1.7,1793
0703002-0918-15-42-gnss_raw.txt,2436,459717.800,FINESTEERING,SOL_COMPUTED,SINGLE,22,13,3.0932,7.0689,1.8,1793
0703002-0918-15-42-gnss_raw.txt,2436,459717.900,FINESTEERING,SOL_COMPUTED,SINGLE,22,13,3.0305,6.9265,1.9,1793
0703002-0918-15-42-gnss_raw.txt,2436,459718.000,FINESTEERING,SOL_COMPUTED,SINGLE,22,13,2.9999,6.8524,1.0,1793
0703002-0918-15-42-gnss_raw.txt,2436,459718.100,FINESTEERING,SOL_COMPUTED,SINGLE,22,13,3.0004,6.8506,1.1,1793
0703002-0918-15-42-gnss_raw.txt,2436,459718.200,FINESTEERING,SOL_COMPUTED,SINGLE,22,13,2.9584,6.7579,1.2,1793
0703002-0918-15-42-gnss_raw.txt,2436,459718.300,FINESTEERING,SOL_COMPUTED,SINGLE,22,13,3.1119,7.1095,1.3,1793
0703002-0918-15-42-gnss_raw.txt,2436,459718.400,FINESTEERING,SOL_COMPUTED,SINGLE,22,13,3.1671,7.2366,1.4,1793
0703002-0918-15-42-gnss_raw.txt,2436,459718.500,FINESTEERING,SOL_COMPUTED,SINGLE,22,13,3.2281,7.3724,1.5,1793
0703002-0918-15-42-gnss_raw.txt,2436,459718.600,FINESTEERING,SOL_COMPUTED,SINGLE,22,13,3.1493,7.1823,1.6,1793
0703002-0918-15-42-gnss_raw.txt,2436,459718.700,FINESTEERING,SOL_COMPUTED,SINGLE,22,13,3.1307,7.1384,1.7,1793
0703002-0918-15-42-gnss_raw.txt,2436,459718.800,FINESTEERING,SOL_COMPUTED,SINGLE,22,13,3.2437,7.3979,1.8,1793
0703002-0918-15-42-gnss_raw.txt,2436,459718.900,FINESTEERING,SOL_COMPUTED,SINGLE,22,13,3.2597,7.4409,1.9,1793
0703002-0918-15-42-gnss_raw.txt,2436,459719.000,FINESTEERING,SOL_COMPUTED,SINGLE,22,13,3.1832,7.2734,1.0,1793
0703002-0918-15-42-gnss_raw.txt,2436,459719.100,FINESTEERING,SOL_COMPUTED,SINGLE,22,13,3.253,7.4611,1.1,1793
0703002-0918-15-42-gnss_raw.txt,2436,459719.200,FINESTEERING,SOL_COMPUTED,SINGLE,22,13,3.1475,7.2354,1.2,1793
0703002-0918-15-42-gnss_raw.txt,2436,459719.300,FINESTEERING,SOL_COMPUTED,SINGLE,22,13,3.0655,7.0495,1.3,1793
0703002-0918-15-42-gnss_raw.txt,2436,459719.400,FINESTEERING,SOL_COMPUTED,SINGLE,22,13,3.1385,7.23,1.4,1793
0703002-0918-15-42-gnss_raw.txt,2436,459719.500,FINESTEERING,SOL_COMPUTED,SINGLE,22,13,3.1088,7.1752,1.5,1793
0703002-0918-15-42-gnss_raw.txt,2436,459719.600,FINESTEERING,SOL_COMPUTED,SINGLE,22,13,3.2685,7.5567,1.6,1793
0703002-0918-15-42-gnss_raw.txt,2436,459719.700,FINESTEERING,SOL_COMPUTED,SINGLE,22,13,3.0017,6.9377,1.7,1793
0703002-0918-15-42-gnss_raw.txt,2436,459719.800,FINESTEERING,SOL_COMPUTED,SINGLE,22,13,2.9944,6.9169,1.8,1793
0703002-0918-15-42-gnss_raw.txt,2436,459719.900,FINESTEERING,SOL_COMPUTED,SINGLE,22,13,2.9919,6.9035,1.9,1793
0703002-0918-15-42-gnss_raw.txt,2436,459720.000,FINESTEERING,SOL_COMPUTED,SINGLE,22,13,3.0966,7.1569,1.0,1793
0703002-0918-15-42-gnss_raw.txt,2436,459720.100,FINESTEERING,SOL_COMPUTED,SINGLE,22,13,3.0518,7.061,1.1,1793
0703002-0918-15-42-gnss_raw.txt,2436,459720.200,FINESTEERING,SOL_COMPUTED,SINGLE,22,13,3.1766,7.3578,1.2,1793
0703002-0918-15-42-gnss_raw.txt,2436,459720.300,FINESTEERING,SOL_COMPUTED,SINGLE,22,13,3.0402,7.0422,1.3,1793
0703002-0918-15-42-gnss_raw.txt,2436,459720.400,FINESTEERING,SOL_COMPUTED,SINGLE,22,13,3.0037,6.9583,1.4,1793
0703002-0918-15-42-gnss_raw.txt,2436,459720.500,FINESTEERING,SOL_COMPUTED,SINGLE,22,13,3.1471,7.2852,1.5,1793
0703002-0918-15-42-gnss_raw.txt,2436,459720.600,FINESTEERING,SOL_COMPUTED,SINGLE,22,13,2.9992,6.9475,1.6,1793
0703002-0918-15-42-gnss_raw.txt,2436,459720.700,FINESTEERING,SOL_COMPUTED,SINGLE,22,12,2.9741,6.8952,0.7,1793
0703002-0918-15-42-gnss_raw.txt,2436,459720.800,FINESTEERING,SOL_COMPUTED,SINGLE,22,13,2.9149,6.762,0.8,1793
0703002-0918-15-42-gnss_raw.txt,2436,459720.900,FINESTEERING,SOL_COMPUTED,SINGLE,22,13,3.0001,6.9698,0.9,1793
0703002-0918-15-42-gnss_raw.txt,2436,459721.000,FINESTEERING,SOL_COMPUTED,SINGLE,22,13,3.0319,7.0421,1.0,1793
0703002-0918-15-42-gnss_raw.txt,2436,459721.100,FINESTEERING,SOL_COMPUTED,SINGLE,22,13,3.0531,7.0932,1.1,1793
0703002-0918-15-42-gnss_raw.txt,2436,459721.200,FINESTEERING,SOL_COMPUTED,SINGLE,22,13,3.0592,7.1017,1.2,1793
0703002-0918-15-42-gnss_raw.txt,2436,459721.300,FINESTEERING,SOL_COMPUTED,SINGLE,22,13,3.0476,7.0673,1.3,1793
0703002-0918-15-42-gnss_raw.txt,2436,459721.400,FINESTEERING,SOL_COMPUTED,SINGLE,22,13,3.1139,7.2142,1.4,1793
0703002-0918-15-42-gnss_raw.txt,2436,459721.500,FINESTEERING,SOL_COMPUTED,SINGLE,22,13,3.1229,7.229,1.5,1793
0703002-0918-15-42-gnss_raw.txt,2436,459721.600,FINESTEERING,SOL_COMPUTED,SINGLE,22,13,3.0455,7.0399,1.6,1793
0703002-0918-15-42-gnss_raw.txt,2436,459721.700,FINESTEERING,SOL_COMPUTED,SINGLE,22,13,2.994,6.9133,1.7,1793
0703002-0918-15-42-gnss_raw.txt,2436,459721.800,FINESTEERING,SOL_COMPUTED,SINGLE,22,13,3.1097,7.1721,1.8,1793
0703002-0918-15-42-gnss_raw.txt,2436,459721.900,FINESTEERING,SOL_COMPUTED,SINGLE,22,13,3.0054,6.9296,1.9,1793
0703002-0918-15-42-gnss_raw.txt,2436,459722.000,FINESTEERING,SOL_COMPUTED,SINGLE,22,13,2.9889,6.8904,1.0,1793
0703002-0918-15-42-gnss_raw.txt,2436,459722.100,FINESTEERING,SOL_COMPUTED,SINGLE,22,14,2.9636,6.8338,1.1,1793
0703002-0918-15-42-gnss_raw.txt,2436,459722.200,FINESTEERING,SOL_COMPUTED,SINGLE,22,14,3.0683,7.0716,1.2,1793
0703002-0918-15-42-gnss_raw.txt,2436,459722.300,FINESTEERING,SOL_COMPUTED,SINGLE,22,14,3.0447,7.0161,1.3,1793
0703002-0918-15-42-gnss_raw.txt,2436,459722.400,FINESTEERING,SOL_COMPUTED,SINGLE,22,13,3.1136,7.1772,1.4,1793
0703002-0918-15-42-gnss_raw.txt,2436,459722.500,FINESTEERING,SOL_COMPUTED,SINGLE,22,13,3.2006,7.3861,1.5,1793
0703002-0918-15-42-gnss_raw.txt,2436,459722.600,FINESTEERING,SOL_COMPUTED,SINGLE,22,13,3.0226,6.9823,1.6,1793
0703002-0918-15-42-gnss_raw.txt,2436,459722.700,FINESTEERING,SOL_COMPUTED,SINGLE,22,13,2.9631,6.8533,1.7,1793
0703002-0918-15-42-gnss_raw.txt,2436,459722.800,FINESTEERING,SOL_COMPUTED,SINGLE,22,13,2.9427,6.8024,1.8,1793
0703002-0918-15-42-gnss_raw.txt,2436,459722.900,FINESTEERING,SOL_COMPUTED,SINGLE,22,13,3.011,6.9807,1.9,1793
0703002-0918-15-42-gnss_raw.txt,2436,459723.000,FINESTEERING,SOL_COMPUTED,SINGLE,22,13,2.974,6.8955,1.0,1793
0703002-0918-15-42-gnss_raw.txt,2436,459723.100,FINESTEERING,SOL_COMPUTED,SINGLE,22,12,3.1016,7.1896,1.1,1793
0703002-0918-15-42-gnss_raw.txt,2436,459723.200,FINESTEERING,SOL_COMPUTED,SINGLE,22,12,3.0065,6.9729,1.2,1793
0703002-0918-15-42-gnss_raw.txt,2436,459723.300,FINESTEERING,SOL_COMPUTED,SINGLE,22,12,3.1431,7.2966,1.3,1793
0703002-0918-15-42-gnss_raw.txt,2436,459723.400,FINESTEERING,SOL_COMPUTED,SINGLE,22,12,3.1621,7.3481,1.4,1793
0703002-0918-15-42-gnss_raw.txt,2436,459723.500,FINESTEERING,SOL_COMPUTED,SINGLE,22,12,3.084,7.1681,1.5,1793
0703002-0918-15-42-gnss_raw.txt,2436,459723.600,FINESTEERING,SOL_COMPUTED,SINGLE,22,12,3.0816,7.157,1.6,1793
0703002-0918-15-42-gnss_raw.txt,2436,459723.700,FINESTEERING,SOL_COMPUTED,SINGLE,22,12,3.1611,7.3495,1.7,1793
0703002-0918-15-42-gnss_raw.txt,2436,459723.800,FINESTEERING,SOL_COMPUTED,SINGLE,22,12,3.2161,7.4879,1.8,1793
0703002-0918-15-42-gnss_raw.txt,2436,459723.900,FINESTEERING,SOL_COMPUTED,SINGLE,22,12,3.1734,7.393,0.9,1793
0703002-0918-15-42-gnss_raw.txt,2436,459724.000,FINESTEERING,SOL_COMPUTED,SINGLE,22,12,3.0537,7.1166,1.0,1793
0703002-0918-15-42-gnss_raw.txt,2436,459724.100,FINESTEERING,SOL_COMPUTED,SINGLE,22,12,3.1019,7.2433,1.1,1793
0703002-0918-15-42-gnss_raw.txt,2436,459724.200,FINESTEERING,SOL_COMPUTED,SINGLE,22,12,3.0482,7.1168,1.2,1793
0703002-0918-15-42-gnss_raw.txt,2436,459724.300,FINESTEERING,SOL_COMPUTED,SINGLE,22,12,3.0596,7.1385,1.3,1793
0703002-0918-15-42-gnss_raw.txt,2436,459724.400,FINESTEERING,SOL_COMPUTED,SINGLE,22,12,3.2547,7.5847,1.4,1793
0703002-0918-15-42-gnss_raw.txt,2436,459724.500,FINESTEERING,SOL_COMPUTED,SINGLE,22,12,3.0649,7.1348,1.5,1793
0703002-0918-15-42-gnss_raw.txt,2436,459724.600,FINESTEERING,SOL_COMPUTED,SINGLE,22,12,3.0208,7.0252,1.6,1793
0703002-0918-15-42-gnss_raw.txt,2436,459724.700,FINESTEERING,SOL_COMPUTED,SINGLE,22,12,3.1429,7.3042,1.7,1793
0703002-0918-15-42-gnss_raw.txt,2436,459724.800,FINESTEERING,SOL_COMPUTED,SINGLE,22,12,3.1203,7.2422,1.8,1793
0703002-0918-15-42-gnss_raw.txt,2436,459724.900,FINESTEERING,SOL_COMPUTED,SINGLE,22,13,3.089,7.1668,1.9,1793
0703002-0918-15-42-gnss_raw.txt,2436,459725.000,FINESTEERING,SOL_COMPUTED,SINGLE,22,13,3.0925,7.1762,1.0,1793
0703002-0918-15-42-gnss_raw.txt,2436,459725.100,FINESTEERING,SOL_COMPUTED,SINGLE,22,13,3.0532,7.0805,1.1,1793
0703002-0918-15-42-gnss_raw.txt,2436,459725.200,FINESTEERING,SOL_COMPUTED,SINGLE,22,12,3.1325,7.2707,1.2,1793
0703002-0918-15-42-gnss_raw.txt,2436,459725.300,FINESTEERING,SOL_COMPUTED,SINGLE,22,12,3.1575,7.3184,1.3,1793
0703002-0918-15-42-gnss_raw.txt,2436,459725.400,FINESTEERING,SOL_COMPUTED,SINGLE,22,12,2.9958,6.9311,1.4,1793
0703002-0918-15-42-gnss_raw.txt,2436,459725.500,FINESTEERING,SOL_COMPUTED,SINGLE,22,13,2.9309,6.7694,1.5,1793
0703002-0918-15-42-gnss_raw.txt,2436,459725.600,FINESTEERING,SOL_COMPUTED,SINGLE,22,13,2.9491,6.7983,1.6,1793
0703002-0918-15-42-gnss_raw.txt,2436,459725.700,FINESTEERING,SOL_COMPUTED,SINGLE,22,16,2.9675,6.8292,1.7,1793
0703002-0918-15-42-gnss_raw.txt,2436,459725.800,FINESTEERING,SOL_COMPUTED,SINGLE,22,15,3.032,6.9638,1.8,1793
0703002-0918-15-42-gnss_raw.txt,2436,459725.900,FINESTEERING,SOL_COMPUTED,SINGLE,22,16,3.0575,7.0089,1.9,1793
0703002-0918-15-42-gnss_raw.txt,2436,459726.000,FINESTEERING,SOL_COMPUTED,SINGLE,22,15,3.0331,6.9422,1.0,1793
0703002-0918-15-42-gnss_raw.txt,2436,459726.100,FINESTEERING,SOL_COMPUTED,SINGLE,22,16,3.0582,6.9894,1.1,1793
0703002-0918-15-42-gnss_raw.txt,2436,459726.200,FINESTEERING,SOL_COMPUTED,SINGLE,22,16,3.1239,7.1318,1.2,1793
0703002-0918-15-42-gnss_raw.txt,2436,459726.300,FINESTEERING,SOL_COMPUTED,SINGLE,22,15,3.1696,7.2294,1.3,1793
0703002-0918-15-42-gnss_raw.txt,2436,459726.400,FINESTEERING,SOL_COMPUTED,SINGLE,22,15,3.1643,7.2087,1.4,1793
0703002-0918-15-42-gnss_raw.txt,2436,459726.500,FINESTEERING,SOL_COMPUTED,SINGLE,22,16,3.1645,7.2048,1.5,1793
0703002-0918-15-42-gnss_raw.txt,2436,459726.600,FINESTEERING,SOL_COMPUTED,SINGLE,22,14,3.1581,7.1904,1.6,1793
0703002-0918-15-42-gnss_raw.txt,2436,459726.700,FINESTEERING,SOL_COMPUTED,SINGLE,22,14,3.2303,7.3479,0.7,1793
0703002-0918-15-42-gnss_raw.txt,2436,459726.800,FINESTEERING,SOL_COMPUTED,SINGLE,22,14,3.2259,7.3289,0.8,1793
0703002-0918-15-42-gnss_raw.txt,2436,459726.900,FINESTEERING,SOL_COMPUTED,SINGLE,22,15,3.1827,7.2246,0.9,1793
0703002-0918-15-42-gnss_raw.txt,2436,459727.000,FINESTEERING,SOL_COMPUTED,SINGLE,22,14,3.1973,7.246,1.0,1793
0703002-0918-15-42-gnss_raw.txt,2436,459727.100,FINESTEERING,SOL_COMPUTED,SINGLE,22,14,3.2916,7.4465,1.1,1793
0703002-0918-15-42-gnss_raw.txt,2436,459727.200,FINESTEERING,SOL_COMPUTED,SINGLE,22,16,3.3114,7.4869,1.2,1793
0703002-0918-15-42-gnss_raw.txt,2436,459727.300,FINESTEERING,SOL_COMPUTED,SINGLE,22,15,3.1029,7.0067,1.3,1793
0703002-0918-15-42-gnss_raw.txt,2436,459727.400,FINESTEERING,SOL_COMPUTED,SINGLE,22,16,3.2225,7.2646,1.4,1793
0703002-0918-15-42-gnss_raw.txt,2436,459727.500,FINESTEERING,SOL_COMPUTED,SINGLE,22,15,3.1627,7.1169,1.5,1793
0703002-0918-15-42-gnss_raw.txt,2436,459727.600,FINESTEERING,SOL_COMPUTED,SINGLE,22,16,3.2592,7.3237,1.6,1793
0703002-0918-15-42-gnss_raw.txt,2436,459727.700,FINESTEERING,SOL_COMPUTED,SINGLE,22,16,3.2253,7.2384,1.7,1793
0703002-0918-15-42-gnss_raw.txt,2436,459727.800,FINESTEERING,SOL_COMPUTED,SINGLE,22,16,3.2948,7.3844,1.8,1793
0703002-0918-15-42-gnss_raw.txt,2436,459727.900,FINESTEERING,SOL_COMPUTED,SINGLE,22,16,3.2961,7.3763,1.9,1793
0703002-0918-15-42-gnss_raw.txt,2436,459728.000,FINESTEERING,SOL_COMPUTED,SINGLE,22,16,3.2949,7.3648,1.0,1793
0703002-0918-15-42-gnss_raw.txt,2436,459728.100,FINESTEERING,SOL_COMPUTED,SINGLE,22,16,3.2446,7.2409,1.1,1793
0703002-0918-15-42-gnss_raw.txt,2436,459728.200,FINESTEERING,SOL_COMPUTED,SINGLE,22,15,3.3198,7.4036,1.2,1793
0703002-0918-15-42-gnss_raw.txt,2436,459728.300,FINESTEERING,SOL_COMPUTED,SINGLE,22,16,3.2797,7.306,1.3,1793
0703002-0918-15-42-gnss_raw.txt,2436,459728.400,FINESTEERING,SOL_COMPUTED,SINGLE,22,11,3.2413,7.2118,1.4,1793
0703002-0918-15-42-gnss_raw.txt,2436,459728.500,FINESTEERING,SOL_COMPUTED,SINGLE,22,12,3.3741,7.4987,1.5,1793
0703002-0918-15-42-gnss_raw.txt,2436,459728.600,FINESTEERING,SOL_COMPUTED,SINGLE,22,12,3.3896,7.5296,1.6,1793
0703002-0918-15-42-gnss_raw.txt,2436,459728.700,FINESTEERING,SOL_COMPUTED,SINGLE,22,12,3.4388,7.6305,1.7,1793
0703002-0918-15-42-gnss_raw.txt,2436,459728.800,FINESTEERING,SOL_COMPUTED,SINGLE,22,12,3.321,7.3601,1.8,1793
0703002-0918-15-42-gnss_raw.txt,2436,459728.900,FINESTEERING,SOL_COMPUTED,SINGLE,22,13,3.2461,7.1829,1.9,1793
0703002-0918-15-42-gnss_raw.txt,2436,459729.000,FINESTEERING,SOL_COMPUTED,SINGLE,22,13,3.1422,6.9444,2.0,1793
0703002-0918-15-42-gnss_raw.txt,2436,459729.100,FINESTEERING,SOL_COMPUTED,SINGLE,22,13,3.2566,7.1889,1.1,1793
0703002-0918-15-42-gnss_raw.txt,2436,459729.200,FINESTEERING,SOL_COMPUTED,SINGLE,22,13,3.2847,7.2429,1.2,1793
0703002-0918-15-42-gnss_raw.txt,2436,459729.300,FINESTEERING,SOL_COMPUTED,SINGLE,22,14,3.5573,7.8356,1.3,1793
0703002-0918-15-42-gnss_raw.txt,2436,459729.400,FINESTEERING,SOL_COMPUTED,SINGLE,22,15,3.2984,7.2567,1.4,1793
0703002-0918-15-42-gnss_raw.txt,2436,459729.500,FINESTEERING,SOL_COMPUTED,SINGLE,22,15,3.2921,7.2339,1.5,1793
0703002-0918-15-42-gnss_raw.txt,2436,459729.600,FINESTEERING,SOL_COMPUTED,SINGLE,22,15,3.2449,7.1229,1.6,1793
0703002-0918-15-42-gnss_raw.txt,2436,459729.700,FINESTEERING,SOL_COMPUTED,SINGLE,22,15,3.1505,6.9067,1.7,1793
0703002-0918-15-42-gnss_raw.txt,2436,459729.800,FINESTEERING,SOL_COMPUTED,SINGLE,22,15,3.2139,7.04,1.8,1793
0703002-0918-15-42-gnss_raw.txt,2436,459729.900,FINESTEERING,SOL_COMPUTED,SINGLE,22,15,3.3559,7.3454,1.9,1793
0703002-0918-15-42-gnss_raw.txt,2436,459730.000,FINESTEERING,SOL_COMPUTED,SINGLE,22,15,3.3689,7.3695,1.0,1793
0703002-0918-15-42-gnss_raw.txt,2436,459730.100,FINESTEERING,SOL_COMPUTED,SINGLE,22,15,3.3022,7.2177,1.1,1793
0703002-0918-15-42-gnss_raw.txt,2436,459730.200,FINESTEERING,SOL_COMPUTED,SINGLE,22,14,3.4196,7.4678,1.2,1793
0703002-0918-15-42-gnss_raw.txt,2436,459730.300,FINESTEERING,SOL_COMPUTED,SINGLE,22,13,3.5,7.6341,1.3,1793
0703002-0918-15-42-gnss_raw.txt,2436,459730.400,FINESTEERING,SOL_COMPUTED,SINGLE,22,14,3.4712,7.5623,1.4,1793
0703002-0918-15-42-gnss_raw.txt,2436,459730.500,FINESTEERING,SOL_COMPUTED,SINGLE,22,14,3.4246,7.4549,1.5,1793
0703002-0918-15-42-gnss_raw.txt,2436,459730.600,FINESTEERING,SOL_COMPUTED,SINGLE,22,14,3.3852,7.3632,1.6,1793
0703002-0918-15-42-gnss_raw.txt,2436,459730.700,FINESTEERING,SOL_COMPUTED,SINGLE,22,14,3.3779,7.3417,1.7,1793
0703002-0918-15-42-gnss_raw.txt,2436,459730.800,FINESTEERING,SOL_COMPUTED,SINGLE,22,14,3.4411,7.4768,1.8,1793
0703002-0918-15-42-gnss_raw.txt,2436,459730.900,FINESTEERING,SOL_COMPUTED,SINGLE,22,14,3.4343,7.4564,1.9,1793
0703002-0918-15-42-gnss_raw.txt,2436,459731.000,FINESTEERING,SOL_COMPUTED,SINGLE,22,14,3.447,7.4764,1.0,1793
0703002-0918-15-42-gnss_raw.txt,2436,459731.100,FINESTEERING,SOL_COMPUTED,SINGLE,22,14,3.4126,7.3912,1.1,1793
0703002-0918-15-42-gnss_raw.txt,2436,459731.200,FINESTEERING,SOL_COMPUTED,SINGLE,22,14,3.4002,7.3546,1.2,1793
0703002-0918-15-42-gnss_raw.txt,2436,459731.300,FINESTEERING,SOL_COMPUTED,SINGLE,22,14,3.6147,7.8111,1.3,1793
0703002-0918-15-42-gnss_raw.txt,2436,459731.400,FINESTEERING,SOL_COMPUTED,SINGLE,22,14,3.5009,7.559,1.4,1793
0703002-0918-15-42-gnss_raw.txt,2436,459731.500,FINESTEERING,SOL_COMPUTED,SINGLE,22,15,3.4657,7.4787,1.5,1793
0703002-0918-15-42-gnss_raw.txt,2436,459731.600,FINESTEERING,SOL_COMPUTED,SINGLE,22,14,3.8187,8.2367,1.6,1793
0703002-0918-15-42-gnss_raw.txt,2436,459731.700,FINESTEERING,SOL_COMPUTED,SINGLE,22,14,3.5705,7.6973,1.7,1793
0703002-0918-15-42-gnss_raw.txt,2436,459731.800,FINESTEERING,SOL_COMPUTED,SINGLE,22,13,3.8639,8.3245,1.8,1793
0703002-0918-15-42-gnss_raw.txt,2436,459731.900,FINESTEERING,SOL_COMPUTED,SINGLE,22,14,3.809,8.2021,0.9,1793
0703002-0918-15-42-gnss_raw.txt,2436,459732.000,FINESTEERING,SOL_COMPUTED,SINGLE,22,14,3.8751,8.3402,1.0,1793
0703002-0918-15-42-gnss_raw.txt,2436,459732.100,FINESTEERING,SOL_COMPUTED,SINGLE,22,15,3.4016,7.3188,1.1,1793
0703002-0918-15-42-gnss_raw.txt,2436,459732.200,FINESTEERING,SOL_COMPUTED,SINGLE,22,15,3.4538,7.4323,1.2,1793
0703002-0918-15-42-gnss_raw.txt,2436,459732.300,FINESTEERING,SOL_COMPUTED,SINGLE,22,15,3.4765,7.4814,1.3,1793
0703002-0918-15-42-gnss_raw.txt,2436,459732.400,FINESTEERING,SOL_COMPUTED,SINGLE,22,15,3.4919,7.5157,1.4,1793
0703002-0918-15-42-gnss_raw.txt,2436,459732.500,FINESTEERING,SOL_COMPUTED,SINGLE,22,15,3.6689,7.9055,1.5,1793
0703002-0918-15-42-gnss_raw.txt,2436,459732.600,FINESTEERING,SOL_COMPUTED,SINGLE,22,15,3.6288,7.8221,1.6,1793
0703002-0918-15-42-gnss_raw.txt,2436,459732.700,FINESTEERING,SOL_COMPUTED,SINGLE,22,15,3.528,7.6072,0.7,1793
0703002-0918-15-42-gnss_raw.txt,2436,459732.800,FINESTEERING,SOL_COMPUTED,SINGLE,22,15,3.3454,7.2203,0.8,1793
0703002-0918-15-42-gnss_raw.txt,2436,459732.900,FINESTEERING,SOL_COMPUTED,SINGLE,22,14,3.428,7.4045,0.9,1793
0703002-0918-15-42-gnss_raw.txt,2436,459733.000,FINESTEERING,SOL_COMPUTED,SINGLE,22,14,3.3788,7.3018,1.0,1793
0703002-0918-15-42-gnss_raw.txt,2436,459733.100,FINESTEERING,SOL_COMPUTED,SINGLE,22,14,3.2995,7.1302,1.1,1793
0703002-0918-15-42-gnss_raw.txt,2436,459733.200,FINESTEERING,SOL_COMPUTED,SINGLE,22,14,3.7226,8.0468,1.2,1793
0703002-0918-15-42-gnss_raw.txt,2436,459733.300,FINESTEERING,SOL_COMPUTED,SINGLE,22,13,3.3076,7.147,1.3,1793
0703002-0918-15-42-gnss_raw.txt,2436,459733.400,FINESTEERING,SOL_COMPUTED,SINGLE,22,14,3.4796,7.5183,1.4,1793
0703002-0918-15-42-gnss_raw.txt,2436,459733.500,FINESTEERING,SOL_COMPUTED,SINGLE,22,14,3.665,7.9246,1.5,1793
0703002-0918-15-42-gnss_raw.txt,2436,459733.600,FINESTEERING,SOL_COMPUTED,SINGLE,22,14,3.5108,7.5961,1.6,1793
0703002-0918-15-42-gnss_raw.txt,2436,459733.700,FINESTEERING,SOL_COMPUTED,SINGLE,22,13,3.5182,7.6201,1.7,1793
0703002-0918-15-42-gnss_raw.txt,2436,459733.800,FINESTEERING,SOL_COMPUTED,SINGLE,22,13,3.4493,7.4756,0.8,1793
0703002-0918-15-42-gnss_raw.txt,2436,459733.900,FINESTEERING,SOL_COMPUTED,SINGLE,22,13,3.358,7.2799,0.9,1793
0703002-0918-15-42-gnss_raw.txt,2436,459734.000,FINESTEERING,SOL_COMPUTED,SINGLE,22,13,3.6817,7.9829,1.0,1793
0703002-0918-15-42-gnss_raw.txt,2436,459734.100,FINESTEERING,SOL_COMPUTED,SINGLE,22,14,3.6105,7.8314,1.1,1793
0703002-0918-15-42-gnss_raw.txt,2436,459734.200,FINESTEERING,SOL_COMPUTED,SINGLE,22,14,3.377,7.3278,1.2,1793
0703002-0918-15-42-gnss_raw.txt,2436,459734.300,FINESTEERING,SOL_COMPUTED,SINGLE,22,14,3.3437,7.2563,1.3,1793
0703002-0918-15-42-gnss_raw.txt,2436,459734.400,FINESTEERING,SOL_COMPUTED,SINGLE,22,13,3.67,7.9663,1.4,1793
0703002-0918-15-42-gnss_raw.txt,2436,459734.500,FINESTEERING,SOL_COMPUTED,SINGLE,22,13,3.5961,7.8112,1.5,1793
0703002-0918-15-42-gnss_raw.txt,2436,459734.600,FINESTEERING,SOL_COMPUTED,SINGLE,22,13,3.6948,8.0295,1.6,1793
0703002-0918-15-42-gnss_raw.txt,2436,459734.700,FINESTEERING,SOL_COMPUTED,SINGLE,22,13,3.4763,7.5587,1.7,1793
0703002-0918-15-42-gnss_raw.txt,2436,459734.800,FINESTEERING,SOL_COMPUTED,SINGLE,22,13,3.4607,7.5274,1.8,1793
0703002-0918-15-42-gnss_raw.txt,2436,459734.900,FINESTEERING,SOL_COMPUTED,SINGLE,22,14,3.5939,7.8214,0.9,1793
0703002-0918-15-42-gnss_raw.txt,2436,459735.000,FINESTEERING,SOL_COMPUTED,SINGLE,22,14,3.6174,7.8766,1.0,1793
0703002-0918-15-42-gnss_raw.txt,2436,459735.100,FINESTEERING,SOL_COMPUTED,SINGLE,22,14,3.3503,7.2985,1.1,1793
0703002-0918-15-42-gnss_raw.txt,2436,459735.200,FINESTEERING,SOL_COMPUTED,SINGLE,22,14,3.3351,7.268,1.2,1793
0703002-0918-15-42-gnss_raw.txt,2436,459735.300,FINESTEERING,SOL_COMPUTED,SINGLE,22,14,3.6206,7.897,1.3,1793
0703002-0918-15-42-gnss_raw.txt,2436,459735.400,FINESTEERING,SOL_COMPUTED,SINGLE,22,14,3.5116,7.6645,1.4,1793
0703002-0918-15-42-gnss_raw.txt,2436,459735.500,FINESTEERING,SOL_COMPUTED,SINGLE,22,14,3.4989,7.6431,1.5,1793
0703002-0918-15-42-gnss_raw.txt,2436,459735.600,FINESTEERING,SOL_COMPUTED,SINGLE,22,14,3.3798,7.3913,1.6,1793
0703002-0918-15-42-gnss_raw.txt,2436,459735.700,FINESTEERING,SOL_COMPUTED,SINGLE,22,13,3.4551,7.5632,1.7,1793
0703002-0918-15-42-gnss_raw.txt,2436,459735.800,FINESTEERING,SOL_COMPUTED,SINGLE,22,14,3.453,7.5632,0.8,1793
0703002-0918-15-42-gnss_raw.txt,2436,459735.900,FINESTEERING,SOL_COMPUTED,SINGLE,22,15,3.451,7.5607,0.9,1793
0703002-0918-15-42-gnss_raw.txt,2436,459736.000,FINESTEERING,SOL_COMPUTED,SINGLE,22,15,3.3708,7.3859,1.0,1793
0703002-0918-15-42-gnss_raw.txt,2436,459736.100,FINESTEERING,SOL_COMPUTED,SINGLE,22,15,3.4794,7.6281,1.1,1793
0703002-0918-15-42-gnss_raw.txt,2436,459736.200,FINESTEERING,SOL_COMPUTED,SINGLE,22,15,3.4851,7.6441,1.2,1793
0703002-0918-15-42-gnss_raw.txt,2436,459736.300,FINESTEERING,SOL_COMPUTED,SINGLE,22,15,3.3633,7.3817,1.3,1793
0703002-0918-15-42-gnss_raw.txt,2436,459736.400,FINESTEERING,SOL_COMPUTED,SINGLE,22,15,3.3794,7.4212,1.4,1793
0703002-0918-15-42-gnss_raw.txt,2436,459736.500,FINESTEERING,SOL_COMPUTED,SINGLE,22,15,3.5393,7.7758,1.5,1793
0703002-0918-15-42-gnss_raw.txt,2436,459736.600,FINESTEERING,SOL_COMPUTED,SINGLE,22,15,3.4539,7.5947,1.6,1793
0703002-0918-15-42-gnss_raw.txt,2436,459736.700,FINESTEERING,SOL_COMPUTED,SINGLE,22,15,3.5394,7.7851,0.7,1793
0703002-0918-15-42-gnss_raw.txt,2436,459736.800,FINESTEERING,SOL_COMPUTED,SINGLE,22,15,3.5833,7.8835,0.8,1793
0703002-0918-15-42-gnss_raw.txt,2436,459736.900,FINESTEERING,SOL_COMPUTED,SINGLE,22,15,3.6144,7.9562,0.9,1793
0703002-0918-15-42-gnss_raw.txt,2436,459737.000,FINESTEERING,SOL_COMPUTED,SINGLE,22,14,3.5464,7.8099,1.0,1793
0703002-0918-15-42-gnss_raw.txt,2436,459737.100,FINESTEERING,SOL_COMPUTED,SINGLE,22,14,3.5634,7.8548,1.1,1793
0703002-0918-15-42-gnss_raw.txt,2436,459737.200,FINESTEERING,SOL_COMPUTED,SINGLE,22,12,3.6633,8.0865,1.2,1793
0703002-0918-15-42-gnss_raw.txt,2436,459737.300,FINESTEERING,SOL_COMPUTED,SINGLE,22,12,3.6168,7.9934,1.3,1793
0703002-0918-15-42-gnss_raw.txt,2436,459737.400,FINESTEERING,SOL_COMPUTED,SINGLE,22,13,3.7029,8.1975,1.4,1793
0703002-0918-15-42-gnss_raw.txt,2436,459737.500,FINESTEERING,SOL_COMPUTED,SINGLE,22,13,3.5592,7.8897,1.5,1793
0703002-0918-15-42-gnss_raw.txt,2436,459737.600,FINESTEERING,SOL_COMPUTED,SINGLE,22,13,3.6686,8.1339,1.6,1793
0703002-0918-15-42-gnss_raw.txt,2436,459737.700,FINESTEERING,SOL_COMPUTED,SINGLE,22,12,3.267,7.2574,1.7,1793
0703002-0918-15-42-gnss_raw.txt,2436,459737.800,FINESTEERING,SOL_COMPUTED,SINGLE,22,12,3.2231,7.1714,0.8,1793
0703002-0918-15-42-gnss_raw.txt,2436,459737.900,FINESTEERING,SOL_COMPUTED,SINGLE,22,13,3.5774,7.9717,0.9,1793
0703002-0918-15-42-gnss_raw.txt,2436,459738.000,FINESTEERING,SOL_COMPUTED,SINGLE,22,12,3.1668,7.0627,1.0,1793
0703002-0918-15-42-gnss_raw.txt,2436,459738.100,FINESTEERING,SOL_COMPUTED,SINGLE,22,12,3.1763,7.0928,1.1,1793
0703002-0918-15-42-gnss_raw.txt,2436,459738.200,FINESTEERING,SOL_COMPUTED,SINGLE,22,14,3.447,7.7052,1.2,1793
0703002-0918-15-42-gnss_raw.txt,2436,459738.300,FINESTEERING,SOL_COMPUTED,SINGLE,22,14,3.3973,7.6085,1.3,1793
0703002-0918-15-42-gnss_raw.txt,2436,459738.400,FINESTEERING,SOL_COMPUTED,SINGLE,22,14,3.4286,7.69,1.4,1793
0703002-0918-15-42-gnss_raw.txt,2436,459738.500,FINESTEERING,SOL_COMPUTED,SINGLE,22,14,3.3447,7.5063,1.5,1793
0703002-0918-15-42-gnss_raw.txt,2436,459738.600,FINESTEERING,SOL_COMPUTED,SINGLE,22,14,3.5918,8.0649,1.6,1793
0703002-0918-15-42-gnss_raw.txt,2436,459738.700,FINESTEERING,SOL_COMPUTED,SINGLE,22,13,3.2735,7.3495,1.7,1793
0703002-0918-15-42-gnss_raw.txt,2436,459738.800,FINESTEERING,SOL_COMPUTED,SINGLE,22,15,3.4235,7.6864,1.8,1793
0703002-0918-15-42-gnss_raw.txt,2436,459738.900,FINESTEERING,SOL_COMPUTED,SINGLE,22,16,3.5263,7.9214,1.9,1793
0703002-0918-15-42-gnss_raw.txt,2436,459739.000,FINESTEERING,SOL_COMPUTED,SINGLE,22,15,3.4643,7.7886,1.0,1793
0703002-0918-15-42-gnss_raw.txt,2436,459739.100,FINESTEERING,SOL_COMPUTED,SINGLE,22,15,3.5342,7.9468,1.1,1793
0703002-0918-15-42-gnss_raw.txt,2436,459739.200,FINESTEERING,SOL_COMPUTED,SINGLE,22,15,3.2586,7.3281,1.2,1793
0703002-0918-15-42-gnss_raw.txt,2436,459739.300,FINESTEERING,SOL_COMPUTED,SINGLE,22,15,3.2718,7.3574,1.3,1793
0703002-0918-15-42-gnss_raw.txt,2436,459739.400,FINESTEERING,SOL_COMPUTED,SINGLE,22,15,3.3266,7.4818,1.4,1793
0703002-0918-15-42-gnss_raw.txt,2436,459739.500,FINESTEERING,SOL_COMPUTED,SINGLE,22,15,3.3756,7.5902,1.5,1793
0703002-0918-15-42-gnss_raw.txt,2436,459739.600,FINESTEERING,SOL_COMPUTED,SINGLE,22,15,3.3141,7.4485,1.6,1793
0703002-0918-15-42-gnss_raw.txt,2436,459739.700,FINESTEERING,SOL_COMPUTED,SINGLE,22,15,3.311,7.4384,1.7,1793
0703002-0918-15-42-gnss_raw.txt,2436,459739.800,FINESTEERING,SOL_COMPUTED,SINGLE,22,14,3.3902,7.6197,1.8,1793
0703002-0918-15-42-gnss_raw.txt,2436,459739.900,FINESTEERING,SOL_COMPUTED,SINGLE,22,14,3.3991,7.6474,1.9,1793
0703002-0918-15-42-gnss_raw.txt,2436,459740.000,FINESTEERING,SOL_COMPUTED,SINGLE,22,14,3.5063,7.8942,1.0,1793
0703002-0918-15-42-gnss_raw.txt,2436,459740.100,FINESTEERING,SOL_COMPUTED,SINGLE,22,14,3.7062,8.3709,1.1,1793
0703002-0918-15-42-gnss_raw.txt,2436,459740.200,FINESTEERING,SOL_COMPUTED,SINGLE,22,13,3.6008,8.1306,1.2,1793
0703002-0918-15-42-gnss_raw.txt,2436,459740.300,FINESTEERING,SOL_COMPUTED,SINGLE,22,14,3.5702,8.0652,1.3,1793
0703002-0918-15-42-gnss_raw.txt,2436,459740.400,FINESTEERING,SOL_COMPUTED,SINGLE,22,14,3.5003,7.9104,1.4,1793
0703002-0918-15-42-gnss_raw.txt,2436,459740.500,FINESTEERING,SOL_COMPUTED,SINGLE,22,14,3.5721,8.0746,1.5,1793
0703002-0918-15-42-gnss_raw.txt,2436,459740.600,FINESTEERING,SOL_COMPUTED,SINGLE,22,14,3.5392,7.9969,1.6,1793
0703002-0918-15-42-gnss_raw.txt,2436,459740.700,FINESTEERING,SOL_COMPUTED,SINGLE,22,14,3.617,8.1684,1.7,1793
0703002-0918-15-42-gnss_raw.txt,2436,459740.800,FINESTEERING,SOL_COMPUTED,SINGLE,22,15,3.3556,7.5771,1.8,1793
0703002-0918-15-42-gnss_raw.txt,2436,459740.900,FINESTEERING,SOL_COMPUTED,SINGLE,22,15,3.629,8.1938,0.9,1793
0703002-0918-15-42-gnss_raw.txt,2436,459741.000,FINESTEERING,SOL_COMPUTED,SINGLE,22,14,3.2765,7.3997,1.0,1793
0703002-0918-15-42-gnss_raw.txt,2436,459741.100,FINESTEERING,SOL_COMPUTED,SINGLE,22,14,3.2766,7.3988,1.1,1793
0703002-0918-15-42-gnss_raw.txt,2436,459741.200,FINESTEERING,SOL_COMPUTED,SINGLE,22,12,3.2468,7.3286,1.2,1793
0703002-0918-15-42-gnss_raw.txt,2436,459741.300,FINESTEERING,SOL_COMPUTED,SINGLE,22,12,3.2059,7.2334,1.3,1793
0703002-0918-15-42-gnss_raw.txt,2436,459741.400,FINESTEERING,SOL_COMPUTED,SINGLE,22,12,3.2033,7.2253,1.4,1793
0703002-0918-15-42-gnss_raw.txt,2436,459741.500,FINESTEERING,SOL_COMPUTED,SINGLE,22,14,3.5884,8.0908,1.5,1793
0703002-0918-15-42-gnss_raw.txt,2436,459741.600,FINESTEERING,SOL_COMPUTED,SINGLE,22,14,3.6857,8.3068,1.6,1793
0703002-0918-15-42-gnss_raw.txt,2436,459741.700,FINESTEERING,SOL_COMPUTED,SINGLE,22,14,3.4573,7.7916,1.7,1793
0703002-0918-15-42-gnss_raw.txt,2436,459741.800,FINESTEERING,SOL_COMPUTED,SINGLE,22,15,3.4637,7.809,1.8,1793
0703002-0918-15-42-gnss_raw.txt,2436,459741.900,FINESTEERING,SOL_COMPUTED,SINGLE,22,15,3.4106,7.6859,0.9,1793
0703002-0918-15-42-gnss_raw.txt,2436,459742.000,FINESTEERING,SOL_COMPUTED,SINGLE,22,14,3.5089,7.9074,1.0,1793
0703002-0918-15-42-gnss_raw.txt,2436,459742.100,FINESTEERING,SOL_COMPUTED,SINGLE,22,13,3.407,7.6742,1.1,1793
0703002-0918-15-42-gnss_raw.txt,2436,459742.200,FINESTEERING,SOL_COMPUTED,SINGLE,22,14,3.6236,8.1615,1.2,1793
0703002-0918-15-42-gnss_raw.txt,2436,459742.300,FINESTEERING,SOL_COMPUTED,SINGLE,22,14,3.6644,8.2533,1.3,1793
0703002-0918-15-42-gnss_raw.txt,2436,459742.400,FINESTEERING,SOL_COMPUTED,SINGLE,22,14,3.5125,7.9139,1.4,1793
0703002-0918-15-42-gnss_raw.txt,2436,459742.500,FINESTEERING,SOL_COMPUTED,SINGLE,22,14,3.5939,8.0983,1.5,1793
0703002-0918-15-42-gnss_raw.txt,2436,459742.600,FINESTEERING,SOL_COMPUTED,SINGLE,22,15,3.4255,7.7299,1.6,1793
0703002-0918-15-42-gnss_raw.txt,2436,459742.700,FINESTEERING,SOL_COMPUTED,SINGLE,22,15,3.5678,8.0643,0.7,1793
0703002-0918-15-42-gnss_raw.txt,2436,459742.800,FINESTEERING,SOL_COMPUTED,SINGLE,22,14,3.4932,7.8959,0.8,1793
0703002-0918-15-42-gnss_raw.txt,2436,459742.900,FINESTEERING,SOL_COMPUTED,SINGLE,22,14,3.4757,7.8558,0.9,1793
0703002-0918-15-42-gnss_raw.txt,2436,459743.000,FINESTEERING,SOL_COMPUTED,SINGLE,22,14,3.2649,7.3776,1.0,1793
0703002-0918-15-42-gnss_raw.txt,2436,459743.100,FINESTEERING,SOL_COMPUTED,SINGLE,22,14,3.347,7.5635,1.1,1793
0703002-0918-15-42-gnss_raw.txt,2436,459743.200,FINESTEERING,SOL_COMPUTED,SINGLE,22,14,3.3738,7.6221,1.2,1793
0703002-0918-15-42-gnss_raw.txt,2436,459743.300,FINESTEERING,SOL_COMPUTED,SINGLE,22,14,3.3883,7.6535,1.3,1793
0703002-0918-15-42-gnss_raw.txt,2436,459743.400,FINESTEERING,SOL_COMPUTED,SINGLE,22,14,3.5115,7.9309,1.4,1793
0703002-0918-15-42-gnss_raw.txt,2436,459743.500,FINESTEERING,SOL_COMPUTED,SINGLE,22,14,3.7935,8.5869,1.5,1793
0703002-0918-15-42-gnss_raw.txt,2436,459743.600,FINESTEERING,SOL_COMPUTED,SINGLE,22,12,3.8847,8.8078,1.6,1793
0703002-0918-15-42-gnss_raw.txt,2436,459743.700,FINESTEERING,SOL_COMPUTED,SINGLE,22,12,3.807,8.6331,1.7,1793
0703002-0918-15-42-gnss_raw.txt,2436,459743.800,FINESTEERING,SOL_COMPUTED,SINGLE,22,12,3.733,8.4744,0.8,1793
0703002-0918-15-42-gnss_raw.txt,2436,459743.900,FINESTEERING,SOL_COMPUTED,SINGLE,22,13,3.3398,7.5871,0.9,1793
0703002-0918-15-42-gnss_raw.txt,2436,459744.000,FINESTEERING,SOL_COMPUTED,SINGLE,22,13,3.388,7.6911,1.0,1793
0703002-0918-15-42-gnss_raw.txt,2436,459744.100,FINESTEERING,SOL_COMPUTED,SINGLE,22,13,3.4839,7.9034,1.1,1793
0703002-0918-15-42-gnss_raw.txt,2436,459744.200,FINESTEERING,SOL_COMPUTED,SINGLE,22,13,3.3099,7.5069,1.2,1793
0703002-0918-15-42-gnss_raw.txt,2436,459744.300,FINESTEERING,SOL_COMPUTED,SINGLE,22,13,3.3086,7.5023,1.3,1793
0703002-0918-15-42-gnss_raw.txt,2436,459744.400,FINESTEERING,SOL_COMPUTED,SINGLE,22,14,3.312,7.5117,1.4,1793
0703002-0918-15-42-gnss_raw.txt,2436,459744.500,FINESTEERING,SOL_COMPUTED,SINGLE,22,14,3.5322,8.018,1.5,1793
0703002-0918-15-42-gnss_raw.txt,2436,459744.600,FINESTEERING,SOL_COMPUTED,SINGLE,22,13,3.3308,7.5702,1.6,1793
0703002-0918-15-42-gnss_raw.txt,2436,459744.700,FINESTEERING,SOL_COMPUTED,SINGLE,22,14,3.338,7.5874,1.7,1793
0703002-0918-15-42-gnss_raw.txt,2436,459744.800,FINESTEERING,SOL_COMPUTED,SINGLE,22,14,3.2817,7.4596,1.8,1793
0703002-0918-15-42-gnss_raw.txt,2436,459744.900,FINESTEERING,SOL_COMPUTED,SINGLE,22,14,3.2838,7.4662,1.9,1793
0703002-0918-15-42-gnss_raw.txt,2436,459745.000,FINESTEERING,SOL_COMPUTED,SINGLE,22,14,3.3504,7.6151,2.0,1793
0703002-0918-15-42-gnss_raw.txt,2436,459745.100,FINESTEERING,SOL_COMPUTED,SINGLE,22,14,3.4159,7.7644,2.1,1793
0703002-0918-15-42-gnss_raw.txt,2436,459745.200,FINESTEERING,SOL_COMPUTED,SINGLE,22,14,3.4119,7.7534,2.2,1793
0703002-0918-15-42-gnss_raw.txt,2436,459745.300,FINESTEERING,SOL_COMPUTED,SINGLE,22,14,3.4134,7.7577,2.3,1793
0703002-0918-15-42-gnss_raw.txt,2436,459745.400,FINESTEERING,SOL_COMPUTED,SINGLE,22,14,3.4343,7.8052,2.4,1793
0703002-0918-15-42-gnss_raw.txt,2436,459745.500,FINESTEERING,SOL_COMPUTED,SINGLE,22,14,3.3946,7.7171,2.5,1793
0703002-0918-15-42-gnss_raw.txt,2436,459745.600,FINESTEERING,SOL_COMPUTED,SINGLE,22,14,3.4312,7.8049,2.6,1793
0703002-0918-15-42-gnss_raw.txt,2436,459745.700,FINESTEERING,SOL_COMPUTED,SINGLE,22,14,3.5495,8.0837,2.7,1793
0703002-0918-15-42-gnss_raw.txt,2436,459745.800,FINESTEERING,SOL_COMPUTED,SINGLE,22,14,3.4183,7.791,2.8,1793
0703002-0918-15-42-gnss_raw.txt,2436,459745.900,FINESTEERING,SOL_COMPUTED,SINGLE,22,14,3.4752,7.9303,2.9,1793
0703002-0918-15-42-gnss_raw.txt,2436,459746.000,FINESTEERING,SOL_COMPUTED,SINGLE,22,14,3.4934,7.975,3.0,1793
0703002-0918-15-42-gnss_raw.txt,2436,459746.100,FINESTEERING,SOL_COMPUTED,SINGLE,22,14,3.3132,7.5667,3.1,1793
0703002-0918-15-42-gnss_raw.txt,2436,459746.200,FINESTEERING,SOL_COMPUTED,SINGLE,22,14,3.3063,7.5565,3.2,1793
0703002-0918-15-42-gnss_raw.txt,2436,459746.300,FINESTEERING,SOL_COMPUTED,SINGLE,22,14,3.4105,7.8013,3.3,1793
0703002-0918-15-42-gnss_raw.txt,2436,459746.400,FINESTEERING,SOL_COMPUTED,SINGLE,22,14,3.6776,8.4228,3.4,1793
0703002-0918-15-42-gnss_raw.txt,2436,459746.500,FINESTEERING,SOL_COMPUTED,SINGLE,22,13,3.364,7.7181,3.5,1793
0703002-0918-15-42-gnss_raw.txt,2436,459746.600,FINESTEERING,SOL_COMPUTED,SINGLE,22,13,3.3414,7.6759,3.6,1793
0703002-0918-15-42-gnss_raw.txt,2436,459746.700,FINESTEERING,SOL_COMPUTED,SINGLE,22,13,3.4039,7.8256,3.7,1793
0703002-0918-15-42-gnss_raw.txt,2436,459746.800,FINESTEERING,SOL_COMPUTED,SINGLE,22,13,3.383,7.784,3.8,1793
0703002-0918-15-42-gnss_raw.txt,2436,459746.900,FINESTEERING,SOL_COMPUTED,SINGLE,22,12,3.4292,7.9028,2.9,1793
0703002-0918-15-42-gnss_raw.txt,2436,459747.000,FINESTEERING,SOL_COMPUTED,SINGLE,22,12,3.446,7.958,3.0,1793
0703002-0918-15-42-gnss_raw.txt,2436,459747.100,FINESTEERING,SOL_COMPUTED,SINGLE,22,11,3.4673,8.0092,3.1,1793
0703002-0918-15-42-gnss_raw.txt,2436,459747.200,FINESTEERING,SOL_COMPUTED,SINGLE,22,11,3.5345,8.1692,3.2,1793
0703002-0918-15-42-gnss_raw.txt,2436,459747.300,FINESTEERING,SOL_COMPUTED,SINGLE,22,13,3.4726,8.032,2.3,1793
0703002-0918-15-42-gnss_raw.txt,2436,459747.400,FINESTEERING,SOL_COMPUTED,SINGLE,22,13,3.3077,7.66,2.4,1793
0703002-0918-15-42-gnss_raw.txt,2436,459747.500,FINESTEERING,SOL_COMPUTED,SINGLE,22,13,3.3066,7.6647,2.5,1793
0703002-0918-15-42-gnss_raw.txt,2436,459747.600,FINESTEERING,SOL_COMPUTED,SINGLE,22,13,3.3456,7.7616,2.6,1793
0703002-0918-15-42-gnss_raw.txt,2436,459747.700,FINESTEERING,SOL_COMPUTED,SINGLE,22,14,3.2844,7.6232,1.7,1793
0703002-0918-15-42-gnss_raw.txt,2436,459747.800,FINESTEERING,SOL_COMPUTED,SINGLE,22,13,3.2853,7.6359,1.8,1793
0703002-0918-15-42-gnss_raw.txt,2436,459747.900,FINESTEERING,SOL_COMPUTED,SINGLE,22,13,3.3003,7.6804,1.9,1793
0703002-0918-15-42-gnss_raw.txt,2436,459748.000,FINESTEERING,SOL_COMPUTED,SINGLE,22,13,3.2831,7.6553,1.0,1793
0703002-0918-15-42-gnss_raw.txt,2436,459748.100,FINESTEERING,SOL_COMPUTED,SINGLE,22,13,3.2941,7.7002,1.1,1793
0703002-0918-15-42-gnss_raw.txt,2436,459748.200,FINESTEERING,SOL_COMPUTED,SINGLE,22,13,3.2368,7.594,1.2,1793
0703002-0918-15-42-gnss_raw.txt,2436,459748.300,FINESTEERING,SOL_COMPUTED,SINGLE,22,13,3.1872,7.4798,1.3,1793
0703002-0918-15-42-gnss_raw.txt,2436,459748.400,FINESTEERING,SOL_COMPUTED,SINGLE,22,13,3.2264,7.577,1.4,1793
0703002-0918-15-42-gnss_raw.txt,2436,459748.500,FINESTEERING,SOL_COMPUTED,SINGLE,22,13,3.2652,7.6783,1.5,1793
0703002-0918-15-42-gnss_raw.txt,2436,459748.600,FINESTEERING,SOL_COMPUTED,SINGLE,22,13,3.3306,7.8441,1.6,1793
0703002-0918-15-42-gnss_raw.txt,2436,459748.700,FINESTEERING,SOL_COMPUTED,SINGLE,22,13,3.259,7.6775,1.7,1793
0703002-0918-15-42-gnss_raw.txt,2436,459748.800,FINESTEERING,SOL_COMPUTED,SINGLE,22,12,3.2895,7.7508,1.8,1793
0703002-0918-15-42-gnss_raw.txt,2436,459748.900,FINESTEERING,SOL_COMPUTED,SINGLE,22,12,3.4843,8.2085,0.9,1793
0703002-0918-15-42-gnss_raw.txt,2436,459749.000,FINESTEERING,SOL_COMPUTED,SINGLE,22,13,3.2671,7.6967,1.0,1793
0703002-0918-15-42-gnss_raw.txt,2436,459749.100,FINESTEERING,SOL_COMPUTED,SINGLE,22,13,3.202,7.5448,1.1,1793
0703002-0918-15-42-gnss_raw.txt,2436,459749.200,FINESTEERING,SOL_COMPUTED,SINGLE,22,13,3.2246,7.6005,1.2,1793
0703002-0918-15-42-gnss_raw.txt,2436,459749.300,FINESTEERING,SOL_COMPUTED,SINGLE,22,14,3.4549,8.15,1.3,1793
0703002-0918-15-42-gnss_raw.txt,2436,459749.400,FINESTEERING,SOL_COMPUTED,SINGLE,22,14,3.6927,8.717,1.4,1793
0703002-0918-15-42-gnss_raw.txt,2436,459749.500,FINESTEERING,SOL_COMPUTED,SINGLE,22,14,3.4451,8.1404,1.5,1793
0703002-0918-15-42-gnss_raw.txt,2436,459749.600,FINESTEERING,SOL_COMPUTED,SINGLE,22,13,3.3132,7.8334,1.6,1793
0703002-0918-15-42-gnss_raw.txt,2436,459749.700,FINESTEERING,SOL_COMPUTED,SINGLE,22,13,3.2719,7.7371,1.7,1793
0703002-0918-15-42-gnss_raw.txt,2436,459749.800,FINESTEERING,SOL_COMPUTED,SINGLE,22,13,3.3608,7.9441,0.8,1793
0703002-0918-15-42-gnss_raw.txt,2436,459749.900,FINESTEERING,SOL_COMPUTED,SINGLE,22,13,3.5267,8.3344,0.9,1793
0703002-0918-15-42-gnss_raw.txt,2436,459750.000,FINESTEERING,SOL_COMPUTED,SINGLE,22,13,3.4094,8.0531,1.0,1793
0703002-0918-15-42-gnss_raw.txt,2436,459750.100,FINESTEERING,SOL_COMPUTED,SINGLE,22,13,3.3672,7.9511,1.1,1793
0703002-0918-15-42-gnss_raw.txt,2436,459750.200,FINESTEERING,SOL_COMPUTED,SINGLE,22,13,3.4577,8.1709,1.2,1793
0703002-0918-15-42-gnss_raw.txt,2436,459750.300,FINESTEERING,SOL_COMPUTED,SINGLE,22,13,3.3113,7.8283,1.3,1793
0703002-0918-15-42-gnss_raw.txt,2436,459750.400,FINESTEERING,SOL_COMPUTED,SINGLE,22,13,3.2761,7.7494,1.4,1793
0703002-0918-15-42-gnss_raw.txt,2436,459750.500,FINESTEERING,SOL_COMPUTED,SINGLE,22,12,3.4455,8.1533,1.5,1793
0703002-0918-15-42-gnss_raw.txt,2436,459750.600,FINESTEERING,SOL_COMPUTED,SINGLE,22,12,3.4443,8.1526,1.6,1793
0703002-0918-15-42-gnss_raw.txt,2436,459750.700,FINESTEERING,SOL_COMPUTED,SINGLE,22,13,3.3502,7.9295,1.7,1793
0703002-0918-15-42-gnss_raw.txt,2436,459750.800,FINESTEERING,SOL_COMPUTED,SINGLE,22,13,3.3328,7.8866,1.8,1793
0703002-0918-15-42-gnss_raw.txt,2436,459750.900,FINESTEERING,SOL_COMPUTED,SINGLE,22,13,3.4734,8.2175,0.9,1793
0703002-0918-15-42-gnss_raw.txt,2436,459751.000,FINESTEERING,SOL_COMPUTED,SINGLE,22,14,3.4039,8.0513,1.0,1793
0703002-0918-15-42-gnss_raw.txt,2436,459751.100,FINESTEERING,SOL_COMPUTED,SINGLE,21,14,3.2916,7.7875,1.1,1793
0703002-0918-15-42-gnss_raw.txt,2436,459751.200,FINESTEERING,SOL_COMPUTED,SINGLE,21,14,3.2938,7.7961,1.2,1793
0703002-0918-15-42-gnss_raw.txt,2436,459751.300,FINESTEERING,SOL_COMPUTED,SINGLE,21,14,3.4502,8.1684,1.3,1793
0703002-0918-15-42-gnss_raw.txt,2436,459751.400,FINESTEERING,SOL_COMPUTED,SINGLE,21,14,3.4359,8.1309,1.4,1793
0703002-0918-15-42-gnss_raw.txt,2436,459751.500,FINESTEERING,SOL_COMPUTED,SINGLE,21,14,3.5141,8.3143,1.5,1793
0703002-0918-15-42-gnss_raw.txt,2436,459751.600,FINESTEERING,SOL_COMPUTED,SINGLE,21,14,3.4077,8.0658,1.6,1793
0703002-0918-15-42-gnss_raw.txt,2436,459751.700,FINESTEERING,SOL_COMPUTED,SINGLE,21,14,3.3623,7.9597,1.7,1793
0703002-0918-15-42-gnss_raw.txt,2436,459751.800,FINESTEERING,SOL_COMPUTED,SINGLE,21,14,3.3185,7.8589,0.8,1793
0703002-0918-15-42-gnss_raw.txt,2436,459751.900,FINESTEERING,SOL_COMPUTED,SINGLE,21,14,3.4654,8.2041,0.9,1793
0703002-0918-15-42-gnss_raw.txt,2436,459752.000,FINESTEERING,SOL_COMPUTED,SINGLE,21,14,3.4625,8.2012,1.0,1793
0703002-0918-15-42-gnss_raw.txt,2436,459752.100,FINESTEERING,SOL_COMPUTED,SINGLE,21,13,3.4022,8.0524,1.1,1793
0703002-0918-15-42-gnss_raw.txt,2436,459752.200,FINESTEERING,SOL_COMPUTED,SINGLE,21,14,3.2958,7.8063,1.2,1793
0703002-0918-15-42-gnss_raw.txt,2436,459752.300,FINESTEERING,SOL_COMPUTED,SINGLE,21,15,3.4027,8.0573,1.3,1793
0703002-0918-15-42-gnss_raw.txt,2436,459752.400,FINESTEERING,SOL_COMPUTED,SINGLE,21,15,3.3124,7.8428,1.4,1793
0703002-0918-15-42-gnss_raw.txt,2436,459752.500,FINESTEERING,SOL_COMPUTED,SINGLE,21,15,3.3199,7.8622,1.5,1793
0703002-0918-15-42-gnss_raw.txt,2436,459752.600,FINESTEERING,SOL_COMPUTED,SINGLE,21,15,3.394,8.0377,1.6,1793
0703002-0918-15-42-gnss_raw.txt,2436,459752.700,FINESTEERING,SOL_COMPUTED,SINGLE,21,14,3.3355,7.9008,1.7,1793
0703002-0918-15-42-gnss_raw.txt,2436,459752.800,FINESTEERING,SOL_COMPUTED,SINGLE,21,14,3.4079,8.074,1.8,1793
0703002-0918-15-42-gnss_raw.txt,2436,459752.900,FINESTEERING,SOL_COMPUTED,SINGLE,21,14,3.4105,8.0823,1.9,1793
0703002-0918-15-42-gnss_raw.txt,2436,459753.000,FINESTEERING,SOL_COMPUTED,SINGLE,21,14,3.3723,7.9957,1.0,1793
0703002-0918-15-42-gnss_raw.txt,2436,459753.100,FINESTEERING,SOL_COMPUTED,SINGLE,21,14,3.5142,8.3372,1.1,1793
0703002-0918-15-42-gnss_raw.txt,2436,459753.200,FINESTEERING,SOL_COMPUTED,SINGLE,21,14,3.4782,8.2538,1.2,1793
0703002-0918-15-42-gnss_raw.txt,2436,459753.300,FINESTEERING,SOL_COMPUTED,SINGLE,21,14,3.2829,7.7881,1.3,1793
0703002-0918-15-42-gnss_raw.txt,2436,459753.400,FINESTEERING,SOL_COMPUTED,SINGLE,21,14,3.258,7.7289,1.4,1793
0703002-0918-15-42-gnss_raw.txt,2436,459753.500,FINESTEERING,SOL_COMPUTED,SINGLE,21,14,3.253,7.7142,1.5,1793
0703002-0918-15-42-gnss_raw.txt,2436,459753.600,FINESTEERING,SOL_COMPUTED,SINGLE,21,14,3.2647,7.7394,1.6,1793
0703002-0918-15-42-gnss_raw.txt,2436,459753.700,FINESTEERING,SOL_COMPUTED,SINGLE,21,14,3.2935,7.8045,1.7,1793
0703002-0918-15-42-gnss_raw.txt,2436,459753.800,FINESTEERING,SOL_COMPUTED,SINGLE,21,14,3.3118,7.8493,1.8,1793
0703002-0918-15-42-gnss_raw.txt,2436,459753.900,FINESTEERING,SOL_COMPUTED,SINGLE,21,14,3.3175,7.866,0.9,1793
0703002-0918-15-42-gnss_raw.txt,2436,459754.000,FINESTEERING,SOL_COMPUTED,SINGLE,21,14,3.4586,8.2029,1.0,1793
0703002-0918-15-42-gnss_raw.txt,2436,459754.100,FINESTEERING,SOL_COMPUTED,SINGLE,21,14,3.4791,8.2569,1.1,1793
0703002-0918-15-42-gnss_raw.txt,2436,459754.200,FINESTEERING,SOL_COMPUTED,SINGLE,21,14,3.323,7.8888,1.2,1793
0703002-0918-15-42-gnss_raw.txt,2436,459754.300,FINESTEERING,SOL_COMPUTED,SINGLE,21,14,3.2994,7.8363,1.3,1793
0703002-0918-15-42-gnss_raw.txt,2436,459754.400,FINESTEERING,SOL_COMPUTED,SINGLE,21,14,3.3974,8.0853,1.4,1793
0703002-0918-15-42-gnss_raw.txt,2436,459754.500,FINESTEERING,SOL_COMPUTED,SINGLE,21,14,3.3561,8.004,1.5,1793
0703002-0918-15-42-gnss_raw.txt,2436,459754.600,FINESTEERING,SOL_COMPUTED,SINGLE,21,14,3.5666,8.5417,1.6,1793
0703002-0918-15-42-gnss_raw.txt,2436,459754.700,FINESTEERING,SOL_COMPUTED,SINGLE,21,14,3.3908,8.1345,1.7,1793
0703002-0918-15-42-gnss_raw.txt,2436,459754.800,FINESTEERING,SOL_COMPUTED,SINGLE,21,14,3.3336,8.0057,1.8,1793
0703002-0918-15-42-gnss_raw.txt,2436,459754.900,FINESTEERING,SOL_COMPUTED,SINGLE,21,15,3.2787,7.8828,0.9,1793
0703002-0918-15-42-gnss_raw.txt,2436,459755.000,FINESTEERING,SOL_COMPUTED,SINGLE,21,15,3.2429,7.8012,1.0,1793
0703002-0918-15-42-gnss_raw.txt,2436,459755.100,FINESTEERING,SOL_COMPUTED,SINGLE,21,14,3.362,8.0925,1.1,1793
0703002-0918-15-42-gnss_raw.txt,2436,459755.200,FINESTEERING,SOL_COMPUTED,SINGLE,21,14,3.4188,8.2373,1.2,1793
0703002-0918-15-42-gnss_raw.txt,2436,459755.300,FINESTEERING,SOL_COMPUTED,SINGLE,21,14,3.2741,7.9021,1.3,1793
0703002-0918-15-42-gnss_raw.txt,2436,459755.400,FINESTEERING,SOL_COMPUTED,SINGLE,21,13,3.2041,7.7532,1.4,1793
0703002-0918-15-42-gnss_raw.txt,2436,459755.500,FINESTEERING,SOL_COMPUTED,SINGLE,21,14,3.224,7.804,1.5,1793
0703002-0918-15-42-gnss_raw.txt,2436,459755.600,FINESTEERING,SOL_COMPUTED,SINGLE,21,14,3.2426,7.8647,1.6,1793
0703002-0918-15-42-gnss_raw.txt,2436,459755.700,FINESTEERING,SOL_COMPUTED,SINGLE,21,13,3.2972,8.0229,1.7,1793
0703002-0918-15-42-gnss_raw.txt,2436,459755.800,FINESTEERING,SOL_COMPUTED,SINGLE,21,14,3.2569,7.941,1.8,1793
0703002-0918-15-42-gnss_raw.txt,2436,459755.900,FINESTEERING,SOL_COMPUTED,SINGLE,21,13,3.2737,7.9903,1.9,1793
0703002-0918-15-42-gnss_raw.txt,2436,459756.000,FINESTEERING,SOL_COMPUTED,SINGLE,21,14,3.1657,7.7405,1.0,1793
0703002-0918-15-42-gnss_raw.txt,2436,459756.100,FINESTEERING,SOL_COMPUTED,SINGLE,21,14,3.3174,8.1192,1.1,1793
0703002-0918-15-42-gnss_raw.txt,2436,459756.200,FINESTEERING,SOL_COMPUTED,SINGLE,21,14,3.2144,7.8776,1.2,1793
0703002-0918-15-42-gnss_raw.txt,2436,459756.300,FINESTEERING,SOL_COMPUTED,SINGLE,21,14,3.1617,7.769,1.3,1793
0703002-0918-15-42-gnss_raw.txt,2436,459756.400,FINESTEERING,SOL_COMPUTED,SINGLE,21,14,3.1443,7.7347,1.4,1793
0703002-0918-15-42-gnss_raw.txt,2436,459756.500,FINESTEERING,SOL_COMPUTED,SINGLE,21,14,3.1773,7.8293,1.5,1793
0703002-0918-15-42-gnss_raw.txt,2436,459756.600,FINESTEERING,SOL_COMPUTED,SINGLE,21,14,3.3049,8.148,1.6,1793
0703002-0918-15-42-gnss_raw.txt,2436,459756.700,FINESTEERING,SOL_COMPUTED,SINGLE,21,13,3.1112,7.685,1.7,1793
0703002-0918-15-42-gnss_raw.txt,2436,459756.800,FINESTEERING,SOL_COMPUTED,SINGLE,21,13,3.1021,7.6779,1.8,1793
0703002-0918-15-42-gnss_raw.txt,2436,459756.900,FINESTEERING,SOL_COMPUTED,SINGLE,21,13,3.1067,7.7041,1.9,1793
0703002-0918-15-42-gnss_raw.txt,2436,459757.000,FINESTEERING,SOL_COMPUTED,SINGLE,21,13,3.0663,7.6141,1.0,1793
0703002-0918-15-42-gnss_raw.txt,2436,459757.100,FINESTEERING,SOL_COMPUTED,SINGLE,21,12,3.0663,7.6271,1.1,1793
0703002-0918-15-42-gnss_raw.txt,2436,459757.200,FINESTEERING,SOL_COMPUTED,SINGLE,21,13,3.0696,7.6444,1.2,1793
0703002-0918-15-42-gnss_raw.txt,2436,459757.300,FINESTEERING,SOL_COMPUTED,SINGLE,21,13,3.1245,7.7882,1.3,1793
0703002-0918-15-42-gnss_raw.txt,2436,459757.400,FINESTEERING,SOL_COMPUTED,SINGLE,21,13,3.1565,7.8871,1.4,1793
0703002-0918-15-42-gnss_raw.txt,2436,459757.500,FINESTEERING,SOL_COMPUTED,SINGLE,21,13,3.1545,7.8893,1.5,1793
0703002-0918-15-42-gnss_raw.txt,2436,459757.600,FINESTEERING,SOL_COMPUTED,SINGLE,21,13,3.3493,8.3758,1.6,1793
0703002-0918-15-42-gnss_raw.txt,2436,459757.700,FINESTEERING,SOL_COMPUTED,SINGLE,21,13,3.191,7.9884,1.7,1793
0703002-0918-15-42-gnss_raw.txt,2436,459757.800,FINESTEERING,SOL_COMPUTED,SINGLE,21,13,3.3234,8.3236,1.8,1793
0703002-0918-15-42-gnss_raw.txt,2436,459757.900,FINESTEERING,SOL_COMPUTED,SINGLE,21,13,3.227,8.0844,1.9,1793
0703002-0918-15-42-gnss_raw.txt,2436,459758.000,FINESTEERING,SOL_COMPUTED,SINGLE,21,13,3.259,8.1668,1.0,1793
0703002-0918-15-42-gnss_raw.txt,2436,459758.100,FINESTEERING,SOL_COMPUTED,SINGLE,21,13,3.2358,8.1143,1.1,1793
0703002-0918-15-42-gnss_raw.txt,2436,459758.200,FINESTEERING,SOL_COMPUTED,SINGLE,21,13,3.29,8.254,1.2,1793
0703002-0918-15-42-gnss_raw.txt,2436,459758.300,FINESTEERING,SOL_COMPUTED,SINGLE,21,13,3.2946,8.2701,1.3,1793
0703002-0918-15-42-gnss_raw.txt,2436,459758.400,FINESTEERING,SOL_COMPUTED,SINGLE,21,13,3.3148,8.3271,1.4,1793
0703002-0918-15-42-gnss_raw.txt,2436,459758.500,FINESTEERING,SOL_COMPUTED,SINGLE,21,13,3.2046,8.0527,1.5,1793
0703002-0918-15-42-gnss_raw.txt,2436,459758.600,FINESTEERING,SOL_COMPUTED,SINGLE,21,13,3.2173,8.0874,1.6,1793
0703002-0918-15-42-gnss_raw.txt,2436,459758.700,FINESTEERING,SOL_COMPUTED,SINGLE,21,13,3.2485,8.1702,1.7,1793
0703002-0918-15-42-gnss_raw.txt,2436,459758.800,FINESTEERING,SOL_COMPUTED,SINGLE,21,13,3.1614,7.954,1.8,1793
0703002-0918-15-42-gnss_raw.txt,2436,459758.900,FINESTEERING,SOL_COMPUTED,SINGLE,21,13,3.2713,8.232,1.9,1793
0703002-0918-15-42-gnss_raw.txt,2436,459759.000,FINESTEERING,SOL_COMPUTED,SINGLE,21,13,3.2832,8.2705,1.0,1793
0703002-0918-15-42-gnss_raw.txt,2436,459759.100,FINESTEERING,SOL_COMPUTED,SINGLE,21,13,3.1221,7.8743,1.1,1793
0703002-0918-15-42-gnss_raw.txt,2436,459759.200,FINESTEERING,SOL_COMPUTED,SINGLE,21,13,3.1264,7.8974,1.2,1793
0703002-0918-15-42-gnss_raw.txt,2436,459759.300,FINESTEERING,SOL_COMPUTED,SINGLE,21,13,3.1442,7.9533,1.3,1793
0703002-0918-15-42-gnss_raw.txt,2436,459759.400,FINESTEERING,SOL_COMPUTED,SINGLE,21,13,3.1351,7.9407,1.4,1793
0703002-0918-15-42-gnss_raw.txt,2436,459759.500,FINESTEERING,SOL_COMPUTED,SINGLE,21,13,3.1323,7.9477,1.5,1793
0703002-0918-15-42-gnss_raw.txt,2436,459759.600,FINESTEERING,SOL_COMPUTED,SINGLE,21,13,3.1192,7.9254,1.6,1793
0703002-0918-15-42-gnss_raw.txt,2436,459759.700,FINESTEERING,SOL_COMPUTED,SINGLE,21,13,3.1787,8.0835,0.7,1793
0703002-0918-15-42-gnss_raw.txt,2436,459759.800,FINESTEERING,SOL_COMPUTED,SINGLE,21,13,3.2138,8.1746,0.8,1793
0703002-0918-15-42-gnss_raw.txt,2436,459759.900,FINESTEERING,SOL_COMPUTED,SINGLE,21,13,3.2822,8.3541,0.9,1793
0703002-0918-15-42-gnss_raw.txt,2436,459760.000,FINESTEERING,SOL_COMPUTED,SINGLE,21,13,3.2862,8.3751,1.0,1793
0703002-0918-15-42-gnss_raw.txt,2436,459760.100,FINESTEERING,SOL_COMPUTED,SINGLE,21,13,3.3216,8.4664,1.1,1793
0703002-0918-15-42-gnss_raw.txt,2436,459760.200,FINESTEERING,SOL_COMPUTED,SINGLE,21,13,3.2827,8.3707,1.2,1793
0703002-0918-15-42-gnss_raw.txt,2436,459760.300,FINESTEERING,SOL_COMPUTED,SINGLE,21,13,3.2054,8.1899,1.3,1793
0703002-0918-15-42-gnss_raw.txt,2436,459760.400,FINESTEERING,SOL_COMPUTED,SINGLE,21,13,3.261,8.3369,1.4,1793
0703002-0918-15-42-gnss_raw.txt,2436,459760.500,FINESTEERING,SOL_COMPUTED,SINGLE,21,13,3.2404,8.2904,1.5,1793
0703002-0918-15-42-gnss_raw.txt,2436,459760.600,FINESTEERING,SOL_COMPUTED,SINGLE,21,13,3.1907,8.1773,1.6,1793
0703002-0918-15-42-gnss_raw.txt,2436,459760.700,FINESTEERING,SOL_COMPUTED,SINGLE,21,13,3.1254,8.0182,1.7,1793
0703002-0918-15-42-gnss_raw.txt,2436,459760.800,FINESTEERING,SOL_COMPUTED,SINGLE,21,13,3.2799,8.4266,1.8,1793
0703002-0918-15-42-gnss_raw.txt,2436,459760.900,FINESTEERING,SOL_COMPUTED,SINGLE,21,13,3.3127,8.5265,1.9,1793
0703002-0918-15-42-gnss_raw.txt,2436,459761.000,FINESTEERING,SOL_COMPUTED,SINGLE,21,13,3.2511,8.3678,1.0,1793
0703002-0918-15-42-gnss_raw.txt,2436,459761.100,FINESTEERING,SOL_COMPUTED,SINGLE,21,13,3.3396,8.6311,1.1,1793
0703002-0918-15-42-gnss_raw.txt,2436,459761.200,FINESTEERING,SOL_COMPUTED,SINGLE,21,13,3.3444,8.6587,1.2,1793
0703002-0918-15-42-gnss_raw.txt,2436,459761.300,FINESTEERING,SOL_COMPUTED,SINGLE,21,13,3.384,8.7647,1.3,1793
0703002-0918-15-42-gnss_raw.txt,2436,459761.400,FINESTEERING,SOL_COMPUTED,SINGLE,21,12,3.3103,8.5781,1.4,1793
0703002-0918-15-42-gnss_raw.txt,2436,459761.500,FINESTEERING,SOL_COMPUTED,SINGLE,21,12,3.2982,8.5629,1.5,1793
0703002-0918-15-42-gnss_raw.txt,2436,459761.600,FINESTEERING,SOL_COMPUTED,SINGLE,21,13,3.3314,8.6647,1.6,1793
0703002-0918-15-42-gnss_raw.txt,2436,459761.700,FINESTEERING,SOL_COMPUTED,SINGLE,21,14,3.4067,8.8729,1.7,1793
0703002-0918-15-42-gnss_raw.txt,2436,459761.800,FINESTEERING,SOL_COMPUTED,SINGLE,21,14,3.1768,8.274,1.8,1793
0703002-0918-15-42-gnss_raw.txt,2436,459761.900,FINESTEERING,SOL_COMPUTED,SINGLE,21,14,3.2868,8.5763,1.9,1793
0703002-0918-15-42-gnss_raw.txt,2436,459762.000,FINESTEERING,SOL_COMPUTED,SINGLE,21,15,3.3051,8.619,1.0,1793
0703002-0918-15-42-gnss_raw.txt,2436,459762.100,FINESTEERING,SOL_COMPUTED,SINGLE,21,14,3.332,8.6931,1.1,1793
0703002-0918-15-42-gnss_raw.txt,2436,459762.200,FINESTEERING,SOL_COMPUTED,SINGLE,21,14,3.3639,8.7731,1.2,1793
0703002-0918-15-42-gnss_raw.txt,2436,459762.300,FINESTEERING,SOL_COMPUTED,SINGLE,21,14,3.3935,8.8451,1.3,1793
0703002-0918-15-42-gnss_raw.txt,2436,459762.400,FINESTEERING,SOL_COMPUTED,SINGLE,21,13,3.3302,8.6843,1.4,1793
0703002-0918-15-42-gnss_raw.txt,2436,459762.500,FINESTEERING,SOL_COMPUTED,SINGLE,21,13,3.2748,8.5371,1.5,1793
0703002-0918-15-42-gnss_raw.txt,2436,459762.600,FINESTEERING,SOL_COMPUTED,SINGLE,21,13,3.3503,8.7366,1.6,1793
0703002-0918-15-42-gnss_raw.txt,2436,459762.700,FINESTEERING,SOL_COMPUTED,SINGLE,21,12,3.4971,9.1373,1.7,1793
0703002-0918-15-42-gnss_raw.txt,2436,459762.800,FINESTEERING,SOL_COMPUTED,SINGLE,21,12,3.3221,8.6785,1.8,1793
0703002-0918-15-42-gnss_raw.txt,2436,459762.900,FINESTEERING,SOL_COMPUTED,SINGLE,21,13,3.2661,8.5326,1.9,1793
0703002-0918-15-42-gnss_raw.txt,2436,459763.000,FINESTEERING,SOL_COMPUTED,SINGLE,21,13,3.2575,8.5081,2.0,1793
0703002-0918-15-42-gnss_raw.txt,2436,459763.100,FINESTEERING,SOL_COMPUTED,SINGLE,21,13,3.3856,8.8402,1.1,1793
0703002-0918-15-42-gnss_raw.txt,2436,459763.200,FINESTEERING,SOL_COMPUTED,SINGLE,21,13,3.0959,8.0755,1.2,1793
0703002-0918-15-42-gnss_raw.txt,2436,459763.300,FINESTEERING,SOL_COMPUTED,SINGLE,21,13,3.2845,8.5572,1.3,1793
0703002-0918-15-42-gnss_raw.txt,2436,459763.400,FINESTEERING,SOL_COMPUTED,SINGLE,21,13,3.122,8.1254,1.4,1793
0703002-0918-15-42-gnss_raw.txt,2436,459763.500,FINESTEERING,SOL_COMPUTED,SINGLE,21,13,3.1866,8.2881,1.5,1793
0703002-0918-15-42-gnss_raw.txt,2436,459763.600,FINESTEERING,SOL_COMPUTED,SINGLE,21,12,3.2833,8.5385,1.6,1793
0703002-0918-15-42-gnss_raw.txt,2436,459763.700,FINESTEERING,SOL_COMPUTED,SINGLE,21,11,3.0899,8.0379,0.7,1793
0703002-0918-15-42-gnss_raw.txt,2436,459763.800,FINESTEERING,SOL_COMPUTED,SINGLE,21,11,3.0094,7.8299,0.8,1793
0703002-0918-15-42-gnss_raw.txt,2436,459763.900,FINESTEERING,SOL_COMPUTED,SINGLE,21,11,2.9978,7.7996,0.9,1793
0703002-0918-15-42-gnss_raw.txt,2436,459764.000,FINESTEERING,SOL_COMPUTED,SINGLE,21,13,3.1789,8.2651,1.0,1793
0703002-0918-15-42-gnss_raw.txt,2436,459764.100,FINESTEERING,SOL_COMPUTED,SINGLE,21,13,3.086,8.0132,1.1,1793
0703002-0918-15-42-gnss_raw.txt,2436,459764.200,FINESTEERING,SOL_COMPUTED,SINGLE,21,13,3.124,8.1019,1.2,1793
0703002-0918-15-42-gnss_raw.txt,2436,459764.300,FINESTEERING,SOL_COMPUTED,SINGLE,21,12,3.0084,7.7912,1.3,1793
0703002-0918-15-42-gnss_raw.txt,2436,459764.400,FINESTEERING,SOL_COMPUTED,SINGLE,21,13,3.0941,8.0059,1.4,1793
0703002-0918-15-42-gnss_raw.txt,2436,459764.500,FINESTEERING,SOL_COMPUTED,SINGLE,21,13,3.0934,7.9967,1.5,1793
0703002-0918-15-42-gnss_raw.txt,2436,459764.600,FINESTEERING,SOL_COMPUTED,SINGLE,21,13,3.2376,8.3847,1.6,1793
0703002-0918-15-42-gnss_raw.txt,2436,459764.700,FINESTEERING,SOL_COMPUTED,SINGLE,21,13,3.1471,8.1458,1.7,1793
0703002-0918-15-42-gnss_raw.txt,2436,459764.800,FINESTEERING,SOL_COMPUTED,SINGLE,21,13,2.9945,7.7436,0.8,1793
0703002-0918-15-42-gnss_raw.txt,2436,459764.900,FINESTEERING,SOL_COMPUTED,SINGLE,21,12,2.9646,7.6609,0.9,1793
0703002-0918-15-42-gnss_raw.txt,2436,459765.000,FINESTEERING,SOL_COMPUTED,SINGLE,21,14,3.0745,7.9485,1.0,1793
0703002-0918-15-42-gnss_raw.txt,2436,459765.100,FINESTEERING,SOL_COMPUTED,SINGLE,21,14,3.0167,7.7994,1.1,1793
0703002-0918-15-42-gnss_raw.txt,2436,459765.200,FINESTEERING,SOL_COMPUTED,SINGLE,21,13,3.1822,8.2181,1.2,1793
0703002-0918-15-42-gnss_raw.txt,2436,459765.300,FINESTEERING,SOL_COMPUTED,SINGLE,21,12,3.0755,7.9428,1.3,1793
0703002-0918-15-42-gnss_raw.txt,2436,459765.400,FINESTEERING,SOL_COMPUTED,SINGLE,21,13,3.069,7.9302,1.4,1793
0703002-0918-15-42-gnss_raw.txt,2436,459765.500,FINESTEERING,SOL_COMPUTED,SINGLE,21,15,3.1449,8.1274,1.5,1793
0703002-0918-15-42-gnss_raw.txt,2436,459765.600,FINESTEERING,SOL_COMPUTED,SINGLE,21,13,3.2142,8.3049,1.6,1793
0703002-0918-15-42-gnss_raw.txt,2436,459765.700,FINESTEERING,SOL_COMPUTED,SINGLE,21,14,3.1688,8.1827,1.7,1793
0703002-0918-15-42-gnss_raw.txt,2436,459765.800,FINESTEERING,SOL_COMPUTED,SINGLE,21,14,3.1332,8.0961,1.8,1793
0703002-0918-15-42-gnss_raw.txt,2436,459765.900,FINESTEERING,SOL_COMPUTED,SINGLE,21,14,3.1696,8.19,0.9,1793
0703002-0918-15-42-gnss_raw.txt,2436,459766.000,FINESTEERING,SOL_COMPUTED,SINGLE,21,15,3.2005,8.2686,1.0,1793
0703002-0918-15-42-gnss_raw.txt,2436,459766.100,FINESTEERING,SOL_COMPUTED,SINGLE,21,15,3.0543,7.8853,1.1,1793
0703002-0918-15-42-gnss_raw.txt,2436,459766.200,FINESTEERING,SOL_COMPUTED,SINGLE,21,15,3.2081,8.2748,1.2,1793
0703002-0918-15-42-gnss_raw.txt,2436,459766.300,FINESTEERING,SOL_COMPUTED,SINGLE,21,15,3.2369,8.3434,1.3,1793
0703002-0918-15-42-gnss_raw.txt,2436,459766.400,FINESTEERING,SOL_COMPUTED,SINGLE,21,15,3.0937,7.9717,1.4,1793
0703002-0918-15-42-gnss_raw.txt,2436,459766.500,FINESTEERING,SOL_COMPUTED,SINGLE,21,15,3.1644,8.1462,1.5,1793
0703002-0918-15-42-gnss_raw.txt,2436,459766.600,FINESTEERING,SOL_COMPUTED,SINGLE,21,15,3.1273,8.0464,1.6,1793
0703002-0918-15-42-gnss_raw.txt,2436,459766.700,FINESTEERING,SOL_COMPUTED,SINGLE,21,15,3.1095,7.9954,1.7,1793
0703002-0918-15-42-gnss_raw.txt,2436,459766.800,FINESTEERING,SOL_COMPUTED,SINGLE,21,15,3.2579,8.3719,1.8,1793
0703002-0918-15-42-gnss_raw.txt,2436,459766.900,FINESTEERING,SOL_COMPUTED,SINGLE,21,15,3.2319,8.2957,1.9,1793
0703002-0918-15-42-gnss_raw.txt,2436,459767.000,FINESTEERING,SOL_COMPUTED,SINGLE,21,15,3.3021,8.4658,1.0,1793
0703002-0918-15-42-gnss_raw.txt,2436,459767.100,FINESTEERING,SOL_COMPUTED,SINGLE,21,15,3.2107,8.2268,1.1,1793
0703002-0918-15-42-gnss_raw.txt,2436,459767.200,FINESTEERING,SOL_COMPUTED,SINGLE,21,15,3.2242,8.2545,1.2,1793
0703002-0918-15-42-gnss_raw.txt,2436,459767.300,FINESTEERING,SOL_COMPUTED,SINGLE,21,15,3.2804,8.3943,1.3,1793
0703002-0918-15-42-gnss_raw.txt,2436,459767.400,FINESTEERING,SOL_COMPUTED,SINGLE,21,14,3.2652,8.3512,1.4,1793
0703002-0918-15-42-gnss_raw.txt,2436,459767.500,FINESTEERING,SOL_COMPUTED,SINGLE,21,14,3.22,8.2319,1.5,1793
0703002-0918-15-42-gnss_raw.txt,2436,459767.600,FINESTEERING,SOL_COMPUTED,SINGLE,21,14,3.3344,8.5206,1.6,1793
0703002-0918-15-42-gnss_raw.txt,2436,459767.700,FINESTEERING,SOL_COMPUTED,SINGLE,21,14,3.3199,8.4732,1.7,1793
0703002-0918-15-42-gnss_raw.txt,2436,459767.800,FINESTEERING,SOL_COMPUTED,SINGLE,21,14,3.31,8.4396,1.8,1793
0703002-0918-15-42-gnss_raw.txt,2436,459767.900,FINESTEERING,SOL_COMPUTED,SINGLE,21,14,3.3091,8.4261,1.9,1793
0703002-0918-15-42-gnss_raw.txt,2436,459768.000,FINESTEERING,SOL_COMPUTED,SINGLE,21,14,3.3631,8.5531,1.0,1793
0703002-0918-15-42-gnss_raw.txt,2436,459768.100,FINESTEERING,SOL_COMPUTED,SINGLE,21,14,3.4072,8.6541,1.1,1793
0703002-0918-15-42-gnss_raw.txt,2436,459768.200,FINESTEERING,SOL_COMPUTED,SINGLE,21,13,3.1464,7.9826,1.2,1793
0703002-0918-15-42-gnss_raw.txt,2436,459768.300,FINESTEERING,SOL_COMPUTED,SINGLE,21,13,3.1245,7.919,1.3,1793
0703002-0918-15-42-gnss_raw.txt,2436,459768.400,FINESTEERING,SOL_COMPUTED,SINGLE,21,14,3.3556,8.4938,1.4,1793
0703002-0918-15-42-gnss_raw.txt,2436,459768.500,FINESTEERING,SOL_COMPUTED,SINGLE,21,14,3.3721,8.5258,1.5,1793
0703002-0918-15-42-gnss_raw.txt,2436,459768.600,FINESTEERING,SOL_COMPUTED,SINGLE,21,14,3.3758,8.5315,1.6,1793
0703002-0918-15-42-gnss_raw.txt,2436,459768.700,FINESTEERING,SOL_COMPUTED,SINGLE,21,14,3.2326,8.1648,1.7,1793
0703002-0918-15-42-gnss_raw.txt,2436,459768.800,FINESTEERING,SOL_COMPUTED,SINGLE,21,14,3.4004,8.5849,1.8,1793
0703002-0918-15-42-gnss_raw.txt,2436,459768.900,FINESTEERING,SOL_COMPUTED,SINGLE,21,14,3.3628,8.487,0.9,1793
0703002-0918-15-42-gnss_raw.txt,2436,459769.000,FINESTEERING,SOL_COMPUTED,SINGLE,21,13,3.3334,8.4086,1.0,1793
0703002-0918-15-42-gnss_raw.txt,2436,459769.100,FINESTEERING,SOL_COMPUTED,SINGLE,21,14,3.3201,8.3721,1.1,1793
0703002-0918-15-42-gnss_raw.txt,2436,459769.200,FINESTEERING,SOL_COMPUTED,SINGLE,21,14,3.3359,8.4047,1.2,1793
0703002-0918-15-42-gnss_raw.txt,2436,459769.300,FINESTEERING,SOL_COMPUTED,SINGLE,21,14,3.3857,8.5224,1.3,1793
0703002-0918-15-42-gnss_raw.txt,2436,459769.400,FINESTEERING,SOL_COMPUTED,SINGLE,21,14,3.2876,8.2683,1.4,1793
0703002-0918-15-42-gnss_raw.txt,2436,459769.500,FINESTEERING,SOL_COMPUTED,SINGLE,21,13,3.4169,8.5867,1.5,1793
0703002-0918-15-42-gnss_raw.txt,2436,459769.600,FINESTEERING,SOL_COMPUTED,SINGLE,21,13,3.3054,8.3019,1.6,1793
0703002-0918-15-42-gnss_raw.txt,2436,459769.700,FINESTEERING,SOL_COMPUTED,SINGLE,21,12,3.3545,8.421,1.7,1793
0703002-0918-15-42-gnss_raw.txt,2436,459769.800,FINESTEERING,SOL_COMPUTED,SINGLE,21,12,3.3257,8.3483,1.8,1793
0703002-0918-15-42-gnss_raw.txt,2436,459769.900,FINESTEERING,SOL_COMPUTED,SINGLE,21,11,3.6409,9.1392,0.9,1793
0703002-0918-15-42-gnss_raw.txt,2436,459770.000,FINESTEERING,SOL_COMPUTED,SINGLE,21,11,3.7096,9.3101,1.0,1793
0703002-0918-15-42-gnss_raw.txt,2436,459770.100,FINESTEERING,SOL_COMPUTED,SINGLE,21,11,3.7561,9.4255,1.1,1793
0703002-0918-15-42-gnss_raw.txt,2436,459770.200,FINESTEERING,SOL_COMPUTED,SINGLE,21,11,3.5991,9.0291,1.2,1793
0703002-0918-15-42-gnss_raw.txt,2436,459770.300,FINESTEERING,SOL_COMPUTED,SINGLE,21,11,3.739,9.3821,1.3,1793
0703002-0918-15-42-gnss_raw.txt,2436,459770.400,FINESTEERING,SOL_COMPUTED,SINGLE,21,11,3.4721,8.7095,1.4,1793
0703002-0918-15-42-gnss_raw.txt,2436,459770.500,FINESTEERING,SOL_COMPUTED,SINGLE,21,12,3.4892,8.7563,1.5,1793
0703002-0918-15-42-gnss_raw.txt,2436,459770.600,FINESTEERING,SOL_COMPUTED,SINGLE,21,12,3.3071,8.296,1.6,1793
0703002-0918-15-42-gnss_raw.txt,2436,459770.700,FINESTEERING,SOL_COMPUTED,SINGLE,21,12,3.3685,8.4452,1.7,1793
0703002-0918-15-42-gnss_raw.txt,2436,459770.800,FINESTEERING,SOL_COMPUTED,SINGLE,21,12,3.4649,8.6814,1.8,1793
0703002-0918-15-42-gnss_raw.txt,2436,459770.900,FINESTEERING,SOL_COMPUTED,SINGLE,21,11,3.4605,8.6637,1.9,1793
0703002-0918-15-42-gnss_raw.txt,2436,459771.000,FINESTEERING,SOL_COMPUTED,SINGLE,21,12,3.4847,8.7236,1.0,1793
0703002-0918-15-42-gnss_raw.txt,2436,459771.100,FINESTEERING,SOL_COMPUTED,SINGLE,21,11,3.294,8.2472,1.1,1793
0703002-0918-15-42-gnss_raw.txt,2436,459771.200,FINESTEERING,SOL_COMPUTED,SINGLE,21,10,3.2086,8.0391,1.2,1793
0703002-0918-15-42-gnss_raw.txt,2436,459771.300,FINESTEERING,SOL_COMPUTED,SINGLE,21,10,3.175,7.9531,1.3,1793
0703002-0918-15-42-gnss_raw.txt,2436,459771.400,FINESTEERING,SOL_COMPUTED,SINGLE,21,11,3.2568,8.1605,1.4,1793
0703002-0918-15-42-gnss_raw.txt,2436,459771.500,FINESTEERING,SOL_COMPUTED,SINGLE,21,10,3.1336,7.854,1.5,1793
0703002-0918-15-42-gnss_raw.txt,2436,459771.600,FINESTEERING,SOL_COMPUTED,SINGLE,21,10,3.1252,7.8339,1.6,1793
0703002-0918-15-42-gnss_raw.txt,2436,459771.700,FINESTEERING,SOL_COMPUTED,SINGLE,21,10,3.1955,8.0072,1.7,1793
0703002-0918-15-42-gnss_raw.txt,2436,459771.800,FINESTEERING,SOL_COMPUTED,SINGLE,21,10,3.2464,8.1336,1.8,1793
0703002-0918-15-42-gnss_raw.txt,2436,459771.900,FINESTEERING,SOL_COMPUTED,SINGLE,21,10,3.2542,8.1494,1.9,1793
0703002-0918-15-42-gnss_raw.txt,2436,459772.000,FINESTEERING,SOL_COMPUTED,SINGLE,21,16,3.4238,8.57,1.0,1793
0703002-0918-15-42-gnss_raw.txt,2436,459772.100,FINESTEERING,SOL_COMPUTED,SINGLE,21,16,3.4518,8.635,1.1,1793
0703002-0918-15-42-gnss_raw.txt,2436,459772.200,FINESTEERING,SOL_COMPUTED,SINGLE,21,16,3.3977,8.4946,1.2,1793
0703002-0918-15-42-gnss_raw.txt,2436,459772.300,FINESTEERING,SOL_COMPUTED,SINGLE,21,15,3.3287,8.3166,1.3,1793
0703002-0918-15-42-gnss_raw.txt,2436,459772.400,FINESTEERING,SOL_COMPUTED,SINGLE,21,16,3.3351,8.3294,1.4,1793
0703002-0918-15-42-gnss_raw.txt,2436,459772.500,FINESTEERING,SOL_COMPUTED,SINGLE,21,16,3.4428,8.5975,1.5,1793
0703002-0918-15-42-gnss_raw.txt,2436,459772.600,FINESTEERING,SOL_COMPUTED,SINGLE,21,13,3.4861,8.7087,1.6,1793
0703002-0918-15-42-gnss_raw.txt,2436,459772.700,FINESTEERING,SOL_COMPUTED,SINGLE,21,13,3.5398,8.8481,1.7,1793
0703002-0918-15-42-gnss_raw.txt,2436,459772.800,FINESTEERING,SOL_COMPUTED,SINGLE,21,13,3.6031,9.0128,1.8,1793
0703002-0918-15-42-gnss_raw.txt,2436,459772.900,FINESTEERING,SOL_COMPUTED,SINGLE,21,13,3.6185,9.0556,0.9,1793
0703002-0918-15-42-gnss_raw.txt,2436,459773.000,FINESTEERING,SOL_COMPUTED,SINGLE,21,13,3.4085,8.5379,1.0,1793
0703002-0918-15-42-gnss_raw.txt,2436,459773.100,FINESTEERING,SOL_COMPUTED,SINGLE,21,12,3.4302,8.5919,1.1,1793
0703002-0918-15-42-gnss_raw.txt,2436,459773.200,FINESTEERING,SOL_COMPUTED,SINGLE,21,14,3.3329,8.3452,1.2,1793
0703002-0918-15-42-gnss_raw.txt,2436,459773.300,FINESTEERING,SOL_COMPUTED,SINGLE,21,13,3.5982,9.0061,1.3,1793
0703002-0918-15-42-gnss_raw.txt,2436,459773.400,FINESTEERING,SOL_COMPUTED,SINGLE,21,13,3.6248,9.0685,1.4,1793
0703002-0918-15-42-gnss_raw.txt,2436,459773.500,FINESTEERING,SOL_COMPUTED,SINGLE,21,12,3.4767,8.6953,1.5,1793
0703002-0918-15-42-gnss_raw.txt,2436,459773.600,FINESTEERING,SOL_COMPUTED,SINGLE,21,12,3.5573,8.8945,1.6,1793
0703002-0918-15-42-gnss_raw.txt,2436,459773.700,FINESTEERING,SOL_COMPUTED,SINGLE,21,13,3.6002,8.9986,0.7,1793
0703002-0918-15-42-gnss_raw.txt,2436,459773.800,FINESTEERING,SOL_COMPUTED,SINGLE,21,13,3.7805,9.4453,0.8,1793
0703002-0918-15-42-gnss_raw.txt,2436,459773.900,FINESTEERING,SOL_COMPUTED,SINGLE,21,13,3.7306,9.327,0.9,1793
0703002-0918-15-42-gnss_raw.txt,2436,459774.000,FINESTEERING,SOL_COMPUTED,SINGLE,21,12,3.9297,9.8223,1.0,1793
0703002-0918-15-42-gnss_raw.txt,2436,459774.100,FINESTEERING,SOL_COMPUTED,SINGLE,21,12,3.8213,9.5499,1.1,1793
0703002-0918-15-42-gnss_raw.txt,2436,459774.200,FINESTEERING,SOL_COMPUTED,SINGLE,21,13,3.8238,9.5534,1.2,1793
0703002-0918-15-42-gnss_raw.txt,2436,459774.300,FINESTEERING,SOL_COMPUTED,SINGLE,21,12,3.9486,9.8647,1.3,1793
0703002-0918-15-42-gnss_raw.txt,2436,459774.400,FINESTEERING,SOL_COMPUTED,SINGLE,21,12,4.0787,10.1891,1.4,1793
0703002-0918-15-42-gnss_raw.txt,2436,459774.500,FINESTEERING,SOL_COMPUTED,SINGLE,21,12,4.3163,10.7974,1.5,1793
0703002-0918-15-42-gnss_raw.txt,2436,459774.600,FINESTEERING,SOL_COMPUTED,SINGLE,21,13,4.052,10.1359,1.6,1793
0703002-0918-15-42-gnss_raw.txt,2436,459774.700,FINESTEERING,SOL_COMPUTED,SINGLE,21,12,4.0951,10.2536,1.7,1793
0703002-0918-15-42-gnss_raw.txt,2436,459774.800,FINESTEERING,SOL_COMPUTED,SINGLE,21,13,4.0038,10.0257,1.8,1793
0703002-0918-15-42-gnss_raw.txt,2436,459774.900,FINESTEERING,SOL_COMPUTED,SINGLE,21,12,4.5178,11.3138,0.9,1793
0703002-0918-15-42-gnss_raw.txt,2436,459775.000,FINESTEERING,SOL_COMPUTED,SINGLE,21,12,4.6353,11.6097,1.0,1793
0703002-0918-15-42-gnss_raw.txt,2436,459775.100,FINESTEERING,SOL_COMPUTED,SINGLE,21,12,4.3427,10.8945,1.1,1793
0703002-0918-15-42-gnss_raw.txt,2436,459775.200,FINESTEERING,SOL_COMPUTED,SINGLE,21,13,3.8637,9.7082,1.2,1793
0703002-0918-15-42-gnss_raw.txt,2436,459775.300,FINESTEERING,SOL_COMPUTED,SINGLE,21,11,3.8428,9.6682,1.3,1793
0703002-0918-15-42-gnss_raw.txt,2436,459775.400,FINESTEERING,SOL_COMPUTED,SINGLE,21,9,3.8945,9.8109,1.4,1793
0703002-0918-15-42-gnss_raw.txt,2436,459775.500,FINESTEERING,SOL_COMPUTED,SINGLE,21,9,3.9085,9.8582,1.5,1793
0703002-0918-15-42-gnss_raw.txt,2436,459775.600,FINESTEERING,SOL_COMPUTED,SINGLE,21,9,3.7367,9.4379,1.6,1793
0703002-0918-15-42-gnss_raw.txt,2436,459775.700,FINESTEERING,SOL_COMPUTED,SINGLE,22,10,4.0269,10.1808,1.7,1793
0703002-0918-15-42-gnss_raw.txt,2436,459775.800,FINESTEERING,SOL_COMPUTED,SINGLE,22,10,3.9061,9.8846,1.8,1793
0703002-0918-15-42-gnss_raw.txt,2436,459775.900,FINESTEERING,SOL_COMPUTED,SINGLE,22,9,3.6853,9.3349,1.9,1793
0703002-0918-15-42-gnss_raw.txt,2436,459776.000,FINESTEERING,SOL_COMPUTED,SINGLE,22,8,3.9429,9.997,2.0,1793
0703002-0918-15-42-gnss_raw.txt,2436,459776.100,FINESTEERING,SOL_COMPUTED,SINGLE,22,14,3.4258,8.6939,1.1,1793
0703002-0918-15-42-gnss_raw.txt,2436,459776.200,FINESTEERING,SOL_COMPUTED,SINGLE,22,14,3.3813,8.5916,1.2,1793
0703002-0918-15-42-gnss_raw.txt,2436,459776.300,FINESTEERING,SOL_COMPUTED,SINGLE,22,13,3.1249,7.9496,1.3,1793
0703002-0918-15-42-gnss_raw.txt,2436,459776.400,FINESTEERING,SOL_COMPUTED,SINGLE,22,13,3.1487,8.0197,1.4,1793
0703002-0918-15-42-gnss_raw.txt,2436,459776.500,FINESTEERING,SOL_COMPUTED,SINGLE,22,13,3.136,8.0014,1.5,1793
0703002-0918-15-42-gnss_raw.txt,2436,459776.600,FINESTEERING,SOL_COMPUTED,SINGLE,22,13,3.0909,7.9002,1.6,1793
0703002-0918-15-42-gnss_raw.txt,2436,459776.700,FINESTEERING,SOL_COMPUTED,SINGLE,22,10,3.099,7.9323,1.7,1793
0703002-0918-15-42-gnss_raw.txt,2436,459776.800,FINESTEERING,SOL_COMPUTED,SINGLE,22,12,2.9965,7.6832,0.8,1793
0703002-0918-15-42-gnss_raw.txt,2436,459776.900,FINESTEERING,SOL_COMPUTED,SINGLE,21,12,3.4099,8.7555,0.9,1793
0703002-0918-15-42-gnss_raw.txt,2436,459777.000,FINESTEERING,SOL_COMPUTED,SINGLE,21,12,3.6959,9.4988,1.0,1793
0703002-0918-15-42-gnss_raw.txt,2436,459777.100,FINESTEERING,SOL_COMPUTED,SINGLE,21,15,4.0991,10.5526,1.1,1793
0703002-0918-15-42-gnss_raw.txt,2436,459777.200,FINESTEERING,SOL_COMPUTED,SINGLE,20,14,3.6704,9.4575,1.2,1793
0703002-0918-15-42-gnss_raw.txt,2436,459777.300,FINESTEERING,SOL_COMPUTED,SINGLE,20,14,3.3691,8.695,1.3,1793
0703002-0918-15-42-gnss_raw.txt,2436,459777.400,FINESTEERING,SOL_COMPUTED,SINGLE,20,15,3.298,8.5338,1.4,1793
0703002-0918-15-42-gnss_raw.txt,2436,459777.500,FINESTEERING,SOL_COMPUTED,SINGLE,20,14,3.3828,8.7766,1.5,1793
0703002-0918-15-42-gnss_raw.txt,2436,459777.600,FINESTEERING,SOL_COMPUTED,SINGLE,20,14,3.3126,8.6188,1.6,1793
0703002-0918-15-42-gnss_raw.txt,2436,459777.700,FINESTEERING,SOL_COMPUTED,SINGLE,20,14,3.2014,8.352,1.7,1793
0703002-0918-15-42-gnss_raw.txt,2436,459777.800,FINESTEERING,SOL_COMPUTED,SINGLE,20,14,3.2058,8.3868,1.8,1793
0703002-0918-15-42-gnss_raw.txt,2436,459777.900,FINESTEERING,SOL_COMPUTED,SINGLE,20,13,2.9359,7.6983,1.9,1793
0703002-0918-15-42-gnss_raw.txt,2436,459778.000,FINESTEERING,SOL_COMPUTED,SINGLE,20,12,3.0084,7.9059,2.0,1793
0703002-0918-15-42-gnss_raw.txt,2436,459778.100,FINESTEERING,SOL_COMPUTED,SINGLE,20,11,3.0027,7.8963,1.1,1793
0703002-0918-15-42-gnss_raw.txt,2436,459778.200,FINESTEERING,SOL_COMPUTED,SINGLE,20,12,3.8535,10.1354,1.2,1793
0703002-0918-15-42-gnss_raw.txt,2436,459778.300,FINESTEERING,SOL_COMPUTED,SINGLE,20,13,3.6797,9.682,1.3,1793
0703002-0918-15-42-gnss_raw.txt,2436,459778.400,FINESTEERING,SOL_COMPUTED,SINGLE,20,15,3.7117,9.7881,1.4,1793
0703002-0918-15-42-gnss_raw.txt,2436,459778.500,FINESTEERING,SOL_COMPUTED,SINGLE,20,15,3.4702,9.17,1.5,1793
0703002-0918-15-42-gnss_raw.txt,2436,459778.600,FINESTEERING,SOL_COMPUTED,SINGLE,20,14,2.9041,7.6923,1.6,1793
0703002-0918-15-42-gnss_raw.txt,2436,459778.700,FINESTEERING,SOL_COMPUTED,SINGLE,20,12,2.841,7.5379,1.7,1793
0703002-0918-15-42-gnss_raw.txt,2436,459778.800,FINESTEERING,SOL_COMPUTED,SINGLE,20,13,2.9852,7.9327,1.8,1793
0703002-0918-15-42-gnss_raw.txt,2436,459778.900,FINESTEERING,SOL_COMPUTED,SINGLE,20,15,3.1264,8.3278,1.9,1793
0703002-0918-15-42-gnss_raw.txt,2436,459779.000,FINESTEERING,SOL_COMPUTED,SINGLE,20,16,4.2161,11.268,1.0,1793
0703002-0918-15-42-gnss_raw.txt,2436,459779.100,FINESTEERING,SOL_COMPUTED,SINGLE,20,11,3.1233,8.3631,1.1,1793
0703002-0918-15-42-gnss_raw.txt,2436,459779.200,FINESTEERING,SOL_COMPUTED,SINGLE,20,15,2.9097,7.8097,1.2,1793
0703002-0918-15-42-gnss_raw.txt,2436,459779.300,FINESTEERING,SOL_COMPUTED,SINGLE,20,15,2.8395,7.6385,1.3,1793
0703002-0918-15-42-gnss_raw.txt,2436,459779.400,FINESTEERING,SOL_COMPUTED,SINGLE,20,14,2.8128,7.579,1.4,1793
0703002-0918-15-42-gnss_raw.txt,2436,459779.500,FINESTEERING,SOL_COMPUTED,SINGLE,20,14,2.973,8.0258,1.5,1793
0703002-0918-15-42-gnss_raw.txt,2436,459779.600,FINESTEERING,SOL_COMPUTED,SINGLE,20,14,2.894,7.8227,1.6,1793
0703002-0918-15-42-gnss_raw.txt,2436,459779.700,FINESTEERING,SOL_COMPUTED,SINGLE,20,13,2.8264,7.6507,0.7,1793
0703002-0918-15-42-gnss_raw.txt,2436,459779.800,FINESTEERING,SOL_COMPUTED,SINGLE,20,13,2.7944,7.5794,0.8,1793
0703002-0918-15-42-gnss_raw.txt,2436,459779.900,FINESTEERING,SOL_COMPUTED,SINGLE,20,14,2.7892,7.5801,0.9,1793
0703002-0918-15-42-gnss_raw.txt,2436,459780.000,FINESTEERING,SOL_COMPUTED,SINGLE,20,13,2.759,7.5123,1.0,1793
0703002-0918-15-42-gnss_raw.txt,2436,459780.100,FINESTEERING,SOL_COMPUTED,SINGLE,20,13,2.7426,7.48,1.1,1793
0703002-0918-15-42-gnss_raw.txt,2436,459780.200,FINESTEERING,SOL_COMPUTED,SINGLE,20,13,2.739,7.4828,1.2,1793
0703002-0918-15-42-gnss_raw.txt,2436,459780.300,FINESTEERING,SOL_COMPUTED,SINGLE,20,13,2.7502,7.5251,1.3,1793
0703002-0918-15-42-gnss_raw.txt,2436,459780.400,FINESTEERING,SOL_COMPUTED,SINGLE,20,12,2.737,7.5,1.4,1793
0703002-0918-15-42-gnss_raw.txt,2436,459780.500,FINESTEERING,SOL_COMPUTED,SINGLE,20,13,2.7306,7.4934,1.5,1793
0703002-0918-15-42-gnss_raw.txt,2436,459780.600,FINESTEERING,SOL_COMPUTED,SINGLE,20,13,2.7573,7.5771,1.6,1793
0703002-0918-15-42-gnss_raw.txt,2436,459780.700,FINESTEERING,SOL_COMPUTED,SINGLE,20,14,2.7246,7.4999,0.7,1793
0703002-0918-15-42-gnss_raw.txt,2436,459780.800,FINESTEERING,SOL_COMPUTED,SINGLE,20,14,2.7361,7.5386,0.8,1793
0703002-0918-15-42-gnss_raw.txt,2436,459780.900,FINESTEERING,SOL_COMPUTED,SINGLE,20,12,2.736,7.5418,0.9,1793
0703002-0918-15-42-gnss_raw.txt,2436,459781.000,FINESTEERING,SOL_COMPUTED,SINGLE,20,13,2.7361,7.5445,1.0,1793
0703002-0918-15-42-gnss_raw.txt,2436,459781.100,FINESTEERING,SOL_COMPUTED,SINGLE,20,13,2.7528,7.5927,1.1,1793
0703002-0918-15-42-gnss_raw.txt,2436,459781.200,FINESTEERING,SOL_COMPUTED,SINGLE,20,13,2.7891,7.6946,1.2,1793
0703002-0918-15-42-gnss_raw.txt,2436,459781.300,FINESTEERING,SOL_COMPUTED,SINGLE,20,13,2.7711,7.6464,1.3,1793
0703002-0918-15-42-gnss_raw.txt,2436,459781.400,FINESTEERING,SOL_COMPUTED,SINGLE,20,12,2.8033,7.7362,1.4,1793
0703002-0918-15-42-gnss_raw.txt,2436,459781.500,FINESTEERING,SOL_COMPUTED,SINGLE,20,13,2.8991,8.0039,1.5,1793
0703002-0918-15-42-gnss_raw.txt,2436,459781.600,FINESTEERING,SOL_COMPUTED,SINGLE,20,13,2.9715,8.208,1.6,1793
0703002-0918-15-42-gnss_raw.txt,2436,459781.700,FINESTEERING,SOL_COMPUTED,SINGLE,20,12,2.8946,7.9986,1.7,1793
0703002-0918-15-42-gnss_raw.txt,2436,459781.800,FINESTEERING,SOL_COMPUTED,SINGLE,20,14,3.0721,8.4992,0.8,1793
0703002-0918-15-42-gnss_raw.txt,2436,459781.900,FINESTEERING,SOL_COMPUTED,SINGLE,20,14,3.1409,8.6924,0.9,1793
0703002-0918-15-42-gnss_raw.txt,2436,459782.000,FINESTEERING,SOL_COMPUTED,SINGLE,20,12,2.8525,7.8948,1.0,1793
0703002-0918-15-42-gnss_raw.txt,2436,459782.100,FINESTEERING,SOL_COMPUTED,SINGLE,20,12,2.8614,7.9185,1.1,1793
0703002-0918-15-42-gnss_raw.txt,2436,459782.200,FINESTEERING,SOL_COMPUTED,SINGLE,20,12,2.8128,7.7852,1.2,1793
0703002-0918-15-42-gnss_raw.txt,2436,459782.300,FINESTEERING,SOL_COMPUTED,SINGLE,20,13,2.9394,8.1347,1.3,1793
0703002-0918-15-42-gnss_raw.txt,2436,459782.400,FINESTEERING,SOL_COMPUTED,SINGLE,20,13,2.9355,8.1393,1.4,1793
0703002-0918-15-42-gnss_raw.txt,2436,459782.500,FINESTEERING,SOL_COMPUTED,SINGLE,20,14,3.2149,8.9335,1.5,1793
0703002-0918-15-42-gnss_raw.txt,2436,459782.600,FINESTEERING,SOL_COMPUTED,SINGLE,20,14,3.175,8.8361,1.6,1793
0703002-0918-15-42-gnss_raw.txt,2436,459782.700,FINESTEERING,SOL_COMPUTED,SINGLE,20,14,3.1505,8.7844,1.7,1793
0703002-0918-15-42-gnss_raw.txt,2436,459782.800,FINESTEERING,SOL_COMPUTED,SINGLE,20,13,2.7271,7.6481,0.8,1793
0703002-0918-15-42-gnss_raw.txt,2436,459782.900,FINESTEERING,SOL_COMPUTED,SINGLE,20,13,2.7507,7.7547,0.9,1793
0703002-0918-15-42-gnss_raw.txt,2436,459783.000,FINESTEERING,SOL_COMPUTED,SINGLE,20,14,3.0369,8.6022,1.0,1793
0703002-0918-15-42-gnss_raw.txt,2436,459783.100,FINESTEERING,SOL_COMPUTED,SINGLE,20,12,2.7086,7.7085,1.1,1793
0703002-0918-15-42-gnss_raw.txt,2436,459783.200,FINESTEERING,SOL_COMPUTED,SINGLE,20,9,2.7328,7.787,1.2,1793
0703002-0918-15-42-gnss_raw.txt,2436,459783.300,FINESTEERING,SOL_COMPUTED,SINGLE,20,9,2.7445,7.8256,1.3,1793
0703002-0918-15-42-gnss_raw.txt,2436,459783.400,FINESTEERING,SOL_COMPUTED,SINGLE,20,9,2.7105,7.7328,1.4,1793
0703002-0918-15-42-gnss_raw.txt,2436,459783.500,FINESTEERING,SOL_COMPUTED,NONE,20,0,0.0,0.0,0.0,
0703002-0918-15-42-gnss_raw.txt,2436,459783.600,FINESTEERING,SOL_COMPUTED,SINGLE,20,9,2.6554,7.5836,1.6,1793
0703002-0918-15-42-gnss_raw.txt,2436,459783.700,FINESTEERING,SOL_COMPUTED,SINGLE,20,9,2.6842,7.6681,1.7,1793
0703002-0918-15-42-gnss_raw.txt,2436,459783.800,FINESTEERING,SOL_COMPUTED,SINGLE,20,9,2.6847,7.6714,1.8,1793
0703002-0918-15-42-gnss_raw.txt,2436,459783.900,FINESTEERING,SOL_COMPUTED,SINGLE,20,10,2.6846,7.6726,0.9,1793
0703002-0918-15-42-gnss_raw.txt,2436,459784.000,FINESTEERING,SOL_COMPUTED,SINGLE,20,9,2.6597,7.6034,1.0,1793
0703002-0918-15-42-gnss_raw.txt,2436,459784.100,FINESTEERING,SOL_COMPUTED,SINGLE,20,9,2.6607,7.6087,1.1,1793
0703002-0918-15-42-gnss_raw.txt,2436,459784.200,FINESTEERING,SOL_COMPUTED,SINGLE,20,10,2.6189,7.5301,1.2,1793
0703002-0918-15-42-gnss_raw.txt,2436,459784.300,FINESTEERING,SOL_COMPUTED,SINGLE,20,9,2.608,7.5336,1.3,1793
0703002-0918-15-42-gnss_raw.txt,2436,459784.400,FINESTEERING,SOL_COMPUTED,SINGLE,20,10,2.6,7.535,1.4,1793
0703002-0918-15-42-gnss_raw.txt,2436,459784.500,FINESTEERING,SOL_COMPUTED,SINGLE,20,10,2.6106,7.5727,1.5,1793
0703002-0918-15-42-gnss_raw.txt,2436,459784.600,FINESTEERING,SOL_COMPUTED,SINGLE,20,9,2.6328,7.6402,1.6,1793
0703002-0918-15-42-gnss_raw.txt,2436,459784.700,FINESTEERING,SOL_COMPUTED,SINGLE,20,9,2.6378,7.6551,1.7,1793
0703002-0918-15-42-gnss_raw.txt,2436,459784.800,FINESTEERING,SOL_COMPUTED,SINGLE,20,10,2.6246,7.6174,0.8,1793
0703002-0918-15-42-gnss_raw.txt,2436,459784.900,FINESTEERING,SOL_COMPUTED,SINGLE,20,10,2.6234,7.6189,0.9,1793
0703002-0918-15-42-gnss_raw.txt,2436,459785.000,FINESTEERING,SOL_COMPUTED,SINGLE,20,9,2.6123,7.5849,1.0,1793
0703002-0918-15-42-gnss_raw.txt,2436,459785.100,FINESTEERING,SOL_COMPUTED,SINGLE,20,9,2.6137,7.5867,1.1,1793
0703002-0918-15-42-gnss_raw.txt,2436,459785.200,FINESTEERING,SOL_COMPUTED,SINGLE,20,9,2.614,7.5903,1.2,1793
0703002-0918-15-42-gnss_raw.txt,2436,459785.300,FINESTEERING,SOL_COMPUTED,SINGLE,20,9,2.6275,7.6334,1.3,1793
0703002-0918-15-42-gnss_raw.txt,2436,459785.400,FINESTEERING,SOL_COMPUTED,NONE,20,0,0.0,0.0,0.0,
0703002-0918-15-42-gnss_raw.txt,2436,459785.500,FINESTEERING,SOL_COMPUTED,SINGLE,20,8,2.6703,7.7615,1.5,1793
0703002-0918-15-42-gnss_raw.txt,2436,459785.600,FINESTEERING,SOL_COMPUTED,SINGLE,20,8,2.6642,7.7423,1.6,1793
0703002-0918-15-42-gnss_raw.txt,2436,459785.700,FINESTEERING,SOL_COMPUTED,SINGLE,20,9,2.6387,7.6709,0.7,1793
0703002-0918-15-42-gnss_raw.txt,2436,459785.800,FINESTEERING,SOL_COMPUTED,NONE,20,0,0.0,0.0,0.0,
0703002-0918-15-42-gnss_raw.txt,2436,459785.900,FINESTEERING,SOL_COMPUTED,SINGLE,20,9,2.6464,7.7028,0.9,1793
0703002-0918-15-42-gnss_raw.txt,2436,459786.000,FINESTEERING,SOL_COMPUTED,SINGLE,20,9,2.6571,7.7395,1.0,1793
0703002-0918-15-42-gnss_raw.txt,2436,459786.100,FINESTEERING,SOL_COMPUTED,SINGLE,20,9,2.6497,7.7216,1.1,1793
0703002-0918-15-42-gnss_raw.txt,2436,459786.200,FINESTEERING,SOL_COMPUTED,SINGLE,20,9,2.6656,7.7676,1.2,1793
0703002-0918-15-42-gnss_raw.txt,2436,459786.300,FINESTEERING,SOL_COMPUTED,SINGLE,20,9,2.637,7.6867,1.3,1793
0703002-0918-15-42-gnss_raw.txt,2436,459786.400,FINESTEERING,SOL_COMPUTED,SINGLE,20,8,2.682,7.819,1.4,1793
0703002-0918-15-42-gnss_raw.txt,2436,459786.500,FINESTEERING,SOL_COMPUTED,SINGLE,20,8,2.6511,7.7277,1.5,1793
0703002-0918-15-42-gnss_raw.txt,2436,459786.600,FINESTEERING,SOL_COMPUTED,SINGLE,19,8,2.9659,8.6446,1.6,1793
0703002-0918-15-42-gnss_raw.txt,2436,459786.700,FINESTEERING,SOL_COMPUTED,SINGLE,19,9,2.6214,7.6435,1.7,1793
0703002-0918-15-42-gnss_raw.txt,2436,459786.800,FINESTEERING,SOL_COMPUTED,SINGLE,19,9,2.6251,7.658,1.8,1793
0703002-0918-15-42-gnss_raw.txt,2436,459786.900,FINESTEERING,SOL_COMPUTED,SINGLE,19,9,2.6502,7.735,1.9,1793
0703002-0918-15-42-gnss_raw.txt,2436,459787.000,FINESTEERING,SOL_COMPUTED,SINGLE,19,10,2.6549,7.7532,1.0,1793
0703002-0918-15-42-gnss_raw.txt,2436,459787.100,FINESTEERING,SOL_COMPUTED,SINGLE,19,9,2.656,7.7604,1.1,1793
0703002-0918-15-42-gnss_raw.txt,2436,459787.200,FINESTEERING,SOL_COMPUTED,SINGLE,19,10,2.6267,7.68,1.2,1793
0703002-0918-15-42-gnss_raw.txt,2436,459787.300,FINESTEERING,SOL_COMPUTED,SINGLE,19,9,2.6431,7.7326,1.3,1793
0703002-0918-15-42-gnss_raw.txt,2436,459787.400,FINESTEERING,SOL_COMPUTED,SINGLE,19,9,2.6433,7.7376,1.4,1793
0703002-0918-15-42-gnss_raw.txt,2436,459787.500,FINESTEERING,SOL_COMPUTED,NONE,19,0,0.0,0.0,0.0,
0703002-0918-15-42-gnss_raw.txt,2436,459787.600,FINESTEERING,SOL_COMPUTED,SINGLE,19,9,2.6455,7.7512,1.6,1793
0703002-0918-15-42-gnss_raw.txt,2436,459787.700,FINESTEERING,SOL_COMPUTED,SINGLE,19,9,2.616,7.6669,1.7,1793
0703002-0918-15-42-gnss_raw.txt,2436,459787.800,FINESTEERING,SOL_COMPUTED,SINGLE,19,9,2.6092,7.6492,1.8,1793
0703002-0918-15-42-gnss_raw.txt,2436,459787.900,FINESTEERING,SOL_COMPUTED,SINGLE,19,8,2.6371,7.7298,0.9,1793
0703002-0918-15-42-gnss_raw.txt,2436,459788.000,FINESTEERING,SOL_COMPUTED,SINGLE,19,9,2.6417,7.7443,1.0,1793
0703002-0918-15-42-gnss_raw.txt,2436,459788.100,FINESTEERING,SOL_COMPUTED,NONE,19,0,0.0,0.0,0.0,
0703002-0918-15-42-gnss_raw.txt,2436,459788.200,FINESTEERING,SOL_COMPUTED,SINGLE,19,8,2.6513,7.7802,1.2,1793
0703002-0918-15-42-gnss_raw.txt,2436,459788.300,FINESTEERING,SOL_COMPUTED,SINGLE,19,8,2.6288,7.7154,1.3,1793
0703002-0918-15-42-gnss_raw.txt,2436,459788.400,FINESTEERING,SOL_COMPUTED,SINGLE,19,10,2.6574,7.8034,1.4,1793
0703002-0918-15-42-gnss_raw.txt,2436,459788.500,FINESTEERING,SOL_COMPUTED,SINGLE,19,8,2.6408,7.756,1.5,1793
0703002-0918-15-42-gnss_raw.txt,2436,459788.600,FINESTEERING,SOL_COMPUTED,SINGLE,19,8,2.6576,7.8074,1.6,1793
0703002-0918-15-42-gnss_raw.txt,2436,459788.700,FINESTEERING,SOL_COMPUTED,SINGLE,19,11,2.7015,7.9351,1.7,1793
0703002-0918-15-42-gnss_raw.txt,2436,459788.800,FINESTEERING,SOL_COMPUTED,SINGLE,19,12,2.7437,8.0646,1.8,1793
0703002-0918-15-42-gnss_raw.txt,2436,459788.900,FINESTEERING,SOL_COMPUTED,SINGLE,19,11,2.799,8.2338,1.9,1793
0703002-0918-15-42-gnss_raw.txt,2436,459789.000,FINESTEERING,SOL_COMPUTED,SINGLE,19,10,2.7562,8.1118,1.0,1793
0703002-0918-15-42-gnss_raw.txt,2436,459789.100,FINESTEERING,SOL_COMPUTED,SINGLE,20,11,2.702,7.9536,1.1,1793
0703002-0918-15-42-gnss_raw.txt,2436,459789.200,FINESTEERING,SOL_COMPUTED,SINGLE,20,11,2.7155,7.9941,1.2,1793
0703002-0918-15-42-gnss_raw.txt,2436,459789.300,FINESTEERING,SOL_COMPUTED,SINGLE,20,12,2.6965,7.9424,1.3,1793
0703002-0918-15-42-gnss_raw.txt,2436,459789.400,FINESTEERING,SOL_COMPUTED,SINGLE,20,12,2.6785,7.8892,1.4,1793
0703002-0918-15-42-gnss_raw.txt,2436,459789.500,FINESTEERING,SOL_COMPUTED,SINGLE,20,11,2.6965,7.9357,1.5,1793
0703002-0918-15-42-gnss_raw.txt,2436,459789.600,FINESTEERING,SOL_COMPUTED,SINGLE,20,11,2.7458,8.0755,1.6,1793
0703002-0918-15-42-gnss_raw.txt,2436,459789.700,FINESTEERING,SOL_COMPUTED,SINGLE,20,10,2.7052,7.9476,1.7,1793
0703002-0918-15-42-gnss_raw.txt,2436,459789.800,FINESTEERING,SOL_COMPUTED,SINGLE,20,12,2.7459,8.063,1.8,1793
0703002-0918-15-42-gnss_raw.txt,2436,459789.900,FINESTEERING,SOL_COMPUTED,SINGLE,20,11,2.7112,7.9578,1.9,1793
0703002-0918-15-42-gnss_raw.txt,2436,459790.000,FINESTEERING,SOL_COMPUTED,SINGLE,20,12,2.7607,8.0985,1.0,1793
0703002-0918-15-42-gnss_raw.txt,2436,459790.100,FINESTEERING,SOL_COMPUTED,SINGLE,20,11,2.8254,8.2849,1.1,1793
0703002-0918-15-42-gnss_raw.txt,2436,459790.200,FINESTEERING,SOL_COMPUTED,SINGLE,20,12,2.7935,8.192,1.2,1793
0703002-0918-15-42-gnss_raw.txt,2436,459790.300,FINESTEERING,SOL_COMPUTED,SINGLE,20,11,2.7425,8.0394,1.3,1793
0703002-0918-15-42-gnss_raw.txt,2436,459790.400,FINESTEERING,SOL_COMPUTED,SINGLE,20,10,2.8572,8.3692,1.4,1793
0703002-0918-15-42-gnss_raw.txt,2436,459790.500,FINESTEERING,SOL_COMPUTED,SINGLE,20,10,3.06,8.9565,1.5,1793
0703002-0918-15-42-gnss_raw.txt,2436,459790.600,FINESTEERING,SOL_COMPUTED,SINGLE,20,10,3.1424,9.1884,1.6,1793
0703002-0918-15-42-gnss_raw.txt,2436,459790.700,FINESTEERING,SOL_COMPUTED,SINGLE,20,12,3.1249,9.1419,1.7,1793
0703002-0918-15-42-gnss_raw.txt,2436,459790.800,FINESTEERING,SOL_COMPUTED,SINGLE,20,12,3.1221,9.1394,1.8,1793
0703002-0918-15-42-gnss_raw.txt,2436,459790.900,FINESTEERING,SOL_COMPUTED,SINGLE,20,11,3.19,9.337,1.9,1793
0703002-0918-15-42-gnss_raw.txt,2436,459791.000,FINESTEERING,SOL_COMPUTED,SINGLE,20,12,3.1562,9.2337,1.0,1793
0703002-0918-15-42-gnss_raw.txt,2436,459791.100,FINESTEERING,SOL_COMPUTED,SINGLE,20,11,2.8436,8.3151,1.1,1793
0703002-0918-15-42-gnss_raw.txt,2436,459791.200,FINESTEERING,SOL_COMPUTED,SINGLE,20,12,2.8161,8.2367,1.2,1793
0703002-0918-15-42-gnss_raw.txt,2436,459791.300,FINESTEERING,SOL_COMPUTED,SINGLE,20,11,3.0733,8.9853,1.3,1793
0703002-0918-15-42-gnss_raw.txt,2436,459791.400,FINESTEERING,SOL_COMPUTED,SINGLE,20,12,2.9314,8.5727,1.4,1793
0703002-0918-15-42-gnss_raw.txt,2436,459791.500,FINESTEERING,SOL_COMPUTED,SINGLE,20,11,2.9495,8.622,1.5,1793
0703002-0918-15-42-gnss_raw.txt,2436,459791.600,FINESTEERING,SOL_COMPUTED,SINGLE,20,11,3.037,8.8735,1.6,1793
0703002-0918-15-42-gnss_raw.txt,2436,459791.700,FINESTEERING,SOL_COMPUTED,SINGLE,20,11,2.7766,8.1085,1.7,1793
0703002-0918-15-42-gnss_raw.txt,2436,459791.800,FINESTEERING,SOL_COMPUTED,SINGLE,20,11,3.0363,8.8636,1.8,1793
0703002-0918-15-42-gnss_raw.txt,2436,459791.900,FINESTEERING,SOL_COMPUTED,SINGLE,20,11,2.8186,8.2357,0.9,1793
0703002-0918-15-42-gnss_raw.txt,2436,459792.000,FINESTEERING,SOL_COMPUTED,SINGLE,20,10,2.8651,8.3813,1.0,1793
0703002-0918-15-42-gnss_raw.txt,2436,459792.100,FINESTEERING,SOL_COMPUTED,SINGLE,20,11,2.8081,8.2226,1.1,1793
0703002-0918-15-42-gnss_raw.txt,2436,459792.200,FINESTEERING,SOL_COMPUTED,SINGLE,20,11,3.0586,8.9635,1.2,1793
0703002-0918-15-42-gnss_raw.txt,2436,459792.300,FINESTEERING,SOL_COMPUTED,SINGLE,20,10,2.8121,8.2528,1.3,1793
0703002-0918-15-42-gnss_raw.txt,2436,459792.400,FINESTEERING,SOL_COMPUTED,SINGLE,20,11,2.7733,8.1481,1.4,1793
0703002-0918-15-42-gnss_raw.txt,2436,459792.500,FINESTEERING,SOL_COMPUTED,SINGLE,20,10,2.7958,8.2172,1.5,1793
0703002-0918-15-42-gnss_raw.txt,2436,459792.600,FINESTEERING,SOL_COMPUTED,SINGLE,20,11,2.6818,7.8928,1.6,1793
0703002-0918-15-42-gnss_raw.txt,2436,459792.700,FINESTEERING,SOL_COMPUTED,SINGLE,20,11,2.6552,7.8161,1.7,1793
0703002-0918-15-42-gnss_raw.txt,2436,459792.800,FINESTEERING,SOL_COMPUTED,SINGLE,20,10,2.6721,7.8778,1.8,1793
0703002-0918-15-42-gnss_raw.txt,2436,459792.900,FINESTEERING,SOL_COMPUTED,SINGLE,20,10,2.909,8.5807,0.9,1793
0703002-0918-15-42-gnss_raw.txt,2436,459793.000,FINESTEERING,SOL_COMPUTED,SINGLE,20,10,2.6572,7.836,1.0,1793
0703002-0918-15-42-gnss_raw.txt,2436,459793.100,FINESTEERING,SOL_COMPUTED,SINGLE,20,11,2.7757,8.1862,1.1,1793
0703002-0918-15-42-gnss_raw.txt,2436,459793.200,FINESTEERING,SOL_COMPUTED,SINGLE,20,11,3.069,9.0459,1.2,1793
0703002-0918-15-42-gnss_raw.txt,2436,459793.300,FINESTEERING,SOL_COMPUTED,SINGLE,20,12,2.9479,8.6847,1.3,1793
0703002-0918-15-42-gnss_raw.txt,2436,459793.400,FINESTEERING,SOL_COMPUTED,SINGLE,20,12,3.2817,9.6624,1.4,1793
0703002-0918-15-42-gnss_raw.txt,2436,459793.500,FINESTEERING,SOL_COMPUTED,SINGLE,20,11,2.7326,8.0462,1.5,1793
0703002-0918-15-42-gnss_raw.txt,2436,459793.600,FINESTEERING,SOL_COMPUTED,SINGLE,20,11,2.7477,8.091,1.6,1793
0703002-0918-15-42-gnss_raw.txt,2436,459793.700,FINESTEERING,SOL_COMPUTED,SINGLE,20,13,3.1316,9.2348,1.7,1793
0703002-0918-15-42-gnss_raw.txt,2436,459793.800,FINESTEERING,SOL_COMPUTED,SINGLE,20,13,3.234,9.5496,1.8,1793
0703002-0918-15-42-gnss_raw.txt,2436,459793.900,FINESTEERING,SOL_COMPUTED,SINGLE,20,14,3.1359,9.2723,0.9,1793
0703002-0918-15-42-gnss_raw.txt,2436,459794.000,FINESTEERING,SOL_COMPUTED,SINGLE,20,13,3.2433,9.603,1.0,1793
0703002-0918-15-42-gnss_raw.txt,2436,459794.100,FINESTEERING,SOL_COMPUTED,SINGLE,20,12,2.7635,8.1974,1.1,1793
0703002-0918-15-42-gnss_raw.txt,2436,459794.200,FINESTEERING,SOL_COMPUTED,SINGLE,20,12,2.766,8.2177,1.2,1793
0703002-0918-15-42-gnss_raw.txt,2436,459794.300,FINESTEERING,SOL_COMPUTED,SINGLE,20,12,2.7191,8.0915,1.3,1793
0703002-0918-15-42-gnss_raw.txt,2436,459794.400,FINESTEERING,SOL_COMPUTED,SINGLE,20,12,2.6975,8.0403,1.4,1793
0703002-0918-15-42-gnss_raw.txt,2436,459794.500,FINESTEERING,SOL_COMPUTED,SINGLE,20,12,2.6687,8.0064,1.5,1793
0703002-0918-15-42-gnss_raw.txt,2436,459794.600,FINESTEERING,SOL_COMPUTED,SINGLE,20,12,2.6641,8.0408,1.6,1793
0703002-0918-15-42-gnss_raw.txt,2436,459794.700,FINESTEERING,SOL_COMPUTED,SINGLE,20,12,2.6605,8.0766,1.7,1793
0703002-0918-15-42-gnss_raw.txt,2436,459794.800,FINESTEERING,SOL_COMPUTED,SINGLE,20,11,2.6647,8.134,0.8,1793
0703002-0918-15-42-gnss_raw.txt,2436,459794.900,FINESTEERING,SOL_COMPUTED,SINGLE,20,12,2.6007,7.9812,0.9,1793
0703002-0918-15-42-gnss_raw.txt,2436,459795.000,FINESTEERING,SOL_COMPUTED,SINGLE,20,12,2.5827,7.9664,1.0,1793
0703002-0918-15-42-gnss_raw.txt,2436,459795.100,FINESTEERING,SOL_COMPUTED,SINGLE,20,11,2.5926,7.9969,1.1,1793
0703002-0918-15-42-gnss_raw.txt,2436,459795.200,FINESTEERING,SOL_COMPUTED,SINGLE,20,10,2.5941,7.9971,1.2,1793
0703002-0918-15-42-gnss_raw.txt,2436,459795.300,FINESTEERING,SOL_COMPUTED,SINGLE,20,10,2.6238,8.0831,1.3,1793
0703002-0918-15-42-gnss_raw.txt,2436,459795.400,FINESTEERING,SOL_COMPUTED,SINGLE,20,11,2.5893,7.9735,1.4,1793
0703002-0918-15-42-gnss_raw.txt,2436,459795.500,FINESTEERING,SOL_COMPUTED,SINGLE,20,11,2.9735,9.1468,1.5,1793
0703002-0918-15-42-gnss_raw.txt,2436,459795.600,FINESTEERING,SOL_COMPUTED,SINGLE,20,11,3.0114,9.2511,1.6,1793
0703002-0918-15-42-gnss_raw.txt,2436,459795.700,FINESTEERING,SOL_COMPUTED,SINGLE,20,11,3.0672,9.4114,1.7,1793
0703002-0918-15-42-gnss_raw.txt,2436,459795.800,FINESTEERING,SOL_COMPUTED,SINGLE,20,10,2.6192,8.0284,1.8,1793
0703002-0918-15-42-gnss_raw.txt,2436,459795.900,FINESTEERING,SOL_COMPUTED,SINGLE,20,11,3.006,9.2019,0.9,1793
0703002-0918-15-42-gnss_raw.txt,2436,459796.000,FINESTEERING,SOL_COMPUTED,SINGLE,20,12,3.0147,9.2203,1.0,1793
0703002-0918-15-42-gnss_raw.txt,2436,459796.100,FINESTEERING,SOL_COMPUTED,SINGLE,20,13,2.9992,9.167,1.1,1793
0703002-0918-15-42-gnss_raw.txt,2436,459796.200,FINESTEERING,SOL_COMPUTED,SINGLE,20,12,2.6324,8.0403,1.2,1793
0703002-0918-15-42-gnss_raw.txt,2436,459796.300,FINESTEERING,SOL_COMPUTED,SINGLE,20,11,2.9707,9.0635,1.3,1793
0703002-0918-15-42-gnss_raw.txt,2436,459796.400,FINESTEERING,SOL_COMPUTED,SINGLE,20,10,3.0333,9.2411,1.4,1793
0703002-0918-15-42-gnss_raw.txt,2436,459796.500,FINESTEERING,SOL_COMPUTED,SINGLE,20,10,2.6536,8.0749,1.5,1793
0703002-0918-15-42-gnss_raw.txt,2436,459796.600,FINESTEERING,SOL_COMPUTED,SINGLE,20,11,2.945,8.9495,1.6,1793
0703002-0918-15-42-gnss_raw.txt,2436,459796.700,FINESTEERING,SOL_COMPUTED,SINGLE,20,12,2.9259,8.8831,1.7,1793
0703002-0918-15-42-gnss_raw.txt,2436,459796.800,FINESTEERING,SOL_COMPUTED,SINGLE,20,11,3.0614,9.2866,1.8,1793
0703002-0918-15-42-gnss_raw.txt,2436,459796.900,FINESTEERING,SOL_COMPUTED,SINGLE,20,12,3.0323,9.1889,0.9,1793
0703002-0918-15-42-gnss_raw.txt,2436,459797.000,FINESTEERING,SOL_COMPUTED,SINGLE,20,11,3.0468,9.222,1.0,1793
0703002-0918-15-42-gnss_raw.txt,2436,459797.100,FINESTEERING,SOL_COMPUTED,SINGLE,20,12,3.0014,9.0758,1.1,1793
0703002-0918-15-42-gnss_raw.txt,2436,459797.200,FINESTEERING,SOL_COMPUTED,SINGLE,20,12,2.9512,8.9166,1.2,1793
0703002-0918-15-42-gnss_raw.txt,2436,459797.300,FINESTEERING,SOL_COMPUTED,SINGLE,20,12,3.0911,9.3319,1.3,1793
0703002-0918-15-42-gnss_raw.txt,2436,459797.400,FINESTEERING,SOL_COMPUTED,SINGLE,20,13,3.1101,9.3825,1.4,1793
0703002-0918-15-42-gnss_raw.txt,2436,459797.500,FINESTEERING,SOL_COMPUTED,SINGLE,20,11,2.699,8.1366,1.5,1793
0703002-0918-15-42-gnss_raw.txt,2436,459797.600,FINESTEERING,SOL_COMPUTED,SINGLE,20,13,3.0677,9.2424,1.6,1793
0703002-0918-15-42-gnss_raw.txt,2436,459797.700,FINESTEERING,SOL_COMPUTED,SINGLE,20,12,3.1854,9.59,1.7,1793
0703002-0918-15-42-gnss_raw.txt,2436,459797.800,FINESTEERING,SOL_COMPUTED,SINGLE,20,12,2.8523,8.5817,1.8,1793
0703002-0918-15-42-gnss_raw.txt,2436,459797.900,FINESTEERING,SOL_COMPUTED,SINGLE,20,13,2.9046,8.7343,1.9,1793
0703002-0918-15-42-gnss_raw.txt,2436,459798.000,FINESTEERING,SOL_COMPUTED,SINGLE,20,12,2.8911,8.6956,2.0,1793
0703002-0918-15-42-gnss_raw.txt,2436,459798.100,FINESTEERING,SOL_COMPUTED,SINGLE,20,12,2.9143,8.7593,1.1,1793
0703002-0918-15-42-gnss_raw.txt,2436,459798.200,FINESTEERING,SOL_COMPUTED,SINGLE,20,13,3.1396,9.4296,1.2,1793
0703002-0918-15-42-gnss_raw.txt,2436,459798.300,FINESTEERING,SOL_COMPUTED,SINGLE,20,13,3.1948,9.5896,1.3,1793
0703002-0918-15-42-gnss_raw.txt,2436,459798.400,FINESTEERING,SOL_COMPUTED,SINGLE,20,13,2.9561,8.8701,1.4,1793
0703002-0918-15-42-gnss_raw.txt,2436,459798.500,FINESTEERING,SOL_COMPUTED,SINGLE,20,13,3.147,9.4361,1.5,1793
0703002-0918-15-42-gnss_raw.txt,2436,459798.600,FINESTEERING,SOL_COMPUTED,SINGLE,20,12,2.8828,8.639,1.6,1793
0703002-0918-15-42-gnss_raw.txt,2436,459798.700,FINESTEERING,SOL_COMPUTED,SINGLE,20,13,2.9001,8.6862,1.7,1793
0703002-0918-15-42-gnss_raw.txt,2436,459798.800,FINESTEERING,SOL_COMPUTED,SINGLE,20,12,2.8433,8.5102,1.8,1793
0703002-0918-15-42-gnss_raw.txt,2436,459798.900,FINESTEERING,SOL_COMPUTED,SINGLE,20,11,2.6826,8.0242,1.9,1793
0703002-0918-15-42-gnss_raw.txt,2436,459799.000,FINESTEERING,SOL_COMPUTED,SINGLE,20,11,2.6718,7.9873,1.0,1793
0703002-0918-15-42-gnss_raw.txt,2436,459799.100,FINESTEERING,SOL_COMPUTED,SINGLE,20,12,2.9252,8.7399,1.1,1793
0703002-0918-15-42-gnss_raw.txt,2436,459799.200,FINESTEERING,SOL_COMPUTED,SINGLE,20,13,2.9272,8.7393,1.2,1793
0703002-0918-15-42-gnss_raw.txt,2436,459799.300,FINESTEERING,SOL_COMPUTED,SINGLE,20,13,2.6862,8.0177,1.3,1793
0703002-0918-15-42-gnss_raw.txt,2436,459799.400,FINESTEERING,SOL_COMPUTED,SINGLE,20,13,2.8153,8.402,1.4,1793
0703002-0918-15-42-gnss_raw.txt,2436,459799.500,FINESTEERING,SOL_COMPUTED,SINGLE,20,14,2.8369,8.4651,1.5,1793
0703002-0918-15-42-gnss_raw.txt,2436,459799.600,FINESTEERING,SOL_COMPUTED,SINGLE,20,13,2.715,8.1012,1.6,1793
0703002-0918-15-42-gnss_raw.txt,2436,459799.700,FINESTEERING,SOL_COMPUTED,SINGLE,20,13,2.7521,8.2118,1.7,1793
0703002-0918-15-42-gnss_raw.txt,2436,459799.800,FINESTEERING,SOL_COMPUTED,SINGLE,20,13,2.845,8.4895,1.8,1793
0703002-0918-15-42-gnss_raw.txt,2436,459799.900,FINESTEERING,SOL_COMPUTED,SINGLE,20,13,2.8848,8.6083,0.9,1793
0703002-0918-15-42-gnss_raw.txt,2436,459800.000,FINESTEERING,SOL_COMPUTED,SINGLE,20,12,2.8446,8.4835,1.0,1793
0703002-0918-15-42-gnss_raw.txt,2436,459800.100,FINESTEERING,SOL_COMPUTED,SINGLE,20,13,2.9744,8.8656,1.1,1793
0703002-0918-15-42-gnss_raw.txt,2436,459800.200,FINESTEERING,SOL_COMPUTED,SINGLE,20,12,2.8974,8.6316,1.2,1793
0703002-0918-15-42-gnss_raw.txt,2436,459800.300,FINESTEERING,SOL_COMPUTED,SINGLE,20,11,2.984,8.8859,1.3,1793
0703002-0918-15-42-gnss_raw.txt,2436,459800.400,FINESTEERING,SOL_COMPUTED,SINGLE,20,12,2.9034,8.6456,1.4,1793
0703002-0918-15-42-gnss_raw.txt,2436,459800.500,FINESTEERING,SOL_COMPUTED,SINGLE,20,13,2.9538,8.7933,1.5,1793
0703002-0918-15-42-gnss_raw.txt,2436,459800.600,FINESTEERING,SOL_COMPUTED,SINGLE,20,14,2.9567,8.8027,1.6,1793
0703002-0918-15-42-gnss_raw.txt,2436,459800.700,FINESTEERING,SOL_COMPUTED,SINGLE,20,14,3.2058,9.5455,1.7,1793
0703002-0918-15-42-gnss_raw.txt,2436,459800.800,FINESTEERING,SOL_COMPUTED,SINGLE,20,13,2.8989,8.6316,1.8,1793
0703002-0918-15-42-gnss_raw.txt,2436,459800.900,FINESTEERING,SOL_COMPUTED,SINGLE,20,13,2.9105,8.6743,0.9,1793
0703002-0918-15-42-gnss_raw.txt,2436,459801.000,FINESTEERING,SOL_COMPUTED,SINGLE,20,15,2.9696,8.8591,1.0,1793
0703002-0918-15-42-gnss_raw.txt,2436,459801.100,FINESTEERING,SOL_COMPUTED,SINGLE,20,13,2.9916,8.9347,1.1,1793
0703002-0918-15-42-gnss_raw.txt,2436,459801.200,FINESTEERING,SOL_COMPUTED,SINGLE,20,13,2.954,8.8317,1.2,1793
0703002-0918-15-42-gnss_raw.txt,2436,459801.300,FINESTEERING,SOL_COMPUTED,SINGLE,20,13,2.946,8.8169,1.3,1793
0703002-0918-15-42-gnss_raw.txt,2436,459801.400,FINESTEERING,SOL_COMPUTED,SINGLE,20,14,3.2371,9.6964,1.4,1793
0703002-0918-15-42-gnss_raw.txt,2436,459801.500,FINESTEERING,SOL_COMPUTED,SINGLE,20,14,3.0198,9.0543,1.5,1793
0703002-0918-15-42-gnss_raw.txt,2436,459801.600,FINESTEERING,SOL_COMPUTED,SINGLE,20,14,3.019,9.0598,0.6,1793
0703002-0918-15-42-gnss_raw.txt,2436,459801.700,FINESTEERING,SOL_COMPUTED,SINGLE,20,14,2.9463,8.8494,0.7,1793
0703002-0918-15-42-gnss_raw.txt,2436,459801.800,FINESTEERING,SOL_COMPUTED,SINGLE,20,13,2.9858,8.9766,0.8,1793
0703002-0918-15-42-gnss_raw.txt,2436,459801.900,FINESTEERING,SOL_COMPUTED,SINGLE,20,12,3.043,9.1528,0.9,1793
0703002-0918-15-42-gnss_raw.txt,2436,459802.000,FINESTEERING,SOL_COMPUTED,SINGLE,20,13,2.9793,8.9706,1.0,1793
0703002-0918-15-42-gnss_raw.txt,2436,459802.100,FINESTEERING,SOL_COMPUTED,SINGLE,20,12,3.0106,9.0691,1.1,1793
0703002-0918-15-42-gnss_raw.txt,2436,459802.200,FINESTEERING,SOL_COMPUTED,SINGLE,20,12,3.0183,9.0949,1.2,1793
0703002-0918-15-42-gnss_raw.txt,2436,459802.300,FINESTEERING,SOL_COMPUTED,SINGLE,20,13,2.9761,8.9756,1.3,1793
0703002-0918-15-42-gnss_raw.txt,2436,459802.400,FINESTEERING,SOL_COMPUTED,SINGLE,20,12,3.0103,9.0815,1.4,1793
0703002-0918-15-42-gnss_raw.txt,2436,459802.500,FINESTEERING,SOL_COMPUTED,SINGLE,20,12,3.0176,9.1062,1.5,1793
0703002-0918-15-42-gnss_raw.txt,2436,459802.600,FINESTEERING,SOL_COMPUTED,SINGLE,20,13,2.9454,8.8965,1.6,1793
0703002-0918-15-42-gnss_raw.txt,2436,459802.700,FINESTEERING,SOL_COMPUTED,SINGLE,20,12,2.9614,8.955,1.7,1793
0703002-0918-15-42-gnss_raw.txt,2436,459802.800,FINESTEERING,SOL_COMPUTED,SINGLE,20,13,2.9898,9.0399,1.8,1793
0703002-0918-15-42-gnss_raw.txt,2436,459802.900,FINESTEERING,SOL_COMPUTED,SINGLE,20,13,2.9881,9.0336,1.9,1793
0703002-0918-15-42-gnss_raw.txt,2436,459803.000,FINESTEERING,SOL_COMPUTED,SINGLE,20,14,2.9491,8.9149,2.0,1793
0703002-0918-15-42-gnss_raw.txt,2436,459803.100,FINESTEERING,SOL_COMPUTED,SINGLE,20,14,2.9557,8.9342,2.1,1793
0703002-0918-15-42-gnss_raw.txt,2436,459803.200,FINESTEERING,SOL_COMPUTED,SINGLE,20,12,2.9865,9.0357,2.2,1793
0703002-0918-15-42-gnss_raw.txt,2436,459803.300,FINESTEERING,SOL_COMPUTED,SINGLE,20,14,2.983,9.0306,1.3,1793
0703002-0918-15-42-gnss_raw.txt,2436,459803.400,FINESTEERING,SOL_COMPUTED,SINGLE,20,14,2.9665,8.9857,1.4,1793
0703002-0918-15-42-gnss_raw.txt,2436,459803.500,FINESTEERING,SOL_COMPUTED,SINGLE,20,12,3.0066,9.1098,1.5,1793
0703002-0918-15-42-gnss_raw.txt,2436,459803.600,FINESTEERING,SOL_COMPUTED,SINGLE,20,14,2.963,8.9829,1.6,1793
0703002-0918-15-42-gnss_raw.txt,2436,459803.700,FINESTEERING,SOL_COMPUTED,SINGLE,20,14,2.9765,9.0313,1.7,1793
0703002-0918-15-42-gnss_raw.txt,2436,459803.800,FINESTEERING,SOL_COMPUTED,SINGLE,20,13,3.0414,9.2352,0.8,1793
0703002-0918-15-42-gnss_raw.txt,2436,459803.900,FINESTEERING,SOL_COMPUTED,SINGLE,20,13,3.0329,9.2156,0.9,1793
0703002-0918-15-42-gnss_raw.txt,2436,459804.000,FINESTEERING,SOL_COMPUTED,SINGLE,20,14,2.9601,8.9994,1.0,1793
0703002-0918-15-42-gnss_raw.txt,2436,459804.100,FINESTEERING,SOL_COMPUTED,SINGLE,20,14,2.9061,8.8399,1.1,1793
0703002-0918-15-42-gnss_raw.txt,2436,459804.200,FINESTEERING,SOL_COMPUTED,SINGLE,20,13,2.8507,8.6754,1.2,1793
0703002-0918-15-42-gnss_raw.txt,2436,459804.300,FINESTEERING,SOL_COMPUTED,SINGLE,20,13,2.958,9.0084,1.3,1793
0703002-0918-15-42-gnss_raw.txt,2436,459804.400,FINESTEERING,SOL_COMPUTED,SINGLE,20,14,2.8967,8.8239,1.4,1793
0703002-0918-15-42-gnss_raw.txt,2436,459804.500,FINESTEERING,SOL_COMPUTED,SINGLE,20,12,3.2089,9.769,1.5,1793
0703002-0918-15-42-gnss_raw.txt,2436,459804.600,FINESTEERING,SOL_COMPUTED,SINGLE,20,12,2.9009,8.8287,1.6,1793
0703002-0918-15-42-gnss_raw.txt,2436,459804.700,FINESTEERING,SOL_COMPUTED,SINGLE,20,13,2.8532,8.6803,1.7,1793
0703002-0918-15-42-gnss_raw.txt,2436,459804.800,FINESTEERING,SOL_COMPUTED,SINGLE,20,12,2.9178,8.8737,1.8,1793
0703002-0918-15-42-gnss_raw.txt,2436,459804.900,FINESTEERING,SOL_COMPUTED,SINGLE,20,12,2.9051,8.8349,1.9,1793
0703002-0918-15-42-gnss_raw.txt,2436,459805.000,FINESTEERING,SOL_COMPUTED,SINGLE,20,14,2.8301,8.6047,1.0,1793
0703002-0918-15-42-gnss_raw.txt,2436,459805.100,FINESTEERING,SOL_COMPUTED,SINGLE,20,14,2.7775,8.443,1.1,1793
0703002-0918-15-42-gnss_raw.txt,2436,459805.200,FINESTEERING,SOL_COMPUTED,SINGLE,20,14,2.9428,8.9423,1.2,1793
0703002-0918-15-42-gnss_raw.txt,2436,459805.300,FINESTEERING,SOL_COMPUTED,SINGLE,20,14,2.8138,8.5476,1.3,1793
0703002-0918-15-42-gnss_raw.txt,2436,459805.400,FINESTEERING,SOL_COMPUTED,SINGLE,20,14,2.7668,8.4044,1.4,1793
0703002-0918-15-42-gnss_raw.txt,2436,459805.500,FINESTEERING,SOL_COMPUTED,SINGLE,20,13,2.7797,8.4453,1.5,1793
0703002-0918-15-42-gnss_raw.txt,2436,459805.600,FINESTEERING,SOL_COMPUTED,SINGLE,20,13,2.811,8.5409,1.6,1793
0703002-0918-15-42-gnss_raw.txt,2436,459805.700,FINESTEERING,SOL_COMPUTED,SINGLE,20,12,2.8312,8.5998,1.7,1793
0703002-0918-15-42-gnss_raw.txt,2436,459805.800,FINESTEERING,SOL_COMPUTED,SINGLE,20,13,2.7829,8.4509,1.8,1793
0703002-0918-15-42-gnss_raw.txt,2436,459805.900,FINESTEERING,SOL_COMPUTED,SINGLE,20,13,2.7927,8.4781,0.9,1793
0703002-0918-15-42-gnss_raw.txt,2436,459806.000,FINESTEERING,SOL_COMPUTED,SINGLE,20,11,2.8517,8.6516,1.0,1793
0703002-0918-15-42-gnss_raw.txt,2436,459806.100,FINESTEERING,SOL_COMPUTED,SINGLE,20,12,2.812,8.5287,1.1,1793
0703002-0918-15-42-gnss_raw.txt,2436,459806.200,FINESTEERING,SOL_COMPUTED,SINGLE,20,12,2.8677,8.6918,1.2,1793
0703002-0918-15-42-gnss_raw.txt,2436,459806.300,FINESTEERING,SOL_COMPUTED,SINGLE,20,14,2.7325,8.2816,1.3,1793
0703002-0918-15-42-gnss_raw.txt,2436,459806.400,FINESTEERING,SOL_COMPUTED,SINGLE,20,13,2.6889,8.147,1.4,1793
0703002-0918-15-42-gnss_raw.txt,2436,459806.500,FINESTEERING,SOL_COMPUTED,SINGLE,20,15,2.7331,8.281,1.5,1793
0703002-0918-15-42-gnss_raw.txt,2436,459806.600,FINESTEERING,SOL_COMPUTED,SINGLE,20,14,2.69,8.1506,1.6,1793
0703002-0918-15-42-gnss_raw.txt,2436,459806.700,FINESTEERING,SOL_COMPUTED,SINGLE,20,14,2.7679,8.3899,1.7,1793
0703002-0918-15-42-gnss_raw.txt,2436,459806.800,FINESTEERING,SOL_COMPUTED,SINGLE,20,13,2.748,8.3279,0.8,1793
0703002-0918-15-42-gnss_raw.txt,2436,459806.900,FINESTEERING,SOL_COMPUTED,SINGLE,20,15,2.7338,8.2855,0.9,1793
0703002-0918-15-42-gnss_raw.txt,2436,459807.000,FINESTEERING,SOL_COMPUTED,SINGLE,20,15,2.7468,8.3258,1.0,1793
0703002-0918-15-42-gnss_raw.txt,2436,459807.100,FINESTEERING,SOL_COMPUTED,SINGLE,20,15,2.7562,8.3553,1.1,1793
0703002-0918-15-42-gnss_raw.txt,2436,459807.200,FINESTEERING,SOL_COMPUTED,SINGLE,20,15,2.6876,8.1472,1.2,1793
0703002-0918-15-42-gnss_raw.txt,2436,459807.300,FINESTEERING,SOL_COMPUTED,SINGLE,20,14,2.7165,8.2319,1.3,1793
0703002-0918-15-42-gnss_raw.txt,2436,459807.400,FINESTEERING,SOL_COMPUTED,SINGLE,20,15,2.9925,9.0685,1.4,1793
0703002-0918-15-42-gnss_raw.txt,2436,459807.500,FINESTEERING,SOL_COMPUTED,SINGLE,20,15,2.8189,8.5437,1.5,1793
0703002-0918-15-42-gnss_raw.txt,2436,459807.600,FINESTEERING,SOL_COMPUTED,SINGLE,20,14,2.8538,8.6487,1.6,1793
0703002-0918-15-42-gnss_raw.txt,2436,459807.700,FINESTEERING,SOL_COMPUTED,SINGLE,21,14,3.0398,9.2083,1.7,1793
0703002-0918-15-42-gnss_raw.txt,2436,459807.800,FINESTEERING,SOL_COMPUTED,SINGLE,21,14,2.994,9.0686,1.8,1793
0703002-0918-15-42-gnss_raw.txt,2436,459807.900,FINESTEERING,SOL_COMPUTED,SINGLE,21,15,2.9552,8.9513,1.9,1793
0703002-0918-15-42-gnss_raw.txt,2436,459808.000,FINESTEERING,SOL_COMPUTED,SINGLE,21,14,2.8656,8.6776,1.0,1793
0703002-0918-15-42-gnss_raw.txt,2436,459808.100,FINESTEERING,SOL_COMPUTED,SINGLE,21,15,2.883,8.7326,1.1,1793
0703002-0918-15-42-gnss_raw.txt,2436,459808.200,FINESTEERING,SOL_COMPUTED,SINGLE,21,15,2.8989,8.7827,1.2,1793
0703002-0918-15-42-gnss_raw.txt,2436,459808.300,FINESTEERING,SOL_COMPUTED,SINGLE,21,14,2.9514,8.9503,1.3,1793
0703002-0918-15-42-gnss_raw.txt,2436,459808.400,FINESTEERING,SOL_COMPUTED,SINGLE,21,15,2.909,8.8279,1.4,1793
0703002-0918-15-42-gnss_raw.txt,2436,459808.500,FINESTEERING,SOL_COMPUTED,SINGLE,21,14,2.9295,8.8985,1.5,1793
0703002-0918-15-42-gnss_raw.txt,2436,459808.600,FINESTEERING,SOL_COMPUTED,SINGLE,21,14,2.9357,8.9224,1.6,1793
0703002-0918-15-42-gnss_raw.txt,2436,459808.700,FINESTEERING,SOL_COMPUTED,SINGLE,21,14,2.9135,8.8625,1.7,1793
0703002-0918-15-42-gnss_raw.txt,2436,459808.800,FINESTEERING,SOL_COMPUTED,SINGLE,21,15,2.862,8.7116,1.8,1793
0703002-0918-15-42-gnss_raw.txt,2436,459808.900,FINESTEERING,SOL_COMPUTED,SINGLE,21,13,3.0943,9.4271,1.9,1793
0703002-0918-15-42-gnss_raw.txt,2436,459809.000,FINESTEERING,SOL_COMPUTED,SINGLE,21,14,2.8271,8.6275,1.0,1793
0703002-0918-15-42-gnss_raw.txt,2436,459809.100,FINESTEERING,SOL_COMPUTED,SINGLE,21,14,3.0671,9.3708,1.1,1793
0703002-0918-15-42-gnss_raw.txt,2436,459809.200,FINESTEERING,SOL_COMPUTED,SINGLE,21,15,3.025,9.2534,1.2,1793
0703002-0918-15-42-gnss_raw.txt,2436,459809.300,FINESTEERING,SOL_COMPUTED,SINGLE,21,15,2.9115,8.921,1.3,1793
0703002-0918-15-42-gnss_raw.txt,2436,459809.400,FINESTEERING,SOL_COMPUTED,SINGLE,21,15,2.8773,8.8312,1.4,1793
0703002-0918-15-42-gnss_raw.txt,2436,459809.500,FINESTEERING,SOL_COMPUTED,SINGLE,21,15,2.8563,8.7882,1.5,1793
0703002-0918-15-42-gnss_raw.txt,2436,459809.600,FINESTEERING,SOL_COMPUTED,SINGLE,21,15,2.8782,8.8749,1.6,1793
0703002-0918-15-42-gnss_raw.txt,2436,459809.700,FINESTEERING,SOL_COMPUTED,SINGLE,21,15,2.9134,9.0028,1.7,1793
0703002-0918-15-42-gnss_raw.txt,2436,459809.800,FINESTEERING,SOL_COMPUTED,SINGLE,21,15,2.8946,8.9627,1.8,1793
0703002-0918-15-42-gnss_raw.txt,2436,459809.900,FINESTEERING,SOL_COMPUTED,SINGLE,21,15,2.917,9.046,0.9,1793
0703002-0918-15-42-gnss_raw.txt,2436,459810.000,FINESTEERING,SOL_COMPUTED,SINGLE,21,14,2.8469,8.8451,1.0,1793
0703002-0918-15-42-gnss_raw.txt,2436,459810.100,FINESTEERING,SOL_COMPUTED,SINGLE,21,14,2.8887,8.99,1.1,1793
0703002-0918-15-42-gnss_raw.txt,2436,459810.200,FINESTEERING,SOL_COMPUTED,SINGLE,21,14,2.7845,8.6712,1.2,1793
0703002-0918-15-42-gnss_raw.txt,2436,459810.300,FINESTEERING,SOL_COMPUTED,SINGLE,21,14,3.0221,9.4159,1.3,1793
0703002-0918-15-42-gnss_raw.txt,2436,459810.400,FINESTEERING,SOL_COMPUTED,SINGLE,21,14,2.9899,9.3241,1.4,1793
0703002-0918-15-42-gnss_raw.txt,2436,459810.500,FINESTEERING,SOL_COMPUTED,SINGLE,21,13,3.0384,9.4865,1.5,1793
0703002-0918-15-42-gnss_raw.txt,2436,459810.600,FINESTEERING,SOL_COMPUTED,SINGLE,21,14,2.9605,9.2597,1.6,1793
0703002-0918-15-42-gnss_raw.txt,2436,459810.700,FINESTEERING,SOL_COMPUTED,SINGLE,21,14,2.961,9.2781,1.7,1793
0703002-0918-15-42-gnss_raw.txt,2436,459810.800,FINESTEERING,SOL_COMPUTED,SINGLE,21,14,2.9656,9.3099,0.8,1793
0703002-0918-15-42-gnss_raw.txt,2436,459810.900,FINESTEERING,SOL_COMPUTED,SINGLE,21,15,2.901,9.1158,0.9,1793
0703002-0918-15-42-gnss_raw.txt,2436,459811.000,FINESTEERING,SOL_COMPUTED,SINGLE,21,15,2.7513,8.6638,1.0,1793
0703002-0918-15-42-gnss_raw.txt,2436,459811.100,FINESTEERING,SOL_COMPUTED,SINGLE,21,14,2.7894,8.8011,1.1,1793
0703002-0918-15-42-gnss_raw.txt,2436,459811.200,FINESTEERING,SOL_COMPUTED,SINGLE,21,13,2.707,8.561,1.2,1793
0703002-0918-15-42-gnss_raw.txt,2436,459811.300,FINESTEERING,SOL_COMPUTED,SINGLE,21,14,2.6994,8.5539,1.3,1793
0703002-0918-15-42-gnss_raw.txt,2436,459811.400,FINESTEERING,SOL_COMPUTED,SINGLE,21,14,2.6826,8.518,1.4,1793
0703002-0918-15-42-gnss_raw.txt,2436,459811.500,FINESTEERING,SOL_COMPUTED,SINGLE,21,13,2.6706,8.4944,1.5,1793
0703002-0918-15-42-gnss_raw.txt,2436,459811.600,FINESTEERING,SOL_COMPUTED,SINGLE,21,14,2.731,8.7039,1.6,1793
0703002-0918-15-42-gnss_raw.txt,2436,459811.700,FINESTEERING,SOL_COMPUTED,SINGLE,21,14,2.657,8.4834,1.7,1793
0703002-0918-15-42-gnss_raw.txt,2436,459811.800,FINESTEERING,SOL_COMPUTED,SINGLE,21,13,2.8214,9.0225,1.8,1793
0703002-0918-15-42-gnss_raw.txt,2436,459811.900,FINESTEERING,SOL_COMPUTED,SINGLE,21,13,2.6763,8.5715,1.9,1793
0703002-0918-15-42-gnss_raw.txt,2436,459812.000,FINESTEERING,SOL_COMPUTED,SINGLE,21,13,2.6661,8.5519,1.0,1793
0703002-0918-15-42-gnss_raw.txt,2436,459812.100,FINESTEERING,SOL_COMPUTED,SINGLE,21,11,2.6628,8.5437,1.1,1793
0703002-0918-15-42-gnss_raw.txt,2436,459812.200,FINESTEERING,SOL_COMPUTED,SINGLE,21,12,2.6559,8.5291,1.2,1793
0703002-0918-15-42-gnss_raw.txt,2436,459812.300,FINESTEERING,SOL_COMPUTED,SINGLE,21,13,2.8069,9.0239,1.3,1793
0703002-0918-15-42-gnss_raw.txt,2436,459812.400,FINESTEERING,SOL_COMPUTED,SINGLE,21,13,2.7958,8.998,1.4,1793
0703002-0918-15-42-gnss_raw.txt,2436,459812.500,FINESTEERING,SOL_COMPUTED,SINGLE,21,13,2.6288,8.4728,1.5,1793
0703002-0918-15-42-gnss_raw.txt,2436,459812.600,FINESTEERING,SOL_COMPUTED,SINGLE,21,14,2.7311,8.8143,1.6,1793
0703002-0918-15-42-gnss_raw.txt,2436,459812.700,FINESTEERING,SOL_COMPUTED,SINGLE,21,14,2.8198,9.1129,1.7,1793
0703002-0918-15-42-gnss_raw.txt,2436,459812.800,FINESTEERING,SOL_COMPUTED,SINGLE,21,14,2.6377,8.5381,1.8,1793
0703002-0918-15-42-gnss_raw.txt,2436,459812.900,FINESTEERING,SOL_COMPUTED,SINGLE,21,14,2.5351,8.2118,0.9,1793
0703002-0918-15-42-gnss_raw.txt,2436,459813.000,FINESTEERING,SOL_COMPUTED,SINGLE,21,14,2.5262,8.1952,1.0,1793
0703002-0918-15-42-gnss_raw.txt,2436,459813.100,FINESTEERING,SOL_COMPUTED,SINGLE,21,14,2.6839,8.7179,1.1,1793
0703002-0918-15-42-gnss_raw.txt,2436,459813.200,FINESTEERING,SOL_COMPUTED,SINGLE,21,14,2.5244,8.2129,1.2,1793
0703002-0918-15-42-gnss_raw.txt,2436,459813.300,FINESTEERING,SOL_COMPUTED,SINGLE,21,12,2.5741,8.3987,1.3,1793
0703002-0918-15-42-gnss_raw.txt,2436,459813.400,FINESTEERING,SOL_COMPUTED,SINGLE,21,13,2.5127,8.2178,1.4,1793
0703002-0918-15-42-gnss_raw.txt,2436,459813.500,FINESTEERING,SOL_COMPUTED,SINGLE,21,13,2.5201,8.2605,1.5,1793
0703002-0918-15-42-gnss_raw.txt,2436,459813.600,FINESTEERING,SOL_COMPUTED,SINGLE,21,13,2.5178,8.2715,1.6,1793
0703002-0918-15-42-gnss_raw.txt,2436,459813.700,FINESTEERING,SOL_COMPUTED,SINGLE,21,13,2.7417,9.016,1.7,1793
0703002-0918-15-42-gnss_raw.txt,2436,459813.800,FINESTEERING,SOL_COMPUTED,SINGLE,21,14,2.7282,8.9816,0.8,1793
0703002-0918-15-42-gnss_raw.txt,2436,459813.900,FINESTEERING,SOL_COMPUTED,SINGLE,21,14,2.5368,8.3956,0.9,1793
0703002-0918-15-42-gnss_raw.txt,2436,459814.000,FINESTEERING,SOL_COMPUTED,SINGLE,21,14,2.5097,8.3459,1.0,1793
0703002-0918-15-42-gnss_raw.txt,2436,459814.100,FINESTEERING,SOL_COMPUTED,SINGLE,21,13,2.5072,8.3765,1.1,1793
0703002-0918-15-42-gnss_raw.txt,2436,459814.200,FINESTEERING,SOL_COMPUTED,SINGLE,21,14,2.5211,8.4459,1.2,1793
0703002-0918-15-42-gnss_raw.txt,2436,459814.300,FINESTEERING,SOL_COMPUTED,SINGLE,21,15,2.4932,8.3862,1.3,1793
0703002-0918-15-42-gnss_raw.txt,2436,459814.400,FINESTEERING,SOL_COMPUTED,SINGLE,21,14,2.4834,8.3859,1.4,1793
0703002-0918-15-42-gnss_raw.txt,2436,459814.500,FINESTEERING,SOL_COMPUTED,SINGLE,21,13,2.6606,9.0144,1.5,1793
0703002-0918-15-42-gnss_raw.txt,2436,459814.600,FINESTEERING,SOL_COMPUTED,SINGLE,21,13,2.5745,8.7517,1.6,1793
0703002-0918-15-42-gnss_raw.txt,2436,459814.700,FINESTEERING,SOL_COMPUTED,SINGLE,21,14,2.5372,8.649,1.7,1793
0703002-0918-15-42-gnss_raw.txt,2436,459814.800,FINESTEERING,SOL_COMPUTED,SINGLE,21,15,2.5509,8.7202,1.8,1793
0703002-0918-15-42-gnss_raw.txt,2436,459814.900,FINESTEERING,SOL_COMPUTED,SINGLE,21,15,2.5608,8.779,0.9,1793
0703002-0918-15-42-gnss_raw.txt,2436,459815.000,FINESTEERING,SOL_COMPUTED,SINGLE,21,13,2.5583,8.7954,1.0,1793
0703002-0918-15-42-gnss_raw.txt,2436,459815.100,FINESTEERING,SOL_COMPUTED,SINGLE,22,14,2.5164,8.6761,1.1,1793
0703002-0918-15-42-gnss_raw.txt,2436,459815.200,FINESTEERING,SOL_COMPUTED,SINGLE,22,14,2.4943,8.6232,1.2,1793
0703002-0918-15-42-gnss_raw.txt,2436,459815.300,FINESTEERING,SOL_COMPUTED,SINGLE,22,15,2.4943,8.6439,1.3,1793
0703002-0918-15-42-gnss_raw.txt,2436,459815.400,FINESTEERING,SOL_COMPUTED,SINGLE,22,15,2.3423,8.1432,1.4,1793
0703002-0918-15-42-gnss_raw.txt,2436,459815.500,FINESTEERING,SOL_COMPUTED,SINGLE,22,14,2.3423,8.1718,1.5,1793
0703002-0918-15-42-gnss_raw.txt,2436,459815.600,FINESTEERING,SOL_COMPUTED,SINGLE,22,14,2.3443,8.2058,1.6,1793
0703002-0918-15-42-gnss_raw.txt,2436,459815.700,FINESTEERING,SOL_COMPUTED,SINGLE,22,13,2.3598,8.2869,1.7,1793
0703002-0918-15-42-gnss_raw.txt,2436,459815.800,FINESTEERING,SOL_COMPUTED,SINGLE,22,13,2.3445,8.2597,1.8,1793
0703002-0918-15-42-gnss_raw.txt,2436,459815.900,FINESTEERING,SOL_COMPUTED,SINGLE,22,14,2.3501,8.282,1.9,1793
0703002-0918-15-42-gnss_raw.txt,2436,459816.000,FINESTEERING,SOL_COMPUTED,SINGLE,22,14,2.3427,8.256,1.0,1793
0703002-0918-15-42-gnss_raw.txt,2436,459816.100,FINESTEERING,SOL_COMPUTED,SINGLE,22,14,2.4551,8.6429,1.1,1793
0703002-0918-15-42-gnss_raw.txt,2436,459816.200,FINESTEERING,SOL_COMPUTED,SINGLE,22,14,2.4617,8.6569,1.2,1793
0703002-0918-15-42-gnss_raw.txt,2436,459816.300,FINESTEERING,SOL_COMPUTED,SINGLE,22,15,2.3495,8.2617,1.3,1793
0703002-0918-15-42-gnss_raw.txt,2436,459816.400,FINESTEERING,SOL_COMPUTED,SINGLE,22,14,2.459,8.6376,1.4,1793
0703002-0918-15-42-gnss_raw.txt,2436,459816.500,FINESTEERING,SOL_COMPUTED,SINGLE,22,13,2.4366,8.5473,1.5,1793
0703002-0918-15-42-gnss_raw.txt,2436,459816.600,FINESTEERING,SOL_COMPUTED,SINGLE,22,14,2.4618,8.6255,1.6,1793
0703002-0918-15-42-gnss_raw.txt,2436,459816.700,FINESTEERING,SOL_COMPUTED,SINGLE,22,15,2.3578,8.2618,1.7,1793
0703002-0918-15-42-gnss_raw.txt,2436,459816.800,FINESTEERING,SOL_COMPUTED,SINGLE,22,15,2.4876,8.7062,1.8,1793
0703002-0918-15-42-gnss_raw.txt,2436,459816.900,FINESTEERING,SOL_COMPUTED,SINGLE,22,14,2.4827,8.6794,1.9,1793
0703002-0918-15-42-gnss_raw.txt,2436,459817.000,FINESTEERING,SOL_COMPUTED,SINGLE,22,14,2.4505,8.556,1.0,1793
0703002-0918-15-42-gnss_raw.txt,2436,459817.100,FINESTEERING,SOL_COMPUTED,SINGLE,22,15,2.4581,8.5727,1.1,1793
0703002-0918-15-42-gnss_raw.txt,2436,459817.200,FINESTEERING,SOL_COMPUTED,SINGLE,22,14,2.3686,8.2616,1.2,1793
0703002-0918-15-42-gnss_raw.txt,2436,459817.300,FINESTEERING,SOL_COMPUTED,SINGLE,22,14,2.357,8.2207,1.3,1793
0703002-0918-15-42-gnss_raw.txt,2436,459817.400,FINESTEERING,SOL_COMPUTED,SINGLE,22,14,2.3567,8.2216,1.4,1793
0703002-0918-15-42-gnss_raw.txt,2436,459817.500,FINESTEERING,SOL_COMPUTED,SINGLE,22,14,2.3566,8.2222,1.5,1793
0703002-0918-15-42-gnss_raw.txt,2436,459817.600,FINESTEERING,SOL_COMPUTED,SINGLE,22,14,2.4198,8.4341,1.6,1793
0703002-0918-15-42-gnss_raw.txt,2436,459817.700,FINESTEERING,SOL_COMPUTED,SINGLE,22,12,2.4479,8.5204,1.7,1793
0703002-0918-15-42-gnss_raw.txt,2436,459817.800,FINESTEERING,SOL_COMPUTED,SINGLE,22,12,2.4473,8.5054,0.8,1793
0703002-0918-15-42-gnss_raw.txt,2436,459817.900,FINESTEERING,SOL_COMPUTED,SINGLE,22,15,2.4091,8.3629,0.9,1793
0703002-0918-15-42-gnss_raw.txt,2436,459818.000,FINESTEERING,SOL_COMPUTED,SINGLE,22,14,2.4,8.3229,1.0,1793
0703002-0918-15-42-gnss_raw.txt,2436,459818.100,FINESTEERING,SOL_COMPUTED,SINGLE,22,14,2.4381,8.4475,1.1,1793
0703002-0918-15-42-gnss_raw.txt,2436,459818.200,FINESTEERING,SOL_COMPUTED,SINGLE,22,15,2.4589,8.5102,1.2,1793
0703002-0918-15-42-gnss_raw.txt,2436,459818.300,FINESTEERING,SOL_COMPUTED,SINGLE,22,14,2.4455,8.4556,1.3,1793
0703002-0918-15-42-gnss_raw.txt,2436,459818.400,FINESTEERING,SOL_COMPUTED,SINGLE,22,13,2.4604,8.5015,1.4,1793
0703002-0918-15-42-gnss_raw.txt,2436,459818.500,FINESTEERING,SOL_COMPUTED,SINGLE,22,14,2.475,8.5419,1.5,1793
0703002-0918-15-42-gnss_raw.txt,2436,459818.600,FINESTEERING,SOL_COMPUTED,SINGLE,21,13,2.3621,8.1501,1.6,1793
0703002-0918-15-42-gnss_raw.txt,2436,459818.700,FINESTEERING,SOL_COMPUTED,SINGLE,21,12,2.5401,8.7561,1.7,1793
0703002-0918-15-42-gnss_raw.txt,2436,459818.800,FINESTEERING,SOL_COMPUTED,SINGLE,21,13,2.4584,8.4632,1.8,1793
0703002-0918-15-42-gnss_raw.txt,2436,459818.900,FINESTEERING,SOL_COMPUTED,SINGLE,21,13,2.4472,8.4129,1.9,1793
0703002-0918-15-42-gnss_raw.txt,2436,459819.000,FINESTEERING,SOL_COMPUTED,SINGLE,21,12,2.541,8.7207,2.0,1793
0703002-0918-15-42-gnss_raw.txt,2436,459819.100,FINESTEERING,SOL_COMPUTED,SINGLE,21,13,2.5832,8.8506,1.1,1793
0703002-0918-15-42-gnss_raw.txt,2436,459819.200,FINESTEERING,SOL_COMPUTED,SINGLE,21,14,2.5312,8.6612,1.2,1793
0703002-0918-15-42-gnss_raw.txt,2436,459819.300,FINESTEERING,SOL_COMPUTED,SINGLE,21,14,2.4203,8.2827,1.3,1793
0703002-0918-15-42-gnss_raw.txt,2436,459819.400,FINESTEERING,SOL_COMPUTED,SINGLE,20,12,2.5357,8.6643,1.4,1793
0703002-0918-15-42-gnss_raw.txt,2436,459819.500,FINESTEERING,SOL_COMPUTED,SINGLE,20,12,2.4142,8.2466,1.5,1793
0703002-0918-15-42-gnss_raw.txt,2436,459819.600,FINESTEERING,SOL_COMPUTED,SINGLE,20,13,2.4022,8.2089,1.6,1793
0703002-0918-15-42-gnss_raw.txt,2436,459819.700,FINESTEERING,SOL_COMPUTED,SINGLE,20,13,2.3905,8.1714,1.7,1793
0703002-0918-15-42-gnss_raw.txt,2436,459819.800,FINESTEERING,SOL_COMPUTED,SINGLE,20,13,2.3854,8.1565,0.8,1793
0703002-0918-15-42-gnss_raw.txt,2436,459819.900,FINESTEERING,SOL_COMPUTED,SINGLE,20,13,2.3908,8.174,0.9,1793
0703002-0918-15-42-gnss_raw.txt,2436,459820.000,FINESTEERING,SOL_COMPUTED,SINGLE,20,14,2.3907,8.176,1.0,1793
0703002-0918-15-42-gnss_raw.txt,2436,459820.100,FINESTEERING,SOL_COMPUTED,SINGLE,20,14,2.4361,8.3226,1.1,1793
0703002-0918-15-42-gnss_raw.txt,2436,459820.200,FINESTEERING,SOL_COMPUTED,SINGLE,20,14,2.4457,8.3452,1.2,1793
0703002-0918-15-42-gnss_raw.txt,2436,459820.300,FINESTEERING,SOL_COMPUTED,SINGLE,20,14,2.4635,8.3967,1.3,1793
0703002-0918-15-42-gnss_raw.txt,2436,459820.400,FINESTEERING,SOL_COMPUTED,SINGLE,20,14,2.4749,8.4268,1.4,1793
0703002-0918-15-42-gnss_raw.txt,2436,459820.500,FINESTEERING,SOL_COMPUTED,SINGLE,20,13,2.4841,8.4493,1.5,1793
0703002-0918-15-42-gnss_raw.txt,2436,459820.600,FINESTEERING,SOL_COMPUTED,SINGLE,21,14,2.5304,8.5982,1.6,1793
0703002-0918-15-42-gnss_raw.txt,2436,459820.700,FINESTEERING,SOL_COMPUTED,SINGLE,21,12,2.6168,8.8799,1.7,1793
0703002-0918-15-42-gnss_raw.txt,2436,459820.800,FINESTEERING,SOL_COMPUTED,SINGLE,21,12,2.4761,8.4025,0.8,1793
0703002-0918-15-42-gnss_raw.txt,2436,459820.900,FINESTEERING,SOL_COMPUTED,SINGLE,21,13,2.4555,8.3424,0.9,1793
0703002-0918-15-42-gnss_raw.txt,2436,459821.000,FINESTEERING,SOL_COMPUTED,SINGLE,21,13,2.5896,8.798,1.0,1793
0703002-0918-15-42-gnss_raw.txt,2436,459821.100,FINESTEERING,SOL_COMPUTED,SINGLE,21,13,2.5958,8.8199,1.1,1793
0703002-0918-15-42-gnss_raw.txt,2436,459821.200,FINESTEERING,SOL_COMPUTED,SINGLE,21,13,2.4607,8.3697,1.2,1793
0703002-0918-15-42-gnss_raw.txt,2436,459821.300,FINESTEERING,SOL_COMPUTED,SINGLE,21,12,2.4787,8.4441,1.3,1793
0703002-0918-15-42-gnss_raw.txt,2436,459821.400,FINESTEERING,SOL_COMPUTED,SINGLE,21,12,2.49,8.4921,1.4,1793
0703002-0918-15-42-gnss_raw.txt,2436,459821.500,FINESTEERING,SOL_COMPUTED,SINGLE,20,13,2.6259,8.9565,1.5,1793
0703002-0918-15-42-gnss_raw.txt,2436,459821.600,FINESTEERING,SOL_COMPUTED,SINGLE,20,13,2.5547,8.7164,1.6,1793
0703002-0918-15-42-gnss_raw.txt,2436,459821.700,FINESTEERING,SOL_COMPUTED,SINGLE,20,12,2.4809,8.4624,1.7,1793
0703002-0918-15-42-gnss_raw.txt,2436,459821.800,FINESTEERING,SOL_COMPUTED,SINGLE,20,12,2.6258,8.9423,1.8,1793
0703002-0918-15-42-gnss_raw.txt,2436,459821.900,FINESTEERING,SOL_COMPUTED,SINGLE,20,12,2.7029,9.1879,1.9,1793
0703002-0918-15-42-gnss_raw.txt,2436,459822.000,FINESTEERING,SOL_COMPUTED,SINGLE,20,10,2.8197,9.5636,1.0,1793
0703002-0918-15-42-gnss_raw.txt,2436,459822.100,FINESTEERING,SOL_COMPUTED,SINGLE,20,8,3.241,10.9674,1.1,1793
0703002-0918-15-42-gnss_raw.txt,2436,459822.200,FINESTEERING,SOL_COMPUTED,SINGLE,20,13,4.9379,16.6733,1.2,1793
0703002-0918-15-42-gnss_raw.txt,2436,459822.300,FINESTEERING,SOL_COMPUTED,SINGLE,21,8,3.6601,12.3317,1.3,1793
0703002-0918-15-42-gnss_raw.txt,2436,459822.400,FINESTEERING,SOL_COMPUTED,SINGLE,21,7,3.5416,11.9066,1.4,1793
0703002-0918-15-42-gnss_raw.txt,2436,459822.500,FINESTEERING,SOL_COMPUTED,SINGLE,21,7,3.1453,10.5508,1.5,1793
0703002-0918-15-42-gnss_raw.txt,2436,459822.600,FINESTEERING,SOL_COMPUTED,SINGLE,21,7,3.8813,12.9878,1.6,1793
0703002-0918-15-42-gnss_raw.txt,2436,459822.700,FINESTEERING,SOL_COMPUTED,SINGLE,21,7,3.9087,13.0535,0.7,1793
0703002-0918-15-42-gnss_raw.txt,2436,459822.800,FINESTEERING,SOL_COMPUTED,SINGLE,21,8,3.5368,11.7895,0.8,1793
0703002-0918-15-42-gnss_raw.txt,2436,459822.900,FINESTEERING,SOL_COMPUTED,SINGLE,21,7,4.2205,14.0402,0.9,1793
0703002-0918-15-42-gnss_raw.txt,2436,459823.000,FINESTEERING,SOL_COMPUTED,SINGLE,21,7,3.6744,12.2019,1.0,1793
0703002-0918-15-42-gnss_raw.txt,2436,459823.100,FINESTEERING,SOL_COMPUTED,SINGLE,21,7,3.8537,12.776,1.1,1793
0703002-0918-15-42-gnss_raw.txt,2436,459823.200,FINESTEERING,SOL_COMPUTED,SINGLE,21,7,4.3057,14.2492,1.2,1793
0703002-0918-15-42-gnss_raw.txt,2436,459823.300,FINESTEERING,SOL_COMPUTED,SINGLE,21,9,3.9033,12.8961,1.3,1793
0703002-0918-15-42-gnss_raw.txt,2436,459823.400,FINESTEERING,SOL_COMPUTED,SINGLE,21,8,3.8191,12.5955,1.4,1793
0703002-0918-15-42-gnss_raw.txt,2436,459823.500,FINESTEERING,SOL_COMPUTED,SINGLE,21,8,3.6939,12.1617,1.5,1793
0703002-0918-15-42-gnss_raw.txt,2436,459823.600,FINESTEERING,SOL_COMPUTED,SINGLE,21,9,3.9837,13.098,1.6,1793
0703002-0918-15-42-gnss_raw.txt,2436,459823.700,FINESTEERING,SOL_COMPUTED,SINGLE,21,8,3.9601,13.0025,0.7,1793
0703002-0918-15-42-gnss_raw.txt,2436,459823.800,FINESTEERING,SOL_COMPUTED,SINGLE,21,8,3.9082,12.8107,0.8,1793
0703002-0918-15-42-gnss_raw.txt,2436,459823.900,FINESTEERING,SOL_COMPUTED,SINGLE,21,8,3.6782,12.038,0.9,1793
0703002-0918-15-42-gnss_raw.txt,2436,459824.000,FINESTEERING,SOL_COMPUTED,SINGLE,21,13,3.3651,10.9982,1.0,1793
0703002-0918-15-42-gnss_raw.txt,2436,459824.100,FINESTEERING,SOL_COMPUTED,SINGLE,21,11,3.2683,10.6636,1.1,1793
0703002-0918-15-42-gnss_raw.txt,2436,459824.200,FINESTEERING,SOL_COMPUTED,SINGLE,21,10,3.4419,11.2119,1.2,1793
0703002-0918-15-42-gnss_raw.txt,2436,459824.300,FINESTEERING,SOL_COMPUTED,SINGLE,21,10,3.5517,11.5516,1.3,1793
0703002-0918-15-42-gnss_raw.txt,2436,459824.400,FINESTEERING,SOL_COMPUTED,SINGLE,21,10,3.6049,11.7053,1.4,1793
0703002-0918-15-42-gnss_raw.txt,2436,459824.500,FINESTEERING,SOL_COMPUTED,SINGLE,21,7,3.7487,12.1504,1.5,1793
0703002-0918-15-42-gnss_raw.txt,2436,459824.600,FINESTEERING,SOL_COMPUTED,SINGLE,21,8,3.6433,11.7862,1.6,1793
0703002-0918-15-42-gnss_raw.txt,2436,459824.700,FINESTEERING,SOL_COMPUTED,SINGLE,21,7,3.457,11.1648,1.7,1793
0703002-0918-15-42-gnss_raw.txt,2436,459824.800,FINESTEERING,SOL_COMPUTED,SINGLE,21,7,3.3496,10.8001,1.8,1793
0703002-0918-15-42-gnss_raw.txt,2436,459824.900,FINESTEERING,SOL_COMPUTED,SINGLE,21,9,3.1022,9.9844,1.9,1793
0703002-0918-15-42-gnss_raw.txt,2436,459825.000,FINESTEERING,SOL_COMPUTED,SINGLE,21,8,3.1889,10.2439,1.0,1793
0703002-0918-15-42-gnss_raw.txt,2436,459825.100,FINESTEERING,SOL_COMPUTED,SINGLE,21,8,3.1185,9.9986,1.1,1793
0703002-0918-15-42-gnss_raw.txt,2436,459825.200,FINESTEERING,SOL_COMPUTED,SINGLE,21,7,3.6057,11.5409,1.2,1793
0703002-0918-15-42-gnss_raw.txt,2436,459825.300,FINESTEERING,SOL_COMPUTED,SINGLE,21,10,3.5421,11.3182,1.3,1793
0703002-0918-15-42-gnss_raw.txt,2436,459825.400,FINESTEERING,SOL_COMPUTED,SINGLE,21,9,3.2154,10.2583,1.4,1793
0703002-0918-15-42-gnss_raw.txt,2436,459825.500,FINESTEERING,SOL_COMPUTED,SINGLE,21,9,3.0873,9.8328,1.5,1793
0703002-0918-15-42-gnss_raw.txt,2436,459825.600,FINESTEERING,SOL_COMPUTED,SINGLE,21,9,3.105,9.8725,1.6,1793
0703002-0918-15-42-gnss_raw.txt,2436,459825.700,FINESTEERING,SOL_COMPUTED,SINGLE,21,8,3.498,11.101,1.7,1793
0703002-0918-15-42-gnss_raw.txt,2436,459825.800,FINESTEERING,SOL_COMPUTED,SINGLE,21,10,3.9812,12.611,1.8,1793
0703002-0918-15-42-gnss_raw.txt,2436,459825.900,FINESTEERING,SOL_COMPUTED,SINGLE,21,9,3.4416,10.8815,0.9,1793
0703002-0918-15-42-gnss_raw.txt,2436,459826.000,FINESTEERING,SOL_COMPUTED,SINGLE,21,9,3.5084,11.074,1.0,1793
0703002-0918-15-42-gnss_raw.txt,2436,459826.100,FINESTEERING,SOL_COMPUTED,SINGLE,21,9,3.3192,10.4596,1.1,1793
0703002-0918-15-42-gnss_raw.txt,2436,459826.200,FINESTEERING,SOL_COMPUTED,SINGLE,21,9,3.3969,10.6879,1.2,1793
0703002-0918-15-42-gnss_raw.txt,2436,459826.300,FINESTEERING,SOL_COMPUTED,SINGLE,20,9,3.315,10.4143,1.3,1793
0703002-0918-15-42-gnss_raw.txt,2436,459826.400,FINESTEERING,SOL_COMPUTED,SINGLE,21,8,3.3205,10.4148,1.4,1793
0703002-0918-15-42-gnss_raw.txt,2436,459826.500,FINESTEERING,SOL_COMPUTED,SINGLE,21,8,3.0609,9.5867,1.5,1793
0703002-0918-15-42-gnss_raw.txt,2436,459826.600,FINESTEERING,SOL_COMPUTED,SINGLE,21,8,3.4342,10.7408,1.6,1793
0703002-0918-15-42-gnss_raw.txt,2436,459826.700,FINESTEERING,SOL_COMPUTED,SINGLE,21,8,3.3382,10.4253,1.7,1793
0703002-0918-15-42-gnss_raw.txt,2436,459826.800,FINESTEERING,SOL_COMPUTED,SINGLE,21,8,3.4436,10.7433,1.8,1793
0703002-0918-15-42-gnss_raw.txt,2436,459826.900,FINESTEERING,SOL_COMPUTED,SINGLE,21,10,3.8253,11.9248,0.9,1793
0703002-0918-15-42-gnss_raw.txt,2436,459827.000,FINESTEERING,SOL_COMPUTED,SINGLE,21,9,3.5455,11.0428,1.0,1793
0703002-0918-15-42-gnss_raw.txt,2436,459827.100,FINESTEERING,SOL_COMPUTED,SINGLE,21,9,3.2513,10.1165,1.1,1793
0703002-0918-15-42-gnss_raw.txt,2436,459827.200,FINESTEERING,SOL_COMPUTED,SINGLE,21,9,3.0314,9.4222,1.2,1793
0703002-0918-15-42-gnss_raw.txt,2436,459827.300,FINESTEERING,SOL_COMPUTED,SINGLE,21,11,3.1735,9.8511,1.3,1793
0703002-0918-15-42-gnss_raw.txt,2436,459827.400,FINESTEERING,SOL_COMPUTED,SINGLE,21,9,3.1951,9.9086,1.4,1793
0703002-0918-15-42-gnss_raw.txt,2436,459827.500,FINESTEERING,SOL_COMPUTED,SINGLE,21,9,3.1605,9.793,1.5,1793
0703002-0918-15-42-gnss_raw.txt,2436,459827.600,FINESTEERING,SOL_COMPUTED,SINGLE,20,9,3.1763,9.835,1.6,1793
0703002-0918-15-42-gnss_raw.txt,2436,459827.700,FINESTEERING,SOL_COMPUTED,SINGLE,20,11,3.2735,10.1336,1.7,1793
0703002-0918-15-42-gnss_raw.txt,2436,459827.800,FINESTEERING,SOL_COMPUTED,SINGLE,20,11,3.382,10.464,1.8,1793
0703002-0918-15-42-gnss_raw.txt,2436,459827.900,FINESTEERING,SOL_COMPUTED,SINGLE,20,13,3.2344,10.0028,0.9,1793
0703002-0918-15-42-gnss_raw.txt,2436,459828.000,FINESTEERING,SOL_COMPUTED,SINGLE,20,13,3.2161,9.9416,1.0,1793
0703002-0918-15-42-gnss_raw.txt,2436,459828.100,FINESTEERING,SOL_COMPUTED,SINGLE,20,14,3.1668,9.7849,1.1,1793
0703002-0918-15-42-gnss_raw.txt,2436,459828.200,FINESTEERING,SOL_COMPUTED,SINGLE,19,12,3.5602,10.9918,1.2,1793
0703002-0918-15-42-gnss_raw.txt,2436,459828.300,FINESTEERING,SOL_COMPUTED,SINGLE,19,12,3.2567,10.0512,1.3,1793
0703002-0918-15-42-gnss_raw.txt,2436,459828.400,FINESTEERING,SOL_COMPUTED,SINGLE,19,12,3.36,10.3657,1.4,1793
0703002-0918-15-42-gnss_raw.txt,2436,459828.500,FINESTEERING,SOL_COMPUTED,SINGLE,19,13,3.3618,10.3655,1.5,1793
0703002-0918-15-42-gnss_raw.txt,2436,459828.600,FINESTEERING,SOL_COMPUTED,SINGLE,19,14,3.4756,10.7146,1.6,1793
0703002-0918-15-42-gnss_raw.txt,2436,459828.700,FINESTEERING,SOL_COMPUTED,SINGLE,19,14,3.1872,9.8168,1.7,1793
0703002-0918-15-42-gnss_raw.txt,2436,459828.800,FINESTEERING,SOL_COMPUTED,SINGLE,19,12,3.2425,9.9773,1.8,1793
0703002-0918-15-42-gnss_raw.txt,2436,459828.900,FINESTEERING,SOL_COMPUTED,SINGLE,20,14,3.2003,9.8367,0.9,1793
0703002-0918-15-42-gnss_raw.txt,2436,459829.000,FINESTEERING,SOL_COMPUTED,SINGLE,20,13,3.0641,9.4101,1.0,1793
0703002-0918-15-42-gnss_raw.txt,2436,459829.100,FINESTEERING,SOL_COMPUTED,SINGLE,20,15,3.3563,10.298,1.1,1793
0703002-0918-15-42-gnss_raw.txt,2436,459829.200,FINESTEERING,SOL_COMPUTED,SINGLE,20,13,3.2304,9.901,1.2,1793
0703002-0918-15-42-gnss_raw.txt,2436,459829.300,FINESTEERING,SOL_COMPUTED,SINGLE,20,13,3.2342,9.9,1.3,1793
0703002-0918-15-42-gnss_raw.txt,2436,459829.400,FINESTEERING,SOL_COMPUTED,SINGLE,20,13,3.3581,10.2664,1.4,1793
0703002-0918-15-42-gnss_raw.txt,2436,459829.500,FINESTEERING,SOL_COMPUTED,SINGLE,20,13,3.3174,10.1327,1.5,1793
0703002-0918-15-42-gnss_raw.txt,2436,459829.600,FINESTEERING,SOL_COMPUTED,SINGLE,20,12,3.209,9.7948,1.6,1793
0703002-0918-15-42-gnss_raw.txt,2436,459829.700,FINESTEERING,SOL_COMPUTED,SINGLE,20,12,3.2368,9.8735,1.7,1793
0703002-0918-15-42-gnss_raw.txt,2436,459829.800,FINESTEERING,SOL_COMPUTED,SINGLE,20,11,3.3338,10.1615,1.8,1793
0703002-0918-15-42-gnss_raw.txt,2436,459829.900,FINESTEERING,SOL_COMPUTED,SINGLE,20,15,3.2665,9.95,0.9,1793
0703002-0918-15-42-gnss_raw.txt,2436,459830.000,FINESTEERING,SOL_COMPUTED,SINGLE,20,14,3.2168,9.7893,1.0,1793
0703002-0918-15-42-gnss_raw.txt,2436,459830.100,FINESTEERING,SOL_COMPUTED,SINGLE,20,13,3.7598,11.4305,1.1,1793
0703002-0918-15-42-gnss_raw.txt,2436,459830.200,FINESTEERING,SOL_COMPUTED,SINGLE,20,15,3.6038,10.948,1.2,1793
0703002-0918-15-42-gnss_raw.txt,2436,459830.300,FINESTEERING,SOL_COMPUTED,SINGLE,20,16,3.6892,11.1994,1.3,1793
0703002-0918-15-42-gnss_raw.txt,2436,459830.400,FINESTEERING,SOL_COMPUTED,SINGLE,20,14,3.6559,11.0922,1.4,1793
0703002-0918-15-42-gnss_raw.txt,2436,459830.500,FINESTEERING,SOL_COMPUTED,SINGLE,20,12,3.4746,10.5361,1.5,1793
0703002-0918-15-42-gnss_raw.txt,2436,459830.600,FINESTEERING,SOL_COMPUTED,SINGLE,20,12,3.4257,10.3812,1.6,1793
0703002-0918-15-42-gnss_raw.txt,2436,459830.700,FINESTEERING,SOL_COMPUTED,SINGLE,20,13,3.3238,10.0667,1.7,1793
0703002-0918-15-42-gnss_raw.txt,2436,459830.800,FINESTEERING,SOL_COMPUTED,SINGLE,20,13,3.353,10.1479,0.8,1793
0703002-0918-15-42-gnss_raw.txt,2436,459830.900,FINESTEERING,SOL_COMPUTED,SINGLE,20,13,3.3408,10.1028,0.9,1793
0703002-0918-15-42-gnss_raw.txt,2436,459831.000,FINESTEERING,SOL_COMPUTED,SINGLE,20,12,3.3293,10.062,1.0,1793
0703002-0918-15-42-gnss_raw.txt,2436,459831.100,FINESTEERING,SOL_COMPUTED,SINGLE,20,12,3.512,10.6052,1.1,1793
0703002-0918-15-42-gnss_raw.txt,2436,459831.200,FINESTEERING,SOL_COMPUTED,SINGLE,20,12,3.4742,10.4812,1.2,1793
0703002-0918-15-42-gnss_raw.txt,2436,459831.300,FINESTEERING,SOL_COMPUTED,SINGLE,20,14,3.474,10.4702,1.3,1793
0703002-0918-15-42-gnss_raw.txt,2436,459831.400,FINESTEERING,SOL_COMPUTED,SINGLE,20,13,3.4228,10.3046,1.4,1793
0703002-0918-15-42-gnss_raw.txt,2436,459831.500,FINESTEERING,SOL_COMPUTED,SINGLE,19,13,3.4469,10.3669,1.5,1793
0703002-0918-15-42-gnss_raw.txt,2436,459831.600,FINESTEERING,SOL_COMPUTED,SINGLE,19,13,3.4991,10.5164,1.6,1793
0703002-0918-15-42-gnss_raw.txt,2436,459831.700,FINESTEERING,SOL_COMPUTED,SINGLE,19,13,3.51,10.5426,1.7,1793
0703002-0918-15-42-gnss_raw.txt,2436,459831.800,FINESTEERING,SOL_COMPUTED,SINGLE,19,15,3.591,10.7816,1.8,1793
0703002-0918-15-42-gnss_raw.txt,2436,459831.900,FINESTEERING,SOL_COMPUTED,SINGLE,19,14,3.5725,10.7187,1.9,1793
0703002-0918-15-42-gnss_raw.txt,2436,459832.000,FINESTEERING,SOL_COMPUTED,SINGLE,19,12,3.4989,10.4875,2.0,1793
0703002-0918-15-42-gnss_raw.txt,2436,459832.100,FINESTEERING,SOL_COMPUTED,SINGLE,19,12,3.5494,10.6307,1.1,1793
0703002-0918-15-42-gnss_raw.txt,2436,459832.200,FINESTEERING,SOL_COMPUTED,SINGLE,19,12,3.5768,10.7044,1.2,1793
0703002-0918-15-42-gnss_raw.txt,2436,459832.300,FINESTEERING,SOL_COMPUTED,SINGLE,19,12,3.6289,10.853,1.3,1793
0703002-0918-15-42-gnss_raw.txt,2436,459832.400,FINESTEERING,SOL_COMPUTED,SINGLE,19,12,3.6831,11.0076,1.4,1793
0703002-0918-15-42-gnss_raw.txt,2436,459832.500,FINESTEERING,SOL_COMPUTED,SINGLE,19,12,3.6173,10.803,1.5,1793
0703002-0918-15-42-gnss_raw.txt,2436,459832.600,FINESTEERING,SOL_COMPUTED,SINGLE,19,12,3.6595,10.9203,1.6,1793
0703002-0918-15-42-gnss_raw.txt,2436,459832.700,FINESTEERING,SOL_COMPUTED,SINGLE,19,12,3.7025,11.04,1.7,1793
0703002-0918-15-42-gnss_raw.txt,2436,459832.800,FINESTEERING,SOL_COMPUTED,SINGLE,19,12,3.6276,10.8088,1.8,1793
0703002-0918-15-42-gnss_raw.txt,2436,459832.900,FINESTEERING,SOL_COMPUTED,SINGLE,19,12,3.5984,10.7157,0.9,1793
0703002-0918-15-42-gnss_raw.txt,2436,459833.000,FINESTEERING,SOL_COMPUTED,SINGLE,19,13,3.5628,10.6018,1.0,1793
0703002-0918-15-42-gnss_raw.txt,2436,459833.100,FINESTEERING,SOL_COMPUTED,SINGLE,19,13,3.6249,10.7759,1.1,1793
0703002-0918-15-42-gnss_raw.txt,2436,459833.200,FINESTEERING,SOL_COMPUTED,SINGLE,19,14,4.0025,11.8878,1.2,1793
0703002-0918-15-42-gnss_raw.txt,2436,459833.300,FINESTEERING,SOL_COMPUTED,SINGLE,19,14,3.9484,11.7187,1.3,1793
0703002-0918-15-42-gnss_raw.txt,2436,459833.400,FINESTEERING,SOL_COMPUTED,SINGLE,19,14,4.2814,12.6988,1.4,1793
0703002-0918-15-42-gnss_raw.txt,2436,459833.500,FINESTEERING,SOL_COMPUTED,SINGLE,19,15,3.777,11.199,1.5,1793
0703002-0918-15-42-gnss_raw.txt,2436,459833.600,FINESTEERING,SOL_COMPUTED,SINGLE,19,13,4.4512,13.2057,1.6,1793
0703002-0918-15-42-gnss_raw.txt,2436,459833.700,FINESTEERING,SOL_COMPUTED,SINGLE,19,13,3.6277,10.7768,1.7,1793
0703002-0918-15-42-gnss_raw.txt,2436,459833.800,FINESTEERING,SOL_COMPUTED,SINGLE,19,14,3.7867,11.2658,1.8,1793
0703002-0918-15-42-gnss_raw.txt,2436,459833.900,FINESTEERING,SOL_COMPUTED,SINGLE,19,14,3.8692,11.5278,0.9,1793
0703002-0918-15-42-gnss_raw.txt,2436,459834.000,FINESTEERING,SOL_COMPUTED,SINGLE,19,13,3.6115,10.7713,1.0,1793
0703002-0918-15-42-gnss_raw.txt,2436,459834.100,FINESTEERING,SOL_COMPUTED,SINGLE,19,15,3.6304,10.843,1.1,1793
0703002-0918-15-42-gnss_raw.txt,2436,459834.200,FINESTEERING,SOL_COMPUTED,SINGLE,19,15,3.6525,10.9218,1.2,1793
0703002-0918-15-42-gnss_raw.txt,2436,459834.300,FINESTEERING,SOL_COMPUTED,SINGLE,20,14,3.4206,10.2381,1.3,1793
0703002-0918-15-42-gnss_raw.txt,2436,459834.400,FINESTEERING,SOL_COMPUTED,SINGLE,20,14,3.4436,10.3168,1.4,1793
0703002-0918-15-42-gnss_raw.txt,2436,459834.500,FINESTEERING,SOL_COMPUTED,SINGLE,20,15,3.4123,10.2338,1.5,1793
0703002-0918-15-42-gnss_raw.txt,2436,459834.600,FINESTEERING,SOL_COMPUTED,SINGLE,20,14,3.5107,10.5384,1.6,1793
0703002-0918-15-42-gnss_raw.txt,2436,459834.700,FINESTEERING,SOL_COMPUTED,SINGLE,20,13,3.6274,10.898,0.7,1793
0703002-0918-15-42-gnss_raw.txt,2436,459834.800,FINESTEERING,SOL_COMPUTED,SINGLE,20,15,3.7087,11.1459,0.8,1793
0703002-0918-15-42-gnss_raw.txt,2436,459834.900,FINESTEERING,SOL_COMPUTED,SINGLE,20,16,3.6337,10.9227,0.9,1793
0703002-0918-15-42-gnss_raw.txt,2436,459835.000,FINESTEERING,SOL_COMPUTED,SINGLE,20,15,3.6349,10.9268,1.0,1793
0703002-0918-15-42-gnss_raw.txt,2436,459835.100,FINESTEERING,SOL_COMPUTED,SINGLE,20,14,3.4757,10.4456,1.1,1793
0703002-0918-15-42-gnss_raw.txt,2436,459835.200,FINESTEERING,SOL_COMPUTED,SINGLE,20,14,3.4923,10.4926,1.2,1793
0703002-0918-15-42-gnss_raw.txt,2436,459835.300,FINESTEERING,SOL_COMPUTED,SINGLE,20,13,3.4509,10.3704,1.3,1793
0703002-0918-15-42-gnss_raw.txt,2436,459835.400,FINESTEERING,SOL_COMPUTED,SINGLE,20,15,3.5177,10.5728,1.4,1793
0703002-0918-15-42-gnss_raw.txt,2436,459835.500,FINESTEERING,SOL_COMPUTED,SINGLE,20,14,3.8106,11.4559,1.5,1793
0703002-0918-15-42-gnss_raw.txt,2436,459835.600,FINESTEERING,SOL_COMPUTED,SINGLE,20,15,3.3492,10.0696,1.6,1793
0703002-0918-15-42-gnss_raw.txt,2436,459835.700,FINESTEERING,SOL_COMPUTED,SINGLE,20,16,3.8229,11.501,1.7,1793
0703002-0918-15-42-gnss_raw.txt,2436,459835.800,FINESTEERING,SOL_COMPUTED,SINGLE,20,15,3.6299,10.9238,0.8,1793
0703002-0918-15-42-gnss_raw.txt,2436,459835.900,FINESTEERING,SOL_COMPUTED,SINGLE,20,15,3.5977,10.8295,0.9,1793
0703002-0918-15-42-gnss_raw.txt,2436,459836.000,FINESTEERING,SOL_COMPUTED,SINGLE,20,14,3.4838,10.4847,1.0,1793
0703002-0918-15-42-gnss_raw.txt,2436,459836.100,FINESTEERING,SOL_COMPUTED,SINGLE,20,14,3.476,10.4584,1.1,1793
0703002-0918-15-42-gnss_raw.txt,2436,459836.200,FINESTEERING,SOL_COMPUTED,SINGLE,20,15,3.5595,10.7116,1.2,1793
0703002-0918-15-42-gnss_raw.txt,2436,459836.300,FINESTEERING,SOL_COMPUTED,SINGLE,20,15,3.5051,10.5518,1.3,1793
0703002-0918-15-42-gnss_raw.txt,2436,459836.400,FINESTEERING,SOL_COMPUTED,SINGLE,20,12,3.5668,10.739,1.4,1793
0703002-0918-15-42-gnss_raw.txt,2436,459836.500,FINESTEERING,SOL_COMPUTED,SINGLE,20,13,3.4234,10.3036,1.5,1793
0703002-0918-15-42-gnss_raw.txt,2436,459836.600,FINESTEERING,SOL_COMPUTED,SINGLE,20,13,3.2458,9.768,1.6,1793
0703002-0918-15-42-gnss_raw.txt,2436,459836.700,FINESTEERING,SOL_COMPUTED,SINGLE,20,14,3.4946,10.5169,1.7,1793
0703002-0918-15-42-gnss_raw.txt,2436,459836.800,FINESTEERING,SOL_COMPUTED,SINGLE,20,14,3.6944,11.1261,1.8,1793
0703002-0918-15-42-gnss_raw.txt,2436,459836.900,FINESTEERING,SOL_COMPUTED,SINGLE,20,14,3.4375,10.3514,0.9,1793
0703002-0918-15-42-gnss_raw.txt,2436,459837.000,FINESTEERING,SOL_COMPUTED,SINGLE,20,13,3.3049,9.9505,1.0,1793
0703002-0918-15-42-gnss_raw.txt,2436,459837.100,FINESTEERING,SOL_COMPUTED,SINGLE,20,14,3.7877,11.4014,1.1,1793
0703002-0918-15-42-gnss_raw.txt,2436,459837.200,FINESTEERING,SOL_COMPUTED,SINGLE,20,13,3.5157,10.5789,1.2,1793
0703002-0918-15-42-gnss_raw.txt,2436,459837.300,FINESTEERING,SOL_COMPUTED,SINGLE,20,15,3.3977,10.2245,1.3,1793
0703002-0918-15-42-gnss_raw.txt,2436,459837.400,FINESTEERING,SOL_COMPUTED,SINGLE,20,14,3.4554,10.3997,1.4,1793
0703002-0918-15-42-gnss_raw.txt,2436,459837.500,FINESTEERING,SOL_COMPUTED,SINGLE,20,13,3.2145,9.6747,1.5,1793
0703002-0918-15-42-gnss_raw.txt,2436,459837.600,FINESTEERING,SOL_COMPUTED,SINGLE,20,15,3.3378,10.0461,1.6,1793
0703002-0918-15-42-gnss_raw.txt,2436,459837.700,FINESTEERING,SOL_COMPUTED,SINGLE,20,13,3.2053,9.646,0.7,1793
0703002-0918-15-42-gnss_raw.txt,2436,459837.800,FINESTEERING,SOL_COMPUTED,SINGLE,20,13,3.2164,9.6773,0.8,1793
0703002-0918-15-42-gnss_raw.txt,2436,459837.900,FINESTEERING,SOL_COMPUTED,SINGLE,20,13,3.2535,9.7869,0.9,1793
0703002-0918-15-42-gnss_raw.txt,2436,459838.000,FINESTEERING,SOL_COMPUTED,SINGLE,20,13,3.2581,9.7975,1.0,1793
0703002-0918-15-42-gnss_raw.txt,2436,459838.100,FINESTEERING,SOL_COMPUTED,SINGLE,20,14,3.4183,10.2744,1.1,1793
0703002-0918-15-42-gnss_raw.txt,2436,459838.200,FINESTEERING,SOL_COMPUTED,SINGLE,20,12,3.4602,10.3979,1.2,1793
0703002-0918-15-42-gnss_raw.txt,2436,459838.300,FINESTEERING,SOL_COMPUTED,SINGLE,20,13,3.4419,10.3383,1.3,1793
0703002-0918-15-42-gnss_raw.txt,2436,459838.400,FINESTEERING,SOL_COMPUTED,SINGLE,20,14,3.4576,10.3841,1.4,1793
0703002-0918-15-42-gnss_raw.txt,2436,459838.500,FINESTEERING,SOL_COMPUTED,SINGLE,19,14,3.3906,10.1811,1.5,1793
0703002-0918-15-42-gnss_raw.txt,2436,459838.600,FINESTEERING,SOL_COMPUTED,SINGLE,19,14,3.3681,10.1109,1.6,1793
0703002-0918-15-42-gnss_raw.txt,2436,459838.700,FINESTEERING,SOL_COMPUTED,SINGLE,19,13,3.8997,11.7026,0.7,1793
0703002-0918-15-42-gnss_raw.txt,2436,459838.800,FINESTEERING,SOL_COMPUTED,SINGLE,19,14,3.8208,11.4656,0.8,1793
0703002-0918-15-42-gnss_raw.txt,2436,459838.900,FINESTEERING,SOL_COMPUTED,SINGLE,19,13,4.1135,12.343,0.9,1793
0703002-0918-15-42-gnss_raw.txt,2436,459839.000,FINESTEERING,SOL_COMPUTED,SINGLE,19,14,3.995,11.9892,1.0,1793
0703002-0918-15-42-gnss_raw.txt,2436,459839.100,FINESTEERING,SOL_COMPUTED,SINGLE,19,14,4.0381,12.1177,1.1,1793
0703002-0918-15-42-gnss_raw.txt,2436,459839.200,FINESTEERING,SOL_COMPUTED,SINGLE,19,15,4.0318,12.1029,1.2,1793
0703002-0918-15-42-gnss_raw.txt,2436,459839.300,FINESTEERING,SOL_COMPUTED,SINGLE,19,13,3.6065,10.8276,1.3,1793
0703002-0918-15-42-gnss_raw.txt,2436,459839.400,FINESTEERING,SOL_COMPUTED,SINGLE,19,13,3.8799,11.6497,1.4,1793
0703002-0918-15-42-gnss_raw.txt,2436,459839.500,FINESTEERING,SOL_COMPUTED,SINGLE,19,14,3.6876,11.073,1.5,1793
0703002-0918-15-42-gnss_raw.txt,2436,459839.600,FINESTEERING,SOL_COMPUTED,SINGLE,19,14,3.7329,11.2104,1.6,1793
0703002-0918-15-42-gnss_raw.txt,2436,459839.700,FINESTEERING,SOL_COMPUTED,SINGLE,19,14,3.7679,11.3172,0.7,1793
0703002-0918-15-42-gnss_raw.txt,2436,459839.800,FINESTEERING,SOL_COMPUTED,SINGLE,19,14,3.6236,10.8857,0.8,1793
0703002-0918-15-42-gnss_raw.txt,2436,459839.900,FINESTEERING,SOL_COMPUTED,SINGLE,19,14,3.6076,10.8382,0.9,1793
0703002-0918-15-42-gnss_raw.txt,2436,459840.000,FINESTEERING,SOL_COMPUTED,SINGLE,19,16,4.3735,13.1432,1.0,1793
0703002-0918-15-42-gnss_raw.txt,2436,459840.100,FINESTEERING,SOL_COMPUTED,SINGLE,19,15,3.6321,10.9151,1.1,1793
0703002-0918-15-42-gnss_raw.txt,2436,459840.200,FINESTEERING,SOL_COMPUTED,SINGLE,19,16,4.0132,12.0641,1.2,1793
0703002-0918-15-42-gnss_raw.txt,2436,459840.300,FINESTEERING,SOL_COMPUTED,SINGLE,19,14,4.0013,12.0272,1.3,1793
0703002-0918-15-42-gnss_raw.txt,2436,459840.400,FINESTEERING,SOL_COMPUTED,SINGLE,19,16,4.0499,12.1788,1.4,1793
0703002-0918-15-42-gnss_raw.txt,2436,459840.500,FINESTEERING,SOL_COMPUTED,SINGLE,19,14,3.9864,11.9887,1.5,1793
0703002-0918-15-42-gnss_raw.txt,2436,459840.600,FINESTEERING,SOL_COMPUTED,SINGLE,19,13,4.2288,12.7228,1.6,1793
0703002-0918-15-42-gnss_raw.txt,2436,459840.700,FINESTEERING,SOL_COMPUTED,SINGLE,19,14,3.8921,11.7121,1.7,1793
0703002-0918-15-42-gnss_raw.txt,2436,459840.800,FINESTEERING,SOL_COMPUTED,SINGLE,19,13,3.7972,11.4271,1.8,1793
0703002-0918-15-42-gnss_raw.txt,2436,459840.900,FINESTEERING,SOL_COMPUTED,SINGLE,19,13,3.8936,11.7139,1.9,1793
0703002-0918-15-42-gnss_raw.txt,2436,459841.000,FINESTEERING,SOL_COMPUTED,SINGLE,18,12,3.6228,10.8955,1.0,1793
0703002-0918-15-42-gnss_raw.txt,2436,459841.100,FINESTEERING,SOL_COMPUTED,SINGLE,18,12,3.5955,10.8116,1.1,1793
0703002-0918-15-42-gnss_raw.txt,2436,459841.200,FINESTEERING,SOL_COMPUTED,SINGLE,17,12,3.545,10.6564,1.2,1793
0703002-0918-15-42-gnss_raw.txt,2436,459841.300,FINESTEERING,SOL_COMPUTED,SINGLE,17,13,3.5093,10.5398,1.3,1793
0703002-0918-15-42-gnss_raw.txt,2436,459841.400,FINESTEERING,SOL_COMPUTED,SINGLE,17,14,3.7578,11.2797,1.4,1793
0703002-0918-15-42-gnss_raw.txt,2436,459841.500,FINESTEERING,SOL_COMPUTED,SINGLE,17,13,3.6874,11.0619,1.5,1793
0703002-0918-15-42-gnss_raw.txt,2436,459841.600,FINESTEERING,SOL_COMPUTED,SINGLE,17,14,3.4799,10.4323,1.6,1793
0703002-0918-15-42-gnss_raw.txt,2436,459841.700,FINESTEERING,SOL_COMPUTED,SINGLE,17,13,3.6252,10.8607,1.7,1793
0703002-0918-15-42-gnss_raw.txt,2436,459841.800,FINESTEERING,SOL_COMPUTED,SINGLE,17,14,3.6493,10.927,1.8,1793
0703002-0918-15-42-gnss_raw.txt,2436,459841.900,FINESTEERING,SOL_COMPUTED,SINGLE,17,13,3.7734,11.2921,0.9,1793
0703002-0918-15-42-gnss_raw.txt,2436,459842.000,FINESTEERING,SOL_COMPUTED,SINGLE,18,14,4.0381,12.0834,1.0,1793
0703002-0918-15-42-gnss_raw.txt,2436,459842.100,FINESTEERING,SOL_COMPUTED,SINGLE,18,14,4.1466,12.4073,1.1,1793
0703002-0918-15-42-gnss_raw.txt,2436,459842.200,FINESTEERING,SOL_COMPUTED,SINGLE,18,12,3.8299,11.4569,1.2,1793
0703002-0918-15-42-gnss_raw.txt,2436,459842.300,FINESTEERING,SOL_COMPUTED,SINGLE,19,13,3.7227,11.1325,1.3,1793
0703002-0918-15-42-gnss_raw.txt,2436,459842.400,FINESTEERING,SOL_COMPUTED,SINGLE,19,13,3.871,11.5727,1.4,1793
0703002-0918-15-42-gnss_raw.txt,2436,459842.500,FINESTEERING,SOL_COMPUTED,SINGLE,19,15,3.9001,11.6603,1.5,1793
0703002-0918-15-42-gnss_raw.txt,2436,459842.600,FINESTEERING,SOL_COMPUTED,SINGLE,19,15,3.9381,11.7755,1.6,1793
0703002-0918-15-42-gnss_raw.txt,2436,459842.700,FINESTEERING,SOL_COMPUTED,SINGLE,19,15,3.8671,11.5641,1.7,1793
0703002-0918-15-42-gnss_raw.txt,2436,459842.800,FINESTEERING,SOL_COMPUTED,SINGLE,19,13,3.8062,11.3799,1.8,1793
0703002-0918-15-42-gnss_raw.txt,2436,459842.900,FINESTEERING,SOL_COMPUTED,SINGLE,19,14,4.2467,12.6979,0.9,1793
0703002-0918-15-42-gnss_raw.txt,2436,459843.000,FINESTEERING,SOL_COMPUTED,SINGLE,19,13,3.7982,11.3728,1.0,1793
0703002-0918-15-42-gnss_raw.txt,2436,459843.100,FINESTEERING,SOL_COMPUTED,SINGLE,19,13,3.6798,11.0328,1.1,1793
0703002-0918-15-42-gnss_raw.txt,2436,459843.200,FINESTEERING,SOL_COMPUTED,SINGLE,19,15,3.8345,11.5162,1.2,1793
0703002-0918-15-42-gnss_raw.txt,2436,459843.300,FINESTEERING,SOL_COMPUTED,SINGLE,19,15,3.8094,11.4594,1.3,1793
0703002-0918-15-42-gnss_raw.txt,2436,459843.400,FINESTEERING,SOL_COMPUTED,SINGLE,19,15,3.8087,11.4755,1.4,1793
0703002-0918-15-42-gnss_raw.txt,2436,459843.500,FINESTEERING,SOL_COMPUTED,SINGLE,19,15,3.6672,11.0691,1.5,1793
0703002-0918-15-42-gnss_raw.txt,2436,459843.600,FINESTEERING,SOL_COMPUTED,SINGLE,19,13,3.5254,10.6532,1.6,1793
0703002-0918-15-42-gnss_raw.txt,2436,459843.700,FINESTEERING,SOL_COMPUTED,SINGLE,19,13,3.5245,10.6639,1.7,1793
0703002-0918-15-42-gnss_raw.txt,2436,459843.800,FINESTEERING,SOL_COMPUTED,SINGLE,19,13,3.5333,10.706,1.8,1793
0703002-0918-15-42-gnss_raw.txt,2436,459843.900,FINESTEERING,SOL_COMPUTED,SINGLE,19,13,3.5369,10.7319,0.9,1793
0703002-0918-15-42-gnss_raw.txt,2436,459844.000,FINESTEERING,SOL_COMPUTED,SINGLE,19,14,3.703,11.2562,1.0,1793
0703002-0918-15-42-gnss_raw.txt,2436,459844.100,FINESTEERING,SOL_COMPUTED,SINGLE,19,13,3.5139,10.6949,1.1,1793
0703002-0918-15-42-gnss_raw.txt,2436,459844.200,FINESTEERING,SOL_COMPUTED,SINGLE,19,13,3.4752,10.5917,1.2,1793
0703002-0918-15-42-gnss_raw.txt,2436,459844.300,FINESTEERING,SOL_COMPUTED,SINGLE,19,12,3.447,10.5167,1.3,1793
0703002-0918-15-42-gnss_raw.txt,2436,459844.400,FINESTEERING,SOL_COMPUTED,SINGLE,19,12,3.4308,10.4765,1.4,1793
0703002-0918-15-42-gnss_raw.txt,2436,459844.500,FINESTEERING,SOL_COMPUTED,SINGLE,19,13,3.6641,11.1989,1.5,1793
0703002-0918-15-42-gnss_raw.txt,2436,459844.600,FINESTEERING,SOL_COMPUTED,SINGLE,19,13,3.5149,10.7532,1.6,1793
0703002-0918-15-42-gnss_raw.txt,2436,459844.700,FINESTEERING,SOL_COMPUTED,SINGLE,19,12,3.4594,10.5919,1.7,1793
0703002-0918-15-42-gnss_raw.txt,2436,459844.800,FINESTEERING,SOL_COMPUTED,SINGLE,19,12,3.4859,10.6829,1.8,1793
0703002-0918-15-42-gnss_raw.txt,2436,459844.900,FINESTEERING,SOL_COMPUTED,SINGLE,19,14,3.6399,11.1644,1.9,1793
0703002-0918-15-42-gnss_raw.txt,2436,459845.000,FINESTEERING,SOL_COMPUTED,SINGLE,19,12,3.5748,10.971,1.0,1793
0703002-0918-15-42-gnss_raw.txt,2436,459845.100,FINESTEERING,SOL_COMPUTED,SINGLE,19,12,3.5559,10.9194,1.1,1793
0703002-0918-15-42-gnss_raw.txt,2436,459845.200,FINESTEERING,SOL_COMPUTED,SINGLE,19,14,3.396,10.4366,1.2,1793
0703002-0918-15-42-gnss_raw.txt,2436,459845.300,FINESTEERING,SOL_COMPUTED,SINGLE,19,14,3.3523,10.3101,1.3,1793
0703002-0918-15-42-gnss_raw.txt,2436,459845.400,FINESTEERING,SOL_COMPUTED,SINGLE,19,13,3.3512,10.3151,1.4,1793
0703002-0918-15-42-gnss_raw.txt,2436,459845.500,FINESTEERING,SOL_COMPUTED,SINGLE,19,15,3.387,10.4346,1.5,1793
0703002-0918-15-42-gnss_raw.txt,2436,459845.600,FINESTEERING,SOL_COMPUTED,SINGLE,19,14,3.2307,9.9617,1.6,1793
0703002-0918-15-42-gnss_raw.txt,2436,459845.700,FINESTEERING,SOL_COMPUTED,SINGLE,19,15,4.0041,12.3622,1.7,1793
0703002-0918-15-42-gnss_raw.txt,2436,459845.800,FINESTEERING,SOL_COMPUTED,SINGLE,19,13,3.7912,11.7134,1.8,1793
0703002-0918-15-42-gnss_raw.txt,2436,459845.900,FINESTEERING,SOL_COMPUTED,SINGLE,19,13,3.6775,11.3724,1.9,1793
0703002-0918-15-42-gnss_raw.txt,2436,459846.000,FINESTEERING,SOL_COMPUTED,SINGLE,19,12,3.1387,9.7131,1.0,1793
0703002-0918-15-42-gnss_raw.txt,2436,459846.100,FINESTEERING,SOL_COMPUTED,SINGLE,19,13,3.3729,10.4444,1.1,1793
0703002-0918-15-42-gnss_raw.txt,2436,459846.200,FINESTEERING,SOL_COMPUTED,SINGLE,19,13,3.3555,10.3985,1.2,1793
0703002-0918-15-42-gnss_raw.txt,2436,459846.300,FINESTEERING,SOL_COMPUTED,SINGLE,19,13,3.3747,10.4655,1.3,1793
0703002-0918-15-42-gnss_raw.txt,2436,459846.400,FINESTEERING,SOL_COMPUTED,SINGLE,19,13,3.4335,10.6553,1.4,1793
0703002-0918-15-42-gnss_raw.txt,2436,459846.500,FINESTEERING,SOL_COMPUTED,SINGLE,19,14,3.4085,10.5847,1.5,1793
0703002-0918-15-42-gnss_raw.txt,2436,459846.600,FINESTEERING,SOL_COMPUTED,SINGLE,19,13,3.4456,10.7063,1.6,1793
0703002-0918-15-42-gnss_raw.txt,2436,459846.700,FINESTEERING,SOL_COMPUTED,SINGLE,19,12,3.0568,9.5002,1.7,1793
0703002-0918-15-42-gnss_raw.txt,2436,459846.800,FINESTEERING,SOL_COMPUTED,SINGLE,19,12,3.0724,9.55,1.8,1793
0703002-0918-15-42-gnss_raw.txt,2436,459846.900,FINESTEERING,SOL_COMPUTED,SINGLE,19,15,3.4303,10.6721,1.9,1793
0703002-0918-15-42-gnss_raw.txt,2436,459847.000,FINESTEERING,SOL_COMPUTED,SINGLE,19,12,3.2488,10.1166,1.0,1793
0703002-0918-15-42-gnss_raw.txt,2436,459847.100,FINESTEERING,SOL_COMPUTED,SINGLE,19,13,3.3287,10.3622,1.1,1793
0703002-0918-15-42-gnss_raw.txt,2436,459847.200,FINESTEERING,SOL_COMPUTED,SINGLE,19,13,3.3226,10.3399,1.2,1793
0703002-0918-15-42-gnss_raw.txt,2436,459847.300,FINESTEERING,SOL_COMPUTED,SINGLE,19,13,3.3391,10.3879,1.3,1793
0703002-0918-15-42-gnss_raw.txt,2436,459847.400,FINESTEERING,SOL_COMPUTED,SINGLE,19,13,3.3193,10.3227,1.4,1793
0703002-0918-15-42-gnss_raw.txt,2436,459847.500,FINESTEERING,SOL_COMPUTED,SINGLE,19,13,3.3729,10.4823,1.5,1793
0703002-0918-15-42-gnss_raw.txt,2436,459847.600,FINESTEERING,SOL_COMPUTED,SINGLE,19,13,3.3753,10.4832,1.6,1793
0703002-0918-15-42-gnss_raw.txt,2436,459847.700,FINESTEERING,SOL_COMPUTED,SINGLE,19,15,3.521,10.9362,0.7,1793
0703002-0918-15-42-gnss_raw.txt,2436,459847.800,FINESTEERING,SOL_COMPUTED,SINGLE,18,13,3.5867,11.1367,0.8,1793
0703002-0918-15-42-gnss_raw.txt,2436,459847.900,FINESTEERING,SOL_COMPUTED,SINGLE,18,14,3.4964,10.8565,0.9,1793
0703002-0918-15-42-gnss_raw.txt,2436,459848.000,FINESTEERING,SOL_COMPUTED,SINGLE,18,13,3.6878,11.4425,1.0,1793
0703002-0918-15-42-gnss_raw.txt,2436,459848.100,FINESTEERING,SOL_COMPUTED,SINGLE,18,13,3.6096,11.1917,1.1,1793
0703002-0918-15-42-gnss_raw.txt,2436,459848.200,FINESTEERING,SOL_COMPUTED,SINGLE,18,14,3.5672,11.0535,1.2,1793
0703002-0918-15-42-gnss_raw.txt,2436,459848.300,FINESTEERING,SOL_COMPUTED,SINGLE,18,15,3.6188,11.2067,1.3,1793
0703002-0918-15-42-gnss_raw.txt,2436,459848.400,FINESTEERING,SOL_COMPUTED,SINGLE,18,13,3.379,10.4549,1.4,1793
0703002-0918-15-42-gnss_raw.txt,2436,459848.500,FINESTEERING,SOL_COMPUTED,SINGLE,18,14,3.7087,11.472,1.5,1793
0703002-0918-15-42-gnss_raw.txt,2436,459848.600,FINESTEERING,SOL_COMPUTED,SINGLE,18,14,3.7874,11.7146,1.6,1793
0703002-0918-15-42-gnss_raw.txt,2436,459848.700,FINESTEERING,SOL_COMPUTED,SINGLE,19,14,3.7746,11.6722,1.7,1793
0703002-0918-15-42-gnss_raw.txt,2436,459848.800,FINESTEERING,SOL_COMPUTED,SINGLE,18,14,3.8746,11.982,1.8,1793
0703002-0918-15-42-gnss_raw.txt,2436,459848.900,FINESTEERING,SOL_COMPUTED,SINGLE,19,14,3.7898,11.7196,1.9,1793
0703002-0918-15-42-gnss_raw.txt,2436,459849.000,FINESTEERING,SOL_COMPUTED,SINGLE,19,15,3.6606,11.321,1.0,1793
0703002-0918-15-42-gnss_raw.txt,2436,459849.100,FINESTEERING,SOL_COMPUTED,SINGLE,19,15,3.7668,11.6517,1.1,1793
0703002-0918-15-42-gnss_raw.txt,2436,459849.200,FINESTEERING,SOL_COMPUTED,SINGLE,19,15,3.6332,11.241,1.2,1793
0703002-0918-15-42-gnss_raw.txt,2436,459849.300,FINESTEERING,SOL_COMPUTED,SINGLE,19,15,3.764,11.651,1.3,1793
0703002-0918-15-42-gnss_raw.txt,2436,459849.400,FINESTEERING,SOL_COMPUTED,SINGLE,19,15,3.8449,11.9055,1.4,1793
0703002-0918-15-42-gnss_raw.txt,2436,459849.500,FINESTEERING,SOL_COMPUTED,SINGLE,19,15,3.8191,11.8284,1.5,1793
0703002-0918-15-42-gnss_raw.txt,2436,459849.600,FINESTEERING,SOL_COMPUTED,SINGLE,19,15,3.7202,11.5269,1.6,1793
0703002-0918-15-42-gnss_raw.txt,2436,459849.700,FINESTEERING,SOL_COMPUTED,SINGLE,19,15,3.7186,11.5254,1.7,1793
0703002-0918-15-42-gnss_raw.txt,2436,459849.800,FINESTEERING,SOL_COMPUTED,SINGLE,19,15,3.7473,11.6171,1.8,1793
0703002-0918-15-42-gnss_raw.txt,2436,459849.900,FINESTEERING,SOL_COMPUTED,SINGLE,19,15,3.8564,11.9594,1.9,1793
0703002-0918-15-42-gnss_raw.txt,2436,459850.000,FINESTEERING,SOL_COMPUTED,SINGLE,19,15,3.6628,11.3623,1.0,1793
0703002-0918-15-42-gnss_raw.txt,2436,459850.100,FINESTEERING,SOL_COMPUTED,SINGLE,19,15,3.6957,11.4675,1.1,1793
0703002-0918-15-42-gnss_raw.txt,2436,459850.200,FINESTEERING,SOL_COMPUTED,SINGLE,19,15,3.6661,11.3786,1.2,1793
0703002-0918-15-42-gnss_raw.txt,2436,459850.300,FINESTEERING,SOL_COMPUTED,SINGLE,19,15,3.7162,11.538,1.3,1793
0703002-0918-15-42-gnss_raw.txt,2436,459850.400,FINESTEERING,SOL_COMPUTED,SINGLE,19,15,3.7039,11.5021,1.4,1793
0703002-0918-15-42-gnss_raw.txt,2436,459850.500,FINESTEERING,SOL_COMPUTED,SINGLE,19,15,3.7098,11.5237,1.5,1793
0703002-0918-15-42-gnss_raw.txt,2436,459850.600,FINESTEERING,SOL_COMPUTED,SINGLE,19,15,3.6472,11.3328,1.6,1793
0703002-0918-15-42-gnss_raw.txt,2436,459850.700,FINESTEERING,SOL_COMPUTED,SINGLE,20,15,3.9046,12.1366,1.7,1793
0703002-0918-15-42-gnss_raw.txt,2436,459850.800,FINESTEERING,SOL_COMPUTED,SINGLE,20,16,3.8295,11.9049,1.8,1793
0703002-0918-15-42-gnss_raw.txt,2436,459850.900,FINESTEERING,SOL_COMPUTED,SINGLE,20,16,3.882,12.0695,0.9,1793
0703002-0918-15-42-gnss_raw.txt,2436,459851.000,FINESTEERING,SOL_COMPUTED,SINGLE,19,13,3.967,12.3338,1.0,1793
0703002-0918-15-42-gnss_raw.txt,2436,459851.100,FINESTEERING,SOL_COMPUTED,SINGLE,19,11,3.2575,10.1238,1.1,1793
0703002-0918-15-42-gnss_raw.txt,2436,459851.200,FINESTEERING,SOL_COMPUTED,SINGLE,19,11,3.1473,9.7773,1.2,1793
0703002-0918-15-42-gnss_raw.txt,2436,459851.300,FINESTEERING,SOL_COMPUTED,SINGLE,19,11,3.1571,9.8036,1.3,1793
0703002-0918-15-42-gnss_raw.txt,2436,459851.400,FINESTEERING,SOL_COMPUTED,SINGLE,19,15,3.5142,10.9097,1.4,1793
0703002-0918-15-42-gnss_raw.txt,2436,459851.500,FINESTEERING,SOL_COMPUTED,SINGLE,19,15,3.4453,10.6935,1.5,1793
0703002-0918-15-42-gnss_raw.txt,2436,459851.600,FINESTEERING,SOL_COMPUTED,SINGLE,19,15,3.3135,10.2791,1.6,1793
0703002-0918-15-42-gnss_raw.txt,2436,459851.700,FINESTEERING,SOL_COMPUTED,SINGLE,19,14,3.3511,10.3898,1.7,1793
0703002-0918-15-42-gnss_raw.txt,2436,459851.800,FINESTEERING,SOL_COMPUTED,SINGLE,19,15,3.3007,10.2267,1.8,1793
0703002-0918-15-42-gnss_raw.txt,2436,459851.900,FINESTEERING,SOL_COMPUTED,SINGLE,19,15,3.3271,10.3005,1.9,1793
0703002-0918-15-42-gnss_raw.txt,2436,459852.000,FINESTEERING,SOL_COMPUTED,SINGLE,19,15,3.4445,10.6571,1.0,1793
0703002-0918-15-42-gnss_raw.txt,2436,459852.100,FINESTEERING,SOL_COMPUTED,SINGLE,19,15,3.3889,10.4778,1.1,1793
0703002-0918-15-42-gnss_raw.txt,2436,459852.200,FINESTEERING,SOL_COMPUTED,SINGLE,19,14,3.7072,11.4535,1.2,1793
0703002-0918-15-42-gnss_raw.txt,2436,459852.300,FINESTEERING,SOL_COMPUTED,SINGLE,19,14,3.544,10.9429,1.3,1793
0703002-0918-15-42-gnss_raw.txt,2436,459852.400,FINESTEERING,SOL_COMPUTED,SINGLE,19,14,3.4585,10.6716,1.4,1793
0703002-0918-15-42-gnss_raw.txt,2436,459852.500,FINESTEERING,SOL_COMPUTED,SINGLE,19,15,3.416,10.5299,1.5,1793
0703002-0918-15-42-gnss_raw.txt,2436,459852.600,FINESTEERING,SOL_COMPUTED,SINGLE,19,15,3.5031,10.7887,1.6,1793
0703002-0918-15-42-gnss_raw.txt,2436,459852.700,FINESTEERING,SOL_COMPUTED,SINGLE,19,14,3.6502,11.2308,1.7,1793
0703002-0918-15-42-gnss_raw.txt,2436,459852.800,FINESTEERING,SOL_COMPUTED,SINGLE,19,14,3.679,11.3084,1.8,1793
0703002-0918-15-42-gnss_raw.txt,2436,459852.900,FINESTEERING,SOL_COMPUTED,SINGLE,19,15,3.7554,11.5339,0.9,1793
0703002-0918-15-42-gnss_raw.txt,2436,459853.000,FINESTEERING,SOL_COMPUTED,SINGLE,19,15,3.9813,12.2187,1.0,1793
0703002-0918-15-42-gnss_raw.txt,2436,459853.100,FINESTEERING,SOL_COMPUTED,SINGLE,19,14,3.5713,10.9516,1.1,1793
0703002-0918-15-42-gnss_raw.txt,2436,459853.200,FINESTEERING,SOL_COMPUTED,SINGLE,19,14,3.7,11.3382,1.2,1793
0703002-0918-15-42-gnss_raw.txt,2436,459853.300,FINESTEERING,SOL_COMPUTED,SINGLE,19,14,3.7725,11.5519,1.3,1793
0703002-0918-15-42-gnss_raw.txt,2436,459853.400,FINESTEERING,SOL_COMPUTED,SINGLE,19,14,3.8353,11.7366,1.4,1793
0703002-0918-15-42-gnss_raw.txt,2436,459853.500,FINESTEERING,SOL_COMPUTED,SINGLE,19,14,3.7664,11.5175,1.5,1793
0703002-0918-15-42-gnss_raw.txt,2436,459853.600,FINESTEERING,SOL_COMPUTED,SINGLE,19,14,3.7494,11.4582,1.6,1793
0703002-0918-15-42-gnss_raw.txt,2436,459853.700,FINESTEERING,SOL_COMPUTED,SINGLE,19,14,3.6496,11.1474,1.7,1793
0703002-0918-15-42-gnss_raw.txt,2436,459853.800,FINESTEERING,SOL_COMPUTED,SINGLE,19,14,3.7008,11.2998,1.8,1793
0703002-0918-15-42-gnss_raw.txt,2436,459853.900,FINESTEERING,SOL_COMPUTED,SINGLE,19,14,3.6539,11.1565,1.9,1793
0703002-0918-15-42-gnss_raw.txt,2436,459854.000,FINESTEERING,SOL_COMPUTED,SINGLE,19,14,3.9939,12.1936,1.0,1793
0703002-0918-15-42-gnss_raw.txt,2436,459854.100,FINESTEERING,SOL_COMPUTED,SINGLE,19,14,3.6491,11.1356,1.1,1793
0703002-0918-15-42-gnss_raw.txt,2436,459854.200,FINESTEERING,SOL_COMPUTED,SINGLE,19,13,3.865,11.7905,1.2,1793
0703002-0918-15-42-gnss_raw.txt,2436,459854.300,FINESTEERING,SOL_COMPUTED,SINGLE,19,13,3.7029,11.2946,1.3,1793
0703002-0918-15-42-gnss_raw.txt,2436,459854.400,FINESTEERING,SOL_COMPUTED,SINGLE,18,10,3.5215,10.7303,1.4,1793
0703002-0918-15-42-gnss_raw.txt,2436,459854.500,FINESTEERING,SOL_COMPUTED,SINGLE,18,10,3.5879,10.9211,1.5,1793
0703002-0918-15-42-gnss_raw.txt,2436,459854.600,FINESTEERING,SOL_COMPUTED,SINGLE,18,10,3.6159,10.9957,1.6,1793
0703002-0918-15-42-gnss_raw.txt,2436,459854.700,FINESTEERING,SOL_COMPUTED,SINGLE,18,10,3.6214,11.0012,0.7,1793
0703002-0918-15-42-gnss_raw.txt,2436,459854.800,FINESTEERING,SOL_COMPUTED,SINGLE,18,10,4.1563,12.6137,0.8,1793
0703002-0918-15-42-gnss_raw.txt,2436,459854.900,FINESTEERING,SOL_COMPUTED,SINGLE,18,10,3.716,11.2656,0.9,1793
0703002-0918-15-42-gnss_raw.txt,2436,459855.000,FINESTEERING,SOL_COMPUTED,SINGLE,18,10,4.1431,12.5489,1.0,1793
0703002-0918-15-42-gnss_raw.txt,2436,459855.100,FINESTEERING,SOL_COMPUTED,SINGLE,18,13,3.7806,11.4507,1.1,1793
0703002-0918-15-42-gnss_raw.txt,2436,459855.200,FINESTEERING,SOL_COMPUTED,SINGLE,18,13,3.716,11.2536,1.2,1793
0703002-0918-15-42-gnss_raw.txt,2436,459855.300,FINESTEERING,SOL_COMPUTED,SINGLE,18,9,3.8602,11.6787,1.3,1793
0703002-0918-15-42-gnss_raw.txt,2436,459855.400,FINESTEERING,SOL_COMPUTED,SINGLE,17,11,3.6854,11.1411,1.4,1793
0703002-0918-15-42-gnss_raw.txt,2436,459855.500,FINESTEERING,SOL_COMPUTED,SINGLE,17,11,3.6848,11.1315,1.5,1793
0703002-0918-15-42-gnss_raw.txt,2436,459855.600,FINESTEERING,SOL_COMPUTED,SINGLE,17,14,3.5323,10.6643,1.6,1793
0703002-0918-15-42-gnss_raw.txt,2436,459855.700,FINESTEERING,SOL_COMPUTED,SINGLE,17,13,3.823,11.5374,1.7,1793
0703002-0918-15-42-gnss_raw.txt,2436,459855.800,FINESTEERING,SOL_COMPUTED,SINGLE,17,13,3.8853,11.7207,1.8,1793
0703002-0918-15-42-gnss_raw.txt,2436,459855.900,FINESTEERING,SOL_COMPUTED,SINGLE,17,14,3.5184,10.6108,1.9,1793
0703002-0918-15-42-gnss_raw.txt,2436,459856.000,FINESTEERING,SOL_COMPUTED,SINGLE,17,15,3.7056,11.1714,1.0,1793
0703002-0918-15-42-gnss_raw.txt,2436,459856.100,FINESTEERING,SOL_COMPUTED,SINGLE,17,14,3.8276,11.5345,1.1,1793
0703002-0918-15-42-gnss_raw.txt,2436,459856.200,FINESTEERING,SOL_COMPUTED,SINGLE,17,14,3.678,11.0817,1.2,1793
0703002-0918-15-42-gnss_raw.txt,2436,459856.300,FINESTEERING,SOL_COMPUTED,SINGLE,17,14,3.5469,10.6859,1.3,1793
0703002-0918-15-42-gnss_raw.txt,2436,459856.400,FINESTEERING,SOL_COMPUTED,SINGLE,17,13,3.6945,11.1265,1.4,1793
0703002-0918-15-42-gnss_raw.txt,2436,459856.500,FINESTEERING,SOL_COMPUTED,SINGLE,17,13,3.8513,11.5954,1.5,1793
0703002-0918-15-42-gnss_raw.txt,2436,459856.600,FINESTEERING,SOL_COMPUTED,SINGLE,17,14,3.6289,10.9242,1.6,1793
0703002-0918-15-42-gnss_raw.txt,2436,459856.700,FINESTEERING,SOL_COMPUTED,SINGLE,17,14,3.6693,11.0403,1.7,1793
0703002-0918-15-42-gnss_raw.txt,2436,459856.800,FINESTEERING,SOL_COMPUTED,SINGLE,17,14,3.5498,10.6787,1.8,1793
0703002-0918-15-42-gnss_raw.txt,2436,459856.900,FINESTEERING,SOL_COMPUTED,SINGLE,17,14,3.6469,10.9825,1.9,1793
0703002-0918-15-42-gnss_raw.txt,2436,459857.000,FINESTEERING,SOL_COMPUTED,SINGLE,18,14,3.4305,10.3314,1.0,1793
0703002-0918-15-42-gnss_raw.txt,2436,459857.100,FINESTEERING,SOL_COMPUTED,SINGLE,18,14,3.5248,10.6244,1.1,1793
0703002-0918-15-42-gnss_raw.txt,2436,459857.200,FINESTEERING,SOL_COMPUTED,SINGLE,18,14,3.6549,11.025,1.2,1793
0703002-0918-15-42-gnss_raw.txt,2436,459857.300,FINESTEERING,SOL_COMPUTED,SINGLE,18,14,3.421,10.3267,1.3,1793
0703002-0918-15-42-gnss_raw.txt,2436,459857.400,FINESTEERING,SOL_COMPUTED,SINGLE,18,14,3.3898,10.2391,1.4,1793
0703002-0918-15-42-gnss_raw.txt,2436,459857.500,FINESTEERING,SOL_COMPUTED,SINGLE,18,14,3.4705,10.4902,1.5,1793
0703002-0918-15-42-gnss_raw.txt,2436,459857.600,FINESTEERING,SOL_COMPUTED,SINGLE,18,15,4.3097,13.0413,1.6,1793
0703002-0918-15-42-gnss_raw.txt,2436,459857.700,FINESTEERING,SOL_COMPUTED,SINGLE,18,9,4.1208,12.4734,1.7,1793
0703002-0918-15-42-gnss_raw.txt,2436,459857.800,FINESTEERING,SOL_COMPUTED,SINGLE,18,9,4.0858,12.3709,0.8,1793
0703002-0918-15-42-gnss_raw.txt,2436,459857.900,FINESTEERING,SOL_COMPUTED,SINGLE,18,9,4.1329,12.5146,0.9,1793
0703002-0918-15-42-gnss_raw.txt,2436,459858.000,FINESTEERING,SOL_COMPUTED,SINGLE,18,9,4.0763,12.3428,1.0,1793
0703002-0918-15-42-gnss_raw.txt,2436,459858.100,FINESTEERING,SOL_COMPUTED,SINGLE,18,9,4.1732,12.6355,1.1,1793
0703002-0918-15-42-gnss_raw.txt,2436,459858.200,FINESTEERING,SOL_COMPUTED,SINGLE,18,9,3.4802,10.5371,1.2,1793
0703002-0918-15-42-gnss_raw.txt,2436,459858.300,FINESTEERING,SOL_COMPUTED,SINGLE,18,8,3.4477,10.4394,1.3,1793
0703002-0918-15-42-gnss_raw.txt,2436,459858.400,FINESTEERING,SOL_COMPUTED,SINGLE,18,8,3.4096,10.3268,1.4,1793
0703002-0918-15-42-gnss_raw.txt,2436,459858.500,FINESTEERING,SOL_COMPUTED,SINGLE,18,8,3.3875,10.2638,1.5,1793
0703002-0918-15-42-gnss_raw.txt,2436,459858.600,FINESTEERING,SOL_COMPUTED,SINGLE,18,8,3.4136,10.346,1.6,1793
0703002-0918-15-42-gnss_raw.txt,2436,459858.700,FINESTEERING,SOL_COMPUTED,SINGLE,18,9,3.3874,10.2684,1.7,1793
0703002-0918-15-42-gnss_raw.txt,2436,459858.800,FINESTEERING,SOL_COMPUTED,SINGLE,18,9,3.6124,10.9531,1.8,1793
0703002-0918-15-42-gnss_raw.txt,2436,459858.900,FINESTEERING,SOL_COMPUTED,SINGLE,18,10,3.5743,10.8406,0.9,1793
0703002-0918-15-42-gnss_raw.txt,2436,459859.000,FINESTEERING,SOL_COMPUTED,SINGLE,18,10,3.5405,10.7416,1.0,1793
0703002-0918-15-42-gnss_raw.txt,2436,459859.100,FINESTEERING,SOL_COMPUTED,SINGLE,18,9,3.5158,10.6697,1.1,1793
0703002-0918-15-42-gnss_raw.txt,2436,459859.200,FINESTEERING,SOL_COMPUTED,SINGLE,18,10,3.8175,11.5886,1.2,1793
0703002-0918-15-42-gnss_raw.txt,2436,459859.300,FINESTEERING,SOL_COMPUTED,SINGLE,18,10,3.4545,10.4891,1.3,1793
0703002-0918-15-42-gnss_raw.txt,2436,459859.400,FINESTEERING,SOL_COMPUTED,SINGLE,18,9,3.5287,10.7151,1.4,1793
0703002-0918-15-42-gnss_raw.txt,2436,459859.500,FINESTEERING,SOL_COMPUTED,SINGLE,18,9,3.3002,10.0205,1.5,1793
0703002-0918-15-42-gnss_raw.txt,2436,459859.600,FINESTEERING,SOL_COMPUTED,SINGLE,18,9,4.003,12.1538,1.6,1793
0703002-0918-15-42-gnss_raw.txt,2436,459859.700,FINESTEERING,SOL_COMPUTED,SINGLE,18,15,3.4949,10.6196,1.7,1793
0703002-0918-15-42-gnss_raw.txt,2436,459859.800,FINESTEERING,SOL_COMPUTED,SINGLE,18,14,3.4822,10.5872,0.8,1793
0703002-0918-15-42-gnss_raw.txt,2436,459859.900,FINESTEERING,SOL_COMPUTED,SINGLE,18,12,3.5365,10.7613,0.9,1793
0703002-0918-15-42-gnss_raw.txt,2436,459860.000,FINESTEERING,SOL_COMPUTED,SINGLE,18,16,3.5326,10.7563,1.0,1793
0703002-0918-15-42-gnss_raw.txt,2436,459860.100,FINESTEERING,SOL_COMPUTED,SINGLE,18,16,3.585,10.9237,1.1,1793
0703002-0918-15-42-gnss_raw.txt,2436,459860.200,FINESTEERING,SOL_COMPUTED,SINGLE,18,14,3.5218,10.7373,1.2,1793
0703002-0918-15-42-gnss_raw.txt,2436,459860.300,FINESTEERING,SOL_COMPUTED,SINGLE,18,16,3.6267,11.0635,1.3,1793
0703002-0918-15-42-gnss_raw.txt,2436,459860.400,FINESTEERING,SOL_COMPUTED,SINGLE,18,15,3.3776,10.3108,1.4,1793
0703002-0918-15-42-gnss_raw.txt,2436,459860.500,FINESTEERING,SOL_COMPUTED,SINGLE,18,16,3.4602,10.5735,1.5,1793
0703002-0918-15-42-gnss_raw.txt,2436,459860.600,FINESTEERING,SOL_COMPUTED,SINGLE,18,16,3.3657,10.2951,1.6,1793
0703002-0918-15-42-gnss_raw.txt,2436,459860.700,FINESTEERING,SOL_COMPUTED,SINGLE,18,16,3.3359,10.2147,0.7,1793
0703002-0918-15-42-gnss_raw.txt,2436,459860.800,FINESTEERING,SOL_COMPUTED,SINGLE,18,15,3.2665,10.0134,0.8,1793
0703002-0918-15-42-gnss_raw.txt,2436,459860.900,FINESTEERING,SOL_COMPUTED,SINGLE,18,16,3.2333,9.9204,0.9,1793
0703002-0918-15-42-gnss_raw.txt,2436,459861.000,FINESTEERING,SOL_COMPUTED,SINGLE,18,16,3.1883,9.7911,1.0,1793
0703002-0918-15-42-gnss_raw.txt,2436,459861.100,FINESTEERING,SOL_COMPUTED,SINGLE,18,15,3.1592,9.708,1.1,1793
0703002-0918-15-42-gnss_raw.txt,2436,459861.200,FINESTEERING,SOL_COMPUTED,SINGLE,18,15,3.2623,10.0315,1.2,1793
0703002-0918-15-42-gnss_raw.txt,2436,459861.300,FINESTEERING,SOL_COMPUTED,SINGLE,18,16,3.3028,10.1623,1.3,1793
0703002-0918-15-42-gnss_raw.txt,2436,459861.400,FINESTEERING,SOL_COMPUTED,SINGLE,18,16,3.3051,10.1756,1.4,1793
0703002-0918-15-42-gnss_raw.txt,2436,459861.500,FINESTEERING,SOL_COMPUTED,SINGLE,18,16,3.4606,10.6617,1.5,1793
0703002-0918-15-42-gnss_raw.txt,2436,459861.600,FINESTEERING,SOL_COMPUTED,SINGLE,18,16,3.4161,10.5348,1.6,1793
0703002-0918-15-42-gnss_raw.txt,2436,459861.700,FINESTEERING,SOL_COMPUTED,SINGLE,18,16,3.267,10.0724,1.7,1793
0703002-0918-15-42-gnss_raw.txt,2436,459861.800,FINESTEERING,SOL_COMPUTED,SINGLE,18,15,3.5475,10.9348,0.8,1793
0703002-0918-15-42-gnss_raw.txt,2436,459861.900,FINESTEERING,SOL_COMPUTED,SINGLE,18,14,3.5189,10.842,0.9,1793
0703002-0918-15-42-gnss_raw.txt,2436,459862.000,FINESTEERING,SOL_COMPUTED,SINGLE,18,14,3.2861,10.1215,1.0,1793
0703002-0918-15-42-gnss_raw.txt,2436,459862.100,FINESTEERING,SOL_COMPUTED,SINGLE,18,14,3.2763,10.0882,1.1,1793
0703002-0918-15-42-gnss_raw.txt,2436,459862.200,FINESTEERING,SOL_COMPUTED,SINGLE,18,14,3.2674,10.0582,1.2,1793
0703002-0918-15-42-gnss_raw.txt,2436,459862.300,FINESTEERING,SOL_COMPUTED,SINGLE,18,15,3.259,10.0309,1.3,1793
0703002-0918-15-42-gnss_raw.txt,2436,459862.400,FINESTEERING,SOL_COMPUTED,SINGLE,18,15,3.5237,10.8446,1.4,1793
0703002-0918-15-42-gnss_raw.txt,2436,459862.500,FINESTEERING,SOL_COMPUTED,SINGLE,18,14,3.2886,10.1188,1.5,1793
0703002-0918-15-42-gnss_raw.txt,2436,459862.600,FINESTEERING,SOL_COMPUTED,SINGLE,18,15,3.228,9.929,1.6,1793
0703002-0918-15-42-gnss_raw.txt,2436,459862.700,FINESTEERING,SOL_COMPUTED,SINGLE,18,14,3.3321,10.2484,1.7,1793
0703002-0918-15-42-gnss_raw.txt,2436,459862.800,FINESTEERING,SOL_COMPUTED,SINGLE,18,15,3.2685,10.0486,1.8,1793
0703002-0918-15-42-gnss_raw.txt,2436,459862.900,FINESTEERING,SOL_COMPUTED,SINGLE,18,15,3.248,9.98,0.9,1793
0703002-0918-15-42-gnss_raw.txt,2436,459863.000,FINESTEERING,SOL_COMPUTED,SINGLE,18,16,3.2192,9.8863,1.0,1793
0703002-0918-15-42-gnss_raw.txt,2436,459863.100,FINESTEERING,SOL_COMPUTED,SINGLE,18,14,3.4334,10.538,1.1,1793
0703002-0918-15-42-gnss_raw.txt,2436,459863.200,FINESTEERING,SOL_COMPUTED,SINGLE,18,14,3.166,9.7116,1.2,1793
0703002-0918-15-42-gnss_raw.txt,2436,459863.300,FINESTEERING,SOL_COMPUTED,SINGLE,18,13,3.1667,9.7068,1.3,1793
0703002-0918-15-42-gnss_raw.txt,2436,459863.400,FINESTEERING,SOL_COMPUTED,SINGLE,18,12,3.1676,9.7029,1.4,1793
0703002-0918-15-42-gnss_raw.txt,2436,459863.500,FINESTEERING,SOL_COMPUTED,SINGLE,18,13,3.2066,9.8169,1.5,1793
0703002-0918-15-42-gnss_raw.txt,2436,459863.600,FINESTEERING,SOL_COMPUTED,SINGLE,18,13,3.2808,10.0398,1.6,1793
0703002-0918-15-42-gnss_raw.txt,2436,459863.700,FINESTEERING,SOL_COMPUTED,SINGLE,18,15,3.2737,10.013,1.7,1793
0703002-0918-15-42-gnss_raw.txt,2436,459863.800,FINESTEERING,SOL_COMPUTED,SINGLE,18,14,3.3514,10.2447,1.8,1793
0703002-0918-15-42-gnss_raw.txt,2436,459863.900,FINESTEERING,SOL_COMPUTED,SINGLE,18,14,3.6504,11.1478,1.9,1793
0703002-0918-15-42-gnss_raw.txt,2436,459864.000,FINESTEERING,SOL_COMPUTED,SINGLE,18,13,3.332,10.1697,1.0,1793
0703002-0918-15-42-gnss_raw.txt,2436,459864.100,FINESTEERING,SOL_COMPUTED,SINGLE,18,14,3.3348,10.1711,1.1,1793
0703002-0918-15-42-gnss_raw.txt,2436,459864.200,FINESTEERING,SOL_COMPUTED,SINGLE,18,14,3.3317,10.1617,1.2,1793
0703002-0918-15-42-gnss_raw.txt,2436,459864.300,FINESTEERING,SOL_COMPUTED,SINGLE,18,14,3.3928,10.3448,1.3,1793
0703002-0918-15-42-gnss_raw.txt,2436,459864.400,FINESTEERING,SOL_COMPUTED,SINGLE,18,14,3.4137,10.4033,1.4,1793
0703002-0918-15-42-gnss_raw.txt,2436,459864.500,FINESTEERING,SOL_COMPUTED,SINGLE,18,14,3.3707,10.2659,1.5,1793
0703002-0918-15-42-gnss_raw.txt,2436,459864.600,FINESTEERING,SOL_COMPUTED,SINGLE,18,14,3.3379,10.1591,1.6,1793
0703002-0918-15-42-gnss_raw.txt,2436,459864.700,FINESTEERING,SOL_COMPUTED,SINGLE,18,15,3.6533,11.1108,1.7,1793
0703002-0918-15-42-gnss_raw.txt,2436,459864.800,FINESTEERING,SOL_COMPUTED,SINGLE,18,14,3.4183,10.3927,0.8,1793
0703002-0918-15-42-gnss_raw.txt,2436,459864.900,FINESTEERING,SOL_COMPUTED,SINGLE,18,14,3.3369,10.1384,0.9,1793
0703002-0918-15-42-gnss_raw.txt,2436,459865.000,FINESTEERING,SOL_COMPUTED,SINGLE,18,14,3.316,10.0698,1.0,1793
0703002-0918-15-42-gnss_raw.txt,2436,459865.100,FINESTEERING,SOL_COMPUTED,SINGLE,18,14,3.6063,10.9485,1.1,1793
0703002-0918-15-42-gnss_raw.txt,2436,459865.200,FINESTEERING,SOL_COMPUTED,SINGLE,18,14,3.2545,9.8771,1.2,1793
0703002-0918-15-42-gnss_raw.txt,2436,459865.300,FINESTEERING,SOL_COMPUTED,SINGLE,18,14,3.2904,9.984,1.3,1793
0703002-0918-15-42-gnss_raw.txt,2436,459865.400,FINESTEERING,SOL_COMPUTED,SINGLE,18,14,3.387,10.2749,1.4,1793
0703002-0918-15-42-gnss_raw.txt,2436,459865.500,FINESTEERING,SOL_COMPUTED,SINGLE,18,13,3.4561,10.4808,1.5,1793
0703002-0918-15-42-gnss_raw.txt,2436,459865.600,FINESTEERING,SOL_COMPUTED,SINGLE,18,14,3.4677,10.5137,1.6,1793
0703002-0918-15-42-gnss_raw.txt,2436,459865.700,FINESTEERING,SOL_COMPUTED,SINGLE,18,15,3.3668,10.2034,1.7,1793
0703002-0918-15-42-gnss_raw.txt,2436,459865.800,FINESTEERING,SOL_COMPUTED,SINGLE,18,15,3.3817,10.2453,1.8,1793
0703002-0918-15-42-gnss_raw.txt,2436,459865.900,FINESTEERING,SOL_COMPUTED,SINGLE,18,14,3.466,10.4966,1.9,1793
0703002-0918-15-42-gnss_raw.txt,2436,459866.000,FINESTEERING,SOL_COMPUTED,SINGLE,18,13,3.5425,10.7238,1.0,1793
0703002-0918-15-42-gnss_raw.txt,2436,459866.100,FINESTEERING,SOL_COMPUTED,SINGLE,18,14,3.4619,10.4764,1.1,1793
0703002-0918-15-42-gnss_raw.txt,2436,459866.200,FINESTEERING,SOL_COMPUTED,SINGLE,19,17,3.5252,10.6544,1.2,1793
0703002-0918-15-42-gnss_raw.txt,2436,459866.300,FINESTEERING,SOL_COMPUTED,SINGLE,19,16,3.6884,11.1342,1.3,1793
0703002-0918-15-42-gnss_raw.txt,2436,459866.400,FINESTEERING,SOL_COMPUTED,SINGLE,19,15,3.7024,11.1661,1.4,1793
0703002-0918-15-42-gnss_raw.txt,2436,459866.500,FINESTEERING,SOL_COMPUTED,SINGLE,19,14,3.7763,11.377,1.5,1793
0703002-0918-15-42-gnss_raw.txt,2436,459866.600,FINESTEERING,SOL_COMPUTED,SINGLE,19,11,4.002,12.0312,1.6,1793
0703002-0918-15-42-gnss_raw.txt,2436,459866.700,FINESTEERING,SOL_COMPUTED,SINGLE,19,11,3.9807,11.9601,1.7,1793
0703002-0918-15-42-gnss_raw.txt,2436,459866.800,FINESTEERING,SOL_COMPUTED,SINGLE,19,11,3.9028,11.7177,1.8,1793
0703002-0918-15-42-gnss_raw.txt,2436,459866.900,FINESTEERING,SOL_COMPUTED,SINGLE,19,11,3.9245,11.7745,0.9,1793
0703002-0918-15-42-gnss_raw.txt,2436,459867.000,FINESTEERING,SOL_COMPUTED,SINGLE,19,15,3.6978,11.0961,1.0,1793
0703002-0918-15-42-gnss_raw.txt,2436,459867.100,FINESTEERING,SOL_COMPUTED,SINGLE,19,15,3.6928,11.0827,1.1,1793
0703002-0918-15-42-gnss_raw.txt,2436,459867.200,FINESTEERING,SOL_COMPUTED,SINGLE,19,15,3.6715,11.0191,1.2,1793
0703002-0918-15-42-gnss_raw.txt,2436,459867.300,FINESTEERING,SOL_COMPUTED,SINGLE,19,15,3.6354,10.91,1.3,1793
0703002-0918-15-42-gnss_raw.txt,2436,459867.400,FINESTEERING,SOL_COMPUTED,SINGLE,19,16,3.5614,10.6855,1.4,1793
0703002-0918-15-42-gnss_raw.txt,2436,459867.500,FINESTEERING,SOL_COMPUTED,SINGLE,19,16,3.5537,10.6603,1.5,1793
0703002-0918-15-42-gnss_raw.txt,2436,459867.600,FINESTEERING,SOL_COMPUTED,SINGLE,19,16,3.5144,10.5395,1.6,1793
0703002-0918-15-42-gnss_raw.txt,2436,459867.700,FINESTEERING,SOL_COMPUTED,SINGLE,19,16,3.6435,10.9252,1.7,1793
0703002-0918-15-42-gnss_raw.txt,2436,459867.800,FINESTEERING,SOL_COMPUTED,SINGLE,19,15,3.6263,10.8718,1.8,1793
0703002-0918-15-42-gnss_raw.txt,2436,459867.900,FINESTEERING,SOL_COMPUTED,SINGLE,19,15,3.5943,10.7749,1.9,1793
0703002-0918-15-42-gnss_raw.txt,2436,459868.000,FINESTEERING,SOL_COMPUTED,SINGLE,19,15,3.5127,10.5271,1.0,1793
0703002-0918-15-42-gnss_raw.txt,2436,459868.100,FINESTEERING,SOL_COMPUTED,SINGLE,19,14,3.5966,10.7786,1.1,1793
0703002-0918-15-42-gnss_raw.txt,2436,459868.200,FINESTEERING,SOL_COMPUTED,SINGLE,19,16,3.5352,10.5918,1.2,1793
0703002-0918-15-42-gnss_raw.txt,2436,459868.300,FINESTEERING,SOL_COMPUTED,SINGLE,19,16,3.5555,10.6501,1.3,1793
0703002-0918-15-42-gnss_raw.txt,2436,459868.400,FINESTEERING,SOL_COMPUTED,SINGLE,19,14,3.4505,10.332,1.4,1793
0703002-0918-15-42-gnss_raw.txt,2436,459868.500,FINESTEERING,SOL_COMPUTED,SINGLE,19,15,3.4861,10.4342,1.5,1793
0703002-0918-15-42-gnss_raw.txt,2436,459868.600,FINESTEERING,SOL_COMPUTED,SINGLE,19,15,3.5004,10.4723,1.6,1793
0703002-0918-15-42-gnss_raw.txt,2436,459868.700,FINESTEERING,SOL_COMPUTED,SINGLE,19,15,3.4034,10.1781,1.7,1793
0703002-0918-15-42-gnss_raw.txt,2436,459868.800,FINESTEERING,SOL_COMPUTED,SINGLE,19,15,3.3827,10.1118,1.8,1793
0703002-0918-15-42-gnss_raw.txt,2436,459868.900,FINESTEERING,SOL_COMPUTED,SINGLE,19,14,3.4669,10.3604,0.9,1793
0703002-0918-15-42-gnss_raw.txt,2436,459869.000,FINESTEERING,SOL_COMPUTED,SINGLE,19,13,3.5215,10.5173,1.0,1793
0703002-0918-15-42-gnss_raw.txt,2436,459869.100,FINESTEERING,SOL_COMPUTED,SINGLE,19,14,3.4521,10.3055,1.1,1793
0703002-0918-15-42-gnss_raw.txt,2436,459869.200,FINESTEERING,SOL_COMPUTED,SINGLE,19,13,3.5201,10.5036,1.2,1793
0703002-0918-15-42-gnss_raw.txt,2436,459869.300,FINESTEERING,SOL_COMPUTED,SINGLE,19,15,3.4214,10.2034,1.3,1793
0703002-0918-15-42-gnss_raw.txt,2436,459869.400,FINESTEERING,SOL_COMPUTED,SINGLE,19,14,3.3416,9.9585,1.4,1793
0703002-0918-15-42-gnss_raw.txt,2436,459869.500,FINESTEERING,SOL_COMPUTED,SINGLE,19,14,3.3692,10.0346,1.5,1793
0703002-0918-15-42-gnss_raw.txt,2436,459869.600,FINESTEERING,SOL_COMPUTED,SINGLE,19,14,3.4248,10.1921,1.6,1793
0703002-0918-15-42-gnss_raw.txt,2436,459869.700,FINESTEERING,SOL_COMPUTED,SINGLE,19,14,3.4484,10.2576,1.7,1793
0703002-0918-15-42-gnss_raw.txt,2436,459869.800,FINESTEERING,SOL_COMPUTED,SINGLE,19,15,3.3626,9.998,1.8,1793
0703002-0918-15-42-gnss_raw.txt,2436,459869.900,FINESTEERING,SOL_COMPUTED,SINGLE,19,15,3.3663,10.0044,1.9,1793
0703002-0918-15-42-gnss_raw.txt,2436,459870.000,FINESTEERING,SOL_COMPUTED,SINGLE,19,15,3.3692,10.0084,1.0,1793
0703002-0918-15-42-gnss_raw.txt,2436,459870.100,FINESTEERING,SOL_COMPUTED,SINGLE,19,15,3.3516,9.9509,1.1,1793
0703002-0918-15-42-gnss_raw.txt,2436,459870.200,FINESTEERING,SOL_COMPUTED,SINGLE,19,14,3.4449,10.2241,1.2,1793
0703002-0918-15-42-gnss_raw.txt,2436,459870.300,FINESTEERING,SOL_COMPUTED,SINGLE,19,15,3.3751,10.0105,1.3,1793
0703002-0918-15-42-gnss_raw.txt,2436,459870.400,FINESTEERING,SOL_COMPUTED,SINGLE,19,15,3.3743,10.0015,1.4,1793
0703002-0918-15-42-gnss_raw.txt,2436,459870.500,FINESTEERING,SOL_COMPUTED,SINGLE,19,14,3.4287,10.1604,1.5,1793
0703002-0918-15-42-gnss_raw.txt,2436,459870.600,FINESTEERING,SOL_COMPUTED,SINGLE,19,14,3.3637,9.9622,1.6,1793
0703002-0918-15-42-gnss_raw.txt,2436,459870.700,FINESTEERING,SOL_COMPUTED,SINGLE,19,15,3.3778,9.9988,0.7,1793
0703002-0918-15-42-gnss_raw.txt,2436,459870.800,FINESTEERING,SOL_COMPUTED,SINGLE,19,15,3.3435,9.8941,0.8,1793
0703002-0918-15-42-gnss_raw.txt,2436,459870.900,FINESTEERING,SOL_COMPUTED,SINGLE,19,14,3.4233,10.1259,0.9,1793
0703002-0918-15-42-gnss_raw.txt,2436,459871.000,FINESTEERING,SOL_COMPUTED,SINGLE,19,15,3.3443,9.8858,1.0,1793
0703002-0918-15-42-gnss_raw.txt,2436,459871.100,FINESTEERING,SOL_COMPUTED,SINGLE,19,15,3.3642,9.9386,1.1,1793
0703002-0918-15-42-gnss_raw.txt,2436,459871.200,FINESTEERING,SOL_COMPUTED,SINGLE,19,15,3.3802,9.9794,1.2,1793
0703002-0918-15-42-gnss_raw.txt,2436,459871.300,FINESTEERING,SOL_COMPUTED,SINGLE,19,15,3.4567,10.2,1.3,1793
0703002-0918-15-42-gnss_raw.txt,2436,459871.400,FINESTEERING,SOL_COMPUTED,SINGLE,19,15,3.4742,10.248,1.4,1793
0703002-0918-15-42-gnss_raw.txt,2436,459871.500,FINESTEERING,SOL_COMPUTED,SINGLE,19,14,3.395,10.0103,1.5,1793
0703002-0918-15-42-gnss_raw.txt,2436,459871.600,FINESTEERING,SOL_COMPUTED,SINGLE,19,14,3.4019,10.027,1.6,1793
0703002-0918-15-42-gnss_raw.txt,2436,459871.700,FINESTEERING,SOL_COMPUTED,SINGLE,19,14,3.5314,10.4508,0.7,1793
0703002-0918-15-42-gnss_raw.txt,2436,459871.800,FINESTEERING,SOL_COMPUTED,SINGLE,19,14,3.3742,10.0213,0.8,1793
0703002-0918-15-42-gnss_raw.txt,2436,459871.900,FINESTEERING,SOL_COMPUTED,SINGLE,19,14,3.3443,9.9653,0.9,1793
0703002-0918-15-42-gnss_raw.txt,2436,459872.000,FINESTEERING,SOL_COMPUTED,SINGLE,19,14,3.3075,9.8866,1.0,1793
0703002-0918-15-42-gnss_raw.txt,2436,459872.100,FINESTEERING,SOL_COMPUTED,SINGLE,19,15,3.2365,9.7025,1.1,1793
0703002-0918-15-42-gnss_raw.txt,2436,459872.200,FINESTEERING,SOL_COMPUTED,SINGLE,19,15,3.1409,9.4415,1.2,1793
0703002-0918-15-42-gnss_raw.txt,2436,459872.300,FINESTEERING,SOL_COMPUTED,SINGLE,19,16,3.1422,9.4692,1.3,1793
0703002-0918-15-42-gnss_raw.txt,2436,459872.400,FINESTEERING,SOL_COMPUTED,SINGLE,19,15,3.1832,9.6169,1.4,1793
0703002-0918-15-42-gnss_raw.txt,2436,459872.500,FINESTEERING,SOL_COMPUTED,SINGLE,19,14,3.072,9.3016,1.5,1793
0703002-0918-15-42-gnss_raw.txt,2436,459872.600,FINESTEERING,SOL_COMPUTED,SINGLE,19,15,3.1242,9.4811,1.6,1793
0703002-0918-15-42-gnss_raw.txt,2436,459872.700,FINESTEERING,SOL_COMPUTED,SINGLE,19,14,3.1504,9.5816,1.7,1793
0703002-0918-15-42-gnss_raw.txt,2436,459872.800,FINESTEERING,SOL_COMPUTED,SINGLE,19,14,3.2477,9.9014,0.8,1793
0703002-0918-15-42-gnss_raw.txt,2436,459872.900,FINESTEERING,SOL_COMPUTED,SINGLE,19,16,3.0774,9.4024,0.9,1793
0703002-0918-15-42-gnss_raw.txt,2436,459873.000,FINESTEERING,SOL_COMPUTED,SINGLE,19,16,3.0582,9.3641,1.0,1793
0703002-0918-15-42-gnss_raw.txt,2436,459873.100,FINESTEERING,SOL_COMPUTED,SINGLE,19,15,3.0098,9.2356,1.1,1793
0703002-0918-15-42-gnss_raw.txt,2436,459873.200,FINESTEERING,SOL_COMPUTED,SINGLE,19,16,3.0405,9.3477,1.2,1793
0703002-0918-15-42-gnss_raw.txt,2436,459873.300,FINESTEERING,SOL_COMPUTED,SINGLE,19,16,3.0149,9.2865,1.3,1793
0703002-0918-15-42-gnss_raw.txt,2436,459873.400,FINESTEERING,SOL_COMPUTED,SINGLE,19,15,3.0733,9.4858,1.4,1793
0703002-0918-15-42-gnss_raw.txt,2436,459873.500,FINESTEERING,SOL_COMPUTED,SINGLE,19,14,3.1197,9.6501,1.5,1793
0703002-0918-15-42-gnss_raw.txt,2436,459873.600,FINESTEERING,SOL_COMPUTED,SINGLE,19,14,3.115,9.656,1.6,1793
0703002-0918-15-42-gnss_raw.txt,2436,459873.700,FINESTEERING,SOL_COMPUTED,SINGLE,18,14,3.2047,9.9541,1.7,1793
0703002-0918-15-42-gnss_raw.txt,2436,459873.800,FINESTEERING,SOL_COMPUTED,SINGLE,18,14,3.1246,9.7233,1.8,1793
0703002-0918-15-42-gnss_raw.txt,2436,459873.900,FINESTEERING,SOL_COMPUTED,SINGLE,18,14,3.0649,9.5537,0.9,1793
0703002-0918-15-42-gnss_raw.txt,2436,459874.000,FINESTEERING,SOL_COMPUTED,SINGLE,18,15,3.0163,9.4178,1.0,1793
0703002-0918-15-42-gnss_raw.txt,2436,459874.100,FINESTEERING,SOL_COMPUTED,SINGLE,18,15,3.0283,9.4695,1.1,1793
0703002-0918-15-42-gnss_raw.txt,2436,459874.200,FINESTEERING,SOL_COMPUTED,SINGLE,18,15,3.0651,9.5993,1.2,1793
0703002-0918-15-42-gnss_raw.txt,2436,459874.300,FINESTEERING,SOL_COMPUTED,SINGLE,18,14,3.0499,9.5557,1.3,1793
0703002-0918-15-42-gnss_raw.txt,2436,459874.400,FINESTEERING,SOL_COMPUTED,SINGLE,18,14,3.0027,9.406,1.4,1793
0703002-0918-15-42-gnss_raw.txt,2436,459874.500,FINESTEERING,SOL_COMPUTED,SINGLE,18,11,3.2806,10.261,1.5,1793
0703002-0918-15-42-gnss_raw.txt,2436,459874.600,FINESTEERING,SOL_COMPUTED,SINGLE,18,11,3.0016,9.3825,1.6,1793
0703002-0918-15-42-gnss_raw.txt,2436,459874.700,FINESTEERING,SOL_COMPUTED,SINGLE,18,11,3.3341,10.4066,1.7,1793
0703002-0918-15-42-gnss_raw.txt,2436,459874.800,FINESTEERING,SOL_COMPUTED,SINGLE,18,11,3.2902,10.2571,1.8,1793
0703002-0918-15-42-gnss_raw.txt,2436,459874.900,FINESTEERING,SOL_COMPUTED,SINGLE,18,11,3.2282,10.0499,0.9,1793
0703002-0918-15-42-gnss_raw.txt,2436,459875.000,FINESTEERING,SOL_COMPUTED,SINGLE,18,11,3.2444,10.0857,1.0,1793
0703002-0918-15-42-gnss_raw.txt,2436,459875.100,FINESTEERING,SOL_COMPUTED,SINGLE,18,11,3.2826,10.193,1.1,1793
0703002-0918-15-42-gnss_raw.txt,2436,459875.200,FINESTEERING,SOL_COMPUTED,SINGLE,18,11,2.9213,9.0661,1.2,1793
0703002-0918-15-42-gnss_raw.txt,2436,459875.300,FINESTEERING,SOL_COMPUTED,SINGLE,18,11,2.9406,9.1207,1.3,1793
0703002-0918-15-42-gnss_raw.txt,2436,459875.400,FINESTEERING,SOL_COMPUTED,SINGLE,18,11,2.9325,9.0924,1.4,1793
0703002-0918-15-42-gnss_raw.txt,2436,459875.500,FINESTEERING,SOL_COMPUTED,SINGLE,18,11,3.3026,10.2256,1.5,1793
0703002-0918-15-42-gnss_raw.txt,2436,459875.600,FINESTEERING,SOL_COMPUTED,SINGLE,18,11,3.3667,10.4088,1.6,1793
0703002-0918-15-42-gnss_raw.txt,2436,459875.700,FINESTEERING,SOL_COMPUTED,SINGLE,18,11,3.3505,10.3437,1.7,1793
0703002-0918-15-42-gnss_raw.txt,2436,459875.800,FINESTEERING,SOL_COMPUTED,SINGLE,18,11,3.0128,9.2973,1.8,1793
0703002-0918-15-42-gnss_raw.txt,2436,459875.900,FINESTEERING,SOL_COMPUTED,SINGLE,18,11,2.9195,9.0042,1.9,1793
0703002-0918-15-42-gnss_raw.txt,2436,459876.000,FINESTEERING,SOL_COMPUTED,SINGLE,18,10,3.3324,10.2625,2.0,1793
0703002-0918-15-42-gnss_raw.txt,2436,459876.100,FINESTEERING,SOL_COMPUTED,SINGLE,18,11,2.9611,9.1156,1.1,1793
0703002-0918-15-42-gnss_raw.txt,2436,459876.200,FINESTEERING,SOL_COMPUTED,SINGLE,18,11,2.9036,8.933,1.2,1793
0703002-0918-15-42-gnss_raw.txt,2436,459876.300,FINESTEERING,SOL_COMPUTED,SINGLE,18,11,2.9315,9.0137,1.3,1793
0703002-0918-15-42-gnss_raw.txt,2436,459876.400,FINESTEERING,SOL_COMPUTED,SINGLE,18,11,2.908,8.9335,1.4,1793
0703002-0918-15-42-gnss_raw.txt,2436,459876.500,FINESTEERING,SOL_COMPUTED,SINGLE,19,11,2.8869,8.8628,1.5,1793
0703002-0918-15-42-gnss_raw.txt,2436,459876.600,FINESTEERING,SOL_COMPUTED,SINGLE,19,11,3.1417,9.6301,1.6,1793
0703002-0918-15-42-gnss_raw.txt,2436,459876.700,FINESTEERING,SOL_COMPUTED,SINGLE,18,10,3.1899,9.7625,0.7,1793
0703002-0918-15-42-gnss_raw.txt,2436,459876.800,FINESTEERING,SOL_COMPUTED,SINGLE,18,10,3.231,9.8743,0.8,1793
0703002-0918-15-42-gnss_raw.txt,2436,459876.900,FINESTEERING,SOL_COMPUTED,SINGLE,18,11,3.1037,9.4705,0.9,1793
0703002-0918-15-42-gnss_raw.txt,2436,459877.000,FINESTEERING,SOL_COMPUTED,SINGLE,18,11,3.1114,9.4794,1.0,1793
0703002-0918-15-42-gnss_raw.txt,2436,459877.100,FINESTEERING,SOL_COMPUTED,SINGLE,18,11,3.1485,9.5779,1.1,1793
0703002-0918-15-42-gnss_raw.txt,2436,459877.200,FINESTEERING,SOL_COMPUTED,SINGLE,18,11,3.1761,9.6499,1.2,1793
0703002-0918-15-42-gnss_raw.txt,2436,459877.300,FINESTEERING,SOL_COMPUTED,SINGLE,18,11,3.1476,9.5494,1.3,1793
0703002-0918-15-42-gnss_raw.txt,2436,459877.400,FINESTEERING,SOL_COMPUTED,SINGLE,18,11,3.1065,9.4126,1.4,1793
0703002-0918-15-42-gnss_raw.txt,2436,459877.500,FINESTEERING,SOL_COMPUTED,SINGLE,18,11,3.1293,9.4688,1.5,1793
0703002-0918-15-42-gnss_raw.txt,2436,459877.600,FINESTEERING,SOL_COMPUTED,SINGLE,18,11,3.2355,9.7782,1.6,1793
0703002-0918-15-42-gnss_raw.txt,2436,459877.700,FINESTEERING,SOL_COMPUTED,SINGLE,19,11,3.2746,9.8816,1.7,1793
0703002-0918-15-42-gnss_raw.txt,2436,459877.800,FINESTEERING,SOL_COMPUTED,SINGLE,19,11,3.2175,9.6942,1.8,1793
0703002-0918-15-42-gnss_raw.txt,2436,459877.900,FINESTEERING,SOL_COMPUTED,SINGLE,19,11,3.0087,9.0606,0.9,1793
0703002-0918-15-42-gnss_raw.txt,2436,459878.000,FINESTEERING,SOL_COMPUTED,SINGLE,19,10,3.1951,9.6062,1.0,1793
0703002-0918-15-42-gnss_raw.txt,2436,459878.100,FINESTEERING,SOL_COMPUTED,SINGLE,19,11,3.1877,9.5687,1.1,1793
0703002-0918-15-42-gnss_raw.txt,2436,459878.200,FINESTEERING,SOL_COMPUTED,SINGLE,19,11,3.1748,9.515,1.2,1793
0703002-0918-15-42-gnss_raw.txt,2436,459878.300,FINESTEERING,SOL_COMPUTED,SINGLE,19,11,3.245,9.7121,1.3,1793
0703002-0918-15-42-gnss_raw.txt,2436,459878.400,FINESTEERING,SOL_COMPUTED,SINGLE,19,12,3.2005,9.5665,1.4,1793
0703002-0918-15-42-gnss_raw.txt,2436,459878.500,FINESTEERING,SOL_COMPUTED,SINGLE,19,12,3.2159,9.5986,1.5,1793
0703002-0918-15-42-gnss_raw.txt,2436,459878.600,FINESTEERING,SOL_COMPUTED,SINGLE,19,12,3.224,9.6092,1.6,1793
0703002-0918-15-42-gnss_raw.txt,2436,459878.700,FINESTEERING,SOL_COMPUTED,SINGLE,19,11,3.1916,9.4992,1.7,1793
0703002-0918-15-42-gnss_raw.txt,2436,459878.800,FINESTEERING,SOL_COMPUTED,SINGLE,19,11,3.225,9.5866,1.8,1793
0703002-0918-15-42-gnss_raw.txt,2436,459878.900,FINESTEERING,SOL_COMPUTED,SINGLE,19,11,3.2316,9.5942,1.9,1793
0703002-0918-15-42-gnss_raw.txt,2436,459879.000,FINESTEERING,SOL_COMPUTED,SINGLE,19,11,3.2823,9.7345,1.0,1793
0703002-0918-15-42-gnss_raw.txt,2436,459879.100,FINESTEERING,SOL_COMPUTED,SINGLE,19,11,3.3379,9.8886,1.1,1793
0703002-0918-15-42-gnss_raw.txt,2436,459879.200,FINESTEERING,SOL_COMPUTED,SINGLE,19,12,3.3191,9.8227,1.2,1793
0703002-0918-15-42-gnss_raw.txt,2436,459879.300,FINESTEERING,SOL_COMPUTED,SINGLE,19,11,3.3274,9.8388,1.3,1793
0703002-0918-15-42-gnss_raw.txt,2436,459879.400,FINESTEERING,SOL_COMPUTED,SINGLE,19,11,3.3157,9.8007,1.4,1793
0703002-0918-15-42-gnss_raw.txt,2436,459879.500,FINESTEERING,SOL_COMPUTED,SINGLE,19,15,3.1267,9.2385,1.5,1793
0703002-0918-15-42-gnss_raw.txt,2436,459879.600,FINESTEERING,SOL_COMPUTED,SINGLE,19,11,3.3498,9.8879,1.6,1793
0703002-0918-15-42-gnss_raw.txt,2436,459879.700,FINESTEERING,SOL_COMPUTED,SINGLE,19,11,3.2526,9.5901,1.7,1793
0703002-0918-15-42-gnss_raw.txt,2436,459879.800,FINESTEERING,SOL_COMPUTED,SINGLE,19,11,3.2071,9.4471,1.8,1793
0703002-0918-15-42-gnss_raw.txt,2436,459879.900,FINESTEERING,SOL_COMPUTED,SINGLE,19,11,3.3013,9.715,0.9,1793
0703002-0918-15-42-gnss_raw.txt,2436,459880.000,FINESTEERING,SOL_COMPUTED,SINGLE,19,11,3.0865,9.0749,1.0,1793
0703002-0918-15-42-gnss_raw.txt,2436,459880.100,FINESTEERING,SOL_COMPUTED,SINGLE,19,16,3.1214,9.1766,1.1,1793
0703002-0918-15-42-gnss_raw.txt,2436,459880.200,FINESTEERING,SOL_COMPUTED,SINGLE,19,14,3.0965,9.0966,1.2,1793
0703002-0918-15-42-gnss_raw.txt,2436,459880.300,FINESTEERING,SOL_COMPUTED,SINGLE,19,15,3.0685,9.0092,1.3,1793
0703002-0918-15-42-gnss_raw.txt,2436,459880.400,FINESTEERING,SOL_COMPUTED,SINGLE,19,16,3.1041,9.1122,1.4,1793
0703002-0918-15-42-gnss_raw.txt,2436,459880.500,FINESTEERING,SOL_COMPUTED,SINGLE,19,15,3.1435,9.2245,1.5,1793
0703002-0918-15-42-gnss_raw.txt,2436,459880.600,FINESTEERING,SOL_COMPUTED,SINGLE,19,15,3.328,9.7632,1.6,1793
0703002-0918-15-42-gnss_raw.txt,2436,459880.700,FINESTEERING,SOL_COMPUTED,SINGLE,19,15,3.133,9.187,1.7,1793
0703002-0918-15-42-gnss_raw.txt,2436,459880.800,FINESTEERING,SOL_COMPUTED,SINGLE,19,16,3.2277,9.461,1.8,1793
0703002-0918-15-42-gnss_raw.txt,2436,459880.900,FINESTEERING,SOL_COMPUTED,SINGLE,19,14,3.2882,9.6314,1.9,1793
0703002-0918-15-42-gnss_raw.txt,2436,459881.000,FINESTEERING,SOL_COMPUTED,SINGLE,19,16,3.2405,9.4875,1.0,1793
0703002-0918-15-42-gnss_raw.txt,2436,459881.100,FINESTEERING,SOL_COMPUTED,SINGLE,19,11,3.2639,9.5472,1.1,1793
0703002-0918-15-42-gnss_raw.txt,2436,459881.200,FINESTEERING,SOL_COMPUTED,SINGLE,19,11,3.3071,9.6671,1.2,1793
0703002-0918-15-42-gnss_raw.txt,2436,459881.300,FINESTEERING,SOL_COMPUTED,SINGLE,19,11,3.2726,9.5588,1.3,1793
0703002-0918-15-42-gnss_raw.txt,2436,459881.400,FINESTEERING,SOL_COMPUTED,SINGLE,19,11,3.2437,9.4671,1.4,1793
0703002-0918-15-42-gnss_raw.txt,2436,459881.500,FINESTEERING,SOL_COMPUTED,SINGLE,19,11,3.4978,10.2,1.5,1793
0703002-0918-15-42-gnss_raw.txt,2436,459881.600,FINESTEERING,SOL_COMPUTED,SINGLE,19,11,3.3395,9.7307,1.6,1793
0703002-0918-15-42-gnss_raw.txt,2436,459881.700,FINESTEERING,SOL_COMPUTED,SINGLE,19,11,3.2659,9.5095,1.7,1793
0703002-0918-15-42-gnss_raw.txt,2436,459881.800,FINESTEERING,SOL_COMPUTED,SINGLE,19,11,3.3004,9.601,1.8,1793
0703002-0918-15-42-gnss_raw.txt,2436,459881.900,FINESTEERING,SOL_COMPUTED,SINGLE,19,16,3.2975,9.593,0.9,1793
0703002-0918-15-42-gnss_raw.txt,2436,459882.000,FINESTEERING,SOL_COMPUTED,SINGLE,19,16,3.1632,9.2013,1.0,1793
0703002-0918-15-42-gnss_raw.txt,2436,459882.100,FINESTEERING,SOL_COMPUTED,SINGLE,19,16,3.1306,9.1068,1.1,1793
0703002-0918-15-42-gnss_raw.txt,2436,459882.200,FINESTEERING,SOL_COMPUTED,SINGLE,19,15,3.2009,9.3106,1.2,1793
0703002-0918-15-42-gnss_raw.txt,2436,459882.300,FINESTEERING,SOL_COMPUTED,SINGLE,19,16,3.3176,9.6488,1.3,1793
0703002-0918-15-42-gnss_raw.txt,2436,459882.400,FINESTEERING,SOL_COMPUTED,SINGLE,19,15,3.2792,9.5354,1.4,1793
0703002-0918-15-42-gnss_raw.txt,2436,459882.500,FINESTEERING,SOL_COMPUTED,SINGLE,19,14,3.222,9.3671,1.5,1793
0703002-0918-15-42-gnss_raw.txt,2436,459882.600,FINESTEERING,SOL_COMPUTED,SINGLE,19,16,3.1865,9.2614,1.6,1793
0703002-0918-15-42-gnss_raw.txt,2436,459882.700,FINESTEERING,SOL_COMPUTED,SINGLE,19,15,3.2429,9.4227,1.7,1793
0703002-0918-15-42-gnss_raw.txt,2436,459882.800,FINESTEERING,SOL_COMPUTED,SINGLE,19,15,3.192,9.2719,0.8,1793
0703002-0918-15-42-gnss_raw.txt,2436,459882.900,FINESTEERING,SOL_COMPUTED,SINGLE,19,15,3.3372,9.6898,0.9,1793
0703002-0918-15-42-gnss_raw.txt,2436,459883.000,FINESTEERING,SOL_COMPUTED,SINGLE,19,15,3.2106,9.3167,1.0,1793
0703002-0918-15-42-gnss_raw.txt,2436,459883.100,FINESTEERING,SOL_COMPUTED,SINGLE,19,15,3.2782,9.5077,1.1,1793
0703002-0918-15-42-gnss_raw.txt,2436,459883.200,FINESTEERING,SOL_COMPUTED,SINGLE,19,15,3.3119,9.601,1.2,1793
0703002-0918-15-42-gnss_raw.txt,2436,459883.300,FINESTEERING,SOL_COMPUTED,SINGLE,19,15,3.3174,9.6118,1.3,1793
0703002-0918-15-42-gnss_raw.txt,2436,459883.400,FINESTEERING,SOL_COMPUTED,SINGLE,19,16,3.4736,10.0602,1.4,1793
0703002-0918-15-42-gnss_raw.txt,2436,459883.500,FINESTEERING,SOL_COMPUTED,SINGLE,19,15,3.4598,10.0185,1.5,1793
0703002-0918-15-42-gnss_raw.txt,2436,459883.600,FINESTEERING,SOL_COMPUTED,SINGLE,19,14,3.458,10.0087,1.6,1793
0703002-0918-15-42-gnss_raw.txt,2436,459883.700,FINESTEERING,SOL_COMPUTED,SINGLE,19,15,3.5039,10.1377,1.7,1793
0703002-0918-15-42-gnss_raw.txt,2436,459883.800,FINESTEERING,SOL_COMPUTED,SINGLE,19,17,3.2498,9.4014,0.8,1793
0703002-0918-15-42-gnss_raw.txt,2436,459883.900,FINESTEERING,SOL_COMPUTED,SINGLE,19,16,3.3258,9.6195,0.9,1793
0703002-0918-15-42-gnss_raw.txt,2436,459884.000,FINESTEERING,SOL_COMPUTED,SINGLE,19,15,3.3095,9.5733,1.0,1793
0703002-0918-15-42-gnss_raw.txt,2436,459884.100,FINESTEERING,SOL_COMPUTED,SINGLE,19,16,3.292,9.5226,1.1,1793
0703002-0918-15-42-gnss_raw.txt,2436,459884.200,FINESTEERING,SOL_COMPUTED,SINGLE,19,17,3.3204,9.604,1.2,1793
0703002-0918-15-42-gnss_raw.txt,2436,459884.300,FINESTEERING,SOL_COMPUTED,SINGLE,19,16,3.5519,10.2731,1.3,1793
0703002-0918-15-42-gnss_raw.txt,2436,459884.400,FINESTEERING,SOL_COMPUTED,SINGLE,19,16,3.372,9.7516,1.4,1793
0703002-0918-15-42-gnss_raw.txt,2436,459884.500,FINESTEERING,SOL_COMPUTED,SINGLE,19,16,3.7313,10.7843,1.5,1793
0703002-0918-15-42-gnss_raw.txt,2436,459884.600,FINESTEERING,SOL_COMPUTED,SINGLE,19,15,3.6052,10.4154,1.6,1793
0703002-0918-15-42-gnss_raw.txt,2436,459884.700,FINESTEERING,SOL_COMPUTED,SINGLE,19,14,3.7122,10.7235,1.7,1793
0703002-0918-15-42-gnss_raw.txt,2436,459884.800,FINESTEERING,SOL_COMPUTED,SINGLE,19,15,3.5277,10.1886,1.8,1793
0703002-0918-15-42-gnss_raw.txt,2436,459884.900,FINESTEERING,SOL_COMPUTED,SINGLE,19,16,3.5345,10.2065,0.9,1793
0703002-0918-15-42-gnss_raw.txt,2436,459885.000,FINESTEERING,SOL_COMPUTED,SINGLE,19,15,3.6389,10.5068,1.0,1793
0703002-0918-15-42-gnss_raw.txt,2436,459885.100,FINESTEERING,SOL_COMPUTED,SINGLE,19,15,3.591,10.3686,1.1,1793
0703002-0918-15-42-gnss_raw.txt,2436,459885.200,FINESTEERING,SOL_COMPUTED,SINGLE,19,16,3.4239,9.8836,1.2,1793
0703002-0918-15-42-gnss_raw.txt,2436,459885.300,FINESTEERING,SOL_COMPUTED,SINGLE,19,16,3.4312,9.9041,1.3,1793
0703002-0918-15-42-gnss_raw.txt,2436,459885.400,FINESTEERING,SOL_COMPUTED,SINGLE,19,15,3.5192,10.1594,1.4,1793
0703002-0918-15-42-gnss_raw.txt,2436,459885.500,FINESTEERING,SOL_COMPUTED,SINGLE,19,15,3.3567,9.6915,1.5,1793
0703002-0918-15-42-gnss_raw.txt,2436,459885.600,FINESTEERING,SOL_COMPUTED,SINGLE,19,15,3.4109,9.8494,1.6,1793
0703002-0918-15-42-gnss_raw.txt,2436,459885.700,FINESTEERING,SOL_COMPUTED,SINGLE,19,15,3.2805,9.4726,1.7,1793
0703002-0918-15-42-gnss_raw.txt,2436,459885.800,FINESTEERING,SOL_COMPUTED,SINGLE,19,15,3.2715,9.4464,1.8,1793
0703002-0918-15-42-gnss_raw.txt,2436,459885.900,FINESTEERING,SOL_COMPUTED,SINGLE,18,14,3.4084,9.8374,0.9,1793
0703002-0918-15-42-gnss_raw.txt,2436,459886.000,FINESTEERING,SOL_COMPUTED,SINGLE,18,14,3.3493,9.6608,1.0,1793
0703002-0918-15-42-gnss_raw.txt,2436,459886.100,FINESTEERING,SOL_COMPUTED,SINGLE,18,14,3.3404,9.6295,1.1,1793
0703002-0918-15-42-gnss_raw.txt,2436,459886.200,FINESTEERING,SOL_COMPUTED,SINGLE,18,13,3.427,9.8723,1.2,1793
0703002-0918-15-42-gnss_raw.txt,2436,459886.300,FINESTEERING,SOL_COMPUTED,SINGLE,18,14,3.347,9.6367,1.3,1793
0703002-0918-15-42-gnss_raw.txt,2436,459886.400,FINESTEERING,SOL_COMPUTED,SINGLE,18,14,3.3603,9.6732,1.4,1793
0703002-0918-15-42-gnss_raw.txt,2436,459886.500,FINESTEERING,SOL_COMPUTED,SINGLE,18,14,3.4568,9.9491,1.5,1793
0703002-0918-15-42-gnss_raw.txt,2436,459886.600,FINESTEERING,SOL_COMPUTED,SINGLE,18,14,3.3476,9.6332,1.6,1793
0703002-0918-15-42-gnss_raw.txt,2436,459886.700,FINESTEERING,SOL_COMPUTED,SINGLE,18,13,3.3544,9.6483,1.7,1793
0703002-0918-15-42-gnss_raw.txt,2436,459886.800,FINESTEERING,SOL_COMPUTED,SINGLE,18,14,3.4776,10.0011,1.8,1793
0703002-0918-15-42-gnss_raw.txt,2436,459886.900,FINESTEERING,SOL_COMPUTED,SINGLE,18,15,3.3632,9.6689,0.9,1793
0703002-0918-15-42-gnss_raw.txt,2436,459887.000,FINESTEERING,SOL_COMPUTED,SINGLE,19,14,3.3213,9.5466,1.0,1793
0703002-0918-15-42-gnss_raw.txt,2436,459887.100,FINESTEERING,SOL_COMPUTED,SINGLE,19,14,3.2912,9.4579,1.1,1793
0703002-0918-15-42-gnss_raw.txt,2436,459887.200,FINESTEERING,SOL_COMPUTED,SINGLE,19,13,3.3392,9.5941,1.2,1793
0703002-0918-15-42-gnss_raw.txt,2436,459887.300,FINESTEERING,SOL_COMPUTED,SINGLE,19,14,3.3506,9.6225,1.3,1793
0703002-0918-15-42-gnss_raw.txt,2436,459887.400,FINESTEERING,SOL_COMPUTED,SINGLE,19,14,3.3443,9.6021,1.4,1793
0703002-0918-15-42-gnss_raw.txt,2436,459887.500,FINESTEERING,SOL_COMPUTED,SINGLE,19,15,3.3101,9.503,1.5,1793
0703002-0918-15-42-gnss_raw.txt,2436,459887.600,FINESTEERING,SOL_COMPUTED,SINGLE,19,13,3.4032,9.7674,1.6,1793
0703002-0918-15-42-gnss_raw.txt,2436,459887.700,FINESTEERING,SOL_COMPUTED,SINGLE,19,14,3.4995,10.041,1.7,1793
0703002-0918-15-42-gnss_raw.txt,2436,459887.800,FINESTEERING,SOL_COMPUTED,SINGLE,19,11,3.4152,9.7915,1.8,1793
0703002-0918-15-42-gnss_raw.txt,2436,459887.900,FINESTEERING,SOL_COMPUTED,SINGLE,19,11,3.3941,9.7242,0.9,1793
0703002-0918-15-42-gnss_raw.txt,2436,459888.000,FINESTEERING,SOL_COMPUTED,SINGLE,19,14,3.3198,9.5112,1.0,1793
0703002-0918-15-42-gnss_raw.txt,2436,459888.100,FINESTEERING,SOL_COMPUTED,SINGLE,19,13,3.3097,9.4808,1.1,1793
0703002-0918-15-42-gnss_raw.txt,2436,459888.200,FINESTEERING,SOL_COMPUTED,SINGLE,19,14,3.1862,9.1236,1.2,1793
0703002-0918-15-42-gnss_raw.txt,2436,459888.300,FINESTEERING,SOL_COMPUTED,SINGLE,19,14,3.2105,9.1896,1.3,1793
0703002-0918-15-42-gnss_raw.txt,2436,459888.400,FINESTEERING,SOL_COMPUTED,SINGLE,19,14,3.1782,9.0926,1.4,1793
0703002-0918-15-42-gnss_raw.txt,2436,459888.500,FINESTEERING,SOL_COMPUTED,SINGLE,19,14,3.1702,9.0654,1.5,1793
0703002-0918-15-42-gnss_raw.txt,2436,459888.600,FINESTEERING,SOL_COMPUTED,SINGLE,19,14,3.2549,9.3043,1.6,1793
0703002-0918-15-42-gnss_raw.txt,2436,459888.700,FINESTEERING,SOL_COMPUTED,SINGLE,19,14,3.3047,9.4439,1.7,1793
0703002-0918-15-42-gnss_raw.txt,2436,459888.800,FINESTEERING,SOL_COMPUTED,SINGLE,19,14,3.345,9.5569,1.8,1793
0703002-0918-15-42-gnss_raw.txt,2436,459888.900,FINESTEERING,SOL_COMPUTED,SINGLE,19,14,3.1323,8.9474,1.9,1793
0703002-0918-15-42-gnss_raw.txt,2436,459889.000,FINESTEERING,SOL_COMPUTED,SINGLE,19,14,3.0644,8.7912,1.0,1793
0703002-0918-15-42-gnss_raw.txt,2436,459889.100,FINESTEERING,SOL_COMPUTED,SINGLE,19,15,3.1406,9.0461,1.1,1793
