file,relative_time_s,gps_week,gps_tow_s,time_basis,time_status,sol_status,pos_type,tracked_svs,solution_svs,solution_l1_svs,solution_multifrequency_svs,source_message
0703002-0918-15-42-gnss_raw.txt,0.000,2436,459453.200,GPS标准时间,FINESTEERING,SOL_COMPUTED,SINGLE,26,15,15,15,BESTGNSSPOSA
0703002-0918-15-42-gnss_raw.txt,0.100,2436,459453.300,GPS标准时间,FINESTEERING,SOL_COMPUTED,SINGLE,26,14,14,14,BESTGNSSPOSA
0703002-0918-15-42-gnss_raw.txt,0.200,2436,459453.400,GPS标准时间,FINESTEERING,SOL_COMPUTED,SINGLE,26,14,14,14,BESTGNSSPOSA
0703002-0918-15-42-gnss_raw.txt,0.300,2436,459453.500,GPS标准时间,FINESTEERING,SOL_COMPUTED,SINGLE,26,14,14,14,BESTGNSSPOSA
0703002-0918-15-42-gnss_raw.txt,0.400,2436,459453.600,GPS标准时间,FINESTEERING,SOL_COMPUTED,SINGLE,26,14,14,14,BESTGNSSPOSA
0703002-0918-15-42-gnss_raw.txt,0.500,2436,459453.700,GPS标准时间,FINESTEERING,SOL_COMPUTED,SINGLE,26,13,13,13,BESTGNSSPOSA
0703002-0918-15-42-gnss_raw.txt,0.600,2436,459453.800,GPS标准时间,FINESTEERING,SOL_COMPUTED,SINGLE,26,12,12,12,BESTGNSSPOSA
0703002-0918-15-42-gnss_raw.txt,0.700,2436,459453.900,GPS标准时间,FINESTEERING,SOL_COMPUTED,SINGLE,26,13,13,13,BESTGNSSPOSA
0703002-0918-15-42-gnss_raw.txt,0.800,2436,459454.000,GPS标准时间,FINESTEERING,SOL_COMPUTED,SINGLE,26,14,14,14,BESTGNSSPOSA
0703002-0918-15-42-gnss_raw.txt,0.900,2436,459454.100,GPS标准时间,FINESTEERING,SOL_COMPUTED,SINGLE,26,17,17,17,BESTGNSSPOSA
0703002-0918-15-42-gnss_raw.txt,1.000,2436,459454.200,GPS标准时间,FINESTEERING,SOL_COMPUTED,SINGLE,26,16,16,16,BESTGNSSPOSA
0703002-0918-15-42-gnss_raw.txt,1.100,2436,459454.300,GPS标准时间,FINESTEERING,SOL_COMPUTED,SINGLE,26,15,15,15,BESTGNSSPOSA
0703002-0918-15-42-gnss_raw.txt,1.200,2436,459454.400,GPS标准时间,FINESTEERING,SOL_COMPUTED,SINGLE,26,16,16,16,BESTGNSSPOSA
0703002-0918-15-42-gnss_raw.txt,1.300,2436,459454.500,GPS标准时间,FINESTEERING,SOL_COMPUTED,SINGLE,26,14,14,14,BESTGNSSPOSA
0703002-0918-15-42-gnss_raw.txt,1.400,2436,459454.600,GPS标准时间,FINESTEERING,SOL_COMPUTED,SINGLE,26,11,11,11,BESTGNSSPOSA
0703002-0918-15-42-gnss_raw.txt,1.500,2436,459454.700,GPS标准时间,FINESTEERING,SOL_COMPUTED,SINGLE,26,12,12,12,BESTGNSSPOSA
0703002-0918-15-42-gnss_raw.txt,1.600,2436,459454.800,GPS标准时间,FINESTEERING,SOL_COMPUTED,SINGLE,25,10,10,10,BESTGNSSPOSA
0703002-0918-15-42-gnss_raw.txt,1.700,2436,459454.900,GPS标准时间,FINESTEERING,SOL_COMPUTED,SINGLE,25,12,12,12,BESTGNSSPOSA
0703002-0918-15-42-gnss_raw.txt,1.800,2436,459455.000,GPS标准时间,FINESTEERING,SOL_COMPUTED,SINGLE,25,11,11,11,BESTGNSSPOSA
0703002-0918-15-42-gnss_raw.txt,1.900,2436,459455.100,GPS标准时间,FINESTEERING,SOL_COMPUTED,SINGLE,25,11,11,11,BESTGNSSPOSA
0703002-0918-15-42-gnss_raw.txt,2.000,2436,459455.200,GPS标准时间,FINESTEERING,SOL_COMPUTED,SINGLE,25,12,12,12,BESTGNSSPOSA
0703002-0918-15-42-gnss_raw.txt,2.100,2436,459455.300,GPS标准时间,FINESTEERING,SOL_COMPUTED,SINGLE,26,10,10,10,BESTGNSSPOSA
0703002-0918-15-42-gnss_raw.txt,2.200,2436,459455.400,GPS标准时间,FINESTEERING,SOL_COMPUTED,SINGLE,26,9,9,9,BESTGNSSPOSA
0703002-0918-15-42-gnss_raw.txt,2.300,2436,459455.500,GPS标准时间,FINESTEERING,SOL_COMPUTED,SINGLE,26,9,9,9,BESTGNSSPOSA
0703002-0918-15-42-gnss_raw.txt,2.400,2436,459455.600,GPS标准时间,FINESTEERING,SOL_COMPUTED,SINGLE,25,9,9,9,BESTGNSSPOSA
0703002-0918-15-42-gnss_raw.txt,2.500,2436,459455.700,GPS标准时间,FINESTEERING,SOL_COMPUTED,SINGLE,25,11,11,11,BESTGNSSPOSA
0703002-0918-15-42-gnss_raw.txt,2.600,2436,459455.800,GPS标准时间,FINESTEERING,SOL_COMPUTED,SINGLE,25,10,10,10,BESTGNSSPOSA
0703002-0918-15-42-gnss_raw.txt,2.700,2436,459455.900,GPS标准时间,FINESTEERING,SOL_COMPUTED,SINGLE,25,11,11,11,BESTGNSSPOSA
0703002-0918-15-42-gnss_raw.txt,2.800,2436,459456.000,GPS标准时间,FINESTEERING,SOL_COMPUTED,SINGLE,25,11,11,11,BESTGNSSPOSA
0703002-0918-15-42-gnss_raw.txt,2.900,2436,459456.100,GPS标准时间,FINESTEERING,SOL_COMPUTED,SINGLE,25,11,11,11,BESTGNSSPOSA
0703002-0918-15-42-gnss_raw.txt,3.000,2436,459456.200,GPS标准时间,FINESTEERING,SOL_COMPUTED,SINGLE,25,10,10,10,BESTGNSSPOSA
0703002-0918-15-42-gnss_raw.txt,3.100,2436,459456.300,GPS标准时间,FINESTEERING,SOL_COMPUTED,SINGLE,25,9,9,9,BESTGNSSPOSA
0703002-0918-15-42-gnss_raw.txt,3.200,2436,459456.400,GPS标准时间,FINESTEERING,SOL_COMPUTED,SINGLE,25,14,14,14,BESTGNSSPOSA
0703002-0918-15-42-gnss_raw.txt,3.300,2436,459456.500,GPS标准时间,FINESTEERING,SOL_COMPUTED,SINGLE,25,14,14,14,BESTGNSSPOSA
0703002-0918-15-42-gnss_raw.txt,3.400,2436,459456.600,GPS标准时间,FINESTEERING,SOL_COMPUTED,SINGLE,25,14,14,14,BESTGNSSPOSA
0703002-0918-15-42-gnss_raw.txt,3.500,2436,459456.700,GPS标准时间,FINESTEERING,SOL_COMPUTED,SINGLE,25,15,15,15,BESTGNSSPOSA
0703002-0918-15-42-gnss_raw.txt,3.600,2436,459456.800,GPS标准时间,FINESTEERING,SOL_COMPUTED,SINGLE,25,16,16,16,BESTGNSSPOSA
0703002-0918-15-42-gnss_raw.txt,3.700,2436,459456.900,GPS标准时间,FINESTEERING,SOL_COMPUTED,SINGLE,25,16,16,16,BESTGNSSPOSA
0703002-0918-15-42-gnss_raw.txt,3.800,2436,459457.000,GPS标准时间,FINESTEERING,SOL_COMPUTED,SINGLE,25,13,13,13,BESTGNSSPOSA
0703002-0918-15-42-gnss_raw.txt,3.900,2436,459457.100,GPS标准时间,FINESTEERING,SOL_COMPUTED,SINGLE,25,14,14,14,BESTGNSSPOSA
0703002-0918-15-42-gnss_raw.txt,4.000,2436,459457.200,GPS标准时间,FINESTEERING,SOL_COMPUTED,SINGLE,25,14,14,14,BESTGNSSPOSA
0703002-0918-15-42-gnss_raw.txt,4.100,2436,459457.300,GPS标准时间,FINESTEERING,SOL_COMPUTED,SINGLE,25,13,13,13,BESTGNSSPOSA
0703002-0918-15-42-gnss_raw.txt,4.200,2436,459457.400,GPS标准时间,FINESTEERING,SOL_COMPUTED,SINGLE,25,14,14,14,BESTGNSSPOSA
0703002-0918-15-42-gnss_raw.txt,4.300,2436,459457.500,GPS标准时间,FINESTEERING,SOL_COMPUTED,SINGLE,25,13,13,13,BESTGNSSPOSA
0703002-0918-15-42-gnss_raw.txt,4.400,2436,459457.600,GPS标准时间,FINESTEERING,SOL_COMPUTED,SINGLE,24,15,15,15,BESTGNSSPOSA
0703002-0918-15-42-gnss_raw.txt,4.500,2436,459457.700,GPS标准时间,FINESTEERING,SOL_COMPUTED,SINGLE,24,13,13,13,BESTGNSSPOSA
0703002-0918-15-42-gnss_raw.txt,4.600,2436,459457.800,GPS标准时间,FINESTEERING,SOL_COMPUTED,SINGLE,24,15,15,15,BESTGNSSPOSA
0703002-0918-15-42-gnss_raw.txt,4.700,2436,459457.900,GPS标准时间,FINESTEERING,SOL_COMPUTED,SINGLE,24,15,15,15,BESTGNSSPOSA
0703002-0918-15-42-gnss_raw.txt,4.800,2436,459458.000,GPS标准时间,FINESTEERING,SOL_COMPUTED,SINGLE,24,14,14,14,BESTGNSSPOSA
0703002-0918-15-42-gnss_raw.txt,4.900,2436,459458.100,GPS标准时间,FINESTEERING,SOL_COMPUTED,SINGLE,24,14,14,14,BESTGNSSPOSA
0703002-0918-15-42-gnss_raw.txt,5.000,2436,459458.200,GPS标准时间,FINESTEERING,SOL_COMPUTED,SINGLE,24,14,14,14,BESTGNSSPOSA
0703002-0918-15-42-gnss_raw.txt,5.100,2436,459458.300,GPS标准时间,FINESTEERING,SOL_COMPUTED,SINGLE,24,14,14,14,BESTGNSSPOSA
0703002-0918-15-42-gnss_raw.txt,5.200,2436,459458.400,GPS标准时间,FINESTEERING,SOL_COMPUTED,SINGLE,24,16,16,16,BESTGNSSPOSA
0703002-0918-15-42-gnss_raw.txt,5.300,2436,459458.500,GPS标准时间,FINESTEERING,SOL_COMPUTED,SINGLE,24,16,16,16,BESTGNSSPOSA
0703002-0918-15-42-gnss_raw.txt,5.400,2436,459458.600,GPS标准时间,FINESTEERING,SOL_COMPUTED,SINGLE,24,15,15,15,BESTGNSSPOSA
0703002-0918-15-42-gnss_raw.txt,5.500,2436,459458.700,GPS标准时间,FINESTEERING,SOL_COMPUTED,SINGLE,24,13,13,13,BESTGNSSPOSA
0703002-0918-15-42-gnss_raw.txt,5.600,2436,459458.800,GPS标准时间,FINESTEERING,SOL_COMPUTED,SINGLE,24,13,13,13,BESTGNSSPOSA
0703002-0918-15-42-gnss_raw.txt,5.700,2436,459458.900,GPS标准时间,FINESTEERING,SOL_COMPUTED,SINGLE,24,13,13,13,BESTGNSSPOSA
0703002-0918-15-42-gnss_raw.txt,5.800,2436,459459.000,GPS标准时间,FINESTEERING,SOL_COMPUTED,SINGLE,24,16,16,16,BESTGNSSPOSA
0703002-0918-15-42-gnss_raw.txt,5.900,2436,459459.100,GPS标准时间,FINESTEERING,SOL_COMPUTED,SINGLE,24,14,14,14,BESTGNSSPOSA
0703002-0918-15-42-gnss_raw.txt,6.000,2436,459459.200,GPS标准时间,FINESTEERING,SOL_COMPUTED,SINGLE,24,14,14,14,BESTGNSSPOSA
0703002-0918-15-42-gnss_raw.txt,6.100,2436,459459.300,GPS标准时间,FINESTEERING,SOL_COMPUTED,SINGLE,24,14,14,14,BESTGNSSPOSA
0703002-0918-15-42-gnss_raw.txt,6.200,2436,459459.400,GPS标准时间,FINESTEERING,SOL_COMPUTED,SINGLE,24,14,14,14,BESTGNSSPOSA
0703002-0918-15-42-gnss_raw.txt,6.300,2436,459459.500,GPS标准时间,FINESTEERING,SOL_COMPUTED,SINGLE,24,14,14,14,BESTGNSSPOSA
0703002-0918-15-42-gnss_raw.txt,6.400,2436,459459.600,GPS标准时间,FINESTEERING,SOL_COMPUTED,SINGLE,24,14,14,14,BESTGNSSPOSA
0703002-0918-15-42-gnss_raw.txt,6.500,2436,459459.700,GPS标准时间,FINESTEERING,SOL_COMPUTED,SINGLE,24,15,15,15,BESTGNSSPOSA
0703002-0918-15-42-gnss_raw.txt,6.600,2436,459459.800,GPS标准时间,FINESTEERING,SOL_COMPUTED,SINGLE,24,15,15,15,BESTGNSSPOSA
0703002-0918-15-42-gnss_raw.txt,6.700,2436,459459.900,GPS标准时间,FINESTEERING,SOL_COMPUTED,SINGLE,24,15,15,15,BESTGNSSPOSA
0703002-0918-15-42-gnss_raw.txt,6.800,2436,459460.000,GPS标准时间,FINESTEERING,SOL_COMPUTED,SINGLE,24,15,15,15,BESTGNSSPOSA
0703002-0918-15-42-gnss_raw.txt,6.900,2436,459460.100,GPS标准时间,FINESTEERING,SOL_COMPUTED,SINGLE,24,14,14,14,BESTGNSSPOSA
0703002-0918-15-42-gnss_raw.txt,7.000,2436,459460.200,GPS标准时间,FINESTEERING,SOL_COMPUTED,SINGLE,24,14,14,14,BESTGNSSPOSA
0703002-0918-15-42-gnss_raw.txt,7.100,2436,459460.300,GPS标准时间,FINESTEERING,SOL_COMPUTED,SINGLE,24,15,15,15,BESTGNSSPOSA
0703002-0918-15-42-gnss_raw.txt,7.200,2436,459460.400,GPS标准时间,FINESTEERING,SOL_COMPUTED,SINGLE,24,16,16,16,BESTGNSSPOSA
0703002-0918-15-42-gnss_raw.txt,7.300,2436,459460.500,GPS标准时间,FINESTEERING,SOL_COMPUTED,SINGLE,24,15,15,15,BESTGNSSPOSA
0703002-0918-15-42-gnss_raw.txt,7.400,2436,459460.600,GPS标准时间,FINESTEERING,SOL_COMPUTED,SINGLE,24,16,16,16,BESTGNSSPOSA
0703002-0918-15-42-gnss_raw.txt,7.500,2436,459460.700,GPS标准时间,FINESTEERING,SOL_COMPUTED,SINGLE,24,15,15,15,BESTGNSSPOSA
0703002-0918-15-42-gnss_raw.txt,7.600,2436,459460.800,GPS标准时间,FINESTEERING,SOL_COMPUTED,SINGLE,24,15,15,15,BESTGNSSPOSA
0703002-0918-15-42-gnss_raw.txt,7.700,2436,459460.900,GPS标准时间,FINESTEERING,SOL_COMPUTED,SINGLE,24,14,14,14,BESTGNSSPOSA
0703002-0918-15-42-gnss_raw.txt,7.800,2436,459461.000,GPS标准时间,FINESTEERING,SOL_COMPUTED,SINGLE,24,14,14,14,BESTGNSSPOSA
0703002-0918-15-42-gnss_raw.txt,7.900,2436,459461.100,GPS标准时间,FINESTEERING,SOL_COMPUTED,SINGLE,24,14,14,14,BESTGNSSPOSA
0703002-0918-15-42-gnss_raw.txt,8.000,2436,459461.200,GPS标准时间,FINESTEERING,SOL_COMPUTED,SINGLE,24,14,14,14,BESTGNSSPOSA
0703002-0918-15-42-gnss_raw.txt,8.100,2436,459461.300,GPS标准时间,FINESTEERING,SOL_COMPUTED,SINGLE,24,16,16,16,BESTGNSSPOSA
0703002-0918-15-42-gnss_raw.txt,8.200,2436,459461.400,GPS标准时间,FINESTEERING,SOL_COMPUTED,SINGLE,24,14,14,14,BESTGNSSPOSA
0703002-0918-15-42-gnss_raw.txt,8.300,2436,459461.500,GPS标准时间,FINESTEERING,SOL_COMPUTED,SINGLE,24,14,14,14,BESTGNSSPOSA
0703002-0918-15-42-gnss_raw.txt,8.400,2436,459461.600,GPS标准时间,FINESTEERING,SOL_COMPUTED,SINGLE,24,15,15,15,BESTGNSSPOSA
0703002-0918-15-42-gnss_raw.txt,8.500,2436,459461.700,GPS标准时间,FINESTEERING,SOL_COMPUTED,SINGLE,24,16,16,16,BESTGNSSPOSA
0703002-0918-15-42-gnss_raw.txt,8.600,2436,459461.800,GPS标准时间,FINESTEERING,SOL_COMPUTED,SINGLE,24,14,14,14,BESTGNSSPOSA
0703002-0918-15-42-gnss_raw.txt,8.700,2436,459461.900,GPS标准时间,FINESTEERING,SOL_COMPUTED,SINGLE,24,15,15,15,BESTGNSSPOSA
0703002-0918-15-42-gnss_raw.txt,8.800,2436,459462.000,GPS标准时间,FINESTEERING,SOL_COMPUTED,SINGLE,24,14,14,14,BESTGNSSPOSA
0703002-0918-15-42-gnss_raw.txt,8.900,2436,459462.100,GPS标准时间,FINESTEERING,SOL_COMPUTED,SINGLE,24,16,16,16,BESTGNSSPOSA
0703002-0918-15-42-gnss_raw.txt,9.000,2436,459462.200,GPS标准时间,FINESTEERING,SOL_COMPUTED,SINGLE,24,14,14,14,BESTGNSSPOSA
0703002-0918-15-42-gnss_raw.txt,9.100,2436,459462.300,GPS标准时间,FINESTEERING,SOL_COMPUTED,SINGLE,24,14,14,14,BESTGNSSPOSA
0703002-0918-15-42-gnss_raw.txt,9.200,2436,459462.400,GPS标准时间,FINESTEERING,SOL_COMPUTED,SINGLE,24,14,14,14,BESTGNSSPOSA
0703002-0918-15-42-gnss_raw.txt,9.300,2436,459462.500,GPS标准时间,FINESTEERING,SOL_COMPUTED,SINGLE,24,15,15,15,BESTGNSSPOSA
0703002-0918-15-42-gnss_raw.txt,9.400,2436,459462.600,GPS标准时间,FINESTEERING,SOL_COMPUTED,SINGLE,24,15,15,15,BESTGNSSPOSA
0703002-0918-15-42-gnss_raw.txt,9.500,2436,459462.700,GPS标准时间,FINESTEERING,SOL_COMPUTED,SINGLE,24,14,14,14,BESTGNSSPOSA
0703002-0918-15-42-gnss_raw.txt,9.600,2436,459462.800,GPS标准时间,FINESTEERING,SOL_COMPUTED,SINGLE,24,15,15,15,BESTGNSSPOSA
0703002-0918-15-42-gnss_raw.txt,9.700,2436,459462.900,GPS标准时间,FINESTEERING,SOL_COMPUTED,SINGLE,24,14,14,14,BESTGNSSPOSA
0703002-0918-15-42-gnss_raw.txt,9.800,2436,459463.000,GPS标准时间,FINESTEERING,SOL_COMPUTED,SINGLE,24,15,15,15,BESTGNSSPOSA
0703002-0918-15-42-gnss_raw.txt,9.900,2436,459463.100,GPS标准时间,FINESTEERING,SOL_COMPUTED,SINGLE,24,13,13,13,BESTGNSSPOSA
0703002-0918-15-42-gnss_raw.txt,10.000,2436,459463.200,GPS标准时间,FINESTEERING,SOL_COMPUTED,SINGLE,24,10,10,10,BESTGNSSPOSA
0703002-0918-15-42-gnss_raw.txt,10.100,2436,459463.300,GPS标准时间,FINESTEERING,SOL_COMPUTED,SINGLE,24,14,14,14,BESTGNSSPOSA
0703002-0918-15-42-gnss_raw.txt,10.200,2436,459463.400,GPS标准时间,FINESTEERING,SOL_COMPUTED,SINGLE,24,14,14,14,BESTGNSSPOSA
0703002-0918-15-42-gnss_raw.txt,10.300,2436,459463.500,GPS标准时间,FINESTEERING,SOL_COMPUTED,SINGLE,24,16,16,16,BESTGNSSPOSA
0703002-0918-15-42-gnss_raw.txt,10.400,2436,459463.600,GPS标准时间,FINESTEERING,SOL_COMPUTED,SINGLE,24,15,15,15,BESTGNSSPOSA
0703002-0918-15-42-gnss_raw.txt,10.500,2436,459463.700,GPS标准时间,FINESTEERING,SOL_COMPUTED,SINGLE,24,14,14,14,BESTGNSSPOSA
0703002-0918-15-42-gnss_raw.txt,10.600,2436,459463.800,GPS标准时间,FINESTEERING,SOL_COMPUTED,SINGLE,24,14,14,14,BESTGNSSPOSA
0703002-0918-15-42-gnss_raw.txt,10.700,2436,459463.900,GPS标准时间,FINESTEERING,SOL_COMPUTED,SINGLE,24,13,13,13,BESTGNSSPOSA
0703002-0918-15-42-gnss_raw.txt,10.800,2436,459464.000,GPS标准时间,FINESTEERING,SOL_COMPUTED,SINGLE,24,13,13,13,BESTGNSSPOSA
0703002-0918-15-42-gnss_raw.txt,10.900,2436,459464.100,GPS标准时间,FINESTEERING,SOL_COMPUTED,SINGLE,24,15,15,15,BESTGNSSPOSA
0703002-0918-15-42-gnss_raw.txt,11.000,2436,459464.200,GPS标准时间,FINESTEERING,SOL_COMPUTED,SINGLE,24,13,13,13,BESTGNSSPOSA
0703002-0918-15-42-gnss_raw.txt,11.100,2436,459464.300,GPS标准时间,FINESTEERING,SOL_COMPUTED,SINGLE,24,17,17,17,BESTGNSSPOSA
0703002-0918-15-42-gnss_raw.txt,11.200,2436,459464.400,GPS标准时间,FINESTEERING,SOL_COMPUTED,SINGLE,24,16,16,16,BESTGNSSPOSA
0703002-0918-15-42-gnss_raw.txt,11.300,2436,459464.500,GPS标准时间,FINESTEERING,SOL_COMPUTED,SINGLE,24,15,15,15,BESTGNSSPOSA
0703002-0918-15-42-gnss_raw.txt,11.400,2436,459464.600,GPS标准时间,FINESTEERING,SOL_COMPUTED,SINGLE,24,14,14,14,BESTGNSSPOSA
0703002-0918-15-42-gnss_raw.txt,11.500,2436,459464.700,GPS标准时间,FINESTEERING,SOL_COMPUTED,SINGLE,24,14,14,14,BESTGNSSPOSA
0703002-0918-15-42-gnss_raw.txt,11.600,2436,459464.800,GPS标准时间,FINESTEERING,SOL_COMPUTED,SINGLE,24,14,14,14,BESTGNSSPOSA
0703002-0918-15-42-gnss_raw.txt,11.700,2436,459464.900,GPS标准时间,FINESTEERING,SOL_COMPUTED,SINGLE,24,13,13,13,BESTGNSSPOSA
0703002-0918-15-42-gnss_raw.txt,11.800,2436,459465.000,GPS标准时间,FINESTEERING,SOL_COMPUTED,SINGLE,24,12,12,12,BESTGNSSPOSA
0703002-0918-15-42-gnss_raw.txt,11.900,2436,459465.100,GPS标准时间,FINESTEERING,SOL_COMPUTED,SINGLE,24,11,11,11,BESTGNSSPOSA
0703002-0918-15-42-gnss_raw.txt,12.000,2436,459465.200,GPS标准时间,FINESTEERING,SOL_COMPUTED,SINGLE,24,15,15,15,BESTGNSSPOSA
0703002-0918-15-42-gnss_raw.txt,12.100,2436,459465.300,GPS标准时间,FINESTEERING,SOL_COMPUTED,SINGLE,24,15,15,15,BESTGNSSPOSA
0703002-0918-15-42-gnss_raw.txt,12.200,2436,459465.400,GPS标准时间,FINESTEERING,SOL_COMPUTED,SINGLE,24,10,10,10,BESTGNSSPOSA
0703002-0918-15-42-gnss_raw.txt,12.300,2436,459465.500,GPS标准时间,FINESTEERING,SOL_COMPUTED,SINGLE,24,10,10,10,BESTGNSSPOSA
0703002-0918-15-42-gnss_raw.txt,12.400,2436,459465.600,GPS标准时间,FINESTEERING,SOL_COMPUTED,SINGLE,24,16,16,16,BESTGNSSPOSA
0703002-0918-15-42-gnss_raw.txt,12.500,2436,459465.700,GPS标准时间,FINESTEERING,SOL_COMPUTED,SINGLE,24,16,16,16,BESTGNSSPOSA
0703002-0918-15-42-gnss_raw.txt,12.600,2436,459465.800,GPS标准时间,FINESTEERING,SOL_COMPUTED,SINGLE,24,15,15,15,BESTGNSSPOSA
0703002-0918-15-42-gnss_raw.txt,12.700,2436,459465.900,GPS标准时间,FINESTEERING,SOL_COMPUTED,SINGLE,24,14,14,14,BESTGNSSPOSA
0703002-0918-15-42-gnss_raw.txt,12.800,2436,459466.000,GPS标准时间,FINESTEERING,SOL_COMPUTED,SINGLE,24,15,15,15,BESTGNSSPOSA
0703002-0918-15-42-gnss_raw.txt,12.900,2436,459466.100,GPS标准时间,FINESTEERING,SOL_COMPUTED,SINGLE,24,15,15,15,BESTGNSSPOSA
0703002-0918-15-42-gnss_raw.txt,13.000,2436,459466.200,GPS标准时间,FINESTEERING,SOL_COMPUTED,SINGLE,24,15,15,15,BESTGNSSPOSA
0703002-0918-15-42-gnss_raw.txt,13.100,2436,459466.300,GPS标准时间,FINESTEERING,SOL_COMPUTED,SINGLE,24,14,14,14,BESTGNSSPOSA
0703002-0918-15-42-gnss_raw.txt,13.200,2436,459466.400,GPS标准时间,FINESTEERING,SOL_COMPUTED,SINGLE,24,14,14,14,BESTGNSSPOSA
0703002-0918-15-42-gnss_raw.txt,13.300,2436,459466.500,GPS标准时间,FINESTEERING,SOL_COMPUTED,SINGLE,24,16,16,16,BESTGNSSPOSA
0703002-0918-15-42-gnss_raw.txt,13.400,2436,459466.600,GPS标准时间,FINESTEERING,SOL_COMPUTED,SINGLE,24,15,15,15,BESTGNSSPOSA
0703002-0918-15-42-gnss_raw.txt,13.500,2436,459466.700,GPS标准时间,FINESTEERING,SOL_COMPUTED,SINGLE,24,14,14,14,BESTGNSSPOSA
0703002-0918-15-42-gnss_raw.txt,13.600,2436,459466.800,GPS标准时间,FINESTEERING,SOL_COMPUTED,SINGLE,24,15,15,15,BESTGNSSPOSA
0703002-0918-15-42-gnss_raw.txt,13.700,2436,459466.900,GPS标准时间,FINESTEERING,SOL_COMPUTED,SINGLE,24,14,14,14,BESTGNSSPOSA
0703002-0918-15-42-gnss_raw.txt,13.800,2436,459467.000,GPS标准时间,FINESTEERING,SOL_COMPUTED,SINGLE,24,14,14,14,BESTGNSSPOSA
0703002-0918-15-42-gnss_raw.txt,13.900,2436,459467.100,GPS标准时间,FINESTEERING,SOL_COMPUTED,SINGLE,24,14,14,14,BESTGNSSPOSA
0703002-0918-15-42-gnss_raw.txt,14.000,2436,459467.200,GPS标准时间,FINESTEERING,SOL_COMPUTED,SINGLE,24,14,14,14,BESTGNSSPOSA
0703002-0918-15-42-gnss_raw.txt,14.100,2436,459467.300,GPS标准时间,FINESTEERING,SOL_COMPUTED,SINGLE,24,16,16,16,BESTGNSSPOSA
0703002-0918-15-42-gnss_raw.txt,14.200,2436,459467.400,GPS标准时间,FINESTEERING,SOL_COMPUTED,SINGLE,24,15,15,15,BESTGNSSPOSA
0703002-0918-15-42-gnss_raw.txt,14.300,2436,459467.500,GPS标准时间,FINESTEERING,SOL_COMPUTED,SINGLE,24,14,14,14,BESTGNSSPOSA
0703002-0918-15-42-gnss_raw.txt,14.400,2436,459467.600,GPS标准时间,FINESTEERING,SOL_COMPUTED,SINGLE,24,14,14,14,BESTGNSSPOSA
0703002-0918-15-42-gnss_raw.txt,14.500,2436,459467.700,GPS标准时间,FINESTEERING,SOL_COMPUTED,SINGLE,24,15,15,15,BESTGNSSPOSA
0703002-0918-15-42-gnss_raw.txt,14.600,2436,459467.800,GPS标准时间,FINESTEERING,SOL_COMPUTED,SINGLE,24,14,14,14,BESTGNSSPOSA
0703002-0918-15-42-gnss_raw.txt,14.700,2436,459467.900,GPS标准时间,FINESTEERING,SOL_COMPUTED,SINGLE,24,15,15,15,BESTGNSSPOSA
0703002-0918-15-42-gnss_raw.txt,14.800,2436,459468.000,GPS标准时间,FINESTEERING,SOL_COMPUTED,SINGLE,24,15,15,15,BESTGNSSPOSA
0703002-0918-15-42-gnss_raw.txt,14.900,2436,459468.100,GPS标准时间,FINESTEERING,SOL_COMPUTED,SINGLE,24,14,14,14,BESTGNSSPOSA
0703002-0918-15-42-gnss_raw.txt,15.000,2436,459468.200,GPS标准时间,FINESTEERING,SOL_COMPUTED,SINGLE,24,16,16,16,BESTGNSSPOSA
0703002-0918-15-42-gnss_raw.txt,15.100,2436,459468.300,GPS标准时间,FINESTEERING,SOL_COMPUTED,SINGLE,24,15,15,15,BESTGNSSPOSA
0703002-0918-15-42-gnss_raw.txt,15.200,2436,459468.400,GPS标准时间,FINESTEERING,SOL_COMPUTED,SINGLE,24,15,15,15,BESTGNSSPOSA
0703002-0918-15-42-gnss_raw.txt,15.300,2436,459468.500,GPS标准时间,FINESTEERING,SOL_COMPUTED,SINGLE,24,14,14,14,BESTGNSSPOSA
0703002-0918-15-42-gnss_raw.txt,15.400,2436,459468.600,GPS标准时间,FINESTEERING,SOL_COMPUTED,SINGLE,24,14,14,14,BESTGNSSPOSA
0703002-0918-15-42-gnss_raw.txt,15.500,2436,459468.700,GPS标准时间,FINESTEERING,SOL_COMPUTED,SINGLE,24,15,15,15,BESTGNSSPOSA
0703002-0918-15-42-gnss_raw.txt,15.600,2436,459468.800,GPS标准时间,FINESTEERING,SOL_COMPUTED,SINGLE,24,15,15,15,BESTGNSSPOSA
0703002-0918-15-42-gnss_raw.txt,15.700,2436,459468.900,GPS标准时间,FINESTEERING,SOL_COMPUTED,SINGLE,24,15,15,15,BESTGNSSPOSA
0703002-0918-15-42-gnss_raw.txt,15.800,2436,459469.000,GPS标准时间,FINESTEERING,SOL_COMPUTED,SINGLE,24,13,13,13,BESTGNSSPOSA
0703002-0918-15-42-gnss_raw.txt,15.900,2436,459469.100,GPS标准时间,FINESTEERING,SOL_COMPUTED,SINGLE,24,14,14,14,BESTGNSSPOSA
0703002-0918-15-42-gnss_raw.txt,16.000,2436,459469.200,GPS标准时间,FINESTEERING,SOL_COMPUTED,SINGLE,24,15,15,15,BESTGNSSPOSA
0703002-0918-15-42-gnss_raw.txt,16.100,2436,459469.300,GPS标准时间,FINESTEERING,SOL_COMPUTED,SINGLE,24,14,14,14,BESTGNSSPOSA
0703002-0918-15-42-gnss_raw.txt,16.200,2436,459469.400,GPS标准时间,FINESTEERING,SOL_COMPUTED,SINGLE,24,14,14,14,BESTGNSSPOSA
0703002-0918-15-42-gnss_raw.txt,16.300,2436,459469.500,GPS标准时间,FINESTEERING,SOL_COMPUTED,SINGLE,25,14,14,14,BESTGNSSPOSA
0703002-0918-15-42-gnss_raw.txt,16.400,2436,459469.600,GPS标准时间,FINESTEERING,SOL_COMPUTED,SINGLE,25,15,15,15,BESTGNSSPOSA
0703002-0918-15-42-gnss_raw.txt,16.500,2436,459469.700,GPS标准时间,FINESTEERING,SOL_COMPUTED,SINGLE,25,13,13,13,BESTGNSSPOSA
0703002-0918-15-42-gnss_raw.txt,16.600,2436,459469.800,GPS标准时间,FINESTEERING,SOL_COMPUTED,SINGLE,25,14,14,14,BESTGNSSPOSA
0703002-0918-15-42-gnss_raw.txt,16.700,2436,459469.900,GPS标准时间,FINESTEERING,SOL_COMPUTED,SINGLE,25,14,14,14,BESTGNSSPOSA
0703002-0918-15-42-gnss_raw.txt,16.800,2436,459470.000,GPS标准时间,FINESTEERING,SOL_COMPUTED,SINGLE,25,14,14,14,BESTGNSSPOSA
0703002-0918-15-42-gnss_raw.txt,16.900,2436,459470.100,GPS标准时间,FINESTEERING,SOL_COMPUTED,SINGLE,25,15,15,15,BESTGNSSPOSA
0703002-0918-15-42-gnss_raw.txt,17.000,2436,459470.200,GPS标准时间,FINESTEERING,SOL_COMPUTED,SINGLE,25,15,15,15,BESTGNSSPOSA
0703002-0918-15-42-gnss_raw.txt,17.100,2436,459470.300,GPS标准时间,FINESTEERING,SOL_COMPUTED,SINGLE,24,15,15,15,BESTGNSSPOSA
0703002-0918-15-42-gnss_raw.txt,17.200,2436,459470.400,GPS标准时间,FINESTEERING,SOL_COMPUTED,SINGLE,24,16,16,16,BESTGNSSPOSA
0703002-0918-15-42-gnss_raw.txt,17.300,2436,459470.500,GPS标准时间,FINESTEERING,SOL_COMPUTED,SINGLE,24,15,15,15,BESTGNSSPOSA
0703002-0918-15-42-gnss_raw.txt,17.400,2436,459470.600,GPS标准时间,FINESTEERING,SOL_COMPUTED,SINGLE,24,16,16,16,BESTGNSSPOSA
0703002-0918-15-42-gnss_raw.txt,17.500,2436,459470.700,GPS标准时间,FINESTEERING,SOL_COMPUTED,SINGLE,24,15,15,15,BESTGNSSPOSA
0703002-0918-15-42-gnss_raw.txt,17.600,2436,459470.800,GPS标准时间,FINESTEERING,SOL_COMPUTED,SINGLE,24,15,15,15,BESTGNSSPOSA
0703002-0918-15-42-gnss_raw.txt,17.700,2436,459470.900,GPS标准时间,FINESTEERING,SOL_COMPUTED,SINGLE,24,13,13,13,BESTGNSSPOSA
0703002-0918-15-42-gnss_raw.txt,17.800,2436,459471.000,GPS标准时间,FINESTEERING,SOL_COMPUTED,SINGLE,24,14,14,14,BESTGNSSPOSA
0703002-0918-15-42-gnss_raw.txt,17.900,2436,459471.100,GPS标准时间,FINESTEERING,SOL_COMPUTED,SINGLE,24,15,15,15,BESTGNSSPOSA
0703002-0918-15-42-gnss_raw.txt,18.000,2436,459471.200,GPS标准时间,FINESTEERING,SOL_COMPUTED,SINGLE,24,16,16,16,BESTGNSSPOSA
0703002-0918-15-42-gnss_raw.txt,18.100,2436,459471.300,GPS标准时间,FINESTEERING,SOL_COMPUTED,SINGLE,24,16,16,16,BESTGNSSPOSA
0703002-0918-15-42-gnss_raw.txt,18.200,2436,459471.400,GPS标准时间,FINESTEERING,SOL_COMPUTED,SINGLE,24,16,16,16,BESTGNSSPOSA
0703002-0918-15-42-gnss_raw.txt,18.300,2436,459471.500,GPS标准时间,FINESTEERING,SOL_COMPUTED,SINGLE,24,15,15,15,BESTGNSSPOSA
0703002-0918-15-42-gnss_raw.txt,18.400,2436,459471.600,GPS标准时间,FINESTEERING,SOL_COMPUTED,SINGLE,24,14,14,14,BESTGNSSPOSA
0703002-0918-15-42-gnss_raw.txt,18.500,2436,459471.700,GPS标准时间,FINESTEERING,SOL_COMPUTED,SINGLE,24,17,17,17,BESTGNSSPOSA
0703002-0918-15-42-gnss_raw.txt,18.600,2436,459471.800,GPS标准时间,FINESTEERING,SOL_COMPUTED,SINGLE,24,15,15,15,BESTGNSSPOSA
0703002-0918-15-42-gnss_raw.txt,18.700,2436,459471.900,GPS标准时间,FINESTEERING,SOL_COMPUTED,SINGLE,24,15,15,15,BESTGNSSPOSA
0703002-0918-15-42-gnss_raw.txt,18.800,2436,459472.000,GPS标准时间,FINESTEERING,SOL_COMPUTED,SINGLE,24,15,15,15,BESTGNSSPOSA
0703002-0918-15-42-gnss_raw.txt,18.900,2436,459472.100,GPS标准时间,FINESTEERING,SOL_COMPUTED,SINGLE,24,13,13,13,BESTGNSSPOSA
0703002-0918-15-42-gnss_raw.txt,19.000,2436,459472.200,GPS标准时间,FINESTEERING,SOL_COMPUTED,SINGLE,24,14,14,14,BESTGNSSPOSA
0703002-0918-15-42-gnss_raw.txt,19.100,2436,459472.300,GPS标准时间,FINESTEERING,SOL_COMPUTED,SINGLE,24,14,14,14,BESTGNSSPOSA
0703002-0918-15-42-gnss_raw.txt,19.200,2436,459472.400,GPS标准时间,FINESTEERING,SOL_COMPUTED,SINGLE,24,15,15,15,BESTGNSSPOSA
0703002-0918-15-42-gnss_raw.txt,19.300,2436,459472.500,GPS标准时间,FINESTEERING,SOL_COMPUTED,SINGLE,24,15,15,15,BESTGNSSPOSA
0703002-0918-15-42-gnss_raw.txt,19.400,2436,459472.600,GPS标准时间,FINESTEERING,SOL_COMPUTED,SINGLE,24,15,15,15,BESTGNSSPOSA
0703002-0918-15-42-gnss_raw.txt,19.500,2436,459472.700,GPS标准时间,FINESTEERING,SOL_COMPUTED,SINGLE,24,14,14,14,BESTGNSSPOSA
0703002-0918-15-42-gnss_raw.txt,19.600,2436,459472.800,GPS标准时间,FINESTEERING,SOL_COMPUTED,SINGLE,24,14,14,14,BESTGNSSPOSA
0703002-0918-15-42-gnss_raw.txt,19.700,2436,459472.900,GPS标准时间,FINESTEERING,SOL_COMPUTED,SINGLE,24,14,14,14,BESTGNSSPOSA
0703002-0918-15-42-gnss_raw.txt,19.800,2436,459473.000,GPS标准时间,FINESTEERING,SOL_COMPUTED,SINGLE,24,15,15,15,BESTGNSSPOSA
0703002-0918-15-42-gnss_raw.txt,19.900,2436,459473.100,GPS标准时间,FINESTEERING,SOL_COMPUTED,SINGLE,24,14,14,14,BESTGNSSPOSA
0703002-0918-15-42-gnss_raw.txt,20.000,2436,459473.200,GPS标准时间,FINESTEERING,SOL_COMPUTED,SINGLE,24,15,15,15,BESTGNSSPOSA
0703002-0918-15-42-gnss_raw.txt,20.100,2436,459473.300,GPS标准时间,FINESTEERING,SOL_COMPUTED,SINGLE,24,15,15,15,BESTGNSSPOSA
0703002-0918-15-42-gnss_raw.txt,20.200,2436,459473.400,GPS标准时间,FINESTEERING,SOL_COMPUTED,SINGLE,24,16,16,16,BESTGNSSPOSA
0703002-0918-15-42-gnss_raw.txt,20.300,2436,459473.500,GPS标准时间,FINESTEERING,SOL_COMPUTED,SINGLE,24,14,14,14,BESTGNSSPOSA
0703002-0918-15-42-gnss_raw.txt,20.400,2436,459473.600,GPS标准时间,FINESTEERING,SOL_COMPUTED,SINGLE,24,15,15,15,BESTGNSSPOSA
0703002-0918-15-42-gnss_raw.txt,20.500,2436,459473.700,GPS标准时间,FINESTEERING,SOL_COMPUTED,SINGLE,24,14,14,14,BESTGNSSPOSA
0703002-0918-15-42-gnss_raw.txt,20.600,2436,459473.800,GPS标准时间,FINESTEERING,SOL_COMPUTED,SINGLE,24,15,15,15,BESTGNSSPOSA
0703002-0918-15-42-gnss_raw.txt,20.700,2436,459473.900,GPS标准时间,FINESTEERING,SOL_COMPUTED,SINGLE,24,16,16,16,BESTGNSSPOSA
0703002-0918-15-42-gnss_raw.txt,20.800,2436,459474.000,GPS标准时间,FINESTEERING,SOL_COMPUTED,SINGLE,24,16,16,16,BESTGNSSPOSA
0703002-0918-15-42-gnss_raw.txt,20.900,2436,459474.100,GPS标准时间,FINESTEERING,SOL_COMPUTED,SINGLE,24,15,15,15,BESTGNSSPOSA
0703002-0918-15-42-gnss_raw.txt,21.000,2436,459474.200,GPS标准时间,FINESTEERING,SOL_COMPUTED,SINGLE,24,15,15,15,BESTGNSSPOSA
0703002-0918-15-42-gnss_raw.txt,21.100,2436,459474.300,GPS标准时间,FINESTEERING,SOL_COMPUTED,SINGLE,24,15,15,15,BESTGNSSPOSA
0703002-0918-15-42-gnss_raw.txt,21.200,2436,459474.400,GPS标准时间,FINESTEERING,SOL_COMPUTED,SINGLE,24,15,15,15,BESTGNSSPOSA
0703002-0918-15-42-gnss_raw.txt,21.300,2436,459474.500,GPS标准时间,FINESTEERING,SOL_COMPUTED,SINGLE,24,16,16,16,BESTGNSSPOSA
0703002-0918-15-42-gnss_raw.txt,21.400,2436,459474.600,GPS标准时间,FINESTEERING,SOL_COMPUTED,SINGLE,24,17,17,17,BESTGNSSPOSA
0703002-0918-15-42-gnss_raw.txt,21.500,2436,459474.700,GPS标准时间,FINESTEERING,SOL_COMPUTED,SINGLE,24,15,15,15,BESTGNSSPOSA
0703002-0918-15-42-gnss_raw.txt,21.600,2436,459474.800,GPS标准时间,FINESTEERING,SOL_COMPUTED,SINGLE,24,15,15,15,BESTGNSSPOSA
0703002-0918-15-42-gnss_raw.txt,21.700,2436,459474.900,GPS标准时间,FINESTEERING,SOL_COMPUTED,SINGLE,24,16,16,16,BESTGNSSPOSA
0703002-0918-15-42-gnss_raw.txt,21.800,2436,459475.000,GPS标准时间,FINESTEERING,SOL_COMPUTED,SINGLE,24,16,16,16,BESTGNSSPOSA
0703002-0918-15-42-gnss_raw.txt,21.900,2436,459475.100,GPS标准时间,FINESTEERING,SOL_COMPUTED,SINGLE,24,14,14,14,BESTGNSSPOSA
0703002-0918-15-42-gnss_raw.txt,22.000,2436,459475.200,GPS标准时间,FINESTEERING,SOL_COMPUTED,SINGLE,24,13,13,13,BESTGNSSPOSA
0703002-0918-15-42-gnss_raw.txt,22.100,2436,459475.300,GPS标准时间,FINESTEERING,SOL_COMPUTED,SINGLE,24,15,15,15,BESTGNSSPOSA
0703002-0918-15-42-gnss_raw.txt,22.200,2436,459475.400,GPS标准时间,FINESTEERING,SOL_COMPUTED,SINGLE,24,15,15,15,BESTGNSSPOSA
0703002-0918-15-42-gnss_raw.txt,22.300,2436,459475.500,GPS标准时间,FINESTEERING,SOL_COMPUTED,SINGLE,24,16,16,16,BESTGNSSPOSA
0703002-0918-15-42-gnss_raw.txt,22.400,2436,459475.600,GPS标准时间,FINESTEERING,SOL_COMPUTED,SINGLE,24,14,14,14,BESTGNSSPOSA
0703002-0918-15-42-gnss_raw.txt,22.500,2436,459475.700,GPS标准时间,FINESTEERING,SOL_COMPUTED,SINGLE,24,14,14,14,BESTGNSSPOSA
0703002-0918-15-42-gnss_raw.txt,22.600,2436,459475.800,GPS标准时间,FINESTEERING,SOL_COMPUTED,SINGLE,24,13,13,13,BESTGNSSPOSA
0703002-0918-15-42-gnss_raw.txt,22.700,2436,459475.900,GPS标准时间,FINESTEERING,SOL_COMPUTED,SINGLE,24,14,14,14,BESTGNSSPOSA
0703002-0918-15-42-gnss_raw.txt,22.800,2436,459476.000,GPS标准时间,FINESTEERING,SOL_COMPUTED,SINGLE,24,15,15,15,BESTGNSSPOSA
0703002-0918-15-42-gnss_raw.txt,22.900,2436,459476.100,GPS标准时间,FINESTEERING,SOL_COMPUTED,SINGLE,24,16,16,16,BESTGNSSPOSA
0703002-0918-15-42-gnss_raw.txt,23.000,2436,459476.200,GPS标准时间,FINESTEERING,SOL_COMPUTED,SINGLE,24,15,15,15,BESTGNSSPOSA
0703002-0918-15-42-gnss_raw.txt,23.100,2436,459476.300,GPS标准时间,FINESTEERING,SOL_COMPUTED,SINGLE,24,14,14,14,BESTGNSSPOSA
0703002-0918-15-42-gnss_raw.txt,23.200,2436,459476.400,GPS标准时间,FINESTEERING,SOL_COMPUTED,SINGLE,24,15,15,15,BESTGNSSPOSA
0703002-0918-15-42-gnss_raw.txt,23.300,2436,459476.500,GPS标准时间,FINESTEERING,SOL_COMPUTED,SINGLE,24,15,15,15,BESTGNSSPOSA
0703002-0918-15-42-gnss_raw.txt,23.400,2436,459476.600,GPS标准时间,FINESTEERING,SOL_COMPUTED,SINGLE,24,15,15,15,BESTGNSSPOSA
0703002-0918-15-42-gnss_raw.txt,23.500,2436,459476.700,GPS标准时间,FINESTEERING,SOL_COMPUTED,SINGLE,24,14,14,14,BESTGNSSPOSA
0703002-0918-15-42-gnss_raw.txt,23.600,2436,459476.800,GPS标准时间,FINESTEERING,SOL_COMPUTED,SINGLE,24,15,15,15,BESTGNSSPOSA
0703002-0918-15-42-gnss_raw.txt,23.700,2436,459476.900,GPS标准时间,FINESTEERING,SOL_COMPUTED,SINGLE,24,14,14,14,BESTGNSSPOSA
0703002-0918-15-42-gnss_raw.txt,23.800,2436,459477.000,GPS标准时间,FINESTEERING,SOL_COMPUTED,SINGLE,24,14,14,14,BESTGNSSPOSA
0703002-0918-15-42-gnss_raw.txt,23.900,2436,459477.100,GPS标准时间,FINESTEERING,SOL_COMPUTED,SINGLE,24,14,14,14,BESTGNSSPOSA
0703002-0918-15-42-gnss_raw.txt,24.000,2436,459477.200,GPS标准时间,FINESTEERING,SOL_COMPUTED,SINGLE,24,14,14,14,BESTGNSSPOSA
0703002-0918-15-42-gnss_raw.txt,24.100,2436,459477.300,GPS标准时间,FINESTEERING,SOL_COMPUTED,SINGLE,24,15,15,15,BESTGNSSPOSA
0703002-0918-15-42-gnss_raw.txt,24.200,2436,459477.400,GPS标准时间,FINESTEERING,SOL_COMPUTED,SINGLE,24,14,14,14,BESTGNSSPOSA
0703002-0918-15-42-gnss_raw.txt,24.300,2436,459477.500,GPS标准时间,FINESTEERING,SOL_COMPUTED,SINGLE,24,13,13,13,BESTGNSSPOSA
0703002-0918-15-42-gnss_raw.txt,24.400,2436,459477.600,GPS标准时间,FINESTEERING,SOL_COMPUTED,SINGLE,24,14,14,14,BESTGNSSPOSA
0703002-0918-15-42-gnss_raw.txt,24.500,2436,459477.700,GPS标准时间,FINESTEERING,SOL_COMPUTED,SINGLE,24,13,13,13,BESTGNSSPOSA
0703002-0918-15-42-gnss_raw.txt,24.600,2436,459477.800,GPS标准时间,FINESTEERING,SOL_COMPUTED,SINGLE,24,15,15,15,BESTGNSSPOSA
0703002-0918-15-42-gnss_raw.txt,24.700,2436,459477.900,GPS标准时间,FINESTEERING,SOL_COMPUTED,SINGLE,24,15,15,15,BESTGNSSPOSA
0703002-0918-15-42-gnss_raw.txt,24.800,2436,459478.000,GPS标准时间,FINESTEERING,SOL_COMPUTED,SINGLE,24,14,14,14,BESTGNSSPOSA
0703002-0918-15-42-gnss_raw.txt,24.900,2436,459478.100,GPS标准时间,FINESTEERING,SOL_COMPUTED,SINGLE,24,16,16,16,BESTGNSSPOSA
0703002-0918-15-42-gnss_raw.txt,25.000,2436,459478.200,GPS标准时间,FINESTEERING,SOL_COMPUTED,SINGLE,24,14,14,14,BESTGNSSPOSA
0703002-0918-15-42-gnss_raw.txt,25.100,2436,459478.300,GPS标准时间,FINESTEERING,SOL_COMPUTED,SINGLE,24,15,15,15,BESTGNSSPOSA
0703002-0918-15-42-gnss_raw.txt,25.200,2436,459478.400,GPS标准时间,FINESTEERING,SOL_COMPUTED,SINGLE,24,15,15,15,BESTGNSSPOSA
0703002-0918-15-42-gnss_raw.txt,25.300,2436,459478.500,GPS标准时间,FINESTEERING,SOL_COMPUTED,SINGLE,24,15,15,15,BESTGNSSPOSA
0703002-0918-15-42-gnss_raw.txt,25.400,2436,459478.600,GPS标准时间,FINESTEERING,SOL_COMPUTED,SINGLE,24,15,15,15,BESTGNSSPOSA
0703002-0918-15-42-gnss_raw.txt,25.500,2436,459478.700,GPS标准时间,FINESTEERING,SOL_COMPUTED,SINGLE,24,15,15,15,BESTGNSSPOSA
0703002-0918-15-42-gnss_raw.txt,25.600,2436,459478.800,GPS标准时间,FINESTEERING,SOL_COMPUTED,SINGLE,24,14,14,14,BESTGNSSPOSA
0703002-0918-15-42-gnss_raw.txt,25.700,2436,459478.900,GPS标准时间,FINESTEERING,SOL_COMPUTED,SINGLE,24,15,15,15,BESTGNSSPOSA
0703002-0918-15-42-gnss_raw.txt,25.800,2436,459479.000,GPS标准时间,FINESTEERING,SOL_COMPUTED,SINGLE,24,14,14,14,BESTGNSSPOSA
0703002-0918-15-42-gnss_raw.txt,25.900,2436,459479.100,GPS标准时间,FINESTEERING,SOL_COMPUTED,SINGLE,24,15,15,15,BESTGNSSPOSA
0703002-0918-15-42-gnss_raw.txt,26.000,2436,459479.200,GPS标准时间,FINESTEERING,SOL_COMPUTED,SINGLE,24,15,15,15,BESTGNSSPOSA
0703002-0918-15-42-gnss_raw.txt,26.100,2436,459479.300,GPS标准时间,FINESTEERING,SOL_COMPUTED,SINGLE,24,14,14,14,BESTGNSSPOSA
0703002-0918-15-42-gnss_raw.txt,26.200,2436,459479.400,GPS标准时间,FINESTEERING,SOL_COMPUTED,SINGLE,24,14,14,14,BESTGNSSPOSA
0703002-0918-15-42-gnss_raw.txt,26.300,2436,459479.500,GPS标准时间,FINESTEERING,SOL_COMPUTED,SINGLE,24,15,15,15,BESTGNSSPOSA
0703002-0918-15-42-gnss_raw.txt,26.400,2436,459479.600,GPS标准时间,FINESTEERING,SOL_COMPUTED,SINGLE,24,13,13,13,BESTGNSSPOSA
0703002-0918-15-42-gnss_raw.txt,26.500,2436,459479.700,GPS标准时间,FINESTEERING,SOL_COMPUTED,SINGLE,24,13,13,13,BESTGNSSPOSA
0703002-0918-15-42-gnss_raw.txt,26.600,2436,459479.800,GPS标准时间,FINESTEERING,SOL_COMPUTED,SINGLE,24,13,13,13,BESTGNSSPOSA
0703002-0918-15-42-gnss_raw.txt,26.700,2436,459479.900,GPS标准时间,FINESTEERING,SOL_COMPUTED,SINGLE,24,13,13,13,BESTGNSSPOSA
0703002-0918-15-42-gnss_raw.txt,26.800,2436,459480.000,GPS标准时间,FINESTEERING,SOL_COMPUTED,SINGLE,24,14,14,14,BESTGNSSPOSA
0703002-0918-15-42-gnss_raw.txt,26.900,2436,459480.100,GPS标准时间,FINESTEERING,SOL_COMPUTED,SINGLE,25,16,16,16,BESTGNSSPOSA
0703002-0918-15-42-gnss_raw.txt,27.000,2436,459480.200,GPS标准时间,FINESTEERING,SOL_COMPUTED,SINGLE,25,14,14,14,BESTGNSSPOSA
0703002-0918-15-42-gnss_raw.txt,27.100,2436,459480.300,GPS标准时间,FINESTEERING,SOL_COMPUTED,SINGLE,25,13,13,13,BESTGNSSPOSA
0703002-0918-15-42-gnss_raw.txt,27.200,2436,459480.400,GPS标准时间,FINESTEERING,SOL_COMPUTED,SINGLE,25,13,13,13,BESTGNSSPOSA
0703002-0918-15-42-gnss_raw.txt,27.300,2436,459480.500,GPS标准时间,FINESTEERING,SOL_COMPUTED,SINGLE,25,15,15,15,BESTGNSSPOSA
0703002-0918-15-42-gnss_raw.txt,27.400,2436,459480.600,GPS标准时间,FINESTEERING,SOL_COMPUTED,SINGLE,25,14,14,14,BESTGNSSPOSA
0703002-0918-15-42-gnss_raw.txt,27.500,2436,459480.700,GPS标准时间,FINESTEERING,SOL_COMPUTED,SINGLE,25,14,14,14,BESTGNSSPOSA
0703002-0918-15-42-gnss_raw.txt,27.600,2436,459480.800,GPS标准时间,FINESTEERING,SOL_COMPUTED,SINGLE,25,14,14,14,BESTGNSSPOSA
0703002-0918-15-42-gnss_raw.txt,27.700,2436,459480.900,GPS标准时间,FINESTEERING,SOL_COMPUTED,SINGLE,25,13,13,13,BESTGNSSPOSA
0703002-0918-15-42-gnss_raw.txt,27.800,2436,459481.000,GPS标准时间,FINESTEERING,SOL_COMPUTED,SINGLE,25,14,14,14,BESTGNSSPOSA
0703002-0918-15-42-gnss_raw.txt,27.900,2436,459481.100,GPS标准时间,FINESTEERING,SOL_COMPUTED,SINGLE,25,14,14,14,BESTGNSSPOSA
0703002-0918-15-42-gnss_raw.txt,28.000,2436,459481.200,GPS标准时间,FINESTEERING,SOL_COMPUTED,SINGLE,25,14,14,14,BESTGNSSPOSA
0703002-0918-15-42-gnss_raw.txt,28.100,2436,459481.300,GPS标准时间,FINESTEERING,SOL_COMPUTED,SINGLE,25,14,14,14,BESTGNSSPOSA
0703002-0918-15-42-gnss_raw.txt,28.200,2436,459481.400,GPS标准时间,FINESTEERING,SOL_COMPUTED,SINGLE,25,16,16,16,BESTGNSSPOSA
0703002-0918-15-42-gnss_raw.txt,28.300,2436,459481.500,GPS标准时间,FINESTEERING,SOL_COMPUTED,SINGLE,25,13,13,13,BESTGNSSPOSA
0703002-0918-15-42-gnss_raw.txt,28.400,2436,459481.600,GPS标准时间,FINESTEERING,SOL_COMPUTED,SINGLE,25,14,14,14,BESTGNSSPOSA
0703002-0918-15-42-gnss_raw.txt,28.500,2436,459481.700,GPS标准时间,FINESTEERING,SOL_COMPUTED,SINGLE,25,14,14,14,BESTGNSSPOSA
0703002-0918-15-42-gnss_raw.txt,28.600,2436,459481.800,GPS标准时间,FINESTEERING,SOL_COMPUTED,SINGLE,25,16,16,16,BESTGNSSPOSA
0703002-0918-15-42-gnss_raw.txt,28.700,2436,459481.900,GPS标准时间,FINESTEERING,SOL_COMPUTED,SINGLE,25,16,16,16,BESTGNSSPOSA
0703002-0918-15-42-gnss_raw.txt,28.800,2436,459482.000,GPS标准时间,FINESTEERING,SOL_COMPUTED,SINGLE,25,15,15,15,BESTGNSSPOSA
0703002-0918-15-42-gnss_raw.txt,28.900,2436,459482.100,GPS标准时间,FINESTEERING,SOL_COMPUTED,SINGLE,25,15,15,15,BESTGNSSPOSA
0703002-0918-15-42-gnss_raw.txt,29.000,2436,459482.200,GPS标准时间,FINESTEERING,SOL_COMPUTED,SINGLE,25,14,14,14,BESTGNSSPOSA
0703002-0918-15-42-gnss_raw.txt,29.100,2436,459482.300,GPS标准时间,FINESTEERING,SOL_COMPUTED,SINGLE,25,14,14,14,BESTGNSSPOSA
0703002-0918-15-42-gnss_raw.txt,29.200,2436,459482.400,GPS标准时间,FINESTEERING,SOL_COMPUTED,SINGLE,25,16,16,16,BESTGNSSPOSA
0703002-0918-15-42-gnss_raw.txt,29.300,2436,459482.500,GPS标准时间,FINESTEERING,SOL_COMPUTED,SINGLE,25,16,16,16,BESTGNSSPOSA
0703002-0918-15-42-gnss_raw.txt,29.400,2436,459482.600,GPS标准时间,FINESTEERING,SOL_COMPUTED,SINGLE,25,14,14,14,BESTGNSSPOSA
0703002-0918-15-42-gnss_raw.txt,29.500,2436,459482.700,GPS标准时间,FINESTEERING,SOL_COMPUTED,SINGLE,25,14,14,14,BESTGNSSPOSA
0703002-0918-15-42-gnss_raw.txt,29.600,2436,459482.800,GPS标准时间,FINESTEERING,SOL_COMPUTED,SINGLE,25,13,13,13,BESTGNSSPOSA
0703002-0918-15-42-gnss_raw.txt,29.700,2436,459482.900,GPS标准时间,FINESTEERING,SOL_COMPUTED,SINGLE,25,15,15,15,BESTGNSSPOSA
0703002-0918-15-42-gnss_raw.txt,29.800,2436,459483.000,GPS标准时间,FINESTEERING,SOL_COMPUTED,SINGLE,25,15,15,15,BESTGNSSPOSA
0703002-0918-15-42-gnss_raw.txt,29.900,2436,459483.100,GPS标准时间,FINESTEERING,SOL_COMPUTED,SINGLE,25,15,15,15,BESTGNSSPOSA
0703002-0918-15-42-gnss_raw.txt,30.000,2436,459483.200,GPS标准时间,FINESTEERING,SOL_COMPUTED,SINGLE,25,15,15,15,BESTGNSSPOSA
0703002-0918-15-42-gnss_raw.txt,30.100,2436,459483.300,GPS标准时间,FINESTEERING,SOL_COMPUTED,SINGLE,25,15,15,15,BESTGNSSPOSA
0703002-0918-15-42-gnss_raw.txt,30.200,2436,459483.400,GPS标准时间,FINESTEERING,SOL_COMPUTED,SINGLE,25,11,11,11,BESTGNSSPOSA
0703002-0918-15-42-gnss_raw.txt,30.300,2436,459483.500,GPS标准时间,FINESTEERING,SOL_COMPUTED,SINGLE,25,15,15,15,BESTGNSSPOSA
0703002-0918-15-42-gnss_raw.txt,30.400,2436,459483.600,GPS标准时间,FINESTEERING,SOL_COMPUTED,SINGLE,25,15,15,15,BESTGNSSPOSA
0703002-0918-15-42-gnss_raw.txt,30.500,2436,459483.700,GPS标准时间,FINESTEERING,SOL_COMPUTED,SINGLE,25,13,13,13,BESTGNSSPOSA
0703002-0918-15-42-gnss_raw.txt,30.600,2436,459483.800,GPS标准时间,FINESTEERING,SOL_COMPUTED,SINGLE,25,14,14,14,BESTGNSSPOSA
0703002-0918-15-42-gnss_raw.txt,30.700,2436,459483.900,GPS标准时间,FINESTEERING,SOL_COMPUTED,SINGLE,25,15,15,15,BESTGNSSPOSA
0703002-0918-15-42-gnss_raw.txt,30.800,2436,459484.000,GPS标准时间,FINESTEERING,SOL_COMPUTED,SINGLE,25,13,13,13,BESTGNSSPOSA
0703002-0918-15-42-gnss_raw.txt,30.900,2436,459484.100,GPS标准时间,FINESTEERING,SOL_COMPUTED,SINGLE,25,12,12,12,BESTGNSSPOSA
0703002-0918-15-42-gnss_raw.txt,31.000,2436,459484.200,GPS标准时间,FINESTEERING,SOL_COMPUTED,SINGLE,25,13,13,13,BESTGNSSPOSA
0703002-0918-15-42-gnss_raw.txt,31.100,2436,459484.300,GPS标准时间,FINESTEERING,SOL_COMPUTED,SINGLE,25,13,13,13,BESTGNSSPOSA
0703002-0918-15-42-gnss_raw.txt,31.200,2436,459484.400,GPS标准时间,FINESTEERING,SOL_COMPUTED,SINGLE,25,13,13,13,BESTGNSSPOSA
0703002-0918-15-42-gnss_raw.txt,31.300,2436,459484.500,GPS标准时间,FINESTEERING,SOL_COMPUTED,SINGLE,25,12,12,12,BESTGNSSPOSA
0703002-0918-15-42-gnss_raw.txt,31.400,2436,459484.600,GPS标准时间,FINESTEERING,SOL_COMPUTED,SINGLE,25,14,14,14,BESTGNSSPOSA
0703002-0918-15-42-gnss_raw.txt,31.500,2436,459484.700,GPS标准时间,FINESTEERING,SOL_COMPUTED,SINGLE,25,14,14,14,BESTGNSSPOSA
0703002-0918-15-42-gnss_raw.txt,31.600,2436,459484.800,GPS标准时间,FINESTEERING,SOL_COMPUTED,SINGLE,25,14,14,14,BESTGNSSPOSA
0703002-0918-15-42-gnss_raw.txt,31.700,2436,459484.900,GPS标准时间,FINESTEERING,SOL_COMPUTED,SINGLE,25,14,14,14,BESTGNSSPOSA
0703002-0918-15-42-gnss_raw.txt,31.800,2436,459485.000,GPS标准时间,FINESTEERING,SOL_COMPUTED,SINGLE,25,14,14,14,BESTGNSSPOSA
0703002-0918-15-42-gnss_raw.txt,31.900,2436,459485.100,GPS标准时间,FINESTEERING,SOL_COMPUTED,SINGLE,25,13,13,13,BESTGNSSPOSA
0703002-0918-15-42-gnss_raw.txt,32.000,2436,459485.200,GPS标准时间,FINESTEERING,SOL_COMPUTED,SINGLE,25,14,14,14,BESTGNSSPOSA
0703002-0918-15-42-gnss_raw.txt,32.100,2436,459485.300,GPS标准时间,FINESTEERING,SOL_COMPUTED,SINGLE,24,13,13,13,BESTGNSSPOSA
0703002-0918-15-42-gnss_raw.txt,32.200,2436,459485.400,GPS标准时间,FINESTEERING,SOL_COMPUTED,SINGLE,24,14,14,14,BESTGNSSPOSA
0703002-0918-15-42-gnss_raw.txt,32.300,2436,459485.500,GPS标准时间,FINESTEERING,SOL_COMPUTED,SINGLE,24,15,15,15,BESTGNSSPOSA
0703002-0918-15-42-gnss_raw.txt,32.400,2436,459485.600,GPS标准时间,FINESTEERING,SOL_COMPUTED,SINGLE,24,12,12,12,BESTGNSSPOSA
0703002-0918-15-42-gnss_raw.txt,32.500,2436,459485.700,GPS标准时间,FINESTEERING,SOL_COMPUTED,SINGLE,24,14,14,14,BESTGNSSPOSA
0703002-0918-15-42-gnss_raw.txt,32.600,2436,459485.800,GPS标准时间,FINESTEERING,SOL_COMPUTED,SINGLE,24,14,14,14,BESTGNSSPOSA
0703002-0918-15-42-gnss_raw.txt,32.700,2436,459485.900,GPS标准时间,FINESTEERING,SOL_COMPUTED,SINGLE,24,15,15,15,BESTGNSSPOSA
0703002-0918-15-42-gnss_raw.txt,32.800,2436,459486.000,GPS标准时间,FINESTEERING,SOL_COMPUTED,SINGLE,24,15,15,15,BESTGNSSPOSA
0703002-0918-15-42-gnss_raw.txt,32.900,2436,459486.100,GPS标准时间,FINESTEERING,SOL_COMPUTED,SINGLE,24,13,13,13,BESTGNSSPOSA
0703002-0918-15-42-gnss_raw.txt,33.000,2436,459486.200,GPS标准时间,FINESTEERING,SOL_COMPUTED,SINGLE,24,13,13,13,BESTGNSSPOSA
0703002-0918-15-42-gnss_raw.txt,33.100,2436,459486.300,GPS标准时间,FINESTEERING,SOL_COMPUTED,SINGLE,24,12,12,12,BESTGNSSPOSA
0703002-0918-15-42-gnss_raw.txt,33.200,2436,459486.400,GPS标准时间,FINESTEERING,SOL_COMPUTED,SINGLE,24,9,9,9,BESTGNSSPOSA
0703002-0918-15-42-gnss_raw.txt,33.300,2436,459486.500,GPS标准时间,FINESTEERING,SOL_COMPUTED,SINGLE,24,14,14,14,BESTGNSSPOSA
0703002-0918-15-42-gnss_raw.txt,33.400,2436,459486.600,GPS标准时间,FINESTEERING,SOL_COMPUTED,SINGLE,24,13,13,13,BESTGNSSPOSA
0703002-0918-15-42-gnss_raw.txt,33.500,2436,459486.700,GPS标准时间,FINESTEERING,SOL_COMPUTED,SINGLE,24,14,14,14,BESTGNSSPOSA
0703002-0918-15-42-gnss_raw.txt,33.600,2436,459486.800,GPS标准时间,FINESTEERING,SOL_COMPUTED,SINGLE,24,12,12,12,BESTGNSSPOSA
0703002-0918-15-42-gnss_raw.txt,33.700,2436,459486.900,GPS标准时间,FINESTEERING,SOL_COMPUTED,SINGLE,24,13,13,13,BESTGNSSPOSA
0703002-0918-15-42-gnss_raw.txt,33.800,2436,459487.000,GPS标准时间,FINESTEERING,SOL_COMPUTED,SINGLE,24,15,15,15,BESTGNSSPOSA
0703002-0918-15-42-gnss_raw.txt,33.900,2436,459487.100,GPS标准时间,FINESTEERING,SOL_COMPUTED,SINGLE,24,13,13,13,BESTGNSSPOSA
0703002-0918-15-42-gnss_raw.txt,34.000,2436,459487.200,GPS标准时间,FINESTEERING,SOL_COMPUTED,SINGLE,24,14,14,14,BESTGNSSPOSA
0703002-0918-15-42-gnss_raw.txt,34.100,2436,459487.300,GPS标准时间,FINESTEERING,SOL_COMPUTED,SINGLE,25,13,13,13,BESTGNSSPOSA
0703002-0918-15-42-gnss_raw.txt,34.200,2436,459487.400,GPS标准时间,FINESTEERING,SOL_COMPUTED,SINGLE,25,14,14,14,BESTGNSSPOSA
0703002-0918-15-42-gnss_raw.txt,34.300,2436,459487.500,GPS标准时间,FINESTEERING,SOL_COMPUTED,SINGLE,25,13,13,13,BESTGNSSPOSA
0703002-0918-15-42-gnss_raw.txt,34.400,2436,459487.600,GPS标准时间,FINESTEERING,SOL_COMPUTED,SINGLE,25,12,12,12,BESTGNSSPOSA
0703002-0918-15-42-gnss_raw.txt,34.500,2436,459487.700,GPS标准时间,FINESTEERING,SOL_COMPUTED,SINGLE,25,12,12,12,BESTGNSSPOSA
0703002-0918-15-42-gnss_raw.txt,34.600,2436,459487.800,GPS标准时间,FINESTEERING,SOL_COMPUTED,SINGLE,25,13,13,13,BESTGNSSPOSA
0703002-0918-15-42-gnss_raw.txt,34.700,2436,459487.900,GPS标准时间,FINESTEERING,SOL_COMPUTED,SINGLE,25,13,13,13,BESTGNSSPOSA
0703002-0918-15-42-gnss_raw.txt,34.800,2436,459488.000,GPS标准时间,FINESTEERING,SOL_COMPUTED,SINGLE,25,14,14,14,BESTGNSSPOSA
0703002-0918-15-42-gnss_raw.txt,34.900,2436,459488.100,GPS标准时间,FINESTEERING,SOL_COMPUTED,SINGLE,25,13,13,13,BESTGNSSPOSA
0703002-0918-15-42-gnss_raw.txt,35.000,2436,459488.200,GPS标准时间,FINESTEERING,SOL_COMPUTED,SINGLE,25,15,15,15,BESTGNSSPOSA
0703002-0918-15-42-gnss_raw.txt,35.100,2436,459488.300,GPS标准时间,FINESTEERING,SOL_COMPUTED,SINGLE,25,14,14,14,BESTGNSSPOSA
0703002-0918-15-42-gnss_raw.txt,35.200,2436,459488.400,GPS标准时间,FINESTEERING,SOL_COMPUTED,SINGLE,25,14,14,14,BESTGNSSPOSA
0703002-0918-15-42-gnss_raw.txt,35.300,2436,459488.500,GPS标准时间,FINESTEERING,SOL_COMPUTED,SINGLE,25,14,14,14,BESTGNSSPOSA
0703002-0918-15-42-gnss_raw.txt,35.400,2436,459488.600,GPS标准时间,FINESTEERING,SOL_COMPUTED,SINGLE,25,14,14,14,BESTGNSSPOSA
0703002-0918-15-42-gnss_raw.txt,35.500,2436,459488.700,GPS标准时间,FINESTEERING,SOL_COMPUTED,SINGLE,25,14,14,14,BESTGNSSPOSA
0703002-0918-15-42-gnss_raw.txt,35.600,2436,459488.800,GPS标准时间,FINESTEERING,SOL_COMPUTED,SINGLE,25,16,16,16,BESTGNSSPOSA
0703002-0918-15-42-gnss_raw.txt,35.700,2436,459488.900,GPS标准时间,FINESTEERING,SOL_COMPUTED,SINGLE,25,14,14,14,BESTGNSSPOSA
0703002-0918-15-42-gnss_raw.txt,35.800,2436,459489.000,GPS标准时间,FINESTEERING,SOL_COMPUTED,SINGLE,25,14,14,14,BESTGNSSPOSA
0703002-0918-15-42-gnss_raw.txt,35.900,2436,459489.100,GPS标准时间,FINESTEERING,SOL_COMPUTED,SINGLE,25,14,14,14,BESTGNSSPOSA
0703002-0918-15-42-gnss_raw.txt,36.000,2436,459489.200,GPS标准时间,FINESTEERING,SOL_COMPUTED,SINGLE,25,16,16,16,BESTGNSSPOSA
0703002-0918-15-42-gnss_raw.txt,36.100,2436,459489.300,GPS标准时间,FINESTEERING,SOL_COMPUTED,SINGLE,25,13,13,13,BESTGNSSPOSA
0703002-0918-15-42-gnss_raw.txt,36.200,2436,459489.400,GPS标准时间,FINESTEERING,SOL_COMPUTED,SINGLE,25,15,15,15,BESTGNSSPOSA
0703002-0918-15-42-gnss_raw.txt,36.300,2436,459489.500,GPS标准时间,FINESTEERING,SOL_COMPUTED,SINGLE,25,14,14,14,BESTGNSSPOSA
0703002-0918-15-42-gnss_raw.txt,36.400,2436,459489.600,GPS标准时间,FINESTEERING,SOL_COMPUTED,SINGLE,25,15,15,15,BESTGNSSPOSA
0703002-0918-15-42-gnss_raw.txt,36.500,2436,459489.700,GPS标准时间,FINESTEERING,SOL_COMPUTED,SINGLE,25,15,15,15,BESTGNSSPOSA
0703002-0918-15-42-gnss_raw.txt,36.600,2436,459489.800,GPS标准时间,FINESTEERING,SOL_COMPUTED,SINGLE,25,15,15,15,BESTGNSSPOSA
0703002-0918-15-42-gnss_raw.txt,36.700,2436,459489.900,GPS标准时间,FINESTEERING,SOL_COMPUTED,SINGLE,25,14,14,14,BESTGNSSPOSA
0703002-0918-15-42-gnss_raw.txt,36.800,2436,459490.000,GPS标准时间,FINESTEERING,SOL_COMPUTED,SINGLE,25,13,13,13,BESTGNSSPOSA
0703002-0918-15-42-gnss_raw.txt,36.900,2436,459490.100,GPS标准时间,FINESTEERING,SOL_COMPUTED,SINGLE,25,14,14,14,BESTGNSSPOSA
0703002-0918-15-42-gnss_raw.txt,37.000,2436,459490.200,GPS标准时间,FINESTEERING,SOL_COMPUTED,SINGLE,25,15,15,15,BESTGNSSPOSA
0703002-0918-15-42-gnss_raw.txt,37.100,2436,459490.300,GPS标准时间,FINESTEERING,SOL_COMPUTED,SINGLE,25,14,14,14,BESTGNSSPOSA
0703002-0918-15-42-gnss_raw.txt,37.200,2436,459490.400,GPS标准时间,FINESTEERING,SOL_COMPUTED,SINGLE,25,13,13,13,BESTGNSSPOSA
0703002-0918-15-42-gnss_raw.txt,37.300,2436,459490.500,GPS标准时间,FINESTEERING,SOL_COMPUTED,SINGLE,25,13,13,13,BESTGNSSPOSA
0703002-0918-15-42-gnss_raw.txt,37.400,2436,459490.600,GPS标准时间,FINESTEERING,SOL_COMPUTED,SINGLE,25,14,14,14,BESTGNSSPOSA
0703002-0918-15-42-gnss_raw.txt,37.500,2436,459490.700,GPS标准时间,FINESTEERING,SOL_COMPUTED,SINGLE,25,15,15,15,BESTGNSSPOSA
0703002-0918-15-42-gnss_raw.txt,37.600,2436,459490.800,GPS标准时间,FINESTEERING,SOL_COMPUTED,SINGLE,25,15,15,15,BESTGNSSPOSA
0703002-0918-15-42-gnss_raw.txt,37.700,2436,459490.900,GPS标准时间,FINESTEERING,SOL_COMPUTED,SINGLE,25,14,14,14,BESTGNSSPOSA
0703002-0918-15-42-gnss_raw.txt,37.800,2436,459491.000,GPS标准时间,FINESTEERING,SOL_COMPUTED,SINGLE,25,15,15,15,BESTGNSSPOSA
0703002-0918-15-42-gnss_raw.txt,37.900,2436,459491.100,GPS标准时间,FINESTEERING,SOL_COMPUTED,SINGLE,25,14,14,14,BESTGNSSPOSA
0703002-0918-15-42-gnss_raw.txt,38.000,2436,459491.200,GPS标准时间,FINESTEERING,SOL_COMPUTED,SINGLE,25,13,13,13,BESTGNSSPOSA
0703002-0918-15-42-gnss_raw.txt,38.100,2436,459491.300,GPS标准时间,FINESTEERING,SOL_COMPUTED,SINGLE,25,13,13,13,BESTGNSSPOSA
0703002-0918-15-42-gnss_raw.txt,38.200,2436,459491.400,GPS标准时间,FINESTEERING,SOL_COMPUTED,SINGLE,25,15,15,15,BESTGNSSPOSA
0703002-0918-15-42-gnss_raw.txt,38.300,2436,459491.500,GPS标准时间,FINESTEERING,SOL_COMPUTED,SINGLE,25,14,14,14,BESTGNSSPOSA
0703002-0918-15-42-gnss_raw.txt,38.400,2436,459491.600,GPS标准时间,FINESTEERING,SOL_COMPUTED,SINGLE,25,13,13,13,BESTGNSSPOSA
0703002-0918-15-42-gnss_raw.txt,38.500,2436,459491.700,GPS标准时间,FINESTEERING,SOL_COMPUTED,SINGLE,25,15,15,15,BESTGNSSPOSA
0703002-0918-15-42-gnss_raw.txt,38.600,2436,459491.800,GPS标准时间,FINESTEERING,SOL_COMPUTED,SINGLE,25,14,14,14,BESTGNSSPOSA
0703002-0918-15-42-gnss_raw.txt,38.700,2436,459491.900,GPS标准时间,FINESTEERING,SOL_COMPUTED,SINGLE,25,14,14,14,BESTGNSSPOSA
0703002-0918-15-42-gnss_raw.txt,38.800,2436,459492.000,GPS标准时间,FINESTEERING,SOL_COMPUTED,SINGLE,25,14,14,14,BESTGNSSPOSA
0703002-0918-15-42-gnss_raw.txt,38.900,2436,459492.100,GPS标准时间,FINESTEERING,SOL_COMPUTED,SINGLE,25,13,13,13,BESTGNSSPOSA
0703002-0918-15-42-gnss_raw.txt,39.000,2436,459492.200,GPS标准时间,FINESTEERING,SOL_COMPUTED,SINGLE,25,13,13,13,BESTGNSSPOSA
0703002-0918-15-42-gnss_raw.txt,39.100,2436,459492.300,GPS标准时间,FINESTEERING,SOL_COMPUTED,SINGLE,25,13,13,13,BESTGNSSPOSA
0703002-0918-15-42-gnss_raw.txt,39.200,2436,459492.400,GPS标准时间,FINESTEERING,SOL_COMPUTED,SINGLE,25,14,14,14,BESTGNSSPOSA
0703002-0918-15-42-gnss_raw.txt,39.300,2436,459492.500,GPS标准时间,FINESTEERING,SOL_COMPUTED,SINGLE,25,14,14,14,BESTGNSSPOSA
0703002-0918-15-42-gnss_raw.txt,39.400,2436,459492.600,GPS标准时间,FINESTEERING,SOL_COMPUTED,SINGLE,25,13,13,13,BESTGNSSPOSA
0703002-0918-15-42-gnss_raw.txt,39.500,2436,459492.700,GPS标准时间,FINESTEERING,SOL_COMPUTED,SINGLE,25,13,13,13,BESTGNSSPOSA
0703002-0918-15-42-gnss_raw.txt,39.600,2436,459492.800,GPS标准时间,FINESTEERING,SOL_COMPUTED,SINGLE,25,12,12,12,BESTGNSSPOSA
0703002-0918-15-42-gnss_raw.txt,39.700,2436,459492.900,GPS标准时间,FINESTEERING,SOL_COMPUTED,SINGLE,25,14,14,14,BESTGNSSPOSA
0703002-0918-15-42-gnss_raw.txt,39.800,2436,459493.000,GPS标准时间,FINESTEERING,SOL_COMPUTED,SINGLE,25,13,13,13,BESTGNSSPOSA
0703002-0918-15-42-gnss_raw.txt,39.900,2436,459493.100,GPS标准时间,FINESTEERING,SOL_COMPUTED,SINGLE,25,15,15,15,BESTGNSSPOSA
0703002-0918-15-42-gnss_raw.txt,40.000,2436,459493.200,GPS标准时间,FINESTEERING,SOL_COMPUTED,SINGLE,24,15,15,15,BESTGNSSPOSA
0703002-0918-15-42-gnss_raw.txt,40.100,2436,459493.300,GPS标准时间,FINESTEERING,SOL_COMPUTED,SINGLE,24,14,14,14,BESTGNSSPOSA
0703002-0918-15-42-gnss_raw.txt,40.200,2436,459493.400,GPS标准时间,FINESTEERING,SOL_COMPUTED,SINGLE,24,15,15,15,BESTGNSSPOSA
0703002-0918-15-42-gnss_raw.txt,40.300,2436,459493.500,GPS标准时间,FINESTEERING,SOL_COMPUTED,SINGLE,24,14,14,14,BESTGNSSPOSA
0703002-0918-15-42-gnss_raw.txt,40.400,2436,459493.600,GPS标准时间,FINESTEERING,SOL_COMPUTED,SINGLE,24,14,14,14,BESTGNSSPOSA
0703002-0918-15-42-gnss_raw.txt,40.500,2436,459493.700,GPS标准时间,FINESTEERING,SOL_COMPUTED,SINGLE,25,14,14,14,BESTGNSSPOSA
0703002-0918-15-42-gnss_raw.txt,40.600,2436,459493.800,GPS标准时间,FINESTEERING,SOL_COMPUTED,SINGLE,24,16,16,16,BESTGNSSPOSA
0703002-0918-15-42-gnss_raw.txt,40.700,2436,459493.900,GPS标准时间,FINESTEERING,SOL_COMPUTED,SINGLE,24,14,14,14,BESTGNSSPOSA
0703002-0918-15-42-gnss_raw.txt,40.800,2436,459494.000,GPS标准时间,FINESTEERING,SOL_COMPUTED,SINGLE,24,14,14,14,BESTGNSSPOSA
0703002-0918-15-42-gnss_raw.txt,40.900,2436,459494.100,GPS标准时间,FINESTEERING,SOL_COMPUTED,SINGLE,24,14,14,14,BESTGNSSPOSA
0703002-0918-15-42-gnss_raw.txt,41.000,2436,459494.200,GPS标准时间,FINESTEERING,SOL_COMPUTED,SINGLE,24,14,14,14,BESTGNSSPOSA
0703002-0918-15-42-gnss_raw.txt,41.100,2436,459494.300,GPS标准时间,FINESTEERING,SOL_COMPUTED,SINGLE,24,14,14,14,BESTGNSSPOSA
0703002-0918-15-42-gnss_raw.txt,41.200,2436,459494.400,GPS标准时间,FINESTEERING,SOL_COMPUTED,SINGLE,24,15,15,15,BESTGNSSPOSA
0703002-0918-15-42-gnss_raw.txt,41.300,2436,459494.500,GPS标准时间,FINESTEERING,SOL_COMPUTED,SINGLE,24,14,14,14,BESTGNSSPOSA
0703002-0918-15-42-gnss_raw.txt,41.400,2436,459494.600,GPS标准时间,FINESTEERING,SOL_COMPUTED,SINGLE,24,14,14,14,BESTGNSSPOSA
0703002-0918-15-42-gnss_raw.txt,41.500,2436,459494.700,GPS标准时间,FINESTEERING,SOL_COMPUTED,SINGLE,24,12,12,12,BESTGNSSPOSA
0703002-0918-15-42-gnss_raw.txt,41.600,2436,459494.800,GPS标准时间,FINESTEERING,SOL_COMPUTED,SINGLE,24,13,13,13,BESTGNSSPOSA
0703002-0918-15-42-gnss_raw.txt,41.700,2436,459494.900,GPS标准时间,FINESTEERING,SOL_COMPUTED,SINGLE,24,13,13,13,BESTGNSSPOSA
0703002-0918-15-42-gnss_raw.txt,41.800,2436,459495.000,GPS标准时间,FINESTEERING,SOL_COMPUTED,SINGLE,24,15,15,15,BESTGNSSPOSA
0703002-0918-15-42-gnss_raw.txt,41.900,2436,459495.100,GPS标准时间,FINESTEERING,SOL_COMPUTED,SINGLE,24,14,14,14,BESTGNSSPOSA
0703002-0918-15-42-gnss_raw.txt,42.000,2436,459495.200,GPS标准时间,FINESTEERING,SOL_COMPUTED,SINGLE,24,12,12,12,BESTGNSSPOSA
0703002-0918-15-42-gnss_raw.txt,42.100,2436,459495.300,GPS标准时间,FINESTEERING,SOL_COMPUTED,SINGLE,24,12,12,12,BESTGNSSPOSA
0703002-0918-15-42-gnss_raw.txt,42.200,2436,459495.400,GPS标准时间,FINESTEERING,SOL_COMPUTED,SINGLE,24,14,14,14,BESTGNSSPOSA
0703002-0918-15-42-gnss_raw.txt,42.300,2436,459495.500,GPS标准时间,FINESTEERING,SOL_COMPUTED,SINGLE,24,11,11,11,BESTGNSSPOSA
0703002-0918-15-42-gnss_raw.txt,42.400,2436,459495.600,GPS标准时间,FINESTEERING,SOL_COMPUTED,SINGLE,24,13,13,13,BESTGNSSPOSA
0703002-0918-15-42-gnss_raw.txt,42.500,2436,459495.700,GPS标准时间,FINESTEERING,SOL_COMPUTED,SINGLE,24,12,12,12,BESTGNSSPOSA
0703002-0918-15-42-gnss_raw.txt,42.600,2436,459495.800,GPS标准时间,FINESTEERING,SOL_COMPUTED,SINGLE,24,12,12,12,BESTGNSSPOSA
0703002-0918-15-42-gnss_raw.txt,42.700,2436,459495.900,GPS标准时间,FINESTEERING,SOL_COMPUTED,SINGLE,24,15,15,15,BESTGNSSPOSA
0703002-0918-15-42-gnss_raw.txt,42.800,2436,459496.000,GPS标准时间,FINESTEERING,SOL_COMPUTED,SINGLE,24,13,13,13,BESTGNSSPOSA
0703002-0918-15-42-gnss_raw.txt,42.900,2436,459496.100,GPS标准时间,FINESTEERING,SOL_COMPUTED,SINGLE,24,14,14,14,BESTGNSSPOSA
0703002-0918-15-42-gnss_raw.txt,43.000,2436,459496.200,GPS标准时间,FINESTEERING,SOL_COMPUTED,SINGLE,24,15,15,15,BESTGNSSPOSA
0703002-0918-15-42-gnss_raw.txt,43.100,2436,459496.300,GPS标准时间,FINESTEERING,SOL_COMPUTED,SINGLE,24,15,15,15,BESTGNSSPOSA
0703002-0918-15-42-gnss_raw.txt,43.200,2436,459496.400,GPS标准时间,FINESTEERING,SOL_COMPUTED,SINGLE,24,13,13,13,BESTGNSSPOSA
0703002-0918-15-42-gnss_raw.txt,43.300,2436,459496.500,GPS标准时间,FINESTEERING,SOL_COMPUTED,SINGLE,24,13,13,13,BESTGNSSPOSA
0703002-0918-15-42-gnss_raw.txt,43.400,2436,459496.600,GPS标准时间,FINESTEERING,SOL_COMPUTED,SINGLE,24,13,13,13,BESTGNSSPOSA
0703002-0918-15-42-gnss_raw.txt,43.500,2436,459496.700,GPS标准时间,FINESTEERING,SOL_COMPUTED,SINGLE,24,13,13,13,BESTGNSSPOSA
0703002-0918-15-42-gnss_raw.txt,43.600,2436,459496.800,GPS标准时间,FINESTEERING,SOL_COMPUTED,SINGLE,24,13,13,13,BESTGNSSPOSA
0703002-0918-15-42-gnss_raw.txt,43.700,2436,459496.900,GPS标准时间,FINESTEERING,SOL_COMPUTED,SINGLE,24,12,12,12,BESTGNSSPOSA
0703002-0918-15-42-gnss_raw.txt,43.800,2436,459497.000,GPS标准时间,FINESTEERING,SOL_COMPUTED,SINGLE,24,14,14,14,BESTGNSSPOSA
0703002-0918-15-42-gnss_raw.txt,43.900,2436,459497.100,GPS标准时间,FINESTEERING,SOL_COMPUTED,SINGLE,24,13,13,13,BESTGNSSPOSA
0703002-0918-15-42-gnss_raw.txt,44.000,2436,459497.200,GPS标准时间,FINESTEERING,SOL_COMPUTED,SINGLE,23,11,11,11,BESTGNSSPOSA
0703002-0918-15-42-gnss_raw.txt,44.100,2436,459497.300,GPS标准时间,FINESTEERING,SOL_COMPUTED,SINGLE,23,13,13,13,BESTGNSSPOSA
0703002-0918-15-42-gnss_raw.txt,44.200,2436,459497.400,GPS标准时间,FINESTEERING,SOL_COMPUTED,SINGLE,23,13,13,13,BESTGNSSPOSA
0703002-0918-15-42-gnss_raw.txt,44.300,2436,459497.500,GPS标准时间,FINESTEERING,SOL_COMPUTED,SINGLE,23,12,12,12,BESTGNSSPOSA
0703002-0918-15-42-gnss_raw.txt,44.400,2436,459497.600,GPS标准时间,FINESTEERING,SOL_COMPUTED,SINGLE,23,12,12,12,BESTGNSSPOSA
0703002-0918-15-42-gnss_raw.txt,44.500,2436,459497.700,GPS标准时间,FINESTEERING,SOL_COMPUTED,SINGLE,23,10,10,10,BESTGNSSPOSA
0703002-0918-15-42-gnss_raw.txt,44.600,2436,459497.800,GPS标准时间,FINESTEERING,SOL_COMPUTED,SINGLE,23,11,11,11,BESTGNSSPOSA
0703002-0918-15-42-gnss_raw.txt,44.700,2436,459497.900,GPS标准时间,FINESTEERING,SOL_COMPUTED,SINGLE,23,12,12,12,BESTGNSSPOSA
0703002-0918-15-42-gnss_raw.txt,44.800,2436,459498.000,GPS标准时间,FINESTEERING,SOL_COMPUTED,SINGLE,23,13,13,13,BESTGNSSPOSA
0703002-0918-15-42-gnss_raw.txt,44.900,2436,459498.100,GPS标准时间,FINESTEERING,SOL_COMPUTED,SINGLE,23,11,11,11,BESTGNSSPOSA
0703002-0918-15-42-gnss_raw.txt,45.000,2436,459498.200,GPS标准时间,FINESTEERING,SOL_COMPUTED,SINGLE,23,11,11,11,BESTGNSSPOSA
0703002-0918-15-42-gnss_raw.txt,45.100,2436,459498.300,GPS标准时间,FINESTEERING,SOL_COMPUTED,SINGLE,23,12,12,12,BESTGNSSPOSA
0703002-0918-15-42-gnss_raw.txt,45.200,2436,459498.400,GPS标准时间,FINESTEERING,SOL_COMPUTED,SINGLE,23,12,12,12,BESTGNSSPOSA
0703002-0918-15-42-gnss_raw.txt,45.300,2436,459498.500,GPS标准时间,FINESTEERING,SOL_COMPUTED,SINGLE,23,12,12,12,BESTGNSSPOSA
0703002-0918-15-42-gnss_raw.txt,45.400,2436,459498.600,GPS标准时间,FINESTEERING,SOL_COMPUTED,SINGLE,23,13,13,13,BESTGNSSPOSA
0703002-0918-15-42-gnss_raw.txt,45.500,2436,459498.700,GPS标准时间,FINESTEERING,SOL_COMPUTED,SINGLE,23,14,14,14,BESTGNSSPOSA
0703002-0918-15-42-gnss_raw.txt,45.600,2436,459498.800,GPS标准时间,FINESTEERING,SOL_COMPUTED,SINGLE,23,15,15,15,BESTGNSSPOSA
0703002-0918-15-42-gnss_raw.txt,45.700,2436,459498.900,GPS标准时间,FINESTEERING,SOL_COMPUTED,SINGLE,23,13,13,13,BESTGNSSPOSA
0703002-0918-15-42-gnss_raw.txt,45.800,2436,459499.000,GPS标准时间,FINESTEERING,SOL_COMPUTED,SINGLE,23,12,12,12,BESTGNSSPOSA
0703002-0918-15-42-gnss_raw.txt,45.900,2436,459499.100,GPS标准时间,FINESTEERING,SOL_COMPUTED,SINGLE,23,13,13,13,BESTGNSSPOSA
0703002-0918-15-42-gnss_raw.txt,46.000,2436,459499.200,GPS标准时间,FINESTEERING,SOL_COMPUTED,SINGLE,23,12,12,12,BESTGNSSPOSA
0703002-0918-15-42-gnss_raw.txt,46.100,2436,459499.300,GPS标准时间,FINESTEERING,SOL_COMPUTED,SINGLE,23,13,13,13,BESTGNSSPOSA
0703002-0918-15-42-gnss_raw.txt,46.200,2436,459499.400,GPS标准时间,FINESTEERING,SOL_COMPUTED,SINGLE,23,12,12,12,BESTGNSSPOSA
0703002-0918-15-42-gnss_raw.txt,46.300,2436,459499.500,GPS标准时间,FINESTEERING,SOL_COMPUTED,SINGLE,23,13,13,13,BESTGNSSPOSA
0703002-0918-15-42-gnss_raw.txt,46.400,2436,459499.600,GPS标准时间,FINESTEERING,SOL_COMPUTED,SINGLE,23,13,13,13,BESTGNSSPOSA
0703002-0918-15-42-gnss_raw.txt,46.500,2436,459499.700,GPS标准时间,FINESTEERING,SOL_COMPUTED,SINGLE,23,12,12,12,BESTGNSSPOSA
0703002-0918-15-42-gnss_raw.txt,46.600,2436,459499.800,GPS标准时间,FINESTEERING,SOL_COMPUTED,SINGLE,23,11,11,11,BESTGNSSPOSA
0703002-0918-15-42-gnss_raw.txt,46.700,2436,459499.900,GPS标准时间,FINESTEERING,SOL_COMPUTED,SINGLE,23,12,12,12,BESTGNSSPOSA
0703002-0918-15-42-gnss_raw.txt,46.800,2436,459500.000,GPS标准时间,FINESTEERING,SOL_COMPUTED,SINGLE,23,12,12,12,BESTGNSSPOSA
0703002-0918-15-42-gnss_raw.txt,46.900,2436,459500.100,GPS标准时间,FINESTEERING,SOL_COMPUTED,SINGLE,23,12,12,12,BESTGNSSPOSA
0703002-0918-15-42-gnss_raw.txt,47.000,2436,459500.200,GPS标准时间,FINESTEERING,SOL_COMPUTED,SINGLE,23,13,13,13,BESTGNSSPOSA
0703002-0918-15-42-gnss_raw.txt,47.100,2436,459500.300,GPS标准时间,FINESTEERING,SOL_COMPUTED,SINGLE,23,14,14,14,BESTGNSSPOSA
0703002-0918-15-42-gnss_raw.txt,47.200,2436,459500.400,GPS标准时间,FINESTEERING,SOL_COMPUTED,SINGLE,23,12,12,12,BESTGNSSPOSA
0703002-0918-15-42-gnss_raw.txt,47.300,2436,459500.500,GPS标准时间,FINESTEERING,SOL_COMPUTED,SINGLE,23,11,11,11,BESTGNSSPOSA
0703002-0918-15-42-gnss_raw.txt,47.400,2436,459500.600,GPS标准时间,FINESTEERING,SOL_COMPUTED,SINGLE,23,13,13,13,BESTGNSSPOSA
0703002-0918-15-42-gnss_raw.txt,47.500,2436,459500.700,GPS标准时间,FINESTEERING,SOL_COMPUTED,SINGLE,23,11,11,11,BESTGNSSPOSA
0703002-0918-15-42-gnss_raw.txt,47.600,2436,459500.800,GPS标准时间,FINESTEERING,SOL_COMPUTED,SINGLE,23,9,9,9,BESTGNSSPOSA
0703002-0918-15-42-gnss_raw.txt,47.700,2436,459500.900,GPS标准时间,FINESTEERING,SOL_COMPUTED,SINGLE,23,12,12,12,BESTGNSSPOSA
0703002-0918-15-42-gnss_raw.txt,47.800,2436,459501.000,GPS标准时间,FINESTEERING,SOL_COMPUTED,SINGLE,23,11,11,11,BESTGNSSPOSA
0703002-0918-15-42-gnss_raw.txt,47.900,2436,459501.100,GPS标准时间,FINESTEERING,SOL_COMPUTED,SINGLE,23,12,12,12,BESTGNSSPOSA
0703002-0918-15-42-gnss_raw.txt,48.000,2436,459501.200,GPS标准时间,FINESTEERING,SOL_COMPUTED,SINGLE,23,14,14,14,BESTGNSSPOSA
0703002-0918-15-42-gnss_raw.txt,48.100,2436,459501.300,GPS标准时间,FINESTEERING,SOL_COMPUTED,SINGLE,23,14,14,14,BESTGNSSPOSA
0703002-0918-15-42-gnss_raw.txt,48.200,2436,459501.400,GPS标准时间,FINESTEERING,SOL_COMPUTED,SINGLE,23,12,12,12,BESTGNSSPOSA
0703002-0918-15-42-gnss_raw.txt,48.300,2436,459501.500,GPS标准时间,FINESTEERING,SOL_COMPUTED,SINGLE,23,13,13,13,BESTGNSSPOSA
0703002-0918-15-42-gnss_raw.txt,48.400,2436,459501.600,GPS标准时间,FINESTEERING,SOL_COMPUTED,SINGLE,23,14,14,14,BESTGNSSPOSA
0703002-0918-15-42-gnss_raw.txt,48.500,2436,459501.700,GPS标准时间,FINESTEERING,SOL_COMPUTED,SINGLE,23,12,12,12,BESTGNSSPOSA
0703002-0918-15-42-gnss_raw.txt,48.600,2436,459501.800,GPS标准时间,FINESTEERING,SOL_COMPUTED,SINGLE,23,14,14,14,BESTGNSSPOSA
0703002-0918-15-42-gnss_raw.txt,48.700,2436,459501.900,GPS标准时间,FINESTEERING,SOL_COMPUTED,SINGLE,23,14,14,14,BESTGNSSPOSA
0703002-0918-15-42-gnss_raw.txt,48.800,2436,459502.000,GPS标准时间,FINESTEERING,SOL_COMPUTED,SINGLE,23,16,16,16,BESTGNSSPOSA
0703002-0918-15-42-gnss_raw.txt,48.900,2436,459502.100,GPS标准时间,FINESTEERING,SOL_COMPUTED,SINGLE,23,14,14,14,BESTGNSSPOSA
0703002-0918-15-42-gnss_raw.txt,49.000,2436,459502.200,GPS标准时间,FINESTEERING,SOL_COMPUTED,SINGLE,23,13,13,13,BESTGNSSPOSA
0703002-0918-15-42-gnss_raw.txt,49.100,2436,459502.300,GPS标准时间,FINESTEERING,SOL_COMPUTED,SINGLE,23,17,17,17,BESTGNSSPOSA
0703002-0918-15-42-gnss_raw.txt,49.200,2436,459502.400,GPS标准时间,FINESTEERING,SOL_COMPUTED,SINGLE,23,14,14,14,BESTGNSSPOSA
0703002-0918-15-42-gnss_raw.txt,49.300,2436,459502.500,GPS标准时间,FINESTEERING,SOL_COMPUTED,SINGLE,23,13,13,13,BESTGNSSPOSA
0703002-0918-15-42-gnss_raw.txt,49.400,2436,459502.600,GPS标准时间,FINESTEERING,SOL_COMPUTED,SINGLE,23,14,14,14,BESTGNSSPOSA
0703002-0918-15-42-gnss_raw.txt,49.500,2436,459502.700,GPS标准时间,FINESTEERING,SOL_COMPUTED,SINGLE,23,14,14,14,BESTGNSSPOSA
0703002-0918-15-42-gnss_raw.txt,49.600,2436,459502.800,GPS标准时间,FINESTEERING,SOL_COMPUTED,SINGLE,23,14,14,14,BESTGNSSPOSA
0703002-0918-15-42-gnss_raw.txt,49.700,2436,459502.900,GPS标准时间,FINESTEERING,SOL_COMPUTED,SINGLE,24,14,14,14,BESTGNSSPOSA
0703002-0918-15-42-gnss_raw.txt,49.800,2436,459503.000,GPS标准时间,FINESTEERING,SOL_COMPUTED,SINGLE,24,15,15,15,BESTGNSSPOSA
0703002-0918-15-42-gnss_raw.txt,49.900,2436,459503.100,GPS标准时间,FINESTEERING,SOL_COMPUTED,SINGLE,24,12,12,12,BESTGNSSPOSA
0703002-0918-15-42-gnss_raw.txt,50.000,2436,459503.200,GPS标准时间,FINESTEERING,SOL_COMPUTED,SINGLE,24,15,15,15,BESTGNSSPOSA
0703002-0918-15-42-gnss_raw.txt,50.100,2436,459503.300,GPS标准时间,FINESTEERING,SOL_COMPUTED,SINGLE,24,15,15,15,BESTGNSSPOSA
0703002-0918-15-42-gnss_raw.txt,50.200,2436,459503.400,GPS标准时间,FINESTEERING,SOL_COMPUTED,SINGLE,24,14,14,14,BESTGNSSPOSA
0703002-0918-15-42-gnss_raw.txt,50.300,2436,459503.500,GPS标准时间,FINESTEERING,SOL_COMPUTED,SINGLE,24,15,15,15,BESTGNSSPOSA
0703002-0918-15-42-gnss_raw.txt,50.400,2436,459503.600,GPS标准时间,FINESTEERING,SOL_COMPUTED,SINGLE,24,14,14,14,BESTGNSSPOSA
0703002-0918-15-42-gnss_raw.txt,50.500,2436,459503.700,GPS标准时间,FINESTEERING,SOL_COMPUTED,SINGLE,24,14,14,14,BESTGNSSPOSA
0703002-0918-15-42-gnss_raw.txt,50.600,2436,459503.800,GPS标准时间,FINESTEERING,SOL_COMPUTED,SINGLE,24,14,14,14,BESTGNSSPOSA
0703002-0918-15-42-gnss_raw.txt,50.700,2436,459503.900,GPS标准时间,FINESTEERING,SOL_COMPUTED,SINGLE,24,14,14,14,BESTGNSSPOSA
0703002-0918-15-42-gnss_raw.txt,50.800,2436,459504.000,GPS标准时间,FINESTEERING,SOL_COMPUTED,SINGLE,24,13,13,13,BESTGNSSPOSA
0703002-0918-15-42-gnss_raw.txt,50.900,2436,459504.100,GPS标准时间,FINESTEERING,SOL_COMPUTED,SINGLE,24,13,13,13,BESTGNSSPOSA
0703002-0918-15-42-gnss_raw.txt,51.000,2436,459504.200,GPS标准时间,FINESTEERING,SOL_COMPUTED,SINGLE,24,12,12,12,BESTGNSSPOSA
0703002-0918-15-42-gnss_raw.txt,51.100,2436,459504.300,GPS标准时间,FINESTEERING,SOL_COMPUTED,SINGLE,23,13,13,13,BESTGNSSPOSA
0703002-0918-15-42-gnss_raw.txt,51.200,2436,459504.400,GPS标准时间,FINESTEERING,SOL_COMPUTED,SINGLE,23,13,13,13,BESTGNSSPOSA
0703002-0918-15-42-gnss_raw.txt,51.300,2436,459504.500,GPS标准时间,FINESTEERING,SOL_COMPUTED,SINGLE,23,13,13,13,BESTGNSSPOSA
0703002-0918-15-42-gnss_raw.txt,51.400,2436,459504.600,GPS标准时间,FINESTEERING,SOL_COMPUTED,SINGLE,23,13,13,13,BESTGNSSPOSA
0703002-0918-15-42-gnss_raw.txt,51.500,2436,459504.700,GPS标准时间,FINESTEERING,SOL_COMPUTED,SINGLE,23,14,14,14,BESTGNSSPOSA
0703002-0918-15-42-gnss_raw.txt,51.600,2436,459504.800,GPS标准时间,FINESTEERING,SOL_COMPUTED,SINGLE,23,13,13,13,BESTGNSSPOSA
0703002-0918-15-42-gnss_raw.txt,51.700,2436,459504.900,GPS标准时间,FINESTEERING,SOL_COMPUTED,SINGLE,23,14,14,14,BESTGNSSPOSA
0703002-0918-15-42-gnss_raw.txt,51.800,2436,459505.000,GPS标准时间,FINESTEERING,SOL_COMPUTED,SINGLE,23,14,14,14,BESTGNSSPOSA
0703002-0918-15-42-gnss_raw.txt,51.900,2436,459505.100,GPS标准时间,FINESTEERING,SOL_COMPUTED,SINGLE,23,13,13,13,BESTGNSSPOSA
0703002-0918-15-42-gnss_raw.txt,52.000,2436,459505.200,GPS标准时间,FINESTEERING,SOL_COMPUTED,SINGLE,23,13,13,13,BESTGNSSPOSA
0703002-0918-15-42-gnss_raw.txt,52.100,2436,459505.300,GPS标准时间,FINESTEERING,SOL_COMPUTED,SINGLE,23,13,13,13,BESTGNSSPOSA
0703002-0918-15-42-gnss_raw.txt,52.200,2436,459505.400,GPS标准时间,FINESTEERING,SOL_COMPUTED,SINGLE,23,13,13,13,BESTGNSSPOSA
0703002-0918-15-42-gnss_raw.txt,52.300,2436,459505.500,GPS标准时间,FINESTEERING,SOL_COMPUTED,SINGLE,23,14,14,14,BESTGNSSPOSA
0703002-0918-15-42-gnss_raw.txt,52.400,2436,459505.600,GPS标准时间,FINESTEERING,SOL_COMPUTED,SINGLE,23,14,14,14,BESTGNSSPOSA
0703002-0918-15-42-gnss_raw.txt,52.500,2436,459505.700,GPS标准时间,FINESTEERING,SOL_COMPUTED,SINGLE,23,13,13,13,BESTGNSSPOSA
0703002-0918-15-42-gnss_raw.txt,52.600,2436,459505.800,GPS标准时间,FINESTEERING,SOL_COMPUTED,SINGLE,23,14,14,14,BESTGNSSPOSA
0703002-0918-15-42-gnss_raw.txt,52.700,2436,459505.900,GPS标准时间,FINESTEERING,SOL_COMPUTED,SINGLE,23,13,13,13,BESTGNSSPOSA
0703002-0918-15-42-gnss_raw.txt,52.800,2436,459506.000,GPS标准时间,FINESTEERING,SOL_COMPUTED,SINGLE,23,14,14,14,BESTGNSSPOSA
0703002-0918-15-42-gnss_raw.txt,52.900,2436,459506.100,GPS标准时间,FINESTEERING,SOL_COMPUTED,SINGLE,23,13,13,13,BESTGNSSPOSA
0703002-0918-15-42-gnss_raw.txt,53.000,2436,459506.200,GPS标准时间,FINESTEERING,SOL_COMPUTED,SINGLE,23,14,14,14,BESTGNSSPOSA
0703002-0918-15-42-gnss_raw.txt,53.100,2436,459506.300,GPS标准时间,FINESTEERING,SOL_COMPUTED,SINGLE,23,14,14,14,BESTGNSSPOSA
0703002-0918-15-42-gnss_raw.txt,53.200,2436,459506.400,GPS标准时间,FINESTEERING,SOL_COMPUTED,SINGLE,23,13,13,13,BESTGNSSPOSA
0703002-0918-15-42-gnss_raw.txt,53.300,2436,459506.500,GPS标准时间,FINESTEERING,SOL_COMPUTED,SINGLE,23,14,14,14,BESTGNSSPOSA
0703002-0918-15-42-gnss_raw.txt,53.400,2436,459506.600,GPS标准时间,FINESTEERING,SOL_COMPUTED,SINGLE,23,14,14,14,BESTGNSSPOSA
0703002-0918-15-42-gnss_raw.txt,53.500,2436,459506.700,GPS标准时间,FINESTEERING,SOL_COMPUTED,SINGLE,24,14,14,14,BESTGNSSPOSA
0703002-0918-15-42-gnss_raw.txt,53.600,2436,459506.800,GPS标准时间,FINESTEERING,SOL_COMPUTED,SINGLE,24,11,11,11,BESTGNSSPOSA
0703002-0918-15-42-gnss_raw.txt,53.700,2436,459506.900,GPS标准时间,FINESTEERING,SOL_COMPUTED,SINGLE,24,15,15,15,BESTGNSSPOSA
0703002-0918-15-42-gnss_raw.txt,53.800,2436,459507.000,GPS标准时间,FINESTEERING,SOL_COMPUTED,SINGLE,24,13,13,13,BESTGNSSPOSA
0703002-0918-15-42-gnss_raw.txt,53.900,2436,459507.100,GPS标准时间,FINESTEERING,SOL_COMPUTED,SINGLE,24,13,13,13,BESTGNSSPOSA
0703002-0918-15-42-gnss_raw.txt,54.000,2436,459507.200,GPS标准时间,FINESTEERING,SOL_COMPUTED,SINGLE,24,14,14,14,BESTGNSSPOSA
0703002-0918-15-42-gnss_raw.txt,54.100,2436,459507.300,GPS标准时间,FINESTEERING,SOL_COMPUTED,SINGLE,24,13,13,13,BESTGNSSPOSA
0703002-0918-15-42-gnss_raw.txt,54.200,2436,459507.400,GPS标准时间,FINESTEERING,SOL_COMPUTED,SINGLE,24,15,15,15,BESTGNSSPOSA
0703002-0918-15-42-gnss_raw.txt,54.300,2436,459507.500,GPS标准时间,FINESTEERING,SOL_COMPUTED,SINGLE,24,12,12,12,BESTGNSSPOSA
0703002-0918-15-42-gnss_raw.txt,54.400,2436,459507.600,GPS标准时间,FINESTEERING,SOL_COMPUTED,SINGLE,24,13,13,13,BESTGNSSPOSA
0703002-0918-15-42-gnss_raw.txt,54.500,2436,459507.700,GPS标准时间,FINESTEERING,SOL_COMPUTED,SINGLE,24,14,14,14,BESTGNSSPOSA
0703002-0918-15-42-gnss_raw.txt,54.600,2436,459507.800,GPS标准时间,FINESTEERING,SOL_COMPUTED,SINGLE,24,13,13,13,BESTGNSSPOSA
0703002-0918-15-42-gnss_raw.txt,54.700,2436,459507.900,GPS标准时间,FINESTEERING,SOL_COMPUTED,SINGLE,24,12,12,12,BESTGNSSPOSA
0703002-0918-15-42-gnss_raw.txt,54.800,2436,459508.000,GPS标准时间,FINESTEERING,SOL_COMPUTED,SINGLE,24,14,14,14,BESTGNSSPOSA
0703002-0918-15-42-gnss_raw.txt,54.900,2436,459508.100,GPS标准时间,FINESTEERING,SOL_COMPUTED,SINGLE,23,15,15,15,BESTGNSSPOSA
0703002-0918-15-42-gnss_raw.txt,55.000,2436,459508.200,GPS标准时间,FINESTEERING,SOL_COMPUTED,SINGLE,23,12,12,12,BESTGNSSPOSA
0703002-0918-15-42-gnss_raw.txt,55.100,2436,459508.300,GPS标准时间,FINESTEERING,SOL_COMPUTED,SINGLE,23,14,14,14,BESTGNSSPOSA
0703002-0918-15-42-gnss_raw.txt,55.200,2436,459508.400,GPS标准时间,FINESTEERING,SOL_COMPUTED,SINGLE,23,15,15,15,BESTGNSSPOSA
0703002-0918-15-42-gnss_raw.txt,55.300,2436,459508.500,GPS标准时间,FINESTEERING,SOL_COMPUTED,SINGLE,23,14,14,14,BESTGNSSPOSA
0703002-0918-15-42-gnss_raw.txt,55.400,2436,459508.600,GPS标准时间,FINESTEERING,SOL_COMPUTED,SINGLE,23,14,14,14,BESTGNSSPOSA
0703002-0918-15-42-gnss_raw.txt,55.500,2436,459508.700,GPS标准时间,FINESTEERING,SOL_COMPUTED,SINGLE,24,15,15,15,BESTGNSSPOSA
0703002-0918-15-42-gnss_raw.txt,55.600,2436,459508.800,GPS标准时间,FINESTEERING,SOL_COMPUTED,SINGLE,24,15,15,15,BESTGNSSPOSA
0703002-0918-15-42-gnss_raw.txt,55.700,2436,459508.900,GPS标准时间,FINESTEERING,SOL_COMPUTED,SINGLE,24,14,14,14,BESTGNSSPOSA
0703002-0918-15-42-gnss_raw.txt,55.800,2436,459509.000,GPS标准时间,FINESTEERING,SOL_COMPUTED,SINGLE,24,14,14,14,BESTGNSSPOSA
0703002-0918-15-42-gnss_raw.txt,55.900,2436,459509.100,GPS标准时间,FINESTEERING,SOL_COMPUTED,SINGLE,24,14,14,14,BESTGNSSPOSA
0703002-0918-15-42-gnss_raw.txt,56.000,2436,459509.200,GPS标准时间,FINESTEERING,SOL_COMPUTED,SINGLE,23,14,14,14,BESTGNSSPOSA
0703002-0918-15-42-gnss_raw.txt,56.100,2436,459509.300,GPS标准时间,FINESTEERING,SOL_COMPUTED,SINGLE,23,13,13,13,BESTGNSSPOSA
0703002-0918-15-42-gnss_raw.txt,56.200,2436,459509.400,GPS标准时间,FINESTEERING,SOL_COMPUTED,SINGLE,23,14,14,14,BESTGNSSPOSA
0703002-0918-15-42-gnss_raw.txt,56.300,2436,459509.500,GPS标准时间,FINESTEERING,SOL_COMPUTED,SINGLE,23,14,14,14,BESTGNSSPOSA
0703002-0918-15-42-gnss_raw.txt,56.400,2436,459509.600,GPS标准时间,FINESTEERING,SOL_COMPUTED,SINGLE,23,14,14,14,BESTGNSSPOSA
0703002-0918-15-42-gnss_raw.txt,56.500,2436,459509.700,GPS标准时间,FINESTEERING,SOL_COMPUTED,SINGLE,23,14,14,14,BESTGNSSPOSA
0703002-0918-15-42-gnss_raw.txt,56.600,2436,459509.800,GPS标准时间,FINESTEERING,SOL_COMPUTED,SINGLE,23,15,15,15,BESTGNSSPOSA
0703002-0918-15-42-gnss_raw.txt,56.700,2436,459509.900,GPS标准时间,FINESTEERING,SOL_COMPUTED,SINGLE,23,15,15,15,BESTGNSSPOSA
0703002-0918-15-42-gnss_raw.txt,56.800,2436,459510.000,GPS标准时间,FINESTEERING,SOL_COMPUTED,SINGLE,23,15,15,15,BESTGNSSPOSA
0703002-0918-15-42-gnss_raw.txt,56.900,2436,459510.100,GPS标准时间,FINESTEERING,SOL_COMPUTED,SINGLE,24,15,15,15,BESTGNSSPOSA
0703002-0918-15-42-gnss_raw.txt,57.000,2436,459510.200,GPS标准时间,FINESTEERING,SOL_COMPUTED,SINGLE,24,14,14,14,BESTGNSSPOSA
0703002-0918-15-42-gnss_raw.txt,57.100,2436,459510.300,GPS标准时间,FINESTEERING,SOL_COMPUTED,SINGLE,24,13,13,13,BESTGNSSPOSA
0703002-0918-15-42-gnss_raw.txt,57.200,2436,459510.400,GPS标准时间,FINESTEERING,SOL_COMPUTED,SINGLE,24,12,12,12,BESTGNSSPOSA
0703002-0918-15-42-gnss_raw.txt,57.300,2436,459510.500,GPS标准时间,FINESTEERING,SOL_COMPUTED,SINGLE,24,14,14,14,BESTGNSSPOSA
0703002-0918-15-42-gnss_raw.txt,57.400,2436,459510.600,GPS标准时间,FINESTEERING,SOL_COMPUTED,SINGLE,24,11,11,11,BESTGNSSPOSA
0703002-0918-15-42-gnss_raw.txt,57.500,2436,459510.700,GPS标准时间,FINESTEERING,SOL_COMPUTED,SINGLE,24,13,13,13,BESTGNSSPOSA
0703002-0918-15-42-gnss_raw.txt,57.600,2436,459510.800,GPS标准时间,FINESTEERING,SOL_COMPUTED,SINGLE,24,14,14,14,BESTGNSSPOSA
0703002-0918-15-42-gnss_raw.txt,57.700,2436,459510.900,GPS标准时间,FINESTEERING,SOL_COMPUTED,SINGLE,24,12,12,12,BESTGNSSPOSA
0703002-0918-15-42-gnss_raw.txt,57.800,2436,459511.000,GPS标准时间,FINESTEERING,SOL_COMPUTED,SINGLE,24,14,14,14,BESTGNSSPOSA
0703002-0918-15-42-gnss_raw.txt,57.900,2436,459511.100,GPS标准时间,FINESTEERING,SOL_COMPUTED,SINGLE,24,14,14,14,BESTGNSSPOSA
0703002-0918-15-42-gnss_raw.txt,58.000,2436,459511.200,GPS标准时间,FINESTEERING,SOL_COMPUTED,SINGLE,24,15,15,15,BESTGNSSPOSA
0703002-0918-15-42-gnss_raw.txt,58.100,2436,459511.300,GPS标准时间,FINESTEERING,SOL_COMPUTED,SINGLE,24,14,14,14,BESTGNSSPOSA
0703002-0918-15-42-gnss_raw.txt,58.200,2436,459511.400,GPS标准时间,FINESTEERING,SOL_COMPUTED,SINGLE,24,14,14,14,BESTGNSSPOSA
0703002-0918-15-42-gnss_raw.txt,58.300,2436,459511.500,GPS标准时间,FINESTEERING,SOL_COMPUTED,SINGLE,24,14,14,14,BESTGNSSPOSA
0703002-0918-15-42-gnss_raw.txt,58.400,2436,459511.600,GPS标准时间,FINESTEERING,SOL_COMPUTED,SINGLE,24,13,13,13,BESTGNSSPOSA
0703002-0918-15-42-gnss_raw.txt,58.500,2436,459511.700,GPS标准时间,FINESTEERING,SOL_COMPUTED,SINGLE,24,14,14,14,BESTGNSSPOSA
0703002-0918-15-42-gnss_raw.txt,58.600,2436,459511.800,GPS标准时间,FINESTEERING,SOL_COMPUTED,SINGLE,23,14,14,14,BESTGNSSPOSA
0703002-0918-15-42-gnss_raw.txt,58.700,2436,459511.900,GPS标准时间,FINESTEERING,SOL_COMPUTED,SINGLE,23,15,15,15,BESTGNSSPOSA
0703002-0918-15-42-gnss_raw.txt,58.800,2436,459512.000,GPS标准时间,FINESTEERING,SOL_COMPUTED,SINGLE,23,14,14,14,BESTGNSSPOSA
0703002-0918-15-42-gnss_raw.txt,58.900,2436,459512.100,GPS标准时间,FINESTEERING,SOL_COMPUTED,SINGLE,23,13,13,13,BESTGNSSPOSA
0703002-0918-15-42-gnss_raw.txt,59.000,2436,459512.200,GPS标准时间,FINESTEERING,SOL_COMPUTED,SINGLE,23,15,15,15,BESTGNSSPOSA
0703002-0918-15-42-gnss_raw.txt,59.100,2436,459512.300,GPS标准时间,FINESTEERING,SOL_COMPUTED,SINGLE,23,15,15,15,BESTGNSSPOSA
0703002-0918-15-42-gnss_raw.txt,59.200,2436,459512.400,GPS标准时间,FINESTEERING,SOL_COMPUTED,SINGLE,23,14,14,14,BESTGNSSPOSA
0703002-0918-15-42-gnss_raw.txt,59.300,2436,459512.500,GPS标准时间,FINESTEERING,SOL_COMPUTED,SINGLE,23,12,12,12,BESTGNSSPOSA
0703002-0918-15-42-gnss_raw.txt,59.400,2436,459512.600,GPS标准时间,FINESTEERING,SOL_COMPUTED,SINGLE,23,13,13,13,BESTGNSSPOSA
0703002-0918-15-42-gnss_raw.txt,59.500,2436,459512.700,GPS标准时间,FINESTEERING,SOL_COMPUTED,SINGLE,23,12,12,12,BESTGNSSPOSA
0703002-0918-15-42-gnss_raw.txt,59.600,2436,459512.800,GPS标准时间,FINESTEERING,SOL_COMPUTED,SINGLE,23,13,13,13,BESTGNSSPOSA
0703002-0918-15-42-gnss_raw.txt,59.700,2436,459512.900,GPS标准时间,FINESTEERING,SOL_COMPUTED,SINGLE,23,13,13,13,BESTGNSSPOSA
0703002-0918-15-42-gnss_raw.txt,59.800,2436,459513.000,GPS标准时间,FINESTEERING,SOL_COMPUTED,SINGLE,23,13,13,13,BESTGNSSPOSA
0703002-0918-15-42-gnss_raw.txt,59.900,2436,459513.100,GPS标准时间,FINESTEERING,SOL_COMPUTED,SINGLE,24,14,14,14,BESTGNSSPOSA
0703002-0918-15-42-gnss_raw.txt,60.000,2436,459513.200,GPS标准时间,FINESTEERING,SOL_COMPUTED,SINGLE,23,14,14,14,BESTGNSSPOSA
0703002-0918-15-42-gnss_raw.txt,60.100,2436,459513.300,GPS标准时间,FINESTEERING,SOL_COMPUTED,SINGLE,23,14,14,14,BESTGNSSPOSA
0703002-0918-15-42-gnss_raw.txt,60.200,2436,459513.400,GPS标准时间,FINESTEERING,SOL_COMPUTED,SINGLE,23,13,13,13,BESTGNSSPOSA
0703002-0918-15-42-gnss_raw.txt,60.300,2436,459513.500,GPS标准时间,FINESTEERING,SOL_COMPUTED,SINGLE,23,14,14,14,BESTGNSSPOSA
0703002-0918-15-42-gnss_raw.txt,60.400,2436,459513.600,GPS标准时间,FINESTEERING,SOL_COMPUTED,SINGLE,23,14,14,14,BESTGNSSPOSA
0703002-0918-15-42-gnss_raw.txt,60.500,2436,459513.700,GPS标准时间,FINESTEERING,SOL_COMPUTED,SINGLE,23,12,12,12,BESTGNSSPOSA
0703002-0918-15-42-gnss_raw.txt,60.600,2436,459513.800,GPS标准时间,FINESTEERING,SOL_COMPUTED,SINGLE,23,12,12,12,BESTGNSSPOSA
0703002-0918-15-42-gnss_raw.txt,60.700,2436,459513.900,GPS标准时间,FINESTEERING,SOL_COMPUTED,SINGLE,23,11,11,11,BESTGNSSPOSA
0703002-0918-15-42-gnss_raw.txt,60.800,2436,459514.000,GPS标准时间,FINESTEERING,SOL_COMPUTED,SINGLE,23,11,11,11,BESTGNSSPOSA
0703002-0918-15-42-gnss_raw.txt,60.900,2436,459514.100,GPS标准时间,FINESTEERING,SOL_COMPUTED,SINGLE,23,13,13,13,BESTGNSSPOSA
0703002-0918-15-42-gnss_raw.txt,61.000,2436,459514.200,GPS标准时间,FINESTEERING,SOL_COMPUTED,SINGLE,23,13,13,13,BESTGNSSPOSA
0703002-0918-15-42-gnss_raw.txt,61.100,2436,459514.300,GPS标准时间,FINESTEERING,SOL_COMPUTED,SINGLE,23,13,13,13,BESTGNSSPOSA
0703002-0918-15-42-gnss_raw.txt,61.200,2436,459514.400,GPS标准时间,FINESTEERING,SOL_COMPUTED,SINGLE,23,13,13,13,BESTGNSSPOSA
0703002-0918-15-42-gnss_raw.txt,61.300,2436,459514.500,GPS标准时间,FINESTEERING,SOL_COMPUTED,SINGLE,23,13,13,13,BESTGNSSPOSA
0703002-0918-15-42-gnss_raw.txt,61.400,2436,459514.600,GPS标准时间,FINESTEERING,SOL_COMPUTED,SINGLE,23,12,12,12,BESTGNSSPOSA
0703002-0918-15-42-gnss_raw.txt,61.500,2436,459514.700,GPS标准时间,FINESTEERING,SOL_COMPUTED,SINGLE,23,11,11,11,BESTGNSSPOSA
0703002-0918-15-42-gnss_raw.txt,61.600,2436,459514.800,GPS标准时间,FINESTEERING,SOL_COMPUTED,SINGLE,23,15,15,15,BESTGNSSPOSA
0703002-0918-15-42-gnss_raw.txt,61.700,2436,459514.900,GPS标准时间,FINESTEERING,SOL_COMPUTED,SINGLE,23,12,12,12,BESTGNSSPOSA
0703002-0918-15-42-gnss_raw.txt,61.800,2436,459515.000,GPS标准时间,FINESTEERING,SOL_COMPUTED,SINGLE,23,13,13,13,BESTGNSSPOSA
0703002-0918-15-42-gnss_raw.txt,61.900,2436,459515.100,GPS标准时间,FINESTEERING,SOL_COMPUTED,SINGLE,23,14,14,14,BESTGNSSPOSA
0703002-0918-15-42-gnss_raw.txt,62.000,2436,459515.200,GPS标准时间,FINESTEERING,SOL_COMPUTED,SINGLE,23,14,14,14,BESTGNSSPOSA
0703002-0918-15-42-gnss_raw.txt,62.100,2436,459515.300,GPS标准时间,FINESTEERING,SOL_COMPUTED,SINGLE,23,14,14,14,BESTGNSSPOSA
0703002-0918-15-42-gnss_raw.txt,62.200,2436,459515.400,GPS标准时间,FINESTEERING,SOL_COMPUTED,SINGLE,23,13,13,13,BESTGNSSPOSA
0703002-0918-15-42-gnss_raw.txt,62.300,2436,459515.500,GPS标准时间,FINESTEERING,SOL_COMPUTED,SINGLE,23,12,12,12,BESTGNSSPOSA
0703002-0918-15-42-gnss_raw.txt,62.400,2436,459515.600,GPS标准时间,FINESTEERING,SOL_COMPUTED,SINGLE,23,12,12,12,BESTGNSSPOSA
0703002-0918-15-42-gnss_raw.txt,62.500,2436,459515.700,GPS标准时间,FINESTEERING,SOL_COMPUTED,SINGLE,23,13,13,13,BESTGNSSPOSA
0703002-0918-15-42-gnss_raw.txt,62.600,2436,459515.800,GPS标准时间,FINESTEERING,SOL_COMPUTED,SINGLE,23,9,9,9,BESTGNSSPOSA
0703002-0918-15-42-gnss_raw.txt,62.700,2436,459515.900,GPS标准时间,FINESTEERING,SOL_COMPUTED,SINGLE,23,14,14,14,BESTGNSSPOSA
0703002-0918-15-42-gnss_raw.txt,62.800,2436,459516.000,GPS标准时间,FINESTEERING,SOL_COMPUTED,SINGLE,23,13,13,13,BESTGNSSPOSA
0703002-0918-15-42-gnss_raw.txt,62.900,2436,459516.100,GPS标准时间,FINESTEERING,SOL_COMPUTED,SINGLE,23,14,14,14,BESTGNSSPOSA
0703002-0918-15-42-gnss_raw.txt,63.000,2436,459516.200,GPS标准时间,FINESTEERING,SOL_COMPUTED,SINGLE,23,12,12,12,BESTGNSSPOSA
0703002-0918-15-42-gnss_raw.txt,63.100,2436,459516.300,GPS标准时间,FINESTEERING,SOL_COMPUTED,SINGLE,23,15,15,15,BESTGNSSPOSA
0703002-0918-15-42-gnss_raw.txt,63.200,2436,459516.400,GPS标准时间,FINESTEERING,SOL_COMPUTED,SINGLE,23,15,15,15,BESTGNSSPOSA
0703002-0918-15-42-gnss_raw.txt,63.300,2436,459516.500,GPS标准时间,FINESTEERING,SOL_COMPUTED,SINGLE,23,13,13,13,BESTGNSSPOSA
0703002-0918-15-42-gnss_raw.txt,63.400,2436,459516.600,GPS标准时间,FINESTEERING,SOL_COMPUTED,SINGLE,23,13,13,13,BESTGNSSPOSA
0703002-0918-15-42-gnss_raw.txt,63.500,2436,459516.700,GPS标准时间,FINESTEERING,SOL_COMPUTED,SINGLE,23,13,13,13,BESTGNSSPOSA
0703002-0918-15-42-gnss_raw.txt,63.600,2436,459516.800,GPS标准时间,FINESTEERING,SOL_COMPUTED,SINGLE,23,13,13,13,BESTGNSSPOSA
0703002-0918-15-42-gnss_raw.txt,63.700,2436,459516.900,GPS标准时间,FINESTEERING,SOL_COMPUTED,SINGLE,23,14,14,14,BESTGNSSPOSA
0703002-0918-15-42-gnss_raw.txt,63.800,2436,459517.000,GPS标准时间,FINESTEERING,SOL_COMPUTED,SINGLE,23,12,12,12,BESTGNSSPOSA
0703002-0918-15-42-gnss_raw.txt,63.900,2436,459517.100,GPS标准时间,FINESTEERING,SOL_COMPUTED,SINGLE,23,13,13,13,BESTGNSSPOSA
0703002-0918-15-42-gnss_raw.txt,64.000,2436,459517.200,GPS标准时间,FINESTEERING,SOL_COMPUTED,SINGLE,23,12,12,12,BESTGNSSPOSA
0703002-0918-15-42-gnss_raw.txt,64.100,2436,459517.300,GPS标准时间,FINESTEERING,SOL_COMPUTED,SINGLE,24,11,11,11,BESTGNSSPOSA
0703002-0918-15-42-gnss_raw.txt,64.200,2436,459517.400,GPS标准时间,FINESTEERING,SOL_COMPUTED,SINGLE,24,11,11,11,BESTGNSSPOSA
0703002-0918-15-42-gnss_raw.txt,64.300,2436,459517.500,GPS标准时间,FINESTEERING,SOL_COMPUTED,SINGLE,24,11,11,11,BESTGNSSPOSA
0703002-0918-15-42-gnss_raw.txt,64.400,2436,459517.600,GPS标准时间,FINESTEERING,SOL_COMPUTED,SINGLE,24,12,12,12,BESTGNSSPOSA
0703002-0918-15-42-gnss_raw.txt,64.500,2436,459517.700,GPS标准时间,FINESTEERING,SOL_COMPUTED,SINGLE,24,12,12,12,BESTGNSSPOSA
0703002-0918-15-42-gnss_raw.txt,64.600,2436,459517.800,GPS标准时间,FINESTEERING,SOL_COMPUTED,SINGLE,24,10,10,10,BESTGNSSPOSA
0703002-0918-15-42-gnss_raw.txt,64.700,2436,459517.900,GPS标准时间,FINESTEERING,SOL_COMPUTED,SINGLE,24,10,10,10,BESTGNSSPOSA
0703002-0918-15-42-gnss_raw.txt,64.800,2436,459518.000,GPS标准时间,FINESTEERING,SOL_COMPUTED,SINGLE,23,10,10,10,BESTGNSSPOSA
0703002-0918-15-42-gnss_raw.txt,64.900,2436,459518.100,GPS标准时间,FINESTEERING,SOL_COMPUTED,SINGLE,23,10,10,10,BESTGNSSPOSA
0703002-0918-15-42-gnss_raw.txt,65.000,2436,459518.200,GPS标准时间,FINESTEERING,SOL_COMPUTED,SINGLE,23,11,11,11,BESTGNSSPOSA
0703002-0918-15-42-gnss_raw.txt,65.100,2436,459518.300,GPS标准时间,FINESTEERING,SOL_COMPUTED,SINGLE,23,11,11,11,BESTGNSSPOSA
0703002-0918-15-42-gnss_raw.txt,65.200,2436,459518.400,GPS标准时间,FINESTEERING,SOL_COMPUTED,SINGLE,23,11,11,11,BESTGNSSPOSA
0703002-0918-15-42-gnss_raw.txt,65.300,2436,459518.500,GPS标准时间,FINESTEERING,SOL_COMPUTED,SINGLE,23,11,11,11,BESTGNSSPOSA
0703002-0918-15-42-gnss_raw.txt,65.400,2436,459518.600,GPS标准时间,FINESTEERING,SOL_COMPUTED,SINGLE,23,12,12,12,BESTGNSSPOSA
0703002-0918-15-42-gnss_raw.txt,65.500,2436,459518.700,GPS标准时间,FINESTEERING,SOL_COMPUTED,SINGLE,23,12,12,12,BESTGNSSPOSA
0703002-0918-15-42-gnss_raw.txt,65.600,2436,459518.800,GPS标准时间,FINESTEERING,SOL_COMPUTED,SINGLE,23,12,12,12,BESTGNSSPOSA
0703002-0918-15-42-gnss_raw.txt,65.700,2436,459518.900,GPS标准时间,FINESTEERING,SOL_COMPUTED,SINGLE,23,11,11,11,BESTGNSSPOSA
0703002-0918-15-42-gnss_raw.txt,65.800,2436,459519.000,GPS标准时间,FINESTEERING,SOL_COMPUTED,SINGLE,23,12,12,12,BESTGNSSPOSA
0703002-0918-15-42-gnss_raw.txt,65.900,2436,459519.100,GPS标准时间,FINESTEERING,SOL_COMPUTED,SINGLE,23,13,13,13,BESTGNSSPOSA
0703002-0918-15-42-gnss_raw.txt,66.000,2436,459519.200,GPS标准时间,FINESTEERING,SOL_COMPUTED,SINGLE,23,13,13,13,BESTGNSSPOSA
0703002-0918-15-42-gnss_raw.txt,66.100,2436,459519.300,GPS标准时间,FINESTEERING,SOL_COMPUTED,SINGLE,23,14,14,14,BESTGNSSPOSA
0703002-0918-15-42-gnss_raw.txt,66.200,2436,459519.400,GPS标准时间,FINESTEERING,SOL_COMPUTED,SINGLE,23,14,14,14,BESTGNSSPOSA
0703002-0918-15-42-gnss_raw.txt,66.300,2436,459519.500,GPS标准时间,FINESTEERING,SOL_COMPUTED,SINGLE,23,13,13,13,BESTGNSSPOSA
0703002-0918-15-42-gnss_raw.txt,66.400,2436,459519.600,GPS标准时间,FINESTEERING,SOL_COMPUTED,SINGLE,23,14,14,14,BESTGNSSPOSA
0703002-0918-15-42-gnss_raw.txt,66.500,2436,459519.700,GPS标准时间,FINESTEERING,SOL_COMPUTED,SINGLE,23,13,13,13,BESTGNSSPOSA
0703002-0918-15-42-gnss_raw.txt,66.600,2436,459519.800,GPS标准时间,FINESTEERING,SOL_COMPUTED,SINGLE,23,13,13,13,BESTGNSSPOSA
0703002-0918-15-42-gnss_raw.txt,66.700,2436,459519.900,GPS标准时间,FINESTEERING,SOL_COMPUTED,SINGLE,23,13,13,13,BESTGNSSPOSA
0703002-0918-15-42-gnss_raw.txt,66.800,2436,459520.000,GPS标准时间,FINESTEERING,SOL_COMPUTED,SINGLE,23,13,13,13,BESTGNSSPOSA
0703002-0918-15-42-gnss_raw.txt,66.900,2436,459520.100,GPS标准时间,FINESTEERING,SOL_COMPUTED,SINGLE,23,13,13,13,BESTGNSSPOSA
0703002-0918-15-42-gnss_raw.txt,67.000,2436,459520.200,GPS标准时间,FINESTEERING,SOL_COMPUTED,SINGLE,23,12,12,12,BESTGNSSPOSA
0703002-0918-15-42-gnss_raw.txt,67.100,2436,459520.300,GPS标准时间,FINESTEERING,SOL_COMPUTED,SINGLE,23,14,14,14,BESTGNSSPOSA
0703002-0918-15-42-gnss_raw.txt,67.200,2436,459520.400,GPS标准时间,FINESTEERING,SOL_COMPUTED,SINGLE,23,13,13,13,BESTGNSSPOSA
0703002-0918-15-42-gnss_raw.txt,67.300,2436,459520.500,GPS标准时间,FINESTEERING,SOL_COMPUTED,SINGLE,23,14,14,14,BESTGNSSPOSA
0703002-0918-15-42-gnss_raw.txt,67.400,2436,459520.600,GPS标准时间,FINESTEERING,SOL_COMPUTED,SINGLE,23,14,14,14,BESTGNSSPOSA
0703002-0918-15-42-gnss_raw.txt,67.500,2436,459520.700,GPS标准时间,FINESTEERING,SOL_COMPUTED,SINGLE,23,12,12,12,BESTGNSSPOSA
0703002-0918-15-42-gnss_raw.txt,67.600,2436,459520.800,GPS标准时间,FINESTEERING,SOL_COMPUTED,SINGLE,23,13,13,13,BESTGNSSPOSA
0703002-0918-15-42-gnss_raw.txt,67.700,2436,459520.900,GPS标准时间,FINESTEERING,SOL_COMPUTED,SINGLE,23,12,12,12,BESTGNSSPOSA
0703002-0918-15-42-gnss_raw.txt,67.800,2436,459521.000,GPS标准时间,FINESTEERING,SOL_COMPUTED,SINGLE,23,13,13,13,BESTGNSSPOSA
0703002-0918-15-42-gnss_raw.txt,67.900,2436,459521.100,GPS标准时间,FINESTEERING,SOL_COMPUTED,SINGLE,23,12,12,12,BESTGNSSPOSA
0703002-0918-15-42-gnss_raw.txt,68.000,2436,459521.200,GPS标准时间,FINESTEERING,SOL_COMPUTED,SINGLE,23,12,12,12,BESTGNSSPOSA
0703002-0918-15-42-gnss_raw.txt,68.100,2436,459521.300,GPS标准时间,FINESTEERING,SOL_COMPUTED,SINGLE,23,15,15,15,BESTGNSSPOSA
0703002-0918-15-42-gnss_raw.txt,68.200,2436,459521.400,GPS标准时间,FINESTEERING,SOL_COMPUTED,SINGLE,24,15,15,15,BESTGNSSPOSA
0703002-0918-15-42-gnss_raw.txt,68.300,2436,459521.500,GPS标准时间,FINESTEERING,SOL_COMPUTED,SINGLE,24,14,14,14,BESTGNSSPOSA
0703002-0918-15-42-gnss_raw.txt,68.400,2436,459521.600,GPS标准时间,FINESTEERING,SOL_COMPUTED,SINGLE,24,13,13,13,BESTGNSSPOSA
0703002-0918-15-42-gnss_raw.txt,68.500,2436,459521.700,GPS标准时间,FINESTEERING,SOL_COMPUTED,SINGLE,24,13,13,13,BESTGNSSPOSA
0703002-0918-15-42-gnss_raw.txt,68.600,2436,459521.800,GPS标准时间,FINESTEERING,SOL_COMPUTED,SINGLE,24,13,13,13,BESTGNSSPOSA
0703002-0918-15-42-gnss_raw.txt,68.700,2436,459521.900,GPS标准时间,FINESTEERING,SOL_COMPUTED,SINGLE,23,13,13,13,BESTGNSSPOSA
0703002-0918-15-42-gnss_raw.txt,68.800,2436,459522.000,GPS标准时间,FINESTEERING,SOL_COMPUTED,SINGLE,23,13,13,13,BESTGNSSPOSA
0703002-0918-15-42-gnss_raw.txt,68.900,2436,459522.100,GPS标准时间,FINESTEERING,SOL_COMPUTED,SINGLE,23,14,14,14,BESTGNSSPOSA
0703002-0918-15-42-gnss_raw.txt,69.000,2436,459522.200,GPS标准时间,FINESTEERING,SOL_COMPUTED,SINGLE,23,13,13,13,BESTGNSSPOSA
0703002-0918-15-42-gnss_raw.txt,69.100,2436,459522.300,GPS标准时间,FINESTEERING,SOL_COMPUTED,SINGLE,23,12,12,12,BESTGNSSPOSA
0703002-0918-15-42-gnss_raw.txt,69.200,2436,459522.400,GPS标准时间,FINESTEERING,SOL_COMPUTED,SINGLE,23,12,12,12,BESTGNSSPOSA
0703002-0918-15-42-gnss_raw.txt,69.300,2436,459522.500,GPS标准时间,FINESTEERING,SOL_COMPUTED,SINGLE,23,13,13,13,BESTGNSSPOSA
0703002-0918-15-42-gnss_raw.txt,69.400,2436,459522.600,GPS标准时间,FINESTEERING,SOL_COMPUTED,SINGLE,23,15,15,15,BESTGNSSPOSA
0703002-0918-15-42-gnss_raw.txt,69.500,2436,459522.700,GPS标准时间,FINESTEERING,SOL_COMPUTED,SINGLE,23,13,13,13,BESTGNSSPOSA
0703002-0918-15-42-gnss_raw.txt,69.600,2436,459522.800,GPS标准时间,FINESTEERING,SOL_COMPUTED,SINGLE,23,13,13,13,BESTGNSSPOSA
0703002-0918-15-42-gnss_raw.txt,69.700,2436,459522.900,GPS标准时间,FINESTEERING,SOL_COMPUTED,SINGLE,23,13,13,13,BESTGNSSPOSA
0703002-0918-15-42-gnss_raw.txt,69.800,2436,459523.000,GPS标准时间,FINESTEERING,SOL_COMPUTED,SINGLE,23,12,12,12,BESTGNSSPOSA
0703002-0918-15-42-gnss_raw.txt,69.900,2436,459523.100,GPS标准时间,FINESTEERING,SOL_COMPUTED,SINGLE,23,14,14,14,BESTGNSSPOSA
0703002-0918-15-42-gnss_raw.txt,70.000,2436,459523.200,GPS标准时间,FINESTEERING,SOL_COMPUTED,SINGLE,23,12,12,12,BESTGNSSPOSA
0703002-0918-15-42-gnss_raw.txt,70.100,2436,459523.300,GPS标准时间,FINESTEERING,SOL_COMPUTED,SINGLE,23,13,13,13,BESTGNSSPOSA
0703002-0918-15-42-gnss_raw.txt,70.200,2436,459523.400,GPS标准时间,FINESTEERING,SOL_COMPUTED,SINGLE,23,13,13,13,BESTGNSSPOSA
0703002-0918-15-42-gnss_raw.txt,70.300,2436,459523.500,GPS标准时间,FINESTEERING,SOL_COMPUTED,SINGLE,24,13,13,13,BESTGNSSPOSA
0703002-0918-15-42-gnss_raw.txt,70.400,2436,459523.600,GPS标准时间,FINESTEERING,SOL_COMPUTED,SINGLE,24,15,15,15,BESTGNSSPOSA
0703002-0918-15-42-gnss_raw.txt,70.500,2436,459523.700,GPS标准时间,FINESTEERING,SOL_COMPUTED,SINGLE,24,13,13,13,BESTGNSSPOSA
0703002-0918-15-42-gnss_raw.txt,70.600,2436,459523.800,GPS标准时间,FINESTEERING,SOL_COMPUTED,SINGLE,24,13,13,13,BESTGNSSPOSA
0703002-0918-15-42-gnss_raw.txt,70.700,2436,459523.900,GPS标准时间,FINESTEERING,SOL_COMPUTED,SINGLE,24,13,13,13,BESTGNSSPOSA
0703002-0918-15-42-gnss_raw.txt,70.800,2436,459524.000,GPS标准时间,FINESTEERING,SOL_COMPUTED,SINGLE,24,12,12,12,BESTGNSSPOSA
0703002-0918-15-42-gnss_raw.txt,70.900,2436,459524.100,GPS标准时间,FINESTEERING,SOL_COMPUTED,SINGLE,24,14,14,14,BESTGNSSPOSA
0703002-0918-15-42-gnss_raw.txt,71.000,2436,459524.200,GPS标准时间,FINESTEERING,SOL_COMPUTED,SINGLE,24,13,13,13,BESTGNSSPOSA
0703002-0918-15-42-gnss_raw.txt,71.100,2436,459524.300,GPS标准时间,FINESTEERING,SOL_COMPUTED,SINGLE,24,13,13,13,BESTGNSSPOSA
0703002-0918-15-42-gnss_raw.txt,71.200,2436,459524.400,GPS标准时间,FINESTEERING,SOL_COMPUTED,SINGLE,23,12,12,12,BESTGNSSPOSA
0703002-0918-15-42-gnss_raw.txt,71.300,2436,459524.500,GPS标准时间,FINESTEERING,SOL_COMPUTED,SINGLE,23,12,12,12,BESTGNSSPOSA
0703002-0918-15-42-gnss_raw.txt,71.400,2436,459524.600,GPS标准时间,FINESTEERING,SOL_COMPUTED,SINGLE,23,15,15,15,BESTGNSSPOSA
0703002-0918-15-42-gnss_raw.txt,71.500,2436,459524.700,GPS标准时间,FINESTEERING,SOL_COMPUTED,SINGLE,23,13,13,13,BESTGNSSPOSA
0703002-0918-15-42-gnss_raw.txt,71.600,2436,459524.800,GPS标准时间,FINESTEERING,SOL_COMPUTED,SINGLE,23,14,14,14,BESTGNSSPOSA
0703002-0918-15-42-gnss_raw.txt,71.700,2436,459524.900,GPS标准时间,FINESTEERING,SOL_COMPUTED,SINGLE,23,14,14,14,BESTGNSSPOSA
0703002-0918-15-42-gnss_raw.txt,71.800,2436,459525.000,GPS标准时间,FINESTEERING,SOL_COMPUTED,SINGLE,23,14,14,14,BESTGNSSPOSA
0703002-0918-15-42-gnss_raw.txt,71.900,2436,459525.100,GPS标准时间,FINESTEERING,SOL_COMPUTED,SINGLE,23,14,14,14,BESTGNSSPOSA
0703002-0918-15-42-gnss_raw.txt,72.000,2436,459525.200,GPS标准时间,FINESTEERING,SOL_COMPUTED,SINGLE,23,12,12,12,BESTGNSSPOSA
0703002-0918-15-42-gnss_raw.txt,72.100,2436,459525.300,GPS标准时间,FINESTEERING,SOL_COMPUTED,SINGLE,23,13,13,13,BESTGNSSPOSA
0703002-0918-15-42-gnss_raw.txt,72.200,2436,459525.400,GPS标准时间,FINESTEERING,SOL_COMPUTED,SINGLE,23,15,15,15,BESTGNSSPOSA
0703002-0918-15-42-gnss_raw.txt,72.300,2436,459525.500,GPS标准时间,FINESTEERING,SOL_COMPUTED,SINGLE,23,13,13,13,BESTGNSSPOSA
0703002-0918-15-42-gnss_raw.txt,72.400,2436,459525.600,GPS标准时间,FINESTEERING,SOL_COMPUTED,SINGLE,23,12,12,12,BESTGNSSPOSA
0703002-0918-15-42-gnss_raw.txt,72.500,2436,459525.700,GPS标准时间,FINESTEERING,SOL_COMPUTED,SINGLE,23,14,14,14,BESTGNSSPOSA
0703002-0918-15-42-gnss_raw.txt,72.600,2436,459525.800,GPS标准时间,FINESTEERING,SOL_COMPUTED,SINGLE,23,14,14,14,BESTGNSSPOSA
0703002-0918-15-42-gnss_raw.txt,72.700,2436,459525.900,GPS标准时间,FINESTEERING,SOL_COMPUTED,SINGLE,23,14,14,14,BESTGNSSPOSA
0703002-0918-15-42-gnss_raw.txt,72.800,2436,459526.000,GPS标准时间,FINESTEERING,SOL_COMPUTED,SINGLE,23,14,14,14,BESTGNSSPOSA
0703002-0918-15-42-gnss_raw.txt,72.900,2436,459526.100,GPS标准时间,FINESTEERING,SOL_COMPUTED,SINGLE,23,14,14,14,BESTGNSSPOSA
0703002-0918-15-42-gnss_raw.txt,73.000,2436,459526.200,GPS标准时间,FINESTEERING,SOL_COMPUTED,SINGLE,23,14,14,14,BESTGNSSPOSA
0703002-0918-15-42-gnss_raw.txt,73.100,2436,459526.300,GPS标准时间,FINESTEERING,SOL_COMPUTED,SINGLE,23,13,13,13,BESTGNSSPOSA
0703002-0918-15-42-gnss_raw.txt,73.200,2436,459526.400,GPS标准时间,FINESTEERING,SOL_COMPUTED,SINGLE,23,16,16,16,BESTGNSSPOSA
0703002-0918-15-42-gnss_raw.txt,73.300,2436,459526.500,GPS标准时间,FINESTEERING,SOL_COMPUTED,SINGLE,23,15,15,15,BESTGNSSPOSA
0703002-0918-15-42-gnss_raw.txt,73.400,2436,459526.600,GPS标准时间,FINESTEERING,SOL_COMPUTED,SINGLE,23,15,15,15,BESTGNSSPOSA
0703002-0918-15-42-gnss_raw.txt,73.500,2436,459526.700,GPS标准时间,FINESTEERING,SOL_COMPUTED,SINGLE,23,13,13,13,BESTGNSSPOSA
0703002-0918-15-42-gnss_raw.txt,73.600,2436,459526.800,GPS标准时间,FINESTEERING,SOL_COMPUTED,SINGLE,23,15,15,15,BESTGNSSPOSA
0703002-0918-15-42-gnss_raw.txt,73.700,2436,459526.900,GPS标准时间,FINESTEERING,SOL_COMPUTED,SINGLE,23,15,15,15,BESTGNSSPOSA
0703002-0918-15-42-gnss_raw.txt,73.800,2436,459527.000,GPS标准时间,FINESTEERING,SOL_COMPUTED,SINGLE,23,14,14,14,BESTGNSSPOSA
0703002-0918-15-42-gnss_raw.txt,73.900,2436,459527.100,GPS标准时间,FINESTEERING,SOL_COMPUTED,SINGLE,23,14,14,14,BESTGNSSPOSA
0703002-0918-15-42-gnss_raw.txt,74.000,2436,459527.200,GPS标准时间,FINESTEERING,SOL_COMPUTED,SINGLE,23,14,14,14,BESTGNSSPOSA
0703002-0918-15-42-gnss_raw.txt,74.100,2436,459527.300,GPS标准时间,FINESTEERING,SOL_COMPUTED,SINGLE,23,14,14,14,BESTGNSSPOSA
0703002-0918-15-42-gnss_raw.txt,74.200,2436,459527.400,GPS标准时间,FINESTEERING,SOL_COMPUTED,SINGLE,23,16,16,16,BESTGNSSPOSA
0703002-0918-15-42-gnss_raw.txt,74.300,2436,459527.500,GPS标准时间,FINESTEERING,SOL_COMPUTED,SINGLE,23,15,15,15,BESTGNSSPOSA
0703002-0918-15-42-gnss_raw.txt,74.400,2436,459527.600,GPS标准时间,FINESTEERING,SOL_COMPUTED,SINGLE,23,13,13,13,BESTGNSSPOSA
0703002-0918-15-42-gnss_raw.txt,74.500,2436,459527.700,GPS标准时间,FINESTEERING,SOL_COMPUTED,SINGLE,23,13,13,13,BESTGNSSPOSA
0703002-0918-15-42-gnss_raw.txt,74.600,2436,459527.800,GPS标准时间,FINESTEERING,SOL_COMPUTED,SINGLE,23,14,14,14,BESTGNSSPOSA
0703002-0918-15-42-gnss_raw.txt,74.700,2436,459527.900,GPS标准时间,FINESTEERING,SOL_COMPUTED,SINGLE,23,13,13,13,BESTGNSSPOSA
0703002-0918-15-42-gnss_raw.txt,74.800,2436,459528.000,GPS标准时间,FINESTEERING,SOL_COMPUTED,SINGLE,23,14,14,14,BESTGNSSPOSA
0703002-0918-15-42-gnss_raw.txt,74.900,2436,459528.100,GPS标准时间,FINESTEERING,SOL_COMPUTED,SINGLE,23,13,13,13,BESTGNSSPOSA
0703002-0918-15-42-gnss_raw.txt,75.000,2436,459528.200,GPS标准时间,FINESTEERING,SOL_COMPUTED,SINGLE,23,12,12,12,BESTGNSSPOSA
0703002-0918-15-42-gnss_raw.txt,75.100,2436,459528.300,GPS标准时间,FINESTEERING,SOL_COMPUTED,SINGLE,23,14,14,14,BESTGNSSPOSA
0703002-0918-15-42-gnss_raw.txt,75.200,2436,459528.400,GPS标准时间,FINESTEERING,SOL_COMPUTED,SINGLE,23,13,13,13,BESTGNSSPOSA
0703002-0918-15-42-gnss_raw.txt,75.300,2436,459528.500,GPS标准时间,FINESTEERING,SOL_COMPUTED,SINGLE,24,14,14,14,BESTGNSSPOSA
0703002-0918-15-42-gnss_raw.txt,75.400,2436,459528.600,GPS标准时间,FINESTEERING,SOL_COMPUTED,SINGLE,24,15,15,15,BESTGNSSPOSA
0703002-0918-15-42-gnss_raw.txt,75.500,2436,459528.700,GPS标准时间,FINESTEERING,SOL_COMPUTED,SINGLE,24,13,13,13,BESTGNSSPOSA
0703002-0918-15-42-gnss_raw.txt,75.600,2436,459528.800,GPS标准时间,FINESTEERING,SOL_COMPUTED,SINGLE,24,13,13,13,BESTGNSSPOSA
0703002-0918-15-42-gnss_raw.txt,75.700,2436,459528.900,GPS标准时间,FINESTEERING,SOL_COMPUTED,SINGLE,24,15,15,15,BESTGNSSPOSA
0703002-0918-15-42-gnss_raw.txt,75.800,2436,459529.000,GPS标准时间,FINESTEERING,SOL_COMPUTED,SINGLE,24,13,13,13,BESTGNSSPOSA
0703002-0918-15-42-gnss_raw.txt,75.900,2436,459529.100,GPS标准时间,FINESTEERING,SOL_COMPUTED,SINGLE,24,14,14,14,BESTGNSSPOSA
0703002-0918-15-42-gnss_raw.txt,76.000,2436,459529.200,GPS标准时间,FINESTEERING,SOL_COMPUTED,SINGLE,24,12,12,12,BESTGNSSPOSA
0703002-0918-15-42-gnss_raw.txt,76.100,2436,459529.300,GPS标准时间,FINESTEERING,SOL_COMPUTED,SINGLE,24,14,14,14,BESTGNSSPOSA
0703002-0918-15-42-gnss_raw.txt,76.200,2436,459529.400,GPS标准时间,FINESTEERING,SOL_COMPUTED,SINGLE,24,11,11,11,BESTGNSSPOSA
0703002-0918-15-42-gnss_raw.txt,76.300,2436,459529.500,GPS标准时间,FINESTEERING,SOL_COMPUTED,SINGLE,24,12,12,12,BESTGNSSPOSA
0703002-0918-15-42-gnss_raw.txt,76.400,2436,459529.600,GPS标准时间,FINESTEERING,SOL_COMPUTED,SINGLE,24,14,14,14,BESTGNSSPOSA
0703002-0918-15-42-gnss_raw.txt,76.500,2436,459529.700,GPS标准时间,FINESTEERING,SOL_COMPUTED,SINGLE,23,12,12,12,BESTGNSSPOSA
0703002-0918-15-42-gnss_raw.txt,76.600,2436,459529.800,GPS标准时间,FINESTEERING,SOL_COMPUTED,SINGLE,23,13,13,13,BESTGNSSPOSA
0703002-0918-15-42-gnss_raw.txt,76.700,2436,459529.900,GPS标准时间,FINESTEERING,SOL_COMPUTED,SINGLE,23,15,15,15,BESTGNSSPOSA
0703002-0918-15-42-gnss_raw.txt,76.800,2436,459530.000,GPS标准时间,FINESTEERING,SOL_COMPUTED,SINGLE,23,14,14,14,BESTGNSSPOSA
0703002-0918-15-42-gnss_raw.txt,76.900,2436,459530.100,GPS标准时间,FINESTEERING,SOL_COMPUTED,SINGLE,23,14,14,14,BESTGNSSPOSA
0703002-0918-15-42-gnss_raw.txt,77.000,2436,459530.200,GPS标准时间,FINESTEERING,SOL_COMPUTED,SINGLE,23,14,14,14,BESTGNSSPOSA
0703002-0918-15-42-gnss_raw.txt,77.100,2436,459530.300,GPS标准时间,FINESTEERING,SOL_COMPUTED,SINGLE,23,13,13,13,BESTGNSSPOSA
0703002-0918-15-42-gnss_raw.txt,77.200,2436,459530.400,GPS标准时间,FINESTEERING,SOL_COMPUTED,SINGLE,23,13,13,13,BESTGNSSPOSA
0703002-0918-15-42-gnss_raw.txt,77.300,2436,459530.500,GPS标准时间,FINESTEERING,SOL_COMPUTED,SINGLE,23,13,13,13,BESTGNSSPOSA
0703002-0918-15-42-gnss_raw.txt,77.400,2436,459530.600,GPS标准时间,FINESTEERING,SOL_COMPUTED,SINGLE,23,13,13,13,BESTGNSSPOSA
0703002-0918-15-42-gnss_raw.txt,77.500,2436,459530.700,GPS标准时间,FINESTEERING,SOL_COMPUTED,SINGLE,23,14,14,14,BESTGNSSPOSA
0703002-0918-15-42-gnss_raw.txt,77.600,2436,459530.800,GPS标准时间,FINESTEERING,SOL_COMPUTED,SINGLE,23,13,13,13,BESTGNSSPOSA
0703002-0918-15-42-gnss_raw.txt,77.700,2436,459530.900,GPS标准时间,FINESTEERING,SOL_COMPUTED,SINGLE,23,13,13,13,BESTGNSSPOSA
0703002-0918-15-42-gnss_raw.txt,77.800,2436,459531.000,GPS标准时间,FINESTEERING,SOL_COMPUTED,SINGLE,23,13,13,13,BESTGNSSPOSA
0703002-0918-15-42-gnss_raw.txt,77.900,2436,459531.100,GPS标准时间,FINESTEERING,SOL_COMPUTED,SINGLE,23,13,13,13,BESTGNSSPOSA
0703002-0918-15-42-gnss_raw.txt,78.000,2436,459531.200,GPS标准时间,FINESTEERING,SOL_COMPUTED,SINGLE,23,13,13,13,BESTGNSSPOSA
0703002-0918-15-42-gnss_raw.txt,78.100,2436,459531.300,GPS标准时间,FINESTEERING,SOL_COMPUTED,SINGLE,23,13,13,13,BESTGNSSPOSA
0703002-0918-15-42-gnss_raw.txt,78.200,2436,459531.400,GPS标准时间,FINESTEERING,SOL_COMPUTED,SINGLE,23,12,12,12,BESTGNSSPOSA
0703002-0918-15-42-gnss_raw.txt,78.300,2436,459531.500,GPS标准时间,FINESTEERING,SOL_COMPUTED,SINGLE,23,14,14,14,BESTGNSSPOSA
0703002-0918-15-42-gnss_raw.txt,78.400,2436,459531.600,GPS标准时间,FINESTEERING,SOL_COMPUTED,SINGLE,23,12,12,12,BESTGNSSPOSA
0703002-0918-15-42-gnss_raw.txt,78.500,2436,459531.700,GPS标准时间,FINESTEERING,SOL_COMPUTED,SINGLE,23,13,13,13,BESTGNSSPOSA
0703002-0918-15-42-gnss_raw.txt,78.600,2436,459531.800,GPS标准时间,FINESTEERING,SOL_COMPUTED,SINGLE,23,15,15,15,BESTGNSSPOSA
0703002-0918-15-42-gnss_raw.txt,78.700,2436,459531.900,GPS标准时间,FINESTEERING,SOL_COMPUTED,SINGLE,23,12,12,12,BESTGNSSPOSA
0703002-0918-15-42-gnss_raw.txt,78.800,2436,459532.000,GPS标准时间,FINESTEERING,SOL_COMPUTED,SINGLE,23,13,13,13,BESTGNSSPOSA
0703002-0918-15-42-gnss_raw.txt,78.900,2436,459532.100,GPS标准时间,FINESTEERING,SOL_COMPUTED,SINGLE,23,13,13,13,BESTGNSSPOSA
0703002-0918-15-42-gnss_raw.txt,79.000,2436,459532.200,GPS标准时间,FINESTEERING,SOL_COMPUTED,SINGLE,23,13,13,13,BESTGNSSPOSA
0703002-0918-15-42-gnss_raw.txt,79.100,2436,459532.300,GPS标准时间,FINESTEERING,SOL_COMPUTED,SINGLE,23,14,14,14,BESTGNSSPOSA
0703002-0918-15-42-gnss_raw.txt,79.200,2436,459532.400,GPS标准时间,FINESTEERING,SOL_COMPUTED,SINGLE,23,14,14,14,BESTGNSSPOSA
0703002-0918-15-42-gnss_raw.txt,79.300,2436,459532.500,GPS标准时间,FINESTEERING,SOL_COMPUTED,SINGLE,23,14,14,14,BESTGNSSPOSA
0703002-0918-15-42-gnss_raw.txt,79.400,2436,459532.600,GPS标准时间,FINESTEERING,SOL_COMPUTED,SINGLE,23,13,13,13,BESTGNSSPOSA
0703002-0918-15-42-gnss_raw.txt,79.500,2436,459532.700,GPS标准时间,FINESTEERING,SOL_COMPUTED,SINGLE,24,13,13,13,BESTGNSSPOSA
0703002-0918-15-42-gnss_raw.txt,79.600,2436,459532.800,GPS标准时间,FINESTEERING,SOL_COMPUTED,SINGLE,24,14,14,14,BESTGNSSPOSA
0703002-0918-15-42-gnss_raw.txt,79.700,2436,459532.900,GPS标准时间,FINESTEERING,SOL_COMPUTED,SINGLE,24,12,12,12,BESTGNSSPOSA
0703002-0918-15-42-gnss_raw.txt,79.800,2436,459533.000,GPS标准时间,FINESTEERING,SOL_COMPUTED,SINGLE,24,13,13,13,BESTGNSSPOSA
0703002-0918-15-42-gnss_raw.txt,79.900,2436,459533.100,GPS标准时间,FINESTEERING,SOL_COMPUTED,SINGLE,24,13,13,13,BESTGNSSPOSA
0703002-0918-15-42-gnss_raw.txt,80.000,2436,459533.200,GPS标准时间,FINESTEERING,SOL_COMPUTED,SINGLE,24,13,13,13,BESTGNSSPOSA
0703002-0918-15-42-gnss_raw.txt,80.100,2436,459533.300,GPS标准时间,FINESTEERING,SOL_COMPUTED,SINGLE,24,13,13,13,BESTGNSSPOSA
0703002-0918-15-42-gnss_raw.txt,80.200,2436,459533.400,GPS标准时间,FINESTEERING,SOL_COMPUTED,SINGLE,24,13,13,13,BESTGNSSPOSA
0703002-0918-15-42-gnss_raw.txt,80.300,2436,459533.500,GPS标准时间,FINESTEERING,SOL_COMPUTED,SINGLE,24,14,14,14,BESTGNSSPOSA
0703002-0918-15-42-gnss_raw.txt,80.400,2436,459533.600,GPS标准时间,FINESTEERING,SOL_COMPUTED,SINGLE,24,14,14,14,BESTGNSSPOSA
0703002-0918-15-42-gnss_raw.txt,80.500,2436,459533.700,GPS标准时间,FINESTEERING,SOL_COMPUTED,SINGLE,23,12,12,12,BESTGNSSPOSA
0703002-0918-15-42-gnss_raw.txt,80.600,2436,459533.800,GPS标准时间,FINESTEERING,SOL_COMPUTED,SINGLE,23,12,12,12,BESTGNSSPOSA
0703002-0918-15-42-gnss_raw.txt,80.700,2436,459533.900,GPS标准时间,FINESTEERING,SOL_COMPUTED,SINGLE,23,14,14,14,BESTGNSSPOSA
0703002-0918-15-42-gnss_raw.txt,80.800,2436,459534.000,GPS标准时间,FINESTEERING,SOL_COMPUTED,SINGLE,23,12,12,12,BESTGNSSPOSA
0703002-0918-15-42-gnss_raw.txt,80.900,2436,459534.100,GPS标准时间,FINESTEERING,SOL_COMPUTED,SINGLE,23,13,13,13,BESTGNSSPOSA
0703002-0918-15-42-gnss_raw.txt,81.000,2436,459534.200,GPS标准时间,FINESTEERING,SOL_COMPUTED,SINGLE,23,12,12,12,BESTGNSSPOSA
0703002-0918-15-42-gnss_raw.txt,81.100,2436,459534.300,GPS标准时间,FINESTEERING,SOL_COMPUTED,SINGLE,24,14,14,14,BESTGNSSPOSA
0703002-0918-15-42-gnss_raw.txt,81.200,2436,459534.400,GPS标准时间,FINESTEERING,SOL_COMPUTED,SINGLE,24,13,13,13,BESTGNSSPOSA
0703002-0918-15-42-gnss_raw.txt,81.300,2436,459534.500,GPS标准时间,FINESTEERING,SOL_COMPUTED,SINGLE,24,14,14,14,BESTGNSSPOSA
0703002-0918-15-42-gnss_raw.txt,81.400,2436,459534.600,GPS标准时间,FINESTEERING,SOL_COMPUTED,SINGLE,24,13,13,13,BESTGNSSPOSA
0703002-0918-15-42-gnss_raw.txt,81.500,2436,459534.700,GPS标准时间,FINESTEERING,SOL_COMPUTED,SINGLE,24,13,13,13,BESTGNSSPOSA
0703002-0918-15-42-gnss_raw.txt,81.600,2436,459534.800,GPS标准时间,FINESTEERING,SOL_COMPUTED,SINGLE,24,12,12,12,BESTGNSSPOSA
0703002-0918-15-42-gnss_raw.txt,81.700,2436,459534.900,GPS标准时间,FINESTEERING,SOL_COMPUTED,SINGLE,24,11,11,11,BESTGNSSPOSA
0703002-0918-15-42-gnss_raw.txt,81.800,2436,459535.000,GPS标准时间,FINESTEERING,SOL_COMPUTED,SINGLE,24,12,12,12,BESTGNSSPOSA
0703002-0918-15-42-gnss_raw.txt,81.900,2436,459535.100,GPS标准时间,FINESTEERING,SOL_COMPUTED,SINGLE,24,13,13,13,BESTGNSSPOSA
0703002-0918-15-42-gnss_raw.txt,82.000,2436,459535.200,GPS标准时间,FINESTEERING,SOL_COMPUTED,SINGLE,23,11,11,11,BESTGNSSPOSA
0703002-0918-15-42-gnss_raw.txt,82.100,2436,459535.300,GPS标准时间,FINESTEERING,SOL_COMPUTED,SINGLE,23,10,10,10,BESTGNSSPOSA
0703002-0918-15-42-gnss_raw.txt,82.200,2436,459535.400,GPS标准时间,FINESTEERING,SOL_COMPUTED,SINGLE,23,12,12,12,BESTGNSSPOSA
0703002-0918-15-42-gnss_raw.txt,82.300,2436,459535.500,GPS标准时间,FINESTEERING,SOL_COMPUTED,SINGLE,23,12,12,12,BESTGNSSPOSA
0703002-0918-15-42-gnss_raw.txt,82.400,2436,459535.600,GPS标准时间,FINESTEERING,SOL_COMPUTED,SINGLE,23,13,13,13,BESTGNSSPOSA
0703002-0918-15-42-gnss_raw.txt,82.500,2436,459535.700,GPS标准时间,FINESTEERING,SOL_COMPUTED,SINGLE,23,15,15,15,BESTGNSSPOSA
0703002-0918-15-42-gnss_raw.txt,82.600,2436,459535.800,GPS标准时间,FINESTEERING,SOL_COMPUTED,SINGLE,23,15,15,15,BESTGNSSPOSA
0703002-0918-15-42-gnss_raw.txt,82.700,2436,459535.900,GPS标准时间,FINESTEERING,SOL_COMPUTED,SINGLE,23,13,13,13,BESTGNSSPOSA
0703002-0918-15-42-gnss_raw.txt,82.800,2436,459536.000,GPS标准时间,FINESTEERING,SOL_COMPUTED,SINGLE,23,13,13,13,BESTGNSSPOSA
0703002-0918-15-42-gnss_raw.txt,82.900,2436,459536.100,GPS标准时间,FINESTEERING,SOL_COMPUTED,SINGLE,23,12,12,12,BESTGNSSPOSA
0703002-0918-15-42-gnss_raw.txt,83.000,2436,459536.200,GPS标准时间,FINESTEERING,SOL_COMPUTED,SINGLE,23,12,12,12,BESTGNSSPOSA
0703002-0918-15-42-gnss_raw.txt,83.100,2436,459536.300,GPS标准时间,FINESTEERING,SOL_COMPUTED,SINGLE,23,12,12,12,BESTGNSSPOSA
0703002-0918-15-42-gnss_raw.txt,83.200,2436,459536.400,GPS标准时间,FINESTEERING,SOL_COMPUTED,SINGLE,23,14,14,14,BESTGNSSPOSA
0703002-0918-15-42-gnss_raw.txt,83.300,2436,459536.500,GPS标准时间,FINESTEERING,SOL_COMPUTED,SINGLE,23,14,14,14,BESTGNSSPOSA
0703002-0918-15-42-gnss_raw.txt,83.400,2436,459536.600,GPS标准时间,FINESTEERING,SOL_COMPUTED,SINGLE,23,14,14,14,BESTGNSSPOSA
0703002-0918-15-42-gnss_raw.txt,83.500,2436,459536.700,GPS标准时间,FINESTEERING,SOL_COMPUTED,SINGLE,23,13,13,13,BESTGNSSPOSA
0703002-0918-15-42-gnss_raw.txt,83.600,2436,459536.800,GPS标准时间,FINESTEERING,SOL_COMPUTED,SINGLE,23,13,13,13,BESTGNSSPOSA
0703002-0918-15-42-gnss_raw.txt,83.700,2436,459536.900,GPS标准时间,FINESTEERING,SOL_COMPUTED,SINGLE,23,14,14,14,BESTGNSSPOSA
0703002-0918-15-42-gnss_raw.txt,83.800,2436,459537.000,GPS标准时间,FINESTEERING,SOL_COMPUTED,SINGLE,23,13,13,13,BESTGNSSPOSA
0703002-0918-15-42-gnss_raw.txt,83.900,2436,459537.100,GPS标准时间,FINESTEERING,SOL_COMPUTED,SINGLE,23,14,14,14,BESTGNSSPOSA
0703002-0918-15-42-gnss_raw.txt,84.000,2436,459537.200,GPS标准时间,FINESTEERING,SOL_COMPUTED,SINGLE,23,15,15,15,BESTGNSSPOSA
0703002-0918-15-42-gnss_raw.txt,84.100,2436,459537.300,GPS标准时间,FINESTEERING,SOL_COMPUTED,SINGLE,23,13,13,13,BESTGNSSPOSA
0703002-0918-15-42-gnss_raw.txt,84.200,2436,459537.400,GPS标准时间,FINESTEERING,SOL_COMPUTED,SINGLE,23,14,14,14,BESTGNSSPOSA
0703002-0918-15-42-gnss_raw.txt,84.300,2436,459537.500,GPS标准时间,FINESTEERING,SOL_COMPUTED,SINGLE,23,13,13,13,BESTGNSSPOSA
0703002-0918-15-42-gnss_raw.txt,84.400,2436,459537.600,GPS标准时间,FINESTEERING,SOL_COMPUTED,SINGLE,23,13,13,13,BESTGNSSPOSA
0703002-0918-15-42-gnss_raw.txt,84.500,2436,459537.700,GPS标准时间,FINESTEERING,SOL_COMPUTED,SINGLE,23,12,12,12,BESTGNSSPOSA
0703002-0918-15-42-gnss_raw.txt,84.600,2436,459537.800,GPS标准时间,FINESTEERING,SOL_COMPUTED,SINGLE,23,13,13,13,BESTGNSSPOSA
0703002-0918-15-42-gnss_raw.txt,84.700,2436,459537.900,GPS标准时间,FINESTEERING,SOL_COMPUTED,SINGLE,23,11,11,11,BESTGNSSPOSA
0703002-0918-15-42-gnss_raw.txt,84.800,2436,459538.000,GPS标准时间,FINESTEERING,SOL_COMPUTED,SINGLE,23,14,14,14,BESTGNSSPOSA
0703002-0918-15-42-gnss_raw.txt,84.900,2436,459538.100,GPS标准时间,FINESTEERING,SOL_COMPUTED,SINGLE,23,17,17,17,BESTGNSSPOSA
0703002-0918-15-42-gnss_raw.txt,85.000,2436,459538.200,GPS标准时间,FINESTEERING,SOL_COMPUTED,SINGLE,23,15,15,15,BESTGNSSPOSA
0703002-0918-15-42-gnss_raw.txt,85.100,2436,459538.300,GPS标准时间,FINESTEERING,SOL_COMPUTED,SINGLE,23,14,14,14,BESTGNSSPOSA
0703002-0918-15-42-gnss_raw.txt,85.200,2436,459538.400,GPS标准时间,FINESTEERING,SOL_COMPUTED,SINGLE,23,14,14,14,BESTGNSSPOSA
0703002-0918-15-42-gnss_raw.txt,85.300,2436,459538.500,GPS标准时间,FINESTEERING,SOL_COMPUTED,SINGLE,23,13,13,13,BESTGNSSPOSA
0703002-0918-15-42-gnss_raw.txt,85.400,2436,459538.600,GPS标准时间,FINESTEERING,SOL_COMPUTED,SINGLE,23,12,12,12,BESTGNSSPOSA
0703002-0918-15-42-gnss_raw.txt,85.500,2436,459538.700,GPS标准时间,FINESTEERING,SOL_COMPUTED,SINGLE,23,12,12,12,BESTGNSSPOSA
0703002-0918-15-42-gnss_raw.txt,85.600,2436,459538.800,GPS标准时间,FINESTEERING,SOL_COMPUTED,SINGLE,23,14,14,14,BESTGNSSPOSA
0703002-0918-15-42-gnss_raw.txt,85.700,2436,459538.900,GPS标准时间,FINESTEERING,SOL_COMPUTED,SINGLE,23,13,13,13,BESTGNSSPOSA
0703002-0918-15-42-gnss_raw.txt,85.800,2436,459539.000,GPS标准时间,FINESTEERING,SOL_COMPUTED,SINGLE,23,12,12,12,BESTGNSSPOSA
0703002-0918-15-42-gnss_raw.txt,85.900,2436,459539.100,GPS标准时间,FINESTEERING,SOL_COMPUTED,SINGLE,24,14,14,14,BESTGNSSPOSA
0703002-0918-15-42-gnss_raw.txt,86.000,2436,459539.200,GPS标准时间,FINESTEERING,SOL_COMPUTED,SINGLE,24,15,15,15,BESTGNSSPOSA
0703002-0918-15-42-gnss_raw.txt,86.100,2436,459539.300,GPS标准时间,FINESTEERING,SOL_COMPUTED,SINGLE,24,13,13,13,BESTGNSSPOSA
0703002-0918-15-42-gnss_raw.txt,86.200,2436,459539.400,GPS标准时间,FINESTEERING,SOL_COMPUTED,SINGLE,24,14,14,14,BESTGNSSPOSA
0703002-0918-15-42-gnss_raw.txt,86.300,2436,459539.500,GPS标准时间,FINESTEERING,SOL_COMPUTED,SINGLE,24,12,12,12,BESTGNSSPOSA
0703002-0918-15-42-gnss_raw.txt,86.400,2436,459539.600,GPS标准时间,FINESTEERING,SOL_COMPUTED,SINGLE,24,14,14,14,BESTGNSSPOSA
0703002-0918-15-42-gnss_raw.txt,86.500,2436,459539.700,GPS标准时间,FINESTEERING,SOL_COMPUTED,SINGLE,24,12,12,12,BESTGNSSPOSA
0703002-0918-15-42-gnss_raw.txt,86.600,2436,459539.800,GPS标准时间,FINESTEERING,SOL_COMPUTED,SINGLE,24,12,12,12,BESTGNSSPOSA
0703002-0918-15-42-gnss_raw.txt,86.700,2436,459539.900,GPS标准时间,FINESTEERING,SOL_COMPUTED,SINGLE,24,13,13,13,BESTGNSSPOSA
0703002-0918-15-42-gnss_raw.txt,86.800,2436,459540.000,GPS标准时间,FINESTEERING,SOL_COMPUTED,SINGLE,24,12,12,12,BESTGNSSPOSA
0703002-0918-15-42-gnss_raw.txt,86.900,2436,459540.100,GPS标准时间,FINESTEERING,SOL_COMPUTED,SINGLE,24,11,11,11,BESTGNSSPOSA
0703002-0918-15-42-gnss_raw.txt,87.000,2436,459540.200,GPS标准时间,FINESTEERING,SOL_COMPUTED,SINGLE,24,12,12,12,BESTGNSSPOSA
0703002-0918-15-42-gnss_raw.txt,87.100,2436,459540.300,GPS标准时间,FINESTEERING,SOL_COMPUTED,SINGLE,24,13,13,13,BESTGNSSPOSA
0703002-0918-15-42-gnss_raw.txt,87.200,2436,459540.400,GPS标准时间,FINESTEERING,SOL_COMPUTED,SINGLE,24,13,13,13,BESTGNSSPOSA
0703002-0918-15-42-gnss_raw.txt,87.300,2436,459540.500,GPS标准时间,FINESTEERING,SOL_COMPUTED,SINGLE,24,13,13,13,BESTGNSSPOSA
0703002-0918-15-42-gnss_raw.txt,87.400,2436,459540.600,GPS标准时间,FINESTEERING,SOL_COMPUTED,SINGLE,24,12,12,12,BESTGNSSPOSA
0703002-0918-15-42-gnss_raw.txt,87.500,2436,459540.700,GPS标准时间,FINESTEERING,SOL_COMPUTED,SINGLE,24,11,11,11,BESTGNSSPOSA
0703002-0918-15-42-gnss_raw.txt,87.600,2436,459540.800,GPS标准时间,FINESTEERING,SOL_COMPUTED,SINGLE,24,13,13,13,BESTGNSSPOSA
0703002-0918-15-42-gnss_raw.txt,87.700,2436,459540.900,GPS标准时间,FINESTEERING,SOL_COMPUTED,SINGLE,23,12,12,12,BESTGNSSPOSA
0703002-0918-15-42-gnss_raw.txt,87.800,2436,459541.000,GPS标准时间,FINESTEERING,SOL_COMPUTED,SINGLE,23,11,11,11,BESTGNSSPOSA
0703002-0918-15-42-gnss_raw.txt,87.900,2436,459541.100,GPS标准时间,FINESTEERING,SOL_COMPUTED,SINGLE,23,11,11,11,BESTGNSSPOSA
0703002-0918-15-42-gnss_raw.txt,88.000,2436,459541.200,GPS标准时间,FINESTEERING,SOL_COMPUTED,SINGLE,23,10,10,10,BESTGNSSPOSA
0703002-0918-15-42-gnss_raw.txt,88.100,2436,459541.300,GPS标准时间,FINESTEERING,SOL_COMPUTED,SINGLE,23,12,12,12,BESTGNSSPOSA
0703002-0918-15-42-gnss_raw.txt,88.200,2436,459541.400,GPS标准时间,FINESTEERING,SOL_COMPUTED,SINGLE,23,12,12,12,BESTGNSSPOSA
0703002-0918-15-42-gnss_raw.txt,88.300,2436,459541.500,GPS标准时间,FINESTEERING,SOL_COMPUTED,SINGLE,23,11,11,11,BESTGNSSPOSA
0703002-0918-15-42-gnss_raw.txt,88.400,2436,459541.600,GPS标准时间,FINESTEERING,SOL_COMPUTED,SINGLE,23,12,12,12,BESTGNSSPOSA
0703002-0918-15-42-gnss_raw.txt,88.500,2436,459541.700,GPS标准时间,FINESTEERING,SOL_COMPUTED,SINGLE,23,11,11,11,BESTGNSSPOSA
0703002-0918-15-42-gnss_raw.txt,88.600,2436,459541.800,GPS标准时间,FINESTEERING,SOL_COMPUTED,SINGLE,23,11,11,11,BESTGNSSPOSA
0703002-0918-15-42-gnss_raw.txt,88.700,2436,459541.900,GPS标准时间,FINESTEERING,SOL_COMPUTED,SINGLE,23,11,11,11,BESTGNSSPOSA
0703002-0918-15-42-gnss_raw.txt,88.800,2436,459542.000,GPS标准时间,FINESTEERING,SOL_COMPUTED,SINGLE,23,11,11,11,BESTGNSSPOSA
0703002-0918-15-42-gnss_raw.txt,88.900,2436,459542.100,GPS标准时间,FINESTEERING,SOL_COMPUTED,SINGLE,23,10,10,10,BESTGNSSPOSA
0703002-0918-15-42-gnss_raw.txt,89.000,2436,459542.200,GPS标准时间,FINESTEERING,SOL_COMPUTED,SINGLE,23,11,11,11,BESTGNSSPOSA
0703002-0918-15-42-gnss_raw.txt,89.100,2436,459542.300,GPS标准时间,FINESTEERING,SOL_COMPUTED,SINGLE,24,13,13,13,BESTGNSSPOSA
0703002-0918-15-42-gnss_raw.txt,89.200,2436,459542.400,GPS标准时间,FINESTEERING,SOL_COMPUTED,SINGLE,24,11,11,11,BESTGNSSPOSA
0703002-0918-15-42-gnss_raw.txt,89.300,2436,459542.500,GPS标准时间,FINESTEERING,SOL_COMPUTED,SINGLE,24,12,12,12,BESTGNSSPOSA
0703002-0918-15-42-gnss_raw.txt,89.400,2436,459542.600,GPS标准时间,FINESTEERING,SOL_COMPUTED,SINGLE,24,11,11,11,BESTGNSSPOSA
0703002-0918-15-42-gnss_raw.txt,89.500,2436,459542.700,GPS标准时间,FINESTEERING,SOL_COMPUTED,SINGLE,24,10,10,10,BESTGNSSPOSA
0703002-0918-15-42-gnss_raw.txt,89.600,2436,459542.800,GPS标准时间,FINESTEERING,SOL_COMPUTED,SINGLE,24,11,11,11,BESTGNSSPOSA
0703002-0918-15-42-gnss_raw.txt,89.700,2436,459542.900,GPS标准时间,FINESTEERING,SOL_COMPUTED,SINGLE,24,10,10,10,BESTGNSSPOSA
0703002-0918-15-42-gnss_raw.txt,89.800,2436,459543.000,GPS标准时间,FINESTEERING,SOL_COMPUTED,SINGLE,24,12,12,12,BESTGNSSPOSA
0703002-0918-15-42-gnss_raw.txt,89.900,2436,459543.100,GPS标准时间,FINESTEERING,SOL_COMPUTED,SINGLE,24,10,10,10,BESTGNSSPOSA
0703002-0918-15-42-gnss_raw.txt,90.000,2436,459543.200,GPS标准时间,FINESTEERING,SOL_COMPUTED,SINGLE,24,10,10,10,BESTGNSSPOSA
0703002-0918-15-42-gnss_raw.txt,90.100,2436,459543.300,GPS标准时间,FINESTEERING,SOL_COMPUTED,SINGLE,24,11,11,11,BESTGNSSPOSA
0703002-0918-15-42-gnss_raw.txt,90.200,2436,459543.400,GPS标准时间,FINESTEERING,SOL_COMPUTED,SINGLE,24,10,10,10,BESTGNSSPOSA
0703002-0918-15-42-gnss_raw.txt,90.300,2436,459543.500,GPS标准时间,FINESTEERING,SOL_COMPUTED,SINGLE,24,10,10,10,BESTGNSSPOSA
0703002-0918-15-42-gnss_raw.txt,90.400,2436,459543.600,GPS标准时间,FINESTEERING,SOL_COMPUTED,SINGLE,24,10,10,10,BESTGNSSPOSA
0703002-0918-15-42-gnss_raw.txt,90.500,2436,459543.700,GPS标准时间,FINESTEERING,SOL_COMPUTED,SINGLE,24,10,10,10,BESTGNSSPOSA
0703002-0918-15-42-gnss_raw.txt,90.600,2436,459543.800,GPS标准时间,FINESTEERING,SOL_COMPUTED,SINGLE,24,10,10,10,BESTGNSSPOSA
0703002-0918-15-42-gnss_raw.txt,90.700,2436,459543.900,GPS标准时间,FINESTEERING,SOL_COMPUTED,SINGLE,24,11,11,11,BESTGNSSPOSA
0703002-0918-15-42-gnss_raw.txt,90.800,2436,459544.000,GPS标准时间,FINESTEERING,SOL_COMPUTED,SINGLE,24,10,10,10,BESTGNSSPOSA
0703002-0918-15-42-gnss_raw.txt,90.900,2436,459544.100,GPS标准时间,FINESTEERING,SOL_COMPUTED,SINGLE,24,11,11,11,BESTGNSSPOSA
0703002-0918-15-42-gnss_raw.txt,91.000,2436,459544.200,GPS标准时间,FINESTEERING,SOL_COMPUTED,SINGLE,24,11,11,11,BESTGNSSPOSA
0703002-0918-15-42-gnss_raw.txt,91.100,2436,459544.300,GPS标准时间,FINESTEERING,SOL_COMPUTED,SINGLE,24,10,10,10,BESTGNSSPOSA
0703002-0918-15-42-gnss_raw.txt,91.200,2436,459544.400,GPS标准时间,FINESTEERING,SOL_COMPUTED,SINGLE,24,10,10,10,BESTGNSSPOSA
0703002-0918-15-42-gnss_raw.txt,91.300,2436,459544.500,GPS标准时间,FINESTEERING,SOL_COMPUTED,SINGLE,24,10,10,10,BESTGNSSPOSA
0703002-0918-15-42-gnss_raw.txt,91.400,2436,459544.600,GPS标准时间,FINESTEERING,SOL_COMPUTED,SINGLE,24,10,10,10,BESTGNSSPOSA
0703002-0918-15-42-gnss_raw.txt,91.500,2436,459544.700,GPS标准时间,FINESTEERING,SOL_COMPUTED,SINGLE,24,10,10,10,BESTGNSSPOSA
0703002-0918-15-42-gnss_raw.txt,91.600,2436,459544.800,GPS标准时间,FINESTEERING,SOL_COMPUTED,SINGLE,24,10,10,10,BESTGNSSPOSA
0703002-0918-15-42-gnss_raw.txt,91.700,2436,459544.900,GPS标准时间,FINESTEERING,SOL_COMPUTED,SINGLE,24,11,11,11,BESTGNSSPOSA
0703002-0918-15-42-gnss_raw.txt,91.800,2436,459545.000,GPS标准时间,FINESTEERING,SOL_COMPUTED,SINGLE,24,12,12,12,BESTGNSSPOSA
0703002-0918-15-42-gnss_raw.txt,91.900,2436,459545.100,GPS标准时间,FINESTEERING,SOL_COMPUTED,SINGLE,24,12,12,12,BESTGNSSPOSA
0703002-0918-15-42-gnss_raw.txt,92.000,2436,459545.200,GPS标准时间,FINESTEERING,SOL_COMPUTED,SINGLE,24,12,12,12,BESTGNSSPOSA
0703002-0918-15-42-gnss_raw.txt,92.100,2436,459545.300,GPS标准时间,FINESTEERING,SOL_COMPUTED,SINGLE,24,11,11,11,BESTGNSSPOSA
0703002-0918-15-42-gnss_raw.txt,92.200,2436,459545.400,GPS标准时间,FINESTEERING,SOL_COMPUTED,SINGLE,24,11,11,11,BESTGNSSPOSA
0703002-0918-15-42-gnss_raw.txt,92.300,2436,459545.500,GPS标准时间,FINESTEERING,SOL_COMPUTED,SINGLE,24,7,7,7,BESTGNSSPOSA
0703002-0918-15-42-gnss_raw.txt,92.400,2436,459545.600,GPS标准时间,FINESTEERING,SOL_COMPUTED,SINGLE,24,7,7,7,BESTGNSSPOSA
0703002-0918-15-42-gnss_raw.txt,92.500,2436,459545.700,GPS标准时间,FINESTEERING,SOL_COMPUTED,SINGLE,24,7,7,7,BESTGNSSPOSA
0703002-0918-15-42-gnss_raw.txt,92.600,2436,459545.800,GPS标准时间,FINESTEERING,SOL_COMPUTED,SINGLE,24,12,12,12,BESTGNSSPOSA
0703002-0918-15-42-gnss_raw.txt,92.700,2436,459545.900,GPS标准时间,FINESTEERING,SOL_COMPUTED,SINGLE,24,12,12,12,BESTGNSSPOSA
0703002-0918-15-42-gnss_raw.txt,92.800,2436,459546.000,GPS标准时间,FINESTEERING,SOL_COMPUTED,SINGLE,24,16,16,16,BESTGNSSPOSA
0703002-0918-15-42-gnss_raw.txt,92.900,2436,459546.100,GPS标准时间,FINESTEERING,SOL_COMPUTED,SINGLE,24,16,16,16,BESTGNSSPOSA
0703002-0918-15-42-gnss_raw.txt,93.000,2436,459546.200,GPS标准时间,FINESTEERING,SOL_COMPUTED,SINGLE,24,15,15,15,BESTGNSSPOSA
0703002-0918-15-42-gnss_raw.txt,93.100,2436,459546.300,GPS标准时间,FINESTEERING,SOL_COMPUTED,SINGLE,24,16,16,16,BESTGNSSPOSA
0703002-0918-15-42-gnss_raw.txt,93.200,2436,459546.400,GPS标准时间,FINESTEERING,SOL_COMPUTED,SINGLE,24,16,16,16,BESTGNSSPOSA
0703002-0918-15-42-gnss_raw.txt,93.300,2436,459546.500,GPS标准时间,FINESTEERING,SOL_COMPUTED,SINGLE,24,16,16,16,BESTGNSSPOSA
0703002-0918-15-42-gnss_raw.txt,93.400,2436,459546.600,GPS标准时间,FINESTEERING,SOL_COMPUTED,SINGLE,24,16,16,16,BESTGNSSPOSA
0703002-0918-15-42-gnss_raw.txt,93.500,2436,459546.700,GPS标准时间,FINESTEERING,SOL_COMPUTED,SINGLE,24,10,10,10,BESTGNSSPOSA
0703002-0918-15-42-gnss_raw.txt,93.600,2436,459546.800,GPS标准时间,FINESTEERING,SOL_COMPUTED,SINGLE,24,12,12,12,BESTGNSSPOSA
0703002-0918-15-42-gnss_raw.txt,93.700,2436,459546.900,GPS标准时间,FINESTEERING,SOL_COMPUTED,SINGLE,24,13,13,13,BESTGNSSPOSA
0703002-0918-15-42-gnss_raw.txt,93.800,2436,459547.000,GPS标准时间,FINESTEERING,SOL_COMPUTED,SINGLE,24,10,10,10,BESTGNSSPOSA
0703002-0918-15-42-gnss_raw.txt,93.900,2436,459547.100,GPS标准时间,FINESTEERING,SOL_COMPUTED,SINGLE,24,15,15,15,BESTGNSSPOSA
0703002-0918-15-42-gnss_raw.txt,94.000,2436,459547.200,GPS标准时间,FINESTEERING,SOL_COMPUTED,SINGLE,24,10,10,10,BESTGNSSPOSA
0703002-0918-15-42-gnss_raw.txt,94.100,2436,459547.300,GPS标准时间,FINESTEERING,SOL_COMPUTED,SINGLE,24,13,13,13,BESTGNSSPOSA
0703002-0918-15-42-gnss_raw.txt,94.200,2436,459547.400,GPS标准时间,FINESTEERING,SOL_COMPUTED,SINGLE,24,13,13,13,BESTGNSSPOSA
0703002-0918-15-42-gnss_raw.txt,94.300,2436,459547.500,GPS标准时间,FINESTEERING,SOL_COMPUTED,SINGLE,24,13,13,13,BESTGNSSPOSA
0703002-0918-15-42-gnss_raw.txt,94.400,2436,459547.600,GPS标准时间,FINESTEERING,SOL_COMPUTED,SINGLE,24,12,12,12,BESTGNSSPOSA
0703002-0918-15-42-gnss_raw.txt,94.500,2436,459547.700,GPS标准时间,FINESTEERING,SOL_COMPUTED,SINGLE,24,13,13,13,BESTGNSSPOSA
0703002-0918-15-42-gnss_raw.txt,94.600,2436,459547.800,GPS标准时间,FINESTEERING,SOL_COMPUTED,SINGLE,24,13,13,13,BESTGNSSPOSA
0703002-0918-15-42-gnss_raw.txt,94.700,2436,459547.900,GPS标准时间,FINESTEERING,SOL_COMPUTED,SINGLE,24,12,12,12,BESTGNSSPOSA
0703002-0918-15-42-gnss_raw.txt,94.800,2436,459548.000,GPS标准时间,FINESTEERING,SOL_COMPUTED,SINGLE,24,11,11,11,BESTGNSSPOSA
0703002-0918-15-42-gnss_raw.txt,94.900,2436,459548.100,GPS标准时间,FINESTEERING,SOL_COMPUTED,SINGLE,24,11,11,11,BESTGNSSPOSA
0703002-0918-15-42-gnss_raw.txt,95.000,2436,459548.200,GPS标准时间,FINESTEERING,SOL_COMPUTED,SINGLE,24,12,12,12,BESTGNSSPOSA
0703002-0918-15-42-gnss_raw.txt,95.100,2436,459548.300,GPS标准时间,FINESTEERING,SOL_COMPUTED,SINGLE,24,11,11,11,BESTGNSSPOSA
0703002-0918-15-42-gnss_raw.txt,95.200,2436,459548.400,GPS标准时间,FINESTEERING,SOL_COMPUTED,SINGLE,24,11,11,11,BESTGNSSPOSA
0703002-0918-15-42-gnss_raw.txt,95.300,2436,459548.500,GPS标准时间,FINESTEERING,SOL_COMPUTED,SINGLE,24,12,12,12,BESTGNSSPOSA
0703002-0918-15-42-gnss_raw.txt,95.400,2436,459548.600,GPS标准时间,FINESTEERING,SOL_COMPUTED,SINGLE,24,12,12,12,BESTGNSSPOSA
0703002-0918-15-42-gnss_raw.txt,95.500,2436,459548.700,GPS标准时间,FINESTEERING,SOL_COMPUTED,SINGLE,24,11,11,11,BESTGNSSPOSA
0703002-0918-15-42-gnss_raw.txt,95.600,2436,459548.800,GPS标准时间,FINESTEERING,SOL_COMPUTED,SINGLE,24,11,11,11,BESTGNSSPOSA
0703002-0918-15-42-gnss_raw.txt,95.700,2436,459548.900,GPS标准时间,FINESTEERING,SOL_COMPUTED,SINGLE,24,10,10,10,BESTGNSSPOSA
0703002-0918-15-42-gnss_raw.txt,95.800,2436,459549.000,GPS标准时间,FINESTEERING,SOL_COMPUTED,SINGLE,24,10,10,10,BESTGNSSPOSA
0703002-0918-15-42-gnss_raw.txt,95.900,2436,459549.100,GPS标准时间,FINESTEERING,SOL_COMPUTED,SINGLE,24,11,11,11,BESTGNSSPOSA
0703002-0918-15-42-gnss_raw.txt,96.000,2436,459549.200,GPS标准时间,FINESTEERING,SOL_COMPUTED,SINGLE,24,11,11,11,BESTGNSSPOSA
0703002-0918-15-42-gnss_raw.txt,96.100,2436,459549.300,GPS标准时间,FINESTEERING,SOL_COMPUTED,SINGLE,24,16,16,16,BESTGNSSPOSA
0703002-0918-15-42-gnss_raw.txt,96.200,2436,459549.400,GPS标准时间,FINESTEERING,SOL_COMPUTED,SINGLE,24,11,11,11,BESTGNSSPOSA
0703002-0918-15-42-gnss_raw.txt,96.300,2436,459549.500,GPS标准时间,FINESTEERING,SOL_COMPUTED,SINGLE,24,12,12,12,BESTGNSSPOSA
0703002-0918-15-42-gnss_raw.txt,96.400,2436,459549.600,GPS标准时间,FINESTEERING,SOL_COMPUTED,SINGLE,24,16,16,16,BESTGNSSPOSA
0703002-0918-15-42-gnss_raw.txt,96.500,2436,459549.700,GPS标准时间,FINESTEERING,SOL_COMPUTED,SINGLE,24,16,16,16,BESTGNSSPOSA
0703002-0918-15-42-gnss_raw.txt,96.600,2436,459549.800,GPS标准时间,FINESTEERING,SOL_COMPUTED,SINGLE,24,19,19,19,BESTGNSSPOSA
0703002-0918-15-42-gnss_raw.txt,96.700,2436,459549.900,GPS标准时间,FINESTEERING,SOL_COMPUTED,SINGLE,24,11,11,11,BESTGNSSPOSA
0703002-0918-15-42-gnss_raw.txt,96.800,2436,459550.000,GPS标准时间,FINESTEERING,SOL_COMPUTED,SINGLE,24,12,12,12,BESTGNSSPOSA
0703002-0918-15-42-gnss_raw.txt,96.900,2436,459550.100,GPS标准时间,FINESTEERING,SOL_COMPUTED,SINGLE,24,11,11,11,BESTGNSSPOSA
0703002-0918-15-42-gnss_raw.txt,97.000,2436,459550.200,GPS标准时间,FINESTEERING,SOL_COMPUTED,SINGLE,24,13,13,13,BESTGNSSPOSA
0703002-0918-15-42-gnss_raw.txt,97.100,2436,459550.300,GPS标准时间,FINESTEERING,SOL_COMPUTED,SINGLE,24,13,13,13,BESTGNSSPOSA
0703002-0918-15-42-gnss_raw.txt,97.200,2436,459550.400,GPS标准时间,FINESTEERING,SOL_COMPUTED,SINGLE,24,13,13,13,BESTGNSSPOSA
0703002-0918-15-42-gnss_raw.txt,97.300,2436,459550.500,GPS标准时间,FINESTEERING,SOL_COMPUTED,SINGLE,24,12,12,12,BESTGNSSPOSA
0703002-0918-15-42-gnss_raw.txt,97.400,2436,459550.600,GPS标准时间,FINESTEERING,SOL_COMPUTED,SINGLE,24,14,14,14,BESTGNSSPOSA
0703002-0918-15-42-gnss_raw.txt,97.500,2436,459550.700,GPS标准时间,FINESTEERING,SOL_COMPUTED,SINGLE,24,16,16,16,BESTGNSSPOSA
0703002-0918-15-42-gnss_raw.txt,97.600,2436,459550.800,GPS标准时间,FINESTEERING,SOL_COMPUTED,SINGLE,24,15,15,15,BESTGNSSPOSA
0703002-0918-15-42-gnss_raw.txt,97.700,2436,459550.900,GPS标准时间,FINESTEERING,SOL_COMPUTED,SINGLE,24,17,17,17,BESTGNSSPOSA
0703002-0918-15-42-gnss_raw.txt,97.800,2436,459551.000,GPS标准时间,FINESTEERING,SOL_COMPUTED,SINGLE,24,17,17,17,BESTGNSSPOSA
0703002-0918-15-42-gnss_raw.txt,97.900,2436,459551.100,GPS标准时间,FINESTEERING,SOL_COMPUTED,SINGLE,24,17,17,17,BESTGNSSPOSA
0703002-0918-15-42-gnss_raw.txt,98.000,2436,459551.200,GPS标准时间,FINESTEERING,SOL_COMPUTED,SINGLE,24,11,11,11,BESTGNSSPOSA
0703002-0918-15-42-gnss_raw.txt,98.100,2436,459551.300,GPS标准时间,FINESTEERING,SOL_COMPUTED,SINGLE,24,11,11,11,BESTGNSSPOSA
0703002-0918-15-42-gnss_raw.txt,98.200,2436,459551.400,GPS标准时间,FINESTEERING,SOL_COMPUTED,SINGLE,24,11,11,11,BESTGNSSPOSA
0703002-0918-15-42-gnss_raw.txt,98.300,2436,459551.500,GPS标准时间,FINESTEERING,SOL_COMPUTED,SINGLE,24,11,11,11,BESTGNSSPOSA
0703002-0918-15-42-gnss_raw.txt,98.400,2436,459551.600,GPS标准时间,FINESTEERING,SOL_COMPUTED,SINGLE,24,11,11,11,BESTGNSSPOSA
0703002-0918-15-42-gnss_raw.txt,98.500,2436,459551.700,GPS标准时间,FINESTEERING,SOL_COMPUTED,SINGLE,24,13,13,13,BESTGNSSPOSA
0703002-0918-15-42-gnss_raw.txt,98.600,2436,459551.800,GPS标准时间,FINESTEERING,SOL_COMPUTED,SINGLE,24,13,13,13,BESTGNSSPOSA
0703002-0918-15-42-gnss_raw.txt,98.700,2436,459551.900,GPS标准时间,FINESTEERING,SOL_COMPUTED,SINGLE,24,16,16,16,BESTGNSSPOSA
0703002-0918-15-42-gnss_raw.txt,98.800,2436,459552.000,GPS标准时间,FINESTEERING,SOL_COMPUTED,SINGLE,24,16,16,16,BESTGNSSPOSA
0703002-0918-15-42-gnss_raw.txt,98.900,2436,459552.100,GPS标准时间,FINESTEERING,SOL_COMPUTED,SINGLE,24,15,15,15,BESTGNSSPOSA
0703002-0918-15-42-gnss_raw.txt,99.000,2436,459552.200,GPS标准时间,FINESTEERING,SOL_COMPUTED,SINGLE,24,11,11,11,BESTGNSSPOSA
0703002-0918-15-42-gnss_raw.txt,99.100,2436,459552.300,GPS标准时间,FINESTEERING,SOL_COMPUTED,SINGLE,24,11,11,11,BESTGNSSPOSA
0703002-0918-15-42-gnss_raw.txt,99.200,2436,459552.400,GPS标准时间,FINESTEERING,SOL_COMPUTED,SINGLE,24,11,11,11,BESTGNSSPOSA
0703002-0918-15-42-gnss_raw.txt,99.300,2436,459552.500,GPS标准时间,FINESTEERING,SOL_COMPUTED,SINGLE,24,12,12,12,BESTGNSSPOSA
0703002-0918-15-42-gnss_raw.txt,99.400,2436,459552.600,GPS标准时间,FINESTEERING,SOL_COMPUTED,SINGLE,24,13,13,13,BESTGNSSPOSA
0703002-0918-15-42-gnss_raw.txt,99.500,2436,459552.700,GPS标准时间,FINESTEERING,SOL_COMPUTED,SINGLE,24,12,12,12,BESTGNSSPOSA
0703002-0918-15-42-gnss_raw.txt,99.600,2436,459552.800,GPS标准时间,FINESTEERING,SOL_COMPUTED,SINGLE,24,14,14,14,BESTGNSSPOSA
0703002-0918-15-42-gnss_raw.txt,99.700,2436,459552.900,GPS标准时间,FINESTEERING,SOL_COMPUTED,SINGLE,24,13,13,13,BESTGNSSPOSA
0703002-0918-15-42-gnss_raw.txt,99.800,2436,459553.000,GPS标准时间,FINESTEERING,SOL_COMPUTED,SINGLE,24,14,14,14,BESTGNSSPOSA
0703002-0918-15-42-gnss_raw.txt,99.900,2436,459553.100,GPS标准时间,FINESTEERING,SOL_COMPUTED,SINGLE,24,13,13,13,BESTGNSSPOSA
0703002-0918-15-42-gnss_raw.txt,100.000,2436,459553.200,GPS标准时间,FINESTEERING,SOL_COMPUTED,SINGLE,24,12,12,12,BESTGNSSPOSA
0703002-0918-15-42-gnss_raw.txt,100.100,2436,459553.300,GPS标准时间,FINESTEERING,SOL_COMPUTED,SINGLE,24,12,12,12,BESTGNSSPOSA
0703002-0918-15-42-gnss_raw.txt,100.200,2436,459553.400,GPS标准时间,FINESTEERING,SOL_COMPUTED,SINGLE,24,12,12,12,BESTGNSSPOSA
0703002-0918-15-42-gnss_raw.txt,100.300,2436,459553.500,GPS标准时间,FINESTEERING,SOL_COMPUTED,SINGLE,24,12,12,12,BESTGNSSPOSA
0703002-0918-15-42-gnss_raw.txt,100.400,2436,459553.600,GPS标准时间,FINESTEERING,SOL_COMPUTED,SINGLE,24,14,14,14,BESTGNSSPOSA
0703002-0918-15-42-gnss_raw.txt,100.500,2436,459553.700,GPS标准时间,FINESTEERING,SOL_COMPUTED,SINGLE,24,13,13,13,BESTGNSSPOSA
0703002-0918-15-42-gnss_raw.txt,100.600,2436,459553.800,GPS标准时间,FINESTEERING,SOL_COMPUTED,SINGLE,24,14,14,14,BESTGNSSPOSA
0703002-0918-15-42-gnss_raw.txt,100.700,2436,459553.900,GPS标准时间,FINESTEERING,SOL_COMPUTED,SINGLE,24,14,14,14,BESTGNSSPOSA
0703002-0918-15-42-gnss_raw.txt,100.800,2436,459554.000,GPS标准时间,FINESTEERING,SOL_COMPUTED,SINGLE,24,14,14,14,BESTGNSSPOSA
0703002-0918-15-42-gnss_raw.txt,100.900,2436,459554.100,GPS标准时间,FINESTEERING,SOL_COMPUTED,SINGLE,24,14,14,14,BESTGNSSPOSA
0703002-0918-15-42-gnss_raw.txt,101.000,2436,459554.200,GPS标准时间,FINESTEERING,SOL_COMPUTED,SINGLE,24,14,14,14,BESTGNSSPOSA
0703002-0918-15-42-gnss_raw.txt,101.100,2436,459554.300,GPS标准时间,FINESTEERING,SOL_COMPUTED,SINGLE,24,14,14,14,BESTGNSSPOSA
0703002-0918-15-42-gnss_raw.txt,101.200,2436,459554.400,GPS标准时间,FINESTEERING,SOL_COMPUTED,SINGLE,24,15,15,15,BESTGNSSPOSA
0703002-0918-15-42-gnss_raw.txt,101.300,2436,459554.500,GPS标准时间,FINESTEERING,SOL_COMPUTED,SINGLE,24,14,14,14,BESTGNSSPOSA
0703002-0918-15-42-gnss_raw.txt,101.400,2436,459554.600,GPS标准时间,FINESTEERING,SOL_COMPUTED,SINGLE,24,13,13,13,BESTGNSSPOSA
0703002-0918-15-42-gnss_raw.txt,101.500,2436,459554.700,GPS标准时间,FINESTEERING,SOL_COMPUTED,SINGLE,24,14,14,14,BESTGNSSPOSA
0703002-0918-15-42-gnss_raw.txt,101.600,2436,459554.800,GPS标准时间,FINESTEERING,SOL_COMPUTED,SINGLE,24,13,13,13,BESTGNSSPOSA
0703002-0918-15-42-gnss_raw.txt,101.700,2436,459554.900,GPS标准时间,FINESTEERING,SOL_COMPUTED,SINGLE,24,13,13,13,BESTGNSSPOSA
0703002-0918-15-42-gnss_raw.txt,101.800,2436,459555.000,GPS标准时间,FINESTEERING,SOL_COMPUTED,SINGLE,24,13,13,13,BESTGNSSPOSA
0703002-0918-15-42-gnss_raw.txt,101.900,2436,459555.100,GPS标准时间,FINESTEERING,SOL_COMPUTED,SINGLE,24,14,14,14,BESTGNSSPOSA
0703002-0918-15-42-gnss_raw.txt,102.000,2436,459555.200,GPS标准时间,FINESTEERING,SOL_COMPUTED,SINGLE,24,13,13,13,BESTGNSSPOSA
0703002-0918-15-42-gnss_raw.txt,102.100,2436,459555.300,GPS标准时间,FINESTEERING,SOL_COMPUTED,SINGLE,24,14,14,14,BESTGNSSPOSA
0703002-0918-15-42-gnss_raw.txt,102.200,2436,459555.400,GPS标准时间,FINESTEERING,SOL_COMPUTED,SINGLE,24,14,14,14,BESTGNSSPOSA
0703002-0918-15-42-gnss_raw.txt,102.300,2436,459555.500,GPS标准时间,FINESTEERING,SOL_COMPUTED,SINGLE,24,14,14,14,BESTGNSSPOSA
0703002-0918-15-42-gnss_raw.txt,102.400,2436,459555.600,GPS标准时间,FINESTEERING,SOL_COMPUTED,SINGLE,24,14,14,14,BESTGNSSPOSA
0703002-0918-15-42-gnss_raw.txt,102.500,2436,459555.700,GPS标准时间,FINESTEERING,SOL_COMPUTED,SINGLE,24,14,14,14,BESTGNSSPOSA
0703002-0918-15-42-gnss_raw.txt,102.600,2436,459555.800,GPS标准时间,FINESTEERING,SOL_COMPUTED,SINGLE,24,15,15,15,BESTGNSSPOSA
0703002-0918-15-42-gnss_raw.txt,102.700,2436,459555.900,GPS标准时间,FINESTEERING,SOL_COMPUTED,SINGLE,24,15,15,15,BESTGNSSPOSA
0703002-0918-15-42-gnss_raw.txt,102.800,2436,459556.000,GPS标准时间,FINESTEERING,SOL_COMPUTED,SINGLE,24,14,14,14,BESTGNSSPOSA
0703002-0918-15-42-gnss_raw.txt,102.900,2436,459556.100,GPS标准时间,FINESTEERING,SOL_COMPUTED,SINGLE,24,15,15,15,BESTGNSSPOSA
0703002-0918-15-42-gnss_raw.txt,103.000,2436,459556.200,GPS标准时间,FINESTEERING,SOL_COMPUTED,SINGLE,24,15,15,15,BESTGNSSPOSA
0703002-0918-15-42-gnss_raw.txt,103.100,2436,459556.300,GPS标准时间,FINESTEERING,SOL_COMPUTED,SINGLE,24,15,15,15,BESTGNSSPOSA
0703002-0918-15-42-gnss_raw.txt,103.200,2436,459556.400,GPS标准时间,FINESTEERING,SOL_COMPUTED,SINGLE,24,15,15,15,BESTGNSSPOSA
0703002-0918-15-42-gnss_raw.txt,103.300,2436,459556.500,GPS标准时间,FINESTEERING,SOL_COMPUTED,SINGLE,24,15,15,15,BESTGNSSPOSA
0703002-0918-15-42-gnss_raw.txt,103.400,2436,459556.600,GPS标准时间,FINESTEERING,SOL_COMPUTED,SINGLE,24,14,14,14,BESTGNSSPOSA
0703002-0918-15-42-gnss_raw.txt,103.500,2436,459556.700,GPS标准时间,FINESTEERING,SOL_COMPUTED,SINGLE,24,14,14,14,BESTGNSSPOSA
0703002-0918-15-42-gnss_raw.txt,103.600,2436,459556.800,GPS标准时间,FINESTEERING,SOL_COMPUTED,SINGLE,24,15,15,15,BESTGNSSPOSA
0703002-0918-15-42-gnss_raw.txt,103.700,2436,459556.900,GPS标准时间,FINESTEERING,SOL_COMPUTED,SINGLE,24,14,14,14,BESTGNSSPOSA
0703002-0918-15-42-gnss_raw.txt,103.800,2436,459557.000,GPS标准时间,FINESTEERING,SOL_COMPUTED,SINGLE,24,15,15,15,BESTGNSSPOSA
0703002-0918-15-42-gnss_raw.txt,103.900,2436,459557.100,GPS标准时间,FINESTEERING,SOL_COMPUTED,SINGLE,24,15,15,15,BESTGNSSPOSA
0703002-0918-15-42-gnss_raw.txt,104.000,2436,459557.200,GPS标准时间,FINESTEERING,SOL_COMPUTED,SINGLE,24,15,15,15,BESTGNSSPOSA
0703002-0918-15-42-gnss_raw.txt,104.100,2436,459557.300,GPS标准时间,FINESTEERING,SOL_COMPUTED,SINGLE,24,15,15,15,BESTGNSSPOSA
0703002-0918-15-42-gnss_raw.txt,104.200,2436,459557.400,GPS标准时间,FINESTEERING,SOL_COMPUTED,SINGLE,24,14,14,14,BESTGNSSPOSA
0703002-0918-15-42-gnss_raw.txt,104.300,2436,459557.500,GPS标准时间,FINESTEERING,SOL_COMPUTED,SINGLE,24,14,14,14,BESTGNSSPOSA
0703002-0918-15-42-gnss_raw.txt,104.400,2436,459557.600,GPS标准时间,FINESTEERING,SOL_COMPUTED,SINGLE,24,14,14,14,BESTGNSSPOSA
0703002-0918-15-42-gnss_raw.txt,104.500,2436,459557.700,GPS标准时间,FINESTEERING,SOL_COMPUTED,SINGLE,24,15,15,15,BESTGNSSPOSA
0703002-0918-15-42-gnss_raw.txt,104.600,2436,459557.800,GPS标准时间,FINESTEERING,SOL_COMPUTED,SINGLE,24,15,15,15,BESTGNSSPOSA
0703002-0918-15-42-gnss_raw.txt,104.700,2436,459557.900,GPS标准时间,FINESTEERING,SOL_COMPUTED,SINGLE,24,15,15,15,BESTGNSSPOSA
0703002-0918-15-42-gnss_raw.txt,104.800,2436,459558.000,GPS标准时间,FINESTEERING,SOL_COMPUTED,SINGLE,24,15,15,15,BESTGNSSPOSA
0703002-0918-15-42-gnss_raw.txt,104.900,2436,459558.100,GPS标准时间,FINESTEERING,SOL_COMPUTED,SINGLE,24,15,15,15,BESTGNSSPOSA
0703002-0918-15-42-gnss_raw.txt,105.000,2436,459558.200,GPS标准时间,FINESTEERING,SOL_COMPUTED,SINGLE,24,15,15,15,BESTGNSSPOSA
0703002-0918-15-42-gnss_raw.txt,105.100,2436,459558.300,GPS标准时间,FINESTEERING,SOL_COMPUTED,SINGLE,24,15,15,15,BESTGNSSPOSA
0703002-0918-15-42-gnss_raw.txt,105.200,2436,459558.400,GPS标准时间,FINESTEERING,SOL_COMPUTED,SINGLE,24,15,15,15,BESTGNSSPOSA
0703002-0918-15-42-gnss_raw.txt,105.300,2436,459558.500,GPS标准时间,FINESTEERING,SOL_COMPUTED,SINGLE,24,14,14,14,BESTGNSSPOSA
0703002-0918-15-42-gnss_raw.txt,105.400,2436,459558.600,GPS标准时间,FINESTEERING,SOL_COMPUTED,SINGLE,24,14,14,14,BESTGNSSPOSA
0703002-0918-15-42-gnss_raw.txt,105.500,2436,459558.700,GPS标准时间,FINESTEERING,SOL_COMPUTED,SINGLE,24,14,14,14,BESTGNSSPOSA
0703002-0918-15-42-gnss_raw.txt,105.600,2436,459558.800,GPS标准时间,FINESTEERING,SOL_COMPUTED,SINGLE,24,14,14,14,BESTGNSSPOSA
0703002-0918-15-42-gnss_raw.txt,105.700,2436,459558.900,GPS标准时间,FINESTEERING,SOL_COMPUTED,SINGLE,24,13,13,13,BESTGNSSPOSA
0703002-0918-15-42-gnss_raw.txt,105.800,2436,459559.000,GPS标准时间,FINESTEERING,SOL_COMPUTED,SINGLE,24,13,13,13,BESTGNSSPOSA
0703002-0918-15-42-gnss_raw.txt,105.900,2436,459559.100,GPS标准时间,FINESTEERING,SOL_COMPUTED,SINGLE,24,14,14,14,BESTGNSSPOSA
0703002-0918-15-42-gnss_raw.txt,106.000,2436,459559.200,GPS标准时间,FINESTEERING,SOL_COMPUTED,SINGLE,24,14,14,14,BESTGNSSPOSA
0703002-0918-15-42-gnss_raw.txt,106.100,2436,459559.300,GPS标准时间,FINESTEERING,SOL_COMPUTED,SINGLE,24,15,15,15,BESTGNSSPOSA
0703002-0918-15-42-gnss_raw.txt,106.200,2436,459559.400,GPS标准时间,FINESTEERING,SOL_COMPUTED,SINGLE,24,14,14,14,BESTGNSSPOSA
0703002-0918-15-42-gnss_raw.txt,106.300,2436,459559.500,GPS标准时间,FINESTEERING,SOL_COMPUTED,SINGLE,24,13,13,13,BESTGNSSPOSA
0703002-0918-15-42-gnss_raw.txt,106.400,2436,459559.600,GPS标准时间,FINESTEERING,SOL_COMPUTED,SINGLE,24,14,14,14,BESTGNSSPOSA
0703002-0918-15-42-gnss_raw.txt,106.500,2436,459559.700,GPS标准时间,FINESTEERING,SOL_COMPUTED,SINGLE,24,14,14,14,BESTGNSSPOSA
0703002-0918-15-42-gnss_raw.txt,106.600,2436,459559.800,GPS标准时间,FINESTEERING,SOL_COMPUTED,SINGLE,24,14,14,14,BESTGNSSPOSA
0703002-0918-15-42-gnss_raw.txt,106.700,2436,459559.900,GPS标准时间,FINESTEERING,SOL_COMPUTED,SINGLE,24,13,13,13,BESTGNSSPOSA
0703002-0918-15-42-gnss_raw.txt,106.800,2436,459560.000,GPS标准时间,FINESTEERING,SOL_COMPUTED,SINGLE,24,14,14,14,BESTGNSSPOSA
0703002-0918-15-42-gnss_raw.txt,106.900,2436,459560.100,GPS标准时间,FINESTEERING,SOL_COMPUTED,SINGLE,24,13,13,13,BESTGNSSPOSA
0703002-0918-15-42-gnss_raw.txt,107.000,2436,459560.200,GPS标准时间,FINESTEERING,SOL_COMPUTED,SINGLE,24,14,14,14,BESTGNSSPOSA
0703002-0918-15-42-gnss_raw.txt,107.100,2436,459560.300,GPS标准时间,FINESTEERING,SOL_COMPUTED,SINGLE,24,13,13,13,BESTGNSSPOSA
0703002-0918-15-42-gnss_raw.txt,107.200,2436,459560.400,GPS标准时间,FINESTEERING,SOL_COMPUTED,SINGLE,24,13,13,13,BESTGNSSPOSA
0703002-0918-15-42-gnss_raw.txt,107.300,2436,459560.500,GPS标准时间,FINESTEERING,SOL_COMPUTED,SINGLE,24,14,14,14,BESTGNSSPOSA
0703002-0918-15-42-gnss_raw.txt,107.400,2436,459560.600,GPS标准时间,FINESTEERING,SOL_COMPUTED,SINGLE,24,13,13,13,BESTGNSSPOSA
0703002-0918-15-42-gnss_raw.txt,107.500,2436,459560.700,GPS标准时间,FINESTEERING,SOL_COMPUTED,SINGLE,24,12,12,12,BESTGNSSPOSA
0703002-0918-15-42-gnss_raw.txt,107.600,2436,459560.800,GPS标准时间,FINESTEERING,SOL_COMPUTED,SINGLE,24,12,12,12,BESTGNSSPOSA
0703002-0918-15-42-gnss_raw.txt,107.700,2436,459560.900,GPS标准时间,FINESTEERING,SOL_COMPUTED,SINGLE,24,13,13,13,BESTGNSSPOSA
0703002-0918-15-42-gnss_raw.txt,107.800,2436,459561.000,GPS标准时间,FINESTEERING,SOL_COMPUTED,SINGLE,24,14,14,14,BESTGNSSPOSA
0703002-0918-15-42-gnss_raw.txt,107.900,2436,459561.100,GPS标准时间,FINESTEERING,SOL_COMPUTED,SINGLE,24,15,15,15,BESTGNSSPOSA
0703002-0918-15-42-gnss_raw.txt,108.000,2436,459561.200,GPS标准时间,FINESTEERING,SOL_COMPUTED,SINGLE,24,14,14,14,BESTGNSSPOSA
0703002-0918-15-42-gnss_raw.txt,108.100,2436,459561.300,GPS标准时间,FINESTEERING,SOL_COMPUTED,SINGLE,24,15,15,15,BESTGNSSPOSA
0703002-0918-15-42-gnss_raw.txt,108.200,2436,459561.400,GPS标准时间,FINESTEERING,SOL_COMPUTED,SINGLE,24,14,14,14,BESTGNSSPOSA
0703002-0918-15-42-gnss_raw.txt,108.300,2436,459561.500,GPS标准时间,FINESTEERING,SOL_COMPUTED,SINGLE,24,13,13,13,BESTGNSSPOSA
0703002-0918-15-42-gnss_raw.txt,108.400,2436,459561.600,GPS标准时间,FINESTEERING,SOL_COMPUTED,SINGLE,24,13,13,13,BESTGNSSPOSA
0703002-0918-15-42-gnss_raw.txt,108.500,2436,459561.700,GPS标准时间,FINESTEERING,SOL_COMPUTED,SINGLE,24,13,13,13,BESTGNSSPOSA
0703002-0918-15-42-gnss_raw.txt,108.600,2436,459561.800,GPS标准时间,FINESTEERING,SOL_COMPUTED,SINGLE,24,14,14,14,BESTGNSSPOSA
0703002-0918-15-42-gnss_raw.txt,108.700,2436,459561.900,GPS标准时间,FINESTEERING,SOL_COMPUTED,SINGLE,24,14,14,14,BESTGNSSPOSA
0703002-0918-15-42-gnss_raw.txt,108.800,2436,459562.000,GPS标准时间,FINESTEERING,SOL_COMPUTED,SINGLE,24,14,14,14,BESTGNSSPOSA
0703002-0918-15-42-gnss_raw.txt,108.900,2436,459562.100,GPS标准时间,FINESTEERING,SOL_COMPUTED,SINGLE,24,14,14,14,BESTGNSSPOSA
0703002-0918-15-42-gnss_raw.txt,109.000,2436,459562.200,GPS标准时间,FINESTEERING,SOL_COMPUTED,SINGLE,24,14,14,14,BESTGNSSPOSA
0703002-0918-15-42-gnss_raw.txt,109.100,2436,459562.300,GPS标准时间,FINESTEERING,SOL_COMPUTED,SINGLE,24,14,14,14,BESTGNSSPOSA
0703002-0918-15-42-gnss_raw.txt,109.200,2436,459562.400,GPS标准时间,FINESTEERING,SOL_COMPUTED,SINGLE,24,14,14,14,BESTGNSSPOSA
0703002-0918-15-42-gnss_raw.txt,109.300,2436,459562.500,GPS标准时间,FINESTEERING,SOL_COMPUTED,SINGLE,24,14,14,14,BESTGNSSPOSA
0703002-0918-15-42-gnss_raw.txt,109.400,2436,459562.600,GPS标准时间,FINESTEERING,SOL_COMPUTED,SINGLE,24,14,14,14,BESTGNSSPOSA
0703002-0918-15-42-gnss_raw.txt,109.500,2436,459562.700,GPS标准时间,FINESTEERING,SOL_COMPUTED,SINGLE,24,14,14,14,BESTGNSSPOSA
0703002-0918-15-42-gnss_raw.txt,109.600,2436,459562.800,GPS标准时间,FINESTEERING,SOL_COMPUTED,SINGLE,24,14,14,14,BESTGNSSPOSA
0703002-0918-15-42-gnss_raw.txt,109.700,2436,459562.900,GPS标准时间,FINESTEERING,SOL_COMPUTED,SINGLE,24,14,14,14,BESTGNSSPOSA
0703002-0918-15-42-gnss_raw.txt,109.800,2436,459563.000,GPS标准时间,FINESTEERING,SOL_COMPUTED,SINGLE,24,14,14,14,BESTGNSSPOSA
0703002-0918-15-42-gnss_raw.txt,109.900,2436,459563.100,GPS标准时间,FINESTEERING,SOL_COMPUTED,SINGLE,24,14,14,14,BESTGNSSPOSA
0703002-0918-15-42-gnss_raw.txt,110.000,2436,459563.200,GPS标准时间,FINESTEERING,SOL_COMPUTED,SINGLE,24,14,14,14,BESTGNSSPOSA
0703002-0918-15-42-gnss_raw.txt,110.100,2436,459563.300,GPS标准时间,FINESTEERING,SOL_COMPUTED,SINGLE,24,14,14,14,BESTGNSSPOSA
0703002-0918-15-42-gnss_raw.txt,110.200,2436,459563.400,GPS标准时间,FINESTEERING,SOL_COMPUTED,SINGLE,24,13,13,13,BESTGNSSPOSA
0703002-0918-15-42-gnss_raw.txt,110.300,2436,459563.500,GPS标准时间,FINESTEERING,SOL_COMPUTED,SINGLE,24,14,14,14,BESTGNSSPOSA
0703002-0918-15-42-gnss_raw.txt,110.400,2436,459563.600,GPS标准时间,FINESTEERING,SOL_COMPUTED,SINGLE,24,14,14,14,BESTGNSSPOSA
0703002-0918-15-42-gnss_raw.txt,110.500,2436,459563.700,GPS标准时间,FINESTEERING,SOL_COMPUTED,SINGLE,24,13,13,13,BESTGNSSPOSA
0703002-0918-15-42-gnss_raw.txt,110.600,2436,459563.800,GPS标准时间,FINESTEERING,SOL_COMPUTED,SINGLE,24,13,13,13,BESTGNSSPOSA
0703002-0918-15-42-gnss_raw.txt,110.700,2436,459563.900,GPS标准时间,FINESTEERING,SOL_COMPUTED,SINGLE,24,15,15,15,BESTGNSSPOSA
0703002-0918-15-42-gnss_raw.txt,110.800,2436,459564.000,GPS标准时间,FINESTEERING,SOL_COMPUTED,SINGLE,24,15,15,15,BESTGNSSPOSA
0703002-0918-15-42-gnss_raw.txt,110.900,2436,459564.100,GPS标准时间,FINESTEERING,SOL_COMPUTED,SINGLE,24,14,14,14,BESTGNSSPOSA
0703002-0918-15-42-gnss_raw.txt,111.000,2436,459564.200,GPS标准时间,FINESTEERING,SOL_COMPUTED,SINGLE,24,15,15,15,BESTGNSSPOSA
0703002-0918-15-42-gnss_raw.txt,111.100,2436,459564.300,GPS标准时间,FINESTEERING,SOL_COMPUTED,SINGLE,24,15,15,15,BESTGNSSPOSA
0703002-0918-15-42-gnss_raw.txt,111.200,2436,459564.400,GPS标准时间,FINESTEERING,SOL_COMPUTED,SINGLE,24,15,15,15,BESTGNSSPOSA
0703002-0918-15-42-gnss_raw.txt,111.300,2436,459564.500,GPS标准时间,FINESTEERING,SOL_COMPUTED,SINGLE,24,14,14,14,BESTGNSSPOSA
0703002-0918-15-42-gnss_raw.txt,111.400,2436,459564.600,GPS标准时间,FINESTEERING,SOL_COMPUTED,SINGLE,24,15,15,15,BESTGNSSPOSA
0703002-0918-15-42-gnss_raw.txt,111.500,2436,459564.700,GPS标准时间,FINESTEERING,SOL_COMPUTED,SINGLE,24,15,15,15,BESTGNSSPOSA
0703002-0918-15-42-gnss_raw.txt,111.600,2436,459564.800,GPS标准时间,FINESTEERING,SOL_COMPUTED,SINGLE,24,14,14,14,BESTGNSSPOSA
0703002-0918-15-42-gnss_raw.txt,111.700,2436,459564.900,GPS标准时间,FINESTEERING,SOL_COMPUTED,SINGLE,24,15,15,15,BESTGNSSPOSA
0703002-0918-15-42-gnss_raw.txt,111.800,2436,459565.000,GPS标准时间,FINESTEERING,SOL_COMPUTED,SINGLE,24,14,14,14,BESTGNSSPOSA
0703002-0918-15-42-gnss_raw.txt,111.900,2436,459565.100,GPS标准时间,FINESTEERING,SOL_COMPUTED,SINGLE,24,14,14,14,BESTGNSSPOSA
0703002-0918-15-42-gnss_raw.txt,112.000,2436,459565.200,GPS标准时间,FINESTEERING,SOL_COMPUTED,SINGLE,24,13,13,13,BESTGNSSPOSA
0703002-0918-15-42-gnss_raw.txt,112.100,2436,459565.300,GPS标准时间,FINESTEERING,SOL_COMPUTED,SINGLE,24,13,13,13,BESTGNSSPOSA
0703002-0918-15-42-gnss_raw.txt,112.200,2436,459565.400,GPS标准时间,FINESTEERING,SOL_COMPUTED,SINGLE,24,14,14,14,BESTGNSSPOSA
0703002-0918-15-42-gnss_raw.txt,112.300,2436,459565.500,GPS标准时间,FINESTEERING,SOL_COMPUTED,SINGLE,24,15,15,15,BESTGNSSPOSA
0703002-0918-15-42-gnss_raw.txt,112.400,2436,459565.600,GPS标准时间,FINESTEERING,SOL_COMPUTED,SINGLE,24,15,15,15,BESTGNSSPOSA
0703002-0918-15-42-gnss_raw.txt,112.500,2436,459565.700,GPS标准时间,FINESTEERING,SOL_COMPUTED,SINGLE,24,15,15,15,BESTGNSSPOSA
0703002-0918-15-42-gnss_raw.txt,112.600,2436,459565.800,GPS标准时间,FINESTEERING,SOL_COMPUTED,SINGLE,24,15,15,15,BESTGNSSPOSA
0703002-0918-15-42-gnss_raw.txt,112.700,2436,459565.900,GPS标准时间,FINESTEERING,SOL_COMPUTED,SINGLE,24,14,14,14,BESTGNSSPOSA
0703002-0918-15-42-gnss_raw.txt,112.800,2436,459566.000,GPS标准时间,FINESTEERING,SOL_COMPUTED,SINGLE,24,14,14,14,BESTGNSSPOSA
0703002-0918-15-42-gnss_raw.txt,112.900,2436,459566.100,GPS标准时间,FINESTEERING,SOL_COMPUTED,SINGLE,24,15,15,15,BESTGNSSPOSA
0703002-0918-15-42-gnss_raw.txt,113.000,2436,459566.200,GPS标准时间,FINESTEERING,SOL_COMPUTED,SINGLE,25,16,16,16,BESTGNSSPOSA
0703002-0918-15-42-gnss_raw.txt,113.100,2436,459566.300,GPS标准时间,FINESTEERING,SOL_COMPUTED,SINGLE,25,16,16,16,BESTGNSSPOSA
0703002-0918-15-42-gnss_raw.txt,113.200,2436,459566.400,GPS标准时间,FINESTEERING,SOL_COMPUTED,SINGLE,25,15,15,15,BESTGNSSPOSA
0703002-0918-15-42-gnss_raw.txt,113.300,2436,459566.500,GPS标准时间,FINESTEERING,SOL_COMPUTED,SINGLE,25,15,15,15,BESTGNSSPOSA
0703002-0918-15-42-gnss_raw.txt,113.400,2436,459566.600,GPS标准时间,FINESTEERING,SOL_COMPUTED,SINGLE,25,14,14,14,BESTGNSSPOSA
0703002-0918-15-42-gnss_raw.txt,113.500,2436,459566.700,GPS标准时间,FINESTEERING,SOL_COMPUTED,SINGLE,25,15,15,15,BESTGNSSPOSA
0703002-0918-15-42-gnss_raw.txt,113.600,2436,459566.800,GPS标准时间,FINESTEERING,SOL_COMPUTED,SINGLE,25,14,14,14,BESTGNSSPOSA
0703002-0918-15-42-gnss_raw.txt,113.700,2436,459566.900,GPS标准时间,FINESTEERING,SOL_COMPUTED,SINGLE,25,14,14,14,BESTGNSSPOSA
0703002-0918-15-42-gnss_raw.txt,113.800,2436,459567.000,GPS标准时间,FINESTEERING,SOL_COMPUTED,SINGLE,25,14,14,14,BESTGNSSPOSA
0703002-0918-15-42-gnss_raw.txt,113.900,2436,459567.100,GPS标准时间,FINESTEERING,SOL_COMPUTED,SINGLE,25,14,14,14,BESTGNSSPOSA
0703002-0918-15-42-gnss_raw.txt,114.000,2436,459567.200,GPS标准时间,FINESTEERING,SOL_COMPUTED,SINGLE,25,13,13,13,BESTGNSSPOSA
0703002-0918-15-42-gnss_raw.txt,114.100,2436,459567.300,GPS标准时间,FINESTEERING,SOL_COMPUTED,SINGLE,25,13,13,13,BESTGNSSPOSA
0703002-0918-15-42-gnss_raw.txt,114.200,2436,459567.400,GPS标准时间,FINESTEERING,SOL_COMPUTED,SINGLE,25,13,13,13,BESTGNSSPOSA
0703002-0918-15-42-gnss_raw.txt,114.300,2436,459567.500,GPS标准时间,FINESTEERING,SOL_COMPUTED,SINGLE,25,13,13,13,BESTGNSSPOSA
0703002-0918-15-42-gnss_raw.txt,114.400,2436,459567.600,GPS标准时间,FINESTEERING,SOL_COMPUTED,SINGLE,25,14,14,14,BESTGNSSPOSA
0703002-0918-15-42-gnss_raw.txt,114.500,2436,459567.700,GPS标准时间,FINESTEERING,SOL_COMPUTED,SINGLE,25,11,11,11,BESTGNSSPOSA
0703002-0918-15-42-gnss_raw.txt,114.600,2436,459567.800,GPS标准时间,FINESTEERING,SOL_COMPUTED,SINGLE,25,12,12,12,BESTGNSSPOSA
0703002-0918-15-42-gnss_raw.txt,114.700,2436,459567.900,GPS标准时间,FINESTEERING,SOL_COMPUTED,SINGLE,25,13,13,13,BESTGNSSPOSA
0703002-0918-15-42-gnss_raw.txt,114.800,2436,459568.000,GPS标准时间,FINESTEERING,SOL_COMPUTED,SINGLE,25,13,13,13,BESTGNSSPOSA
0703002-0918-15-42-gnss_raw.txt,114.900,2436,459568.100,GPS标准时间,FINESTEERING,SOL_COMPUTED,SINGLE,25,13,13,13,BESTGNSSPOSA
0703002-0918-15-42-gnss_raw.txt,115.000,2436,459568.200,GPS标准时间,FINESTEERING,SOL_COMPUTED,SINGLE,24,13,13,13,BESTGNSSPOSA
0703002-0918-15-42-gnss_raw.txt,115.100,2436,459568.300,GPS标准时间,FINESTEERING,SOL_COMPUTED,SINGLE,24,12,12,12,BESTGNSSPOSA
0703002-0918-15-42-gnss_raw.txt,115.200,2436,459568.400,GPS标准时间,FINESTEERING,SOL_COMPUTED,SINGLE,24,13,13,13,BESTGNSSPOSA
0703002-0918-15-42-gnss_raw.txt,115.300,2436,459568.500,GPS标准时间,FINESTEERING,SOL_COMPUTED,SINGLE,24,13,13,13,BESTGNSSPOSA
0703002-0918-15-42-gnss_raw.txt,115.400,2436,459568.600,GPS标准时间,FINESTEERING,SOL_COMPUTED,SINGLE,24,14,14,14,BESTGNSSPOSA
0703002-0918-15-42-gnss_raw.txt,115.500,2436,459568.700,GPS标准时间,FINESTEERING,SOL_COMPUTED,SINGLE,24,13,13,13,BESTGNSSPOSA
0703002-0918-15-42-gnss_raw.txt,115.600,2436,459568.800,GPS标准时间,FINESTEERING,SOL_COMPUTED,SINGLE,24,14,14,14,BESTGNSSPOSA
0703002-0918-15-42-gnss_raw.txt,115.700,2436,459568.900,GPS标准时间,FINESTEERING,SOL_COMPUTED,SINGLE,24,14,14,14,BESTGNSSPOSA
0703002-0918-15-42-gnss_raw.txt,115.800,2436,459569.000,GPS标准时间,FINESTEERING,SOL_COMPUTED,SINGLE,24,15,15,15,BESTGNSSPOSA
0703002-0918-15-42-gnss_raw.txt,115.900,2436,459569.100,GPS标准时间,FINESTEERING,SOL_COMPUTED,SINGLE,24,14,14,14,BESTGNSSPOSA
0703002-0918-15-42-gnss_raw.txt,116.000,2436,459569.200,GPS标准时间,FINESTEERING,SOL_COMPUTED,SINGLE,24,15,15,15,BESTGNSSPOSA
0703002-0918-15-42-gnss_raw.txt,116.100,2436,459569.300,GPS标准时间,FINESTEERING,SOL_COMPUTED,SINGLE,24,14,14,14,BESTGNSSPOSA
0703002-0918-15-42-gnss_raw.txt,116.200,2436,459569.400,GPS标准时间,FINESTEERING,SOL_COMPUTED,SINGLE,24,13,13,13,BESTGNSSPOSA
0703002-0918-15-42-gnss_raw.txt,116.300,2436,459569.500,GPS标准时间,FINESTEERING,SOL_COMPUTED,SINGLE,24,13,13,13,BESTGNSSPOSA
0703002-0918-15-42-gnss_raw.txt,116.400,2436,459569.600,GPS标准时间,FINESTEERING,SOL_COMPUTED,SINGLE,24,13,13,13,BESTGNSSPOSA
0703002-0918-15-42-gnss_raw.txt,116.500,2436,459569.700,GPS标准时间,FINESTEERING,SOL_COMPUTED,SINGLE,24,14,14,14,BESTGNSSPOSA
0703002-0918-15-42-gnss_raw.txt,116.600,2436,459569.800,GPS标准时间,FINESTEERING,SOL_COMPUTED,SINGLE,24,14,14,14,BESTGNSSPOSA
0703002-0918-15-42-gnss_raw.txt,116.700,2436,459569.900,GPS标准时间,FINESTEERING,SOL_COMPUTED,SINGLE,24,13,13,13,BESTGNSSPOSA
0703002-0918-15-42-gnss_raw.txt,116.800,2436,459570.000,GPS标准时间,FINESTEERING,SOL_COMPUTED,SINGLE,24,13,13,13,BESTGNSSPOSA
0703002-0918-15-42-gnss_raw.txt,116.900,2436,459570.100,GPS标准时间,FINESTEERING,SOL_COMPUTED,SINGLE,24,13,13,13,BESTGNSSPOSA
0703002-0918-15-42-gnss_raw.txt,117.000,2436,459570.200,GPS标准时间,FINESTEERING,SOL_COMPUTED,SINGLE,24,13,13,13,BESTGNSSPOSA
0703002-0918-15-42-gnss_raw.txt,117.100,2436,459570.300,GPS标准时间,FINESTEERING,SOL_COMPUTED,SINGLE,24,12,12,12,BESTGNSSPOSA
0703002-0918-15-42-gnss_raw.txt,117.200,2436,459570.400,GPS标准时间,FINESTEERING,SOL_COMPUTED,SINGLE,24,12,12,12,BESTGNSSPOSA
0703002-0918-15-42-gnss_raw.txt,117.300,2436,459570.500,GPS标准时间,FINESTEERING,SOL_COMPUTED,SINGLE,24,12,12,12,BESTGNSSPOSA
0703002-0918-15-42-gnss_raw.txt,117.400,2436,459570.600,GPS标准时间,FINESTEERING,SOL_COMPUTED,SINGLE,24,12,12,12,BESTGNSSPOSA
0703002-0918-15-42-gnss_raw.txt,117.500,2436,459570.700,GPS标准时间,FINESTEERING,SOL_COMPUTED,SINGLE,24,12,12,12,BESTGNSSPOSA
0703002-0918-15-42-gnss_raw.txt,117.600,2436,459570.800,GPS标准时间,FINESTEERING,SOL_COMPUTED,SINGLE,24,12,12,12,BESTGNSSPOSA
0703002-0918-15-42-gnss_raw.txt,117.700,2436,459570.900,GPS标准时间,FINESTEERING,SOL_COMPUTED,SINGLE,24,12,12,12,BESTGNSSPOSA
0703002-0918-15-42-gnss_raw.txt,117.800,2436,459571.000,GPS标准时间,FINESTEERING,SOL_COMPUTED,SINGLE,24,12,12,12,BESTGNSSPOSA
0703002-0918-15-42-gnss_raw.txt,117.900,2436,459571.100,GPS标准时间,FINESTEERING,SOL_COMPUTED,SINGLE,24,13,13,13,BESTGNSSPOSA
0703002-0918-15-42-gnss_raw.txt,118.000,2436,459571.200,GPS标准时间,FINESTEERING,SOL_COMPUTED,SINGLE,24,13,13,13,BESTGNSSPOSA
0703002-0918-15-42-gnss_raw.txt,118.100,2436,459571.300,GPS标准时间,FINESTEERING,SOL_COMPUTED,SINGLE,24,13,13,13,BESTGNSSPOSA
0703002-0918-15-42-gnss_raw.txt,118.200,2436,459571.400,GPS标准时间,FINESTEERING,SOL_COMPUTED,SINGLE,24,13,13,13,BESTGNSSPOSA
0703002-0918-15-42-gnss_raw.txt,118.300,2436,459571.500,GPS标准时间,FINESTEERING,SOL_COMPUTED,SINGLE,24,12,12,12,BESTGNSSPOSA
0703002-0918-15-42-gnss_raw.txt,118.400,2436,459571.600,GPS标准时间,FINESTEERING,SOL_COMPUTED,SINGLE,24,11,11,11,BESTGNSSPOSA
0703002-0918-15-42-gnss_raw.txt,118.500,2436,459571.700,GPS标准时间,FINESTEERING,SOL_COMPUTED,SINGLE,24,11,11,11,BESTGNSSPOSA
0703002-0918-15-42-gnss_raw.txt,118.600,2436,459571.800,GPS标准时间,FINESTEERING,SOL_COMPUTED,SINGLE,24,15,15,15,BESTGNSSPOSA
0703002-0918-15-42-gnss_raw.txt,118.700,2436,459571.900,GPS标准时间,FINESTEERING,SOL_COMPUTED,SINGLE,24,15,15,15,BESTGNSSPOSA
0703002-0918-15-42-gnss_raw.txt,118.800,2436,459572.000,GPS标准时间,FINESTEERING,SOL_COMPUTED,SINGLE,24,15,15,15,BESTGNSSPOSA
0703002-0918-15-42-gnss_raw.txt,118.900,2436,459572.100,GPS标准时间,FINESTEERING,SOL_COMPUTED,SINGLE,24,13,13,13,BESTGNSSPOSA
0703002-0918-15-42-gnss_raw.txt,119.000,2436,459572.200,GPS标准时间,FINESTEERING,SOL_COMPUTED,SINGLE,24,15,15,15,BESTGNSSPOSA
0703002-0918-15-42-gnss_raw.txt,119.100,2436,459572.300,GPS标准时间,FINESTEERING,SOL_COMPUTED,SINGLE,24,14,14,14,BESTGNSSPOSA
0703002-0918-15-42-gnss_raw.txt,119.200,2436,459572.400,GPS标准时间,FINESTEERING,SOL_COMPUTED,SINGLE,24,16,16,16,BESTGNSSPOSA
0703002-0918-15-42-gnss_raw.txt,119.300,2436,459572.500,GPS标准时间,FINESTEERING,SOL_COMPUTED,SINGLE,24,14,14,14,BESTGNSSPOSA
0703002-0918-15-42-gnss_raw.txt,119.400,2436,459572.600,GPS标准时间,FINESTEERING,SOL_COMPUTED,SINGLE,24,15,15,15,BESTGNSSPOSA
0703002-0918-15-42-gnss_raw.txt,119.500,2436,459572.700,GPS标准时间,FINESTEERING,SOL_COMPUTED,SINGLE,24,15,15,15,BESTGNSSPOSA
0703002-0918-15-42-gnss_raw.txt,119.600,2436,459572.800,GPS标准时间,FINESTEERING,SOL_COMPUTED,SINGLE,24,15,15,15,BESTGNSSPOSA
0703002-0918-15-42-gnss_raw.txt,119.700,2436,459572.900,GPS标准时间,FINESTEERING,SOL_COMPUTED,SINGLE,24,15,15,15,BESTGNSSPOSA
0703002-0918-15-42-gnss_raw.txt,119.800,2436,459573.000,GPS标准时间,FINESTEERING,SOL_COMPUTED,SINGLE,24,15,15,15,BESTGNSSPOSA
0703002-0918-15-42-gnss_raw.txt,119.900,2436,459573.100,GPS标准时间,FINESTEERING,SOL_COMPUTED,SINGLE,24,15,15,15,BESTGNSSPOSA
0703002-0918-15-42-gnss_raw.txt,120.000,2436,459573.200,GPS标准时间,FINESTEERING,SOL_COMPUTED,SINGLE,24,14,14,14,BESTGNSSPOSA
0703002-0918-15-42-gnss_raw.txt,120.100,2436,459573.300,GPS标准时间,FINESTEERING,SOL_COMPUTED,SINGLE,24,15,15,15,BESTGNSSPOSA
0703002-0918-15-42-gnss_raw.txt,120.200,2436,459573.400,GPS标准时间,FINESTEERING,SOL_COMPUTED,SINGLE,24,15,15,15,BESTGNSSPOSA
0703002-0918-15-42-gnss_raw.txt,120.300,2436,459573.500,GPS标准时间,FINESTEERING,SOL_COMPUTED,SINGLE,24,15,15,15,BESTGNSSPOSA
0703002-0918-15-42-gnss_raw.txt,120.400,2436,459573.600,GPS标准时间,FINESTEERING,SOL_COMPUTED,SINGLE,24,15,15,15,BESTGNSSPOSA
0703002-0918-15-42-gnss_raw.txt,120.500,2436,459573.700,GPS标准时间,FINESTEERING,SOL_COMPUTED,SINGLE,24,15,15,15,BESTGNSSPOSA
0703002-0918-15-42-gnss_raw.txt,120.600,2436,459573.800,GPS标准时间,FINESTEERING,SOL_COMPUTED,SINGLE,24,15,15,15,BESTGNSSPOSA
0703002-0918-15-42-gnss_raw.txt,120.700,2436,459573.900,GPS标准时间,FINESTEERING,SOL_COMPUTED,SINGLE,24,15,15,15,BESTGNSSPOSA
0703002-0918-15-42-gnss_raw.txt,120.800,2436,459574.000,GPS标准时间,FINESTEERING,SOL_COMPUTED,SINGLE,24,15,15,15,BESTGNSSPOSA
0703002-0918-15-42-gnss_raw.txt,120.900,2436,459574.100,GPS标准时间,FINESTEERING,SOL_COMPUTED,SINGLE,24,15,15,15,BESTGNSSPOSA
0703002-0918-15-42-gnss_raw.txt,121.000,2436,459574.200,GPS标准时间,FINESTEERING,SOL_COMPUTED,SINGLE,24,14,14,14,BESTGNSSPOSA
0703002-0918-15-42-gnss_raw.txt,121.100,2436,459574.300,GPS标准时间,FINESTEERING,SOL_COMPUTED,SINGLE,24,13,13,13,BESTGNSSPOSA
0703002-0918-15-42-gnss_raw.txt,121.200,2436,459574.400,GPS标准时间,FINESTEERING,SOL_COMPUTED,SINGLE,24,13,13,13,BESTGNSSPOSA
0703002-0918-15-42-gnss_raw.txt,121.300,2436,459574.500,GPS标准时间,FINESTEERING,SOL_COMPUTED,SINGLE,24,15,15,15,BESTGNSSPOSA
0703002-0918-15-42-gnss_raw.txt,121.400,2436,459574.600,GPS标准时间,FINESTEERING,SOL_COMPUTED,SINGLE,24,15,15,15,BESTGNSSPOSA
0703002-0918-15-42-gnss_raw.txt,121.500,2436,459574.700,GPS标准时间,FINESTEERING,SOL_COMPUTED,SINGLE,24,15,15,15,BESTGNSSPOSA
0703002-0918-15-42-gnss_raw.txt,121.600,2436,459574.800,GPS标准时间,FINESTEERING,SOL_COMPUTED,SINGLE,24,14,14,14,BESTGNSSPOSA
0703002-0918-15-42-gnss_raw.txt,121.700,2436,459574.900,GPS标准时间,FINESTEERING,SOL_COMPUTED,SINGLE,24,15,15,15,BESTGNSSPOSA
0703002-0918-15-42-gnss_raw.txt,121.800,2436,459575.000,GPS标准时间,FINESTEERING,SOL_COMPUTED,SINGLE,24,15,15,15,BESTGNSSPOSA
0703002-0918-15-42-gnss_raw.txt,121.900,2436,459575.100,GPS标准时间,FINESTEERING,SOL_COMPUTED,SINGLE,24,15,15,15,BESTGNSSPOSA
0703002-0918-15-42-gnss_raw.txt,122.000,2436,459575.200,GPS标准时间,FINESTEERING,SOL_COMPUTED,SINGLE,24,14,14,14,BESTGNSSPOSA
0703002-0918-15-42-gnss_raw.txt,122.100,2436,459575.300,GPS标准时间,FINESTEERING,SOL_COMPUTED,SINGLE,24,13,13,13,BESTGNSSPOSA
0703002-0918-15-42-gnss_raw.txt,122.200,2436,459575.400,GPS标准时间,FINESTEERING,SOL_COMPUTED,SINGLE,24,13,13,13,BESTGNSSPOSA
0703002-0918-15-42-gnss_raw.txt,122.300,2436,459575.500,GPS标准时间,FINESTEERING,SOL_COMPUTED,SINGLE,24,15,15,15,BESTGNSSPOSA
0703002-0918-15-42-gnss_raw.txt,122.400,2436,459575.600,GPS标准时间,FINESTEERING,SOL_COMPUTED,SINGLE,24,14,14,14,BESTGNSSPOSA
0703002-0918-15-42-gnss_raw.txt,122.500,2436,459575.700,GPS标准时间,FINESTEERING,SOL_COMPUTED,SINGLE,24,15,15,15,BESTGNSSPOSA
0703002-0918-15-42-gnss_raw.txt,122.600,2436,459575.800,GPS标准时间,FINESTEERING,SOL_COMPUTED,SINGLE,24,13,13,13,BESTGNSSPOSA
0703002-0918-15-42-gnss_raw.txt,122.700,2436,459575.900,GPS标准时间,FINESTEERING,SOL_COMPUTED,SINGLE,24,15,15,15,BESTGNSSPOSA
0703002-0918-15-42-gnss_raw.txt,122.800,2436,459576.000,GPS标准时间,FINESTEERING,SOL_COMPUTED,SINGLE,24,13,13,13,BESTGNSSPOSA
0703002-0918-15-42-gnss_raw.txt,122.900,2436,459576.100,GPS标准时间,FINESTEERING,SOL_COMPUTED,SINGLE,24,13,13,13,BESTGNSSPOSA
0703002-0918-15-42-gnss_raw.txt,123.000,2436,459576.200,GPS标准时间,FINESTEERING,SOL_COMPUTED,SINGLE,24,13,13,13,BESTGNSSPOSA
0703002-0918-15-42-gnss_raw.txt,123.100,2436,459576.300,GPS标准时间,FINESTEERING,SOL_COMPUTED,SINGLE,24,13,13,13,BESTGNSSPOSA
0703002-0918-15-42-gnss_raw.txt,123.200,2436,459576.400,GPS标准时间,FINESTEERING,SOL_COMPUTED,SINGLE,24,16,16,16,BESTGNSSPOSA
0703002-0918-15-42-gnss_raw.txt,123.300,2436,459576.500,GPS标准时间,FINESTEERING,SOL_COMPUTED,SINGLE,24,17,17,17,BESTGNSSPOSA
0703002-0918-15-42-gnss_raw.txt,123.400,2436,459576.600,GPS标准时间,FINESTEERING,SOL_COMPUTED,SINGLE,24,16,16,16,BESTGNSSPOSA
0703002-0918-15-42-gnss_raw.txt,123.500,2436,459576.700,GPS标准时间,FINESTEERING,SOL_COMPUTED,SINGLE,24,16,16,16,BESTGNSSPOSA
0703002-0918-15-42-gnss_raw.txt,123.600,2436,459576.800,GPS标准时间,FINESTEERING,SOL_COMPUTED,SINGLE,24,16,16,16,BESTGNSSPOSA
0703002-0918-15-42-gnss_raw.txt,123.700,2436,459576.900,GPS标准时间,FINESTEERING,SOL_COMPUTED,SINGLE,24,15,15,15,BESTGNSSPOSA
0703002-0918-15-42-gnss_raw.txt,123.800,2436,459577.000,GPS标准时间,FINESTEERING,SOL_COMPUTED,SINGLE,24,16,16,16,BESTGNSSPOSA
0703002-0918-15-42-gnss_raw.txt,123.900,2436,459577.100,GPS标准时间,FINESTEERING,SOL_COMPUTED,SINGLE,24,14,14,14,BESTGNSSPOSA
0703002-0918-15-42-gnss_raw.txt,124.000,2436,459577.200,GPS标准时间,FINESTEERING,SOL_COMPUTED,SINGLE,24,14,14,14,BESTGNSSPOSA
0703002-0918-15-42-gnss_raw.txt,124.100,2436,459577.300,GPS标准时间,FINESTEERING,SOL_COMPUTED,SINGLE,24,16,16,16,BESTGNSSPOSA
0703002-0918-15-42-gnss_raw.txt,124.200,2436,459577.400,GPS标准时间,FINESTEERING,SOL_COMPUTED,SINGLE,24,15,15,15,BESTGNSSPOSA
0703002-0918-15-42-gnss_raw.txt,124.300,2436,459577.500,GPS标准时间,FINESTEERING,SOL_COMPUTED,SINGLE,24,15,15,15,BESTGNSSPOSA
0703002-0918-15-42-gnss_raw.txt,124.400,2436,459577.600,GPS标准时间,FINESTEERING,SOL_COMPUTED,SINGLE,24,14,14,14,BESTGNSSPOSA
0703002-0918-15-42-gnss_raw.txt,124.500,2436,459577.700,GPS标准时间,FINESTEERING,SOL_COMPUTED,SINGLE,24,15,15,15,BESTGNSSPOSA
0703002-0918-15-42-gnss_raw.txt,124.600,2436,459577.800,GPS标准时间,FINESTEERING,SOL_COMPUTED,SINGLE,24,16,16,16,BESTGNSSPOSA
0703002-0918-15-42-gnss_raw.txt,124.700,2436,459577.900,GPS标准时间,FINESTEERING,SOL_COMPUTED,SINGLE,24,15,15,15,BESTGNSSPOSA
0703002-0918-15-42-gnss_raw.txt,124.800,2436,459578.000,GPS标准时间,FINESTEERING,SOL_COMPUTED,SINGLE,24,17,17,17,BESTGNSSPOSA
0703002-0918-15-42-gnss_raw.txt,124.900,2436,459578.100,GPS标准时间,FINESTEERING,SOL_COMPUTED,SINGLE,24,17,17,17,BESTGNSSPOSA
0703002-0918-15-42-gnss_raw.txt,125.000,2436,459578.200,GPS标准时间,FINESTEERING,SOL_COMPUTED,SINGLE,24,16,16,16,BESTGNSSPOSA
0703002-0918-15-42-gnss_raw.txt,125.100,2436,459578.300,GPS标准时间,FINESTEERING,SOL_COMPUTED,SINGLE,24,16,16,16,BESTGNSSPOSA
0703002-0918-15-42-gnss_raw.txt,125.200,2436,459578.400,GPS标准时间,FINESTEERING,SOL_COMPUTED,SINGLE,24,15,15,15,BESTGNSSPOSA
0703002-0918-15-42-gnss_raw.txt,125.300,2436,459578.500,GPS标准时间,FINESTEERING,SOL_COMPUTED,SINGLE,24,15,15,15,BESTGNSSPOSA
0703002-0918-15-42-gnss_raw.txt,125.400,2436,459578.600,GPS标准时间,FINESTEERING,SOL_COMPUTED,SINGLE,24,15,15,15,BESTGNSSPOSA
0703002-0918-15-42-gnss_raw.txt,125.500,2436,459578.700,GPS标准时间,FINESTEERING,SOL_COMPUTED,SINGLE,24,16,16,16,BESTGNSSPOSA
0703002-0918-15-42-gnss_raw.txt,125.600,2436,459578.800,GPS标准时间,FINESTEERING,SOL_COMPUTED,SINGLE,24,16,16,16,BESTGNSSPOSA
0703002-0918-15-42-gnss_raw.txt,125.700,2436,459578.900,GPS标准时间,FINESTEERING,SOL_COMPUTED,SINGLE,24,16,16,16,BESTGNSSPOSA
0703002-0918-15-42-gnss_raw.txt,125.800,2436,459579.000,GPS标准时间,FINESTEERING,SOL_COMPUTED,SINGLE,24,16,16,16,BESTGNSSPOSA
0703002-0918-15-42-gnss_raw.txt,125.900,2436,459579.100,GPS标准时间,FINESTEERING,SOL_COMPUTED,SINGLE,24,15,15,15,BESTGNSSPOSA
0703002-0918-15-42-gnss_raw.txt,126.000,2436,459579.200,GPS标准时间,FINESTEERING,SOL_COMPUTED,SINGLE,24,16,16,16,BESTGNSSPOSA
0703002-0918-15-42-gnss_raw.txt,126.100,2436,459579.300,GPS标准时间,FINESTEERING,SOL_COMPUTED,SINGLE,24,16,16,16,BESTGNSSPOSA
0703002-0918-15-42-gnss_raw.txt,126.200,2436,459579.400,GPS标准时间,FINESTEERING,SOL_COMPUTED,SINGLE,24,16,16,16,BESTGNSSPOSA
0703002-0918-15-42-gnss_raw.txt,126.300,2436,459579.500,GPS标准时间,FINESTEERING,SOL_COMPUTED,SINGLE,24,15,15,15,BESTGNSSPOSA
0703002-0918-15-42-gnss_raw.txt,126.400,2436,459579.600,GPS标准时间,FINESTEERING,SOL_COMPUTED,SINGLE,24,15,15,15,BESTGNSSPOSA
0703002-0918-15-42-gnss_raw.txt,126.500,2436,459579.700,GPS标准时间,FINESTEERING,SOL_COMPUTED,SINGLE,24,15,15,15,BESTGNSSPOSA
0703002-0918-15-42-gnss_raw.txt,126.600,2436,459579.800,GPS标准时间,FINESTEERING,SOL_COMPUTED,SINGLE,24,15,15,15,BESTGNSSPOSA
0703002-0918-15-42-gnss_raw.txt,126.700,2436,459579.900,GPS标准时间,FINESTEERING,SOL_COMPUTED,SINGLE,24,15,15,15,BESTGNSSPOSA
0703002-0918-15-42-gnss_raw.txt,126.800,2436,459580.000,GPS标准时间,FINESTEERING,SOL_COMPUTED,SINGLE,24,16,16,16,BESTGNSSPOSA
0703002-0918-15-42-gnss_raw.txt,126.900,2436,459580.100,GPS标准时间,FINESTEERING,SOL_COMPUTED,SINGLE,24,16,16,16,BESTGNSSPOSA
0703002-0918-15-42-gnss_raw.txt,127.000,2436,459580.200,GPS标准时间,FINESTEERING,SOL_COMPUTED,SINGLE,24,16,16,16,BESTGNSSPOSA
0703002-0918-15-42-gnss_raw.txt,127.100,2436,459580.300,GPS标准时间,FINESTEERING,SOL_COMPUTED,SINGLE,24,14,14,14,BESTGNSSPOSA
0703002-0918-15-42-gnss_raw.txt,127.200,2436,459580.400,GPS标准时间,FINESTEERING,SOL_COMPUTED,SINGLE,24,15,15,15,BESTGNSSPOSA
0703002-0918-15-42-gnss_raw.txt,127.300,2436,459580.500,GPS标准时间,FINESTEERING,SOL_COMPUTED,SINGLE,24,15,15,15,BESTGNSSPOSA
0703002-0918-15-42-gnss_raw.txt,127.400,2436,459580.600,GPS标准时间,FINESTEERING,SOL_COMPUTED,SINGLE,24,16,16,16,BESTGNSSPOSA
0703002-0918-15-42-gnss_raw.txt,127.500,2436,459580.700,GPS标准时间,FINESTEERING,SOL_COMPUTED,SINGLE,24,16,16,16,BESTGNSSPOSA
0703002-0918-15-42-gnss_raw.txt,127.600,2436,459580.800,GPS标准时间,FINESTEERING,SOL_COMPUTED,SINGLE,24,16,16,16,BESTGNSSPOSA
0703002-0918-15-42-gnss_raw.txt,127.700,2436,459580.900,GPS标准时间,FINESTEERING,SOL_COMPUTED,SINGLE,24,16,16,16,BESTGNSSPOSA
0703002-0918-15-42-gnss_raw.txt,127.800,2436,459581.000,GPS标准时间,FINESTEERING,SOL_COMPUTED,SINGLE,24,16,16,16,BESTGNSSPOSA
0703002-0918-15-42-gnss_raw.txt,127.900,2436,459581.100,GPS标准时间,FINESTEERING,SOL_COMPUTED,SINGLE,24,16,16,16,BESTGNSSPOSA
0703002-0918-15-42-gnss_raw.txt,128.000,2436,459581.200,GPS标准时间,FINESTEERING,SOL_COMPUTED,SINGLE,24,16,16,16,BESTGNSSPOSA
0703002-0918-15-42-gnss_raw.txt,128.100,2436,459581.300,GPS标准时间,FINESTEERING,SOL_COMPUTED,SINGLE,24,15,15,15,BESTGNSSPOSA
0703002-0918-15-42-gnss_raw.txt,128.200,2436,459581.400,GPS标准时间,FINESTEERING,SOL_COMPUTED,SINGLE,24,15,15,15,BESTGNSSPOSA
0703002-0918-15-42-gnss_raw.txt,128.300,2436,459581.500,GPS标准时间,FINESTEERING,SOL_COMPUTED,SINGLE,24,16,16,16,BESTGNSSPOSA
0703002-0918-15-42-gnss_raw.txt,128.400,2436,459581.600,GPS标准时间,FINESTEERING,SOL_COMPUTED,SINGLE,24,16,16,16,BESTGNSSPOSA
0703002-0918-15-42-gnss_raw.txt,128.500,2436,459581.700,GPS标准时间,FINESTEERING,SOL_COMPUTED,SINGLE,24,16,16,16,BESTGNSSPOSA
0703002-0918-15-42-gnss_raw.txt,128.600,2436,459581.800,GPS标准时间,FINESTEERING,SOL_COMPUTED,SINGLE,24,16,16,16,BESTGNSSPOSA
0703002-0918-15-42-gnss_raw.txt,128.700,2436,459581.900,GPS标准时间,FINESTEERING,SOL_COMPUTED,SINGLE,24,14,14,14,BESTGNSSPOSA
0703002-0918-15-42-gnss_raw.txt,128.800,2436,459582.000,GPS标准时间,FINESTEERING,SOL_COMPUTED,SINGLE,24,16,16,16,BESTGNSSPOSA
0703002-0918-15-42-gnss_raw.txt,128.900,2436,459582.100,GPS标准时间,FINESTEERING,SOL_COMPUTED,SINGLE,24,16,16,16,BESTGNSSPOSA
0703002-0918-15-42-gnss_raw.txt,129.000,2436,459582.200,GPS标准时间,FINESTEERING,SOL_COMPUTED,SINGLE,24,16,16,16,BESTGNSSPOSA
0703002-0918-15-42-gnss_raw.txt,129.100,2436,459582.300,GPS标准时间,FINESTEERING,SOL_COMPUTED,SINGLE,24,15,15,15,BESTGNSSPOSA
0703002-0918-15-42-gnss_raw.txt,129.200,2436,459582.400,GPS标准时间,FINESTEERING,SOL_COMPUTED,SINGLE,24,15,15,15,BESTGNSSPOSA
0703002-0918-15-42-gnss_raw.txt,129.300,2436,459582.500,GPS标准时间,FINESTEERING,SOL_COMPUTED,SINGLE,24,15,15,15,BESTGNSSPOSA
0703002-0918-15-42-gnss_raw.txt,129.400,2436,459582.600,GPS标准时间,FINESTEERING,SOL_COMPUTED,SINGLE,24,14,14,14,BESTGNSSPOSA
0703002-0918-15-42-gnss_raw.txt,129.500,2436,459582.700,GPS标准时间,FINESTEERING,SOL_COMPUTED,SINGLE,24,15,15,15,BESTGNSSPOSA
0703002-0918-15-42-gnss_raw.txt,129.600,2436,459582.800,GPS标准时间,FINESTEERING,SOL_COMPUTED,SINGLE,24,14,14,14,BESTGNSSPOSA
0703002-0918-15-42-gnss_raw.txt,129.700,2436,459582.900,GPS标准时间,FINESTEERING,SOL_COMPUTED,SINGLE,24,14,14,14,BESTGNSSPOSA
0703002-0918-15-42-gnss_raw.txt,129.800,2436,459583.000,GPS标准时间,FINESTEERING,SOL_COMPUTED,SINGLE,24,14,14,14,BESTGNSSPOSA
0703002-0918-15-42-gnss_raw.txt,129.900,2436,459583.100,GPS标准时间,FINESTEERING,SOL_COMPUTED,SINGLE,24,15,15,15,BESTGNSSPOSA
0703002-0918-15-42-gnss_raw.txt,130.000,2436,459583.200,GPS标准时间,FINESTEERING,SOL_COMPUTED,SINGLE,24,16,16,16,BESTGNSSPOSA
0703002-0918-15-42-gnss_raw.txt,130.100,2436,459583.300,GPS标准时间,FINESTEERING,SOL_COMPUTED,SINGLE,24,16,16,16,BESTGNSSPOSA
0703002-0918-15-42-gnss_raw.txt,130.200,2436,459583.400,GPS标准时间,FINESTEERING,SOL_COMPUTED,SINGLE,24,15,15,15,BESTGNSSPOSA
0703002-0918-15-42-gnss_raw.txt,130.300,2436,459583.500,GPS标准时间,FINESTEERING,SOL_COMPUTED,SINGLE,24,16,16,16,BESTGNSSPOSA
0703002-0918-15-42-gnss_raw.txt,130.400,2436,459583.600,GPS标准时间,FINESTEERING,SOL_COMPUTED,SINGLE,24,16,16,16,BESTGNSSPOSA
0703002-0918-15-42-gnss_raw.txt,130.500,2436,459583.700,GPS标准时间,FINESTEERING,SOL_COMPUTED,SINGLE,24,16,16,16,BESTGNSSPOSA
0703002-0918-15-42-gnss_raw.txt,130.600,2436,459583.800,GPS标准时间,FINESTEERING,SOL_COMPUTED,SINGLE,24,16,16,16,BESTGNSSPOSA
0703002-0918-15-42-gnss_raw.txt,130.700,2436,459583.900,GPS标准时间,FINESTEERING,SOL_COMPUTED,SINGLE,24,16,16,16,BESTGNSSPOSA
0703002-0918-15-42-gnss_raw.txt,130.800,2436,459584.000,GPS标准时间,FINESTEERING,SOL_COMPUTED,SINGLE,24,15,15,15,BESTGNSSPOSA
0703002-0918-15-42-gnss_raw.txt,130.900,2436,459584.100,GPS标准时间,FINESTEERING,SOL_COMPUTED,SINGLE,24,16,16,16,BESTGNSSPOSA
0703002-0918-15-42-gnss_raw.txt,131.000,2436,459584.200,GPS标准时间,FINESTEERING,SOL_COMPUTED,SINGLE,24,15,15,15,BESTGNSSPOSA
0703002-0918-15-42-gnss_raw.txt,131.100,2436,459584.300,GPS标准时间,FINESTEERING,SOL_COMPUTED,SINGLE,24,15,15,15,BESTGNSSPOSA
0703002-0918-15-42-gnss_raw.txt,131.200,2436,459584.400,GPS标准时间,FINESTEERING,SOL_COMPUTED,SINGLE,24,14,14,14,BESTGNSSPOSA
0703002-0918-15-42-gnss_raw.txt,131.300,2436,459584.500,GPS标准时间,FINESTEERING,SOL_COMPUTED,SINGLE,24,15,15,15,BESTGNSSPOSA
0703002-0918-15-42-gnss_raw.txt,131.400,2436,459584.600,GPS标准时间,FINESTEERING,SOL_COMPUTED,SINGLE,24,15,15,15,BESTGNSSPOSA
0703002-0918-15-42-gnss_raw.txt,131.500,2436,459584.700,GPS标准时间,FINESTEERING,SOL_COMPUTED,SINGLE,24,14,14,14,BESTGNSSPOSA
0703002-0918-15-42-gnss_raw.txt,131.600,2436,459584.800,GPS标准时间,FINESTEERING,SOL_COMPUTED,SINGLE,24,13,13,13,BESTGNSSPOSA
0703002-0918-15-42-gnss_raw.txt,131.700,2436,459584.900,GPS标准时间,FINESTEERING,SOL_COMPUTED,SINGLE,24,15,15,15,BESTGNSSPOSA
0703002-0918-15-42-gnss_raw.txt,131.800,2436,459585.000,GPS标准时间,FINESTEERING,SOL_COMPUTED,SINGLE,24,16,16,16,BESTGNSSPOSA
0703002-0918-15-42-gnss_raw.txt,131.900,2436,459585.100,GPS标准时间,FINESTEERING,SOL_COMPUTED,SINGLE,24,15,15,15,BESTGNSSPOSA
0703002-0918-15-42-gnss_raw.txt,132.000,2436,459585.200,GPS标准时间,FINESTEERING,SOL_COMPUTED,SINGLE,24,15,15,15,BESTGNSSPOSA
0703002-0918-15-42-gnss_raw.txt,132.100,2436,459585.300,GPS标准时间,FINESTEERING,SOL_COMPUTED,SINGLE,24,15,15,15,BESTGNSSPOSA
0703002-0918-15-42-gnss_raw.txt,132.200,2436,459585.400,GPS标准时间,FINESTEERING,SOL_COMPUTED,SINGLE,24,15,15,15,BESTGNSSPOSA
0703002-0918-15-42-gnss_raw.txt,132.300,2436,459585.500,GPS标准时间,FINESTEERING,SOL_COMPUTED,SINGLE,24,12,12,12,BESTGNSSPOSA
0703002-0918-15-42-gnss_raw.txt,132.400,2436,459585.600,GPS标准时间,FINESTEERING,SOL_COMPUTED,SINGLE,24,14,14,14,BESTGNSSPOSA
0703002-0918-15-42-gnss_raw.txt,132.500,2436,459585.700,GPS标准时间,FINESTEERING,SOL_COMPUTED,SINGLE,24,14,14,14,BESTGNSSPOSA
0703002-0918-15-42-gnss_raw.txt,132.600,2436,459585.800,GPS标准时间,FINESTEERING,SOL_COMPUTED,SINGLE,24,14,14,14,BESTGNSSPOSA
0703002-0918-15-42-gnss_raw.txt,132.700,2436,459585.900,GPS标准时间,FINESTEERING,SOL_COMPUTED,SINGLE,24,13,13,13,BESTGNSSPOSA
0703002-0918-15-42-gnss_raw.txt,132.800,2436,459586.000,GPS标准时间,FINESTEERING,SOL_COMPUTED,SINGLE,24,13,13,13,BESTGNSSPOSA
0703002-0918-15-42-gnss_raw.txt,132.900,2436,459586.100,GPS标准时间,FINESTEERING,SOL_COMPUTED,SINGLE,24,13,13,13,BESTGNSSPOSA
0703002-0918-15-42-gnss_raw.txt,133.000,2436,459586.200,GPS标准时间,FINESTEERING,SOL_COMPUTED,SINGLE,24,14,14,14,BESTGNSSPOSA
0703002-0918-15-42-gnss_raw.txt,133.100,2436,459586.300,GPS标准时间,FINESTEERING,SOL_COMPUTED,SINGLE,25,14,14,14,BESTGNSSPOSA
0703002-0918-15-42-gnss_raw.txt,133.200,2436,459586.400,GPS标准时间,FINESTEERING,SOL_COMPUTED,SINGLE,25,14,14,14,BESTGNSSPOSA
0703002-0918-15-42-gnss_raw.txt,133.300,2436,459586.500,GPS标准时间,FINESTEERING,SOL_COMPUTED,SINGLE,25,15,15,15,BESTGNSSPOSA
0703002-0918-15-42-gnss_raw.txt,133.400,2436,459586.600,GPS标准时间,FINESTEERING,SOL_COMPUTED,SINGLE,25,15,15,15,BESTGNSSPOSA
0703002-0918-15-42-gnss_raw.txt,133.500,2436,459586.700,GPS标准时间,FINESTEERING,SOL_COMPUTED,SINGLE,25,15,15,15,BESTGNSSPOSA
0703002-0918-15-42-gnss_raw.txt,133.600,2436,459586.800,GPS标准时间,FINESTEERING,SOL_COMPUTED,SINGLE,25,14,14,14,BESTGNSSPOSA
0703002-0918-15-42-gnss_raw.txt,133.700,2436,459586.900,GPS标准时间,FINESTEERING,SOL_COMPUTED,SINGLE,25,14,14,14,BESTGNSSPOSA
0703002-0918-15-42-gnss_raw.txt,133.800,2436,459587.000,GPS标准时间,FINESTEERING,SOL_COMPUTED,SINGLE,25,15,15,15,BESTGNSSPOSA
0703002-0918-15-42-gnss_raw.txt,133.900,2436,459587.100,GPS标准时间,FINESTEERING,SOL_COMPUTED,SINGLE,25,14,14,14,BESTGNSSPOSA
0703002-0918-15-42-gnss_raw.txt,134.000,2436,459587.200,GPS标准时间,FINESTEERING,SOL_COMPUTED,SINGLE,25,16,16,16,BESTGNSSPOSA
0703002-0918-15-42-gnss_raw.txt,134.100,2436,459587.300,GPS标准时间,FINESTEERING,SOL_COMPUTED,SINGLE,25,16,16,16,BESTGNSSPOSA
0703002-0918-15-42-gnss_raw.txt,134.200,2436,459587.400,GPS标准时间,FINESTEERING,SOL_COMPUTED,SINGLE,25,15,15,15,BESTGNSSPOSA
0703002-0918-15-42-gnss_raw.txt,134.300,2436,459587.500,GPS标准时间,FINESTEERING,SOL_COMPUTED,SINGLE,25,14,14,14,BESTGNSSPOSA
0703002-0918-15-42-gnss_raw.txt,134.400,2436,459587.600,GPS标准时间,FINESTEERING,SOL_COMPUTED,SINGLE,25,14,14,14,BESTGNSSPOSA
0703002-0918-15-42-gnss_raw.txt,134.500,2436,459587.700,GPS标准时间,FINESTEERING,SOL_COMPUTED,SINGLE,25,14,14,14,BESTGNSSPOSA
0703002-0918-15-42-gnss_raw.txt,134.600,2436,459587.800,GPS标准时间,FINESTEERING,SOL_COMPUTED,SINGLE,25,13,13,13,BESTGNSSPOSA
0703002-0918-15-42-gnss_raw.txt,134.700,2436,459587.900,GPS标准时间,FINESTEERING,SOL_COMPUTED,SINGLE,25,15,15,15,BESTGNSSPOSA
0703002-0918-15-42-gnss_raw.txt,134.800,2436,459588.000,GPS标准时间,FINESTEERING,SOL_COMPUTED,SINGLE,25,15,15,15,BESTGNSSPOSA
0703002-0918-15-42-gnss_raw.txt,134.900,2436,459588.100,GPS标准时间,FINESTEERING,SOL_COMPUTED,SINGLE,25,14,14,14,BESTGNSSPOSA
0703002-0918-15-42-gnss_raw.txt,135.000,2436,459588.200,GPS标准时间,FINESTEERING,SOL_COMPUTED,SINGLE,25,15,15,15,BESTGNSSPOSA
0703002-0918-15-42-gnss_raw.txt,135.100,2436,459588.300,GPS标准时间,FINESTEERING,SOL_COMPUTED,SINGLE,25,15,15,15,BESTGNSSPOSA
0703002-0918-15-42-gnss_raw.txt,135.200,2436,459588.400,GPS标准时间,FINESTEERING,SOL_COMPUTED,SINGLE,24,16,16,16,BESTGNSSPOSA
0703002-0918-15-42-gnss_raw.txt,135.300,2436,459588.500,GPS标准时间,FINESTEERING,SOL_COMPUTED,SINGLE,24,15,15,15,BESTGNSSPOSA
0703002-0918-15-42-gnss_raw.txt,135.400,2436,459588.600,GPS标准时间,FINESTEERING,SOL_COMPUTED,SINGLE,24,16,16,16,BESTGNSSPOSA
0703002-0918-15-42-gnss_raw.txt,135.500,2436,459588.700,GPS标准时间,FINESTEERING,SOL_COMPUTED,SINGLE,24,15,15,15,BESTGNSSPOSA
0703002-0918-15-42-gnss_raw.txt,135.600,2436,459588.800,GPS标准时间,FINESTEERING,SOL_COMPUTED,SINGLE,24,16,16,16,BESTGNSSPOSA
0703002-0918-15-42-gnss_raw.txt,135.700,2436,459588.900,GPS标准时间,FINESTEERING,SOL_COMPUTED,SINGLE,24,15,15,15,BESTGNSSPOSA
0703002-0918-15-42-gnss_raw.txt,135.800,2436,459589.000,GPS标准时间,FINESTEERING,SOL_COMPUTED,SINGLE,24,16,16,16,BESTGNSSPOSA
0703002-0918-15-42-gnss_raw.txt,135.900,2436,459589.100,GPS标准时间,FINESTEERING,SOL_COMPUTED,SINGLE,24,16,16,16,BESTGNSSPOSA
0703002-0918-15-42-gnss_raw.txt,136.000,2436,459589.200,GPS标准时间,FINESTEERING,SOL_COMPUTED,SINGLE,24,15,15,15,BESTGNSSPOSA
0703002-0918-15-42-gnss_raw.txt,136.100,2436,459589.300,GPS标准时间,FINESTEERING,SOL_COMPUTED,SINGLE,23,15,15,15,BESTGNSSPOSA
0703002-0918-15-42-gnss_raw.txt,136.200,2436,459589.400,GPS标准时间,FINESTEERING,SOL_COMPUTED,SINGLE,23,15,15,15,BESTGNSSPOSA
0703002-0918-15-42-gnss_raw.txt,136.300,2436,459589.500,GPS标准时间,FINESTEERING,SOL_COMPUTED,SINGLE,23,14,14,14,BESTGNSSPOSA
0703002-0918-15-42-gnss_raw.txt,136.400,2436,459589.600,GPS标准时间,FINESTEERING,SOL_COMPUTED,SINGLE,23,13,13,13,BESTGNSSPOSA
0703002-0918-15-42-gnss_raw.txt,136.500,2436,459589.700,GPS标准时间,FINESTEERING,SOL_COMPUTED,SINGLE,23,13,13,13,BESTGNSSPOSA
0703002-0918-15-42-gnss_raw.txt,136.600,2436,459589.800,GPS标准时间,FINESTEERING,SOL_COMPUTED,SINGLE,23,13,13,13,BESTGNSSPOSA
0703002-0918-15-42-gnss_raw.txt,136.700,2436,459589.900,GPS标准时间,FINESTEERING,SOL_COMPUTED,SINGLE,23,14,14,14,BESTGNSSPOSA
0703002-0918-15-42-gnss_raw.txt,136.800,2436,459590.000,GPS标准时间,FINESTEERING,SOL_COMPUTED,SINGLE,23,13,13,13,BESTGNSSPOSA
0703002-0918-15-42-gnss_raw.txt,136.900,2436,459590.100,GPS标准时间,FINESTEERING,SOL_COMPUTED,SINGLE,23,13,13,13,BESTGNSSPOSA
0703002-0918-15-42-gnss_raw.txt,137.000,2436,459590.200,GPS标准时间,FINESTEERING,SOL_COMPUTED,SINGLE,23,13,13,13,BESTGNSSPOSA
0703002-0918-15-42-gnss_raw.txt,137.100,2436,459590.300,GPS标准时间,FINESTEERING,SOL_COMPUTED,SINGLE,23,13,13,13,BESTGNSSPOSA
0703002-0918-15-42-gnss_raw.txt,137.200,2436,459590.400,GPS标准时间,FINESTEERING,SOL_COMPUTED,SINGLE,23,13,13,13,BESTGNSSPOSA
0703002-0918-15-42-gnss_raw.txt,137.300,2436,459590.500,GPS标准时间,FINESTEERING,SOL_COMPUTED,SINGLE,23,13,13,13,BESTGNSSPOSA
0703002-0918-15-42-gnss_raw.txt,137.400,2436,459590.600,GPS标准时间,FINESTEERING,SOL_COMPUTED,SINGLE,23,13,13,13,BESTGNSSPOSA
0703002-0918-15-42-gnss_raw.txt,137.500,2436,459590.700,GPS标准时间,FINESTEERING,SOL_COMPUTED,SINGLE,23,13,13,13,BESTGNSSPOSA
0703002-0918-15-42-gnss_raw.txt,137.600,2436,459590.800,GPS标准时间,FINESTEERING,SOL_COMPUTED,SINGLE,23,13,13,13,BESTGNSSPOSA
0703002-0918-15-42-gnss_raw.txt,137.700,2436,459590.900,GPS标准时间,FINESTEERING,SOL_COMPUTED,SINGLE,23,13,13,13,BESTGNSSPOSA
0703002-0918-15-42-gnss_raw.txt,137.800,2436,459591.000,GPS标准时间,FINESTEERING,SOL_COMPUTED,SINGLE,24,13,13,13,BESTGNSSPOSA
0703002-0918-15-42-gnss_raw.txt,137.900,2436,459591.100,GPS标准时间,FINESTEERING,SOL_COMPUTED,SINGLE,24,13,13,13,BESTGNSSPOSA
0703002-0918-15-42-gnss_raw.txt,138.000,2436,459591.200,GPS标准时间,FINESTEERING,SOL_COMPUTED,SINGLE,24,13,13,13,BESTGNSSPOSA
0703002-0918-15-42-gnss_raw.txt,138.100,2436,459591.300,GPS标准时间,FINESTEERING,SOL_COMPUTED,SINGLE,24,13,13,13,BESTGNSSPOSA
0703002-0918-15-42-gnss_raw.txt,138.200,2436,459591.400,GPS标准时间,FINESTEERING,SOL_COMPUTED,SINGLE,24,12,12,12,BESTGNSSPOSA
0703002-0918-15-42-gnss_raw.txt,138.300,2436,459591.500,GPS标准时间,FINESTEERING,SOL_COMPUTED,SINGLE,24,14,14,14,BESTGNSSPOSA
0703002-0918-15-42-gnss_raw.txt,138.400,2436,459591.600,GPS标准时间,FINESTEERING,SOL_COMPUTED,SINGLE,24,14,14,14,BESTGNSSPOSA
0703002-0918-15-42-gnss_raw.txt,138.500,2436,459591.700,GPS标准时间,FINESTEERING,SOL_COMPUTED,SINGLE,24,13,13,13,BESTGNSSPOSA
0703002-0918-15-42-gnss_raw.txt,138.600,2436,459591.800,GPS标准时间,FINESTEERING,SOL_COMPUTED,SINGLE,24,14,14,14,BESTGNSSPOSA
0703002-0918-15-42-gnss_raw.txt,138.700,2436,459591.900,GPS标准时间,FINESTEERING,SOL_COMPUTED,SINGLE,24,14,14,14,BESTGNSSPOSA
0703002-0918-15-42-gnss_raw.txt,138.800,2436,459592.000,GPS标准时间,FINESTEERING,SOL_COMPUTED,SINGLE,24,15,15,15,BESTGNSSPOSA
0703002-0918-15-42-gnss_raw.txt,138.900,2436,459592.100,GPS标准时间,FINESTEERING,SOL_COMPUTED,SINGLE,24,14,14,14,BESTGNSSPOSA
0703002-0918-15-42-gnss_raw.txt,139.000,2436,459592.200,GPS标准时间,FINESTEERING,SOL_COMPUTED,SINGLE,24,14,14,14,BESTGNSSPOSA
0703002-0918-15-42-gnss_raw.txt,139.100,2436,459592.300,GPS标准时间,FINESTEERING,SOL_COMPUTED,SINGLE,24,13,13,13,BESTGNSSPOSA
0703002-0918-15-42-gnss_raw.txt,139.200,2436,459592.400,GPS标准时间,FINESTEERING,SOL_COMPUTED,SINGLE,24,14,14,14,BESTGNSSPOSA
0703002-0918-15-42-gnss_raw.txt,139.300,2436,459592.500,GPS标准时间,FINESTEERING,SOL_COMPUTED,SINGLE,24,15,15,15,BESTGNSSPOSA
0703002-0918-15-42-gnss_raw.txt,139.400,2436,459592.600,GPS标准时间,FINESTEERING,SOL_COMPUTED,SINGLE,24,15,15,15,BESTGNSSPOSA
0703002-0918-15-42-gnss_raw.txt,139.500,2436,459592.700,GPS标准时间,FINESTEERING,SOL_COMPUTED,SINGLE,24,14,14,14,BESTGNSSPOSA
0703002-0918-15-42-gnss_raw.txt,139.600,2436,459592.800,GPS标准时间,FINESTEERING,SOL_COMPUTED,SINGLE,24,15,15,15,BESTGNSSPOSA
0703002-0918-15-42-gnss_raw.txt,139.700,2436,459592.900,GPS标准时间,FINESTEERING,SOL_COMPUTED,SINGLE,24,15,15,15,BESTGNSSPOSA
0703002-0918-15-42-gnss_raw.txt,139.800,2436,459593.000,GPS标准时间,FINESTEERING,SOL_COMPUTED,SINGLE,24,15,15,15,BESTGNSSPOSA
0703002-0918-15-42-gnss_raw.txt,139.900,2436,459593.100,GPS标准时间,FINESTEERING,SOL_COMPUTED,SINGLE,24,14,14,14,BESTGNSSPOSA
0703002-0918-15-42-gnss_raw.txt,140.000,2436,459593.200,GPS标准时间,FINESTEERING,SOL_COMPUTED,SINGLE,24,14,14,14,BESTGNSSPOSA
0703002-0918-15-42-gnss_raw.txt,140.100,2436,459593.300,GPS标准时间,FINESTEERING,SOL_COMPUTED,SINGLE,24,13,13,13,BESTGNSSPOSA
0703002-0918-15-42-gnss_raw.txt,140.200,2436,459593.400,GPS标准时间,FINESTEERING,SOL_COMPUTED,SINGLE,24,14,14,14,BESTGNSSPOSA
0703002-0918-15-42-gnss_raw.txt,140.300,2436,459593.500,GPS标准时间,FINESTEERING,SOL_COMPUTED,SINGLE,24,14,14,14,BESTGNSSPOSA
0703002-0918-15-42-gnss_raw.txt,140.400,2436,459593.600,GPS标准时间,FINESTEERING,SOL_COMPUTED,SINGLE,24,14,14,14,BESTGNSSPOSA
0703002-0918-15-42-gnss_raw.txt,140.500,2436,459593.700,GPS标准时间,FINESTEERING,SOL_COMPUTED,SINGLE,24,16,16,16,BESTGNSSPOSA
0703002-0918-15-42-gnss_raw.txt,140.600,2436,459593.800,GPS标准时间,FINESTEERING,SOL_COMPUTED,SINGLE,24,16,16,16,BESTGNSSPOSA
0703002-0918-15-42-gnss_raw.txt,140.700,2436,459593.900,GPS标准时间,FINESTEERING,SOL_COMPUTED,SINGLE,24,17,17,17,BESTGNSSPOSA
0703002-0918-15-42-gnss_raw.txt,140.800,2436,459594.000,GPS标准时间,FINESTEERING,SOL_COMPUTED,SINGLE,24,17,17,17,BESTGNSSPOSA
0703002-0918-15-42-gnss_raw.txt,140.900,2436,459594.100,GPS标准时间,FINESTEERING,SOL_COMPUTED,SINGLE,24,15,15,15,BESTGNSSPOSA
0703002-0918-15-42-gnss_raw.txt,141.000,2436,459594.200,GPS标准时间,FINESTEERING,SOL_COMPUTED,SINGLE,24,15,15,15,BESTGNSSPOSA
0703002-0918-15-42-gnss_raw.txt,141.100,2436,459594.300,GPS标准时间,FINESTEERING,SOL_COMPUTED,SINGLE,24,15,15,15,BESTGNSSPOSA
0703002-0918-15-42-gnss_raw.txt,141.200,2436,459594.400,GPS标准时间,FINESTEERING,SOL_COMPUTED,SINGLE,24,16,16,16,BESTGNSSPOSA
0703002-0918-15-42-gnss_raw.txt,141.300,2436,459594.500,GPS标准时间,FINESTEERING,SOL_COMPUTED,SINGLE,24,16,16,16,BESTGNSSPOSA
0703002-0918-15-42-gnss_raw.txt,141.400,2436,459594.600,GPS标准时间,FINESTEERING,SOL_COMPUTED,SINGLE,24,16,16,16,BESTGNSSPOSA
0703002-0918-15-42-gnss_raw.txt,141.500,2436,459594.700,GPS标准时间,FINESTEERING,SOL_COMPUTED,SINGLE,24,16,16,16,BESTGNSSPOSA
0703002-0918-15-42-gnss_raw.txt,141.600,2436,459594.800,GPS标准时间,FINESTEERING,SOL_COMPUTED,SINGLE,24,14,14,14,BESTGNSSPOSA
0703002-0918-15-42-gnss_raw.txt,141.700,2436,459594.900,GPS标准时间,FINESTEERING,SOL_COMPUTED,SINGLE,24,15,15,15,BESTGNSSPOSA
0703002-0918-15-42-gnss_raw.txt,141.800,2436,459595.000,GPS标准时间,FINESTEERING,SOL_COMPUTED,SINGLE,24,15,15,15,BESTGNSSPOSA
0703002-0918-15-42-gnss_raw.txt,141.900,2436,459595.100,GPS标准时间,FINESTEERING,SOL_COMPUTED,SINGLE,24,16,16,16,BESTGNSSPOSA
0703002-0918-15-42-gnss_raw.txt,142.000,2436,459595.200,GPS标准时间,FINESTEERING,SOL_COMPUTED,SINGLE,24,15,15,15,BESTGNSSPOSA
0703002-0918-15-42-gnss_raw.txt,142.100,2436,459595.300,GPS标准时间,FINESTEERING,SOL_COMPUTED,SINGLE,24,15,15,15,BESTGNSSPOSA
0703002-0918-15-42-gnss_raw.txt,142.200,2436,459595.400,GPS标准时间,FINESTEERING,SOL_COMPUTED,SINGLE,24,14,14,14,BESTGNSSPOSA
0703002-0918-15-42-gnss_raw.txt,142.300,2436,459595.500,GPS标准时间,FINESTEERING,SOL_COMPUTED,SINGLE,24,14,14,14,BESTGNSSPOSA
0703002-0918-15-42-gnss_raw.txt,142.400,2436,459595.600,GPS标准时间,FINESTEERING,SOL_COMPUTED,SINGLE,24,14,14,14,BESTGNSSPOSA
0703002-0918-15-42-gnss_raw.txt,142.500,2436,459595.700,GPS标准时间,FINESTEERING,SOL_COMPUTED,SINGLE,24,15,15,15,BESTGNSSPOSA
0703002-0918-15-42-gnss_raw.txt,142.600,2436,459595.800,GPS标准时间,FINESTEERING,SOL_COMPUTED,SINGLE,24,14,14,14,BESTGNSSPOSA
0703002-0918-15-42-gnss_raw.txt,142.700,2436,459595.900,GPS标准时间,FINESTEERING,SOL_COMPUTED,SINGLE,24,14,14,14,BESTGNSSPOSA
0703002-0918-15-42-gnss_raw.txt,142.800,2436,459596.000,GPS标准时间,FINESTEERING,SOL_COMPUTED,SINGLE,24,15,15,15,BESTGNSSPOSA
0703002-0918-15-42-gnss_raw.txt,142.900,2436,459596.100,GPS标准时间,FINESTEERING,SOL_COMPUTED,SINGLE,24,14,14,14,BESTGNSSPOSA
0703002-0918-15-42-gnss_raw.txt,143.000,2436,459596.200,GPS标准时间,FINESTEERING,SOL_COMPUTED,SINGLE,24,14,14,14,BESTGNSSPOSA
0703002-0918-15-42-gnss_raw.txt,143.100,2436,459596.300,GPS标准时间,FINESTEERING,SOL_COMPUTED,SINGLE,24,15,15,15,BESTGNSSPOSA
0703002-0918-15-42-gnss_raw.txt,143.200,2436,459596.400,GPS标准时间,FINESTEERING,SOL_COMPUTED,SINGLE,24,16,16,16,BESTGNSSPOSA
0703002-0918-15-42-gnss_raw.txt,143.300,2436,459596.500,GPS标准时间,FINESTEERING,SOL_COMPUTED,SINGLE,24,17,17,17,BESTGNSSPOSA
0703002-0918-15-42-gnss_raw.txt,143.400,2436,459596.600,GPS标准时间,FINESTEERING,SOL_COMPUTED,SINGLE,24,16,16,16,BESTGNSSPOSA
0703002-0918-15-42-gnss_raw.txt,143.500,2436,459596.700,GPS标准时间,FINESTEERING,SOL_COMPUTED,SINGLE,24,14,14,14,BESTGNSSPOSA
0703002-0918-15-42-gnss_raw.txt,143.600,2436,459596.800,GPS标准时间,FINESTEERING,SOL_COMPUTED,SINGLE,24,15,15,15,BESTGNSSPOSA
0703002-0918-15-42-gnss_raw.txt,143.700,2436,459596.900,GPS标准时间,FINESTEERING,SOL_COMPUTED,SINGLE,24,16,16,16,BESTGNSSPOSA
0703002-0918-15-42-gnss_raw.txt,143.800,2436,459597.000,GPS标准时间,FINESTEERING,SOL_COMPUTED,SINGLE,24,16,16,16,BESTGNSSPOSA
0703002-0918-15-42-gnss_raw.txt,143.900,2436,459597.100,GPS标准时间,FINESTEERING,SOL_COMPUTED,SINGLE,24,16,16,16,BESTGNSSPOSA
0703002-0918-15-42-gnss_raw.txt,144.000,2436,459597.200,GPS标准时间,FINESTEERING,SOL_COMPUTED,SINGLE,24,16,16,16,BESTGNSSPOSA
0703002-0918-15-42-gnss_raw.txt,144.100,2436,459597.300,GPS标准时间,FINESTEERING,SOL_COMPUTED,SINGLE,24,15,15,15,BESTGNSSPOSA
0703002-0918-15-42-gnss_raw.txt,144.200,2436,459597.400,GPS标准时间,FINESTEERING,SOL_COMPUTED,SINGLE,24,15,15,15,BESTGNSSPOSA
0703002-0918-15-42-gnss_raw.txt,144.300,2436,459597.500,GPS标准时间,FINESTEERING,SOL_COMPUTED,SINGLE,24,14,14,14,BESTGNSSPOSA
0703002-0918-15-42-gnss_raw.txt,144.400,2436,459597.600,GPS标准时间,FINESTEERING,SOL_COMPUTED,SINGLE,24,14,14,14,BESTGNSSPOSA
0703002-0918-15-42-gnss_raw.txt,144.500,2436,459597.700,GPS标准时间,FINESTEERING,SOL_COMPUTED,SINGLE,24,14,14,14,BESTGNSSPOSA
0703002-0918-15-42-gnss_raw.txt,144.600,2436,459597.800,GPS标准时间,FINESTEERING,SOL_COMPUTED,SINGLE,24,15,15,15,BESTGNSSPOSA
0703002-0918-15-42-gnss_raw.txt,144.700,2436,459597.900,GPS标准时间,FINESTEERING,SOL_COMPUTED,SINGLE,24,15,15,15,BESTGNSSPOSA
0703002-0918-15-42-gnss_raw.txt,144.800,2436,459598.000,GPS标准时间,FINESTEERING,SOL_COMPUTED,SINGLE,24,15,15,15,BESTGNSSPOSA
0703002-0918-15-42-gnss_raw.txt,144.900,2436,459598.100,GPS标准时间,FINESTEERING,SOL_COMPUTED,SINGLE,24,13,13,13,BESTGNSSPOSA
0703002-0918-15-42-gnss_raw.txt,145.000,2436,459598.200,GPS标准时间,FINESTEERING,SOL_COMPUTED,SINGLE,24,13,13,13,BESTGNSSPOSA
0703002-0918-15-42-gnss_raw.txt,145.100,2436,459598.300,GPS标准时间,FINESTEERING,SOL_COMPUTED,SINGLE,24,14,14,14,BESTGNSSPOSA
0703002-0918-15-42-gnss_raw.txt,145.200,2436,459598.400,GPS标准时间,FINESTEERING,SOL_COMPUTED,SINGLE,24,14,14,14,BESTGNSSPOSA
0703002-0918-15-42-gnss_raw.txt,145.300,2436,459598.500,GPS标准时间,FINESTEERING,SOL_COMPUTED,SINGLE,24,14,14,14,BESTGNSSPOSA
0703002-0918-15-42-gnss_raw.txt,145.400,2436,459598.600,GPS标准时间,FINESTEERING,SOL_COMPUTED,SINGLE,24,14,14,14,BESTGNSSPOSA
0703002-0918-15-42-gnss_raw.txt,145.500,2436,459598.700,GPS标准时间,FINESTEERING,SOL_COMPUTED,SINGLE,24,12,12,12,BESTGNSSPOSA
0703002-0918-15-42-gnss_raw.txt,145.600,2436,459598.800,GPS标准时间,FINESTEERING,SOL_COMPUTED,SINGLE,24,12,12,12,BESTGNSSPOSA
0703002-0918-15-42-gnss_raw.txt,145.700,2436,459598.900,GPS标准时间,FINESTEERING,SOL_COMPUTED,SINGLE,24,12,12,12,BESTGNSSPOSA
0703002-0918-15-42-gnss_raw.txt,145.800,2436,459599.000,GPS标准时间,FINESTEERING,SOL_COMPUTED,SINGLE,24,12,12,12,BESTGNSSPOSA
0703002-0918-15-42-gnss_raw.txt,145.900,2436,459599.100,GPS标准时间,FINESTEERING,SOL_COMPUTED,SINGLE,24,12,12,12,BESTGNSSPOSA
0703002-0918-15-42-gnss_raw.txt,146.000,2436,459599.200,GPS标准时间,FINESTEERING,SOL_COMPUTED,SINGLE,24,12,12,12,BESTGNSSPOSA
0703002-0918-15-42-gnss_raw.txt,146.100,2436,459599.300,GPS标准时间,FINESTEERING,SOL_COMPUTED,SINGLE,24,11,11,11,BESTGNSSPOSA
0703002-0918-15-42-gnss_raw.txt,146.200,2436,459599.400,GPS标准时间,FINESTEERING,SOL_COMPUTED,SINGLE,24,13,13,13,BESTGNSSPOSA
0703002-0918-15-42-gnss_raw.txt,146.300,2436,459599.500,GPS标准时间,FINESTEERING,SOL_COMPUTED,SINGLE,24,14,14,14,BESTGNSSPOSA
0703002-0918-15-42-gnss_raw.txt,146.400,2436,459599.600,GPS标准时间,FINESTEERING,SOL_COMPUTED,SINGLE,24,15,15,15,BESTGNSSPOSA
0703002-0918-15-42-gnss_raw.txt,146.500,2436,459599.700,GPS标准时间,FINESTEERING,SOL_COMPUTED,SINGLE,24,15,15,15,BESTGNSSPOSA
0703002-0918-15-42-gnss_raw.txt,146.600,2436,459599.800,GPS标准时间,FINESTEERING,SOL_COMPUTED,SINGLE,24,15,15,15,BESTGNSSPOSA
0703002-0918-15-42-gnss_raw.txt,146.700,2436,459599.900,GPS标准时间,FINESTEERING,SOL_COMPUTED,SINGLE,24,15,15,15,BESTGNSSPOSA
0703002-0918-15-42-gnss_raw.txt,146.800,2436,459600.000,GPS标准时间,FINESTEERING,SOL_COMPUTED,SINGLE,24,14,14,14,BESTGNSSPOSA
0703002-0918-15-42-gnss_raw.txt,146.900,2436,459600.100,GPS标准时间,FINESTEERING,SOL_COMPUTED,SINGLE,24,14,14,14,BESTGNSSPOSA
0703002-0918-15-42-gnss_raw.txt,147.000,2436,459600.200,GPS标准时间,FINESTEERING,SOL_COMPUTED,SINGLE,24,14,14,14,BESTGNSSPOSA
0703002-0918-15-42-gnss_raw.txt,147.100,2436,459600.300,GPS标准时间,FINESTEERING,SOL_COMPUTED,SINGLE,24,14,14,14,BESTGNSSPOSA
0703002-0918-15-42-gnss_raw.txt,147.200,2436,459600.400,GPS标准时间,FINESTEERING,SOL_COMPUTED,SINGLE,24,14,14,14,BESTGNSSPOSA
0703002-0918-15-42-gnss_raw.txt,147.300,2436,459600.500,GPS标准时间,FINESTEERING,SOL_COMPUTED,SINGLE,24,13,13,13,BESTGNSSPOSA
0703002-0918-15-42-gnss_raw.txt,147.400,2436,459600.600,GPS标准时间,FINESTEERING,SOL_COMPUTED,SINGLE,24,14,14,14,BESTGNSSPOSA
0703002-0918-15-42-gnss_raw.txt,147.500,2436,459600.700,GPS标准时间,FINESTEERING,SOL_COMPUTED,SINGLE,24,14,14,14,BESTGNSSPOSA
0703002-0918-15-42-gnss_raw.txt,147.600,2436,459600.800,GPS标准时间,FINESTEERING,SOL_COMPUTED,SINGLE,24,14,14,14,BESTGNSSPOSA
0703002-0918-15-42-gnss_raw.txt,147.700,2436,459600.900,GPS标准时间,FINESTEERING,SOL_COMPUTED,SINGLE,24,14,14,14,BESTGNSSPOSA
0703002-0918-15-42-gnss_raw.txt,147.800,2436,459601.000,GPS标准时间,FINESTEERING,SOL_COMPUTED,SINGLE,24,14,14,14,BESTGNSSPOSA
0703002-0918-15-42-gnss_raw.txt,147.900,2436,459601.100,GPS标准时间,FINESTEERING,SOL_COMPUTED,SINGLE,24,14,14,14,BESTGNSSPOSA
0703002-0918-15-42-gnss_raw.txt,148.000,2436,459601.200,GPS标准时间,FINESTEERING,SOL_COMPUTED,SINGLE,24,14,14,14,BESTGNSSPOSA
0703002-0918-15-42-gnss_raw.txt,148.100,2436,459601.300,GPS标准时间,FINESTEERING,SOL_COMPUTED,SINGLE,24,14,14,14,BESTGNSSPOSA
0703002-0918-15-42-gnss_raw.txt,148.200,2436,459601.400,GPS标准时间,FINESTEERING,SOL_COMPUTED,SINGLE,24,14,14,14,BESTGNSSPOSA
0703002-0918-15-42-gnss_raw.txt,148.300,2436,459601.500,GPS标准时间,FINESTEERING,SOL_COMPUTED,SINGLE,24,14,14,14,BESTGNSSPOSA
0703002-0918-15-42-gnss_raw.txt,148.400,2436,459601.600,GPS标准时间,FINESTEERING,SOL_COMPUTED,SINGLE,24,14,14,14,BESTGNSSPOSA
0703002-0918-15-42-gnss_raw.txt,148.500,2436,459601.700,GPS标准时间,FINESTEERING,SOL_COMPUTED,SINGLE,24,14,14,14,BESTGNSSPOSA
0703002-0918-15-42-gnss_raw.txt,148.600,2436,459601.800,GPS标准时间,FINESTEERING,SOL_COMPUTED,SINGLE,24,14,14,14,BESTGNSSPOSA
0703002-0918-15-42-gnss_raw.txt,148.700,2436,459601.900,GPS标准时间,FINESTEERING,SOL_COMPUTED,SINGLE,24,14,14,14,BESTGNSSPOSA
0703002-0918-15-42-gnss_raw.txt,148.800,2436,459602.000,GPS标准时间,FINESTEERING,SOL_COMPUTED,SINGLE,24,15,15,15,BESTGNSSPOSA
0703002-0918-15-42-gnss_raw.txt,148.900,2436,459602.100,GPS标准时间,FINESTEERING,SOL_COMPUTED,SINGLE,24,14,14,14,BESTGNSSPOSA
0703002-0918-15-42-gnss_raw.txt,149.000,2436,459602.200,GPS标准时间,FINESTEERING,SOL_COMPUTED,SINGLE,24,14,14,14,BESTGNSSPOSA
0703002-0918-15-42-gnss_raw.txt,149.100,2436,459602.300,GPS标准时间,FINESTEERING,SOL_COMPUTED,SINGLE,24,14,14,14,BESTGNSSPOSA
0703002-0918-15-42-gnss_raw.txt,149.200,2436,459602.400,GPS标准时间,FINESTEERING,SOL_COMPUTED,SINGLE,25,15,15,15,BESTGNSSPOSA
0703002-0918-15-42-gnss_raw.txt,149.300,2436,459602.500,GPS标准时间,FINESTEERING,SOL_COMPUTED,SINGLE,25,14,14,14,BESTGNSSPOSA
0703002-0918-15-42-gnss_raw.txt,149.400,2436,459602.600,GPS标准时间,FINESTEERING,SOL_COMPUTED,SINGLE,25,15,15,15,BESTGNSSPOSA
0703002-0918-15-42-gnss_raw.txt,149.500,2436,459602.700,GPS标准时间,FINESTEERING,SOL_COMPUTED,SINGLE,25,15,15,15,BESTGNSSPOSA
0703002-0918-15-42-gnss_raw.txt,149.600,2436,459602.800,GPS标准时间,FINESTEERING,SOL_COMPUTED,SINGLE,25,14,14,14,BESTGNSSPOSA
0703002-0918-15-42-gnss_raw.txt,149.700,2436,459602.900,GPS标准时间,FINESTEERING,SOL_COMPUTED,SINGLE,25,14,14,14,BESTGNSSPOSA
0703002-0918-15-42-gnss_raw.txt,149.800,2436,459603.000,GPS标准时间,FINESTEERING,SOL_COMPUTED,SINGLE,25,15,15,15,BESTGNSSPOSA
0703002-0918-15-42-gnss_raw.txt,149.900,2436,459603.100,GPS标准时间,FINESTEERING,SOL_COMPUTED,SINGLE,25,15,15,15,BESTGNSSPOSA
0703002-0918-15-42-gnss_raw.txt,150.000,2436,459603.200,GPS标准时间,FINESTEERING,SOL_COMPUTED,SINGLE,25,15,15,15,BESTGNSSPOSA
0703002-0918-15-42-gnss_raw.txt,150.100,2436,459603.300,GPS标准时间,FINESTEERING,SOL_COMPUTED,SINGLE,25,15,15,15,BESTGNSSPOSA
0703002-0918-15-42-gnss_raw.txt,150.200,2436,459603.400,GPS标准时间,FINESTEERING,SOL_COMPUTED,SINGLE,25,14,14,14,BESTGNSSPOSA
0703002-0918-15-42-gnss_raw.txt,150.300,2436,459603.500,GPS标准时间,FINESTEERING,SOL_COMPUTED,SINGLE,25,14,14,14,BESTGNSSPOSA
0703002-0918-15-42-gnss_raw.txt,150.400,2436,459603.600,GPS标准时间,FINESTEERING,SOL_COMPUTED,SINGLE,25,14,14,14,BESTGNSSPOSA
0703002-0918-15-42-gnss_raw.txt,150.500,2436,459603.700,GPS标准时间,FINESTEERING,SOL_COMPUTED,SINGLE,25,15,15,15,BESTGNSSPOSA
0703002-0918-15-42-gnss_raw.txt,150.600,2436,459603.800,GPS标准时间,FINESTEERING,SOL_COMPUTED,SINGLE,25,15,15,15,BESTGNSSPOSA
0703002-0918-15-42-gnss_raw.txt,150.700,2436,459603.900,GPS标准时间,FINESTEERING,SOL_COMPUTED,SINGLE,25,14,14,14,BESTGNSSPOSA
0703002-0918-15-42-gnss_raw.txt,150.800,2436,459604.000,GPS标准时间,FINESTEERING,SOL_COMPUTED,SINGLE,25,14,14,14,BESTGNSSPOSA
0703002-0918-15-42-gnss_raw.txt,150.900,2436,459604.100,GPS标准时间,FINESTEERING,SOL_COMPUTED,SINGLE,25,14,14,14,BESTGNSSPOSA
0703002-0918-15-42-gnss_raw.txt,151.000,2436,459604.200,GPS标准时间,FINESTEERING,SOL_COMPUTED,SINGLE,25,14,14,14,BESTGNSSPOSA
0703002-0918-15-42-gnss_raw.txt,151.100,2436,459604.300,GPS标准时间,FINESTEERING,SOL_COMPUTED,SINGLE,25,13,13,13,BESTGNSSPOSA
0703002-0918-15-42-gnss_raw.txt,151.200,2436,459604.400,GPS标准时间,FINESTEERING,SOL_COMPUTED,SINGLE,25,13,13,13,BESTGNSSPOSA
0703002-0918-15-42-gnss_raw.txt,151.300,2436,459604.500,GPS标准时间,FINESTEERING,SOL_COMPUTED,SINGLE,25,13,13,13,BESTGNSSPOSA
0703002-0918-15-42-gnss_raw.txt,151.400,2436,459604.600,GPS标准时间,FINESTEERING,SOL_COMPUTED,SINGLE,25,14,14,14,BESTGNSSPOSA
0703002-0918-15-42-gnss_raw.txt,151.500,2436,459604.700,GPS标准时间,FINESTEERING,SOL_COMPUTED,SINGLE,25,14,14,14,BESTGNSSPOSA
0703002-0918-15-42-gnss_raw.txt,151.600,2436,459604.800,GPS标准时间,FINESTEERING,SOL_COMPUTED,SINGLE,25,14,14,14,BESTGNSSPOSA
0703002-0918-15-42-gnss_raw.txt,151.700,2436,459604.900,GPS标准时间,FINESTEERING,SOL_COMPUTED,SINGLE,25,14,14,14,BESTGNSSPOSA
0703002-0918-15-42-gnss_raw.txt,151.800,2436,459605.000,GPS标准时间,FINESTEERING,SOL_COMPUTED,SINGLE,25,14,14,14,BESTGNSSPOSA
0703002-0918-15-42-gnss_raw.txt,151.900,2436,459605.100,GPS标准时间,FINESTEERING,SOL_COMPUTED,SINGLE,25,14,14,14,BESTGNSSPOSA
0703002-0918-15-42-gnss_raw.txt,152.000,2436,459605.200,GPS标准时间,FINESTEERING,SOL_COMPUTED,SINGLE,25,13,13,13,BESTGNSSPOSA
0703002-0918-15-42-gnss_raw.txt,152.100,2436,459605.300,GPS标准时间,FINESTEERING,SOL_COMPUTED,SINGLE,25,13,13,13,BESTGNSSPOSA
0703002-0918-15-42-gnss_raw.txt,152.200,2436,459605.400,GPS标准时间,FINESTEERING,SOL_COMPUTED,SINGLE,25,14,14,14,BESTGNSSPOSA
0703002-0918-15-42-gnss_raw.txt,152.300,2436,459605.500,GPS标准时间,FINESTEERING,SOL_COMPUTED,SINGLE,25,13,13,13,BESTGNSSPOSA
0703002-0918-15-42-gnss_raw.txt,152.400,2436,459605.600,GPS标准时间,FINESTEERING,SOL_COMPUTED,SINGLE,25,14,14,14,BESTGNSSPOSA
0703002-0918-15-42-gnss_raw.txt,152.500,2436,459605.700,GPS标准时间,FINESTEERING,SOL_COMPUTED,SINGLE,25,14,14,14,BESTGNSSPOSA
0703002-0918-15-42-gnss_raw.txt,152.600,2436,459605.800,GPS标准时间,FINESTEERING,SOL_COMPUTED,SINGLE,25,14,14,14,BESTGNSSPOSA
0703002-0918-15-42-gnss_raw.txt,152.700,2436,459605.900,GPS标准时间,FINESTEERING,SOL_COMPUTED,SINGLE,25,14,14,14,BESTGNSSPOSA
0703002-0918-15-42-gnss_raw.txt,152.800,2436,459606.000,GPS标准时间,FINESTEERING,SOL_COMPUTED,SINGLE,25,14,14,14,BESTGNSSPOSA
0703002-0918-15-42-gnss_raw.txt,152.900,2436,459606.100,GPS标准时间,FINESTEERING,SOL_COMPUTED,SINGLE,25,14,14,14,BESTGNSSPOSA
0703002-0918-15-42-gnss_raw.txt,153.000,2436,459606.200,GPS标准时间,FINESTEERING,SOL_COMPUTED,SINGLE,25,14,14,14,BESTGNSSPOSA
0703002-0918-15-42-gnss_raw.txt,153.100,2436,459606.300,GPS标准时间,FINESTEERING,SOL_COMPUTED,SINGLE,25,14,14,14,BESTGNSSPOSA
0703002-0918-15-42-gnss_raw.txt,153.200,2436,459606.400,GPS标准时间,FINESTEERING,SOL_COMPUTED,SINGLE,25,14,14,14,BESTGNSSPOSA
0703002-0918-15-42-gnss_raw.txt,153.300,2436,459606.500,GPS标准时间,FINESTEERING,SOL_COMPUTED,SINGLE,25,13,13,13,BESTGNSSPOSA
0703002-0918-15-42-gnss_raw.txt,153.400,2436,459606.600,GPS标准时间,FINESTEERING,SOL_COMPUTED,SINGLE,25,14,14,14,BESTGNSSPOSA
0703002-0918-15-42-gnss_raw.txt,153.500,2436,459606.700,GPS标准时间,FINESTEERING,SOL_COMPUTED,SINGLE,25,14,14,14,BESTGNSSPOSA
0703002-0918-15-42-gnss_raw.txt,153.600,2436,459606.800,GPS标准时间,FINESTEERING,SOL_COMPUTED,SINGLE,25,15,15,15,BESTGNSSPOSA
0703002-0918-15-42-gnss_raw.txt,153.700,2436,459606.900,GPS标准时间,FINESTEERING,SOL_COMPUTED,SINGLE,25,15,15,15,BESTGNSSPOSA
0703002-0918-15-42-gnss_raw.txt,153.800,2436,459607.000,GPS标准时间,FINESTEERING,SOL_COMPUTED,SINGLE,25,14,14,14,BESTGNSSPOSA
0703002-0918-15-42-gnss_raw.txt,153.900,2436,459607.100,GPS标准时间,FINESTEERING,SOL_COMPUTED,SINGLE,25,13,13,13,BESTGNSSPOSA
0703002-0918-15-42-gnss_raw.txt,154.000,2436,459607.200,GPS标准时间,FINESTEERING,SOL_COMPUTED,SINGLE,25,14,14,14,BESTGNSSPOSA
0703002-0918-15-42-gnss_raw.txt,154.100,2436,459607.300,GPS标准时间,FINESTEERING,SOL_COMPUTED,SINGLE,25,13,13,13,BESTGNSSPOSA
0703002-0918-15-42-gnss_raw.txt,154.200,2436,459607.400,GPS标准时间,FINESTEERING,SOL_COMPUTED,SINGLE,25,13,13,13,BESTGNSSPOSA
0703002-0918-15-42-gnss_raw.txt,154.300,2436,459607.500,GPS标准时间,FINESTEERING,SOL_COMPUTED,SINGLE,25,13,13,13,BESTGNSSPOSA
0703002-0918-15-42-gnss_raw.txt,154.400,2436,459607.600,GPS标准时间,FINESTEERING,SOL_COMPUTED,SINGLE,25,12,12,12,BESTGNSSPOSA
0703002-0918-15-42-gnss_raw.txt,154.500,2436,459607.700,GPS标准时间,FINESTEERING,SOL_COMPUTED,SINGLE,25,12,12,12,BESTGNSSPOSA
0703002-0918-15-42-gnss_raw.txt,154.600,2436,459607.800,GPS标准时间,FINESTEERING,SOL_COMPUTED,SINGLE,25,13,13,13,BESTGNSSPOSA
0703002-0918-15-42-gnss_raw.txt,154.700,2436,459607.900,GPS标准时间,FINESTEERING,SOL_COMPUTED,SINGLE,25,13,13,13,BESTGNSSPOSA
0703002-0918-15-42-gnss_raw.txt,154.800,2436,459608.000,GPS标准时间,FINESTEERING,SOL_COMPUTED,SINGLE,25,13,13,13,BESTGNSSPOSA
0703002-0918-15-42-gnss_raw.txt,154.900,2436,459608.100,GPS标准时间,FINESTEERING,SOL_COMPUTED,SINGLE,24,12,12,12,BESTGNSSPOSA
0703002-0918-15-42-gnss_raw.txt,155.000,2436,459608.200,GPS标准时间,FINESTEERING,SOL_COMPUTED,SINGLE,24,13,13,13,BESTGNSSPOSA
0703002-0918-15-42-gnss_raw.txt,155.100,2436,459608.300,GPS标准时间,FINESTEERING,SOL_COMPUTED,SINGLE,24,13,13,13,BESTGNSSPOSA
0703002-0918-15-42-gnss_raw.txt,155.200,2436,459608.400,GPS标准时间,FINESTEERING,SOL_COMPUTED,SINGLE,24,13,13,13,BESTGNSSPOSA
0703002-0918-15-42-gnss_raw.txt,155.300,2436,459608.500,GPS标准时间,FINESTEERING,SOL_COMPUTED,SINGLE,24,11,11,11,BESTGNSSPOSA
0703002-0918-15-42-gnss_raw.txt,155.400,2436,459608.600,GPS标准时间,FINESTEERING,SOL_COMPUTED,SINGLE,24,11,11,11,BESTGNSSPOSA
0703002-0918-15-42-gnss_raw.txt,155.500,2436,459608.700,GPS标准时间,FINESTEERING,SOL_COMPUTED,SINGLE,24,13,13,13,BESTGNSSPOSA
0703002-0918-15-42-gnss_raw.txt,155.600,2436,459608.800,GPS标准时间,FINESTEERING,SOL_COMPUTED,SINGLE,24,13,13,13,BESTGNSSPOSA
0703002-0918-15-42-gnss_raw.txt,155.700,2436,459608.900,GPS标准时间,FINESTEERING,SOL_COMPUTED,SINGLE,24,12,12,12,BESTGNSSPOSA
0703002-0918-15-42-gnss_raw.txt,155.800,2436,459609.000,GPS标准时间,FINESTEERING,SOL_COMPUTED,SINGLE,24,13,13,13,BESTGNSSPOSA
0703002-0918-15-42-gnss_raw.txt,155.900,2436,459609.100,GPS标准时间,FINESTEERING,SOL_COMPUTED,SINGLE,24,13,13,13,BESTGNSSPOSA
0703002-0918-15-42-gnss_raw.txt,156.000,2436,459609.200,GPS标准时间,FINESTEERING,SOL_COMPUTED,SINGLE,24,12,12,12,BESTGNSSPOSA
0703002-0918-15-42-gnss_raw.txt,156.100,2436,459609.300,GPS标准时间,FINESTEERING,SOL_COMPUTED,SINGLE,24,12,12,12,BESTGNSSPOSA
0703002-0918-15-42-gnss_raw.txt,156.200,2436,459609.400,GPS标准时间,FINESTEERING,SOL_COMPUTED,SINGLE,24,12,12,12,BESTGNSSPOSA
0703002-0918-15-42-gnss_raw.txt,156.300,2436,459609.500,GPS标准时间,FINESTEERING,SOL_COMPUTED,SINGLE,24,11,11,11,BESTGNSSPOSA
0703002-0918-15-42-gnss_raw.txt,156.400,2436,459609.600,GPS标准时间,FINESTEERING,SOL_COMPUTED,SINGLE,24,12,12,12,BESTGNSSPOSA
0703002-0918-15-42-gnss_raw.txt,156.500,2436,459609.700,GPS标准时间,FINESTEERING,SOL_COMPUTED,SINGLE,24,12,12,12,BESTGNSSPOSA
0703002-0918-15-42-gnss_raw.txt,156.600,2436,459609.800,GPS标准时间,FINESTEERING,SOL_COMPUTED,SINGLE,24,13,13,13,BESTGNSSPOSA
0703002-0918-15-42-gnss_raw.txt,156.700,2436,459609.900,GPS标准时间,FINESTEERING,SOL_COMPUTED,SINGLE,24,14,14,14,BESTGNSSPOSA
0703002-0918-15-42-gnss_raw.txt,156.800,2436,459610.000,GPS标准时间,FINESTEERING,SOL_COMPUTED,SINGLE,24,14,14,14,BESTGNSSPOSA
0703002-0918-15-42-gnss_raw.txt,156.900,2436,459610.100,GPS标准时间,FINESTEERING,SOL_COMPUTED,SINGLE,24,13,13,13,BESTGNSSPOSA
0703002-0918-15-42-gnss_raw.txt,157.000,2436,459610.200,GPS标准时间,FINESTEERING,SOL_COMPUTED,SINGLE,24,12,12,12,BESTGNSSPOSA
0703002-0918-15-42-gnss_raw.txt,157.100,2436,459610.300,GPS标准时间,FINESTEERING,SOL_COMPUTED,SINGLE,24,13,13,13,BESTGNSSPOSA
0703002-0918-15-42-gnss_raw.txt,157.200,2436,459610.400,GPS标准时间,FINESTEERING,SOL_COMPUTED,SINGLE,24,12,12,12,BESTGNSSPOSA
0703002-0918-15-42-gnss_raw.txt,157.300,2436,459610.500,GPS标准时间,FINESTEERING,SOL_COMPUTED,SINGLE,24,12,12,12,BESTGNSSPOSA
0703002-0918-15-42-gnss_raw.txt,157.400,2436,459610.600,GPS标准时间,FINESTEERING,SOL_COMPUTED,SINGLE,24,12,12,12,BESTGNSSPOSA
0703002-0918-15-42-gnss_raw.txt,157.500,2436,459610.700,GPS标准时间,FINESTEERING,SOL_COMPUTED,SINGLE,24,11,11,11,BESTGNSSPOSA
0703002-0918-15-42-gnss_raw.txt,157.600,2436,459610.800,GPS标准时间,FINESTEERING,SOL_COMPUTED,SINGLE,24,12,12,12,BESTGNSSPOSA
0703002-0918-15-42-gnss_raw.txt,157.700,2436,459610.900,GPS标准时间,FINESTEERING,SOL_COMPUTED,SINGLE,24,11,11,11,BESTGNSSPOSA
0703002-0918-15-42-gnss_raw.txt,157.800,2436,459611.000,GPS标准时间,FINESTEERING,SOL_COMPUTED,SINGLE,24,11,11,11,BESTGNSSPOSA
0703002-0918-15-42-gnss_raw.txt,157.900,2436,459611.100,GPS标准时间,FINESTEERING,SOL_COMPUTED,SINGLE,24,11,11,11,BESTGNSSPOSA
0703002-0918-15-42-gnss_raw.txt,158.000,2436,459611.200,GPS标准时间,FINESTEERING,SOL_COMPUTED,SINGLE,24,11,11,11,BESTGNSSPOSA
0703002-0918-15-42-gnss_raw.txt,158.100,2436,459611.300,GPS标准时间,FINESTEERING,SOL_COMPUTED,SINGLE,24,11,11,11,BESTGNSSPOSA
0703002-0918-15-42-gnss_raw.txt,158.200,2436,459611.400,GPS标准时间,FINESTEERING,SOL_COMPUTED,SINGLE,24,16,16,16,BESTGNSSPOSA
0703002-0918-15-42-gnss_raw.txt,158.300,2436,459611.500,GPS标准时间,FINESTEERING,SOL_COMPUTED,SINGLE,24,14,14,14,BESTGNSSPOSA
0703002-0918-15-42-gnss_raw.txt,158.400,2436,459611.600,GPS标准时间,FINESTEERING,SOL_COMPUTED,SINGLE,24,14,14,14,BESTGNSSPOSA
0703002-0918-15-42-gnss_raw.txt,158.500,2436,459611.700,GPS标准时间,FINESTEERING,SOL_COMPUTED,SINGLE,24,12,12,12,BESTGNSSPOSA
0703002-0918-15-42-gnss_raw.txt,158.600,2436,459611.800,GPS标准时间,FINESTEERING,SOL_COMPUTED,SINGLE,24,12,12,12,BESTGNSSPOSA
0703002-0918-15-42-gnss_raw.txt,158.700,2436,459611.900,GPS标准时间,FINESTEERING,SOL_COMPUTED,SINGLE,24,12,12,12,BESTGNSSPOSA
0703002-0918-15-42-gnss_raw.txt,158.800,2436,459612.000,GPS标准时间,FINESTEERING,SOL_COMPUTED,SINGLE,24,12,12,12,BESTGNSSPOSA
0703002-0918-15-42-gnss_raw.txt,158.900,2436,459612.100,GPS标准时间,FINESTEERING,SOL_COMPUTED,SINGLE,24,12,12,12,BESTGNSSPOSA
0703002-0918-15-42-gnss_raw.txt,159.000,2436,459612.200,GPS标准时间,FINESTEERING,SOL_COMPUTED,SINGLE,24,12,12,12,BESTGNSSPOSA
0703002-0918-15-42-gnss_raw.txt,159.100,2436,459612.300,GPS标准时间,FINESTEERING,SOL_COMPUTED,SINGLE,24,11,11,11,BESTGNSSPOSA
0703002-0918-15-42-gnss_raw.txt,159.200,2436,459612.400,GPS标准时间,FINESTEERING,SOL_COMPUTED,SINGLE,23,12,12,12,BESTGNSSPOSA
0703002-0918-15-42-gnss_raw.txt,159.300,2436,459612.500,GPS标准时间,FINESTEERING,SOL_COMPUTED,SINGLE,23,12,12,12,BESTGNSSPOSA
0703002-0918-15-42-gnss_raw.txt,159.400,2436,459612.600,GPS标准时间,FINESTEERING,SOL_COMPUTED,SINGLE,23,12,12,12,BESTGNSSPOSA
0703002-0918-15-42-gnss_raw.txt,159.500,2436,459612.700,GPS标准时间,FINESTEERING,SOL_COMPUTED,SINGLE,23,12,12,12,BESTGNSSPOSA
0703002-0918-15-42-gnss_raw.txt,159.600,2436,459612.800,GPS标准时间,FINESTEERING,SOL_COMPUTED,SINGLE,23,12,12,12,BESTGNSSPOSA
0703002-0918-15-42-gnss_raw.txt,159.700,2436,459612.900,GPS标准时间,FINESTEERING,SOL_COMPUTED,SINGLE,23,12,12,12,BESTGNSSPOSA
0703002-0918-15-42-gnss_raw.txt,159.800,2436,459613.000,GPS标准时间,FINESTEERING,SOL_COMPUTED,SINGLE,23,12,12,12,BESTGNSSPOSA
0703002-0918-15-42-gnss_raw.txt,159.900,2436,459613.100,GPS标准时间,FINESTEERING,SOL_COMPUTED,SINGLE,23,12,12,12,BESTGNSSPOSA
0703002-0918-15-42-gnss_raw.txt,160.000,2436,459613.200,GPS标准时间,FINESTEERING,SOL_COMPUTED,SINGLE,24,13,13,13,BESTGNSSPOSA
0703002-0918-15-42-gnss_raw.txt,160.100,2436,459613.300,GPS标准时间,FINESTEERING,SOL_COMPUTED,SINGLE,24,13,13,13,BESTGNSSPOSA
0703002-0918-15-42-gnss_raw.txt,160.200,2436,459613.400,GPS标准时间,FINESTEERING,SOL_COMPUTED,SINGLE,24,13,13,13,BESTGNSSPOSA
0703002-0918-15-42-gnss_raw.txt,160.300,2436,459613.500,GPS标准时间,FINESTEERING,SOL_COMPUTED,SINGLE,24,13,13,13,BESTGNSSPOSA
0703002-0918-15-42-gnss_raw.txt,160.400,2436,459613.600,GPS标准时间,FINESTEERING,SOL_COMPUTED,SINGLE,24,13,13,13,BESTGNSSPOSA
0703002-0918-15-42-gnss_raw.txt,160.500,2436,459613.700,GPS标准时间,FINESTEERING,SOL_COMPUTED,SINGLE,24,13,13,13,BESTGNSSPOSA
0703002-0918-15-42-gnss_raw.txt,160.600,2436,459613.800,GPS标准时间,FINESTEERING,SOL_COMPUTED,SINGLE,24,13,13,13,BESTGNSSPOSA
0703002-0918-15-42-gnss_raw.txt,160.700,2436,459613.900,GPS标准时间,FINESTEERING,SOL_COMPUTED,SINGLE,24,14,14,14,BESTGNSSPOSA
0703002-0918-15-42-gnss_raw.txt,160.800,2436,459614.000,GPS标准时间,FINESTEERING,SOL_COMPUTED,SINGLE,24,13,13,13,BESTGNSSPOSA
0703002-0918-15-42-gnss_raw.txt,160.900,2436,459614.100,GPS标准时间,FINESTEERING,SOL_COMPUTED,SINGLE,24,13,13,13,BESTGNSSPOSA
0703002-0918-15-42-gnss_raw.txt,161.000,2436,459614.200,GPS标准时间,FINESTEERING,SOL_COMPUTED,SINGLE,24,13,13,13,BESTGNSSPOSA
0703002-0918-15-42-gnss_raw.txt,161.100,2436,459614.300,GPS标准时间,FINESTEERING,SOL_COMPUTED,SINGLE,24,13,13,13,BESTGNSSPOSA
0703002-0918-15-42-gnss_raw.txt,161.200,2436,459614.400,GPS标准时间,FINESTEERING,SOL_COMPUTED,SINGLE,24,13,13,13,BESTGNSSPOSA
0703002-0918-15-42-gnss_raw.txt,161.300,2436,459614.500,GPS标准时间,FINESTEERING,SOL_COMPUTED,SINGLE,24,13,13,13,BESTGNSSPOSA
0703002-0918-15-42-gnss_raw.txt,161.400,2436,459614.600,GPS标准时间,FINESTEERING,SOL_COMPUTED,SINGLE,24,12,12,12,BESTGNSSPOSA
0703002-0918-15-42-gnss_raw.txt,161.500,2436,459614.700,GPS标准时间,FINESTEERING,SOL_COMPUTED,SINGLE,24,13,13,13,BESTGNSSPOSA
0703002-0918-15-42-gnss_raw.txt,161.600,2436,459614.800,GPS标准时间,FINESTEERING,SOL_COMPUTED,SINGLE,24,13,13,13,BESTGNSSPOSA
0703002-0918-15-42-gnss_raw.txt,161.700,2436,459614.900,GPS标准时间,FINESTEERING,SOL_COMPUTED,SINGLE,24,13,13,13,BESTGNSSPOSA
0703002-0918-15-42-gnss_raw.txt,161.800,2436,459615.000,GPS标准时间,FINESTEERING,SOL_COMPUTED,SINGLE,24,14,14,14,BESTGNSSPOSA
0703002-0918-15-42-gnss_raw.txt,161.900,2436,459615.100,GPS标准时间,FINESTEERING,SOL_COMPUTED,SINGLE,24,13,13,13,BESTGNSSPOSA
0703002-0918-15-42-gnss_raw.txt,162.000,2436,459615.200,GPS标准时间,FINESTEERING,SOL_COMPUTED,SINGLE,24,14,14,14,BESTGNSSPOSA
0703002-0918-15-42-gnss_raw.txt,162.100,2436,459615.300,GPS标准时间,FINESTEERING,SOL_COMPUTED,SINGLE,24,14,14,14,BESTGNSSPOSA
0703002-0918-15-42-gnss_raw.txt,162.200,2436,459615.400,GPS标准时间,FINESTEERING,SOL_COMPUTED,SINGLE,24,14,14,14,BESTGNSSPOSA
0703002-0918-15-42-gnss_raw.txt,162.300,2436,459615.500,GPS标准时间,FINESTEERING,SOL_COMPUTED,SINGLE,24,14,14,14,BESTGNSSPOSA
0703002-0918-15-42-gnss_raw.txt,162.400,2436,459615.600,GPS标准时间,FINESTEERING,SOL_COMPUTED,SINGLE,24,14,14,14,BESTGNSSPOSA
0703002-0918-15-42-gnss_raw.txt,162.500,2436,459615.700,GPS标准时间,FINESTEERING,SOL_COMPUTED,SINGLE,24,15,15,15,BESTGNSSPOSA
0703002-0918-15-42-gnss_raw.txt,162.600,2436,459615.800,GPS标准时间,FINESTEERING,SOL_COMPUTED,SINGLE,24,16,16,16,BESTGNSSPOSA
0703002-0918-15-42-gnss_raw.txt,162.700,2436,459615.900,GPS标准时间,FINESTEERING,SOL_COMPUTED,SINGLE,24,16,16,16,BESTGNSSPOSA
0703002-0918-15-42-gnss_raw.txt,162.800,2436,459616.000,GPS标准时间,FINESTEERING,SOL_COMPUTED,SINGLE,24,16,16,16,BESTGNSSPOSA
0703002-0918-15-42-gnss_raw.txt,162.900,2436,459616.100,GPS标准时间,FINESTEERING,SOL_COMPUTED,SINGLE,24,16,16,16,BESTGNSSPOSA
0703002-0918-15-42-gnss_raw.txt,163.000,2436,459616.200,GPS标准时间,FINESTEERING,SOL_COMPUTED,SINGLE,24,16,16,16,BESTGNSSPOSA
0703002-0918-15-42-gnss_raw.txt,163.100,2436,459616.300,GPS标准时间,FINESTEERING,SOL_COMPUTED,SINGLE,24,15,15,15,BESTGNSSPOSA
0703002-0918-15-42-gnss_raw.txt,163.200,2436,459616.400,GPS标准时间,FINESTEERING,SOL_COMPUTED,SINGLE,24,15,15,15,BESTGNSSPOSA
0703002-0918-15-42-gnss_raw.txt,163.300,2436,459616.500,GPS标准时间,FINESTEERING,SOL_COMPUTED,SINGLE,24,14,14,14,BESTGNSSPOSA
0703002-0918-15-42-gnss_raw.txt,163.400,2436,459616.600,GPS标准时间,FINESTEERING,SOL_COMPUTED,SINGLE,24,15,15,15,BESTGNSSPOSA
0703002-0918-15-42-gnss_raw.txt,163.500,2436,459616.700,GPS标准时间,FINESTEERING,SOL_COMPUTED,SINGLE,24,15,15,15,BESTGNSSPOSA
0703002-0918-15-42-gnss_raw.txt,163.600,2436,459616.800,GPS标准时间,FINESTEERING,SOL_COMPUTED,SINGLE,24,14,14,14,BESTGNSSPOSA
0703002-0918-15-42-gnss_raw.txt,163.700,2436,459616.900,GPS标准时间,FINESTEERING,SOL_COMPUTED,SINGLE,24,14,14,14,BESTGNSSPOSA
0703002-0918-15-42-gnss_raw.txt,163.800,2436,459617.000,GPS标准时间,FINESTEERING,SOL_COMPUTED,SINGLE,24,14,14,14,BESTGNSSPOSA
0703002-0918-15-42-gnss_raw.txt,163.900,2436,459617.100,GPS标准时间,FINESTEERING,SOL_COMPUTED,SINGLE,24,14,14,14,BESTGNSSPOSA
0703002-0918-15-42-gnss_raw.txt,164.000,2436,459617.200,GPS标准时间,FINESTEERING,SOL_COMPUTED,SINGLE,24,14,14,14,BESTGNSSPOSA
0703002-0918-15-42-gnss_raw.txt,164.100,2436,459617.300,GPS标准时间,FINESTEERING,SOL_COMPUTED,SINGLE,24,14,14,14,BESTGNSSPOSA
0703002-0918-15-42-gnss_raw.txt,164.200,2436,459617.400,GPS标准时间,FINESTEERING,SOL_COMPUTED,SINGLE,24,14,14,14,BESTGNSSPOSA
0703002-0918-15-42-gnss_raw.txt,164.300,2436,459617.500,GPS标准时间,FINESTEERING,SOL_COMPUTED,SINGLE,24,14,14,14,BESTGNSSPOSA
0703002-0918-15-42-gnss_raw.txt,164.400,2436,459617.600,GPS标准时间,FINESTEERING,SOL_COMPUTED,SINGLE,24,15,15,15,BESTGNSSPOSA
0703002-0918-15-42-gnss_raw.txt,164.500,2436,459617.700,GPS标准时间,FINESTEERING,SOL_COMPUTED,SINGLE,23,12,12,12,BESTGNSSPOSA
0703002-0918-15-42-gnss_raw.txt,164.600,2436,459617.800,GPS标准时间,FINESTEERING,SOL_COMPUTED,SINGLE,23,11,11,11,BESTGNSSPOSA
0703002-0918-15-42-gnss_raw.txt,164.700,2436,459617.900,GPS标准时间,FINESTEERING,SOL_COMPUTED,SINGLE,23,11,11,11,BESTGNSSPOSA
0703002-0918-15-42-gnss_raw.txt,164.800,2436,459618.000,GPS标准时间,FINESTEERING,SOL_COMPUTED,SINGLE,23,11,11,11,BESTGNSSPOSA
0703002-0918-15-42-gnss_raw.txt,164.900,2436,459618.100,GPS标准时间,FINESTEERING,SOL_COMPUTED,SINGLE,23,12,12,12,BESTGNSSPOSA
0703002-0918-15-42-gnss_raw.txt,165.000,2436,459618.200,GPS标准时间,FINESTEERING,SOL_COMPUTED,SINGLE,23,11,11,11,BESTGNSSPOSA
0703002-0918-15-42-gnss_raw.txt,165.100,2436,459618.300,GPS标准时间,FINESTEERING,SOL_COMPUTED,SINGLE,23,10,10,10,BESTGNSSPOSA
0703002-0918-15-42-gnss_raw.txt,165.200,2436,459618.400,GPS标准时间,FINESTEERING,SOL_COMPUTED,SINGLE,23,12,12,12,BESTGNSSPOSA
0703002-0918-15-42-gnss_raw.txt,165.300,2436,459618.500,GPS标准时间,FINESTEERING,SOL_COMPUTED,SINGLE,23,14,14,14,BESTGNSSPOSA
0703002-0918-15-42-gnss_raw.txt,165.400,2436,459618.600,GPS标准时间,FINESTEERING,SOL_COMPUTED,SINGLE,23,13,13,13,BESTGNSSPOSA
0703002-0918-15-42-gnss_raw.txt,165.500,2436,459618.700,GPS标准时间,FINESTEERING,SOL_COMPUTED,SINGLE,24,13,13,13,BESTGNSSPOSA
0703002-0918-15-42-gnss_raw.txt,165.600,2436,459618.800,GPS标准时间,FINESTEERING,SOL_COMPUTED,SINGLE,23,13,13,13,BESTGNSSPOSA
0703002-0918-15-42-gnss_raw.txt,165.700,2436,459618.900,GPS标准时间,FINESTEERING,SOL_COMPUTED,SINGLE,23,13,13,13,BESTGNSSPOSA
0703002-0918-15-42-gnss_raw.txt,165.800,2436,459619.000,GPS标准时间,FINESTEERING,SOL_COMPUTED,SINGLE,23,13,13,13,BESTGNSSPOSA
0703002-0918-15-42-gnss_raw.txt,165.900,2436,459619.100,GPS标准时间,FINESTEERING,SOL_COMPUTED,SINGLE,23,13,13,13,BESTGNSSPOSA
0703002-0918-15-42-gnss_raw.txt,166.000,2436,459619.200,GPS标准时间,FINESTEERING,SOL_COMPUTED,SINGLE,23,13,13,13,BESTGNSSPOSA
0703002-0918-15-42-gnss_raw.txt,166.100,2436,459619.300,GPS标准时间,FINESTEERING,SOL_COMPUTED,SINGLE,23,13,13,13,BESTGNSSPOSA
0703002-0918-15-42-gnss_raw.txt,166.200,2436,459619.400,GPS标准时间,FINESTEERING,SOL_COMPUTED,SINGLE,23,13,13,13,BESTGNSSPOSA
0703002-0918-15-42-gnss_raw.txt,166.300,2436,459619.500,GPS标准时间,FINESTEERING,SOL_COMPUTED,SINGLE,23,13,13,13,BESTGNSSPOSA
0703002-0918-15-42-gnss_raw.txt,166.400,2436,459619.600,GPS标准时间,FINESTEERING,SOL_COMPUTED,SINGLE,23,13,13,13,BESTGNSSPOSA
0703002-0918-15-42-gnss_raw.txt,166.500,2436,459619.700,GPS标准时间,FINESTEERING,SOL_COMPUTED,SINGLE,23,13,13,13,BESTGNSSPOSA
0703002-0918-15-42-gnss_raw.txt,166.600,2436,459619.800,GPS标准时间,FINESTEERING,SOL_COMPUTED,SINGLE,23,13,13,13,BESTGNSSPOSA
0703002-0918-15-42-gnss_raw.txt,166.700,2436,459619.900,GPS标准时间,FINESTEERING,SOL_COMPUTED,SINGLE,23,12,12,12,BESTGNSSPOSA
0703002-0918-15-42-gnss_raw.txt,166.800,2436,459620.000,GPS标准时间,FINESTEERING,SOL_COMPUTED,SINGLE,23,14,14,14,BESTGNSSPOSA
0703002-0918-15-42-gnss_raw.txt,166.900,2436,459620.100,GPS标准时间,FINESTEERING,SOL_COMPUTED,SINGLE,23,14,14,14,BESTGNSSPOSA
0703002-0918-15-42-gnss_raw.txt,167.000,2436,459620.200,GPS标准时间,FINESTEERING,SOL_COMPUTED,SINGLE,23,14,14,14,BESTGNSSPOSA
0703002-0918-15-42-gnss_raw.txt,167.100,2436,459620.300,GPS标准时间,FINESTEERING,SOL_COMPUTED,SINGLE,23,14,14,14,BESTGNSSPOSA
0703002-0918-15-42-gnss_raw.txt,167.200,2436,459620.400,GPS标准时间,FINESTEERING,SOL_COMPUTED,SINGLE,23,14,14,14,BESTGNSSPOSA
0703002-0918-15-42-gnss_raw.txt,167.300,2436,459620.500,GPS标准时间,FINESTEERING,SOL_COMPUTED,SINGLE,23,13,13,13,BESTGNSSPOSA
0703002-0918-15-42-gnss_raw.txt,167.400,2436,459620.600,GPS标准时间,FINESTEERING,SOL_COMPUTED,SINGLE,23,13,13,13,BESTGNSSPOSA
0703002-0918-15-42-gnss_raw.txt,167.500,2436,459620.700,GPS标准时间,FINESTEERING,SOL_COMPUTED,SINGLE,23,13,13,13,BESTGNSSPOSA
0703002-0918-15-42-gnss_raw.txt,167.600,2436,459620.800,GPS标准时间,FINESTEERING,SOL_COMPUTED,SINGLE,23,12,12,12,BESTGNSSPOSA
0703002-0918-15-42-gnss_raw.txt,167.700,2436,459620.900,GPS标准时间,FINESTEERING,SOL_COMPUTED,SINGLE,23,12,12,12,BESTGNSSPOSA
0703002-0918-15-42-gnss_raw.txt,167.800,2436,459621.000,GPS标准时间,FINESTEERING,SOL_COMPUTED,SINGLE,23,12,12,12,BESTGNSSPOSA
0703002-0918-15-42-gnss_raw.txt,167.900,2436,459621.100,GPS标准时间,FINESTEERING,SOL_COMPUTED,SINGLE,23,12,12,12,BESTGNSSPOSA
0703002-0918-15-42-gnss_raw.txt,168.000,2436,459621.200,GPS标准时间,FINESTEERING,SOL_COMPUTED,SINGLE,23,12,12,12,BESTGNSSPOSA
0703002-0918-15-42-gnss_raw.txt,168.100,2436,459621.300,GPS标准时间,FINESTEERING,SOL_COMPUTED,SINGLE,23,12,12,12,BESTGNSSPOSA
0703002-0918-15-42-gnss_raw.txt,168.200,2436,459621.400,GPS标准时间,FINESTEERING,SOL_COMPUTED,SINGLE,23,12,12,12,BESTGNSSPOSA
0703002-0918-15-42-gnss_raw.txt,168.300,2436,459621.500,GPS标准时间,FINESTEERING,SOL_COMPUTED,SINGLE,23,12,12,12,BESTGNSSPOSA
0703002-0918-15-42-gnss_raw.txt,168.400,2436,459621.600,GPS标准时间,FINESTEERING,SOL_COMPUTED,SINGLE,23,12,12,12,BESTGNSSPOSA
0703002-0918-15-42-gnss_raw.txt,168.500,2436,459621.700,GPS标准时间,FINESTEERING,SOL_COMPUTED,SINGLE,23,12,12,12,BESTGNSSPOSA
0703002-0918-15-42-gnss_raw.txt,168.600,2436,459621.800,GPS标准时间,FINESTEERING,SOL_COMPUTED,SINGLE,23,12,12,12,BESTGNSSPOSA
0703002-0918-15-42-gnss_raw.txt,168.700,2436,459621.900,GPS标准时间,FINESTEERING,SOL_COMPUTED,SINGLE,23,12,12,12,BESTGNSSPOSA
0703002-0918-15-42-gnss_raw.txt,168.800,2436,459622.000,GPS标准时间,FINESTEERING,SOL_COMPUTED,SINGLE,23,12,12,12,BESTGNSSPOSA
0703002-0918-15-42-gnss_raw.txt,168.900,2436,459622.100,GPS标准时间,FINESTEERING,SOL_COMPUTED,SINGLE,23,11,11,11,BESTGNSSPOSA
0703002-0918-15-42-gnss_raw.txt,169.000,2436,459622.200,GPS标准时间,FINESTEERING,SOL_COMPUTED,SINGLE,23,12,12,12,BESTGNSSPOSA
0703002-0918-15-42-gnss_raw.txt,169.100,2436,459622.300,GPS标准时间,FINESTEERING,SOL_COMPUTED,SINGLE,23,11,11,11,BESTGNSSPOSA
0703002-0918-15-42-gnss_raw.txt,169.200,2436,459622.400,GPS标准时间,FINESTEERING,SOL_COMPUTED,SINGLE,23,11,11,11,BESTGNSSPOSA
0703002-0918-15-42-gnss_raw.txt,169.300,2436,459622.500,GPS标准时间,FINESTEERING,SOL_COMPUTED,SINGLE,23,11,11,11,BESTGNSSPOSA
0703002-0918-15-42-gnss_raw.txt,169.400,2436,459622.600,GPS标准时间,FINESTEERING,SOL_COMPUTED,SINGLE,24,11,11,11,BESTGNSSPOSA
0703002-0918-15-42-gnss_raw.txt,169.500,2436,459622.700,GPS标准时间,FINESTEERING,SOL_COMPUTED,SINGLE,24,12,12,12,BESTGNSSPOSA
0703002-0918-15-42-gnss_raw.txt,169.600,2436,459622.800,GPS标准时间,FINESTEERING,SOL_COMPUTED,SINGLE,24,12,12,12,BESTGNSSPOSA
0703002-0918-15-42-gnss_raw.txt,169.700,2436,459622.900,GPS标准时间,FINESTEERING,SOL_COMPUTED,SINGLE,24,12,12,12,BESTGNSSPOSA
0703002-0918-15-42-gnss_raw.txt,169.800,2436,459623.000,GPS标准时间,FINESTEERING,SOL_COMPUTED,SINGLE,24,12,12,12,BESTGNSSPOSA
0703002-0918-15-42-gnss_raw.txt,169.900,2436,459623.100,GPS标准时间,FINESTEERING,SOL_COMPUTED,SINGLE,24,13,13,13,BESTGNSSPOSA
0703002-0918-15-42-gnss_raw.txt,170.000,2436,459623.200,GPS标准时间,FINESTEERING,SOL_COMPUTED,SINGLE,24,13,13,13,BESTGNSSPOSA
0703002-0918-15-42-gnss_raw.txt,170.100,2436,459623.300,GPS标准时间,FINESTEERING,SOL_COMPUTED,SINGLE,24,12,12,12,BESTGNSSPOSA
0703002-0918-15-42-gnss_raw.txt,170.200,2436,459623.400,GPS标准时间,FINESTEERING,SOL_COMPUTED,SINGLE,24,12,12,12,BESTGNSSPOSA
0703002-0918-15-42-gnss_raw.txt,170.300,2436,459623.500,GPS标准时间,FINESTEERING,SOL_COMPUTED,SINGLE,24,12,12,12,BESTGNSSPOSA
0703002-0918-15-42-gnss_raw.txt,170.400,2436,459623.600,GPS标准时间,FINESTEERING,SOL_COMPUTED,SINGLE,24,14,14,14,BESTGNSSPOSA
0703002-0918-15-42-gnss_raw.txt,170.500,2436,459623.700,GPS标准时间,FINESTEERING,SOL_COMPUTED,SINGLE,24,12,12,12,BESTGNSSPOSA
0703002-0918-15-42-gnss_raw.txt,170.600,2436,459623.800,GPS标准时间,FINESTEERING,SOL_COMPUTED,SINGLE,24,11,11,11,BESTGNSSPOSA
0703002-0918-15-42-gnss_raw.txt,170.700,2436,459623.900,GPS标准时间,FINESTEERING,SOL_COMPUTED,SINGLE,24,12,12,12,BESTGNSSPOSA
0703002-0918-15-42-gnss_raw.txt,170.800,2436,459624.000,GPS标准时间,FINESTEERING,SOL_COMPUTED,SINGLE,24,12,12,12,BESTGNSSPOSA
0703002-0918-15-42-gnss_raw.txt,170.900,2436,459624.100,GPS标准时间,FINESTEERING,SOL_COMPUTED,SINGLE,24,12,12,12,BESTGNSSPOSA
0703002-0918-15-42-gnss_raw.txt,171.000,2436,459624.200,GPS标准时间,FINESTEERING,SOL_COMPUTED,SINGLE,24,13,13,13,BESTGNSSPOSA
0703002-0918-15-42-gnss_raw.txt,171.100,2436,459624.300,GPS标准时间,FINESTEERING,SOL_COMPUTED,SINGLE,24,13,13,13,BESTGNSSPOSA
0703002-0918-15-42-gnss_raw.txt,171.200,2436,459624.400,GPS标准时间,FINESTEERING,SOL_COMPUTED,SINGLE,24,12,12,12,BESTGNSSPOSA
0703002-0918-15-42-gnss_raw.txt,171.300,2436,459624.500,GPS标准时间,FINESTEERING,SOL_COMPUTED,SINGLE,24,13,13,13,BESTGNSSPOSA
0703002-0918-15-42-gnss_raw.txt,171.400,2436,459624.600,GPS标准时间,FINESTEERING,SOL_COMPUTED,SINGLE,24,13,13,13,BESTGNSSPOSA
0703002-0918-15-42-gnss_raw.txt,171.500,2436,459624.700,GPS标准时间,FINESTEERING,SOL_COMPUTED,SINGLE,24,12,12,12,BESTGNSSPOSA
0703002-0918-15-42-gnss_raw.txt,171.600,2436,459624.800,GPS标准时间,FINESTEERING,SOL_COMPUTED,SINGLE,24,13,13,13,BESTGNSSPOSA
0703002-0918-15-42-gnss_raw.txt,171.700,2436,459624.900,GPS标准时间,FINESTEERING,SOL_COMPUTED,SINGLE,24,13,13,13,BESTGNSSPOSA
0703002-0918-15-42-gnss_raw.txt,171.800,2436,459625.000,GPS标准时间,FINESTEERING,SOL_COMPUTED,SINGLE,24,13,13,13,BESTGNSSPOSA
0703002-0918-15-42-gnss_raw.txt,171.900,2436,459625.100,GPS标准时间,FINESTEERING,SOL_COMPUTED,SINGLE,24,12,12,12,BESTGNSSPOSA
0703002-0918-15-42-gnss_raw.txt,172.000,2436,459625.200,GPS标准时间,FINESTEERING,SOL_COMPUTED,SINGLE,24,13,13,13,BESTGNSSPOSA
0703002-0918-15-42-gnss_raw.txt,172.100,2436,459625.300,GPS标准时间,FINESTEERING,SOL_COMPUTED,SINGLE,24,14,14,14,BESTGNSSPOSA
0703002-0918-15-42-gnss_raw.txt,172.200,2436,459625.400,GPS标准时间,FINESTEERING,SOL_COMPUTED,SINGLE,24,14,14,14,BESTGNSSPOSA
0703002-0918-15-42-gnss_raw.txt,172.300,2436,459625.500,GPS标准时间,FINESTEERING,SOL_COMPUTED,SINGLE,24,13,13,13,BESTGNSSPOSA
0703002-0918-15-42-gnss_raw.txt,172.400,2436,459625.600,GPS标准时间,FINESTEERING,SOL_COMPUTED,SINGLE,24,14,14,14,BESTGNSSPOSA
0703002-0918-15-42-gnss_raw.txt,172.500,2436,459625.700,GPS标准时间,FINESTEERING,SOL_COMPUTED,SINGLE,24,13,13,13,BESTGNSSPOSA
0703002-0918-15-42-gnss_raw.txt,172.600,2436,459625.800,GPS标准时间,FINESTEERING,SOL_COMPUTED,SINGLE,24,14,14,14,BESTGNSSPOSA
0703002-0918-15-42-gnss_raw.txt,172.700,2436,459625.900,GPS标准时间,FINESTEERING,SOL_COMPUTED,SINGLE,24,13,13,13,BESTGNSSPOSA
0703002-0918-15-42-gnss_raw.txt,172.800,2436,459626.000,GPS标准时间,FINESTEERING,SOL_COMPUTED,SINGLE,24,15,15,15,BESTGNSSPOSA
0703002-0918-15-42-gnss_raw.txt,172.900,2436,459626.100,GPS标准时间,FINESTEERING,SOL_COMPUTED,SINGLE,24,14,14,14,BESTGNSSPOSA
0703002-0918-15-42-gnss_raw.txt,173.000,2436,459626.200,GPS标准时间,FINESTEERING,SOL_COMPUTED,SINGLE,24,14,14,14,BESTGNSSPOSA
0703002-0918-15-42-gnss_raw.txt,173.100,2436,459626.300,GPS标准时间,FINESTEERING,SOL_COMPUTED,SINGLE,24,14,14,14,BESTGNSSPOSA
0703002-0918-15-42-gnss_raw.txt,173.200,2436,459626.400,GPS标准时间,FINESTEERING,SOL_COMPUTED,SINGLE,24,13,13,13,BESTGNSSPOSA
0703002-0918-15-42-gnss_raw.txt,173.300,2436,459626.500,GPS标准时间,FINESTEERING,SOL_COMPUTED,SINGLE,24,13,13,13,BESTGNSSPOSA
0703002-0918-15-42-gnss_raw.txt,173.400,2436,459626.600,GPS标准时间,FINESTEERING,SOL_COMPUTED,SINGLE,24,15,15,15,BESTGNSSPOSA
0703002-0918-15-42-gnss_raw.txt,173.500,2436,459626.700,GPS标准时间,FINESTEERING,SOL_COMPUTED,SINGLE,24,14,14,14,BESTGNSSPOSA
0703002-0918-15-42-gnss_raw.txt,173.600,2436,459626.800,GPS标准时间,FINESTEERING,SOL_COMPUTED,SINGLE,24,15,15,15,BESTGNSSPOSA
0703002-0918-15-42-gnss_raw.txt,173.700,2436,459626.900,GPS标准时间,FINESTEERING,SOL_COMPUTED,SINGLE,24,14,14,14,BESTGNSSPOSA
0703002-0918-15-42-gnss_raw.txt,173.800,2436,459627.000,GPS标准时间,FINESTEERING,SOL_COMPUTED,SINGLE,24,14,14,14,BESTGNSSPOSA
0703002-0918-15-42-gnss_raw.txt,173.900,2436,459627.100,GPS标准时间,FINESTEERING,SOL_COMPUTED,SINGLE,24,14,14,14,BESTGNSSPOSA
0703002-0918-15-42-gnss_raw.txt,174.000,2436,459627.200,GPS标准时间,FINESTEERING,SOL_COMPUTED,SINGLE,24,15,15,15,BESTGNSSPOSA
0703002-0918-15-42-gnss_raw.txt,174.100,2436,459627.300,GPS标准时间,FINESTEERING,SOL_COMPUTED,SINGLE,24,14,14,14,BESTGNSSPOSA
0703002-0918-15-42-gnss_raw.txt,174.200,2436,459627.400,GPS标准时间,FINESTEERING,SOL_COMPUTED,SINGLE,24,14,14,14,BESTGNSSPOSA
0703002-0918-15-42-gnss_raw.txt,174.300,2436,459627.500,GPS标准时间,FINESTEERING,SOL_COMPUTED,SINGLE,24,14,14,14,BESTGNSSPOSA
0703002-0918-15-42-gnss_raw.txt,174.400,2436,459627.600,GPS标准时间,FINESTEERING,SOL_COMPUTED,SINGLE,24,15,15,15,BESTGNSSPOSA
0703002-0918-15-42-gnss_raw.txt,174.500,2436,459627.700,GPS标准时间,FINESTEERING,SOL_COMPUTED,SINGLE,24,16,16,16,BESTGNSSPOSA
0703002-0918-15-42-gnss_raw.txt,174.600,2436,459627.800,GPS标准时间,FINESTEERING,SOL_COMPUTED,SINGLE,24,16,16,16,BESTGNSSPOSA
0703002-0918-15-42-gnss_raw.txt,174.700,2436,459627.900,GPS标准时间,FINESTEERING,SOL_COMPUTED,SINGLE,24,16,16,16,BESTGNSSPOSA
0703002-0918-15-42-gnss_raw.txt,174.800,2436,459628.000,GPS标准时间,FINESTEERING,SOL_COMPUTED,SINGLE,24,15,15,15,BESTGNSSPOSA
0703002-0918-15-42-gnss_raw.txt,174.900,2436,459628.100,GPS标准时间,FINESTEERING,SOL_COMPUTED,SINGLE,24,15,15,15,BESTGNSSPOSA
0703002-0918-15-42-gnss_raw.txt,175.000,2436,459628.200,GPS标准时间,FINESTEERING,SOL_COMPUTED,SINGLE,24,15,15,15,BESTGNSSPOSA
0703002-0918-15-42-gnss_raw.txt,175.100,2436,459628.300,GPS标准时间,FINESTEERING,SOL_COMPUTED,SINGLE,24,15,15,15,BESTGNSSPOSA
0703002-0918-15-42-gnss_raw.txt,175.200,2436,459628.400,GPS标准时间,FINESTEERING,SOL_COMPUTED,SINGLE,24,16,16,16,BESTGNSSPOSA
0703002-0918-15-42-gnss_raw.txt,175.300,2436,459628.500,GPS标准时间,FINESTEERING,SOL_COMPUTED,SINGLE,24,16,16,16,BESTGNSSPOSA
0703002-0918-15-42-gnss_raw.txt,175.400,2436,459628.600,GPS标准时间,FINESTEERING,SOL_COMPUTED,SINGLE,24,15,15,15,BESTGNSSPOSA
0703002-0918-15-42-gnss_raw.txt,175.500,2436,459628.700,GPS标准时间,FINESTEERING,SOL_COMPUTED,SINGLE,24,16,16,16,BESTGNSSPOSA
0703002-0918-15-42-gnss_raw.txt,175.600,2436,459628.800,GPS标准时间,FINESTEERING,SOL_COMPUTED,SINGLE,24,15,15,15,BESTGNSSPOSA
0703002-0918-15-42-gnss_raw.txt,175.700,2436,459628.900,GPS标准时间,FINESTEERING,SOL_COMPUTED,SINGLE,24,15,15,15,BESTGNSSPOSA
0703002-0918-15-42-gnss_raw.txt,175.800,2436,459629.000,GPS标准时间,FINESTEERING,SOL_COMPUTED,SINGLE,24,15,15,15,BESTGNSSPOSA
0703002-0918-15-42-gnss_raw.txt,175.900,2436,459629.100,GPS标准时间,FINESTEERING,SOL_COMPUTED,SINGLE,24,16,16,16,BESTGNSSPOSA
0703002-0918-15-42-gnss_raw.txt,176.000,2436,459629.200,GPS标准时间,FINESTEERING,SOL_COMPUTED,SINGLE,24,16,16,16,BESTGNSSPOSA
0703002-0918-15-42-gnss_raw.txt,176.100,2436,459629.300,GPS标准时间,FINESTEERING,SOL_COMPUTED,SINGLE,24,15,15,15,BESTGNSSPOSA
0703002-0918-15-42-gnss_raw.txt,176.200,2436,459629.400,GPS标准时间,FINESTEERING,SOL_COMPUTED,SINGLE,24,15,15,15,BESTGNSSPOSA
0703002-0918-15-42-gnss_raw.txt,176.300,2436,459629.500,GPS标准时间,FINESTEERING,SOL_COMPUTED,SINGLE,24,15,15,15,BESTGNSSPOSA
0703002-0918-15-42-gnss_raw.txt,176.400,2436,459629.600,GPS标准时间,FINESTEERING,SOL_COMPUTED,SINGLE,24,15,15,15,BESTGNSSPOSA
0703002-0918-15-42-gnss_raw.txt,176.500,2436,459629.700,GPS标准时间,FINESTEERING,SOL_COMPUTED,SINGLE,24,15,15,15,BESTGNSSPOSA
0703002-0918-15-42-gnss_raw.txt,176.600,2436,459629.800,GPS标准时间,FINESTEERING,SOL_COMPUTED,SINGLE,24,13,13,13,BESTGNSSPOSA
0703002-0918-15-42-gnss_raw.txt,176.700,2436,459629.900,GPS标准时间,FINESTEERING,SOL_COMPUTED,SINGLE,24,14,14,14,BESTGNSSPOSA
0703002-0918-15-42-gnss_raw.txt,176.800,2436,459630.000,GPS标准时间,FINESTEERING,SOL_COMPUTED,SINGLE,24,14,14,14,BESTGNSSPOSA
0703002-0918-15-42-gnss_raw.txt,176.900,2436,459630.100,GPS标准时间,FINESTEERING,SOL_COMPUTED,SINGLE,24,15,15,15,BESTGNSSPOSA
0703002-0918-15-42-gnss_raw.txt,177.000,2436,459630.200,GPS标准时间,FINESTEERING,SOL_COMPUTED,SINGLE,24,14,14,14,BESTGNSSPOSA
0703002-0918-15-42-gnss_raw.txt,177.100,2436,459630.300,GPS标准时间,FINESTEERING,SOL_COMPUTED,SINGLE,24,15,15,15,BESTGNSSPOSA
0703002-0918-15-42-gnss_raw.txt,177.200,2436,459630.400,GPS标准时间,FINESTEERING,SOL_COMPUTED,SINGLE,24,15,15,15,BESTGNSSPOSA
0703002-0918-15-42-gnss_raw.txt,177.300,2436,459630.500,GPS标准时间,FINESTEERING,SOL_COMPUTED,SINGLE,24,15,15,15,BESTGNSSPOSA
0703002-0918-15-42-gnss_raw.txt,177.400,2436,459630.600,GPS标准时间,FINESTEERING,SOL_COMPUTED,SINGLE,24,15,15,15,BESTGNSSPOSA
0703002-0918-15-42-gnss_raw.txt,177.500,2436,459630.700,GPS标准时间,FINESTEERING,SOL_COMPUTED,SINGLE,24,14,14,14,BESTGNSSPOSA
0703002-0918-15-42-gnss_raw.txt,177.600,2436,459630.800,GPS标准时间,FINESTEERING,SOL_COMPUTED,SINGLE,24,15,15,15,BESTGNSSPOSA
0703002-0918-15-42-gnss_raw.txt,177.700,2436,459630.900,GPS标准时间,FINESTEERING,SOL_COMPUTED,SINGLE,24,16,16,16,BESTGNSSPOSA
0703002-0918-15-42-gnss_raw.txt,177.800,2436,459631.000,GPS标准时间,FINESTEERING,SOL_COMPUTED,SINGLE,24,16,16,16,BESTGNSSPOSA
0703002-0918-15-42-gnss_raw.txt,177.900,2436,459631.100,GPS标准时间,FINESTEERING,SOL_COMPUTED,SINGLE,24,16,16,16,BESTGNSSPOSA
0703002-0918-15-42-gnss_raw.txt,178.000,2436,459631.200,GPS标准时间,FINESTEERING,SOL_COMPUTED,SINGLE,24,16,16,16,BESTGNSSPOSA
0703002-0918-15-42-gnss_raw.txt,178.100,2436,459631.300,GPS标准时间,FINESTEERING,SOL_COMPUTED,SINGLE,24,16,16,16,BESTGNSSPOSA
0703002-0918-15-42-gnss_raw.txt,178.200,2436,459631.400,GPS标准时间,FINESTEERING,SOL_COMPUTED,SINGLE,24,16,16,16,BESTGNSSPOSA
0703002-0918-15-42-gnss_raw.txt,178.300,2436,459631.500,GPS标准时间,FINESTEERING,SOL_COMPUTED,SINGLE,24,16,16,16,BESTGNSSPOSA
0703002-0918-15-42-gnss_raw.txt,178.400,2436,459631.600,GPS标准时间,FINESTEERING,SOL_COMPUTED,SINGLE,24,15,15,15,BESTGNSSPOSA
0703002-0918-15-42-gnss_raw.txt,178.500,2436,459631.700,GPS标准时间,FINESTEERING,SOL_COMPUTED,SINGLE,24,15,15,15,BESTGNSSPOSA
0703002-0918-15-42-gnss_raw.txt,178.600,2436,459631.800,GPS标准时间,FINESTEERING,SOL_COMPUTED,SINGLE,24,16,16,16,BESTGNSSPOSA
0703002-0918-15-42-gnss_raw.txt,178.700,2436,459631.900,GPS标准时间,FINESTEERING,SOL_COMPUTED,SINGLE,24,15,15,15,BESTGNSSPOSA
0703002-0918-15-42-gnss_raw.txt,178.800,2436,459632.000,GPS标准时间,FINESTEERING,SOL_COMPUTED,SINGLE,24,16,16,16,BESTGNSSPOSA
0703002-0918-15-42-gnss_raw.txt,178.900,2436,459632.100,GPS标准时间,FINESTEERING,SOL_COMPUTED,SINGLE,24,15,15,15,BESTGNSSPOSA
0703002-0918-15-42-gnss_raw.txt,179.000,2436,459632.200,GPS标准时间,FINESTEERING,SOL_COMPUTED,SINGLE,24,15,15,15,BESTGNSSPOSA
0703002-0918-15-42-gnss_raw.txt,179.100,2436,459632.300,GPS标准时间,FINESTEERING,SOL_COMPUTED,SINGLE,24,15,15,15,BESTGNSSPOSA
0703002-0918-15-42-gnss_raw.txt,179.200,2436,459632.400,GPS标准时间,FINESTEERING,SOL_COMPUTED,SINGLE,24,15,15,15,BESTGNSSPOSA
0703002-0918-15-42-gnss_raw.txt,179.300,2436,459632.500,GPS标准时间,FINESTEERING,SOL_COMPUTED,SINGLE,24,17,17,17,BESTGNSSPOSA
0703002-0918-15-42-gnss_raw.txt,179.400,2436,459632.600,GPS标准时间,FINESTEERING,SOL_COMPUTED,SINGLE,24,17,17,17,BESTGNSSPOSA
0703002-0918-15-42-gnss_raw.txt,179.500,2436,459632.700,GPS标准时间,FINESTEERING,SOL_COMPUTED,SINGLE,24,17,17,17,BESTGNSSPOSA
0703002-0918-15-42-gnss_raw.txt,179.600,2436,459632.800,GPS标准时间,FINESTEERING,SOL_COMPUTED,SINGLE,24,17,17,17,BESTGNSSPOSA
0703002-0918-15-42-gnss_raw.txt,179.700,2436,459632.900,GPS标准时间,FINESTEERING,SOL_COMPUTED,SINGLE,24,17,17,17,BESTGNSSPOSA
0703002-0918-15-42-gnss_raw.txt,179.800,2436,459633.000,GPS标准时间,FINESTEERING,SOL_COMPUTED,SINGLE,24,16,16,16,BESTGNSSPOSA
0703002-0918-15-42-gnss_raw.txt,179.900,2436,459633.100,GPS标准时间,FINESTEERING,SOL_COMPUTED,SINGLE,24,16,16,16,BESTGNSSPOSA
0703002-0918-15-42-gnss_raw.txt,180.000,2436,459633.200,GPS标准时间,FINESTEERING,SOL_COMPUTED,SINGLE,24,17,17,17,BESTGNSSPOSA
0703002-0918-15-42-gnss_raw.txt,180.100,2436,459633.300,GPS标准时间,FINESTEERING,SOL_COMPUTED,SINGLE,24,16,16,16,BESTGNSSPOSA
0703002-0918-15-42-gnss_raw.txt,180.200,2436,459633.400,GPS标准时间,FINESTEERING,SOL_COMPUTED,SINGLE,24,16,16,16,BESTGNSSPOSA
0703002-0918-15-42-gnss_raw.txt,180.300,2436,459633.500,GPS标准时间,FINESTEERING,SOL_COMPUTED,SINGLE,24,16,16,16,BESTGNSSPOSA
0703002-0918-15-42-gnss_raw.txt,180.400,2436,459633.600,GPS标准时间,FINESTEERING,SOL_COMPUTED,SINGLE,24,15,15,15,BESTGNSSPOSA
0703002-0918-15-42-gnss_raw.txt,180.500,2436,459633.700,GPS标准时间,FINESTEERING,SOL_COMPUTED,SINGLE,24,15,15,15,BESTGNSSPOSA
0703002-0918-15-42-gnss_raw.txt,180.600,2436,459633.800,GPS标准时间,FINESTEERING,SOL_COMPUTED,SINGLE,24,15,15,15,BESTGNSSPOSA
0703002-0918-15-42-gnss_raw.txt,180.700,2436,459633.900,GPS标准时间,FINESTEERING,SOL_COMPUTED,SINGLE,24,15,15,15,BESTGNSSPOSA
0703002-0918-15-42-gnss_raw.txt,180.800,2436,459634.000,GPS标准时间,FINESTEERING,SOL_COMPUTED,SINGLE,24,14,14,14,BESTGNSSPOSA
0703002-0918-15-42-gnss_raw.txt,180.900,2436,459634.100,GPS标准时间,FINESTEERING,SOL_COMPUTED,SINGLE,24,13,13,13,BESTGNSSPOSA
0703002-0918-15-42-gnss_raw.txt,181.000,2436,459634.200,GPS标准时间,FINESTEERING,SOL_COMPUTED,SINGLE,24,14,14,14,BESTGNSSPOSA
0703002-0918-15-42-gnss_raw.txt,181.100,2436,459634.300,GPS标准时间,FINESTEERING,SOL_COMPUTED,SINGLE,24,13,13,13,BESTGNSSPOSA
0703002-0918-15-42-gnss_raw.txt,181.200,2436,459634.400,GPS标准时间,FINESTEERING,SOL_COMPUTED,SINGLE,24,13,13,13,BESTGNSSPOSA
0703002-0918-15-42-gnss_raw.txt,181.300,2436,459634.500,GPS标准时间,FINESTEERING,SOL_COMPUTED,SINGLE,24,14,14,14,BESTGNSSPOSA
0703002-0918-15-42-gnss_raw.txt,181.400,2436,459634.600,GPS标准时间,FINESTEERING,SOL_COMPUTED,SINGLE,24,13,13,13,BESTGNSSPOSA
0703002-0918-15-42-gnss_raw.txt,181.500,2436,459634.700,GPS标准时间,FINESTEERING,SOL_COMPUTED,SINGLE,24,13,13,13,BESTGNSSPOSA
0703002-0918-15-42-gnss_raw.txt,181.600,2436,459634.800,GPS标准时间,FINESTEERING,SOL_COMPUTED,SINGLE,24,14,14,14,BESTGNSSPOSA
0703002-0918-15-42-gnss_raw.txt,181.700,2436,459634.900,GPS标准时间,FINESTEERING,SOL_COMPUTED,SINGLE,24,15,15,15,BESTGNSSPOSA
0703002-0918-15-42-gnss_raw.txt,181.800,2436,459635.000,GPS标准时间,FINESTEERING,SOL_COMPUTED,SINGLE,24,14,14,14,BESTGNSSPOSA
0703002-0918-15-42-gnss_raw.txt,181.900,2436,459635.100,GPS标准时间,FINESTEERING,SOL_COMPUTED,SINGLE,24,15,15,15,BESTGNSSPOSA
0703002-0918-15-42-gnss_raw.txt,182.000,2436,459635.200,GPS标准时间,FINESTEERING,SOL_COMPUTED,SINGLE,24,15,15,15,BESTGNSSPOSA
0703002-0918-15-42-gnss_raw.txt,182.100,2436,459635.300,GPS标准时间,FINESTEERING,SOL_COMPUTED,SINGLE,24,14,14,14,BESTGNSSPOSA
0703002-0918-15-42-gnss_raw.txt,182.200,2436,459635.400,GPS标准时间,FINESTEERING,SOL_COMPUTED,SINGLE,24,14,14,14,BESTGNSSPOSA
0703002-0918-15-42-gnss_raw.txt,182.300,2436,459635.500,GPS标准时间,FINESTEERING,SOL_COMPUTED,SINGLE,24,14,14,14,BESTGNSSPOSA
0703002-0918-15-42-gnss_raw.txt,182.400,2436,459635.600,GPS标准时间,FINESTEERING,SOL_COMPUTED,SINGLE,24,14,14,14,BESTGNSSPOSA
0703002-0918-15-42-gnss_raw.txt,182.500,2436,459635.700,GPS标准时间,FINESTEERING,SOL_COMPUTED,SINGLE,24,15,15,15,BESTGNSSPOSA
0703002-0918-15-42-gnss_raw.txt,182.600,2436,459635.800,GPS标准时间,FINESTEERING,SOL_COMPUTED,SINGLE,24,15,15,15,BESTGNSSPOSA
0703002-0918-15-42-gnss_raw.txt,182.700,2436,459635.900,GPS标准时间,FINESTEERING,SOL_COMPUTED,SINGLE,24,14,14,14,BESTGNSSPOSA
0703002-0918-15-42-gnss_raw.txt,182.800,2436,459636.000,GPS标准时间,FINESTEERING,SOL_COMPUTED,SINGLE,24,14,14,14,BESTGNSSPOSA
0703002-0918-15-42-gnss_raw.txt,182.900,2436,459636.100,GPS标准时间,FINESTEERING,SOL_COMPUTED,SINGLE,24,13,13,13,BESTGNSSPOSA
0703002-0918-15-42-gnss_raw.txt,183.000,2436,459636.200,GPS标准时间,FINESTEERING,SOL_COMPUTED,SINGLE,24,12,12,12,BESTGNSSPOSA
0703002-0918-15-42-gnss_raw.txt,183.100,2436,459636.300,GPS标准时间,FINESTEERING,SOL_COMPUTED,SINGLE,24,13,13,13,BESTGNSSPOSA
0703002-0918-15-42-gnss_raw.txt,183.200,2436,459636.400,GPS标准时间,FINESTEERING,SOL_COMPUTED,SINGLE,24,14,14,14,BESTGNSSPOSA
0703002-0918-15-42-gnss_raw.txt,183.300,2436,459636.500,GPS标准时间,FINESTEERING,SOL_COMPUTED,SINGLE,24,14,14,14,BESTGNSSPOSA
0703002-0918-15-42-gnss_raw.txt,183.400,2436,459636.600,GPS标准时间,FINESTEERING,SOL_COMPUTED,SINGLE,24,14,14,14,BESTGNSSPOSA
0703002-0918-15-42-gnss_raw.txt,183.500,2436,459636.700,GPS标准时间,FINESTEERING,SOL_COMPUTED,SINGLE,24,15,15,15,BESTGNSSPOSA
0703002-0918-15-42-gnss_raw.txt,183.600,2436,459636.800,GPS标准时间,FINESTEERING,SOL_COMPUTED,SINGLE,24,15,15,15,BESTGNSSPOSA
0703002-0918-15-42-gnss_raw.txt,183.700,2436,459636.900,GPS标准时间,FINESTEERING,SOL_COMPUTED,SINGLE,24,14,14,14,BESTGNSSPOSA
0703002-0918-15-42-gnss_raw.txt,183.800,2436,459637.000,GPS标准时间,FINESTEERING,SOL_COMPUTED,SINGLE,24,14,14,14,BESTGNSSPOSA
0703002-0918-15-42-gnss_raw.txt,183.900,2436,459637.100,GPS标准时间,FINESTEERING,SOL_COMPUTED,SINGLE,24,14,14,14,BESTGNSSPOSA
0703002-0918-15-42-gnss_raw.txt,184.000,2436,459637.200,GPS标准时间,FINESTEERING,SOL_COMPUTED,SINGLE,24,13,13,13,BESTGNSSPOSA
0703002-0918-15-42-gnss_raw.txt,184.100,2436,459637.300,GPS标准时间,FINESTEERING,SOL_COMPUTED,SINGLE,24,15,15,15,BESTGNSSPOSA
0703002-0918-15-42-gnss_raw.txt,184.200,2436,459637.400,GPS标准时间,FINESTEERING,SOL_COMPUTED,SINGLE,24,14,14,14,BESTGNSSPOSA
0703002-0918-15-42-gnss_raw.txt,184.300,2436,459637.500,GPS标准时间,FINESTEERING,SOL_COMPUTED,SINGLE,24,14,14,14,BESTGNSSPOSA
0703002-0918-15-42-gnss_raw.txt,184.400,2436,459637.600,GPS标准时间,FINESTEERING,SOL_COMPUTED,SINGLE,24,14,14,14,BESTGNSSPOSA
0703002-0918-15-42-gnss_raw.txt,184.500,2436,459637.700,GPS标准时间,FINESTEERING,SOL_COMPUTED,SINGLE,24,14,14,14,BESTGNSSPOSA
0703002-0918-15-42-gnss_raw.txt,184.600,2436,459637.800,GPS标准时间,FINESTEERING,SOL_COMPUTED,SINGLE,24,14,14,14,BESTGNSSPOSA
0703002-0918-15-42-gnss_raw.txt,184.700,2436,459637.900,GPS标准时间,FINESTEERING,SOL_COMPUTED,SINGLE,24,15,15,15,BESTGNSSPOSA
0703002-0918-15-42-gnss_raw.txt,184.800,2436,459638.000,GPS标准时间,FINESTEERING,SOL_COMPUTED,SINGLE,24,14,14,14,BESTGNSSPOSA
0703002-0918-15-42-gnss_raw.txt,184.900,2436,459638.100,GPS标准时间,FINESTEERING,SOL_COMPUTED,SINGLE,24,15,15,15,BESTGNSSPOSA
0703002-0918-15-42-gnss_raw.txt,185.000,2436,459638.200,GPS标准时间,FINESTEERING,SOL_COMPUTED,SINGLE,24,16,16,16,BESTGNSSPOSA
0703002-0918-15-42-gnss_raw.txt,185.100,2436,459638.300,GPS标准时间,FINESTEERING,SOL_COMPUTED,SINGLE,24,16,16,16,BESTGNSSPOSA
0703002-0918-15-42-gnss_raw.txt,185.200,2436,459638.400,GPS标准时间,FINESTEERING,SOL_COMPUTED,SINGLE,24,15,15,15,BESTGNSSPOSA
0703002-0918-15-42-gnss_raw.txt,185.300,2436,459638.500,GPS标准时间,FINESTEERING,SOL_COMPUTED,SINGLE,24,14,14,14,BESTGNSSPOSA
0703002-0918-15-42-gnss_raw.txt,185.400,2436,459638.600,GPS标准时间,FINESTEERING,SOL_COMPUTED,SINGLE,24,15,15,15,BESTGNSSPOSA
0703002-0918-15-42-gnss_raw.txt,185.500,2436,459638.700,GPS标准时间,FINESTEERING,SOL_COMPUTED,SINGLE,24,15,15,15,BESTGNSSPOSA
0703002-0918-15-42-gnss_raw.txt,185.600,2436,459638.800,GPS标准时间,FINESTEERING,SOL_COMPUTED,SINGLE,24,15,15,15,BESTGNSSPOSA
0703002-0918-15-42-gnss_raw.txt,185.700,2436,459638.900,GPS标准时间,FINESTEERING,SOL_COMPUTED,SINGLE,24,15,15,15,BESTGNSSPOSA
0703002-0918-15-42-gnss_raw.txt,185.800,2436,459639.000,GPS标准时间,FINESTEERING,SOL_COMPUTED,SINGLE,24,15,15,15,BESTGNSSPOSA
0703002-0918-15-42-gnss_raw.txt,185.900,2436,459639.100,GPS标准时间,FINESTEERING,SOL_COMPUTED,SINGLE,24,16,16,16,BESTGNSSPOSA
0703002-0918-15-42-gnss_raw.txt,186.000,2436,459639.200,GPS标准时间,FINESTEERING,SOL_COMPUTED,SINGLE,24,16,16,16,BESTGNSSPOSA
0703002-0918-15-42-gnss_raw.txt,186.100,2436,459639.300,GPS标准时间,FINESTEERING,SOL_COMPUTED,SINGLE,24,15,15,15,BESTGNSSPOSA
0703002-0918-15-42-gnss_raw.txt,186.200,2436,459639.400,GPS标准时间,FINESTEERING,SOL_COMPUTED,SINGLE,24,15,15,15,BESTGNSSPOSA
0703002-0918-15-42-gnss_raw.txt,186.300,2436,459639.500,GPS标准时间,FINESTEERING,SOL_COMPUTED,SINGLE,24,15,15,15,BESTGNSSPOSA
0703002-0918-15-42-gnss_raw.txt,186.400,2436,459639.600,GPS标准时间,FINESTEERING,SOL_COMPUTED,SINGLE,24,14,14,14,BESTGNSSPOSA
0703002-0918-15-42-gnss_raw.txt,186.500,2436,459639.700,GPS标准时间,FINESTEERING,SOL_COMPUTED,SINGLE,24,14,14,14,BESTGNSSPOSA
0703002-0918-15-42-gnss_raw.txt,186.600,2436,459639.800,GPS标准时间,FINESTEERING,SOL_COMPUTED,SINGLE,24,13,13,13,BESTGNSSPOSA
0703002-0918-15-42-gnss_raw.txt,186.700,2436,459639.900,GPS标准时间,FINESTEERING,SOL_COMPUTED,SINGLE,24,14,14,14,BESTGNSSPOSA
0703002-0918-15-42-gnss_raw.txt,186.800,2436,459640.000,GPS标准时间,FINESTEERING,SOL_COMPUTED,SINGLE,24,13,13,13,BESTGNSSPOSA
0703002-0918-15-42-gnss_raw.txt,186.900,2436,459640.100,GPS标准时间,FINESTEERING,SOL_COMPUTED,SINGLE,24,13,13,13,BESTGNSSPOSA
0703002-0918-15-42-gnss_raw.txt,187.000,2436,459640.200,GPS标准时间,FINESTEERING,SOL_COMPUTED,SINGLE,24,14,14,14,BESTGNSSPOSA
0703002-0918-15-42-gnss_raw.txt,187.100,2436,459640.300,GPS标准时间,FINESTEERING,SOL_COMPUTED,SINGLE,24,14,14,14,BESTGNSSPOSA
0703002-0918-15-42-gnss_raw.txt,187.200,2436,459640.400,GPS标准时间,FINESTEERING,SOL_COMPUTED,SINGLE,24,13,13,13,BESTGNSSPOSA
0703002-0918-15-42-gnss_raw.txt,187.300,2436,459640.500,GPS标准时间,FINESTEERING,SOL_COMPUTED,SINGLE,24,13,13,13,BESTGNSSPOSA
0703002-0918-15-42-gnss_raw.txt,187.400,2436,459640.600,GPS标准时间,FINESTEERING,SOL_COMPUTED,SINGLE,24,13,13,13,BESTGNSSPOSA
0703002-0918-15-42-gnss_raw.txt,187.500,2436,459640.700,GPS标准时间,FINESTEERING,SOL_COMPUTED,SINGLE,24,14,14,14,BESTGNSSPOSA
0703002-0918-15-42-gnss_raw.txt,187.600,2436,459640.800,GPS标准时间,FINESTEERING,SOL_COMPUTED,SINGLE,24,14,14,14,BESTGNSSPOSA
0703002-0918-15-42-gnss_raw.txt,187.700,2436,459640.900,GPS标准时间,FINESTEERING,SOL_COMPUTED,SINGLE,24,14,14,14,BESTGNSSPOSA
0703002-0918-15-42-gnss_raw.txt,187.800,2436,459641.000,GPS标准时间,FINESTEERING,SOL_COMPUTED,SINGLE,24,16,16,16,BESTGNSSPOSA
0703002-0918-15-42-gnss_raw.txt,187.900,2436,459641.100,GPS标准时间,FINESTEERING,SOL_COMPUTED,SINGLE,24,14,14,14,BESTGNSSPOSA
0703002-0918-15-42-gnss_raw.txt,188.000,2436,459641.200,GPS标准时间,FINESTEERING,SOL_COMPUTED,SINGLE,24,15,15,15,BESTGNSSPOSA
0703002-0918-15-42-gnss_raw.txt,188.100,2436,459641.300,GPS标准时间,FINESTEERING,SOL_COMPUTED,SINGLE,24,16,16,16,BESTGNSSPOSA
0703002-0918-15-42-gnss_raw.txt,188.200,2436,459641.400,GPS标准时间,FINESTEERING,SOL_COMPUTED,SINGLE,24,15,15,15,BESTGNSSPOSA
0703002-0918-15-42-gnss_raw.txt,188.300,2436,459641.500,GPS标准时间,FINESTEERING,SOL_COMPUTED,SINGLE,24,16,16,16,BESTGNSSPOSA
0703002-0918-15-42-gnss_raw.txt,188.400,2436,459641.600,GPS标准时间,FINESTEERING,SOL_COMPUTED,SINGLE,24,15,15,15,BESTGNSSPOSA
0703002-0918-15-42-gnss_raw.txt,188.500,2436,459641.700,GPS标准时间,FINESTEERING,SOL_COMPUTED,SINGLE,24,17,17,17,BESTGNSSPOSA
0703002-0918-15-42-gnss_raw.txt,188.600,2436,459641.800,GPS标准时间,FINESTEERING,SOL_COMPUTED,SINGLE,24,16,16,16,BESTGNSSPOSA
0703002-0918-15-42-gnss_raw.txt,188.700,2436,459641.900,GPS标准时间,FINESTEERING,SOL_COMPUTED,SINGLE,24,16,16,16,BESTGNSSPOSA
0703002-0918-15-42-gnss_raw.txt,188.800,2436,459642.000,GPS标准时间,FINESTEERING,SOL_COMPUTED,SINGLE,24,16,16,16,BESTGNSSPOSA
0703002-0918-15-42-gnss_raw.txt,188.900,2436,459642.100,GPS标准时间,FINESTEERING,SOL_COMPUTED,SINGLE,24,16,16,16,BESTGNSSPOSA
0703002-0918-15-42-gnss_raw.txt,189.000,2436,459642.200,GPS标准时间,FINESTEERING,SOL_COMPUTED,SINGLE,24,15,15,15,BESTGNSSPOSA
0703002-0918-15-42-gnss_raw.txt,189.100,2436,459642.300,GPS标准时间,FINESTEERING,SOL_COMPUTED,SINGLE,24,16,16,16,BESTGNSSPOSA
0703002-0918-15-42-gnss_raw.txt,189.200,2436,459642.400,GPS标准时间,FINESTEERING,SOL_COMPUTED,SINGLE,24,16,16,16,BESTGNSSPOSA
0703002-0918-15-42-gnss_raw.txt,189.300,2436,459642.500,GPS标准时间,FINESTEERING,SOL_COMPUTED,SINGLE,24,16,16,16,BESTGNSSPOSA
0703002-0918-15-42-gnss_raw.txt,189.400,2436,459642.600,GPS标准时间,FINESTEERING,SOL_COMPUTED,SINGLE,24,16,16,16,BESTGNSSPOSA
0703002-0918-15-42-gnss_raw.txt,189.500,2436,459642.700,GPS标准时间,FINESTEERING,SOL_COMPUTED,SINGLE,24,16,16,16,BESTGNSSPOSA
0703002-0918-15-42-gnss_raw.txt,189.600,2436,459642.800,GPS标准时间,FINESTEERING,SOL_COMPUTED,SINGLE,24,16,16,16,BESTGNSSPOSA
0703002-0918-15-42-gnss_raw.txt,189.700,2436,459642.900,GPS标准时间,FINESTEERING,SOL_COMPUTED,SINGLE,24,16,16,16,BESTGNSSPOSA
0703002-0918-15-42-gnss_raw.txt,189.800,2436,459643.000,GPS标准时间,FINESTEERING,SOL_COMPUTED,SINGLE,24,16,16,16,BESTGNSSPOSA
0703002-0918-15-42-gnss_raw.txt,189.900,2436,459643.100,GPS标准时间,FINESTEERING,SOL_COMPUTED,SINGLE,24,15,15,15,BESTGNSSPOSA
0703002-0918-15-42-gnss_raw.txt,190.000,2436,459643.200,GPS标准时间,FINESTEERING,SOL_COMPUTED,SINGLE,24,16,16,16,BESTGNSSPOSA
0703002-0918-15-42-gnss_raw.txt,190.100,2436,459643.300,GPS标准时间,FINESTEERING,SOL_COMPUTED,SINGLE,24,16,16,16,BESTGNSSPOSA
0703002-0918-15-42-gnss_raw.txt,190.200,2436,459643.400,GPS标准时间,FINESTEERING,SOL_COMPUTED,SINGLE,24,16,16,16,BESTGNSSPOSA
0703002-0918-15-42-gnss_raw.txt,190.300,2436,459643.500,GPS标准时间,FINESTEERING,SOL_COMPUTED,SINGLE,24,16,16,16,BESTGNSSPOSA
0703002-0918-15-42-gnss_raw.txt,190.400,2436,459643.600,GPS标准时间,FINESTEERING,SOL_COMPUTED,SINGLE,24,16,16,16,BESTGNSSPOSA
0703002-0918-15-42-gnss_raw.txt,190.500,2436,459643.700,GPS标准时间,FINESTEERING,SOL_COMPUTED,SINGLE,24,16,16,16,BESTGNSSPOSA
0703002-0918-15-42-gnss_raw.txt,190.600,2436,459643.800,GPS标准时间,FINESTEERING,SOL_COMPUTED,SINGLE,24,17,17,17,BESTGNSSPOSA
0703002-0918-15-42-gnss_raw.txt,190.700,2436,459643.900,GPS标准时间,FINESTEERING,SOL_COMPUTED,SINGLE,24,15,15,15,BESTGNSSPOSA
0703002-0918-15-42-gnss_raw.txt,190.800,2436,459644.000,GPS标准时间,FINESTEERING,SOL_COMPUTED,SINGLE,24,16,16,16,BESTGNSSPOSA
0703002-0918-15-42-gnss_raw.txt,190.900,2436,459644.100,GPS标准时间,FINESTEERING,SOL_COMPUTED,SINGLE,24,16,16,16,BESTGNSSPOSA
0703002-0918-15-42-gnss_raw.txt,191.000,2436,459644.200,GPS标准时间,FINESTEERING,SOL_COMPUTED,SINGLE,24,14,14,14,BESTGNSSPOSA
0703002-0918-15-42-gnss_raw.txt,191.100,2436,459644.300,GPS标准时间,FINESTEERING,SOL_COMPUTED,SINGLE,24,16,16,16,BESTGNSSPOSA
0703002-0918-15-42-gnss_raw.txt,191.200,2436,459644.400,GPS标准时间,FINESTEERING,SOL_COMPUTED,SINGLE,24,14,14,14,BESTGNSSPOSA
0703002-0918-15-42-gnss_raw.txt,191.300,2436,459644.500,GPS标准时间,FINESTEERING,SOL_COMPUTED,SINGLE,24,14,14,14,BESTGNSSPOSA
0703002-0918-15-42-gnss_raw.txt,191.400,2436,459644.600,GPS标准时间,FINESTEERING,SOL_COMPUTED,SINGLE,24,14,14,14,BESTGNSSPOSA
0703002-0918-15-42-gnss_raw.txt,191.500,2436,459644.700,GPS标准时间,FINESTEERING,SOL_COMPUTED,SINGLE,24,14,14,14,BESTGNSSPOSA
0703002-0918-15-42-gnss_raw.txt,191.600,2436,459644.800,GPS标准时间,FINESTEERING,SOL_COMPUTED,SINGLE,24,14,14,14,BESTGNSSPOSA
0703002-0918-15-42-gnss_raw.txt,191.700,2436,459644.900,GPS标准时间,FINESTEERING,SOL_COMPUTED,SINGLE,24,14,14,14,BESTGNSSPOSA
0703002-0918-15-42-gnss_raw.txt,191.800,2436,459645.000,GPS标准时间,FINESTEERING,SOL_COMPUTED,SINGLE,24,14,14,14,BESTGNSSPOSA
0703002-0918-15-42-gnss_raw.txt,191.900,2436,459645.100,GPS标准时间,FINESTEERING,SOL_COMPUTED,SINGLE,24,16,16,16,BESTGNSSPOSA
0703002-0918-15-42-gnss_raw.txt,192.000,2436,459645.200,GPS标准时间,FINESTEERING,SOL_COMPUTED,SINGLE,24,15,15,15,BESTGNSSPOSA
0703002-0918-15-42-gnss_raw.txt,192.100,2436,459645.300,GPS标准时间,FINESTEERING,SOL_COMPUTED,SINGLE,24,15,15,15,BESTGNSSPOSA
0703002-0918-15-42-gnss_raw.txt,192.200,2436,459645.400,GPS标准时间,FINESTEERING,SOL_COMPUTED,SINGLE,24,15,15,15,BESTGNSSPOSA
0703002-0918-15-42-gnss_raw.txt,192.300,2436,459645.500,GPS标准时间,FINESTEERING,SOL_COMPUTED,SINGLE,24,16,16,16,BESTGNSSPOSA
0703002-0918-15-42-gnss_raw.txt,192.400,2436,459645.600,GPS标准时间,FINESTEERING,SOL_COMPUTED,SINGLE,24,15,15,15,BESTGNSSPOSA
0703002-0918-15-42-gnss_raw.txt,192.500,2436,459645.700,GPS标准时间,FINESTEERING,SOL_COMPUTED,SINGLE,24,14,14,14,BESTGNSSPOSA
0703002-0918-15-42-gnss_raw.txt,192.600,2436,459645.800,GPS标准时间,FINESTEERING,SOL_COMPUTED,SINGLE,24,16,16,16,BESTGNSSPOSA
0703002-0918-15-42-gnss_raw.txt,192.700,2436,459645.900,GPS标准时间,FINESTEERING,SOL_COMPUTED,SINGLE,24,14,14,14,BESTGNSSPOSA
0703002-0918-15-42-gnss_raw.txt,192.800,2436,459646.000,GPS标准时间,FINESTEERING,SOL_COMPUTED,SINGLE,24,14,14,14,BESTGNSSPOSA
0703002-0918-15-42-gnss_raw.txt,192.900,2436,459646.100,GPS标准时间,FINESTEERING,SOL_COMPUTED,SINGLE,24,15,15,15,BESTGNSSPOSA
0703002-0918-15-42-gnss_raw.txt,193.000,2436,459646.200,GPS标准时间,FINESTEERING,SOL_COMPUTED,SINGLE,24,15,15,15,BESTGNSSPOSA
0703002-0918-15-42-gnss_raw.txt,193.100,2436,459646.300,GPS标准时间,FINESTEERING,SOL_COMPUTED,SINGLE,24,16,16,16,BESTGNSSPOSA
0703002-0918-15-42-gnss_raw.txt,193.200,2436,459646.400,GPS标准时间,FINESTEERING,SOL_COMPUTED,SINGLE,24,15,15,15,BESTGNSSPOSA
0703002-0918-15-42-gnss_raw.txt,193.300,2436,459646.500,GPS标准时间,FINESTEERING,SOL_COMPUTED,SINGLE,24,14,14,14,BESTGNSSPOSA
0703002-0918-15-42-gnss_raw.txt,193.400,2436,459646.600,GPS标准时间,FINESTEERING,SOL_COMPUTED,SINGLE,24,15,15,15,BESTGNSSPOSA
0703002-0918-15-42-gnss_raw.txt,193.500,2436,459646.700,GPS标准时间,FINESTEERING,SOL_COMPUTED,SINGLE,24,15,15,15,BESTGNSSPOSA
0703002-0918-15-42-gnss_raw.txt,193.600,2436,459646.800,GPS标准时间,FINESTEERING,SOL_COMPUTED,SINGLE,24,16,16,16,BESTGNSSPOSA
0703002-0918-15-42-gnss_raw.txt,193.700,2436,459646.900,GPS标准时间,FINESTEERING,SOL_COMPUTED,SINGLE,24,15,15,15,BESTGNSSPOSA
0703002-0918-15-42-gnss_raw.txt,193.800,2436,459647.000,GPS标准时间,FINESTEERING,SOL_COMPUTED,SINGLE,24,15,15,15,BESTGNSSPOSA
0703002-0918-15-42-gnss_raw.txt,193.900,2436,459647.100,GPS标准时间,FINESTEERING,SOL_COMPUTED,SINGLE,24,16,16,16,BESTGNSSPOSA
0703002-0918-15-42-gnss_raw.txt,194.000,2436,459647.200,GPS标准时间,FINESTEERING,SOL_COMPUTED,SINGLE,24,15,15,15,BESTGNSSPOSA
0703002-0918-15-42-gnss_raw.txt,194.100,2436,459647.300,GPS标准时间,FINESTEERING,SOL_COMPUTED,SINGLE,24,14,14,14,BESTGNSSPOSA
0703002-0918-15-42-gnss_raw.txt,194.200,2436,459647.400,GPS标准时间,FINESTEERING,SOL_COMPUTED,SINGLE,24,15,15,15,BESTGNSSPOSA
0703002-0918-15-42-gnss_raw.txt,194.300,2436,459647.500,GPS标准时间,FINESTEERING,SOL_COMPUTED,SINGLE,24,14,14,14,BESTGNSSPOSA
0703002-0918-15-42-gnss_raw.txt,194.400,2436,459647.600,GPS标准时间,FINESTEERING,SOL_COMPUTED,SINGLE,24,15,15,15,BESTGNSSPOSA
0703002-0918-15-42-gnss_raw.txt,194.500,2436,459647.700,GPS标准时间,FINESTEERING,SOL_COMPUTED,SINGLE,24,16,16,16,BESTGNSSPOSA
0703002-0918-15-42-gnss_raw.txt,194.600,2436,459647.800,GPS标准时间,FINESTEERING,SOL_COMPUTED,SINGLE,24,17,17,17,BESTGNSSPOSA
0703002-0918-15-42-gnss_raw.txt,194.700,2436,459647.900,GPS标准时间,FINESTEERING,SOL_COMPUTED,SINGLE,24,15,15,15,BESTGNSSPOSA
0703002-0918-15-42-gnss_raw.txt,194.800,2436,459648.000,GPS标准时间,FINESTEERING,SOL_COMPUTED,SINGLE,24,16,16,16,BESTGNSSPOSA
0703002-0918-15-42-gnss_raw.txt,194.900,2436,459648.100,GPS标准时间,FINESTEERING,SOL_COMPUTED,SINGLE,24,14,14,14,BESTGNSSPOSA
0703002-0918-15-42-gnss_raw.txt,195.000,2436,459648.200,GPS标准时间,FINESTEERING,SOL_COMPUTED,SINGLE,24,15,15,15,BESTGNSSPOSA
0703002-0918-15-42-gnss_raw.txt,195.100,2436,459648.300,GPS标准时间,FINESTEERING,SOL_COMPUTED,SINGLE,24,16,16,16,BESTGNSSPOSA
0703002-0918-15-42-gnss_raw.txt,195.200,2436,459648.400,GPS标准时间,FINESTEERING,SOL_COMPUTED,SINGLE,24,16,16,16,BESTGNSSPOSA
0703002-0918-15-42-gnss_raw.txt,195.300,2436,459648.500,GPS标准时间,FINESTEERING,SOL_COMPUTED,SINGLE,24,15,15,15,BESTGNSSPOSA
0703002-0918-15-42-gnss_raw.txt,195.400,2436,459648.600,GPS标准时间,FINESTEERING,SOL_COMPUTED,SINGLE,24,16,16,16,BESTGNSSPOSA
0703002-0918-15-42-gnss_raw.txt,195.500,2436,459648.700,GPS标准时间,FINESTEERING,SOL_COMPUTED,SINGLE,24,16,16,16,BESTGNSSPOSA
0703002-0918-15-42-gnss_raw.txt,195.600,2436,459648.800,GPS标准时间,FINESTEERING,SOL_COMPUTED,SINGLE,24,16,16,16,BESTGNSSPOSA
0703002-0918-15-42-gnss_raw.txt,195.700,2436,459648.900,GPS标准时间,FINESTEERING,SOL_COMPUTED,SINGLE,24,16,16,16,BESTGNSSPOSA
0703002-0918-15-42-gnss_raw.txt,195.800,2436,459649.000,GPS标准时间,FINESTEERING,SOL_COMPUTED,SINGLE,24,16,16,16,BESTGNSSPOSA
0703002-0918-15-42-gnss_raw.txt,195.900,2436,459649.100,GPS标准时间,FINESTEERING,SOL_COMPUTED,SINGLE,24,15,15,15,BESTGNSSPOSA
0703002-0918-15-42-gnss_raw.txt,196.000,2436,459649.200,GPS标准时间,FINESTEERING,SOL_COMPUTED,SINGLE,24,16,16,16,BESTGNSSPOSA
0703002-0918-15-42-gnss_raw.txt,196.100,2436,459649.300,GPS标准时间,FINESTEERING,SOL_COMPUTED,SINGLE,24,16,16,16,BESTGNSSPOSA
0703002-0918-15-42-gnss_raw.txt,196.200,2436,459649.400,GPS标准时间,FINESTEERING,SOL_COMPUTED,SINGLE,24,15,15,15,BESTGNSSPOSA
0703002-0918-15-42-gnss_raw.txt,196.300,2436,459649.500,GPS标准时间,FINESTEERING,SOL_COMPUTED,SINGLE,24,17,17,17,BESTGNSSPOSA
0703002-0918-15-42-gnss_raw.txt,196.400,2436,459649.600,GPS标准时间,FINESTEERING,SOL_COMPUTED,SINGLE,24,15,15,15,BESTGNSSPOSA
0703002-0918-15-42-gnss_raw.txt,196.500,2436,459649.700,GPS标准时间,FINESTEERING,SOL_COMPUTED,SINGLE,24,15,15,15,BESTGNSSPOSA
0703002-0918-15-42-gnss_raw.txt,196.600,2436,459649.800,GPS标准时间,FINESTEERING,SOL_COMPUTED,SINGLE,24,15,15,15,BESTGNSSPOSA
0703002-0918-15-42-gnss_raw.txt,196.700,2436,459649.900,GPS标准时间,FINESTEERING,SOL_COMPUTED,SINGLE,24,14,14,14,BESTGNSSPOSA
0703002-0918-15-42-gnss_raw.txt,196.800,2436,459650.000,GPS标准时间,FINESTEERING,SOL_COMPUTED,SINGLE,24,14,14,14,BESTGNSSPOSA
0703002-0918-15-42-gnss_raw.txt,196.900,2436,459650.100,GPS标准时间,FINESTEERING,SOL_COMPUTED,SINGLE,24,15,15,15,BESTGNSSPOSA
0703002-0918-15-42-gnss_raw.txt,197.000,2436,459650.200,GPS标准时间,FINESTEERING,SOL_COMPUTED,SINGLE,24,15,15,15,BESTGNSSPOSA
0703002-0918-15-42-gnss_raw.txt,197.100,2436,459650.300,GPS标准时间,FINESTEERING,SOL_COMPUTED,SINGLE,24,15,15,15,BESTGNSSPOSA
0703002-0918-15-42-gnss_raw.txt,197.200,2436,459650.400,GPS标准时间,FINESTEERING,SOL_COMPUTED,SINGLE,24,16,16,16,BESTGNSSPOSA
0703002-0918-15-42-gnss_raw.txt,197.300,2436,459650.500,GPS标准时间,FINESTEERING,SOL_COMPUTED,SINGLE,24,15,15,15,BESTGNSSPOSA
0703002-0918-15-42-gnss_raw.txt,197.400,2436,459650.600,GPS标准时间,FINESTEERING,SOL_COMPUTED,SINGLE,24,15,15,15,BESTGNSSPOSA
0703002-0918-15-42-gnss_raw.txt,197.500,2436,459650.700,GPS标准时间,FINESTEERING,SOL_COMPUTED,SINGLE,24,14,14,14,BESTGNSSPOSA
0703002-0918-15-42-gnss_raw.txt,197.600,2436,459650.800,GPS标准时间,FINESTEERING,SOL_COMPUTED,SINGLE,24,16,16,16,BESTGNSSPOSA
0703002-0918-15-42-gnss_raw.txt,197.700,2436,459650.900,GPS标准时间,FINESTEERING,SOL_COMPUTED,SINGLE,24,17,17,17,BESTGNSSPOSA
0703002-0918-15-42-gnss_raw.txt,197.800,2436,459651.000,GPS标准时间,FINESTEERING,SOL_COMPUTED,SINGLE,24,16,16,16,BESTGNSSPOSA
0703002-0918-15-42-gnss_raw.txt,197.900,2436,459651.100,GPS标准时间,FINESTEERING,SOL_COMPUTED,SINGLE,24,18,18,18,BESTGNSSPOSA
0703002-0918-15-42-gnss_raw.txt,198.000,2436,459651.200,GPS标准时间,FINESTEERING,SOL_COMPUTED,SINGLE,24,17,17,17,BESTGNSSPOSA
0703002-0918-15-42-gnss_raw.txt,198.100,2436,459651.300,GPS标准时间,FINESTEERING,SOL_COMPUTED,SINGLE,24,15,15,15,BESTGNSSPOSA
0703002-0918-15-42-gnss_raw.txt,198.200,2436,459651.400,GPS标准时间,FINESTEERING,SOL_COMPUTED,SINGLE,24,17,17,17,BESTGNSSPOSA
0703002-0918-15-42-gnss_raw.txt,198.300,2436,459651.500,GPS标准时间,FINESTEERING,SOL_COMPUTED,SINGLE,24,17,17,17,BESTGNSSPOSA
0703002-0918-15-42-gnss_raw.txt,198.400,2436,459651.600,GPS标准时间,FINESTEERING,SOL_COMPUTED,SINGLE,24,15,15,15,BESTGNSSPOSA
0703002-0918-15-42-gnss_raw.txt,198.500,2436,459651.700,GPS标准时间,FINESTEERING,SOL_COMPUTED,SINGLE,24,16,16,16,BESTGNSSPOSA
0703002-0918-15-42-gnss_raw.txt,198.600,2436,459651.800,GPS标准时间,FINESTEERING,SOL_COMPUTED,SINGLE,24,17,17,17,BESTGNSSPOSA
0703002-0918-15-42-gnss_raw.txt,198.700,2436,459651.900,GPS标准时间,FINESTEERING,SOL_COMPUTED,SINGLE,24,16,16,16,BESTGNSSPOSA
0703002-0918-15-42-gnss_raw.txt,198.800,2436,459652.000,GPS标准时间,FINESTEERING,SOL_COMPUTED,SINGLE,24,17,17,17,BESTGNSSPOSA
0703002-0918-15-42-gnss_raw.txt,198.900,2436,459652.100,GPS标准时间,FINESTEERING,SOL_COMPUTED,SINGLE,24,16,16,16,BESTGNSSPOSA
0703002-0918-15-42-gnss_raw.txt,199.000,2436,459652.200,GPS标准时间,FINESTEERING,SOL_COMPUTED,SINGLE,24,16,16,16,BESTGNSSPOSA
0703002-0918-15-42-gnss_raw.txt,199.100,2436,459652.300,GPS标准时间,FINESTEERING,SOL_COMPUTED,SINGLE,24,17,17,17,BESTGNSSPOSA
0703002-0918-15-42-gnss_raw.txt,199.200,2436,459652.400,GPS标准时间,FINESTEERING,SOL_COMPUTED,SINGLE,24,17,17,17,BESTGNSSPOSA
0703002-0918-15-42-gnss_raw.txt,199.300,2436,459652.500,GPS标准时间,FINESTEERING,SOL_COMPUTED,SINGLE,24,17,17,17,BESTGNSSPOSA
0703002-0918-15-42-gnss_raw.txt,199.400,2436,459652.600,GPS标准时间,FINESTEERING,SOL_COMPUTED,SINGLE,24,16,16,16,BESTGNSSPOSA
0703002-0918-15-42-gnss_raw.txt,199.500,2436,459652.700,GPS标准时间,FINESTEERING,SOL_COMPUTED,SINGLE,24,16,16,16,BESTGNSSPOSA
0703002-0918-15-42-gnss_raw.txt,199.600,2436,459652.800,GPS标准时间,FINESTEERING,SOL_COMPUTED,SINGLE,24,16,16,16,BESTGNSSPOSA
0703002-0918-15-42-gnss_raw.txt,199.700,2436,459652.900,GPS标准时间,FINESTEERING,SOL_COMPUTED,SINGLE,24,16,16,16,BESTGNSSPOSA
0703002-0918-15-42-gnss_raw.txt,199.800,2436,459653.000,GPS标准时间,FINESTEERING,SOL_COMPUTED,SINGLE,24,16,16,16,BESTGNSSPOSA
0703002-0918-15-42-gnss_raw.txt,199.900,2436,459653.100,GPS标准时间,FINESTEERING,SOL_COMPUTED,SINGLE,24,16,16,16,BESTGNSSPOSA
0703002-0918-15-42-gnss_raw.txt,200.000,2436,459653.200,GPS标准时间,FINESTEERING,SOL_COMPUTED,SINGLE,24,16,16,16,BESTGNSSPOSA
0703002-0918-15-42-gnss_raw.txt,200.100,2436,459653.300,GPS标准时间,FINESTEERING,SOL_COMPUTED,SINGLE,24,15,15,15,BESTGNSSPOSA
0703002-0918-15-42-gnss_raw.txt,200.200,2436,459653.400,GPS标准时间,FINESTEERING,SOL_COMPUTED,SINGLE,24,15,15,15,BESTGNSSPOSA
0703002-0918-15-42-gnss_raw.txt,200.300,2436,459653.500,GPS标准时间,FINESTEERING,SOL_COMPUTED,SINGLE,24,15,15,15,BESTGNSSPOSA
0703002-0918-15-42-gnss_raw.txt,200.400,2436,459653.600,GPS标准时间,FINESTEERING,SOL_COMPUTED,SINGLE,24,15,15,15,BESTGNSSPOSA
0703002-0918-15-42-gnss_raw.txt,200.500,2436,459653.700,GPS标准时间,FINESTEERING,SOL_COMPUTED,SINGLE,24,17,17,17,BESTGNSSPOSA
0703002-0918-15-42-gnss_raw.txt,200.600,2436,459653.800,GPS标准时间,FINESTEERING,SOL_COMPUTED,SINGLE,24,17,17,17,BESTGNSSPOSA
0703002-0918-15-42-gnss_raw.txt,200.700,2436,459653.900,GPS标准时间,FINESTEERING,SOL_COMPUTED,SINGLE,24,18,18,18,BESTGNSSPOSA
0703002-0918-15-42-gnss_raw.txt,200.800,2436,459654.000,GPS标准时间,FINESTEERING,SOL_COMPUTED,SINGLE,24,15,15,15,BESTGNSSPOSA
0703002-0918-15-42-gnss_raw.txt,200.900,2436,459654.100,GPS标准时间,FINESTEERING,SOL_COMPUTED,SINGLE,24,16,16,16,BESTGNSSPOSA
0703002-0918-15-42-gnss_raw.txt,201.000,2436,459654.200,GPS标准时间,FINESTEERING,SOL_COMPUTED,SINGLE,24,15,15,15,BESTGNSSPOSA
0703002-0918-15-42-gnss_raw.txt,201.100,2436,459654.300,GPS标准时间,FINESTEERING,SOL_COMPUTED,SINGLE,24,16,16,16,BESTGNSSPOSA
0703002-0918-15-42-gnss_raw.txt,201.200,2436,459654.400,GPS标准时间,FINESTEERING,SOL_COMPUTED,SINGLE,24,16,16,16,BESTGNSSPOSA
0703002-0918-15-42-gnss_raw.txt,201.300,2436,459654.500,GPS标准时间,FINESTEERING,SOL_COMPUTED,SINGLE,24,15,15,15,BESTGNSSPOSA
0703002-0918-15-42-gnss_raw.txt,201.400,2436,459654.600,GPS标准时间,FINESTEERING,SOL_COMPUTED,SINGLE,24,15,15,15,BESTGNSSPOSA
0703002-0918-15-42-gnss_raw.txt,201.500,2436,459654.700,GPS标准时间,FINESTEERING,SOL_COMPUTED,SINGLE,24,15,15,15,BESTGNSSPOSA
0703002-0918-15-42-gnss_raw.txt,201.600,2436,459654.800,GPS标准时间,FINESTEERING,SOL_COMPUTED,SINGLE,24,14,14,14,BESTGNSSPOSA
0703002-0918-15-42-gnss_raw.txt,201.700,2436,459654.900,GPS标准时间,FINESTEERING,SOL_COMPUTED,SINGLE,24,14,14,14,BESTGNSSPOSA
0703002-0918-15-42-gnss_raw.txt,201.800,2436,459655.000,GPS标准时间,FINESTEERING,SOL_COMPUTED,SINGLE,24,16,16,16,BESTGNSSPOSA
0703002-0918-15-42-gnss_raw.txt,201.900,2436,459655.100,GPS标准时间,FINESTEERING,SOL_COMPUTED,SINGLE,24,17,17,17,BESTGNSSPOSA
0703002-0918-15-42-gnss_raw.txt,202.000,2436,459655.200,GPS标准时间,FINESTEERING,SOL_COMPUTED,SINGLE,24,16,16,16,BESTGNSSPOSA
0703002-0918-15-42-gnss_raw.txt,202.100,2436,459655.300,GPS标准时间,FINESTEERING,SOL_COMPUTED,SINGLE,24,17,17,17,BESTGNSSPOSA
0703002-0918-15-42-gnss_raw.txt,202.200,2436,459655.400,GPS标准时间,FINESTEERING,SOL_COMPUTED,SINGLE,24,16,16,16,BESTGNSSPOSA
0703002-0918-15-42-gnss_raw.txt,202.300,2436,459655.500,GPS标准时间,FINESTEERING,SOL_COMPUTED,SINGLE,24,17,17,17,BESTGNSSPOSA
0703002-0918-15-42-gnss_raw.txt,202.400,2436,459655.600,GPS标准时间,FINESTEERING,SOL_COMPUTED,SINGLE,24,16,16,16,BESTGNSSPOSA
0703002-0918-15-42-gnss_raw.txt,202.500,2436,459655.700,GPS标准时间,FINESTEERING,SOL_COMPUTED,SINGLE,24,16,16,16,BESTGNSSPOSA
0703002-0918-15-42-gnss_raw.txt,202.600,2436,459655.800,GPS标准时间,FINESTEERING,SOL_COMPUTED,SINGLE,24,16,16,16,BESTGNSSPOSA
0703002-0918-15-42-gnss_raw.txt,202.700,2436,459655.900,GPS标准时间,FINESTEERING,SOL_COMPUTED,SINGLE,24,16,16,16,BESTGNSSPOSA
0703002-0918-15-42-gnss_raw.txt,202.800,2436,459656.000,GPS标准时间,FINESTEERING,SOL_COMPUTED,SINGLE,24,16,16,16,BESTGNSSPOSA
0703002-0918-15-42-gnss_raw.txt,202.900,2436,459656.100,GPS标准时间,FINESTEERING,SOL_COMPUTED,SINGLE,24,15,15,15,BESTGNSSPOSA
0703002-0918-15-42-gnss_raw.txt,203.000,2436,459656.200,GPS标准时间,FINESTEERING,SOL_COMPUTED,SINGLE,24,16,16,16,BESTGNSSPOSA
0703002-0918-15-42-gnss_raw.txt,203.100,2436,459656.300,GPS标准时间,FINESTEERING,SOL_COMPUTED,SINGLE,24,16,16,16,BESTGNSSPOSA
0703002-0918-15-42-gnss_raw.txt,203.200,2436,459656.400,GPS标准时间,FINESTEERING,SOL_COMPUTED,SINGLE,24,16,16,16,BESTGNSSPOSA
0703002-0918-15-42-gnss_raw.txt,203.300,2436,459656.500,GPS标准时间,FINESTEERING,SOL_COMPUTED,SINGLE,24,16,16,16,BESTGNSSPOSA
0703002-0918-15-42-gnss_raw.txt,203.400,2436,459656.600,GPS标准时间,FINESTEERING,SOL_COMPUTED,SINGLE,24,15,15,15,BESTGNSSPOSA
0703002-0918-15-42-gnss_raw.txt,203.500,2436,459656.700,GPS标准时间,FINESTEERING,SOL_COMPUTED,SINGLE,24,16,16,16,BESTGNSSPOSA
0703002-0918-15-42-gnss_raw.txt,203.600,2436,459656.800,GPS标准时间,FINESTEERING,SOL_COMPUTED,SINGLE,24,16,16,16,BESTGNSSPOSA
0703002-0918-15-42-gnss_raw.txt,203.700,2436,459656.900,GPS标准时间,FINESTEERING,SOL_COMPUTED,SINGLE,24,14,14,14,BESTGNSSPOSA
0703002-0918-15-42-gnss_raw.txt,203.800,2436,459657.000,GPS标准时间,FINESTEERING,SOL_COMPUTED,SINGLE,24,15,15,15,BESTGNSSPOSA
0703002-0918-15-42-gnss_raw.txt,203.900,2436,459657.100,GPS标准时间,FINESTEERING,SOL_COMPUTED,SINGLE,24,15,15,15,BESTGNSSPOSA
0703002-0918-15-42-gnss_raw.txt,204.000,2436,459657.200,GPS标准时间,FINESTEERING,SOL_COMPUTED,SINGLE,24,15,15,15,BESTGNSSPOSA
0703002-0918-15-42-gnss_raw.txt,204.100,2436,459657.300,GPS标准时间,FINESTEERING,SOL_COMPUTED,SINGLE,24,15,15,15,BESTGNSSPOSA
0703002-0918-15-42-gnss_raw.txt,204.200,2436,459657.400,GPS标准时间,FINESTEERING,SOL_COMPUTED,SINGLE,24,15,15,15,BESTGNSSPOSA
0703002-0918-15-42-gnss_raw.txt,204.300,2436,459657.500,GPS标准时间,FINESTEERING,SOL_COMPUTED,SINGLE,24,15,15,15,BESTGNSSPOSA
0703002-0918-15-42-gnss_raw.txt,204.400,2436,459657.600,GPS标准时间,FINESTEERING,SOL_COMPUTED,SINGLE,24,15,15,15,BESTGNSSPOSA
0703002-0918-15-42-gnss_raw.txt,204.500,2436,459657.700,GPS标准时间,FINESTEERING,SOL_COMPUTED,SINGLE,24,14,14,14,BESTGNSSPOSA
0703002-0918-15-42-gnss_raw.txt,204.600,2436,459657.800,GPS标准时间,FINESTEERING,SOL_COMPUTED,SINGLE,24,15,15,15,BESTGNSSPOSA
0703002-0918-15-42-gnss_raw.txt,204.700,2436,459657.900,GPS标准时间,FINESTEERING,SOL_COMPUTED,SINGLE,24,15,15,15,BESTGNSSPOSA
0703002-0918-15-42-gnss_raw.txt,204.800,2436,459658.000,GPS标准时间,FINESTEERING,SOL_COMPUTED,SINGLE,24,16,16,16,BESTGNSSPOSA
0703002-0918-15-42-gnss_raw.txt,204.900,2436,459658.100,GPS标准时间,FINESTEERING,SOL_COMPUTED,SINGLE,24,15,15,15,BESTGNSSPOSA
0703002-0918-15-42-gnss_raw.txt,205.000,2436,459658.200,GPS标准时间,FINESTEERING,SOL_COMPUTED,SINGLE,24,15,15,15,BESTGNSSPOSA
0703002-0918-15-42-gnss_raw.txt,205.100,2436,459658.300,GPS标准时间,FINESTEERING,SOL_COMPUTED,SINGLE,24,15,15,15,BESTGNSSPOSA
0703002-0918-15-42-gnss_raw.txt,205.200,2436,459658.400,GPS标准时间,FINESTEERING,SOL_COMPUTED,SINGLE,24,15,15,15,BESTGNSSPOSA
0703002-0918-15-42-gnss_raw.txt,205.300,2436,459658.500,GPS标准时间,FINESTEERING,SOL_COMPUTED,SINGLE,24,16,16,16,BESTGNSSPOSA
0703002-0918-15-42-gnss_raw.txt,205.400,2436,459658.600,GPS标准时间,FINESTEERING,SOL_COMPUTED,SINGLE,24,16,16,16,BESTGNSSPOSA
0703002-0918-15-42-gnss_raw.txt,205.500,2436,459658.700,GPS标准时间,FINESTEERING,SOL_COMPUTED,SINGLE,24,15,15,15,BESTGNSSPOSA
0703002-0918-15-42-gnss_raw.txt,205.600,2436,459658.800,GPS标准时间,FINESTEERING,SOL_COMPUTED,SINGLE,24,14,14,14,BESTGNSSPOSA
0703002-0918-15-42-gnss_raw.txt,205.700,2436,459658.900,GPS标准时间,FINESTEERING,SOL_COMPUTED,SINGLE,24,14,14,14,BESTGNSSPOSA
0703002-0918-15-42-gnss_raw.txt,205.800,2436,459659.000,GPS标准时间,FINESTEERING,SOL_COMPUTED,SINGLE,24,14,14,14,BESTGNSSPOSA
0703002-0918-15-42-gnss_raw.txt,205.900,2436,459659.100,GPS标准时间,FINESTEERING,SOL_COMPUTED,SINGLE,24,14,14,14,BESTGNSSPOSA
0703002-0918-15-42-gnss_raw.txt,206.000,2436,459659.200,GPS标准时间,FINESTEERING,SOL_COMPUTED,SINGLE,24,13,13,13,BESTGNSSPOSA
0703002-0918-15-42-gnss_raw.txt,206.100,2436,459659.300,GPS标准时间,FINESTEERING,SOL_COMPUTED,SINGLE,24,13,13,13,BESTGNSSPOSA
0703002-0918-15-42-gnss_raw.txt,206.200,2436,459659.400,GPS标准时间,FINESTEERING,SOL_COMPUTED,SINGLE,24,17,17,17,BESTGNSSPOSA
0703002-0918-15-42-gnss_raw.txt,206.300,2436,459659.500,GPS标准时间,FINESTEERING,SOL_COMPUTED,SINGLE,24,13,13,13,BESTGNSSPOSA
0703002-0918-15-42-gnss_raw.txt,206.400,2436,459659.600,GPS标准时间,FINESTEERING,SOL_COMPUTED,SINGLE,24,13,13,13,BESTGNSSPOSA
0703002-0918-15-42-gnss_raw.txt,206.500,2436,459659.700,GPS标准时间,FINESTEERING,SOL_COMPUTED,SINGLE,24,13,13,13,BESTGNSSPOSA
0703002-0918-15-42-gnss_raw.txt,206.600,2436,459659.800,GPS标准时间,FINESTEERING,SOL_COMPUTED,SINGLE,24,14,14,14,BESTGNSSPOSA
0703002-0918-15-42-gnss_raw.txt,206.700,2436,459659.900,GPS标准时间,FINESTEERING,SOL_COMPUTED,SINGLE,24,14,14,14,BESTGNSSPOSA
0703002-0918-15-42-gnss_raw.txt,206.800,2436,459660.000,GPS标准时间,FINESTEERING,SOL_COMPUTED,SINGLE,24,13,13,13,BESTGNSSPOSA
0703002-0918-15-42-gnss_raw.txt,206.900,2436,459660.100,GPS标准时间,FINESTEERING,SOL_COMPUTED,SINGLE,24,14,14,14,BESTGNSSPOSA
0703002-0918-15-42-gnss_raw.txt,207.000,2436,459660.200,GPS标准时间,FINESTEERING,SOL_COMPUTED,SINGLE,24,14,14,14,BESTGNSSPOSA
0703002-0918-15-42-gnss_raw.txt,207.100,2436,459660.300,GPS标准时间,FINESTEERING,SOL_COMPUTED,SINGLE,24,14,14,14,BESTGNSSPOSA
0703002-0918-15-42-gnss_raw.txt,207.200,2436,459660.400,GPS标准时间,FINESTEERING,SOL_COMPUTED,SINGLE,24,13,13,13,BESTGNSSPOSA
0703002-0918-15-42-gnss_raw.txt,207.300,2436,459660.500,GPS标准时间,FINESTEERING,SOL_COMPUTED,SINGLE,24,14,14,14,BESTGNSSPOSA
0703002-0918-15-42-gnss_raw.txt,207.400,2436,459660.600,GPS标准时间,FINESTEERING,SOL_COMPUTED,SINGLE,24,14,14,14,BESTGNSSPOSA
0703002-0918-15-42-gnss_raw.txt,207.500,2436,459660.700,GPS标准时间,FINESTEERING,SOL_COMPUTED,SINGLE,24,11,11,11,BESTGNSSPOSA
0703002-0918-15-42-gnss_raw.txt,207.600,2436,459660.800,GPS标准时间,FINESTEERING,SOL_COMPUTED,SINGLE,24,13,13,13,BESTGNSSPOSA
0703002-0918-15-42-gnss_raw.txt,207.700,2436,459660.900,GPS标准时间,FINESTEERING,SOL_COMPUTED,SINGLE,24,12,12,12,BESTGNSSPOSA
0703002-0918-15-42-gnss_raw.txt,207.800,2436,459661.000,GPS标准时间,FINESTEERING,SOL_COMPUTED,SINGLE,24,13,13,13,BESTGNSSPOSA
0703002-0918-15-42-gnss_raw.txt,207.900,2436,459661.100,GPS标准时间,FINESTEERING,SOL_COMPUTED,SINGLE,24,13,13,13,BESTGNSSPOSA
0703002-0918-15-42-gnss_raw.txt,208.000,2436,459661.200,GPS标准时间,FINESTEERING,SOL_COMPUTED,SINGLE,24,13,13,13,BESTGNSSPOSA
0703002-0918-15-42-gnss_raw.txt,208.100,2436,459661.300,GPS标准时间,FINESTEERING,SOL_COMPUTED,SINGLE,24,13,13,13,BESTGNSSPOSA
0703002-0918-15-42-gnss_raw.txt,208.200,2436,459661.400,GPS标准时间,FINESTEERING,SOL_COMPUTED,SINGLE,24,13,13,13,BESTGNSSPOSA
0703002-0918-15-42-gnss_raw.txt,208.300,2436,459661.500,GPS标准时间,FINESTEERING,SOL_COMPUTED,SINGLE,24,13,13,13,BESTGNSSPOSA
0703002-0918-15-42-gnss_raw.txt,208.400,2436,459661.600,GPS标准时间,FINESTEERING,SOL_COMPUTED,SINGLE,24,13,13,13,BESTGNSSPOSA
0703002-0918-15-42-gnss_raw.txt,208.500,2436,459661.700,GPS标准时间,FINESTEERING,SOL_COMPUTED,SINGLE,24,13,13,13,BESTGNSSPOSA
0703002-0918-15-42-gnss_raw.txt,208.600,2436,459661.800,GPS标准时间,FINESTEERING,SOL_COMPUTED,SINGLE,24,13,13,13,BESTGNSSPOSA
0703002-0918-15-42-gnss_raw.txt,208.700,2436,459661.900,GPS标准时间,FINESTEERING,SOL_COMPUTED,SINGLE,24,12,12,12,BESTGNSSPOSA
0703002-0918-15-42-gnss_raw.txt,208.800,2436,459662.000,GPS标准时间,FINESTEERING,SOL_COMPUTED,SINGLE,24,13,13,13,BESTGNSSPOSA
0703002-0918-15-42-gnss_raw.txt,208.900,2436,459662.100,GPS标准时间,FINESTEERING,SOL_COMPUTED,SINGLE,24,12,12,12,BESTGNSSPOSA
0703002-0918-15-42-gnss_raw.txt,209.000,2436,459662.200,GPS标准时间,FINESTEERING,SOL_COMPUTED,SINGLE,24,14,14,14,BESTGNSSPOSA
0703002-0918-15-42-gnss_raw.txt,209.100,2436,459662.300,GPS标准时间,FINESTEERING,SOL_COMPUTED,SINGLE,24,14,14,14,BESTGNSSPOSA
0703002-0918-15-42-gnss_raw.txt,209.200,2436,459662.400,GPS标准时间,FINESTEERING,SOL_COMPUTED,SINGLE,24,14,14,14,BESTGNSSPOSA
0703002-0918-15-42-gnss_raw.txt,209.300,2436,459662.500,GPS标准时间,FINESTEERING,SOL_COMPUTED,SINGLE,24,15,15,15,BESTGNSSPOSA
0703002-0918-15-42-gnss_raw.txt,209.400,2436,459662.600,GPS标准时间,FINESTEERING,SOL_COMPUTED,SINGLE,24,15,15,15,BESTGNSSPOSA
0703002-0918-15-42-gnss_raw.txt,209.500,2436,459662.700,GPS标准时间,FINESTEERING,SOL_COMPUTED,SINGLE,24,15,15,15,BESTGNSSPOSA
0703002-0918-15-42-gnss_raw.txt,209.600,2436,459662.800,GPS标准时间,FINESTEERING,SOL_COMPUTED,SINGLE,24,15,15,15,BESTGNSSPOSA
0703002-0918-15-42-gnss_raw.txt,209.700,2436,459662.900,GPS标准时间,FINESTEERING,SOL_COMPUTED,SINGLE,24,15,15,15,BESTGNSSPOSA
0703002-0918-15-42-gnss_raw.txt,209.800,2436,459663.000,GPS标准时间,FINESTEERING,SOL_COMPUTED,SINGLE,24,15,15,15,BESTGNSSPOSA
0703002-0918-15-42-gnss_raw.txt,209.900,2436,459663.100,GPS标准时间,FINESTEERING,SOL_COMPUTED,SINGLE,24,15,15,15,BESTGNSSPOSA
0703002-0918-15-42-gnss_raw.txt,210.000,2436,459663.200,GPS标准时间,FINESTEERING,SOL_COMPUTED,SINGLE,24,14,14,14,BESTGNSSPOSA
0703002-0918-15-42-gnss_raw.txt,210.100,2436,459663.300,GPS标准时间,FINESTEERING,SOL_COMPUTED,SINGLE,24,14,14,14,BESTGNSSPOSA
0703002-0918-15-42-gnss_raw.txt,210.200,2436,459663.400,GPS标准时间,FINESTEERING,SOL_COMPUTED,SINGLE,24,14,14,14,BESTGNSSPOSA
0703002-0918-15-42-gnss_raw.txt,210.300,2436,459663.500,GPS标准时间,FINESTEERING,SOL_COMPUTED,SINGLE,24,14,14,14,BESTGNSSPOSA
0703002-0918-15-42-gnss_raw.txt,210.400,2436,459663.600,GPS标准时间,FINESTEERING,SOL_COMPUTED,SINGLE,24,13,13,13,BESTGNSSPOSA
0703002-0918-15-42-gnss_raw.txt,210.500,2436,459663.700,GPS标准时间,FINESTEERING,SOL_COMPUTED,SINGLE,24,14,14,14,BESTGNSSPOSA
0703002-0918-15-42-gnss_raw.txt,210.600,2436,459663.800,GPS标准时间,FINESTEERING,SOL_COMPUTED,SINGLE,24,14,14,14,BESTGNSSPOSA
0703002-0918-15-42-gnss_raw.txt,210.700,2436,459663.900,GPS标准时间,FINESTEERING,SOL_COMPUTED,SINGLE,24,14,14,14,BESTGNSSPOSA
0703002-0918-15-42-gnss_raw.txt,210.800,2436,459664.000,GPS标准时间,FINESTEERING,SOL_COMPUTED,SINGLE,24,13,13,13,BESTGNSSPOSA
0703002-0918-15-42-gnss_raw.txt,210.900,2436,459664.100,GPS标准时间,FINESTEERING,SOL_COMPUTED,SINGLE,24,13,13,13,BESTGNSSPOSA
0703002-0918-15-42-gnss_raw.txt,211.000,2436,459664.200,GPS标准时间,FINESTEERING,SOL_COMPUTED,SINGLE,24,13,13,13,BESTGNSSPOSA
0703002-0918-15-42-gnss_raw.txt,211.100,2436,459664.300,GPS标准时间,FINESTEERING,SOL_COMPUTED,SINGLE,24,13,13,13,BESTGNSSPOSA
0703002-0918-15-42-gnss_raw.txt,211.200,2436,459664.400,GPS标准时间,FINESTEERING,SOL_COMPUTED,SINGLE,24,13,13,13,BESTGNSSPOSA
0703002-0918-15-42-gnss_raw.txt,211.300,2436,459664.500,GPS标准时间,FINESTEERING,SOL_COMPUTED,SINGLE,24,13,13,13,BESTGNSSPOSA
0703002-0918-15-42-gnss_raw.txt,211.400,2436,459664.600,GPS标准时间,FINESTEERING,SOL_COMPUTED,SINGLE,24,13,13,13,BESTGNSSPOSA
0703002-0918-15-42-gnss_raw.txt,211.500,2436,459664.700,GPS标准时间,FINESTEERING,SOL_COMPUTED,SINGLE,24,12,12,12,BESTGNSSPOSA
0703002-0918-15-42-gnss_raw.txt,211.600,2436,459664.800,GPS标准时间,FINESTEERING,SOL_COMPUTED,SINGLE,24,13,13,13,BESTGNSSPOSA
0703002-0918-15-42-gnss_raw.txt,211.700,2436,459664.900,GPS标准时间,FINESTEERING,SOL_COMPUTED,SINGLE,24,13,13,13,BESTGNSSPOSA
0703002-0918-15-42-gnss_raw.txt,211.800,2436,459665.000,GPS标准时间,FINESTEERING,SOL_COMPUTED,SINGLE,24,12,12,12,BESTGNSSPOSA
0703002-0918-15-42-gnss_raw.txt,211.900,2436,459665.100,GPS标准时间,FINESTEERING,SOL_COMPUTED,SINGLE,24,13,13,13,BESTGNSSPOSA
0703002-0918-15-42-gnss_raw.txt,212.000,2436,459665.200,GPS标准时间,FINESTEERING,SOL_COMPUTED,SINGLE,24,14,14,14,BESTGNSSPOSA
0703002-0918-15-42-gnss_raw.txt,212.100,2436,459665.300,GPS标准时间,FINESTEERING,SOL_COMPUTED,SINGLE,24,14,14,14,BESTGNSSPOSA
0703002-0918-15-42-gnss_raw.txt,212.200,2436,459665.400,GPS标准时间,FINESTEERING,SOL_COMPUTED,SINGLE,24,15,15,15,BESTGNSSPOSA
0703002-0918-15-42-gnss_raw.txt,212.300,2436,459665.500,GPS标准时间,FINESTEERING,SOL_COMPUTED,SINGLE,24,15,15,15,BESTGNSSPOSA
0703002-0918-15-42-gnss_raw.txt,212.400,2436,459665.600,GPS标准时间,FINESTEERING,SOL_COMPUTED,SINGLE,24,14,14,14,BESTGNSSPOSA
0703002-0918-15-42-gnss_raw.txt,212.500,2436,459665.700,GPS标准时间,FINESTEERING,SOL_COMPUTED,SINGLE,24,13,13,13,BESTGNSSPOSA
0703002-0918-15-42-gnss_raw.txt,212.600,2436,459665.800,GPS标准时间,FINESTEERING,SOL_COMPUTED,SINGLE,24,13,13,13,BESTGNSSPOSA
0703002-0918-15-42-gnss_raw.txt,212.700,2436,459665.900,GPS标准时间,FINESTEERING,SOL_COMPUTED,SINGLE,24,14,14,14,BESTGNSSPOSA
0703002-0918-15-42-gnss_raw.txt,212.800,2436,459666.000,GPS标准时间,FINESTEERING,SOL_COMPUTED,SINGLE,24,13,13,13,BESTGNSSPOSA
0703002-0918-15-42-gnss_raw.txt,212.900,2436,459666.100,GPS标准时间,FINESTEERING,SOL_COMPUTED,SINGLE,24,13,13,13,BESTGNSSPOSA
0703002-0918-15-42-gnss_raw.txt,213.000,2436,459666.200,GPS标准时间,FINESTEERING,SOL_COMPUTED,SINGLE,24,13,13,13,BESTGNSSPOSA
0703002-0918-15-42-gnss_raw.txt,213.100,2436,459666.300,GPS标准时间,FINESTEERING,SOL_COMPUTED,SINGLE,24,12,12,12,BESTGNSSPOSA
0703002-0918-15-42-gnss_raw.txt,213.200,2436,459666.400,GPS标准时间,FINESTEERING,SOL_COMPUTED,SINGLE,24,12,12,12,BESTGNSSPOSA
0703002-0918-15-42-gnss_raw.txt,213.300,2436,459666.500,GPS标准时间,FINESTEERING,SOL_COMPUTED,SINGLE,24,12,12,12,BESTGNSSPOSA
0703002-0918-15-42-gnss_raw.txt,213.400,2436,459666.600,GPS标准时间,FINESTEERING,SOL_COMPUTED,SINGLE,24,13,13,13,BESTGNSSPOSA
0703002-0918-15-42-gnss_raw.txt,213.500,2436,459666.700,GPS标准时间,FINESTEERING,SOL_COMPUTED,SINGLE,24,12,12,12,BESTGNSSPOSA
0703002-0918-15-42-gnss_raw.txt,213.600,2436,459666.800,GPS标准时间,FINESTEERING,SOL_COMPUTED,SINGLE,24,13,13,13,BESTGNSSPOSA
0703002-0918-15-42-gnss_raw.txt,213.700,2436,459666.900,GPS标准时间,FINESTEERING,SOL_COMPUTED,SINGLE,24,12,12,12,BESTGNSSPOSA
0703002-0918-15-42-gnss_raw.txt,213.800,2436,459667.000,GPS标准时间,FINESTEERING,SOL_COMPUTED,SINGLE,24,12,12,12,BESTGNSSPOSA
0703002-0918-15-42-gnss_raw.txt,213.900,2436,459667.100,GPS标准时间,FINESTEERING,SOL_COMPUTED,SINGLE,24,12,12,12,BESTGNSSPOSA
0703002-0918-15-42-gnss_raw.txt,214.000,2436,459667.200,GPS标准时间,FINESTEERING,SOL_COMPUTED,SINGLE,24,12,12,12,BESTGNSSPOSA
0703002-0918-15-42-gnss_raw.txt,214.100,2436,459667.300,GPS标准时间,FINESTEERING,SOL_COMPUTED,SINGLE,24,13,13,13,BESTGNSSPOSA
0703002-0918-15-42-gnss_raw.txt,214.200,2436,459667.400,GPS标准时间,FINESTEERING,SOL_COMPUTED,SINGLE,24,12,12,12,BESTGNSSPOSA
0703002-0918-15-42-gnss_raw.txt,214.300,2436,459667.500,GPS标准时间,FINESTEERING,SOL_COMPUTED,SINGLE,24,12,12,12,BESTGNSSPOSA
0703002-0918-15-42-gnss_raw.txt,214.400,2436,459667.600,GPS标准时间,FINESTEERING,SOL_COMPUTED,SINGLE,24,13,13,13,BESTGNSSPOSA
0703002-0918-15-42-gnss_raw.txt,214.500,2436,459667.700,GPS标准时间,FINESTEERING,SOL_COMPUTED,SINGLE,24,12,12,12,BESTGNSSPOSA
0703002-0918-15-42-gnss_raw.txt,214.600,2436,459667.800,GPS标准时间,FINESTEERING,SOL_COMPUTED,SINGLE,24,13,13,13,BESTGNSSPOSA
0703002-0918-15-42-gnss_raw.txt,214.700,2436,459667.900,GPS标准时间,FINESTEERING,SOL_COMPUTED,SINGLE,24,13,13,13,BESTGNSSPOSA
0703002-0918-15-42-gnss_raw.txt,214.800,2436,459668.000,GPS标准时间,FINESTEERING,SOL_COMPUTED,SINGLE,24,14,14,14,BESTGNSSPOSA
0703002-0918-15-42-gnss_raw.txt,214.900,2436,459668.100,GPS标准时间,FINESTEERING,SOL_COMPUTED,SINGLE,24,12,12,12,BESTGNSSPOSA
0703002-0918-15-42-gnss_raw.txt,215.000,2436,459668.200,GPS标准时间,FINESTEERING,SOL_COMPUTED,SINGLE,24,14,14,14,BESTGNSSPOSA
0703002-0918-15-42-gnss_raw.txt,215.100,2436,459668.300,GPS标准时间,FINESTEERING,SOL_COMPUTED,SINGLE,24,14,14,14,BESTGNSSPOSA
0703002-0918-15-42-gnss_raw.txt,215.200,2436,459668.400,GPS标准时间,FINESTEERING,SOL_COMPUTED,SINGLE,24,14,14,14,BESTGNSSPOSA
0703002-0918-15-42-gnss_raw.txt,215.300,2436,459668.500,GPS标准时间,FINESTEERING,SOL_COMPUTED,SINGLE,24,12,12,12,BESTGNSSPOSA
0703002-0918-15-42-gnss_raw.txt,215.400,2436,459668.600,GPS标准时间,FINESTEERING,SOL_COMPUTED,SINGLE,24,12,12,12,BESTGNSSPOSA
0703002-0918-15-42-gnss_raw.txt,215.500,2436,459668.700,GPS标准时间,FINESTEERING,SOL_COMPUTED,SINGLE,24,12,12,12,BESTGNSSPOSA
0703002-0918-15-42-gnss_raw.txt,215.600,2436,459668.800,GPS标准时间,FINESTEERING,SOL_COMPUTED,SINGLE,24,13,13,13,BESTGNSSPOSA
0703002-0918-15-42-gnss_raw.txt,215.700,2436,459668.900,GPS标准时间,FINESTEERING,SOL_COMPUTED,SINGLE,24,13,13,13,BESTGNSSPOSA
0703002-0918-15-42-gnss_raw.txt,215.800,2436,459669.000,GPS标准时间,FINESTEERING,SOL_COMPUTED,SINGLE,24,13,13,13,BESTGNSSPOSA
0703002-0918-15-42-gnss_raw.txt,215.900,2436,459669.100,GPS标准时间,FINESTEERING,SOL_COMPUTED,SINGLE,24,13,13,13,BESTGNSSPOSA
0703002-0918-15-42-gnss_raw.txt,216.000,2436,459669.200,GPS标准时间,FINESTEERING,SOL_COMPUTED,SINGLE,24,13,13,13,BESTGNSSPOSA
0703002-0918-15-42-gnss_raw.txt,216.100,2436,459669.300,GPS标准时间,FINESTEERING,SOL_COMPUTED,SINGLE,24,13,13,13,BESTGNSSPOSA
0703002-0918-15-42-gnss_raw.txt,216.200,2436,459669.400,GPS标准时间,FINESTEERING,SOL_COMPUTED,SINGLE,24,13,13,13,BESTGNSSPOSA
0703002-0918-15-42-gnss_raw.txt,216.300,2436,459669.500,GPS标准时间,FINESTEERING,SOL_COMPUTED,SINGLE,24,14,14,14,BESTGNSSPOSA
0703002-0918-15-42-gnss_raw.txt,216.400,2436,459669.600,GPS标准时间,FINESTEERING,SOL_COMPUTED,SINGLE,24,14,14,14,BESTGNSSPOSA
0703002-0918-15-42-gnss_raw.txt,216.500,2436,459669.700,GPS标准时间,FINESTEERING,SOL_COMPUTED,SINGLE,24,14,14,14,BESTGNSSPOSA
0703002-0918-15-42-gnss_raw.txt,216.600,2436,459669.800,GPS标准时间,FINESTEERING,SOL_COMPUTED,SINGLE,24,14,14,14,BESTGNSSPOSA
0703002-0918-15-42-gnss_raw.txt,216.700,2436,459669.900,GPS标准时间,FINESTEERING,SOL_COMPUTED,SINGLE,24,14,14,14,BESTGNSSPOSA
0703002-0918-15-42-gnss_raw.txt,216.800,2436,459670.000,GPS标准时间,FINESTEERING,SOL_COMPUTED,SINGLE,24,13,13,13,BESTGNSSPOSA
0703002-0918-15-42-gnss_raw.txt,216.900,2436,459670.100,GPS标准时间,FINESTEERING,SOL_COMPUTED,SINGLE,24,13,13,13,BESTGNSSPOSA
0703002-0918-15-42-gnss_raw.txt,217.000,2436,459670.200,GPS标准时间,FINESTEERING,SOL_COMPUTED,SINGLE,24,13,13,13,BESTGNSSPOSA
0703002-0918-15-42-gnss_raw.txt,217.100,2436,459670.300,GPS标准时间,FINESTEERING,SOL_COMPUTED,SINGLE,24,13,13,13,BESTGNSSPOSA
0703002-0918-15-42-gnss_raw.txt,217.200,2436,459670.400,GPS标准时间,FINESTEERING,SOL_COMPUTED,SINGLE,24,13,13,13,BESTGNSSPOSA
0703002-0918-15-42-gnss_raw.txt,217.300,2436,459670.500,GPS标准时间,FINESTEERING,SOL_COMPUTED,SINGLE,24,13,13,13,BESTGNSSPOSA
0703002-0918-15-42-gnss_raw.txt,217.400,2436,459670.600,GPS标准时间,FINESTEERING,SOL_COMPUTED,SINGLE,24,13,13,13,BESTGNSSPOSA
0703002-0918-15-42-gnss_raw.txt,217.500,2436,459670.700,GPS标准时间,FINESTEERING,SOL_COMPUTED,SINGLE,24,12,12,12,BESTGNSSPOSA
0703002-0918-15-42-gnss_raw.txt,217.600,2436,459670.800,GPS标准时间,FINESTEERING,SOL_COMPUTED,SINGLE,24,12,12,12,BESTGNSSPOSA
0703002-0918-15-42-gnss_raw.txt,217.700,2436,459670.900,GPS标准时间,FINESTEERING,SOL_COMPUTED,SINGLE,24,13,13,13,BESTGNSSPOSA
0703002-0918-15-42-gnss_raw.txt,217.800,2436,459671.000,GPS标准时间,FINESTEERING,SOL_COMPUTED,SINGLE,24,13,13,13,BESTGNSSPOSA
0703002-0918-15-42-gnss_raw.txt,217.900,2436,459671.100,GPS标准时间,FINESTEERING,SOL_COMPUTED,SINGLE,24,13,13,13,BESTGNSSPOSA
0703002-0918-15-42-gnss_raw.txt,218.000,2436,459671.200,GPS标准时间,FINESTEERING,SOL_COMPUTED,SINGLE,24,13,13,13,BESTGNSSPOSA
0703002-0918-15-42-gnss_raw.txt,218.100,2436,459671.300,GPS标准时间,FINESTEERING,SOL_COMPUTED,SINGLE,24,13,13,13,BESTGNSSPOSA
0703002-0918-15-42-gnss_raw.txt,218.200,2436,459671.400,GPS标准时间,FINESTEERING,SOL_COMPUTED,SINGLE,24,12,12,12,BESTGNSSPOSA
0703002-0918-15-42-gnss_raw.txt,218.300,2436,459671.500,GPS标准时间,FINESTEERING,SOL_COMPUTED,SINGLE,24,13,13,13,BESTGNSSPOSA
0703002-0918-15-42-gnss_raw.txt,218.400,2436,459671.600,GPS标准时间,FINESTEERING,SOL_COMPUTED,SINGLE,23,11,11,11,BESTGNSSPOSA
0703002-0918-15-42-gnss_raw.txt,218.500,2436,459671.700,GPS标准时间,FINESTEERING,SOL_COMPUTED,SINGLE,23,12,12,12,BESTGNSSPOSA
0703002-0918-15-42-gnss_raw.txt,218.600,2436,459671.800,GPS标准时间,FINESTEERING,SOL_COMPUTED,SINGLE,23,12,12,12,BESTGNSSPOSA
0703002-0918-15-42-gnss_raw.txt,218.700,2436,459671.900,GPS标准时间,FINESTEERING,SOL_COMPUTED,SINGLE,23,12,12,12,BESTGNSSPOSA
0703002-0918-15-42-gnss_raw.txt,218.800,2436,459672.000,GPS标准时间,FINESTEERING,SOL_COMPUTED,SINGLE,23,11,11,11,BESTGNSSPOSA
0703002-0918-15-42-gnss_raw.txt,218.900,2436,459672.100,GPS标准时间,FINESTEERING,SOL_COMPUTED,SINGLE,23,11,11,11,BESTGNSSPOSA
0703002-0918-15-42-gnss_raw.txt,219.000,2436,459672.200,GPS标准时间,FINESTEERING,SOL_COMPUTED,SINGLE,23,11,11,11,BESTGNSSPOSA
0703002-0918-15-42-gnss_raw.txt,219.100,2436,459672.300,GPS标准时间,FINESTEERING,SOL_COMPUTED,SINGLE,23,12,12,12,BESTGNSSPOSA
0703002-0918-15-42-gnss_raw.txt,219.200,2436,459672.400,GPS标准时间,FINESTEERING,SOL_COMPUTED,SINGLE,23,11,11,11,BESTGNSSPOSA
0703002-0918-15-42-gnss_raw.txt,219.300,2436,459672.500,GPS标准时间,FINESTEERING,SOL_COMPUTED,SINGLE,23,12,12,12,BESTGNSSPOSA
0703002-0918-15-42-gnss_raw.txt,219.400,2436,459672.600,GPS标准时间,FINESTEERING,SOL_COMPUTED,SINGLE,23,12,12,12,BESTGNSSPOSA
0703002-0918-15-42-gnss_raw.txt,219.500,2436,459672.700,GPS标准时间,FINESTEERING,SOL_COMPUTED,SINGLE,23,12,12,12,BESTGNSSPOSA
0703002-0918-15-42-gnss_raw.txt,219.600,2436,459672.800,GPS标准时间,FINESTEERING,SOL_COMPUTED,SINGLE,23,12,12,12,BESTGNSSPOSA
0703002-0918-15-42-gnss_raw.txt,219.700,2436,459672.900,GPS标准时间,FINESTEERING,SOL_COMPUTED,SINGLE,23,12,12,12,BESTGNSSPOSA
0703002-0918-15-42-gnss_raw.txt,219.800,2436,459673.000,GPS标准时间,FINESTEERING,SOL_COMPUTED,SINGLE,23,12,12,12,BESTGNSSPOSA
0703002-0918-15-42-gnss_raw.txt,219.900,2436,459673.100,GPS标准时间,FINESTEERING,SOL_COMPUTED,SINGLE,23,12,12,12,BESTGNSSPOSA
0703002-0918-15-42-gnss_raw.txt,220.000,2436,459673.200,GPS标准时间,FINESTEERING,SOL_COMPUTED,SINGLE,23,11,11,11,BESTGNSSPOSA
0703002-0918-15-42-gnss_raw.txt,220.100,2436,459673.300,GPS标准时间,FINESTEERING,SOL_COMPUTED,SINGLE,23,11,11,11,BESTGNSSPOSA
0703002-0918-15-42-gnss_raw.txt,220.200,2436,459673.400,GPS标准时间,FINESTEERING,SOL_COMPUTED,SINGLE,23,12,12,12,BESTGNSSPOSA
0703002-0918-15-42-gnss_raw.txt,220.300,2436,459673.500,GPS标准时间,FINESTEERING,SOL_COMPUTED,SINGLE,23,12,12,12,BESTGNSSPOSA
0703002-0918-15-42-gnss_raw.txt,220.400,2436,459673.600,GPS标准时间,FINESTEERING,SOL_COMPUTED,SINGLE,23,12,12,12,BESTGNSSPOSA
0703002-0918-15-42-gnss_raw.txt,220.500,2436,459673.700,GPS标准时间,FINESTEERING,SOL_COMPUTED,SINGLE,23,12,12,12,BESTGNSSPOSA
0703002-0918-15-42-gnss_raw.txt,220.600,2436,459673.800,GPS标准时间,FINESTEERING,SOL_COMPUTED,SINGLE,23,12,12,12,BESTGNSSPOSA
0703002-0918-15-42-gnss_raw.txt,220.700,2436,459673.900,GPS标准时间,FINESTEERING,SOL_COMPUTED,SINGLE,23,12,12,12,BESTGNSSPOSA
0703002-0918-15-42-gnss_raw.txt,220.800,2436,459674.000,GPS标准时间,FINESTEERING,SOL_COMPUTED,SINGLE,23,12,12,12,BESTGNSSPOSA
0703002-0918-15-42-gnss_raw.txt,220.900,2436,459674.100,GPS标准时间,FINESTEERING,SOL_COMPUTED,SINGLE,23,12,12,12,BESTGNSSPOSA
0703002-0918-15-42-gnss_raw.txt,221.000,2436,459674.200,GPS标准时间,FINESTEERING,SOL_COMPUTED,SINGLE,23,12,12,12,BESTGNSSPOSA
0703002-0918-15-42-gnss_raw.txt,221.100,2436,459674.300,GPS标准时间,FINESTEERING,SOL_COMPUTED,SINGLE,23,13,13,13,BESTGNSSPOSA
0703002-0918-15-42-gnss_raw.txt,221.200,2436,459674.400,GPS标准时间,FINESTEERING,SOL_COMPUTED,SINGLE,23,13,13,13,BESTGNSSPOSA
0703002-0918-15-42-gnss_raw.txt,221.300,2436,459674.500,GPS标准时间,FINESTEERING,SOL_COMPUTED,SINGLE,23,13,13,13,BESTGNSSPOSA
0703002-0918-15-42-gnss_raw.txt,221.400,2436,459674.600,GPS标准时间,FINESTEERING,SOL_COMPUTED,SINGLE,22,13,13,13,BESTGNSSPOSA
0703002-0918-15-42-gnss_raw.txt,221.500,2436,459674.700,GPS标准时间,FINESTEERING,SOL_COMPUTED,SINGLE,23,12,12,12,BESTGNSSPOSA
0703002-0918-15-42-gnss_raw.txt,221.600,2436,459674.800,GPS标准时间,FINESTEERING,SOL_COMPUTED,SINGLE,23,13,13,13,BESTGNSSPOSA
0703002-0918-15-42-gnss_raw.txt,221.700,2436,459674.900,GPS标准时间,FINESTEERING,SOL_COMPUTED,SINGLE,23,13,13,13,BESTGNSSPOSA
0703002-0918-15-42-gnss_raw.txt,221.800,2436,459675.000,GPS标准时间,FINESTEERING,SOL_COMPUTED,SINGLE,23,13,13,13,BESTGNSSPOSA
0703002-0918-15-42-gnss_raw.txt,221.900,2436,459675.100,GPS标准时间,FINESTEERING,SOL_COMPUTED,SINGLE,23,13,13,13,BESTGNSSPOSA
0703002-0918-15-42-gnss_raw.txt,222.000,2436,459675.200,GPS标准时间,FINESTEERING,SOL_COMPUTED,SINGLE,23,13,13,13,BESTGNSSPOSA
0703002-0918-15-42-gnss_raw.txt,222.100,2436,459675.300,GPS标准时间,FINESTEERING,SOL_COMPUTED,SINGLE,23,13,13,13,BESTGNSSPOSA
0703002-0918-15-42-gnss_raw.txt,222.200,2436,459675.400,GPS标准时间,FINESTEERING,SOL_COMPUTED,SINGLE,23,14,14,14,BESTGNSSPOSA
0703002-0918-15-42-gnss_raw.txt,222.300,2436,459675.500,GPS标准时间,FINESTEERING,SOL_COMPUTED,SINGLE,23,13,13,13,BESTGNSSPOSA
0703002-0918-15-42-gnss_raw.txt,222.400,2436,459675.600,GPS标准时间,FINESTEERING,SOL_COMPUTED,SINGLE,23,13,13,13,BESTGNSSPOSA
0703002-0918-15-42-gnss_raw.txt,222.500,2436,459675.700,GPS标准时间,FINESTEERING,SOL_COMPUTED,SINGLE,23,14,14,14,BESTGNSSPOSA
0703002-0918-15-42-gnss_raw.txt,222.600,2436,459675.800,GPS标准时间,FINESTEERING,SOL_COMPUTED,SINGLE,23,14,14,14,BESTGNSSPOSA
0703002-0918-15-42-gnss_raw.txt,222.700,2436,459675.900,GPS标准时间,FINESTEERING,SOL_COMPUTED,SINGLE,23,13,13,13,BESTGNSSPOSA
0703002-0918-15-42-gnss_raw.txt,222.800,2436,459676.000,GPS标准时间,FINESTEERING,SOL_COMPUTED,SINGLE,23,13,13,13,BESTGNSSPOSA
0703002-0918-15-42-gnss_raw.txt,222.900,2436,459676.100,GPS标准时间,FINESTEERING,SOL_COMPUTED,SINGLE,23,14,14,14,BESTGNSSPOSA
0703002-0918-15-42-gnss_raw.txt,223.000,2436,459676.200,GPS标准时间,FINESTEERING,SOL_COMPUTED,SINGLE,23,14,14,14,BESTGNSSPOSA
0703002-0918-15-42-gnss_raw.txt,223.100,2436,459676.300,GPS标准时间,FINESTEERING,SOL_COMPUTED,SINGLE,23,14,14,14,BESTGNSSPOSA
0703002-0918-15-42-gnss_raw.txt,223.200,2436,459676.400,GPS标准时间,FINESTEERING,SOL_COMPUTED,SINGLE,23,13,13,13,BESTGNSSPOSA
0703002-0918-15-42-gnss_raw.txt,223.300,2436,459676.500,GPS标准时间,FINESTEERING,SOL_COMPUTED,SINGLE,23,13,13,13,BESTGNSSPOSA
0703002-0918-15-42-gnss_raw.txt,223.400,2436,459676.600,GPS标准时间,FINESTEERING,SOL_COMPUTED,SINGLE,23,13,13,13,BESTGNSSPOSA
0703002-0918-15-42-gnss_raw.txt,223.500,2436,459676.700,GPS标准时间,FINESTEERING,SOL_COMPUTED,SINGLE,23,13,13,13,BESTGNSSPOSA
0703002-0918-15-42-gnss_raw.txt,223.600,2436,459676.800,GPS标准时间,FINESTEERING,SOL_COMPUTED,SINGLE,23,12,12,12,BESTGNSSPOSA
0703002-0918-15-42-gnss_raw.txt,223.700,2436,459676.900,GPS标准时间,FINESTEERING,SOL_COMPUTED,SINGLE,23,13,13,13,BESTGNSSPOSA
0703002-0918-15-42-gnss_raw.txt,223.800,2436,459677.000,GPS标准时间,FINESTEERING,SOL_COMPUTED,SINGLE,23,13,13,13,BESTGNSSPOSA
0703002-0918-15-42-gnss_raw.txt,223.900,2436,459677.100,GPS标准时间,FINESTEERING,SOL_COMPUTED,SINGLE,23,13,13,13,BESTGNSSPOSA
0703002-0918-15-42-gnss_raw.txt,224.000,2436,459677.200,GPS标准时间,FINESTEERING,SOL_COMPUTED,SINGLE,23,13,13,13,BESTGNSSPOSA
0703002-0918-15-42-gnss_raw.txt,224.100,2436,459677.300,GPS标准时间,FINESTEERING,SOL_COMPUTED,SINGLE,23,12,12,12,BESTGNSSPOSA
0703002-0918-15-42-gnss_raw.txt,224.200,2436,459677.400,GPS标准时间,FINESTEERING,SOL_COMPUTED,SINGLE,23,12,12,12,BESTGNSSPOSA
0703002-0918-15-42-gnss_raw.txt,224.300,2436,459677.500,GPS标准时间,FINESTEERING,SOL_COMPUTED,SINGLE,23,12,12,12,BESTGNSSPOSA
0703002-0918-15-42-gnss_raw.txt,224.400,2436,459677.600,GPS标准时间,FINESTEERING,SOL_COMPUTED,SINGLE,23,12,12,12,BESTGNSSPOSA
0703002-0918-15-42-gnss_raw.txt,224.500,2436,459677.700,GPS标准时间,FINESTEERING,SOL_COMPUTED,SINGLE,23,12,12,12,BESTGNSSPOSA
0703002-0918-15-42-gnss_raw.txt,224.600,2436,459677.800,GPS标准时间,FINESTEERING,SOL_COMPUTED,SINGLE,23,12,12,12,BESTGNSSPOSA
0703002-0918-15-42-gnss_raw.txt,224.700,2436,459677.900,GPS标准时间,FINESTEERING,SOL_COMPUTED,SINGLE,23,13,13,13,BESTGNSSPOSA
0703002-0918-15-42-gnss_raw.txt,224.800,2436,459678.000,GPS标准时间,FINESTEERING,SOL_COMPUTED,SINGLE,23,13,13,13,BESTGNSSPOSA
0703002-0918-15-42-gnss_raw.txt,224.900,2436,459678.100,GPS标准时间,FINESTEERING,SOL_COMPUTED,SINGLE,23,12,12,12,BESTGNSSPOSA
0703002-0918-15-42-gnss_raw.txt,225.000,2436,459678.200,GPS标准时间,FINESTEERING,SOL_COMPUTED,SINGLE,23,12,12,12,BESTGNSSPOSA
0703002-0918-15-42-gnss_raw.txt,225.100,2436,459678.300,GPS标准时间,FINESTEERING,SOL_COMPUTED,SINGLE,23,12,12,12,BESTGNSSPOSA
0703002-0918-15-42-gnss_raw.txt,225.200,2436,459678.400,GPS标准时间,FINESTEERING,SOL_COMPUTED,SINGLE,23,12,12,12,BESTGNSSPOSA
0703002-0918-15-42-gnss_raw.txt,225.300,2436,459678.500,GPS标准时间,FINESTEERING,SOL_COMPUTED,SINGLE,23,11,11,11,BESTGNSSPOSA
0703002-0918-15-42-gnss_raw.txt,225.400,2436,459678.600,GPS标准时间,FINESTEERING,SOL_COMPUTED,SINGLE,22,12,12,12,BESTGNSSPOSA
0703002-0918-15-42-gnss_raw.txt,225.500,2436,459678.700,GPS标准时间,FINESTEERING,SOL_COMPUTED,SINGLE,23,14,14,14,BESTGNSSPOSA
0703002-0918-15-42-gnss_raw.txt,225.600,2436,459678.800,GPS标准时间,FINESTEERING,SOL_COMPUTED,SINGLE,22,14,14,14,BESTGNSSPOSA
0703002-0918-15-42-gnss_raw.txt,225.700,2436,459678.900,GPS标准时间,FINESTEERING,SOL_COMPUTED,SINGLE,22,14,14,14,BESTGNSSPOSA
0703002-0918-15-42-gnss_raw.txt,225.800,2436,459679.000,GPS标准时间,FINESTEERING,SOL_COMPUTED,SINGLE,22,14,14,14,BESTGNSSPOSA
0703002-0918-15-42-gnss_raw.txt,225.900,2436,459679.100,GPS标准时间,FINESTEERING,SOL_COMPUTED,SINGLE,22,13,13,13,BESTGNSSPOSA
0703002-0918-15-42-gnss_raw.txt,226.000,2436,459679.200,GPS标准时间,FINESTEERING,SOL_COMPUTED,SINGLE,22,13,13,13,BESTGNSSPOSA
0703002-0918-15-42-gnss_raw.txt,226.100,2436,459679.300,GPS标准时间,FINESTEERING,SOL_COMPUTED,SINGLE,22,13,13,13,BESTGNSSPOSA
0703002-0918-15-42-gnss_raw.txt,226.200,2436,459679.400,GPS标准时间,FINESTEERING,SOL_COMPUTED,SINGLE,22,13,13,13,BESTGNSSPOSA
0703002-0918-15-42-gnss_raw.txt,226.300,2436,459679.500,GPS标准时间,FINESTEERING,SOL_COMPUTED,SINGLE,22,13,13,13,BESTGNSSPOSA
0703002-0918-15-42-gnss_raw.txt,226.400,2436,459679.600,GPS标准时间,FINESTEERING,SOL_COMPUTED,SINGLE,22,13,13,13,BESTGNSSPOSA
0703002-0918-15-42-gnss_raw.txt,226.500,2436,459679.700,GPS标准时间,FINESTEERING,SOL_COMPUTED,SINGLE,22,13,13,13,BESTGNSSPOSA
0703002-0918-15-42-gnss_raw.txt,226.600,2436,459679.800,GPS标准时间,FINESTEERING,SOL_COMPUTED,SINGLE,22,13,13,13,BESTGNSSPOSA
0703002-0918-15-42-gnss_raw.txt,226.700,2436,459679.900,GPS标准时间,FINESTEERING,SOL_COMPUTED,SINGLE,22,14,14,14,BESTGNSSPOSA
0703002-0918-15-42-gnss_raw.txt,226.800,2436,459680.000,GPS标准时间,FINESTEERING,SOL_COMPUTED,SINGLE,22,13,13,13,BESTGNSSPOSA
0703002-0918-15-42-gnss_raw.txt,226.900,2436,459680.100,GPS标准时间,FINESTEERING,SOL_COMPUTED,SINGLE,22,13,13,13,BESTGNSSPOSA
0703002-0918-15-42-gnss_raw.txt,227.000,2436,459680.200,GPS标准时间,FINESTEERING,SOL_COMPUTED,SINGLE,22,13,13,13,BESTGNSSPOSA
0703002-0918-15-42-gnss_raw.txt,227.100,2436,459680.300,GPS标准时间,FINESTEERING,SOL_COMPUTED,SINGLE,22,13,13,13,BESTGNSSPOSA
0703002-0918-15-42-gnss_raw.txt,227.200,2436,459680.400,GPS标准时间,FINESTEERING,SOL_COMPUTED,SINGLE,22,13,13,13,BESTGNSSPOSA
0703002-0918-15-42-gnss_raw.txt,227.300,2436,459680.500,GPS标准时间,FINESTEERING,SOL_COMPUTED,SINGLE,22,13,13,13,BESTGNSSPOSA
0703002-0918-15-42-gnss_raw.txt,227.400,2436,459680.600,GPS标准时间,FINESTEERING,SOL_COMPUTED,SINGLE,22,13,13,13,BESTGNSSPOSA
0703002-0918-15-42-gnss_raw.txt,227.500,2436,459680.700,GPS标准时间,FINESTEERING,SOL_COMPUTED,SINGLE,22,13,13,13,BESTGNSSPOSA
0703002-0918-15-42-gnss_raw.txt,227.600,2436,459680.800,GPS标准时间,FINESTEERING,SOL_COMPUTED,SINGLE,22,13,13,13,BESTGNSSPOSA
0703002-0918-15-42-gnss_raw.txt,227.700,2436,459680.900,GPS标准时间,FINESTEERING,SOL_COMPUTED,SINGLE,22,13,13,13,BESTGNSSPOSA
0703002-0918-15-42-gnss_raw.txt,227.800,2436,459681.000,GPS标准时间,FINESTEERING,SOL_COMPUTED,SINGLE,22,13,13,13,BESTGNSSPOSA
0703002-0918-15-42-gnss_raw.txt,227.900,2436,459681.100,GPS标准时间,FINESTEERING,SOL_COMPUTED,SINGLE,22,12,12,12,BESTGNSSPOSA
0703002-0918-15-42-gnss_raw.txt,228.000,2436,459681.200,GPS标准时间,FINESTEERING,SOL_COMPUTED,SINGLE,22,12,12,12,BESTGNSSPOSA
0703002-0918-15-42-gnss_raw.txt,228.100,2436,459681.300,GPS标准时间,FINESTEERING,SOL_COMPUTED,SINGLE,22,12,12,12,BESTGNSSPOSA
0703002-0918-15-42-gnss_raw.txt,228.200,2436,459681.400,GPS标准时间,FINESTEERING,SOL_COMPUTED,SINGLE,22,12,12,12,BESTGNSSPOSA
0703002-0918-15-42-gnss_raw.txt,228.300,2436,459681.500,GPS标准时间,FINESTEERING,SOL_COMPUTED,SINGLE,22,12,12,12,BESTGNSSPOSA
0703002-0918-15-42-gnss_raw.txt,228.400,2436,459681.600,GPS标准时间,FINESTEERING,SOL_COMPUTED,SINGLE,22,13,13,13,BESTGNSSPOSA
0703002-0918-15-42-gnss_raw.txt,228.500,2436,459681.700,GPS标准时间,FINESTEERING,SOL_COMPUTED,SINGLE,22,13,13,13,BESTGNSSPOSA
0703002-0918-15-42-gnss_raw.txt,228.600,2436,459681.800,GPS标准时间,FINESTEERING,SOL_COMPUTED,SINGLE,22,12,12,12,BESTGNSSPOSA
0703002-0918-15-42-gnss_raw.txt,228.700,2436,459681.900,GPS标准时间,FINESTEERING,SOL_COMPUTED,SINGLE,22,12,12,12,BESTGNSSPOSA
0703002-0918-15-42-gnss_raw.txt,228.800,2436,459682.000,GPS标准时间,FINESTEERING,SOL_COMPUTED,SINGLE,22,12,12,12,BESTGNSSPOSA
0703002-0918-15-42-gnss_raw.txt,228.900,2436,459682.100,GPS标准时间,FINESTEERING,SOL_COMPUTED,SINGLE,22,12,12,12,BESTGNSSPOSA
0703002-0918-15-42-gnss_raw.txt,229.000,2436,459682.200,GPS标准时间,FINESTEERING,SOL_COMPUTED,SINGLE,22,12,12,12,BESTGNSSPOSA
0703002-0918-15-42-gnss_raw.txt,229.100,2436,459682.300,GPS标准时间,FINESTEERING,SOL_COMPUTED,SINGLE,22,12,12,12,BESTGNSSPOSA
0703002-0918-15-42-gnss_raw.txt,229.200,2436,459682.400,GPS标准时间,FINESTEERING,SOL_COMPUTED,SINGLE,22,12,12,12,BESTGNSSPOSA
0703002-0918-15-42-gnss_raw.txt,229.300,2436,459682.500,GPS标准时间,FINESTEERING,SOL_COMPUTED,SINGLE,22,12,12,12,BESTGNSSPOSA
0703002-0918-15-42-gnss_raw.txt,229.400,2436,459682.600,GPS标准时间,FINESTEERING,SOL_COMPUTED,SINGLE,22,13,13,13,BESTGNSSPOSA
0703002-0918-15-42-gnss_raw.txt,229.500,2436,459682.700,GPS标准时间,FINESTEERING,SOL_COMPUTED,SINGLE,22,13,13,13,BESTGNSSPOSA
0703002-0918-15-42-gnss_raw.txt,229.600,2436,459682.800,GPS标准时间,FINESTEERING,SOL_COMPUTED,SINGLE,22,12,12,12,BESTGNSSPOSA
0703002-0918-15-42-gnss_raw.txt,229.700,2436,459682.900,GPS标准时间,FINESTEERING,SOL_COMPUTED,SINGLE,22,12,12,12,BESTGNSSPOSA
0703002-0918-15-42-gnss_raw.txt,229.800,2436,459683.000,GPS标准时间,FINESTEERING,SOL_COMPUTED,SINGLE,22,13,13,13,BESTGNSSPOSA
0703002-0918-15-42-gnss_raw.txt,229.900,2436,459683.100,GPS标准时间,FINESTEERING,SOL_COMPUTED,SINGLE,22,13,13,13,BESTGNSSPOSA
0703002-0918-15-42-gnss_raw.txt,230.000,2436,459683.200,GPS标准时间,FINESTEERING,SOL_COMPUTED,SINGLE,22,13,13,13,BESTGNSSPOSA
0703002-0918-15-42-gnss_raw.txt,230.100,2436,459683.300,GPS标准时间,FINESTEERING,SOL_COMPUTED,SINGLE,22,13,13,13,BESTGNSSPOSA
0703002-0918-15-42-gnss_raw.txt,230.200,2436,459683.400,GPS标准时间,FINESTEERING,SOL_COMPUTED,SINGLE,22,12,12,12,BESTGNSSPOSA
0703002-0918-15-42-gnss_raw.txt,230.300,2436,459683.500,GPS标准时间,FINESTEERING,SOL_COMPUTED,SINGLE,22,13,13,13,BESTGNSSPOSA
0703002-0918-15-42-gnss_raw.txt,230.400,2436,459683.600,GPS标准时间,FINESTEERING,SOL_COMPUTED,SINGLE,22,13,13,13,BESTGNSSPOSA
0703002-0918-15-42-gnss_raw.txt,230.500,2436,459683.700,GPS标准时间,FINESTEERING,SOL_COMPUTED,SINGLE,22,13,13,13,BESTGNSSPOSA
0703002-0918-15-42-gnss_raw.txt,230.600,2436,459683.800,GPS标准时间,FINESTEERING,SOL_COMPUTED,SINGLE,22,13,13,13,BESTGNSSPOSA
0703002-0918-15-42-gnss_raw.txt,230.700,2436,459683.900,GPS标准时间,FINESTEERING,SOL_COMPUTED,SINGLE,22,12,12,12,BESTGNSSPOSA
0703002-0918-15-42-gnss_raw.txt,230.800,2436,459684.000,GPS标准时间,FINESTEERING,SOL_COMPUTED,SINGLE,22,12,12,12,BESTGNSSPOSA
0703002-0918-15-42-gnss_raw.txt,230.900,2436,459684.100,GPS标准时间,FINESTEERING,SOL_COMPUTED,SINGLE,22,12,12,12,BESTGNSSPOSA
0703002-0918-15-42-gnss_raw.txt,231.000,2436,459684.200,GPS标准时间,FINESTEERING,SOL_COMPUTED,SINGLE,22,12,12,12,BESTGNSSPOSA
0703002-0918-15-42-gnss_raw.txt,231.100,2436,459684.300,GPS标准时间,FINESTEERING,SOL_COMPUTED,SINGLE,22,12,12,12,BESTGNSSPOSA
0703002-0918-15-42-gnss_raw.txt,231.200,2436,459684.400,GPS标准时间,FINESTEERING,SOL_COMPUTED,SINGLE,22,12,12,12,BESTGNSSPOSA
0703002-0918-15-42-gnss_raw.txt,231.300,2436,459684.500,GPS标准时间,FINESTEERING,SOL_COMPUTED,SINGLE,22,12,12,12,BESTGNSSPOSA
0703002-0918-15-42-gnss_raw.txt,231.400,2436,459684.600,GPS标准时间,FINESTEERING,SOL_COMPUTED,SINGLE,22,12,12,12,BESTGNSSPOSA
0703002-0918-15-42-gnss_raw.txt,231.500,2436,459684.700,GPS标准时间,FINESTEERING,SOL_COMPUTED,SINGLE,22,12,12,12,BESTGNSSPOSA
0703002-0918-15-42-gnss_raw.txt,231.600,2436,459684.800,GPS标准时间,FINESTEERING,SOL_COMPUTED,SINGLE,22,12,12,12,BESTGNSSPOSA
0703002-0918-15-42-gnss_raw.txt,231.700,2436,459684.900,GPS标准时间,FINESTEERING,SOL_COMPUTED,SINGLE,22,12,12,12,BESTGNSSPOSA
0703002-0918-15-42-gnss_raw.txt,231.800,2436,459685.000,GPS标准时间,FINESTEERING,SOL_COMPUTED,SINGLE,22,12,12,12,BESTGNSSPOSA
0703002-0918-15-42-gnss_raw.txt,231.900,2436,459685.100,GPS标准时间,FINESTEERING,SOL_COMPUTED,SINGLE,22,12,12,12,BESTGNSSPOSA
0703002-0918-15-42-gnss_raw.txt,232.000,2436,459685.200,GPS标准时间,FINESTEERING,SOL_COMPUTED,SINGLE,22,12,12,12,BESTGNSSPOSA
0703002-0918-15-42-gnss_raw.txt,232.100,2436,459685.300,GPS标准时间,FINESTEERING,SOL_COMPUTED,SINGLE,22,12,12,12,BESTGNSSPOSA
0703002-0918-15-42-gnss_raw.txt,232.200,2436,459685.400,GPS标准时间,FINESTEERING,SOL_COMPUTED,SINGLE,22,12,12,12,BESTGNSSPOSA
0703002-0918-15-42-gnss_raw.txt,232.300,2436,459685.500,GPS标准时间,FINESTEERING,SOL_COMPUTED,SINGLE,22,12,12,12,BESTGNSSPOSA
0703002-0918-15-42-gnss_raw.txt,232.400,2436,459685.600,GPS标准时间,FINESTEERING,SOL_COMPUTED,SINGLE,22,12,12,12,BESTGNSSPOSA
0703002-0918-15-42-gnss_raw.txt,232.500,2436,459685.700,GPS标准时间,FINESTEERING,SOL_COMPUTED,SINGLE,22,12,12,12,BESTGNSSPOSA
0703002-0918-15-42-gnss_raw.txt,232.600,2436,459685.800,GPS标准时间,FINESTEERING,SOL_COMPUTED,SINGLE,22,11,11,11,BESTGNSSPOSA
0703002-0918-15-42-gnss_raw.txt,232.700,2436,459685.900,GPS标准时间,FINESTEERING,SOL_COMPUTED,SINGLE,22,13,13,13,BESTGNSSPOSA
0703002-0918-15-42-gnss_raw.txt,232.800,2436,459686.000,GPS标准时间,FINESTEERING,SOL_COMPUTED,SINGLE,22,14,14,14,BESTGNSSPOSA
0703002-0918-15-42-gnss_raw.txt,232.900,2436,459686.100,GPS标准时间,FINESTEERING,SOL_COMPUTED,SINGLE,22,13,13,13,BESTGNSSPOSA
0703002-0918-15-42-gnss_raw.txt,233.000,2436,459686.200,GPS标准时间,FINESTEERING,SOL_COMPUTED,SINGLE,22,13,13,13,BESTGNSSPOSA
0703002-0918-15-42-gnss_raw.txt,233.100,2436,459686.300,GPS标准时间,FINESTEERING,SOL_COMPUTED,SINGLE,22,13,13,13,BESTGNSSPOSA
0703002-0918-15-42-gnss_raw.txt,233.200,2436,459686.400,GPS标准时间,FINESTEERING,SOL_COMPUTED,SINGLE,22,13,13,13,BESTGNSSPOSA
0703002-0918-15-42-gnss_raw.txt,233.300,2436,459686.500,GPS标准时间,FINESTEERING,SOL_COMPUTED,SINGLE,22,13,13,13,BESTGNSSPOSA
0703002-0918-15-42-gnss_raw.txt,233.400,2436,459686.600,GPS标准时间,FINESTEERING,SOL_COMPUTED,SINGLE,22,13,13,13,BESTGNSSPOSA
0703002-0918-15-42-gnss_raw.txt,233.500,2436,459686.700,GPS标准时间,FINESTEERING,SOL_COMPUTED,SINGLE,22,13,13,13,BESTGNSSPOSA
0703002-0918-15-42-gnss_raw.txt,233.600,2436,459686.800,GPS标准时间,FINESTEERING,SOL_COMPUTED,SINGLE,22,13,13,13,BESTGNSSPOSA
0703002-0918-15-42-gnss_raw.txt,233.700,2436,459686.900,GPS标准时间,FINESTEERING,SOL_COMPUTED,SINGLE,22,13,13,13,BESTGNSSPOSA
0703002-0918-15-42-gnss_raw.txt,233.800,2436,459687.000,GPS标准时间,FINESTEERING,SOL_COMPUTED,SINGLE,22,13,13,13,BESTGNSSPOSA
0703002-0918-15-42-gnss_raw.txt,233.900,2436,459687.100,GPS标准时间,FINESTEERING,SOL_COMPUTED,SINGLE,22,13,13,13,BESTGNSSPOSA
0703002-0918-15-42-gnss_raw.txt,234.000,2436,459687.200,GPS标准时间,FINESTEERING,SOL_COMPUTED,SINGLE,22,13,13,13,BESTGNSSPOSA
0703002-0918-15-42-gnss_raw.txt,234.100,2436,459687.300,GPS标准时间,FINESTEERING,SOL_COMPUTED,SINGLE,22,13,13,13,BESTGNSSPOSA
0703002-0918-15-42-gnss_raw.txt,234.200,2436,459687.400,GPS标准时间,FINESTEERING,SOL_COMPUTED,SINGLE,22,13,13,13,BESTGNSSPOSA
0703002-0918-15-42-gnss_raw.txt,234.300,2436,459687.500,GPS标准时间,FINESTEERING,SOL_COMPUTED,SINGLE,22,13,13,13,BESTGNSSPOSA
0703002-0918-15-42-gnss_raw.txt,234.400,2436,459687.600,GPS标准时间,FINESTEERING,SOL_COMPUTED,SINGLE,22,12,12,12,BESTGNSSPOSA
0703002-0918-15-42-gnss_raw.txt,234.500,2436,459687.700,GPS标准时间,FINESTEERING,SOL_COMPUTED,SINGLE,22,12,12,12,BESTGNSSPOSA
0703002-0918-15-42-gnss_raw.txt,234.600,2436,459687.800,GPS标准时间,FINESTEERING,SOL_COMPUTED,SINGLE,22,13,13,13,BESTGNSSPOSA
0703002-0918-15-42-gnss_raw.txt,234.700,2436,459687.900,GPS标准时间,FINESTEERING,SOL_COMPUTED,SINGLE,22,13,13,13,BESTGNSSPOSA
0703002-0918-15-42-gnss_raw.txt,234.800,2436,459688.000,GPS标准时间,FINESTEERING,SOL_COMPUTED,SINGLE,22,13,13,13,BESTGNSSPOSA
0703002-0918-15-42-gnss_raw.txt,234.900,2436,459688.100,GPS标准时间,FINESTEERING,SOL_COMPUTED,SINGLE,22,13,13,13,BESTGNSSPOSA
0703002-0918-15-42-gnss_raw.txt,235.000,2436,459688.200,GPS标准时间,FINESTEERING,SOL_COMPUTED,SINGLE,22,13,13,13,BESTGNSSPOSA
0703002-0918-15-42-gnss_raw.txt,235.100,2436,459688.300,GPS标准时间,FINESTEERING,SOL_COMPUTED,SINGLE,22,13,13,13,BESTGNSSPOSA
0703002-0918-15-42-gnss_raw.txt,235.200,2436,459688.400,GPS标准时间,FINESTEERING,SOL_COMPUTED,SINGLE,22,13,13,13,BESTGNSSPOSA
0703002-0918-15-42-gnss_raw.txt,235.300,2436,459688.500,GPS标准时间,FINESTEERING,SOL_COMPUTED,SINGLE,22,12,12,12,BESTGNSSPOSA
0703002-0918-15-42-gnss_raw.txt,235.400,2436,459688.600,GPS标准时间,FINESTEERING,SOL_COMPUTED,SINGLE,22,12,12,12,BESTGNSSPOSA
0703002-0918-15-42-gnss_raw.txt,235.500,2436,459688.700,GPS标准时间,FINESTEERING,SOL_COMPUTED,SINGLE,22,12,12,12,BESTGNSSPOSA
0703002-0918-15-42-gnss_raw.txt,235.600,2436,459688.800,GPS标准时间,FINESTEERING,SOL_COMPUTED,SINGLE,22,12,12,12,BESTGNSSPOSA
0703002-0918-15-42-gnss_raw.txt,235.700,2436,459688.900,GPS标准时间,FINESTEERING,SOL_COMPUTED,SINGLE,22,12,12,12,BESTGNSSPOSA
0703002-0918-15-42-gnss_raw.txt,235.800,2436,459689.000,GPS标准时间,FINESTEERING,SOL_COMPUTED,SINGLE,22,12,12,12,BESTGNSSPOSA
0703002-0918-15-42-gnss_raw.txt,235.900,2436,459689.100,GPS标准时间,FINESTEERING,SOL_COMPUTED,SINGLE,22,11,11,11,BESTGNSSPOSA
0703002-0918-15-42-gnss_raw.txt,236.000,2436,459689.200,GPS标准时间,FINESTEERING,SOL_COMPUTED,SINGLE,22,11,11,11,BESTGNSSPOSA
0703002-0918-15-42-gnss_raw.txt,236.100,2436,459689.300,GPS标准时间,FINESTEERING,SOL_COMPUTED,SINGLE,22,11,11,11,BESTGNSSPOSA
0703002-0918-15-42-gnss_raw.txt,236.200,2436,459689.400,GPS标准时间,FINESTEERING,SOL_COMPUTED,SINGLE,22,11,11,11,BESTGNSSPOSA
0703002-0918-15-42-gnss_raw.txt,236.300,2436,459689.500,GPS标准时间,FINESTEERING,SOL_COMPUTED,SINGLE,22,11,11,11,BESTGNSSPOSA
0703002-0918-15-42-gnss_raw.txt,236.400,2436,459689.600,GPS标准时间,FINESTEERING,SOL_COMPUTED,SINGLE,22,11,11,11,BESTGNSSPOSA
0703002-0918-15-42-gnss_raw.txt,236.500,2436,459689.700,GPS标准时间,FINESTEERING,SOL_COMPUTED,SINGLE,22,11,11,11,BESTGNSSPOSA
0703002-0918-15-42-gnss_raw.txt,236.600,2436,459689.800,GPS标准时间,FINESTEERING,SOL_COMPUTED,SINGLE,22,11,11,11,BESTGNSSPOSA
0703002-0918-15-42-gnss_raw.txt,236.700,2436,459689.900,GPS标准时间,FINESTEERING,SOL_COMPUTED,SINGLE,22,12,12,12,BESTGNSSPOSA
0703002-0918-15-42-gnss_raw.txt,236.800,2436,459690.000,GPS标准时间,FINESTEERING,SOL_COMPUTED,SINGLE,22,12,12,12,BESTGNSSPOSA
0703002-0918-15-42-gnss_raw.txt,236.900,2436,459690.100,GPS标准时间,FINESTEERING,SOL_COMPUTED,SINGLE,22,13,13,13,BESTGNSSPOSA
0703002-0918-15-42-gnss_raw.txt,237.000,2436,459690.200,GPS标准时间,FINESTEERING,SOL_COMPUTED,SINGLE,22,14,14,14,BESTGNSSPOSA
0703002-0918-15-42-gnss_raw.txt,237.100,2436,459690.300,GPS标准时间,FINESTEERING,SOL_COMPUTED,SINGLE,22,14,14,14,BESTGNSSPOSA
0703002-0918-15-42-gnss_raw.txt,237.200,2436,459690.400,GPS标准时间,FINESTEERING,SOL_COMPUTED,SINGLE,22,14,14,14,BESTGNSSPOSA
0703002-0918-15-42-gnss_raw.txt,237.300,2436,459690.500,GPS标准时间,FINESTEERING,SOL_COMPUTED,SINGLE,22,14,14,14,BESTGNSSPOSA
0703002-0918-15-42-gnss_raw.txt,237.400,2436,459690.600,GPS标准时间,FINESTEERING,SOL_COMPUTED,SINGLE,22,14,14,14,BESTGNSSPOSA
0703002-0918-15-42-gnss_raw.txt,237.500,2436,459690.700,GPS标准时间,FINESTEERING,SOL_COMPUTED,SINGLE,22,14,14,14,BESTGNSSPOSA
0703002-0918-15-42-gnss_raw.txt,237.600,2436,459690.800,GPS标准时间,FINESTEERING,SOL_COMPUTED,SINGLE,22,14,14,14,BESTGNSSPOSA
0703002-0918-15-42-gnss_raw.txt,237.700,2436,459690.900,GPS标准时间,FINESTEERING,SOL_COMPUTED,SINGLE,22,14,14,14,BESTGNSSPOSA
0703002-0918-15-42-gnss_raw.txt,237.800,2436,459691.000,GPS标准时间,FINESTEERING,SOL_COMPUTED,SINGLE,22,13,13,13,BESTGNSSPOSA
0703002-0918-15-42-gnss_raw.txt,237.900,2436,459691.100,GPS标准时间,FINESTEERING,SOL_COMPUTED,SINGLE,22,14,14,14,BESTGNSSPOSA
0703002-0918-15-42-gnss_raw.txt,238.000,2436,459691.200,GPS标准时间,FINESTEERING,SOL_COMPUTED,SINGLE,22,14,14,14,BESTGNSSPOSA
0703002-0918-15-42-gnss_raw.txt,238.100,2436,459691.300,GPS标准时间,FINESTEERING,SOL_COMPUTED,SINGLE,22,14,14,14,BESTGNSSPOSA
0703002-0918-15-42-gnss_raw.txt,238.200,2436,459691.400,GPS标准时间,FINESTEERING,SOL_COMPUTED,SINGLE,22,13,13,13,BESTGNSSPOSA
0703002-0918-15-42-gnss_raw.txt,238.300,2436,459691.500,GPS标准时间,FINESTEERING,SOL_COMPUTED,SINGLE,22,14,14,14,BESTGNSSPOSA
0703002-0918-15-42-gnss_raw.txt,238.400,2436,459691.600,GPS标准时间,FINESTEERING,SOL_COMPUTED,SINGLE,22,14,14,14,BESTGNSSPOSA
0703002-0918-15-42-gnss_raw.txt,238.500,2436,459691.700,GPS标准时间,FINESTEERING,SOL_COMPUTED,SINGLE,22,14,14,14,BESTGNSSPOSA
0703002-0918-15-42-gnss_raw.txt,238.600,2436,459691.800,GPS标准时间,FINESTEERING,SOL_COMPUTED,SINGLE,22,14,14,14,BESTGNSSPOSA
0703002-0918-15-42-gnss_raw.txt,238.700,2436,459691.900,GPS标准时间,FINESTEERING,SOL_COMPUTED,SINGLE,22,14,14,14,BESTGNSSPOSA
0703002-0918-15-42-gnss_raw.txt,238.800,2436,459692.000,GPS标准时间,FINESTEERING,SOL_COMPUTED,SINGLE,22,13,13,13,BESTGNSSPOSA
0703002-0918-15-42-gnss_raw.txt,238.900,2436,459692.100,GPS标准时间,FINESTEERING,SOL_COMPUTED,SINGLE,22,13,13,13,BESTGNSSPOSA
0703002-0918-15-42-gnss_raw.txt,239.000,2436,459692.200,GPS标准时间,FINESTEERING,SOL_COMPUTED,SINGLE,22,12,12,12,BESTGNSSPOSA
0703002-0918-15-42-gnss_raw.txt,239.100,2436,459692.300,GPS标准时间,FINESTEERING,SOL_COMPUTED,SINGLE,22,12,12,12,BESTGNSSPOSA
0703002-0918-15-42-gnss_raw.txt,239.200,2436,459692.400,GPS标准时间,FINESTEERING,SOL_COMPUTED,SINGLE,22,13,13,13,BESTGNSSPOSA
0703002-0918-15-42-gnss_raw.txt,239.300,2436,459692.500,GPS标准时间,FINESTEERING,SOL_COMPUTED,SINGLE,22,13,13,13,BESTGNSSPOSA
0703002-0918-15-42-gnss_raw.txt,239.400,2436,459692.600,GPS标准时间,FINESTEERING,SOL_COMPUTED,SINGLE,22,13,13,13,BESTGNSSPOSA
0703002-0918-15-42-gnss_raw.txt,239.500,2436,459692.700,GPS标准时间,FINESTEERING,SOL_COMPUTED,SINGLE,22,13,13,13,BESTGNSSPOSA
0703002-0918-15-42-gnss_raw.txt,239.600,2436,459692.800,GPS标准时间,FINESTEERING,SOL_COMPUTED,SINGLE,22,13,13,13,BESTGNSSPOSA
0703002-0918-15-42-gnss_raw.txt,239.700,2436,459692.900,GPS标准时间,FINESTEERING,SOL_COMPUTED,SINGLE,22,13,13,13,BESTGNSSPOSA
0703002-0918-15-42-gnss_raw.txt,239.800,2436,459693.000,GPS标准时间,FINESTEERING,SOL_COMPUTED,SINGLE,22,13,13,13,BESTGNSSPOSA
0703002-0918-15-42-gnss_raw.txt,239.900,2436,459693.100,GPS标准时间,FINESTEERING,SOL_COMPUTED,SINGLE,22,13,13,13,BESTGNSSPOSA
0703002-0918-15-42-gnss_raw.txt,240.000,2436,459693.200,GPS标准时间,FINESTEERING,SOL_COMPUTED,SINGLE,22,13,13,13,BESTGNSSPOSA
0703002-0918-15-42-gnss_raw.txt,240.100,2436,459693.300,GPS标准时间,FINESTEERING,SOL_COMPUTED,SINGLE,22,13,13,13,BESTGNSSPOSA
0703002-0918-15-42-gnss_raw.txt,240.200,2436,459693.400,GPS标准时间,FINESTEERING,SOL_COMPUTED,SINGLE,22,13,13,13,BESTGNSSPOSA
0703002-0918-15-42-gnss_raw.txt,240.300,2436,459693.500,GPS标准时间,FINESTEERING,SOL_COMPUTED,SINGLE,22,13,13,13,BESTGNSSPOSA
0703002-0918-15-42-gnss_raw.txt,240.400,2436,459693.600,GPS标准时间,FINESTEERING,SOL_COMPUTED,SINGLE,22,13,13,13,BESTGNSSPOSA
0703002-0918-15-42-gnss_raw.txt,240.500,2436,459693.700,GPS标准时间,FINESTEERING,SOL_COMPUTED,SINGLE,22,13,13,13,BESTGNSSPOSA
0703002-0918-15-42-gnss_raw.txt,240.600,2436,459693.800,GPS标准时间,FINESTEERING,SOL_COMPUTED,SINGLE,22,13,13,13,BESTGNSSPOSA
0703002-0918-15-42-gnss_raw.txt,240.700,2436,459693.900,GPS标准时间,FINESTEERING,SOL_COMPUTED,SINGLE,22,13,13,13,BESTGNSSPOSA
0703002-0918-15-42-gnss_raw.txt,240.800,2436,459694.000,GPS标准时间,FINESTEERING,SOL_COMPUTED,SINGLE,22,13,13,13,BESTGNSSPOSA
0703002-0918-15-42-gnss_raw.txt,240.900,2436,459694.100,GPS标准时间,FINESTEERING,SOL_COMPUTED,SINGLE,22,13,13,13,BESTGNSSPOSA
0703002-0918-15-42-gnss_raw.txt,241.000,2436,459694.200,GPS标准时间,FINESTEERING,SOL_COMPUTED,SINGLE,22,13,13,13,BESTGNSSPOSA
0703002-0918-15-42-gnss_raw.txt,241.100,2436,459694.300,GPS标准时间,FINESTEERING,SOL_COMPUTED,SINGLE,22,13,13,13,BESTGNSSPOSA
0703002-0918-15-42-gnss_raw.txt,241.200,2436,459694.400,GPS标准时间,FINESTEERING,SOL_COMPUTED,SINGLE,22,13,13,13,BESTGNSSPOSA
0703002-0918-15-42-gnss_raw.txt,241.300,2436,459694.500,GPS标准时间,FINESTEERING,SOL_COMPUTED,SINGLE,22,13,13,13,BESTGNSSPOSA
0703002-0918-15-42-gnss_raw.txt,241.400,2436,459694.600,GPS标准时间,FINESTEERING,SOL_COMPUTED,SINGLE,22,13,13,13,BESTGNSSPOSA
0703002-0918-15-42-gnss_raw.txt,241.500,2436,459694.700,GPS标准时间,FINESTEERING,SOL_COMPUTED,SINGLE,22,13,13,13,BESTGNSSPOSA
0703002-0918-15-42-gnss_raw.txt,241.600,2436,459694.800,GPS标准时间,FINESTEERING,SOL_COMPUTED,SINGLE,22,14,14,14,BESTGNSSPOSA
0703002-0918-15-42-gnss_raw.txt,241.700,2436,459694.900,GPS标准时间,FINESTEERING,SOL_COMPUTED,SINGLE,22,13,13,13,BESTGNSSPOSA
0703002-0918-15-42-gnss_raw.txt,241.800,2436,459695.000,GPS标准时间,FINESTEERING,SOL_COMPUTED,SINGLE,22,13,13,13,BESTGNSSPOSA
0703002-0918-15-42-gnss_raw.txt,241.900,2436,459695.100,GPS标准时间,FINESTEERING,SOL_COMPUTED,SINGLE,22,14,14,14,BESTGNSSPOSA
0703002-0918-15-42-gnss_raw.txt,242.000,2436,459695.200,GPS标准时间,FINESTEERING,SOL_COMPUTED,SINGLE,22,14,14,14,BESTGNSSPOSA
0703002-0918-15-42-gnss_raw.txt,242.100,2436,459695.300,GPS标准时间,FINESTEERING,SOL_COMPUTED,SINGLE,22,14,14,14,BESTGNSSPOSA
0703002-0918-15-42-gnss_raw.txt,242.200,2436,459695.400,GPS标准时间,FINESTEERING,SOL_COMPUTED,SINGLE,22,13,13,13,BESTGNSSPOSA
0703002-0918-15-42-gnss_raw.txt,242.300,2436,459695.500,GPS标准时间,FINESTEERING,SOL_COMPUTED,SINGLE,22,14,14,14,BESTGNSSPOSA
0703002-0918-15-42-gnss_raw.txt,242.400,2436,459695.600,GPS标准时间,FINESTEERING,SOL_COMPUTED,SINGLE,22,13,13,13,BESTGNSSPOSA
0703002-0918-15-42-gnss_raw.txt,242.500,2436,459695.700,GPS标准时间,FINESTEERING,SOL_COMPUTED,SINGLE,22,13,13,13,BESTGNSSPOSA
0703002-0918-15-42-gnss_raw.txt,242.600,2436,459695.800,GPS标准时间,FINESTEERING,SOL_COMPUTED,SINGLE,22,13,13,13,BESTGNSSPOSA
0703002-0918-15-42-gnss_raw.txt,242.700,2436,459695.900,GPS标准时间,FINESTEERING,SOL_COMPUTED,SINGLE,22,12,12,12,BESTGNSSPOSA
0703002-0918-15-42-gnss_raw.txt,242.800,2436,459696.000,GPS标准时间,FINESTEERING,SOL_COMPUTED,SINGLE,22,12,12,12,BESTGNSSPOSA
0703002-0918-15-42-gnss_raw.txt,242.900,2436,459696.100,GPS标准时间,FINESTEERING,SOL_COMPUTED,SINGLE,22,13,13,13,BESTGNSSPOSA
0703002-0918-15-42-gnss_raw.txt,243.000,2436,459696.200,GPS标准时间,FINESTEERING,SOL_COMPUTED,SINGLE,22,13,13,13,BESTGNSSPOSA
0703002-0918-15-42-gnss_raw.txt,243.100,2436,459696.300,GPS标准时间,FINESTEERING,SOL_COMPUTED,SINGLE,22,13,13,13,BESTGNSSPOSA
0703002-0918-15-42-gnss_raw.txt,243.200,2436,459696.400,GPS标准时间,FINESTEERING,SOL_COMPUTED,SINGLE,22,13,13,13,BESTGNSSPOSA
0703002-0918-15-42-gnss_raw.txt,243.300,2436,459696.500,GPS标准时间,FINESTEERING,SOL_COMPUTED,SINGLE,22,12,12,12,BESTGNSSPOSA
0703002-0918-15-42-gnss_raw.txt,243.400,2436,459696.600,GPS标准时间,FINESTEERING,SOL_COMPUTED,SINGLE,22,14,14,14,BESTGNSSPOSA
0703002-0918-15-42-gnss_raw.txt,243.500,2436,459696.700,GPS标准时间,FINESTEERING,SOL_COMPUTED,SINGLE,22,12,12,12,BESTGNSSPOSA
0703002-0918-15-42-gnss_raw.txt,243.600,2436,459696.800,GPS标准时间,FINESTEERING,SOL_COMPUTED,SINGLE,22,13,13,13,BESTGNSSPOSA
0703002-0918-15-42-gnss_raw.txt,243.700,2436,459696.900,GPS标准时间,FINESTEERING,SOL_COMPUTED,SINGLE,22,13,13,13,BESTGNSSPOSA
0703002-0918-15-42-gnss_raw.txt,243.800,2436,459697.000,GPS标准时间,FINESTEERING,SOL_COMPUTED,SINGLE,22,13,13,13,BESTGNSSPOSA
0703002-0918-15-42-gnss_raw.txt,243.900,2436,459697.100,GPS标准时间,FINESTEERING,SOL_COMPUTED,SINGLE,22,12,12,12,BESTGNSSPOSA
0703002-0918-15-42-gnss_raw.txt,244.000,2436,459697.200,GPS标准时间,FINESTEERING,SOL_COMPUTED,SINGLE,22,12,12,12,BESTGNSSPOSA
0703002-0918-15-42-gnss_raw.txt,244.100,2436,459697.300,GPS标准时间,FINESTEERING,SOL_COMPUTED,SINGLE,22,12,12,12,BESTGNSSPOSA
0703002-0918-15-42-gnss_raw.txt,244.200,2436,459697.400,GPS标准时间,FINESTEERING,SOL_COMPUTED,SINGLE,22,11,11,11,BESTGNSSPOSA
0703002-0918-15-42-gnss_raw.txt,244.300,2436,459697.500,GPS标准时间,FINESTEERING,SOL_COMPUTED,SINGLE,22,11,11,11,BESTGNSSPOSA
0703002-0918-15-42-gnss_raw.txt,244.400,2436,459697.600,GPS标准时间,FINESTEERING,SOL_COMPUTED,SINGLE,22,11,11,11,BESTGNSSPOSA
0703002-0918-15-42-gnss_raw.txt,244.500,2436,459697.700,GPS标准时间,FINESTEERING,SOL_COMPUTED,SINGLE,22,11,11,11,BESTGNSSPOSA
0703002-0918-15-42-gnss_raw.txt,244.600,2436,459697.800,GPS标准时间,FINESTEERING,SOL_COMPUTED,SINGLE,22,11,11,11,BESTGNSSPOSA
0703002-0918-15-42-gnss_raw.txt,244.700,2436,459697.900,GPS标准时间,FINESTEERING,SOL_COMPUTED,SINGLE,22,12,12,12,BESTGNSSPOSA
0703002-0918-15-42-gnss_raw.txt,244.800,2436,459698.000,GPS标准时间,FINESTEERING,SOL_COMPUTED,SINGLE,22,12,12,12,BESTGNSSPOSA
0703002-0918-15-42-gnss_raw.txt,244.900,2436,459698.100,GPS标准时间,FINESTEERING,SOL_COMPUTED,SINGLE,22,12,12,12,BESTGNSSPOSA
0703002-0918-15-42-gnss_raw.txt,245.000,2436,459698.200,GPS标准时间,FINESTEERING,SOL_COMPUTED,SINGLE,22,12,12,12,BESTGNSSPOSA
0703002-0918-15-42-gnss_raw.txt,245.100,2436,459698.300,GPS标准时间,FINESTEERING,SOL_COMPUTED,SINGLE,22,12,12,12,BESTGNSSPOSA
0703002-0918-15-42-gnss_raw.txt,245.200,2436,459698.400,GPS标准时间,FINESTEERING,SOL_COMPUTED,SINGLE,22,11,11,11,BESTGNSSPOSA
0703002-0918-15-42-gnss_raw.txt,245.300,2436,459698.500,GPS标准时间,FINESTEERING,SOL_COMPUTED,SINGLE,22,12,12,12,BESTGNSSPOSA
0703002-0918-15-42-gnss_raw.txt,245.400,2436,459698.600,GPS标准时间,FINESTEERING,SOL_COMPUTED,SINGLE,22,12,12,12,BESTGNSSPOSA
0703002-0918-15-42-gnss_raw.txt,245.500,2436,459698.700,GPS标准时间,FINESTEERING,SOL_COMPUTED,SINGLE,22,12,12,12,BESTGNSSPOSA
0703002-0918-15-42-gnss_raw.txt,245.600,2436,459698.800,GPS标准时间,FINESTEERING,SOL_COMPUTED,SINGLE,21,12,12,12,BESTGNSSPOSA
0703002-0918-15-42-gnss_raw.txt,245.700,2436,459698.900,GPS标准时间,FINESTEERING,SOL_COMPUTED,SINGLE,21,12,12,12,BESTGNSSPOSA
0703002-0918-15-42-gnss_raw.txt,245.800,2436,459699.000,GPS标准时间,FINESTEERING,SOL_COMPUTED,SINGLE,21,12,12,12,BESTGNSSPOSA
0703002-0918-15-42-gnss_raw.txt,245.900,2436,459699.100,GPS标准时间,FINESTEERING,SOL_COMPUTED,SINGLE,21,12,12,12,BESTGNSSPOSA
0703002-0918-15-42-gnss_raw.txt,246.000,2436,459699.200,GPS标准时间,FINESTEERING,SOL_COMPUTED,SINGLE,21,12,12,12,BESTGNSSPOSA
0703002-0918-15-42-gnss_raw.txt,246.100,2436,459699.300,GPS标准时间,FINESTEERING,SOL_COMPUTED,SINGLE,21,12,12,12,BESTGNSSPOSA
0703002-0918-15-42-gnss_raw.txt,246.200,2436,459699.400,GPS标准时间,FINESTEERING,SOL_COMPUTED,SINGLE,21,12,12,12,BESTGNSSPOSA
0703002-0918-15-42-gnss_raw.txt,246.300,2436,459699.500,GPS标准时间,FINESTEERING,SOL_COMPUTED,SINGLE,21,12,12,12,BESTGNSSPOSA
0703002-0918-15-42-gnss_raw.txt,246.400,2436,459699.600,GPS标准时间,FINESTEERING,SOL_COMPUTED,SINGLE,21,12,12,12,BESTGNSSPOSA
0703002-0918-15-42-gnss_raw.txt,246.500,2436,459699.700,GPS标准时间,FINESTEERING,SOL_COMPUTED,SINGLE,21,12,12,12,BESTGNSSPOSA
0703002-0918-15-42-gnss_raw.txt,246.600,2436,459699.800,GPS标准时间,FINESTEERING,SOL_COMPUTED,SINGLE,21,14,14,14,BESTGNSSPOSA
0703002-0918-15-42-gnss_raw.txt,246.700,2436,459699.900,GPS标准时间,FINESTEERING,SOL_COMPUTED,SINGLE,21,14,14,14,BESTGNSSPOSA
0703002-0918-15-42-gnss_raw.txt,246.800,2436,459700.000,GPS标准时间,FINESTEERING,SOL_COMPUTED,SINGLE,21,15,15,15,BESTGNSSPOSA
0703002-0918-15-42-gnss_raw.txt,246.900,2436,459700.100,GPS标准时间,FINESTEERING,SOL_COMPUTED,SINGLE,21,14,14,14,BESTGNSSPOSA
0703002-0918-15-42-gnss_raw.txt,247.000,2436,459700.200,GPS标准时间,FINESTEERING,SOL_COMPUTED,SINGLE,21,14,14,14,BESTGNSSPOSA
0703002-0918-15-42-gnss_raw.txt,247.100,2436,459700.300,GPS标准时间,FINESTEERING,SOL_COMPUTED,SINGLE,21,14,14,14,BESTGNSSPOSA
0703002-0918-15-42-gnss_raw.txt,247.200,2436,459700.400,GPS标准时间,FINESTEERING,SOL_COMPUTED,SINGLE,21,13,13,13,BESTGNSSPOSA
0703002-0918-15-42-gnss_raw.txt,247.300,2436,459700.500,GPS标准时间,FINESTEERING,SOL_COMPUTED,SINGLE,21,14,14,14,BESTGNSSPOSA
0703002-0918-15-42-gnss_raw.txt,247.400,2436,459700.600,GPS标准时间,FINESTEERING,SOL_COMPUTED,SINGLE,21,14,14,14,BESTGNSSPOSA
0703002-0918-15-42-gnss_raw.txt,247.500,2436,459700.700,GPS标准时间,FINESTEERING,SOL_COMPUTED,SINGLE,21,13,13,13,BESTGNSSPOSA
0703002-0918-15-42-gnss_raw.txt,247.600,2436,459700.800,GPS标准时间,FINESTEERING,SOL_COMPUTED,SINGLE,21,13,13,13,BESTGNSSPOSA
0703002-0918-15-42-gnss_raw.txt,247.700,2436,459700.900,GPS标准时间,FINESTEERING,SOL_COMPUTED,SINGLE,21,13,13,13,BESTGNSSPOSA
0703002-0918-15-42-gnss_raw.txt,247.800,2436,459701.000,GPS标准时间,FINESTEERING,SOL_COMPUTED,SINGLE,21,13,13,13,BESTGNSSPOSA
0703002-0918-15-42-gnss_raw.txt,247.900,2436,459701.100,GPS标准时间,FINESTEERING,SOL_COMPUTED,SINGLE,21,12,12,12,BESTGNSSPOSA
0703002-0918-15-42-gnss_raw.txt,248.000,2436,459701.200,GPS标准时间,FINESTEERING,SOL_COMPUTED,SINGLE,21,12,12,12,BESTGNSSPOSA
0703002-0918-15-42-gnss_raw.txt,248.100,2436,459701.300,GPS标准时间,FINESTEERING,SOL_COMPUTED,SINGLE,21,12,12,12,BESTGNSSPOSA
0703002-0918-15-42-gnss_raw.txt,248.200,2436,459701.400,GPS标准时间,FINESTEERING,SOL_COMPUTED,SINGLE,21,12,12,12,BESTGNSSPOSA
0703002-0918-15-42-gnss_raw.txt,248.300,2436,459701.500,GPS标准时间,FINESTEERING,SOL_COMPUTED,SINGLE,21,12,12,12,BESTGNSSPOSA
0703002-0918-15-42-gnss_raw.txt,248.400,2436,459701.600,GPS标准时间,FINESTEERING,SOL_COMPUTED,SINGLE,21,12,12,12,BESTGNSSPOSA
0703002-0918-15-42-gnss_raw.txt,248.500,2436,459701.700,GPS标准时间,FINESTEERING,SOL_COMPUTED,SINGLE,21,12,12,12,BESTGNSSPOSA
0703002-0918-15-42-gnss_raw.txt,248.600,2436,459701.800,GPS标准时间,FINESTEERING,SOL_COMPUTED,SINGLE,21,12,12,12,BESTGNSSPOSA
0703002-0918-15-42-gnss_raw.txt,248.700,2436,459701.900,GPS标准时间,FINESTEERING,SOL_COMPUTED,SINGLE,21,12,12,12,BESTGNSSPOSA
0703002-0918-15-42-gnss_raw.txt,248.800,2436,459702.000,GPS标准时间,FINESTEERING,SOL_COMPUTED,SINGLE,21,12,12,12,BESTGNSSPOSA
0703002-0918-15-42-gnss_raw.txt,248.900,2436,459702.100,GPS标准时间,FINESTEERING,SOL_COMPUTED,SINGLE,21,12,12,12,BESTGNSSPOSA
0703002-0918-15-42-gnss_raw.txt,249.000,2436,459702.200,GPS标准时间,FINESTEERING,SOL_COMPUTED,SINGLE,21,12,12,12,BESTGNSSPOSA
0703002-0918-15-42-gnss_raw.txt,249.100,2436,459702.300,GPS标准时间,FINESTEERING,SOL_COMPUTED,SINGLE,21,12,12,12,BESTGNSSPOSA
0703002-0918-15-42-gnss_raw.txt,249.200,2436,459702.400,GPS标准时间,FINESTEERING,SOL_COMPUTED,SINGLE,21,12,12,12,BESTGNSSPOSA
0703002-0918-15-42-gnss_raw.txt,249.300,2436,459702.500,GPS标准时间,FINESTEERING,SOL_COMPUTED,SINGLE,21,12,12,12,BESTGNSSPOSA
0703002-0918-15-42-gnss_raw.txt,249.400,2436,459702.600,GPS标准时间,FINESTEERING,SOL_COMPUTED,SINGLE,21,14,14,14,BESTGNSSPOSA
0703002-0918-15-42-gnss_raw.txt,249.500,2436,459702.700,GPS标准时间,FINESTEERING,SOL_COMPUTED,SINGLE,21,14,14,14,BESTGNSSPOSA
0703002-0918-15-42-gnss_raw.txt,249.600,2436,459702.800,GPS标准时间,FINESTEERING,SOL_COMPUTED,SINGLE,21,14,14,14,BESTGNSSPOSA
0703002-0918-15-42-gnss_raw.txt,249.700,2436,459702.900,GPS标准时间,FINESTEERING,SOL_COMPUTED,SINGLE,21,14,14,14,BESTGNSSPOSA
0703002-0918-15-42-gnss_raw.txt,249.800,2436,459703.000,GPS标准时间,FINESTEERING,SOL_COMPUTED,SINGLE,21,14,14,14,BESTGNSSPOSA
0703002-0918-15-42-gnss_raw.txt,249.900,2436,459703.100,GPS标准时间,FINESTEERING,SOL_COMPUTED,SINGLE,21,14,14,14,BESTGNSSPOSA
0703002-0918-15-42-gnss_raw.txt,250.000,2436,459703.200,GPS标准时间,FINESTEERING,SOL_COMPUTED,SINGLE,21,14,14,14,BESTGNSSPOSA
0703002-0918-15-42-gnss_raw.txt,250.100,2436,459703.300,GPS标准时间,FINESTEERING,SOL_COMPUTED,SINGLE,21,14,14,14,BESTGNSSPOSA
0703002-0918-15-42-gnss_raw.txt,250.200,2436,459703.400,GPS标准时间,FINESTEERING,SOL_COMPUTED,SINGLE,21,14,14,14,BESTGNSSPOSA
0703002-0918-15-42-gnss_raw.txt,250.300,2436,459703.500,GPS标准时间,FINESTEERING,SOL_COMPUTED,SINGLE,21,14,14,14,BESTGNSSPOSA
0703002-0918-15-42-gnss_raw.txt,250.400,2436,459703.600,GPS标准时间,FINESTEERING,SOL_COMPUTED,SINGLE,21,14,14,14,BESTGNSSPOSA
0703002-0918-15-42-gnss_raw.txt,250.500,2436,459703.700,GPS标准时间,FINESTEERING,SOL_COMPUTED,SINGLE,21,14,14,14,BESTGNSSPOSA
0703002-0918-15-42-gnss_raw.txt,250.600,2436,459703.800,GPS标准时间,FINESTEERING,SOL_COMPUTED,SINGLE,21,14,14,14,BESTGNSSPOSA
0703002-0918-15-42-gnss_raw.txt,250.700,2436,459703.900,GPS标准时间,FINESTEERING,SOL_COMPUTED,SINGLE,21,14,14,14,BESTGNSSPOSA
0703002-0918-15-42-gnss_raw.txt,250.800,2436,459704.000,GPS标准时间,FINESTEERING,SOL_COMPUTED,SINGLE,21,13,13,13,BESTGNSSPOSA
0703002-0918-15-42-gnss_raw.txt,250.900,2436,459704.100,GPS标准时间,FINESTEERING,SOL_COMPUTED,SINGLE,21,12,12,12,BESTGNSSPOSA
0703002-0918-15-42-gnss_raw.txt,251.000,2436,459704.200,GPS标准时间,FINESTEERING,SOL_COMPUTED,SINGLE,21,12,12,12,BESTGNSSPOSA
0703002-0918-15-42-gnss_raw.txt,251.100,2436,459704.300,GPS标准时间,FINESTEERING,SOL_COMPUTED,SINGLE,21,12,12,12,BESTGNSSPOSA
0703002-0918-15-42-gnss_raw.txt,251.200,2436,459704.400,GPS标准时间,FINESTEERING,SOL_COMPUTED,SINGLE,21,13,13,13,BESTGNSSPOSA
0703002-0918-15-42-gnss_raw.txt,251.300,2436,459704.500,GPS标准时间,FINESTEERING,SOL_COMPUTED,SINGLE,21,13,13,13,BESTGNSSPOSA
0703002-0918-15-42-gnss_raw.txt,251.400,2436,459704.600,GPS标准时间,FINESTEERING,SOL_COMPUTED,SINGLE,21,13,13,13,BESTGNSSPOSA
0703002-0918-15-42-gnss_raw.txt,251.500,2436,459704.700,GPS标准时间,FINESTEERING,SOL_COMPUTED,SINGLE,21,13,13,13,BESTGNSSPOSA
0703002-0918-15-42-gnss_raw.txt,251.600,2436,459704.800,GPS标准时间,FINESTEERING,SOL_COMPUTED,SINGLE,21,13,13,13,BESTGNSSPOSA
0703002-0918-15-42-gnss_raw.txt,251.700,2436,459704.900,GPS标准时间,FINESTEERING,SOL_COMPUTED,SINGLE,21,13,13,13,BESTGNSSPOSA
0703002-0918-15-42-gnss_raw.txt,251.800,2436,459705.000,GPS标准时间,FINESTEERING,SOL_COMPUTED,SINGLE,22,13,13,13,BESTGNSSPOSA
0703002-0918-15-42-gnss_raw.txt,251.900,2436,459705.100,GPS标准时间,FINESTEERING,SOL_COMPUTED,SINGLE,22,13,13,13,BESTGNSSPOSA
0703002-0918-15-42-gnss_raw.txt,252.000,2436,459705.200,GPS标准时间,FINESTEERING,SOL_COMPUTED,SINGLE,22,13,13,13,BESTGNSSPOSA
0703002-0918-15-42-gnss_raw.txt,252.100,2436,459705.300,GPS标准时间,FINESTEERING,SOL_COMPUTED,SINGLE,22,14,14,14,BESTGNSSPOSA
0703002-0918-15-42-gnss_raw.txt,252.200,2436,459705.400,GPS标准时间,FINESTEERING,SOL_COMPUTED,SINGLE,22,14,14,14,BESTGNSSPOSA
0703002-0918-15-42-gnss_raw.txt,252.300,2436,459705.500,GPS标准时间,FINESTEERING,SOL_COMPUTED,SINGLE,22,14,14,14,BESTGNSSPOSA
0703002-0918-15-42-gnss_raw.txt,252.400,2436,459705.600,GPS标准时间,FINESTEERING,SOL_COMPUTED,SINGLE,22,14,14,14,BESTGNSSPOSA
0703002-0918-15-42-gnss_raw.txt,252.500,2436,459705.700,GPS标准时间,FINESTEERING,SOL_COMPUTED,SINGLE,22,14,14,14,BESTGNSSPOSA
0703002-0918-15-42-gnss_raw.txt,252.600,2436,459705.800,GPS标准时间,FINESTEERING,SOL_COMPUTED,SINGLE,22,14,14,14,BESTGNSSPOSA
0703002-0918-15-42-gnss_raw.txt,252.700,2436,459705.900,GPS标准时间,FINESTEERING,SOL_COMPUTED,SINGLE,22,14,14,14,BESTGNSSPOSA
0703002-0918-15-42-gnss_raw.txt,252.800,2436,459706.000,GPS标准时间,FINESTEERING,SOL_COMPUTED,SINGLE,22,14,14,14,BESTGNSSPOSA
0703002-0918-15-42-gnss_raw.txt,252.900,2436,459706.100,GPS标准时间,FINESTEERING,SOL_COMPUTED,SINGLE,22,14,14,14,BESTGNSSPOSA
0703002-0918-15-42-gnss_raw.txt,253.000,2436,459706.200,GPS标准时间,FINESTEERING,SOL_COMPUTED,SINGLE,22,14,14,14,BESTGNSSPOSA
0703002-0918-15-42-gnss_raw.txt,253.100,2436,459706.300,GPS标准时间,FINESTEERING,SOL_COMPUTED,SINGLE,22,14,14,14,BESTGNSSPOSA
0703002-0918-15-42-gnss_raw.txt,253.200,2436,459706.400,GPS标准时间,FINESTEERING,SOL_COMPUTED,SINGLE,22,14,14,14,BESTGNSSPOSA
0703002-0918-15-42-gnss_raw.txt,253.300,2436,459706.500,GPS标准时间,FINESTEERING,SOL_COMPUTED,SINGLE,22,14,14,14,BESTGNSSPOSA
0703002-0918-15-42-gnss_raw.txt,253.400,2436,459706.600,GPS标准时间,FINESTEERING,SOL_COMPUTED,SINGLE,22,14,14,14,BESTGNSSPOSA
0703002-0918-15-42-gnss_raw.txt,253.500,2436,459706.700,GPS标准时间,FINESTEERING,SOL_COMPUTED,SINGLE,22,13,13,13,BESTGNSSPOSA
0703002-0918-15-42-gnss_raw.txt,253.600,2436,459706.800,GPS标准时间,FINESTEERING,SOL_COMPUTED,SINGLE,22,13,13,13,BESTGNSSPOSA
0703002-0918-15-42-gnss_raw.txt,253.700,2436,459706.900,GPS标准时间,FINESTEERING,SOL_COMPUTED,SINGLE,22,13,13,13,BESTGNSSPOSA
0703002-0918-15-42-gnss_raw.txt,253.800,2436,459707.000,GPS标准时间,FINESTEERING,SOL_COMPUTED,SINGLE,22,13,13,13,BESTGNSSPOSA
0703002-0918-15-42-gnss_raw.txt,253.900,2436,459707.100,GPS标准时间,FINESTEERING,SOL_COMPUTED,SINGLE,22,13,13,13,BESTGNSSPOSA
0703002-0918-15-42-gnss_raw.txt,254.000,2436,459707.200,GPS标准时间,FINESTEERING,SOL_COMPUTED,SINGLE,22,13,13,13,BESTGNSSPOSA
0703002-0918-15-42-gnss_raw.txt,254.100,2436,459707.300,GPS标准时间,FINESTEERING,SOL_COMPUTED,SINGLE,22,13,13,13,BESTGNSSPOSA
0703002-0918-15-42-gnss_raw.txt,254.200,2436,459707.400,GPS标准时间,FINESTEERING,SOL_COMPUTED,SINGLE,22,13,13,13,BESTGNSSPOSA
0703002-0918-15-42-gnss_raw.txt,254.300,2436,459707.500,GPS标准时间,FINESTEERING,SOL_COMPUTED,SINGLE,22,13,13,13,BESTGNSSPOSA
0703002-0918-15-42-gnss_raw.txt,254.400,2436,459707.600,GPS标准时间,FINESTEERING,SOL_COMPUTED,SINGLE,22,13,13,13,BESTGNSSPOSA
0703002-0918-15-42-gnss_raw.txt,254.500,2436,459707.700,GPS标准时间,FINESTEERING,SOL_COMPUTED,SINGLE,22,13,13,13,BESTGNSSPOSA
0703002-0918-15-42-gnss_raw.txt,254.600,2436,459707.800,GPS标准时间,FINESTEERING,SOL_COMPUTED,SINGLE,22,13,13,13,BESTGNSSPOSA
0703002-0918-15-42-gnss_raw.txt,254.700,2436,459707.900,GPS标准时间,FINESTEERING,SOL_COMPUTED,SINGLE,22,13,13,13,BESTGNSSPOSA
0703002-0918-15-42-gnss_raw.txt,254.800,2436,459708.000,GPS标准时间,FINESTEERING,SOL_COMPUTED,SINGLE,22,14,14,14,BESTGNSSPOSA
0703002-0918-15-42-gnss_raw.txt,254.900,2436,459708.100,GPS标准时间,FINESTEERING,SOL_COMPUTED,SINGLE,22,13,13,13,BESTGNSSPOSA
0703002-0918-15-42-gnss_raw.txt,255.000,2436,459708.200,GPS标准时间,FINESTEERING,SOL_COMPUTED,SINGLE,22,13,13,13,BESTGNSSPOSA
0703002-0918-15-42-gnss_raw.txt,255.100,2436,459708.300,GPS标准时间,FINESTEERING,SOL_COMPUTED,SINGLE,22,13,13,13,BESTGNSSPOSA
0703002-0918-15-42-gnss_raw.txt,255.200,2436,459708.400,GPS标准时间,FINESTEERING,SOL_COMPUTED,SINGLE,22,13,13,13,BESTGNSSPOSA
0703002-0918-15-42-gnss_raw.txt,255.300,2436,459708.500,GPS标准时间,FINESTEERING,SOL_COMPUTED,SINGLE,22,13,13,13,BESTGNSSPOSA
0703002-0918-15-42-gnss_raw.txt,255.400,2436,459708.600,GPS标准时间,FINESTEERING,SOL_COMPUTED,SINGLE,22,13,13,13,BESTGNSSPOSA
0703002-0918-15-42-gnss_raw.txt,255.500,2436,459708.700,GPS标准时间,FINESTEERING,SOL_COMPUTED,SINGLE,22,13,13,13,BESTGNSSPOSA
0703002-0918-15-42-gnss_raw.txt,255.600,2436,459708.800,GPS标准时间,FINESTEERING,SOL_COMPUTED,SINGLE,22,13,13,13,BESTGNSSPOSA
0703002-0918-15-42-gnss_raw.txt,255.700,2436,459708.900,GPS标准时间,FINESTEERING,SOL_COMPUTED,SINGLE,22,13,13,13,BESTGNSSPOSA
0703002-0918-15-42-gnss_raw.txt,255.800,2436,459709.000,GPS标准时间,FINESTEERING,SOL_COMPUTED,SINGLE,22,13,13,13,BESTGNSSPOSA
0703002-0918-15-42-gnss_raw.txt,255.900,2436,459709.100,GPS标准时间,FINESTEERING,SOL_COMPUTED,SINGLE,22,13,13,13,BESTGNSSPOSA
0703002-0918-15-42-gnss_raw.txt,256.000,2436,459709.200,GPS标准时间,FINESTEERING,SOL_COMPUTED,SINGLE,22,12,12,12,BESTGNSSPOSA
0703002-0918-15-42-gnss_raw.txt,256.100,2436,459709.300,GPS标准时间,FINESTEERING,SOL_COMPUTED,SINGLE,22,13,13,13,BESTGNSSPOSA
0703002-0918-15-42-gnss_raw.txt,256.200,2436,459709.400,GPS标准时间,FINESTEERING,SOL_COMPUTED,SINGLE,22,13,13,13,BESTGNSSPOSA
0703002-0918-15-42-gnss_raw.txt,256.300,2436,459709.500,GPS标准时间,FINESTEERING,SOL_COMPUTED,SINGLE,22,13,13,13,BESTGNSSPOSA
0703002-0918-15-42-gnss_raw.txt,256.400,2436,459709.600,GPS标准时间,FINESTEERING,SOL_COMPUTED,SINGLE,22,13,13,13,BESTGNSSPOSA
0703002-0918-15-42-gnss_raw.txt,256.500,2436,459709.700,GPS标准时间,FINESTEERING,SOL_COMPUTED,SINGLE,22,13,13,13,BESTGNSSPOSA
0703002-0918-15-42-gnss_raw.txt,256.600,2436,459709.800,GPS标准时间,FINESTEERING,SOL_COMPUTED,SINGLE,22,13,13,13,BESTGNSSPOSA
0703002-0918-15-42-gnss_raw.txt,256.700,2436,459709.900,GPS标准时间,FINESTEERING,SOL_COMPUTED,SINGLE,22,13,13,13,BESTGNSSPOSA
0703002-0918-15-42-gnss_raw.txt,256.800,2436,459710.000,GPS标准时间,FINESTEERING,SOL_COMPUTED,SINGLE,22,13,13,13,BESTGNSSPOSA
0703002-0918-15-42-gnss_raw.txt,256.900,2436,459710.100,GPS标准时间,FINESTEERING,SOL_COMPUTED,SINGLE,22,12,12,12,BESTGNSSPOSA
0703002-0918-15-42-gnss_raw.txt,257.000,2436,459710.200,GPS标准时间,FINESTEERING,SOL_COMPUTED,SINGLE,22,13,13,13,BESTGNSSPOSA
0703002-0918-15-42-gnss_raw.txt,257.100,2436,459710.300,GPS标准时间,FINESTEERING,SOL_COMPUTED,SINGLE,22,13,13,13,BESTGNSSPOSA
0703002-0918-15-42-gnss_raw.txt,257.200,2436,459710.400,GPS标准时间,FINESTEERING,SOL_COMPUTED,SINGLE,22,13,13,13,BESTGNSSPOSA
0703002-0918-15-42-gnss_raw.txt,257.300,2436,459710.500,GPS标准时间,FINESTEERING,SOL_COMPUTED,SINGLE,22,13,13,13,BESTGNSSPOSA
0703002-0918-15-42-gnss_raw.txt,257.400,2436,459710.600,GPS标准时间,FINESTEERING,SOL_COMPUTED,SINGLE,22,13,13,13,BESTGNSSPOSA
0703002-0918-15-42-gnss_raw.txt,257.500,2436,459710.700,GPS标准时间,FINESTEERING,SOL_COMPUTED,SINGLE,22,13,13,13,BESTGNSSPOSA
0703002-0918-15-42-gnss_raw.txt,257.600,2436,459710.800,GPS标准时间,FINESTEERING,SOL_COMPUTED,SINGLE,22,13,13,13,BESTGNSSPOSA
0703002-0918-15-42-gnss_raw.txt,257.700,2436,459710.900,GPS标准时间,FINESTEERING,SOL_COMPUTED,SINGLE,22,13,13,13,BESTGNSSPOSA
0703002-0918-15-42-gnss_raw.txt,257.800,2436,459711.000,GPS标准时间,FINESTEERING,SOL_COMPUTED,SINGLE,22,13,13,13,BESTGNSSPOSA
0703002-0918-15-42-gnss_raw.txt,257.900,2436,459711.100,GPS标准时间,FINESTEERING,SOL_COMPUTED,SINGLE,22,13,13,13,BESTGNSSPOSA
0703002-0918-15-42-gnss_raw.txt,258.000,2436,459711.200,GPS标准时间,FINESTEERING,SOL_COMPUTED,SINGLE,22,13,13,13,BESTGNSSPOSA
0703002-0918-15-42-gnss_raw.txt,258.100,2436,459711.300,GPS标准时间,FINESTEERING,SOL_COMPUTED,SINGLE,22,13,13,13,BESTGNSSPOSA
0703002-0918-15-42-gnss_raw.txt,258.200,2436,459711.400,GPS标准时间,FINESTEERING,SOL_COMPUTED,SINGLE,22,13,13,13,BESTGNSSPOSA
0703002-0918-15-42-gnss_raw.txt,258.300,2436,459711.500,GPS标准时间,FINESTEERING,SOL_COMPUTED,SINGLE,22,13,13,13,BESTGNSSPOSA
0703002-0918-15-42-gnss_raw.txt,258.400,2436,459711.600,GPS标准时间,FINESTEERING,SOL_COMPUTED,SINGLE,22,13,13,13,BESTGNSSPOSA
0703002-0918-15-42-gnss_raw.txt,258.500,2436,459711.700,GPS标准时间,FINESTEERING,SOL_COMPUTED,SINGLE,22,13,13,13,BESTGNSSPOSA
0703002-0918-15-42-gnss_raw.txt,258.600,2436,459711.800,GPS标准时间,FINESTEERING,SOL_COMPUTED,SINGLE,22,13,13,13,BESTGNSSPOSA
0703002-0918-15-42-gnss_raw.txt,258.700,2436,459711.900,GPS标准时间,FINESTEERING,SOL_COMPUTED,SINGLE,22,13,13,13,BESTGNSSPOSA
0703002-0918-15-42-gnss_raw.txt,258.800,2436,459712.000,GPS标准时间,FINESTEERING,SOL_COMPUTED,SINGLE,22,13,13,13,BESTGNSSPOSA
0703002-0918-15-42-gnss_raw.txt,258.900,2436,459712.100,GPS标准时间,FINESTEERING,SOL_COMPUTED,SINGLE,22,13,13,13,BESTGNSSPOSA
0703002-0918-15-42-gnss_raw.txt,259.000,2436,459712.200,GPS标准时间,FINESTEERING,SOL_COMPUTED,SINGLE,22,13,13,13,BESTGNSSPOSA
0703002-0918-15-42-gnss_raw.txt,259.100,2436,459712.300,GPS标准时间,FINESTEERING,SOL_COMPUTED,SINGLE,22,13,13,13,BESTGNSSPOSA
0703002-0918-15-42-gnss_raw.txt,259.200,2436,459712.400,GPS标准时间,FINESTEERING,SOL_COMPUTED,SINGLE,22,13,13,13,BESTGNSSPOSA
0703002-0918-15-42-gnss_raw.txt,259.300,2436,459712.500,GPS标准时间,FINESTEERING,SOL_COMPUTED,SINGLE,22,13,13,13,BESTGNSSPOSA
0703002-0918-15-42-gnss_raw.txt,259.400,2436,459712.600,GPS标准时间,FINESTEERING,SOL_COMPUTED,SINGLE,22,13,13,13,BESTGNSSPOSA
0703002-0918-15-42-gnss_raw.txt,259.500,2436,459712.700,GPS标准时间,FINESTEERING,SOL_COMPUTED,SINGLE,22,13,13,13,BESTGNSSPOSA
0703002-0918-15-42-gnss_raw.txt,259.600,2436,459712.800,GPS标准时间,FINESTEERING,SOL_COMPUTED,SINGLE,22,13,13,13,BESTGNSSPOSA
0703002-0918-15-42-gnss_raw.txt,259.700,2436,459712.900,GPS标准时间,FINESTEERING,SOL_COMPUTED,SINGLE,22,13,13,13,BESTGNSSPOSA
0703002-0918-15-42-gnss_raw.txt,259.800,2436,459713.000,GPS标准时间,FINESTEERING,SOL_COMPUTED,SINGLE,22,13,13,13,BESTGNSSPOSA
0703002-0918-15-42-gnss_raw.txt,259.900,2436,459713.100,GPS标准时间,FINESTEERING,SOL_COMPUTED,SINGLE,22,13,13,13,BESTGNSSPOSA
0703002-0918-15-42-gnss_raw.txt,260.000,2436,459713.200,GPS标准时间,FINESTEERING,SOL_COMPUTED,SINGLE,22,13,13,13,BESTGNSSPOSA
0703002-0918-15-42-gnss_raw.txt,260.100,2436,459713.300,GPS标准时间,FINESTEERING,SOL_COMPUTED,SINGLE,22,13,13,13,BESTGNSSPOSA
0703002-0918-15-42-gnss_raw.txt,260.200,2436,459713.400,GPS标准时间,FINESTEERING,SOL_COMPUTED,SINGLE,22,13,13,13,BESTGNSSPOSA
0703002-0918-15-42-gnss_raw.txt,260.300,2436,459713.500,GPS标准时间,FINESTEERING,SOL_COMPUTED,SINGLE,22,13,13,13,BESTGNSSPOSA
0703002-0918-15-42-gnss_raw.txt,260.400,2436,459713.600,GPS标准时间,FINESTEERING,SOL_COMPUTED,SINGLE,22,13,13,13,BESTGNSSPOSA
0703002-0918-15-42-gnss_raw.txt,260.500,2436,459713.700,GPS标准时间,FINESTEERING,SOL_COMPUTED,SINGLE,22,13,13,13,BESTGNSSPOSA
0703002-0918-15-42-gnss_raw.txt,260.600,2436,459713.800,GPS标准时间,FINESTEERING,SOL_COMPUTED,SINGLE,22,13,13,13,BESTGNSSPOSA
0703002-0918-15-42-gnss_raw.txt,260.700,2436,459713.900,GPS标准时间,FINESTEERING,SOL_COMPUTED,SINGLE,22,13,13,13,BESTGNSSPOSA
0703002-0918-15-42-gnss_raw.txt,260.800,2436,459714.000,GPS标准时间,FINESTEERING,SOL_COMPUTED,SINGLE,22,13,13,13,BESTGNSSPOSA
0703002-0918-15-42-gnss_raw.txt,260.900,2436,459714.100,GPS标准时间,FINESTEERING,SOL_COMPUTED,SINGLE,22,13,13,13,BESTGNSSPOSA
0703002-0918-15-42-gnss_raw.txt,261.000,2436,459714.200,GPS标准时间,FINESTEERING,SOL_COMPUTED,SINGLE,22,13,13,13,BESTGNSSPOSA
0703002-0918-15-42-gnss_raw.txt,261.100,2436,459714.300,GPS标准时间,FINESTEERING,SOL_COMPUTED,SINGLE,22,13,13,13,BESTGNSSPOSA
0703002-0918-15-42-gnss_raw.txt,261.200,2436,459714.400,GPS标准时间,FINESTEERING,SOL_COMPUTED,SINGLE,22,13,13,13,BESTGNSSPOSA
0703002-0918-15-42-gnss_raw.txt,261.300,2436,459714.500,GPS标准时间,FINESTEERING,SOL_COMPUTED,SINGLE,22,13,13,13,BESTGNSSPOSA
0703002-0918-15-42-gnss_raw.txt,261.400,2436,459714.600,GPS标准时间,FINESTEERING,SOL_COMPUTED,SINGLE,22,13,13,13,BESTGNSSPOSA
0703002-0918-15-42-gnss_raw.txt,261.500,2436,459714.700,GPS标准时间,FINESTEERING,SOL_COMPUTED,SINGLE,22,12,12,12,BESTGNSSPOSA
0703002-0918-15-42-gnss_raw.txt,261.600,2436,459714.800,GPS标准时间,FINESTEERING,SOL_COMPUTED,SINGLE,22,13,13,13,BESTGNSSPOSA
0703002-0918-15-42-gnss_raw.txt,261.700,2436,459714.900,GPS标准时间,FINESTEERING,SOL_COMPUTED,SINGLE,22,13,13,13,BESTGNSSPOSA
0703002-0918-15-42-gnss_raw.txt,261.800,2436,459715.000,GPS标准时间,FINESTEERING,SOL_COMPUTED,SINGLE,22,13,13,13,BESTGNSSPOSA
0703002-0918-15-42-gnss_raw.txt,261.900,2436,459715.100,GPS标准时间,FINESTEERING,SOL_COMPUTED,SINGLE,22,13,13,13,BESTGNSSPOSA
0703002-0918-15-42-gnss_raw.txt,262.000,2436,459715.200,GPS标准时间,FINESTEERING,SOL_COMPUTED,SINGLE,22,13,13,13,BESTGNSSPOSA
0703002-0918-15-42-gnss_raw.txt,262.100,2436,459715.300,GPS标准时间,FINESTEERING,SOL_COMPUTED,SINGLE,22,13,13,13,BESTGNSSPOSA
0703002-0918-15-42-gnss_raw.txt,262.200,2436,459715.400,GPS标准时间,FINESTEERING,SOL_COMPUTED,SINGLE,22,12,12,12,BESTGNSSPOSA
0703002-0918-15-42-gnss_raw.txt,262.300,2436,459715.500,GPS标准时间,FINESTEERING,SOL_COMPUTED,SINGLE,22,13,13,13,BESTGNSSPOSA
0703002-0918-15-42-gnss_raw.txt,262.400,2436,459715.600,GPS标准时间,FINESTEERING,SOL_COMPUTED,SINGLE,22,13,13,13,BESTGNSSPOSA
0703002-0918-15-42-gnss_raw.txt,262.500,2436,459715.700,GPS标准时间,FINESTEERING,SOL_COMPUTED,SINGLE,22,13,13,13,BESTGNSSPOSA
0703002-0918-15-42-gnss_raw.txt,262.600,2436,459715.800,GPS标准时间,FINESTEERING,SOL_COMPUTED,SINGLE,22,13,13,13,BESTGNSSPOSA
0703002-0918-15-42-gnss_raw.txt,262.700,2436,459715.900,GPS标准时间,FINESTEERING,SOL_COMPUTED,SINGLE,22,13,13,13,BESTGNSSPOSA
0703002-0918-15-42-gnss_raw.txt,262.800,2436,459716.000,GPS标准时间,FINESTEERING,SOL_COMPUTED,SINGLE,22,13,13,13,BESTGNSSPOSA
0703002-0918-15-42-gnss_raw.txt,262.900,2436,459716.100,GPS标准时间,FINESTEERING,SOL_COMPUTED,SINGLE,22,13,13,13,BESTGNSSPOSA
0703002-0918-15-42-gnss_raw.txt,263.000,2436,459716.200,GPS标准时间,FINESTEERING,SOL_COMPUTED,SINGLE,22,13,13,13,BESTGNSSPOSA
0703002-0918-15-42-gnss_raw.txt,263.100,2436,459716.300,GPS标准时间,FINESTEERING,SOL_COMPUTED,SINGLE,22,13,13,13,BESTGNSSPOSA
0703002-0918-15-42-gnss_raw.txt,263.200,2436,459716.400,GPS标准时间,FINESTEERING,SOL_COMPUTED,SINGLE,22,13,13,13,BESTGNSSPOSA
0703002-0918-15-42-gnss_raw.txt,263.300,2436,459716.500,GPS标准时间,FINESTEERING,SOL_COMPUTED,SINGLE,22,13,13,13,BESTGNSSPOSA
0703002-0918-15-42-gnss_raw.txt,263.400,2436,459716.600,GPS标准时间,FINESTEERING,SOL_COMPUTED,SINGLE,22,13,13,13,BESTGNSSPOSA
0703002-0918-15-42-gnss_raw.txt,263.500,2436,459716.700,GPS标准时间,FINESTEERING,SOL_COMPUTED,SINGLE,22,13,13,13,BESTGNSSPOSA
0703002-0918-15-42-gnss_raw.txt,263.600,2436,459716.800,GPS标准时间,FINESTEERING,SOL_COMPUTED,SINGLE,22,13,13,13,BESTGNSSPOSA
0703002-0918-15-42-gnss_raw.txt,263.700,2436,459716.900,GPS标准时间,FINESTEERING,SOL_COMPUTED,SINGLE,22,13,13,13,BESTGNSSPOSA
0703002-0918-15-42-gnss_raw.txt,263.800,2436,459717.000,GPS标准时间,FINESTEERING,SOL_COMPUTED,SINGLE,22,13,13,13,BESTGNSSPOSA
0703002-0918-15-42-gnss_raw.txt,263.900,2436,459717.100,GPS标准时间,FINESTEERING,SOL_COMPUTED,SINGLE,22,13,13,13,BESTGNSSPOSA
0703002-0918-15-42-gnss_raw.txt,264.000,2436,459717.200,GPS标准时间,FINESTEERING,SOL_COMPUTED,SINGLE,22,13,13,13,BESTGNSSPOSA
0703002-0918-15-42-gnss_raw.txt,264.100,2436,459717.300,GPS标准时间,FINESTEERING,SOL_COMPUTED,SINGLE,22,13,13,13,BESTGNSSPOSA
0703002-0918-15-42-gnss_raw.txt,264.200,2436,459717.400,GPS标准时间,FINESTEERING,SOL_COMPUTED,SINGLE,22,13,13,13,BESTGNSSPOSA
0703002-0918-15-42-gnss_raw.txt,264.300,2436,459717.500,GPS标准时间,FINESTEERING,SOL_COMPUTED,SINGLE,22,13,13,13,BESTGNSSPOSA
0703002-0918-15-42-gnss_raw.txt,264.400,2436,459717.600,GPS标准时间,FINESTEERING,SOL_COMPUTED,SINGLE,22,13,13,13,BESTGNSSPOSA
0703002-0918-15-42-gnss_raw.txt,264.500,2436,459717.700,GPS标准时间,FINESTEERING,SOL_COMPUTED,SINGLE,22,13,13,13,BESTGNSSPOSA
0703002-0918-15-42-gnss_raw.txt,264.600,2436,459717.800,GPS标准时间,FINESTEERING,SOL_COMPUTED,SINGLE,22,13,13,13,BESTGNSSPOSA
0703002-0918-15-42-gnss_raw.txt,264.700,2436,459717.900,GPS标准时间,FINESTEERING,SOL_COMPUTED,SINGLE,22,13,13,13,BESTGNSSPOSA
0703002-0918-15-42-gnss_raw.txt,264.800,2436,459718.000,GPS标准时间,FINESTEERING,SOL_COMPUTED,SINGLE,22,13,13,13,BESTGNSSPOSA
0703002-0918-15-42-gnss_raw.txt,264.900,2436,459718.100,GPS标准时间,FINESTEERING,SOL_COMPUTED,SINGLE,22,13,13,13,BESTGNSSPOSA
0703002-0918-15-42-gnss_raw.txt,265.000,2436,459718.200,GPS标准时间,FINESTEERING,SOL_COMPUTED,SINGLE,22,13,13,13,BESTGNSSPOSA
0703002-0918-15-42-gnss_raw.txt,265.100,2436,459718.300,GPS标准时间,FINESTEERING,SOL_COMPUTED,SINGLE,22,13,13,13,BESTGNSSPOSA
0703002-0918-15-42-gnss_raw.txt,265.200,2436,459718.400,GPS标准时间,FINESTEERING,SOL_COMPUTED,SINGLE,22,13,13,13,BESTGNSSPOSA
0703002-0918-15-42-gnss_raw.txt,265.300,2436,459718.500,GPS标准时间,FINESTEERING,SOL_COMPUTED,SINGLE,22,13,13,13,BESTGNSSPOSA
0703002-0918-15-42-gnss_raw.txt,265.400,2436,459718.600,GPS标准时间,FINESTEERING,SOL_COMPUTED,SINGLE,22,13,13,13,BESTGNSSPOSA
0703002-0918-15-42-gnss_raw.txt,265.500,2436,459718.700,GPS标准时间,FINESTEERING,SOL_COMPUTED,SINGLE,22,13,13,13,BESTGNSSPOSA
0703002-0918-15-42-gnss_raw.txt,265.600,2436,459718.800,GPS标准时间,FINESTEERING,SOL_COMPUTED,SINGLE,22,13,13,13,BESTGNSSPOSA
0703002-0918-15-42-gnss_raw.txt,265.700,2436,459718.900,GPS标准时间,FINESTEERING,SOL_COMPUTED,SINGLE,22,13,13,13,BESTGNSSPOSA
0703002-0918-15-42-gnss_raw.txt,265.800,2436,459719.000,GPS标准时间,FINESTEERING,SOL_COMPUTED,SINGLE,22,13,13,13,BESTGNSSPOSA
0703002-0918-15-42-gnss_raw.txt,265.900,2436,459719.100,GPS标准时间,FINESTEERING,SOL_COMPUTED,SINGLE,22,13,13,13,BESTGNSSPOSA
0703002-0918-15-42-gnss_raw.txt,266.000,2436,459719.200,GPS标准时间,FINESTEERING,SOL_COMPUTED,SINGLE,22,13,13,13,BESTGNSSPOSA
0703002-0918-15-42-gnss_raw.txt,266.100,2436,459719.300,GPS标准时间,FINESTEERING,SOL_COMPUTED,SINGLE,22,13,13,13,BESTGNSSPOSA
0703002-0918-15-42-gnss_raw.txt,266.200,2436,459719.400,GPS标准时间,FINESTEERING,SOL_COMPUTED,SINGLE,22,13,13,13,BESTGNSSPOSA
0703002-0918-15-42-gnss_raw.txt,266.300,2436,459719.500,GPS标准时间,FINESTEERING,SOL_COMPUTED,SINGLE,22,13,13,13,BESTGNSSPOSA
0703002-0918-15-42-gnss_raw.txt,266.400,2436,459719.600,GPS标准时间,FINESTEERING,SOL_COMPUTED,SINGLE,22,13,13,13,BESTGNSSPOSA
0703002-0918-15-42-gnss_raw.txt,266.500,2436,459719.700,GPS标准时间,FINESTEERING,SOL_COMPUTED,SINGLE,22,13,13,13,BESTGNSSPOSA
0703002-0918-15-42-gnss_raw.txt,266.600,2436,459719.800,GPS标准时间,FINESTEERING,SOL_COMPUTED,SINGLE,22,13,13,13,BESTGNSSPOSA
0703002-0918-15-42-gnss_raw.txt,266.700,2436,459719.900,GPS标准时间,FINESTEERING,SOL_COMPUTED,SINGLE,22,13,13,13,BESTGNSSPOSA
0703002-0918-15-42-gnss_raw.txt,266.800,2436,459720.000,GPS标准时间,FINESTEERING,SOL_COMPUTED,SINGLE,22,13,13,13,BESTGNSSPOSA
0703002-0918-15-42-gnss_raw.txt,266.900,2436,459720.100,GPS标准时间,FINESTEERING,SOL_COMPUTED,SINGLE,22,13,13,13,BESTGNSSPOSA
0703002-0918-15-42-gnss_raw.txt,267.000,2436,459720.200,GPS标准时间,FINESTEERING,SOL_COMPUTED,SINGLE,22,13,13,13,BESTGNSSPOSA
0703002-0918-15-42-gnss_raw.txt,267.100,2436,459720.300,GPS标准时间,FINESTEERING,SOL_COMPUTED,SINGLE,22,13,13,13,BESTGNSSPOSA
0703002-0918-15-42-gnss_raw.txt,267.200,2436,459720.400,GPS标准时间,FINESTEERING,SOL_COMPUTED,SINGLE,22,13,13,13,BESTGNSSPOSA
0703002-0918-15-42-gnss_raw.txt,267.300,2436,459720.500,GPS标准时间,FINESTEERING,SOL_COMPUTED,SINGLE,22,13,13,13,BESTGNSSPOSA
0703002-0918-15-42-gnss_raw.txt,267.400,2436,459720.600,GPS标准时间,FINESTEERING,SOL_COMPUTED,SINGLE,22,13,13,13,BESTGNSSPOSA
0703002-0918-15-42-gnss_raw.txt,267.500,2436,459720.700,GPS标准时间,FINESTEERING,SOL_COMPUTED,SINGLE,22,12,12,12,BESTGNSSPOSA
0703002-0918-15-42-gnss_raw.txt,267.600,2436,459720.800,GPS标准时间,FINESTEERING,SOL_COMPUTED,SINGLE,22,13,13,13,BESTGNSSPOSA
0703002-0918-15-42-gnss_raw.txt,267.700,2436,459720.900,GPS标准时间,FINESTEERING,SOL_COMPUTED,SINGLE,22,13,13,13,BESTGNSSPOSA
0703002-0918-15-42-gnss_raw.txt,267.800,2436,459721.000,GPS标准时间,FINESTEERING,SOL_COMPUTED,SINGLE,22,13,13,13,BESTGNSSPOSA
0703002-0918-15-42-gnss_raw.txt,267.900,2436,459721.100,GPS标准时间,FINESTEERING,SOL_COMPUTED,SINGLE,22,13,13,13,BESTGNSSPOSA
0703002-0918-15-42-gnss_raw.txt,268.000,2436,459721.200,GPS标准时间,FINESTEERING,SOL_COMPUTED,SINGLE,22,13,13,13,BESTGNSSPOSA
0703002-0918-15-42-gnss_raw.txt,268.100,2436,459721.300,GPS标准时间,FINESTEERING,SOL_COMPUTED,SINGLE,22,13,13,13,BESTGNSSPOSA
0703002-0918-15-42-gnss_raw.txt,268.200,2436,459721.400,GPS标准时间,FINESTEERING,SOL_COMPUTED,SINGLE,22,13,13,13,BESTGNSSPOSA
0703002-0918-15-42-gnss_raw.txt,268.300,2436,459721.500,GPS标准时间,FINESTEERING,SOL_COMPUTED,SINGLE,22,13,13,13,BESTGNSSPOSA
0703002-0918-15-42-gnss_raw.txt,268.400,2436,459721.600,GPS标准时间,FINESTEERING,SOL_COMPUTED,SINGLE,22,13,13,13,BESTGNSSPOSA
0703002-0918-15-42-gnss_raw.txt,268.500,2436,459721.700,GPS标准时间,FINESTEERING,SOL_COMPUTED,SINGLE,22,13,13,13,BESTGNSSPOSA
0703002-0918-15-42-gnss_raw.txt,268.600,2436,459721.800,GPS标准时间,FINESTEERING,SOL_COMPUTED,SINGLE,22,13,13,13,BESTGNSSPOSA
0703002-0918-15-42-gnss_raw.txt,268.700,2436,459721.900,GPS标准时间,FINESTEERING,SOL_COMPUTED,SINGLE,22,13,13,13,BESTGNSSPOSA
0703002-0918-15-42-gnss_raw.txt,268.800,2436,459722.000,GPS标准时间,FINESTEERING,SOL_COMPUTED,SINGLE,22,13,13,13,BESTGNSSPOSA
0703002-0918-15-42-gnss_raw.txt,268.900,2436,459722.100,GPS标准时间,FINESTEERING,SOL_COMPUTED,SINGLE,22,14,14,14,BESTGNSSPOSA
0703002-0918-15-42-gnss_raw.txt,269.000,2436,459722.200,GPS标准时间,FINESTEERING,SOL_COMPUTED,SINGLE,22,14,14,14,BESTGNSSPOSA
0703002-0918-15-42-gnss_raw.txt,269.100,2436,459722.300,GPS标准时间,FINESTEERING,SOL_COMPUTED,SINGLE,22,14,14,14,BESTGNSSPOSA
0703002-0918-15-42-gnss_raw.txt,269.200,2436,459722.400,GPS标准时间,FINESTEERING,SOL_COMPUTED,SINGLE,22,13,13,13,BESTGNSSPOSA
0703002-0918-15-42-gnss_raw.txt,269.300,2436,459722.500,GPS标准时间,FINESTEERING,SOL_COMPUTED,SINGLE,22,13,13,13,BESTGNSSPOSA
0703002-0918-15-42-gnss_raw.txt,269.400,2436,459722.600,GPS标准时间,FINESTEERING,SOL_COMPUTED,SINGLE,22,13,13,13,BESTGNSSPOSA
0703002-0918-15-42-gnss_raw.txt,269.500,2436,459722.700,GPS标准时间,FINESTEERING,SOL_COMPUTED,SINGLE,22,13,13,13,BESTGNSSPOSA
0703002-0918-15-42-gnss_raw.txt,269.600,2436,459722.800,GPS标准时间,FINESTEERING,SOL_COMPUTED,SINGLE,22,13,13,13,BESTGNSSPOSA
0703002-0918-15-42-gnss_raw.txt,269.700,2436,459722.900,GPS标准时间,FINESTEERING,SOL_COMPUTED,SINGLE,22,13,13,13,BESTGNSSPOSA
0703002-0918-15-42-gnss_raw.txt,269.800,2436,459723.000,GPS标准时间,FINESTEERING,SOL_COMPUTED,SINGLE,22,13,13,13,BESTGNSSPOSA
0703002-0918-15-42-gnss_raw.txt,269.900,2436,459723.100,GPS标准时间,FINESTEERING,SOL_COMPUTED,SINGLE,22,12,12,12,BESTGNSSPOSA
0703002-0918-15-42-gnss_raw.txt,270.000,2436,459723.200,GPS标准时间,FINESTEERING,SOL_COMPUTED,SINGLE,22,12,12,12,BESTGNSSPOSA
0703002-0918-15-42-gnss_raw.txt,270.100,2436,459723.300,GPS标准时间,FINESTEERING,SOL_COMPUTED,SINGLE,22,12,12,12,BESTGNSSPOSA
0703002-0918-15-42-gnss_raw.txt,270.200,2436,459723.400,GPS标准时间,FINESTEERING,SOL_COMPUTED,SINGLE,22,12,12,12,BESTGNSSPOSA
0703002-0918-15-42-gnss_raw.txt,270.300,2436,459723.500,GPS标准时间,FINESTEERING,SOL_COMPUTED,SINGLE,22,12,12,12,BESTGNSSPOSA
0703002-0918-15-42-gnss_raw.txt,270.400,2436,459723.600,GPS标准时间,FINESTEERING,SOL_COMPUTED,SINGLE,22,12,12,12,BESTGNSSPOSA
0703002-0918-15-42-gnss_raw.txt,270.500,2436,459723.700,GPS标准时间,FINESTEERING,SOL_COMPUTED,SINGLE,22,12,12,12,BESTGNSSPOSA
0703002-0918-15-42-gnss_raw.txt,270.600,2436,459723.800,GPS标准时间,FINESTEERING,SOL_COMPUTED,SINGLE,22,12,12,12,BESTGNSSPOSA
0703002-0918-15-42-gnss_raw.txt,270.700,2436,459723.900,GPS标准时间,FINESTEERING,SOL_COMPUTED,SINGLE,22,12,12,12,BESTGNSSPOSA
0703002-0918-15-42-gnss_raw.txt,270.800,2436,459724.000,GPS标准时间,FINESTEERING,SOL_COMPUTED,SINGLE,22,12,12,12,BESTGNSSPOSA
0703002-0918-15-42-gnss_raw.txt,270.900,2436,459724.100,GPS标准时间,FINESTEERING,SOL_COMPUTED,SINGLE,22,12,12,12,BESTGNSSPOSA
0703002-0918-15-42-gnss_raw.txt,271.000,2436,459724.200,GPS标准时间,FINESTEERING,SOL_COMPUTED,SINGLE,22,12,12,12,BESTGNSSPOSA
0703002-0918-15-42-gnss_raw.txt,271.100,2436,459724.300,GPS标准时间,FINESTEERING,SOL_COMPUTED,SINGLE,22,12,12,12,BESTGNSSPOSA
0703002-0918-15-42-gnss_raw.txt,271.200,2436,459724.400,GPS标准时间,FINESTEERING,SOL_COMPUTED,SINGLE,22,12,12,12,BESTGNSSPOSA
0703002-0918-15-42-gnss_raw.txt,271.300,2436,459724.500,GPS标准时间,FINESTEERING,SOL_COMPUTED,SINGLE,22,12,12,12,BESTGNSSPOSA
0703002-0918-15-42-gnss_raw.txt,271.400,2436,459724.600,GPS标准时间,FINESTEERING,SOL_COMPUTED,SINGLE,22,12,12,12,BESTGNSSPOSA
0703002-0918-15-42-gnss_raw.txt,271.500,2436,459724.700,GPS标准时间,FINESTEERING,SOL_COMPUTED,SINGLE,22,12,12,12,BESTGNSSPOSA
0703002-0918-15-42-gnss_raw.txt,271.600,2436,459724.800,GPS标准时间,FINESTEERING,SOL_COMPUTED,SINGLE,22,12,12,12,BESTGNSSPOSA
0703002-0918-15-42-gnss_raw.txt,271.700,2436,459724.900,GPS标准时间,FINESTEERING,SOL_COMPUTED,SINGLE,22,13,13,13,BESTGNSSPOSA
0703002-0918-15-42-gnss_raw.txt,271.800,2436,459725.000,GPS标准时间,FINESTEERING,SOL_COMPUTED,SINGLE,22,13,13,13,BESTGNSSPOSA
0703002-0918-15-42-gnss_raw.txt,271.900,2436,459725.100,GPS标准时间,FINESTEERING,SOL_COMPUTED,SINGLE,22,13,13,13,BESTGNSSPOSA
0703002-0918-15-42-gnss_raw.txt,272.000,2436,459725.200,GPS标准时间,FINESTEERING,SOL_COMPUTED,SINGLE,22,12,12,12,BESTGNSSPOSA
0703002-0918-15-42-gnss_raw.txt,272.100,2436,459725.300,GPS标准时间,FINESTEERING,SOL_COMPUTED,SINGLE,22,12,12,12,BESTGNSSPOSA
0703002-0918-15-42-gnss_raw.txt,272.200,2436,459725.400,GPS标准时间,FINESTEERING,SOL_COMPUTED,SINGLE,22,12,12,12,BESTGNSSPOSA
0703002-0918-15-42-gnss_raw.txt,272.300,2436,459725.500,GPS标准时间,FINESTEERING,SOL_COMPUTED,SINGLE,22,13,13,13,BESTGNSSPOSA
0703002-0918-15-42-gnss_raw.txt,272.400,2436,459725.600,GPS标准时间,FINESTEERING,SOL_COMPUTED,SINGLE,22,13,13,13,BESTGNSSPOSA
0703002-0918-15-42-gnss_raw.txt,272.500,2436,459725.700,GPS标准时间,FINESTEERING,SOL_COMPUTED,SINGLE,22,16,16,16,BESTGNSSPOSA
0703002-0918-15-42-gnss_raw.txt,272.600,2436,459725.800,GPS标准时间,FINESTEERING,SOL_COMPUTED,SINGLE,22,15,15,15,BESTGNSSPOSA
0703002-0918-15-42-gnss_raw.txt,272.700,2436,459725.900,GPS标准时间,FINESTEERING,SOL_COMPUTED,SINGLE,22,16,16,16,BESTGNSSPOSA
0703002-0918-15-42-gnss_raw.txt,272.800,2436,459726.000,GPS标准时间,FINESTEERING,SOL_COMPUTED,SINGLE,22,15,15,15,BESTGNSSPOSA
0703002-0918-15-42-gnss_raw.txt,272.900,2436,459726.100,GPS标准时间,FINESTEERING,SOL_COMPUTED,SINGLE,22,16,16,16,BESTGNSSPOSA
0703002-0918-15-42-gnss_raw.txt,273.000,2436,459726.200,GPS标准时间,FINESTEERING,SOL_COMPUTED,SINGLE,22,16,16,16,BESTGNSSPOSA
0703002-0918-15-42-gnss_raw.txt,273.100,2436,459726.300,GPS标准时间,FINESTEERING,SOL_COMPUTED,SINGLE,22,15,15,15,BESTGNSSPOSA
0703002-0918-15-42-gnss_raw.txt,273.200,2436,459726.400,GPS标准时间,FINESTEERING,SOL_COMPUTED,SINGLE,22,15,15,15,BESTGNSSPOSA
0703002-0918-15-42-gnss_raw.txt,273.300,2436,459726.500,GPS标准时间,FINESTEERING,SOL_COMPUTED,SINGLE,22,16,16,16,BESTGNSSPOSA
0703002-0918-15-42-gnss_raw.txt,273.400,2436,459726.600,GPS标准时间,FINESTEERING,SOL_COMPUTED,SINGLE,22,14,14,14,BESTGNSSPOSA
0703002-0918-15-42-gnss_raw.txt,273.500,2436,459726.700,GPS标准时间,FINESTEERING,SOL_COMPUTED,SINGLE,22,14,14,14,BESTGNSSPOSA
0703002-0918-15-42-gnss_raw.txt,273.600,2436,459726.800,GPS标准时间,FINESTEERING,SOL_COMPUTED,SINGLE,22,14,14,14,BESTGNSSPOSA
0703002-0918-15-42-gnss_raw.txt,273.700,2436,459726.900,GPS标准时间,FINESTEERING,SOL_COMPUTED,SINGLE,22,15,15,15,BESTGNSSPOSA
0703002-0918-15-42-gnss_raw.txt,273.800,2436,459727.000,GPS标准时间,FINESTEERING,SOL_COMPUTED,SINGLE,22,14,14,14,BESTGNSSPOSA
0703002-0918-15-42-gnss_raw.txt,273.900,2436,459727.100,GPS标准时间,FINESTEERING,SOL_COMPUTED,SINGLE,22,14,14,14,BESTGNSSPOSA
0703002-0918-15-42-gnss_raw.txt,274.000,2436,459727.200,GPS标准时间,FINESTEERING,SOL_COMPUTED,SINGLE,22,16,16,16,BESTGNSSPOSA
0703002-0918-15-42-gnss_raw.txt,274.100,2436,459727.300,GPS标准时间,FINESTEERING,SOL_COMPUTED,SINGLE,22,15,15,15,BESTGNSSPOSA
0703002-0918-15-42-gnss_raw.txt,274.200,2436,459727.400,GPS标准时间,FINESTEERING,SOL_COMPUTED,SINGLE,22,16,16,16,BESTGNSSPOSA
0703002-0918-15-42-gnss_raw.txt,274.300,2436,459727.500,GPS标准时间,FINESTEERING,SOL_COMPUTED,SINGLE,22,15,15,15,BESTGNSSPOSA
0703002-0918-15-42-gnss_raw.txt,274.400,2436,459727.600,GPS标准时间,FINESTEERING,SOL_COMPUTED,SINGLE,22,16,16,16,BESTGNSSPOSA
0703002-0918-15-42-gnss_raw.txt,274.500,2436,459727.700,GPS标准时间,FINESTEERING,SOL_COMPUTED,SINGLE,22,16,16,16,BESTGNSSPOSA
0703002-0918-15-42-gnss_raw.txt,274.600,2436,459727.800,GPS标准时间,FINESTEERING,SOL_COMPUTED,SINGLE,22,16,16,16,BESTGNSSPOSA
0703002-0918-15-42-gnss_raw.txt,274.700,2436,459727.900,GPS标准时间,FINESTEERING,SOL_COMPUTED,SINGLE,22,16,16,16,BESTGNSSPOSA
0703002-0918-15-42-gnss_raw.txt,274.800,2436,459728.000,GPS标准时间,FINESTEERING,SOL_COMPUTED,SINGLE,22,16,16,16,BESTGNSSPOSA
0703002-0918-15-42-gnss_raw.txt,274.900,2436,459728.100,GPS标准时间,FINESTEERING,SOL_COMPUTED,SINGLE,22,16,16,16,BESTGNSSPOSA
0703002-0918-15-42-gnss_raw.txt,275.000,2436,459728.200,GPS标准时间,FINESTEERING,SOL_COMPUTED,SINGLE,22,15,15,15,BESTGNSSPOSA
0703002-0918-15-42-gnss_raw.txt,275.100,2436,459728.300,GPS标准时间,FINESTEERING,SOL_COMPUTED,SINGLE,22,16,16,16,BESTGNSSPOSA
0703002-0918-15-42-gnss_raw.txt,275.200,2436,459728.400,GPS标准时间,FINESTEERING,SOL_COMPUTED,SINGLE,22,11,11,11,BESTGNSSPOSA
0703002-0918-15-42-gnss_raw.txt,275.300,2436,459728.500,GPS标准时间,FINESTEERING,SOL_COMPUTED,SINGLE,22,12,12,12,BESTGNSSPOSA
0703002-0918-15-42-gnss_raw.txt,275.400,2436,459728.600,GPS标准时间,FINESTEERING,SOL_COMPUTED,SINGLE,22,12,12,12,BESTGNSSPOSA
0703002-0918-15-42-gnss_raw.txt,275.500,2436,459728.700,GPS标准时间,FINESTEERING,SOL_COMPUTED,SINGLE,22,12,12,12,BESTGNSSPOSA
0703002-0918-15-42-gnss_raw.txt,275.600,2436,459728.800,GPS标准时间,FINESTEERING,SOL_COMPUTED,SINGLE,22,12,12,12,BESTGNSSPOSA
0703002-0918-15-42-gnss_raw.txt,275.700,2436,459728.900,GPS标准时间,FINESTEERING,SOL_COMPUTED,SINGLE,22,13,13,13,BESTGNSSPOSA
0703002-0918-15-42-gnss_raw.txt,275.800,2436,459729.000,GPS标准时间,FINESTEERING,SOL_COMPUTED,SINGLE,22,13,13,13,BESTGNSSPOSA
0703002-0918-15-42-gnss_raw.txt,275.900,2436,459729.100,GPS标准时间,FINESTEERING,SOL_COMPUTED,SINGLE,22,13,13,13,BESTGNSSPOSA
0703002-0918-15-42-gnss_raw.txt,276.000,2436,459729.200,GPS标准时间,FINESTEERING,SOL_COMPUTED,SINGLE,22,13,13,13,BESTGNSSPOSA
0703002-0918-15-42-gnss_raw.txt,276.100,2436,459729.300,GPS标准时间,FINESTEERING,SOL_COMPUTED,SINGLE,22,14,14,14,BESTGNSSPOSA
0703002-0918-15-42-gnss_raw.txt,276.200,2436,459729.400,GPS标准时间,FINESTEERING,SOL_COMPUTED,SINGLE,22,15,15,15,BESTGNSSPOSA
0703002-0918-15-42-gnss_raw.txt,276.300,2436,459729.500,GPS标准时间,FINESTEERING,SOL_COMPUTED,SINGLE,22,15,15,15,BESTGNSSPOSA
0703002-0918-15-42-gnss_raw.txt,276.400,2436,459729.600,GPS标准时间,FINESTEERING,SOL_COMPUTED,SINGLE,22,15,15,15,BESTGNSSPOSA
0703002-0918-15-42-gnss_raw.txt,276.500,2436,459729.700,GPS标准时间,FINESTEERING,SOL_COMPUTED,SINGLE,22,15,15,15,BESTGNSSPOSA
0703002-0918-15-42-gnss_raw.txt,276.600,2436,459729.800,GPS标准时间,FINESTEERING,SOL_COMPUTED,SINGLE,22,15,15,15,BESTGNSSPOSA
0703002-0918-15-42-gnss_raw.txt,276.700,2436,459729.900,GPS标准时间,FINESTEERING,SOL_COMPUTED,SINGLE,22,15,15,15,BESTGNSSPOSA
0703002-0918-15-42-gnss_raw.txt,276.800,2436,459730.000,GPS标准时间,FINESTEERING,SOL_COMPUTED,SINGLE,22,15,15,15,BESTGNSSPOSA
0703002-0918-15-42-gnss_raw.txt,276.900,2436,459730.100,GPS标准时间,FINESTEERING,SOL_COMPUTED,SINGLE,22,15,15,15,BESTGNSSPOSA
0703002-0918-15-42-gnss_raw.txt,277.000,2436,459730.200,GPS标准时间,FINESTEERING,SOL_COMPUTED,SINGLE,22,14,14,14,BESTGNSSPOSA
0703002-0918-15-42-gnss_raw.txt,277.100,2436,459730.300,GPS标准时间,FINESTEERING,SOL_COMPUTED,SINGLE,22,13,13,13,BESTGNSSPOSA
0703002-0918-15-42-gnss_raw.txt,277.200,2436,459730.400,GPS标准时间,FINESTEERING,SOL_COMPUTED,SINGLE,22,14,14,14,BESTGNSSPOSA
0703002-0918-15-42-gnss_raw.txt,277.300,2436,459730.500,GPS标准时间,FINESTEERING,SOL_COMPUTED,SINGLE,22,14,14,14,BESTGNSSPOSA
0703002-0918-15-42-gnss_raw.txt,277.400,2436,459730.600,GPS标准时间,FINESTEERING,SOL_COMPUTED,SINGLE,22,14,14,14,BESTGNSSPOSA
0703002-0918-15-42-gnss_raw.txt,277.500,2436,459730.700,GPS标准时间,FINESTEERING,SOL_COMPUTED,SINGLE,22,14,14,14,BESTGNSSPOSA
0703002-0918-15-42-gnss_raw.txt,277.600,2436,459730.800,GPS标准时间,FINESTEERING,SOL_COMPUTED,SINGLE,22,14,14,14,BESTGNSSPOSA
0703002-0918-15-42-gnss_raw.txt,277.700,2436,459730.900,GPS标准时间,FINESTEERING,SOL_COMPUTED,SINGLE,22,14,14,14,BESTGNSSPOSA
0703002-0918-15-42-gnss_raw.txt,277.800,2436,459731.000,GPS标准时间,FINESTEERING,SOL_COMPUTED,SINGLE,22,14,14,14,BESTGNSSPOSA
0703002-0918-15-42-gnss_raw.txt,277.900,2436,459731.100,GPS标准时间,FINESTEERING,SOL_COMPUTED,SINGLE,22,14,14,14,BESTGNSSPOSA
0703002-0918-15-42-gnss_raw.txt,278.000,2436,459731.200,GPS标准时间,FINESTEERING,SOL_COMPUTED,SINGLE,22,14,14,14,BESTGNSSPOSA
0703002-0918-15-42-gnss_raw.txt,278.100,2436,459731.300,GPS标准时间,FINESTEERING,SOL_COMPUTED,SINGLE,22,14,14,14,BESTGNSSPOSA
0703002-0918-15-42-gnss_raw.txt,278.200,2436,459731.400,GPS标准时间,FINESTEERING,SOL_COMPUTED,SINGLE,22,14,14,14,BESTGNSSPOSA
0703002-0918-15-42-gnss_raw.txt,278.300,2436,459731.500,GPS标准时间,FINESTEERING,SOL_COMPUTED,SINGLE,22,15,15,15,BESTGNSSPOSA
0703002-0918-15-42-gnss_raw.txt,278.400,2436,459731.600,GPS标准时间,FINESTEERING,SOL_COMPUTED,SINGLE,22,14,14,14,BESTGNSSPOSA
0703002-0918-15-42-gnss_raw.txt,278.500,2436,459731.700,GPS标准时间,FINESTEERING,SOL_COMPUTED,SINGLE,22,14,14,14,BESTGNSSPOSA
0703002-0918-15-42-gnss_raw.txt,278.600,2436,459731.800,GPS标准时间,FINESTEERING,SOL_COMPUTED,SINGLE,22,13,13,13,BESTGNSSPOSA
0703002-0918-15-42-gnss_raw.txt,278.700,2436,459731.900,GPS标准时间,FINESTEERING,SOL_COMPUTED,SINGLE,22,14,14,14,BESTGNSSPOSA
0703002-0918-15-42-gnss_raw.txt,278.800,2436,459732.000,GPS标准时间,FINESTEERING,SOL_COMPUTED,SINGLE,22,14,14,14,BESTGNSSPOSA
0703002-0918-15-42-gnss_raw.txt,278.900,2436,459732.100,GPS标准时间,FINESTEERING,SOL_COMPUTED,SINGLE,22,15,15,15,BESTGNSSPOSA
0703002-0918-15-42-gnss_raw.txt,279.000,2436,459732.200,GPS标准时间,FINESTEERING,SOL_COMPUTED,SINGLE,22,15,15,15,BESTGNSSPOSA
0703002-0918-15-42-gnss_raw.txt,279.100,2436,459732.300,GPS标准时间,FINESTEERING,SOL_COMPUTED,SINGLE,22,15,15,15,BESTGNSSPOSA
0703002-0918-15-42-gnss_raw.txt,279.200,2436,459732.400,GPS标准时间,FINESTEERING,SOL_COMPUTED,SINGLE,22,15,15,15,BESTGNSSPOSA
0703002-0918-15-42-gnss_raw.txt,279.300,2436,459732.500,GPS标准时间,FINESTEERING,SOL_COMPUTED,SINGLE,22,15,15,15,BESTGNSSPOSA
0703002-0918-15-42-gnss_raw.txt,279.400,2436,459732.600,GPS标准时间,FINESTEERING,SOL_COMPUTED,SINGLE,22,15,15,15,BESTGNSSPOSA
0703002-0918-15-42-gnss_raw.txt,279.500,2436,459732.700,GPS标准时间,FINESTEERING,SOL_COMPUTED,SINGLE,22,15,15,15,BESTGNSSPOSA
0703002-0918-15-42-gnss_raw.txt,279.600,2436,459732.800,GPS标准时间,FINESTEERING,SOL_COMPUTED,SINGLE,22,15,15,15,BESTGNSSPOSA
0703002-0918-15-42-gnss_raw.txt,279.700,2436,459732.900,GPS标准时间,FINESTEERING,SOL_COMPUTED,SINGLE,22,14,14,14,BESTGNSSPOSA
0703002-0918-15-42-gnss_raw.txt,279.800,2436,459733.000,GPS标准时间,FINESTEERING,SOL_COMPUTED,SINGLE,22,14,14,14,BESTGNSSPOSA
0703002-0918-15-42-gnss_raw.txt,279.900,2436,459733.100,GPS标准时间,FINESTEERING,SOL_COMPUTED,SINGLE,22,14,14,14,BESTGNSSPOSA
0703002-0918-15-42-gnss_raw.txt,280.000,2436,459733.200,GPS标准时间,FINESTEERING,SOL_COMPUTED,SINGLE,22,14,14,14,BESTGNSSPOSA
0703002-0918-15-42-gnss_raw.txt,280.100,2436,459733.300,GPS标准时间,FINESTEERING,SOL_COMPUTED,SINGLE,22,13,13,13,BESTGNSSPOSA
0703002-0918-15-42-gnss_raw.txt,280.200,2436,459733.400,GPS标准时间,FINESTEERING,SOL_COMPUTED,SINGLE,22,14,14,14,BESTGNSSPOSA
0703002-0918-15-42-gnss_raw.txt,280.300,2436,459733.500,GPS标准时间,FINESTEERING,SOL_COMPUTED,SINGLE,22,14,14,14,BESTGNSSPOSA
0703002-0918-15-42-gnss_raw.txt,280.400,2436,459733.600,GPS标准时间,FINESTEERING,SOL_COMPUTED,SINGLE,22,14,14,14,BESTGNSSPOSA
0703002-0918-15-42-gnss_raw.txt,280.500,2436,459733.700,GPS标准时间,FINESTEERING,SOL_COMPUTED,SINGLE,22,13,13,13,BESTGNSSPOSA
0703002-0918-15-42-gnss_raw.txt,280.600,2436,459733.800,GPS标准时间,FINESTEERING,SOL_COMPUTED,SINGLE,22,13,13,13,BESTGNSSPOSA
0703002-0918-15-42-gnss_raw.txt,280.700,2436,459733.900,GPS标准时间,FINESTEERING,SOL_COMPUTED,SINGLE,22,13,13,13,BESTGNSSPOSA
0703002-0918-15-42-gnss_raw.txt,280.800,2436,459734.000,GPS标准时间,FINESTEERING,SOL_COMPUTED,SINGLE,22,13,13,13,BESTGNSSPOSA
0703002-0918-15-42-gnss_raw.txt,280.900,2436,459734.100,GPS标准时间,FINESTEERING,SOL_COMPUTED,SINGLE,22,14,14,14,BESTGNSSPOSA
0703002-0918-15-42-gnss_raw.txt,281.000,2436,459734.200,GPS标准时间,FINESTEERING,SOL_COMPUTED,SINGLE,22,14,14,14,BESTGNSSPOSA
0703002-0918-15-42-gnss_raw.txt,281.100,2436,459734.300,GPS标准时间,FINESTEERING,SOL_COMPUTED,SINGLE,22,14,14,14,BESTGNSSPOSA
0703002-0918-15-42-gnss_raw.txt,281.200,2436,459734.400,GPS标准时间,FINESTEERING,SOL_COMPUTED,SINGLE,22,13,13,13,BESTGNSSPOSA
0703002-0918-15-42-gnss_raw.txt,281.300,2436,459734.500,GPS标准时间,FINESTEERING,SOL_COMPUTED,SINGLE,22,13,13,13,BESTGNSSPOSA
0703002-0918-15-42-gnss_raw.txt,281.400,2436,459734.600,GPS标准时间,FINESTEERING,SOL_COMPUTED,SINGLE,22,13,13,13,BESTGNSSPOSA
0703002-0918-15-42-gnss_raw.txt,281.500,2436,459734.700,GPS标准时间,FINESTEERING,SOL_COMPUTED,SINGLE,22,13,13,13,BESTGNSSPOSA
0703002-0918-15-42-gnss_raw.txt,281.600,2436,459734.800,GPS标准时间,FINESTEERING,SOL_COMPUTED,SINGLE,22,13,13,13,BESTGNSSPOSA
0703002-0918-15-42-gnss_raw.txt,281.700,2436,459734.900,GPS标准时间,FINESTEERING,SOL_COMPUTED,SINGLE,22,14,14,14,BESTGNSSPOSA
0703002-0918-15-42-gnss_raw.txt,281.800,2436,459735.000,GPS标准时间,FINESTEERING,SOL_COMPUTED,SINGLE,22,14,14,14,BESTGNSSPOSA
0703002-0918-15-42-gnss_raw.txt,281.900,2436,459735.100,GPS标准时间,FINESTEERING,SOL_COMPUTED,SINGLE,22,14,14,14,BESTGNSSPOSA
0703002-0918-15-42-gnss_raw.txt,282.000,2436,459735.200,GPS标准时间,FINESTEERING,SOL_COMPUTED,SINGLE,22,14,14,14,BESTGNSSPOSA
0703002-0918-15-42-gnss_raw.txt,282.100,2436,459735.300,GPS标准时间,FINESTEERING,SOL_COMPUTED,SINGLE,22,14,14,14,BESTGNSSPOSA
0703002-0918-15-42-gnss_raw.txt,282.200,2436,459735.400,GPS标准时间,FINESTEERING,SOL_COMPUTED,SINGLE,22,14,14,14,BESTGNSSPOSA
0703002-0918-15-42-gnss_raw.txt,282.300,2436,459735.500,GPS标准时间,FINESTEERING,SOL_COMPUTED,SINGLE,22,14,14,14,BESTGNSSPOSA
0703002-0918-15-42-gnss_raw.txt,282.400,2436,459735.600,GPS标准时间,FINESTEERING,SOL_COMPUTED,SINGLE,22,14,14,14,BESTGNSSPOSA
0703002-0918-15-42-gnss_raw.txt,282.500,2436,459735.700,GPS标准时间,FINESTEERING,SOL_COMPUTED,SINGLE,22,13,13,13,BESTGNSSPOSA
0703002-0918-15-42-gnss_raw.txt,282.600,2436,459735.800,GPS标准时间,FINESTEERING,SOL_COMPUTED,SINGLE,22,14,14,14,BESTGNSSPOSA
0703002-0918-15-42-gnss_raw.txt,282.700,2436,459735.900,GPS标准时间,FINESTEERING,SOL_COMPUTED,SINGLE,22,15,15,15,BESTGNSSPOSA
0703002-0918-15-42-gnss_raw.txt,282.800,2436,459736.000,GPS标准时间,FINESTEERING,SOL_COMPUTED,SINGLE,22,15,15,15,BESTGNSSPOSA
0703002-0918-15-42-gnss_raw.txt,282.900,2436,459736.100,GPS标准时间,FINESTEERING,SOL_COMPUTED,SINGLE,22,15,15,15,BESTGNSSPOSA
0703002-0918-15-42-gnss_raw.txt,283.000,2436,459736.200,GPS标准时间,FINESTEERING,SOL_COMPUTED,SINGLE,22,15,15,15,BESTGNSSPOSA
0703002-0918-15-42-gnss_raw.txt,283.100,2436,459736.300,GPS标准时间,FINESTEERING,SOL_COMPUTED,SINGLE,22,15,15,15,BESTGNSSPOSA
0703002-0918-15-42-gnss_raw.txt,283.200,2436,459736.400,GPS标准时间,FINESTEERING,SOL_COMPUTED,SINGLE,22,15,15,15,BESTGNSSPOSA
0703002-0918-15-42-gnss_raw.txt,283.300,2436,459736.500,GPS标准时间,FINESTEERING,SOL_COMPUTED,SINGLE,22,15,15,15,BESTGNSSPOSA
0703002-0918-15-42-gnss_raw.txt,283.400,2436,459736.600,GPS标准时间,FINESTEERING,SOL_COMPUTED,SINGLE,22,15,15,15,BESTGNSSPOSA
0703002-0918-15-42-gnss_raw.txt,283.500,2436,459736.700,GPS标准时间,FINESTEERING,SOL_COMPUTED,SINGLE,22,15,15,15,BESTGNSSPOSA
0703002-0918-15-42-gnss_raw.txt,283.600,2436,459736.800,GPS标准时间,FINESTEERING,SOL_COMPUTED,SINGLE,22,15,15,15,BESTGNSSPOSA
0703002-0918-15-42-gnss_raw.txt,283.700,2436,459736.900,GPS标准时间,FINESTEERING,SOL_COMPUTED,SINGLE,22,15,15,15,BESTGNSSPOSA
0703002-0918-15-42-gnss_raw.txt,283.800,2436,459737.000,GPS标准时间,FINESTEERING,SOL_COMPUTED,SINGLE,22,14,14,14,BESTGNSSPOSA
0703002-0918-15-42-gnss_raw.txt,283.900,2436,459737.100,GPS标准时间,FINESTEERING,SOL_COMPUTED,SINGLE,22,14,14,14,BESTGNSSPOSA
0703002-0918-15-42-gnss_raw.txt,284.000,2436,459737.200,GPS标准时间,FINESTEERING,SOL_COMPUTED,SINGLE,22,12,12,12,BESTGNSSPOSA
0703002-0918-15-42-gnss_raw.txt,284.100,2436,459737.300,GPS标准时间,FINESTEERING,SOL_COMPUTED,SINGLE,22,12,12,12,BESTGNSSPOSA
0703002-0918-15-42-gnss_raw.txt,284.200,2436,459737.400,GPS标准时间,FINESTEERING,SOL_COMPUTED,SINGLE,22,13,13,13,BESTGNSSPOSA
0703002-0918-15-42-gnss_raw.txt,284.300,2436,459737.500,GPS标准时间,FINESTEERING,SOL_COMPUTED,SINGLE,22,13,13,13,BESTGNSSPOSA
0703002-0918-15-42-gnss_raw.txt,284.400,2436,459737.600,GPS标准时间,FINESTEERING,SOL_COMPUTED,SINGLE,22,13,13,13,BESTGNSSPOSA
0703002-0918-15-42-gnss_raw.txt,284.500,2436,459737.700,GPS标准时间,FINESTEERING,SOL_COMPUTED,SINGLE,22,12,12,12,BESTGNSSPOSA
0703002-0918-15-42-gnss_raw.txt,284.600,2436,459737.800,GPS标准时间,FINESTEERING,SOL_COMPUTED,SINGLE,22,12,12,12,BESTGNSSPOSA
0703002-0918-15-42-gnss_raw.txt,284.700,2436,459737.900,GPS标准时间,FINESTEERING,SOL_COMPUTED,SINGLE,22,13,13,13,BESTGNSSPOSA
0703002-0918-15-42-gnss_raw.txt,284.800,2436,459738.000,GPS标准时间,FINESTEERING,SOL_COMPUTED,SINGLE,22,12,12,12,BESTGNSSPOSA
0703002-0918-15-42-gnss_raw.txt,284.900,2436,459738.100,GPS标准时间,FINESTEERING,SOL_COMPUTED,SINGLE,22,12,12,12,BESTGNSSPOSA
0703002-0918-15-42-gnss_raw.txt,285.000,2436,459738.200,GPS标准时间,FINESTEERING,SOL_COMPUTED,SINGLE,22,14,14,14,BESTGNSSPOSA
0703002-0918-15-42-gnss_raw.txt,285.100,2436,459738.300,GPS标准时间,FINESTEERING,SOL_COMPUTED,SINGLE,22,14,14,14,BESTGNSSPOSA
0703002-0918-15-42-gnss_raw.txt,285.200,2436,459738.400,GPS标准时间,FINESTEERING,SOL_COMPUTED,SINGLE,22,14,14,14,BESTGNSSPOSA
0703002-0918-15-42-gnss_raw.txt,285.300,2436,459738.500,GPS标准时间,FINESTEERING,SOL_COMPUTED,SINGLE,22,14,14,14,BESTGNSSPOSA
0703002-0918-15-42-gnss_raw.txt,285.400,2436,459738.600,GPS标准时间,FINESTEERING,SOL_COMPUTED,SINGLE,22,14,14,14,BESTGNSSPOSA
0703002-0918-15-42-gnss_raw.txt,285.500,2436,459738.700,GPS标准时间,FINESTEERING,SOL_COMPUTED,SINGLE,22,13,13,13,BESTGNSSPOSA
0703002-0918-15-42-gnss_raw.txt,285.600,2436,459738.800,GPS标准时间,FINESTEERING,SOL_COMPUTED,SINGLE,22,15,15,15,BESTGNSSPOSA
0703002-0918-15-42-gnss_raw.txt,285.700,2436,459738.900,GPS标准时间,FINESTEERING,SOL_COMPUTED,SINGLE,22,16,16,16,BESTGNSSPOSA
0703002-0918-15-42-gnss_raw.txt,285.800,2436,459739.000,GPS标准时间,FINESTEERING,SOL_COMPUTED,SINGLE,22,15,15,15,BESTGNSSPOSA
0703002-0918-15-42-gnss_raw.txt,285.900,2436,459739.100,GPS标准时间,FINESTEERING,SOL_COMPUTED,SINGLE,22,15,15,15,BESTGNSSPOSA
0703002-0918-15-42-gnss_raw.txt,286.000,2436,459739.200,GPS标准时间,FINESTEERING,SOL_COMPUTED,SINGLE,22,15,15,15,BESTGNSSPOSA
0703002-0918-15-42-gnss_raw.txt,286.100,2436,459739.300,GPS标准时间,FINESTEERING,SOL_COMPUTED,SINGLE,22,15,15,15,BESTGNSSPOSA
0703002-0918-15-42-gnss_raw.txt,286.200,2436,459739.400,GPS标准时间,FINESTEERING,SOL_COMPUTED,SINGLE,22,15,15,15,BESTGNSSPOSA
0703002-0918-15-42-gnss_raw.txt,286.300,2436,459739.500,GPS标准时间,FINESTEERING,SOL_COMPUTED,SINGLE,22,15,15,15,BESTGNSSPOSA
0703002-0918-15-42-gnss_raw.txt,286.400,2436,459739.600,GPS标准时间,FINESTEERING,SOL_COMPUTED,SINGLE,22,15,15,15,BESTGNSSPOSA
0703002-0918-15-42-gnss_raw.txt,286.500,2436,459739.700,GPS标准时间,FINESTEERING,SOL_COMPUTED,SINGLE,22,15,15,15,BESTGNSSPOSA
0703002-0918-15-42-gnss_raw.txt,286.600,2436,459739.800,GPS标准时间,FINESTEERING,SOL_COMPUTED,SINGLE,22,14,14,14,BESTGNSSPOSA
0703002-0918-15-42-gnss_raw.txt,286.700,2436,459739.900,GPS标准时间,FINESTEERING,SOL_COMPUTED,SINGLE,22,14,14,14,BESTGNSSPOSA
0703002-0918-15-42-gnss_raw.txt,286.800,2436,459740.000,GPS标准时间,FINESTEERING,SOL_COMPUTED,SINGLE,22,14,14,14,BESTGNSSPOSA
0703002-0918-15-42-gnss_raw.txt,286.900,2436,459740.100,GPS标准时间,FINESTEERING,SOL_COMPUTED,SINGLE,22,14,14,14,BESTGNSSPOSA
0703002-0918-15-42-gnss_raw.txt,287.000,2436,459740.200,GPS标准时间,FINESTEERING,SOL_COMPUTED,SINGLE,22,13,13,13,BESTGNSSPOSA
0703002-0918-15-42-gnss_raw.txt,287.100,2436,459740.300,GPS标准时间,FINESTEERING,SOL_COMPUTED,SINGLE,22,14,14,14,BESTGNSSPOSA
0703002-0918-15-42-gnss_raw.txt,287.200,2436,459740.400,GPS标准时间,FINESTEERING,SOL_COMPUTED,SINGLE,22,14,14,14,BESTGNSSPOSA
0703002-0918-15-42-gnss_raw.txt,287.300,2436,459740.500,GPS标准时间,FINESTEERING,SOL_COMPUTED,SINGLE,22,14,14,14,BESTGNSSPOSA
0703002-0918-15-42-gnss_raw.txt,287.400,2436,459740.600,GPS标准时间,FINESTEERING,SOL_COMPUTED,SINGLE,22,14,14,14,BESTGNSSPOSA
0703002-0918-15-42-gnss_raw.txt,287.500,2436,459740.700,GPS标准时间,FINESTEERING,SOL_COMPUTED,SINGLE,22,14,14,14,BESTGNSSPOSA
0703002-0918-15-42-gnss_raw.txt,287.600,2436,459740.800,GPS标准时间,FINESTEERING,SOL_COMPUTED,SINGLE,22,15,15,15,BESTGNSSPOSA
0703002-0918-15-42-gnss_raw.txt,287.700,2436,459740.900,GPS标准时间,FINESTEERING,SOL_COMPUTED,SINGLE,22,15,15,15,BESTGNSSPOSA
0703002-0918-15-42-gnss_raw.txt,287.800,2436,459741.000,GPS标准时间,FINESTEERING,SOL_COMPUTED,SINGLE,22,14,14,14,BESTGNSSPOSA
0703002-0918-15-42-gnss_raw.txt,287.900,2436,459741.100,GPS标准时间,FINESTEERING,SOL_COMPUTED,SINGLE,22,14,14,14,BESTGNSSPOSA
0703002-0918-15-42-gnss_raw.txt,288.000,2436,459741.200,GPS标准时间,FINESTEERING,SOL_COMPUTED,SINGLE,22,12,12,12,BESTGNSSPOSA
0703002-0918-15-42-gnss_raw.txt,288.100,2436,459741.300,GPS标准时间,FINESTEERING,SOL_COMPUTED,SINGLE,22,12,12,12,BESTGNSSPOSA
0703002-0918-15-42-gnss_raw.txt,288.200,2436,459741.400,GPS标准时间,FINESTEERING,SOL_COMPUTED,SINGLE,22,12,12,12,BESTGNSSPOSA
0703002-0918-15-42-gnss_raw.txt,288.300,2436,459741.500,GPS标准时间,FINESTEERING,SOL_COMPUTED,SINGLE,22,14,14,14,BESTGNSSPOSA
0703002-0918-15-42-gnss_raw.txt,288.400,2436,459741.600,GPS标准时间,FINESTEERING,SOL_COMPUTED,SINGLE,22,14,14,14,BESTGNSSPOSA
0703002-0918-15-42-gnss_raw.txt,288.500,2436,459741.700,GPS标准时间,FINESTEERING,SOL_COMPUTED,SINGLE,22,14,14,14,BESTGNSSPOSA
0703002-0918-15-42-gnss_raw.txt,288.600,2436,459741.800,GPS标准时间,FINESTEERING,SOL_COMPUTED,SINGLE,22,15,15,15,BESTGNSSPOSA
0703002-0918-15-42-gnss_raw.txt,288.700,2436,459741.900,GPS标准时间,FINESTEERING,SOL_COMPUTED,SINGLE,22,15,15,15,BESTGNSSPOSA
0703002-0918-15-42-gnss_raw.txt,288.800,2436,459742.000,GPS标准时间,FINESTEERING,SOL_COMPUTED,SINGLE,22,14,14,14,BESTGNSSPOSA
0703002-0918-15-42-gnss_raw.txt,288.900,2436,459742.100,GPS标准时间,FINESTEERING,SOL_COMPUTED,SINGLE,22,13,13,13,BESTGNSSPOSA
0703002-0918-15-42-gnss_raw.txt,289.000,2436,459742.200,GPS标准时间,FINESTEERING,SOL_COMPUTED,SINGLE,22,14,14,14,BESTGNSSPOSA
0703002-0918-15-42-gnss_raw.txt,289.100,2436,459742.300,GPS标准时间,FINESTEERING,SOL_COMPUTED,SINGLE,22,14,14,14,BESTGNSSPOSA
0703002-0918-15-42-gnss_raw.txt,289.200,2436,459742.400,GPS标准时间,FINESTEERING,SOL_COMPUTED,SINGLE,22,14,14,14,BESTGNSSPOSA
0703002-0918-15-42-gnss_raw.txt,289.300,2436,459742.500,GPS标准时间,FINESTEERING,SOL_COMPUTED,SINGLE,22,14,14,14,BESTGNSSPOSA
0703002-0918-15-42-gnss_raw.txt,289.400,2436,459742.600,GPS标准时间,FINESTEERING,SOL_COMPUTED,SINGLE,22,15,15,15,BESTGNSSPOSA
0703002-0918-15-42-gnss_raw.txt,289.500,2436,459742.700,GPS标准时间,FINESTEERING,SOL_COMPUTED,SINGLE,22,15,15,15,BESTGNSSPOSA
0703002-0918-15-42-gnss_raw.txt,289.600,2436,459742.800,GPS标准时间,FINESTEERING,SOL_COMPUTED,SINGLE,22,14,14,14,BESTGNSSPOSA
0703002-0918-15-42-gnss_raw.txt,289.700,2436,459742.900,GPS标准时间,FINESTEERING,SOL_COMPUTED,SINGLE,22,14,14,14,BESTGNSSPOSA
0703002-0918-15-42-gnss_raw.txt,289.800,2436,459743.000,GPS标准时间,FINESTEERING,SOL_COMPUTED,SINGLE,22,14,14,14,BESTGNSSPOSA
0703002-0918-15-42-gnss_raw.txt,289.900,2436,459743.100,GPS标准时间,FINESTEERING,SOL_COMPUTED,SINGLE,22,14,14,14,BESTGNSSPOSA
0703002-0918-15-42-gnss_raw.txt,290.000,2436,459743.200,GPS标准时间,FINESTEERING,SOL_COMPUTED,SINGLE,22,14,14,14,BESTGNSSPOSA
0703002-0918-15-42-gnss_raw.txt,290.100,2436,459743.300,GPS标准时间,FINESTEERING,SOL_COMPUTED,SINGLE,22,14,14,14,BESTGNSSPOSA
0703002-0918-15-42-gnss_raw.txt,290.200,2436,459743.400,GPS标准时间,FINESTEERING,SOL_COMPUTED,SINGLE,22,14,14,14,BESTGNSSPOSA
0703002-0918-15-42-gnss_raw.txt,290.300,2436,459743.500,GPS标准时间,FINESTEERING,SOL_COMPUTED,SINGLE,22,14,14,14,BESTGNSSPOSA
0703002-0918-15-42-gnss_raw.txt,290.400,2436,459743.600,GPS标准时间,FINESTEERING,SOL_COMPUTED,SINGLE,22,12,12,12,BESTGNSSPOSA
0703002-0918-15-42-gnss_raw.txt,290.500,2436,459743.700,GPS标准时间,FINESTEERING,SOL_COMPUTED,SINGLE,22,12,12,12,BESTGNSSPOSA
0703002-0918-15-42-gnss_raw.txt,290.600,2436,459743.800,GPS标准时间,FINESTEERING,SOL_COMPUTED,SINGLE,22,12,12,12,BESTGNSSPOSA
0703002-0918-15-42-gnss_raw.txt,290.700,2436,459743.900,GPS标准时间,FINESTEERING,SOL_COMPUTED,SINGLE,22,13,13,13,BESTGNSSPOSA
0703002-0918-15-42-gnss_raw.txt,290.800,2436,459744.000,GPS标准时间,FINESTEERING,SOL_COMPUTED,SINGLE,22,13,13,13,BESTGNSSPOSA
0703002-0918-15-42-gnss_raw.txt,290.900,2436,459744.100,GPS标准时间,FINESTEERING,SOL_COMPUTED,SINGLE,22,13,13,13,BESTGNSSPOSA
0703002-0918-15-42-gnss_raw.txt,291.000,2436,459744.200,GPS标准时间,FINESTEERING,SOL_COMPUTED,SINGLE,22,13,13,13,BESTGNSSPOSA
0703002-0918-15-42-gnss_raw.txt,291.100,2436,459744.300,GPS标准时间,FINESTEERING,SOL_COMPUTED,SINGLE,22,13,13,13,BESTGNSSPOSA
0703002-0918-15-42-gnss_raw.txt,291.200,2436,459744.400,GPS标准时间,FINESTEERING,SOL_COMPUTED,SINGLE,22,14,14,14,BESTGNSSPOSA
0703002-0918-15-42-gnss_raw.txt,291.300,2436,459744.500,GPS标准时间,FINESTEERING,SOL_COMPUTED,SINGLE,22,14,14,14,BESTGNSSPOSA
0703002-0918-15-42-gnss_raw.txt,291.400,2436,459744.600,GPS标准时间,FINESTEERING,SOL_COMPUTED,SINGLE,22,13,13,13,BESTGNSSPOSA
0703002-0918-15-42-gnss_raw.txt,291.500,2436,459744.700,GPS标准时间,FINESTEERING,SOL_COMPUTED,SINGLE,22,14,14,14,BESTGNSSPOSA
0703002-0918-15-42-gnss_raw.txt,291.600,2436,459744.800,GPS标准时间,FINESTEERING,SOL_COMPUTED,SINGLE,22,14,14,14,BESTGNSSPOSA
0703002-0918-15-42-gnss_raw.txt,291.700,2436,459744.900,GPS标准时间,FINESTEERING,SOL_COMPUTED,SINGLE,22,14,14,14,BESTGNSSPOSA
0703002-0918-15-42-gnss_raw.txt,291.800,2436,459745.000,GPS标准时间,FINESTEERING,SOL_COMPUTED,SINGLE,22,14,14,14,BESTGNSSPOSA
0703002-0918-15-42-gnss_raw.txt,291.900,2436,459745.100,GPS标准时间,FINESTEERING,SOL_COMPUTED,SINGLE,22,14,14,14,BESTGNSSPOSA
0703002-0918-15-42-gnss_raw.txt,292.000,2436,459745.200,GPS标准时间,FINESTEERING,SOL_COMPUTED,SINGLE,22,14,14,14,BESTGNSSPOSA
0703002-0918-15-42-gnss_raw.txt,292.100,2436,459745.300,GPS标准时间,FINESTEERING,SOL_COMPUTED,SINGLE,22,14,14,14,BESTGNSSPOSA
0703002-0918-15-42-gnss_raw.txt,292.200,2436,459745.400,GPS标准时间,FINESTEERING,SOL_COMPUTED,SINGLE,22,14,14,14,BESTGNSSPOSA
0703002-0918-15-42-gnss_raw.txt,292.300,2436,459745.500,GPS标准时间,FINESTEERING,SOL_COMPUTED,SINGLE,22,14,14,14,BESTGNSSPOSA
0703002-0918-15-42-gnss_raw.txt,292.400,2436,459745.600,GPS标准时间,FINESTEERING,SOL_COMPUTED,SINGLE,22,14,14,14,BESTGNSSPOSA
0703002-0918-15-42-gnss_raw.txt,292.500,2436,459745.700,GPS标准时间,FINESTEERING,SOL_COMPUTED,SINGLE,22,14,14,14,BESTGNSSPOSA
0703002-0918-15-42-gnss_raw.txt,292.600,2436,459745.800,GPS标准时间,FINESTEERING,SOL_COMPUTED,SINGLE,22,14,14,14,BESTGNSSPOSA
0703002-0918-15-42-gnss_raw.txt,292.700,2436,459745.900,GPS标准时间,FINESTEERING,SOL_COMPUTED,SINGLE,22,14,14,14,BESTGNSSPOSA
0703002-0918-15-42-gnss_raw.txt,292.800,2436,459746.000,GPS标准时间,FINESTEERING,SOL_COMPUTED,SINGLE,22,14,14,14,BESTGNSSPOSA
0703002-0918-15-42-gnss_raw.txt,292.900,2436,459746.100,GPS标准时间,FINESTEERING,SOL_COMPUTED,SINGLE,22,14,14,14,BESTGNSSPOSA
0703002-0918-15-42-gnss_raw.txt,293.000,2436,459746.200,GPS标准时间,FINESTEERING,SOL_COMPUTED,SINGLE,22,14,14,14,BESTGNSSPOSA
0703002-0918-15-42-gnss_raw.txt,293.100,2436,459746.300,GPS标准时间,FINESTEERING,SOL_COMPUTED,SINGLE,22,14,14,14,BESTGNSSPOSA
0703002-0918-15-42-gnss_raw.txt,293.200,2436,459746.400,GPS标准时间,FINESTEERING,SOL_COMPUTED,SINGLE,22,14,14,14,BESTGNSSPOSA
0703002-0918-15-42-gnss_raw.txt,293.300,2436,459746.500,GPS标准时间,FINESTEERING,SOL_COMPUTED,SINGLE,22,13,13,13,BESTGNSSPOSA
0703002-0918-15-42-gnss_raw.txt,293.400,2436,459746.600,GPS标准时间,FINESTEERING,SOL_COMPUTED,SINGLE,22,13,13,13,BESTGNSSPOSA
0703002-0918-15-42-gnss_raw.txt,293.500,2436,459746.700,GPS标准时间,FINESTEERING,SOL_COMPUTED,SINGLE,22,13,13,13,BESTGNSSPOSA
0703002-0918-15-42-gnss_raw.txt,293.600,2436,459746.800,GPS标准时间,FINESTEERING,SOL_COMPUTED,SINGLE,22,13,13,13,BESTGNSSPOSA
0703002-0918-15-42-gnss_raw.txt,293.700,2436,459746.900,GPS标准时间,FINESTEERING,SOL_COMPUTED,SINGLE,22,12,12,12,BESTGNSSPOSA
0703002-0918-15-42-gnss_raw.txt,293.800,2436,459747.000,GPS标准时间,FINESTEERING,SOL_COMPUTED,SINGLE,22,12,12,12,BESTGNSSPOSA
0703002-0918-15-42-gnss_raw.txt,293.900,2436,459747.100,GPS标准时间,FINESTEERING,SOL_COMPUTED,SINGLE,22,11,11,11,BESTGNSSPOSA
0703002-0918-15-42-gnss_raw.txt,294.000,2436,459747.200,GPS标准时间,FINESTEERING,SOL_COMPUTED,SINGLE,22,11,11,11,BESTGNSSPOSA
0703002-0918-15-42-gnss_raw.txt,294.100,2436,459747.300,GPS标准时间,FINESTEERING,SOL_COMPUTED,SINGLE,22,13,13,13,BESTGNSSPOSA
0703002-0918-15-42-gnss_raw.txt,294.200,2436,459747.400,GPS标准时间,FINESTEERING,SOL_COMPUTED,SINGLE,22,13,13,13,BESTGNSSPOSA
0703002-0918-15-42-gnss_raw.txt,294.300,2436,459747.500,GPS标准时间,FINESTEERING,SOL_COMPUTED,SINGLE,22,13,13,13,BESTGNSSPOSA
0703002-0918-15-42-gnss_raw.txt,294.400,2436,459747.600,GPS标准时间,FINESTEERING,SOL_COMPUTED,SINGLE,22,13,13,13,BESTGNSSPOSA
0703002-0918-15-42-gnss_raw.txt,294.500,2436,459747.700,GPS标准时间,FINESTEERING,SOL_COMPUTED,SINGLE,22,14,14,14,BESTGNSSPOSA
0703002-0918-15-42-gnss_raw.txt,294.600,2436,459747.800,GPS标准时间,FINESTEERING,SOL_COMPUTED,SINGLE,22,13,13,13,BESTGNSSPOSA
0703002-0918-15-42-gnss_raw.txt,294.700,2436,459747.900,GPS标准时间,FINESTEERING,SOL_COMPUTED,SINGLE,22,13,13,13,BESTGNSSPOSA
0703002-0918-15-42-gnss_raw.txt,294.800,2436,459748.000,GPS标准时间,FINESTEERING,SOL_COMPUTED,SINGLE,22,13,13,13,BESTGNSSPOSA
0703002-0918-15-42-gnss_raw.txt,294.900,2436,459748.100,GPS标准时间,FINESTEERING,SOL_COMPUTED,SINGLE,22,13,13,13,BESTGNSSPOSA
0703002-0918-15-42-gnss_raw.txt,295.000,2436,459748.200,GPS标准时间,FINESTEERING,SOL_COMPUTED,SINGLE,22,13,13,13,BESTGNSSPOSA
0703002-0918-15-42-gnss_raw.txt,295.100,2436,459748.300,GPS标准时间,FINESTEERING,SOL_COMPUTED,SINGLE,22,13,13,13,BESTGNSSPOSA
0703002-0918-15-42-gnss_raw.txt,295.200,2436,459748.400,GPS标准时间,FINESTEERING,SOL_COMPUTED,SINGLE,22,13,13,13,BESTGNSSPOSA
0703002-0918-15-42-gnss_raw.txt,295.300,2436,459748.500,GPS标准时间,FINESTEERING,SOL_COMPUTED,SINGLE,22,13,13,13,BESTGNSSPOSA
0703002-0918-15-42-gnss_raw.txt,295.400,2436,459748.600,GPS标准时间,FINESTEERING,SOL_COMPUTED,SINGLE,22,13,13,13,BESTGNSSPOSA
0703002-0918-15-42-gnss_raw.txt,295.500,2436,459748.700,GPS标准时间,FINESTEERING,SOL_COMPUTED,SINGLE,22,13,13,13,BESTGNSSPOSA
0703002-0918-15-42-gnss_raw.txt,295.600,2436,459748.800,GPS标准时间,FINESTEERING,SOL_COMPUTED,SINGLE,22,12,12,12,BESTGNSSPOSA
0703002-0918-15-42-gnss_raw.txt,295.700,2436,459748.900,GPS标准时间,FINESTEERING,SOL_COMPUTED,SINGLE,22,12,12,12,BESTGNSSPOSA
0703002-0918-15-42-gnss_raw.txt,295.800,2436,459749.000,GPS标准时间,FINESTEERING,SOL_COMPUTED,SINGLE,22,13,13,13,BESTGNSSPOSA
0703002-0918-15-42-gnss_raw.txt,295.900,2436,459749.100,GPS标准时间,FINESTEERING,SOL_COMPUTED,SINGLE,22,13,13,13,BESTGNSSPOSA
0703002-0918-15-42-gnss_raw.txt,296.000,2436,459749.200,GPS标准时间,FINESTEERING,SOL_COMPUTED,SINGLE,22,13,13,13,BESTGNSSPOSA
0703002-0918-15-42-gnss_raw.txt,296.100,2436,459749.300,GPS标准时间,FINESTEERING,SOL_COMPUTED,SINGLE,22,14,14,14,BESTGNSSPOSA
0703002-0918-15-42-gnss_raw.txt,296.200,2436,459749.400,GPS标准时间,FINESTEERING,SOL_COMPUTED,SINGLE,22,14,14,14,BESTGNSSPOSA
0703002-0918-15-42-gnss_raw.txt,296.300,2436,459749.500,GPS标准时间,FINESTEERING,SOL_COMPUTED,SINGLE,22,14,14,14,BESTGNSSPOSA
0703002-0918-15-42-gnss_raw.txt,296.400,2436,459749.600,GPS标准时间,FINESTEERING,SOL_COMPUTED,SINGLE,22,13,13,13,BESTGNSSPOSA
0703002-0918-15-42-gnss_raw.txt,296.500,2436,459749.700,GPS标准时间,FINESTEERING,SOL_COMPUTED,SINGLE,22,13,13,13,BESTGNSSPOSA
0703002-0918-15-42-gnss_raw.txt,296.600,2436,459749.800,GPS标准时间,FINESTEERING,SOL_COMPUTED,SINGLE,22,13,13,13,BESTGNSSPOSA
0703002-0918-15-42-gnss_raw.txt,296.700,2436,459749.900,GPS标准时间,FINESTEERING,SOL_COMPUTED,SINGLE,22,13,13,13,BESTGNSSPOSA
0703002-0918-15-42-gnss_raw.txt,296.800,2436,459750.000,GPS标准时间,FINESTEERING,SOL_COMPUTED,SINGLE,22,13,13,13,BESTGNSSPOSA
0703002-0918-15-42-gnss_raw.txt,296.900,2436,459750.100,GPS标准时间,FINESTEERING,SOL_COMPUTED,SINGLE,22,13,13,13,BESTGNSSPOSA
0703002-0918-15-42-gnss_raw.txt,297.000,2436,459750.200,GPS标准时间,FINESTEERING,SOL_COMPUTED,SINGLE,22,13,13,13,BESTGNSSPOSA
0703002-0918-15-42-gnss_raw.txt,297.100,2436,459750.300,GPS标准时间,FINESTEERING,SOL_COMPUTED,SINGLE,22,13,13,13,BESTGNSSPOSA
0703002-0918-15-42-gnss_raw.txt,297.200,2436,459750.400,GPS标准时间,FINESTEERING,SOL_COMPUTED,SINGLE,22,13,13,13,BESTGNSSPOSA
0703002-0918-15-42-gnss_raw.txt,297.300,2436,459750.500,GPS标准时间,FINESTEERING,SOL_COMPUTED,SINGLE,22,12,12,12,BESTGNSSPOSA
0703002-0918-15-42-gnss_raw.txt,297.400,2436,459750.600,GPS标准时间,FINESTEERING,SOL_COMPUTED,SINGLE,22,12,12,12,BESTGNSSPOSA
0703002-0918-15-42-gnss_raw.txt,297.500,2436,459750.700,GPS标准时间,FINESTEERING,SOL_COMPUTED,SINGLE,22,13,13,13,BESTGNSSPOSA
0703002-0918-15-42-gnss_raw.txt,297.600,2436,459750.800,GPS标准时间,FINESTEERING,SOL_COMPUTED,SINGLE,22,13,13,13,BESTGNSSPOSA
0703002-0918-15-42-gnss_raw.txt,297.700,2436,459750.900,GPS标准时间,FINESTEERING,SOL_COMPUTED,SINGLE,22,13,13,13,BESTGNSSPOSA
0703002-0918-15-42-gnss_raw.txt,297.800,2436,459751.000,GPS标准时间,FINESTEERING,SOL_COMPUTED,SINGLE,22,14,14,14,BESTGNSSPOSA
0703002-0918-15-42-gnss_raw.txt,297.900,2436,459751.100,GPS标准时间,FINESTEERING,SOL_COMPUTED,SINGLE,21,14,14,14,BESTGNSSPOSA
0703002-0918-15-42-gnss_raw.txt,298.000,2436,459751.200,GPS标准时间,FINESTEERING,SOL_COMPUTED,SINGLE,21,14,14,14,BESTGNSSPOSA
0703002-0918-15-42-gnss_raw.txt,298.100,2436,459751.300,GPS标准时间,FINESTEERING,SOL_COMPUTED,SINGLE,21,14,14,14,BESTGNSSPOSA
0703002-0918-15-42-gnss_raw.txt,298.200,2436,459751.400,GPS标准时间,FINESTEERING,SOL_COMPUTED,SINGLE,21,14,14,14,BESTGNSSPOSA
0703002-0918-15-42-gnss_raw.txt,298.300,2436,459751.500,GPS标准时间,FINESTEERING,SOL_COMPUTED,SINGLE,21,14,14,14,BESTGNSSPOSA
0703002-0918-15-42-gnss_raw.txt,298.400,2436,459751.600,GPS标准时间,FINESTEERING,SOL_COMPUTED,SINGLE,21,14,14,14,BESTGNSSPOSA
0703002-0918-15-42-gnss_raw.txt,298.500,2436,459751.700,GPS标准时间,FINESTEERING,SOL_COMPUTED,SINGLE,21,14,14,14,BESTGNSSPOSA
0703002-0918-15-42-gnss_raw.txt,298.600,2436,459751.800,GPS标准时间,FINESTEERING,SOL_COMPUTED,SINGLE,21,14,14,14,BESTGNSSPOSA
0703002-0918-15-42-gnss_raw.txt,298.700,2436,459751.900,GPS标准时间,FINESTEERING,SOL_COMPUTED,SINGLE,21,14,14,14,BESTGNSSPOSA
0703002-0918-15-42-gnss_raw.txt,298.800,2436,459752.000,GPS标准时间,FINESTEERING,SOL_COMPUTED,SINGLE,21,14,14,14,BESTGNSSPOSA
0703002-0918-15-42-gnss_raw.txt,298.900,2436,459752.100,GPS标准时间,FINESTEERING,SOL_COMPUTED,SINGLE,21,13,13,13,BESTGNSSPOSA
0703002-0918-15-42-gnss_raw.txt,299.000,2436,459752.200,GPS标准时间,FINESTEERING,SOL_COMPUTED,SINGLE,21,14,14,14,BESTGNSSPOSA
0703002-0918-15-42-gnss_raw.txt,299.100,2436,459752.300,GPS标准时间,FINESTEERING,SOL_COMPUTED,SINGLE,21,15,15,15,BESTGNSSPOSA
0703002-0918-15-42-gnss_raw.txt,299.200,2436,459752.400,GPS标准时间,FINESTEERING,SOL_COMPUTED,SINGLE,21,15,15,15,BESTGNSSPOSA
0703002-0918-15-42-gnss_raw.txt,299.300,2436,459752.500,GPS标准时间,FINESTEERING,SOL_COMPUTED,SINGLE,21,15,15,15,BESTGNSSPOSA
0703002-0918-15-42-gnss_raw.txt,299.400,2436,459752.600,GPS标准时间,FINESTEERING,SOL_COMPUTED,SINGLE,21,15,15,15,BESTGNSSPOSA
0703002-0918-15-42-gnss_raw.txt,299.500,2436,459752.700,GPS标准时间,FINESTEERING,SOL_COMPUTED,SINGLE,21,14,14,14,BESTGNSSPOSA
0703002-0918-15-42-gnss_raw.txt,299.600,2436,459752.800,GPS标准时间,FINESTEERING,SOL_COMPUTED,SINGLE,21,14,14,14,BESTGNSSPOSA
0703002-0918-15-42-gnss_raw.txt,299.700,2436,459752.900,GPS标准时间,FINESTEERING,SOL_COMPUTED,SINGLE,21,14,14,14,BESTGNSSPOSA
0703002-0918-15-42-gnss_raw.txt,299.800,2436,459753.000,GPS标准时间,FINESTEERING,SOL_COMPUTED,SINGLE,21,14,14,14,BESTGNSSPOSA
0703002-0918-15-42-gnss_raw.txt,299.900,2436,459753.100,GPS标准时间,FINESTEERING,SOL_COMPUTED,SINGLE,21,14,14,14,BESTGNSSPOSA
0703002-0918-15-42-gnss_raw.txt,300.000,2436,459753.200,GPS标准时间,FINESTEERING,SOL_COMPUTED,SINGLE,21,14,14,14,BESTGNSSPOSA
0703002-0918-15-42-gnss_raw.txt,300.100,2436,459753.300,GPS标准时间,FINESTEERING,SOL_COMPUTED,SINGLE,21,14,14,14,BESTGNSSPOSA
0703002-0918-15-42-gnss_raw.txt,300.200,2436,459753.400,GPS标准时间,FINESTEERING,SOL_COMPUTED,SINGLE,21,14,14,14,BESTGNSSPOSA
0703002-0918-15-42-gnss_raw.txt,300.300,2436,459753.500,GPS标准时间,FINESTEERING,SOL_COMPUTED,SINGLE,21,14,14,14,BESTGNSSPOSA
0703002-0918-15-42-gnss_raw.txt,300.400,2436,459753.600,GPS标准时间,FINESTEERING,SOL_COMPUTED,SINGLE,21,14,14,14,BESTGNSSPOSA
0703002-0918-15-42-gnss_raw.txt,300.500,2436,459753.700,GPS标准时间,FINESTEERING,SOL_COMPUTED,SINGLE,21,14,14,14,BESTGNSSPOSA
0703002-0918-15-42-gnss_raw.txt,300.600,2436,459753.800,GPS标准时间,FINESTEERING,SOL_COMPUTED,SINGLE,21,14,14,14,BESTGNSSPOSA
0703002-0918-15-42-gnss_raw.txt,300.700,2436,459753.900,GPS标准时间,FINESTEERING,SOL_COMPUTED,SINGLE,21,14,14,14,BESTGNSSPOSA
0703002-0918-15-42-gnss_raw.txt,300.800,2436,459754.000,GPS标准时间,FINESTEERING,SOL_COMPUTED,SINGLE,21,14,14,14,BESTGNSSPOSA
0703002-0918-15-42-gnss_raw.txt,300.900,2436,459754.100,GPS标准时间,FINESTEERING,SOL_COMPUTED,SINGLE,21,14,14,14,BESTGNSSPOSA
0703002-0918-15-42-gnss_raw.txt,301.000,2436,459754.200,GPS标准时间,FINESTEERING,SOL_COMPUTED,SINGLE,21,14,14,14,BESTGNSSPOSA
0703002-0918-15-42-gnss_raw.txt,301.100,2436,459754.300,GPS标准时间,FINESTEERING,SOL_COMPUTED,SINGLE,21,14,14,14,BESTGNSSPOSA
0703002-0918-15-42-gnss_raw.txt,301.200,2436,459754.400,GPS标准时间,FINESTEERING,SOL_COMPUTED,SINGLE,21,14,14,14,BESTGNSSPOSA
0703002-0918-15-42-gnss_raw.txt,301.300,2436,459754.500,GPS标准时间,FINESTEERING,SOL_COMPUTED,SINGLE,21,14,14,14,BESTGNSSPOSA
0703002-0918-15-42-gnss_raw.txt,301.400,2436,459754.600,GPS标准时间,FINESTEERING,SOL_COMPUTED,SINGLE,21,14,14,14,BESTGNSSPOSA
0703002-0918-15-42-gnss_raw.txt,301.500,2436,459754.700,GPS标准时间,FINESTEERING,SOL_COMPUTED,SINGLE,21,14,14,14,BESTGNSSPOSA
0703002-0918-15-42-gnss_raw.txt,301.600,2436,459754.800,GPS标准时间,FINESTEERING,SOL_COMPUTED,SINGLE,21,14,14,14,BESTGNSSPOSA
0703002-0918-15-42-gnss_raw.txt,301.700,2436,459754.900,GPS标准时间,FINESTEERING,SOL_COMPUTED,SINGLE,21,15,15,15,BESTGNSSPOSA
0703002-0918-15-42-gnss_raw.txt,301.800,2436,459755.000,GPS标准时间,FINESTEERING,SOL_COMPUTED,SINGLE,21,15,15,15,BESTGNSSPOSA
0703002-0918-15-42-gnss_raw.txt,301.900,2436,459755.100,GPS标准时间,FINESTEERING,SOL_COMPUTED,SINGLE,21,14,14,14,BESTGNSSPOSA
0703002-0918-15-42-gnss_raw.txt,302.000,2436,459755.200,GPS标准时间,FINESTEERING,SOL_COMPUTED,SINGLE,21,14,14,14,BESTGNSSPOSA
0703002-0918-15-42-gnss_raw.txt,302.100,2436,459755.300,GPS标准时间,FINESTEERING,SOL_COMPUTED,SINGLE,21,14,14,14,BESTGNSSPOSA
0703002-0918-15-42-gnss_raw.txt,302.200,2436,459755.400,GPS标准时间,FINESTEERING,SOL_COMPUTED,SINGLE,21,13,13,13,BESTGNSSPOSA
0703002-0918-15-42-gnss_raw.txt,302.300,2436,459755.500,GPS标准时间,FINESTEERING,SOL_COMPUTED,SINGLE,21,14,14,14,BESTGNSSPOSA
0703002-0918-15-42-gnss_raw.txt,302.400,2436,459755.600,GPS标准时间,FINESTEERING,SOL_COMPUTED,SINGLE,21,14,14,14,BESTGNSSPOSA
0703002-0918-15-42-gnss_raw.txt,302.500,2436,459755.700,GPS标准时间,FINESTEERING,SOL_COMPUTED,SINGLE,21,13,13,13,BESTGNSSPOSA
0703002-0918-15-42-gnss_raw.txt,302.600,2436,459755.800,GPS标准时间,FINESTEERING,SOL_COMPUTED,SINGLE,21,14,14,14,BESTGNSSPOSA
0703002-0918-15-42-gnss_raw.txt,302.700,2436,459755.900,GPS标准时间,FINESTEERING,SOL_COMPUTED,SINGLE,21,13,13,13,BESTGNSSPOSA
0703002-0918-15-42-gnss_raw.txt,302.800,2436,459756.000,GPS标准时间,FINESTEERING,SOL_COMPUTED,SINGLE,21,14,14,14,BESTGNSSPOSA
0703002-0918-15-42-gnss_raw.txt,302.900,2436,459756.100,GPS标准时间,FINESTEERING,SOL_COMPUTED,SINGLE,21,14,14,14,BESTGNSSPOSA
0703002-0918-15-42-gnss_raw.txt,303.000,2436,459756.200,GPS标准时间,FINESTEERING,SOL_COMPUTED,SINGLE,21,14,14,14,BESTGNSSPOSA
0703002-0918-15-42-gnss_raw.txt,303.100,2436,459756.300,GPS标准时间,FINESTEERING,SOL_COMPUTED,SINGLE,21,14,14,14,BESTGNSSPOSA
0703002-0918-15-42-gnss_raw.txt,303.200,2436,459756.400,GPS标准时间,FINESTEERING,SOL_COMPUTED,SINGLE,21,14,14,14,BESTGNSSPOSA
0703002-0918-15-42-gnss_raw.txt,303.300,2436,459756.500,GPS标准时间,FINESTEERING,SOL_COMPUTED,SINGLE,21,14,14,14,BESTGNSSPOSA
0703002-0918-15-42-gnss_raw.txt,303.400,2436,459756.600,GPS标准时间,FINESTEERING,SOL_COMPUTED,SINGLE,21,14,14,14,BESTGNSSPOSA
0703002-0918-15-42-gnss_raw.txt,303.500,2436,459756.700,GPS标准时间,FINESTEERING,SOL_COMPUTED,SINGLE,21,13,13,13,BESTGNSSPOSA
0703002-0918-15-42-gnss_raw.txt,303.600,2436,459756.800,GPS标准时间,FINESTEERING,SOL_COMPUTED,SINGLE,21,13,13,13,BESTGNSSPOSA
0703002-0918-15-42-gnss_raw.txt,303.700,2436,459756.900,GPS标准时间,FINESTEERING,SOL_COMPUTED,SINGLE,21,13,13,13,BESTGNSSPOSA
0703002-0918-15-42-gnss_raw.txt,303.800,2436,459757.000,GPS标准时间,FINESTEERING,SOL_COMPUTED,SINGLE,21,13,13,13,BESTGNSSPOSA
0703002-0918-15-42-gnss_raw.txt,303.900,2436,459757.100,GPS标准时间,FINESTEERING,SOL_COMPUTED,SINGLE,21,12,12,12,BESTGNSSPOSA
0703002-0918-15-42-gnss_raw.txt,304.000,2436,459757.200,GPS标准时间,FINESTEERING,SOL_COMPUTED,SINGLE,21,13,13,13,BESTGNSSPOSA
0703002-0918-15-42-gnss_raw.txt,304.100,2436,459757.300,GPS标准时间,FINESTEERING,SOL_COMPUTED,SINGLE,21,13,13,13,BESTGNSSPOSA
0703002-0918-15-42-gnss_raw.txt,304.200,2436,459757.400,GPS标准时间,FINESTEERING,SOL_COMPUTED,SINGLE,21,13,13,13,BESTGNSSPOSA
0703002-0918-15-42-gnss_raw.txt,304.300,2436,459757.500,GPS标准时间,FINESTEERING,SOL_COMPUTED,SINGLE,21,13,13,13,BESTGNSSPOSA
0703002-0918-15-42-gnss_raw.txt,304.400,2436,459757.600,GPS标准时间,FINESTEERING,SOL_COMPUTED,SINGLE,21,13,13,13,BESTGNSSPOSA
0703002-0918-15-42-gnss_raw.txt,304.500,2436,459757.700,GPS标准时间,FINESTEERING,SOL_COMPUTED,SINGLE,21,13,13,13,BESTGNSSPOSA
0703002-0918-15-42-gnss_raw.txt,304.600,2436,459757.800,GPS标准时间,FINESTEERING,SOL_COMPUTED,SINGLE,21,13,13,13,BESTGNSSPOSA
0703002-0918-15-42-gnss_raw.txt,304.700,2436,459757.900,GPS标准时间,FINESTEERING,SOL_COMPUTED,SINGLE,21,13,13,13,BESTGNSSPOSA
0703002-0918-15-42-gnss_raw.txt,304.800,2436,459758.000,GPS标准时间,FINESTEERING,SOL_COMPUTED,SINGLE,21,13,13,13,BESTGNSSPOSA
0703002-0918-15-42-gnss_raw.txt,304.900,2436,459758.100,GPS标准时间,FINESTEERING,SOL_COMPUTED,SINGLE,21,13,13,13,BESTGNSSPOSA
0703002-0918-15-42-gnss_raw.txt,305.000,2436,459758.200,GPS标准时间,FINESTEERING,SOL_COMPUTED,SINGLE,21,13,13,13,BESTGNSSPOSA
0703002-0918-15-42-gnss_raw.txt,305.100,2436,459758.300,GPS标准时间,FINESTEERING,SOL_COMPUTED,SINGLE,21,13,13,13,BESTGNSSPOSA
0703002-0918-15-42-gnss_raw.txt,305.200,2436,459758.400,GPS标准时间,FINESTEERING,SOL_COMPUTED,SINGLE,21,13,13,13,BESTGNSSPOSA
0703002-0918-15-42-gnss_raw.txt,305.300,2436,459758.500,GPS标准时间,FINESTEERING,SOL_COMPUTED,SINGLE,21,13,13,13,BESTGNSSPOSA
0703002-0918-15-42-gnss_raw.txt,305.400,2436,459758.600,GPS标准时间,FINESTEERING,SOL_COMPUTED,SINGLE,21,13,13,13,BESTGNSSPOSA
0703002-0918-15-42-gnss_raw.txt,305.500,2436,459758.700,GPS标准时间,FINESTEERING,SOL_COMPUTED,SINGLE,21,13,13,13,BESTGNSSPOSA
0703002-0918-15-42-gnss_raw.txt,305.600,2436,459758.800,GPS标准时间,FINESTEERING,SOL_COMPUTED,SINGLE,21,13,13,13,BESTGNSSPOSA
0703002-0918-15-42-gnss_raw.txt,305.700,2436,459758.900,GPS标准时间,FINESTEERING,SOL_COMPUTED,SINGLE,21,13,13,13,BESTGNSSPOSA
0703002-0918-15-42-gnss_raw.txt,305.800,2436,459759.000,GPS标准时间,FINESTEERING,SOL_COMPUTED,SINGLE,21,13,13,13,BESTGNSSPOSA
0703002-0918-15-42-gnss_raw.txt,305.900,2436,459759.100,GPS标准时间,FINESTEERING,SOL_COMPUTED,SINGLE,21,13,13,13,BESTGNSSPOSA
0703002-0918-15-42-gnss_raw.txt,306.000,2436,459759.200,GPS标准时间,FINESTEERING,SOL_COMPUTED,SINGLE,21,13,13,13,BESTGNSSPOSA
0703002-0918-15-42-gnss_raw.txt,306.100,2436,459759.300,GPS标准时间,FINESTEERING,SOL_COMPUTED,SINGLE,21,13,13,13,BESTGNSSPOSA
0703002-0918-15-42-gnss_raw.txt,306.200,2436,459759.400,GPS标准时间,FINESTEERING,SOL_COMPUTED,SINGLE,21,13,13,13,BESTGNSSPOSA
0703002-0918-15-42-gnss_raw.txt,306.300,2436,459759.500,GPS标准时间,FINESTEERING,SOL_COMPUTED,SINGLE,21,13,13,13,BESTGNSSPOSA
0703002-0918-15-42-gnss_raw.txt,306.400,2436,459759.600,GPS标准时间,FINESTEERING,SOL_COMPUTED,SINGLE,21,13,13,13,BESTGNSSPOSA
0703002-0918-15-42-gnss_raw.txt,306.500,2436,459759.700,GPS标准时间,FINESTEERING,SOL_COMPUTED,SINGLE,21,13,13,13,BESTGNSSPOSA
0703002-0918-15-42-gnss_raw.txt,306.600,2436,459759.800,GPS标准时间,FINESTEERING,SOL_COMPUTED,SINGLE,21,13,13,13,BESTGNSSPOSA
0703002-0918-15-42-gnss_raw.txt,306.700,2436,459759.900,GPS标准时间,FINESTEERING,SOL_COMPUTED,SINGLE,21,13,13,13,BESTGNSSPOSA
0703002-0918-15-42-gnss_raw.txt,306.800,2436,459760.000,GPS标准时间,FINESTEERING,SOL_COMPUTED,SINGLE,21,13,13,13,BESTGNSSPOSA
0703002-0918-15-42-gnss_raw.txt,306.900,2436,459760.100,GPS标准时间,FINESTEERING,SOL_COMPUTED,SINGLE,21,13,13,13,BESTGNSSPOSA
0703002-0918-15-42-gnss_raw.txt,307.000,2436,459760.200,GPS标准时间,FINESTEERING,SOL_COMPUTED,SINGLE,21,13,13,13,BESTGNSSPOSA
0703002-0918-15-42-gnss_raw.txt,307.100,2436,459760.300,GPS标准时间,FINESTEERING,SOL_COMPUTED,SINGLE,21,13,13,13,BESTGNSSPOSA
0703002-0918-15-42-gnss_raw.txt,307.200,2436,459760.400,GPS标准时间,FINESTEERING,SOL_COMPUTED,SINGLE,21,13,13,13,BESTGNSSPOSA
0703002-0918-15-42-gnss_raw.txt,307.300,2436,459760.500,GPS标准时间,FINESTEERING,SOL_COMPUTED,SINGLE,21,13,13,13,BESTGNSSPOSA
0703002-0918-15-42-gnss_raw.txt,307.400,2436,459760.600,GPS标准时间,FINESTEERING,SOL_COMPUTED,SINGLE,21,13,13,13,BESTGNSSPOSA
0703002-0918-15-42-gnss_raw.txt,307.500,2436,459760.700,GPS标准时间,FINESTEERING,SOL_COMPUTED,SINGLE,21,13,13,13,BESTGNSSPOSA
0703002-0918-15-42-gnss_raw.txt,307.600,2436,459760.800,GPS标准时间,FINESTEERING,SOL_COMPUTED,SINGLE,21,13,13,13,BESTGNSSPOSA
0703002-0918-15-42-gnss_raw.txt,307.700,2436,459760.900,GPS标准时间,FINESTEERING,SOL_COMPUTED,SINGLE,21,13,13,13,BESTGNSSPOSA
0703002-0918-15-42-gnss_raw.txt,307.800,2436,459761.000,GPS标准时间,FINESTEERING,SOL_COMPUTED,SINGLE,21,13,13,13,BESTGNSSPOSA
0703002-0918-15-42-gnss_raw.txt,307.900,2436,459761.100,GPS标准时间,FINESTEERING,SOL_COMPUTED,SINGLE,21,13,13,13,BESTGNSSPOSA
0703002-0918-15-42-gnss_raw.txt,308.000,2436,459761.200,GPS标准时间,FINESTEERING,SOL_COMPUTED,SINGLE,21,13,13,13,BESTGNSSPOSA
0703002-0918-15-42-gnss_raw.txt,308.100,2436,459761.300,GPS标准时间,FINESTEERING,SOL_COMPUTED,SINGLE,21,13,13,13,BESTGNSSPOSA
0703002-0918-15-42-gnss_raw.txt,308.200,2436,459761.400,GPS标准时间,FINESTEERING,SOL_COMPUTED,SINGLE,21,12,12,12,BESTGNSSPOSA
0703002-0918-15-42-gnss_raw.txt,308.300,2436,459761.500,GPS标准时间,FINESTEERING,SOL_COMPUTED,SINGLE,21,12,12,12,BESTGNSSPOSA
0703002-0918-15-42-gnss_raw.txt,308.400,2436,459761.600,GPS标准时间,FINESTEERING,SOL_COMPUTED,SINGLE,21,13,13,13,BESTGNSSPOSA
0703002-0918-15-42-gnss_raw.txt,308.500,2436,459761.700,GPS标准时间,FINESTEERING,SOL_COMPUTED,SINGLE,21,14,14,14,BESTGNSSPOSA
0703002-0918-15-42-gnss_raw.txt,308.600,2436,459761.800,GPS标准时间,FINESTEERING,SOL_COMPUTED,SINGLE,21,14,14,14,BESTGNSSPOSA
0703002-0918-15-42-gnss_raw.txt,308.700,2436,459761.900,GPS标准时间,FINESTEERING,SOL_COMPUTED,SINGLE,21,14,14,14,BESTGNSSPOSA
0703002-0918-15-42-gnss_raw.txt,308.800,2436,459762.000,GPS标准时间,FINESTEERING,SOL_COMPUTED,SINGLE,21,15,15,15,BESTGNSSPOSA
0703002-0918-15-42-gnss_raw.txt,308.900,2436,459762.100,GPS标准时间,FINESTEERING,SOL_COMPUTED,SINGLE,21,14,14,14,BESTGNSSPOSA
0703002-0918-15-42-gnss_raw.txt,309.000,2436,459762.200,GPS标准时间,FINESTEERING,SOL_COMPUTED,SINGLE,21,14,14,14,BESTGNSSPOSA
0703002-0918-15-42-gnss_raw.txt,309.100,2436,459762.300,GPS标准时间,FINESTEERING,SOL_COMPUTED,SINGLE,21,14,14,14,BESTGNSSPOSA
0703002-0918-15-42-gnss_raw.txt,309.200,2436,459762.400,GPS标准时间,FINESTEERING,SOL_COMPUTED,SINGLE,21,13,13,13,BESTGNSSPOSA
0703002-0918-15-42-gnss_raw.txt,309.300,2436,459762.500,GPS标准时间,FINESTEERING,SOL_COMPUTED,SINGLE,21,13,13,13,BESTGNSSPOSA
0703002-0918-15-42-gnss_raw.txt,309.400,2436,459762.600,GPS标准时间,FINESTEERING,SOL_COMPUTED,SINGLE,21,13,13,13,BESTGNSSPOSA
0703002-0918-15-42-gnss_raw.txt,309.500,2436,459762.700,GPS标准时间,FINESTEERING,SOL_COMPUTED,SINGLE,21,12,12,12,BESTGNSSPOSA
0703002-0918-15-42-gnss_raw.txt,309.600,2436,459762.800,GPS标准时间,FINESTEERING,SOL_COMPUTED,SINGLE,21,12,12,12,BESTGNSSPOSA
0703002-0918-15-42-gnss_raw.txt,309.700,2436,459762.900,GPS标准时间,FINESTEERING,SOL_COMPUTED,SINGLE,21,13,13,13,BESTGNSSPOSA
0703002-0918-15-42-gnss_raw.txt,309.800,2436,459763.000,GPS标准时间,FINESTEERING,SOL_COMPUTED,SINGLE,21,13,13,13,BESTGNSSPOSA
0703002-0918-15-42-gnss_raw.txt,309.900,2436,459763.100,GPS标准时间,FINESTEERING,SOL_COMPUTED,SINGLE,21,13,13,13,BESTGNSSPOSA
0703002-0918-15-42-gnss_raw.txt,310.000,2436,459763.200,GPS标准时间,FINESTEERING,SOL_COMPUTED,SINGLE,21,13,13,13,BESTGNSSPOSA
0703002-0918-15-42-gnss_raw.txt,310.100,2436,459763.300,GPS标准时间,FINESTEERING,SOL_COMPUTED,SINGLE,21,13,13,13,BESTGNSSPOSA
0703002-0918-15-42-gnss_raw.txt,310.200,2436,459763.400,GPS标准时间,FINESTEERING,SOL_COMPUTED,SINGLE,21,13,13,13,BESTGNSSPOSA
0703002-0918-15-42-gnss_raw.txt,310.300,2436,459763.500,GPS标准时间,FINESTEERING,SOL_COMPUTED,SINGLE,21,13,13,13,BESTGNSSPOSA
0703002-0918-15-42-gnss_raw.txt,310.400,2436,459763.600,GPS标准时间,FINESTEERING,SOL_COMPUTED,SINGLE,21,12,12,12,BESTGNSSPOSA
0703002-0918-15-42-gnss_raw.txt,310.500,2436,459763.700,GPS标准时间,FINESTEERING,SOL_COMPUTED,SINGLE,21,11,11,11,BESTGNSSPOSA
0703002-0918-15-42-gnss_raw.txt,310.600,2436,459763.800,GPS标准时间,FINESTEERING,SOL_COMPUTED,SINGLE,21,11,11,11,BESTGNSSPOSA
0703002-0918-15-42-gnss_raw.txt,310.700,2436,459763.900,GPS标准时间,FINESTEERING,SOL_COMPUTED,SINGLE,21,11,11,11,BESTGNSSPOSA
0703002-0918-15-42-gnss_raw.txt,310.800,2436,459764.000,GPS标准时间,FINESTEERING,SOL_COMPUTED,SINGLE,21,13,13,13,BESTGNSSPOSA
0703002-0918-15-42-gnss_raw.txt,310.900,2436,459764.100,GPS标准时间,FINESTEERING,SOL_COMPUTED,SINGLE,21,13,13,13,BESTGNSSPOSA
0703002-0918-15-42-gnss_raw.txt,311.000,2436,459764.200,GPS标准时间,FINESTEERING,SOL_COMPUTED,SINGLE,21,13,13,13,BESTGNSSPOSA
0703002-0918-15-42-gnss_raw.txt,311.100,2436,459764.300,GPS标准时间,FINESTEERING,SOL_COMPUTED,SINGLE,21,12,12,12,BESTGNSSPOSA
0703002-0918-15-42-gnss_raw.txt,311.200,2436,459764.400,GPS标准时间,FINESTEERING,SOL_COMPUTED,SINGLE,21,13,13,13,BESTGNSSPOSA
0703002-0918-15-42-gnss_raw.txt,311.300,2436,459764.500,GPS标准时间,FINESTEERING,SOL_COMPUTED,SINGLE,21,13,13,13,BESTGNSSPOSA
0703002-0918-15-42-gnss_raw.txt,311.400,2436,459764.600,GPS标准时间,FINESTEERING,SOL_COMPUTED,SINGLE,21,13,13,13,BESTGNSSPOSA
0703002-0918-15-42-gnss_raw.txt,311.500,2436,459764.700,GPS标准时间,FINESTEERING,SOL_COMPUTED,SINGLE,21,13,13,13,BESTGNSSPOSA
0703002-0918-15-42-gnss_raw.txt,311.600,2436,459764.800,GPS标准时间,FINESTEERING,SOL_COMPUTED,SINGLE,21,13,13,13,BESTGNSSPOSA
0703002-0918-15-42-gnss_raw.txt,311.700,2436,459764.900,GPS标准时间,FINESTEERING,SOL_COMPUTED,SINGLE,21,12,12,12,BESTGNSSPOSA
0703002-0918-15-42-gnss_raw.txt,311.800,2436,459765.000,GPS标准时间,FINESTEERING,SOL_COMPUTED,SINGLE,21,14,14,14,BESTGNSSPOSA
0703002-0918-15-42-gnss_raw.txt,311.900,2436,459765.100,GPS标准时间,FINESTEERING,SOL_COMPUTED,SINGLE,21,14,14,14,BESTGNSSPOSA
0703002-0918-15-42-gnss_raw.txt,312.000,2436,459765.200,GPS标准时间,FINESTEERING,SOL_COMPUTED,SINGLE,21,13,13,13,BESTGNSSPOSA
0703002-0918-15-42-gnss_raw.txt,312.100,2436,459765.300,GPS标准时间,FINESTEERING,SOL_COMPUTED,SINGLE,21,12,12,12,BESTGNSSPOSA
0703002-0918-15-42-gnss_raw.txt,312.200,2436,459765.400,GPS标准时间,FINESTEERING,SOL_COMPUTED,SINGLE,21,13,13,13,BESTGNSSPOSA
0703002-0918-15-42-gnss_raw.txt,312.300,2436,459765.500,GPS标准时间,FINESTEERING,SOL_COMPUTED,SINGLE,21,15,15,15,BESTGNSSPOSA
0703002-0918-15-42-gnss_raw.txt,312.400,2436,459765.600,GPS标准时间,FINESTEERING,SOL_COMPUTED,SINGLE,21,13,13,13,BESTGNSSPOSA
0703002-0918-15-42-gnss_raw.txt,312.500,2436,459765.700,GPS标准时间,FINESTEERING,SOL_COMPUTED,SINGLE,21,14,14,14,BESTGNSSPOSA
0703002-0918-15-42-gnss_raw.txt,312.600,2436,459765.800,GPS标准时间,FINESTEERING,SOL_COMPUTED,SINGLE,21,14,14,14,BESTGNSSPOSA
0703002-0918-15-42-gnss_raw.txt,312.700,2436,459765.900,GPS标准时间,FINESTEERING,SOL_COMPUTED,SINGLE,21,14,14,14,BESTGNSSPOSA
0703002-0918-15-42-gnss_raw.txt,312.800,2436,459766.000,GPS标准时间,FINESTEERING,SOL_COMPUTED,SINGLE,21,15,15,15,BESTGNSSPOSA
0703002-0918-15-42-gnss_raw.txt,312.900,2436,459766.100,GPS标准时间,FINESTEERING,SOL_COMPUTED,SINGLE,21,15,15,15,BESTGNSSPOSA
0703002-0918-15-42-gnss_raw.txt,313.000,2436,459766.200,GPS标准时间,FINESTEERING,SOL_COMPUTED,SINGLE,21,15,15,15,BESTGNSSPOSA
0703002-0918-15-42-gnss_raw.txt,313.100,2436,459766.300,GPS标准时间,FINESTEERING,SOL_COMPUTED,SINGLE,21,15,15,15,BESTGNSSPOSA
0703002-0918-15-42-gnss_raw.txt,313.200,2436,459766.400,GPS标准时间,FINESTEERING,SOL_COMPUTED,SINGLE,21,15,15,15,BESTGNSSPOSA
0703002-0918-15-42-gnss_raw.txt,313.300,2436,459766.500,GPS标准时间,FINESTEERING,SOL_COMPUTED,SINGLE,21,15,15,15,BESTGNSSPOSA
0703002-0918-15-42-gnss_raw.txt,313.400,2436,459766.600,GPS标准时间,FINESTEERING,SOL_COMPUTED,SINGLE,21,15,15,15,BESTGNSSPOSA
0703002-0918-15-42-gnss_raw.txt,313.500,2436,459766.700,GPS标准时间,FINESTEERING,SOL_COMPUTED,SINGLE,21,15,15,15,BESTGNSSPOSA
0703002-0918-15-42-gnss_raw.txt,313.600,2436,459766.800,GPS标准时间,FINESTEERING,SOL_COMPUTED,SINGLE,21,15,15,15,BESTGNSSPOSA
0703002-0918-15-42-gnss_raw.txt,313.700,2436,459766.900,GPS标准时间,FINESTEERING,SOL_COMPUTED,SINGLE,21,15,15,15,BESTGNSSPOSA
0703002-0918-15-42-gnss_raw.txt,313.800,2436,459767.000,GPS标准时间,FINESTEERING,SOL_COMPUTED,SINGLE,21,15,15,15,BESTGNSSPOSA
0703002-0918-15-42-gnss_raw.txt,313.900,2436,459767.100,GPS标准时间,FINESTEERING,SOL_COMPUTED,SINGLE,21,15,15,15,BESTGNSSPOSA
0703002-0918-15-42-gnss_raw.txt,314.000,2436,459767.200,GPS标准时间,FINESTEERING,SOL_COMPUTED,SINGLE,21,15,15,15,BESTGNSSPOSA
0703002-0918-15-42-gnss_raw.txt,314.100,2436,459767.300,GPS标准时间,FINESTEERING,SOL_COMPUTED,SINGLE,21,15,15,15,BESTGNSSPOSA
0703002-0918-15-42-gnss_raw.txt,314.200,2436,459767.400,GPS标准时间,FINESTEERING,SOL_COMPUTED,SINGLE,21,14,14,14,BESTGNSSPOSA
0703002-0918-15-42-gnss_raw.txt,314.300,2436,459767.500,GPS标准时间,FINESTEERING,SOL_COMPUTED,SINGLE,21,14,14,14,BESTGNSSPOSA
0703002-0918-15-42-gnss_raw.txt,314.400,2436,459767.600,GPS标准时间,FINESTEERING,SOL_COMPUTED,SINGLE,21,14,14,14,BESTGNSSPOSA
0703002-0918-15-42-gnss_raw.txt,314.500,2436,459767.700,GPS标准时间,FINESTEERING,SOL_COMPUTED,SINGLE,21,14,14,14,BESTGNSSPOSA
0703002-0918-15-42-gnss_raw.txt,314.600,2436,459767.800,GPS标准时间,FINESTEERING,SOL_COMPUTED,SINGLE,21,14,14,14,BESTGNSSPOSA
0703002-0918-15-42-gnss_raw.txt,314.700,2436,459767.900,GPS标准时间,FINESTEERING,SOL_COMPUTED,SINGLE,21,14,14,14,BESTGNSSPOSA
0703002-0918-15-42-gnss_raw.txt,314.800,2436,459768.000,GPS标准时间,FINESTEERING,SOL_COMPUTED,SINGLE,21,14,14,14,BESTGNSSPOSA
0703002-0918-15-42-gnss_raw.txt,314.900,2436,459768.100,GPS标准时间,FINESTEERING,SOL_COMPUTED,SINGLE,21,14,14,14,BESTGNSSPOSA
0703002-0918-15-42-gnss_raw.txt,315.000,2436,459768.200,GPS标准时间,FINESTEERING,SOL_COMPUTED,SINGLE,21,13,13,13,BESTGNSSPOSA
0703002-0918-15-42-gnss_raw.txt,315.100,2436,459768.300,GPS标准时间,FINESTEERING,SOL_COMPUTED,SINGLE,21,13,13,13,BESTGNSSPOSA
0703002-0918-15-42-gnss_raw.txt,315.200,2436,459768.400,GPS标准时间,FINESTEERING,SOL_COMPUTED,SINGLE,21,14,14,14,BESTGNSSPOSA
0703002-0918-15-42-gnss_raw.txt,315.300,2436,459768.500,GPS标准时间,FINESTEERING,SOL_COMPUTED,SINGLE,21,14,14,14,BESTGNSSPOSA
0703002-0918-15-42-gnss_raw.txt,315.400,2436,459768.600,GPS标准时间,FINESTEERING,SOL_COMPUTED,SINGLE,21,14,14,14,BESTGNSSPOSA
0703002-0918-15-42-gnss_raw.txt,315.500,2436,459768.700,GPS标准时间,FINESTEERING,SOL_COMPUTED,SINGLE,21,14,14,14,BESTGNSSPOSA
0703002-0918-15-42-gnss_raw.txt,315.600,2436,459768.800,GPS标准时间,FINESTEERING,SOL_COMPUTED,SINGLE,21,14,14,14,BESTGNSSPOSA
0703002-0918-15-42-gnss_raw.txt,315.700,2436,459768.900,GPS标准时间,FINESTEERING,SOL_COMPUTED,SINGLE,21,14,14,14,BESTGNSSPOSA
0703002-0918-15-42-gnss_raw.txt,315.800,2436,459769.000,GPS标准时间,FINESTEERING,SOL_COMPUTED,SINGLE,21,13,13,13,BESTGNSSPOSA
0703002-0918-15-42-gnss_raw.txt,315.900,2436,459769.100,GPS标准时间,FINESTEERING,SOL_COMPUTED,SINGLE,21,14,14,14,BESTGNSSPOSA
0703002-0918-15-42-gnss_raw.txt,316.000,2436,459769.200,GPS标准时间,FINESTEERING,SOL_COMPUTED,SINGLE,21,14,14,14,BESTGNSSPOSA
0703002-0918-15-42-gnss_raw.txt,316.100,2436,459769.300,GPS标准时间,FINESTEERING,SOL_COMPUTED,SINGLE,21,14,14,14,BESTGNSSPOSA
0703002-0918-15-42-gnss_raw.txt,316.200,2436,459769.400,GPS标准时间,FINESTEERING,SOL_COMPUTED,SINGLE,21,14,14,14,BESTGNSSPOSA
0703002-0918-15-42-gnss_raw.txt,316.300,2436,459769.500,GPS标准时间,FINESTEERING,SOL_COMPUTED,SINGLE,21,13,13,13,BESTGNSSPOSA
0703002-0918-15-42-gnss_raw.txt,316.400,2436,459769.600,GPS标准时间,FINESTEERING,SOL_COMPUTED,SINGLE,21,13,13,13,BESTGNSSPOSA
0703002-0918-15-42-gnss_raw.txt,316.500,2436,459769.700,GPS标准时间,FINESTEERING,SOL_COMPUTED,SINGLE,21,12,12,12,BESTGNSSPOSA
0703002-0918-15-42-gnss_raw.txt,316.600,2436,459769.800,GPS标准时间,FINESTEERING,SOL_COMPUTED,SINGLE,21,12,12,12,BESTGNSSPOSA
0703002-0918-15-42-gnss_raw.txt,316.700,2436,459769.900,GPS标准时间,FINESTEERING,SOL_COMPUTED,SINGLE,21,11,11,11,BESTGNSSPOSA
0703002-0918-15-42-gnss_raw.txt,316.800,2436,459770.000,GPS标准时间,FINESTEERING,SOL_COMPUTED,SINGLE,21,11,11,11,BESTGNSSPOSA
0703002-0918-15-42-gnss_raw.txt,316.900,2436,459770.100,GPS标准时间,FINESTEERING,SOL_COMPUTED,SINGLE,21,11,11,11,BESTGNSSPOSA
0703002-0918-15-42-gnss_raw.txt,317.000,2436,459770.200,GPS标准时间,FINESTEERING,SOL_COMPUTED,SINGLE,21,11,11,11,BESTGNSSPOSA
0703002-0918-15-42-gnss_raw.txt,317.100,2436,459770.300,GPS标准时间,FINESTEERING,SOL_COMPUTED,SINGLE,21,11,11,11,BESTGNSSPOSA
0703002-0918-15-42-gnss_raw.txt,317.200,2436,459770.400,GPS标准时间,FINESTEERING,SOL_COMPUTED,SINGLE,21,11,11,11,BESTGNSSPOSA
0703002-0918-15-42-gnss_raw.txt,317.300,2436,459770.500,GPS标准时间,FINESTEERING,SOL_COMPUTED,SINGLE,21,12,12,12,BESTGNSSPOSA
0703002-0918-15-42-gnss_raw.txt,317.400,2436,459770.600,GPS标准时间,FINESTEERING,SOL_COMPUTED,SINGLE,21,12,12,12,BESTGNSSPOSA
0703002-0918-15-42-gnss_raw.txt,317.500,2436,459770.700,GPS标准时间,FINESTEERING,SOL_COMPUTED,SINGLE,21,12,12,12,BESTGNSSPOSA
0703002-0918-15-42-gnss_raw.txt,317.600,2436,459770.800,GPS标准时间,FINESTEERING,SOL_COMPUTED,SINGLE,21,12,12,12,BESTGNSSPOSA
0703002-0918-15-42-gnss_raw.txt,317.700,2436,459770.900,GPS标准时间,FINESTEERING,SOL_COMPUTED,SINGLE,21,11,11,11,BESTGNSSPOSA
0703002-0918-15-42-gnss_raw.txt,317.800,2436,459771.000,GPS标准时间,FINESTEERING,SOL_COMPUTED,SINGLE,21,12,12,12,BESTGNSSPOSA
0703002-0918-15-42-gnss_raw.txt,317.900,2436,459771.100,GPS标准时间,FINESTEERING,SOL_COMPUTED,SINGLE,21,11,11,11,BESTGNSSPOSA
0703002-0918-15-42-gnss_raw.txt,318.000,2436,459771.200,GPS标准时间,FINESTEERING,SOL_COMPUTED,SINGLE,21,10,10,10,BESTGNSSPOSA
0703002-0918-15-42-gnss_raw.txt,318.100,2436,459771.300,GPS标准时间,FINESTEERING,SOL_COMPUTED,SINGLE,21,10,10,10,BESTGNSSPOSA
0703002-0918-15-42-gnss_raw.txt,318.200,2436,459771.400,GPS标准时间,FINESTEERING,SOL_COMPUTED,SINGLE,21,11,11,11,BESTGNSSPOSA
0703002-0918-15-42-gnss_raw.txt,318.300,2436,459771.500,GPS标准时间,FINESTEERING,SOL_COMPUTED,SINGLE,21,10,10,10,BESTGNSSPOSA
0703002-0918-15-42-gnss_raw.txt,318.400,2436,459771.600,GPS标准时间,FINESTEERING,SOL_COMPUTED,SINGLE,21,10,10,10,BESTGNSSPOSA
0703002-0918-15-42-gnss_raw.txt,318.500,2436,459771.700,GPS标准时间,FINESTEERING,SOL_COMPUTED,SINGLE,21,10,10,10,BESTGNSSPOSA
0703002-0918-15-42-gnss_raw.txt,318.600,2436,459771.800,GPS标准时间,FINESTEERING,SOL_COMPUTED,SINGLE,21,10,10,10,BESTGNSSPOSA
0703002-0918-15-42-gnss_raw.txt,318.700,2436,459771.900,GPS标准时间,FINESTEERING,SOL_COMPUTED,SINGLE,21,10,10,10,BESTGNSSPOSA
0703002-0918-15-42-gnss_raw.txt,318.800,2436,459772.000,GPS标准时间,FINESTEERING,SOL_COMPUTED,SINGLE,21,16,16,16,BESTGNSSPOSA
0703002-0918-15-42-gnss_raw.txt,318.900,2436,459772.100,GPS标准时间,FINESTEERING,SOL_COMPUTED,SINGLE,21,16,16,16,BESTGNSSPOSA
0703002-0918-15-42-gnss_raw.txt,319.000,2436,459772.200,GPS标准时间,FINESTEERING,SOL_COMPUTED,SINGLE,21,16,16,16,BESTGNSSPOSA
0703002-0918-15-42-gnss_raw.txt,319.100,2436,459772.300,GPS标准时间,FINESTEERING,SOL_COMPUTED,SINGLE,21,15,15,15,BESTGNSSPOSA
0703002-0918-15-42-gnss_raw.txt,319.200,2436,459772.400,GPS标准时间,FINESTEERING,SOL_COMPUTED,SINGLE,21,16,16,16,BESTGNSSPOSA
0703002-0918-15-42-gnss_raw.txt,319.300,2436,459772.500,GPS标准时间,FINESTEERING,SOL_COMPUTED,SINGLE,21,16,16,16,BESTGNSSPOSA
0703002-0918-15-42-gnss_raw.txt,319.400,2436,459772.600,GPS标准时间,FINESTEERING,SOL_COMPUTED,SINGLE,21,13,13,13,BESTGNSSPOSA
0703002-0918-15-42-gnss_raw.txt,319.500,2436,459772.700,GPS标准时间,FINESTEERING,SOL_COMPUTED,SINGLE,21,13,13,13,BESTGNSSPOSA
0703002-0918-15-42-gnss_raw.txt,319.600,2436,459772.800,GPS标准时间,FINESTEERING,SOL_COMPUTED,SINGLE,21,13,13,13,BESTGNSSPOSA
0703002-0918-15-42-gnss_raw.txt,319.700,2436,459772.900,GPS标准时间,FINESTEERING,SOL_COMPUTED,SINGLE,21,13,13,13,BESTGNSSPOSA
0703002-0918-15-42-gnss_raw.txt,319.800,2436,459773.000,GPS标准时间,FINESTEERING,SOL_COMPUTED,SINGLE,21,13,13,13,BESTGNSSPOSA
0703002-0918-15-42-gnss_raw.txt,319.900,2436,459773.100,GPS标准时间,FINESTEERING,SOL_COMPUTED,SINGLE,21,12,12,12,BESTGNSSPOSA
0703002-0918-15-42-gnss_raw.txt,320.000,2436,459773.200,GPS标准时间,FINESTEERING,SOL_COMPUTED,SINGLE,21,14,14,14,BESTGNSSPOSA
0703002-0918-15-42-gnss_raw.txt,320.100,2436,459773.300,GPS标准时间,FINESTEERING,SOL_COMPUTED,SINGLE,21,13,13,13,BESTGNSSPOSA
0703002-0918-15-42-gnss_raw.txt,320.200,2436,459773.400,GPS标准时间,FINESTEERING,SOL_COMPUTED,SINGLE,21,13,13,13,BESTGNSSPOSA
0703002-0918-15-42-gnss_raw.txt,320.300,2436,459773.500,GPS标准时间,FINESTEERING,SOL_COMPUTED,SINGLE,21,12,12,12,BESTGNSSPOSA
0703002-0918-15-42-gnss_raw.txt,320.400,2436,459773.600,GPS标准时间,FINESTEERING,SOL_COMPUTED,SINGLE,21,12,12,12,BESTGNSSPOSA
0703002-0918-15-42-gnss_raw.txt,320.500,2436,459773.700,GPS标准时间,FINESTEERING,SOL_COMPUTED,SINGLE,21,13,13,13,BESTGNSSPOSA
0703002-0918-15-42-gnss_raw.txt,320.600,2436,459773.800,GPS标准时间,FINESTEERING,SOL_COMPUTED,SINGLE,21,13,13,13,BESTGNSSPOSA
0703002-0918-15-42-gnss_raw.txt,320.700,2436,459773.900,GPS标准时间,FINESTEERING,SOL_COMPUTED,SINGLE,21,13,13,13,BESTGNSSPOSA
0703002-0918-15-42-gnss_raw.txt,320.800,2436,459774.000,GPS标准时间,FINESTEERING,SOL_COMPUTED,SINGLE,21,12,12,12,BESTGNSSPOSA
0703002-0918-15-42-gnss_raw.txt,320.900,2436,459774.100,GPS标准时间,FINESTEERING,SOL_COMPUTED,SINGLE,21,12,12,12,BESTGNSSPOSA
0703002-0918-15-42-gnss_raw.txt,321.000,2436,459774.200,GPS标准时间,FINESTEERING,SOL_COMPUTED,SINGLE,21,13,13,13,BESTGNSSPOSA
0703002-0918-15-42-gnss_raw.txt,321.100,2436,459774.300,GPS标准时间,FINESTEERING,SOL_COMPUTED,SINGLE,21,12,12,12,BESTGNSSPOSA
0703002-0918-15-42-gnss_raw.txt,321.200,2436,459774.400,GPS标准时间,FINESTEERING,SOL_COMPUTED,SINGLE,21,12,12,12,BESTGNSSPOSA
0703002-0918-15-42-gnss_raw.txt,321.300,2436,459774.500,GPS标准时间,FINESTEERING,SOL_COMPUTED,SINGLE,21,12,12,12,BESTGNSSPOSA
0703002-0918-15-42-gnss_raw.txt,321.400,2436,459774.600,GPS标准时间,FINESTEERING,SOL_COMPUTED,SINGLE,21,13,13,13,BESTGNSSPOSA
0703002-0918-15-42-gnss_raw.txt,321.500,2436,459774.700,GPS标准时间,FINESTEERING,SOL_COMPUTED,SINGLE,21,12,12,12,BESTGNSSPOSA
0703002-0918-15-42-gnss_raw.txt,321.600,2436,459774.800,GPS标准时间,FINESTEERING,SOL_COMPUTED,SINGLE,21,13,13,13,BESTGNSSPOSA
0703002-0918-15-42-gnss_raw.txt,321.700,2436,459774.900,GPS标准时间,FINESTEERING,SOL_COMPUTED,SINGLE,21,12,12,12,BESTGNSSPOSA
0703002-0918-15-42-gnss_raw.txt,321.800,2436,459775.000,GPS标准时间,FINESTEERING,SOL_COMPUTED,SINGLE,21,12,12,12,BESTGNSSPOSA
0703002-0918-15-42-gnss_raw.txt,321.900,2436,459775.100,GPS标准时间,FINESTEERING,SOL_COMPUTED,SINGLE,21,12,12,12,BESTGNSSPOSA
0703002-0918-15-42-gnss_raw.txt,322.000,2436,459775.200,GPS标准时间,FINESTEERING,SOL_COMPUTED,SINGLE,21,13,13,13,BESTGNSSPOSA
0703002-0918-15-42-gnss_raw.txt,322.100,2436,459775.300,GPS标准时间,FINESTEERING,SOL_COMPUTED,SINGLE,21,11,11,11,BESTGNSSPOSA
0703002-0918-15-42-gnss_raw.txt,322.200,2436,459775.400,GPS标准时间,FINESTEERING,SOL_COMPUTED,SINGLE,21,9,9,9,BESTGNSSPOSA
0703002-0918-15-42-gnss_raw.txt,322.300,2436,459775.500,GPS标准时间,FINESTEERING,SOL_COMPUTED,SINGLE,21,9,9,9,BESTGNSSPOSA
0703002-0918-15-42-gnss_raw.txt,322.400,2436,459775.600,GPS标准时间,FINESTEERING,SOL_COMPUTED,SINGLE,21,9,9,9,BESTGNSSPOSA
0703002-0918-15-42-gnss_raw.txt,322.500,2436,459775.700,GPS标准时间,FINESTEERING,SOL_COMPUTED,SINGLE,22,10,10,10,BESTGNSSPOSA
0703002-0918-15-42-gnss_raw.txt,322.600,2436,459775.800,GPS标准时间,FINESTEERING,SOL_COMPUTED,SINGLE,22,10,10,10,BESTGNSSPOSA
0703002-0918-15-42-gnss_raw.txt,322.700,2436,459775.900,GPS标准时间,FINESTEERING,SOL_COMPUTED,SINGLE,22,9,9,9,BESTGNSSPOSA
0703002-0918-15-42-gnss_raw.txt,322.800,2436,459776.000,GPS标准时间,FINESTEERING,SOL_COMPUTED,SINGLE,22,8,8,8,BESTGNSSPOSA
0703002-0918-15-42-gnss_raw.txt,322.900,2436,459776.100,GPS标准时间,FINESTEERING,SOL_COMPUTED,SINGLE,22,14,14,14,BESTGNSSPOSA
0703002-0918-15-42-gnss_raw.txt,323.000,2436,459776.200,GPS标准时间,FINESTEERING,SOL_COMPUTED,SINGLE,22,14,14,14,BESTGNSSPOSA
0703002-0918-15-42-gnss_raw.txt,323.100,2436,459776.300,GPS标准时间,FINESTEERING,SOL_COMPUTED,SINGLE,22,13,13,13,BESTGNSSPOSA
0703002-0918-15-42-gnss_raw.txt,323.200,2436,459776.400,GPS标准时间,FINESTEERING,SOL_COMPUTED,SINGLE,22,13,13,13,BESTGNSSPOSA
0703002-0918-15-42-gnss_raw.txt,323.300,2436,459776.500,GPS标准时间,FINESTEERING,SOL_COMPUTED,SINGLE,22,13,13,13,BESTGNSSPOSA
0703002-0918-15-42-gnss_raw.txt,323.400,2436,459776.600,GPS标准时间,FINESTEERING,SOL_COMPUTED,SINGLE,22,13,13,13,BESTGNSSPOSA
0703002-0918-15-42-gnss_raw.txt,323.500,2436,459776.700,GPS标准时间,FINESTEERING,SOL_COMPUTED,SINGLE,22,10,10,10,BESTGNSSPOSA
0703002-0918-15-42-gnss_raw.txt,323.600,2436,459776.800,GPS标准时间,FINESTEERING,SOL_COMPUTED,SINGLE,22,12,12,12,BESTGNSSPOSA
0703002-0918-15-42-gnss_raw.txt,323.700,2436,459776.900,GPS标准时间,FINESTEERING,SOL_COMPUTED,SINGLE,21,12,12,12,BESTGNSSPOSA
0703002-0918-15-42-gnss_raw.txt,323.800,2436,459777.000,GPS标准时间,FINESTEERING,SOL_COMPUTED,SINGLE,21,12,12,12,BESTGNSSPOSA
0703002-0918-15-42-gnss_raw.txt,323.900,2436,459777.100,GPS标准时间,FINESTEERING,SOL_COMPUTED,SINGLE,21,15,15,15,BESTGNSSPOSA
0703002-0918-15-42-gnss_raw.txt,324.000,2436,459777.200,GPS标准时间,FINESTEERING,SOL_COMPUTED,SINGLE,20,14,14,14,BESTGNSSPOSA
0703002-0918-15-42-gnss_raw.txt,324.100,2436,459777.300,GPS标准时间,FINESTEERING,SOL_COMPUTED,SINGLE,20,14,14,14,BESTGNSSPOSA
0703002-0918-15-42-gnss_raw.txt,324.200,2436,459777.400,GPS标准时间,FINESTEERING,SOL_COMPUTED,SINGLE,20,15,15,15,BESTGNSSPOSA
0703002-0918-15-42-gnss_raw.txt,324.300,2436,459777.500,GPS标准时间,FINESTEERING,SOL_COMPUTED,SINGLE,20,14,14,14,BESTGNSSPOSA
0703002-0918-15-42-gnss_raw.txt,324.400,2436,459777.600,GPS标准时间,FINESTEERING,SOL_COMPUTED,SINGLE,20,14,14,14,BESTGNSSPOSA
0703002-0918-15-42-gnss_raw.txt,324.500,2436,459777.700,GPS标准时间,FINESTEERING,SOL_COMPUTED,SINGLE,20,14,14,14,BESTGNSSPOSA
0703002-0918-15-42-gnss_raw.txt,324.600,2436,459777.800,GPS标准时间,FINESTEERING,SOL_COMPUTED,SINGLE,20,14,14,14,BESTGNSSPOSA
0703002-0918-15-42-gnss_raw.txt,324.700,2436,459777.900,GPS标准时间,FINESTEERING,SOL_COMPUTED,SINGLE,20,13,13,13,BESTGNSSPOSA
0703002-0918-15-42-gnss_raw.txt,324.800,2436,459778.000,GPS标准时间,FINESTEERING,SOL_COMPUTED,SINGLE,20,12,12,12,BESTGNSSPOSA
0703002-0918-15-42-gnss_raw.txt,324.900,2436,459778.100,GPS标准时间,FINESTEERING,SOL_COMPUTED,SINGLE,20,11,11,11,BESTGNSSPOSA
0703002-0918-15-42-gnss_raw.txt,325.000,2436,459778.200,GPS标准时间,FINESTEERING,SOL_COMPUTED,SINGLE,20,12,12,12,BESTGNSSPOSA
0703002-0918-15-42-gnss_raw.txt,325.100,2436,459778.300,GPS标准时间,FINESTEERING,SOL_COMPUTED,SINGLE,20,13,13,13,BESTGNSSPOSA
0703002-0918-15-42-gnss_raw.txt,325.200,2436,459778.400,GPS标准时间,FINESTEERING,SOL_COMPUTED,SINGLE,20,15,15,15,BESTGNSSPOSA
0703002-0918-15-42-gnss_raw.txt,325.300,2436,459778.500,GPS标准时间,FINESTEERING,SOL_COMPUTED,SINGLE,20,15,15,15,BESTGNSSPOSA
0703002-0918-15-42-gnss_raw.txt,325.400,2436,459778.600,GPS标准时间,FINESTEERING,SOL_COMPUTED,SINGLE,20,14,14,14,BESTGNSSPOSA
0703002-0918-15-42-gnss_raw.txt,325.500,2436,459778.700,GPS标准时间,FINESTEERING,SOL_COMPUTED,SINGLE,20,12,12,12,BESTGNSSPOSA
0703002-0918-15-42-gnss_raw.txt,325.600,2436,459778.800,GPS标准时间,FINESTEERING,SOL_COMPUTED,SINGLE,20,13,13,13,BESTGNSSPOSA
0703002-0918-15-42-gnss_raw.txt,325.700,2436,459778.900,GPS标准时间,FINESTEERING,SOL_COMPUTED,SINGLE,20,15,15,15,BESTGNSSPOSA
0703002-0918-15-42-gnss_raw.txt,325.800,2436,459779.000,GPS标准时间,FINESTEERING,SOL_COMPUTED,SINGLE,20,16,16,16,BESTGNSSPOSA
0703002-0918-15-42-gnss_raw.txt,325.900,2436,459779.100,GPS标准时间,FINESTEERING,SOL_COMPUTED,SINGLE,20,11,11,11,BESTGNSSPOSA
0703002-0918-15-42-gnss_raw.txt,326.000,2436,459779.200,GPS标准时间,FINESTEERING,SOL_COMPUTED,SINGLE,20,15,15,15,BESTGNSSPOSA
0703002-0918-15-42-gnss_raw.txt,326.100,2436,459779.300,GPS标准时间,FINESTEERING,SOL_COMPUTED,SINGLE,20,15,15,15,BESTGNSSPOSA
0703002-0918-15-42-gnss_raw.txt,326.200,2436,459779.400,GPS标准时间,FINESTEERING,SOL_COMPUTED,SINGLE,20,14,14,14,BESTGNSSPOSA
0703002-0918-15-42-gnss_raw.txt,326.300,2436,459779.500,GPS标准时间,FINESTEERING,SOL_COMPUTED,SINGLE,20,14,14,14,BESTGNSSPOSA
0703002-0918-15-42-gnss_raw.txt,326.400,2436,459779.600,GPS标准时间,FINESTEERING,SOL_COMPUTED,SINGLE,20,14,14,14,BESTGNSSPOSA
0703002-0918-15-42-gnss_raw.txt,326.500,2436,459779.700,GPS标准时间,FINESTEERING,SOL_COMPUTED,SINGLE,20,13,13,13,BESTGNSSPOSA
0703002-0918-15-42-gnss_raw.txt,326.600,2436,459779.800,GPS标准时间,FINESTEERING,SOL_COMPUTED,SINGLE,20,13,13,13,BESTGNSSPOSA
0703002-0918-15-42-gnss_raw.txt,326.700,2436,459779.900,GPS标准时间,FINESTEERING,SOL_COMPUTED,SINGLE,20,14,14,14,BESTGNSSPOSA
0703002-0918-15-42-gnss_raw.txt,326.800,2436,459780.000,GPS标准时间,FINESTEERING,SOL_COMPUTED,SINGLE,20,13,13,13,BESTGNSSPOSA
0703002-0918-15-42-gnss_raw.txt,326.900,2436,459780.100,GPS标准时间,FINESTEERING,SOL_COMPUTED,SINGLE,20,13,13,13,BESTGNSSPOSA
0703002-0918-15-42-gnss_raw.txt,327.000,2436,459780.200,GPS标准时间,FINESTEERING,SOL_COMPUTED,SINGLE,20,13,13,13,BESTGNSSPOSA
0703002-0918-15-42-gnss_raw.txt,327.100,2436,459780.300,GPS标准时间,FINESTEERING,SOL_COMPUTED,SINGLE,20,13,13,13,BESTGNSSPOSA
0703002-0918-15-42-gnss_raw.txt,327.200,2436,459780.400,GPS标准时间,FINESTEERING,SOL_COMPUTED,SINGLE,20,12,12,12,BESTGNSSPOSA
0703002-0918-15-42-gnss_raw.txt,327.300,2436,459780.500,GPS标准时间,FINESTEERING,SOL_COMPUTED,SINGLE,20,13,13,13,BESTGNSSPOSA
0703002-0918-15-42-gnss_raw.txt,327.400,2436,459780.600,GPS标准时间,FINESTEERING,SOL_COMPUTED,SINGLE,20,13,13,13,BESTGNSSPOSA
0703002-0918-15-42-gnss_raw.txt,327.500,2436,459780.700,GPS标准时间,FINESTEERING,SOL_COMPUTED,SINGLE,20,14,14,14,BESTGNSSPOSA
0703002-0918-15-42-gnss_raw.txt,327.600,2436,459780.800,GPS标准时间,FINESTEERING,SOL_COMPUTED,SINGLE,20,14,14,14,BESTGNSSPOSA
0703002-0918-15-42-gnss_raw.txt,327.700,2436,459780.900,GPS标准时间,FINESTEERING,SOL_COMPUTED,SINGLE,20,12,12,12,BESTGNSSPOSA
0703002-0918-15-42-gnss_raw.txt,327.800,2436,459781.000,GPS标准时间,FINESTEERING,SOL_COMPUTED,SINGLE,20,13,13,13,BESTGNSSPOSA
0703002-0918-15-42-gnss_raw.txt,327.900,2436,459781.100,GPS标准时间,FINESTEERING,SOL_COMPUTED,SINGLE,20,13,13,13,BESTGNSSPOSA
0703002-0918-15-42-gnss_raw.txt,328.000,2436,459781.200,GPS标准时间,FINESTEERING,SOL_COMPUTED,SINGLE,20,13,13,13,BESTGNSSPOSA
0703002-0918-15-42-gnss_raw.txt,328.100,2436,459781.300,GPS标准时间,FINESTEERING,SOL_COMPUTED,SINGLE,20,13,13,13,BESTGNSSPOSA
0703002-0918-15-42-gnss_raw.txt,328.200,2436,459781.400,GPS标准时间,FINESTEERING,SOL_COMPUTED,SINGLE,20,12,12,12,BESTGNSSPOSA
0703002-0918-15-42-gnss_raw.txt,328.300,2436,459781.500,GPS标准时间,FINESTEERING,SOL_COMPUTED,SINGLE,20,13,13,13,BESTGNSSPOSA
0703002-0918-15-42-gnss_raw.txt,328.400,2436,459781.600,GPS标准时间,FINESTEERING,SOL_COMPUTED,SINGLE,20,13,13,13,BESTGNSSPOSA
0703002-0918-15-42-gnss_raw.txt,328.500,2436,459781.700,GPS标准时间,FINESTEERING,SOL_COMPUTED,SINGLE,20,12,12,12,BESTGNSSPOSA
0703002-0918-15-42-gnss_raw.txt,328.600,2436,459781.800,GPS标准时间,FINESTEERING,SOL_COMPUTED,SINGLE,20,14,14,14,BESTGNSSPOSA
0703002-0918-15-42-gnss_raw.txt,328.700,2436,459781.900,GPS标准时间,FINESTEERING,SOL_COMPUTED,SINGLE,20,14,14,14,BESTGNSSPOSA
0703002-0918-15-42-gnss_raw.txt,328.800,2436,459782.000,GPS标准时间,FINESTEERING,SOL_COMPUTED,SINGLE,20,12,12,12,BESTGNSSPOSA
0703002-0918-15-42-gnss_raw.txt,328.900,2436,459782.100,GPS标准时间,FINESTEERING,SOL_COMPUTED,SINGLE,20,12,12,12,BESTGNSSPOSA
0703002-0918-15-42-gnss_raw.txt,329.000,2436,459782.200,GPS标准时间,FINESTEERING,SOL_COMPUTED,SINGLE,20,12,12,12,BESTGNSSPOSA
0703002-0918-15-42-gnss_raw.txt,329.100,2436,459782.300,GPS标准时间,FINESTEERING,SOL_COMPUTED,SINGLE,20,13,13,13,BESTGNSSPOSA
0703002-0918-15-42-gnss_raw.txt,329.200,2436,459782.400,GPS标准时间,FINESTEERING,SOL_COMPUTED,SINGLE,20,13,13,13,BESTGNSSPOSA
0703002-0918-15-42-gnss_raw.txt,329.300,2436,459782.500,GPS标准时间,FINESTEERING,SOL_COMPUTED,SINGLE,20,14,14,14,BESTGNSSPOSA
0703002-0918-15-42-gnss_raw.txt,329.400,2436,459782.600,GPS标准时间,FINESTEERING,SOL_COMPUTED,SINGLE,20,14,14,14,BESTGNSSPOSA
0703002-0918-15-42-gnss_raw.txt,329.500,2436,459782.700,GPS标准时间,FINESTEERING,SOL_COMPUTED,SINGLE,20,14,14,14,BESTGNSSPOSA
0703002-0918-15-42-gnss_raw.txt,329.600,2436,459782.800,GPS标准时间,FINESTEERING,SOL_COMPUTED,SINGLE,20,13,13,13,BESTGNSSPOSA
0703002-0918-15-42-gnss_raw.txt,329.700,2436,459782.900,GPS标准时间,FINESTEERING,SOL_COMPUTED,SINGLE,20,13,13,13,BESTGNSSPOSA
0703002-0918-15-42-gnss_raw.txt,329.800,2436,459783.000,GPS标准时间,FINESTEERING,SOL_COMPUTED,SINGLE,20,14,14,14,BESTGNSSPOSA
0703002-0918-15-42-gnss_raw.txt,329.900,2436,459783.100,GPS标准时间,FINESTEERING,SOL_COMPUTED,SINGLE,20,12,12,12,BESTGNSSPOSA
0703002-0918-15-42-gnss_raw.txt,330.000,2436,459783.200,GPS标准时间,FINESTEERING,SOL_COMPUTED,SINGLE,20,9,9,9,BESTGNSSPOSA
0703002-0918-15-42-gnss_raw.txt,330.100,2436,459783.300,GPS标准时间,FINESTEERING,SOL_COMPUTED,SINGLE,20,9,9,9,BESTGNSSPOSA
0703002-0918-15-42-gnss_raw.txt,330.200,2436,459783.400,GPS标准时间,FINESTEERING,SOL_COMPUTED,SINGLE,20,9,9,9,BESTGNSSPOSA
0703002-0918-15-42-gnss_raw.txt,330.300,2436,459783.500,GPS标准时间,FINESTEERING,SOL_COMPUTED,NONE,20,0,0,0,BESTGNSSPOSA
0703002-0918-15-42-gnss_raw.txt,330.400,2436,459783.600,GPS标准时间,FINESTEERING,SOL_COMPUTED,SINGLE,20,9,9,9,BESTGNSSPOSA
0703002-0918-15-42-gnss_raw.txt,330.500,2436,459783.700,GPS标准时间,FINESTEERING,SOL_COMPUTED,SINGLE,20,9,9,9,BESTGNSSPOSA
0703002-0918-15-42-gnss_raw.txt,330.600,2436,459783.800,GPS标准时间,FINESTEERING,SOL_COMPUTED,SINGLE,20,9,9,9,BESTGNSSPOSA
0703002-0918-15-42-gnss_raw.txt,330.700,2436,459783.900,GPS标准时间,FINESTEERING,SOL_COMPUTED,SINGLE,20,10,10,10,BESTGNSSPOSA
0703002-0918-15-42-gnss_raw.txt,330.800,2436,459784.000,GPS标准时间,FINESTEERING,SOL_COMPUTED,SINGLE,20,9,9,9,BESTGNSSPOSA
0703002-0918-15-42-gnss_raw.txt,330.900,2436,459784.100,GPS标准时间,FINESTEERING,SOL_COMPUTED,SINGLE,20,9,9,9,BESTGNSSPOSA
0703002-0918-15-42-gnss_raw.txt,331.000,2436,459784.200,GPS标准时间,FINESTEERING,SOL_COMPUTED,SINGLE,20,10,10,10,BESTGNSSPOSA
0703002-0918-15-42-gnss_raw.txt,331.100,2436,459784.300,GPS标准时间,FINESTEERING,SOL_COMPUTED,SINGLE,20,9,9,9,BESTGNSSPOSA
0703002-0918-15-42-gnss_raw.txt,331.200,2436,459784.400,GPS标准时间,FINESTEERING,SOL_COMPUTED,SINGLE,20,10,10,10,BESTGNSSPOSA
0703002-0918-15-42-gnss_raw.txt,331.300,2436,459784.500,GPS标准时间,FINESTEERING,SOL_COMPUTED,SINGLE,20,10,10,10,BESTGNSSPOSA
0703002-0918-15-42-gnss_raw.txt,331.400,2436,459784.600,GPS标准时间,FINESTEERING,SOL_COMPUTED,SINGLE,20,9,9,9,BESTGNSSPOSA
0703002-0918-15-42-gnss_raw.txt,331.500,2436,459784.700,GPS标准时间,FINESTEERING,SOL_COMPUTED,SINGLE,20,9,9,9,BESTGNSSPOSA
0703002-0918-15-42-gnss_raw.txt,331.600,2436,459784.800,GPS标准时间,FINESTEERING,SOL_COMPUTED,SINGLE,20,10,10,10,BESTGNSSPOSA
0703002-0918-15-42-gnss_raw.txt,331.700,2436,459784.900,GPS标准时间,FINESTEERING,SOL_COMPUTED,SINGLE,20,10,10,10,BESTGNSSPOSA
0703002-0918-15-42-gnss_raw.txt,331.800,2436,459785.000,GPS标准时间,FINESTEERING,SOL_COMPUTED,SINGLE,20,9,9,9,BESTGNSSPOSA
0703002-0918-15-42-gnss_raw.txt,331.900,2436,459785.100,GPS标准时间,FINESTEERING,SOL_COMPUTED,SINGLE,20,9,9,9,BESTGNSSPOSA
0703002-0918-15-42-gnss_raw.txt,332.000,2436,459785.200,GPS标准时间,FINESTEERING,SOL_COMPUTED,SINGLE,20,9,9,9,BESTGNSSPOSA
0703002-0918-15-42-gnss_raw.txt,332.100,2436,459785.300,GPS标准时间,FINESTEERING,SOL_COMPUTED,SINGLE,20,9,9,9,BESTGNSSPOSA
0703002-0918-15-42-gnss_raw.txt,332.200,2436,459785.400,GPS标准时间,FINESTEERING,SOL_COMPUTED,NONE,20,0,0,0,BESTGNSSPOSA
0703002-0918-15-42-gnss_raw.txt,332.300,2436,459785.500,GPS标准时间,FINESTEERING,SOL_COMPUTED,SINGLE,20,8,8,8,BESTGNSSPOSA
0703002-0918-15-42-gnss_raw.txt,332.400,2436,459785.600,GPS标准时间,FINESTEERING,SOL_COMPUTED,SINGLE,20,8,8,8,BESTGNSSPOSA
0703002-0918-15-42-gnss_raw.txt,332.500,2436,459785.700,GPS标准时间,FINESTEERING,SOL_COMPUTED,SINGLE,20,9,9,9,BESTGNSSPOSA
0703002-0918-15-42-gnss_raw.txt,332.600,2436,459785.800,GPS标准时间,FINESTEERING,SOL_COMPUTED,NONE,20,0,0,0,BESTGNSSPOSA
0703002-0918-15-42-gnss_raw.txt,332.700,2436,459785.900,GPS标准时间,FINESTEERING,SOL_COMPUTED,SINGLE,20,9,9,9,BESTGNSSPOSA
0703002-0918-15-42-gnss_raw.txt,332.800,2436,459786.000,GPS标准时间,FINESTEERING,SOL_COMPUTED,SINGLE,20,9,9,9,BESTGNSSPOSA
0703002-0918-15-42-gnss_raw.txt,332.900,2436,459786.100,GPS标准时间,FINESTEERING,SOL_COMPUTED,SINGLE,20,9,9,9,BESTGNSSPOSA
0703002-0918-15-42-gnss_raw.txt,333.000,2436,459786.200,GPS标准时间,FINESTEERING,SOL_COMPUTED,SINGLE,20,9,9,9,BESTGNSSPOSA
0703002-0918-15-42-gnss_raw.txt,333.100,2436,459786.300,GPS标准时间,FINESTEERING,SOL_COMPUTED,SINGLE,20,9,9,9,BESTGNSSPOSA
0703002-0918-15-42-gnss_raw.txt,333.200,2436,459786.400,GPS标准时间,FINESTEERING,SOL_COMPUTED,SINGLE,20,8,8,8,BESTGNSSPOSA
0703002-0918-15-42-gnss_raw.txt,333.300,2436,459786.500,GPS标准时间,FINESTEERING,SOL_COMPUTED,SINGLE,20,8,8,8,BESTGNSSPOSA
0703002-0918-15-42-gnss_raw.txt,333.400,2436,459786.600,GPS标准时间,FINESTEERING,SOL_COMPUTED,SINGLE,19,8,8,8,BESTGNSSPOSA
0703002-0918-15-42-gnss_raw.txt,333.500,2436,459786.700,GPS标准时间,FINESTEERING,SOL_COMPUTED,SINGLE,19,9,9,9,BESTGNSSPOSA
0703002-0918-15-42-gnss_raw.txt,333.600,2436,459786.800,GPS标准时间,FINESTEERING,SOL_COMPUTED,SINGLE,19,9,9,9,BESTGNSSPOSA
0703002-0918-15-42-gnss_raw.txt,333.700,2436,459786.900,GPS标准时间,FINESTEERING,SOL_COMPUTED,SINGLE,19,9,9,9,BESTGNSSPOSA
0703002-0918-15-42-gnss_raw.txt,333.800,2436,459787.000,GPS标准时间,FINESTEERING,SOL_COMPUTED,SINGLE,19,10,10,10,BESTGNSSPOSA
0703002-0918-15-42-gnss_raw.txt,333.900,2436,459787.100,GPS标准时间,FINESTEERING,SOL_COMPUTED,SINGLE,19,9,9,9,BESTGNSSPOSA
0703002-0918-15-42-gnss_raw.txt,334.000,2436,459787.200,GPS标准时间,FINESTEERING,SOL_COMPUTED,SINGLE,19,10,10,10,BESTGNSSPOSA
0703002-0918-15-42-gnss_raw.txt,334.100,2436,459787.300,GPS标准时间,FINESTEERING,SOL_COMPUTED,SINGLE,19,9,9,9,BESTGNSSPOSA
0703002-0918-15-42-gnss_raw.txt,334.200,2436,459787.400,GPS标准时间,FINESTEERING,SOL_COMPUTED,SINGLE,19,9,9,9,BESTGNSSPOSA
0703002-0918-15-42-gnss_raw.txt,334.300,2436,459787.500,GPS标准时间,FINESTEERING,SOL_COMPUTED,NONE,19,0,0,0,BESTGNSSPOSA
0703002-0918-15-42-gnss_raw.txt,334.400,2436,459787.600,GPS标准时间,FINESTEERING,SOL_COMPUTED,SINGLE,19,9,9,9,BESTGNSSPOSA
0703002-0918-15-42-gnss_raw.txt,334.500,2436,459787.700,GPS标准时间,FINESTEERING,SOL_COMPUTED,SINGLE,19,9,9,9,BESTGNSSPOSA
0703002-0918-15-42-gnss_raw.txt,334.600,2436,459787.800,GPS标准时间,FINESTEERING,SOL_COMPUTED,SINGLE,19,9,9,9,BESTGNSSPOSA
0703002-0918-15-42-gnss_raw.txt,334.700,2436,459787.900,GPS标准时间,FINESTEERING,SOL_COMPUTED,SINGLE,19,8,8,8,BESTGNSSPOSA
0703002-0918-15-42-gnss_raw.txt,334.800,2436,459788.000,GPS标准时间,FINESTEERING,SOL_COMPUTED,SINGLE,19,9,9,9,BESTGNSSPOSA
0703002-0918-15-42-gnss_raw.txt,334.900,2436,459788.100,GPS标准时间,FINESTEERING,SOL_COMPUTED,NONE,19,0,0,0,BESTGNSSPOSA
0703002-0918-15-42-gnss_raw.txt,335.000,2436,459788.200,GPS标准时间,FINESTEERING,SOL_COMPUTED,SINGLE,19,8,8,8,BESTGNSSPOSA
0703002-0918-15-42-gnss_raw.txt,335.100,2436,459788.300,GPS标准时间,FINESTEERING,SOL_COMPUTED,SINGLE,19,8,8,8,BESTGNSSPOSA
0703002-0918-15-42-gnss_raw.txt,335.200,2436,459788.400,GPS标准时间,FINESTEERING,SOL_COMPUTED,SINGLE,19,10,10,10,BESTGNSSPOSA
0703002-0918-15-42-gnss_raw.txt,335.300,2436,459788.500,GPS标准时间,FINESTEERING,SOL_COMPUTED,SINGLE,19,8,8,8,BESTGNSSPOSA
0703002-0918-15-42-gnss_raw.txt,335.400,2436,459788.600,GPS标准时间,FINESTEERING,SOL_COMPUTED,SINGLE,19,8,8,8,BESTGNSSPOSA
0703002-0918-15-42-gnss_raw.txt,335.500,2436,459788.700,GPS标准时间,FINESTEERING,SOL_COMPUTED,SINGLE,19,11,11,11,BESTGNSSPOSA
0703002-0918-15-42-gnss_raw.txt,335.600,2436,459788.800,GPS标准时间,FINESTEERING,SOL_COMPUTED,SINGLE,19,12,12,12,BESTGNSSPOSA
0703002-0918-15-42-gnss_raw.txt,335.700,2436,459788.900,GPS标准时间,FINESTEERING,SOL_COMPUTED,SINGLE,19,11,11,11,BESTGNSSPOSA
0703002-0918-15-42-gnss_raw.txt,335.800,2436,459789.000,GPS标准时间,FINESTEERING,SOL_COMPUTED,SINGLE,19,10,10,10,BESTGNSSPOSA
0703002-0918-15-42-gnss_raw.txt,335.900,2436,459789.100,GPS标准时间,FINESTEERING,SOL_COMPUTED,SINGLE,20,11,11,11,BESTGNSSPOSA
0703002-0918-15-42-gnss_raw.txt,336.000,2436,459789.200,GPS标准时间,FINESTEERING,SOL_COMPUTED,SINGLE,20,11,11,11,BESTGNSSPOSA
0703002-0918-15-42-gnss_raw.txt,336.100,2436,459789.300,GPS标准时间,FINESTEERING,SOL_COMPUTED,SINGLE,20,12,12,12,BESTGNSSPOSA
0703002-0918-15-42-gnss_raw.txt,336.200,2436,459789.400,GPS标准时间,FINESTEERING,SOL_COMPUTED,SINGLE,20,12,12,12,BESTGNSSPOSA
0703002-0918-15-42-gnss_raw.txt,336.300,2436,459789.500,GPS标准时间,FINESTEERING,SOL_COMPUTED,SINGLE,20,11,11,11,BESTGNSSPOSA
0703002-0918-15-42-gnss_raw.txt,336.400,2436,459789.600,GPS标准时间,FINESTEERING,SOL_COMPUTED,SINGLE,20,11,11,11,BESTGNSSPOSA
0703002-0918-15-42-gnss_raw.txt,336.500,2436,459789.700,GPS标准时间,FINESTEERING,SOL_COMPUTED,SINGLE,20,10,10,10,BESTGNSSPOSA
0703002-0918-15-42-gnss_raw.txt,336.600,2436,459789.800,GPS标准时间,FINESTEERING,SOL_COMPUTED,SINGLE,20,12,12,12,BESTGNSSPOSA
0703002-0918-15-42-gnss_raw.txt,336.700,2436,459789.900,GPS标准时间,FINESTEERING,SOL_COMPUTED,SINGLE,20,11,11,11,BESTGNSSPOSA
0703002-0918-15-42-gnss_raw.txt,336.800,2436,459790.000,GPS标准时间,FINESTEERING,SOL_COMPUTED,SINGLE,20,12,12,12,BESTGNSSPOSA
0703002-0918-15-42-gnss_raw.txt,336.900,2436,459790.100,GPS标准时间,FINESTEERING,SOL_COMPUTED,SINGLE,20,11,11,11,BESTGNSSPOSA
0703002-0918-15-42-gnss_raw.txt,337.000,2436,459790.200,GPS标准时间,FINESTEERING,SOL_COMPUTED,SINGLE,20,12,12,12,BESTGNSSPOSA
0703002-0918-15-42-gnss_raw.txt,337.100,2436,459790.300,GPS标准时间,FINESTEERING,SOL_COMPUTED,SINGLE,20,11,11,11,BESTGNSSPOSA
0703002-0918-15-42-gnss_raw.txt,337.200,2436,459790.400,GPS标准时间,FINESTEERING,SOL_COMPUTED,SINGLE,20,10,10,10,BESTGNSSPOSA
0703002-0918-15-42-gnss_raw.txt,337.300,2436,459790.500,GPS标准时间,FINESTEERING,SOL_COMPUTED,SINGLE,20,10,10,10,BESTGNSSPOSA
0703002-0918-15-42-gnss_raw.txt,337.400,2436,459790.600,GPS标准时间,FINESTEERING,SOL_COMPUTED,SINGLE,20,10,10,10,BESTGNSSPOSA
0703002-0918-15-42-gnss_raw.txt,337.500,2436,459790.700,GPS标准时间,FINESTEERING,SOL_COMPUTED,SINGLE,20,12,12,12,BESTGNSSPOSA
0703002-0918-15-42-gnss_raw.txt,337.600,2436,459790.800,GPS标准时间,FINESTEERING,SOL_COMPUTED,SINGLE,20,12,12,12,BESTGNSSPOSA
0703002-0918-15-42-gnss_raw.txt,337.700,2436,459790.900,GPS标准时间,FINESTEERING,SOL_COMPUTED,SINGLE,20,11,11,11,BESTGNSSPOSA
0703002-0918-15-42-gnss_raw.txt,337.800,2436,459791.000,GPS标准时间,FINESTEERING,SOL_COMPUTED,SINGLE,20,12,12,12,BESTGNSSPOSA
0703002-0918-15-42-gnss_raw.txt,337.900,2436,459791.100,GPS标准时间,FINESTEERING,SOL_COMPUTED,SINGLE,20,11,11,11,BESTGNSSPOSA
0703002-0918-15-42-gnss_raw.txt,338.000,2436,459791.200,GPS标准时间,FINESTEERING,SOL_COMPUTED,SINGLE,20,12,12,12,BESTGNSSPOSA
0703002-0918-15-42-gnss_raw.txt,338.100,2436,459791.300,GPS标准时间,FINESTEERING,SOL_COMPUTED,SINGLE,20,11,11,11,BESTGNSSPOSA
0703002-0918-15-42-gnss_raw.txt,338.200,2436,459791.400,GPS标准时间,FINESTEERING,SOL_COMPUTED,SINGLE,20,12,12,12,BESTGNSSPOSA
0703002-0918-15-42-gnss_raw.txt,338.300,2436,459791.500,GPS标准时间,FINESTEERING,SOL_COMPUTED,SINGLE,20,11,11,11,BESTGNSSPOSA
0703002-0918-15-42-gnss_raw.txt,338.400,2436,459791.600,GPS标准时间,FINESTEERING,SOL_COMPUTED,SINGLE,20,11,11,11,BESTGNSSPOSA
0703002-0918-15-42-gnss_raw.txt,338.500,2436,459791.700,GPS标准时间,FINESTEERING,SOL_COMPUTED,SINGLE,20,11,11,11,BESTGNSSPOSA
0703002-0918-15-42-gnss_raw.txt,338.600,2436,459791.800,GPS标准时间,FINESTEERING,SOL_COMPUTED,SINGLE,20,11,11,11,BESTGNSSPOSA
0703002-0918-15-42-gnss_raw.txt,338.700,2436,459791.900,GPS标准时间,FINESTEERING,SOL_COMPUTED,SINGLE,20,11,11,11,BESTGNSSPOSA
0703002-0918-15-42-gnss_raw.txt,338.800,2436,459792.000,GPS标准时间,FINESTEERING,SOL_COMPUTED,SINGLE,20,10,10,10,BESTGNSSPOSA
0703002-0918-15-42-gnss_raw.txt,338.900,2436,459792.100,GPS标准时间,FINESTEERING,SOL_COMPUTED,SINGLE,20,11,11,11,BESTGNSSPOSA
0703002-0918-15-42-gnss_raw.txt,339.000,2436,459792.200,GPS标准时间,FINESTEERING,SOL_COMPUTED,SINGLE,20,11,11,11,BESTGNSSPOSA
0703002-0918-15-42-gnss_raw.txt,339.100,2436,459792.300,GPS标准时间,FINESTEERING,SOL_COMPUTED,SINGLE,20,10,10,10,BESTGNSSPOSA
0703002-0918-15-42-gnss_raw.txt,339.200,2436,459792.400,GPS标准时间,FINESTEERING,SOL_COMPUTED,SINGLE,20,11,11,11,BESTGNSSPOSA
0703002-0918-15-42-gnss_raw.txt,339.300,2436,459792.500,GPS标准时间,FINESTEERING,SOL_COMPUTED,SINGLE,20,10,10,10,BESTGNSSPOSA
0703002-0918-15-42-gnss_raw.txt,339.400,2436,459792.600,GPS标准时间,FINESTEERING,SOL_COMPUTED,SINGLE,20,11,11,11,BESTGNSSPOSA
0703002-0918-15-42-gnss_raw.txt,339.500,2436,459792.700,GPS标准时间,FINESTEERING,SOL_COMPUTED,SINGLE,20,11,11,11,BESTGNSSPOSA
0703002-0918-15-42-gnss_raw.txt,339.600,2436,459792.800,GPS标准时间,FINESTEERING,SOL_COMPUTED,SINGLE,20,10,10,10,BESTGNSSPOSA
0703002-0918-15-42-gnss_raw.txt,339.700,2436,459792.900,GPS标准时间,FINESTEERING,SOL_COMPUTED,SINGLE,20,10,10,10,BESTGNSSPOSA
0703002-0918-15-42-gnss_raw.txt,339.800,2436,459793.000,GPS标准时间,FINESTEERING,SOL_COMPUTED,SINGLE,20,10,10,10,BESTGNSSPOSA
0703002-0918-15-42-gnss_raw.txt,339.900,2436,459793.100,GPS标准时间,FINESTEERING,SOL_COMPUTED,SINGLE,20,11,11,11,BESTGNSSPOSA
0703002-0918-15-42-gnss_raw.txt,340.000,2436,459793.200,GPS标准时间,FINESTEERING,SOL_COMPUTED,SINGLE,20,11,11,11,BESTGNSSPOSA
0703002-0918-15-42-gnss_raw.txt,340.100,2436,459793.300,GPS标准时间,FINESTEERING,SOL_COMPUTED,SINGLE,20,12,12,12,BESTGNSSPOSA
0703002-0918-15-42-gnss_raw.txt,340.200,2436,459793.400,GPS标准时间,FINESTEERING,SOL_COMPUTED,SINGLE,20,12,12,12,BESTGNSSPOSA
0703002-0918-15-42-gnss_raw.txt,340.300,2436,459793.500,GPS标准时间,FINESTEERING,SOL_COMPUTED,SINGLE,20,11,11,11,BESTGNSSPOSA
0703002-0918-15-42-gnss_raw.txt,340.400,2436,459793.600,GPS标准时间,FINESTEERING,SOL_COMPUTED,SINGLE,20,11,11,11,BESTGNSSPOSA
0703002-0918-15-42-gnss_raw.txt,340.500,2436,459793.700,GPS标准时间,FINESTEERING,SOL_COMPUTED,SINGLE,20,13,13,13,BESTGNSSPOSA
0703002-0918-15-42-gnss_raw.txt,340.600,2436,459793.800,GPS标准时间,FINESTEERING,SOL_COMPUTED,SINGLE,20,13,13,13,BESTGNSSPOSA
0703002-0918-15-42-gnss_raw.txt,340.700,2436,459793.900,GPS标准时间,FINESTEERING,SOL_COMPUTED,SINGLE,20,14,14,14,BESTGNSSPOSA
0703002-0918-15-42-gnss_raw.txt,340.800,2436,459794.000,GPS标准时间,FINESTEERING,SOL_COMPUTED,SINGLE,20,13,13,13,BESTGNSSPOSA
0703002-0918-15-42-gnss_raw.txt,340.900,2436,459794.100,GPS标准时间,FINESTEERING,SOL_COMPUTED,SINGLE,20,12,12,12,BESTGNSSPOSA
0703002-0918-15-42-gnss_raw.txt,341.000,2436,459794.200,GPS标准时间,FINESTEERING,SOL_COMPUTED,SINGLE,20,12,12,12,BESTGNSSPOSA
0703002-0918-15-42-gnss_raw.txt,341.100,2436,459794.300,GPS标准时间,FINESTEERING,SOL_COMPUTED,SINGLE,20,12,12,12,BESTGNSSPOSA
0703002-0918-15-42-gnss_raw.txt,341.200,2436,459794.400,GPS标准时间,FINESTEERING,SOL_COMPUTED,SINGLE,20,12,12,12,BESTGNSSPOSA
0703002-0918-15-42-gnss_raw.txt,341.300,2436,459794.500,GPS标准时间,FINESTEERING,SOL_COMPUTED,SINGLE,20,12,12,12,BESTGNSSPOSA
0703002-0918-15-42-gnss_raw.txt,341.400,2436,459794.600,GPS标准时间,FINESTEERING,SOL_COMPUTED,SINGLE,20,12,12,12,BESTGNSSPOSA
0703002-0918-15-42-gnss_raw.txt,341.500,2436,459794.700,GPS标准时间,FINESTEERING,SOL_COMPUTED,SINGLE,20,12,12,12,BESTGNSSPOSA
0703002-0918-15-42-gnss_raw.txt,341.600,2436,459794.800,GPS标准时间,FINESTEERING,SOL_COMPUTED,SINGLE,20,11,11,11,BESTGNSSPOSA
0703002-0918-15-42-gnss_raw.txt,341.700,2436,459794.900,GPS标准时间,FINESTEERING,SOL_COMPUTED,SINGLE,20,12,12,12,BESTGNSSPOSA
0703002-0918-15-42-gnss_raw.txt,341.800,2436,459795.000,GPS标准时间,FINESTEERING,SOL_COMPUTED,SINGLE,20,12,12,12,BESTGNSSPOSA
0703002-0918-15-42-gnss_raw.txt,341.900,2436,459795.100,GPS标准时间,FINESTEERING,SOL_COMPUTED,SINGLE,20,11,11,11,BESTGNSSPOSA
0703002-0918-15-42-gnss_raw.txt,342.000,2436,459795.200,GPS标准时间,FINESTEERING,SOL_COMPUTED,SINGLE,20,10,10,10,BESTGNSSPOSA
0703002-0918-15-42-gnss_raw.txt,342.100,2436,459795.300,GPS标准时间,FINESTEERING,SOL_COMPUTED,SINGLE,20,10,10,10,BESTGNSSPOSA
0703002-0918-15-42-gnss_raw.txt,342.200,2436,459795.400,GPS标准时间,FINESTEERING,SOL_COMPUTED,SINGLE,20,11,11,11,BESTGNSSPOSA
0703002-0918-15-42-gnss_raw.txt,342.300,2436,459795.500,GPS标准时间,FINESTEERING,SOL_COMPUTED,SINGLE,20,11,11,11,BESTGNSSPOSA
0703002-0918-15-42-gnss_raw.txt,342.400,2436,459795.600,GPS标准时间,FINESTEERING,SOL_COMPUTED,SINGLE,20,11,11,11,BESTGNSSPOSA
0703002-0918-15-42-gnss_raw.txt,342.500,2436,459795.700,GPS标准时间,FINESTEERING,SOL_COMPUTED,SINGLE,20,11,11,11,BESTGNSSPOSA
0703002-0918-15-42-gnss_raw.txt,342.600,2436,459795.800,GPS标准时间,FINESTEERING,SOL_COMPUTED,SINGLE,20,10,10,10,BESTGNSSPOSA
0703002-0918-15-42-gnss_raw.txt,342.700,2436,459795.900,GPS标准时间,FINESTEERING,SOL_COMPUTED,SINGLE,20,11,11,11,BESTGNSSPOSA
0703002-0918-15-42-gnss_raw.txt,342.800,2436,459796.000,GPS标准时间,FINESTEERING,SOL_COMPUTED,SINGLE,20,12,12,12,BESTGNSSPOSA
0703002-0918-15-42-gnss_raw.txt,342.900,2436,459796.100,GPS标准时间,FINESTEERING,SOL_COMPUTED,SINGLE,20,13,13,13,BESTGNSSPOSA
0703002-0918-15-42-gnss_raw.txt,343.000,2436,459796.200,GPS标准时间,FINESTEERING,SOL_COMPUTED,SINGLE,20,12,12,12,BESTGNSSPOSA
0703002-0918-15-42-gnss_raw.txt,343.100,2436,459796.300,GPS标准时间,FINESTEERING,SOL_COMPUTED,SINGLE,20,11,11,11,BESTGNSSPOSA
0703002-0918-15-42-gnss_raw.txt,343.200,2436,459796.400,GPS标准时间,FINESTEERING,SOL_COMPUTED,SINGLE,20,10,10,10,BESTGNSSPOSA
0703002-0918-15-42-gnss_raw.txt,343.300,2436,459796.500,GPS标准时间,FINESTEERING,SOL_COMPUTED,SINGLE,20,10,10,10,BESTGNSSPOSA
0703002-0918-15-42-gnss_raw.txt,343.400,2436,459796.600,GPS标准时间,FINESTEERING,SOL_COMPUTED,SINGLE,20,11,11,11,BESTGNSSPOSA
0703002-0918-15-42-gnss_raw.txt,343.500,2436,459796.700,GPS标准时间,FINESTEERING,SOL_COMPUTED,SINGLE,20,12,12,12,BESTGNSSPOSA
0703002-0918-15-42-gnss_raw.txt,343.600,2436,459796.800,GPS标准时间,FINESTEERING,SOL_COMPUTED,SINGLE,20,11,11,11,BESTGNSSPOSA
0703002-0918-15-42-gnss_raw.txt,343.700,2436,459796.900,GPS标准时间,FINESTEERING,SOL_COMPUTED,SINGLE,20,12,12,12,BESTGNSSPOSA
0703002-0918-15-42-gnss_raw.txt,343.800,2436,459797.000,GPS标准时间,FINESTEERING,SOL_COMPUTED,SINGLE,20,11,11,11,BESTGNSSPOSA
0703002-0918-15-42-gnss_raw.txt,343.900,2436,459797.100,GPS标准时间,FINESTEERING,SOL_COMPUTED,SINGLE,20,12,12,12,BESTGNSSPOSA
0703002-0918-15-42-gnss_raw.txt,344.000,2436,459797.200,GPS标准时间,FINESTEERING,SOL_COMPUTED,SINGLE,20,12,12,12,BESTGNSSPOSA
0703002-0918-15-42-gnss_raw.txt,344.100,2436,459797.300,GPS标准时间,FINESTEERING,SOL_COMPUTED,SINGLE,20,12,12,12,BESTGNSSPOSA
0703002-0918-15-42-gnss_raw.txt,344.200,2436,459797.400,GPS标准时间,FINESTEERING,SOL_COMPUTED,SINGLE,20,13,13,13,BESTGNSSPOSA
0703002-0918-15-42-gnss_raw.txt,344.300,2436,459797.500,GPS标准时间,FINESTEERING,SOL_COMPUTED,SINGLE,20,11,11,11,BESTGNSSPOSA
0703002-0918-15-42-gnss_raw.txt,344.400,2436,459797.600,GPS标准时间,FINESTEERING,SOL_COMPUTED,SINGLE,20,13,13,13,BESTGNSSPOSA
0703002-0918-15-42-gnss_raw.txt,344.500,2436,459797.700,GPS标准时间,FINESTEERING,SOL_COMPUTED,SINGLE,20,12,12,12,BESTGNSSPOSA
0703002-0918-15-42-gnss_raw.txt,344.600,2436,459797.800,GPS标准时间,FINESTEERING,SOL_COMPUTED,SINGLE,20,12,12,12,BESTGNSSPOSA
0703002-0918-15-42-gnss_raw.txt,344.700,2436,459797.900,GPS标准时间,FINESTEERING,SOL_COMPUTED,SINGLE,20,13,13,13,BESTGNSSPOSA
0703002-0918-15-42-gnss_raw.txt,344.800,2436,459798.000,GPS标准时间,FINESTEERING,SOL_COMPUTED,SINGLE,20,12,12,12,BESTGNSSPOSA
0703002-0918-15-42-gnss_raw.txt,344.900,2436,459798.100,GPS标准时间,FINESTEERING,SOL_COMPUTED,SINGLE,20,12,12,12,BESTGNSSPOSA
0703002-0918-15-42-gnss_raw.txt,345.000,2436,459798.200,GPS标准时间,FINESTEERING,SOL_COMPUTED,SINGLE,20,13,13,13,BESTGNSSPOSA
0703002-0918-15-42-gnss_raw.txt,345.100,2436,459798.300,GPS标准时间,FINESTEERING,SOL_COMPUTED,SINGLE,20,13,13,13,BESTGNSSPOSA
0703002-0918-15-42-gnss_raw.txt,345.200,2436,459798.400,GPS标准时间,FINESTEERING,SOL_COMPUTED,SINGLE,20,13,13,13,BESTGNSSPOSA
0703002-0918-15-42-gnss_raw.txt,345.300,2436,459798.500,GPS标准时间,FINESTEERING,SOL_COMPUTED,SINGLE,20,13,13,13,BESTGNSSPOSA
0703002-0918-15-42-gnss_raw.txt,345.400,2436,459798.600,GPS标准时间,FINESTEERING,SOL_COMPUTED,SINGLE,20,12,12,12,BESTGNSSPOSA
0703002-0918-15-42-gnss_raw.txt,345.500,2436,459798.700,GPS标准时间,FINESTEERING,SOL_COMPUTED,SINGLE,20,13,13,13,BESTGNSSPOSA
0703002-0918-15-42-gnss_raw.txt,345.600,2436,459798.800,GPS标准时间,FINESTEERING,SOL_COMPUTED,SINGLE,20,12,12,12,BESTGNSSPOSA
0703002-0918-15-42-gnss_raw.txt,345.700,2436,459798.900,GPS标准时间,FINESTEERING,SOL_COMPUTED,SINGLE,20,11,11,11,BESTGNSSPOSA
0703002-0918-15-42-gnss_raw.txt,345.800,2436,459799.000,GPS标准时间,FINESTEERING,SOL_COMPUTED,SINGLE,20,11,11,11,BESTGNSSPOSA
0703002-0918-15-42-gnss_raw.txt,345.900,2436,459799.100,GPS标准时间,FINESTEERING,SOL_COMPUTED,SINGLE,20,12,12,12,BESTGNSSPOSA
0703002-0918-15-42-gnss_raw.txt,346.000,2436,459799.200,GPS标准时间,FINESTEERING,SOL_COMPUTED,SINGLE,20,13,13,13,BESTGNSSPOSA
0703002-0918-15-42-gnss_raw.txt,346.100,2436,459799.300,GPS标准时间,FINESTEERING,SOL_COMPUTED,SINGLE,20,13,13,13,BESTGNSSPOSA
0703002-0918-15-42-gnss_raw.txt,346.200,2436,459799.400,GPS标准时间,FINESTEERING,SOL_COMPUTED,SINGLE,20,13,13,13,BESTGNSSPOSA
0703002-0918-15-42-gnss_raw.txt,346.300,2436,459799.500,GPS标准时间,FINESTEERING,SOL_COMPUTED,SINGLE,20,14,14,14,BESTGNSSPOSA
0703002-0918-15-42-gnss_raw.txt,346.400,2436,459799.600,GPS标准时间,FINESTEERING,SOL_COMPUTED,SINGLE,20,13,13,13,BESTGNSSPOSA
0703002-0918-15-42-gnss_raw.txt,346.500,2436,459799.700,GPS标准时间,FINESTEERING,SOL_COMPUTED,SINGLE,20,13,13,13,BESTGNSSPOSA
0703002-0918-15-42-gnss_raw.txt,346.600,2436,459799.800,GPS标准时间,FINESTEERING,SOL_COMPUTED,SINGLE,20,13,13,13,BESTGNSSPOSA
0703002-0918-15-42-gnss_raw.txt,346.700,2436,459799.900,GPS标准时间,FINESTEERING,SOL_COMPUTED,SINGLE,20,13,13,13,BESTGNSSPOSA
0703002-0918-15-42-gnss_raw.txt,346.800,2436,459800.000,GPS标准时间,FINESTEERING,SOL_COMPUTED,SINGLE,20,12,12,12,BESTGNSSPOSA
0703002-0918-15-42-gnss_raw.txt,346.900,2436,459800.100,GPS标准时间,FINESTEERING,SOL_COMPUTED,SINGLE,20,13,13,13,BESTGNSSPOSA
0703002-0918-15-42-gnss_raw.txt,347.000,2436,459800.200,GPS标准时间,FINESTEERING,SOL_COMPUTED,SINGLE,20,12,12,12,BESTGNSSPOSA
0703002-0918-15-42-gnss_raw.txt,347.100,2436,459800.300,GPS标准时间,FINESTEERING,SOL_COMPUTED,SINGLE,20,11,11,11,BESTGNSSPOSA
0703002-0918-15-42-gnss_raw.txt,347.200,2436,459800.400,GPS标准时间,FINESTEERING,SOL_COMPUTED,SINGLE,20,12,12,12,BESTGNSSPOSA
0703002-0918-15-42-gnss_raw.txt,347.300,2436,459800.500,GPS标准时间,FINESTEERING,SOL_COMPUTED,SINGLE,20,13,13,13,BESTGNSSPOSA
0703002-0918-15-42-gnss_raw.txt,347.400,2436,459800.600,GPS标准时间,FINESTEERING,SOL_COMPUTED,SINGLE,20,14,14,14,BESTGNSSPOSA
0703002-0918-15-42-gnss_raw.txt,347.500,2436,459800.700,GPS标准时间,FINESTEERING,SOL_COMPUTED,SINGLE,20,14,14,14,BESTGNSSPOSA
0703002-0918-15-42-gnss_raw.txt,347.600,2436,459800.800,GPS标准时间,FINESTEERING,SOL_COMPUTED,SINGLE,20,13,13,13,BESTGNSSPOSA
0703002-0918-15-42-gnss_raw.txt,347.700,2436,459800.900,GPS标准时间,FINESTEERING,SOL_COMPUTED,SINGLE,20,13,13,13,BESTGNSSPOSA
0703002-0918-15-42-gnss_raw.txt,347.800,2436,459801.000,GPS标准时间,FINESTEERING,SOL_COMPUTED,SINGLE,20,15,15,15,BESTGNSSPOSA
0703002-0918-15-42-gnss_raw.txt,347.900,2436,459801.100,GPS标准时间,FINESTEERING,SOL_COMPUTED,SINGLE,20,13,13,13,BESTGNSSPOSA
0703002-0918-15-42-gnss_raw.txt,348.000,2436,459801.200,GPS标准时间,FINESTEERING,SOL_COMPUTED,SINGLE,20,13,13,13,BESTGNSSPOSA
0703002-0918-15-42-gnss_raw.txt,348.100,2436,459801.300,GPS标准时间,FINESTEERING,SOL_COMPUTED,SINGLE,20,13,13,13,BESTGNSSPOSA
0703002-0918-15-42-gnss_raw.txt,348.200,2436,459801.400,GPS标准时间,FINESTEERING,SOL_COMPUTED,SINGLE,20,14,14,14,BESTGNSSPOSA
0703002-0918-15-42-gnss_raw.txt,348.300,2436,459801.500,GPS标准时间,FINESTEERING,SOL_COMPUTED,SINGLE,20,14,14,14,BESTGNSSPOSA
0703002-0918-15-42-gnss_raw.txt,348.400,2436,459801.600,GPS标准时间,FINESTEERING,SOL_COMPUTED,SINGLE,20,14,14,14,BESTGNSSPOSA
0703002-0918-15-42-gnss_raw.txt,348.500,2436,459801.700,GPS标准时间,FINESTEERING,SOL_COMPUTED,SINGLE,20,14,14,14,BESTGNSSPOSA
0703002-0918-15-42-gnss_raw.txt,348.600,2436,459801.800,GPS标准时间,FINESTEERING,SOL_COMPUTED,SINGLE,20,13,13,13,BESTGNSSPOSA
0703002-0918-15-42-gnss_raw.txt,348.700,2436,459801.900,GPS标准时间,FINESTEERING,SOL_COMPUTED,SINGLE,20,12,12,12,BESTGNSSPOSA
0703002-0918-15-42-gnss_raw.txt,348.800,2436,459802.000,GPS标准时间,FINESTEERING,SOL_COMPUTED,SINGLE,20,13,13,13,BESTGNSSPOSA
0703002-0918-15-42-gnss_raw.txt,348.900,2436,459802.100,GPS标准时间,FINESTEERING,SOL_COMPUTED,SINGLE,20,12,12,12,BESTGNSSPOSA
0703002-0918-15-42-gnss_raw.txt,349.000,2436,459802.200,GPS标准时间,FINESTEERING,SOL_COMPUTED,SINGLE,20,12,12,12,BESTGNSSPOSA
0703002-0918-15-42-gnss_raw.txt,349.100,2436,459802.300,GPS标准时间,FINESTEERING,SOL_COMPUTED,SINGLE,20,13,13,13,BESTGNSSPOSA
0703002-0918-15-42-gnss_raw.txt,349.200,2436,459802.400,GPS标准时间,FINESTEERING,SOL_COMPUTED,SINGLE,20,12,12,12,BESTGNSSPOSA
0703002-0918-15-42-gnss_raw.txt,349.300,2436,459802.500,GPS标准时间,FINESTEERING,SOL_COMPUTED,SINGLE,20,12,12,12,BESTGNSSPOSA
0703002-0918-15-42-gnss_raw.txt,349.400,2436,459802.600,GPS标准时间,FINESTEERING,SOL_COMPUTED,SINGLE,20,13,13,13,BESTGNSSPOSA
0703002-0918-15-42-gnss_raw.txt,349.500,2436,459802.700,GPS标准时间,FINESTEERING,SOL_COMPUTED,SINGLE,20,12,12,12,BESTGNSSPOSA
0703002-0918-15-42-gnss_raw.txt,349.600,2436,459802.800,GPS标准时间,FINESTEERING,SOL_COMPUTED,SINGLE,20,13,13,13,BESTGNSSPOSA
0703002-0918-15-42-gnss_raw.txt,349.700,2436,459802.900,GPS标准时间,FINESTEERING,SOL_COMPUTED,SINGLE,20,13,13,13,BESTGNSSPOSA
0703002-0918-15-42-gnss_raw.txt,349.800,2436,459803.000,GPS标准时间,FINESTEERING,SOL_COMPUTED,SINGLE,20,14,14,14,BESTGNSSPOSA
0703002-0918-15-42-gnss_raw.txt,349.900,2436,459803.100,GPS标准时间,FINESTEERING,SOL_COMPUTED,SINGLE,20,14,14,14,BESTGNSSPOSA
0703002-0918-15-42-gnss_raw.txt,350.000,2436,459803.200,GPS标准时间,FINESTEERING,SOL_COMPUTED,SINGLE,20,12,12,12,BESTGNSSPOSA
0703002-0918-15-42-gnss_raw.txt,350.100,2436,459803.300,GPS标准时间,FINESTEERING,SOL_COMPUTED,SINGLE,20,14,14,14,BESTGNSSPOSA
0703002-0918-15-42-gnss_raw.txt,350.200,2436,459803.400,GPS标准时间,FINESTEERING,SOL_COMPUTED,SINGLE,20,14,14,14,BESTGNSSPOSA
0703002-0918-15-42-gnss_raw.txt,350.300,2436,459803.500,GPS标准时间,FINESTEERING,SOL_COMPUTED,SINGLE,20,12,12,12,BESTGNSSPOSA
0703002-0918-15-42-gnss_raw.txt,350.400,2436,459803.600,GPS标准时间,FINESTEERING,SOL_COMPUTED,SINGLE,20,14,14,14,BESTGNSSPOSA
0703002-0918-15-42-gnss_raw.txt,350.500,2436,459803.700,GPS标准时间,FINESTEERING,SOL_COMPUTED,SINGLE,20,14,14,14,BESTGNSSPOSA
0703002-0918-15-42-gnss_raw.txt,350.600,2436,459803.800,GPS标准时间,FINESTEERING,SOL_COMPUTED,SINGLE,20,13,13,13,BESTGNSSPOSA
0703002-0918-15-42-gnss_raw.txt,350.700,2436,459803.900,GPS标准时间,FINESTEERING,SOL_COMPUTED,SINGLE,20,13,13,13,BESTGNSSPOSA
0703002-0918-15-42-gnss_raw.txt,350.800,2436,459804.000,GPS标准时间,FINESTEERING,SOL_COMPUTED,SINGLE,20,14,14,14,BESTGNSSPOSA
0703002-0918-15-42-gnss_raw.txt,350.900,2436,459804.100,GPS标准时间,FINESTEERING,SOL_COMPUTED,SINGLE,20,14,14,14,BESTGNSSPOSA
0703002-0918-15-42-gnss_raw.txt,351.000,2436,459804.200,GPS标准时间,FINESTEERING,SOL_COMPUTED,SINGLE,20,13,13,13,BESTGNSSPOSA
0703002-0918-15-42-gnss_raw.txt,351.100,2436,459804.300,GPS标准时间,FINESTEERING,SOL_COMPUTED,SINGLE,20,13,13,13,BESTGNSSPOSA
0703002-0918-15-42-gnss_raw.txt,351.200,2436,459804.400,GPS标准时间,FINESTEERING,SOL_COMPUTED,SINGLE,20,14,14,14,BESTGNSSPOSA
0703002-0918-15-42-gnss_raw.txt,351.300,2436,459804.500,GPS标准时间,FINESTEERING,SOL_COMPUTED,SINGLE,20,12,12,12,BESTGNSSPOSA
0703002-0918-15-42-gnss_raw.txt,351.400,2436,459804.600,GPS标准时间,FINESTEERING,SOL_COMPUTED,SINGLE,20,12,12,12,BESTGNSSPOSA
0703002-0918-15-42-gnss_raw.txt,351.500,2436,459804.700,GPS标准时间,FINESTEERING,SOL_COMPUTED,SINGLE,20,13,13,13,BESTGNSSPOSA
0703002-0918-15-42-gnss_raw.txt,351.600,2436,459804.800,GPS标准时间,FINESTEERING,SOL_COMPUTED,SINGLE,20,12,12,12,BESTGNSSPOSA
0703002-0918-15-42-gnss_raw.txt,351.700,2436,459804.900,GPS标准时间,FINESTEERING,SOL_COMPUTED,SINGLE,20,12,12,12,BESTGNSSPOSA
0703002-0918-15-42-gnss_raw.txt,351.800,2436,459805.000,GPS标准时间,FINESTEERING,SOL_COMPUTED,SINGLE,20,14,14,14,BESTGNSSPOSA
0703002-0918-15-42-gnss_raw.txt,351.900,2436,459805.100,GPS标准时间,FINESTEERING,SOL_COMPUTED,SINGLE,20,14,14,14,BESTGNSSPOSA
0703002-0918-15-42-gnss_raw.txt,352.000,2436,459805.200,GPS标准时间,FINESTEERING,SOL_COMPUTED,SINGLE,20,14,14,14,BESTGNSSPOSA
0703002-0918-15-42-gnss_raw.txt,352.100,2436,459805.300,GPS标准时间,FINESTEERING,SOL_COMPUTED,SINGLE,20,14,14,14,BESTGNSSPOSA
0703002-0918-15-42-gnss_raw.txt,352.200,2436,459805.400,GPS标准时间,FINESTEERING,SOL_COMPUTED,SINGLE,20,14,14,14,BESTGNSSPOSA
0703002-0918-15-42-gnss_raw.txt,352.300,2436,459805.500,GPS标准时间,FINESTEERING,SOL_COMPUTED,SINGLE,20,13,13,13,BESTGNSSPOSA
0703002-0918-15-42-gnss_raw.txt,352.400,2436,459805.600,GPS标准时间,FINESTEERING,SOL_COMPUTED,SINGLE,20,13,13,13,BESTGNSSPOSA
0703002-0918-15-42-gnss_raw.txt,352.500,2436,459805.700,GPS标准时间,FINESTEERING,SOL_COMPUTED,SINGLE,20,12,12,12,BESTGNSSPOSA
0703002-0918-15-42-gnss_raw.txt,352.600,2436,459805.800,GPS标准时间,FINESTEERING,SOL_COMPUTED,SINGLE,20,13,13,13,BESTGNSSPOSA
0703002-0918-15-42-gnss_raw.txt,352.700,2436,459805.900,GPS标准时间,FINESTEERING,SOL_COMPUTED,SINGLE,20,13,13,13,BESTGNSSPOSA
0703002-0918-15-42-gnss_raw.txt,352.800,2436,459806.000,GPS标准时间,FINESTEERING,SOL_COMPUTED,SINGLE,20,11,11,11,BESTGNSSPOSA
0703002-0918-15-42-gnss_raw.txt,352.900,2436,459806.100,GPS标准时间,FINESTEERING,SOL_COMPUTED,SINGLE,20,12,12,12,BESTGNSSPOSA
0703002-0918-15-42-gnss_raw.txt,353.000,2436,459806.200,GPS标准时间,FINESTEERING,SOL_COMPUTED,SINGLE,20,12,12,12,BESTGNSSPOSA
0703002-0918-15-42-gnss_raw.txt,353.100,2436,459806.300,GPS标准时间,FINESTEERING,SOL_COMPUTED,SINGLE,20,14,14,14,BESTGNSSPOSA
0703002-0918-15-42-gnss_raw.txt,353.200,2436,459806.400,GPS标准时间,FINESTEERING,SOL_COMPUTED,SINGLE,20,13,13,13,BESTGNSSPOSA
0703002-0918-15-42-gnss_raw.txt,353.300,2436,459806.500,GPS标准时间,FINESTEERING,SOL_COMPUTED,SINGLE,20,15,15,15,BESTGNSSPOSA
0703002-0918-15-42-gnss_raw.txt,353.400,2436,459806.600,GPS标准时间,FINESTEERING,SOL_COMPUTED,SINGLE,20,14,14,14,BESTGNSSPOSA
0703002-0918-15-42-gnss_raw.txt,353.500,2436,459806.700,GPS标准时间,FINESTEERING,SOL_COMPUTED,SINGLE,20,14,14,14,BESTGNSSPOSA
0703002-0918-15-42-gnss_raw.txt,353.600,2436,459806.800,GPS标准时间,FINESTEERING,SOL_COMPUTED,SINGLE,20,13,13,13,BESTGNSSPOSA
0703002-0918-15-42-gnss_raw.txt,353.700,2436,459806.900,GPS标准时间,FINESTEERING,SOL_COMPUTED,SINGLE,20,15,15,15,BESTGNSSPOSA
0703002-0918-15-42-gnss_raw.txt,353.800,2436,459807.000,GPS标准时间,FINESTEERING,SOL_COMPUTED,SINGLE,20,15,15,15,BESTGNSSPOSA
0703002-0918-15-42-gnss_raw.txt,353.900,2436,459807.100,GPS标准时间,FINESTEERING,SOL_COMPUTED,SINGLE,20,15,15,15,BESTGNSSPOSA
0703002-0918-15-42-gnss_raw.txt,354.000,2436,459807.200,GPS标准时间,FINESTEERING,SOL_COMPUTED,SINGLE,20,15,15,15,BESTGNSSPOSA
0703002-0918-15-42-gnss_raw.txt,354.100,2436,459807.300,GPS标准时间,FINESTEERING,SOL_COMPUTED,SINGLE,20,14,14,14,BESTGNSSPOSA
0703002-0918-15-42-gnss_raw.txt,354.200,2436,459807.400,GPS标准时间,FINESTEERING,SOL_COMPUTED,SINGLE,20,15,15,15,BESTGNSSPOSA
0703002-0918-15-42-gnss_raw.txt,354.300,2436,459807.500,GPS标准时间,FINESTEERING,SOL_COMPUTED,SINGLE,20,15,15,15,BESTGNSSPOSA
0703002-0918-15-42-gnss_raw.txt,354.400,2436,459807.600,GPS标准时间,FINESTEERING,SOL_COMPUTED,SINGLE,20,14,14,14,BESTGNSSPOSA
0703002-0918-15-42-gnss_raw.txt,354.500,2436,459807.700,GPS标准时间,FINESTEERING,SOL_COMPUTED,SINGLE,21,14,14,14,BESTGNSSPOSA
0703002-0918-15-42-gnss_raw.txt,354.600,2436,459807.800,GPS标准时间,FINESTEERING,SOL_COMPUTED,SINGLE,21,14,14,14,BESTGNSSPOSA
0703002-0918-15-42-gnss_raw.txt,354.700,2436,459807.900,GPS标准时间,FINESTEERING,SOL_COMPUTED,SINGLE,21,15,15,15,BESTGNSSPOSA
0703002-0918-15-42-gnss_raw.txt,354.800,2436,459808.000,GPS标准时间,FINESTEERING,SOL_COMPUTED,SINGLE,21,14,14,14,BESTGNSSPOSA
0703002-0918-15-42-gnss_raw.txt,354.900,2436,459808.100,GPS标准时间,FINESTEERING,SOL_COMPUTED,SINGLE,21,15,15,15,BESTGNSSPOSA
0703002-0918-15-42-gnss_raw.txt,355.000,2436,459808.200,GPS标准时间,FINESTEERING,SOL_COMPUTED,SINGLE,21,15,15,15,BESTGNSSPOSA
0703002-0918-15-42-gnss_raw.txt,355.100,2436,459808.300,GPS标准时间,FINESTEERING,SOL_COMPUTED,SINGLE,21,14,14,14,BESTGNSSPOSA
0703002-0918-15-42-gnss_raw.txt,355.200,2436,459808.400,GPS标准时间,FINESTEERING,SOL_COMPUTED,SINGLE,21,15,15,15,BESTGNSSPOSA
0703002-0918-15-42-gnss_raw.txt,355.300,2436,459808.500,GPS标准时间,FINESTEERING,SOL_COMPUTED,SINGLE,21,14,14,14,BESTGNSSPOSA
0703002-0918-15-42-gnss_raw.txt,355.400,2436,459808.600,GPS标准时间,FINESTEERING,SOL_COMPUTED,SINGLE,21,14,14,14,BESTGNSSPOSA
0703002-0918-15-42-gnss_raw.txt,355.500,2436,459808.700,GPS标准时间,FINESTEERING,SOL_COMPUTED,SINGLE,21,14,14,14,BESTGNSSPOSA
0703002-0918-15-42-gnss_raw.txt,355.600,2436,459808.800,GPS标准时间,FINESTEERING,SOL_COMPUTED,SINGLE,21,15,15,15,BESTGNSSPOSA
0703002-0918-15-42-gnss_raw.txt,355.700,2436,459808.900,GPS标准时间,FINESTEERING,SOL_COMPUTED,SINGLE,21,13,13,13,BESTGNSSPOSA
0703002-0918-15-42-gnss_raw.txt,355.800,2436,459809.000,GPS标准时间,FINESTEERING,SOL_COMPUTED,SINGLE,21,14,14,14,BESTGNSSPOSA
0703002-0918-15-42-gnss_raw.txt,355.900,2436,459809.100,GPS标准时间,FINESTEERING,SOL_COMPUTED,SINGLE,21,14,14,14,BESTGNSSPOSA
0703002-0918-15-42-gnss_raw.txt,356.000,2436,459809.200,GPS标准时间,FINESTEERING,SOL_COMPUTED,SINGLE,21,15,15,15,BESTGNSSPOSA
0703002-0918-15-42-gnss_raw.txt,356.100,2436,459809.300,GPS标准时间,FINESTEERING,SOL_COMPUTED,SINGLE,21,15,15,15,BESTGNSSPOSA
0703002-0918-15-42-gnss_raw.txt,356.200,2436,459809.400,GPS标准时间,FINESTEERING,SOL_COMPUTED,SINGLE,21,15,15,15,BESTGNSSPOSA
0703002-0918-15-42-gnss_raw.txt,356.300,2436,459809.500,GPS标准时间,FINESTEERING,SOL_COMPUTED,SINGLE,21,15,15,15,BESTGNSSPOSA
0703002-0918-15-42-gnss_raw.txt,356.400,2436,459809.600,GPS标准时间,FINESTEERING,SOL_COMPUTED,SINGLE,21,15,15,15,BESTGNSSPOSA
0703002-0918-15-42-gnss_raw.txt,356.500,2436,459809.700,GPS标准时间,FINESTEERING,SOL_COMPUTED,SINGLE,21,15,15,15,BESTGNSSPOSA
0703002-0918-15-42-gnss_raw.txt,356.600,2436,459809.800,GPS标准时间,FINESTEERING,SOL_COMPUTED,SINGLE,21,15,15,15,BESTGNSSPOSA
0703002-0918-15-42-gnss_raw.txt,356.700,2436,459809.900,GPS标准时间,FINESTEERING,SOL_COMPUTED,SINGLE,21,15,15,15,BESTGNSSPOSA
0703002-0918-15-42-gnss_raw.txt,356.800,2436,459810.000,GPS标准时间,FINESTEERING,SOL_COMPUTED,SINGLE,21,14,14,14,BESTGNSSPOSA
0703002-0918-15-42-gnss_raw.txt,356.900,2436,459810.100,GPS标准时间,FINESTEERING,SOL_COMPUTED,SINGLE,21,14,14,14,BESTGNSSPOSA
0703002-0918-15-42-gnss_raw.txt,357.000,2436,459810.200,GPS标准时间,FINESTEERING,SOL_COMPUTED,SINGLE,21,14,14,14,BESTGNSSPOSA
0703002-0918-15-42-gnss_raw.txt,357.100,2436,459810.300,GPS标准时间,FINESTEERING,SOL_COMPUTED,SINGLE,21,14,14,14,BESTGNSSPOSA
0703002-0918-15-42-gnss_raw.txt,357.200,2436,459810.400,GPS标准时间,FINESTEERING,SOL_COMPUTED,SINGLE,21,14,14,14,BESTGNSSPOSA
0703002-0918-15-42-gnss_raw.txt,357.300,2436,459810.500,GPS标准时间,FINESTEERING,SOL_COMPUTED,SINGLE,21,13,13,13,BESTGNSSPOSA
0703002-0918-15-42-gnss_raw.txt,357.400,2436,459810.600,GPS标准时间,FINESTEERING,SOL_COMPUTED,SINGLE,21,14,14,14,BESTGNSSPOSA
0703002-0918-15-42-gnss_raw.txt,357.500,2436,459810.700,GPS标准时间,FINESTEERING,SOL_COMPUTED,SINGLE,21,14,14,14,BESTGNSSPOSA
0703002-0918-15-42-gnss_raw.txt,357.600,2436,459810.800,GPS标准时间,FINESTEERING,SOL_COMPUTED,SINGLE,21,14,14,14,BESTGNSSPOSA
0703002-0918-15-42-gnss_raw.txt,357.700,2436,459810.900,GPS标准时间,FINESTEERING,SOL_COMPUTED,SINGLE,21,15,15,15,BESTGNSSPOSA
0703002-0918-15-42-gnss_raw.txt,357.800,2436,459811.000,GPS标准时间,FINESTEERING,SOL_COMPUTED,SINGLE,21,15,15,15,BESTGNSSPOSA
0703002-0918-15-42-gnss_raw.txt,357.900,2436,459811.100,GPS标准时间,FINESTEERING,SOL_COMPUTED,SINGLE,21,14,14,14,BESTGNSSPOSA
0703002-0918-15-42-gnss_raw.txt,358.000,2436,459811.200,GPS标准时间,FINESTEERING,SOL_COMPUTED,SINGLE,21,13,13,13,BESTGNSSPOSA
0703002-0918-15-42-gnss_raw.txt,358.100,2436,459811.300,GPS标准时间,FINESTEERING,SOL_COMPUTED,SINGLE,21,14,14,14,BESTGNSSPOSA
0703002-0918-15-42-gnss_raw.txt,358.200,2436,459811.400,GPS标准时间,FINESTEERING,SOL_COMPUTED,SINGLE,21,14,14,14,BESTGNSSPOSA
0703002-0918-15-42-gnss_raw.txt,358.300,2436,459811.500,GPS标准时间,FINESTEERING,SOL_COMPUTED,SINGLE,21,13,13,13,BESTGNSSPOSA
0703002-0918-15-42-gnss_raw.txt,358.400,2436,459811.600,GPS标准时间,FINESTEERING,SOL_COMPUTED,SINGLE,21,14,14,14,BESTGNSSPOSA
0703002-0918-15-42-gnss_raw.txt,358.500,2436,459811.700,GPS标准时间,FINESTEERING,SOL_COMPUTED,SINGLE,21,14,14,14,BESTGNSSPOSA
0703002-0918-15-42-gnss_raw.txt,358.600,2436,459811.800,GPS标准时间,FINESTEERING,SOL_COMPUTED,SINGLE,21,13,13,13,BESTGNSSPOSA
0703002-0918-15-42-gnss_raw.txt,358.700,2436,459811.900,GPS标准时间,FINESTEERING,SOL_COMPUTED,SINGLE,21,13,13,13,BESTGNSSPOSA
0703002-0918-15-42-gnss_raw.txt,358.800,2436,459812.000,GPS标准时间,FINESTEERING,SOL_COMPUTED,SINGLE,21,13,13,13,BESTGNSSPOSA
0703002-0918-15-42-gnss_raw.txt,358.900,2436,459812.100,GPS标准时间,FINESTEERING,SOL_COMPUTED,SINGLE,21,11,11,11,BESTGNSSPOSA
0703002-0918-15-42-gnss_raw.txt,359.000,2436,459812.200,GPS标准时间,FINESTEERING,SOL_COMPUTED,SINGLE,21,12,12,12,BESTGNSSPOSA
0703002-0918-15-42-gnss_raw.txt,359.100,2436,459812.300,GPS标准时间,FINESTEERING,SOL_COMPUTED,SINGLE,21,13,13,13,BESTGNSSPOSA
0703002-0918-15-42-gnss_raw.txt,359.200,2436,459812.400,GPS标准时间,FINESTEERING,SOL_COMPUTED,SINGLE,21,13,13,13,BESTGNSSPOSA
0703002-0918-15-42-gnss_raw.txt,359.300,2436,459812.500,GPS标准时间,FINESTEERING,SOL_COMPUTED,SINGLE,21,13,13,13,BESTGNSSPOSA
0703002-0918-15-42-gnss_raw.txt,359.400,2436,459812.600,GPS标准时间,FINESTEERING,SOL_COMPUTED,SINGLE,21,14,14,14,BESTGNSSPOSA
0703002-0918-15-42-gnss_raw.txt,359.500,2436,459812.700,GPS标准时间,FINESTEERING,SOL_COMPUTED,SINGLE,21,14,14,14,BESTGNSSPOSA
0703002-0918-15-42-gnss_raw.txt,359.600,2436,459812.800,GPS标准时间,FINESTEERING,SOL_COMPUTED,SINGLE,21,14,14,14,BESTGNSSPOSA
0703002-0918-15-42-gnss_raw.txt,359.700,2436,459812.900,GPS标准时间,FINESTEERING,SOL_COMPUTED,SINGLE,21,14,14,14,BESTGNSSPOSA
0703002-0918-15-42-gnss_raw.txt,359.800,2436,459813.000,GPS标准时间,FINESTEERING,SOL_COMPUTED,SINGLE,21,14,14,14,BESTGNSSPOSA
0703002-0918-15-42-gnss_raw.txt,359.900,2436,459813.100,GPS标准时间,FINESTEERING,SOL_COMPUTED,SINGLE,21,14,14,14,BESTGNSSPOSA
0703002-0918-15-42-gnss_raw.txt,360.000,2436,459813.200,GPS标准时间,FINESTEERING,SOL_COMPUTED,SINGLE,21,14,14,14,BESTGNSSPOSA
0703002-0918-15-42-gnss_raw.txt,360.100,2436,459813.300,GPS标准时间,FINESTEERING,SOL_COMPUTED,SINGLE,21,12,12,12,BESTGNSSPOSA
0703002-0918-15-42-gnss_raw.txt,360.200,2436,459813.400,GPS标准时间,FINESTEERING,SOL_COMPUTED,SINGLE,21,13,13,13,BESTGNSSPOSA
0703002-0918-15-42-gnss_raw.txt,360.300,2436,459813.500,GPS标准时间,FINESTEERING,SOL_COMPUTED,SINGLE,21,13,13,13,BESTGNSSPOSA
0703002-0918-15-42-gnss_raw.txt,360.400,2436,459813.600,GPS标准时间,FINESTEERING,SOL_COMPUTED,SINGLE,21,13,13,13,BESTGNSSPOSA
0703002-0918-15-42-gnss_raw.txt,360.500,2436,459813.700,GPS标准时间,FINESTEERING,SOL_COMPUTED,SINGLE,21,13,13,13,BESTGNSSPOSA
0703002-0918-15-42-gnss_raw.txt,360.600,2436,459813.800,GPS标准时间,FINESTEERING,SOL_COMPUTED,SINGLE,21,14,14,14,BESTGNSSPOSA
0703002-0918-15-42-gnss_raw.txt,360.700,2436,459813.900,GPS标准时间,FINESTEERING,SOL_COMPUTED,SINGLE,21,14,14,14,BESTGNSSPOSA
0703002-0918-15-42-gnss_raw.txt,360.800,2436,459814.000,GPS标准时间,FINESTEERING,SOL_COMPUTED,SINGLE,21,14,14,14,BESTGNSSPOSA
0703002-0918-15-42-gnss_raw.txt,360.900,2436,459814.100,GPS标准时间,FINESTEERING,SOL_COMPUTED,SINGLE,21,13,13,13,BESTGNSSPOSA
0703002-0918-15-42-gnss_raw.txt,361.000,2436,459814.200,GPS标准时间,FINESTEERING,SOL_COMPUTED,SINGLE,21,14,14,14,BESTGNSSPOSA
0703002-0918-15-42-gnss_raw.txt,361.100,2436,459814.300,GPS标准时间,FINESTEERING,SOL_COMPUTED,SINGLE,21,15,15,15,BESTGNSSPOSA
0703002-0918-15-42-gnss_raw.txt,361.200,2436,459814.400,GPS标准时间,FINESTEERING,SOL_COMPUTED,SINGLE,21,14,14,14,BESTGNSSPOSA
0703002-0918-15-42-gnss_raw.txt,361.300,2436,459814.500,GPS标准时间,FINESTEERING,SOL_COMPUTED,SINGLE,21,13,13,13,BESTGNSSPOSA
0703002-0918-15-42-gnss_raw.txt,361.400,2436,459814.600,GPS标准时间,FINESTEERING,SOL_COMPUTED,SINGLE,21,13,13,13,BESTGNSSPOSA
0703002-0918-15-42-gnss_raw.txt,361.500,2436,459814.700,GPS标准时间,FINESTEERING,SOL_COMPUTED,SINGLE,21,14,14,14,BESTGNSSPOSA
0703002-0918-15-42-gnss_raw.txt,361.600,2436,459814.800,GPS标准时间,FINESTEERING,SOL_COMPUTED,SINGLE,21,15,15,15,BESTGNSSPOSA
0703002-0918-15-42-gnss_raw.txt,361.700,2436,459814.900,GPS标准时间,FINESTEERING,SOL_COMPUTED,SINGLE,21,15,15,15,BESTGNSSPOSA
0703002-0918-15-42-gnss_raw.txt,361.800,2436,459815.000,GPS标准时间,FINESTEERING,SOL_COMPUTED,SINGLE,21,13,13,13,BESTGNSSPOSA
0703002-0918-15-42-gnss_raw.txt,361.900,2436,459815.100,GPS标准时间,FINESTEERING,SOL_COMPUTED,SINGLE,22,14,14,14,BESTGNSSPOSA
0703002-0918-15-42-gnss_raw.txt,362.000,2436,459815.200,GPS标准时间,FINESTEERING,SOL_COMPUTED,SINGLE,22,14,14,14,BESTGNSSPOSA
0703002-0918-15-42-gnss_raw.txt,362.100,2436,459815.300,GPS标准时间,FINESTEERING,SOL_COMPUTED,SINGLE,22,15,15,15,BESTGNSSPOSA
0703002-0918-15-42-gnss_raw.txt,362.200,2436,459815.400,GPS标准时间,FINESTEERING,SOL_COMPUTED,SINGLE,22,15,15,15,BESTGNSSPOSA
0703002-0918-15-42-gnss_raw.txt,362.300,2436,459815.500,GPS标准时间,FINESTEERING,SOL_COMPUTED,SINGLE,22,14,14,14,BESTGNSSPOSA
0703002-0918-15-42-gnss_raw.txt,362.400,2436,459815.600,GPS标准时间,FINESTEERING,SOL_COMPUTED,SINGLE,22,14,14,14,BESTGNSSPOSA
0703002-0918-15-42-gnss_raw.txt,362.500,2436,459815.700,GPS标准时间,FINESTEERING,SOL_COMPUTED,SINGLE,22,13,13,13,BESTGNSSPOSA
0703002-0918-15-42-gnss_raw.txt,362.600,2436,459815.800,GPS标准时间,FINESTEERING,SOL_COMPUTED,SINGLE,22,13,13,13,BESTGNSSPOSA
0703002-0918-15-42-gnss_raw.txt,362.700,2436,459815.900,GPS标准时间,FINESTEERING,SOL_COMPUTED,SINGLE,22,14,14,14,BESTGNSSPOSA
0703002-0918-15-42-gnss_raw.txt,362.800,2436,459816.000,GPS标准时间,FINESTEERING,SOL_COMPUTED,SINGLE,22,14,14,14,BESTGNSSPOSA
0703002-0918-15-42-gnss_raw.txt,362.900,2436,459816.100,GPS标准时间,FINESTEERING,SOL_COMPUTED,SINGLE,22,14,14,14,BESTGNSSPOSA
0703002-0918-15-42-gnss_raw.txt,363.000,2436,459816.200,GPS标准时间,FINESTEERING,SOL_COMPUTED,SINGLE,22,14,14,14,BESTGNSSPOSA
0703002-0918-15-42-gnss_raw.txt,363.100,2436,459816.300,GPS标准时间,FINESTEERING,SOL_COMPUTED,SINGLE,22,15,15,15,BESTGNSSPOSA
0703002-0918-15-42-gnss_raw.txt,363.200,2436,459816.400,GPS标准时间,FINESTEERING,SOL_COMPUTED,SINGLE,22,14,14,14,BESTGNSSPOSA
0703002-0918-15-42-gnss_raw.txt,363.300,2436,459816.500,GPS标准时间,FINESTEERING,SOL_COMPUTED,SINGLE,22,13,13,13,BESTGNSSPOSA
0703002-0918-15-42-gnss_raw.txt,363.400,2436,459816.600,GPS标准时间,FINESTEERING,SOL_COMPUTED,SINGLE,22,14,14,14,BESTGNSSPOSA
0703002-0918-15-42-gnss_raw.txt,363.500,2436,459816.700,GPS标准时间,FINESTEERING,SOL_COMPUTED,SINGLE,22,15,15,15,BESTGNSSPOSA
0703002-0918-15-42-gnss_raw.txt,363.600,2436,459816.800,GPS标准时间,FINESTEERING,SOL_COMPUTED,SINGLE,22,15,15,15,BESTGNSSPOSA
0703002-0918-15-42-gnss_raw.txt,363.700,2436,459816.900,GPS标准时间,FINESTEERING,SOL_COMPUTED,SINGLE,22,14,14,14,BESTGNSSPOSA
0703002-0918-15-42-gnss_raw.txt,363.800,2436,459817.000,GPS标准时间,FINESTEERING,SOL_COMPUTED,SINGLE,22,14,14,14,BESTGNSSPOSA
0703002-0918-15-42-gnss_raw.txt,363.900,2436,459817.100,GPS标准时间,FINESTEERING,SOL_COMPUTED,SINGLE,22,15,15,15,BESTGNSSPOSA
0703002-0918-15-42-gnss_raw.txt,364.000,2436,459817.200,GPS标准时间,FINESTEERING,SOL_COMPUTED,SINGLE,22,14,14,14,BESTGNSSPOSA
0703002-0918-15-42-gnss_raw.txt,364.100,2436,459817.300,GPS标准时间,FINESTEERING,SOL_COMPUTED,SINGLE,22,14,14,14,BESTGNSSPOSA
0703002-0918-15-42-gnss_raw.txt,364.200,2436,459817.400,GPS标准时间,FINESTEERING,SOL_COMPUTED,SINGLE,22,14,14,14,BESTGNSSPOSA
0703002-0918-15-42-gnss_raw.txt,364.300,2436,459817.500,GPS标准时间,FINESTEERING,SOL_COMPUTED,SINGLE,22,14,14,14,BESTGNSSPOSA
0703002-0918-15-42-gnss_raw.txt,364.400,2436,459817.600,GPS标准时间,FINESTEERING,SOL_COMPUTED,SINGLE,22,14,14,14,BESTGNSSPOSA
0703002-0918-15-42-gnss_raw.txt,364.500,2436,459817.700,GPS标准时间,FINESTEERING,SOL_COMPUTED,SINGLE,22,12,12,12,BESTGNSSPOSA
0703002-0918-15-42-gnss_raw.txt,364.600,2436,459817.800,GPS标准时间,FINESTEERING,SOL_COMPUTED,SINGLE,22,12,12,12,BESTGNSSPOSA
0703002-0918-15-42-gnss_raw.txt,364.700,2436,459817.900,GPS标准时间,FINESTEERING,SOL_COMPUTED,SINGLE,22,15,15,15,BESTGNSSPOSA
0703002-0918-15-42-gnss_raw.txt,364.800,2436,459818.000,GPS标准时间,FINESTEERING,SOL_COMPUTED,SINGLE,22,14,14,14,BESTGNSSPOSA
0703002-0918-15-42-gnss_raw.txt,364.900,2436,459818.100,GPS标准时间,FINESTEERING,SOL_COMPUTED,SINGLE,22,14,14,14,BESTGNSSPOSA
0703002-0918-15-42-gnss_raw.txt,365.000,2436,459818.200,GPS标准时间,FINESTEERING,SOL_COMPUTED,SINGLE,22,15,15,15,BESTGNSSPOSA
0703002-0918-15-42-gnss_raw.txt,365.100,2436,459818.300,GPS标准时间,FINESTEERING,SOL_COMPUTED,SINGLE,22,14,14,14,BESTGNSSPOSA
0703002-0918-15-42-gnss_raw.txt,365.200,2436,459818.400,GPS标准时间,FINESTEERING,SOL_COMPUTED,SINGLE,22,13,13,13,BESTGNSSPOSA
0703002-0918-15-42-gnss_raw.txt,365.300,2436,459818.500,GPS标准时间,FINESTEERING,SOL_COMPUTED,SINGLE,22,14,14,14,BESTGNSSPOSA
0703002-0918-15-42-gnss_raw.txt,365.400,2436,459818.600,GPS标准时间,FINESTEERING,SOL_COMPUTED,SINGLE,21,13,13,13,BESTGNSSPOSA
0703002-0918-15-42-gnss_raw.txt,365.500,2436,459818.700,GPS标准时间,FINESTEERING,SOL_COMPUTED,SINGLE,21,12,12,12,BESTGNSSPOSA
0703002-0918-15-42-gnss_raw.txt,365.600,2436,459818.800,GPS标准时间,FINESTEERING,SOL_COMPUTED,SINGLE,21,13,13,13,BESTGNSSPOSA
0703002-0918-15-42-gnss_raw.txt,365.700,2436,459818.900,GPS标准时间,FINESTEERING,SOL_COMPUTED,SINGLE,21,13,13,13,BESTGNSSPOSA
0703002-0918-15-42-gnss_raw.txt,365.800,2436,459819.000,GPS标准时间,FINESTEERING,SOL_COMPUTED,SINGLE,21,12,12,12,BESTGNSSPOSA
0703002-0918-15-42-gnss_raw.txt,365.900,2436,459819.100,GPS标准时间,FINESTEERING,SOL_COMPUTED,SINGLE,21,13,13,13,BESTGNSSPOSA
0703002-0918-15-42-gnss_raw.txt,366.000,2436,459819.200,GPS标准时间,FINESTEERING,SOL_COMPUTED,SINGLE,21,14,14,14,BESTGNSSPOSA
0703002-0918-15-42-gnss_raw.txt,366.100,2436,459819.300,GPS标准时间,FINESTEERING,SOL_COMPUTED,SINGLE,21,14,14,14,BESTGNSSPOSA
0703002-0918-15-42-gnss_raw.txt,366.200,2436,459819.400,GPS标准时间,FINESTEERING,SOL_COMPUTED,SINGLE,20,12,12,12,BESTGNSSPOSA
0703002-0918-15-42-gnss_raw.txt,366.300,2436,459819.500,GPS标准时间,FINESTEERING,SOL_COMPUTED,SINGLE,20,12,12,12,BESTGNSSPOSA
0703002-0918-15-42-gnss_raw.txt,366.400,2436,459819.600,GPS标准时间,FINESTEERING,SOL_COMPUTED,SINGLE,20,13,13,13,BESTGNSSPOSA
0703002-0918-15-42-gnss_raw.txt,366.500,2436,459819.700,GPS标准时间,FINESTEERING,SOL_COMPUTED,SINGLE,20,13,13,13,BESTGNSSPOSA
0703002-0918-15-42-gnss_raw.txt,366.600,2436,459819.800,GPS标准时间,FINESTEERING,SOL_COMPUTED,SINGLE,20,13,13,13,BESTGNSSPOSA
0703002-0918-15-42-gnss_raw.txt,366.700,2436,459819.900,GPS标准时间,FINESTEERING,SOL_COMPUTED,SINGLE,20,13,13,13,BESTGNSSPOSA
0703002-0918-15-42-gnss_raw.txt,366.800,2436,459820.000,GPS标准时间,FINESTEERING,SOL_COMPUTED,SINGLE,20,14,14,14,BESTGNSSPOSA
0703002-0918-15-42-gnss_raw.txt,366.900,2436,459820.100,GPS标准时间,FINESTEERING,SOL_COMPUTED,SINGLE,20,14,14,14,BESTGNSSPOSA
0703002-0918-15-42-gnss_raw.txt,367.000,2436,459820.200,GPS标准时间,FINESTEERING,SOL_COMPUTED,SINGLE,20,14,14,14,BESTGNSSPOSA
0703002-0918-15-42-gnss_raw.txt,367.100,2436,459820.300,GPS标准时间,FINESTEERING,SOL_COMPUTED,SINGLE,20,14,14,14,BESTGNSSPOSA
0703002-0918-15-42-gnss_raw.txt,367.200,2436,459820.400,GPS标准时间,FINESTEERING,SOL_COMPUTED,SINGLE,20,14,14,14,BESTGNSSPOSA
0703002-0918-15-42-gnss_raw.txt,367.300,2436,459820.500,GPS标准时间,FINESTEERING,SOL_COMPUTED,SINGLE,20,13,13,13,BESTGNSSPOSA
0703002-0918-15-42-gnss_raw.txt,367.400,2436,459820.600,GPS标准时间,FINESTEERING,SOL_COMPUTED,SINGLE,21,14,14,14,BESTGNSSPOSA
0703002-0918-15-42-gnss_raw.txt,367.500,2436,459820.700,GPS标准时间,FINESTEERING,SOL_COMPUTED,SINGLE,21,12,12,12,BESTGNSSPOSA
0703002-0918-15-42-gnss_raw.txt,367.600,2436,459820.800,GPS标准时间,FINESTEERING,SOL_COMPUTED,SINGLE,21,12,12,12,BESTGNSSPOSA
0703002-0918-15-42-gnss_raw.txt,367.700,2436,459820.900,GPS标准时间,FINESTEERING,SOL_COMPUTED,SINGLE,21,13,13,13,BESTGNSSPOSA
0703002-0918-15-42-gnss_raw.txt,367.800,2436,459821.000,GPS标准时间,FINESTEERING,SOL_COMPUTED,SINGLE,21,13,13,13,BESTGNSSPOSA
0703002-0918-15-42-gnss_raw.txt,367.900,2436,459821.100,GPS标准时间,FINESTEERING,SOL_COMPUTED,SINGLE,21,13,13,13,BESTGNSSPOSA
0703002-0918-15-42-gnss_raw.txt,368.000,2436,459821.200,GPS标准时间,FINESTEERING,SOL_COMPUTED,SINGLE,21,13,13,13,BESTGNSSPOSA
0703002-0918-15-42-gnss_raw.txt,368.100,2436,459821.300,GPS标准时间,FINESTEERING,SOL_COMPUTED,SINGLE,21,12,12,12,BESTGNSSPOSA
0703002-0918-15-42-gnss_raw.txt,368.200,2436,459821.400,GPS标准时间,FINESTEERING,SOL_COMPUTED,SINGLE,21,12,12,12,BESTGNSSPOSA
0703002-0918-15-42-gnss_raw.txt,368.300,2436,459821.500,GPS标准时间,FINESTEERING,SOL_COMPUTED,SINGLE,20,13,13,13,BESTGNSSPOSA
0703002-0918-15-42-gnss_raw.txt,368.400,2436,459821.600,GPS标准时间,FINESTEERING,SOL_COMPUTED,SINGLE,20,13,13,13,BESTGNSSPOSA
0703002-0918-15-42-gnss_raw.txt,368.500,2436,459821.700,GPS标准时间,FINESTEERING,SOL_COMPUTED,SINGLE,20,12,12,12,BESTGNSSPOSA
0703002-0918-15-42-gnss_raw.txt,368.600,2436,459821.800,GPS标准时间,FINESTEERING,SOL_COMPUTED,SINGLE,20,12,12,12,BESTGNSSPOSA
0703002-0918-15-42-gnss_raw.txt,368.700,2436,459821.900,GPS标准时间,FINESTEERING,SOL_COMPUTED,SINGLE,20,12,12,12,BESTGNSSPOSA
0703002-0918-15-42-gnss_raw.txt,368.800,2436,459822.000,GPS标准时间,FINESTEERING,SOL_COMPUTED,SINGLE,20,10,10,10,BESTGNSSPOSA
0703002-0918-15-42-gnss_raw.txt,368.900,2436,459822.100,GPS标准时间,FINESTEERING,SOL_COMPUTED,SINGLE,20,8,8,8,BESTGNSSPOSA
0703002-0918-15-42-gnss_raw.txt,369.000,2436,459822.200,GPS标准时间,FINESTEERING,SOL_COMPUTED,SINGLE,20,13,13,13,BESTGNSSPOSA
0703002-0918-15-42-gnss_raw.txt,369.100,2436,459822.300,GPS标准时间,FINESTEERING,SOL_COMPUTED,SINGLE,21,8,8,8,BESTGNSSPOSA
0703002-0918-15-42-gnss_raw.txt,369.200,2436,459822.400,GPS标准时间,FINESTEERING,SOL_COMPUTED,SINGLE,21,7,7,7,BESTGNSSPOSA
0703002-0918-15-42-gnss_raw.txt,369.300,2436,459822.500,GPS标准时间,FINESTEERING,SOL_COMPUTED,SINGLE,21,7,7,7,BESTGNSSPOSA
0703002-0918-15-42-gnss_raw.txt,369.400,2436,459822.600,GPS标准时间,FINESTEERING,SOL_COMPUTED,SINGLE,21,7,7,7,BESTGNSSPOSA
0703002-0918-15-42-gnss_raw.txt,369.500,2436,459822.700,GPS标准时间,FINESTEERING,SOL_COMPUTED,SINGLE,21,7,7,7,BESTGNSSPOSA
0703002-0918-15-42-gnss_raw.txt,369.600,2436,459822.800,GPS标准时间,FINESTEERING,SOL_COMPUTED,SINGLE,21,8,8,8,BESTGNSSPOSA
0703002-0918-15-42-gnss_raw.txt,369.700,2436,459822.900,GPS标准时间,FINESTEERING,SOL_COMPUTED,SINGLE,21,7,7,7,BESTGNSSPOSA
0703002-0918-15-42-gnss_raw.txt,369.800,2436,459823.000,GPS标准时间,FINESTEERING,SOL_COMPUTED,SINGLE,21,7,7,7,BESTGNSSPOSA
0703002-0918-15-42-gnss_raw.txt,369.900,2436,459823.100,GPS标准时间,FINESTEERING,SOL_COMPUTED,SINGLE,21,7,7,7,BESTGNSSPOSA
0703002-0918-15-42-gnss_raw.txt,370.000,2436,459823.200,GPS标准时间,FINESTEERING,SOL_COMPUTED,SINGLE,21,7,7,7,BESTGNSSPOSA
0703002-0918-15-42-gnss_raw.txt,370.100,2436,459823.300,GPS标准时间,FINESTEERING,SOL_COMPUTED,SINGLE,21,9,9,9,BESTGNSSPOSA
0703002-0918-15-42-gnss_raw.txt,370.200,2436,459823.400,GPS标准时间,FINESTEERING,SOL_COMPUTED,SINGLE,21,8,8,8,BESTGNSSPOSA
0703002-0918-15-42-gnss_raw.txt,370.300,2436,459823.500,GPS标准时间,FINESTEERING,SOL_COMPUTED,SINGLE,21,8,8,8,BESTGNSSPOSA
0703002-0918-15-42-gnss_raw.txt,370.400,2436,459823.600,GPS标准时间,FINESTEERING,SOL_COMPUTED,SINGLE,21,9,9,9,BESTGNSSPOSA
0703002-0918-15-42-gnss_raw.txt,370.500,2436,459823.700,GPS标准时间,FINESTEERING,SOL_COMPUTED,SINGLE,21,8,8,8,BESTGNSSPOSA
0703002-0918-15-42-gnss_raw.txt,370.600,2436,459823.800,GPS标准时间,FINESTEERING,SOL_COMPUTED,SINGLE,21,8,8,8,BESTGNSSPOSA
0703002-0918-15-42-gnss_raw.txt,370.700,2436,459823.900,GPS标准时间,FINESTEERING,SOL_COMPUTED,SINGLE,21,8,8,8,BESTGNSSPOSA
0703002-0918-15-42-gnss_raw.txt,370.800,2436,459824.000,GPS标准时间,FINESTEERING,SOL_COMPUTED,SINGLE,21,13,13,13,BESTGNSSPOSA
0703002-0918-15-42-gnss_raw.txt,370.900,2436,459824.100,GPS标准时间,FINESTEERING,SOL_COMPUTED,SINGLE,21,11,11,11,BESTGNSSPOSA
0703002-0918-15-42-gnss_raw.txt,371.000,2436,459824.200,GPS标准时间,FINESTEERING,SOL_COMPUTED,SINGLE,21,10,10,10,BESTGNSSPOSA
0703002-0918-15-42-gnss_raw.txt,371.100,2436,459824.300,GPS标准时间,FINESTEERING,SOL_COMPUTED,SINGLE,21,10,10,10,BESTGNSSPOSA
0703002-0918-15-42-gnss_raw.txt,371.200,2436,459824.400,GPS标准时间,FINESTEERING,SOL_COMPUTED,SINGLE,21,10,10,10,BESTGNSSPOSA
0703002-0918-15-42-gnss_raw.txt,371.300,2436,459824.500,GPS标准时间,FINESTEERING,SOL_COMPUTED,SINGLE,21,7,7,7,BESTGNSSPOSA
0703002-0918-15-42-gnss_raw.txt,371.400,2436,459824.600,GPS标准时间,FINESTEERING,SOL_COMPUTED,SINGLE,21,8,8,8,BESTGNSSPOSA
0703002-0918-15-42-gnss_raw.txt,371.500,2436,459824.700,GPS标准时间,FINESTEERING,SOL_COMPUTED,SINGLE,21,7,7,7,BESTGNSSPOSA
0703002-0918-15-42-gnss_raw.txt,371.600,2436,459824.800,GPS标准时间,FINESTEERING,SOL_COMPUTED,SINGLE,21,7,7,7,BESTGNSSPOSA
0703002-0918-15-42-gnss_raw.txt,371.700,2436,459824.900,GPS标准时间,FINESTEERING,SOL_COMPUTED,SINGLE,21,9,9,9,BESTGNSSPOSA
0703002-0918-15-42-gnss_raw.txt,371.800,2436,459825.000,GPS标准时间,FINESTEERING,SOL_COMPUTED,SINGLE,21,8,8,8,BESTGNSSPOSA
0703002-0918-15-42-gnss_raw.txt,371.900,2436,459825.100,GPS标准时间,FINESTEERING,SOL_COMPUTED,SINGLE,21,8,8,8,BESTGNSSPOSA
0703002-0918-15-42-gnss_raw.txt,372.000,2436,459825.200,GPS标准时间,FINESTEERING,SOL_COMPUTED,SINGLE,21,7,7,7,BESTGNSSPOSA
0703002-0918-15-42-gnss_raw.txt,372.100,2436,459825.300,GPS标准时间,FINESTEERING,SOL_COMPUTED,SINGLE,21,10,10,10,BESTGNSSPOSA
0703002-0918-15-42-gnss_raw.txt,372.200,2436,459825.400,GPS标准时间,FINESTEERING,SOL_COMPUTED,SINGLE,21,9,9,9,BESTGNSSPOSA
0703002-0918-15-42-gnss_raw.txt,372.300,2436,459825.500,GPS标准时间,FINESTEERING,SOL_COMPUTED,SINGLE,21,9,9,9,BESTGNSSPOSA
0703002-0918-15-42-gnss_raw.txt,372.400,2436,459825.600,GPS标准时间,FINESTEERING,SOL_COMPUTED,SINGLE,21,9,9,9,BESTGNSSPOSA
0703002-0918-15-42-gnss_raw.txt,372.500,2436,459825.700,GPS标准时间,FINESTEERING,SOL_COMPUTED,SINGLE,21,8,8,8,BESTGNSSPOSA
0703002-0918-15-42-gnss_raw.txt,372.600,2436,459825.800,GPS标准时间,FINESTEERING,SOL_COMPUTED,SINGLE,21,10,10,10,BESTGNSSPOSA
0703002-0918-15-42-gnss_raw.txt,372.700,2436,459825.900,GPS标准时间,FINESTEERING,SOL_COMPUTED,SINGLE,21,9,9,9,BESTGNSSPOSA
0703002-0918-15-42-gnss_raw.txt,372.800,2436,459826.000,GPS标准时间,FINESTEERING,SOL_COMPUTED,SINGLE,21,9,9,9,BESTGNSSPOSA
0703002-0918-15-42-gnss_raw.txt,372.900,2436,459826.100,GPS标准时间,FINESTEERING,SOL_COMPUTED,SINGLE,21,9,9,9,BESTGNSSPOSA
0703002-0918-15-42-gnss_raw.txt,373.000,2436,459826.200,GPS标准时间,FINESTEERING,SOL_COMPUTED,SINGLE,21,9,9,9,BESTGNSSPOSA
0703002-0918-15-42-gnss_raw.txt,373.100,2436,459826.300,GPS标准时间,FINESTEERING,SOL_COMPUTED,SINGLE,20,9,9,9,BESTGNSSPOSA
0703002-0918-15-42-gnss_raw.txt,373.200,2436,459826.400,GPS标准时间,FINESTEERING,SOL_COMPUTED,SINGLE,21,8,8,8,BESTGNSSPOSA
0703002-0918-15-42-gnss_raw.txt,373.300,2436,459826.500,GPS标准时间,FINESTEERING,SOL_COMPUTED,SINGLE,21,8,8,8,BESTGNSSPOSA
0703002-0918-15-42-gnss_raw.txt,373.400,2436,459826.600,GPS标准时间,FINESTEERING,SOL_COMPUTED,SINGLE,21,8,8,8,BESTGNSSPOSA
0703002-0918-15-42-gnss_raw.txt,373.500,2436,459826.700,GPS标准时间,FINESTEERING,SOL_COMPUTED,SINGLE,21,8,8,8,BESTGNSSPOSA
0703002-0918-15-42-gnss_raw.txt,373.600,2436,459826.800,GPS标准时间,FINESTEERING,SOL_COMPUTED,SINGLE,21,8,8,8,BESTGNSSPOSA
0703002-0918-15-42-gnss_raw.txt,373.700,2436,459826.900,GPS标准时间,FINESTEERING,SOL_COMPUTED,SINGLE,21,10,10,10,BESTGNSSPOSA
0703002-0918-15-42-gnss_raw.txt,373.800,2436,459827.000,GPS标准时间,FINESTEERING,SOL_COMPUTED,SINGLE,21,9,9,9,BESTGNSSPOSA
0703002-0918-15-42-gnss_raw.txt,373.900,2436,459827.100,GPS标准时间,FINESTEERING,SOL_COMPUTED,SINGLE,21,9,9,9,BESTGNSSPOSA
0703002-0918-15-42-gnss_raw.txt,374.000,2436,459827.200,GPS标准时间,FINESTEERING,SOL_COMPUTED,SINGLE,21,9,9,9,BESTGNSSPOSA
0703002-0918-15-42-gnss_raw.txt,374.100,2436,459827.300,GPS标准时间,FINESTEERING,SOL_COMPUTED,SINGLE,21,11,11,11,BESTGNSSPOSA
0703002-0918-15-42-gnss_raw.txt,374.200,2436,459827.400,GPS标准时间,FINESTEERING,SOL_COMPUTED,SINGLE,21,9,9,9,BESTGNSSPOSA
0703002-0918-15-42-gnss_raw.txt,374.300,2436,459827.500,GPS标准时间,FINESTEERING,SOL_COMPUTED,SINGLE,21,9,9,9,BESTGNSSPOSA
0703002-0918-15-42-gnss_raw.txt,374.400,2436,459827.600,GPS标准时间,FINESTEERING,SOL_COMPUTED,SINGLE,20,9,9,9,BESTGNSSPOSA
0703002-0918-15-42-gnss_raw.txt,374.500,2436,459827.700,GPS标准时间,FINESTEERING,SOL_COMPUTED,SINGLE,20,11,11,11,BESTGNSSPOSA
0703002-0918-15-42-gnss_raw.txt,374.600,2436,459827.800,GPS标准时间,FINESTEERING,SOL_COMPUTED,SINGLE,20,11,11,11,BESTGNSSPOSA
0703002-0918-15-42-gnss_raw.txt,374.700,2436,459827.900,GPS标准时间,FINESTEERING,SOL_COMPUTED,SINGLE,20,13,13,13,BESTGNSSPOSA
0703002-0918-15-42-gnss_raw.txt,374.800,2436,459828.000,GPS标准时间,FINESTEERING,SOL_COMPUTED,SINGLE,20,13,13,13,BESTGNSSPOSA
0703002-0918-15-42-gnss_raw.txt,374.900,2436,459828.100,GPS标准时间,FINESTEERING,SOL_COMPUTED,SINGLE,20,14,14,14,BESTGNSSPOSA
0703002-0918-15-42-gnss_raw.txt,375.000,2436,459828.200,GPS标准时间,FINESTEERING,SOL_COMPUTED,SINGLE,19,12,12,12,BESTGNSSPOSA
0703002-0918-15-42-gnss_raw.txt,375.100,2436,459828.300,GPS标准时间,FINESTEERING,SOL_COMPUTED,SINGLE,19,12,12,12,BESTGNSSPOSA
0703002-0918-15-42-gnss_raw.txt,375.200,2436,459828.400,GPS标准时间,FINESTEERING,SOL_COMPUTED,SINGLE,19,12,12,12,BESTGNSSPOSA
0703002-0918-15-42-gnss_raw.txt,375.300,2436,459828.500,GPS标准时间,FINESTEERING,SOL_COMPUTED,SINGLE,19,13,13,13,BESTGNSSPOSA
0703002-0918-15-42-gnss_raw.txt,375.400,2436,459828.600,GPS标准时间,FINESTEERING,SOL_COMPUTED,SINGLE,19,14,14,14,BESTGNSSPOSA
0703002-0918-15-42-gnss_raw.txt,375.500,2436,459828.700,GPS标准时间,FINESTEERING,SOL_COMPUTED,SINGLE,19,14,14,14,BESTGNSSPOSA
0703002-0918-15-42-gnss_raw.txt,375.600,2436,459828.800,GPS标准时间,FINESTEERING,SOL_COMPUTED,SINGLE,19,12,12,12,BESTGNSSPOSA
0703002-0918-15-42-gnss_raw.txt,375.700,2436,459828.900,GPS标准时间,FINESTEERING,SOL_COMPUTED,SINGLE,20,14,14,14,BESTGNSSPOSA
0703002-0918-15-42-gnss_raw.txt,375.800,2436,459829.000,GPS标准时间,FINESTEERING,SOL_COMPUTED,SINGLE,20,13,13,13,BESTGNSSPOSA
0703002-0918-15-42-gnss_raw.txt,375.900,2436,459829.100,GPS标准时间,FINESTEERING,SOL_COMPUTED,SINGLE,20,15,15,15,BESTGNSSPOSA
0703002-0918-15-42-gnss_raw.txt,376.000,2436,459829.200,GPS标准时间,FINESTEERING,SOL_COMPUTED,SINGLE,20,13,13,13,BESTGNSSPOSA
0703002-0918-15-42-gnss_raw.txt,376.100,2436,459829.300,GPS标准时间,FINESTEERING,SOL_COMPUTED,SINGLE,20,13,13,13,BESTGNSSPOSA
0703002-0918-15-42-gnss_raw.txt,376.200,2436,459829.400,GPS标准时间,FINESTEERING,SOL_COMPUTED,SINGLE,20,13,13,13,BESTGNSSPOSA
0703002-0918-15-42-gnss_raw.txt,376.300,2436,459829.500,GPS标准时间,FINESTEERING,SOL_COMPUTED,SINGLE,20,13,13,13,BESTGNSSPOSA
0703002-0918-15-42-gnss_raw.txt,376.400,2436,459829.600,GPS标准时间,FINESTEERING,SOL_COMPUTED,SINGLE,20,12,12,12,BESTGNSSPOSA
0703002-0918-15-42-gnss_raw.txt,376.500,2436,459829.700,GPS标准时间,FINESTEERING,SOL_COMPUTED,SINGLE,20,12,12,12,BESTGNSSPOSA
0703002-0918-15-42-gnss_raw.txt,376.600,2436,459829.800,GPS标准时间,FINESTEERING,SOL_COMPUTED,SINGLE,20,11,11,11,BESTGNSSPOSA
0703002-0918-15-42-gnss_raw.txt,376.700,2436,459829.900,GPS标准时间,FINESTEERING,SOL_COMPUTED,SINGLE,20,15,15,15,BESTGNSSPOSA
0703002-0918-15-42-gnss_raw.txt,376.800,2436,459830.000,GPS标准时间,FINESTEERING,SOL_COMPUTED,SINGLE,20,14,14,14,BESTGNSSPOSA
0703002-0918-15-42-gnss_raw.txt,376.900,2436,459830.100,GPS标准时间,FINESTEERING,SOL_COMPUTED,SINGLE,20,13,13,13,BESTGNSSPOSA
0703002-0918-15-42-gnss_raw.txt,377.000,2436,459830.200,GPS标准时间,FINESTEERING,SOL_COMPUTED,SINGLE,20,15,15,15,BESTGNSSPOSA
0703002-0918-15-42-gnss_raw.txt,377.100,2436,459830.300,GPS标准时间,FINESTEERING,SOL_COMPUTED,SINGLE,20,16,16,16,BESTGNSSPOSA
0703002-0918-15-42-gnss_raw.txt,377.200,2436,459830.400,GPS标准时间,FINESTEERING,SOL_COMPUTED,SINGLE,20,14,14,14,BESTGNSSPOSA
0703002-0918-15-42-gnss_raw.txt,377.300,2436,459830.500,GPS标准时间,FINESTEERING,SOL_COMPUTED,SINGLE,20,12,12,12,BESTGNSSPOSA
0703002-0918-15-42-gnss_raw.txt,377.400,2436,459830.600,GPS标准时间,FINESTEERING,SOL_COMPUTED,SINGLE,20,12,12,12,BESTGNSSPOSA
0703002-0918-15-42-gnss_raw.txt,377.500,2436,459830.700,GPS标准时间,FINESTEERING,SOL_COMPUTED,SINGLE,20,13,13,13,BESTGNSSPOSA
0703002-0918-15-42-gnss_raw.txt,377.600,2436,459830.800,GPS标准时间,FINESTEERING,SOL_COMPUTED,SINGLE,20,13,13,13,BESTGNSSPOSA
0703002-0918-15-42-gnss_raw.txt,377.700,2436,459830.900,GPS标准时间,FINESTEERING,SOL_COMPUTED,SINGLE,20,13,13,13,BESTGNSSPOSA
0703002-0918-15-42-gnss_raw.txt,377.800,2436,459831.000,GPS标准时间,FINESTEERING,SOL_COMPUTED,SINGLE,20,12,12,12,BESTGNSSPOSA
0703002-0918-15-42-gnss_raw.txt,377.900,2436,459831.100,GPS标准时间,FINESTEERING,SOL_COMPUTED,SINGLE,20,12,12,12,BESTGNSSPOSA
0703002-0918-15-42-gnss_raw.txt,378.000,2436,459831.200,GPS标准时间,FINESTEERING,SOL_COMPUTED,SINGLE,20,12,12,12,BESTGNSSPOSA
0703002-0918-15-42-gnss_raw.txt,378.100,2436,459831.300,GPS标准时间,FINESTEERING,SOL_COMPUTED,SINGLE,20,14,14,14,BESTGNSSPOSA
0703002-0918-15-42-gnss_raw.txt,378.200,2436,459831.400,GPS标准时间,FINESTEERING,SOL_COMPUTED,SINGLE,20,13,13,13,BESTGNSSPOSA
0703002-0918-15-42-gnss_raw.txt,378.300,2436,459831.500,GPS标准时间,FINESTEERING,SOL_COMPUTED,SINGLE,19,13,13,13,BESTGNSSPOSA
0703002-0918-15-42-gnss_raw.txt,378.400,2436,459831.600,GPS标准时间,FINESTEERING,SOL_COMPUTED,SINGLE,19,13,13,13,BESTGNSSPOSA
0703002-0918-15-42-gnss_raw.txt,378.500,2436,459831.700,GPS标准时间,FINESTEERING,SOL_COMPUTED,SINGLE,19,13,13,13,BESTGNSSPOSA
0703002-0918-15-42-gnss_raw.txt,378.600,2436,459831.800,GPS标准时间,FINESTEERING,SOL_COMPUTED,SINGLE,19,15,15,15,BESTGNSSPOSA
0703002-0918-15-42-gnss_raw.txt,378.700,2436,459831.900,GPS标准时间,FINESTEERING,SOL_COMPUTED,SINGLE,19,14,14,14,BESTGNSSPOSA
0703002-0918-15-42-gnss_raw.txt,378.800,2436,459832.000,GPS标准时间,FINESTEERING,SOL_COMPUTED,SINGLE,19,12,12,12,BESTGNSSPOSA
0703002-0918-15-42-gnss_raw.txt,378.900,2436,459832.100,GPS标准时间,FINESTEERING,SOL_COMPUTED,SINGLE,19,12,12,12,BESTGNSSPOSA
0703002-0918-15-42-gnss_raw.txt,379.000,2436,459832.200,GPS标准时间,FINESTEERING,SOL_COMPUTED,SINGLE,19,12,12,12,BESTGNSSPOSA
0703002-0918-15-42-gnss_raw.txt,379.100,2436,459832.300,GPS标准时间,FINESTEERING,SOL_COMPUTED,SINGLE,19,12,12,12,BESTGNSSPOSA
0703002-0918-15-42-gnss_raw.txt,379.200,2436,459832.400,GPS标准时间,FINESTEERING,SOL_COMPUTED,SINGLE,19,12,12,12,BESTGNSSPOSA
0703002-0918-15-42-gnss_raw.txt,379.300,2436,459832.500,GPS标准时间,FINESTEERING,SOL_COMPUTED,SINGLE,19,12,12,12,BESTGNSSPOSA
0703002-0918-15-42-gnss_raw.txt,379.400,2436,459832.600,GPS标准时间,FINESTEERING,SOL_COMPUTED,SINGLE,19,12,12,12,BESTGNSSPOSA
0703002-0918-15-42-gnss_raw.txt,379.500,2436,459832.700,GPS标准时间,FINESTEERING,SOL_COMPUTED,SINGLE,19,12,12,12,BESTGNSSPOSA
0703002-0918-15-42-gnss_raw.txt,379.600,2436,459832.800,GPS标准时间,FINESTEERING,SOL_COMPUTED,SINGLE,19,12,12,12,BESTGNSSPOSA
0703002-0918-15-42-gnss_raw.txt,379.700,2436,459832.900,GPS标准时间,FINESTEERING,SOL_COMPUTED,SINGLE,19,12,12,12,BESTGNSSPOSA
0703002-0918-15-42-gnss_raw.txt,379.800,2436,459833.000,GPS标准时间,FINESTEERING,SOL_COMPUTED,SINGLE,19,13,13,13,BESTGNSSPOSA
0703002-0918-15-42-gnss_raw.txt,379.900,2436,459833.100,GPS标准时间,FINESTEERING,SOL_COMPUTED,SINGLE,19,13,13,13,BESTGNSSPOSA
0703002-0918-15-42-gnss_raw.txt,380.000,2436,459833.200,GPS标准时间,FINESTEERING,SOL_COMPUTED,SINGLE,19,14,14,14,BESTGNSSPOSA
0703002-0918-15-42-gnss_raw.txt,380.100,2436,459833.300,GPS标准时间,FINESTEERING,SOL_COMPUTED,SINGLE,19,14,14,14,BESTGNSSPOSA
0703002-0918-15-42-gnss_raw.txt,380.200,2436,459833.400,GPS标准时间,FINESTEERING,SOL_COMPUTED,SINGLE,19,14,14,14,BESTGNSSPOSA
0703002-0918-15-42-gnss_raw.txt,380.300,2436,459833.500,GPS标准时间,FINESTEERING,SOL_COMPUTED,SINGLE,19,15,15,15,BESTGNSSPOSA
0703002-0918-15-42-gnss_raw.txt,380.400,2436,459833.600,GPS标准时间,FINESTEERING,SOL_COMPUTED,SINGLE,19,13,13,13,BESTGNSSPOSA
0703002-0918-15-42-gnss_raw.txt,380.500,2436,459833.700,GPS标准时间,FINESTEERING,SOL_COMPUTED,SINGLE,19,13,13,13,BESTGNSSPOSA
0703002-0918-15-42-gnss_raw.txt,380.600,2436,459833.800,GPS标准时间,FINESTEERING,SOL_COMPUTED,SINGLE,19,14,14,14,BESTGNSSPOSA
0703002-0918-15-42-gnss_raw.txt,380.700,2436,459833.900,GPS标准时间,FINESTEERING,SOL_COMPUTED,SINGLE,19,14,14,14,BESTGNSSPOSA
0703002-0918-15-42-gnss_raw.txt,380.800,2436,459834.000,GPS标准时间,FINESTEERING,SOL_COMPUTED,SINGLE,19,13,13,13,BESTGNSSPOSA
0703002-0918-15-42-gnss_raw.txt,380.900,2436,459834.100,GPS标准时间,FINESTEERING,SOL_COMPUTED,SINGLE,19,15,15,15,BESTGNSSPOSA
0703002-0918-15-42-gnss_raw.txt,381.000,2436,459834.200,GPS标准时间,FINESTEERING,SOL_COMPUTED,SINGLE,19,15,15,15,BESTGNSSPOSA
0703002-0918-15-42-gnss_raw.txt,381.100,2436,459834.300,GPS标准时间,FINESTEERING,SOL_COMPUTED,SINGLE,20,14,14,14,BESTGNSSPOSA
0703002-0918-15-42-gnss_raw.txt,381.200,2436,459834.400,GPS标准时间,FINESTEERING,SOL_COMPUTED,SINGLE,20,14,14,14,BESTGNSSPOSA
0703002-0918-15-42-gnss_raw.txt,381.300,2436,459834.500,GPS标准时间,FINESTEERING,SOL_COMPUTED,SINGLE,20,15,15,15,BESTGNSSPOSA
0703002-0918-15-42-gnss_raw.txt,381.400,2436,459834.600,GPS标准时间,FINESTEERING,SOL_COMPUTED,SINGLE,20,14,14,14,BESTGNSSPOSA
0703002-0918-15-42-gnss_raw.txt,381.500,2436,459834.700,GPS标准时间,FINESTEERING,SOL_COMPUTED,SINGLE,20,13,13,13,BESTGNSSPOSA
0703002-0918-15-42-gnss_raw.txt,381.600,2436,459834.800,GPS标准时间,FINESTEERING,SOL_COMPUTED,SINGLE,20,15,15,15,BESTGNSSPOSA
0703002-0918-15-42-gnss_raw.txt,381.700,2436,459834.900,GPS标准时间,FINESTEERING,SOL_COMPUTED,SINGLE,20,16,16,16,BESTGNSSPOSA
0703002-0918-15-42-gnss_raw.txt,381.800,2436,459835.000,GPS标准时间,FINESTEERING,SOL_COMPUTED,SINGLE,20,15,15,15,BESTGNSSPOSA
0703002-0918-15-42-gnss_raw.txt,381.900,2436,459835.100,GPS标准时间,FINESTEERING,SOL_COMPUTED,SINGLE,20,14,14,14,BESTGNSSPOSA
0703002-0918-15-42-gnss_raw.txt,382.000,2436,459835.200,GPS标准时间,FINESTEERING,SOL_COMPUTED,SINGLE,20,14,14,14,BESTGNSSPOSA
0703002-0918-15-42-gnss_raw.txt,382.100,2436,459835.300,GPS标准时间,FINESTEERING,SOL_COMPUTED,SINGLE,20,13,13,13,BESTGNSSPOSA
0703002-0918-15-42-gnss_raw.txt,382.200,2436,459835.400,GPS标准时间,FINESTEERING,SOL_COMPUTED,SINGLE,20,15,15,15,BESTGNSSPOSA
0703002-0918-15-42-gnss_raw.txt,382.300,2436,459835.500,GPS标准时间,FINESTEERING,SOL_COMPUTED,SINGLE,20,14,14,14,BESTGNSSPOSA
0703002-0918-15-42-gnss_raw.txt,382.400,2436,459835.600,GPS标准时间,FINESTEERING,SOL_COMPUTED,SINGLE,20,15,15,15,BESTGNSSPOSA
0703002-0918-15-42-gnss_raw.txt,382.500,2436,459835.700,GPS标准时间,FINESTEERING,SOL_COMPUTED,SINGLE,20,16,16,16,BESTGNSSPOSA
0703002-0918-15-42-gnss_raw.txt,382.600,2436,459835.800,GPS标准时间,FINESTEERING,SOL_COMPUTED,SINGLE,20,15,15,15,BESTGNSSPOSA
0703002-0918-15-42-gnss_raw.txt,382.700,2436,459835.900,GPS标准时间,FINESTEERING,SOL_COMPUTED,SINGLE,20,15,15,15,BESTGNSSPOSA
0703002-0918-15-42-gnss_raw.txt,382.800,2436,459836.000,GPS标准时间,FINESTEERING,SOL_COMPUTED,SINGLE,20,14,14,14,BESTGNSSPOSA
0703002-0918-15-42-gnss_raw.txt,382.900,2436,459836.100,GPS标准时间,FINESTEERING,SOL_COMPUTED,SINGLE,20,14,14,14,BESTGNSSPOSA
0703002-0918-15-42-gnss_raw.txt,383.000,2436,459836.200,GPS标准时间,FINESTEERING,SOL_COMPUTED,SINGLE,20,15,15,15,BESTGNSSPOSA
0703002-0918-15-42-gnss_raw.txt,383.100,2436,459836.300,GPS标准时间,FINESTEERING,SOL_COMPUTED,SINGLE,20,15,15,15,BESTGNSSPOSA
0703002-0918-15-42-gnss_raw.txt,383.200,2436,459836.400,GPS标准时间,FINESTEERING,SOL_COMPUTED,SINGLE,20,12,12,12,BESTGNSSPOSA
0703002-0918-15-42-gnss_raw.txt,383.300,2436,459836.500,GPS标准时间,FINESTEERING,SOL_COMPUTED,SINGLE,20,13,13,13,BESTGNSSPOSA
0703002-0918-15-42-gnss_raw.txt,383.400,2436,459836.600,GPS标准时间,FINESTEERING,SOL_COMPUTED,SINGLE,20,13,13,13,BESTGNSSPOSA
0703002-0918-15-42-gnss_raw.txt,383.500,2436,459836.700,GPS标准时间,FINESTEERING,SOL_COMPUTED,SINGLE,20,14,14,14,BESTGNSSPOSA
0703002-0918-15-42-gnss_raw.txt,383.600,2436,459836.800,GPS标准时间,FINESTEERING,SOL_COMPUTED,SINGLE,20,14,14,14,BESTGNSSPOSA
0703002-0918-15-42-gnss_raw.txt,383.700,2436,459836.900,GPS标准时间,FINESTEERING,SOL_COMPUTED,SINGLE,20,14,14,14,BESTGNSSPOSA
0703002-0918-15-42-gnss_raw.txt,383.800,2436,459837.000,GPS标准时间,FINESTEERING,SOL_COMPUTED,SINGLE,20,13,13,13,BESTGNSSPOSA
0703002-0918-15-42-gnss_raw.txt,383.900,2436,459837.100,GPS标准时间,FINESTEERING,SOL_COMPUTED,SINGLE,20,14,14,14,BESTGNSSPOSA
0703002-0918-15-42-gnss_raw.txt,384.000,2436,459837.200,GPS标准时间,FINESTEERING,SOL_COMPUTED,SINGLE,20,13,13,13,BESTGNSSPOSA
0703002-0918-15-42-gnss_raw.txt,384.100,2436,459837.300,GPS标准时间,FINESTEERING,SOL_COMPUTED,SINGLE,20,15,15,15,BESTGNSSPOSA
0703002-0918-15-42-gnss_raw.txt,384.200,2436,459837.400,GPS标准时间,FINESTEERING,SOL_COMPUTED,SINGLE,20,14,14,14,BESTGNSSPOSA
0703002-0918-15-42-gnss_raw.txt,384.300,2436,459837.500,GPS标准时间,FINESTEERING,SOL_COMPUTED,SINGLE,20,13,13,13,BESTGNSSPOSA
0703002-0918-15-42-gnss_raw.txt,384.400,2436,459837.600,GPS标准时间,FINESTEERING,SOL_COMPUTED,SINGLE,20,15,15,15,BESTGNSSPOSA
0703002-0918-15-42-gnss_raw.txt,384.500,2436,459837.700,GPS标准时间,FINESTEERING,SOL_COMPUTED,SINGLE,20,13,13,13,BESTGNSSPOSA
0703002-0918-15-42-gnss_raw.txt,384.600,2436,459837.800,GPS标准时间,FINESTEERING,SOL_COMPUTED,SINGLE,20,13,13,13,BESTGNSSPOSA
0703002-0918-15-42-gnss_raw.txt,384.700,2436,459837.900,GPS标准时间,FINESTEERING,SOL_COMPUTED,SINGLE,20,13,13,13,BESTGNSSPOSA
0703002-0918-15-42-gnss_raw.txt,384.800,2436,459838.000,GPS标准时间,FINESTEERING,SOL_COMPUTED,SINGLE,20,13,13,13,BESTGNSSPOSA
0703002-0918-15-42-gnss_raw.txt,384.900,2436,459838.100,GPS标准时间,FINESTEERING,SOL_COMPUTED,SINGLE,20,14,14,14,BESTGNSSPOSA
0703002-0918-15-42-gnss_raw.txt,385.000,2436,459838.200,GPS标准时间,FINESTEERING,SOL_COMPUTED,SINGLE,20,12,12,12,BESTGNSSPOSA
0703002-0918-15-42-gnss_raw.txt,385.100,2436,459838.300,GPS标准时间,FINESTEERING,SOL_COMPUTED,SINGLE,20,13,13,13,BESTGNSSPOSA
0703002-0918-15-42-gnss_raw.txt,385.200,2436,459838.400,GPS标准时间,FINESTEERING,SOL_COMPUTED,SINGLE,20,14,14,14,BESTGNSSPOSA
0703002-0918-15-42-gnss_raw.txt,385.300,2436,459838.500,GPS标准时间,FINESTEERING,SOL_COMPUTED,SINGLE,19,14,14,14,BESTGNSSPOSA
0703002-0918-15-42-gnss_raw.txt,385.400,2436,459838.600,GPS标准时间,FINESTEERING,SOL_COMPUTED,SINGLE,19,14,14,14,BESTGNSSPOSA
0703002-0918-15-42-gnss_raw.txt,385.500,2436,459838.700,GPS标准时间,FINESTEERING,SOL_COMPUTED,SINGLE,19,13,13,13,BESTGNSSPOSA
0703002-0918-15-42-gnss_raw.txt,385.600,2436,459838.800,GPS标准时间,FINESTEERING,SOL_COMPUTED,SINGLE,19,14,14,14,BESTGNSSPOSA
0703002-0918-15-42-gnss_raw.txt,385.700,2436,459838.900,GPS标准时间,FINESTEERING,SOL_COMPUTED,SINGLE,19,13,13,13,BESTGNSSPOSA
0703002-0918-15-42-gnss_raw.txt,385.800,2436,459839.000,GPS标准时间,FINESTEERING,SOL_COMPUTED,SINGLE,19,14,14,14,BESTGNSSPOSA
0703002-0918-15-42-gnss_raw.txt,385.900,2436,459839.100,GPS标准时间,FINESTEERING,SOL_COMPUTED,SINGLE,19,14,14,14,BESTGNSSPOSA
0703002-0918-15-42-gnss_raw.txt,386.000,2436,459839.200,GPS标准时间,FINESTEERING,SOL_COMPUTED,SINGLE,19,15,15,15,BESTGNSSPOSA
0703002-0918-15-42-gnss_raw.txt,386.100,2436,459839.300,GPS标准时间,FINESTEERING,SOL_COMPUTED,SINGLE,19,13,13,13,BESTGNSSPOSA
0703002-0918-15-42-gnss_raw.txt,386.200,2436,459839.400,GPS标准时间,FINESTEERING,SOL_COMPUTED,SINGLE,19,13,13,13,BESTGNSSPOSA
0703002-0918-15-42-gnss_raw.txt,386.300,2436,459839.500,GPS标准时间,FINESTEERING,SOL_COMPUTED,SINGLE,19,14,14,14,BESTGNSSPOSA
0703002-0918-15-42-gnss_raw.txt,386.400,2436,459839.600,GPS标准时间,FINESTEERING,SOL_COMPUTED,SINGLE,19,14,14,14,BESTGNSSPOSA
0703002-0918-15-42-gnss_raw.txt,386.500,2436,459839.700,GPS标准时间,FINESTEERING,SOL_COMPUTED,SINGLE,19,14,14,14,BESTGNSSPOSA
0703002-0918-15-42-gnss_raw.txt,386.600,2436,459839.800,GPS标准时间,FINESTEERING,SOL_COMPUTED,SINGLE,19,14,14,14,BESTGNSSPOSA
0703002-0918-15-42-gnss_raw.txt,386.700,2436,459839.900,GPS标准时间,FINESTEERING,SOL_COMPUTED,SINGLE,19,14,14,14,BESTGNSSPOSA
0703002-0918-15-42-gnss_raw.txt,386.800,2436,459840.000,GPS标准时间,FINESTEERING,SOL_COMPUTED,SINGLE,19,16,16,16,BESTGNSSPOSA
0703002-0918-15-42-gnss_raw.txt,386.900,2436,459840.100,GPS标准时间,FINESTEERING,SOL_COMPUTED,SINGLE,19,15,15,15,BESTGNSSPOSA
0703002-0918-15-42-gnss_raw.txt,387.000,2436,459840.200,GPS标准时间,FINESTEERING,SOL_COMPUTED,SINGLE,19,16,16,16,BESTGNSSPOSA
0703002-0918-15-42-gnss_raw.txt,387.100,2436,459840.300,GPS标准时间,FINESTEERING,SOL_COMPUTED,SINGLE,19,14,14,14,BESTGNSSPOSA
0703002-0918-15-42-gnss_raw.txt,387.200,2436,459840.400,GPS标准时间,FINESTEERING,SOL_COMPUTED,SINGLE,19,16,16,16,BESTGNSSPOSA
0703002-0918-15-42-gnss_raw.txt,387.300,2436,459840.500,GPS标准时间,FINESTEERING,SOL_COMPUTED,SINGLE,19,14,14,14,BESTGNSSPOSA
0703002-0918-15-42-gnss_raw.txt,387.400,2436,459840.600,GPS标准时间,FINESTEERING,SOL_COMPUTED,SINGLE,19,13,13,13,BESTGNSSPOSA
0703002-0918-15-42-gnss_raw.txt,387.500,2436,459840.700,GPS标准时间,FINESTEERING,SOL_COMPUTED,SINGLE,19,14,14,14,BESTGNSSPOSA
0703002-0918-15-42-gnss_raw.txt,387.600,2436,459840.800,GPS标准时间,FINESTEERING,SOL_COMPUTED,SINGLE,19,13,13,13,BESTGNSSPOSA
0703002-0918-15-42-gnss_raw.txt,387.700,2436,459840.900,GPS标准时间,FINESTEERING,SOL_COMPUTED,SINGLE,19,13,13,13,BESTGNSSPOSA
0703002-0918-15-42-gnss_raw.txt,387.800,2436,459841.000,GPS标准时间,FINESTEERING,SOL_COMPUTED,SINGLE,18,12,12,12,BESTGNSSPOSA
0703002-0918-15-42-gnss_raw.txt,387.900,2436,459841.100,GPS标准时间,FINESTEERING,SOL_COMPUTED,SINGLE,18,12,12,12,BESTGNSSPOSA
0703002-0918-15-42-gnss_raw.txt,388.000,2436,459841.200,GPS标准时间,FINESTEERING,SOL_COMPUTED,SINGLE,17,12,12,12,BESTGNSSPOSA
0703002-0918-15-42-gnss_raw.txt,388.100,2436,459841.300,GPS标准时间,FINESTEERING,SOL_COMPUTED,SINGLE,17,13,13,13,BESTGNSSPOSA
0703002-0918-15-42-gnss_raw.txt,388.200,2436,459841.400,GPS标准时间,FINESTEERING,SOL_COMPUTED,SINGLE,17,14,14,14,BESTGNSSPOSA
0703002-0918-15-42-gnss_raw.txt,388.300,2436,459841.500,GPS标准时间,FINESTEERING,SOL_COMPUTED,SINGLE,17,13,13,13,BESTGNSSPOSA
0703002-0918-15-42-gnss_raw.txt,388.400,2436,459841.600,GPS标准时间,FINESTEERING,SOL_COMPUTED,SINGLE,17,14,14,14,BESTGNSSPOSA
0703002-0918-15-42-gnss_raw.txt,388.500,2436,459841.700,GPS标准时间,FINESTEERING,SOL_COMPUTED,SINGLE,17,13,13,13,BESTGNSSPOSA
0703002-0918-15-42-gnss_raw.txt,388.600,2436,459841.800,GPS标准时间,FINESTEERING,SOL_COMPUTED,SINGLE,17,14,14,14,BESTGNSSPOSA
0703002-0918-15-42-gnss_raw.txt,388.700,2436,459841.900,GPS标准时间,FINESTEERING,SOL_COMPUTED,SINGLE,17,13,13,13,BESTGNSSPOSA
0703002-0918-15-42-gnss_raw.txt,388.800,2436,459842.000,GPS标准时间,FINESTEERING,SOL_COMPUTED,SINGLE,18,14,14,14,BESTGNSSPOSA
0703002-0918-15-42-gnss_raw.txt,388.900,2436,459842.100,GPS标准时间,FINESTEERING,SOL_COMPUTED,SINGLE,18,14,14,14,BESTGNSSPOSA
0703002-0918-15-42-gnss_raw.txt,389.000,2436,459842.200,GPS标准时间,FINESTEERING,SOL_COMPUTED,SINGLE,18,12,12,12,BESTGNSSPOSA
0703002-0918-15-42-gnss_raw.txt,389.100,2436,459842.300,GPS标准时间,FINESTEERING,SOL_COMPUTED,SINGLE,19,13,13,13,BESTGNSSPOSA
0703002-0918-15-42-gnss_raw.txt,389.200,2436,459842.400,GPS标准时间,FINESTEERING,SOL_COMPUTED,SINGLE,19,13,13,13,BESTGNSSPOSA
0703002-0918-15-42-gnss_raw.txt,389.300,2436,459842.500,GPS标准时间,FINESTEERING,SOL_COMPUTED,SINGLE,19,15,15,15,BESTGNSSPOSA
0703002-0918-15-42-gnss_raw.txt,389.400,2436,459842.600,GPS标准时间,FINESTEERING,SOL_COMPUTED,SINGLE,19,15,15,15,BESTGNSSPOSA
0703002-0918-15-42-gnss_raw.txt,389.500,2436,459842.700,GPS标准时间,FINESTEERING,SOL_COMPUTED,SINGLE,19,15,15,15,BESTGNSSPOSA
0703002-0918-15-42-gnss_raw.txt,389.600,2436,459842.800,GPS标准时间,FINESTEERING,SOL_COMPUTED,SINGLE,19,13,13,13,BESTGNSSPOSA
0703002-0918-15-42-gnss_raw.txt,389.700,2436,459842.900,GPS标准时间,FINESTEERING,SOL_COMPUTED,SINGLE,19,14,14,14,BESTGNSSPOSA
0703002-0918-15-42-gnss_raw.txt,389.800,2436,459843.000,GPS标准时间,FINESTEERING,SOL_COMPUTED,SINGLE,19,13,13,13,BESTGNSSPOSA
0703002-0918-15-42-gnss_raw.txt,389.900,2436,459843.100,GPS标准时间,FINESTEERING,SOL_COMPUTED,SINGLE,19,13,13,13,BESTGNSSPOSA
0703002-0918-15-42-gnss_raw.txt,390.000,2436,459843.200,GPS标准时间,FINESTEERING,SOL_COMPUTED,SINGLE,19,15,15,15,BESTGNSSPOSA
0703002-0918-15-42-gnss_raw.txt,390.100,2436,459843.300,GPS标准时间,FINESTEERING,SOL_COMPUTED,SINGLE,19,15,15,15,BESTGNSSPOSA
0703002-0918-15-42-gnss_raw.txt,390.200,2436,459843.400,GPS标准时间,FINESTEERING,SOL_COMPUTED,SINGLE,19,15,15,15,BESTGNSSPOSA
0703002-0918-15-42-gnss_raw.txt,390.300,2436,459843.500,GPS标准时间,FINESTEERING,SOL_COMPUTED,SINGLE,19,15,15,15,BESTGNSSPOSA
0703002-0918-15-42-gnss_raw.txt,390.400,2436,459843.600,GPS标准时间,FINESTEERING,SOL_COMPUTED,SINGLE,19,13,13,13,BESTGNSSPOSA
0703002-0918-15-42-gnss_raw.txt,390.500,2436,459843.700,GPS标准时间,FINESTEERING,SOL_COMPUTED,SINGLE,19,13,13,13,BESTGNSSPOSA
0703002-0918-15-42-gnss_raw.txt,390.600,2436,459843.800,GPS标准时间,FINESTEERING,SOL_COMPUTED,SINGLE,19,13,13,13,BESTGNSSPOSA
0703002-0918-15-42-gnss_raw.txt,390.700,2436,459843.900,GPS标准时间,FINESTEERING,SOL_COMPUTED,SINGLE,19,13,13,13,BESTGNSSPOSA
0703002-0918-15-42-gnss_raw.txt,390.800,2436,459844.000,GPS标准时间,FINESTEERING,SOL_COMPUTED,SINGLE,19,14,14,14,BESTGNSSPOSA
0703002-0918-15-42-gnss_raw.txt,390.900,2436,459844.100,GPS标准时间,FINESTEERING,SOL_COMPUTED,SINGLE,19,13,13,13,BESTGNSSPOSA
0703002-0918-15-42-gnss_raw.txt,391.000,2436,459844.200,GPS标准时间,FINESTEERING,SOL_COMPUTED,SINGLE,19,13,13,13,BESTGNSSPOSA
0703002-0918-15-42-gnss_raw.txt,391.100,2436,459844.300,GPS标准时间,FINESTEERING,SOL_COMPUTED,SINGLE,19,12,12,12,BESTGNSSPOSA
0703002-0918-15-42-gnss_raw.txt,391.200,2436,459844.400,GPS标准时间,FINESTEERING,SOL_COMPUTED,SINGLE,19,12,12,12,BESTGNSSPOSA
0703002-0918-15-42-gnss_raw.txt,391.300,2436,459844.500,GPS标准时间,FINESTEERING,SOL_COMPUTED,SINGLE,19,13,13,13,BESTGNSSPOSA
0703002-0918-15-42-gnss_raw.txt,391.400,2436,459844.600,GPS标准时间,FINESTEERING,SOL_COMPUTED,SINGLE,19,13,13,13,BESTGNSSPOSA
0703002-0918-15-42-gnss_raw.txt,391.500,2436,459844.700,GPS标准时间,FINESTEERING,SOL_COMPUTED,SINGLE,19,12,12,12,BESTGNSSPOSA
0703002-0918-15-42-gnss_raw.txt,391.600,2436,459844.800,GPS标准时间,FINESTEERING,SOL_COMPUTED,SINGLE,19,12,12,12,BESTGNSSPOSA
0703002-0918-15-42-gnss_raw.txt,391.700,2436,459844.900,GPS标准时间,FINESTEERING,SOL_COMPUTED,SINGLE,19,14,14,14,BESTGNSSPOSA
0703002-0918-15-42-gnss_raw.txt,391.800,2436,459845.000,GPS标准时间,FINESTEERING,SOL_COMPUTED,SINGLE,19,12,12,12,BESTGNSSPOSA
0703002-0918-15-42-gnss_raw.txt,391.900,2436,459845.100,GPS标准时间,FINESTEERING,SOL_COMPUTED,SINGLE,19,12,12,12,BESTGNSSPOSA
0703002-0918-15-42-gnss_raw.txt,392.000,2436,459845.200,GPS标准时间,FINESTEERING,SOL_COMPUTED,SINGLE,19,14,14,14,BESTGNSSPOSA
0703002-0918-15-42-gnss_raw.txt,392.100,2436,459845.300,GPS标准时间,FINESTEERING,SOL_COMPUTED,SINGLE,19,14,14,14,BESTGNSSPOSA
0703002-0918-15-42-gnss_raw.txt,392.200,2436,459845.400,GPS标准时间,FINESTEERING,SOL_COMPUTED,SINGLE,19,13,13,13,BESTGNSSPOSA
0703002-0918-15-42-gnss_raw.txt,392.300,2436,459845.500,GPS标准时间,FINESTEERING,SOL_COMPUTED,SINGLE,19,15,15,15,BESTGNSSPOSA
0703002-0918-15-42-gnss_raw.txt,392.400,2436,459845.600,GPS标准时间,FINESTEERING,SOL_COMPUTED,SINGLE,19,14,14,14,BESTGNSSPOSA
0703002-0918-15-42-gnss_raw.txt,392.500,2436,459845.700,GPS标准时间,FINESTEERING,SOL_COMPUTED,SINGLE,19,15,15,15,BESTGNSSPOSA
0703002-0918-15-42-gnss_raw.txt,392.600,2436,459845.800,GPS标准时间,FINESTEERING,SOL_COMPUTED,SINGLE,19,13,13,13,BESTGNSSPOSA
0703002-0918-15-42-gnss_raw.txt,392.700,2436,459845.900,GPS标准时间,FINESTEERING,SOL_COMPUTED,SINGLE,19,13,13,13,BESTGNSSPOSA
0703002-0918-15-42-gnss_raw.txt,392.800,2436,459846.000,GPS标准时间,FINESTEERING,SOL_COMPUTED,SINGLE,19,12,12,12,BESTGNSSPOSA
0703002-0918-15-42-gnss_raw.txt,392.900,2436,459846.100,GPS标准时间,FINESTEERING,SOL_COMPUTED,SINGLE,19,13,13,13,BESTGNSSPOSA
0703002-0918-15-42-gnss_raw.txt,393.000,2436,459846.200,GPS标准时间,FINESTEERING,SOL_COMPUTED,SINGLE,19,13,13,13,BESTGNSSPOSA
0703002-0918-15-42-gnss_raw.txt,393.100,2436,459846.300,GPS标准时间,FINESTEERING,SOL_COMPUTED,SINGLE,19,13,13,13,BESTGNSSPOSA
0703002-0918-15-42-gnss_raw.txt,393.200,2436,459846.400,GPS标准时间,FINESTEERING,SOL_COMPUTED,SINGLE,19,13,13,13,BESTGNSSPOSA
0703002-0918-15-42-gnss_raw.txt,393.300,2436,459846.500,GPS标准时间,FINESTEERING,SOL_COMPUTED,SINGLE,19,14,14,14,BESTGNSSPOSA
0703002-0918-15-42-gnss_raw.txt,393.400,2436,459846.600,GPS标准时间,FINESTEERING,SOL_COMPUTED,SINGLE,19,13,13,13,BESTGNSSPOSA
0703002-0918-15-42-gnss_raw.txt,393.500,2436,459846.700,GPS标准时间,FINESTEERING,SOL_COMPUTED,SINGLE,19,12,12,12,BESTGNSSPOSA
0703002-0918-15-42-gnss_raw.txt,393.600,2436,459846.800,GPS标准时间,FINESTEERING,SOL_COMPUTED,SINGLE,19,12,12,12,BESTGNSSPOSA
0703002-0918-15-42-gnss_raw.txt,393.700,2436,459846.900,GPS标准时间,FINESTEERING,SOL_COMPUTED,SINGLE,19,15,15,15,BESTGNSSPOSA
0703002-0918-15-42-gnss_raw.txt,393.800,2436,459847.000,GPS标准时间,FINESTEERING,SOL_COMPUTED,SINGLE,19,12,12,12,BESTGNSSPOSA
0703002-0918-15-42-gnss_raw.txt,393.900,2436,459847.100,GPS标准时间,FINESTEERING,SOL_COMPUTED,SINGLE,19,13,13,13,BESTGNSSPOSA
0703002-0918-15-42-gnss_raw.txt,394.000,2436,459847.200,GPS标准时间,FINESTEERING,SOL_COMPUTED,SINGLE,19,13,13,13,BESTGNSSPOSA
0703002-0918-15-42-gnss_raw.txt,394.100,2436,459847.300,GPS标准时间,FINESTEERING,SOL_COMPUTED,SINGLE,19,13,13,13,BESTGNSSPOSA
0703002-0918-15-42-gnss_raw.txt,394.200,2436,459847.400,GPS标准时间,FINESTEERING,SOL_COMPUTED,SINGLE,19,13,13,13,BESTGNSSPOSA
0703002-0918-15-42-gnss_raw.txt,394.300,2436,459847.500,GPS标准时间,FINESTEERING,SOL_COMPUTED,SINGLE,19,13,13,13,BESTGNSSPOSA
0703002-0918-15-42-gnss_raw.txt,394.400,2436,459847.600,GPS标准时间,FINESTEERING,SOL_COMPUTED,SINGLE,19,13,13,13,BESTGNSSPOSA
0703002-0918-15-42-gnss_raw.txt,394.500,2436,459847.700,GPS标准时间,FINESTEERING,SOL_COMPUTED,SINGLE,19,15,15,15,BESTGNSSPOSA
0703002-0918-15-42-gnss_raw.txt,394.600,2436,459847.800,GPS标准时间,FINESTEERING,SOL_COMPUTED,SINGLE,18,13,13,13,BESTGNSSPOSA
0703002-0918-15-42-gnss_raw.txt,394.700,2436,459847.900,GPS标准时间,FINESTEERING,SOL_COMPUTED,SINGLE,18,14,14,14,BESTGNSSPOSA
0703002-0918-15-42-gnss_raw.txt,394.800,2436,459848.000,GPS标准时间,FINESTEERING,SOL_COMPUTED,SINGLE,18,13,13,13,BESTGNSSPOSA
0703002-0918-15-42-gnss_raw.txt,394.900,2436,459848.100,GPS标准时间,FINESTEERING,SOL_COMPUTED,SINGLE,18,13,13,13,BESTGNSSPOSA
0703002-0918-15-42-gnss_raw.txt,395.000,2436,459848.200,GPS标准时间,FINESTEERING,SOL_COMPUTED,SINGLE,18,14,14,14,BESTGNSSPOSA
0703002-0918-15-42-gnss_raw.txt,395.100,2436,459848.300,GPS标准时间,FINESTEERING,SOL_COMPUTED,SINGLE,18,15,15,15,BESTGNSSPOSA
0703002-0918-15-42-gnss_raw.txt,395.200,2436,459848.400,GPS标准时间,FINESTEERING,SOL_COMPUTED,SINGLE,18,13,13,13,BESTGNSSPOSA
0703002-0918-15-42-gnss_raw.txt,395.300,2436,459848.500,GPS标准时间,FINESTEERING,SOL_COMPUTED,SINGLE,18,14,14,14,BESTGNSSPOSA
0703002-0918-15-42-gnss_raw.txt,395.400,2436,459848.600,GPS标准时间,FINESTEERING,SOL_COMPUTED,SINGLE,18,14,14,14,BESTGNSSPOSA
0703002-0918-15-42-gnss_raw.txt,395.500,2436,459848.700,GPS标准时间,FINESTEERING,SOL_COMPUTED,SINGLE,19,14,14,14,BESTGNSSPOSA
0703002-0918-15-42-gnss_raw.txt,395.600,2436,459848.800,GPS标准时间,FINESTEERING,SOL_COMPUTED,SINGLE,18,14,14,14,BESTGNSSPOSA
0703002-0918-15-42-gnss_raw.txt,395.700,2436,459848.900,GPS标准时间,FINESTEERING,SOL_COMPUTED,SINGLE,19,14,14,14,BESTGNSSPOSA
0703002-0918-15-42-gnss_raw.txt,395.800,2436,459849.000,GPS标准时间,FINESTEERING,SOL_COMPUTED,SINGLE,19,15,15,15,BESTGNSSPOSA
0703002-0918-15-42-gnss_raw.txt,395.900,2436,459849.100,GPS标准时间,FINESTEERING,SOL_COMPUTED,SINGLE,19,15,15,15,BESTGNSSPOSA
0703002-0918-15-42-gnss_raw.txt,396.000,2436,459849.200,GPS标准时间,FINESTEERING,SOL_COMPUTED,SINGLE,19,15,15,15,BESTGNSSPOSA
0703002-0918-15-42-gnss_raw.txt,396.100,2436,459849.300,GPS标准时间,FINESTEERING,SOL_COMPUTED,SINGLE,19,15,15,15,BESTGNSSPOSA
0703002-0918-15-42-gnss_raw.txt,396.200,2436,459849.400,GPS标准时间,FINESTEERING,SOL_COMPUTED,SINGLE,19,15,15,15,BESTGNSSPOSA
0703002-0918-15-42-gnss_raw.txt,396.300,2436,459849.500,GPS标准时间,FINESTEERING,SOL_COMPUTED,SINGLE,19,15,15,15,BESTGNSSPOSA
0703002-0918-15-42-gnss_raw.txt,396.400,2436,459849.600,GPS标准时间,FINESTEERING,SOL_COMPUTED,SINGLE,19,15,15,15,BESTGNSSPOSA
0703002-0918-15-42-gnss_raw.txt,396.500,2436,459849.700,GPS标准时间,FINESTEERING,SOL_COMPUTED,SINGLE,19,15,15,15,BESTGNSSPOSA
0703002-0918-15-42-gnss_raw.txt,396.600,2436,459849.800,GPS标准时间,FINESTEERING,SOL_COMPUTED,SINGLE,19,15,15,15,BESTGNSSPOSA
0703002-0918-15-42-gnss_raw.txt,396.700,2436,459849.900,GPS标准时间,FINESTEERING,SOL_COMPUTED,SINGLE,19,15,15,15,BESTGNSSPOSA
0703002-0918-15-42-gnss_raw.txt,396.800,2436,459850.000,GPS标准时间,FINESTEERING,SOL_COMPUTED,SINGLE,19,15,15,15,BESTGNSSPOSA
0703002-0918-15-42-gnss_raw.txt,396.900,2436,459850.100,GPS标准时间,FINESTEERING,SOL_COMPUTED,SINGLE,19,15,15,15,BESTGNSSPOSA
0703002-0918-15-42-gnss_raw.txt,397.000,2436,459850.200,GPS标准时间,FINESTEERING,SOL_COMPUTED,SINGLE,19,15,15,15,BESTGNSSPOSA
0703002-0918-15-42-gnss_raw.txt,397.100,2436,459850.300,GPS标准时间,FINESTEERING,SOL_COMPUTED,SINGLE,19,15,15,15,BESTGNSSPOSA
0703002-0918-15-42-gnss_raw.txt,397.200,2436,459850.400,GPS标准时间,FINESTEERING,SOL_COMPUTED,SINGLE,19,15,15,15,BESTGNSSPOSA
0703002-0918-15-42-gnss_raw.txt,397.300,2436,459850.500,GPS标准时间,FINESTEERING,SOL_COMPUTED,SINGLE,19,15,15,15,BESTGNSSPOSA
0703002-0918-15-42-gnss_raw.txt,397.400,2436,459850.600,GPS标准时间,FINESTEERING,SOL_COMPUTED,SINGLE,19,15,15,15,BESTGNSSPOSA
0703002-0918-15-42-gnss_raw.txt,397.500,2436,459850.700,GPS标准时间,FINESTEERING,SOL_COMPUTED,SINGLE,20,15,15,15,BESTGNSSPOSA
0703002-0918-15-42-gnss_raw.txt,397.600,2436,459850.800,GPS标准时间,FINESTEERING,SOL_COMPUTED,SINGLE,20,16,16,16,BESTGNSSPOSA
0703002-0918-15-42-gnss_raw.txt,397.700,2436,459850.900,GPS标准时间,FINESTEERING,SOL_COMPUTED,SINGLE,20,16,16,16,BESTGNSSPOSA
0703002-0918-15-42-gnss_raw.txt,397.800,2436,459851.000,GPS标准时间,FINESTEERING,SOL_COMPUTED,SINGLE,19,13,13,13,BESTGNSSPOSA
0703002-0918-15-42-gnss_raw.txt,397.900,2436,459851.100,GPS标准时间,FINESTEERING,SOL_COMPUTED,SINGLE,19,11,11,11,BESTGNSSPOSA
0703002-0918-15-42-gnss_raw.txt,398.000,2436,459851.200,GPS标准时间,FINESTEERING,SOL_COMPUTED,SINGLE,19,11,11,11,BESTGNSSPOSA
0703002-0918-15-42-gnss_raw.txt,398.100,2436,459851.300,GPS标准时间,FINESTEERING,SOL_COMPUTED,SINGLE,19,11,11,11,BESTGNSSPOSA
0703002-0918-15-42-gnss_raw.txt,398.200,2436,459851.400,GPS标准时间,FINESTEERING,SOL_COMPUTED,SINGLE,19,15,15,15,BESTGNSSPOSA
0703002-0918-15-42-gnss_raw.txt,398.300,2436,459851.500,GPS标准时间,FINESTEERING,SOL_COMPUTED,SINGLE,19,15,15,15,BESTGNSSPOSA
0703002-0918-15-42-gnss_raw.txt,398.400,2436,459851.600,GPS标准时间,FINESTEERING,SOL_COMPUTED,SINGLE,19,15,15,15,BESTGNSSPOSA
0703002-0918-15-42-gnss_raw.txt,398.500,2436,459851.700,GPS标准时间,FINESTEERING,SOL_COMPUTED,SINGLE,19,14,14,14,BESTGNSSPOSA
0703002-0918-15-42-gnss_raw.txt,398.600,2436,459851.800,GPS标准时间,FINESTEERING,SOL_COMPUTED,SINGLE,19,15,15,15,BESTGNSSPOSA
0703002-0918-15-42-gnss_raw.txt,398.700,2436,459851.900,GPS标准时间,FINESTEERING,SOL_COMPUTED,SINGLE,19,15,15,15,BESTGNSSPOSA
0703002-0918-15-42-gnss_raw.txt,398.800,2436,459852.000,GPS标准时间,FINESTEERING,SOL_COMPUTED,SINGLE,19,15,15,15,BESTGNSSPOSA
0703002-0918-15-42-gnss_raw.txt,398.900,2436,459852.100,GPS标准时间,FINESTEERING,SOL_COMPUTED,SINGLE,19,15,15,15,BESTGNSSPOSA
0703002-0918-15-42-gnss_raw.txt,399.000,2436,459852.200,GPS标准时间,FINESTEERING,SOL_COMPUTED,SINGLE,19,14,14,14,BESTGNSSPOSA
0703002-0918-15-42-gnss_raw.txt,399.100,2436,459852.300,GPS标准时间,FINESTEERING,SOL_COMPUTED,SINGLE,19,14,14,14,BESTGNSSPOSA
0703002-0918-15-42-gnss_raw.txt,399.200,2436,459852.400,GPS标准时间,FINESTEERING,SOL_COMPUTED,SINGLE,19,14,14,14,BESTGNSSPOSA
0703002-0918-15-42-gnss_raw.txt,399.300,2436,459852.500,GPS标准时间,FINESTEERING,SOL_COMPUTED,SINGLE,19,15,15,15,BESTGNSSPOSA
0703002-0918-15-42-gnss_raw.txt,399.400,2436,459852.600,GPS标准时间,FINESTEERING,SOL_COMPUTED,SINGLE,19,15,15,15,BESTGNSSPOSA
0703002-0918-15-42-gnss_raw.txt,399.500,2436,459852.700,GPS标准时间,FINESTEERING,SOL_COMPUTED,SINGLE,19,14,14,14,BESTGNSSPOSA
0703002-0918-15-42-gnss_raw.txt,399.600,2436,459852.800,GPS标准时间,FINESTEERING,SOL_COMPUTED,SINGLE,19,14,14,14,BESTGNSSPOSA
0703002-0918-15-42-gnss_raw.txt,399.700,2436,459852.900,GPS标准时间,FINESTEERING,SOL_COMPUTED,SINGLE,19,15,15,15,BESTGNSSPOSA
0703002-0918-15-42-gnss_raw.txt,399.800,2436,459853.000,GPS标准时间,FINESTEERING,SOL_COMPUTED,SINGLE,19,15,15,15,BESTGNSSPOSA
0703002-0918-15-42-gnss_raw.txt,399.900,2436,459853.100,GPS标准时间,FINESTEERING,SOL_COMPUTED,SINGLE,19,14,14,14,BESTGNSSPOSA
0703002-0918-15-42-gnss_raw.txt,400.000,2436,459853.200,GPS标准时间,FINESTEERING,SOL_COMPUTED,SINGLE,19,14,14,14,BESTGNSSPOSA
0703002-0918-15-42-gnss_raw.txt,400.100,2436,459853.300,GPS标准时间,FINESTEERING,SOL_COMPUTED,SINGLE,19,14,14,14,BESTGNSSPOSA
0703002-0918-15-42-gnss_raw.txt,400.200,2436,459853.400,GPS标准时间,FINESTEERING,SOL_COMPUTED,SINGLE,19,14,14,14,BESTGNSSPOSA
0703002-0918-15-42-gnss_raw.txt,400.300,2436,459853.500,GPS标准时间,FINESTEERING,SOL_COMPUTED,SINGLE,19,14,14,14,BESTGNSSPOSA
0703002-0918-15-42-gnss_raw.txt,400.400,2436,459853.600,GPS标准时间,FINESTEERING,SOL_COMPUTED,SINGLE,19,14,14,14,BESTGNSSPOSA
0703002-0918-15-42-gnss_raw.txt,400.500,2436,459853.700,GPS标准时间,FINESTEERING,SOL_COMPUTED,SINGLE,19,14,14,14,BESTGNSSPOSA
0703002-0918-15-42-gnss_raw.txt,400.600,2436,459853.800,GPS标准时间,FINESTEERING,SOL_COMPUTED,SINGLE,19,14,14,14,BESTGNSSPOSA
0703002-0918-15-42-gnss_raw.txt,400.700,2436,459853.900,GPS标准时间,FINESTEERING,SOL_COMPUTED,SINGLE,19,14,14,14,BESTGNSSPOSA
0703002-0918-15-42-gnss_raw.txt,400.800,2436,459854.000,GPS标准时间,FINESTEERING,SOL_COMPUTED,SINGLE,19,14,14,14,BESTGNSSPOSA
0703002-0918-15-42-gnss_raw.txt,400.900,2436,459854.100,GPS标准时间,FINESTEERING,SOL_COMPUTED,SINGLE,19,14,14,14,BESTGNSSPOSA
0703002-0918-15-42-gnss_raw.txt,401.000,2436,459854.200,GPS标准时间,FINESTEERING,SOL_COMPUTED,SINGLE,19,13,13,13,BESTGNSSPOSA
0703002-0918-15-42-gnss_raw.txt,401.100,2436,459854.300,GPS标准时间,FINESTEERING,SOL_COMPUTED,SINGLE,19,13,13,13,BESTGNSSPOSA
0703002-0918-15-42-gnss_raw.txt,401.200,2436,459854.400,GPS标准时间,FINESTEERING,SOL_COMPUTED,SINGLE,18,10,10,10,BESTGNSSPOSA
0703002-0918-15-42-gnss_raw.txt,401.300,2436,459854.500,GPS标准时间,FINESTEERING,SOL_COMPUTED,SINGLE,18,10,10,10,BESTGNSSPOSA
0703002-0918-15-42-gnss_raw.txt,401.400,2436,459854.600,GPS标准时间,FINESTEERING,SOL_COMPUTED,SINGLE,18,10,10,10,BESTGNSSPOSA
0703002-0918-15-42-gnss_raw.txt,401.500,2436,459854.700,GPS标准时间,FINESTEERING,SOL_COMPUTED,SINGLE,18,10,10,10,BESTGNSSPOSA
0703002-0918-15-42-gnss_raw.txt,401.600,2436,459854.800,GPS标准时间,FINESTEERING,SOL_COMPUTED,SINGLE,18,10,10,10,BESTGNSSPOSA
0703002-0918-15-42-gnss_raw.txt,401.700,2436,459854.900,GPS标准时间,FINESTEERING,SOL_COMPUTED,SINGLE,18,10,10,10,BESTGNSSPOSA
0703002-0918-15-42-gnss_raw.txt,401.800,2436,459855.000,GPS标准时间,FINESTEERING,SOL_COMPUTED,SINGLE,18,10,10,10,BESTGNSSPOSA
0703002-0918-15-42-gnss_raw.txt,401.900,2436,459855.100,GPS标准时间,FINESTEERING,SOL_COMPUTED,SINGLE,18,13,13,13,BESTGNSSPOSA
0703002-0918-15-42-gnss_raw.txt,402.000,2436,459855.200,GPS标准时间,FINESTEERING,SOL_COMPUTED,SINGLE,18,13,13,13,BESTGNSSPOSA
0703002-0918-15-42-gnss_raw.txt,402.100,2436,459855.300,GPS标准时间,FINESTEERING,SOL_COMPUTED,SINGLE,18,9,9,9,BESTGNSSPOSA
0703002-0918-15-42-gnss_raw.txt,402.200,2436,459855.400,GPS标准时间,FINESTEERING,SOL_COMPUTED,SINGLE,17,11,11,11,BESTGNSSPOSA
0703002-0918-15-42-gnss_raw.txt,402.300,2436,459855.500,GPS标准时间,FINESTEERING,SOL_COMPUTED,SINGLE,17,11,11,11,BESTGNSSPOSA
0703002-0918-15-42-gnss_raw.txt,402.400,2436,459855.600,GPS标准时间,FINESTEERING,SOL_COMPUTED,SINGLE,17,14,14,14,BESTGNSSPOSA
0703002-0918-15-42-gnss_raw.txt,402.500,2436,459855.700,GPS标准时间,FINESTEERING,SOL_COMPUTED,SINGLE,17,13,13,13,BESTGNSSPOSA
0703002-0918-15-42-gnss_raw.txt,402.600,2436,459855.800,GPS标准时间,FINESTEERING,SOL_COMPUTED,SINGLE,17,13,13,13,BESTGNSSPOSA
0703002-0918-15-42-gnss_raw.txt,402.700,2436,459855.900,GPS标准时间,FINESTEERING,SOL_COMPUTED,SINGLE,17,14,14,14,BESTGNSSPOSA
0703002-0918-15-42-gnss_raw.txt,402.800,2436,459856.000,GPS标准时间,FINESTEERING,SOL_COMPUTED,SINGLE,17,15,15,15,BESTGNSSPOSA
0703002-0918-15-42-gnss_raw.txt,402.900,2436,459856.100,GPS标准时间,FINESTEERING,SOL_COMPUTED,SINGLE,17,14,14,14,BESTGNSSPOSA
0703002-0918-15-42-gnss_raw.txt,403.000,2436,459856.200,GPS标准时间,FINESTEERING,SOL_COMPUTED,SINGLE,17,14,14,14,BESTGNSSPOSA
0703002-0918-15-42-gnss_raw.txt,403.100,2436,459856.300,GPS标准时间,FINESTEERING,SOL_COMPUTED,SINGLE,17,14,14,14,BESTGNSSPOSA
0703002-0918-15-42-gnss_raw.txt,403.200,2436,459856.400,GPS标准时间,FINESTEERING,SOL_COMPUTED,SINGLE,17,13,13,13,BESTGNSSPOSA
0703002-0918-15-42-gnss_raw.txt,403.300,2436,459856.500,GPS标准时间,FINESTEERING,SOL_COMPUTED,SINGLE,17,13,13,13,BESTGNSSPOSA
0703002-0918-15-42-gnss_raw.txt,403.400,2436,459856.600,GPS标准时间,FINESTEERING,SOL_COMPUTED,SINGLE,17,14,14,14,BESTGNSSPOSA
0703002-0918-15-42-gnss_raw.txt,403.500,2436,459856.700,GPS标准时间,FINESTEERING,SOL_COMPUTED,SINGLE,17,14,14,14,BESTGNSSPOSA
0703002-0918-15-42-gnss_raw.txt,403.600,2436,459856.800,GPS标准时间,FINESTEERING,SOL_COMPUTED,SINGLE,17,14,14,14,BESTGNSSPOSA
0703002-0918-15-42-gnss_raw.txt,403.700,2436,459856.900,GPS标准时间,FINESTEERING,SOL_COMPUTED,SINGLE,17,14,14,14,BESTGNSSPOSA
0703002-0918-15-42-gnss_raw.txt,403.800,2436,459857.000,GPS标准时间,FINESTEERING,SOL_COMPUTED,SINGLE,18,14,14,14,BESTGNSSPOSA
0703002-0918-15-42-gnss_raw.txt,403.900,2436,459857.100,GPS标准时间,FINESTEERING,SOL_COMPUTED,SINGLE,18,14,14,14,BESTGNSSPOSA
0703002-0918-15-42-gnss_raw.txt,404.000,2436,459857.200,GPS标准时间,FINESTEERING,SOL_COMPUTED,SINGLE,18,14,14,14,BESTGNSSPOSA
0703002-0918-15-42-gnss_raw.txt,404.100,2436,459857.300,GPS标准时间,FINESTEERING,SOL_COMPUTED,SINGLE,18,14,14,14,BESTGNSSPOSA
0703002-0918-15-42-gnss_raw.txt,404.200,2436,459857.400,GPS标准时间,FINESTEERING,SOL_COMPUTED,SINGLE,18,14,14,14,BESTGNSSPOSA
0703002-0918-15-42-gnss_raw.txt,404.300,2436,459857.500,GPS标准时间,FINESTEERING,SOL_COMPUTED,SINGLE,18,14,14,14,BESTGNSSPOSA
0703002-0918-15-42-gnss_raw.txt,404.400,2436,459857.600,GPS标准时间,FINESTEERING,SOL_COMPUTED,SINGLE,18,15,15,15,BESTGNSSPOSA
0703002-0918-15-42-gnss_raw.txt,404.500,2436,459857.700,GPS标准时间,FINESTEERING,SOL_COMPUTED,SINGLE,18,9,9,9,BESTGNSSPOSA
0703002-0918-15-42-gnss_raw.txt,404.600,2436,459857.800,GPS标准时间,FINESTEERING,SOL_COMPUTED,SINGLE,18,9,9,9,BESTGNSSPOSA
0703002-0918-15-42-gnss_raw.txt,404.700,2436,459857.900,GPS标准时间,FINESTEERING,SOL_COMPUTED,SINGLE,18,9,9,9,BESTGNSSPOSA
0703002-0918-15-42-gnss_raw.txt,404.800,2436,459858.000,GPS标准时间,FINESTEERING,SOL_COMPUTED,SINGLE,18,9,9,9,BESTGNSSPOSA
0703002-0918-15-42-gnss_raw.txt,404.900,2436,459858.100,GPS标准时间,FINESTEERING,SOL_COMPUTED,SINGLE,18,9,9,9,BESTGNSSPOSA
0703002-0918-15-42-gnss_raw.txt,405.000,2436,459858.200,GPS标准时间,FINESTEERING,SOL_COMPUTED,SINGLE,18,9,9,9,BESTGNSSPOSA
0703002-0918-15-42-gnss_raw.txt,405.100,2436,459858.300,GPS标准时间,FINESTEERING,SOL_COMPUTED,SINGLE,18,8,8,8,BESTGNSSPOSA
0703002-0918-15-42-gnss_raw.txt,405.200,2436,459858.400,GPS标准时间,FINESTEERING,SOL_COMPUTED,SINGLE,18,8,8,8,BESTGNSSPOSA
0703002-0918-15-42-gnss_raw.txt,405.300,2436,459858.500,GPS标准时间,FINESTEERING,SOL_COMPUTED,SINGLE,18,8,8,8,BESTGNSSPOSA
0703002-0918-15-42-gnss_raw.txt,405.400,2436,459858.600,GPS标准时间,FINESTEERING,SOL_COMPUTED,SINGLE,18,8,8,8,BESTGNSSPOSA
0703002-0918-15-42-gnss_raw.txt,405.500,2436,459858.700,GPS标准时间,FINESTEERING,SOL_COMPUTED,SINGLE,18,9,9,9,BESTGNSSPOSA
0703002-0918-15-42-gnss_raw.txt,405.600,2436,459858.800,GPS标准时间,FINESTEERING,SOL_COMPUTED,SINGLE,18,9,9,9,BESTGNSSPOSA
0703002-0918-15-42-gnss_raw.txt,405.700,2436,459858.900,GPS标准时间,FINESTEERING,SOL_COMPUTED,SINGLE,18,10,10,10,BESTGNSSPOSA
0703002-0918-15-42-gnss_raw.txt,405.800,2436,459859.000,GPS标准时间,FINESTEERING,SOL_COMPUTED,SINGLE,18,10,10,10,BESTGNSSPOSA
0703002-0918-15-42-gnss_raw.txt,405.900,2436,459859.100,GPS标准时间,FINESTEERING,SOL_COMPUTED,SINGLE,18,9,9,9,BESTGNSSPOSA
0703002-0918-15-42-gnss_raw.txt,406.000,2436,459859.200,GPS标准时间,FINESTEERING,SOL_COMPUTED,SINGLE,18,10,10,10,BESTGNSSPOSA
0703002-0918-15-42-gnss_raw.txt,406.100,2436,459859.300,GPS标准时间,FINESTEERING,SOL_COMPUTED,SINGLE,18,10,10,10,BESTGNSSPOSA
0703002-0918-15-42-gnss_raw.txt,406.200,2436,459859.400,GPS标准时间,FINESTEERING,SOL_COMPUTED,SINGLE,18,9,9,9,BESTGNSSPOSA
0703002-0918-15-42-gnss_raw.txt,406.300,2436,459859.500,GPS标准时间,FINESTEERING,SOL_COMPUTED,SINGLE,18,9,9,9,BESTGNSSPOSA
0703002-0918-15-42-gnss_raw.txt,406.400,2436,459859.600,GPS标准时间,FINESTEERING,SOL_COMPUTED,SINGLE,18,9,9,9,BESTGNSSPOSA
0703002-0918-15-42-gnss_raw.txt,406.500,2436,459859.700,GPS标准时间,FINESTEERING,SOL_COMPUTED,SINGLE,18,15,15,15,BESTGNSSPOSA
0703002-0918-15-42-gnss_raw.txt,406.600,2436,459859.800,GPS标准时间,FINESTEERING,SOL_COMPUTED,SINGLE,18,14,14,14,BESTGNSSPOSA
0703002-0918-15-42-gnss_raw.txt,406.700,2436,459859.900,GPS标准时间,FINESTEERING,SOL_COMPUTED,SINGLE,18,12,12,12,BESTGNSSPOSA
0703002-0918-15-42-gnss_raw.txt,406.800,2436,459860.000,GPS标准时间,FINESTEERING,SOL_COMPUTED,SINGLE,18,16,16,16,BESTGNSSPOSA
0703002-0918-15-42-gnss_raw.txt,406.900,2436,459860.100,GPS标准时间,FINESTEERING,SOL_COMPUTED,SINGLE,18,16,16,16,BESTGNSSPOSA
0703002-0918-15-42-gnss_raw.txt,407.000,2436,459860.200,GPS标准时间,FINESTEERING,SOL_COMPUTED,SINGLE,18,14,14,14,BESTGNSSPOSA
0703002-0918-15-42-gnss_raw.txt,407.100,2436,459860.300,GPS标准时间,FINESTEERING,SOL_COMPUTED,SINGLE,18,16,16,16,BESTGNSSPOSA
0703002-0918-15-42-gnss_raw.txt,407.200,2436,459860.400,GPS标准时间,FINESTEERING,SOL_COMPUTED,SINGLE,18,15,15,15,BESTGNSSPOSA
0703002-0918-15-42-gnss_raw.txt,407.300,2436,459860.500,GPS标准时间,FINESTEERING,SOL_COMPUTED,SINGLE,18,16,16,16,BESTGNSSPOSA
0703002-0918-15-42-gnss_raw.txt,407.400,2436,459860.600,GPS标准时间,FINESTEERING,SOL_COMPUTED,SINGLE,18,16,16,16,BESTGNSSPOSA
0703002-0918-15-42-gnss_raw.txt,407.500,2436,459860.700,GPS标准时间,FINESTEERING,SOL_COMPUTED,SINGLE,18,16,16,16,BESTGNSSPOSA
0703002-0918-15-42-gnss_raw.txt,407.600,2436,459860.800,GPS标准时间,FINESTEERING,SOL_COMPUTED,SINGLE,18,15,15,15,BESTGNSSPOSA
0703002-0918-15-42-gnss_raw.txt,407.700,2436,459860.900,GPS标准时间,FINESTEERING,SOL_COMPUTED,SINGLE,18,16,16,16,BESTGNSSPOSA
0703002-0918-15-42-gnss_raw.txt,407.800,2436,459861.000,GPS标准时间,FINESTEERING,SOL_COMPUTED,SINGLE,18,16,16,16,BESTGNSSPOSA
0703002-0918-15-42-gnss_raw.txt,407.900,2436,459861.100,GPS标准时间,FINESTEERING,SOL_COMPUTED,SINGLE,18,15,15,15,BESTGNSSPOSA
0703002-0918-15-42-gnss_raw.txt,408.000,2436,459861.200,GPS标准时间,FINESTEERING,SOL_COMPUTED,SINGLE,18,15,15,15,BESTGNSSPOSA
0703002-0918-15-42-gnss_raw.txt,408.100,2436,459861.300,GPS标准时间,FINESTEERING,SOL_COMPUTED,SINGLE,18,16,16,16,BESTGNSSPOSA
0703002-0918-15-42-gnss_raw.txt,408.200,2436,459861.400,GPS标准时间,FINESTEERING,SOL_COMPUTED,SINGLE,18,16,16,16,BESTGNSSPOSA
0703002-0918-15-42-gnss_raw.txt,408.300,2436,459861.500,GPS标准时间,FINESTEERING,SOL_COMPUTED,SINGLE,18,16,16,16,BESTGNSSPOSA
0703002-0918-15-42-gnss_raw.txt,408.400,2436,459861.600,GPS标准时间,FINESTEERING,SOL_COMPUTED,SINGLE,18,16,16,16,BESTGNSSPOSA
0703002-0918-15-42-gnss_raw.txt,408.500,2436,459861.700,GPS标准时间,FINESTEERING,SOL_COMPUTED,SINGLE,18,16,16,16,BESTGNSSPOSA
0703002-0918-15-42-gnss_raw.txt,408.600,2436,459861.800,GPS标准时间,FINESTEERING,SOL_COMPUTED,SINGLE,18,15,15,15,BESTGNSSPOSA
0703002-0918-15-42-gnss_raw.txt,408.700,2436,459861.900,GPS标准时间,FINESTEERING,SOL_COMPUTED,SINGLE,18,14,14,14,BESTGNSSPOSA
0703002-0918-15-42-gnss_raw.txt,408.800,2436,459862.000,GPS标准时间,FINESTEERING,SOL_COMPUTED,SINGLE,18,14,14,14,BESTGNSSPOSA
0703002-0918-15-42-gnss_raw.txt,408.900,2436,459862.100,GPS标准时间,FINESTEERING,SOL_COMPUTED,SINGLE,18,14,14,14,BESTGNSSPOSA
0703002-0918-15-42-gnss_raw.txt,409.000,2436,459862.200,GPS标准时间,FINESTEERING,SOL_COMPUTED,SINGLE,18,14,14,14,BESTGNSSPOSA
0703002-0918-15-42-gnss_raw.txt,409.100,2436,459862.300,GPS标准时间,FINESTEERING,SOL_COMPUTED,SINGLE,18,15,15,15,BESTGNSSPOSA
0703002-0918-15-42-gnss_raw.txt,409.200,2436,459862.400,GPS标准时间,FINESTEERING,SOL_COMPUTED,SINGLE,18,15,15,15,BESTGNSSPOSA
0703002-0918-15-42-gnss_raw.txt,409.300,2436,459862.500,GPS标准时间,FINESTEERING,SOL_COMPUTED,SINGLE,18,14,14,14,BESTGNSSPOSA
0703002-0918-15-42-gnss_raw.txt,409.400,2436,459862.600,GPS标准时间,FINESTEERING,SOL_COMPUTED,SINGLE,18,15,15,15,BESTGNSSPOSA
0703002-0918-15-42-gnss_raw.txt,409.500,2436,459862.700,GPS标准时间,FINESTEERING,SOL_COMPUTED,SINGLE,18,14,14,14,BESTGNSSPOSA
0703002-0918-15-42-gnss_raw.txt,409.600,2436,459862.800,GPS标准时间,FINESTEERING,SOL_COMPUTED,SINGLE,18,15,15,15,BESTGNSSPOSA
0703002-0918-15-42-gnss_raw.txt,409.700,2436,459862.900,GPS标准时间,FINESTEERING,SOL_COMPUTED,SINGLE,18,15,15,15,BESTGNSSPOSA
0703002-0918-15-42-gnss_raw.txt,409.800,2436,459863.000,GPS标准时间,FINESTEERING,SOL_COMPUTED,SINGLE,18,16,16,16,BESTGNSSPOSA
0703002-0918-15-42-gnss_raw.txt,409.900,2436,459863.100,GPS标准时间,FINESTEERING,SOL_COMPUTED,SINGLE,18,14,14,14,BESTGNSSPOSA
0703002-0918-15-42-gnss_raw.txt,410.000,2436,459863.200,GPS标准时间,FINESTEERING,SOL_COMPUTED,SINGLE,18,14,14,14,BESTGNSSPOSA
0703002-0918-15-42-gnss_raw.txt,410.100,2436,459863.300,GPS标准时间,FINESTEERING,SOL_COMPUTED,SINGLE,18,13,13,13,BESTGNSSPOSA
0703002-0918-15-42-gnss_raw.txt,410.200,2436,459863.400,GPS标准时间,FINESTEERING,SOL_COMPUTED,SINGLE,18,12,12,12,BESTGNSSPOSA
0703002-0918-15-42-gnss_raw.txt,410.300,2436,459863.500,GPS标准时间,FINESTEERING,SOL_COMPUTED,SINGLE,18,13,13,13,BESTGNSSPOSA
0703002-0918-15-42-gnss_raw.txt,410.400,2436,459863.600,GPS标准时间,FINESTEERING,SOL_COMPUTED,SINGLE,18,13,13,13,BESTGNSSPOSA
0703002-0918-15-42-gnss_raw.txt,410.500,2436,459863.700,GPS标准时间,FINESTEERING,SOL_COMPUTED,SINGLE,18,15,15,15,BESTGNSSPOSA
0703002-0918-15-42-gnss_raw.txt,410.600,2436,459863.800,GPS标准时间,FINESTEERING,SOL_COMPUTED,SINGLE,18,14,14,14,BESTGNSSPOSA
0703002-0918-15-42-gnss_raw.txt,410.700,2436,459863.900,GPS标准时间,FINESTEERING,SOL_COMPUTED,SINGLE,18,14,14,14,BESTGNSSPOSA
0703002-0918-15-42-gnss_raw.txt,410.800,2436,459864.000,GPS标准时间,FINESTEERING,SOL_COMPUTED,SINGLE,18,13,13,13,BESTGNSSPOSA
0703002-0918-15-42-gnss_raw.txt,410.900,2436,459864.100,GPS标准时间,FINESTEERING,SOL_COMPUTED,SINGLE,18,14,14,14,BESTGNSSPOSA
0703002-0918-15-42-gnss_raw.txt,411.000,2436,459864.200,GPS标准时间,FINESTEERING,SOL_COMPUTED,SINGLE,18,14,14,14,BESTGNSSPOSA
0703002-0918-15-42-gnss_raw.txt,411.100,2436,459864.300,GPS标准时间,FINESTEERING,SOL_COMPUTED,SINGLE,18,14,14,14,BESTGNSSPOSA
0703002-0918-15-42-gnss_raw.txt,411.200,2436,459864.400,GPS标准时间,FINESTEERING,SOL_COMPUTED,SINGLE,18,14,14,14,BESTGNSSPOSA
0703002-0918-15-42-gnss_raw.txt,411.300,2436,459864.500,GPS标准时间,FINESTEERING,SOL_COMPUTED,SINGLE,18,14,14,14,BESTGNSSPOSA
0703002-0918-15-42-gnss_raw.txt,411.400,2436,459864.600,GPS标准时间,FINESTEERING,SOL_COMPUTED,SINGLE,18,14,14,14,BESTGNSSPOSA
0703002-0918-15-42-gnss_raw.txt,411.500,2436,459864.700,GPS标准时间,FINESTEERING,SOL_COMPUTED,SINGLE,18,15,15,15,BESTGNSSPOSA
0703002-0918-15-42-gnss_raw.txt,411.600,2436,459864.800,GPS标准时间,FINESTEERING,SOL_COMPUTED,SINGLE,18,14,14,14,BESTGNSSPOSA
0703002-0918-15-42-gnss_raw.txt,411.700,2436,459864.900,GPS标准时间,FINESTEERING,SOL_COMPUTED,SINGLE,18,14,14,14,BESTGNSSPOSA
0703002-0918-15-42-gnss_raw.txt,411.800,2436,459865.000,GPS标准时间,FINESTEERING,SOL_COMPUTED,SINGLE,18,14,14,14,BESTGNSSPOSA
0703002-0918-15-42-gnss_raw.txt,411.900,2436,459865.100,GPS标准时间,FINESTEERING,SOL_COMPUTED,SINGLE,18,14,14,14,BESTGNSSPOSA
0703002-0918-15-42-gnss_raw.txt,412.000,2436,459865.200,GPS标准时间,FINESTEERING,SOL_COMPUTED,SINGLE,18,14,14,14,BESTGNSSPOSA
0703002-0918-15-42-gnss_raw.txt,412.100,2436,459865.300,GPS标准时间,FINESTEERING,SOL_COMPUTED,SINGLE,18,14,14,14,BESTGNSSPOSA
0703002-0918-15-42-gnss_raw.txt,412.200,2436,459865.400,GPS标准时间,FINESTEERING,SOL_COMPUTED,SINGLE,18,14,14,14,BESTGNSSPOSA
0703002-0918-15-42-gnss_raw.txt,412.300,2436,459865.500,GPS标准时间,FINESTEERING,SOL_COMPUTED,SINGLE,18,13,13,13,BESTGNSSPOSA
0703002-0918-15-42-gnss_raw.txt,412.400,2436,459865.600,GPS标准时间,FINESTEERING,SOL_COMPUTED,SINGLE,18,14,14,14,BESTGNSSPOSA
0703002-0918-15-42-gnss_raw.txt,412.500,2436,459865.700,GPS标准时间,FINESTEERING,SOL_COMPUTED,SINGLE,18,15,15,15,BESTGNSSPOSA
0703002-0918-15-42-gnss_raw.txt,412.600,2436,459865.800,GPS标准时间,FINESTEERING,SOL_COMPUTED,SINGLE,18,15,15,15,BESTGNSSPOSA
0703002-0918-15-42-gnss_raw.txt,412.700,2436,459865.900,GPS标准时间,FINESTEERING,SOL_COMPUTED,SINGLE,18,14,14,14,BESTGNSSPOSA
0703002-0918-15-42-gnss_raw.txt,412.800,2436,459866.000,GPS标准时间,FINESTEERING,SOL_COMPUTED,SINGLE,18,13,13,13,BESTGNSSPOSA
0703002-0918-15-42-gnss_raw.txt,412.900,2436,459866.100,GPS标准时间,FINESTEERING,SOL_COMPUTED,SINGLE,18,14,14,14,BESTGNSSPOSA
0703002-0918-15-42-gnss_raw.txt,413.000,2436,459866.200,GPS标准时间,FINESTEERING,SOL_COMPUTED,SINGLE,19,17,17,17,BESTGNSSPOSA
0703002-0918-15-42-gnss_raw.txt,413.100,2436,459866.300,GPS标准时间,FINESTEERING,SOL_COMPUTED,SINGLE,19,16,16,16,BESTGNSSPOSA
0703002-0918-15-42-gnss_raw.txt,413.200,2436,459866.400,GPS标准时间,FINESTEERING,SOL_COMPUTED,SINGLE,19,15,15,15,BESTGNSSPOSA
0703002-0918-15-42-gnss_raw.txt,413.300,2436,459866.500,GPS标准时间,FINESTEERING,SOL_COMPUTED,SINGLE,19,14,14,14,BESTGNSSPOSA
0703002-0918-15-42-gnss_raw.txt,413.400,2436,459866.600,GPS标准时间,FINESTEERING,SOL_COMPUTED,SINGLE,19,11,11,11,BESTGNSSPOSA
0703002-0918-15-42-gnss_raw.txt,413.500,2436,459866.700,GPS标准时间,FINESTEERING,SOL_COMPUTED,SINGLE,19,11,11,11,BESTGNSSPOSA
0703002-0918-15-42-gnss_raw.txt,413.600,2436,459866.800,GPS标准时间,FINESTEERING,SOL_COMPUTED,SINGLE,19,11,11,11,BESTGNSSPOSA
0703002-0918-15-42-gnss_raw.txt,413.700,2436,459866.900,GPS标准时间,FINESTEERING,SOL_COMPUTED,SINGLE,19,11,11,11,BESTGNSSPOSA
0703002-0918-15-42-gnss_raw.txt,413.800,2436,459867.000,GPS标准时间,FINESTEERING,SOL_COMPUTED,SINGLE,19,15,15,15,BESTGNSSPOSA
0703002-0918-15-42-gnss_raw.txt,413.900,2436,459867.100,GPS标准时间,FINESTEERING,SOL_COMPUTED,SINGLE,19,15,15,15,BESTGNSSPOSA
0703002-0918-15-42-gnss_raw.txt,414.000,2436,459867.200,GPS标准时间,FINESTEERING,SOL_COMPUTED,SINGLE,19,15,15,15,BESTGNSSPOSA
0703002-0918-15-42-gnss_raw.txt,414.100,2436,459867.300,GPS标准时间,FINESTEERING,SOL_COMPUTED,SINGLE,19,15,15,15,BESTGNSSPOSA
0703002-0918-15-42-gnss_raw.txt,414.200,2436,459867.400,GPS标准时间,FINESTEERING,SOL_COMPUTED,SINGLE,19,16,16,16,BESTGNSSPOSA
0703002-0918-15-42-gnss_raw.txt,414.300,2436,459867.500,GPS标准时间,FINESTEERING,SOL_COMPUTED,SINGLE,19,16,16,16,BESTGNSSPOSA
0703002-0918-15-42-gnss_raw.txt,414.400,2436,459867.600,GPS标准时间,FINESTEERING,SOL_COMPUTED,SINGLE,19,16,16,16,BESTGNSSPOSA
0703002-0918-15-42-gnss_raw.txt,414.500,2436,459867.700,GPS标准时间,FINESTEERING,SOL_COMPUTED,SINGLE,19,16,16,16,BESTGNSSPOSA
0703002-0918-15-42-gnss_raw.txt,414.600,2436,459867.800,GPS标准时间,FINESTEERING,SOL_COMPUTED,SINGLE,19,15,15,15,BESTGNSSPOSA
0703002-0918-15-42-gnss_raw.txt,414.700,2436,459867.900,GPS标准时间,FINESTEERING,SOL_COMPUTED,SINGLE,19,15,15,15,BESTGNSSPOSA
0703002-0918-15-42-gnss_raw.txt,414.800,2436,459868.000,GPS标准时间,FINESTEERING,SOL_COMPUTED,SINGLE,19,15,15,15,BESTGNSSPOSA
0703002-0918-15-42-gnss_raw.txt,414.900,2436,459868.100,GPS标准时间,FINESTEERING,SOL_COMPUTED,SINGLE,19,14,14,14,BESTGNSSPOSA
0703002-0918-15-42-gnss_raw.txt,415.000,2436,459868.200,GPS标准时间,FINESTEERING,SOL_COMPUTED,SINGLE,19,16,16,16,BESTGNSSPOSA
0703002-0918-15-42-gnss_raw.txt,415.100,2436,459868.300,GPS标准时间,FINESTEERING,SOL_COMPUTED,SINGLE,19,16,16,16,BESTGNSSPOSA
0703002-0918-15-42-gnss_raw.txt,415.200,2436,459868.400,GPS标准时间,FINESTEERING,SOL_COMPUTED,SINGLE,19,14,14,14,BESTGNSSPOSA
0703002-0918-15-42-gnss_raw.txt,415.300,2436,459868.500,GPS标准时间,FINESTEERING,SOL_COMPUTED,SINGLE,19,15,15,15,BESTGNSSPOSA
0703002-0918-15-42-gnss_raw.txt,415.400,2436,459868.600,GPS标准时间,FINESTEERING,SOL_COMPUTED,SINGLE,19,15,15,15,BESTGNSSPOSA
0703002-0918-15-42-gnss_raw.txt,415.500,2436,459868.700,GPS标准时间,FINESTEERING,SOL_COMPUTED,SINGLE,19,15,15,15,BESTGNSSPOSA
0703002-0918-15-42-gnss_raw.txt,415.600,2436,459868.800,GPS标准时间,FINESTEERING,SOL_COMPUTED,SINGLE,19,15,15,15,BESTGNSSPOSA
0703002-0918-15-42-gnss_raw.txt,415.700,2436,459868.900,GPS标准时间,FINESTEERING,SOL_COMPUTED,SINGLE,19,14,14,14,BESTGNSSPOSA
0703002-0918-15-42-gnss_raw.txt,415.800,2436,459869.000,GPS标准时间,FINESTEERING,SOL_COMPUTED,SINGLE,19,13,13,13,BESTGNSSPOSA
0703002-0918-15-42-gnss_raw.txt,415.900,2436,459869.100,GPS标准时间,FINESTEERING,SOL_COMPUTED,SINGLE,19,14,14,14,BESTGNSSPOSA
0703002-0918-15-42-gnss_raw.txt,416.000,2436,459869.200,GPS标准时间,FINESTEERING,SOL_COMPUTED,SINGLE,19,13,13,13,BESTGNSSPOSA
0703002-0918-15-42-gnss_raw.txt,416.100,2436,459869.300,GPS标准时间,FINESTEERING,SOL_COMPUTED,SINGLE,19,15,15,15,BESTGNSSPOSA
0703002-0918-15-42-gnss_raw.txt,416.200,2436,459869.400,GPS标准时间,FINESTEERING,SOL_COMPUTED,SINGLE,19,14,14,14,BESTGNSSPOSA
0703002-0918-15-42-gnss_raw.txt,416.300,2436,459869.500,GPS标准时间,FINESTEERING,SOL_COMPUTED,SINGLE,19,14,14,14,BESTGNSSPOSA
0703002-0918-15-42-gnss_raw.txt,416.400,2436,459869.600,GPS标准时间,FINESTEERING,SOL_COMPUTED,SINGLE,19,14,14,14,BESTGNSSPOSA
0703002-0918-15-42-gnss_raw.txt,416.500,2436,459869.700,GPS标准时间,FINESTEERING,SOL_COMPUTED,SINGLE,19,14,14,14,BESTGNSSPOSA
0703002-0918-15-42-gnss_raw.txt,416.600,2436,459869.800,GPS标准时间,FINESTEERING,SOL_COMPUTED,SINGLE,19,15,15,15,BESTGNSSPOSA
0703002-0918-15-42-gnss_raw.txt,416.700,2436,459869.900,GPS标准时间,FINESTEERING,SOL_COMPUTED,SINGLE,19,15,15,15,BESTGNSSPOSA
0703002-0918-15-42-gnss_raw.txt,416.800,2436,459870.000,GPS标准时间,FINESTEERING,SOL_COMPUTED,SINGLE,19,15,15,15,BESTGNSSPOSA
0703002-0918-15-42-gnss_raw.txt,416.900,2436,459870.100,GPS标准时间,FINESTEERING,SOL_COMPUTED,SINGLE,19,15,15,15,BESTGNSSPOSA
0703002-0918-15-42-gnss_raw.txt,417.000,2436,459870.200,GPS标准时间,FINESTEERING,SOL_COMPUTED,SINGLE,19,14,14,14,BESTGNSSPOSA
0703002-0918-15-42-gnss_raw.txt,417.100,2436,459870.300,GPS标准时间,FINESTEERING,SOL_COMPUTED,SINGLE,19,15,15,15,BESTGNSSPOSA
0703002-0918-15-42-gnss_raw.txt,417.200,2436,459870.400,GPS标准时间,FINESTEERING,SOL_COMPUTED,SINGLE,19,15,15,15,BESTGNSSPOSA
0703002-0918-15-42-gnss_raw.txt,417.300,2436,459870.500,GPS标准时间,FINESTEERING,SOL_COMPUTED,SINGLE,19,14,14,14,BESTGNSSPOSA
0703002-0918-15-42-gnss_raw.txt,417.400,2436,459870.600,GPS标准时间,FINESTEERING,SOL_COMPUTED,SINGLE,19,14,14,14,BESTGNSSPOSA
0703002-0918-15-42-gnss_raw.txt,417.500,2436,459870.700,GPS标准时间,FINESTEERING,SOL_COMPUTED,SINGLE,19,15,15,15,BESTGNSSPOSA
0703002-0918-15-42-gnss_raw.txt,417.600,2436,459870.800,GPS标准时间,FINESTEERING,SOL_COMPUTED,SINGLE,19,15,15,15,BESTGNSSPOSA
0703002-0918-15-42-gnss_raw.txt,417.700,2436,459870.900,GPS标准时间,FINESTEERING,SOL_COMPUTED,SINGLE,19,14,14,14,BESTGNSSPOSA
0703002-0918-15-42-gnss_raw.txt,417.800,2436,459871.000,GPS标准时间,FINESTEERING,SOL_COMPUTED,SINGLE,19,15,15,15,BESTGNSSPOSA
0703002-0918-15-42-gnss_raw.txt,417.900,2436,459871.100,GPS标准时间,FINESTEERING,SOL_COMPUTED,SINGLE,19,15,15,15,BESTGNSSPOSA
0703002-0918-15-42-gnss_raw.txt,418.000,2436,459871.200,GPS标准时间,FINESTEERING,SOL_COMPUTED,SINGLE,19,15,15,15,BESTGNSSPOSA
0703002-0918-15-42-gnss_raw.txt,418.100,2436,459871.300,GPS标准时间,FINESTEERING,SOL_COMPUTED,SINGLE,19,15,15,15,BESTGNSSPOSA
0703002-0918-15-42-gnss_raw.txt,418.200,2436,459871.400,GPS标准时间,FINESTEERING,SOL_COMPUTED,SINGLE,19,15,15,15,BESTGNSSPOSA
0703002-0918-15-42-gnss_raw.txt,418.300,2436,459871.500,GPS标准时间,FINESTEERING,SOL_COMPUTED,SINGLE,19,14,14,14,BESTGNSSPOSA
0703002-0918-15-42-gnss_raw.txt,418.400,2436,459871.600,GPS标准时间,FINESTEERING,SOL_COMPUTED,SINGLE,19,14,14,14,BESTGNSSPOSA
0703002-0918-15-42-gnss_raw.txt,418.500,2436,459871.700,GPS标准时间,FINESTEERING,SOL_COMPUTED,SINGLE,19,14,14,14,BESTGNSSPOSA
0703002-0918-15-42-gnss_raw.txt,418.600,2436,459871.800,GPS标准时间,FINESTEERING,SOL_COMPUTED,SINGLE,19,14,14,14,BESTGNSSPOSA
0703002-0918-15-42-gnss_raw.txt,418.700,2436,459871.900,GPS标准时间,FINESTEERING,SOL_COMPUTED,SINGLE,19,14,14,14,BESTGNSSPOSA
0703002-0918-15-42-gnss_raw.txt,418.800,2436,459872.000,GPS标准时间,FINESTEERING,SOL_COMPUTED,SINGLE,19,14,14,14,BESTGNSSPOSA
0703002-0918-15-42-gnss_raw.txt,418.900,2436,459872.100,GPS标准时间,FINESTEERING,SOL_COMPUTED,SINGLE,19,15,15,15,BESTGNSSPOSA
0703002-0918-15-42-gnss_raw.txt,419.000,2436,459872.200,GPS标准时间,FINESTEERING,SOL_COMPUTED,SINGLE,19,15,15,15,BESTGNSSPOSA
0703002-0918-15-42-gnss_raw.txt,419.100,2436,459872.300,GPS标准时间,FINESTEERING,SOL_COMPUTED,SINGLE,19,16,16,16,BESTGNSSPOSA
0703002-0918-15-42-gnss_raw.txt,419.200,2436,459872.400,GPS标准时间,FINESTEERING,SOL_COMPUTED,SINGLE,19,15,15,15,BESTGNSSPOSA
0703002-0918-15-42-gnss_raw.txt,419.300,2436,459872.500,GPS标准时间,FINESTEERING,SOL_COMPUTED,SINGLE,19,14,14,14,BESTGNSSPOSA
0703002-0918-15-42-gnss_raw.txt,419.400,2436,459872.600,GPS标准时间,FINESTEERING,SOL_COMPUTED,SINGLE,19,15,15,15,BESTGNSSPOSA
0703002-0918-15-42-gnss_raw.txt,419.500,2436,459872.700,GPS标准时间,FINESTEERING,SOL_COMPUTED,SINGLE,19,14,14,14,BESTGNSSPOSA
0703002-0918-15-42-gnss_raw.txt,419.600,2436,459872.800,GPS标准时间,FINESTEERING,SOL_COMPUTED,SINGLE,19,14,14,14,BESTGNSSPOSA
0703002-0918-15-42-gnss_raw.txt,419.700,2436,459872.900,GPS标准时间,FINESTEERING,SOL_COMPUTED,SINGLE,19,16,16,16,BESTGNSSPOSA
0703002-0918-15-42-gnss_raw.txt,419.800,2436,459873.000,GPS标准时间,FINESTEERING,SOL_COMPUTED,SINGLE,19,16,16,16,BESTGNSSPOSA
0703002-0918-15-42-gnss_raw.txt,419.900,2436,459873.100,GPS标准时间,FINESTEERING,SOL_COMPUTED,SINGLE,19,15,15,15,BESTGNSSPOSA
0703002-0918-15-42-gnss_raw.txt,420.000,2436,459873.200,GPS标准时间,FINESTEERING,SOL_COMPUTED,SINGLE,19,16,16,16,BESTGNSSPOSA
0703002-0918-15-42-gnss_raw.txt,420.100,2436,459873.300,GPS标准时间,FINESTEERING,SOL_COMPUTED,SINGLE,19,16,16,16,BESTGNSSPOSA
0703002-0918-15-42-gnss_raw.txt,420.200,2436,459873.400,GPS标准时间,FINESTEERING,SOL_COMPUTED,SINGLE,19,15,15,15,BESTGNSSPOSA
0703002-0918-15-42-gnss_raw.txt,420.300,2436,459873.500,GPS标准时间,FINESTEERING,SOL_COMPUTED,SINGLE,19,14,14,14,BESTGNSSPOSA
0703002-0918-15-42-gnss_raw.txt,420.400,2436,459873.600,GPS标准时间,FINESTEERING,SOL_COMPUTED,SINGLE,19,14,14,14,BESTGNSSPOSA
0703002-0918-15-42-gnss_raw.txt,420.500,2436,459873.700,GPS标准时间,FINESTEERING,SOL_COMPUTED,SINGLE,18,14,14,14,BESTGNSSPOSA
0703002-0918-15-42-gnss_raw.txt,420.600,2436,459873.800,GPS标准时间,FINESTEERING,SOL_COMPUTED,SINGLE,18,14,14,14,BESTGNSSPOSA
0703002-0918-15-42-gnss_raw.txt,420.700,2436,459873.900,GPS标准时间,FINESTEERING,SOL_COMPUTED,SINGLE,18,14,14,14,BESTGNSSPOSA
0703002-0918-15-42-gnss_raw.txt,420.800,2436,459874.000,GPS标准时间,FINESTEERING,SOL_COMPUTED,SINGLE,18,15,15,15,BESTGNSSPOSA
0703002-0918-15-42-gnss_raw.txt,420.900,2436,459874.100,GPS标准时间,FINESTEERING,SOL_COMPUTED,SINGLE,18,15,15,15,BESTGNSSPOSA
0703002-0918-15-42-gnss_raw.txt,421.000,2436,459874.200,GPS标准时间,FINESTEERING,SOL_COMPUTED,SINGLE,18,15,15,15,BESTGNSSPOSA
0703002-0918-15-42-gnss_raw.txt,421.100,2436,459874.300,GPS标准时间,FINESTEERING,SOL_COMPUTED,SINGLE,18,14,14,14,BESTGNSSPOSA
0703002-0918-15-42-gnss_raw.txt,421.200,2436,459874.400,GPS标准时间,FINESTEERING,SOL_COMPUTED,SINGLE,18,14,14,14,BESTGNSSPOSA
0703002-0918-15-42-gnss_raw.txt,421.300,2436,459874.500,GPS标准时间,FINESTEERING,SOL_COMPUTED,SINGLE,18,11,11,11,BESTGNSSPOSA
0703002-0918-15-42-gnss_raw.txt,421.400,2436,459874.600,GPS标准时间,FINESTEERING,SOL_COMPUTED,SINGLE,18,11,11,11,BESTGNSSPOSA
0703002-0918-15-42-gnss_raw.txt,421.500,2436,459874.700,GPS标准时间,FINESTEERING,SOL_COMPUTED,SINGLE,18,11,11,11,BESTGNSSPOSA
0703002-0918-15-42-gnss_raw.txt,421.600,2436,459874.800,GPS标准时间,FINESTEERING,SOL_COMPUTED,SINGLE,18,11,11,11,BESTGNSSPOSA
0703002-0918-15-42-gnss_raw.txt,421.700,2436,459874.900,GPS标准时间,FINESTEERING,SOL_COMPUTED,SINGLE,18,11,11,11,BESTGNSSPOSA
0703002-0918-15-42-gnss_raw.txt,421.800,2436,459875.000,GPS标准时间,FINESTEERING,SOL_COMPUTED,SINGLE,18,11,11,11,BESTGNSSPOSA
0703002-0918-15-42-gnss_raw.txt,421.900,2436,459875.100,GPS标准时间,FINESTEERING,SOL_COMPUTED,SINGLE,18,11,11,11,BESTGNSSPOSA
0703002-0918-15-42-gnss_raw.txt,422.000,2436,459875.200,GPS标准时间,FINESTEERING,SOL_COMPUTED,SINGLE,18,11,11,11,BESTGNSSPOSA
0703002-0918-15-42-gnss_raw.txt,422.100,2436,459875.300,GPS标准时间,FINESTEERING,SOL_COMPUTED,SINGLE,18,11,11,11,BESTGNSSPOSA
0703002-0918-15-42-gnss_raw.txt,422.200,2436,459875.400,GPS标准时间,FINESTEERING,SOL_COMPUTED,SINGLE,18,11,11,11,BESTGNSSPOSA
0703002-0918-15-42-gnss_raw.txt,422.300,2436,459875.500,GPS标准时间,FINESTEERING,SOL_COMPUTED,SINGLE,18,11,11,11,BESTGNSSPOSA
0703002-0918-15-42-gnss_raw.txt,422.400,2436,459875.600,GPS标准时间,FINESTEERING,SOL_COMPUTED,SINGLE,18,11,11,11,BESTGNSSPOSA
0703002-0918-15-42-gnss_raw.txt,422.500,2436,459875.700,GPS标准时间,FINESTEERING,SOL_COMPUTED,SINGLE,18,11,11,11,BESTGNSSPOSA
0703002-0918-15-42-gnss_raw.txt,422.600,2436,459875.800,GPS标准时间,FINESTEERING,SOL_COMPUTED,SINGLE,18,11,11,11,BESTGNSSPOSA
0703002-0918-15-42-gnss_raw.txt,422.700,2436,459875.900,GPS标准时间,FINESTEERING,SOL_COMPUTED,SINGLE,18,11,11,11,BESTGNSSPOSA
0703002-0918-15-42-gnss_raw.txt,422.800,2436,459876.000,GPS标准时间,FINESTEERING,SOL_COMPUTED,SINGLE,18,10,10,10,BESTGNSSPOSA
0703002-0918-15-42-gnss_raw.txt,422.900,2436,459876.100,GPS标准时间,FINESTEERING,SOL_COMPUTED,SINGLE,18,11,11,11,BESTGNSSPOSA
0703002-0918-15-42-gnss_raw.txt,423.000,2436,459876.200,GPS标准时间,FINESTEERING,SOL_COMPUTED,SINGLE,18,11,11,11,BESTGNSSPOSA
0703002-0918-15-42-gnss_raw.txt,423.100,2436,459876.300,GPS标准时间,FINESTEERING,SOL_COMPUTED,SINGLE,18,11,11,11,BESTGNSSPOSA
0703002-0918-15-42-gnss_raw.txt,423.200,2436,459876.400,GPS标准时间,FINESTEERING,SOL_COMPUTED,SINGLE,18,11,11,11,BESTGNSSPOSA
0703002-0918-15-42-gnss_raw.txt,423.300,2436,459876.500,GPS标准时间,FINESTEERING,SOL_COMPUTED,SINGLE,19,11,11,11,BESTGNSSPOSA
0703002-0918-15-42-gnss_raw.txt,423.400,2436,459876.600,GPS标准时间,FINESTEERING,SOL_COMPUTED,SINGLE,19,11,11,11,BESTGNSSPOSA
0703002-0918-15-42-gnss_raw.txt,423.500,2436,459876.700,GPS标准时间,FINESTEERING,SOL_COMPUTED,SINGLE,18,10,10,10,BESTGNSSPOSA
0703002-0918-15-42-gnss_raw.txt,423.600,2436,459876.800,GPS标准时间,FINESTEERING,SOL_COMPUTED,SINGLE,18,10,10,10,BESTGNSSPOSA
0703002-0918-15-42-gnss_raw.txt,423.700,2436,459876.900,GPS标准时间,FINESTEERING,SOL_COMPUTED,SINGLE,18,11,11,11,BESTGNSSPOSA
0703002-0918-15-42-gnss_raw.txt,423.800,2436,459877.000,GPS标准时间,FINESTEERING,SOL_COMPUTED,SINGLE,18,11,11,11,BESTGNSSPOSA
0703002-0918-15-42-gnss_raw.txt,423.900,2436,459877.100,GPS标准时间,FINESTEERING,SOL_COMPUTED,SINGLE,18,11,11,11,BESTGNSSPOSA
0703002-0918-15-42-gnss_raw.txt,424.000,2436,459877.200,GPS标准时间,FINESTEERING,SOL_COMPUTED,SINGLE,18,11,11,11,BESTGNSSPOSA
0703002-0918-15-42-gnss_raw.txt,424.100,2436,459877.300,GPS标准时间,FINESTEERING,SOL_COMPUTED,SINGLE,18,11,11,11,BESTGNSSPOSA
0703002-0918-15-42-gnss_raw.txt,424.200,2436,459877.400,GPS标准时间,FINESTEERING,SOL_COMPUTED,SINGLE,18,11,11,11,BESTGNSSPOSA
0703002-0918-15-42-gnss_raw.txt,424.300,2436,459877.500,GPS标准时间,FINESTEERING,SOL_COMPUTED,SINGLE,18,11,11,11,BESTGNSSPOSA
0703002-0918-15-42-gnss_raw.txt,424.400,2436,459877.600,GPS标准时间,FINESTEERING,SOL_COMPUTED,SINGLE,18,11,11,11,BESTGNSSPOSA
0703002-0918-15-42-gnss_raw.txt,424.500,2436,459877.700,GPS标准时间,FINESTEERING,SOL_COMPUTED,SINGLE,19,11,11,11,BESTGNSSPOSA
0703002-0918-15-42-gnss_raw.txt,424.600,2436,459877.800,GPS标准时间,FINESTEERING,SOL_COMPUTED,SINGLE,19,11,11,11,BESTGNSSPOSA
0703002-0918-15-42-gnss_raw.txt,424.700,2436,459877.900,GPS标准时间,FINESTEERING,SOL_COMPUTED,SINGLE,19,11,11,11,BESTGNSSPOSA
0703002-0918-15-42-gnss_raw.txt,424.800,2436,459878.000,GPS标准时间,FINESTEERING,SOL_COMPUTED,SINGLE,19,10,10,10,BESTGNSSPOSA
0703002-0918-15-42-gnss_raw.txt,424.900,2436,459878.100,GPS标准时间,FINESTEERING,SOL_COMPUTED,SINGLE,19,11,11,11,BESTGNSSPOSA
0703002-0918-15-42-gnss_raw.txt,425.000,2436,459878.200,GPS标准时间,FINESTEERING,SOL_COMPUTED,SINGLE,19,11,11,11,BESTGNSSPOSA
0703002-0918-15-42-gnss_raw.txt,425.100,2436,459878.300,GPS标准时间,FINESTEERING,SOL_COMPUTED,SINGLE,19,11,11,11,BESTGNSSPOSA
0703002-0918-15-42-gnss_raw.txt,425.200,2436,459878.400,GPS标准时间,FINESTEERING,SOL_COMPUTED,SINGLE,19,12,12,12,BESTGNSSPOSA
0703002-0918-15-42-gnss_raw.txt,425.300,2436,459878.500,GPS标准时间,FINESTEERING,SOL_COMPUTED,SINGLE,19,12,12,12,BESTGNSSPOSA
0703002-0918-15-42-gnss_raw.txt,425.400,2436,459878.600,GPS标准时间,FINESTEERING,SOL_COMPUTED,SINGLE,19,12,12,12,BESTGNSSPOSA
0703002-0918-15-42-gnss_raw.txt,425.500,2436,459878.700,GPS标准时间,FINESTEERING,SOL_COMPUTED,SINGLE,19,11,11,11,BESTGNSSPOSA
0703002-0918-15-42-gnss_raw.txt,425.600,2436,459878.800,GPS标准时间,FINESTEERING,SOL_COMPUTED,SINGLE,19,11,11,11,BESTGNSSPOSA
0703002-0918-15-42-gnss_raw.txt,425.700,2436,459878.900,GPS标准时间,FINESTEERING,SOL_COMPUTED,SINGLE,19,11,11,11,BESTGNSSPOSA
0703002-0918-15-42-gnss_raw.txt,425.800,2436,459879.000,GPS标准时间,FINESTEERING,SOL_COMPUTED,SINGLE,19,11,11,11,BESTGNSSPOSA
0703002-0918-15-42-gnss_raw.txt,425.900,2436,459879.100,GPS标准时间,FINESTEERING,SOL_COMPUTED,SINGLE,19,11,11,11,BESTGNSSPOSA
0703002-0918-15-42-gnss_raw.txt,426.000,2436,459879.200,GPS标准时间,FINESTEERING,SOL_COMPUTED,SINGLE,19,12,12,12,BESTGNSSPOSA
0703002-0918-15-42-gnss_raw.txt,426.100,2436,459879.300,GPS标准时间,FINESTEERING,SOL_COMPUTED,SINGLE,19,11,11,11,BESTGNSSPOSA
0703002-0918-15-42-gnss_raw.txt,426.200,2436,459879.400,GPS标准时间,FINESTEERING,SOL_COMPUTED,SINGLE,19,11,11,11,BESTGNSSPOSA
0703002-0918-15-42-gnss_raw.txt,426.300,2436,459879.500,GPS标准时间,FINESTEERING,SOL_COMPUTED,SINGLE,19,15,15,15,BESTGNSSPOSA
0703002-0918-15-42-gnss_raw.txt,426.400,2436,459879.600,GPS标准时间,FINESTEERING,SOL_COMPUTED,SINGLE,19,11,11,11,BESTGNSSPOSA
0703002-0918-15-42-gnss_raw.txt,426.500,2436,459879.700,GPS标准时间,FINESTEERING,SOL_COMPUTED,SINGLE,19,11,11,11,BESTGNSSPOSA
0703002-0918-15-42-gnss_raw.txt,426.600,2436,459879.800,GPS标准时间,FINESTEERING,SOL_COMPUTED,SINGLE,19,11,11,11,BESTGNSSPOSA
0703002-0918-15-42-gnss_raw.txt,426.700,2436,459879.900,GPS标准时间,FINESTEERING,SOL_COMPUTED,SINGLE,19,11,11,11,BESTGNSSPOSA
0703002-0918-15-42-gnss_raw.txt,426.800,2436,459880.000,GPS标准时间,FINESTEERING,SOL_COMPUTED,SINGLE,19,11,11,11,BESTGNSSPOSA
0703002-0918-15-42-gnss_raw.txt,426.900,2436,459880.100,GPS标准时间,FINESTEERING,SOL_COMPUTED,SINGLE,19,16,16,16,BESTGNSSPOSA
0703002-0918-15-42-gnss_raw.txt,427.000,2436,459880.200,GPS标准时间,FINESTEERING,SOL_COMPUTED,SINGLE,19,14,14,14,BESTGNSSPOSA
0703002-0918-15-42-gnss_raw.txt,427.100,2436,459880.300,GPS标准时间,FINESTEERING,SOL_COMPUTED,SINGLE,19,15,15,15,BESTGNSSPOSA
0703002-0918-15-42-gnss_raw.txt,427.200,2436,459880.400,GPS标准时间,FINESTEERING,SOL_COMPUTED,SINGLE,19,16,16,16,BESTGNSSPOSA
0703002-0918-15-42-gnss_raw.txt,427.300,2436,459880.500,GPS标准时间,FINESTEERING,SOL_COMPUTED,SINGLE,19,15,15,15,BESTGNSSPOSA
0703002-0918-15-42-gnss_raw.txt,427.400,2436,459880.600,GPS标准时间,FINESTEERING,SOL_COMPUTED,SINGLE,19,15,15,15,BESTGNSSPOSA
0703002-0918-15-42-gnss_raw.txt,427.500,2436,459880.700,GPS标准时间,FINESTEERING,SOL_COMPUTED,SINGLE,19,15,15,15,BESTGNSSPOSA
0703002-0918-15-42-gnss_raw.txt,427.600,2436,459880.800,GPS标准时间,FINESTEERING,SOL_COMPUTED,SINGLE,19,16,16,16,BESTGNSSPOSA
0703002-0918-15-42-gnss_raw.txt,427.700,2436,459880.900,GPS标准时间,FINESTEERING,SOL_COMPUTED,SINGLE,19,14,14,14,BESTGNSSPOSA
0703002-0918-15-42-gnss_raw.txt,427.800,2436,459881.000,GPS标准时间,FINESTEERING,SOL_COMPUTED,SINGLE,19,16,16,16,BESTGNSSPOSA
0703002-0918-15-42-gnss_raw.txt,427.900,2436,459881.100,GPS标准时间,FINESTEERING,SOL_COMPUTED,SINGLE,19,11,11,11,BESTGNSSPOSA
0703002-0918-15-42-gnss_raw.txt,428.000,2436,459881.200,GPS标准时间,FINESTEERING,SOL_COMPUTED,SINGLE,19,11,11,11,BESTGNSSPOSA
0703002-0918-15-42-gnss_raw.txt,428.100,2436,459881.300,GPS标准时间,FINESTEERING,SOL_COMPUTED,SINGLE,19,11,11,11,BESTGNSSPOSA
0703002-0918-15-42-gnss_raw.txt,428.200,2436,459881.400,GPS标准时间,FINESTEERING,SOL_COMPUTED,SINGLE,19,11,11,11,BESTGNSSPOSA
0703002-0918-15-42-gnss_raw.txt,428.300,2436,459881.500,GPS标准时间,FINESTEERING,SOL_COMPUTED,SINGLE,19,11,11,11,BESTGNSSPOSA
0703002-0918-15-42-gnss_raw.txt,428.400,2436,459881.600,GPS标准时间,FINESTEERING,SOL_COMPUTED,SINGLE,19,11,11,11,BESTGNSSPOSA
0703002-0918-15-42-gnss_raw.txt,428.500,2436,459881.700,GPS标准时间,FINESTEERING,SOL_COMPUTED,SINGLE,19,11,11,11,BESTGNSSPOSA
0703002-0918-15-42-gnss_raw.txt,428.600,2436,459881.800,GPS标准时间,FINESTEERING,SOL_COMPUTED,SINGLE,19,11,11,11,BESTGNSSPOSA
0703002-0918-15-42-gnss_raw.txt,428.700,2436,459881.900,GPS标准时间,FINESTEERING,SOL_COMPUTED,SINGLE,19,16,16,16,BESTGNSSPOSA
0703002-0918-15-42-gnss_raw.txt,428.800,2436,459882.000,GPS标准时间,FINESTEERING,SOL_COMPUTED,SINGLE,19,16,16,16,BESTGNSSPOSA
0703002-0918-15-42-gnss_raw.txt,428.900,2436,459882.100,GPS标准时间,FINESTEERING,SOL_COMPUTED,SINGLE,19,16,16,16,BESTGNSSPOSA
0703002-0918-15-42-gnss_raw.txt,429.000,2436,459882.200,GPS标准时间,FINESTEERING,SOL_COMPUTED,SINGLE,19,15,15,15,BESTGNSSPOSA
0703002-0918-15-42-gnss_raw.txt,429.100,2436,459882.300,GPS标准时间,FINESTEERING,SOL_COMPUTED,SINGLE,19,16,16,16,BESTGNSSPOSA
0703002-0918-15-42-gnss_raw.txt,429.200,2436,459882.400,GPS标准时间,FINESTEERING,SOL_COMPUTED,SINGLE,19,15,15,15,BESTGNSSPOSA
0703002-0918-15-42-gnss_raw.txt,429.300,2436,459882.500,GPS标准时间,FINESTEERING,SOL_COMPUTED,SINGLE,19,14,14,14,BESTGNSSPOSA
0703002-0918-15-42-gnss_raw.txt,429.400,2436,459882.600,GPS标准时间,FINESTEERING,SOL_COMPUTED,SINGLE,19,16,16,16,BESTGNSSPOSA
0703002-0918-15-42-gnss_raw.txt,429.500,2436,459882.700,GPS标准时间,FINESTEERING,SOL_COMPUTED,SINGLE,19,15,15,15,BESTGNSSPOSA
0703002-0918-15-42-gnss_raw.txt,429.600,2436,459882.800,GPS标准时间,FINESTEERING,SOL_COMPUTED,SINGLE,19,15,15,15,BESTGNSSPOSA
0703002-0918-15-42-gnss_raw.txt,429.700,2436,459882.900,GPS标准时间,FINESTEERING,SOL_COMPUTED,SINGLE,19,15,15,15,BESTGNSSPOSA
0703002-0918-15-42-gnss_raw.txt,429.800,2436,459883.000,GPS标准时间,FINESTEERING,SOL_COMPUTED,SINGLE,19,15,15,15,BESTGNSSPOSA
0703002-0918-15-42-gnss_raw.txt,429.900,2436,459883.100,GPS标准时间,FINESTEERING,SOL_COMPUTED,SINGLE,19,15,15,15,BESTGNSSPOSA
0703002-0918-15-42-gnss_raw.txt,430.000,2436,459883.200,GPS标准时间,FINESTEERING,SOL_COMPUTED,SINGLE,19,15,15,15,BESTGNSSPOSA
0703002-0918-15-42-gnss_raw.txt,430.100,2436,459883.300,GPS标准时间,FINESTEERING,SOL_COMPUTED,SINGLE,19,15,15,15,BESTGNSSPOSA
0703002-0918-15-42-gnss_raw.txt,430.200,2436,459883.400,GPS标准时间,FINESTEERING,SOL_COMPUTED,SINGLE,19,16,16,16,BESTGNSSPOSA
0703002-0918-15-42-gnss_raw.txt,430.300,2436,459883.500,GPS标准时间,FINESTEERING,SOL_COMPUTED,SINGLE,19,15,15,15,BESTGNSSPOSA
0703002-0918-15-42-gnss_raw.txt,430.400,2436,459883.600,GPS标准时间,FINESTEERING,SOL_COMPUTED,SINGLE,19,14,14,14,BESTGNSSPOSA
0703002-0918-15-42-gnss_raw.txt,430.500,2436,459883.700,GPS标准时间,FINESTEERING,SOL_COMPUTED,SINGLE,19,15,15,15,BESTGNSSPOSA
0703002-0918-15-42-gnss_raw.txt,430.600,2436,459883.800,GPS标准时间,FINESTEERING,SOL_COMPUTED,SINGLE,19,17,17,17,BESTGNSSPOSA
0703002-0918-15-42-gnss_raw.txt,430.700,2436,459883.900,GPS标准时间,FINESTEERING,SOL_COMPUTED,SINGLE,19,16,16,16,BESTGNSSPOSA
0703002-0918-15-42-gnss_raw.txt,430.800,2436,459884.000,GPS标准时间,FINESTEERING,SOL_COMPUTED,SINGLE,19,15,15,15,BESTGNSSPOSA
0703002-0918-15-42-gnss_raw.txt,430.900,2436,459884.100,GPS标准时间,FINESTEERING,SOL_COMPUTED,SINGLE,19,16,16,16,BESTGNSSPOSA
0703002-0918-15-42-gnss_raw.txt,431.000,2436,459884.200,GPS标准时间,FINESTEERING,SOL_COMPUTED,SINGLE,19,17,17,17,BESTGNSSPOSA
0703002-0918-15-42-gnss_raw.txt,431.100,2436,459884.300,GPS标准时间,FINESTEERING,SOL_COMPUTED,SINGLE,19,16,16,16,BESTGNSSPOSA
0703002-0918-15-42-gnss_raw.txt,431.200,2436,459884.400,GPS标准时间,FINESTEERING,SOL_COMPUTED,SINGLE,19,16,16,16,BESTGNSSPOSA
0703002-0918-15-42-gnss_raw.txt,431.300,2436,459884.500,GPS标准时间,FINESTEERING,SOL_COMPUTED,SINGLE,19,16,16,16,BESTGNSSPOSA
0703002-0918-15-42-gnss_raw.txt,431.400,2436,459884.600,GPS标准时间,FINESTEERING,SOL_COMPUTED,SINGLE,19,15,15,15,BESTGNSSPOSA
0703002-0918-15-42-gnss_raw.txt,431.500,2436,459884.700,GPS标准时间,FINESTEERING,SOL_COMPUTED,SINGLE,19,14,14,14,BESTGNSSPOSA
0703002-0918-15-42-gnss_raw.txt,431.600,2436,459884.800,GPS标准时间,FINESTEERING,SOL_COMPUTED,SINGLE,19,15,15,15,BESTGNSSPOSA
0703002-0918-15-42-gnss_raw.txt,431.700,2436,459884.900,GPS标准时间,FINESTEERING,SOL_COMPUTED,SINGLE,19,16,16,16,BESTGNSSPOSA
0703002-0918-15-42-gnss_raw.txt,431.800,2436,459885.000,GPS标准时间,FINESTEERING,SOL_COMPUTED,SINGLE,19,15,15,15,BESTGNSSPOSA
0703002-0918-15-42-gnss_raw.txt,431.900,2436,459885.100,GPS标准时间,FINESTEERING,SOL_COMPUTED,SINGLE,19,15,15,15,BESTGNSSPOSA
0703002-0918-15-42-gnss_raw.txt,432.000,2436,459885.200,GPS标准时间,FINESTEERING,SOL_COMPUTED,SINGLE,19,16,16,16,BESTGNSSPOSA
0703002-0918-15-42-gnss_raw.txt,432.100,2436,459885.300,GPS标准时间,FINESTEERING,SOL_COMPUTED,SINGLE,19,16,16,16,BESTGNSSPOSA
0703002-0918-15-42-gnss_raw.txt,432.200,2436,459885.400,GPS标准时间,FINESTEERING,SOL_COMPUTED,SINGLE,19,15,15,15,BESTGNSSPOSA
0703002-0918-15-42-gnss_raw.txt,432.300,2436,459885.500,GPS标准时间,FINESTEERING,SOL_COMPUTED,SINGLE,19,15,15,15,BESTGNSSPOSA
0703002-0918-15-42-gnss_raw.txt,432.400,2436,459885.600,GPS标准时间,FINESTEERING,SOL_COMPUTED,SINGLE,19,15,15,15,BESTGNSSPOSA
0703002-0918-15-42-gnss_raw.txt,432.500,2436,459885.700,GPS标准时间,FINESTEERING,SOL_COMPUTED,SINGLE,19,15,15,15,BESTGNSSPOSA
0703002-0918-15-42-gnss_raw.txt,432.600,2436,459885.800,GPS标准时间,FINESTEERING,SOL_COMPUTED,SINGLE,19,15,15,15,BESTGNSSPOSA
0703002-0918-15-42-gnss_raw.txt,432.700,2436,459885.900,GPS标准时间,FINESTEERING,SOL_COMPUTED,SINGLE,18,14,14,14,BESTGNSSPOSA
0703002-0918-15-42-gnss_raw.txt,432.800,2436,459886.000,GPS标准时间,FINESTEERING,SOL_COMPUTED,SINGLE,18,14,14,14,BESTGNSSPOSA
0703002-0918-15-42-gnss_raw.txt,432.900,2436,459886.100,GPS标准时间,FINESTEERING,SOL_COMPUTED,SINGLE,18,14,14,14,BESTGNSSPOSA
0703002-0918-15-42-gnss_raw.txt,433.000,2436,459886.200,GPS标准时间,FINESTEERING,SOL_COMPUTED,SINGLE,18,13,13,13,BESTGNSSPOSA
0703002-0918-15-42-gnss_raw.txt,433.100,2436,459886.300,GPS标准时间,FINESTEERING,SOL_COMPUTED,SINGLE,18,14,14,14,BESTGNSSPOSA
0703002-0918-15-42-gnss_raw.txt,433.200,2436,459886.400,GPS标准时间,FINESTEERING,SOL_COMPUTED,SINGLE,18,14,14,14,BESTGNSSPOSA
0703002-0918-15-42-gnss_raw.txt,433.300,2436,459886.500,GPS标准时间,FINESTEERING,SOL_COMPUTED,SINGLE,18,14,14,14,BESTGNSSPOSA
0703002-0918-15-42-gnss_raw.txt,433.400,2436,459886.600,GPS标准时间,FINESTEERING,SOL_COMPUTED,SINGLE,18,14,14,14,BESTGNSSPOSA
0703002-0918-15-42-gnss_raw.txt,433.500,2436,459886.700,GPS标准时间,FINESTEERING,SOL_COMPUTED,SINGLE,18,13,13,13,BESTGNSSPOSA
0703002-0918-15-42-gnss_raw.txt,433.600,2436,459886.800,GPS标准时间,FINESTEERING,SOL_COMPUTED,SINGLE,18,14,14,14,BESTGNSSPOSA
0703002-0918-15-42-gnss_raw.txt,433.700,2436,459886.900,GPS标准时间,FINESTEERING,SOL_COMPUTED,SINGLE,18,15,15,15,BESTGNSSPOSA
0703002-0918-15-42-gnss_raw.txt,433.800,2436,459887.000,GPS标准时间,FINESTEERING,SOL_COMPUTED,SINGLE,19,14,14,14,BESTGNSSPOSA
0703002-0918-15-42-gnss_raw.txt,433.900,2436,459887.100,GPS标准时间,FINESTEERING,SOL_COMPUTED,SINGLE,19,14,14,14,BESTGNSSPOSA
0703002-0918-15-42-gnss_raw.txt,434.000,2436,459887.200,GPS标准时间,FINESTEERING,SOL_COMPUTED,SINGLE,19,13,13,13,BESTGNSSPOSA
0703002-0918-15-42-gnss_raw.txt,434.100,2436,459887.300,GPS标准时间,FINESTEERING,SOL_COMPUTED,SINGLE,19,14,14,14,BESTGNSSPOSA
0703002-0918-15-42-gnss_raw.txt,434.200,2436,459887.400,GPS标准时间,FINESTEERING,SOL_COMPUTED,SINGLE,19,14,14,14,BESTGNSSPOSA
0703002-0918-15-42-gnss_raw.txt,434.300,2436,459887.500,GPS标准时间,FINESTEERING,SOL_COMPUTED,SINGLE,19,15,15,15,BESTGNSSPOSA
0703002-0918-15-42-gnss_raw.txt,434.400,2436,459887.600,GPS标准时间,FINESTEERING,SOL_COMPUTED,SINGLE,19,13,13,13,BESTGNSSPOSA
0703002-0918-15-42-gnss_raw.txt,434.500,2436,459887.700,GPS标准时间,FINESTEERING,SOL_COMPUTED,SINGLE,19,14,14,14,BESTGNSSPOSA
0703002-0918-15-42-gnss_raw.txt,434.600,2436,459887.800,GPS标准时间,FINESTEERING,SOL_COMPUTED,SINGLE,19,11,11,11,BESTGNSSPOSA
0703002-0918-15-42-gnss_raw.txt,434.700,2436,459887.900,GPS标准时间,FINESTEERING,SOL_COMPUTED,SINGLE,19,11,11,11,BESTGNSSPOSA
0703002-0918-15-42-gnss_raw.txt,434.800,2436,459888.000,GPS标准时间,FINESTEERING,SOL_COMPUTED,SINGLE,19,14,14,14,BESTGNSSPOSA
0703002-0918-15-42-gnss_raw.txt,434.900,2436,459888.100,GPS标准时间,FINESTEERING,SOL_COMPUTED,SINGLE,19,13,13,13,BESTGNSSPOSA
0703002-0918-15-42-gnss_raw.txt,435.000,2436,459888.200,GPS标准时间,FINESTEERING,SOL_COMPUTED,SINGLE,19,14,14,14,BESTGNSSPOSA
0703002-0918-15-42-gnss_raw.txt,435.100,2436,459888.300,GPS标准时间,FINESTEERING,SOL_COMPUTED,SINGLE,19,14,14,14,BESTGNSSPOSA
0703002-0918-15-42-gnss_raw.txt,435.200,2436,459888.400,GPS标准时间,FINESTEERING,SOL_COMPUTED,SINGLE,19,14,14,14,BESTGNSSPOSA
0703002-0918-15-42-gnss_raw.txt,435.300,2436,459888.500,GPS标准时间,FINESTEERING,SOL_COMPUTED,SINGLE,19,14,14,14,BESTGNSSPOSA
0703002-0918-15-42-gnss_raw.txt,435.400,2436,459888.600,GPS标准时间,FINESTEERING,SOL_COMPUTED,SINGLE,19,14,14,14,BESTGNSSPOSA
0703002-0918-15-42-gnss_raw.txt,435.500,2436,459888.700,GPS标准时间,FINESTEERING,SOL_COMPUTED,SINGLE,19,14,14,14,BESTGNSSPOSA
0703002-0918-15-42-gnss_raw.txt,435.600,2436,459888.800,GPS标准时间,FINESTEERING,SOL_COMPUTED,SINGLE,19,14,14,14,BESTGNSSPOSA
0703002-0918-15-42-gnss_raw.txt,435.700,2436,459888.900,GPS标准时间,FINESTEERING,SOL_COMPUTED,SINGLE,19,14,14,14,BESTGNSSPOSA
0703002-0918-15-42-gnss_raw.txt,435.800,2436,459889.000,GPS标准时间,FINESTEERING,SOL_COMPUTED,SINGLE,19,14,14,14,BESTGNSSPOSA
0703002-0918-15-42-gnss_raw.txt,435.900,2436,459889.100,GPS标准时间,FINESTEERING,SOL_COMPUTED,SINGLE,19,15,15,15,BESTGNSSPOSA
